,background,Supportedrearing,Unsupportedrearing,Grooming,Digging
0,1,0,0,0,0
1,1,0,0,0,0
2,1,0,0,0,0
3,1,0,0,0,0
4,1,0,0,0,0
5,1,0,0,0,0
6,1,0,0,0,0
7,1,0,0,0,0
8,1,0,0,0,0
9,1,0,0,0,0
10,1,0,0,0,0
11,1,0,0,0,0
12,1,0,0,0,0
13,1,0,0,0,0
14,1,0,0,0,0
15,1,0,0,0,0
16,1,0,0,0,0
17,1,0,0,0,0
18,1,0,0,0,0
19,1,0,0,0,0
20,1,0,0,0,0
21,1,0,0,0,0
22,1,0,0,0,0
23,1,0,0,0,0
24,1,0,0,0,0
25,1,0,0,0,0
26,1,0,0,0,0
27,1,0,0,0,0
28,1,0,0,0,0
29,1,0,0,0,0
30,1,0,0,0,0
31,1,0,0,0,0
32,1,0,0,0,0
33,1,0,0,0,0
34,1,0,0,0,0
35,1,0,0,0,0
36,1,0,0,0,0
37,1,0,0,0,0
38,1,0,0,0,0
39,1,0,0,0,0
40,1,0,0,0,0
41,1,0,0,0,0
42,1,0,0,0,0
43,1,0,0,0,0
44,1,0,0,0,0
45,1,0,0,0,0
46,1,0,0,0,0
47,1,0,0,0,0
48,1,0,0,0,0
49,1,0,0,0,0
50,1,0,0,0,0
51,1,0,0,0,0
52,1,0,0,0,0
53,1,0,0,0,0
54,1,0,0,0,0
55,1,0,0,0,0
56,1,0,0,0,0
57,1,0,0,0,0
58,1,0,0,0,0
59,1,0,0,0,0
60,1,0,0,0,0
61,1,0,0,0,0
62,1,0,0,0,0
63,1,0,0,0,0
64,1,0,0,0,0
65,1,0,0,0,0
66,1,0,0,0,0
67,1,0,0,0,0
68,1,0,0,0,0
69,1,0,0,0,0
70,1,0,0,0,0
71,1,0,0,0,0
72,1,0,0,0,0
73,1,0,0,0,0
74,1,0,0,0,0
75,1,0,0,0,0
76,1,0,0,0,0
77,1,0,0,0,0
78,1,0,0,0,0
79,1,0,0,0,0
80,1,0,0,0,0
81,1,0,0,0,0
82,1,0,0,0,0
83,1,0,0,0,0
84,1,0,0,0,0
85,1,0,0,0,0
86,1,0,0,0,0
87,1,0,0,0,0
88,1,0,0,0,0
89,1,0,0,0,0
90,1,0,0,0,0
91,1,0,0,0,0
92,1,0,0,0,0
93,1,0,0,0,0
94,1,0,0,0,0
95,1,0,0,0,0
96,1,0,0,0,0
97,1,0,0,0,0
98,1,0,0,0,0
99,1,0,0,0,0
100,1,0,0,0,0
101,1,0,0,0,0
102,1,0,0,0,0
103,1,0,0,0,0
104,1,0,0,0,0
105,1,0,0,0,0
106,1,0,0,0,0
107,1,0,0,0,0
108,1,0,0,0,0
109,1,0,0,0,0
110,1,0,0,0,0
111,1,0,0,0,0
112,1,0,0,0,0
113,1,0,0,0,0
114,1,0,0,0,0
115,1,0,0,0,0
116,1,0,0,0,0
117,1,0,0,0,0
118,1,0,0,0,0
119,1,0,0,0,0
120,1,0,0,0,0
121,1,0,0,0,0
122,1,0,0,0,0
123,1,0,0,0,0
124,1,0,0,0,0
125,1,0,0,0,0
126,1,0,0,0,0
127,1,0,0,0,0
128,1,0,0,0,0
129,1,0,0,0,0
130,1,0,0,0,0
131,1,0,0,0,0
132,1,0,0,0,0
133,1,0,0,0,0
134,1,0,0,0,0
135,1,0,0,0,0
136,1,0,0,0,0
137,1,0,0,0,0
138,1,0,0,0,0
139,1,0,0,0,0
140,1,0,0,0,0
141,1,0,0,0,0
142,1,0,0,0,0
143,1,0,0,0,0
144,1,0,0,0,0
145,1,0,0,0,0
146,1,0,0,0,0
147,1,0,0,0,0
148,1,0,0,0,0
149,1,0,0,0,0
150,1,0,0,0,0
151,1,0,0,0,0
152,1,0,0,0,0
153,1,0,0,0,0
154,1,0,0,0,0
155,1,0,0,0,0
156,1,0,0,0,0
157,1,0,0,0,0
158,1,0,0,0,0
159,1,0,0,0,0
160,1,0,0,0,0
161,1,0,0,0,0
162,1,0,0,0,0
163,1,0,0,0,0
164,1,0,0,0,0
165,1,0,0,0,0
166,1,0,0,0,0
167,1,0,0,0,0
168,1,0,0,0,0
169,1,0,0,0,0
170,1,0,0,0,0
171,1,0,0,0,0
172,1,0,0,0,0
173,1,0,0,0,0
174,1,0,0,0,0
175,1,0,0,0,0
176,1,0,0,0,0
177,1,0,0,0,0
178,1,0,0,0,0
179,1,0,0,0,0
180,1,0,0,0,0
181,1,0,0,0,0
182,1,0,0,0,0
183,1,0,0,0,0
184,1,0,0,0,0
185,1,0,0,0,0
186,1,0,0,0,0
187,1,0,0,0,0
188,1,0,0,0,0
189,1,0,0,0,0
190,1,0,0,0,0
191,1,0,0,0,0
192,1,0,0,0,0
193,1,0,0,0,0
194,1,0,0,0,0
195,1,0,0,0,0
196,1,0,0,0,0
197,1,0,0,0,0
198,1,0,0,0,0
199,1,0,0,0,0
200,1,0,0,0,0
201,1,0,0,0,0
202,1,0,0,0,0
203,1,0,0,0,0
204,1,0,0,0,0
205,1,0,0,0,0
206,1,0,0,0,0
207,1,0,0,0,0
208,1,0,0,0,0
209,1,0,0,0,0
210,1,0,0,0,0
211,1,0,0,0,0
212,1,0,0,0,0
213,1,0,0,0,0
214,1,0,0,0,0
215,1,0,0,0,0
216,1,0,0,0,0
217,1,0,0,0,0
218,1,0,0,0,0
219,1,0,0,0,0
220,1,0,0,0,0
221,1,0,0,0,0
222,1,0,0,0,0
223,1,0,0,0,0
224,1,0,0,0,0
225,1,0,0,0,0
226,1,0,0,0,0
227,1,0,0,0,0
228,1,0,0,0,0
229,1,0,0,0,0
230,1,0,0,0,0
231,1,0,0,0,0
232,1,0,0,0,0
233,1,0,0,0,0
234,1,0,0,0,0
235,1,0,0,0,0
236,1,0,0,0,0
237,1,0,0,0,0
238,1,0,0,0,0
239,1,0,0,0,0
240,1,0,0,0,0
241,1,0,0,0,0
242,1,0,0,0,0
243,1,0,0,0,0
244,1,0,0,0,0
245,1,0,0,0,0
246,1,0,0,0,0
247,1,0,0,0,0
248,1,0,0,0,0
249,1,0,0,0,0
250,1,0,0,0,0
251,1,0,0,0,0
252,1,0,0,0,0
253,1,0,0,0,0
254,1,0,0,0,0
255,1,0,0,0,0
256,1,0,0,0,0
257,1,0,0,0,0
258,1,0,0,0,0
259,1,0,0,0,0
260,1,0,0,0,0
261,1,0,0,0,0
262,1,0,0,0,0
263,1,0,0,0,0
264,1,0,0,0,0
265,1,0,0,0,0
266,1,0,0,0,0
267,1,0,0,0,0
268,1,0,0,0,0
269,1,0,0,0,0
270,1,0,0,0,0
271,1,0,0,0,0
272,1,0,0,0,0
273,1,0,0,0,0
274,1,0,0,0,0
275,1,0,0,0,0
276,1,0,0,0,0
277,1,0,0,0,0
278,1,0,0,0,0
279,1,0,0,0,0
280,1,0,0,0,0
281,1,0,0,0,0
282,1,0,0,0,0
283,1,0,0,0,0
284,1,0,0,0,0
285,1,0,0,0,0
286,1,0,0,0,0
287,1,0,0,0,0
288,1,0,0,0,0
289,1,0,0,0,0
290,1,0,0,0,0
291,1,0,0,0,0
292,1,0,0,0,0
293,1,0,0,0,0
294,1,0,0,0,0
295,1,0,0,0,0
296,1,0,0,0,0
297,1,0,0,0,0
298,1,0,0,0,0
299,1,0,0,0,0
300,1,0,0,0,0
301,1,0,0,0,0
302,1,0,0,0,0
303,1,0,0,0,0
304,1,0,0,0,0
305,1,0,0,0,0
306,1,0,0,0,0
307,1,0,0,0,0
308,1,0,0,0,0
309,1,0,0,0,0
310,1,0,0,0,0
311,1,0,0,0,0
312,1,0,0,0,0
313,1,0,0,0,0
314,1,0,0,0,0
315,1,0,0,0,0
316,1,0,0,0,0
317,1,0,0,0,0
318,1,0,0,0,0
319,1,0,0,0,0
320,1,0,0,0,0
321,1,0,0,0,0
322,1,0,0,0,0
323,1,0,0,0,0
324,1,0,0,0,0
325,1,0,0,0,0
326,1,0,0,0,0
327,1,0,0,0,0
328,1,0,0,0,0
329,1,0,0,0,0
330,1,0,0,0,0
331,1,0,0,0,0
332,1,0,0,0,0
333,1,0,0,0,0
334,1,0,0,0,0
335,1,0,0,0,0
336,1,0,0,0,0
337,1,0,0,0,0
338,1,0,0,0,0
339,1,0,0,0,0
340,1,0,0,0,0
341,1,0,0,0,0
342,1,0,0,0,0
343,1,0,0,0,0
344,1,0,0,0,0
345,1,0,0,0,0
346,1,0,0,0,0
347,1,0,0,0,0
348,1,0,0,0,0
349,1,0,0,0,0
350,1,0,0,0,0
351,1,0,0,0,0
352,1,0,0,0,0
353,1,0,0,0,0
354,1,0,0,0,0
355,1,0,0,0,0
356,1,0,0,0,0
357,1,0,0,0,0
358,1,0,0,0,0
359,1,0,0,0,0
360,1,0,0,0,0
361,1,0,0,0,0
362,1,0,0,0,0
363,1,0,0,0,0
364,1,0,0,0,0
365,1,0,0,0,0
366,1,0,0,0,0
367,1,0,0,0,0
368,1,0,0,0,0
369,1,0,0,0,0
370,1,0,0,0,0
371,1,0,0,0,0
372,1,0,0,0,0
373,1,0,0,0,0
374,1,0,0,0,0
375,1,0,0,0,0
376,1,0,0,0,0
377,1,0,0,0,0
378,1,0,0,0,0
379,1,0,0,0,0
380,1,0,0,0,0
381,1,0,0,0,0
382,1,0,0,0,0
383,1,0,0,0,0
384,1,0,0,0,0
385,1,0,0,0,0
386,1,0,0,0,0
387,1,0,0,0,0
388,1,0,0,0,0
389,1,0,0,0,0
390,1,0,0,0,0
391,1,0,0,0,0
392,1,0,0,0,0
393,1,0,0,0,0
394,1,0,0,0,0
395,1,0,0,0,0
396,1,0,0,0,0
397,1,0,0,0,0
398,1,0,0,0,0
399,1,0,0,0,0
400,1,0,0,0,0
401,1,0,0,0,0
402,1,0,0,0,0
403,1,0,0,0,0
404,1,0,0,0,0
405,1,0,0,0,0
406,1,0,0,0,0
407,1,0,0,0,0
408,1,0,0,0,0
409,1,0,0,0,0
410,1,0,0,0,0
411,1,0,0,0,0
412,1,0,0,0,0
413,1,0,0,0,0
414,1,0,0,0,0
415,1,0,0,0,0
416,1,0,0,0,0
417,1,0,0,0,0
418,1,0,0,0,0
419,1,0,0,0,0
420,1,0,0,0,0
421,1,0,0,0,0
422,1,0,0,0,0
423,1,0,0,0,0
424,1,0,0,0,0
425,1,0,0,0,0
426,1,0,0,0,0
427,1,0,0,0,0
428,1,0,0,0,0
429,1,0,0,0,0
430,1,0,0,0,0
431,1,0,0,0,0
432,1,0,0,0,0
433,1,0,0,0,0
434,1,0,0,0,0
435,1,0,0,0,0
436,1,0,0,0,0
437,1,0,0,0,0
438,1,0,0,0,0
439,1,0,0,0,0
440,1,0,0,0,0
441,1,0,0,0,0
442,1,0,0,0,0
443,1,0,0,0,0
444,1,0,0,0,0
445,1,0,0,0,0
446,1,0,0,0,0
447,1,0,0,0,0
448,1,0,0,0,0
449,1,0,0,0,0
450,1,0,0,0,0
451,1,0,0,0,0
452,1,0,0,0,0
453,1,0,0,0,0
454,1,0,0,0,0
455,1,0,0,0,0
456,1,0,0,0,0
457,1,0,0,0,0
458,1,0,0,0,0
459,1,0,0,0,0
460,1,0,0,0,0
461,1,0,0,0,0
462,1,0,0,0,0
463,1,0,0,0,0
464,1,0,0,0,0
465,1,0,0,0,0
466,1,0,0,0,0
467,1,0,0,0,0
468,1,0,0,0,0
469,1,0,0,0,0
470,1,0,0,0,0
471,1,0,0,0,0
472,1,0,0,0,0
473,1,0,0,0,0
474,1,0,0,0,0
475,1,0,0,0,0
476,1,0,0,0,0
477,1,0,0,0,0
478,1,0,0,0,0
479,1,0,0,0,0
480,1,0,0,0,0
481,1,0,0,0,0
482,1,0,0,0,0
483,1,0,0,0,0
484,1,0,0,0,0
485,1,0,0,0,0
486,1,0,0,0,0
487,1,0,0,0,0
488,1,0,0,0,0
489,1,0,0,0,0
490,1,0,0,0,0
491,1,0,0,0,0
492,1,0,0,0,0
493,1,0,0,0,0
494,1,0,0,0,0
495,1,0,0,0,0
496,1,0,0,0,0
497,1,0,0,0,0
498,1,0,0,0,0
499,1,0,0,0,0
500,1,0,0,0,0
501,1,0,0,0,0
502,1,0,0,0,0
503,1,0,0,0,0
504,1,0,0,0,0
505,1,0,0,0,0
506,1,0,0,0,0
507,1,0,0,0,0
508,1,0,0,0,0
509,1,0,0,0,0
510,1,0,0,0,0
511,1,0,0,0,0
512,1,0,0,0,0
513,1,0,0,0,0
514,1,0,0,0,0
515,1,0,0,0,0
516,1,0,0,0,0
517,1,0,0,0,0
518,1,0,0,0,0
519,1,0,0,0,0
520,1,0,0,0,0
521,1,0,0,0,0
522,1,0,0,0,0
523,1,0,0,0,0
524,1,0,0,0,0
525,1,0,0,0,0
526,1,0,0,0,0
527,1,0,0,0,0
528,1,0,0,0,0
529,1,0,0,0,0
530,1,0,0,0,0
531,1,0,0,0,0
532,1,0,0,0,0
533,1,0,0,0,0
534,1,0,0,0,0
535,1,0,0,0,0
536,1,0,0,0,0
537,1,0,0,0,0
538,1,0,0,0,0
539,1,0,0,0,0
540,1,0,0,0,0
541,1,0,0,0,0
542,1,0,0,0,0
543,1,0,0,0,0
544,1,0,0,0,0
545,1,0,0,0,0
546,1,0,0,0,0
547,1,0,0,0,0
548,1,0,0,0,0
549,1,0,0,0,0
550,1,0,0,0,0
551,1,0,0,0,0
552,1,0,0,0,0
553,1,0,0,0,0
554,1,0,0,0,0
555,1,0,0,0,0
556,1,0,0,0,0
557,1,0,0,0,0
558,1,0,0,0,0
559,1,0,0,0,0
560,1,0,0,0,0
561,1,0,0,0,0
562,1,0,0,0,0
563,1,0,0,0,0
564,1,0,0,0,0
565,1,0,0,0,0
566,1,0,0,0,0
567,1,0,0,0,0
568,1,0,0,0,0
569,1,0,0,0,0
570,1,0,0,0,0
571,1,0,0,0,0
572,1,0,0,0,0
573,1,0,0,0,0
574,1,0,0,0,0
575,1,0,0,0,0
576,1,0,0,0,0
577,1,0,0,0,0
578,1,0,0,0,0
579,1,0,0,0,0
580,1,0,0,0,0
581,1,0,0,0,0
582,1,0,0,0,0
583,1,0,0,0,0
584,1,0,0,0,0
585,1,0,0,0,0
586,1,0,0,0,0
587,1,0,0,0,0
588,1,0,0,0,0
589,1,0,0,0,0
590,1,0,0,0,0
591,1,0,0,0,0
592,1,0,0,0,0
593,1,0,0,0,0
594,1,0,0,0,0
595,1,0,0,0,0
596,1,0,0,0,0
597,1,0,0,0,0
598,1,0,0,0,0
599,1,0,0,0,0
600,1,0,0,0,0
601,1,0,0,0,0
602,1,0,0,0,0
603,1,0,0,0,0
604,1,0,0,0,0
605,1,0,0,0,0
606,1,0,0,0,0
607,1,0,0,0,0
608,1,0,0,0,0
609,1,0,0,0,0
610,1,0,0,0,0
611,1,0,0,0,0
612,1,0,0,0,0
613,1,0,0,0,0
614,1,0,0,0,0
615,1,0,0,0,0
616,1,0,0,0,0
617,1,0,0,0,0
618,1,0,0,0,0
619,1,0,0,0,0
620,1,0,0,0,0
621,1,0,0,0,0
622,1,0,0,0,0
623,1,0,0,0,0
624,1,0,0,0,0
625,1,0,0,0,0
626,1,0,0,0,0
627,1,0,0,0,0
628,1,0,0,0,0
629,1,0,0,0,0
630,1,0,0,0,0
631,1,0,0,0,0
632,1,0,0,0,0
633,1,0,0,0,0
634,1,0,0,0,0
635,1,0,0,0,0
636,1,0,0,0,0
637,1,0,0,0,0
638,1,0,0,0,0
639,1,0,0,0,0
640,1,0,0,0,0
641,1,0,0,0,0
642,1,0,0,0,0
643,1,0,0,0,0
644,1,0,0,0,0
645,1,0,0,0,0
646,1,0,0,0,0
647,1,0,0,0,0
648,1,0,0,0,0
649,1,0,0,0,0
650,1,0,0,0,0
651,1,0,0,0,0
652,1,0,0,0,0
653,1,0,0,0,0
654,1,0,0,0,0
655,1,0,0,0,0
656,1,0,0,0,0
657,1,0,0,0,0
658,1,0,0,0,0
659,1,0,0,0,0
660,1,0,0,0,0
661,1,0,0,0,0
662,1,0,0,0,0
663,1,0,0,0,0
664,1,0,0,0,0
665,1,0,0,0,0
666,1,0,0,0,0
667,1,0,0,0,0
668,1,0,0,0,0
669,1,0,0,0,0
670,1,0,0,0,0
671,1,0,0,0,0
672,1,0,0,0,0
673,1,0,0,0,0
674,1,0,0,0,0
675,1,0,0,0,0
676,1,0,0,0,0
677,1,0,0,0,0
678,1,0,0,0,0
679,1,0,0,0,0
680,1,0,0,0,0
681,1,0,0,0,0
682,1,0,0,0,0
683,1,0,0,0,0
684,1,0,0,0,0
685,1,0,0,0,0
686,1,0,0,0,0
687,1,0,0,0,0
688,1,0,0,0,0
689,1,0,0,0,0
690,1,0,0,0,0
691,1,0,0,0,0
692,1,0,0,0,0
693,1,0,0,0,0
694,1,0,0,0,0
695,1,0,0,0,0
696,1,0,0,0,0
697,1,0,0,0,0
698,1,0,0,0,0
699,1,0,0,0,0
700,1,0,0,0,0
701,1,0,0,0,0
702,1,0,0,0,0
703,1,0,0,0,0
704,1,0,0,0,0
705,1,0,0,0,0
706,1,0,0,0,0
707,1,0,0,0,0
708,1,0,0,0,0
709,1,0,0,0,0
710,1,0,0,0,0
711,1,0,0,0,0
712,1,0,0,0,0
713,1,0,0,0,0
714,1,0,0,0,0
715,1,0,0,0,0
716,1,0,0,0,0
717,1,0,0,0,0
718,1,0,0,0,0
719,1,0,0,0,0
720,1,0,0,0,0
721,1,0,0,0,0
722,1,0,0,0,0
723,1,0,0,0,0
724,1,0,0,0,0
725,1,0,0,0,0
726,1,0,0,0,0
727,1,0,0,0,0
728,1,0,0,0,0
729,1,0,0,0,0
730,1,0,0,0,0
731,1,0,0,0,0
732,1,0,0,0,0
733,1,0,0,0,0
734,1,0,0,0,0
735,1,0,0,0,0
736,1,0,0,0,0
737,1,0,0,0,0
738,1,0,0,0,0
739,1,0,0,0,0
740,1,0,0,0,0
741,1,0,0,0,0
742,1,0,0,0,0
743,1,0,0,0,0
744,1,0,0,0,0
745,1,0,0,0,0
746,1,0,0,0,0
747,1,0,0,0,0
748,1,0,0,0,0
749,1,0,0,0,0
750,1,0,0,0,0
751,1,0,0,0,0
752,1,0,0,0,0
753,1,0,0,0,0
754,1,0,0,0,0
755,1,0,0,0,0
756,1,0,0,0,0
757,1,0,0,0,0
758,1,0,0,0,0
759,1,0,0,0,0
760,1,0,0,0,0
761,1,0,0,0,0
762,1,0,0,0,0
763,1,0,0,0,0
764,1,0,0,0,0
765,1,0,0,0,0
766,1,0,0,0,0
767,1,0,0,0,0
768,1,0,0,0,0
769,1,0,0,0,0
770,1,0,0,0,0
771,1,0,0,0,0
772,1,0,0,0,0
773,1,0,0,0,0
774,1,0,0,0,0
775,1,0,0,0,0
776,1,0,0,0,0
777,1,0,0,0,0
778,1,0,0,0,0
779,1,0,0,0,0
780,1,0,0,0,0
781,1,0,0,0,0
782,1,0,0,0,0
783,1,0,0,0,0
784,1,0,0,0,0
785,1,0,0,0,0
786,1,0,0,0,0
787,1,0,0,0,0
788,1,0,0,0,0
789,1,0,0,0,0
790,1,0,0,0,0
791,1,0,0,0,0
792,1,0,0,0,0
793,1,0,0,0,0
794,1,0,0,0,0
795,1,0,0,0,0
796,1,0,0,0,0
797,1,0,0,0,0
798,1,0,0,0,0
799,1,0,0,0,0
800,1,0,0,0,0
801,1,0,0,0,0
802,1,0,0,0,0
803,1,0,0,0,0
804,1,0,0,0,0
805,1,0,0,0,0
806,1,0,0,0,0
807,1,0,0,0,0
808,1,0,0,0,0
809,1,0,0,0,0
810,1,0,0,0,0
811,1,0,0,0,0
812,1,0,0,0,0
813,1,0,0,0,0
814,1,0,0,0,0
815,1,0,0,0,0
816,1,0,0,0,0
817,1,0,0,0,0
818,1,0,0,0,0
819,1,0,0,0,0
820,1,0,0,0,0
821,1,0,0,0,0
822,1,0,0,0,0
823,1,0,0,0,0
824,1,0,0,0,0
825,1,0,0,0,0
826,1,0,0,0,0
827,1,0,0,0,0
828,1,0,0,0,0
829,1,0,0,0,0
830,1,0,0,0,0
831,1,0,0,0,0
832,1,0,0,0,0
833,1,0,0,0,0
834,1,0,0,0,0
835,1,0,0,0,0
836,1,0,0,0,0
837,1,0,0,0,0
838,1,0,0,0,0
839,1,0,0,0,0
840,1,0,0,0,0
841,1,0,0,0,0
842,1,0,0,0,0
843,1,0,0,0,0
844,1,0,0,0,0
845,1,0,0,0,0
846,1,0,0,0,0
847,1,0,0,0,0
848,1,0,0,0,0
849,1,0,0,0,0
850,1,0,0,0,0
851,1,0,0,0,0
852,1,0,0,0,0
853,1,0,0,0,0
854,1,0,0,0,0
855,1,0,0,0,0
856,1,0,0,0,0
857,1,0,0,0,0
858,1,0,0,0,0
859,1,0,0,0,0
860,1,0,0,0,0
861,1,0,0,0,0
862,1,0,0,0,0
863,1,0,0,0,0
864,1,0,0,0,0
865,1,0,0,0,0
866,1,0,0,0,0
867,1,0,0,0,0
868,1,0,0,0,0
869,1,0,0,0,0
870,1,0,0,0,0
871,1,0,0,0,0
872,1,0,0,0,0
873,1,0,0,0,0
874,1,0,0,0,0
875,1,0,0,0,0
876,1,0,0,0,0
877,1,0,0,0,0
878,1,0,0,0,0
879,1,0,0,0,0
880,1,0,0,0,0
881,1,0,0,0,0
882,1,0,0,0,0
883,1,0,0,0,0
884,1,0,0,0,0
885,1,0,0,0,0
886,1,0,0,0,0
887,1,0,0,0,0
888,1,0,0,0,0
889,1,0,0,0,0
890,1,0,0,0,0
891,1,0,0,0,0
892,1,0,0,0,0
893,1,0,0,0,0
894,1,0,0,0,0
895,1,0,0,0,0
896,1,0,0,0,0
897,1,0,0,0,0
898,1,0,0,0,0
899,1,0,0,0,0
900,1,0,0,0,0
901,1,0,0,0,0
902,1,0,0,0,0
903,1,0,0,0,0
904,1,0,0,0,0
905,1,0,0,0,0
906,1,0,0,0,0
907,1,0,0,0,0
908,1,0,0,0,0
909,1,0,0,0,0
910,1,0,0,0,0
911,1,0,0,0,0
912,1,0,0,0,0
913,1,0,0,0,0
914,1,0,0,0,0
915,1,0,0,0,0
916,1,0,0,0,0
917,1,0,0,0,0
918,1,0,0,0,0
919,1,0,0,0,0
920,1,0,0,0,0
921,1,0,0,0,0
922,1,0,0,0,0
923,1,0,0,0,0
924,1,0,0,0,0
925,1,0,0,0,0
926,1,0,0,0,0
927,1,0,0,0,0
928,1,0,0,0,0
929,1,0,0,0,0
930,1,0,0,0,0
931,1,0,0,0,0
932,1,0,0,0,0
933,1,0,0,0,0
934,1,0,0,0,0
935,1,0,0,0,0
936,1,0,0,0,0
937,1,0,0,0,0
938,1,0,0,0,0
939,1,0,0,0,0
940,1,0,0,0,0
941,1,0,0,0,0
942,1,0,0,0,0
943,1,0,0,0,0
944,1,0,0,0,0
945,1,0,0,0,0
946,1,0,0,0,0
947,1,0,0,0,0
948,1,0,0,0,0
949,1,0,0,0,0
950,1,0,0,0,0
951,1,0,0,0,0
952,1,0,0,0,0
953,1,0,0,0,0
954,1,0,0,0,0
955,1,0,0,0,0
956,1,0,0,0,0
957,1,0,0,0,0
958,1,0,0,0,0
959,1,0,0,0,0
960,1,0,0,0,0
961,1,0,0,0,0
962,1,0,0,0,0
963,1,0,0,0,0
964,1,0,0,0,0
965,1,0,0,0,0
966,1,0,0,0,0
967,1,0,0,0,0
968,1,0,0,0,0
969,1,0,0,0,0
970,1,0,0,0,0
971,1,0,0,0,0
972,1,0,0,0,0
973,1,0,0,0,0
974,1,0,0,0,0
975,1,0,0,0,0
976,1,0,0,0,0
977,1,0,0,0,0
978,1,0,0,0,0
979,1,0,0,0,0
980,1,0,0,0,0
981,1,0,0,0,0
982,1,0,0,0,0
983,1,0,0,0,0
984,1,0,0,0,0
985,1,0,0,0,0
986,1,0,0,0,0
987,1,0,0,0,0
988,1,0,0,0,0
989,1,0,0,0,0
990,1,0,0,0,0
991,1,0,0,0,0
992,1,0,0,0,0
993,1,0,0,0,0
994,1,0,0,0,0
995,1,0,0,0,0
996,1,0,0,0,0
997,1,0,0,0,0
998,1,0,0,0,0
999,1,0,0,0,0
1000,1,0,0,0,0
1001,1,0,0,0,0
1002,1,0,0,0,0
1003,1,0,0,0,0
1004,1,0,0,0,0
1005,1,0,0,0,0
1006,1,0,0,0,0
1007,1,0,0,0,0
1008,1,0,0,0,0
1009,1,0,0,0,0
1010,1,0,0,0,0
1011,1,0,0,0,0
1012,1,0,0,0,0
1013,1,0,0,0,0
1014,1,0,0,0,0
1015,1,0,0,0,0
1016,1,0,0,0,0
1017,1,0,0,0,0
1018,1,0,0,0,0
1019,1,0,0,0,0
1020,1,0,0,0,0
1021,1,0,0,0,0
1022,1,0,0,0,0
1023,1,0,0,0,0
1024,1,0,0,0,0
1025,1,0,0,0,0
1026,1,0,0,0,0
1027,1,0,0,0,0
1028,1,0,0,0,0
1029,1,0,0,0,0
1030,1,0,0,0,0
1031,1,0,0,0,0
1032,1,0,0,0,0
1033,1,0,0,0,0
1034,1,0,0,0,0
1035,1,0,0,0,0
1036,1,0,0,0,0
1037,1,0,0,0,0
1038,1,0,0,0,0
1039,1,0,0,0,0
1040,1,0,0,0,0
1041,1,0,0,0,0
1042,1,0,0,0,0
1043,1,0,0,0,0
1044,1,0,0,0,0
1045,1,0,0,0,0
1046,1,0,0,0,0
1047,1,0,0,0,0
1048,1,0,0,0,0
1049,1,0,0,0,0
1050,1,0,0,0,0
1051,1,0,0,0,0
1052,1,0,0,0,0
1053,1,0,0,0,0
1054,1,0,0,0,0
1055,1,0,0,0,0
1056,1,0,0,0,0
1057,1,0,0,0,0
1058,1,0,0,0,0
1059,1,0,0,0,0
1060,1,0,0,0,0
1061,1,0,0,0,0
1062,1,0,0,0,0
1063,1,0,0,0,0
1064,1,0,0,0,0
1065,1,0,0,0,0
1066,1,0,0,0,0
1067,1,0,0,0,0
1068,1,0,0,0,0
1069,1,0,0,0,0
1070,1,0,0,0,0
1071,1,0,0,0,0
1072,1,0,0,0,0
1073,1,0,0,0,0
1074,1,0,0,0,0
1075,1,0,0,0,0
1076,1,0,0,0,0
1077,1,0,0,0,0
1078,1,0,0,0,0
1079,1,0,0,0,0
1080,1,0,0,0,0
1081,1,0,0,0,0
1082,1,0,0,0,0
1083,1,0,0,0,0
1084,1,0,0,0,0
1085,1,0,0,0,0
1086,1,0,0,0,0
1087,1,0,0,0,0
1088,1,0,0,0,0
1089,1,0,0,0,0
1090,1,0,0,0,0
1091,1,0,0,0,0
1092,1,0,0,0,0
1093,1,0,0,0,0
1094,1,0,0,0,0
1095,1,0,0,0,0
1096,1,0,0,0,0
1097,1,0,0,0,0
1098,1,0,0,0,0
1099,1,0,0,0,0
1100,1,0,0,0,0
1101,1,0,0,0,0
1102,1,0,0,0,0
1103,1,0,0,0,0
1104,1,0,0,0,0
1105,1,0,0,0,0
1106,1,0,0,0,0
1107,1,0,0,0,0
1108,1,0,0,0,0
1109,0,0,0,1,0
1110,0,0,0,1,0
1111,0,0,0,1,0
1112,0,0,0,1,0
1113,0,0,0,1,0
1114,0,0,0,1,0
1115,0,0,0,1,0
1116,0,0,0,1,0
1117,0,0,0,1,0
1118,0,0,0,1,0
1119,0,0,0,1,0
1120,0,0,0,1,0
1121,0,0,0,1,0
1122,0,0,0,1,0
1123,0,0,0,1,0
1124,0,0,0,1,0
1125,0,0,0,1,0
1126,0,0,0,1,0
1127,0,0,0,1,0
1128,0,0,0,1,0
1129,0,0,0,1,0
1130,0,0,0,1,0
1131,0,0,0,1,0
1132,0,0,0,1,0
1133,0,0,0,1,0
1134,0,0,0,1,0
1135,0,0,0,1,0
1136,0,0,0,1,0
1137,0,0,0,1,0
1138,0,0,0,1,0
1139,0,0,0,1,0
1140,0,0,0,1,0
1141,0,0,0,1,0
1142,1,0,0,0,0
1143,1,0,0,0,0
1144,1,0,0,0,0
1145,1,0,0,0,0
1146,1,0,0,0,0
1147,1,0,0,0,0
1148,1,0,0,0,0
1149,1,0,0,0,0
1150,1,0,0,0,0
1151,1,0,0,0,0
1152,1,0,0,0,0
1153,1,0,0,0,0
1154,1,0,0,0,0
1155,1,0,0,0,0
1156,1,0,0,0,0
1157,1,0,0,0,0
1158,1,0,0,0,0
1159,1,0,0,0,0
1160,1,0,0,0,0
1161,1,0,0,0,0
1162,1,0,0,0,0
1163,1,0,0,0,0
1164,1,0,0,0,0
1165,1,0,0,0,0
1166,1,0,0,0,0
1167,1,0,0,0,0
1168,1,0,0,0,0
1169,1,0,0,0,0
1170,1,0,0,0,0
1171,1,0,0,0,0
1172,1,0,0,0,0
1173,1,0,0,0,0
1174,1,0,0,0,0
1175,1,0,0,0,0
1176,1,0,0,0,0
1177,1,0,0,0,0
1178,1,0,0,0,0
1179,1,0,0,0,0
1180,1,0,0,0,0
1181,1,0,0,0,0
1182,1,0,0,0,0
1183,1,0,0,0,0
1184,1,0,0,0,0
1185,1,0,0,0,0
1186,1,0,0,0,0
1187,1,0,0,0,0
1188,1,0,0,0,0
1189,1,0,0,0,0
1190,1,0,0,0,0
1191,1,0,0,0,0
1192,1,0,0,0,0
1193,1,0,0,0,0
1194,1,0,0,0,0
1195,1,0,0,0,0
1196,1,0,0,0,0
1197,1,0,0,0,0
1198,1,0,0,0,0
1199,1,0,0,0,0
1200,1,0,0,0,0
1201,1,0,0,0,0
1202,1,0,0,0,0
1203,1,0,0,0,0
1204,1,0,0,0,0
1205,1,0,0,0,0
1206,1,0,0,0,0
1207,1,0,0,0,0
1208,1,0,0,0,0
1209,1,0,0,0,0
1210,1,0,0,0,0
1211,1,0,0,0,0
1212,1,0,0,0,0
1213,1,0,0,0,0
1214,1,0,0,0,0
1215,1,0,0,0,0
1216,1,0,0,0,0
1217,1,0,0,0,0
1218,1,0,0,0,0
1219,1,0,0,0,0
1220,1,0,0,0,0
1221,1,0,0,0,0
1222,1,0,0,0,0
1223,1,0,0,0,0
1224,1,0,0,0,0
1225,1,0,0,0,0
1226,1,0,0,0,0
1227,1,0,0,0,0
1228,1,0,0,0,0
1229,1,0,0,0,0
1230,1,0,0,0,0
1231,1,0,0,0,0
1232,1,0,0,0,0
1233,1,0,0,0,0
1234,1,0,0,0,0
1235,1,0,0,0,0
1236,1,0,0,0,0
1237,1,0,0,0,0
1238,1,0,0,0,0
1239,1,0,0,0,0
1240,1,0,0,0,0
1241,1,0,0,0,0
1242,1,0,0,0,0
1243,1,0,0,0,0
1244,1,0,0,0,0
1245,1,0,0,0,0
1246,1,0,0,0,0
1247,1,0,0,0,0
1248,1,0,0,0,0
1249,1,0,0,0,0
1250,1,0,0,0,0
1251,1,0,0,0,0
1252,1,0,0,0,0
1253,1,0,0,0,0
1254,1,0,0,0,0
1255,1,0,0,0,0
1256,1,0,0,0,0
1257,1,0,0,0,0
1258,1,0,0,0,0
1259,1,0,0,0,0
1260,1,0,0,0,0
1261,1,0,0,0,0
1262,1,0,0,0,0
1263,1,0,0,0,0
1264,1,0,0,0,0
1265,1,0,0,0,0
1266,1,0,0,0,0
1267,1,0,0,0,0
1268,1,0,0,0,0
1269,1,0,0,0,0
1270,1,0,0,0,0
1271,1,0,0,0,0
1272,1,0,0,0,0
1273,1,0,0,0,0
1274,1,0,0,0,0
1275,1,0,0,0,0
1276,1,0,0,0,0
1277,1,0,0,0,0
1278,1,0,0,0,0
1279,1,0,0,0,0
1280,1,0,0,0,0
1281,1,0,0,0,0
1282,1,0,0,0,0
1283,1,0,0,0,0
1284,1,0,0,0,0
1285,1,0,0,0,0
1286,1,0,0,0,0
1287,1,0,0,0,0
1288,1,0,0,0,0
1289,1,0,0,0,0
1290,1,0,0,0,0
1291,1,0,0,0,0
1292,1,0,0,0,0
1293,1,0,0,0,0
1294,1,0,0,0,0
1295,1,0,0,0,0
1296,1,0,0,0,0
1297,1,0,0,0,0
1298,1,0,0,0,0
1299,1,0,0,0,0
1300,1,0,0,0,0
1301,1,0,0,0,0
1302,1,0,0,0,0
1303,1,0,0,0,0
1304,1,0,0,0,0
1305,1,0,0,0,0
1306,1,0,0,0,0
1307,1,0,0,0,0
1308,1,0,0,0,0
1309,1,0,0,0,0
1310,1,0,0,0,0
1311,1,0,0,0,0
1312,1,0,0,0,0
1313,1,0,0,0,0
1314,1,0,0,0,0
1315,1,0,0,0,0
1316,1,0,0,0,0
1317,1,0,0,0,0
1318,1,0,0,0,0
1319,1,0,0,0,0
1320,1,0,0,0,0
1321,1,0,0,0,0
1322,1,0,0,0,0
1323,1,0,0,0,0
1324,1,0,0,0,0
1325,1,0,0,0,0
1326,1,0,0,0,0
1327,1,0,0,0,0
1328,1,0,0,0,0
1329,1,0,0,0,0
1330,1,0,0,0,0
1331,1,0,0,0,0
1332,1,0,0,0,0
1333,1,0,0,0,0
1334,1,0,0,0,0
1335,1,0,0,0,0
1336,1,0,0,0,0
1337,1,0,0,0,0
1338,1,0,0,0,0
1339,1,0,0,0,0
1340,1,0,0,0,0
1341,1,0,0,0,0
1342,1,0,0,0,0
1343,1,0,0,0,0
1344,1,0,0,0,0
1345,1,0,0,0,0
1346,1,0,0,0,0
1347,1,0,0,0,0
1348,1,0,0,0,0
1349,1,0,0,0,0
1350,1,0,0,0,0
1351,1,0,0,0,0
1352,1,0,0,0,0
1353,1,0,0,0,0
1354,1,0,0,0,0
1355,1,0,0,0,0
1356,1,0,0,0,0
1357,1,0,0,0,0
1358,1,0,0,0,0
1359,1,0,0,0,0
1360,1,0,0,0,0
1361,1,0,0,0,0
1362,1,0,0,0,0
1363,1,0,0,0,0
1364,1,0,0,0,0
1365,1,0,0,0,0
1366,1,0,0,0,0
1367,1,0,0,0,0
1368,1,0,0,0,0
1369,1,0,0,0,0
1370,1,0,0,0,0
1371,1,0,0,0,0
1372,1,0,0,0,0
1373,1,0,0,0,0
1374,1,0,0,0,0
1375,1,0,0,0,0
1376,1,0,0,0,0
1377,1,0,0,0,0
1378,1,0,0,0,0
1379,1,0,0,0,0
1380,1,0,0,0,0
1381,1,0,0,0,0
1382,1,0,0,0,0
1383,1,0,0,0,0
1384,1,0,0,0,0
1385,1,0,0,0,0
1386,1,0,0,0,0
1387,1,0,0,0,0
1388,1,0,0,0,0
1389,1,0,0,0,0
1390,1,0,0,0,0
1391,1,0,0,0,0
1392,1,0,0,0,0
1393,1,0,0,0,0
1394,1,0,0,0,0
1395,1,0,0,0,0
1396,1,0,0,0,0
1397,1,0,0,0,0
1398,1,0,0,0,0
1399,1,0,0,0,0
1400,1,0,0,0,0
1401,1,0,0,0,0
1402,1,0,0,0,0
1403,1,0,0,0,0
1404,1,0,0,0,0
1405,1,0,0,0,0
1406,1,0,0,0,0
1407,1,0,0,0,0
1408,1,0,0,0,0
1409,1,0,0,0,0
1410,1,0,0,0,0
1411,1,0,0,0,0
1412,1,0,0,0,0
1413,1,0,0,0,0
1414,1,0,0,0,0
1415,1,0,0,0,0
1416,1,0,0,0,0
1417,1,0,0,0,0
1418,1,0,0,0,0
1419,1,0,0,0,0
1420,1,0,0,0,0
1421,1,0,0,0,0
1422,1,0,0,0,0
1423,1,0,0,0,0
1424,1,0,0,0,0
1425,1,0,0,0,0
1426,1,0,0,0,0
1427,1,0,0,0,0
1428,1,0,0,0,0
1429,1,0,0,0,0
1430,1,0,0,0,0
1431,1,0,0,0,0
1432,1,0,0,0,0
1433,1,0,0,0,0
1434,1,0,0,0,0
1435,1,0,0,0,0
1436,1,0,0,0,0
1437,1,0,0,0,0
1438,1,0,0,0,0
1439,1,0,0,0,0
1440,1,0,0,0,0
1441,1,0,0,0,0
1442,1,0,0,0,0
1443,1,0,0,0,0
1444,1,0,0,0,0
1445,1,0,0,0,0
1446,1,0,0,0,0
1447,1,0,0,0,0
1448,1,0,0,0,0
1449,1,0,0,0,0
1450,1,0,0,0,0
1451,1,0,0,0,0
1452,1,0,0,0,0
1453,1,0,0,0,0
1454,1,0,0,0,0
1455,1,0,0,0,0
1456,1,0,0,0,0
1457,1,0,0,0,0
1458,1,0,0,0,0
1459,1,0,0,0,0
1460,1,0,0,0,0
1461,1,0,0,0,0
1462,1,0,0,0,0
1463,1,0,0,0,0
1464,1,0,0,0,0
1465,1,0,0,0,0
1466,1,0,0,0,0
1467,1,0,0,0,0
1468,1,0,0,0,0
1469,1,0,0,0,0
1470,1,0,0,0,0
1471,1,0,0,0,0
1472,1,0,0,0,0
1473,1,0,0,0,0
1474,1,0,0,0,0
1475,1,0,0,0,0
1476,1,0,0,0,0
1477,1,0,0,0,0
1478,1,0,0,0,0
1479,1,0,0,0,0
1480,1,0,0,0,0
1481,1,0,0,0,0
1482,1,0,0,0,0
1483,1,0,0,0,0
1484,1,0,0,0,0
1485,1,0,0,0,0
1486,1,0,0,0,0
1487,1,0,0,0,0
1488,1,0,0,0,0
1489,1,0,0,0,0
1490,1,0,0,0,0
1491,1,0,0,0,0
1492,1,0,0,0,0
1493,1,0,0,0,0
1494,1,0,0,0,0
1495,1,0,0,0,0
1496,1,0,0,0,0
1497,1,0,0,0,0
1498,1,0,0,0,0
1499,1,0,0,0,0
1500,1,0,0,0,0
1501,1,0,0,0,0
1502,1,0,0,0,0
1503,1,0,0,0,0
1504,1,0,0,0,0
1505,1,0,0,0,0
1506,1,0,0,0,0
1507,1,0,0,0,0
1508,1,0,0,0,0
1509,1,0,0,0,0
1510,1,0,0,0,0
1511,1,0,0,0,0
1512,1,0,0,0,0
1513,1,0,0,0,0
1514,1,0,0,0,0
1515,1,0,0,0,0
1516,1,0,0,0,0
1517,1,0,0,0,0
1518,1,0,0,0,0
1519,1,0,0,0,0
1520,1,0,0,0,0
1521,1,0,0,0,0
1522,1,0,0,0,0
1523,1,0,0,0,0
1524,1,0,0,0,0
1525,1,0,0,0,0
1526,1,0,0,0,0
1527,1,0,0,0,0
1528,1,0,0,0,0
1529,1,0,0,0,0
1530,1,0,0,0,0
1531,1,0,0,0,0
1532,1,0,0,0,0
1533,1,0,0,0,0
1534,1,0,0,0,0
1535,1,0,0,0,0
1536,1,0,0,0,0
1537,1,0,0,0,0
1538,1,0,0,0,0
1539,1,0,0,0,0
1540,1,0,0,0,0
1541,1,0,0,0,0
1542,1,0,0,0,0
1543,1,0,0,0,0
1544,1,0,0,0,0
1545,1,0,0,0,0
1546,1,0,0,0,0
1547,1,0,0,0,0
1548,1,0,0,0,0
1549,1,0,0,0,0
1550,1,0,0,0,0
1551,1,0,0,0,0
1552,1,0,0,0,0
1553,1,0,0,0,0
1554,1,0,0,0,0
1555,1,0,0,0,0
1556,1,0,0,0,0
1557,1,0,0,0,0
1558,1,0,0,0,0
1559,1,0,0,0,0
1560,1,0,0,0,0
1561,1,0,0,0,0
1562,1,0,0,0,0
1563,1,0,0,0,0
1564,1,0,0,0,0
1565,1,0,0,0,0
1566,1,0,0,0,0
1567,1,0,0,0,0
1568,1,0,0,0,0
1569,1,0,0,0,0
1570,1,0,0,0,0
1571,1,0,0,0,0
1572,1,0,0,0,0
1573,1,0,0,0,0
1574,1,0,0,0,0
1575,1,0,0,0,0
1576,1,0,0,0,0
1577,1,0,0,0,0
1578,1,0,0,0,0
1579,1,0,0,0,0
1580,1,0,0,0,0
1581,1,0,0,0,0
1582,1,0,0,0,0
1583,1,0,0,0,0
1584,1,0,0,0,0
1585,1,0,0,0,0
1586,1,0,0,0,0
1587,1,0,0,0,0
1588,1,0,0,0,0
1589,1,0,0,0,0
1590,1,0,0,0,0
1591,1,0,0,0,0
1592,1,0,0,0,0
1593,1,0,0,0,0
1594,1,0,0,0,0
1595,1,0,0,0,0
1596,1,0,0,0,0
1597,1,0,0,0,0
1598,1,0,0,0,0
1599,1,0,0,0,0
1600,1,0,0,0,0
1601,1,0,0,0,0
1602,1,0,0,0,0
1603,1,0,0,0,0
1604,1,0,0,0,0
1605,1,0,0,0,0
1606,1,0,0,0,0
1607,1,0,0,0,0
1608,1,0,0,0,0
1609,1,0,0,0,0
1610,1,0,0,0,0
1611,1,0,0,0,0
1612,1,0,0,0,0
1613,1,0,0,0,0
1614,1,0,0,0,0
1615,1,0,0,0,0
1616,1,0,0,0,0
1617,1,0,0,0,0
1618,1,0,0,0,0
1619,1,0,0,0,0
1620,1,0,0,0,0
1621,1,0,0,0,0
1622,1,0,0,0,0
1623,1,0,0,0,0
1624,1,0,0,0,0
1625,1,0,0,0,0
1626,1,0,0,0,0
1627,1,0,0,0,0
1628,1,0,0,0,0
1629,1,0,0,0,0
1630,1,0,0,0,0
1631,1,0,0,0,0
1632,1,0,0,0,0
1633,1,0,0,0,0
1634,1,0,0,0,0
1635,1,0,0,0,0
1636,1,0,0,0,0
1637,1,0,0,0,0
1638,1,0,0,0,0
1639,1,0,0,0,0
1640,1,0,0,0,0
1641,1,0,0,0,0
1642,1,0,0,0,0
1643,1,0,0,0,0
1644,1,0,0,0,0
1645,1,0,0,0,0
1646,1,0,0,0,0
1647,1,0,0,0,0
1648,1,0,0,0,0
1649,1,0,0,0,0
1650,1,0,0,0,0
1651,1,0,0,0,0
1652,1,0,0,0,0
1653,1,0,0,0,0
1654,1,0,0,0,0
1655,1,0,0,0,0
1656,1,0,0,0,0
1657,1,0,0,0,0
1658,1,0,0,0,0
1659,1,0,0,0,0
1660,1,0,0,0,0
1661,1,0,0,0,0
1662,1,0,0,0,0
1663,1,0,0,0,0
1664,1,0,0,0,0
1665,1,0,0,0,0
1666,1,0,0,0,0
1667,1,0,0,0,0
1668,1,0,0,0,0
1669,1,0,0,0,0
1670,1,0,0,0,0
1671,1,0,0,0,0
1672,1,0,0,0,0
1673,1,0,0,0,0
1674,1,0,0,0,0
1675,1,0,0,0,0
1676,1,0,0,0,0
1677,1,0,0,0,0
1678,1,0,0,0,0
1679,1,0,0,0,0
1680,1,0,0,0,0
1681,1,0,0,0,0
1682,1,0,0,0,0
1683,1,0,0,0,0
1684,1,0,0,0,0
1685,1,0,0,0,0
1686,1,0,0,0,0
1687,1,0,0,0,0
1688,1,0,0,0,0
1689,1,0,0,0,0
1690,1,0,0,0,0
1691,1,0,0,0,0
1692,1,0,0,0,0
1693,1,0,0,0,0
1694,1,0,0,0,0
1695,1,0,0,0,0
1696,1,0,0,0,0
1697,1,0,0,0,0
1698,1,0,0,0,0
1699,1,0,0,0,0
1700,1,0,0,0,0
1701,1,0,0,0,0
1702,1,0,0,0,0
1703,1,0,0,0,0
1704,1,0,0,0,0
1705,1,0,0,0,0
1706,1,0,0,0,0
1707,1,0,0,0,0
1708,1,0,0,0,0
1709,1,0,0,0,0
1710,1,0,0,0,0
1711,1,0,0,0,0
1712,1,0,0,0,0
1713,1,0,0,0,0
1714,1,0,0,0,0
1715,1,0,0,0,0
1716,1,0,0,0,0
1717,1,0,0,0,0
1718,1,0,0,0,0
1719,1,0,0,0,0
1720,1,0,0,0,0
1721,1,0,0,0,0
1722,1,0,0,0,0
1723,1,0,0,0,0
1724,1,0,0,0,0
1725,1,0,0,0,0
1726,1,0,0,0,0
1727,1,0,0,0,0
1728,1,0,0,0,0
1729,1,0,0,0,0
1730,1,0,0,0,0
1731,1,0,0,0,0
1732,1,0,0,0,0
1733,1,0,0,0,0
1734,1,0,0,0,0
1735,1,0,0,0,0
1736,1,0,0,0,0
1737,1,0,0,0,0
1738,1,0,0,0,0
1739,1,0,0,0,0
1740,1,0,0,0,0
1741,1,0,0,0,0
1742,1,0,0,0,0
1743,1,0,0,0,0
1744,1,0,0,0,0
1745,1,0,0,0,0
1746,1,0,0,0,0
1747,1,0,0,0,0
1748,1,0,0,0,0
1749,1,0,0,0,0
1750,1,0,0,0,0
1751,1,0,0,0,0
1752,1,0,0,0,0
1753,1,0,0,0,0
1754,1,0,0,0,0
1755,1,0,0,0,0
1756,1,0,0,0,0
1757,1,0,0,0,0
1758,1,0,0,0,0
1759,1,0,0,0,0
1760,1,0,0,0,0
1761,1,0,0,0,0
1762,1,0,0,0,0
1763,1,0,0,0,0
1764,1,0,0,0,0
1765,1,0,0,0,0
1766,1,0,0,0,0
1767,1,0,0,0,0
1768,1,0,0,0,0
1769,1,0,0,0,0
1770,1,0,0,0,0
1771,1,0,0,0,0
1772,1,0,0,0,0
1773,1,0,0,0,0
1774,1,0,0,0,0
1775,1,0,0,0,0
1776,1,0,0,0,0
1777,1,0,0,0,0
1778,1,0,0,0,0
1779,1,0,0,0,0
1780,1,0,0,0,0
1781,1,0,0,0,0
1782,1,0,0,0,0
1783,1,0,0,0,0
1784,1,0,0,0,0
1785,1,0,0,0,0
1786,1,0,0,0,0
1787,1,0,0,0,0
1788,1,0,0,0,0
1789,1,0,0,0,0
1790,1,0,0,0,0
1791,1,0,0,0,0
1792,1,0,0,0,0
1793,1,0,0,0,0
1794,1,0,0,0,0
1795,1,0,0,0,0
1796,1,0,0,0,0
1797,1,0,0,0,0
1798,1,0,0,0,0
1799,1,0,0,0,0
1800,1,0,0,0,0
1801,1,0,0,0,0
1802,1,0,0,0,0
1803,1,0,0,0,0
1804,1,0,0,0,0
1805,1,0,0,0,0
1806,1,0,0,0,0
1807,1,0,0,0,0
1808,1,0,0,0,0
1809,1,0,0,0,0
1810,1,0,0,0,0
1811,1,0,0,0,0
1812,1,0,0,0,0
1813,1,0,0,0,0
1814,1,0,0,0,0
1815,1,0,0,0,0
1816,1,0,0,0,0
1817,1,0,0,0,0
1818,1,0,0,0,0
1819,1,0,0,0,0
1820,1,0,0,0,0
1821,1,0,0,0,0
1822,1,0,0,0,0
1823,1,0,0,0,0
1824,1,0,0,0,0
1825,1,0,0,0,0
1826,1,0,0,0,0
1827,1,0,0,0,0
1828,1,0,0,0,0
1829,1,0,0,0,0
1830,1,0,0,0,0
1831,1,0,0,0,0
1832,1,0,0,0,0
1833,1,0,0,0,0
1834,1,0,0,0,0
1835,1,0,0,0,0
1836,1,0,0,0,0
1837,1,0,0,0,0
1838,1,0,0,0,0
1839,1,0,0,0,0
1840,1,0,0,0,0
1841,1,0,0,0,0
1842,1,0,0,0,0
1843,1,0,0,0,0
1844,1,0,0,0,0
1845,1,0,0,0,0
1846,1,0,0,0,0
1847,1,0,0,0,0
1848,1,0,0,0,0
1849,1,0,0,0,0
1850,1,0,0,0,0
1851,1,0,0,0,0
1852,1,0,0,0,0
1853,1,0,0,0,0
1854,1,0,0,0,0
1855,1,0,0,0,0
1856,1,0,0,0,0
1857,1,0,0,0,0
1858,1,0,0,0,0
1859,0,1,0,0,0
1860,0,1,0,0,0
1861,0,1,0,0,0
1862,0,1,0,0,0
1863,0,1,0,0,0
1864,0,1,0,0,0
1865,0,1,0,0,0
1866,0,1,0,0,0
1867,0,1,0,0,0
1868,0,1,0,0,0
1869,0,1,0,0,0
1870,0,1,0,0,0
1871,0,1,0,0,0
1872,0,1,0,0,0
1873,0,1,0,0,0
1874,0,1,0,0,0
1875,0,1,0,0,0
1876,0,1,0,0,0
1877,0,1,0,0,0
1878,0,1,0,0,0
1879,0,1,0,0,0
1880,0,1,0,0,0
1881,0,1,0,0,0
1882,0,1,0,0,0
1883,0,1,0,0,0
1884,1,0,0,0,0
1885,1,0,0,0,0
1886,1,0,0,0,0
1887,1,0,0,0,0
1888,1,0,0,0,0
1889,1,0,0,0,0
1890,1,0,0,0,0
1891,1,0,0,0,0
1892,1,0,0,0,0
1893,1,0,0,0,0
1894,1,0,0,0,0
1895,1,0,0,0,0
1896,1,0,0,0,0
1897,1,0,0,0,0
1898,1,0,0,0,0
1899,1,0,0,0,0
1900,1,0,0,0,0
1901,1,0,0,0,0
1902,1,0,0,0,0
1903,1,0,0,0,0
1904,1,0,0,0,0
1905,1,0,0,0,0
1906,1,0,0,0,0
1907,1,0,0,0,0
1908,1,0,0,0,0
1909,1,0,0,0,0
1910,1,0,0,0,0
1911,1,0,0,0,0
1912,1,0,0,0,0
1913,1,0,0,0,0
1914,1,0,0,0,0
1915,1,0,0,0,0
1916,1,0,0,0,0
1917,1,0,0,0,0
1918,1,0,0,0,0
1919,1,0,0,0,0
1920,1,0,0,0,0
1921,1,0,0,0,0
1922,1,0,0,0,0
1923,1,0,0,0,0
1924,1,0,0,0,0
1925,1,0,0,0,0
1926,1,0,0,0,0
1927,1,0,0,0,0
1928,1,0,0,0,0
1929,1,0,0,0,0
1930,1,0,0,0,0
1931,1,0,0,0,0
1932,1,0,0,0,0
1933,1,0,0,0,0
1934,1,0,0,0,0
1935,1,0,0,0,0
1936,1,0,0,0,0
1937,1,0,0,0,0
1938,1,0,0,0,0
1939,1,0,0,0,0
1940,1,0,0,0,0
1941,1,0,0,0,0
1942,1,0,0,0,0
1943,1,0,0,0,0
1944,1,0,0,0,0
1945,1,0,0,0,0
1946,1,0,0,0,0
1947,1,0,0,0,0
1948,1,0,0,0,0
1949,1,0,0,0,0
1950,1,0,0,0,0
1951,1,0,0,0,0
1952,1,0,0,0,0
1953,1,0,0,0,0
1954,1,0,0,0,0
1955,1,0,0,0,0
1956,1,0,0,0,0
1957,1,0,0,0,0
1958,1,0,0,0,0
1959,1,0,0,0,0
1960,1,0,0,0,0
1961,1,0,0,0,0
1962,1,0,0,0,0
1963,1,0,0,0,0
1964,1,0,0,0,0
1965,1,0,0,0,0
1966,1,0,0,0,0
1967,1,0,0,0,0
1968,1,0,0,0,0
1969,1,0,0,0,0
1970,1,0,0,0,0
1971,1,0,0,0,0
1972,1,0,0,0,0
1973,1,0,0,0,0
1974,1,0,0,0,0
1975,1,0,0,0,0
1976,1,0,0,0,0
1977,1,0,0,0,0
1978,1,0,0,0,0
1979,1,0,0,0,0
1980,1,0,0,0,0
1981,1,0,0,0,0
1982,1,0,0,0,0
1983,1,0,0,0,0
1984,1,0,0,0,0
1985,1,0,0,0,0
1986,1,0,0,0,0
1987,1,0,0,0,0
1988,1,0,0,0,0
1989,1,0,0,0,0
1990,1,0,0,0,0
1991,1,0,0,0,0
1992,1,0,0,0,0
1993,1,0,0,0,0
1994,1,0,0,0,0
1995,1,0,0,0,0
1996,1,0,0,0,0
1997,1,0,0,0,0
1998,1,0,0,0,0
1999,1,0,0,0,0
2000,1,0,0,0,0
2001,1,0,0,0,0
2002,1,0,0,0,0
2003,1,0,0,0,0
2004,1,0,0,0,0
2005,1,0,0,0,0
2006,1,0,0,0,0
2007,1,0,0,0,0
2008,1,0,0,0,0
2009,1,0,0,0,0
2010,1,0,0,0,0
2011,1,0,0,0,0
2012,1,0,0,0,0
2013,1,0,0,0,0
2014,1,0,0,0,0
2015,1,0,0,0,0
2016,1,0,0,0,0
2017,1,0,0,0,0
2018,1,0,0,0,0
2019,1,0,0,0,0
2020,1,0,0,0,0
2021,1,0,0,0,0
2022,1,0,0,0,0
2023,1,0,0,0,0
2024,1,0,0,0,0
2025,1,0,0,0,0
2026,1,0,0,0,0
2027,1,0,0,0,0
2028,1,0,0,0,0
2029,1,0,0,0,0
2030,1,0,0,0,0
2031,1,0,0,0,0
2032,1,0,0,0,0
2033,1,0,0,0,0
2034,1,0,0,0,0
2035,1,0,0,0,0
2036,1,0,0,0,0
2037,1,0,0,0,0
2038,1,0,0,0,0
2039,1,0,0,0,0
2040,1,0,0,0,0
2041,1,0,0,0,0
2042,1,0,0,0,0
2043,1,0,0,0,0
2044,1,0,0,0,0
2045,1,0,0,0,0
2046,1,0,0,0,0
2047,1,0,0,0,0
2048,1,0,0,0,0
2049,1,0,0,0,0
2050,1,0,0,0,0
2051,1,0,0,0,0
2052,1,0,0,0,0
2053,1,0,0,0,0
2054,1,0,0,0,0
2055,1,0,0,0,0
2056,1,0,0,0,0
2057,1,0,0,0,0
2058,1,0,0,0,0
2059,1,0,0,0,0
2060,1,0,0,0,0
2061,1,0,0,0,0
2062,1,0,0,0,0
2063,1,0,0,0,0
2064,1,0,0,0,0
2065,1,0,0,0,0
2066,1,0,0,0,0
2067,1,0,0,0,0
2068,1,0,0,0,0
2069,1,0,0,0,0
2070,1,0,0,0,0
2071,1,0,0,0,0
2072,1,0,0,0,0
2073,1,0,0,0,0
2074,1,0,0,0,0
2075,1,0,0,0,0
2076,1,0,0,0,0
2077,1,0,0,0,0
2078,1,0,0,0,0
2079,1,0,0,0,0
2080,1,0,0,0,0
2081,1,0,0,0,0
2082,1,0,0,0,0
2083,1,0,0,0,0
2084,1,0,0,0,0
2085,1,0,0,0,0
2086,1,0,0,0,0
2087,1,0,0,0,0
2088,1,0,0,0,0
2089,1,0,0,0,0
2090,1,0,0,0,0
2091,1,0,0,0,0
2092,1,0,0,0,0
2093,1,0,0,0,0
2094,1,0,0,0,0
2095,1,0,0,0,0
2096,1,0,0,0,0
2097,1,0,0,0,0
2098,1,0,0,0,0
2099,1,0,0,0,0
2100,1,0,0,0,0
2101,1,0,0,0,0
2102,1,0,0,0,0
2103,1,0,0,0,0
2104,1,0,0,0,0
2105,1,0,0,0,0
2106,1,0,0,0,0
2107,1,0,0,0,0
2108,1,0,0,0,0
2109,1,0,0,0,0
2110,1,0,0,0,0
2111,1,0,0,0,0
2112,1,0,0,0,0
2113,1,0,0,0,0
2114,1,0,0,0,0
2115,1,0,0,0,0
2116,1,0,0,0,0
2117,1,0,0,0,0
2118,0,1,0,0,0
2119,0,1,0,0,0
2120,0,1,0,0,0
2121,0,1,0,0,0
2122,0,1,0,0,0
2123,0,1,0,0,0
2124,0,1,0,0,0
2125,0,1,0,0,0
2126,0,1,0,0,0
2127,0,1,0,0,0
2128,0,1,0,0,0
2129,0,1,0,0,0
2130,0,1,0,0,0
2131,0,1,0,0,0
2132,0,1,0,0,0
2133,0,1,0,0,0
2134,0,1,0,0,0
2135,0,1,0,0,0
2136,0,1,0,0,0
2137,0,1,0,0,0
2138,0,1,0,0,0
2139,0,1,0,0,0
2140,0,1,0,0,0
2141,0,1,0,0,0
2142,0,1,0,0,0
2143,0,1,0,0,0
2144,0,1,0,0,0
2145,0,1,0,0,0
2146,0,1,0,0,0
2147,0,1,0,0,0
2148,0,1,0,0,0
2149,0,1,0,0,0
2150,0,1,0,0,0
2151,0,1,0,0,0
2152,0,1,0,0,0
2153,0,1,0,0,0
2154,0,1,0,0,0
2155,0,1,0,0,0
2156,0,1,0,0,0
2157,0,1,0,0,0
2158,0,1,0,0,0
2159,0,1,0,0,0
2160,0,1,0,0,0
2161,1,0,0,0,0
2162,1,0,0,0,0
2163,1,0,0,0,0
2164,1,0,0,0,0
2165,1,0,0,0,0
2166,1,0,0,0,0
2167,1,0,0,0,0
2168,1,0,0,0,0
2169,1,0,0,0,0
2170,1,0,0,0,0
2171,1,0,0,0,0
2172,1,0,0,0,0
2173,1,0,0,0,0
2174,1,0,0,0,0
2175,1,0,0,0,0
2176,1,0,0,0,0
2177,1,0,0,0,0
2178,1,0,0,0,0
2179,1,0,0,0,0
2180,1,0,0,0,0
2181,1,0,0,0,0
2182,1,0,0,0,0
2183,1,0,0,0,0
2184,1,0,0,0,0
2185,1,0,0,0,0
2186,1,0,0,0,0
2187,1,0,0,0,0
2188,1,0,0,0,0
2189,1,0,0,0,0
2190,1,0,0,0,0
2191,1,0,0,0,0
2192,1,0,0,0,0
2193,1,0,0,0,0
2194,1,0,0,0,0
2195,1,0,0,0,0
2196,1,0,0,0,0
2197,1,0,0,0,0
2198,1,0,0,0,0
2199,1,0,0,0,0
2200,1,0,0,0,0
2201,1,0,0,0,0
2202,1,0,0,0,0
2203,1,0,0,0,0
2204,1,0,0,0,0
2205,1,0,0,0,0
2206,1,0,0,0,0
2207,1,0,0,0,0
2208,1,0,0,0,0
2209,1,0,0,0,0
2210,1,0,0,0,0
2211,1,0,0,0,0
2212,1,0,0,0,0
2213,1,0,0,0,0
2214,1,0,0,0,0
2215,1,0,0,0,0
2216,1,0,0,0,0
2217,1,0,0,0,0
2218,1,0,0,0,0
2219,1,0,0,0,0
2220,1,0,0,0,0
2221,1,0,0,0,0
2222,1,0,0,0,0
2223,1,0,0,0,0
2224,1,0,0,0,0
2225,1,0,0,0,0
2226,1,0,0,0,0
2227,1,0,0,0,0
2228,1,0,0,0,0
2229,1,0,0,0,0
2230,1,0,0,0,0
2231,1,0,0,0,0
2232,1,0,0,0,0
2233,1,0,0,0,0
2234,1,0,0,0,0
2235,1,0,0,0,0
2236,1,0,0,0,0
2237,1,0,0,0,0
2238,1,0,0,0,0
2239,1,0,0,0,0
2240,1,0,0,0,0
2241,1,0,0,0,0
2242,1,0,0,0,0
2243,1,0,0,0,0
2244,1,0,0,0,0
2245,1,0,0,0,0
2246,1,0,0,0,0
2247,1,0,0,0,0
2248,1,0,0,0,0
2249,1,0,0,0,0
2250,1,0,0,0,0
2251,1,0,0,0,0
2252,1,0,0,0,0
2253,1,0,0,0,0
2254,1,0,0,0,0
2255,1,0,0,0,0
2256,1,0,0,0,0
2257,1,0,0,0,0
2258,1,0,0,0,0
2259,1,0,0,0,0
2260,1,0,0,0,0
2261,1,0,0,0,0
2262,1,0,0,0,0
2263,1,0,0,0,0
2264,1,0,0,0,0
2265,1,0,0,0,0
2266,1,0,0,0,0
2267,1,0,0,0,0
2268,1,0,0,0,0
2269,1,0,0,0,0
2270,1,0,0,0,0
2271,1,0,0,0,0
2272,1,0,0,0,0
2273,1,0,0,0,0
2274,1,0,0,0,0
2275,1,0,0,0,0
2276,1,0,0,0,0
2277,1,0,0,0,0
2278,1,0,0,0,0
2279,1,0,0,0,0
2280,1,0,0,0,0
2281,1,0,0,0,0
2282,1,0,0,0,0
2283,1,0,0,0,0
2284,1,0,0,0,0
2285,1,0,0,0,0
2286,1,0,0,0,0
2287,1,0,0,0,0
2288,1,0,0,0,0
2289,1,0,0,0,0
2290,1,0,0,0,0
2291,1,0,0,0,0
2292,1,0,0,0,0
2293,1,0,0,0,0
2294,1,0,0,0,0
2295,1,0,0,0,0
2296,1,0,0,0,0
2297,1,0,0,0,0
2298,1,0,0,0,0
2299,1,0,0,0,0
2300,1,0,0,0,0
2301,1,0,0,0,0
2302,1,0,0,0,0
2303,1,0,0,0,0
2304,1,0,0,0,0
2305,1,0,0,0,0
2306,1,0,0,0,0
2307,1,0,0,0,0
2308,1,0,0,0,0
2309,1,0,0,0,0
2310,1,0,0,0,0
2311,1,0,0,0,0
2312,1,0,0,0,0
2313,1,0,0,0,0
2314,1,0,0,0,0
2315,1,0,0,0,0
2316,1,0,0,0,0
2317,1,0,0,0,0
2318,1,0,0,0,0
2319,1,0,0,0,0
2320,1,0,0,0,0
2321,1,0,0,0,0
2322,1,0,0,0,0
2323,1,0,0,0,0
2324,1,0,0,0,0
2325,1,0,0,0,0
2326,1,0,0,0,0
2327,1,0,0,0,0
2328,1,0,0,0,0
2329,1,0,0,0,0
2330,1,0,0,0,0
2331,1,0,0,0,0
2332,1,0,0,0,0
2333,1,0,0,0,0
2334,1,0,0,0,0
2335,1,0,0,0,0
2336,1,0,0,0,0
2337,1,0,0,0,0
2338,1,0,0,0,0
2339,1,0,0,0,0
2340,1,0,0,0,0
2341,1,0,0,0,0
2342,1,0,0,0,0
2343,1,0,0,0,0
2344,1,0,0,0,0
2345,1,0,0,0,0
2346,1,0,0,0,0
2347,1,0,0,0,0
2348,1,0,0,0,0
2349,1,0,0,0,0
2350,1,0,0,0,0
2351,0,1,0,0,0
2352,0,1,0,0,0
2353,0,1,0,0,0
2354,0,1,0,0,0
2355,0,1,0,0,0
2356,0,1,0,0,0
2357,0,1,0,0,0
2358,0,1,0,0,0
2359,0,1,0,0,0
2360,0,1,0,0,0
2361,0,1,0,0,0
2362,0,1,0,0,0
2363,0,1,0,0,0
2364,0,1,0,0,0
2365,0,1,0,0,0
2366,0,1,0,0,0
2367,0,1,0,0,0
2368,0,1,0,0,0
2369,0,1,0,0,0
2370,0,1,0,0,0
2371,0,1,0,0,0
2372,0,1,0,0,0
2373,0,1,0,0,0
2374,0,1,0,0,0
2375,0,1,0,0,0
2376,0,1,0,0,0
2377,0,1,0,0,0
2378,0,1,0,0,0
2379,0,1,0,0,0
2380,0,1,0,0,0
2381,1,0,0,0,0
2382,1,0,0,0,0
2383,1,0,0,0,0
2384,1,0,0,0,0
2385,1,0,0,0,0
2386,1,0,0,0,0
2387,1,0,0,0,0
2388,1,0,0,0,0
2389,1,0,0,0,0
2390,1,0,0,0,0
2391,1,0,0,0,0
2392,1,0,0,0,0
2393,1,0,0,0,0
2394,1,0,0,0,0
2395,1,0,0,0,0
2396,1,0,0,0,0
2397,1,0,0,0,0
2398,1,0,0,0,0
2399,1,0,0,0,0
2400,1,0,0,0,0
2401,1,0,0,0,0
2402,1,0,0,0,0
2403,1,0,0,0,0
2404,1,0,0,0,0
2405,1,0,0,0,0
2406,1,0,0,0,0
2407,1,0,0,0,0
2408,1,0,0,0,0
2409,1,0,0,0,0
2410,1,0,0,0,0
2411,1,0,0,0,0
2412,1,0,0,0,0
2413,1,0,0,0,0
2414,1,0,0,0,0
2415,1,0,0,0,0
2416,1,0,0,0,0
2417,1,0,0,0,0
2418,1,0,0,0,0
2419,1,0,0,0,0
2420,1,0,0,0,0
2421,1,0,0,0,0
2422,1,0,0,0,0
2423,1,0,0,0,0
2424,1,0,0,0,0
2425,1,0,0,0,0
2426,1,0,0,0,0
2427,1,0,0,0,0
2428,1,0,0,0,0
2429,1,0,0,0,0
2430,1,0,0,0,0
2431,1,0,0,0,0
2432,1,0,0,0,0
2433,1,0,0,0,0
2434,1,0,0,0,0
2435,1,0,0,0,0
2436,1,0,0,0,0
2437,1,0,0,0,0
2438,1,0,0,0,0
2439,1,0,0,0,0
2440,1,0,0,0,0
2441,1,0,0,0,0
2442,1,0,0,0,0
2443,1,0,0,0,0
2444,1,0,0,0,0
2445,1,0,0,0,0
2446,1,0,0,0,0
2447,1,0,0,0,0
2448,1,0,0,0,0
2449,1,0,0,0,0
2450,1,0,0,0,0
2451,1,0,0,0,0
2452,1,0,0,0,0
2453,1,0,0,0,0
2454,1,0,0,0,0
2455,1,0,0,0,0
2456,1,0,0,0,0
2457,1,0,0,0,0
2458,1,0,0,0,0
2459,1,0,0,0,0
2460,1,0,0,0,0
2461,1,0,0,0,0
2462,1,0,0,0,0
2463,1,0,0,0,0
2464,1,0,0,0,0
2465,1,0,0,0,0
2466,1,0,0,0,0
2467,1,0,0,0,0
2468,1,0,0,0,0
2469,0,0,0,1,0
2470,0,0,0,1,0
2471,0,0,0,1,0
2472,0,0,0,1,0
2473,0,0,0,1,0
2474,0,0,0,1,0
2475,0,0,0,1,0
2476,0,0,0,1,0
2477,0,0,0,1,0
2478,0,0,0,1,0
2479,0,0,0,1,0
2480,1,0,0,0,0
2481,1,0,0,0,0
2482,1,0,0,0,0
2483,1,0,0,0,0
2484,1,0,0,0,0
2485,1,0,0,0,0
2486,1,0,0,0,0
2487,1,0,0,0,0
2488,1,0,0,0,0
2489,1,0,0,0,0
2490,1,0,0,0,0
2491,1,0,0,0,0
2492,1,0,0,0,0
2493,1,0,0,0,0
2494,1,0,0,0,0
2495,1,0,0,0,0
2496,1,0,0,0,0
2497,1,0,0,0,0
2498,1,0,0,0,0
2499,1,0,0,0,0
2500,1,0,0,0,0
2501,1,0,0,0,0
2502,1,0,0,0,0
2503,1,0,0,0,0
2504,1,0,0,0,0
2505,1,0,0,0,0
2506,1,0,0,0,0
2507,1,0,0,0,0
2508,1,0,0,0,0
2509,1,0,0,0,0
2510,1,0,0,0,0
2511,1,0,0,0,0
2512,1,0,0,0,0
2513,1,0,0,0,0
2514,1,0,0,0,0
2515,1,0,0,0,0
2516,1,0,0,0,0
2517,1,0,0,0,0
2518,1,0,0,0,0
2519,1,0,0,0,0
2520,1,0,0,0,0
2521,1,0,0,0,0
2522,1,0,0,0,0
2523,1,0,0,0,0
2524,1,0,0,0,0
2525,1,0,0,0,0
2526,1,0,0,0,0
2527,1,0,0,0,0
2528,1,0,0,0,0
2529,1,0,0,0,0
2530,1,0,0,0,0
2531,1,0,0,0,0
2532,1,0,0,0,0
2533,1,0,0,0,0
2534,1,0,0,0,0
2535,1,0,0,0,0
2536,1,0,0,0,0
2537,1,0,0,0,0
2538,1,0,0,0,0
2539,1,0,0,0,0
2540,1,0,0,0,0
2541,1,0,0,0,0
2542,1,0,0,0,0
2543,1,0,0,0,0
2544,1,0,0,0,0
2545,1,0,0,0,0
2546,1,0,0,0,0
2547,1,0,0,0,0
2548,1,0,0,0,0
2549,1,0,0,0,0
2550,1,0,0,0,0
2551,1,0,0,0,0
2552,1,0,0,0,0
2553,1,0,0,0,0
2554,1,0,0,0,0
2555,1,0,0,0,0
2556,1,0,0,0,0
2557,1,0,0,0,0
2558,1,0,0,0,0
2559,1,0,0,0,0
2560,1,0,0,0,0
2561,1,0,0,0,0
2562,1,0,0,0,0
2563,1,0,0,0,0
2564,1,0,0,0,0
2565,1,0,0,0,0
2566,1,0,0,0,0
2567,1,0,0,0,0
2568,1,0,0,0,0
2569,1,0,0,0,0
2570,1,0,0,0,0
2571,1,0,0,0,0
2572,1,0,0,0,0
2573,1,0,0,0,0
2574,1,0,0,0,0
2575,1,0,0,0,0
2576,1,0,0,0,0
2577,1,0,0,0,0
2578,1,0,0,0,0
2579,1,0,0,0,0
2580,1,0,0,0,0
2581,1,0,0,0,0
2582,1,0,0,0,0
2583,1,0,0,0,0
2584,1,0,0,0,0
2585,1,0,0,0,0
2586,1,0,0,0,0
2587,1,0,0,0,0
2588,1,0,0,0,0
2589,1,0,0,0,0
2590,1,0,0,0,0
2591,1,0,0,0,0
2592,1,0,0,0,0
2593,1,0,0,0,0
2594,1,0,0,0,0
2595,1,0,0,0,0
2596,1,0,0,0,0
2597,1,0,0,0,0
2598,1,0,0,0,0
2599,1,0,0,0,0
2600,1,0,0,0,0
2601,1,0,0,0,0
2602,1,0,0,0,0
2603,1,0,0,0,0
2604,1,0,0,0,0
2605,1,0,0,0,0
2606,1,0,0,0,0
2607,1,0,0,0,0
2608,1,0,0,0,0
2609,1,0,0,0,0
2610,1,0,0,0,0
2611,1,0,0,0,0
2612,1,0,0,0,0
2613,1,0,0,0,0
2614,1,0,0,0,0
2615,1,0,0,0,0
2616,1,0,0,0,0
2617,1,0,0,0,0
2618,1,0,0,0,0
2619,1,0,0,0,0
2620,1,0,0,0,0
2621,1,0,0,0,0
2622,1,0,0,0,0
2623,1,0,0,0,0
2624,1,0,0,0,0
2625,1,0,0,0,0
2626,1,0,0,0,0
2627,1,0,0,0,0
2628,1,0,0,0,0
2629,1,0,0,0,0
2630,1,0,0,0,0
2631,1,0,0,0,0
2632,1,0,0,0,0
2633,1,0,0,0,0
2634,1,0,0,0,0
2635,1,0,0,0,0
2636,1,0,0,0,0
2637,1,0,0,0,0
2638,1,0,0,0,0
2639,1,0,0,0,0
2640,1,0,0,0,0
2641,1,0,0,0,0
2642,1,0,0,0,0
2643,1,0,0,0,0
2644,1,0,0,0,0
2645,1,0,0,0,0
2646,1,0,0,0,0
2647,1,0,0,0,0
2648,1,0,0,0,0
2649,1,0,0,0,0
2650,1,0,0,0,0
2651,1,0,0,0,0
2652,1,0,0,0,0
2653,1,0,0,0,0
2654,1,0,0,0,0
2655,1,0,0,0,0
2656,1,0,0,0,0
2657,1,0,0,0,0
2658,1,0,0,0,0
2659,1,0,0,0,0
2660,1,0,0,0,0
2661,1,0,0,0,0
2662,1,0,0,0,0
2663,1,0,0,0,0
2664,1,0,0,0,0
2665,1,0,0,0,0
2666,1,0,0,0,0
2667,1,0,0,0,0
2668,1,0,0,0,0
2669,1,0,0,0,0
2670,1,0,0,0,0
2671,1,0,0,0,0
2672,1,0,0,0,0
2673,1,0,0,0,0
2674,1,0,0,0,0
2675,1,0,0,0,0
2676,1,0,0,0,0
2677,1,0,0,0,0
2678,1,0,0,0,0
2679,1,0,0,0,0
2680,1,0,0,0,0
2681,1,0,0,0,0
2682,1,0,0,0,0
2683,1,0,0,0,0
2684,1,0,0,0,0
2685,1,0,0,0,0
2686,1,0,0,0,0
2687,1,0,0,0,0
2688,1,0,0,0,0
2689,1,0,0,0,0
2690,1,0,0,0,0
2691,1,0,0,0,0
2692,1,0,0,0,0
2693,1,0,0,0,0
2694,1,0,0,0,0
2695,1,0,0,0,0
2696,1,0,0,0,0
2697,1,0,0,0,0
2698,1,0,0,0,0
2699,1,0,0,0,0
2700,1,0,0,0,0
2701,1,0,0,0,0
2702,1,0,0,0,0
2703,1,0,0,0,0
2704,1,0,0,0,0
2705,1,0,0,0,0
2706,1,0,0,0,0
2707,1,0,0,0,0
2708,1,0,0,0,0
2709,1,0,0,0,0
2710,1,0,0,0,0
2711,1,0,0,0,0
2712,1,0,0,0,0
2713,1,0,0,0,0
2714,1,0,0,0,0
2715,1,0,0,0,0
2716,1,0,0,0,0
2717,1,0,0,0,0
2718,1,0,0,0,0
2719,1,0,0,0,0
2720,1,0,0,0,0
2721,1,0,0,0,0
2722,1,0,0,0,0
2723,1,0,0,0,0
2724,1,0,0,0,0
2725,1,0,0,0,0
2726,1,0,0,0,0
2727,1,0,0,0,0
2728,1,0,0,0,0
2729,1,0,0,0,0
2730,1,0,0,0,0
2731,1,0,0,0,0
2732,1,0,0,0,0
2733,1,0,0,0,0
2734,1,0,0,0,0
2735,1,0,0,0,0
2736,1,0,0,0,0
2737,1,0,0,0,0
2738,1,0,0,0,0
2739,1,0,0,0,0
2740,1,0,0,0,0
2741,1,0,0,0,0
2742,1,0,0,0,0
2743,1,0,0,0,0
2744,1,0,0,0,0
2745,1,0,0,0,0
2746,1,0,0,0,0
2747,1,0,0,0,0
2748,1,0,0,0,0
2749,1,0,0,0,0
2750,1,0,0,0,0
2751,1,0,0,0,0
2752,1,0,0,0,0
2753,1,0,0,0,0
2754,1,0,0,0,0
2755,1,0,0,0,0
2756,1,0,0,0,0
2757,1,0,0,0,0
2758,1,0,0,0,0
2759,1,0,0,0,0
2760,1,0,0,0,0
2761,1,0,0,0,0
2762,1,0,0,0,0
2763,1,0,0,0,0
2764,1,0,0,0,0
2765,1,0,0,0,0
2766,1,0,0,0,0
2767,1,0,0,0,0
2768,1,0,0,0,0
2769,1,0,0,0,0
2770,1,0,0,0,0
2771,1,0,0,0,0
2772,1,0,0,0,0
2773,1,0,0,0,0
2774,1,0,0,0,0
2775,1,0,0,0,0
2776,1,0,0,0,0
2777,1,0,0,0,0
2778,1,0,0,0,0
2779,1,0,0,0,0
2780,1,0,0,0,0
2781,1,0,0,0,0
2782,1,0,0,0,0
2783,1,0,0,0,0
2784,1,0,0,0,0
2785,1,0,0,0,0
2786,1,0,0,0,0
2787,1,0,0,0,0
2788,1,0,0,0,0
2789,1,0,0,0,0
2790,1,0,0,0,0
2791,1,0,0,0,0
2792,1,0,0,0,0
2793,1,0,0,0,0
2794,1,0,0,0,0
2795,1,0,0,0,0
2796,1,0,0,0,0
2797,1,0,0,0,0
2798,1,0,0,0,0
2799,1,0,0,0,0
2800,1,0,0,0,0
2801,1,0,0,0,0
2802,1,0,0,0,0
2803,1,0,0,0,0
2804,1,0,0,0,0
2805,1,0,0,0,0
2806,1,0,0,0,0
2807,1,0,0,0,0
2808,1,0,0,0,0
2809,1,0,0,0,0
2810,1,0,0,0,0
2811,1,0,0,0,0
2812,1,0,0,0,0
2813,1,0,0,0,0
2814,1,0,0,0,0
2815,1,0,0,0,0
2816,1,0,0,0,0
2817,1,0,0,0,0
2818,1,0,0,0,0
2819,1,0,0,0,0
2820,1,0,0,0,0
2821,1,0,0,0,0
2822,1,0,0,0,0
2823,1,0,0,0,0
2824,1,0,0,0,0
2825,1,0,0,0,0
2826,1,0,0,0,0
2827,1,0,0,0,0
2828,1,0,0,0,0
2829,1,0,0,0,0
2830,1,0,0,0,0
2831,1,0,0,0,0
2832,1,0,0,0,0
2833,1,0,0,0,0
2834,1,0,0,0,0
2835,1,0,0,0,0
2836,1,0,0,0,0
2837,1,0,0,0,0
2838,1,0,0,0,0
2839,1,0,0,0,0
2840,1,0,0,0,0
2841,1,0,0,0,0
2842,1,0,0,0,0
2843,1,0,0,0,0
2844,1,0,0,0,0
2845,1,0,0,0,0
2846,1,0,0,0,0
2847,1,0,0,0,0
2848,1,0,0,0,0
2849,1,0,0,0,0
2850,1,0,0,0,0
2851,1,0,0,0,0
2852,1,0,0,0,0
2853,1,0,0,0,0
2854,1,0,0,0,0
2855,1,0,0,0,0
2856,1,0,0,0,0
2857,1,0,0,0,0
2858,1,0,0,0,0
2859,1,0,0,0,0
2860,1,0,0,0,0
2861,1,0,0,0,0
2862,1,0,0,0,0
2863,1,0,0,0,0
2864,1,0,0,0,0
2865,1,0,0,0,0
2866,1,0,0,0,0
2867,1,0,0,0,0
2868,1,0,0,0,0
2869,1,0,0,0,0
2870,1,0,0,0,0
2871,1,0,0,0,0
2872,1,0,0,0,0
2873,1,0,0,0,0
2874,1,0,0,0,0
2875,1,0,0,0,0
2876,1,0,0,0,0
2877,1,0,0,0,0
2878,1,0,0,0,0
2879,1,0,0,0,0
2880,1,0,0,0,0
2881,1,0,0,0,0
2882,1,0,0,0,0
2883,1,0,0,0,0
2884,1,0,0,0,0
2885,1,0,0,0,0
2886,1,0,0,0,0
2887,1,0,0,0,0
2888,1,0,0,0,0
2889,1,0,0,0,0
2890,1,0,0,0,0
2891,1,0,0,0,0
2892,1,0,0,0,0
2893,1,0,0,0,0
2894,1,0,0,0,0
2895,1,0,0,0,0
2896,1,0,0,0,0
2897,1,0,0,0,0
2898,1,0,0,0,0
2899,1,0,0,0,0
2900,1,0,0,0,0
2901,1,0,0,0,0
2902,1,0,0,0,0
2903,1,0,0,0,0
2904,1,0,0,0,0
2905,1,0,0,0,0
2906,1,0,0,0,0
2907,1,0,0,0,0
2908,1,0,0,0,0
2909,1,0,0,0,0
2910,1,0,0,0,0
2911,1,0,0,0,0
2912,1,0,0,0,0
2913,1,0,0,0,0
2914,1,0,0,0,0
2915,1,0,0,0,0
2916,1,0,0,0,0
2917,1,0,0,0,0
2918,1,0,0,0,0
2919,1,0,0,0,0
2920,1,0,0,0,0
2921,1,0,0,0,0
2922,1,0,0,0,0
2923,1,0,0,0,0
2924,1,0,0,0,0
2925,1,0,0,0,0
2926,1,0,0,0,0
2927,1,0,0,0,0
2928,1,0,0,0,0
2929,1,0,0,0,0
2930,1,0,0,0,0
2931,1,0,0,0,0
2932,1,0,0,0,0
2933,1,0,0,0,0
2934,1,0,0,0,0
2935,1,0,0,0,0
2936,1,0,0,0,0
2937,1,0,0,0,0
2938,1,0,0,0,0
2939,1,0,0,0,0
2940,1,0,0,0,0
2941,1,0,0,0,0
2942,1,0,0,0,0
2943,1,0,0,0,0
2944,1,0,0,0,0
2945,1,0,0,0,0
2946,1,0,0,0,0
2947,1,0,0,0,0
2948,1,0,0,0,0
2949,1,0,0,0,0
2950,1,0,0,0,0
2951,1,0,0,0,0
2952,1,0,0,0,0
2953,1,0,0,0,0
2954,1,0,0,0,0
2955,1,0,0,0,0
2956,1,0,0,0,0
2957,1,0,0,0,0
2958,1,0,0,0,0
2959,1,0,0,0,0
2960,1,0,0,0,0
2961,1,0,0,0,0
2962,1,0,0,0,0
2963,1,0,0,0,0
2964,1,0,0,0,0
2965,1,0,0,0,0
2966,1,0,0,0,0
2967,1,0,0,0,0
2968,1,0,0,0,0
2969,1,0,0,0,0
2970,1,0,0,0,0
2971,1,0,0,0,0
2972,1,0,0,0,0
2973,1,0,0,0,0
2974,1,0,0,0,0
2975,1,0,0,0,0
2976,1,0,0,0,0
2977,1,0,0,0,0
2978,1,0,0,0,0
2979,1,0,0,0,0
2980,1,0,0,0,0
2981,1,0,0,0,0
2982,1,0,0,0,0
2983,1,0,0,0,0
2984,1,0,0,0,0
2985,1,0,0,0,0
2986,1,0,0,0,0
2987,1,0,0,0,0
2988,1,0,0,0,0
2989,1,0,0,0,0
2990,1,0,0,0,0
2991,1,0,0,0,0
2992,1,0,0,0,0
2993,1,0,0,0,0
2994,1,0,0,0,0
2995,1,0,0,0,0
2996,1,0,0,0,0
2997,1,0,0,0,0
2998,1,0,0,0,0
2999,1,0,0,0,0
3000,1,0,0,0,0
3001,1,0,0,0,0
3002,1,0,0,0,0
3003,1,0,0,0,0
3004,1,0,0,0,0
3005,1,0,0,0,0
3006,1,0,0,0,0
3007,1,0,0,0,0
3008,1,0,0,0,0
3009,1,0,0,0,0
3010,1,0,0,0,0
3011,1,0,0,0,0
3012,1,0,0,0,0
3013,1,0,0,0,0
3014,1,0,0,0,0
3015,1,0,0,0,0
3016,1,0,0,0,0
3017,1,0,0,0,0
3018,1,0,0,0,0
3019,1,0,0,0,0
3020,1,0,0,0,0
3021,1,0,0,0,0
3022,1,0,0,0,0
3023,1,0,0,0,0
3024,1,0,0,0,0
3025,1,0,0,0,0
3026,1,0,0,0,0
3027,1,0,0,0,0
3028,1,0,0,0,0
3029,1,0,0,0,0
3030,1,0,0,0,0
3031,1,0,0,0,0
3032,1,0,0,0,0
3033,1,0,0,0,0
3034,1,0,0,0,0
3035,1,0,0,0,0
3036,1,0,0,0,0
3037,1,0,0,0,0
3038,1,0,0,0,0
3039,1,0,0,0,0
3040,1,0,0,0,0
3041,1,0,0,0,0
3042,1,0,0,0,0
3043,1,0,0,0,0
3044,1,0,0,0,0
3045,1,0,0,0,0
3046,1,0,0,0,0
3047,1,0,0,0,0
3048,1,0,0,0,0
3049,1,0,0,0,0
3050,1,0,0,0,0
3051,1,0,0,0,0
3052,1,0,0,0,0
3053,1,0,0,0,0
3054,1,0,0,0,0
3055,1,0,0,0,0
3056,1,0,0,0,0
3057,1,0,0,0,0
3058,1,0,0,0,0
3059,1,0,0,0,0
3060,1,0,0,0,0
3061,1,0,0,0,0
3062,1,0,0,0,0
3063,1,0,0,0,0
3064,1,0,0,0,0
3065,1,0,0,0,0
3066,1,0,0,0,0
3067,1,0,0,0,0
3068,1,0,0,0,0
3069,1,0,0,0,0
3070,1,0,0,0,0
3071,1,0,0,0,0
3072,1,0,0,0,0
3073,1,0,0,0,0
3074,1,0,0,0,0
3075,1,0,0,0,0
3076,1,0,0,0,0
3077,1,0,0,0,0
3078,1,0,0,0,0
3079,1,0,0,0,0
3080,1,0,0,0,0
3081,1,0,0,0,0
3082,1,0,0,0,0
3083,1,0,0,0,0
3084,1,0,0,0,0
3085,1,0,0,0,0
3086,1,0,0,0,0
3087,1,0,0,0,0
3088,1,0,0,0,0
3089,1,0,0,0,0
3090,1,0,0,0,0
3091,1,0,0,0,0
3092,1,0,0,0,0
3093,1,0,0,0,0
3094,1,0,0,0,0
3095,1,0,0,0,0
3096,1,0,0,0,0
3097,1,0,0,0,0
3098,1,0,0,0,0
3099,1,0,0,0,0
3100,1,0,0,0,0
3101,1,0,0,0,0
3102,1,0,0,0,0
3103,0,1,0,0,0
3104,0,1,0,0,0
3105,0,1,0,0,0
3106,0,1,0,0,0
3107,0,1,0,0,0
3108,0,1,0,0,0
3109,0,1,0,0,0
3110,0,1,0,0,0
3111,0,1,0,0,0
3112,0,1,0,0,0
3113,0,1,0,0,0
3114,0,1,0,0,0
3115,0,1,0,0,0
3116,0,1,0,0,0
3117,0,1,0,0,0
3118,0,1,0,0,0
3119,0,1,0,0,0
3120,0,1,0,0,0
3121,0,1,0,0,0
3122,0,1,0,0,0
3123,0,1,0,0,0
3124,0,1,0,0,0
3125,0,1,0,0,0
3126,0,1,0,0,0
3127,0,1,0,0,0
3128,0,1,0,0,0
3129,0,1,0,0,0
3130,1,0,0,0,0
3131,1,0,0,0,0
3132,1,0,0,0,0
3133,1,0,0,0,0
3134,1,0,0,0,0
3135,1,0,0,0,0
3136,1,0,0,0,0
3137,1,0,0,0,0
3138,1,0,0,0,0
3139,1,0,0,0,0
3140,1,0,0,0,0
3141,1,0,0,0,0
3142,1,0,0,0,0
3143,1,0,0,0,0
3144,1,0,0,0,0
3145,1,0,0,0,0
3146,1,0,0,0,0
3147,1,0,0,0,0
3148,1,0,0,0,0
3149,1,0,0,0,0
3150,1,0,0,0,0
3151,1,0,0,0,0
3152,1,0,0,0,0
3153,1,0,0,0,0
3154,1,0,0,0,0
3155,1,0,0,0,0
3156,1,0,0,0,0
3157,1,0,0,0,0
3158,1,0,0,0,0
3159,1,0,0,0,0
3160,1,0,0,0,0
3161,1,0,0,0,0
3162,1,0,0,0,0
3163,1,0,0,0,0
3164,1,0,0,0,0
3165,1,0,0,0,0
3166,1,0,0,0,0
3167,1,0,0,0,0
3168,0,1,0,0,0
3169,0,1,0,0,0
3170,0,1,0,0,0
3171,0,1,0,0,0
3172,0,1,0,0,0
3173,0,1,0,0,0
3174,0,1,0,0,0
3175,0,1,0,0,0
3176,0,1,0,0,0
3177,0,1,0,0,0
3178,0,1,0,0,0
3179,0,1,0,0,0
3180,0,1,0,0,0
3181,0,1,0,0,0
3182,0,1,0,0,0
3183,0,1,0,0,0
3184,0,1,0,0,0
3185,0,1,0,0,0
3186,0,1,0,0,0
3187,0,1,0,0,0
3188,0,1,0,0,0
3189,0,1,0,0,0
3190,0,1,0,0,0
3191,0,1,0,0,0
3192,0,1,0,0,0
3193,0,1,0,0,0
3194,0,1,0,0,0
3195,0,1,0,0,0
3196,0,1,0,0,0
3197,0,1,0,0,0
3198,0,1,0,0,0
3199,0,1,0,0,0
3200,0,1,0,0,0
3201,0,1,0,0,0
3202,0,1,0,0,0
3203,1,0,0,0,0
3204,1,0,0,0,0
3205,1,0,0,0,0
3206,1,0,0,0,0
3207,1,0,0,0,0
3208,1,0,0,0,0
3209,1,0,0,0,0
3210,1,0,0,0,0
3211,1,0,0,0,0
3212,1,0,0,0,0
3213,1,0,0,0,0
3214,1,0,0,0,0
3215,1,0,0,0,0
3216,1,0,0,0,0
3217,1,0,0,0,0
3218,1,0,0,0,0
3219,1,0,0,0,0
3220,1,0,0,0,0
3221,1,0,0,0,0
3222,1,0,0,0,0
3223,1,0,0,0,0
3224,1,0,0,0,0
3225,1,0,0,0,0
3226,1,0,0,0,0
3227,1,0,0,0,0
3228,1,0,0,0,0
3229,1,0,0,0,0
3230,1,0,0,0,0
3231,1,0,0,0,0
3232,1,0,0,0,0
3233,1,0,0,0,0
3234,1,0,0,0,0
3235,1,0,0,0,0
3236,1,0,0,0,0
3237,1,0,0,0,0
3238,1,0,0,0,0
3239,1,0,0,0,0
3240,1,0,0,0,0
3241,1,0,0,0,0
3242,1,0,0,0,0
3243,1,0,0,0,0
3244,1,0,0,0,0
3245,1,0,0,0,0
3246,1,0,0,0,0
3247,1,0,0,0,0
3248,1,0,0,0,0
3249,1,0,0,0,0
3250,1,0,0,0,0
3251,1,0,0,0,0
3252,1,0,0,0,0
3253,1,0,0,0,0
3254,1,0,0,0,0
3255,1,0,0,0,0
3256,1,0,0,0,0
3257,1,0,0,0,0
3258,1,0,0,0,0
3259,1,0,0,0,0
3260,1,0,0,0,0
3261,1,0,0,0,0
3262,1,0,0,0,0
3263,1,0,0,0,0
3264,1,0,0,0,0
3265,1,0,0,0,0
3266,1,0,0,0,0
3267,1,0,0,0,0
3268,1,0,0,0,0
3269,1,0,0,0,0
3270,1,0,0,0,0
3271,1,0,0,0,0
3272,1,0,0,0,0
3273,1,0,0,0,0
3274,1,0,0,0,0
3275,1,0,0,0,0
3276,1,0,0,0,0
3277,1,0,0,0,0
3278,1,0,0,0,0
3279,1,0,0,0,0
3280,1,0,0,0,0
3281,1,0,0,0,0
3282,1,0,0,0,0
3283,1,0,0,0,0
3284,1,0,0,0,0
3285,1,0,0,0,0
3286,1,0,0,0,0
3287,1,0,0,0,0
3288,1,0,0,0,0
3289,1,0,0,0,0
3290,1,0,0,0,0
3291,1,0,0,0,0
3292,1,0,0,0,0
3293,1,0,0,0,0
3294,1,0,0,0,0
3295,1,0,0,0,0
3296,1,0,0,0,0
3297,1,0,0,0,0
3298,1,0,0,0,0
3299,1,0,0,0,0
3300,1,0,0,0,0
3301,1,0,0,0,0
3302,1,0,0,0,0
3303,1,0,0,0,0
3304,1,0,0,0,0
3305,1,0,0,0,0
3306,1,0,0,0,0
3307,1,0,0,0,0
3308,1,0,0,0,0
3309,1,0,0,0,0
3310,1,0,0,0,0
3311,1,0,0,0,0
3312,1,0,0,0,0
3313,1,0,0,0,0
3314,1,0,0,0,0
3315,1,0,0,0,0
3316,1,0,0,0,0
3317,1,0,0,0,0
3318,1,0,0,0,0
3319,1,0,0,0,0
3320,1,0,0,0,0
3321,1,0,0,0,0
3322,1,0,0,0,0
3323,1,0,0,0,0
3324,1,0,0,0,0
3325,1,0,0,0,0
3326,1,0,0,0,0
3327,1,0,0,0,0
3328,1,0,0,0,0
3329,1,0,0,0,0
3330,1,0,0,0,0
3331,1,0,0,0,0
3332,1,0,0,0,0
3333,1,0,0,0,0
3334,1,0,0,0,0
3335,1,0,0,0,0
3336,1,0,0,0,0
3337,1,0,0,0,0
3338,1,0,0,0,0
3339,1,0,0,0,0
3340,1,0,0,0,0
3341,1,0,0,0,0
3342,1,0,0,0,0
3343,1,0,0,0,0
3344,1,0,0,0,0
3345,1,0,0,0,0
3346,1,0,0,0,0
3347,1,0,0,0,0
3348,1,0,0,0,0
3349,1,0,0,0,0
3350,1,0,0,0,0
3351,1,0,0,0,0
3352,1,0,0,0,0
3353,1,0,0,0,0
3354,1,0,0,0,0
3355,1,0,0,0,0
3356,1,0,0,0,0
3357,1,0,0,0,0
3358,1,0,0,0,0
3359,1,0,0,0,0
3360,1,0,0,0,0
3361,1,0,0,0,0
3362,1,0,0,0,0
3363,1,0,0,0,0
3364,1,0,0,0,0
3365,1,0,0,0,0
3366,1,0,0,0,0
3367,1,0,0,0,0
3368,1,0,0,0,0
3369,1,0,0,0,0
3370,1,0,0,0,0
3371,1,0,0,0,0
3372,1,0,0,0,0
3373,1,0,0,0,0
3374,1,0,0,0,0
3375,1,0,0,0,0
3376,1,0,0,0,0
3377,1,0,0,0,0
3378,1,0,0,0,0
3379,1,0,0,0,0
3380,1,0,0,0,0
3381,1,0,0,0,0
3382,1,0,0,0,0
3383,1,0,0,0,0
3384,1,0,0,0,0
3385,1,0,0,0,0
3386,1,0,0,0,0
3387,1,0,0,0,0
3388,1,0,0,0,0
3389,1,0,0,0,0
3390,1,0,0,0,0
3391,1,0,0,0,0
3392,1,0,0,0,0
3393,1,0,0,0,0
3394,1,0,0,0,0
3395,1,0,0,0,0
3396,1,0,0,0,0
3397,1,0,0,0,0
3398,1,0,0,0,0
3399,1,0,0,0,0
3400,1,0,0,0,0
3401,1,0,0,0,0
3402,1,0,0,0,0
3403,1,0,0,0,0
3404,1,0,0,0,0
3405,1,0,0,0,0
3406,1,0,0,0,0
3407,1,0,0,0,0
3408,1,0,0,0,0
3409,1,0,0,0,0
3410,1,0,0,0,0
3411,1,0,0,0,0
3412,1,0,0,0,0
3413,1,0,0,0,0
3414,1,0,0,0,0
3415,1,0,0,0,0
3416,1,0,0,0,0
3417,1,0,0,0,0
3418,1,0,0,0,0
3419,1,0,0,0,0
3420,1,0,0,0,0
3421,1,0,0,0,0
3422,1,0,0,0,0
3423,1,0,0,0,0
3424,1,0,0,0,0
3425,1,0,0,0,0
3426,1,0,0,0,0
3427,1,0,0,0,0
3428,1,0,0,0,0
3429,1,0,0,0,0
3430,1,0,0,0,0
3431,1,0,0,0,0
3432,1,0,0,0,0
3433,1,0,0,0,0
3434,1,0,0,0,0
3435,1,0,0,0,0
3436,1,0,0,0,0
3437,1,0,0,0,0
3438,1,0,0,0,0
3439,1,0,0,0,0
3440,1,0,0,0,0
3441,1,0,0,0,0
3442,1,0,0,0,0
3443,1,0,0,0,0
3444,1,0,0,0,0
3445,1,0,0,0,0
3446,1,0,0,0,0
3447,1,0,0,0,0
3448,1,0,0,0,0
3449,1,0,0,0,0
3450,1,0,0,0,0
3451,1,0,0,0,0
3452,1,0,0,0,0
3453,1,0,0,0,0
3454,1,0,0,0,0
3455,1,0,0,0,0
3456,1,0,0,0,0
3457,1,0,0,0,0
3458,1,0,0,0,0
3459,1,0,0,0,0
3460,1,0,0,0,0
3461,1,0,0,0,0
3462,1,0,0,0,0
3463,1,0,0,0,0
3464,1,0,0,0,0
3465,1,0,0,0,0
3466,1,0,0,0,0
3467,1,0,0,0,0
3468,1,0,0,0,0
3469,1,0,0,0,0
3470,1,0,0,0,0
3471,1,0,0,0,0
3472,1,0,0,0,0
3473,1,0,0,0,0
3474,1,0,0,0,0
3475,1,0,0,0,0
3476,1,0,0,0,0
3477,1,0,0,0,0
3478,1,0,0,0,0
3479,1,0,0,0,0
3480,1,0,0,0,0
3481,1,0,0,0,0
3482,1,0,0,0,0
3483,1,0,0,0,0
3484,1,0,0,0,0
3485,1,0,0,0,0
3486,1,0,0,0,0
3487,1,0,0,0,0
3488,1,0,0,0,0
3489,1,0,0,0,0
3490,1,0,0,0,0
3491,1,0,0,0,0
3492,1,0,0,0,0
3493,1,0,0,0,0
3494,1,0,0,0,0
3495,1,0,0,0,0
3496,1,0,0,0,0
3497,1,0,0,0,0
3498,1,0,0,0,0
3499,1,0,0,0,0
3500,1,0,0,0,0
3501,1,0,0,0,0
3502,1,0,0,0,0
3503,1,0,0,0,0
3504,1,0,0,0,0
3505,1,0,0,0,0
3506,1,0,0,0,0
3507,1,0,0,0,0
3508,1,0,0,0,0
3509,1,0,0,0,0
3510,1,0,0,0,0
3511,1,0,0,0,0
3512,1,0,0,0,0
3513,1,0,0,0,0
3514,1,0,0,0,0
3515,1,0,0,0,0
3516,1,0,0,0,0
3517,1,0,0,0,0
3518,1,0,0,0,0
3519,1,0,0,0,0
3520,1,0,0,0,0
3521,1,0,0,0,0
3522,1,0,0,0,0
3523,1,0,0,0,0
3524,1,0,0,0,0
3525,1,0,0,0,0
3526,1,0,0,0,0
3527,1,0,0,0,0
3528,1,0,0,0,0
3529,1,0,0,0,0
3530,1,0,0,0,0
3531,1,0,0,0,0
3532,1,0,0,0,0
3533,1,0,0,0,0
3534,1,0,0,0,0
3535,1,0,0,0,0
3536,1,0,0,0,0
3537,1,0,0,0,0
3538,1,0,0,0,0
3539,1,0,0,0,0
3540,1,0,0,0,0
3541,1,0,0,0,0
3542,1,0,0,0,0
3543,1,0,0,0,0
3544,1,0,0,0,0
3545,1,0,0,0,0
3546,1,0,0,0,0
3547,1,0,0,0,0
3548,1,0,0,0,0
3549,1,0,0,0,0
3550,1,0,0,0,0
3551,1,0,0,0,0
3552,1,0,0,0,0
3553,1,0,0,0,0
3554,1,0,0,0,0
3555,1,0,0,0,0
3556,1,0,0,0,0
3557,1,0,0,0,0
3558,1,0,0,0,0
3559,1,0,0,0,0
3560,1,0,0,0,0
3561,1,0,0,0,0
3562,1,0,0,0,0
3563,1,0,0,0,0
3564,1,0,0,0,0
3565,1,0,0,0,0
3566,1,0,0,0,0
3567,1,0,0,0,0
3568,1,0,0,0,0
3569,1,0,0,0,0
3570,1,0,0,0,0
3571,1,0,0,0,0
3572,1,0,0,0,0
3573,1,0,0,0,0
3574,1,0,0,0,0
3575,1,0,0,0,0
3576,1,0,0,0,0
3577,1,0,0,0,0
3578,1,0,0,0,0
3579,1,0,0,0,0
3580,1,0,0,0,0
3581,1,0,0,0,0
3582,1,0,0,0,0
3583,1,0,0,0,0
3584,1,0,0,0,0
3585,0,0,0,0,1
3586,0,0,0,0,1
3587,0,0,0,0,1
3588,0,0,0,0,1
3589,0,0,0,0,1
3590,0,0,0,0,1
3591,0,0,0,0,1
3592,0,0,0,0,1
3593,0,0,0,0,1
3594,0,0,0,0,1
3595,0,0,0,0,1
3596,0,0,0,0,1
3597,0,0,0,0,1
3598,0,0,0,0,1
3599,0,0,0,0,1
3600,0,0,0,0,1
3601,0,0,0,0,1
3602,0,0,0,0,1
3603,0,0,0,0,1
3604,0,0,0,0,1
3605,0,0,0,0,1
3606,0,0,0,0,1
3607,0,0,0,0,1
3608,0,0,0,0,1
3609,0,0,0,0,1
3610,0,0,0,0,1
3611,0,0,0,0,1
3612,0,0,0,0,1
3613,0,0,0,0,1
3614,0,0,0,0,1
3615,0,0,0,0,1
3616,0,0,0,0,1
3617,0,0,0,0,1
3618,0,0,0,0,1
3619,0,0,0,0,1
3620,0,0,0,0,1
3621,0,0,0,0,1
3622,0,0,0,0,1
3623,0,0,0,0,1
3624,0,0,0,0,1
3625,0,0,0,0,1
3626,0,0,0,0,1
3627,0,0,0,0,1
3628,0,0,0,0,1
3629,0,0,0,0,1
3630,0,0,0,0,1
3631,0,0,0,0,1
3632,0,0,0,0,1
3633,0,0,0,0,1
3634,0,0,0,0,1
3635,0,0,0,0,1
3636,0,0,0,0,1
3637,0,0,0,0,1
3638,0,0,0,0,1
3639,0,0,0,0,1
3640,0,0,0,0,1
3641,0,0,0,0,1
3642,0,0,0,0,1
3643,0,0,0,0,1
3644,0,0,0,0,1
3645,0,0,0,0,1
3646,0,0,0,0,1
3647,0,0,0,0,1
3648,0,0,0,0,1
3649,0,0,0,0,1
3650,0,0,0,0,1
3651,0,0,0,0,1
3652,0,0,0,0,1
3653,0,0,0,0,1
3654,0,0,0,0,1
3655,0,0,0,0,1
3656,0,0,0,0,1
3657,0,0,0,0,1
3658,0,0,0,0,1
3659,0,0,0,0,1
3660,0,0,0,0,1
3661,0,0,0,0,1
3662,0,0,0,0,1
3663,0,0,0,0,1
3664,0,0,0,0,1
3665,0,0,0,0,1
3666,0,0,0,0,1
3667,0,0,0,0,1
3668,0,0,0,0,1
3669,0,0,0,0,1
3670,0,0,0,0,1
3671,0,0,0,0,1
3672,0,0,0,0,1
3673,0,0,0,0,1
3674,0,0,0,0,1
3675,0,0,0,0,1
3676,0,0,0,0,1
3677,0,0,0,0,1
3678,0,0,0,0,1
3679,0,0,0,0,1
3680,0,0,0,0,1
3681,0,0,0,0,1
3682,0,0,0,0,1
3683,0,0,0,0,1
3684,0,0,0,0,1
3685,0,0,0,0,1
3686,0,0,0,0,1
3687,0,0,0,0,1
3688,0,0,0,0,1
3689,0,0,0,0,1
3690,0,0,0,0,1
3691,0,0,0,0,1
3692,0,0,0,0,1
3693,0,0,0,0,1
3694,0,0,0,0,1
3695,0,0,0,0,1
3696,0,0,0,0,1
3697,0,0,0,0,1
3698,0,0,0,0,1
3699,0,0,0,0,1
3700,0,0,0,0,1
3701,0,0,0,0,1
3702,0,0,0,0,1
3703,0,0,0,0,1
3704,0,0,0,0,1
3705,0,0,0,0,1
3706,0,0,0,0,1
3707,0,0,0,0,1
3708,0,0,0,0,1
3709,0,0,0,0,1
3710,0,0,0,0,1
3711,0,0,0,0,1
3712,0,0,0,0,1
3713,0,0,0,0,1
3714,0,0,0,0,1
3715,0,0,0,0,1
3716,0,0,0,0,1
3717,0,0,0,0,1
3718,0,0,0,0,1
3719,0,0,0,0,1
3720,0,0,0,0,1
3721,0,0,0,0,1
3722,0,0,0,0,1
3723,0,0,0,0,1
3724,0,0,0,0,1
3725,0,0,0,0,1
3726,0,0,0,0,1
3727,0,0,0,0,1
3728,0,0,0,0,1
3729,0,0,0,0,1
3730,0,0,0,0,1
3731,0,0,0,0,1
3732,0,0,0,0,1
3733,1,0,0,0,0
3734,1,0,0,0,0
3735,1,0,0,0,0
3736,1,0,0,0,0
3737,1,0,0,0,0
3738,1,0,0,0,0
3739,1,0,0,0,0
3740,1,0,0,0,0
3741,1,0,0,0,0
3742,1,0,0,0,0
3743,1,0,0,0,0
3744,1,0,0,0,0
3745,1,0,0,0,0
3746,1,0,0,0,0
3747,1,0,0,0,0
3748,1,0,0,0,0
3749,1,0,0,0,0
3750,1,0,0,0,0
3751,1,0,0,0,0
3752,1,0,0,0,0
3753,1,0,0,0,0
3754,1,0,0,0,0
3755,1,0,0,0,0
3756,1,0,0,0,0
3757,1,0,0,0,0
3758,1,0,0,0,0
3759,1,0,0,0,0
3760,1,0,0,0,0
3761,1,0,0,0,0
3762,1,0,0,0,0
3763,1,0,0,0,0
3764,1,0,0,0,0
3765,1,0,0,0,0
3766,1,0,0,0,0
3767,1,0,0,0,0
3768,1,0,0,0,0
3769,1,0,0,0,0
3770,1,0,0,0,0
3771,1,0,0,0,0
3772,1,0,0,0,0
3773,1,0,0,0,0
3774,1,0,0,0,0
3775,1,0,0,0,0
3776,1,0,0,0,0
3777,1,0,0,0,0
3778,1,0,0,0,0
3779,1,0,0,0,0
3780,1,0,0,0,0
3781,1,0,0,0,0
3782,1,0,0,0,0
3783,1,0,0,0,0
3784,1,0,0,0,0
3785,1,0,0,0,0
3786,1,0,0,0,0
3787,1,0,0,0,0
3788,1,0,0,0,0
3789,1,0,0,0,0
3790,1,0,0,0,0
3791,1,0,0,0,0
3792,1,0,0,0,0
3793,1,0,0,0,0
3794,1,0,0,0,0
3795,1,0,0,0,0
3796,1,0,0,0,0
3797,1,0,0,0,0
3798,1,0,0,0,0
3799,1,0,0,0,0
3800,1,0,0,0,0
3801,1,0,0,0,0
3802,1,0,0,0,0
3803,1,0,0,0,0
3804,1,0,0,0,0
3805,1,0,0,0,0
3806,0,0,0,0,1
3807,0,0,0,0,1
3808,0,0,0,0,1
3809,0,0,0,0,1
3810,0,0,0,0,1
3811,0,0,0,0,1
3812,0,0,0,0,1
3813,0,0,0,0,1
3814,0,0,0,0,1
3815,0,0,0,0,1
3816,0,0,0,0,1
3817,0,0,0,0,1
3818,0,0,0,0,1
3819,0,0,0,0,1
3820,0,0,0,0,1
3821,0,0,0,0,1
3822,0,0,0,0,1
3823,0,0,0,0,1
3824,0,0,0,0,1
3825,0,0,0,0,1
3826,0,0,0,0,1
3827,0,0,0,0,1
3828,0,0,0,0,1
3829,0,0,0,0,1
3830,0,0,0,0,1
3831,0,0,0,0,1
3832,0,0,0,0,1
3833,0,0,0,0,1
3834,0,0,0,0,1
3835,0,0,0,0,1
3836,0,0,0,0,1
3837,0,0,0,0,1
3838,0,0,0,0,1
3839,0,0,0,0,1
3840,0,0,0,0,1
3841,0,0,0,0,1
3842,0,0,0,0,1
3843,0,0,0,0,1
3844,0,0,0,0,1
3845,0,0,0,0,1
3846,0,0,0,0,1
3847,0,0,0,0,1
3848,0,0,0,0,1
3849,0,0,0,0,1
3850,0,0,0,0,1
3851,0,0,0,0,1
3852,0,0,0,0,1
3853,0,0,0,0,1
3854,0,0,0,0,1
3855,0,0,0,0,1
3856,0,0,0,0,1
3857,0,0,0,0,1
3858,0,0,0,0,1
3859,0,0,0,0,1
3860,0,0,0,0,1
3861,0,0,0,0,1
3862,0,0,0,0,1
3863,0,0,0,0,1
3864,0,0,0,0,1
3865,0,0,0,0,1
3866,0,0,0,0,1
3867,0,0,0,0,1
3868,0,0,0,0,1
3869,0,0,0,0,1
3870,0,0,0,0,1
3871,0,0,0,0,1
3872,0,0,0,0,1
3873,0,0,0,0,1
3874,0,0,0,0,1
3875,0,0,0,0,1
3876,0,0,0,0,1
3877,0,0,0,0,1
3878,0,0,0,0,1
3879,0,0,0,0,1
3880,0,0,0,0,1
3881,0,0,0,0,1
3882,0,0,0,0,1
3883,0,0,0,0,1
3884,0,0,0,0,1
3885,0,0,0,0,1
3886,0,0,0,0,1
3887,0,0,0,0,1
3888,0,0,0,0,1
3889,0,0,0,0,1
3890,0,0,0,0,1
3891,0,0,0,0,1
3892,0,0,0,0,1
3893,0,0,0,0,1
3894,0,0,0,0,1
3895,0,0,0,0,1
3896,0,0,0,0,1
3897,0,0,0,0,1
3898,0,0,0,0,1
3899,0,0,0,0,1
3900,0,0,0,0,1
3901,0,0,0,0,1
3902,0,0,0,0,1
3903,0,0,0,0,1
3904,0,0,0,0,1
3905,0,0,0,0,1
3906,0,0,0,0,1
3907,0,0,0,0,1
3908,0,0,0,0,1
3909,0,0,0,0,1
3910,0,0,0,0,1
3911,0,0,0,0,1
3912,0,0,0,0,1
3913,0,0,0,0,1
3914,0,0,0,0,1
3915,0,0,0,0,1
3916,0,0,0,0,1
3917,0,0,0,0,1
3918,0,0,0,0,1
3919,0,0,0,0,1
3920,0,0,0,0,1
3921,0,0,0,0,1
3922,0,0,0,0,1
3923,0,0,0,0,1
3924,0,0,0,0,1
3925,0,0,0,0,1
3926,0,0,0,0,1
3927,0,0,0,0,1
3928,0,0,0,0,1
3929,0,0,0,0,1
3930,0,0,0,0,1
3931,0,0,0,0,1
3932,0,0,0,0,1
3933,0,0,0,0,1
3934,0,0,0,0,1
3935,0,0,0,0,1
3936,0,0,0,0,1
3937,0,0,0,0,1
3938,0,0,0,0,1
3939,0,0,0,0,1
3940,0,0,0,0,1
3941,0,0,0,0,1
3942,0,0,0,0,1
3943,0,0,0,0,1
3944,0,0,0,0,1
3945,0,0,0,0,1
3946,0,0,0,0,1
3947,0,0,0,0,1
3948,0,0,0,0,1
3949,0,0,0,0,1
3950,0,0,0,0,1
3951,0,0,0,0,1
3952,0,0,0,0,1
3953,1,0,0,0,0
3954,1,0,0,0,0
3955,1,0,0,0,0
3956,1,0,0,0,0
3957,1,0,0,0,0
3958,1,0,0,0,0
3959,1,0,0,0,0
3960,1,0,0,0,0
3961,1,0,0,0,0
3962,1,0,0,0,0
3963,1,0,0,0,0
3964,1,0,0,0,0
3965,1,0,0,0,0
3966,1,0,0,0,0
3967,1,0,0,0,0
3968,1,0,0,0,0
3969,1,0,0,0,0
3970,1,0,0,0,0
3971,1,0,0,0,0
3972,1,0,0,0,0
3973,1,0,0,0,0
3974,1,0,0,0,0
3975,1,0,0,0,0
3976,1,0,0,0,0
3977,1,0,0,0,0
3978,1,0,0,0,0
3979,1,0,0,0,0
3980,1,0,0,0,0
3981,1,0,0,0,0
3982,1,0,0,0,0
3983,1,0,0,0,0
3984,1,0,0,0,0
3985,1,0,0,0,0
3986,1,0,0,0,0
3987,1,0,0,0,0
3988,1,0,0,0,0
3989,1,0,0,0,0
3990,1,0,0,0,0
3991,1,0,0,0,0
3992,1,0,0,0,0
3993,1,0,0,0,0
3994,1,0,0,0,0
3995,1,0,0,0,0
3996,1,0,0,0,0
3997,1,0,0,0,0
3998,1,0,0,0,0
3999,1,0,0,0,0
4000,1,0,0,0,0
4001,1,0,0,0,0
4002,1,0,0,0,0
4003,1,0,0,0,0
4004,1,0,0,0,0
4005,1,0,0,0,0
4006,1,0,0,0,0
4007,1,0,0,0,0
4008,1,0,0,0,0
4009,1,0,0,0,0
4010,1,0,0,0,0
4011,1,0,0,0,0
4012,1,0,0,0,0
4013,1,0,0,0,0
4014,1,0,0,0,0
4015,1,0,0,0,0
4016,1,0,0,0,0
4017,0,0,0,0,1
4018,0,0,0,0,1
4019,0,0,0,0,1
4020,0,0,0,0,1
4021,0,0,0,0,1
4022,0,0,0,0,1
4023,0,0,0,0,1
4024,0,0,0,0,1
4025,0,0,0,0,1
4026,0,0,0,0,1
4027,0,0,0,0,1
4028,0,0,0,0,1
4029,0,0,0,0,1
4030,0,0,0,0,1
4031,0,0,0,0,1
4032,0,0,0,0,1
4033,0,0,0,0,1
4034,0,0,0,0,1
4035,0,0,0,0,1
4036,0,0,0,0,1
4037,0,0,0,0,1
4038,0,0,0,0,1
4039,0,0,0,0,1
4040,0,0,0,0,1
4041,0,0,0,0,1
4042,0,0,0,0,1
4043,0,0,0,0,1
4044,0,0,0,0,1
4045,0,0,0,0,1
4046,0,0,0,0,1
4047,0,0,0,0,1
4048,0,0,0,0,1
4049,0,0,0,0,1
4050,0,0,0,0,1
4051,0,0,0,0,1
4052,0,0,0,0,1
4053,0,0,0,0,1
4054,0,0,0,0,1
4055,0,0,0,0,1
4056,0,0,0,0,1
4057,0,0,0,0,1
4058,0,0,0,0,1
4059,0,0,0,0,1
4060,0,0,0,0,1
4061,0,0,0,0,1
4062,0,0,0,0,1
4063,0,0,0,0,1
4064,0,0,0,0,1
4065,0,0,0,0,1
4066,0,0,0,0,1
4067,0,0,0,0,1
4068,0,0,0,0,1
4069,0,0,0,0,1
4070,0,0,0,0,1
4071,0,0,0,0,1
4072,0,0,0,0,1
4073,0,0,0,0,1
4074,0,0,0,0,1
4075,0,0,0,0,1
4076,0,0,0,0,1
4077,0,0,0,0,1
4078,0,0,0,0,1
4079,0,0,0,0,1
4080,0,0,0,0,1
4081,0,0,0,0,1
4082,1,0,0,0,0
4083,1,0,0,0,0
4084,1,0,0,0,0
4085,0,0,0,1,0
4086,0,0,0,1,0
4087,0,0,0,1,0
4088,0,0,0,1,0
4089,0,0,0,1,0
4090,0,0,0,1,0
4091,0,0,0,1,0
4092,0,0,0,1,0
4093,0,0,0,1,0
4094,0,0,0,1,0
4095,0,0,0,1,0
4096,0,0,0,1,0
4097,0,0,0,1,0
4098,0,0,0,1,0
4099,0,0,0,1,0
4100,0,0,0,1,0
4101,0,0,0,1,0
4102,0,0,0,1,0
4103,0,0,0,1,0
4104,0,0,0,1,0
4105,0,0,0,1,0
4106,0,0,0,1,0
4107,0,0,0,1,0
4108,0,0,0,1,0
4109,0,0,0,1,0
4110,0,0,0,1,0
4111,0,0,0,1,0
4112,0,0,0,1,0
4113,0,0,0,1,0
4114,0,0,0,1,0
4115,0,0,0,1,0
4116,0,0,0,1,0
4117,0,0,0,0,1
4118,0,0,0,0,1
4119,0,0,0,0,1
4120,0,0,0,0,1
4121,0,0,0,0,1
4122,0,0,0,0,1
4123,0,0,0,0,1
4124,0,0,0,0,1
4125,0,0,0,0,1
4126,0,0,0,0,1
4127,0,0,0,0,1
4128,0,0,0,0,1
4129,0,0,0,0,1
4130,0,0,0,0,1
4131,0,0,0,0,1
4132,0,0,0,0,1
4133,0,0,0,0,1
4134,0,0,0,0,1
4135,0,0,0,0,1
4136,0,0,0,0,1
4137,0,0,0,0,1
4138,0,0,0,0,1
4139,0,0,0,0,1
4140,0,0,0,0,1
4141,1,0,0,0,0
4142,1,0,0,0,0
4143,1,0,0,0,0
4144,1,0,0,0,0
4145,1,0,0,0,0
4146,1,0,0,0,0
4147,1,0,0,0,0
4148,1,0,0,0,0
4149,1,0,0,0,0
4150,1,0,0,0,0
4151,1,0,0,0,0
4152,1,0,0,0,0
4153,1,0,0,0,0
4154,1,0,0,0,0
4155,1,0,0,0,0
4156,1,0,0,0,0
4157,1,0,0,0,0
4158,1,0,0,0,0
4159,1,0,0,0,0
4160,1,0,0,0,0
4161,1,0,0,0,0
4162,1,0,0,0,0
4163,1,0,0,0,0
4164,1,0,0,0,0
4165,1,0,0,0,0
4166,1,0,0,0,0
4167,1,0,0,0,0
4168,1,0,0,0,0
4169,1,0,0,0,0
4170,1,0,0,0,0
4171,1,0,0,0,0
4172,1,0,0,0,0
4173,1,0,0,0,0
4174,1,0,0,0,0
4175,1,0,0,0,0
4176,1,0,0,0,0
4177,1,0,0,0,0
4178,1,0,0,0,0
4179,0,0,0,0,1
4180,0,0,0,0,1
4181,0,0,0,0,1
4182,0,0,0,0,1
4183,0,0,0,0,1
4184,0,0,0,0,1
4185,0,0,0,0,1
4186,0,0,0,0,1
4187,0,0,0,0,1
4188,0,0,0,0,1
4189,0,0,0,0,1
4190,0,0,0,0,1
4191,0,0,0,0,1
4192,0,0,0,0,1
4193,0,0,0,0,1
4194,0,0,0,0,1
4195,0,0,0,0,1
4196,0,0,0,0,1
4197,0,0,0,0,1
4198,0,0,0,0,1
4199,0,0,0,0,1
4200,0,0,0,0,1
4201,0,0,0,0,1
4202,0,0,0,0,1
4203,0,0,0,0,1
4204,0,0,0,0,1
4205,0,0,0,0,1
4206,0,0,0,0,1
4207,0,0,0,0,1
4208,0,0,0,0,1
4209,0,0,0,0,1
4210,0,0,0,0,1
4211,0,0,0,0,1
4212,0,0,0,0,1
4213,0,0,0,0,1
4214,0,0,0,0,1
4215,0,0,0,0,1
4216,0,0,0,0,1
4217,0,0,0,0,1
4218,0,0,0,0,1
4219,0,0,0,0,1
4220,0,0,0,0,1
4221,0,0,0,0,1
4222,0,0,0,0,1
4223,0,0,0,0,1
4224,0,0,0,0,1
4225,0,0,0,0,1
4226,0,0,0,0,1
4227,0,0,0,0,1
4228,0,0,0,0,1
4229,0,0,0,0,1
4230,0,0,0,0,1
4231,0,0,0,0,1
4232,0,0,0,0,1
4233,0,0,0,0,1
4234,0,0,0,0,1
4235,0,0,0,0,1
4236,0,0,0,0,1
4237,0,0,0,0,1
4238,0,0,0,0,1
4239,0,0,0,0,1
4240,0,0,0,0,1
4241,0,0,0,0,1
4242,0,0,0,0,1
4243,0,0,0,0,1
4244,0,0,0,0,1
4245,0,0,0,0,1
4246,0,0,0,0,1
4247,0,0,0,0,1
4248,0,0,0,0,1
4249,0,0,0,0,1
4250,0,0,0,0,1
4251,0,0,0,0,1
4252,0,0,0,0,1
4253,0,0,0,0,1
4254,0,0,0,0,1
4255,0,0,0,0,1
4256,0,0,0,0,1
4257,0,0,0,0,1
4258,0,0,0,0,1
4259,0,0,0,0,1
4260,0,0,0,0,1
4261,0,0,0,0,1
4262,0,0,0,0,1
4263,0,0,0,0,1
4264,0,0,0,0,1
4265,0,0,0,0,1
4266,0,0,0,0,1
4267,0,0,0,0,1
4268,0,0,0,0,1
4269,0,0,0,0,1
4270,0,0,0,0,1
4271,0,0,0,0,1
4272,0,0,0,0,1
4273,0,0,0,0,1
4274,0,0,0,0,1
4275,0,0,0,0,1
4276,0,0,0,0,1
4277,0,0,0,0,1
4278,0,0,0,0,1
4279,0,0,0,0,1
4280,0,0,0,0,1
4281,0,0,0,0,1
4282,0,0,0,0,1
4283,0,0,0,0,1
4284,0,0,0,0,1
4285,0,0,0,0,1
4286,0,0,0,0,1
4287,0,0,0,0,1
4288,0,0,0,0,1
4289,0,0,0,0,1
4290,0,0,0,0,1
4291,0,0,0,0,1
4292,0,0,0,0,1
4293,0,0,0,0,1
4294,0,0,0,0,1
4295,0,0,0,0,1
4296,0,0,0,0,1
4297,0,0,0,0,1
4298,0,0,0,0,1
4299,0,0,0,0,1
4300,0,0,0,0,1
4301,0,0,0,0,1
4302,0,0,0,0,1
4303,0,0,0,0,1
4304,0,0,0,0,1
4305,0,0,0,0,1
4306,0,0,0,0,1
4307,0,0,0,0,1
4308,0,0,0,0,1
4309,0,0,0,0,1
4310,0,0,0,0,1
4311,0,0,0,0,1
4312,0,0,0,0,1
4313,0,0,0,0,1
4314,0,0,0,0,1
4315,0,0,0,0,1
4316,0,0,0,0,1
4317,0,0,0,0,1
4318,0,0,0,0,1
4319,0,0,0,0,1
4320,0,0,0,0,1
4321,0,0,0,0,1
4322,0,0,0,0,1
4323,0,0,0,0,1
4324,0,0,0,0,1
4325,0,0,0,0,1
4326,0,0,0,0,1
4327,0,0,0,0,1
4328,0,0,0,0,1
4329,0,0,0,0,1
4330,0,0,0,0,1
4331,0,0,0,0,1
4332,0,0,0,0,1
4333,0,0,0,0,1
4334,0,0,0,0,1
4335,0,0,0,0,1
4336,0,0,0,0,1
4337,0,0,0,0,1
4338,0,0,0,0,1
4339,0,0,0,0,1
4340,0,0,0,0,1
4341,0,0,0,0,1
4342,0,0,0,0,1
4343,0,0,0,0,1
4344,0,0,0,0,1
4345,0,0,0,0,1
4346,0,0,0,0,1
4347,0,0,0,0,1
4348,0,0,0,0,1
4349,0,0,0,0,1
4350,0,0,0,0,1
4351,0,0,0,0,1
4352,0,0,0,0,1
4353,0,0,0,0,1
4354,0,0,0,0,1
4355,0,0,0,0,1
4356,0,0,0,0,1
4357,0,0,0,0,1
4358,0,0,0,0,1
4359,0,0,0,0,1
4360,0,0,0,0,1
4361,0,0,0,0,1
4362,0,0,0,0,1
4363,0,0,0,0,1
4364,0,0,0,0,1
4365,0,0,0,0,1
4366,1,0,0,0,0
4367,1,0,0,0,0
4368,1,0,0,0,0
4369,1,0,0,0,0
4370,1,0,0,0,0
4371,1,0,0,0,0
4372,1,0,0,0,0
4373,1,0,0,0,0
4374,1,0,0,0,0
4375,1,0,0,0,0
4376,1,0,0,0,0
4377,1,0,0,0,0
4378,1,0,0,0,0
4379,1,0,0,0,0
4380,1,0,0,0,0
4381,1,0,0,0,0
4382,1,0,0,0,0
4383,1,0,0,0,0
4384,1,0,0,0,0
4385,1,0,0,0,0
4386,1,0,0,0,0
4387,1,0,0,0,0
4388,1,0,0,0,0
4389,1,0,0,0,0
4390,1,0,0,0,0
4391,1,0,0,0,0
4392,1,0,0,0,0
4393,1,0,0,0,0
4394,1,0,0,0,0
4395,1,0,0,0,0
4396,1,0,0,0,0
4397,1,0,0,0,0
4398,1,0,0,0,0
4399,1,0,0,0,0
4400,1,0,0,0,0
4401,1,0,0,0,0
4402,1,0,0,0,0
4403,1,0,0,0,0
4404,1,0,0,0,0
4405,1,0,0,0,0
4406,1,0,0,0,0
4407,1,0,0,0,0
4408,1,0,0,0,0
4409,1,0,0,0,0
4410,1,0,0,0,0
4411,1,0,0,0,0
4412,1,0,0,0,0
4413,1,0,0,0,0
4414,1,0,0,0,0
4415,1,0,0,0,0
4416,1,0,0,0,0
4417,1,0,0,0,0
4418,1,0,0,0,0
4419,1,0,0,0,0
4420,1,0,0,0,0
4421,1,0,0,0,0
4422,1,0,0,0,0
4423,1,0,0,0,0
4424,1,0,0,0,0
4425,1,0,0,0,0
4426,1,0,0,0,0
4427,1,0,0,0,0
4428,1,0,0,0,0
4429,1,0,0,0,0
4430,1,0,0,0,0
4431,1,0,0,0,0
4432,1,0,0,0,0
4433,1,0,0,0,0
4434,1,0,0,0,0
4435,1,0,0,0,0
4436,1,0,0,0,0
4437,1,0,0,0,0
4438,1,0,0,0,0
4439,1,0,0,0,0
4440,1,0,0,0,0
4441,1,0,0,0,0
4442,1,0,0,0,0
4443,1,0,0,0,0
4444,1,0,0,0,0
4445,1,0,0,0,0
4446,1,0,0,0,0
4447,1,0,0,0,0
4448,1,0,0,0,0
4449,1,0,0,0,0
4450,1,0,0,0,0
4451,1,0,0,0,0
4452,1,0,0,0,0
4453,1,0,0,0,0
4454,1,0,0,0,0
4455,1,0,0,0,0
4456,1,0,0,0,0
4457,1,0,0,0,0
4458,1,0,0,0,0
4459,1,0,0,0,0
4460,1,0,0,0,0
4461,1,0,0,0,0
4462,1,0,0,0,0
4463,1,0,0,0,0
4464,1,0,0,0,0
4465,1,0,0,0,0
4466,1,0,0,0,0
4467,1,0,0,0,0
4468,1,0,0,0,0
4469,1,0,0,0,0
4470,0,0,0,0,1
4471,0,0,0,0,1
4472,0,0,0,0,1
4473,0,0,0,0,1
4474,0,0,0,0,1
4475,0,0,0,0,1
4476,0,0,0,0,1
4477,0,0,0,0,1
4478,0,0,0,0,1
4479,0,0,0,0,1
4480,0,0,0,0,1
4481,0,0,0,0,1
4482,0,0,0,0,1
4483,0,0,0,0,1
4484,0,0,0,0,1
4485,0,0,0,0,1
4486,0,0,0,0,1
4487,0,0,0,0,1
4488,0,0,0,0,1
4489,0,0,0,0,1
4490,0,0,0,0,1
4491,0,0,0,0,1
4492,0,0,0,0,1
4493,0,0,0,0,1
4494,0,0,0,0,1
4495,0,0,0,0,1
4496,0,0,0,0,1
4497,0,0,0,0,1
4498,0,0,0,0,1
4499,0,0,0,0,1
4500,0,0,0,0,1
4501,0,0,0,0,1
4502,0,0,0,0,1
4503,0,0,0,0,1
4504,0,0,0,0,1
4505,0,0,0,0,1
4506,0,0,0,0,1
4507,0,0,0,0,1
4508,0,0,0,0,1
4509,0,0,0,0,1
4510,0,0,0,0,1
4511,0,0,0,0,1
4512,0,0,0,0,1
4513,0,0,0,0,1
4514,0,0,0,0,1
4515,0,0,0,0,1
4516,0,0,0,0,1
4517,0,0,0,0,1
4518,0,0,0,0,1
4519,0,0,0,0,1
4520,0,0,0,0,1
4521,0,0,0,0,1
4522,0,0,0,0,1
4523,0,0,0,0,1
4524,0,0,0,0,1
4525,0,0,0,0,1
4526,0,0,0,0,1
4527,0,0,0,0,1
4528,0,0,0,0,1
4529,0,0,0,0,1
4530,0,0,0,0,1
4531,0,0,0,0,1
4532,0,0,0,0,1
4533,0,0,0,0,1
4534,0,0,0,0,1
4535,0,0,0,0,1
4536,0,0,0,0,1
4537,0,0,0,0,1
4538,0,0,0,0,1
4539,0,0,0,0,1
4540,0,0,0,0,1
4541,0,0,0,0,1
4542,0,0,0,0,1
4543,0,0,0,0,1
4544,0,0,0,0,1
4545,0,0,0,0,1
4546,0,0,0,0,1
4547,0,0,0,0,1
4548,0,0,0,0,1
4549,0,0,0,0,1
4550,0,0,0,0,1
4551,0,0,0,0,1
4552,0,0,0,0,1
4553,0,0,0,0,1
4554,0,0,0,0,1
4555,0,0,0,0,1
4556,0,0,0,0,1
4557,0,0,0,0,1
4558,0,0,0,0,1
4559,0,0,0,0,1
4560,0,0,0,0,1
4561,0,0,0,0,1
4562,0,0,0,0,1
4563,0,0,0,0,1
4564,0,0,0,0,1
4565,0,0,0,0,1
4566,0,0,0,0,1
4567,0,0,0,0,1
4568,0,0,0,0,1
4569,0,0,0,0,1
4570,0,0,0,0,1
4571,0,0,0,0,1
4572,0,0,0,0,1
4573,0,0,0,0,1
4574,0,0,0,0,1
4575,0,0,0,0,1
4576,0,0,0,0,1
4577,0,0,0,0,1
4578,0,0,0,0,1
4579,0,0,0,0,1
4580,0,0,0,0,1
4581,0,0,0,0,1
4582,0,0,0,0,1
4583,0,0,0,0,1
4584,0,0,0,0,1
4585,0,0,0,0,1
4586,0,0,0,0,1
4587,0,0,0,0,1
4588,0,0,0,0,1
4589,0,0,0,0,1
4590,0,0,0,0,1
4591,1,0,0,0,0
4592,1,0,0,0,0
4593,1,0,0,0,0
4594,1,0,0,0,0
4595,1,0,0,0,0
4596,1,0,0,0,0
4597,1,0,0,0,0
4598,1,0,0,0,0
4599,1,0,0,0,0
4600,1,0,0,0,0
4601,1,0,0,0,0
4602,1,0,0,0,0
4603,1,0,0,0,0
4604,1,0,0,0,0
4605,1,0,0,0,0
4606,1,0,0,0,0
4607,1,0,0,0,0
4608,1,0,0,0,0
4609,1,0,0,0,0
4610,1,0,0,0,0
4611,1,0,0,0,0
4612,1,0,0,0,0
4613,1,0,0,0,0
4614,1,0,0,0,0
4615,1,0,0,0,0
4616,1,0,0,0,0
4617,1,0,0,0,0
4618,1,0,0,0,0
4619,1,0,0,0,0
4620,1,0,0,0,0
4621,1,0,0,0,0
4622,1,0,0,0,0
4623,1,0,0,0,0
4624,1,0,0,0,0
4625,1,0,0,0,0
4626,1,0,0,0,0
4627,1,0,0,0,0
4628,1,0,0,0,0
4629,1,0,0,0,0
4630,1,0,0,0,0
4631,1,0,0,0,0
4632,1,0,0,0,0
4633,1,0,0,0,0
4634,1,0,0,0,0
4635,1,0,0,0,0
4636,1,0,0,0,0
4637,1,0,0,0,0
4638,1,0,0,0,0
4639,1,0,0,0,0
4640,1,0,0,0,0
4641,1,0,0,0,0
4642,1,0,0,0,0
4643,1,0,0,0,0
4644,1,0,0,0,0
4645,1,0,0,0,0
4646,1,0,0,0,0
4647,1,0,0,0,0
4648,1,0,0,0,0
4649,1,0,0,0,0
4650,1,0,0,0,0
4651,1,0,0,0,0
4652,1,0,0,0,0
4653,1,0,0,0,0
4654,1,0,0,0,0
4655,1,0,0,0,0
4656,1,0,0,0,0
4657,1,0,0,0,0
4658,1,0,0,0,0
4659,1,0,0,0,0
4660,1,0,0,0,0
4661,1,0,0,0,0
4662,1,0,0,0,0
4663,1,0,0,0,0
4664,1,0,0,0,0
4665,1,0,0,0,0
4666,1,0,0,0,0
4667,1,0,0,0,0
4668,1,0,0,0,0
4669,1,0,0,0,0
4670,1,0,0,0,0
4671,1,0,0,0,0
4672,1,0,0,0,0
4673,1,0,0,0,0
4674,1,0,0,0,0
4675,1,0,0,0,0
4676,1,0,0,0,0
4677,0,0,0,0,1
4678,0,0,0,0,1
4679,0,0,0,0,1
4680,0,0,0,0,1
4681,0,0,0,0,1
4682,0,0,0,0,1
4683,0,0,0,0,1
4684,0,0,0,0,1
4685,0,0,0,0,1
4686,0,0,0,0,1
4687,0,0,0,0,1
4688,0,0,0,0,1
4689,0,0,0,0,1
4690,0,0,0,0,1
4691,0,0,0,0,1
4692,0,0,0,0,1
4693,0,0,0,0,1
4694,0,0,0,0,1
4695,0,0,0,0,1
4696,0,0,0,0,1
4697,0,0,0,0,1
4698,0,0,0,0,1
4699,0,0,0,0,1
4700,0,0,0,0,1
4701,0,0,0,0,1
4702,0,0,0,0,1
4703,0,0,0,0,1
4704,0,0,0,0,1
4705,0,0,0,0,1
4706,0,0,0,0,1
4707,0,0,0,0,1
4708,0,0,0,0,1
4709,0,0,0,0,1
4710,0,0,0,0,1
4711,0,0,0,0,1
4712,0,0,0,0,1
4713,0,0,0,0,1
4714,0,0,0,0,1
4715,0,0,0,0,1
4716,0,0,0,0,1
4717,0,0,0,0,1
4718,0,0,0,0,1
4719,0,0,0,0,1
4720,0,0,0,0,1
4721,0,0,0,0,1
4722,0,0,0,0,1
4723,0,0,0,0,1
4724,0,0,0,0,1
4725,0,0,0,0,1
4726,0,0,0,0,1
4727,0,0,0,0,1
4728,0,0,0,0,1
4729,0,0,0,0,1
4730,0,0,0,0,1
4731,0,0,0,0,1
4732,0,0,0,0,1
4733,0,0,0,0,1
4734,0,0,0,0,1
4735,0,0,0,0,1
4736,0,0,0,0,1
4737,0,0,0,0,1
4738,0,0,0,0,1
4739,0,0,0,0,1
4740,0,0,0,0,1
4741,0,0,0,0,1
4742,0,0,0,0,1
4743,0,0,0,0,1
4744,0,0,0,0,1
4745,0,0,0,0,1
4746,0,0,0,0,1
4747,1,0,0,0,0
4748,1,0,0,0,0
4749,1,0,0,0,0
4750,1,0,0,0,0
4751,1,0,0,0,0
4752,1,0,0,0,0
4753,1,0,0,0,0
4754,1,0,0,0,0
4755,1,0,0,0,0
4756,1,0,0,0,0
4757,1,0,0,0,0
4758,1,0,0,0,0
4759,1,0,0,0,0
4760,1,0,0,0,0
4761,1,0,0,0,0
4762,1,0,0,0,0
4763,1,0,0,0,0
4764,1,0,0,0,0
4765,1,0,0,0,0
4766,1,0,0,0,0
4767,1,0,0,0,0
4768,1,0,0,0,0
4769,1,0,0,0,0
4770,1,0,0,0,0
4771,1,0,0,0,0
4772,1,0,0,0,0
4773,1,0,0,0,0
4774,1,0,0,0,0
4775,1,0,0,0,0
4776,1,0,0,0,0
4777,1,0,0,0,0
4778,1,0,0,0,0
4779,1,0,0,0,0
4780,1,0,0,0,0
4781,1,0,0,0,0
4782,1,0,0,0,0
4783,1,0,0,0,0
4784,1,0,0,0,0
4785,1,0,0,0,0
4786,1,0,0,0,0
4787,1,0,0,0,0
4788,1,0,0,0,0
4789,1,0,0,0,0
4790,1,0,0,0,0
4791,1,0,0,0,0
4792,1,0,0,0,0
4793,1,0,0,0,0
4794,1,0,0,0,0
4795,1,0,0,0,0
4796,1,0,0,0,0
4797,1,0,0,0,0
4798,1,0,0,0,0
4799,1,0,0,0,0
4800,1,0,0,0,0
4801,0,0,0,0,1
4802,0,0,0,0,1
4803,0,0,0,0,1
4804,0,0,0,0,1
4805,0,0,0,0,1
4806,0,0,0,0,1
4807,0,0,0,0,1
4808,0,0,0,0,1
4809,0,0,0,0,1
4810,0,0,0,0,1
4811,0,0,0,0,1
4812,0,0,0,0,1
4813,0,0,0,0,1
4814,0,0,0,0,1
4815,0,0,0,0,1
4816,0,0,0,0,1
4817,0,0,0,0,1
4818,0,0,0,0,1
4819,0,0,0,0,1
4820,0,0,0,0,1
4821,0,0,0,0,1
4822,0,0,0,0,1
4823,0,0,0,0,1
4824,0,0,0,0,1
4825,0,0,0,0,1
4826,0,0,0,0,1
4827,0,0,0,0,1
4828,0,0,0,0,1
4829,0,0,0,0,1
4830,0,0,0,0,1
4831,0,0,0,0,1
4832,0,0,0,0,1
4833,0,0,0,0,1
4834,0,0,0,0,1
4835,0,0,0,0,1
4836,0,0,0,0,1
4837,0,0,0,0,1
4838,0,0,0,0,1
4839,0,0,0,0,1
4840,0,0,0,0,1
4841,0,0,0,0,1
4842,0,0,0,0,1
4843,0,0,0,0,1
4844,0,0,0,0,1
4845,0,0,0,0,1
4846,0,0,0,0,1
4847,0,0,0,1,0
4848,0,0,0,1,0
4849,0,0,0,1,0
4850,0,0,0,1,0
4851,0,0,0,1,0
4852,0,0,0,1,0
4853,0,0,0,1,0
4854,0,0,0,1,0
4855,0,0,0,1,0
4856,0,0,0,1,0
4857,0,0,0,1,0
4858,0,0,0,1,0
4859,0,0,0,0,1
4860,0,0,0,0,1
4861,0,0,0,0,1
4862,0,0,0,0,1
4863,0,0,0,0,1
4864,0,0,0,0,1
4865,0,0,0,0,1
4866,0,0,0,0,1
4867,0,0,0,0,1
4868,0,0,0,0,1
4869,0,0,0,0,1
4870,0,0,0,0,1
4871,0,0,0,0,1
4872,0,0,0,0,1
4873,0,0,0,0,1
4874,0,0,0,0,1
4875,0,0,0,0,1
4876,0,0,0,0,1
4877,0,0,0,0,1
4878,0,0,0,0,1
4879,0,0,0,0,1
4880,0,0,0,0,1
4881,0,0,0,0,1
4882,0,0,0,0,1
4883,0,0,0,0,1
4884,0,0,0,0,1
4885,0,0,0,0,1
4886,0,0,0,0,1
4887,0,0,0,0,1
4888,0,0,0,0,1
4889,0,0,0,0,1
4890,0,0,0,0,1
4891,0,0,0,0,1
4892,0,0,0,0,1
4893,0,0,0,0,1
4894,0,0,0,0,1
4895,0,0,0,1,0
4896,0,0,0,1,0
4897,0,0,0,1,0
4898,0,0,0,1,0
4899,0,0,0,1,0
4900,0,0,0,1,0
4901,0,0,0,1,0
4902,0,0,0,1,0
4903,0,0,0,1,0
4904,0,0,0,1,0
4905,0,0,0,0,1
4906,0,0,0,0,1
4907,0,0,0,0,1
4908,0,0,0,0,1
4909,0,0,0,0,1
4910,0,0,0,0,1
4911,0,0,0,0,1
4912,0,0,0,0,1
4913,0,0,0,0,1
4914,0,0,0,0,1
4915,0,0,0,0,1
4916,0,0,0,0,1
4917,0,0,0,0,1
4918,0,0,0,0,1
4919,0,0,0,0,1
4920,0,0,0,0,1
4921,0,0,0,0,1
4922,0,0,0,0,1
4923,0,0,0,0,1
4924,0,0,0,0,1
4925,0,0,0,0,1
4926,0,0,0,0,1
4927,0,0,0,0,1
4928,0,0,0,0,1
4929,0,0,0,0,1
4930,0,0,0,0,1
4931,0,0,0,0,1
4932,0,0,0,0,1
4933,0,0,0,0,1
4934,0,0,0,0,1
4935,0,0,0,0,1
4936,0,0,0,0,1
4937,0,0,0,0,1
4938,1,0,0,0,0
4939,1,0,0,0,0
4940,1,0,0,0,0
4941,1,0,0,0,0
4942,1,0,0,0,0
4943,1,0,0,0,0
4944,1,0,0,0,0
4945,1,0,0,0,0
4946,1,0,0,0,0
4947,1,0,0,0,0
4948,1,0,0,0,0
4949,1,0,0,0,0
4950,1,0,0,0,0
4951,1,0,0,0,0
4952,1,0,0,0,0
4953,1,0,0,0,0
4954,1,0,0,0,0
4955,1,0,0,0,0
4956,1,0,0,0,0
4957,1,0,0,0,0
4958,1,0,0,0,0
4959,1,0,0,0,0
4960,1,0,0,0,0
4961,1,0,0,0,0
4962,1,0,0,0,0
4963,1,0,0,0,0
4964,1,0,0,0,0
4965,1,0,0,0,0
4966,1,0,0,0,0
4967,1,0,0,0,0
4968,1,0,0,0,0
4969,1,0,0,0,0
4970,1,0,0,0,0
4971,1,0,0,0,0
4972,1,0,0,0,0
4973,1,0,0,0,0
4974,1,0,0,0,0
4975,1,0,0,0,0
4976,1,0,0,0,0
4977,1,0,0,0,0
4978,1,0,0,0,0
4979,1,0,0,0,0
4980,1,0,0,0,0
4981,1,0,0,0,0
4982,1,0,0,0,0
4983,1,0,0,0,0
4984,1,0,0,0,0
4985,1,0,0,0,0
4986,1,0,0,0,0
4987,1,0,0,0,0
4988,1,0,0,0,0
4989,1,0,0,0,0
4990,1,0,0,0,0
4991,1,0,0,0,0
4992,1,0,0,0,0
4993,1,0,0,0,0
4994,1,0,0,0,0
4995,1,0,0,0,0
4996,1,0,0,0,0
4997,1,0,0,0,0
4998,1,0,0,0,0
4999,1,0,0,0,0
5000,1,0,0,0,0
5001,1,0,0,0,0
5002,1,0,0,0,0
5003,1,0,0,0,0
5004,1,0,0,0,0
5005,1,0,0,0,0
5006,1,0,0,0,0
5007,1,0,0,0,0
5008,1,0,0,0,0
5009,1,0,0,0,0
5010,1,0,0,0,0
5011,1,0,0,0,0
5012,1,0,0,0,0
5013,1,0,0,0,0
5014,1,0,0,0,0
5015,1,0,0,0,0
5016,0,0,0,0,1
5017,0,0,0,0,1
5018,0,0,0,0,1
5019,0,0,0,0,1
5020,0,0,0,0,1
5021,0,0,0,0,1
5022,0,0,0,0,1
5023,0,0,0,0,1
5024,0,0,0,0,1
5025,0,0,0,0,1
5026,0,0,0,0,1
5027,0,0,0,0,1
5028,0,0,0,0,1
5029,0,0,0,0,1
5030,0,0,0,0,1
5031,0,0,0,0,1
5032,0,0,0,0,1
5033,0,0,0,0,1
5034,0,0,0,0,1
5035,0,0,0,0,1
5036,0,0,0,0,1
5037,0,0,0,0,1
5038,0,0,0,0,1
5039,0,0,0,0,1
5040,0,0,0,0,1
5041,0,0,0,0,1
5042,0,0,0,0,1
5043,0,0,0,0,1
5044,0,0,0,0,1
5045,0,0,0,0,1
5046,0,0,0,0,1
5047,0,0,0,0,1
5048,0,0,0,0,1
5049,0,0,0,0,1
5050,0,0,0,0,1
5051,0,0,0,0,1
5052,0,0,0,0,1
5053,0,0,0,0,1
5054,0,0,0,0,1
5055,0,0,0,0,1
5056,0,0,0,0,1
5057,0,0,0,0,1
5058,0,0,0,0,1
5059,0,0,0,0,1
5060,0,0,0,0,1
5061,0,0,0,0,1
5062,0,0,0,0,1
5063,0,0,0,0,1
5064,0,0,0,0,1
5065,0,0,0,0,1
5066,0,0,0,0,1
5067,0,0,0,0,1
5068,0,0,0,0,1
5069,0,0,0,0,1
5070,0,0,0,0,1
5071,0,0,0,0,1
5072,0,0,0,0,1
5073,0,0,0,0,1
5074,0,0,0,0,1
5075,0,0,0,0,1
5076,0,0,0,0,1
5077,0,0,0,0,1
5078,0,0,0,0,1
5079,0,0,0,0,1
5080,0,0,0,0,1
5081,0,0,0,0,1
5082,0,0,0,0,1
5083,0,0,0,0,1
5084,0,0,0,0,1
5085,0,0,0,0,1
5086,0,0,0,0,1
5087,0,0,0,0,1
5088,0,0,0,0,1
5089,0,0,0,0,1
5090,0,0,0,0,1
5091,0,0,0,0,1
5092,0,0,0,0,1
5093,0,0,0,0,1
5094,0,0,0,0,1
5095,0,0,0,0,1
5096,0,0,0,0,1
5097,0,0,0,0,1
5098,0,0,0,0,1
5099,0,0,0,0,1
5100,0,0,0,0,1
5101,0,0,0,0,1
5102,0,0,0,0,1
5103,0,0,0,0,1
5104,0,0,0,0,1
5105,0,0,0,0,1
5106,0,0,0,0,1
5107,0,0,0,0,1
5108,0,0,0,0,1
5109,1,0,0,0,0
5110,1,0,0,0,0
5111,1,0,0,0,0
5112,1,0,0,0,0
5113,1,0,0,0,0
5114,1,0,0,0,0
5115,1,0,0,0,0
5116,1,0,0,0,0
5117,1,0,0,0,0
5118,1,0,0,0,0
5119,1,0,0,0,0
5120,1,0,0,0,0
5121,1,0,0,0,0
5122,1,0,0,0,0
5123,1,0,0,0,0
5124,1,0,0,0,0
5125,1,0,0,0,0
5126,1,0,0,0,0
5127,1,0,0,0,0
5128,1,0,0,0,0
5129,1,0,0,0,0
5130,1,0,0,0,0
5131,1,0,0,0,0
5132,1,0,0,0,0
5133,1,0,0,0,0
5134,1,0,0,0,0
5135,1,0,0,0,0
5136,1,0,0,0,0
5137,1,0,0,0,0
5138,1,0,0,0,0
5139,1,0,0,0,0
5140,1,0,0,0,0
5141,1,0,0,0,0
5142,1,0,0,0,0
5143,1,0,0,0,0
5144,1,0,0,0,0
5145,1,0,0,0,0
5146,1,0,0,0,0
5147,1,0,0,0,0
5148,1,0,0,0,0
5149,1,0,0,0,0
5150,1,0,0,0,0
5151,1,0,0,0,0
5152,1,0,0,0,0
5153,1,0,0,0,0
5154,1,0,0,0,0
5155,1,0,0,0,0
5156,1,0,0,0,0
5157,1,0,0,0,0
5158,1,0,0,0,0
5159,1,0,0,0,0
5160,1,0,0,0,0
5161,1,0,0,0,0
5162,1,0,0,0,0
5163,1,0,0,0,0
5164,1,0,0,0,0
5165,1,0,0,0,0
5166,1,0,0,0,0
5167,1,0,0,0,0
5168,1,0,0,0,0
5169,1,0,0,0,0
5170,1,0,0,0,0
5171,1,0,0,0,0
5172,1,0,0,0,0
5173,1,0,0,0,0
5174,1,0,0,0,0
5175,1,0,0,0,0
5176,1,0,0,0,0
5177,1,0,0,0,0
5178,1,0,0,0,0
5179,1,0,0,0,0
5180,1,0,0,0,0
5181,1,0,0,0,0
5182,1,0,0,0,0
5183,1,0,0,0,0
5184,1,0,0,0,0
5185,1,0,0,0,0
5186,1,0,0,0,0
5187,1,0,0,0,0
5188,1,0,0,0,0
5189,1,0,0,0,0
5190,1,0,0,0,0
5191,1,0,0,0,0
5192,1,0,0,0,0
5193,1,0,0,0,0
5194,1,0,0,0,0
5195,1,0,0,0,0
5196,1,0,0,0,0
5197,1,0,0,0,0
5198,1,0,0,0,0
5199,1,0,0,0,0
5200,1,0,0,0,0
5201,1,0,0,0,0
5202,1,0,0,0,0
5203,1,0,0,0,0
5204,1,0,0,0,0
5205,1,0,0,0,0
5206,1,0,0,0,0
5207,1,0,0,0,0
5208,1,0,0,0,0
5209,1,0,0,0,0
5210,1,0,0,0,0
5211,1,0,0,0,0
5212,1,0,0,0,0
5213,1,0,0,0,0
5214,1,0,0,0,0
5215,1,0,0,0,0
5216,1,0,0,0,0
5217,1,0,0,0,0
5218,1,0,0,0,0
5219,1,0,0,0,0
5220,1,0,0,0,0
5221,1,0,0,0,0
5222,1,0,0,0,0
5223,1,0,0,0,0
5224,1,0,0,0,0
5225,1,0,0,0,0
5226,1,0,0,0,0
5227,1,0,0,0,0
5228,1,0,0,0,0
5229,1,0,0,0,0
5230,1,0,0,0,0
5231,1,0,0,0,0
5232,1,0,0,0,0
5233,1,0,0,0,0
5234,1,0,0,0,0
5235,1,0,0,0,0
5236,1,0,0,0,0
5237,1,0,0,0,0
5238,1,0,0,0,0
5239,1,0,0,0,0
5240,1,0,0,0,0
5241,1,0,0,0,0
5242,1,0,0,0,0
5243,1,0,0,0,0
5244,1,0,0,0,0
5245,1,0,0,0,0
5246,1,0,0,0,0
5247,1,0,0,0,0
5248,1,0,0,0,0
5249,1,0,0,0,0
5250,1,0,0,0,0
5251,1,0,0,0,0
5252,1,0,0,0,0
5253,1,0,0,0,0
5254,1,0,0,0,0
5255,1,0,0,0,0
5256,1,0,0,0,0
5257,1,0,0,0,0
5258,1,0,0,0,0
5259,1,0,0,0,0
5260,1,0,0,0,0
5261,1,0,0,0,0
5262,1,0,0,0,0
5263,1,0,0,0,0
5264,1,0,0,0,0
5265,1,0,0,0,0
5266,1,0,0,0,0
5267,1,0,0,0,0
5268,1,0,0,0,0
5269,1,0,0,0,0
5270,1,0,0,0,0
5271,1,0,0,0,0
5272,1,0,0,0,0
5273,1,0,0,0,0
5274,1,0,0,0,0
5275,1,0,0,0,0
5276,1,0,0,0,0
5277,1,0,0,0,0
5278,1,0,0,0,0
5279,1,0,0,0,0
5280,1,0,0,0,0
5281,1,0,0,0,0
5282,1,0,0,0,0
5283,1,0,0,0,0
5284,1,0,0,0,0
5285,1,0,0,0,0
5286,1,0,0,0,0
5287,1,0,0,0,0
5288,1,0,0,0,0
5289,1,0,0,0,0
5290,1,0,0,0,0
5291,1,0,0,0,0
5292,1,0,0,0,0
5293,1,0,0,0,0
5294,1,0,0,0,0
5295,1,0,0,0,0
5296,1,0,0,0,0
5297,1,0,0,0,0
5298,1,0,0,0,0
5299,1,0,0,0,0
5300,1,0,0,0,0
5301,1,0,0,0,0
5302,1,0,0,0,0
5303,1,0,0,0,0
5304,1,0,0,0,0
5305,1,0,0,0,0
5306,1,0,0,0,0
5307,1,0,0,0,0
5308,1,0,0,0,0
5309,1,0,0,0,0
5310,1,0,0,0,0
5311,1,0,0,0,0
5312,1,0,0,0,0
5313,1,0,0,0,0
5314,1,0,0,0,0
5315,1,0,0,0,0
5316,1,0,0,0,0
5317,1,0,0,0,0
5318,1,0,0,0,0
5319,1,0,0,0,0
5320,1,0,0,0,0
5321,1,0,0,0,0
5322,1,0,0,0,0
5323,1,0,0,0,0
5324,1,0,0,0,0
5325,1,0,0,0,0
5326,1,0,0,0,0
5327,1,0,0,0,0
5328,1,0,0,0,0
5329,1,0,0,0,0
5330,1,0,0,0,0
5331,1,0,0,0,0
5332,1,0,0,0,0
5333,1,0,0,0,0
5334,1,0,0,0,0
5335,1,0,0,0,0
5336,1,0,0,0,0
5337,1,0,0,0,0
5338,1,0,0,0,0
5339,1,0,0,0,0
5340,1,0,0,0,0
5341,1,0,0,0,0
5342,1,0,0,0,0
5343,1,0,0,0,0
5344,1,0,0,0,0
5345,1,0,0,0,0
5346,1,0,0,0,0
5347,1,0,0,0,0
5348,1,0,0,0,0
5349,1,0,0,0,0
5350,1,0,0,0,0
5351,1,0,0,0,0
5352,1,0,0,0,0
5353,1,0,0,0,0
5354,1,0,0,0,0
5355,1,0,0,0,0
5356,1,0,0,0,0
5357,1,0,0,0,0
5358,1,0,0,0,0
5359,1,0,0,0,0
5360,1,0,0,0,0
5361,1,0,0,0,0
5362,1,0,0,0,0
5363,1,0,0,0,0
5364,1,0,0,0,0
5365,1,0,0,0,0
5366,1,0,0,0,0
5367,1,0,0,0,0
5368,1,0,0,0,0
5369,1,0,0,0,0
5370,1,0,0,0,0
5371,1,0,0,0,0
5372,1,0,0,0,0
5373,1,0,0,0,0
5374,1,0,0,0,0
5375,1,0,0,0,0
5376,1,0,0,0,0
5377,1,0,0,0,0
5378,1,0,0,0,0
5379,1,0,0,0,0
5380,1,0,0,0,0
5381,1,0,0,0,0
5382,1,0,0,0,0
5383,1,0,0,0,0
5384,0,0,0,0,1
5385,0,0,0,0,1
5386,0,0,0,0,1
5387,0,0,0,0,1
5388,0,0,0,0,1
5389,0,0,0,0,1
5390,0,0,0,0,1
5391,0,0,0,0,1
5392,0,0,0,0,1
5393,0,0,0,0,1
5394,0,0,0,0,1
5395,0,0,0,0,1
5396,0,0,0,0,1
5397,0,0,0,0,1
5398,0,0,0,0,1
5399,0,0,0,0,1
5400,0,0,0,0,1
5401,0,0,0,0,1
5402,0,0,0,0,1
5403,0,0,0,0,1
5404,0,0,0,0,1
5405,0,0,0,0,1
5406,0,0,0,0,1
5407,0,0,0,0,1
5408,0,0,0,0,1
5409,0,0,0,0,1
5410,0,0,0,0,1
5411,0,0,0,0,1
5412,0,0,0,0,1
5413,0,0,0,0,1
5414,0,0,0,0,1
5415,1,0,0,0,0
5416,1,0,0,0,0
5417,1,0,0,0,0
5418,1,0,0,0,0
5419,1,0,0,0,0
5420,1,0,0,0,0
5421,1,0,0,0,0
5422,1,0,0,0,0
5423,1,0,0,0,0
5424,1,0,0,0,0
5425,1,0,0,0,0
5426,1,0,0,0,0
5427,1,0,0,0,0
5428,1,0,0,0,0
5429,1,0,0,0,0
5430,1,0,0,0,0
5431,1,0,0,0,0
5432,1,0,0,0,0
5433,1,0,0,0,0
5434,1,0,0,0,0
5435,1,0,0,0,0
5436,1,0,0,0,0
5437,1,0,0,0,0
5438,1,0,0,0,0
5439,1,0,0,0,0
5440,0,0,0,0,1
5441,0,0,0,0,1
5442,0,0,0,0,1
5443,0,0,0,0,1
5444,0,0,0,0,1
5445,0,0,0,0,1
5446,0,0,0,0,1
5447,0,0,0,0,1
5448,0,0,0,0,1
5449,0,0,0,0,1
5450,0,0,0,0,1
5451,0,0,0,0,1
5452,0,0,0,0,1
5453,0,0,0,0,1
5454,0,0,0,0,1
5455,0,0,0,0,1
5456,0,0,0,0,1
5457,0,0,0,0,1
5458,0,0,0,0,1
5459,0,0,0,0,1
5460,0,0,0,0,1
5461,0,0,0,0,1
5462,0,0,0,0,1
5463,0,0,0,0,1
5464,0,0,0,0,1
5465,0,0,0,0,1
5466,0,0,0,0,1
5467,0,0,0,0,1
5468,0,0,0,0,1
5469,0,0,0,0,1
5470,0,0,0,0,1
5471,0,0,0,0,1
5472,0,0,0,0,1
5473,0,0,0,0,1
5474,0,0,0,0,1
5475,0,0,0,0,1
5476,0,0,0,0,1
5477,0,0,0,0,1
5478,0,0,0,0,1
5479,0,0,0,0,1
5480,0,0,0,0,1
5481,0,0,0,0,1
5482,0,0,0,0,1
5483,0,0,0,0,1
5484,0,0,0,0,1
5485,0,0,0,0,1
5486,0,0,0,0,1
5487,0,0,0,0,1
5488,0,0,0,0,1
5489,0,0,0,0,1
5490,0,0,0,0,1
5491,0,0,0,0,1
5492,0,0,0,0,1
5493,0,0,0,0,1
5494,0,0,0,0,1
5495,0,0,0,0,1
5496,0,0,0,0,1
5497,1,0,0,0,0
5498,1,0,0,0,0
5499,1,0,0,0,0
5500,1,0,0,0,0
5501,1,0,0,0,0
5502,1,0,0,0,0
5503,1,0,0,0,0
5504,1,0,0,0,0
5505,1,0,0,0,0
5506,1,0,0,0,0
5507,0,0,0,0,1
5508,0,0,0,0,1
5509,0,0,0,0,1
5510,0,0,0,0,1
5511,0,0,0,0,1
5512,0,0,0,0,1
5513,0,0,0,0,1
5514,0,0,0,0,1
5515,0,0,0,0,1
5516,0,0,0,0,1
5517,0,0,0,0,1
5518,0,0,0,0,1
5519,0,0,0,0,1
5520,0,0,0,0,1
5521,0,0,0,0,1
5522,0,0,0,0,1
5523,0,0,0,0,1
5524,0,0,0,0,1
5525,0,0,0,0,1
5526,0,0,0,0,1
5527,0,0,0,0,1
5528,0,0,0,0,1
5529,0,0,0,0,1
5530,0,0,0,0,1
5531,0,0,0,0,1
5532,0,0,0,0,1
5533,0,0,0,0,1
5534,0,0,0,0,1
5535,0,0,0,0,1
5536,0,0,0,0,1
5537,0,0,0,0,1
5538,0,0,0,0,1
5539,0,0,0,0,1
5540,0,0,0,0,1
5541,0,0,0,0,1
5542,0,0,0,0,1
5543,0,0,0,0,1
5544,0,0,0,0,1
5545,0,0,0,0,1
5546,0,0,0,0,1
5547,0,0,0,0,1
5548,0,0,0,0,1
5549,0,0,0,0,1
5550,0,0,0,0,1
5551,0,0,0,0,1
5552,0,0,0,0,1
5553,0,0,0,0,1
5554,0,0,0,0,1
5555,0,0,0,0,1
5556,0,0,0,0,1
5557,0,0,0,0,1
5558,0,0,0,0,1
5559,0,0,0,0,1
5560,0,0,0,0,1
5561,0,0,0,0,1
5562,0,0,0,0,1
5563,0,0,0,0,1
5564,0,0,0,0,1
5565,0,0,0,0,1
5566,0,0,0,0,1
5567,0,0,0,0,1
5568,0,0,0,0,1
5569,0,0,0,0,1
5570,0,0,0,0,1
5571,0,0,0,0,1
5572,0,0,0,0,1
5573,0,0,0,0,1
5574,0,0,0,0,1
5575,0,0,0,0,1
5576,0,0,0,0,1
5577,0,0,0,0,1
5578,0,0,0,0,1
5579,0,0,0,0,1
5580,0,0,0,0,1
5581,0,0,0,0,1
5582,0,0,0,0,1
5583,0,0,0,0,1
5584,0,0,0,0,1
5585,0,0,0,0,1
5586,0,0,0,0,1
5587,0,0,0,0,1
5588,0,0,0,0,1
5589,0,0,0,0,1
5590,0,0,0,0,1
5591,0,0,0,0,1
5592,0,0,0,0,1
5593,0,0,0,0,1
5594,0,0,0,0,1
5595,0,0,0,0,1
5596,0,0,0,0,1
5597,0,0,0,0,1
5598,0,0,0,0,1
5599,0,0,0,0,1
5600,0,0,0,0,1
5601,0,0,0,0,1
5602,0,0,0,0,1
5603,0,0,0,0,1
5604,0,0,0,0,1
5605,0,0,0,0,1
5606,0,0,0,0,1
5607,0,0,0,0,1
5608,0,0,0,0,1
5609,0,0,0,0,1
5610,0,0,0,0,1
5611,0,0,0,0,1
5612,0,0,0,0,1
5613,0,0,0,0,1
5614,0,0,0,0,1
5615,0,0,0,0,1
5616,0,0,0,0,1
5617,0,0,0,0,1
5618,0,0,0,0,1
5619,0,0,0,0,1
5620,0,0,0,0,1
5621,0,0,0,0,1
5622,0,0,0,0,1
5623,0,0,0,0,1
5624,0,0,0,0,1
5625,0,0,0,0,1
5626,0,0,0,0,1
5627,0,0,0,0,1
5628,0,0,0,0,1
5629,0,0,0,0,1
5630,0,0,0,0,1
5631,0,0,0,0,1
5632,0,0,0,0,1
5633,0,0,0,0,1
5634,0,0,0,0,1
5635,0,0,0,0,1
5636,0,0,0,0,1
5637,0,0,0,0,1
5638,0,0,0,0,1
5639,0,0,0,0,1
5640,0,0,0,0,1
5641,0,0,0,0,1
5642,0,0,0,0,1
5643,0,0,0,0,1
5644,0,0,0,0,1
5645,0,0,0,0,1
5646,0,0,0,0,1
5647,0,0,0,0,1
5648,0,0,0,0,1
5649,0,0,0,0,1
5650,0,0,0,0,1
5651,0,0,0,0,1
5652,0,0,0,0,1
5653,0,0,0,0,1
5654,0,0,0,0,1
5655,0,0,0,0,1
5656,0,0,0,0,1
5657,0,0,0,0,1
5658,0,0,0,0,1
5659,0,0,0,0,1
5660,0,0,0,0,1
5661,0,0,0,0,1
5662,0,0,0,0,1
5663,0,0,0,0,1
5664,0,0,0,0,1
5665,0,0,0,0,1
5666,0,0,0,0,1
5667,0,0,0,0,1
5668,0,0,0,0,1
5669,0,0,0,0,1
5670,0,0,0,0,1
5671,0,0,0,0,1
5672,0,0,0,0,1
5673,0,0,0,0,1
5674,0,0,0,0,1
5675,0,0,0,0,1
5676,0,0,0,0,1
5677,0,0,0,0,1
5678,0,0,0,0,1
5679,0,0,0,0,1
5680,0,0,0,0,1
5681,0,0,0,0,1
5682,0,0,0,0,1
5683,0,0,0,0,1
5684,0,0,0,0,1
5685,0,0,0,0,1
5686,0,0,0,0,1
5687,0,0,0,0,1
5688,0,0,0,0,1
5689,0,0,0,0,1
5690,0,0,0,0,1
5691,0,0,0,0,1
5692,1,0,0,0,0
5693,1,0,0,0,0
5694,1,0,0,0,0
5695,1,0,0,0,0
5696,1,0,0,0,0
5697,1,0,0,0,0
5698,1,0,0,0,0
5699,1,0,0,0,0
5700,1,0,0,0,0
5701,1,0,0,0,0
5702,1,0,0,0,0
5703,1,0,0,0,0
5704,1,0,0,0,0
5705,1,0,0,0,0
5706,1,0,0,0,0
5707,1,0,0,0,0
5708,1,0,0,0,0
5709,1,0,0,0,0
5710,1,0,0,0,0
5711,1,0,0,0,0
5712,1,0,0,0,0
5713,1,0,0,0,0
5714,1,0,0,0,0
5715,1,0,0,0,0
5716,1,0,0,0,0
5717,1,0,0,0,0
5718,1,0,0,0,0
5719,1,0,0,0,0
5720,1,0,0,0,0
5721,1,0,0,0,0
5722,1,0,0,0,0
5723,1,0,0,0,0
5724,0,0,0,0,1
5725,0,0,0,0,1
5726,0,0,0,0,1
5727,0,0,0,0,1
5728,0,0,0,0,1
5729,0,0,0,0,1
5730,0,0,0,0,1
5731,0,0,0,0,1
5732,0,0,0,0,1
5733,0,0,0,0,1
5734,0,0,0,0,1
5735,0,0,0,0,1
5736,0,0,0,0,1
5737,0,0,0,0,1
5738,0,0,0,0,1
5739,0,0,0,0,1
5740,0,0,0,0,1
5741,0,0,0,0,1
5742,0,0,0,0,1
5743,0,0,0,0,1
5744,0,0,0,0,1
5745,0,0,0,0,1
5746,0,0,0,0,1
5747,0,0,0,0,1
5748,0,0,0,0,1
5749,0,0,0,0,1
5750,0,0,0,0,1
5751,0,0,0,0,1
5752,0,0,0,0,1
5753,0,0,0,0,1
5754,0,0,0,0,1
5755,0,0,0,0,1
5756,0,0,0,0,1
5757,0,0,0,0,1
5758,0,0,0,0,1
5759,0,0,0,0,1
5760,0,0,0,0,1
5761,0,0,0,0,1
5762,0,0,0,0,1
5763,1,0,0,0,0
5764,1,0,0,0,0
5765,1,0,0,0,0
5766,1,0,0,0,0
5767,1,0,0,0,0
5768,1,0,0,0,0
5769,1,0,0,0,0
5770,1,0,0,0,0
5771,1,0,0,0,0
5772,1,0,0,0,0
5773,1,0,0,0,0
5774,1,0,0,0,0
5775,1,0,0,0,0
5776,1,0,0,0,0
5777,1,0,0,0,0
5778,1,0,0,0,0
5779,1,0,0,0,0
5780,1,0,0,0,0
5781,1,0,0,0,0
5782,1,0,0,0,0
5783,1,0,0,0,0
5784,1,0,0,0,0
5785,1,0,0,0,0
5786,1,0,0,0,0
5787,1,0,0,0,0
5788,1,0,0,0,0
5789,1,0,0,0,0
5790,1,0,0,0,0
5791,1,0,0,0,0
5792,1,0,0,0,0
5793,1,0,0,0,0
5794,1,0,0,0,0
5795,1,0,0,0,0
5796,1,0,0,0,0
5797,1,0,0,0,0
5798,1,0,0,0,0
5799,1,0,0,0,0
5800,1,0,0,0,0
5801,1,0,0,0,0
5802,1,0,0,0,0
5803,1,0,0,0,0
5804,1,0,0,0,0
5805,1,0,0,0,0
5806,1,0,0,0,0
5807,1,0,0,0,0
5808,1,0,0,0,0
5809,1,0,0,0,0
5810,1,0,0,0,0
5811,1,0,0,0,0
5812,1,0,0,0,0
5813,1,0,0,0,0
5814,1,0,0,0,0
5815,1,0,0,0,0
5816,1,0,0,0,0
5817,1,0,0,0,0
5818,1,0,0,0,0
5819,1,0,0,0,0
5820,1,0,0,0,0
5821,1,0,0,0,0
5822,1,0,0,0,0
5823,1,0,0,0,0
5824,1,0,0,0,0
5825,1,0,0,0,0
5826,1,0,0,0,0
5827,1,0,0,0,0
5828,1,0,0,0,0
5829,1,0,0,0,0
5830,1,0,0,0,0
5831,1,0,0,0,0
5832,1,0,0,0,0
5833,1,0,0,0,0
5834,1,0,0,0,0
5835,1,0,0,0,0
5836,1,0,0,0,0
5837,1,0,0,0,0
5838,1,0,0,0,0
5839,1,0,0,0,0
5840,1,0,0,0,0
5841,1,0,0,0,0
5842,1,0,0,0,0
5843,1,0,0,0,0
5844,1,0,0,0,0
5845,1,0,0,0,0
5846,1,0,0,0,0
5847,1,0,0,0,0
5848,1,0,0,0,0
5849,1,0,0,0,0
5850,1,0,0,0,0
5851,1,0,0,0,0
5852,1,0,0,0,0
5853,1,0,0,0,0
5854,1,0,0,0,0
5855,1,0,0,0,0
5856,1,0,0,0,0
5857,1,0,0,0,0
5858,1,0,0,0,0
5859,1,0,0,0,0
5860,1,0,0,0,0
5861,1,0,0,0,0
5862,1,0,0,0,0
5863,1,0,0,0,0
5864,1,0,0,0,0
5865,1,0,0,0,0
5866,1,0,0,0,0
5867,1,0,0,0,0
5868,1,0,0,0,0
5869,1,0,0,0,0
5870,1,0,0,0,0
5871,1,0,0,0,0
5872,1,0,0,0,0
5873,1,0,0,0,0
5874,1,0,0,0,0
5875,1,0,0,0,0
5876,1,0,0,0,0
5877,1,0,0,0,0
5878,1,0,0,0,0
5879,1,0,0,0,0
5880,1,0,0,0,0
5881,1,0,0,0,0
5882,1,0,0,0,0
5883,1,0,0,0,0
5884,1,0,0,0,0
5885,1,0,0,0,0
5886,1,0,0,0,0
5887,1,0,0,0,0
5888,1,0,0,0,0
5889,1,0,0,0,0
5890,1,0,0,0,0
5891,1,0,0,0,0
5892,1,0,0,0,0
5893,1,0,0,0,0
5894,1,0,0,0,0
5895,1,0,0,0,0
5896,1,0,0,0,0
5897,1,0,0,0,0
5898,1,0,0,0,0
5899,1,0,0,0,0
5900,1,0,0,0,0
5901,1,0,0,0,0
5902,1,0,0,0,0
5903,1,0,0,0,0
5904,1,0,0,0,0
5905,1,0,0,0,0
5906,1,0,0,0,0
5907,1,0,0,0,0
5908,1,0,0,0,0
5909,1,0,0,0,0
5910,1,0,0,0,0
5911,1,0,0,0,0
5912,1,0,0,0,0
5913,1,0,0,0,0
5914,1,0,0,0,0
5915,1,0,0,0,0
5916,1,0,0,0,0
5917,1,0,0,0,0
5918,1,0,0,0,0
5919,1,0,0,0,0
5920,1,0,0,0,0
5921,1,0,0,0,0
5922,1,0,0,0,0
5923,1,0,0,0,0
5924,1,0,0,0,0
5925,1,0,0,0,0
5926,1,0,0,0,0
5927,1,0,0,0,0
5928,1,0,0,0,0
5929,1,0,0,0,0
5930,1,0,0,0,0
5931,1,0,0,0,0
5932,1,0,0,0,0
5933,1,0,0,0,0
5934,0,1,0,0,0
5935,0,1,0,0,0
5936,0,1,0,0,0
5937,0,1,0,0,0
5938,0,1,0,0,0
5939,0,1,0,0,0
5940,0,1,0,0,0
5941,0,1,0,0,0
5942,0,1,0,0,0
5943,0,1,0,0,0
5944,0,1,0,0,0
5945,0,1,0,0,0
5946,0,1,0,0,0
5947,0,1,0,0,0
5948,0,1,0,0,0
5949,0,1,0,0,0
5950,0,1,0,0,0
5951,0,1,0,0,0
5952,0,1,0,0,0
5953,0,1,0,0,0
5954,0,1,0,0,0
5955,0,1,0,0,0
5956,0,1,0,0,0
5957,0,1,0,0,0
5958,0,1,0,0,0
5959,0,1,0,0,0
5960,0,1,0,0,0
5961,0,1,0,0,0
5962,0,1,0,0,0
5963,0,1,0,0,0
5964,0,1,0,0,0
5965,0,1,0,0,0
5966,0,1,0,0,0
5967,0,1,0,0,0
5968,0,1,0,0,0
5969,0,1,0,0,0
5970,0,1,0,0,0
5971,0,1,0,0,0
5972,0,1,0,0,0
5973,0,1,0,0,0
5974,0,1,0,0,0
5975,0,1,0,0,0
5976,0,1,0,0,0
5977,0,1,0,0,0
5978,0,1,0,0,0
5979,0,1,0,0,0
5980,0,1,0,0,0
5981,0,1,0,0,0
5982,0,1,0,0,0
5983,1,0,0,0,0
5984,1,0,0,0,0
5985,1,0,0,0,0
5986,1,0,0,0,0
5987,1,0,0,0,0
5988,1,0,0,0,0
5989,1,0,0,0,0
5990,1,0,0,0,0
5991,1,0,0,0,0
5992,1,0,0,0,0
5993,1,0,0,0,0
5994,1,0,0,0,0
5995,1,0,0,0,0
5996,1,0,0,0,0
5997,1,0,0,0,0
5998,1,0,0,0,0
5999,1,0,0,0,0
6000,1,0,0,0,0
6001,1,0,0,0,0
6002,1,0,0,0,0
6003,1,0,0,0,0
6004,1,0,0,0,0
6005,1,0,0,0,0
6006,1,0,0,0,0
6007,1,0,0,0,0
6008,1,0,0,0,0
6009,1,0,0,0,0
6010,1,0,0,0,0
6011,1,0,0,0,0
6012,1,0,0,0,0
6013,1,0,0,0,0
6014,1,0,0,0,0
6015,1,0,0,0,0
6016,1,0,0,0,0
6017,1,0,0,0,0
6018,1,0,0,0,0
6019,0,0,0,0,1
6020,0,0,0,0,1
6021,0,0,0,0,1
6022,0,0,0,0,1
6023,0,0,0,0,1
6024,0,0,0,0,1
6025,0,0,0,0,1
6026,0,0,0,0,1
6027,0,0,0,0,1
6028,0,0,0,0,1
6029,0,0,0,0,1
6030,0,0,0,0,1
6031,0,0,0,0,1
6032,0,0,0,0,1
6033,0,0,0,1,0
6034,0,0,0,1,0
6035,0,0,0,1,0
6036,0,0,0,1,0
6037,0,0,0,1,0
6038,0,0,0,1,0
6039,0,0,0,1,0
6040,0,0,0,1,0
6041,0,0,0,1,0
6042,0,0,0,1,0
6043,1,0,0,0,0
6044,1,0,0,0,0
6045,1,0,0,0,0
6046,1,0,0,0,0
6047,1,0,0,0,0
6048,1,0,0,0,0
6049,1,0,0,0,0
6050,1,0,0,0,0
6051,1,0,0,0,0
6052,1,0,0,0,0
6053,1,0,0,0,0
6054,1,0,0,0,0
6055,1,0,0,0,0
6056,1,0,0,0,0
6057,1,0,0,0,0
6058,1,0,0,0,0
6059,1,0,0,0,0
6060,1,0,0,0,0
6061,1,0,0,0,0
6062,0,0,0,0,1
6063,0,0,0,0,1
6064,0,0,0,0,1
6065,0,0,0,0,1
6066,0,0,0,0,1
6067,0,0,0,0,1
6068,0,0,0,0,1
6069,0,0,0,0,1
6070,0,0,0,0,1
6071,0,0,0,0,1
6072,0,0,0,0,1
6073,0,0,0,0,1
6074,0,0,0,0,1
6075,0,0,0,0,1
6076,0,0,0,0,1
6077,0,0,0,0,1
6078,0,0,0,0,1
6079,0,0,0,0,1
6080,0,0,0,0,1
6081,0,0,0,0,1
6082,0,0,0,0,1
6083,0,0,0,0,1
6084,0,0,0,0,1
6085,0,0,0,0,1
6086,0,0,0,0,1
6087,0,0,0,0,1
6088,0,0,0,0,1
6089,0,0,0,0,1
6090,0,0,0,0,1
6091,0,0,0,0,1
6092,0,0,0,0,1
6093,0,0,0,0,1
6094,1,0,0,0,0
6095,1,0,0,0,0
6096,1,0,0,0,0
6097,1,0,0,0,0
6098,1,0,0,0,0
6099,1,0,0,0,0
6100,1,0,0,0,0
6101,1,0,0,0,0
6102,1,0,0,0,0
6103,1,0,0,0,0
6104,1,0,0,0,0
6105,1,0,0,0,0
6106,1,0,0,0,0
6107,1,0,0,0,0
6108,1,0,0,0,0
6109,1,0,0,0,0
6110,1,0,0,0,0
6111,1,0,0,0,0
6112,1,0,0,0,0
6113,1,0,0,0,0
6114,1,0,0,0,0
6115,1,0,0,0,0
6116,1,0,0,0,0
6117,1,0,0,0,0
6118,1,0,0,0,0
6119,1,0,0,0,0
6120,1,0,0,0,0
6121,1,0,0,0,0
6122,1,0,0,0,0
6123,1,0,0,0,0
6124,1,0,0,0,0
6125,1,0,0,0,0
6126,1,0,0,0,0
6127,1,0,0,0,0
6128,1,0,0,0,0
6129,1,0,0,0,0
6130,1,0,0,0,0
6131,1,0,0,0,0
6132,1,0,0,0,0
6133,1,0,0,0,0
6134,1,0,0,0,0
6135,1,0,0,0,0
6136,1,0,0,0,0
6137,1,0,0,0,0
6138,1,0,0,0,0
6139,1,0,0,0,0
6140,1,0,0,0,0
6141,1,0,0,0,0
6142,1,0,0,0,0
6143,1,0,0,0,0
6144,1,0,0,0,0
6145,1,0,0,0,0
6146,1,0,0,0,0
6147,1,0,0,0,0
6148,1,0,0,0,0
6149,1,0,0,0,0
6150,1,0,0,0,0
6151,1,0,0,0,0
6152,1,0,0,0,0
6153,1,0,0,0,0
6154,1,0,0,0,0
6155,1,0,0,0,0
6156,1,0,0,0,0
6157,1,0,0,0,0
6158,1,0,0,0,0
6159,1,0,0,0,0
6160,1,0,0,0,0
6161,1,0,0,0,0
6162,1,0,0,0,0
6163,1,0,0,0,0
6164,1,0,0,0,0
6165,1,0,0,0,0
6166,1,0,0,0,0
6167,1,0,0,0,0
6168,1,0,0,0,0
6169,1,0,0,0,0
6170,1,0,0,0,0
6171,1,0,0,0,0
6172,1,0,0,0,0
6173,1,0,0,0,0
6174,1,0,0,0,0
6175,1,0,0,0,0
6176,1,0,0,0,0
6177,1,0,0,0,0
6178,1,0,0,0,0
6179,1,0,0,0,0
6180,1,0,0,0,0
6181,1,0,0,0,0
6182,1,0,0,0,0
6183,1,0,0,0,0
6184,1,0,0,0,0
6185,1,0,0,0,0
6186,1,0,0,0,0
6187,1,0,0,0,0
6188,0,0,0,0,1
6189,0,0,0,0,1
6190,0,0,0,0,1
6191,0,0,0,0,1
6192,0,0,0,0,1
6193,0,0,0,0,1
6194,0,0,0,0,1
6195,0,0,0,0,1
6196,0,0,0,0,1
6197,0,0,0,0,1
6198,0,0,0,0,1
6199,0,0,0,0,1
6200,0,0,0,0,1
6201,0,0,0,0,1
6202,0,0,0,0,1
6203,0,0,0,0,1
6204,0,0,0,0,1
6205,0,0,0,0,1
6206,0,0,0,0,1
6207,0,0,0,0,1
6208,0,0,0,0,1
6209,0,0,0,0,1
6210,0,0,0,0,1
6211,0,0,0,0,1
6212,0,0,0,0,1
6213,0,0,0,0,1
6214,0,0,0,0,1
6215,0,0,0,0,1
6216,0,0,0,0,1
6217,0,0,0,0,1
6218,0,0,0,0,1
6219,0,0,0,0,1
6220,0,0,0,0,1
6221,0,0,0,0,1
6222,0,0,0,0,1
6223,0,0,0,0,1
6224,0,0,0,0,1
6225,0,0,0,0,1
6226,0,0,0,0,1
6227,0,0,0,0,1
6228,0,0,0,0,1
6229,0,0,0,0,1
6230,0,0,0,0,1
6231,0,0,0,0,1
6232,0,0,0,0,1
6233,0,0,0,0,1
6234,0,0,0,0,1
6235,0,0,0,0,1
6236,0,0,0,0,1
6237,0,0,0,0,1
6238,0,0,0,0,1
6239,0,0,0,0,1
6240,0,0,0,0,1
6241,0,0,0,0,1
6242,0,0,0,0,1
6243,0,0,0,0,1
6244,0,0,0,0,1
6245,0,0,0,0,1
6246,0,0,0,0,1
6247,0,0,0,0,1
6248,0,0,0,0,1
6249,0,0,0,0,1
6250,0,0,0,0,1
6251,0,0,0,0,1
6252,0,0,0,0,1
6253,0,0,0,0,1
6254,0,0,0,0,1
6255,0,0,0,0,1
6256,0,0,0,0,1
6257,0,0,0,0,1
6258,0,0,0,0,1
6259,0,0,0,0,1
6260,0,0,0,0,1
6261,0,0,0,0,1
6262,0,0,0,0,1
6263,0,0,0,0,1
6264,0,0,0,0,1
6265,0,0,0,0,1
6266,0,0,0,0,1
6267,0,0,0,0,1
6268,0,0,0,0,1
6269,0,0,0,0,1
6270,0,0,0,0,1
6271,0,0,0,0,1
6272,0,0,0,0,1
6273,0,0,0,0,1
6274,0,0,0,0,1
6275,0,0,0,0,1
6276,0,0,0,0,1
6277,0,0,0,0,1
6278,0,0,0,0,1
6279,0,0,0,0,1
6280,0,0,0,0,1
6281,0,0,0,0,1
6282,0,0,0,0,1
6283,0,0,0,0,1
6284,1,0,0,0,0
6285,0,0,0,1,0
6286,0,0,0,1,0
6287,0,0,0,1,0
6288,0,0,0,1,0
6289,0,0,0,1,0
6290,0,0,0,1,0
6291,0,0,0,1,0
6292,0,0,0,1,0
6293,0,0,0,1,0
6294,0,0,0,1,0
6295,1,0,0,0,0
6296,1,0,0,0,0
6297,1,0,0,0,0
6298,1,0,0,0,0
6299,1,0,0,0,0
6300,1,0,0,0,0
6301,1,0,0,0,0
6302,1,0,0,0,0
6303,1,0,0,0,0
6304,1,0,0,0,0
6305,1,0,0,0,0
6306,1,0,0,0,0
6307,1,0,0,0,0
6308,1,0,0,0,0
6309,1,0,0,0,0
6310,1,0,0,0,0
6311,1,0,0,0,0
6312,1,0,0,0,0
6313,1,0,0,0,0
6314,1,0,0,0,0
6315,1,0,0,0,0
6316,1,0,0,0,0
6317,1,0,0,0,0
6318,1,0,0,0,0
6319,1,0,0,0,0
6320,1,0,0,0,0
6321,1,0,0,0,0
6322,1,0,0,0,0
6323,1,0,0,0,0
6324,1,0,0,0,0
6325,1,0,0,0,0
6326,1,0,0,0,0
6327,1,0,0,0,0
6328,1,0,0,0,0
6329,1,0,0,0,0
6330,1,0,0,0,0
6331,1,0,0,0,0
6332,1,0,0,0,0
6333,1,0,0,0,0
6334,1,0,0,0,0
6335,1,0,0,0,0
6336,1,0,0,0,0
6337,1,0,0,0,0
6338,1,0,0,0,0
6339,1,0,0,0,0
6340,1,0,0,0,0
6341,1,0,0,0,0
6342,1,0,0,0,0
6343,1,0,0,0,0
6344,1,0,0,0,0
6345,1,0,0,0,0
6346,1,0,0,0,0
6347,1,0,0,0,0
6348,1,0,0,0,0
6349,1,0,0,0,0
6350,1,0,0,0,0
6351,1,0,0,0,0
6352,1,0,0,0,0
6353,1,0,0,0,0
6354,1,0,0,0,0
6355,1,0,0,0,0
6356,1,0,0,0,0
6357,1,0,0,0,0
6358,1,0,0,0,0
6359,1,0,0,0,0
6360,1,0,0,0,0
6361,1,0,0,0,0
6362,1,0,0,0,0
6363,1,0,0,0,0
6364,1,0,0,0,0
6365,1,0,0,0,0
6366,1,0,0,0,0
6367,1,0,0,0,0
6368,1,0,0,0,0
6369,1,0,0,0,0
6370,1,0,0,0,0
6371,1,0,0,0,0
6372,1,0,0,0,0
6373,1,0,0,0,0
6374,1,0,0,0,0
6375,1,0,0,0,0
6376,1,0,0,0,0
6377,1,0,0,0,0
6378,1,0,0,0,0
6379,1,0,0,0,0
6380,1,0,0,0,0
6381,1,0,0,0,0
6382,1,0,0,0,0
6383,1,0,0,0,0
6384,1,0,0,0,0
6385,1,0,0,0,0
6386,1,0,0,0,0
6387,1,0,0,0,0
6388,1,0,0,0,0
6389,1,0,0,0,0
6390,1,0,0,0,0
6391,1,0,0,0,0
6392,1,0,0,0,0
6393,1,0,0,0,0
6394,1,0,0,0,0
6395,1,0,0,0,0
6396,1,0,0,0,0
6397,1,0,0,0,0
6398,1,0,0,0,0
6399,1,0,0,0,0
6400,1,0,0,0,0
6401,1,0,0,0,0
6402,1,0,0,0,0
6403,1,0,0,0,0
6404,1,0,0,0,0
6405,1,0,0,0,0
6406,1,0,0,0,0
6407,1,0,0,0,0
6408,1,0,0,0,0
6409,1,0,0,0,0
6410,1,0,0,0,0
6411,1,0,0,0,0
6412,1,0,0,0,0
6413,0,0,0,0,1
6414,0,0,0,0,1
6415,0,0,0,0,1
6416,0,0,0,0,1
6417,0,0,0,0,1
6418,0,0,0,0,1
6419,0,0,0,0,1
6420,0,0,0,0,1
6421,0,0,0,0,1
6422,0,0,0,0,1
6423,0,0,0,0,1
6424,0,0,0,0,1
6425,0,0,0,0,1
6426,0,0,0,0,1
6427,0,0,0,0,1
6428,0,0,0,0,1
6429,0,0,0,0,1
6430,0,0,0,0,1
6431,0,0,0,0,1
6432,0,0,0,0,1
6433,0,0,0,0,1
6434,0,0,0,0,1
6435,0,0,0,0,1
6436,0,0,0,0,1
6437,0,0,0,0,1
6438,0,0,0,0,1
6439,0,0,0,0,1
6440,0,0,0,0,1
6441,0,0,0,0,1
6442,0,0,0,0,1
6443,0,0,0,0,1
6444,0,0,0,0,1
6445,0,0,0,0,1
6446,0,0,0,0,1
6447,0,0,0,0,1
6448,0,0,0,0,1
6449,0,0,0,0,1
6450,0,0,0,0,1
6451,0,0,0,0,1
6452,0,0,0,0,1
6453,0,0,0,0,1
6454,0,0,0,0,1
6455,0,0,0,0,1
6456,0,0,0,0,1
6457,0,0,0,0,1
6458,0,0,0,0,1
6459,0,0,0,0,1
6460,0,0,0,0,1
6461,0,0,0,0,1
6462,0,0,0,0,1
6463,0,0,0,0,1
6464,0,0,0,0,1
6465,0,0,0,0,1
6466,0,0,0,0,1
6467,0,0,0,0,1
6468,0,0,0,0,1
6469,0,0,0,0,1
6470,0,0,0,0,1
6471,0,0,0,0,1
6472,0,0,0,0,1
6473,0,0,0,0,1
6474,0,0,0,0,1
6475,0,0,0,0,1
6476,0,0,0,0,1
6477,0,0,0,0,1
6478,0,0,0,0,1
6479,1,0,0,0,0
6480,1,0,0,0,0
6481,1,0,0,0,0
6482,1,0,0,0,0
6483,1,0,0,0,0
6484,1,0,0,0,0
6485,1,0,0,0,0
6486,0,1,0,0,0
6487,0,1,0,0,0
6488,0,1,0,0,0
6489,0,1,0,0,0
6490,0,1,0,0,0
6491,0,1,0,0,0
6492,0,1,0,0,0
6493,0,1,0,0,0
6494,0,1,0,0,0
6495,0,1,0,0,0
6496,0,1,0,0,0
6497,0,1,0,0,0
6498,0,1,0,0,0
6499,0,1,0,0,0
6500,0,1,0,0,0
6501,0,1,0,0,0
6502,0,1,0,0,0
6503,0,1,0,0,0
6504,0,1,0,0,0
6505,0,1,0,0,0
6506,0,1,0,0,0
6507,0,1,0,0,0
6508,0,1,0,0,0
6509,0,1,0,0,0
6510,0,1,0,0,0
6511,0,1,0,0,0
6512,0,1,0,0,0
6513,1,0,0,0,0
6514,1,0,0,0,0
6515,1,0,0,0,0
6516,1,0,0,0,0
6517,1,0,0,0,0
6518,1,0,0,0,0
6519,1,0,0,0,0
6520,1,0,0,0,0
6521,1,0,0,0,0
6522,1,0,0,0,0
6523,1,0,0,0,0
6524,1,0,0,0,0
6525,1,0,0,0,0
6526,1,0,0,0,0
6527,1,0,0,0,0
6528,1,0,0,0,0
6529,1,0,0,0,0
6530,1,0,0,0,0
6531,1,0,0,0,0
6532,1,0,0,0,0
6533,1,0,0,0,0
6534,1,0,0,0,0
6535,1,0,0,0,0
6536,1,0,0,0,0
6537,1,0,0,0,0
6538,1,0,0,0,0
6539,1,0,0,0,0
6540,1,0,0,0,0
6541,1,0,0,0,0
6542,1,0,0,0,0
6543,1,0,0,0,0
6544,1,0,0,0,0
6545,1,0,0,0,0
6546,1,0,0,0,0
6547,1,0,0,0,0
6548,1,0,0,0,0
6549,1,0,0,0,0
6550,1,0,0,0,0
6551,1,0,0,0,0
6552,1,0,0,0,0
6553,1,0,0,0,0
6554,1,0,0,0,0
6555,1,0,0,0,0
6556,1,0,0,0,0
6557,1,0,0,0,0
6558,1,0,0,0,0
6559,1,0,0,0,0
6560,1,0,0,0,0
6561,1,0,0,0,0
6562,1,0,0,0,0
6563,1,0,0,0,0
6564,1,0,0,0,0
6565,1,0,0,0,0
6566,1,0,0,0,0
6567,1,0,0,0,0
6568,1,0,0,0,0
6569,1,0,0,0,0
6570,1,0,0,0,0
6571,1,0,0,0,0
6572,1,0,0,0,0
6573,1,0,0,0,0
6574,1,0,0,0,0
6575,1,0,0,0,0
6576,1,0,0,0,0
6577,1,0,0,0,0
6578,1,0,0,0,0
6579,1,0,0,0,0
6580,1,0,0,0,0
6581,1,0,0,0,0
6582,1,0,0,0,0
6583,1,0,0,0,0
6584,1,0,0,0,0
6585,1,0,0,0,0
6586,1,0,0,0,0
6587,1,0,0,0,0
6588,1,0,0,0,0
6589,1,0,0,0,0
6590,1,0,0,0,0
6591,1,0,0,0,0
6592,1,0,0,0,0
6593,1,0,0,0,0
6594,1,0,0,0,0
6595,1,0,0,0,0
6596,1,0,0,0,0
6597,1,0,0,0,0
6598,1,0,0,0,0
6599,1,0,0,0,0
6600,1,0,0,0,0
6601,1,0,0,0,0
6602,1,0,0,0,0
6603,1,0,0,0,0
6604,1,0,0,0,0
6605,1,0,0,0,0
6606,1,0,0,0,0
6607,1,0,0,0,0
6608,1,0,0,0,0
6609,1,0,0,0,0
6610,1,0,0,0,0
6611,1,0,0,0,0
6612,1,0,0,0,0
6613,1,0,0,0,0
6614,1,0,0,0,0
6615,1,0,0,0,0
6616,1,0,0,0,0
6617,1,0,0,0,0
6618,1,0,0,0,0
6619,1,0,0,0,0
6620,1,0,0,0,0
6621,1,0,0,0,0
6622,1,0,0,0,0
6623,1,0,0,0,0
6624,1,0,0,0,0
6625,1,0,0,0,0
6626,1,0,0,0,0
6627,1,0,0,0,0
6628,1,0,0,0,0
6629,1,0,0,0,0
6630,1,0,0,0,0
6631,1,0,0,0,0
6632,1,0,0,0,0
6633,1,0,0,0,0
6634,0,1,0,0,0
6635,0,1,0,0,0
6636,0,1,0,0,0
6637,0,1,0,0,0
6638,0,1,0,0,0
6639,0,1,0,0,0
6640,0,1,0,0,0
6641,0,1,0,0,0
6642,0,1,0,0,0
6643,0,1,0,0,0
6644,0,1,0,0,0
6645,0,1,0,0,0
6646,0,1,0,0,0
6647,0,1,0,0,0
6648,0,1,0,0,0
6649,0,1,0,0,0
6650,0,1,0,0,0
6651,0,1,0,0,0
6652,0,1,0,0,0
6653,0,1,0,0,0
6654,0,1,0,0,0
6655,0,1,0,0,0
6656,0,1,0,0,0
6657,0,1,0,0,0
6658,0,1,0,0,0
6659,0,1,0,0,0
6660,0,1,0,0,0
6661,0,1,0,0,0
6662,0,1,0,0,0
6663,0,1,0,0,0
6664,0,1,0,0,0
6665,0,1,0,0,0
6666,0,1,0,0,0
6667,0,1,0,0,0
6668,0,1,0,0,0
6669,0,1,0,0,0
6670,0,1,0,0,0
6671,0,1,0,0,0
6672,0,1,0,0,0
6673,0,1,0,0,0
6674,0,1,0,0,0
6675,0,1,0,0,0
6676,0,1,0,0,0
6677,0,1,0,0,0
6678,0,1,0,0,0
6679,0,1,0,0,0
6680,0,1,0,0,0
6681,0,1,0,0,0
6682,0,1,0,0,0
6683,0,1,0,0,0
6684,0,1,0,0,0
6685,0,1,0,0,0
6686,0,1,0,0,0
6687,0,1,0,0,0
6688,0,1,0,0,0
6689,1,0,0,0,0
6690,1,0,0,0,0
6691,1,0,0,0,0
6692,1,0,0,0,0
6693,1,0,0,0,0
6694,1,0,0,0,0
6695,1,0,0,0,0
6696,1,0,0,0,0
6697,1,0,0,0,0
6698,1,0,0,0,0
6699,1,0,0,0,0
6700,1,0,0,0,0
6701,1,0,0,0,0
6702,1,0,0,0,0
6703,1,0,0,0,0
6704,1,0,0,0,0
6705,1,0,0,0,0
6706,1,0,0,0,0
6707,1,0,0,0,0
6708,1,0,0,0,0
6709,1,0,0,0,0
6710,1,0,0,0,0
6711,1,0,0,0,0
6712,1,0,0,0,0
6713,1,0,0,0,0
6714,1,0,0,0,0
6715,1,0,0,0,0
6716,1,0,0,0,0
6717,1,0,0,0,0
6718,1,0,0,0,0
6719,1,0,0,0,0
6720,1,0,0,0,0
6721,1,0,0,0,0
6722,1,0,0,0,0
6723,1,0,0,0,0
6724,1,0,0,0,0
6725,1,0,0,0,0
6726,1,0,0,0,0
6727,1,0,0,0,0
6728,1,0,0,0,0
6729,1,0,0,0,0
6730,1,0,0,0,0
6731,1,0,0,0,0
6732,1,0,0,0,0
6733,1,0,0,0,0
6734,1,0,0,0,0
6735,1,0,0,0,0
6736,1,0,0,0,0
6737,1,0,0,0,0
6738,1,0,0,0,0
6739,1,0,0,0,0
6740,1,0,0,0,0
6741,1,0,0,0,0
6742,1,0,0,0,0
6743,1,0,0,0,0
6744,1,0,0,0,0
6745,1,0,0,0,0
6746,1,0,0,0,0
6747,1,0,0,0,0
6748,1,0,0,0,0
6749,1,0,0,0,0
6750,1,0,0,0,0
6751,1,0,0,0,0
6752,1,0,0,0,0
6753,1,0,0,0,0
6754,1,0,0,0,0
6755,1,0,0,0,0
6756,1,0,0,0,0
6757,1,0,0,0,0
6758,1,0,0,0,0
6759,1,0,0,0,0
6760,1,0,0,0,0
6761,1,0,0,0,0
6762,1,0,0,0,0
6763,1,0,0,0,0
6764,1,0,0,0,0
6765,1,0,0,0,0
6766,1,0,0,0,0
6767,1,0,0,0,0
6768,1,0,0,0,0
6769,1,0,0,0,0
6770,1,0,0,0,0
6771,1,0,0,0,0
6772,1,0,0,0,0
6773,1,0,0,0,0
6774,1,0,0,0,0
6775,1,0,0,0,0
6776,1,0,0,0,0
6777,1,0,0,0,0
6778,1,0,0,0,0
6779,1,0,0,0,0
6780,1,0,0,0,0
6781,1,0,0,0,0
6782,1,0,0,0,0
6783,1,0,0,0,0
6784,1,0,0,0,0
6785,1,0,0,0,0
6786,1,0,0,0,0
6787,1,0,0,0,0
6788,1,0,0,0,0
6789,1,0,0,0,0
6790,1,0,0,0,0
6791,1,0,0,0,0
6792,1,0,0,0,0
6793,1,0,0,0,0
6794,1,0,0,0,0
6795,1,0,0,0,0
6796,1,0,0,0,0
6797,1,0,0,0,0
6798,1,0,0,0,0
6799,1,0,0,0,0
6800,1,0,0,0,0
6801,1,0,0,0,0
6802,1,0,0,0,0
6803,1,0,0,0,0
6804,1,0,0,0,0
6805,1,0,0,0,0
6806,1,0,0,0,0
6807,1,0,0,0,0
6808,1,0,0,0,0
6809,1,0,0,0,0
6810,1,0,0,0,0
6811,1,0,0,0,0
6812,1,0,0,0,0
6813,1,0,0,0,0
6814,1,0,0,0,0
6815,1,0,0,0,0
6816,1,0,0,0,0
6817,1,0,0,0,0
6818,1,0,0,0,0
6819,1,0,0,0,0
6820,1,0,0,0,0
6821,1,0,0,0,0
6822,1,0,0,0,0
6823,1,0,0,0,0
6824,1,0,0,0,0
6825,1,0,0,0,0
6826,1,0,0,0,0
6827,1,0,0,0,0
6828,1,0,0,0,0
6829,1,0,0,0,0
6830,1,0,0,0,0
6831,1,0,0,0,0
6832,1,0,0,0,0
6833,1,0,0,0,0
6834,1,0,0,0,0
6835,1,0,0,0,0
6836,1,0,0,0,0
6837,1,0,0,0,0
6838,1,0,0,0,0
6839,1,0,0,0,0
6840,1,0,0,0,0
6841,1,0,0,0,0
6842,1,0,0,0,0
6843,1,0,0,0,0
6844,1,0,0,0,0
6845,1,0,0,0,0
6846,1,0,0,0,0
6847,1,0,0,0,0
6848,1,0,0,0,0
6849,1,0,0,0,0
6850,1,0,0,0,0
6851,1,0,0,0,0
6852,1,0,0,0,0
6853,1,0,0,0,0
6854,1,0,0,0,0
6855,1,0,0,0,0
6856,1,0,0,0,0
6857,1,0,0,0,0
6858,1,0,0,0,0
6859,1,0,0,0,0
6860,1,0,0,0,0
6861,1,0,0,0,0
6862,1,0,0,0,0
6863,1,0,0,0,0
6864,1,0,0,0,0
6865,1,0,0,0,0
6866,1,0,0,0,0
6867,1,0,0,0,0
6868,1,0,0,0,0
6869,1,0,0,0,0
6870,1,0,0,0,0
6871,1,0,0,0,0
6872,1,0,0,0,0
6873,1,0,0,0,0
6874,1,0,0,0,0
6875,1,0,0,0,0
6876,1,0,0,0,0
6877,1,0,0,0,0
6878,1,0,0,0,0
6879,1,0,0,0,0
6880,1,0,0,0,0
6881,1,0,0,0,0
6882,1,0,0,0,0
6883,1,0,0,0,0
6884,1,0,0,0,0
6885,1,0,0,0,0
6886,1,0,0,0,0
6887,1,0,0,0,0
6888,1,0,0,0,0
6889,1,0,0,0,0
6890,1,0,0,0,0
6891,1,0,0,0,0
6892,1,0,0,0,0
6893,1,0,0,0,0
6894,1,0,0,0,0
6895,1,0,0,0,0
6896,1,0,0,0,0
6897,1,0,0,0,0
6898,1,0,0,0,0
6899,1,0,0,0,0
6900,1,0,0,0,0
6901,1,0,0,0,0
6902,1,0,0,0,0
6903,1,0,0,0,0
6904,1,0,0,0,0
6905,1,0,0,0,0
6906,1,0,0,0,0
6907,1,0,0,0,0
6908,1,0,0,0,0
6909,1,0,0,0,0
6910,1,0,0,0,0
6911,1,0,0,0,0
6912,1,0,0,0,0
6913,1,0,0,0,0
6914,1,0,0,0,0
6915,1,0,0,0,0
6916,1,0,0,0,0
6917,1,0,0,0,0
6918,1,0,0,0,0
6919,1,0,0,0,0
6920,1,0,0,0,0
6921,1,0,0,0,0
6922,1,0,0,0,0
6923,1,0,0,0,0
6924,1,0,0,0,0
6925,1,0,0,0,0
6926,1,0,0,0,0
6927,1,0,0,0,0
6928,1,0,0,0,0
6929,1,0,0,0,0
6930,1,0,0,0,0
6931,1,0,0,0,0
6932,1,0,0,0,0
6933,1,0,0,0,0
6934,1,0,0,0,0
6935,1,0,0,0,0
6936,1,0,0,0,0
6937,1,0,0,0,0
6938,1,0,0,0,0
6939,1,0,0,0,0
6940,1,0,0,0,0
6941,1,0,0,0,0
6942,1,0,0,0,0
6943,1,0,0,0,0
6944,1,0,0,0,0
6945,1,0,0,0,0
6946,1,0,0,0,0
6947,1,0,0,0,0
6948,1,0,0,0,0
6949,1,0,0,0,0
6950,1,0,0,0,0
6951,1,0,0,0,0
6952,1,0,0,0,0
6953,1,0,0,0,0
6954,1,0,0,0,0
6955,1,0,0,0,0
6956,1,0,0,0,0
6957,1,0,0,0,0
6958,1,0,0,0,0
6959,1,0,0,0,0
6960,1,0,0,0,0
6961,1,0,0,0,0
6962,1,0,0,0,0
6963,1,0,0,0,0
6964,1,0,0,0,0
6965,1,0,0,0,0
6966,1,0,0,0,0
6967,1,0,0,0,0
6968,1,0,0,0,0
6969,1,0,0,0,0
6970,1,0,0,0,0
6971,1,0,0,0,0
6972,1,0,0,0,0
6973,1,0,0,0,0
6974,1,0,0,0,0
6975,1,0,0,0,0
6976,1,0,0,0,0
6977,1,0,0,0,0
6978,1,0,0,0,0
6979,1,0,0,0,0
6980,1,0,0,0,0
6981,1,0,0,0,0
6982,1,0,0,0,0
6983,1,0,0,0,0
6984,1,0,0,0,0
6985,1,0,0,0,0
6986,1,0,0,0,0
6987,1,0,0,0,0
6988,1,0,0,0,0
6989,1,0,0,0,0
6990,1,0,0,0,0
6991,1,0,0,0,0
6992,1,0,0,0,0
6993,1,0,0,0,0
6994,1,0,0,0,0
6995,1,0,0,0,0
6996,1,0,0,0,0
6997,1,0,0,0,0
6998,1,0,0,0,0
6999,1,0,0,0,0
7000,1,0,0,0,0
7001,1,0,0,0,0
7002,1,0,0,0,0
7003,1,0,0,0,0
7004,1,0,0,0,0
7005,1,0,0,0,0
7006,1,0,0,0,0
7007,1,0,0,0,0
7008,1,0,0,0,0
7009,1,0,0,0,0
7010,1,0,0,0,0
7011,1,0,0,0,0
7012,1,0,0,0,0
7013,1,0,0,0,0
7014,1,0,0,0,0
7015,1,0,0,0,0
7016,1,0,0,0,0
7017,1,0,0,0,0
7018,1,0,0,0,0
7019,1,0,0,0,0
7020,1,0,0,0,0
7021,1,0,0,0,0
7022,1,0,0,0,0
7023,1,0,0,0,0
7024,1,0,0,0,0
7025,1,0,0,0,0
7026,1,0,0,0,0
7027,1,0,0,0,0
7028,1,0,0,0,0
7029,1,0,0,0,0
7030,1,0,0,0,0
7031,1,0,0,0,0
7032,1,0,0,0,0
7033,1,0,0,0,0
7034,1,0,0,0,0
7035,1,0,0,0,0
7036,1,0,0,0,0
7037,1,0,0,0,0
7038,1,0,0,0,0
7039,1,0,0,0,0
7040,1,0,0,0,0
7041,1,0,0,0,0
7042,1,0,0,0,0
7043,1,0,0,0,0
7044,1,0,0,0,0
7045,1,0,0,0,0
7046,1,0,0,0,0
7047,1,0,0,0,0
7048,1,0,0,0,0
7049,1,0,0,0,0
7050,1,0,0,0,0
7051,1,0,0,0,0
7052,1,0,0,0,0
7053,1,0,0,0,0
7054,1,0,0,0,0
7055,1,0,0,0,0
7056,1,0,0,0,0
7057,1,0,0,0,0
7058,1,0,0,0,0
7059,1,0,0,0,0
7060,1,0,0,0,0
7061,1,0,0,0,0
7062,1,0,0,0,0
7063,1,0,0,0,0
7064,1,0,0,0,0
7065,1,0,0,0,0
7066,1,0,0,0,0
7067,1,0,0,0,0
7068,1,0,0,0,0
7069,1,0,0,0,0
7070,1,0,0,0,0
7071,1,0,0,0,0
7072,1,0,0,0,0
7073,1,0,0,0,0
7074,1,0,0,0,0
7075,1,0,0,0,0
7076,1,0,0,0,0
7077,1,0,0,0,0
7078,1,0,0,0,0
7079,1,0,0,0,0
7080,1,0,0,0,0
7081,1,0,0,0,0
7082,1,0,0,0,0
7083,1,0,0,0,0
7084,1,0,0,0,0
7085,1,0,0,0,0
7086,1,0,0,0,0
7087,1,0,0,0,0
7088,1,0,0,0,0
7089,1,0,0,0,0
7090,1,0,0,0,0
7091,1,0,0,0,0
7092,1,0,0,0,0
7093,1,0,0,0,0
7094,1,0,0,0,0
7095,1,0,0,0,0
7096,1,0,0,0,0
7097,1,0,0,0,0
7098,1,0,0,0,0
7099,1,0,0,0,0
7100,1,0,0,0,0
7101,1,0,0,0,0
7102,1,0,0,0,0
7103,1,0,0,0,0
7104,1,0,0,0,0
7105,1,0,0,0,0
7106,1,0,0,0,0
7107,1,0,0,0,0
7108,1,0,0,0,0
7109,1,0,0,0,0
7110,1,0,0,0,0
7111,1,0,0,0,0
7112,1,0,0,0,0
7113,1,0,0,0,0
7114,1,0,0,0,0
7115,1,0,0,0,0
7116,1,0,0,0,0
7117,1,0,0,0,0
7118,1,0,0,0,0
7119,1,0,0,0,0
7120,1,0,0,0,0
7121,1,0,0,0,0
7122,1,0,0,0,0
7123,1,0,0,0,0
7124,1,0,0,0,0
7125,1,0,0,0,0
7126,1,0,0,0,0
7127,1,0,0,0,0
7128,1,0,0,0,0
7129,1,0,0,0,0
7130,1,0,0,0,0
7131,1,0,0,0,0
7132,1,0,0,0,0
7133,1,0,0,0,0
7134,1,0,0,0,0
7135,1,0,0,0,0
7136,1,0,0,0,0
7137,1,0,0,0,0
7138,1,0,0,0,0
7139,1,0,0,0,0
7140,1,0,0,0,0
7141,1,0,0,0,0
7142,1,0,0,0,0
7143,1,0,0,0,0
7144,1,0,0,0,0
7145,1,0,0,0,0
7146,1,0,0,0,0
7147,1,0,0,0,0
7148,1,0,0,0,0
7149,1,0,0,0,0
7150,1,0,0,0,0
7151,1,0,0,0,0
7152,1,0,0,0,0
7153,1,0,0,0,0
7154,1,0,0,0,0
7155,1,0,0,0,0
7156,1,0,0,0,0
7157,1,0,0,0,0
7158,1,0,0,0,0
7159,1,0,0,0,0
7160,1,0,0,0,0
7161,1,0,0,0,0
7162,1,0,0,0,0
7163,1,0,0,0,0
7164,1,0,0,0,0
7165,1,0,0,0,0
7166,1,0,0,0,0
7167,1,0,0,0,0
7168,1,0,0,0,0
7169,1,0,0,0,0
7170,1,0,0,0,0
7171,1,0,0,0,0
7172,1,0,0,0,0
7173,1,0,0,0,0
7174,1,0,0,0,0
7175,1,0,0,0,0
7176,1,0,0,0,0
7177,1,0,0,0,0
7178,1,0,0,0,0
7179,1,0,0,0,0
7180,1,0,0,0,0
7181,1,0,0,0,0
7182,1,0,0,0,0
7183,1,0,0,0,0
7184,1,0,0,0,0
7185,1,0,0,0,0
7186,1,0,0,0,0
7187,1,0,0,0,0
7188,1,0,0,0,0
7189,1,0,0,0,0
7190,1,0,0,0,0
7191,1,0,0,0,0
7192,1,0,0,0,0
7193,1,0,0,0,0
7194,1,0,0,0,0
7195,1,0,0,0,0
7196,1,0,0,0,0
7197,1,0,0,0,0
7198,1,0,0,0,0
7199,1,0,0,0,0
7200,1,0,0,0,0
7201,1,0,0,0,0
7202,1,0,0,0,0
7203,1,0,0,0,0
7204,1,0,0,0,0
7205,1,0,0,0,0
7206,1,0,0,0,0
7207,1,0,0,0,0
7208,1,0,0,0,0
7209,1,0,0,0,0
7210,1,0,0,0,0
7211,1,0,0,0,0
7212,1,0,0,0,0
7213,1,0,0,0,0
7214,1,0,0,0,0
7215,1,0,0,0,0
7216,1,0,0,0,0
7217,1,0,0,0,0
7218,1,0,0,0,0
7219,1,0,0,0,0
7220,1,0,0,0,0
7221,1,0,0,0,0
7222,1,0,0,0,0
7223,1,0,0,0,0
7224,1,0,0,0,0
7225,1,0,0,0,0
7226,1,0,0,0,0
7227,1,0,0,0,0
7228,1,0,0,0,0
7229,1,0,0,0,0
7230,1,0,0,0,0
7231,1,0,0,0,0
7232,1,0,0,0,0
7233,1,0,0,0,0
7234,1,0,0,0,0
7235,1,0,0,0,0
7236,1,0,0,0,0
7237,1,0,0,0,0
7238,1,0,0,0,0
7239,1,0,0,0,0
7240,1,0,0,0,0
7241,1,0,0,0,0
7242,1,0,0,0,0
7243,1,0,0,0,0
7244,1,0,0,0,0
7245,1,0,0,0,0
7246,1,0,0,0,0
7247,1,0,0,0,0
7248,1,0,0,0,0
7249,1,0,0,0,0
7250,1,0,0,0,0
7251,1,0,0,0,0
7252,1,0,0,0,0
7253,1,0,0,0,0
7254,1,0,0,0,0
7255,1,0,0,0,0
7256,1,0,0,0,0
7257,1,0,0,0,0
7258,1,0,0,0,0
7259,1,0,0,0,0
7260,1,0,0,0,0
7261,1,0,0,0,0
7262,1,0,0,0,0
7263,1,0,0,0,0
7264,1,0,0,0,0
7265,1,0,0,0,0
7266,1,0,0,0,0
7267,1,0,0,0,0
7268,1,0,0,0,0
7269,1,0,0,0,0
7270,1,0,0,0,0
7271,1,0,0,0,0
7272,1,0,0,0,0
7273,1,0,0,0,0
7274,1,0,0,0,0
7275,1,0,0,0,0
7276,1,0,0,0,0
7277,1,0,0,0,0
7278,1,0,0,0,0
7279,1,0,0,0,0
7280,1,0,0,0,0
7281,1,0,0,0,0
7282,1,0,0,0,0
7283,1,0,0,0,0
7284,1,0,0,0,0
7285,1,0,0,0,0
7286,1,0,0,0,0
7287,1,0,0,0,0
7288,1,0,0,0,0
7289,1,0,0,0,0
7290,1,0,0,0,0
7291,1,0,0,0,0
7292,1,0,0,0,0
7293,1,0,0,0,0
7294,1,0,0,0,0
7295,1,0,0,0,0
7296,1,0,0,0,0
7297,1,0,0,0,0
7298,1,0,0,0,0
7299,1,0,0,0,0
7300,1,0,0,0,0
7301,1,0,0,0,0
7302,1,0,0,0,0
7303,1,0,0,0,0
7304,1,0,0,0,0
7305,1,0,0,0,0
7306,1,0,0,0,0
7307,1,0,0,0,0
7308,1,0,0,0,0
7309,1,0,0,0,0
7310,1,0,0,0,0
7311,1,0,0,0,0
7312,1,0,0,0,0
7313,0,0,0,1,0
7314,0,0,0,1,0
7315,0,0,0,1,0
7316,0,0,0,1,0
7317,0,0,0,1,0
7318,0,0,0,1,0
7319,0,0,0,1,0
7320,0,0,0,1,0
7321,0,0,0,1,0
7322,0,0,0,1,0
7323,0,0,0,1,0
7324,1,0,0,0,0
7325,1,0,0,0,0
7326,1,0,0,0,0
7327,1,0,0,0,0
7328,1,0,0,0,0
7329,1,0,0,0,0
7330,1,0,0,0,0
7331,1,0,0,0,0
7332,1,0,0,0,0
7333,1,0,0,0,0
7334,1,0,0,0,0
7335,1,0,0,0,0
7336,1,0,0,0,0
7337,1,0,0,0,0
7338,1,0,0,0,0
7339,1,0,0,0,0
7340,0,0,0,0,1
7341,0,0,0,0,1
7342,0,0,0,0,1
7343,0,0,0,0,1
7344,0,0,0,0,1
7345,0,0,0,0,1
7346,0,0,0,0,1
7347,0,0,0,0,1
7348,0,0,0,0,1
7349,0,0,0,0,1
7350,0,0,0,0,1
7351,0,0,0,0,1
7352,0,0,0,0,1
7353,0,0,0,0,1
7354,0,0,0,0,1
7355,0,0,0,0,1
7356,0,0,0,0,1
7357,0,0,0,0,1
7358,0,0,0,0,1
7359,0,0,0,0,1
7360,0,0,0,0,1
7361,0,0,0,0,1
7362,0,0,0,0,1
7363,0,0,0,0,1
7364,0,0,0,0,1
7365,0,0,0,0,1
7366,0,0,0,0,1
7367,0,0,0,0,1
7368,0,0,0,0,1
7369,0,0,0,0,1
7370,0,0,0,0,1
7371,0,0,0,0,1
7372,0,0,0,0,1
7373,0,0,0,0,1
7374,0,0,0,0,1
7375,0,0,0,0,1
7376,0,0,0,0,1
7377,0,0,0,0,1
7378,0,0,0,0,1
7379,0,0,0,0,1
7380,0,0,0,0,1
7381,0,0,0,0,1
7382,0,0,0,0,1
7383,0,0,0,0,1
7384,0,0,0,0,1
7385,0,0,0,0,1
7386,0,0,0,0,1
7387,0,0,0,0,1
7388,0,0,0,0,1
7389,0,0,0,0,1
7390,0,0,0,0,1
7391,1,0,0,0,0
7392,1,0,0,0,0
7393,1,0,0,0,0
7394,1,0,0,0,0
7395,1,0,0,0,0
7396,1,0,0,0,0
7397,1,0,0,0,0
7398,1,0,0,0,0
7399,1,0,0,0,0
7400,1,0,0,0,0
7401,1,0,0,0,0
7402,1,0,0,0,0
7403,1,0,0,0,0
7404,1,0,0,0,0
7405,1,0,0,0,0
7406,1,0,0,0,0
7407,1,0,0,0,0
7408,1,0,0,0,0
7409,1,0,0,0,0
7410,1,0,0,0,0
7411,1,0,0,0,0
7412,1,0,0,0,0
7413,1,0,0,0,0
7414,1,0,0,0,0
7415,1,0,0,0,0
7416,1,0,0,0,0
7417,1,0,0,0,0
7418,1,0,0,0,0
7419,1,0,0,0,0
7420,1,0,0,0,0
7421,1,0,0,0,0
7422,1,0,0,0,0
7423,1,0,0,0,0
7424,1,0,0,0,0
7425,1,0,0,0,0
7426,1,0,0,0,0
7427,1,0,0,0,0
7428,1,0,0,0,0
7429,1,0,0,0,0
7430,1,0,0,0,0
7431,1,0,0,0,0
7432,1,0,0,0,0
7433,1,0,0,0,0
7434,1,0,0,0,0
7435,1,0,0,0,0
7436,1,0,0,0,0
7437,1,0,0,0,0
7438,1,0,0,0,0
7439,1,0,0,0,0
7440,1,0,0,0,0
7441,1,0,0,0,0
7442,1,0,0,0,0
7443,1,0,0,0,0
7444,1,0,0,0,0
7445,1,0,0,0,0
7446,1,0,0,0,0
7447,1,0,0,0,0
7448,1,0,0,0,0
7449,1,0,0,0,0
7450,1,0,0,0,0
7451,1,0,0,0,0
7452,1,0,0,0,0
7453,1,0,0,0,0
7454,1,0,0,0,0
7455,1,0,0,0,0
7456,1,0,0,0,0
7457,1,0,0,0,0
7458,1,0,0,0,0
7459,1,0,0,0,0
7460,1,0,0,0,0
7461,1,0,0,0,0
7462,1,0,0,0,0
7463,1,0,0,0,0
7464,1,0,0,0,0
7465,1,0,0,0,0
7466,1,0,0,0,0
7467,1,0,0,0,0
7468,1,0,0,0,0
7469,1,0,0,0,0
7470,1,0,0,0,0
7471,1,0,0,0,0
7472,1,0,0,0,0
7473,1,0,0,0,0
7474,1,0,0,0,0
7475,1,0,0,0,0
7476,1,0,0,0,0
7477,0,0,0,0,1
7478,0,0,0,0,1
7479,0,0,0,0,1
7480,0,0,0,0,1
7481,0,0,0,0,1
7482,0,0,0,0,1
7483,0,0,0,0,1
7484,0,0,0,0,1
7485,0,0,0,0,1
7486,0,0,0,0,1
7487,0,0,0,0,1
7488,0,0,0,0,1
7489,0,0,0,0,1
7490,0,0,0,0,1
7491,0,0,0,0,1
7492,0,0,0,0,1
7493,0,0,0,0,1
7494,0,0,0,0,1
7495,0,0,0,0,1
7496,0,0,0,0,1
7497,0,0,0,0,1
7498,0,0,0,0,1
7499,0,0,0,0,1
7500,0,0,0,0,1
7501,0,0,0,0,1
7502,0,0,0,0,1
7503,0,0,0,0,1
7504,0,0,0,0,1
7505,0,0,0,0,1
7506,0,0,0,0,1
7507,0,0,0,0,1
7508,0,0,0,0,1
7509,0,0,0,0,1
7510,0,0,0,0,1
7511,0,0,0,0,1
7512,0,0,0,0,1
7513,0,0,0,0,1
7514,0,0,0,0,1
7515,0,0,0,0,1
7516,0,0,0,0,1
7517,0,0,0,0,1
7518,1,0,0,0,0
7519,1,0,0,0,0
7520,1,0,0,0,0
7521,1,0,0,0,0
7522,1,0,0,0,0
7523,1,0,0,0,0
7524,1,0,0,0,0
7525,1,0,0,0,0
7526,1,0,0,0,0
7527,1,0,0,0,0
7528,1,0,0,0,0
7529,1,0,0,0,0
7530,1,0,0,0,0
7531,1,0,0,0,0
7532,1,0,0,0,0
7533,1,0,0,0,0
7534,1,0,0,0,0
7535,1,0,0,0,0
7536,1,0,0,0,0
7537,1,0,0,0,0
7538,1,0,0,0,0
7539,1,0,0,0,0
7540,0,1,0,0,0
7541,0,1,0,0,0
7542,0,1,0,0,0
7543,0,1,0,0,0
7544,0,1,0,0,0
7545,0,1,0,0,0
7546,0,1,0,0,0
7547,0,1,0,0,0
7548,0,1,0,0,0
7549,0,1,0,0,0
7550,0,1,0,0,0
7551,0,1,0,0,0
7552,0,1,0,0,0
7553,0,1,0,0,0
7554,0,1,0,0,0
7555,0,1,0,0,0
7556,0,1,0,0,0
7557,0,1,0,0,0
7558,0,1,0,0,0
7559,0,1,0,0,0
7560,0,1,0,0,0
7561,0,1,0,0,0
7562,0,1,0,0,0
7563,0,1,0,0,0
7564,0,1,0,0,0
7565,0,1,0,0,0
7566,0,1,0,0,0
7567,0,1,0,0,0
7568,0,1,0,0,0
7569,0,1,0,0,0
7570,0,1,0,0,0
7571,0,1,0,0,0
7572,0,1,0,0,0
7573,0,1,0,0,0
7574,0,1,0,0,0
7575,0,1,0,0,0
7576,0,1,0,0,0
7577,0,1,0,0,0
7578,0,1,0,0,0
7579,0,1,0,0,0
7580,0,1,0,0,0
7581,0,1,0,0,0
7582,0,1,0,0,0
7583,0,1,0,0,0
7584,0,1,0,0,0
7585,0,1,0,0,0
7586,0,1,0,0,0
7587,0,1,0,0,0
7588,0,1,0,0,0
7589,0,1,0,0,0
7590,0,1,0,0,0
7591,0,1,0,0,0
7592,0,1,0,0,0
7593,0,1,0,0,0
7594,0,1,0,0,0
7595,0,1,0,0,0
7596,1,0,0,0,0
7597,1,0,0,0,0
7598,1,0,0,0,0
7599,1,0,0,0,0
7600,1,0,0,0,0
7601,1,0,0,0,0
7602,1,0,0,0,0
7603,1,0,0,0,0
7604,1,0,0,0,0
7605,1,0,0,0,0
7606,1,0,0,0,0
7607,1,0,0,0,0
7608,1,0,0,0,0
7609,1,0,0,0,0
7610,1,0,0,0,0
7611,1,0,0,0,0
7612,1,0,0,0,0
7613,1,0,0,0,0
7614,1,0,0,0,0
7615,1,0,0,0,0
7616,1,0,0,0,0
7617,1,0,0,0,0
7618,1,0,0,0,0
7619,1,0,0,0,0
7620,1,0,0,0,0
7621,1,0,0,0,0
7622,1,0,0,0,0
7623,1,0,0,0,0
7624,1,0,0,0,0
7625,1,0,0,0,0
7626,1,0,0,0,0
7627,1,0,0,0,0
7628,1,0,0,0,0
7629,1,0,0,0,0
7630,1,0,0,0,0
7631,1,0,0,0,0
7632,1,0,0,0,0
7633,1,0,0,0,0
7634,1,0,0,0,0
7635,1,0,0,0,0
7636,1,0,0,0,0
7637,1,0,0,0,0
7638,1,0,0,0,0
7639,1,0,0,0,0
7640,1,0,0,0,0
7641,1,0,0,0,0
7642,1,0,0,0,0
7643,1,0,0,0,0
7644,1,0,0,0,0
7645,1,0,0,0,0
7646,1,0,0,0,0
7647,1,0,0,0,0
7648,1,0,0,0,0
7649,1,0,0,0,0
7650,1,0,0,0,0
7651,1,0,0,0,0
7652,1,0,0,0,0
7653,1,0,0,0,0
7654,1,0,0,0,0
7655,1,0,0,0,0
7656,1,0,0,0,0
7657,1,0,0,0,0
7658,1,0,0,0,0
7659,1,0,0,0,0
7660,1,0,0,0,0
7661,1,0,0,0,0
7662,1,0,0,0,0
7663,1,0,0,0,0
7664,1,0,0,0,0
7665,1,0,0,0,0
7666,1,0,0,0,0
7667,1,0,0,0,0
7668,1,0,0,0,0
7669,1,0,0,0,0
7670,1,0,0,0,0
7671,1,0,0,0,0
7672,1,0,0,0,0
7673,1,0,0,0,0
7674,1,0,0,0,0
7675,1,0,0,0,0
7676,1,0,0,0,0
7677,1,0,0,0,0
7678,1,0,0,0,0
7679,1,0,0,0,0
7680,1,0,0,0,0
7681,1,0,0,0,0
7682,1,0,0,0,0
7683,1,0,0,0,0
7684,1,0,0,0,0
7685,1,0,0,0,0
7686,1,0,0,0,0
7687,1,0,0,0,0
7688,1,0,0,0,0
7689,1,0,0,0,0
7690,1,0,0,0,0
7691,1,0,0,0,0
7692,1,0,0,0,0
7693,1,0,0,0,0
7694,1,0,0,0,0
7695,1,0,0,0,0
7696,1,0,0,0,0
7697,1,0,0,0,0
7698,1,0,0,0,0
7699,1,0,0,0,0
7700,1,0,0,0,0
7701,1,0,0,0,0
7702,1,0,0,0,0
7703,1,0,0,0,0
7704,1,0,0,0,0
7705,1,0,0,0,0
7706,1,0,0,0,0
7707,1,0,0,0,0
7708,1,0,0,0,0
7709,1,0,0,0,0
7710,1,0,0,0,0
7711,1,0,0,0,0
7712,1,0,0,0,0
7713,1,0,0,0,0
7714,1,0,0,0,0
7715,1,0,0,0,0
7716,1,0,0,0,0
7717,1,0,0,0,0
7718,1,0,0,0,0
7719,1,0,0,0,0
7720,1,0,0,0,0
7721,1,0,0,0,0
7722,1,0,0,0,0
7723,1,0,0,0,0
7724,1,0,0,0,0
7725,1,0,0,0,0
7726,1,0,0,0,0
7727,0,0,0,0,1
7728,0,0,0,0,1
7729,0,0,0,0,1
7730,0,0,0,0,1
7731,0,0,0,0,1
7732,0,0,0,0,1
7733,0,0,0,0,1
7734,0,0,0,0,1
7735,0,0,0,0,1
7736,0,0,0,0,1
7737,0,0,0,0,1
7738,0,0,0,0,1
7739,0,0,0,0,1
7740,0,0,0,0,1
7741,0,0,0,0,1
7742,0,0,0,0,1
7743,0,0,0,0,1
7744,0,0,0,0,1
7745,0,0,0,0,1
7746,0,0,0,0,1
7747,0,0,0,0,1
7748,0,0,0,0,1
7749,0,0,0,0,1
7750,0,0,0,0,1
7751,0,0,0,0,1
7752,0,0,0,0,1
7753,0,0,0,0,1
7754,0,0,0,0,1
7755,0,0,0,0,1
7756,0,0,0,0,1
7757,0,0,0,0,1
7758,0,0,0,0,1
7759,0,0,0,0,1
7760,0,0,0,0,1
7761,0,0,0,0,1
7762,0,0,0,0,1
7763,0,0,0,0,1
7764,0,0,0,0,1
7765,0,0,0,0,1
7766,0,0,0,0,1
7767,0,0,0,0,1
7768,0,0,0,0,1
7769,0,0,0,0,1
7770,0,0,0,0,1
7771,0,0,0,0,1
7772,0,0,0,0,1
7773,0,0,0,0,1
7774,0,0,0,0,1
7775,0,0,0,0,1
7776,0,0,0,0,1
7777,0,0,0,0,1
7778,0,0,0,0,1
7779,0,0,0,0,1
7780,0,0,0,0,1
7781,0,0,0,0,1
7782,0,0,0,0,1
7783,0,0,0,0,1
7784,0,0,0,0,1
7785,0,0,0,0,1
7786,0,0,0,0,1
7787,0,0,0,0,1
7788,0,0,0,0,1
7789,0,0,0,0,1
7790,0,0,0,0,1
7791,0,0,0,0,1
7792,0,0,0,0,1
7793,0,0,0,0,1
7794,0,0,0,0,1
7795,0,0,0,0,1
7796,0,0,0,0,1
7797,0,0,0,0,1
7798,0,0,0,0,1
7799,0,0,0,0,1
7800,0,0,0,0,1
7801,0,0,0,0,1
7802,0,0,0,0,1
7803,0,0,0,0,1
7804,0,0,0,0,1
7805,0,0,0,0,1
7806,0,0,0,0,1
7807,0,0,0,0,1
7808,0,0,0,0,1
7809,0,0,0,0,1
7810,0,0,0,0,1
7811,0,0,0,0,1
7812,0,0,0,0,1
7813,0,0,0,0,1
7814,0,0,0,0,1
7815,0,0,0,0,1
7816,0,0,0,0,1
7817,0,0,0,0,1
7818,0,0,0,0,1
7819,0,0,0,0,1
7820,0,0,0,0,1
7821,0,0,0,0,1
7822,0,0,0,0,1
7823,0,0,0,0,1
7824,0,0,0,0,1
7825,0,0,0,0,1
7826,0,0,0,0,1
7827,0,0,0,0,1
7828,0,0,0,0,1
7829,0,0,0,0,1
7830,0,0,0,0,1
7831,0,0,0,0,1
7832,0,0,0,0,1
7833,0,0,0,0,1
7834,0,0,0,0,1
7835,0,0,0,0,1
7836,0,0,0,0,1
7837,0,0,0,0,1
7838,0,0,0,0,1
7839,0,0,0,0,1
7840,0,0,0,0,1
7841,0,0,0,0,1
7842,0,0,0,0,1
7843,0,0,0,0,1
7844,0,0,0,0,1
7845,0,0,0,0,1
7846,0,0,0,0,1
7847,0,0,0,0,1
7848,0,0,0,0,1
7849,0,0,0,0,1
7850,0,0,0,0,1
7851,0,0,0,0,1
7852,0,0,0,0,1
7853,0,0,0,0,1
7854,0,0,0,0,1
7855,0,0,0,0,1
7856,0,0,0,0,1
7857,0,0,0,0,1
7858,0,0,0,0,1
7859,0,0,0,0,1
7860,0,0,0,0,1
7861,0,0,0,0,1
7862,0,0,0,0,1
7863,0,0,0,0,1
7864,0,0,0,0,1
7865,0,0,0,0,1
7866,0,0,0,0,1
7867,0,0,0,0,1
7868,0,0,0,0,1
7869,0,0,0,0,1
7870,0,0,0,0,1
7871,0,0,0,0,1
7872,0,0,0,0,1
7873,0,0,0,0,1
7874,0,0,0,0,1
7875,0,0,0,0,1
7876,0,0,0,0,1
7877,0,0,0,0,1
7878,0,0,0,0,1
7879,0,0,0,0,1
7880,0,0,0,0,1
7881,0,0,0,0,1
7882,0,0,0,0,1
7883,0,0,0,0,1
7884,0,0,0,0,1
7885,0,0,0,0,1
7886,0,0,0,0,1
7887,0,0,0,0,1
7888,0,0,0,0,1
7889,0,0,0,0,1
7890,0,0,0,0,1
7891,0,0,0,0,1
7892,0,0,0,0,1
7893,0,0,0,0,1
7894,0,0,0,0,1
7895,0,0,0,0,1
7896,0,0,0,0,1
7897,0,0,0,0,1
7898,0,0,0,0,1
7899,0,0,0,0,1
7900,0,0,0,0,1
7901,0,0,0,0,1
7902,0,0,0,0,1
7903,0,0,0,0,1
7904,0,0,0,0,1
7905,0,0,0,0,1
7906,0,0,0,0,1
7907,0,0,0,0,1
7908,0,0,0,0,1
7909,0,0,0,0,1
7910,0,0,0,0,1
7911,0,0,0,0,1
7912,0,0,0,0,1
7913,0,0,0,0,1
7914,0,0,0,0,1
7915,0,0,0,0,1
7916,0,0,0,0,1
7917,0,0,0,0,1
7918,0,0,0,0,1
7919,0,0,0,0,1
7920,0,0,0,0,1
7921,0,0,0,0,1
7922,0,0,0,0,1
7923,0,0,0,0,1
7924,0,0,0,0,1
7925,0,0,0,0,1
7926,0,0,0,0,1
7927,0,0,0,0,1
7928,0,0,0,0,1
7929,0,0,0,0,1
7930,0,0,0,0,1
7931,0,0,0,0,1
7932,0,0,0,0,1
7933,0,0,0,0,1
7934,0,0,0,0,1
7935,0,0,0,0,1
7936,0,0,0,0,1
7937,0,0,0,0,1
7938,0,0,0,0,1
7939,0,0,0,0,1
7940,0,0,0,0,1
7941,0,0,0,0,1
7942,0,0,0,0,1
7943,0,0,0,0,1
7944,0,0,0,0,1
7945,0,0,0,0,1
7946,0,0,0,0,1
7947,0,0,0,0,1
7948,0,0,0,0,1
7949,0,0,0,0,1
7950,0,0,0,0,1
7951,0,0,0,0,1
7952,0,0,0,0,1
7953,0,0,0,0,1
7954,0,0,0,0,1
7955,0,0,0,0,1
7956,0,0,0,0,1
7957,0,0,0,0,1
7958,0,0,0,0,1
7959,0,0,0,0,1
7960,0,0,0,0,1
7961,0,0,0,0,1
7962,0,0,0,0,1
7963,0,0,0,0,1
7964,0,0,0,0,1
7965,0,0,0,0,1
7966,0,0,0,0,1
7967,0,0,0,0,1
7968,0,0,0,0,1
7969,0,0,0,0,1
7970,0,0,0,0,1
7971,0,0,0,0,1
7972,0,0,0,0,1
7973,0,0,0,0,1
7974,0,0,0,0,1
7975,0,0,0,0,1
7976,0,0,0,0,1
7977,0,0,0,0,1
7978,0,0,0,0,1
7979,0,0,0,0,1
7980,0,0,0,0,1
7981,0,0,0,0,1
7982,0,0,0,0,1
7983,0,0,0,0,1
7984,0,0,0,0,1
7985,0,0,0,0,1
7986,0,0,0,0,1
7987,0,0,0,0,1
7988,0,0,0,0,1
7989,0,0,0,0,1
7990,0,0,0,0,1
7991,0,0,0,0,1
7992,0,0,0,0,1
7993,0,0,0,0,1
7994,0,0,0,0,1
7995,0,0,0,0,1
7996,0,0,0,0,1
7997,0,0,0,0,1
7998,0,0,0,0,1
7999,0,0,0,0,1
8000,0,0,0,0,1
8001,0,0,0,0,1
8002,0,0,0,0,1
8003,0,0,0,0,1
8004,0,0,0,0,1
8005,0,0,0,0,1
8006,0,0,0,0,1
8007,0,0,0,0,1
8008,0,0,0,0,1
8009,0,0,0,0,1
8010,0,0,0,0,1
8011,0,0,0,0,1
8012,0,0,0,0,1
8013,0,0,0,0,1
8014,0,0,0,0,1
8015,0,0,0,0,1
8016,0,0,0,0,1
8017,0,0,0,0,1
8018,0,0,0,0,1
8019,0,0,0,0,1
8020,0,0,0,0,1
8021,0,0,0,0,1
8022,0,0,0,0,1
8023,0,0,0,0,1
8024,0,0,0,0,1
8025,0,0,0,0,1
8026,0,0,0,0,1
8027,0,0,0,0,1
8028,0,0,0,0,1
8029,0,0,0,0,1
8030,0,0,0,0,1
8031,0,0,0,0,1
8032,0,0,0,0,1
8033,0,0,0,0,1
8034,0,0,0,0,1
8035,0,0,0,0,1
8036,0,0,0,0,1
8037,0,0,0,0,1
8038,0,0,0,0,1
8039,0,0,0,0,1
8040,0,0,0,0,1
8041,0,0,0,0,1
8042,0,0,0,0,1
8043,0,0,0,0,1
8044,0,0,0,0,1
8045,0,0,0,0,1
8046,0,0,0,0,1
8047,0,0,0,0,1
8048,0,0,0,0,1
8049,0,0,0,0,1
8050,0,0,0,0,1
8051,0,0,0,0,1
8052,0,0,0,0,1
8053,0,0,0,0,1
8054,0,0,0,0,1
8055,0,0,0,0,1
8056,0,0,0,0,1
8057,0,0,0,0,1
8058,1,0,0,0,0
8059,1,0,0,0,0
8060,1,0,0,0,0
8061,1,0,0,0,0
8062,1,0,0,0,0
8063,1,0,0,0,0
8064,1,0,0,0,0
8065,1,0,0,0,0
8066,1,0,0,0,0
8067,1,0,0,0,0
8068,1,0,0,0,0
8069,1,0,0,0,0
8070,1,0,0,0,0
8071,1,0,0,0,0
8072,1,0,0,0,0
8073,1,0,0,0,0
8074,1,0,0,0,0
8075,1,0,0,0,0
8076,1,0,0,0,0
8077,1,0,0,0,0
8078,1,0,0,0,0
8079,1,0,0,0,0
8080,1,0,0,0,0
8081,1,0,0,0,0
8082,1,0,0,0,0
8083,1,0,0,0,0
8084,1,0,0,0,0
8085,1,0,0,0,0
8086,1,0,0,0,0
8087,1,0,0,0,0
8088,1,0,0,0,0
8089,1,0,0,0,0
8090,1,0,0,0,0
8091,1,0,0,0,0
8092,1,0,0,0,0
8093,1,0,0,0,0
8094,1,0,0,0,0
8095,1,0,0,0,0
8096,1,0,0,0,0
8097,1,0,0,0,0
8098,1,0,0,0,0
8099,1,0,0,0,0
8100,1,0,0,0,0
8101,1,0,0,0,0
8102,1,0,0,0,0
8103,1,0,0,0,0
8104,1,0,0,0,0
8105,1,0,0,0,0
8106,1,0,0,0,0
8107,1,0,0,0,0
8108,1,0,0,0,0
8109,1,0,0,0,0
8110,1,0,0,0,0
8111,1,0,0,0,0
8112,1,0,0,0,0
8113,1,0,0,0,0
8114,1,0,0,0,0
8115,1,0,0,0,0
8116,1,0,0,0,0
8117,1,0,0,0,0
8118,1,0,0,0,0
8119,1,0,0,0,0
8120,1,0,0,0,0
8121,1,0,0,0,0
8122,1,0,0,0,0
8123,1,0,0,0,0
8124,1,0,0,0,0
8125,1,0,0,0,0
8126,1,0,0,0,0
8127,1,0,0,0,0
8128,1,0,0,0,0
8129,1,0,0,0,0
8130,1,0,0,0,0
8131,1,0,0,0,0
8132,1,0,0,0,0
8133,1,0,0,0,0
8134,1,0,0,0,0
8135,1,0,0,0,0
8136,1,0,0,0,0
8137,1,0,0,0,0
8138,1,0,0,0,0
8139,1,0,0,0,0
8140,1,0,0,0,0
8141,1,0,0,0,0
8142,1,0,0,0,0
8143,1,0,0,0,0
8144,1,0,0,0,0
8145,1,0,0,0,0
8146,1,0,0,0,0
8147,1,0,0,0,0
8148,1,0,0,0,0
8149,1,0,0,0,0
8150,1,0,0,0,0
8151,1,0,0,0,0
8152,1,0,0,0,0
8153,1,0,0,0,0
8154,1,0,0,0,0
8155,1,0,0,0,0
8156,1,0,0,0,0
8157,1,0,0,0,0
8158,1,0,0,0,0
8159,1,0,0,0,0
8160,1,0,0,0,0
8161,1,0,0,0,0
8162,1,0,0,0,0
8163,1,0,0,0,0
8164,1,0,0,0,0
8165,1,0,0,0,0
8166,1,0,0,0,0
8167,1,0,0,0,0
8168,1,0,0,0,0
8169,1,0,0,0,0
8170,1,0,0,0,0
8171,1,0,0,0,0
8172,1,0,0,0,0
8173,1,0,0,0,0
8174,1,0,0,0,0
8175,1,0,0,0,0
8176,1,0,0,0,0
8177,1,0,0,0,0
8178,1,0,0,0,0
8179,1,0,0,0,0
8180,1,0,0,0,0
8181,1,0,0,0,0
8182,1,0,0,0,0
8183,1,0,0,0,0
8184,1,0,0,0,0
8185,1,0,0,0,0
8186,1,0,0,0,0
8187,1,0,0,0,0
8188,1,0,0,0,0
8189,1,0,0,0,0
8190,1,0,0,0,0
8191,1,0,0,0,0
8192,1,0,0,0,0
8193,1,0,0,0,0
8194,1,0,0,0,0
8195,1,0,0,0,0
8196,1,0,0,0,0
8197,1,0,0,0,0
8198,1,0,0,0,0
8199,1,0,0,0,0
8200,1,0,0,0,0
8201,1,0,0,0,0
8202,1,0,0,0,0
8203,1,0,0,0,0
8204,1,0,0,0,0
8205,1,0,0,0,0
8206,1,0,0,0,0
8207,1,0,0,0,0
8208,1,0,0,0,0
8209,1,0,0,0,0
8210,1,0,0,0,0
8211,1,0,0,0,0
8212,1,0,0,0,0
8213,1,0,0,0,0
8214,1,0,0,0,0
8215,1,0,0,0,0
8216,1,0,0,0,0
8217,1,0,0,0,0
8218,1,0,0,0,0
8219,1,0,0,0,0
8220,1,0,0,0,0
8221,1,0,0,0,0
8222,1,0,0,0,0
8223,1,0,0,0,0
8224,1,0,0,0,0
8225,1,0,0,0,0
8226,1,0,0,0,0
8227,1,0,0,0,0
8228,1,0,0,0,0
8229,1,0,0,0,0
8230,1,0,0,0,0
8231,1,0,0,0,0
8232,1,0,0,0,0
8233,1,0,0,0,0
8234,1,0,0,0,0
8235,1,0,0,0,0
8236,1,0,0,0,0
8237,1,0,0,0,0
8238,1,0,0,0,0
8239,1,0,0,0,0
8240,1,0,0,0,0
8241,1,0,0,0,0
8242,1,0,0,0,0
8243,1,0,0,0,0
8244,1,0,0,0,0
8245,1,0,0,0,0
8246,1,0,0,0,0
8247,0,0,0,0,1
8248,0,0,0,0,1
8249,0,0,0,0,1
8250,0,0,0,0,1
8251,0,0,0,0,1
8252,0,0,0,0,1
8253,0,0,0,0,1
8254,0,0,0,0,1
8255,0,0,0,0,1
8256,0,0,0,0,1
8257,0,0,0,0,1
8258,0,0,0,0,1
8259,0,0,0,0,1
8260,0,0,0,0,1
8261,0,0,0,0,1
8262,0,0,0,0,1
8263,0,0,0,0,1
8264,0,0,0,0,1
8265,0,0,0,0,1
8266,0,0,0,0,1
8267,0,0,0,0,1
8268,0,0,0,0,1
8269,0,0,0,0,1
8270,0,0,0,0,1
8271,0,0,0,0,1
8272,1,0,0,0,0
8273,1,0,0,0,0
8274,1,0,0,0,0
8275,1,0,0,0,0
8276,1,0,0,0,0
8277,1,0,0,0,0
8278,1,0,0,0,0
8279,1,0,0,0,0
8280,1,0,0,0,0
8281,1,0,0,0,0
8282,1,0,0,0,0
8283,1,0,0,0,0
8284,1,0,0,0,0
8285,1,0,0,0,0
8286,1,0,0,0,0
8287,1,0,0,0,0
8288,1,0,0,0,0
8289,1,0,0,0,0
8290,1,0,0,0,0
8291,1,0,0,0,0
8292,1,0,0,0,0
8293,1,0,0,0,0
8294,1,0,0,0,0
8295,1,0,0,0,0
8296,1,0,0,0,0
8297,1,0,0,0,0
8298,1,0,0,0,0
8299,1,0,0,0,0
8300,1,0,0,0,0
8301,1,0,0,0,0
8302,1,0,0,0,0
8303,1,0,0,0,0
8304,1,0,0,0,0
8305,1,0,0,0,0
8306,1,0,0,0,0
8307,1,0,0,0,0
8308,1,0,0,0,0
8309,1,0,0,0,0
8310,1,0,0,0,0
8311,1,0,0,0,0
8312,1,0,0,0,0
8313,1,0,0,0,0
8314,1,0,0,0,0
8315,1,0,0,0,0
8316,1,0,0,0,0
8317,1,0,0,0,0
8318,1,0,0,0,0
8319,1,0,0,0,0
8320,1,0,0,0,0
8321,1,0,0,0,0
8322,1,0,0,0,0
8323,1,0,0,0,0
8324,1,0,0,0,0
8325,1,0,0,0,0
8326,1,0,0,0,0
8327,1,0,0,0,0
8328,1,0,0,0,0
8329,1,0,0,0,0
8330,1,0,0,0,0
8331,1,0,0,0,0
8332,1,0,0,0,0
8333,1,0,0,0,0
8334,1,0,0,0,0
8335,1,0,0,0,0
8336,1,0,0,0,0
8337,1,0,0,0,0
8338,1,0,0,0,0
8339,1,0,0,0,0
8340,1,0,0,0,0
8341,1,0,0,0,0
8342,1,0,0,0,0
8343,1,0,0,0,0
8344,1,0,0,0,0
8345,0,0,0,0,1
8346,0,0,0,0,1
8347,0,0,0,0,1
8348,0,0,0,0,1
8349,0,0,0,0,1
8350,0,0,0,0,1
8351,0,0,0,0,1
8352,0,0,0,0,1
8353,0,0,0,0,1
8354,0,0,0,0,1
8355,0,0,0,0,1
8356,0,0,0,0,1
8357,0,0,0,0,1
8358,0,0,0,0,1
8359,0,0,0,0,1
8360,0,0,0,0,1
8361,0,0,0,0,1
8362,0,0,0,0,1
8363,0,0,0,0,1
8364,0,0,0,0,1
8365,0,0,0,0,1
8366,0,0,0,0,1
8367,0,0,0,0,1
8368,0,0,0,0,1
8369,0,0,0,0,1
8370,0,0,0,0,1
8371,0,0,0,0,1
8372,0,0,0,0,1
8373,0,0,0,0,1
8374,0,0,0,0,1
8375,0,0,0,0,1
8376,0,0,0,0,1
8377,0,0,0,0,1
8378,0,0,0,0,1
8379,0,0,0,0,1
8380,0,0,0,0,1
8381,0,0,0,0,1
8382,0,0,0,0,1
8383,0,0,0,0,1
8384,0,0,0,0,1
8385,0,0,0,0,1
8386,0,0,0,0,1
8387,0,0,0,0,1
8388,0,0,0,0,1
8389,1,0,0,0,0
8390,1,0,0,0,0
8391,1,0,0,0,0
8392,1,0,0,0,0
8393,1,0,0,0,0
8394,1,0,0,0,0
8395,1,0,0,0,0
8396,1,0,0,0,0
8397,1,0,0,0,0
8398,1,0,0,0,0
8399,1,0,0,0,0
8400,1,0,0,0,0
8401,1,0,0,0,0
8402,1,0,0,0,0
8403,1,0,0,0,0
8404,1,0,0,0,0
8405,1,0,0,0,0
8406,1,0,0,0,0
8407,1,0,0,0,0
8408,1,0,0,0,0
8409,1,0,0,0,0
8410,0,0,0,0,1
8411,0,0,0,0,1
8412,0,0,0,0,1
8413,0,0,0,0,1
8414,0,0,0,0,1
8415,0,0,0,0,1
8416,0,0,0,0,1
8417,0,0,0,0,1
8418,0,0,0,0,1
8419,0,0,0,0,1
8420,0,0,0,0,1
8421,0,0,0,0,1
8422,0,0,0,0,1
8423,0,0,0,0,1
8424,0,0,0,0,1
8425,0,0,0,0,1
8426,0,0,0,0,1
8427,0,0,0,0,1
8428,0,0,0,0,1
8429,0,0,0,0,1
8430,0,0,0,0,1
8431,0,0,0,0,1
8432,0,0,0,0,1
8433,0,0,0,0,1
8434,0,0,0,0,1
8435,0,0,0,0,1
8436,0,0,0,0,1
8437,0,0,0,0,1
8438,0,0,0,0,1
8439,0,0,0,0,1
8440,0,0,0,0,1
8441,0,0,0,0,1
8442,0,0,0,0,1
8443,0,0,0,0,1
8444,0,0,0,0,1
8445,0,0,0,0,1
8446,0,0,0,0,1
8447,0,0,0,0,1
8448,0,0,0,0,1
8449,0,0,0,0,1
8450,0,0,0,0,1
8451,0,0,0,0,1
8452,0,0,0,0,1
8453,0,0,0,0,1
8454,0,0,0,0,1
8455,0,0,0,0,1
8456,0,0,0,0,1
8457,0,0,0,0,1
8458,0,0,0,0,1
8459,0,0,0,0,1
8460,0,0,0,0,1
8461,0,0,0,0,1
8462,0,0,0,0,1
8463,0,0,0,0,1
8464,0,0,0,0,1
8465,0,0,0,0,1
8466,0,0,0,0,1
8467,0,0,0,0,1
8468,0,0,0,0,1
8469,0,0,0,0,1
8470,0,0,0,0,1
8471,0,0,0,0,1
8472,0,0,0,0,1
8473,0,0,0,0,1
8474,0,0,0,0,1
8475,0,0,0,0,1
8476,0,0,0,0,1
8477,0,0,0,0,1
8478,0,0,0,0,1
8479,0,0,0,0,1
8480,0,0,0,0,1
8481,0,0,0,0,1
8482,0,0,0,0,1
8483,0,0,0,0,1
8484,0,0,0,0,1
8485,0,0,0,0,1
8486,0,0,0,0,1
8487,0,0,0,0,1
8488,0,0,0,0,1
8489,0,0,0,0,1
8490,0,0,0,1,0
8491,0,0,0,1,0
8492,0,0,0,1,0
8493,0,0,0,1,0
8494,0,0,0,1,0
8495,0,0,0,1,0
8496,0,0,0,1,0
8497,0,0,0,1,0
8498,0,0,0,1,0
8499,0,0,0,1,0
8500,0,0,0,1,0
8501,0,0,0,1,0
8502,0,0,0,1,0
8503,0,0,0,0,1
8504,0,0,0,0,1
8505,0,0,0,0,1
8506,0,0,0,0,1
8507,0,0,0,0,1
8508,0,0,0,0,1
8509,0,0,0,0,1
8510,0,0,0,0,1
8511,0,0,0,0,1
8512,0,0,0,0,1
8513,0,0,0,0,1
8514,0,0,0,0,1
8515,0,0,0,0,1
8516,0,0,0,0,1
8517,0,0,0,0,1
8518,0,0,0,0,1
8519,0,0,0,0,1
8520,0,0,0,0,1
8521,0,0,0,0,1
8522,0,0,0,0,1
8523,0,0,0,0,1
8524,0,0,0,0,1
8525,0,0,0,0,1
8526,0,0,0,0,1
8527,0,0,0,0,1
8528,0,0,0,0,1
8529,0,0,0,0,1
8530,0,0,0,0,1
8531,0,0,0,0,1
8532,0,0,0,0,1
8533,0,0,0,0,1
8534,0,0,0,0,1
8535,0,0,0,0,1
8536,0,0,0,0,1
8537,0,0,0,0,1
8538,0,0,0,0,1
8539,0,0,0,0,1
8540,0,0,0,0,1
8541,0,0,0,0,1
8542,0,0,0,0,1
8543,0,0,0,0,1
8544,0,0,0,0,1
8545,0,0,0,0,1
8546,0,0,0,0,1
8547,0,0,0,0,1
8548,0,0,0,0,1
8549,0,0,0,0,1
8550,0,0,0,0,1
8551,0,0,0,0,1
8552,0,0,0,0,1
8553,0,0,0,0,1
8554,0,0,0,0,1
8555,0,0,0,0,1
8556,0,0,0,0,1
8557,0,0,0,0,1
8558,0,0,0,0,1
8559,0,0,0,0,1
8560,0,0,0,0,1
8561,0,0,0,0,1
8562,0,0,0,0,1
8563,0,0,0,0,1
8564,0,0,0,0,1
8565,0,0,0,0,1
8566,0,0,0,0,1
8567,0,0,0,0,1
8568,0,0,0,0,1
8569,0,0,0,0,1
8570,0,0,0,0,1
8571,0,0,0,0,1
8572,0,0,0,0,1
8573,0,0,0,0,1
8574,0,0,0,0,1
8575,0,0,0,0,1
8576,0,0,0,0,1
8577,0,0,0,0,1
8578,0,0,0,0,1
8579,0,0,0,0,1
8580,0,0,0,0,1
8581,0,0,0,0,1
8582,0,0,0,0,1
8583,0,0,0,0,1
8584,0,0,0,0,1
8585,0,0,0,0,1
8586,0,0,0,0,1
8587,0,0,0,0,1
8588,0,0,0,0,1
8589,0,0,0,0,1
8590,0,0,0,0,1
8591,0,0,0,0,1
8592,0,0,0,0,1
8593,0,0,0,0,1
8594,0,0,0,0,1
8595,0,0,0,0,1
8596,0,0,0,0,1
8597,0,0,0,0,1
8598,0,0,0,0,1
8599,0,0,0,0,1
8600,0,0,0,0,1
8601,0,0,0,0,1
8602,0,0,0,0,1
8603,0,0,0,0,1
8604,0,0,0,0,1
8605,0,0,0,0,1
8606,0,0,0,0,1
8607,0,0,0,0,1
8608,0,0,0,0,1
8609,0,0,0,0,1
8610,0,0,0,0,1
8611,0,0,0,0,1
8612,0,0,0,0,1
8613,0,0,0,0,1
8614,0,0,0,0,1
8615,0,0,0,0,1
8616,0,0,0,0,1
8617,0,0,0,0,1
8618,0,0,0,0,1
8619,0,0,0,0,1
8620,0,0,0,0,1
8621,0,0,0,0,1
8622,0,0,0,0,1
8623,0,0,0,0,1
8624,0,0,0,0,1
8625,0,0,0,0,1
8626,0,0,0,0,1
8627,0,0,0,0,1
8628,0,0,0,0,1
8629,0,0,0,0,1
8630,0,0,0,0,1
8631,0,0,0,0,1
8632,0,0,0,0,1
8633,0,0,0,0,1
8634,0,0,0,0,1
8635,0,0,0,0,1
8636,0,0,0,0,1
8637,0,0,0,0,1
8638,0,0,0,0,1
8639,0,0,0,0,1
8640,0,0,0,0,1
8641,0,0,0,0,1
8642,0,0,0,0,1
8643,0,0,0,0,1
8644,0,0,0,0,1
8645,0,0,0,0,1
8646,1,0,0,0,0
8647,1,0,0,0,0
8648,1,0,0,0,0
8649,0,0,0,1,0
8650,0,0,0,1,0
8651,0,0,0,1,0
8652,0,0,0,1,0
8653,0,0,0,1,0
8654,0,0,0,1,0
8655,0,0,0,1,0
8656,0,0,0,1,0
8657,0,0,0,1,0
8658,0,0,0,1,0
8659,0,0,0,1,0
8660,0,0,0,1,0
8661,0,0,0,1,0
8662,1,0,0,0,0
8663,1,0,0,0,0
8664,1,0,0,0,0
8665,1,0,0,0,0
8666,1,0,0,0,0
8667,1,0,0,0,0
8668,1,0,0,0,0
8669,1,0,0,0,0
8670,1,0,0,0,0
8671,1,0,0,0,0
8672,1,0,0,0,0
8673,1,0,0,0,0
8674,0,0,0,1,0
8675,0,0,0,1,0
8676,0,0,0,1,0
8677,0,0,0,1,0
8678,0,0,0,1,0
8679,0,0,0,1,0
8680,0,0,0,1,0
8681,1,0,0,0,0
8682,1,0,0,0,0
8683,1,0,0,0,0
8684,1,0,0,0,0
8685,1,0,0,0,0
8686,1,0,0,0,0
8687,1,0,0,0,0
8688,1,0,0,0,0
8689,1,0,0,0,0
8690,1,0,0,0,0
8691,1,0,0,0,0
8692,1,0,0,0,0
8693,1,0,0,0,0
8694,1,0,0,0,0
8695,1,0,0,0,0
8696,0,0,0,0,1
8697,0,0,0,0,1
8698,0,0,0,0,1
8699,0,0,0,0,1
8700,0,0,0,0,1
8701,0,0,0,0,1
8702,0,0,0,0,1
8703,0,0,0,0,1
8704,0,0,0,0,1
8705,0,0,0,0,1
8706,0,0,0,0,1
8707,0,0,0,0,1
8708,0,0,0,0,1
8709,0,0,0,0,1
8710,0,0,0,0,1
8711,0,0,0,0,1
8712,0,0,0,0,1
8713,0,0,0,0,1
8714,0,0,0,0,1
8715,0,0,0,0,1
8716,0,0,0,0,1
8717,0,0,0,0,1
8718,0,0,0,0,1
8719,0,0,0,0,1
8720,0,0,0,0,1
8721,0,0,0,0,1
8722,0,0,0,0,1
8723,0,0,0,0,1
8724,0,0,0,0,1
8725,0,0,0,0,1
8726,0,0,0,0,1
8727,0,0,0,0,1
8728,0,0,0,0,1
8729,0,0,0,0,1
8730,0,0,0,0,1
8731,0,0,0,0,1
8732,0,0,0,0,1
8733,0,0,0,0,1
8734,0,0,0,0,1
8735,0,0,0,0,1
8736,0,0,0,0,1
8737,0,0,0,0,1
8738,0,0,0,0,1
8739,0,0,0,0,1
8740,0,0,0,0,1
8741,0,0,0,1,0
8742,0,0,0,1,0
8743,0,0,0,1,0
8744,0,0,0,1,0
8745,0,0,0,1,0
8746,0,0,0,1,0
8747,0,0,0,1,0
8748,0,0,0,1,0
8749,0,0,0,1,0
8750,0,0,0,1,0
8751,0,0,0,1,0
8752,0,0,0,1,0
8753,0,0,0,1,0
8754,0,0,0,1,0
8755,0,0,0,1,0
8756,0,0,0,1,0
8757,0,0,0,0,1
8758,0,0,0,0,1
8759,0,0,0,0,1
8760,0,0,0,0,1
8761,0,0,0,0,1
8762,0,0,0,0,1
8763,0,0,0,0,1
8764,0,0,0,0,1
8765,0,0,0,0,1
8766,0,0,0,0,1
8767,0,0,0,0,1
8768,0,0,0,0,1
8769,0,0,0,0,1
8770,0,0,0,0,1
8771,0,0,0,0,1
8772,0,0,0,0,1
8773,0,0,0,0,1
8774,0,0,0,0,1
8775,0,0,0,0,1
8776,0,0,0,0,1
8777,0,0,0,0,1
8778,0,0,0,0,1
8779,0,0,0,0,1
8780,0,0,0,0,1
8781,0,0,0,0,1
8782,0,0,0,0,1
8783,0,0,0,0,1
8784,0,0,0,0,1
8785,0,0,0,0,1
8786,0,0,0,0,1
8787,0,0,0,0,1
8788,0,0,0,0,1
8789,0,0,0,0,1
8790,0,0,0,0,1
8791,0,0,0,0,1
8792,0,0,0,0,1
8793,0,0,0,0,1
8794,1,0,0,0,0
8795,1,0,0,0,0
8796,1,0,0,0,0
8797,1,0,0,0,0
8798,1,0,0,0,0
8799,1,0,0,0,0
8800,1,0,0,0,0
8801,1,0,0,0,0
8802,1,0,0,0,0
8803,1,0,0,0,0
8804,1,0,0,0,0
8805,1,0,0,0,0
8806,1,0,0,0,0
8807,1,0,0,0,0
8808,1,0,0,0,0
8809,1,0,0,0,0
8810,1,0,0,0,0
8811,1,0,0,0,0
8812,1,0,0,0,0
8813,1,0,0,0,0
8814,1,0,0,0,0
8815,1,0,0,0,0
8816,1,0,0,0,0
8817,1,0,0,0,0
8818,1,0,0,0,0
8819,1,0,0,0,0
8820,1,0,0,0,0
8821,1,0,0,0,0
8822,1,0,0,0,0
8823,1,0,0,0,0
8824,1,0,0,0,0
8825,1,0,0,0,0
8826,1,0,0,0,0
8827,1,0,0,0,0
8828,1,0,0,0,0
8829,1,0,0,0,0
8830,1,0,0,0,0
8831,1,0,0,0,0
8832,1,0,0,0,0
8833,1,0,0,0,0
8834,1,0,0,0,0
8835,1,0,0,0,0
8836,1,0,0,0,0
8837,1,0,0,0,0
8838,1,0,0,0,0
8839,1,0,0,0,0
8840,1,0,0,0,0
8841,1,0,0,0,0
8842,1,0,0,0,0
8843,1,0,0,0,0
8844,1,0,0,0,0
8845,1,0,0,0,0
8846,1,0,0,0,0
8847,1,0,0,0,0
8848,1,0,0,0,0
8849,1,0,0,0,0
8850,1,0,0,0,0
8851,1,0,0,0,0
8852,1,0,0,0,0
8853,1,0,0,0,0
8854,1,0,0,0,0
8855,0,0,0,0,1
8856,0,0,0,0,1
8857,0,0,0,0,1
8858,0,0,0,0,1
8859,0,0,0,0,1
8860,0,0,0,0,1
8861,0,0,0,0,1
8862,0,0,0,0,1
8863,0,0,0,0,1
8864,0,0,0,0,1
8865,0,0,0,0,1
8866,0,0,0,0,1
8867,0,0,0,0,1
8868,0,0,0,0,1
8869,0,0,0,0,1
8870,0,0,0,0,1
8871,0,0,0,0,1
8872,0,0,0,0,1
8873,0,0,0,0,1
8874,0,0,0,0,1
8875,0,0,0,0,1
8876,0,0,0,0,1
8877,0,0,0,0,1
8878,0,0,0,0,1
8879,0,0,0,0,1
8880,0,0,0,0,1
8881,0,0,0,0,1
8882,0,0,0,0,1
8883,0,0,0,0,1
8884,0,0,0,0,1
8885,0,0,0,0,1
8886,0,0,0,0,1
8887,0,0,0,0,1
8888,0,0,0,0,1
8889,0,0,0,0,1
8890,0,0,0,0,1
8891,0,0,0,0,1
8892,0,0,0,0,1
8893,0,0,0,0,1
8894,0,0,0,0,1
8895,0,0,0,0,1
8896,0,0,0,0,1
8897,0,0,0,0,1
8898,0,0,0,0,1
8899,0,0,0,0,1
8900,0,0,0,0,1
8901,0,0,0,0,1
8902,0,0,0,0,1
8903,0,0,0,0,1
8904,0,0,0,0,1
8905,0,0,0,0,1
8906,0,0,0,0,1
8907,0,0,0,0,1
8908,0,0,0,0,1
8909,0,0,0,0,1
8910,0,0,0,0,1
8911,0,0,0,0,1
8912,0,0,0,0,1
8913,0,0,0,0,1
8914,0,0,0,0,1
8915,0,0,0,0,1
8916,0,0,0,0,1
8917,0,0,0,0,1
8918,0,0,0,0,1
8919,0,0,0,0,1
8920,0,0,0,0,1
8921,0,0,0,0,1
8922,0,0,0,0,1
8923,0,0,0,0,1
8924,0,0,0,0,1
8925,0,0,0,0,1
8926,0,0,0,0,1
8927,0,0,0,0,1
8928,0,0,0,0,1
8929,0,0,0,0,1
8930,0,0,0,0,1
8931,0,0,0,0,1
8932,0,0,0,0,1
8933,0,0,0,0,1
8934,0,0,0,0,1
8935,0,0,0,0,1
8936,0,0,0,0,1
8937,0,0,0,0,1
8938,0,0,0,0,1
8939,0,0,0,0,1
8940,0,0,0,0,1
8941,0,0,0,0,1
8942,0,0,0,0,1
8943,0,0,0,0,1
8944,0,0,0,0,1
8945,0,0,0,0,1
8946,0,0,0,0,1
8947,1,0,0,0,0
8948,1,0,0,0,0
8949,1,0,0,0,0
8950,1,0,0,0,0
8951,1,0,0,0,0
8952,1,0,0,0,0
8953,1,0,0,0,0
8954,1,0,0,0,0
8955,1,0,0,0,0
8956,1,0,0,0,0
8957,1,0,0,0,0
8958,1,0,0,0,0
8959,1,0,0,0,0
8960,1,0,0,0,0
8961,1,0,0,0,0
8962,1,0,0,0,0
8963,1,0,0,0,0
8964,1,0,0,0,0
8965,1,0,0,0,0
8966,1,0,0,0,0
8967,1,0,0,0,0
8968,1,0,0,0,0
8969,1,0,0,0,0
8970,1,0,0,0,0
8971,1,0,0,0,0
8972,1,0,0,0,0
8973,1,0,0,0,0
8974,1,0,0,0,0
8975,1,0,0,0,0
8976,1,0,0,0,0
8977,1,0,0,0,0
8978,1,0,0,0,0
8979,1,0,0,0,0
8980,1,0,0,0,0
8981,1,0,0,0,0
8982,1,0,0,0,0
8983,1,0,0,0,0
8984,1,0,0,0,0
8985,1,0,0,0,0
8986,1,0,0,0,0
8987,1,0,0,0,0
8988,1,0,0,0,0
8989,1,0,0,0,0
8990,1,0,0,0,0
8991,1,0,0,0,0
8992,1,0,0,0,0
8993,1,0,0,0,0
8994,1,0,0,0,0
8995,1,0,0,0,0
8996,1,0,0,0,0
8997,1,0,0,0,0
8998,1,0,0,0,0
8999,0,0,0,0,1
9000,0,0,0,0,1
9001,0,0,0,0,1
9002,0,0,0,0,1
9003,0,0,0,0,1
9004,0,0,0,0,1
9005,0,0,0,0,1
9006,0,0,0,0,1
9007,0,0,0,0,1
9008,0,0,0,0,1
9009,0,0,0,0,1
9010,0,0,0,0,1
9011,0,0,0,0,1
9012,0,0,0,0,1
9013,0,0,0,0,1
9014,0,0,0,0,1
9015,0,0,0,0,1
9016,0,0,0,0,1
9017,0,0,0,0,1
9018,0,0,0,0,1
9019,0,0,0,0,1
9020,0,0,0,0,1
9021,0,0,0,0,1
9022,1,0,0,0,0
9023,1,0,0,0,0
9024,1,0,0,0,0
9025,1,0,0,0,0
9026,1,0,0,0,0
9027,1,0,0,0,0
9028,1,0,0,0,0
9029,1,0,0,0,0
9030,1,0,0,0,0
9031,1,0,0,0,0
9032,1,0,0,0,0
9033,1,0,0,0,0
9034,0,0,0,1,0
9035,0,0,0,1,0
9036,0,0,0,1,0
9037,0,0,0,1,0
9038,0,0,0,1,0
9039,0,0,0,1,0
9040,0,0,0,1,0
9041,0,0,0,1,0
9042,1,0,0,0,0
9043,1,0,0,0,0
9044,1,0,0,0,0
9045,1,0,0,0,0
9046,1,0,0,0,0
9047,1,0,0,0,0
9048,1,0,0,0,0
9049,1,0,0,0,0
9050,1,0,0,0,0
9051,1,0,0,0,0
9052,1,0,0,0,0
9053,1,0,0,0,0
9054,1,0,0,0,0
9055,1,0,0,0,0
9056,1,0,0,0,0
9057,1,0,0,0,0
9058,1,0,0,0,0
9059,1,0,0,0,0
9060,1,0,0,0,0
9061,1,0,0,0,0
9062,1,0,0,0,0
9063,0,0,0,0,1
9064,0,0,0,0,1
9065,0,0,0,0,1
9066,0,0,0,0,1
9067,0,0,0,0,1
9068,0,0,0,0,1
9069,0,0,0,0,1
9070,0,0,0,0,1
9071,0,0,0,0,1
9072,0,0,0,0,1
9073,0,0,0,0,1
9074,0,0,0,0,1
9075,0,0,0,0,1
9076,0,0,0,0,1
9077,0,0,0,0,1
9078,0,0,0,0,1
9079,0,0,0,0,1
9080,0,0,0,0,1
9081,0,0,0,0,1
9082,0,0,0,0,1
9083,0,0,0,0,1
9084,0,0,0,0,1
9085,0,0,0,0,1
9086,0,0,0,0,1
9087,0,0,0,0,1
9088,0,0,0,0,1
9089,0,0,0,0,1
9090,0,0,0,0,1
9091,0,0,0,0,1
9092,0,0,0,0,1
9093,0,0,0,0,1
9094,0,0,0,0,1
9095,0,0,0,0,1
9096,0,0,0,0,1
9097,1,0,0,0,0
9098,1,0,0,0,0
9099,0,1,0,0,0
9100,0,1,0,0,0
9101,0,1,0,0,0
9102,0,1,0,0,0
9103,0,1,0,0,0
9104,0,1,0,0,0
9105,0,1,0,0,0
9106,0,1,0,0,0
9107,0,1,0,0,0
9108,0,1,0,0,0
9109,0,1,0,0,0
9110,0,1,0,0,0
9111,0,1,0,0,0
9112,0,1,0,0,0
9113,0,1,0,0,0
9114,0,1,0,0,0
9115,0,1,0,0,0
9116,0,1,0,0,0
9117,0,1,0,0,0
9118,0,1,0,0,0
9119,0,1,0,0,0
9120,0,1,0,0,0
9121,0,1,0,0,0
9122,0,1,0,0,0
9123,0,1,0,0,0
9124,0,1,0,0,0
9125,0,1,0,0,0
9126,0,1,0,0,0
9127,0,1,0,0,0
9128,0,1,0,0,0
9129,0,1,0,0,0
9130,0,1,0,0,0
9131,0,1,0,0,0
9132,0,1,0,0,0
9133,0,1,0,0,0
9134,0,1,0,0,0
9135,0,1,0,0,0
9136,0,1,0,0,0
9137,0,1,0,0,0
9138,0,1,0,0,0
9139,0,1,0,0,0
9140,0,1,0,0,0
9141,0,1,0,0,0
9142,0,1,0,0,0
9143,0,1,0,0,0
9144,0,1,0,0,0
9145,0,1,0,0,0
9146,0,1,0,0,0
9147,0,1,0,0,0
9148,0,1,0,0,0
9149,0,1,0,0,0
9150,0,1,0,0,0
9151,0,1,0,0,0
9152,0,1,0,0,0
9153,0,1,0,0,0
9154,0,1,0,0,0
9155,0,1,0,0,0
9156,0,1,0,0,0
9157,0,1,0,0,0
9158,0,1,0,0,0
9159,0,1,0,0,0
9160,0,1,0,0,0
9161,0,1,0,0,0
9162,1,0,0,0,0
9163,1,0,0,0,0
9164,1,0,0,0,0
9165,1,0,0,0,0
9166,1,0,0,0,0
9167,1,0,0,0,0
9168,1,0,0,0,0
9169,1,0,0,0,0
9170,1,0,0,0,0
9171,1,0,0,0,0
9172,1,0,0,0,0
9173,1,0,0,0,0
9174,1,0,0,0,0
9175,1,0,0,0,0
9176,1,0,0,0,0
9177,1,0,0,0,0
9178,1,0,0,0,0
9179,1,0,0,0,0
9180,1,0,0,0,0
9181,1,0,0,0,0
9182,1,0,0,0,0
9183,1,0,0,0,0
9184,1,0,0,0,0
9185,1,0,0,0,0
9186,1,0,0,0,0
9187,1,0,0,0,0
9188,1,0,0,0,0
9189,1,0,0,0,0
9190,1,0,0,0,0
9191,1,0,0,0,0
9192,1,0,0,0,0
9193,1,0,0,0,0
9194,1,0,0,0,0
9195,1,0,0,0,0
9196,1,0,0,0,0
9197,1,0,0,0,0
9198,1,0,0,0,0
9199,1,0,0,0,0
9200,1,0,0,0,0
9201,1,0,0,0,0
9202,1,0,0,0,0
9203,1,0,0,0,0
9204,1,0,0,0,0
9205,1,0,0,0,0
9206,1,0,0,0,0
9207,1,0,0,0,0
9208,1,0,0,0,0
9209,1,0,0,0,0
9210,1,0,0,0,0
9211,1,0,0,0,0
9212,1,0,0,0,0
9213,1,0,0,0,0
9214,1,0,0,0,0
9215,1,0,0,0,0
9216,1,0,0,0,0
9217,1,0,0,0,0
9218,1,0,0,0,0
9219,1,0,0,0,0
9220,1,0,0,0,0
9221,1,0,0,0,0
9222,1,0,0,0,0
9223,1,0,0,0,0
9224,1,0,0,0,0
9225,1,0,0,0,0
9226,1,0,0,0,0
9227,1,0,0,0,0
9228,1,0,0,0,0
9229,1,0,0,0,0
9230,1,0,0,0,0
9231,1,0,0,0,0
9232,1,0,0,0,0
9233,1,0,0,0,0
9234,1,0,0,0,0
9235,1,0,0,0,0
9236,1,0,0,0,0
9237,1,0,0,0,0
9238,1,0,0,0,0
9239,1,0,0,0,0
9240,1,0,0,0,0
9241,1,0,0,0,0
9242,1,0,0,0,0
9243,1,0,0,0,0
9244,1,0,0,0,0
9245,1,0,0,0,0
9246,1,0,0,0,0
9247,1,0,0,0,0
9248,1,0,0,0,0
9249,1,0,0,0,0
9250,1,0,0,0,0
9251,1,0,0,0,0
9252,1,0,0,0,0
9253,1,0,0,0,0
9254,1,0,0,0,0
9255,1,0,0,0,0
9256,1,0,0,0,0
9257,1,0,0,0,0
9258,1,0,0,0,0
9259,1,0,0,0,0
9260,1,0,0,0,0
9261,1,0,0,0,0
9262,1,0,0,0,0
9263,1,0,0,0,0
9264,1,0,0,0,0
9265,1,0,0,0,0
9266,1,0,0,0,0
9267,1,0,0,0,0
9268,1,0,0,0,0
9269,1,0,0,0,0
9270,1,0,0,0,0
9271,1,0,0,0,0
9272,1,0,0,0,0
9273,0,0,0,0,1
9274,0,0,0,0,1
9275,0,0,0,0,1
9276,0,0,0,0,1
9277,0,0,0,0,1
9278,0,0,0,0,1
9279,0,0,0,0,1
9280,0,0,0,0,1
9281,0,0,0,0,1
9282,0,0,0,0,1
9283,0,0,0,0,1
9284,0,0,0,0,1
9285,0,0,0,0,1
9286,0,0,0,0,1
9287,0,0,0,0,1
9288,0,0,0,0,1
9289,0,0,0,0,1
9290,0,0,0,0,1
9291,0,0,0,0,1
9292,0,0,0,0,1
9293,0,0,0,0,1
9294,0,0,0,0,1
9295,0,0,0,0,1
9296,0,0,0,0,1
9297,0,0,0,0,1
9298,0,0,0,0,1
9299,0,0,0,0,1
9300,0,0,0,0,1
9301,0,0,0,0,1
9302,0,0,0,0,1
9303,0,0,0,0,1
9304,0,0,0,0,1
9305,0,0,0,0,1
9306,0,0,0,0,1
9307,0,0,0,0,1
9308,0,0,0,0,1
9309,0,0,0,0,1
9310,0,0,0,0,1
9311,0,0,0,0,1
9312,0,0,0,0,1
9313,0,0,0,0,1
9314,0,0,0,0,1
9315,0,0,0,0,1
9316,0,0,0,0,1
9317,1,0,0,0,0
9318,1,0,0,0,0
9319,1,0,0,0,0
9320,1,0,0,0,0
9321,1,0,0,0,0
9322,1,0,0,0,0
9323,1,0,0,0,0
9324,1,0,0,0,0
9325,1,0,0,0,0
9326,0,0,0,0,1
9327,0,0,0,0,1
9328,0,0,0,0,1
9329,0,0,0,0,1
9330,0,0,0,0,1
9331,0,0,0,0,1
9332,0,0,0,0,1
9333,0,0,0,0,1
9334,0,0,0,0,1
9335,0,0,0,0,1
9336,0,0,0,0,1
9337,0,0,0,0,1
9338,0,0,0,0,1
9339,0,0,0,0,1
9340,0,0,0,0,1
9341,0,0,0,0,1
9342,0,0,0,0,1
9343,0,0,0,0,1
9344,0,0,0,0,1
9345,0,0,0,0,1
9346,0,0,0,0,1
9347,0,0,0,0,1
9348,0,0,0,0,1
9349,0,0,0,0,1
9350,0,0,0,0,1
9351,0,0,0,0,1
9352,0,0,0,0,1
9353,0,0,0,0,1
9354,0,0,0,0,1
9355,0,0,0,0,1
9356,0,0,0,0,1
9357,0,0,0,0,1
9358,0,0,0,0,1
9359,0,0,0,0,1
9360,0,0,0,0,1
9361,0,0,0,0,1
9362,0,0,0,0,1
9363,0,0,0,0,1
9364,0,0,0,0,1
9365,0,0,0,0,1
9366,0,0,0,0,1
9367,1,0,0,0,0
9368,1,0,0,0,0
9369,1,0,0,0,0
9370,1,0,0,0,0
9371,1,0,0,0,0
9372,1,0,0,0,0
9373,1,0,0,0,0
9374,1,0,0,0,0
9375,1,0,0,0,0
9376,1,0,0,0,0
9377,1,0,0,0,0
9378,1,0,0,0,0
9379,1,0,0,0,0
9380,1,0,0,0,0
9381,1,0,0,0,0
9382,1,0,0,0,0
9383,1,0,0,0,0
9384,1,0,0,0,0
9385,1,0,0,0,0
9386,1,0,0,0,0
9387,1,0,0,0,0
9388,1,0,0,0,0
9389,1,0,0,0,0
9390,1,0,0,0,0
9391,1,0,0,0,0
9392,1,0,0,0,0
9393,1,0,0,0,0
9394,1,0,0,0,0
9395,1,0,0,0,0
9396,1,0,0,0,0
9397,1,0,0,0,0
9398,1,0,0,0,0
9399,1,0,0,0,0
9400,1,0,0,0,0
9401,1,0,0,0,0
9402,1,0,0,0,0
9403,1,0,0,0,0
9404,1,0,0,0,0
9405,1,0,0,0,0
9406,1,0,0,0,0
9407,1,0,0,0,0
9408,1,0,0,0,0
9409,1,0,0,0,0
9410,1,0,0,0,0
9411,1,0,0,0,0
9412,1,0,0,0,0
9413,1,0,0,0,0
9414,1,0,0,0,0
9415,1,0,0,0,0
9416,1,0,0,0,0
9417,1,0,0,0,0
9418,1,0,0,0,0
9419,1,0,0,0,0
9420,1,0,0,0,0
9421,1,0,0,0,0
9422,1,0,0,0,0
9423,1,0,0,0,0
9424,1,0,0,0,0
9425,1,0,0,0,0
9426,1,0,0,0,0
9427,1,0,0,0,0
9428,1,0,0,0,0
9429,1,0,0,0,0
9430,1,0,0,0,0
9431,1,0,0,0,0
9432,1,0,0,0,0
9433,1,0,0,0,0
9434,1,0,0,0,0
9435,1,0,0,0,0
9436,1,0,0,0,0
9437,1,0,0,0,0
9438,1,0,0,0,0
9439,1,0,0,0,0
9440,1,0,0,0,0
9441,1,0,0,0,0
9442,1,0,0,0,0
9443,1,0,0,0,0
9444,1,0,0,0,0
9445,1,0,0,0,0
9446,1,0,0,0,0
9447,1,0,0,0,0
9448,1,0,0,0,0
9449,1,0,0,0,0
9450,1,0,0,0,0
9451,1,0,0,0,0
9452,1,0,0,0,0
9453,1,0,0,0,0
9454,1,0,0,0,0
9455,1,0,0,0,0
9456,1,0,0,0,0
9457,1,0,0,0,0
9458,1,0,0,0,0
9459,1,0,0,0,0
9460,1,0,0,0,0
9461,1,0,0,0,0
9462,1,0,0,0,0
9463,0,0,0,0,1
9464,0,0,0,0,1
9465,0,0,0,0,1
9466,0,0,0,0,1
9467,0,0,0,0,1
9468,0,0,0,0,1
9469,0,0,0,0,1
9470,0,0,0,0,1
9471,0,0,0,0,1
9472,0,0,0,0,1
9473,0,0,0,0,1
9474,0,0,0,0,1
9475,0,0,0,0,1
9476,0,0,0,0,1
9477,0,0,0,0,1
9478,0,0,0,0,1
9479,0,0,0,0,1
9480,0,0,0,0,1
9481,0,0,0,0,1
9482,0,0,0,0,1
9483,0,0,0,0,1
9484,0,0,0,0,1
9485,0,0,0,0,1
9486,0,0,0,0,1
9487,0,0,0,0,1
9488,0,0,0,0,1
9489,0,0,0,0,1
9490,0,0,0,0,1
9491,0,0,0,0,1
9492,0,0,0,0,1
9493,0,0,0,0,1
9494,0,0,0,0,1
9495,0,0,0,0,1
9496,0,0,0,0,1
9497,0,0,0,0,1
9498,0,0,0,0,1
9499,0,0,0,0,1
9500,0,0,0,0,1
9501,0,0,0,0,1
9502,0,0,0,0,1
9503,0,0,0,0,1
9504,0,0,0,0,1
9505,0,0,0,0,1
9506,0,0,0,0,1
9507,0,0,0,0,1
9508,0,0,0,0,1
9509,0,0,0,0,1
9510,0,0,0,0,1
9511,0,0,0,0,1
9512,0,0,0,0,1
9513,0,0,0,0,1
9514,0,0,0,0,1
9515,0,0,0,0,1
9516,0,0,0,0,1
9517,0,0,0,0,1
9518,0,0,0,0,1
9519,0,0,0,0,1
9520,0,0,0,0,1
9521,0,0,0,0,1
9522,0,0,0,0,1
9523,0,0,0,0,1
9524,0,0,0,0,1
9525,0,0,0,0,1
9526,0,0,0,0,1
9527,0,0,0,0,1
9528,0,0,0,0,1
9529,0,0,0,0,1
9530,0,0,0,0,1
9531,0,0,0,0,1
9532,0,0,0,0,1
9533,0,0,0,0,1
9534,0,0,0,0,1
9535,0,0,0,0,1
9536,0,0,0,0,1
9537,0,0,0,0,1
9538,0,0,0,0,1
9539,0,0,0,0,1
9540,0,0,0,0,1
9541,0,0,0,0,1
9542,0,0,0,0,1
9543,0,0,0,0,1
9544,0,0,0,0,1
9545,0,0,0,0,1
9546,0,0,0,0,1
9547,0,0,0,0,1
9548,0,0,0,0,1
9549,0,0,0,0,1
9550,0,0,0,0,1
9551,0,0,0,0,1
9552,0,0,0,0,1
9553,0,0,0,0,1
9554,0,0,0,0,1
9555,0,0,0,0,1
9556,0,0,0,0,1
9557,0,0,0,0,1
9558,0,0,0,0,1
9559,0,0,0,0,1
9560,0,0,0,0,1
9561,0,0,0,0,1
9562,0,0,0,0,1
9563,0,0,0,0,1
9564,0,0,0,0,1
9565,0,0,0,0,1
9566,0,0,0,0,1
9567,0,0,0,0,1
9568,0,0,0,0,1
9569,0,0,0,0,1
9570,0,0,0,0,1
9571,0,0,0,0,1
9572,0,0,0,0,1
9573,0,0,0,0,1
9574,0,0,0,0,1
9575,0,0,0,0,1
9576,0,0,0,0,1
9577,0,0,0,0,1
9578,0,0,0,0,1
9579,0,0,0,0,1
9580,0,0,0,0,1
9581,0,0,0,0,1
9582,0,0,0,0,1
9583,0,0,0,0,1
9584,0,0,0,0,1
9585,0,0,0,0,1
9586,0,0,0,0,1
9587,0,0,0,0,1
9588,0,0,0,0,1
9589,0,0,0,0,1
9590,0,0,0,0,1
9591,0,0,0,0,1
9592,0,0,0,0,1
9593,0,0,0,0,1
9594,0,0,0,0,1
9595,0,0,0,0,1
9596,0,0,0,0,1
9597,0,0,0,0,1
9598,0,0,0,0,1
9599,0,0,0,0,1
9600,0,0,0,0,1
9601,0,0,0,0,1
9602,0,0,0,0,1
9603,0,0,0,0,1
9604,0,0,0,0,1
9605,0,0,0,0,1
9606,0,0,0,0,1
9607,0,0,0,0,1
9608,0,0,0,0,1
9609,0,0,0,0,1
9610,0,0,0,0,1
9611,0,0,0,0,1
9612,0,0,0,0,1
9613,0,0,0,0,1
9614,0,0,0,0,1
9615,0,0,0,0,1
9616,0,0,0,0,1
9617,0,0,0,0,1
9618,0,0,0,0,1
9619,0,0,0,0,1
9620,0,0,0,0,1
9621,0,0,0,0,1
9622,0,0,0,0,1
9623,0,0,0,0,1
9624,0,0,0,0,1
9625,0,0,0,0,1
9626,0,0,0,0,1
9627,0,0,0,0,1
9628,0,0,0,0,1
9629,1,0,0,0,0
9630,1,0,0,0,0
9631,1,0,0,0,0
9632,1,0,0,0,0
9633,1,0,0,0,0
9634,1,0,0,0,0
9635,1,0,0,0,0
9636,1,0,0,0,0
9637,1,0,0,0,0
9638,1,0,0,0,0
9639,1,0,0,0,0
9640,1,0,0,0,0
9641,1,0,0,0,0
9642,1,0,0,0,0
9643,1,0,0,0,0
9644,1,0,0,0,0
9645,1,0,0,0,0
9646,1,0,0,0,0
9647,1,0,0,0,0
9648,1,0,0,0,0
9649,1,0,0,0,0
9650,1,0,0,0,0
9651,1,0,0,0,0
9652,1,0,0,0,0
9653,1,0,0,0,0
9654,0,0,0,0,1
9655,0,0,0,0,1
9656,0,0,0,0,1
9657,0,0,0,0,1
9658,0,0,0,0,1
9659,0,0,0,0,1
9660,0,0,0,0,1
9661,0,0,0,0,1
9662,0,0,0,0,1
9663,0,0,0,0,1
9664,0,0,0,0,1
9665,0,0,0,0,1
9666,0,0,0,0,1
9667,0,0,0,0,1
9668,0,0,0,0,1
9669,0,0,0,0,1
9670,0,0,0,0,1
9671,0,0,0,0,1
9672,0,0,0,0,1
9673,0,0,0,0,1
9674,0,0,0,0,1
9675,0,0,0,0,1
9676,0,0,0,0,1
9677,1,0,0,0,0
9678,1,0,0,0,0
9679,1,0,0,0,0
9680,1,0,0,0,0
9681,1,0,0,0,0
9682,1,0,0,0,0
9683,1,0,0,0,0
9684,1,0,0,0,0
9685,1,0,0,0,0
9686,1,0,0,0,0
9687,1,0,0,0,0
9688,1,0,0,0,0
9689,1,0,0,0,0
9690,0,0,0,0,1
9691,0,0,0,0,1
9692,0,0,0,0,1
9693,0,0,0,0,1
9694,0,0,0,0,1
9695,0,0,0,0,1
9696,0,0,0,0,1
9697,0,0,0,0,1
9698,0,0,0,0,1
9699,0,0,0,0,1
9700,0,0,0,0,1
9701,0,0,0,0,1
9702,0,0,0,0,1
9703,0,0,0,0,1
9704,0,0,0,0,1
9705,0,0,0,0,1
9706,0,0,0,0,1
9707,0,0,0,0,1
9708,0,0,0,0,1
9709,0,0,0,0,1
9710,0,0,0,0,1
9711,0,0,0,0,1
9712,0,0,0,0,1
9713,0,0,0,0,1
9714,0,0,0,0,1
9715,0,0,0,0,1
9716,0,0,0,0,1
9717,0,0,0,0,1
9718,0,0,0,0,1
9719,0,0,0,0,1
9720,0,0,0,0,1
9721,0,0,0,0,1
9722,0,0,0,0,1
9723,0,0,0,0,1
9724,0,0,0,0,1
9725,0,0,0,0,1
9726,0,0,0,0,1
9727,0,0,0,0,1
9728,0,0,0,0,1
9729,0,0,0,0,1
9730,0,0,0,0,1
9731,0,0,0,0,1
9732,0,0,0,0,1
9733,0,0,0,0,1
9734,0,0,0,0,1
9735,0,0,0,0,1
9736,0,0,0,0,1
9737,0,0,0,0,1
9738,0,0,0,0,1
9739,0,0,0,0,1
9740,0,0,0,0,1
9741,0,0,0,0,1
9742,0,0,0,0,1
9743,0,0,0,0,1
9744,0,0,0,0,1
9745,0,0,0,0,1
9746,0,0,0,0,1
9747,0,0,0,0,1
9748,0,0,0,0,1
9749,0,0,0,0,1
9750,0,0,0,0,1
9751,0,0,0,0,1
9752,0,0,0,0,1
9753,0,0,0,0,1
9754,0,0,0,0,1
9755,0,0,0,0,1
9756,0,0,0,0,1
9757,0,0,0,0,1
9758,0,0,0,0,1
9759,0,0,0,0,1
9760,0,0,0,0,1
9761,0,0,0,0,1
9762,0,0,0,0,1
9763,0,0,0,0,1
9764,0,0,0,0,1
9765,0,0,0,0,1
9766,0,0,0,0,1
9767,0,0,0,0,1
9768,0,0,0,0,1
9769,0,0,0,0,1
9770,0,0,0,0,1
9771,0,0,0,0,1
9772,0,0,0,0,1
9773,0,0,0,0,1
9774,0,0,0,0,1
9775,0,0,0,0,1
9776,0,0,0,0,1
9777,0,0,0,0,1
9778,0,0,0,0,1
9779,0,0,0,0,1
9780,0,0,0,0,1
9781,0,0,0,0,1
9782,0,0,0,0,1
9783,0,0,0,0,1
9784,0,0,0,0,1
9785,0,0,0,0,1
9786,0,0,0,0,1
9787,0,0,0,0,1
9788,0,0,0,0,1
9789,0,0,0,0,1
9790,0,0,0,0,1
9791,0,0,0,0,1
9792,0,0,0,0,1
9793,0,0,0,0,1
9794,0,0,0,0,1
9795,0,0,0,0,1
9796,0,0,0,0,1
9797,0,0,0,0,1
9798,0,0,0,0,1
9799,0,0,0,0,1
9800,0,0,0,0,1
9801,0,0,0,0,1
9802,0,0,0,0,1
9803,0,0,0,0,1
9804,0,0,0,0,1
9805,0,0,0,0,1
9806,0,0,0,0,1
9807,0,0,0,0,1
9808,0,0,0,0,1
9809,0,0,0,0,1
9810,0,0,0,0,1
9811,0,0,0,0,1
9812,0,0,0,0,1
9813,1,0,0,0,0
9814,1,0,0,0,0
9815,1,0,0,0,0
9816,1,0,0,0,0
9817,1,0,0,0,0
9818,1,0,0,0,0
9819,1,0,0,0,0
9820,1,0,0,0,0
9821,1,0,0,0,0
9822,1,0,0,0,0
9823,1,0,0,0,0
9824,1,0,0,0,0
9825,1,0,0,0,0
9826,1,0,0,0,0
9827,1,0,0,0,0
9828,1,0,0,0,0
9829,1,0,0,0,0
9830,1,0,0,0,0
9831,1,0,0,0,0
9832,1,0,0,0,0
9833,1,0,0,0,0
9834,1,0,0,0,0
9835,1,0,0,0,0
9836,1,0,0,0,0
9837,1,0,0,0,0
9838,1,0,0,0,0
9839,1,0,0,0,0
9840,1,0,0,0,0
9841,1,0,0,0,0
9842,1,0,0,0,0
9843,1,0,0,0,0
9844,0,0,0,0,1
9845,0,0,0,0,1
9846,0,0,0,0,1
9847,0,0,0,0,1
9848,0,0,0,0,1
9849,0,0,0,0,1
9850,0,0,0,0,1
9851,0,0,0,0,1
9852,0,0,0,0,1
9853,0,0,0,0,1
9854,0,0,0,0,1
9855,0,0,0,0,1
9856,0,0,0,0,1
9857,0,0,0,0,1
9858,0,0,0,0,1
9859,0,0,0,0,1
9860,0,0,0,0,1
9861,0,0,0,0,1
9862,0,0,0,0,1
9863,0,0,0,0,1
9864,0,0,0,0,1
9865,0,0,0,0,1
9866,0,0,0,0,1
9867,0,0,0,0,1
9868,0,0,0,0,1
9869,0,0,0,0,1
9870,0,0,0,0,1
9871,0,0,0,0,1
9872,0,0,0,0,1
9873,0,0,0,0,1
9874,0,0,0,0,1
9875,0,0,0,0,1
9876,0,0,0,0,1
9877,0,0,0,0,1
9878,0,0,0,0,1
9879,0,0,0,0,1
9880,0,0,0,0,1
9881,0,0,0,0,1
9882,0,0,0,0,1
9883,0,0,0,0,1
9884,0,0,0,0,1
9885,0,0,0,0,1
9886,0,0,0,0,1
9887,0,0,0,0,1
9888,0,0,0,0,1
9889,0,0,0,0,1
9890,0,0,0,0,1
9891,0,0,0,0,1
9892,0,0,0,0,1
9893,0,0,0,0,1
9894,0,0,0,0,1
9895,0,0,0,0,1
9896,1,0,0,0,0
9897,1,0,0,0,0
9898,1,0,0,0,0
9899,1,0,0,0,0
9900,1,0,0,0,0
9901,1,0,0,0,0
9902,1,0,0,0,0
9903,1,0,0,0,0
9904,1,0,0,0,0
9905,1,0,0,0,0
9906,1,0,0,0,0
9907,1,0,0,0,0
9908,1,0,0,0,0
9909,1,0,0,0,0
9910,1,0,0,0,0
9911,1,0,0,0,0
9912,1,0,0,0,0
9913,1,0,0,0,0
9914,1,0,0,0,0
9915,1,0,0,0,0
9916,1,0,0,0,0
9917,1,0,0,0,0
9918,1,0,0,0,0
9919,1,0,0,0,0
9920,1,0,0,0,0
9921,1,0,0,0,0
9922,1,0,0,0,0
9923,1,0,0,0,0
9924,1,0,0,0,0
9925,1,0,0,0,0
9926,1,0,0,0,0
9927,1,0,0,0,0
9928,1,0,0,0,0
9929,1,0,0,0,0
9930,1,0,0,0,0
9931,1,0,0,0,0
9932,1,0,0,0,0
9933,1,0,0,0,0
9934,1,0,0,0,0
9935,1,0,0,0,0
9936,1,0,0,0,0
9937,1,0,0,0,0
9938,1,0,0,0,0
9939,1,0,0,0,0
9940,1,0,0,0,0
9941,1,0,0,0,0
9942,1,0,0,0,0
9943,1,0,0,0,0
9944,1,0,0,0,0
9945,1,0,0,0,0
9946,1,0,0,0,0
9947,1,0,0,0,0
9948,1,0,0,0,0
9949,1,0,0,0,0
9950,1,0,0,0,0
9951,1,0,0,0,0
9952,1,0,0,0,0
9953,1,0,0,0,0
9954,1,0,0,0,0
9955,1,0,0,0,0
9956,1,0,0,0,0
9957,1,0,0,0,0
9958,1,0,0,0,0
9959,1,0,0,0,0
9960,1,0,0,0,0
9961,1,0,0,0,0
9962,1,0,0,0,0
9963,1,0,0,0,0
9964,1,0,0,0,0
9965,1,0,0,0,0
9966,1,0,0,0,0
9967,1,0,0,0,0
9968,1,0,0,0,0
9969,1,0,0,0,0
9970,1,0,0,0,0
9971,1,0,0,0,0
9972,1,0,0,0,0
9973,1,0,0,0,0
9974,1,0,0,0,0
9975,1,0,0,0,0
9976,1,0,0,0,0
9977,1,0,0,0,0
9978,1,0,0,0,0
9979,1,0,0,0,0
9980,1,0,0,0,0
9981,1,0,0,0,0
9982,1,0,0,0,0
9983,1,0,0,0,0
9984,1,0,0,0,0
9985,1,0,0,0,0
9986,1,0,0,0,0
9987,1,0,0,0,0
9988,1,0,0,0,0
9989,1,0,0,0,0
9990,1,0,0,0,0
9991,1,0,0,0,0
9992,1,0,0,0,0
9993,1,0,0,0,0
9994,1,0,0,0,0
9995,1,0,0,0,0
9996,1,0,0,0,0
9997,1,0,0,0,0
9998,1,0,0,0,0
9999,1,0,0,0,0
10000,1,0,0,0,0
10001,1,0,0,0,0
10002,1,0,0,0,0
10003,1,0,0,0,0
10004,1,0,0,0,0
10005,1,0,0,0,0
10006,1,0,0,0,0
10007,1,0,0,0,0
10008,1,0,0,0,0
10009,1,0,0,0,0
10010,1,0,0,0,0
10011,1,0,0,0,0
10012,1,0,0,0,0
10013,1,0,0,0,0
10014,1,0,0,0,0
10015,1,0,0,0,0
10016,1,0,0,0,0
10017,1,0,0,0,0
10018,1,0,0,0,0
10019,1,0,0,0,0
10020,1,0,0,0,0
10021,1,0,0,0,0
10022,1,0,0,0,0
10023,1,0,0,0,0
10024,1,0,0,0,0
10025,1,0,0,0,0
10026,1,0,0,0,0
10027,1,0,0,0,0
10028,1,0,0,0,0
10029,1,0,0,0,0
10030,1,0,0,0,0
10031,1,0,0,0,0
10032,1,0,0,0,0
10033,1,0,0,0,0
10034,1,0,0,0,0
10035,1,0,0,0,0
10036,1,0,0,0,0
10037,1,0,0,0,0
10038,1,0,0,0,0
10039,1,0,0,0,0
10040,0,0,0,0,1
10041,0,0,0,0,1
10042,0,0,0,0,1
10043,0,0,0,0,1
10044,0,0,0,0,1
10045,0,0,0,0,1
10046,0,0,0,0,1
10047,0,0,0,0,1
10048,0,0,0,0,1
10049,0,0,0,0,1
10050,0,0,0,0,1
10051,0,0,0,0,1
10052,0,0,0,0,1
10053,0,0,0,0,1
10054,0,0,0,0,1
10055,0,0,0,0,1
10056,0,0,0,0,1
10057,0,0,0,0,1
10058,0,0,0,0,1
10059,0,0,0,0,1
10060,0,0,0,0,1
10061,0,0,0,0,1
10062,0,0,0,0,1
10063,0,0,0,0,1
10064,0,0,0,0,1
10065,0,0,0,0,1
10066,0,0,0,0,1
10067,0,0,0,0,1
10068,0,0,0,0,1
10069,0,0,0,0,1
10070,0,0,0,0,1
10071,0,0,0,0,1
10072,0,0,0,0,1
10073,0,0,0,0,1
10074,0,0,0,0,1
10075,0,0,0,0,1
10076,0,0,0,0,1
10077,0,0,0,0,1
10078,0,0,0,0,1
10079,0,0,0,0,1
10080,0,0,0,0,1
10081,0,0,0,0,1
10082,0,0,0,0,1
10083,0,0,0,0,1
10084,0,0,0,0,1
10085,0,0,0,0,1
10086,0,0,0,0,1
10087,0,0,0,0,1
10088,0,0,0,0,1
10089,0,0,0,0,1
10090,0,0,0,0,1
10091,0,0,0,0,1
10092,0,0,0,0,1
10093,0,0,0,0,1
10094,0,0,0,0,1
10095,0,0,0,0,1
10096,0,0,0,0,1
10097,0,0,0,0,1
10098,0,0,0,0,1
10099,0,0,0,0,1
10100,0,0,0,0,1
10101,0,0,0,0,1
10102,0,0,0,0,1
10103,0,0,0,0,1
10104,0,0,0,0,1
10105,0,0,0,0,1
10106,0,0,0,0,1
10107,0,0,0,0,1
10108,0,0,0,0,1
10109,1,0,0,0,0
10110,1,0,0,0,0
10111,1,0,0,0,0
10112,1,0,0,0,0
10113,1,0,0,0,0
10114,1,0,0,0,0
10115,1,0,0,0,0
10116,1,0,0,0,0
10117,1,0,0,0,0
10118,1,0,0,0,0
10119,1,0,0,0,0
10120,1,0,0,0,0
10121,1,0,0,0,0
10122,1,0,0,0,0
10123,1,0,0,0,0
10124,1,0,0,0,0
10125,1,0,0,0,0
10126,1,0,0,0,0
10127,1,0,0,0,0
10128,1,0,0,0,0
10129,1,0,0,0,0
10130,1,0,0,0,0
10131,1,0,0,0,0
10132,1,0,0,0,0
10133,1,0,0,0,0
10134,0,0,0,0,1
10135,0,0,0,0,1
10136,0,0,0,0,1
10137,0,0,0,0,1
10138,0,0,0,0,1
10139,0,0,0,0,1
10140,0,0,0,0,1
10141,0,0,0,0,1
10142,0,0,0,0,1
10143,0,0,0,0,1
10144,0,0,0,0,1
10145,0,0,0,0,1
10146,0,0,0,0,1
10147,0,0,0,0,1
10148,0,0,0,0,1
10149,0,0,0,0,1
10150,0,0,0,0,1
10151,0,0,0,0,1
10152,0,0,0,0,1
10153,0,0,0,0,1
10154,0,0,0,0,1
10155,0,0,0,0,1
10156,0,0,0,0,1
10157,0,0,0,0,1
10158,0,0,0,0,1
10159,0,0,0,0,1
10160,0,0,0,0,1
10161,0,0,0,0,1
10162,0,0,0,0,1
10163,0,0,0,0,1
10164,0,0,0,0,1
10165,0,0,0,0,1
10166,0,0,0,0,1
10167,0,0,0,0,1
10168,0,0,0,0,1
10169,0,0,0,0,1
10170,0,0,0,0,1
10171,0,0,0,0,1
10172,0,0,0,0,1
10173,0,0,0,0,1
10174,0,0,0,0,1
10175,0,0,0,0,1
10176,0,0,0,0,1
10177,0,0,0,0,1
10178,0,0,0,0,1
10179,0,0,0,0,1
10180,0,0,0,0,1
10181,0,0,0,0,1
10182,0,0,0,0,1
10183,0,0,0,0,1
10184,0,0,0,0,1
10185,0,0,0,0,1
10186,0,0,0,0,1
10187,0,0,0,0,1
10188,0,0,0,0,1
10189,0,0,0,0,1
10190,0,0,0,0,1
10191,0,0,0,0,1
10192,0,0,0,0,1
10193,0,0,0,0,1
10194,0,0,0,0,1
10195,0,0,0,0,1
10196,0,0,0,0,1
10197,0,0,0,0,1
10198,0,0,0,0,1
10199,0,0,0,0,1
10200,0,0,0,0,1
10201,0,0,0,0,1
10202,0,0,0,0,1
10203,0,0,0,0,1
10204,0,0,0,0,1
10205,0,0,0,0,1
10206,0,0,0,0,1
10207,0,0,0,0,1
10208,0,0,0,0,1
10209,0,0,0,0,1
10210,0,0,0,0,1
10211,0,0,0,0,1
10212,0,0,0,0,1
10213,0,0,0,0,1
10214,0,0,0,0,1
10215,0,0,0,0,1
10216,0,0,0,0,1
10217,0,0,0,0,1
10218,0,0,0,0,1
10219,0,0,0,0,1
10220,0,0,0,0,1
10221,0,0,0,0,1
10222,0,0,0,0,1
10223,0,0,0,0,1
10224,0,0,0,0,1
10225,0,0,0,0,1
10226,0,0,0,0,1
10227,0,0,0,0,1
10228,0,0,0,0,1
10229,0,0,0,0,1
10230,0,0,0,0,1
10231,0,0,0,0,1
10232,0,0,0,0,1
10233,0,0,0,0,1
10234,0,0,0,0,1
10235,0,0,0,0,1
10236,0,0,0,0,1
10237,0,0,0,0,1
10238,0,0,0,0,1
10239,0,0,0,0,1
10240,0,0,0,0,1
10241,0,0,0,0,1
10242,0,0,0,0,1
10243,0,0,0,0,1
10244,0,0,0,0,1
10245,0,0,0,0,1
10246,0,0,0,0,1
10247,0,0,0,0,1
10248,0,0,0,0,1
10249,0,0,0,0,1
10250,0,0,0,0,1
10251,0,0,0,0,1
10252,0,0,0,0,1
10253,0,0,0,0,1
10254,0,0,0,0,1
10255,0,0,0,0,1
10256,0,0,0,0,1
10257,0,0,0,0,1
10258,0,0,0,0,1
10259,0,0,0,0,1
10260,0,0,0,0,1
10261,0,0,0,0,1
10262,0,0,0,0,1
10263,0,0,0,0,1
10264,0,0,0,0,1
10265,0,0,0,0,1
10266,0,0,0,0,1
10267,0,0,0,0,1
10268,0,0,0,0,1
10269,0,0,0,0,1
10270,0,0,0,0,1
10271,0,0,0,0,1
10272,0,0,0,0,1
10273,0,0,0,0,1
10274,0,0,0,0,1
10275,0,0,0,0,1
10276,0,0,0,0,1
10277,0,0,0,0,1
10278,0,0,0,0,1
10279,0,0,0,0,1
10280,0,0,0,0,1
10281,0,0,0,0,1
10282,0,0,0,0,1
10283,0,0,0,0,1
10284,0,0,0,0,1
10285,0,0,0,0,1
10286,0,0,0,0,1
10287,0,0,0,0,1
10288,0,0,0,0,1
10289,0,0,0,0,1
10290,0,0,0,0,1
10291,0,0,0,0,1
10292,0,0,0,0,1
10293,0,0,0,0,1
10294,0,0,0,0,1
10295,0,0,0,0,1
10296,0,0,0,0,1
10297,0,0,0,0,1
10298,0,0,0,0,1
10299,0,0,0,0,1
10300,0,0,0,0,1
10301,0,0,0,0,1
10302,0,0,0,0,1
10303,0,0,0,0,1
10304,0,0,0,0,1
10305,0,0,0,0,1
10306,0,0,0,0,1
10307,0,0,0,0,1
10308,0,0,0,0,1
10309,0,0,0,0,1
10310,0,0,0,0,1
10311,0,0,0,0,1
10312,0,0,0,0,1
10313,0,0,0,0,1
10314,0,0,0,0,1
10315,0,0,0,0,1
10316,0,0,0,0,1
10317,0,0,0,0,1
10318,0,0,0,0,1
10319,0,0,0,0,1
10320,0,0,0,0,1
10321,0,0,0,0,1
10322,0,0,0,0,1
10323,0,0,0,0,1
10324,0,0,0,0,1
10325,0,0,0,0,1
10326,0,0,0,0,1
10327,0,0,0,0,1
10328,0,0,0,0,1
10329,0,0,0,0,1
10330,0,0,0,0,1
10331,0,0,0,0,1
10332,0,0,0,0,1
10333,0,0,0,0,1
10334,0,0,0,0,1
10335,0,0,0,0,1
10336,0,0,0,0,1
10337,0,0,0,0,1
10338,0,0,0,0,1
10339,0,0,0,0,1
10340,0,0,0,0,1
10341,0,0,0,0,1
10342,0,0,0,0,1
10343,0,0,0,0,1
10344,0,0,0,0,1
10345,0,0,0,0,1
10346,0,0,0,0,1
10347,0,0,0,0,1
10348,0,0,0,0,1
10349,0,0,0,0,1
10350,0,0,0,0,1
10351,0,0,0,0,1
10352,0,0,0,0,1
10353,0,0,0,0,1
10354,0,0,0,0,1
10355,0,0,0,0,1
10356,0,0,0,0,1
10357,0,0,0,0,1
10358,0,0,0,0,1
10359,0,0,0,0,1
10360,0,0,0,0,1
10361,0,0,0,0,1
10362,0,0,0,0,1
10363,0,0,0,0,1
10364,0,0,0,0,1
10365,0,0,0,0,1
10366,0,0,0,0,1
10367,0,0,0,0,1
10368,0,0,0,0,1
10369,0,0,0,0,1
10370,0,0,0,0,1
10371,0,0,0,0,1
10372,0,0,0,0,1
10373,0,0,0,0,1
10374,0,0,0,0,1
10375,0,0,0,0,1
10376,0,0,0,0,1
10377,0,0,0,0,1
10378,0,0,0,0,1
10379,0,0,0,0,1
10380,0,0,0,0,1
10381,0,0,0,0,1
10382,0,0,0,0,1
10383,0,0,0,0,1
10384,0,0,0,0,1
10385,0,0,0,0,1
10386,0,0,0,0,1
10387,0,0,0,0,1
10388,0,0,0,0,1
10389,0,0,0,0,1
10390,0,0,0,0,1
10391,0,0,0,0,1
10392,0,0,0,0,1
10393,0,0,0,0,1
10394,0,0,0,0,1
10395,0,0,0,0,1
10396,0,0,0,0,1
10397,0,0,0,0,1
10398,0,0,0,0,1
10399,0,0,0,0,1
10400,0,0,0,0,1
10401,0,0,0,0,1
10402,0,0,0,0,1
10403,0,0,0,0,1
10404,0,0,0,0,1
10405,0,0,0,0,1
10406,0,0,0,0,1
10407,0,0,0,0,1
10408,0,0,0,0,1
10409,0,0,0,0,1
10410,0,0,0,0,1
10411,0,0,0,0,1
10412,0,0,0,0,1
10413,0,0,0,0,1
10414,0,0,0,0,1
10415,0,0,0,0,1
10416,0,0,0,0,1
10417,0,0,0,0,1
10418,0,0,0,0,1
10419,0,0,0,0,1
10420,0,0,0,0,1
10421,0,0,0,0,1
10422,0,0,0,0,1
10423,0,0,0,0,1
10424,0,0,0,0,1
10425,0,0,0,0,1
10426,0,0,0,0,1
10427,0,0,0,0,1
10428,0,0,0,0,1
10429,0,0,0,0,1
10430,0,0,0,0,1
10431,0,0,0,0,1
10432,0,0,0,0,1
10433,0,0,0,0,1
10434,0,0,0,0,1
10435,0,0,0,0,1
10436,0,1,0,0,0
10437,0,1,0,0,0
10438,0,1,0,0,0
10439,0,1,0,0,0
10440,0,1,0,0,0
10441,0,1,0,0,0
10442,0,1,0,0,0
10443,0,1,0,0,0
10444,0,1,0,0,0
10445,0,1,0,0,0
10446,0,1,0,0,0
10447,0,1,0,0,0
10448,0,1,0,0,0
10449,0,1,0,0,0
10450,0,1,0,0,0
10451,0,1,0,0,0
10452,0,1,0,0,0
10453,0,1,0,0,0
10454,0,1,0,0,0
10455,0,1,0,0,0
10456,0,1,0,0,0
10457,0,1,0,0,0
10458,0,1,0,0,0
10459,0,1,0,0,0
10460,0,1,0,0,0
10461,0,1,0,0,0
10462,0,1,0,0,0
10463,0,1,0,0,0
10464,0,1,0,0,0
10465,0,0,0,0,1
10466,0,0,0,0,1
10467,0,0,0,0,1
10468,0,0,0,0,1
10469,0,0,0,0,1
10470,0,0,0,0,1
10471,0,0,0,0,1
10472,0,0,0,0,1
10473,0,0,0,0,1
10474,0,0,0,0,1
10475,0,0,0,0,1
10476,0,0,0,0,1
10477,0,0,0,0,1
10478,0,0,0,0,1
10479,0,0,0,0,1
10480,0,0,0,0,1
10481,0,0,0,0,1
10482,0,0,0,0,1
10483,0,0,0,0,1
10484,0,0,0,0,1
10485,0,0,0,0,1
10486,0,0,0,0,1
10487,0,0,0,0,1
10488,0,0,0,0,1
10489,0,0,0,0,1
10490,0,0,0,0,1
10491,0,0,0,0,1
10492,0,0,0,0,1
10493,0,0,0,0,1
10494,0,0,0,0,1
10495,0,0,0,0,1
10496,0,0,0,0,1
10497,0,0,0,0,1
10498,0,0,0,0,1
10499,0,0,0,0,1
10500,0,0,0,0,1
10501,0,0,0,0,1
10502,0,0,0,0,1
10503,0,0,0,0,1
10504,0,0,0,0,1
10505,0,0,0,0,1
10506,0,0,0,0,1
10507,0,0,0,0,1
10508,0,0,0,0,1
10509,0,0,0,0,1
10510,0,0,0,0,1
10511,0,0,0,0,1
10512,0,0,0,0,1
10513,0,0,0,0,1
10514,0,0,0,0,1
10515,0,0,0,0,1
10516,0,0,0,0,1
10517,0,0,0,0,1
10518,0,0,0,0,1
10519,0,0,0,0,1
10520,0,0,0,0,1
10521,0,0,0,0,1
10522,0,0,0,0,1
10523,0,0,0,0,1
10524,0,0,0,0,1
10525,0,0,0,0,1
10526,0,0,0,0,1
10527,0,0,0,0,1
10528,0,0,0,0,1
10529,0,0,0,0,1
10530,0,0,0,0,1
10531,0,0,0,0,1
10532,0,0,0,0,1
10533,0,0,0,0,1
10534,0,0,0,0,1
10535,0,0,0,0,1
10536,0,0,0,0,1
10537,0,0,0,0,1
10538,0,0,0,0,1
10539,0,0,0,0,1
10540,0,0,0,0,1
10541,0,0,0,0,1
10542,0,0,0,0,1
10543,0,0,0,0,1
10544,0,0,0,0,1
10545,0,0,0,0,1
10546,0,0,0,0,1
10547,0,0,0,0,1
10548,0,0,0,0,1
10549,0,0,0,0,1
10550,0,0,0,0,1
10551,0,0,0,0,1
10552,0,0,0,0,1
10553,0,0,0,0,1
10554,0,0,0,0,1
10555,0,0,0,0,1
10556,0,0,0,0,1
10557,0,0,0,0,1
10558,0,0,0,0,1
10559,0,0,0,0,1
10560,0,0,0,0,1
10561,0,0,0,0,1
10562,0,0,0,0,1
10563,0,0,0,0,1
10564,0,0,0,0,1
10565,0,0,0,0,1
10566,0,0,0,0,1
10567,0,0,0,0,1
10568,0,0,0,0,1
10569,0,0,0,0,1
10570,0,0,0,0,1
10571,0,0,0,0,1
10572,0,0,0,0,1
10573,0,0,0,0,1
10574,0,0,0,0,1
10575,0,0,0,0,1
10576,0,0,0,0,1
10577,0,0,0,0,1
10578,0,0,0,0,1
10579,0,0,0,0,1
10580,0,0,0,0,1
10581,0,0,0,0,1
10582,0,0,0,0,1
10583,0,0,0,0,1
10584,0,0,0,0,1
10585,0,0,0,0,1
10586,0,0,0,0,1
10587,0,0,0,0,1
10588,0,0,0,0,1
10589,0,0,0,0,1
10590,0,0,0,0,1
10591,0,0,0,0,1
10592,0,0,0,0,1
10593,0,0,0,0,1
10594,0,0,0,0,1
10595,0,0,0,0,1
10596,0,0,0,0,1
10597,0,0,0,0,1
10598,0,0,0,0,1
10599,0,0,0,0,1
10600,0,0,0,0,1
10601,0,0,0,0,1
10602,0,0,0,0,1
10603,0,0,0,0,1
10604,0,0,0,0,1
10605,0,0,0,0,1
10606,0,0,0,0,1
10607,0,0,0,0,1
10608,0,0,0,0,1
10609,0,0,0,0,1
10610,0,0,0,0,1
10611,0,0,0,0,1
10612,0,0,0,0,1
10613,0,0,0,0,1
10614,0,0,0,0,1
10615,0,0,0,0,1
10616,0,0,0,0,1
10617,0,0,0,0,1
10618,0,0,0,0,1
10619,0,0,0,0,1
10620,0,0,0,0,1
10621,0,0,0,0,1
10622,0,0,0,0,1
10623,0,0,0,0,1
10624,0,0,0,0,1
10625,0,0,0,0,1
10626,0,0,0,0,1
10627,0,0,0,0,1
10628,0,0,0,0,1
10629,0,0,0,0,1
10630,0,0,0,0,1
10631,0,0,0,0,1
10632,0,0,0,0,1
10633,0,0,0,0,1
10634,0,0,0,0,1
10635,0,0,0,0,1
10636,0,0,0,0,1
10637,0,0,0,0,1
10638,0,0,0,0,1
10639,0,0,0,0,1
10640,0,0,0,0,1
10641,0,0,0,0,1
10642,0,0,0,0,1
10643,0,0,0,0,1
10644,0,0,0,0,1
10645,0,0,0,0,1
10646,0,0,0,0,1
10647,0,0,0,0,1
10648,0,0,0,0,1
10649,0,0,0,0,1
10650,0,0,0,0,1
10651,0,0,0,0,1
10652,0,0,0,0,1
10653,0,0,0,0,1
10654,0,0,0,0,1
10655,0,0,0,0,1
10656,0,0,0,0,1
10657,0,0,0,0,1
10658,0,0,0,0,1
10659,0,0,0,0,1
10660,0,0,0,0,1
10661,0,0,0,0,1
10662,0,0,0,0,1
10663,0,0,0,0,1
10664,0,0,0,0,1
10665,0,0,0,0,1
10666,0,0,0,0,1
10667,0,0,0,0,1
10668,0,0,0,0,1
10669,0,0,0,0,1
10670,0,0,0,0,1
10671,0,0,0,0,1
10672,0,0,0,0,1
10673,0,0,0,0,1
10674,0,0,0,0,1
10675,0,0,0,0,1
10676,0,0,0,0,1
10677,0,0,0,0,1
10678,0,0,0,0,1
10679,0,0,0,0,1
10680,0,0,0,0,1
10681,0,0,0,0,1
10682,0,0,0,0,1
10683,0,0,0,0,1
10684,0,0,0,0,1
10685,0,0,0,0,1
10686,0,0,0,0,1
10687,0,0,0,0,1
10688,0,0,0,0,1
10689,0,0,0,0,1
10690,0,0,0,0,1
10691,0,0,0,0,1
10692,0,0,0,0,1
10693,0,0,0,0,1
10694,0,0,0,0,1
10695,0,0,0,0,1
10696,0,0,0,0,1
10697,0,0,0,0,1
10698,0,0,0,0,1
10699,0,0,0,0,1
10700,0,0,0,0,1
10701,0,0,0,0,1
10702,0,0,0,0,1
10703,0,0,0,0,1
10704,0,0,0,0,1
10705,0,0,0,0,1
10706,0,0,0,0,1
10707,0,0,0,0,1
10708,0,0,0,0,1
10709,0,0,0,0,1
10710,0,0,0,0,1
10711,0,0,0,0,1
10712,0,0,0,0,1
10713,0,0,0,0,1
10714,0,0,0,0,1
10715,0,0,0,0,1
10716,0,0,0,0,1
10717,0,0,0,0,1
10718,0,0,0,0,1
10719,0,0,0,0,1
10720,0,0,0,0,1
10721,0,0,0,0,1
10722,0,0,0,0,1
10723,0,0,0,0,1
10724,0,0,0,0,1
10725,0,0,0,0,1
10726,0,0,0,0,1
10727,0,0,0,0,1
10728,0,0,0,0,1
10729,0,0,0,0,1
10730,0,0,0,0,1
10731,0,0,0,0,1
10732,0,0,0,0,1
10733,0,0,0,0,1
10734,0,0,0,0,1
10735,0,0,0,0,1
10736,0,0,0,0,1
10737,0,0,0,0,1
10738,0,0,0,0,1
10739,0,1,0,0,0
10740,0,1,0,0,0
10741,0,1,0,0,0
10742,0,1,0,0,0
10743,0,1,0,0,0
10744,0,1,0,0,0
10745,0,1,0,0,0
10746,0,1,0,0,0
10747,0,1,0,0,0
10748,0,1,0,0,0
10749,0,1,0,0,0
10750,0,1,0,0,0
10751,0,1,0,0,0
10752,0,1,0,0,0
10753,0,1,0,0,0
10754,0,1,0,0,0
10755,0,1,0,0,0
10756,0,1,0,0,0
10757,0,1,0,0,0
10758,0,1,0,0,0
10759,0,1,0,0,0
10760,0,1,0,0,0
10761,0,1,0,0,0
10762,0,1,0,0,0
10763,0,1,0,0,0
10764,0,1,0,0,0
10765,0,1,0,0,0
10766,0,1,0,0,0
10767,0,1,0,0,0
10768,0,1,0,0,0
10769,0,1,0,0,0
10770,0,1,0,0,0
10771,0,1,0,0,0
10772,0,1,0,0,0
10773,0,1,0,0,0
10774,0,1,0,0,0
10775,0,1,0,0,0
10776,0,1,0,0,0
10777,0,1,0,0,0
10778,0,1,0,0,0
10779,0,1,0,0,0
10780,0,1,0,0,0
10781,0,1,0,0,0
10782,0,1,0,0,0
10783,0,1,0,0,0
10784,0,1,0,0,0
10785,0,1,0,0,0
10786,0,1,0,0,0
10787,0,1,0,0,0
10788,0,1,0,0,0
10789,0,1,0,0,0
10790,0,1,0,0,0
10791,0,1,0,0,0
10792,0,1,0,0,0
10793,0,1,0,0,0
10794,0,1,0,0,0
10795,0,1,0,0,0
10796,0,1,0,0,0
10797,0,1,0,0,0
10798,0,1,0,0,0
10799,0,1,0,0,0
10800,0,1,0,0,0
10801,0,1,0,0,0
10802,0,1,0,0,0
10803,0,1,0,0,0
10804,0,1,0,0,0
10805,0,1,0,0,0
10806,0,1,0,0,0
10807,0,1,0,0,0
10808,0,1,0,0,0
10809,0,1,0,0,0
10810,0,1,0,0,0
10811,0,1,0,0,0
10812,0,1,0,0,0
10813,0,1,0,0,0
10814,0,1,0,0,0
10815,0,1,0,0,0
10816,0,1,0,0,0
10817,1,0,0,0,0
10818,1,0,0,0,0
10819,1,0,0,0,0
10820,1,0,0,0,0
10821,1,0,0,0,0
10822,1,0,0,0,0
10823,1,0,0,0,0
10824,1,0,0,0,0
10825,1,0,0,0,0
10826,1,0,0,0,0
10827,1,0,0,0,0
10828,1,0,0,0,0
10829,1,0,0,0,0
10830,1,0,0,0,0
10831,1,0,0,0,0
10832,1,0,0,0,0
10833,1,0,0,0,0
10834,1,0,0,0,0
10835,1,0,0,0,0
10836,1,0,0,0,0
10837,1,0,0,0,0
10838,1,0,0,0,0
10839,1,0,0,0,0
10840,1,0,0,0,0
10841,1,0,0,0,0
10842,1,0,0,0,0
10843,1,0,0,0,0
10844,1,0,0,0,0
10845,1,0,0,0,0
10846,1,0,0,0,0
10847,1,0,0,0,0
10848,1,0,0,0,0
10849,1,0,0,0,0
10850,1,0,0,0,0
10851,1,0,0,0,0
10852,1,0,0,0,0
10853,1,0,0,0,0
10854,1,0,0,0,0
10855,1,0,0,0,0
10856,1,0,0,0,0
10857,1,0,0,0,0
10858,1,0,0,0,0
10859,1,0,0,0,0
10860,1,0,0,0,0
10861,1,0,0,0,0
10862,1,0,0,0,0
10863,1,0,0,0,0
10864,1,0,0,0,0
10865,1,0,0,0,0
10866,1,0,0,0,0
10867,1,0,0,0,0
10868,1,0,0,0,0
10869,1,0,0,0,0
10870,1,0,0,0,0
10871,1,0,0,0,0
10872,1,0,0,0,0
10873,1,0,0,0,0
10874,1,0,0,0,0
10875,1,0,0,0,0
10876,1,0,0,0,0
10877,1,0,0,0,0
10878,1,0,0,0,0
10879,1,0,0,0,0
10880,1,0,0,0,0
10881,1,0,0,0,0
10882,1,0,0,0,0
10883,1,0,0,0,0
10884,1,0,0,0,0
10885,1,0,0,0,0
10886,1,0,0,0,0
10887,1,0,0,0,0
10888,1,0,0,0,0
10889,1,0,0,0,0
10890,1,0,0,0,0
10891,1,0,0,0,0
10892,1,0,0,0,0
10893,1,0,0,0,0
10894,1,0,0,0,0
10895,1,0,0,0,0
10896,1,0,0,0,0
10897,1,0,0,0,0
10898,1,0,0,0,0
10899,1,0,0,0,0
10900,1,0,0,0,0
10901,1,0,0,0,0
10902,1,0,0,0,0
10903,1,0,0,0,0
10904,1,0,0,0,0
10905,1,0,0,0,0
10906,1,0,0,0,0
10907,1,0,0,0,0
10908,1,0,0,0,0
10909,1,0,0,0,0
10910,1,0,0,0,0
10911,1,0,0,0,0
10912,1,0,0,0,0
10913,1,0,0,0,0
10914,1,0,0,0,0
10915,1,0,0,0,0
10916,1,0,0,0,0
10917,1,0,0,0,0
10918,1,0,0,0,0
10919,1,0,0,0,0
10920,1,0,0,0,0
10921,1,0,0,0,0
10922,1,0,0,0,0
10923,1,0,0,0,0
10924,1,0,0,0,0
10925,1,0,0,0,0
10926,1,0,0,0,0
10927,1,0,0,0,0
10928,1,0,0,0,0
10929,1,0,0,0,0
10930,1,0,0,0,0
10931,1,0,0,0,0
10932,1,0,0,0,0
10933,1,0,0,0,0
10934,1,0,0,0,0
10935,1,0,0,0,0
10936,1,0,0,0,0
10937,1,0,0,0,0
10938,1,0,0,0,0
10939,1,0,0,0,0
10940,1,0,0,0,0
10941,1,0,0,0,0
10942,1,0,0,0,0
10943,1,0,0,0,0
10944,1,0,0,0,0
10945,1,0,0,0,0
10946,1,0,0,0,0
10947,1,0,0,0,0
10948,1,0,0,0,0
10949,1,0,0,0,0
10950,1,0,0,0,0
10951,1,0,0,0,0
10952,1,0,0,0,0
10953,1,0,0,0,0
10954,1,0,0,0,0
10955,1,0,0,0,0
10956,1,0,0,0,0
10957,1,0,0,0,0
10958,1,0,0,0,0
10959,1,0,0,0,0
10960,1,0,0,0,0
10961,1,0,0,0,0
10962,1,0,0,0,0
10963,1,0,0,0,0
10964,1,0,0,0,0
10965,1,0,0,0,0
10966,1,0,0,0,0
10967,1,0,0,0,0
10968,1,0,0,0,0
10969,1,0,0,0,0
10970,1,0,0,0,0
10971,1,0,0,0,0
10972,1,0,0,0,0
10973,1,0,0,0,0
10974,1,0,0,0,0
10975,1,0,0,0,0
10976,1,0,0,0,0
10977,1,0,0,0,0
10978,1,0,0,0,0
10979,1,0,0,0,0
10980,1,0,0,0,0
10981,1,0,0,0,0
10982,1,0,0,0,0
10983,1,0,0,0,0
10984,1,0,0,0,0
10985,1,0,0,0,0
10986,1,0,0,0,0
10987,1,0,0,0,0
10988,1,0,0,0,0
10989,1,0,0,0,0
10990,1,0,0,0,0
10991,1,0,0,0,0
10992,1,0,0,0,0
10993,1,0,0,0,0
10994,1,0,0,0,0
10995,1,0,0,0,0
10996,1,0,0,0,0
10997,1,0,0,0,0
10998,1,0,0,0,0
10999,1,0,0,0,0
11000,1,0,0,0,0
11001,1,0,0,0,0
11002,1,0,0,0,0
11003,1,0,0,0,0
11004,1,0,0,0,0
11005,1,0,0,0,0
11006,1,0,0,0,0
11007,1,0,0,0,0
11008,1,0,0,0,0
11009,1,0,0,0,0
11010,1,0,0,0,0
11011,1,0,0,0,0
11012,1,0,0,0,0
11013,1,0,0,0,0
11014,1,0,0,0,0
11015,1,0,0,0,0
11016,1,0,0,0,0
11017,1,0,0,0,0
11018,1,0,0,0,0
11019,1,0,0,0,0
11020,1,0,0,0,0
11021,1,0,0,0,0
11022,1,0,0,0,0
11023,1,0,0,0,0
11024,1,0,0,0,0
11025,1,0,0,0,0
11026,1,0,0,0,0
11027,1,0,0,0,0
11028,1,0,0,0,0
11029,1,0,0,0,0
11030,1,0,0,0,0
11031,1,0,0,0,0
11032,1,0,0,0,0
11033,1,0,0,0,0
11034,1,0,0,0,0
11035,1,0,0,0,0
11036,1,0,0,0,0
11037,1,0,0,0,0
11038,1,0,0,0,0
11039,1,0,0,0,0
11040,1,0,0,0,0
11041,1,0,0,0,0
11042,1,0,0,0,0
11043,1,0,0,0,0
11044,1,0,0,0,0
11045,1,0,0,0,0
11046,1,0,0,0,0
11047,1,0,0,0,0
11048,1,0,0,0,0
11049,1,0,0,0,0
11050,1,0,0,0,0
11051,1,0,0,0,0
11052,1,0,0,0,0
11053,1,0,0,0,0
11054,1,0,0,0,0
11055,1,0,0,0,0
11056,1,0,0,0,0
11057,1,0,0,0,0
11058,1,0,0,0,0
11059,1,0,0,0,0
11060,1,0,0,0,0
11061,1,0,0,0,0
11062,1,0,0,0,0
11063,1,0,0,0,0
11064,1,0,0,0,0
11065,1,0,0,0,0
11066,1,0,0,0,0
11067,1,0,0,0,0
11068,1,0,0,0,0
11069,1,0,0,0,0
11070,1,0,0,0,0
11071,1,0,0,0,0
11072,1,0,0,0,0
11073,1,0,0,0,0
11074,1,0,0,0,0
11075,1,0,0,0,0
11076,1,0,0,0,0
11077,1,0,0,0,0
11078,1,0,0,0,0
11079,1,0,0,0,0
11080,1,0,0,0,0
11081,1,0,0,0,0
11082,1,0,0,0,0
11083,1,0,0,0,0
11084,1,0,0,0,0
11085,1,0,0,0,0
11086,1,0,0,0,0
11087,1,0,0,0,0
11088,1,0,0,0,0
11089,1,0,0,0,0
11090,1,0,0,0,0
11091,1,0,0,0,0
11092,1,0,0,0,0
11093,1,0,0,0,0
11094,1,0,0,0,0
11095,1,0,0,0,0
11096,1,0,0,0,0
11097,1,0,0,0,0
11098,1,0,0,0,0
11099,1,0,0,0,0
11100,1,0,0,0,0
11101,1,0,0,0,0
11102,1,0,0,0,0
11103,1,0,0,0,0
11104,1,0,0,0,0
11105,1,0,0,0,0
11106,1,0,0,0,0
11107,1,0,0,0,0
11108,1,0,0,0,0
11109,1,0,0,0,0
11110,1,0,0,0,0
11111,1,0,0,0,0
11112,1,0,0,0,0
11113,1,0,0,0,0
11114,1,0,0,0,0
11115,1,0,0,0,0
11116,1,0,0,0,0
11117,1,0,0,0,0
11118,1,0,0,0,0
11119,1,0,0,0,0
11120,1,0,0,0,0
11121,1,0,0,0,0
11122,1,0,0,0,0
11123,1,0,0,0,0
11124,1,0,0,0,0
11125,1,0,0,0,0
11126,1,0,0,0,0
11127,1,0,0,0,0
11128,1,0,0,0,0
11129,1,0,0,0,0
11130,1,0,0,0,0
11131,1,0,0,0,0
11132,1,0,0,0,0
11133,1,0,0,0,0
11134,0,1,0,0,0
11135,0,1,0,0,0
11136,0,1,0,0,0
11137,0,1,0,0,0
11138,0,1,0,0,0
11139,0,1,0,0,0
11140,0,1,0,0,0
11141,0,1,0,0,0
11142,0,1,0,0,0
11143,0,1,0,0,0
11144,0,1,0,0,0
11145,0,1,0,0,0
11146,0,1,0,0,0
11147,0,1,0,0,0
11148,0,1,0,0,0
11149,0,1,0,0,0
11150,0,1,0,0,0
11151,0,1,0,0,0
11152,0,1,0,0,0
11153,0,1,0,0,0
11154,0,1,0,0,0
11155,0,1,0,0,0
11156,0,1,0,0,0
11157,0,1,0,0,0
11158,0,1,0,0,0
11159,0,1,0,0,0
11160,0,1,0,0,0
11161,0,1,0,0,0
11162,0,1,0,0,0
11163,0,1,0,0,0
11164,0,1,0,0,0
11165,0,1,0,0,0
11166,0,1,0,0,0
11167,0,1,0,0,0
11168,0,1,0,0,0
11169,0,1,0,0,0
11170,0,1,0,0,0
11171,0,1,0,0,0
11172,0,1,0,0,0
11173,0,1,0,0,0
11174,0,1,0,0,0
11175,0,1,0,0,0
11176,0,1,0,0,0
11177,0,1,0,0,0
11178,0,1,0,0,0
11179,0,1,0,0,0
11180,0,1,0,0,0
11181,0,1,0,0,0
11182,0,1,0,0,0
11183,0,1,0,0,0
11184,0,1,0,0,0
11185,0,1,0,0,0
11186,0,1,0,0,0
11187,0,1,0,0,0
11188,0,1,0,0,0
11189,0,1,0,0,0
11190,0,1,0,0,0
11191,0,1,0,0,0
11192,0,1,0,0,0
11193,0,1,0,0,0
11194,0,1,0,0,0
11195,0,1,0,0,0
11196,0,1,0,0,0
11197,0,1,0,0,0
11198,0,1,0,0,0
11199,0,1,0,0,0
11200,0,1,0,0,0
11201,0,1,0,0,0
11202,0,1,0,0,0
11203,0,1,0,0,0
11204,0,1,0,0,0
11205,0,1,0,0,0
11206,0,1,0,0,0
11207,0,1,0,0,0
11208,0,1,0,0,0
11209,0,1,0,0,0
11210,0,1,0,0,0
11211,0,1,0,0,0
11212,0,1,0,0,0
11213,0,1,0,0,0
11214,0,1,0,0,0
11215,0,1,0,0,0
11216,0,1,0,0,0
11217,0,1,0,0,0
11218,0,1,0,0,0
11219,0,1,0,0,0
11220,0,1,0,0,0
11221,0,1,0,0,0
11222,1,0,0,0,0
11223,1,0,0,0,0
11224,1,0,0,0,0
11225,1,0,0,0,0
11226,1,0,0,0,0
11227,1,0,0,0,0
11228,1,0,0,0,0
11229,1,0,0,0,0
11230,1,0,0,0,0
11231,1,0,0,0,0
11232,1,0,0,0,0
11233,1,0,0,0,0
11234,1,0,0,0,0
11235,1,0,0,0,0
11236,1,0,0,0,0
11237,1,0,0,0,0
11238,1,0,0,0,0
11239,1,0,0,0,0
11240,1,0,0,0,0
11241,1,0,0,0,0
11242,1,0,0,0,0
11243,1,0,0,0,0
11244,1,0,0,0,0
11245,1,0,0,0,0
11246,1,0,0,0,0
11247,1,0,0,0,0
11248,1,0,0,0,0
11249,1,0,0,0,0
11250,1,0,0,0,0
11251,1,0,0,0,0
11252,1,0,0,0,0
11253,1,0,0,0,0
11254,1,0,0,0,0
11255,1,0,0,0,0
11256,1,0,0,0,0
11257,1,0,0,0,0
11258,1,0,0,0,0
11259,1,0,0,0,0
11260,1,0,0,0,0
11261,1,0,0,0,0
11262,1,0,0,0,0
11263,1,0,0,0,0
11264,1,0,0,0,0
11265,1,0,0,0,0
11266,1,0,0,0,0
11267,1,0,0,0,0
11268,1,0,0,0,0
11269,1,0,0,0,0
11270,1,0,0,0,0
11271,1,0,0,0,0
11272,1,0,0,0,0
11273,1,0,0,0,0
11274,1,0,0,0,0
11275,1,0,0,0,0
11276,1,0,0,0,0
11277,1,0,0,0,0
11278,1,0,0,0,0
11279,1,0,0,0,0
11280,1,0,0,0,0
11281,1,0,0,0,0
11282,1,0,0,0,0
11283,1,0,0,0,0
11284,1,0,0,0,0
11285,1,0,0,0,0
11286,1,0,0,0,0
11287,1,0,0,0,0
11288,1,0,0,0,0
11289,1,0,0,0,0
11290,1,0,0,0,0
11291,1,0,0,0,0
11292,1,0,0,0,0
11293,1,0,0,0,0
11294,1,0,0,0,0
11295,1,0,0,0,0
11296,1,0,0,0,0
11297,1,0,0,0,0
11298,1,0,0,0,0
11299,1,0,0,0,0
11300,1,0,0,0,0
11301,1,0,0,0,0
11302,1,0,0,0,0
11303,1,0,0,0,0
11304,1,0,0,0,0
11305,1,0,0,0,0
11306,1,0,0,0,0
11307,1,0,0,0,0
11308,1,0,0,0,0
11309,1,0,0,0,0
11310,0,0,0,0,1
11311,0,0,0,0,1
11312,0,0,0,0,1
11313,0,0,0,0,1
11314,0,0,0,0,1
11315,0,0,0,0,1
11316,0,0,0,0,1
11317,0,0,0,0,1
11318,0,0,0,0,1
11319,0,0,0,0,1
11320,0,0,0,0,1
11321,0,0,0,0,1
11322,0,0,0,0,1
11323,0,0,0,0,1
11324,0,0,0,0,1
11325,0,0,0,0,1
11326,0,0,0,0,1
11327,0,0,0,0,1
11328,0,0,0,0,1
11329,0,0,0,0,1
11330,0,0,0,0,1
11331,0,0,0,0,1
11332,0,0,0,0,1
11333,0,0,0,0,1
11334,0,0,0,0,1
11335,0,0,0,0,1
11336,0,0,0,0,1
11337,0,0,0,0,1
11338,0,0,0,0,1
11339,0,0,0,0,1
11340,0,0,0,0,1
11341,0,0,0,0,1
11342,0,0,0,0,1
11343,0,0,0,0,1
11344,0,0,0,0,1
11345,0,0,0,0,1
11346,0,0,0,0,1
11347,0,0,0,0,1
11348,0,0,0,0,1
11349,0,0,0,0,1
11350,0,0,0,0,1
11351,0,0,0,0,1
11352,0,0,0,0,1
11353,0,0,0,0,1
11354,0,0,0,0,1
11355,0,0,0,0,1
11356,0,0,0,0,1
11357,0,0,0,0,1
11358,0,0,0,0,1
11359,0,0,0,0,1
11360,0,0,0,0,1
11361,1,0,0,0,0
11362,1,0,0,0,0
11363,1,0,0,0,0
11364,1,0,0,0,0
11365,1,0,0,0,0
11366,1,0,0,0,0
11367,1,0,0,0,0
11368,1,0,0,0,0
11369,1,0,0,0,0
11370,1,0,0,0,0
11371,1,0,0,0,0
11372,1,0,0,0,0
11373,1,0,0,0,0
11374,1,0,0,0,0
11375,1,0,0,0,0
11376,1,0,0,0,0
11377,1,0,0,0,0
11378,1,0,0,0,0
11379,1,0,0,0,0
11380,1,0,0,0,0
11381,1,0,0,0,0
11382,1,0,0,0,0
11383,1,0,0,0,0
11384,1,0,0,0,0
11385,1,0,0,0,0
11386,1,0,0,0,0
11387,1,0,0,0,0
11388,1,0,0,0,0
11389,1,0,0,0,0
11390,1,0,0,0,0
11391,1,0,0,0,0
11392,1,0,0,0,0
11393,1,0,0,0,0
11394,1,0,0,0,0
11395,1,0,0,0,0
11396,1,0,0,0,0
11397,1,0,0,0,0
11398,0,0,0,0,1
11399,0,0,0,0,1
11400,0,0,0,0,1
11401,0,0,0,0,1
11402,0,0,0,0,1
11403,0,0,0,0,1
11404,0,0,0,0,1
11405,0,0,0,0,1
11406,0,0,0,0,1
11407,0,0,0,0,1
11408,0,0,0,0,1
11409,0,0,0,0,1
11410,0,0,0,0,1
11411,0,0,0,0,1
11412,0,0,0,0,1
11413,0,0,0,0,1
11414,0,0,0,0,1
11415,0,0,0,0,1
11416,0,0,0,0,1
11417,0,0,0,0,1
11418,0,0,0,0,1
11419,0,0,0,0,1
11420,0,0,0,0,1
11421,0,0,0,0,1
11422,0,0,0,0,1
11423,0,0,0,0,1
11424,0,0,0,0,1
11425,1,0,0,0,0
11426,1,0,0,0,0
11427,1,0,0,0,0
11428,1,0,0,0,0
11429,1,0,0,0,0
11430,1,0,0,0,0
11431,1,0,0,0,0
11432,1,0,0,0,0
11433,1,0,0,0,0
11434,1,0,0,0,0
11435,1,0,0,0,0
11436,1,0,0,0,0
11437,1,0,0,0,0
11438,1,0,0,0,0
11439,1,0,0,0,0
11440,1,0,0,0,0
11441,1,0,0,0,0
11442,1,0,0,0,0
11443,1,0,0,0,0
11444,1,0,0,0,0
11445,1,0,0,0,0
11446,1,0,0,0,0
11447,0,0,0,0,1
11448,0,0,0,0,1
11449,0,0,0,0,1
11450,0,0,0,0,1
11451,0,0,0,0,1
11452,0,0,0,0,1
11453,0,0,0,0,1
11454,0,0,0,0,1
11455,0,0,0,0,1
11456,0,0,0,0,1
11457,0,0,0,0,1
11458,0,0,0,0,1
11459,0,0,0,0,1
11460,0,0,0,0,1
11461,0,0,0,0,1
11462,0,0,0,0,1
11463,0,0,0,0,1
11464,0,0,0,0,1
11465,0,0,0,0,1
11466,0,0,0,0,1
11467,0,0,0,0,1
11468,0,0,0,0,1
11469,0,0,0,0,1
11470,0,0,0,0,1
11471,0,0,0,0,1
11472,0,0,0,0,1
11473,0,0,0,0,1
11474,0,0,0,0,1
11475,0,0,0,0,1
11476,0,0,0,0,1
11477,0,0,0,0,1
11478,0,0,0,0,1
11479,0,0,0,0,1
11480,0,0,0,0,1
11481,0,0,0,0,1
11482,0,0,0,0,1
11483,0,0,0,0,1
11484,0,0,0,0,1
11485,0,0,0,0,1
11486,0,0,0,0,1
11487,0,0,0,0,1
11488,0,0,0,0,1
11489,0,0,0,0,1
11490,0,0,0,0,1
11491,1,0,0,0,0
11492,1,0,0,0,0
11493,1,0,0,0,0
11494,1,0,0,0,0
11495,1,0,0,0,0
11496,1,0,0,0,0
11497,1,0,0,0,0
11498,1,0,0,0,0
11499,1,0,0,0,0
11500,1,0,0,0,0
11501,1,0,0,0,0
11502,1,0,0,0,0
11503,1,0,0,0,0
11504,1,0,0,0,0
11505,1,0,0,0,0
11506,1,0,0,0,0
11507,1,0,0,0,0
11508,1,0,0,0,0
11509,1,0,0,0,0
11510,1,0,0,0,0
11511,1,0,0,0,0
11512,1,0,0,0,0
11513,1,0,0,0,0
11514,1,0,0,0,0
11515,1,0,0,0,0
11516,1,0,0,0,0
11517,1,0,0,0,0
11518,1,0,0,0,0
11519,1,0,0,0,0
11520,1,0,0,0,0
11521,1,0,0,0,0
11522,1,0,0,0,0
11523,0,0,0,0,1
11524,0,0,0,0,1
11525,0,0,0,0,1
11526,0,0,0,0,1
11527,0,0,0,0,1
11528,0,0,0,0,1
11529,0,0,0,0,1
11530,0,0,0,0,1
11531,0,0,0,0,1
11532,0,0,0,0,1
11533,0,0,0,0,1
11534,0,0,0,0,1
11535,0,0,0,0,1
11536,0,0,0,0,1
11537,0,0,0,0,1
11538,0,0,0,0,1
11539,0,0,0,0,1
11540,0,0,0,0,1
11541,0,0,0,0,1
11542,0,0,0,0,1
11543,0,0,0,0,1
11544,0,0,0,0,1
11545,0,0,0,0,1
11546,0,0,0,0,1
11547,0,0,0,0,1
11548,0,0,0,0,1
11549,0,0,0,0,1
11550,0,0,0,0,1
11551,0,0,0,0,1
11552,0,0,0,0,1
11553,0,0,0,0,1
11554,0,0,0,0,1
11555,0,0,0,0,1
11556,0,0,0,0,1
11557,0,0,0,0,1
11558,0,0,0,0,1
11559,0,0,0,0,1
11560,0,0,0,0,1
11561,0,0,0,0,1
11562,0,0,0,0,1
11563,0,0,0,0,1
11564,0,0,0,0,1
11565,0,0,0,0,1
11566,0,0,0,0,1
11567,0,0,0,0,1
11568,0,0,0,0,1
11569,0,0,0,0,1
11570,0,0,0,0,1
11571,0,0,0,0,1
11572,1,0,0,0,0
11573,1,0,0,0,0
11574,1,0,0,0,0
11575,1,0,0,0,0
11576,1,0,0,0,0
11577,1,0,0,0,0
11578,0,1,0,0,0
11579,0,1,0,0,0
11580,0,1,0,0,0
11581,0,1,0,0,0
11582,0,1,0,0,0
11583,0,1,0,0,0
11584,0,1,0,0,0
11585,0,1,0,0,0
11586,0,1,0,0,0
11587,0,1,0,0,0
11588,0,1,0,0,0
11589,0,1,0,0,0
11590,0,1,0,0,0
11591,0,1,0,0,0
11592,0,1,0,0,0
11593,0,1,0,0,0
11594,0,1,0,0,0
11595,0,1,0,0,0
11596,0,1,0,0,0
11597,0,1,0,0,0
11598,0,1,0,0,0
11599,0,1,0,0,0
11600,0,1,0,0,0
11601,0,1,0,0,0
11602,0,1,0,0,0
11603,0,1,0,0,0
11604,0,1,0,0,0
11605,0,1,0,0,0
11606,0,1,0,0,0
11607,0,1,0,0,0
11608,0,1,0,0,0
11609,0,1,0,0,0
11610,0,1,0,0,0
11611,0,1,0,0,0
11612,0,1,0,0,0
11613,0,1,0,0,0
11614,0,1,0,0,0
11615,0,1,0,0,0
11616,0,1,0,0,0
11617,0,1,0,0,0
11618,0,1,0,0,0
11619,0,0,0,0,1
11620,0,0,0,0,1
11621,0,0,0,0,1
11622,0,0,0,0,1
11623,0,0,0,0,1
11624,0,0,0,0,1
11625,0,0,0,0,1
11626,0,0,0,0,1
11627,0,0,0,0,1
11628,0,0,0,0,1
11629,0,0,0,0,1
11630,0,0,0,0,1
11631,0,0,0,0,1
11632,0,0,0,0,1
11633,0,0,0,0,1
11634,0,0,0,0,1
11635,0,0,0,0,1
11636,0,0,0,0,1
11637,0,0,0,0,1
11638,0,0,0,0,1
11639,0,0,0,0,1
11640,0,0,0,0,1
11641,0,0,0,0,1
11642,0,0,0,0,1
11643,0,0,0,0,1
11644,0,0,0,0,1
11645,0,0,0,0,1
11646,0,0,0,0,1
11647,0,0,0,0,1
11648,0,0,0,0,1
11649,0,0,0,0,1
11650,0,0,0,0,1
11651,0,0,0,0,1
11652,0,0,0,0,1
11653,0,0,0,0,1
11654,0,0,0,0,1
11655,0,0,0,0,1
11656,0,0,0,0,1
11657,0,0,0,0,1
11658,0,0,0,0,1
11659,0,0,0,0,1
11660,0,0,0,0,1
11661,0,0,0,0,1
11662,0,0,0,0,1
11663,0,0,0,0,1
11664,0,0,0,0,1
11665,0,0,0,0,1
11666,0,0,0,0,1
11667,0,0,0,0,1
11668,0,0,0,0,1
11669,0,0,0,0,1
11670,0,0,0,0,1
11671,0,0,0,0,1
11672,0,0,0,0,1
11673,0,0,0,0,1
11674,0,0,0,0,1
11675,0,0,0,0,1
11676,0,0,0,0,1
11677,0,0,0,0,1
11678,0,0,0,0,1
11679,0,0,0,0,1
11680,0,0,0,0,1
11681,0,0,0,0,1
11682,0,0,0,0,1
11683,0,0,0,0,1
11684,0,0,0,0,1
11685,0,0,0,0,1
11686,0,0,0,0,1
11687,0,0,0,0,1
11688,0,0,0,0,1
11689,0,0,0,0,1
11690,0,0,0,0,1
11691,0,0,0,0,1
11692,0,0,0,0,1
11693,0,0,0,0,1
11694,0,0,0,0,1
11695,0,0,0,0,1
11696,0,0,0,0,1
11697,0,0,0,0,1
11698,0,0,0,0,1
11699,0,0,0,0,1
11700,0,0,0,0,1
11701,0,0,0,0,1
11702,0,0,0,0,1
11703,0,0,0,0,1
11704,0,0,0,0,1
11705,0,0,0,0,1
11706,0,0,0,0,1
11707,0,0,0,0,1
11708,0,0,0,0,1
11709,0,0,0,0,1
11710,0,0,0,0,1
11711,0,0,0,0,1
11712,0,0,0,0,1
11713,0,0,0,0,1
11714,0,0,0,0,1
11715,0,0,0,0,1
11716,0,0,0,0,1
11717,0,0,0,0,1
11718,0,0,0,0,1
11719,0,0,0,0,1
11720,0,0,0,0,1
11721,0,0,0,0,1
11722,0,0,0,0,1
11723,0,0,0,0,1
11724,0,0,0,0,1
11725,0,0,0,0,1
11726,0,0,0,0,1
11727,0,0,0,0,1
11728,0,0,0,0,1
11729,0,0,0,0,1
11730,0,0,0,0,1
11731,0,0,0,0,1
11732,0,0,0,0,1
11733,0,0,0,0,1
11734,0,0,0,0,1
11735,0,0,0,0,1
11736,0,0,0,0,1
11737,0,0,0,0,1
11738,0,0,0,0,1
11739,0,0,0,0,1
11740,0,0,0,0,1
11741,0,0,0,0,1
11742,0,0,0,0,1
11743,0,0,0,0,1
11744,0,0,0,0,1
11745,0,0,0,0,1
11746,0,0,0,0,1
11747,0,0,0,0,1
11748,0,0,0,0,1
11749,0,0,0,0,1
11750,0,0,0,0,1
11751,0,0,0,0,1
11752,0,0,0,0,1
11753,0,0,0,0,1
11754,0,0,0,0,1
11755,0,0,0,0,1
11756,0,0,0,0,1
11757,0,0,0,0,1
11758,0,0,0,0,1
11759,0,0,0,0,1
11760,0,0,0,0,1
11761,0,0,0,0,1
11762,0,0,0,0,1
11763,0,0,0,0,1
11764,0,0,0,0,1
11765,0,0,0,0,1
11766,0,0,0,0,1
11767,0,0,0,0,1
11768,0,0,0,0,1
11769,0,0,0,0,1
11770,0,0,0,0,1
11771,0,0,0,0,1
11772,0,0,0,0,1
11773,0,0,0,0,1
11774,0,0,0,0,1
11775,0,0,0,0,1
11776,0,0,0,0,1
11777,0,0,0,0,1
11778,0,0,0,0,1
11779,0,0,0,0,1
11780,0,0,0,0,1
11781,1,0,0,0,0
11782,1,0,0,0,0
11783,1,0,0,0,0
11784,1,0,0,0,0
11785,1,0,0,0,0
11786,1,0,0,0,0
11787,1,0,0,0,0
11788,1,0,0,0,0
11789,1,0,0,0,0
11790,1,0,0,0,0
11791,1,0,0,0,0
11792,1,0,0,0,0
11793,1,0,0,0,0
11794,1,0,0,0,0
11795,1,0,0,0,0
11796,1,0,0,0,0
11797,1,0,0,0,0
11798,1,0,0,0,0
11799,1,0,0,0,0
11800,1,0,0,0,0
11801,1,0,0,0,0
11802,1,0,0,0,0
11803,1,0,0,0,0
11804,1,0,0,0,0
11805,1,0,0,0,0
11806,1,0,0,0,0
11807,1,0,0,0,0
11808,1,0,0,0,0
11809,1,0,0,0,0
11810,0,0,0,0,1
11811,0,0,0,0,1
11812,0,0,0,0,1
11813,0,0,0,0,1
11814,0,0,0,0,1
11815,0,0,0,0,1
11816,0,0,0,0,1
11817,0,0,0,0,1
11818,0,0,0,0,1
11819,0,0,0,0,1
11820,0,0,0,0,1
11821,0,0,0,0,1
11822,0,0,0,0,1
11823,0,0,0,0,1
11824,0,0,0,0,1
11825,0,0,0,0,1
11826,0,0,0,0,1
11827,0,0,0,0,1
11828,0,0,0,0,1
11829,0,0,0,0,1
11830,0,0,0,0,1
11831,0,0,0,0,1
11832,0,0,0,0,1
11833,0,0,0,0,1
11834,0,0,0,0,1
11835,0,0,0,0,1
11836,0,0,0,0,1
11837,0,0,0,0,1
11838,0,0,0,0,1
11839,0,0,0,0,1
11840,0,0,0,0,1
11841,0,0,0,0,1
11842,0,0,0,0,1
11843,0,0,0,0,1
11844,0,0,0,0,1
11845,0,0,0,0,1
11846,0,0,0,0,1
11847,0,0,0,0,1
11848,0,0,0,0,1
11849,0,0,0,0,1
11850,0,0,0,0,1
11851,0,0,0,0,1
11852,0,0,0,0,1
11853,0,0,0,0,1
11854,0,0,0,0,1
11855,0,0,0,0,1
11856,0,0,0,0,1
11857,0,0,0,0,1
11858,0,0,0,0,1
11859,0,0,0,0,1
11860,0,0,0,0,1
11861,0,0,0,0,1
11862,0,0,0,0,1
11863,0,0,0,0,1
11864,0,0,0,0,1
11865,0,0,0,0,1
11866,0,0,0,0,1
11867,0,0,0,0,1
11868,0,0,0,0,1
11869,0,0,0,0,1
11870,0,0,0,0,1
11871,0,0,0,0,1
11872,0,0,0,0,1
11873,1,0,0,0,0
11874,1,0,0,0,0
11875,1,0,0,0,0
11876,1,0,0,0,0
11877,1,0,0,0,0
11878,1,0,0,0,0
11879,1,0,0,0,0
11880,1,0,0,0,0
11881,1,0,0,0,0
11882,1,0,0,0,0
11883,1,0,0,0,0
11884,1,0,0,0,0
11885,1,0,0,0,0
11886,1,0,0,0,0
11887,1,0,0,0,0
11888,1,0,0,0,0
11889,1,0,0,0,0
11890,1,0,0,0,0
11891,1,0,0,0,0
11892,1,0,0,0,0
11893,1,0,0,0,0
11894,1,0,0,0,0
11895,1,0,0,0,0
11896,1,0,0,0,0
11897,1,0,0,0,0
11898,1,0,0,0,0
11899,1,0,0,0,0
11900,1,0,0,0,0
11901,1,0,0,0,0
11902,1,0,0,0,0
11903,1,0,0,0,0
11904,1,0,0,0,0
11905,1,0,0,0,0
11906,1,0,0,0,0
11907,1,0,0,0,0
11908,1,0,0,0,0
11909,1,0,0,0,0
11910,1,0,0,0,0
11911,1,0,0,0,0
11912,1,0,0,0,0
11913,1,0,0,0,0
11914,1,0,0,0,0
11915,1,0,0,0,0
11916,1,0,0,0,0
11917,1,0,0,0,0
11918,1,0,0,0,0
11919,1,0,0,0,0
11920,1,0,0,0,0
11921,1,0,0,0,0
11922,1,0,0,0,0
11923,1,0,0,0,0
11924,1,0,0,0,0
11925,1,0,0,0,0
11926,1,0,0,0,0
11927,1,0,0,0,0
11928,1,0,0,0,0
11929,1,0,0,0,0
11930,1,0,0,0,0
11931,1,0,0,0,0
11932,1,0,0,0,0
11933,1,0,0,0,0
11934,1,0,0,0,0
11935,1,0,0,0,0
11936,1,0,0,0,0
11937,1,0,0,0,0
11938,1,0,0,0,0
11939,1,0,0,0,0
11940,1,0,0,0,0
11941,1,0,0,0,0
11942,1,0,0,0,0
11943,1,0,0,0,0
11944,1,0,0,0,0
11945,1,0,0,0,0
11946,1,0,0,0,0
11947,1,0,0,0,0
11948,1,0,0,0,0
11949,1,0,0,0,0
11950,1,0,0,0,0
11951,1,0,0,0,0
11952,1,0,0,0,0
11953,1,0,0,0,0
11954,1,0,0,0,0
11955,1,0,0,0,0
11956,1,0,0,0,0
11957,1,0,0,0,0
11958,1,0,0,0,0
11959,1,0,0,0,0
11960,1,0,0,0,0
11961,1,0,0,0,0
11962,1,0,0,0,0
11963,1,0,0,0,0
11964,1,0,0,0,0
11965,1,0,0,0,0
11966,1,0,0,0,0
11967,1,0,0,0,0
11968,1,0,0,0,0
11969,1,0,0,0,0
11970,1,0,0,0,0
11971,1,0,0,0,0
11972,1,0,0,0,0
11973,1,0,0,0,0
11974,1,0,0,0,0
11975,1,0,0,0,0
11976,1,0,0,0,0
11977,1,0,0,0,0
11978,1,0,0,0,0
11979,1,0,0,0,0
11980,1,0,0,0,0
11981,1,0,0,0,0
11982,1,0,0,0,0
11983,1,0,0,0,0
11984,1,0,0,0,0
11985,1,0,0,0,0
11986,1,0,0,0,0
11987,1,0,0,0,0
11988,1,0,0,0,0
11989,1,0,0,0,0
11990,1,0,0,0,0
11991,1,0,0,0,0
11992,1,0,0,0,0
11993,1,0,0,0,0
11994,1,0,0,0,0
11995,1,0,0,0,0
11996,1,0,0,0,0
11997,1,0,0,0,0
11998,1,0,0,0,0
11999,1,0,0,0,0
12000,1,0,0,0,0
12001,1,0,0,0,0
12002,1,0,0,0,0
12003,1,0,0,0,0
12004,1,0,0,0,0
12005,1,0,0,0,0
12006,1,0,0,0,0
12007,1,0,0,0,0
12008,1,0,0,0,0
12009,1,0,0,0,0
12010,1,0,0,0,0
12011,1,0,0,0,0
12012,1,0,0,0,0
12013,1,0,0,0,0
12014,1,0,0,0,0
12015,1,0,0,0,0
12016,1,0,0,0,0
12017,1,0,0,0,0
12018,1,0,0,0,0
12019,1,0,0,0,0
12020,1,0,0,0,0
12021,1,0,0,0,0
12022,1,0,0,0,0
12023,1,0,0,0,0
12024,1,0,0,0,0
12025,1,0,0,0,0
12026,1,0,0,0,0
12027,1,0,0,0,0
12028,1,0,0,0,0
12029,1,0,0,0,0
12030,1,0,0,0,0
12031,1,0,0,0,0
12032,1,0,0,0,0
12033,1,0,0,0,0
12034,1,0,0,0,0
12035,1,0,0,0,0
12036,1,0,0,0,0
12037,1,0,0,0,0
12038,1,0,0,0,0
12039,1,0,0,0,0
12040,1,0,0,0,0
12041,1,0,0,0,0
12042,1,0,0,0,0
12043,1,0,0,0,0
12044,1,0,0,0,0
12045,1,0,0,0,0
12046,1,0,0,0,0
12047,1,0,0,0,0
12048,1,0,0,0,0
12049,1,0,0,0,0
12050,1,0,0,0,0
12051,1,0,0,0,0
12052,1,0,0,0,0
12053,1,0,0,0,0
12054,1,0,0,0,0
12055,1,0,0,0,0
12056,1,0,0,0,0
12057,1,0,0,0,0
12058,1,0,0,0,0
12059,1,0,0,0,0
12060,1,0,0,0,0
12061,1,0,0,0,0
12062,1,0,0,0,0
12063,1,0,0,0,0
12064,1,0,0,0,0
12065,1,0,0,0,0
12066,1,0,0,0,0
12067,1,0,0,0,0
12068,1,0,0,0,0
12069,1,0,0,0,0
12070,1,0,0,0,0
12071,1,0,0,0,0
12072,1,0,0,0,0
12073,1,0,0,0,0
12074,1,0,0,0,0
12075,1,0,0,0,0
12076,1,0,0,0,0
12077,1,0,0,0,0
12078,1,0,0,0,0
12079,1,0,0,0,0
12080,1,0,0,0,0
12081,1,0,0,0,0
12082,1,0,0,0,0
12083,1,0,0,0,0
12084,1,0,0,0,0
12085,1,0,0,0,0
12086,1,0,0,0,0
12087,1,0,0,0,0
12088,1,0,0,0,0
12089,1,0,0,0,0
12090,1,0,0,0,0
12091,1,0,0,0,0
12092,1,0,0,0,0
12093,1,0,0,0,0
12094,1,0,0,0,0
12095,1,0,0,0,0
12096,1,0,0,0,0
12097,1,0,0,0,0
12098,1,0,0,0,0
12099,1,0,0,0,0
12100,1,0,0,0,0
12101,1,0,0,0,0
12102,1,0,0,0,0
12103,1,0,0,0,0
12104,1,0,0,0,0
12105,1,0,0,0,0
12106,1,0,0,0,0
12107,1,0,0,0,0
12108,1,0,0,0,0
12109,1,0,0,0,0
12110,1,0,0,0,0
12111,1,0,0,0,0
12112,1,0,0,0,0
12113,1,0,0,0,0
12114,1,0,0,0,0
12115,1,0,0,0,0
12116,1,0,0,0,0
12117,1,0,0,0,0
12118,1,0,0,0,0
12119,1,0,0,0,0
12120,1,0,0,0,0
12121,1,0,0,0,0
12122,1,0,0,0,0
12123,1,0,0,0,0
12124,1,0,0,0,0
12125,1,0,0,0,0
12126,1,0,0,0,0
12127,1,0,0,0,0
12128,1,0,0,0,0
12129,1,0,0,0,0
12130,1,0,0,0,0
12131,1,0,0,0,0
12132,1,0,0,0,0
12133,1,0,0,0,0
12134,1,0,0,0,0
12135,1,0,0,0,0
12136,1,0,0,0,0
12137,1,0,0,0,0
12138,1,0,0,0,0
12139,1,0,0,0,0
12140,1,0,0,0,0
12141,1,0,0,0,0
12142,1,0,0,0,0
12143,1,0,0,0,0
12144,1,0,0,0,0
12145,1,0,0,0,0
12146,1,0,0,0,0
12147,1,0,0,0,0
12148,1,0,0,0,0
12149,1,0,0,0,0
12150,1,0,0,0,0
12151,1,0,0,0,0
12152,1,0,0,0,0
12153,1,0,0,0,0
12154,1,0,0,0,0
12155,1,0,0,0,0
12156,1,0,0,0,0
12157,1,0,0,0,0
12158,1,0,0,0,0
12159,1,0,0,0,0
12160,1,0,0,0,0
12161,1,0,0,0,0
12162,1,0,0,0,0
12163,1,0,0,0,0
12164,1,0,0,0,0
12165,1,0,0,0,0
12166,1,0,0,0,0
12167,1,0,0,0,0
12168,1,0,0,0,0
12169,1,0,0,0,0
12170,1,0,0,0,0
12171,1,0,0,0,0
12172,1,0,0,0,0
12173,1,0,0,0,0
12174,1,0,0,0,0
12175,1,0,0,0,0
12176,1,0,0,0,0
12177,1,0,0,0,0
12178,1,0,0,0,0
12179,1,0,0,0,0
12180,1,0,0,0,0
12181,1,0,0,0,0
12182,1,0,0,0,0
12183,1,0,0,0,0
12184,1,0,0,0,0
12185,1,0,0,0,0
12186,1,0,0,0,0
12187,1,0,0,0,0
12188,1,0,0,0,0
12189,1,0,0,0,0
12190,1,0,0,0,0
12191,1,0,0,0,0
12192,1,0,0,0,0
12193,1,0,0,0,0
12194,1,0,0,0,0
12195,1,0,0,0,0
12196,1,0,0,0,0
12197,1,0,0,0,0
12198,1,0,0,0,0
12199,1,0,0,0,0
12200,1,0,0,0,0
12201,1,0,0,0,0
12202,1,0,0,0,0
12203,1,0,0,0,0
12204,1,0,0,0,0
12205,1,0,0,0,0
12206,1,0,0,0,0
12207,1,0,0,0,0
12208,1,0,0,0,0
12209,1,0,0,0,0
12210,1,0,0,0,0
12211,1,0,0,0,0
12212,1,0,0,0,0
12213,1,0,0,0,0
12214,1,0,0,0,0
12215,1,0,0,0,0
12216,1,0,0,0,0
12217,1,0,0,0,0
12218,1,0,0,0,0
12219,1,0,0,0,0
12220,1,0,0,0,0
12221,1,0,0,0,0
12222,1,0,0,0,0
12223,1,0,0,0,0
12224,1,0,0,0,0
12225,1,0,0,0,0
12226,1,0,0,0,0
12227,1,0,0,0,0
12228,1,0,0,0,0
12229,1,0,0,0,0
12230,1,0,0,0,0
12231,1,0,0,0,0
12232,1,0,0,0,0
12233,1,0,0,0,0
12234,1,0,0,0,0
12235,1,0,0,0,0
12236,1,0,0,0,0
12237,1,0,0,0,0
12238,1,0,0,0,0
12239,1,0,0,0,0
12240,1,0,0,0,0
12241,1,0,0,0,0
12242,1,0,0,0,0
12243,1,0,0,0,0
12244,1,0,0,0,0
12245,1,0,0,0,0
12246,1,0,0,0,0
12247,1,0,0,0,0
12248,1,0,0,0,0
12249,1,0,0,0,0
12250,1,0,0,0,0
12251,1,0,0,0,0
12252,1,0,0,0,0
12253,1,0,0,0,0
12254,1,0,0,0,0
12255,1,0,0,0,0
12256,1,0,0,0,0
12257,1,0,0,0,0
12258,1,0,0,0,0
12259,1,0,0,0,0
12260,1,0,0,0,0
12261,1,0,0,0,0
12262,1,0,0,0,0
12263,1,0,0,0,0
12264,1,0,0,0,0
12265,1,0,0,0,0
12266,1,0,0,0,0
12267,1,0,0,0,0
12268,1,0,0,0,0
12269,1,0,0,0,0
12270,1,0,0,0,0
12271,1,0,0,0,0
12272,1,0,0,0,0
12273,1,0,0,0,0
12274,1,0,0,0,0
12275,1,0,0,0,0
12276,1,0,0,0,0
12277,1,0,0,0,0
12278,1,0,0,0,0
12279,1,0,0,0,0
12280,1,0,0,0,0
12281,1,0,0,0,0
12282,1,0,0,0,0
12283,0,0,0,0,1
12284,0,0,0,0,1
12285,0,0,0,0,1
12286,0,0,0,0,1
12287,0,0,0,0,1
12288,0,0,0,0,1
12289,0,0,0,0,1
12290,0,0,0,0,1
12291,0,0,0,0,1
12292,0,0,0,0,1
12293,0,0,0,0,1
12294,0,0,0,0,1
12295,0,0,0,0,1
12296,0,0,0,0,1
12297,0,0,0,0,1
12298,0,0,0,0,1
12299,0,0,0,0,1
12300,0,0,0,0,1
12301,0,0,0,0,1
12302,0,0,0,0,1
12303,0,0,0,0,1
12304,0,0,0,0,1
12305,0,0,0,0,1
12306,0,0,0,0,1
12307,0,0,0,0,1
12308,0,0,0,0,1
12309,0,0,0,0,1
12310,0,0,0,0,1
12311,1,0,0,0,0
12312,1,0,0,0,0
12313,1,0,0,0,0
12314,1,0,0,0,0
12315,1,0,0,0,0
12316,1,0,0,0,0
12317,1,0,0,0,0
12318,1,0,0,0,0
12319,1,0,0,0,0
12320,0,1,0,0,0
12321,0,1,0,0,0
12322,0,1,0,0,0
12323,0,1,0,0,0
12324,0,1,0,0,0
12325,0,1,0,0,0
12326,0,1,0,0,0
12327,0,1,0,0,0
12328,0,1,0,0,0
12329,0,1,0,0,0
12330,0,1,0,0,0
12331,0,1,0,0,0
12332,0,1,0,0,0
12333,0,1,0,0,0
12334,0,1,0,0,0
12335,0,1,0,0,0
12336,0,1,0,0,0
12337,0,1,0,0,0
12338,0,1,0,0,0
12339,0,1,0,0,0
12340,0,1,0,0,0
12341,0,1,0,0,0
12342,0,1,0,0,0
12343,0,1,0,0,0
12344,0,1,0,0,0
12345,0,1,0,0,0
12346,0,1,0,0,0
12347,0,1,0,0,0
12348,0,1,0,0,0
12349,0,1,0,0,0
12350,0,1,0,0,0
12351,0,1,0,0,0
12352,0,1,0,0,0
12353,0,1,0,0,0
12354,0,1,0,0,0
12355,0,1,0,0,0
12356,0,1,0,0,0
12357,0,1,0,0,0
12358,0,1,0,0,0
12359,1,0,0,0,0
12360,1,0,0,0,0
12361,1,0,0,0,0
12362,1,0,0,0,0
12363,1,0,0,0,0
12364,1,0,0,0,0
12365,1,0,0,0,0
12366,1,0,0,0,0
12367,1,0,0,0,0
12368,1,0,0,0,0
12369,1,0,0,0,0
12370,1,0,0,0,0
12371,1,0,0,0,0
12372,1,0,0,0,0
12373,1,0,0,0,0
12374,1,0,0,0,0
12375,1,0,0,0,0
12376,1,0,0,0,0
12377,1,0,0,0,0
12378,1,0,0,0,0
12379,1,0,0,0,0
12380,1,0,0,0,0
12381,1,0,0,0,0
12382,1,0,0,0,0
12383,1,0,0,0,0
12384,1,0,0,0,0
12385,1,0,0,0,0
12386,1,0,0,0,0
12387,1,0,0,0,0
12388,1,0,0,0,0
12389,1,0,0,0,0
12390,1,0,0,0,0
12391,1,0,0,0,0
12392,1,0,0,0,0
12393,1,0,0,0,0
12394,1,0,0,0,0
12395,1,0,0,0,0
12396,1,0,0,0,0
12397,1,0,0,0,0
12398,1,0,0,0,0
12399,1,0,0,0,0
12400,1,0,0,0,0
12401,1,0,0,0,0
12402,1,0,0,0,0
12403,1,0,0,0,0
12404,1,0,0,0,0
12405,1,0,0,0,0
12406,1,0,0,0,0
12407,1,0,0,0,0
12408,1,0,0,0,0
12409,1,0,0,0,0
12410,1,0,0,0,0
12411,1,0,0,0,0
12412,1,0,0,0,0
12413,1,0,0,0,0
12414,1,0,0,0,0
12415,1,0,0,0,0
12416,1,0,0,0,0
12417,1,0,0,0,0
12418,1,0,0,0,0
12419,1,0,0,0,0
12420,1,0,0,0,0
12421,1,0,0,0,0
12422,1,0,0,0,0
12423,1,0,0,0,0
12424,1,0,0,0,0
12425,1,0,0,0,0
12426,1,0,0,0,0
12427,1,0,0,0,0
12428,1,0,0,0,0
12429,1,0,0,0,0
12430,1,0,0,0,0
12431,1,0,0,0,0
12432,1,0,0,0,0
12433,1,0,0,0,0
12434,1,0,0,0,0
12435,1,0,0,0,0
12436,1,0,0,0,0
12437,1,0,0,0,0
12438,1,0,0,0,0
12439,1,0,0,0,0
12440,1,0,0,0,0
12441,1,0,0,0,0
12442,1,0,0,0,0
12443,1,0,0,0,0
12444,1,0,0,0,0
12445,1,0,0,0,0
12446,1,0,0,0,0
12447,0,0,0,1,0
12448,0,0,0,1,0
12449,0,0,0,1,0
12450,0,0,0,1,0
12451,0,0,0,1,0
12452,0,0,0,1,0
12453,0,0,0,1,0
12454,0,0,0,1,0
12455,0,0,0,1,0
12456,0,0,0,1,0
12457,0,0,0,1,0
12458,0,0,0,1,0
12459,0,0,0,1,0
12460,0,0,0,1,0
12461,0,0,0,1,0
12462,0,0,0,1,0
12463,0,0,0,1,0
12464,0,0,0,1,0
12465,0,0,0,1,0
12466,0,0,0,1,0
12467,0,0,0,1,0
12468,0,0,0,1,0
12469,0,0,0,1,0
12470,0,0,0,1,0
12471,0,0,0,1,0
12472,0,0,0,1,0
12473,0,0,0,1,0
12474,0,0,0,1,0
12475,1,0,0,0,0
12476,1,0,0,0,0
12477,1,0,0,0,0
12478,1,0,0,0,0
12479,1,0,0,0,0
12480,1,0,0,0,0
12481,1,0,0,0,0
12482,1,0,0,0,0
12483,1,0,0,0,0
12484,1,0,0,0,0
12485,1,0,0,0,0
12486,1,0,0,0,0
12487,1,0,0,0,0
12488,1,0,0,0,0
12489,1,0,0,0,0
12490,1,0,0,0,0
12491,1,0,0,0,0
12492,1,0,0,0,0
12493,1,0,0,0,0
12494,1,0,0,0,0
12495,1,0,0,0,0
12496,1,0,0,0,0
12497,1,0,0,0,0
12498,1,0,0,0,0
12499,1,0,0,0,0
12500,1,0,0,0,0
12501,1,0,0,0,0
12502,1,0,0,0,0
12503,1,0,0,0,0
12504,1,0,0,0,0
12505,1,0,0,0,0
12506,1,0,0,0,0
12507,1,0,0,0,0
12508,1,0,0,0,0
12509,1,0,0,0,0
12510,1,0,0,0,0
12511,1,0,0,0,0
12512,1,0,0,0,0
12513,1,0,0,0,0
12514,1,0,0,0,0
12515,1,0,0,0,0
12516,1,0,0,0,0
12517,1,0,0,0,0
12518,1,0,0,0,0
12519,1,0,0,0,0
12520,1,0,0,0,0
12521,1,0,0,0,0
12522,1,0,0,0,0
12523,1,0,0,0,0
12524,1,0,0,0,0
12525,1,0,0,0,0
12526,1,0,0,0,0
12527,1,0,0,0,0
12528,1,0,0,0,0
12529,1,0,0,0,0
12530,1,0,0,0,0
12531,1,0,0,0,0
12532,1,0,0,0,0
12533,1,0,0,0,0
12534,1,0,0,0,0
12535,1,0,0,0,0
12536,1,0,0,0,0
12537,1,0,0,0,0
12538,1,0,0,0,0
12539,1,0,0,0,0
12540,1,0,0,0,0
12541,1,0,0,0,0
12542,1,0,0,0,0
12543,1,0,0,0,0
12544,1,0,0,0,0
12545,1,0,0,0,0
12546,1,0,0,0,0
12547,1,0,0,0,0
12548,1,0,0,0,0
12549,1,0,0,0,0
12550,1,0,0,0,0
12551,1,0,0,0,0
12552,1,0,0,0,0
12553,1,0,0,0,0
12554,1,0,0,0,0
12555,1,0,0,0,0
12556,1,0,0,0,0
12557,1,0,0,0,0
12558,1,0,0,0,0
12559,1,0,0,0,0
12560,1,0,0,0,0
12561,1,0,0,0,0
12562,1,0,0,0,0
12563,1,0,0,0,0
12564,1,0,0,0,0
12565,1,0,0,0,0
12566,1,0,0,0,0
12567,1,0,0,0,0
12568,1,0,0,0,0
12569,1,0,0,0,0
12570,1,0,0,0,0
12571,1,0,0,0,0
12572,1,0,0,0,0
12573,1,0,0,0,0
12574,1,0,0,0,0
12575,1,0,0,0,0
12576,1,0,0,0,0
12577,1,0,0,0,0
12578,1,0,0,0,0
12579,1,0,0,0,0
12580,1,0,0,0,0
12581,1,0,0,0,0
12582,1,0,0,0,0
12583,1,0,0,0,0
12584,1,0,0,0,0
12585,1,0,0,0,0
12586,1,0,0,0,0
12587,1,0,0,0,0
12588,1,0,0,0,0
12589,1,0,0,0,0
12590,1,0,0,0,0
12591,1,0,0,0,0
12592,1,0,0,0,0
12593,1,0,0,0,0
12594,1,0,0,0,0
12595,1,0,0,0,0
12596,1,0,0,0,0
12597,1,0,0,0,0
12598,1,0,0,0,0
12599,1,0,0,0,0
12600,1,0,0,0,0
12601,1,0,0,0,0
12602,1,0,0,0,0
12603,1,0,0,0,0
12604,1,0,0,0,0
12605,1,0,0,0,0
12606,1,0,0,0,0
12607,1,0,0,0,0
12608,1,0,0,0,0
12609,1,0,0,0,0
12610,1,0,0,0,0
12611,1,0,0,0,0
12612,1,0,0,0,0
12613,1,0,0,0,0
12614,1,0,0,0,0
12615,1,0,0,0,0
12616,1,0,0,0,0
12617,1,0,0,0,0
12618,1,0,0,0,0
12619,1,0,0,0,0
12620,1,0,0,0,0
12621,1,0,0,0,0
12622,1,0,0,0,0
12623,1,0,0,0,0
12624,1,0,0,0,0
12625,1,0,0,0,0
12626,1,0,0,0,0
12627,1,0,0,0,0
12628,1,0,0,0,0
12629,1,0,0,0,0
12630,1,0,0,0,0
12631,1,0,0,0,0
12632,1,0,0,0,0
12633,1,0,0,0,0
12634,1,0,0,0,0
12635,1,0,0,0,0
12636,1,0,0,0,0
12637,1,0,0,0,0
12638,1,0,0,0,0
12639,1,0,0,0,0
12640,1,0,0,0,0
12641,1,0,0,0,0
12642,1,0,0,0,0
12643,1,0,0,0,0
12644,1,0,0,0,0
12645,1,0,0,0,0
12646,1,0,0,0,0
12647,1,0,0,0,0
12648,1,0,0,0,0
12649,1,0,0,0,0
12650,1,0,0,0,0
12651,1,0,0,0,0
12652,1,0,0,0,0
12653,1,0,0,0,0
12654,1,0,0,0,0
12655,1,0,0,0,0
12656,1,0,0,0,0
12657,1,0,0,0,0
12658,1,0,0,0,0
12659,1,0,0,0,0
12660,1,0,0,0,0
12661,1,0,0,0,0
12662,1,0,0,0,0
12663,1,0,0,0,0
12664,1,0,0,0,0
12665,1,0,0,0,0
12666,1,0,0,0,0
12667,1,0,0,0,0
12668,1,0,0,0,0
12669,1,0,0,0,0
12670,1,0,0,0,0
12671,1,0,0,0,0
12672,1,0,0,0,0
12673,1,0,0,0,0
12674,1,0,0,0,0
12675,1,0,0,0,0
12676,1,0,0,0,0
12677,1,0,0,0,0
12678,1,0,0,0,0
12679,1,0,0,0,0
12680,1,0,0,0,0
12681,1,0,0,0,0
12682,1,0,0,0,0
12683,1,0,0,0,0
12684,1,0,0,0,0
12685,1,0,0,0,0
12686,1,0,0,0,0
12687,1,0,0,0,0
12688,1,0,0,0,0
12689,1,0,0,0,0
12690,1,0,0,0,0
12691,1,0,0,0,0
12692,1,0,0,0,0
12693,1,0,0,0,0
12694,1,0,0,0,0
12695,1,0,0,0,0
12696,1,0,0,0,0
12697,1,0,0,0,0
12698,1,0,0,0,0
12699,1,0,0,0,0
12700,1,0,0,0,0
12701,1,0,0,0,0
12702,1,0,0,0,0
12703,1,0,0,0,0
12704,1,0,0,0,0
12705,1,0,0,0,0
12706,1,0,0,0,0
12707,1,0,0,0,0
12708,1,0,0,0,0
12709,1,0,0,0,0
12710,1,0,0,0,0
12711,1,0,0,0,0
12712,1,0,0,0,0
12713,1,0,0,0,0
12714,1,0,0,0,0
12715,1,0,0,0,0
12716,1,0,0,0,0
12717,1,0,0,0,0
12718,1,0,0,0,0
12719,1,0,0,0,0
12720,1,0,0,0,0
12721,1,0,0,0,0
12722,1,0,0,0,0
12723,1,0,0,0,0
12724,1,0,0,0,0
12725,1,0,0,0,0
12726,1,0,0,0,0
12727,1,0,0,0,0
12728,1,0,0,0,0
12729,1,0,0,0,0
12730,1,0,0,0,0
12731,1,0,0,0,0
12732,1,0,0,0,0
12733,1,0,0,0,0
12734,1,0,0,0,0
12735,1,0,0,0,0
12736,1,0,0,0,0
12737,1,0,0,0,0
12738,1,0,0,0,0
12739,1,0,0,0,0
12740,1,0,0,0,0
12741,1,0,0,0,0
12742,1,0,0,0,0
12743,1,0,0,0,0
12744,1,0,0,0,0
12745,1,0,0,0,0
12746,1,0,0,0,0
12747,1,0,0,0,0
12748,1,0,0,0,0
12749,1,0,0,0,0
12750,1,0,0,0,0
12751,1,0,0,0,0
12752,1,0,0,0,0
12753,1,0,0,0,0
12754,1,0,0,0,0
12755,1,0,0,0,0
12756,1,0,0,0,0
12757,1,0,0,0,0
12758,1,0,0,0,0
12759,1,0,0,0,0
12760,1,0,0,0,0
12761,1,0,0,0,0
12762,1,0,0,0,0
12763,1,0,0,0,0
12764,1,0,0,0,0
12765,1,0,0,0,0
12766,1,0,0,0,0
12767,1,0,0,0,0
12768,1,0,0,0,0
12769,1,0,0,0,0
12770,1,0,0,0,0
12771,1,0,0,0,0
12772,1,0,0,0,0
12773,1,0,0,0,0
12774,1,0,0,0,0
12775,1,0,0,0,0
12776,1,0,0,0,0
12777,1,0,0,0,0
12778,1,0,0,0,0
12779,1,0,0,0,0
12780,1,0,0,0,0
12781,1,0,0,0,0
12782,1,0,0,0,0
12783,1,0,0,0,0
12784,1,0,0,0,0
12785,1,0,0,0,0
12786,1,0,0,0,0
12787,1,0,0,0,0
12788,1,0,0,0,0
12789,1,0,0,0,0
12790,1,0,0,0,0
12791,1,0,0,0,0
12792,1,0,0,0,0
12793,1,0,0,0,0
12794,1,0,0,0,0
12795,1,0,0,0,0
12796,1,0,0,0,0
12797,1,0,0,0,0
12798,1,0,0,0,0
12799,1,0,0,0,0
12800,1,0,0,0,0
12801,1,0,0,0,0
12802,1,0,0,0,0
12803,1,0,0,0,0
12804,1,0,0,0,0
12805,1,0,0,0,0
12806,1,0,0,0,0
12807,1,0,0,0,0
12808,1,0,0,0,0
12809,1,0,0,0,0
12810,1,0,0,0,0
12811,1,0,0,0,0
12812,1,0,0,0,0
12813,1,0,0,0,0
12814,1,0,0,0,0
12815,1,0,0,0,0
12816,1,0,0,0,0
12817,1,0,0,0,0
12818,1,0,0,0,0
12819,1,0,0,0,0
12820,1,0,0,0,0
12821,1,0,0,0,0
12822,1,0,0,0,0
12823,1,0,0,0,0
12824,1,0,0,0,0
12825,1,0,0,0,0
12826,1,0,0,0,0
12827,1,0,0,0,0
12828,1,0,0,0,0
12829,1,0,0,0,0
12830,1,0,0,0,0
12831,1,0,0,0,0
12832,1,0,0,0,0
12833,1,0,0,0,0
12834,1,0,0,0,0
12835,1,0,0,0,0
12836,1,0,0,0,0
12837,1,0,0,0,0
12838,1,0,0,0,0
12839,1,0,0,0,0
12840,1,0,0,0,0
12841,1,0,0,0,0
12842,1,0,0,0,0
12843,1,0,0,0,0
12844,1,0,0,0,0
12845,1,0,0,0,0
12846,1,0,0,0,0
12847,1,0,0,0,0
12848,1,0,0,0,0
12849,1,0,0,0,0
12850,1,0,0,0,0
12851,1,0,0,0,0
12852,1,0,0,0,0
12853,1,0,0,0,0
12854,1,0,0,0,0
12855,1,0,0,0,0
12856,1,0,0,0,0
12857,1,0,0,0,0
12858,1,0,0,0,0
12859,1,0,0,0,0
12860,1,0,0,0,0
12861,1,0,0,0,0
12862,1,0,0,0,0
12863,1,0,0,0,0
12864,1,0,0,0,0
12865,1,0,0,0,0
12866,1,0,0,0,0
12867,1,0,0,0,0
12868,1,0,0,0,0
12869,1,0,0,0,0
12870,1,0,0,0,0
12871,1,0,0,0,0
12872,1,0,0,0,0
12873,1,0,0,0,0
12874,1,0,0,0,0
12875,1,0,0,0,0
12876,1,0,0,0,0
12877,1,0,0,0,0
12878,1,0,0,0,0
12879,1,0,0,0,0
12880,1,0,0,0,0
12881,1,0,0,0,0
12882,1,0,0,0,0
12883,1,0,0,0,0
12884,1,0,0,0,0
12885,1,0,0,0,0
12886,1,0,0,0,0
12887,1,0,0,0,0
12888,1,0,0,0,0
12889,1,0,0,0,0
12890,1,0,0,0,0
12891,1,0,0,0,0
12892,1,0,0,0,0
12893,0,1,0,0,0
12894,0,1,0,0,0
12895,0,1,0,0,0
12896,0,1,0,0,0
12897,0,1,0,0,0
12898,0,1,0,0,0
12899,0,1,0,0,0
12900,0,1,0,0,0
12901,0,1,0,0,0
12902,0,1,0,0,0
12903,0,1,0,0,0
12904,0,1,0,0,0
12905,0,1,0,0,0
12906,0,1,0,0,0
12907,0,1,0,0,0
12908,0,1,0,0,0
12909,0,1,0,0,0
12910,0,1,0,0,0
12911,0,1,0,0,0
12912,0,1,0,0,0
12913,0,1,0,0,0
12914,0,1,0,0,0
12915,0,1,0,0,0
12916,0,1,0,0,0
12917,0,1,0,0,0
12918,0,1,0,0,0
12919,0,1,0,0,0
12920,0,1,0,0,0
12921,0,1,0,0,0
12922,0,1,0,0,0
12923,0,1,0,0,0
12924,0,1,0,0,0
12925,0,1,0,0,0
12926,0,1,0,0,0
12927,0,1,0,0,0
12928,0,1,0,0,0
12929,0,1,0,0,0
12930,0,1,0,0,0
12931,0,1,0,0,0
12932,0,1,0,0,0
12933,0,1,0,0,0
12934,0,1,0,0,0
12935,0,1,0,0,0
12936,0,1,0,0,0
12937,0,1,0,0,0
12938,0,1,0,0,0
12939,0,1,0,0,0
12940,0,1,0,0,0
12941,0,1,0,0,0
12942,0,1,0,0,0
12943,0,1,0,0,0
12944,0,1,0,0,0
12945,0,1,0,0,0
12946,0,1,0,0,0
12947,0,1,0,0,0
12948,0,1,0,0,0
12949,0,1,0,0,0
12950,0,1,0,0,0
12951,0,1,0,0,0
12952,0,1,0,0,0
12953,1,0,0,0,0
12954,1,0,0,0,0
12955,1,0,0,0,0
12956,1,0,0,0,0
12957,1,0,0,0,0
12958,1,0,0,0,0
12959,1,0,0,0,0
12960,1,0,0,0,0
12961,1,0,0,0,0
12962,1,0,0,0,0
12963,1,0,0,0,0
12964,1,0,0,0,0
12965,1,0,0,0,0
12966,1,0,0,0,0
12967,1,0,0,0,0
12968,1,0,0,0,0
12969,1,0,0,0,0
12970,1,0,0,0,0
12971,1,0,0,0,0
12972,1,0,0,0,0
12973,1,0,0,0,0
12974,1,0,0,0,0
12975,1,0,0,0,0
12976,1,0,0,0,0
12977,1,0,0,0,0
12978,1,0,0,0,0
12979,1,0,0,0,0
12980,1,0,0,0,0
12981,1,0,0,0,0
12982,1,0,0,0,0
12983,1,0,0,0,0
12984,1,0,0,0,0
12985,1,0,0,0,0
12986,1,0,0,0,0
12987,1,0,0,0,0
12988,1,0,0,0,0
12989,1,0,0,0,0
12990,1,0,0,0,0
12991,1,0,0,0,0
12992,1,0,0,0,0
12993,1,0,0,0,0
12994,1,0,0,0,0
12995,1,0,0,0,0
12996,1,0,0,0,0
12997,1,0,0,0,0
12998,1,0,0,0,0
12999,1,0,0,0,0
13000,1,0,0,0,0
13001,1,0,0,0,0
13002,1,0,0,0,0
13003,1,0,0,0,0
13004,1,0,0,0,0
13005,1,0,0,0,0
13006,1,0,0,0,0
13007,1,0,0,0,0
13008,1,0,0,0,0
13009,1,0,0,0,0
13010,1,0,0,0,0
13011,1,0,0,0,0
13012,1,0,0,0,0
13013,1,0,0,0,0
13014,1,0,0,0,0
13015,1,0,0,0,0
13016,1,0,0,0,0
13017,1,0,0,0,0
13018,1,0,0,0,0
13019,1,0,0,0,0
13020,1,0,0,0,0
13021,1,0,0,0,0
13022,1,0,0,0,0
13023,1,0,0,0,0
13024,1,0,0,0,0
13025,1,0,0,0,0
13026,1,0,0,0,0
13027,1,0,0,0,0
13028,1,0,0,0,0
13029,1,0,0,0,0
13030,1,0,0,0,0
13031,1,0,0,0,0
13032,1,0,0,0,0
13033,1,0,0,0,0
13034,1,0,0,0,0
13035,1,0,0,0,0
13036,1,0,0,0,0
13037,1,0,0,0,0
13038,1,0,0,0,0
13039,1,0,0,0,0
13040,1,0,0,0,0
13041,1,0,0,0,0
13042,1,0,0,0,0
13043,1,0,0,0,0
13044,1,0,0,0,0
13045,1,0,0,0,0
13046,1,0,0,0,0
13047,1,0,0,0,0
13048,1,0,0,0,0
13049,1,0,0,0,0
13050,1,0,0,0,0
13051,1,0,0,0,0
13052,1,0,0,0,0
13053,1,0,0,0,0
13054,1,0,0,0,0
13055,1,0,0,0,0
13056,1,0,0,0,0
13057,1,0,0,0,0
13058,1,0,0,0,0
13059,1,0,0,0,0
13060,1,0,0,0,0
13061,1,0,0,0,0
13062,1,0,0,0,0
13063,1,0,0,0,0
13064,1,0,0,0,0
13065,1,0,0,0,0
13066,1,0,0,0,0
13067,1,0,0,0,0
13068,1,0,0,0,0
13069,1,0,0,0,0
13070,1,0,0,0,0
13071,1,0,0,0,0
13072,1,0,0,0,0
13073,1,0,0,0,0
13074,1,0,0,0,0
13075,1,0,0,0,0
13076,0,1,0,0,0
13077,0,1,0,0,0
13078,0,1,0,0,0
13079,0,1,0,0,0
13080,0,1,0,0,0
13081,0,1,0,0,0
13082,0,1,0,0,0
13083,0,1,0,0,0
13084,0,1,0,0,0
13085,0,1,0,0,0
13086,0,1,0,0,0
13087,0,1,0,0,0
13088,0,1,0,0,0
13089,0,1,0,0,0
13090,0,1,0,0,0
13091,0,1,0,0,0
13092,0,1,0,0,0
13093,0,1,0,0,0
13094,0,1,0,0,0
13095,0,1,0,0,0
13096,0,1,0,0,0
13097,0,1,0,0,0
13098,0,1,0,0,0
13099,0,1,0,0,0
13100,0,1,0,0,0
13101,0,1,0,0,0
13102,0,1,0,0,0
13103,0,1,0,0,0
13104,0,1,0,0,0
13105,0,1,0,0,0
13106,0,1,0,0,0
13107,0,1,0,0,0
13108,0,1,0,0,0
13109,0,1,0,0,0
13110,0,1,0,0,0
13111,0,1,0,0,0
13112,0,1,0,0,0
13113,0,1,0,0,0
13114,0,1,0,0,0
13115,0,1,0,0,0
13116,0,1,0,0,0
13117,0,1,0,0,0
13118,0,1,0,0,0
13119,0,1,0,0,0
13120,0,1,0,0,0
13121,0,1,0,0,0
13122,0,1,0,0,0
13123,0,1,0,0,0
13124,0,1,0,0,0
13125,0,1,0,0,0
13126,0,1,0,0,0
13127,0,1,0,0,0
13128,0,1,0,0,0
13129,0,1,0,0,0
13130,1,0,0,0,0
13131,1,0,0,0,0
13132,1,0,0,0,0
13133,1,0,0,0,0
13134,1,0,0,0,0
13135,1,0,0,0,0
13136,1,0,0,0,0
13137,1,0,0,0,0
13138,1,0,0,0,0
13139,1,0,0,0,0
13140,1,0,0,0,0
13141,1,0,0,0,0
13142,1,0,0,0,0
13143,1,0,0,0,0
13144,1,0,0,0,0
13145,1,0,0,0,0
13146,1,0,0,0,0
13147,1,0,0,0,0
13148,1,0,0,0,0
13149,1,0,0,0,0
13150,1,0,0,0,0
13151,1,0,0,0,0
13152,1,0,0,0,0
13153,1,0,0,0,0
13154,1,0,0,0,0
13155,1,0,0,0,0
13156,1,0,0,0,0
13157,1,0,0,0,0
13158,1,0,0,0,0
13159,1,0,0,0,0
13160,1,0,0,0,0
13161,1,0,0,0,0
13162,1,0,0,0,0
13163,1,0,0,0,0
13164,1,0,0,0,0
13165,1,0,0,0,0
13166,1,0,0,0,0
13167,1,0,0,0,0
13168,1,0,0,0,0
13169,1,0,0,0,0
13170,1,0,0,0,0
13171,1,0,0,0,0
13172,1,0,0,0,0
13173,1,0,0,0,0
13174,1,0,0,0,0
13175,1,0,0,0,0
13176,1,0,0,0,0
13177,1,0,0,0,0
13178,1,0,0,0,0
13179,1,0,0,0,0
13180,1,0,0,0,0
13181,1,0,0,0,0
13182,1,0,0,0,0
13183,1,0,0,0,0
13184,1,0,0,0,0
13185,1,0,0,0,0
13186,1,0,0,0,0
13187,1,0,0,0,0
13188,1,0,0,0,0
13189,1,0,0,0,0
13190,1,0,0,0,0
13191,1,0,0,0,0
13192,1,0,0,0,0
13193,1,0,0,0,0
13194,1,0,0,0,0
13195,1,0,0,0,0
13196,1,0,0,0,0
13197,1,0,0,0,0
13198,1,0,0,0,0
13199,1,0,0,0,0
13200,1,0,0,0,0
13201,1,0,0,0,0
13202,1,0,0,0,0
13203,1,0,0,0,0
13204,1,0,0,0,0
13205,1,0,0,0,0
13206,1,0,0,0,0
13207,1,0,0,0,0
13208,1,0,0,0,0
13209,1,0,0,0,0
13210,1,0,0,0,0
13211,1,0,0,0,0
13212,1,0,0,0,0
13213,1,0,0,0,0
13214,1,0,0,0,0
13215,1,0,0,0,0
13216,1,0,0,0,0
13217,1,0,0,0,0
13218,1,0,0,0,0
13219,1,0,0,0,0
13220,1,0,0,0,0
13221,1,0,0,0,0
13222,1,0,0,0,0
13223,1,0,0,0,0
13224,1,0,0,0,0
13225,1,0,0,0,0
13226,1,0,0,0,0
13227,1,0,0,0,0
13228,1,0,0,0,0
13229,1,0,0,0,0
13230,1,0,0,0,0
13231,1,0,0,0,0
13232,1,0,0,0,0
13233,1,0,0,0,0
13234,1,0,0,0,0
13235,1,0,0,0,0
13236,1,0,0,0,0
13237,1,0,0,0,0
13238,1,0,0,0,0
13239,1,0,0,0,0
13240,1,0,0,0,0
13241,1,0,0,0,0
13242,1,0,0,0,0
13243,1,0,0,0,0
13244,1,0,0,0,0
13245,1,0,0,0,0
13246,1,0,0,0,0
13247,1,0,0,0,0
13248,1,0,0,0,0
13249,1,0,0,0,0
13250,1,0,0,0,0
13251,1,0,0,0,0
13252,1,0,0,0,0
13253,1,0,0,0,0
13254,1,0,0,0,0
13255,1,0,0,0,0
13256,1,0,0,0,0
13257,1,0,0,0,0
13258,1,0,0,0,0
13259,1,0,0,0,0
13260,1,0,0,0,0
13261,1,0,0,0,0
13262,1,0,0,0,0
13263,1,0,0,0,0
13264,1,0,0,0,0
13265,0,0,0,0,1
13266,0,0,0,0,1
13267,0,0,0,0,1
13268,0,0,0,0,1
13269,0,0,0,0,1
13270,0,0,0,0,1
13271,0,0,0,0,1
13272,0,0,0,0,1
13273,0,0,0,0,1
13274,0,0,0,0,1
13275,0,0,0,0,1
13276,0,0,0,0,1
13277,0,0,0,0,1
13278,0,0,0,0,1
13279,0,0,0,0,1
13280,0,0,0,0,1
13281,0,0,0,0,1
13282,0,0,0,0,1
13283,0,0,0,0,1
13284,0,0,0,0,1
13285,0,0,0,0,1
13286,0,0,0,0,1
13287,0,0,0,0,1
13288,0,0,0,0,1
13289,0,0,0,0,1
13290,0,0,0,0,1
13291,0,0,0,0,1
13292,0,0,0,0,1
13293,0,0,0,0,1
13294,0,0,0,0,1
13295,0,0,0,0,1
13296,0,0,0,0,1
13297,0,0,0,0,1
13298,0,0,0,0,1
13299,0,0,0,0,1
13300,0,0,0,0,1
13301,0,0,0,0,1
13302,0,0,0,0,1
13303,0,0,0,0,1
13304,0,0,0,0,1
13305,0,0,0,0,1
13306,0,0,0,0,1
13307,0,0,0,0,1
13308,0,0,0,0,1
13309,0,0,0,0,1
13310,0,0,0,0,1
13311,0,0,0,0,1
13312,0,0,0,0,1
13313,0,0,0,0,1
13314,0,0,0,0,1
13315,0,0,0,0,1
13316,0,0,0,0,1
13317,0,0,0,0,1
13318,0,0,0,0,1
13319,0,0,0,0,1
13320,0,0,0,0,1
13321,0,0,0,0,1
13322,0,0,0,0,1
13323,0,0,0,0,1
13324,0,0,0,0,1
13325,0,0,0,0,1
13326,0,0,0,0,1
13327,0,0,0,0,1
13328,0,0,0,0,1
13329,0,0,0,0,1
13330,0,0,0,0,1
13331,0,0,0,0,1
13332,0,0,0,0,1
13333,0,0,0,0,1
13334,0,0,0,0,1
13335,1,0,0,0,0
13336,1,0,0,0,0
13337,1,0,0,0,0
13338,1,0,0,0,0
13339,1,0,0,0,0
13340,1,0,0,0,0
13341,1,0,0,0,0
13342,1,0,0,0,0
13343,1,0,0,0,0
13344,1,0,0,0,0
13345,1,0,0,0,0
13346,1,0,0,0,0
13347,1,0,0,0,0
13348,0,1,0,0,0
13349,0,1,0,0,0
13350,0,1,0,0,0
13351,0,1,0,0,0
13352,0,1,0,0,0
13353,0,1,0,0,0
13354,0,1,0,0,0
13355,0,1,0,0,0
13356,0,1,0,0,0
13357,0,1,0,0,0
13358,0,1,0,0,0
13359,0,1,0,0,0
13360,0,1,0,0,0
13361,0,1,0,0,0
13362,0,1,0,0,0
13363,0,1,0,0,0
13364,0,1,0,0,0
13365,0,1,0,0,0
13366,0,1,0,0,0
13367,0,1,0,0,0
13368,0,1,0,0,0
13369,0,1,0,0,0
13370,0,1,0,0,0
13371,0,1,0,0,0
13372,0,1,0,0,0
13373,0,1,0,0,0
13374,0,1,0,0,0
13375,0,1,0,0,0
13376,0,1,0,0,0
13377,0,1,0,0,0
13378,0,1,0,0,0
13379,0,1,0,0,0
13380,0,1,0,0,0
13381,1,0,0,0,0
13382,1,0,0,0,0
13383,1,0,0,0,0
13384,1,0,0,0,0
13385,1,0,0,0,0
13386,1,0,0,0,0
13387,1,0,0,0,0
13388,1,0,0,0,0
13389,1,0,0,0,0
13390,1,0,0,0,0
13391,1,0,0,0,0
13392,1,0,0,0,0
13393,1,0,0,0,0
13394,1,0,0,0,0
13395,1,0,0,0,0
13396,1,0,0,0,0
13397,1,0,0,0,0
13398,1,0,0,0,0
13399,1,0,0,0,0
13400,1,0,0,0,0
13401,1,0,0,0,0
13402,1,0,0,0,0
13403,1,0,0,0,0
13404,1,0,0,0,0
13405,1,0,0,0,0
13406,1,0,0,0,0
13407,1,0,0,0,0
13408,1,0,0,0,0
13409,1,0,0,0,0
13410,1,0,0,0,0
13411,1,0,0,0,0
13412,1,0,0,0,0
13413,1,0,0,0,0
13414,1,0,0,0,0
13415,1,0,0,0,0
13416,1,0,0,0,0
13417,1,0,0,0,0
13418,1,0,0,0,0
13419,1,0,0,0,0
13420,1,0,0,0,0
13421,1,0,0,0,0
13422,1,0,0,0,0
13423,1,0,0,0,0
13424,1,0,0,0,0
13425,1,0,0,0,0
13426,1,0,0,0,0
13427,1,0,0,0,0
13428,1,0,0,0,0
13429,1,0,0,0,0
13430,1,0,0,0,0
13431,1,0,0,0,0
13432,1,0,0,0,0
13433,1,0,0,0,0
13434,1,0,0,0,0
13435,1,0,0,0,0
13436,1,0,0,0,0
13437,1,0,0,0,0
13438,1,0,0,0,0
13439,1,0,0,0,0
13440,1,0,0,0,0
13441,1,0,0,0,0
13442,1,0,0,0,0
13443,1,0,0,0,0
13444,1,0,0,0,0
13445,1,0,0,0,0
13446,1,0,0,0,0
13447,1,0,0,0,0
13448,1,0,0,0,0
13449,1,0,0,0,0
13450,1,0,0,0,0
13451,1,0,0,0,0
13452,1,0,0,0,0
13453,1,0,0,0,0
13454,1,0,0,0,0
13455,1,0,0,0,0
13456,1,0,0,0,0
13457,1,0,0,0,0
13458,1,0,0,0,0
13459,1,0,0,0,0
13460,1,0,0,0,0
13461,1,0,0,0,0
13462,1,0,0,0,0
13463,1,0,0,0,0
13464,1,0,0,0,0
13465,1,0,0,0,0
13466,1,0,0,0,0
13467,1,0,0,0,0
13468,1,0,0,0,0
13469,1,0,0,0,0
13470,1,0,0,0,0
13471,1,0,0,0,0
13472,1,0,0,0,0
13473,1,0,0,0,0
13474,1,0,0,0,0
13475,1,0,0,0,0
13476,1,0,0,0,0
13477,1,0,0,0,0
13478,1,0,0,0,0
13479,1,0,0,0,0
13480,1,0,0,0,0
13481,1,0,0,0,0
13482,1,0,0,0,0
13483,1,0,0,0,0
13484,1,0,0,0,0
13485,1,0,0,0,0
13486,1,0,0,0,0
13487,1,0,0,0,0
13488,1,0,0,0,0
13489,1,0,0,0,0
13490,1,0,0,0,0
13491,1,0,0,0,0
13492,1,0,0,0,0
13493,1,0,0,0,0
13494,1,0,0,0,0
13495,1,0,0,0,0
13496,1,0,0,0,0
13497,1,0,0,0,0
13498,1,0,0,0,0
13499,1,0,0,0,0
13500,1,0,0,0,0
13501,1,0,0,0,0
13502,1,0,0,0,0
13503,1,0,0,0,0
13504,1,0,0,0,0
13505,1,0,0,0,0
13506,1,0,0,0,0
13507,1,0,0,0,0
13508,1,0,0,0,0
13509,1,0,0,0,0
13510,1,0,0,0,0
13511,1,0,0,0,0
13512,1,0,0,0,0
13513,1,0,0,0,0
13514,1,0,0,0,0
13515,1,0,0,0,0
13516,1,0,0,0,0
13517,1,0,0,0,0
13518,1,0,0,0,0
13519,0,0,0,0,1
13520,0,0,0,0,1
13521,0,0,0,0,1
13522,0,0,0,0,1
13523,0,0,0,0,1
13524,0,0,0,0,1
13525,0,0,0,0,1
13526,0,0,0,0,1
13527,0,0,0,0,1
13528,0,0,0,0,1
13529,0,0,0,0,1
13530,0,0,0,0,1
13531,0,0,0,0,1
13532,0,0,0,0,1
13533,0,0,0,0,1
13534,0,0,0,0,1
13535,0,0,0,0,1
13536,0,0,0,0,1
13537,0,0,0,0,1
13538,0,0,0,0,1
13539,0,0,0,0,1
13540,0,0,0,0,1
13541,0,0,0,0,1
13542,0,0,0,0,1
13543,0,0,0,0,1
13544,0,0,0,0,1
13545,0,0,0,0,1
13546,0,0,0,0,1
13547,0,0,0,0,1
13548,0,0,0,0,1
13549,0,0,0,0,1
13550,0,0,0,0,1
13551,0,0,0,0,1
13552,0,0,0,0,1
13553,0,0,0,0,1
13554,0,0,0,0,1
13555,0,0,0,0,1
13556,0,0,0,0,1
13557,0,0,0,0,1
13558,0,0,0,0,1
13559,0,0,0,0,1
13560,0,0,0,0,1
13561,0,0,0,0,1
13562,0,0,0,0,1
13563,0,0,0,0,1
13564,0,0,0,0,1
13565,0,0,0,0,1
13566,0,0,0,0,1
13567,0,0,0,0,1
13568,0,0,0,0,1
13569,0,0,0,0,1
13570,0,0,0,0,1
13571,0,0,0,0,1
13572,0,0,0,0,1
13573,0,0,0,0,1
13574,1,0,0,0,0
13575,1,0,0,0,0
13576,1,0,0,0,0
13577,1,0,0,0,0
13578,1,0,0,0,0
13579,1,0,0,0,0
13580,1,0,0,0,0
13581,1,0,0,0,0
13582,1,0,0,0,0
13583,1,0,0,0,0
13584,1,0,0,0,0
13585,1,0,0,0,0
13586,1,0,0,0,0
13587,1,0,0,0,0
13588,1,0,0,0,0
13589,1,0,0,0,0
13590,1,0,0,0,0
13591,1,0,0,0,0
13592,1,0,0,0,0
13593,1,0,0,0,0
13594,1,0,0,0,0
13595,1,0,0,0,0
13596,1,0,0,0,0
13597,1,0,0,0,0
13598,1,0,0,0,0
13599,1,0,0,0,0
13600,1,0,0,0,0
13601,1,0,0,0,0
13602,1,0,0,0,0
13603,1,0,0,0,0
13604,1,0,0,0,0
13605,1,0,0,0,0
13606,1,0,0,0,0
13607,1,0,0,0,0
13608,1,0,0,0,0
13609,1,0,0,0,0
13610,1,0,0,0,0
13611,1,0,0,0,0
13612,1,0,0,0,0
13613,1,0,0,0,0
13614,1,0,0,0,0
13615,1,0,0,0,0
13616,1,0,0,0,0
13617,1,0,0,0,0
13618,1,0,0,0,0
13619,1,0,0,0,0
13620,1,0,0,0,0
13621,1,0,0,0,0
13622,1,0,0,0,0
13623,1,0,0,0,0
13624,1,0,0,0,0
13625,1,0,0,0,0
13626,1,0,0,0,0
13627,1,0,0,0,0
13628,1,0,0,0,0
13629,1,0,0,0,0
13630,1,0,0,0,0
13631,1,0,0,0,0
13632,1,0,0,0,0
13633,1,0,0,0,0
13634,1,0,0,0,0
13635,1,0,0,0,0
13636,1,0,0,0,0
13637,1,0,0,0,0
13638,1,0,0,0,0
13639,1,0,0,0,0
13640,1,0,0,0,0
13641,1,0,0,0,0
13642,1,0,0,0,0
13643,1,0,0,0,0
13644,1,0,0,0,0
13645,1,0,0,0,0
13646,1,0,0,0,0
13647,1,0,0,0,0
13648,1,0,0,0,0
13649,1,0,0,0,0
13650,1,0,0,0,0
13651,1,0,0,0,0
13652,1,0,0,0,0
13653,1,0,0,0,0
13654,1,0,0,0,0
13655,1,0,0,0,0
13656,1,0,0,0,0
13657,1,0,0,0,0
13658,1,0,0,0,0
13659,1,0,0,0,0
13660,1,0,0,0,0
13661,1,0,0,0,0
13662,1,0,0,0,0
13663,1,0,0,0,0
13664,1,0,0,0,0
13665,1,0,0,0,0
13666,1,0,0,0,0
13667,1,0,0,0,0
13668,1,0,0,0,0
13669,1,0,0,0,0
13670,1,0,0,0,0
13671,1,0,0,0,0
13672,1,0,0,0,0
13673,1,0,0,0,0
13674,1,0,0,0,0
13675,1,0,0,0,0
13676,1,0,0,0,0
13677,1,0,0,0,0
13678,1,0,0,0,0
13679,1,0,0,0,0
13680,1,0,0,0,0
13681,1,0,0,0,0
13682,1,0,0,0,0
13683,1,0,0,0,0
13684,1,0,0,0,0
13685,1,0,0,0,0
13686,1,0,0,0,0
13687,1,0,0,0,0
13688,1,0,0,0,0
13689,1,0,0,0,0
13690,1,0,0,0,0
13691,1,0,0,0,0
13692,1,0,0,0,0
13693,1,0,0,0,0
13694,1,0,0,0,0
13695,1,0,0,0,0
13696,1,0,0,0,0
13697,1,0,0,0,0
13698,1,0,0,0,0
13699,1,0,0,0,0
13700,1,0,0,0,0
13701,1,0,0,0,0
13702,1,0,0,0,0
13703,1,0,0,0,0
13704,1,0,0,0,0
13705,1,0,0,0,0
13706,1,0,0,0,0
13707,1,0,0,0,0
13708,1,0,0,0,0
13709,1,0,0,0,0
13710,1,0,0,0,0
13711,1,0,0,0,0
13712,1,0,0,0,0
13713,1,0,0,0,0
13714,1,0,0,0,0
13715,1,0,0,0,0
13716,1,0,0,0,0
13717,1,0,0,0,0
13718,1,0,0,0,0
13719,1,0,0,0,0
13720,1,0,0,0,0
13721,1,0,0,0,0
13722,1,0,0,0,0
13723,1,0,0,0,0
13724,1,0,0,0,0
13725,1,0,0,0,0
13726,1,0,0,0,0
13727,1,0,0,0,0
13728,1,0,0,0,0
13729,1,0,0,0,0
13730,1,0,0,0,0
13731,1,0,0,0,0
13732,1,0,0,0,0
13733,1,0,0,0,0
13734,1,0,0,0,0
13735,1,0,0,0,0
13736,1,0,0,0,0
13737,1,0,0,0,0
13738,1,0,0,0,0
13739,1,0,0,0,0
13740,1,0,0,0,0
13741,1,0,0,0,0
13742,1,0,0,0,0
13743,1,0,0,0,0
13744,1,0,0,0,0
13745,1,0,0,0,0
13746,1,0,0,0,0
13747,1,0,0,0,0
13748,1,0,0,0,0
13749,1,0,0,0,0
13750,1,0,0,0,0
13751,1,0,0,0,0
13752,1,0,0,0,0
13753,1,0,0,0,0
13754,1,0,0,0,0
13755,1,0,0,0,0
13756,1,0,0,0,0
13757,1,0,0,0,0
13758,0,0,0,1,0
13759,0,0,0,1,0
13760,0,0,0,1,0
13761,0,0,0,1,0
13762,0,0,0,1,0
13763,0,0,0,1,0
13764,0,0,0,1,0
13765,0,0,0,1,0
13766,0,0,0,1,0
13767,0,0,0,1,0
13768,0,0,0,1,0
13769,0,0,0,1,0
13770,0,0,0,1,0
13771,0,0,0,1,0
13772,0,0,0,1,0
13773,0,0,0,1,0
13774,0,0,0,1,0
13775,0,0,0,1,0
13776,0,0,0,1,0
13777,0,0,0,1,0
13778,0,0,0,1,0
13779,0,0,0,1,0
13780,0,0,0,1,0
13781,0,0,0,1,0
13782,0,0,0,1,0
13783,0,0,0,1,0
13784,0,0,0,1,0
13785,0,0,0,1,0
13786,0,0,0,1,0
13787,0,0,0,1,0
13788,0,0,0,1,0
13789,0,0,0,1,0
13790,0,0,0,1,0
13791,0,0,0,1,0
13792,0,0,0,1,0
13793,0,0,0,1,0
13794,0,0,0,1,0
13795,0,0,0,1,0
13796,0,0,0,1,0
13797,0,0,0,1,0
13798,0,0,0,1,0
13799,0,0,0,1,0
13800,0,0,0,1,0
13801,0,0,0,1,0
13802,0,0,0,1,0
13803,0,0,0,1,0
13804,0,0,0,1,0
13805,0,0,0,1,0
13806,0,0,0,1,0
13807,0,0,0,1,0
13808,0,0,0,1,0
13809,0,0,0,1,0
13810,0,0,0,1,0
13811,0,0,0,1,0
13812,0,0,0,1,0
13813,0,0,0,1,0
13814,0,0,0,1,0
13815,0,0,0,1,0
13816,0,0,0,1,0
13817,0,0,0,1,0
13818,0,0,0,1,0
13819,0,0,0,1,0
13820,0,0,0,1,0
13821,0,0,0,1,0
13822,0,0,0,1,0
13823,0,0,0,1,0
13824,0,0,0,1,0
13825,0,0,0,1,0
13826,0,0,0,1,0
13827,0,0,0,1,0
13828,0,0,0,1,0
13829,0,0,0,1,0
13830,0,0,0,1,0
13831,0,0,0,1,0
13832,0,0,0,1,0
13833,0,0,0,1,0
13834,0,0,0,1,0
13835,0,0,0,1,0
13836,0,0,0,1,0
13837,0,0,0,1,0
13838,0,0,0,1,0
13839,0,0,0,1,0
13840,0,0,0,1,0
13841,0,0,0,1,0
13842,0,0,0,1,0
13843,0,0,0,1,0
13844,0,0,0,1,0
13845,0,0,0,1,0
13846,0,0,0,1,0
13847,0,0,0,1,0
13848,0,0,0,1,0
13849,0,0,0,1,0
13850,1,0,0,0,0
13851,1,0,0,0,0
13852,1,0,0,0,0
13853,1,0,0,0,0
13854,1,0,0,0,0
13855,1,0,0,0,0
13856,1,0,0,0,0
13857,1,0,0,0,0
13858,1,0,0,0,0
13859,1,0,0,0,0
13860,1,0,0,0,0
13861,1,0,0,0,0
13862,1,0,0,0,0
13863,1,0,0,0,0
13864,1,0,0,0,0
13865,1,0,0,0,0
13866,1,0,0,0,0
13867,1,0,0,0,0
13868,1,0,0,0,0
13869,1,0,0,0,0
13870,1,0,0,0,0
13871,1,0,0,0,0
13872,1,0,0,0,0
13873,1,0,0,0,0
13874,1,0,0,0,0
13875,0,0,0,0,1
13876,0,0,0,0,1
13877,0,0,0,0,1
13878,0,0,0,0,1
13879,0,0,0,0,1
13880,0,0,0,0,1
13881,0,0,0,0,1
13882,0,0,0,0,1
13883,0,0,0,0,1
13884,0,0,0,0,1
13885,0,0,0,0,1
13886,0,0,0,0,1
13887,0,0,0,0,1
13888,0,0,0,0,1
13889,0,0,0,0,1
13890,0,0,0,0,1
13891,0,0,0,0,1
13892,0,0,0,0,1
13893,0,0,0,0,1
13894,0,0,0,0,1
13895,1,0,0,0,0
13896,1,0,0,0,0
13897,1,0,0,0,0
13898,1,0,0,0,0
13899,1,0,0,0,0
13900,1,0,0,0,0
13901,1,0,0,0,0
13902,1,0,0,0,0
13903,1,0,0,0,0
13904,1,0,0,0,0
13905,1,0,0,0,0
13906,1,0,0,0,0
13907,1,0,0,0,0
13908,1,0,0,0,0
13909,1,0,0,0,0
13910,1,0,0,0,0
13911,1,0,0,0,0
13912,1,0,0,0,0
13913,1,0,0,0,0
13914,1,0,0,0,0
13915,0,1,0,0,0
13916,0,1,0,0,0
13917,0,1,0,0,0
13918,0,1,0,0,0
13919,0,1,0,0,0
13920,0,1,0,0,0
13921,0,1,0,0,0
13922,0,1,0,0,0
13923,0,1,0,0,0
13924,0,1,0,0,0
13925,0,1,0,0,0
13926,0,1,0,0,0
13927,0,1,0,0,0
13928,0,1,0,0,0
13929,0,1,0,0,0
13930,0,1,0,0,0
13931,0,1,0,0,0
13932,0,1,0,0,0
13933,0,1,0,0,0
13934,0,1,0,0,0
13935,0,1,0,0,0
13936,0,1,0,0,0
13937,0,1,0,0,0
13938,0,1,0,0,0
13939,0,1,0,0,0
13940,0,1,0,0,0
13941,0,1,0,0,0
13942,0,1,0,0,0
13943,0,1,0,0,0
13944,0,1,0,0,0
13945,0,1,0,0,0
13946,0,1,0,0,0
13947,0,1,0,0,0
13948,0,1,0,0,0
13949,0,1,0,0,0
13950,0,1,0,0,0
13951,0,1,0,0,0
13952,0,1,0,0,0
13953,0,1,0,0,0
13954,0,1,0,0,0
13955,0,1,0,0,0
13956,0,1,0,0,0
13957,0,1,0,0,0
13958,0,1,0,0,0
13959,0,1,0,0,0
13960,0,1,0,0,0
13961,0,1,0,0,0
13962,0,1,0,0,0
13963,0,1,0,0,0
13964,0,1,0,0,0
13965,0,1,0,0,0
13966,0,1,0,0,0
13967,0,1,0,0,0
13968,0,0,0,0,1
13969,0,0,0,0,1
13970,0,0,0,0,1
13971,0,0,0,0,1
13972,0,0,0,0,1
13973,0,0,0,0,1
13974,0,0,0,0,1
13975,0,0,0,0,1
13976,0,0,0,0,1
13977,0,0,0,0,1
13978,0,0,0,0,1
13979,0,0,0,0,1
13980,0,0,0,0,1
13981,0,0,0,0,1
13982,0,0,0,0,1
13983,0,0,0,0,1
13984,0,0,0,0,1
13985,0,0,0,0,1
13986,0,0,0,0,1
13987,0,0,0,0,1
13988,0,0,0,0,1
13989,0,0,0,0,1
13990,0,0,0,0,1
13991,0,0,0,0,1
13992,0,0,0,0,1
13993,0,0,0,0,1
13994,0,0,0,0,1
13995,0,0,0,0,1
13996,0,0,0,0,1
13997,0,0,0,0,1
13998,0,0,0,0,1
13999,0,0,0,0,1
14000,0,0,0,0,1
14001,0,0,0,0,1
14002,0,0,0,0,1
14003,0,0,0,0,1
14004,0,0,0,0,1
14005,0,0,0,0,1
14006,0,0,0,0,1
14007,0,0,0,0,1
14008,0,0,0,0,1
14009,0,0,0,0,1
14010,0,0,0,0,1
14011,0,0,0,0,1
14012,0,0,0,0,1
14013,0,0,0,0,1
14014,0,0,0,0,1
14015,0,0,0,0,1
14016,0,0,0,0,1
14017,0,0,0,0,1
14018,0,0,0,0,1
14019,0,0,0,0,1
14020,0,0,0,0,1
14021,0,0,0,0,1
14022,0,0,0,0,1
14023,1,0,0,0,0
14024,1,0,0,0,0
14025,1,0,0,0,0
14026,1,0,0,0,0
14027,1,0,0,0,0
14028,1,0,0,0,0
14029,1,0,0,0,0
14030,1,0,0,0,0
14031,1,0,0,0,0
14032,1,0,0,0,0
14033,1,0,0,0,0
14034,1,0,0,0,0
14035,1,0,0,0,0
14036,1,0,0,0,0
14037,1,0,0,0,0
14038,1,0,0,0,0
14039,1,0,0,0,0
14040,1,0,0,0,0
14041,1,0,0,0,0
14042,1,0,0,0,0
14043,1,0,0,0,0
14044,1,0,0,0,0
14045,1,0,0,0,0
14046,1,0,0,0,0
14047,1,0,0,0,0
14048,1,0,0,0,0
14049,1,0,0,0,0
14050,1,0,0,0,0
14051,1,0,0,0,0
14052,1,0,0,0,0
14053,1,0,0,0,0
14054,1,0,0,0,0
14055,1,0,0,0,0
14056,1,0,0,0,0
14057,1,0,0,0,0
14058,1,0,0,0,0
14059,1,0,0,0,0
14060,1,0,0,0,0
14061,1,0,0,0,0
14062,1,0,0,0,0
14063,1,0,0,0,0
14064,1,0,0,0,0
14065,1,0,0,0,0
14066,1,0,0,0,0
14067,1,0,0,0,0
14068,1,0,0,0,0
14069,1,0,0,0,0
14070,1,0,0,0,0
14071,1,0,0,0,0
14072,1,0,0,0,0
14073,1,0,0,0,0
14074,1,0,0,0,0
14075,1,0,0,0,0
14076,1,0,0,0,0
14077,1,0,0,0,0
14078,1,0,0,0,0
14079,1,0,0,0,0
14080,1,0,0,0,0
14081,1,0,0,0,0
14082,1,0,0,0,0
14083,1,0,0,0,0
14084,1,0,0,0,0
14085,1,0,0,0,0
14086,1,0,0,0,0
14087,1,0,0,0,0
14088,1,0,0,0,0
14089,1,0,0,0,0
14090,1,0,0,0,0
14091,1,0,0,0,0
14092,1,0,0,0,0
14093,1,0,0,0,0
14094,1,0,0,0,0
14095,1,0,0,0,0
14096,1,0,0,0,0
14097,1,0,0,0,0
14098,1,0,0,0,0
14099,1,0,0,0,0
14100,1,0,0,0,0
14101,1,0,0,0,0
14102,1,0,0,0,0
14103,1,0,0,0,0
14104,1,0,0,0,0
14105,1,0,0,0,0
14106,1,0,0,0,0
14107,1,0,0,0,0
14108,1,0,0,0,0
14109,1,0,0,0,0
14110,1,0,0,0,0
14111,1,0,0,0,0
14112,1,0,0,0,0
14113,1,0,0,0,0
14114,1,0,0,0,0
14115,1,0,0,0,0
14116,1,0,0,0,0
14117,1,0,0,0,0
14118,1,0,0,0,0
14119,1,0,0,0,0
14120,1,0,0,0,0
14121,1,0,0,0,0
14122,1,0,0,0,0
14123,1,0,0,0,0
14124,1,0,0,0,0
14125,1,0,0,0,0
14126,1,0,0,0,0
14127,1,0,0,0,0
14128,1,0,0,0,0
14129,1,0,0,0,0
14130,1,0,0,0,0
14131,1,0,0,0,0
14132,1,0,0,0,0
14133,1,0,0,0,0
14134,1,0,0,0,0
14135,1,0,0,0,0
14136,1,0,0,0,0
14137,1,0,0,0,0
14138,1,0,0,0,0
14139,1,0,0,0,0
14140,1,0,0,0,0
14141,1,0,0,0,0
14142,1,0,0,0,0
14143,1,0,0,0,0
14144,1,0,0,0,0
14145,1,0,0,0,0
14146,1,0,0,0,0
14147,1,0,0,0,0
14148,1,0,0,0,0
14149,1,0,0,0,0
14150,1,0,0,0,0
14151,1,0,0,0,0
14152,1,0,0,0,0
14153,1,0,0,0,0
14154,1,0,0,0,0
14155,0,0,0,0,1
14156,0,0,0,0,1
14157,0,0,0,0,1
14158,0,0,0,0,1
14159,0,0,0,0,1
14160,0,0,0,0,1
14161,0,0,0,0,1
14162,0,0,0,0,1
14163,0,0,0,0,1
14164,0,0,0,0,1
14165,0,0,0,0,1
14166,0,0,0,0,1
14167,0,0,0,0,1
14168,0,0,0,0,1
14169,0,0,0,0,1
14170,0,0,0,0,1
14171,0,0,0,0,1
14172,0,0,0,0,1
14173,0,0,0,0,1
14174,0,0,0,0,1
14175,0,0,0,0,1
14176,0,0,0,0,1
14177,0,0,0,0,1
14178,0,0,0,0,1
14179,0,0,0,0,1
14180,0,0,0,0,1
14181,0,0,0,0,1
14182,0,0,0,0,1
14183,0,0,0,0,1
14184,0,0,0,0,1
14185,0,0,0,0,1
14186,0,0,0,0,1
14187,0,0,0,0,1
14188,0,0,0,0,1
14189,0,0,0,0,1
14190,0,0,0,0,1
14191,1,0,0,0,0
14192,1,0,0,0,0
14193,1,0,0,0,0
14194,1,0,0,0,0
14195,1,0,0,0,0
14196,1,0,0,0,0
14197,1,0,0,0,0
14198,1,0,0,0,0
14199,1,0,0,0,0
14200,0,0,0,0,1
14201,0,0,0,0,1
14202,0,0,0,0,1
14203,0,0,0,0,1
14204,0,0,0,0,1
14205,0,0,0,0,1
14206,0,0,0,0,1
14207,0,0,0,0,1
14208,0,0,0,0,1
14209,0,0,0,0,1
14210,0,0,0,0,1
14211,0,0,0,0,1
14212,0,0,0,0,1
14213,0,0,0,0,1
14214,0,0,0,0,1
14215,0,0,0,0,1
14216,0,0,0,0,1
14217,0,0,0,0,1
14218,0,0,0,0,1
14219,0,0,0,0,1
14220,0,0,0,0,1
14221,0,0,0,0,1
14222,0,0,0,0,1
14223,0,0,0,0,1
14224,0,0,0,0,1
14225,0,0,0,0,1
14226,0,0,0,0,1
14227,0,0,0,0,1
14228,0,0,0,0,1
14229,0,0,0,0,1
14230,0,0,0,0,1
14231,0,0,0,0,1
14232,0,0,0,0,1
14233,0,0,0,0,1
14234,0,0,0,0,1
14235,0,0,0,0,1
14236,0,0,0,0,1
14237,0,0,0,0,1
14238,0,0,0,0,1
14239,0,0,0,0,1
14240,0,0,0,0,1
14241,0,0,0,0,1
14242,0,0,0,0,1
14243,0,0,0,0,1
14244,0,0,0,0,1
14245,0,0,0,0,1
14246,0,0,0,0,1
14247,0,0,0,0,1
14248,0,0,0,0,1
14249,0,0,0,0,1
14250,0,0,0,0,1
14251,0,0,0,0,1
14252,0,0,0,0,1
14253,0,0,0,0,1
14254,0,0,0,0,1
14255,0,0,0,0,1
14256,0,0,0,0,1
14257,0,0,0,0,1
14258,0,0,0,0,1
14259,0,0,0,0,1
14260,0,0,0,0,1
14261,0,0,0,0,1
14262,0,0,0,0,1
14263,0,0,0,0,1
14264,0,0,0,0,1
14265,0,0,0,0,1
14266,0,0,0,0,1
14267,0,0,0,0,1
14268,0,0,0,0,1
14269,0,0,0,0,1
14270,0,0,0,0,1
14271,0,0,0,0,1
14272,0,0,0,0,1
14273,0,0,0,0,1
14274,0,0,0,0,1
14275,0,0,0,0,1
14276,0,0,0,0,1
14277,0,0,0,0,1
14278,0,0,0,0,1
14279,0,0,0,0,1
14280,0,0,0,0,1
14281,0,0,0,0,1
14282,0,0,0,0,1
14283,0,0,0,0,1
14284,0,0,0,0,1
14285,0,0,0,0,1
14286,0,0,0,0,1
14287,0,0,0,0,1
14288,0,0,0,0,1
14289,0,0,0,0,1
14290,0,0,0,0,1
14291,0,0,0,0,1
14292,0,0,0,0,1
14293,0,0,0,0,1
14294,0,0,0,0,1
14295,0,0,0,0,1
14296,0,0,0,0,1
14297,0,0,0,0,1
14298,0,0,0,0,1
14299,0,0,0,0,1
14300,0,0,0,0,1
14301,0,0,0,0,1
14302,0,0,0,0,1
14303,0,0,0,0,1
14304,0,0,0,0,1
14305,0,0,0,0,1
14306,0,0,0,0,1
14307,0,0,0,0,1
14308,0,0,0,0,1
14309,0,0,0,0,1
14310,0,0,0,0,1
14311,0,0,0,0,1
14312,0,0,0,0,1
14313,0,0,0,0,1
14314,0,0,0,0,1
14315,0,0,0,0,1
14316,0,0,0,0,1
14317,0,0,0,0,1
14318,0,0,0,0,1
14319,0,0,0,0,1
14320,0,0,0,0,1
14321,0,0,0,0,1
14322,0,0,0,0,1
14323,0,0,0,0,1
14324,0,0,0,0,1
14325,0,0,0,0,1
14326,0,0,0,0,1
14327,0,0,0,0,1
14328,0,0,0,0,1
14329,0,0,0,0,1
14330,0,0,0,0,1
14331,0,0,0,0,1
14332,0,0,0,0,1
14333,0,0,0,0,1
14334,0,0,0,0,1
14335,0,0,0,0,1
14336,0,0,0,0,1
14337,0,0,0,0,1
14338,0,0,0,0,1
14339,0,0,0,0,1
14340,0,0,0,0,1
14341,0,0,0,0,1
14342,0,0,0,0,1
14343,0,0,0,0,1
14344,0,0,0,0,1
14345,0,0,0,0,1
14346,0,0,0,0,1
14347,0,0,0,0,1
14348,0,0,0,0,1
14349,0,0,0,0,1
14350,0,0,0,0,1
14351,0,0,0,0,1
14352,0,0,0,0,1
14353,0,0,0,0,1
14354,0,0,0,0,1
14355,0,0,0,0,1
14356,0,0,0,0,1
14357,0,0,0,0,1
14358,0,0,0,0,1
14359,0,0,0,0,1
14360,0,0,0,0,1
14361,0,0,0,0,1
14362,0,0,0,0,1
14363,0,0,0,0,1
14364,0,0,0,0,1
14365,0,0,0,0,1
14366,0,0,0,0,1
14367,0,0,0,0,1
14368,0,0,0,0,1
14369,0,0,0,0,1
14370,0,0,0,0,1
14371,0,0,0,0,1
14372,0,0,0,0,1
14373,0,0,0,0,1
14374,0,0,0,0,1
14375,0,0,0,0,1
14376,0,0,0,0,1
14377,0,0,0,0,1
14378,0,0,0,0,1
14379,0,0,0,0,1
14380,0,0,0,0,1
14381,0,0,0,0,1
14382,0,0,0,0,1
14383,0,0,0,0,1
14384,0,0,0,0,1
14385,0,0,0,0,1
14386,0,0,0,0,1
14387,0,0,0,0,1
14388,0,0,0,0,1
14389,0,0,0,0,1
14390,0,0,0,0,1
14391,0,0,0,0,1
14392,0,0,0,0,1
14393,0,0,0,0,1
14394,0,0,0,0,1
14395,0,0,0,0,1
14396,0,0,0,0,1
14397,0,0,0,0,1
14398,0,0,0,0,1
14399,0,0,0,0,1
14400,0,0,0,0,1
14401,0,0,0,0,1
14402,0,0,0,0,1
14403,0,0,0,0,1
14404,0,0,0,0,1
14405,0,0,0,0,1
14406,0,0,0,0,1
14407,0,0,0,0,1
14408,0,0,0,0,1
14409,0,0,0,0,1
14410,0,0,0,0,1
14411,0,0,0,0,1
14412,0,0,0,0,1
14413,0,0,0,0,1
14414,0,0,0,0,1
14415,0,0,0,0,1
14416,0,0,0,0,1
14417,0,0,0,0,1
14418,0,0,0,0,1
14419,0,0,0,0,1
14420,0,0,0,0,1
14421,0,0,0,0,1
14422,0,0,0,0,1
14423,0,0,0,0,1
14424,0,0,0,0,1
14425,0,0,0,0,1
14426,0,0,0,0,1
14427,0,0,0,0,1
14428,0,0,0,0,1
14429,0,0,0,0,1
14430,0,0,0,0,1
14431,0,0,0,0,1
14432,0,0,0,0,1
14433,0,0,0,0,1
14434,0,0,0,0,1
14435,0,0,0,0,1
14436,0,0,0,0,1
14437,0,0,0,0,1
14438,0,0,0,0,1
14439,0,0,0,0,1
14440,0,0,0,0,1
14441,0,0,0,0,1
14442,0,0,0,0,1
14443,0,0,0,0,1
14444,0,0,0,0,1
14445,0,0,0,0,1
14446,0,0,0,0,1
14447,0,0,0,0,1
14448,0,0,0,0,1
14449,0,0,0,0,1
14450,0,0,0,0,1
14451,0,0,0,0,1
14452,0,0,0,0,1
14453,0,0,0,0,1
14454,0,0,0,0,1
14455,0,0,0,0,1
14456,0,0,0,0,1
14457,0,0,0,0,1
14458,0,0,0,0,1
14459,0,0,0,0,1
14460,0,0,0,0,1
14461,0,0,0,0,1
14462,0,0,0,0,1
14463,0,0,0,0,1
14464,0,0,0,0,1
14465,0,0,0,0,1
14466,0,0,0,0,1
14467,0,0,0,0,1
14468,0,0,0,0,1
14469,0,0,0,0,1
14470,0,0,0,0,1
14471,0,0,0,0,1
14472,0,0,0,0,1
14473,0,0,0,0,1
14474,0,0,0,0,1
14475,0,0,0,0,1
14476,0,0,0,0,1
14477,0,0,0,0,1
14478,0,0,0,0,1
14479,0,0,0,0,1
14480,0,0,0,0,1
14481,0,0,0,0,1
14482,0,0,0,0,1
14483,0,0,0,0,1
14484,0,0,0,0,1
14485,0,0,0,0,1
14486,0,0,0,0,1
14487,0,0,0,0,1
14488,0,0,0,0,1
14489,0,0,0,0,1
14490,0,0,0,0,1
14491,0,0,0,0,1
14492,0,0,0,0,1
14493,1,0,0,0,0
14494,1,0,0,0,0
14495,1,0,0,0,0
14496,1,0,0,0,0
14497,1,0,0,0,0
14498,1,0,0,0,0
14499,1,0,0,0,0
14500,1,0,0,0,0
14501,1,0,0,0,0
14502,1,0,0,0,0
14503,1,0,0,0,0
14504,1,0,0,0,0
14505,1,0,0,0,0
14506,1,0,0,0,0
14507,1,0,0,0,0
14508,1,0,0,0,0
14509,1,0,0,0,0
14510,1,0,0,0,0
14511,1,0,0,0,0
14512,1,0,0,0,0
14513,1,0,0,0,0
14514,1,0,0,0,0
14515,1,0,0,0,0
14516,1,0,0,0,0
14517,1,0,0,0,0
14518,1,0,0,0,0
14519,1,0,0,0,0
14520,1,0,0,0,0
14521,1,0,0,0,0
14522,1,0,0,0,0
14523,1,0,0,0,0
14524,1,0,0,0,0
14525,1,0,0,0,0
14526,1,0,0,0,0
14527,0,0,0,0,1
14528,0,0,0,0,1
14529,0,0,0,0,1
14530,0,0,0,0,1
14531,0,0,0,0,1
14532,0,0,0,0,1
14533,0,0,0,0,1
14534,0,0,0,0,1
14535,0,0,0,0,1
14536,0,0,0,0,1
14537,0,0,0,0,1
14538,0,0,0,0,1
14539,0,0,0,0,1
14540,0,0,0,0,1
14541,0,0,0,0,1
14542,0,0,0,0,1
14543,0,0,0,0,1
14544,0,0,0,0,1
14545,0,0,0,0,1
14546,0,0,0,0,1
14547,0,0,0,0,1
14548,0,0,0,0,1
14549,0,0,0,0,1
14550,0,0,0,0,1
14551,0,0,0,0,1
14552,0,0,0,0,1
14553,0,0,0,0,1
14554,0,0,0,0,1
14555,0,0,0,0,1
14556,0,0,0,0,1
14557,0,0,0,0,1
14558,0,0,0,0,1
14559,0,0,0,0,1
14560,0,0,0,0,1
14561,0,0,0,0,1
14562,0,0,0,0,1
14563,0,0,0,0,1
14564,0,0,0,0,1
14565,0,0,0,0,1
14566,0,0,0,0,1
14567,0,0,0,0,1
14568,0,0,0,0,1
14569,0,0,0,0,1
14570,0,0,0,0,1
14571,0,0,0,0,1
14572,0,0,0,0,1
14573,0,0,0,0,1
14574,0,0,0,0,1
14575,0,0,0,0,1
14576,0,0,0,0,1
14577,0,0,0,0,1
14578,0,0,0,0,1
14579,0,0,0,0,1
14580,0,0,0,0,1
14581,0,0,0,0,1
14582,0,0,0,0,1
14583,0,0,0,0,1
14584,0,0,0,0,1
14585,0,0,0,0,1
14586,0,0,0,0,1
14587,0,0,0,0,1
14588,0,0,0,0,1
14589,0,0,0,0,1
14590,0,0,0,0,1
14591,0,0,0,0,1
14592,0,0,0,0,1
14593,0,0,0,0,1
14594,0,0,0,0,1
14595,0,0,0,0,1
14596,0,0,0,0,1
14597,0,0,0,0,1
14598,0,0,0,0,1
14599,0,0,0,0,1
14600,0,0,0,0,1
14601,0,0,0,0,1
14602,0,0,0,0,1
14603,0,0,0,0,1
14604,0,0,0,0,1
14605,0,0,0,0,1
14606,1,0,0,0,0
14607,1,0,0,0,0
14608,1,0,0,0,0
14609,1,0,0,0,0
14610,1,0,0,0,0
14611,1,0,0,0,0
14612,1,0,0,0,0
14613,1,0,0,0,0
14614,1,0,0,0,0
14615,1,0,0,0,0
14616,1,0,0,0,0
14617,1,0,0,0,0
14618,1,0,0,0,0
14619,1,0,0,0,0
14620,1,0,0,0,0
14621,1,0,0,0,0
14622,1,0,0,0,0
14623,1,0,0,0,0
14624,1,0,0,0,0
14625,1,0,0,0,0
14626,1,0,0,0,0
14627,1,0,0,0,0
14628,1,0,0,0,0
14629,1,0,0,0,0
14630,1,0,0,0,0
14631,1,0,0,0,0
14632,1,0,0,0,0
14633,1,0,0,0,0
14634,1,0,0,0,0
14635,1,0,0,0,0
14636,1,0,0,0,0
14637,1,0,0,0,0
14638,1,0,0,0,0
14639,1,0,0,0,0
14640,1,0,0,0,0
14641,1,0,0,0,0
14642,1,0,0,0,0
14643,1,0,0,0,0
14644,1,0,0,0,0
14645,1,0,0,0,0
14646,1,0,0,0,0
14647,1,0,0,0,0
14648,1,0,0,0,0
14649,1,0,0,0,0
14650,1,0,0,0,0
14651,1,0,0,0,0
14652,1,0,0,0,0
14653,1,0,0,0,0
14654,1,0,0,0,0
14655,1,0,0,0,0
14656,1,0,0,0,0
14657,1,0,0,0,0
14658,1,0,0,0,0
14659,1,0,0,0,0
14660,1,0,0,0,0
14661,1,0,0,0,0
14662,1,0,0,0,0
14663,1,0,0,0,0
14664,1,0,0,0,0
14665,1,0,0,0,0
14666,1,0,0,0,0
14667,1,0,0,0,0
14668,1,0,0,0,0
14669,0,0,0,1,0
14670,0,0,0,1,0
14671,0,0,0,1,0
14672,0,0,0,1,0
14673,0,0,0,1,0
14674,0,0,0,1,0
14675,0,0,0,1,0
14676,0,0,0,1,0
14677,0,0,0,1,0
14678,0,0,0,1,0
14679,0,0,0,1,0
14680,0,0,0,1,0
14681,0,0,0,1,0
14682,0,0,0,1,0
14683,0,0,0,1,0
14684,0,0,0,1,0
14685,0,0,0,0,1
14686,0,0,0,0,1
14687,0,0,0,0,1
14688,0,0,0,0,1
14689,0,0,0,0,1
14690,0,0,0,0,1
14691,0,0,0,0,1
14692,0,0,0,0,1
14693,0,0,0,0,1
14694,0,0,0,0,1
14695,0,0,0,0,1
14696,0,0,0,0,1
14697,0,0,0,0,1
14698,0,0,0,0,1
14699,0,0,0,0,1
14700,0,0,0,0,1
14701,0,0,0,0,1
14702,0,0,0,0,1
14703,0,0,0,0,1
14704,0,0,0,0,1
14705,0,0,0,0,1
14706,0,0,0,0,1
14707,0,0,0,0,1
14708,0,0,0,0,1
14709,0,0,0,0,1
14710,0,0,0,0,1
14711,0,0,0,0,1
14712,0,0,0,0,1
14713,0,0,0,0,1
14714,0,0,0,0,1
14715,0,0,0,0,1
14716,0,0,0,0,1
14717,0,0,0,0,1
14718,0,0,0,0,1
14719,0,0,0,0,1
14720,0,0,0,0,1
14721,0,0,0,1,0
14722,0,0,0,1,0
14723,0,0,0,1,0
14724,0,0,0,1,0
14725,0,0,0,1,0
14726,0,0,0,1,0
14727,0,0,0,1,0
14728,0,0,0,1,0
14729,0,0,0,1,0
14730,0,0,0,1,0
14731,0,0,0,1,0
14732,0,0,0,1,0
14733,0,0,0,1,0
14734,1,0,0,0,0
14735,1,0,0,0,0
14736,1,0,0,0,0
14737,1,0,0,0,0
14738,1,0,0,0,0
14739,1,0,0,0,0
14740,1,0,0,0,0
14741,1,0,0,0,0
14742,1,0,0,0,0
14743,1,0,0,0,0
14744,1,0,0,0,0
14745,1,0,0,0,0
14746,1,0,0,0,0
14747,1,0,0,0,0
14748,1,0,0,0,0
14749,1,0,0,0,0
14750,1,0,0,0,0
14751,1,0,0,0,0
14752,1,0,0,0,0
14753,1,0,0,0,0
14754,1,0,0,0,0
14755,1,0,0,0,0
14756,1,0,0,0,0
14757,1,0,0,0,0
14758,0,0,0,0,1
14759,0,0,0,0,1
14760,0,0,0,0,1
14761,0,0,0,0,1
14762,0,0,0,0,1
14763,0,0,0,0,1
14764,0,0,0,0,1
14765,0,0,0,0,1
14766,0,0,0,0,1
14767,0,0,0,0,1
14768,0,0,0,0,1
14769,0,0,0,0,1
14770,0,0,0,0,1
14771,0,0,0,0,1
14772,0,0,0,0,1
14773,0,0,0,0,1
14774,0,0,0,0,1
14775,0,0,0,0,1
14776,0,0,0,0,1
14777,0,0,0,0,1
14778,0,0,0,0,1
14779,0,0,0,0,1
14780,0,0,0,0,1
14781,0,0,0,0,1
14782,0,0,0,0,1
14783,0,0,0,0,1
14784,0,0,0,0,1
14785,0,0,0,0,1
14786,0,0,0,0,1
14787,0,0,0,0,1
14788,0,0,0,0,1
14789,0,0,0,0,1
14790,0,0,0,0,1
14791,0,0,0,0,1
14792,0,0,0,0,1
14793,0,0,0,0,1
14794,0,0,0,0,1
14795,0,0,0,0,1
14796,0,0,0,0,1
14797,0,0,0,0,1
14798,0,0,0,0,1
14799,0,0,0,0,1
14800,0,0,0,0,1
14801,0,0,0,0,1
14802,0,0,0,0,1
14803,0,0,0,0,1
14804,0,0,0,0,1
14805,0,0,0,0,1
14806,0,0,0,0,1
14807,0,0,0,0,1
14808,0,0,0,0,1
14809,0,0,0,0,1
14810,0,0,0,0,1
14811,0,0,0,0,1
14812,0,0,0,0,1
14813,0,0,0,0,1
14814,0,0,0,0,1
14815,0,0,0,0,1
14816,0,0,0,0,1
14817,0,0,0,0,1
14818,0,0,0,0,1
14819,0,0,0,0,1
14820,0,0,0,0,1
14821,0,0,0,0,1
14822,0,0,0,0,1
14823,0,0,0,0,1
14824,0,0,0,0,1
14825,0,0,0,0,1
14826,0,0,0,0,1
14827,0,0,0,0,1
14828,0,0,0,0,1
14829,0,0,0,0,1
14830,0,0,0,0,1
14831,0,0,0,0,1
14832,0,0,0,0,1
14833,0,0,0,0,1
14834,0,0,0,0,1
14835,0,0,0,0,1
14836,0,0,0,0,1
14837,0,0,0,0,1
14838,0,0,0,0,1
14839,0,0,0,0,1
14840,0,0,0,0,1
14841,1,0,0,0,0
14842,1,0,0,0,0
14843,1,0,0,0,0
14844,1,0,0,0,0
14845,1,0,0,0,0
14846,1,0,0,0,0
14847,1,0,0,0,0
14848,1,0,0,0,0
14849,1,0,0,0,0
14850,1,0,0,0,0
14851,1,0,0,0,0
14852,1,0,0,0,0
14853,1,0,0,0,0
14854,1,0,0,0,0
14855,1,0,0,0,0
14856,1,0,0,0,0
14857,1,0,0,0,0
14858,1,0,0,0,0
14859,1,0,0,0,0
14860,1,0,0,0,0
14861,1,0,0,0,0
14862,1,0,0,0,0
14863,1,0,0,0,0
14864,1,0,0,0,0
14865,1,0,0,0,0
14866,1,0,0,0,0
14867,1,0,0,0,0
14868,1,0,0,0,0
14869,1,0,0,0,0
14870,1,0,0,0,0
14871,1,0,0,0,0
14872,0,0,0,0,1
14873,0,0,0,0,1
14874,0,0,0,0,1
14875,0,0,0,0,1
14876,0,0,0,0,1
14877,0,0,0,0,1
14878,0,0,0,0,1
14879,0,0,0,0,1
14880,0,0,0,0,1
14881,0,0,0,0,1
14882,0,0,0,0,1
14883,0,0,0,0,1
14884,0,0,0,0,1
14885,0,0,0,0,1
14886,0,0,0,0,1
14887,0,0,0,0,1
14888,0,0,0,0,1
14889,0,0,0,0,1
14890,0,0,0,0,1
14891,0,0,0,0,1
14892,0,0,0,0,1
14893,0,0,0,0,1
14894,0,0,0,0,1
14895,0,0,0,0,1
14896,0,0,0,0,1
14897,0,0,0,0,1
14898,0,0,0,0,1
14899,0,0,0,0,1
14900,0,0,0,0,1
14901,0,0,0,0,1
14902,0,0,0,0,1
14903,0,0,0,0,1
14904,0,0,0,0,1
14905,0,0,0,0,1
14906,0,0,0,0,1
14907,0,0,0,0,1
14908,0,0,0,0,1
14909,0,0,0,0,1
14910,0,0,0,0,1
14911,0,0,0,0,1
14912,0,0,0,0,1
14913,0,0,0,0,1
14914,0,0,0,0,1
14915,0,0,0,0,1
14916,0,0,0,0,1
14917,0,0,0,0,1
14918,0,0,0,0,1
14919,0,0,0,0,1
14920,0,0,0,0,1
14921,0,0,0,0,1
14922,0,0,0,0,1
14923,0,0,0,0,1
14924,0,0,0,0,1
14925,0,0,0,0,1
14926,0,0,0,0,1
14927,0,0,0,0,1
14928,0,0,0,0,1
14929,0,0,0,0,1
14930,0,0,0,0,1
14931,0,0,0,0,1
14932,0,0,0,0,1
14933,0,0,0,0,1
14934,0,0,0,0,1
14935,0,0,0,0,1
14936,0,0,0,0,1
14937,0,0,0,0,1
14938,0,0,0,0,1
14939,0,0,0,0,1
14940,0,0,0,0,1
14941,0,0,0,0,1
14942,0,0,0,0,1
14943,0,0,0,0,1
14944,0,0,0,0,1
14945,0,0,0,0,1
14946,0,0,0,0,1
14947,0,0,0,0,1
14948,1,0,0,0,0
14949,1,0,0,0,0
14950,1,0,0,0,0
14951,1,0,0,0,0
14952,1,0,0,0,0
14953,1,0,0,0,0
14954,1,0,0,0,0
14955,1,0,0,0,0
14956,1,0,0,0,0
14957,1,0,0,0,0
14958,1,0,0,0,0
14959,1,0,0,0,0
14960,1,0,0,0,0
14961,1,0,0,0,0
14962,1,0,0,0,0
14963,1,0,0,0,0
14964,1,0,0,0,0
14965,1,0,0,0,0
14966,1,0,0,0,0
14967,1,0,0,0,0
14968,1,0,0,0,0
14969,1,0,0,0,0
14970,1,0,0,0,0
14971,1,0,0,0,0
14972,1,0,0,0,0
14973,1,0,0,0,0
14974,1,0,0,0,0
14975,1,0,0,0,0
14976,1,0,0,0,0
14977,1,0,0,0,0
14978,1,0,0,0,0
14979,1,0,0,0,0
14980,1,0,0,0,0
14981,1,0,0,0,0
14982,1,0,0,0,0
14983,1,0,0,0,0
14984,1,0,0,0,0
14985,1,0,0,0,0
14986,1,0,0,0,0
14987,1,0,0,0,0
14988,1,0,0,0,0
14989,1,0,0,0,0
14990,1,0,0,0,0
14991,1,0,0,0,0
14992,1,0,0,0,0
14993,1,0,0,0,0
14994,1,0,0,0,0
14995,1,0,0,0,0
14996,1,0,0,0,0
14997,1,0,0,0,0
14998,1,0,0,0,0
14999,1,0,0,0,0
15000,1,0,0,0,0
15001,1,0,0,0,0
15002,1,0,0,0,0
15003,1,0,0,0,0
15004,1,0,0,0,0
15005,1,0,0,0,0
15006,1,0,0,0,0
15007,1,0,0,0,0
15008,1,0,0,0,0
15009,1,0,0,0,0
15010,1,0,0,0,0
15011,1,0,0,0,0
15012,1,0,0,0,0
15013,1,0,0,0,0
15014,1,0,0,0,0
15015,1,0,0,0,0
15016,1,0,0,0,0
15017,1,0,0,0,0
15018,1,0,0,0,0
15019,1,0,0,0,0
15020,1,0,0,0,0
15021,1,0,0,0,0
15022,1,0,0,0,0
15023,1,0,0,0,0
15024,1,0,0,0,0
15025,1,0,0,0,0
15026,1,0,0,0,0
15027,1,0,0,0,0
15028,1,0,0,0,0
15029,1,0,0,0,0
15030,1,0,0,0,0
15031,1,0,0,0,0
15032,1,0,0,0,0
15033,1,0,0,0,0
15034,1,0,0,0,0
15035,1,0,0,0,0
15036,1,0,0,0,0
15037,1,0,0,0,0
15038,1,0,0,0,0
15039,1,0,0,0,0
15040,1,0,0,0,0
15041,1,0,0,0,0
15042,1,0,0,0,0
15043,1,0,0,0,0
15044,1,0,0,0,0
15045,1,0,0,0,0
15046,1,0,0,0,0
15047,1,0,0,0,0
15048,1,0,0,0,0
15049,1,0,0,0,0
15050,0,1,0,0,0
15051,0,1,0,0,0
15052,0,1,0,0,0
15053,0,1,0,0,0
15054,0,1,0,0,0
15055,0,1,0,0,0
15056,0,1,0,0,0
15057,0,1,0,0,0
15058,0,1,0,0,0
15059,0,1,0,0,0
15060,0,1,0,0,0
15061,0,1,0,0,0
15062,0,1,0,0,0
15063,0,1,0,0,0
15064,0,1,0,0,0
15065,0,1,0,0,0
15066,0,1,0,0,0
15067,0,1,0,0,0
15068,0,1,0,0,0
15069,0,1,0,0,0
15070,0,1,0,0,0
15071,0,1,0,0,0
15072,0,1,0,0,0
15073,0,1,0,0,0
15074,0,1,0,0,0
15075,0,1,0,0,0
15076,0,1,0,0,0
15077,0,1,0,0,0
15078,0,1,0,0,0
15079,0,1,0,0,0
15080,0,1,0,0,0
15081,0,1,0,0,0
15082,0,1,0,0,0
15083,0,1,0,0,0
15084,0,1,0,0,0
15085,0,1,0,0,0
15086,0,1,0,0,0
15087,0,1,0,0,0
15088,0,1,0,0,0
15089,0,1,0,0,0
15090,0,1,0,0,0
15091,0,1,0,0,0
15092,0,1,0,0,0
15093,0,1,0,0,0
15094,0,1,0,0,0
15095,0,1,0,0,0
15096,0,1,0,0,0
15097,0,1,0,0,0
15098,0,1,0,0,0
15099,0,1,0,0,0
15100,0,1,0,0,0
15101,0,1,0,0,0
15102,0,1,0,0,0
15103,0,1,0,0,0
15104,0,1,0,0,0
15105,0,1,0,0,0
15106,0,1,0,0,0
15107,0,1,0,0,0
15108,0,1,0,0,0
15109,0,1,0,0,0
15110,0,1,0,0,0
15111,0,1,0,0,0
15112,0,1,0,0,0
15113,0,1,0,0,0
15114,0,1,0,0,0
15115,0,1,0,0,0
15116,0,1,0,0,0
15117,0,1,0,0,0
15118,0,1,0,0,0
15119,0,1,0,0,0
15120,0,1,0,0,0
15121,0,1,0,0,0
15122,1,0,0,0,0
15123,1,0,0,0,0
15124,1,0,0,0,0
15125,1,0,0,0,0
15126,1,0,0,0,0
15127,1,0,0,0,0
15128,1,0,0,0,0
15129,1,0,0,0,0
15130,1,0,0,0,0
15131,1,0,0,0,0
15132,1,0,0,0,0
15133,1,0,0,0,0
15134,1,0,0,0,0
15135,1,0,0,0,0
15136,1,0,0,0,0
15137,1,0,0,0,0
15138,1,0,0,0,0
15139,1,0,0,0,0
15140,1,0,0,0,0
15141,1,0,0,0,0
15142,1,0,0,0,0
15143,1,0,0,0,0
15144,1,0,0,0,0
15145,1,0,0,0,0
15146,1,0,0,0,0
15147,1,0,0,0,0
15148,1,0,0,0,0
15149,1,0,0,0,0
15150,1,0,0,0,0
15151,1,0,0,0,0
15152,1,0,0,0,0
15153,1,0,0,0,0
15154,1,0,0,0,0
15155,1,0,0,0,0
15156,1,0,0,0,0
15157,1,0,0,0,0
15158,1,0,0,0,0
15159,1,0,0,0,0
15160,1,0,0,0,0
15161,1,0,0,0,0
15162,1,0,0,0,0
15163,1,0,0,0,0
15164,1,0,0,0,0
15165,1,0,0,0,0
15166,1,0,0,0,0
15167,1,0,0,0,0
15168,1,0,0,0,0
15169,1,0,0,0,0
15170,1,0,0,0,0
15171,1,0,0,0,0
15172,1,0,0,0,0
15173,1,0,0,0,0
15174,1,0,0,0,0
15175,1,0,0,0,0
15176,1,0,0,0,0
15177,1,0,0,0,0
15178,1,0,0,0,0
15179,1,0,0,0,0
15180,1,0,0,0,0
15181,1,0,0,0,0
15182,1,0,0,0,0
15183,1,0,0,0,0
15184,1,0,0,0,0
15185,1,0,0,0,0
15186,1,0,0,0,0
15187,1,0,0,0,0
15188,1,0,0,0,0
15189,1,0,0,0,0
15190,1,0,0,0,0
15191,1,0,0,0,0
15192,1,0,0,0,0
15193,1,0,0,0,0
15194,1,0,0,0,0
15195,1,0,0,0,0
15196,1,0,0,0,0
15197,1,0,0,0,0
15198,1,0,0,0,0
15199,1,0,0,0,0
15200,1,0,0,0,0
15201,1,0,0,0,0
15202,1,0,0,0,0
15203,0,0,0,0,1
15204,0,0,0,0,1
15205,0,0,0,0,1
15206,0,0,0,0,1
15207,0,0,0,0,1
15208,0,0,0,0,1
15209,0,0,0,0,1
15210,0,0,0,0,1
15211,0,0,0,0,1
15212,0,0,0,0,1
15213,0,0,0,0,1
15214,0,0,0,0,1
15215,0,0,0,0,1
15216,0,0,0,0,1
15217,0,0,0,0,1
15218,0,0,0,0,1
15219,0,0,0,0,1
15220,0,0,0,0,1
15221,0,0,0,0,1
15222,0,0,0,0,1
15223,0,0,0,0,1
15224,0,0,0,0,1
15225,0,0,0,0,1
15226,0,0,0,0,1
15227,0,0,0,0,1
15228,0,0,0,0,1
15229,0,0,0,0,1
15230,0,0,0,0,1
15231,0,0,0,0,1
15232,0,0,0,0,1
15233,0,0,0,0,1
15234,0,0,0,0,1
15235,0,0,0,0,1
15236,0,0,0,0,1
15237,0,0,0,0,1
15238,0,0,0,0,1
15239,0,0,0,0,1
15240,0,0,0,0,1
15241,0,0,0,0,1
15242,0,0,0,0,1
15243,0,0,0,0,1
15244,0,0,0,0,1
15245,0,0,0,0,1
15246,0,0,0,0,1
15247,0,0,0,0,1
15248,0,0,0,0,1
15249,0,0,0,0,1
15250,0,0,0,0,1
15251,0,0,0,0,1
15252,0,0,0,0,1
15253,0,0,0,0,1
15254,0,0,0,0,1
15255,0,0,0,0,1
15256,0,0,0,0,1
15257,0,0,0,0,1
15258,0,0,0,0,1
15259,0,0,0,0,1
15260,0,0,0,0,1
15261,0,0,0,0,1
15262,0,0,0,0,1
15263,0,0,0,0,1
15264,0,0,0,0,1
15265,0,0,0,0,1
15266,0,0,0,0,1
15267,0,0,0,0,1
15268,0,0,0,0,1
15269,0,0,0,0,1
15270,0,0,0,0,1
15271,0,0,0,0,1
15272,0,0,0,0,1
15273,0,0,0,0,1
15274,0,0,0,0,1
15275,0,0,0,0,1
15276,0,0,0,0,1
15277,0,0,0,0,1
15278,0,0,0,0,1
15279,0,0,0,0,1
15280,0,0,0,0,1
15281,0,0,0,0,1
15282,0,0,0,0,1
15283,0,0,0,0,1
15284,0,0,0,0,1
15285,0,0,0,0,1
15286,0,0,0,0,1
15287,0,0,0,0,1
15288,1,0,0,0,0
15289,1,0,0,0,0
15290,1,0,0,0,0
15291,1,0,0,0,0
15292,1,0,0,0,0
15293,1,0,0,0,0
15294,1,0,0,0,0
15295,0,0,0,1,0
15296,0,0,0,1,0
15297,0,0,0,1,0
15298,0,0,0,1,0
15299,0,0,0,1,0
15300,0,0,0,1,0
15301,0,0,0,1,0
15302,0,0,0,1,0
15303,0,0,0,1,0
15304,0,0,0,1,0
15305,1,0,0,0,0
15306,1,0,0,0,0
15307,1,0,0,0,0
15308,1,0,0,0,0
15309,1,0,0,0,0
15310,1,0,0,0,0
15311,1,0,0,0,0
15312,1,0,0,0,0
15313,1,0,0,0,0
15314,1,0,0,0,0
15315,1,0,0,0,0
15316,1,0,0,0,0
15317,1,0,0,0,0
15318,1,0,0,0,0
15319,1,0,0,0,0
15320,1,0,0,0,0
15321,1,0,0,0,0
15322,1,0,0,0,0
15323,1,0,0,0,0
15324,1,0,0,0,0
15325,1,0,0,0,0
15326,1,0,0,0,0
15327,1,0,0,0,0
15328,1,0,0,0,0
15329,1,0,0,0,0
15330,1,0,0,0,0
15331,1,0,0,0,0
15332,1,0,0,0,0
15333,1,0,0,0,0
15334,1,0,0,0,0
15335,1,0,0,0,0
15336,1,0,0,0,0
15337,1,0,0,0,0
15338,1,0,0,0,0
15339,1,0,0,0,0
15340,1,0,0,0,0
15341,1,0,0,0,0
15342,1,0,0,0,0
15343,1,0,0,0,0
15344,1,0,0,0,0
15345,1,0,0,0,0
15346,1,0,0,0,0
15347,1,0,0,0,0
15348,0,0,0,0,1
15349,0,0,0,0,1
15350,0,0,0,0,1
15351,0,0,0,0,1
15352,0,0,0,0,1
15353,0,0,0,0,1
15354,0,0,0,0,1
15355,0,0,0,0,1
15356,0,0,0,0,1
15357,0,0,0,0,1
15358,0,0,0,0,1
15359,0,0,0,0,1
15360,0,0,0,0,1
15361,0,0,0,0,1
15362,0,0,0,0,1
15363,0,0,0,0,1
15364,0,0,0,0,1
15365,0,0,0,0,1
15366,0,0,0,0,1
15367,0,0,0,0,1
15368,0,0,0,0,1
15369,0,0,0,0,1
15370,0,0,0,0,1
15371,0,0,0,0,1
15372,0,0,0,0,1
15373,0,0,0,0,1
15374,0,0,0,0,1
15375,0,0,0,0,1
15376,0,0,0,0,1
15377,0,0,0,0,1
15378,0,0,0,0,1
15379,0,0,0,0,1
15380,1,0,0,0,0
15381,1,0,0,0,0
15382,1,0,0,0,0
15383,1,0,0,0,0
15384,1,0,0,0,0
15385,1,0,0,0,0
15386,1,0,0,0,0
15387,1,0,0,0,0
15388,1,0,0,0,0
15389,1,0,0,0,0
15390,1,0,0,0,0
15391,1,0,0,0,0
15392,1,0,0,0,0
15393,1,0,0,0,0
15394,1,0,0,0,0
15395,1,0,0,0,0
15396,1,0,0,0,0
15397,1,0,0,0,0
15398,1,0,0,0,0
15399,1,0,0,0,0
15400,1,0,0,0,0
15401,1,0,0,0,0
15402,1,0,0,0,0
15403,1,0,0,0,0
15404,1,0,0,0,0
15405,1,0,0,0,0
15406,1,0,0,0,0
15407,1,0,0,0,0
15408,1,0,0,0,0
15409,1,0,0,0,0
15410,1,0,0,0,0
15411,1,0,0,0,0
15412,1,0,0,0,0
15413,1,0,0,0,0
15414,1,0,0,0,0
15415,1,0,0,0,0
15416,1,0,0,0,0
15417,1,0,0,0,0
15418,1,0,0,0,0
15419,1,0,0,0,0
15420,1,0,0,0,0
15421,1,0,0,0,0
15422,1,0,0,0,0
15423,1,0,0,0,0
15424,1,0,0,0,0
15425,1,0,0,0,0
15426,1,0,0,0,0
15427,1,0,0,0,0
15428,1,0,0,0,0
15429,1,0,0,0,0
15430,1,0,0,0,0
15431,1,0,0,0,0
15432,1,0,0,0,0
15433,1,0,0,0,0
15434,1,0,0,0,0
15435,1,0,0,0,0
15436,1,0,0,0,0
15437,1,0,0,0,0
15438,1,0,0,0,0
15439,1,0,0,0,0
15440,1,0,0,0,0
15441,1,0,0,0,0
15442,1,0,0,0,0
15443,1,0,0,0,0
15444,1,0,0,0,0
15445,1,0,0,0,0
15446,1,0,0,0,0
15447,1,0,0,0,0
15448,1,0,0,0,0
15449,1,0,0,0,0
15450,1,0,0,0,0
15451,1,0,0,0,0
15452,1,0,0,0,0
15453,1,0,0,0,0
15454,1,0,0,0,0
15455,1,0,0,0,0
15456,1,0,0,0,0
15457,1,0,0,0,0
15458,1,0,0,0,0
15459,1,0,0,0,0
15460,1,0,0,0,0
15461,1,0,0,0,0
15462,1,0,0,0,0
15463,1,0,0,0,0
15464,1,0,0,0,0
15465,1,0,0,0,0
15466,1,0,0,0,0
15467,1,0,0,0,0
15468,1,0,0,0,0
15469,1,0,0,0,0
15470,1,0,0,0,0
15471,1,0,0,0,0
15472,1,0,0,0,0
15473,1,0,0,0,0
15474,1,0,0,0,0
15475,1,0,0,0,0
15476,1,0,0,0,0
15477,1,0,0,0,0
15478,1,0,0,0,0
15479,1,0,0,0,0
15480,1,0,0,0,0
15481,1,0,0,0,0
15482,1,0,0,0,0
15483,1,0,0,0,0
15484,1,0,0,0,0
15485,1,0,0,0,0
15486,1,0,0,0,0
15487,1,0,0,0,0
15488,1,0,0,0,0
15489,1,0,0,0,0
15490,1,0,0,0,0
15491,1,0,0,0,0
15492,1,0,0,0,0
15493,1,0,0,0,0
15494,1,0,0,0,0
15495,1,0,0,0,0
15496,1,0,0,0,0
15497,1,0,0,0,0
15498,1,0,0,0,0
15499,1,0,0,0,0
15500,1,0,0,0,0
15501,1,0,0,0,0
15502,1,0,0,0,0
15503,1,0,0,0,0
15504,1,0,0,0,0
15505,1,0,0,0,0
15506,1,0,0,0,0
15507,1,0,0,0,0
15508,1,0,0,0,0
15509,1,0,0,0,0
15510,1,0,0,0,0
15511,1,0,0,0,0
15512,1,0,0,0,0
15513,1,0,0,0,0
15514,1,0,0,0,0
15515,1,0,0,0,0
15516,1,0,0,0,0
15517,1,0,0,0,0
15518,1,0,0,0,0
15519,1,0,0,0,0
15520,1,0,0,0,0
15521,1,0,0,0,0
15522,1,0,0,0,0
15523,1,0,0,0,0
15524,1,0,0,0,0
15525,1,0,0,0,0
15526,1,0,0,0,0
15527,1,0,0,0,0
15528,1,0,0,0,0
15529,1,0,0,0,0
15530,1,0,0,0,0
15531,1,0,0,0,0
15532,1,0,0,0,0
15533,1,0,0,0,0
15534,1,0,0,0,0
15535,1,0,0,0,0
15536,1,0,0,0,0
15537,1,0,0,0,0
15538,1,0,0,0,0
15539,1,0,0,0,0
15540,1,0,0,0,0
15541,1,0,0,0,0
15542,1,0,0,0,0
15543,1,0,0,0,0
15544,1,0,0,0,0
15545,1,0,0,0,0
15546,1,0,0,0,0
15547,1,0,0,0,0
15548,1,0,0,0,0
15549,1,0,0,0,0
15550,1,0,0,0,0
15551,1,0,0,0,0
15552,1,0,0,0,0
15553,1,0,0,0,0
15554,1,0,0,0,0
15555,1,0,0,0,0
15556,1,0,0,0,0
15557,1,0,0,0,0
15558,1,0,0,0,0
15559,1,0,0,0,0
15560,1,0,0,0,0
15561,1,0,0,0,0
15562,1,0,0,0,0
15563,1,0,0,0,0
15564,1,0,0,0,0
15565,1,0,0,0,0
15566,1,0,0,0,0
15567,1,0,0,0,0
15568,1,0,0,0,0
15569,1,0,0,0,0
15570,1,0,0,0,0
15571,1,0,0,0,0
15572,1,0,0,0,0
15573,1,0,0,0,0
15574,1,0,0,0,0
15575,1,0,0,0,0
15576,1,0,0,0,0
15577,1,0,0,0,0
15578,1,0,0,0,0
15579,1,0,0,0,0
15580,1,0,0,0,0
15581,1,0,0,0,0
15582,1,0,0,0,0
15583,1,0,0,0,0
15584,1,0,0,0,0
15585,1,0,0,0,0
15586,1,0,0,0,0
15587,1,0,0,0,0
15588,1,0,0,0,0
15589,1,0,0,0,0
15590,1,0,0,0,0
15591,1,0,0,0,0
15592,1,0,0,0,0
15593,1,0,0,0,0
15594,1,0,0,0,0
15595,1,0,0,0,0
15596,1,0,0,0,0
15597,1,0,0,0,0
15598,1,0,0,0,0
15599,1,0,0,0,0
15600,1,0,0,0,0
15601,1,0,0,0,0
15602,1,0,0,0,0
15603,1,0,0,0,0
15604,1,0,0,0,0
15605,1,0,0,0,0
15606,1,0,0,0,0
15607,1,0,0,0,0
15608,1,0,0,0,0
15609,1,0,0,0,0
15610,1,0,0,0,0
15611,1,0,0,0,0
15612,1,0,0,0,0
15613,1,0,0,0,0
15614,1,0,0,0,0
15615,1,0,0,0,0
15616,1,0,0,0,0
15617,1,0,0,0,0
15618,1,0,0,0,0
15619,1,0,0,0,0
15620,1,0,0,0,0
15621,0,0,0,0,1
15622,0,0,0,0,1
15623,0,0,0,0,1
15624,0,0,0,0,1
15625,0,0,0,0,1
15626,0,0,0,0,1
15627,0,0,0,0,1
15628,0,0,0,0,1
15629,0,0,0,0,1
15630,0,0,0,0,1
15631,0,0,0,0,1
15632,0,0,0,0,1
15633,0,0,0,0,1
15634,0,0,0,0,1
15635,0,0,0,0,1
15636,0,0,0,0,1
15637,0,0,0,0,1
15638,0,0,0,0,1
15639,0,0,0,0,1
15640,0,0,0,0,1
15641,0,0,0,0,1
15642,0,0,0,0,1
15643,0,0,0,0,1
15644,0,0,0,0,1
15645,0,0,0,0,1
15646,0,0,0,0,1
15647,0,0,0,0,1
15648,0,0,0,0,1
15649,0,0,0,0,1
15650,0,0,0,0,1
15651,0,0,0,0,1
15652,0,0,0,0,1
15653,0,0,0,0,1
15654,0,0,0,0,1
15655,0,0,0,0,1
15656,0,0,0,0,1
15657,0,0,0,0,1
15658,0,0,0,0,1
15659,0,0,0,0,1
15660,0,0,0,0,1
15661,0,0,0,0,1
15662,0,0,0,0,1
15663,0,0,0,0,1
15664,0,0,0,0,1
15665,0,0,0,0,1
15666,0,0,0,0,1
15667,0,0,0,0,1
15668,0,0,0,0,1
15669,0,0,0,0,1
15670,0,0,0,0,1
15671,0,0,0,0,1
15672,0,0,0,0,1
15673,0,0,0,0,1
15674,0,0,0,0,1
15675,0,0,0,0,1
15676,0,0,0,0,1
15677,0,0,0,0,1
15678,0,0,0,0,1
15679,0,0,0,0,1
15680,0,0,0,0,1
15681,0,0,0,0,1
15682,0,0,0,0,1
15683,0,0,0,0,1
15684,0,0,0,0,1
15685,0,0,0,0,1
15686,0,0,0,0,1
15687,0,0,0,0,1
15688,0,0,0,0,1
15689,0,0,0,0,1
15690,0,0,0,0,1
15691,0,0,0,0,1
15692,0,0,0,0,1
15693,0,0,0,0,1
15694,0,0,0,0,1
15695,0,0,0,0,1
15696,0,0,0,0,1
15697,0,0,0,0,1
15698,0,0,0,0,1
15699,0,0,0,0,1
15700,0,0,0,0,1
15701,0,0,0,0,1
15702,0,0,0,0,1
15703,0,0,0,0,1
15704,0,0,0,0,1
15705,0,0,0,0,1
15706,0,0,0,0,1
15707,0,0,0,0,1
15708,0,0,0,0,1
15709,0,0,0,0,1
15710,0,0,0,0,1
15711,0,0,0,0,1
15712,0,0,0,0,1
15713,0,0,0,0,1
15714,0,0,0,0,1
15715,0,0,0,0,1
15716,0,0,0,0,1
15717,0,0,0,0,1
15718,0,0,0,0,1
15719,0,0,0,0,1
15720,0,0,0,0,1
15721,0,0,0,0,1
15722,0,0,0,0,1
15723,0,0,0,0,1
15724,0,0,0,0,1
15725,0,0,0,0,1
15726,0,0,0,0,1
15727,0,0,0,0,1
15728,0,0,0,0,1
15729,0,0,0,0,1
15730,0,0,0,0,1
15731,0,0,0,0,1
15732,0,0,0,0,1
15733,0,0,0,0,1
15734,0,0,0,0,1
15735,0,0,0,0,1
15736,0,0,0,0,1
15737,0,0,0,0,1
15738,0,0,0,0,1
15739,0,0,0,0,1
15740,0,0,0,0,1
15741,0,0,0,0,1
15742,0,0,0,0,1
15743,0,0,0,0,1
15744,0,0,0,0,1
15745,0,0,0,0,1
15746,0,0,0,0,1
15747,0,0,0,0,1
15748,0,0,0,0,1
15749,0,0,0,0,1
15750,0,0,0,0,1
15751,0,0,0,0,1
15752,0,0,0,0,1
15753,0,0,0,0,1
15754,0,0,0,0,1
15755,0,0,0,0,1
15756,0,0,0,0,1
15757,0,0,0,0,1
15758,0,0,0,0,1
15759,0,0,0,0,1
15760,0,0,0,0,1
15761,0,0,0,0,1
15762,0,0,0,0,1
15763,0,0,0,0,1
15764,0,1,0,0,0
15765,0,1,0,0,0
15766,0,1,0,0,0
15767,0,1,0,0,0
15768,0,1,0,0,0
15769,0,1,0,0,0
15770,0,1,0,0,0
15771,0,1,0,0,0
15772,0,1,0,0,0
15773,0,1,0,0,0
15774,0,1,0,0,0
15775,0,1,0,0,0
15776,0,1,0,0,0
15777,0,1,0,0,0
15778,0,1,0,0,0
15779,0,1,0,0,0
15780,0,1,0,0,0
15781,0,1,0,0,0
15782,0,1,0,0,0
15783,0,1,0,0,0
15784,0,1,0,0,0
15785,0,1,0,0,0
15786,0,1,0,0,0
15787,0,1,0,0,0
15788,0,1,0,0,0
15789,0,1,0,0,0
15790,0,1,0,0,0
15791,0,1,0,0,0
15792,0,1,0,0,0
15793,0,1,0,0,0
15794,0,1,0,0,0
15795,1,0,0,0,0
15796,1,0,0,0,0
15797,1,0,0,0,0
15798,1,0,0,0,0
15799,1,0,0,0,0
15800,1,0,0,0,0
15801,1,0,0,0,0
15802,1,0,0,0,0
15803,1,0,0,0,0
15804,1,0,0,0,0
15805,1,0,0,0,0
15806,1,0,0,0,0
15807,1,0,0,0,0
15808,1,0,0,0,0
15809,1,0,0,0,0
15810,1,0,0,0,0
15811,1,0,0,0,0
15812,1,0,0,0,0
15813,1,0,0,0,0
15814,1,0,0,0,0
15815,1,0,0,0,0
15816,1,0,0,0,0
15817,1,0,0,0,0
15818,1,0,0,0,0
15819,1,0,0,0,0
15820,1,0,0,0,0
15821,1,0,0,0,0
15822,1,0,0,0,0
15823,1,0,0,0,0
15824,1,0,0,0,0
15825,1,0,0,0,0
15826,1,0,0,0,0
15827,1,0,0,0,0
15828,1,0,0,0,0
15829,1,0,0,0,0
15830,1,0,0,0,0
15831,1,0,0,0,0
15832,1,0,0,0,0
15833,1,0,0,0,0
15834,1,0,0,0,0
15835,1,0,0,0,0
15836,1,0,0,0,0
15837,1,0,0,0,0
15838,1,0,0,0,0
15839,1,0,0,0,0
15840,1,0,0,0,0
15841,1,0,0,0,0
15842,1,0,0,0,0
15843,1,0,0,0,0
15844,1,0,0,0,0
15845,1,0,0,0,0
15846,1,0,0,0,0
15847,1,0,0,0,0
15848,1,0,0,0,0
15849,1,0,0,0,0
15850,1,0,0,0,0
15851,1,0,0,0,0
15852,1,0,0,0,0
15853,1,0,0,0,0
15854,1,0,0,0,0
15855,1,0,0,0,0
15856,1,0,0,0,0
15857,1,0,0,0,0
15858,0,0,0,0,1
15859,0,0,0,0,1
15860,0,0,0,0,1
15861,0,0,0,0,1
15862,0,0,0,0,1
15863,0,0,0,0,1
15864,0,0,0,0,1
15865,0,0,0,0,1
15866,0,0,0,0,1
15867,0,0,0,0,1
15868,0,0,0,0,1
15869,0,0,0,0,1
15870,0,0,0,0,1
15871,0,0,0,0,1
15872,0,0,0,0,1
15873,0,0,0,0,1
15874,0,0,0,0,1
15875,0,0,0,0,1
15876,0,0,0,0,1
15877,0,0,0,0,1
15878,0,0,0,0,1
15879,0,0,0,0,1
15880,0,0,0,0,1
15881,0,0,0,0,1
15882,0,0,0,0,1
15883,0,0,0,0,1
15884,0,0,0,0,1
15885,0,0,0,0,1
15886,0,0,0,0,1
15887,0,0,0,0,1
15888,0,0,0,0,1
15889,0,0,0,0,1
15890,0,0,0,0,1
15891,0,0,0,0,1
15892,0,0,0,0,1
15893,0,0,0,0,1
15894,0,0,0,0,1
15895,0,0,0,0,1
15896,0,0,0,0,1
15897,0,0,0,0,1
15898,0,0,0,0,1
15899,0,0,0,0,1
15900,0,0,0,0,1
15901,0,0,0,0,1
15902,0,0,0,0,1
15903,0,0,0,0,1
15904,0,0,0,0,1
15905,0,0,0,0,1
15906,0,0,0,0,1
15907,0,0,0,0,1
15908,0,0,0,0,1
15909,0,0,0,0,1
15910,0,0,0,0,1
15911,0,0,0,0,1
15912,0,0,0,0,1
15913,0,0,0,0,1
15914,0,0,0,0,1
15915,0,0,0,0,1
15916,0,0,0,0,1
15917,0,0,0,0,1
15918,0,0,0,0,1
15919,0,0,0,0,1
15920,0,0,0,0,1
15921,0,0,0,0,1
15922,0,0,0,0,1
15923,0,0,0,0,1
15924,0,0,0,0,1
15925,0,0,0,0,1
15926,0,0,0,0,1
15927,0,0,0,0,1
15928,0,0,0,0,1
15929,0,0,0,0,1
15930,0,0,0,0,1
15931,0,0,0,0,1
15932,0,0,0,0,1
15933,0,0,0,0,1
15934,0,0,0,0,1
15935,0,0,0,0,1
15936,0,0,0,0,1
15937,0,0,0,0,1
15938,0,0,0,0,1
15939,0,0,0,0,1
15940,0,0,0,0,1
15941,0,0,0,0,1
15942,0,0,0,0,1
15943,0,0,0,0,1
15944,0,0,0,0,1
15945,0,0,0,0,1
15946,0,0,0,0,1
15947,0,0,0,0,1
15948,0,0,0,0,1
15949,0,0,0,0,1
15950,0,0,0,0,1
15951,0,0,0,0,1
15952,0,0,0,0,1
15953,0,0,0,0,1
15954,0,0,0,0,1
15955,0,0,0,0,1
15956,0,0,0,0,1
15957,0,0,0,0,1
15958,0,0,0,0,1
15959,0,0,0,0,1
15960,0,0,0,0,1
15961,0,0,0,0,1
15962,1,0,0,0,0
15963,1,0,0,0,0
15964,1,0,0,0,0
15965,1,0,0,0,0
15966,1,0,0,0,0
15967,1,0,0,0,0
15968,1,0,0,0,0
15969,1,0,0,0,0
15970,1,0,0,0,0
15971,1,0,0,0,0
15972,1,0,0,0,0
15973,1,0,0,0,0
15974,1,0,0,0,0
15975,1,0,0,0,0
15976,1,0,0,0,0
15977,1,0,0,0,0
15978,1,0,0,0,0
15979,1,0,0,0,0
15980,1,0,0,0,0
15981,1,0,0,0,0
15982,1,0,0,0,0
15983,1,0,0,0,0
15984,1,0,0,0,0
15985,1,0,0,0,0
15986,1,0,0,0,0
15987,1,0,0,0,0
15988,1,0,0,0,0
15989,1,0,0,0,0
15990,1,0,0,0,0
15991,1,0,0,0,0
15992,1,0,0,0,0
15993,1,0,0,0,0
15994,0,0,0,0,1
15995,0,0,0,0,1
15996,0,0,0,0,1
15997,0,0,0,0,1
15998,0,0,0,0,1
15999,0,0,0,0,1
16000,0,0,0,0,1
16001,0,0,0,0,1
16002,0,0,0,0,1
16003,0,0,0,0,1
16004,0,0,0,0,1
16005,0,0,0,0,1
16006,0,0,0,0,1
16007,0,0,0,0,1
16008,0,0,0,0,1
16009,0,0,0,0,1
16010,0,0,0,0,1
16011,0,0,0,0,1
16012,0,0,0,0,1
16013,0,0,0,0,1
16014,0,0,0,0,1
16015,0,0,0,0,1
16016,1,0,0,0,0
16017,1,0,0,0,0
16018,1,0,0,0,0
16019,1,0,0,0,0
16020,1,0,0,0,0
16021,1,0,0,0,0
16022,1,0,0,0,0
16023,1,0,0,0,0
16024,1,0,0,0,0
16025,1,0,0,0,0
16026,1,0,0,0,0
16027,1,0,0,0,0
16028,1,0,0,0,0
16029,1,0,0,0,0
16030,1,0,0,0,0
16031,1,0,0,0,0
16032,1,0,0,0,0
16033,1,0,0,0,0
16034,0,0,0,0,1
16035,0,0,0,0,1
16036,0,0,0,0,1
16037,0,0,0,0,1
16038,0,0,0,0,1
16039,0,0,0,0,1
16040,0,0,0,0,1
16041,0,0,0,0,1
16042,0,0,0,0,1
16043,0,0,0,0,1
16044,0,0,0,0,1
16045,0,0,0,0,1
16046,0,0,0,0,1
16047,0,0,0,0,1
16048,0,0,0,0,1
16049,0,0,0,0,1
16050,0,0,0,0,1
16051,0,0,0,0,1
16052,0,0,0,0,1
16053,0,0,0,0,1
16054,0,0,0,0,1
16055,0,0,0,0,1
16056,0,0,0,0,1
16057,0,0,0,0,1
16058,0,0,0,0,1
16059,0,0,0,0,1
16060,0,0,0,0,1
16061,0,0,0,0,1
16062,0,0,0,0,1
16063,0,0,0,0,1
16064,0,0,0,0,1
16065,0,0,0,0,1
16066,0,0,0,0,1
16067,0,0,0,0,1
16068,0,0,0,0,1
16069,0,0,0,0,1
16070,0,0,0,0,1
16071,0,0,0,0,1
16072,0,0,0,0,1
16073,0,0,0,0,1
16074,0,0,0,0,1
16075,0,0,0,0,1
16076,0,0,0,0,1
16077,0,0,0,0,1
16078,0,0,0,0,1
16079,0,0,0,0,1
16080,0,0,0,0,1
16081,0,0,0,0,1
16082,0,0,0,0,1
16083,0,0,0,0,1
16084,0,0,0,0,1
16085,0,0,0,0,1
16086,0,0,0,0,1
16087,0,0,0,0,1
16088,0,0,0,0,1
16089,0,0,0,0,1
16090,0,0,0,0,1
16091,0,0,0,0,1
16092,0,0,0,0,1
16093,0,0,0,0,1
16094,0,0,0,0,1
16095,0,0,0,0,1
16096,0,0,0,0,1
16097,0,0,0,0,1
16098,0,0,0,0,1
16099,0,0,0,0,1
16100,0,0,0,0,1
16101,0,0,0,0,1
16102,0,0,0,0,1
16103,0,0,0,0,1
16104,0,0,0,0,1
16105,0,0,0,0,1
16106,0,0,0,0,1
16107,0,0,0,0,1
16108,0,0,0,0,1
16109,0,0,0,0,1
16110,0,0,0,0,1
16111,0,0,0,0,1
16112,0,0,0,0,1
16113,0,0,0,0,1
16114,0,0,0,0,1
16115,0,0,0,0,1
16116,0,0,0,0,1
16117,0,0,0,0,1
16118,0,0,0,0,1
16119,0,0,0,0,1
16120,0,0,0,0,1
16121,0,0,0,0,1
16122,0,0,0,0,1
16123,0,0,0,0,1
16124,0,0,0,0,1
16125,0,0,0,0,1
16126,0,0,0,0,1
16127,0,0,0,0,1
16128,0,0,0,0,1
16129,0,0,0,0,1
16130,0,0,0,0,1
16131,0,0,0,0,1
16132,0,0,0,0,1
16133,0,0,0,0,1
16134,0,0,0,0,1
16135,0,0,0,0,1
16136,0,0,0,0,1
16137,0,0,0,0,1
16138,0,0,0,0,1
16139,0,0,0,0,1
16140,0,0,0,0,1
16141,0,0,0,0,1
16142,0,0,0,0,1
16143,0,0,0,0,1
16144,0,0,0,0,1
16145,0,0,0,0,1
16146,0,0,0,0,1
16147,0,0,0,0,1
16148,0,0,0,0,1
16149,0,0,0,0,1
16150,0,0,0,0,1
16151,0,0,0,0,1
16152,0,0,0,0,1
16153,0,0,0,0,1
16154,0,0,0,0,1
16155,0,0,0,0,1
16156,0,0,0,0,1
16157,0,0,0,0,1
16158,0,0,0,0,1
16159,0,0,0,0,1
16160,0,0,0,0,1
16161,0,0,0,0,1
16162,0,0,0,0,1
16163,0,0,0,0,1
16164,0,0,0,0,1
16165,0,0,0,0,1
16166,0,0,0,0,1
16167,0,0,0,0,1
16168,0,0,0,0,1
16169,1,0,0,0,0
16170,1,0,0,0,0
16171,1,0,0,0,0
16172,1,0,0,0,0
16173,1,0,0,0,0
16174,1,0,0,0,0
16175,1,0,0,0,0
16176,1,0,0,0,0
16177,1,0,0,0,0
16178,1,0,0,0,0
16179,1,0,0,0,0
16180,1,0,0,0,0
16181,1,0,0,0,0
16182,1,0,0,0,0
16183,1,0,0,0,0
16184,1,0,0,0,0
16185,1,0,0,0,0
16186,1,0,0,0,0
16187,1,0,0,0,0
16188,1,0,0,0,0
16189,1,0,0,0,0
16190,1,0,0,0,0
16191,1,0,0,0,0
16192,1,0,0,0,0
16193,1,0,0,0,0
16194,1,0,0,0,0
16195,1,0,0,0,0
16196,1,0,0,0,0
16197,1,0,0,0,0
16198,1,0,0,0,0
16199,1,0,0,0,0
16200,1,0,0,0,0
16201,1,0,0,0,0
16202,1,0,0,0,0
16203,1,0,0,0,0
16204,1,0,0,0,0
16205,1,0,0,0,0
16206,1,0,0,0,0
16207,1,0,0,0,0
16208,1,0,0,0,0
16209,1,0,0,0,0
16210,1,0,0,0,0
16211,1,0,0,0,0
16212,1,0,0,0,0
16213,1,0,0,0,0
16214,1,0,0,0,0
16215,1,0,0,0,0
16216,1,0,0,0,0
16217,1,0,0,0,0
16218,1,0,0,0,0
16219,1,0,0,0,0
16220,1,0,0,0,0
16221,1,0,0,0,0
16222,1,0,0,0,0
16223,1,0,0,0,0
16224,1,0,0,0,0
16225,1,0,0,0,0
16226,1,0,0,0,0
16227,1,0,0,0,0
16228,1,0,0,0,0
16229,1,0,0,0,0
16230,1,0,0,0,0
16231,1,0,0,0,0
16232,1,0,0,0,0
16233,1,0,0,0,0
16234,1,0,0,0,0
16235,1,0,0,0,0
16236,1,0,0,0,0
16237,1,0,0,0,0
16238,1,0,0,0,0
16239,1,0,0,0,0
16240,1,0,0,0,0
16241,1,0,0,0,0
16242,1,0,0,0,0
16243,1,0,0,0,0
16244,1,0,0,0,0
16245,1,0,0,0,0
16246,1,0,0,0,0
16247,1,0,0,0,0
16248,1,0,0,0,0
16249,1,0,0,0,0
16250,1,0,0,0,0
16251,1,0,0,0,0
16252,1,0,0,0,0
16253,1,0,0,0,0
16254,0,0,0,0,1
16255,0,0,0,0,1
16256,0,0,0,0,1
16257,0,0,0,0,1
16258,0,0,0,0,1
16259,0,0,0,0,1
16260,0,0,0,0,1
16261,0,0,0,0,1
16262,0,0,0,0,1
16263,0,0,0,0,1
16264,0,0,0,0,1
16265,0,0,0,0,1
16266,0,0,0,0,1
16267,0,0,0,0,1
16268,0,0,0,0,1
16269,0,0,0,0,1
16270,0,0,0,0,1
16271,0,0,0,0,1
16272,0,0,0,0,1
16273,0,0,0,0,1
16274,0,0,0,0,1
16275,0,0,0,0,1
16276,0,0,0,0,1
16277,0,0,0,0,1
16278,0,0,0,0,1
16279,0,0,0,0,1
16280,0,0,0,0,1
16281,0,0,0,0,1
16282,0,0,0,0,1
16283,0,0,0,0,1
16284,0,0,0,0,1
16285,0,0,0,0,1
16286,0,0,0,0,1
16287,0,0,0,0,1
16288,0,0,0,0,1
16289,0,0,0,0,1
16290,0,0,0,0,1
16291,0,0,0,0,1
16292,1,0,0,0,0
16293,1,0,0,0,0
16294,1,0,0,0,0
16295,1,0,0,0,0
16296,1,0,0,0,0
16297,1,0,0,0,0
16298,1,0,0,0,0
16299,1,0,0,0,0
16300,1,0,0,0,0
16301,1,0,0,0,0
16302,1,0,0,0,0
16303,1,0,0,0,0
16304,1,0,0,0,0
16305,1,0,0,0,0
16306,1,0,0,0,0
16307,1,0,0,0,0
16308,1,0,0,0,0
16309,1,0,0,0,0
16310,1,0,0,0,0
16311,1,0,0,0,0
16312,1,0,0,0,0
16313,1,0,0,0,0
16314,1,0,0,0,0
16315,1,0,0,0,0
16316,1,0,0,0,0
16317,1,0,0,0,0
16318,1,0,0,0,0
16319,1,0,0,0,0
16320,1,0,0,0,0
16321,1,0,0,0,0
16322,1,0,0,0,0
16323,1,0,0,0,0
16324,1,0,0,0,0
16325,1,0,0,0,0
16326,0,0,0,1,0
16327,0,0,0,1,0
16328,0,0,0,1,0
16329,0,0,0,1,0
16330,0,0,0,1,0
16331,0,0,0,1,0
16332,0,0,0,1,0
16333,0,0,0,1,0
16334,0,0,0,1,0
16335,0,0,0,1,0
16336,0,0,0,1,0
16337,1,0,0,0,0
16338,1,0,0,0,0
16339,1,0,0,0,0
16340,1,0,0,0,0
16341,1,0,0,0,0
16342,1,0,0,0,0
16343,1,0,0,0,0
16344,1,0,0,0,0
16345,1,0,0,0,0
16346,1,0,0,0,0
16347,1,0,0,0,0
16348,1,0,0,0,0
16349,1,0,0,0,0
16350,1,0,0,0,0
16351,1,0,0,0,0
16352,1,0,0,0,0
16353,1,0,0,0,0
16354,1,0,0,0,0
16355,1,0,0,0,0
16356,1,0,0,0,0
16357,1,0,0,0,0
16358,1,0,0,0,0
16359,1,0,0,0,0
16360,1,0,0,0,0
16361,1,0,0,0,0
16362,1,0,0,0,0
16363,1,0,0,0,0
16364,1,0,0,0,0
16365,1,0,0,0,0
16366,1,0,0,0,0
16367,1,0,0,0,0
16368,1,0,0,0,0
16369,1,0,0,0,0
16370,1,0,0,0,0
16371,1,0,0,0,0
16372,1,0,0,0,0
16373,1,0,0,0,0
16374,1,0,0,0,0
16375,1,0,0,0,0
16376,1,0,0,0,0
16377,1,0,0,0,0
16378,1,0,0,0,0
16379,1,0,0,0,0
16380,1,0,0,0,0
16381,1,0,0,0,0
16382,1,0,0,0,0
16383,1,0,0,0,0
16384,1,0,0,0,0
16385,1,0,0,0,0
16386,1,0,0,0,0
16387,1,0,0,0,0
16388,1,0,0,0,0
16389,1,0,0,0,0
16390,1,0,0,0,0
16391,1,0,0,0,0
16392,1,0,0,0,0
16393,1,0,0,0,0
16394,1,0,0,0,0
16395,1,0,0,0,0
16396,1,0,0,0,0
16397,1,0,0,0,0
16398,1,0,0,0,0
16399,1,0,0,0,0
16400,1,0,0,0,0
16401,1,0,0,0,0
16402,1,0,0,0,0
16403,1,0,0,0,0
16404,1,0,0,0,0
16405,1,0,0,0,0
16406,1,0,0,0,0
16407,1,0,0,0,0
16408,1,0,0,0,0
16409,1,0,0,0,0
16410,1,0,0,0,0
16411,1,0,0,0,0
16412,1,0,0,0,0
16413,1,0,0,0,0
16414,1,0,0,0,0
16415,1,0,0,0,0
16416,1,0,0,0,0
16417,1,0,0,0,0
16418,1,0,0,0,0
16419,1,0,0,0,0
16420,1,0,0,0,0
16421,1,0,0,0,0
16422,1,0,0,0,0
16423,1,0,0,0,0
16424,1,0,0,0,0
16425,1,0,0,0,0
16426,1,0,0,0,0
16427,1,0,0,0,0
16428,1,0,0,0,0
16429,1,0,0,0,0
16430,1,0,0,0,0
16431,1,0,0,0,0
16432,1,0,0,0,0
16433,1,0,0,0,0
16434,1,0,0,0,0
16435,1,0,0,0,0
16436,1,0,0,0,0
16437,1,0,0,0,0
16438,1,0,0,0,0
16439,1,0,0,0,0
16440,1,0,0,0,0
16441,1,0,0,0,0
16442,1,0,0,0,0
16443,1,0,0,0,0
16444,1,0,0,0,0
16445,1,0,0,0,0
16446,1,0,0,0,0
16447,1,0,0,0,0
16448,1,0,0,0,0
16449,1,0,0,0,0
16450,1,0,0,0,0
16451,1,0,0,0,0
16452,1,0,0,0,0
16453,1,0,0,0,0
16454,1,0,0,0,0
16455,1,0,0,0,0
16456,1,0,0,0,0
16457,1,0,0,0,0
16458,1,0,0,0,0
16459,1,0,0,0,0
16460,1,0,0,0,0
16461,1,0,0,0,0
16462,1,0,0,0,0
16463,1,0,0,0,0
16464,1,0,0,0,0
16465,1,0,0,0,0
16466,1,0,0,0,0
16467,1,0,0,0,0
16468,1,0,0,0,0
16469,1,0,0,0,0
16470,1,0,0,0,0
16471,1,0,0,0,0
16472,1,0,0,0,0
16473,1,0,0,0,0
16474,1,0,0,0,0
16475,1,0,0,0,0
16476,1,0,0,0,0
16477,1,0,0,0,0
16478,1,0,0,0,0
16479,1,0,0,0,0
16480,1,0,0,0,0
16481,1,0,0,0,0
16482,1,0,0,0,0
16483,1,0,0,0,0
16484,1,0,0,0,0
16485,1,0,0,0,0
16486,1,0,0,0,0
16487,1,0,0,0,0
16488,1,0,0,0,0
16489,1,0,0,0,0
16490,1,0,0,0,0
16491,1,0,0,0,0
16492,1,0,0,0,0
16493,1,0,0,0,0
16494,1,0,0,0,0
16495,1,0,0,0,0
16496,1,0,0,0,0
16497,1,0,0,0,0
16498,1,0,0,0,0
16499,1,0,0,0,0
16500,1,0,0,0,0
16501,1,0,0,0,0
16502,1,0,0,0,0
16503,1,0,0,0,0
16504,1,0,0,0,0
16505,1,0,0,0,0
16506,1,0,0,0,0
16507,1,0,0,0,0
16508,1,0,0,0,0
16509,0,0,0,0,1
16510,0,0,0,0,1
16511,0,0,0,0,1
16512,0,0,0,0,1
16513,0,0,0,0,1
16514,0,0,0,0,1
16515,0,0,0,0,1
16516,0,0,0,0,1
16517,0,0,0,0,1
16518,0,0,0,0,1
16519,0,0,0,0,1
16520,0,0,0,0,1
16521,0,0,0,0,1
16522,0,0,0,0,1
16523,0,0,0,0,1
16524,0,0,0,0,1
16525,1,0,0,0,0
16526,1,0,0,0,0
16527,1,0,0,0,0
16528,1,0,0,0,0
16529,1,0,0,0,0
16530,1,0,0,0,0
16531,1,0,0,0,0
16532,1,0,0,0,0
16533,1,0,0,0,0
16534,1,0,0,0,0
16535,1,0,0,0,0
16536,1,0,0,0,0
16537,1,0,0,0,0
16538,1,0,0,0,0
16539,1,0,0,0,0
16540,1,0,0,0,0
16541,1,0,0,0,0
16542,1,0,0,0,0
16543,1,0,0,0,0
16544,1,0,0,0,0
16545,1,0,0,0,0
16546,1,0,0,0,0
16547,1,0,0,0,0
16548,1,0,0,0,0
16549,1,0,0,0,0
16550,1,0,0,0,0
16551,1,0,0,0,0
16552,1,0,0,0,0
16553,1,0,0,0,0
16554,1,0,0,0,0
16555,1,0,0,0,0
16556,1,0,0,0,0
16557,1,0,0,0,0
16558,1,0,0,0,0
16559,1,0,0,0,0
16560,1,0,0,0,0
16561,1,0,0,0,0
16562,1,0,0,0,0
16563,1,0,0,0,0
16564,1,0,0,0,0
16565,1,0,0,0,0
16566,1,0,0,0,0
16567,1,0,0,0,0
16568,1,0,0,0,0
16569,1,0,0,0,0
16570,1,0,0,0,0
16571,0,0,0,0,1
16572,0,0,0,0,1
16573,0,0,0,0,1
16574,0,0,0,0,1
16575,0,0,0,0,1
16576,0,0,0,0,1
16577,0,0,0,0,1
16578,0,0,0,0,1
16579,0,0,0,0,1
16580,0,0,0,0,1
16581,0,0,0,0,1
16582,0,0,0,0,1
16583,0,0,0,0,1
16584,0,0,0,0,1
16585,0,0,0,0,1
16586,0,0,0,0,1
16587,0,0,0,0,1
16588,0,0,0,0,1
16589,0,0,0,0,1
16590,0,0,0,0,1
16591,0,0,0,0,1
16592,0,0,0,0,1
16593,0,0,0,0,1
16594,0,0,0,0,1
16595,0,0,0,0,1
16596,0,0,0,0,1
16597,0,0,0,0,1
16598,0,0,0,0,1
16599,0,0,0,0,1
16600,0,0,0,0,1
16601,0,0,0,0,1
16602,0,0,0,0,1
16603,1,0,0,0,0
16604,1,0,0,0,0
16605,1,0,0,0,0
16606,1,0,0,0,0
16607,1,0,0,0,0
16608,1,0,0,0,0
16609,1,0,0,0,0
16610,1,0,0,0,0
16611,0,0,0,0,1
16612,0,0,0,0,1
16613,0,0,0,0,1
16614,0,0,0,0,1
16615,0,0,0,0,1
16616,0,0,0,0,1
16617,0,0,0,0,1
16618,0,0,0,0,1
16619,0,0,0,0,1
16620,0,0,0,0,1
16621,0,0,0,0,1
16622,0,0,0,0,1
16623,0,0,0,0,1
16624,0,0,0,0,1
16625,0,0,0,0,1
16626,1,0,0,0,0
16627,1,0,0,0,0
16628,1,0,0,0,0
16629,1,0,0,0,0
16630,1,0,0,0,0
16631,1,0,0,0,0
16632,1,0,0,0,0
16633,1,0,0,0,0
16634,1,0,0,0,0
16635,1,0,0,0,0
16636,1,0,0,0,0
16637,1,0,0,0,0
16638,1,0,0,0,0
16639,1,0,0,0,0
16640,1,0,0,0,0
16641,1,0,0,0,0
16642,1,0,0,0,0
16643,1,0,0,0,0
16644,1,0,0,0,0
16645,1,0,0,0,0
16646,0,0,0,0,1
16647,0,0,0,0,1
16648,0,0,0,0,1
16649,0,0,0,0,1
16650,0,0,0,0,1
16651,0,0,0,0,1
16652,0,0,0,0,1
16653,0,0,0,0,1
16654,0,0,0,0,1
16655,0,0,0,0,1
16656,0,0,0,0,1
16657,0,0,0,0,1
16658,0,0,0,0,1
16659,0,0,0,0,1
16660,0,0,0,0,1
16661,0,0,0,0,1
16662,0,0,0,0,1
16663,0,0,0,0,1
16664,0,0,0,0,1
16665,0,0,0,0,1
16666,0,0,0,0,1
16667,0,0,0,0,1
16668,0,0,0,0,1
16669,0,0,0,0,1
16670,0,0,0,0,1
16671,0,0,0,0,1
16672,0,0,0,0,1
16673,0,0,0,0,1
16674,0,0,0,0,1
16675,0,0,0,0,1
16676,0,0,0,0,1
16677,0,0,0,0,1
16678,0,0,0,0,1
16679,0,0,0,0,1
16680,0,0,0,0,1
16681,0,0,0,0,1
16682,0,0,0,0,1
16683,0,0,0,0,1
16684,0,0,0,0,1
16685,0,0,0,0,1
16686,0,0,0,0,1
16687,0,0,0,0,1
16688,0,0,0,0,1
16689,0,0,0,0,1
16690,0,0,0,0,1
16691,0,0,0,0,1
16692,0,0,0,0,1
16693,0,0,0,0,1
16694,0,0,0,0,1
16695,0,0,0,0,1
16696,0,0,0,0,1
16697,0,0,0,0,1
16698,1,0,0,0,0
16699,1,0,0,0,0
16700,1,0,0,0,0
16701,1,0,0,0,0
16702,1,0,0,0,0
16703,1,0,0,0,0
16704,1,0,0,0,0
16705,1,0,0,0,0
16706,1,0,0,0,0
16707,1,0,0,0,0
16708,1,0,0,0,0
16709,1,0,0,0,0
16710,1,0,0,0,0
16711,1,0,0,0,0
16712,1,0,0,0,0
16713,1,0,0,0,0
16714,1,0,0,0,0
16715,1,0,0,0,0
16716,1,0,0,0,0
16717,1,0,0,0,0
16718,1,0,0,0,0
16719,1,0,0,0,0
16720,1,0,0,0,0
16721,1,0,0,0,0
16722,1,0,0,0,0
16723,1,0,0,0,0
16724,1,0,0,0,0
16725,1,0,0,0,0
16726,1,0,0,0,0
16727,1,0,0,0,0
16728,0,0,0,0,1
16729,0,0,0,0,1
16730,0,0,0,0,1
16731,0,0,0,0,1
16732,0,0,0,0,1
16733,0,0,0,0,1
16734,0,0,0,0,1
16735,0,0,0,0,1
16736,0,0,0,0,1
16737,0,0,0,0,1
16738,0,0,0,0,1
16739,0,0,0,0,1
16740,0,0,0,0,1
16741,0,0,0,0,1
16742,0,0,0,0,1
16743,0,0,0,0,1
16744,0,0,0,0,1
16745,0,0,0,0,1
16746,0,0,0,0,1
16747,0,0,0,0,1
16748,0,0,0,0,1
16749,0,0,0,0,1
16750,0,0,0,0,1
16751,0,0,0,0,1
16752,0,0,0,0,1
16753,0,0,0,0,1
16754,0,0,0,0,1
16755,0,0,0,0,1
16756,0,0,0,0,1
16757,0,0,0,0,1
16758,0,0,0,0,1
16759,0,0,0,0,1
16760,0,0,0,0,1
16761,0,0,0,0,1
16762,0,0,0,0,1
16763,0,0,0,0,1
16764,0,0,0,0,1
16765,0,0,0,0,1
16766,0,0,0,0,1
16767,0,0,0,0,1
16768,0,0,0,0,1
16769,0,0,0,0,1
16770,0,0,0,0,1
16771,0,0,0,0,1
16772,0,0,0,0,1
16773,0,0,0,0,1
16774,0,0,0,0,1
16775,0,0,0,0,1
16776,0,0,0,0,1
16777,0,0,0,0,1
16778,0,0,0,0,1
16779,0,0,0,0,1
16780,0,0,0,0,1
16781,0,0,0,0,1
16782,0,0,0,0,1
16783,0,0,0,0,1
16784,0,0,0,0,1
16785,0,0,0,0,1
16786,0,0,0,0,1
16787,0,0,0,0,1
16788,0,0,0,0,1
16789,0,0,0,0,1
16790,0,0,0,0,1
16791,0,0,0,0,1
16792,0,0,0,0,1
16793,0,0,0,0,1
16794,0,0,0,0,1
16795,0,0,0,0,1
16796,0,0,0,0,1
16797,0,0,0,0,1
16798,0,0,0,0,1
16799,0,0,0,0,1
16800,0,0,0,0,1
16801,1,0,0,0,0
16802,1,0,0,0,0
16803,1,0,0,0,0
16804,1,0,0,0,0
16805,1,0,0,0,0
16806,1,0,0,0,0
16807,1,0,0,0,0
16808,1,0,0,0,0
16809,1,0,0,0,0
16810,1,0,0,0,0
16811,1,0,0,0,0
16812,1,0,0,0,0
16813,1,0,0,0,0
16814,1,0,0,0,0
16815,1,0,0,0,0
16816,1,0,0,0,0
16817,1,0,0,0,0
16818,1,0,0,0,0
16819,1,0,0,0,0
16820,1,0,0,0,0
16821,1,0,0,0,0
16822,1,0,0,0,0
16823,1,0,0,0,0
16824,1,0,0,0,0
16825,1,0,0,0,0
16826,1,0,0,0,0
16827,1,0,0,0,0
16828,1,0,0,0,0
16829,1,0,0,0,0
16830,1,0,0,0,0
16831,1,0,0,0,0
16832,1,0,0,0,0
16833,1,0,0,0,0
16834,1,0,0,0,0
16835,1,0,0,0,0
16836,1,0,0,0,0
16837,1,0,0,0,0
16838,1,0,0,0,0
16839,1,0,0,0,0
16840,1,0,0,0,0
16841,1,0,0,0,0
16842,1,0,0,0,0
16843,1,0,0,0,0
16844,1,0,0,0,0
16845,1,0,0,0,0
16846,1,0,0,0,0
16847,1,0,0,0,0
16848,1,0,0,0,0
16849,1,0,0,0,0
16850,1,0,0,0,0
16851,1,0,0,0,0
16852,1,0,0,0,0
16853,1,0,0,0,0
16854,1,0,0,0,0
16855,1,0,0,0,0
16856,1,0,0,0,0
16857,1,0,0,0,0
16858,1,0,0,0,0
16859,1,0,0,0,0
16860,1,0,0,0,0
16861,1,0,0,0,0
16862,1,0,0,0,0
16863,1,0,0,0,0
16864,1,0,0,0,0
16865,1,0,0,0,0
16866,1,0,0,0,0
16867,1,0,0,0,0
16868,1,0,0,0,0
16869,1,0,0,0,0
16870,1,0,0,0,0
16871,1,0,0,0,0
16872,1,0,0,0,0
16873,1,0,0,0,0
16874,1,0,0,0,0
16875,1,0,0,0,0
16876,1,0,0,0,0
16877,1,0,0,0,0
16878,1,0,0,0,0
16879,1,0,0,0,0
16880,1,0,0,0,0
16881,1,0,0,0,0
16882,1,0,0,0,0
16883,1,0,0,0,0
16884,1,0,0,0,0
16885,1,0,0,0,0
16886,1,0,0,0,0
16887,1,0,0,0,0
16888,1,0,0,0,0
16889,1,0,0,0,0
16890,1,0,0,0,0
16891,1,0,0,0,0
16892,1,0,0,0,0
16893,1,0,0,0,0
16894,1,0,0,0,0
16895,1,0,0,0,0
16896,1,0,0,0,0
16897,1,0,0,0,0
16898,1,0,0,0,0
16899,1,0,0,0,0
16900,1,0,0,0,0
16901,1,0,0,0,0
16902,1,0,0,0,0
16903,1,0,0,0,0
16904,1,0,0,0,0
16905,1,0,0,0,0
16906,1,0,0,0,0
16907,1,0,0,0,0
16908,1,0,0,0,0
16909,1,0,0,0,0
16910,1,0,0,0,0
16911,1,0,0,0,0
16912,1,0,0,0,0
16913,1,0,0,0,0
16914,1,0,0,0,0
16915,1,0,0,0,0
16916,1,0,0,0,0
16917,1,0,0,0,0
16918,1,0,0,0,0
16919,1,0,0,0,0
16920,1,0,0,0,0
16921,1,0,0,0,0
16922,1,0,0,0,0
16923,1,0,0,0,0
16924,1,0,0,0,0
16925,1,0,0,0,0
16926,1,0,0,0,0
16927,1,0,0,0,0
16928,1,0,0,0,0
16929,1,0,0,0,0
16930,1,0,0,0,0
16931,1,0,0,0,0
16932,1,0,0,0,0
16933,1,0,0,0,0
16934,1,0,0,0,0
16935,1,0,0,0,0
16936,1,0,0,0,0
16937,1,0,0,0,0
16938,1,0,0,0,0
16939,1,0,0,0,0
16940,1,0,0,0,0
16941,1,0,0,0,0
16942,1,0,0,0,0
16943,1,0,0,0,0
16944,1,0,0,0,0
16945,1,0,0,0,0
16946,1,0,0,0,0
16947,1,0,0,0,0
16948,1,0,0,0,0
16949,1,0,0,0,0
16950,1,0,0,0,0
16951,1,0,0,0,0
16952,1,0,0,0,0
16953,1,0,0,0,0
16954,1,0,0,0,0
16955,1,0,0,0,0
16956,1,0,0,0,0
16957,1,0,0,0,0
16958,1,0,0,0,0
16959,1,0,0,0,0
16960,1,0,0,0,0
16961,1,0,0,0,0
16962,1,0,0,0,0
16963,1,0,0,0,0
16964,1,0,0,0,0
16965,1,0,0,0,0
16966,1,0,0,0,0
16967,1,0,0,0,0
16968,1,0,0,0,0
16969,1,0,0,0,0
16970,1,0,0,0,0
16971,1,0,0,0,0
16972,1,0,0,0,0
16973,1,0,0,0,0
16974,1,0,0,0,0
16975,1,0,0,0,0
16976,1,0,0,0,0
16977,1,0,0,0,0
16978,1,0,0,0,0
16979,1,0,0,0,0
16980,1,0,0,0,0
16981,1,0,0,0,0
16982,1,0,0,0,0
16983,1,0,0,0,0
16984,1,0,0,0,0
16985,1,0,0,0,0
16986,1,0,0,0,0
16987,1,0,0,0,0
16988,1,0,0,0,0
16989,1,0,0,0,0
16990,1,0,0,0,0
16991,0,1,0,0,0
16992,0,1,0,0,0
16993,0,1,0,0,0
16994,0,1,0,0,0
16995,0,1,0,0,0
16996,0,1,0,0,0
16997,0,1,0,0,0
16998,0,1,0,0,0
16999,0,1,0,0,0
17000,0,1,0,0,0
17001,0,1,0,0,0
17002,0,1,0,0,0
17003,0,1,0,0,0
17004,0,1,0,0,0
17005,0,1,0,0,0
17006,0,1,0,0,0
17007,0,1,0,0,0
17008,0,1,0,0,0
17009,0,1,0,0,0
17010,0,1,0,0,0
17011,0,1,0,0,0
17012,0,1,0,0,0
17013,0,1,0,0,0
17014,0,1,0,0,0
17015,0,1,0,0,0
17016,0,1,0,0,0
17017,0,1,0,0,0
17018,0,1,0,0,0
17019,0,1,0,0,0
17020,0,1,0,0,0
17021,0,1,0,0,0
17022,0,1,0,0,0
17023,0,1,0,0,0
17024,0,1,0,0,0
17025,0,1,0,0,0
17026,0,1,0,0,0
17027,0,1,0,0,0
17028,0,1,0,0,0
17029,0,1,0,0,0
17030,0,1,0,0,0
17031,0,1,0,0,0
17032,0,1,0,0,0
17033,0,1,0,0,0
17034,0,1,0,0,0
17035,0,1,0,0,0
17036,0,1,0,0,0
17037,0,1,0,0,0
17038,0,1,0,0,0
17039,0,1,0,0,0
17040,0,1,0,0,0
17041,0,1,0,0,0
17042,0,1,0,0,0
17043,0,1,0,0,0
17044,0,1,0,0,0
17045,0,1,0,0,0
17046,0,1,0,0,0
17047,0,1,0,0,0
17048,0,1,0,0,0
17049,0,1,0,0,0
17050,0,1,0,0,0
17051,0,1,0,0,0
17052,0,1,0,0,0
17053,0,1,0,0,0
17054,0,1,0,0,0
17055,1,0,0,0,0
17056,1,0,0,0,0
17057,1,0,0,0,0
17058,1,0,0,0,0
17059,1,0,0,0,0
17060,1,0,0,0,0
17061,1,0,0,0,0
17062,1,0,0,0,0
17063,1,0,0,0,0
17064,1,0,0,0,0
17065,1,0,0,0,0
17066,1,0,0,0,0
17067,1,0,0,0,0
17068,1,0,0,0,0
17069,1,0,0,0,0
17070,1,0,0,0,0
17071,1,0,0,0,0
17072,1,0,0,0,0
17073,1,0,0,0,0
17074,1,0,0,0,0
17075,1,0,0,0,0
17076,1,0,0,0,0
17077,1,0,0,0,0
17078,1,0,0,0,0
17079,1,0,0,0,0
17080,1,0,0,0,0
17081,1,0,0,0,0
17082,1,0,0,0,0
17083,1,0,0,0,0
17084,1,0,0,0,0
17085,1,0,0,0,0
17086,1,0,0,0,0
17087,1,0,0,0,0
17088,1,0,0,0,0
17089,1,0,0,0,0
17090,1,0,0,0,0
17091,1,0,0,0,0
17092,1,0,0,0,0
17093,1,0,0,0,0
17094,1,0,0,0,0
17095,1,0,0,0,0
17096,1,0,0,0,0
17097,1,0,0,0,0
17098,1,0,0,0,0
17099,1,0,0,0,0
17100,1,0,0,0,0
17101,1,0,0,0,0
17102,1,0,0,0,0
17103,1,0,0,0,0
17104,1,0,0,0,0
17105,1,0,0,0,0
17106,1,0,0,0,0
17107,1,0,0,0,0
17108,1,0,0,0,0
17109,1,0,0,0,0
17110,1,0,0,0,0
17111,1,0,0,0,0
17112,1,0,0,0,0
17113,1,0,0,0,0
17114,1,0,0,0,0
17115,1,0,0,0,0
17116,1,0,0,0,0
17117,1,0,0,0,0
17118,1,0,0,0,0
17119,1,0,0,0,0
17120,1,0,0,0,0
17121,1,0,0,0,0
17122,1,0,0,0,0
17123,1,0,0,0,0
17124,1,0,0,0,0
17125,1,0,0,0,0
17126,1,0,0,0,0
17127,1,0,0,0,0
17128,1,0,0,0,0
17129,1,0,0,0,0
17130,1,0,0,0,0
17131,1,0,0,0,0
17132,1,0,0,0,0
17133,1,0,0,0,0
17134,1,0,0,0,0
17135,1,0,0,0,0
17136,1,0,0,0,0
17137,1,0,0,0,0
17138,1,0,0,0,0
17139,1,0,0,0,0
17140,1,0,0,0,0
17141,1,0,0,0,0
17142,1,0,0,0,0
17143,1,0,0,0,0
17144,1,0,0,0,0
17145,1,0,0,0,0
17146,1,0,0,0,0
17147,1,0,0,0,0
17148,1,0,0,0,0
17149,1,0,0,0,0
17150,1,0,0,0,0
17151,1,0,0,0,0
17152,1,0,0,0,0
17153,1,0,0,0,0
17154,1,0,0,0,0
17155,1,0,0,0,0
17156,1,0,0,0,0
17157,1,0,0,0,0
17158,1,0,0,0,0
17159,1,0,0,0,0
17160,1,0,0,0,0
17161,1,0,0,0,0
17162,1,0,0,0,0
17163,1,0,0,0,0
17164,1,0,0,0,0
17165,1,0,0,0,0
17166,1,0,0,0,0
17167,1,0,0,0,0
17168,1,0,0,0,0
17169,1,0,0,0,0
17170,1,0,0,0,0
17171,1,0,0,0,0
17172,1,0,0,0,0
17173,1,0,0,0,0
17174,1,0,0,0,0
17175,1,0,0,0,0
17176,1,0,0,0,0
17177,1,0,0,0,0
17178,1,0,0,0,0
17179,1,0,0,0,0
17180,1,0,0,0,0
17181,1,0,0,0,0
17182,1,0,0,0,0
17183,1,0,0,0,0
17184,1,0,0,0,0
17185,1,0,0,0,0
17186,1,0,0,0,0
17187,1,0,0,0,0
17188,1,0,0,0,0
17189,1,0,0,0,0
17190,1,0,0,0,0
17191,1,0,0,0,0
17192,1,0,0,0,0
17193,1,0,0,0,0
17194,1,0,0,0,0
17195,1,0,0,0,0
17196,1,0,0,0,0
17197,1,0,0,0,0
17198,1,0,0,0,0
17199,1,0,0,0,0
17200,1,0,0,0,0
17201,1,0,0,0,0
17202,1,0,0,0,0
17203,1,0,0,0,0
17204,1,0,0,0,0
17205,1,0,0,0,0
17206,1,0,0,0,0
17207,1,0,0,0,0
17208,1,0,0,0,0
17209,1,0,0,0,0
17210,1,0,0,0,0
17211,1,0,0,0,0
17212,1,0,0,0,0
17213,1,0,0,0,0
17214,1,0,0,0,0
17215,1,0,0,0,0
17216,1,0,0,0,0
17217,1,0,0,0,0
17218,1,0,0,0,0
17219,1,0,0,0,0
17220,1,0,0,0,0
17221,1,0,0,0,0
17222,1,0,0,0,0
17223,1,0,0,0,0
17224,1,0,0,0,0
17225,1,0,0,0,0
17226,1,0,0,0,0
17227,1,0,0,0,0
17228,1,0,0,0,0
17229,1,0,0,0,0
17230,1,0,0,0,0
17231,1,0,0,0,0
17232,1,0,0,0,0
17233,1,0,0,0,0
17234,1,0,0,0,0
17235,1,0,0,0,0
17236,1,0,0,0,0
17237,1,0,0,0,0
17238,1,0,0,0,0
17239,1,0,0,0,0
17240,1,0,0,0,0
17241,1,0,0,0,0
17242,1,0,0,0,0
17243,1,0,0,0,0
17244,1,0,0,0,0
17245,1,0,0,0,0
17246,1,0,0,0,0
17247,1,0,0,0,0
17248,1,0,0,0,0
17249,1,0,0,0,0
17250,1,0,0,0,0
17251,1,0,0,0,0
17252,1,0,0,0,0
17253,1,0,0,0,0
17254,1,0,0,0,0
17255,1,0,0,0,0
17256,1,0,0,0,0
17257,1,0,0,0,0
17258,1,0,0,0,0
17259,1,0,0,0,0
17260,1,0,0,0,0
17261,1,0,0,0,0
17262,1,0,0,0,0
17263,1,0,0,0,0
17264,1,0,0,0,0
17265,1,0,0,0,0
17266,1,0,0,0,0
17267,1,0,0,0,0
17268,1,0,0,0,0
17269,1,0,0,0,0
17270,1,0,0,0,0
17271,1,0,0,0,0
17272,1,0,0,0,0
17273,1,0,0,0,0
17274,1,0,0,0,0
17275,1,0,0,0,0
17276,1,0,0,0,0
17277,1,0,0,0,0
17278,1,0,0,0,0
17279,1,0,0,0,0
17280,1,0,0,0,0
17281,1,0,0,0,0
17282,1,0,0,0,0
17283,1,0,0,0,0
17284,1,0,0,0,0
17285,1,0,0,0,0
17286,1,0,0,0,0
17287,1,0,0,0,0
17288,1,0,0,0,0
17289,1,0,0,0,0
17290,1,0,0,0,0
17291,1,0,0,0,0
17292,1,0,0,0,0
17293,1,0,0,0,0
17294,1,0,0,0,0
17295,1,0,0,0,0
17296,1,0,0,0,0
17297,1,0,0,0,0
17298,1,0,0,0,0
17299,1,0,0,0,0
17300,1,0,0,0,0
17301,1,0,0,0,0
17302,1,0,0,0,0
17303,1,0,0,0,0
17304,1,0,0,0,0
17305,1,0,0,0,0
17306,1,0,0,0,0
17307,1,0,0,0,0
17308,1,0,0,0,0
17309,1,0,0,0,0
17310,1,0,0,0,0
17311,1,0,0,0,0
17312,1,0,0,0,0
17313,1,0,0,0,0
17314,1,0,0,0,0
17315,1,0,0,0,0
17316,1,0,0,0,0
17317,1,0,0,0,0
17318,1,0,0,0,0
17319,1,0,0,0,0
17320,1,0,0,0,0
17321,1,0,0,0,0
17322,1,0,0,0,0
17323,1,0,0,0,0
17324,1,0,0,0,0
17325,1,0,0,0,0
17326,1,0,0,0,0
17327,1,0,0,0,0
17328,1,0,0,0,0
17329,1,0,0,0,0
17330,1,0,0,0,0
17331,1,0,0,0,0
17332,1,0,0,0,0
17333,1,0,0,0,0
17334,1,0,0,0,0
17335,1,0,0,0,0
17336,1,0,0,0,0
17337,1,0,0,0,0
17338,1,0,0,0,0
17339,1,0,0,0,0
17340,1,0,0,0,0
17341,1,0,0,0,0
17342,1,0,0,0,0
17343,1,0,0,0,0
17344,1,0,0,0,0
17345,1,0,0,0,0
17346,1,0,0,0,0
17347,1,0,0,0,0
17348,1,0,0,0,0
17349,1,0,0,0,0
17350,1,0,0,0,0
17351,1,0,0,0,0
17352,1,0,0,0,0
17353,1,0,0,0,0
17354,1,0,0,0,0
17355,1,0,0,0,0
17356,1,0,0,0,0
17357,1,0,0,0,0
17358,1,0,0,0,0
17359,1,0,0,0,0
17360,1,0,0,0,0
17361,1,0,0,0,0
17362,1,0,0,0,0
17363,1,0,0,0,0
17364,1,0,0,0,0
17365,1,0,0,0,0
17366,1,0,0,0,0
17367,1,0,0,0,0
17368,1,0,0,0,0
17369,1,0,0,0,0
17370,1,0,0,0,0
17371,1,0,0,0,0
17372,1,0,0,0,0
17373,1,0,0,0,0
17374,1,0,0,0,0
17375,1,0,0,0,0
17376,1,0,0,0,0
17377,1,0,0,0,0
17378,1,0,0,0,0
17379,1,0,0,0,0
17380,1,0,0,0,0
17381,1,0,0,0,0
17382,1,0,0,0,0
17383,1,0,0,0,0
17384,1,0,0,0,0
17385,1,0,0,0,0
17386,1,0,0,0,0
17387,1,0,0,0,0
17388,1,0,0,0,0
17389,1,0,0,0,0
17390,1,0,0,0,0
17391,1,0,0,0,0
17392,1,0,0,0,0
17393,1,0,0,0,0
17394,1,0,0,0,0
17395,1,0,0,0,0
17396,1,0,0,0,0
17397,1,0,0,0,0
17398,1,0,0,0,0
17399,1,0,0,0,0
17400,1,0,0,0,0
17401,1,0,0,0,0
17402,1,0,0,0,0
17403,1,0,0,0,0
17404,1,0,0,0,0
17405,1,0,0,0,0
17406,1,0,0,0,0
17407,1,0,0,0,0
17408,1,0,0,0,0
17409,1,0,0,0,0
17410,1,0,0,0,0
17411,1,0,0,0,0
17412,1,0,0,0,0
17413,1,0,0,0,0
17414,1,0,0,0,0
17415,1,0,0,0,0
17416,1,0,0,0,0
17417,1,0,0,0,0
17418,1,0,0,0,0
17419,0,1,0,0,0
17420,0,1,0,0,0
17421,0,1,0,0,0
17422,0,1,0,0,0
17423,0,1,0,0,0
17424,0,1,0,0,0
17425,0,1,0,0,0
17426,0,1,0,0,0
17427,0,1,0,0,0
17428,0,1,0,0,0
17429,0,1,0,0,0
17430,0,1,0,0,0
17431,0,1,0,0,0
17432,0,1,0,0,0
17433,0,1,0,0,0
17434,0,1,0,0,0
17435,0,1,0,0,0
17436,0,1,0,0,0
17437,0,1,0,0,0
17438,0,1,0,0,0
17439,0,1,0,0,0
17440,0,1,0,0,0
17441,0,1,0,0,0
17442,0,1,0,0,0
17443,0,1,0,0,0
17444,0,1,0,0,0
17445,0,1,0,0,0
17446,0,1,0,0,0
17447,0,1,0,0,0
17448,0,1,0,0,0
17449,0,1,0,0,0
17450,1,0,0,0,0
17451,1,0,0,0,0
17452,1,0,0,0,0
17453,1,0,0,0,0
17454,1,0,0,0,0
17455,1,0,0,0,0
17456,1,0,0,0,0
17457,1,0,0,0,0
17458,1,0,0,0,0
17459,1,0,0,0,0
17460,1,0,0,0,0
17461,1,0,0,0,0
17462,0,0,0,0,1
17463,0,0,0,0,1
17464,0,0,0,0,1
17465,0,0,0,0,1
17466,0,0,0,0,1
17467,0,0,0,0,1
17468,0,0,0,0,1
17469,0,0,0,0,1
17470,0,0,0,0,1
17471,0,0,0,0,1
17472,0,0,0,0,1
17473,0,0,0,0,1
17474,0,0,0,0,1
17475,0,0,0,0,1
17476,0,0,0,0,1
17477,0,0,0,0,1
17478,0,0,0,0,1
17479,0,0,0,0,1
17480,0,0,0,0,1
17481,0,0,0,0,1
17482,0,0,0,0,1
17483,0,0,0,0,1
17484,0,0,0,0,1
17485,0,0,0,0,1
17486,0,0,0,0,1
17487,0,0,0,0,1
17488,0,0,0,0,1
17489,0,0,0,0,1
17490,0,0,0,0,1
17491,0,0,0,0,1
17492,0,0,0,0,1
17493,0,0,0,0,1
17494,0,0,0,0,1
17495,0,0,0,0,1
17496,0,0,0,0,1
17497,0,0,0,0,1
17498,0,0,0,0,1
17499,0,0,0,0,1
17500,0,0,0,0,1
17501,0,0,0,0,1
17502,0,0,0,0,1
17503,0,0,0,0,1
17504,0,0,0,0,1
17505,0,0,0,0,1
17506,0,0,0,0,1
17507,0,0,0,0,1
17508,0,0,0,0,1
17509,0,0,0,0,1
17510,0,0,0,0,1
17511,0,0,0,0,1
17512,0,0,0,0,1
17513,0,0,0,0,1
17514,0,0,0,0,1
17515,0,0,0,0,1
17516,0,0,0,0,1
17517,0,0,0,0,1
17518,0,0,0,0,1
17519,0,0,0,0,1
17520,0,0,0,0,1
17521,0,0,0,0,1
17522,0,0,0,0,1
17523,0,0,0,0,1
17524,0,0,0,0,1
17525,0,0,0,0,1
17526,0,0,0,0,1
17527,0,0,0,0,1
17528,0,0,0,1,0
17529,0,0,0,1,0
17530,0,0,0,1,0
17531,0,0,0,1,0
17532,0,0,0,1,0
17533,0,0,0,1,0
17534,0,0,0,1,0
17535,0,0,0,1,0
17536,0,0,0,1,0
17537,0,0,0,0,1
17538,0,0,0,0,1
17539,0,0,0,0,1
17540,0,0,0,0,1
17541,0,0,0,0,1
17542,0,0,0,0,1
17543,0,0,0,0,1
17544,0,0,0,0,1
17545,0,0,0,0,1
17546,0,0,0,0,1
17547,0,0,0,0,1
17548,0,0,0,0,1
17549,0,0,0,0,1
17550,0,0,0,0,1
17551,0,0,0,0,1
17552,0,0,0,0,1
17553,0,0,0,0,1
17554,0,0,0,0,1
17555,0,0,0,0,1
17556,0,0,0,0,1
17557,0,0,0,0,1
17558,0,0,0,0,1
17559,0,0,0,0,1
17560,0,0,0,0,1
17561,0,0,0,0,1
17562,0,0,0,0,1
17563,0,0,0,0,1
17564,0,0,0,0,1
17565,0,0,0,0,1
17566,0,0,0,0,1
17567,0,0,0,0,1
17568,0,0,0,0,1
17569,0,0,0,0,1
17570,0,0,0,0,1
17571,0,0,0,0,1
17572,0,0,0,0,1
17573,0,0,0,0,1
17574,0,0,0,0,1
17575,0,0,0,0,1
17576,0,0,0,0,1
17577,0,0,0,0,1
17578,0,0,0,0,1
17579,0,0,0,0,1
17580,1,0,0,0,0
17581,1,0,0,0,0
17582,1,0,0,0,0
17583,1,0,0,0,0
17584,1,0,0,0,0
17585,1,0,0,0,0
17586,1,0,0,0,0
17587,1,0,0,0,0
17588,1,0,0,0,0
17589,1,0,0,0,0
17590,1,0,0,0,0
17591,1,0,0,0,0
17592,1,0,0,0,0
17593,1,0,0,0,0
17594,1,0,0,0,0
17595,1,0,0,0,0
17596,1,0,0,0,0
17597,1,0,0,0,0
17598,1,0,0,0,0
17599,1,0,0,0,0
17600,1,0,0,0,0
17601,1,0,0,0,0
17602,1,0,0,0,0
17603,1,0,0,0,0
17604,1,0,0,0,0
17605,1,0,0,0,0
17606,1,0,0,0,0
17607,1,0,0,0,0
17608,1,0,0,0,0
17609,1,0,0,0,0
17610,1,0,0,0,0
17611,1,0,0,0,0
17612,1,0,0,0,0
17613,1,0,0,0,0
17614,1,0,0,0,0
17615,1,0,0,0,0
17616,1,0,0,0,0
17617,1,0,0,0,0
17618,1,0,0,0,0
17619,0,0,0,0,1
17620,0,0,0,0,1
17621,0,0,0,0,1
17622,0,0,0,0,1
17623,0,0,0,0,1
17624,0,0,0,0,1
17625,0,0,0,0,1
17626,0,0,0,0,1
17627,0,0,0,0,1
17628,0,0,0,0,1
17629,0,0,0,0,1
17630,0,0,0,0,1
17631,0,0,0,0,1
17632,0,0,0,0,1
17633,0,0,0,0,1
17634,0,0,0,0,1
17635,0,0,0,0,1
17636,0,0,0,0,1
17637,0,0,0,0,1
17638,1,0,0,0,0
17639,1,0,0,0,0
17640,1,0,0,0,0
17641,1,0,0,0,0
17642,1,0,0,0,0
17643,1,0,0,0,0
17644,1,0,0,0,0
17645,1,0,0,0,0
17646,1,0,0,0,0
17647,1,0,0,0,0
17648,1,0,0,0,0
17649,1,0,0,0,0
17650,1,0,0,0,0
17651,1,0,0,0,0
17652,1,0,0,0,0
17653,1,0,0,0,0
17654,1,0,0,0,0
17655,1,0,0,0,0
17656,1,0,0,0,0
17657,1,0,0,0,0
17658,1,0,0,0,0
17659,1,0,0,0,0
17660,1,0,0,0,0
17661,1,0,0,0,0
17662,1,0,0,0,0
17663,1,0,0,0,0
17664,1,0,0,0,0
17665,1,0,0,0,0
17666,1,0,0,0,0
17667,1,0,0,0,0
17668,1,0,0,0,0
17669,1,0,0,0,0
17670,1,0,0,0,0
17671,1,0,0,0,0
17672,1,0,0,0,0
17673,1,0,0,0,0
17674,1,0,0,0,0
17675,1,0,0,0,0
17676,1,0,0,0,0
17677,1,0,0,0,0
17678,1,0,0,0,0
17679,1,0,0,0,0
17680,1,0,0,0,0
17681,1,0,0,0,0
17682,1,0,0,0,0
17683,1,0,0,0,0
17684,1,0,0,0,0
17685,1,0,0,0,0
17686,1,0,0,0,0
17687,1,0,0,0,0
17688,1,0,0,0,0
17689,1,0,0,0,0
17690,1,0,0,0,0
17691,1,0,0,0,0
17692,1,0,0,0,0
17693,1,0,0,0,0
17694,1,0,0,0,0
17695,1,0,0,0,0
17696,1,0,0,0,0
17697,1,0,0,0,0
17698,1,0,0,0,0
17699,1,0,0,0,0
17700,1,0,0,0,0
17701,1,0,0,0,0
17702,1,0,0,0,0
17703,0,1,0,0,0
17704,0,1,0,0,0
17705,0,1,0,0,0
17706,0,1,0,0,0
17707,0,1,0,0,0
17708,0,1,0,0,0
17709,0,1,0,0,0
17710,0,1,0,0,0
17711,0,1,0,0,0
17712,0,1,0,0,0
17713,0,1,0,0,0
17714,0,1,0,0,0
17715,0,1,0,0,0
17716,0,1,0,0,0
17717,0,1,0,0,0
17718,0,1,0,0,0
17719,0,1,0,0,0
17720,0,1,0,0,0
17721,0,1,0,0,0
17722,0,1,0,0,0
17723,0,1,0,0,0
17724,0,1,0,0,0
17725,0,1,0,0,0
17726,0,1,0,0,0
17727,0,1,0,0,0
17728,0,1,0,0,0
17729,0,1,0,0,0
17730,0,1,0,0,0
17731,0,1,0,0,0
17732,0,1,0,0,0
17733,0,1,0,0,0
17734,0,1,0,0,0
17735,0,1,0,0,0
17736,0,1,0,0,0
17737,0,1,0,0,0
17738,0,1,0,0,0
17739,0,1,0,0,0
17740,0,1,0,0,0
17741,0,1,0,0,0
17742,0,1,0,0,0
17743,0,1,0,0,0
17744,0,1,0,0,0
17745,0,1,0,0,0
17746,0,1,0,0,0
17747,0,1,0,0,0
17748,0,1,0,0,0
17749,0,1,0,0,0
17750,0,1,0,0,0
17751,0,1,0,0,0
17752,0,1,0,0,0
17753,0,1,0,0,0
17754,0,1,0,0,0
17755,0,1,0,0,0
17756,0,1,0,0,0
17757,0,1,0,0,0
17758,0,1,0,0,0
17759,0,1,0,0,0
17760,0,1,0,0,0
17761,0,1,0,0,0
17762,0,1,0,0,0
17763,0,1,0,0,0
17764,0,1,0,0,0
17765,0,1,0,0,0
17766,0,1,0,0,0
17767,0,1,0,0,0
17768,0,1,0,0,0
17769,0,1,0,0,0
17770,0,1,0,0,0
17771,0,1,0,0,0
17772,0,1,0,0,0
17773,0,1,0,0,0
17774,0,1,0,0,0
17775,0,1,0,0,0
17776,0,1,0,0,0
17777,0,1,0,0,0
17778,0,1,0,0,0
17779,0,1,0,0,0
17780,0,1,0,0,0
17781,0,1,0,0,0
17782,0,1,0,0,0
17783,0,1,0,0,0
17784,0,1,0,0,0
17785,0,1,0,0,0
17786,0,1,0,0,0
17787,0,1,0,0,0
17788,0,1,0,0,0
17789,0,1,0,0,0
17790,0,1,0,0,0
17791,0,1,0,0,0
17792,0,1,0,0,0
17793,0,1,0,0,0
17794,0,1,0,0,0
17795,0,1,0,0,0
17796,0,1,0,0,0
17797,0,1,0,0,0
17798,0,1,0,0,0
17799,0,1,0,0,0
17800,0,1,0,0,0
17801,0,1,0,0,0
17802,0,1,0,0,0
17803,0,1,0,0,0
17804,0,1,0,0,0
17805,1,0,0,0,0
17806,1,0,0,0,0
17807,1,0,0,0,0
17808,1,0,0,0,0
17809,1,0,0,0,0
17810,1,0,0,0,0
17811,1,0,0,0,0
17812,1,0,0,0,0
17813,1,0,0,0,0
17814,1,0,0,0,0
17815,1,0,0,0,0
17816,1,0,0,0,0
17817,1,0,0,0,0
17818,1,0,0,0,0
17819,1,0,0,0,0
17820,1,0,0,0,0
17821,1,0,0,0,0
17822,1,0,0,0,0
17823,1,0,0,0,0
17824,1,0,0,0,0
17825,1,0,0,0,0
17826,1,0,0,0,0
17827,1,0,0,0,0
17828,1,0,0,0,0
17829,1,0,0,0,0
17830,1,0,0,0,0
17831,1,0,0,0,0
17832,1,0,0,0,0
17833,1,0,0,0,0
17834,1,0,0,0,0
17835,1,0,0,0,0
17836,1,0,0,0,0
17837,1,0,0,0,0
17838,1,0,0,0,0
17839,1,0,0,0,0
17840,1,0,0,0,0
17841,1,0,0,0,0
17842,1,0,0,0,0
17843,1,0,0,0,0
17844,1,0,0,0,0
17845,1,0,0,0,0
17846,1,0,0,0,0
17847,1,0,0,0,0
17848,1,0,0,0,0
17849,1,0,0,0,0
17850,1,0,0,0,0
17851,1,0,0,0,0
17852,1,0,0,0,0
17853,1,0,0,0,0
17854,1,0,0,0,0
17855,1,0,0,0,0
17856,1,0,0,0,0
17857,1,0,0,0,0
17858,1,0,0,0,0
17859,1,0,0,0,0
17860,1,0,0,0,0
17861,1,0,0,0,0
17862,1,0,0,0,0
17863,1,0,0,0,0
17864,1,0,0,0,0
17865,1,0,0,0,0
17866,1,0,0,0,0
17867,1,0,0,0,0
17868,1,0,0,0,0
17869,1,0,0,0,0
17870,1,0,0,0,0
17871,1,0,0,0,0
17872,1,0,0,0,0
17873,1,0,0,0,0
17874,1,0,0,0,0
17875,1,0,0,0,0
17876,1,0,0,0,0
17877,1,0,0,0,0
17878,1,0,0,0,0
17879,1,0,0,0,0
17880,1,0,0,0,0
17881,1,0,0,0,0
17882,1,0,0,0,0
17883,1,0,0,0,0
17884,1,0,0,0,0
17885,1,0,0,0,0
17886,1,0,0,0,0
17887,1,0,0,0,0
17888,1,0,0,0,0
17889,1,0,0,0,0
17890,1,0,0,0,0
17891,1,0,0,0,0
17892,1,0,0,0,0
17893,1,0,0,0,0
17894,1,0,0,0,0
17895,1,0,0,0,0
17896,1,0,0,0,0
17897,0,0,0,0,1
17898,0,0,0,0,1
17899,0,0,0,0,1
17900,0,0,0,0,1
17901,0,0,0,0,1
17902,0,0,0,0,1
17903,0,0,0,0,1
17904,0,0,0,0,1
17905,0,0,0,0,1
17906,0,0,0,0,1
17907,0,0,0,0,1
17908,0,0,0,0,1
17909,0,0,0,0,1
17910,0,0,0,0,1
17911,0,0,0,0,1
17912,0,0,0,0,1
17913,0,0,0,0,1
17914,0,0,0,0,1
17915,0,0,0,0,1
17916,0,0,0,0,1
17917,0,0,0,0,1
17918,0,0,0,0,1
17919,0,0,0,0,1
17920,0,0,0,0,1
17921,0,0,0,0,1
17922,0,0,0,0,1
17923,0,0,0,0,1
17924,0,0,0,0,1
17925,0,0,0,0,1
17926,0,0,0,0,1
17927,0,0,0,0,1
17928,0,0,0,0,1
17929,0,0,0,0,1
17930,0,0,0,0,1
17931,1,0,0,0,0
17932,1,0,0,0,0
17933,1,0,0,0,0
17934,1,0,0,0,0
17935,1,0,0,0,0
17936,1,0,0,0,0
17937,1,0,0,0,0
17938,1,0,0,0,0
17939,1,0,0,0,0
17940,1,0,0,0,0
17941,1,0,0,0,0
17942,1,0,0,0,0
17943,1,0,0,0,0
17944,1,0,0,0,0
17945,1,0,0,0,0
17946,1,0,0,0,0
17947,1,0,0,0,0
17948,1,0,0,0,0
17949,1,0,0,0,0
17950,1,0,0,0,0
17951,1,0,0,0,0
17952,1,0,0,0,0
17953,1,0,0,0,0
17954,1,0,0,0,0
17955,1,0,0,0,0
17956,1,0,0,0,0
17957,1,0,0,0,0
17958,1,0,0,0,0
17959,1,0,0,0,0
17960,1,0,0,0,0
17961,1,0,0,0,0
17962,1,0,0,0,0
17963,1,0,0,0,0
17964,1,0,0,0,0
17965,1,0,0,0,0
17966,1,0,0,0,0
17967,1,0,0,0,0
17968,1,0,0,0,0
17969,1,0,0,0,0
17970,1,0,0,0,0
17971,1,0,0,0,0
17972,1,0,0,0,0
17973,1,0,0,0,0
17974,1,0,0,0,0
17975,1,0,0,0,0
17976,1,0,0,0,0
17977,1,0,0,0,0
17978,1,0,0,0,0
17979,1,0,0,0,0
17980,1,0,0,0,0
17981,1,0,0,0,0
17982,1,0,0,0,0
17983,1,0,0,0,0
17984,1,0,0,0,0
17985,1,0,0,0,0
17986,1,0,0,0,0
17987,1,0,0,0,0
17988,1,0,0,0,0
17989,1,0,0,0,0
17990,1,0,0,0,0
17991,1,0,0,0,0
17992,1,0,0,0,0
17993,1,0,0,0,0
17994,1,0,0,0,0
17995,1,0,0,0,0
17996,1,0,0,0,0
17997,1,0,0,0,0
17998,0,0,0,0,1
17999,0,0,0,0,1
18000,0,0,0,0,1
18001,0,0,0,0,1
18002,0,0,0,0,1
18003,0,0,0,0,1
18004,0,0,0,0,1
18005,0,0,0,0,1
18006,0,0,0,0,1
18007,0,0,0,0,1
18008,0,0,0,0,1
18009,0,0,0,0,1
18010,0,0,0,0,1
18011,0,0,0,0,1
18012,0,0,0,0,1
18013,0,0,0,0,1
18014,0,0,0,0,1
18015,0,0,0,0,1
18016,0,0,0,0,1
18017,0,0,0,0,1
18018,0,0,0,0,1
18019,0,0,0,0,1
18020,0,0,0,0,1
18021,0,0,0,0,1
18022,0,0,0,0,1
18023,0,0,0,0,1
18024,0,0,0,0,1
18025,0,0,0,0,1
18026,0,0,0,0,1
18027,0,0,0,0,1
18028,0,0,0,0,1
18029,0,0,0,0,1
18030,0,0,0,0,1
18031,0,0,0,0,1
18032,0,0,0,0,1
18033,0,0,0,0,1
18034,0,0,0,0,1
18035,0,0,0,0,1
18036,0,0,0,0,1
18037,0,0,0,0,1
18038,0,0,0,0,1
18039,0,0,0,0,1
18040,0,0,0,0,1
18041,0,0,0,0,1
18042,0,0,0,0,1
18043,0,0,0,0,1
18044,0,0,0,0,1
18045,0,0,0,0,1
18046,0,0,0,0,1
18047,0,0,0,0,1
18048,0,0,0,0,1
18049,0,0,0,0,1
18050,0,0,0,0,1
18051,0,0,0,0,1
18052,0,0,0,0,1
18053,0,0,0,0,1
18054,0,0,0,0,1
18055,0,0,0,0,1
18056,0,0,0,0,1
18057,0,0,0,0,1
18058,0,0,0,0,1
18059,0,0,0,0,1
18060,0,0,0,0,1
18061,0,0,0,0,1
18062,0,0,0,0,1
18063,0,0,0,0,1
18064,0,0,0,0,1
18065,0,0,0,0,1
18066,0,0,0,0,1
18067,0,0,0,0,1
18068,0,0,0,0,1
18069,0,0,0,0,1
18070,0,0,0,0,1
18071,0,0,0,0,1
18072,0,0,0,0,1
18073,0,0,0,0,1
18074,0,0,0,0,1
18075,0,0,0,0,1
18076,0,0,0,0,1
18077,0,0,0,0,1
18078,0,0,0,0,1
18079,0,0,0,0,1
18080,0,0,0,0,1
18081,0,0,0,0,1
18082,0,0,0,0,1
18083,0,0,0,0,1
18084,0,0,0,0,1
18085,0,0,0,0,1
18086,0,0,0,0,1
18087,0,0,0,0,1
18088,0,0,0,0,1
18089,0,0,0,0,1
18090,0,0,0,0,1
18091,0,0,0,0,1
18092,0,0,0,0,1
18093,0,0,0,0,1
18094,0,0,0,0,1
18095,0,0,0,0,1
18096,0,0,0,0,1
18097,0,0,0,0,1
18098,0,0,0,0,1
18099,0,0,0,0,1
18100,0,0,0,0,1
18101,0,0,0,0,1
18102,0,0,0,0,1
18103,0,0,0,0,1
18104,0,0,0,0,1
18105,0,0,0,0,1
18106,0,0,0,0,1
18107,0,0,0,0,1
18108,0,0,0,0,1
18109,0,0,0,0,1
18110,0,0,0,0,1
18111,0,0,0,0,1
18112,0,0,0,0,1
18113,0,0,0,0,1
18114,0,0,0,0,1
18115,0,0,0,0,1
18116,0,0,0,0,1
18117,0,0,0,0,1
18118,0,0,0,0,1
18119,0,0,0,0,1
18120,0,0,0,0,1
18121,0,0,0,0,1
18122,0,0,0,0,1
18123,0,0,0,0,1
18124,0,0,0,0,1
18125,0,0,0,0,1
18126,0,0,0,0,1
18127,0,0,0,0,1
18128,0,0,0,1,0
18129,0,0,0,1,0
18130,0,0,0,1,0
18131,0,0,0,1,0
18132,0,0,0,1,0
18133,0,0,0,1,0
18134,0,0,0,1,0
18135,0,0,0,1,0
18136,0,0,0,1,0
18137,0,0,0,1,0
18138,0,0,0,1,0
18139,0,0,0,1,0
18140,0,0,0,1,0
18141,0,0,0,1,0
18142,0,0,0,1,0
18143,1,0,0,0,0
18144,1,0,0,0,0
18145,1,0,0,0,0
18146,1,0,0,0,0
18147,1,0,0,0,0
18148,1,0,0,0,0
18149,1,0,0,0,0
18150,1,0,0,0,0
18151,1,0,0,0,0
18152,1,0,0,0,0
18153,1,0,0,0,0
18154,1,0,0,0,0
18155,1,0,0,0,0
18156,1,0,0,0,0
18157,1,0,0,0,0
18158,1,0,0,0,0
18159,1,0,0,0,0
18160,1,0,0,0,0
18161,1,0,0,0,0
18162,1,0,0,0,0
18163,1,0,0,0,0
18164,1,0,0,0,0
18165,1,0,0,0,0
18166,1,0,0,0,0
18167,1,0,0,0,0
18168,1,0,0,0,0
18169,1,0,0,0,0
18170,1,0,0,0,0
18171,1,0,0,0,0
18172,1,0,0,0,0
18173,1,0,0,0,0
18174,1,0,0,0,0
18175,1,0,0,0,0
18176,1,0,0,0,0
18177,1,0,0,0,0
18178,1,0,0,0,0
18179,1,0,0,0,0
18180,1,0,0,0,0
18181,1,0,0,0,0
18182,1,0,0,0,0
18183,1,0,0,0,0
18184,1,0,0,0,0
18185,1,0,0,0,0
18186,1,0,0,0,0
18187,1,0,0,0,0
18188,1,0,0,0,0
18189,1,0,0,0,0
18190,1,0,0,0,0
18191,1,0,0,0,0
18192,1,0,0,0,0
18193,1,0,0,0,0
18194,1,0,0,0,0
18195,1,0,0,0,0
18196,1,0,0,0,0
18197,1,0,0,0,0
18198,1,0,0,0,0
18199,1,0,0,0,0
18200,1,0,0,0,0
18201,1,0,0,0,0
18202,1,0,0,0,0
18203,1,0,0,0,0
18204,1,0,0,0,0
18205,1,0,0,0,0
18206,1,0,0,0,0
18207,1,0,0,0,0
18208,1,0,0,0,0
18209,1,0,0,0,0
18210,1,0,0,0,0
18211,1,0,0,0,0
18212,1,0,0,0,0
18213,1,0,0,0,0
18214,1,0,0,0,0
18215,1,0,0,0,0
18216,0,1,0,0,0
18217,0,1,0,0,0
18218,0,1,0,0,0
18219,0,1,0,0,0
18220,0,1,0,0,0
18221,0,1,0,0,0
18222,0,1,0,0,0
18223,0,1,0,0,0
18224,0,1,0,0,0
18225,0,1,0,0,0
18226,0,1,0,0,0
18227,0,1,0,0,0
18228,0,1,0,0,0
18229,0,1,0,0,0
18230,0,1,0,0,0
18231,0,1,0,0,0
18232,0,1,0,0,0
18233,0,1,0,0,0
18234,0,1,0,0,0
18235,0,1,0,0,0
18236,0,1,0,0,0
18237,0,1,0,0,0
18238,0,1,0,0,0
18239,0,1,0,0,0
18240,0,1,0,0,0
18241,0,1,0,0,0
18242,0,1,0,0,0
18243,0,1,0,0,0
18244,0,1,0,0,0
18245,0,1,0,0,0
18246,0,1,0,0,0
18247,0,1,0,0,0
18248,0,1,0,0,0
18249,0,1,0,0,0
18250,0,1,0,0,0
18251,0,1,0,0,0
18252,0,1,0,0,0
18253,0,1,0,0,0
18254,0,1,0,0,0
18255,0,1,0,0,0
18256,0,1,0,0,0
18257,0,1,0,0,0
18258,0,1,0,0,0
18259,0,1,0,0,0
18260,0,1,0,0,0
18261,0,1,0,0,0
18262,0,1,0,0,0
18263,0,1,0,0,0
18264,0,1,0,0,0
18265,0,1,0,0,0
18266,0,1,0,0,0
18267,0,1,0,0,0
18268,0,1,0,0,0
18269,0,0,0,0,1
18270,0,0,0,0,1
18271,0,0,0,0,1
18272,0,0,0,0,1
18273,0,0,0,0,1
18274,0,0,0,0,1
18275,0,0,0,0,1
18276,0,0,0,0,1
18277,0,0,0,0,1
18278,0,0,0,0,1
18279,0,0,0,0,1
18280,0,0,0,0,1
18281,0,0,0,0,1
18282,0,0,0,0,1
18283,0,0,0,0,1
18284,0,0,0,0,1
18285,0,0,0,0,1
18286,0,0,0,0,1
18287,0,0,0,0,1
18288,0,0,0,0,1
18289,0,0,0,0,1
18290,0,0,0,0,1
18291,0,0,0,0,1
18292,0,0,0,0,1
18293,0,0,0,0,1
18294,0,0,0,0,1
18295,0,0,0,0,1
18296,0,0,0,0,1
18297,0,0,0,0,1
18298,0,0,0,0,1
18299,0,0,0,0,1
18300,0,0,0,0,1
18301,0,0,0,0,1
18302,0,0,0,0,1
18303,0,0,0,0,1
18304,0,0,0,0,1
18305,0,0,0,0,1
18306,0,0,0,0,1
18307,0,0,0,0,1
18308,0,0,0,0,1
18309,1,0,0,0,0
18310,1,0,0,0,0
18311,1,0,0,0,0
18312,1,0,0,0,0
18313,1,0,0,0,0
18314,1,0,0,0,0
18315,1,0,0,0,0
18316,1,0,0,0,0
18317,1,0,0,0,0
18318,1,0,0,0,0
18319,1,0,0,0,0
18320,1,0,0,0,0
18321,1,0,0,0,0
18322,1,0,0,0,0
18323,1,0,0,0,0
18324,1,0,0,0,0
18325,1,0,0,0,0
18326,1,0,0,0,0
18327,1,0,0,0,0
18328,1,0,0,0,0
18329,1,0,0,0,0
18330,1,0,0,0,0
18331,1,0,0,0,0
18332,1,0,0,0,0
18333,1,0,0,0,0
18334,1,0,0,0,0
18335,1,0,0,0,0
18336,1,0,0,0,0
18337,1,0,0,0,0
18338,1,0,0,0,0
18339,1,0,0,0,0
18340,1,0,0,0,0
18341,1,0,0,0,0
18342,1,0,0,0,0
18343,1,0,0,0,0
18344,1,0,0,0,0
18345,1,0,0,0,0
18346,1,0,0,0,0
18347,1,0,0,0,0
18348,1,0,0,0,0
18349,1,0,0,0,0
18350,1,0,0,0,0
18351,1,0,0,0,0
18352,1,0,0,0,0
18353,1,0,0,0,0
18354,1,0,0,0,0
18355,1,0,0,0,0
18356,1,0,0,0,0
18357,1,0,0,0,0
18358,1,0,0,0,0
18359,1,0,0,0,0
18360,1,0,0,0,0
18361,1,0,0,0,0
18362,1,0,0,0,0
18363,1,0,0,0,0
18364,1,0,0,0,0
18365,1,0,0,0,0
18366,1,0,0,0,0
18367,1,0,0,0,0
18368,1,0,0,0,0
18369,1,0,0,0,0
18370,1,0,0,0,0
18371,1,0,0,0,0
18372,1,0,0,0,0
18373,1,0,0,0,0
18374,1,0,0,0,0
18375,1,0,0,0,0
18376,1,0,0,0,0
18377,1,0,0,0,0
18378,1,0,0,0,0
18379,1,0,0,0,0
18380,1,0,0,0,0
18381,1,0,0,0,0
18382,1,0,0,0,0
18383,1,0,0,0,0
18384,1,0,0,0,0
18385,1,0,0,0,0
18386,1,0,0,0,0
18387,1,0,0,0,0
18388,1,0,0,0,0
18389,1,0,0,0,0
18390,1,0,0,0,0
18391,1,0,0,0,0
18392,1,0,0,0,0
18393,1,0,0,0,0
18394,1,0,0,0,0
18395,1,0,0,0,0
18396,1,0,0,0,0
18397,1,0,0,0,0
18398,1,0,0,0,0
18399,1,0,0,0,0
18400,1,0,0,0,0
18401,1,0,0,0,0
18402,1,0,0,0,0
18403,1,0,0,0,0
18404,1,0,0,0,0
18405,1,0,0,0,0
18406,1,0,0,0,0
18407,1,0,0,0,0
18408,1,0,0,0,0
18409,1,0,0,0,0
18410,1,0,0,0,0
18411,1,0,0,0,0
18412,1,0,0,0,0
18413,1,0,0,0,0
18414,1,0,0,0,0
18415,1,0,0,0,0
18416,1,0,0,0,0
18417,1,0,0,0,0
18418,1,0,0,0,0
18419,1,0,0,0,0
18420,1,0,0,0,0
18421,1,0,0,0,0
18422,1,0,0,0,0
18423,1,0,0,0,0
18424,1,0,0,0,0
18425,1,0,0,0,0
18426,1,0,0,0,0
18427,1,0,0,0,0
18428,1,0,0,0,0
18429,1,0,0,0,0
18430,1,0,0,0,0
18431,0,0,0,1,0
18432,0,0,0,1,0
18433,0,0,0,1,0
18434,0,0,0,1,0
18435,0,0,0,1,0
18436,0,0,0,1,0
18437,0,0,0,1,0
18438,0,0,0,1,0
18439,0,0,0,1,0
18440,0,0,0,1,0
18441,0,0,0,1,0
18442,0,0,0,1,0
18443,0,0,0,1,0
18444,0,0,0,1,0
18445,0,0,0,1,0
18446,0,0,0,1,0
18447,0,0,0,1,0
18448,0,0,0,1,0
18449,0,0,0,1,0
18450,0,0,0,1,0
18451,0,0,0,1,0
18452,0,0,0,1,0
18453,0,0,0,1,0
18454,0,0,0,1,0
18455,0,0,0,1,0
18456,0,0,0,1,0
18457,0,0,0,1,0
18458,0,0,0,1,0
18459,0,0,0,1,0
18460,0,0,0,1,0
18461,0,0,0,1,0
18462,0,0,0,1,0
18463,0,0,0,1,0
18464,0,0,0,1,0
18465,0,0,0,1,0
18466,0,0,0,1,0
18467,0,0,0,1,0
18468,0,0,0,1,0
18469,0,0,0,1,0
18470,0,0,0,1,0
18471,0,0,0,1,0
18472,0,0,0,1,0
18473,0,0,0,1,0
18474,0,0,0,1,0
18475,0,0,0,1,0
18476,0,0,0,1,0
18477,0,0,0,1,0
18478,0,0,0,1,0
18479,0,0,0,1,0
18480,0,0,0,1,0
18481,0,0,0,1,0
18482,0,0,0,1,0
18483,0,0,0,1,0
18484,0,0,0,1,0
18485,0,0,0,1,0
18486,0,0,0,1,0
18487,0,0,0,1,0
18488,0,0,0,1,0
18489,0,0,0,1,0
18490,0,0,0,1,0
18491,0,0,0,1,0
18492,0,0,0,1,0
18493,0,0,0,1,0
18494,0,0,0,1,0
18495,0,0,0,1,0
18496,0,0,0,1,0
18497,0,0,0,1,0
18498,0,0,0,1,0
18499,0,0,0,1,0
18500,0,0,0,1,0
18501,0,0,0,1,0
18502,0,0,0,1,0
18503,0,0,0,1,0
18504,0,0,0,1,0
18505,0,0,0,1,0
18506,0,0,0,1,0
18507,0,0,0,1,0
18508,0,0,0,1,0
18509,0,0,0,1,0
18510,0,0,0,1,0
18511,0,0,0,1,0
18512,0,0,0,1,0
18513,0,0,0,1,0
18514,0,0,0,1,0
18515,0,0,0,1,0
18516,0,0,0,1,0
18517,0,0,0,1,0
18518,0,0,0,1,0
18519,0,0,0,1,0
18520,0,0,0,1,0
18521,0,0,0,1,0
18522,0,0,0,1,0
18523,0,0,0,1,0
18524,0,0,0,1,0
18525,0,0,0,1,0
18526,0,0,0,1,0
18527,0,0,0,1,0
18528,0,0,0,1,0
18529,0,0,0,1,0
18530,0,0,0,1,0
18531,0,0,0,1,0
18532,0,0,0,1,0
18533,0,0,0,1,0
18534,0,0,0,1,0
18535,0,0,0,1,0
18536,0,0,0,1,0
18537,0,0,0,1,0
18538,0,0,0,1,0
18539,0,0,0,1,0
18540,0,0,0,1,0
18541,0,0,0,1,0
18542,0,0,0,1,0
18543,0,0,0,1,0
18544,0,0,0,1,0
18545,0,0,0,1,0
18546,0,0,0,1,0
18547,0,0,0,1,0
18548,0,0,0,1,0
18549,0,0,0,1,0
18550,0,0,0,1,0
18551,0,0,0,1,0
18552,0,0,0,1,0
18553,0,0,0,1,0
18554,0,0,0,1,0
18555,0,0,0,1,0
18556,0,0,0,1,0
18557,0,0,0,1,0
18558,0,0,0,1,0
18559,0,0,0,1,0
18560,0,0,0,1,0
18561,1,0,0,0,0
18562,1,0,0,0,0
18563,1,0,0,0,0
18564,1,0,0,0,0
18565,1,0,0,0,0
18566,1,0,0,0,0
18567,1,0,0,0,0
18568,1,0,0,0,0
18569,1,0,0,0,0
18570,1,0,0,0,0
18571,1,0,0,0,0
18572,1,0,0,0,0
18573,1,0,0,0,0
18574,1,0,0,0,0
18575,1,0,0,0,0
18576,1,0,0,0,0
18577,1,0,0,0,0
18578,1,0,0,0,0
18579,1,0,0,0,0
18580,1,0,0,0,0
18581,1,0,0,0,0
18582,1,0,0,0,0
18583,1,0,0,0,0
18584,1,0,0,0,0
18585,1,0,0,0,0
18586,1,0,0,0,0
18587,1,0,0,0,0
18588,1,0,0,0,0
18589,1,0,0,0,0
18590,1,0,0,0,0
18591,1,0,0,0,0
18592,1,0,0,0,0
18593,1,0,0,0,0
18594,1,0,0,0,0
18595,1,0,0,0,0
18596,1,0,0,0,0
18597,1,0,0,0,0
18598,1,0,0,0,0
18599,1,0,0,0,0
18600,1,0,0,0,0
18601,1,0,0,0,0
18602,1,0,0,0,0
18603,1,0,0,0,0
18604,1,0,0,0,0
18605,1,0,0,0,0
18606,1,0,0,0,0
18607,1,0,0,0,0
18608,1,0,0,0,0
18609,1,0,0,0,0
18610,1,0,0,0,0
18611,1,0,0,0,0
18612,1,0,0,0,0
18613,1,0,0,0,0
18614,1,0,0,0,0
18615,1,0,0,0,0
18616,1,0,0,0,0
18617,1,0,0,0,0
18618,1,0,0,0,0
18619,1,0,0,0,0
18620,1,0,0,0,0
18621,1,0,0,0,0
18622,1,0,0,0,0
18623,1,0,0,0,0
18624,1,0,0,0,0
18625,1,0,0,0,0
18626,1,0,0,0,0
18627,1,0,0,0,0
18628,1,0,0,0,0
18629,1,0,0,0,0
18630,1,0,0,0,0
18631,1,0,0,0,0
18632,1,0,0,0,0
18633,1,0,0,0,0
18634,1,0,0,0,0
18635,1,0,0,0,0
18636,1,0,0,0,0
18637,1,0,0,0,0
18638,1,0,0,0,0
18639,1,0,0,0,0
18640,1,0,0,0,0
18641,1,0,0,0,0
18642,1,0,0,0,0
18643,1,0,0,0,0
18644,1,0,0,0,0
18645,1,0,0,0,0
18646,1,0,0,0,0
18647,1,0,0,0,0
18648,1,0,0,0,0
18649,1,0,0,0,0
18650,1,0,0,0,0
18651,1,0,0,0,0
18652,1,0,0,0,0
18653,1,0,0,0,0
18654,1,0,0,0,0
18655,1,0,0,0,0
18656,1,0,0,0,0
18657,1,0,0,0,0
18658,1,0,0,0,0
18659,1,0,0,0,0
18660,1,0,0,0,0
18661,1,0,0,0,0
18662,1,0,0,0,0
18663,1,0,0,0,0
18664,1,0,0,0,0
18665,1,0,0,0,0
18666,1,0,0,0,0
18667,1,0,0,0,0
18668,1,0,0,0,0
18669,1,0,0,0,0
18670,1,0,0,0,0
18671,1,0,0,0,0
18672,1,0,0,0,0
18673,1,0,0,0,0
18674,1,0,0,0,0
18675,1,0,0,0,0
18676,1,0,0,0,0
18677,1,0,0,0,0
18678,1,0,0,0,0
18679,1,0,0,0,0
18680,1,0,0,0,0
18681,1,0,0,0,0
18682,1,0,0,0,0
18683,1,0,0,0,0
18684,1,0,0,0,0
18685,1,0,0,0,0
18686,1,0,0,0,0
18687,1,0,0,0,0
18688,1,0,0,0,0
18689,1,0,0,0,0
18690,1,0,0,0,0
18691,1,0,0,0,0
18692,1,0,0,0,0
18693,1,0,0,0,0
18694,1,0,0,0,0
18695,1,0,0,0,0
18696,1,0,0,0,0
18697,1,0,0,0,0
18698,1,0,0,0,0
18699,1,0,0,0,0
18700,1,0,0,0,0
18701,1,0,0,0,0
18702,1,0,0,0,0
18703,1,0,0,0,0
18704,1,0,0,0,0
18705,1,0,0,0,0
18706,1,0,0,0,0
18707,1,0,0,0,0
18708,1,0,0,0,0
18709,1,0,0,0,0
18710,1,0,0,0,0
18711,1,0,0,0,0
18712,1,0,0,0,0
18713,1,0,0,0,0
18714,1,0,0,0,0
18715,1,0,0,0,0
18716,1,0,0,0,0
18717,1,0,0,0,0
18718,1,0,0,0,0
18719,1,0,0,0,0
18720,1,0,0,0,0
18721,1,0,0,0,0
18722,1,0,0,0,0
18723,1,0,0,0,0
18724,1,0,0,0,0
18725,1,0,0,0,0
18726,1,0,0,0,0
18727,1,0,0,0,0
18728,1,0,0,0,0
18729,1,0,0,0,0
18730,1,0,0,0,0
18731,1,0,0,0,0
18732,1,0,0,0,0
18733,1,0,0,0,0
18734,1,0,0,0,0
18735,0,0,0,1,0
18736,0,0,0,1,0
18737,0,0,0,1,0
18738,0,0,0,1,0
18739,0,0,0,1,0
18740,0,0,0,1,0
18741,0,0,0,1,0
18742,0,0,0,1,0
18743,0,0,0,1,0
18744,0,0,0,1,0
18745,0,0,0,1,0
18746,0,0,0,1,0
18747,0,0,0,1,0
18748,0,0,0,1,0
18749,0,0,0,1,0
18750,0,0,0,1,0
18751,0,0,0,1,0
18752,0,0,0,1,0
18753,0,0,0,1,0
18754,0,0,0,1,0
18755,0,0,0,1,0
18756,0,0,0,1,0
18757,0,0,0,1,0
18758,0,0,0,1,0
18759,0,0,0,1,0
18760,0,0,0,1,0
18761,0,0,0,1,0
18762,0,0,0,1,0
18763,0,0,0,1,0
18764,0,0,0,1,0
18765,0,0,0,1,0
18766,0,0,0,1,0
18767,0,0,0,1,0
18768,0,0,0,1,0
18769,0,0,0,1,0
18770,0,0,0,1,0
18771,0,0,0,1,0
18772,0,0,0,1,0
18773,0,0,0,1,0
18774,0,0,0,1,0
18775,0,0,0,1,0
18776,0,0,0,1,0
18777,0,0,0,1,0
18778,0,0,0,1,0
18779,0,0,0,1,0
18780,0,0,0,1,0
18781,0,0,0,1,0
18782,0,0,0,1,0
18783,0,0,0,1,0
18784,0,0,0,1,0
18785,0,0,0,1,0
18786,0,0,0,1,0
18787,0,0,0,1,0
18788,0,0,0,1,0
18789,0,0,0,1,0
18790,0,0,0,1,0
18791,0,0,0,1,0
18792,0,0,0,1,0
18793,0,0,0,1,0
18794,0,0,0,1,0
18795,0,0,0,1,0
18796,0,0,0,1,0
18797,0,0,0,1,0
18798,0,0,0,1,0
18799,0,0,0,1,0
18800,0,0,0,1,0
18801,0,0,0,1,0
18802,0,0,0,1,0
18803,0,0,0,1,0
18804,0,0,0,1,0
18805,0,0,0,1,0
18806,0,0,0,1,0
18807,0,0,0,1,0
18808,0,0,0,1,0
18809,0,0,0,1,0
18810,0,0,0,1,0
18811,0,0,0,1,0
18812,0,0,0,1,0
18813,0,0,0,1,0
18814,0,0,0,1,0
18815,0,0,0,1,0
18816,0,0,0,1,0
18817,0,0,0,1,0
18818,0,0,0,1,0
18819,0,0,0,1,0
18820,0,0,0,1,0
18821,0,0,0,1,0
18822,0,0,0,1,0
18823,0,0,0,1,0
18824,0,0,0,1,0
18825,0,0,0,1,0
18826,0,0,0,1,0
18827,0,0,0,1,0
18828,0,0,0,1,0
18829,0,0,0,1,0
18830,0,0,0,1,0
18831,0,0,0,1,0
18832,0,0,0,1,0
18833,0,0,0,1,0
18834,0,0,0,1,0
18835,0,0,0,1,0
18836,0,0,0,1,0
18837,0,0,0,1,0
18838,0,0,0,1,0
18839,0,0,0,1,0
18840,0,0,0,1,0
18841,0,0,0,1,0
18842,0,0,0,1,0
18843,0,0,0,1,0
18844,0,0,0,1,0
18845,0,0,0,1,0
18846,0,0,0,1,0
18847,0,0,0,1,0
18848,0,0,0,1,0
18849,0,0,0,1,0
18850,0,0,0,1,0
18851,0,0,0,1,0
18852,0,0,0,1,0
18853,0,0,0,1,0
18854,0,0,0,1,0
18855,0,0,0,1,0
18856,0,0,0,1,0
18857,0,0,0,1,0
18858,0,0,0,1,0
18859,0,0,0,1,0
18860,0,0,0,1,0
18861,0,0,0,1,0
18862,0,0,0,1,0
18863,0,0,0,1,0
18864,0,0,0,1,0
18865,0,0,0,1,0
18866,0,0,0,1,0
18867,0,0,0,1,0
18868,0,0,0,1,0
18869,0,0,0,1,0
18870,0,0,0,1,0
18871,0,0,0,1,0
18872,0,0,0,1,0
18873,0,0,0,1,0
18874,0,0,0,1,0
18875,0,0,0,1,0
18876,0,0,0,1,0
18877,0,0,0,1,0
18878,0,0,0,1,0
18879,0,0,0,1,0
18880,0,0,0,1,0
18881,0,0,0,1,0
18882,0,0,0,1,0
18883,0,0,0,1,0
18884,0,0,0,1,0
18885,0,0,0,1,0
18886,0,0,0,1,0
18887,0,0,0,1,0
18888,0,0,0,1,0
18889,0,0,0,1,0
18890,0,0,0,1,0
18891,0,0,0,1,0
18892,0,0,0,1,0
18893,0,0,0,1,0
18894,0,0,0,1,0
18895,0,0,0,1,0
18896,0,0,0,1,0
18897,0,0,0,1,0
18898,0,0,0,1,0
18899,0,0,0,1,0
18900,0,0,0,1,0
18901,0,0,0,1,0
18902,0,0,0,1,0
18903,0,0,0,1,0
18904,0,0,0,1,0
18905,0,0,0,1,0
18906,0,0,0,1,0
18907,0,0,0,1,0
18908,0,0,0,1,0
18909,0,0,0,1,0
18910,0,0,0,1,0
18911,0,0,0,1,0
18912,0,0,0,1,0
18913,0,0,0,1,0
18914,0,0,0,1,0
18915,0,0,0,1,0
18916,0,0,0,1,0
18917,0,0,0,1,0
18918,0,0,0,1,0
18919,0,0,0,1,0
18920,0,0,0,1,0
18921,0,0,0,1,0
18922,0,0,0,1,0
18923,0,0,0,1,0
18924,0,0,0,1,0
18925,0,0,0,1,0
18926,0,0,0,1,0
18927,0,0,0,1,0
18928,0,0,0,1,0
18929,0,0,0,1,0
18930,0,0,0,1,0
18931,0,0,0,1,0
18932,0,0,0,1,0
18933,0,0,0,1,0
18934,0,0,0,1,0
18935,0,0,0,1,0
18936,0,0,0,1,0
18937,0,0,0,1,0
18938,0,0,0,1,0
18939,0,0,0,1,0
18940,0,0,0,1,0
18941,0,0,0,1,0
18942,0,0,0,1,0
18943,0,0,0,1,0
18944,0,0,0,1,0
18945,0,0,0,1,0
18946,0,0,0,1,0
18947,0,0,0,1,0
18948,0,0,0,1,0
18949,0,0,0,1,0
18950,0,0,0,1,0
18951,0,0,0,1,0
18952,0,0,0,1,0
18953,0,0,0,1,0
18954,0,0,0,1,0
18955,0,0,0,1,0
18956,0,0,0,1,0
18957,0,0,0,1,0
18958,0,0,0,1,0
18959,0,0,0,1,0
18960,0,0,0,1,0
18961,0,0,0,1,0
18962,0,0,0,1,0
18963,0,0,0,1,0
18964,0,0,0,1,0
18965,0,0,0,1,0
18966,0,0,0,1,0
18967,0,0,0,1,0
18968,0,0,0,1,0
18969,0,0,0,1,0
18970,0,0,0,1,0
18971,0,0,0,1,0
18972,0,0,0,1,0
18973,0,0,0,1,0
18974,0,0,0,1,0
18975,0,0,0,1,0
18976,0,0,0,1,0
18977,0,0,0,1,0
18978,0,0,0,1,0
18979,0,0,0,1,0
18980,0,0,0,1,0
18981,0,0,0,1,0
18982,0,0,0,1,0
18983,0,0,0,1,0
18984,0,0,0,1,0
18985,0,0,0,1,0
18986,0,0,0,1,0
18987,0,0,0,1,0
18988,0,0,0,1,0
18989,0,0,0,1,0
18990,0,0,0,1,0
18991,0,0,0,1,0
18992,0,0,0,1,0
18993,0,0,0,1,0
18994,0,0,0,1,0
18995,0,0,0,1,0
18996,0,0,0,1,0
18997,0,0,0,1,0
18998,0,0,0,1,0
18999,0,0,0,1,0
19000,0,0,0,1,0
19001,0,0,0,1,0
19002,0,0,0,1,0
19003,0,0,0,1,0
19004,0,0,0,1,0
19005,0,0,0,1,0
19006,0,0,0,1,0
19007,0,0,0,1,0
19008,0,0,0,1,0
19009,0,0,0,1,0
19010,0,0,0,1,0
19011,0,0,0,1,0
19012,0,0,0,1,0
19013,0,0,0,1,0
19014,0,0,0,1,0
19015,0,0,0,1,0
19016,0,0,0,1,0
19017,0,0,0,1,0
19018,0,0,0,1,0
19019,0,0,0,1,0
19020,0,0,0,1,0
19021,0,0,0,1,0
19022,0,0,0,1,0
19023,0,0,0,1,0
19024,0,0,0,1,0
19025,0,0,0,1,0
19026,0,0,0,1,0
19027,0,0,0,1,0
19028,0,0,0,1,0
19029,0,0,0,1,0
19030,0,0,0,1,0
19031,0,0,0,1,0
19032,0,0,0,1,0
19033,0,0,0,1,0
19034,0,0,0,1,0
19035,0,0,0,1,0
19036,0,0,0,1,0
19037,0,0,0,1,0
19038,0,0,0,1,0
19039,0,0,0,1,0
19040,0,0,0,1,0
19041,0,0,0,1,0
19042,0,0,0,1,0
19043,0,0,0,1,0
19044,0,0,0,1,0
19045,0,0,0,1,0
19046,0,0,0,1,0
19047,0,0,0,1,0
19048,0,0,0,1,0
19049,0,0,0,1,0
19050,0,0,0,1,0
19051,0,0,0,1,0
19052,0,0,0,1,0
19053,0,0,0,1,0
19054,0,0,0,1,0
19055,0,0,0,1,0
19056,0,0,0,1,0
19057,0,0,0,1,0
19058,0,0,0,1,0
19059,0,0,0,1,0
19060,0,0,0,1,0
19061,0,0,0,1,0
19062,0,0,0,1,0
19063,0,0,0,1,0
19064,0,0,0,1,0
19065,0,0,0,1,0
19066,0,0,0,1,0
19067,0,0,0,1,0
19068,0,0,0,1,0
19069,0,0,0,1,0
19070,0,0,0,1,0
19071,0,0,0,1,0
19072,0,0,0,1,0
19073,0,0,0,1,0
19074,0,0,0,1,0
19075,0,0,0,1,0
19076,0,0,0,1,0
19077,0,0,0,1,0
19078,0,0,0,1,0
19079,0,0,0,1,0
19080,0,0,0,1,0
19081,0,0,0,1,0
19082,0,0,0,1,0
19083,0,0,0,1,0
19084,0,0,0,1,0
19085,0,0,0,1,0
19086,0,0,0,1,0
19087,0,0,0,1,0
19088,0,0,0,1,0
19089,0,0,0,1,0
19090,0,0,0,1,0
19091,0,0,0,1,0
19092,0,0,0,1,0
19093,0,0,0,1,0
19094,0,0,0,1,0
19095,0,0,0,1,0
19096,0,0,0,1,0
19097,0,0,0,1,0
19098,0,0,0,1,0
19099,0,0,0,1,0
19100,0,0,0,1,0
19101,0,0,0,1,0
19102,0,0,0,1,0
19103,0,0,0,1,0
19104,0,0,0,1,0
19105,0,0,0,1,0
19106,0,0,0,1,0
19107,0,0,0,1,0
19108,0,0,0,1,0
19109,0,0,0,1,0
19110,0,0,0,1,0
19111,0,0,0,1,0
19112,0,0,0,1,0
19113,0,0,0,1,0
19114,0,0,0,1,0
19115,0,0,0,1,0
19116,0,0,0,1,0
19117,0,0,0,1,0
19118,0,0,0,1,0
19119,0,0,0,1,0
19120,0,0,0,1,0
19121,0,0,0,1,0
19122,0,0,0,1,0
19123,0,0,0,1,0
19124,0,0,0,1,0
19125,0,0,0,1,0
19126,0,0,0,1,0
19127,0,0,0,1,0
19128,0,0,0,1,0
19129,0,0,0,1,0
19130,0,0,0,1,0
19131,0,0,0,1,0
19132,0,0,0,1,0
19133,0,0,0,1,0
19134,0,0,0,1,0
19135,0,0,0,1,0
19136,0,0,0,1,0
19137,0,0,0,1,0
19138,0,0,0,1,0
19139,0,0,0,1,0
19140,0,0,0,1,0
19141,0,0,0,1,0
19142,0,0,0,1,0
19143,0,0,0,1,0
19144,0,0,0,1,0
19145,0,0,0,1,0
19146,0,0,0,1,0
19147,0,0,0,1,0
19148,0,0,0,1,0
19149,0,0,0,1,0
19150,0,0,0,1,0
19151,0,0,0,1,0
19152,0,0,0,1,0
19153,0,0,0,1,0
19154,0,0,0,1,0
19155,0,0,0,1,0
19156,0,0,0,1,0
19157,0,0,0,1,0
19158,0,0,0,1,0
19159,0,0,0,1,0
19160,0,0,0,1,0
19161,0,0,0,1,0
19162,0,0,0,1,0
19163,0,0,0,1,0
19164,0,0,0,1,0
19165,0,0,0,1,0
19166,0,0,0,1,0
19167,0,0,0,1,0
19168,0,0,0,1,0
19169,0,0,0,1,0
19170,0,0,0,1,0
19171,0,0,0,1,0
19172,0,0,0,1,0
19173,0,0,0,1,0
19174,0,0,0,1,0
19175,0,0,0,1,0
19176,0,0,0,1,0
19177,0,0,0,1,0
19178,0,0,0,1,0
19179,0,0,0,1,0
19180,0,0,0,1,0
19181,0,0,0,1,0
19182,0,0,0,1,0
19183,0,0,0,1,0
19184,0,0,0,1,0
19185,0,0,0,1,0
19186,0,0,0,1,0
19187,0,0,0,1,0
19188,0,0,0,1,0
19189,0,0,0,1,0
19190,0,0,0,1,0
19191,0,0,0,1,0
19192,0,0,0,1,0
19193,0,0,0,1,0
19194,0,0,0,1,0
19195,0,0,0,1,0
19196,0,0,0,1,0
19197,0,0,0,1,0
19198,0,0,0,1,0
19199,0,0,0,1,0
19200,0,0,0,1,0
19201,0,0,0,1,0
19202,0,0,0,1,0
19203,0,0,0,1,0
19204,0,0,0,1,0
19205,0,0,0,1,0
19206,0,0,0,1,0
19207,0,0,0,1,0
19208,0,0,0,1,0
19209,0,0,0,1,0
19210,0,0,0,1,0
19211,0,0,0,1,0
19212,0,0,0,1,0
19213,0,0,0,1,0
19214,0,0,0,1,0
19215,0,0,0,1,0
19216,0,0,0,1,0
19217,0,0,0,1,0
19218,0,0,0,1,0
19219,0,0,0,1,0
19220,0,0,0,1,0
19221,0,0,0,1,0
19222,0,0,0,1,0
19223,0,0,0,1,0
19224,0,0,0,1,0
19225,0,0,0,1,0
19226,0,0,0,1,0
19227,0,0,0,1,0
19228,0,0,0,1,0
19229,0,0,0,1,0
19230,0,0,0,1,0
19231,0,0,0,1,0
19232,0,0,0,1,0
19233,0,0,0,1,0
19234,0,0,0,1,0
19235,0,0,0,1,0
19236,0,0,0,1,0
19237,0,0,1,0,0
19238,0,0,1,0,0
19239,0,0,1,0,0
19240,0,0,1,0,0
19241,0,0,1,0,0
19242,0,0,1,0,0
19243,0,0,1,0,0
19244,0,0,1,0,0
19245,0,0,1,0,0
19246,0,0,1,0,0
19247,0,0,1,0,0
19248,0,0,1,0,0
19249,0,0,1,0,0
19250,0,0,1,0,0
19251,0,0,1,0,0
19252,0,0,1,0,0
19253,0,0,1,0,0
19254,0,0,1,0,0
19255,0,0,1,0,0
19256,0,0,1,0,0
19257,0,0,1,0,0
19258,0,0,1,0,0
19259,0,0,1,0,0
19260,0,0,1,0,0
19261,0,0,1,0,0
19262,0,0,1,0,0
19263,0,0,1,0,0
19264,0,0,1,0,0
19265,0,0,1,0,0
19266,0,0,1,0,0
19267,0,0,1,0,0
19268,0,0,1,0,0
19269,0,0,1,0,0
19270,0,0,1,0,0
19271,0,0,1,0,0
19272,0,0,1,0,0
19273,0,0,1,0,0
19274,0,0,1,0,0
19275,0,0,1,0,0
19276,0,0,1,0,0
19277,0,0,1,0,0
19278,0,0,1,0,0
19279,0,0,1,0,0
19280,0,0,1,0,0
19281,0,0,1,0,0
19282,0,0,1,0,0
19283,0,0,1,0,0
19284,0,0,1,0,0
19285,0,0,1,0,0
19286,0,0,1,0,0
19287,0,0,1,0,0
19288,0,0,1,0,0
19289,0,0,1,0,0
19290,0,0,1,0,0
19291,0,0,1,0,0
19292,0,0,1,0,0
19293,0,0,1,0,0
19294,0,0,1,0,0
19295,0,0,1,0,0
19296,0,0,1,0,0
19297,0,0,1,0,0
19298,0,0,1,0,0
19299,0,0,1,0,0
19300,0,0,1,0,0
19301,0,0,1,0,0
19302,0,0,1,0,0
19303,0,0,1,0,0
19304,0,0,1,0,0
19305,0,0,1,0,0
19306,0,0,1,0,0
19307,0,0,1,0,0
19308,0,0,1,0,0
19309,0,0,1,0,0
19310,0,0,1,0,0
19311,0,0,1,0,0
19312,0,0,1,0,0
19313,0,0,1,0,0
19314,0,0,1,0,0
19315,0,0,1,0,0
19316,0,0,1,0,0
19317,0,0,1,0,0
19318,0,0,1,0,0
19319,0,0,1,0,0
19320,0,0,1,0,0
19321,0,0,1,0,0
19322,0,0,1,0,0
19323,0,0,1,0,0
19324,0,0,1,0,0
19325,0,0,1,0,0
19326,0,0,1,0,0
19327,0,0,1,0,0
19328,0,0,1,0,0
19329,0,0,1,0,0
19330,0,0,1,0,0
19331,0,0,1,0,0
19332,0,0,1,0,0
19333,0,0,1,0,0
19334,0,1,0,0,0
19335,0,1,0,0,0
19336,0,1,0,0,0
19337,0,1,0,0,0
19338,0,1,0,0,0
19339,0,1,0,0,0
19340,0,1,0,0,0
19341,0,1,0,0,0
19342,0,1,0,0,0
19343,0,1,0,0,0
19344,0,1,0,0,0
19345,0,1,0,0,0
19346,0,1,0,0,0
19347,0,1,0,0,0
19348,0,1,0,0,0
19349,0,1,0,0,0
19350,0,1,0,0,0
19351,0,1,0,0,0
19352,0,1,0,0,0
19353,0,1,0,0,0
19354,0,1,0,0,0
19355,0,1,0,0,0
19356,0,1,0,0,0
19357,0,1,0,0,0
19358,0,1,0,0,0
19359,1,0,0,0,0
19360,1,0,0,0,0
19361,1,0,0,0,0
19362,1,0,0,0,0
19363,1,0,0,0,0
19364,1,0,0,0,0
19365,1,0,0,0,0
19366,1,0,0,0,0
19367,1,0,0,0,0
19368,1,0,0,0,0
19369,1,0,0,0,0
19370,1,0,0,0,0
19371,1,0,0,0,0
19372,1,0,0,0,0
19373,1,0,0,0,0
19374,1,0,0,0,0
19375,1,0,0,0,0
19376,1,0,0,0,0
19377,1,0,0,0,0
19378,1,0,0,0,0
19379,1,0,0,0,0
19380,1,0,0,0,0
19381,1,0,0,0,0
19382,1,0,0,0,0
19383,1,0,0,0,0
19384,1,0,0,0,0
19385,1,0,0,0,0
19386,1,0,0,0,0
19387,1,0,0,0,0
19388,1,0,0,0,0
19389,1,0,0,0,0
19390,1,0,0,0,0
19391,1,0,0,0,0
19392,1,0,0,0,0
19393,1,0,0,0,0
19394,1,0,0,0,0
19395,1,0,0,0,0
19396,1,0,0,0,0
19397,1,0,0,0,0
19398,1,0,0,0,0
19399,1,0,0,0,0
19400,1,0,0,0,0
19401,1,0,0,0,0
19402,1,0,0,0,0
19403,1,0,0,0,0
19404,1,0,0,0,0
19405,1,0,0,0,0
19406,1,0,0,0,0
19407,1,0,0,0,0
19408,1,0,0,0,0
19409,1,0,0,0,0
19410,1,0,0,0,0
19411,1,0,0,0,0
19412,1,0,0,0,0
19413,1,0,0,0,0
19414,1,0,0,0,0
19415,1,0,0,0,0
19416,1,0,0,0,0
19417,1,0,0,0,0
19418,1,0,0,0,0
19419,1,0,0,0,0
19420,1,0,0,0,0
19421,1,0,0,0,0
19422,1,0,0,0,0
19423,1,0,0,0,0
19424,1,0,0,0,0
19425,1,0,0,0,0
19426,1,0,0,0,0
19427,1,0,0,0,0
19428,1,0,0,0,0
19429,1,0,0,0,0
19430,1,0,0,0,0
19431,1,0,0,0,0
19432,1,0,0,0,0
19433,1,0,0,0,0
19434,1,0,0,0,0
19435,1,0,0,0,0
19436,1,0,0,0,0
19437,1,0,0,0,0
19438,1,0,0,0,0
19439,1,0,0,0,0
19440,1,0,0,0,0
19441,1,0,0,0,0
19442,1,0,0,0,0
19443,1,0,0,0,0
19444,1,0,0,0,0
19445,1,0,0,0,0
19446,1,0,0,0,0
19447,1,0,0,0,0
19448,1,0,0,0,0
19449,1,0,0,0,0
19450,1,0,0,0,0
19451,1,0,0,0,0
19452,1,0,0,0,0
19453,1,0,0,0,0
19454,1,0,0,0,0
19455,1,0,0,0,0
19456,1,0,0,0,0
19457,1,0,0,0,0
19458,1,0,0,0,0
19459,1,0,0,0,0
19460,1,0,0,0,0
19461,1,0,0,0,0
19462,1,0,0,0,0
19463,1,0,0,0,0
19464,1,0,0,0,0
19465,1,0,0,0,0
19466,1,0,0,0,0
19467,1,0,0,0,0
19468,1,0,0,0,0
19469,1,0,0,0,0
19470,1,0,0,0,0
19471,1,0,0,0,0
19472,1,0,0,0,0
19473,1,0,0,0,0
19474,1,0,0,0,0
19475,1,0,0,0,0
19476,1,0,0,0,0
19477,1,0,0,0,0
19478,1,0,0,0,0
19479,1,0,0,0,0
19480,1,0,0,0,0
19481,1,0,0,0,0
19482,1,0,0,0,0
19483,1,0,0,0,0
19484,1,0,0,0,0
19485,1,0,0,0,0
19486,1,0,0,0,0
19487,1,0,0,0,0
19488,1,0,0,0,0
19489,1,0,0,0,0
19490,1,0,0,0,0
19491,1,0,0,0,0
19492,1,0,0,0,0
19493,1,0,0,0,0
19494,1,0,0,0,0
19495,1,0,0,0,0
19496,1,0,0,0,0
19497,1,0,0,0,0
19498,1,0,0,0,0
19499,1,0,0,0,0
19500,1,0,0,0,0
19501,1,0,0,0,0
19502,1,0,0,0,0
19503,0,0,0,1,0
19504,0,0,0,1,0
19505,0,0,0,1,0
19506,0,0,0,1,0
19507,0,0,0,1,0
19508,0,0,0,1,0
19509,0,0,0,1,0
19510,0,0,0,1,0
19511,0,0,0,1,0
19512,0,0,0,1,0
19513,0,0,0,1,0
19514,0,0,0,1,0
19515,0,0,0,1,0
19516,0,0,0,1,0
19517,1,0,0,0,0
19518,1,0,0,0,0
19519,1,0,0,0,0
19520,1,0,0,0,0
19521,1,0,0,0,0
19522,1,0,0,0,0
19523,1,0,0,0,0
19524,1,0,0,0,0
19525,1,0,0,0,0
19526,1,0,0,0,0
19527,1,0,0,0,0
19528,1,0,0,0,0
19529,1,0,0,0,0
19530,1,0,0,0,0
19531,1,0,0,0,0
19532,1,0,0,0,0
19533,1,0,0,0,0
19534,1,0,0,0,0
19535,1,0,0,0,0
19536,1,0,0,0,0
19537,1,0,0,0,0
19538,1,0,0,0,0
19539,1,0,0,0,0
19540,1,0,0,0,0
19541,1,0,0,0,0
19542,1,0,0,0,0
19543,1,0,0,0,0
19544,1,0,0,0,0
19545,1,0,0,0,0
19546,1,0,0,0,0
19547,1,0,0,0,0
19548,1,0,0,0,0
19549,1,0,0,0,0
19550,1,0,0,0,0
19551,1,0,0,0,0
19552,1,0,0,0,0
19553,1,0,0,0,0
19554,1,0,0,0,0
19555,1,0,0,0,0
19556,1,0,0,0,0
19557,1,0,0,0,0
19558,1,0,0,0,0
19559,1,0,0,0,0
19560,1,0,0,0,0
19561,1,0,0,0,0
19562,1,0,0,0,0
19563,1,0,0,0,0
19564,1,0,0,0,0
19565,1,0,0,0,0
19566,1,0,0,0,0
19567,1,0,0,0,0
19568,1,0,0,0,0
19569,1,0,0,0,0
19570,1,0,0,0,0
19571,1,0,0,0,0
19572,1,0,0,0,0
19573,1,0,0,0,0
19574,1,0,0,0,0
19575,1,0,0,0,0
19576,1,0,0,0,0
19577,1,0,0,0,0
19578,1,0,0,0,0
19579,1,0,0,0,0
19580,1,0,0,0,0
19581,1,0,0,0,0
19582,1,0,0,0,0
19583,1,0,0,0,0
19584,1,0,0,0,0
19585,1,0,0,0,0
19586,1,0,0,0,0
19587,1,0,0,0,0
19588,1,0,0,0,0
19589,1,0,0,0,0
19590,1,0,0,0,0
19591,1,0,0,0,0
19592,1,0,0,0,0
19593,1,0,0,0,0
19594,1,0,0,0,0
19595,1,0,0,0,0
19596,1,0,0,0,0
19597,1,0,0,0,0
19598,1,0,0,0,0
19599,1,0,0,0,0
19600,1,0,0,0,0
19601,1,0,0,0,0
19602,1,0,0,0,0
19603,1,0,0,0,0
19604,1,0,0,0,0
19605,1,0,0,0,0
19606,1,0,0,0,0
19607,1,0,0,0,0
19608,1,0,0,0,0
19609,1,0,0,0,0
19610,1,0,0,0,0
19611,1,0,0,0,0
19612,1,0,0,0,0
19613,1,0,0,0,0
19614,1,0,0,0,0
19615,1,0,0,0,0
19616,1,0,0,0,0
19617,1,0,0,0,0
19618,1,0,0,0,0
19619,1,0,0,0,0
19620,1,0,0,0,0
19621,1,0,0,0,0
19622,1,0,0,0,0
19623,1,0,0,0,0
19624,1,0,0,0,0
19625,1,0,0,0,0
19626,1,0,0,0,0
19627,1,0,0,0,0
19628,1,0,0,0,0
19629,1,0,0,0,0
19630,1,0,0,0,0
19631,1,0,0,0,0
19632,1,0,0,0,0
19633,1,0,0,0,0
19634,1,0,0,0,0
19635,1,0,0,0,0
19636,1,0,0,0,0
19637,1,0,0,0,0
19638,1,0,0,0,0
19639,1,0,0,0,0
19640,1,0,0,0,0
19641,1,0,0,0,0
19642,1,0,0,0,0
19643,1,0,0,0,0
19644,1,0,0,0,0
19645,1,0,0,0,0
19646,1,0,0,0,0
19647,1,0,0,0,0
19648,1,0,0,0,0
19649,1,0,0,0,0
19650,1,0,0,0,0
19651,1,0,0,0,0
19652,1,0,0,0,0
19653,1,0,0,0,0
19654,1,0,0,0,0
19655,1,0,0,0,0
19656,1,0,0,0,0
19657,1,0,0,0,0
19658,1,0,0,0,0
19659,1,0,0,0,0
19660,1,0,0,0,0
19661,1,0,0,0,0
19662,1,0,0,0,0
19663,1,0,0,0,0
19664,1,0,0,0,0
19665,1,0,0,0,0
19666,1,0,0,0,0
19667,1,0,0,0,0
19668,1,0,0,0,0
19669,1,0,0,0,0
19670,1,0,0,0,0
19671,1,0,0,0,0
19672,1,0,0,0,0
19673,1,0,0,0,0
19674,1,0,0,0,0
19675,1,0,0,0,0
19676,1,0,0,0,0
19677,1,0,0,0,0
19678,1,0,0,0,0
19679,1,0,0,0,0
19680,1,0,0,0,0
19681,1,0,0,0,0
19682,1,0,0,0,0
19683,1,0,0,0,0
19684,1,0,0,0,0
19685,1,0,0,0,0
19686,1,0,0,0,0
19687,1,0,0,0,0
19688,1,0,0,0,0
19689,1,0,0,0,0
19690,1,0,0,0,0
19691,1,0,0,0,0
19692,1,0,0,0,0
19693,1,0,0,0,0
19694,1,0,0,0,0
19695,1,0,0,0,0
19696,1,0,0,0,0
19697,1,0,0,0,0
19698,1,0,0,0,0
19699,1,0,0,0,0
19700,1,0,0,0,0
19701,1,0,0,0,0
19702,1,0,0,0,0
19703,1,0,0,0,0
19704,1,0,0,0,0
19705,1,0,0,0,0
19706,1,0,0,0,0
19707,1,0,0,0,0
19708,1,0,0,0,0
19709,1,0,0,0,0
19710,1,0,0,0,0
19711,1,0,0,0,0
19712,1,0,0,0,0
19713,1,0,0,0,0
19714,1,0,0,0,0
19715,1,0,0,0,0
19716,1,0,0,0,0
19717,1,0,0,0,0
19718,1,0,0,0,0
19719,1,0,0,0,0
19720,1,0,0,0,0
19721,1,0,0,0,0
19722,1,0,0,0,0
19723,1,0,0,0,0
19724,1,0,0,0,0
19725,1,0,0,0,0
19726,1,0,0,0,0
19727,1,0,0,0,0
19728,1,0,0,0,0
19729,1,0,0,0,0
19730,1,0,0,0,0
19731,1,0,0,0,0
19732,1,0,0,0,0
19733,1,0,0,0,0
19734,1,0,0,0,0
19735,1,0,0,0,0
19736,1,0,0,0,0
19737,1,0,0,0,0
19738,1,0,0,0,0
19739,1,0,0,0,0
19740,1,0,0,0,0
19741,1,0,0,0,0
19742,1,0,0,0,0
19743,1,0,0,0,0
19744,1,0,0,0,0
19745,1,0,0,0,0
19746,1,0,0,0,0
19747,1,0,0,0,0
19748,1,0,0,0,0
19749,1,0,0,0,0
19750,1,0,0,0,0
19751,1,0,0,0,0
19752,1,0,0,0,0
19753,1,0,0,0,0
19754,1,0,0,0,0
19755,1,0,0,0,0
19756,1,0,0,0,0
19757,1,0,0,0,0
19758,1,0,0,0,0
19759,1,0,0,0,0
19760,1,0,0,0,0
19761,1,0,0,0,0
19762,1,0,0,0,0
19763,1,0,0,0,0
19764,1,0,0,0,0
19765,1,0,0,0,0
19766,1,0,0,0,0
19767,1,0,0,0,0
19768,1,0,0,0,0
19769,1,0,0,0,0
19770,1,0,0,0,0
19771,1,0,0,0,0
19772,1,0,0,0,0
19773,1,0,0,0,0
19774,1,0,0,0,0
19775,1,0,0,0,0
19776,1,0,0,0,0
19777,1,0,0,0,0
19778,1,0,0,0,0
19779,1,0,0,0,0
19780,1,0,0,0,0
19781,1,0,0,0,0
19782,1,0,0,0,0
19783,1,0,0,0,0
19784,1,0,0,0,0
19785,1,0,0,0,0
19786,1,0,0,0,0
19787,1,0,0,0,0
19788,1,0,0,0,0
19789,1,0,0,0,0
19790,1,0,0,0,0
19791,1,0,0,0,0
19792,1,0,0,0,0
19793,1,0,0,0,0
19794,1,0,0,0,0
19795,1,0,0,0,0
19796,1,0,0,0,0
19797,1,0,0,0,0
19798,1,0,0,0,0
19799,1,0,0,0,0
19800,1,0,0,0,0
19801,1,0,0,0,0
19802,1,0,0,0,0
19803,1,0,0,0,0
19804,1,0,0,0,0
19805,1,0,0,0,0
19806,1,0,0,0,0
19807,1,0,0,0,0
19808,1,0,0,0,0
19809,1,0,0,0,0
19810,1,0,0,0,0
19811,1,0,0,0,0
19812,1,0,0,0,0
19813,1,0,0,0,0
19814,1,0,0,0,0
19815,1,0,0,0,0
19816,1,0,0,0,0
19817,1,0,0,0,0
19818,1,0,0,0,0
19819,1,0,0,0,0
19820,1,0,0,0,0
19821,1,0,0,0,0
19822,1,0,0,0,0
19823,1,0,0,0,0
19824,1,0,0,0,0
19825,1,0,0,0,0
19826,1,0,0,0,0
19827,1,0,0,0,0
19828,1,0,0,0,0
19829,1,0,0,0,0
19830,1,0,0,0,0
19831,1,0,0,0,0
19832,1,0,0,0,0
19833,1,0,0,0,0
19834,1,0,0,0,0
19835,1,0,0,0,0
19836,1,0,0,0,0
19837,1,0,0,0,0
19838,1,0,0,0,0
19839,1,0,0,0,0
19840,1,0,0,0,0
19841,1,0,0,0,0
19842,1,0,0,0,0
19843,1,0,0,0,0
19844,1,0,0,0,0
19845,1,0,0,0,0
19846,1,0,0,0,0
19847,1,0,0,0,0
19848,1,0,0,0,0
19849,1,0,0,0,0
19850,1,0,0,0,0
19851,1,0,0,0,0
19852,1,0,0,0,0
19853,1,0,0,0,0
19854,1,0,0,0,0
19855,1,0,0,0,0
19856,1,0,0,0,0
19857,1,0,0,0,0
19858,1,0,0,0,0
19859,1,0,0,0,0
19860,1,0,0,0,0
19861,1,0,0,0,0
19862,1,0,0,0,0
19863,1,0,0,0,0
19864,1,0,0,0,0
19865,1,0,0,0,0
19866,1,0,0,0,0
19867,1,0,0,0,0
19868,1,0,0,0,0
19869,1,0,0,0,0
19870,1,0,0,0,0
19871,1,0,0,0,0
19872,1,0,0,0,0
19873,1,0,0,0,0
19874,1,0,0,0,0
19875,1,0,0,0,0
19876,1,0,0,0,0
19877,1,0,0,0,0
19878,1,0,0,0,0
19879,1,0,0,0,0
19880,1,0,0,0,0
19881,1,0,0,0,0
19882,1,0,0,0,0
19883,1,0,0,0,0
19884,1,0,0,0,0
19885,1,0,0,0,0
19886,1,0,0,0,0
19887,1,0,0,0,0
19888,1,0,0,0,0
19889,1,0,0,0,0
19890,1,0,0,0,0
19891,1,0,0,0,0
19892,1,0,0,0,0
19893,1,0,0,0,0
19894,1,0,0,0,0
19895,1,0,0,0,0
19896,1,0,0,0,0
19897,1,0,0,0,0
19898,1,0,0,0,0
19899,1,0,0,0,0
19900,1,0,0,0,0
19901,1,0,0,0,0
19902,1,0,0,0,0
19903,1,0,0,0,0
19904,1,0,0,0,0
19905,1,0,0,0,0
19906,1,0,0,0,0
19907,1,0,0,0,0
19908,1,0,0,0,0
19909,1,0,0,0,0
19910,1,0,0,0,0
19911,1,0,0,0,0
19912,1,0,0,0,0
19913,1,0,0,0,0
19914,1,0,0,0,0
19915,1,0,0,0,0
19916,1,0,0,0,0
19917,1,0,0,0,0
19918,1,0,0,0,0
19919,1,0,0,0,0
19920,1,0,0,0,0
19921,1,0,0,0,0
19922,1,0,0,0,0
19923,1,0,0,0,0
19924,1,0,0,0,0
19925,1,0,0,0,0
19926,1,0,0,0,0
19927,1,0,0,0,0
19928,1,0,0,0,0
19929,1,0,0,0,0
19930,1,0,0,0,0
19931,1,0,0,0,0
19932,1,0,0,0,0
19933,1,0,0,0,0
19934,1,0,0,0,0
19935,1,0,0,0,0
19936,1,0,0,0,0
19937,1,0,0,0,0
19938,1,0,0,0,0
19939,1,0,0,0,0
19940,1,0,0,0,0
19941,1,0,0,0,0
19942,1,0,0,0,0
19943,1,0,0,0,0
19944,1,0,0,0,0
19945,1,0,0,0,0
19946,1,0,0,0,0
19947,1,0,0,0,0
19948,1,0,0,0,0
19949,1,0,0,0,0
19950,1,0,0,0,0
19951,1,0,0,0,0
19952,1,0,0,0,0
19953,1,0,0,0,0
19954,1,0,0,0,0
19955,1,0,0,0,0
19956,1,0,0,0,0
19957,1,0,0,0,0
19958,1,0,0,0,0
19959,1,0,0,0,0
19960,1,0,0,0,0
19961,1,0,0,0,0
19962,1,0,0,0,0
19963,1,0,0,0,0
19964,1,0,0,0,0
19965,1,0,0,0,0
19966,1,0,0,0,0
19967,1,0,0,0,0
19968,1,0,0,0,0
19969,1,0,0,0,0
19970,1,0,0,0,0
19971,1,0,0,0,0
19972,1,0,0,0,0
19973,1,0,0,0,0
19974,1,0,0,0,0
19975,1,0,0,0,0
19976,1,0,0,0,0
19977,1,0,0,0,0
19978,1,0,0,0,0
19979,1,0,0,0,0
19980,1,0,0,0,0
19981,1,0,0,0,0
19982,1,0,0,0,0
19983,1,0,0,0,0
19984,1,0,0,0,0
19985,1,0,0,0,0
19986,1,0,0,0,0
19987,1,0,0,0,0
19988,1,0,0,0,0
19989,1,0,0,0,0
19990,1,0,0,0,0
19991,1,0,0,0,0
19992,1,0,0,0,0
19993,1,0,0,0,0
19994,1,0,0,0,0
19995,1,0,0,0,0
19996,1,0,0,0,0
19997,1,0,0,0,0
19998,1,0,0,0,0
19999,1,0,0,0,0
20000,1,0,0,0,0
20001,1,0,0,0,0
20002,1,0,0,0,0
20003,1,0,0,0,0
20004,1,0,0,0,0
20005,1,0,0,0,0
20006,1,0,0,0,0
20007,1,0,0,0,0
20008,1,0,0,0,0
20009,1,0,0,0,0
20010,1,0,0,0,0
20011,1,0,0,0,0
20012,1,0,0,0,0
20013,1,0,0,0,0
20014,1,0,0,0,0
20015,1,0,0,0,0
20016,1,0,0,0,0
20017,1,0,0,0,0
20018,1,0,0,0,0
20019,1,0,0,0,0
20020,1,0,0,0,0
20021,1,0,0,0,0
20022,1,0,0,0,0
20023,1,0,0,0,0
20024,1,0,0,0,0
20025,1,0,0,0,0
20026,1,0,0,0,0
20027,1,0,0,0,0
20028,1,0,0,0,0
20029,1,0,0,0,0
20030,1,0,0,0,0
20031,1,0,0,0,0
20032,1,0,0,0,0
20033,1,0,0,0,0
20034,1,0,0,0,0
20035,1,0,0,0,0
20036,1,0,0,0,0
20037,1,0,0,0,0
20038,1,0,0,0,0
20039,1,0,0,0,0
20040,1,0,0,0,0
20041,1,0,0,0,0
20042,1,0,0,0,0
20043,1,0,0,0,0
20044,1,0,0,0,0
20045,1,0,0,0,0
20046,1,0,0,0,0
20047,1,0,0,0,0
20048,1,0,0,0,0
20049,1,0,0,0,0
20050,1,0,0,0,0
20051,1,0,0,0,0
20052,1,0,0,0,0
20053,1,0,0,0,0
20054,1,0,0,0,0
20055,1,0,0,0,0
20056,1,0,0,0,0
20057,1,0,0,0,0
20058,1,0,0,0,0
20059,1,0,0,0,0
20060,1,0,0,0,0
20061,1,0,0,0,0
20062,1,0,0,0,0
20063,1,0,0,0,0
20064,1,0,0,0,0
20065,1,0,0,0,0
20066,1,0,0,0,0
20067,1,0,0,0,0
20068,1,0,0,0,0
20069,1,0,0,0,0
20070,1,0,0,0,0
20071,1,0,0,0,0
20072,1,0,0,0,0
20073,1,0,0,0,0
20074,1,0,0,0,0
20075,1,0,0,0,0
20076,1,0,0,0,0
20077,1,0,0,0,0
20078,1,0,0,0,0
20079,1,0,0,0,0
20080,1,0,0,0,0
20081,1,0,0,0,0
20082,1,0,0,0,0
20083,1,0,0,0,0
20084,1,0,0,0,0
20085,1,0,0,0,0
20086,1,0,0,0,0
20087,1,0,0,0,0
20088,1,0,0,0,0
20089,1,0,0,0,0
20090,1,0,0,0,0
20091,1,0,0,0,0
20092,1,0,0,0,0
20093,1,0,0,0,0
20094,1,0,0,0,0
20095,1,0,0,0,0
20096,1,0,0,0,0
20097,1,0,0,0,0
20098,1,0,0,0,0
20099,1,0,0,0,0
20100,1,0,0,0,0
20101,1,0,0,0,0
20102,1,0,0,0,0
20103,1,0,0,0,0
20104,1,0,0,0,0
20105,1,0,0,0,0
20106,1,0,0,0,0
20107,1,0,0,0,0
20108,1,0,0,0,0
20109,1,0,0,0,0
20110,1,0,0,0,0
20111,1,0,0,0,0
20112,1,0,0,0,0
20113,1,0,0,0,0
20114,1,0,0,0,0
20115,1,0,0,0,0
20116,1,0,0,0,0
20117,1,0,0,0,0
20118,1,0,0,0,0
20119,1,0,0,0,0
20120,1,0,0,0,0
20121,1,0,0,0,0
20122,1,0,0,0,0
20123,1,0,0,0,0
20124,1,0,0,0,0
20125,1,0,0,0,0
20126,0,0,0,0,1
20127,0,0,0,0,1
20128,0,0,0,0,1
20129,0,0,0,0,1
20130,0,0,0,0,1
20131,0,0,0,0,1
20132,0,0,0,0,1
20133,0,0,0,0,1
20134,0,0,0,0,1
20135,0,0,0,0,1
20136,0,0,0,0,1
20137,0,0,0,0,1
20138,0,0,0,0,1
20139,0,0,0,0,1
20140,0,0,0,0,1
20141,0,0,0,0,1
20142,0,0,0,0,1
20143,0,0,0,0,1
20144,0,0,0,0,1
20145,0,0,0,0,1
20146,0,0,0,0,1
20147,0,0,0,0,1
20148,0,0,0,0,1
20149,0,0,0,0,1
20150,0,0,0,0,1
20151,0,0,0,0,1
20152,0,0,0,0,1
20153,0,0,0,0,1
20154,0,0,0,0,1
20155,0,0,0,0,1
20156,0,0,0,0,1
20157,0,0,0,0,1
20158,0,0,0,0,1
20159,0,0,0,0,1
20160,0,0,0,0,1
20161,0,0,0,0,1
20162,0,0,0,0,1
20163,0,0,0,0,1
20164,0,0,0,0,1
20165,0,0,0,0,1
20166,0,0,0,0,1
20167,0,0,0,0,1
20168,0,0,0,0,1
20169,0,0,0,0,1
20170,0,0,0,0,1
20171,0,0,0,0,1
20172,0,0,0,0,1
20173,0,0,0,0,1
20174,0,0,0,0,1
20175,0,0,0,0,1
20176,0,0,0,0,1
20177,0,0,0,0,1
20178,0,0,0,0,1
20179,0,0,0,0,1
20180,0,0,0,0,1
20181,0,0,0,0,1
20182,0,1,0,0,0
20183,0,1,0,0,0
20184,0,1,0,0,0
20185,0,1,0,0,0
20186,0,1,0,0,0
20187,0,1,0,0,0
20188,0,1,0,0,0
20189,0,1,0,0,0
20190,0,1,0,0,0
20191,0,1,0,0,0
20192,0,1,0,0,0
20193,0,1,0,0,0
20194,0,1,0,0,0
20195,0,1,0,0,0
20196,0,1,0,0,0
20197,0,1,0,0,0
20198,0,1,0,0,0
20199,0,1,0,0,0
20200,0,1,0,0,0
20201,0,1,0,0,0
20202,0,1,0,0,0
20203,0,1,0,0,0
20204,0,1,0,0,0
20205,0,1,0,0,0
20206,0,1,0,0,0
20207,0,1,0,0,0
20208,0,1,0,0,0
20209,0,1,0,0,0
20210,0,1,0,0,0
20211,0,1,0,0,0
20212,0,1,0,0,0
20213,0,1,0,0,0
20214,0,1,0,0,0
20215,0,1,0,0,0
20216,0,1,0,0,0
20217,0,1,0,0,0
20218,0,1,0,0,0
20219,0,1,0,0,0
20220,0,1,0,0,0
20221,0,1,0,0,0
20222,0,1,0,0,0
20223,0,1,0,0,0
20224,0,1,0,0,0
20225,0,1,0,0,0
20226,0,1,0,0,0
20227,0,1,0,0,0
20228,0,1,0,0,0
20229,0,1,0,0,0
20230,0,1,0,0,0
20231,0,1,0,0,0
20232,1,0,0,0,0
20233,1,0,0,0,0
20234,1,0,0,0,0
20235,1,0,0,0,0
20236,1,0,0,0,0
20237,1,0,0,0,0
20238,1,0,0,0,0
20239,1,0,0,0,0
20240,1,0,0,0,0
20241,1,0,0,0,0
20242,1,0,0,0,0
20243,1,0,0,0,0
20244,1,0,0,0,0
20245,1,0,0,0,0
20246,1,0,0,0,0
20247,1,0,0,0,0
20248,1,0,0,0,0
20249,1,0,0,0,0
20250,1,0,0,0,0
20251,1,0,0,0,0
20252,1,0,0,0,0
20253,1,0,0,0,0
20254,1,0,0,0,0
20255,1,0,0,0,0
20256,1,0,0,0,0
20257,1,0,0,0,0
20258,1,0,0,0,0
20259,1,0,0,0,0
20260,1,0,0,0,0
20261,1,0,0,0,0
20262,1,0,0,0,0
20263,1,0,0,0,0
20264,1,0,0,0,0
20265,1,0,0,0,0
20266,1,0,0,0,0
20267,1,0,0,0,0
20268,1,0,0,0,0
20269,1,0,0,0,0
20270,1,0,0,0,0
20271,1,0,0,0,0
20272,1,0,0,0,0
20273,1,0,0,0,0
20274,1,0,0,0,0
20275,1,0,0,0,0
20276,1,0,0,0,0
20277,1,0,0,0,0
20278,1,0,0,0,0
20279,1,0,0,0,0
20280,1,0,0,0,0
20281,1,0,0,0,0
20282,1,0,0,0,0
20283,1,0,0,0,0
20284,1,0,0,0,0
20285,1,0,0,0,0
20286,1,0,0,0,0
20287,1,0,0,0,0
20288,1,0,0,0,0
20289,1,0,0,0,0
20290,1,0,0,0,0
20291,1,0,0,0,0
20292,1,0,0,0,0
20293,1,0,0,0,0
20294,1,0,0,0,0
20295,1,0,0,0,0
20296,1,0,0,0,0
20297,1,0,0,0,0
20298,1,0,0,0,0
20299,1,0,0,0,0
20300,1,0,0,0,0
20301,1,0,0,0,0
20302,1,0,0,0,0
20303,1,0,0,0,0
20304,1,0,0,0,0
20305,1,0,0,0,0
20306,1,0,0,0,0
20307,1,0,0,0,0
20308,1,0,0,0,0
20309,1,0,0,0,0
20310,1,0,0,0,0
20311,1,0,0,0,0
20312,1,0,0,0,0
20313,1,0,0,0,0
20314,1,0,0,0,0
20315,1,0,0,0,0
20316,1,0,0,0,0
20317,1,0,0,0,0
20318,1,0,0,0,0
20319,1,0,0,0,0
20320,1,0,0,0,0
20321,1,0,0,0,0
20322,1,0,0,0,0
20323,1,0,0,0,0
20324,1,0,0,0,0
20325,1,0,0,0,0
20326,1,0,0,0,0
20327,1,0,0,0,0
20328,1,0,0,0,0
20329,1,0,0,0,0
20330,1,0,0,0,0
20331,1,0,0,0,0
20332,1,0,0,0,0
20333,1,0,0,0,0
20334,1,0,0,0,0
20335,1,0,0,0,0
20336,1,0,0,0,0
20337,1,0,0,0,0
20338,0,0,0,1,0
20339,0,0,0,1,0
20340,0,0,0,1,0
20341,0,0,0,1,0
20342,0,0,0,1,0
20343,0,0,0,1,0
20344,0,0,0,1,0
20345,0,0,0,1,0
20346,0,0,0,1,0
20347,0,0,0,1,0
20348,0,0,0,1,0
20349,0,0,0,1,0
20350,0,0,0,1,0
20351,0,0,0,1,0
20352,0,0,0,1,0
20353,0,0,0,1,0
20354,0,0,0,1,0
20355,0,0,0,1,0
20356,0,0,0,1,0
20357,0,0,0,1,0
20358,1,0,0,0,0
20359,1,0,0,0,0
20360,1,0,0,0,0
20361,1,0,0,0,0
20362,1,0,0,0,0
20363,1,0,0,0,0
20364,1,0,0,0,0
20365,1,0,0,0,0
20366,1,0,0,0,0
20367,1,0,0,0,0
20368,1,0,0,0,0
20369,1,0,0,0,0
20370,1,0,0,0,0
20371,1,0,0,0,0
20372,1,0,0,0,0
20373,1,0,0,0,0
20374,1,0,0,0,0
20375,1,0,0,0,0
20376,1,0,0,0,0
20377,1,0,0,0,0
20378,1,0,0,0,0
20379,1,0,0,0,0
20380,1,0,0,0,0
20381,1,0,0,0,0
20382,1,0,0,0,0
20383,1,0,0,0,0
20384,1,0,0,0,0
20385,1,0,0,0,0
20386,1,0,0,0,0
20387,1,0,0,0,0
20388,1,0,0,0,0
20389,1,0,0,0,0
20390,1,0,0,0,0
20391,1,0,0,0,0
20392,1,0,0,0,0
20393,1,0,0,0,0
20394,1,0,0,0,0
20395,1,0,0,0,0
20396,1,0,0,0,0
20397,1,0,0,0,0
20398,1,0,0,0,0
20399,1,0,0,0,0
20400,1,0,0,0,0
20401,1,0,0,0,0
20402,1,0,0,0,0
20403,1,0,0,0,0
20404,1,0,0,0,0
20405,1,0,0,0,0
20406,1,0,0,0,0
20407,1,0,0,0,0
20408,1,0,0,0,0
20409,1,0,0,0,0
20410,1,0,0,0,0
20411,1,0,0,0,0
20412,1,0,0,0,0
20413,1,0,0,0,0
20414,1,0,0,0,0
20415,1,0,0,0,0
20416,1,0,0,0,0
20417,1,0,0,0,0
20418,1,0,0,0,0
20419,1,0,0,0,0
20420,1,0,0,0,0
20421,0,1,0,0,0
20422,0,1,0,0,0
20423,0,1,0,0,0
20424,0,1,0,0,0
20425,0,1,0,0,0
20426,0,1,0,0,0
20427,0,1,0,0,0
20428,0,1,0,0,0
20429,0,1,0,0,0
20430,0,1,0,0,0
20431,0,1,0,0,0
20432,0,1,0,0,0
20433,0,1,0,0,0
20434,0,1,0,0,0
20435,0,1,0,0,0
20436,0,1,0,0,0
20437,0,1,0,0,0
20438,0,1,0,0,0
20439,0,1,0,0,0
20440,0,1,0,0,0
20441,0,1,0,0,0
20442,0,1,0,0,0
20443,0,1,0,0,0
20444,0,1,0,0,0
20445,0,1,0,0,0
20446,0,1,0,0,0
20447,0,1,0,0,0
20448,0,1,0,0,0
20449,0,1,0,0,0
20450,0,1,0,0,0
20451,0,1,0,0,0
20452,0,1,0,0,0
20453,1,0,0,0,0
20454,1,0,0,0,0
20455,1,0,0,0,0
20456,1,0,0,0,0
20457,1,0,0,0,0
20458,1,0,0,0,0
20459,1,0,0,0,0
20460,1,0,0,0,0
20461,1,0,0,0,0
20462,1,0,0,0,0
20463,1,0,0,0,0
20464,1,0,0,0,0
20465,1,0,0,0,0
20466,1,0,0,0,0
20467,1,0,0,0,0
20468,1,0,0,0,0
20469,0,0,0,0,1
20470,0,0,0,0,1
20471,0,0,0,0,1
20472,0,0,0,0,1
20473,0,0,0,0,1
20474,0,0,0,0,1
20475,0,0,0,0,1
20476,0,0,0,0,1
20477,0,0,0,0,1
20478,0,0,0,0,1
20479,0,0,0,0,1
20480,0,0,0,0,1
20481,0,0,0,0,1
20482,0,0,0,0,1
20483,0,0,0,0,1
20484,0,0,0,0,1
20485,0,0,0,0,1
20486,0,0,0,0,1
20487,0,0,0,0,1
20488,0,0,0,0,1
20489,0,0,0,0,1
20490,0,0,0,0,1
20491,0,0,0,0,1
20492,0,0,0,0,1
20493,0,0,0,0,1
20494,0,0,0,0,1
20495,0,0,0,0,1
20496,0,0,0,0,1
20497,0,0,0,0,1
20498,0,0,0,0,1
20499,0,0,0,0,1
20500,0,0,0,0,1
20501,0,0,0,0,1
20502,0,0,0,0,1
20503,0,0,0,0,1
20504,0,0,0,0,1
20505,0,0,0,0,1
20506,0,0,0,0,1
20507,0,0,0,0,1
20508,0,0,0,0,1
20509,0,0,0,0,1
20510,0,0,0,0,1
20511,0,0,0,0,1
20512,0,0,0,0,1
20513,0,0,0,0,1
20514,0,0,0,0,1
20515,0,0,0,0,1
20516,0,0,0,0,1
20517,0,0,0,0,1
20518,0,0,0,0,1
20519,0,0,0,0,1
20520,0,0,0,0,1
20521,0,0,0,0,1
20522,0,0,0,0,1
20523,0,0,0,0,1
20524,0,0,0,0,1
20525,0,0,0,0,1
20526,0,0,0,0,1
20527,0,0,0,0,1
20528,0,0,0,0,1
20529,0,0,0,0,1
20530,0,0,0,0,1
20531,0,0,0,0,1
20532,0,0,0,0,1
20533,0,0,0,0,1
20534,0,0,0,0,1
20535,0,0,0,0,1
20536,0,0,0,0,1
20537,0,0,0,0,1
20538,0,0,0,0,1
20539,0,0,0,0,1
20540,0,0,0,0,1
20541,0,0,0,0,1
20542,0,0,0,0,1
20543,0,0,0,0,1
20544,0,0,0,0,1
20545,0,0,0,0,1
20546,0,0,0,0,1
20547,0,0,0,0,1
20548,0,0,0,0,1
20549,0,0,0,0,1
20550,0,0,0,0,1
20551,0,0,0,0,1
20552,0,0,0,0,1
20553,0,0,0,0,1
20554,0,0,0,0,1
20555,0,0,0,0,1
20556,0,0,0,0,1
20557,0,0,0,0,1
20558,0,0,0,0,1
20559,0,0,0,0,1
20560,0,0,0,0,1
20561,0,0,0,0,1
20562,0,0,0,0,1
20563,0,0,0,0,1
20564,0,0,0,0,1
20565,0,0,0,0,1
20566,0,0,0,0,1
20567,0,0,0,0,1
20568,0,0,0,0,1
20569,0,0,0,0,1
20570,0,0,0,0,1
20571,0,0,0,0,1
20572,0,0,0,0,1
20573,0,0,0,0,1
20574,0,0,0,0,1
20575,0,0,0,0,1
20576,0,0,0,0,1
20577,0,0,0,0,1
20578,0,0,0,0,1
20579,0,0,0,0,1
20580,0,0,0,0,1
20581,0,0,0,0,1
20582,0,0,0,0,1
20583,0,0,0,0,1
20584,0,0,0,0,1
20585,0,0,0,0,1
20586,0,0,0,0,1
20587,0,0,0,0,1
20588,0,0,0,0,1
20589,0,0,0,0,1
20590,0,0,0,0,1
20591,0,0,0,0,1
20592,0,0,0,0,1
20593,0,0,0,0,1
20594,0,0,0,0,1
20595,0,0,0,0,1
20596,0,0,0,0,1
20597,0,0,0,0,1
20598,0,0,0,0,1
20599,0,0,0,0,1
20600,0,0,0,0,1
20601,0,0,0,0,1
20602,0,0,0,0,1
20603,0,0,0,0,1
20604,0,0,0,0,1
20605,0,0,0,0,1
20606,0,0,0,0,1
20607,0,0,0,0,1
20608,0,0,0,0,1
20609,0,0,0,0,1
20610,0,0,0,0,1
20611,0,0,0,0,1
20612,0,0,0,0,1
20613,0,0,0,0,1
20614,0,0,0,0,1
20615,0,0,0,0,1
20616,0,0,0,0,1
20617,0,0,0,0,1
20618,0,0,0,0,1
20619,0,0,0,0,1
20620,0,0,0,0,1
20621,0,0,0,0,1
20622,0,0,0,0,1
20623,0,0,0,0,1
20624,0,0,0,0,1
20625,0,0,0,0,1
20626,0,0,0,0,1
20627,0,0,0,0,1
20628,0,0,0,0,1
20629,0,0,0,0,1
20630,0,0,0,0,1
20631,0,0,0,0,1
20632,0,0,0,0,1
20633,0,0,0,0,1
20634,0,0,0,0,1
20635,0,0,0,0,1
20636,0,0,0,0,1
20637,0,0,0,0,1
20638,0,0,0,0,1
20639,0,0,0,0,1
20640,0,1,0,0,0
20641,0,1,0,0,0
20642,0,1,0,0,0
20643,0,1,0,0,0
20644,0,1,0,0,0
20645,0,1,0,0,0
20646,0,1,0,0,0
20647,0,1,0,0,0
20648,0,1,0,0,0
20649,0,1,0,0,0
20650,0,1,0,0,0
20651,0,1,0,0,0
20652,0,1,0,0,0
20653,0,1,0,0,0
20654,0,1,0,0,0
20655,0,1,0,0,0
20656,0,1,0,0,0
20657,0,1,0,0,0
20658,0,1,0,0,0
20659,0,1,0,0,0
20660,0,1,0,0,0
20661,0,1,0,0,0
20662,0,1,0,0,0
20663,0,1,0,0,0
20664,0,1,0,0,0
20665,0,1,0,0,0
20666,0,1,0,0,0
20667,0,1,0,0,0
20668,0,1,0,0,0
20669,0,1,0,0,0
20670,0,1,0,0,0
20671,0,1,0,0,0
20672,0,1,0,0,0
20673,0,1,0,0,0
20674,0,1,0,0,0
20675,0,1,0,0,0
20676,0,1,0,0,0
20677,0,1,0,0,0
20678,0,1,0,0,0
20679,0,1,0,0,0
20680,0,1,0,0,0
20681,0,1,0,0,0
20682,0,1,0,0,0
20683,0,1,0,0,0
20684,0,1,0,0,0
20685,0,1,0,0,0
20686,0,1,0,0,0
20687,0,1,0,0,0
20688,0,1,0,0,0
20689,0,1,0,0,0
20690,0,1,0,0,0
20691,0,1,0,0,0
20692,0,1,0,0,0
20693,0,1,0,0,0
20694,0,1,0,0,0
20695,0,1,0,0,0
20696,0,1,0,0,0
20697,0,1,0,0,0
20698,0,1,0,0,0
20699,0,1,0,0,0
20700,0,1,0,0,0
20701,0,1,0,0,0
20702,0,1,0,0,0
20703,0,1,0,0,0
20704,0,1,0,0,0
20705,0,1,0,0,0
20706,0,1,0,0,0
20707,0,1,0,0,0
20708,0,1,0,0,0
20709,0,1,0,0,0
20710,0,1,0,0,0
20711,0,1,0,0,0
20712,0,1,0,0,0
20713,0,1,0,0,0
20714,0,1,0,0,0
20715,0,1,0,0,0
20716,0,1,0,0,0
20717,0,1,0,0,0
20718,0,1,0,0,0
20719,0,1,0,0,0
20720,0,1,0,0,0
20721,0,1,0,0,0
20722,0,1,0,0,0
20723,0,1,0,0,0
20724,0,1,0,0,0
20725,0,1,0,0,0
20726,0,1,0,0,0
20727,0,1,0,0,0
20728,0,1,0,0,0
20729,0,1,0,0,0
20730,0,1,0,0,0
20731,0,1,0,0,0
20732,0,1,0,0,0
20733,0,1,0,0,0
20734,0,1,0,0,0
20735,0,1,0,0,0
20736,0,1,0,0,0
20737,0,1,0,0,0
20738,0,1,0,0,0
20739,0,1,0,0,0
20740,1,0,0,0,0
20741,1,0,0,0,0
20742,1,0,0,0,0
20743,1,0,0,0,0
20744,1,0,0,0,0
20745,1,0,0,0,0
20746,1,0,0,0,0
20747,1,0,0,0,0
20748,1,0,0,0,0
20749,1,0,0,0,0
20750,1,0,0,0,0
20751,1,0,0,0,0
20752,1,0,0,0,0
20753,1,0,0,0,0
20754,1,0,0,0,0
20755,1,0,0,0,0
20756,1,0,0,0,0
20757,1,0,0,0,0
20758,1,0,0,0,0
20759,1,0,0,0,0
20760,1,0,0,0,0
20761,1,0,0,0,0
20762,1,0,0,0,0
20763,1,0,0,0,0
20764,0,1,0,0,0
20765,0,1,0,0,0
20766,0,1,0,0,0
20767,0,1,0,0,0
20768,0,1,0,0,0
20769,0,1,0,0,0
20770,0,1,0,0,0
20771,0,1,0,0,0
20772,0,1,0,0,0
20773,0,1,0,0,0
20774,0,1,0,0,0
20775,0,1,0,0,0
20776,0,1,0,0,0
20777,0,1,0,0,0
20778,0,1,0,0,0
20779,0,1,0,0,0
20780,0,1,0,0,0
20781,0,1,0,0,0
20782,0,1,0,0,0
20783,0,1,0,0,0
20784,0,1,0,0,0
20785,0,1,0,0,0
20786,0,1,0,0,0
20787,0,1,0,0,0
20788,0,1,0,0,0
20789,0,1,0,0,0
20790,0,1,0,0,0
20791,0,1,0,0,0
20792,0,1,0,0,0
20793,0,1,0,0,0
20794,0,1,0,0,0
20795,0,1,0,0,0
20796,0,1,0,0,0
20797,0,1,0,0,0
20798,0,1,0,0,0
20799,0,1,0,0,0
20800,0,1,0,0,0
20801,0,1,0,0,0
20802,0,1,0,0,0
20803,0,1,0,0,0
20804,0,1,0,0,0
20805,0,1,0,0,0
20806,0,1,0,0,0
20807,0,1,0,0,0
20808,1,0,0,0,0
20809,1,0,0,0,0
20810,1,0,0,0,0
20811,1,0,0,0,0
20812,1,0,0,0,0
20813,1,0,0,0,0
20814,1,0,0,0,0
20815,1,0,0,0,0
20816,1,0,0,0,0
20817,1,0,0,0,0
20818,1,0,0,0,0
20819,1,0,0,0,0
20820,1,0,0,0,0
20821,1,0,0,0,0
20822,1,0,0,0,0
20823,1,0,0,0,0
20824,1,0,0,0,0
20825,1,0,0,0,0
20826,1,0,0,0,0
20827,1,0,0,0,0
20828,1,0,0,0,0
20829,1,0,0,0,0
20830,1,0,0,0,0
20831,1,0,0,0,0
20832,1,0,0,0,0
20833,1,0,0,0,0
20834,1,0,0,0,0
20835,1,0,0,0,0
20836,1,0,0,0,0
20837,1,0,0,0,0
20838,1,0,0,0,0
20839,1,0,0,0,0
20840,1,0,0,0,0
20841,1,0,0,0,0
20842,1,0,0,0,0
20843,1,0,0,0,0
20844,1,0,0,0,0
20845,1,0,0,0,0
20846,1,0,0,0,0
20847,1,0,0,0,0
20848,1,0,0,0,0
20849,1,0,0,0,0
20850,1,0,0,0,0
20851,1,0,0,0,0
20852,1,0,0,0,0
20853,1,0,0,0,0
20854,1,0,0,0,0
20855,1,0,0,0,0
20856,1,0,0,0,0
20857,1,0,0,0,0
20858,1,0,0,0,0
20859,1,0,0,0,0
20860,1,0,0,0,0
20861,1,0,0,0,0
20862,1,0,0,0,0
20863,1,0,0,0,0
20864,1,0,0,0,0
20865,1,0,0,0,0
20866,1,0,0,0,0
20867,1,0,0,0,0
20868,1,0,0,0,0
20869,1,0,0,0,0
20870,1,0,0,0,0
20871,1,0,0,0,0
20872,1,0,0,0,0
20873,1,0,0,0,0
20874,1,0,0,0,0
20875,1,0,0,0,0
20876,1,0,0,0,0
20877,1,0,0,0,0
20878,1,0,0,0,0
20879,1,0,0,0,0
20880,1,0,0,0,0
20881,1,0,0,0,0
20882,1,0,0,0,0
20883,1,0,0,0,0
20884,1,0,0,0,0
20885,1,0,0,0,0
20886,1,0,0,0,0
20887,1,0,0,0,0
20888,1,0,0,0,0
20889,1,0,0,0,0
20890,1,0,0,0,0
20891,1,0,0,0,0
20892,1,0,0,0,0
20893,1,0,0,0,0
20894,1,0,0,0,0
20895,1,0,0,0,0
20896,0,0,0,0,1
20897,0,0,0,0,1
20898,0,0,0,0,1
20899,0,0,0,0,1
20900,0,0,0,0,1
20901,0,0,0,0,1
20902,0,0,0,0,1
20903,0,0,0,0,1
20904,0,0,0,0,1
20905,0,0,0,0,1
20906,0,0,0,0,1
20907,0,0,0,0,1
20908,0,0,0,0,1
20909,0,0,0,0,1
20910,0,0,0,0,1
20911,0,0,0,0,1
20912,0,0,0,0,1
20913,0,0,0,0,1
20914,0,0,0,0,1
20915,0,0,0,0,1
20916,0,0,0,0,1
20917,0,0,0,0,1
20918,0,0,0,0,1
20919,1,0,0,0,0
20920,1,0,0,0,0
20921,1,0,0,0,0
20922,1,0,0,0,0
20923,1,0,0,0,0
20924,1,0,0,0,0
20925,1,0,0,0,0
20926,1,0,0,0,0
20927,1,0,0,0,0
20928,1,0,0,0,0
20929,1,0,0,0,0
20930,1,0,0,0,0
20931,1,0,0,0,0
20932,1,0,0,0,0
20933,1,0,0,0,0
20934,0,0,0,0,1
20935,0,0,0,0,1
20936,0,0,0,0,1
20937,0,0,0,0,1
20938,0,0,0,0,1
20939,0,0,0,0,1
20940,0,0,0,0,1
20941,0,0,0,0,1
20942,0,0,0,0,1
20943,0,0,0,0,1
20944,0,0,0,0,1
20945,0,0,0,0,1
20946,0,0,0,0,1
20947,0,0,0,0,1
20948,0,0,0,0,1
20949,0,0,0,0,1
20950,0,0,0,0,1
20951,0,0,0,0,1
20952,0,0,0,0,1
20953,0,0,0,0,1
20954,0,0,0,0,1
20955,0,0,0,0,1
20956,0,0,0,0,1
20957,0,0,0,0,1
20958,0,0,0,0,1
20959,0,0,0,0,1
20960,0,0,0,0,1
20961,0,0,0,0,1
20962,0,0,0,0,1
20963,0,0,0,0,1
20964,0,0,0,0,1
20965,0,0,0,0,1
20966,0,0,0,0,1
20967,0,0,0,0,1
20968,0,0,0,0,1
20969,0,0,0,0,1
20970,0,0,0,0,1
20971,0,0,0,0,1
20972,0,0,0,0,1
20973,0,0,0,0,1
20974,0,0,0,0,1
20975,0,0,0,0,1
20976,0,0,0,0,1
20977,0,0,0,0,1
20978,0,0,0,0,1
20979,0,0,0,0,1
20980,0,0,0,0,1
20981,0,0,0,0,1
20982,0,0,0,0,1
20983,0,0,0,0,1
20984,0,0,0,0,1
20985,0,0,0,0,1
20986,0,0,0,0,1
20987,0,0,0,0,1
20988,0,0,0,0,1
20989,0,0,0,0,1
20990,0,0,0,0,1
20991,0,0,0,0,1
20992,0,0,0,0,1
20993,0,0,0,0,1
20994,0,0,0,0,1
20995,0,0,0,0,1
20996,0,0,0,0,1
20997,0,0,0,0,1
20998,0,0,0,0,1
20999,0,0,0,0,1
21000,0,0,0,0,1
21001,0,0,0,0,1
21002,0,0,0,0,1
21003,0,0,0,0,1
21004,0,0,0,0,1
21005,0,0,0,0,1
21006,0,0,0,0,1
21007,0,0,0,0,1
21008,0,0,0,0,1
21009,0,0,0,0,1
21010,0,0,0,0,1
21011,0,0,0,0,1
21012,0,0,0,0,1
21013,0,0,0,0,1
21014,0,0,0,0,1
21015,0,0,0,0,1
21016,0,0,0,0,1
21017,0,0,0,0,1
21018,0,0,0,0,1
21019,0,0,0,0,1
21020,0,0,0,0,1
21021,0,0,0,0,1
21022,0,0,0,0,1
21023,0,0,0,0,1
21024,0,0,0,0,1
21025,0,0,0,0,1
21026,0,0,0,0,1
21027,0,0,0,0,1
21028,0,0,0,0,1
21029,0,0,0,0,1
21030,0,0,0,0,1
21031,0,0,0,0,1
21032,0,0,0,0,1
21033,0,0,0,0,1
21034,0,0,0,0,1
21035,0,0,0,0,1
21036,0,0,0,0,1
21037,0,0,0,0,1
21038,0,0,0,0,1
21039,0,0,0,0,1
21040,0,0,0,0,1
21041,0,0,0,0,1
21042,0,0,0,0,1
21043,0,0,0,0,1
21044,0,0,0,0,1
21045,0,0,0,0,1
21046,0,0,0,0,1
21047,0,0,0,0,1
21048,0,0,0,0,1
21049,0,0,0,0,1
21050,0,0,0,0,1
21051,0,0,0,0,1
21052,0,0,0,0,1
21053,0,0,0,0,1
21054,0,0,0,0,1
21055,0,0,0,0,1
21056,0,0,0,0,1
21057,0,0,0,0,1
21058,0,0,0,0,1
21059,0,0,0,0,1
21060,0,0,0,0,1
21061,0,0,0,0,1
21062,0,0,0,0,1
21063,0,0,0,0,1
21064,0,0,0,0,1
21065,0,0,0,0,1
21066,0,0,0,0,1
21067,0,0,0,0,1
21068,0,0,0,0,1
21069,0,0,0,0,1
21070,1,0,0,0,0
21071,1,0,0,0,0
21072,1,0,0,0,0
21073,1,0,0,0,0
21074,1,0,0,0,0
21075,1,0,0,0,0
21076,1,0,0,0,0
21077,1,0,0,0,0
21078,1,0,0,0,0
21079,1,0,0,0,0
21080,1,0,0,0,0
21081,1,0,0,0,0
21082,1,0,0,0,0
21083,1,0,0,0,0
21084,1,0,0,0,0
21085,1,0,0,0,0
21086,1,0,0,0,0
21087,1,0,0,0,0
21088,1,0,0,0,0
21089,1,0,0,0,0
21090,1,0,0,0,0
21091,1,0,0,0,0
21092,1,0,0,0,0
21093,1,0,0,0,0
21094,1,0,0,0,0
21095,1,0,0,0,0
21096,1,0,0,0,0
21097,1,0,0,0,0
21098,1,0,0,0,0
21099,1,0,0,0,0
21100,1,0,0,0,0
21101,1,0,0,0,0
21102,1,0,0,0,0
21103,1,0,0,0,0
21104,1,0,0,0,0
21105,1,0,0,0,0
21106,1,0,0,0,0
21107,1,0,0,0,0
21108,1,0,0,0,0
21109,1,0,0,0,0
21110,1,0,0,0,0
21111,1,0,0,0,0
21112,1,0,0,0,0
21113,1,0,0,0,0
21114,1,0,0,0,0
21115,1,0,0,0,0
21116,1,0,0,0,0
21117,1,0,0,0,0
21118,1,0,0,0,0
21119,1,0,0,0,0
21120,1,0,0,0,0
21121,1,0,0,0,0
21122,1,0,0,0,0
21123,1,0,0,0,0
21124,1,0,0,0,0
21125,1,0,0,0,0
21126,0,0,0,0,1
21127,0,0,0,0,1
21128,0,0,0,0,1
21129,0,0,0,0,1
21130,0,0,0,0,1
21131,0,0,0,0,1
21132,0,0,0,0,1
21133,0,0,0,0,1
21134,0,0,0,0,1
21135,0,0,0,0,1
21136,0,0,0,0,1
21137,0,0,0,0,1
21138,0,0,0,0,1
21139,0,0,0,0,1
21140,0,0,0,0,1
21141,0,0,0,0,1
21142,0,0,0,0,1
21143,0,0,0,0,1
21144,0,0,0,0,1
21145,0,0,0,0,1
21146,0,0,0,0,1
21147,0,0,0,0,1
21148,0,0,0,0,1
21149,0,0,0,0,1
21150,0,0,0,0,1
21151,0,0,0,0,1
21152,0,0,0,0,1
21153,0,0,0,0,1
21154,0,0,0,0,1
21155,0,0,0,0,1
21156,0,0,0,0,1
21157,0,0,0,0,1
21158,0,0,0,0,1
21159,0,0,0,0,1
21160,0,0,0,0,1
21161,0,0,0,0,1
21162,0,0,0,0,1
21163,0,0,0,0,1
21164,0,0,0,0,1
21165,0,0,0,0,1
21166,0,0,0,0,1
21167,0,0,0,0,1
21168,0,0,0,0,1
21169,0,0,0,0,1
21170,0,0,0,0,1
21171,0,0,0,0,1
21172,0,0,0,0,1
21173,0,0,0,0,1
21174,0,0,0,0,1
21175,0,0,0,0,1
21176,0,0,0,0,1
21177,0,0,0,0,1
21178,0,0,0,0,1
21179,0,0,0,0,1
21180,0,0,0,0,1
21181,0,0,0,0,1
21182,0,0,0,0,1
21183,1,0,0,0,0
21184,1,0,0,0,0
21185,1,0,0,0,0
21186,1,0,0,0,0
21187,1,0,0,0,0
21188,1,0,0,0,0
21189,1,0,0,0,0
21190,1,0,0,0,0
21191,1,0,0,0,0
21192,1,0,0,0,0
21193,1,0,0,0,0
21194,1,0,0,0,0
21195,1,0,0,0,0
21196,1,0,0,0,0
21197,1,0,0,0,0
21198,1,0,0,0,0
21199,1,0,0,0,0
21200,1,0,0,0,0
21201,1,0,0,0,0
21202,1,0,0,0,0
21203,1,0,0,0,0
21204,1,0,0,0,0
21205,1,0,0,0,0
21206,1,0,0,0,0
21207,1,0,0,0,0
21208,1,0,0,0,0
21209,1,0,0,0,0
21210,1,0,0,0,0
21211,1,0,0,0,0
21212,1,0,0,0,0
21213,1,0,0,0,0
21214,1,0,0,0,0
21215,1,0,0,0,0
21216,1,0,0,0,0
21217,1,0,0,0,0
21218,1,0,0,0,0
21219,1,0,0,0,0
21220,1,0,0,0,0
21221,1,0,0,0,0
21222,1,0,0,0,0
21223,1,0,0,0,0
21224,0,0,0,0,1
21225,0,0,0,0,1
21226,0,0,0,0,1
21227,0,0,0,0,1
21228,0,0,0,0,1
21229,0,0,0,0,1
21230,0,0,0,0,1
21231,0,0,0,0,1
21232,0,0,0,0,1
21233,0,0,0,0,1
21234,0,0,0,0,1
21235,0,0,0,0,1
21236,0,0,0,0,1
21237,0,0,0,0,1
21238,0,0,0,0,1
21239,0,0,0,0,1
21240,0,0,0,0,1
21241,0,0,0,0,1
21242,0,0,0,0,1
21243,0,0,0,0,1
21244,0,0,0,0,1
21245,0,0,0,0,1
21246,0,0,0,0,1
21247,0,0,0,0,1
21248,0,0,0,0,1
21249,0,0,0,0,1
21250,0,0,0,0,1
21251,0,0,0,0,1
21252,0,0,0,0,1
21253,0,0,0,0,1
21254,0,0,0,0,1
21255,0,0,0,0,1
21256,0,0,0,0,1
21257,0,0,0,0,1
21258,0,0,0,0,1
21259,0,0,0,0,1
21260,0,0,0,0,1
21261,0,0,0,0,1
21262,0,0,0,0,1
21263,0,0,0,0,1
21264,0,0,0,0,1
21265,0,0,0,0,1
21266,0,0,0,0,1
21267,0,0,0,0,1
21268,0,0,0,0,1
21269,0,0,0,0,1
21270,0,0,0,0,1
21271,0,0,0,0,1
21272,0,0,0,0,1
21273,0,0,0,0,1
21274,0,0,0,0,1
21275,0,0,0,0,1
21276,0,0,0,0,1
21277,0,0,0,0,1
21278,0,0,0,0,1
21279,0,0,0,0,1
21280,0,0,0,0,1
21281,0,0,0,0,1
21282,0,0,0,0,1
21283,0,0,0,0,1
21284,0,0,0,0,1
21285,0,0,0,0,1
21286,0,0,0,0,1
21287,0,0,0,0,1
21288,0,0,0,0,1
21289,1,0,0,0,0
21290,1,0,0,0,0
21291,1,0,0,0,0
21292,1,0,0,0,0
21293,1,0,0,0,0
21294,1,0,0,0,0
21295,1,0,0,0,0
21296,1,0,0,0,0
21297,1,0,0,0,0
21298,1,0,0,0,0
21299,1,0,0,0,0
21300,1,0,0,0,0
21301,1,0,0,0,0
21302,1,0,0,0,0
21303,1,0,0,0,0
21304,1,0,0,0,0
21305,1,0,0,0,0
21306,1,0,0,0,0
21307,1,0,0,0,0
21308,1,0,0,0,0
21309,1,0,0,0,0
21310,1,0,0,0,0
21311,1,0,0,0,0
21312,1,0,0,0,0
21313,1,0,0,0,0
21314,1,0,0,0,0
21315,1,0,0,0,0
21316,1,0,0,0,0
21317,1,0,0,0,0
21318,1,0,0,0,0
21319,1,0,0,0,0
21320,1,0,0,0,0
21321,1,0,0,0,0
21322,1,0,0,0,0
21323,1,0,0,0,0
21324,1,0,0,0,0
21325,1,0,0,0,0
21326,1,0,0,0,0
21327,1,0,0,0,0
21328,1,0,0,0,0
21329,1,0,0,0,0
21330,1,0,0,0,0
21331,1,0,0,0,0
21332,1,0,0,0,0
21333,1,0,0,0,0
21334,1,0,0,0,0
21335,1,0,0,0,0
21336,1,0,0,0,0
21337,1,0,0,0,0
21338,1,0,0,0,0
21339,1,0,0,0,0
21340,1,0,0,0,0
21341,1,0,0,0,0
21342,1,0,0,0,0
21343,1,0,0,0,0
21344,1,0,0,0,0
21345,1,0,0,0,0
21346,1,0,0,0,0
21347,1,0,0,0,0
21348,1,0,0,0,0
21349,1,0,0,0,0
21350,1,0,0,0,0
21351,1,0,0,0,0
21352,1,0,0,0,0
21353,1,0,0,0,0
21354,1,0,0,0,0
21355,1,0,0,0,0
21356,1,0,0,0,0
21357,1,0,0,0,0
21358,1,0,0,0,0
21359,1,0,0,0,0
21360,1,0,0,0,0
21361,1,0,0,0,0
21362,1,0,0,0,0
21363,1,0,0,0,0
21364,1,0,0,0,0
21365,1,0,0,0,0
21366,1,0,0,0,0
21367,1,0,0,0,0
21368,1,0,0,0,0
21369,1,0,0,0,0
21370,1,0,0,0,0
21371,1,0,0,0,0
21372,1,0,0,0,0
21373,1,0,0,0,0
21374,1,0,0,0,0
21375,1,0,0,0,0
21376,1,0,0,0,0
21377,1,0,0,0,0
21378,1,0,0,0,0
21379,1,0,0,0,0
21380,1,0,0,0,0
21381,1,0,0,0,0
21382,1,0,0,0,0
21383,1,0,0,0,0
21384,1,0,0,0,0
21385,1,0,0,0,0
21386,1,0,0,0,0
21387,1,0,0,0,0
21388,1,0,0,0,0
21389,1,0,0,0,0
21390,1,0,0,0,0
21391,1,0,0,0,0
21392,1,0,0,0,0
21393,1,0,0,0,0
21394,1,0,0,0,0
21395,1,0,0,0,0
21396,1,0,0,0,0
21397,1,0,0,0,0
21398,1,0,0,0,0
21399,1,0,0,0,0
21400,1,0,0,0,0
21401,1,0,0,0,0
21402,1,0,0,0,0
21403,1,0,0,0,0
21404,1,0,0,0,0
21405,1,0,0,0,0
21406,1,0,0,0,0
21407,1,0,0,0,0
21408,1,0,0,0,0
21409,1,0,0,0,0
21410,1,0,0,0,0
21411,1,0,0,0,0
21412,1,0,0,0,0
21413,1,0,0,0,0
21414,1,0,0,0,0
21415,1,0,0,0,0
21416,1,0,0,0,0
21417,1,0,0,0,0
21418,1,0,0,0,0
21419,1,0,0,0,0
21420,1,0,0,0,0
21421,1,0,0,0,0
21422,1,0,0,0,0
21423,1,0,0,0,0
21424,1,0,0,0,0
21425,1,0,0,0,0
21426,1,0,0,0,0
21427,1,0,0,0,0
21428,1,0,0,0,0
21429,1,0,0,0,0
21430,1,0,0,0,0
21431,1,0,0,0,0
21432,1,0,0,0,0
21433,1,0,0,0,0
21434,1,0,0,0,0
21435,1,0,0,0,0
21436,1,0,0,0,0
21437,1,0,0,0,0
21438,1,0,0,0,0
21439,1,0,0,0,0
21440,1,0,0,0,0
21441,1,0,0,0,0
21442,1,0,0,0,0
21443,1,0,0,0,0
21444,1,0,0,0,0
21445,1,0,0,0,0
21446,1,0,0,0,0
21447,1,0,0,0,0
21448,1,0,0,0,0
21449,1,0,0,0,0
21450,1,0,0,0,0
21451,1,0,0,0,0
21452,1,0,0,0,0
21453,1,0,0,0,0
21454,1,0,0,0,0
21455,1,0,0,0,0
21456,0,0,0,0,1
21457,0,0,0,0,1
21458,0,0,0,0,1
21459,0,0,0,0,1
21460,0,0,0,0,1
21461,0,0,0,0,1
21462,0,0,0,0,1
21463,0,0,0,0,1
21464,0,0,0,0,1
21465,0,0,0,0,1
21466,0,0,0,0,1
21467,0,0,0,0,1
21468,0,0,0,0,1
21469,0,0,0,0,1
21470,0,0,0,0,1
21471,0,0,0,0,1
21472,0,0,0,0,1
21473,0,0,0,0,1
21474,0,0,0,0,1
21475,0,0,0,0,1
21476,0,0,0,0,1
21477,0,0,0,0,1
21478,1,0,0,0,0
21479,1,0,0,0,0
21480,1,0,0,0,0
21481,1,0,0,0,0
21482,1,0,0,0,0
21483,1,0,0,0,0
21484,1,0,0,0,0
21485,1,0,0,0,0
21486,1,0,0,0,0
21487,1,0,0,0,0
21488,1,0,0,0,0
21489,1,0,0,0,0
21490,1,0,0,0,0
21491,1,0,0,0,0
21492,1,0,0,0,0
21493,1,0,0,0,0
21494,1,0,0,0,0
21495,1,0,0,0,0
21496,1,0,0,0,0
21497,1,0,0,0,0
21498,1,0,0,0,0
21499,1,0,0,0,0
21500,1,0,0,0,0
21501,1,0,0,0,0
21502,1,0,0,0,0
21503,1,0,0,0,0
21504,1,0,0,0,0
21505,1,0,0,0,0
21506,1,0,0,0,0
21507,1,0,0,0,0
21508,1,0,0,0,0
21509,1,0,0,0,0
21510,1,0,0,0,0
21511,1,0,0,0,0
21512,1,0,0,0,0
21513,1,0,0,0,0
21514,1,0,0,0,0
21515,1,0,0,0,0
21516,1,0,0,0,0
21517,1,0,0,0,0
21518,1,0,0,0,0
21519,1,0,0,0,0
21520,1,0,0,0,0
21521,1,0,0,0,0
21522,1,0,0,0,0
21523,1,0,0,0,0
21524,1,0,0,0,0
21525,1,0,0,0,0
21526,1,0,0,0,0
21527,1,0,0,0,0
21528,1,0,0,0,0
21529,1,0,0,0,0
21530,1,0,0,0,0
21531,1,0,0,0,0
21532,1,0,0,0,0
21533,1,0,0,0,0
21534,1,0,0,0,0
21535,1,0,0,0,0
21536,1,0,0,0,0
21537,1,0,0,0,0
21538,1,0,0,0,0
21539,1,0,0,0,0
21540,1,0,0,0,0
21541,1,0,0,0,0
21542,1,0,0,0,0
21543,1,0,0,0,0
21544,1,0,0,0,0
21545,1,0,0,0,0
21546,1,0,0,0,0
21547,1,0,0,0,0
21548,1,0,0,0,0
21549,1,0,0,0,0
21550,1,0,0,0,0
21551,1,0,0,0,0
21552,1,0,0,0,0
21553,1,0,0,0,0
21554,1,0,0,0,0
21555,1,0,0,0,0
21556,1,0,0,0,0
21557,1,0,0,0,0
21558,1,0,0,0,0
21559,1,0,0,0,0
21560,1,0,0,0,0
21561,1,0,0,0,0
21562,1,0,0,0,0
21563,1,0,0,0,0
21564,1,0,0,0,0
21565,1,0,0,0,0
21566,1,0,0,0,0
21567,1,0,0,0,0
21568,1,0,0,0,0
21569,1,0,0,0,0
21570,1,0,0,0,0
21571,1,0,0,0,0
21572,1,0,0,0,0
21573,1,0,0,0,0
21574,1,0,0,0,0
21575,1,0,0,0,0
21576,1,0,0,0,0
21577,1,0,0,0,0
21578,1,0,0,0,0
21579,1,0,0,0,0
21580,1,0,0,0,0
21581,1,0,0,0,0
21582,1,0,0,0,0
21583,1,0,0,0,0
21584,1,0,0,0,0
21585,1,0,0,0,0
21586,1,0,0,0,0
21587,1,0,0,0,0
21588,1,0,0,0,0
21589,1,0,0,0,0
21590,1,0,0,0,0
21591,1,0,0,0,0
21592,1,0,0,0,0
21593,1,0,0,0,0
21594,1,0,0,0,0
21595,1,0,0,0,0
21596,1,0,0,0,0
21597,1,0,0,0,0
21598,1,0,0,0,0
21599,0,0,0,0,1
21600,0,0,0,0,1
21601,0,0,0,0,1
21602,0,0,0,0,1
21603,0,0,0,0,1
21604,0,0,0,0,1
21605,0,0,0,0,1
21606,0,0,0,0,1
21607,0,0,0,0,1
21608,0,0,0,0,1
21609,0,0,0,0,1
21610,0,0,0,0,1
21611,0,0,0,0,1
21612,0,0,0,0,1
21613,0,0,0,0,1
21614,0,0,0,0,1
21615,0,0,0,0,1
21616,0,0,0,0,1
21617,0,0,0,0,1
21618,0,0,0,0,1
21619,0,0,0,0,1
21620,0,0,0,0,1
21621,0,0,0,0,1
21622,0,0,0,0,1
21623,0,0,0,0,1
21624,0,0,0,0,1
21625,0,0,0,0,1
21626,0,0,0,0,1
21627,0,0,0,0,1
21628,0,0,0,0,1
21629,0,0,0,0,1
21630,0,0,0,0,1
21631,0,0,0,0,1
21632,0,0,0,0,1
21633,0,0,0,0,1
21634,0,0,0,0,1
21635,0,0,0,0,1
21636,0,0,0,0,1
21637,0,0,0,0,1
21638,0,0,0,0,1
21639,0,0,0,0,1
21640,0,0,0,0,1
21641,0,0,0,0,1
21642,0,0,0,0,1
21643,0,0,0,0,1
21644,0,0,0,0,1
21645,0,0,0,0,1
21646,0,0,0,0,1
21647,0,0,0,0,1
21648,0,0,0,0,1
21649,0,0,0,0,1
21650,0,0,0,0,1
21651,0,0,0,0,1
21652,0,0,0,0,1
21653,0,0,0,0,1
21654,0,0,0,0,1
21655,0,0,0,0,1
21656,0,0,0,0,1
21657,0,0,0,0,1
21658,0,0,0,0,1
21659,0,0,0,0,1
21660,0,0,0,0,1
21661,0,0,0,0,1
21662,0,0,0,0,1
21663,0,0,0,0,1
21664,0,0,0,0,1
21665,0,0,0,0,1
21666,0,0,0,0,1
21667,0,0,0,0,1
21668,0,0,0,0,1
21669,0,0,0,0,1
21670,0,0,0,0,1
21671,0,0,0,0,1
21672,0,0,0,0,1
21673,0,0,0,0,1
21674,0,0,0,0,1
21675,0,0,0,0,1
21676,0,0,0,0,1
21677,0,0,0,0,1
21678,0,0,0,0,1
21679,0,0,0,0,1
21680,0,0,0,0,1
21681,0,0,0,0,1
21682,0,0,0,0,1
21683,0,0,0,0,1
21684,0,0,0,0,1
21685,0,0,0,0,1
21686,0,0,0,0,1
21687,0,0,0,0,1
21688,0,0,0,0,1
21689,0,0,0,0,1
21690,0,0,0,0,1
21691,0,0,0,0,1
21692,0,0,0,0,1
21693,0,0,0,0,1
21694,0,0,0,0,1
21695,0,0,0,0,1
21696,0,0,0,0,1
21697,0,0,0,0,1
21698,0,0,0,0,1
21699,0,0,0,0,1
21700,0,0,0,0,1
21701,0,0,0,0,1
21702,0,0,0,0,1
21703,0,0,0,0,1
21704,0,0,0,0,1
21705,0,0,0,0,1
21706,0,0,0,0,1
21707,0,0,0,0,1
21708,0,0,0,0,1
21709,0,0,0,0,1
21710,0,0,0,0,1
21711,0,0,0,0,1
21712,1,0,0,0,0
21713,1,0,0,0,0
21714,1,0,0,0,0
21715,1,0,0,0,0
21716,1,0,0,0,0
21717,1,0,0,0,0
21718,1,0,0,0,0
21719,1,0,0,0,0
21720,1,0,0,0,0
21721,0,0,0,0,1
21722,0,0,0,0,1
21723,0,0,0,0,1
21724,0,0,0,0,1
21725,0,0,0,0,1
21726,0,0,0,0,1
21727,0,0,0,0,1
21728,0,0,0,0,1
21729,0,0,0,0,1
21730,0,0,0,0,1
21731,0,0,0,0,1
21732,0,0,0,0,1
21733,0,0,0,0,1
21734,0,0,0,0,1
21735,0,0,0,0,1
21736,0,0,0,0,1
21737,0,0,0,0,1
21738,0,0,0,0,1
21739,0,0,0,0,1
21740,0,0,0,0,1
21741,0,0,0,0,1
21742,0,0,0,0,1
21743,0,0,0,0,1
21744,0,0,0,0,1
21745,0,0,0,0,1
21746,0,0,0,0,1
21747,0,0,0,0,1
21748,0,0,0,0,1
21749,0,0,0,0,1
21750,0,0,0,0,1
21751,0,0,0,0,1
21752,0,0,0,0,1
21753,0,0,0,0,1
21754,0,0,0,0,1
21755,0,0,0,0,1
21756,0,0,0,0,1
21757,0,0,0,0,1
21758,0,0,0,0,1
21759,0,0,0,0,1
21760,0,0,0,0,1
21761,0,0,0,0,1
21762,0,0,0,0,1
21763,0,0,0,0,1
21764,0,0,0,0,1
21765,0,0,0,0,1
21766,0,0,0,0,1
21767,0,0,0,0,1
21768,0,0,0,0,1
21769,0,0,0,0,1
21770,0,0,0,0,1
21771,0,0,0,0,1
21772,0,0,0,0,1
21773,0,0,0,0,1
21774,0,0,0,0,1
21775,0,0,0,0,1
21776,0,0,0,0,1
21777,0,0,0,0,1
21778,0,0,0,0,1
21779,0,0,0,0,1
21780,0,0,0,0,1
21781,0,0,0,0,1
21782,0,0,0,0,1
21783,0,0,0,0,1
21784,0,0,0,0,1
21785,0,0,0,0,1
21786,0,0,0,0,1
21787,0,0,0,0,1
21788,0,0,0,0,1
21789,0,0,0,0,1
21790,0,0,0,0,1
21791,0,0,0,0,1
21792,0,0,0,0,1
21793,0,0,0,0,1
21794,0,0,0,0,1
21795,0,0,0,0,1
21796,0,0,0,0,1
21797,0,0,0,0,1
21798,0,0,0,0,1
21799,0,0,0,0,1
21800,0,0,0,0,1
21801,0,0,0,0,1
21802,0,0,0,0,1
21803,0,0,0,0,1
21804,0,0,0,0,1
21805,0,0,0,0,1
21806,0,0,0,0,1
21807,0,0,0,0,1
21808,0,0,0,0,1
21809,0,0,0,0,1
21810,0,0,0,0,1
21811,0,0,0,0,1
21812,0,0,0,0,1
21813,0,0,0,0,1
21814,0,0,0,0,1
21815,0,0,0,0,1
21816,0,0,0,0,1
21817,0,0,0,0,1
21818,0,0,0,0,1
21819,0,0,0,0,1
21820,0,0,0,0,1
21821,0,0,0,0,1
21822,0,0,0,0,1
21823,0,0,0,0,1
21824,0,0,0,0,1
21825,0,0,0,0,1
21826,0,0,0,0,1
21827,0,0,0,0,1
21828,0,0,0,0,1
21829,0,0,0,0,1
21830,0,0,0,0,1
21831,0,0,0,0,1
21832,0,0,0,0,1
21833,0,0,0,0,1
21834,0,0,0,0,1
21835,0,0,0,0,1
21836,0,0,0,0,1
21837,0,0,0,0,1
21838,0,0,0,0,1
21839,0,0,0,0,1
21840,0,0,0,0,1
21841,0,0,0,0,1
21842,0,0,0,0,1
21843,0,0,0,0,1
21844,0,0,0,0,1
21845,0,0,0,0,1
21846,0,0,0,0,1
21847,1,0,0,0,0
21848,0,0,0,1,0
21849,0,0,0,1,0
21850,0,0,0,1,0
21851,0,0,0,1,0
21852,0,0,0,1,0
21853,0,0,0,1,0
21854,0,0,0,1,0
21855,0,0,0,1,0
21856,0,0,0,1,0
21857,0,0,0,1,0
21858,0,0,0,1,0
21859,0,0,0,1,0
21860,0,0,0,1,0
21861,0,0,0,1,0
21862,0,0,0,1,0
21863,1,0,0,0,0
21864,1,0,0,0,0
21865,1,0,0,0,0
21866,1,0,0,0,0
21867,1,0,0,0,0
21868,1,0,0,0,0
21869,1,0,0,0,0
21870,1,0,0,0,0
21871,1,0,0,0,0
21872,1,0,0,0,0
21873,1,0,0,0,0
21874,1,0,0,0,0
21875,1,0,0,0,0
21876,1,0,0,0,0
21877,1,0,0,0,0
21878,1,0,0,0,0
21879,1,0,0,0,0
21880,1,0,0,0,0
21881,1,0,0,0,0
21882,1,0,0,0,0
21883,1,0,0,0,0
21884,1,0,0,0,0
21885,1,0,0,0,0
21886,1,0,0,0,0
21887,1,0,0,0,0
21888,1,0,0,0,0
21889,1,0,0,0,0
21890,1,0,0,0,0
21891,1,0,0,0,0
21892,1,0,0,0,0
21893,1,0,0,0,0
21894,1,0,0,0,0
21895,1,0,0,0,0
21896,1,0,0,0,0
21897,1,0,0,0,0
21898,1,0,0,0,0
21899,1,0,0,0,0
21900,1,0,0,0,0
21901,1,0,0,0,0
21902,1,0,0,0,0
21903,1,0,0,0,0
21904,1,0,0,0,0
21905,1,0,0,0,0
21906,1,0,0,0,0
21907,1,0,0,0,0
21908,1,0,0,0,0
21909,1,0,0,0,0
21910,1,0,0,0,0
21911,1,0,0,0,0
21912,1,0,0,0,0
21913,1,0,0,0,0
21914,1,0,0,0,0
21915,1,0,0,0,0
21916,1,0,0,0,0
21917,1,0,0,0,0
21918,1,0,0,0,0
21919,1,0,0,0,0
21920,1,0,0,0,0
21921,1,0,0,0,0
21922,1,0,0,0,0
21923,1,0,0,0,0
21924,1,0,0,0,0
21925,1,0,0,0,0
21926,1,0,0,0,0
21927,1,0,0,0,0
21928,1,0,0,0,0
21929,1,0,0,0,0
21930,1,0,0,0,0
21931,1,0,0,0,0
21932,1,0,0,0,0
21933,1,0,0,0,0
21934,1,0,0,0,0
21935,1,0,0,0,0
21936,1,0,0,0,0
21937,1,0,0,0,0
21938,1,0,0,0,0
21939,1,0,0,0,0
21940,1,0,0,0,0
21941,0,0,0,0,1
21942,0,0,0,0,1
21943,0,0,0,0,1
21944,0,0,0,0,1
21945,0,0,0,0,1
21946,0,0,0,0,1
21947,0,0,0,0,1
21948,0,0,0,0,1
21949,0,0,0,0,1
21950,0,0,0,0,1
21951,0,0,0,0,1
21952,0,0,0,0,1
21953,0,0,0,0,1
21954,0,0,0,0,1
21955,0,0,0,0,1
21956,0,0,0,0,1
21957,0,0,0,0,1
21958,0,0,0,0,1
21959,0,0,0,0,1
21960,0,0,0,0,1
21961,0,0,0,0,1
21962,0,0,0,0,1
21963,0,0,0,0,1
21964,0,0,0,0,1
21965,0,0,0,0,1
21966,0,0,0,0,1
21967,0,0,0,0,1
21968,0,0,0,0,1
21969,0,0,0,0,1
21970,0,0,0,0,1
21971,0,0,0,0,1
21972,0,0,0,0,1
21973,0,0,0,0,1
21974,0,0,0,0,1
21975,0,0,0,0,1
21976,0,0,0,0,1
21977,1,0,0,0,0
21978,1,0,0,0,0
21979,1,0,0,0,0
21980,1,0,0,0,0
21981,0,1,0,0,0
21982,0,1,0,0,0
21983,0,1,0,0,0
21984,0,1,0,0,0
21985,0,1,0,0,0
21986,0,1,0,0,0
21987,0,1,0,0,0
21988,0,1,0,0,0
21989,0,1,0,0,0
21990,0,1,0,0,0
21991,0,1,0,0,0
21992,0,1,0,0,0
21993,0,1,0,0,0
21994,0,1,0,0,0
21995,0,1,0,0,0
21996,0,1,0,0,0
21997,0,1,0,0,0
21998,0,1,0,0,0
21999,0,1,0,0,0
22000,0,1,0,0,0
22001,0,1,0,0,0
22002,0,1,0,0,0
22003,0,1,0,0,0
22004,0,1,0,0,0
22005,0,1,0,0,0
22006,0,1,0,0,0
22007,0,1,0,0,0
22008,0,1,0,0,0
22009,0,1,0,0,0
22010,0,1,0,0,0
22011,0,1,0,0,0
22012,0,1,0,0,0
22013,0,1,0,0,0
22014,0,1,0,0,0
22015,0,1,0,0,0
22016,0,1,0,0,0
22017,0,1,0,0,0
22018,0,1,0,0,0
22019,0,1,0,0,0
22020,0,1,0,0,0
22021,0,1,0,0,0
22022,0,1,0,0,0
22023,0,1,0,0,0
22024,0,1,0,0,0
22025,0,1,0,0,0
22026,0,1,0,0,0
22027,0,1,0,0,0
22028,0,1,0,0,0
22029,0,1,0,0,0
22030,0,1,0,0,0
22031,0,1,0,0,0
22032,0,1,0,0,0
22033,0,1,0,0,0
22034,0,1,0,0,0
22035,0,1,0,0,0
22036,0,1,0,0,0
22037,0,1,0,0,0
22038,0,1,0,0,0
22039,0,1,0,0,0
22040,0,1,0,0,0
22041,0,1,0,0,0
22042,0,1,0,0,0
22043,0,1,0,0,0
22044,0,1,0,0,0
22045,0,1,0,0,0
22046,0,1,0,0,0
22047,0,1,0,0,0
22048,0,1,0,0,0
22049,0,1,0,0,0
22050,0,1,0,0,0
22051,0,1,0,0,0
22052,0,1,0,0,0
22053,0,1,0,0,0
22054,0,1,0,0,0
22055,0,1,0,0,0
22056,0,1,0,0,0
22057,0,1,0,0,0
22058,0,1,0,0,0
22059,0,1,0,0,0
22060,0,1,0,0,0
22061,0,1,0,0,0
22062,1,0,0,0,0
22063,1,0,0,0,0
22064,1,0,0,0,0
22065,1,0,0,0,0
22066,1,0,0,0,0
22067,1,0,0,0,0
22068,1,0,0,0,0
22069,1,0,0,0,0
22070,1,0,0,0,0
22071,1,0,0,0,0
22072,1,0,0,0,0
22073,1,0,0,0,0
22074,1,0,0,0,0
22075,1,0,0,0,0
22076,1,0,0,0,0
22077,1,0,0,0,0
22078,1,0,0,0,0
22079,1,0,0,0,0
22080,1,0,0,0,0
22081,1,0,0,0,0
22082,1,0,0,0,0
22083,1,0,0,0,0
22084,1,0,0,0,0
22085,1,0,0,0,0
22086,1,0,0,0,0
22087,1,0,0,0,0
22088,1,0,0,0,0
22089,1,0,0,0,0
22090,1,0,0,0,0
22091,1,0,0,0,0
22092,1,0,0,0,0
22093,1,0,0,0,0
22094,1,0,0,0,0
22095,1,0,0,0,0
22096,1,0,0,0,0
22097,1,0,0,0,0
22098,1,0,0,0,0
22099,1,0,0,0,0
22100,1,0,0,0,0
22101,1,0,0,0,0
22102,1,0,0,0,0
22103,0,0,0,0,1
22104,0,0,0,0,1
22105,0,0,0,0,1
22106,0,0,0,0,1
22107,0,0,0,0,1
22108,0,0,0,0,1
22109,0,0,0,0,1
22110,0,0,0,0,1
22111,0,0,0,0,1
22112,0,0,0,0,1
22113,0,0,0,0,1
22114,0,0,0,0,1
22115,0,0,0,0,1
22116,0,0,0,0,1
22117,0,0,0,0,1
22118,0,0,0,0,1
22119,0,0,0,0,1
22120,0,0,0,0,1
22121,0,0,0,0,1
22122,0,0,0,0,1
22123,0,0,0,0,1
22124,0,0,0,0,1
22125,0,0,0,0,1
22126,0,0,0,0,1
22127,0,0,0,0,1
22128,0,0,0,0,1
22129,0,0,0,0,1
22130,0,0,0,0,1
22131,0,0,0,0,1
22132,0,0,0,0,1
22133,0,0,0,0,1
22134,0,0,0,0,1
22135,0,0,0,0,1
22136,0,0,0,0,1
22137,0,0,0,0,1
22138,0,0,0,0,1
22139,0,0,0,0,1
22140,0,0,0,0,1
22141,0,0,0,0,1
22142,1,0,0,0,0
22143,1,0,0,0,0
22144,1,0,0,0,0
22145,1,0,0,0,0
22146,1,0,0,0,0
22147,1,0,0,0,0
22148,1,0,0,0,0
22149,1,0,0,0,0
22150,1,0,0,0,0
22151,1,0,0,0,0
22152,1,0,0,0,0
22153,1,0,0,0,0
22154,1,0,0,0,0
22155,1,0,0,0,0
22156,1,0,0,0,0
22157,1,0,0,0,0
22158,1,0,0,0,0
22159,1,0,0,0,0
22160,1,0,0,0,0
22161,1,0,0,0,0
22162,1,0,0,0,0
22163,1,0,0,0,0
22164,1,0,0,0,0
22165,1,0,0,0,0
22166,1,0,0,0,0
22167,1,0,0,0,0
22168,1,0,0,0,0
22169,1,0,0,0,0
22170,1,0,0,0,0
22171,1,0,0,0,0
22172,1,0,0,0,0
22173,1,0,0,0,0
22174,1,0,0,0,0
22175,1,0,0,0,0
22176,1,0,0,0,0
22177,1,0,0,0,0
22178,1,0,0,0,0
22179,1,0,0,0,0
22180,1,0,0,0,0
22181,1,0,0,0,0
22182,1,0,0,0,0
22183,1,0,0,0,0
22184,1,0,0,0,0
22185,1,0,0,0,0
22186,1,0,0,0,0
22187,1,0,0,0,0
22188,1,0,0,0,0
22189,1,0,0,0,0
22190,1,0,0,0,0
22191,1,0,0,0,0
22192,1,0,0,0,0
22193,1,0,0,0,0
22194,1,0,0,0,0
22195,1,0,0,0,0
22196,1,0,0,0,0
22197,1,0,0,0,0
22198,1,0,0,0,0
22199,1,0,0,0,0
22200,1,0,0,0,0
22201,1,0,0,0,0
22202,1,0,0,0,0
22203,1,0,0,0,0
22204,1,0,0,0,0
22205,1,0,0,0,0
22206,1,0,0,0,0
22207,1,0,0,0,0
22208,1,0,0,0,0
22209,1,0,0,0,0
22210,1,0,0,0,0
22211,1,0,0,0,0
22212,1,0,0,0,0
22213,1,0,0,0,0
22214,1,0,0,0,0
22215,1,0,0,0,0
22216,1,0,0,0,0
22217,1,0,0,0,0
22218,1,0,0,0,0
22219,1,0,0,0,0
22220,1,0,0,0,0
22221,1,0,0,0,0
22222,1,0,0,0,0
22223,1,0,0,0,0
22224,1,0,0,0,0
22225,1,0,0,0,0
22226,1,0,0,0,0
22227,1,0,0,0,0
22228,1,0,0,0,0
22229,1,0,0,0,0
22230,0,1,0,0,0
22231,0,1,0,0,0
22232,0,1,0,0,0
22233,0,1,0,0,0
22234,0,1,0,0,0
22235,0,1,0,0,0
22236,0,1,0,0,0
22237,0,1,0,0,0
22238,0,1,0,0,0
22239,0,1,0,0,0
22240,0,1,0,0,0
22241,0,1,0,0,0
22242,0,1,0,0,0
22243,0,1,0,0,0
22244,0,1,0,0,0
22245,0,1,0,0,0
22246,0,1,0,0,0
22247,0,1,0,0,0
22248,0,1,0,0,0
22249,0,1,0,0,0
22250,0,1,0,0,0
22251,0,1,0,0,0
22252,0,1,0,0,0
22253,0,1,0,0,0
22254,0,1,0,0,0
22255,0,1,0,0,0
22256,0,1,0,0,0
22257,0,1,0,0,0
22258,0,1,0,0,0
22259,0,1,0,0,0
22260,0,1,0,0,0
22261,0,1,0,0,0
22262,0,1,0,0,0
22263,0,1,0,0,0
22264,0,1,0,0,0
22265,0,1,0,0,0
22266,0,1,0,0,0
22267,0,1,0,0,0
22268,0,1,0,0,0
22269,0,1,0,0,0
22270,0,1,0,0,0
22271,0,1,0,0,0
22272,0,1,0,0,0
22273,1,0,0,0,0
22274,1,0,0,0,0
22275,1,0,0,0,0
22276,1,0,0,0,0
22277,1,0,0,0,0
22278,1,0,0,0,0
22279,1,0,0,0,0
22280,1,0,0,0,0
22281,1,0,0,0,0
22282,1,0,0,0,0
22283,1,0,0,0,0
22284,1,0,0,0,0
22285,1,0,0,0,0
22286,1,0,0,0,0
22287,1,0,0,0,0
22288,1,0,0,0,0
22289,1,0,0,0,0
22290,1,0,0,0,0
22291,1,0,0,0,0
22292,1,0,0,0,0
22293,1,0,0,0,0
22294,1,0,0,0,0
22295,1,0,0,0,0
22296,1,0,0,0,0
22297,1,0,0,0,0
22298,1,0,0,0,0
22299,1,0,0,0,0
22300,1,0,0,0,0
22301,1,0,0,0,0
22302,1,0,0,0,0
22303,1,0,0,0,0
22304,1,0,0,0,0
22305,1,0,0,0,0
22306,1,0,0,0,0
22307,1,0,0,0,0
22308,1,0,0,0,0
22309,1,0,0,0,0
22310,1,0,0,0,0
22311,1,0,0,0,0
22312,1,0,0,0,0
22313,1,0,0,0,0
22314,1,0,0,0,0
22315,1,0,0,0,0
22316,1,0,0,0,0
22317,1,0,0,0,0
22318,1,0,0,0,0
22319,1,0,0,0,0
22320,1,0,0,0,0
22321,1,0,0,0,0
22322,1,0,0,0,0
22323,1,0,0,0,0
22324,1,0,0,0,0
22325,1,0,0,0,0
22326,1,0,0,0,0
22327,1,0,0,0,0
22328,1,0,0,0,0
22329,1,0,0,0,0
22330,1,0,0,0,0
22331,1,0,0,0,0
22332,1,0,0,0,0
22333,1,0,0,0,0
22334,1,0,0,0,0
22335,1,0,0,0,0
22336,1,0,0,0,0
22337,1,0,0,0,0
22338,1,0,0,0,0
22339,1,0,0,0,0
22340,1,0,0,0,0
22341,1,0,0,0,0
22342,1,0,0,0,0
22343,1,0,0,0,0
22344,1,0,0,0,0
22345,1,0,0,0,0
22346,1,0,0,0,0
22347,1,0,0,0,0
22348,1,0,0,0,0
22349,1,0,0,0,0
22350,1,0,0,0,0
22351,1,0,0,0,0
22352,1,0,0,0,0
22353,1,0,0,0,0
22354,1,0,0,0,0
22355,1,0,0,0,0
22356,1,0,0,0,0
22357,1,0,0,0,0
22358,1,0,0,0,0
22359,1,0,0,0,0
22360,1,0,0,0,0
22361,1,0,0,0,0
22362,1,0,0,0,0
22363,1,0,0,0,0
22364,1,0,0,0,0
22365,1,0,0,0,0
22366,1,0,0,0,0
22367,1,0,0,0,0
22368,1,0,0,0,0
22369,1,0,0,0,0
22370,1,0,0,0,0
22371,1,0,0,0,0
22372,1,0,0,0,0
22373,1,0,0,0,0
22374,1,0,0,0,0
22375,1,0,0,0,0
22376,1,0,0,0,0
22377,1,0,0,0,0
22378,1,0,0,0,0
22379,1,0,0,0,0
22380,1,0,0,0,0
22381,1,0,0,0,0
22382,0,1,0,0,0
22383,0,1,0,0,0
22384,0,1,0,0,0
22385,0,1,0,0,0
22386,0,1,0,0,0
22387,0,1,0,0,0
22388,0,1,0,0,0
22389,0,1,0,0,0
22390,0,1,0,0,0
22391,0,1,0,0,0
22392,0,1,0,0,0
22393,0,1,0,0,0
22394,0,1,0,0,0
22395,0,1,0,0,0
22396,0,1,0,0,0
22397,0,1,0,0,0
22398,0,1,0,0,0
22399,0,1,0,0,0
22400,0,1,0,0,0
22401,0,1,0,0,0
22402,0,1,0,0,0
22403,0,1,0,0,0
22404,0,1,0,0,0
22405,0,1,0,0,0
22406,0,1,0,0,0
22407,0,1,0,0,0
22408,0,1,0,0,0
22409,0,1,0,0,0
22410,0,1,0,0,0
22411,0,1,0,0,0
22412,0,1,0,0,0
22413,0,1,0,0,0
22414,0,1,0,0,0
22415,0,1,0,0,0
22416,0,1,0,0,0
22417,0,1,0,0,0
22418,0,1,0,0,0
22419,0,1,0,0,0
22420,0,1,0,0,0
22421,0,1,0,0,0
22422,0,1,0,0,0
22423,0,1,0,0,0
22424,0,1,0,0,0
22425,1,0,0,0,0
22426,1,0,0,0,0
22427,1,0,0,0,0
22428,1,0,0,0,0
22429,1,0,0,0,0
22430,1,0,0,0,0
22431,1,0,0,0,0
22432,1,0,0,0,0
22433,1,0,0,0,0
22434,1,0,0,0,0
22435,1,0,0,0,0
22436,1,0,0,0,0
22437,1,0,0,0,0
22438,1,0,0,0,0
22439,1,0,0,0,0
22440,1,0,0,0,0
22441,1,0,0,0,0
22442,1,0,0,0,0
22443,1,0,0,0,0
22444,1,0,0,0,0
22445,1,0,0,0,0
22446,1,0,0,0,0
22447,1,0,0,0,0
22448,1,0,0,0,0
22449,1,0,0,0,0
22450,1,0,0,0,0
22451,1,0,0,0,0
22452,1,0,0,0,0
22453,1,0,0,0,0
22454,1,0,0,0,0
22455,1,0,0,0,0
22456,1,0,0,0,0
22457,1,0,0,0,0
22458,1,0,0,0,0
22459,1,0,0,0,0
22460,1,0,0,0,0
22461,1,0,0,0,0
22462,1,0,0,0,0
22463,1,0,0,0,0
22464,1,0,0,0,0
22465,1,0,0,0,0
22466,1,0,0,0,0
22467,1,0,0,0,0
22468,1,0,0,0,0
22469,1,0,0,0,0
22470,1,0,0,0,0
22471,1,0,0,0,0
22472,1,0,0,0,0
22473,1,0,0,0,0
22474,1,0,0,0,0
22475,1,0,0,0,0
22476,1,0,0,0,0
22477,1,0,0,0,0
22478,1,0,0,0,0
22479,1,0,0,0,0
22480,1,0,0,0,0
22481,1,0,0,0,0
22482,1,0,0,0,0
22483,1,0,0,0,0
22484,1,0,0,0,0
22485,1,0,0,0,0
22486,1,0,0,0,0
22487,1,0,0,0,0
22488,0,0,0,0,1
22489,0,0,0,0,1
22490,0,0,0,0,1
22491,0,0,0,0,1
22492,0,0,0,0,1
22493,0,0,0,0,1
22494,0,0,0,0,1
22495,0,0,0,0,1
22496,0,0,0,0,1
22497,0,0,0,0,1
22498,0,0,0,0,1
22499,0,0,0,0,1
22500,0,0,0,0,1
22501,0,0,0,0,1
22502,0,0,0,0,1
22503,0,0,0,0,1
22504,0,0,0,0,1
22505,0,0,0,0,1
22506,0,0,0,0,1
22507,0,0,0,0,1
22508,0,0,0,0,1
22509,0,0,0,0,1
22510,0,0,0,0,1
22511,0,0,0,0,1
22512,0,0,0,0,1
22513,0,0,0,0,1
22514,0,0,0,0,1
22515,0,0,0,0,1
22516,0,0,0,0,1
22517,1,0,0,0,0
22518,1,0,0,0,0
22519,1,0,0,0,0
22520,1,0,0,0,0
22521,1,0,0,0,0
22522,1,0,0,0,0
22523,1,0,0,0,0
22524,1,0,0,0,0
22525,1,0,0,0,0
22526,1,0,0,0,0
22527,1,0,0,0,0
22528,1,0,0,0,0
22529,1,0,0,0,0
22530,1,0,0,0,0
22531,1,0,0,0,0
22532,1,0,0,0,0
22533,1,0,0,0,0
22534,1,0,0,0,0
22535,1,0,0,0,0
22536,1,0,0,0,0
22537,1,0,0,0,0
22538,1,0,0,0,0
22539,1,0,0,0,0
22540,1,0,0,0,0
22541,1,0,0,0,0
22542,1,0,0,0,0
22543,1,0,0,0,0
22544,1,0,0,0,0
22545,1,0,0,0,0
22546,1,0,0,0,0
22547,1,0,0,0,0
22548,1,0,0,0,0
22549,1,0,0,0,0
22550,1,0,0,0,0
22551,1,0,0,0,0
22552,1,0,0,0,0
22553,1,0,0,0,0
22554,1,0,0,0,0
22555,1,0,0,0,0
22556,1,0,0,0,0
22557,1,0,0,0,0
22558,1,0,0,0,0
22559,1,0,0,0,0
22560,1,0,0,0,0
22561,1,0,0,0,0
22562,1,0,0,0,0
22563,1,0,0,0,0
22564,1,0,0,0,0
22565,1,0,0,0,0
22566,1,0,0,0,0
22567,1,0,0,0,0
22568,1,0,0,0,0
22569,1,0,0,0,0
22570,1,0,0,0,0
22571,1,0,0,0,0
22572,1,0,0,0,0
22573,1,0,0,0,0
22574,1,0,0,0,0
22575,1,0,0,0,0
22576,1,0,0,0,0
22577,1,0,0,0,0
22578,1,0,0,0,0
22579,1,0,0,0,0
22580,1,0,0,0,0
22581,1,0,0,0,0
22582,1,0,0,0,0
22583,1,0,0,0,0
22584,1,0,0,0,0
22585,1,0,0,0,0
22586,1,0,0,0,0
22587,1,0,0,0,0
22588,1,0,0,0,0
22589,1,0,0,0,0
22590,1,0,0,0,0
22591,1,0,0,0,0
22592,1,0,0,0,0
22593,1,0,0,0,0
22594,1,0,0,0,0
22595,1,0,0,0,0
22596,1,0,0,0,0
22597,1,0,0,0,0
22598,1,0,0,0,0
22599,1,0,0,0,0
22600,1,0,0,0,0
22601,1,0,0,0,0
22602,1,0,0,0,0
22603,1,0,0,0,0
22604,1,0,0,0,0
22605,1,0,0,0,0
22606,1,0,0,0,0
22607,1,0,0,0,0
22608,1,0,0,0,0
22609,1,0,0,0,0
22610,1,0,0,0,0
22611,1,0,0,0,0
22612,1,0,0,0,0
22613,1,0,0,0,0
22614,1,0,0,0,0
22615,1,0,0,0,0
22616,1,0,0,0,0
22617,1,0,0,0,0
22618,1,0,0,0,0
22619,1,0,0,0,0
22620,1,0,0,0,0
22621,1,0,0,0,0
22622,1,0,0,0,0
22623,1,0,0,0,0
22624,1,0,0,0,0
22625,1,0,0,0,0
22626,1,0,0,0,0
22627,1,0,0,0,0
22628,1,0,0,0,0
22629,1,0,0,0,0
22630,1,0,0,0,0
22631,1,0,0,0,0
22632,1,0,0,0,0
22633,1,0,0,0,0
22634,1,0,0,0,0
22635,1,0,0,0,0
22636,1,0,0,0,0
22637,1,0,0,0,0
22638,1,0,0,0,0
22639,1,0,0,0,0
22640,1,0,0,0,0
22641,1,0,0,0,0
22642,1,0,0,0,0
22643,1,0,0,0,0
22644,0,1,0,0,0
22645,0,1,0,0,0
22646,0,1,0,0,0
22647,0,1,0,0,0
22648,0,1,0,0,0
22649,0,1,0,0,0
22650,0,1,0,0,0
22651,0,1,0,0,0
22652,0,1,0,0,0
22653,0,1,0,0,0
22654,0,1,0,0,0
22655,0,1,0,0,0
22656,0,1,0,0,0
22657,0,1,0,0,0
22658,0,1,0,0,0
22659,0,1,0,0,0
22660,0,1,0,0,0
22661,0,1,0,0,0
22662,0,1,0,0,0
22663,0,1,0,0,0
22664,0,1,0,0,0
22665,0,1,0,0,0
22666,0,1,0,0,0
22667,0,1,0,0,0
22668,0,1,0,0,0
22669,0,1,0,0,0
22670,1,0,0,0,0
22671,1,0,0,0,0
22672,1,0,0,0,0
22673,1,0,0,0,0
22674,1,0,0,0,0
22675,1,0,0,0,0
22676,1,0,0,0,0
22677,1,0,0,0,0
22678,1,0,0,0,0
22679,1,0,0,0,0
22680,1,0,0,0,0
22681,1,0,0,0,0
22682,1,0,0,0,0
22683,1,0,0,0,0
22684,1,0,0,0,0
22685,1,0,0,0,0
22686,1,0,0,0,0
22687,1,0,0,0,0
22688,1,0,0,0,0
22689,1,0,0,0,0
22690,1,0,0,0,0
22691,1,0,0,0,0
22692,1,0,0,0,0
22693,1,0,0,0,0
22694,1,0,0,0,0
22695,1,0,0,0,0
22696,1,0,0,0,0
22697,1,0,0,0,0
22698,1,0,0,0,0
22699,1,0,0,0,0
22700,1,0,0,0,0
22701,1,0,0,0,0
22702,1,0,0,0,0
22703,1,0,0,0,0
22704,1,0,0,0,0
22705,1,0,0,0,0
22706,1,0,0,0,0
22707,1,0,0,0,0
22708,1,0,0,0,0
22709,1,0,0,0,0
22710,1,0,0,0,0
22711,1,0,0,0,0
22712,1,0,0,0,0
22713,1,0,0,0,0
22714,1,0,0,0,0
22715,1,0,0,0,0
22716,1,0,0,0,0
22717,1,0,0,0,0
22718,1,0,0,0,0
22719,1,0,0,0,0
22720,1,0,0,0,0
22721,1,0,0,0,0
22722,1,0,0,0,0
22723,1,0,0,0,0
22724,1,0,0,0,0
22725,1,0,0,0,0
22726,1,0,0,0,0
22727,1,0,0,0,0
22728,1,0,0,0,0
22729,1,0,0,0,0
22730,1,0,0,0,0
22731,1,0,0,0,0
22732,1,0,0,0,0
22733,1,0,0,0,0
22734,1,0,0,0,0
22735,1,0,0,0,0
22736,1,0,0,0,0
22737,1,0,0,0,0
22738,1,0,0,0,0
22739,1,0,0,0,0
22740,1,0,0,0,0
22741,1,0,0,0,0
22742,1,0,0,0,0
22743,1,0,0,0,0
22744,1,0,0,0,0
22745,1,0,0,0,0
22746,1,0,0,0,0
22747,1,0,0,0,0
22748,1,0,0,0,0
22749,1,0,0,0,0
22750,1,0,0,0,0
22751,1,0,0,0,0
22752,1,0,0,0,0
22753,1,0,0,0,0
22754,0,0,0,0,1
22755,0,0,0,0,1
22756,0,0,0,0,1
22757,0,0,0,0,1
22758,0,0,0,0,1
22759,0,0,0,0,1
22760,0,0,0,0,1
22761,0,0,0,0,1
22762,0,0,0,0,1
22763,0,0,0,0,1
22764,0,0,0,0,1
22765,0,0,0,0,1
22766,0,0,0,0,1
22767,0,0,0,0,1
22768,0,0,0,0,1
22769,0,0,0,0,1
22770,0,0,0,0,1
22771,0,0,0,0,1
22772,0,0,0,0,1
22773,0,0,0,0,1
22774,0,0,0,0,1
22775,0,0,0,0,1
22776,0,0,0,0,1
22777,0,0,0,0,1
22778,0,0,0,0,1
22779,0,0,0,0,1
22780,0,0,0,0,1
22781,0,0,0,0,1
22782,0,0,0,0,1
22783,0,0,0,0,1
22784,0,0,0,0,1
22785,0,0,0,0,1
22786,0,0,0,0,1
22787,0,0,0,0,1
22788,0,0,0,0,1
22789,0,0,0,0,1
22790,0,0,0,0,1
22791,0,0,0,0,1
22792,1,0,0,0,0
22793,1,0,0,0,0
22794,1,0,0,0,0
22795,1,0,0,0,0
22796,0,0,0,0,1
22797,0,0,0,0,1
22798,0,0,0,0,1
22799,0,0,0,0,1
22800,0,0,0,0,1
22801,0,0,0,0,1
22802,0,0,0,0,1
22803,0,0,0,0,1
22804,0,0,0,0,1
22805,0,0,0,0,1
22806,0,0,0,0,1
22807,0,0,0,0,1
22808,0,0,0,0,1
22809,0,0,0,0,1
22810,0,0,0,0,1
22811,0,0,0,0,1
22812,0,0,0,0,1
22813,0,0,0,0,1
22814,0,0,0,0,1
22815,0,0,0,0,1
22816,0,0,0,0,1
22817,0,0,0,0,1
22818,0,0,0,0,1
22819,1,0,0,0,0
22820,1,0,0,0,0
22821,1,0,0,0,0
22822,1,0,0,0,0
22823,1,0,0,0,0
22824,1,0,0,0,0
22825,1,0,0,0,0
22826,1,0,0,0,0
22827,1,0,0,0,0
22828,1,0,0,0,0
22829,1,0,0,0,0
22830,1,0,0,0,0
22831,1,0,0,0,0
22832,1,0,0,0,0
22833,1,0,0,0,0
22834,1,0,0,0,0
22835,1,0,0,0,0
22836,1,0,0,0,0
22837,1,0,0,0,0
22838,1,0,0,0,0
22839,1,0,0,0,0
22840,1,0,0,0,0
22841,0,0,0,0,1
22842,0,0,0,0,1
22843,0,0,0,0,1
22844,0,0,0,0,1
22845,0,0,0,0,1
22846,0,0,0,0,1
22847,0,0,0,0,1
22848,0,0,0,0,1
22849,0,0,0,0,1
22850,0,0,0,0,1
22851,0,0,0,0,1
22852,0,0,0,0,1
22853,0,0,0,0,1
22854,0,0,0,0,1
22855,0,0,0,0,1
22856,0,0,0,0,1
22857,0,0,0,0,1
22858,0,0,0,0,1
22859,0,0,0,0,1
22860,0,0,0,0,1
22861,0,0,0,0,1
22862,0,0,0,0,1
22863,0,0,0,0,1
22864,0,0,0,0,1
22865,0,0,0,0,1
22866,0,0,0,0,1
22867,0,0,0,0,1
22868,0,0,0,0,1
22869,0,0,0,0,1
22870,1,0,0,0,0
22871,1,0,0,0,0
22872,1,0,0,0,0
22873,1,0,0,0,0
22874,1,0,0,0,0
22875,1,0,0,0,0
22876,1,0,0,0,0
22877,1,0,0,0,0
22878,1,0,0,0,0
22879,1,0,0,0,0
22880,1,0,0,0,0
22881,1,0,0,0,0
22882,1,0,0,0,0
22883,1,0,0,0,0
22884,1,0,0,0,0
22885,1,0,0,0,0
22886,1,0,0,0,0
22887,1,0,0,0,0
22888,1,0,0,0,0
22889,1,0,0,0,0
22890,1,0,0,0,0
22891,1,0,0,0,0
22892,1,0,0,0,0
22893,1,0,0,0,0
22894,1,0,0,0,0
22895,1,0,0,0,0
22896,1,0,0,0,0
22897,1,0,0,0,0
22898,1,0,0,0,0
22899,1,0,0,0,0
22900,0,0,0,0,1
22901,0,0,0,0,1
22902,0,0,0,0,1
22903,0,0,0,0,1
22904,0,0,0,0,1
22905,0,0,0,0,1
22906,0,0,0,0,1
22907,0,0,0,0,1
22908,0,0,0,0,1
22909,0,0,0,0,1
22910,0,0,0,0,1
22911,0,0,0,0,1
22912,0,0,0,0,1
22913,0,0,0,0,1
22914,0,0,0,0,1
22915,0,0,0,0,1
22916,0,0,0,0,1
22917,0,0,0,0,1
22918,0,0,0,0,1
22919,0,0,0,0,1
22920,0,0,0,0,1
22921,0,0,0,0,1
22922,0,0,0,0,1
22923,0,0,0,0,1
22924,0,0,0,0,1
22925,0,0,0,0,1
22926,0,0,0,0,1
22927,0,0,0,0,1
22928,0,0,0,0,1
22929,0,0,0,0,1
22930,0,0,0,0,1
22931,0,0,0,0,1
22932,0,0,0,0,1
22933,0,0,0,0,1
22934,0,0,0,0,1
22935,0,0,0,0,1
22936,0,0,0,0,1
22937,0,0,0,0,1
22938,0,0,0,0,1
22939,0,0,0,0,1
22940,0,0,0,0,1
22941,0,0,0,0,1
22942,0,0,0,0,1
22943,0,0,0,0,1
22944,0,0,0,0,1
22945,0,0,0,0,1
22946,0,0,0,0,1
22947,0,0,0,0,1
22948,0,0,0,0,1
22949,0,0,0,0,1
22950,0,0,0,0,1
22951,0,0,0,0,1
22952,0,0,0,0,1
22953,0,0,0,0,1
22954,0,0,0,0,1
22955,0,0,0,0,1
22956,0,0,0,0,1
22957,0,0,0,0,1
22958,0,0,0,0,1
22959,0,0,0,0,1
22960,0,0,0,0,1
22961,0,0,0,0,1
22962,0,0,0,0,1
22963,0,0,0,0,1
22964,0,0,0,0,1
22965,0,0,0,0,1
22966,0,0,0,0,1
22967,0,0,0,0,1
22968,0,0,0,0,1
22969,0,0,0,0,1
22970,0,0,0,0,1
22971,0,0,0,0,1
22972,0,0,0,0,1
22973,0,0,0,0,1
22974,0,0,0,0,1
22975,0,0,0,0,1
22976,0,0,0,0,1
22977,0,0,0,0,1
22978,0,0,0,0,1
22979,0,0,0,0,1
22980,0,0,0,0,1
22981,0,0,0,0,1
22982,0,0,0,0,1
22983,0,0,0,0,1
22984,0,0,0,0,1
22985,0,0,0,0,1
22986,0,0,0,0,1
22987,0,0,0,0,1
22988,0,0,0,0,1
22989,0,0,0,0,1
22990,0,0,0,0,1
22991,0,0,0,0,1
22992,0,0,0,0,1
22993,0,0,0,0,1
22994,0,0,0,0,1
22995,0,0,0,0,1
22996,0,0,0,0,1
22997,0,0,0,0,1
22998,0,0,0,0,1
22999,0,0,0,0,1
23000,0,0,0,0,1
23001,0,0,0,0,1
23002,0,0,0,0,1
23003,0,0,0,0,1
23004,0,0,0,0,1
23005,0,0,0,0,1
23006,0,0,0,0,1
23007,0,0,0,0,1
23008,0,0,0,0,1
23009,0,0,0,0,1
23010,0,0,0,0,1
23011,0,0,0,0,1
23012,0,0,0,0,1
23013,0,0,0,0,1
23014,0,0,0,0,1
23015,0,0,0,0,1
23016,0,0,0,0,1
23017,0,0,0,0,1
23018,0,0,0,0,1
23019,0,0,0,0,1
23020,0,0,0,0,1
23021,0,0,0,0,1
23022,0,0,0,0,1
23023,0,0,0,0,1
23024,0,0,0,0,1
23025,0,0,0,0,1
23026,0,0,0,0,1
23027,0,0,0,0,1
23028,0,0,0,0,1
23029,0,0,0,0,1
23030,0,0,0,0,1
23031,0,0,0,0,1
23032,0,0,0,0,1
23033,0,0,0,0,1
23034,0,0,0,0,1
23035,0,0,0,0,1
23036,0,0,0,0,1
23037,0,0,0,0,1
23038,0,0,0,0,1
23039,0,0,0,0,1
23040,0,0,0,0,1
23041,0,0,0,0,1
23042,0,0,0,0,1
23043,0,0,0,0,1
23044,0,0,0,0,1
23045,0,0,0,0,1
23046,0,0,0,0,1
23047,0,0,0,0,1
23048,0,0,0,0,1
23049,0,0,0,0,1
23050,0,0,0,0,1
23051,0,0,0,0,1
23052,0,0,0,0,1
23053,0,0,0,0,1
23054,0,0,0,0,1
23055,0,0,0,0,1
23056,0,0,0,0,1
23057,0,0,0,0,1
23058,0,0,0,0,1
23059,0,0,0,0,1
23060,0,0,0,0,1
23061,0,0,0,0,1
23062,0,0,0,0,1
23063,0,0,0,0,1
23064,0,0,0,0,1
23065,0,0,0,0,1
23066,0,0,0,0,1
23067,0,0,0,0,1
23068,0,0,0,0,1
23069,0,0,0,0,1
23070,0,0,0,0,1
23071,0,0,0,0,1
23072,0,0,0,0,1
23073,0,0,0,0,1
23074,0,0,0,0,1
23075,0,0,0,0,1
23076,0,0,0,0,1
23077,0,0,0,0,1
23078,0,0,0,0,1
23079,0,0,0,0,1
23080,0,0,0,0,1
23081,0,0,0,0,1
23082,0,0,0,0,1
23083,0,0,0,0,1
23084,0,0,0,0,1
23085,0,0,0,0,1
23086,0,0,0,0,1
23087,0,0,0,0,1
23088,0,0,0,0,1
23089,0,0,0,0,1
23090,0,0,0,0,1
23091,0,0,0,0,1
23092,0,0,0,0,1
23093,0,0,0,0,1
23094,0,0,0,0,1
23095,0,0,0,0,1
23096,0,0,0,0,1
23097,0,0,0,0,1
23098,0,0,0,0,1
23099,0,0,0,0,1
23100,0,0,0,0,1
23101,0,0,0,0,1
23102,0,0,0,0,1
23103,0,0,0,0,1
23104,0,0,0,0,1
23105,0,0,0,0,1
23106,0,0,0,0,1
23107,0,0,0,0,1
23108,0,0,0,0,1
23109,0,0,0,0,1
23110,0,0,0,0,1
23111,0,0,0,0,1
23112,0,0,0,0,1
23113,0,0,0,0,1
23114,0,0,0,0,1
23115,0,0,0,0,1
23116,0,0,0,0,1
23117,0,0,0,0,1
23118,0,0,0,0,1
23119,0,0,0,0,1
23120,0,0,0,0,1
23121,0,0,0,0,1
23122,0,0,0,0,1
23123,0,0,0,0,1
23124,0,0,0,0,1
23125,0,0,0,0,1
23126,0,0,0,0,1
23127,0,0,0,0,1
23128,0,0,0,0,1
23129,0,0,0,0,1
23130,0,0,0,0,1
23131,0,0,0,0,1
23132,0,0,0,0,1
23133,0,0,0,0,1
23134,0,0,0,0,1
23135,0,0,0,0,1
23136,0,0,0,0,1
23137,0,0,0,0,1
23138,0,0,0,0,1
23139,0,0,0,0,1
23140,0,0,0,0,1
23141,0,0,0,0,1
23142,0,0,0,0,1
23143,0,0,0,0,1
23144,0,0,0,0,1
23145,0,0,0,0,1
23146,0,0,0,0,1
23147,0,0,0,0,1
23148,0,0,0,0,1
23149,0,0,0,0,1
23150,0,0,0,0,1
23151,0,0,0,0,1
23152,0,0,0,0,1
23153,0,0,0,0,1
23154,0,0,0,0,1
23155,0,0,0,0,1
23156,0,0,0,0,1
23157,0,0,0,0,1
23158,0,0,0,0,1
23159,0,0,0,0,1
23160,0,0,0,0,1
23161,0,0,0,0,1
23162,0,0,0,0,1
23163,0,0,0,0,1
23164,0,0,0,0,1
23165,0,0,0,0,1
23166,0,0,0,0,1
23167,0,0,0,0,1
23168,0,0,0,0,1
23169,0,0,0,0,1
23170,0,0,0,0,1
23171,0,0,0,0,1
23172,0,0,0,0,1
23173,0,0,0,0,1
23174,0,0,0,0,1
23175,0,0,0,0,1
23176,0,0,0,0,1
23177,0,0,0,0,1
23178,0,0,0,0,1
23179,0,0,0,0,1
23180,0,0,0,0,1
23181,0,0,0,0,1
23182,0,0,0,0,1
23183,0,0,0,0,1
23184,0,0,0,0,1
23185,0,0,0,0,1
23186,0,0,0,0,1
23187,0,0,0,0,1
23188,0,0,0,0,1
23189,0,0,0,0,1
23190,0,0,0,0,1
23191,0,0,0,0,1
23192,0,0,0,0,1
23193,0,0,0,0,1
23194,0,0,0,0,1
23195,0,0,0,0,1
23196,0,0,0,0,1
23197,0,0,0,0,1
23198,0,0,0,0,1
23199,0,0,0,0,1
23200,0,0,0,0,1
23201,0,0,0,0,1
23202,0,0,0,0,1
23203,0,0,0,0,1
23204,1,0,0,0,0
23205,1,0,0,0,0
23206,1,0,0,0,0
23207,1,0,0,0,0
23208,1,0,0,0,0
23209,1,0,0,0,0
23210,1,0,0,0,0
23211,1,0,0,0,0
23212,1,0,0,0,0
23213,1,0,0,0,0
23214,1,0,0,0,0
23215,1,0,0,0,0
23216,1,0,0,0,0
23217,1,0,0,0,0
23218,1,0,0,0,0
23219,1,0,0,0,0
23220,1,0,0,0,0
23221,1,0,0,0,0
23222,1,0,0,0,0
23223,1,0,0,0,0
23224,1,0,0,0,0
23225,1,0,0,0,0
23226,1,0,0,0,0
23227,1,0,0,0,0
23228,1,0,0,0,0
23229,1,0,0,0,0
23230,1,0,0,0,0
23231,1,0,0,0,0
23232,0,0,0,0,1
23233,0,0,0,0,1
23234,0,0,0,0,1
23235,0,0,0,0,1
23236,0,0,0,0,1
23237,0,0,0,0,1
23238,0,0,0,0,1
23239,0,0,0,0,1
23240,0,0,0,0,1
23241,0,0,0,0,1
23242,0,0,0,0,1
23243,0,0,0,0,1
23244,0,0,0,0,1
23245,0,0,0,0,1
23246,0,0,0,0,1
23247,0,0,0,0,1
23248,0,0,0,0,1
23249,0,0,0,0,1
23250,0,0,0,0,1
23251,0,0,0,0,1
23252,0,0,0,0,1
23253,0,0,0,0,1
23254,0,0,0,0,1
23255,0,0,0,0,1
23256,0,0,0,0,1
23257,0,0,0,0,1
23258,0,0,0,0,1
23259,0,0,0,0,1
23260,0,0,0,0,1
23261,0,0,0,0,1
23262,0,0,0,0,1
23263,0,0,0,0,1
23264,0,0,0,0,1
23265,0,0,0,0,1
23266,0,0,0,0,1
23267,0,0,0,0,1
23268,0,0,0,0,1
23269,0,0,0,0,1
23270,0,0,0,0,1
23271,0,0,0,0,1
23272,0,0,0,0,1
23273,0,0,0,0,1
23274,0,0,0,0,1
23275,0,0,0,0,1
23276,0,0,0,0,1
23277,0,0,0,0,1
23278,0,0,0,0,1
23279,0,0,0,0,1
23280,0,0,0,0,1
23281,0,0,0,0,1
23282,0,0,0,0,1
23283,0,0,0,0,1
23284,0,0,0,0,1
23285,0,0,0,0,1
23286,0,0,0,0,1
23287,0,0,0,0,1
23288,0,0,0,0,1
23289,0,0,0,0,1
23290,0,0,0,0,1
23291,0,0,0,0,1
23292,0,0,0,0,1
23293,0,0,0,0,1
23294,0,0,0,0,1
23295,0,0,0,0,1
23296,0,0,0,0,1
23297,0,0,0,0,1
23298,0,0,0,0,1
23299,0,0,0,0,1
23300,0,0,0,0,1
23301,0,0,0,0,1
23302,0,0,0,0,1
23303,0,0,0,0,1
23304,0,0,0,0,1
23305,0,0,0,0,1
23306,0,0,0,0,1
23307,0,0,0,0,1
23308,0,0,0,0,1
23309,0,0,0,0,1
23310,0,0,0,0,1
23311,0,0,0,0,1
23312,0,0,0,0,1
23313,0,0,0,0,1
23314,0,0,0,0,1
23315,0,0,0,0,1
23316,0,0,0,0,1
23317,0,0,0,0,1
23318,0,0,0,0,1
23319,0,0,0,0,1
23320,0,0,0,0,1
23321,0,0,0,0,1
23322,0,0,0,0,1
23323,0,0,0,0,1
23324,0,0,0,0,1
23325,0,0,0,0,1
23326,0,0,0,0,1
23327,0,0,0,0,1
23328,0,0,0,0,1
23329,0,0,0,0,1
23330,0,0,0,0,1
23331,0,0,0,0,1
23332,0,0,0,0,1
23333,0,0,0,0,1
23334,0,0,0,0,1
23335,0,0,0,0,1
23336,0,0,0,0,1
23337,0,0,0,0,1
23338,0,0,0,0,1
23339,0,0,0,0,1
23340,0,0,0,0,1
23341,0,0,0,0,1
23342,0,0,0,0,1
23343,0,0,0,0,1
23344,0,0,0,0,1
23345,0,0,0,0,1
23346,0,0,0,0,1
23347,0,0,0,0,1
23348,0,0,0,0,1
23349,0,0,0,0,1
23350,0,0,0,0,1
23351,0,0,0,0,1
23352,0,0,0,0,1
23353,0,0,0,0,1
23354,0,0,0,0,1
23355,0,0,0,0,1
23356,0,0,0,0,1
23357,0,0,0,0,1
23358,0,0,0,0,1
23359,0,0,0,0,1
23360,0,0,0,0,1
23361,0,0,0,0,1
23362,0,0,0,0,1
23363,0,0,0,0,1
23364,0,0,0,0,1
23365,0,0,0,0,1
23366,0,0,0,0,1
23367,0,0,0,0,1
23368,0,0,0,0,1
23369,0,0,0,0,1
23370,0,0,0,0,1
23371,0,0,0,0,1
23372,0,0,0,0,1
23373,0,0,0,0,1
23374,0,0,0,0,1
23375,0,0,0,0,1
23376,0,0,0,0,1
23377,0,0,0,0,1
23378,0,0,0,0,1
23379,0,0,0,0,1
23380,0,0,0,0,1
23381,0,0,0,0,1
23382,0,0,0,0,1
23383,0,0,0,0,1
23384,0,0,0,0,1
23385,0,0,0,0,1
23386,0,0,0,0,1
23387,0,0,0,0,1
23388,0,0,0,0,1
23389,0,0,0,0,1
23390,0,0,0,0,1
23391,0,0,0,0,1
23392,0,0,0,0,1
23393,0,0,0,0,1
23394,0,0,0,0,1
23395,0,0,0,0,1
23396,0,0,0,0,1
23397,0,0,0,0,1
23398,0,0,0,0,1
23399,0,0,0,0,1
23400,0,0,0,0,1
23401,0,0,0,0,1
23402,0,0,0,0,1
23403,0,0,0,0,1
23404,0,0,0,0,1
23405,0,0,0,0,1
23406,0,0,0,0,1
23407,0,0,0,0,1
23408,0,0,0,0,1
23409,0,0,0,0,1
23410,0,0,0,0,1
23411,0,0,0,0,1
23412,0,0,0,0,1
23413,0,0,0,0,1
23414,0,0,0,0,1
23415,0,0,0,0,1
23416,0,0,0,0,1
23417,0,0,0,0,1
23418,0,0,0,0,1
23419,0,0,0,0,1
23420,0,0,0,0,1
23421,0,0,0,0,1
23422,0,0,0,0,1
23423,0,0,0,0,1
23424,0,0,0,0,1
23425,0,0,0,0,1
23426,0,0,0,0,1
23427,0,0,0,0,1
23428,0,0,0,0,1
23429,0,0,0,0,1
23430,0,0,0,0,1
23431,0,0,0,0,1
23432,0,0,0,0,1
23433,0,0,0,0,1
23434,0,0,0,0,1
23435,0,0,0,0,1
23436,0,0,0,0,1
23437,0,0,0,0,1
23438,0,0,0,0,1
23439,0,0,0,0,1
23440,0,0,0,0,1
23441,0,0,0,0,1
23442,0,0,0,0,1
23443,0,0,0,0,1
23444,0,0,0,0,1
23445,0,0,0,0,1
23446,0,0,0,0,1
23447,0,0,0,0,1
23448,0,0,0,0,1
23449,0,0,0,0,1
23450,0,0,0,0,1
23451,0,0,0,0,1
23452,1,0,0,0,0
23453,1,0,0,0,0
23454,1,0,0,0,0
23455,1,0,0,0,0
23456,1,0,0,0,0
23457,1,0,0,0,0
23458,1,0,0,0,0
23459,1,0,0,0,0
23460,1,0,0,0,0
23461,1,0,0,0,0
23462,1,0,0,0,0
23463,1,0,0,0,0
23464,1,0,0,0,0
23465,1,0,0,0,0
23466,1,0,0,0,0
23467,1,0,0,0,0
23468,1,0,0,0,0
23469,0,1,0,0,0
23470,0,1,0,0,0
23471,0,1,0,0,0
23472,0,1,0,0,0
23473,0,1,0,0,0
23474,0,1,0,0,0
23475,0,1,0,0,0
23476,0,1,0,0,0
23477,0,1,0,0,0
23478,0,1,0,0,0
23479,0,1,0,0,0
23480,0,1,0,0,0
23481,0,1,0,0,0
23482,0,1,0,0,0
23483,0,1,0,0,0
23484,0,1,0,0,0
23485,0,1,0,0,0
23486,0,1,0,0,0
23487,0,1,0,0,0
23488,0,1,0,0,0
23489,0,1,0,0,0
23490,0,1,0,0,0
23491,0,1,0,0,0
23492,0,1,0,0,0
23493,0,1,0,0,0
23494,0,1,0,0,0
23495,0,1,0,0,0
23496,0,1,0,0,0
23497,0,1,0,0,0
23498,0,1,0,0,0
23499,0,1,0,0,0
23500,0,1,0,0,0
23501,0,1,0,0,0
23502,0,1,0,0,0
23503,0,1,0,0,0
23504,0,1,0,0,0
23505,0,1,0,0,0
23506,0,1,0,0,0
23507,0,1,0,0,0
23508,0,1,0,0,0
23509,0,1,0,0,0
23510,0,1,0,0,0
23511,0,1,0,0,0
23512,0,1,0,0,0
23513,0,1,0,0,0
23514,0,1,0,0,0
23515,0,1,0,0,0
23516,0,1,0,0,0
23517,0,1,0,0,0
23518,0,1,0,0,0
23519,0,1,0,0,0
23520,0,1,0,0,0
23521,0,1,0,0,0
23522,0,1,0,0,0
23523,0,1,0,0,0
23524,0,1,0,0,0
23525,0,1,0,0,0
23526,0,1,0,0,0
23527,0,1,0,0,0
23528,0,1,0,0,0
23529,0,1,0,0,0
23530,0,1,0,0,0
23531,0,1,0,0,0
23532,0,1,0,0,0
23533,0,1,0,0,0
23534,0,1,0,0,0
23535,0,1,0,0,0
23536,0,1,0,0,0
23537,0,1,0,0,0
23538,0,1,0,0,0
23539,0,1,0,0,0
23540,0,1,0,0,0
23541,0,1,0,0,0
23542,0,1,0,0,0
23543,0,1,0,0,0
23544,0,1,0,0,0
23545,0,1,0,0,0
23546,0,1,0,0,0
23547,0,1,0,0,0
23548,0,1,0,0,0
23549,0,1,0,0,0
23550,0,1,0,0,0
23551,0,1,0,0,0
23552,0,1,0,0,0
23553,1,0,0,0,0
23554,1,0,0,0,0
23555,1,0,0,0,0
23556,1,0,0,0,0
23557,1,0,0,0,0
23558,1,0,0,0,0
23559,1,0,0,0,0
23560,1,0,0,0,0
23561,1,0,0,0,0
23562,1,0,0,0,0
23563,1,0,0,0,0
23564,1,0,0,0,0
23565,1,0,0,0,0
23566,1,0,0,0,0
23567,1,0,0,0,0
23568,1,0,0,0,0
23569,1,0,0,0,0
23570,1,0,0,0,0
23571,1,0,0,0,0
23572,1,0,0,0,0
23573,1,0,0,0,0
23574,1,0,0,0,0
23575,1,0,0,0,0
23576,1,0,0,0,0
23577,1,0,0,0,0
23578,1,0,0,0,0
23579,1,0,0,0,0
23580,1,0,0,0,0
23581,1,0,0,0,0
23582,1,0,0,0,0
23583,1,0,0,0,0
23584,1,0,0,0,0
23585,1,0,0,0,0
23586,1,0,0,0,0
23587,1,0,0,0,0
23588,1,0,0,0,0
23589,1,0,0,0,0
23590,1,0,0,0,0
23591,1,0,0,0,0
23592,1,0,0,0,0
23593,1,0,0,0,0
23594,1,0,0,0,0
23595,1,0,0,0,0
23596,1,0,0,0,0
23597,1,0,0,0,0
23598,1,0,0,0,0
23599,1,0,0,0,0
23600,1,0,0,0,0
23601,1,0,0,0,0
23602,1,0,0,0,0
23603,1,0,0,0,0
23604,1,0,0,0,0
23605,1,0,0,0,0
23606,1,0,0,0,0
23607,1,0,0,0,0
23608,1,0,0,0,0
23609,1,0,0,0,0
23610,1,0,0,0,0
23611,1,0,0,0,0
23612,1,0,0,0,0
23613,1,0,0,0,0
23614,1,0,0,0,0
23615,1,0,0,0,0
23616,1,0,0,0,0
23617,1,0,0,0,0
23618,1,0,0,0,0
23619,1,0,0,0,0
23620,1,0,0,0,0
23621,1,0,0,0,0
23622,1,0,0,0,0
23623,1,0,0,0,0
23624,1,0,0,0,0
23625,1,0,0,0,0
23626,1,0,0,0,0
23627,1,0,0,0,0
23628,1,0,0,0,0
23629,1,0,0,0,0
23630,1,0,0,0,0
23631,1,0,0,0,0
23632,1,0,0,0,0
23633,1,0,0,0,0
23634,1,0,0,0,0
23635,1,0,0,0,0
23636,1,0,0,0,0
23637,1,0,0,0,0
23638,1,0,0,0,0
23639,1,0,0,0,0
23640,1,0,0,0,0
23641,1,0,0,0,0
23642,1,0,0,0,0
23643,1,0,0,0,0
23644,1,0,0,0,0
23645,1,0,0,0,0
23646,1,0,0,0,0
23647,1,0,0,0,0
23648,1,0,0,0,0
23649,1,0,0,0,0
23650,1,0,0,0,0
23651,1,0,0,0,0
23652,1,0,0,0,0
23653,1,0,0,0,0
23654,1,0,0,0,0
23655,1,0,0,0,0
23656,1,0,0,0,0
23657,1,0,0,0,0
23658,1,0,0,0,0
23659,1,0,0,0,0
23660,1,0,0,0,0
23661,1,0,0,0,0
23662,1,0,0,0,0
23663,1,0,0,0,0
23664,1,0,0,0,0
23665,1,0,0,0,0
23666,1,0,0,0,0
23667,1,0,0,0,0
23668,1,0,0,0,0
23669,1,0,0,0,0
23670,1,0,0,0,0
23671,1,0,0,0,0
23672,1,0,0,0,0
23673,1,0,0,0,0
23674,1,0,0,0,0
23675,1,0,0,0,0
23676,1,0,0,0,0
23677,1,0,0,0,0
23678,1,0,0,0,0
23679,1,0,0,0,0
23680,1,0,0,0,0
23681,1,0,0,0,0
23682,1,0,0,0,0
23683,1,0,0,0,0
23684,1,0,0,0,0
23685,1,0,0,0,0
23686,1,0,0,0,0
23687,1,0,0,0,0
23688,1,0,0,0,0
23689,1,0,0,0,0
23690,1,0,0,0,0
23691,1,0,0,0,0
23692,1,0,0,0,0
23693,1,0,0,0,0
23694,1,0,0,0,0
23695,1,0,0,0,0
23696,1,0,0,0,0
23697,1,0,0,0,0
23698,1,0,0,0,0
23699,1,0,0,0,0
23700,1,0,0,0,0
23701,1,0,0,0,0
23702,1,0,0,0,0
23703,1,0,0,0,0
23704,1,0,0,0,0
23705,1,0,0,0,0
23706,1,0,0,0,0
23707,1,0,0,0,0
23708,1,0,0,0,0
23709,1,0,0,0,0
23710,1,0,0,0,0
23711,1,0,0,0,0
23712,1,0,0,0,0
23713,1,0,0,0,0
23714,1,0,0,0,0
23715,1,0,0,0,0
23716,1,0,0,0,0
23717,1,0,0,0,0
23718,1,0,0,0,0
23719,1,0,0,0,0
23720,1,0,0,0,0
23721,1,0,0,0,0
23722,1,0,0,0,0
23723,1,0,0,0,0
23724,1,0,0,0,0
23725,1,0,0,0,0
23726,1,0,0,0,0
23727,1,0,0,0,0
23728,1,0,0,0,0
23729,1,0,0,0,0
23730,1,0,0,0,0
23731,1,0,0,0,0
23732,1,0,0,0,0
23733,1,0,0,0,0
23734,1,0,0,0,0
23735,1,0,0,0,0
23736,1,0,0,0,0
23737,1,0,0,0,0
23738,1,0,0,0,0
23739,1,0,0,0,0
23740,1,0,0,0,0
23741,1,0,0,0,0
23742,1,0,0,0,0
23743,1,0,0,0,0
23744,1,0,0,0,0
23745,1,0,0,0,0
23746,1,0,0,0,0
23747,1,0,0,0,0
23748,1,0,0,0,0
23749,1,0,0,0,0
23750,1,0,0,0,0
23751,1,0,0,0,0
23752,1,0,0,0,0
23753,1,0,0,0,0
23754,1,0,0,0,0
23755,1,0,0,0,0
23756,1,0,0,0,0
23757,1,0,0,0,0
23758,1,0,0,0,0
23759,1,0,0,0,0
23760,1,0,0,0,0
23761,1,0,0,0,0
23762,1,0,0,0,0
23763,1,0,0,0,0
23764,1,0,0,0,0
23765,1,0,0,0,0
23766,1,0,0,0,0
23767,1,0,0,0,0
23768,1,0,0,0,0
23769,1,0,0,0,0
23770,1,0,0,0,0
23771,1,0,0,0,0
23772,1,0,0,0,0
23773,1,0,0,0,0
23774,1,0,0,0,0
23775,1,0,0,0,0
23776,1,0,0,0,0
23777,1,0,0,0,0
23778,1,0,0,0,0
23779,1,0,0,0,0
23780,1,0,0,0,0
23781,1,0,0,0,0
23782,1,0,0,0,0
23783,0,0,0,0,1
23784,0,0,0,0,1
23785,0,0,0,0,1
23786,0,0,0,0,1
23787,0,0,0,0,1
23788,0,0,0,0,1
23789,0,0,0,0,1
23790,0,0,0,0,1
23791,0,0,0,0,1
23792,0,0,0,0,1
23793,0,0,0,0,1
23794,0,0,0,0,1
23795,0,0,0,0,1
23796,0,0,0,0,1
23797,0,0,0,0,1
23798,0,0,0,0,1
23799,0,0,0,0,1
23800,0,0,0,0,1
23801,0,0,0,0,1
23802,0,0,0,0,1
23803,0,0,0,0,1
23804,0,0,0,0,1
23805,0,0,0,0,1
23806,0,0,0,0,1
23807,0,0,0,0,1
23808,0,0,0,0,1
23809,0,0,0,0,1
23810,0,0,0,0,1
23811,0,0,0,0,1
23812,0,0,0,0,1
23813,0,0,0,0,1
23814,0,0,0,0,1
23815,0,0,0,0,1
23816,0,0,0,0,1
23817,0,0,0,0,1
23818,0,0,0,0,1
23819,0,0,0,0,1
23820,0,0,0,0,1
23821,0,0,0,0,1
23822,0,0,0,0,1
23823,0,0,0,0,1
23824,0,0,0,0,1
23825,0,0,0,0,1
23826,0,0,0,0,1
23827,0,0,0,0,1
23828,0,0,0,0,1
23829,0,0,0,0,1
23830,0,0,0,0,1
23831,0,0,0,0,1
23832,0,0,0,0,1
23833,0,0,0,0,1
23834,0,0,0,0,1
23835,0,0,0,0,1
23836,0,0,0,0,1
23837,0,0,0,0,1
23838,0,0,0,0,1
23839,0,0,0,0,1
23840,0,0,0,0,1
23841,0,0,0,0,1
23842,0,0,0,0,1
23843,0,0,0,0,1
23844,0,0,0,0,1
23845,0,0,0,0,1
23846,0,0,0,0,1
23847,0,0,0,0,1
23848,0,0,0,0,1
23849,0,0,0,0,1
23850,0,0,0,0,1
23851,0,0,0,0,1
23852,0,0,0,0,1
23853,0,0,0,0,1
23854,0,0,0,0,1
23855,0,0,0,0,1
23856,0,0,0,0,1
23857,0,0,0,0,1
23858,0,0,0,0,1
23859,0,0,0,0,1
23860,0,0,0,0,1
23861,0,0,0,0,1
23862,0,0,0,0,1
23863,0,0,0,0,1
23864,0,0,0,0,1
23865,0,0,0,0,1
23866,0,0,0,0,1
23867,0,0,0,0,1
23868,0,0,0,0,1
23869,0,0,0,0,1
23870,0,0,0,0,1
23871,0,0,0,0,1
23872,0,0,0,0,1
23873,0,0,0,0,1
23874,0,0,0,0,1
23875,0,0,0,0,1
23876,0,0,0,0,1
23877,0,0,0,0,1
23878,0,0,0,0,1
23879,0,0,0,0,1
23880,0,0,0,0,1
23881,0,0,0,0,1
23882,0,0,0,0,1
23883,0,0,0,0,1
23884,0,0,0,0,1
23885,0,0,0,0,1
23886,0,0,0,0,1
23887,0,0,0,0,1
23888,0,0,0,0,1
23889,0,0,0,0,1
23890,0,0,0,0,1
23891,0,0,0,0,1
23892,0,0,0,0,1
23893,0,0,0,0,1
23894,0,0,0,0,1
23895,0,0,0,0,1
23896,0,0,0,0,1
23897,0,0,0,0,1
23898,0,0,0,0,1
23899,0,0,0,0,1
23900,0,0,0,0,1
23901,0,0,0,0,1
23902,0,0,0,0,1
23903,0,0,0,0,1
23904,0,0,0,0,1
23905,0,0,0,0,1
23906,0,0,0,0,1
23907,0,0,0,0,1
23908,0,0,0,0,1
23909,0,0,0,0,1
23910,0,0,0,0,1
23911,0,0,0,0,1
23912,0,0,0,0,1
23913,0,0,0,0,1
23914,0,0,0,0,1
23915,0,0,0,0,1
23916,0,0,0,0,1
23917,0,0,0,0,1
23918,0,0,0,0,1
23919,0,0,0,0,1
23920,0,0,0,0,1
23921,0,0,0,0,1
23922,0,0,0,0,1
23923,0,0,0,0,1
23924,0,0,0,0,1
23925,0,0,0,0,1
23926,0,0,0,0,1
23927,0,0,0,0,1
23928,0,0,0,0,1
23929,0,0,0,0,1
23930,0,0,0,0,1
23931,0,0,0,0,1
23932,0,0,0,0,1
23933,0,0,0,0,1
23934,0,0,0,0,1
23935,0,0,0,0,1
23936,0,0,0,0,1
23937,0,0,0,0,1
23938,0,0,0,0,1
23939,0,0,0,0,1
23940,0,0,0,0,1
23941,0,0,0,0,1
23942,0,0,0,0,1
23943,0,0,0,0,1
23944,0,0,0,0,1
23945,0,0,0,0,1
23946,0,0,0,0,1
23947,0,0,0,0,1
23948,0,0,0,0,1
23949,0,0,0,0,1
23950,0,0,0,0,1
23951,0,0,0,0,1
23952,0,0,0,0,1
23953,0,0,0,0,1
23954,0,0,0,0,1
23955,0,0,0,0,1
23956,0,0,0,0,1
23957,0,0,0,0,1
23958,0,0,0,0,1
23959,0,0,0,0,1
23960,0,0,0,0,1
23961,0,0,0,0,1
23962,0,0,0,0,1
23963,0,0,0,0,1
23964,0,0,0,0,1
23965,0,0,0,0,1
23966,0,0,0,0,1
23967,0,0,0,0,1
23968,0,0,0,0,1
23969,0,0,0,0,1
23970,0,0,0,0,1
23971,0,0,0,0,1
23972,0,0,0,0,1
23973,0,0,0,0,1
23974,0,0,0,0,1
23975,0,0,0,0,1
23976,0,0,0,0,1
23977,0,0,0,0,1
23978,0,0,0,0,1
23979,0,0,0,0,1
23980,0,0,0,0,1
23981,0,0,0,0,1
23982,0,0,0,0,1
23983,0,0,0,0,1
23984,0,0,0,0,1
23985,0,0,0,0,1
23986,0,0,0,0,1
23987,0,0,0,0,1
23988,0,0,0,0,1
23989,0,0,0,0,1
23990,0,0,0,0,1
23991,0,0,0,0,1
23992,0,0,0,0,1
23993,0,0,0,0,1
23994,0,0,0,0,1
23995,0,0,0,0,1
23996,0,0,0,0,1
23997,0,0,0,0,1
23998,0,0,0,0,1
23999,0,0,0,0,1
24000,0,0,0,0,1
24001,0,0,0,0,1
24002,0,0,0,0,1
24003,0,0,0,0,1
24004,0,0,0,0,1
24005,0,0,0,0,1
24006,0,0,0,0,1
24007,0,0,0,0,1
24008,0,0,0,0,1
24009,0,0,0,0,1
24010,0,0,0,0,1
24011,0,0,0,0,1
24012,0,0,0,0,1
24013,0,0,0,0,1
24014,0,0,0,0,1
24015,0,0,0,0,1
24016,0,0,0,0,1
24017,0,0,0,0,1
24018,0,0,0,0,1
24019,0,0,0,0,1
24020,0,0,0,0,1
24021,0,0,0,0,1
24022,0,0,0,0,1
24023,0,0,0,0,1
24024,0,0,0,0,1
24025,0,0,0,0,1
24026,0,0,0,0,1
24027,0,0,0,0,1
24028,0,0,0,0,1
24029,0,0,0,0,1
24030,0,0,0,0,1
24031,0,0,0,0,1
24032,0,0,0,0,1
24033,0,0,0,0,1
24034,0,0,0,0,1
24035,0,0,0,0,1
24036,0,0,0,0,1
24037,0,0,0,0,1
24038,0,0,0,0,1
24039,0,0,0,0,1
24040,0,0,0,0,1
24041,0,0,0,0,1
24042,0,0,0,0,1
24043,0,0,0,0,1
24044,0,0,0,0,1
24045,0,0,0,0,1
24046,0,0,0,0,1
24047,0,0,0,0,1
24048,0,0,0,0,1
24049,0,0,0,0,1
24050,0,0,0,0,1
24051,0,0,0,0,1
24052,0,0,0,0,1
24053,0,0,0,0,1
24054,0,0,0,0,1
24055,0,0,0,0,1
24056,0,0,0,0,1
24057,0,0,0,0,1
24058,0,0,0,0,1
24059,0,0,0,0,1
24060,0,0,0,0,1
24061,0,0,0,0,1
24062,0,0,0,0,1
24063,0,0,0,0,1
24064,0,0,0,0,1
24065,0,0,0,0,1
24066,0,0,0,0,1
24067,0,0,0,0,1
24068,0,0,0,0,1
24069,0,0,0,0,1
24070,0,0,0,0,1
24071,0,0,0,0,1
24072,0,0,0,0,1
24073,0,0,0,0,1
24074,0,0,0,0,1
24075,0,0,0,0,1
24076,0,0,0,0,1
24077,0,0,0,0,1
24078,0,0,0,0,1
24079,0,0,0,0,1
24080,0,0,0,0,1
24081,0,0,0,0,1
24082,0,0,0,0,1
24083,0,0,0,0,1
24084,0,0,0,0,1
24085,0,0,0,0,1
24086,0,0,0,0,1
24087,0,0,0,0,1
24088,0,0,0,0,1
24089,0,0,0,0,1
24090,0,0,0,0,1
24091,0,0,0,0,1
24092,0,0,0,0,1
24093,0,0,0,0,1
24094,0,0,0,0,1
24095,0,0,0,0,1
24096,0,0,0,0,1
24097,0,0,0,0,1
24098,0,0,0,0,1
24099,0,0,0,0,1
24100,0,0,0,0,1
24101,0,0,0,0,1
24102,0,0,0,0,1
24103,0,0,0,0,1
24104,0,0,0,0,1
24105,0,1,0,0,0
24106,0,1,0,0,0
24107,0,1,0,0,0
24108,0,1,0,0,0
24109,0,1,0,0,0
24110,0,1,0,0,0
24111,0,1,0,0,0
24112,0,1,0,0,0
24113,0,1,0,0,0
24114,0,1,0,0,0
24115,0,1,0,0,0
24116,0,1,0,0,0
24117,0,1,0,0,0
24118,0,1,0,0,0
24119,0,1,0,0,0
24120,0,1,0,0,0
24121,0,1,0,0,0
24122,0,1,0,0,0
24123,0,1,0,0,0
24124,0,1,0,0,0
24125,0,1,0,0,0
24126,0,1,0,0,0
24127,0,1,0,0,0
24128,0,1,0,0,0
24129,0,1,0,0,0
24130,0,1,0,0,0
24131,0,1,0,0,0
24132,0,1,0,0,0
24133,0,1,0,0,0
24134,0,1,0,0,0
24135,0,1,0,0,0
24136,0,1,0,0,0
24137,0,1,0,0,0
24138,0,1,0,0,0
24139,0,1,0,0,0
24140,0,1,0,0,0
24141,0,1,0,0,0
24142,0,1,0,0,0
24143,0,1,0,0,0
24144,0,1,0,0,0
24145,0,1,0,0,0
24146,0,1,0,0,0
24147,0,1,0,0,0
24148,0,1,0,0,0
24149,0,1,0,0,0
24150,0,1,0,0,0
24151,0,1,0,0,0
24152,0,1,0,0,0
24153,0,1,0,0,0
24154,0,1,0,0,0
24155,0,1,0,0,0
24156,0,1,0,0,0
24157,0,1,0,0,0
24158,0,1,0,0,0
24159,0,1,0,0,0
24160,0,1,0,0,0
24161,0,1,0,0,0
24162,0,1,0,0,0
24163,0,1,0,0,0
24164,0,1,0,0,0
24165,0,1,0,0,0
24166,0,1,0,0,0
24167,0,1,0,0,0
24168,0,1,0,0,0
24169,0,1,0,0,0
24170,0,1,0,0,0
24171,0,1,0,0,0
24172,0,1,0,0,0
24173,0,1,0,0,0
24174,0,0,0,0,1
24175,0,0,0,0,1
24176,0,0,0,0,1
24177,0,0,0,0,1
24178,0,0,0,0,1
24179,0,0,0,0,1
24180,0,0,0,0,1
24181,0,0,0,0,1
24182,0,0,0,0,1
24183,0,0,0,0,1
24184,0,0,0,0,1
24185,0,0,0,0,1
24186,0,0,0,0,1
24187,0,0,0,0,1
24188,0,0,0,0,1
24189,0,0,0,0,1
24190,0,0,0,0,1
24191,0,0,0,0,1
24192,0,0,0,0,1
24193,0,0,0,0,1
24194,0,0,0,0,1
24195,0,0,0,0,1
24196,0,0,0,0,1
24197,0,0,0,0,1
24198,0,0,0,0,1
24199,0,0,0,0,1
24200,0,0,0,0,1
24201,0,0,0,0,1
24202,0,0,0,0,1
24203,0,0,0,0,1
24204,0,0,0,0,1
24205,0,0,0,0,1
24206,0,0,0,0,1
24207,0,0,0,0,1
24208,0,0,0,0,1
24209,0,0,0,0,1
24210,0,0,0,0,1
24211,0,0,0,0,1
24212,0,0,0,0,1
24213,0,0,0,0,1
24214,0,0,0,0,1
24215,0,0,0,0,1
24216,0,0,0,0,1
24217,0,0,0,0,1
24218,0,0,0,0,1
24219,0,0,0,0,1
24220,0,0,0,0,1
24221,0,0,0,0,1
24222,0,0,0,0,1
24223,0,0,0,0,1
24224,0,0,0,0,1
24225,0,0,0,0,1
24226,0,0,0,0,1
24227,0,0,0,0,1
24228,0,0,0,0,1
24229,0,0,0,0,1
24230,0,0,0,0,1
24231,0,0,0,0,1
24232,0,0,0,0,1
24233,0,0,0,0,1
24234,0,0,0,0,1
24235,0,0,0,0,1
24236,0,0,0,0,1
24237,0,0,0,0,1
24238,0,0,0,0,1
24239,0,0,0,0,1
24240,0,0,0,0,1
24241,0,0,0,0,1
24242,0,0,0,0,1
24243,0,0,0,0,1
24244,0,0,0,0,1
24245,0,0,0,0,1
24246,0,0,0,0,1
24247,0,0,0,0,1
24248,0,0,0,0,1
24249,0,0,0,0,1
24250,0,0,0,0,1
24251,0,0,0,0,1
24252,0,0,0,0,1
24253,0,0,0,0,1
24254,1,0,0,0,0
24255,1,0,0,0,0
24256,1,0,0,0,0
24257,1,0,0,0,0
24258,1,0,0,0,0
24259,1,0,0,0,0
24260,1,0,0,0,0
24261,1,0,0,0,0
24262,1,0,0,0,0
24263,1,0,0,0,0
24264,1,0,0,0,0
24265,1,0,0,0,0
24266,1,0,0,0,0
24267,1,0,0,0,0
24268,1,0,0,0,0
24269,1,0,0,0,0
24270,1,0,0,0,0
24271,1,0,0,0,0
24272,1,0,0,0,0
24273,1,0,0,0,0
24274,1,0,0,0,0
24275,1,0,0,0,0
24276,1,0,0,0,0
24277,1,0,0,0,0
24278,1,0,0,0,0
24279,1,0,0,0,0
24280,1,0,0,0,0
24281,1,0,0,0,0
24282,1,0,0,0,0
24283,1,0,0,0,0
24284,1,0,0,0,0
24285,1,0,0,0,0
24286,1,0,0,0,0
24287,1,0,0,0,0
24288,1,0,0,0,0
24289,1,0,0,0,0
24290,0,0,0,0,1
24291,0,0,0,0,1
24292,0,0,0,0,1
24293,0,0,0,0,1
24294,0,0,0,0,1
24295,0,0,0,0,1
24296,0,0,0,0,1
24297,0,0,0,0,1
24298,0,0,0,0,1
24299,0,0,0,0,1
24300,0,0,0,0,1
24301,0,0,0,0,1
24302,0,0,0,0,1
24303,0,0,0,0,1
24304,0,0,0,0,1
24305,0,0,0,0,1
24306,0,0,0,0,1
24307,0,0,0,0,1
24308,0,0,0,0,1
24309,0,0,0,0,1
24310,0,0,0,0,1
24311,0,0,0,0,1
24312,0,0,0,0,1
24313,0,0,0,0,1
24314,0,0,0,0,1
24315,0,0,0,0,1
24316,0,0,0,0,1
24317,0,0,0,0,1
24318,0,0,0,0,1
24319,0,0,0,0,1
24320,0,0,0,0,1
24321,0,0,0,0,1
24322,0,0,0,0,1
24323,0,0,0,0,1
24324,0,0,0,0,1
24325,0,0,0,0,1
24326,0,0,0,0,1
24327,0,0,0,0,1
24328,0,0,0,0,1
24329,0,0,0,0,1
24330,0,0,0,0,1
24331,0,0,0,0,1
24332,0,0,0,0,1
24333,0,0,0,0,1
24334,0,0,0,0,1
24335,0,0,0,0,1
24336,0,0,0,0,1
24337,0,0,0,0,1
24338,0,0,0,0,1
24339,0,0,0,0,1
24340,0,0,0,0,1
24341,1,0,0,0,0
24342,1,0,0,0,0
24343,1,0,0,0,0
24344,1,0,0,0,0
24345,1,0,0,0,0
24346,1,0,0,0,0
24347,1,0,0,0,0
24348,1,0,0,0,0
24349,1,0,0,0,0
24350,1,0,0,0,0
24351,1,0,0,0,0
24352,1,0,0,0,0
24353,1,0,0,0,0
24354,1,0,0,0,0
24355,1,0,0,0,0
24356,1,0,0,0,0
24357,1,0,0,0,0
24358,1,0,0,0,0
24359,1,0,0,0,0
24360,1,0,0,0,0
24361,1,0,0,0,0
24362,1,0,0,0,0
24363,1,0,0,0,0
24364,1,0,0,0,0
24365,1,0,0,0,0
24366,1,0,0,0,0
24367,1,0,0,0,0
24368,1,0,0,0,0
24369,1,0,0,0,0
24370,1,0,0,0,0
24371,1,0,0,0,0
24372,1,0,0,0,0
24373,1,0,0,0,0
24374,1,0,0,0,0
24375,1,0,0,0,0
24376,1,0,0,0,0
24377,1,0,0,0,0
24378,1,0,0,0,0
24379,1,0,0,0,0
24380,1,0,0,0,0
24381,1,0,0,0,0
24382,1,0,0,0,0
24383,1,0,0,0,0
24384,1,0,0,0,0
24385,1,0,0,0,0
24386,1,0,0,0,0
24387,1,0,0,0,0
24388,1,0,0,0,0
24389,1,0,0,0,0
24390,1,0,0,0,0
24391,1,0,0,0,0
24392,1,0,0,0,0
24393,1,0,0,0,0
24394,1,0,0,0,0
24395,1,0,0,0,0
24396,1,0,0,0,0
24397,1,0,0,0,0
24398,1,0,0,0,0
24399,0,0,0,0,1
24400,0,0,0,0,1
24401,0,0,0,0,1
24402,0,0,0,0,1
24403,0,0,0,0,1
24404,0,0,0,0,1
24405,0,0,0,0,1
24406,0,0,0,0,1
24407,0,0,0,0,1
24408,0,0,0,0,1
24409,0,0,0,0,1
24410,0,0,0,0,1
24411,0,0,0,0,1
24412,0,0,0,0,1
24413,0,0,0,0,1
24414,0,0,0,0,1
24415,0,0,0,0,1
24416,0,0,0,0,1
24417,0,0,0,0,1
24418,0,0,0,0,1
24419,0,0,0,0,1
24420,0,0,0,0,1
24421,0,0,0,0,1
24422,0,0,0,0,1
24423,0,0,0,0,1
24424,0,0,0,0,1
24425,0,0,0,0,1
24426,0,0,0,0,1
24427,0,0,0,0,1
24428,0,0,0,0,1
24429,0,0,0,0,1
24430,0,0,0,0,1
24431,0,0,0,0,1
24432,0,0,0,0,1
24433,0,0,0,0,1
24434,0,0,0,0,1
24435,0,0,0,0,1
24436,0,0,0,0,1
24437,0,0,0,0,1
24438,0,0,0,0,1
24439,0,0,0,0,1
24440,0,0,0,0,1
24441,0,0,0,0,1
24442,0,0,0,0,1
24443,0,0,0,0,1
24444,0,0,0,0,1
24445,0,0,0,0,1
24446,0,0,0,0,1
24447,0,0,0,0,1
24448,0,0,0,0,1
24449,0,0,0,0,1
24450,0,0,0,0,1
24451,0,0,0,0,1
24452,0,0,0,0,1
24453,0,0,0,0,1
24454,0,0,0,0,1
24455,0,0,0,0,1
24456,0,0,0,0,1
24457,0,0,0,0,1
24458,0,0,0,0,1
24459,0,0,0,0,1
24460,0,0,0,0,1
24461,0,0,0,0,1
24462,0,0,0,0,1
24463,0,0,0,0,1
24464,0,0,0,0,1
24465,0,0,0,0,1
24466,0,0,0,0,1
24467,0,0,0,0,1
24468,0,0,0,0,1
24469,0,0,0,0,1
24470,0,0,0,0,1
24471,0,0,0,0,1
24472,0,0,0,0,1
24473,0,0,0,0,1
24474,0,0,0,0,1
24475,0,0,0,0,1
24476,0,0,0,0,1
24477,0,0,0,0,1
24478,0,0,0,0,1
24479,0,0,0,0,1
24480,1,0,0,0,0
24481,1,0,0,0,0
24482,1,0,0,0,0
24483,1,0,0,0,0
24484,1,0,0,0,0
24485,1,0,0,0,0
24486,1,0,0,0,0
24487,1,0,0,0,0
24488,1,0,0,0,0
24489,1,0,0,0,0
24490,1,0,0,0,0
24491,1,0,0,0,0
24492,1,0,0,0,0
24493,1,0,0,0,0
24494,1,0,0,0,0
24495,1,0,0,0,0
24496,1,0,0,0,0
24497,1,0,0,0,0
24498,1,0,0,0,0
24499,1,0,0,0,0
24500,1,0,0,0,0
24501,1,0,0,0,0
24502,1,0,0,0,0
24503,1,0,0,0,0
24504,1,0,0,0,0
24505,1,0,0,0,0
24506,1,0,0,0,0
24507,1,0,0,0,0
24508,1,0,0,0,0
24509,1,0,0,0,0
24510,1,0,0,0,0
24511,1,0,0,0,0
24512,1,0,0,0,0
24513,1,0,0,0,0
24514,1,0,0,0,0
24515,1,0,0,0,0
24516,1,0,0,0,0
24517,1,0,0,0,0
24518,1,0,0,0,0
24519,1,0,0,0,0
24520,1,0,0,0,0
24521,1,0,0,0,0
24522,1,0,0,0,0
24523,1,0,0,0,0
24524,1,0,0,0,0
24525,1,0,0,0,0
24526,1,0,0,0,0
24527,1,0,0,0,0
24528,1,0,0,0,0
24529,1,0,0,0,0
24530,1,0,0,0,0
24531,1,0,0,0,0
24532,1,0,0,0,0
24533,1,0,0,0,0
24534,1,0,0,0,0
24535,1,0,0,0,0
24536,1,0,0,0,0
24537,1,0,0,0,0
24538,1,0,0,0,0
24539,1,0,0,0,0
24540,1,0,0,0,0
24541,1,0,0,0,0
24542,1,0,0,0,0
24543,1,0,0,0,0
24544,1,0,0,0,0
24545,1,0,0,0,0
24546,1,0,0,0,0
24547,1,0,0,0,0
24548,1,0,0,0,0
24549,1,0,0,0,0
24550,1,0,0,0,0
24551,1,0,0,0,0
24552,1,0,0,0,0
24553,1,0,0,0,0
24554,1,0,0,0,0
24555,1,0,0,0,0
24556,1,0,0,0,0
24557,0,0,0,0,1
24558,0,0,0,0,1
24559,0,0,0,0,1
24560,0,0,0,0,1
24561,0,0,0,0,1
24562,0,0,0,0,1
24563,0,0,0,0,1
24564,0,0,0,0,1
24565,0,0,0,0,1
24566,0,0,0,0,1
24567,0,0,0,0,1
24568,0,0,0,0,1
24569,0,0,0,0,1
24570,0,0,0,0,1
24571,0,0,0,0,1
24572,0,0,0,0,1
24573,0,0,0,0,1
24574,0,0,0,0,1
24575,0,0,0,0,1
24576,0,0,0,0,1
24577,0,0,0,0,1
24578,1,0,0,0,0
24579,1,0,0,0,0
24580,1,0,0,0,0
24581,1,0,0,0,0
24582,1,0,0,0,0
24583,1,0,0,0,0
24584,1,0,0,0,0
24585,1,0,0,0,0
24586,1,0,0,0,0
24587,1,0,0,0,0
24588,1,0,0,0,0
24589,1,0,0,0,0
24590,1,0,0,0,0
24591,1,0,0,0,0
24592,1,0,0,0,0
24593,1,0,0,0,0
24594,1,0,0,0,0
24595,1,0,0,0,0
24596,1,0,0,0,0
24597,1,0,0,0,0
24598,1,0,0,0,0
24599,1,0,0,0,0
24600,1,0,0,0,0
24601,1,0,0,0,0
24602,1,0,0,0,0
24603,1,0,0,0,0
24604,1,0,0,0,0
24605,1,0,0,0,0
24606,1,0,0,0,0
24607,1,0,0,0,0
24608,1,0,0,0,0
24609,1,0,0,0,0
24610,1,0,0,0,0
24611,1,0,0,0,0
24612,1,0,0,0,0
24613,1,0,0,0,0
24614,1,0,0,0,0
24615,1,0,0,0,0
24616,1,0,0,0,0
24617,1,0,0,0,0
24618,1,0,0,0,0
24619,1,0,0,0,0
24620,1,0,0,0,0
24621,1,0,0,0,0
24622,1,0,0,0,0
24623,1,0,0,0,0
24624,1,0,0,0,0
24625,1,0,0,0,0
24626,1,0,0,0,0
24627,1,0,0,0,0
24628,1,0,0,0,0
24629,0,0,0,1,0
24630,0,0,0,1,0
24631,0,0,0,1,0
24632,0,0,0,1,0
24633,0,0,0,1,0
24634,0,0,0,1,0
24635,0,0,0,1,0
24636,0,0,0,1,0
24637,0,0,0,1,0
24638,0,0,0,1,0
24639,0,0,0,1,0
24640,0,0,0,1,0
24641,0,0,0,1,0
24642,0,0,0,1,0
24643,0,0,0,1,0
24644,0,0,0,1,0
24645,0,0,0,1,0
24646,0,0,0,1,0
24647,0,0,0,1,0
24648,0,0,0,1,0
24649,0,0,0,1,0
24650,1,0,0,0,0
24651,1,0,0,0,0
24652,1,0,0,0,0
24653,1,0,0,0,0
24654,1,0,0,0,0
24655,1,0,0,0,0
24656,1,0,0,0,0
24657,1,0,0,0,0
24658,1,0,0,0,0
24659,1,0,0,0,0
24660,1,0,0,0,0
24661,1,0,0,0,0
24662,1,0,0,0,0
24663,1,0,0,0,0
24664,1,0,0,0,0
24665,1,0,0,0,0
24666,1,0,0,0,0
24667,1,0,0,0,0
24668,1,0,0,0,0
24669,1,0,0,0,0
24670,1,0,0,0,0
24671,1,0,0,0,0
24672,1,0,0,0,0
24673,1,0,0,0,0
24674,1,0,0,0,0
24675,1,0,0,0,0
24676,1,0,0,0,0
24677,1,0,0,0,0
24678,1,0,0,0,0
24679,1,0,0,0,0
24680,1,0,0,0,0
24681,1,0,0,0,0
24682,1,0,0,0,0
24683,1,0,0,0,0
24684,1,0,0,0,0
24685,1,0,0,0,0
24686,1,0,0,0,0
24687,1,0,0,0,0
24688,1,0,0,0,0
24689,1,0,0,0,0
24690,1,0,0,0,0
24691,1,0,0,0,0
24692,1,0,0,0,0
24693,1,0,0,0,0
24694,1,0,0,0,0
24695,1,0,0,0,0
24696,1,0,0,0,0
24697,1,0,0,0,0
24698,1,0,0,0,0
24699,1,0,0,0,0
24700,1,0,0,0,0
24701,1,0,0,0,0
24702,1,0,0,0,0
24703,1,0,0,0,0
24704,1,0,0,0,0
24705,1,0,0,0,0
24706,1,0,0,0,0
24707,1,0,0,0,0
24708,1,0,0,0,0
24709,1,0,0,0,0
24710,1,0,0,0,0
24711,1,0,0,0,0
24712,1,0,0,0,0
24713,1,0,0,0,0
24714,1,0,0,0,0
24715,1,0,0,0,0
24716,1,0,0,0,0
24717,1,0,0,0,0
24718,1,0,0,0,0
24719,1,0,0,0,0
24720,1,0,0,0,0
24721,1,0,0,0,0
24722,1,0,0,0,0
24723,1,0,0,0,0
24724,1,0,0,0,0
24725,1,0,0,0,0
24726,1,0,0,0,0
24727,1,0,0,0,0
24728,1,0,0,0,0
24729,1,0,0,0,0
24730,1,0,0,0,0
24731,1,0,0,0,0
24732,1,0,0,0,0
24733,1,0,0,0,0
24734,1,0,0,0,0
24735,1,0,0,0,0
24736,1,0,0,0,0
24737,1,0,0,0,0
24738,1,0,0,0,0
24739,1,0,0,0,0
24740,1,0,0,0,0
24741,1,0,0,0,0
24742,1,0,0,0,0
24743,1,0,0,0,0
24744,1,0,0,0,0
24745,1,0,0,0,0
24746,1,0,0,0,0
24747,1,0,0,0,0
24748,1,0,0,0,0
24749,1,0,0,0,0
24750,1,0,0,0,0
24751,1,0,0,0,0
24752,1,0,0,0,0
24753,1,0,0,0,0
24754,1,0,0,0,0
24755,1,0,0,0,0
24756,1,0,0,0,0
24757,1,0,0,0,0
24758,1,0,0,0,0
24759,1,0,0,0,0
24760,1,0,0,0,0
24761,1,0,0,0,0
24762,1,0,0,0,0
24763,1,0,0,0,0
24764,1,0,0,0,0
24765,1,0,0,0,0
24766,1,0,0,0,0
24767,1,0,0,0,0
24768,1,0,0,0,0
24769,1,0,0,0,0
24770,1,0,0,0,0
24771,1,0,0,0,0
24772,1,0,0,0,0
24773,1,0,0,0,0
24774,1,0,0,0,0
24775,1,0,0,0,0
24776,1,0,0,0,0
24777,1,0,0,0,0
24778,1,0,0,0,0
24779,1,0,0,0,0
24780,1,0,0,0,0
24781,1,0,0,0,0
24782,1,0,0,0,0
24783,1,0,0,0,0
24784,1,0,0,0,0
24785,1,0,0,0,0
24786,1,0,0,0,0
24787,1,0,0,0,0
24788,1,0,0,0,0
24789,1,0,0,0,0
24790,1,0,0,0,0
24791,1,0,0,0,0
24792,1,0,0,0,0
24793,1,0,0,0,0
24794,1,0,0,0,0
24795,1,0,0,0,0
24796,1,0,0,0,0
24797,1,0,0,0,0
24798,1,0,0,0,0
24799,1,0,0,0,0
24800,1,0,0,0,0
24801,1,0,0,0,0
24802,1,0,0,0,0
24803,1,0,0,0,0
24804,1,0,0,0,0
24805,1,0,0,0,0
24806,1,0,0,0,0
24807,1,0,0,0,0
24808,1,0,0,0,0
24809,1,0,0,0,0
24810,1,0,0,0,0
24811,1,0,0,0,0
24812,1,0,0,0,0
24813,1,0,0,0,0
24814,1,0,0,0,0
24815,1,0,0,0,0
24816,1,0,0,0,0
24817,1,0,0,0,0
24818,1,0,0,0,0
24819,1,0,0,0,0
24820,1,0,0,0,0
24821,1,0,0,0,0
24822,1,0,0,0,0
24823,1,0,0,0,0
24824,1,0,0,0,0
24825,1,0,0,0,0
24826,1,0,0,0,0
24827,1,0,0,0,0
24828,1,0,0,0,0
24829,0,0,0,0,1
24830,0,0,0,0,1
24831,0,0,0,0,1
24832,0,0,0,0,1
24833,0,0,0,0,1
24834,0,0,0,0,1
24835,0,0,0,0,1
24836,0,0,0,0,1
24837,0,0,0,0,1
24838,0,0,0,0,1
24839,0,0,0,0,1
24840,0,0,0,0,1
24841,0,0,0,0,1
24842,0,0,0,0,1
24843,0,0,0,0,1
24844,0,0,0,0,1
24845,0,0,0,0,1
24846,0,0,0,0,1
24847,0,0,0,0,1
24848,0,0,0,0,1
24849,0,0,0,0,1
24850,0,0,0,0,1
24851,0,0,0,0,1
24852,0,0,0,0,1
24853,0,0,0,0,1
24854,0,0,0,0,1
24855,0,0,0,0,1
24856,0,0,0,0,1
24857,0,0,0,0,1
24858,0,0,0,0,1
24859,0,0,0,0,1
24860,0,0,0,0,1
24861,0,0,0,0,1
24862,0,0,0,0,1
24863,0,0,0,0,1
24864,0,0,0,0,1
24865,0,0,0,0,1
24866,0,0,0,0,1
24867,0,0,0,0,1
24868,0,0,0,0,1
24869,0,0,0,0,1
24870,0,0,0,0,1
24871,0,0,0,0,1
24872,0,0,0,0,1
24873,0,0,0,0,1
24874,0,0,0,0,1
24875,0,0,0,0,1
24876,0,0,0,0,1
24877,0,0,0,0,1
24878,0,0,0,0,1
24879,0,0,0,0,1
24880,0,0,0,0,1
24881,0,0,0,0,1
24882,0,0,0,0,1
24883,0,0,0,0,1
24884,0,0,0,0,1
24885,0,0,0,0,1
24886,0,0,0,0,1
24887,0,0,0,0,1
24888,0,0,0,0,1
24889,0,0,0,0,1
24890,0,0,0,0,1
24891,0,0,0,0,1
24892,0,0,0,0,1
24893,0,0,0,0,1
24894,0,0,0,0,1
24895,1,0,0,0,0
24896,1,0,0,0,0
24897,1,0,0,0,0
24898,1,0,0,0,0
24899,1,0,0,0,0
24900,1,0,0,0,0
24901,1,0,0,0,0
24902,1,0,0,0,0
24903,1,0,0,0,0
24904,1,0,0,0,0
24905,1,0,0,0,0
24906,1,0,0,0,0
24907,1,0,0,0,0
24908,1,0,0,0,0
24909,1,0,0,0,0
24910,1,0,0,0,0
24911,1,0,0,0,0
24912,1,0,0,0,0
24913,1,0,0,0,0
24914,1,0,0,0,0
24915,1,0,0,0,0
24916,1,0,0,0,0
24917,1,0,0,0,0
24918,1,0,0,0,0
24919,1,0,0,0,0
24920,1,0,0,0,0
24921,1,0,0,0,0
24922,1,0,0,0,0
24923,1,0,0,0,0
24924,1,0,0,0,0
24925,1,0,0,0,0
24926,1,0,0,0,0
24927,1,0,0,0,0
24928,1,0,0,0,0
24929,1,0,0,0,0
24930,1,0,0,0,0
24931,1,0,0,0,0
24932,1,0,0,0,0
24933,1,0,0,0,0
24934,1,0,0,0,0
24935,1,0,0,0,0
24936,1,0,0,0,0
24937,1,0,0,0,0
24938,1,0,0,0,0
24939,1,0,0,0,0
24940,1,0,0,0,0
24941,1,0,0,0,0
24942,1,0,0,0,0
24943,1,0,0,0,0
24944,1,0,0,0,0
24945,1,0,0,0,0
24946,1,0,0,0,0
24947,1,0,0,0,0
24948,1,0,0,0,0
24949,1,0,0,0,0
24950,1,0,0,0,0
24951,1,0,0,0,0
24952,1,0,0,0,0
24953,1,0,0,0,0
24954,1,0,0,0,0
24955,1,0,0,0,0
24956,1,0,0,0,0
24957,1,0,0,0,0
24958,1,0,0,0,0
24959,1,0,0,0,0
24960,1,0,0,0,0
24961,1,0,0,0,0
24962,1,0,0,0,0
24963,1,0,0,0,0
24964,1,0,0,0,0
24965,1,0,0,0,0
24966,1,0,0,0,0
24967,1,0,0,0,0
24968,1,0,0,0,0
24969,1,0,0,0,0
24970,1,0,0,0,0
24971,1,0,0,0,0
24972,1,0,0,0,0
24973,1,0,0,0,0
24974,1,0,0,0,0
24975,1,0,0,0,0
24976,0,0,0,0,1
24977,0,0,0,0,1
24978,0,0,0,0,1
24979,0,0,0,0,1
24980,0,0,0,0,1
24981,0,0,0,0,1
24982,0,0,0,0,1
24983,0,0,0,0,1
24984,0,0,0,0,1
24985,0,0,0,0,1
24986,0,0,0,0,1
24987,0,0,0,0,1
24988,0,0,0,0,1
24989,0,0,0,0,1
24990,0,0,0,0,1
24991,0,0,0,0,1
24992,0,0,0,0,1
24993,0,0,0,0,1
24994,0,0,0,0,1
24995,0,0,0,0,1
24996,0,0,0,0,1
24997,0,0,0,0,1
24998,0,0,0,0,1
24999,0,0,0,0,1
25000,0,0,0,0,1
25001,0,0,0,0,1
25002,0,0,0,0,1
25003,0,0,0,0,1
25004,0,0,0,0,1
25005,0,0,0,0,1
25006,0,0,0,0,1
25007,0,0,0,0,1
25008,0,0,0,0,1
25009,0,0,0,0,1
25010,0,0,0,0,1
25011,0,0,0,0,1
25012,0,0,0,0,1
25013,0,0,0,0,1
25014,0,0,0,0,1
25015,0,0,0,0,1
25016,0,0,0,0,1
25017,0,0,0,0,1
25018,0,0,0,0,1
25019,0,0,0,0,1
25020,0,0,0,0,1
25021,0,0,0,0,1
25022,0,0,0,0,1
25023,0,0,0,0,1
25024,0,0,0,0,1
25025,0,0,0,0,1
25026,0,0,0,0,1
25027,0,0,0,0,1
25028,0,0,0,0,1
25029,0,0,0,0,1
25030,0,0,0,0,1
25031,0,0,0,0,1
25032,0,0,0,0,1
25033,0,0,0,0,1
25034,0,0,0,0,1
25035,0,0,0,0,1
25036,0,0,0,0,1
25037,0,0,0,0,1
25038,0,0,0,0,1
25039,0,0,0,0,1
25040,0,0,0,0,1
25041,0,0,0,0,1
25042,0,0,0,0,1
25043,0,0,0,0,1
25044,0,0,0,0,1
25045,0,0,0,0,1
25046,0,0,0,0,1
25047,0,0,0,0,1
25048,0,0,0,0,1
25049,0,0,0,0,1
25050,0,0,0,0,1
25051,0,0,0,0,1
25052,0,0,0,0,1
25053,0,0,0,0,1
25054,0,0,0,0,1
25055,0,0,0,0,1
25056,0,0,0,0,1
25057,0,0,0,0,1
25058,0,0,0,0,1
25059,0,0,0,0,1
25060,0,0,0,0,1
25061,0,0,0,0,1
25062,0,0,0,0,1
25063,0,0,0,0,1
25064,0,0,0,0,1
25065,0,0,0,0,1
25066,0,0,0,0,1
25067,0,0,0,0,1
25068,0,0,0,0,1
25069,0,0,0,0,1
25070,0,0,0,0,1
25071,0,0,0,0,1
25072,0,0,0,0,1
25073,0,0,0,0,1
25074,0,0,0,0,1
25075,0,0,0,0,1
25076,0,0,0,0,1
25077,0,0,0,0,1
25078,0,1,0,0,0
25079,0,1,0,0,0
25080,0,1,0,0,0
25081,0,1,0,0,0
25082,0,1,0,0,0
25083,0,1,0,0,0
25084,0,1,0,0,0
25085,0,1,0,0,0
25086,0,1,0,0,0
25087,0,1,0,0,0
25088,0,1,0,0,0
25089,0,1,0,0,0
25090,0,1,0,0,0
25091,0,1,0,0,0
25092,0,1,0,0,0
25093,0,1,0,0,0
25094,0,1,0,0,0
25095,0,1,0,0,0
25096,0,1,0,0,0
25097,0,1,0,0,0
25098,0,1,0,0,0
25099,0,1,0,0,0
25100,0,1,0,0,0
25101,0,1,0,0,0
25102,0,1,0,0,0
25103,0,1,0,0,0
25104,0,1,0,0,0
25105,0,1,0,0,0
25106,0,1,0,0,0
25107,0,1,0,0,0
25108,0,1,0,0,0
25109,0,1,0,0,0
25110,0,1,0,0,0
25111,0,1,0,0,0
25112,0,1,0,0,0
25113,0,1,0,0,0
25114,0,1,0,0,0
25115,0,1,0,0,0
25116,0,1,0,0,0
25117,0,1,0,0,0
25118,0,1,0,0,0
25119,0,1,0,0,0
25120,0,1,0,0,0
25121,0,1,0,0,0
25122,0,1,0,0,0
25123,0,1,0,0,0
25124,0,1,0,0,0
25125,1,0,0,0,0
25126,1,0,0,0,0
25127,1,0,0,0,0
25128,1,0,0,0,0
25129,1,0,0,0,0
25130,1,0,0,0,0
25131,1,0,0,0,0
25132,1,0,0,0,0
25133,1,0,0,0,0
25134,1,0,0,0,0
25135,1,0,0,0,0
25136,1,0,0,0,0
25137,1,0,0,0,0
25138,1,0,0,0,0
25139,1,0,0,0,0
25140,1,0,0,0,0
25141,1,0,0,0,0
25142,1,0,0,0,0
25143,1,0,0,0,0
25144,1,0,0,0,0
25145,1,0,0,0,0
25146,1,0,0,0,0
25147,1,0,0,0,0
25148,1,0,0,0,0
25149,1,0,0,0,0
25150,1,0,0,0,0
25151,1,0,0,0,0
25152,1,0,0,0,0
25153,1,0,0,0,0
25154,1,0,0,0,0
25155,1,0,0,0,0
25156,1,0,0,0,0
25157,1,0,0,0,0
25158,1,0,0,0,0
25159,1,0,0,0,0
25160,1,0,0,0,0
25161,1,0,0,0,0
25162,1,0,0,0,0
25163,1,0,0,0,0
25164,1,0,0,0,0
25165,1,0,0,0,0
25166,1,0,0,0,0
25167,1,0,0,0,0
25168,1,0,0,0,0
25169,1,0,0,0,0
25170,1,0,0,0,0
25171,1,0,0,0,0
25172,1,0,0,0,0
25173,1,0,0,0,0
25174,1,0,0,0,0
25175,1,0,0,0,0
25176,1,0,0,0,0
25177,1,0,0,0,0
25178,1,0,0,0,0
25179,1,0,0,0,0
25180,1,0,0,0,0
25181,1,0,0,0,0
25182,1,0,0,0,0
25183,1,0,0,0,0
25184,1,0,0,0,0
25185,1,0,0,0,0
25186,1,0,0,0,0
25187,1,0,0,0,0
25188,1,0,0,0,0
25189,1,0,0,0,0
25190,1,0,0,0,0
25191,1,0,0,0,0
25192,1,0,0,0,0
25193,1,0,0,0,0
25194,1,0,0,0,0
25195,1,0,0,0,0
25196,1,0,0,0,0
25197,1,0,0,0,0
25198,1,0,0,0,0
25199,1,0,0,0,0
25200,1,0,0,0,0
25201,1,0,0,0,0
25202,1,0,0,0,0
25203,1,0,0,0,0
25204,1,0,0,0,0
25205,1,0,0,0,0
25206,1,0,0,0,0
25207,1,0,0,0,0
25208,1,0,0,0,0
25209,1,0,0,0,0
25210,1,0,0,0,0
25211,1,0,0,0,0
25212,1,0,0,0,0
25213,1,0,0,0,0
25214,1,0,0,0,0
25215,1,0,0,0,0
25216,1,0,0,0,0
25217,1,0,0,0,0
25218,1,0,0,0,0
25219,1,0,0,0,0
25220,1,0,0,0,0
25221,1,0,0,0,0
25222,1,0,0,0,0
25223,1,0,0,0,0
25224,1,0,0,0,0
25225,1,0,0,0,0
25226,1,0,0,0,0
25227,1,0,0,0,0
25228,1,0,0,0,0
25229,1,0,0,0,0
25230,1,0,0,0,0
25231,1,0,0,0,0
25232,1,0,0,0,0
25233,1,0,0,0,0
25234,1,0,0,0,0
25235,1,0,0,0,0
25236,1,0,0,0,0
25237,1,0,0,0,0
25238,1,0,0,0,0
25239,1,0,0,0,0
25240,1,0,0,0,0
25241,1,0,0,0,0
25242,1,0,0,0,0
25243,1,0,0,0,0
25244,1,0,0,0,0
25245,1,0,0,0,0
25246,1,0,0,0,0
25247,1,0,0,0,0
25248,1,0,0,0,0
25249,1,0,0,0,0
25250,1,0,0,0,0
25251,1,0,0,0,0
25252,1,0,0,0,0
25253,1,0,0,0,0
25254,0,1,0,0,0
25255,0,1,0,0,0
25256,0,1,0,0,0
25257,0,1,0,0,0
25258,0,1,0,0,0
25259,0,1,0,0,0
25260,0,1,0,0,0
25261,0,1,0,0,0
25262,0,1,0,0,0
25263,0,1,0,0,0
25264,0,1,0,0,0
25265,0,1,0,0,0
25266,0,1,0,0,0
25267,0,1,0,0,0
25268,0,1,0,0,0
25269,0,1,0,0,0
25270,0,1,0,0,0
25271,0,1,0,0,0
25272,0,1,0,0,0
25273,0,1,0,0,0
25274,0,1,0,0,0
25275,1,0,0,0,0
25276,1,0,0,0,0
25277,1,0,0,0,0
25278,1,0,0,0,0
25279,0,0,0,0,1
25280,0,0,0,0,1
25281,0,0,0,0,1
25282,0,0,0,0,1
25283,0,0,0,0,1
25284,0,0,0,0,1
25285,0,0,0,0,1
25286,0,0,0,0,1
25287,0,0,0,0,1
25288,0,0,0,0,1
25289,0,0,0,0,1
25290,0,0,0,0,1
25291,0,0,0,0,1
25292,0,0,0,0,1
25293,0,0,0,0,1
25294,0,0,0,0,1
25295,0,0,0,0,1
25296,0,0,0,0,1
25297,0,0,0,0,1
25298,0,0,0,0,1
25299,0,0,0,0,1
25300,0,0,0,0,1
25301,0,0,0,0,1
25302,0,0,0,0,1
25303,0,0,0,0,1
25304,0,0,0,0,1
25305,0,0,0,0,1
25306,0,0,0,0,1
25307,0,0,0,0,1
25308,0,0,0,0,1
25309,0,0,0,0,1
25310,0,0,0,0,1
25311,0,0,0,0,1
25312,0,0,0,0,1
25313,0,0,0,0,1
25314,0,0,0,0,1
25315,0,0,0,0,1
25316,0,0,0,0,1
25317,0,0,0,0,1
25318,0,0,0,0,1
25319,0,0,0,0,1
25320,0,0,0,0,1
25321,0,0,0,0,1
25322,0,0,0,0,1
25323,0,0,0,0,1
25324,0,0,0,0,1
25325,0,0,0,0,1
25326,0,0,0,0,1
25327,0,0,0,0,1
25328,0,0,0,0,1
25329,0,0,0,0,1
25330,0,0,0,0,1
25331,0,0,0,0,1
25332,0,0,0,0,1
25333,0,0,0,0,1
25334,0,0,0,0,1
25335,0,0,0,0,1
25336,0,0,0,0,1
25337,0,0,0,0,1
25338,0,0,0,0,1
25339,0,0,0,0,1
25340,0,0,0,0,1
25341,0,0,0,0,1
25342,0,0,0,0,1
25343,0,0,0,0,1
25344,0,0,0,0,1
25345,0,0,0,0,1
25346,0,0,0,0,1
25347,0,0,0,0,1
25348,0,0,0,0,1
25349,0,0,0,0,1
25350,0,0,0,0,1
25351,0,0,0,0,1
25352,0,0,0,0,1
25353,0,0,0,0,1
25354,0,0,0,0,1
25355,0,0,0,0,1
25356,0,0,0,0,1
25357,0,0,0,0,1
25358,0,0,0,0,1
25359,0,0,0,0,1
25360,0,0,0,0,1
25361,0,0,0,0,1
25362,0,0,0,0,1
25363,0,0,0,0,1
25364,0,0,0,0,1
25365,0,0,0,0,1
25366,0,0,0,0,1
25367,0,0,0,0,1
25368,0,0,0,0,1
25369,0,0,0,0,1
25370,0,0,0,0,1
25371,0,0,0,0,1
25372,0,0,0,0,1
25373,0,0,0,0,1
25374,0,0,0,0,1
25375,0,0,0,0,1
25376,0,0,0,0,1
25377,0,0,0,0,1
25378,0,0,0,0,1
25379,0,0,0,0,1
25380,0,0,0,0,1
25381,0,0,0,0,1
25382,0,0,0,0,1
25383,0,0,0,0,1
25384,0,0,0,0,1
25385,0,0,0,0,1
25386,0,0,0,0,1
25387,0,0,0,0,1
25388,0,0,0,0,1
25389,0,0,0,0,1
25390,0,0,0,0,1
25391,0,0,0,0,1
25392,0,0,0,0,1
25393,0,0,0,0,1
25394,0,0,0,0,1
25395,0,0,0,0,1
25396,0,0,0,0,1
25397,0,0,0,0,1
25398,0,0,0,0,1
25399,0,0,0,0,1
25400,0,0,0,0,1
25401,0,0,0,0,1
25402,0,0,0,0,1
25403,0,0,0,0,1
25404,0,0,0,0,1
25405,0,0,0,0,1
25406,0,0,0,0,1
25407,0,0,0,0,1
25408,0,0,0,0,1
25409,0,0,0,0,1
25410,0,0,0,0,1
25411,0,0,0,0,1
25412,0,0,0,0,1
25413,0,0,0,0,1
25414,0,0,0,0,1
25415,0,0,0,0,1
25416,0,0,0,0,1
25417,0,0,0,0,1
25418,0,0,0,0,1
25419,0,0,0,0,1
25420,0,0,0,0,1
25421,0,0,0,0,1
25422,0,0,0,0,1
25423,0,0,0,0,1
25424,0,0,0,0,1
25425,0,0,0,0,1
25426,0,0,0,0,1
25427,0,0,0,0,1
25428,0,0,0,0,1
25429,0,0,0,0,1
25430,0,0,0,0,1
25431,0,0,0,0,1
25432,0,0,0,0,1
25433,0,0,0,0,1
25434,0,0,0,0,1
25435,0,0,0,0,1
25436,0,0,0,0,1
25437,0,0,0,0,1
25438,0,0,0,0,1
25439,0,0,0,0,1
25440,0,0,0,0,1
25441,0,0,0,0,1
25442,0,0,0,0,1
25443,0,0,0,0,1
25444,0,0,0,0,1
25445,0,0,0,0,1
25446,0,0,0,0,1
25447,0,0,0,0,1
25448,0,0,0,0,1
25449,0,0,0,0,1
25450,0,0,0,0,1
25451,0,0,0,0,1
25452,0,0,0,0,1
25453,0,0,0,0,1
25454,0,0,0,0,1
25455,0,0,0,0,1
25456,0,0,0,0,1
25457,0,0,0,0,1
25458,0,0,0,0,1
25459,0,0,0,0,1
25460,0,0,0,0,1
25461,0,0,0,0,1
25462,0,0,0,0,1
25463,0,0,0,0,1
25464,0,0,0,0,1
25465,0,0,0,0,1
25466,0,0,0,0,1
25467,0,0,0,0,1
25468,0,0,0,0,1
25469,0,0,0,0,1
25470,0,0,0,0,1
25471,0,0,0,0,1
25472,0,0,0,0,1
25473,0,0,0,0,1
25474,0,0,0,0,1
25475,0,0,0,0,1
25476,0,0,0,0,1
25477,0,0,0,0,1
25478,0,0,0,0,1
25479,0,0,0,0,1
25480,0,0,0,0,1
25481,0,0,0,0,1
25482,0,0,0,0,1
25483,0,0,0,0,1
25484,0,0,0,0,1
25485,0,0,0,0,1
25486,0,0,0,0,1
25487,0,0,0,0,1
25488,0,0,0,0,1
25489,0,0,0,0,1
25490,0,0,0,0,1
25491,0,0,0,0,1
25492,0,0,0,0,1
25493,0,0,0,0,1
25494,0,0,0,0,1
25495,0,1,0,0,0
25496,0,1,0,0,0
25497,0,1,0,0,0
25498,0,1,0,0,0
25499,0,1,0,0,0
25500,0,1,0,0,0
25501,0,1,0,0,0
25502,0,1,0,0,0
25503,0,1,0,0,0
25504,0,1,0,0,0
25505,0,1,0,0,0
25506,0,1,0,0,0
25507,0,1,0,0,0
25508,0,1,0,0,0
25509,0,1,0,0,0
25510,0,1,0,0,0
25511,0,1,0,0,0
25512,0,1,0,0,0
25513,0,1,0,0,0
25514,0,1,0,0,0
25515,0,1,0,0,0
25516,0,1,0,0,0
25517,0,1,0,0,0
25518,0,1,0,0,0
25519,0,1,0,0,0
25520,0,1,0,0,0
25521,0,1,0,0,0
25522,0,1,0,0,0
25523,0,1,0,0,0
25524,0,1,0,0,0
25525,0,1,0,0,0
25526,0,1,0,0,0
25527,0,1,0,0,0
25528,0,1,0,0,0
25529,0,1,0,0,0
25530,0,1,0,0,0
25531,0,1,0,0,0
25532,0,1,0,0,0
25533,0,1,0,0,0
25534,0,1,0,0,0
25535,0,1,0,0,0
25536,0,1,0,0,0
25537,0,1,0,0,0
25538,0,1,0,0,0
25539,0,1,0,0,0
25540,0,1,0,0,0
25541,0,1,0,0,0
25542,0,1,0,0,0
25543,0,1,0,0,0
25544,0,1,0,0,0
25545,0,1,0,0,0
25546,0,1,0,0,0
25547,0,1,0,0,0
25548,0,1,0,0,0
25549,0,1,0,0,0
25550,0,1,0,0,0
25551,0,1,0,0,0
25552,0,1,0,0,0
25553,0,1,0,0,0
25554,0,1,0,0,0
25555,0,1,0,0,0
25556,0,1,0,0,0
25557,0,1,0,0,0
25558,0,1,0,0,0
25559,0,1,0,0,0
25560,0,1,0,0,0
25561,0,1,0,0,0
25562,0,1,0,0,0
25563,0,1,0,0,0
25564,0,1,0,0,0
25565,0,1,0,0,0
25566,0,1,0,0,0
25567,0,1,0,0,0
25568,0,1,0,0,0
25569,0,1,0,0,0
25570,0,1,0,0,0
25571,0,1,0,0,0
25572,0,1,0,0,0
25573,0,1,0,0,0
25574,0,1,0,0,0
25575,0,1,0,0,0
25576,0,1,0,0,0
25577,0,1,0,0,0
25578,0,1,0,0,0
25579,1,0,0,0,0
25580,1,0,0,0,0
25581,1,0,0,0,0
25582,1,0,0,0,0
25583,1,0,0,0,0
25584,1,0,0,0,0
25585,1,0,0,0,0
25586,1,0,0,0,0
25587,1,0,0,0,0
25588,1,0,0,0,0
25589,1,0,0,0,0
25590,1,0,0,0,0
25591,1,0,0,0,0
25592,1,0,0,0,0
25593,1,0,0,0,0
25594,1,0,0,0,0
25595,1,0,0,0,0
25596,1,0,0,0,0
25597,1,0,0,0,0
25598,1,0,0,0,0
25599,1,0,0,0,0
25600,1,0,0,0,0
25601,1,0,0,0,0
25602,1,0,0,0,0
25603,0,0,0,0,1
25604,0,0,0,0,1
25605,0,0,0,0,1
25606,0,0,0,0,1
25607,0,0,0,0,1
25608,0,0,0,0,1
25609,0,0,0,0,1
25610,0,0,0,0,1
25611,0,0,0,0,1
25612,0,0,0,0,1
25613,0,0,0,0,1
25614,0,0,0,0,1
25615,0,0,0,0,1
25616,0,0,0,0,1
25617,1,0,0,0,0
25618,1,0,0,0,0
25619,1,0,0,0,0
25620,1,0,0,0,0
25621,1,0,0,0,0
25622,1,0,0,0,0
25623,1,0,0,0,0
25624,1,0,0,0,0
25625,1,0,0,0,0
25626,1,0,0,0,0
25627,1,0,0,0,0
25628,1,0,0,0,0
25629,1,0,0,0,0
25630,1,0,0,0,0
25631,1,0,0,0,0
25632,1,0,0,0,0
25633,1,0,0,0,0
25634,1,0,0,0,0
25635,1,0,0,0,0
25636,1,0,0,0,0
25637,1,0,0,0,0
25638,1,0,0,0,0
25639,1,0,0,0,0
25640,1,0,0,0,0
25641,1,0,0,0,0
25642,1,0,0,0,0
25643,1,0,0,0,0
25644,1,0,0,0,0
25645,1,0,0,0,0
25646,1,0,0,0,0
25647,1,0,0,0,0
25648,1,0,0,0,0
25649,1,0,0,0,0
25650,1,0,0,0,0
25651,1,0,0,0,0
25652,1,0,0,0,0
25653,1,0,0,0,0
25654,1,0,0,0,0
25655,1,0,0,0,0
25656,0,0,0,0,1
25657,0,0,0,0,1
25658,0,0,0,0,1
25659,0,0,0,0,1
25660,0,0,0,0,1
25661,0,0,0,0,1
25662,0,0,0,0,1
25663,0,0,0,0,1
25664,0,0,0,0,1
25665,0,0,0,0,1
25666,0,0,0,0,1
25667,0,0,0,0,1
25668,0,0,0,0,1
25669,0,0,0,0,1
25670,0,0,0,0,1
25671,0,0,0,0,1
25672,0,0,0,0,1
25673,0,0,0,0,1
25674,0,0,0,0,1
25675,0,0,0,0,1
25676,0,0,0,0,1
25677,0,0,0,0,1
25678,0,0,0,0,1
25679,0,0,0,0,1
25680,0,0,0,0,1
25681,1,0,0,0,0
25682,1,0,0,0,0
25683,1,0,0,0,0
25684,1,0,0,0,0
25685,1,0,0,0,0
25686,1,0,0,0,0
25687,1,0,0,0,0
25688,1,0,0,0,0
25689,1,0,0,0,0
25690,1,0,0,0,0
25691,1,0,0,0,0
25692,1,0,0,0,0
25693,1,0,0,0,0
25694,1,0,0,0,0
25695,1,0,0,0,0
25696,1,0,0,0,0
25697,1,0,0,0,0
25698,1,0,0,0,0
25699,1,0,0,0,0
25700,1,0,0,0,0
25701,0,0,0,1,0
25702,0,0,0,1,0
25703,0,0,0,1,0
25704,0,0,0,1,0
25705,0,0,0,1,0
25706,0,0,0,1,0
25707,0,0,0,1,0
25708,0,0,0,1,0
25709,0,0,0,1,0
25710,1,0,0,0,0
25711,1,0,0,0,0
25712,1,0,0,0,0
25713,1,0,0,0,0
25714,1,0,0,0,0
25715,1,0,0,0,0
25716,1,0,0,0,0
25717,1,0,0,0,0
25718,1,0,0,0,0
25719,1,0,0,0,0
25720,1,0,0,0,0
25721,1,0,0,0,0
25722,1,0,0,0,0
25723,1,0,0,0,0
25724,1,0,0,0,0
25725,1,0,0,0,0
25726,1,0,0,0,0
25727,1,0,0,0,0
25728,1,0,0,0,0
25729,1,0,0,0,0
25730,1,0,0,0,0
25731,1,0,0,0,0
25732,1,0,0,0,0
25733,1,0,0,0,0
25734,1,0,0,0,0
25735,1,0,0,0,0
25736,1,0,0,0,0
25737,1,0,0,0,0
25738,0,0,0,0,1
25739,0,0,0,0,1
25740,0,0,0,0,1
25741,0,0,0,0,1
25742,0,0,0,0,1
25743,0,0,0,0,1
25744,0,0,0,0,1
25745,0,0,0,0,1
25746,0,0,0,0,1
25747,0,0,0,0,1
25748,0,0,0,0,1
25749,0,0,0,0,1
25750,0,0,0,0,1
25751,0,0,0,0,1
25752,0,0,0,0,1
25753,0,0,0,0,1
25754,0,0,0,0,1
25755,0,0,0,0,1
25756,0,0,0,0,1
25757,0,0,0,0,1
25758,0,0,0,0,1
25759,0,0,0,0,1
25760,0,0,0,0,1
25761,0,0,0,0,1
25762,0,0,0,0,1
25763,0,0,0,0,1
25764,0,0,0,0,1
25765,0,0,0,0,1
25766,0,0,0,0,1
25767,0,0,0,0,1
25768,0,0,0,0,1
25769,0,0,0,0,1
25770,0,0,0,0,1
25771,0,0,0,0,1
25772,0,0,0,0,1
25773,1,0,0,0,0
25774,1,0,0,0,0
25775,1,0,0,0,0
25776,1,0,0,0,0
25777,1,0,0,0,0
25778,1,0,0,0,0
25779,1,0,0,0,0
25780,1,0,0,0,0
25781,1,0,0,0,0
25782,1,0,0,0,0
25783,1,0,0,0,0
25784,1,0,0,0,0
25785,1,0,0,0,0
25786,1,0,0,0,0
25787,1,0,0,0,0
25788,1,0,0,0,0
25789,1,0,0,0,0
25790,1,0,0,0,0
25791,1,0,0,0,0
25792,1,0,0,0,0
25793,1,0,0,0,0
25794,1,0,0,0,0
25795,1,0,0,0,0
25796,1,0,0,0,0
25797,1,0,0,0,0
25798,1,0,0,0,0
25799,1,0,0,0,0
25800,1,0,0,0,0
25801,1,0,0,0,0
25802,1,0,0,0,0
25803,1,0,0,0,0
25804,1,0,0,0,0
25805,1,0,0,0,0
25806,1,0,0,0,0
25807,1,0,0,0,0
25808,1,0,0,0,0
25809,1,0,0,0,0
25810,1,0,0,0,0
25811,1,0,0,0,0
25812,1,0,0,0,0
25813,1,0,0,0,0
25814,1,0,0,0,0
25815,1,0,0,0,0
25816,1,0,0,0,0
25817,1,0,0,0,0
25818,1,0,0,0,0
25819,1,0,0,0,0
25820,1,0,0,0,0
25821,1,0,0,0,0
25822,1,0,0,0,0
25823,1,0,0,0,0
25824,1,0,0,0,0
25825,1,0,0,0,0
25826,1,0,0,0,0
25827,1,0,0,0,0
25828,1,0,0,0,0
25829,1,0,0,0,0
25830,1,0,0,0,0
25831,1,0,0,0,0
25832,1,0,0,0,0
25833,1,0,0,0,0
25834,1,0,0,0,0
25835,1,0,0,0,0
25836,1,0,0,0,0
25837,1,0,0,0,0
25838,1,0,0,0,0
25839,1,0,0,0,0
25840,1,0,0,0,0
25841,1,0,0,0,0
25842,1,0,0,0,0
25843,1,0,0,0,0
25844,1,0,0,0,0
25845,1,0,0,0,0
25846,1,0,0,0,0
25847,1,0,0,0,0
25848,1,0,0,0,0
25849,1,0,0,0,0
25850,1,0,0,0,0
25851,1,0,0,0,0
25852,1,0,0,0,0
25853,1,0,0,0,0
25854,1,0,0,0,0
25855,1,0,0,0,0
25856,1,0,0,0,0
25857,1,0,0,0,0
25858,1,0,0,0,0
25859,1,0,0,0,0
25860,1,0,0,0,0
25861,1,0,0,0,0
25862,1,0,0,0,0
25863,1,0,0,0,0
25864,1,0,0,0,0
25865,1,0,0,0,0
25866,1,0,0,0,0
25867,1,0,0,0,0
25868,1,0,0,0,0
25869,1,0,0,0,0
25870,1,0,0,0,0
25871,1,0,0,0,0
25872,1,0,0,0,0
25873,1,0,0,0,0
25874,1,0,0,0,0
25875,1,0,0,0,0
25876,1,0,0,0,0
25877,1,0,0,0,0
25878,1,0,0,0,0
25879,1,0,0,0,0
25880,1,0,0,0,0
25881,1,0,0,0,0
25882,1,0,0,0,0
25883,1,0,0,0,0
25884,1,0,0,0,0
25885,1,0,0,0,0
25886,1,0,0,0,0
25887,1,0,0,0,0
25888,1,0,0,0,0
25889,1,0,0,0,0
25890,1,0,0,0,0
25891,1,0,0,0,0
25892,1,0,0,0,0
25893,1,0,0,0,0
25894,1,0,0,0,0
25895,1,0,0,0,0
25896,1,0,0,0,0
25897,1,0,0,0,0
25898,1,0,0,0,0
25899,1,0,0,0,0
25900,1,0,0,0,0
25901,1,0,0,0,0
25902,0,0,0,1,0
25903,0,0,0,1,0
25904,0,0,0,1,0
25905,0,0,0,1,0
25906,0,0,0,1,0
25907,0,0,0,1,0
25908,0,0,0,1,0
25909,0,0,0,1,0
25910,0,0,0,1,0
25911,0,0,0,1,0
25912,0,0,0,1,0
25913,0,0,0,1,0
25914,0,0,0,1,0
25915,0,0,0,1,0
25916,0,0,0,1,0
25917,0,0,0,1,0
25918,0,0,0,1,0
25919,0,0,0,1,0
25920,0,0,0,1,0
25921,0,0,0,1,0
25922,0,0,0,1,0
25923,0,0,0,1,0
25924,0,0,0,1,0
25925,0,0,0,1,0
25926,0,0,0,1,0
25927,0,0,0,1,0
25928,0,0,0,1,0
25929,0,0,0,1,0
25930,0,0,0,1,0
25931,0,0,0,1,0
25932,0,0,0,1,0
25933,0,0,0,1,0
25934,0,0,0,1,0
25935,0,0,0,1,0
25936,0,0,0,1,0
25937,0,0,0,1,0
25938,0,0,0,1,0
25939,0,0,0,1,0
25940,0,0,0,1,0
25941,0,0,0,1,0
25942,0,0,0,1,0
25943,0,0,0,1,0
25944,0,0,0,1,0
25945,0,0,0,1,0
25946,0,0,0,1,0
25947,0,0,0,1,0
25948,0,0,0,1,0
25949,0,0,0,1,0
25950,0,0,0,1,0
25951,0,0,0,1,0
25952,0,0,0,1,0
25953,0,0,0,1,0
25954,0,0,0,1,0
25955,0,0,0,1,0
25956,0,0,0,1,0
25957,0,0,0,1,0
25958,0,0,0,1,0
25959,0,0,0,1,0
25960,0,0,0,1,0
25961,0,0,0,1,0
25962,0,0,0,1,0
25963,0,0,0,1,0
25964,0,0,0,1,0
25965,0,0,0,1,0
25966,0,0,0,1,0
25967,0,0,0,1,0
25968,0,0,0,1,0
25969,0,0,0,1,0
25970,0,0,0,1,0
25971,0,0,0,1,0
25972,0,0,0,1,0
25973,0,0,0,1,0
25974,0,0,0,1,0
25975,0,0,0,1,0
25976,0,0,0,1,0
25977,0,0,0,1,0
25978,0,0,0,1,0
25979,0,0,0,1,0
25980,0,0,0,1,0
25981,0,0,0,1,0
25982,0,0,0,1,0
25983,0,0,0,1,0
25984,0,0,0,1,0
25985,0,0,0,1,0
25986,0,0,0,1,0
25987,0,0,0,1,0
25988,0,0,0,1,0
25989,0,0,0,1,0
25990,0,0,0,1,0
25991,0,0,0,1,0
25992,0,0,0,1,0
25993,0,0,0,1,0
25994,0,0,0,1,0
25995,0,0,0,1,0
25996,0,0,0,1,0
25997,0,0,1,0,0
25998,0,0,1,0,0
25999,0,0,1,0,0
26000,0,0,1,0,0
26001,0,0,1,0,0
26002,0,0,1,0,0
26003,0,0,1,0,0
26004,0,0,1,0,0
26005,0,0,1,0,0
26006,0,0,1,0,0
26007,0,0,1,0,0
26008,0,0,1,0,0
26009,0,0,1,0,0
26010,0,0,1,0,0
26011,0,0,1,0,0
26012,0,0,1,0,0
26013,0,0,1,0,0
26014,0,0,1,0,0
26015,0,0,1,0,0
26016,0,0,1,0,0
26017,0,0,1,0,0
26018,0,0,1,0,0
26019,0,0,1,0,0
26020,0,0,1,0,0
26021,0,0,1,0,0
26022,0,0,1,0,0
26023,0,0,1,0,0
26024,0,0,1,0,0
26025,0,0,1,0,0
26026,0,0,1,0,0
26027,0,0,1,0,0
26028,0,0,1,0,0
26029,0,0,1,0,0
26030,0,0,1,0,0
26031,0,0,1,0,0
26032,0,0,1,0,0
26033,0,0,1,0,0
26034,0,0,1,0,0
26035,1,0,0,0,0
26036,1,0,0,0,0
26037,1,0,0,0,0
26038,1,0,0,0,0
26039,1,0,0,0,0
26040,1,0,0,0,0
26041,1,0,0,0,0
26042,1,0,0,0,0
26043,1,0,0,0,0
26044,1,0,0,0,0
26045,1,0,0,0,0
26046,1,0,0,0,0
26047,1,0,0,0,0
26048,1,0,0,0,0
26049,1,0,0,0,0
26050,1,0,0,0,0
26051,1,0,0,0,0
26052,1,0,0,0,0
26053,1,0,0,0,0
26054,1,0,0,0,0
26055,1,0,0,0,0
26056,1,0,0,0,0
26057,1,0,0,0,0
26058,1,0,0,0,0
26059,1,0,0,0,0
26060,1,0,0,0,0
26061,1,0,0,0,0
26062,1,0,0,0,0
26063,1,0,0,0,0
26064,1,0,0,0,0
26065,1,0,0,0,0
26066,1,0,0,0,0
26067,1,0,0,0,0
26068,1,0,0,0,0
26069,1,0,0,0,0
26070,1,0,0,0,0
26071,1,0,0,0,0
26072,1,0,0,0,0
26073,1,0,0,0,0
26074,1,0,0,0,0
26075,1,0,0,0,0
26076,1,0,0,0,0
26077,1,0,0,0,0
26078,1,0,0,0,0
26079,1,0,0,0,0
26080,1,0,0,0,0
26081,1,0,0,0,0
26082,1,0,0,0,0
26083,1,0,0,0,0
26084,1,0,0,0,0
26085,1,0,0,0,0
26086,1,0,0,0,0
26087,1,0,0,0,0
26088,1,0,0,0,0
26089,1,0,0,0,0
26090,1,0,0,0,0
26091,1,0,0,0,0
26092,1,0,0,0,0
26093,1,0,0,0,0
26094,1,0,0,0,0
26095,1,0,0,0,0
26096,1,0,0,0,0
26097,1,0,0,0,0
26098,1,0,0,0,0
26099,1,0,0,0,0
26100,1,0,0,0,0
26101,1,0,0,0,0
26102,1,0,0,0,0
26103,1,0,0,0,0
26104,1,0,0,0,0
26105,1,0,0,0,0
26106,1,0,0,0,0
26107,1,0,0,0,0
26108,1,0,0,0,0
26109,1,0,0,0,0
26110,1,0,0,0,0
26111,1,0,0,0,0
26112,1,0,0,0,0
26113,1,0,0,0,0
26114,1,0,0,0,0
26115,1,0,0,0,0
26116,1,0,0,0,0
26117,1,0,0,0,0
26118,1,0,0,0,0
26119,1,0,0,0,0
26120,1,0,0,0,0
26121,1,0,0,0,0
26122,1,0,0,0,0
26123,1,0,0,0,0
26124,1,0,0,0,0
26125,1,0,0,0,0
26126,1,0,0,0,0
26127,1,0,0,0,0
26128,1,0,0,0,0
26129,1,0,0,0,0
26130,1,0,0,0,0
26131,1,0,0,0,0
26132,1,0,0,0,0
26133,1,0,0,0,0
26134,1,0,0,0,0
26135,1,0,0,0,0
26136,1,0,0,0,0
26137,1,0,0,0,0
26138,1,0,0,0,0
26139,1,0,0,0,0
26140,1,0,0,0,0
26141,1,0,0,0,0
26142,1,0,0,0,0
26143,1,0,0,0,0
26144,1,0,0,0,0
26145,1,0,0,0,0
26146,1,0,0,0,0
26147,1,0,0,0,0
26148,1,0,0,0,0
26149,1,0,0,0,0
26150,1,0,0,0,0
26151,1,0,0,0,0
26152,1,0,0,0,0
26153,1,0,0,0,0
26154,1,0,0,0,0
26155,1,0,0,0,0
26156,1,0,0,0,0
26157,1,0,0,0,0
26158,1,0,0,0,0
26159,1,0,0,0,0
26160,1,0,0,0,0
26161,1,0,0,0,0
26162,1,0,0,0,0
26163,1,0,0,0,0
26164,1,0,0,0,0
26165,1,0,0,0,0
26166,1,0,0,0,0
26167,1,0,0,0,0
26168,1,0,0,0,0
26169,1,0,0,0,0
26170,1,0,0,0,0
26171,0,0,0,0,1
26172,0,0,0,0,1
26173,0,0,0,0,1
26174,0,0,0,0,1
26175,0,0,0,0,1
26176,0,0,0,0,1
26177,0,0,0,0,1
26178,0,0,0,0,1
26179,0,0,0,0,1
26180,0,0,0,0,1
26181,0,0,0,0,1
26182,0,0,0,0,1
26183,0,0,0,0,1
26184,0,0,0,0,1
26185,0,0,0,0,1
26186,0,0,0,0,1
26187,0,0,0,0,1
26188,0,0,0,0,1
26189,0,0,0,0,1
26190,0,0,0,0,1
26191,0,0,0,0,1
26192,0,0,0,0,1
26193,0,0,0,0,1
26194,0,0,0,0,1
26195,0,0,0,0,1
26196,0,0,0,0,1
26197,0,0,0,0,1
26198,0,0,0,0,1
26199,0,0,0,0,1
26200,0,0,0,0,1
26201,0,0,0,0,1
26202,0,0,0,0,1
26203,0,0,0,0,1
26204,0,0,0,0,1
26205,0,0,0,0,1
26206,0,0,0,0,1
26207,0,0,0,0,1
26208,0,0,0,0,1
26209,0,0,0,0,1
26210,0,0,0,0,1
26211,0,0,0,0,1
26212,0,0,0,0,1
26213,0,0,0,0,1
26214,1,0,0,0,0
26215,1,0,0,0,0
26216,1,0,0,0,0
26217,1,0,0,0,0
26218,1,0,0,0,0
26219,1,0,0,0,0
26220,1,0,0,0,0
26221,1,0,0,0,0
26222,1,0,0,0,0
26223,1,0,0,0,0
26224,1,0,0,0,0
26225,1,0,0,0,0
26226,1,0,0,0,0
26227,1,0,0,0,0
26228,1,0,0,0,0
26229,1,0,0,0,0
26230,1,0,0,0,0
26231,1,0,0,0,0
26232,1,0,0,0,0
26233,1,0,0,0,0
26234,1,0,0,0,0
26235,1,0,0,0,0
26236,1,0,0,0,0
26237,1,0,0,0,0
26238,1,0,0,0,0
26239,1,0,0,0,0
26240,1,0,0,0,0
26241,1,0,0,0,0
26242,1,0,0,0,0
26243,1,0,0,0,0
26244,1,0,0,0,0
26245,1,0,0,0,0
26246,1,0,0,0,0
26247,1,0,0,0,0
26248,1,0,0,0,0
26249,1,0,0,0,0
26250,1,0,0,0,0
26251,1,0,0,0,0
26252,1,0,0,0,0
26253,1,0,0,0,0
26254,0,0,0,0,1
26255,0,0,0,0,1
26256,0,0,0,0,1
26257,0,0,0,0,1
26258,0,0,0,0,1
26259,0,0,0,0,1
26260,0,0,0,0,1
26261,0,0,0,0,1
26262,0,0,0,0,1
26263,0,0,0,0,1
26264,0,0,0,0,1
26265,0,0,0,0,1
26266,0,0,0,0,1
26267,0,0,0,0,1
26268,0,0,0,0,1
26269,0,0,0,0,1
26270,0,0,0,0,1
26271,0,0,0,0,1
26272,0,0,0,0,1
26273,0,0,0,0,1
26274,0,0,0,0,1
26275,0,0,0,0,1
26276,0,0,0,0,1
26277,0,0,0,0,1
26278,0,0,0,0,1
26279,0,0,0,0,1
26280,0,0,0,0,1
26281,0,0,0,0,1
26282,0,0,0,0,1
26283,0,0,0,0,1
26284,0,0,0,0,1
26285,0,0,0,0,1
26286,0,0,0,0,1
26287,0,0,0,0,1
26288,0,0,0,0,1
26289,1,0,0,0,0
26290,1,0,0,0,0
26291,1,0,0,0,0
26292,1,0,0,0,0
26293,1,0,0,0,0
26294,1,0,0,0,0
26295,1,0,0,0,0
26296,0,1,0,0,0
26297,0,1,0,0,0
26298,0,1,0,0,0
26299,0,1,0,0,0
26300,0,1,0,0,0
26301,0,1,0,0,0
26302,0,1,0,0,0
26303,0,1,0,0,0
26304,0,1,0,0,0
26305,0,1,0,0,0
26306,0,1,0,0,0
26307,0,1,0,0,0
26308,0,1,0,0,0
26309,0,1,0,0,0
26310,0,1,0,0,0
26311,0,1,0,0,0
26312,0,1,0,0,0
26313,0,1,0,0,0
26314,0,1,0,0,0
26315,0,1,0,0,0
26316,0,1,0,0,0
26317,0,1,0,0,0
26318,0,1,0,0,0
26319,0,1,0,0,0
26320,0,1,0,0,0
26321,0,1,0,0,0
26322,0,1,0,0,0
26323,0,1,0,0,0
26324,0,1,0,0,0
26325,0,1,0,0,0
26326,0,1,0,0,0
26327,0,1,0,0,0
26328,0,1,0,0,0
26329,0,1,0,0,0
26330,0,1,0,0,0
26331,0,1,0,0,0
26332,0,1,0,0,0
26333,0,1,0,0,0
26334,0,1,0,0,0
26335,0,1,0,0,0
26336,0,1,0,0,0
26337,0,1,0,0,0
26338,0,1,0,0,0
26339,0,1,0,0,0
26340,0,1,0,0,0
26341,0,1,0,0,0
26342,1,0,0,0,0
26343,1,0,0,0,0
26344,1,0,0,0,0
26345,1,0,0,0,0
26346,1,0,0,0,0
26347,1,0,0,0,0
26348,1,0,0,0,0
26349,1,0,0,0,0
26350,1,0,0,0,0
26351,1,0,0,0,0
26352,1,0,0,0,0
26353,1,0,0,0,0
26354,1,0,0,0,0
26355,1,0,0,0,0
26356,1,0,0,0,0
26357,1,0,0,0,0
26358,1,0,0,0,0
26359,1,0,0,0,0
26360,1,0,0,0,0
26361,1,0,0,0,0
26362,1,0,0,0,0
26363,1,0,0,0,0
26364,1,0,0,0,0
26365,1,0,0,0,0
26366,1,0,0,0,0
26367,1,0,0,0,0
26368,1,0,0,0,0
26369,1,0,0,0,0
26370,1,0,0,0,0
26371,1,0,0,0,0
26372,1,0,0,0,0
26373,1,0,0,0,0
26374,1,0,0,0,0
26375,1,0,0,0,0
26376,1,0,0,0,0
26377,1,0,0,0,0
26378,1,0,0,0,0
26379,1,0,0,0,0
26380,1,0,0,0,0
26381,1,0,0,0,0
26382,1,0,0,0,0
26383,1,0,0,0,0
26384,1,0,0,0,0
26385,1,0,0,0,0
26386,1,0,0,0,0
26387,1,0,0,0,0
26388,1,0,0,0,0
26389,1,0,0,0,0
26390,1,0,0,0,0
26391,1,0,0,0,0
26392,1,0,0,0,0
26393,1,0,0,0,0
26394,1,0,0,0,0
26395,1,0,0,0,0
26396,1,0,0,0,0
26397,1,0,0,0,0
26398,1,0,0,0,0
26399,1,0,0,0,0
26400,1,0,0,0,0
26401,1,0,0,0,0
26402,1,0,0,0,0
26403,1,0,0,0,0
26404,1,0,0,0,0
26405,1,0,0,0,0
26406,1,0,0,0,0
26407,1,0,0,0,0
26408,1,0,0,0,0
26409,1,0,0,0,0
26410,1,0,0,0,0
26411,1,0,0,0,0
26412,1,0,0,0,0
26413,1,0,0,0,0
26414,1,0,0,0,0
26415,1,0,0,0,0
26416,1,0,0,0,0
26417,1,0,0,0,0
26418,1,0,0,0,0
26419,1,0,0,0,0
26420,1,0,0,0,0
26421,1,0,0,0,0
26422,1,0,0,0,0
26423,1,0,0,0,0
26424,1,0,0,0,0
26425,1,0,0,0,0
26426,1,0,0,0,0
26427,1,0,0,0,0
26428,1,0,0,0,0
26429,1,0,0,0,0
26430,1,0,0,0,0
26431,1,0,0,0,0
26432,1,0,0,0,0
26433,0,0,0,0,1
26434,0,0,0,0,1
26435,0,0,0,0,1
26436,0,0,0,0,1
26437,0,0,0,0,1
26438,0,0,0,0,1
26439,0,0,0,0,1
26440,0,0,0,0,1
26441,0,0,0,0,1
26442,0,0,0,0,1
26443,0,0,0,0,1
26444,0,0,0,0,1
26445,0,0,0,0,1
26446,0,0,0,0,1
26447,0,0,0,0,1
26448,0,0,0,0,1
26449,0,0,0,0,1
26450,0,0,0,0,1
26451,0,0,0,0,1
26452,0,0,0,0,1
26453,0,0,0,0,1
26454,0,0,0,0,1
26455,0,0,0,0,1
26456,0,0,0,0,1
26457,0,0,0,0,1
26458,0,0,0,0,1
26459,0,0,0,0,1
26460,0,0,0,0,1
26461,0,0,0,0,1
26462,0,0,0,0,1
26463,0,0,0,0,1
26464,0,0,0,0,1
26465,0,0,0,0,1
26466,0,0,0,0,1
26467,0,0,0,0,1
26468,0,0,0,0,1
26469,0,0,0,0,1
26470,0,0,0,0,1
26471,0,0,0,0,1
26472,0,0,0,0,1
26473,0,0,0,0,1
26474,0,0,0,0,1
26475,0,0,0,0,1
26476,0,0,0,0,1
26477,0,0,0,0,1
26478,0,0,0,0,1
26479,0,0,0,0,1
26480,0,0,0,0,1
26481,0,0,0,0,1
26482,0,0,0,0,1
26483,0,0,0,0,1
26484,0,0,0,0,1
26485,0,0,0,0,1
26486,0,0,0,0,1
26487,0,0,0,0,1
26488,0,0,0,0,1
26489,0,0,0,0,1
26490,0,0,0,0,1
26491,0,0,0,0,1
26492,0,0,0,0,1
26493,0,0,0,0,1
26494,0,0,0,0,1
26495,0,0,0,0,1
26496,0,0,0,0,1
26497,0,0,0,0,1
26498,0,0,0,0,1
26499,0,0,0,0,1
26500,0,0,0,0,1
26501,0,0,0,0,1
26502,0,0,0,0,1
26503,0,0,0,0,1
26504,0,0,0,0,1
26505,0,0,0,0,1
26506,0,0,0,0,1
26507,0,0,0,0,1
26508,0,0,0,0,1
26509,0,0,0,0,1
26510,0,0,0,0,1
26511,0,0,0,0,1
26512,0,0,0,0,1
26513,0,0,0,0,1
26514,0,0,0,0,1
26515,0,0,0,0,1
26516,0,0,0,0,1
26517,0,0,0,0,1
26518,0,0,0,0,1
26519,0,0,0,0,1
26520,0,0,0,0,1
26521,0,0,0,0,1
26522,0,0,0,0,1
26523,0,0,0,0,1
26524,0,0,0,0,1
26525,0,0,0,0,1
26526,0,0,0,0,1
26527,0,0,0,0,1
26528,0,0,0,0,1
26529,0,0,0,0,1
26530,1,0,0,0,0
26531,1,0,0,0,0
26532,1,0,0,0,0
26533,1,0,0,0,0
26534,1,0,0,0,0
26535,1,0,0,0,0
26536,1,0,0,0,0
26537,1,0,0,0,0
26538,1,0,0,0,0
26539,1,0,0,0,0
26540,1,0,0,0,0
26541,1,0,0,0,0
26542,1,0,0,0,0
26543,1,0,0,0,0
26544,1,0,0,0,0
26545,1,0,0,0,0
26546,1,0,0,0,0
26547,1,0,0,0,0
26548,1,0,0,0,0
26549,1,0,0,0,0
26550,1,0,0,0,0
26551,1,0,0,0,0
26552,1,0,0,0,0
26553,1,0,0,0,0
26554,1,0,0,0,0
26555,1,0,0,0,0
26556,1,0,0,0,0
26557,1,0,0,0,0
26558,1,0,0,0,0
26559,1,0,0,0,0
26560,1,0,0,0,0
26561,1,0,0,0,0
26562,0,0,0,0,1
26563,0,0,0,0,1
26564,0,0,0,0,1
26565,0,0,0,0,1
26566,0,0,0,0,1
26567,0,0,0,0,1
26568,0,0,0,0,1
26569,0,0,0,0,1
26570,0,0,0,0,1
26571,0,0,0,0,1
26572,0,0,0,0,1
26573,0,0,0,0,1
26574,0,0,0,0,1
26575,0,0,0,0,1
26576,0,0,0,0,1
26577,0,0,0,0,1
26578,0,0,0,0,1
26579,0,0,0,0,1
26580,0,0,0,0,1
26581,0,0,0,0,1
26582,0,0,0,0,1
26583,0,0,0,0,1
26584,0,0,0,0,1
26585,0,0,0,0,1
26586,0,0,0,0,1
26587,0,0,0,0,1
26588,0,0,0,0,1
26589,0,0,0,0,1
26590,0,0,0,0,1
26591,0,0,0,0,1
26592,0,0,0,0,1
26593,0,0,0,0,1
26594,0,0,0,0,1
26595,0,0,0,0,1
26596,0,0,0,0,1
26597,0,0,0,0,1
26598,0,0,0,0,1
26599,0,0,0,0,1
26600,0,0,0,0,1
26601,0,0,0,0,1
26602,0,0,0,0,1
26603,0,0,0,0,1
26604,0,0,0,0,1
26605,0,0,0,0,1
26606,0,0,0,0,1
26607,0,0,0,0,1
26608,0,0,0,0,1
26609,0,0,0,0,1
26610,0,0,0,0,1
26611,0,0,0,0,1
26612,0,0,0,0,1
26613,0,0,0,0,1
26614,0,0,0,0,1
26615,0,0,0,0,1
26616,0,0,0,0,1
26617,0,0,0,0,1
26618,0,1,0,0,0
26619,0,1,0,0,0
26620,0,1,0,0,0
26621,0,1,0,0,0
26622,0,1,0,0,0
26623,0,1,0,0,0
26624,0,1,0,0,0
26625,0,1,0,0,0
26626,0,1,0,0,0
26627,0,1,0,0,0
26628,0,1,0,0,0
26629,0,1,0,0,0
26630,0,1,0,0,0
26631,0,1,0,0,0
26632,0,1,0,0,0
26633,0,1,0,0,0
26634,0,1,0,0,0
26635,0,1,0,0,0
26636,0,1,0,0,0
26637,0,1,0,0,0
26638,0,1,0,0,0
26639,0,1,0,0,0
26640,0,1,0,0,0
26641,0,1,0,0,0
26642,0,1,0,0,0
26643,0,1,0,0,0
26644,0,1,0,0,0
26645,0,1,0,0,0
26646,0,1,0,0,0
26647,0,1,0,0,0
26648,0,1,0,0,0
26649,0,1,0,0,0
26650,0,1,0,0,0
26651,0,1,0,0,0
26652,0,1,0,0,0
26653,0,1,0,0,0
26654,0,1,0,0,0
26655,0,1,0,0,0
26656,0,1,0,0,0
26657,0,1,0,0,0
26658,0,1,0,0,0
26659,0,1,0,0,0
26660,1,0,0,0,0
26661,1,0,0,0,0
26662,1,0,0,0,0
26663,1,0,0,0,0
26664,1,0,0,0,0
26665,1,0,0,0,0
26666,1,0,0,0,0
26667,1,0,0,0,0
26668,1,0,0,0,0
26669,1,0,0,0,0
26670,1,0,0,0,0
26671,1,0,0,0,0
26672,1,0,0,0,0
26673,1,0,0,0,0
26674,1,0,0,0,0
26675,1,0,0,0,0
26676,1,0,0,0,0
26677,1,0,0,0,0
26678,1,0,0,0,0
26679,1,0,0,0,0
26680,1,0,0,0,0
26681,1,0,0,0,0
26682,1,0,0,0,0
26683,1,0,0,0,0
26684,1,0,0,0,0
26685,1,0,0,0,0
26686,1,0,0,0,0
26687,1,0,0,0,0
26688,1,0,0,0,0
26689,1,0,0,0,0
26690,1,0,0,0,0
26691,1,0,0,0,0
26692,1,0,0,0,0
26693,1,0,0,0,0
26694,1,0,0,0,0
26695,1,0,0,0,0
26696,1,0,0,0,0
26697,1,0,0,0,0
26698,1,0,0,0,0
26699,1,0,0,0,0
26700,1,0,0,0,0
26701,1,0,0,0,0
26702,1,0,0,0,0
26703,1,0,0,0,0
26704,1,0,0,0,0
26705,1,0,0,0,0
26706,1,0,0,0,0
26707,1,0,0,0,0
26708,1,0,0,0,0
26709,1,0,0,0,0
26710,1,0,0,0,0
26711,1,0,0,0,0
26712,1,0,0,0,0
26713,1,0,0,0,0
26714,1,0,0,0,0
26715,1,0,0,0,0
26716,1,0,0,0,0
26717,1,0,0,0,0
26718,1,0,0,0,0
26719,1,0,0,0,0
26720,1,0,0,0,0
26721,1,0,0,0,0
26722,1,0,0,0,0
26723,1,0,0,0,0
26724,1,0,0,0,0
26725,1,0,0,0,0
26726,1,0,0,0,0
26727,1,0,0,0,0
26728,1,0,0,0,0
26729,1,0,0,0,0
26730,1,0,0,0,0
26731,1,0,0,0,0
26732,1,0,0,0,0
26733,1,0,0,0,0
26734,1,0,0,0,0
26735,1,0,0,0,0
26736,1,0,0,0,0
26737,1,0,0,0,0
26738,1,0,0,0,0
26739,1,0,0,0,0
26740,1,0,0,0,0
26741,1,0,0,0,0
26742,1,0,0,0,0
26743,1,0,0,0,0
26744,1,0,0,0,0
26745,1,0,0,0,0
26746,1,0,0,0,0
26747,1,0,0,0,0
26748,1,0,0,0,0
26749,1,0,0,0,0
26750,1,0,0,0,0
26751,1,0,0,0,0
26752,1,0,0,0,0
26753,1,0,0,0,0
26754,1,0,0,0,0
26755,1,0,0,0,0
26756,1,0,0,0,0
26757,1,0,0,0,0
26758,1,0,0,0,0
26759,1,0,0,0,0
26760,1,0,0,0,0
26761,1,0,0,0,0
26762,1,0,0,0,0
26763,1,0,0,0,0
26764,1,0,0,0,0
26765,1,0,0,0,0
26766,1,0,0,0,0
26767,1,0,0,0,0
26768,1,0,0,0,0
26769,1,0,0,0,0
26770,1,0,0,0,0
26771,1,0,0,0,0
26772,1,0,0,0,0
26773,1,0,0,0,0
26774,1,0,0,0,0
26775,1,0,0,0,0
26776,1,0,0,0,0
26777,1,0,0,0,0
26778,1,0,0,0,0
26779,1,0,0,0,0
26780,1,0,0,0,0
26781,1,0,0,0,0
26782,1,0,0,0,0
26783,1,0,0,0,0
26784,1,0,0,0,0
26785,1,0,0,0,0
26786,1,0,0,0,0
26787,1,0,0,0,0
26788,1,0,0,0,0
26789,1,0,0,0,0
26790,1,0,0,0,0
26791,1,0,0,0,0
26792,1,0,0,0,0
26793,1,0,0,0,0
26794,1,0,0,0,0
26795,1,0,0,0,0
26796,1,0,0,0,0
26797,1,0,0,0,0
26798,1,0,0,0,0
26799,1,0,0,0,0
26800,1,0,0,0,0
26801,1,0,0,0,0
26802,1,0,0,0,0
26803,1,0,0,0,0
26804,1,0,0,0,0
26805,1,0,0,0,0
26806,0,0,0,0,1
26807,0,0,0,0,1
26808,0,0,0,0,1
26809,0,0,0,0,1
26810,0,0,0,0,1
26811,0,0,0,0,1
26812,0,0,0,0,1
26813,0,0,0,0,1
26814,0,0,0,0,1
26815,0,0,0,0,1
26816,0,0,0,0,1
26817,0,0,0,0,1
26818,0,0,0,0,1
26819,0,0,0,0,1
26820,0,0,0,0,1
26821,0,0,0,0,1
26822,0,0,0,0,1
26823,0,0,0,0,1
26824,0,0,0,0,1
26825,0,0,0,0,1
26826,0,0,0,0,1
26827,0,0,0,0,1
26828,0,0,0,0,1
26829,0,0,0,0,1
26830,0,0,0,0,1
26831,0,0,0,0,1
26832,0,0,0,0,1
26833,0,0,0,0,1
26834,0,0,0,0,1
26835,0,0,0,0,1
26836,0,0,0,0,1
26837,0,0,0,0,1
26838,0,0,0,0,1
26839,0,0,0,0,1
26840,0,0,0,0,1
26841,0,0,0,0,1
26842,0,0,0,0,1
26843,0,0,0,0,1
26844,0,0,0,0,1
26845,0,0,0,0,1
26846,0,0,0,0,1
26847,0,0,0,0,1
26848,0,0,0,0,1
26849,0,0,0,0,1
26850,0,0,0,0,1
26851,0,0,0,0,1
26852,0,0,0,0,1
26853,0,0,0,0,1
26854,0,0,0,0,1
26855,0,0,0,0,1
26856,0,0,0,0,1
26857,0,0,0,0,1
26858,0,0,0,0,1
26859,0,0,0,0,1
26860,0,0,0,0,1
26861,0,0,0,0,1
26862,0,0,0,0,1
26863,0,0,0,0,1
26864,0,0,0,0,1
26865,0,0,0,0,1
26866,0,0,0,0,1
26867,0,0,0,0,1
26868,0,0,0,0,1
26869,0,0,0,0,1
26870,0,0,0,0,1
26871,0,0,0,0,1
26872,0,0,0,0,1
26873,0,0,0,0,1
26874,0,0,0,0,1
26875,0,0,0,0,1
26876,0,0,0,0,1
26877,0,0,0,0,1
26878,0,0,0,0,1
26879,0,0,0,0,1
26880,0,0,0,0,1
26881,0,0,0,0,1
26882,0,0,0,0,1
26883,0,0,0,0,1
26884,0,0,0,0,1
26885,0,0,0,0,1
26886,0,0,0,0,1
26887,0,0,0,0,1
26888,0,0,0,0,1
26889,0,0,0,0,1
26890,0,0,0,0,1
26891,0,0,0,0,1
26892,0,0,0,0,1
26893,0,0,0,0,1
26894,0,0,0,0,1
26895,0,0,0,0,1
26896,0,0,0,0,1
26897,0,0,0,0,1
26898,0,0,0,0,1
26899,0,0,0,0,1
26900,0,0,0,0,1
26901,1,0,0,0,0
26902,1,0,0,0,0
26903,1,0,0,0,0
26904,1,0,0,0,0
26905,1,0,0,0,0
26906,0,0,0,1,0
26907,0,0,0,1,0
26908,0,0,0,1,0
26909,0,0,0,1,0
26910,0,0,0,1,0
26911,0,0,0,1,0
26912,0,0,0,1,0
26913,0,0,0,1,0
26914,0,0,0,1,0
26915,0,0,0,1,0
26916,1,0,0,0,0
26917,1,0,0,0,0
26918,1,0,0,0,0
26919,1,0,0,0,0
26920,1,0,0,0,0
26921,1,0,0,0,0
26922,1,0,0,0,0
26923,1,0,0,0,0
26924,1,0,0,0,0
26925,1,0,0,0,0
26926,1,0,0,0,0
26927,1,0,0,0,0
26928,1,0,0,0,0
26929,1,0,0,0,0
26930,1,0,0,0,0
26931,1,0,0,0,0
26932,1,0,0,0,0
26933,1,0,0,0,0
26934,0,0,0,0,1
26935,0,0,0,0,1
26936,0,0,0,0,1
26937,0,0,0,0,1
26938,0,0,0,0,1
26939,0,0,0,0,1
26940,0,0,0,0,1
26941,0,0,0,0,1
26942,0,0,0,0,1
26943,0,0,0,0,1
26944,0,0,0,0,1
26945,0,0,0,0,1
26946,0,0,0,0,1
26947,0,0,0,0,1
26948,0,0,0,0,1
26949,0,0,0,0,1
26950,0,0,0,0,1
26951,0,0,0,0,1
26952,0,0,0,0,1
26953,0,0,0,0,1
26954,0,0,0,0,1
26955,0,0,0,0,1
26956,0,0,0,0,1
26957,0,0,0,0,1
26958,0,0,0,0,1
26959,0,0,0,0,1
26960,0,0,0,0,1
26961,0,0,0,0,1
26962,0,0,0,0,1
26963,0,0,0,0,1
26964,0,0,0,0,1
26965,0,0,0,0,1
26966,0,0,0,0,1
26967,0,0,0,0,1
26968,0,0,0,0,1
26969,0,0,0,0,1
26970,0,0,0,0,1
26971,0,0,0,0,1
26972,0,0,0,0,1
26973,0,0,0,0,1
26974,0,0,0,0,1
26975,0,0,0,0,1
26976,0,0,0,0,1
26977,0,0,0,0,1
26978,0,0,0,0,1
26979,0,0,0,0,1
26980,0,0,0,0,1
26981,0,0,0,0,1
26982,0,0,0,0,1
26983,0,0,0,0,1
26984,0,0,0,0,1
26985,0,0,0,0,1
26986,0,0,0,0,1
26987,0,0,0,0,1
26988,0,0,0,0,1
26989,0,0,0,0,1
26990,0,0,0,0,1
26991,0,0,0,0,1
26992,0,0,0,0,1
26993,0,0,0,0,1
26994,0,0,0,0,1
26995,0,0,0,0,1
26996,0,0,0,0,1
26997,0,0,0,0,1
26998,0,0,0,0,1
26999,0,0,0,0,1
27000,0,0,0,0,1
27001,0,0,0,0,1
27002,0,0,0,0,1
27003,0,0,0,0,1
27004,0,0,0,0,1
27005,0,0,0,0,1
27006,0,0,0,0,1
27007,0,0,0,0,1
27008,0,0,0,0,1
27009,0,0,0,0,1
27010,0,0,0,0,1
27011,0,0,0,0,1
27012,0,0,0,0,1
27013,0,0,0,0,1
27014,0,0,0,0,1
27015,0,0,0,0,1
27016,0,0,0,0,1
27017,0,0,0,0,1
27018,0,0,0,0,1
27019,0,0,0,0,1
27020,0,0,0,0,1
27021,0,0,0,0,1
27022,0,0,0,0,1
27023,0,0,0,0,1
27024,0,0,0,0,1
27025,0,0,0,0,1
27026,0,0,0,0,1
27027,0,0,0,0,1
27028,0,0,0,0,1
27029,0,0,0,0,1
27030,0,0,0,0,1
27031,0,0,0,0,1
27032,0,0,0,0,1
27033,0,0,0,0,1
27034,0,0,0,0,1
27035,0,0,0,0,1
27036,0,0,0,0,1
27037,0,0,0,0,1
27038,0,0,0,0,1
27039,0,0,0,0,1
27040,0,0,0,0,1
27041,0,0,0,0,1
27042,0,0,0,0,1
27043,0,0,0,0,1
27044,0,0,0,0,1
27045,0,0,0,0,1
27046,0,0,0,0,1
27047,0,0,0,0,1
27048,0,0,0,0,1
27049,0,0,0,0,1
27050,0,0,0,0,1
27051,0,0,0,0,1
27052,0,0,0,0,1
27053,0,0,0,0,1
27054,0,0,0,0,1
27055,0,0,0,0,1
27056,0,0,0,0,1
27057,0,0,0,0,1
27058,0,0,0,0,1
27059,0,0,0,0,1
27060,0,0,0,0,1
27061,0,0,0,0,1
27062,0,0,0,0,1
27063,0,0,0,0,1
27064,0,0,0,0,1
27065,0,0,0,0,1
27066,0,0,0,0,1
27067,0,0,0,0,1
27068,0,0,0,0,1
27069,0,0,0,0,1
27070,0,0,0,0,1
27071,0,0,0,0,1
27072,0,0,0,0,1
27073,0,0,0,0,1
27074,0,0,0,0,1
27075,0,0,0,0,1
27076,0,0,0,0,1
27077,0,0,0,0,1
27078,0,0,0,0,1
27079,0,0,0,0,1
27080,0,0,0,0,1
27081,1,0,0,0,0
27082,0,1,0,0,0
27083,0,1,0,0,0
27084,0,1,0,0,0
27085,0,1,0,0,0
27086,0,1,0,0,0
27087,0,1,0,0,0
27088,0,1,0,0,0
27089,0,1,0,0,0
27090,0,1,0,0,0
27091,0,1,0,0,0
27092,0,1,0,0,0
27093,0,1,0,0,0
27094,0,1,0,0,0
27095,0,1,0,0,0
27096,0,1,0,0,0
27097,0,1,0,0,0
27098,0,1,0,0,0
27099,0,1,0,0,0
27100,0,1,0,0,0
27101,0,1,0,0,0
27102,0,1,0,0,0
27103,0,1,0,0,0
27104,0,1,0,0,0
27105,0,1,0,0,0
27106,0,1,0,0,0
27107,0,1,0,0,0
27108,0,1,0,0,0
27109,0,1,0,0,0
27110,0,1,0,0,0
27111,0,1,0,0,0
27112,0,1,0,0,0
27113,0,1,0,0,0
27114,0,1,0,0,0
27115,0,1,0,0,0
27116,0,1,0,0,0
27117,0,1,0,0,0
27118,0,1,0,0,0
27119,0,1,0,0,0
27120,0,1,0,0,0
27121,0,1,0,0,0
27122,0,1,0,0,0
27123,0,1,0,0,0
27124,0,1,0,0,0
27125,0,1,0,0,0
27126,0,1,0,0,0
27127,0,1,0,0,0
27128,0,1,0,0,0
27129,0,1,0,0,0
27130,0,1,0,0,0
27131,0,1,0,0,0
27132,0,1,0,0,0
27133,0,1,0,0,0
27134,0,1,0,0,0
27135,0,1,0,0,0
27136,0,1,0,0,0
27137,0,1,0,0,0
27138,0,1,0,0,0
27139,0,1,0,0,0
27140,0,1,0,0,0
27141,0,1,0,0,0
27142,0,1,0,0,0
27143,0,1,0,0,0
27144,0,1,0,0,0
27145,0,1,0,0,0
27146,0,1,0,0,0
27147,0,1,0,0,0
27148,1,0,0,0,0
27149,1,0,0,0,0
27150,1,0,0,0,0
27151,1,0,0,0,0
27152,1,0,0,0,0
27153,1,0,0,0,0
27154,1,0,0,0,0
27155,1,0,0,0,0
27156,1,0,0,0,0
27157,1,0,0,0,0
27158,1,0,0,0,0
27159,1,0,0,0,0
27160,1,0,0,0,0
27161,1,0,0,0,0
27162,1,0,0,0,0
27163,1,0,0,0,0
27164,1,0,0,0,0
27165,1,0,0,0,0
27166,1,0,0,0,0
27167,1,0,0,0,0
27168,1,0,0,0,0
27169,1,0,0,0,0
27170,1,0,0,0,0
27171,1,0,0,0,0
27172,1,0,0,0,0
27173,1,0,0,0,0
27174,1,0,0,0,0
27175,1,0,0,0,0
27176,1,0,0,0,0
27177,1,0,0,0,0
27178,1,0,0,0,0
27179,1,0,0,0,0
27180,1,0,0,0,0
27181,1,0,0,0,0
27182,1,0,0,0,0
27183,1,0,0,0,0
27184,1,0,0,0,0
27185,1,0,0,0,0
27186,1,0,0,0,0
27187,1,0,0,0,0
27188,1,0,0,0,0
27189,1,0,0,0,0
27190,1,0,0,0,0
27191,1,0,0,0,0
27192,1,0,0,0,0
27193,1,0,0,0,0
27194,1,0,0,0,0
27195,1,0,0,0,0
27196,1,0,0,0,0
27197,1,0,0,0,0
27198,1,0,0,0,0
27199,1,0,0,0,0
27200,1,0,0,0,0
27201,1,0,0,0,0
27202,1,0,0,0,0
27203,1,0,0,0,0
27204,1,0,0,0,0
27205,1,0,0,0,0
27206,1,0,0,0,0
27207,1,0,0,0,0
27208,1,0,0,0,0
27209,1,0,0,0,0
27210,1,0,0,0,0
27211,1,0,0,0,0
27212,1,0,0,0,0
27213,1,0,0,0,0
27214,1,0,0,0,0
27215,1,0,0,0,0
27216,1,0,0,0,0
27217,1,0,0,0,0
27218,1,0,0,0,0
27219,1,0,0,0,0
27220,1,0,0,0,0
27221,1,0,0,0,0
27222,1,0,0,0,0
27223,1,0,0,0,0
27224,1,0,0,0,0
27225,1,0,0,0,0
27226,1,0,0,0,0
27227,1,0,0,0,0
27228,1,0,0,0,0
27229,1,0,0,0,0
27230,1,0,0,0,0
27231,1,0,0,0,0
27232,1,0,0,0,0
27233,1,0,0,0,0
27234,1,0,0,0,0
27235,1,0,0,0,0
27236,1,0,0,0,0
27237,1,0,0,0,0
27238,1,0,0,0,0
27239,1,0,0,0,0
27240,1,0,0,0,0
27241,1,0,0,0,0
27242,1,0,0,0,0
27243,1,0,0,0,0
27244,1,0,0,0,0
27245,1,0,0,0,0
27246,1,0,0,0,0
27247,1,0,0,0,0
27248,1,0,0,0,0
27249,1,0,0,0,0
27250,1,0,0,0,0
27251,1,0,0,0,0
27252,1,0,0,0,0
27253,1,0,0,0,0
27254,1,0,0,0,0
27255,1,0,0,0,0
27256,1,0,0,0,0
27257,1,0,0,0,0
27258,1,0,0,0,0
27259,1,0,0,0,0
27260,1,0,0,0,0
27261,1,0,0,0,0
27262,1,0,0,0,0
27263,1,0,0,0,0
27264,1,0,0,0,0
27265,1,0,0,0,0
27266,1,0,0,0,0
27267,1,0,0,0,0
27268,1,0,0,0,0
27269,1,0,0,0,0
27270,1,0,0,0,0
27271,1,0,0,0,0
27272,1,0,0,0,0
27273,1,0,0,0,0
27274,1,0,0,0,0
27275,1,0,0,0,0
27276,1,0,0,0,0
27277,1,0,0,0,0
27278,1,0,0,0,0
27279,1,0,0,0,0
27280,1,0,0,0,0
27281,1,0,0,0,0
27282,1,0,0,0,0
27283,1,0,0,0,0
27284,1,0,0,0,0
27285,1,0,0,0,0
27286,1,0,0,0,0
27287,1,0,0,0,0
27288,1,0,0,0,0
27289,1,0,0,0,0
27290,1,0,0,0,0
27291,1,0,0,0,0
27292,1,0,0,0,0
27293,1,0,0,0,0
27294,1,0,0,0,0
27295,1,0,0,0,0
27296,1,0,0,0,0
27297,1,0,0,0,0
27298,1,0,0,0,0
27299,1,0,0,0,0
27300,1,0,0,0,0
27301,0,0,0,0,1
27302,0,0,0,0,1
27303,0,0,0,0,1
27304,0,0,0,0,1
27305,0,0,0,0,1
27306,0,0,0,0,1
27307,0,0,0,0,1
27308,0,0,0,0,1
27309,0,0,0,0,1
27310,0,0,0,0,1
27311,0,0,0,0,1
27312,0,0,0,0,1
27313,0,0,0,0,1
27314,0,0,0,0,1
27315,0,0,0,0,1
27316,0,0,0,0,1
27317,0,0,0,0,1
27318,0,0,0,0,1
27319,0,0,0,0,1
27320,0,0,0,0,1
27321,0,0,0,0,1
27322,0,0,0,0,1
27323,0,0,0,0,1
27324,0,0,0,0,1
27325,0,0,0,0,1
27326,0,0,0,0,1
27327,0,0,0,0,1
27328,0,0,0,0,1
27329,0,0,0,0,1
27330,0,0,0,0,1
27331,0,0,0,0,1
27332,0,0,0,0,1
27333,0,0,0,0,1
27334,0,0,0,0,1
27335,0,0,0,0,1
27336,0,0,0,0,1
27337,0,0,0,0,1
27338,0,0,0,0,1
27339,0,0,0,0,1
27340,0,0,0,0,1
27341,0,0,0,0,1
27342,0,0,0,0,1
27343,0,0,0,0,1
27344,0,0,0,0,1
27345,0,0,0,0,1
27346,0,0,0,0,1
27347,0,0,0,0,1
27348,0,0,0,0,1
27349,1,0,0,0,0
27350,1,0,0,0,0
27351,1,0,0,0,0
27352,1,0,0,0,0
27353,1,0,0,0,0
27354,1,0,0,0,0
27355,1,0,0,0,0
27356,1,0,0,0,0
27357,1,0,0,0,0
27358,1,0,0,0,0
27359,1,0,0,0,0
27360,1,0,0,0,0
27361,1,0,0,0,0
27362,1,0,0,0,0
27363,1,0,0,0,0
27364,1,0,0,0,0
27365,1,0,0,0,0
27366,1,0,0,0,0
27367,1,0,0,0,0
27368,1,0,0,0,0
27369,1,0,0,0,0
27370,1,0,0,0,0
27371,1,0,0,0,0
27372,1,0,0,0,0
27373,1,0,0,0,0
27374,1,0,0,0,0
27375,1,0,0,0,0
27376,1,0,0,0,0
27377,1,0,0,0,0
27378,1,0,0,0,0
27379,1,0,0,0,0
27380,1,0,0,0,0
27381,1,0,0,0,0
27382,1,0,0,0,0
27383,1,0,0,0,0
27384,1,0,0,0,0
27385,1,0,0,0,0
27386,1,0,0,0,0
27387,1,0,0,0,0
27388,1,0,0,0,0
27389,1,0,0,0,0
27390,1,0,0,0,0
27391,1,0,0,0,0
27392,1,0,0,0,0
27393,1,0,0,0,0
27394,1,0,0,0,0
27395,1,0,0,0,0
27396,1,0,0,0,0
27397,1,0,0,0,0
27398,1,0,0,0,0
27399,1,0,0,0,0
27400,1,0,0,0,0
27401,1,0,0,0,0
27402,1,0,0,0,0
27403,1,0,0,0,0
27404,1,0,0,0,0
27405,1,0,0,0,0
27406,1,0,0,0,0
27407,1,0,0,0,0
27408,1,0,0,0,0
27409,1,0,0,0,0
27410,1,0,0,0,0
27411,1,0,0,0,0
27412,1,0,0,0,0
27413,1,0,0,0,0
27414,1,0,0,0,0
27415,1,0,0,0,0
27416,1,0,0,0,0
27417,1,0,0,0,0
27418,1,0,0,0,0
27419,1,0,0,0,0
27420,1,0,0,0,0
27421,1,0,0,0,0
27422,1,0,0,0,0
27423,1,0,0,0,0
27424,1,0,0,0,0
27425,1,0,0,0,0
27426,1,0,0,0,0
27427,1,0,0,0,0
27428,1,0,0,0,0
27429,1,0,0,0,0
27430,1,0,0,0,0
27431,1,0,0,0,0
27432,1,0,0,0,0
27433,1,0,0,0,0
27434,1,0,0,0,0
27435,1,0,0,0,0
27436,1,0,0,0,0
27437,1,0,0,0,0
27438,1,0,0,0,0
27439,1,0,0,0,0
27440,1,0,0,0,0
27441,1,0,0,0,0
27442,1,0,0,0,0
27443,1,0,0,0,0
27444,1,0,0,0,0
27445,1,0,0,0,0
27446,1,0,0,0,0
27447,1,0,0,0,0
27448,1,0,0,0,0
27449,1,0,0,0,0
27450,1,0,0,0,0
27451,1,0,0,0,0
27452,1,0,0,0,0
27453,1,0,0,0,0
27454,1,0,0,0,0
27455,1,0,0,0,0
27456,1,0,0,0,0
27457,1,0,0,0,0
27458,1,0,0,0,0
27459,1,0,0,0,0
27460,1,0,0,0,0
27461,1,0,0,0,0
27462,1,0,0,0,0
27463,1,0,0,0,0
27464,1,0,0,0,0
27465,1,0,0,0,0
27466,1,0,0,0,0
27467,1,0,0,0,0
27468,1,0,0,0,0
27469,1,0,0,0,0
27470,1,0,0,0,0
27471,1,0,0,0,0
27472,1,0,0,0,0
27473,1,0,0,0,0
27474,1,0,0,0,0
27475,1,0,0,0,0
27476,1,0,0,0,0
27477,1,0,0,0,0
27478,1,0,0,0,0
27479,1,0,0,0,0
27480,1,0,0,0,0
27481,1,0,0,0,0
27482,1,0,0,0,0
27483,1,0,0,0,0
27484,1,0,0,0,0
27485,1,0,0,0,0
27486,1,0,0,0,0
27487,1,0,0,0,0
27488,1,0,0,0,0
27489,1,0,0,0,0
27490,1,0,0,0,0
27491,1,0,0,0,0
27492,1,0,0,0,0
27493,1,0,0,0,0
27494,1,0,0,0,0
27495,1,0,0,0,0
27496,1,0,0,0,0
27497,1,0,0,0,0
27498,1,0,0,0,0
27499,1,0,0,0,0
27500,1,0,0,0,0
27501,1,0,0,0,0
27502,1,0,0,0,0
27503,1,0,0,0,0
27504,1,0,0,0,0
27505,1,0,0,0,0
27506,1,0,0,0,0
27507,0,0,0,0,1
27508,0,0,0,0,1
27509,0,0,0,0,1
27510,0,0,0,0,1
27511,0,0,0,0,1
27512,0,0,0,0,1
27513,0,0,0,0,1
27514,0,0,0,0,1
27515,0,0,0,0,1
27516,0,0,0,0,1
27517,0,0,0,0,1
27518,0,0,0,0,1
27519,0,0,0,0,1
27520,0,0,0,0,1
27521,0,0,0,0,1
27522,0,0,0,0,1
27523,0,0,0,0,1
27524,0,0,0,0,1
27525,0,0,0,0,1
27526,0,0,0,0,1
27527,0,0,0,0,1
27528,0,0,0,0,1
27529,0,0,0,0,1
27530,0,0,0,0,1
27531,0,0,0,0,1
27532,0,0,0,0,1
27533,0,0,0,0,1
27534,0,0,0,0,1
27535,0,0,0,0,1
27536,0,0,0,0,1
27537,0,0,0,0,1
27538,0,0,0,0,1
27539,0,0,0,0,1
27540,1,0,0,0,0
27541,1,0,0,0,0
27542,1,0,0,0,0
27543,1,0,0,0,0
27544,1,0,0,0,0
27545,1,0,0,0,0
27546,1,0,0,0,0
27547,1,0,0,0,0
27548,1,0,0,0,0
27549,1,0,0,0,0
27550,1,0,0,0,0
27551,1,0,0,0,0
27552,1,0,0,0,0
27553,1,0,0,0,0
27554,1,0,0,0,0
27555,1,0,0,0,0
27556,1,0,0,0,0
27557,1,0,0,0,0
27558,1,0,0,0,0
27559,1,0,0,0,0
27560,1,0,0,0,0
27561,1,0,0,0,0
27562,1,0,0,0,0
27563,1,0,0,0,0
27564,1,0,0,0,0
27565,1,0,0,0,0
27566,1,0,0,0,0
27567,1,0,0,0,0
27568,1,0,0,0,0
27569,1,0,0,0,0
27570,1,0,0,0,0
27571,1,0,0,0,0
27572,1,0,0,0,0
27573,1,0,0,0,0
27574,1,0,0,0,0
27575,1,0,0,0,0
27576,1,0,0,0,0
27577,1,0,0,0,0
27578,1,0,0,0,0
27579,1,0,0,0,0
27580,1,0,0,0,0
27581,1,0,0,0,0
27582,1,0,0,0,0
27583,1,0,0,0,0
27584,1,0,0,0,0
27585,1,0,0,0,0
27586,1,0,0,0,0
27587,1,0,0,0,0
27588,1,0,0,0,0
27589,1,0,0,0,0
27590,1,0,0,0,0
27591,1,0,0,0,0
27592,1,0,0,0,0
27593,1,0,0,0,0
27594,1,0,0,0,0
27595,1,0,0,0,0
27596,1,0,0,0,0
27597,1,0,0,0,0
27598,1,0,0,0,0
27599,1,0,0,0,0
27600,1,0,0,0,0
27601,1,0,0,0,0
27602,1,0,0,0,0
27603,1,0,0,0,0
27604,1,0,0,0,0
27605,1,0,0,0,0
27606,1,0,0,0,0
27607,1,0,0,0,0
27608,1,0,0,0,0
27609,1,0,0,0,0
27610,1,0,0,0,0
27611,1,0,0,0,0
27612,1,0,0,0,0
27613,1,0,0,0,0
27614,1,0,0,0,0
27615,1,0,0,0,0
27616,1,0,0,0,0
27617,1,0,0,0,0
27618,1,0,0,0,0
27619,1,0,0,0,0
27620,1,0,0,0,0
27621,1,0,0,0,0
27622,1,0,0,0,0
27623,1,0,0,0,0
27624,1,0,0,0,0
27625,1,0,0,0,0
27626,1,0,0,0,0
27627,1,0,0,0,0
27628,1,0,0,0,0
27629,1,0,0,0,0
27630,1,0,0,0,0
27631,1,0,0,0,0
27632,1,0,0,0,0
27633,1,0,0,0,0
27634,1,0,0,0,0
27635,1,0,0,0,0
27636,1,0,0,0,0
27637,1,0,0,0,0
27638,1,0,0,0,0
27639,1,0,0,0,0
27640,1,0,0,0,0
27641,1,0,0,0,0
27642,1,0,0,0,0
27643,1,0,0,0,0
27644,1,0,0,0,0
27645,1,0,0,0,0
27646,1,0,0,0,0
27647,1,0,0,0,0
27648,1,0,0,0,0
27649,1,0,0,0,0
27650,1,0,0,0,0
27651,1,0,0,0,0
27652,1,0,0,0,0
27653,1,0,0,0,0
27654,1,0,0,0,0
27655,1,0,0,0,0
27656,1,0,0,0,0
27657,1,0,0,0,0
27658,1,0,0,0,0
27659,1,0,0,0,0
27660,1,0,0,0,0
27661,1,0,0,0,0
27662,1,0,0,0,0
27663,1,0,0,0,0
27664,1,0,0,0,0
27665,1,0,0,0,0
27666,1,0,0,0,0
27667,1,0,0,0,0
27668,1,0,0,0,0
27669,1,0,0,0,0
27670,1,0,0,0,0
27671,1,0,0,0,0
27672,1,0,0,0,0
27673,1,0,0,0,0
27674,1,0,0,0,0
27675,1,0,0,0,0
27676,1,0,0,0,0
27677,1,0,0,0,0
27678,1,0,0,0,0
27679,1,0,0,0,0
27680,1,0,0,0,0
27681,1,0,0,0,0
27682,1,0,0,0,0
27683,1,0,0,0,0
27684,1,0,0,0,0
27685,1,0,0,0,0
27686,1,0,0,0,0
27687,1,0,0,0,0
27688,1,0,0,0,0
27689,1,0,0,0,0
27690,1,0,0,0,0
27691,1,0,0,0,0
27692,1,0,0,0,0
27693,1,0,0,0,0
27694,1,0,0,0,0
27695,1,0,0,0,0
27696,1,0,0,0,0
27697,1,0,0,0,0
27698,1,0,0,0,0
27699,1,0,0,0,0
27700,1,0,0,0,0
27701,1,0,0,0,0
27702,1,0,0,0,0
27703,1,0,0,0,0
27704,1,0,0,0,0
27705,1,0,0,0,0
27706,1,0,0,0,0
27707,1,0,0,0,0
27708,0,0,0,0,1
27709,0,0,0,0,1
27710,0,0,0,0,1
27711,0,0,0,0,1
27712,0,0,0,0,1
27713,0,0,0,0,1
27714,0,0,0,0,1
27715,0,0,0,0,1
27716,0,0,0,0,1
27717,0,0,0,0,1
27718,0,0,0,0,1
27719,0,0,0,0,1
27720,0,0,0,0,1
27721,0,0,0,0,1
27722,0,0,0,0,1
27723,0,0,0,0,1
27724,0,0,0,0,1
27725,0,0,0,0,1
27726,0,0,0,0,1
27727,0,0,0,0,1
27728,0,0,0,0,1
27729,0,0,0,0,1
27730,0,0,0,0,1
27731,0,0,0,0,1
27732,0,0,0,0,1
27733,0,0,0,0,1
27734,0,0,0,0,1
27735,0,0,0,0,1
27736,0,0,0,0,1
27737,0,0,0,0,1
27738,0,0,0,0,1
27739,0,0,0,0,1
27740,0,0,0,0,1
27741,0,0,0,0,1
27742,0,0,0,0,1
27743,0,0,0,0,1
27744,0,0,0,0,1
27745,0,0,0,0,1
27746,0,0,0,0,1
27747,0,0,0,0,1
27748,0,0,0,0,1
27749,0,0,0,0,1
27750,0,0,0,0,1
27751,0,0,0,0,1
27752,0,0,0,0,1
27753,0,0,0,0,1
27754,0,0,0,0,1
27755,0,0,0,0,1
27756,0,0,0,0,1
27757,0,0,0,0,1
27758,0,0,0,0,1
27759,0,0,0,0,1
27760,0,0,0,0,1
27761,0,0,0,0,1
27762,0,0,0,0,1
27763,0,0,0,0,1
27764,0,0,0,0,1
27765,0,0,0,0,1
27766,0,0,0,0,1
27767,1,0,0,0,0
27768,1,0,0,0,0
27769,1,0,0,0,0
27770,1,0,0,0,0
27771,1,0,0,0,0
27772,1,0,0,0,0
27773,1,0,0,0,0
27774,1,0,0,0,0
27775,1,0,0,0,0
27776,1,0,0,0,0
27777,1,0,0,0,0
27778,0,0,0,0,1
27779,0,0,0,0,1
27780,0,0,0,0,1
27781,0,0,0,0,1
27782,0,0,0,0,1
27783,0,0,0,0,1
27784,0,0,0,0,1
27785,0,0,0,0,1
27786,0,0,0,0,1
27787,0,0,0,0,1
27788,0,0,0,0,1
27789,0,0,0,0,1
27790,0,0,0,0,1
27791,0,0,0,0,1
27792,0,0,0,0,1
27793,0,0,0,0,1
27794,0,0,0,0,1
27795,0,0,0,0,1
27796,0,0,0,0,1
27797,0,0,0,0,1
27798,0,0,0,0,1
27799,0,0,0,0,1
27800,0,0,0,0,1
27801,0,0,0,0,1
27802,0,0,0,0,1
27803,0,0,0,0,1
27804,0,0,0,0,1
27805,0,0,0,0,1
27806,0,0,0,0,1
27807,0,0,0,0,1
27808,0,0,0,0,1
27809,0,0,0,0,1
27810,0,0,0,0,1
27811,0,0,0,0,1
27812,0,0,0,0,1
27813,0,0,0,0,1
27814,0,0,0,0,1
27815,0,0,0,0,1
27816,0,0,0,0,1
27817,0,0,0,0,1
27818,0,0,0,0,1
27819,0,0,0,0,1
27820,0,0,0,0,1
27821,0,0,0,0,1
27822,0,0,0,0,1
27823,0,0,0,0,1
27824,0,0,0,0,1
27825,0,0,0,0,1
27826,0,0,0,0,1
27827,0,0,0,0,1
27828,0,0,0,0,1
27829,0,0,0,0,1
27830,0,0,0,0,1
27831,0,0,0,0,1
27832,0,0,0,0,1
27833,0,0,0,0,1
27834,0,0,0,0,1
27835,0,0,0,0,1
27836,0,0,0,0,1
27837,0,0,0,0,1
27838,0,0,0,0,1
27839,0,0,0,0,1
27840,0,0,0,0,1
27841,0,0,0,0,1
27842,0,0,0,0,1
27843,0,0,0,0,1
27844,0,0,0,0,1
27845,0,0,0,0,1
27846,0,0,0,0,1
27847,0,0,0,0,1
27848,0,0,0,0,1
27849,0,0,0,0,1
27850,0,0,0,0,1
27851,0,0,0,0,1
27852,0,0,0,0,1
27853,0,0,0,0,1
27854,0,0,0,0,1
27855,0,0,0,0,1
27856,0,0,0,0,1
27857,0,0,0,0,1
27858,0,0,0,0,1
27859,0,0,0,0,1
27860,0,0,0,0,1
27861,0,0,0,0,1
27862,0,0,0,0,1
27863,0,0,0,0,1
27864,0,0,0,0,1
27865,0,0,0,0,1
27866,0,0,0,0,1
27867,0,0,0,0,1
27868,0,0,0,0,1
27869,0,0,0,0,1
27870,0,0,0,0,1
27871,0,0,0,0,1
27872,0,0,0,0,1
27873,0,0,0,0,1
27874,0,0,0,0,1
27875,0,0,0,0,1
27876,0,0,0,0,1
27877,0,0,0,0,1
27878,0,0,0,0,1
27879,0,0,0,0,1
27880,0,0,0,0,1
27881,0,0,0,0,1
27882,0,0,0,0,1
27883,0,0,0,0,1
27884,0,0,0,0,1
27885,0,0,0,0,1
27886,0,0,0,0,1
27887,0,0,0,0,1
27888,0,0,0,0,1
27889,0,0,0,0,1
27890,0,0,0,0,1
27891,0,0,0,0,1
27892,0,0,0,0,1
27893,0,0,0,0,1
27894,0,0,0,0,1
27895,0,0,0,0,1
27896,0,0,0,0,1
27897,0,0,0,0,1
27898,0,0,0,0,1
27899,0,0,0,0,1
27900,0,0,0,0,1
27901,0,0,0,0,1
27902,0,0,0,0,1
27903,0,0,0,0,1
27904,0,0,0,0,1
27905,0,0,0,0,1
27906,0,0,0,0,1
27907,0,0,0,0,1
27908,0,0,0,0,1
27909,0,0,0,0,1
27910,0,0,0,0,1
27911,0,0,0,0,1
27912,0,0,0,0,1
27913,0,0,0,0,1
27914,0,0,0,0,1
27915,0,0,0,0,1
27916,0,0,0,0,1
27917,0,0,0,0,1
27918,0,0,0,0,1
27919,0,0,0,0,1
27920,0,0,0,0,1
27921,0,0,0,0,1
27922,0,0,0,0,1
27923,0,0,0,0,1
27924,0,0,0,0,1
27925,0,0,0,0,1
27926,0,0,0,0,1
27927,0,0,0,0,1
27928,0,0,0,0,1
27929,0,0,0,0,1
27930,1,0,0,0,0
27931,1,0,0,0,0
27932,1,0,0,0,0
27933,1,0,0,0,0
27934,1,0,0,0,0
27935,1,0,0,0,0
27936,1,0,0,0,0
27937,1,0,0,0,0
27938,1,0,0,0,0
27939,1,0,0,0,0
27940,1,0,0,0,0
27941,1,0,0,0,0
27942,1,0,0,0,0
27943,1,0,0,0,0
27944,1,0,0,0,0
27945,1,0,0,0,0
27946,1,0,0,0,0
27947,1,0,0,0,0
27948,1,0,0,0,0
27949,1,0,0,0,0
27950,1,0,0,0,0
27951,1,0,0,0,0
27952,1,0,0,0,0
27953,1,0,0,0,0
27954,1,0,0,0,0
27955,1,0,0,0,0
27956,1,0,0,0,0
27957,0,0,0,0,1
27958,0,0,0,0,1
27959,0,0,0,0,1
27960,0,0,0,0,1
27961,0,0,0,0,1
27962,0,0,0,0,1
27963,0,0,0,0,1
27964,0,0,0,0,1
27965,0,0,0,0,1
27966,0,0,0,0,1
27967,0,0,0,0,1
27968,0,0,0,0,1
27969,0,0,0,0,1
27970,0,0,0,0,1
27971,0,0,0,0,1
27972,0,0,0,0,1
27973,0,0,0,0,1
27974,0,0,0,0,1
27975,0,0,0,0,1
27976,0,0,0,0,1
27977,0,0,0,0,1
27978,0,0,0,0,1
27979,0,0,0,0,1
27980,0,0,0,0,1
27981,0,0,0,0,1
27982,0,0,0,0,1
27983,0,0,0,0,1
27984,0,0,0,0,1
27985,0,0,0,0,1
27986,0,0,0,0,1
27987,0,0,0,0,1
27988,0,0,0,0,1
27989,0,0,0,0,1
27990,0,0,0,0,1
27991,0,0,0,0,1
27992,1,0,0,0,0
27993,1,0,0,0,0
27994,1,0,0,0,0
27995,1,0,0,0,0
27996,1,0,0,0,0
27997,1,0,0,0,0
27998,1,0,0,0,0
27999,1,0,0,0,0
28000,1,0,0,0,0
28001,1,0,0,0,0
28002,1,0,0,0,0
28003,1,0,0,0,0
28004,1,0,0,0,0
28005,1,0,0,0,0
28006,1,0,0,0,0
28007,1,0,0,0,0
28008,1,0,0,0,0
28009,1,0,0,0,0
28010,1,0,0,0,0
28011,1,0,0,0,0
28012,1,0,0,0,0
28013,0,0,0,0,1
28014,0,0,0,0,1
28015,0,0,0,0,1
28016,0,0,0,0,1
28017,0,0,0,0,1
28018,0,0,0,0,1
28019,0,0,0,0,1
28020,0,0,0,0,1
28021,0,0,0,0,1
28022,0,0,0,0,1
28023,0,0,0,0,1
28024,0,0,0,0,1
28025,0,0,0,0,1
28026,0,0,0,0,1
28027,0,0,0,0,1
28028,0,0,0,0,1
28029,0,0,0,0,1
28030,0,0,0,0,1
28031,0,0,0,0,1
28032,0,0,0,0,1
28033,0,0,0,0,1
28034,0,0,0,0,1
28035,0,0,0,0,1
28036,0,0,0,0,1
28037,0,0,0,0,1
28038,0,0,0,0,1
28039,0,0,0,0,1
28040,0,0,0,0,1
28041,0,0,0,0,1
28042,0,0,0,0,1
28043,0,0,0,0,1
28044,0,0,0,0,1
28045,0,0,0,0,1
28046,0,0,0,0,1
28047,0,0,0,0,1
28048,0,0,0,0,1
28049,0,0,0,0,1
28050,0,0,0,0,1
28051,0,0,0,0,1
28052,0,0,0,0,1
28053,0,0,0,0,1
28054,0,0,0,0,1
28055,0,0,0,0,1
28056,0,0,0,0,1
28057,0,0,0,0,1
28058,0,0,0,0,1
28059,0,0,0,0,1
28060,0,0,0,0,1
28061,0,0,0,0,1
28062,0,0,0,0,1
28063,0,0,0,0,1
28064,0,0,0,0,1
28065,0,0,0,0,1
28066,0,0,0,0,1
28067,0,0,0,0,1
28068,0,0,0,0,1
28069,0,0,0,0,1
28070,0,0,0,0,1
28071,0,0,0,0,1
28072,0,0,0,0,1
28073,0,0,0,0,1
28074,0,0,0,0,1
28075,0,0,0,0,1
28076,0,0,0,0,1
28077,0,0,0,0,1
28078,0,0,0,0,1
28079,0,0,0,0,1
28080,0,0,0,0,1
28081,0,0,0,0,1
28082,0,0,0,0,1
28083,0,0,0,0,1
28084,0,0,0,0,1
28085,0,0,0,0,1
28086,0,0,0,0,1
28087,0,0,0,0,1
28088,0,0,0,0,1
28089,0,0,0,0,1
28090,0,0,0,0,1
28091,0,0,0,0,1
28092,0,0,0,0,1
28093,0,0,0,0,1
28094,0,0,0,0,1
28095,0,0,0,0,1
28096,0,0,0,0,1
28097,0,0,0,0,1
28098,0,0,0,0,1
28099,0,0,0,0,1
28100,0,0,0,0,1
28101,0,0,0,0,1
28102,0,0,0,0,1
28103,0,0,0,0,1
28104,0,0,0,0,1
28105,0,0,0,0,1
28106,0,0,0,0,1
28107,0,0,0,0,1
28108,0,0,0,0,1
28109,0,0,0,0,1
28110,0,0,0,0,1
28111,0,0,0,0,1
28112,0,0,0,0,1
28113,0,0,0,0,1
28114,0,0,0,0,1
28115,0,0,0,0,1
28116,0,0,0,0,1
28117,0,0,0,0,1
28118,0,0,0,0,1
28119,0,0,0,0,1
28120,0,0,0,0,1
28121,1,0,0,0,0
28122,1,0,0,0,0
28123,1,0,0,0,0
28124,1,0,0,0,0
28125,1,0,0,0,0
28126,1,0,0,0,0
28127,1,0,0,0,0
28128,1,0,0,0,0
28129,0,1,0,0,0
28130,0,1,0,0,0
28131,0,1,0,0,0
28132,0,1,0,0,0
28133,0,1,0,0,0
28134,0,1,0,0,0
28135,0,1,0,0,0
28136,0,1,0,0,0
28137,0,1,0,0,0
28138,0,1,0,0,0
28139,0,1,0,0,0
28140,0,1,0,0,0
28141,0,1,0,0,0
28142,0,1,0,0,0
28143,0,1,0,0,0
28144,0,1,0,0,0
28145,0,1,0,0,0
28146,0,1,0,0,0
28147,0,1,0,0,0
28148,0,1,0,0,0
28149,0,1,0,0,0
28150,0,1,0,0,0
28151,0,1,0,0,0
28152,0,1,0,0,0
28153,0,1,0,0,0
28154,0,1,0,0,0
28155,0,1,0,0,0
28156,0,1,0,0,0
28157,0,1,0,0,0
28158,0,1,0,0,0
28159,0,1,0,0,0
28160,0,1,0,0,0
28161,0,1,0,0,0
28162,0,1,0,0,0
28163,0,1,0,0,0
28164,0,1,0,0,0
28165,0,1,0,0,0
28166,0,1,0,0,0
28167,0,1,0,0,0
28168,0,1,0,0,0
28169,0,1,0,0,0
28170,0,1,0,0,0
28171,0,1,0,0,0
28172,0,1,0,0,0
28173,0,1,0,0,0
28174,0,1,0,0,0
28175,0,1,0,0,0
28176,0,1,0,0,0
28177,0,1,0,0,0
28178,0,1,0,0,0
28179,0,1,0,0,0
28180,0,1,0,0,0
28181,0,1,0,0,0
28182,0,1,0,0,0
28183,0,1,0,0,0
28184,0,1,0,0,0
28185,0,1,0,0,0
28186,0,1,0,0,0
28187,0,1,0,0,0
28188,0,1,0,0,0
28189,0,1,0,0,0
28190,0,1,0,0,0
28191,0,1,0,0,0
28192,1,0,0,0,0
28193,1,0,0,0,0
28194,1,0,0,0,0
28195,1,0,0,0,0
28196,1,0,0,0,0
28197,1,0,0,0,0
28198,1,0,0,0,0
28199,1,0,0,0,0
28200,1,0,0,0,0
28201,1,0,0,0,0
28202,1,0,0,0,0
28203,1,0,0,0,0
28204,1,0,0,0,0
28205,1,0,0,0,0
28206,1,0,0,0,0
28207,1,0,0,0,0
28208,1,0,0,0,0
28209,1,0,0,0,0
28210,1,0,0,0,0
28211,1,0,0,0,0
28212,1,0,0,0,0
28213,1,0,0,0,0
28214,1,0,0,0,0
28215,1,0,0,0,0
28216,1,0,0,0,0
28217,1,0,0,0,0
28218,1,0,0,0,0
28219,1,0,0,0,0
28220,1,0,0,0,0
28221,1,0,0,0,0
28222,1,0,0,0,0
28223,1,0,0,0,0
28224,1,0,0,0,0
28225,1,0,0,0,0
28226,1,0,0,0,0
28227,1,0,0,0,0
28228,1,0,0,0,0
28229,1,0,0,0,0
28230,1,0,0,0,0
28231,1,0,0,0,0
28232,1,0,0,0,0
28233,1,0,0,0,0
28234,1,0,0,0,0
28235,1,0,0,0,0
28236,1,0,0,0,0
28237,1,0,0,0,0
28238,1,0,0,0,0
28239,1,0,0,0,0
28240,1,0,0,0,0
28241,1,0,0,0,0
28242,1,0,0,0,0
28243,1,0,0,0,0
28244,1,0,0,0,0
28245,1,0,0,0,0
28246,1,0,0,0,0
28247,1,0,0,0,0
28248,1,0,0,0,0
28249,1,0,0,0,0
28250,1,0,0,0,0
28251,1,0,0,0,0
28252,1,0,0,0,0
28253,1,0,0,0,0
28254,1,0,0,0,0
28255,1,0,0,0,0
28256,1,0,0,0,0
28257,1,0,0,0,0
28258,1,0,0,0,0
28259,1,0,0,0,0
28260,1,0,0,0,0
28261,1,0,0,0,0
28262,1,0,0,0,0
28263,1,0,0,0,0
28264,1,0,0,0,0
28265,1,0,0,0,0
28266,1,0,0,0,0
28267,1,0,0,0,0
28268,1,0,0,0,0
28269,1,0,0,0,0
28270,1,0,0,0,0
28271,1,0,0,0,0
28272,1,0,0,0,0
28273,1,0,0,0,0
28274,1,0,0,0,0
28275,1,0,0,0,0
28276,1,0,0,0,0
28277,1,0,0,0,0
28278,1,0,0,0,0
28279,1,0,0,0,0
28280,1,0,0,0,0
28281,1,0,0,0,0
28282,1,0,0,0,0
28283,1,0,0,0,0
28284,1,0,0,0,0
28285,1,0,0,0,0
28286,1,0,0,0,0
28287,1,0,0,0,0
28288,1,0,0,0,0
28289,1,0,0,0,0
28290,1,0,0,0,0
28291,1,0,0,0,0
28292,1,0,0,0,0
28293,1,0,0,0,0
28294,1,0,0,0,0
28295,1,0,0,0,0
28296,1,0,0,0,0
28297,1,0,0,0,0
28298,1,0,0,0,0
28299,1,0,0,0,0
28300,1,0,0,0,0
28301,1,0,0,0,0
28302,1,0,0,0,0
28303,1,0,0,0,0
28304,1,0,0,0,0
28305,1,0,0,0,0
28306,1,0,0,0,0
28307,1,0,0,0,0
28308,1,0,0,0,0
28309,1,0,0,0,0
28310,1,0,0,0,0
28311,1,0,0,0,0
28312,1,0,0,0,0
28313,1,0,0,0,0
28314,1,0,0,0,0
28315,1,0,0,0,0
28316,1,0,0,0,0
28317,1,0,0,0,0
28318,1,0,0,0,0
28319,1,0,0,0,0
28320,1,0,0,0,0
28321,1,0,0,0,0
28322,1,0,0,0,0
28323,1,0,0,0,0
28324,1,0,0,0,0
28325,1,0,0,0,0
28326,1,0,0,0,0
28327,1,0,0,0,0
28328,1,0,0,0,0
28329,1,0,0,0,0
28330,1,0,0,0,0
28331,1,0,0,0,0
28332,1,0,0,0,0
28333,1,0,0,0,0
28334,1,0,0,0,0
28335,1,0,0,0,0
28336,1,0,0,0,0
28337,1,0,0,0,0
28338,1,0,0,0,0
28339,1,0,0,0,0
28340,1,0,0,0,0
28341,1,0,0,0,0
28342,1,0,0,0,0
28343,1,0,0,0,0
28344,1,0,0,0,0
28345,1,0,0,0,0
28346,1,0,0,0,0
28347,1,0,0,0,0
28348,1,0,0,0,0
28349,1,0,0,0,0
28350,1,0,0,0,0
28351,1,0,0,0,0
28352,1,0,0,0,0
28353,1,0,0,0,0
28354,1,0,0,0,0
28355,1,0,0,0,0
28356,1,0,0,0,0
28357,1,0,0,0,0
28358,1,0,0,0,0
28359,1,0,0,0,0
28360,1,0,0,0,0
28361,1,0,0,0,0
28362,1,0,0,0,0
28363,1,0,0,0,0
28364,1,0,0,0,0
28365,1,0,0,0,0
28366,1,0,0,0,0
28367,1,0,0,0,0
28368,1,0,0,0,0
28369,1,0,0,0,0
28370,1,0,0,0,0
28371,1,0,0,0,0
28372,1,0,0,0,0
28373,1,0,0,0,0
28374,1,0,0,0,0
28375,1,0,0,0,0
28376,1,0,0,0,0
28377,1,0,0,0,0
28378,1,0,0,0,0
28379,1,0,0,0,0
28380,1,0,0,0,0
28381,1,0,0,0,0
28382,1,0,0,0,0
28383,1,0,0,0,0
28384,1,0,0,0,0
28385,1,0,0,0,0
28386,1,0,0,0,0
28387,1,0,0,0,0
28388,1,0,0,0,0
28389,1,0,0,0,0
28390,1,0,0,0,0
28391,1,0,0,0,0
28392,1,0,0,0,0
28393,1,0,0,0,0
28394,1,0,0,0,0
28395,1,0,0,0,0
28396,1,0,0,0,0
28397,1,0,0,0,0
28398,1,0,0,0,0
28399,1,0,0,0,0
28400,1,0,0,0,0
28401,1,0,0,0,0
28402,1,0,0,0,0
28403,1,0,0,0,0
28404,1,0,0,0,0
28405,1,0,0,0,0
28406,1,0,0,0,0
28407,1,0,0,0,0
28408,1,0,0,0,0
28409,1,0,0,0,0
28410,1,0,0,0,0
28411,1,0,0,0,0
28412,1,0,0,0,0
28413,1,0,0,0,0
28414,1,0,0,0,0
28415,1,0,0,0,0
28416,1,0,0,0,0
28417,1,0,0,0,0
28418,1,0,0,0,0
28419,1,0,0,0,0
28420,1,0,0,0,0
28421,1,0,0,0,0
28422,1,0,0,0,0
28423,1,0,0,0,0
28424,1,0,0,0,0
28425,1,0,0,0,0
28426,1,0,0,0,0
28427,1,0,0,0,0
28428,1,0,0,0,0
28429,1,0,0,0,0
28430,1,0,0,0,0
28431,1,0,0,0,0
28432,1,0,0,0,0
28433,1,0,0,0,0
28434,1,0,0,0,0
28435,1,0,0,0,0
28436,1,0,0,0,0
28437,1,0,0,0,0
28438,1,0,0,0,0
28439,1,0,0,0,0
28440,1,0,0,0,0
28441,1,0,0,0,0
28442,1,0,0,0,0
28443,1,0,0,0,0
28444,1,0,0,0,0
28445,1,0,0,0,0
28446,1,0,0,0,0
28447,1,0,0,0,0
28448,1,0,0,0,0
28449,1,0,0,0,0
28450,1,0,0,0,0
28451,1,0,0,0,0
28452,1,0,0,0,0
28453,1,0,0,0,0
28454,1,0,0,0,0
28455,1,0,0,0,0
28456,1,0,0,0,0
28457,1,0,0,0,0
28458,1,0,0,0,0
28459,1,0,0,0,0
28460,1,0,0,0,0
28461,1,0,0,0,0
28462,1,0,0,0,0
28463,1,0,0,0,0
28464,1,0,0,0,0
28465,1,0,0,0,0
28466,1,0,0,0,0
28467,1,0,0,0,0
28468,1,0,0,0,0
28469,1,0,0,0,0
28470,1,0,0,0,0
28471,1,0,0,0,0
28472,1,0,0,0,0
28473,1,0,0,0,0
28474,1,0,0,0,0
28475,1,0,0,0,0
28476,1,0,0,0,0
28477,1,0,0,0,0
28478,1,0,0,0,0
28479,1,0,0,0,0
28480,1,0,0,0,0
28481,1,0,0,0,0
28482,1,0,0,0,0
28483,1,0,0,0,0
28484,1,0,0,0,0
28485,1,0,0,0,0
28486,1,0,0,0,0
28487,1,0,0,0,0
28488,1,0,0,0,0
28489,1,0,0,0,0
28490,1,0,0,0,0
28491,1,0,0,0,0
28492,1,0,0,0,0
28493,1,0,0,0,0
28494,1,0,0,0,0
28495,1,0,0,0,0
28496,1,0,0,0,0
28497,1,0,0,0,0
28498,1,0,0,0,0
28499,1,0,0,0,0
28500,1,0,0,0,0
28501,1,0,0,0,0
28502,1,0,0,0,0
28503,1,0,0,0,0
28504,1,0,0,0,0
28505,1,0,0,0,0
28506,1,0,0,0,0
28507,1,0,0,0,0
28508,1,0,0,0,0
28509,1,0,0,0,0
28510,1,0,0,0,0
28511,1,0,0,0,0
28512,1,0,0,0,0
28513,1,0,0,0,0
28514,1,0,0,0,0
28515,1,0,0,0,0
28516,1,0,0,0,0
28517,1,0,0,0,0
28518,1,0,0,0,0
28519,1,0,0,0,0
28520,1,0,0,0,0
28521,1,0,0,0,0
28522,1,0,0,0,0
28523,1,0,0,0,0
28524,1,0,0,0,0
28525,1,0,0,0,0
28526,1,0,0,0,0
28527,1,0,0,0,0
28528,1,0,0,0,0
28529,1,0,0,0,0
28530,1,0,0,0,0
28531,1,0,0,0,0
28532,1,0,0,0,0
28533,1,0,0,0,0
28534,1,0,0,0,0
28535,1,0,0,0,0
28536,1,0,0,0,0
28537,1,0,0,0,0
28538,1,0,0,0,0
28539,1,0,0,0,0
28540,1,0,0,0,0
28541,1,0,0,0,0
28542,1,0,0,0,0
28543,1,0,0,0,0
28544,1,0,0,0,0
28545,1,0,0,0,0
28546,1,0,0,0,0
28547,1,0,0,0,0
28548,1,0,0,0,0
28549,1,0,0,0,0
28550,1,0,0,0,0
28551,1,0,0,0,0
28552,1,0,0,0,0
28553,1,0,0,0,0
28554,1,0,0,0,0
28555,1,0,0,0,0
28556,1,0,0,0,0
28557,1,0,0,0,0
28558,1,0,0,0,0
28559,1,0,0,0,0
28560,1,0,0,0,0
28561,1,0,0,0,0
28562,1,0,0,0,0
28563,1,0,0,0,0
28564,1,0,0,0,0
28565,1,0,0,0,0
28566,1,0,0,0,0
28567,1,0,0,0,0
28568,1,0,0,0,0
28569,0,0,0,0,1
28570,0,0,0,0,1
28571,0,0,0,0,1
28572,0,0,0,0,1
28573,0,0,0,0,1
28574,0,0,0,0,1
28575,0,0,0,0,1
28576,0,0,0,0,1
28577,0,0,0,0,1
28578,0,0,0,0,1
28579,0,0,0,0,1
28580,0,0,0,0,1
28581,0,0,0,0,1
28582,0,0,0,0,1
28583,0,0,0,0,1
28584,0,0,0,0,1
28585,0,0,0,0,1
28586,0,0,0,0,1
28587,0,0,0,0,1
28588,0,0,0,0,1
28589,0,0,0,0,1
28590,0,0,0,0,1
28591,0,0,0,0,1
28592,0,0,0,0,1
28593,0,0,0,0,1
28594,0,1,0,0,0
28595,0,1,0,0,0
28596,0,1,0,0,0
28597,0,1,0,0,0
28598,0,1,0,0,0
28599,0,1,0,0,0
28600,0,1,0,0,0
28601,0,1,0,0,0
28602,0,1,0,0,0
28603,0,1,0,0,0
28604,0,1,0,0,0
28605,0,1,0,0,0
28606,0,1,0,0,0
28607,0,1,0,0,0
28608,0,1,0,0,0
28609,0,1,0,0,0
28610,0,1,0,0,0
28611,0,1,0,0,0
28612,0,1,0,0,0
28613,0,1,0,0,0
28614,0,1,0,0,0
28615,0,1,0,0,0
28616,0,1,0,0,0
28617,0,1,0,0,0
28618,0,1,0,0,0
28619,0,1,0,0,0
28620,0,1,0,0,0
28621,0,1,0,0,0
28622,0,1,0,0,0
28623,0,1,0,0,0
28624,0,1,0,0,0
28625,0,1,0,0,0
28626,0,1,0,0,0
28627,0,1,0,0,0
28628,0,1,0,0,0
28629,0,1,0,0,0
28630,0,1,0,0,0
28631,0,1,0,0,0
28632,0,1,0,0,0
28633,0,1,0,0,0
28634,0,1,0,0,0
28635,0,1,0,0,0
28636,0,1,0,0,0
28637,0,1,0,0,0
28638,0,1,0,0,0
28639,0,1,0,0,0
28640,0,1,0,0,0
28641,0,1,0,0,0
28642,0,1,0,0,0
28643,0,1,0,0,0
28644,0,1,0,0,0
28645,0,1,0,0,0
28646,0,1,0,0,0
28647,0,1,0,0,0
28648,0,1,0,0,0
28649,0,1,0,0,0
28650,0,1,0,0,0
28651,0,1,0,0,0
28652,0,1,0,0,0
28653,0,1,0,0,0
28654,0,1,0,0,0
28655,0,1,0,0,0
28656,0,1,0,0,0
28657,0,1,0,0,0
28658,0,1,0,0,0
28659,0,1,0,0,0
28660,0,1,0,0,0
28661,0,1,0,0,0
28662,0,1,0,0,0
28663,0,1,0,0,0
28664,0,1,0,0,0
28665,0,1,0,0,0
28666,0,1,0,0,0
28667,0,1,0,0,0
28668,0,1,0,0,0
28669,0,1,0,0,0
28670,0,1,0,0,0
28671,0,1,0,0,0
28672,0,1,0,0,0
28673,0,1,0,0,0
28674,0,1,0,0,0
28675,0,1,0,0,0
28676,0,1,0,0,0
28677,0,1,0,0,0
28678,0,1,0,0,0
28679,0,1,0,0,0
28680,0,1,0,0,0
28681,1,0,0,0,0
28682,1,0,0,0,0
28683,1,0,0,0,0
28684,1,0,0,0,0
28685,1,0,0,0,0
28686,1,0,0,0,0
28687,1,0,0,0,0
28688,1,0,0,0,0
28689,1,0,0,0,0
28690,1,0,0,0,0
28691,1,0,0,0,0
28692,1,0,0,0,0
28693,1,0,0,0,0
28694,1,0,0,0,0
28695,1,0,0,0,0
28696,1,0,0,0,0
28697,1,0,0,0,0
28698,1,0,0,0,0
28699,1,0,0,0,0
28700,1,0,0,0,0
28701,1,0,0,0,0
28702,1,0,0,0,0
28703,1,0,0,0,0
28704,1,0,0,0,0
28705,1,0,0,0,0
28706,1,0,0,0,0
28707,1,0,0,0,0
28708,1,0,0,0,0
28709,1,0,0,0,0
28710,1,0,0,0,0
28711,1,0,0,0,0
28712,1,0,0,0,0
28713,1,0,0,0,0
28714,1,0,0,0,0
28715,1,0,0,0,0
28716,1,0,0,0,0
28717,1,0,0,0,0
28718,1,0,0,0,0
28719,1,0,0,0,0
28720,1,0,0,0,0
28721,1,0,0,0,0
28722,1,0,0,0,0
28723,1,0,0,0,0
28724,1,0,0,0,0
28725,1,0,0,0,0
28726,1,0,0,0,0
28727,1,0,0,0,0
28728,1,0,0,0,0
28729,1,0,0,0,0
28730,1,0,0,0,0
28731,1,0,0,0,0
28732,1,0,0,0,0
28733,1,0,0,0,0
28734,1,0,0,0,0
28735,1,0,0,0,0
28736,1,0,0,0,0
28737,1,0,0,0,0
28738,1,0,0,0,0
28739,1,0,0,0,0
28740,1,0,0,0,0
28741,1,0,0,0,0
28742,1,0,0,0,0
28743,1,0,0,0,0
28744,1,0,0,0,0
28745,1,0,0,0,0
28746,1,0,0,0,0
28747,1,0,0,0,0
28748,1,0,0,0,0
28749,1,0,0,0,0
28750,1,0,0,0,0
28751,1,0,0,0,0
28752,1,0,0,0,0
28753,1,0,0,0,0
28754,1,0,0,0,0
28755,1,0,0,0,0
28756,1,0,0,0,0
28757,1,0,0,0,0
28758,1,0,0,0,0
28759,1,0,0,0,0
28760,1,0,0,0,0
28761,1,0,0,0,0
28762,1,0,0,0,0
28763,1,0,0,0,0
28764,1,0,0,0,0
28765,1,0,0,0,0
28766,1,0,0,0,0
28767,1,0,0,0,0
28768,1,0,0,0,0
28769,1,0,0,0,0
28770,1,0,0,0,0
28771,1,0,0,0,0
28772,1,0,0,0,0
28773,1,0,0,0,0
28774,1,0,0,0,0
28775,1,0,0,0,0
28776,1,0,0,0,0
28777,1,0,0,0,0
28778,1,0,0,0,0
28779,1,0,0,0,0
28780,1,0,0,0,0
28781,1,0,0,0,0
28782,1,0,0,0,0
28783,1,0,0,0,0
28784,1,0,0,0,0
28785,1,0,0,0,0
28786,1,0,0,0,0
28787,1,0,0,0,0
28788,1,0,0,0,0
28789,1,0,0,0,0
28790,1,0,0,0,0
28791,1,0,0,0,0
28792,1,0,0,0,0
28793,1,0,0,0,0
28794,1,0,0,0,0
28795,1,0,0,0,0
28796,1,0,0,0,0
28797,1,0,0,0,0
28798,1,0,0,0,0
28799,1,0,0,0,0
28800,1,0,0,0,0
28801,1,0,0,0,0
28802,1,0,0,0,0
28803,1,0,0,0,0
28804,1,0,0,0,0
28805,1,0,0,0,0
28806,1,0,0,0,0
28807,1,0,0,0,0
28808,1,0,0,0,0
28809,1,0,0,0,0
28810,1,0,0,0,0
28811,1,0,0,0,0
28812,1,0,0,0,0
28813,1,0,0,0,0
28814,1,0,0,0,0
28815,1,0,0,0,0
28816,1,0,0,0,0
28817,1,0,0,0,0
28818,1,0,0,0,0
28819,1,0,0,0,0
28820,1,0,0,0,0
28821,1,0,0,0,0
28822,1,0,0,0,0
28823,1,0,0,0,0
28824,1,0,0,0,0
28825,1,0,0,0,0
28826,1,0,0,0,0
28827,1,0,0,0,0
28828,1,0,0,0,0
28829,1,0,0,0,0
28830,1,0,0,0,0
28831,1,0,0,0,0
28832,1,0,0,0,0
28833,1,0,0,0,0
28834,1,0,0,0,0
28835,1,0,0,0,0
28836,1,0,0,0,0
28837,1,0,0,0,0
28838,1,0,0,0,0
28839,1,0,0,0,0
28840,1,0,0,0,0
28841,1,0,0,0,0
28842,1,0,0,0,0
28843,1,0,0,0,0
28844,1,0,0,0,0
28845,1,0,0,0,0
28846,1,0,0,0,0
28847,1,0,0,0,0
28848,1,0,0,0,0
28849,1,0,0,0,0
28850,1,0,0,0,0
28851,1,0,0,0,0
28852,1,0,0,0,0
28853,1,0,0,0,0
28854,1,0,0,0,0
28855,1,0,0,0,0
28856,1,0,0,0,0
28857,1,0,0,0,0
28858,1,0,0,0,0
28859,1,0,0,0,0
28860,1,0,0,0,0
28861,1,0,0,0,0
28862,1,0,0,0,0
28863,1,0,0,0,0
28864,1,0,0,0,0
28865,1,0,0,0,0
28866,1,0,0,0,0
28867,1,0,0,0,0
28868,1,0,0,0,0
28869,1,0,0,0,0
28870,1,0,0,0,0
28871,1,0,0,0,0
28872,1,0,0,0,0
28873,1,0,0,0,0
28874,1,0,0,0,0
28875,1,0,0,0,0
28876,1,0,0,0,0
28877,1,0,0,0,0
28878,1,0,0,0,0
28879,1,0,0,0,0
28880,1,0,0,0,0
28881,1,0,0,0,0
28882,1,0,0,0,0
28883,1,0,0,0,0
28884,1,0,0,0,0
28885,1,0,0,0,0
28886,1,0,0,0,0
28887,1,0,0,0,0
28888,1,0,0,0,0
28889,1,0,0,0,0
28890,1,0,0,0,0
28891,1,0,0,0,0
28892,1,0,0,0,0
28893,1,0,0,0,0
28894,1,0,0,0,0
28895,1,0,0,0,0
28896,1,0,0,0,0
28897,1,0,0,0,0
28898,1,0,0,0,0
28899,1,0,0,0,0
28900,1,0,0,0,0
28901,1,0,0,0,0
28902,1,0,0,0,0
28903,1,0,0,0,0
28904,1,0,0,0,0
28905,0,0,0,0,1
28906,0,0,0,0,1
28907,0,0,0,0,1
28908,0,0,0,0,1
28909,0,0,0,0,1
28910,0,0,0,0,1
28911,0,0,0,0,1
28912,0,0,0,0,1
28913,0,0,0,0,1
28914,0,0,0,0,1
28915,0,0,0,0,1
28916,0,0,0,0,1
28917,0,0,0,0,1
28918,0,0,0,0,1
28919,0,0,0,0,1
28920,0,0,0,0,1
28921,0,0,0,0,1
28922,0,0,0,0,1
28923,0,0,0,0,1
28924,0,0,0,0,1
28925,0,0,0,0,1
28926,0,0,0,0,1
28927,0,0,0,0,1
28928,0,0,0,0,1
28929,0,0,0,0,1
28930,0,0,0,0,1
28931,0,0,0,0,1
28932,1,0,0,0,0
28933,1,0,0,0,0
28934,1,0,0,0,0
28935,1,0,0,0,0
28936,1,0,0,0,0
28937,1,0,0,0,0
28938,1,0,0,0,0
28939,1,0,0,0,0
28940,1,0,0,0,0
28941,1,0,0,0,0
28942,1,0,0,0,0
28943,1,0,0,0,0
28944,1,0,0,0,0
28945,1,0,0,0,0
28946,1,0,0,0,0
28947,1,0,0,0,0
28948,1,0,0,0,0
28949,1,0,0,0,0
28950,1,0,0,0,0
28951,1,0,0,0,0
28952,1,0,0,0,0
28953,1,0,0,0,0
28954,1,0,0,0,0
28955,1,0,0,0,0
28956,1,0,0,0,0
28957,1,0,0,0,0
28958,1,0,0,0,0
28959,1,0,0,0,0
28960,1,0,0,0,0
28961,1,0,0,0,0
28962,1,0,0,0,0
28963,1,0,0,0,0
28964,1,0,0,0,0
28965,1,0,0,0,0
28966,1,0,0,0,0
28967,1,0,0,0,0
28968,1,0,0,0,0
28969,1,0,0,0,0
28970,1,0,0,0,0
28971,1,0,0,0,0
28972,1,0,0,0,0
28973,1,0,0,0,0
28974,1,0,0,0,0
28975,1,0,0,0,0
28976,1,0,0,0,0
28977,1,0,0,0,0
28978,1,0,0,0,0
28979,1,0,0,0,0
28980,1,0,0,0,0
28981,1,0,0,0,0
28982,1,0,0,0,0
28983,1,0,0,0,0
28984,1,0,0,0,0
28985,1,0,0,0,0
28986,1,0,0,0,0
28987,1,0,0,0,0
28988,1,0,0,0,0
28989,1,0,0,0,0
28990,1,0,0,0,0
28991,1,0,0,0,0
28992,1,0,0,0,0
28993,1,0,0,0,0
28994,1,0,0,0,0
28995,1,0,0,0,0
28996,1,0,0,0,0
28997,1,0,0,0,0
28998,1,0,0,0,0
28999,1,0,0,0,0
29000,1,0,0,0,0
29001,1,0,0,0,0
29002,1,0,0,0,0
29003,1,0,0,0,0
29004,1,0,0,0,0
29005,1,0,0,0,0
29006,1,0,0,0,0
29007,1,0,0,0,0
29008,1,0,0,0,0
29009,1,0,0,0,0
29010,1,0,0,0,0
29011,1,0,0,0,0
29012,0,1,0,0,0
29013,0,1,0,0,0
29014,0,1,0,0,0
29015,0,1,0,0,0
29016,0,1,0,0,0
29017,0,1,0,0,0
29018,0,1,0,0,0
29019,0,1,0,0,0
29020,0,1,0,0,0
29021,0,1,0,0,0
29022,0,1,0,0,0
29023,0,1,0,0,0
29024,0,1,0,0,0
29025,0,1,0,0,0
29026,0,1,0,0,0
29027,0,1,0,0,0
29028,0,1,0,0,0
29029,0,1,0,0,0
29030,0,1,0,0,0
29031,0,1,0,0,0
29032,0,1,0,0,0
29033,0,1,0,0,0
29034,0,1,0,0,0
29035,0,1,0,0,0
29036,0,1,0,0,0
29037,0,1,0,0,0
29038,0,1,0,0,0
29039,0,1,0,0,0
29040,0,1,0,0,0
29041,0,1,0,0,0
29042,0,1,0,0,0
29043,0,1,0,0,0
29044,0,1,0,0,0
29045,0,1,0,0,0
29046,0,1,0,0,0
29047,0,1,0,0,0
29048,0,1,0,0,0
29049,0,1,0,0,0
29050,0,1,0,0,0
29051,0,1,0,0,0
29052,0,1,0,0,0
29053,0,1,0,0,0
29054,0,1,0,0,0
29055,0,1,0,0,0
29056,0,1,0,0,0
29057,0,1,0,0,0
29058,0,1,0,0,0
29059,0,1,0,0,0
29060,0,1,0,0,0
29061,0,1,0,0,0
29062,0,1,0,0,0
29063,0,1,0,0,0
29064,0,1,0,0,0
29065,0,1,0,0,0
29066,0,1,0,0,0
29067,0,1,0,0,0
29068,0,1,0,0,0
29069,0,1,0,0,0
29070,0,1,0,0,0
29071,0,1,0,0,0
29072,1,0,0,0,0
29073,1,0,0,0,0
29074,1,0,0,0,0
29075,1,0,0,0,0
29076,1,0,0,0,0
29077,1,0,0,0,0
29078,1,0,0,0,0
29079,1,0,0,0,0
29080,1,0,0,0,0
29081,1,0,0,0,0
29082,1,0,0,0,0
29083,1,0,0,0,0
29084,1,0,0,0,0
29085,1,0,0,0,0
29086,1,0,0,0,0
29087,1,0,0,0,0
29088,1,0,0,0,0
29089,1,0,0,0,0
29090,1,0,0,0,0
29091,1,0,0,0,0
29092,1,0,0,0,0
29093,1,0,0,0,0
29094,1,0,0,0,0
29095,1,0,0,0,0
29096,1,0,0,0,0
29097,1,0,0,0,0
29098,1,0,0,0,0
29099,1,0,0,0,0
29100,1,0,0,0,0
29101,1,0,0,0,0
29102,1,0,0,0,0
29103,1,0,0,0,0
29104,1,0,0,0,0
29105,1,0,0,0,0
29106,1,0,0,0,0
29107,1,0,0,0,0
29108,1,0,0,0,0
29109,1,0,0,0,0
29110,1,0,0,0,0
29111,1,0,0,0,0
29112,1,0,0,0,0
29113,1,0,0,0,0
29114,1,0,0,0,0
29115,1,0,0,0,0
29116,1,0,0,0,0
29117,1,0,0,0,0
29118,1,0,0,0,0
29119,1,0,0,0,0
29120,1,0,0,0,0
29121,1,0,0,0,0
29122,1,0,0,0,0
29123,1,0,0,0,0
29124,1,0,0,0,0
29125,1,0,0,0,0
29126,1,0,0,0,0
29127,1,0,0,0,0
29128,1,0,0,0,0
29129,1,0,0,0,0
29130,1,0,0,0,0
29131,1,0,0,0,0
29132,1,0,0,0,0
29133,1,0,0,0,0
29134,1,0,0,0,0
29135,1,0,0,0,0
29136,1,0,0,0,0
29137,1,0,0,0,0
29138,1,0,0,0,0
29139,1,0,0,0,0
29140,1,0,0,0,0
29141,1,0,0,0,0
29142,1,0,0,0,0
29143,1,0,0,0,0
29144,1,0,0,0,0
29145,0,0,0,0,1
29146,0,0,0,0,1
29147,0,0,0,0,1
29148,0,0,0,0,1
29149,0,0,0,0,1
29150,0,0,0,0,1
29151,0,0,0,0,1
29152,0,0,0,0,1
29153,0,0,0,0,1
29154,0,0,0,0,1
29155,0,0,0,0,1
29156,0,0,0,0,1
29157,0,0,0,0,1
29158,0,0,0,0,1
29159,0,0,0,0,1
29160,0,0,0,0,1
29161,0,0,0,0,1
29162,0,0,0,0,1
29163,0,0,0,0,1
29164,0,0,0,0,1
29165,0,0,0,0,1
29166,0,0,0,0,1
29167,0,0,0,0,1
29168,0,0,0,0,1
29169,0,0,0,0,1
29170,0,0,0,0,1
29171,0,0,0,0,1
29172,0,0,0,0,1
29173,0,0,0,0,1
29174,0,0,0,0,1
29175,0,0,0,0,1
29176,0,0,0,0,1
29177,0,0,0,0,1
29178,0,0,0,0,1
29179,0,0,0,0,1
29180,0,0,0,0,1
29181,0,0,0,0,1
29182,0,0,0,0,1
29183,0,0,0,0,1
29184,0,0,0,0,1
29185,0,0,0,0,1
29186,0,0,0,0,1
29187,0,0,0,0,1
29188,0,0,0,0,1
29189,0,0,0,0,1
29190,0,0,0,0,1
29191,0,0,0,0,1
29192,0,0,0,0,1
29193,0,0,0,0,1
29194,0,0,0,0,1
29195,0,0,0,0,1
29196,0,0,0,0,1
29197,0,0,0,0,1
29198,0,0,0,0,1
29199,0,0,0,0,1
29200,0,0,0,0,1
29201,1,0,0,0,0
29202,1,0,0,0,0
29203,1,0,0,0,0
29204,1,0,0,0,0
29205,1,0,0,0,0
29206,1,0,0,0,0
29207,1,0,0,0,0
29208,1,0,0,0,0
29209,1,0,0,0,0
29210,1,0,0,0,0
29211,1,0,0,0,0
29212,1,0,0,0,0
29213,1,0,0,0,0
29214,1,0,0,0,0
29215,1,0,0,0,0
29216,1,0,0,0,0
29217,1,0,0,0,0
29218,1,0,0,0,0
29219,1,0,0,0,0
29220,1,0,0,0,0
29221,1,0,0,0,0
29222,1,0,0,0,0
29223,1,0,0,0,0
29224,1,0,0,0,0
29225,1,0,0,0,0
29226,1,0,0,0,0
29227,1,0,0,0,0
29228,1,0,0,0,0
29229,1,0,0,0,0
29230,1,0,0,0,0
29231,1,0,0,0,0
29232,1,0,0,0,0
29233,1,0,0,0,0
29234,1,0,0,0,0
29235,1,0,0,0,0
29236,1,0,0,0,0
29237,1,0,0,0,0
29238,1,0,0,0,0
29239,1,0,0,0,0
29240,1,0,0,0,0
29241,1,0,0,0,0
29242,1,0,0,0,0
29243,1,0,0,0,0
29244,1,0,0,0,0
29245,1,0,0,0,0
29246,1,0,0,0,0
29247,1,0,0,0,0
29248,1,0,0,0,0
29249,1,0,0,0,0
29250,1,0,0,0,0
29251,1,0,0,0,0
29252,1,0,0,0,0
29253,1,0,0,0,0
29254,1,0,0,0,0
29255,1,0,0,0,0
29256,1,0,0,0,0
29257,1,0,0,0,0
29258,1,0,0,0,0
29259,1,0,0,0,0
29260,1,0,0,0,0
29261,1,0,0,0,0
29262,1,0,0,0,0
29263,1,0,0,0,0
29264,1,0,0,0,0
29265,1,0,0,0,0
29266,1,0,0,0,0
29267,1,0,0,0,0
29268,1,0,0,0,0
29269,1,0,0,0,0
29270,1,0,0,0,0
29271,1,0,0,0,0
29272,1,0,0,0,0
29273,1,0,0,0,0
29274,1,0,0,0,0
29275,1,0,0,0,0
29276,1,0,0,0,0
29277,1,0,0,0,0
29278,1,0,0,0,0
29279,1,0,0,0,0
29280,1,0,0,0,0
29281,1,0,0,0,0
29282,1,0,0,0,0
29283,1,0,0,0,0
29284,1,0,0,0,0
29285,1,0,0,0,0
29286,1,0,0,0,0
29287,1,0,0,0,0
29288,1,0,0,0,0
29289,1,0,0,0,0
29290,1,0,0,0,0
29291,1,0,0,0,0
29292,1,0,0,0,0
29293,1,0,0,0,0
29294,1,0,0,0,0
29295,1,0,0,0,0
29296,1,0,0,0,0
29297,1,0,0,0,0
29298,1,0,0,0,0
29299,1,0,0,0,0
29300,1,0,0,0,0
29301,1,0,0,0,0
29302,1,0,0,0,0
29303,1,0,0,0,0
29304,1,0,0,0,0
29305,1,0,0,0,0
29306,1,0,0,0,0
29307,1,0,0,0,0
29308,1,0,0,0,0
29309,1,0,0,0,0
29310,1,0,0,0,0
29311,1,0,0,0,0
29312,1,0,0,0,0
29313,1,0,0,0,0
29314,1,0,0,0,0
29315,1,0,0,0,0
29316,1,0,0,0,0
29317,1,0,0,0,0
29318,1,0,0,0,0
29319,1,0,0,0,0
29320,1,0,0,0,0
29321,1,0,0,0,0
29322,1,0,0,0,0
29323,1,0,0,0,0
29324,1,0,0,0,0
29325,1,0,0,0,0
29326,1,0,0,0,0
29327,1,0,0,0,0
29328,1,0,0,0,0
29329,1,0,0,0,0
29330,1,0,0,0,0
29331,1,0,0,0,0
29332,1,0,0,0,0
29333,1,0,0,0,0
29334,1,0,0,0,0
29335,1,0,0,0,0
29336,1,0,0,0,0
29337,1,0,0,0,0
29338,1,0,0,0,0
29339,1,0,0,0,0
29340,1,0,0,0,0
29341,1,0,0,0,0
29342,1,0,0,0,0
29343,1,0,0,0,0
29344,1,0,0,0,0
29345,1,0,0,0,0
29346,1,0,0,0,0
29347,1,0,0,0,0
29348,1,0,0,0,0
29349,1,0,0,0,0
29350,1,0,0,0,0
29351,1,0,0,0,0
29352,1,0,0,0,0
29353,1,0,0,0,0
29354,1,0,0,0,0
29355,1,0,0,0,0
29356,1,0,0,0,0
29357,1,0,0,0,0
29358,1,0,0,0,0
29359,1,0,0,0,0
29360,1,0,0,0,0
29361,1,0,0,0,0
29362,1,0,0,0,0
29363,1,0,0,0,0
29364,1,0,0,0,0
29365,1,0,0,0,0
29366,1,0,0,0,0
29367,1,0,0,0,0
29368,1,0,0,0,0
29369,1,0,0,0,0
29370,1,0,0,0,0
29371,1,0,0,0,0
29372,1,0,0,0,0
29373,1,0,0,0,0
29374,1,0,0,0,0
29375,1,0,0,0,0
29376,1,0,0,0,0
29377,1,0,0,0,0
29378,1,0,0,0,0
29379,1,0,0,0,0
29380,1,0,0,0,0
29381,1,0,0,0,0
29382,1,0,0,0,0
29383,1,0,0,0,0
29384,1,0,0,0,0
29385,1,0,0,0,0
29386,1,0,0,0,0
29387,1,0,0,0,0
29388,1,0,0,0,0
29389,1,0,0,0,0
29390,1,0,0,0,0
29391,1,0,0,0,0
29392,1,0,0,0,0
29393,1,0,0,0,0
29394,1,0,0,0,0
29395,1,0,0,0,0
29396,1,0,0,0,0
29397,1,0,0,0,0
29398,1,0,0,0,0
29399,1,0,0,0,0
29400,1,0,0,0,0
29401,1,0,0,0,0
29402,1,0,0,0,0
29403,1,0,0,0,0
29404,1,0,0,0,0
29405,1,0,0,0,0
29406,1,0,0,0,0
29407,1,0,0,0,0
29408,1,0,0,0,0
29409,1,0,0,0,0
29410,1,0,0,0,0
29411,1,0,0,0,0
29412,1,0,0,0,0
29413,1,0,0,0,0
29414,1,0,0,0,0
29415,1,0,0,0,0
29416,1,0,0,0,0
29417,1,0,0,0,0
29418,1,0,0,0,0
29419,1,0,0,0,0
29420,1,0,0,0,0
29421,1,0,0,0,0
29422,1,0,0,0,0
29423,1,0,0,0,0
29424,1,0,0,0,0
29425,1,0,0,0,0
29426,1,0,0,0,0
29427,1,0,0,0,0
29428,1,0,0,0,0
29429,1,0,0,0,0
29430,1,0,0,0,0
29431,1,0,0,0,0
29432,1,0,0,0,0
29433,1,0,0,0,0
29434,1,0,0,0,0
29435,1,0,0,0,0
29436,1,0,0,0,0
29437,1,0,0,0,0
29438,1,0,0,0,0
29439,1,0,0,0,0
29440,1,0,0,0,0
29441,1,0,0,0,0
29442,1,0,0,0,0
29443,1,0,0,0,0
29444,1,0,0,0,0
29445,1,0,0,0,0
29446,1,0,0,0,0
29447,1,0,0,0,0
29448,1,0,0,0,0
29449,1,0,0,0,0
29450,1,0,0,0,0
29451,1,0,0,0,0
29452,1,0,0,0,0
29453,1,0,0,0,0
29454,1,0,0,0,0
29455,1,0,0,0,0
29456,1,0,0,0,0
29457,1,0,0,0,0
29458,1,0,0,0,0
29459,1,0,0,0,0
29460,1,0,0,0,0
29461,1,0,0,0,0
29462,1,0,0,0,0
29463,1,0,0,0,0
29464,1,0,0,0,0
29465,1,0,0,0,0
29466,1,0,0,0,0
29467,1,0,0,0,0
29468,1,0,0,0,0
29469,1,0,0,0,0
29470,1,0,0,0,0
29471,1,0,0,0,0
29472,1,0,0,0,0
29473,1,0,0,0,0
29474,1,0,0,0,0
29475,1,0,0,0,0
29476,1,0,0,0,0
29477,1,0,0,0,0
29478,1,0,0,0,0
29479,1,0,0,0,0
29480,1,0,0,0,0
29481,1,0,0,0,0
29482,1,0,0,0,0
29483,1,0,0,0,0
29484,0,0,0,0,1
29485,0,0,0,0,1
29486,0,0,0,0,1
29487,0,0,0,0,1
29488,0,0,0,0,1
29489,0,0,0,0,1
29490,0,0,0,0,1
29491,0,0,0,0,1
29492,0,0,0,0,1
29493,0,0,0,0,1
29494,0,0,0,0,1
29495,0,0,0,0,1
29496,0,0,0,0,1
29497,0,0,0,0,1
29498,0,0,0,0,1
29499,0,0,0,0,1
29500,0,0,0,0,1
29501,0,0,0,0,1
29502,0,0,0,0,1
29503,0,0,0,0,1
29504,0,0,0,0,1
29505,0,0,0,0,1
29506,0,0,0,0,1
29507,0,0,0,0,1
29508,0,0,0,0,1
29509,0,0,0,0,1
29510,0,0,0,0,1
29511,0,0,0,0,1
29512,0,0,0,0,1
29513,0,0,0,0,1
29514,0,0,0,0,1
29515,0,0,0,0,1
29516,0,0,0,0,1
29517,0,0,0,0,1
29518,0,0,0,0,1
29519,0,0,0,0,1
29520,0,0,0,0,1
29521,0,0,0,0,1
29522,0,0,0,0,1
29523,0,0,0,0,1
29524,0,0,0,0,1
29525,0,0,0,0,1
29526,0,0,0,0,1
29527,0,0,0,0,1
29528,0,0,0,0,1
29529,0,0,0,0,1
29530,0,0,0,0,1
29531,0,0,0,0,1
29532,0,0,0,0,1
29533,0,0,0,0,1
29534,0,0,0,0,1
29535,0,0,0,0,1
29536,0,0,0,0,1
29537,0,0,0,0,1
29538,0,0,0,0,1
29539,0,0,0,0,1
29540,0,0,0,0,1
29541,0,0,0,0,1
29542,0,0,0,0,1
29543,0,0,0,0,1
29544,0,0,0,0,1
29545,0,0,0,0,1
29546,0,0,0,0,1
29547,0,0,0,0,1
29548,1,0,0,0,0
29549,1,0,0,0,0
29550,1,0,0,0,0
29551,1,0,0,0,0
29552,1,0,0,0,0
29553,1,0,0,0,0
29554,1,0,0,0,0
29555,1,0,0,0,0
29556,0,0,0,1,0
29557,0,0,0,1,0
29558,0,0,0,1,0
29559,0,0,0,1,0
29560,0,0,0,1,0
29561,0,0,0,1,0
29562,0,0,0,1,0
29563,0,0,0,1,0
29564,0,0,0,1,0
29565,0,0,0,1,0
29566,0,0,0,1,0
29567,0,0,0,1,0
29568,0,0,0,1,0
29569,0,0,0,1,0
29570,0,0,0,1,0
29571,0,0,0,1,0
29572,0,0,0,1,0
29573,0,0,0,1,0
29574,0,0,0,1,0
29575,0,0,0,1,0
29576,0,0,0,1,0
29577,0,0,0,1,0
29578,0,0,0,1,0
29579,0,0,0,1,0
29580,0,0,0,1,0
29581,0,0,0,1,0
29582,0,0,0,1,0
29583,0,0,0,1,0
29584,0,0,0,1,0
29585,0,0,0,1,0
29586,0,0,0,1,0
29587,0,0,0,1,0
29588,0,0,0,1,0
29589,0,0,0,1,0
29590,0,0,0,1,0
29591,0,0,0,1,0
29592,0,0,0,1,0
29593,0,0,0,1,0
29594,0,0,0,1,0
29595,0,0,0,1,0
29596,0,0,0,1,0
29597,0,0,0,1,0
29598,0,0,0,1,0
29599,0,0,0,1,0
29600,0,0,0,1,0
29601,0,0,0,1,0
29602,0,0,0,1,0
29603,0,0,0,1,0
29604,0,0,0,1,0
29605,0,0,0,1,0
29606,0,0,0,1,0
29607,0,0,0,1,0
29608,0,0,0,1,0
29609,0,0,0,1,0
29610,0,0,0,1,0
29611,0,0,0,1,0
29612,0,0,0,1,0
29613,0,0,0,1,0
29614,0,0,0,1,0
29615,0,0,0,1,0
29616,0,0,0,1,0
29617,0,0,0,1,0
29618,0,0,0,1,0
29619,0,0,0,1,0
29620,0,0,0,1,0
29621,0,0,0,1,0
29622,0,0,0,1,0
29623,0,0,0,1,0
29624,0,0,0,1,0
29625,0,0,0,1,0
29626,0,0,0,1,0
29627,0,0,0,1,0
29628,0,0,0,1,0
29629,0,0,0,1,0
29630,0,0,0,1,0
29631,0,0,0,1,0
29632,0,0,0,1,0
29633,0,0,0,1,0
29634,0,0,0,1,0
29635,0,0,0,1,0
29636,0,0,0,1,0
29637,0,0,0,1,0
29638,0,0,0,1,0
29639,0,0,0,1,0
29640,0,0,0,1,0
29641,0,0,0,1,0
29642,0,0,0,1,0
29643,0,0,0,1,0
29644,0,0,0,1,0
29645,0,0,0,1,0
29646,0,0,0,1,0
29647,0,0,0,1,0
29648,0,0,0,1,0
29649,0,0,0,1,0
29650,0,0,0,1,0
29651,0,0,0,1,0
29652,0,0,0,1,0
29653,0,0,0,1,0
29654,0,0,0,1,0
29655,0,0,0,1,0
29656,0,0,0,1,0
29657,0,0,0,1,0
29658,0,0,0,1,0
29659,0,0,0,1,0
29660,0,0,0,1,0
29661,0,0,0,1,0
29662,0,0,0,1,0
29663,0,0,0,1,0
29664,0,0,0,1,0
29665,0,0,0,1,0
29666,0,0,0,1,0
29667,0,0,0,1,0
29668,0,0,0,1,0
29669,0,0,0,1,0
29670,0,0,0,1,0
29671,0,0,0,1,0
29672,0,0,0,1,0
29673,0,0,0,1,0
29674,0,0,0,1,0
29675,0,0,0,1,0
29676,0,0,0,1,0
29677,0,0,0,1,0
29678,0,0,0,1,0
29679,0,0,0,1,0
29680,0,0,0,1,0
29681,0,0,0,1,0
29682,0,0,0,1,0
29683,0,0,0,1,0
29684,0,0,0,1,0
29685,0,0,0,1,0
29686,0,0,0,1,0
29687,0,0,0,1,0
29688,0,0,0,1,0
29689,0,0,0,1,0
29690,0,0,0,1,0
29691,0,0,0,1,0
29692,0,0,0,1,0
29693,0,0,0,1,0
29694,0,0,0,1,0
29695,0,0,0,1,0
29696,0,0,0,1,0
29697,0,0,0,1,0
29698,0,0,0,1,0
29699,0,0,0,1,0
29700,0,0,0,1,0
29701,0,0,0,1,0
29702,0,0,0,1,0
29703,0,0,0,1,0
29704,0,0,0,1,0
29705,0,0,0,1,0
29706,0,0,0,1,0
29707,0,0,0,1,0
29708,0,0,0,1,0
29709,0,0,0,1,0
29710,0,0,0,1,0
29711,0,0,0,1,0
29712,0,0,0,1,0
29713,0,0,0,1,0
29714,0,0,0,1,0
29715,0,0,0,1,0
29716,0,0,0,1,0
29717,0,0,0,1,0
29718,0,0,0,1,0
29719,0,0,0,1,0
29720,0,0,0,1,0
29721,0,0,0,1,0
29722,0,0,0,1,0
29723,0,0,0,1,0
29724,0,0,0,1,0
29725,0,0,0,1,0
29726,0,0,0,1,0
29727,0,0,0,1,0
29728,0,0,0,1,0
29729,0,0,0,1,0
29730,0,0,0,1,0
29731,0,0,0,1,0
29732,0,0,0,1,0
29733,0,0,0,1,0
29734,0,0,0,1,0
29735,0,0,0,1,0
29736,0,0,0,1,0
29737,0,0,0,1,0
29738,0,0,0,1,0
29739,0,0,0,1,0
29740,0,0,0,1,0
29741,0,0,0,1,0
29742,0,0,0,1,0
29743,0,0,0,1,0
29744,0,0,0,1,0
29745,0,0,0,1,0
29746,0,0,0,1,0
29747,0,0,0,1,0
29748,0,0,0,1,0
29749,0,0,0,1,0
29750,0,0,0,1,0
29751,0,0,0,1,0
29752,0,0,0,1,0
29753,0,0,0,1,0
29754,0,0,0,1,0
29755,0,0,0,1,0
29756,0,0,0,1,0
29757,0,0,0,1,0
29758,0,0,0,1,0
29759,0,0,0,1,0
29760,0,0,0,1,0
29761,0,0,0,1,0
29762,0,0,0,1,0
29763,0,0,0,1,0
29764,0,0,0,1,0
29765,0,0,0,1,0
29766,0,0,0,1,0
29767,0,0,0,1,0
29768,0,0,0,1,0
29769,0,0,0,1,0
29770,0,0,0,1,0
29771,0,0,0,1,0
29772,0,0,0,1,0
29773,0,0,0,1,0
29774,0,0,0,1,0
29775,0,0,0,1,0
29776,0,0,0,1,0
29777,0,0,0,1,0
29778,0,0,0,1,0
29779,0,0,0,1,0
29780,0,0,1,0,0
29781,0,0,1,0,0
29782,0,0,1,0,0
29783,0,0,1,0,0
29784,0,0,1,0,0
29785,0,0,1,0,0
29786,0,0,1,0,0
29787,0,0,1,0,0
29788,0,0,1,0,0
29789,0,0,1,0,0
29790,0,0,1,0,0
29791,0,0,1,0,0
29792,0,0,1,0,0
29793,0,0,1,0,0
29794,0,0,1,0,0
29795,0,0,1,0,0
29796,0,0,1,0,0
29797,0,0,1,0,0
29798,0,0,1,0,0
29799,0,0,1,0,0
29800,0,0,1,0,0
29801,0,0,1,0,0
29802,0,0,1,0,0
29803,0,0,1,0,0
29804,0,0,1,0,0
29805,0,0,1,0,0
29806,0,0,1,0,0
29807,0,0,1,0,0
29808,0,0,1,0,0
29809,0,0,1,0,0
29810,0,0,1,0,0
29811,0,0,1,0,0
29812,0,0,1,0,0
29813,0,0,1,0,0
29814,0,0,1,0,0
29815,0,0,1,0,0
29816,0,0,1,0,0
29817,0,0,1,0,0
29818,0,0,1,0,0
29819,0,0,1,0,0
29820,0,0,1,0,0
29821,0,0,1,0,0
29822,0,0,1,0,0
29823,0,0,1,0,0
29824,0,0,1,0,0
29825,0,0,1,0,0
29826,0,0,1,0,0
29827,0,0,1,0,0
29828,0,0,1,0,0
29829,0,0,1,0,0
29830,0,0,1,0,0
29831,0,0,1,0,0
29832,0,0,1,0,0
29833,1,0,0,0,0
29834,1,0,0,0,0
29835,1,0,0,0,0
29836,1,0,0,0,0
29837,1,0,0,0,0
29838,1,0,0,0,0
29839,1,0,0,0,0
29840,1,0,0,0,0
29841,1,0,0,0,0
29842,1,0,0,0,0
29843,1,0,0,0,0
29844,1,0,0,0,0
29845,1,0,0,0,0
29846,1,0,0,0,0
29847,1,0,0,0,0
29848,1,0,0,0,0
29849,1,0,0,0,0
29850,1,0,0,0,0
29851,1,0,0,0,0
29852,1,0,0,0,0
29853,1,0,0,0,0
29854,1,0,0,0,0
29855,1,0,0,0,0
29856,1,0,0,0,0
29857,1,0,0,0,0
29858,1,0,0,0,0
29859,1,0,0,0,0
29860,1,0,0,0,0
29861,1,0,0,0,0
29862,1,0,0,0,0
29863,1,0,0,0,0
29864,1,0,0,0,0
29865,1,0,0,0,0
29866,1,0,0,0,0
29867,1,0,0,0,0
29868,1,0,0,0,0
29869,1,0,0,0,0
29870,1,0,0,0,0
29871,1,0,0,0,0
29872,1,0,0,0,0
29873,1,0,0,0,0
29874,1,0,0,0,0
29875,1,0,0,0,0
29876,1,0,0,0,0
29877,1,0,0,0,0
29878,1,0,0,0,0
29879,1,0,0,0,0
29880,1,0,0,0,0
29881,1,0,0,0,0
29882,1,0,0,0,0
29883,1,0,0,0,0
29884,1,0,0,0,0
29885,1,0,0,0,0
29886,1,0,0,0,0
29887,1,0,0,0,0
29888,1,0,0,0,0
29889,1,0,0,0,0
29890,1,0,0,0,0
29891,1,0,0,0,0
29892,1,0,0,0,0
29893,1,0,0,0,0
29894,1,0,0,0,0
29895,1,0,0,0,0
29896,1,0,0,0,0
29897,1,0,0,0,0
29898,1,0,0,0,0
29899,1,0,0,0,0
29900,1,0,0,0,0
29901,1,0,0,0,0
29902,1,0,0,0,0
29903,1,0,0,0,0
29904,1,0,0,0,0
29905,1,0,0,0,0
29906,1,0,0,0,0
29907,1,0,0,0,0
29908,1,0,0,0,0
29909,1,0,0,0,0
29910,1,0,0,0,0
29911,1,0,0,0,0
29912,1,0,0,0,0
29913,1,0,0,0,0
29914,1,0,0,0,0
29915,1,0,0,0,0
29916,1,0,0,0,0
29917,1,0,0,0,0
29918,1,0,0,0,0
29919,1,0,0,0,0
29920,1,0,0,0,0
29921,1,0,0,0,0
29922,1,0,0,0,0
29923,1,0,0,0,0
29924,1,0,0,0,0
29925,1,0,0,0,0
29926,1,0,0,0,0
29927,1,0,0,0,0
29928,1,0,0,0,0
29929,1,0,0,0,0
29930,1,0,0,0,0
29931,1,0,0,0,0
29932,1,0,0,0,0
29933,1,0,0,0,0
29934,1,0,0,0,0
29935,1,0,0,0,0
29936,1,0,0,0,0
29937,1,0,0,0,0
29938,1,0,0,0,0
29939,1,0,0,0,0
29940,1,0,0,0,0
29941,1,0,0,0,0
29942,1,0,0,0,0
29943,1,0,0,0,0
29944,1,0,0,0,0
29945,1,0,0,0,0
29946,1,0,0,0,0
29947,1,0,0,0,0
29948,1,0,0,0,0
29949,1,0,0,0,0
29950,1,0,0,0,0
29951,1,0,0,0,0
29952,1,0,0,0,0
29953,1,0,0,0,0
29954,1,0,0,0,0
29955,1,0,0,0,0
29956,1,0,0,0,0
29957,1,0,0,0,0
29958,1,0,0,0,0
29959,1,0,0,0,0
29960,1,0,0,0,0
29961,1,0,0,0,0
29962,1,0,0,0,0
29963,1,0,0,0,0
29964,1,0,0,0,0
29965,1,0,0,0,0
29966,1,0,0,0,0
29967,1,0,0,0,0
29968,1,0,0,0,0
29969,1,0,0,0,0
29970,1,0,0,0,0
29971,1,0,0,0,0
29972,1,0,0,0,0
29973,1,0,0,0,0
29974,1,0,0,0,0
29975,1,0,0,0,0
29976,1,0,0,0,0
29977,1,0,0,0,0
29978,1,0,0,0,0
29979,1,0,0,0,0
29980,1,0,0,0,0
29981,1,0,0,0,0
29982,1,0,0,0,0
29983,1,0,0,0,0
29984,1,0,0,0,0
29985,1,0,0,0,0
29986,1,0,0,0,0
29987,1,0,0,0,0
29988,1,0,0,0,0
29989,1,0,0,0,0
29990,1,0,0,0,0
29991,1,0,0,0,0
29992,1,0,0,0,0
29993,1,0,0,0,0
29994,1,0,0,0,0
29995,1,0,0,0,0
29996,1,0,0,0,0
29997,1,0,0,0,0
29998,1,0,0,0,0
29999,1,0,0,0,0
30000,1,0,0,0,0
30001,1,0,0,0,0
30002,1,0,0,0,0
30003,1,0,0,0,0
30004,1,0,0,0,0
30005,1,0,0,0,0
30006,1,0,0,0,0
30007,1,0,0,0,0
30008,1,0,0,0,0
30009,1,0,0,0,0
30010,1,0,0,0,0
30011,1,0,0,0,0
30012,1,0,0,0,0
30013,1,0,0,0,0
30014,1,0,0,0,0
30015,1,0,0,0,0
30016,1,0,0,0,0
30017,1,0,0,0,0
30018,1,0,0,0,0
30019,1,0,0,0,0
30020,1,0,0,0,0
30021,1,0,0,0,0
30022,1,0,0,0,0
30023,1,0,0,0,0
30024,1,0,0,0,0
30025,1,0,0,0,0
30026,1,0,0,0,0
30027,1,0,0,0,0
30028,1,0,0,0,0
30029,1,0,0,0,0
30030,1,0,0,0,0
30031,1,0,0,0,0
30032,1,0,0,0,0
30033,1,0,0,0,0
30034,1,0,0,0,0
30035,1,0,0,0,0
30036,1,0,0,0,0
30037,1,0,0,0,0
30038,1,0,0,0,0
30039,1,0,0,0,0
30040,1,0,0,0,0
30041,1,0,0,0,0
30042,1,0,0,0,0
30043,1,0,0,0,0
30044,1,0,0,0,0
30045,1,0,0,0,0
30046,1,0,0,0,0
30047,1,0,0,0,0
30048,1,0,0,0,0
30049,1,0,0,0,0
30050,1,0,0,0,0
30051,1,0,0,0,0
30052,1,0,0,0,0
30053,1,0,0,0,0
30054,1,0,0,0,0
30055,1,0,0,0,0
30056,1,0,0,0,0
30057,1,0,0,0,0
30058,1,0,0,0,0
30059,1,0,0,0,0
30060,1,0,0,0,0
30061,1,0,0,0,0
30062,1,0,0,0,0
30063,1,0,0,0,0
30064,1,0,0,0,0
30065,1,0,0,0,0
30066,1,0,0,0,0
30067,1,0,0,0,0
30068,1,0,0,0,0
30069,1,0,0,0,0
30070,1,0,0,0,0
30071,1,0,0,0,0
30072,1,0,0,0,0
30073,1,0,0,0,0
30074,1,0,0,0,0
30075,1,0,0,0,0
30076,1,0,0,0,0
30077,1,0,0,0,0
30078,1,0,0,0,0
30079,1,0,0,0,0
30080,1,0,0,0,0
30081,1,0,0,0,0
30082,1,0,0,0,0
30083,1,0,0,0,0
30084,1,0,0,0,0
30085,1,0,0,0,0
30086,1,0,0,0,0
30087,1,0,0,0,0
30088,1,0,0,0,0
30089,1,0,0,0,0
30090,1,0,0,0,0
30091,1,0,0,0,0
30092,1,0,0,0,0
30093,1,0,0,0,0
30094,1,0,0,0,0
30095,1,0,0,0,0
30096,1,0,0,0,0
30097,0,1,0,0,0
30098,0,1,0,0,0
30099,0,1,0,0,0
30100,0,1,0,0,0
30101,0,1,0,0,0
30102,0,1,0,0,0
30103,0,1,0,0,0
30104,0,1,0,0,0
30105,0,1,0,0,0
30106,0,1,0,0,0
30107,0,1,0,0,0
30108,0,1,0,0,0
30109,0,1,0,0,0
30110,0,1,0,0,0
30111,0,1,0,0,0
30112,0,1,0,0,0
30113,0,1,0,0,0
30114,0,1,0,0,0
30115,0,1,0,0,0
30116,0,1,0,0,0
30117,0,1,0,0,0
30118,0,1,0,0,0
30119,0,1,0,0,0
30120,0,1,0,0,0
30121,0,1,0,0,0
30122,0,1,0,0,0
30123,0,1,0,0,0
30124,0,1,0,0,0
30125,0,1,0,0,0
30126,0,1,0,0,0
30127,0,1,0,0,0
30128,0,1,0,0,0
30129,0,1,0,0,0
30130,0,1,0,0,0
30131,0,1,0,0,0
30132,0,1,0,0,0
30133,0,1,0,0,0
30134,0,1,0,0,0
30135,0,1,0,0,0
30136,0,1,0,0,0
30137,0,1,0,0,0
30138,0,1,0,0,0
30139,0,1,0,0,0
30140,0,1,0,0,0
30141,0,1,0,0,0
30142,0,1,0,0,0
30143,0,1,0,0,0
30144,0,1,0,0,0
30145,0,1,0,0,0
30146,0,1,0,0,0
30147,0,1,0,0,0
30148,0,1,0,0,0
30149,0,1,0,0,0
30150,0,1,0,0,0
30151,0,1,0,0,0
30152,0,1,0,0,0
30153,0,1,0,0,0
30154,0,1,0,0,0
30155,0,1,0,0,0
30156,0,1,0,0,0
30157,0,1,0,0,0
30158,0,1,0,0,0
30159,0,1,0,0,0
30160,1,0,0,0,0
30161,1,0,0,0,0
30162,1,0,0,0,0
30163,1,0,0,0,0
30164,1,0,0,0,0
30165,1,0,0,0,0
30166,1,0,0,0,0
30167,1,0,0,0,0
30168,1,0,0,0,0
30169,1,0,0,0,0
30170,1,0,0,0,0
30171,1,0,0,0,0
30172,1,0,0,0,0
30173,1,0,0,0,0
30174,1,0,0,0,0
30175,1,0,0,0,0
30176,1,0,0,0,0
30177,1,0,0,0,0
30178,1,0,0,0,0
30179,1,0,0,0,0
30180,1,0,0,0,0
30181,1,0,0,0,0
30182,1,0,0,0,0
30183,1,0,0,0,0
30184,1,0,0,0,0
30185,1,0,0,0,0
30186,1,0,0,0,0
30187,1,0,0,0,0
30188,1,0,0,0,0
30189,1,0,0,0,0
30190,1,0,0,0,0
30191,1,0,0,0,0
30192,1,0,0,0,0
30193,1,0,0,0,0
30194,1,0,0,0,0
30195,1,0,0,0,0
30196,1,0,0,0,0
30197,1,0,0,0,0
30198,1,0,0,0,0
30199,1,0,0,0,0
30200,1,0,0,0,0
30201,1,0,0,0,0
30202,1,0,0,0,0
30203,1,0,0,0,0
30204,1,0,0,0,0
30205,1,0,0,0,0
30206,1,0,0,0,0
30207,1,0,0,0,0
30208,1,0,0,0,0
30209,1,0,0,0,0
30210,1,0,0,0,0
30211,1,0,0,0,0
30212,1,0,0,0,0
30213,1,0,0,0,0
30214,1,0,0,0,0
30215,1,0,0,0,0
30216,1,0,0,0,0
30217,1,0,0,0,0
30218,1,0,0,0,0
30219,1,0,0,0,0
30220,1,0,0,0,0
30221,1,0,0,0,0
30222,1,0,0,0,0
30223,1,0,0,0,0
30224,1,0,0,0,0
30225,1,0,0,0,0
30226,1,0,0,0,0
30227,1,0,0,0,0
30228,1,0,0,0,0
30229,1,0,0,0,0
30230,1,0,0,0,0
30231,1,0,0,0,0
30232,1,0,0,0,0
30233,1,0,0,0,0
30234,1,0,0,0,0
30235,1,0,0,0,0
30236,1,0,0,0,0
30237,1,0,0,0,0
30238,1,0,0,0,0
30239,1,0,0,0,0
30240,1,0,0,0,0
30241,1,0,0,0,0
30242,1,0,0,0,0
30243,1,0,0,0,0
30244,1,0,0,0,0
30245,1,0,0,0,0
30246,1,0,0,0,0
30247,1,0,0,0,0
30248,1,0,0,0,0
30249,1,0,0,0,0
30250,1,0,0,0,0
30251,1,0,0,0,0
30252,1,0,0,0,0
30253,1,0,0,0,0
30254,1,0,0,0,0
30255,1,0,0,0,0
30256,1,0,0,0,0
30257,1,0,0,0,0
30258,1,0,0,0,0
30259,1,0,0,0,0
30260,1,0,0,0,0
30261,1,0,0,0,0
30262,1,0,0,0,0
30263,1,0,0,0,0
30264,1,0,0,0,0
30265,1,0,0,0,0
30266,1,0,0,0,0
30267,1,0,0,0,0
30268,1,0,0,0,0
30269,1,0,0,0,0
30270,1,0,0,0,0
30271,1,0,0,0,0
30272,1,0,0,0,0
30273,1,0,0,0,0
30274,1,0,0,0,0
30275,1,0,0,0,0
30276,1,0,0,0,0
30277,1,0,0,0,0
30278,0,0,0,1,0
30279,0,0,0,1,0
30280,0,0,0,1,0
30281,0,0,0,1,0
30282,0,0,0,1,0
30283,0,0,0,1,0
30284,0,0,0,1,0
30285,0,0,0,1,0
30286,0,0,0,1,0
30287,0,0,0,1,0
30288,0,0,0,1,0
30289,0,0,0,1,0
30290,0,0,0,1,0
30291,0,0,0,1,0
30292,0,0,0,1,0
30293,0,0,0,1,0
30294,0,0,0,1,0
30295,0,0,0,1,0
30296,0,0,0,1,0
30297,1,0,0,0,0
30298,1,0,0,0,0
30299,1,0,0,0,0
30300,1,0,0,0,0
30301,1,0,0,0,0
30302,1,0,0,0,0
30303,1,0,0,0,0
30304,1,0,0,0,0
30305,1,0,0,0,0
30306,1,0,0,0,0
30307,1,0,0,0,0
30308,1,0,0,0,0
30309,1,0,0,0,0
30310,1,0,0,0,0
30311,1,0,0,0,0
30312,1,0,0,0,0
30313,1,0,0,0,0
30314,1,0,0,0,0
30315,1,0,0,0,0
30316,1,0,0,0,0
30317,1,0,0,0,0
30318,1,0,0,0,0
30319,1,0,0,0,0
30320,1,0,0,0,0
30321,1,0,0,0,0
30322,1,0,0,0,0
30323,1,0,0,0,0
30324,1,0,0,0,0
30325,1,0,0,0,0
30326,1,0,0,0,0
30327,1,0,0,0,0
30328,1,0,0,0,0
30329,1,0,0,0,0
30330,1,0,0,0,0
30331,1,0,0,0,0
30332,1,0,0,0,0
30333,1,0,0,0,0
30334,1,0,0,0,0
30335,1,0,0,0,0
30336,1,0,0,0,0
30337,1,0,0,0,0
30338,1,0,0,0,0
30339,1,0,0,0,0
30340,1,0,0,0,0
30341,1,0,0,0,0
30342,1,0,0,0,0
30343,1,0,0,0,0
30344,1,0,0,0,0
30345,1,0,0,0,0
30346,1,0,0,0,0
30347,1,0,0,0,0
30348,1,0,0,0,0
30349,1,0,0,0,0
30350,1,0,0,0,0
30351,1,0,0,0,0
30352,1,0,0,0,0
30353,1,0,0,0,0
30354,1,0,0,0,0
30355,1,0,0,0,0
30356,1,0,0,0,0
30357,1,0,0,0,0
30358,1,0,0,0,0
30359,1,0,0,0,0
30360,1,0,0,0,0
30361,1,0,0,0,0
30362,1,0,0,0,0
30363,1,0,0,0,0
30364,1,0,0,0,0
30365,1,0,0,0,0
30366,1,0,0,0,0
30367,1,0,0,0,0
30368,1,0,0,0,0
30369,1,0,0,0,0
30370,1,0,0,0,0
30371,1,0,0,0,0
30372,1,0,0,0,0
30373,1,0,0,0,0
30374,1,0,0,0,0
30375,1,0,0,0,0
30376,1,0,0,0,0
30377,1,0,0,0,0
30378,1,0,0,0,0
30379,1,0,0,0,0
30380,1,0,0,0,0
30381,1,0,0,0,0
30382,1,0,0,0,0
30383,1,0,0,0,0
30384,1,0,0,0,0
30385,1,0,0,0,0
30386,1,0,0,0,0
30387,1,0,0,0,0
30388,1,0,0,0,0
30389,1,0,0,0,0
30390,1,0,0,0,0
30391,1,0,0,0,0
30392,0,0,0,0,1
30393,0,0,0,0,1
30394,0,0,0,0,1
30395,0,0,0,0,1
30396,0,0,0,0,1
30397,0,0,0,0,1
30398,0,0,0,0,1
30399,0,0,0,0,1
30400,0,0,0,0,1
30401,0,0,0,0,1
30402,0,0,0,0,1
30403,0,0,0,0,1
30404,0,0,0,0,1
30405,0,0,0,0,1
30406,0,0,0,0,1
30407,0,0,0,0,1
30408,0,0,0,0,1
30409,0,0,0,0,1
30410,0,0,0,0,1
30411,0,0,0,0,1
30412,0,0,0,0,1
30413,0,0,0,0,1
30414,0,0,0,0,1
30415,0,0,0,0,1
30416,0,0,0,0,1
30417,0,0,0,0,1
30418,0,0,0,0,1
30419,0,0,0,0,1
30420,0,0,0,0,1
30421,0,0,0,0,1
30422,1,0,0,0,0
30423,1,0,0,0,0
30424,1,0,0,0,0
30425,1,0,0,0,0
30426,1,0,0,0,0
30427,1,0,0,0,0
30428,1,0,0,0,0
30429,1,0,0,0,0
30430,1,0,0,0,0
30431,1,0,0,0,0
30432,1,0,0,0,0
30433,1,0,0,0,0
30434,1,0,0,0,0
30435,1,0,0,0,0
30436,1,0,0,0,0
30437,1,0,0,0,0
30438,1,0,0,0,0
30439,1,0,0,0,0
30440,1,0,0,0,0
30441,1,0,0,0,0
30442,1,0,0,0,0
30443,1,0,0,0,0
30444,1,0,0,0,0
30445,1,0,0,0,0
30446,1,0,0,0,0
30447,1,0,0,0,0
30448,1,0,0,0,0
30449,1,0,0,0,0
30450,1,0,0,0,0
30451,1,0,0,0,0
30452,1,0,0,0,0
30453,1,0,0,0,0
30454,1,0,0,0,0
30455,1,0,0,0,0
30456,1,0,0,0,0
30457,1,0,0,0,0
30458,1,0,0,0,0
30459,1,0,0,0,0
30460,1,0,0,0,0
30461,1,0,0,0,0
30462,1,0,0,0,0
30463,1,0,0,0,0
30464,1,0,0,0,0
30465,1,0,0,0,0
30466,1,0,0,0,0
30467,1,0,0,0,0
30468,1,0,0,0,0
30469,1,0,0,0,0
30470,1,0,0,0,0
30471,1,0,0,0,0
30472,1,0,0,0,0
30473,1,0,0,0,0
30474,1,0,0,0,0
30475,1,0,0,0,0
30476,1,0,0,0,0
30477,1,0,0,0,0
30478,1,0,0,0,0
30479,1,0,0,0,0
30480,1,0,0,0,0
30481,1,0,0,0,0
30482,1,0,0,0,0
30483,1,0,0,0,0
30484,1,0,0,0,0
30485,1,0,0,0,0
30486,1,0,0,0,0
30487,1,0,0,0,0
30488,1,0,0,0,0
30489,1,0,0,0,0
30490,1,0,0,0,0
30491,1,0,0,0,0
30492,1,0,0,0,0
30493,1,0,0,0,0
30494,1,0,0,0,0
30495,1,0,0,0,0
30496,1,0,0,0,0
30497,1,0,0,0,0
30498,1,0,0,0,0
30499,1,0,0,0,0
30500,1,0,0,0,0
30501,1,0,0,0,0
30502,1,0,0,0,0
30503,1,0,0,0,0
30504,1,0,0,0,0
30505,1,0,0,0,0
30506,1,0,0,0,0
30507,1,0,0,0,0
30508,1,0,0,0,0
30509,1,0,0,0,0
30510,1,0,0,0,0
30511,1,0,0,0,0
30512,1,0,0,0,0
30513,1,0,0,0,0
30514,0,1,0,0,0
30515,0,1,0,0,0
30516,0,1,0,0,0
30517,0,1,0,0,0
30518,0,1,0,0,0
30519,0,1,0,0,0
30520,0,1,0,0,0
30521,0,1,0,0,0
30522,0,1,0,0,0
30523,0,1,0,0,0
30524,0,1,0,0,0
30525,0,1,0,0,0
30526,0,1,0,0,0
30527,0,1,0,0,0
30528,0,1,0,0,0
30529,0,1,0,0,0
30530,0,1,0,0,0
30531,0,1,0,0,0
30532,0,1,0,0,0
30533,0,1,0,0,0
30534,0,1,0,0,0
30535,0,1,0,0,0
30536,0,1,0,0,0
30537,0,1,0,0,0
30538,0,1,0,0,0
30539,0,1,0,0,0
30540,0,1,0,0,0
30541,0,1,0,0,0
30542,0,1,0,0,0
30543,0,1,0,0,0
30544,0,1,0,0,0
30545,0,1,0,0,0
30546,0,1,0,0,0
30547,0,1,0,0,0
30548,0,1,0,0,0
30549,0,1,0,0,0
30550,0,1,0,0,0
30551,0,1,0,0,0
30552,0,1,0,0,0
30553,0,1,0,0,0
30554,0,1,0,0,0
30555,0,1,0,0,0
30556,0,1,0,0,0
30557,0,1,0,0,0
30558,0,1,0,0,0
30559,0,1,0,0,0
30560,0,1,0,0,0
30561,0,1,0,0,0
30562,0,1,0,0,0
30563,1,0,0,0,0
30564,1,0,0,0,0
30565,1,0,0,0,0
30566,1,0,0,0,0
30567,1,0,0,0,0
30568,1,0,0,0,0
30569,1,0,0,0,0
30570,1,0,0,0,0
30571,1,0,0,0,0
30572,1,0,0,0,0
30573,1,0,0,0,0
30574,1,0,0,0,0
30575,1,0,0,0,0
30576,1,0,0,0,0
30577,1,0,0,0,0
30578,1,0,0,0,0
30579,1,0,0,0,0
30580,1,0,0,0,0
30581,1,0,0,0,0
30582,1,0,0,0,0
30583,1,0,0,0,0
30584,1,0,0,0,0
30585,1,0,0,0,0
30586,1,0,0,0,0
30587,1,0,0,0,0
30588,1,0,0,0,0
30589,1,0,0,0,0
30590,1,0,0,0,0
30591,1,0,0,0,0
30592,1,0,0,0,0
30593,1,0,0,0,0
30594,1,0,0,0,0
30595,1,0,0,0,0
30596,1,0,0,0,0
30597,1,0,0,0,0
30598,1,0,0,0,0
30599,1,0,0,0,0
30600,1,0,0,0,0
30601,1,0,0,0,0
30602,1,0,0,0,0
30603,1,0,0,0,0
30604,1,0,0,0,0
30605,1,0,0,0,0
30606,1,0,0,0,0
30607,1,0,0,0,0
30608,1,0,0,0,0
30609,1,0,0,0,0
30610,1,0,0,0,0
30611,1,0,0,0,0
30612,1,0,0,0,0
30613,1,0,0,0,0
30614,1,0,0,0,0
30615,1,0,0,0,0
30616,1,0,0,0,0
30617,1,0,0,0,0
30618,1,0,0,0,0
30619,1,0,0,0,0
30620,1,0,0,0,0
30621,1,0,0,0,0
30622,1,0,0,0,0
30623,1,0,0,0,0
30624,1,0,0,0,0
30625,1,0,0,0,0
30626,1,0,0,0,0
30627,1,0,0,0,0
30628,1,0,0,0,0
30629,1,0,0,0,0
30630,1,0,0,0,0
30631,1,0,0,0,0
30632,1,0,0,0,0
30633,1,0,0,0,0
30634,1,0,0,0,0
30635,1,0,0,0,0
30636,1,0,0,0,0
30637,1,0,0,0,0
30638,1,0,0,0,0
30639,1,0,0,0,0
30640,1,0,0,0,0
30641,1,0,0,0,0
30642,1,0,0,0,0
30643,1,0,0,0,0
30644,1,0,0,0,0
30645,1,0,0,0,0
30646,1,0,0,0,0
30647,1,0,0,0,0
30648,1,0,0,0,0
30649,1,0,0,0,0
30650,1,0,0,0,0
30651,1,0,0,0,0
30652,1,0,0,0,0
30653,1,0,0,0,0
30654,1,0,0,0,0
30655,1,0,0,0,0
30656,1,0,0,0,0
30657,1,0,0,0,0
30658,1,0,0,0,0
30659,1,0,0,0,0
30660,1,0,0,0,0
30661,1,0,0,0,0
30662,1,0,0,0,0
30663,1,0,0,0,0
30664,1,0,0,0,0
30665,1,0,0,0,0
30666,1,0,0,0,0
30667,1,0,0,0,0
30668,1,0,0,0,0
30669,1,0,0,0,0
30670,1,0,0,0,0
30671,1,0,0,0,0
30672,1,0,0,0,0
30673,1,0,0,0,0
30674,1,0,0,0,0
30675,1,0,0,0,0
30676,1,0,0,0,0
30677,1,0,0,0,0
30678,1,0,0,0,0
30679,1,0,0,0,0
30680,1,0,0,0,0
30681,1,0,0,0,0
30682,1,0,0,0,0
30683,1,0,0,0,0
30684,1,0,0,0,0
30685,1,0,0,0,0
30686,1,0,0,0,0
30687,1,0,0,0,0
30688,1,0,0,0,0
30689,1,0,0,0,0
30690,1,0,0,0,0
30691,1,0,0,0,0
30692,1,0,0,0,0
30693,1,0,0,0,0
30694,1,0,0,0,0
30695,1,0,0,0,0
30696,1,0,0,0,0
30697,1,0,0,0,0
30698,1,0,0,0,0
30699,1,0,0,0,0
30700,1,0,0,0,0
30701,1,0,0,0,0
30702,1,0,0,0,0
30703,1,0,0,0,0
30704,1,0,0,0,0
30705,1,0,0,0,0
30706,1,0,0,0,0
30707,1,0,0,0,0
30708,1,0,0,0,0
30709,0,0,0,0,1
30710,0,0,0,0,1
30711,0,0,0,0,1
30712,0,0,0,0,1
30713,0,0,0,0,1
30714,0,0,0,0,1
30715,0,0,0,0,1
30716,0,0,0,0,1
30717,0,0,0,0,1
30718,0,0,0,0,1
30719,0,0,0,0,1
30720,0,0,0,0,1
30721,0,0,0,0,1
30722,0,0,0,0,1
30723,0,0,0,0,1
30724,0,0,0,0,1
30725,0,0,0,0,1
30726,0,0,0,0,1
30727,0,0,0,0,1
30728,0,0,0,0,1
30729,0,0,0,0,1
30730,0,0,0,0,1
30731,0,0,0,0,1
30732,0,0,0,0,1
30733,0,0,0,0,1
30734,0,0,0,0,1
30735,0,0,0,0,1
30736,0,0,0,0,1
30737,0,0,0,0,1
30738,0,0,0,0,1
30739,0,0,0,0,1
30740,0,0,0,0,1
30741,0,0,0,0,1
30742,0,0,0,0,1
30743,0,0,0,0,1
30744,0,0,0,0,1
30745,0,0,0,0,1
30746,0,0,0,0,1
30747,0,0,0,0,1
30748,0,0,0,0,1
30749,0,0,0,0,1
30750,0,0,0,0,1
30751,0,0,0,0,1
30752,0,0,0,0,1
30753,0,0,0,0,1
30754,0,0,0,0,1
30755,0,0,0,0,1
30756,0,0,0,0,1
30757,0,0,0,0,1
30758,0,0,0,0,1
30759,0,0,0,0,1
30760,0,0,0,0,1
30761,0,0,0,0,1
30762,0,0,0,0,1
30763,0,0,0,0,1
30764,0,0,0,0,1
30765,0,0,0,0,1
30766,0,0,0,0,1
30767,0,0,0,0,1
30768,0,0,0,0,1
30769,0,0,0,0,1
30770,0,0,0,0,1
30771,1,0,0,0,0
30772,1,0,0,0,0
30773,1,0,0,0,0
30774,1,0,0,0,0
30775,1,0,0,0,0
30776,1,0,0,0,0
30777,1,0,0,0,0
30778,1,0,0,0,0
30779,1,0,0,0,0
30780,1,0,0,0,0
30781,1,0,0,0,0
30782,1,0,0,0,0
30783,1,0,0,0,0
30784,1,0,0,0,0
30785,1,0,0,0,0
30786,1,0,0,0,0
30787,1,0,0,0,0
30788,1,0,0,0,0
30789,1,0,0,0,0
30790,1,0,0,0,0
30791,1,0,0,0,0
30792,1,0,0,0,0
30793,1,0,0,0,0
30794,1,0,0,0,0
30795,1,0,0,0,0
30796,1,0,0,0,0
30797,1,0,0,0,0
30798,1,0,0,0,0
30799,1,0,0,0,0
30800,1,0,0,0,0
30801,1,0,0,0,0
30802,1,0,0,0,0
30803,1,0,0,0,0
30804,1,0,0,0,0
30805,1,0,0,0,0
30806,1,0,0,0,0
30807,1,0,0,0,0
30808,1,0,0,0,0
30809,1,0,0,0,0
30810,1,0,0,0,0
30811,1,0,0,0,0
30812,1,0,0,0,0
30813,1,0,0,0,0
30814,1,0,0,0,0
30815,1,0,0,0,0
30816,1,0,0,0,0
30817,1,0,0,0,0
30818,1,0,0,0,0
30819,1,0,0,0,0
30820,1,0,0,0,0
30821,1,0,0,0,0
30822,1,0,0,0,0
30823,1,0,0,0,0
30824,1,0,0,0,0
30825,1,0,0,0,0
30826,1,0,0,0,0
30827,1,0,0,0,0
30828,1,0,0,0,0
30829,1,0,0,0,0
30830,1,0,0,0,0
30831,1,0,0,0,0
30832,1,0,0,0,0
30833,1,0,0,0,0
30834,1,0,0,0,0
30835,1,0,0,0,0
30836,1,0,0,0,0
30837,1,0,0,0,0
30838,1,0,0,0,0
30839,1,0,0,0,0
30840,1,0,0,0,0
30841,1,0,0,0,0
30842,1,0,0,0,0
30843,1,0,0,0,0
30844,1,0,0,0,0
30845,1,0,0,0,0
30846,1,0,0,0,0
30847,1,0,0,0,0
30848,1,0,0,0,0
30849,1,0,0,0,0
30850,1,0,0,0,0
30851,1,0,0,0,0
30852,1,0,0,0,0
30853,1,0,0,0,0
30854,1,0,0,0,0
30855,1,0,0,0,0
30856,1,0,0,0,0
30857,1,0,0,0,0
30858,1,0,0,0,0
30859,1,0,0,0,0
30860,1,0,0,0,0
30861,1,0,0,0,0
30862,1,0,0,0,0
30863,1,0,0,0,0
30864,1,0,0,0,0
30865,1,0,0,0,0
30866,1,0,0,0,0
30867,1,0,0,0,0
30868,1,0,0,0,0
30869,1,0,0,0,0
30870,1,0,0,0,0
30871,1,0,0,0,0
30872,1,0,0,0,0
30873,1,0,0,0,0
30874,1,0,0,0,0
30875,1,0,0,0,0
30876,1,0,0,0,0
30877,1,0,0,0,0
30878,1,0,0,0,0
30879,1,0,0,0,0
30880,1,0,0,0,0
30881,1,0,0,0,0
30882,1,0,0,0,0
30883,1,0,0,0,0
30884,1,0,0,0,0
30885,1,0,0,0,0
30886,1,0,0,0,0
30887,1,0,0,0,0
30888,1,0,0,0,0
30889,1,0,0,0,0
30890,1,0,0,0,0
30891,1,0,0,0,0
30892,1,0,0,0,0
30893,1,0,0,0,0
30894,1,0,0,0,0
30895,1,0,0,0,0
30896,1,0,0,0,0
30897,1,0,0,0,0
30898,1,0,0,0,0
30899,1,0,0,0,0
30900,1,0,0,0,0
30901,1,0,0,0,0
30902,1,0,0,0,0
30903,1,0,0,0,0
30904,1,0,0,0,0
30905,1,0,0,0,0
30906,1,0,0,0,0
30907,1,0,0,0,0
30908,1,0,0,0,0
30909,1,0,0,0,0
30910,1,0,0,0,0
30911,1,0,0,0,0
30912,1,0,0,0,0
30913,1,0,0,0,0
30914,1,0,0,0,0
30915,1,0,0,0,0
30916,1,0,0,0,0
30917,1,0,0,0,0
30918,1,0,0,0,0
30919,1,0,0,0,0
30920,1,0,0,0,0
30921,1,0,0,0,0
30922,1,0,0,0,0
30923,1,0,0,0,0
30924,1,0,0,0,0
30925,1,0,0,0,0
30926,1,0,0,0,0
30927,1,0,0,0,0
30928,1,0,0,0,0
30929,1,0,0,0,0
30930,1,0,0,0,0
30931,1,0,0,0,0
30932,1,0,0,0,0
30933,1,0,0,0,0
30934,1,0,0,0,0
30935,1,0,0,0,0
30936,1,0,0,0,0
30937,1,0,0,0,0
30938,1,0,0,0,0
30939,1,0,0,0,0
30940,1,0,0,0,0
30941,1,0,0,0,0
30942,1,0,0,0,0
30943,1,0,0,0,0
30944,1,0,0,0,0
30945,1,0,0,0,0
30946,1,0,0,0,0
30947,1,0,0,0,0
30948,1,0,0,0,0
30949,1,0,0,0,0
30950,1,0,0,0,0
30951,1,0,0,0,0
30952,1,0,0,0,0
30953,1,0,0,0,0
30954,1,0,0,0,0
30955,1,0,0,0,0
30956,1,0,0,0,0
30957,1,0,0,0,0
30958,1,0,0,0,0
30959,1,0,0,0,0
30960,1,0,0,0,0
30961,1,0,0,0,0
30962,1,0,0,0,0
30963,1,0,0,0,0
30964,1,0,0,0,0
30965,1,0,0,0,0
30966,1,0,0,0,0
30967,1,0,0,0,0
30968,1,0,0,0,0
30969,1,0,0,0,0
30970,1,0,0,0,0
30971,1,0,0,0,0
30972,1,0,0,0,0
30973,1,0,0,0,0
30974,1,0,0,0,0
30975,1,0,0,0,0
30976,1,0,0,0,0
30977,1,0,0,0,0
30978,1,0,0,0,0
30979,1,0,0,0,0
30980,1,0,0,0,0
30981,1,0,0,0,0
30982,1,0,0,0,0
30983,1,0,0,0,0
30984,1,0,0,0,0
30985,1,0,0,0,0
30986,1,0,0,0,0
30987,1,0,0,0,0
30988,1,0,0,0,0
30989,1,0,0,0,0
30990,1,0,0,0,0
30991,1,0,0,0,0
30992,1,0,0,0,0
30993,1,0,0,0,0
30994,1,0,0,0,0
30995,1,0,0,0,0
30996,1,0,0,0,0
30997,1,0,0,0,0
30998,1,0,0,0,0
30999,1,0,0,0,0
31000,1,0,0,0,0
31001,1,0,0,0,0
31002,1,0,0,0,0
31003,1,0,0,0,0
31004,1,0,0,0,0
31005,1,0,0,0,0
31006,1,0,0,0,0
31007,1,0,0,0,0
31008,1,0,0,0,0
31009,1,0,0,0,0
31010,1,0,0,0,0
31011,1,0,0,0,0
31012,1,0,0,0,0
31013,1,0,0,0,0
31014,1,0,0,0,0
31015,1,0,0,0,0
31016,1,0,0,0,0
31017,1,0,0,0,0
31018,1,0,0,0,0
31019,1,0,0,0,0
31020,1,0,0,0,0
31021,1,0,0,0,0
31022,1,0,0,0,0
31023,1,0,0,0,0
31024,1,0,0,0,0
31025,1,0,0,0,0
31026,1,0,0,0,0
31027,1,0,0,0,0
31028,1,0,0,0,0
31029,1,0,0,0,0
31030,1,0,0,0,0
31031,1,0,0,0,0
31032,1,0,0,0,0
31033,1,0,0,0,0
31034,1,0,0,0,0
31035,1,0,0,0,0
31036,1,0,0,0,0
31037,1,0,0,0,0
31038,1,0,0,0,0
31039,1,0,0,0,0
31040,1,0,0,0,0
31041,1,0,0,0,0
31042,1,0,0,0,0
31043,1,0,0,0,0
31044,1,0,0,0,0
31045,1,0,0,0,0
31046,1,0,0,0,0
31047,1,0,0,0,0
31048,1,0,0,0,0
31049,1,0,0,0,0
31050,1,0,0,0,0
31051,1,0,0,0,0
31052,1,0,0,0,0
31053,1,0,0,0,0
31054,1,0,0,0,0
31055,1,0,0,0,0
31056,1,0,0,0,0
31057,1,0,0,0,0
31058,1,0,0,0,0
31059,1,0,0,0,0
31060,1,0,0,0,0
31061,1,0,0,0,0
31062,1,0,0,0,0
31063,1,0,0,0,0
31064,1,0,0,0,0
31065,1,0,0,0,0
31066,1,0,0,0,0
31067,1,0,0,0,0
31068,1,0,0,0,0
31069,1,0,0,0,0
31070,1,0,0,0,0
31071,1,0,0,0,0
31072,1,0,0,0,0
31073,1,0,0,0,0
31074,1,0,0,0,0
31075,1,0,0,0,0
31076,1,0,0,0,0
31077,1,0,0,0,0
31078,1,0,0,0,0
31079,1,0,0,0,0
31080,1,0,0,0,0
31081,1,0,0,0,0
31082,1,0,0,0,0
31083,1,0,0,0,0
31084,1,0,0,0,0
31085,1,0,0,0,0
31086,1,0,0,0,0
31087,1,0,0,0,0
31088,1,0,0,0,0
31089,1,0,0,0,0
31090,1,0,0,0,0
31091,1,0,0,0,0
31092,1,0,0,0,0
31093,1,0,0,0,0
31094,1,0,0,0,0
31095,1,0,0,0,0
31096,1,0,0,0,0
31097,1,0,0,0,0
31098,1,0,0,0,0
31099,1,0,0,0,0
31100,1,0,0,0,0
31101,1,0,0,0,0
31102,1,0,0,0,0
31103,1,0,0,0,0
31104,1,0,0,0,0
31105,1,0,0,0,0
31106,1,0,0,0,0
31107,1,0,0,0,0
31108,1,0,0,0,0
31109,1,0,0,0,0
31110,1,0,0,0,0
31111,1,0,0,0,0
31112,1,0,0,0,0
31113,1,0,0,0,0
31114,1,0,0,0,0
31115,1,0,0,0,0
31116,1,0,0,0,0
31117,1,0,0,0,0
31118,1,0,0,0,0
31119,1,0,0,0,0
31120,1,0,0,0,0
31121,1,0,0,0,0
31122,1,0,0,0,0
31123,1,0,0,0,0
31124,1,0,0,0,0
31125,1,0,0,0,0
31126,1,0,0,0,0
31127,1,0,0,0,0
31128,1,0,0,0,0
31129,1,0,0,0,0
31130,1,0,0,0,0
31131,1,0,0,0,0
31132,1,0,0,0,0
31133,1,0,0,0,0
31134,1,0,0,0,0
31135,1,0,0,0,0
31136,1,0,0,0,0
31137,1,0,0,0,0
31138,1,0,0,0,0
31139,1,0,0,0,0
31140,1,0,0,0,0
31141,1,0,0,0,0
31142,1,0,0,0,0
31143,1,0,0,0,0
31144,1,0,0,0,0
31145,1,0,0,0,0
31146,1,0,0,0,0
31147,1,0,0,0,0
31148,1,0,0,0,0
31149,1,0,0,0,0
31150,1,0,0,0,0
31151,1,0,0,0,0
31152,1,0,0,0,0
31153,1,0,0,0,0
31154,1,0,0,0,0
31155,1,0,0,0,0
31156,1,0,0,0,0
31157,1,0,0,0,0
31158,1,0,0,0,0
31159,1,0,0,0,0
31160,1,0,0,0,0
31161,1,0,0,0,0
31162,1,0,0,0,0
31163,1,0,0,0,0
31164,1,0,0,0,0
31165,1,0,0,0,0
31166,1,0,0,0,0
31167,1,0,0,0,0
31168,1,0,0,0,0
31169,1,0,0,0,0
31170,1,0,0,0,0
31171,1,0,0,0,0
31172,1,0,0,0,0
31173,1,0,0,0,0
31174,1,0,0,0,0
31175,1,0,0,0,0
31176,1,0,0,0,0
31177,1,0,0,0,0
31178,1,0,0,0,0
31179,1,0,0,0,0
31180,1,0,0,0,0
31181,1,0,0,0,0
31182,1,0,0,0,0
31183,1,0,0,0,0
31184,1,0,0,0,0
31185,1,0,0,0,0
31186,1,0,0,0,0
31187,1,0,0,0,0
31188,1,0,0,0,0
31189,1,0,0,0,0
31190,1,0,0,0,0
31191,1,0,0,0,0
31192,1,0,0,0,0
31193,1,0,0,0,0
31194,1,0,0,0,0
31195,1,0,0,0,0
31196,1,0,0,0,0
31197,1,0,0,0,0
31198,1,0,0,0,0
31199,1,0,0,0,0
31200,1,0,0,0,0
31201,1,0,0,0,0
31202,1,0,0,0,0
31203,1,0,0,0,0
31204,1,0,0,0,0
31205,1,0,0,0,0
31206,1,0,0,0,0
31207,1,0,0,0,0
31208,1,0,0,0,0
31209,1,0,0,0,0
31210,1,0,0,0,0
31211,1,0,0,0,0
31212,0,0,1,0,0
31213,0,0,1,0,0
31214,0,0,1,0,0
31215,0,0,1,0,0
31216,0,0,1,0,0
31217,0,0,1,0,0
31218,0,0,1,0,0
31219,0,0,1,0,0
31220,0,0,1,0,0
31221,0,0,1,0,0
31222,0,0,1,0,0
31223,0,0,1,0,0
31224,0,0,1,0,0
31225,0,0,1,0,0
31226,0,0,1,0,0
31227,0,0,1,0,0
31228,1,0,0,0,0
31229,1,0,0,0,0
31230,1,0,0,0,0
31231,1,0,0,0,0
31232,1,0,0,0,0
31233,1,0,0,0,0
31234,1,0,0,0,0
31235,1,0,0,0,0
31236,1,0,0,0,0
31237,1,0,0,0,0
31238,1,0,0,0,0
31239,1,0,0,0,0
31240,1,0,0,0,0
31241,1,0,0,0,0
31242,1,0,0,0,0
31243,1,0,0,0,0
31244,1,0,0,0,0
31245,1,0,0,0,0
31246,1,0,0,0,0
31247,1,0,0,0,0
31248,1,0,0,0,0
31249,1,0,0,0,0
31250,1,0,0,0,0
31251,1,0,0,0,0
31252,1,0,0,0,0
31253,1,0,0,0,0
31254,1,0,0,0,0
31255,1,0,0,0,0
31256,1,0,0,0,0
31257,1,0,0,0,0
31258,1,0,0,0,0
31259,1,0,0,0,0
31260,1,0,0,0,0
31261,1,0,0,0,0
31262,1,0,0,0,0
31263,1,0,0,0,0
31264,1,0,0,0,0
31265,1,0,0,0,0
31266,1,0,0,0,0
31267,1,0,0,0,0
31268,1,0,0,0,0
31269,1,0,0,0,0
31270,1,0,0,0,0
31271,1,0,0,0,0
31272,1,0,0,0,0
31273,1,0,0,0,0
31274,1,0,0,0,0
31275,1,0,0,0,0
31276,1,0,0,0,0
31277,1,0,0,0,0
31278,1,0,0,0,0
31279,1,0,0,0,0
31280,1,0,0,0,0
31281,1,0,0,0,0
31282,1,0,0,0,0
31283,1,0,0,0,0
31284,1,0,0,0,0
31285,1,0,0,0,0
31286,1,0,0,0,0
31287,1,0,0,0,0
31288,1,0,0,0,0
31289,1,0,0,0,0
31290,1,0,0,0,0
31291,1,0,0,0,0
31292,1,0,0,0,0
31293,1,0,0,0,0
31294,1,0,0,0,0
31295,1,0,0,0,0
31296,1,0,0,0,0
31297,1,0,0,0,0
31298,1,0,0,0,0
31299,1,0,0,0,0
31300,1,0,0,0,0
31301,1,0,0,0,0
31302,1,0,0,0,0
31303,1,0,0,0,0
31304,1,0,0,0,0
31305,1,0,0,0,0
31306,1,0,0,0,0
31307,1,0,0,0,0
31308,1,0,0,0,0
31309,1,0,0,0,0
31310,1,0,0,0,0
31311,1,0,0,0,0
31312,1,0,0,0,0
31313,1,0,0,0,0
31314,1,0,0,0,0
31315,1,0,0,0,0
31316,1,0,0,0,0
31317,1,0,0,0,0
31318,1,0,0,0,0
31319,1,0,0,0,0
31320,1,0,0,0,0
31321,1,0,0,0,0
31322,1,0,0,0,0
31323,1,0,0,0,0
31324,1,0,0,0,0
31325,1,0,0,0,0
31326,1,0,0,0,0
31327,1,0,0,0,0
31328,1,0,0,0,0
31329,1,0,0,0,0
31330,1,0,0,0,0
31331,1,0,0,0,0
31332,1,0,0,0,0
31333,1,0,0,0,0
31334,1,0,0,0,0
31335,1,0,0,0,0
31336,1,0,0,0,0
31337,1,0,0,0,0
31338,1,0,0,0,0
31339,1,0,0,0,0
31340,1,0,0,0,0
31341,1,0,0,0,0
31342,1,0,0,0,0
31343,1,0,0,0,0
31344,1,0,0,0,0
31345,1,0,0,0,0
31346,1,0,0,0,0
31347,1,0,0,0,0
31348,1,0,0,0,0
31349,1,0,0,0,0
31350,1,0,0,0,0
31351,1,0,0,0,0
31352,1,0,0,0,0
31353,1,0,0,0,0
31354,1,0,0,0,0
31355,1,0,0,0,0
31356,1,0,0,0,0
31357,1,0,0,0,0
31358,1,0,0,0,0
31359,1,0,0,0,0
31360,1,0,0,0,0
31361,1,0,0,0,0
31362,1,0,0,0,0
31363,1,0,0,0,0
31364,1,0,0,0,0
31365,1,0,0,0,0
31366,1,0,0,0,0
31367,1,0,0,0,0
31368,1,0,0,0,0
31369,1,0,0,0,0
31370,1,0,0,0,0
31371,1,0,0,0,0
31372,1,0,0,0,0
31373,1,0,0,0,0
31374,1,0,0,0,0
31375,1,0,0,0,0
31376,1,0,0,0,0
31377,1,0,0,0,0
31378,1,0,0,0,0
31379,1,0,0,0,0
31380,1,0,0,0,0
31381,1,0,0,0,0
31382,1,0,0,0,0
31383,1,0,0,0,0
31384,1,0,0,0,0
31385,1,0,0,0,0
31386,1,0,0,0,0
31387,1,0,0,0,0
31388,1,0,0,0,0
31389,1,0,0,0,0
31390,1,0,0,0,0
31391,1,0,0,0,0
31392,1,0,0,0,0
31393,1,0,0,0,0
31394,1,0,0,0,0
31395,1,0,0,0,0
31396,1,0,0,0,0
31397,1,0,0,0,0
31398,1,0,0,0,0
31399,1,0,0,0,0
31400,1,0,0,0,0
31401,1,0,0,0,0
31402,1,0,0,0,0
31403,1,0,0,0,0
31404,1,0,0,0,0
31405,1,0,0,0,0
31406,1,0,0,0,0
31407,1,0,0,0,0
31408,1,0,0,0,0
31409,1,0,0,0,0
31410,1,0,0,0,0
31411,1,0,0,0,0
31412,1,0,0,0,0
31413,1,0,0,0,0
31414,1,0,0,0,0
31415,1,0,0,0,0
31416,1,0,0,0,0
31417,1,0,0,0,0
31418,1,0,0,0,0
31419,1,0,0,0,0
31420,1,0,0,0,0
31421,1,0,0,0,0
31422,1,0,0,0,0
31423,1,0,0,0,0
31424,1,0,0,0,0
31425,1,0,0,0,0
31426,1,0,0,0,0
31427,1,0,0,0,0
31428,1,0,0,0,0
31429,1,0,0,0,0
31430,1,0,0,0,0
31431,1,0,0,0,0
31432,1,0,0,0,0
31433,1,0,0,0,0
31434,1,0,0,0,0
31435,1,0,0,0,0
31436,1,0,0,0,0
31437,1,0,0,0,0
31438,1,0,0,0,0
31439,1,0,0,0,0
31440,1,0,0,0,0
31441,1,0,0,0,0
31442,1,0,0,0,0
31443,1,0,0,0,0
31444,1,0,0,0,0
31445,1,0,0,0,0
31446,1,0,0,0,0
31447,1,0,0,0,0
31448,1,0,0,0,0
31449,1,0,0,0,0
31450,1,0,0,0,0
31451,1,0,0,0,0
31452,1,0,0,0,0
31453,1,0,0,0,0
31454,1,0,0,0,0
31455,1,0,0,0,0
31456,1,0,0,0,0
31457,1,0,0,0,0
31458,1,0,0,0,0
31459,1,0,0,0,0
31460,1,0,0,0,0
31461,1,0,0,0,0
31462,1,0,0,0,0
31463,1,0,0,0,0
31464,1,0,0,0,0
31465,1,0,0,0,0
31466,1,0,0,0,0
31467,1,0,0,0,0
31468,1,0,0,0,0
31469,1,0,0,0,0
31470,1,0,0,0,0
31471,1,0,0,0,0
31472,1,0,0,0,0
31473,1,0,0,0,0
31474,1,0,0,0,0
31475,1,0,0,0,0
31476,1,0,0,0,0
31477,1,0,0,0,0
31478,1,0,0,0,0
31479,1,0,0,0,0
31480,1,0,0,0,0
31481,1,0,0,0,0
31482,1,0,0,0,0
31483,1,0,0,0,0
31484,1,0,0,0,0
31485,1,0,0,0,0
31486,1,0,0,0,0
31487,1,0,0,0,0
31488,1,0,0,0,0
31489,1,0,0,0,0
31490,1,0,0,0,0
31491,1,0,0,0,0
31492,1,0,0,0,0
31493,1,0,0,0,0
31494,1,0,0,0,0
31495,1,0,0,0,0
31496,1,0,0,0,0
31497,1,0,0,0,0
31498,1,0,0,0,0
31499,1,0,0,0,0
31500,1,0,0,0,0
31501,1,0,0,0,0
31502,1,0,0,0,0
31503,1,0,0,0,0
31504,1,0,0,0,0
31505,1,0,0,0,0
31506,1,0,0,0,0
31507,1,0,0,0,0
31508,1,0,0,0,0
31509,1,0,0,0,0
31510,1,0,0,0,0
31511,1,0,0,0,0
31512,1,0,0,0,0
31513,1,0,0,0,0
31514,1,0,0,0,0
31515,1,0,0,0,0
31516,1,0,0,0,0
31517,1,0,0,0,0
31518,1,0,0,0,0
31519,1,0,0,0,0
31520,1,0,0,0,0
31521,1,0,0,0,0
31522,0,0,0,0,1
31523,0,0,0,0,1
31524,0,0,0,0,1
31525,0,0,0,0,1
31526,0,0,0,0,1
31527,0,0,0,0,1
31528,0,0,0,0,1
31529,0,0,0,0,1
31530,0,0,0,0,1
31531,0,0,0,0,1
31532,0,0,0,0,1
31533,0,0,0,0,1
31534,0,0,0,0,1
31535,0,0,0,0,1
31536,0,0,0,0,1
31537,0,0,0,0,1
31538,0,0,0,0,1
31539,0,0,0,0,1
31540,0,0,0,0,1
31541,0,0,0,0,1
31542,0,0,0,0,1
31543,0,0,0,0,1
31544,0,0,0,0,1
31545,0,0,0,0,1
31546,1,0,0,0,0
31547,1,0,0,0,0
31548,1,0,0,0,0
31549,1,0,0,0,0
31550,1,0,0,0,0
31551,1,0,0,0,0
31552,1,0,0,0,0
31553,1,0,0,0,0
31554,1,0,0,0,0
31555,1,0,0,0,0
31556,1,0,0,0,0
31557,1,0,0,0,0
31558,1,0,0,0,0
31559,1,0,0,0,0
31560,1,0,0,0,0
31561,1,0,0,0,0
31562,1,0,0,0,0
31563,1,0,0,0,0
31564,0,1,0,0,0
31565,0,1,0,0,0
31566,0,1,0,0,0
31567,0,1,0,0,0
31568,0,1,0,0,0
31569,0,1,0,0,0
31570,0,1,0,0,0
31571,0,1,0,0,0
31572,0,1,0,0,0
31573,0,1,0,0,0
31574,0,1,0,0,0
31575,0,1,0,0,0
31576,0,1,0,0,0
31577,0,1,0,0,0
31578,0,1,0,0,0
31579,0,1,0,0,0
31580,0,1,0,0,0
31581,0,1,0,0,0
31582,0,1,0,0,0
31583,0,1,0,0,0
31584,0,1,0,0,0
31585,0,1,0,0,0
31586,0,1,0,0,0
31587,0,1,0,0,0
31588,0,1,0,0,0
31589,0,1,0,0,0
31590,0,1,0,0,0
31591,0,1,0,0,0
31592,0,1,0,0,0
31593,0,1,0,0,0
31594,0,1,0,0,0
31595,0,1,0,0,0
31596,0,1,0,0,0
31597,0,1,0,0,0
31598,0,1,0,0,0
31599,0,1,0,0,0
31600,0,1,0,0,0
31601,0,1,0,0,0
31602,0,1,0,0,0
31603,0,1,0,0,0
31604,0,1,0,0,0
31605,0,1,0,0,0
31606,0,1,0,0,0
31607,0,1,0,0,0
31608,0,1,0,0,0
31609,0,1,0,0,0
31610,0,1,0,0,0
31611,0,1,0,0,0
31612,0,1,0,0,0
31613,0,1,0,0,0
31614,0,1,0,0,0
31615,0,1,0,0,0
31616,0,1,0,0,0
31617,1,0,0,0,0
31618,1,0,0,0,0
31619,1,0,0,0,0
31620,1,0,0,0,0
31621,1,0,0,0,0
31622,1,0,0,0,0
31623,1,0,0,0,0
31624,1,0,0,0,0
31625,1,0,0,0,0
31626,1,0,0,0,0
31627,1,0,0,0,0
31628,1,0,0,0,0
31629,1,0,0,0,0
31630,1,0,0,0,0
31631,1,0,0,0,0
31632,1,0,0,0,0
31633,1,0,0,0,0
31634,1,0,0,0,0
31635,1,0,0,0,0
31636,1,0,0,0,0
31637,1,0,0,0,0
31638,1,0,0,0,0
31639,1,0,0,0,0
31640,1,0,0,0,0
31641,1,0,0,0,0
31642,1,0,0,0,0
31643,1,0,0,0,0
31644,1,0,0,0,0
31645,0,0,0,1,0
31646,0,0,0,1,0
31647,0,0,0,1,0
31648,0,0,0,1,0
31649,0,0,0,1,0
31650,0,0,0,1,0
31651,0,0,0,1,0
31652,0,0,0,1,0
31653,0,0,0,1,0
31654,0,0,0,1,0
31655,0,0,0,1,0
31656,0,0,0,1,0
31657,0,0,0,1,0
31658,0,0,0,1,0
31659,0,0,0,1,0
31660,0,0,0,1,0
31661,0,0,0,1,0
31662,0,0,0,1,0
31663,0,0,0,1,0
31664,0,0,0,1,0
31665,0,0,0,1,0
31666,0,0,0,1,0
31667,0,0,0,1,0
31668,0,0,0,1,0
31669,0,0,0,1,0
31670,0,0,0,1,0
31671,0,0,0,1,0
31672,0,0,0,1,0
31673,0,0,0,1,0
31674,0,0,0,1,0
31675,0,0,0,1,0
31676,0,0,0,1,0
31677,0,0,0,1,0
31678,0,0,0,1,0
31679,0,0,0,1,0
31680,1,0,0,0,0
31681,1,0,0,0,0
31682,1,0,0,0,0
31683,1,0,0,0,0
31684,1,0,0,0,0
31685,1,0,0,0,0
31686,1,0,0,0,0
31687,1,0,0,0,0
31688,1,0,0,0,0
31689,1,0,0,0,0
31690,1,0,0,0,0
31691,1,0,0,0,0
31692,1,0,0,0,0
31693,1,0,0,0,0
31694,1,0,0,0,0
31695,1,0,0,0,0
31696,1,0,0,0,0
31697,1,0,0,0,0
31698,1,0,0,0,0
31699,1,0,0,0,0
31700,1,0,0,0,0
31701,1,0,0,0,0
31702,1,0,0,0,0
31703,1,0,0,0,0
31704,1,0,0,0,0
31705,1,0,0,0,0
31706,1,0,0,0,0
31707,1,0,0,0,0
31708,1,0,0,0,0
31709,1,0,0,0,0
31710,1,0,0,0,0
31711,1,0,0,0,0
31712,1,0,0,0,0
31713,1,0,0,0,0
31714,1,0,0,0,0
31715,1,0,0,0,0
31716,1,0,0,0,0
31717,1,0,0,0,0
31718,1,0,0,0,0
31719,1,0,0,0,0
31720,1,0,0,0,0
31721,1,0,0,0,0
31722,1,0,0,0,0
31723,1,0,0,0,0
31724,1,0,0,0,0
31725,1,0,0,0,0
31726,1,0,0,0,0
31727,1,0,0,0,0
31728,1,0,0,0,0
31729,1,0,0,0,0
31730,1,0,0,0,0
31731,1,0,0,0,0
31732,1,0,0,0,0
31733,1,0,0,0,0
31734,1,0,0,0,0
31735,1,0,0,0,0
31736,1,0,0,0,0
31737,1,0,0,0,0
31738,1,0,0,0,0
31739,1,0,0,0,0
31740,1,0,0,0,0
31741,1,0,0,0,0
31742,1,0,0,0,0
31743,1,0,0,0,0
31744,1,0,0,0,0
31745,1,0,0,0,0
31746,1,0,0,0,0
31747,1,0,0,0,0
31748,1,0,0,0,0
31749,1,0,0,0,0
31750,1,0,0,0,0
31751,1,0,0,0,0
31752,1,0,0,0,0
31753,1,0,0,0,0
31754,1,0,0,0,0
31755,1,0,0,0,0
31756,1,0,0,0,0
31757,1,0,0,0,0
31758,1,0,0,0,0
31759,1,0,0,0,0
31760,1,0,0,0,0
31761,1,0,0,0,0
31762,1,0,0,0,0
31763,1,0,0,0,0
31764,1,0,0,0,0
31765,1,0,0,0,0
31766,1,0,0,0,0
31767,1,0,0,0,0
31768,1,0,0,0,0
31769,1,0,0,0,0
31770,1,0,0,0,0
31771,1,0,0,0,0
31772,1,0,0,0,0
31773,1,0,0,0,0
31774,1,0,0,0,0
31775,1,0,0,0,0
31776,1,0,0,0,0
31777,1,0,0,0,0
31778,1,0,0,0,0
31779,1,0,0,0,0
31780,0,0,0,1,0
31781,0,0,0,1,0
31782,0,0,0,1,0
31783,0,0,0,1,0
31784,0,0,0,1,0
31785,0,0,0,1,0
31786,0,0,0,1,0
31787,0,0,0,1,0
31788,0,0,0,1,0
31789,0,0,0,1,0
31790,0,0,0,1,0
31791,0,0,0,1,0
31792,0,0,0,1,0
31793,0,0,0,1,0
31794,1,0,0,0,0
31795,1,0,0,0,0
31796,1,0,0,0,0
31797,1,0,0,0,0
31798,1,0,0,0,0
31799,1,0,0,0,0
31800,1,0,0,0,0
31801,1,0,0,0,0
31802,1,0,0,0,0
31803,1,0,0,0,0
31804,1,0,0,0,0
31805,1,0,0,0,0
31806,1,0,0,0,0
31807,1,0,0,0,0
31808,1,0,0,0,0
31809,1,0,0,0,0
31810,1,0,0,0,0
31811,1,0,0,0,0
31812,1,0,0,0,0
31813,1,0,0,0,0
31814,1,0,0,0,0
31815,1,0,0,0,0
31816,1,0,0,0,0
31817,1,0,0,0,0
31818,1,0,0,0,0
31819,1,0,0,0,0
31820,1,0,0,0,0
31821,1,0,0,0,0
31822,0,0,0,1,0
31823,0,0,0,1,0
31824,0,0,0,1,0
31825,0,0,0,1,0
31826,0,0,0,1,0
31827,0,0,0,1,0
31828,0,0,0,1,0
31829,0,0,0,1,0
31830,0,0,0,1,0
31831,0,0,0,1,0
31832,0,0,0,1,0
31833,0,0,0,1,0
31834,0,0,0,1,0
31835,0,0,0,1,0
31836,0,0,0,1,0
31837,0,0,0,1,0
31838,0,0,0,1,0
31839,0,0,0,1,0
31840,0,0,0,1,0
31841,0,0,0,1,0
31842,0,0,0,1,0
31843,0,0,0,1,0
31844,0,0,0,1,0
31845,0,0,0,1,0
31846,0,0,0,1,0
31847,1,0,0,0,0
31848,1,0,0,0,0
31849,1,0,0,0,0
31850,1,0,0,0,0
31851,1,0,0,0,0
31852,1,0,0,0,0
31853,1,0,0,0,0
31854,1,0,0,0,0
31855,1,0,0,0,0
31856,1,0,0,0,0
31857,1,0,0,0,0
31858,1,0,0,0,0
31859,1,0,0,0,0
31860,1,0,0,0,0
31861,1,0,0,0,0
31862,1,0,0,0,0
31863,1,0,0,0,0
31864,1,0,0,0,0
31865,1,0,0,0,0
31866,1,0,0,0,0
31867,1,0,0,0,0
31868,1,0,0,0,0
31869,1,0,0,0,0
31870,1,0,0,0,0
31871,1,0,0,0,0
31872,1,0,0,0,0
31873,1,0,0,0,0
31874,1,0,0,0,0
31875,1,0,0,0,0
31876,1,0,0,0,0
31877,1,0,0,0,0
31878,1,0,0,0,0
31879,1,0,0,0,0
31880,1,0,0,0,0
31881,1,0,0,0,0
31882,1,0,0,0,0
31883,1,0,0,0,0
31884,1,0,0,0,0
31885,1,0,0,0,0
31886,1,0,0,0,0
31887,1,0,0,0,0
31888,1,0,0,0,0
31889,1,0,0,0,0
31890,1,0,0,0,0
31891,1,0,0,0,0
31892,1,0,0,0,0
31893,1,0,0,0,0
31894,1,0,0,0,0
31895,1,0,0,0,0
31896,1,0,0,0,0
31897,1,0,0,0,0
31898,1,0,0,0,0
31899,1,0,0,0,0
31900,1,0,0,0,0
31901,1,0,0,0,0
31902,1,0,0,0,0
31903,1,0,0,0,0
31904,1,0,0,0,0
31905,1,0,0,0,0
31906,1,0,0,0,0
31907,1,0,0,0,0
31908,1,0,0,0,0
31909,1,0,0,0,0
31910,1,0,0,0,0
31911,1,0,0,0,0
31912,1,0,0,0,0
31913,1,0,0,0,0
31914,1,0,0,0,0
31915,1,0,0,0,0
31916,1,0,0,0,0
31917,1,0,0,0,0
31918,1,0,0,0,0
31919,1,0,0,0,0
31920,1,0,0,0,0
31921,1,0,0,0,0
31922,1,0,0,0,0
31923,1,0,0,0,0
31924,1,0,0,0,0
31925,1,0,0,0,0
31926,1,0,0,0,0
31927,1,0,0,0,0
31928,1,0,0,0,0
31929,1,0,0,0,0
31930,1,0,0,0,0
31931,1,0,0,0,0
31932,1,0,0,0,0
31933,1,0,0,0,0
31934,1,0,0,0,0
31935,1,0,0,0,0
31936,1,0,0,0,0
31937,1,0,0,0,0
31938,1,0,0,0,0
31939,1,0,0,0,0
31940,1,0,0,0,0
31941,1,0,0,0,0
31942,1,0,0,0,0
31943,1,0,0,0,0
31944,1,0,0,0,0
31945,1,0,0,0,0
31946,1,0,0,0,0
31947,1,0,0,0,0
31948,1,0,0,0,0
31949,1,0,0,0,0
31950,1,0,0,0,0
31951,1,0,0,0,0
31952,1,0,0,0,0
31953,1,0,0,0,0
31954,1,0,0,0,0
31955,1,0,0,0,0
31956,1,0,0,0,0
31957,1,0,0,0,0
31958,1,0,0,0,0
31959,1,0,0,0,0
31960,1,0,0,0,0
31961,1,0,0,0,0
31962,1,0,0,0,0
31963,1,0,0,0,0
31964,1,0,0,0,0
31965,1,0,0,0,0
31966,1,0,0,0,0
31967,1,0,0,0,0
31968,1,0,0,0,0
31969,1,0,0,0,0
31970,1,0,0,0,0
31971,0,0,0,1,0
31972,0,0,0,1,0
31973,0,0,0,1,0
31974,0,0,0,1,0
31975,0,0,0,1,0
31976,0,0,0,1,0
31977,0,0,0,1,0
31978,0,0,0,1,0
31979,0,0,0,1,0
31980,0,0,0,1,0
31981,0,0,0,1,0
31982,0,0,0,1,0
31983,0,0,0,1,0
31984,0,0,0,1,0
31985,0,0,0,1,0
31986,0,0,0,1,0
31987,0,0,0,1,0
31988,0,0,0,1,0
31989,0,0,0,1,0
31990,0,0,0,1,0
31991,0,0,0,1,0
31992,0,0,0,1,0
31993,0,0,0,1,0
31994,0,0,0,1,0
31995,0,0,0,1,0
31996,0,0,0,1,0
31997,0,0,0,1,0
31998,0,0,0,1,0
31999,0,0,0,1,0
32000,0,0,0,1,0
32001,0,0,0,1,0
32002,0,0,0,1,0
32003,0,0,0,1,0
32004,0,0,0,1,0
32005,0,0,0,1,0
32006,0,0,0,1,0
32007,0,0,0,1,0
32008,0,0,0,1,0
32009,0,0,0,1,0
32010,0,0,0,1,0
32011,0,0,0,1,0
32012,0,0,0,1,0
32013,0,0,0,1,0
32014,0,0,0,1,0
32015,0,0,0,1,0
32016,0,0,0,1,0
32017,0,0,0,1,0
32018,0,0,0,1,0
32019,0,0,0,1,0
32020,0,0,0,1,0
32021,0,0,0,1,0
32022,0,0,0,1,0
32023,0,0,0,1,0
32024,0,0,0,1,0
32025,0,0,0,1,0
32026,0,0,0,1,0
32027,0,0,0,1,0
32028,0,0,0,1,0
32029,0,0,0,1,0
32030,0,0,0,1,0
32031,0,0,0,1,0
32032,0,0,0,1,0
32033,0,0,0,1,0
32034,0,0,0,1,0
32035,0,0,0,1,0
32036,0,0,0,1,0
32037,0,0,0,1,0
32038,0,0,0,1,0
32039,0,0,0,1,0
32040,0,0,0,1,0
32041,0,0,0,1,0
32042,0,0,0,1,0
32043,0,0,0,1,0
32044,1,0,0,0,0
32045,1,0,0,0,0
32046,1,0,0,0,0
32047,1,0,0,0,0
32048,1,0,0,0,0
32049,1,0,0,0,0
32050,1,0,0,0,0
32051,1,0,0,0,0
32052,1,0,0,0,0
32053,1,0,0,0,0
32054,1,0,0,0,0
32055,1,0,0,0,0
32056,1,0,0,0,0
32057,1,0,0,0,0
32058,1,0,0,0,0
32059,1,0,0,0,0
32060,1,0,0,0,0
32061,1,0,0,0,0
32062,1,0,0,0,0
32063,1,0,0,0,0
32064,1,0,0,0,0
32065,1,0,0,0,0
32066,1,0,0,0,0
32067,1,0,0,0,0
32068,1,0,0,0,0
32069,1,0,0,0,0
32070,1,0,0,0,0
32071,1,0,0,0,0
32072,1,0,0,0,0
32073,1,0,0,0,0
32074,1,0,0,0,0
32075,1,0,0,0,0
32076,1,0,0,0,0
32077,1,0,0,0,0
32078,1,0,0,0,0
32079,1,0,0,0,0
32080,1,0,0,0,0
32081,1,0,0,0,0
32082,1,0,0,0,0
32083,1,0,0,0,0
32084,1,0,0,0,0
32085,1,0,0,0,0
32086,1,0,0,0,0
32087,1,0,0,0,0
32088,1,0,0,0,0
32089,1,0,0,0,0
32090,1,0,0,0,0
32091,1,0,0,0,0
32092,1,0,0,0,0
32093,1,0,0,0,0
32094,1,0,0,0,0
32095,1,0,0,0,0
32096,1,0,0,0,0
32097,1,0,0,0,0
32098,1,0,0,0,0
32099,1,0,0,0,0
32100,1,0,0,0,0
32101,1,0,0,0,0
32102,1,0,0,0,0
32103,1,0,0,0,0
32104,1,0,0,0,0
32105,1,0,0,0,0
32106,1,0,0,0,0
32107,1,0,0,0,0
32108,1,0,0,0,0
32109,1,0,0,0,0
32110,1,0,0,0,0
32111,1,0,0,0,0
32112,1,0,0,0,0
32113,1,0,0,0,0
32114,1,0,0,0,0
32115,1,0,0,0,0
32116,1,0,0,0,0
32117,1,0,0,0,0
32118,1,0,0,0,0
32119,1,0,0,0,0
32120,1,0,0,0,0
32121,1,0,0,0,0
32122,1,0,0,0,0
32123,1,0,0,0,0
32124,1,0,0,0,0
32125,1,0,0,0,0
32126,1,0,0,0,0
32127,0,0,0,1,0
32128,0,0,0,1,0
32129,0,0,0,1,0
32130,0,0,0,1,0
32131,0,0,0,1,0
32132,0,0,0,1,0
32133,0,0,0,1,0
32134,0,0,0,1,0
32135,0,0,0,1,0
32136,0,0,0,1,0
32137,0,0,0,1,0
32138,0,0,0,1,0
32139,0,0,0,1,0
32140,0,0,0,1,0
32141,0,0,0,1,0
32142,0,0,0,1,0
32143,0,0,0,1,0
32144,0,0,0,1,0
32145,0,0,0,1,0
32146,0,0,0,1,0
32147,0,0,0,1,0
32148,0,0,0,1,0
32149,0,0,0,1,0
32150,0,0,0,1,0
32151,0,0,0,1,0
32152,0,0,0,1,0
32153,0,0,0,1,0
32154,0,0,0,1,0
32155,0,0,0,1,0
32156,0,0,0,1,0
32157,0,0,0,1,0
32158,0,0,0,1,0
32159,0,0,0,1,0
32160,0,0,0,1,0
32161,0,0,0,1,0
32162,0,0,0,1,0
32163,0,0,0,1,0
32164,0,0,0,1,0
32165,0,0,0,1,0
32166,0,0,0,1,0
32167,0,0,0,1,0
32168,0,0,0,1,0
32169,0,0,0,1,0
32170,0,0,0,1,0
32171,0,0,0,1,0
32172,0,0,0,1,0
32173,1,0,0,0,0
32174,1,0,0,0,0
32175,1,0,0,0,0
32176,1,0,0,0,0
32177,1,0,0,0,0
32178,1,0,0,0,0
32179,1,0,0,0,0
32180,1,0,0,0,0
32181,1,0,0,0,0
32182,1,0,0,0,0
32183,1,0,0,0,0
32184,1,0,0,0,0
32185,1,0,0,0,0
32186,1,0,0,0,0
32187,1,0,0,0,0
32188,1,0,0,0,0
32189,1,0,0,0,0
32190,1,0,0,0,0
32191,1,0,0,0,0
32192,1,0,0,0,0
32193,1,0,0,0,0
32194,1,0,0,0,0
32195,1,0,0,0,0
32196,1,0,0,0,0
32197,1,0,0,0,0
32198,1,0,0,0,0
32199,1,0,0,0,0
32200,1,0,0,0,0
32201,1,0,0,0,0
32202,1,0,0,0,0
32203,1,0,0,0,0
32204,1,0,0,0,0
32205,1,0,0,0,0
32206,1,0,0,0,0
32207,1,0,0,0,0
32208,1,0,0,0,0
32209,1,0,0,0,0
32210,1,0,0,0,0
32211,1,0,0,0,0
32212,1,0,0,0,0
32213,1,0,0,0,0
32214,1,0,0,0,0
32215,1,0,0,0,0
32216,1,0,0,0,0
32217,1,0,0,0,0
32218,1,0,0,0,0
32219,1,0,0,0,0
32220,1,0,0,0,0
32221,1,0,0,0,0
32222,1,0,0,0,0
32223,1,0,0,0,0
32224,1,0,0,0,0
32225,1,0,0,0,0
32226,1,0,0,0,0
32227,1,0,0,0,0
32228,1,0,0,0,0
32229,1,0,0,0,0
32230,1,0,0,0,0
32231,1,0,0,0,0
32232,1,0,0,0,0
32233,1,0,0,0,0
32234,1,0,0,0,0
32235,1,0,0,0,0
32236,1,0,0,0,0
32237,1,0,0,0,0
32238,1,0,0,0,0
32239,1,0,0,0,0
32240,1,0,0,0,0
32241,1,0,0,0,0
32242,1,0,0,0,0
32243,1,0,0,0,0
32244,1,0,0,0,0
32245,1,0,0,0,0
32246,1,0,0,0,0
32247,1,0,0,0,0
32248,1,0,0,0,0
32249,1,0,0,0,0
32250,1,0,0,0,0
32251,1,0,0,0,0
32252,1,0,0,0,0
32253,1,0,0,0,0
32254,1,0,0,0,0
32255,1,0,0,0,0
32256,1,0,0,0,0
32257,1,0,0,0,0
32258,1,0,0,0,0
32259,1,0,0,0,0
32260,1,0,0,0,0
32261,1,0,0,0,0
32262,1,0,0,0,0
32263,1,0,0,0,0
32264,1,0,0,0,0
32265,1,0,0,0,0
32266,1,0,0,0,0
32267,1,0,0,0,0
32268,1,0,0,0,0
32269,1,0,0,0,0
32270,1,0,0,0,0
32271,1,0,0,0,0
32272,1,0,0,0,0
32273,1,0,0,0,0
32274,1,0,0,0,0
32275,1,0,0,0,0
32276,1,0,0,0,0
32277,1,0,0,0,0
32278,1,0,0,0,0
32279,1,0,0,0,0
32280,1,0,0,0,0
32281,1,0,0,0,0
32282,1,0,0,0,0
32283,1,0,0,0,0
32284,1,0,0,0,0
32285,1,0,0,0,0
32286,1,0,0,0,0
32287,1,0,0,0,0
32288,1,0,0,0,0
32289,1,0,0,0,0
32290,1,0,0,0,0
32291,1,0,0,0,0
32292,1,0,0,0,0
32293,1,0,0,0,0
32294,1,0,0,0,0
32295,1,0,0,0,0
32296,1,0,0,0,0
32297,1,0,0,0,0
32298,1,0,0,0,0
32299,1,0,0,0,0
32300,1,0,0,0,0
32301,1,0,0,0,0
32302,1,0,0,0,0
32303,1,0,0,0,0
32304,1,0,0,0,0
32305,1,0,0,0,0
32306,1,0,0,0,0
32307,1,0,0,0,0
32308,1,0,0,0,0
32309,1,0,0,0,0
32310,1,0,0,0,0
32311,1,0,0,0,0
32312,1,0,0,0,0
32313,1,0,0,0,0
32314,1,0,0,0,0
32315,1,0,0,0,0
32316,1,0,0,0,0
32317,1,0,0,0,0
32318,1,0,0,0,0
32319,1,0,0,0,0
32320,1,0,0,0,0
32321,1,0,0,0,0
32322,1,0,0,0,0
32323,1,0,0,0,0
32324,1,0,0,0,0
32325,1,0,0,0,0
32326,1,0,0,0,0
32327,1,0,0,0,0
32328,1,0,0,0,0
32329,1,0,0,0,0
32330,1,0,0,0,0
32331,1,0,0,0,0
32332,1,0,0,0,0
32333,1,0,0,0,0
32334,1,0,0,0,0
32335,1,0,0,0,0
32336,1,0,0,0,0
32337,1,0,0,0,0
32338,1,0,0,0,0
32339,1,0,0,0,0
32340,1,0,0,0,0
32341,1,0,0,0,0
32342,1,0,0,0,0
32343,1,0,0,0,0
32344,1,0,0,0,0
32345,1,0,0,0,0
32346,1,0,0,0,0
32347,1,0,0,0,0
32348,1,0,0,0,0
32349,1,0,0,0,0
32350,1,0,0,0,0
32351,1,0,0,0,0
32352,1,0,0,0,0
32353,1,0,0,0,0
32354,1,0,0,0,0
32355,1,0,0,0,0
32356,0,0,0,1,0
32357,0,0,0,1,0
32358,0,0,0,1,0
32359,0,0,0,1,0
32360,0,0,0,1,0
32361,0,0,0,1,0
32362,0,0,0,1,0
32363,0,0,0,1,0
32364,0,0,0,1,0
32365,0,0,0,1,0
32366,0,0,0,1,0
32367,0,0,0,1,0
32368,0,0,0,1,0
32369,0,0,0,1,0
32370,0,0,0,1,0
32371,0,0,0,1,0
32372,0,0,0,1,0
32373,0,0,0,1,0
32374,0,0,0,1,0
32375,0,0,0,1,0
32376,0,0,0,1,0
32377,0,0,0,1,0
32378,0,0,0,1,0
32379,0,0,0,1,0
32380,0,0,0,1,0
32381,0,0,0,1,0
32382,0,0,0,1,0
32383,0,0,0,1,0
32384,0,0,0,1,0
32385,0,0,0,1,0
32386,0,0,0,1,0
32387,0,0,0,1,0
32388,1,0,0,0,0
32389,1,0,0,0,0
32390,1,0,0,0,0
32391,1,0,0,0,0
32392,1,0,0,0,0
32393,1,0,0,0,0
32394,1,0,0,0,0
32395,1,0,0,0,0
32396,1,0,0,0,0
32397,1,0,0,0,0
32398,1,0,0,0,0
32399,1,0,0,0,0
32400,1,0,0,0,0
32401,1,0,0,0,0
32402,1,0,0,0,0
32403,1,0,0,0,0
32404,1,0,0,0,0
32405,1,0,0,0,0
32406,1,0,0,0,0
32407,1,0,0,0,0
32408,1,0,0,0,0
32409,1,0,0,0,0
32410,1,0,0,0,0
32411,1,0,0,0,0
32412,1,0,0,0,0
32413,1,0,0,0,0
32414,1,0,0,0,0
32415,1,0,0,0,0
32416,1,0,0,0,0
32417,1,0,0,0,0
32418,1,0,0,0,0
32419,1,0,0,0,0
32420,1,0,0,0,0
32421,1,0,0,0,0
32422,1,0,0,0,0
32423,1,0,0,0,0
32424,1,0,0,0,0
32425,1,0,0,0,0
32426,1,0,0,0,0
32427,1,0,0,0,0
32428,1,0,0,0,0
32429,1,0,0,0,0
32430,1,0,0,0,0
32431,1,0,0,0,0
32432,1,0,0,0,0
32433,1,0,0,0,0
32434,1,0,0,0,0
32435,1,0,0,0,0
32436,1,0,0,0,0
32437,1,0,0,0,0
32438,1,0,0,0,0
32439,1,0,0,0,0
32440,1,0,0,0,0
32441,1,0,0,0,0
32442,1,0,0,0,0
32443,1,0,0,0,0
32444,1,0,0,0,0
32445,1,0,0,0,0
32446,1,0,0,0,0
32447,1,0,0,0,0
32448,1,0,0,0,0
32449,1,0,0,0,0
32450,1,0,0,0,0
32451,1,0,0,0,0
32452,1,0,0,0,0
32453,1,0,0,0,0
32454,1,0,0,0,0
32455,1,0,0,0,0
32456,1,0,0,0,0
32457,1,0,0,0,0
32458,1,0,0,0,0
32459,1,0,0,0,0
32460,1,0,0,0,0
32461,1,0,0,0,0
32462,1,0,0,0,0
32463,1,0,0,0,0
32464,1,0,0,0,0
32465,1,0,0,0,0
32466,1,0,0,0,0
32467,1,0,0,0,0
32468,1,0,0,0,0
32469,1,0,0,0,0
32470,1,0,0,0,0
32471,1,0,0,0,0
32472,1,0,0,0,0
32473,1,0,0,0,0
32474,1,0,0,0,0
32475,1,0,0,0,0
32476,1,0,0,0,0
32477,1,0,0,0,0
32478,1,0,0,0,0
32479,1,0,0,0,0
32480,1,0,0,0,0
32481,1,0,0,0,0
32482,1,0,0,0,0
32483,1,0,0,0,0
32484,1,0,0,0,0
32485,1,0,0,0,0
32486,1,0,0,0,0
32487,1,0,0,0,0
32488,1,0,0,0,0
32489,1,0,0,0,0
32490,1,0,0,0,0
32491,1,0,0,0,0
32492,1,0,0,0,0
32493,1,0,0,0,0
32494,1,0,0,0,0
32495,1,0,0,0,0
32496,1,0,0,0,0
32497,1,0,0,0,0
32498,1,0,0,0,0
32499,1,0,0,0,0
32500,1,0,0,0,0
32501,1,0,0,0,0
32502,1,0,0,0,0
32503,1,0,0,0,0
32504,1,0,0,0,0
32505,1,0,0,0,0
32506,1,0,0,0,0
32507,1,0,0,0,0
32508,1,0,0,0,0
32509,1,0,0,0,0
32510,1,0,0,0,0
32511,1,0,0,0,0
32512,1,0,0,0,0
32513,1,0,0,0,0
32514,1,0,0,0,0
32515,1,0,0,0,0
32516,1,0,0,0,0
32517,1,0,0,0,0
32518,1,0,0,0,0
32519,1,0,0,0,0
32520,1,0,0,0,0
32521,1,0,0,0,0
32522,1,0,0,0,0
32523,1,0,0,0,0
32524,1,0,0,0,0
32525,1,0,0,0,0
32526,1,0,0,0,0
32527,1,0,0,0,0
32528,1,0,0,0,0
32529,1,0,0,0,0
32530,1,0,0,0,0
32531,1,0,0,0,0
32532,1,0,0,0,0
32533,1,0,0,0,0
32534,1,0,0,0,0
32535,1,0,0,0,0
32536,1,0,0,0,0
32537,1,0,0,0,0
32538,1,0,0,0,0
32539,1,0,0,0,0
32540,1,0,0,0,0
32541,1,0,0,0,0
32542,1,0,0,0,0
32543,1,0,0,0,0
32544,1,0,0,0,0
32545,1,0,0,0,0
32546,1,0,0,0,0
32547,1,0,0,0,0
32548,1,0,0,0,0
32549,1,0,0,0,0
32550,1,0,0,0,0
32551,1,0,0,0,0
32552,1,0,0,0,0
32553,1,0,0,0,0
32554,1,0,0,0,0
32555,1,0,0,0,0
32556,1,0,0,0,0
32557,1,0,0,0,0
32558,1,0,0,0,0
32559,1,0,0,0,0
32560,1,0,0,0,0
32561,1,0,0,0,0
32562,1,0,0,0,0
32563,1,0,0,0,0
32564,1,0,0,0,0
32565,1,0,0,0,0
32566,1,0,0,0,0
32567,1,0,0,0,0
32568,1,0,0,0,0
32569,1,0,0,0,0
32570,1,0,0,0,0
32571,1,0,0,0,0
32572,1,0,0,0,0
32573,1,0,0,0,0
32574,1,0,0,0,0
32575,1,0,0,0,0
32576,1,0,0,0,0
32577,1,0,0,0,0
32578,1,0,0,0,0
32579,1,0,0,0,0
32580,1,0,0,0,0
32581,1,0,0,0,0
32582,1,0,0,0,0
32583,1,0,0,0,0
32584,1,0,0,0,0
32585,1,0,0,0,0
32586,1,0,0,0,0
32587,1,0,0,0,0
32588,1,0,0,0,0
32589,1,0,0,0,0
32590,1,0,0,0,0
32591,1,0,0,0,0
32592,1,0,0,0,0
32593,1,0,0,0,0
32594,1,0,0,0,0
32595,1,0,0,0,0
32596,1,0,0,0,0
32597,1,0,0,0,0
32598,1,0,0,0,0
32599,1,0,0,0,0
32600,1,0,0,0,0
32601,1,0,0,0,0
32602,1,0,0,0,0
32603,1,0,0,0,0
32604,1,0,0,0,0
32605,1,0,0,0,0
32606,1,0,0,0,0
32607,1,0,0,0,0
32608,1,0,0,0,0
32609,1,0,0,0,0
32610,1,0,0,0,0
32611,1,0,0,0,0
32612,1,0,0,0,0
32613,1,0,0,0,0
32614,1,0,0,0,0
32615,1,0,0,0,0
32616,1,0,0,0,0
32617,1,0,0,0,0
32618,1,0,0,0,0
32619,1,0,0,0,0
32620,1,0,0,0,0
32621,1,0,0,0,0
32622,1,0,0,0,0
32623,1,0,0,0,0
32624,1,0,0,0,0
32625,1,0,0,0,0
32626,1,0,0,0,0
32627,1,0,0,0,0
32628,1,0,0,0,0
32629,1,0,0,0,0
32630,1,0,0,0,0
32631,1,0,0,0,0
32632,1,0,0,0,0
32633,1,0,0,0,0
32634,1,0,0,0,0
32635,1,0,0,0,0
32636,1,0,0,0,0
32637,1,0,0,0,0
32638,1,0,0,0,0
32639,1,0,0,0,0
32640,1,0,0,0,0
32641,1,0,0,0,0
32642,1,0,0,0,0
32643,1,0,0,0,0
32644,1,0,0,0,0
32645,1,0,0,0,0
32646,1,0,0,0,0
32647,1,0,0,0,0
32648,1,0,0,0,0
32649,1,0,0,0,0
32650,1,0,0,0,0
32651,1,0,0,0,0
32652,1,0,0,0,0
32653,1,0,0,0,0
32654,1,0,0,0,0
32655,1,0,0,0,0
32656,1,0,0,0,0
32657,1,0,0,0,0
32658,1,0,0,0,0
32659,1,0,0,0,0
32660,1,0,0,0,0
32661,1,0,0,0,0
32662,1,0,0,0,0
32663,1,0,0,0,0
32664,1,0,0,0,0
32665,1,0,0,0,0
32666,1,0,0,0,0
32667,1,0,0,0,0
32668,1,0,0,0,0
32669,1,0,0,0,0
32670,1,0,0,0,0
32671,1,0,0,0,0
32672,1,0,0,0,0
32673,1,0,0,0,0
32674,1,0,0,0,0
32675,1,0,0,0,0
32676,1,0,0,0,0
32677,1,0,0,0,0
32678,1,0,0,0,0
32679,1,0,0,0,0
32680,1,0,0,0,0
32681,1,0,0,0,0
32682,1,0,0,0,0
32683,1,0,0,0,0
32684,1,0,0,0,0
32685,1,0,0,0,0
32686,1,0,0,0,0
32687,1,0,0,0,0
32688,1,0,0,0,0
32689,1,0,0,0,0
32690,1,0,0,0,0
32691,1,0,0,0,0
32692,1,0,0,0,0
32693,1,0,0,0,0
32694,1,0,0,0,0
32695,1,0,0,0,0
32696,1,0,0,0,0
32697,1,0,0,0,0
32698,1,0,0,0,0
32699,1,0,0,0,0
32700,1,0,0,0,0
32701,1,0,0,0,0
32702,1,0,0,0,0
32703,1,0,0,0,0
32704,1,0,0,0,0
32705,1,0,0,0,0
32706,1,0,0,0,0
32707,1,0,0,0,0
32708,1,0,0,0,0
32709,1,0,0,0,0
32710,1,0,0,0,0
32711,1,0,0,0,0
32712,1,0,0,0,0
32713,1,0,0,0,0
32714,1,0,0,0,0
32715,1,0,0,0,0
32716,1,0,0,0,0
32717,1,0,0,0,0
32718,1,0,0,0,0
32719,1,0,0,0,0
32720,1,0,0,0,0
32721,1,0,0,0,0
32722,1,0,0,0,0
32723,1,0,0,0,0
32724,1,0,0,0,0
32725,1,0,0,0,0
32726,1,0,0,0,0
32727,1,0,0,0,0
32728,1,0,0,0,0
32729,1,0,0,0,0
32730,1,0,0,0,0
32731,1,0,0,0,0
32732,1,0,0,0,0
32733,1,0,0,0,0
32734,1,0,0,0,0
32735,1,0,0,0,0
32736,1,0,0,0,0
32737,1,0,0,0,0
32738,1,0,0,0,0
32739,1,0,0,0,0
32740,1,0,0,0,0
32741,1,0,0,0,0
32742,1,0,0,0,0
32743,1,0,0,0,0
32744,1,0,0,0,0
32745,1,0,0,0,0
32746,1,0,0,0,0
32747,1,0,0,0,0
32748,1,0,0,0,0
32749,1,0,0,0,0
32750,1,0,0,0,0
32751,1,0,0,0,0
32752,1,0,0,0,0
32753,1,0,0,0,0
32754,1,0,0,0,0
32755,1,0,0,0,0
32756,1,0,0,0,0
32757,1,0,0,0,0
32758,1,0,0,0,0
32759,1,0,0,0,0
32760,1,0,0,0,0
32761,1,0,0,0,0
32762,1,0,0,0,0
32763,1,0,0,0,0
32764,1,0,0,0,0
32765,1,0,0,0,0
32766,1,0,0,0,0
32767,1,0,0,0,0
32768,1,0,0,0,0
32769,1,0,0,0,0
32770,1,0,0,0,0
32771,1,0,0,0,0
32772,1,0,0,0,0
32773,1,0,0,0,0
32774,1,0,0,0,0
32775,1,0,0,0,0
32776,1,0,0,0,0
32777,1,0,0,0,0
32778,1,0,0,0,0
32779,1,0,0,0,0
32780,1,0,0,0,0
32781,1,0,0,0,0
32782,1,0,0,0,0
32783,1,0,0,0,0
32784,1,0,0,0,0
32785,1,0,0,0,0
32786,1,0,0,0,0
32787,1,0,0,0,0
32788,1,0,0,0,0
32789,1,0,0,0,0
32790,1,0,0,0,0
32791,1,0,0,0,0
32792,1,0,0,0,0
32793,1,0,0,0,0
32794,1,0,0,0,0
32795,1,0,0,0,0
32796,1,0,0,0,0
32797,1,0,0,0,0
32798,1,0,0,0,0
32799,1,0,0,0,0
32800,1,0,0,0,0
32801,1,0,0,0,0
32802,1,0,0,0,0
32803,1,0,0,0,0
32804,1,0,0,0,0
32805,1,0,0,0,0
32806,1,0,0,0,0
32807,1,0,0,0,0
32808,1,0,0,0,0
32809,1,0,0,0,0
32810,1,0,0,0,0
32811,1,0,0,0,0
32812,1,0,0,0,0
32813,1,0,0,0,0
32814,1,0,0,0,0
32815,1,0,0,0,0
32816,1,0,0,0,0
32817,1,0,0,0,0
32818,1,0,0,0,0
32819,1,0,0,0,0
32820,1,0,0,0,0
32821,1,0,0,0,0
32822,1,0,0,0,0
32823,1,0,0,0,0
32824,1,0,0,0,0
32825,1,0,0,0,0
32826,1,0,0,0,0
32827,1,0,0,0,0
32828,1,0,0,0,0
32829,1,0,0,0,0
32830,1,0,0,0,0
32831,1,0,0,0,0
32832,1,0,0,0,0
32833,1,0,0,0,0
32834,1,0,0,0,0
32835,1,0,0,0,0
32836,1,0,0,0,0
32837,1,0,0,0,0
32838,1,0,0,0,0
32839,1,0,0,0,0
32840,1,0,0,0,0
32841,1,0,0,0,0
32842,1,0,0,0,0
32843,1,0,0,0,0
32844,1,0,0,0,0
32845,1,0,0,0,0
32846,1,0,0,0,0
32847,1,0,0,0,0
32848,1,0,0,0,0
32849,1,0,0,0,0
32850,1,0,0,0,0
32851,1,0,0,0,0
32852,1,0,0,0,0
32853,1,0,0,0,0
32854,1,0,0,0,0
32855,1,0,0,0,0
32856,1,0,0,0,0
32857,1,0,0,0,0
32858,1,0,0,0,0
32859,1,0,0,0,0
32860,1,0,0,0,0
32861,1,0,0,0,0
32862,1,0,0,0,0
32863,1,0,0,0,0
32864,1,0,0,0,0
32865,1,0,0,0,0
32866,1,0,0,0,0
32867,1,0,0,0,0
32868,1,0,0,0,0
32869,1,0,0,0,0
32870,1,0,0,0,0
32871,1,0,0,0,0
32872,1,0,0,0,0
32873,1,0,0,0,0
32874,1,0,0,0,0
32875,1,0,0,0,0
32876,1,0,0,0,0
32877,1,0,0,0,0
32878,1,0,0,0,0
32879,1,0,0,0,0
32880,1,0,0,0,0
32881,1,0,0,0,0
32882,1,0,0,0,0
32883,1,0,0,0,0
32884,1,0,0,0,0
32885,1,0,0,0,0
32886,1,0,0,0,0
32887,1,0,0,0,0
32888,1,0,0,0,0
32889,1,0,0,0,0
32890,1,0,0,0,0
32891,1,0,0,0,0
32892,1,0,0,0,0
32893,1,0,0,0,0
32894,1,0,0,0,0
32895,1,0,0,0,0
32896,1,0,0,0,0
32897,1,0,0,0,0
32898,1,0,0,0,0
32899,1,0,0,0,0
32900,1,0,0,0,0
32901,1,0,0,0,0
32902,1,0,0,0,0
32903,1,0,0,0,0
32904,1,0,0,0,0
32905,1,0,0,0,0
32906,1,0,0,0,0
32907,1,0,0,0,0
32908,1,0,0,0,0
32909,1,0,0,0,0
32910,1,0,0,0,0
32911,1,0,0,0,0
32912,1,0,0,0,0
32913,1,0,0,0,0
32914,1,0,0,0,0
32915,1,0,0,0,0
32916,1,0,0,0,0
32917,1,0,0,0,0
32918,1,0,0,0,0
32919,1,0,0,0,0
32920,1,0,0,0,0
32921,1,0,0,0,0
32922,1,0,0,0,0
32923,1,0,0,0,0
32924,1,0,0,0,0
32925,1,0,0,0,0
32926,1,0,0,0,0
32927,1,0,0,0,0
32928,1,0,0,0,0
32929,1,0,0,0,0
32930,1,0,0,0,0
32931,1,0,0,0,0
32932,1,0,0,0,0
32933,1,0,0,0,0
32934,1,0,0,0,0
32935,1,0,0,0,0
32936,1,0,0,0,0
32937,1,0,0,0,0
32938,1,0,0,0,0
32939,1,0,0,0,0
32940,1,0,0,0,0
32941,1,0,0,0,0
32942,1,0,0,0,0
32943,1,0,0,0,0
32944,1,0,0,0,0
32945,1,0,0,0,0
32946,1,0,0,0,0
32947,1,0,0,0,0
32948,1,0,0,0,0
32949,1,0,0,0,0
32950,1,0,0,0,0
32951,1,0,0,0,0
32952,1,0,0,0,0
32953,1,0,0,0,0
32954,1,0,0,0,0
32955,1,0,0,0,0
32956,1,0,0,0,0
32957,1,0,0,0,0
32958,1,0,0,0,0
32959,1,0,0,0,0
32960,1,0,0,0,0
32961,1,0,0,0,0
32962,1,0,0,0,0
32963,1,0,0,0,0
32964,1,0,0,0,0
32965,1,0,0,0,0
32966,1,0,0,0,0
32967,1,0,0,0,0
32968,1,0,0,0,0
32969,1,0,0,0,0
32970,1,0,0,0,0
32971,1,0,0,0,0
32972,1,0,0,0,0
32973,1,0,0,0,0
32974,1,0,0,0,0
32975,1,0,0,0,0
32976,1,0,0,0,0
32977,1,0,0,0,0
32978,1,0,0,0,0
32979,1,0,0,0,0
32980,1,0,0,0,0
32981,1,0,0,0,0
32982,1,0,0,0,0
32983,1,0,0,0,0
32984,1,0,0,0,0
32985,1,0,0,0,0
32986,1,0,0,0,0
32987,1,0,0,0,0
32988,1,0,0,0,0
32989,1,0,0,0,0
32990,1,0,0,0,0
32991,1,0,0,0,0
32992,1,0,0,0,0
32993,1,0,0,0,0
32994,1,0,0,0,0
32995,1,0,0,0,0
32996,1,0,0,0,0
32997,1,0,0,0,0
32998,1,0,0,0,0
32999,1,0,0,0,0
33000,1,0,0,0,0
33001,1,0,0,0,0
33002,1,0,0,0,0
33003,1,0,0,0,0
33004,1,0,0,0,0
33005,1,0,0,0,0
33006,1,0,0,0,0
33007,1,0,0,0,0
33008,1,0,0,0,0
33009,1,0,0,0,0
33010,1,0,0,0,0
33011,1,0,0,0,0
33012,1,0,0,0,0
33013,1,0,0,0,0
33014,1,0,0,0,0
33015,1,0,0,0,0
33016,1,0,0,0,0
33017,1,0,0,0,0
33018,1,0,0,0,0
33019,1,0,0,0,0
33020,1,0,0,0,0
33021,1,0,0,0,0
33022,1,0,0,0,0
33023,1,0,0,0,0
33024,1,0,0,0,0
33025,1,0,0,0,0
33026,1,0,0,0,0
33027,1,0,0,0,0
33028,1,0,0,0,0
33029,1,0,0,0,0
33030,1,0,0,0,0
33031,1,0,0,0,0
33032,1,0,0,0,0
33033,1,0,0,0,0
33034,1,0,0,0,0
33035,1,0,0,0,0
33036,1,0,0,0,0
33037,1,0,0,0,0
33038,1,0,0,0,0
33039,1,0,0,0,0
33040,1,0,0,0,0
33041,1,0,0,0,0
33042,1,0,0,0,0
33043,1,0,0,0,0
33044,1,0,0,0,0
33045,1,0,0,0,0
33046,1,0,0,0,0
33047,1,0,0,0,0
33048,1,0,0,0,0
33049,1,0,0,0,0
33050,1,0,0,0,0
33051,1,0,0,0,0
33052,1,0,0,0,0
33053,1,0,0,0,0
33054,1,0,0,0,0
33055,1,0,0,0,0
33056,1,0,0,0,0
33057,1,0,0,0,0
33058,1,0,0,0,0
33059,1,0,0,0,0
33060,1,0,0,0,0
33061,1,0,0,0,0
33062,1,0,0,0,0
33063,1,0,0,0,0
33064,1,0,0,0,0
33065,1,0,0,0,0
33066,1,0,0,0,0
33067,1,0,0,0,0
33068,1,0,0,0,0
33069,1,0,0,0,0
33070,1,0,0,0,0
33071,1,0,0,0,0
33072,1,0,0,0,0
33073,1,0,0,0,0
33074,1,0,0,0,0
33075,1,0,0,0,0
33076,1,0,0,0,0
33077,1,0,0,0,0
33078,1,0,0,0,0
33079,1,0,0,0,0
33080,1,0,0,0,0
33081,1,0,0,0,0
33082,1,0,0,0,0
33083,1,0,0,0,0
33084,1,0,0,0,0
33085,1,0,0,0,0
33086,1,0,0,0,0
33087,1,0,0,0,0
33088,1,0,0,0,0
33089,1,0,0,0,0
33090,1,0,0,0,0
33091,1,0,0,0,0
33092,1,0,0,0,0
33093,1,0,0,0,0
33094,1,0,0,0,0
33095,1,0,0,0,0
33096,1,0,0,0,0
33097,1,0,0,0,0
33098,1,0,0,0,0
33099,1,0,0,0,0
33100,1,0,0,0,0
33101,1,0,0,0,0
33102,1,0,0,0,0
33103,1,0,0,0,0
33104,1,0,0,0,0
33105,1,0,0,0,0
33106,1,0,0,0,0
33107,1,0,0,0,0
33108,1,0,0,0,0
33109,1,0,0,0,0
33110,1,0,0,0,0
33111,1,0,0,0,0
33112,1,0,0,0,0
33113,1,0,0,0,0
33114,1,0,0,0,0
33115,1,0,0,0,0
33116,1,0,0,0,0
33117,1,0,0,0,0
33118,1,0,0,0,0
33119,1,0,0,0,0
33120,1,0,0,0,0
33121,1,0,0,0,0
33122,1,0,0,0,0
33123,1,0,0,0,0
33124,1,0,0,0,0
33125,1,0,0,0,0
33126,1,0,0,0,0
33127,1,0,0,0,0
33128,1,0,0,0,0
33129,1,0,0,0,0
33130,1,0,0,0,0
33131,1,0,0,0,0
33132,1,0,0,0,0
33133,1,0,0,0,0
33134,1,0,0,0,0
33135,1,0,0,0,0
33136,1,0,0,0,0
33137,1,0,0,0,0
33138,1,0,0,0,0
33139,1,0,0,0,0
33140,1,0,0,0,0
33141,1,0,0,0,0
33142,1,0,0,0,0
33143,0,0,0,0,1
33144,0,0,0,0,1
33145,0,0,0,0,1
33146,0,0,0,0,1
33147,0,0,0,0,1
33148,0,0,0,0,1
33149,0,0,0,0,1
33150,0,0,0,0,1
33151,0,0,0,0,1
33152,0,0,0,0,1
33153,0,0,0,0,1
33154,0,0,0,0,1
33155,0,0,0,0,1
33156,0,0,0,0,1
33157,0,0,0,0,1
33158,0,0,0,0,1
33159,0,0,0,0,1
33160,0,0,0,0,1
33161,0,0,0,0,1
33162,0,0,0,0,1
33163,0,0,0,0,1
33164,0,0,0,0,1
33165,0,0,0,0,1
33166,0,0,0,0,1
33167,0,0,0,0,1
33168,0,0,0,0,1
33169,0,0,0,0,1
33170,0,0,0,0,1
33171,0,0,0,0,1
33172,0,0,0,0,1
33173,0,0,0,0,1
33174,0,0,0,0,1
33175,0,0,0,0,1
33176,0,0,0,0,1
33177,0,0,0,0,1
33178,0,0,0,0,1
33179,0,0,0,0,1
33180,0,0,0,0,1
33181,0,0,0,0,1
33182,0,0,0,0,1
33183,0,0,0,0,1
33184,0,0,0,0,1
33185,0,0,0,0,1
33186,0,0,0,0,1
33187,0,0,0,0,1
33188,0,0,0,0,1
33189,0,0,0,0,1
33190,0,0,0,0,1
33191,0,0,0,0,1
33192,0,0,0,0,1
33193,0,0,0,0,1
33194,0,0,0,0,1
33195,0,0,0,0,1
33196,0,0,0,0,1
33197,0,0,0,0,1
33198,0,0,0,0,1
33199,0,0,0,0,1
33200,0,0,0,0,1
33201,0,0,0,0,1
33202,0,0,0,0,1
33203,0,0,0,0,1
33204,0,0,0,0,1
33205,0,0,0,0,1
33206,0,0,0,0,1
33207,0,0,0,0,1
33208,0,0,0,0,1
33209,0,0,0,0,1
33210,0,0,0,0,1
33211,0,0,0,0,1
33212,0,0,0,0,1
33213,0,0,0,0,1
33214,0,0,0,0,1
33215,0,0,0,0,1
33216,0,0,0,0,1
33217,0,0,0,0,1
33218,0,0,0,0,1
33219,0,0,0,0,1
33220,0,0,0,0,1
33221,0,0,0,0,1
33222,0,0,0,0,1
33223,0,0,0,0,1
33224,0,0,0,0,1
33225,0,0,0,0,1
33226,0,0,0,0,1
33227,0,0,0,0,1
33228,0,0,0,0,1
33229,0,0,0,0,1
33230,0,0,0,0,1
33231,0,0,0,0,1
33232,0,0,0,0,1
33233,0,0,0,0,1
33234,0,0,0,0,1
33235,0,0,0,0,1
33236,0,0,0,0,1
33237,0,0,0,0,1
33238,0,0,0,0,1
33239,0,0,0,0,1
33240,0,0,0,0,1
33241,0,0,0,0,1
33242,0,0,0,0,1
33243,0,0,0,0,1
33244,0,0,0,0,1
33245,0,0,0,0,1
33246,0,0,0,0,1
33247,0,0,0,0,1
33248,0,0,0,0,1
33249,0,0,0,0,1
33250,0,0,0,0,1
33251,0,0,0,0,1
33252,0,0,0,0,1
33253,0,0,0,0,1
33254,0,0,0,0,1
33255,0,0,0,0,1
33256,0,0,0,0,1
33257,0,0,0,0,1
33258,0,0,0,0,1
33259,0,0,0,0,1
33260,0,0,0,0,1
33261,0,0,0,0,1
33262,1,0,0,0,0
33263,1,0,0,0,0
33264,1,0,0,0,0
33265,1,0,0,0,0
33266,1,0,0,0,0
33267,1,0,0,0,0
33268,1,0,0,0,0
33269,1,0,0,0,0
33270,1,0,0,0,0
33271,1,0,0,0,0
33272,1,0,0,0,0
33273,1,0,0,0,0
33274,1,0,0,0,0
33275,0,1,0,0,0
33276,0,1,0,0,0
33277,0,1,0,0,0
33278,0,1,0,0,0
33279,0,1,0,0,0
33280,0,1,0,0,0
33281,0,1,0,0,0
33282,0,1,0,0,0
33283,0,1,0,0,0
33284,0,1,0,0,0
33285,0,1,0,0,0
33286,0,1,0,0,0
33287,0,1,0,0,0
33288,0,1,0,0,0
33289,0,1,0,0,0
33290,0,1,0,0,0
33291,0,1,0,0,0
33292,0,1,0,0,0
33293,0,1,0,0,0
33294,0,1,0,0,0
33295,0,1,0,0,0
33296,0,1,0,0,0
33297,0,1,0,0,0
33298,0,1,0,0,0
33299,0,1,0,0,0
33300,0,1,0,0,0
33301,0,1,0,0,0
33302,0,1,0,0,0
33303,0,1,0,0,0
33304,0,1,0,0,0
33305,0,1,0,0,0
33306,0,1,0,0,0
33307,0,1,0,0,0
33308,0,1,0,0,0
33309,0,1,0,0,0
33310,0,1,0,0,0
33311,0,1,0,0,0
33312,0,1,0,0,0
33313,0,1,0,0,0
33314,0,1,0,0,0
33315,0,1,0,0,0
33316,0,1,0,0,0
33317,0,1,0,0,0
33318,0,1,0,0,0
33319,0,1,0,0,0
33320,0,1,0,0,0
33321,0,1,0,0,0
33322,0,1,0,0,0
33323,0,1,0,0,0
33324,0,1,0,0,0
33325,0,1,0,0,0
33326,0,1,0,0,0
33327,0,1,0,0,0
33328,0,1,0,0,0
33329,0,1,0,0,0
33330,0,1,0,0,0
33331,0,1,0,0,0
33332,0,1,0,0,0
33333,0,1,0,0,0
33334,0,1,0,0,0
33335,0,1,0,0,0
33336,0,1,0,0,0
33337,0,1,0,0,0
33338,0,1,0,0,0
33339,0,1,0,0,0
33340,0,1,0,0,0
33341,0,1,0,0,0
33342,0,1,0,0,0
33343,0,1,0,0,0
33344,0,1,0,0,0
33345,0,1,0,0,0
33346,0,1,0,0,0
33347,0,1,0,0,0
33348,0,1,0,0,0
33349,0,1,0,0,0
33350,0,1,0,0,0
33351,0,1,0,0,0
33352,0,1,0,0,0
33353,0,1,0,0,0
33354,0,1,0,0,0
33355,0,1,0,0,0
33356,0,1,0,0,0
33357,0,1,0,0,0
33358,1,0,0,0,0
33359,1,0,0,0,0
33360,1,0,0,0,0
33361,1,0,0,0,0
33362,1,0,0,0,0
33363,1,0,0,0,0
33364,1,0,0,0,0
33365,1,0,0,0,0
33366,1,0,0,0,0
33367,1,0,0,0,0
33368,1,0,0,0,0
33369,1,0,0,0,0
33370,1,0,0,0,0
33371,1,0,0,0,0
33372,1,0,0,0,0
33373,1,0,0,0,0
33374,1,0,0,0,0
33375,1,0,0,0,0
33376,1,0,0,0,0
33377,1,0,0,0,0
33378,1,0,0,0,0
33379,1,0,0,0,0
33380,1,0,0,0,0
33381,1,0,0,0,0
33382,1,0,0,0,0
33383,1,0,0,0,0
33384,1,0,0,0,0
33385,1,0,0,0,0
33386,1,0,0,0,0
33387,1,0,0,0,0
33388,1,0,0,0,0
33389,1,0,0,0,0
33390,1,0,0,0,0
33391,1,0,0,0,0
33392,1,0,0,0,0
33393,1,0,0,0,0
33394,1,0,0,0,0
33395,1,0,0,0,0
33396,1,0,0,0,0
33397,1,0,0,0,0
33398,1,0,0,0,0
33399,1,0,0,0,0
33400,1,0,0,0,0
33401,1,0,0,0,0
33402,1,0,0,0,0
33403,1,0,0,0,0
33404,1,0,0,0,0
33405,1,0,0,0,0
33406,1,0,0,0,0
33407,1,0,0,0,0
33408,1,0,0,0,0
33409,1,0,0,0,0
33410,1,0,0,0,0
33411,1,0,0,0,0
33412,1,0,0,0,0
33413,1,0,0,0,0
33414,1,0,0,0,0
33415,1,0,0,0,0
33416,1,0,0,0,0
33417,1,0,0,0,0
33418,1,0,0,0,0
33419,1,0,0,0,0
33420,1,0,0,0,0
33421,1,0,0,0,0
33422,1,0,0,0,0
33423,1,0,0,0,0
33424,1,0,0,0,0
33425,1,0,0,0,0
33426,1,0,0,0,0
33427,1,0,0,0,0
33428,1,0,0,0,0
33429,1,0,0,0,0
33430,1,0,0,0,0
33431,1,0,0,0,0
33432,1,0,0,0,0
33433,1,0,0,0,0
33434,1,0,0,0,0
33435,1,0,0,0,0
33436,1,0,0,0,0
33437,1,0,0,0,0
33438,1,0,0,0,0
33439,1,0,0,0,0
33440,1,0,0,0,0
33441,1,0,0,0,0
33442,1,0,0,0,0
33443,1,0,0,0,0
33444,1,0,0,0,0
33445,1,0,0,0,0
33446,1,0,0,0,0
33447,1,0,0,0,0
33448,1,0,0,0,0
33449,1,0,0,0,0
33450,1,0,0,0,0
33451,1,0,0,0,0
33452,1,0,0,0,0
33453,1,0,0,0,0
33454,1,0,0,0,0
33455,1,0,0,0,0
33456,1,0,0,0,0
33457,1,0,0,0,0
33458,1,0,0,0,0
33459,1,0,0,0,0
33460,1,0,0,0,0
33461,1,0,0,0,0
33462,1,0,0,0,0
33463,1,0,0,0,0
33464,1,0,0,0,0
33465,0,1,0,0,0
33466,0,1,0,0,0
33467,0,1,0,0,0
33468,0,1,0,0,0
33469,0,1,0,0,0
33470,0,1,0,0,0
33471,0,1,0,0,0
33472,0,1,0,0,0
33473,0,1,0,0,0
33474,0,1,0,0,0
33475,0,1,0,0,0
33476,0,1,0,0,0
33477,0,1,0,0,0
33478,0,1,0,0,0
33479,0,1,0,0,0
33480,0,1,0,0,0
33481,0,1,0,0,0
33482,0,1,0,0,0
33483,0,1,0,0,0
33484,0,1,0,0,0
33485,0,1,0,0,0
33486,0,1,0,0,0
33487,0,1,0,0,0
33488,0,1,0,0,0
33489,0,1,0,0,0
33490,0,1,0,0,0
33491,0,1,0,0,0
33492,0,1,0,0,0
33493,0,1,0,0,0
33494,0,1,0,0,0
33495,0,1,0,0,0
33496,0,1,0,0,0
33497,0,1,0,0,0
33498,0,1,0,0,0
33499,0,1,0,0,0
33500,0,1,0,0,0
33501,0,1,0,0,0
33502,0,1,0,0,0
33503,0,1,0,0,0
33504,0,1,0,0,0
33505,0,1,0,0,0
33506,0,1,0,0,0
33507,0,1,0,0,0
33508,0,1,0,0,0
33509,0,1,0,0,0
33510,0,1,0,0,0
33511,0,1,0,0,0
33512,0,1,0,0,0
33513,0,1,0,0,0
33514,0,1,0,0,0
33515,0,1,0,0,0
33516,0,1,0,0,0
33517,0,1,0,0,0
33518,0,1,0,0,0
33519,0,1,0,0,0
33520,0,1,0,0,0
33521,0,1,0,0,0
33522,0,1,0,0,0
33523,0,1,0,0,0
33524,1,0,0,0,0
33525,1,0,0,0,0
33526,1,0,0,0,0
33527,1,0,0,0,0
33528,1,0,0,0,0
33529,1,0,0,0,0
33530,1,0,0,0,0
33531,1,0,0,0,0
33532,1,0,0,0,0
33533,1,0,0,0,0
33534,1,0,0,0,0
33535,1,0,0,0,0
33536,1,0,0,0,0
33537,1,0,0,0,0
33538,1,0,0,0,0
33539,1,0,0,0,0
33540,1,0,0,0,0
33541,1,0,0,0,0
33542,1,0,0,0,0
33543,1,0,0,0,0
33544,1,0,0,0,0
33545,1,0,0,0,0
33546,1,0,0,0,0
33547,1,0,0,0,0
33548,1,0,0,0,0
33549,1,0,0,0,0
33550,1,0,0,0,0
33551,1,0,0,0,0
33552,1,0,0,0,0
33553,1,0,0,0,0
33554,1,0,0,0,0
33555,1,0,0,0,0
33556,1,0,0,0,0
33557,1,0,0,0,0
33558,1,0,0,0,0
33559,1,0,0,0,0
33560,1,0,0,0,0
33561,1,0,0,0,0
33562,1,0,0,0,0
33563,1,0,0,0,0
33564,1,0,0,0,0
33565,1,0,0,0,0
33566,1,0,0,0,0
33567,1,0,0,0,0
33568,1,0,0,0,0
33569,1,0,0,0,0
33570,1,0,0,0,0
33571,1,0,0,0,0
33572,1,0,0,0,0
33573,1,0,0,0,0
33574,1,0,0,0,0
33575,1,0,0,0,0
33576,1,0,0,0,0
33577,1,0,0,0,0
33578,1,0,0,0,0
33579,1,0,0,0,0
33580,1,0,0,0,0
33581,1,0,0,0,0
33582,1,0,0,0,0
33583,1,0,0,0,0
33584,1,0,0,0,0
33585,1,0,0,0,0
33586,1,0,0,0,0
33587,1,0,0,0,0
33588,1,0,0,0,0
33589,1,0,0,0,0
33590,1,0,0,0,0
33591,1,0,0,0,0
33592,1,0,0,0,0
33593,1,0,0,0,0
33594,1,0,0,0,0
33595,1,0,0,0,0
33596,1,0,0,0,0
33597,1,0,0,0,0
33598,1,0,0,0,0
33599,1,0,0,0,0
33600,1,0,0,0,0
33601,1,0,0,0,0
33602,1,0,0,0,0
33603,1,0,0,0,0
33604,1,0,0,0,0
33605,1,0,0,0,0
33606,1,0,0,0,0
33607,1,0,0,0,0
33608,1,0,0,0,0
33609,0,0,0,0,1
33610,0,0,0,0,1
33611,0,0,0,0,1
33612,0,0,0,0,1
33613,0,0,0,0,1
33614,0,0,0,0,1
33615,0,0,0,0,1
33616,0,0,0,0,1
33617,0,0,0,0,1
33618,0,0,0,0,1
33619,0,0,0,0,1
33620,0,0,0,0,1
33621,0,0,0,0,1
33622,0,0,0,0,1
33623,0,0,0,0,1
33624,0,0,0,0,1
33625,0,0,0,0,1
33626,0,0,0,0,1
33627,0,0,0,0,1
33628,0,0,0,0,1
33629,0,0,0,0,1
33630,0,0,0,0,1
33631,0,0,0,0,1
33632,0,0,0,0,1
33633,0,0,0,0,1
33634,0,0,0,0,1
33635,0,0,0,0,1
33636,0,0,0,0,1
33637,0,0,0,0,1
33638,0,0,0,0,1
33639,0,0,0,0,1
33640,0,0,0,0,1
33641,0,0,0,0,1
33642,0,0,0,0,1
33643,0,0,0,0,1
33644,0,0,0,0,1
33645,0,0,0,0,1
33646,0,0,0,0,1
33647,0,0,0,0,1
33648,0,0,0,0,1
33649,0,0,0,0,1
33650,0,0,0,0,1
33651,0,0,0,0,1
33652,0,0,0,0,1
33653,0,0,0,0,1
33654,0,0,0,0,1
33655,0,0,0,0,1
33656,0,0,0,0,1
33657,0,0,0,0,1
33658,0,0,0,0,1
33659,0,0,0,0,1
33660,0,0,0,0,1
33661,0,0,0,0,1
33662,0,0,0,0,1
33663,0,0,0,0,1
33664,0,0,0,0,1
33665,0,0,0,0,1
33666,0,0,0,0,1
33667,0,0,0,0,1
33668,0,0,0,0,1
33669,0,0,0,0,1
33670,0,0,0,0,1
33671,0,0,0,0,1
33672,0,0,0,0,1
33673,0,0,0,0,1
33674,0,0,0,0,1
33675,0,0,0,0,1
33676,0,0,0,0,1
33677,0,0,0,0,1
33678,0,0,0,0,1
33679,0,0,0,0,1
33680,0,0,0,0,1
33681,0,0,0,0,1
33682,0,0,0,0,1
33683,0,0,0,0,1
33684,0,0,0,0,1
33685,0,0,0,0,1
33686,1,0,0,0,0
33687,1,0,0,0,0
33688,1,0,0,0,0
33689,1,0,0,0,0
33690,1,0,0,0,0
33691,1,0,0,0,0
33692,1,0,0,0,0
33693,1,0,0,0,0
33694,1,0,0,0,0
33695,1,0,0,0,0
33696,1,0,0,0,0
33697,1,0,0,0,0
33698,1,0,0,0,0
33699,1,0,0,0,0
33700,1,0,0,0,0
33701,1,0,0,0,0
33702,1,0,0,0,0
33703,1,0,0,0,0
33704,1,0,0,0,0
33705,1,0,0,0,0
33706,1,0,0,0,0
33707,1,0,0,0,0
33708,1,0,0,0,0
33709,1,0,0,0,0
33710,1,0,0,0,0
33711,1,0,0,0,0
33712,1,0,0,0,0
33713,1,0,0,0,0
33714,1,0,0,0,0
33715,1,0,0,0,0
33716,1,0,0,0,0
33717,1,0,0,0,0
33718,1,0,0,0,0
33719,1,0,0,0,0
33720,1,0,0,0,0
33721,1,0,0,0,0
33722,1,0,0,0,0
33723,1,0,0,0,0
33724,1,0,0,0,0
33725,1,0,0,0,0
33726,1,0,0,0,0
33727,1,0,0,0,0
33728,1,0,0,0,0
33729,1,0,0,0,0
33730,1,0,0,0,0
33731,1,0,0,0,0
33732,1,0,0,0,0
33733,1,0,0,0,0
33734,1,0,0,0,0
33735,1,0,0,0,0
33736,1,0,0,0,0
33737,1,0,0,0,0
33738,1,0,0,0,0
33739,1,0,0,0,0
33740,1,0,0,0,0
33741,1,0,0,0,0
33742,1,0,0,0,0
33743,1,0,0,0,0
33744,1,0,0,0,0
33745,1,0,0,0,0
33746,1,0,0,0,0
33747,1,0,0,0,0
33748,1,0,0,0,0
33749,1,0,0,0,0
33750,1,0,0,0,0
33751,1,0,0,0,0
33752,1,0,0,0,0
33753,1,0,0,0,0
33754,1,0,0,0,0
33755,1,0,0,0,0
33756,1,0,0,0,0
33757,1,0,0,0,0
33758,1,0,0,0,0
33759,1,0,0,0,0
33760,1,0,0,0,0
33761,1,0,0,0,0
33762,1,0,0,0,0
33763,1,0,0,0,0
33764,1,0,0,0,0
33765,1,0,0,0,0
33766,1,0,0,0,0
33767,1,0,0,0,0
33768,1,0,0,0,0
33769,1,0,0,0,0
33770,1,0,0,0,0
33771,1,0,0,0,0
33772,1,0,0,0,0
33773,1,0,0,0,0
33774,1,0,0,0,0
33775,1,0,0,0,0
33776,1,0,0,0,0
33777,1,0,0,0,0
33778,1,0,0,0,0
33779,1,0,0,0,0
33780,1,0,0,0,0
33781,1,0,0,0,0
33782,1,0,0,0,0
33783,1,0,0,0,0
33784,1,0,0,0,0
33785,1,0,0,0,0
33786,1,0,0,0,0
33787,1,0,0,0,0
33788,1,0,0,0,0
33789,1,0,0,0,0
33790,1,0,0,0,0
33791,1,0,0,0,0
33792,1,0,0,0,0
33793,1,0,0,0,0
33794,1,0,0,0,0
33795,1,0,0,0,0
33796,1,0,0,0,0
33797,1,0,0,0,0
33798,1,0,0,0,0
33799,1,0,0,0,0
33800,1,0,0,0,0
33801,1,0,0,0,0
33802,1,0,0,0,0
33803,1,0,0,0,0
33804,1,0,0,0,0
33805,1,0,0,0,0
33806,1,0,0,0,0
33807,1,0,0,0,0
33808,1,0,0,0,0
33809,1,0,0,0,0
33810,1,0,0,0,0
33811,1,0,0,0,0
33812,1,0,0,0,0
33813,1,0,0,0,0
33814,1,0,0,0,0
33815,1,0,0,0,0
33816,1,0,0,0,0
33817,1,0,0,0,0
33818,1,0,0,0,0
33819,1,0,0,0,0
33820,1,0,0,0,0
33821,1,0,0,0,0
33822,1,0,0,0,0
33823,1,0,0,0,0
33824,1,0,0,0,0
33825,1,0,0,0,0
33826,1,0,0,0,0
33827,1,0,0,0,0
33828,1,0,0,0,0
33829,1,0,0,0,0
33830,1,0,0,0,0
33831,1,0,0,0,0
33832,1,0,0,0,0
33833,1,0,0,0,0
33834,1,0,0,0,0
33835,1,0,0,0,0
33836,1,0,0,0,0
33837,1,0,0,0,0
33838,1,0,0,0,0
33839,1,0,0,0,0
33840,1,0,0,0,0
33841,1,0,0,0,0
33842,1,0,0,0,0
33843,1,0,0,0,0
33844,1,0,0,0,0
33845,1,0,0,0,0
33846,1,0,0,0,0
33847,1,0,0,0,0
33848,1,0,0,0,0
33849,1,0,0,0,0
33850,1,0,0,0,0
33851,1,0,0,0,0
33852,1,0,0,0,0
33853,1,0,0,0,0
33854,1,0,0,0,0
33855,1,0,0,0,0
33856,1,0,0,0,0
33857,1,0,0,0,0
33858,1,0,0,0,0
33859,1,0,0,0,0
33860,1,0,0,0,0
33861,1,0,0,0,0
33862,1,0,0,0,0
33863,1,0,0,0,0
33864,1,0,0,0,0
33865,1,0,0,0,0
33866,1,0,0,0,0
33867,1,0,0,0,0
33868,1,0,0,0,0
33869,1,0,0,0,0
33870,1,0,0,0,0
33871,1,0,0,0,0
33872,1,0,0,0,0
33873,1,0,0,0,0
33874,1,0,0,0,0
33875,1,0,0,0,0
33876,1,0,0,0,0
33877,1,0,0,0,0
33878,1,0,0,0,0
33879,1,0,0,0,0
33880,1,0,0,0,0
33881,1,0,0,0,0
33882,1,0,0,0,0
33883,1,0,0,0,0
33884,1,0,0,0,0
33885,1,0,0,0,0
33886,1,0,0,0,0
33887,1,0,0,0,0
33888,1,0,0,0,0
33889,1,0,0,0,0
33890,1,0,0,0,0
33891,1,0,0,0,0
33892,1,0,0,0,0
33893,1,0,0,0,0
33894,1,0,0,0,0
33895,1,0,0,0,0
33896,1,0,0,0,0
33897,1,0,0,0,0
33898,1,0,0,0,0
33899,1,0,0,0,0
33900,1,0,0,0,0
33901,1,0,0,0,0
33902,1,0,0,0,0
33903,1,0,0,0,0
33904,1,0,0,0,0
33905,1,0,0,0,0
33906,1,0,0,0,0
33907,1,0,0,0,0
33908,1,0,0,0,0
33909,1,0,0,0,0
33910,1,0,0,0,0
33911,1,0,0,0,0
33912,1,0,0,0,0
33913,1,0,0,0,0
33914,1,0,0,0,0
33915,1,0,0,0,0
33916,1,0,0,0,0
33917,1,0,0,0,0
33918,1,0,0,0,0
33919,1,0,0,0,0
33920,1,0,0,0,0
33921,1,0,0,0,0
33922,1,0,0,0,0
33923,1,0,0,0,0
33924,1,0,0,0,0
33925,1,0,0,0,0
33926,1,0,0,0,0
33927,1,0,0,0,0
33928,1,0,0,0,0
33929,1,0,0,0,0
33930,1,0,0,0,0
33931,1,0,0,0,0
33932,1,0,0,0,0
33933,1,0,0,0,0
33934,1,0,0,0,0
33935,1,0,0,0,0
33936,1,0,0,0,0
33937,1,0,0,0,0
33938,1,0,0,0,0
33939,1,0,0,0,0
33940,1,0,0,0,0
33941,1,0,0,0,0
33942,1,0,0,0,0
33943,1,0,0,0,0
33944,1,0,0,0,0
33945,1,0,0,0,0
33946,1,0,0,0,0
33947,1,0,0,0,0
33948,1,0,0,0,0
33949,1,0,0,0,0
33950,1,0,0,0,0
33951,1,0,0,0,0
33952,1,0,0,0,0
33953,1,0,0,0,0
33954,1,0,0,0,0
33955,1,0,0,0,0
33956,1,0,0,0,0
33957,1,0,0,0,0
33958,1,0,0,0,0
33959,1,0,0,0,0
33960,1,0,0,0,0
33961,1,0,0,0,0
33962,1,0,0,0,0
33963,1,0,0,0,0
33964,1,0,0,0,0
33965,1,0,0,0,0
33966,1,0,0,0,0
33967,1,0,0,0,0
33968,1,0,0,0,0
33969,1,0,0,0,0
33970,1,0,0,0,0
33971,1,0,0,0,0
33972,1,0,0,0,0
33973,1,0,0,0,0
33974,1,0,0,0,0
33975,1,0,0,0,0
33976,1,0,0,0,0
33977,1,0,0,0,0
33978,1,0,0,0,0
33979,1,0,0,0,0
33980,1,0,0,0,0
33981,1,0,0,0,0
33982,1,0,0,0,0
33983,1,0,0,0,0
33984,1,0,0,0,0
33985,1,0,0,0,0
33986,1,0,0,0,0
33987,1,0,0,0,0
33988,1,0,0,0,0
33989,1,0,0,0,0
33990,1,0,0,0,0
33991,1,0,0,0,0
33992,1,0,0,0,0
33993,1,0,0,0,0
33994,1,0,0,0,0
33995,1,0,0,0,0
33996,1,0,0,0,0
33997,1,0,0,0,0
33998,1,0,0,0,0
33999,1,0,0,0,0
34000,1,0,0,0,0
34001,1,0,0,0,0
34002,1,0,0,0,0
34003,1,0,0,0,0
34004,1,0,0,0,0
34005,1,0,0,0,0
34006,1,0,0,0,0
34007,1,0,0,0,0
34008,1,0,0,0,0
34009,1,0,0,0,0
34010,1,0,0,0,0
34011,1,0,0,0,0
34012,1,0,0,0,0
34013,1,0,0,0,0
34014,1,0,0,0,0
34015,1,0,0,0,0
34016,1,0,0,0,0
34017,1,0,0,0,0
34018,1,0,0,0,0
34019,1,0,0,0,0
34020,1,0,0,0,0
34021,1,0,0,0,0
34022,1,0,0,0,0
34023,1,0,0,0,0
34024,1,0,0,0,0
34025,1,0,0,0,0
34026,1,0,0,0,0
34027,1,0,0,0,0
34028,1,0,0,0,0
34029,1,0,0,0,0
34030,1,0,0,0,0
34031,1,0,0,0,0
34032,1,0,0,0,0
34033,1,0,0,0,0
34034,1,0,0,0,0
34035,1,0,0,0,0
34036,1,0,0,0,0
34037,1,0,0,0,0
34038,1,0,0,0,0
34039,1,0,0,0,0
34040,1,0,0,0,0
34041,1,0,0,0,0
34042,1,0,0,0,0
34043,1,0,0,0,0
34044,1,0,0,0,0
34045,1,0,0,0,0
34046,1,0,0,0,0
34047,1,0,0,0,0
34048,1,0,0,0,0
34049,1,0,0,0,0
34050,1,0,0,0,0
34051,1,0,0,0,0
34052,1,0,0,0,0
34053,1,0,0,0,0
34054,1,0,0,0,0
34055,1,0,0,0,0
34056,1,0,0,0,0
34057,1,0,0,0,0
34058,1,0,0,0,0
34059,1,0,0,0,0
34060,1,0,0,0,0
34061,1,0,0,0,0
34062,1,0,0,0,0
34063,1,0,0,0,0
34064,1,0,0,0,0
34065,1,0,0,0,0
34066,1,0,0,0,0
34067,1,0,0,0,0
34068,1,0,0,0,0
34069,1,0,0,0,0
34070,1,0,0,0,0
34071,1,0,0,0,0
34072,1,0,0,0,0
34073,1,0,0,0,0
34074,1,0,0,0,0
34075,1,0,0,0,0
34076,1,0,0,0,0
34077,1,0,0,0,0
34078,1,0,0,0,0
34079,1,0,0,0,0
34080,1,0,0,0,0
34081,1,0,0,0,0
34082,1,0,0,0,0
34083,1,0,0,0,0
34084,1,0,0,0,0
34085,1,0,0,0,0
34086,1,0,0,0,0
34087,1,0,0,0,0
34088,1,0,0,0,0
34089,1,0,0,0,0
34090,1,0,0,0,0
34091,1,0,0,0,0
34092,1,0,0,0,0
34093,1,0,0,0,0
34094,1,0,0,0,0
34095,1,0,0,0,0
34096,1,0,0,0,0
34097,1,0,0,0,0
34098,1,0,0,0,0
34099,1,0,0,0,0
34100,1,0,0,0,0
34101,1,0,0,0,0
34102,1,0,0,0,0
34103,1,0,0,0,0
34104,1,0,0,0,0
34105,1,0,0,0,0
34106,1,0,0,0,0
34107,1,0,0,0,0
34108,1,0,0,0,0
34109,1,0,0,0,0
34110,1,0,0,0,0
34111,1,0,0,0,0
34112,1,0,0,0,0
34113,1,0,0,0,0
34114,1,0,0,0,0
34115,1,0,0,0,0
34116,1,0,0,0,0
34117,1,0,0,0,0
34118,1,0,0,0,0
34119,1,0,0,0,0
34120,1,0,0,0,0
34121,1,0,0,0,0
34122,1,0,0,0,0
34123,1,0,0,0,0
34124,1,0,0,0,0
34125,1,0,0,0,0
34126,1,0,0,0,0
34127,1,0,0,0,0
34128,1,0,0,0,0
34129,1,0,0,0,0
34130,1,0,0,0,0
34131,1,0,0,0,0
34132,1,0,0,0,0
34133,1,0,0,0,0
34134,1,0,0,0,0
34135,1,0,0,0,0
34136,1,0,0,0,0
34137,1,0,0,0,0
34138,1,0,0,0,0
34139,1,0,0,0,0
34140,1,0,0,0,0
34141,1,0,0,0,0
34142,1,0,0,0,0
34143,1,0,0,0,0
34144,1,0,0,0,0
34145,1,0,0,0,0
34146,1,0,0,0,0
34147,1,0,0,0,0
34148,1,0,0,0,0
34149,1,0,0,0,0
34150,1,0,0,0,0
34151,1,0,0,0,0
34152,1,0,0,0,0
34153,1,0,0,0,0
34154,1,0,0,0,0
34155,1,0,0,0,0
34156,1,0,0,0,0
34157,1,0,0,0,0
34158,1,0,0,0,0
34159,1,0,0,0,0
34160,1,0,0,0,0
34161,1,0,0,0,0
34162,1,0,0,0,0
34163,1,0,0,0,0
34164,1,0,0,0,0
34165,1,0,0,0,0
34166,1,0,0,0,0
34167,1,0,0,0,0
34168,1,0,0,0,0
34169,1,0,0,0,0
34170,1,0,0,0,0
34171,1,0,0,0,0
34172,1,0,0,0,0
34173,1,0,0,0,0
34174,1,0,0,0,0
34175,1,0,0,0,0
34176,1,0,0,0,0
34177,1,0,0,0,0
34178,1,0,0,0,0
34179,1,0,0,0,0
34180,1,0,0,0,0
34181,1,0,0,0,0
34182,1,0,0,0,0
34183,1,0,0,0,0
34184,1,0,0,0,0
34185,1,0,0,0,0
34186,1,0,0,0,0
34187,1,0,0,0,0
34188,1,0,0,0,0
34189,1,0,0,0,0
34190,1,0,0,0,0
34191,1,0,0,0,0
34192,1,0,0,0,0
34193,1,0,0,0,0
34194,1,0,0,0,0
34195,1,0,0,0,0
34196,1,0,0,0,0
34197,1,0,0,0,0
34198,1,0,0,0,0
34199,1,0,0,0,0
34200,1,0,0,0,0
34201,1,0,0,0,0
34202,1,0,0,0,0
34203,1,0,0,0,0
34204,1,0,0,0,0
34205,1,0,0,0,0
34206,1,0,0,0,0
34207,1,0,0,0,0
34208,1,0,0,0,0
34209,1,0,0,0,0
34210,1,0,0,0,0
34211,1,0,0,0,0
34212,1,0,0,0,0
34213,1,0,0,0,0
34214,1,0,0,0,0
34215,1,0,0,0,0
34216,1,0,0,0,0
34217,1,0,0,0,0
34218,1,0,0,0,0
34219,1,0,0,0,0
34220,1,0,0,0,0
34221,1,0,0,0,0
34222,1,0,0,0,0
34223,1,0,0,0,0
34224,1,0,0,0,0
34225,1,0,0,0,0
34226,1,0,0,0,0
34227,1,0,0,0,0
34228,1,0,0,0,0
34229,1,0,0,0,0
34230,1,0,0,0,0
34231,1,0,0,0,0
34232,1,0,0,0,0
34233,1,0,0,0,0
34234,1,0,0,0,0
34235,1,0,0,0,0
34236,1,0,0,0,0
34237,1,0,0,0,0
34238,1,0,0,0,0
34239,1,0,0,0,0
34240,1,0,0,0,0
34241,1,0,0,0,0
34242,1,0,0,0,0
34243,1,0,0,0,0
34244,1,0,0,0,0
34245,1,0,0,0,0
34246,1,0,0,0,0
34247,1,0,0,0,0
34248,1,0,0,0,0
34249,1,0,0,0,0
34250,1,0,0,0,0
34251,1,0,0,0,0
34252,1,0,0,0,0
34253,1,0,0,0,0
34254,1,0,0,0,0
34255,1,0,0,0,0
34256,1,0,0,0,0
34257,1,0,0,0,0
34258,1,0,0,0,0
34259,1,0,0,0,0
34260,1,0,0,0,0
34261,1,0,0,0,0
34262,1,0,0,0,0
34263,1,0,0,0,0
34264,1,0,0,0,0
34265,1,0,0,0,0
34266,1,0,0,0,0
34267,1,0,0,0,0
34268,1,0,0,0,0
34269,1,0,0,0,0
34270,1,0,0,0,0
34271,1,0,0,0,0
34272,1,0,0,0,0
34273,1,0,0,0,0
34274,1,0,0,0,0
34275,1,0,0,0,0
34276,1,0,0,0,0
34277,1,0,0,0,0
34278,1,0,0,0,0
34279,1,0,0,0,0
34280,1,0,0,0,0
34281,1,0,0,0,0
34282,1,0,0,0,0
34283,1,0,0,0,0
34284,1,0,0,0,0
34285,1,0,0,0,0
34286,1,0,0,0,0
34287,1,0,0,0,0
34288,1,0,0,0,0
34289,1,0,0,0,0
34290,1,0,0,0,0
34291,1,0,0,0,0
34292,1,0,0,0,0
34293,1,0,0,0,0
34294,1,0,0,0,0
34295,1,0,0,0,0
34296,1,0,0,0,0
34297,1,0,0,0,0
34298,1,0,0,0,0
34299,1,0,0,0,0
34300,1,0,0,0,0
34301,1,0,0,0,0
34302,1,0,0,0,0
34303,1,0,0,0,0
34304,1,0,0,0,0
34305,1,0,0,0,0
34306,1,0,0,0,0
34307,1,0,0,0,0
34308,1,0,0,0,0
34309,1,0,0,0,0
34310,1,0,0,0,0
34311,1,0,0,0,0
34312,1,0,0,0,0
34313,1,0,0,0,0
34314,1,0,0,0,0
34315,1,0,0,0,0
34316,1,0,0,0,0
34317,1,0,0,0,0
34318,1,0,0,0,0
34319,1,0,0,0,0
34320,1,0,0,0,0
34321,1,0,0,0,0
34322,0,0,0,0,1
34323,0,0,0,0,1
34324,0,0,0,0,1
34325,0,0,0,0,1
34326,0,0,0,0,1
34327,0,0,0,0,1
34328,0,0,0,0,1
34329,0,0,0,0,1
34330,0,0,0,0,1
34331,0,0,0,0,1
34332,0,0,0,0,1
34333,0,0,0,0,1
34334,0,0,0,0,1
34335,0,0,0,0,1
34336,0,0,0,0,1
34337,0,0,0,0,1
34338,0,0,0,0,1
34339,0,0,0,0,1
34340,0,0,0,0,1
34341,0,0,0,0,1
34342,0,0,0,0,1
34343,0,0,0,0,1
34344,0,0,0,0,1
34345,0,0,0,0,1
34346,0,0,0,0,1
34347,0,0,0,0,1
34348,0,0,0,0,1
34349,0,0,0,0,1
34350,0,0,0,0,1
34351,0,0,0,0,1
34352,0,0,0,0,1
34353,0,0,0,0,1
34354,0,0,0,0,1
34355,0,0,0,0,1
34356,0,0,0,0,1
34357,0,0,0,0,1
34358,0,0,0,0,1
34359,0,0,0,0,1
34360,0,0,0,0,1
34361,0,0,0,0,1
34362,0,0,0,0,1
34363,0,0,0,0,1
34364,0,0,0,0,1
34365,0,0,0,0,1
34366,0,0,0,0,1
34367,0,0,0,0,1
34368,0,0,0,0,1
34369,0,0,0,0,1
34370,0,0,0,0,1
34371,0,0,0,0,1
34372,0,0,0,0,1
34373,0,0,0,0,1
34374,0,0,0,0,1
34375,0,0,0,0,1
34376,0,0,0,0,1
34377,0,0,0,0,1
34378,0,0,0,0,1
34379,0,0,0,0,1
34380,0,0,0,0,1
34381,0,0,0,0,1
34382,0,0,0,0,1
34383,0,0,0,0,1
34384,0,0,0,0,1
34385,0,0,0,0,1
34386,0,0,0,0,1
34387,0,0,0,0,1
34388,0,0,0,0,1
34389,0,0,0,0,1
34390,0,0,0,0,1
34391,0,0,0,0,1
34392,0,0,0,0,1
34393,0,0,0,0,1
34394,0,0,0,0,1
34395,0,0,0,0,1
34396,0,0,0,0,1
34397,0,0,0,0,1
34398,0,0,0,0,1
34399,0,0,0,0,1
34400,0,0,0,0,1
34401,0,0,0,0,1
34402,0,0,0,0,1
34403,0,0,0,0,1
34404,0,0,0,0,1
34405,0,0,0,0,1
34406,0,0,0,0,1
34407,0,0,0,0,1
34408,0,0,0,0,1
34409,0,0,0,0,1
34410,0,0,0,0,1
34411,0,0,0,0,1
34412,0,0,0,0,1
34413,0,0,0,0,1
34414,0,0,0,0,1
34415,0,0,0,0,1
34416,0,0,0,0,1
34417,0,0,0,0,1
34418,0,0,0,0,1
34419,1,0,0,0,0
34420,1,0,0,0,0
34421,1,0,0,0,0
34422,1,0,0,0,0
34423,1,0,0,0,0
34424,1,0,0,0,0
34425,1,0,0,0,0
34426,1,0,0,0,0
34427,1,0,0,0,0
34428,1,0,0,0,0
34429,1,0,0,0,0
34430,1,0,0,0,0
34431,1,0,0,0,0
34432,1,0,0,0,0
34433,1,0,0,0,0
34434,1,0,0,0,0
34435,1,0,0,0,0
34436,1,0,0,0,0
34437,1,0,0,0,0
34438,1,0,0,0,0
34439,1,0,0,0,0
34440,1,0,0,0,0
34441,1,0,0,0,0
34442,1,0,0,0,0
34443,1,0,0,0,0
34444,1,0,0,0,0
34445,1,0,0,0,0
34446,1,0,0,0,0
34447,1,0,0,0,0
34448,1,0,0,0,0
34449,1,0,0,0,0
34450,1,0,0,0,0
34451,1,0,0,0,0
34452,1,0,0,0,0
34453,1,0,0,0,0
34454,1,0,0,0,0
34455,1,0,0,0,0
34456,1,0,0,0,0
34457,1,0,0,0,0
34458,1,0,0,0,0
34459,1,0,0,0,0
34460,1,0,0,0,0
34461,1,0,0,0,0
34462,0,0,0,0,1
34463,0,0,0,0,1
34464,0,0,0,0,1
34465,0,0,0,0,1
34466,0,0,0,0,1
34467,0,0,0,0,1
34468,0,0,0,0,1
34469,0,0,0,0,1
34470,0,0,0,0,1
34471,0,0,0,0,1
34472,0,0,0,0,1
34473,0,0,0,0,1
34474,0,0,0,0,1
34475,0,0,0,0,1
34476,0,0,0,0,1
34477,0,0,0,0,1
34478,0,0,0,0,1
34479,0,0,0,0,1
34480,0,0,0,0,1
34481,0,0,0,0,1
34482,0,0,0,0,1
34483,0,0,0,0,1
34484,0,0,0,0,1
34485,0,0,0,0,1
34486,0,0,0,0,1
34487,0,0,0,0,1
34488,0,0,0,0,1
34489,0,0,0,0,1
34490,0,0,0,0,1
34491,0,0,0,0,1
34492,0,0,0,0,1
34493,0,0,0,0,1
34494,0,0,0,0,1
34495,0,0,0,0,1
34496,0,0,0,0,1
34497,0,0,0,0,1
34498,0,0,0,0,1
34499,0,0,0,0,1
34500,0,0,0,0,1
34501,0,0,0,0,1
34502,0,0,0,0,1
34503,0,0,0,0,1
34504,0,0,0,0,1
34505,0,0,0,0,1
34506,0,0,0,0,1
34507,0,0,0,0,1
34508,0,0,0,0,1
34509,0,0,0,0,1
34510,0,0,0,0,1
34511,0,0,0,0,1
34512,0,0,0,0,1
34513,0,0,0,0,1
34514,0,0,0,0,1
34515,0,0,0,0,1
34516,0,0,0,0,1
34517,0,0,0,0,1
34518,0,0,0,0,1
34519,0,0,0,0,1
34520,0,0,0,0,1
34521,0,0,0,0,1
34522,0,0,0,0,1
34523,0,0,0,0,1
34524,0,0,0,0,1
34525,0,0,0,0,1
34526,0,0,0,0,1
34527,0,0,0,0,1
34528,0,0,0,0,1
34529,0,0,0,0,1
34530,0,0,0,0,1
34531,0,0,0,0,1
34532,0,0,0,0,1
34533,0,0,0,0,1
34534,0,0,0,0,1
34535,0,0,0,0,1
34536,0,0,0,0,1
34537,0,0,0,0,1
34538,0,0,0,0,1
34539,0,0,0,0,1
34540,0,0,0,0,1
34541,0,0,0,0,1
34542,1,0,0,0,0
34543,1,0,0,0,0
34544,1,0,0,0,0
34545,1,0,0,0,0
34546,1,0,0,0,0
34547,1,0,0,0,0
34548,1,0,0,0,0
34549,1,0,0,0,0
34550,1,0,0,0,0
34551,1,0,0,0,0
34552,1,0,0,0,0
34553,1,0,0,0,0
34554,1,0,0,0,0
34555,1,0,0,0,0
34556,1,0,0,0,0
34557,1,0,0,0,0
34558,1,0,0,0,0
34559,1,0,0,0,0
34560,1,0,0,0,0
34561,1,0,0,0,0
34562,1,0,0,0,0
34563,1,0,0,0,0
34564,0,0,0,0,1
34565,0,0,0,0,1
34566,0,0,0,0,1
34567,0,0,0,0,1
34568,0,0,0,0,1
34569,0,0,0,0,1
34570,0,0,0,0,1
34571,0,0,0,0,1
34572,0,0,0,0,1
34573,0,0,0,0,1
34574,0,0,0,0,1
34575,0,0,0,0,1
34576,0,0,0,0,1
34577,0,0,0,0,1
34578,0,0,0,0,1
34579,0,0,0,0,1
34580,0,0,0,0,1
34581,0,0,0,0,1
34582,0,0,0,0,1
34583,0,0,0,0,1
34584,0,0,0,0,1
34585,0,0,0,0,1
34586,0,0,0,0,1
34587,0,0,0,0,1
34588,0,0,0,0,1
34589,0,0,0,0,1
34590,0,0,0,0,1
34591,0,0,0,0,1
34592,0,0,0,0,1
34593,0,0,0,0,1
34594,0,0,0,0,1
34595,0,0,0,0,1
34596,0,0,0,0,1
34597,0,0,0,0,1
34598,0,0,0,0,1
34599,1,0,0,0,0
34600,1,0,0,0,0
34601,1,0,0,0,0
34602,1,0,0,0,0
34603,1,0,0,0,0
34604,1,0,0,0,0
34605,1,0,0,0,0
34606,1,0,0,0,0
34607,1,0,0,0,0
34608,1,0,0,0,0
34609,0,1,0,0,0
34610,0,1,0,0,0
34611,0,1,0,0,0
34612,0,1,0,0,0
34613,0,1,0,0,0
34614,0,1,0,0,0
34615,0,1,0,0,0
34616,0,1,0,0,0
34617,0,1,0,0,0
34618,0,1,0,0,0
34619,0,1,0,0,0
34620,0,1,0,0,0
34621,0,1,0,0,0
34622,0,1,0,0,0
34623,0,1,0,0,0
34624,0,1,0,0,0
34625,0,1,0,0,0
34626,0,1,0,0,0
34627,0,1,0,0,0
34628,0,1,0,0,0
34629,0,1,0,0,0
34630,0,1,0,0,0
34631,0,1,0,0,0
34632,0,1,0,0,0
34633,0,1,0,0,0
34634,0,1,0,0,0
34635,0,1,0,0,0
34636,0,1,0,0,0
34637,0,1,0,0,0
34638,0,1,0,0,0
34639,0,1,0,0,0
34640,0,1,0,0,0
34641,0,1,0,0,0
34642,0,1,0,0,0
34643,0,1,0,0,0
34644,0,1,0,0,0
34645,0,1,0,0,0
34646,0,1,0,0,0
34647,0,1,0,0,0
34648,0,1,0,0,0
34649,0,1,0,0,0
34650,0,1,0,0,0
34651,0,1,0,0,0
34652,0,1,0,0,0
34653,0,1,0,0,0
34654,0,1,0,0,0
34655,0,1,0,0,0
34656,0,1,0,0,0
34657,0,1,0,0,0
34658,0,1,0,0,0
34659,0,1,0,0,0
34660,0,1,0,0,0
34661,0,1,0,0,0
34662,0,1,0,0,0
34663,0,1,0,0,0
34664,0,1,0,0,0
34665,0,1,0,0,0
34666,0,1,0,0,0
34667,0,1,0,0,0
34668,0,1,0,0,0
34669,0,1,0,0,0
34670,0,1,0,0,0
34671,0,1,0,0,0
34672,0,1,0,0,0
34673,0,1,0,0,0
34674,0,1,0,0,0
34675,0,1,0,0,0
34676,0,1,0,0,0
34677,1,0,0,0,0
34678,1,0,0,0,0
34679,1,0,0,0,0
34680,1,0,0,0,0
34681,1,0,0,0,0
34682,1,0,0,0,0
34683,1,0,0,0,0
34684,1,0,0,0,0
34685,1,0,0,0,0
34686,1,0,0,0,0
34687,1,0,0,0,0
34688,1,0,0,0,0
34689,1,0,0,0,0
34690,1,0,0,0,0
34691,1,0,0,0,0
34692,1,0,0,0,0
34693,1,0,0,0,0
34694,1,0,0,0,0
34695,1,0,0,0,0
34696,1,0,0,0,0
34697,1,0,0,0,0
34698,1,0,0,0,0
34699,1,0,0,0,0
34700,1,0,0,0,0
34701,1,0,0,0,0
34702,1,0,0,0,0
34703,1,0,0,0,0
34704,1,0,0,0,0
34705,1,0,0,0,0
34706,1,0,0,0,0
34707,1,0,0,0,0
34708,1,0,0,0,0
34709,1,0,0,0,0
34710,1,0,0,0,0
34711,1,0,0,0,0
34712,1,0,0,0,0
34713,1,0,0,0,0
34714,1,0,0,0,0
34715,1,0,0,0,0
34716,1,0,0,0,0
34717,1,0,0,0,0
34718,1,0,0,0,0
34719,1,0,0,0,0
34720,1,0,0,0,0
34721,1,0,0,0,0
34722,1,0,0,0,0
34723,1,0,0,0,0
34724,1,0,0,0,0
34725,1,0,0,0,0
34726,1,0,0,0,0
34727,1,0,0,0,0
34728,1,0,0,0,0
34729,1,0,0,0,0
34730,1,0,0,0,0
34731,1,0,0,0,0
34732,1,0,0,0,0
34733,1,0,0,0,0
34734,1,0,0,0,0
34735,1,0,0,0,0
34736,1,0,0,0,0
34737,1,0,0,0,0
34738,1,0,0,0,0
34739,1,0,0,0,0
34740,1,0,0,0,0
34741,1,0,0,0,0
34742,1,0,0,0,0
34743,1,0,0,0,0
34744,1,0,0,0,0
34745,1,0,0,0,0
34746,1,0,0,0,0
34747,1,0,0,0,0
34748,1,0,0,0,0
34749,1,0,0,0,0
34750,1,0,0,0,0
34751,1,0,0,0,0
34752,1,0,0,0,0
34753,1,0,0,0,0
34754,1,0,0,0,0
34755,1,0,0,0,0
34756,1,0,0,0,0
34757,1,0,0,0,0
34758,1,0,0,0,0
34759,1,0,0,0,0
34760,1,0,0,0,0
34761,1,0,0,0,0
34762,1,0,0,0,0
34763,1,0,0,0,0
34764,1,0,0,0,0
34765,1,0,0,0,0
34766,1,0,0,0,0
34767,1,0,0,0,0
34768,1,0,0,0,0
34769,1,0,0,0,0
34770,1,0,0,0,0
34771,1,0,0,0,0
34772,1,0,0,0,0
34773,1,0,0,0,0
34774,1,0,0,0,0
34775,1,0,0,0,0
34776,1,0,0,0,0
34777,1,0,0,0,0
34778,1,0,0,0,0
34779,1,0,0,0,0
34780,1,0,0,0,0
34781,1,0,0,0,0
34782,1,0,0,0,0
34783,1,0,0,0,0
34784,1,0,0,0,0
34785,1,0,0,0,0
34786,1,0,0,0,0
34787,1,0,0,0,0
34788,1,0,0,0,0
34789,1,0,0,0,0
34790,1,0,0,0,0
34791,1,0,0,0,0
34792,1,0,0,0,0
34793,1,0,0,0,0
34794,1,0,0,0,0
34795,1,0,0,0,0
34796,1,0,0,0,0
34797,1,0,0,0,0
34798,1,0,0,0,0
34799,1,0,0,0,0
34800,1,0,0,0,0
34801,1,0,0,0,0
34802,1,0,0,0,0
34803,1,0,0,0,0
34804,1,0,0,0,0
34805,1,0,0,0,0
34806,1,0,0,0,0
34807,1,0,0,0,0
34808,1,0,0,0,0
34809,1,0,0,0,0
34810,1,0,0,0,0
34811,1,0,0,0,0
34812,1,0,0,0,0
34813,1,0,0,0,0
34814,1,0,0,0,0
34815,1,0,0,0,0
34816,1,0,0,0,0
34817,1,0,0,0,0
34818,1,0,0,0,0
34819,1,0,0,0,0
34820,1,0,0,0,0
34821,1,0,0,0,0
34822,1,0,0,0,0
34823,1,0,0,0,0
34824,1,0,0,0,0
34825,1,0,0,0,0
34826,1,0,0,0,0
34827,1,0,0,0,0
34828,1,0,0,0,0
34829,1,0,0,0,0
34830,1,0,0,0,0
34831,1,0,0,0,0
34832,1,0,0,0,0
34833,1,0,0,0,0
34834,1,0,0,0,0
34835,1,0,0,0,0
34836,1,0,0,0,0
34837,1,0,0,0,0
34838,1,0,0,0,0
34839,1,0,0,0,0
34840,1,0,0,0,0
34841,1,0,0,0,0
34842,1,0,0,0,0
34843,1,0,0,0,0
34844,1,0,0,0,0
34845,1,0,0,0,0
34846,1,0,0,0,0
34847,1,0,0,0,0
34848,1,0,0,0,0
34849,1,0,0,0,0
34850,1,0,0,0,0
34851,1,0,0,0,0
34852,1,0,0,0,0
34853,1,0,0,0,0
34854,1,0,0,0,0
34855,1,0,0,0,0
34856,1,0,0,0,0
34857,1,0,0,0,0
34858,1,0,0,0,0
34859,1,0,0,0,0
34860,1,0,0,0,0
34861,1,0,0,0,0
34862,1,0,0,0,0
34863,1,0,0,0,0
34864,1,0,0,0,0
34865,1,0,0,0,0
34866,1,0,0,0,0
34867,1,0,0,0,0
34868,1,0,0,0,0
34869,1,0,0,0,0
34870,1,0,0,0,0
34871,1,0,0,0,0
34872,1,0,0,0,0
34873,1,0,0,0,0
34874,1,0,0,0,0
34875,1,0,0,0,0
34876,1,0,0,0,0
34877,1,0,0,0,0
34878,1,0,0,0,0
34879,1,0,0,0,0
34880,1,0,0,0,0
34881,1,0,0,0,0
34882,1,0,0,0,0
34883,1,0,0,0,0
34884,1,0,0,0,0
34885,1,0,0,0,0
34886,1,0,0,0,0
34887,1,0,0,0,0
34888,1,0,0,0,0
34889,1,0,0,0,0
34890,1,0,0,0,0
34891,1,0,0,0,0
34892,1,0,0,0,0
34893,1,0,0,0,0
34894,1,0,0,0,0
34895,1,0,0,0,0
34896,1,0,0,0,0
34897,1,0,0,0,0
34898,1,0,0,0,0
34899,1,0,0,0,0
34900,1,0,0,0,0
34901,1,0,0,0,0
34902,1,0,0,0,0
34903,1,0,0,0,0
34904,1,0,0,0,0
34905,1,0,0,0,0
34906,1,0,0,0,0
34907,1,0,0,0,0
34908,1,0,0,0,0
34909,1,0,0,0,0
34910,1,0,0,0,0
34911,1,0,0,0,0
34912,1,0,0,0,0
34913,1,0,0,0,0
34914,1,0,0,0,0
34915,1,0,0,0,0
34916,1,0,0,0,0
34917,1,0,0,0,0
34918,1,0,0,0,0
34919,1,0,0,0,0
34920,1,0,0,0,0
34921,1,0,0,0,0
34922,1,0,0,0,0
34923,1,0,0,0,0
34924,1,0,0,0,0
34925,1,0,0,0,0
34926,1,0,0,0,0
34927,1,0,0,0,0
34928,1,0,0,0,0
34929,1,0,0,0,0
34930,1,0,0,0,0
34931,1,0,0,0,0
34932,1,0,0,0,0
34933,1,0,0,0,0
34934,1,0,0,0,0
34935,1,0,0,0,0
34936,1,0,0,0,0
34937,1,0,0,0,0
34938,1,0,0,0,0
34939,1,0,0,0,0
34940,1,0,0,0,0
34941,1,0,0,0,0
34942,1,0,0,0,0
34943,1,0,0,0,0
34944,1,0,0,0,0
34945,1,0,0,0,0
34946,1,0,0,0,0
34947,1,0,0,0,0
34948,1,0,0,0,0
34949,1,0,0,0,0
34950,1,0,0,0,0
34951,1,0,0,0,0
34952,1,0,0,0,0
34953,1,0,0,0,0
34954,1,0,0,0,0
34955,1,0,0,0,0
34956,1,0,0,0,0
34957,1,0,0,0,0
34958,1,0,0,0,0
34959,1,0,0,0,0
34960,1,0,0,0,0
34961,1,0,0,0,0
34962,1,0,0,0,0
34963,1,0,0,0,0
34964,1,0,0,0,0
34965,1,0,0,0,0
34966,1,0,0,0,0
34967,1,0,0,0,0
34968,1,0,0,0,0
34969,1,0,0,0,0
34970,1,0,0,0,0
34971,1,0,0,0,0
34972,1,0,0,0,0
34973,1,0,0,0,0
34974,1,0,0,0,0
34975,1,0,0,0,0
34976,1,0,0,0,0
34977,1,0,0,0,0
34978,1,0,0,0,0
34979,1,0,0,0,0
34980,1,0,0,0,0
34981,1,0,0,0,0
34982,1,0,0,0,0
34983,1,0,0,0,0
34984,1,0,0,0,0
34985,1,0,0,0,0
34986,1,0,0,0,0
34987,1,0,0,0,0
34988,1,0,0,0,0
34989,1,0,0,0,0
34990,1,0,0,0,0
34991,1,0,0,0,0
34992,1,0,0,0,0
34993,1,0,0,0,0
34994,1,0,0,0,0
34995,1,0,0,0,0
34996,1,0,0,0,0
34997,1,0,0,0,0
34998,1,0,0,0,0
34999,1,0,0,0,0
35000,1,0,0,0,0
35001,1,0,0,0,0
35002,1,0,0,0,0
35003,1,0,0,0,0
35004,1,0,0,0,0
35005,1,0,0,0,0
35006,1,0,0,0,0
35007,1,0,0,0,0
35008,1,0,0,0,0
35009,1,0,0,0,0
35010,1,0,0,0,0
35011,1,0,0,0,0
35012,1,0,0,0,0
35013,1,0,0,0,0
35014,1,0,0,0,0
35015,1,0,0,0,0
35016,1,0,0,0,0
35017,1,0,0,0,0
35018,1,0,0,0,0
35019,1,0,0,0,0
35020,1,0,0,0,0
35021,1,0,0,0,0
35022,1,0,0,0,0
35023,1,0,0,0,0
35024,1,0,0,0,0
35025,1,0,0,0,0
35026,1,0,0,0,0
35027,1,0,0,0,0
35028,1,0,0,0,0
35029,1,0,0,0,0
35030,1,0,0,0,0
35031,1,0,0,0,0
35032,1,0,0,0,0
35033,1,0,0,0,0
35034,1,0,0,0,0
35035,1,0,0,0,0
35036,1,0,0,0,0
35037,1,0,0,0,0
35038,1,0,0,0,0
35039,1,0,0,0,0
35040,1,0,0,0,0
35041,1,0,0,0,0
35042,1,0,0,0,0
35043,1,0,0,0,0
35044,1,0,0,0,0
35045,1,0,0,0,0
35046,1,0,0,0,0
35047,1,0,0,0,0
35048,1,0,0,0,0
35049,1,0,0,0,0
35050,1,0,0,0,0
35051,1,0,0,0,0
35052,1,0,0,0,0
35053,1,0,0,0,0
35054,1,0,0,0,0
35055,1,0,0,0,0
35056,1,0,0,0,0
35057,1,0,0,0,0
35058,1,0,0,0,0
35059,1,0,0,0,0
35060,1,0,0,0,0
35061,1,0,0,0,0
35062,1,0,0,0,0
35063,1,0,0,0,0
35064,1,0,0,0,0
35065,1,0,0,0,0
35066,1,0,0,0,0
35067,1,0,0,0,0
35068,1,0,0,0,0
35069,1,0,0,0,0
35070,1,0,0,0,0
35071,1,0,0,0,0
35072,1,0,0,0,0
35073,1,0,0,0,0
35074,1,0,0,0,0
35075,1,0,0,0,0
35076,1,0,0,0,0
35077,1,0,0,0,0
35078,1,0,0,0,0
35079,1,0,0,0,0
35080,1,0,0,0,0
35081,1,0,0,0,0
35082,1,0,0,0,0
35083,1,0,0,0,0
35084,1,0,0,0,0
35085,1,0,0,0,0
35086,1,0,0,0,0
35087,1,0,0,0,0
35088,1,0,0,0,0
35089,1,0,0,0,0
35090,1,0,0,0,0
35091,1,0,0,0,0
35092,1,0,0,0,0
35093,1,0,0,0,0
35094,1,0,0,0,0
35095,1,0,0,0,0
35096,1,0,0,0,0
35097,1,0,0,0,0
35098,1,0,0,0,0
35099,1,0,0,0,0
35100,1,0,0,0,0
35101,1,0,0,0,0
35102,1,0,0,0,0
35103,1,0,0,0,0
35104,1,0,0,0,0
35105,1,0,0,0,0
35106,1,0,0,0,0
35107,1,0,0,0,0
35108,1,0,0,0,0
35109,1,0,0,0,0
35110,1,0,0,0,0
35111,1,0,0,0,0
35112,1,0,0,0,0
35113,1,0,0,0,0
35114,1,0,0,0,0
35115,1,0,0,0,0
35116,1,0,0,0,0
35117,1,0,0,0,0
35118,1,0,0,0,0
35119,1,0,0,0,0
35120,1,0,0,0,0
35121,1,0,0,0,0
35122,1,0,0,0,0
35123,1,0,0,0,0
35124,1,0,0,0,0
35125,1,0,0,0,0
35126,1,0,0,0,0
35127,1,0,0,0,0
35128,1,0,0,0,0
35129,1,0,0,0,0
35130,1,0,0,0,0
35131,1,0,0,0,0
35132,1,0,0,0,0
35133,1,0,0,0,0
35134,1,0,0,0,0
35135,1,0,0,0,0
35136,1,0,0,0,0
35137,1,0,0,0,0
35138,1,0,0,0,0
35139,1,0,0,0,0
35140,1,0,0,0,0
35141,1,0,0,0,0
35142,1,0,0,0,0
35143,1,0,0,0,0
35144,1,0,0,0,0
35145,1,0,0,0,0
35146,1,0,0,0,0
35147,1,0,0,0,0
35148,1,0,0,0,0
35149,1,0,0,0,0
35150,0,1,0,0,0
35151,0,1,0,0,0
35152,0,1,0,0,0
35153,0,1,0,0,0
35154,0,1,0,0,0
35155,0,1,0,0,0
35156,0,1,0,0,0
35157,0,1,0,0,0
35158,0,1,0,0,0
35159,0,1,0,0,0
35160,0,1,0,0,0
35161,0,1,0,0,0
35162,0,1,0,0,0
35163,0,1,0,0,0
35164,0,1,0,0,0
35165,0,1,0,0,0
35166,0,1,0,0,0
35167,0,1,0,0,0
35168,0,1,0,0,0
35169,0,1,0,0,0
35170,0,1,0,0,0
35171,0,1,0,0,0
35172,0,1,0,0,0
35173,0,1,0,0,0
35174,0,1,0,0,0
35175,0,1,0,0,0
35176,0,1,0,0,0
35177,0,1,0,0,0
35178,0,1,0,0,0
35179,0,1,0,0,0
35180,0,1,0,0,0
35181,0,1,0,0,0
35182,0,1,0,0,0
35183,0,1,0,0,0
35184,0,1,0,0,0
35185,0,1,0,0,0
35186,0,1,0,0,0
35187,0,1,0,0,0
35188,0,1,0,0,0
35189,1,0,0,0,0
35190,1,0,0,0,0
35191,1,0,0,0,0
35192,1,0,0,0,0
35193,1,0,0,0,0
35194,1,0,0,0,0
35195,1,0,0,0,0
35196,1,0,0,0,0
35197,1,0,0,0,0
35198,1,0,0,0,0
35199,1,0,0,0,0
35200,1,0,0,0,0
35201,1,0,0,0,0
35202,1,0,0,0,0
35203,1,0,0,0,0
35204,1,0,0,0,0
35205,1,0,0,0,0
35206,1,0,0,0,0
35207,1,0,0,0,0
35208,1,0,0,0,0
35209,1,0,0,0,0
35210,1,0,0,0,0
35211,1,0,0,0,0
35212,1,0,0,0,0
35213,1,0,0,0,0
35214,1,0,0,0,0
35215,1,0,0,0,0
35216,1,0,0,0,0
35217,1,0,0,0,0
35218,1,0,0,0,0
35219,1,0,0,0,0
35220,1,0,0,0,0
35221,1,0,0,0,0
35222,1,0,0,0,0
35223,1,0,0,0,0
35224,1,0,0,0,0
35225,1,0,0,0,0
35226,1,0,0,0,0
35227,1,0,0,0,0
35228,1,0,0,0,0
35229,1,0,0,0,0
35230,1,0,0,0,0
35231,0,0,0,0,1
35232,0,0,0,0,1
35233,0,0,0,0,1
35234,0,0,0,0,1
35235,0,0,0,0,1
35236,0,0,0,0,1
35237,0,0,0,0,1
35238,0,0,0,0,1
35239,0,0,0,0,1
35240,0,0,0,0,1
35241,0,0,0,0,1
35242,0,0,0,0,1
35243,0,0,0,0,1
35244,0,0,0,0,1
35245,0,0,0,0,1
35246,0,0,0,0,1
35247,0,0,0,0,1
35248,0,0,0,0,1
35249,0,0,0,0,1
35250,0,0,0,0,1
35251,0,0,0,0,1
35252,0,0,0,0,1
35253,0,0,0,0,1
35254,0,0,0,0,1
35255,0,0,0,0,1
35256,0,0,0,0,1
35257,0,0,0,0,1
35258,0,0,0,0,1
35259,0,0,0,0,1
35260,1,0,0,0,0
35261,1,0,0,0,0
35262,1,0,0,0,0
35263,1,0,0,0,0
35264,1,0,0,0,0
35265,1,0,0,0,0
35266,1,0,0,0,0
35267,1,0,0,0,0
35268,1,0,0,0,0
35269,1,0,0,0,0
35270,1,0,0,0,0
35271,1,0,0,0,0
35272,1,0,0,0,0
35273,1,0,0,0,0
35274,1,0,0,0,0
35275,1,0,0,0,0
35276,1,0,0,0,0
35277,1,0,0,0,0
35278,1,0,0,0,0
35279,1,0,0,0,0
35280,1,0,0,0,0
35281,1,0,0,0,0
35282,1,0,0,0,0
35283,1,0,0,0,0
35284,1,0,0,0,0
35285,1,0,0,0,0
35286,1,0,0,0,0
35287,1,0,0,0,0
35288,1,0,0,0,0
35289,1,0,0,0,0
35290,1,0,0,0,0
35291,1,0,0,0,0
35292,1,0,0,0,0
35293,1,0,0,0,0
35294,1,0,0,0,0
35295,1,0,0,0,0
35296,1,0,0,0,0
35297,1,0,0,0,0
35298,1,0,0,0,0
35299,1,0,0,0,0
35300,1,0,0,0,0
35301,1,0,0,0,0
35302,1,0,0,0,0
35303,1,0,0,0,0
35304,1,0,0,0,0
35305,1,0,0,0,0
35306,1,0,0,0,0
35307,1,0,0,0,0
35308,1,0,0,0,0
35309,1,0,0,0,0
35310,1,0,0,0,0
35311,1,0,0,0,0
35312,1,0,0,0,0
35313,1,0,0,0,0
35314,1,0,0,0,0
35315,1,0,0,0,0
35316,1,0,0,0,0
35317,1,0,0,0,0
35318,1,0,0,0,0
35319,1,0,0,0,0
35320,1,0,0,0,0
35321,1,0,0,0,0
35322,1,0,0,0,0
35323,1,0,0,0,0
35324,1,0,0,0,0
35325,1,0,0,0,0
35326,1,0,0,0,0
35327,1,0,0,0,0
35328,1,0,0,0,0
35329,1,0,0,0,0
35330,1,0,0,0,0
35331,1,0,0,0,0
35332,1,0,0,0,0
35333,1,0,0,0,0
35334,1,0,0,0,0
35335,1,0,0,0,0
35336,1,0,0,0,0
35337,1,0,0,0,0
35338,1,0,0,0,0
35339,1,0,0,0,0
35340,1,0,0,0,0
35341,1,0,0,0,0
35342,1,0,0,0,0
35343,1,0,0,0,0
35344,1,0,0,0,0
35345,1,0,0,0,0
35346,1,0,0,0,0
35347,1,0,0,0,0
35348,1,0,0,0,0
35349,1,0,0,0,0
35350,1,0,0,0,0
35351,1,0,0,0,0
35352,1,0,0,0,0
35353,1,0,0,0,0
35354,1,0,0,0,0
35355,1,0,0,0,0
35356,1,0,0,0,0
35357,1,0,0,0,0
35358,1,0,0,0,0
35359,1,0,0,0,0
35360,1,0,0,0,0
35361,1,0,0,0,0
35362,1,0,0,0,0
35363,1,0,0,0,0
35364,1,0,0,0,0
35365,1,0,0,0,0
35366,1,0,0,0,0
35367,1,0,0,0,0
35368,1,0,0,0,0
35369,1,0,0,0,0
35370,1,0,0,0,0
35371,1,0,0,0,0
35372,1,0,0,0,0
35373,1,0,0,0,0
35374,1,0,0,0,0
35375,1,0,0,0,0
35376,1,0,0,0,0
35377,1,0,0,0,0
35378,0,1,0,0,0
35379,0,1,0,0,0
35380,0,1,0,0,0
35381,0,1,0,0,0
35382,0,1,0,0,0
35383,0,1,0,0,0
35384,0,1,0,0,0
35385,0,1,0,0,0
35386,0,1,0,0,0
35387,0,1,0,0,0
35388,0,1,0,0,0
35389,0,1,0,0,0
35390,0,1,0,0,0
35391,0,1,0,0,0
35392,0,1,0,0,0
35393,0,1,0,0,0
35394,0,1,0,0,0
35395,0,1,0,0,0
35396,0,1,0,0,0
35397,0,1,0,0,0
35398,0,1,0,0,0
35399,0,1,0,0,0
35400,0,1,0,0,0
35401,0,1,0,0,0
35402,0,1,0,0,0
35403,0,1,0,0,0
35404,0,1,0,0,0
35405,0,1,0,0,0
35406,0,1,0,0,0
35407,0,1,0,0,0
35408,0,1,0,0,0
35409,0,1,0,0,0
35410,0,1,0,0,0
35411,0,1,0,0,0
35412,0,1,0,0,0
35413,0,1,0,0,0
35414,0,1,0,0,0
35415,0,1,0,0,0
35416,0,1,0,0,0
35417,0,1,0,0,0
35418,0,1,0,0,0
35419,0,1,0,0,0
35420,0,1,0,0,0
35421,0,1,0,0,0
35422,0,1,0,0,0
35423,0,1,0,0,0
35424,0,1,0,0,0
35425,0,1,0,0,0
35426,0,1,0,0,0
35427,0,1,0,0,0
35428,0,1,0,0,0
35429,0,1,0,0,0
35430,0,1,0,0,0
35431,0,1,0,0,0
35432,0,1,0,0,0
35433,0,1,0,0,0
35434,0,1,0,0,0
35435,0,1,0,0,0
35436,0,1,0,0,0
35437,0,1,0,0,0
35438,0,1,0,0,0
35439,1,0,0,0,0
35440,1,0,0,0,0
35441,1,0,0,0,0
35442,1,0,0,0,0
35443,1,0,0,0,0
35444,1,0,0,0,0
35445,1,0,0,0,0
35446,1,0,0,0,0
35447,1,0,0,0,0
35448,1,0,0,0,0
35449,1,0,0,0,0
35450,1,0,0,0,0
35451,1,0,0,0,0
35452,1,0,0,0,0
35453,1,0,0,0,0
35454,1,0,0,0,0
35455,1,0,0,0,0
35456,1,0,0,0,0
35457,1,0,0,0,0
35458,1,0,0,0,0
35459,1,0,0,0,0
35460,1,0,0,0,0
35461,1,0,0,0,0
35462,1,0,0,0,0
35463,1,0,0,0,0
35464,1,0,0,0,0
35465,1,0,0,0,0
35466,1,0,0,0,0
35467,1,0,0,0,0
35468,1,0,0,0,0
35469,1,0,0,0,0
35470,1,0,0,0,0
35471,1,0,0,0,0
35472,1,0,0,0,0
35473,1,0,0,0,0
35474,1,0,0,0,0
35475,1,0,0,0,0
35476,1,0,0,0,0
35477,1,0,0,0,0
35478,1,0,0,0,0
35479,1,0,0,0,0
35480,1,0,0,0,0
35481,1,0,0,0,0
35482,1,0,0,0,0
35483,1,0,0,0,0
35484,1,0,0,0,0
35485,1,0,0,0,0
35486,1,0,0,0,0
35487,1,0,0,0,0
35488,1,0,0,0,0
35489,1,0,0,0,0
35490,1,0,0,0,0
35491,1,0,0,0,0
35492,1,0,0,0,0
35493,1,0,0,0,0
35494,1,0,0,0,0
35495,1,0,0,0,0
35496,1,0,0,0,0
35497,1,0,0,0,0
35498,1,0,0,0,0
35499,1,0,0,0,0
35500,1,0,0,0,0
35501,1,0,0,0,0
35502,1,0,0,0,0
35503,1,0,0,0,0
35504,1,0,0,0,0
35505,1,0,0,0,0
35506,1,0,0,0,0
35507,1,0,0,0,0
35508,1,0,0,0,0
35509,1,0,0,0,0
35510,1,0,0,0,0
35511,1,0,0,0,0
35512,1,0,0,0,0
35513,1,0,0,0,0
35514,1,0,0,0,0
35515,1,0,0,0,0
35516,1,0,0,0,0
35517,1,0,0,0,0
35518,1,0,0,0,0
35519,1,0,0,0,0
35520,1,0,0,0,0
35521,1,0,0,0,0
35522,1,0,0,0,0
35523,1,0,0,0,0
35524,1,0,0,0,0
35525,1,0,0,0,0
35526,1,0,0,0,0
35527,1,0,0,0,0
35528,1,0,0,0,0
35529,1,0,0,0,0
35530,1,0,0,0,0
35531,1,0,0,0,0
35532,1,0,0,0,0
35533,1,0,0,0,0
35534,1,0,0,0,0
35535,1,0,0,0,0
35536,1,0,0,0,0
35537,1,0,0,0,0
35538,1,0,0,0,0
35539,1,0,0,0,0
35540,1,0,0,0,0
35541,1,0,0,0,0
35542,1,0,0,0,0
35543,1,0,0,0,0
35544,1,0,0,0,0
35545,1,0,0,0,0
35546,1,0,0,0,0
35547,1,0,0,0,0
35548,1,0,0,0,0
35549,1,0,0,0,0
35550,1,0,0,0,0
35551,1,0,0,0,0
35552,1,0,0,0,0
35553,1,0,0,0,0
35554,1,0,0,0,0
35555,1,0,0,0,0
35556,1,0,0,0,0
35557,1,0,0,0,0
35558,1,0,0,0,0
35559,1,0,0,0,0
35560,1,0,0,0,0
35561,1,0,0,0,0
35562,1,0,0,0,0
35563,1,0,0,0,0
35564,1,0,0,0,0
35565,1,0,0,0,0
35566,1,0,0,0,0
35567,1,0,0,0,0
35568,1,0,0,0,0
35569,1,0,0,0,0
35570,1,0,0,0,0
35571,1,0,0,0,0
35572,1,0,0,0,0
35573,1,0,0,0,0
35574,1,0,0,0,0
35575,1,0,0,0,0
35576,1,0,0,0,0
35577,1,0,0,0,0
35578,1,0,0,0,0
35579,1,0,0,0,0
35580,1,0,0,0,0
35581,1,0,0,0,0
35582,1,0,0,0,0
35583,1,0,0,0,0
35584,1,0,0,0,0
35585,1,0,0,0,0
35586,1,0,0,0,0
35587,1,0,0,0,0
35588,1,0,0,0,0
35589,1,0,0,0,0
35590,1,0,0,0,0
35591,1,0,0,0,0
35592,1,0,0,0,0
35593,1,0,0,0,0
35594,1,0,0,0,0
35595,1,0,0,0,0
35596,1,0,0,0,0
35597,1,0,0,0,0
35598,1,0,0,0,0
35599,1,0,0,0,0
35600,1,0,0,0,0
35601,1,0,0,0,0
35602,1,0,0,0,0
35603,1,0,0,0,0
35604,1,0,0,0,0
35605,1,0,0,0,0
35606,1,0,0,0,0
35607,1,0,0,0,0
35608,1,0,0,0,0
35609,1,0,0,0,0
35610,1,0,0,0,0
35611,1,0,0,0,0
35612,1,0,0,0,0
35613,1,0,0,0,0
35614,1,0,0,0,0
35615,1,0,0,0,0
35616,1,0,0,0,0
35617,1,0,0,0,0
35618,1,0,0,0,0
35619,1,0,0,0,0
35620,1,0,0,0,0
35621,1,0,0,0,0
35622,1,0,0,0,0
35623,1,0,0,0,0
35624,1,0,0,0,0
35625,1,0,0,0,0
35626,1,0,0,0,0
35627,1,0,0,0,0
35628,1,0,0,0,0
35629,1,0,0,0,0
35630,1,0,0,0,0
35631,1,0,0,0,0
35632,1,0,0,0,0
35633,1,0,0,0,0
35634,1,0,0,0,0
35635,1,0,0,0,0
35636,1,0,0,0,0
35637,1,0,0,0,0
35638,1,0,0,0,0
35639,1,0,0,0,0
35640,1,0,0,0,0
35641,1,0,0,0,0
35642,1,0,0,0,0
35643,1,0,0,0,0
35644,1,0,0,0,0
35645,1,0,0,0,0
35646,1,0,0,0,0
35647,1,0,0,0,0
35648,1,0,0,0,0
35649,1,0,0,0,0
35650,1,0,0,0,0
35651,1,0,0,0,0
35652,1,0,0,0,0
35653,1,0,0,0,0
35654,1,0,0,0,0
35655,1,0,0,0,0
35656,1,0,0,0,0
35657,1,0,0,0,0
35658,1,0,0,0,0
35659,1,0,0,0,0
35660,1,0,0,0,0
35661,1,0,0,0,0
35662,1,0,0,0,0
35663,1,0,0,0,0
35664,1,0,0,0,0
35665,1,0,0,0,0
35666,1,0,0,0,0
35667,1,0,0,0,0
35668,1,0,0,0,0
35669,1,0,0,0,0
35670,1,0,0,0,0
35671,1,0,0,0,0
35672,1,0,0,0,0
35673,1,0,0,0,0
35674,1,0,0,0,0
35675,1,0,0,0,0
35676,1,0,0,0,0
35677,1,0,0,0,0
35678,1,0,0,0,0
35679,1,0,0,0,0
35680,1,0,0,0,0
35681,1,0,0,0,0
35682,1,0,0,0,0
35683,1,0,0,0,0
35684,1,0,0,0,0
35685,1,0,0,0,0
35686,1,0,0,0,0
35687,1,0,0,0,0
35688,1,0,0,0,0
35689,1,0,0,0,0
35690,1,0,0,0,0
35691,1,0,0,0,0
35692,1,0,0,0,0
35693,1,0,0,0,0
35694,1,0,0,0,0
35695,1,0,0,0,0
35696,1,0,0,0,0
35697,1,0,0,0,0
35698,1,0,0,0,0
35699,1,0,0,0,0
35700,1,0,0,0,0
35701,1,0,0,0,0
35702,1,0,0,0,0
35703,1,0,0,0,0
35704,1,0,0,0,0
35705,1,0,0,0,0
35706,1,0,0,0,0
35707,1,0,0,0,0
35708,1,0,0,0,0
35709,1,0,0,0,0
35710,1,0,0,0,0
35711,1,0,0,0,0
35712,1,0,0,0,0
35713,1,0,0,0,0
35714,1,0,0,0,0
35715,1,0,0,0,0
35716,1,0,0,0,0
35717,1,0,0,0,0
35718,1,0,0,0,0
35719,1,0,0,0,0
35720,1,0,0,0,0
35721,1,0,0,0,0
35722,1,0,0,0,0
35723,1,0,0,0,0
35724,1,0,0,0,0
35725,1,0,0,0,0
35726,1,0,0,0,0
35727,1,0,0,0,0
35728,1,0,0,0,0
35729,1,0,0,0,0
35730,1,0,0,0,0
35731,1,0,0,0,0
35732,1,0,0,0,0
35733,1,0,0,0,0
35734,1,0,0,0,0
35735,1,0,0,0,0
35736,1,0,0,0,0
35737,1,0,0,0,0
35738,1,0,0,0,0
35739,1,0,0,0,0
35740,1,0,0,0,0
35741,1,0,0,0,0
35742,1,0,0,0,0
35743,1,0,0,0,0
35744,1,0,0,0,0
35745,1,0,0,0,0
35746,1,0,0,0,0
35747,1,0,0,0,0
35748,1,0,0,0,0
35749,1,0,0,0,0
35750,1,0,0,0,0
35751,1,0,0,0,0
35752,1,0,0,0,0
35753,1,0,0,0,0
35754,1,0,0,0,0
35755,1,0,0,0,0
35756,1,0,0,0,0
35757,1,0,0,0,0
35758,1,0,0,0,0
35759,1,0,0,0,0
35760,1,0,0,0,0
35761,1,0,0,0,0
35762,1,0,0,0,0
35763,1,0,0,0,0
35764,1,0,0,0,0
35765,1,0,0,0,0
35766,1,0,0,0,0
35767,1,0,0,0,0
35768,1,0,0,0,0
35769,1,0,0,0,0
35770,1,0,0,0,0
35771,1,0,0,0,0
35772,1,0,0,0,0
35773,1,0,0,0,0
35774,1,0,0,0,0
35775,1,0,0,0,0
35776,1,0,0,0,0
35777,1,0,0,0,0
35778,1,0,0,0,0
35779,1,0,0,0,0
35780,1,0,0,0,0
35781,1,0,0,0,0
35782,1,0,0,0,0
35783,1,0,0,0,0
35784,1,0,0,0,0
35785,1,0,0,0,0
35786,1,0,0,0,0
35787,1,0,0,0,0
35788,1,0,0,0,0
35789,1,0,0,0,0
35790,1,0,0,0,0
35791,1,0,0,0,0
35792,1,0,0,0,0
35793,1,0,0,0,0
35794,1,0,0,0,0
35795,1,0,0,0,0
35796,1,0,0,0,0
35797,1,0,0,0,0
35798,1,0,0,0,0
35799,1,0,0,0,0
35800,1,0,0,0,0
35801,1,0,0,0,0
35802,1,0,0,0,0
35803,1,0,0,0,0
35804,1,0,0,0,0
35805,1,0,0,0,0
35806,1,0,0,0,0
35807,1,0,0,0,0
35808,1,0,0,0,0
35809,1,0,0,0,0
35810,1,0,0,0,0
35811,1,0,0,0,0
35812,1,0,0,0,0
35813,1,0,0,0,0
35814,1,0,0,0,0
35815,1,0,0,0,0
35816,1,0,0,0,0
35817,1,0,0,0,0
35818,1,0,0,0,0
35819,1,0,0,0,0
35820,1,0,0,0,0
35821,1,0,0,0,0
35822,1,0,0,0,0
35823,1,0,0,0,0
35824,1,0,0,0,0
35825,1,0,0,0,0
35826,1,0,0,0,0
35827,1,0,0,0,0
35828,1,0,0,0,0
35829,1,0,0,0,0
35830,1,0,0,0,0
35831,1,0,0,0,0
35832,1,0,0,0,0
35833,1,0,0,0,0
35834,1,0,0,0,0
35835,1,0,0,0,0
35836,1,0,0,0,0
35837,1,0,0,0,0
35838,1,0,0,0,0
35839,1,0,0,0,0
35840,1,0,0,0,0
35841,1,0,0,0,0
35842,1,0,0,0,0
35843,1,0,0,0,0
35844,1,0,0,0,0
35845,1,0,0,0,0
35846,1,0,0,0,0
35847,1,0,0,0,0
35848,1,0,0,0,0
35849,1,0,0,0,0
35850,1,0,0,0,0
35851,1,0,0,0,0
35852,1,0,0,0,0
35853,1,0,0,0,0
35854,1,0,0,0,0
35855,1,0,0,0,0
35856,1,0,0,0,0
35857,0,0,0,0,1
35858,0,0,0,0,1
35859,0,0,0,0,1
35860,0,0,0,0,1
35861,0,0,0,0,1
35862,0,0,0,0,1
35863,0,0,0,0,1
35864,0,0,0,0,1
35865,0,0,0,0,1
35866,0,0,0,0,1
35867,0,0,0,0,1
35868,0,0,0,0,1
35869,0,0,0,0,1
35870,0,0,0,0,1
35871,0,0,0,0,1
35872,0,0,0,0,1
35873,0,0,0,0,1
35874,0,0,0,0,1
35875,0,0,0,0,1
35876,0,0,0,0,1
35877,0,0,0,0,1
35878,0,0,0,0,1
35879,0,0,0,0,1
35880,0,0,0,0,1
35881,0,0,0,0,1
35882,0,0,0,0,1
35883,0,0,0,0,1
35884,0,0,0,0,1
35885,0,0,0,0,1
35886,0,0,0,0,1
35887,0,0,0,0,1
35888,0,0,0,0,1
35889,0,0,0,0,1
35890,0,0,0,0,1
35891,0,0,0,0,1
35892,0,0,0,0,1
35893,0,0,0,0,1
35894,0,0,0,0,1
35895,0,0,0,0,1
35896,0,0,0,0,1
35897,0,0,0,0,1
35898,0,0,0,0,1
35899,0,0,0,0,1
35900,0,0,0,0,1
35901,0,0,0,0,1
35902,0,0,0,0,1
35903,0,0,0,0,1
35904,0,0,0,0,1
35905,0,0,0,0,1
35906,0,0,0,0,1
35907,0,0,0,0,1
35908,0,0,0,0,1
35909,0,0,0,0,1
35910,0,0,0,0,1
35911,0,0,0,0,1
35912,0,0,0,0,1
35913,0,0,0,0,1
35914,0,0,0,0,1
35915,0,0,0,0,1
35916,0,0,0,0,1
35917,0,0,0,0,1
35918,0,0,0,0,1
35919,0,0,0,0,1
35920,0,0,0,0,1
35921,0,0,0,0,1
35922,1,0,0,0,0
35923,1,0,0,0,0
35924,1,0,0,0,0
35925,1,0,0,0,0
35926,1,0,0,0,0
35927,1,0,0,0,0
35928,1,0,0,0,0
35929,1,0,0,0,0
35930,1,0,0,0,0
35931,1,0,0,0,0
35932,1,0,0,0,0
35933,1,0,0,0,0
35934,1,0,0,0,0
35935,1,0,0,0,0
35936,1,0,0,0,0
35937,1,0,0,0,0
35938,1,0,0,0,0
35939,0,0,0,0,1
35940,0,0,0,0,1
35941,0,0,0,0,1
35942,0,0,0,0,1
35943,0,0,0,0,1
35944,0,0,0,0,1
35945,0,0,0,0,1
35946,0,0,0,0,1
35947,0,0,0,0,1
35948,0,0,0,0,1
35949,0,0,0,0,1
35950,0,0,0,0,1
35951,0,0,0,0,1
35952,0,0,0,0,1
35953,0,0,0,0,1
35954,0,0,0,0,1
35955,0,0,0,0,1
35956,0,0,0,0,1
35957,0,0,0,0,1
35958,0,0,0,0,1
35959,0,0,0,0,1
35960,0,0,0,0,1
35961,0,0,0,0,1
35962,0,0,0,0,1
35963,0,0,0,0,1
35964,0,0,0,0,1
35965,0,0,0,0,1
35966,0,0,0,0,1
35967,0,0,0,0,1
35968,0,0,0,0,1
35969,0,0,0,0,1
35970,0,0,0,0,1
35971,0,0,0,0,1
35972,0,0,0,0,1
35973,0,0,0,0,1
35974,0,0,0,0,1
35975,0,0,0,0,1
35976,0,0,0,0,1
35977,0,0,0,0,1
35978,0,0,0,0,1
35979,0,0,0,0,1
35980,0,0,0,0,1
35981,1,0,0,0,0
35982,1,0,0,0,0
35983,1,0,0,0,0
35984,1,0,0,0,0
35985,1,0,0,0,0
35986,1,0,0,0,0
35987,1,0,0,0,0
35988,1,0,0,0,0
35989,1,0,0,0,0
35990,1,0,0,0,0
35991,1,0,0,0,0
35992,1,0,0,0,0
35993,1,0,0,0,0
35994,0,0,0,1,0
35995,0,0,0,1,0
35996,0,0,0,1,0
35997,0,0,0,1,0
35998,0,0,0,1,0
35999,0,0,0,1,0
36000,0,0,0,1,0
36001,0,0,0,1,0
36002,1,0,0,0,0
36003,1,0,0,0,0
36004,1,0,0,0,0
36005,1,0,0,0,0
36006,1,0,0,0,0
36007,1,0,0,0,0
36008,1,0,0,0,0
36009,1,0,0,0,0
36010,1,0,0,0,0
36011,1,0,0,0,0
36012,1,0,0,0,0
36013,1,0,0,0,0
36014,1,0,0,0,0
36015,1,0,0,0,0
36016,1,0,0,0,0
36017,1,0,0,0,0
36018,1,0,0,0,0
36019,1,0,0,0,0
36020,1,0,0,0,0
36021,1,0,0,0,0
36022,1,0,0,0,0
36023,1,0,0,0,0
36024,1,0,0,0,0
36025,1,0,0,0,0
36026,1,0,0,0,0
36027,1,0,0,0,0
36028,1,0,0,0,0
36029,1,0,0,0,0
36030,1,0,0,0,0
36031,1,0,0,0,0
36032,1,0,0,0,0
36033,1,0,0,0,0
36034,1,0,0,0,0
36035,1,0,0,0,0
36036,1,0,0,0,0
36037,1,0,0,0,0
36038,1,0,0,0,0
36039,1,0,0,0,0
36040,1,0,0,0,0
36041,1,0,0,0,0
36042,1,0,0,0,0
36043,1,0,0,0,0
36044,1,0,0,0,0
36045,1,0,0,0,0
36046,1,0,0,0,0
36047,1,0,0,0,0
36048,1,0,0,0,0
36049,1,0,0,0,0
36050,1,0,0,0,0
36051,1,0,0,0,0
36052,1,0,0,0,0
36053,1,0,0,0,0
36054,1,0,0,0,0
36055,1,0,0,0,0
36056,1,0,0,0,0
36057,1,0,0,0,0
36058,1,0,0,0,0
36059,1,0,0,0,0
36060,1,0,0,0,0
36061,1,0,0,0,0
36062,1,0,0,0,0
36063,1,0,0,0,0
36064,1,0,0,0,0
36065,1,0,0,0,0
36066,1,0,0,0,0
36067,1,0,0,0,0
36068,1,0,0,0,0
36069,1,0,0,0,0
36070,1,0,0,0,0
36071,1,0,0,0,0
36072,1,0,0,0,0
36073,1,0,0,0,0
36074,1,0,0,0,0
36075,1,0,0,0,0
36076,1,0,0,0,0
36077,1,0,0,0,0
36078,1,0,0,0,0
36079,1,0,0,0,0
36080,1,0,0,0,0
36081,1,0,0,0,0
36082,1,0,0,0,0
36083,1,0,0,0,0
36084,1,0,0,0,0
36085,1,0,0,0,0
36086,1,0,0,0,0
36087,1,0,0,0,0
36088,1,0,0,0,0
36089,1,0,0,0,0
36090,1,0,0,0,0
36091,1,0,0,0,0
36092,1,0,0,0,0
36093,1,0,0,0,0
36094,1,0,0,0,0
36095,1,0,0,0,0
36096,1,0,0,0,0
36097,1,0,0,0,0
36098,1,0,0,0,0
36099,1,0,0,0,0
36100,1,0,0,0,0
36101,1,0,0,0,0
36102,0,1,0,0,0
36103,0,1,0,0,0
36104,0,1,0,0,0
36105,0,1,0,0,0
36106,0,1,0,0,0
36107,0,1,0,0,0
36108,0,1,0,0,0
36109,0,1,0,0,0
36110,0,1,0,0,0
36111,0,1,0,0,0
36112,0,1,0,0,0
36113,0,1,0,0,0
36114,0,1,0,0,0
36115,0,1,0,0,0
36116,0,1,0,0,0
36117,0,1,0,0,0
36118,0,1,0,0,0
36119,0,1,0,0,0
36120,0,1,0,0,0
36121,0,1,0,0,0
36122,0,1,0,0,0
36123,0,1,0,0,0
36124,0,1,0,0,0
36125,0,1,0,0,0
36126,0,1,0,0,0
36127,0,1,0,0,0
36128,0,1,0,0,0
36129,0,1,0,0,0
36130,0,1,0,0,0
36131,0,1,0,0,0
36132,0,1,0,0,0
36133,0,1,0,0,0
36134,0,1,0,0,0
36135,0,1,0,0,0
36136,0,1,0,0,0
36137,0,1,0,0,0
36138,0,1,0,0,0
36139,0,1,0,0,0
36140,0,1,0,0,0
36141,0,1,0,0,0
36142,0,1,0,0,0
36143,0,1,0,0,0
36144,0,1,0,0,0
36145,0,1,0,0,0
36146,0,1,0,0,0
36147,0,1,0,0,0
36148,0,1,0,0,0
36149,0,1,0,0,0
36150,0,1,0,0,0
36151,0,1,0,0,0
36152,0,1,0,0,0
36153,0,1,0,0,0
36154,0,1,0,0,0
36155,0,1,0,0,0
36156,0,1,0,0,0
36157,0,1,0,0,0
36158,0,1,0,0,0
36159,0,1,0,0,0
36160,0,1,0,0,0
36161,0,1,0,0,0
36162,0,1,0,0,0
36163,0,1,0,0,0
36164,0,1,0,0,0
36165,0,1,0,0,0
36166,0,1,0,0,0
36167,0,1,0,0,0
36168,1,0,0,0,0
36169,1,0,0,0,0
36170,1,0,0,0,0
36171,1,0,0,0,0
36172,1,0,0,0,0
36173,1,0,0,0,0
36174,1,0,0,0,0
36175,1,0,0,0,0
36176,1,0,0,0,0
36177,1,0,0,0,0
36178,1,0,0,0,0
36179,1,0,0,0,0
36180,1,0,0,0,0
36181,1,0,0,0,0
36182,1,0,0,0,0
36183,1,0,0,0,0
36184,1,0,0,0,0
36185,1,0,0,0,0
36186,1,0,0,0,0
36187,1,0,0,0,0
36188,1,0,0,0,0
36189,1,0,0,0,0
36190,1,0,0,0,0
36191,1,0,0,0,0
36192,1,0,0,0,0
36193,1,0,0,0,0
36194,1,0,0,0,0
36195,1,0,0,0,0
36196,0,0,0,0,1
36197,0,0,0,0,1
36198,0,0,0,0,1
36199,0,0,0,0,1
36200,0,0,0,0,1
36201,0,0,0,0,1
36202,0,0,0,0,1
36203,0,0,0,0,1
36204,0,0,0,0,1
36205,0,0,0,0,1
36206,0,0,0,0,1
36207,0,0,0,0,1
36208,0,0,0,0,1
36209,0,0,0,0,1
36210,0,0,0,0,1
36211,0,0,0,0,1
36212,0,0,0,0,1
36213,0,0,0,0,1
36214,0,0,0,0,1
36215,0,0,0,0,1
36216,0,0,0,0,1
36217,0,0,0,0,1
36218,0,0,0,0,1
36219,0,0,0,0,1
36220,0,0,0,0,1
36221,0,0,0,0,1
36222,0,0,0,0,1
36223,0,0,0,0,1
36224,0,0,0,0,1
36225,0,0,0,0,1
36226,0,0,0,0,1
36227,0,0,0,0,1
36228,0,0,0,0,1
36229,0,0,0,0,1
36230,0,0,0,0,1
36231,0,0,0,0,1
36232,0,0,0,0,1
36233,0,0,0,0,1
36234,0,0,0,0,1
36235,0,0,0,0,1
36236,0,0,0,1,0
36237,0,0,0,1,0
36238,0,0,0,1,0
36239,0,0,0,1,0
36240,0,0,0,1,0
36241,0,0,0,1,0
36242,0,0,0,1,0
36243,0,0,0,1,0
36244,0,0,0,1,0
36245,0,0,0,1,0
36246,0,0,0,1,0
36247,0,0,0,1,0
36248,0,0,0,1,0
36249,0,0,0,1,0
36250,0,0,0,1,0
36251,0,0,0,1,0
36252,0,0,0,1,0
36253,0,0,0,1,0
36254,0,0,0,1,0
36255,0,0,0,1,0
36256,0,0,0,1,0
36257,1,0,0,0,0
36258,1,0,0,0,0
36259,1,0,0,0,0
36260,1,0,0,0,0
36261,1,0,0,0,0
36262,1,0,0,0,0
36263,1,0,0,0,0
36264,1,0,0,0,0
36265,1,0,0,0,0
36266,1,0,0,0,0
36267,1,0,0,0,0
36268,1,0,0,0,0
36269,1,0,0,0,0
36270,1,0,0,0,0
36271,1,0,0,0,0
36272,1,0,0,0,0
36273,1,0,0,0,0
36274,1,0,0,0,0
36275,1,0,0,0,0
36276,1,0,0,0,0
36277,1,0,0,0,0
36278,1,0,0,0,0
36279,1,0,0,0,0
36280,1,0,0,0,0
36281,1,0,0,0,0
36282,1,0,0,0,0
36283,1,0,0,0,0
36284,1,0,0,0,0
36285,1,0,0,0,0
36286,1,0,0,0,0
36287,1,0,0,0,0
36288,1,0,0,0,0
36289,1,0,0,0,0
36290,1,0,0,0,0
36291,1,0,0,0,0
36292,1,0,0,0,0
36293,1,0,0,0,0
36294,1,0,0,0,0
36295,1,0,0,0,0
36296,1,0,0,0,0
36297,1,0,0,0,0
36298,1,0,0,0,0
36299,1,0,0,0,0
36300,1,0,0,0,0
36301,1,0,0,0,0
36302,1,0,0,0,0
36303,1,0,0,0,0
36304,1,0,0,0,0
36305,1,0,0,0,0
36306,1,0,0,0,0
36307,1,0,0,0,0
36308,1,0,0,0,0
36309,1,0,0,0,0
36310,1,0,0,0,0
36311,1,0,0,0,0
36312,1,0,0,0,0
36313,1,0,0,0,0
36314,1,0,0,0,0
36315,1,0,0,0,0
36316,1,0,0,0,0
36317,1,0,0,0,0
36318,1,0,0,0,0
36319,1,0,0,0,0
36320,1,0,0,0,0
36321,1,0,0,0,0
36322,1,0,0,0,0
36323,1,0,0,0,0
36324,1,0,0,0,0
36325,1,0,0,0,0
36326,1,0,0,0,0
36327,1,0,0,0,0
36328,1,0,0,0,0
36329,1,0,0,0,0
36330,1,0,0,0,0
36331,1,0,0,0,0
36332,1,0,0,0,0
36333,1,0,0,0,0
36334,1,0,0,0,0
36335,1,0,0,0,0
36336,1,0,0,0,0
36337,1,0,0,0,0
36338,1,0,0,0,0
36339,1,0,0,0,0
36340,1,0,0,0,0
36341,1,0,0,0,0
36342,1,0,0,0,0
36343,1,0,0,0,0
36344,1,0,0,0,0
36345,1,0,0,0,0
36346,1,0,0,0,0
36347,1,0,0,0,0
36348,1,0,0,0,0
36349,1,0,0,0,0
36350,1,0,0,0,0
36351,1,0,0,0,0
36352,1,0,0,0,0
36353,1,0,0,0,0
36354,1,0,0,0,0
36355,1,0,0,0,0
36356,1,0,0,0,0
36357,1,0,0,0,0
36358,1,0,0,0,0
36359,1,0,0,0,0
36360,1,0,0,0,0
36361,1,0,0,0,0
36362,1,0,0,0,0
36363,1,0,0,0,0
36364,1,0,0,0,0
36365,1,0,0,0,0
36366,1,0,0,0,0
36367,1,0,0,0,0
36368,1,0,0,0,0
36369,1,0,0,0,0
36370,1,0,0,0,0
36371,1,0,0,0,0
36372,1,0,0,0,0
36373,1,0,0,0,0
36374,1,0,0,0,0
36375,1,0,0,0,0
36376,1,0,0,0,0
36377,1,0,0,0,0
36378,1,0,0,0,0
36379,1,0,0,0,0
36380,1,0,0,0,0
36381,1,0,0,0,0
36382,1,0,0,0,0
36383,1,0,0,0,0
36384,1,0,0,0,0
36385,1,0,0,0,0
36386,1,0,0,0,0
36387,1,0,0,0,0
36388,1,0,0,0,0
36389,0,0,0,0,1
36390,0,0,0,0,1
36391,0,0,0,0,1
36392,0,0,0,0,1
36393,0,0,0,0,1
36394,0,0,0,0,1
36395,0,0,0,0,1
36396,0,0,0,0,1
36397,0,0,0,0,1
36398,0,0,0,0,1
36399,0,0,0,0,1
36400,0,0,0,0,1
36401,0,0,0,0,1
36402,0,0,0,0,1
36403,0,0,0,0,1
36404,0,0,0,0,1
36405,0,0,0,0,1
36406,0,0,0,0,1
36407,0,0,0,0,1
36408,0,0,0,0,1
36409,0,0,0,0,1
36410,0,0,0,0,1
36411,0,0,0,0,1
36412,0,0,0,0,1
36413,0,0,0,0,1
36414,0,0,0,0,1
36415,0,0,0,0,1
36416,0,0,0,0,1
36417,0,0,0,0,1
36418,0,0,0,0,1
36419,0,0,0,0,1
36420,0,0,0,0,1
36421,0,0,0,0,1
36422,0,0,0,0,1
36423,0,0,0,0,1
36424,0,0,0,0,1
36425,0,0,0,0,1
36426,0,0,0,0,1
36427,0,0,0,0,1
36428,0,0,0,0,1
36429,0,0,0,0,1
36430,0,0,0,0,1
36431,0,0,0,0,1
36432,0,0,0,0,1
36433,0,0,0,0,1
36434,0,0,0,0,1
36435,0,0,0,0,1
36436,0,0,0,0,1
36437,0,0,0,0,1
36438,0,0,0,0,1
36439,0,0,0,0,1
36440,0,0,0,0,1
36441,0,0,0,0,1
36442,0,0,0,0,1
36443,0,0,0,0,1
36444,0,0,0,0,1
36445,0,0,0,0,1
36446,0,0,0,0,1
36447,0,0,0,0,1
36448,0,0,0,0,1
36449,0,0,0,0,1
36450,0,0,0,0,1
36451,1,0,0,0,0
36452,1,0,0,0,0
36453,1,0,0,0,0
36454,1,0,0,0,0
36455,1,0,0,0,0
36456,1,0,0,0,0
36457,1,0,0,0,0
36458,1,0,0,0,0
36459,1,0,0,0,0
36460,1,0,0,0,0
36461,1,0,0,0,0
36462,1,0,0,0,0
36463,1,0,0,0,0
36464,1,0,0,0,0
36465,1,0,0,0,0
36466,1,0,0,0,0
36467,1,0,0,0,0
36468,1,0,0,0,0
36469,1,0,0,0,0
36470,1,0,0,0,0
36471,1,0,0,0,0
36472,1,0,0,0,0
36473,1,0,0,0,0
36474,1,0,0,0,0
36475,1,0,0,0,0
36476,1,0,0,0,0
36477,1,0,0,0,0
36478,1,0,0,0,0
36479,1,0,0,0,0
36480,1,0,0,0,0
36481,1,0,0,0,0
36482,1,0,0,0,0
36483,1,0,0,0,0
36484,1,0,0,0,0
36485,1,0,0,0,0
36486,1,0,0,0,0
36487,1,0,0,0,0
36488,1,0,0,0,0
36489,1,0,0,0,0
36490,1,0,0,0,0
36491,1,0,0,0,0
36492,1,0,0,0,0
36493,1,0,0,0,0
36494,1,0,0,0,0
36495,1,0,0,0,0
36496,1,0,0,0,0
36497,1,0,0,0,0
36498,1,0,0,0,0
36499,1,0,0,0,0
36500,1,0,0,0,0
36501,1,0,0,0,0
36502,1,0,0,0,0
36503,1,0,0,0,0
36504,1,0,0,0,0
36505,1,0,0,0,0
36506,1,0,0,0,0
36507,1,0,0,0,0
36508,1,0,0,0,0
36509,1,0,0,0,0
36510,1,0,0,0,0
36511,1,0,0,0,0
36512,1,0,0,0,0
36513,1,0,0,0,0
36514,1,0,0,0,0
36515,1,0,0,0,0
36516,1,0,0,0,0
36517,1,0,0,0,0
36518,1,0,0,0,0
36519,1,0,0,0,0
36520,1,0,0,0,0
36521,1,0,0,0,0
36522,1,0,0,0,0
36523,1,0,0,0,0
36524,1,0,0,0,0
36525,1,0,0,0,0
36526,1,0,0,0,0
36527,1,0,0,0,0
36528,1,0,0,0,0
36529,1,0,0,0,0
36530,1,0,0,0,0
36531,1,0,0,0,0
36532,1,0,0,0,0
36533,1,0,0,0,0
36534,1,0,0,0,0
36535,1,0,0,0,0
36536,1,0,0,0,0
36537,1,0,0,0,0
36538,1,0,0,0,0
36539,1,0,0,0,0
36540,1,0,0,0,0
36541,1,0,0,0,0
36542,1,0,0,0,0
36543,1,0,0,0,0
36544,1,0,0,0,0
36545,1,0,0,0,0
36546,1,0,0,0,0
36547,1,0,0,0,0
36548,1,0,0,0,0
36549,1,0,0,0,0
36550,1,0,0,0,0
36551,1,0,0,0,0
36552,1,0,0,0,0
36553,1,0,0,0,0
36554,1,0,0,0,0
36555,1,0,0,0,0
36556,1,0,0,0,0
36557,1,0,0,0,0
36558,1,0,0,0,0
36559,1,0,0,0,0
36560,1,0,0,0,0
36561,1,0,0,0,0
36562,1,0,0,0,0
36563,1,0,0,0,0
36564,1,0,0,0,0
36565,1,0,0,0,0
36566,1,0,0,0,0
36567,1,0,0,0,0
36568,1,0,0,0,0
36569,1,0,0,0,0
36570,1,0,0,0,0
36571,1,0,0,0,0
36572,1,0,0,0,0
36573,1,0,0,0,0
36574,1,0,0,0,0
36575,1,0,0,0,0
36576,1,0,0,0,0
36577,1,0,0,0,0
36578,1,0,0,0,0
36579,1,0,0,0,0
36580,1,0,0,0,0
36581,1,0,0,0,0
36582,1,0,0,0,0
36583,1,0,0,0,0
36584,1,0,0,0,0
36585,1,0,0,0,0
36586,1,0,0,0,0
36587,1,0,0,0,0
36588,1,0,0,0,0
36589,1,0,0,0,0
36590,1,0,0,0,0
36591,1,0,0,0,0
36592,1,0,0,0,0
36593,1,0,0,0,0
36594,1,0,0,0,0
36595,1,0,0,0,0
36596,1,0,0,0,0
36597,1,0,0,0,0
36598,1,0,0,0,0
36599,1,0,0,0,0
36600,1,0,0,0,0
36601,0,0,1,0,0
36602,0,0,1,0,0
36603,0,0,1,0,0
36604,0,0,1,0,0
36605,0,0,1,0,0
36606,0,0,1,0,0
36607,0,0,1,0,0
36608,0,0,1,0,0
36609,0,0,1,0,0
36610,0,0,1,0,0
36611,0,0,1,0,0
36612,0,0,1,0,0
36613,0,0,1,0,0
36614,0,0,1,0,0
36615,0,0,1,0,0
36616,0,0,1,0,0
36617,1,0,0,0,0
36618,1,0,0,0,0
36619,1,0,0,0,0
36620,1,0,0,0,0
36621,1,0,0,0,0
36622,1,0,0,0,0
36623,1,0,0,0,0
36624,1,0,0,0,0
36625,1,0,0,0,0
36626,1,0,0,0,0
36627,1,0,0,0,0
36628,1,0,0,0,0
36629,1,0,0,0,0
36630,1,0,0,0,0
36631,1,0,0,0,0
36632,1,0,0,0,0
36633,1,0,0,0,0
36634,1,0,0,0,0
36635,1,0,0,0,0
36636,1,0,0,0,0
36637,1,0,0,0,0
36638,1,0,0,0,0
36639,1,0,0,0,0
36640,1,0,0,0,0
36641,1,0,0,0,0
36642,1,0,0,0,0
36643,1,0,0,0,0
36644,1,0,0,0,0
36645,1,0,0,0,0
36646,1,0,0,0,0
36647,1,0,0,0,0
36648,1,0,0,0,0
36649,1,0,0,0,0
36650,1,0,0,0,0
36651,1,0,0,0,0
36652,1,0,0,0,0
36653,1,0,0,0,0
36654,1,0,0,0,0
36655,1,0,0,0,0
36656,1,0,0,0,0
36657,1,0,0,0,0
36658,1,0,0,0,0
36659,1,0,0,0,0
36660,1,0,0,0,0
36661,1,0,0,0,0
36662,1,0,0,0,0
36663,1,0,0,0,0
36664,1,0,0,0,0
36665,1,0,0,0,0
36666,1,0,0,0,0
36667,1,0,0,0,0
36668,1,0,0,0,0
36669,1,0,0,0,0
36670,1,0,0,0,0
36671,1,0,0,0,0
36672,1,0,0,0,0
36673,1,0,0,0,0
36674,1,0,0,0,0
36675,1,0,0,0,0
36676,1,0,0,0,0
36677,1,0,0,0,0
36678,1,0,0,0,0
36679,1,0,0,0,0
36680,1,0,0,0,0
36681,1,0,0,0,0
36682,1,0,0,0,0
36683,1,0,0,0,0
36684,1,0,0,0,0
36685,1,0,0,0,0
36686,1,0,0,0,0
36687,1,0,0,0,0
36688,1,0,0,0,0
36689,1,0,0,0,0
36690,1,0,0,0,0
36691,1,0,0,0,0
36692,1,0,0,0,0
36693,1,0,0,0,0
36694,1,0,0,0,0
36695,1,0,0,0,0
36696,1,0,0,0,0
36697,1,0,0,0,0
36698,1,0,0,0,0
36699,1,0,0,0,0
36700,1,0,0,0,0
36701,1,0,0,0,0
36702,1,0,0,0,0
36703,1,0,0,0,0
36704,1,0,0,0,0
36705,1,0,0,0,0
36706,1,0,0,0,0
36707,1,0,0,0,0
36708,1,0,0,0,0
36709,1,0,0,0,0
36710,1,0,0,0,0
36711,1,0,0,0,0
36712,1,0,0,0,0
36713,1,0,0,0,0
36714,1,0,0,0,0
36715,1,0,0,0,0
36716,1,0,0,0,0
36717,1,0,0,0,0
36718,1,0,0,0,0
36719,1,0,0,0,0
36720,1,0,0,0,0
36721,1,0,0,0,0
36722,1,0,0,0,0
36723,1,0,0,0,0
36724,1,0,0,0,0
36725,1,0,0,0,0
36726,1,0,0,0,0
36727,1,0,0,0,0
36728,1,0,0,0,0
36729,1,0,0,0,0
36730,1,0,0,0,0
36731,1,0,0,0,0
36732,1,0,0,0,0
36733,1,0,0,0,0
36734,1,0,0,0,0
36735,1,0,0,0,0
36736,1,0,0,0,0
36737,1,0,0,0,0
36738,1,0,0,0,0
36739,1,0,0,0,0
36740,1,0,0,0,0
36741,1,0,0,0,0
36742,1,0,0,0,0
36743,1,0,0,0,0
36744,1,0,0,0,0
36745,1,0,0,0,0
36746,1,0,0,0,0
36747,1,0,0,0,0
36748,1,0,0,0,0
36749,1,0,0,0,0
36750,1,0,0,0,0
36751,1,0,0,0,0
36752,1,0,0,0,0
36753,1,0,0,0,0
36754,1,0,0,0,0
36755,1,0,0,0,0
36756,1,0,0,0,0
36757,1,0,0,0,0
36758,1,0,0,0,0
36759,1,0,0,0,0
36760,1,0,0,0,0
36761,1,0,0,0,0
36762,1,0,0,0,0
36763,1,0,0,0,0
36764,1,0,0,0,0
36765,1,0,0,0,0
36766,1,0,0,0,0
36767,1,0,0,0,0
36768,1,0,0,0,0
36769,1,0,0,0,0
36770,1,0,0,0,0
36771,1,0,0,0,0
36772,1,0,0,0,0
36773,1,0,0,0,0
36774,1,0,0,0,0
36775,1,0,0,0,0
36776,1,0,0,0,0
36777,1,0,0,0,0
36778,1,0,0,0,0
36779,1,0,0,0,0
36780,1,0,0,0,0
36781,1,0,0,0,0
36782,1,0,0,0,0
36783,1,0,0,0,0
36784,1,0,0,0,0
36785,1,0,0,0,0
36786,1,0,0,0,0
36787,1,0,0,0,0
36788,1,0,0,0,0
36789,1,0,0,0,0
36790,1,0,0,0,0
36791,1,0,0,0,0
36792,1,0,0,0,0
36793,1,0,0,0,0
36794,1,0,0,0,0
36795,1,0,0,0,0
36796,1,0,0,0,0
36797,1,0,0,0,0
36798,1,0,0,0,0
36799,1,0,0,0,0
36800,1,0,0,0,0
36801,1,0,0,0,0
36802,1,0,0,0,0
36803,1,0,0,0,0
36804,1,0,0,0,0
36805,1,0,0,0,0
36806,1,0,0,0,0
36807,1,0,0,0,0
36808,1,0,0,0,0
36809,1,0,0,0,0
36810,1,0,0,0,0
36811,1,0,0,0,0
36812,1,0,0,0,0
36813,1,0,0,0,0
36814,1,0,0,0,0
36815,1,0,0,0,0
36816,1,0,0,0,0
36817,1,0,0,0,0
36818,1,0,0,0,0
36819,1,0,0,0,0
36820,1,0,0,0,0
36821,1,0,0,0,0
36822,1,0,0,0,0
36823,1,0,0,0,0
36824,1,0,0,0,0
36825,1,0,0,0,0
36826,1,0,0,0,0
36827,1,0,0,0,0
36828,1,0,0,0,0
36829,1,0,0,0,0
36830,1,0,0,0,0
36831,1,0,0,0,0
36832,1,0,0,0,0
36833,1,0,0,0,0
36834,1,0,0,0,0
36835,1,0,0,0,0
36836,1,0,0,0,0
36837,1,0,0,0,0
36838,1,0,0,0,0
36839,1,0,0,0,0
36840,1,0,0,0,0
36841,1,0,0,0,0
36842,1,0,0,0,0
36843,1,0,0,0,0
36844,1,0,0,0,0
36845,1,0,0,0,0
36846,1,0,0,0,0
36847,0,0,0,0,1
36848,0,0,0,0,1
36849,0,0,0,0,1
36850,0,0,0,0,1
36851,0,0,0,0,1
36852,0,0,0,0,1
36853,0,0,0,0,1
36854,0,0,0,0,1
36855,0,0,0,0,1
36856,0,0,0,0,1
36857,0,0,0,0,1
36858,0,0,0,0,1
36859,0,0,0,0,1
36860,0,0,0,0,1
36861,0,0,0,0,1
36862,0,0,0,0,1
36863,0,0,0,0,1
36864,0,0,0,0,1
36865,0,0,0,0,1
36866,0,0,0,0,1
36867,0,0,0,0,1
36868,0,0,0,0,1
36869,0,0,0,0,1
36870,0,0,0,0,1
36871,0,0,0,0,1
36872,0,0,0,0,1
36873,0,0,0,0,1
36874,0,0,0,0,1
36875,0,0,0,0,1
36876,0,0,0,0,1
36877,0,0,0,0,1
36878,0,0,0,0,1
36879,0,0,0,0,1
36880,0,0,0,0,1
36881,0,0,0,0,1
36882,0,0,0,0,1
36883,0,0,0,0,1
36884,0,0,0,0,1
36885,0,0,0,0,1
36886,0,0,0,0,1
36887,0,0,0,0,1
36888,0,0,0,0,1
36889,0,0,0,0,1
36890,0,0,0,0,1
36891,0,0,0,0,1
36892,0,0,0,0,1
36893,0,0,0,0,1
36894,0,0,0,0,1
36895,0,0,0,0,1
36896,0,0,0,0,1
36897,0,0,0,0,1
36898,0,0,0,0,1
36899,0,0,0,0,1
36900,0,0,0,0,1
36901,0,0,0,0,1
36902,0,0,0,0,1
36903,0,0,0,0,1
36904,0,0,0,0,1
36905,0,0,0,0,1
36906,0,0,0,0,1
36907,0,0,0,0,1
36908,0,0,0,0,1
36909,0,0,0,0,1
36910,0,0,0,0,1
36911,0,0,0,0,1
36912,0,0,0,0,1
36913,0,0,0,0,1
36914,0,0,0,0,1
36915,0,0,0,0,1
36916,0,0,0,0,1
36917,0,0,0,0,1
36918,0,0,0,0,1
36919,0,0,0,0,1
36920,0,0,0,0,1
36921,0,0,0,0,1
36922,0,0,0,0,1
36923,0,0,0,0,1
36924,0,0,0,0,1
36925,0,0,0,0,1
36926,0,0,0,0,1
36927,0,0,0,0,1
36928,0,0,0,0,1
36929,0,0,0,0,1
36930,0,0,0,0,1
36931,0,0,0,0,1
36932,0,0,0,0,1
36933,0,0,0,0,1
36934,0,0,0,0,1
36935,0,0,0,0,1
36936,0,0,0,0,1
36937,0,0,0,0,1
36938,0,0,0,0,1
36939,0,0,0,0,1
36940,0,0,0,0,1
36941,0,0,0,0,1
36942,0,0,0,0,1
36943,0,0,0,0,1
36944,0,0,0,0,1
36945,0,0,0,0,1
36946,0,0,0,0,1
36947,0,0,0,0,1
36948,0,0,0,0,1
36949,0,0,0,0,1
36950,0,0,0,0,1
36951,0,0,0,0,1
36952,0,0,0,0,1
36953,0,0,0,0,1
36954,0,0,0,0,1
36955,0,0,0,0,1
36956,0,0,0,0,1
36957,0,0,0,0,1
36958,0,0,0,0,1
36959,1,0,0,0,0
36960,1,0,0,0,0
36961,1,0,0,0,0
36962,1,0,0,0,0
36963,1,0,0,0,0
36964,1,0,0,0,0
36965,1,0,0,0,0
36966,1,0,0,0,0
36967,1,0,0,0,0
36968,1,0,0,0,0
36969,1,0,0,0,0
36970,1,0,0,0,0
36971,1,0,0,0,0
36972,1,0,0,0,0
36973,1,0,0,0,0
36974,1,0,0,0,0
36975,1,0,0,0,0
36976,1,0,0,0,0
36977,1,0,0,0,0
36978,1,0,0,0,0
36979,1,0,0,0,0
36980,1,0,0,0,0
36981,1,0,0,0,0
36982,1,0,0,0,0
36983,1,0,0,0,0
36984,1,0,0,0,0
36985,1,0,0,0,0
36986,1,0,0,0,0
36987,1,0,0,0,0
36988,1,0,0,0,0
36989,1,0,0,0,0
36990,1,0,0,0,0
36991,1,0,0,0,0
36992,1,0,0,0,0
36993,1,0,0,0,0
36994,1,0,0,0,0
36995,1,0,0,0,0
36996,1,0,0,0,0
36997,1,0,0,0,0
36998,1,0,0,0,0
36999,1,0,0,0,0
37000,1,0,0,0,0
37001,1,0,0,0,0
37002,1,0,0,0,0
37003,1,0,0,0,0
37004,1,0,0,0,0
37005,1,0,0,0,0
37006,1,0,0,0,0
37007,1,0,0,0,0
37008,1,0,0,0,0
37009,1,0,0,0,0
37010,1,0,0,0,0
37011,1,0,0,0,0
37012,1,0,0,0,0
37013,1,0,0,0,0
37014,1,0,0,0,0
37015,1,0,0,0,0
37016,1,0,0,0,0
37017,1,0,0,0,0
37018,1,0,0,0,0
37019,1,0,0,0,0
37020,1,0,0,0,0
37021,1,0,0,0,0
37022,1,0,0,0,0
37023,1,0,0,0,0
37024,1,0,0,0,0
37025,1,0,0,0,0
37026,1,0,0,0,0
37027,1,0,0,0,0
37028,1,0,0,0,0
37029,1,0,0,0,0
37030,1,0,0,0,0
37031,1,0,0,0,0
37032,1,0,0,0,0
37033,1,0,0,0,0
37034,1,0,0,0,0
37035,1,0,0,0,0
37036,1,0,0,0,0
37037,1,0,0,0,0
37038,1,0,0,0,0
37039,1,0,0,0,0
37040,1,0,0,0,0
37041,1,0,0,0,0
37042,1,0,0,0,0
37043,1,0,0,0,0
37044,1,0,0,0,0
37045,1,0,0,0,0
37046,1,0,0,0,0
37047,1,0,0,0,0
37048,1,0,0,0,0
37049,1,0,0,0,0
37050,1,0,0,0,0
37051,1,0,0,0,0
37052,1,0,0,0,0
37053,1,0,0,0,0
37054,1,0,0,0,0
37055,1,0,0,0,0
37056,1,0,0,0,0
37057,1,0,0,0,0
37058,1,0,0,0,0
37059,1,0,0,0,0
37060,1,0,0,0,0
37061,1,0,0,0,0
37062,1,0,0,0,0
37063,1,0,0,0,0
37064,1,0,0,0,0
37065,1,0,0,0,0
37066,1,0,0,0,0
37067,1,0,0,0,0
37068,1,0,0,0,0
37069,1,0,0,0,0
37070,1,0,0,0,0
37071,1,0,0,0,0
37072,1,0,0,0,0
37073,1,0,0,0,0
37074,1,0,0,0,0
37075,1,0,0,0,0
37076,1,0,0,0,0
37077,1,0,0,0,0
37078,1,0,0,0,0
37079,1,0,0,0,0
37080,1,0,0,0,0
37081,1,0,0,0,0
37082,1,0,0,0,0
37083,1,0,0,0,0
37084,1,0,0,0,0
37085,1,0,0,0,0
37086,1,0,0,0,0
37087,1,0,0,0,0
37088,1,0,0,0,0
37089,1,0,0,0,0
37090,1,0,0,0,0
37091,1,0,0,0,0
37092,1,0,0,0,0
37093,1,0,0,0,0
37094,1,0,0,0,0
37095,1,0,0,0,0
37096,1,0,0,0,0
37097,1,0,0,0,0
37098,1,0,0,0,0
37099,1,0,0,0,0
37100,1,0,0,0,0
37101,1,0,0,0,0
37102,1,0,0,0,0
37103,1,0,0,0,0
37104,1,0,0,0,0
37105,1,0,0,0,0
37106,1,0,0,0,0
37107,1,0,0,0,0
37108,1,0,0,0,0
37109,1,0,0,0,0
37110,1,0,0,0,0
37111,1,0,0,0,0
37112,1,0,0,0,0
37113,1,0,0,0,0
37114,1,0,0,0,0
37115,1,0,0,0,0
37116,1,0,0,0,0
37117,1,0,0,0,0
37118,1,0,0,0,0
37119,1,0,0,0,0
37120,1,0,0,0,0
37121,1,0,0,0,0
37122,1,0,0,0,0
37123,1,0,0,0,0
37124,1,0,0,0,0
37125,1,0,0,0,0
37126,1,0,0,0,0
37127,1,0,0,0,0
37128,1,0,0,0,0
37129,1,0,0,0,0
37130,1,0,0,0,0
37131,1,0,0,0,0
37132,1,0,0,0,0
37133,1,0,0,0,0
37134,1,0,0,0,0
37135,1,0,0,0,0
37136,1,0,0,0,0
37137,1,0,0,0,0
37138,1,0,0,0,0
37139,1,0,0,0,0
37140,1,0,0,0,0
37141,1,0,0,0,0
37142,1,0,0,0,0
37143,1,0,0,0,0
37144,1,0,0,0,0
37145,1,0,0,0,0
37146,1,0,0,0,0
37147,1,0,0,0,0
37148,1,0,0,0,0
37149,1,0,0,0,0
37150,1,0,0,0,0
37151,1,0,0,0,0
37152,1,0,0,0,0
37153,1,0,0,0,0
37154,1,0,0,0,0
37155,1,0,0,0,0
37156,1,0,0,0,0
37157,1,0,0,0,0
37158,1,0,0,0,0
37159,1,0,0,0,0
37160,1,0,0,0,0
37161,1,0,0,0,0
37162,1,0,0,0,0
37163,1,0,0,0,0
37164,1,0,0,0,0
37165,1,0,0,0,0
37166,1,0,0,0,0
37167,1,0,0,0,0
37168,1,0,0,0,0
37169,1,0,0,0,0
37170,1,0,0,0,0
37171,1,0,0,0,0
37172,1,0,0,0,0
37173,1,0,0,0,0
37174,1,0,0,0,0
37175,1,0,0,0,0
37176,1,0,0,0,0
37177,1,0,0,0,0
37178,1,0,0,0,0
37179,1,0,0,0,0
37180,1,0,0,0,0
37181,1,0,0,0,0
37182,1,0,0,0,0
37183,1,0,0,0,0
37184,1,0,0,0,0
37185,1,0,0,0,0
37186,1,0,0,0,0
37187,1,0,0,0,0
37188,1,0,0,0,0
37189,1,0,0,0,0
37190,1,0,0,0,0
37191,1,0,0,0,0
37192,1,0,0,0,0
37193,1,0,0,0,0
37194,1,0,0,0,0
37195,1,0,0,0,0
37196,1,0,0,0,0
37197,1,0,0,0,0
37198,1,0,0,0,0
37199,1,0,0,0,0
37200,1,0,0,0,0
37201,1,0,0,0,0
37202,1,0,0,0,0
37203,1,0,0,0,0
37204,1,0,0,0,0
37205,1,0,0,0,0
37206,1,0,0,0,0
37207,1,0,0,0,0
37208,1,0,0,0,0
37209,1,0,0,0,0
37210,1,0,0,0,0
37211,1,0,0,0,0
37212,1,0,0,0,0
37213,1,0,0,0,0
37214,1,0,0,0,0
37215,1,0,0,0,0
37216,1,0,0,0,0
37217,1,0,0,0,0
37218,1,0,0,0,0
37219,1,0,0,0,0
37220,1,0,0,0,0
37221,1,0,0,0,0
37222,1,0,0,0,0
37223,1,0,0,0,0
37224,1,0,0,0,0
37225,1,0,0,0,0
37226,1,0,0,0,0
37227,1,0,0,0,0
37228,1,0,0,0,0
37229,1,0,0,0,0
37230,1,0,0,0,0
37231,1,0,0,0,0
37232,1,0,0,0,0
37233,1,0,0,0,0
37234,1,0,0,0,0
37235,1,0,0,0,0
37236,1,0,0,0,0
37237,1,0,0,0,0
37238,1,0,0,0,0
37239,1,0,0,0,0
37240,1,0,0,0,0
37241,1,0,0,0,0
37242,1,0,0,0,0
37243,1,0,0,0,0
37244,1,0,0,0,0
37245,1,0,0,0,0
37246,1,0,0,0,0
37247,1,0,0,0,0
37248,1,0,0,0,0
37249,1,0,0,0,0
37250,1,0,0,0,0
37251,1,0,0,0,0
37252,1,0,0,0,0
37253,1,0,0,0,0
37254,1,0,0,0,0
37255,1,0,0,0,0
37256,1,0,0,0,0
37257,1,0,0,0,0
37258,1,0,0,0,0
37259,1,0,0,0,0
37260,1,0,0,0,0
37261,1,0,0,0,0
37262,1,0,0,0,0
37263,1,0,0,0,0
37264,1,0,0,0,0
37265,1,0,0,0,0
37266,1,0,0,0,0
37267,1,0,0,0,0
37268,1,0,0,0,0
37269,1,0,0,0,0
37270,1,0,0,0,0
37271,1,0,0,0,0
37272,1,0,0,0,0
37273,1,0,0,0,0
37274,1,0,0,0,0
37275,1,0,0,0,0
37276,1,0,0,0,0
37277,1,0,0,0,0
37278,1,0,0,0,0
37279,1,0,0,0,0
37280,1,0,0,0,0
37281,1,0,0,0,0
37282,1,0,0,0,0
37283,1,0,0,0,0
37284,1,0,0,0,0
37285,1,0,0,0,0
37286,1,0,0,0,0
37287,1,0,0,0,0
37288,1,0,0,0,0
37289,1,0,0,0,0
37290,1,0,0,0,0
37291,1,0,0,0,0
37292,1,0,0,0,0
37293,1,0,0,0,0
37294,1,0,0,0,0
37295,1,0,0,0,0
37296,1,0,0,0,0
37297,1,0,0,0,0
37298,1,0,0,0,0
37299,1,0,0,0,0
37300,1,0,0,0,0
37301,1,0,0,0,0
37302,1,0,0,0,0
37303,1,0,0,0,0
37304,1,0,0,0,0
37305,1,0,0,0,0
37306,1,0,0,0,0
37307,1,0,0,0,0
37308,1,0,0,0,0
37309,1,0,0,0,0
37310,1,0,0,0,0
37311,1,0,0,0,0
37312,1,0,0,0,0
37313,1,0,0,0,0
37314,1,0,0,0,0
37315,1,0,0,0,0
37316,1,0,0,0,0
37317,1,0,0,0,0
37318,1,0,0,0,0
37319,1,0,0,0,0
37320,1,0,0,0,0
37321,1,0,0,0,0
37322,1,0,0,0,0
37323,1,0,0,0,0
37324,1,0,0,0,0
37325,1,0,0,0,0
37326,1,0,0,0,0
37327,1,0,0,0,0
37328,1,0,0,0,0
37329,1,0,0,0,0
37330,0,0,0,0,1
37331,0,0,0,0,1
37332,0,0,0,0,1
37333,0,0,0,0,1
37334,0,0,0,0,1
37335,0,0,0,0,1
37336,0,0,0,0,1
37337,0,0,0,0,1
37338,0,0,0,0,1
37339,0,0,0,0,1
37340,0,0,0,0,1
37341,0,0,0,0,1
37342,0,0,0,0,1
37343,0,0,0,0,1
37344,0,0,0,0,1
37345,0,0,0,0,1
37346,0,0,0,0,1
37347,0,0,0,0,1
37348,0,0,0,0,1
37349,0,0,0,0,1
37350,0,0,0,0,1
37351,0,0,0,0,1
37352,0,0,0,0,1
37353,0,0,0,0,1
37354,0,0,0,0,1
37355,0,0,0,0,1
37356,0,0,0,0,1
37357,0,0,0,0,1
37358,0,0,0,0,1
37359,0,0,0,0,1
37360,0,0,0,0,1
37361,0,0,0,0,1
37362,0,0,0,0,1
37363,0,0,0,0,1
37364,0,0,0,0,1
37365,0,0,0,0,1
37366,0,0,0,0,1
37367,0,0,0,0,1
37368,0,0,0,0,1
37369,0,0,0,0,1
37370,0,0,0,0,1
37371,0,0,0,0,1
37372,0,0,0,0,1
37373,0,0,0,0,1
37374,0,0,0,0,1
37375,1,0,0,0,0
37376,1,0,0,0,0
37377,1,0,0,0,0
37378,1,0,0,0,0
37379,1,0,0,0,0
37380,1,0,0,0,0
37381,1,0,0,0,0
37382,1,0,0,0,0
37383,1,0,0,0,0
37384,1,0,0,0,0
37385,1,0,0,0,0
37386,1,0,0,0,0
37387,1,0,0,0,0
37388,1,0,0,0,0
37389,1,0,0,0,0
37390,1,0,0,0,0
37391,1,0,0,0,0
37392,1,0,0,0,0
37393,1,0,0,0,0
37394,1,0,0,0,0
37395,1,0,0,0,0
37396,1,0,0,0,0
37397,1,0,0,0,0
37398,1,0,0,0,0
37399,1,0,0,0,0
37400,1,0,0,0,0
37401,1,0,0,0,0
37402,1,0,0,0,0
37403,1,0,0,0,0
37404,1,0,0,0,0
37405,1,0,0,0,0
37406,1,0,0,0,0
37407,1,0,0,0,0
37408,1,0,0,0,0
37409,1,0,0,0,0
37410,1,0,0,0,0
37411,1,0,0,0,0
37412,1,0,0,0,0
37413,1,0,0,0,0
37414,1,0,0,0,0
37415,1,0,0,0,0
37416,1,0,0,0,0
37417,1,0,0,0,0
37418,1,0,0,0,0
37419,1,0,0,0,0
37420,1,0,0,0,0
37421,1,0,0,0,0
37422,1,0,0,0,0
37423,1,0,0,0,0
37424,1,0,0,0,0
37425,1,0,0,0,0
37426,1,0,0,0,0
37427,1,0,0,0,0
37428,1,0,0,0,0
37429,1,0,0,0,0
37430,1,0,0,0,0
37431,0,0,0,0,1
37432,0,0,0,0,1
37433,0,0,0,0,1
37434,0,0,0,0,1
37435,0,0,0,0,1
37436,0,0,0,0,1
37437,0,0,0,0,1
37438,0,0,0,0,1
37439,0,0,0,0,1
37440,0,0,0,0,1
37441,0,0,0,0,1
37442,0,0,0,0,1
37443,0,0,0,0,1
37444,0,0,0,0,1
37445,0,0,0,0,1
37446,0,0,0,0,1
37447,0,0,0,0,1
37448,0,0,0,0,1
37449,0,0,0,0,1
37450,0,0,0,0,1
37451,0,0,0,0,1
37452,0,0,0,0,1
37453,0,0,0,0,1
37454,0,0,0,0,1
37455,0,0,0,0,1
37456,0,0,0,0,1
37457,0,0,0,0,1
37458,0,0,0,0,1
37459,0,0,0,0,1
37460,0,0,0,0,1
37461,1,0,0,0,0
37462,1,0,0,0,0
37463,1,0,0,0,0
37464,1,0,0,0,0
37465,1,0,0,0,0
37466,1,0,0,0,0
37467,1,0,0,0,0
37468,1,0,0,0,0
37469,1,0,0,0,0
37470,1,0,0,0,0
37471,1,0,0,0,0
37472,1,0,0,0,0
37473,1,0,0,0,0
37474,1,0,0,0,0
37475,1,0,0,0,0
37476,1,0,0,0,0
37477,1,0,0,0,0
37478,1,0,0,0,0
37479,1,0,0,0,0
37480,1,0,0,0,0
37481,1,0,0,0,0
37482,1,0,0,0,0
37483,1,0,0,0,0
37484,1,0,0,0,0
37485,1,0,0,0,0
37486,1,0,0,0,0
37487,1,0,0,0,0
37488,1,0,0,0,0
37489,1,0,0,0,0
37490,1,0,0,0,0
37491,1,0,0,0,0
37492,1,0,0,0,0
37493,1,0,0,0,0
37494,1,0,0,0,0
37495,1,0,0,0,0
37496,1,0,0,0,0
37497,1,0,0,0,0
37498,1,0,0,0,0
37499,1,0,0,0,0
37500,1,0,0,0,0
37501,1,0,0,0,0
37502,1,0,0,0,0
37503,1,0,0,0,0
37504,1,0,0,0,0
37505,1,0,0,0,0
37506,1,0,0,0,0
37507,1,0,0,0,0
37508,1,0,0,0,0
37509,1,0,0,0,0
37510,1,0,0,0,0
37511,1,0,0,0,0
37512,1,0,0,0,0
37513,1,0,0,0,0
37514,1,0,0,0,0
37515,1,0,0,0,0
37516,1,0,0,0,0
37517,1,0,0,0,0
37518,1,0,0,0,0
37519,1,0,0,0,0
37520,1,0,0,0,0
37521,1,0,0,0,0
37522,1,0,0,0,0
37523,1,0,0,0,0
37524,1,0,0,0,0
37525,1,0,0,0,0
37526,1,0,0,0,0
37527,1,0,0,0,0
37528,1,0,0,0,0
37529,1,0,0,0,0
37530,1,0,0,0,0
37531,1,0,0,0,0
37532,1,0,0,0,0
37533,1,0,0,0,0
37534,1,0,0,0,0
37535,1,0,0,0,0
37536,1,0,0,0,0
37537,1,0,0,0,0
37538,1,0,0,0,0
37539,1,0,0,0,0
37540,1,0,0,0,0
37541,1,0,0,0,0
37542,1,0,0,0,0
37543,1,0,0,0,0
37544,1,0,0,0,0
37545,1,0,0,0,0
37546,1,0,0,0,0
37547,1,0,0,0,0
37548,1,0,0,0,0
37549,1,0,0,0,0
37550,1,0,0,0,0
37551,1,0,0,0,0
37552,1,0,0,0,0
37553,1,0,0,0,0
37554,1,0,0,0,0
37555,1,0,0,0,0
37556,1,0,0,0,0
37557,1,0,0,0,0
37558,1,0,0,0,0
37559,1,0,0,0,0
37560,1,0,0,0,0
37561,1,0,0,0,0
37562,1,0,0,0,0
37563,1,0,0,0,0
37564,1,0,0,0,0
37565,1,0,0,0,0
37566,0,0,0,1,0
37567,0,0,0,1,0
37568,0,0,0,1,0
37569,0,0,0,1,0
37570,0,0,0,1,0
37571,0,0,0,1,0
37572,0,0,0,1,0
37573,0,0,0,1,0
37574,0,0,0,1,0
37575,0,0,0,1,0
37576,0,0,0,1,0
37577,0,0,0,1,0
37578,0,0,0,1,0
37579,0,0,0,1,0
37580,0,0,0,1,0
37581,0,0,0,1,0
37582,0,0,0,1,0
37583,0,0,0,1,0
37584,0,0,0,1,0
37585,0,0,0,1,0
37586,0,0,0,1,0
37587,0,0,0,1,0
37588,0,0,0,1,0
37589,0,0,0,1,0
37590,0,0,0,1,0
37591,0,0,0,1,0
37592,0,0,0,1,0
37593,0,0,0,1,0
37594,0,0,0,1,0
37595,0,0,0,1,0
37596,0,0,0,1,0
37597,0,0,0,1,0
37598,0,0,0,1,0
37599,0,0,0,1,0
37600,0,0,0,1,0
37601,0,0,0,1,0
37602,0,0,0,1,0
37603,0,0,0,1,0
37604,0,0,0,1,0
37605,0,0,0,1,0
37606,0,0,0,1,0
37607,0,0,0,1,0
37608,0,0,0,1,0
37609,0,0,0,1,0
37610,0,0,0,1,0
37611,0,0,0,1,0
37612,0,0,0,1,0
37613,0,0,0,1,0
37614,0,0,0,1,0
37615,0,0,0,1,0
37616,0,0,0,1,0
37617,0,0,0,1,0
37618,0,0,0,1,0
37619,0,0,0,1,0
37620,0,0,0,1,0
37621,0,0,0,1,0
37622,0,0,0,1,0
37623,0,0,0,1,0
37624,0,0,0,1,0
37625,0,0,0,1,0
37626,0,0,0,1,0
37627,0,0,0,1,0
37628,0,0,0,1,0
37629,0,0,0,1,0
37630,0,0,0,1,0
37631,0,0,0,1,0
37632,0,0,0,1,0
37633,0,0,0,1,0
37634,0,0,0,1,0
37635,0,0,0,1,0
37636,0,0,0,1,0
37637,0,0,0,1,0
37638,0,0,0,1,0
37639,0,0,0,1,0
37640,0,0,0,1,0
37641,0,0,0,1,0
37642,0,0,0,1,0
37643,0,0,0,1,0
37644,0,0,0,1,0
37645,0,0,0,1,0
37646,0,0,0,1,0
37647,0,0,0,1,0
37648,1,0,0,0,0
37649,1,0,0,0,0
37650,1,0,0,0,0
37651,1,0,0,0,0
37652,1,0,0,0,0
37653,1,0,0,0,0
37654,1,0,0,0,0
37655,1,0,0,0,0
37656,1,0,0,0,0
37657,1,0,0,0,0
37658,1,0,0,0,0
37659,1,0,0,0,0
37660,1,0,0,0,0
37661,1,0,0,0,0
37662,1,0,0,0,0
37663,1,0,0,0,0
37664,1,0,0,0,0
37665,1,0,0,0,0
37666,1,0,0,0,0
37667,1,0,0,0,0
37668,1,0,0,0,0
37669,1,0,0,0,0
37670,1,0,0,0,0
37671,1,0,0,0,0
37672,1,0,0,0,0
37673,1,0,0,0,0
37674,1,0,0,0,0
37675,1,0,0,0,0
37676,1,0,0,0,0
37677,1,0,0,0,0
37678,1,0,0,0,0
37679,1,0,0,0,0
37680,1,0,0,0,0
37681,1,0,0,0,0
37682,1,0,0,0,0
37683,1,0,0,0,0
37684,1,0,0,0,0
37685,1,0,0,0,0
37686,1,0,0,0,0
37687,1,0,0,0,0
37688,1,0,0,0,0
37689,1,0,0,0,0
37690,1,0,0,0,0
37691,1,0,0,0,0
37692,1,0,0,0,0
37693,1,0,0,0,0
37694,1,0,0,0,0
37695,1,0,0,0,0
37696,1,0,0,0,0
37697,1,0,0,0,0
37698,1,0,0,0,0
37699,1,0,0,0,0
37700,1,0,0,0,0
37701,1,0,0,0,0
37702,1,0,0,0,0
37703,1,0,0,0,0
37704,1,0,0,0,0
37705,1,0,0,0,0
37706,1,0,0,0,0
37707,1,0,0,0,0
37708,1,0,0,0,0
37709,1,0,0,0,0
37710,1,0,0,0,0
37711,1,0,0,0,0
37712,1,0,0,0,0
37713,1,0,0,0,0
37714,1,0,0,0,0
37715,1,0,0,0,0
37716,1,0,0,0,0
37717,1,0,0,0,0
37718,1,0,0,0,0
37719,1,0,0,0,0
37720,1,0,0,0,0
37721,1,0,0,0,0
37722,1,0,0,0,0
37723,1,0,0,0,0
37724,1,0,0,0,0
37725,1,0,0,0,0
37726,1,0,0,0,0
37727,1,0,0,0,0
37728,1,0,0,0,0
37729,1,0,0,0,0
37730,1,0,0,0,0
37731,1,0,0,0,0
37732,1,0,0,0,0
37733,1,0,0,0,0
37734,1,0,0,0,0
37735,1,0,0,0,0
37736,1,0,0,0,0
37737,1,0,0,0,0
37738,1,0,0,0,0
37739,1,0,0,0,0
37740,1,0,0,0,0
37741,1,0,0,0,0
37742,1,0,0,0,0
37743,1,0,0,0,0
37744,1,0,0,0,0
37745,1,0,0,0,0
37746,1,0,0,0,0
37747,1,0,0,0,0
37748,1,0,0,0,0
37749,1,0,0,0,0
37750,1,0,0,0,0
37751,1,0,0,0,0
37752,1,0,0,0,0
37753,1,0,0,0,0
37754,1,0,0,0,0
37755,1,0,0,0,0
37756,1,0,0,0,0
37757,1,0,0,0,0
37758,1,0,0,0,0
37759,1,0,0,0,0
37760,1,0,0,0,0
37761,1,0,0,0,0
37762,1,0,0,0,0
37763,1,0,0,0,0
37764,1,0,0,0,0
37765,1,0,0,0,0
37766,1,0,0,0,0
37767,1,0,0,0,0
37768,1,0,0,0,0
37769,1,0,0,0,0
37770,1,0,0,0,0
37771,1,0,0,0,0
37772,1,0,0,0,0
37773,0,0,0,0,1
37774,0,0,0,0,1
37775,0,0,0,0,1
37776,0,0,0,0,1
37777,0,0,0,0,1
37778,0,0,0,0,1
37779,0,0,0,0,1
37780,0,0,0,0,1
37781,0,0,0,0,1
37782,0,0,0,0,1
37783,0,0,0,0,1
37784,0,0,0,0,1
37785,0,0,0,0,1
37786,0,0,0,0,1
37787,0,0,0,0,1
37788,0,0,0,0,1
37789,0,0,0,0,1
37790,0,0,0,0,1
37791,0,0,0,0,1
37792,0,0,0,0,1
37793,0,0,0,0,1
37794,0,0,0,0,1
37795,0,0,0,0,1
37796,0,0,0,0,1
37797,0,0,0,0,1
37798,0,0,0,0,1
37799,0,0,0,0,1
37800,0,0,0,0,1
37801,0,0,0,0,1
37802,0,0,0,0,1
37803,0,0,0,0,1
37804,0,0,0,0,1
37805,0,0,0,0,1
37806,0,0,0,0,1
37807,0,0,0,0,1
37808,0,0,0,0,1
37809,0,0,0,0,1
37810,0,0,0,0,1
37811,0,0,0,0,1
37812,0,0,0,0,1
37813,0,0,0,0,1
37814,0,0,0,0,1
37815,0,0,0,0,1
37816,0,0,0,0,1
37817,0,0,0,0,1
37818,0,0,0,0,1
37819,0,0,0,0,1
37820,0,0,0,0,1
37821,0,0,0,0,1
37822,0,0,0,0,1
37823,0,0,0,0,1
37824,0,0,0,0,1
37825,0,0,0,0,1
37826,0,0,0,0,1
37827,0,0,0,0,1
37828,0,0,0,0,1
37829,0,0,0,0,1
37830,0,0,0,0,1
37831,0,0,0,0,1
37832,0,0,0,0,1
37833,0,0,0,0,1
37834,0,0,0,0,1
37835,0,0,0,0,1
37836,0,0,0,0,1
37837,0,0,0,0,1
37838,0,0,0,0,1
37839,0,0,0,0,1
37840,0,0,0,0,1
37841,0,0,0,0,1
37842,0,0,0,0,1
37843,0,0,0,0,1
37844,0,0,0,0,1
37845,0,0,0,0,1
37846,0,0,0,0,1
37847,0,0,0,0,1
37848,0,0,0,0,1
37849,0,0,0,0,1
37850,0,0,0,0,1
37851,0,0,0,0,1
37852,0,0,0,0,1
37853,0,0,0,0,1
37854,0,0,0,0,1
37855,0,0,0,0,1
37856,0,0,0,0,1
37857,1,0,0,0,0
37858,1,0,0,0,0
37859,1,0,0,0,0
37860,1,0,0,0,0
37861,1,0,0,0,0
37862,1,0,0,0,0
37863,1,0,0,0,0
37864,1,0,0,0,0
37865,1,0,0,0,0
37866,1,0,0,0,0
37867,1,0,0,0,0
37868,1,0,0,0,0
37869,1,0,0,0,0
37870,1,0,0,0,0
37871,1,0,0,0,0
37872,1,0,0,0,0
37873,1,0,0,0,0
37874,1,0,0,0,0
37875,1,0,0,0,0
37876,1,0,0,0,0
37877,1,0,0,0,0
37878,1,0,0,0,0
37879,1,0,0,0,0
37880,1,0,0,0,0
37881,1,0,0,0,0
37882,1,0,0,0,0
37883,1,0,0,0,0
37884,1,0,0,0,0
37885,1,0,0,0,0
37886,1,0,0,0,0
37887,1,0,0,0,0
37888,1,0,0,0,0
37889,1,0,0,0,0
37890,1,0,0,0,0
37891,1,0,0,0,0
37892,1,0,0,0,0
37893,1,0,0,0,0
37894,1,0,0,0,0
37895,1,0,0,0,0
37896,1,0,0,0,0
37897,1,0,0,0,0
37898,1,0,0,0,0
37899,1,0,0,0,0
37900,1,0,0,0,0
37901,1,0,0,0,0
37902,1,0,0,0,0
37903,1,0,0,0,0
37904,1,0,0,0,0
37905,1,0,0,0,0
37906,0,0,0,0,1
37907,0,0,0,0,1
37908,0,0,0,0,1
37909,0,0,0,0,1
37910,0,0,0,0,1
37911,0,0,0,0,1
37912,0,0,0,0,1
37913,0,0,0,0,1
37914,0,0,0,0,1
37915,0,0,0,0,1
37916,0,0,0,0,1
37917,0,0,0,0,1
37918,0,0,0,0,1
37919,0,0,0,0,1
37920,0,0,0,0,1
37921,0,0,0,0,1
37922,0,0,0,0,1
37923,0,0,0,0,1
37924,0,0,0,0,1
37925,0,0,0,0,1
37926,0,0,0,0,1
37927,0,0,0,0,1
37928,0,0,0,0,1
37929,0,0,0,0,1
37930,0,0,0,0,1
37931,0,0,0,0,1
37932,0,0,0,0,1
37933,0,0,0,0,1
37934,0,0,0,0,1
37935,0,0,0,0,1
37936,1,0,0,0,0
37937,1,0,0,0,0
37938,1,0,0,0,0
37939,1,0,0,0,0
37940,1,0,0,0,0
37941,1,0,0,0,0
37942,1,0,0,0,0
37943,1,0,0,0,0
37944,1,0,0,0,0
37945,1,0,0,0,0
37946,1,0,0,0,0
37947,1,0,0,0,0
37948,1,0,0,0,0
37949,1,0,0,0,0
37950,1,0,0,0,0
37951,1,0,0,0,0
37952,1,0,0,0,0
37953,1,0,0,0,0
37954,1,0,0,0,0
37955,1,0,0,0,0
37956,1,0,0,0,0
37957,1,0,0,0,0
37958,1,0,0,0,0
37959,1,0,0,0,0
37960,1,0,0,0,0
37961,1,0,0,0,0
37962,1,0,0,0,0
37963,1,0,0,0,0
37964,1,0,0,0,0
37965,1,0,0,0,0
37966,1,0,0,0,0
37967,1,0,0,0,0
37968,1,0,0,0,0
37969,1,0,0,0,0
37970,1,0,0,0,0
37971,1,0,0,0,0
37972,1,0,0,0,0
37973,1,0,0,0,0
37974,1,0,0,0,0
37975,1,0,0,0,0
37976,1,0,0,0,0
37977,1,0,0,0,0
37978,1,0,0,0,0
37979,1,0,0,0,0
37980,1,0,0,0,0
37981,1,0,0,0,0
37982,1,0,0,0,0
37983,1,0,0,0,0
37984,1,0,0,0,0
37985,1,0,0,0,0
37986,1,0,0,0,0
37987,1,0,0,0,0
37988,1,0,0,0,0
37989,1,0,0,0,0
37990,1,0,0,0,0
37991,1,0,0,0,0
37992,1,0,0,0,0
37993,1,0,0,0,0
37994,1,0,0,0,0
37995,1,0,0,0,0
37996,1,0,0,0,0
37997,1,0,0,0,0
37998,1,0,0,0,0
37999,1,0,0,0,0
38000,1,0,0,0,0
38001,1,0,0,0,0
38002,1,0,0,0,0
38003,1,0,0,0,0
38004,1,0,0,0,0
38005,1,0,0,0,0
38006,1,0,0,0,0
38007,1,0,0,0,0
38008,1,0,0,0,0
38009,1,0,0,0,0
38010,1,0,0,0,0
38011,1,0,0,0,0
38012,1,0,0,0,0
38013,1,0,0,0,0
38014,1,0,0,0,0
38015,1,0,0,0,0
38016,1,0,0,0,0
38017,1,0,0,0,0
38018,1,0,0,0,0
38019,1,0,0,0,0
38020,1,0,0,0,0
38021,1,0,0,0,0
38022,1,0,0,0,0
38023,1,0,0,0,0
38024,1,0,0,0,0
38025,1,0,0,0,0
38026,1,0,0,0,0
38027,1,0,0,0,0
38028,1,0,0,0,0
38029,1,0,0,0,0
38030,1,0,0,0,0
38031,1,0,0,0,0
38032,1,0,0,0,0
38033,1,0,0,0,0
38034,1,0,0,0,0
38035,1,0,0,0,0
38036,1,0,0,0,0
38037,1,0,0,0,0
38038,1,0,0,0,0
38039,1,0,0,0,0
38040,1,0,0,0,0
38041,1,0,0,0,0
38042,1,0,0,0,0
38043,1,0,0,0,0
38044,1,0,0,0,0
38045,1,0,0,0,0
38046,1,0,0,0,0
38047,1,0,0,0,0
38048,1,0,0,0,0
38049,1,0,0,0,0
38050,1,0,0,0,0
38051,1,0,0,0,0
38052,1,0,0,0,0
38053,1,0,0,0,0
38054,1,0,0,0,0
38055,1,0,0,0,0
38056,1,0,0,0,0
38057,1,0,0,0,0
38058,1,0,0,0,0
38059,1,0,0,0,0
38060,1,0,0,0,0
38061,1,0,0,0,0
38062,1,0,0,0,0
38063,1,0,0,0,0
38064,1,0,0,0,0
38065,1,0,0,0,0
38066,1,0,0,0,0
38067,1,0,0,0,0
38068,1,0,0,0,0
38069,1,0,0,0,0
38070,1,0,0,0,0
38071,1,0,0,0,0
38072,1,0,0,0,0
38073,1,0,0,0,0
38074,1,0,0,0,0
38075,1,0,0,0,0
38076,1,0,0,0,0
38077,1,0,0,0,0
38078,1,0,0,0,0
38079,1,0,0,0,0
38080,1,0,0,0,0
38081,1,0,0,0,0
38082,1,0,0,0,0
38083,1,0,0,0,0
38084,1,0,0,0,0
38085,1,0,0,0,0
38086,1,0,0,0,0
38087,1,0,0,0,0
38088,1,0,0,0,0
38089,1,0,0,0,0
38090,1,0,0,0,0
38091,1,0,0,0,0
38092,1,0,0,0,0
38093,1,0,0,0,0
38094,1,0,0,0,0
38095,1,0,0,0,0
38096,1,0,0,0,0
38097,1,0,0,0,0
38098,1,0,0,0,0
38099,1,0,0,0,0
38100,1,0,0,0,0
38101,1,0,0,0,0
38102,1,0,0,0,0
38103,1,0,0,0,0
38104,1,0,0,0,0
38105,1,0,0,0,0
38106,1,0,0,0,0
38107,1,0,0,0,0
38108,1,0,0,0,0
38109,1,0,0,0,0
38110,1,0,0,0,0
38111,1,0,0,0,0
38112,1,0,0,0,0
38113,1,0,0,0,0
38114,1,0,0,0,0
38115,1,0,0,0,0
38116,1,0,0,0,0
38117,1,0,0,0,0
38118,1,0,0,0,0
38119,1,0,0,0,0
38120,1,0,0,0,0
38121,1,0,0,0,0
38122,1,0,0,0,0
38123,1,0,0,0,0
38124,1,0,0,0,0
38125,1,0,0,0,0
38126,1,0,0,0,0
38127,1,0,0,0,0
38128,1,0,0,0,0
38129,1,0,0,0,0
38130,1,0,0,0,0
38131,1,0,0,0,0
38132,1,0,0,0,0
38133,1,0,0,0,0
38134,1,0,0,0,0
38135,1,0,0,0,0
38136,1,0,0,0,0
38137,1,0,0,0,0
38138,1,0,0,0,0
38139,1,0,0,0,0
38140,1,0,0,0,0
38141,1,0,0,0,0
38142,1,0,0,0,0
38143,1,0,0,0,0
38144,1,0,0,0,0
38145,1,0,0,0,0
38146,1,0,0,0,0
38147,1,0,0,0,0
38148,1,0,0,0,0
38149,1,0,0,0,0
38150,1,0,0,0,0
38151,1,0,0,0,0
38152,1,0,0,0,0
38153,1,0,0,0,0
38154,1,0,0,0,0
38155,1,0,0,0,0
38156,1,0,0,0,0
38157,1,0,0,0,0
38158,1,0,0,0,0
38159,1,0,0,0,0
38160,1,0,0,0,0
38161,1,0,0,0,0
38162,1,0,0,0,0
38163,1,0,0,0,0
38164,1,0,0,0,0
38165,1,0,0,0,0
38166,1,0,0,0,0
38167,1,0,0,0,0
38168,1,0,0,0,0
38169,1,0,0,0,0
38170,1,0,0,0,0
38171,1,0,0,0,0
38172,1,0,0,0,0
38173,1,0,0,0,0
38174,1,0,0,0,0
38175,1,0,0,0,0
38176,1,0,0,0,0
38177,1,0,0,0,0
38178,1,0,0,0,0
38179,1,0,0,0,0
38180,1,0,0,0,0
38181,1,0,0,0,0
38182,1,0,0,0,0
38183,1,0,0,0,0
38184,1,0,0,0,0
38185,1,0,0,0,0
38186,1,0,0,0,0
38187,1,0,0,0,0
38188,1,0,0,0,0
38189,1,0,0,0,0
38190,1,0,0,0,0
38191,1,0,0,0,0
38192,1,0,0,0,0
38193,1,0,0,0,0
38194,1,0,0,0,0
38195,1,0,0,0,0
38196,1,0,0,0,0
38197,1,0,0,0,0
38198,1,0,0,0,0
38199,1,0,0,0,0
38200,1,0,0,0,0
38201,1,0,0,0,0
38202,1,0,0,0,0
38203,1,0,0,0,0
38204,1,0,0,0,0
38205,1,0,0,0,0
38206,1,0,0,0,0
38207,1,0,0,0,0
38208,1,0,0,0,0
38209,1,0,0,0,0
38210,1,0,0,0,0
38211,1,0,0,0,0
38212,1,0,0,0,0
38213,1,0,0,0,0
38214,1,0,0,0,0
38215,1,0,0,0,0
38216,1,0,0,0,0
38217,1,0,0,0,0
38218,1,0,0,0,0
38219,1,0,0,0,0
38220,1,0,0,0,0
38221,1,0,0,0,0
38222,1,0,0,0,0
38223,1,0,0,0,0
38224,1,0,0,0,0
38225,1,0,0,0,0
38226,1,0,0,0,0
38227,1,0,0,0,0
38228,1,0,0,0,0
38229,1,0,0,0,0
38230,1,0,0,0,0
38231,1,0,0,0,0
38232,1,0,0,0,0
38233,1,0,0,0,0
38234,1,0,0,0,0
38235,1,0,0,0,0
38236,1,0,0,0,0
38237,1,0,0,0,0
38238,1,0,0,0,0
38239,1,0,0,0,0
38240,1,0,0,0,0
38241,1,0,0,0,0
38242,1,0,0,0,0
38243,1,0,0,0,0
38244,1,0,0,0,0
38245,1,0,0,0,0
38246,1,0,0,0,0
38247,1,0,0,0,0
38248,1,0,0,0,0
38249,1,0,0,0,0
38250,1,0,0,0,0
38251,1,0,0,0,0
38252,1,0,0,0,0
38253,1,0,0,0,0
38254,1,0,0,0,0
38255,1,0,0,0,0
38256,1,0,0,0,0
38257,1,0,0,0,0
38258,1,0,0,0,0
38259,1,0,0,0,0
38260,1,0,0,0,0
38261,1,0,0,0,0
38262,1,0,0,0,0
38263,1,0,0,0,0
38264,1,0,0,0,0
38265,1,0,0,0,0
38266,1,0,0,0,0
38267,1,0,0,0,0
38268,1,0,0,0,0
38269,1,0,0,0,0
38270,1,0,0,0,0
38271,1,0,0,0,0
38272,1,0,0,0,0
38273,1,0,0,0,0
38274,1,0,0,0,0
38275,1,0,0,0,0
38276,1,0,0,0,0
38277,1,0,0,0,0
38278,1,0,0,0,0
38279,1,0,0,0,0
38280,1,0,0,0,0
38281,1,0,0,0,0
38282,1,0,0,0,0
38283,1,0,0,0,0
38284,1,0,0,0,0
38285,1,0,0,0,0
38286,1,0,0,0,0
38287,1,0,0,0,0
38288,1,0,0,0,0
38289,1,0,0,0,0
38290,1,0,0,0,0
38291,1,0,0,0,0
38292,0,0,0,0,1
38293,0,0,0,0,1
38294,0,0,0,0,1
38295,0,0,0,0,1
38296,0,0,0,0,1
38297,0,0,0,0,1
38298,0,0,0,0,1
38299,0,0,0,0,1
38300,0,0,0,0,1
38301,0,0,0,0,1
38302,0,0,0,0,1
38303,0,0,0,0,1
38304,0,0,0,0,1
38305,0,0,0,0,1
38306,0,0,0,0,1
38307,0,0,0,0,1
38308,0,0,0,0,1
38309,0,0,0,0,1
38310,0,0,0,0,1
38311,0,0,0,0,1
38312,0,0,0,0,1
38313,0,0,0,0,1
38314,0,0,0,0,1
38315,0,0,0,0,1
38316,0,0,0,0,1
38317,0,0,0,0,1
38318,0,0,0,0,1
38319,0,0,0,0,1
38320,0,0,0,0,1
38321,0,0,0,0,1
38322,1,0,0,0,0
38323,1,0,0,0,0
38324,1,0,0,0,0
38325,1,0,0,0,0
38326,1,0,0,0,0
38327,1,0,0,0,0
38328,1,0,0,0,0
38329,1,0,0,0,0
38330,1,0,0,0,0
38331,0,1,0,0,0
38332,0,1,0,0,0
38333,0,1,0,0,0
38334,0,1,0,0,0
38335,0,1,0,0,0
38336,0,1,0,0,0
38337,0,1,0,0,0
38338,0,1,0,0,0
38339,0,1,0,0,0
38340,0,1,0,0,0
38341,0,1,0,0,0
38342,0,1,0,0,0
38343,0,1,0,0,0
38344,0,1,0,0,0
38345,0,1,0,0,0
38346,0,1,0,0,0
38347,0,1,0,0,0
38348,0,1,0,0,0
38349,0,1,0,0,0
38350,0,1,0,0,0
38351,0,1,0,0,0
38352,0,1,0,0,0
38353,0,1,0,0,0
38354,0,1,0,0,0
38355,0,1,0,0,0
38356,0,1,0,0,0
38357,0,1,0,0,0
38358,0,1,0,0,0
38359,0,1,0,0,0
38360,0,1,0,0,0
38361,0,1,0,0,0
38362,0,1,0,0,0
38363,0,1,0,0,0
38364,0,1,0,0,0
38365,0,1,0,0,0
38366,0,1,0,0,0
38367,0,1,0,0,0
38368,0,1,0,0,0
38369,0,1,0,0,0
38370,0,1,0,0,0
38371,0,1,0,0,0
38372,0,1,0,0,0
38373,0,1,0,0,0
38374,0,1,0,0,0
38375,0,1,0,0,0
38376,0,1,0,0,0
38377,0,1,0,0,0
38378,0,1,0,0,0
38379,0,1,0,0,0
38380,0,1,0,0,0
38381,0,1,0,0,0
38382,0,1,0,0,0
38383,0,1,0,0,0
38384,0,1,0,0,0
38385,0,1,0,0,0
38386,0,1,0,0,0
38387,0,1,0,0,0
38388,0,1,0,0,0
38389,0,1,0,0,0
38390,0,1,0,0,0
38391,0,1,0,0,0
38392,0,1,0,0,0
38393,0,1,0,0,0
38394,0,1,0,0,0
38395,0,1,0,0,0
38396,0,1,0,0,0
38397,0,1,0,0,0
38398,0,1,0,0,0
38399,0,1,0,0,0
38400,0,1,0,0,0
38401,0,1,0,0,0
38402,0,1,0,0,0
38403,0,1,0,0,0
38404,0,1,0,0,0
38405,0,1,0,0,0
38406,0,1,0,0,0
38407,0,1,0,0,0
38408,0,1,0,0,0
38409,0,1,0,0,0
38410,0,1,0,0,0
38411,0,1,0,0,0
38412,0,1,0,0,0
38413,0,1,0,0,0
38414,0,1,0,0,0
38415,0,1,0,0,0
38416,0,1,0,0,0
38417,0,1,0,0,0
38418,0,1,0,0,0
38419,0,1,0,0,0
38420,0,1,0,0,0
38421,0,1,0,0,0
38422,0,1,0,0,0
38423,0,1,0,0,0
38424,0,1,0,0,0
38425,0,1,0,0,0
38426,0,1,0,0,0
38427,0,1,0,0,0
38428,0,1,0,0,0
38429,0,1,0,0,0
38430,0,1,0,0,0
38431,0,1,0,0,0
38432,0,1,0,0,0
38433,0,1,0,0,0
38434,0,1,0,0,0
38435,0,1,0,0,0
38436,0,1,0,0,0
38437,0,1,0,0,0
38438,0,1,0,0,0
38439,0,1,0,0,0
38440,0,1,0,0,0
38441,0,1,0,0,0
38442,0,1,0,0,0
38443,0,1,0,0,0
38444,0,1,0,0,0
38445,0,1,0,0,0
38446,0,1,0,0,0
38447,0,1,0,0,0
38448,0,1,0,0,0
38449,0,1,0,0,0
38450,0,1,0,0,0
38451,0,1,0,0,0
38452,0,1,0,0,0
38453,0,1,0,0,0
38454,0,1,0,0,0
38455,0,1,0,0,0
38456,0,1,0,0,0
38457,0,1,0,0,0
38458,0,1,0,0,0
38459,0,1,0,0,0
38460,0,1,0,0,0
38461,0,1,0,0,0
38462,0,1,0,0,0
38463,0,1,0,0,0
38464,0,1,0,0,0
38465,0,1,0,0,0
38466,0,1,0,0,0
38467,0,1,0,0,0
38468,0,1,0,0,0
38469,0,1,0,0,0
38470,0,1,0,0,0
38471,0,1,0,0,0
38472,0,1,0,0,0
38473,0,1,0,0,0
38474,0,1,0,0,0
38475,0,1,0,0,0
38476,0,1,0,0,0
38477,0,1,0,0,0
38478,0,1,0,0,0
38479,0,1,0,0,0
38480,0,1,0,0,0
38481,0,1,0,0,0
38482,0,1,0,0,0
38483,0,1,0,0,0
38484,0,1,0,0,0
38485,0,1,0,0,0
38486,0,1,0,0,0
38487,0,1,0,0,0
38488,1,0,0,0,0
38489,1,0,0,0,0
38490,1,0,0,0,0
38491,1,0,0,0,0
38492,1,0,0,0,0
38493,1,0,0,0,0
38494,1,0,0,0,0
38495,1,0,0,0,0
38496,1,0,0,0,0
38497,1,0,0,0,0
38498,1,0,0,0,0
38499,1,0,0,0,0
38500,1,0,0,0,0
38501,1,0,0,0,0
38502,1,0,0,0,0
38503,1,0,0,0,0
38504,1,0,0,0,0
38505,1,0,0,0,0
38506,1,0,0,0,0
38507,1,0,0,0,0
38508,1,0,0,0,0
38509,1,0,0,0,0
38510,1,0,0,0,0
38511,1,0,0,0,0
38512,1,0,0,0,0
38513,1,0,0,0,0
38514,1,0,0,0,0
38515,1,0,0,0,0
38516,1,0,0,0,0
38517,1,0,0,0,0
38518,1,0,0,0,0
38519,1,0,0,0,0
38520,1,0,0,0,0
38521,1,0,0,0,0
38522,1,0,0,0,0
38523,1,0,0,0,0
38524,1,0,0,0,0
38525,1,0,0,0,0
38526,1,0,0,0,0
38527,1,0,0,0,0
38528,1,0,0,0,0
38529,1,0,0,0,0
38530,1,0,0,0,0
38531,1,0,0,0,0
38532,1,0,0,0,0
38533,1,0,0,0,0
38534,1,0,0,0,0
38535,1,0,0,0,0
38536,1,0,0,0,0
38537,1,0,0,0,0
38538,1,0,0,0,0
38539,1,0,0,0,0
38540,1,0,0,0,0
38541,1,0,0,0,0
38542,1,0,0,0,0
38543,1,0,0,0,0
38544,1,0,0,0,0
38545,1,0,0,0,0
38546,1,0,0,0,0
38547,1,0,0,0,0
38548,1,0,0,0,0
38549,1,0,0,0,0
38550,1,0,0,0,0
38551,1,0,0,0,0
38552,1,0,0,0,0
38553,1,0,0,0,0
38554,1,0,0,0,0
38555,1,0,0,0,0
38556,1,0,0,0,0
38557,1,0,0,0,0
38558,1,0,0,0,0
38559,1,0,0,0,0
38560,1,0,0,0,0
38561,1,0,0,0,0
38562,1,0,0,0,0
38563,1,0,0,0,0
38564,1,0,0,0,0
38565,1,0,0,0,0
38566,1,0,0,0,0
38567,1,0,0,0,0
38568,1,0,0,0,0
38569,1,0,0,0,0
38570,1,0,0,0,0
38571,1,0,0,0,0
38572,1,0,0,0,0
38573,1,0,0,0,0
38574,1,0,0,0,0
38575,1,0,0,0,0
38576,1,0,0,0,0
38577,1,0,0,0,0
38578,1,0,0,0,0
38579,1,0,0,0,0
38580,1,0,0,0,0
38581,1,0,0,0,0
38582,1,0,0,0,0
38583,1,0,0,0,0
38584,1,0,0,0,0
38585,1,0,0,0,0
38586,1,0,0,0,0
38587,1,0,0,0,0
38588,1,0,0,0,0
38589,1,0,0,0,0
38590,1,0,0,0,0
38591,1,0,0,0,0
38592,1,0,0,0,0
38593,1,0,0,0,0
38594,1,0,0,0,0
38595,1,0,0,0,0
38596,1,0,0,0,0
38597,1,0,0,0,0
38598,1,0,0,0,0
38599,1,0,0,0,0
38600,1,0,0,0,0
38601,1,0,0,0,0
38602,1,0,0,0,0
38603,1,0,0,0,0
38604,1,0,0,0,0
38605,1,0,0,0,0
38606,1,0,0,0,0
38607,1,0,0,0,0
38608,1,0,0,0,0
38609,1,0,0,0,0
38610,1,0,0,0,0
38611,1,0,0,0,0
38612,1,0,0,0,0
38613,1,0,0,0,0
38614,1,0,0,0,0
38615,1,0,0,0,0
38616,1,0,0,0,0
38617,1,0,0,0,0
38618,1,0,0,0,0
38619,1,0,0,0,0
38620,1,0,0,0,0
38621,1,0,0,0,0
38622,1,0,0,0,0
38623,1,0,0,0,0
38624,1,0,0,0,0
38625,1,0,0,0,0
38626,1,0,0,0,0
38627,1,0,0,0,0
38628,1,0,0,0,0
38629,1,0,0,0,0
38630,1,0,0,0,0
38631,1,0,0,0,0
38632,1,0,0,0,0
38633,1,0,0,0,0
38634,1,0,0,0,0
38635,1,0,0,0,0
38636,1,0,0,0,0
38637,1,0,0,0,0
38638,1,0,0,0,0
38639,1,0,0,0,0
38640,1,0,0,0,0
38641,1,0,0,0,0
38642,1,0,0,0,0
38643,1,0,0,0,0
38644,1,0,0,0,0
38645,1,0,0,0,0
38646,1,0,0,0,0
38647,1,0,0,0,0
38648,1,0,0,0,0
38649,1,0,0,0,0
38650,1,0,0,0,0
38651,1,0,0,0,0
38652,1,0,0,0,0
38653,1,0,0,0,0
38654,1,0,0,0,0
38655,1,0,0,0,0
38656,1,0,0,0,0
38657,1,0,0,0,0
38658,1,0,0,0,0
38659,1,0,0,0,0
38660,1,0,0,0,0
38661,0,0,0,1,0
38662,0,0,0,1,0
38663,0,0,0,1,0
38664,0,0,0,1,0
38665,0,0,0,1,0
38666,0,0,0,1,0
38667,0,0,0,1,0
38668,0,0,0,1,0
38669,0,0,0,1,0
38670,0,0,0,1,0
38671,0,0,0,1,0
38672,0,0,0,1,0
38673,0,0,0,1,0
38674,0,0,0,1,0
38675,0,0,0,1,0
38676,0,0,0,1,0
38677,0,0,0,1,0
38678,0,0,0,1,0
38679,0,0,0,1,0
38680,0,0,0,1,0
38681,0,0,0,1,0
38682,0,0,0,1,0
38683,0,0,0,1,0
38684,0,0,0,1,0
38685,0,0,0,1,0
38686,0,0,0,1,0
38687,0,0,0,1,0
38688,0,0,0,1,0
38689,0,0,0,1,0
38690,0,0,0,1,0
38691,0,0,0,1,0
38692,1,0,0,0,0
38693,1,0,0,0,0
38694,1,0,0,0,0
38695,1,0,0,0,0
38696,1,0,0,0,0
38697,1,0,0,0,0
38698,1,0,0,0,0
38699,1,0,0,0,0
38700,1,0,0,0,0
38701,1,0,0,0,0
38702,1,0,0,0,0
38703,1,0,0,0,0
38704,1,0,0,0,0
38705,1,0,0,0,0
38706,1,0,0,0,0
38707,1,0,0,0,0
38708,1,0,0,0,0
38709,1,0,0,0,0
38710,1,0,0,0,0
38711,1,0,0,0,0
38712,1,0,0,0,0
38713,1,0,0,0,0
38714,1,0,0,0,0
38715,1,0,0,0,0
38716,1,0,0,0,0
38717,1,0,0,0,0
38718,1,0,0,0,0
38719,1,0,0,0,0
38720,1,0,0,0,0
38721,1,0,0,0,0
38722,1,0,0,0,0
38723,1,0,0,0,0
38724,1,0,0,0,0
38725,1,0,0,0,0
38726,1,0,0,0,0
38727,1,0,0,0,0
38728,1,0,0,0,0
38729,1,0,0,0,0
38730,1,0,0,0,0
38731,1,0,0,0,0
38732,1,0,0,0,0
38733,1,0,0,0,0
38734,1,0,0,0,0
38735,1,0,0,0,0
38736,1,0,0,0,0
38737,1,0,0,0,0
38738,1,0,0,0,0
38739,1,0,0,0,0
38740,1,0,0,0,0
38741,1,0,0,0,0
38742,1,0,0,0,0
38743,1,0,0,0,0
38744,1,0,0,0,0
38745,1,0,0,0,0
38746,1,0,0,0,0
38747,1,0,0,0,0
38748,1,0,0,0,0
38749,1,0,0,0,0
38750,1,0,0,0,0
38751,1,0,0,0,0
38752,1,0,0,0,0
38753,1,0,0,0,0
38754,1,0,0,0,0
38755,1,0,0,0,0
38756,1,0,0,0,0
38757,1,0,0,0,0
38758,1,0,0,0,0
38759,1,0,0,0,0
38760,1,0,0,0,0
38761,1,0,0,0,0
38762,1,0,0,0,0
38763,1,0,0,0,0
38764,1,0,0,0,0
38765,1,0,0,0,0
38766,1,0,0,0,0
38767,1,0,0,0,0
38768,1,0,0,0,0
38769,1,0,0,0,0
38770,0,0,0,1,0
38771,0,0,0,1,0
38772,0,0,0,1,0
38773,0,0,0,1,0
38774,0,0,0,1,0
38775,0,0,0,1,0
38776,0,0,0,1,0
38777,0,0,0,1,0
38778,0,0,0,1,0
38779,0,0,0,1,0
38780,0,0,0,1,0
38781,0,0,0,1,0
38782,0,0,0,1,0
38783,0,0,0,1,0
38784,0,0,0,1,0
38785,0,0,0,1,0
38786,0,0,0,1,0
38787,0,0,0,1,0
38788,1,0,0,0,0
38789,1,0,0,0,0
38790,1,0,0,0,0
38791,1,0,0,0,0
38792,1,0,0,0,0
38793,1,0,0,0,0
38794,1,0,0,0,0
38795,1,0,0,0,0
38796,1,0,0,0,0
38797,1,0,0,0,0
38798,1,0,0,0,0
38799,1,0,0,0,0
38800,1,0,0,0,0
38801,1,0,0,0,0
38802,1,0,0,0,0
38803,1,0,0,0,0
38804,1,0,0,0,0
38805,1,0,0,0,0
38806,1,0,0,0,0
38807,1,0,0,0,0
38808,1,0,0,0,0
38809,1,0,0,0,0
38810,1,0,0,0,0
38811,1,0,0,0,0
38812,1,0,0,0,0
38813,1,0,0,0,0
38814,1,0,0,0,0
38815,1,0,0,0,0
38816,1,0,0,0,0
38817,1,0,0,0,0
38818,1,0,0,0,0
38819,1,0,0,0,0
38820,1,0,0,0,0
38821,1,0,0,0,0
38822,1,0,0,0,0
38823,1,0,0,0,0
38824,1,0,0,0,0
38825,1,0,0,0,0
38826,1,0,0,0,0
38827,1,0,0,0,0
38828,1,0,0,0,0
38829,1,0,0,0,0
38830,1,0,0,0,0
38831,1,0,0,0,0
38832,1,0,0,0,0
38833,1,0,0,0,0
38834,1,0,0,0,0
38835,1,0,0,0,0
38836,1,0,0,0,0
38837,1,0,0,0,0
38838,1,0,0,0,0
38839,1,0,0,0,0
38840,1,0,0,0,0
38841,1,0,0,0,0
38842,1,0,0,0,0
38843,1,0,0,0,0
38844,1,0,0,0,0
38845,1,0,0,0,0
38846,1,0,0,0,0
38847,1,0,0,0,0
38848,1,0,0,0,0
38849,1,0,0,0,0
38850,1,0,0,0,0
38851,1,0,0,0,0
38852,1,0,0,0,0
38853,1,0,0,0,0
38854,1,0,0,0,0
38855,1,0,0,0,0
38856,1,0,0,0,0
38857,1,0,0,0,0
38858,1,0,0,0,0
38859,1,0,0,0,0
38860,1,0,0,0,0
38861,1,0,0,0,0
38862,1,0,0,0,0
38863,1,0,0,0,0
38864,1,0,0,0,0
38865,1,0,0,0,0
38866,1,0,0,0,0
38867,1,0,0,0,0
38868,1,0,0,0,0
38869,1,0,0,0,0
38870,1,0,0,0,0
38871,1,0,0,0,0
38872,1,0,0,0,0
38873,1,0,0,0,0
38874,1,0,0,0,0
38875,1,0,0,0,0
38876,1,0,0,0,0
38877,1,0,0,0,0
38878,1,0,0,0,0
38879,1,0,0,0,0
38880,1,0,0,0,0
38881,1,0,0,0,0
38882,1,0,0,0,0
38883,1,0,0,0,0
38884,1,0,0,0,0
38885,1,0,0,0,0
38886,1,0,0,0,0
38887,1,0,0,0,0
38888,1,0,0,0,0
38889,1,0,0,0,0
38890,1,0,0,0,0
38891,1,0,0,0,0
38892,1,0,0,0,0
38893,1,0,0,0,0
38894,1,0,0,0,0
38895,1,0,0,0,0
38896,1,0,0,0,0
38897,1,0,0,0,0
38898,1,0,0,0,0
38899,1,0,0,0,0
38900,1,0,0,0,0
38901,1,0,0,0,0
38902,1,0,0,0,0
38903,1,0,0,0,0
38904,1,0,0,0,0
38905,1,0,0,0,0
38906,1,0,0,0,0
38907,1,0,0,0,0
38908,1,0,0,0,0
38909,1,0,0,0,0
38910,1,0,0,0,0
38911,1,0,0,0,0
38912,1,0,0,0,0
38913,1,0,0,0,0
38914,1,0,0,0,0
38915,1,0,0,0,0
38916,1,0,0,0,0
38917,1,0,0,0,0
38918,1,0,0,0,0
38919,1,0,0,0,0
38920,1,0,0,0,0
38921,1,0,0,0,0
38922,1,0,0,0,0
38923,1,0,0,0,0
38924,1,0,0,0,0
38925,1,0,0,0,0
38926,1,0,0,0,0
38927,1,0,0,0,0
38928,1,0,0,0,0
38929,1,0,0,0,0
38930,1,0,0,0,0
38931,1,0,0,0,0
38932,1,0,0,0,0
38933,1,0,0,0,0
38934,1,0,0,0,0
38935,1,0,0,0,0
38936,1,0,0,0,0
38937,1,0,0,0,0
38938,1,0,0,0,0
38939,1,0,0,0,0
38940,1,0,0,0,0
38941,1,0,0,0,0
38942,1,0,0,0,0
38943,1,0,0,0,0
38944,1,0,0,0,0
38945,1,0,0,0,0
38946,1,0,0,0,0
38947,1,0,0,0,0
38948,1,0,0,0,0
38949,1,0,0,0,0
38950,1,0,0,0,0
38951,1,0,0,0,0
38952,1,0,0,0,0
38953,1,0,0,0,0
38954,1,0,0,0,0
38955,1,0,0,0,0
38956,1,0,0,0,0
38957,1,0,0,0,0
38958,1,0,0,0,0
38959,1,0,0,0,0
38960,1,0,0,0,0
38961,1,0,0,0,0
38962,1,0,0,0,0
38963,1,0,0,0,0
38964,1,0,0,0,0
38965,1,0,0,0,0
38966,1,0,0,0,0
38967,1,0,0,0,0
38968,1,0,0,0,0
38969,1,0,0,0,0
38970,1,0,0,0,0
38971,1,0,0,0,0
38972,1,0,0,0,0
38973,1,0,0,0,0
38974,1,0,0,0,0
38975,1,0,0,0,0
38976,1,0,0,0,0
38977,1,0,0,0,0
38978,1,0,0,0,0
38979,1,0,0,0,0
38980,1,0,0,0,0
38981,1,0,0,0,0
38982,1,0,0,0,0
38983,1,0,0,0,0
38984,1,0,0,0,0
38985,1,0,0,0,0
38986,1,0,0,0,0
38987,1,0,0,0,0
38988,1,0,0,0,0
38989,1,0,0,0,0
38990,1,0,0,0,0
38991,1,0,0,0,0
38992,1,0,0,0,0
38993,1,0,0,0,0
38994,1,0,0,0,0
38995,1,0,0,0,0
38996,1,0,0,0,0
38997,1,0,0,0,0
38998,1,0,0,0,0
38999,1,0,0,0,0
39000,1,0,0,0,0
39001,1,0,0,0,0
39002,1,0,0,0,0
39003,1,0,0,0,0
39004,1,0,0,0,0
39005,1,0,0,0,0
39006,1,0,0,0,0
39007,1,0,0,0,0
39008,1,0,0,0,0
39009,1,0,0,0,0
39010,1,0,0,0,0
39011,1,0,0,0,0
39012,1,0,0,0,0
39013,1,0,0,0,0
39014,1,0,0,0,0
39015,1,0,0,0,0
39016,1,0,0,0,0
39017,1,0,0,0,0
39018,1,0,0,0,0
39019,1,0,0,0,0
39020,1,0,0,0,0
39021,1,0,0,0,0
39022,1,0,0,0,0
39023,1,0,0,0,0
39024,1,0,0,0,0
39025,1,0,0,0,0
39026,1,0,0,0,0
39027,1,0,0,0,0
39028,1,0,0,0,0
39029,1,0,0,0,0
39030,1,0,0,0,0
39031,1,0,0,0,0
39032,1,0,0,0,0
39033,1,0,0,0,0
39034,1,0,0,0,0
39035,1,0,0,0,0
39036,1,0,0,0,0
39037,1,0,0,0,0
39038,1,0,0,0,0
39039,1,0,0,0,0
39040,1,0,0,0,0
39041,1,0,0,0,0
39042,1,0,0,0,0
39043,1,0,0,0,0
39044,1,0,0,0,0
39045,1,0,0,0,0
39046,1,0,0,0,0
39047,1,0,0,0,0
39048,1,0,0,0,0
39049,1,0,0,0,0
39050,1,0,0,0,0
39051,1,0,0,0,0
39052,1,0,0,0,0
39053,1,0,0,0,0
39054,1,0,0,0,0
39055,1,0,0,0,0
39056,1,0,0,0,0
39057,1,0,0,0,0
39058,1,0,0,0,0
39059,1,0,0,0,0
39060,0,0,0,1,0
39061,0,0,0,1,0
39062,0,0,0,1,0
39063,0,0,0,1,0
39064,0,0,0,1,0
39065,0,0,0,1,0
39066,0,0,0,1,0
39067,0,0,0,1,0
39068,0,0,0,1,0
39069,0,0,0,1,0
39070,0,0,0,1,0
39071,0,0,0,1,0
39072,0,0,0,1,0
39073,0,0,0,1,0
39074,0,0,0,1,0
39075,0,0,0,1,0
39076,0,0,0,1,0
39077,0,0,0,1,0
39078,0,0,0,1,0
39079,0,0,0,1,0
39080,0,0,0,1,0
39081,0,0,0,1,0
39082,0,0,0,1,0
39083,0,0,0,1,0
39084,0,0,0,1,0
39085,0,0,0,1,0
39086,0,0,0,1,0
39087,0,0,0,1,0
39088,0,0,0,1,0
39089,0,0,0,1,0
39090,0,0,0,1,0
39091,0,0,0,1,0
39092,0,0,0,1,0
39093,0,0,0,1,0
39094,0,0,0,1,0
39095,0,0,0,1,0
39096,0,0,0,1,0
39097,0,0,0,1,0
39098,0,0,0,1,0
39099,0,0,0,1,0
39100,0,0,0,1,0
39101,0,0,0,1,0
39102,0,0,0,1,0
39103,0,0,0,1,0
39104,0,0,0,1,0
39105,0,0,0,1,0
39106,0,0,0,1,0
39107,0,0,0,1,0
39108,0,0,0,1,0
39109,0,0,0,1,0
39110,0,0,0,1,0
39111,0,0,0,1,0
39112,0,0,0,1,0
39113,0,0,0,1,0
39114,0,0,0,1,0
39115,0,0,0,1,0
39116,0,0,0,1,0
39117,0,0,0,1,0
39118,0,0,0,1,0
39119,0,0,0,1,0
39120,0,0,0,1,0
39121,0,0,0,1,0
39122,0,0,0,1,0
39123,0,0,0,1,0
39124,0,0,0,1,0
39125,0,0,0,1,0
39126,0,0,0,1,0
39127,0,0,0,1,0
39128,0,0,0,1,0
39129,0,0,0,1,0
39130,0,0,0,1,0
39131,0,0,0,1,0
39132,0,0,0,1,0
39133,0,0,0,1,0
39134,0,0,0,1,0
39135,0,0,0,1,0
39136,0,0,0,1,0
39137,0,0,0,1,0
39138,0,0,0,1,0
39139,0,0,0,1,0
39140,0,0,0,1,0
39141,0,0,0,1,0
39142,0,0,0,1,0
39143,0,0,0,1,0
39144,0,0,0,1,0
39145,0,0,0,1,0
39146,0,0,0,1,0
39147,0,0,0,1,0
39148,0,0,0,1,0
39149,0,0,0,1,0
39150,0,0,0,1,0
39151,0,0,0,1,0
39152,0,0,0,1,0
39153,0,0,0,1,0
39154,0,0,0,1,0
39155,0,0,0,1,0
39156,0,0,0,1,0
39157,0,0,0,1,0
39158,0,0,0,1,0
39159,0,0,0,1,0
39160,0,0,0,1,0
39161,0,0,0,1,0
39162,0,0,0,1,0
39163,0,0,0,1,0
39164,0,0,0,1,0
39165,0,0,0,1,0
39166,0,0,0,1,0
39167,0,0,0,1,0
39168,0,0,0,1,0
39169,0,0,0,1,0
39170,0,0,0,1,0
39171,0,0,0,1,0
39172,0,0,0,1,0
39173,0,0,0,1,0
39174,0,0,0,1,0
39175,0,0,0,1,0
39176,0,0,0,1,0
39177,0,0,0,1,0
39178,0,0,0,1,0
39179,0,0,0,1,0
39180,0,0,0,1,0
39181,0,0,0,1,0
39182,0,0,0,1,0
39183,0,0,0,1,0
39184,0,0,0,1,0
39185,0,0,0,1,0
39186,0,0,0,1,0
39187,0,0,0,1,0
39188,0,0,0,1,0
39189,0,0,0,1,0
39190,0,0,0,1,0
39191,0,0,0,1,0
39192,0,0,0,1,0
39193,0,0,0,1,0
39194,0,0,0,1,0
39195,0,0,0,1,0
39196,0,0,0,1,0
39197,0,0,0,1,0
39198,0,0,0,1,0
39199,0,0,0,1,0
39200,0,0,0,1,0
39201,0,0,0,1,0
39202,0,0,0,1,0
39203,0,0,0,1,0
39204,0,0,0,1,0
39205,0,0,0,1,0
39206,0,0,0,1,0
39207,0,0,0,1,0
39208,1,0,0,0,0
39209,1,0,0,0,0
39210,1,0,0,0,0
39211,1,0,0,0,0
39212,1,0,0,0,0
39213,1,0,0,0,0
39214,1,0,0,0,0
39215,1,0,0,0,0
39216,1,0,0,0,0
39217,1,0,0,0,0
39218,1,0,0,0,0
39219,1,0,0,0,0
39220,1,0,0,0,0
39221,1,0,0,0,0
39222,1,0,0,0,0
39223,1,0,0,0,0
39224,1,0,0,0,0
39225,1,0,0,0,0
39226,1,0,0,0,0
39227,1,0,0,0,0
39228,1,0,0,0,0
39229,1,0,0,0,0
39230,1,0,0,0,0
39231,1,0,0,0,0
39232,1,0,0,0,0
39233,1,0,0,0,0
39234,1,0,0,0,0
39235,1,0,0,0,0
39236,1,0,0,0,0
39237,1,0,0,0,0
39238,1,0,0,0,0
39239,1,0,0,0,0
39240,1,0,0,0,0
39241,1,0,0,0,0
39242,1,0,0,0,0
39243,1,0,0,0,0
39244,1,0,0,0,0
39245,1,0,0,0,0
39246,1,0,0,0,0
39247,1,0,0,0,0
39248,1,0,0,0,0
39249,1,0,0,0,0
39250,1,0,0,0,0
39251,1,0,0,0,0
39252,1,0,0,0,0
39253,1,0,0,0,0
39254,1,0,0,0,0
39255,1,0,0,0,0
39256,1,0,0,0,0
39257,1,0,0,0,0
39258,1,0,0,0,0
39259,1,0,0,0,0
39260,1,0,0,0,0
39261,1,0,0,0,0
39262,1,0,0,0,0
39263,1,0,0,0,0
39264,1,0,0,0,0
39265,1,0,0,0,0
39266,1,0,0,0,0
39267,1,0,0,0,0
39268,1,0,0,0,0
39269,1,0,0,0,0
39270,1,0,0,0,0
39271,1,0,0,0,0
39272,1,0,0,0,0
39273,1,0,0,0,0
39274,1,0,0,0,0
39275,1,0,0,0,0
39276,1,0,0,0,0
39277,1,0,0,0,0
39278,1,0,0,0,0
39279,1,0,0,0,0
39280,1,0,0,0,0
39281,1,0,0,0,0
39282,1,0,0,0,0
39283,1,0,0,0,0
39284,1,0,0,0,0
39285,1,0,0,0,0
39286,1,0,0,0,0
39287,1,0,0,0,0
39288,1,0,0,0,0
39289,1,0,0,0,0
39290,1,0,0,0,0
39291,1,0,0,0,0
39292,1,0,0,0,0
39293,1,0,0,0,0
39294,1,0,0,0,0
39295,1,0,0,0,0
39296,1,0,0,0,0
39297,1,0,0,0,0
39298,1,0,0,0,0
39299,1,0,0,0,0
39300,1,0,0,0,0
39301,1,0,0,0,0
39302,1,0,0,0,0
39303,1,0,0,0,0
39304,1,0,0,0,0
39305,1,0,0,0,0
39306,1,0,0,0,0
39307,1,0,0,0,0
39308,1,0,0,0,0
39309,1,0,0,0,0
39310,1,0,0,0,0
39311,1,0,0,0,0
39312,1,0,0,0,0
39313,1,0,0,0,0
39314,1,0,0,0,0
39315,1,0,0,0,0
39316,1,0,0,0,0
39317,1,0,0,0,0
39318,1,0,0,0,0
39319,1,0,0,0,0
39320,1,0,0,0,0
39321,1,0,0,0,0
39322,1,0,0,0,0
39323,1,0,0,0,0
39324,1,0,0,0,0
39325,1,0,0,0,0
39326,1,0,0,0,0
39327,1,0,0,0,0
39328,1,0,0,0,0
39329,1,0,0,0,0
39330,1,0,0,0,0
39331,1,0,0,0,0
39332,1,0,0,0,0
39333,1,0,0,0,0
39334,1,0,0,0,0
39335,1,0,0,0,0
39336,1,0,0,0,0
39337,1,0,0,0,0
39338,1,0,0,0,0
39339,1,0,0,0,0
39340,1,0,0,0,0
39341,1,0,0,0,0
39342,1,0,0,0,0
39343,1,0,0,0,0
39344,1,0,0,0,0
39345,1,0,0,0,0
39346,1,0,0,0,0
39347,1,0,0,0,0
39348,1,0,0,0,0
39349,1,0,0,0,0
39350,1,0,0,0,0
39351,1,0,0,0,0
39352,1,0,0,0,0
39353,1,0,0,0,0
39354,1,0,0,0,0
39355,1,0,0,0,0
39356,1,0,0,0,0
39357,1,0,0,0,0
39358,1,0,0,0,0
39359,1,0,0,0,0
39360,1,0,0,0,0
39361,1,0,0,0,0
39362,1,0,0,0,0
39363,1,0,0,0,0
39364,1,0,0,0,0
39365,1,0,0,0,0
39366,1,0,0,0,0
39367,1,0,0,0,0
39368,1,0,0,0,0
39369,1,0,0,0,0
39370,1,0,0,0,0
39371,1,0,0,0,0
39372,1,0,0,0,0
39373,1,0,0,0,0
39374,1,0,0,0,0
39375,1,0,0,0,0
39376,1,0,0,0,0
39377,1,0,0,0,0
39378,1,0,0,0,0
39379,1,0,0,0,0
39380,1,0,0,0,0
39381,1,0,0,0,0
39382,1,0,0,0,0
39383,1,0,0,0,0
39384,1,0,0,0,0
39385,1,0,0,0,0
39386,1,0,0,0,0
39387,1,0,0,0,0
39388,1,0,0,0,0
39389,1,0,0,0,0
39390,1,0,0,0,0
39391,1,0,0,0,0
39392,1,0,0,0,0
39393,1,0,0,0,0
39394,1,0,0,0,0
39395,0,1,0,0,0
39396,0,1,0,0,0
39397,0,1,0,0,0
39398,0,1,0,0,0
39399,0,1,0,0,0
39400,0,1,0,0,0
39401,0,1,0,0,0
39402,0,1,0,0,0
39403,0,1,0,0,0
39404,0,1,0,0,0
39405,0,1,0,0,0
39406,0,1,0,0,0
39407,0,1,0,0,0
39408,0,1,0,0,0
39409,0,1,0,0,0
39410,0,1,0,0,0
39411,0,1,0,0,0
39412,0,1,0,0,0
39413,0,1,0,0,0
39414,0,1,0,0,0
39415,0,1,0,0,0
39416,0,1,0,0,0
39417,0,1,0,0,0
39418,0,1,0,0,0
39419,0,1,0,0,0
39420,0,1,0,0,0
39421,0,1,0,0,0
39422,0,1,0,0,0
39423,0,1,0,0,0
39424,0,1,0,0,0
39425,0,1,0,0,0
39426,0,1,0,0,0
39427,0,1,0,0,0
39428,0,1,0,0,0
39429,0,1,0,0,0
39430,0,1,0,0,0
39431,0,1,0,0,0
39432,0,1,0,0,0
39433,0,1,0,0,0
39434,0,1,0,0,0
39435,0,1,0,0,0
39436,0,1,0,0,0
39437,0,1,0,0,0
39438,0,1,0,0,0
39439,0,1,0,0,0
39440,0,1,0,0,0
39441,0,1,0,0,0
39442,0,1,0,0,0
39443,0,1,0,0,0
39444,0,1,0,0,0
39445,0,1,0,0,0
39446,0,1,0,0,0
39447,0,1,0,0,0
39448,0,1,0,0,0
39449,0,1,0,0,0
39450,0,1,0,0,0
39451,0,1,0,0,0
39452,0,1,0,0,0
39453,0,1,0,0,0
39454,0,1,0,0,0
39455,0,1,0,0,0
39456,0,1,0,0,0
39457,0,1,0,0,0
39458,0,1,0,0,0
39459,0,1,0,0,0
39460,0,1,0,0,0
39461,0,1,0,0,0
39462,0,1,0,0,0
39463,0,1,0,0,0
39464,0,1,0,0,0
39465,0,1,0,0,0
39466,0,1,0,0,0
39467,0,1,0,0,0
39468,0,1,0,0,0
39469,0,1,0,0,0
39470,0,1,0,0,0
39471,0,1,0,0,0
39472,0,1,0,0,0
39473,0,1,0,0,0
39474,0,1,0,0,0
39475,0,1,0,0,0
39476,0,1,0,0,0
39477,0,1,0,0,0
39478,0,1,0,0,0
39479,0,1,0,0,0
39480,0,1,0,0,0
39481,0,1,0,0,0
39482,0,1,0,0,0
39483,0,1,0,0,0
39484,0,1,0,0,0
39485,0,1,0,0,0
39486,0,1,0,0,0
39487,0,1,0,0,0
39488,0,1,0,0,0
39489,0,1,0,0,0
39490,0,1,0,0,0
39491,0,1,0,0,0
39492,0,1,0,0,0
39493,0,1,0,0,0
39494,0,1,0,0,0
39495,0,1,0,0,0
39496,0,1,0,0,0
39497,0,1,0,0,0
39498,0,1,0,0,0
39499,0,1,0,0,0
39500,0,1,0,0,0
39501,0,1,0,0,0
39502,0,1,0,0,0
39503,0,1,0,0,0
39504,0,1,0,0,0
39505,0,1,0,0,0
39506,0,1,0,0,0
39507,0,1,0,0,0
39508,0,1,0,0,0
39509,0,1,0,0,0
39510,0,1,0,0,0
39511,0,1,0,0,0
39512,0,1,0,0,0
39513,0,1,0,0,0
39514,0,1,0,0,0
39515,0,1,0,0,0
39516,0,1,0,0,0
39517,0,1,0,0,0
39518,0,1,0,0,0
39519,0,1,0,0,0
39520,0,1,0,0,0
39521,0,1,0,0,0
39522,0,1,0,0,0
39523,0,1,0,0,0
39524,0,1,0,0,0
39525,0,1,0,0,0
39526,0,1,0,0,0
39527,0,1,0,0,0
39528,0,1,0,0,0
39529,0,1,0,0,0
39530,0,1,0,0,0
39531,0,1,0,0,0
39532,0,1,0,0,0
39533,0,1,0,0,0
39534,0,1,0,0,0
39535,0,1,0,0,0
39536,0,1,0,0,0
39537,0,1,0,0,0
39538,0,1,0,0,0
39539,0,1,0,0,0
39540,0,1,0,0,0
39541,0,1,0,0,0
39542,0,1,0,0,0
39543,0,1,0,0,0
39544,0,1,0,0,0
39545,0,1,0,0,0
39546,0,1,0,0,0
39547,0,1,0,0,0
39548,0,1,0,0,0
39549,0,1,0,0,0
39550,0,1,0,0,0
39551,0,1,0,0,0
39552,0,1,0,0,0
39553,0,1,0,0,0
39554,0,0,1,0,0
39555,0,0,1,0,0
39556,0,0,1,0,0
39557,0,0,1,0,0
39558,0,0,1,0,0
39559,0,0,1,0,0
39560,0,0,1,0,0
39561,0,0,1,0,0
39562,0,0,1,0,0
39563,0,0,1,0,0
39564,0,0,1,0,0
39565,0,0,1,0,0
39566,0,0,1,0,0
39567,0,0,1,0,0
39568,0,0,1,0,0
39569,0,0,1,0,0
39570,0,0,1,0,0
39571,0,0,1,0,0
39572,0,0,1,0,0
39573,0,0,1,0,0
39574,0,0,1,0,0
39575,0,0,1,0,0
39576,0,0,1,0,0
39577,0,0,1,0,0
39578,0,0,1,0,0
39579,0,0,1,0,0
39580,0,0,1,0,0
39581,0,0,1,0,0
39582,0,0,1,0,0
39583,0,0,1,0,0
39584,0,0,1,0,0
39585,0,0,1,0,0
39586,0,0,1,0,0
39587,0,0,1,0,0
39588,0,0,1,0,0
39589,0,0,1,0,0
39590,0,0,1,0,0
39591,0,0,1,0,0
39592,0,0,1,0,0
39593,0,0,1,0,0
39594,0,0,1,0,0
39595,0,0,1,0,0
39596,0,0,1,0,0
39597,0,0,1,0,0
39598,0,0,1,0,0
39599,0,0,1,0,0
39600,0,0,1,0,0
39601,0,0,1,0,0
39602,0,0,1,0,0
39603,0,0,1,0,0
39604,1,0,0,0,0
39605,1,0,0,0,0
39606,1,0,0,0,0
39607,1,0,0,0,0
39608,1,0,0,0,0
39609,1,0,0,0,0
39610,1,0,0,0,0
39611,1,0,0,0,0
39612,1,0,0,0,0
39613,1,0,0,0,0
39614,1,0,0,0,0
39615,1,0,0,0,0
39616,1,0,0,0,0
39617,1,0,0,0,0
39618,1,0,0,0,0
39619,1,0,0,0,0
39620,1,0,0,0,0
39621,1,0,0,0,0
39622,1,0,0,0,0
39623,1,0,0,0,0
39624,0,1,0,0,0
39625,0,1,0,0,0
39626,0,1,0,0,0
39627,0,1,0,0,0
39628,0,1,0,0,0
39629,0,1,0,0,0
39630,0,1,0,0,0
39631,0,1,0,0,0
39632,0,1,0,0,0
39633,0,1,0,0,0
39634,0,1,0,0,0
39635,0,1,0,0,0
39636,0,1,0,0,0
39637,0,1,0,0,0
39638,0,1,0,0,0
39639,0,1,0,0,0
39640,0,1,0,0,0
39641,0,1,0,0,0
39642,0,1,0,0,0
39643,0,1,0,0,0
39644,0,1,0,0,0
39645,0,1,0,0,0
39646,0,1,0,0,0
39647,0,1,0,0,0
39648,0,1,0,0,0
39649,0,1,0,0,0
39650,0,1,0,0,0
39651,0,1,0,0,0
39652,0,1,0,0,0
39653,0,1,0,0,0
39654,0,1,0,0,0
39655,0,1,0,0,0
39656,0,1,0,0,0
39657,0,1,0,0,0
39658,0,1,0,0,0
39659,0,1,0,0,0
39660,0,1,0,0,0
39661,0,1,0,0,0
39662,0,1,0,0,0
39663,0,1,0,0,0
39664,0,1,0,0,0
39665,0,1,0,0,0
39666,0,1,0,0,0
39667,0,1,0,0,0
39668,0,1,0,0,0
39669,0,1,0,0,0
39670,0,1,0,0,0
39671,0,1,0,0,0
39672,0,1,0,0,0
39673,0,1,0,0,0
39674,0,1,0,0,0
39675,0,1,0,0,0
39676,0,1,0,0,0
39677,0,1,0,0,0
39678,0,1,0,0,0
39679,0,1,0,0,0
39680,0,1,0,0,0
39681,0,1,0,0,0
39682,0,1,0,0,0
39683,0,1,0,0,0
39684,0,1,0,0,0
39685,0,1,0,0,0
39686,0,1,0,0,0
39687,0,1,0,0,0
39688,0,1,0,0,0
39689,0,1,0,0,0
39690,0,1,0,0,0
39691,0,1,0,0,0
39692,0,1,0,0,0
39693,0,1,0,0,0
39694,0,1,0,0,0
39695,0,1,0,0,0
39696,0,1,0,0,0
39697,0,1,0,0,0
39698,0,1,0,0,0
39699,0,1,0,0,0
39700,0,1,0,0,0
39701,0,1,0,0,0
39702,0,1,0,0,0
39703,0,1,0,0,0
39704,0,1,0,0,0
39705,0,1,0,0,0
39706,0,1,0,0,0
39707,0,1,0,0,0
39708,0,1,0,0,0
39709,0,1,0,0,0
39710,0,1,0,0,0
39711,0,1,0,0,0
39712,1,0,0,0,0
39713,1,0,0,0,0
39714,1,0,0,0,0
39715,1,0,0,0,0
39716,1,0,0,0,0
39717,1,0,0,0,0
39718,1,0,0,0,0
39719,1,0,0,0,0
39720,1,0,0,0,0
39721,1,0,0,0,0
39722,1,0,0,0,0
39723,1,0,0,0,0
39724,1,0,0,0,0
39725,1,0,0,0,0
39726,1,0,0,0,0
39727,1,0,0,0,0
39728,1,0,0,0,0
39729,1,0,0,0,0
39730,1,0,0,0,0
39731,1,0,0,0,0
39732,1,0,0,0,0
39733,1,0,0,0,0
39734,1,0,0,0,0
39735,1,0,0,0,0
39736,1,0,0,0,0
39737,1,0,0,0,0
39738,1,0,0,0,0
39739,1,0,0,0,0
39740,1,0,0,0,0
39741,1,0,0,0,0
39742,1,0,0,0,0
39743,1,0,0,0,0
39744,1,0,0,0,0
39745,1,0,0,0,0
39746,1,0,0,0,0
39747,1,0,0,0,0
39748,1,0,0,0,0
39749,1,0,0,0,0
39750,1,0,0,0,0
39751,1,0,0,0,0
39752,1,0,0,0,0
39753,1,0,0,0,0
39754,1,0,0,0,0
39755,1,0,0,0,0
39756,1,0,0,0,0
39757,1,0,0,0,0
39758,1,0,0,0,0
39759,1,0,0,0,0
39760,1,0,0,0,0
39761,1,0,0,0,0
39762,1,0,0,0,0
39763,1,0,0,0,0
39764,1,0,0,0,0
39765,1,0,0,0,0
39766,1,0,0,0,0
39767,1,0,0,0,0
39768,1,0,0,0,0
39769,1,0,0,0,0
39770,1,0,0,0,0
39771,1,0,0,0,0
39772,1,0,0,0,0
39773,1,0,0,0,0
39774,1,0,0,0,0
39775,1,0,0,0,0
39776,1,0,0,0,0
39777,1,0,0,0,0
39778,1,0,0,0,0
39779,1,0,0,0,0
39780,1,0,0,0,0
39781,1,0,0,0,0
39782,1,0,0,0,0
39783,1,0,0,0,0
39784,1,0,0,0,0
39785,1,0,0,0,0
39786,1,0,0,0,0
39787,1,0,0,0,0
39788,1,0,0,0,0
39789,1,0,0,0,0
39790,1,0,0,0,0
39791,1,0,0,0,0
39792,1,0,0,0,0
39793,1,0,0,0,0
39794,1,0,0,0,0
39795,1,0,0,0,0
39796,1,0,0,0,0
39797,1,0,0,0,0
39798,1,0,0,0,0
39799,1,0,0,0,0
39800,1,0,0,0,0
39801,1,0,0,0,0
39802,1,0,0,0,0
39803,1,0,0,0,0
39804,1,0,0,0,0
39805,1,0,0,0,0
39806,1,0,0,0,0
39807,1,0,0,0,0
39808,1,0,0,0,0
39809,1,0,0,0,0
39810,1,0,0,0,0
39811,1,0,0,0,0
39812,1,0,0,0,0
39813,1,0,0,0,0
39814,1,0,0,0,0
39815,1,0,0,0,0
39816,1,0,0,0,0
39817,1,0,0,0,0
39818,1,0,0,0,0
39819,1,0,0,0,0
39820,1,0,0,0,0
39821,1,0,0,0,0
39822,0,0,0,1,0
39823,0,0,0,1,0
39824,0,0,0,1,0
39825,0,0,0,1,0
39826,0,0,0,1,0
39827,0,0,0,1,0
39828,0,0,0,1,0
39829,0,0,0,1,0
39830,0,0,0,1,0
39831,0,0,0,1,0
39832,0,0,0,1,0
39833,0,0,0,1,0
39834,0,0,0,1,0
39835,0,0,0,1,0
39836,0,0,0,1,0
39837,0,0,0,1,0
39838,0,0,0,1,0
39839,0,0,0,1,0
39840,0,0,0,1,0
39841,0,0,0,1,0
39842,0,0,0,1,0
39843,0,0,0,1,0
39844,0,0,0,1,0
39845,0,0,0,1,0
39846,0,0,0,1,0
39847,0,0,0,1,0
39848,0,0,0,1,0
39849,0,0,0,1,0
39850,0,0,0,1,0
39851,1,0,0,0,0
39852,1,0,0,0,0
39853,1,0,0,0,0
39854,1,0,0,0,0
39855,1,0,0,0,0
39856,1,0,0,0,0
39857,1,0,0,0,0
39858,1,0,0,0,0
39859,1,0,0,0,0
39860,1,0,0,0,0
39861,1,0,0,0,0
39862,1,0,0,0,0
39863,1,0,0,0,0
39864,1,0,0,0,0
39865,1,0,0,0,0
39866,1,0,0,0,0
39867,1,0,0,0,0
39868,1,0,0,0,0
39869,1,0,0,0,0
39870,1,0,0,0,0
39871,1,0,0,0,0
39872,1,0,0,0,0
39873,1,0,0,0,0
39874,1,0,0,0,0
39875,1,0,0,0,0
39876,1,0,0,0,0
39877,1,0,0,0,0
39878,1,0,0,0,0
39879,1,0,0,0,0
39880,1,0,0,0,0
39881,1,0,0,0,0
39882,1,0,0,0,0
39883,1,0,0,0,0
39884,1,0,0,0,0
39885,1,0,0,0,0
39886,1,0,0,0,0
39887,1,0,0,0,0
39888,1,0,0,0,0
39889,1,0,0,0,0
39890,1,0,0,0,0
39891,1,0,0,0,0
39892,1,0,0,0,0
39893,1,0,0,0,0
39894,1,0,0,0,0
39895,1,0,0,0,0
39896,1,0,0,0,0
39897,1,0,0,0,0
39898,1,0,0,0,0
39899,1,0,0,0,0
39900,1,0,0,0,0
39901,1,0,0,0,0
39902,1,0,0,0,0
39903,1,0,0,0,0
39904,1,0,0,0,0
39905,1,0,0,0,0
39906,1,0,0,0,0
39907,1,0,0,0,0
39908,1,0,0,0,0
39909,1,0,0,0,0
39910,1,0,0,0,0
39911,1,0,0,0,0
39912,1,0,0,0,0
39913,1,0,0,0,0
39914,1,0,0,0,0
39915,1,0,0,0,0
39916,1,0,0,0,0
39917,1,0,0,0,0
39918,1,0,0,0,0
39919,1,0,0,0,0
39920,1,0,0,0,0
39921,1,0,0,0,0
39922,1,0,0,0,0
39923,1,0,0,0,0
39924,1,0,0,0,0
39925,1,0,0,0,0
39926,1,0,0,0,0
39927,1,0,0,0,0
39928,1,0,0,0,0
39929,1,0,0,0,0
39930,1,0,0,0,0
39931,1,0,0,0,0
39932,1,0,0,0,0
39933,1,0,0,0,0
39934,1,0,0,0,0
39935,1,0,0,0,0
39936,1,0,0,0,0
39937,1,0,0,0,0
39938,1,0,0,0,0
39939,1,0,0,0,0
39940,1,0,0,0,0
39941,1,0,0,0,0
39942,1,0,0,0,0
39943,1,0,0,0,0
39944,1,0,0,0,0
39945,1,0,0,0,0
39946,1,0,0,0,0
39947,1,0,0,0,0
39948,1,0,0,0,0
39949,1,0,0,0,0
39950,1,0,0,0,0
39951,1,0,0,0,0
39952,1,0,0,0,0
39953,1,0,0,0,0
39954,1,0,0,0,0
39955,1,0,0,0,0
39956,1,0,0,0,0
39957,1,0,0,0,0
39958,1,0,0,0,0
39959,1,0,0,0,0
39960,1,0,0,0,0
39961,1,0,0,0,0
39962,1,0,0,0,0
39963,1,0,0,0,0
39964,1,0,0,0,0
39965,1,0,0,0,0
39966,1,0,0,0,0
39967,1,0,0,0,0
39968,1,0,0,0,0
39969,1,0,0,0,0
39970,1,0,0,0,0
39971,1,0,0,0,0
39972,1,0,0,0,0
39973,1,0,0,0,0
39974,1,0,0,0,0
39975,1,0,0,0,0
39976,1,0,0,0,0
39977,1,0,0,0,0
39978,1,0,0,0,0
39979,1,0,0,0,0
39980,1,0,0,0,0
39981,1,0,0,0,0
39982,1,0,0,0,0
39983,1,0,0,0,0
39984,1,0,0,0,0
39985,1,0,0,0,0
39986,1,0,0,0,0
39987,1,0,0,0,0
39988,1,0,0,0,0
39989,1,0,0,0,0
39990,1,0,0,0,0
39991,1,0,0,0,0
39992,1,0,0,0,0
39993,1,0,0,0,0
39994,1,0,0,0,0
39995,1,0,0,0,0
39996,1,0,0,0,0
39997,1,0,0,0,0
39998,1,0,0,0,0
39999,1,0,0,0,0
40000,1,0,0,0,0
40001,1,0,0,0,0
40002,1,0,0,0,0
40003,1,0,0,0,0
40004,1,0,0,0,0
40005,1,0,0,0,0
40006,1,0,0,0,0
40007,1,0,0,0,0
40008,1,0,0,0,0
40009,1,0,0,0,0
40010,1,0,0,0,0
40011,1,0,0,0,0
40012,1,0,0,0,0
40013,1,0,0,0,0
40014,1,0,0,0,0
40015,1,0,0,0,0
40016,1,0,0,0,0
40017,1,0,0,0,0
40018,1,0,0,0,0
40019,1,0,0,0,0
40020,1,0,0,0,0
40021,1,0,0,0,0
40022,1,0,0,0,0
40023,1,0,0,0,0
40024,1,0,0,0,0
40025,1,0,0,0,0
40026,1,0,0,0,0
40027,1,0,0,0,0
40028,1,0,0,0,0
40029,1,0,0,0,0
40030,1,0,0,0,0
40031,1,0,0,0,0
40032,1,0,0,0,0
40033,1,0,0,0,0
40034,1,0,0,0,0
40035,1,0,0,0,0
40036,1,0,0,0,0
40037,1,0,0,0,0
40038,1,0,0,0,0
40039,1,0,0,0,0
40040,1,0,0,0,0
40041,1,0,0,0,0
40042,1,0,0,0,0
40043,1,0,0,0,0
40044,1,0,0,0,0
40045,1,0,0,0,0
40046,1,0,0,0,0
40047,1,0,0,0,0
40048,1,0,0,0,0
40049,1,0,0,0,0
40050,1,0,0,0,0
40051,1,0,0,0,0
40052,1,0,0,0,0
40053,1,0,0,0,0
40054,1,0,0,0,0
40055,1,0,0,0,0
40056,1,0,0,0,0
40057,1,0,0,0,0
40058,1,0,0,0,0
40059,1,0,0,0,0
40060,1,0,0,0,0
40061,1,0,0,0,0
40062,1,0,0,0,0
40063,1,0,0,0,0
40064,1,0,0,0,0
40065,1,0,0,0,0
40066,1,0,0,0,0
40067,1,0,0,0,0
40068,1,0,0,0,0
40069,1,0,0,0,0
40070,1,0,0,0,0
40071,1,0,0,0,0
40072,1,0,0,0,0
40073,1,0,0,0,0
40074,1,0,0,0,0
40075,1,0,0,0,0
40076,1,0,0,0,0
40077,1,0,0,0,0
40078,1,0,0,0,0
40079,1,0,0,0,0
40080,1,0,0,0,0
40081,1,0,0,0,0
40082,1,0,0,0,0
40083,1,0,0,0,0
40084,1,0,0,0,0
40085,1,0,0,0,0
40086,1,0,0,0,0
40087,1,0,0,0,0
40088,1,0,0,0,0
40089,1,0,0,0,0
40090,1,0,0,0,0
40091,1,0,0,0,0
40092,1,0,0,0,0
40093,1,0,0,0,0
40094,1,0,0,0,0
40095,1,0,0,0,0
40096,1,0,0,0,0
40097,1,0,0,0,0
40098,1,0,0,0,0
40099,1,0,0,0,0
40100,1,0,0,0,0
40101,1,0,0,0,0
40102,1,0,0,0,0
40103,1,0,0,0,0
40104,1,0,0,0,0
40105,1,0,0,0,0
40106,1,0,0,0,0
40107,1,0,0,0,0
40108,1,0,0,0,0
40109,1,0,0,0,0
40110,1,0,0,0,0
40111,1,0,0,0,0
40112,1,0,0,0,0
40113,1,0,0,0,0
40114,1,0,0,0,0
40115,1,0,0,0,0
40116,1,0,0,0,0
40117,1,0,0,0,0
40118,1,0,0,0,0
40119,1,0,0,0,0
40120,1,0,0,0,0
40121,1,0,0,0,0
40122,1,0,0,0,0
40123,0,0,0,0,1
40124,0,0,0,0,1
40125,0,0,0,0,1
40126,0,0,0,0,1
40127,0,0,0,0,1
40128,0,0,0,0,1
40129,0,0,0,0,1
40130,0,0,0,0,1
40131,0,0,0,0,1
40132,0,0,0,0,1
40133,0,0,0,0,1
40134,0,0,0,0,1
40135,0,0,0,0,1
40136,0,0,0,0,1
40137,0,0,0,0,1
40138,0,0,0,0,1
40139,0,0,0,0,1
40140,0,0,0,0,1
40141,0,0,0,0,1
40142,0,0,0,0,1
40143,0,0,0,0,1
40144,0,0,0,0,1
40145,0,0,0,0,1
40146,0,0,0,0,1
40147,0,0,0,0,1
40148,0,0,0,0,1
40149,0,0,0,0,1
40150,0,1,0,0,0
40151,0,1,0,0,0
40152,0,1,0,0,0
40153,0,1,0,0,0
40154,0,1,0,0,0
40155,0,1,0,0,0
40156,0,1,0,0,0
40157,0,1,0,0,0
40158,0,1,0,0,0
40159,0,1,0,0,0
40160,0,1,0,0,0
40161,0,1,0,0,0
40162,0,1,0,0,0
40163,0,1,0,0,0
40164,0,1,0,0,0
40165,0,1,0,0,0
40166,0,1,0,0,0
40167,0,1,0,0,0
40168,0,1,0,0,0
40169,0,1,0,0,0
40170,0,1,0,0,0
40171,0,1,0,0,0
40172,0,1,0,0,0
40173,0,1,0,0,0
40174,0,1,0,0,0
40175,0,1,0,0,0
40176,0,1,0,0,0
40177,0,1,0,0,0
40178,0,1,0,0,0
40179,0,1,0,0,0
40180,0,1,0,0,0
40181,0,1,0,0,0
40182,0,1,0,0,0
40183,0,1,0,0,0
40184,0,1,0,0,0
40185,0,1,0,0,0
40186,0,1,0,0,0
40187,0,1,0,0,0
40188,0,1,0,0,0
40189,0,1,0,0,0
40190,0,1,0,0,0
40191,0,1,0,0,0
40192,0,1,0,0,0
40193,0,1,0,0,0
40194,0,1,0,0,0
40195,0,1,0,0,0
40196,0,1,0,0,0
40197,0,1,0,0,0
40198,0,1,0,0,0
40199,1,0,0,0,0
40200,1,0,0,0,0
40201,1,0,0,0,0
40202,1,0,0,0,0
40203,1,0,0,0,0
40204,1,0,0,0,0
40205,1,0,0,0,0
40206,1,0,0,0,0
40207,1,0,0,0,0
40208,1,0,0,0,0
40209,1,0,0,0,0
40210,1,0,0,0,0
40211,1,0,0,0,0
40212,1,0,0,0,0
40213,1,0,0,0,0
40214,1,0,0,0,0
40215,1,0,0,0,0
40216,1,0,0,0,0
40217,1,0,0,0,0
40218,1,0,0,0,0
40219,1,0,0,0,0
40220,1,0,0,0,0
40221,1,0,0,0,0
40222,1,0,0,0,0
40223,1,0,0,0,0
40224,1,0,0,0,0
40225,1,0,0,0,0
40226,1,0,0,0,0
40227,1,0,0,0,0
40228,1,0,0,0,0
40229,1,0,0,0,0
40230,1,0,0,0,0
40231,1,0,0,0,0
40232,1,0,0,0,0
40233,1,0,0,0,0
40234,1,0,0,0,0
40235,1,0,0,0,0
40236,1,0,0,0,0
40237,1,0,0,0,0
40238,1,0,0,0,0
40239,1,0,0,0,0
40240,1,0,0,0,0
40241,1,0,0,0,0
40242,1,0,0,0,0
40243,1,0,0,0,0
40244,1,0,0,0,0
40245,1,0,0,0,0
40246,1,0,0,0,0
40247,1,0,0,0,0
40248,1,0,0,0,0
40249,1,0,0,0,0
40250,1,0,0,0,0
40251,1,0,0,0,0
40252,1,0,0,0,0
40253,1,0,0,0,0
40254,1,0,0,0,0
40255,1,0,0,0,0
40256,1,0,0,0,0
40257,1,0,0,0,0
40258,1,0,0,0,0
40259,1,0,0,0,0
40260,1,0,0,0,0
40261,1,0,0,0,0
40262,1,0,0,0,0
40263,1,0,0,0,0
40264,1,0,0,0,0
40265,1,0,0,0,0
40266,1,0,0,0,0
40267,1,0,0,0,0
40268,1,0,0,0,0
40269,1,0,0,0,0
40270,1,0,0,0,0
40271,1,0,0,0,0
40272,1,0,0,0,0
40273,1,0,0,0,0
40274,1,0,0,0,0
40275,1,0,0,0,0
40276,1,0,0,0,0
40277,1,0,0,0,0
40278,1,0,0,0,0
40279,1,0,0,0,0
40280,1,0,0,0,0
40281,1,0,0,0,0
40282,1,0,0,0,0
40283,1,0,0,0,0
40284,1,0,0,0,0
40285,1,0,0,0,0
40286,1,0,0,0,0
40287,1,0,0,0,0
40288,1,0,0,0,0
40289,1,0,0,0,0
40290,1,0,0,0,0
40291,1,0,0,0,0
40292,1,0,0,0,0
40293,1,0,0,0,0
40294,1,0,0,0,0
40295,1,0,0,0,0
40296,1,0,0,0,0
40297,1,0,0,0,0
40298,1,0,0,0,0
40299,1,0,0,0,0
40300,1,0,0,0,0
40301,1,0,0,0,0
40302,1,0,0,0,0
40303,1,0,0,0,0
40304,1,0,0,0,0
40305,1,0,0,0,0
40306,1,0,0,0,0
40307,1,0,0,0,0
40308,1,0,0,0,0
40309,1,0,0,0,0
40310,1,0,0,0,0
40311,1,0,0,0,0
40312,1,0,0,0,0
40313,1,0,0,0,0
40314,1,0,0,0,0
40315,1,0,0,0,0
40316,1,0,0,0,0
40317,1,0,0,0,0
40318,1,0,0,0,0
40319,1,0,0,0,0
40320,1,0,0,0,0
40321,1,0,0,0,0
40322,1,0,0,0,0
40323,1,0,0,0,0
40324,1,0,0,0,0
40325,1,0,0,0,0
40326,1,0,0,0,0
40327,1,0,0,0,0
40328,1,0,0,0,0
40329,1,0,0,0,0
40330,1,0,0,0,0
40331,1,0,0,0,0
40332,1,0,0,0,0
40333,1,0,0,0,0
40334,1,0,0,0,0
40335,1,0,0,0,0
40336,1,0,0,0,0
40337,1,0,0,0,0
40338,1,0,0,0,0
40339,1,0,0,0,0
40340,1,0,0,0,0
40341,1,0,0,0,0
40342,1,0,0,0,0
40343,1,0,0,0,0
40344,1,0,0,0,0
40345,1,0,0,0,0
40346,1,0,0,0,0
40347,1,0,0,0,0
40348,1,0,0,0,0
40349,1,0,0,0,0
40350,1,0,0,0,0
40351,1,0,0,0,0
40352,1,0,0,0,0
40353,1,0,0,0,0
40354,1,0,0,0,0
40355,1,0,0,0,0
40356,1,0,0,0,0
40357,1,0,0,0,0
40358,1,0,0,0,0
40359,1,0,0,0,0
40360,1,0,0,0,0
40361,1,0,0,0,0
40362,1,0,0,0,0
40363,1,0,0,0,0
40364,1,0,0,0,0
40365,1,0,0,0,0
40366,1,0,0,0,0
40367,1,0,0,0,0
40368,1,0,0,0,0
40369,1,0,0,0,0
40370,1,0,0,0,0
40371,1,0,0,0,0
40372,1,0,0,0,0
40373,1,0,0,0,0
40374,1,0,0,0,0
40375,1,0,0,0,0
40376,1,0,0,0,0
40377,1,0,0,0,0
40378,1,0,0,0,0
40379,0,0,0,0,1
40380,0,0,0,0,1
40381,0,0,0,0,1
40382,0,0,0,0,1
40383,0,0,0,0,1
40384,0,0,0,0,1
40385,0,0,0,0,1
40386,0,0,0,0,1
40387,0,0,0,0,1
40388,0,0,0,0,1
40389,0,0,0,0,1
40390,0,0,0,0,1
40391,0,0,0,0,1
40392,0,0,0,0,1
40393,0,0,0,0,1
40394,0,0,0,0,1
40395,0,0,0,0,1
40396,0,0,0,0,1
40397,0,0,0,0,1
40398,0,0,0,0,1
40399,1,0,0,0,0
40400,1,0,0,0,0
40401,1,0,0,0,0
40402,1,0,0,0,0
40403,1,0,0,0,0
40404,1,0,0,0,0
40405,1,0,0,0,0
40406,1,0,0,0,0
40407,1,0,0,0,0
40408,1,0,0,0,0
40409,1,0,0,0,0
40410,1,0,0,0,0
40411,1,0,0,0,0
40412,1,0,0,0,0
40413,1,0,0,0,0
40414,1,0,0,0,0
40415,1,0,0,0,0
40416,1,0,0,0,0
40417,1,0,0,0,0
40418,1,0,0,0,0
40419,1,0,0,0,0
40420,1,0,0,0,0
40421,1,0,0,0,0
40422,1,0,0,0,0
40423,1,0,0,0,0
40424,1,0,0,0,0
40425,1,0,0,0,0
40426,1,0,0,0,0
40427,1,0,0,0,0
40428,1,0,0,0,0
40429,1,0,0,0,0
40430,1,0,0,0,0
40431,1,0,0,0,0
40432,1,0,0,0,0
40433,1,0,0,0,0
40434,1,0,0,0,0
40435,1,0,0,0,0
40436,1,0,0,0,0
40437,1,0,0,0,0
40438,1,0,0,0,0
40439,1,0,0,0,0
40440,1,0,0,0,0
40441,1,0,0,0,0
40442,1,0,0,0,0
40443,1,0,0,0,0
40444,1,0,0,0,0
40445,1,0,0,0,0
40446,1,0,0,0,0
40447,1,0,0,0,0
40448,1,0,0,0,0
40449,1,0,0,0,0
40450,1,0,0,0,0
40451,1,0,0,0,0
40452,1,0,0,0,0
40453,1,0,0,0,0
40454,1,0,0,0,0
40455,1,0,0,0,0
40456,1,0,0,0,0
40457,1,0,0,0,0
40458,1,0,0,0,0
40459,1,0,0,0,0
40460,1,0,0,0,0
40461,1,0,0,0,0
40462,1,0,0,0,0
40463,1,0,0,0,0
40464,1,0,0,0,0
40465,1,0,0,0,0
40466,1,0,0,0,0
40467,1,0,0,0,0
40468,1,0,0,0,0
40469,1,0,0,0,0
40470,1,0,0,0,0
40471,1,0,0,0,0
40472,1,0,0,0,0
40473,1,0,0,0,0
40474,1,0,0,0,0
40475,1,0,0,0,0
40476,1,0,0,0,0
40477,1,0,0,0,0
40478,1,0,0,0,0
40479,1,0,0,0,0
40480,1,0,0,0,0
40481,1,0,0,0,0
40482,1,0,0,0,0
40483,1,0,0,0,0
40484,1,0,0,0,0
40485,1,0,0,0,0
40486,1,0,0,0,0
40487,1,0,0,0,0
40488,1,0,0,0,0
40489,1,0,0,0,0
40490,1,0,0,0,0
40491,1,0,0,0,0
40492,1,0,0,0,0
40493,1,0,0,0,0
40494,1,0,0,0,0
40495,1,0,0,0,0
40496,1,0,0,0,0
40497,1,0,0,0,0
40498,1,0,0,0,0
40499,1,0,0,0,0
40500,1,0,0,0,0
40501,1,0,0,0,0
40502,1,0,0,0,0
40503,1,0,0,0,0
40504,1,0,0,0,0
40505,1,0,0,0,0
40506,1,0,0,0,0
40507,1,0,0,0,0
40508,1,0,0,0,0
40509,1,0,0,0,0
40510,1,0,0,0,0
40511,1,0,0,0,0
40512,1,0,0,0,0
40513,1,0,0,0,0
40514,1,0,0,0,0
40515,1,0,0,0,0
40516,1,0,0,0,0
40517,1,0,0,0,0
40518,1,0,0,0,0
40519,1,0,0,0,0
40520,1,0,0,0,0
40521,1,0,0,0,0
40522,1,0,0,0,0
40523,1,0,0,0,0
40524,1,0,0,0,0
40525,1,0,0,0,0
40526,1,0,0,0,0
40527,1,0,0,0,0
40528,1,0,0,0,0
40529,1,0,0,0,0
40530,1,0,0,0,0
40531,1,0,0,0,0
40532,1,0,0,0,0
40533,1,0,0,0,0
40534,1,0,0,0,0
40535,1,0,0,0,0
40536,1,0,0,0,0
40537,1,0,0,0,0
40538,1,0,0,0,0
40539,1,0,0,0,0
40540,1,0,0,0,0
40541,1,0,0,0,0
40542,1,0,0,0,0
40543,1,0,0,0,0
40544,1,0,0,0,0
40545,1,0,0,0,0
40546,1,0,0,0,0
40547,1,0,0,0,0
40548,1,0,0,0,0
40549,1,0,0,0,0
40550,1,0,0,0,0
40551,1,0,0,0,0
40552,1,0,0,0,0
40553,1,0,0,0,0
40554,1,0,0,0,0
40555,1,0,0,0,0
40556,1,0,0,0,0
40557,1,0,0,0,0
40558,1,0,0,0,0
40559,1,0,0,0,0
40560,1,0,0,0,0
40561,1,0,0,0,0
40562,1,0,0,0,0
40563,1,0,0,0,0
40564,1,0,0,0,0
40565,1,0,0,0,0
40566,1,0,0,0,0
40567,1,0,0,0,0
40568,1,0,0,0,0
40569,1,0,0,0,0
40570,1,0,0,0,0
40571,1,0,0,0,0
40572,1,0,0,0,0
40573,1,0,0,0,0
40574,1,0,0,0,0
40575,1,0,0,0,0
40576,1,0,0,0,0
40577,1,0,0,0,0
40578,1,0,0,0,0
40579,1,0,0,0,0
40580,0,1,0,0,0
40581,0,1,0,0,0
40582,0,1,0,0,0
40583,0,1,0,0,0
40584,0,1,0,0,0
40585,0,1,0,0,0
40586,0,1,0,0,0
40587,0,1,0,0,0
40588,0,1,0,0,0
40589,0,1,0,0,0
40590,0,1,0,0,0
40591,0,1,0,0,0
40592,0,1,0,0,0
40593,0,1,0,0,0
40594,0,1,0,0,0
40595,0,1,0,0,0
40596,0,1,0,0,0
40597,0,1,0,0,0
40598,0,1,0,0,0
40599,0,1,0,0,0
40600,0,1,0,0,0
40601,0,1,0,0,0
40602,0,1,0,0,0
40603,0,1,0,0,0
40604,0,1,0,0,0
40605,0,1,0,0,0
40606,0,1,0,0,0
40607,0,1,0,0,0
40608,0,1,0,0,0
40609,0,1,0,0,0
40610,0,1,0,0,0
40611,0,1,0,0,0
40612,0,1,0,0,0
40613,0,1,0,0,0
40614,0,1,0,0,0
40615,0,1,0,0,0
40616,0,1,0,0,0
40617,0,1,0,0,0
40618,0,1,0,0,0
40619,0,1,0,0,0
40620,0,1,0,0,0
40621,0,1,0,0,0
40622,0,1,0,0,0
40623,1,0,0,0,0
40624,1,0,0,0,0
40625,0,0,0,0,1
40626,0,0,0,0,1
40627,0,0,0,0,1
40628,0,0,0,0,1
40629,0,0,0,0,1
40630,0,0,0,0,1
40631,0,0,0,0,1
40632,0,0,0,0,1
40633,0,0,0,0,1
40634,0,0,0,0,1
40635,0,0,0,0,1
40636,0,0,0,0,1
40637,0,0,0,0,1
40638,0,0,0,0,1
40639,0,0,0,0,1
40640,0,0,0,0,1
40641,0,0,0,0,1
40642,0,0,0,0,1
40643,0,0,0,0,1
40644,0,0,0,0,1
40645,0,0,0,0,1
40646,0,0,0,0,1
40647,0,0,0,0,1
40648,0,0,0,0,1
40649,0,0,0,0,1
40650,0,0,0,0,1
40651,0,0,0,0,1
40652,0,0,0,0,1
40653,0,0,0,0,1
40654,0,0,0,0,1
40655,0,0,0,0,1
40656,0,0,0,0,1
40657,0,0,0,0,1
40658,0,0,0,0,1
40659,0,0,0,0,1
40660,0,0,0,0,1
40661,0,0,0,0,1
40662,0,0,0,0,1
40663,0,0,0,0,1
40664,0,0,0,0,1
40665,0,0,0,0,1
40666,0,0,0,0,1
40667,0,0,0,0,1
40668,0,0,0,0,1
40669,0,0,0,0,1
40670,0,0,0,0,1
40671,0,0,0,0,1
40672,0,0,0,0,1
40673,0,0,0,0,1
40674,0,0,0,0,1
40675,0,0,0,0,1
40676,0,0,0,0,1
40677,0,0,0,0,1
40678,0,0,0,0,1
40679,0,0,0,0,1
40680,0,0,0,0,1
40681,0,0,0,0,1
40682,0,0,0,0,1
40683,0,0,0,0,1
40684,0,0,0,0,1
40685,0,0,0,0,1
40686,0,0,0,0,1
40687,0,0,0,0,1
40688,0,0,0,0,1
40689,0,0,0,0,1
40690,0,0,0,0,1
40691,0,0,0,0,1
40692,0,0,0,0,1
40693,0,0,0,0,1
40694,0,0,0,0,1
40695,0,0,0,0,1
40696,0,0,0,0,1
40697,0,0,0,0,1
40698,0,0,0,0,1
40699,0,0,0,0,1
40700,0,0,0,0,1
40701,0,0,0,0,1
40702,0,1,0,0,0
40703,0,1,0,0,0
40704,0,1,0,0,0
40705,0,1,0,0,0
40706,0,1,0,0,0
40707,0,1,0,0,0
40708,0,1,0,0,0
40709,0,1,0,0,0
40710,0,1,0,0,0
40711,0,1,0,0,0
40712,0,1,0,0,0
40713,0,1,0,0,0
40714,0,1,0,0,0
40715,0,1,0,0,0
40716,0,1,0,0,0
40717,0,1,0,0,0
40718,0,1,0,0,0
40719,0,1,0,0,0
40720,0,1,0,0,0
40721,0,1,0,0,0
40722,0,1,0,0,0
40723,0,1,0,0,0
40724,0,1,0,0,0
40725,0,1,0,0,0
40726,0,1,0,0,0
40727,0,1,0,0,0
40728,0,1,0,0,0
40729,0,1,0,0,0
40730,0,1,0,0,0
40731,0,1,0,0,0
40732,0,1,0,0,0
40733,0,1,0,0,0
40734,0,1,0,0,0
40735,0,1,0,0,0
40736,0,1,0,0,0
40737,0,1,0,0,0
40738,0,1,0,0,0
40739,0,1,0,0,0
40740,0,1,0,0,0
40741,0,1,0,0,0
40742,0,1,0,0,0
40743,0,1,0,0,0
40744,0,1,0,0,0
40745,0,1,0,0,0
40746,0,1,0,0,0
40747,0,1,0,0,0
40748,0,1,0,0,0
40749,0,1,0,0,0
40750,0,1,0,0,0
40751,0,1,0,0,0
40752,0,1,0,0,0
40753,0,1,0,0,0
40754,0,1,0,0,0
40755,0,1,0,0,0
40756,0,1,0,0,0
40757,0,1,0,0,0
40758,0,1,0,0,0
40759,0,1,0,0,0
40760,0,1,0,0,0
40761,0,1,0,0,0
40762,1,0,0,0,0
40763,1,0,0,0,0
40764,1,0,0,0,0
40765,1,0,0,0,0
40766,1,0,0,0,0
40767,1,0,0,0,0
40768,1,0,0,0,0
40769,1,0,0,0,0
40770,1,0,0,0,0
40771,1,0,0,0,0
40772,1,0,0,0,0
40773,1,0,0,0,0
40774,1,0,0,0,0
40775,1,0,0,0,0
40776,1,0,0,0,0
40777,1,0,0,0,0
40778,1,0,0,0,0
40779,1,0,0,0,0
40780,1,0,0,0,0
40781,1,0,0,0,0
40782,1,0,0,0,0
40783,1,0,0,0,0
40784,1,0,0,0,0
40785,1,0,0,0,0
40786,1,0,0,0,0
40787,1,0,0,0,0
40788,1,0,0,0,0
40789,1,0,0,0,0
40790,1,0,0,0,0
40791,1,0,0,0,0
40792,1,0,0,0,0
40793,1,0,0,0,0
40794,1,0,0,0,0
40795,1,0,0,0,0
40796,1,0,0,0,0
40797,1,0,0,0,0
40798,1,0,0,0,0
40799,1,0,0,0,0
40800,1,0,0,0,0
40801,1,0,0,0,0
40802,1,0,0,0,0
40803,1,0,0,0,0
40804,1,0,0,0,0
40805,1,0,0,0,0
40806,1,0,0,0,0
40807,1,0,0,0,0
40808,1,0,0,0,0
40809,1,0,0,0,0
40810,1,0,0,0,0
40811,1,0,0,0,0
40812,1,0,0,0,0
40813,1,0,0,0,0
40814,1,0,0,0,0
40815,1,0,0,0,0
40816,1,0,0,0,0
40817,1,0,0,0,0
40818,1,0,0,0,0
40819,1,0,0,0,0
40820,1,0,0,0,0
40821,1,0,0,0,0
40822,1,0,0,0,0
40823,1,0,0,0,0
40824,1,0,0,0,0
40825,1,0,0,0,0
40826,1,0,0,0,0
40827,1,0,0,0,0
40828,1,0,0,0,0
40829,1,0,0,0,0
40830,1,0,0,0,0
40831,1,0,0,0,0
40832,1,0,0,0,0
40833,1,0,0,0,0
40834,1,0,0,0,0
40835,1,0,0,0,0
40836,1,0,0,0,0
40837,1,0,0,0,0
40838,1,0,0,0,0
40839,1,0,0,0,0
40840,1,0,0,0,0
40841,1,0,0,0,0
40842,1,0,0,0,0
40843,1,0,0,0,0
40844,1,0,0,0,0
40845,1,0,0,0,0
40846,1,0,0,0,0
40847,1,0,0,0,0
40848,1,0,0,0,0
40849,1,0,0,0,0
40850,1,0,0,0,0
40851,1,0,0,0,0
40852,1,0,0,0,0
40853,1,0,0,0,0
40854,1,0,0,0,0
40855,1,0,0,0,0
40856,1,0,0,0,0
40857,1,0,0,0,0
40858,1,0,0,0,0
40859,1,0,0,0,0
40860,1,0,0,0,0
40861,1,0,0,0,0
40862,1,0,0,0,0
40863,1,0,0,0,0
40864,1,0,0,0,0
40865,1,0,0,0,0
40866,1,0,0,0,0
40867,1,0,0,0,0
40868,1,0,0,0,0
40869,1,0,0,0,0
40870,1,0,0,0,0
40871,1,0,0,0,0
40872,1,0,0,0,0
40873,1,0,0,0,0
40874,1,0,0,0,0
40875,1,0,0,0,0
40876,1,0,0,0,0
40877,1,0,0,0,0
40878,1,0,0,0,0
40879,1,0,0,0,0
40880,1,0,0,0,0
40881,1,0,0,0,0
40882,1,0,0,0,0
40883,1,0,0,0,0
40884,1,0,0,0,0
40885,1,0,0,0,0
40886,1,0,0,0,0
40887,1,0,0,0,0
40888,1,0,0,0,0
40889,1,0,0,0,0
40890,1,0,0,0,0
40891,1,0,0,0,0
40892,1,0,0,0,0
40893,1,0,0,0,0
40894,1,0,0,0,0
40895,1,0,0,0,0
40896,1,0,0,0,0
40897,1,0,0,0,0
40898,1,0,0,0,0
40899,1,0,0,0,0
40900,1,0,0,0,0
40901,1,0,0,0,0
40902,0,0,1,0,0
40903,0,0,1,0,0
40904,0,0,1,0,0
40905,0,0,1,0,0
40906,0,0,1,0,0
40907,0,0,1,0,0
40908,0,0,1,0,0
40909,0,0,1,0,0
40910,0,0,1,0,0
40911,0,0,1,0,0
40912,0,0,1,0,0
40913,0,0,1,0,0
40914,0,0,1,0,0
40915,0,0,1,0,0
40916,0,0,1,0,0
40917,0,0,1,0,0
40918,0,0,1,0,0
40919,0,0,1,0,0
40920,0,0,1,0,0
40921,0,0,1,0,0
40922,0,0,1,0,0
40923,0,0,1,0,0
40924,0,0,1,0,0
40925,0,0,1,0,0
40926,0,0,1,0,0
40927,0,0,1,0,0
40928,0,0,1,0,0
40929,0,0,1,0,0
40930,0,0,1,0,0
40931,0,0,1,0,0
40932,0,0,1,0,0
40933,0,0,1,0,0
40934,0,0,1,0,0
40935,0,0,1,0,0
40936,0,0,1,0,0
40937,0,0,1,0,0
40938,0,0,1,0,0
40939,0,0,1,0,0
40940,0,0,1,0,0
40941,0,0,1,0,0
40942,0,0,1,0,0
40943,0,0,1,0,0
40944,0,0,1,0,0
40945,0,0,1,0,0
40946,0,0,1,0,0
40947,1,0,0,0,0
40948,1,0,0,0,0
40949,1,0,0,0,0
40950,1,0,0,0,0
40951,1,0,0,0,0
40952,1,0,0,0,0
40953,1,0,0,0,0
40954,1,0,0,0,0
40955,1,0,0,0,0
40956,1,0,0,0,0
40957,1,0,0,0,0
40958,1,0,0,0,0
40959,1,0,0,0,0
40960,1,0,0,0,0
40961,1,0,0,0,0
40962,1,0,0,0,0
40963,1,0,0,0,0
40964,1,0,0,0,0
40965,1,0,0,0,0
40966,1,0,0,0,0
40967,1,0,0,0,0
40968,1,0,0,0,0
40969,1,0,0,0,0
40970,1,0,0,0,0
40971,1,0,0,0,0
40972,1,0,0,0,0
40973,1,0,0,0,0
40974,1,0,0,0,0
40975,1,0,0,0,0
40976,1,0,0,0,0
40977,1,0,0,0,0
40978,1,0,0,0,0
40979,1,0,0,0,0
40980,1,0,0,0,0
40981,1,0,0,0,0
40982,1,0,0,0,0
40983,1,0,0,0,0
40984,1,0,0,0,0
40985,1,0,0,0,0
40986,1,0,0,0,0
40987,1,0,0,0,0
40988,1,0,0,0,0
40989,1,0,0,0,0
40990,1,0,0,0,0
40991,1,0,0,0,0
40992,1,0,0,0,0
40993,1,0,0,0,0
40994,1,0,0,0,0
40995,1,0,0,0,0
40996,1,0,0,0,0
40997,1,0,0,0,0
40998,1,0,0,0,0
40999,1,0,0,0,0
41000,1,0,0,0,0
41001,1,0,0,0,0
41002,1,0,0,0,0
41003,1,0,0,0,0
41004,1,0,0,0,0
41005,1,0,0,0,0
41006,1,0,0,0,0
41007,1,0,0,0,0
41008,1,0,0,0,0
41009,1,0,0,0,0
41010,1,0,0,0,0
41011,1,0,0,0,0
41012,1,0,0,0,0
41013,1,0,0,0,0
41014,1,0,0,0,0
41015,1,0,0,0,0
41016,1,0,0,0,0
41017,1,0,0,0,0
41018,1,0,0,0,0
41019,1,0,0,0,0
41020,1,0,0,0,0
41021,1,0,0,0,0
41022,1,0,0,0,0
41023,1,0,0,0,0
41024,1,0,0,0,0
41025,1,0,0,0,0
41026,1,0,0,0,0
41027,1,0,0,0,0
41028,1,0,0,0,0
41029,1,0,0,0,0
41030,1,0,0,0,0
41031,1,0,0,0,0
41032,1,0,0,0,0
41033,1,0,0,0,0
41034,1,0,0,0,0
41035,1,0,0,0,0
41036,1,0,0,0,0
41037,1,0,0,0,0
41038,1,0,0,0,0
41039,1,0,0,0,0
41040,1,0,0,0,0
41041,1,0,0,0,0
41042,1,0,0,0,0
41043,1,0,0,0,0
41044,1,0,0,0,0
41045,1,0,0,0,0
41046,1,0,0,0,0
41047,1,0,0,0,0
41048,1,0,0,0,0
41049,1,0,0,0,0
41050,1,0,0,0,0
41051,1,0,0,0,0
41052,1,0,0,0,0
41053,1,0,0,0,0
41054,1,0,0,0,0
41055,1,0,0,0,0
41056,1,0,0,0,0
41057,1,0,0,0,0
41058,1,0,0,0,0
41059,1,0,0,0,0
41060,1,0,0,0,0
41061,1,0,0,0,0
41062,1,0,0,0,0
41063,1,0,0,0,0
41064,0,0,0,1,0
41065,0,0,0,1,0
41066,0,0,0,1,0
41067,0,0,0,1,0
41068,0,0,0,1,0
41069,0,0,0,1,0
41070,0,0,0,1,0
41071,0,0,0,1,0
41072,0,0,0,1,0
41073,0,0,0,1,0
41074,0,0,0,1,0
41075,0,0,0,1,0
41076,0,0,0,1,0
41077,0,0,0,1,0
41078,0,0,0,1,0
41079,1,0,0,0,0
41080,1,0,0,0,0
41081,1,0,0,0,0
41082,1,0,0,0,0
41083,1,0,0,0,0
41084,1,0,0,0,0
41085,1,0,0,0,0
41086,1,0,0,0,0
41087,1,0,0,0,0
41088,1,0,0,0,0
41089,1,0,0,0,0
41090,1,0,0,0,0
41091,1,0,0,0,0
41092,1,0,0,0,0
41093,1,0,0,0,0
41094,1,0,0,0,0
41095,1,0,0,0,0
41096,1,0,0,0,0
41097,1,0,0,0,0
41098,1,0,0,0,0
41099,1,0,0,0,0
41100,1,0,0,0,0
41101,1,0,0,0,0
41102,1,0,0,0,0
41103,1,0,0,0,0
41104,1,0,0,0,0
41105,1,0,0,0,0
41106,1,0,0,0,0
41107,1,0,0,0,0
41108,1,0,0,0,0
41109,1,0,0,0,0
41110,1,0,0,0,0
41111,1,0,0,0,0
41112,1,0,0,0,0
41113,1,0,0,0,0
41114,1,0,0,0,0
41115,1,0,0,0,0
41116,1,0,0,0,0
41117,1,0,0,0,0
41118,1,0,0,0,0
41119,1,0,0,0,0
41120,1,0,0,0,0
41121,1,0,0,0,0
41122,1,0,0,0,0
41123,1,0,0,0,0
41124,1,0,0,0,0
41125,1,0,0,0,0
41126,1,0,0,0,0
41127,1,0,0,0,0
41128,1,0,0,0,0
41129,1,0,0,0,0
41130,1,0,0,0,0
41131,1,0,0,0,0
41132,1,0,0,0,0
41133,1,0,0,0,0
41134,1,0,0,0,0
41135,1,0,0,0,0
41136,1,0,0,0,0
41137,1,0,0,0,0
41138,1,0,0,0,0
41139,1,0,0,0,0
41140,1,0,0,0,0
41141,1,0,0,0,0
41142,1,0,0,0,0
41143,1,0,0,0,0
41144,1,0,0,0,0
41145,1,0,0,0,0
41146,1,0,0,0,0
41147,1,0,0,0,0
41148,1,0,0,0,0
41149,1,0,0,0,0
41150,1,0,0,0,0
41151,1,0,0,0,0
41152,1,0,0,0,0
41153,1,0,0,0,0
41154,1,0,0,0,0
41155,1,0,0,0,0
41156,1,0,0,0,0
41157,1,0,0,0,0
41158,1,0,0,0,0
41159,1,0,0,0,0
41160,1,0,0,0,0
41161,1,0,0,0,0
41162,1,0,0,0,0
41163,1,0,0,0,0
41164,1,0,0,0,0
41165,1,0,0,0,0
41166,1,0,0,0,0
41167,1,0,0,0,0
41168,1,0,0,0,0
41169,1,0,0,0,0
41170,1,0,0,0,0
41171,1,0,0,0,0
41172,1,0,0,0,0
41173,1,0,0,0,0
41174,1,0,0,0,0
41175,1,0,0,0,0
41176,1,0,0,0,0
41177,1,0,0,0,0
41178,1,0,0,0,0
41179,1,0,0,0,0
41180,1,0,0,0,0
41181,1,0,0,0,0
41182,1,0,0,0,0
41183,1,0,0,0,0
41184,1,0,0,0,0
41185,1,0,0,0,0
41186,1,0,0,0,0
41187,1,0,0,0,0
41188,1,0,0,0,0
41189,1,0,0,0,0
41190,1,0,0,0,0
41191,1,0,0,0,0
41192,1,0,0,0,0
41193,1,0,0,0,0
41194,1,0,0,0,0
41195,1,0,0,0,0
41196,1,0,0,0,0
41197,1,0,0,0,0
41198,1,0,0,0,0
41199,1,0,0,0,0
41200,1,0,0,0,0
41201,1,0,0,0,0
41202,1,0,0,0,0
41203,1,0,0,0,0
41204,1,0,0,0,0
41205,1,0,0,0,0
41206,1,0,0,0,0
41207,1,0,0,0,0
41208,1,0,0,0,0
41209,1,0,0,0,0
41210,1,0,0,0,0
41211,1,0,0,0,0
41212,1,0,0,0,0
41213,0,1,0,0,0
41214,0,1,0,0,0
41215,0,1,0,0,0
41216,0,1,0,0,0
41217,0,1,0,0,0
41218,0,1,0,0,0
41219,0,1,0,0,0
41220,0,1,0,0,0
41221,0,1,0,0,0
41222,0,1,0,0,0
41223,0,1,0,0,0
41224,0,1,0,0,0
41225,0,1,0,0,0
41226,0,1,0,0,0
41227,0,1,0,0,0
41228,0,1,0,0,0
41229,0,1,0,0,0
41230,0,1,0,0,0
41231,0,1,0,0,0
41232,0,1,0,0,0
41233,0,1,0,0,0
41234,0,1,0,0,0
41235,0,1,0,0,0
41236,0,1,0,0,0
41237,0,1,0,0,0
41238,0,1,0,0,0
41239,0,1,0,0,0
41240,0,1,0,0,0
41241,0,1,0,0,0
41242,0,1,0,0,0
41243,0,1,0,0,0
41244,0,1,0,0,0
41245,0,1,0,0,0
41246,0,1,0,0,0
41247,0,1,0,0,0
41248,1,0,0,0,0
41249,1,0,0,0,0
41250,1,0,0,0,0
41251,1,0,0,0,0
41252,1,0,0,0,0
41253,1,0,0,0,0
41254,1,0,0,0,0
41255,1,0,0,0,0
41256,1,0,0,0,0
41257,1,0,0,0,0
41258,1,0,0,0,0
41259,1,0,0,0,0
41260,1,0,0,0,0
41261,1,0,0,0,0
41262,1,0,0,0,0
41263,1,0,0,0,0
41264,1,0,0,0,0
41265,1,0,0,0,0
41266,1,0,0,0,0
41267,1,0,0,0,0
41268,1,0,0,0,0
41269,1,0,0,0,0
41270,1,0,0,0,0
41271,1,0,0,0,0
41272,1,0,0,0,0
41273,1,0,0,0,0
41274,1,0,0,0,0
41275,1,0,0,0,0
41276,1,0,0,0,0
41277,1,0,0,0,0
41278,1,0,0,0,0
41279,1,0,0,0,0
41280,1,0,0,0,0
41281,1,0,0,0,0
41282,1,0,0,0,0
41283,1,0,0,0,0
41284,1,0,0,0,0
41285,1,0,0,0,0
41286,1,0,0,0,0
41287,1,0,0,0,0
41288,1,0,0,0,0
41289,1,0,0,0,0
41290,1,0,0,0,0
41291,1,0,0,0,0
41292,1,0,0,0,0
41293,1,0,0,0,0
41294,1,0,0,0,0
41295,1,0,0,0,0
41296,1,0,0,0,0
41297,1,0,0,0,0
41298,1,0,0,0,0
41299,1,0,0,0,0
41300,1,0,0,0,0
41301,1,0,0,0,0
41302,1,0,0,0,0
41303,1,0,0,0,0
41304,1,0,0,0,0
41305,1,0,0,0,0
41306,1,0,0,0,0
41307,1,0,0,0,0
41308,1,0,0,0,0
41309,1,0,0,0,0
41310,1,0,0,0,0
41311,1,0,0,0,0
41312,1,0,0,0,0
41313,1,0,0,0,0
41314,1,0,0,0,0
41315,1,0,0,0,0
41316,1,0,0,0,0
41317,1,0,0,0,0
41318,1,0,0,0,0
41319,1,0,0,0,0
41320,1,0,0,0,0
41321,1,0,0,0,0
41322,1,0,0,0,0
41323,1,0,0,0,0
41324,1,0,0,0,0
41325,1,0,0,0,0
41326,1,0,0,0,0
41327,1,0,0,0,0
41328,1,0,0,0,0
41329,1,0,0,0,0
41330,1,0,0,0,0
41331,1,0,0,0,0
41332,1,0,0,0,0
41333,1,0,0,0,0
41334,1,0,0,0,0
41335,1,0,0,0,0
41336,1,0,0,0,0
41337,1,0,0,0,0
41338,1,0,0,0,0
41339,1,0,0,0,0
41340,1,0,0,0,0
41341,1,0,0,0,0
41342,1,0,0,0,0
41343,1,0,0,0,0
41344,1,0,0,0,0
41345,1,0,0,0,0
41346,1,0,0,0,0
41347,1,0,0,0,0
41348,1,0,0,0,0
41349,1,0,0,0,0
41350,1,0,0,0,0
41351,1,0,0,0,0
41352,1,0,0,0,0
41353,1,0,0,0,0
41354,1,0,0,0,0
41355,1,0,0,0,0
41356,1,0,0,0,0
41357,1,0,0,0,0
41358,1,0,0,0,0
41359,1,0,0,0,0
41360,1,0,0,0,0
41361,1,0,0,0,0
41362,1,0,0,0,0
41363,1,0,0,0,0
41364,1,0,0,0,0
41365,1,0,0,0,0
41366,1,0,0,0,0
41367,1,0,0,0,0
41368,1,0,0,0,0
41369,1,0,0,0,0
41370,1,0,0,0,0
41371,1,0,0,0,0
41372,1,0,0,0,0
41373,1,0,0,0,0
41374,1,0,0,0,0
41375,1,0,0,0,0
41376,1,0,0,0,0
41377,1,0,0,0,0
41378,1,0,0,0,0
41379,1,0,0,0,0
41380,1,0,0,0,0
41381,1,0,0,0,0
41382,1,0,0,0,0
41383,1,0,0,0,0
41384,1,0,0,0,0
41385,1,0,0,0,0
41386,1,0,0,0,0
41387,1,0,0,0,0
41388,1,0,0,0,0
41389,1,0,0,0,0
41390,1,0,0,0,0
41391,1,0,0,0,0
41392,1,0,0,0,0
41393,1,0,0,0,0
41394,1,0,0,0,0
41395,1,0,0,0,0
41396,1,0,0,0,0
41397,1,0,0,0,0
41398,1,0,0,0,0
41399,1,0,0,0,0
41400,1,0,0,0,0
41401,1,0,0,0,0
41402,1,0,0,0,0
41403,1,0,0,0,0
41404,1,0,0,0,0
41405,1,0,0,0,0
41406,1,0,0,0,0
41407,1,0,0,0,0
41408,1,0,0,0,0
41409,1,0,0,0,0
41410,1,0,0,0,0
41411,1,0,0,0,0
41412,1,0,0,0,0
41413,1,0,0,0,0
41414,1,0,0,0,0
41415,1,0,0,0,0
41416,1,0,0,0,0
41417,1,0,0,0,0
41418,1,0,0,0,0
41419,1,0,0,0,0
41420,1,0,0,0,0
41421,1,0,0,0,0
41422,1,0,0,0,0
41423,1,0,0,0,0
41424,1,0,0,0,0
41425,1,0,0,0,0
41426,1,0,0,0,0
41427,1,0,0,0,0
41428,1,0,0,0,0
41429,1,0,0,0,0
41430,1,0,0,0,0
41431,1,0,0,0,0
41432,1,0,0,0,0
41433,1,0,0,0,0
41434,1,0,0,0,0
41435,1,0,0,0,0
41436,1,0,0,0,0
41437,1,0,0,0,0
41438,1,0,0,0,0
41439,1,0,0,0,0
41440,1,0,0,0,0
41441,1,0,0,0,0
41442,1,0,0,0,0
41443,1,0,0,0,0
41444,1,0,0,0,0
41445,1,0,0,0,0
41446,1,0,0,0,0
41447,1,0,0,0,0
41448,1,0,0,0,0
41449,1,0,0,0,0
41450,1,0,0,0,0
41451,1,0,0,0,0
41452,1,0,0,0,0
41453,1,0,0,0,0
41454,1,0,0,0,0
41455,1,0,0,0,0
41456,1,0,0,0,0
41457,1,0,0,0,0
41458,1,0,0,0,0
41459,1,0,0,0,0
41460,1,0,0,0,0
41461,1,0,0,0,0
41462,1,0,0,0,0
41463,1,0,0,0,0
41464,1,0,0,0,0
41465,1,0,0,0,0
41466,1,0,0,0,0
41467,0,0,0,0,1
41468,0,0,0,0,1
41469,0,0,0,0,1
41470,0,0,0,0,1
41471,0,0,0,0,1
41472,0,0,0,0,1
41473,0,0,0,0,1
41474,0,0,0,0,1
41475,0,0,0,0,1
41476,0,0,0,0,1
41477,0,0,0,0,1
41478,0,0,0,0,1
41479,0,0,0,0,1
41480,0,0,0,0,1
41481,0,0,0,0,1
41482,0,0,0,0,1
41483,1,0,0,0,0
41484,1,0,0,0,0
41485,1,0,0,0,0
41486,1,0,0,0,0
41487,1,0,0,0,0
41488,1,0,0,0,0
41489,1,0,0,0,0
41490,1,0,0,0,0
41491,1,0,0,0,0
41492,1,0,0,0,0
41493,1,0,0,0,0
41494,1,0,0,0,0
41495,1,0,0,0,0
41496,1,0,0,0,0
41497,1,0,0,0,0
41498,1,0,0,0,0
41499,1,0,0,0,0
41500,1,0,0,0,0
41501,1,0,0,0,0
41502,1,0,0,0,0
41503,1,0,0,0,0
41504,0,0,0,0,1
41505,0,0,0,0,1
41506,0,0,0,0,1
41507,0,0,0,0,1
41508,0,0,0,0,1
41509,0,0,0,0,1
41510,0,0,0,0,1
41511,0,0,0,0,1
41512,0,0,0,0,1
41513,0,0,0,0,1
41514,0,0,0,0,1
41515,0,0,0,0,1
41516,0,0,0,0,1
41517,0,0,0,0,1
41518,0,0,0,0,1
41519,0,0,0,0,1
41520,0,0,0,0,1
41521,0,0,0,0,1
41522,0,0,0,0,1
41523,0,0,0,0,1
41524,0,0,0,0,1
41525,0,0,0,0,1
41526,0,0,0,0,1
41527,0,0,0,0,1
41528,0,0,0,0,1
41529,0,0,0,0,1
41530,0,0,0,0,1
41531,0,0,0,0,1
41532,0,0,0,0,1
41533,0,0,0,0,1
41534,0,0,0,0,1
41535,0,0,0,0,1
41536,0,0,0,0,1
41537,0,0,0,0,1
41538,0,0,0,0,1
41539,0,0,0,0,1
41540,0,0,0,0,1
41541,0,0,0,0,1
41542,0,0,0,0,1
41543,0,0,0,0,1
41544,0,0,0,0,1
41545,0,0,0,0,1
41546,0,0,0,0,1
41547,0,0,0,0,1
41548,0,0,0,0,1
41549,0,0,0,0,1
41550,0,0,0,0,1
41551,0,0,0,0,1
41552,0,0,0,0,1
41553,0,0,0,0,1
41554,0,0,0,0,1
41555,0,0,0,0,1
41556,0,0,0,0,1
41557,0,0,0,0,1
41558,0,0,0,0,1
41559,0,0,0,0,1
41560,0,0,0,0,1
41561,0,0,0,0,1
41562,0,0,0,0,1
41563,0,0,0,0,1
41564,0,0,0,0,1
41565,0,0,0,0,1
41566,0,0,0,0,1
41567,0,0,0,0,1
41568,0,0,0,0,1
41569,0,0,0,0,1
41570,0,0,0,0,1
41571,0,0,0,0,1
41572,0,0,0,0,1
41573,0,0,0,0,1
41574,0,0,0,0,1
41575,0,0,0,0,1
41576,0,0,0,0,1
41577,0,0,0,0,1
41578,0,0,0,0,1
41579,0,0,0,0,1
41580,0,0,0,0,1
41581,0,0,0,0,1
41582,0,0,0,0,1
41583,0,0,0,0,1
41584,0,0,0,0,1
41585,0,0,0,0,1
41586,0,0,0,0,1
41587,0,0,0,0,1
41588,0,0,0,0,1
41589,0,0,0,0,1
41590,0,0,0,0,1
41591,0,0,0,0,1
41592,0,0,0,0,1
41593,0,0,0,0,1
41594,0,0,0,0,1
41595,0,0,0,0,1
41596,0,0,0,0,1
41597,0,0,0,0,1
41598,0,0,0,0,1
41599,0,0,0,0,1
41600,0,0,0,0,1
41601,0,0,0,0,1
41602,0,0,0,0,1
41603,0,0,0,0,1
41604,0,0,0,0,1
41605,1,0,0,0,0
41606,1,0,0,0,0
41607,1,0,0,0,0
41608,1,0,0,0,0
41609,1,0,0,0,0
41610,1,0,0,0,0
41611,1,0,0,0,0
41612,1,0,0,0,0
41613,1,0,0,0,0
41614,1,0,0,0,0
41615,1,0,0,0,0
41616,1,0,0,0,0
41617,1,0,0,0,0
41618,1,0,0,0,0
41619,1,0,0,0,0
41620,1,0,0,0,0
41621,1,0,0,0,0
41622,1,0,0,0,0
41623,1,0,0,0,0
41624,1,0,0,0,0
41625,1,0,0,0,0
41626,1,0,0,0,0
41627,1,0,0,0,0
41628,1,0,0,0,0
41629,1,0,0,0,0
41630,1,0,0,0,0
41631,1,0,0,0,0
41632,1,0,0,0,0
41633,1,0,0,0,0
41634,1,0,0,0,0
41635,1,0,0,0,0
41636,1,0,0,0,0
41637,1,0,0,0,0
41638,1,0,0,0,0
41639,1,0,0,0,0
41640,1,0,0,0,0
41641,1,0,0,0,0
41642,1,0,0,0,0
41643,1,0,0,0,0
41644,1,0,0,0,0
41645,1,0,0,0,0
41646,1,0,0,0,0
41647,1,0,0,0,0
41648,1,0,0,0,0
41649,1,0,0,0,0
41650,1,0,0,0,0
41651,1,0,0,0,0
41652,1,0,0,0,0
41653,1,0,0,0,0
41654,1,0,0,0,0
41655,1,0,0,0,0
41656,1,0,0,0,0
41657,1,0,0,0,0
41658,1,0,0,0,0
41659,1,0,0,0,0
41660,1,0,0,0,0
41661,1,0,0,0,0
41662,1,0,0,0,0
41663,1,0,0,0,0
41664,1,0,0,0,0
41665,1,0,0,0,0
41666,1,0,0,0,0
41667,1,0,0,0,0
41668,1,0,0,0,0
41669,1,0,0,0,0
41670,1,0,0,0,0
41671,1,0,0,0,0
41672,1,0,0,0,0
41673,1,0,0,0,0
41674,1,0,0,0,0
41675,1,0,0,0,0
41676,1,0,0,0,0
41677,1,0,0,0,0
41678,1,0,0,0,0
41679,1,0,0,0,0
41680,1,0,0,0,0
41681,1,0,0,0,0
41682,1,0,0,0,0
41683,1,0,0,0,0
41684,1,0,0,0,0
41685,1,0,0,0,0
41686,1,0,0,0,0
41687,1,0,0,0,0
41688,1,0,0,0,0
41689,1,0,0,0,0
41690,1,0,0,0,0
41691,1,0,0,0,0
41692,1,0,0,0,0
41693,1,0,0,0,0
41694,1,0,0,0,0
41695,1,0,0,0,0
41696,1,0,0,0,0
41697,1,0,0,0,0
41698,1,0,0,0,0
41699,1,0,0,0,0
41700,1,0,0,0,0
41701,1,0,0,0,0
41702,1,0,0,0,0
41703,1,0,0,0,0
41704,1,0,0,0,0
41705,1,0,0,0,0
41706,1,0,0,0,0
41707,1,0,0,0,0
41708,1,0,0,0,0
41709,1,0,0,0,0
41710,1,0,0,0,0
41711,1,0,0,0,0
41712,1,0,0,0,0
41713,1,0,0,0,0
41714,1,0,0,0,0
41715,1,0,0,0,0
41716,1,0,0,0,0
41717,1,0,0,0,0
41718,1,0,0,0,0
41719,1,0,0,0,0
41720,1,0,0,0,0
41721,1,0,0,0,0
41722,1,0,0,0,0
41723,1,0,0,0,0
41724,1,0,0,0,0
41725,1,0,0,0,0
41726,1,0,0,0,0
41727,1,0,0,0,0
41728,1,0,0,0,0
41729,1,0,0,0,0
41730,1,0,0,0,0
41731,1,0,0,0,0
41732,0,1,0,0,0
41733,0,1,0,0,0
41734,0,1,0,0,0
41735,0,1,0,0,0
41736,0,1,0,0,0
41737,0,1,0,0,0
41738,0,1,0,0,0
41739,0,1,0,0,0
41740,0,1,0,0,0
41741,0,1,0,0,0
41742,0,1,0,0,0
41743,0,1,0,0,0
41744,0,1,0,0,0
41745,0,1,0,0,0
41746,0,1,0,0,0
41747,0,1,0,0,0
41748,0,1,0,0,0
41749,0,1,0,0,0
41750,0,1,0,0,0
41751,0,1,0,0,0
41752,0,1,0,0,0
41753,0,1,0,0,0
41754,0,1,0,0,0
41755,0,1,0,0,0
41756,0,1,0,0,0
41757,0,1,0,0,0
41758,0,1,0,0,0
41759,0,1,0,0,0
41760,0,1,0,0,0
41761,0,1,0,0,0
41762,0,1,0,0,0
41763,0,1,0,0,0
41764,0,1,0,0,0
41765,0,1,0,0,0
41766,0,1,0,0,0
41767,0,1,0,0,0
41768,0,1,0,0,0
41769,0,1,0,0,0
41770,0,1,0,0,0
41771,0,1,0,0,0
41772,0,1,0,0,0
41773,0,1,0,0,0
41774,0,1,0,0,0
41775,0,1,0,0,0
41776,0,1,0,0,0
41777,0,1,0,0,0
41778,0,1,0,0,0
41779,0,1,0,0,0
41780,0,1,0,0,0
41781,0,1,0,0,0
41782,0,1,0,0,0
41783,0,1,0,0,0
41784,0,1,0,0,0
41785,0,1,0,0,0
41786,0,1,0,0,0
41787,0,1,0,0,0
41788,0,1,0,0,0
41789,0,1,0,0,0
41790,0,1,0,0,0
41791,0,1,0,0,0
41792,0,1,0,0,0
41793,0,1,0,0,0
41794,1,0,0,0,0
41795,1,0,0,0,0
41796,1,0,0,0,0
41797,1,0,0,0,0
41798,1,0,0,0,0
41799,1,0,0,0,0
41800,1,0,0,0,0
41801,1,0,0,0,0
41802,1,0,0,0,0
41803,1,0,0,0,0
41804,1,0,0,0,0
41805,1,0,0,0,0
41806,1,0,0,0,0
41807,1,0,0,0,0
41808,1,0,0,0,0
41809,1,0,0,0,0
41810,1,0,0,0,0
41811,1,0,0,0,0
41812,1,0,0,0,0
41813,1,0,0,0,0
41814,1,0,0,0,0
41815,1,0,0,0,0
41816,1,0,0,0,0
41817,1,0,0,0,0
41818,1,0,0,0,0
41819,1,0,0,0,0
41820,1,0,0,0,0
41821,1,0,0,0,0
41822,1,0,0,0,0
41823,1,0,0,0,0
41824,1,0,0,0,0
41825,1,0,0,0,0
41826,1,0,0,0,0
41827,1,0,0,0,0
41828,1,0,0,0,0
41829,1,0,0,0,0
41830,1,0,0,0,0
41831,1,0,0,0,0
41832,1,0,0,0,0
41833,1,0,0,0,0
41834,1,0,0,0,0
41835,1,0,0,0,0
41836,1,0,0,0,0
41837,1,0,0,0,0
41838,1,0,0,0,0
41839,1,0,0,0,0
41840,1,0,0,0,0
41841,1,0,0,0,0
41842,1,0,0,0,0
41843,1,0,0,0,0
41844,1,0,0,0,0
41845,1,0,0,0,0
41846,1,0,0,0,0
41847,1,0,0,0,0
41848,1,0,0,0,0
41849,1,0,0,0,0
41850,1,0,0,0,0
41851,1,0,0,0,0
41852,1,0,0,0,0
41853,1,0,0,0,0
41854,1,0,0,0,0
41855,1,0,0,0,0
41856,1,0,0,0,0
41857,1,0,0,0,0
41858,1,0,0,0,0
41859,1,0,0,0,0
41860,1,0,0,0,0
41861,1,0,0,0,0
41862,1,0,0,0,0
41863,1,0,0,0,0
41864,1,0,0,0,0
41865,1,0,0,0,0
41866,1,0,0,0,0
41867,1,0,0,0,0
41868,1,0,0,0,0
41869,1,0,0,0,0
41870,1,0,0,0,0
41871,1,0,0,0,0
41872,1,0,0,0,0
41873,1,0,0,0,0
41874,1,0,0,0,0
41875,1,0,0,0,0
41876,1,0,0,0,0
41877,1,0,0,0,0
41878,1,0,0,0,0
41879,0,1,0,0,0
41880,0,1,0,0,0
41881,0,1,0,0,0
41882,0,1,0,0,0
41883,0,1,0,0,0
41884,0,1,0,0,0
41885,0,1,0,0,0
41886,0,1,0,0,0
41887,0,1,0,0,0
41888,0,1,0,0,0
41889,0,1,0,0,0
41890,0,1,0,0,0
41891,0,1,0,0,0
41892,0,1,0,0,0
41893,0,1,0,0,0
41894,0,1,0,0,0
41895,0,1,0,0,0
41896,0,1,0,0,0
41897,0,1,0,0,0
41898,0,1,0,0,0
41899,0,1,0,0,0
41900,0,1,0,0,0
41901,0,1,0,0,0
41902,0,1,0,0,0
41903,0,1,0,0,0
41904,0,1,0,0,0
41905,0,1,0,0,0
41906,0,1,0,0,0
41907,0,1,0,0,0
41908,0,1,0,0,0
41909,0,1,0,0,0
41910,0,1,0,0,0
41911,0,1,0,0,0
41912,0,1,0,0,0
41913,0,1,0,0,0
41914,0,1,0,0,0
41915,0,1,0,0,0
41916,0,1,0,0,0
41917,0,1,0,0,0
41918,0,1,0,0,0
41919,0,1,0,0,0
41920,0,1,0,0,0
41921,0,1,0,0,0
41922,0,1,0,0,0
41923,0,1,0,0,0
41924,0,1,0,0,0
41925,0,1,0,0,0
41926,0,1,0,0,0
41927,0,1,0,0,0
41928,0,1,0,0,0
41929,0,1,0,0,0
41930,0,1,0,0,0
41931,0,1,0,0,0
41932,1,0,0,0,0
41933,1,0,0,0,0
41934,1,0,0,0,0
41935,1,0,0,0,0
41936,1,0,0,0,0
41937,1,0,0,0,0
41938,1,0,0,0,0
41939,1,0,0,0,0
41940,1,0,0,0,0
41941,1,0,0,0,0
41942,1,0,0,0,0
41943,1,0,0,0,0
41944,1,0,0,0,0
41945,1,0,0,0,0
41946,1,0,0,0,0
41947,1,0,0,0,0
41948,1,0,0,0,0
41949,1,0,0,0,0
41950,1,0,0,0,0
41951,1,0,0,0,0
41952,1,0,0,0,0
41953,1,0,0,0,0
41954,1,0,0,0,0
41955,1,0,0,0,0
41956,1,0,0,0,0
41957,1,0,0,0,0
41958,1,0,0,0,0
41959,1,0,0,0,0
41960,1,0,0,0,0
41961,1,0,0,0,0
41962,1,0,0,0,0
41963,1,0,0,0,0
41964,1,0,0,0,0
41965,1,0,0,0,0
41966,1,0,0,0,0
41967,1,0,0,0,0
41968,1,0,0,0,0
41969,1,0,0,0,0
41970,1,0,0,0,0
41971,1,0,0,0,0
41972,1,0,0,0,0
41973,1,0,0,0,0
41974,1,0,0,0,0
41975,1,0,0,0,0
41976,1,0,0,0,0
41977,1,0,0,0,0
41978,1,0,0,0,0
41979,1,0,0,0,0
41980,1,0,0,0,0
41981,1,0,0,0,0
41982,1,0,0,0,0
41983,1,0,0,0,0
41984,1,0,0,0,0
41985,1,0,0,0,0
41986,1,0,0,0,0
41987,1,0,0,0,0
41988,1,0,0,0,0
41989,1,0,0,0,0
41990,1,0,0,0,0
41991,1,0,0,0,0
41992,1,0,0,0,0
41993,1,0,0,0,0
41994,1,0,0,0,0
41995,1,0,0,0,0
41996,1,0,0,0,0
41997,1,0,0,0,0
41998,1,0,0,0,0
41999,1,0,0,0,0
42000,1,0,0,0,0
42001,1,0,0,0,0
42002,1,0,0,0,0
42003,1,0,0,0,0
42004,1,0,0,0,0
42005,1,0,0,0,0
42006,1,0,0,0,0
42007,1,0,0,0,0
42008,1,0,0,0,0
42009,1,0,0,0,0
42010,1,0,0,0,0
42011,1,0,0,0,0
42012,1,0,0,0,0
42013,1,0,0,0,0
42014,1,0,0,0,0
42015,1,0,0,0,0
42016,1,0,0,0,0
42017,1,0,0,0,0
42018,1,0,0,0,0
42019,1,0,0,0,0
42020,1,0,0,0,0
42021,1,0,0,0,0
42022,1,0,0,0,0
42023,1,0,0,0,0
42024,1,0,0,0,0
42025,1,0,0,0,0
42026,1,0,0,0,0
42027,1,0,0,0,0
42028,1,0,0,0,0
42029,1,0,0,0,0
42030,1,0,0,0,0
42031,1,0,0,0,0
42032,1,0,0,0,0
42033,1,0,0,0,0
42034,1,0,0,0,0
42035,1,0,0,0,0
42036,1,0,0,0,0
42037,1,0,0,0,0
42038,1,0,0,0,0
42039,1,0,0,0,0
42040,1,0,0,0,0
42041,1,0,0,0,0
42042,1,0,0,0,0
42043,1,0,0,0,0
42044,1,0,0,0,0
42045,1,0,0,0,0
42046,1,0,0,0,0
42047,1,0,0,0,0
42048,1,0,0,0,0
42049,1,0,0,0,0
42050,1,0,0,0,0
42051,1,0,0,0,0
42052,1,0,0,0,0
42053,1,0,0,0,0
42054,1,0,0,0,0
42055,1,0,0,0,0
42056,1,0,0,0,0
42057,1,0,0,0,0
42058,1,0,0,0,0
42059,1,0,0,0,0
42060,1,0,0,0,0
42061,1,0,0,0,0
42062,1,0,0,0,0
42063,1,0,0,0,0
42064,1,0,0,0,0
42065,1,0,0,0,0
42066,1,0,0,0,0
42067,1,0,0,0,0
42068,1,0,0,0,0
42069,1,0,0,0,0
42070,1,0,0,0,0
42071,1,0,0,0,0
42072,1,0,0,0,0
42073,1,0,0,0,0
42074,1,0,0,0,0
42075,1,0,0,0,0
42076,1,0,0,0,0
42077,1,0,0,0,0
42078,1,0,0,0,0
42079,1,0,0,0,0
42080,1,0,0,0,0
42081,1,0,0,0,0
42082,1,0,0,0,0
42083,1,0,0,0,0
42084,1,0,0,0,0
42085,1,0,0,0,0
42086,1,0,0,0,0
42087,1,0,0,0,0
42088,1,0,0,0,0
42089,1,0,0,0,0
42090,1,0,0,0,0
42091,1,0,0,0,0
42092,1,0,0,0,0
42093,1,0,0,0,0
42094,1,0,0,0,0
42095,1,0,0,0,0
42096,1,0,0,0,0
42097,1,0,0,0,0
42098,1,0,0,0,0
42099,1,0,0,0,0
42100,1,0,0,0,0
42101,1,0,0,0,0
42102,1,0,0,0,0
42103,1,0,0,0,0
42104,1,0,0,0,0
42105,1,0,0,0,0
42106,1,0,0,0,0
42107,1,0,0,0,0
42108,1,0,0,0,0
42109,1,0,0,0,0
42110,1,0,0,0,0
42111,1,0,0,0,0
42112,1,0,0,0,0
42113,1,0,0,0,0
42114,1,0,0,0,0
42115,1,0,0,0,0
42116,1,0,0,0,0
42117,1,0,0,0,0
42118,1,0,0,0,0
42119,1,0,0,0,0
42120,1,0,0,0,0
42121,1,0,0,0,0
42122,1,0,0,0,0
42123,1,0,0,0,0
42124,1,0,0,0,0
42125,1,0,0,0,0
42126,1,0,0,0,0
42127,1,0,0,0,0
42128,1,0,0,0,0
42129,1,0,0,0,0
42130,1,0,0,0,0
42131,1,0,0,0,0
42132,1,0,0,0,0
42133,1,0,0,0,0
42134,1,0,0,0,0
42135,1,0,0,0,0
42136,1,0,0,0,0
42137,1,0,0,0,0
42138,1,0,0,0,0
42139,1,0,0,0,0
42140,1,0,0,0,0
42141,1,0,0,0,0
42142,1,0,0,0,0
42143,1,0,0,0,0
42144,1,0,0,0,0
42145,1,0,0,0,0
42146,1,0,0,0,0
42147,1,0,0,0,0
42148,1,0,0,0,0
42149,1,0,0,0,0
42150,1,0,0,0,0
42151,1,0,0,0,0
42152,1,0,0,0,0
42153,1,0,0,0,0
42154,1,0,0,0,0
42155,1,0,0,0,0
42156,1,0,0,0,0
42157,1,0,0,0,0
42158,1,0,0,0,0
42159,1,0,0,0,0
42160,1,0,0,0,0
42161,1,0,0,0,0
42162,1,0,0,0,0
42163,1,0,0,0,0
42164,1,0,0,0,0
42165,1,0,0,0,0
42166,1,0,0,0,0
42167,1,0,0,0,0
42168,1,0,0,0,0
42169,1,0,0,0,0
42170,1,0,0,0,0
42171,1,0,0,0,0
42172,1,0,0,0,0
42173,1,0,0,0,0
42174,1,0,0,0,0
42175,1,0,0,0,0
42176,1,0,0,0,0
42177,1,0,0,0,0
42178,1,0,0,0,0
42179,1,0,0,0,0
42180,1,0,0,0,0
42181,1,0,0,0,0
42182,1,0,0,0,0
42183,1,0,0,0,0
42184,1,0,0,0,0
42185,0,0,0,0,1
42186,0,0,0,0,1
42187,0,0,0,0,1
42188,0,0,0,0,1
42189,0,0,0,0,1
42190,0,0,0,0,1
42191,0,0,0,0,1
42192,0,0,0,0,1
42193,0,0,0,0,1
42194,0,0,0,0,1
42195,0,0,0,0,1
42196,0,0,0,0,1
42197,0,0,0,0,1
42198,0,0,0,0,1
42199,0,0,0,0,1
42200,0,0,0,0,1
42201,0,0,0,0,1
42202,0,0,0,0,1
42203,0,0,0,0,1
42204,0,0,0,0,1
42205,0,0,0,0,1
42206,0,0,0,0,1
42207,0,0,0,0,1
42208,0,0,0,0,1
42209,0,0,0,0,1
42210,0,0,0,0,1
42211,0,0,0,0,1
42212,0,0,0,0,1
42213,0,0,0,0,1
42214,0,0,0,0,1
42215,0,0,0,0,1
42216,0,0,0,0,1
42217,0,0,0,0,1
42218,0,0,0,0,1
42219,0,0,0,0,1
42220,0,0,0,0,1
42221,0,0,0,0,1
42222,0,0,0,0,1
42223,0,0,0,0,1
42224,0,0,0,0,1
42225,0,0,0,0,1
42226,0,0,0,0,1
42227,0,0,0,0,1
42228,0,0,0,0,1
42229,0,0,0,0,1
42230,0,0,0,0,1
42231,0,0,0,0,1
42232,0,0,0,0,1
42233,0,0,0,0,1
42234,0,0,0,0,1
42235,0,0,0,0,1
42236,0,0,0,0,1
42237,0,0,0,0,1
42238,0,0,0,0,1
42239,0,0,0,0,1
42240,0,0,0,0,1
42241,0,0,0,0,1
42242,1,0,0,0,0
42243,1,0,0,0,0
42244,1,0,0,0,0
42245,1,0,0,0,0
42246,1,0,0,0,0
42247,1,0,0,0,0
42248,1,0,0,0,0
42249,1,0,0,0,0
42250,1,0,0,0,0
42251,1,0,0,0,0
42252,1,0,0,0,0
42253,1,0,0,0,0
42254,1,0,0,0,0
42255,1,0,0,0,0
42256,1,0,0,0,0
42257,1,0,0,0,0
42258,1,0,0,0,0
42259,1,0,0,0,0
42260,1,0,0,0,0
42261,1,0,0,0,0
42262,1,0,0,0,0
42263,1,0,0,0,0
42264,1,0,0,0,0
42265,1,0,0,0,0
42266,1,0,0,0,0
42267,1,0,0,0,0
42268,1,0,0,0,0
42269,1,0,0,0,0
42270,1,0,0,0,0
42271,1,0,0,0,0
42272,1,0,0,0,0
42273,1,0,0,0,0
42274,1,0,0,0,0
42275,1,0,0,0,0
42276,1,0,0,0,0
42277,1,0,0,0,0
42278,1,0,0,0,0
42279,1,0,0,0,0
42280,1,0,0,0,0
42281,1,0,0,0,0
42282,1,0,0,0,0
42283,1,0,0,0,0
42284,1,0,0,0,0
42285,1,0,0,0,0
42286,1,0,0,0,0
42287,1,0,0,0,0
42288,1,0,0,0,0
42289,1,0,0,0,0
42290,1,0,0,0,0
42291,1,0,0,0,0
42292,1,0,0,0,0
42293,1,0,0,0,0
42294,1,0,0,0,0
42295,1,0,0,0,0
42296,1,0,0,0,0
42297,1,0,0,0,0
42298,1,0,0,0,0
42299,1,0,0,0,0
42300,1,0,0,0,0
42301,1,0,0,0,0
42302,1,0,0,0,0
42303,1,0,0,0,0
42304,1,0,0,0,0
42305,1,0,0,0,0
42306,1,0,0,0,0
42307,1,0,0,0,0
42308,1,0,0,0,0
42309,1,0,0,0,0
42310,1,0,0,0,0
42311,1,0,0,0,0
42312,1,0,0,0,0
42313,1,0,0,0,0
42314,1,0,0,0,0
42315,1,0,0,0,0
42316,1,0,0,0,0
42317,1,0,0,0,0
42318,1,0,0,0,0
42319,1,0,0,0,0
42320,1,0,0,0,0
42321,1,0,0,0,0
42322,1,0,0,0,0
42323,1,0,0,0,0
42324,1,0,0,0,0
42325,1,0,0,0,0
42326,1,0,0,0,0
42327,1,0,0,0,0
42328,1,0,0,0,0
42329,1,0,0,0,0
42330,1,0,0,0,0
42331,1,0,0,0,0
42332,1,0,0,0,0
42333,1,0,0,0,0
42334,1,0,0,0,0
42335,1,0,0,0,0
42336,1,0,0,0,0
42337,1,0,0,0,0
42338,1,0,0,0,0
42339,1,0,0,0,0
42340,1,0,0,0,0
42341,1,0,0,0,0
42342,1,0,0,0,0
42343,1,0,0,0,0
42344,1,0,0,0,0
42345,1,0,0,0,0
42346,1,0,0,0,0
42347,1,0,0,0,0
42348,1,0,0,0,0
42349,1,0,0,0,0
42350,1,0,0,0,0
42351,1,0,0,0,0
42352,1,0,0,0,0
42353,1,0,0,0,0
42354,1,0,0,0,0
42355,1,0,0,0,0
42356,1,0,0,0,0
42357,1,0,0,0,0
42358,1,0,0,0,0
42359,1,0,0,0,0
42360,1,0,0,0,0
42361,1,0,0,0,0
42362,1,0,0,0,0
42363,1,0,0,0,0
42364,1,0,0,0,0
42365,1,0,0,0,0
42366,1,0,0,0,0
42367,1,0,0,0,0
42368,1,0,0,0,0
42369,1,0,0,0,0
42370,1,0,0,0,0
42371,1,0,0,0,0
42372,1,0,0,0,0
42373,1,0,0,0,0
42374,1,0,0,0,0
42375,1,0,0,0,0
42376,1,0,0,0,0
42377,1,0,0,0,0
42378,1,0,0,0,0
42379,1,0,0,0,0
42380,1,0,0,0,0
42381,1,0,0,0,0
42382,1,0,0,0,0
42383,1,0,0,0,0
42384,1,0,0,0,0
42385,1,0,0,0,0
42386,1,0,0,0,0
42387,1,0,0,0,0
42388,1,0,0,0,0
42389,1,0,0,0,0
42390,1,0,0,0,0
42391,1,0,0,0,0
42392,1,0,0,0,0
42393,1,0,0,0,0
42394,1,0,0,0,0
42395,1,0,0,0,0
42396,1,0,0,0,0
42397,1,0,0,0,0
42398,1,0,0,0,0
42399,1,0,0,0,0
42400,1,0,0,0,0
42401,1,0,0,0,0
42402,1,0,0,0,0
42403,1,0,0,0,0
42404,1,0,0,0,0
42405,1,0,0,0,0
42406,1,0,0,0,0
42407,1,0,0,0,0
42408,1,0,0,0,0
42409,1,0,0,0,0
42410,1,0,0,0,0
42411,1,0,0,0,0
42412,1,0,0,0,0
42413,1,0,0,0,0
42414,1,0,0,0,0
42415,1,0,0,0,0
42416,1,0,0,0,0
42417,1,0,0,0,0
42418,1,0,0,0,0
42419,1,0,0,0,0
42420,1,0,0,0,0
42421,1,0,0,0,0
42422,1,0,0,0,0
42423,1,0,0,0,0
42424,1,0,0,0,0
42425,1,0,0,0,0
42426,1,0,0,0,0
42427,1,0,0,0,0
42428,1,0,0,0,0
42429,1,0,0,0,0
42430,1,0,0,0,0
42431,1,0,0,0,0
42432,1,0,0,0,0
42433,1,0,0,0,0
42434,1,0,0,0,0
42435,1,0,0,0,0
42436,1,0,0,0,0
42437,1,0,0,0,0
42438,1,0,0,0,0
42439,1,0,0,0,0
42440,1,0,0,0,0
42441,1,0,0,0,0
42442,1,0,0,0,0
42443,1,0,0,0,0
42444,1,0,0,0,0
42445,1,0,0,0,0
42446,1,0,0,0,0
42447,1,0,0,0,0
42448,1,0,0,0,0
42449,1,0,0,0,0
42450,1,0,0,0,0
42451,1,0,0,0,0
42452,1,0,0,0,0
42453,1,0,0,0,0
42454,1,0,0,0,0
42455,1,0,0,0,0
42456,1,0,0,0,0
42457,1,0,0,0,0
42458,1,0,0,0,0
42459,1,0,0,0,0
42460,1,0,0,0,0
42461,1,0,0,0,0
42462,1,0,0,0,0
42463,1,0,0,0,0
42464,1,0,0,0,0
42465,1,0,0,0,0
42466,1,0,0,0,0
42467,1,0,0,0,0
42468,1,0,0,0,0
42469,1,0,0,0,0
42470,1,0,0,0,0
42471,1,0,0,0,0
42472,1,0,0,0,0
42473,1,0,0,0,0
42474,1,0,0,0,0
42475,1,0,0,0,0
42476,1,0,0,0,0
42477,1,0,0,0,0
42478,1,0,0,0,0
42479,1,0,0,0,0
42480,1,0,0,0,0
42481,1,0,0,0,0
42482,1,0,0,0,0
42483,1,0,0,0,0
42484,1,0,0,0,0
42485,1,0,0,0,0
42486,1,0,0,0,0
42487,1,0,0,0,0
42488,1,0,0,0,0
42489,1,0,0,0,0
42490,1,0,0,0,0
42491,1,0,0,0,0
42492,1,0,0,0,0
42493,1,0,0,0,0
42494,1,0,0,0,0
42495,1,0,0,0,0
42496,1,0,0,0,0
42497,1,0,0,0,0
42498,1,0,0,0,0
42499,1,0,0,0,0
42500,1,0,0,0,0
42501,1,0,0,0,0
42502,1,0,0,0,0
42503,1,0,0,0,0
42504,1,0,0,0,0
42505,1,0,0,0,0
42506,1,0,0,0,0
42507,1,0,0,0,0
42508,1,0,0,0,0
42509,1,0,0,0,0
42510,1,0,0,0,0
42511,1,0,0,0,0
42512,1,0,0,0,0
42513,1,0,0,0,0
42514,1,0,0,0,0
42515,1,0,0,0,0
42516,1,0,0,0,0
42517,1,0,0,0,0
42518,1,0,0,0,0
42519,1,0,0,0,0
42520,1,0,0,0,0
42521,1,0,0,0,0
42522,1,0,0,0,0
42523,1,0,0,0,0
42524,1,0,0,0,0
42525,1,0,0,0,0
42526,1,0,0,0,0
42527,1,0,0,0,0
42528,1,0,0,0,0
42529,1,0,0,0,0
42530,1,0,0,0,0
42531,1,0,0,0,0
42532,1,0,0,0,0
42533,1,0,0,0,0
42534,1,0,0,0,0
42535,1,0,0,0,0
42536,1,0,0,0,0
42537,1,0,0,0,0
42538,1,0,0,0,0
42539,1,0,0,0,0
42540,1,0,0,0,0
42541,1,0,0,0,0
42542,1,0,0,0,0
42543,1,0,0,0,0
42544,1,0,0,0,0
42545,1,0,0,0,0
42546,1,0,0,0,0
42547,1,0,0,0,0
42548,1,0,0,0,0
42549,1,0,0,0,0
42550,1,0,0,0,0
42551,1,0,0,0,0
42552,1,0,0,0,0
42553,1,0,0,0,0
42554,1,0,0,0,0
42555,0,0,0,0,1
42556,0,0,0,0,1
42557,0,0,0,0,1
42558,0,0,0,0,1
42559,0,0,0,0,1
42560,0,0,0,0,1
42561,0,0,0,0,1
42562,0,0,0,0,1
42563,0,0,0,0,1
42564,0,0,0,0,1
42565,0,0,0,0,1
42566,0,0,0,0,1
42567,0,0,0,0,1
42568,0,0,0,0,1
42569,0,0,0,0,1
42570,0,0,0,0,1
42571,0,0,0,0,1
42572,0,0,0,0,1
42573,0,0,0,0,1
42574,0,0,0,0,1
42575,0,0,0,0,1
42576,0,0,0,0,1
42577,0,0,0,0,1
42578,0,0,0,0,1
42579,0,0,0,0,1
42580,0,0,0,0,1
42581,0,0,0,0,1
42582,0,0,0,0,1
42583,0,0,0,0,1
42584,0,0,0,0,1
42585,0,0,0,0,1
42586,0,0,0,0,1
42587,0,0,0,0,1
42588,0,0,0,0,1
42589,0,0,0,0,1
42590,0,0,0,0,1
42591,0,0,0,0,1
42592,0,0,0,0,1
42593,0,0,0,0,1
42594,0,0,0,0,1
42595,0,0,0,0,1
42596,0,0,0,0,1
42597,0,0,0,0,1
42598,0,0,0,0,1
42599,0,0,0,0,1
42600,0,0,0,0,1
42601,0,0,0,0,1
42602,0,0,0,0,1
42603,0,0,0,0,1
42604,0,0,0,0,1
42605,0,0,0,0,1
42606,0,0,0,0,1
42607,0,0,0,0,1
42608,0,0,0,0,1
42609,0,0,0,0,1
42610,0,0,0,0,1
42611,0,0,0,0,1
42612,0,0,0,0,1
42613,0,0,0,0,1
42614,0,0,0,0,1
42615,0,0,0,0,1
42616,0,0,0,0,1
42617,0,0,0,0,1
42618,0,0,0,0,1
42619,0,0,0,0,1
42620,0,0,0,0,1
42621,0,0,0,0,1
42622,0,0,0,0,1
42623,1,0,0,0,0
42624,1,0,0,0,0
42625,1,0,0,0,0
42626,1,0,0,0,0
42627,1,0,0,0,0
42628,1,0,0,0,0
42629,1,0,0,0,0
42630,1,0,0,0,0
42631,1,0,0,0,0
42632,1,0,0,0,0
42633,1,0,0,0,0
42634,1,0,0,0,0
42635,1,0,0,0,0
42636,1,0,0,0,0
42637,1,0,0,0,0
42638,1,0,0,0,0
42639,1,0,0,0,0
42640,1,0,0,0,0
42641,1,0,0,0,0
42642,1,0,0,0,0
42643,1,0,0,0,0
42644,1,0,0,0,0
42645,1,0,0,0,0
42646,1,0,0,0,0
42647,1,0,0,0,0
42648,1,0,0,0,0
42649,1,0,0,0,0
42650,1,0,0,0,0
42651,1,0,0,0,0
42652,1,0,0,0,0
42653,1,0,0,0,0
42654,1,0,0,0,0
42655,1,0,0,0,0
42656,1,0,0,0,0
42657,1,0,0,0,0
42658,1,0,0,0,0
42659,1,0,0,0,0
42660,1,0,0,0,0
42661,1,0,0,0,0
42662,1,0,0,0,0
42663,1,0,0,0,0
42664,1,0,0,0,0
42665,1,0,0,0,0
42666,1,0,0,0,0
42667,0,0,0,0,1
42668,0,0,0,0,1
42669,0,0,0,0,1
42670,0,0,0,0,1
42671,0,0,0,0,1
42672,0,0,0,0,1
42673,0,0,0,0,1
42674,0,0,0,0,1
42675,0,0,0,0,1
42676,0,0,0,0,1
42677,0,0,0,0,1
42678,0,0,0,0,1
42679,0,0,0,0,1
42680,0,0,0,0,1
42681,0,0,0,0,1
42682,0,0,0,0,1
42683,0,0,0,0,1
42684,0,0,0,0,1
42685,0,0,0,0,1
42686,0,0,0,0,1
42687,0,0,0,0,1
42688,0,0,0,0,1
42689,0,0,0,0,1
42690,0,0,0,0,1
42691,0,0,0,0,1
42692,0,0,0,0,1
42693,0,0,0,0,1
42694,0,0,0,0,1
42695,0,0,0,0,1
42696,0,0,0,0,1
42697,0,0,0,0,1
42698,0,0,0,0,1
42699,0,0,0,0,1
42700,0,0,0,0,1
42701,0,0,0,0,1
42702,0,0,0,0,1
42703,0,0,0,0,1
42704,0,0,0,0,1
42705,0,0,0,0,1
42706,0,0,0,0,1
42707,0,0,0,0,1
42708,0,0,0,0,1
42709,0,0,0,0,1
42710,0,0,0,0,1
42711,0,0,0,0,1
42712,0,0,0,0,1
42713,0,0,0,0,1
42714,1,0,0,0,0
42715,1,0,0,0,0
42716,1,0,0,0,0
42717,1,0,0,0,0
42718,1,0,0,0,0
42719,1,0,0,0,0
42720,1,0,0,0,0
42721,1,0,0,0,0
42722,1,0,0,0,0
42723,1,0,0,0,0
42724,1,0,0,0,0
42725,1,0,0,0,0
42726,1,0,0,0,0
42727,1,0,0,0,0
42728,1,0,0,0,0
42729,1,0,0,0,0
42730,1,0,0,0,0
42731,1,0,0,0,0
42732,1,0,0,0,0
42733,1,0,0,0,0
42734,1,0,0,0,0
42735,1,0,0,0,0
42736,1,0,0,0,0
42737,1,0,0,0,0
42738,1,0,0,0,0
42739,1,0,0,0,0
42740,1,0,0,0,0
42741,1,0,0,0,0
42742,1,0,0,0,0
42743,1,0,0,0,0
42744,1,0,0,0,0
42745,1,0,0,0,0
42746,1,0,0,0,0
42747,1,0,0,0,0
42748,1,0,0,0,0
42749,1,0,0,0,0
42750,1,0,0,0,0
42751,1,0,0,0,0
42752,1,0,0,0,0
42753,1,0,0,0,0
42754,1,0,0,0,0
42755,1,0,0,0,0
42756,1,0,0,0,0
42757,1,0,0,0,0
42758,1,0,0,0,0
42759,1,0,0,0,0
42760,1,0,0,0,0
42761,1,0,0,0,0
42762,1,0,0,0,0
42763,1,0,0,0,0
42764,1,0,0,0,0
42765,1,0,0,0,0
42766,1,0,0,0,0
42767,1,0,0,0,0
42768,1,0,0,0,0
42769,1,0,0,0,0
42770,1,0,0,0,0
42771,1,0,0,0,0
42772,1,0,0,0,0
42773,1,0,0,0,0
42774,1,0,0,0,0
42775,1,0,0,0,0
42776,1,0,0,0,0
42777,1,0,0,0,0
42778,1,0,0,0,0
42779,1,0,0,0,0
42780,1,0,0,0,0
42781,1,0,0,0,0
42782,1,0,0,0,0
42783,1,0,0,0,0
42784,1,0,0,0,0
42785,1,0,0,0,0
42786,1,0,0,0,0
42787,1,0,0,0,0
42788,1,0,0,0,0
42789,1,0,0,0,0
42790,1,0,0,0,0
42791,1,0,0,0,0
42792,1,0,0,0,0
42793,1,0,0,0,0
42794,1,0,0,0,0
42795,1,0,0,0,0
42796,1,0,0,0,0
42797,1,0,0,0,0
42798,1,0,0,0,0
42799,1,0,0,0,0
42800,1,0,0,0,0
42801,1,0,0,0,0
42802,1,0,0,0,0
42803,1,0,0,0,0
42804,1,0,0,0,0
42805,1,0,0,0,0
42806,1,0,0,0,0
42807,1,0,0,0,0
42808,1,0,0,0,0
42809,1,0,0,0,0
42810,1,0,0,0,0
42811,1,0,0,0,0
42812,1,0,0,0,0
42813,1,0,0,0,0
42814,1,0,0,0,0
42815,1,0,0,0,0
42816,1,0,0,0,0
42817,1,0,0,0,0
42818,1,0,0,0,0
42819,1,0,0,0,0
42820,1,0,0,0,0
42821,1,0,0,0,0
42822,1,0,0,0,0
42823,1,0,0,0,0
42824,1,0,0,0,0
42825,1,0,0,0,0
42826,1,0,0,0,0
42827,0,0,0,0,1
42828,0,0,0,0,1
42829,0,0,0,0,1
42830,0,0,0,0,1
42831,0,0,0,0,1
42832,0,0,0,0,1
42833,0,0,0,0,1
42834,0,0,0,0,1
42835,0,0,0,0,1
42836,0,0,0,0,1
42837,0,0,0,0,1
42838,0,0,0,0,1
42839,0,0,0,0,1
42840,0,0,0,0,1
42841,0,0,0,0,1
42842,0,0,0,0,1
42843,0,0,0,0,1
42844,0,0,0,0,1
42845,0,0,0,0,1
42846,0,0,0,0,1
42847,0,0,0,0,1
42848,0,0,0,0,1
42849,0,0,0,0,1
42850,0,0,0,0,1
42851,0,0,0,0,1
42852,0,0,0,0,1
42853,0,0,0,0,1
42854,0,0,0,0,1
42855,0,0,0,0,1
42856,0,0,0,0,1
42857,0,0,0,0,1
42858,0,0,0,0,1
42859,0,0,0,0,1
42860,0,0,0,0,1
42861,0,0,0,0,1
42862,0,0,0,0,1
42863,0,0,0,0,1
42864,0,0,0,0,1
42865,0,0,0,0,1
42866,0,0,0,0,1
42867,0,0,0,0,1
42868,0,0,0,0,1
42869,0,0,0,0,1
42870,0,0,0,0,1
42871,0,0,0,0,1
42872,0,0,0,0,1
42873,0,0,0,0,1
42874,0,0,0,0,1
42875,0,0,0,0,1
42876,0,0,0,0,1
42877,0,0,0,0,1
42878,0,0,0,0,1
42879,0,0,0,0,1
42880,0,0,0,0,1
42881,0,0,0,0,1
42882,0,0,0,0,1
42883,0,0,0,0,1
42884,0,0,0,0,1
42885,0,0,0,0,1
42886,0,0,0,0,1
42887,0,0,0,0,1
42888,0,0,0,0,1
42889,0,0,0,0,1
42890,0,0,0,0,1
42891,0,0,0,0,1
42892,1,0,0,0,0
42893,1,0,0,0,0
42894,1,0,0,0,0
42895,1,0,0,0,0
42896,1,0,0,0,0
42897,1,0,0,0,0
42898,1,0,0,0,0
42899,1,0,0,0,0
42900,1,0,0,0,0
42901,1,0,0,0,0
42902,1,0,0,0,0
42903,1,0,0,0,0
42904,1,0,0,0,0
42905,1,0,0,0,0
42906,1,0,0,0,0
42907,1,0,0,0,0
42908,1,0,0,0,0
42909,1,0,0,0,0
42910,1,0,0,0,0
42911,0,0,0,0,1
42912,0,0,0,0,1
42913,0,0,0,0,1
42914,0,0,0,0,1
42915,0,0,0,0,1
42916,0,0,0,0,1
42917,0,0,0,0,1
42918,0,0,0,0,1
42919,0,0,0,0,1
42920,0,0,0,0,1
42921,0,0,0,0,1
42922,0,0,0,0,1
42923,0,0,0,0,1
42924,0,0,0,0,1
42925,0,0,0,0,1
42926,0,0,0,0,1
42927,0,0,0,0,1
42928,0,0,0,0,1
42929,0,0,0,0,1
42930,0,0,0,0,1
42931,0,0,0,0,1
42932,0,0,0,0,1
42933,0,0,0,0,1
42934,0,0,0,0,1
42935,0,0,0,0,1
42936,0,0,0,0,1
42937,0,0,0,0,1
42938,0,0,0,0,1
42939,0,0,0,0,1
42940,0,0,0,0,1
42941,0,0,0,0,1
42942,0,0,0,0,1
42943,0,0,0,0,1
42944,0,0,0,0,1
42945,0,0,0,0,1
42946,0,0,0,0,1
42947,0,0,0,0,1
42948,0,0,0,0,1
42949,1,0,0,0,0
42950,1,0,0,0,0
42951,1,0,0,0,0
42952,1,0,0,0,0
42953,1,0,0,0,0
42954,1,0,0,0,0
42955,1,0,0,0,0
42956,1,0,0,0,0
42957,1,0,0,0,0
42958,1,0,0,0,0
42959,1,0,0,0,0
42960,1,0,0,0,0
42961,1,0,0,0,0
42962,1,0,0,0,0
42963,1,0,0,0,0
42964,1,0,0,0,0
42965,1,0,0,0,0
42966,1,0,0,0,0
42967,1,0,0,0,0
42968,1,0,0,0,0
42969,1,0,0,0,0
42970,1,0,0,0,0
42971,1,0,0,0,0
42972,1,0,0,0,0
42973,1,0,0,0,0
42974,1,0,0,0,0
42975,1,0,0,0,0
42976,1,0,0,0,0
42977,1,0,0,0,0
42978,1,0,0,0,0
42979,1,0,0,0,0
42980,1,0,0,0,0
42981,1,0,0,0,0
42982,1,0,0,0,0
42983,1,0,0,0,0
42984,1,0,0,0,0
42985,1,0,0,0,0
42986,1,0,0,0,0
42987,1,0,0,0,0
42988,1,0,0,0,0
42989,1,0,0,0,0
42990,1,0,0,0,0
42991,1,0,0,0,0
42992,1,0,0,0,0
42993,1,0,0,0,0
42994,1,0,0,0,0
42995,1,0,0,0,0
42996,1,0,0,0,0
42997,1,0,0,0,0
42998,1,0,0,0,0
42999,1,0,0,0,0
43000,0,0,0,0,1
43001,0,0,0,0,1
43002,0,0,0,0,1
43003,0,0,0,0,1
43004,0,0,0,0,1
43005,0,0,0,0,1
43006,0,0,0,0,1
43007,0,0,0,0,1
43008,0,0,0,0,1
43009,0,0,0,0,1
43010,0,0,0,0,1
43011,0,0,0,0,1
43012,0,0,0,0,1
43013,0,0,0,0,1
43014,0,0,0,0,1
43015,0,0,0,0,1
43016,0,0,0,0,1
43017,0,0,0,0,1
43018,0,0,0,0,1
43019,0,0,0,0,1
43020,0,0,0,0,1
43021,0,0,0,0,1
43022,0,0,0,0,1
43023,0,0,0,0,1
43024,0,0,0,0,1
43025,0,0,0,0,1
43026,1,0,0,0,0
43027,1,0,0,0,0
43028,1,0,0,0,0
43029,1,0,0,0,0
43030,1,0,0,0,0
43031,0,0,0,1,0
43032,0,0,0,1,0
43033,0,0,0,1,0
43034,0,0,0,1,0
43035,0,0,0,1,0
43036,0,0,0,1,0
43037,0,0,0,1,0
43038,0,0,0,1,0
43039,0,0,0,1,0
43040,0,0,0,1,0
43041,1,0,0,0,0
43042,1,0,0,0,0
43043,1,0,0,0,0
43044,1,0,0,0,0
43045,1,0,0,0,0
43046,1,0,0,0,0
43047,1,0,0,0,0
43048,1,0,0,0,0
43049,1,0,0,0,0
43050,1,0,0,0,0
43051,1,0,0,0,0
43052,1,0,0,0,0
43053,1,0,0,0,0
43054,1,0,0,0,0
43055,1,0,0,0,0
43056,1,0,0,0,0
43057,1,0,0,0,0
43058,1,0,0,0,0
43059,1,0,0,0,0
43060,1,0,0,0,0
43061,1,0,0,0,0
43062,1,0,0,0,0
43063,1,0,0,0,0
43064,1,0,0,0,0
43065,1,0,0,0,0
43066,1,0,0,0,0
43067,1,0,0,0,0
43068,1,0,0,0,0
43069,1,0,0,0,0
43070,1,0,0,0,0
43071,1,0,0,0,0
43072,1,0,0,0,0
43073,1,0,0,0,0
43074,1,0,0,0,0
43075,1,0,0,0,0
43076,1,0,0,0,0
43077,1,0,0,0,0
43078,1,0,0,0,0
43079,1,0,0,0,0
43080,1,0,0,0,0
43081,1,0,0,0,0
43082,1,0,0,0,0
43083,1,0,0,0,0
43084,1,0,0,0,0
43085,1,0,0,0,0
43086,1,0,0,0,0
43087,1,0,0,0,0
43088,1,0,0,0,0
43089,1,0,0,0,0
43090,1,0,0,0,0
43091,1,0,0,0,0
43092,1,0,0,0,0
43093,1,0,0,0,0
43094,1,0,0,0,0
43095,1,0,0,0,0
43096,1,0,0,0,0
43097,1,0,0,0,0
43098,1,0,0,0,0
43099,1,0,0,0,0
43100,1,0,0,0,0
43101,1,0,0,0,0
43102,1,0,0,0,0
43103,1,0,0,0,0
43104,1,0,0,0,0
43105,1,0,0,0,0
43106,1,0,0,0,0
43107,1,0,0,0,0
43108,1,0,0,0,0
43109,1,0,0,0,0
43110,1,0,0,0,0
43111,1,0,0,0,0
43112,1,0,0,0,0
43113,0,0,0,0,1
43114,0,0,0,0,1
43115,0,0,0,0,1
43116,0,0,0,0,1
43117,0,0,0,0,1
43118,0,0,0,0,1
43119,0,0,0,0,1
43120,0,0,0,0,1
43121,0,0,0,0,1
43122,0,0,0,0,1
43123,0,0,0,0,1
43124,0,0,0,0,1
43125,0,0,0,0,1
43126,0,0,0,0,1
43127,0,0,0,0,1
43128,0,0,0,0,1
43129,0,0,0,0,1
43130,0,0,0,0,1
43131,0,0,0,0,1
43132,0,0,0,0,1
43133,0,0,0,0,1
43134,0,0,0,0,1
43135,0,0,0,0,1
43136,0,0,0,0,1
43137,0,0,0,0,1
43138,0,0,0,0,1
43139,1,0,0,0,0
43140,1,0,0,0,0
43141,1,0,0,0,0
43142,1,0,0,0,0
43143,1,0,0,0,0
43144,1,0,0,0,0
43145,1,0,0,0,0
43146,1,0,0,0,0
43147,1,0,0,0,0
43148,1,0,0,0,0
43149,1,0,0,0,0
43150,1,0,0,0,0
43151,1,0,0,0,0
43152,1,0,0,0,0
43153,1,0,0,0,0
43154,1,0,0,0,0
43155,1,0,0,0,0
43156,1,0,0,0,0
43157,1,0,0,0,0
43158,1,0,0,0,0
43159,1,0,0,0,0
43160,1,0,0,0,0
43161,1,0,0,0,0
43162,1,0,0,0,0
43163,1,0,0,0,0
43164,1,0,0,0,0
43165,1,0,0,0,0
43166,1,0,0,0,0
43167,1,0,0,0,0
43168,1,0,0,0,0
43169,1,0,0,0,0
43170,1,0,0,0,0
43171,1,0,0,0,0
43172,1,0,0,0,0
43173,1,0,0,0,0
43174,1,0,0,0,0
43175,1,0,0,0,0
43176,1,0,0,0,0
43177,1,0,0,0,0
43178,1,0,0,0,0
43179,1,0,0,0,0
43180,1,0,0,0,0
43181,1,0,0,0,0
43182,1,0,0,0,0
43183,1,0,0,0,0
43184,1,0,0,0,0
43185,1,0,0,0,0
43186,1,0,0,0,0
43187,1,0,0,0,0
43188,1,0,0,0,0
43189,1,0,0,0,0
43190,1,0,0,0,0
43191,1,0,0,0,0
43192,1,0,0,0,0
43193,1,0,0,0,0
43194,1,0,0,0,0
43195,1,0,0,0,0
43196,1,0,0,0,0
43197,1,0,0,0,0
43198,1,0,0,0,0
43199,1,0,0,0,0
43200,1,0,0,0,0
43201,1,0,0,0,0
43202,1,0,0,0,0
43203,1,0,0,0,0
43204,1,0,0,0,0
43205,1,0,0,0,0
43206,1,0,0,0,0
43207,1,0,0,0,0
43208,1,0,0,0,0
43209,1,0,0,0,0
43210,1,0,0,0,0
43211,1,0,0,0,0
43212,1,0,0,0,0
43213,1,0,0,0,0
43214,1,0,0,0,0
43215,1,0,0,0,0
43216,1,0,0,0,0
43217,1,0,0,0,0
43218,1,0,0,0,0
43219,1,0,0,0,0
43220,1,0,0,0,0
43221,1,0,0,0,0
43222,1,0,0,0,0
43223,1,0,0,0,0
43224,1,0,0,0,0
43225,1,0,0,0,0
43226,1,0,0,0,0
43227,1,0,0,0,0
43228,1,0,0,0,0
43229,1,0,0,0,0
43230,1,0,0,0,0
43231,1,0,0,0,0
43232,1,0,0,0,0
43233,1,0,0,0,0
43234,1,0,0,0,0
43235,1,0,0,0,0
43236,1,0,0,0,0
43237,1,0,0,0,0
43238,1,0,0,0,0
43239,1,0,0,0,0
43240,1,0,0,0,0
43241,1,0,0,0,0
43242,1,0,0,0,0
43243,1,0,0,0,0
43244,1,0,0,0,0
43245,1,0,0,0,0
43246,1,0,0,0,0
43247,1,0,0,0,0
43248,1,0,0,0,0
43249,1,0,0,0,0
43250,1,0,0,0,0
43251,1,0,0,0,0
43252,1,0,0,0,0
43253,1,0,0,0,0
43254,1,0,0,0,0
43255,1,0,0,0,0
43256,1,0,0,0,0
43257,1,0,0,0,0
43258,1,0,0,0,0
43259,1,0,0,0,0
43260,1,0,0,0,0
43261,1,0,0,0,0
43262,1,0,0,0,0
43263,1,0,0,0,0
43264,1,0,0,0,0
43265,1,0,0,0,0
43266,1,0,0,0,0
43267,1,0,0,0,0
43268,1,0,0,0,0
43269,1,0,0,0,0
43270,1,0,0,0,0
43271,1,0,0,0,0
43272,1,0,0,0,0
43273,1,0,0,0,0
43274,1,0,0,0,0
43275,1,0,0,0,0
43276,1,0,0,0,0
43277,1,0,0,0,0
43278,1,0,0,0,0
43279,1,0,0,0,0
43280,1,0,0,0,0
43281,1,0,0,0,0
43282,1,0,0,0,0
43283,1,0,0,0,0
43284,1,0,0,0,0
43285,1,0,0,0,0
43286,1,0,0,0,0
43287,1,0,0,0,0
43288,1,0,0,0,0
43289,1,0,0,0,0
43290,1,0,0,0,0
43291,1,0,0,0,0
43292,1,0,0,0,0
43293,1,0,0,0,0
43294,1,0,0,0,0
43295,1,0,0,0,0
43296,1,0,0,0,0
43297,1,0,0,0,0
43298,1,0,0,0,0
43299,1,0,0,0,0
43300,1,0,0,0,0
43301,1,0,0,0,0
43302,1,0,0,0,0
43303,1,0,0,0,0
43304,1,0,0,0,0
43305,1,0,0,0,0
43306,1,0,0,0,0
43307,1,0,0,0,0
43308,1,0,0,0,0
43309,1,0,0,0,0
43310,1,0,0,0,0
43311,1,0,0,0,0
43312,1,0,0,0,0
43313,1,0,0,0,0
43314,1,0,0,0,0
43315,1,0,0,0,0
43316,1,0,0,0,0
43317,1,0,0,0,0
43318,1,0,0,0,0
43319,1,0,0,0,0
43320,1,0,0,0,0
43321,1,0,0,0,0
43322,1,0,0,0,0
43323,1,0,0,0,0
43324,1,0,0,0,0
43325,1,0,0,0,0
43326,1,0,0,0,0
43327,1,0,0,0,0
43328,1,0,0,0,0
43329,1,0,0,0,0
43330,1,0,0,0,0
43331,1,0,0,0,0
43332,1,0,0,0,0
43333,1,0,0,0,0
43334,1,0,0,0,0
43335,1,0,0,0,0
43336,1,0,0,0,0
43337,1,0,0,0,0
43338,1,0,0,0,0
43339,1,0,0,0,0
43340,1,0,0,0,0
43341,1,0,0,0,0
43342,1,0,0,0,0
43343,1,0,0,0,0
43344,1,0,0,0,0
43345,1,0,0,0,0
43346,1,0,0,0,0
43347,1,0,0,0,0
43348,1,0,0,0,0
43349,1,0,0,0,0
43350,1,0,0,0,0
43351,1,0,0,0,0
43352,1,0,0,0,0
43353,1,0,0,0,0
43354,1,0,0,0,0
43355,1,0,0,0,0
43356,1,0,0,0,0
43357,0,0,1,0,0
43358,0,0,1,0,0
43359,0,0,1,0,0
43360,0,0,1,0,0
43361,0,0,1,0,0
43362,0,0,1,0,0
43363,0,0,1,0,0
43364,0,0,1,0,0
43365,0,0,1,0,0
43366,0,0,1,0,0
43367,0,0,1,0,0
43368,0,0,1,0,0
43369,0,0,1,0,0
43370,0,0,1,0,0
43371,0,0,1,0,0
43372,0,0,1,0,0
43373,0,0,1,0,0
43374,0,0,1,0,0
43375,0,0,1,0,0
43376,0,0,1,0,0
43377,0,0,1,0,0
43378,0,0,1,0,0
43379,0,0,1,0,0
43380,0,0,1,0,0
43381,0,0,1,0,0
43382,0,0,1,0,0
43383,0,0,1,0,0
43384,0,0,1,0,0
43385,0,0,1,0,0
43386,0,0,1,0,0
43387,0,0,1,0,0
43388,0,0,1,0,0
43389,0,0,1,0,0
43390,0,0,1,0,0
43391,0,0,1,0,0
43392,0,0,1,0,0
43393,0,0,1,0,0
43394,0,0,1,0,0
43395,0,0,1,0,0
43396,0,0,1,0,0
43397,0,0,1,0,0
43398,0,0,1,0,0
43399,0,0,1,0,0
43400,0,0,1,0,0
43401,0,0,1,0,0
43402,0,0,1,0,0
43403,0,0,1,0,0
43404,0,0,1,0,0
43405,0,0,1,0,0
43406,0,0,1,0,0
43407,0,0,1,0,0
43408,0,0,1,0,0
43409,1,0,0,0,0
43410,1,0,0,0,0
43411,1,0,0,0,0
43412,1,0,0,0,0
43413,1,0,0,0,0
43414,1,0,0,0,0
43415,1,0,0,0,0
43416,1,0,0,0,0
43417,1,0,0,0,0
43418,1,0,0,0,0
43419,1,0,0,0,0
43420,1,0,0,0,0
43421,1,0,0,0,0
43422,1,0,0,0,0
43423,1,0,0,0,0
43424,1,0,0,0,0
43425,1,0,0,0,0
43426,1,0,0,0,0
43427,1,0,0,0,0
43428,1,0,0,0,0
43429,1,0,0,0,0
43430,1,0,0,0,0
43431,1,0,0,0,0
43432,1,0,0,0,0
43433,1,0,0,0,0
43434,1,0,0,0,0
43435,1,0,0,0,0
43436,1,0,0,0,0
43437,1,0,0,0,0
43438,1,0,0,0,0
43439,1,0,0,0,0
43440,1,0,0,0,0
43441,1,0,0,0,0
43442,1,0,0,0,0
43443,1,0,0,0,0
43444,1,0,0,0,0
43445,1,0,0,0,0
43446,1,0,0,0,0
43447,1,0,0,0,0
43448,1,0,0,0,0
43449,1,0,0,0,0
43450,1,0,0,0,0
43451,1,0,0,0,0
43452,1,0,0,0,0
43453,1,0,0,0,0
43454,1,0,0,0,0
43455,1,0,0,0,0
43456,1,0,0,0,0
43457,1,0,0,0,0
43458,1,0,0,0,0
43459,1,0,0,0,0
43460,1,0,0,0,0
43461,1,0,0,0,0
43462,1,0,0,0,0
43463,1,0,0,0,0
43464,1,0,0,0,0
43465,1,0,0,0,0
43466,1,0,0,0,0
43467,1,0,0,0,0
43468,1,0,0,0,0
43469,1,0,0,0,0
43470,1,0,0,0,0
43471,1,0,0,0,0
43472,1,0,0,0,0
43473,1,0,0,0,0
43474,1,0,0,0,0
43475,1,0,0,0,0
43476,1,0,0,0,0
43477,1,0,0,0,0
43478,1,0,0,0,0
43479,1,0,0,0,0
43480,1,0,0,0,0
43481,1,0,0,0,0
43482,1,0,0,0,0
43483,1,0,0,0,0
43484,1,0,0,0,0
43485,1,0,0,0,0
43486,1,0,0,0,0
43487,1,0,0,0,0
43488,1,0,0,0,0
43489,1,0,0,0,0
43490,1,0,0,0,0
43491,1,0,0,0,0
43492,1,0,0,0,0
43493,1,0,0,0,0
43494,1,0,0,0,0
43495,1,0,0,0,0
43496,1,0,0,0,0
43497,1,0,0,0,0
43498,1,0,0,0,0
43499,1,0,0,0,0
43500,1,0,0,0,0
43501,1,0,0,0,0
43502,1,0,0,0,0
43503,1,0,0,0,0
43504,1,0,0,0,0
43505,1,0,0,0,0
43506,1,0,0,0,0
43507,1,0,0,0,0
43508,1,0,0,0,0
43509,1,0,0,0,0
43510,1,0,0,0,0
43511,1,0,0,0,0
43512,1,0,0,0,0
43513,1,0,0,0,0
43514,1,0,0,0,0
43515,1,0,0,0,0
43516,1,0,0,0,0
43517,1,0,0,0,0
43518,1,0,0,0,0
43519,1,0,0,0,0
43520,1,0,0,0,0
43521,1,0,0,0,0
43522,1,0,0,0,0
43523,1,0,0,0,0
43524,1,0,0,0,0
43525,1,0,0,0,0
43526,1,0,0,0,0
43527,1,0,0,0,0
43528,1,0,0,0,0
43529,1,0,0,0,0
43530,1,0,0,0,0
43531,1,0,0,0,0
43532,1,0,0,0,0
43533,1,0,0,0,0
43534,1,0,0,0,0
43535,1,0,0,0,0
43536,1,0,0,0,0
43537,1,0,0,0,0
43538,1,0,0,0,0
43539,1,0,0,0,0
43540,1,0,0,0,0
43541,1,0,0,0,0
43542,1,0,0,0,0
43543,1,0,0,0,0
43544,1,0,0,0,0
43545,1,0,0,0,0
43546,1,0,0,0,0
43547,1,0,0,0,0
43548,1,0,0,0,0
43549,1,0,0,0,0
43550,1,0,0,0,0
43551,1,0,0,0,0
43552,1,0,0,0,0
43553,1,0,0,0,0
43554,1,0,0,0,0
43555,1,0,0,0,0
43556,1,0,0,0,0
43557,1,0,0,0,0
43558,1,0,0,0,0
43559,1,0,0,0,0
43560,1,0,0,0,0
43561,1,0,0,0,0
43562,1,0,0,0,0
43563,1,0,0,0,0
43564,1,0,0,0,0
43565,1,0,0,0,0
43566,1,0,0,0,0
43567,1,0,0,0,0
43568,1,0,0,0,0
43569,1,0,0,0,0
43570,1,0,0,0,0
43571,1,0,0,0,0
43572,1,0,0,0,0
43573,1,0,0,0,0
43574,1,0,0,0,0
43575,1,0,0,0,0
43576,1,0,0,0,0
43577,1,0,0,0,0
43578,1,0,0,0,0
43579,1,0,0,0,0
43580,1,0,0,0,0
43581,1,0,0,0,0
43582,1,0,0,0,0
43583,1,0,0,0,0
43584,1,0,0,0,0
43585,1,0,0,0,0
43586,1,0,0,0,0
43587,1,0,0,0,0
43588,1,0,0,0,0
43589,1,0,0,0,0
43590,1,0,0,0,0
43591,1,0,0,0,0
43592,1,0,0,0,0
43593,1,0,0,0,0
43594,1,0,0,0,0
43595,1,0,0,0,0
43596,1,0,0,0,0
43597,1,0,0,0,0
43598,1,0,0,0,0
43599,1,0,0,0,0
43600,1,0,0,0,0
43601,1,0,0,0,0
43602,1,0,0,0,0
43603,1,0,0,0,0
43604,1,0,0,0,0
43605,0,1,0,0,0
43606,0,1,0,0,0
43607,0,1,0,0,0
43608,0,1,0,0,0
43609,0,1,0,0,0
43610,0,1,0,0,0
43611,0,1,0,0,0
43612,0,1,0,0,0
43613,0,1,0,0,0
43614,0,1,0,0,0
43615,0,1,0,0,0
43616,0,1,0,0,0
43617,0,1,0,0,0
43618,0,1,0,0,0
43619,0,1,0,0,0
43620,0,1,0,0,0
43621,0,1,0,0,0
43622,0,1,0,0,0
43623,0,1,0,0,0
43624,0,1,0,0,0
43625,0,1,0,0,0
43626,0,1,0,0,0
43627,0,1,0,0,0
43628,0,1,0,0,0
43629,0,1,0,0,0
43630,0,1,0,0,0
43631,0,1,0,0,0
43632,0,1,0,0,0
43633,0,1,0,0,0
43634,0,1,0,0,0
43635,0,1,0,0,0
43636,0,1,0,0,0
43637,0,1,0,0,0
43638,0,1,0,0,0
43639,0,1,0,0,0
43640,0,1,0,0,0
43641,0,1,0,0,0
43642,0,1,0,0,0
43643,0,1,0,0,0
43644,0,1,0,0,0
43645,0,1,0,0,0
43646,0,1,0,0,0
43647,0,1,0,0,0
43648,0,1,0,0,0
43649,0,1,0,0,0
43650,0,1,0,0,0
43651,0,1,0,0,0
43652,0,1,0,0,0
43653,0,1,0,0,0
43654,0,1,0,0,0
43655,0,1,0,0,0
43656,0,1,0,0,0
43657,0,1,0,0,0
43658,0,1,0,0,0
43659,0,1,0,0,0
43660,0,1,0,0,0
43661,0,1,0,0,0
43662,0,1,0,0,0
43663,0,1,0,0,0
43664,0,1,0,0,0
43665,0,1,0,0,0
43666,0,1,0,0,0
43667,0,1,0,0,0
43668,0,1,0,0,0
43669,0,1,0,0,0
43670,0,1,0,0,0
43671,0,1,0,0,0
43672,0,1,0,0,0
43673,0,1,0,0,0
43674,0,1,0,0,0
43675,0,1,0,0,0
43676,0,1,0,0,0
43677,0,1,0,0,0
43678,0,1,0,0,0
43679,0,1,0,0,0
43680,0,1,0,0,0
43681,1,0,0,0,0
43682,1,0,0,0,0
43683,1,0,0,0,0
43684,1,0,0,0,0
43685,1,0,0,0,0
43686,1,0,0,0,0
43687,1,0,0,0,0
43688,1,0,0,0,0
43689,1,0,0,0,0
43690,1,0,0,0,0
43691,1,0,0,0,0
43692,1,0,0,0,0
43693,1,0,0,0,0
43694,1,0,0,0,0
43695,1,0,0,0,0
43696,1,0,0,0,0
43697,1,0,0,0,0
43698,1,0,0,0,0
43699,1,0,0,0,0
43700,1,0,0,0,0
43701,1,0,0,0,0
43702,1,0,0,0,0
43703,1,0,0,0,0
43704,1,0,0,0,0
43705,1,0,0,0,0
43706,1,0,0,0,0
43707,1,0,0,0,0
43708,1,0,0,0,0
43709,1,0,0,0,0
43710,1,0,0,0,0
43711,1,0,0,0,0
43712,1,0,0,0,0
43713,1,0,0,0,0
43714,1,0,0,0,0
43715,1,0,0,0,0
43716,1,0,0,0,0
43717,1,0,0,0,0
43718,1,0,0,0,0
43719,1,0,0,0,0
43720,1,0,0,0,0
43721,1,0,0,0,0
43722,1,0,0,0,0
43723,1,0,0,0,0
43724,1,0,0,0,0
43725,1,0,0,0,0
43726,1,0,0,0,0
43727,1,0,0,0,0
43728,1,0,0,0,0
43729,1,0,0,0,0
43730,1,0,0,0,0
43731,1,0,0,0,0
43732,1,0,0,0,0
43733,1,0,0,0,0
43734,1,0,0,0,0
43735,1,0,0,0,0
43736,1,0,0,0,0
43737,1,0,0,0,0
43738,1,0,0,0,0
43739,1,0,0,0,0
43740,1,0,0,0,0
43741,1,0,0,0,0
43742,1,0,0,0,0
43743,1,0,0,0,0
43744,1,0,0,0,0
43745,1,0,0,0,0
43746,1,0,0,0,0
43747,1,0,0,0,0
43748,1,0,0,0,0
43749,1,0,0,0,0
43750,1,0,0,0,0
43751,1,0,0,0,0
43752,1,0,0,0,0
43753,1,0,0,0,0
43754,1,0,0,0,0
43755,1,0,0,0,0
43756,1,0,0,0,0
43757,1,0,0,0,0
43758,1,0,0,0,0
43759,1,0,0,0,0
43760,1,0,0,0,0
43761,1,0,0,0,0
43762,1,0,0,0,0
43763,1,0,0,0,0
43764,1,0,0,0,0
43765,1,0,0,0,0
43766,1,0,0,0,0
43767,1,0,0,0,0
43768,1,0,0,0,0
43769,1,0,0,0,0
43770,1,0,0,0,0
43771,1,0,0,0,0
43772,1,0,0,0,0
43773,1,0,0,0,0
43774,1,0,0,0,0
43775,1,0,0,0,0
43776,1,0,0,0,0
43777,1,0,0,0,0
43778,1,0,0,0,0
43779,1,0,0,0,0
43780,1,0,0,0,0
43781,1,0,0,0,0
43782,1,0,0,0,0
43783,1,0,0,0,0
43784,1,0,0,0,0
43785,1,0,0,0,0
43786,1,0,0,0,0
43787,1,0,0,0,0
43788,1,0,0,0,0
43789,1,0,0,0,0
43790,1,0,0,0,0
43791,1,0,0,0,0
43792,1,0,0,0,0
43793,1,0,0,0,0
43794,1,0,0,0,0
43795,1,0,0,0,0
43796,1,0,0,0,0
43797,1,0,0,0,0
43798,1,0,0,0,0
43799,1,0,0,0,0
43800,1,0,0,0,0
43801,1,0,0,0,0
43802,1,0,0,0,0
43803,1,0,0,0,0
43804,1,0,0,0,0
43805,1,0,0,0,0
43806,1,0,0,0,0
43807,1,0,0,0,0
43808,1,0,0,0,0
43809,1,0,0,0,0
43810,1,0,0,0,0
43811,1,0,0,0,0
43812,1,0,0,0,0
43813,1,0,0,0,0
43814,1,0,0,0,0
43815,1,0,0,0,0
43816,1,0,0,0,0
43817,1,0,0,0,0
43818,1,0,0,0,0
43819,1,0,0,0,0
43820,1,0,0,0,0
43821,1,0,0,0,0
43822,1,0,0,0,0
43823,1,0,0,0,0
43824,1,0,0,0,0
43825,1,0,0,0,0
43826,1,0,0,0,0
43827,1,0,0,0,0
43828,1,0,0,0,0
43829,1,0,0,0,0
43830,1,0,0,0,0
43831,1,0,0,0,0
43832,1,0,0,0,0
43833,1,0,0,0,0
43834,1,0,0,0,0
43835,1,0,0,0,0
43836,1,0,0,0,0
43837,1,0,0,0,0
43838,1,0,0,0,0
43839,1,0,0,0,0
43840,1,0,0,0,0
43841,1,0,0,0,0
43842,1,0,0,0,0
43843,1,0,0,0,0
43844,1,0,0,0,0
43845,1,0,0,0,0
43846,1,0,0,0,0
43847,1,0,0,0,0
43848,1,0,0,0,0
43849,1,0,0,0,0
43850,1,0,0,0,0
43851,1,0,0,0,0
43852,1,0,0,0,0
43853,1,0,0,0,0
43854,1,0,0,0,0
43855,1,0,0,0,0
43856,1,0,0,0,0
43857,1,0,0,0,0
43858,1,0,0,0,0
43859,1,0,0,0,0
43860,1,0,0,0,0
43861,1,0,0,0,0
43862,1,0,0,0,0
43863,1,0,0,0,0
43864,1,0,0,0,0
43865,1,0,0,0,0
43866,1,0,0,0,0
43867,1,0,0,0,0
43868,1,0,0,0,0
43869,1,0,0,0,0
43870,1,0,0,0,0
43871,1,0,0,0,0
43872,1,0,0,0,0
43873,1,0,0,0,0
43874,1,0,0,0,0
43875,1,0,0,0,0
43876,1,0,0,0,0
43877,1,0,0,0,0
43878,1,0,0,0,0
43879,1,0,0,0,0
43880,1,0,0,0,0
43881,1,0,0,0,0
43882,1,0,0,0,0
43883,1,0,0,0,0
43884,1,0,0,0,0
43885,1,0,0,0,0
43886,1,0,0,0,0
43887,1,0,0,0,0
43888,1,0,0,0,0
43889,1,0,0,0,0
43890,1,0,0,0,0
43891,1,0,0,0,0
43892,1,0,0,0,0
43893,1,0,0,0,0
43894,1,0,0,0,0
43895,1,0,0,0,0
43896,1,0,0,0,0
43897,1,0,0,0,0
43898,1,0,0,0,0
43899,1,0,0,0,0
43900,1,0,0,0,0
43901,1,0,0,0,0
43902,1,0,0,0,0
43903,1,0,0,0,0
43904,1,0,0,0,0
43905,1,0,0,0,0
43906,1,0,0,0,0
43907,1,0,0,0,0
43908,1,0,0,0,0
43909,1,0,0,0,0
43910,1,0,0,0,0
43911,1,0,0,0,0
43912,1,0,0,0,0
43913,1,0,0,0,0
43914,1,0,0,0,0
43915,1,0,0,0,0
43916,1,0,0,0,0
43917,1,0,0,0,0
43918,1,0,0,0,0
43919,1,0,0,0,0
43920,1,0,0,0,0
43921,1,0,0,0,0
43922,1,0,0,0,0
43923,1,0,0,0,0
43924,1,0,0,0,0
43925,1,0,0,0,0
43926,1,0,0,0,0
43927,1,0,0,0,0
43928,1,0,0,0,0
43929,1,0,0,0,0
43930,1,0,0,0,0
43931,1,0,0,0,0
43932,1,0,0,0,0
43933,1,0,0,0,0
43934,1,0,0,0,0
43935,1,0,0,0,0
43936,1,0,0,0,0
43937,1,0,0,0,0
43938,1,0,0,0,0
43939,1,0,0,0,0
43940,1,0,0,0,0
43941,1,0,0,0,0
43942,1,0,0,0,0
43943,1,0,0,0,0
43944,1,0,0,0,0
43945,1,0,0,0,0
43946,1,0,0,0,0
43947,1,0,0,0,0
43948,1,0,0,0,0
43949,1,0,0,0,0
43950,1,0,0,0,0
43951,1,0,0,0,0
43952,1,0,0,0,0
43953,1,0,0,0,0
43954,1,0,0,0,0
43955,1,0,0,0,0
43956,1,0,0,0,0
43957,1,0,0,0,0
43958,1,0,0,0,0
43959,1,0,0,0,0
43960,1,0,0,0,0
43961,1,0,0,0,0
43962,1,0,0,0,0
43963,1,0,0,0,0
43964,1,0,0,0,0
43965,1,0,0,0,0
43966,1,0,0,0,0
43967,1,0,0,0,0
43968,1,0,0,0,0
43969,1,0,0,0,0
43970,1,0,0,0,0
43971,1,0,0,0,0
43972,1,0,0,0,0
43973,1,0,0,0,0
43974,1,0,0,0,0
43975,1,0,0,0,0
43976,1,0,0,0,0
43977,1,0,0,0,0
43978,1,0,0,0,0
43979,1,0,0,0,0
43980,1,0,0,0,0
43981,1,0,0,0,0
43982,1,0,0,0,0
43983,1,0,0,0,0
43984,1,0,0,0,0
43985,1,0,0,0,0
43986,1,0,0,0,0
43987,1,0,0,0,0
43988,1,0,0,0,0
43989,1,0,0,0,0
43990,1,0,0,0,0
43991,1,0,0,0,0
43992,1,0,0,0,0
43993,1,0,0,0,0
43994,1,0,0,0,0
43995,1,0,0,0,0
43996,1,0,0,0,0
43997,1,0,0,0,0
43998,1,0,0,0,0
43999,1,0,0,0,0
44000,1,0,0,0,0
44001,1,0,0,0,0
44002,1,0,0,0,0
44003,1,0,0,0,0
44004,1,0,0,0,0
44005,1,0,0,0,0
44006,1,0,0,0,0
44007,1,0,0,0,0
44008,1,0,0,0,0
44009,1,0,0,0,0
44010,1,0,0,0,0
44011,1,0,0,0,0
44012,1,0,0,0,0
44013,1,0,0,0,0
44014,1,0,0,0,0
44015,1,0,0,0,0
44016,1,0,0,0,0
44017,1,0,0,0,0
44018,1,0,0,0,0
44019,1,0,0,0,0
44020,1,0,0,0,0
44021,1,0,0,0,0
44022,1,0,0,0,0
44023,1,0,0,0,0
44024,1,0,0,0,0
44025,1,0,0,0,0
44026,1,0,0,0,0
44027,1,0,0,0,0
44028,1,0,0,0,0
44029,1,0,0,0,0
44030,1,0,0,0,0
44031,1,0,0,0,0
44032,1,0,0,0,0
44033,1,0,0,0,0
44034,1,0,0,0,0
44035,1,0,0,0,0
44036,1,0,0,0,0
44037,1,0,0,0,0
44038,1,0,0,0,0
44039,1,0,0,0,0
44040,1,0,0,0,0
44041,1,0,0,0,0
44042,1,0,0,0,0
44043,1,0,0,0,0
44044,1,0,0,0,0
44045,1,0,0,0,0
44046,1,0,0,0,0
44047,1,0,0,0,0
44048,1,0,0,0,0
44049,1,0,0,0,0
44050,1,0,0,0,0
44051,1,0,0,0,0
44052,1,0,0,0,0
44053,1,0,0,0,0
44054,1,0,0,0,0
44055,1,0,0,0,0
44056,1,0,0,0,0
44057,1,0,0,0,0
44058,1,0,0,0,0
44059,1,0,0,0,0
44060,1,0,0,0,0
44061,1,0,0,0,0
44062,1,0,0,0,0
44063,1,0,0,0,0
44064,1,0,0,0,0
44065,1,0,0,0,0
44066,1,0,0,0,0
44067,0,0,0,1,0
44068,0,0,0,1,0
44069,0,0,0,1,0
44070,0,0,0,1,0
44071,0,0,0,1,0
44072,0,0,0,1,0
44073,0,0,0,1,0
44074,0,0,0,1,0
44075,0,0,0,1,0
44076,0,0,0,1,0
44077,0,0,0,1,0
44078,0,0,0,1,0
44079,0,0,0,1,0
44080,0,0,0,1,0
44081,0,0,0,1,0
44082,0,0,0,1,0
44083,0,0,0,1,0
44084,0,0,0,1,0
44085,0,0,0,1,0
44086,0,0,0,1,0
44087,0,0,0,1,0
44088,0,0,0,1,0
44089,0,0,0,1,0
44090,0,0,0,1,0
44091,0,0,0,1,0
44092,0,0,0,1,0
44093,0,0,0,1,0
44094,0,0,0,1,0
44095,0,0,0,1,0
44096,0,0,0,1,0
44097,0,0,0,1,0
44098,0,0,0,1,0
44099,0,0,0,1,0
44100,0,0,0,1,0
44101,0,0,0,1,0
44102,0,0,0,1,0
44103,1,0,0,0,0
44104,1,0,0,0,0
44105,1,0,0,0,0
44106,1,0,0,0,0
44107,1,0,0,0,0
44108,1,0,0,0,0
44109,1,0,0,0,0
44110,1,0,0,0,0
44111,1,0,0,0,0
44112,1,0,0,0,0
44113,1,0,0,0,0
44114,1,0,0,0,0
44115,1,0,0,0,0
44116,1,0,0,0,0
44117,1,0,0,0,0
44118,1,0,0,0,0
44119,1,0,0,0,0
44120,1,0,0,0,0
44121,1,0,0,0,0
44122,1,0,0,0,0
44123,1,0,0,0,0
44124,1,0,0,0,0
44125,1,0,0,0,0
44126,1,0,0,0,0
44127,1,0,0,0,0
44128,1,0,0,0,0
44129,1,0,0,0,0
44130,1,0,0,0,0
44131,1,0,0,0,0
44132,1,0,0,0,0
44133,1,0,0,0,0
44134,1,0,0,0,0
44135,1,0,0,0,0
44136,1,0,0,0,0
44137,1,0,0,0,0
44138,1,0,0,0,0
44139,1,0,0,0,0
44140,1,0,0,0,0
44141,1,0,0,0,0
44142,1,0,0,0,0
44143,1,0,0,0,0
44144,1,0,0,0,0
44145,1,0,0,0,0
44146,1,0,0,0,0
44147,1,0,0,0,0
44148,1,0,0,0,0
44149,1,0,0,0,0
44150,1,0,0,0,0
44151,1,0,0,0,0
44152,1,0,0,0,0
44153,1,0,0,0,0
44154,1,0,0,0,0
44155,1,0,0,0,0
44156,1,0,0,0,0
44157,1,0,0,0,0
44158,1,0,0,0,0
44159,1,0,0,0,0
44160,1,0,0,0,0
44161,1,0,0,0,0
44162,1,0,0,0,0
44163,1,0,0,0,0
44164,1,0,0,0,0
44165,1,0,0,0,0
44166,1,0,0,0,0
44167,1,0,0,0,0
44168,1,0,0,0,0
44169,1,0,0,0,0
44170,1,0,0,0,0
44171,1,0,0,0,0
44172,1,0,0,0,0
44173,1,0,0,0,0
44174,1,0,0,0,0
44175,1,0,0,0,0
44176,1,0,0,0,0
44177,1,0,0,0,0
44178,1,0,0,0,0
44179,1,0,0,0,0
44180,1,0,0,0,0
44181,1,0,0,0,0
44182,1,0,0,0,0
44183,1,0,0,0,0
44184,1,0,0,0,0
44185,1,0,0,0,0
44186,1,0,0,0,0
44187,1,0,0,0,0
44188,1,0,0,0,0
44189,1,0,0,0,0
44190,1,0,0,0,0
44191,1,0,0,0,0
44192,1,0,0,0,0
44193,1,0,0,0,0
44194,1,0,0,0,0
44195,1,0,0,0,0
44196,1,0,0,0,0
44197,1,0,0,0,0
44198,1,0,0,0,0
44199,1,0,0,0,0
44200,1,0,0,0,0
44201,1,0,0,0,0
44202,1,0,0,0,0
44203,1,0,0,0,0
44204,1,0,0,0,0
44205,1,0,0,0,0
44206,1,0,0,0,0
44207,1,0,0,0,0
44208,1,0,0,0,0
44209,1,0,0,0,0
44210,1,0,0,0,0
44211,1,0,0,0,0
44212,1,0,0,0,0
44213,1,0,0,0,0
44214,1,0,0,0,0
44215,1,0,0,0,0
44216,1,0,0,0,0
44217,1,0,0,0,0
44218,1,0,0,0,0
44219,1,0,0,0,0
44220,1,0,0,0,0
44221,1,0,0,0,0
44222,1,0,0,0,0
44223,1,0,0,0,0
44224,1,0,0,0,0
44225,1,0,0,0,0
44226,1,0,0,0,0
44227,1,0,0,0,0
44228,1,0,0,0,0
44229,1,0,0,0,0
44230,1,0,0,0,0
44231,1,0,0,0,0
44232,1,0,0,0,0
44233,1,0,0,0,0
44234,1,0,0,0,0
44235,1,0,0,0,0
44236,1,0,0,0,0
44237,1,0,0,0,0
44238,1,0,0,0,0
44239,1,0,0,0,0
44240,1,0,0,0,0
44241,1,0,0,0,0
44242,1,0,0,0,0
44243,1,0,0,0,0
44244,1,0,0,0,0
44245,1,0,0,0,0
44246,1,0,0,0,0
44247,1,0,0,0,0
44248,1,0,0,0,0
44249,1,0,0,0,0
44250,1,0,0,0,0
44251,1,0,0,0,0
44252,1,0,0,0,0
44253,1,0,0,0,0
44254,1,0,0,0,0
44255,1,0,0,0,0
44256,1,0,0,0,0
44257,1,0,0,0,0
44258,1,0,0,0,0
44259,1,0,0,0,0
44260,1,0,0,0,0
44261,1,0,0,0,0
44262,1,0,0,0,0
44263,1,0,0,0,0
44264,1,0,0,0,0
44265,1,0,0,0,0
44266,1,0,0,0,0
44267,1,0,0,0,0
44268,1,0,0,0,0
44269,1,0,0,0,0
44270,1,0,0,0,0
44271,1,0,0,0,0
44272,1,0,0,0,0
44273,1,0,0,0,0
44274,1,0,0,0,0
44275,1,0,0,0,0
44276,1,0,0,0,0
44277,1,0,0,0,0
44278,1,0,0,0,0
44279,1,0,0,0,0
44280,1,0,0,0,0
44281,1,0,0,0,0
44282,1,0,0,0,0
44283,1,0,0,0,0
44284,1,0,0,0,0
44285,1,0,0,0,0
44286,1,0,0,0,0
44287,1,0,0,0,0
44288,1,0,0,0,0
44289,1,0,0,0,0
44290,1,0,0,0,0
44291,1,0,0,0,0
44292,1,0,0,0,0
44293,1,0,0,0,0
44294,1,0,0,0,0
44295,1,0,0,0,0
44296,1,0,0,0,0
44297,1,0,0,0,0
44298,1,0,0,0,0
44299,1,0,0,0,0
44300,1,0,0,0,0
44301,1,0,0,0,0
44302,1,0,0,0,0
44303,1,0,0,0,0
44304,1,0,0,0,0
44305,1,0,0,0,0
44306,1,0,0,0,0
44307,1,0,0,0,0
44308,1,0,0,0,0
44309,1,0,0,0,0
44310,1,0,0,0,0
44311,1,0,0,0,0
44312,1,0,0,0,0
44313,1,0,0,0,0
44314,1,0,0,0,0
44315,1,0,0,0,0
44316,1,0,0,0,0
44317,1,0,0,0,0
44318,1,0,0,0,0
44319,1,0,0,0,0
44320,1,0,0,0,0
44321,1,0,0,0,0
44322,1,0,0,0,0
44323,1,0,0,0,0
44324,1,0,0,0,0
44325,1,0,0,0,0
44326,1,0,0,0,0
44327,1,0,0,0,0
44328,1,0,0,0,0
44329,1,0,0,0,0
44330,1,0,0,0,0
44331,1,0,0,0,0
44332,1,0,0,0,0
44333,1,0,0,0,0
44334,1,0,0,0,0
44335,1,0,0,0,0
44336,1,0,0,0,0
44337,1,0,0,0,0
44338,1,0,0,0,0
44339,1,0,0,0,0
44340,1,0,0,0,0
44341,1,0,0,0,0
44342,1,0,0,0,0
44343,1,0,0,0,0
44344,1,0,0,0,0
44345,1,0,0,0,0
44346,1,0,0,0,0
44347,1,0,0,0,0
44348,1,0,0,0,0
44349,1,0,0,0,0
44350,1,0,0,0,0
44351,1,0,0,0,0
44352,1,0,0,0,0
44353,1,0,0,0,0
44354,1,0,0,0,0
44355,1,0,0,0,0
44356,1,0,0,0,0
44357,1,0,0,0,0
44358,1,0,0,0,0
44359,1,0,0,0,0
44360,1,0,0,0,0
44361,1,0,0,0,0
44362,1,0,0,0,0
44363,1,0,0,0,0
44364,1,0,0,0,0
44365,1,0,0,0,0
44366,1,0,0,0,0
44367,1,0,0,0,0
44368,1,0,0,0,0
44369,1,0,0,0,0
44370,1,0,0,0,0
44371,1,0,0,0,0
44372,1,0,0,0,0
44373,1,0,0,0,0
44374,1,0,0,0,0
44375,1,0,0,0,0
44376,1,0,0,0,0
44377,1,0,0,0,0
44378,1,0,0,0,0
44379,1,0,0,0,0
44380,1,0,0,0,0
44381,1,0,0,0,0
44382,1,0,0,0,0
44383,1,0,0,0,0
44384,1,0,0,0,0
44385,1,0,0,0,0
44386,1,0,0,0,0
44387,1,0,0,0,0
44388,1,0,0,0,0
44389,1,0,0,0,0
44390,1,0,0,0,0
44391,1,0,0,0,0
44392,1,0,0,0,0
44393,1,0,0,0,0
44394,1,0,0,0,0
44395,1,0,0,0,0
44396,1,0,0,0,0
44397,1,0,0,0,0
44398,1,0,0,0,0
44399,1,0,0,0,0
44400,1,0,0,0,0
44401,1,0,0,0,0
44402,1,0,0,0,0
44403,1,0,0,0,0
44404,1,0,0,0,0
44405,1,0,0,0,0
44406,1,0,0,0,0
44407,1,0,0,0,0
44408,1,0,0,0,0
44409,1,0,0,0,0
44410,1,0,0,0,0
44411,1,0,0,0,0
44412,1,0,0,0,0
44413,1,0,0,0,0
44414,1,0,0,0,0
44415,1,0,0,0,0
44416,1,0,0,0,0
44417,1,0,0,0,0
44418,1,0,0,0,0
44419,1,0,0,0,0
44420,1,0,0,0,0
44421,1,0,0,0,0
44422,1,0,0,0,0
44423,1,0,0,0,0
44424,1,0,0,0,0
44425,1,0,0,0,0
44426,1,0,0,0,0
44427,1,0,0,0,0
44428,1,0,0,0,0
44429,1,0,0,0,0
44430,1,0,0,0,0
44431,1,0,0,0,0
44432,1,0,0,0,0
44433,1,0,0,0,0
44434,1,0,0,0,0
44435,1,0,0,0,0
44436,1,0,0,0,0
44437,1,0,0,0,0
44438,1,0,0,0,0
44439,1,0,0,0,0
44440,1,0,0,0,0
44441,0,0,0,0,1
44442,0,0,0,0,1
44443,0,0,0,0,1
44444,0,0,0,0,1
44445,0,0,0,0,1
44446,0,0,0,0,1
44447,0,0,0,0,1
44448,0,0,0,0,1
44449,0,0,0,0,1
44450,0,0,0,0,1
44451,0,0,0,0,1
44452,0,0,0,0,1
44453,0,0,0,0,1
44454,0,0,0,0,1
44455,0,0,0,0,1
44456,0,0,0,0,1
44457,0,0,0,0,1
44458,0,0,0,0,1
44459,0,0,0,0,1
44460,0,0,0,0,1
44461,0,0,0,0,1
44462,0,0,0,0,1
44463,0,0,0,0,1
44464,0,0,0,0,1
44465,0,0,0,0,1
44466,0,0,0,0,1
44467,0,0,0,0,1
44468,0,0,0,0,1
44469,0,0,0,0,1
44470,0,0,0,0,1
44471,0,0,0,0,1
44472,0,0,0,0,1
44473,0,0,0,0,1
44474,0,0,0,0,1
44475,0,0,0,0,1
44476,0,0,0,0,1
44477,0,0,0,0,1
44478,0,0,0,0,1
44479,1,0,0,0,0
44480,1,0,0,0,0
44481,1,0,0,0,0
44482,1,0,0,0,0
44483,1,0,0,0,0
44484,1,0,0,0,0
44485,1,0,0,0,0
44486,1,0,0,0,0
44487,1,0,0,0,0
44488,1,0,0,0,0
44489,1,0,0,0,0
44490,1,0,0,0,0
44491,1,0,0,0,0
44492,1,0,0,0,0
44493,1,0,0,0,0
44494,1,0,0,0,0
44495,1,0,0,0,0
44496,1,0,0,0,0
44497,1,0,0,0,0
44498,1,0,0,0,0
44499,1,0,0,0,0
44500,1,0,0,0,0
44501,1,0,0,0,0
44502,1,0,0,0,0
44503,1,0,0,0,0
44504,1,0,0,0,0
44505,1,0,0,0,0
44506,1,0,0,0,0
44507,1,0,0,0,0
44508,1,0,0,0,0
44509,1,0,0,0,0
44510,1,0,0,0,0
44511,1,0,0,0,0
44512,1,0,0,0,0
44513,1,0,0,0,0
44514,1,0,0,0,0
44515,1,0,0,0,0
44516,1,0,0,0,0
44517,1,0,0,0,0
44518,1,0,0,0,0
44519,1,0,0,0,0
44520,1,0,0,0,0
44521,1,0,0,0,0
44522,1,0,0,0,0
44523,1,0,0,0,0
44524,1,0,0,0,0
44525,1,0,0,0,0
44526,1,0,0,0,0
44527,1,0,0,0,0
44528,1,0,0,0,0
44529,1,0,0,0,0
44530,1,0,0,0,0
44531,1,0,0,0,0
44532,1,0,0,0,0
44533,1,0,0,0,0
44534,1,0,0,0,0
44535,1,0,0,0,0
44536,1,0,0,0,0
44537,1,0,0,0,0
44538,1,0,0,0,0
44539,1,0,0,0,0
44540,1,0,0,0,0
44541,1,0,0,0,0
44542,1,0,0,0,0
44543,1,0,0,0,0
44544,1,0,0,0,0
44545,1,0,0,0,0
44546,1,0,0,0,0
44547,1,0,0,0,0
44548,1,0,0,0,0
44549,1,0,0,0,0
44550,1,0,0,0,0
44551,1,0,0,0,0
44552,1,0,0,0,0
44553,1,0,0,0,0
44554,1,0,0,0,0
44555,1,0,0,0,0
44556,1,0,0,0,0
44557,1,0,0,0,0
44558,1,0,0,0,0
44559,1,0,0,0,0
44560,1,0,0,0,0
44561,1,0,0,0,0
44562,1,0,0,0,0
44563,1,0,0,0,0
44564,1,0,0,0,0
44565,1,0,0,0,0
44566,1,0,0,0,0
44567,1,0,0,0,0
44568,1,0,0,0,0
44569,1,0,0,0,0
44570,1,0,0,0,0
44571,1,0,0,0,0
44572,1,0,0,0,0
44573,1,0,0,0,0
44574,1,0,0,0,0
44575,1,0,0,0,0
44576,1,0,0,0,0
44577,1,0,0,0,0
44578,1,0,0,0,0
44579,1,0,0,0,0
44580,1,0,0,0,0
44581,1,0,0,0,0
44582,1,0,0,0,0
44583,1,0,0,0,0
44584,1,0,0,0,0
44585,1,0,0,0,0
44586,1,0,0,0,0
44587,1,0,0,0,0
44588,1,0,0,0,0
44589,1,0,0,0,0
44590,1,0,0,0,0
44591,1,0,0,0,0
44592,1,0,0,0,0
44593,1,0,0,0,0
44594,1,0,0,0,0
44595,1,0,0,0,0
44596,1,0,0,0,0
44597,1,0,0,0,0
44598,1,0,0,0,0
44599,1,0,0,0,0
44600,1,0,0,0,0
44601,1,0,0,0,0
44602,1,0,0,0,0
44603,1,0,0,0,0
44604,1,0,0,0,0
44605,1,0,0,0,0
44606,1,0,0,0,0
44607,1,0,0,0,0
44608,1,0,0,0,0
44609,1,0,0,0,0
44610,1,0,0,0,0
44611,1,0,0,0,0
44612,1,0,0,0,0
44613,1,0,0,0,0
44614,1,0,0,0,0
44615,1,0,0,0,0
44616,1,0,0,0,0
44617,1,0,0,0,0
44618,1,0,0,0,0
44619,1,0,0,0,0
44620,1,0,0,0,0
44621,1,0,0,0,0
44622,1,0,0,0,0
44623,1,0,0,0,0
44624,1,0,0,0,0
44625,1,0,0,0,0
44626,1,0,0,0,0
44627,1,0,0,0,0
44628,1,0,0,0,0
44629,1,0,0,0,0
44630,1,0,0,0,0
44631,1,0,0,0,0
44632,1,0,0,0,0
44633,1,0,0,0,0
44634,0,0,0,0,1
44635,0,0,0,0,1
44636,0,0,0,0,1
44637,0,0,0,0,1
44638,0,0,0,0,1
44639,0,0,0,0,1
44640,0,0,0,0,1
44641,0,0,0,0,1
44642,0,0,0,0,1
44643,0,0,0,0,1
44644,0,0,0,0,1
44645,0,0,0,0,1
44646,0,0,0,0,1
44647,0,0,0,0,1
44648,0,0,0,0,1
44649,0,0,0,0,1
44650,0,0,0,0,1
44651,0,0,0,0,1
44652,0,0,0,0,1
44653,0,0,0,0,1
44654,0,0,0,0,1
44655,0,0,0,0,1
44656,0,0,0,0,1
44657,0,0,0,0,1
44658,0,0,0,0,1
44659,0,0,0,0,1
44660,0,0,0,0,1
44661,0,0,0,0,1
44662,0,0,0,0,1
44663,0,0,0,0,1
44664,0,0,0,0,1
44665,0,0,0,0,1
44666,0,0,0,0,1
44667,0,0,0,0,1
44668,0,0,0,0,1
44669,0,0,0,0,1
44670,0,0,0,0,1
44671,0,0,0,0,1
44672,0,0,0,0,1
44673,0,0,0,0,1
44674,0,0,0,0,1
44675,0,0,0,0,1
44676,0,0,0,0,1
44677,0,0,0,0,1
44678,0,0,0,0,1
44679,0,0,0,0,1
44680,0,0,0,0,1
44681,0,0,0,0,1
44682,0,0,0,0,1
44683,0,0,0,0,1
44684,0,0,0,0,1
44685,0,0,0,0,1
44686,0,0,0,0,1
44687,0,0,0,0,1
44688,0,0,0,0,1
44689,0,0,0,0,1
44690,0,0,0,0,1
44691,0,0,0,0,1
44692,0,0,0,0,1
44693,0,0,0,0,1
44694,0,0,0,0,1
44695,0,0,0,0,1
44696,0,0,0,0,1
44697,1,0,0,0,0
44698,1,0,0,0,0
44699,1,0,0,0,0
44700,1,0,0,0,0
44701,1,0,0,0,0
44702,1,0,0,0,0
44703,1,0,0,0,0
44704,1,0,0,0,0
44705,1,0,0,0,0
44706,1,0,0,0,0
44707,1,0,0,0,0
44708,1,0,0,0,0
44709,0,0,0,0,1
44710,0,0,0,0,1
44711,0,0,0,0,1
44712,0,0,0,0,1
44713,0,0,0,0,1
44714,0,0,0,0,1
44715,0,0,0,0,1
44716,0,0,0,0,1
44717,0,0,0,0,1
44718,0,0,0,0,1
44719,0,0,0,0,1
44720,0,0,0,0,1
44721,0,0,0,0,1
44722,0,0,0,0,1
44723,0,0,0,0,1
44724,0,0,0,0,1
44725,0,0,0,0,1
44726,0,0,0,0,1
44727,0,0,0,0,1
44728,0,0,0,0,1
44729,0,0,0,0,1
44730,0,0,0,0,1
44731,0,0,0,0,1
44732,0,0,0,0,1
44733,0,0,0,0,1
44734,0,0,0,0,1
44735,0,0,0,0,1
44736,0,0,0,0,1
44737,0,0,0,0,1
44738,0,0,0,0,1
44739,0,0,0,0,1
44740,0,0,0,0,1
44741,0,0,0,0,1
44742,0,0,0,0,1
44743,0,0,0,0,1
44744,0,0,0,0,1
44745,0,0,0,0,1
44746,0,0,0,0,1
44747,0,0,0,0,1
44748,0,0,0,0,1
44749,0,0,0,0,1
44750,0,0,0,0,1
44751,0,0,0,0,1
44752,0,0,0,0,1
44753,0,0,0,0,1
44754,0,0,0,0,1
44755,0,0,0,0,1
44756,0,0,0,0,1
44757,0,0,0,0,1
44758,0,0,0,0,1
44759,0,0,0,0,1
44760,0,0,0,0,1
44761,0,0,0,0,1
44762,0,0,0,0,1
44763,0,0,0,0,1
44764,0,0,0,0,1
44765,0,0,0,0,1
44766,0,0,0,0,1
44767,0,0,0,0,1
44768,0,0,0,0,1
44769,1,0,0,0,0
44770,0,0,1,0,0
44771,0,0,1,0,0
44772,0,0,1,0,0
44773,0,0,1,0,0
44774,0,0,1,0,0
44775,0,0,1,0,0
44776,0,0,1,0,0
44777,0,0,1,0,0
44778,0,0,1,0,0
44779,0,0,1,0,0
44780,0,0,1,0,0
44781,0,0,1,0,0
44782,0,0,1,0,0
44783,0,0,1,0,0
44784,0,0,1,0,0
44785,0,0,1,0,0
44786,0,0,1,0,0
44787,0,0,1,0,0
44788,0,0,1,0,0
44789,0,0,1,0,0
44790,0,0,1,0,0
44791,0,0,1,0,0
44792,0,0,0,1,0
44793,0,0,0,1,0
44794,0,0,0,1,0
44795,0,0,0,1,0
44796,0,0,0,1,0
44797,1,0,0,0,0
44798,1,0,0,0,0
44799,1,0,0,0,0
44800,1,0,0,0,0
44801,1,0,0,0,0
44802,1,0,0,0,0
44803,1,0,0,0,0
44804,1,0,0,0,0
44805,1,0,0,0,0
44806,1,0,0,0,0
44807,1,0,0,0,0
44808,1,0,0,0,0
44809,1,0,0,0,0
44810,1,0,0,0,0
44811,1,0,0,0,0
44812,1,0,0,0,0
44813,1,0,0,0,0
44814,1,0,0,0,0
44815,1,0,0,0,0
44816,1,0,0,0,0
44817,1,0,0,0,0
44818,1,0,0,0,0
44819,1,0,0,0,0
44820,1,0,0,0,0
44821,1,0,0,0,0
44822,1,0,0,0,0
44823,1,0,0,0,0
44824,0,0,0,0,1
44825,0,0,0,0,1
44826,0,0,0,0,1
44827,0,0,0,0,1
44828,0,0,0,0,1
44829,0,0,0,0,1
44830,0,0,0,0,1
44831,0,0,0,0,1
44832,0,0,0,0,1
44833,0,0,0,0,1
44834,0,0,0,0,1
44835,0,0,0,0,1
44836,0,0,0,0,1
44837,0,0,0,0,1
44838,0,0,0,0,1
44839,0,0,0,0,1
44840,0,0,0,0,1
44841,0,0,0,0,1
44842,0,0,0,0,1
44843,0,0,0,0,1
44844,0,0,0,0,1
44845,0,0,0,0,1
44846,0,0,0,0,1
44847,0,0,0,0,1
44848,0,0,0,0,1
44849,0,0,0,0,1
44850,0,0,0,0,1
44851,0,0,0,0,1
44852,0,0,0,0,1
44853,0,0,0,0,1
44854,0,0,0,0,1
44855,0,0,0,0,1
44856,0,0,0,0,1
44857,0,0,0,0,1
44858,0,0,0,0,1
44859,1,0,0,0,0
44860,1,0,0,0,0
44861,1,0,0,0,0
44862,1,0,0,0,0
44863,1,0,0,0,0
44864,1,0,0,0,0
44865,1,0,0,0,0
44866,1,0,0,0,0
44867,1,0,0,0,0
44868,1,0,0,0,0
44869,1,0,0,0,0
44870,1,0,0,0,0
44871,1,0,0,0,0
44872,1,0,0,0,0
44873,1,0,0,0,0
44874,1,0,0,0,0
44875,1,0,0,0,0
44876,1,0,0,0,0
44877,1,0,0,0,0
44878,1,0,0,0,0
44879,1,0,0,0,0
44880,1,0,0,0,0
44881,1,0,0,0,0
44882,1,0,0,0,0
44883,1,0,0,0,0
44884,1,0,0,0,0
44885,1,0,0,0,0
44886,1,0,0,0,0
44887,0,0,0,0,1
44888,0,0,0,0,1
44889,0,0,0,0,1
44890,0,0,0,0,1
44891,0,0,0,0,1
44892,0,0,0,0,1
44893,0,0,0,0,1
44894,0,0,0,0,1
44895,0,0,0,0,1
44896,0,0,0,0,1
44897,0,0,0,0,1
44898,0,0,0,0,1
44899,0,0,0,0,1
44900,0,0,0,0,1
44901,0,0,0,0,1
44902,0,0,0,0,1
44903,0,0,0,0,1
44904,0,0,0,0,1
44905,0,0,0,0,1
44906,0,0,0,0,1
44907,0,0,0,0,1
44908,0,0,0,0,1
44909,0,0,0,0,1
44910,0,0,0,0,1
44911,0,0,0,0,1
44912,0,0,0,0,1
44913,0,0,0,0,1
44914,0,0,0,0,1
44915,0,0,0,0,1
44916,0,0,0,0,1
44917,0,0,0,0,1
44918,0,0,0,0,1
44919,0,0,0,0,1
44920,0,0,0,0,1
44921,0,0,0,0,1
44922,0,0,0,0,1
44923,0,0,0,0,1
44924,0,0,0,0,1
44925,0,0,0,0,1
44926,0,0,0,0,1
44927,0,0,0,0,1
44928,0,0,0,0,1
44929,0,0,0,0,1
44930,0,0,0,0,1
44931,0,0,0,0,1
44932,0,0,0,0,1
44933,0,0,0,0,1
44934,0,0,0,0,1
44935,0,0,0,0,1
44936,0,0,0,0,1
44937,0,0,0,0,1
44938,0,0,0,0,1
44939,0,0,0,0,1
44940,0,0,0,0,1
44941,0,0,0,0,1
44942,0,0,0,0,1
44943,0,0,0,0,1
44944,0,0,0,0,1
44945,0,0,0,0,1
44946,0,0,0,0,1
44947,0,0,0,0,1
44948,0,0,0,0,1
44949,0,0,0,0,1
44950,0,0,0,0,1
44951,0,0,0,0,1
44952,0,0,0,0,1
44953,0,0,0,0,1
44954,0,0,0,0,1
44955,0,0,0,1,0
44956,0,0,0,1,0
44957,0,0,0,1,0
44958,0,0,0,1,0
44959,0,0,0,1,0
44960,0,0,0,1,0
44961,0,0,0,1,0
44962,0,0,0,1,0
44963,0,0,0,1,0
44964,0,0,0,1,0
44965,0,0,0,1,0
44966,0,0,0,1,0
44967,0,0,0,1,0
44968,0,0,0,1,0
44969,0,0,0,1,0
44970,0,0,0,1,0
44971,0,0,0,1,0
44972,0,0,0,1,0
44973,0,0,0,1,0
44974,1,0,0,0,0
44975,1,0,0,0,0
44976,1,0,0,0,0
44977,1,0,0,0,0
44978,1,0,0,0,0
44979,1,0,0,0,0
44980,1,0,0,0,0
44981,1,0,0,0,0
44982,1,0,0,0,0
44983,1,0,0,0,0
44984,1,0,0,0,0
44985,1,0,0,0,0
44986,1,0,0,0,0
44987,1,0,0,0,0
44988,1,0,0,0,0
44989,1,0,0,0,0
44990,1,0,0,0,0
44991,1,0,0,0,0
44992,1,0,0,0,0
44993,1,0,0,0,0
44994,1,0,0,0,0
44995,1,0,0,0,0
44996,1,0,0,0,0
44997,1,0,0,0,0
44998,1,0,0,0,0
44999,1,0,0,0,0
45000,1,0,0,0,0
45001,1,0,0,0,0
45002,1,0,0,0,0
45003,1,0,0,0,0
45004,1,0,0,0,0
45005,1,0,0,0,0
45006,1,0,0,0,0
45007,1,0,0,0,0
45008,1,0,0,0,0
45009,1,0,0,0,0
45010,1,0,0,0,0
45011,0,0,0,0,1
45012,0,0,0,0,1
45013,0,0,0,0,1
45014,0,0,0,0,1
45015,0,0,0,0,1
45016,0,0,0,0,1
45017,0,0,0,0,1
45018,0,0,0,0,1
45019,0,0,0,0,1
45020,0,0,0,0,1
45021,0,0,0,0,1
45022,0,0,0,0,1
45023,0,0,0,0,1
45024,0,0,0,0,1
45025,0,0,0,0,1
45026,0,0,0,0,1
45027,0,0,0,0,1
45028,0,0,0,0,1
45029,0,0,0,1,0
45030,0,0,0,1,0
45031,0,0,0,1,0
45032,0,0,0,1,0
45033,0,0,0,1,0
45034,0,0,0,1,0
45035,0,0,0,1,0
45036,1,0,0,0,0
45037,1,0,0,0,0
45038,1,0,0,0,0
45039,1,0,0,0,0
45040,1,0,0,0,0
45041,1,0,0,0,0
45042,1,0,0,0,0
45043,1,0,0,0,0
45044,1,0,0,0,0
45045,1,0,0,0,0
45046,1,0,0,0,0
45047,1,0,0,0,0
45048,1,0,0,0,0
45049,1,0,0,0,0
45050,1,0,0,0,0
45051,1,0,0,0,0
45052,1,0,0,0,0
45053,1,0,0,0,0
45054,1,0,0,0,0
45055,1,0,0,0,0
45056,1,0,0,0,0
45057,1,0,0,0,0
45058,1,0,0,0,0
45059,1,0,0,0,0
45060,1,0,0,0,0
45061,1,0,0,0,0
45062,1,0,0,0,0
45063,1,0,0,0,0
45064,1,0,0,0,0
45065,1,0,0,0,0
45066,1,0,0,0,0
45067,1,0,0,0,0
45068,1,0,0,0,0
45069,0,0,0,0,1
45070,0,0,0,0,1
45071,0,0,0,0,1
45072,0,0,0,0,1
45073,0,0,0,0,1
45074,0,0,0,0,1
45075,0,0,0,0,1
45076,0,0,0,0,1
45077,0,0,0,0,1
45078,0,0,0,0,1
45079,0,0,0,0,1
45080,0,0,0,0,1
45081,0,0,0,0,1
45082,0,0,0,0,1
45083,0,0,0,0,1
45084,0,0,0,0,1
45085,0,0,0,0,1
45086,0,0,0,0,1
45087,0,0,0,0,1
45088,0,0,0,0,1
45089,0,0,0,0,1
45090,0,0,0,0,1
45091,0,0,0,0,1
45092,1,0,0,0,0
45093,1,0,0,0,0
45094,1,0,0,0,0
45095,1,0,0,0,0
45096,1,0,0,0,0
45097,1,0,0,0,0
45098,1,0,0,0,0
45099,1,0,0,0,0
45100,1,0,0,0,0
45101,1,0,0,0,0
45102,1,0,0,0,0
45103,1,0,0,0,0
45104,1,0,0,0,0
45105,1,0,0,0,0
45106,1,0,0,0,0
45107,1,0,0,0,0
45108,1,0,0,0,0
45109,1,0,0,0,0
45110,1,0,0,0,0
45111,1,0,0,0,0
45112,1,0,0,0,0
45113,1,0,0,0,0
45114,1,0,0,0,0
45115,1,0,0,0,0
45116,1,0,0,0,0
45117,1,0,0,0,0
45118,1,0,0,0,0
45119,1,0,0,0,0
45120,1,0,0,0,0
45121,1,0,0,0,0
45122,1,0,0,0,0
45123,1,0,0,0,0
45124,1,0,0,0,0
45125,1,0,0,0,0
45126,1,0,0,0,0
45127,1,0,0,0,0
45128,1,0,0,0,0
45129,1,0,0,0,0
45130,1,0,0,0,0
45131,1,0,0,0,0
45132,1,0,0,0,0
45133,1,0,0,0,0
45134,1,0,0,0,0
45135,1,0,0,0,0
45136,1,0,0,0,0
45137,1,0,0,0,0
45138,1,0,0,0,0
45139,1,0,0,0,0
45140,1,0,0,0,0
45141,1,0,0,0,0
45142,1,0,0,0,0
45143,1,0,0,0,0
45144,1,0,0,0,0
45145,1,0,0,0,0
45146,1,0,0,0,0
45147,1,0,0,0,0
45148,1,0,0,0,0
45149,1,0,0,0,0
45150,1,0,0,0,0
45151,1,0,0,0,0
45152,1,0,0,0,0
45153,1,0,0,0,0
45154,1,0,0,0,0
45155,1,0,0,0,0
45156,1,0,0,0,0
45157,1,0,0,0,0
45158,1,0,0,0,0
45159,1,0,0,0,0
45160,1,0,0,0,0
45161,1,0,0,0,0
45162,1,0,0,0,0
45163,1,0,0,0,0
45164,1,0,0,0,0
45165,1,0,0,0,0
45166,1,0,0,0,0
45167,1,0,0,0,0
45168,1,0,0,0,0
45169,1,0,0,0,0
45170,1,0,0,0,0
45171,1,0,0,0,0
45172,1,0,0,0,0
45173,1,0,0,0,0
45174,1,0,0,0,0
45175,1,0,0,0,0
45176,1,0,0,0,0
45177,1,0,0,0,0
45178,1,0,0,0,0
45179,1,0,0,0,0
45180,1,0,0,0,0
45181,1,0,0,0,0
45182,1,0,0,0,0
45183,1,0,0,0,0
45184,1,0,0,0,0
45185,1,0,0,0,0
45186,1,0,0,0,0
45187,1,0,0,0,0
45188,1,0,0,0,0
45189,1,0,0,0,0
45190,1,0,0,0,0
45191,1,0,0,0,0
45192,1,0,0,0,0
45193,1,0,0,0,0
45194,1,0,0,0,0
45195,1,0,0,0,0
45196,1,0,0,0,0
45197,1,0,0,0,0
45198,1,0,0,0,0
45199,1,0,0,0,0
45200,1,0,0,0,0
45201,1,0,0,0,0
45202,1,0,0,0,0
45203,1,0,0,0,0
45204,1,0,0,0,0
45205,0,0,0,0,1
45206,0,0,0,0,1
45207,0,0,0,0,1
45208,0,0,0,0,1
45209,0,0,0,0,1
45210,0,0,0,0,1
45211,0,0,0,0,1
45212,0,0,0,0,1
45213,0,0,0,0,1
45214,0,0,0,0,1
45215,0,0,0,0,1
45216,0,0,0,0,1
45217,0,0,0,0,1
45218,0,0,0,0,1
45219,0,0,0,0,1
45220,0,0,0,0,1
45221,0,0,0,0,1
45222,0,0,0,0,1
45223,0,0,0,0,1
45224,0,0,0,0,1
45225,0,0,0,0,1
45226,0,0,0,0,1
45227,0,0,0,0,1
45228,0,0,0,0,1
45229,0,0,0,0,1
45230,0,0,0,0,1
45231,0,0,0,0,1
45232,0,0,0,0,1
45233,0,0,0,0,1
45234,0,0,0,0,1
45235,0,0,0,0,1
45236,0,0,0,0,1
45237,0,0,0,0,1
45238,0,0,0,0,1
45239,0,0,0,0,1
45240,0,0,0,0,1
45241,0,0,0,0,1
45242,0,0,0,0,1
45243,0,0,0,0,1
45244,0,0,0,0,1
45245,0,0,0,0,1
45246,0,0,0,0,1
45247,0,0,0,0,1
45248,0,0,0,0,1
45249,0,0,0,0,1
45250,0,0,0,0,1
45251,0,0,0,0,1
45252,0,0,0,0,1
45253,0,0,0,0,1
45254,0,0,0,0,1
45255,0,0,0,0,1
45256,0,0,0,0,1
45257,0,0,0,0,1
45258,0,0,0,0,1
45259,0,0,0,0,1
45260,0,0,0,0,1
45261,0,0,0,0,1
45262,0,0,0,0,1
45263,0,0,0,0,1
45264,0,0,0,0,1
45265,0,0,0,0,1
45266,0,0,0,0,1
45267,0,0,0,0,1
45268,0,0,0,0,1
45269,0,0,0,0,1
45270,0,0,0,0,1
45271,0,0,0,0,1
45272,0,0,0,0,1
45273,0,0,0,0,1
45274,0,0,0,0,1
45275,0,0,0,0,1
45276,0,0,0,0,1
45277,0,0,0,0,1
45278,0,0,0,0,1
45279,0,0,0,0,1
45280,0,0,0,0,1
45281,0,0,0,0,1
45282,0,0,0,0,1
45283,0,0,0,0,1
45284,0,0,0,0,1
45285,0,0,0,0,1
45286,0,0,0,0,1
45287,0,0,0,0,1
45288,0,0,0,0,1
45289,0,0,0,0,1
45290,0,0,0,0,1
45291,0,0,0,0,1
45292,0,0,0,0,1
45293,0,0,0,0,1
45294,0,0,0,0,1
45295,0,0,0,0,1
45296,0,0,0,0,1
45297,0,0,0,0,1
45298,0,0,0,0,1
45299,0,0,0,0,1
45300,0,0,0,0,1
45301,0,0,0,0,1
45302,0,0,0,0,1
45303,0,0,0,0,1
45304,0,0,0,0,1
45305,0,0,0,0,1
45306,0,0,0,0,1
45307,0,0,0,0,1
45308,0,0,0,0,1
45309,0,0,0,0,1
45310,0,0,0,0,1
45311,0,0,0,0,1
45312,0,0,0,0,1
45313,0,0,0,0,1
45314,0,0,0,0,1
45315,0,0,0,0,1
45316,0,0,0,0,1
45317,0,0,0,0,1
45318,0,0,0,0,1
45319,0,0,0,0,1
45320,0,0,0,0,1
45321,0,0,0,0,1
45322,0,0,0,0,1
45323,0,0,0,0,1
45324,0,0,0,0,1
45325,0,0,0,0,1
45326,0,0,0,0,1
45327,0,0,0,0,1
45328,0,0,0,0,1
45329,0,0,0,0,1
45330,0,0,0,0,1
45331,0,0,0,0,1
45332,0,0,0,0,1
45333,1,0,0,0,0
45334,1,0,0,0,0
45335,1,0,0,0,0
45336,1,0,0,0,0
45337,1,0,0,0,0
45338,1,0,0,0,0
45339,1,0,0,0,0
45340,1,0,0,0,0
45341,1,0,0,0,0
45342,1,0,0,0,0
45343,1,0,0,0,0
45344,1,0,0,0,0
45345,1,0,0,0,0
45346,1,0,0,0,0
45347,1,0,0,0,0
45348,1,0,0,0,0
45349,1,0,0,0,0
45350,1,0,0,0,0
45351,1,0,0,0,0
45352,1,0,0,0,0
45353,1,0,0,0,0
45354,1,0,0,0,0
45355,1,0,0,0,0
45356,1,0,0,0,0
45357,1,0,0,0,0
45358,1,0,0,0,0
45359,1,0,0,0,0
45360,1,0,0,0,0
45361,1,0,0,0,0
45362,1,0,0,0,0
45363,1,0,0,0,0
45364,1,0,0,0,0
45365,1,0,0,0,0
45366,1,0,0,0,0
45367,1,0,0,0,0
45368,1,0,0,0,0
45369,1,0,0,0,0
45370,1,0,0,0,0
45371,1,0,0,0,0
45372,1,0,0,0,0
45373,0,0,0,0,1
45374,0,0,0,0,1
45375,0,0,0,0,1
45376,0,0,0,0,1
45377,0,0,0,0,1
45378,0,0,0,0,1
45379,0,0,0,0,1
45380,0,0,0,0,1
45381,0,0,0,0,1
45382,0,0,0,0,1
45383,0,0,0,0,1
45384,0,0,0,0,1
45385,0,0,0,0,1
45386,0,0,0,0,1
45387,0,0,0,0,1
45388,0,0,0,0,1
45389,0,0,0,0,1
45390,0,0,0,0,1
45391,0,0,0,0,1
45392,0,0,0,0,1
45393,0,0,0,0,1
45394,0,0,0,0,1
45395,0,0,0,0,1
45396,0,0,0,0,1
45397,0,0,0,0,1
45398,0,0,0,0,1
45399,0,0,0,0,1
45400,0,0,0,0,1
45401,0,0,0,0,1
45402,0,0,0,0,1
45403,0,0,0,0,1
45404,0,0,0,0,1
45405,0,0,0,0,1
45406,0,0,0,0,1
45407,0,0,0,0,1
45408,0,0,0,0,1
45409,0,0,0,0,1
45410,0,0,0,0,1
45411,0,0,0,0,1
45412,0,0,0,0,1
45413,0,0,0,0,1
45414,0,0,0,0,1
45415,0,0,0,0,1
45416,0,0,0,0,1
45417,0,0,0,0,1
45418,0,0,0,0,1
45419,0,0,0,0,1
45420,1,0,0,0,0
45421,1,0,0,0,0
45422,1,0,0,0,0
45423,1,0,0,0,0
45424,1,0,0,0,0
45425,1,0,0,0,0
45426,1,0,0,0,0
45427,1,0,0,0,0
45428,1,0,0,0,0
45429,1,0,0,0,0
45430,1,0,0,0,0
45431,1,0,0,0,0
45432,1,0,0,0,0
45433,1,0,0,0,0
45434,1,0,0,0,0
45435,1,0,0,0,0
45436,1,0,0,0,0
45437,1,0,0,0,0
45438,1,0,0,0,0
45439,1,0,0,0,0
45440,1,0,0,0,0
45441,1,0,0,0,0
45442,1,0,0,0,0
45443,1,0,0,0,0
45444,1,0,0,0,0
45445,1,0,0,0,0
45446,1,0,0,0,0
45447,1,0,0,0,0
45448,1,0,0,0,0
45449,1,0,0,0,0
45450,1,0,0,0,0
45451,1,0,0,0,0
45452,1,0,0,0,0
45453,1,0,0,0,0
45454,1,0,0,0,0
45455,1,0,0,0,0
45456,1,0,0,0,0
45457,1,0,0,0,0
45458,1,0,0,0,0
45459,1,0,0,0,0
45460,1,0,0,0,0
45461,1,0,0,0,0
45462,1,0,0,0,0
45463,1,0,0,0,0
45464,1,0,0,0,0
45465,1,0,0,0,0
45466,1,0,0,0,0
45467,1,0,0,0,0
45468,1,0,0,0,0
45469,1,0,0,0,0
45470,1,0,0,0,0
45471,1,0,0,0,0
45472,1,0,0,0,0
45473,1,0,0,0,0
45474,1,0,0,0,0
45475,1,0,0,0,0
45476,1,0,0,0,0
45477,1,0,0,0,0
45478,1,0,0,0,0
45479,1,0,0,0,0
45480,1,0,0,0,0
45481,1,0,0,0,0
45482,1,0,0,0,0
45483,1,0,0,0,0
45484,1,0,0,0,0
45485,1,0,0,0,0
45486,1,0,0,0,0
45487,1,0,0,0,0
45488,1,0,0,0,0
45489,1,0,0,0,0
45490,1,0,0,0,0
45491,1,0,0,0,0
45492,1,0,0,0,0
45493,1,0,0,0,0
45494,1,0,0,0,0
45495,1,0,0,0,0
45496,1,0,0,0,0
45497,1,0,0,0,0
45498,1,0,0,0,0
45499,1,0,0,0,0
45500,1,0,0,0,0
45501,1,0,0,0,0
45502,1,0,0,0,0
45503,1,0,0,0,0
45504,1,0,0,0,0
45505,1,0,0,0,0
45506,1,0,0,0,0
45507,1,0,0,0,0
45508,1,0,0,0,0
45509,1,0,0,0,0
45510,1,0,0,0,0
45511,1,0,0,0,0
45512,1,0,0,0,0
45513,1,0,0,0,0
45514,1,0,0,0,0
45515,1,0,0,0,0
45516,1,0,0,0,0
45517,1,0,0,0,0
45518,1,0,0,0,0
45519,1,0,0,0,0
45520,1,0,0,0,0
45521,1,0,0,0,0
45522,1,0,0,0,0
45523,1,0,0,0,0
45524,1,0,0,0,0
45525,1,0,0,0,0
45526,1,0,0,0,0
45527,1,0,0,0,0
45528,1,0,0,0,0
45529,1,0,0,0,0
45530,1,0,0,0,0
45531,1,0,0,0,0
45532,1,0,0,0,0
45533,1,0,0,0,0
45534,1,0,0,0,0
45535,1,0,0,0,0
45536,1,0,0,0,0
45537,1,0,0,0,0
45538,1,0,0,0,0
45539,1,0,0,0,0
45540,1,0,0,0,0
45541,1,0,0,0,0
45542,1,0,0,0,0
45543,1,0,0,0,0
45544,1,0,0,0,0
45545,1,0,0,0,0
45546,1,0,0,0,0
45547,1,0,0,0,0
45548,1,0,0,0,0
45549,1,0,0,0,0
45550,1,0,0,0,0
45551,1,0,0,0,0
45552,1,0,0,0,0
45553,1,0,0,0,0
45554,1,0,0,0,0
45555,1,0,0,0,0
45556,1,0,0,0,0
45557,1,0,0,0,0
45558,1,0,0,0,0
45559,1,0,0,0,0
45560,1,0,0,0,0
45561,1,0,0,0,0
45562,1,0,0,0,0
45563,1,0,0,0,0
45564,1,0,0,0,0
45565,1,0,0,0,0
45566,1,0,0,0,0
45567,1,0,0,0,0
45568,1,0,0,0,0
45569,1,0,0,0,0
45570,1,0,0,0,0
45571,1,0,0,0,0
45572,1,0,0,0,0
45573,1,0,0,0,0
45574,1,0,0,0,0
45575,1,0,0,0,0
45576,1,0,0,0,0
45577,1,0,0,0,0
45578,1,0,0,0,0
45579,1,0,0,0,0
45580,1,0,0,0,0
45581,1,0,0,0,0
45582,1,0,0,0,0
45583,1,0,0,0,0
45584,1,0,0,0,0
45585,1,0,0,0,0
45586,1,0,0,0,0
45587,1,0,0,0,0
45588,1,0,0,0,0
45589,1,0,0,0,0
45590,1,0,0,0,0
45591,1,0,0,0,0
45592,1,0,0,0,0
45593,1,0,0,0,0
45594,1,0,0,0,0
45595,1,0,0,0,0
45596,1,0,0,0,0
45597,1,0,0,0,0
45598,1,0,0,0,0
45599,1,0,0,0,0
45600,1,0,0,0,0
45601,1,0,0,0,0
45602,1,0,0,0,0
45603,1,0,0,0,0
45604,1,0,0,0,0
45605,1,0,0,0,0
45606,1,0,0,0,0
45607,1,0,0,0,0
45608,1,0,0,0,0
45609,1,0,0,0,0
45610,1,0,0,0,0
45611,1,0,0,0,0
45612,1,0,0,0,0
45613,1,0,0,0,0
45614,1,0,0,0,0
45615,1,0,0,0,0
45616,1,0,0,0,0
45617,1,0,0,0,0
45618,1,0,0,0,0
45619,1,0,0,0,0
45620,1,0,0,0,0
45621,1,0,0,0,0
45622,1,0,0,0,0
45623,1,0,0,0,0
45624,1,0,0,0,0
45625,1,0,0,0,0
45626,1,0,0,0,0
45627,1,0,0,0,0
45628,1,0,0,0,0
45629,1,0,0,0,0
45630,1,0,0,0,0
45631,1,0,0,0,0
45632,1,0,0,0,0
45633,1,0,0,0,0
45634,1,0,0,0,0
45635,1,0,0,0,0
45636,1,0,0,0,0
45637,1,0,0,0,0
45638,1,0,0,0,0
45639,1,0,0,0,0
45640,1,0,0,0,0
45641,1,0,0,0,0
45642,1,0,0,0,0
45643,1,0,0,0,0
45644,1,0,0,0,0
45645,1,0,0,0,0
45646,1,0,0,0,0
45647,1,0,0,0,0
45648,1,0,0,0,0
45649,1,0,0,0,0
45650,1,0,0,0,0
45651,1,0,0,0,0
45652,1,0,0,0,0
45653,1,0,0,0,0
45654,1,0,0,0,0
45655,1,0,0,0,0
45656,1,0,0,0,0
45657,1,0,0,0,0
45658,1,0,0,0,0
45659,1,0,0,0,0
45660,1,0,0,0,0
45661,1,0,0,0,0
45662,1,0,0,0,0
45663,1,0,0,0,0
45664,0,1,0,0,0
45665,0,1,0,0,0
45666,0,1,0,0,0
45667,0,1,0,0,0
45668,0,1,0,0,0
45669,0,1,0,0,0
45670,0,1,0,0,0
45671,0,1,0,0,0
45672,0,1,0,0,0
45673,0,1,0,0,0
45674,0,1,0,0,0
45675,0,1,0,0,0
45676,0,1,0,0,0
45677,0,1,0,0,0
45678,0,1,0,0,0
45679,0,1,0,0,0
45680,0,1,0,0,0
45681,0,1,0,0,0
45682,0,1,0,0,0
45683,0,1,0,0,0
45684,0,1,0,0,0
45685,0,1,0,0,0
45686,0,1,0,0,0
45687,0,1,0,0,0
45688,0,1,0,0,0
45689,0,1,0,0,0
45690,0,1,0,0,0
45691,0,1,0,0,0
45692,0,1,0,0,0
45693,0,1,0,0,0
45694,0,1,0,0,0
45695,0,1,0,0,0
45696,0,1,0,0,0
45697,0,1,0,0,0
45698,0,1,0,0,0
45699,0,1,0,0,0
45700,1,0,0,0,0
45701,1,0,0,0,0
45702,1,0,0,0,0
45703,1,0,0,0,0
45704,1,0,0,0,0
45705,1,0,0,0,0
45706,1,0,0,0,0
45707,1,0,0,0,0
45708,1,0,0,0,0
45709,1,0,0,0,0
45710,1,0,0,0,0
45711,1,0,0,0,0
45712,1,0,0,0,0
45713,1,0,0,0,0
45714,1,0,0,0,0
45715,1,0,0,0,0
45716,1,0,0,0,0
45717,1,0,0,0,0
45718,1,0,0,0,0
45719,1,0,0,0,0
45720,1,0,0,0,0
45721,1,0,0,0,0
45722,1,0,0,0,0
45723,1,0,0,0,0
45724,1,0,0,0,0
45725,1,0,0,0,0
45726,1,0,0,0,0
45727,1,0,0,0,0
45728,1,0,0,0,0
45729,1,0,0,0,0
45730,1,0,0,0,0
45731,1,0,0,0,0
45732,1,0,0,0,0
45733,1,0,0,0,0
45734,1,0,0,0,0
45735,1,0,0,0,0
45736,1,0,0,0,0
45737,1,0,0,0,0
45738,1,0,0,0,0
45739,1,0,0,0,0
45740,1,0,0,0,0
45741,1,0,0,0,0
45742,1,0,0,0,0
45743,1,0,0,0,0
45744,1,0,0,0,0
45745,1,0,0,0,0
45746,1,0,0,0,0
45747,1,0,0,0,0
45748,1,0,0,0,0
45749,1,0,0,0,0
45750,1,0,0,0,0
45751,1,0,0,0,0
45752,1,0,0,0,0
45753,1,0,0,0,0
45754,1,0,0,0,0
45755,1,0,0,0,0
45756,1,0,0,0,0
45757,1,0,0,0,0
45758,1,0,0,0,0
45759,1,0,0,0,0
45760,1,0,0,0,0
45761,1,0,0,0,0
45762,1,0,0,0,0
45763,1,0,0,0,0
45764,1,0,0,0,0
45765,1,0,0,0,0
45766,1,0,0,0,0
45767,1,0,0,0,0
45768,1,0,0,0,0
45769,1,0,0,0,0
45770,1,0,0,0,0
45771,1,0,0,0,0
45772,1,0,0,0,0
45773,1,0,0,0,0
45774,1,0,0,0,0
45775,1,0,0,0,0
45776,1,0,0,0,0
45777,1,0,0,0,0
45778,1,0,0,0,0
45779,1,0,0,0,0
45780,1,0,0,0,0
45781,1,0,0,0,0
45782,1,0,0,0,0
45783,1,0,0,0,0
45784,1,0,0,0,0
45785,1,0,0,0,0
45786,1,0,0,0,0
45787,1,0,0,0,0
45788,1,0,0,0,0
45789,1,0,0,0,0
45790,1,0,0,0,0
45791,1,0,0,0,0
45792,1,0,0,0,0
45793,1,0,0,0,0
45794,1,0,0,0,0
45795,1,0,0,0,0
45796,1,0,0,0,0
45797,1,0,0,0,0
45798,1,0,0,0,0
45799,0,1,0,0,0
45800,0,1,0,0,0
45801,0,1,0,0,0
45802,0,1,0,0,0
45803,0,1,0,0,0
45804,0,1,0,0,0
45805,0,1,0,0,0
45806,0,1,0,0,0
45807,0,1,0,0,0
45808,0,1,0,0,0
45809,0,1,0,0,0
45810,0,1,0,0,0
45811,0,1,0,0,0
45812,0,1,0,0,0
45813,0,1,0,0,0
45814,0,1,0,0,0
45815,0,1,0,0,0
45816,0,1,0,0,0
45817,0,1,0,0,0
45818,0,1,0,0,0
45819,0,1,0,0,0
45820,0,1,0,0,0
45821,0,1,0,0,0
45822,0,1,0,0,0
45823,0,1,0,0,0
45824,0,1,0,0,0
45825,0,1,0,0,0
45826,0,1,0,0,0
45827,0,1,0,0,0
45828,0,1,0,0,0
45829,0,1,0,0,0
45830,0,1,0,0,0
45831,0,1,0,0,0
45832,0,1,0,0,0
45833,0,1,0,0,0
45834,0,1,0,0,0
45835,0,1,0,0,0
45836,0,1,0,0,0
45837,0,1,0,0,0
45838,0,1,0,0,0
45839,1,0,0,0,0
45840,1,0,0,0,0
45841,1,0,0,0,0
45842,1,0,0,0,0
45843,1,0,0,0,0
45844,1,0,0,0,0
45845,1,0,0,0,0
45846,1,0,0,0,0
45847,1,0,0,0,0
45848,1,0,0,0,0
45849,1,0,0,0,0
45850,1,0,0,0,0
45851,1,0,0,0,0
45852,1,0,0,0,0
45853,1,0,0,0,0
45854,1,0,0,0,0
45855,1,0,0,0,0
45856,1,0,0,0,0
45857,1,0,0,0,0
45858,1,0,0,0,0
45859,1,0,0,0,0
45860,1,0,0,0,0
45861,1,0,0,0,0
45862,1,0,0,0,0
45863,1,0,0,0,0
45864,1,0,0,0,0
45865,1,0,0,0,0
45866,1,0,0,0,0
45867,1,0,0,0,0
45868,1,0,0,0,0
45869,1,0,0,0,0
45870,1,0,0,0,0
45871,1,0,0,0,0
45872,1,0,0,0,0
45873,1,0,0,0,0
45874,1,0,0,0,0
45875,1,0,0,0,0
45876,1,0,0,0,0
45877,0,0,0,1,0
45878,0,0,0,1,0
45879,0,0,0,1,0
45880,0,0,0,1,0
45881,0,0,0,1,0
45882,0,0,0,1,0
45883,0,0,0,1,0
45884,0,0,0,1,0
45885,0,0,0,1,0
45886,0,0,0,1,0
45887,0,0,0,1,0
45888,0,0,0,1,0
45889,0,0,0,1,0
45890,0,0,0,1,0
45891,0,0,0,1,0
45892,0,0,0,1,0
45893,0,0,0,1,0
45894,0,0,0,1,0
45895,0,0,0,1,0
45896,0,0,0,1,0
45897,0,0,0,1,0
45898,0,0,0,1,0
45899,0,0,0,1,0
45900,0,0,0,1,0
45901,0,0,0,1,0
45902,0,0,0,1,0
45903,0,0,0,1,0
45904,0,0,0,1,0
45905,0,0,0,1,0
45906,0,0,0,1,0
45907,0,0,0,1,0
45908,0,0,0,1,0
45909,0,0,0,1,0
45910,0,0,0,1,0
45911,0,0,0,1,0
45912,0,0,0,1,0
45913,0,0,0,1,0
45914,0,0,0,1,0
45915,0,0,0,1,0
45916,0,0,0,1,0
45917,0,0,0,1,0
45918,0,0,0,1,0
45919,0,0,0,1,0
45920,0,0,0,1,0
45921,0,0,0,1,0
45922,0,0,0,1,0
45923,0,0,0,1,0
45924,0,0,0,1,0
45925,0,0,0,1,0
45926,0,0,0,1,0
45927,0,0,0,1,0
45928,0,0,0,1,0
45929,0,0,0,1,0
45930,0,0,0,1,0
45931,0,0,0,1,0
45932,0,0,0,1,0
45933,0,0,0,1,0
45934,0,0,0,1,0
45935,0,0,0,1,0
45936,0,0,0,1,0
45937,1,0,0,0,0
45938,1,0,0,0,0
45939,1,0,0,0,0
45940,1,0,0,0,0
45941,1,0,0,0,0
45942,1,0,0,0,0
45943,1,0,0,0,0
45944,1,0,0,0,0
45945,1,0,0,0,0
45946,1,0,0,0,0
45947,1,0,0,0,0
45948,1,0,0,0,0
45949,1,0,0,0,0
45950,1,0,0,0,0
45951,1,0,0,0,0
45952,1,0,0,0,0
45953,1,0,0,0,0
45954,1,0,0,0,0
45955,1,0,0,0,0
45956,1,0,0,0,0
45957,1,0,0,0,0
45958,1,0,0,0,0
45959,1,0,0,0,0
45960,1,0,0,0,0
45961,1,0,0,0,0
45962,1,0,0,0,0
45963,1,0,0,0,0
45964,1,0,0,0,0
45965,1,0,0,0,0
45966,1,0,0,0,0
45967,1,0,0,0,0
45968,1,0,0,0,0
45969,1,0,0,0,0
45970,1,0,0,0,0
45971,1,0,0,0,0
45972,1,0,0,0,0
45973,1,0,0,0,0
45974,1,0,0,0,0
45975,1,0,0,0,0
45976,1,0,0,0,0
45977,1,0,0,0,0
45978,1,0,0,0,0
45979,1,0,0,0,0
45980,1,0,0,0,0
45981,1,0,0,0,0
45982,1,0,0,0,0
45983,1,0,0,0,0
45984,1,0,0,0,0
45985,1,0,0,0,0
45986,1,0,0,0,0
45987,1,0,0,0,0
45988,1,0,0,0,0
45989,1,0,0,0,0
45990,1,0,0,0,0
45991,1,0,0,0,0
45992,1,0,0,0,0
45993,1,0,0,0,0
45994,1,0,0,0,0
45995,1,0,0,0,0
45996,1,0,0,0,0
45997,1,0,0,0,0
45998,1,0,0,0,0
45999,1,0,0,0,0
46000,1,0,0,0,0
46001,1,0,0,0,0
46002,1,0,0,0,0
46003,1,0,0,0,0
46004,1,0,0,0,0
46005,1,0,0,0,0
46006,1,0,0,0,0
46007,1,0,0,0,0
46008,1,0,0,0,0
46009,1,0,0,0,0
46010,1,0,0,0,0
46011,1,0,0,0,0
46012,1,0,0,0,0
46013,1,0,0,0,0
46014,1,0,0,0,0
46015,1,0,0,0,0
46016,1,0,0,0,0
46017,1,0,0,0,0
46018,1,0,0,0,0
46019,1,0,0,0,0
46020,1,0,0,0,0
46021,1,0,0,0,0
46022,1,0,0,0,0
46023,1,0,0,0,0
46024,1,0,0,0,0
46025,1,0,0,0,0
46026,1,0,0,0,0
46027,1,0,0,0,0
46028,1,0,0,0,0
46029,1,0,0,0,0
46030,1,0,0,0,0
46031,1,0,0,0,0
46032,1,0,0,0,0
46033,1,0,0,0,0
46034,1,0,0,0,0
46035,1,0,0,0,0
46036,1,0,0,0,0
46037,1,0,0,0,0
46038,1,0,0,0,0
46039,1,0,0,0,0
46040,1,0,0,0,0
46041,1,0,0,0,0
46042,1,0,0,0,0
46043,1,0,0,0,0
46044,1,0,0,0,0
46045,1,0,0,0,0
46046,1,0,0,0,0
46047,1,0,0,0,0
46048,1,0,0,0,0
46049,1,0,0,0,0
46050,1,0,0,0,0
46051,1,0,0,0,0
46052,1,0,0,0,0
46053,1,0,0,0,0
46054,1,0,0,0,0
46055,1,0,0,0,0
46056,1,0,0,0,0
46057,1,0,0,0,0
46058,1,0,0,0,0
46059,1,0,0,0,0
46060,1,0,0,0,0
46061,1,0,0,0,0
46062,1,0,0,0,0
46063,1,0,0,0,0
46064,1,0,0,0,0
46065,1,0,0,0,0
46066,1,0,0,0,0
46067,1,0,0,0,0
46068,1,0,0,0,0
46069,1,0,0,0,0
46070,1,0,0,0,0
46071,1,0,0,0,0
46072,1,0,0,0,0
46073,1,0,0,0,0
46074,1,0,0,0,0
46075,1,0,0,0,0
46076,1,0,0,0,0
46077,1,0,0,0,0
46078,1,0,0,0,0
46079,1,0,0,0,0
46080,1,0,0,0,0
46081,1,0,0,0,0
46082,1,0,0,0,0
46083,1,0,0,0,0
46084,1,0,0,0,0
46085,1,0,0,0,0
46086,1,0,0,0,0
46087,1,0,0,0,0
46088,1,0,0,0,0
46089,1,0,0,0,0
46090,1,0,0,0,0
46091,1,0,0,0,0
46092,1,0,0,0,0
46093,1,0,0,0,0
46094,1,0,0,0,0
46095,1,0,0,0,0
46096,1,0,0,0,0
46097,1,0,0,0,0
46098,1,0,0,0,0
46099,1,0,0,0,0
46100,1,0,0,0,0
46101,1,0,0,0,0
46102,1,0,0,0,0
46103,1,0,0,0,0
46104,1,0,0,0,0
46105,1,0,0,0,0
46106,1,0,0,0,0
46107,1,0,0,0,0
46108,1,0,0,0,0
46109,1,0,0,0,0
46110,1,0,0,0,0
46111,1,0,0,0,0
46112,1,0,0,0,0
46113,1,0,0,0,0
46114,1,0,0,0,0
46115,1,0,0,0,0
46116,1,0,0,0,0
46117,1,0,0,0,0
46118,1,0,0,0,0
46119,1,0,0,0,0
46120,1,0,0,0,0
46121,1,0,0,0,0
46122,1,0,0,0,0
46123,1,0,0,0,0
46124,1,0,0,0,0
46125,1,0,0,0,0
46126,1,0,0,0,0
46127,1,0,0,0,0
46128,1,0,0,0,0
46129,1,0,0,0,0
46130,1,0,0,0,0
46131,1,0,0,0,0
46132,1,0,0,0,0
46133,1,0,0,0,0
46134,1,0,0,0,0
46135,1,0,0,0,0
46136,1,0,0,0,0
46137,1,0,0,0,0
46138,1,0,0,0,0
46139,1,0,0,0,0
46140,1,0,0,0,0
46141,1,0,0,0,0
46142,1,0,0,0,0
46143,1,0,0,0,0
46144,1,0,0,0,0
46145,1,0,0,0,0
46146,1,0,0,0,0
46147,1,0,0,0,0
46148,1,0,0,0,0
46149,1,0,0,0,0
46150,1,0,0,0,0
46151,1,0,0,0,0
46152,1,0,0,0,0
46153,1,0,0,0,0
46154,1,0,0,0,0
46155,1,0,0,0,0
46156,1,0,0,0,0
46157,1,0,0,0,0
46158,1,0,0,0,0
46159,1,0,0,0,0
46160,1,0,0,0,0
46161,1,0,0,0,0
46162,1,0,0,0,0
46163,1,0,0,0,0
46164,1,0,0,0,0
46165,1,0,0,0,0
46166,1,0,0,0,0
46167,1,0,0,0,0
46168,1,0,0,0,0
46169,1,0,0,0,0
46170,1,0,0,0,0
46171,1,0,0,0,0
46172,1,0,0,0,0
46173,1,0,0,0,0
46174,1,0,0,0,0
46175,1,0,0,0,0
46176,1,0,0,0,0
46177,1,0,0,0,0
46178,1,0,0,0,0
46179,1,0,0,0,0
46180,1,0,0,0,0
46181,1,0,0,0,0
46182,1,0,0,0,0
46183,1,0,0,0,0
46184,1,0,0,0,0
46185,1,0,0,0,0
46186,1,0,0,0,0
46187,1,0,0,0,0
46188,1,0,0,0,0
46189,1,0,0,0,0
46190,1,0,0,0,0
46191,1,0,0,0,0
46192,1,0,0,0,0
46193,1,0,0,0,0
46194,1,0,0,0,0
46195,1,0,0,0,0
46196,1,0,0,0,0
46197,1,0,0,0,0
46198,1,0,0,0,0
46199,1,0,0,0,0
46200,1,0,0,0,0
46201,1,0,0,0,0
46202,1,0,0,0,0
46203,1,0,0,0,0
46204,1,0,0,0,0
46205,1,0,0,0,0
46206,1,0,0,0,0
46207,1,0,0,0,0
46208,1,0,0,0,0
46209,1,0,0,0,0
46210,1,0,0,0,0
46211,1,0,0,0,0
46212,1,0,0,0,0
46213,1,0,0,0,0
46214,1,0,0,0,0
46215,1,0,0,0,0
46216,1,0,0,0,0
46217,1,0,0,0,0
46218,1,0,0,0,0
46219,1,0,0,0,0
46220,1,0,0,0,0
46221,1,0,0,0,0
46222,1,0,0,0,0
46223,1,0,0,0,0
46224,1,0,0,0,0
46225,1,0,0,0,0
46226,1,0,0,0,0
46227,1,0,0,0,0
46228,1,0,0,0,0
46229,1,0,0,0,0
46230,1,0,0,0,0
46231,1,0,0,0,0
46232,1,0,0,0,0
46233,1,0,0,0,0
46234,1,0,0,0,0
46235,1,0,0,0,0
46236,1,0,0,0,0
46237,1,0,0,0,0
46238,1,0,0,0,0
46239,1,0,0,0,0
46240,1,0,0,0,0
46241,1,0,0,0,0
46242,1,0,0,0,0
46243,1,0,0,0,0
46244,1,0,0,0,0
46245,1,0,0,0,0
46246,1,0,0,0,0
46247,1,0,0,0,0
46248,1,0,0,0,0
46249,1,0,0,0,0
46250,1,0,0,0,0
46251,1,0,0,0,0
46252,1,0,0,0,0
46253,1,0,0,0,0
46254,1,0,0,0,0
46255,1,0,0,0,0
46256,1,0,0,0,0
46257,1,0,0,0,0
46258,1,0,0,0,0
46259,1,0,0,0,0
46260,1,0,0,0,0
46261,1,0,0,0,0
46262,1,0,0,0,0
46263,1,0,0,0,0
46264,1,0,0,0,0
46265,1,0,0,0,0
46266,1,0,0,0,0
46267,1,0,0,0,0
46268,1,0,0,0,0
46269,1,0,0,0,0
46270,1,0,0,0,0
46271,1,0,0,0,0
46272,1,0,0,0,0
46273,1,0,0,0,0
46274,1,0,0,0,0
46275,1,0,0,0,0
46276,1,0,0,0,0
46277,1,0,0,0,0
46278,1,0,0,0,0
46279,1,0,0,0,0
46280,1,0,0,0,0
46281,1,0,0,0,0
46282,1,0,0,0,0
46283,1,0,0,0,0
46284,1,0,0,0,0
46285,1,0,0,0,0
46286,1,0,0,0,0
46287,1,0,0,0,0
46288,1,0,0,0,0
46289,1,0,0,0,0
46290,1,0,0,0,0
46291,1,0,0,0,0
46292,1,0,0,0,0
46293,1,0,0,0,0
46294,1,0,0,0,0
46295,1,0,0,0,0
46296,1,0,0,0,0
46297,1,0,0,0,0
46298,1,0,0,0,0
46299,1,0,0,0,0
46300,1,0,0,0,0
46301,1,0,0,0,0
46302,1,0,0,0,0
46303,1,0,0,0,0
46304,1,0,0,0,0
46305,1,0,0,0,0
46306,1,0,0,0,0
46307,1,0,0,0,0
46308,1,0,0,0,0
46309,1,0,0,0,0
46310,1,0,0,0,0
46311,1,0,0,0,0
46312,1,0,0,0,0
46313,1,0,0,0,0
46314,1,0,0,0,0
46315,1,0,0,0,0
46316,1,0,0,0,0
46317,1,0,0,0,0
46318,1,0,0,0,0
46319,1,0,0,0,0
46320,1,0,0,0,0
46321,1,0,0,0,0
46322,1,0,0,0,0
46323,1,0,0,0,0
46324,1,0,0,0,0
46325,1,0,0,0,0
46326,1,0,0,0,0
46327,1,0,0,0,0
46328,1,0,0,0,0
46329,1,0,0,0,0
46330,1,0,0,0,0
46331,1,0,0,0,0
46332,1,0,0,0,0
46333,1,0,0,0,0
46334,1,0,0,0,0
46335,1,0,0,0,0
46336,1,0,0,0,0
46337,1,0,0,0,0
46338,1,0,0,0,0
46339,1,0,0,0,0
46340,1,0,0,0,0
46341,1,0,0,0,0
46342,1,0,0,0,0
46343,1,0,0,0,0
46344,1,0,0,0,0
46345,1,0,0,0,0
46346,1,0,0,0,0
46347,1,0,0,0,0
46348,1,0,0,0,0
46349,1,0,0,0,0
46350,1,0,0,0,0
46351,1,0,0,0,0
46352,1,0,0,0,0
46353,1,0,0,0,0
46354,1,0,0,0,0
46355,1,0,0,0,0
46356,1,0,0,0,0
46357,1,0,0,0,0
46358,1,0,0,0,0
46359,1,0,0,0,0
46360,1,0,0,0,0
46361,1,0,0,0,0
46362,1,0,0,0,0
46363,1,0,0,0,0
46364,1,0,0,0,0
46365,1,0,0,0,0
46366,1,0,0,0,0
46367,1,0,0,0,0
46368,1,0,0,0,0
46369,1,0,0,0,0
46370,1,0,0,0,0
46371,1,0,0,0,0
46372,1,0,0,0,0
46373,1,0,0,0,0
46374,1,0,0,0,0
46375,1,0,0,0,0
46376,1,0,0,0,0
46377,1,0,0,0,0
46378,1,0,0,0,0
46379,1,0,0,0,0
46380,1,0,0,0,0
46381,1,0,0,0,0
46382,1,0,0,0,0
46383,1,0,0,0,0
46384,1,0,0,0,0
46385,1,0,0,0,0
46386,1,0,0,0,0
46387,1,0,0,0,0
46388,1,0,0,0,0
46389,1,0,0,0,0
46390,1,0,0,0,0
46391,1,0,0,0,0
46392,1,0,0,0,0
46393,1,0,0,0,0
46394,1,0,0,0,0
46395,1,0,0,0,0
46396,1,0,0,0,0
46397,1,0,0,0,0
46398,1,0,0,0,0
46399,1,0,0,0,0
46400,1,0,0,0,0
46401,1,0,0,0,0
46402,1,0,0,0,0
46403,1,0,0,0,0
46404,1,0,0,0,0
46405,1,0,0,0,0
46406,1,0,0,0,0
46407,1,0,0,0,0
46408,1,0,0,0,0
46409,1,0,0,0,0
46410,1,0,0,0,0
46411,1,0,0,0,0
46412,1,0,0,0,0
46413,1,0,0,0,0
46414,1,0,0,0,0
46415,1,0,0,0,0
46416,1,0,0,0,0
46417,1,0,0,0,0
46418,1,0,0,0,0
46419,1,0,0,0,0
46420,1,0,0,0,0
46421,1,0,0,0,0
46422,1,0,0,0,0
46423,1,0,0,0,0
46424,1,0,0,0,0
46425,1,0,0,0,0
46426,1,0,0,0,0
46427,1,0,0,0,0
46428,1,0,0,0,0
46429,1,0,0,0,0
46430,1,0,0,0,0
46431,1,0,0,0,0
46432,1,0,0,0,0
46433,1,0,0,0,0
46434,1,0,0,0,0
46435,1,0,0,0,0
46436,1,0,0,0,0
46437,1,0,0,0,0
46438,1,0,0,0,0
46439,1,0,0,0,0
46440,1,0,0,0,0
46441,1,0,0,0,0
46442,1,0,0,0,0
46443,1,0,0,0,0
46444,1,0,0,0,0
46445,1,0,0,0,0
46446,1,0,0,0,0
46447,1,0,0,0,0
46448,1,0,0,0,0
46449,1,0,0,0,0
46450,1,0,0,0,0
46451,1,0,0,0,0
46452,1,0,0,0,0
46453,1,0,0,0,0
46454,1,0,0,0,0
46455,1,0,0,0,0
46456,1,0,0,0,0
46457,1,0,0,0,0
46458,1,0,0,0,0
46459,1,0,0,0,0
46460,1,0,0,0,0
46461,1,0,0,0,0
46462,1,0,0,0,0
46463,1,0,0,0,0
46464,1,0,0,0,0
46465,1,0,0,0,0
46466,1,0,0,0,0
46467,1,0,0,0,0
46468,1,0,0,0,0
46469,1,0,0,0,0
46470,1,0,0,0,0
46471,1,0,0,0,0
46472,1,0,0,0,0
46473,1,0,0,0,0
46474,1,0,0,0,0
46475,1,0,0,0,0
46476,1,0,0,0,0
46477,1,0,0,0,0
46478,1,0,0,0,0
46479,1,0,0,0,0
46480,1,0,0,0,0
46481,1,0,0,0,0
46482,1,0,0,0,0
46483,1,0,0,0,0
46484,1,0,0,0,0
46485,1,0,0,0,0
46486,1,0,0,0,0
46487,1,0,0,0,0
46488,1,0,0,0,0
46489,1,0,0,0,0
46490,1,0,0,0,0
46491,1,0,0,0,0
46492,1,0,0,0,0
46493,1,0,0,0,0
46494,1,0,0,0,0
46495,1,0,0,0,0
46496,1,0,0,0,0
46497,1,0,0,0,0
46498,1,0,0,0,0
46499,1,0,0,0,0
46500,1,0,0,0,0
46501,1,0,0,0,0
46502,1,0,0,0,0
46503,1,0,0,0,0
46504,1,0,0,0,0
46505,1,0,0,0,0
46506,1,0,0,0,0
46507,1,0,0,0,0
46508,1,0,0,0,0
46509,1,0,0,0,0
46510,1,0,0,0,0
46511,1,0,0,0,0
46512,1,0,0,0,0
46513,1,0,0,0,0
46514,1,0,0,0,0
46515,1,0,0,0,0
46516,1,0,0,0,0
46517,1,0,0,0,0
46518,1,0,0,0,0
46519,1,0,0,0,0
46520,1,0,0,0,0
46521,1,0,0,0,0
46522,1,0,0,0,0
46523,1,0,0,0,0
46524,1,0,0,0,0
46525,1,0,0,0,0
46526,1,0,0,0,0
46527,1,0,0,0,0
46528,1,0,0,0,0
46529,1,0,0,0,0
46530,1,0,0,0,0
46531,1,0,0,0,0
46532,1,0,0,0,0
46533,1,0,0,0,0
46534,1,0,0,0,0
46535,1,0,0,0,0
46536,1,0,0,0,0
46537,1,0,0,0,0
46538,1,0,0,0,0
46539,1,0,0,0,0
46540,1,0,0,0,0
46541,1,0,0,0,0
46542,1,0,0,0,0
46543,1,0,0,0,0
46544,1,0,0,0,0
46545,1,0,0,0,0
46546,1,0,0,0,0
46547,1,0,0,0,0
46548,1,0,0,0,0
46549,1,0,0,0,0
46550,1,0,0,0,0
46551,1,0,0,0,0
46552,1,0,0,0,0
46553,1,0,0,0,0
46554,1,0,0,0,0
46555,1,0,0,0,0
46556,1,0,0,0,0
46557,1,0,0,0,0
46558,1,0,0,0,0
46559,1,0,0,0,0
46560,1,0,0,0,0
46561,1,0,0,0,0
46562,1,0,0,0,0
46563,1,0,0,0,0
46564,1,0,0,0,0
46565,1,0,0,0,0
46566,1,0,0,0,0
46567,1,0,0,0,0
46568,1,0,0,0,0
46569,1,0,0,0,0
46570,1,0,0,0,0
46571,1,0,0,0,0
46572,1,0,0,0,0
46573,1,0,0,0,0
46574,1,0,0,0,0
46575,1,0,0,0,0
46576,1,0,0,0,0
46577,1,0,0,0,0
46578,1,0,0,0,0
46579,1,0,0,0,0
46580,1,0,0,0,0
46581,1,0,0,0,0
46582,1,0,0,0,0
46583,1,0,0,0,0
46584,1,0,0,0,0
46585,1,0,0,0,0
46586,1,0,0,0,0
46587,1,0,0,0,0
46588,1,0,0,0,0
46589,1,0,0,0,0
46590,1,0,0,0,0
46591,1,0,0,0,0
46592,1,0,0,0,0
46593,1,0,0,0,0
46594,1,0,0,0,0
46595,1,0,0,0,0
46596,1,0,0,0,0
46597,1,0,0,0,0
46598,1,0,0,0,0
46599,1,0,0,0,0
46600,1,0,0,0,0
46601,1,0,0,0,0
46602,1,0,0,0,0
46603,1,0,0,0,0
46604,1,0,0,0,0
46605,1,0,0,0,0
46606,1,0,0,0,0
46607,1,0,0,0,0
46608,1,0,0,0,0
46609,1,0,0,0,0
46610,1,0,0,0,0
46611,1,0,0,0,0
46612,1,0,0,0,0
46613,1,0,0,0,0
46614,1,0,0,0,0
46615,1,0,0,0,0
46616,1,0,0,0,0
46617,1,0,0,0,0
46618,1,0,0,0,0
46619,1,0,0,0,0
46620,1,0,0,0,0
46621,1,0,0,0,0
46622,1,0,0,0,0
46623,1,0,0,0,0
46624,1,0,0,0,0
46625,1,0,0,0,0
46626,1,0,0,0,0
46627,1,0,0,0,0
46628,1,0,0,0,0
46629,1,0,0,0,0
46630,1,0,0,0,0
46631,1,0,0,0,0
46632,1,0,0,0,0
46633,1,0,0,0,0
46634,1,0,0,0,0
46635,1,0,0,0,0
46636,1,0,0,0,0
46637,1,0,0,0,0
46638,1,0,0,0,0
46639,1,0,0,0,0
46640,1,0,0,0,0
46641,1,0,0,0,0
46642,1,0,0,0,0
46643,1,0,0,0,0
46644,1,0,0,0,0
46645,1,0,0,0,0
46646,1,0,0,0,0
46647,1,0,0,0,0
46648,1,0,0,0,0
46649,1,0,0,0,0
46650,1,0,0,0,0
46651,1,0,0,0,0
46652,1,0,0,0,0
46653,1,0,0,0,0
46654,1,0,0,0,0
46655,1,0,0,0,0
46656,1,0,0,0,0
46657,1,0,0,0,0
46658,1,0,0,0,0
46659,1,0,0,0,0
46660,1,0,0,0,0
46661,1,0,0,0,0
46662,1,0,0,0,0
46663,1,0,0,0,0
46664,1,0,0,0,0
46665,1,0,0,0,0
46666,1,0,0,0,0
46667,1,0,0,0,0
46668,1,0,0,0,0
46669,1,0,0,0,0
46670,1,0,0,0,0
46671,1,0,0,0,0
46672,1,0,0,0,0
46673,1,0,0,0,0
46674,1,0,0,0,0
46675,1,0,0,0,0
46676,1,0,0,0,0
46677,1,0,0,0,0
46678,1,0,0,0,0
46679,1,0,0,0,0
46680,1,0,0,0,0
46681,1,0,0,0,0
46682,1,0,0,0,0
46683,1,0,0,0,0
46684,1,0,0,0,0
46685,1,0,0,0,0
46686,1,0,0,0,0
46687,1,0,0,0,0
46688,1,0,0,0,0
46689,1,0,0,0,0
46690,1,0,0,0,0
46691,1,0,0,0,0
46692,1,0,0,0,0
46693,1,0,0,0,0
46694,1,0,0,0,0
46695,1,0,0,0,0
46696,1,0,0,0,0
46697,1,0,0,0,0
46698,1,0,0,0,0
46699,1,0,0,0,0
46700,1,0,0,0,0
46701,1,0,0,0,0
46702,1,0,0,0,0
46703,1,0,0,0,0
46704,1,0,0,0,0
46705,1,0,0,0,0
46706,1,0,0,0,0
46707,1,0,0,0,0
46708,1,0,0,0,0
46709,1,0,0,0,0
46710,1,0,0,0,0
46711,1,0,0,0,0
46712,1,0,0,0,0
46713,1,0,0,0,0
46714,1,0,0,0,0
46715,1,0,0,0,0
46716,1,0,0,0,0
46717,1,0,0,0,0
46718,1,0,0,0,0
46719,1,0,0,0,0
46720,1,0,0,0,0
46721,1,0,0,0,0
46722,1,0,0,0,0
46723,1,0,0,0,0
46724,1,0,0,0,0
46725,1,0,0,0,0
46726,1,0,0,0,0
46727,1,0,0,0,0
46728,1,0,0,0,0
46729,1,0,0,0,0
46730,1,0,0,0,0
46731,1,0,0,0,0
46732,1,0,0,0,0
46733,1,0,0,0,0
46734,1,0,0,0,0
46735,1,0,0,0,0
46736,1,0,0,0,0
46737,1,0,0,0,0
46738,1,0,0,0,0
46739,1,0,0,0,0
46740,1,0,0,0,0
46741,1,0,0,0,0
46742,1,0,0,0,0
46743,1,0,0,0,0
46744,1,0,0,0,0
46745,1,0,0,0,0
46746,1,0,0,0,0
46747,1,0,0,0,0
46748,1,0,0,0,0
46749,1,0,0,0,0
46750,1,0,0,0,0
46751,1,0,0,0,0
46752,1,0,0,0,0
46753,1,0,0,0,0
46754,1,0,0,0,0
46755,1,0,0,0,0
46756,1,0,0,0,0
46757,1,0,0,0,0
46758,1,0,0,0,0
46759,1,0,0,0,0
46760,1,0,0,0,0
46761,1,0,0,0,0
46762,1,0,0,0,0
46763,1,0,0,0,0
46764,1,0,0,0,0
46765,1,0,0,0,0
46766,1,0,0,0,0
46767,1,0,0,0,0
46768,1,0,0,0,0
46769,1,0,0,0,0
46770,1,0,0,0,0
46771,1,0,0,0,0
46772,1,0,0,0,0
46773,1,0,0,0,0
46774,1,0,0,0,0
46775,1,0,0,0,0
46776,1,0,0,0,0
46777,1,0,0,0,0
46778,1,0,0,0,0
46779,1,0,0,0,0
46780,1,0,0,0,0
46781,1,0,0,0,0
46782,1,0,0,0,0
46783,1,0,0,0,0
46784,1,0,0,0,0
46785,1,0,0,0,0
46786,1,0,0,0,0
46787,1,0,0,0,0
46788,1,0,0,0,0
46789,1,0,0,0,0
46790,1,0,0,0,0
46791,1,0,0,0,0
46792,1,0,0,0,0
46793,1,0,0,0,0
46794,1,0,0,0,0
46795,1,0,0,0,0
46796,1,0,0,0,0
46797,1,0,0,0,0
46798,1,0,0,0,0
46799,1,0,0,0,0
46800,1,0,0,0,0
46801,1,0,0,0,0
46802,1,0,0,0,0
46803,1,0,0,0,0
46804,1,0,0,0,0
46805,1,0,0,0,0
46806,1,0,0,0,0
46807,1,0,0,0,0
46808,1,0,0,0,0
46809,1,0,0,0,0
46810,1,0,0,0,0
46811,1,0,0,0,0
46812,1,0,0,0,0
46813,1,0,0,0,0
46814,1,0,0,0,0
46815,1,0,0,0,0
46816,1,0,0,0,0
46817,1,0,0,0,0
46818,1,0,0,0,0
46819,1,0,0,0,0
46820,1,0,0,0,0
46821,1,0,0,0,0
46822,1,0,0,0,0
46823,1,0,0,0,0
46824,1,0,0,0,0
46825,1,0,0,0,0
46826,1,0,0,0,0
46827,1,0,0,0,0
46828,1,0,0,0,0
46829,1,0,0,0,0
46830,1,0,0,0,0
46831,1,0,0,0,0
46832,1,0,0,0,0
46833,1,0,0,0,0
46834,1,0,0,0,0
46835,1,0,0,0,0
46836,1,0,0,0,0
46837,1,0,0,0,0
46838,1,0,0,0,0
46839,1,0,0,0,0
46840,1,0,0,0,0
46841,1,0,0,0,0
46842,1,0,0,0,0
46843,1,0,0,0,0
46844,1,0,0,0,0
46845,1,0,0,0,0
46846,1,0,0,0,0
46847,1,0,0,0,0
46848,1,0,0,0,0
46849,1,0,0,0,0
46850,1,0,0,0,0
46851,1,0,0,0,0
46852,1,0,0,0,0
46853,1,0,0,0,0
46854,1,0,0,0,0
46855,1,0,0,0,0
46856,1,0,0,0,0
46857,1,0,0,0,0
46858,1,0,0,0,0
46859,1,0,0,0,0
46860,1,0,0,0,0
46861,1,0,0,0,0
46862,1,0,0,0,0
46863,1,0,0,0,0
46864,1,0,0,0,0
46865,1,0,0,0,0
46866,1,0,0,0,0
46867,1,0,0,0,0
46868,1,0,0,0,0
46869,1,0,0,0,0
46870,1,0,0,0,0
46871,1,0,0,0,0
46872,1,0,0,0,0
46873,1,0,0,0,0
46874,1,0,0,0,0
46875,1,0,0,0,0
46876,1,0,0,0,0
46877,1,0,0,0,0
46878,1,0,0,0,0
46879,1,0,0,0,0
46880,1,0,0,0,0
46881,1,0,0,0,0
46882,1,0,0,0,0
46883,1,0,0,0,0
46884,1,0,0,0,0
46885,1,0,0,0,0
46886,1,0,0,0,0
46887,1,0,0,0,0
46888,1,0,0,0,0
46889,1,0,0,0,0
46890,1,0,0,0,0
46891,1,0,0,0,0
46892,1,0,0,0,0
46893,1,0,0,0,0
46894,1,0,0,0,0
46895,1,0,0,0,0
46896,1,0,0,0,0
46897,1,0,0,0,0
46898,1,0,0,0,0
46899,1,0,0,0,0
46900,1,0,0,0,0
46901,1,0,0,0,0
46902,1,0,0,0,0
46903,1,0,0,0,0
46904,1,0,0,0,0
46905,1,0,0,0,0
46906,1,0,0,0,0
46907,1,0,0,0,0
46908,1,0,0,0,0
46909,1,0,0,0,0
46910,1,0,0,0,0
46911,1,0,0,0,0
46912,1,0,0,0,0
46913,1,0,0,0,0
46914,1,0,0,0,0
46915,1,0,0,0,0
46916,1,0,0,0,0
46917,1,0,0,0,0
46918,1,0,0,0,0
46919,1,0,0,0,0
46920,1,0,0,0,0
46921,1,0,0,0,0
46922,1,0,0,0,0
46923,1,0,0,0,0
46924,1,0,0,0,0
46925,1,0,0,0,0
46926,1,0,0,0,0
46927,1,0,0,0,0
46928,1,0,0,0,0
46929,1,0,0,0,0
46930,1,0,0,0,0
46931,1,0,0,0,0
46932,1,0,0,0,0
46933,1,0,0,0,0
46934,1,0,0,0,0
46935,1,0,0,0,0
46936,1,0,0,0,0
46937,1,0,0,0,0
46938,1,0,0,0,0
46939,1,0,0,0,0
46940,1,0,0,0,0
46941,1,0,0,0,0
46942,1,0,0,0,0
46943,1,0,0,0,0
46944,1,0,0,0,0
46945,1,0,0,0,0
46946,1,0,0,0,0
46947,1,0,0,0,0
46948,1,0,0,0,0
46949,1,0,0,0,0
46950,1,0,0,0,0
46951,1,0,0,0,0
46952,1,0,0,0,0
46953,1,0,0,0,0
46954,1,0,0,0,0
46955,1,0,0,0,0
46956,1,0,0,0,0
46957,1,0,0,0,0
46958,1,0,0,0,0
46959,1,0,0,0,0
46960,1,0,0,0,0
46961,1,0,0,0,0
46962,1,0,0,0,0
46963,1,0,0,0,0
46964,1,0,0,0,0
46965,1,0,0,0,0
46966,1,0,0,0,0
46967,1,0,0,0,0
46968,1,0,0,0,0
46969,1,0,0,0,0
46970,1,0,0,0,0
46971,1,0,0,0,0
46972,1,0,0,0,0
46973,1,0,0,0,0
46974,1,0,0,0,0
46975,1,0,0,0,0
46976,1,0,0,0,0
46977,0,1,0,0,0
46978,0,1,0,0,0
46979,0,1,0,0,0
46980,0,1,0,0,0
46981,0,1,0,0,0
46982,0,1,0,0,0
46983,0,1,0,0,0
46984,0,1,0,0,0
46985,0,1,0,0,0
46986,0,1,0,0,0
46987,0,1,0,0,0
46988,0,1,0,0,0
46989,0,1,0,0,0
46990,0,1,0,0,0
46991,0,1,0,0,0
46992,0,1,0,0,0
46993,0,1,0,0,0
46994,0,1,0,0,0
46995,0,1,0,0,0
46996,0,1,0,0,0
46997,0,1,0,0,0
46998,0,1,0,0,0
46999,0,1,0,0,0
47000,0,1,0,0,0
47001,0,1,0,0,0
47002,0,1,0,0,0
47003,0,1,0,0,0
47004,0,1,0,0,0
47005,0,1,0,0,0
47006,0,1,0,0,0
47007,0,1,0,0,0
47008,0,1,0,0,0
47009,0,1,0,0,0
47010,0,1,0,0,0
47011,0,1,0,0,0
47012,0,1,0,0,0
47013,0,1,0,0,0
47014,0,1,0,0,0
47015,0,1,0,0,0
47016,0,1,0,0,0
47017,0,1,0,0,0
47018,0,1,0,0,0
47019,0,1,0,0,0
47020,1,0,0,0,0
47021,1,0,0,0,0
47022,1,0,0,0,0
47023,1,0,0,0,0
47024,1,0,0,0,0
47025,1,0,0,0,0
47026,1,0,0,0,0
47027,1,0,0,0,0
47028,1,0,0,0,0
47029,1,0,0,0,0
47030,1,0,0,0,0
47031,1,0,0,0,0
47032,1,0,0,0,0
47033,1,0,0,0,0
47034,1,0,0,0,0
47035,1,0,0,0,0
47036,1,0,0,0,0
47037,1,0,0,0,0
47038,1,0,0,0,0
47039,1,0,0,0,0
47040,1,0,0,0,0
47041,1,0,0,0,0
47042,1,0,0,0,0
47043,1,0,0,0,0
47044,1,0,0,0,0
47045,1,0,0,0,0
47046,1,0,0,0,0
47047,1,0,0,0,0
47048,0,1,0,0,0
47049,0,1,0,0,0
47050,0,1,0,0,0
47051,0,1,0,0,0
47052,0,1,0,0,0
47053,0,1,0,0,0
47054,0,1,0,0,0
47055,0,1,0,0,0
47056,0,1,0,0,0
47057,0,1,0,0,0
47058,0,1,0,0,0
47059,0,1,0,0,0
47060,0,1,0,0,0
47061,0,1,0,0,0
47062,0,1,0,0,0
47063,0,1,0,0,0
47064,0,1,0,0,0
47065,0,1,0,0,0
47066,0,1,0,0,0
47067,0,1,0,0,0
47068,0,1,0,0,0
47069,0,1,0,0,0
47070,0,1,0,0,0
47071,0,1,0,0,0
47072,0,1,0,0,0
47073,0,1,0,0,0
47074,0,1,0,0,0
47075,0,1,0,0,0
47076,0,1,0,0,0
47077,0,1,0,0,0
47078,0,1,0,0,0
47079,0,1,0,0,0
47080,0,1,0,0,0
47081,0,1,0,0,0
47082,0,1,0,0,0
47083,0,1,0,0,0
47084,0,1,0,0,0
47085,0,1,0,0,0
47086,0,1,0,0,0
47087,0,1,0,0,0
47088,0,1,0,0,0
47089,0,1,0,0,0
47090,0,1,0,0,0
47091,0,1,0,0,0
47092,0,1,0,0,0
47093,0,1,0,0,0
47094,0,1,0,0,0
47095,0,1,0,0,0
47096,0,1,0,0,0
47097,0,1,0,0,0
47098,0,1,0,0,0
47099,0,1,0,0,0
47100,0,1,0,0,0
47101,0,1,0,0,0
47102,0,1,0,0,0
47103,0,1,0,0,0
47104,0,1,0,0,0
47105,0,1,0,0,0
47106,0,1,0,0,0
47107,0,1,0,0,0
47108,0,1,0,0,0
47109,0,1,0,0,0
47110,0,1,0,0,0
47111,0,1,0,0,0
47112,0,1,0,0,0
47113,0,1,0,0,0
47114,0,1,0,0,0
47115,0,1,0,0,0
47116,0,1,0,0,0
47117,0,1,0,0,0
47118,0,1,0,0,0
47119,0,1,0,0,0
47120,0,1,0,0,0
47121,1,0,0,0,0
47122,1,0,0,0,0
47123,1,0,0,0,0
47124,1,0,0,0,0
47125,1,0,0,0,0
47126,1,0,0,0,0
47127,1,0,0,0,0
47128,1,0,0,0,0
47129,1,0,0,0,0
47130,1,0,0,0,0
47131,1,0,0,0,0
47132,1,0,0,0,0
47133,1,0,0,0,0
47134,1,0,0,0,0
47135,1,0,0,0,0
47136,1,0,0,0,0
47137,1,0,0,0,0
47138,1,0,0,0,0
47139,1,0,0,0,0
47140,1,0,0,0,0
47141,1,0,0,0,0
47142,1,0,0,0,0
47143,1,0,0,0,0
47144,1,0,0,0,0
47145,1,0,0,0,0
47146,1,0,0,0,0
47147,1,0,0,0,0
47148,1,0,0,0,0
47149,1,0,0,0,0
47150,1,0,0,0,0
47151,1,0,0,0,0
47152,1,0,0,0,0
47153,1,0,0,0,0
47154,1,0,0,0,0
47155,1,0,0,0,0
47156,1,0,0,0,0
47157,1,0,0,0,0
47158,1,0,0,0,0
47159,1,0,0,0,0
47160,1,0,0,0,0
47161,1,0,0,0,0
47162,1,0,0,0,0
47163,1,0,0,0,0
47164,1,0,0,0,0
47165,1,0,0,0,0
47166,1,0,0,0,0
47167,1,0,0,0,0
47168,1,0,0,0,0
47169,1,0,0,0,0
47170,1,0,0,0,0
47171,1,0,0,0,0
47172,1,0,0,0,0
47173,1,0,0,0,0
47174,1,0,0,0,0
47175,1,0,0,0,0
47176,1,0,0,0,0
47177,1,0,0,0,0
47178,1,0,0,0,0
47179,1,0,0,0,0
47180,1,0,0,0,0
47181,1,0,0,0,0
47182,1,0,0,0,0
47183,1,0,0,0,0
47184,1,0,0,0,0
47185,1,0,0,0,0
47186,1,0,0,0,0
47187,1,0,0,0,0
47188,1,0,0,0,0
47189,1,0,0,0,0
47190,1,0,0,0,0
47191,1,0,0,0,0
47192,1,0,0,0,0
47193,1,0,0,0,0
47194,1,0,0,0,0
47195,1,0,0,0,0
47196,1,0,0,0,0
47197,1,0,0,0,0
47198,1,0,0,0,0
47199,1,0,0,0,0
47200,1,0,0,0,0
47201,1,0,0,0,0
47202,1,0,0,0,0
47203,1,0,0,0,0
47204,1,0,0,0,0
47205,1,0,0,0,0
47206,1,0,0,0,0
47207,1,0,0,0,0
47208,1,0,0,0,0
47209,0,1,0,0,0
47210,0,1,0,0,0
47211,0,1,0,0,0
47212,0,1,0,0,0
47213,0,1,0,0,0
47214,0,1,0,0,0
47215,0,1,0,0,0
47216,0,1,0,0,0
47217,0,1,0,0,0
47218,0,1,0,0,0
47219,0,1,0,0,0
47220,0,1,0,0,0
47221,0,1,0,0,0
47222,0,1,0,0,0
47223,0,1,0,0,0
47224,0,1,0,0,0
47225,0,1,0,0,0
47226,0,1,0,0,0
47227,0,1,0,0,0
47228,0,1,0,0,0
47229,0,1,0,0,0
47230,0,1,0,0,0
47231,0,1,0,0,0
47232,0,1,0,0,0
47233,0,1,0,0,0
47234,0,1,0,0,0
47235,0,1,0,0,0
47236,0,1,0,0,0
47237,0,1,0,0,0
47238,0,1,0,0,0
47239,0,1,0,0,0
47240,0,1,0,0,0
47241,0,1,0,0,0
47242,0,1,0,0,0
47243,0,1,0,0,0
47244,0,1,0,0,0
47245,0,1,0,0,0
47246,0,1,0,0,0
47247,0,1,0,0,0
47248,0,1,0,0,0
47249,0,1,0,0,0
47250,0,1,0,0,0
47251,0,1,0,0,0
47252,0,1,0,0,0
47253,0,1,0,0,0
47254,0,1,0,0,0
47255,0,1,0,0,0
47256,0,1,0,0,0
47257,0,1,0,0,0
47258,0,1,0,0,0
47259,0,1,0,0,0
47260,0,1,0,0,0
47261,0,1,0,0,0
47262,0,1,0,0,0
47263,0,1,0,0,0
47264,0,1,0,0,0
47265,0,1,0,0,0
47266,0,1,0,0,0
47267,0,1,0,0,0
47268,0,1,0,0,0
47269,0,1,0,0,0
47270,0,1,0,0,0
47271,0,1,0,0,0
47272,0,1,0,0,0
47273,0,1,0,0,0
47274,0,1,0,0,0
47275,0,1,0,0,0
47276,0,1,0,0,0
47277,0,1,0,0,0
47278,0,1,0,0,0
47279,0,1,0,0,0
47280,0,1,0,0,0
47281,0,1,0,0,0
47282,0,1,0,0,0
47283,0,1,0,0,0
47284,0,1,0,0,0
47285,0,0,1,0,0
47286,0,0,1,0,0
47287,0,0,1,0,0
47288,0,0,1,0,0
47289,0,0,1,0,0
47290,0,0,1,0,0
47291,0,0,1,0,0
47292,0,0,1,0,0
47293,0,0,1,0,0
47294,0,0,1,0,0
47295,0,0,1,0,0
47296,0,0,1,0,0
47297,0,0,1,0,0
47298,0,0,1,0,0
47299,0,0,1,0,0
47300,0,0,1,0,0
47301,0,0,1,0,0
47302,0,0,1,0,0
47303,0,0,1,0,0
47304,0,0,1,0,0
47305,0,0,1,0,0
47306,0,0,1,0,0
47307,0,0,1,0,0
47308,0,0,1,0,0
47309,0,0,1,0,0
47310,0,0,1,0,0
47311,0,0,1,0,0
47312,0,0,1,0,0
47313,0,0,1,0,0
47314,0,0,1,0,0
47315,0,0,1,0,0
47316,0,0,1,0,0
47317,0,0,1,0,0
47318,0,0,1,0,0
47319,0,0,1,0,0
47320,0,0,1,0,0
47321,0,0,1,0,0
47322,0,0,1,0,0
47323,0,0,1,0,0
47324,0,0,1,0,0
47325,0,1,0,0,0
47326,0,1,0,0,0
47327,0,1,0,0,0
47328,0,1,0,0,0
47329,0,1,0,0,0
47330,0,1,0,0,0
47331,0,1,0,0,0
47332,0,1,0,0,0
47333,0,1,0,0,0
47334,0,1,0,0,0
47335,0,1,0,0,0
47336,0,1,0,0,0
47337,0,1,0,0,0
47338,0,1,0,0,0
47339,0,1,0,0,0
47340,0,1,0,0,0
47341,0,1,0,0,0
47342,0,1,0,0,0
47343,0,1,0,0,0
47344,0,1,0,0,0
47345,0,1,0,0,0
47346,0,1,0,0,0
47347,0,1,0,0,0
47348,0,1,0,0,0
47349,1,0,0,0,0
47350,1,0,0,0,0
47351,1,0,0,0,0
47352,1,0,0,0,0
47353,1,0,0,0,0
47354,1,0,0,0,0
47355,1,0,0,0,0
47356,1,0,0,0,0
47357,1,0,0,0,0
47358,1,0,0,0,0
47359,1,0,0,0,0
47360,1,0,0,0,0
47361,1,0,0,0,0
47362,1,0,0,0,0
47363,1,0,0,0,0
47364,1,0,0,0,0
47365,1,0,0,0,0
47366,1,0,0,0,0
47367,1,0,0,0,0
47368,1,0,0,0,0
47369,1,0,0,0,0
47370,1,0,0,0,0
47371,1,0,0,0,0
47372,1,0,0,0,0
47373,0,1,0,0,0
47374,0,1,0,0,0
47375,0,1,0,0,0
47376,0,1,0,0,0
47377,0,1,0,0,0
47378,0,1,0,0,0
47379,0,1,0,0,0
47380,0,1,0,0,0
47381,0,1,0,0,0
47382,0,1,0,0,0
47383,0,1,0,0,0
47384,0,1,0,0,0
47385,0,1,0,0,0
47386,0,1,0,0,0
47387,0,1,0,0,0
47388,0,1,0,0,0
47389,0,1,0,0,0
47390,0,1,0,0,0
47391,0,1,0,0,0
47392,0,1,0,0,0
47393,0,1,0,0,0
47394,0,1,0,0,0
47395,0,1,0,0,0
47396,0,1,0,0,0
47397,0,1,0,0,0
47398,0,1,0,0,0
47399,0,1,0,0,0
47400,0,1,0,0,0
47401,0,1,0,0,0
47402,0,1,0,0,0
47403,0,1,0,0,0
47404,0,1,0,0,0
47405,0,1,0,0,0
47406,0,1,0,0,0
47407,0,1,0,0,0
47408,0,1,0,0,0
47409,0,1,0,0,0
47410,0,1,0,0,0
47411,0,1,0,0,0
47412,0,1,0,0,0
47413,0,1,0,0,0
47414,0,1,0,0,0
47415,0,1,0,0,0
47416,0,1,0,0,0
47417,0,1,0,0,0
47418,0,1,0,0,0
47419,0,1,0,0,0
47420,0,1,0,0,0
47421,0,1,0,0,0
47422,0,1,0,0,0
47423,0,0,1,0,0
47424,0,0,1,0,0
47425,0,0,1,0,0
47426,0,0,1,0,0
47427,0,0,1,0,0
47428,0,0,1,0,0
47429,0,0,1,0,0
47430,0,0,1,0,0
47431,0,0,1,0,0
47432,0,0,1,0,0
47433,0,0,1,0,0
47434,0,0,1,0,0
47435,0,0,1,0,0
47436,0,0,1,0,0
47437,0,0,1,0,0
47438,0,0,1,0,0
47439,0,0,1,0,0
47440,0,0,1,0,0
47441,0,0,1,0,0
47442,0,0,1,0,0
47443,0,0,1,0,0
47444,0,0,1,0,0
47445,0,0,1,0,0
47446,0,0,1,0,0
47447,0,0,1,0,0
47448,0,0,1,0,0
47449,0,0,1,0,0
47450,0,0,1,0,0
47451,0,0,1,0,0
47452,0,0,1,0,0
47453,0,0,1,0,0
47454,0,0,1,0,0
47455,1,0,0,0,0
47456,1,0,0,0,0
47457,1,0,0,0,0
47458,1,0,0,0,0
47459,1,0,0,0,0
47460,1,0,0,0,0
47461,1,0,0,0,0
47462,1,0,0,0,0
47463,1,0,0,0,0
47464,1,0,0,0,0
47465,1,0,0,0,0
47466,1,0,0,0,0
47467,1,0,0,0,0
47468,1,0,0,0,0
47469,1,0,0,0,0
47470,1,0,0,0,0
47471,1,0,0,0,0
47472,1,0,0,0,0
47473,1,0,0,0,0
47474,1,0,0,0,0
47475,1,0,0,0,0
47476,1,0,0,0,0
47477,1,0,0,0,0
47478,1,0,0,0,0
47479,1,0,0,0,0
47480,1,0,0,0,0
47481,1,0,0,0,0
47482,1,0,0,0,0
47483,1,0,0,0,0
47484,1,0,0,0,0
47485,1,0,0,0,0
47486,1,0,0,0,0
47487,1,0,0,0,0
47488,1,0,0,0,0
47489,1,0,0,0,0
47490,1,0,0,0,0
47491,1,0,0,0,0
47492,1,0,0,0,0
47493,1,0,0,0,0
47494,1,0,0,0,0
47495,1,0,0,0,0
47496,1,0,0,0,0
47497,1,0,0,0,0
47498,1,0,0,0,0
47499,1,0,0,0,0
47500,1,0,0,0,0
47501,1,0,0,0,0
47502,1,0,0,0,0
47503,1,0,0,0,0
47504,1,0,0,0,0
47505,1,0,0,0,0
47506,1,0,0,0,0
47507,1,0,0,0,0
47508,1,0,0,0,0
47509,1,0,0,0,0
47510,1,0,0,0,0
47511,1,0,0,0,0
47512,1,0,0,0,0
47513,1,0,0,0,0
47514,1,0,0,0,0
47515,1,0,0,0,0
47516,1,0,0,0,0
47517,1,0,0,0,0
47518,1,0,0,0,0
47519,1,0,0,0,0
47520,1,0,0,0,0
47521,1,0,0,0,0
47522,1,0,0,0,0
47523,1,0,0,0,0
47524,1,0,0,0,0
47525,1,0,0,0,0
47526,1,0,0,0,0
47527,1,0,0,0,0
47528,1,0,0,0,0
47529,1,0,0,0,0
47530,1,0,0,0,0
47531,1,0,0,0,0
47532,1,0,0,0,0
47533,1,0,0,0,0
47534,1,0,0,0,0
47535,1,0,0,0,0
47536,1,0,0,0,0
47537,1,0,0,0,0
47538,1,0,0,0,0
47539,1,0,0,0,0
47540,1,0,0,0,0
47541,1,0,0,0,0
47542,1,0,0,0,0
47543,1,0,0,0,0
47544,1,0,0,0,0
47545,1,0,0,0,0
47546,1,0,0,0,0
47547,1,0,0,0,0
47548,1,0,0,0,0
47549,1,0,0,0,0
47550,1,0,0,0,0
47551,1,0,0,0,0
47552,1,0,0,0,0
47553,1,0,0,0,0
47554,1,0,0,0,0
47555,1,0,0,0,0
47556,1,0,0,0,0
47557,1,0,0,0,0
47558,1,0,0,0,0
47559,1,0,0,0,0
47560,1,0,0,0,0
47561,1,0,0,0,0
47562,1,0,0,0,0
47563,1,0,0,0,0
47564,1,0,0,0,0
47565,1,0,0,0,0
47566,1,0,0,0,0
47567,1,0,0,0,0
47568,1,0,0,0,0
47569,1,0,0,0,0
47570,1,0,0,0,0
47571,1,0,0,0,0
47572,1,0,0,0,0
47573,1,0,0,0,0
47574,1,0,0,0,0
47575,1,0,0,0,0
47576,1,0,0,0,0
47577,1,0,0,0,0
47578,1,0,0,0,0
47579,1,0,0,0,0
47580,1,0,0,0,0
47581,1,0,0,0,0
47582,1,0,0,0,0
47583,1,0,0,0,0
47584,1,0,0,0,0
47585,1,0,0,0,0
47586,1,0,0,0,0
47587,1,0,0,0,0
47588,1,0,0,0,0
47589,1,0,0,0,0
47590,1,0,0,0,0
47591,1,0,0,0,0
47592,1,0,0,0,0
47593,1,0,0,0,0
47594,1,0,0,0,0
47595,1,0,0,0,0
47596,1,0,0,0,0
47597,1,0,0,0,0
47598,1,0,0,0,0
47599,1,0,0,0,0
47600,1,0,0,0,0
47601,1,0,0,0,0
47602,1,0,0,0,0
47603,1,0,0,0,0
47604,1,0,0,0,0
47605,1,0,0,0,0
47606,1,0,0,0,0
47607,1,0,0,0,0
47608,1,0,0,0,0
47609,1,0,0,0,0
47610,1,0,0,0,0
47611,1,0,0,0,0
47612,1,0,0,0,0
47613,1,0,0,0,0
47614,1,0,0,0,0
47615,1,0,0,0,0
47616,1,0,0,0,0
47617,1,0,0,0,0
47618,1,0,0,0,0
47619,1,0,0,0,0
47620,1,0,0,0,0
47621,1,0,0,0,0
47622,1,0,0,0,0
47623,1,0,0,0,0
47624,1,0,0,0,0
47625,1,0,0,0,0
47626,1,0,0,0,0
47627,1,0,0,0,0
47628,1,0,0,0,0
47629,1,0,0,0,0
47630,1,0,0,0,0
47631,1,0,0,0,0
47632,1,0,0,0,0
47633,1,0,0,0,0
47634,1,0,0,0,0
47635,1,0,0,0,0
47636,1,0,0,0,0
47637,1,0,0,0,0
47638,1,0,0,0,0
47639,1,0,0,0,0
47640,1,0,0,0,0
47641,1,0,0,0,0
47642,1,0,0,0,0
47643,1,0,0,0,0
47644,1,0,0,0,0
47645,1,0,0,0,0
47646,1,0,0,0,0
47647,1,0,0,0,0
47648,1,0,0,0,0
47649,1,0,0,0,0
47650,1,0,0,0,0
47651,1,0,0,0,0
47652,1,0,0,0,0
47653,1,0,0,0,0
47654,1,0,0,0,0
47655,1,0,0,0,0
47656,1,0,0,0,0
47657,1,0,0,0,0
47658,1,0,0,0,0
47659,1,0,0,0,0
47660,1,0,0,0,0
47661,1,0,0,0,0
47662,1,0,0,0,0
47663,1,0,0,0,0
47664,1,0,0,0,0
47665,1,0,0,0,0
47666,1,0,0,0,0
47667,1,0,0,0,0
47668,1,0,0,0,0
47669,1,0,0,0,0
47670,1,0,0,0,0
47671,1,0,0,0,0
47672,1,0,0,0,0
47673,1,0,0,0,0
47674,1,0,0,0,0
47675,1,0,0,0,0
47676,1,0,0,0,0
47677,1,0,0,0,0
47678,1,0,0,0,0
47679,1,0,0,0,0
47680,1,0,0,0,0
47681,1,0,0,0,0
47682,1,0,0,0,0
47683,1,0,0,0,0
47684,1,0,0,0,0
47685,1,0,0,0,0
47686,1,0,0,0,0
47687,1,0,0,0,0
47688,1,0,0,0,0
47689,1,0,0,0,0
47690,1,0,0,0,0
47691,1,0,0,0,0
47692,1,0,0,0,0
47693,1,0,0,0,0
47694,1,0,0,0,0
47695,1,0,0,0,0
47696,1,0,0,0,0
47697,1,0,0,0,0
47698,1,0,0,0,0
47699,1,0,0,0,0
47700,1,0,0,0,0
47701,1,0,0,0,0
47702,1,0,0,0,0
47703,1,0,0,0,0
47704,1,0,0,0,0
47705,1,0,0,0,0
47706,1,0,0,0,0
47707,1,0,0,0,0
47708,1,0,0,0,0
47709,1,0,0,0,0
47710,1,0,0,0,0
47711,1,0,0,0,0
47712,1,0,0,0,0
47713,1,0,0,0,0
47714,1,0,0,0,0
47715,1,0,0,0,0
47716,1,0,0,0,0
47717,1,0,0,0,0
47718,1,0,0,0,0
47719,1,0,0,0,0
47720,1,0,0,0,0
47721,1,0,0,0,0
47722,1,0,0,0,0
47723,1,0,0,0,0
47724,1,0,0,0,0
47725,1,0,0,0,0
47726,1,0,0,0,0
47727,1,0,0,0,0
47728,1,0,0,0,0
47729,1,0,0,0,0
47730,1,0,0,0,0
47731,1,0,0,0,0
47732,1,0,0,0,0
47733,1,0,0,0,0
47734,1,0,0,0,0
47735,1,0,0,0,0
47736,1,0,0,0,0
47737,1,0,0,0,0
47738,1,0,0,0,0
47739,1,0,0,0,0
47740,1,0,0,0,0
47741,1,0,0,0,0
47742,1,0,0,0,0
47743,1,0,0,0,0
47744,1,0,0,0,0
47745,1,0,0,0,0
47746,1,0,0,0,0
47747,1,0,0,0,0
47748,1,0,0,0,0
47749,1,0,0,0,0
47750,1,0,0,0,0
47751,1,0,0,0,0
47752,1,0,0,0,0
47753,1,0,0,0,0
47754,1,0,0,0,0
47755,1,0,0,0,0
47756,1,0,0,0,0
47757,1,0,0,0,0
47758,1,0,0,0,0
47759,1,0,0,0,0
47760,1,0,0,0,0
47761,1,0,0,0,0
47762,1,0,0,0,0
47763,1,0,0,0,0
47764,1,0,0,0,0
47765,1,0,0,0,0
47766,1,0,0,0,0
47767,1,0,0,0,0
47768,1,0,0,0,0
47769,1,0,0,0,0
47770,1,0,0,0,0
47771,1,0,0,0,0
47772,1,0,0,0,0
47773,1,0,0,0,0
47774,1,0,0,0,0
47775,1,0,0,0,0
47776,1,0,0,0,0
47777,1,0,0,0,0
47778,1,0,0,0,0
47779,1,0,0,0,0
47780,1,0,0,0,0
47781,1,0,0,0,0
47782,1,0,0,0,0
47783,1,0,0,0,0
47784,1,0,0,0,0
47785,1,0,0,0,0
47786,1,0,0,0,0
47787,1,0,0,0,0
47788,1,0,0,0,0
47789,1,0,0,0,0
47790,1,0,0,0,0
47791,1,0,0,0,0
47792,1,0,0,0,0
47793,1,0,0,0,0
47794,1,0,0,0,0
47795,1,0,0,0,0
47796,1,0,0,0,0
47797,1,0,0,0,0
47798,1,0,0,0,0
47799,1,0,0,0,0
47800,1,0,0,0,0
47801,1,0,0,0,0
47802,1,0,0,0,0
47803,1,0,0,0,0
47804,1,0,0,0,0
47805,1,0,0,0,0
47806,1,0,0,0,0
47807,1,0,0,0,0
47808,1,0,0,0,0
47809,1,0,0,0,0
47810,1,0,0,0,0
47811,1,0,0,0,0
47812,1,0,0,0,0
47813,1,0,0,0,0
47814,1,0,0,0,0
47815,1,0,0,0,0
47816,1,0,0,0,0
47817,1,0,0,0,0
47818,1,0,0,0,0
47819,1,0,0,0,0
47820,1,0,0,0,0
47821,1,0,0,0,0
47822,1,0,0,0,0
47823,1,0,0,0,0
47824,1,0,0,0,0
47825,1,0,0,0,0
47826,1,0,0,0,0
47827,1,0,0,0,0
47828,1,0,0,0,0
47829,1,0,0,0,0
47830,1,0,0,0,0
47831,1,0,0,0,0
47832,1,0,0,0,0
47833,1,0,0,0,0
47834,1,0,0,0,0
47835,1,0,0,0,0
47836,1,0,0,0,0
47837,1,0,0,0,0
47838,1,0,0,0,0
47839,1,0,0,0,0
47840,1,0,0,0,0
47841,1,0,0,0,0
47842,1,0,0,0,0
47843,1,0,0,0,0
47844,1,0,0,0,0
47845,1,0,0,0,0
47846,1,0,0,0,0
47847,1,0,0,0,0
47848,1,0,0,0,0
47849,1,0,0,0,0
47850,1,0,0,0,0
47851,1,0,0,0,0
47852,1,0,0,0,0
47853,1,0,0,0,0
47854,1,0,0,0,0
47855,1,0,0,0,0
47856,1,0,0,0,0
47857,1,0,0,0,0
47858,1,0,0,0,0
47859,1,0,0,0,0
47860,1,0,0,0,0
47861,1,0,0,0,0
47862,1,0,0,0,0
47863,1,0,0,0,0
47864,1,0,0,0,0
47865,1,0,0,0,0
47866,1,0,0,0,0
47867,1,0,0,0,0
47868,1,0,0,0,0
47869,1,0,0,0,0
47870,1,0,0,0,0
47871,1,0,0,0,0
47872,1,0,0,0,0
47873,1,0,0,0,0
47874,1,0,0,0,0
47875,1,0,0,0,0
47876,1,0,0,0,0
47877,1,0,0,0,0
47878,1,0,0,0,0
47879,1,0,0,0,0
47880,1,0,0,0,0
47881,1,0,0,0,0
47882,1,0,0,0,0
47883,1,0,0,0,0
47884,1,0,0,0,0
47885,1,0,0,0,0
47886,1,0,0,0,0
47887,1,0,0,0,0
47888,1,0,0,0,0
47889,1,0,0,0,0
47890,1,0,0,0,0
47891,1,0,0,0,0
47892,1,0,0,0,0
47893,1,0,0,0,0
47894,1,0,0,0,0
47895,1,0,0,0,0
47896,1,0,0,0,0
47897,1,0,0,0,0
47898,1,0,0,0,0
47899,1,0,0,0,0
47900,1,0,0,0,0
47901,1,0,0,0,0
47902,1,0,0,0,0
47903,1,0,0,0,0
47904,0,0,0,0,1
47905,0,0,0,0,1
47906,0,0,0,0,1
47907,0,0,0,0,1
47908,0,0,0,0,1
47909,0,0,0,0,1
47910,0,0,0,0,1
47911,0,0,0,0,1
47912,0,0,0,0,1
47913,0,0,0,0,1
47914,0,0,0,0,1
47915,0,0,0,0,1
47916,0,0,0,0,1
47917,0,0,0,0,1
47918,0,0,0,0,1
47919,0,0,0,0,1
47920,0,0,0,0,1
47921,0,0,0,0,1
47922,0,0,0,0,1
47923,0,0,0,0,1
47924,0,0,0,0,1
47925,0,0,0,0,1
47926,0,0,0,0,1
47927,0,0,0,0,1
47928,0,0,0,0,1
47929,0,0,0,0,1
47930,0,0,0,0,1
47931,0,0,0,0,1
47932,0,0,0,0,1
47933,0,0,0,0,1
47934,0,0,0,0,1
47935,0,0,0,0,1
47936,0,0,0,0,1
47937,0,0,0,0,1
47938,0,0,0,0,1
47939,0,0,0,0,1
47940,0,0,0,0,1
47941,0,0,0,0,1
47942,0,0,0,0,1
47943,0,0,0,0,1
47944,0,0,0,0,1
47945,0,0,0,0,1
47946,0,0,0,0,1
47947,0,0,0,0,1
47948,0,0,0,0,1
47949,1,0,0,0,0
47950,1,0,0,0,0
47951,1,0,0,0,0
47952,1,0,0,0,0
47953,1,0,0,0,0
47954,1,0,0,0,0
47955,1,0,0,0,0
47956,1,0,0,0,0
47957,1,0,0,0,0
47958,1,0,0,0,0
47959,1,0,0,0,0
47960,1,0,0,0,0
47961,1,0,0,0,0
47962,1,0,0,0,0
47963,0,0,0,0,1
47964,0,0,0,0,1
47965,0,0,0,0,1
47966,0,0,0,0,1
47967,0,0,0,0,1
47968,0,0,0,0,1
47969,0,0,0,0,1
47970,0,0,0,0,1
47971,0,0,0,0,1
47972,0,0,0,0,1
47973,0,0,0,0,1
47974,0,0,0,0,1
47975,0,0,0,0,1
47976,0,0,0,0,1
47977,0,0,0,0,1
47978,0,0,0,0,1
47979,0,0,0,0,1
47980,0,0,0,0,1
47981,0,0,0,0,1
47982,0,0,0,0,1
47983,0,0,0,0,1
47984,0,0,0,0,1
47985,0,0,0,0,1
47986,0,0,0,0,1
47987,0,0,0,0,1
47988,0,0,0,0,1
47989,0,0,0,0,1
47990,0,0,0,0,1
47991,0,0,0,0,1
47992,0,0,0,0,1
47993,0,0,0,0,1
47994,0,0,0,0,1
47995,0,0,0,0,1
47996,0,0,0,0,1
47997,0,0,0,0,1
47998,0,0,0,0,1
47999,0,0,0,0,1
48000,0,0,0,0,1
48001,0,0,0,0,1
48002,0,0,0,0,1
48003,0,0,0,0,1
48004,0,0,0,0,1
48005,0,0,0,0,1
48006,0,0,0,0,1
48007,0,0,0,0,1
48008,0,0,0,0,1
48009,0,0,0,0,1
48010,0,0,0,0,1
48011,0,0,0,0,1
48012,0,0,0,0,1
48013,0,0,0,0,1
48014,0,0,0,0,1
48015,0,0,0,0,1
48016,0,0,0,0,1
48017,0,0,0,0,1
48018,0,0,0,0,1
48019,0,0,0,0,1
48020,0,0,0,0,1
48021,0,0,0,0,1
48022,0,0,0,0,1
48023,0,0,0,0,1
48024,0,0,0,0,1
48025,0,0,0,0,1
48026,0,0,0,0,1
48027,0,0,0,0,1
48028,0,0,0,0,1
48029,0,0,0,0,1
48030,1,0,0,0,0
48031,1,0,0,0,0
48032,1,0,0,0,0
48033,1,0,0,0,0
48034,1,0,0,0,0
48035,1,0,0,0,0
48036,1,0,0,0,0
48037,1,0,0,0,0
48038,1,0,0,0,0
48039,1,0,0,0,0
48040,1,0,0,0,0
48041,1,0,0,0,0
48042,1,0,0,0,0
48043,1,0,0,0,0
48044,1,0,0,0,0
48045,1,0,0,0,0
48046,1,0,0,0,0
48047,1,0,0,0,0
48048,1,0,0,0,0
48049,1,0,0,0,0
48050,1,0,0,0,0
48051,1,0,0,0,0
48052,1,0,0,0,0
48053,1,0,0,0,0
48054,1,0,0,0,0
48055,1,0,0,0,0
48056,1,0,0,0,0
48057,1,0,0,0,0
48058,1,0,0,0,0
48059,1,0,0,0,0
48060,1,0,0,0,0
48061,1,0,0,0,0
48062,1,0,0,0,0
48063,1,0,0,0,0
48064,1,0,0,0,0
48065,1,0,0,0,0
48066,1,0,0,0,0
48067,1,0,0,0,0
48068,1,0,0,0,0
48069,1,0,0,0,0
48070,1,0,0,0,0
48071,1,0,0,0,0
48072,1,0,0,0,0
48073,1,0,0,0,0
48074,1,0,0,0,0
48075,1,0,0,0,0
48076,1,0,0,0,0
48077,1,0,0,0,0
48078,1,0,0,0,0
48079,1,0,0,0,0
48080,1,0,0,0,0
48081,1,0,0,0,0
48082,1,0,0,0,0
48083,1,0,0,0,0
48084,1,0,0,0,0
48085,1,0,0,0,0
48086,1,0,0,0,0
48087,1,0,0,0,0
48088,1,0,0,0,0
48089,1,0,0,0,0
48090,1,0,0,0,0
48091,1,0,0,0,0
48092,1,0,0,0,0
48093,1,0,0,0,0
48094,1,0,0,0,0
48095,1,0,0,0,0
48096,1,0,0,0,0
48097,1,0,0,0,0
48098,1,0,0,0,0
48099,1,0,0,0,0
48100,1,0,0,0,0
48101,1,0,0,0,0
48102,1,0,0,0,0
48103,1,0,0,0,0
48104,1,0,0,0,0
48105,1,0,0,0,0
48106,1,0,0,0,0
48107,1,0,0,0,0
48108,1,0,0,0,0
48109,1,0,0,0,0
48110,1,0,0,0,0
48111,1,0,0,0,0
48112,1,0,0,0,0
48113,1,0,0,0,0
48114,1,0,0,0,0
48115,1,0,0,0,0
48116,1,0,0,0,0
48117,1,0,0,0,0
48118,1,0,0,0,0
48119,1,0,0,0,0
48120,1,0,0,0,0
48121,1,0,0,0,0
48122,1,0,0,0,0
48123,1,0,0,0,0
48124,1,0,0,0,0
48125,1,0,0,0,0
48126,1,0,0,0,0
48127,1,0,0,0,0
48128,1,0,0,0,0
48129,1,0,0,0,0
48130,1,0,0,0,0
48131,1,0,0,0,0
48132,1,0,0,0,0
48133,1,0,0,0,0
48134,1,0,0,0,0
48135,1,0,0,0,0
48136,1,0,0,0,0
48137,1,0,0,0,0
48138,1,0,0,0,0
48139,1,0,0,0,0
48140,1,0,0,0,0
48141,1,0,0,0,0
48142,1,0,0,0,0
48143,1,0,0,0,0
48144,1,0,0,0,0
48145,1,0,0,0,0
48146,1,0,0,0,0
48147,1,0,0,0,0
48148,1,0,0,0,0
48149,1,0,0,0,0
48150,1,0,0,0,0
48151,1,0,0,0,0
48152,1,0,0,0,0
48153,1,0,0,0,0
48154,1,0,0,0,0
48155,1,0,0,0,0
48156,1,0,0,0,0
48157,1,0,0,0,0
48158,1,0,0,0,0
48159,1,0,0,0,0
48160,1,0,0,0,0
48161,1,0,0,0,0
48162,1,0,0,0,0
48163,1,0,0,0,0
48164,1,0,0,0,0
48165,1,0,0,0,0
48166,1,0,0,0,0
48167,1,0,0,0,0
48168,1,0,0,0,0
48169,1,0,0,0,0
48170,1,0,0,0,0
48171,1,0,0,0,0
48172,1,0,0,0,0
48173,1,0,0,0,0
48174,1,0,0,0,0
48175,1,0,0,0,0
48176,1,0,0,0,0
48177,1,0,0,0,0
48178,1,0,0,0,0
48179,1,0,0,0,0
48180,1,0,0,0,0
48181,1,0,0,0,0
48182,1,0,0,0,0
48183,1,0,0,0,0
48184,1,0,0,0,0
48185,1,0,0,0,0
48186,1,0,0,0,0
48187,1,0,0,0,0
48188,1,0,0,0,0
48189,1,0,0,0,0
48190,1,0,0,0,0
48191,1,0,0,0,0
48192,1,0,0,0,0
48193,1,0,0,0,0
48194,1,0,0,0,0
48195,1,0,0,0,0
48196,1,0,0,0,0
48197,1,0,0,0,0
48198,1,0,0,0,0
48199,1,0,0,0,0
48200,1,0,0,0,0
48201,1,0,0,0,0
48202,1,0,0,0,0
48203,1,0,0,0,0
48204,1,0,0,0,0
48205,1,0,0,0,0
48206,1,0,0,0,0
48207,1,0,0,0,0
48208,1,0,0,0,0
48209,1,0,0,0,0
48210,1,0,0,0,0
48211,1,0,0,0,0
48212,1,0,0,0,0
48213,1,0,0,0,0
48214,1,0,0,0,0
48215,1,0,0,0,0
48216,1,0,0,0,0
48217,1,0,0,0,0
48218,1,0,0,0,0
48219,1,0,0,0,0
48220,1,0,0,0,0
48221,1,0,0,0,0
48222,1,0,0,0,0
48223,1,0,0,0,0
48224,1,0,0,0,0
48225,1,0,0,0,0
48226,1,0,0,0,0
48227,1,0,0,0,0
48228,1,0,0,0,0
48229,1,0,0,0,0
48230,1,0,0,0,0
48231,1,0,0,0,0
48232,1,0,0,0,0
48233,1,0,0,0,0
48234,1,0,0,0,0
48235,1,0,0,0,0
48236,1,0,0,0,0
48237,1,0,0,0,0
48238,1,0,0,0,0
48239,1,0,0,0,0
48240,1,0,0,0,0
48241,1,0,0,0,0
48242,1,0,0,0,0
48243,1,0,0,0,0
48244,1,0,0,0,0
48245,1,0,0,0,0
48246,1,0,0,0,0
48247,1,0,0,0,0
48248,1,0,0,0,0
48249,1,0,0,0,0
48250,1,0,0,0,0
48251,1,0,0,0,0
48252,1,0,0,0,0
48253,1,0,0,0,0
48254,1,0,0,0,0
48255,1,0,0,0,0
48256,1,0,0,0,0
48257,1,0,0,0,0
48258,1,0,0,0,0
48259,0,0,1,0,0
48260,0,0,1,0,0
48261,0,0,1,0,0
48262,0,0,1,0,0
48263,0,0,1,0,0
48264,0,0,1,0,0
48265,0,0,1,0,0
48266,0,0,1,0,0
48267,0,0,1,0,0
48268,0,0,1,0,0
48269,0,0,1,0,0
48270,0,0,1,0,0
48271,0,0,1,0,0
48272,0,0,1,0,0
48273,1,0,0,0,0
48274,1,0,0,0,0
48275,1,0,0,0,0
48276,1,0,0,0,0
48277,1,0,0,0,0
48278,1,0,0,0,0
48279,1,0,0,0,0
48280,1,0,0,0,0
48281,1,0,0,0,0
48282,1,0,0,0,0
48283,1,0,0,0,0
48284,1,0,0,0,0
48285,1,0,0,0,0
48286,1,0,0,0,0
48287,1,0,0,0,0
48288,1,0,0,0,0
48289,1,0,0,0,0
48290,1,0,0,0,0
48291,1,0,0,0,0
48292,1,0,0,0,0
48293,1,0,0,0,0
48294,1,0,0,0,0
48295,1,0,0,0,0
48296,1,0,0,0,0
48297,1,0,0,0,0
48298,1,0,0,0,0
48299,1,0,0,0,0
48300,1,0,0,0,0
48301,1,0,0,0,0
48302,1,0,0,0,0
48303,1,0,0,0,0
48304,1,0,0,0,0
48305,1,0,0,0,0
48306,1,0,0,0,0
48307,1,0,0,0,0
48308,1,0,0,0,0
48309,1,0,0,0,0
48310,1,0,0,0,0
48311,1,0,0,0,0
48312,1,0,0,0,0
48313,1,0,0,0,0
48314,1,0,0,0,0
48315,1,0,0,0,0
48316,1,0,0,0,0
48317,1,0,0,0,0
48318,1,0,0,0,0
48319,1,0,0,0,0
48320,1,0,0,0,0
48321,1,0,0,0,0
48322,1,0,0,0,0
48323,1,0,0,0,0
48324,1,0,0,0,0
48325,1,0,0,0,0
48326,1,0,0,0,0
48327,1,0,0,0,0
48328,1,0,0,0,0
48329,1,0,0,0,0
48330,1,0,0,0,0
48331,1,0,0,0,0
48332,1,0,0,0,0
48333,1,0,0,0,0
48334,1,0,0,0,0
48335,1,0,0,0,0
48336,1,0,0,0,0
48337,1,0,0,0,0
48338,1,0,0,0,0
48339,1,0,0,0,0
48340,1,0,0,0,0
48341,1,0,0,0,0
48342,1,0,0,0,0
48343,1,0,0,0,0
48344,1,0,0,0,0
48345,1,0,0,0,0
48346,1,0,0,0,0
48347,1,0,0,0,0
48348,1,0,0,0,0
48349,1,0,0,0,0
48350,1,0,0,0,0
48351,1,0,0,0,0
48352,1,0,0,0,0
48353,1,0,0,0,0
48354,1,0,0,0,0
48355,1,0,0,0,0
48356,1,0,0,0,0
48357,1,0,0,0,0
48358,1,0,0,0,0
48359,1,0,0,0,0
48360,1,0,0,0,0
48361,1,0,0,0,0
48362,1,0,0,0,0
48363,1,0,0,0,0
48364,1,0,0,0,0
48365,1,0,0,0,0
48366,1,0,0,0,0
48367,1,0,0,0,0
48368,1,0,0,0,0
48369,1,0,0,0,0
48370,1,0,0,0,0
48371,1,0,0,0,0
48372,1,0,0,0,0
48373,1,0,0,0,0
48374,1,0,0,0,0
48375,1,0,0,0,0
48376,1,0,0,0,0
48377,1,0,0,0,0
48378,1,0,0,0,0
48379,1,0,0,0,0
48380,1,0,0,0,0
48381,1,0,0,0,0
48382,1,0,0,0,0
48383,1,0,0,0,0
48384,1,0,0,0,0
48385,1,0,0,0,0
48386,1,0,0,0,0
48387,1,0,0,0,0
48388,1,0,0,0,0
48389,1,0,0,0,0
48390,1,0,0,0,0
48391,1,0,0,0,0
48392,1,0,0,0,0
48393,0,1,0,0,0
48394,0,1,0,0,0
48395,0,1,0,0,0
48396,0,1,0,0,0
48397,0,1,0,0,0
48398,0,1,0,0,0
48399,0,1,0,0,0
48400,0,1,0,0,0
48401,0,1,0,0,0
48402,0,1,0,0,0
48403,0,1,0,0,0
48404,0,1,0,0,0
48405,0,1,0,0,0
48406,0,1,0,0,0
48407,0,1,0,0,0
48408,0,1,0,0,0
48409,0,1,0,0,0
48410,0,1,0,0,0
48411,0,1,0,0,0
48412,0,1,0,0,0
48413,0,1,0,0,0
48414,0,1,0,0,0
48415,0,1,0,0,0
48416,0,1,0,0,0
48417,0,1,0,0,0
48418,0,1,0,0,0
48419,0,1,0,0,0
48420,0,1,0,0,0
48421,0,1,0,0,0
48422,0,1,0,0,0
48423,0,1,0,0,0
48424,0,1,0,0,0
48425,0,1,0,0,0
48426,0,1,0,0,0
48427,0,1,0,0,0
48428,0,1,0,0,0
48429,0,1,0,0,0
48430,0,1,0,0,0
48431,0,1,0,0,0
48432,0,1,0,0,0
48433,0,1,0,0,0
48434,0,1,0,0,0
48435,0,1,0,0,0
48436,0,1,0,0,0
48437,0,1,0,0,0
48438,0,1,0,0,0
48439,0,1,0,0,0
48440,0,1,0,0,0
48441,0,1,0,0,0
48442,0,1,0,0,0
48443,0,1,0,0,0
48444,0,1,0,0,0
48445,0,1,0,0,0
48446,0,1,0,0,0
48447,0,1,0,0,0
48448,0,1,0,0,0
48449,0,1,0,0,0
48450,0,1,0,0,0
48451,0,1,0,0,0
48452,0,1,0,0,0
48453,0,1,0,0,0
48454,0,1,0,0,0
48455,0,1,0,0,0
48456,0,1,0,0,0
48457,0,1,0,0,0
48458,0,1,0,0,0
48459,0,1,0,0,0
48460,0,1,0,0,0
48461,0,1,0,0,0
48462,0,1,0,0,0
48463,0,1,0,0,0
48464,0,1,0,0,0
48465,0,1,0,0,0
48466,0,1,0,0,0
48467,0,1,0,0,0
48468,0,1,0,0,0
48469,0,1,0,0,0
48470,0,1,0,0,0
48471,0,1,0,0,0
48472,0,1,0,0,0
48473,0,1,0,0,0
48474,0,1,0,0,0
48475,0,1,0,0,0
48476,0,1,0,0,0
48477,0,1,0,0,0
48478,0,1,0,0,0
48479,0,1,0,0,0
48480,0,1,0,0,0
48481,0,1,0,0,0
48482,0,1,0,0,0
48483,0,1,0,0,0
48484,0,1,0,0,0
48485,1,0,0,0,0
48486,1,0,0,0,0
48487,1,0,0,0,0
48488,1,0,0,0,0
48489,1,0,0,0,0
48490,1,0,0,0,0
48491,1,0,0,0,0
48492,1,0,0,0,0
48493,1,0,0,0,0
48494,1,0,0,0,0
48495,1,0,0,0,0
48496,1,0,0,0,0
48497,1,0,0,0,0
48498,1,0,0,0,0
48499,1,0,0,0,0
48500,1,0,0,0,0
48501,1,0,0,0,0
48502,1,0,0,0,0
48503,1,0,0,0,0
48504,1,0,0,0,0
48505,1,0,0,0,0
48506,1,0,0,0,0
48507,1,0,0,0,0
48508,1,0,0,0,0
48509,1,0,0,0,0
48510,1,0,0,0,0
48511,1,0,0,0,0
48512,1,0,0,0,0
48513,1,0,0,0,0
48514,1,0,0,0,0
48515,1,0,0,0,0
48516,1,0,0,0,0
48517,1,0,0,0,0
48518,1,0,0,0,0
48519,1,0,0,0,0
48520,1,0,0,0,0
48521,1,0,0,0,0
48522,1,0,0,0,0
48523,1,0,0,0,0
48524,1,0,0,0,0
48525,1,0,0,0,0
48526,1,0,0,0,0
48527,1,0,0,0,0
48528,1,0,0,0,0
48529,1,0,0,0,0
48530,1,0,0,0,0
48531,1,0,0,0,0
48532,1,0,0,0,0
48533,1,0,0,0,0
48534,1,0,0,0,0
48535,1,0,0,0,0
48536,1,0,0,0,0
48537,1,0,0,0,0
48538,1,0,0,0,0
48539,1,0,0,0,0
48540,1,0,0,0,0
48541,1,0,0,0,0
48542,1,0,0,0,0
48543,1,0,0,0,0
48544,1,0,0,0,0
48545,1,0,0,0,0
48546,1,0,0,0,0
48547,1,0,0,0,0
48548,1,0,0,0,0
48549,1,0,0,0,0
48550,1,0,0,0,0
48551,1,0,0,0,0
48552,1,0,0,0,0
48553,1,0,0,0,0
48554,1,0,0,0,0
48555,1,0,0,0,0
48556,1,0,0,0,0
48557,1,0,0,0,0
48558,1,0,0,0,0
48559,1,0,0,0,0
48560,1,0,0,0,0
48561,1,0,0,0,0
48562,1,0,0,0,0
48563,1,0,0,0,0
48564,1,0,0,0,0
48565,1,0,0,0,0
48566,1,0,0,0,0
48567,1,0,0,0,0
48568,1,0,0,0,0
48569,1,0,0,0,0
48570,1,0,0,0,0
48571,1,0,0,0,0
48572,1,0,0,0,0
48573,1,0,0,0,0
48574,1,0,0,0,0
48575,1,0,0,0,0
48576,1,0,0,0,0
48577,1,0,0,0,0
48578,1,0,0,0,0
48579,1,0,0,0,0
48580,1,0,0,0,0
48581,1,0,0,0,0
48582,1,0,0,0,0
48583,1,0,0,0,0
48584,1,0,0,0,0
48585,1,0,0,0,0
48586,1,0,0,0,0
48587,1,0,0,0,0
48588,1,0,0,0,0
48589,1,0,0,0,0
48590,1,0,0,0,0
48591,1,0,0,0,0
48592,1,0,0,0,0
48593,1,0,0,0,0
48594,1,0,0,0,0
48595,1,0,0,0,0
48596,1,0,0,0,0
48597,1,0,0,0,0
48598,1,0,0,0,0
48599,1,0,0,0,0
48600,1,0,0,0,0
48601,1,0,0,0,0
48602,1,0,0,0,0
48603,1,0,0,0,0
48604,1,0,0,0,0
48605,1,0,0,0,0
48606,1,0,0,0,0
48607,1,0,0,0,0
48608,1,0,0,0,0
48609,1,0,0,0,0
48610,1,0,0,0,0
48611,1,0,0,0,0
48612,1,0,0,0,0
48613,1,0,0,0,0
48614,1,0,0,0,0
48615,1,0,0,0,0
48616,1,0,0,0,0
48617,1,0,0,0,0
48618,1,0,0,0,0
48619,1,0,0,0,0
48620,1,0,0,0,0
48621,1,0,0,0,0
48622,1,0,0,0,0
48623,1,0,0,0,0
48624,1,0,0,0,0
48625,0,0,0,0,1
48626,0,0,0,0,1
48627,0,0,0,0,1
48628,0,0,0,0,1
48629,0,0,0,0,1
48630,0,0,0,0,1
48631,0,0,0,0,1
48632,0,0,0,0,1
48633,0,0,0,0,1
48634,0,0,0,0,1
48635,0,0,0,0,1
48636,0,0,0,0,1
48637,0,0,0,0,1
48638,0,0,0,0,1
48639,1,0,0,0,0
48640,1,0,0,0,0
48641,1,0,0,0,0
48642,1,0,0,0,0
48643,1,0,0,0,0
48644,1,0,0,0,0
48645,1,0,0,0,0
48646,1,0,0,0,0
48647,1,0,0,0,0
48648,1,0,0,0,0
48649,1,0,0,0,0
48650,1,0,0,0,0
48651,1,0,0,0,0
48652,1,0,0,0,0
48653,1,0,0,0,0
48654,1,0,0,0,0
48655,1,0,0,0,0
48656,1,0,0,0,0
48657,1,0,0,0,0
48658,1,0,0,0,0
48659,1,0,0,0,0
48660,1,0,0,0,0
48661,1,0,0,0,0
48662,1,0,0,0,0
48663,1,0,0,0,0
48664,1,0,0,0,0
48665,1,0,0,0,0
48666,1,0,0,0,0
48667,1,0,0,0,0
48668,1,0,0,0,0
48669,1,0,0,0,0
48670,1,0,0,0,0
48671,1,0,0,0,0
48672,1,0,0,0,0
48673,1,0,0,0,0
48674,1,0,0,0,0
48675,1,0,0,0,0
48676,1,0,0,0,0
48677,1,0,0,0,0
48678,1,0,0,0,0
48679,1,0,0,0,0
48680,1,0,0,0,0
48681,1,0,0,0,0
48682,1,0,0,0,0
48683,1,0,0,0,0
48684,1,0,0,0,0
48685,1,0,0,0,0
48686,1,0,0,0,0
48687,1,0,0,0,0
48688,1,0,0,0,0
48689,1,0,0,0,0
48690,1,0,0,0,0
48691,1,0,0,0,0
48692,1,0,0,0,0
48693,1,0,0,0,0
48694,1,0,0,0,0
48695,1,0,0,0,0
48696,1,0,0,0,0
48697,1,0,0,0,0
48698,1,0,0,0,0
48699,1,0,0,0,0
48700,1,0,0,0,0
48701,1,0,0,0,0
48702,1,0,0,0,0
48703,1,0,0,0,0
48704,1,0,0,0,0
48705,1,0,0,0,0
48706,1,0,0,0,0
48707,0,0,1,0,0
48708,0,0,1,0,0
48709,0,0,1,0,0
48710,0,0,1,0,0
48711,0,0,1,0,0
48712,0,0,1,0,0
48713,0,0,1,0,0
48714,0,0,1,0,0
48715,0,0,1,0,0
48716,0,0,1,0,0
48717,0,0,1,0,0
48718,0,0,1,0,0
48719,0,0,1,0,0
48720,0,0,1,0,0
48721,0,0,1,0,0
48722,0,0,1,0,0
48723,0,0,1,0,0
48724,0,0,1,0,0
48725,0,0,1,0,0
48726,0,0,1,0,0
48727,0,0,1,0,0
48728,0,0,1,0,0
48729,0,0,1,0,0
48730,0,0,1,0,0
48731,0,0,1,0,0
48732,0,0,1,0,0
48733,0,0,1,0,0
48734,0,0,1,0,0
48735,0,0,1,0,0
48736,0,0,1,0,0
48737,0,0,1,0,0
48738,0,0,1,0,0
48739,0,0,1,0,0
48740,0,0,1,0,0
48741,0,0,1,0,0
48742,0,0,1,0,0
48743,0,0,1,0,0
48744,0,0,1,0,0
48745,0,0,1,0,0
48746,0,0,1,0,0
48747,0,0,1,0,0
48748,0,0,1,0,0
48749,0,0,1,0,0
48750,0,0,1,0,0
48751,0,0,1,0,0
48752,0,0,1,0,0
48753,1,0,0,0,0
48754,1,0,0,0,0
48755,1,0,0,0,0
48756,1,0,0,0,0
48757,1,0,0,0,0
48758,1,0,0,0,0
48759,1,0,0,0,0
48760,1,0,0,0,0
48761,1,0,0,0,0
48762,1,0,0,0,0
48763,1,0,0,0,0
48764,1,0,0,0,0
48765,1,0,0,0,0
48766,1,0,0,0,0
48767,1,0,0,0,0
48768,1,0,0,0,0
48769,1,0,0,0,0
48770,1,0,0,0,0
48771,1,0,0,0,0
48772,1,0,0,0,0
48773,1,0,0,0,0
48774,1,0,0,0,0
48775,0,0,0,0,1
48776,0,0,0,0,1
48777,0,0,0,0,1
48778,0,0,0,0,1
48779,0,0,0,0,1
48780,0,0,0,0,1
48781,0,0,0,0,1
48782,0,0,0,0,1
48783,0,0,0,0,1
48784,0,0,0,0,1
48785,0,0,0,0,1
48786,0,0,0,0,1
48787,0,0,0,0,1
48788,0,0,0,0,1
48789,0,0,0,0,1
48790,0,0,0,0,1
48791,0,0,0,0,1
48792,0,0,0,0,1
48793,0,0,0,0,1
48794,0,0,0,0,1
48795,0,0,0,0,1
48796,0,0,0,0,1
48797,0,0,0,0,1
48798,0,0,0,0,1
48799,0,0,0,0,1
48800,0,0,0,0,1
48801,0,0,0,0,1
48802,0,0,0,0,1
48803,0,0,0,0,1
48804,0,0,0,0,1
48805,0,0,0,0,1
48806,0,0,0,0,1
48807,0,0,0,0,1
48808,0,0,0,0,1
48809,0,0,0,0,1
48810,0,0,0,0,1
48811,0,0,0,0,1
48812,0,0,0,0,1
48813,0,0,0,0,1
48814,0,0,0,0,1
48815,0,0,0,0,1
48816,0,0,0,0,1
48817,0,0,0,0,1
48818,0,0,0,0,1
48819,0,0,0,0,1
48820,0,0,0,0,1
48821,0,0,0,0,1
48822,0,0,0,0,1
48823,0,0,0,0,1
48824,0,0,0,0,1
48825,0,0,0,0,1
48826,0,0,0,0,1
48827,0,0,0,0,1
48828,0,0,0,0,1
48829,0,0,0,0,1
48830,0,0,0,0,1
48831,0,0,0,0,1
48832,0,0,0,0,1
48833,0,0,0,0,1
48834,0,0,0,0,1
48835,0,0,0,0,1
48836,0,0,0,0,1
48837,0,0,0,0,1
48838,0,0,0,0,1
48839,0,0,0,0,1
48840,0,0,0,0,1
48841,0,0,0,0,1
48842,0,0,0,0,1
48843,0,0,0,0,1
48844,0,0,0,0,1
48845,0,0,0,0,1
48846,0,0,0,0,1
48847,0,0,0,0,1
48848,0,0,0,0,1
48849,0,0,0,0,1
48850,0,0,0,0,1
48851,0,0,0,0,1
48852,0,0,0,0,1
48853,0,0,0,0,1
48854,0,0,0,0,1
48855,0,0,0,0,1
48856,0,0,0,0,1
48857,0,0,0,0,1
48858,0,0,0,0,1
48859,0,0,0,0,1
48860,0,0,0,0,1
48861,0,0,0,0,1
48862,0,0,0,0,1
48863,0,0,0,0,1
48864,0,0,0,0,1
48865,0,0,0,0,1
48866,0,0,0,0,1
48867,0,0,0,0,1
48868,0,0,0,0,1
48869,0,0,0,0,1
48870,0,0,0,0,1
48871,0,0,0,0,1
48872,0,0,0,0,1
48873,0,0,0,0,1
48874,0,0,0,0,1
48875,0,0,0,0,1
48876,0,0,0,0,1
48877,0,0,0,0,1
48878,0,0,0,0,1
48879,0,0,0,0,1
48880,0,0,0,0,1
48881,0,0,0,0,1
48882,0,0,0,0,1
48883,0,0,0,0,1
48884,1,0,0,0,0
48885,1,0,0,0,0
48886,1,0,0,0,0
48887,1,0,0,0,0
48888,1,0,0,0,0
48889,1,0,0,0,0
48890,1,0,0,0,0
48891,1,0,0,0,0
48892,1,0,0,0,0
48893,1,0,0,0,0
48894,1,0,0,0,0
48895,1,0,0,0,0
48896,1,0,0,0,0
48897,1,0,0,0,0
48898,1,0,0,0,0
48899,1,0,0,0,0
48900,1,0,0,0,0
48901,1,0,0,0,0
48902,1,0,0,0,0
48903,1,0,0,0,0
48904,1,0,0,0,0
48905,1,0,0,0,0
48906,1,0,0,0,0
48907,1,0,0,0,0
48908,1,0,0,0,0
48909,1,0,0,0,0
48910,1,0,0,0,0
48911,1,0,0,0,0
48912,1,0,0,0,0
48913,1,0,0,0,0
48914,1,0,0,0,0
48915,1,0,0,0,0
48916,1,0,0,0,0
48917,1,0,0,0,0
48918,1,0,0,0,0
48919,1,0,0,0,0
48920,1,0,0,0,0
48921,1,0,0,0,0
48922,1,0,0,0,0
48923,1,0,0,0,0
48924,1,0,0,0,0
48925,1,0,0,0,0
48926,1,0,0,0,0
48927,1,0,0,0,0
48928,1,0,0,0,0
48929,1,0,0,0,0
48930,1,0,0,0,0
48931,1,0,0,0,0
48932,1,0,0,0,0
48933,1,0,0,0,0
48934,1,0,0,0,0
48935,1,0,0,0,0
48936,1,0,0,0,0
48937,1,0,0,0,0
48938,1,0,0,0,0
48939,1,0,0,0,0
48940,1,0,0,0,0
48941,1,0,0,0,0
48942,1,0,0,0,0
48943,1,0,0,0,0
48944,1,0,0,0,0
48945,1,0,0,0,0
48946,1,0,0,0,0
48947,1,0,0,0,0
48948,0,0,0,0,1
48949,0,0,0,0,1
48950,0,0,0,0,1
48951,0,0,0,0,1
48952,0,0,0,0,1
48953,0,0,0,0,1
48954,0,0,0,0,1
48955,0,0,0,0,1
48956,0,0,0,0,1
48957,0,0,0,0,1
48958,0,0,0,0,1
48959,0,0,0,0,1
48960,0,0,0,0,1
48961,0,0,0,0,1
48962,0,0,0,0,1
48963,0,0,0,0,1
48964,0,0,0,0,1
48965,0,0,0,0,1
48966,0,0,0,0,1
48967,0,0,0,0,1
48968,0,0,0,0,1
48969,0,0,0,0,1
48970,0,0,0,0,1
48971,0,0,0,0,1
48972,0,0,0,0,1
48973,0,0,0,0,1
48974,0,0,0,0,1
48975,0,0,0,0,1
48976,0,0,0,0,1
48977,0,0,0,0,1
48978,0,0,0,0,1
48979,0,0,0,0,1
48980,0,0,0,0,1
48981,0,0,0,0,1
48982,0,0,0,0,1
48983,0,0,0,0,1
48984,0,0,0,0,1
48985,0,0,0,0,1
48986,0,0,0,0,1
48987,0,0,0,0,1
48988,0,0,0,0,1
48989,0,0,0,0,1
48990,0,0,0,0,1
48991,0,0,0,0,1
48992,0,0,0,0,1
48993,0,0,0,0,1
48994,0,0,0,0,1
48995,0,0,0,0,1
48996,0,0,0,0,1
48997,0,0,0,0,1
48998,0,0,0,0,1
48999,0,0,0,0,1
49000,0,0,0,0,1
49001,0,0,0,0,1
49002,0,0,0,0,1
49003,0,0,0,0,1
49004,0,0,0,0,1
49005,0,0,0,0,1
49006,0,0,0,0,1
49007,0,0,0,0,1
49008,0,0,0,0,1
49009,0,0,0,0,1
49010,0,0,0,0,1
49011,0,0,0,0,1
49012,0,0,0,0,1
49013,0,0,0,0,1
49014,0,0,0,0,1
49015,0,0,0,0,1
49016,0,0,0,0,1
49017,0,0,0,0,1
49018,0,0,0,0,1
49019,0,0,0,0,1
49020,0,0,0,0,1
49021,0,0,0,0,1
49022,0,0,0,0,1
49023,0,0,0,0,1
49024,0,0,0,0,1
49025,0,0,0,0,1
49026,0,0,0,0,1
49027,0,0,0,0,1
49028,0,0,0,0,1
49029,0,0,0,0,1
49030,0,0,0,0,1
49031,0,0,0,0,1
49032,0,0,0,0,1
49033,0,0,0,0,1
49034,0,0,0,0,1
49035,0,0,0,0,1
49036,0,0,0,0,1
49037,0,0,0,0,1
49038,0,0,0,0,1
49039,0,0,0,0,1
49040,0,0,0,0,1
49041,0,0,0,0,1
49042,0,0,0,0,1
49043,0,0,0,0,1
49044,0,0,0,0,1
49045,0,0,0,0,1
49046,1,0,0,0,0
49047,1,0,0,0,0
49048,1,0,0,0,0
49049,1,0,0,0,0
49050,1,0,0,0,0
49051,1,0,0,0,0
49052,1,0,0,0,0
49053,1,0,0,0,0
49054,1,0,0,0,0
49055,1,0,0,0,0
49056,1,0,0,0,0
49057,1,0,0,0,0
49058,1,0,0,0,0
49059,1,0,0,0,0
49060,0,0,0,0,1
49061,0,0,0,0,1
49062,0,0,0,0,1
49063,0,0,0,0,1
49064,0,0,0,0,1
49065,0,0,0,0,1
49066,0,0,0,0,1
49067,0,0,0,0,1
49068,0,0,0,0,1
49069,0,0,0,0,1
49070,0,0,0,0,1
49071,0,0,0,0,1
49072,0,0,0,0,1
49073,0,0,0,0,1
49074,0,0,0,0,1
49075,0,0,0,0,1
49076,0,0,0,0,1
49077,0,0,0,0,1
49078,0,0,0,0,1
49079,0,0,0,0,1
49080,0,0,0,0,1
49081,0,0,0,0,1
49082,0,0,0,0,1
49083,0,0,0,0,1
49084,0,0,0,0,1
49085,0,0,0,0,1
49086,0,0,0,0,1
49087,0,0,0,0,1
49088,0,0,0,0,1
49089,0,0,0,0,1
49090,0,0,0,0,1
49091,0,0,0,0,1
49092,0,0,0,0,1
49093,0,0,0,0,1
49094,0,0,0,0,1
49095,0,0,0,0,1
49096,0,0,0,0,1
49097,0,0,0,0,1
49098,0,0,0,0,1
49099,0,0,0,0,1
49100,0,0,0,0,1
49101,0,0,0,0,1
49102,0,0,0,0,1
49103,0,0,0,0,1
49104,0,0,0,0,1
49105,0,0,0,0,1
49106,0,0,0,0,1
49107,0,0,0,0,1
49108,0,0,0,0,1
49109,1,0,0,0,0
49110,1,0,0,0,0
49111,1,0,0,0,0
49112,1,0,0,0,0
49113,1,0,0,0,0
49114,1,0,0,0,0
49115,1,0,0,0,0
49116,1,0,0,0,0
49117,1,0,0,0,0
49118,1,0,0,0,0
49119,1,0,0,0,0
49120,1,0,0,0,0
49121,1,0,0,0,0
49122,1,0,0,0,0
49123,1,0,0,0,0
49124,1,0,0,0,0
49125,1,0,0,0,0
49126,1,0,0,0,0
49127,1,0,0,0,0
49128,1,0,0,0,0
49129,1,0,0,0,0
49130,1,0,0,0,0
49131,1,0,0,0,0
49132,1,0,0,0,0
49133,1,0,0,0,0
49134,1,0,0,0,0
49135,0,0,0,1,0
49136,0,0,0,1,0
49137,0,0,0,1,0
49138,0,0,0,1,0
49139,0,0,0,1,0
49140,0,0,0,1,0
49141,0,0,0,1,0
49142,0,0,0,1,0
49143,0,0,0,1,0
49144,0,0,0,1,0
49145,0,0,0,1,0
49146,0,0,0,1,0
49147,0,0,0,1,0
49148,0,0,0,1,0
49149,0,0,0,1,0
49150,0,0,0,1,0
49151,0,0,0,1,0
49152,0,0,0,1,0
49153,0,0,0,1,0
49154,0,0,0,1,0
49155,0,0,0,1,0
49156,0,0,0,1,0
49157,0,0,0,1,0
49158,0,0,0,1,0
49159,0,0,0,1,0
49160,0,0,0,1,0
49161,0,0,0,1,0
49162,0,0,0,1,0
49163,0,0,0,1,0
49164,0,0,0,1,0
49165,0,0,0,1,0
49166,0,0,0,1,0
49167,0,0,0,1,0
49168,0,0,0,1,0
49169,0,0,0,1,0
49170,0,0,0,1,0
49171,0,0,0,1,0
49172,0,0,0,1,0
49173,0,0,0,1,0
49174,0,0,0,1,0
49175,0,0,0,1,0
49176,0,0,0,1,0
49177,0,0,0,1,0
49178,0,0,0,1,0
49179,0,0,0,1,0
49180,1,0,0,0,0
49181,1,0,0,0,0
49182,1,0,0,0,0
49183,1,0,0,0,0
49184,1,0,0,0,0
49185,1,0,0,0,0
49186,1,0,0,0,0
49187,1,0,0,0,0
49188,1,0,0,0,0
49189,1,0,0,0,0
49190,1,0,0,0,0
49191,1,0,0,0,0
49192,1,0,0,0,0
49193,1,0,0,0,0
49194,1,0,0,0,0
49195,1,0,0,0,0
49196,1,0,0,0,0
49197,1,0,0,0,0
49198,1,0,0,0,0
49199,1,0,0,0,0
49200,1,0,0,0,0
49201,1,0,0,0,0
49202,1,0,0,0,0
49203,1,0,0,0,0
49204,1,0,0,0,0
49205,1,0,0,0,0
49206,1,0,0,0,0
49207,1,0,0,0,0
49208,1,0,0,0,0
49209,1,0,0,0,0
49210,1,0,0,0,0
49211,1,0,0,0,0
49212,1,0,0,0,0
49213,1,0,0,0,0
49214,1,0,0,0,0
49215,1,0,0,0,0
49216,1,0,0,0,0
49217,1,0,0,0,0
49218,1,0,0,0,0
49219,1,0,0,0,0
49220,1,0,0,0,0
49221,1,0,0,0,0
49222,1,0,0,0,0
49223,1,0,0,0,0
49224,1,0,0,0,0
49225,1,0,0,0,0
49226,1,0,0,0,0
49227,1,0,0,0,0
49228,1,0,0,0,0
49229,1,0,0,0,0
49230,1,0,0,0,0
49231,1,0,0,0,0
49232,1,0,0,0,0
49233,1,0,0,0,0
49234,1,0,0,0,0
49235,1,0,0,0,0
49236,1,0,0,0,0
49237,1,0,0,0,0
49238,1,0,0,0,0
49239,1,0,0,0,0
49240,1,0,0,0,0
49241,1,0,0,0,0
49242,1,0,0,0,0
49243,1,0,0,0,0
49244,1,0,0,0,0
49245,1,0,0,0,0
49246,1,0,0,0,0
49247,1,0,0,0,0
49248,1,0,0,0,0
49249,1,0,0,0,0
49250,1,0,0,0,0
49251,1,0,0,0,0
49252,1,0,0,0,0
49253,1,0,0,0,0
49254,1,0,0,0,0
49255,1,0,0,0,0
49256,1,0,0,0,0
49257,1,0,0,0,0
49258,1,0,0,0,0
49259,1,0,0,0,0
49260,1,0,0,0,0
49261,1,0,0,0,0
49262,1,0,0,0,0
49263,1,0,0,0,0
49264,1,0,0,0,0
49265,1,0,0,0,0
49266,1,0,0,0,0
49267,1,0,0,0,0
49268,1,0,0,0,0
49269,1,0,0,0,0
49270,1,0,0,0,0
49271,1,0,0,0,0
49272,1,0,0,0,0
49273,1,0,0,0,0
49274,1,0,0,0,0
49275,1,0,0,0,0
49276,1,0,0,0,0
49277,1,0,0,0,0
49278,1,0,0,0,0
49279,1,0,0,0,0
49280,1,0,0,0,0
49281,1,0,0,0,0
49282,1,0,0,0,0
49283,1,0,0,0,0
49284,1,0,0,0,0
49285,1,0,0,0,0
49286,1,0,0,0,0
49287,1,0,0,0,0
49288,1,0,0,0,0
49289,1,0,0,0,0
49290,1,0,0,0,0
49291,1,0,0,0,0
49292,1,0,0,0,0
49293,1,0,0,0,0
49294,1,0,0,0,0
49295,1,0,0,0,0
49296,1,0,0,0,0
49297,1,0,0,0,0
49298,1,0,0,0,0
49299,1,0,0,0,0
49300,1,0,0,0,0
49301,1,0,0,0,0
49302,1,0,0,0,0
49303,1,0,0,0,0
49304,1,0,0,0,0
49305,1,0,0,0,0
49306,1,0,0,0,0
49307,1,0,0,0,0
49308,1,0,0,0,0
49309,1,0,0,0,0
49310,1,0,0,0,0
49311,1,0,0,0,0
49312,1,0,0,0,0
49313,1,0,0,0,0
49314,1,0,0,0,0
49315,1,0,0,0,0
49316,1,0,0,0,0
49317,1,0,0,0,0
49318,1,0,0,0,0
49319,1,0,0,0,0
49320,1,0,0,0,0
49321,1,0,0,0,0
49322,1,0,0,0,0
49323,1,0,0,0,0
49324,1,0,0,0,0
49325,1,0,0,0,0
49326,1,0,0,0,0
49327,1,0,0,0,0
49328,1,0,0,0,0
49329,1,0,0,0,0
49330,1,0,0,0,0
49331,1,0,0,0,0
49332,1,0,0,0,0
49333,1,0,0,0,0
49334,1,0,0,0,0
49335,1,0,0,0,0
49336,1,0,0,0,0
49337,1,0,0,0,0
49338,1,0,0,0,0
49339,1,0,0,0,0
49340,1,0,0,0,0
49341,1,0,0,0,0
49342,1,0,0,0,0
49343,1,0,0,0,0
49344,1,0,0,0,0
49345,1,0,0,0,0
49346,1,0,0,0,0
49347,1,0,0,0,0
49348,1,0,0,0,0
49349,1,0,0,0,0
49350,1,0,0,0,0
49351,1,0,0,0,0
49352,1,0,0,0,0
49353,1,0,0,0,0
49354,1,0,0,0,0
49355,1,0,0,0,0
49356,1,0,0,0,0
49357,1,0,0,0,0
49358,1,0,0,0,0
49359,1,0,0,0,0
49360,1,0,0,0,0
49361,1,0,0,0,0
49362,1,0,0,0,0
49363,1,0,0,0,0
49364,1,0,0,0,0
49365,1,0,0,0,0
49366,1,0,0,0,0
49367,1,0,0,0,0
49368,1,0,0,0,0
49369,1,0,0,0,0
49370,1,0,0,0,0
49371,1,0,0,0,0
49372,1,0,0,0,0
49373,1,0,0,0,0
49374,1,0,0,0,0
49375,1,0,0,0,0
49376,1,0,0,0,0
49377,1,0,0,0,0
49378,1,0,0,0,0
49379,1,0,0,0,0
49380,1,0,0,0,0
49381,1,0,0,0,0
49382,1,0,0,0,0
49383,1,0,0,0,0
49384,1,0,0,0,0
49385,1,0,0,0,0
49386,1,0,0,0,0
49387,1,0,0,0,0
49388,1,0,0,0,0
49389,1,0,0,0,0
49390,1,0,0,0,0
49391,1,0,0,0,0
49392,1,0,0,0,0
49393,1,0,0,0,0
49394,1,0,0,0,0
49395,1,0,0,0,0
49396,1,0,0,0,0
49397,1,0,0,0,0
49398,1,0,0,0,0
49399,1,0,0,0,0
49400,1,0,0,0,0
49401,1,0,0,0,0
49402,1,0,0,0,0
49403,1,0,0,0,0
49404,1,0,0,0,0
49405,1,0,0,0,0
49406,1,0,0,0,0
49407,1,0,0,0,0
49408,1,0,0,0,0
49409,1,0,0,0,0
49410,1,0,0,0,0
49411,1,0,0,0,0
49412,1,0,0,0,0
49413,1,0,0,0,0
49414,1,0,0,0,0
49415,1,0,0,0,0
49416,1,0,0,0,0
49417,1,0,0,0,0
49418,1,0,0,0,0
49419,1,0,0,0,0
49420,1,0,0,0,0
49421,1,0,0,0,0
49422,1,0,0,0,0
49423,1,0,0,0,0
49424,1,0,0,0,0
49425,0,0,0,0,1
49426,0,0,0,0,1
49427,0,0,0,0,1
49428,0,0,0,0,1
49429,0,0,0,0,1
49430,0,0,0,0,1
49431,0,0,0,0,1
49432,0,0,0,0,1
49433,0,0,0,0,1
49434,0,0,0,0,1
49435,0,0,0,0,1
49436,0,0,0,0,1
49437,0,0,0,0,1
49438,0,0,0,0,1
49439,0,0,0,0,1
49440,0,0,0,0,1
49441,0,0,0,0,1
49442,0,0,0,0,1
49443,0,0,0,0,1
49444,0,0,0,0,1
49445,0,0,0,0,1
49446,0,0,0,0,1
49447,0,0,0,0,1
49448,0,0,0,0,1
49449,0,0,0,0,1
49450,0,0,0,0,1
49451,0,0,0,0,1
49452,0,0,0,0,1
49453,0,0,0,0,1
49454,0,0,0,0,1
49455,0,0,0,0,1
49456,0,0,0,0,1
49457,0,0,0,0,1
49458,0,0,0,0,1
49459,0,0,0,0,1
49460,0,0,0,0,1
49461,0,0,0,0,1
49462,0,0,0,0,1
49463,0,0,0,0,1
49464,0,0,0,0,1
49465,0,0,0,0,1
49466,0,0,0,0,1
49467,0,0,0,0,1
49468,0,0,0,0,1
49469,0,0,0,0,1
49470,0,0,0,0,1
49471,0,0,0,0,1
49472,0,0,0,0,1
49473,0,0,0,0,1
49474,0,0,0,0,1
49475,0,0,0,0,1
49476,0,0,0,0,1
49477,0,0,0,0,1
49478,0,0,0,0,1
49479,0,0,0,0,1
49480,0,0,0,0,1
49481,0,0,0,0,1
49482,0,0,0,0,1
49483,0,0,0,0,1
49484,0,0,0,0,1
49485,0,0,0,0,1
49486,0,0,0,0,1
49487,0,0,0,0,1
49488,0,0,0,0,1
49489,0,0,0,0,1
49490,0,0,0,0,1
49491,0,0,0,0,1
49492,0,0,0,0,1
49493,0,0,0,0,1
49494,0,0,0,0,1
49495,0,0,0,0,1
49496,0,0,0,0,1
49497,0,0,0,0,1
49498,0,0,0,0,1
49499,0,0,0,0,1
49500,0,0,0,0,1
49501,0,0,0,0,1
49502,0,0,0,0,1
49503,0,0,0,0,1
49504,0,0,0,0,1
49505,0,0,0,1,0
49506,0,0,0,1,0
49507,0,0,0,1,0
49508,0,0,0,1,0
49509,0,0,0,1,0
49510,0,0,0,1,0
49511,0,0,0,1,0
49512,0,0,0,1,0
49513,0,0,0,1,0
49514,0,0,0,1,0
49515,0,0,0,1,0
49516,0,0,0,1,0
49517,0,0,0,1,0
49518,0,0,0,1,0
49519,0,0,0,1,0
49520,0,0,0,1,0
49521,0,0,0,1,0
49522,1,0,0,0,0
49523,1,0,0,0,0
49524,1,0,0,0,0
49525,1,0,0,0,0
49526,1,0,0,0,0
49527,1,0,0,0,0
49528,1,0,0,0,0
49529,1,0,0,0,0
49530,1,0,0,0,0
49531,1,0,0,0,0
49532,1,0,0,0,0
49533,1,0,0,0,0
49534,1,0,0,0,0
49535,1,0,0,0,0
49536,1,0,0,0,0
49537,1,0,0,0,0
49538,1,0,0,0,0
49539,1,0,0,0,0
49540,1,0,0,0,0
49541,1,0,0,0,0
49542,1,0,0,0,0
49543,1,0,0,0,0
49544,1,0,0,0,0
49545,1,0,0,0,0
49546,1,0,0,0,0
49547,1,0,0,0,0
49548,1,0,0,0,0
49549,1,0,0,0,0
49550,1,0,0,0,0
49551,1,0,0,0,0
49552,1,0,0,0,0
49553,0,0,0,0,1
49554,0,0,0,0,1
49555,0,0,0,0,1
49556,0,0,0,0,1
49557,0,0,0,0,1
49558,0,0,0,0,1
49559,0,0,0,0,1
49560,0,0,0,0,1
49561,0,0,0,0,1
49562,0,0,0,0,1
49563,0,0,0,0,1
49564,0,0,0,0,1
49565,0,0,0,0,1
49566,0,0,0,0,1
49567,0,0,0,0,1
49568,0,0,0,0,1
49569,0,0,0,0,1
49570,0,0,0,0,1
49571,0,0,0,0,1
49572,0,0,0,0,1
49573,0,0,0,0,1
49574,0,0,0,0,1
49575,0,0,0,0,1
49576,0,0,0,0,1
49577,0,0,0,0,1
49578,0,0,0,0,1
49579,0,0,0,0,1
49580,0,0,0,0,1
49581,0,0,0,0,1
49582,0,0,0,0,1
49583,0,0,0,0,1
49584,0,0,0,0,1
49585,0,0,0,0,1
49586,0,0,0,0,1
49587,0,0,0,0,1
49588,0,0,0,0,1
49589,0,0,0,0,1
49590,0,0,0,0,1
49591,0,0,0,0,1
49592,0,0,0,0,1
49593,0,0,0,0,1
49594,0,0,0,0,1
49595,0,0,0,0,1
49596,0,0,0,0,1
49597,0,0,0,0,1
49598,0,0,0,0,1
49599,0,0,0,0,1
49600,0,0,0,0,1
49601,0,0,0,0,1
49602,0,0,0,0,1
49603,0,0,0,0,1
49604,0,0,0,0,1
49605,0,0,0,0,1
49606,0,0,0,0,1
49607,0,0,0,0,1
49608,0,0,0,0,1
49609,0,0,0,0,1
49610,0,0,0,0,1
49611,0,0,0,0,1
49612,0,0,0,0,1
49613,0,0,0,0,1
49614,0,0,0,0,1
49615,0,0,0,0,1
49616,0,0,0,0,1
49617,0,0,0,0,1
49618,0,0,0,0,1
49619,0,0,0,0,1
49620,0,0,0,0,1
49621,0,0,0,0,1
49622,0,0,0,0,1
49623,0,0,0,0,1
49624,0,0,0,0,1
49625,0,0,0,0,1
49626,0,0,0,0,1
49627,0,0,0,0,1
49628,0,0,0,0,1
49629,0,0,0,0,1
49630,0,0,0,0,1
49631,0,0,0,0,1
49632,0,0,0,0,1
49633,0,0,0,0,1
49634,0,0,0,0,1
49635,0,0,0,0,1
49636,0,0,0,0,1
49637,0,0,0,0,1
49638,0,0,0,0,1
49639,0,0,0,0,1
49640,0,0,0,0,1
49641,0,0,0,0,1
49642,0,0,0,0,1
49643,0,0,0,0,1
49644,0,0,0,0,1
49645,0,0,0,0,1
49646,0,0,0,0,1
49647,0,0,0,0,1
49648,0,0,0,0,1
49649,0,0,0,0,1
49650,0,0,0,0,1
49651,0,0,0,0,1
49652,0,0,0,0,1
49653,0,0,0,0,1
49654,0,0,0,0,1
49655,0,0,0,0,1
49656,0,0,0,0,1
49657,0,0,0,0,1
49658,0,0,0,0,1
49659,0,0,0,0,1
49660,0,0,0,0,1
49661,0,0,0,0,1
49662,0,0,0,0,1
49663,0,0,0,0,1
49664,0,0,0,0,1
49665,0,0,0,0,1
49666,0,0,0,0,1
49667,0,0,0,0,1
49668,0,0,0,0,1
49669,0,0,0,0,1
49670,0,0,0,0,1
49671,0,0,0,0,1
49672,0,0,0,0,1
49673,0,0,0,0,1
49674,0,0,0,0,1
49675,0,0,0,0,1
49676,0,0,0,0,1
49677,0,0,0,0,1
49678,0,0,0,0,1
49679,0,0,0,0,1
49680,0,0,0,0,1
49681,0,0,0,0,1
49682,0,0,0,0,1
49683,0,0,0,0,1
49684,0,0,0,0,1
49685,0,0,0,0,1
49686,0,0,0,0,1
49687,0,0,0,0,1
49688,0,0,0,0,1
49689,0,0,0,0,1
49690,0,0,0,0,1
49691,0,0,0,0,1
49692,0,0,0,0,1
49693,0,0,0,0,1
49694,0,0,0,0,1
49695,0,0,0,0,1
49696,0,0,0,0,1
49697,0,0,0,0,1
49698,0,0,0,0,1
49699,0,0,0,0,1
49700,0,0,0,0,1
49701,0,0,0,0,1
49702,0,0,0,0,1
49703,0,0,0,0,1
49704,0,0,0,0,1
49705,0,0,0,0,1
49706,0,0,0,0,1
49707,0,0,0,0,1
49708,0,0,0,0,1
49709,0,0,0,0,1
49710,0,0,0,0,1
49711,0,0,0,0,1
49712,0,0,0,0,1
49713,0,0,0,0,1
49714,0,0,0,0,1
49715,0,0,0,0,1
49716,0,0,0,0,1
49717,0,0,0,0,1
49718,0,0,0,0,1
49719,0,0,0,0,1
49720,0,0,0,0,1
49721,0,0,0,0,1
49722,0,0,0,0,1
49723,0,0,0,0,1
49724,0,0,0,0,1
49725,0,0,0,0,1
49726,0,0,0,0,1
49727,0,0,0,0,1
49728,0,0,0,0,1
49729,0,0,0,0,1
49730,0,0,0,0,1
49731,0,0,0,0,1
49732,0,0,0,0,1
49733,0,0,0,0,1
49734,0,0,0,0,1
49735,0,0,0,0,1
49736,0,0,0,0,1
49737,0,0,0,0,1
49738,0,0,0,0,1
49739,0,0,0,0,1
49740,0,0,0,0,1
49741,0,0,0,0,1
49742,0,0,0,0,1
49743,0,0,0,0,1
49744,0,0,0,0,1
49745,0,0,0,0,1
49746,0,0,0,0,1
49747,0,0,0,0,1
49748,0,0,0,0,1
49749,0,0,0,0,1
49750,0,0,0,0,1
49751,0,0,0,0,1
49752,0,0,0,0,1
49753,0,0,0,0,1
49754,0,0,0,0,1
49755,0,0,0,0,1
49756,0,0,0,0,1
49757,0,0,0,0,1
49758,0,0,0,0,1
49759,0,0,0,0,1
49760,0,0,0,0,1
49761,0,0,0,0,1
49762,0,0,0,0,1
49763,0,0,0,0,1
49764,0,0,0,0,1
49765,1,0,0,0,0
49766,1,0,0,0,0
49767,1,0,0,0,0
49768,1,0,0,0,0
49769,1,0,0,0,0
49770,1,0,0,0,0
49771,1,0,0,0,0
49772,1,0,0,0,0
49773,1,0,0,0,0
49774,1,0,0,0,0
49775,1,0,0,0,0
49776,1,0,0,0,0
49777,1,0,0,0,0
49778,1,0,0,0,0
49779,1,0,0,0,0
49780,1,0,0,0,0
49781,1,0,0,0,0
49782,1,0,0,0,0
49783,1,0,0,0,0
49784,1,0,0,0,0
49785,1,0,0,0,0
49786,1,0,0,0,0
49787,1,0,0,0,0
49788,1,0,0,0,0
49789,1,0,0,0,0
49790,1,0,0,0,0
49791,1,0,0,0,0
49792,1,0,0,0,0
49793,1,0,0,0,0
49794,1,0,0,0,0
49795,1,0,0,0,0
49796,1,0,0,0,0
49797,1,0,0,0,0
49798,1,0,0,0,0
49799,1,0,0,0,0
49800,1,0,0,0,0
49801,1,0,0,0,0
49802,1,0,0,0,0
49803,1,0,0,0,0
49804,1,0,0,0,0
49805,1,0,0,0,0
49806,1,0,0,0,0
49807,1,0,0,0,0
49808,1,0,0,0,0
49809,1,0,0,0,0
49810,1,0,0,0,0
49811,1,0,0,0,0
49812,1,0,0,0,0
49813,1,0,0,0,0
49814,1,0,0,0,0
49815,1,0,0,0,0
49816,1,0,0,0,0
49817,1,0,0,0,0
49818,1,0,0,0,0
49819,1,0,0,0,0
49820,1,0,0,0,0
49821,1,0,0,0,0
49822,1,0,0,0,0
49823,1,0,0,0,0
49824,1,0,0,0,0
49825,1,0,0,0,0
49826,1,0,0,0,0
49827,1,0,0,0,0
49828,1,0,0,0,0
49829,1,0,0,0,0
49830,1,0,0,0,0
49831,1,0,0,0,0
49832,1,0,0,0,0
49833,1,0,0,0,0
49834,1,0,0,0,0
49835,1,0,0,0,0
49836,1,0,0,0,0
49837,1,0,0,0,0
49838,1,0,0,0,0
49839,1,0,0,0,0
49840,1,0,0,0,0
49841,1,0,0,0,0
49842,1,0,0,0,0
49843,1,0,0,0,0
49844,1,0,0,0,0
49845,1,0,0,0,0
49846,1,0,0,0,0
49847,1,0,0,0,0
49848,1,0,0,0,0
49849,1,0,0,0,0
49850,1,0,0,0,0
49851,1,0,0,0,0
49852,1,0,0,0,0
49853,1,0,0,0,0
49854,1,0,0,0,0
49855,1,0,0,0,0
49856,1,0,0,0,0
49857,1,0,0,0,0
49858,1,0,0,0,0
49859,1,0,0,0,0
49860,1,0,0,0,0
49861,1,0,0,0,0
49862,1,0,0,0,0
49863,1,0,0,0,0
49864,1,0,0,0,0
49865,1,0,0,0,0
49866,1,0,0,0,0
49867,1,0,0,0,0
49868,1,0,0,0,0
49869,1,0,0,0,0
49870,1,0,0,0,0
49871,1,0,0,0,0
49872,1,0,0,0,0
49873,1,0,0,0,0
49874,1,0,0,0,0
49875,1,0,0,0,0
49876,1,0,0,0,0
49877,1,0,0,0,0
49878,1,0,0,0,0
49879,1,0,0,0,0
49880,1,0,0,0,0
49881,1,0,0,0,0
49882,1,0,0,0,0
49883,1,0,0,0,0
49884,1,0,0,0,0
49885,1,0,0,0,0
49886,1,0,0,0,0
49887,1,0,0,0,0
49888,1,0,0,0,0
49889,1,0,0,0,0
49890,1,0,0,0,0
49891,1,0,0,0,0
49892,1,0,0,0,0
49893,1,0,0,0,0
49894,1,0,0,0,0
49895,1,0,0,0,0
49896,1,0,0,0,0
49897,1,0,0,0,0
49898,1,0,0,0,0
49899,1,0,0,0,0
49900,1,0,0,0,0
49901,1,0,0,0,0
49902,1,0,0,0,0
49903,1,0,0,0,0
49904,1,0,0,0,0
49905,1,0,0,0,0
49906,1,0,0,0,0
49907,1,0,0,0,0
49908,1,0,0,0,0
49909,1,0,0,0,0
49910,1,0,0,0,0
49911,1,0,0,0,0
49912,1,0,0,0,0
49913,1,0,0,0,0
49914,1,0,0,0,0
49915,0,0,0,0,1
49916,0,0,0,0,1
49917,0,0,0,0,1
49918,0,0,0,0,1
49919,0,0,0,0,1
49920,0,0,0,0,1
49921,0,0,0,0,1
49922,0,0,0,0,1
49923,0,0,0,0,1
49924,0,0,0,0,1
49925,0,0,0,0,1
49926,0,0,0,0,1
49927,0,0,0,0,1
49928,0,0,0,0,1
49929,0,0,0,0,1
49930,0,0,0,0,1
49931,0,0,0,0,1
49932,0,0,0,0,1
49933,0,0,0,0,1
49934,0,0,0,0,1
49935,0,0,0,0,1
49936,0,0,0,0,1
49937,0,0,0,0,1
49938,0,0,0,0,1
49939,0,0,0,0,1
49940,0,0,0,0,1
49941,0,0,0,0,1
49942,0,0,0,0,1
49943,0,0,0,0,1
49944,0,0,0,0,1
49945,0,0,0,0,1
49946,0,0,0,0,1
49947,0,0,0,0,1
49948,0,0,0,0,1
49949,0,0,0,0,1
49950,0,0,0,0,1
49951,0,0,0,0,1
49952,0,0,0,0,1
49953,0,0,0,0,1
49954,0,0,0,0,1
49955,0,0,0,0,1
49956,0,0,0,0,1
49957,0,0,0,0,1
49958,0,0,0,0,1
49959,0,0,0,0,1
49960,1,0,0,0,0
49961,1,0,0,0,0
49962,1,0,0,0,0
49963,1,0,0,0,0
49964,1,0,0,0,0
49965,1,0,0,0,0
49966,1,0,0,0,0
49967,1,0,0,0,0
49968,1,0,0,0,0
49969,1,0,0,0,0
49970,1,0,0,0,0
49971,1,0,0,0,0
49972,1,0,0,0,0
49973,1,0,0,0,0
49974,1,0,0,0,0
49975,1,0,0,0,0
49976,1,0,0,0,0
49977,1,0,0,0,0
49978,1,0,0,0,0
49979,1,0,0,0,0
49980,1,0,0,0,0
49981,1,0,0,0,0
49982,1,0,0,0,0
49983,1,0,0,0,0
49984,1,0,0,0,0
49985,1,0,0,0,0
49986,1,0,0,0,0
49987,1,0,0,0,0
49988,1,0,0,0,0
49989,1,0,0,0,0
49990,1,0,0,0,0
49991,1,0,0,0,0
49992,1,0,0,0,0
49993,1,0,0,0,0
49994,1,0,0,0,0
49995,1,0,0,0,0
49996,1,0,0,0,0
49997,1,0,0,0,0
49998,1,0,0,0,0
49999,1,0,0,0,0
50000,1,0,0,0,0
50001,1,0,0,0,0
50002,1,0,0,0,0
50003,1,0,0,0,0
50004,1,0,0,0,0
50005,1,0,0,0,0
50006,1,0,0,0,0
50007,1,0,0,0,0
50008,1,0,0,0,0
50009,1,0,0,0,0
50010,1,0,0,0,0
50011,1,0,0,0,0
50012,1,0,0,0,0
50013,1,0,0,0,0
50014,1,0,0,0,0
50015,1,0,0,0,0
50016,1,0,0,0,0
50017,1,0,0,0,0
50018,1,0,0,0,0
50019,1,0,0,0,0
50020,1,0,0,0,0
50021,1,0,0,0,0
50022,1,0,0,0,0
50023,1,0,0,0,0
50024,1,0,0,0,0
50025,1,0,0,0,0
50026,1,0,0,0,0
50027,1,0,0,0,0
50028,1,0,0,0,0
50029,1,0,0,0,0
50030,1,0,0,0,0
50031,1,0,0,0,0
50032,1,0,0,0,0
50033,1,0,0,0,0
50034,1,0,0,0,0
50035,1,0,0,0,0
50036,1,0,0,0,0
50037,1,0,0,0,0
50038,1,0,0,0,0
50039,1,0,0,0,0
50040,1,0,0,0,0
50041,1,0,0,0,0
50042,1,0,0,0,0
50043,1,0,0,0,0
50044,1,0,0,0,0
50045,1,0,0,0,0
50046,1,0,0,0,0
50047,1,0,0,0,0
50048,1,0,0,0,0
50049,1,0,0,0,0
50050,1,0,0,0,0
50051,1,0,0,0,0
50052,1,0,0,0,0
50053,1,0,0,0,0
50054,1,0,0,0,0
50055,1,0,0,0,0
50056,1,0,0,0,0
50057,1,0,0,0,0
50058,1,0,0,0,0
50059,1,0,0,0,0
50060,1,0,0,0,0
50061,1,0,0,0,0
50062,1,0,0,0,0
50063,1,0,0,0,0
50064,1,0,0,0,0
50065,1,0,0,0,0
50066,1,0,0,0,0
50067,1,0,0,0,0
50068,1,0,0,0,0
50069,1,0,0,0,0
50070,1,0,0,0,0
50071,1,0,0,0,0
50072,1,0,0,0,0
50073,1,0,0,0,0
50074,1,0,0,0,0
50075,1,0,0,0,0
50076,1,0,0,0,0
50077,1,0,0,0,0
50078,1,0,0,0,0
50079,1,0,0,0,0
50080,1,0,0,0,0
50081,1,0,0,0,0
50082,1,0,0,0,0
50083,1,0,0,0,0
50084,1,0,0,0,0
50085,1,0,0,0,0
50086,1,0,0,0,0
50087,1,0,0,0,0
50088,1,0,0,0,0
50089,1,0,0,0,0
50090,1,0,0,0,0
50091,1,0,0,0,0
50092,1,0,0,0,0
50093,1,0,0,0,0
50094,1,0,0,0,0
50095,1,0,0,0,0
50096,1,0,0,0,0
50097,1,0,0,0,0
50098,1,0,0,0,0
50099,1,0,0,0,0
50100,1,0,0,0,0
50101,1,0,0,0,0
50102,1,0,0,0,0
50103,0,0,0,0,1
50104,0,0,0,0,1
50105,0,0,0,0,1
50106,0,0,0,0,1
50107,0,0,0,0,1
50108,0,0,0,0,1
50109,0,0,0,0,1
50110,0,0,0,0,1
50111,0,0,0,0,1
50112,0,0,0,0,1
50113,0,0,0,0,1
50114,0,0,0,0,1
50115,0,0,0,0,1
50116,0,0,0,0,1
50117,0,0,0,0,1
50118,0,0,0,0,1
50119,0,0,0,0,1
50120,0,0,0,0,1
50121,0,0,0,0,1
50122,0,0,0,0,1
50123,0,0,0,0,1
50124,0,0,0,0,1
50125,0,0,0,0,1
50126,0,0,0,0,1
50127,0,0,0,0,1
50128,0,0,0,0,1
50129,1,0,0,0,0
50130,1,0,0,0,0
50131,1,0,0,0,0
50132,1,0,0,0,0
50133,1,0,0,0,0
50134,1,0,0,0,0
50135,1,0,0,0,0
50136,1,0,0,0,0
50137,1,0,0,0,0
50138,1,0,0,0,0
50139,1,0,0,0,0
50140,1,0,0,0,0
50141,1,0,0,0,0
50142,1,0,0,0,0
50143,1,0,0,0,0
50144,1,0,0,0,0
50145,1,0,0,0,0
50146,1,0,0,0,0
50147,1,0,0,0,0
50148,1,0,0,0,0
50149,1,0,0,0,0
50150,1,0,0,0,0
50151,1,0,0,0,0
50152,1,0,0,0,0
50153,1,0,0,0,0
50154,1,0,0,0,0
50155,1,0,0,0,0
50156,1,0,0,0,0
50157,1,0,0,0,0
50158,1,0,0,0,0
50159,1,0,0,0,0
50160,1,0,0,0,0
50161,1,0,0,0,0
50162,1,0,0,0,0
50163,1,0,0,0,0
50164,1,0,0,0,0
50165,1,0,0,0,0
50166,1,0,0,0,0
50167,1,0,0,0,0
50168,1,0,0,0,0
50169,1,0,0,0,0
50170,1,0,0,0,0
50171,1,0,0,0,0
50172,1,0,0,0,0
50173,1,0,0,0,0
50174,1,0,0,0,0
50175,1,0,0,0,0
50176,1,0,0,0,0
50177,1,0,0,0,0
50178,1,0,0,0,0
50179,1,0,0,0,0
50180,1,0,0,0,0
50181,1,0,0,0,0
50182,1,0,0,0,0
50183,1,0,0,0,0
50184,1,0,0,0,0
50185,1,0,0,0,0
50186,1,0,0,0,0
50187,1,0,0,0,0
50188,1,0,0,0,0
50189,1,0,0,0,0
50190,1,0,0,0,0
50191,1,0,0,0,0
50192,1,0,0,0,0
50193,1,0,0,0,0
50194,1,0,0,0,0
50195,1,0,0,0,0
50196,1,0,0,0,0
50197,1,0,0,0,0
50198,1,0,0,0,0
50199,1,0,0,0,0
50200,1,0,0,0,0
50201,1,0,0,0,0
50202,1,0,0,0,0
50203,1,0,0,0,0
50204,1,0,0,0,0
50205,1,0,0,0,0
50206,1,0,0,0,0
50207,1,0,0,0,0
50208,1,0,0,0,0
50209,1,0,0,0,0
50210,1,0,0,0,0
50211,1,0,0,0,0
50212,1,0,0,0,0
50213,1,0,0,0,0
50214,1,0,0,0,0
50215,1,0,0,0,0
50216,1,0,0,0,0
50217,1,0,0,0,0
50218,1,0,0,0,0
50219,1,0,0,0,0
50220,1,0,0,0,0
50221,1,0,0,0,0
50222,1,0,0,0,0
50223,1,0,0,0,0
50224,1,0,0,0,0
50225,1,0,0,0,0
50226,1,0,0,0,0
50227,1,0,0,0,0
50228,1,0,0,0,0
50229,1,0,0,0,0
50230,1,0,0,0,0
50231,1,0,0,0,0
50232,1,0,0,0,0
50233,1,0,0,0,0
50234,1,0,0,0,0
50235,1,0,0,0,0
50236,1,0,0,0,0
50237,1,0,0,0,0
50238,1,0,0,0,0
50239,1,0,0,0,0
50240,1,0,0,0,0
50241,1,0,0,0,0
50242,1,0,0,0,0
50243,1,0,0,0,0
50244,1,0,0,0,0
50245,1,0,0,0,0
50246,1,0,0,0,0
50247,1,0,0,0,0
50248,1,0,0,0,0
50249,1,0,0,0,0
50250,1,0,0,0,0
50251,1,0,0,0,0
50252,1,0,0,0,0
50253,1,0,0,0,0
50254,1,0,0,0,0
50255,1,0,0,0,0
50256,1,0,0,0,0
50257,1,0,0,0,0
50258,1,0,0,0,0
50259,1,0,0,0,0
50260,1,0,0,0,0
50261,1,0,0,0,0
50262,1,0,0,0,0
50263,1,0,0,0,0
50264,1,0,0,0,0
50265,1,0,0,0,0
50266,1,0,0,0,0
50267,1,0,0,0,0
50268,1,0,0,0,0
50269,1,0,0,0,0
50270,1,0,0,0,0
50271,1,0,0,0,0
50272,1,0,0,0,0
50273,1,0,0,0,0
50274,1,0,0,0,0
50275,1,0,0,0,0
50276,1,0,0,0,0
50277,1,0,0,0,0
50278,1,0,0,0,0
50279,1,0,0,0,0
50280,1,0,0,0,0
50281,1,0,0,0,0
50282,1,0,0,0,0
50283,1,0,0,0,0
50284,1,0,0,0,0
50285,1,0,0,0,0
50286,1,0,0,0,0
50287,1,0,0,0,0
50288,1,0,0,0,0
50289,1,0,0,0,0
50290,0,0,0,0,1
50291,0,0,0,0,1
50292,0,0,0,0,1
50293,0,0,0,0,1
50294,0,0,0,0,1
50295,0,0,0,0,1
50296,0,0,0,0,1
50297,0,0,0,0,1
50298,0,0,0,0,1
50299,0,0,0,0,1
50300,0,0,0,0,1
50301,0,0,0,0,1
50302,0,0,0,0,1
50303,0,0,0,0,1
50304,0,0,0,0,1
50305,0,0,0,0,1
50306,0,0,0,0,1
50307,0,0,0,0,1
50308,0,0,0,0,1
50309,0,0,0,0,1
50310,0,0,0,0,1
50311,0,0,0,0,1
50312,0,0,0,0,1
50313,0,0,0,0,1
50314,0,0,0,0,1
50315,0,0,0,0,1
50316,0,0,0,0,1
50317,0,0,0,0,1
50318,0,0,0,0,1
50319,0,0,0,0,1
50320,0,0,0,0,1
50321,0,0,0,0,1
50322,0,0,0,0,1
50323,0,0,0,0,1
50324,0,0,0,0,1
50325,0,0,0,0,1
50326,0,0,0,0,1
50327,0,0,0,0,1
50328,0,0,0,0,1
50329,0,0,0,0,1
50330,0,0,0,0,1
50331,0,0,0,0,1
50332,0,0,0,0,1
50333,0,0,0,0,1
50334,0,0,0,0,1
50335,0,0,0,0,1
50336,0,0,0,0,1
50337,0,0,0,0,1
50338,0,0,0,0,1
50339,0,0,0,0,1
50340,0,0,0,0,1
50341,0,0,0,0,1
50342,0,0,0,0,1
50343,0,0,0,0,1
50344,0,0,0,0,1
50345,0,0,0,0,1
50346,0,0,0,0,1
50347,0,0,0,0,1
50348,0,0,0,0,1
50349,0,0,0,0,1
50350,0,0,0,0,1
50351,0,0,0,0,1
50352,0,0,0,0,1
50353,0,0,0,0,1
50354,0,0,0,0,1
50355,0,0,0,0,1
50356,0,0,0,0,1
50357,0,0,0,0,1
50358,0,0,0,0,1
50359,0,0,0,0,1
50360,0,0,0,0,1
50361,0,0,0,0,1
50362,0,0,0,0,1
50363,0,0,0,0,1
50364,0,0,0,0,1
50365,0,0,0,0,1
50366,0,0,0,0,1
50367,0,0,0,0,1
50368,0,0,0,0,1
50369,0,0,0,0,1
50370,0,0,0,0,1
50371,0,0,0,0,1
50372,0,0,0,0,1
50373,0,0,0,0,1
50374,0,0,0,0,1
50375,0,0,0,0,1
50376,0,0,0,0,1
50377,0,0,0,0,1
50378,0,0,0,0,1
50379,0,0,0,0,1
50380,0,0,0,0,1
50381,0,0,0,0,1
50382,0,0,0,0,1
50383,0,0,0,0,1
50384,0,0,0,0,1
50385,0,0,0,0,1
50386,0,0,0,0,1
50387,0,0,0,0,1
50388,0,0,0,0,1
50389,0,0,0,0,1
50390,0,0,0,0,1
50391,0,0,0,0,1
50392,0,0,0,0,1
50393,1,0,0,0,0
50394,1,0,0,0,0
50395,1,0,0,0,0
50396,1,0,0,0,0
50397,1,0,0,0,0
50398,1,0,0,0,0
50399,1,0,0,0,0
50400,1,0,0,0,0
50401,1,0,0,0,0
50402,1,0,0,0,0
50403,1,0,0,0,0
50404,1,0,0,0,0
50405,1,0,0,0,0
50406,1,0,0,0,0
50407,1,0,0,0,0
50408,1,0,0,0,0
50409,1,0,0,0,0
50410,1,0,0,0,0
50411,1,0,0,0,0
50412,0,1,0,0,0
50413,0,1,0,0,0
50414,0,1,0,0,0
50415,0,1,0,0,0
50416,0,1,0,0,0
50417,0,1,0,0,0
50418,0,1,0,0,0
50419,0,1,0,0,0
50420,0,1,0,0,0
50421,0,1,0,0,0
50422,0,1,0,0,0
50423,0,1,0,0,0
50424,0,1,0,0,0
50425,0,1,0,0,0
50426,0,1,0,0,0
50427,0,1,0,0,0
50428,0,1,0,0,0
50429,0,1,0,0,0
50430,0,1,0,0,0
50431,0,1,0,0,0
50432,0,1,0,0,0
50433,0,1,0,0,0
50434,0,1,0,0,0
50435,0,1,0,0,0
50436,0,1,0,0,0
50437,0,1,0,0,0
50438,0,1,0,0,0
50439,0,1,0,0,0
50440,0,1,0,0,0
50441,0,1,0,0,0
50442,0,1,0,0,0
50443,0,1,0,0,0
50444,0,1,0,0,0
50445,0,1,0,0,0
50446,0,1,0,0,0
50447,0,1,0,0,0
50448,0,1,0,0,0
50449,0,1,0,0,0
50450,0,1,0,0,0
50451,0,1,0,0,0
50452,0,1,0,0,0
50453,0,1,0,0,0
50454,0,1,0,0,0
50455,0,1,0,0,0
50456,0,1,0,0,0
50457,0,1,0,0,0
50458,0,1,0,0,0
50459,0,1,0,0,0
50460,0,1,0,0,0
50461,0,1,0,0,0
50462,0,1,0,0,0
50463,0,1,0,0,0
50464,0,1,0,0,0
50465,0,1,0,0,0
50466,0,1,0,0,0
50467,0,1,0,0,0
50468,0,1,0,0,0
50469,0,1,0,0,0
50470,0,1,0,0,0
50471,0,1,0,0,0
50472,0,1,0,0,0
50473,0,1,0,0,0
50474,0,1,0,0,0
50475,0,1,0,0,0
50476,0,1,0,0,0
50477,0,1,0,0,0
50478,0,1,0,0,0
50479,0,1,0,0,0
50480,0,1,0,0,0
50481,0,1,0,0,0
50482,0,1,0,0,0
50483,0,1,0,0,0
50484,0,1,0,0,0
50485,0,1,0,0,0
50486,0,1,0,0,0
50487,0,1,0,0,0
50488,0,1,0,0,0
50489,0,1,0,0,0
50490,0,1,0,0,0
50491,0,1,0,0,0
50492,0,1,0,0,0
50493,0,1,0,0,0
50494,0,1,0,0,0
50495,0,1,0,0,0
50496,0,1,0,0,0
50497,0,1,0,0,0
50498,0,1,0,0,0
50499,0,1,0,0,0
50500,0,1,0,0,0
50501,0,1,0,0,0
50502,0,1,0,0,0
50503,0,1,0,0,0
50504,0,1,0,0,0
50505,0,1,0,0,0
50506,0,1,0,0,0
50507,0,1,0,0,0
50508,0,1,0,0,0
50509,0,1,0,0,0
50510,0,1,0,0,0
50511,0,1,0,0,0
50512,0,1,0,0,0
50513,0,1,0,0,0
50514,0,1,0,0,0
50515,0,1,0,0,0
50516,0,1,0,0,0
50517,0,1,0,0,0
50518,0,1,0,0,0
50519,0,1,0,0,0
50520,0,1,0,0,0
50521,0,1,0,0,0
50522,0,1,0,0,0
50523,0,1,0,0,0
50524,0,1,0,0,0
50525,0,1,0,0,0
50526,0,1,0,0,0
50527,0,1,0,0,0
50528,0,1,0,0,0
50529,0,1,0,0,0
50530,0,1,0,0,0
50531,0,1,0,0,0
50532,0,1,0,0,0
50533,0,1,0,0,0
50534,0,1,0,0,0
50535,0,1,0,0,0
50536,0,1,0,0,0
50537,0,1,0,0,0
50538,0,1,0,0,0
50539,0,1,0,0,0
50540,0,1,0,0,0
50541,0,1,0,0,0
50542,0,1,0,0,0
50543,0,1,0,0,0
50544,1,0,0,0,0
50545,1,0,0,0,0
50546,1,0,0,0,0
50547,1,0,0,0,0
50548,1,0,0,0,0
50549,1,0,0,0,0
50550,1,0,0,0,0
50551,1,0,0,0,0
50552,1,0,0,0,0
50553,1,0,0,0,0
50554,1,0,0,0,0
50555,1,0,0,0,0
50556,1,0,0,0,0
50557,1,0,0,0,0
50558,1,0,0,0,0
50559,1,0,0,0,0
50560,1,0,0,0,0
50561,1,0,0,0,0
50562,1,0,0,0,0
50563,1,0,0,0,0
50564,1,0,0,0,0
50565,1,0,0,0,0
50566,1,0,0,0,0
50567,1,0,0,0,0
50568,1,0,0,0,0
50569,1,0,0,0,0
50570,1,0,0,0,0
50571,1,0,0,0,0
50572,1,0,0,0,0
50573,1,0,0,0,0
50574,1,0,0,0,0
50575,1,0,0,0,0
50576,1,0,0,0,0
50577,1,0,0,0,0
50578,1,0,0,0,0
50579,1,0,0,0,0
50580,1,0,0,0,0
50581,1,0,0,0,0
50582,1,0,0,0,0
50583,1,0,0,0,0
50584,1,0,0,0,0
50585,1,0,0,0,0
50586,1,0,0,0,0
50587,1,0,0,0,0
50588,1,0,0,0,0
50589,1,0,0,0,0
50590,1,0,0,0,0
50591,1,0,0,0,0
50592,1,0,0,0,0
50593,1,0,0,0,0
50594,1,0,0,0,0
50595,1,0,0,0,0
50596,1,0,0,0,0
50597,1,0,0,0,0
50598,1,0,0,0,0
50599,1,0,0,0,0
50600,1,0,0,0,0
50601,1,0,0,0,0
50602,1,0,0,0,0
50603,1,0,0,0,0
50604,1,0,0,0,0
50605,1,0,0,0,0
50606,1,0,0,0,0
50607,1,0,0,0,0
50608,1,0,0,0,0
50609,1,0,0,0,0
50610,1,0,0,0,0
50611,1,0,0,0,0
50612,1,0,0,0,0
50613,1,0,0,0,0
50614,1,0,0,0,0
50615,1,0,0,0,0
50616,1,0,0,0,0
50617,1,0,0,0,0
50618,1,0,0,0,0
50619,1,0,0,0,0
50620,1,0,0,0,0
50621,1,0,0,0,0
50622,1,0,0,0,0
50623,1,0,0,0,0
50624,1,0,0,0,0
50625,1,0,0,0,0
50626,1,0,0,0,0
50627,1,0,0,0,0
50628,1,0,0,0,0
50629,1,0,0,0,0
50630,1,0,0,0,0
50631,1,0,0,0,0
50632,1,0,0,0,0
50633,1,0,0,0,0
50634,1,0,0,0,0
50635,1,0,0,0,0
50636,1,0,0,0,0
50637,1,0,0,0,0
50638,1,0,0,0,0
50639,1,0,0,0,0
50640,1,0,0,0,0
50641,1,0,0,0,0
50642,1,0,0,0,0
50643,1,0,0,0,0
50644,1,0,0,0,0
50645,1,0,0,0,0
50646,1,0,0,0,0
50647,1,0,0,0,0
50648,1,0,0,0,0
50649,1,0,0,0,0
50650,1,0,0,0,0
50651,1,0,0,0,0
50652,1,0,0,0,0
50653,1,0,0,0,0
50654,1,0,0,0,0
50655,1,0,0,0,0
50656,1,0,0,0,0
50657,1,0,0,0,0
50658,1,0,0,0,0
50659,1,0,0,0,0
50660,1,0,0,0,0
50661,1,0,0,0,0
50662,1,0,0,0,0
50663,1,0,0,0,0
50664,1,0,0,0,0
50665,1,0,0,0,0
50666,1,0,0,0,0
50667,1,0,0,0,0
50668,1,0,0,0,0
50669,1,0,0,0,0
50670,1,0,0,0,0
50671,1,0,0,0,0
50672,1,0,0,0,0
50673,1,0,0,0,0
50674,1,0,0,0,0
50675,1,0,0,0,0
50676,1,0,0,0,0
50677,1,0,0,0,0
50678,1,0,0,0,0
50679,1,0,0,0,0
50680,1,0,0,0,0
50681,1,0,0,0,0
50682,1,0,0,0,0
50683,1,0,0,0,0
50684,1,0,0,0,0
50685,1,0,0,0,0
50686,1,0,0,0,0
50687,1,0,0,0,0
50688,1,0,0,0,0
50689,1,0,0,0,0
50690,1,0,0,0,0
50691,1,0,0,0,0
50692,1,0,0,0,0
50693,1,0,0,0,0
50694,1,0,0,0,0
50695,1,0,0,0,0
50696,1,0,0,0,0
50697,1,0,0,0,0
50698,1,0,0,0,0
50699,1,0,0,0,0
50700,1,0,0,0,0
50701,1,0,0,0,0
50702,1,0,0,0,0
50703,1,0,0,0,0
50704,1,0,0,0,0
50705,1,0,0,0,0
50706,1,0,0,0,0
50707,1,0,0,0,0
50708,1,0,0,0,0
50709,1,0,0,0,0
50710,1,0,0,0,0
50711,1,0,0,0,0
50712,1,0,0,0,0
50713,1,0,0,0,0
50714,1,0,0,0,0
50715,1,0,0,0,0
50716,1,0,0,0,0
50717,1,0,0,0,0
50718,1,0,0,0,0
50719,1,0,0,0,0
50720,1,0,0,0,0
50721,1,0,0,0,0
50722,1,0,0,0,0
50723,1,0,0,0,0
50724,1,0,0,0,0
50725,1,0,0,0,0
50726,1,0,0,0,0
50727,1,0,0,0,0
50728,1,0,0,0,0
50729,1,0,0,0,0
50730,1,0,0,0,0
50731,1,0,0,0,0
50732,1,0,0,0,0
50733,1,0,0,0,0
50734,1,0,0,0,0
50735,1,0,0,0,0
50736,1,0,0,0,0
50737,1,0,0,0,0
50738,1,0,0,0,0
50739,1,0,0,0,0
50740,1,0,0,0,0
50741,1,0,0,0,0
50742,1,0,0,0,0
50743,1,0,0,0,0
50744,1,0,0,0,0
50745,1,0,0,0,0
50746,1,0,0,0,0
50747,1,0,0,0,0
50748,1,0,0,0,0
50749,1,0,0,0,0
50750,1,0,0,0,0
50751,1,0,0,0,0
50752,1,0,0,0,0
50753,1,0,0,0,0
50754,1,0,0,0,0
50755,1,0,0,0,0
50756,1,0,0,0,0
50757,1,0,0,0,0
50758,1,0,0,0,0
50759,1,0,0,0,0
50760,1,0,0,0,0
50761,1,0,0,0,0
50762,1,0,0,0,0
50763,1,0,0,0,0
50764,1,0,0,0,0
50765,1,0,0,0,0
50766,1,0,0,0,0
50767,1,0,0,0,0
50768,1,0,0,0,0
50769,1,0,0,0,0
50770,1,0,0,0,0
50771,1,0,0,0,0
50772,1,0,0,0,0
50773,1,0,0,0,0
50774,1,0,0,0,0
50775,1,0,0,0,0
50776,1,0,0,0,0
50777,1,0,0,0,0
50778,1,0,0,0,0
50779,1,0,0,0,0
50780,1,0,0,0,0
50781,1,0,0,0,0
50782,1,0,0,0,0
50783,1,0,0,0,0
50784,1,0,0,0,0
50785,1,0,0,0,0
50786,1,0,0,0,0
50787,1,0,0,0,0
50788,1,0,0,0,0
50789,1,0,0,0,0
50790,1,0,0,0,0
50791,1,0,0,0,0
50792,1,0,0,0,0
50793,1,0,0,0,0
50794,1,0,0,0,0
50795,1,0,0,0,0
50796,1,0,0,0,0
50797,1,0,0,0,0
50798,1,0,0,0,0
50799,1,0,0,0,0
50800,1,0,0,0,0
50801,1,0,0,0,0
50802,1,0,0,0,0
50803,1,0,0,0,0
50804,1,0,0,0,0
50805,1,0,0,0,0
50806,1,0,0,0,0
50807,1,0,0,0,0
50808,1,0,0,0,0
50809,1,0,0,0,0
50810,1,0,0,0,0
50811,1,0,0,0,0
50812,1,0,0,0,0
50813,1,0,0,0,0
50814,1,0,0,0,0
50815,1,0,0,0,0
50816,1,0,0,0,0
50817,1,0,0,0,0
50818,1,0,0,0,0
50819,1,0,0,0,0
50820,1,0,0,0,0
50821,1,0,0,0,0
50822,1,0,0,0,0
50823,1,0,0,0,0
50824,1,0,0,0,0
50825,1,0,0,0,0
50826,1,0,0,0,0
50827,1,0,0,0,0
50828,1,0,0,0,0
50829,1,0,0,0,0
50830,1,0,0,0,0
50831,1,0,0,0,0
50832,1,0,0,0,0
50833,1,0,0,0,0
50834,1,0,0,0,0
50835,1,0,0,0,0
50836,1,0,0,0,0
50837,1,0,0,0,0
50838,1,0,0,0,0
50839,1,0,0,0,0
50840,1,0,0,0,0
50841,1,0,0,0,0
50842,1,0,0,0,0
50843,1,0,0,0,0
50844,1,0,0,0,0
50845,1,0,0,0,0
50846,1,0,0,0,0
50847,1,0,0,0,0
50848,1,0,0,0,0
50849,1,0,0,0,0
50850,1,0,0,0,0
50851,1,0,0,0,0
50852,1,0,0,0,0
50853,1,0,0,0,0
50854,1,0,0,0,0
50855,1,0,0,0,0
50856,1,0,0,0,0
50857,1,0,0,0,0
50858,1,0,0,0,0
50859,1,0,0,0,0
50860,1,0,0,0,0
50861,1,0,0,0,0
50862,1,0,0,0,0
50863,1,0,0,0,0
50864,1,0,0,0,0
50865,1,0,0,0,0
50866,1,0,0,0,0
50867,1,0,0,0,0
50868,1,0,0,0,0
50869,1,0,0,0,0
50870,1,0,0,0,0
50871,1,0,0,0,0
50872,1,0,0,0,0
50873,1,0,0,0,0
50874,1,0,0,0,0
50875,1,0,0,0,0
50876,1,0,0,0,0
50877,1,0,0,0,0
50878,1,0,0,0,0
50879,1,0,0,0,0
50880,1,0,0,0,0
50881,1,0,0,0,0
50882,1,0,0,0,0
50883,1,0,0,0,0
50884,1,0,0,0,0
50885,1,0,0,0,0
50886,1,0,0,0,0
50887,1,0,0,0,0
50888,1,0,0,0,0
50889,1,0,0,0,0
50890,1,0,0,0,0
50891,1,0,0,0,0
50892,1,0,0,0,0
50893,1,0,0,0,0
50894,1,0,0,0,0
50895,1,0,0,0,0
50896,1,0,0,0,0
50897,1,0,0,0,0
50898,1,0,0,0,0
50899,1,0,0,0,0
50900,1,0,0,0,0
50901,1,0,0,0,0
50902,1,0,0,0,0
50903,1,0,0,0,0
50904,1,0,0,0,0
50905,1,0,0,0,0
50906,1,0,0,0,0
50907,1,0,0,0,0
50908,1,0,0,0,0
50909,1,0,0,0,0
50910,1,0,0,0,0
50911,1,0,0,0,0
50912,1,0,0,0,0
50913,1,0,0,0,0
50914,1,0,0,0,0
50915,1,0,0,0,0
50916,1,0,0,0,0
50917,1,0,0,0,0
50918,1,0,0,0,0
50919,1,0,0,0,0
50920,1,0,0,0,0
50921,1,0,0,0,0
50922,1,0,0,0,0
50923,1,0,0,0,0
50924,1,0,0,0,0
50925,1,0,0,0,0
50926,1,0,0,0,0
50927,1,0,0,0,0
50928,1,0,0,0,0
50929,1,0,0,0,0
50930,1,0,0,0,0
50931,1,0,0,0,0
50932,1,0,0,0,0
50933,1,0,0,0,0
50934,1,0,0,0,0
50935,1,0,0,0,0
50936,1,0,0,0,0
50937,1,0,0,0,0
50938,1,0,0,0,0
50939,1,0,0,0,0
50940,1,0,0,0,0
50941,1,0,0,0,0
50942,1,0,0,0,0
50943,1,0,0,0,0
50944,1,0,0,0,0
50945,1,0,0,0,0
50946,1,0,0,0,0
50947,1,0,0,0,0
50948,1,0,0,0,0
50949,1,0,0,0,0
50950,1,0,0,0,0
50951,1,0,0,0,0
50952,1,0,0,0,0
50953,1,0,0,0,0
50954,1,0,0,0,0
50955,1,0,0,0,0
50956,1,0,0,0,0
50957,1,0,0,0,0
50958,1,0,0,0,0
50959,1,0,0,0,0
50960,1,0,0,0,0
50961,1,0,0,0,0
50962,1,0,0,0,0
50963,1,0,0,0,0
50964,1,0,0,0,0
50965,1,0,0,0,0
50966,1,0,0,0,0
50967,1,0,0,0,0
50968,1,0,0,0,0
50969,1,0,0,0,0
50970,1,0,0,0,0
50971,1,0,0,0,0
50972,1,0,0,0,0
50973,1,0,0,0,0
50974,1,0,0,0,0
50975,1,0,0,0,0
50976,1,0,0,0,0
50977,1,0,0,0,0
50978,1,0,0,0,0
50979,1,0,0,0,0
50980,1,0,0,0,0
50981,1,0,0,0,0
50982,1,0,0,0,0
50983,1,0,0,0,0
50984,1,0,0,0,0
50985,1,0,0,0,0
50986,1,0,0,0,0
50987,1,0,0,0,0
50988,1,0,0,0,0
50989,1,0,0,0,0
50990,1,0,0,0,0
50991,1,0,0,0,0
50992,1,0,0,0,0
50993,1,0,0,0,0
50994,1,0,0,0,0
50995,1,0,0,0,0
50996,1,0,0,0,0
50997,1,0,0,0,0
50998,1,0,0,0,0
50999,1,0,0,0,0
51000,1,0,0,0,0
51001,1,0,0,0,0
51002,1,0,0,0,0
51003,1,0,0,0,0
51004,1,0,0,0,0
51005,1,0,0,0,0
51006,1,0,0,0,0
51007,1,0,0,0,0
51008,1,0,0,0,0
51009,1,0,0,0,0
51010,1,0,0,0,0
51011,1,0,0,0,0
51012,1,0,0,0,0
51013,1,0,0,0,0
51014,1,0,0,0,0
51015,1,0,0,0,0
51016,1,0,0,0,0
51017,1,0,0,0,0
51018,1,0,0,0,0
51019,1,0,0,0,0
51020,1,0,0,0,0
51021,1,0,0,0,0
51022,1,0,0,0,0
51023,1,0,0,0,0
51024,1,0,0,0,0
51025,1,0,0,0,0
51026,1,0,0,0,0
51027,1,0,0,0,0
51028,1,0,0,0,0
51029,1,0,0,0,0
51030,1,0,0,0,0
51031,1,0,0,0,0
51032,1,0,0,0,0
51033,1,0,0,0,0
51034,1,0,0,0,0
51035,1,0,0,0,0
51036,1,0,0,0,0
51037,1,0,0,0,0
51038,1,0,0,0,0
51039,1,0,0,0,0
51040,1,0,0,0,0
51041,1,0,0,0,0
51042,1,0,0,0,0
51043,1,0,0,0,0
51044,1,0,0,0,0
51045,1,0,0,0,0
51046,1,0,0,0,0
51047,1,0,0,0,0
51048,1,0,0,0,0
51049,1,0,0,0,0
51050,1,0,0,0,0
51051,1,0,0,0,0
51052,1,0,0,0,0
51053,1,0,0,0,0
51054,1,0,0,0,0
51055,1,0,0,0,0
51056,1,0,0,0,0
51057,1,0,0,0,0
51058,1,0,0,0,0
51059,1,0,0,0,0
51060,1,0,0,0,0
51061,1,0,0,0,0
51062,1,0,0,0,0
51063,1,0,0,0,0
51064,1,0,0,0,0
51065,1,0,0,0,0
51066,1,0,0,0,0
51067,1,0,0,0,0
51068,1,0,0,0,0
51069,1,0,0,0,0
51070,1,0,0,0,0
51071,1,0,0,0,0
51072,1,0,0,0,0
51073,1,0,0,0,0
51074,1,0,0,0,0
51075,1,0,0,0,0
51076,1,0,0,0,0
51077,1,0,0,0,0
51078,1,0,0,0,0
51079,1,0,0,0,0
51080,1,0,0,0,0
51081,1,0,0,0,0
51082,1,0,0,0,0
51083,1,0,0,0,0
51084,1,0,0,0,0
51085,1,0,0,0,0
51086,1,0,0,0,0
51087,1,0,0,0,0
51088,1,0,0,0,0
51089,1,0,0,0,0
51090,1,0,0,0,0
51091,1,0,0,0,0
51092,1,0,0,0,0
51093,1,0,0,0,0
51094,1,0,0,0,0
51095,1,0,0,0,0
51096,1,0,0,0,0
51097,1,0,0,0,0
51098,1,0,0,0,0
51099,1,0,0,0,0
51100,1,0,0,0,0
51101,1,0,0,0,0
51102,1,0,0,0,0
51103,1,0,0,0,0
51104,1,0,0,0,0
51105,1,0,0,0,0
51106,1,0,0,0,0
51107,1,0,0,0,0
51108,1,0,0,0,0
51109,1,0,0,0,0
51110,1,0,0,0,0
51111,1,0,0,0,0
51112,1,0,0,0,0
51113,1,0,0,0,0
51114,1,0,0,0,0
51115,1,0,0,0,0
51116,1,0,0,0,0
51117,1,0,0,0,0
51118,1,0,0,0,0
51119,1,0,0,0,0
51120,1,0,0,0,0
51121,1,0,0,0,0
51122,1,0,0,0,0
51123,1,0,0,0,0
51124,1,0,0,0,0
51125,1,0,0,0,0
51126,1,0,0,0,0
51127,1,0,0,0,0
51128,1,0,0,0,0
51129,1,0,0,0,0
51130,1,0,0,0,0
51131,1,0,0,0,0
51132,1,0,0,0,0
51133,1,0,0,0,0
51134,1,0,0,0,0
51135,1,0,0,0,0
51136,1,0,0,0,0
51137,1,0,0,0,0
51138,1,0,0,0,0
51139,1,0,0,0,0
51140,1,0,0,0,0
51141,1,0,0,0,0
51142,1,0,0,0,0
51143,1,0,0,0,0
51144,1,0,0,0,0
51145,1,0,0,0,0
51146,1,0,0,0,0
51147,1,0,0,0,0
51148,1,0,0,0,0
51149,1,0,0,0,0
51150,1,0,0,0,0
51151,1,0,0,0,0
51152,1,0,0,0,0
51153,1,0,0,0,0
51154,1,0,0,0,0
51155,1,0,0,0,0
51156,1,0,0,0,0
51157,1,0,0,0,0
51158,1,0,0,0,0
51159,1,0,0,0,0
51160,1,0,0,0,0
51161,1,0,0,0,0
51162,1,0,0,0,0
51163,1,0,0,0,0
51164,1,0,0,0,0
51165,1,0,0,0,0
51166,1,0,0,0,0
51167,1,0,0,0,0
51168,1,0,0,0,0
51169,1,0,0,0,0
51170,1,0,0,0,0
51171,1,0,0,0,0
51172,1,0,0,0,0
51173,1,0,0,0,0
51174,1,0,0,0,0
51175,1,0,0,0,0
51176,1,0,0,0,0
51177,1,0,0,0,0
51178,1,0,0,0,0
51179,1,0,0,0,0
51180,1,0,0,0,0
51181,1,0,0,0,0
51182,1,0,0,0,0
51183,1,0,0,0,0
51184,1,0,0,0,0
51185,1,0,0,0,0
51186,1,0,0,0,0
51187,1,0,0,0,0
51188,1,0,0,0,0
51189,1,0,0,0,0
51190,1,0,0,0,0
51191,1,0,0,0,0
51192,1,0,0,0,0
51193,1,0,0,0,0
51194,1,0,0,0,0
51195,1,0,0,0,0
51196,1,0,0,0,0
51197,1,0,0,0,0
51198,1,0,0,0,0
51199,1,0,0,0,0
51200,1,0,0,0,0
51201,1,0,0,0,0
51202,1,0,0,0,0
51203,1,0,0,0,0
51204,1,0,0,0,0
51205,1,0,0,0,0
51206,1,0,0,0,0
51207,1,0,0,0,0
51208,1,0,0,0,0
51209,1,0,0,0,0
51210,1,0,0,0,0
51211,1,0,0,0,0
51212,1,0,0,0,0
51213,1,0,0,0,0
51214,1,0,0,0,0
51215,1,0,0,0,0
51216,1,0,0,0,0
51217,1,0,0,0,0
51218,1,0,0,0,0
51219,1,0,0,0,0
51220,1,0,0,0,0
51221,1,0,0,0,0
51222,1,0,0,0,0
51223,1,0,0,0,0
51224,1,0,0,0,0
51225,1,0,0,0,0
51226,1,0,0,0,0
51227,1,0,0,0,0
51228,1,0,0,0,0
51229,1,0,0,0,0
51230,1,0,0,0,0
51231,1,0,0,0,0
51232,1,0,0,0,0
51233,1,0,0,0,0
51234,1,0,0,0,0
51235,1,0,0,0,0
51236,1,0,0,0,0
51237,1,0,0,0,0
51238,1,0,0,0,0
51239,1,0,0,0,0
51240,1,0,0,0,0
51241,1,0,0,0,0
51242,1,0,0,0,0
51243,1,0,0,0,0
51244,1,0,0,0,0
51245,1,0,0,0,0
51246,1,0,0,0,0
51247,1,0,0,0,0
51248,1,0,0,0,0
51249,1,0,0,0,0
51250,1,0,0,0,0
51251,1,0,0,0,0
51252,1,0,0,0,0
51253,1,0,0,0,0
51254,1,0,0,0,0
51255,1,0,0,0,0
51256,1,0,0,0,0
51257,1,0,0,0,0
51258,1,0,0,0,0
51259,1,0,0,0,0
51260,1,0,0,0,0
51261,1,0,0,0,0
51262,1,0,0,0,0
51263,1,0,0,0,0
51264,1,0,0,0,0
51265,1,0,0,0,0
51266,1,0,0,0,0
51267,1,0,0,0,0
51268,1,0,0,0,0
51269,1,0,0,0,0
51270,1,0,0,0,0
51271,1,0,0,0,0
51272,1,0,0,0,0
51273,1,0,0,0,0
51274,1,0,0,0,0
51275,1,0,0,0,0
51276,1,0,0,0,0
51277,1,0,0,0,0
51278,1,0,0,0,0
51279,1,0,0,0,0
51280,1,0,0,0,0
51281,1,0,0,0,0
51282,1,0,0,0,0
51283,1,0,0,0,0
51284,1,0,0,0,0
51285,1,0,0,0,0
51286,1,0,0,0,0
51287,1,0,0,0,0
51288,1,0,0,0,0
51289,1,0,0,0,0
51290,1,0,0,0,0
51291,1,0,0,0,0
51292,1,0,0,0,0
51293,1,0,0,0,0
51294,1,0,0,0,0
51295,1,0,0,0,0
51296,1,0,0,0,0
51297,1,0,0,0,0
51298,1,0,0,0,0
51299,1,0,0,0,0
51300,1,0,0,0,0
51301,1,0,0,0,0
51302,1,0,0,0,0
51303,1,0,0,0,0
51304,1,0,0,0,0
51305,1,0,0,0,0
51306,1,0,0,0,0
51307,1,0,0,0,0
51308,1,0,0,0,0
51309,1,0,0,0,0
51310,1,0,0,0,0
51311,1,0,0,0,0
51312,1,0,0,0,0
51313,1,0,0,0,0
51314,1,0,0,0,0
51315,1,0,0,0,0
51316,1,0,0,0,0
51317,1,0,0,0,0
51318,1,0,0,0,0
51319,1,0,0,0,0
51320,1,0,0,0,0
51321,1,0,0,0,0
51322,1,0,0,0,0
51323,1,0,0,0,0
51324,1,0,0,0,0
51325,1,0,0,0,0
51326,1,0,0,0,0
51327,1,0,0,0,0
51328,1,0,0,0,0
51329,1,0,0,0,0
51330,1,0,0,0,0
51331,1,0,0,0,0
51332,1,0,0,0,0
51333,1,0,0,0,0
51334,1,0,0,0,0
51335,1,0,0,0,0
51336,1,0,0,0,0
51337,1,0,0,0,0
51338,1,0,0,0,0
51339,0,0,0,1,0
51340,0,0,0,1,0
51341,0,0,0,1,0
51342,0,0,0,1,0
51343,0,0,0,1,0
51344,0,0,0,1,0
51345,0,0,0,1,0
51346,0,0,0,1,0
51347,0,0,0,1,0
51348,0,0,0,1,0
51349,0,0,0,1,0
51350,0,0,0,1,0
51351,0,0,0,1,0
51352,0,0,0,1,0
51353,0,0,0,1,0
51354,0,0,0,1,0
51355,0,0,0,1,0
51356,0,0,0,1,0
51357,0,0,0,1,0
51358,0,0,0,1,0
51359,0,0,0,1,0
51360,0,0,0,1,0
51361,0,0,0,1,0
51362,0,0,0,1,0
51363,0,0,0,1,0
51364,0,0,0,1,0
51365,0,0,0,1,0
51366,0,0,0,1,0
51367,0,0,0,1,0
51368,0,0,0,1,0
51369,0,0,0,1,0
51370,0,0,0,1,0
51371,0,0,0,1,0
51372,0,0,0,1,0
51373,0,0,0,1,0
51374,0,0,0,1,0
51375,0,0,0,1,0
51376,0,0,0,1,0
51377,0,0,0,1,0
51378,0,0,0,1,0
51379,0,0,0,1,0
51380,0,0,0,1,0
51381,0,0,0,1,0
51382,0,0,0,1,0
51383,0,0,0,1,0
51384,0,0,0,1,0
51385,0,0,0,1,0
51386,0,0,0,1,0
51387,0,0,0,1,0
51388,0,0,0,1,0
51389,0,0,0,1,0
51390,0,0,0,1,0
51391,0,0,0,1,0
51392,0,0,0,1,0
51393,0,0,0,1,0
51394,0,0,0,1,0
51395,1,0,0,0,0
51396,1,0,0,0,0
51397,1,0,0,0,0
51398,1,0,0,0,0
51399,1,0,0,0,0
51400,1,0,0,0,0
51401,1,0,0,0,0
51402,1,0,0,0,0
51403,1,0,0,0,0
51404,1,0,0,0,0
51405,1,0,0,0,0
51406,1,0,0,0,0
51407,1,0,0,0,0
51408,1,0,0,0,0
51409,1,0,0,0,0
51410,1,0,0,0,0
51411,1,0,0,0,0
51412,1,0,0,0,0
51413,1,0,0,0,0
51414,1,0,0,0,0
51415,1,0,0,0,0
51416,1,0,0,0,0
51417,1,0,0,0,0
51418,1,0,0,0,0
51419,1,0,0,0,0
51420,1,0,0,0,0
51421,1,0,0,0,0
51422,1,0,0,0,0
51423,1,0,0,0,0
51424,1,0,0,0,0
51425,1,0,0,0,0
51426,1,0,0,0,0
51427,1,0,0,0,0
51428,1,0,0,0,0
51429,1,0,0,0,0
51430,1,0,0,0,0
51431,1,0,0,0,0
51432,1,0,0,0,0
51433,1,0,0,0,0
51434,1,0,0,0,0
51435,1,0,0,0,0
51436,1,0,0,0,0
51437,1,0,0,0,0
51438,1,0,0,0,0
51439,1,0,0,0,0
51440,1,0,0,0,0
51441,1,0,0,0,0
51442,1,0,0,0,0
51443,1,0,0,0,0
51444,1,0,0,0,0
51445,1,0,0,0,0
51446,1,0,0,0,0
51447,1,0,0,0,0
51448,1,0,0,0,0
51449,1,0,0,0,0
51450,1,0,0,0,0
51451,1,0,0,0,0
51452,1,0,0,0,0
51453,1,0,0,0,0
51454,1,0,0,0,0
51455,1,0,0,0,0
51456,1,0,0,0,0
51457,1,0,0,0,0
51458,1,0,0,0,0
51459,1,0,0,0,0
51460,1,0,0,0,0
51461,1,0,0,0,0
51462,1,0,0,0,0
51463,1,0,0,0,0
51464,1,0,0,0,0
51465,1,0,0,0,0
51466,1,0,0,0,0
51467,1,0,0,0,0
51468,1,0,0,0,0
51469,1,0,0,0,0
51470,1,0,0,0,0
51471,1,0,0,0,0
51472,1,0,0,0,0
51473,1,0,0,0,0
51474,1,0,0,0,0
51475,1,0,0,0,0
51476,1,0,0,0,0
51477,1,0,0,0,0
51478,1,0,0,0,0
51479,1,0,0,0,0
51480,1,0,0,0,0
51481,1,0,0,0,0
51482,1,0,0,0,0
51483,1,0,0,0,0
51484,1,0,0,0,0
51485,1,0,0,0,0
51486,1,0,0,0,0
51487,1,0,0,0,0
51488,1,0,0,0,0
51489,1,0,0,0,0
51490,1,0,0,0,0
51491,1,0,0,0,0
51492,1,0,0,0,0
51493,1,0,0,0,0
51494,1,0,0,0,0
51495,1,0,0,0,0
51496,1,0,0,0,0
51497,1,0,0,0,0
51498,1,0,0,0,0
51499,1,0,0,0,0
51500,1,0,0,0,0
51501,1,0,0,0,0
51502,1,0,0,0,0
51503,1,0,0,0,0
51504,1,0,0,0,0
51505,1,0,0,0,0
51506,1,0,0,0,0
51507,1,0,0,0,0
51508,1,0,0,0,0
51509,1,0,0,0,0
51510,1,0,0,0,0
51511,1,0,0,0,0
51512,1,0,0,0,0
51513,1,0,0,0,0
51514,1,0,0,0,0
51515,1,0,0,0,0
51516,1,0,0,0,0
51517,1,0,0,0,0
51518,1,0,0,0,0
51519,1,0,0,0,0
51520,1,0,0,0,0
51521,1,0,0,0,0
51522,1,0,0,0,0
51523,1,0,0,0,0
51524,0,0,0,0,1
51525,0,0,0,0,1
51526,0,0,0,0,1
51527,0,0,0,0,1
51528,0,0,0,0,1
51529,0,0,0,0,1
51530,0,0,0,0,1
51531,0,0,0,0,1
51532,0,0,0,0,1
51533,0,0,0,0,1
51534,0,0,0,0,1
51535,0,0,0,0,1
51536,0,0,0,0,1
51537,0,0,0,0,1
51538,0,0,0,0,1
51539,0,0,0,0,1
51540,0,0,0,0,1
51541,0,0,0,0,1
51542,0,0,0,0,1
51543,0,0,0,0,1
51544,0,0,0,0,1
51545,0,0,0,0,1
51546,0,0,0,0,1
51547,1,0,0,0,0
51548,1,0,0,0,0
51549,1,0,0,0,0
51550,1,0,0,0,0
51551,1,0,0,0,0
51552,1,0,0,0,0
51553,1,0,0,0,0
51554,1,0,0,0,0
51555,1,0,0,0,0
51556,1,0,0,0,0
51557,1,0,0,0,0
51558,1,0,0,0,0
51559,1,0,0,0,0
51560,1,0,0,0,0
51561,1,0,0,0,0
51562,1,0,0,0,0
51563,1,0,0,0,0
51564,1,0,0,0,0
51565,1,0,0,0,0
51566,1,0,0,0,0
51567,1,0,0,0,0
51568,1,0,0,0,0
51569,1,0,0,0,0
51570,1,0,0,0,0
51571,1,0,0,0,0
51572,1,0,0,0,0
51573,1,0,0,0,0
51574,1,0,0,0,0
51575,0,0,0,0,1
51576,0,0,0,0,1
51577,0,0,0,0,1
51578,0,0,0,0,1
51579,0,0,0,0,1
51580,0,0,0,0,1
51581,0,0,0,0,1
51582,0,0,0,0,1
51583,0,0,0,0,1
51584,0,0,0,0,1
51585,0,0,0,0,1
51586,0,0,0,0,1
51587,0,0,0,0,1
51588,0,0,0,0,1
51589,0,0,0,0,1
51590,0,0,0,0,1
51591,0,0,0,0,1
51592,0,0,0,0,1
51593,0,0,0,0,1
51594,0,0,0,0,1
51595,0,0,0,0,1
51596,0,0,0,0,1
51597,0,0,0,0,1
51598,0,0,0,0,1
51599,0,0,0,0,1
51600,1,0,0,0,0
51601,1,0,0,0,0
51602,1,0,0,0,0
51603,1,0,0,0,0
51604,1,0,0,0,0
51605,1,0,0,0,0
51606,1,0,0,0,0
51607,1,0,0,0,0
51608,1,0,0,0,0
51609,1,0,0,0,0
51610,1,0,0,0,0
51611,1,0,0,0,0
51612,1,0,0,0,0
51613,1,0,0,0,0
51614,1,0,0,0,0
51615,1,0,0,0,0
51616,1,0,0,0,0
51617,1,0,0,0,0
51618,1,0,0,0,0
51619,1,0,0,0,0
51620,0,0,0,1,0
51621,0,0,0,1,0
51622,0,0,0,1,0
51623,0,0,0,1,0
51624,0,0,0,1,0
51625,0,0,0,1,0
51626,0,0,0,1,0
51627,0,0,0,1,0
51628,0,0,0,1,0
51629,1,0,0,0,0
51630,1,0,0,0,0
51631,1,0,0,0,0
51632,1,0,0,0,0
51633,1,0,0,0,0
51634,1,0,0,0,0
51635,1,0,0,0,0
51636,1,0,0,0,0
51637,1,0,0,0,0
51638,1,0,0,0,0
51639,1,0,0,0,0
51640,1,0,0,0,0
51641,1,0,0,0,0
51642,1,0,0,0,0
51643,1,0,0,0,0
51644,1,0,0,0,0
51645,1,0,0,0,0
51646,1,0,0,0,0
51647,1,0,0,0,0
51648,1,0,0,0,0
51649,1,0,0,0,0
51650,1,0,0,0,0
51651,0,0,0,1,0
51652,0,0,0,1,0
51653,0,0,0,1,0
51654,0,0,0,1,0
51655,0,0,0,1,0
51656,0,0,0,1,0
51657,0,0,0,1,0
51658,0,0,0,1,0
51659,0,0,0,1,0
51660,0,0,0,1,0
51661,0,0,0,1,0
51662,0,0,0,1,0
51663,0,0,0,1,0
51664,0,0,0,1,0
51665,0,0,0,1,0
51666,0,0,0,1,0
51667,0,0,0,1,0
51668,0,0,0,1,0
51669,0,0,0,1,0
51670,0,0,0,1,0
51671,0,0,0,1,0
51672,0,0,0,1,0
51673,0,0,0,1,0
51674,0,0,0,1,0
51675,0,0,0,1,0
51676,0,0,0,1,0
51677,0,0,0,1,0
51678,0,0,0,1,0
51679,0,0,0,1,0
51680,0,0,0,1,0
51681,0,0,0,1,0
51682,0,0,0,1,0
51683,0,0,0,1,0
51684,1,0,0,0,0
51685,1,0,0,0,0
51686,1,0,0,0,0
51687,1,0,0,0,0
51688,1,0,0,0,0
51689,1,0,0,0,0
51690,1,0,0,0,0
51691,1,0,0,0,0
51692,1,0,0,0,0
51693,1,0,0,0,0
51694,1,0,0,0,0
51695,1,0,0,0,0
51696,1,0,0,0,0
51697,1,0,0,0,0
51698,1,0,0,0,0
51699,1,0,0,0,0
51700,1,0,0,0,0
51701,1,0,0,0,0
51702,1,0,0,0,0
51703,1,0,0,0,0
51704,1,0,0,0,0
51705,1,0,0,0,0
51706,1,0,0,0,0
51707,1,0,0,0,0
51708,1,0,0,0,0
51709,1,0,0,0,0
51710,1,0,0,0,0
51711,1,0,0,0,0
51712,1,0,0,0,0
51713,1,0,0,0,0
51714,1,0,0,0,0
51715,1,0,0,0,0
51716,1,0,0,0,0
51717,1,0,0,0,0
51718,1,0,0,0,0
51719,1,0,0,0,0
51720,1,0,0,0,0
51721,1,0,0,0,0
51722,1,0,0,0,0
51723,1,0,0,0,0
51724,1,0,0,0,0
51725,1,0,0,0,0
51726,1,0,0,0,0
51727,1,0,0,0,0
51728,1,0,0,0,0
51729,1,0,0,0,0
51730,1,0,0,0,0
51731,1,0,0,0,0
51732,1,0,0,0,0
51733,1,0,0,0,0
51734,1,0,0,0,0
51735,1,0,0,0,0
51736,1,0,0,0,0
51737,1,0,0,0,0
51738,1,0,0,0,0
51739,1,0,0,0,0
51740,1,0,0,0,0
51741,1,0,0,0,0
51742,1,0,0,0,0
51743,1,0,0,0,0
51744,1,0,0,0,0
51745,1,0,0,0,0
51746,1,0,0,0,0
51747,1,0,0,0,0
51748,1,0,0,0,0
51749,1,0,0,0,0
51750,1,0,0,0,0
51751,1,0,0,0,0
51752,1,0,0,0,0
51753,1,0,0,0,0
51754,1,0,0,0,0
51755,1,0,0,0,0
51756,1,0,0,0,0
51757,1,0,0,0,0
51758,1,0,0,0,0
51759,1,0,0,0,0
51760,1,0,0,0,0
51761,1,0,0,0,0
51762,1,0,0,0,0
51763,1,0,0,0,0
51764,1,0,0,0,0
51765,1,0,0,0,0
51766,1,0,0,0,0
51767,1,0,0,0,0
51768,1,0,0,0,0
51769,1,0,0,0,0
51770,1,0,0,0,0
51771,1,0,0,0,0
51772,1,0,0,0,0
51773,1,0,0,0,0
51774,1,0,0,0,0
51775,1,0,0,0,0
51776,1,0,0,0,0
51777,1,0,0,0,0
51778,1,0,0,0,0
51779,1,0,0,0,0
51780,1,0,0,0,0
51781,1,0,0,0,0
51782,1,0,0,0,0
51783,1,0,0,0,0
51784,1,0,0,0,0
51785,1,0,0,0,0
51786,1,0,0,0,0
51787,1,0,0,0,0
51788,1,0,0,0,0
51789,1,0,0,0,0
51790,1,0,0,0,0
51791,1,0,0,0,0
51792,1,0,0,0,0
51793,1,0,0,0,0
51794,1,0,0,0,0
51795,1,0,0,0,0
51796,1,0,0,0,0
51797,1,0,0,0,0
51798,1,0,0,0,0
51799,1,0,0,0,0
51800,1,0,0,0,0
51801,1,0,0,0,0
51802,1,0,0,0,0
51803,1,0,0,0,0
51804,1,0,0,0,0
51805,1,0,0,0,0
51806,1,0,0,0,0
51807,1,0,0,0,0
51808,1,0,0,0,0
51809,1,0,0,0,0
51810,1,0,0,0,0
51811,1,0,0,0,0
51812,1,0,0,0,0
51813,1,0,0,0,0
51814,1,0,0,0,0
51815,1,0,0,0,0
51816,1,0,0,0,0
51817,1,0,0,0,0
51818,1,0,0,0,0
51819,1,0,0,0,0
51820,1,0,0,0,0
51821,1,0,0,0,0
51822,1,0,0,0,0
51823,1,0,0,0,0
51824,1,0,0,0,0
51825,1,0,0,0,0
51826,1,0,0,0,0
51827,1,0,0,0,0
51828,1,0,0,0,0
51829,1,0,0,0,0
51830,1,0,0,0,0
51831,1,0,0,0,0
51832,1,0,0,0,0
51833,1,0,0,0,0
51834,1,0,0,0,0
51835,1,0,0,0,0
51836,1,0,0,0,0
51837,1,0,0,0,0
51838,1,0,0,0,0
51839,1,0,0,0,0
51840,1,0,0,0,0
51841,1,0,0,0,0
51842,1,0,0,0,0
51843,1,0,0,0,0
51844,1,0,0,0,0
51845,1,0,0,0,0
51846,1,0,0,0,0
51847,1,0,0,0,0
51848,1,0,0,0,0
51849,1,0,0,0,0
51850,1,0,0,0,0
51851,1,0,0,0,0
51852,1,0,0,0,0
51853,1,0,0,0,0
51854,1,0,0,0,0
51855,1,0,0,0,0
51856,1,0,0,0,0
51857,1,0,0,0,0
51858,1,0,0,0,0
51859,1,0,0,0,0
51860,1,0,0,0,0
51861,1,0,0,0,0
51862,1,0,0,0,0
51863,1,0,0,0,0
51864,1,0,0,0,0
51865,1,0,0,0,0
51866,1,0,0,0,0
51867,1,0,0,0,0
51868,1,0,0,0,0
51869,1,0,0,0,0
51870,1,0,0,0,0
51871,1,0,0,0,0
51872,1,0,0,0,0
51873,1,0,0,0,0
51874,1,0,0,0,0
51875,1,0,0,0,0
51876,1,0,0,0,0
51877,1,0,0,0,0
51878,1,0,0,0,0
51879,1,0,0,0,0
51880,1,0,0,0,0
51881,1,0,0,0,0
51882,1,0,0,0,0
51883,1,0,0,0,0
51884,1,0,0,0,0
51885,1,0,0,0,0
51886,1,0,0,0,0
51887,1,0,0,0,0
51888,1,0,0,0,0
51889,1,0,0,0,0
51890,1,0,0,0,0
51891,1,0,0,0,0
51892,1,0,0,0,0
51893,1,0,0,0,0
51894,1,0,0,0,0
51895,1,0,0,0,0
51896,1,0,0,0,0
51897,1,0,0,0,0
51898,1,0,0,0,0
51899,1,0,0,0,0
51900,1,0,0,0,0
51901,1,0,0,0,0
51902,1,0,0,0,0
51903,1,0,0,0,0
51904,1,0,0,0,0
51905,1,0,0,0,0
51906,1,0,0,0,0
51907,1,0,0,0,0
51908,1,0,0,0,0
51909,1,0,0,0,0
51910,1,0,0,0,0
51911,1,0,0,0,0
51912,1,0,0,0,0
51913,1,0,0,0,0
51914,1,0,0,0,0
51915,1,0,0,0,0
51916,1,0,0,0,0
51917,1,0,0,0,0
51918,1,0,0,0,0
51919,1,0,0,0,0
51920,1,0,0,0,0
51921,1,0,0,0,0
51922,1,0,0,0,0
51923,1,0,0,0,0
51924,1,0,0,0,0
51925,1,0,0,0,0
51926,1,0,0,0,0
51927,1,0,0,0,0
51928,1,0,0,0,0
51929,1,0,0,0,0
51930,1,0,0,0,0
51931,1,0,0,0,0
51932,1,0,0,0,0
51933,1,0,0,0,0
51934,1,0,0,0,0
51935,1,0,0,0,0
51936,1,0,0,0,0
51937,1,0,0,0,0
51938,1,0,0,0,0
51939,1,0,0,0,0
51940,1,0,0,0,0
51941,1,0,0,0,0
51942,1,0,0,0,0
51943,1,0,0,0,0
51944,1,0,0,0,0
51945,1,0,0,0,0
51946,1,0,0,0,0
51947,1,0,0,0,0
51948,1,0,0,0,0
51949,1,0,0,0,0
51950,1,0,0,0,0
51951,1,0,0,0,0
51952,1,0,0,0,0
51953,1,0,0,0,0
51954,1,0,0,0,0
51955,1,0,0,0,0
51956,1,0,0,0,0
51957,1,0,0,0,0
51958,1,0,0,0,0
51959,1,0,0,0,0
51960,0,0,0,0,1
51961,0,0,0,0,1
51962,0,0,0,0,1
51963,0,0,0,0,1
51964,0,0,0,0,1
51965,0,0,0,0,1
51966,0,0,0,0,1
51967,0,0,0,0,1
51968,0,0,0,0,1
51969,0,0,0,0,1
51970,0,0,0,0,1
51971,0,0,0,0,1
51972,0,0,0,0,1
51973,0,0,0,0,1
51974,0,0,0,0,1
51975,0,0,0,0,1
51976,0,0,0,0,1
51977,0,0,0,0,1
51978,0,0,0,0,1
51979,0,0,0,0,1
51980,0,0,0,0,1
51981,0,0,0,0,1
51982,0,0,0,0,1
51983,0,0,0,0,1
51984,0,0,0,0,1
51985,0,0,0,0,1
51986,0,0,0,0,1
51987,0,0,0,0,1
51988,0,0,0,0,1
51989,0,0,0,0,1
51990,0,0,0,0,1
51991,0,0,0,0,1
51992,0,0,0,0,1
51993,0,0,0,0,1
51994,0,0,0,0,1
51995,0,0,0,0,1
51996,0,0,0,0,1
51997,0,0,0,0,1
51998,0,0,0,0,1
51999,0,0,0,0,1
52000,0,0,0,0,1
52001,0,0,0,0,1
52002,0,0,0,0,1
52003,0,0,0,0,1
52004,0,0,0,0,1
52005,0,0,0,0,1
52006,0,0,0,0,1
52007,0,0,0,0,1
52008,0,0,0,0,1
52009,0,0,0,0,1
52010,0,0,0,0,1
52011,0,0,0,0,1
52012,0,0,0,0,1
52013,0,0,0,0,1
52014,0,0,0,0,1
52015,0,0,0,0,1
52016,0,0,0,0,1
52017,0,0,0,0,1
52018,0,0,0,0,1
52019,0,0,0,0,1
52020,0,0,0,0,1
52021,0,0,0,0,1
52022,0,0,0,0,1
52023,0,0,0,0,1
52024,0,0,0,0,1
52025,0,0,0,0,1
52026,0,0,0,0,1
52027,0,0,0,0,1
52028,0,0,0,0,1
52029,0,0,0,0,1
52030,0,0,0,0,1
52031,0,0,0,0,1
52032,0,0,0,0,1
52033,0,0,0,0,1
52034,0,0,0,0,1
52035,0,0,0,0,1
52036,0,0,0,0,1
52037,0,0,0,0,1
52038,0,0,0,0,1
52039,0,0,0,0,1
52040,0,0,0,0,1
52041,0,0,0,0,1
52042,0,0,0,0,1
52043,0,0,0,0,1
52044,0,0,0,0,1
52045,0,0,0,0,1
52046,0,0,0,0,1
52047,0,0,0,0,1
52048,0,0,0,0,1
52049,0,0,0,0,1
52050,0,0,0,0,1
52051,0,0,0,0,1
52052,0,0,0,0,1
52053,0,0,0,0,1
52054,0,0,0,0,1
52055,0,0,0,0,1
52056,0,0,0,0,1
52057,0,0,0,0,1
52058,0,0,0,0,1
52059,0,0,0,0,1
52060,0,0,0,0,1
52061,0,0,0,0,1
52062,0,0,0,0,1
52063,0,0,0,0,1
52064,0,0,0,0,1
52065,0,0,0,0,1
52066,0,0,0,0,1
52067,0,0,0,0,1
52068,0,0,0,0,1
52069,0,0,0,0,1
52070,0,0,0,0,1
52071,0,0,0,0,1
52072,0,0,0,0,1
52073,0,0,0,0,1
52074,0,0,0,0,1
52075,0,0,0,0,1
52076,0,0,0,0,1
52077,0,0,0,0,1
52078,0,0,0,0,1
52079,0,0,0,0,1
52080,0,0,0,0,1
52081,0,0,0,0,1
52082,0,0,0,0,1
52083,0,0,0,0,1
52084,0,0,0,0,1
52085,0,0,0,0,1
52086,0,0,0,0,1
52087,0,0,0,0,1
52088,0,0,0,0,1
52089,0,0,0,0,1
52090,0,0,0,0,1
52091,0,0,0,0,1
52092,0,0,0,0,1
52093,0,0,0,0,1
52094,0,0,0,0,1
52095,0,0,0,0,1
52096,0,0,0,0,1
52097,0,0,0,0,1
52098,0,0,0,0,1
52099,0,0,0,0,1
52100,0,0,0,0,1
52101,0,0,0,0,1
52102,0,0,0,0,1
52103,0,0,0,0,1
52104,0,0,0,0,1
52105,0,0,0,0,1
52106,0,0,0,0,1
52107,0,0,0,0,1
52108,0,0,0,0,1
52109,0,0,0,0,1
52110,0,0,0,0,1
52111,0,0,0,0,1
52112,0,0,0,0,1
52113,0,0,0,0,1
52114,0,0,0,0,1
52115,0,0,0,0,1
52116,0,0,0,0,1
52117,0,0,0,0,1
52118,0,0,0,0,1
52119,0,0,0,0,1
52120,0,0,0,0,1
52121,0,0,0,0,1
52122,0,0,0,0,1
52123,0,0,0,0,1
52124,0,0,0,0,1
52125,0,0,0,0,1
52126,0,0,0,0,1
52127,0,0,0,0,1
52128,0,0,0,0,1
52129,0,0,0,0,1
52130,0,0,0,0,1
52131,0,0,0,0,1
52132,0,0,0,0,1
52133,0,0,0,0,1
52134,0,0,0,0,1
52135,0,0,0,0,1
52136,0,0,0,0,1
52137,0,0,0,0,1
52138,0,0,0,0,1
52139,0,0,0,0,1
52140,0,0,0,0,1
52141,0,0,0,0,1
52142,0,0,0,0,1
52143,0,0,0,0,1
52144,0,0,0,0,1
52145,0,0,0,0,1
52146,0,0,0,0,1
52147,0,0,0,0,1
52148,0,0,0,0,1
52149,0,0,0,0,1
52150,0,0,0,0,1
52151,0,0,0,0,1
52152,0,0,0,0,1
52153,0,0,0,0,1
52154,0,0,0,0,1
52155,0,0,0,0,1
52156,0,0,0,0,1
52157,0,0,0,0,1
52158,0,0,0,0,1
52159,0,0,0,0,1
52160,0,0,0,0,1
52161,0,0,0,0,1
52162,0,0,0,0,1
52163,0,0,0,0,1
52164,0,0,0,0,1
52165,0,0,0,0,1
52166,0,0,0,0,1
52167,0,0,0,0,1
52168,0,0,0,0,1
52169,0,0,0,0,1
52170,0,0,0,0,1
52171,0,0,0,0,1
52172,0,0,0,0,1
52173,0,0,0,0,1
52174,0,0,0,0,1
52175,0,0,0,0,1
52176,0,0,0,0,1
52177,0,0,0,0,1
52178,0,0,0,0,1
52179,0,0,0,0,1
52180,0,0,0,0,1
52181,0,0,0,0,1
52182,0,0,0,0,1
52183,0,0,0,0,1
52184,0,0,0,0,1
52185,0,0,0,0,1
52186,0,0,0,0,1
52187,0,0,0,0,1
52188,0,0,0,0,1
52189,0,0,0,0,1
52190,0,0,0,0,1
52191,0,0,0,0,1
52192,0,0,0,0,1
52193,0,0,0,0,1
52194,1,0,0,0,0
52195,1,0,0,0,0
52196,1,0,0,0,0
52197,1,0,0,0,0
52198,1,0,0,0,0
52199,1,0,0,0,0
52200,1,0,0,0,0
52201,1,0,0,0,0
52202,1,0,0,0,0
52203,1,0,0,0,0
52204,1,0,0,0,0
52205,1,0,0,0,0
52206,1,0,0,0,0
52207,1,0,0,0,0
52208,1,0,0,0,0
52209,1,0,0,0,0
52210,1,0,0,0,0
52211,1,0,0,0,0
52212,1,0,0,0,0
52213,1,0,0,0,0
52214,1,0,0,0,0
52215,1,0,0,0,0
52216,1,0,0,0,0
52217,1,0,0,0,0
52218,1,0,0,0,0
52219,1,0,0,0,0
52220,1,0,0,0,0
52221,1,0,0,0,0
52222,1,0,0,0,0
52223,1,0,0,0,0
52224,1,0,0,0,0
52225,1,0,0,0,0
52226,1,0,0,0,0
52227,0,0,0,0,1
52228,0,0,0,0,1
52229,0,0,0,0,1
52230,0,0,0,0,1
52231,0,0,0,0,1
52232,0,0,0,0,1
52233,0,0,0,0,1
52234,0,0,0,0,1
52235,0,0,0,0,1
52236,0,0,0,0,1
52237,0,0,0,0,1
52238,0,0,0,0,1
52239,0,0,0,0,1
52240,0,0,0,0,1
52241,0,0,0,0,1
52242,0,0,0,0,1
52243,0,0,0,0,1
52244,0,0,0,0,1
52245,0,0,0,0,1
52246,0,0,0,0,1
52247,0,0,0,0,1
52248,0,0,0,0,1
52249,0,0,0,0,1
52250,0,0,0,0,1
52251,0,0,0,0,1
52252,0,0,0,0,1
52253,0,0,0,0,1
52254,0,0,0,0,1
52255,0,0,0,0,1
52256,0,0,0,0,1
52257,0,0,0,0,1
52258,0,0,0,0,1
52259,0,0,0,0,1
52260,0,0,0,0,1
52261,0,0,0,0,1
52262,0,0,0,0,1
52263,0,0,0,0,1
52264,0,0,0,0,1
52265,0,0,0,0,1
52266,0,0,0,0,1
52267,0,0,0,0,1
52268,0,0,0,0,1
52269,0,0,0,0,1
52270,0,0,0,0,1
52271,0,0,0,0,1
52272,0,0,0,0,1
52273,0,0,0,0,1
52274,0,0,0,0,1
52275,0,0,0,0,1
52276,0,0,0,0,1
52277,0,0,0,0,1
52278,0,0,0,0,1
52279,0,0,0,0,1
52280,0,0,0,0,1
52281,0,0,0,0,1
52282,0,0,0,0,1
52283,0,0,0,0,1
52284,0,0,0,0,1
52285,0,0,0,0,1
52286,0,0,0,0,1
52287,0,0,0,0,1
52288,0,0,0,0,1
52289,0,0,0,0,1
52290,0,0,0,0,1
52291,0,0,0,0,1
52292,0,0,0,0,1
52293,0,0,0,0,1
52294,0,0,0,0,1
52295,0,0,0,0,1
52296,0,0,0,0,1
52297,0,0,0,0,1
52298,0,0,0,0,1
52299,0,0,0,0,1
52300,0,0,0,0,1
52301,0,0,0,0,1
52302,0,0,0,0,1
52303,0,0,0,0,1
52304,0,0,0,0,1
52305,0,0,0,0,1
52306,0,0,0,0,1
52307,0,0,0,0,1
52308,0,0,0,0,1
52309,0,0,0,0,1
52310,0,0,0,0,1
52311,0,0,0,0,1
52312,0,0,0,0,1
52313,0,0,0,0,1
52314,0,0,0,0,1
52315,0,0,0,0,1
52316,0,0,0,0,1
52317,0,0,0,0,1
52318,0,0,0,0,1
52319,0,0,0,0,1
52320,0,0,0,0,1
52321,0,0,0,0,1
52322,0,0,0,0,1
52323,0,0,0,0,1
52324,0,0,0,0,1
52325,0,0,0,0,1
52326,0,0,0,0,1
52327,0,0,0,0,1
52328,0,0,0,0,1
52329,0,0,0,0,1
52330,0,0,0,0,1
52331,0,0,0,0,1
52332,0,0,0,0,1
52333,0,0,0,0,1
52334,0,0,0,0,1
52335,0,0,0,0,1
52336,0,0,0,0,1
52337,0,0,0,0,1
52338,0,0,0,0,1
52339,0,0,0,0,1
52340,0,0,0,0,1
52341,0,0,0,0,1
52342,0,0,0,0,1
52343,0,0,0,0,1
52344,0,0,0,0,1
52345,0,0,0,0,1
52346,0,0,0,0,1
52347,0,0,0,0,1
52348,0,0,0,0,1
52349,0,0,0,0,1
52350,0,0,0,0,1
52351,0,0,0,0,1
52352,0,0,0,0,1
52353,0,0,0,0,1
52354,0,0,0,0,1
52355,0,0,0,0,1
52356,0,0,0,0,1
52357,0,0,0,0,1
52358,0,0,0,0,1
52359,0,0,0,0,1
52360,0,0,0,0,1
52361,0,0,0,0,1
52362,0,0,0,0,1
52363,0,0,0,0,1
52364,0,0,0,0,1
52365,0,0,0,0,1
52366,0,0,0,0,1
52367,0,0,0,0,1
52368,0,0,0,0,1
52369,0,0,0,0,1
52370,0,0,0,0,1
52371,0,0,0,0,1
52372,0,0,0,0,1
52373,0,0,0,0,1
52374,0,0,0,0,1
52375,0,0,0,0,1
52376,0,0,0,0,1
52377,0,0,0,0,1
52378,0,0,0,0,1
52379,0,0,0,0,1
52380,0,0,0,0,1
52381,0,0,0,0,1
52382,0,0,0,0,1
52383,0,0,0,0,1
52384,0,0,0,0,1
52385,0,0,0,0,1
52386,0,0,0,0,1
52387,0,0,0,0,1
52388,0,0,0,0,1
52389,0,0,0,0,1
52390,0,0,0,0,1
52391,0,0,0,0,1
52392,0,0,0,0,1
52393,0,0,0,0,1
52394,0,0,0,0,1
52395,0,0,0,0,1
52396,0,0,0,0,1
52397,0,0,0,0,1
52398,0,0,0,0,1
52399,0,0,0,0,1
52400,0,0,0,0,1
52401,0,0,0,0,1
52402,0,0,0,0,1
52403,0,0,0,0,1
52404,0,0,0,0,1
52405,0,0,0,0,1
52406,0,0,0,0,1
52407,0,0,0,0,1
52408,0,0,0,0,1
52409,0,0,0,0,1
52410,0,0,0,0,1
52411,0,0,0,0,1
52412,0,0,0,0,1
52413,0,0,0,0,1
52414,0,0,0,0,1
52415,0,0,0,0,1
52416,0,0,0,0,1
52417,0,0,0,0,1
52418,0,0,0,0,1
52419,0,0,0,0,1
52420,0,0,0,0,1
52421,0,0,0,0,1
52422,0,0,0,0,1
52423,0,0,0,0,1
52424,0,0,0,0,1
52425,0,0,0,0,1
52426,0,0,0,0,1
52427,0,0,0,0,1
52428,0,0,0,0,1
52429,0,0,0,0,1
52430,0,0,0,0,1
52431,0,0,0,0,1
52432,0,0,0,0,1
52433,0,0,0,0,1
52434,0,0,0,0,1
52435,0,0,0,0,1
52436,0,0,0,0,1
52437,0,0,0,0,1
52438,0,0,0,0,1
52439,0,0,0,0,1
52440,0,0,0,0,1
52441,0,0,0,0,1
52442,0,0,0,0,1
52443,0,0,0,0,1
52444,0,0,0,0,1
52445,0,0,0,0,1
52446,0,0,0,0,1
52447,0,0,0,0,1
52448,0,0,0,0,1
52449,0,0,0,0,1
52450,0,0,0,0,1
52451,0,0,0,0,1
52452,0,0,0,0,1
52453,0,0,0,0,1
52454,0,0,0,0,1
52455,0,0,0,0,1
52456,0,0,0,0,1
52457,0,0,0,0,1
52458,0,0,0,0,1
52459,0,0,0,0,1
52460,0,0,0,0,1
52461,0,0,0,0,1
52462,0,0,0,0,1
52463,0,0,0,0,1
52464,0,0,0,0,1
52465,0,0,0,0,1
52466,0,0,0,0,1
52467,0,0,0,0,1
52468,0,0,0,0,1
52469,0,0,0,0,1
52470,0,0,0,0,1
52471,0,0,0,0,1
52472,0,0,0,0,1
52473,0,0,0,0,1
52474,0,0,0,0,1
52475,0,0,0,0,1
52476,0,0,0,0,1
52477,0,0,0,0,1
52478,0,0,0,0,1
52479,0,0,0,0,1
52480,0,0,0,0,1
52481,0,0,0,0,1
52482,0,0,0,0,1
52483,0,0,0,0,1
52484,0,0,0,0,1
52485,0,0,0,0,1
52486,0,0,0,0,1
52487,0,0,0,0,1
52488,0,0,0,0,1
52489,0,0,0,0,1
52490,0,0,0,0,1
52491,0,0,0,0,1
52492,0,0,0,0,1
52493,0,0,0,0,1
52494,0,0,0,0,1
52495,0,0,0,0,1
52496,0,0,0,0,1
52497,0,0,0,0,1
52498,0,0,0,0,1
52499,0,0,0,0,1
52500,0,0,0,0,1
52501,0,0,0,0,1
52502,0,0,0,0,1
52503,0,0,0,0,1
52504,0,0,0,0,1
52505,0,0,0,0,1
52506,0,0,0,0,1
52507,0,0,0,0,1
52508,0,0,0,0,1
52509,0,0,0,0,1
52510,0,0,0,0,1
52511,0,0,0,0,1
52512,0,0,0,0,1
52513,0,0,0,0,1
52514,0,0,0,0,1
52515,1,0,0,0,0
52516,1,0,0,0,0
52517,1,0,0,0,0
52518,1,0,0,0,0
52519,0,1,0,0,0
52520,0,1,0,0,0
52521,0,1,0,0,0
52522,0,1,0,0,0
52523,0,1,0,0,0
52524,0,1,0,0,0
52525,0,1,0,0,0
52526,0,1,0,0,0
52527,0,1,0,0,0
52528,0,1,0,0,0
52529,0,1,0,0,0
52530,0,1,0,0,0
52531,0,1,0,0,0
52532,0,1,0,0,0
52533,0,1,0,0,0
52534,0,1,0,0,0
52535,0,1,0,0,0
52536,0,1,0,0,0
52537,0,1,0,0,0
52538,0,1,0,0,0
52539,0,1,0,0,0
52540,0,1,0,0,0
52541,0,1,0,0,0
52542,0,1,0,0,0
52543,0,1,0,0,0
52544,0,1,0,0,0
52545,0,1,0,0,0
52546,0,1,0,0,0
52547,0,1,0,0,0
52548,0,1,0,0,0
52549,0,1,0,0,0
52550,0,1,0,0,0
52551,0,1,0,0,0
52552,0,1,0,0,0
52553,0,1,0,0,0
52554,0,1,0,0,0
52555,0,1,0,0,0
52556,0,1,0,0,0
52557,0,1,0,0,0
52558,0,0,0,0,1
52559,0,0,0,0,1
52560,0,0,0,0,1
52561,0,0,0,0,1
52562,0,0,0,0,1
52563,0,0,0,0,1
52564,0,0,0,0,1
52565,0,0,0,0,1
52566,0,0,0,0,1
52567,0,0,0,0,1
52568,0,0,0,0,1
52569,0,0,0,0,1
52570,0,0,0,0,1
52571,0,0,0,0,1
52572,0,0,0,0,1
52573,0,0,0,0,1
52574,0,0,0,0,1
52575,0,0,0,0,1
52576,0,0,0,0,1
52577,0,0,0,0,1
52578,0,0,0,0,1
52579,0,0,0,0,1
52580,0,0,0,0,1
52581,0,0,0,0,1
52582,0,0,0,0,1
52583,1,0,0,0,0
52584,1,0,0,0,0
52585,1,0,0,0,0
52586,1,0,0,0,0
52587,1,0,0,0,0
52588,1,0,0,0,0
52589,1,0,0,0,0
52590,1,0,0,0,0
52591,1,0,0,0,0
52592,1,0,0,0,0
52593,1,0,0,0,0
52594,1,0,0,0,0
52595,1,0,0,0,0
52596,1,0,0,0,0
52597,1,0,0,0,0
52598,1,0,0,0,0
52599,1,0,0,0,0
52600,1,0,0,0,0
52601,1,0,0,0,0
52602,1,0,0,0,0
52603,1,0,0,0,0
52604,1,0,0,0,0
52605,1,0,0,0,0
52606,1,0,0,0,0
52607,1,0,0,0,0
52608,1,0,0,0,0
52609,1,0,0,0,0
52610,1,0,0,0,0
52611,1,0,0,0,0
52612,1,0,0,0,0
52613,1,0,0,0,0
52614,1,0,0,0,0
52615,1,0,0,0,0
52616,1,0,0,0,0
52617,1,0,0,0,0
52618,1,0,0,0,0
52619,1,0,0,0,0
52620,1,0,0,0,0
52621,1,0,0,0,0
52622,1,0,0,0,0
52623,1,0,0,0,0
52624,1,0,0,0,0
52625,1,0,0,0,0
52626,1,0,0,0,0
52627,1,0,0,0,0
52628,1,0,0,0,0
52629,1,0,0,0,0
52630,1,0,0,0,0
52631,1,0,0,0,0
52632,1,0,0,0,0
52633,1,0,0,0,0
52634,1,0,0,0,0
52635,1,0,0,0,0
52636,1,0,0,0,0
52637,1,0,0,0,0
52638,1,0,0,0,0
52639,1,0,0,0,0
52640,1,0,0,0,0
52641,1,0,0,0,0
52642,1,0,0,0,0
52643,1,0,0,0,0
52644,1,0,0,0,0
52645,1,0,0,0,0
52646,1,0,0,0,0
52647,1,0,0,0,0
52648,1,0,0,0,0
52649,1,0,0,0,0
52650,1,0,0,0,0
52651,1,0,0,0,0
52652,1,0,0,0,0
52653,1,0,0,0,0
52654,1,0,0,0,0
52655,1,0,0,0,0
52656,1,0,0,0,0
52657,1,0,0,0,0
52658,1,0,0,0,0
52659,1,0,0,0,0
52660,1,0,0,0,0
52661,1,0,0,0,0
52662,1,0,0,0,0
52663,1,0,0,0,0
52664,1,0,0,0,0
52665,1,0,0,0,0
52666,1,0,0,0,0
52667,1,0,0,0,0
52668,1,0,0,0,0
52669,1,0,0,0,0
52670,1,0,0,0,0
52671,1,0,0,0,0
52672,1,0,0,0,0
52673,1,0,0,0,0
52674,1,0,0,0,0
52675,1,0,0,0,0
52676,1,0,0,0,0
52677,1,0,0,0,0
52678,1,0,0,0,0
52679,1,0,0,0,0
52680,1,0,0,0,0
52681,1,0,0,0,0
52682,1,0,0,0,0
52683,1,0,0,0,0
52684,1,0,0,0,0
52685,1,0,0,0,0
52686,1,0,0,0,0
52687,1,0,0,0,0
52688,1,0,0,0,0
52689,1,0,0,0,0
52690,1,0,0,0,0
52691,1,0,0,0,0
52692,0,0,0,0,1
52693,0,0,0,0,1
52694,0,0,0,0,1
52695,0,0,0,0,1
52696,0,0,0,0,1
52697,0,0,0,0,1
52698,0,0,0,0,1
52699,0,0,0,0,1
52700,0,0,0,0,1
52701,0,0,0,0,1
52702,0,0,0,0,1
52703,0,0,0,0,1
52704,0,0,0,0,1
52705,0,0,0,0,1
52706,0,0,0,0,1
52707,0,0,0,0,1
52708,0,0,0,0,1
52709,0,0,0,0,1
52710,0,0,0,0,1
52711,0,0,0,0,1
52712,0,0,0,0,1
52713,0,0,0,0,1
52714,0,0,0,0,1
52715,0,0,0,0,1
52716,0,0,0,0,1
52717,0,0,0,0,1
52718,0,0,0,0,1
52719,0,0,0,0,1
52720,0,0,0,0,1
52721,0,0,0,0,1
52722,0,0,0,0,1
52723,0,0,0,0,1
52724,0,0,0,0,1
52725,0,0,0,0,1
52726,0,0,0,0,1
52727,0,0,0,0,1
52728,1,0,0,0,0
52729,1,0,0,0,0
52730,1,0,0,0,0
52731,1,0,0,0,0
52732,1,0,0,0,0
52733,1,0,0,0,0
52734,1,0,0,0,0
52735,1,0,0,0,0
52736,1,0,0,0,0
52737,1,0,0,0,0
52738,1,0,0,0,0
52739,1,0,0,0,0
52740,1,0,0,0,0
52741,1,0,0,0,0
52742,1,0,0,0,0
52743,1,0,0,0,0
52744,1,0,0,0,0
52745,1,0,0,0,0
52746,1,0,0,0,0
52747,1,0,0,0,0
52748,1,0,0,0,0
52749,1,0,0,0,0
52750,1,0,0,0,0
52751,1,0,0,0,0
52752,1,0,0,0,0
52753,1,0,0,0,0
52754,1,0,0,0,0
52755,1,0,0,0,0
52756,1,0,0,0,0
52757,1,0,0,0,0
52758,1,0,0,0,0
52759,1,0,0,0,0
52760,1,0,0,0,0
52761,1,0,0,0,0
52762,1,0,0,0,0
52763,1,0,0,0,0
52764,1,0,0,0,0
52765,1,0,0,0,0
52766,1,0,0,0,0
52767,1,0,0,0,0
52768,1,0,0,0,0
52769,1,0,0,0,0
52770,1,0,0,0,0
52771,1,0,0,0,0
52772,1,0,0,0,0
52773,1,0,0,0,0
52774,1,0,0,0,0
52775,1,0,0,0,0
52776,1,0,0,0,0
52777,1,0,0,0,0
52778,1,0,0,0,0
52779,1,0,0,0,0
52780,1,0,0,0,0
52781,1,0,0,0,0
52782,1,0,0,0,0
52783,1,0,0,0,0
52784,1,0,0,0,0
52785,1,0,0,0,0
52786,1,0,0,0,0
52787,1,0,0,0,0
52788,1,0,0,0,0
52789,1,0,0,0,0
52790,1,0,0,0,0
52791,1,0,0,0,0
52792,1,0,0,0,0
52793,1,0,0,0,0
52794,1,0,0,0,0
52795,1,0,0,0,0
52796,1,0,0,0,0
52797,1,0,0,0,0
52798,1,0,0,0,0
52799,1,0,0,0,0
52800,1,0,0,0,0
52801,1,0,0,0,0
52802,1,0,0,0,0
52803,1,0,0,0,0
52804,1,0,0,0,0
52805,1,0,0,0,0
52806,1,0,0,0,0
52807,1,0,0,0,0
52808,1,0,0,0,0
52809,1,0,0,0,0
52810,1,0,0,0,0
52811,1,0,0,0,0
52812,1,0,0,0,0
52813,1,0,0,0,0
52814,1,0,0,0,0
52815,1,0,0,0,0
52816,1,0,0,0,0
52817,1,0,0,0,0
52818,1,0,0,0,0
52819,1,0,0,0,0
52820,1,0,0,0,0
52821,1,0,0,0,0
52822,1,0,0,0,0
52823,1,0,0,0,0
52824,1,0,0,0,0
52825,1,0,0,0,0
52826,1,0,0,0,0
52827,1,0,0,0,0
52828,1,0,0,0,0
52829,1,0,0,0,0
52830,1,0,0,0,0
52831,1,0,0,0,0
52832,1,0,0,0,0
52833,1,0,0,0,0
52834,1,0,0,0,0
52835,1,0,0,0,0
52836,1,0,0,0,0
52837,1,0,0,0,0
52838,1,0,0,0,0
52839,1,0,0,0,0
52840,1,0,0,0,0
52841,1,0,0,0,0
52842,1,0,0,0,0
52843,1,0,0,0,0
52844,1,0,0,0,0
52845,1,0,0,0,0
52846,1,0,0,0,0
52847,1,0,0,0,0
52848,1,0,0,0,0
52849,1,0,0,0,0
52850,1,0,0,0,0
52851,1,0,0,0,0
52852,1,0,0,0,0
52853,1,0,0,0,0
52854,1,0,0,0,0
52855,1,0,0,0,0
52856,1,0,0,0,0
52857,1,0,0,0,0
52858,1,0,0,0,0
52859,1,0,0,0,0
52860,1,0,0,0,0
52861,1,0,0,0,0
52862,1,0,0,0,0
52863,1,0,0,0,0
52864,1,0,0,0,0
52865,1,0,0,0,0
52866,1,0,0,0,0
52867,1,0,0,0,0
52868,1,0,0,0,0
52869,1,0,0,0,0
52870,1,0,0,0,0
52871,1,0,0,0,0
52872,1,0,0,0,0
52873,1,0,0,0,0
52874,1,0,0,0,0
52875,1,0,0,0,0
52876,1,0,0,0,0
52877,1,0,0,0,0
52878,1,0,0,0,0
52879,1,0,0,0,0
52880,1,0,0,0,0
52881,1,0,0,0,0
52882,1,0,0,0,0
52883,1,0,0,0,0
52884,1,0,0,0,0
52885,1,0,0,0,0
52886,1,0,0,0,0
52887,1,0,0,0,0
52888,1,0,0,0,0
52889,1,0,0,0,0
52890,1,0,0,0,0
52891,1,0,0,0,0
52892,1,0,0,0,0
52893,1,0,0,0,0
52894,1,0,0,0,0
52895,1,0,0,0,0
52896,1,0,0,0,0
52897,1,0,0,0,0
52898,1,0,0,0,0
52899,1,0,0,0,0
52900,1,0,0,0,0
52901,1,0,0,0,0
52902,1,0,0,0,0
52903,1,0,0,0,0
52904,1,0,0,0,0
52905,1,0,0,0,0
52906,1,0,0,0,0
52907,1,0,0,0,0
52908,1,0,0,0,0
52909,1,0,0,0,0
52910,1,0,0,0,0
52911,1,0,0,0,0
52912,1,0,0,0,0
52913,1,0,0,0,0
52914,1,0,0,0,0
52915,1,0,0,0,0
52916,1,0,0,0,0
52917,1,0,0,0,0
52918,1,0,0,0,0
52919,1,0,0,0,0
52920,1,0,0,0,0
52921,1,0,0,0,0
52922,1,0,0,0,0
52923,1,0,0,0,0
52924,1,0,0,0,0
52925,1,0,0,0,0
52926,1,0,0,0,0
52927,1,0,0,0,0
52928,1,0,0,0,0
52929,1,0,0,0,0
52930,1,0,0,0,0
52931,1,0,0,0,0
52932,1,0,0,0,0
52933,1,0,0,0,0
52934,1,0,0,0,0
52935,1,0,0,0,0
52936,1,0,0,0,0
52937,1,0,0,0,0
52938,1,0,0,0,0
52939,1,0,0,0,0
52940,1,0,0,0,0
52941,0,0,0,0,1
52942,0,0,0,0,1
52943,0,0,0,0,1
52944,0,0,0,0,1
52945,0,0,0,0,1
52946,0,0,0,0,1
52947,0,0,0,0,1
52948,0,0,0,0,1
52949,0,0,0,0,1
52950,0,0,0,0,1
52951,0,0,0,0,1
52952,0,0,0,0,1
52953,0,0,0,0,1
52954,0,0,0,0,1
52955,0,0,0,0,1
52956,0,0,0,0,1
52957,0,0,0,0,1
52958,1,0,0,0,0
52959,1,0,0,0,0
52960,1,0,0,0,0
52961,1,0,0,0,0
52962,1,0,0,0,0
52963,1,0,0,0,0
52964,1,0,0,0,0
52965,1,0,0,0,0
52966,1,0,0,0,0
52967,1,0,0,0,0
52968,1,0,0,0,0
52969,1,0,0,0,0
52970,0,0,0,0,1
52971,0,0,0,0,1
52972,0,0,0,0,1
52973,0,0,0,0,1
52974,0,0,0,0,1
52975,0,0,0,0,1
52976,0,0,0,0,1
52977,0,0,0,0,1
52978,0,0,0,0,1
52979,0,0,0,0,1
52980,0,0,0,0,1
52981,0,0,0,0,1
52982,0,0,0,0,1
52983,0,0,0,0,1
52984,0,0,0,0,1
52985,0,0,0,0,1
52986,0,0,0,0,1
52987,0,0,0,0,1
52988,0,0,0,0,1
52989,0,0,0,0,1
52990,0,0,0,0,1
52991,0,0,0,0,1
52992,0,0,0,0,1
52993,0,0,0,0,1
52994,0,0,0,0,1
52995,0,0,0,0,1
52996,0,0,0,0,1
52997,0,0,0,0,1
52998,0,0,0,0,1
52999,0,0,0,0,1
53000,0,0,0,0,1
53001,0,0,0,0,1
53002,0,0,0,0,1
53003,0,0,0,0,1
53004,0,0,0,0,1
53005,0,0,0,0,1
53006,0,0,0,0,1
53007,0,0,0,0,1
53008,0,0,0,0,1
53009,0,0,0,0,1
53010,0,0,0,0,1
53011,0,0,0,0,1
53012,0,0,0,0,1
53013,0,0,0,0,1
53014,0,0,0,0,1
53015,0,0,0,0,1
53016,0,0,0,0,1
53017,0,0,0,0,1
53018,1,0,0,0,0
53019,1,0,0,0,0
53020,1,0,0,0,0
53021,1,0,0,0,0
53022,1,0,0,0,0
53023,1,0,0,0,0
53024,1,0,0,0,0
53025,1,0,0,0,0
53026,1,0,0,0,0
53027,1,0,0,0,0
53028,1,0,0,0,0
53029,1,0,0,0,0
53030,1,0,0,0,0
53031,1,0,0,0,0
53032,1,0,0,0,0
53033,1,0,0,0,0
53034,1,0,0,0,0
53035,1,0,0,0,0
53036,1,0,0,0,0
53037,1,0,0,0,0
53038,1,0,0,0,0
53039,1,0,0,0,0
53040,1,0,0,0,0
53041,1,0,0,0,0
53042,1,0,0,0,0
53043,1,0,0,0,0
53044,1,0,0,0,0
53045,1,0,0,0,0
53046,1,0,0,0,0
53047,1,0,0,0,0
53048,1,0,0,0,0
53049,1,0,0,0,0
53050,0,0,0,0,1
53051,0,0,0,0,1
53052,0,0,0,0,1
53053,0,0,0,0,1
53054,0,0,0,0,1
53055,0,0,0,0,1
53056,0,0,0,0,1
53057,0,0,0,0,1
53058,0,0,0,0,1
53059,0,0,0,0,1
53060,0,0,0,0,1
53061,0,0,0,0,1
53062,0,0,0,0,1
53063,0,0,0,0,1
53064,0,0,0,0,1
53065,0,0,0,0,1
53066,0,0,0,0,1
53067,0,0,0,0,1
53068,0,0,0,0,1
53069,0,0,0,0,1
53070,0,0,0,0,1
53071,0,0,0,0,1
53072,0,0,0,0,1
53073,0,0,0,0,1
53074,0,0,0,0,1
53075,0,0,0,0,1
53076,0,0,0,0,1
53077,0,0,0,0,1
53078,0,0,0,0,1
53079,0,0,0,0,1
53080,1,0,0,0,0
53081,1,0,0,0,0
53082,1,0,0,0,0
53083,1,0,0,0,0
53084,1,0,0,0,0
53085,1,0,0,0,0
53086,1,0,0,0,0
53087,1,0,0,0,0
53088,1,0,0,0,0
53089,1,0,0,0,0
53090,1,0,0,0,0
53091,1,0,0,0,0
53092,1,0,0,0,0
53093,1,0,0,0,0
53094,1,0,0,0,0
53095,1,0,0,0,0
53096,1,0,0,0,0
53097,1,0,0,0,0
53098,1,0,0,0,0
53099,1,0,0,0,0
53100,1,0,0,0,0
53101,1,0,0,0,0
53102,1,0,0,0,0
53103,1,0,0,0,0
53104,1,0,0,0,0
53105,1,0,0,0,0
53106,1,0,0,0,0
53107,1,0,0,0,0
53108,1,0,0,0,0
53109,1,0,0,0,0
53110,1,0,0,0,0
53111,1,0,0,0,0
53112,1,0,0,0,0
53113,1,0,0,0,0
53114,1,0,0,0,0
53115,1,0,0,0,0
53116,1,0,0,0,0
53117,1,0,0,0,0
53118,1,0,0,0,0
53119,1,0,0,0,0
53120,1,0,0,0,0
53121,1,0,0,0,0
53122,1,0,0,0,0
53123,1,0,0,0,0
53124,1,0,0,0,0
53125,1,0,0,0,0
53126,1,0,0,0,0
53127,1,0,0,0,0
53128,0,0,0,0,1
53129,0,0,0,0,1
53130,0,0,0,0,1
53131,0,0,0,0,1
53132,0,0,0,0,1
53133,0,0,0,0,1
53134,0,0,0,0,1
53135,0,0,0,0,1
53136,0,0,0,0,1
53137,0,0,0,0,1
53138,0,0,0,0,1
53139,0,0,0,0,1
53140,0,0,0,0,1
53141,0,0,0,0,1
53142,0,0,0,0,1
53143,0,0,0,0,1
53144,0,0,0,0,1
53145,0,0,0,0,1
53146,0,0,0,0,1
53147,0,0,0,0,1
53148,0,0,0,0,1
53149,0,0,0,0,1
53150,0,0,0,0,1
53151,0,0,0,0,1
53152,0,0,0,0,1
53153,0,0,0,0,1
53154,1,0,0,0,0
53155,1,0,0,0,0
53156,1,0,0,0,0
53157,1,0,0,0,0
53158,1,0,0,0,0
53159,1,0,0,0,0
53160,1,0,0,0,0
53161,1,0,0,0,0
53162,1,0,0,0,0
53163,1,0,0,0,0
53164,1,0,0,0,0
53165,1,0,0,0,0
53166,1,0,0,0,0
53167,1,0,0,0,0
53168,1,0,0,0,0
53169,1,0,0,0,0
53170,1,0,0,0,0
53171,1,0,0,0,0
53172,1,0,0,0,0
53173,0,1,0,0,0
53174,0,1,0,0,0
53175,0,1,0,0,0
53176,0,1,0,0,0
53177,0,1,0,0,0
53178,0,1,0,0,0
53179,0,1,0,0,0
53180,0,1,0,0,0
53181,0,1,0,0,0
53182,0,1,0,0,0
53183,0,1,0,0,0
53184,0,1,0,0,0
53185,0,1,0,0,0
53186,0,1,0,0,0
53187,0,1,0,0,0
53188,0,1,0,0,0
53189,0,1,0,0,0
53190,0,1,0,0,0
53191,0,1,0,0,0
53192,0,1,0,0,0
53193,0,1,0,0,0
53194,0,1,0,0,0
53195,0,1,0,0,0
53196,0,1,0,0,0
53197,0,1,0,0,0
53198,0,1,0,0,0
53199,0,1,0,0,0
53200,0,1,0,0,0
53201,0,1,0,0,0
53202,0,1,0,0,0
53203,0,1,0,0,0
53204,0,1,0,0,0
53205,0,1,0,0,0
53206,0,1,0,0,0
53207,0,1,0,0,0
53208,0,1,0,0,0
53209,0,1,0,0,0
53210,0,1,0,0,0
53211,0,1,0,0,0
53212,0,1,0,0,0
53213,0,1,0,0,0
53214,0,1,0,0,0
53215,0,1,0,0,0
53216,0,1,0,0,0
53217,0,1,0,0,0
53218,0,1,0,0,0
53219,0,1,0,0,0
53220,0,1,0,0,0
53221,0,1,0,0,0
53222,0,1,0,0,0
53223,0,1,0,0,0
53224,0,1,0,0,0
53225,0,1,0,0,0
53226,0,1,0,0,0
53227,0,1,0,0,0
53228,0,1,0,0,0
53229,0,1,0,0,0
53230,0,1,0,0,0
53231,0,1,0,0,0
53232,0,1,0,0,0
53233,0,1,0,0,0
53234,0,1,0,0,0
53235,0,1,0,0,0
53236,0,1,0,0,0
53237,0,1,0,0,0
53238,0,1,0,0,0
53239,0,1,0,0,0
53240,0,1,0,0,0
53241,0,1,0,0,0
53242,0,1,0,0,0
53243,0,1,0,0,0
53244,0,1,0,0,0
53245,0,1,0,0,0
53246,0,1,0,0,0
53247,1,0,0,0,0
53248,1,0,0,0,0
53249,1,0,0,0,0
53250,1,0,0,0,0
53251,1,0,0,0,0
53252,1,0,0,0,0
53253,1,0,0,0,0
53254,1,0,0,0,0
53255,1,0,0,0,0
53256,1,0,0,0,0
53257,1,0,0,0,0
53258,1,0,0,0,0
53259,1,0,0,0,0
53260,1,0,0,0,0
53261,1,0,0,0,0
53262,1,0,0,0,0
53263,1,0,0,0,0
53264,1,0,0,0,0
53265,1,0,0,0,0
53266,1,0,0,0,0
53267,1,0,0,0,0
53268,1,0,0,0,0
53269,1,0,0,0,0
53270,1,0,0,0,0
53271,1,0,0,0,0
53272,1,0,0,0,0
53273,1,0,0,0,0
53274,1,0,0,0,0
53275,1,0,0,0,0
53276,1,0,0,0,0
53277,1,0,0,0,0
53278,1,0,0,0,0
53279,1,0,0,0,0
53280,1,0,0,0,0
53281,1,0,0,0,0
53282,1,0,0,0,0
53283,1,0,0,0,0
53284,1,0,0,0,0
53285,1,0,0,0,0
53286,1,0,0,0,0
53287,1,0,0,0,0
53288,1,0,0,0,0
53289,1,0,0,0,0
53290,1,0,0,0,0
53291,1,0,0,0,0
53292,1,0,0,0,0
53293,1,0,0,0,0
53294,1,0,0,0,0
53295,1,0,0,0,0
53296,1,0,0,0,0
53297,1,0,0,0,0
53298,1,0,0,0,0
53299,1,0,0,0,0
53300,1,0,0,0,0
53301,1,0,0,0,0
53302,1,0,0,0,0
53303,1,0,0,0,0
53304,1,0,0,0,0
53305,1,0,0,0,0
53306,1,0,0,0,0
53307,1,0,0,0,0
53308,1,0,0,0,0
53309,1,0,0,0,0
53310,1,0,0,0,0
53311,1,0,0,0,0
53312,1,0,0,0,0
53313,1,0,0,0,0
53314,1,0,0,0,0
53315,1,0,0,0,0
53316,1,0,0,0,0
53317,1,0,0,0,0
53318,1,0,0,0,0
53319,1,0,0,0,0
53320,1,0,0,0,0
53321,1,0,0,0,0
53322,1,0,0,0,0
53323,1,0,0,0,0
53324,1,0,0,0,0
53325,1,0,0,0,0
53326,1,0,0,0,0
53327,1,0,0,0,0
53328,1,0,0,0,0
53329,1,0,0,0,0
53330,1,0,0,0,0
53331,1,0,0,0,0
53332,1,0,0,0,0
53333,1,0,0,0,0
53334,1,0,0,0,0
53335,1,0,0,0,0
53336,1,0,0,0,0
53337,1,0,0,0,0
53338,1,0,0,0,0
53339,1,0,0,0,0
53340,1,0,0,0,0
53341,1,0,0,0,0
53342,1,0,0,0,0
53343,1,0,0,0,0
53344,1,0,0,0,0
53345,1,0,0,0,0
53346,1,0,0,0,0
53347,1,0,0,0,0
53348,1,0,0,0,0
53349,1,0,0,0,0
53350,1,0,0,0,0
53351,1,0,0,0,0
53352,1,0,0,0,0
53353,1,0,0,0,0
53354,1,0,0,0,0
53355,1,0,0,0,0
53356,1,0,0,0,0
53357,1,0,0,0,0
53358,1,0,0,0,0
53359,1,0,0,0,0
53360,1,0,0,0,0
53361,1,0,0,0,0
53362,1,0,0,0,0
53363,1,0,0,0,0
53364,1,0,0,0,0
53365,1,0,0,0,0
53366,1,0,0,0,0
53367,1,0,0,0,0
53368,1,0,0,0,0
53369,1,0,0,0,0
53370,1,0,0,0,0
53371,1,0,0,0,0
53372,1,0,0,0,0
53373,1,0,0,0,0
53374,1,0,0,0,0
53375,1,0,0,0,0
53376,1,0,0,0,0
53377,1,0,0,0,0
53378,1,0,0,0,0
53379,1,0,0,0,0
53380,1,0,0,0,0
53381,1,0,0,0,0
53382,1,0,0,0,0
53383,1,0,0,0,0
53384,1,0,0,0,0
53385,1,0,0,0,0
53386,1,0,0,0,0
53387,1,0,0,0,0
53388,1,0,0,0,0
53389,1,0,0,0,0
53390,1,0,0,0,0
53391,1,0,0,0,0
53392,1,0,0,0,0
53393,1,0,0,0,0
53394,1,0,0,0,0
53395,1,0,0,0,0
53396,1,0,0,0,0
53397,1,0,0,0,0
53398,1,0,0,0,0
53399,1,0,0,0,0
53400,1,0,0,0,0
53401,1,0,0,0,0
53402,1,0,0,0,0
53403,1,0,0,0,0
53404,1,0,0,0,0
53405,1,0,0,0,0
53406,1,0,0,0,0
53407,1,0,0,0,0
53408,1,0,0,0,0
53409,1,0,0,0,0
53410,1,0,0,0,0
53411,1,0,0,0,0
53412,1,0,0,0,0
53413,1,0,0,0,0
53414,1,0,0,0,0
53415,1,0,0,0,0
53416,1,0,0,0,0
53417,1,0,0,0,0
53418,1,0,0,0,0
53419,1,0,0,0,0
53420,1,0,0,0,0
53421,1,0,0,0,0
53422,1,0,0,0,0
53423,1,0,0,0,0
53424,1,0,0,0,0
53425,1,0,0,0,0
53426,1,0,0,0,0
53427,1,0,0,0,0
53428,1,0,0,0,0
53429,1,0,0,0,0
53430,1,0,0,0,0
53431,1,0,0,0,0
53432,1,0,0,0,0
53433,1,0,0,0,0
53434,1,0,0,0,0
53435,1,0,0,0,0
53436,1,0,0,0,0
53437,1,0,0,0,0
53438,1,0,0,0,0
53439,1,0,0,0,0
53440,1,0,0,0,0
53441,1,0,0,0,0
53442,1,0,0,0,0
53443,1,0,0,0,0
53444,1,0,0,0,0
53445,1,0,0,0,0
53446,1,0,0,0,0
53447,1,0,0,0,0
53448,1,0,0,0,0
53449,1,0,0,0,0
53450,1,0,0,0,0
53451,1,0,0,0,0
53452,1,0,0,0,0
53453,1,0,0,0,0
53454,1,0,0,0,0
53455,1,0,0,0,0
53456,1,0,0,0,0
53457,1,0,0,0,0
53458,1,0,0,0,0
53459,1,0,0,0,0
53460,1,0,0,0,0
53461,1,0,0,0,0
53462,1,0,0,0,0
53463,1,0,0,0,0
53464,1,0,0,0,0
53465,1,0,0,0,0
53466,1,0,0,0,0
53467,1,0,0,0,0
53468,1,0,0,0,0
53469,1,0,0,0,0
53470,1,0,0,0,0
53471,1,0,0,0,0
53472,1,0,0,0,0
53473,1,0,0,0,0
53474,1,0,0,0,0
53475,1,0,0,0,0
53476,1,0,0,0,0
53477,1,0,0,0,0
53478,1,0,0,0,0
53479,1,0,0,0,0
53480,1,0,0,0,0
53481,1,0,0,0,0
53482,1,0,0,0,0
53483,1,0,0,0,0
53484,1,0,0,0,0
53485,1,0,0,0,0
53486,1,0,0,0,0
53487,1,0,0,0,0
53488,1,0,0,0,0
53489,1,0,0,0,0
53490,1,0,0,0,0
53491,1,0,0,0,0
53492,1,0,0,0,0
53493,1,0,0,0,0
53494,1,0,0,0,0
53495,1,0,0,0,0
53496,1,0,0,0,0
53497,1,0,0,0,0
53498,1,0,0,0,0
53499,1,0,0,0,0
53500,1,0,0,0,0
53501,1,0,0,0,0
53502,1,0,0,0,0
53503,1,0,0,0,0
53504,1,0,0,0,0
53505,1,0,0,0,0
53506,1,0,0,0,0
53507,1,0,0,0,0
53508,1,0,0,0,0
53509,1,0,0,0,0
53510,1,0,0,0,0
53511,1,0,0,0,0
53512,1,0,0,0,0
53513,1,0,0,0,0
53514,1,0,0,0,0
53515,1,0,0,0,0
53516,1,0,0,0,0
53517,1,0,0,0,0
53518,1,0,0,0,0
53519,1,0,0,0,0
53520,1,0,0,0,0
53521,1,0,0,0,0
53522,1,0,0,0,0
53523,1,0,0,0,0
53524,1,0,0,0,0
53525,1,0,0,0,0
53526,1,0,0,0,0
53527,1,0,0,0,0
53528,1,0,0,0,0
53529,1,0,0,0,0
53530,1,0,0,0,0
53531,1,0,0,0,0
53532,1,0,0,0,0
53533,1,0,0,0,0
53534,1,0,0,0,0
53535,1,0,0,0,0
53536,1,0,0,0,0
53537,1,0,0,0,0
53538,1,0,0,0,0
53539,1,0,0,0,0
53540,1,0,0,0,0
53541,1,0,0,0,0
53542,1,0,0,0,0
53543,1,0,0,0,0
53544,1,0,0,0,0
53545,1,0,0,0,0
53546,1,0,0,0,0
53547,1,0,0,0,0
53548,1,0,0,0,0
53549,1,0,0,0,0
53550,1,0,0,0,0
53551,1,0,0,0,0
53552,1,0,0,0,0
53553,1,0,0,0,0
53554,1,0,0,0,0
53555,1,0,0,0,0
53556,1,0,0,0,0
53557,1,0,0,0,0
53558,1,0,0,0,0
53559,1,0,0,0,0
53560,1,0,0,0,0
53561,1,0,0,0,0
53562,1,0,0,0,0
53563,1,0,0,0,0
53564,1,0,0,0,0
53565,1,0,0,0,0
53566,1,0,0,0,0
53567,1,0,0,0,0
53568,1,0,0,0,0
53569,1,0,0,0,0
53570,1,0,0,0,0
53571,1,0,0,0,0
53572,1,0,0,0,0
53573,1,0,0,0,0
53574,1,0,0,0,0
53575,1,0,0,0,0
53576,1,0,0,0,0
53577,1,0,0,0,0
53578,1,0,0,0,0
53579,1,0,0,0,0
53580,0,0,0,0,1
53581,0,0,0,0,1
53582,0,0,0,0,1
53583,0,0,0,0,1
53584,0,0,0,0,1
53585,0,0,0,0,1
53586,0,0,0,0,1
53587,0,0,0,0,1
53588,0,0,0,0,1
53589,0,0,0,0,1
53590,0,0,0,0,1
53591,0,0,0,0,1
53592,0,0,0,0,1
53593,0,0,0,0,1
53594,0,0,0,0,1
53595,0,0,0,0,1
53596,0,0,0,0,1
53597,0,0,0,0,1
53598,0,0,0,0,1
53599,0,0,0,0,1
53600,0,0,0,0,1
53601,0,0,0,0,1
53602,0,0,0,0,1
53603,0,0,0,0,1
53604,0,0,0,0,1
53605,0,0,0,0,1
53606,0,0,0,0,1
53607,0,0,0,0,1
53608,0,0,0,0,1
53609,0,0,0,0,1
53610,0,0,0,0,1
53611,0,0,0,0,1
53612,0,0,0,0,1
53613,0,0,0,0,1
53614,0,0,0,0,1
53615,0,0,0,0,1
53616,0,0,0,0,1
53617,0,0,0,0,1
53618,0,0,0,0,1
53619,0,0,0,0,1
53620,0,0,0,0,1
53621,0,0,0,0,1
53622,0,0,0,0,1
53623,1,0,0,0,0
53624,1,0,0,0,0
53625,1,0,0,0,0
53626,1,0,0,0,0
53627,1,0,0,0,0
53628,1,0,0,0,0
53629,1,0,0,0,0
53630,1,0,0,0,0
53631,1,0,0,0,0
53632,1,0,0,0,0
53633,1,0,0,0,0
53634,1,0,0,0,0
53635,1,0,0,0,0
53636,1,0,0,0,0
53637,1,0,0,0,0
53638,1,0,0,0,0
53639,1,0,0,0,0
53640,1,0,0,0,0
53641,1,0,0,0,0
53642,1,0,0,0,0
53643,1,0,0,0,0
53644,1,0,0,0,0
53645,1,0,0,0,0
53646,1,0,0,0,0
53647,1,0,0,0,0
53648,1,0,0,0,0
53649,1,0,0,0,0
53650,1,0,0,0,0
53651,1,0,0,0,0
53652,0,0,0,0,1
53653,0,0,0,0,1
53654,0,0,0,0,1
53655,0,0,0,0,1
53656,0,0,0,0,1
53657,0,0,0,0,1
53658,0,0,0,0,1
53659,0,0,0,0,1
53660,0,0,0,0,1
53661,0,0,0,0,1
53662,0,0,0,0,1
53663,0,0,0,0,1
53664,0,0,0,0,1
53665,0,0,0,0,1
53666,0,0,0,0,1
53667,0,0,0,0,1
53668,0,0,0,0,1
53669,0,0,0,0,1
53670,0,0,0,0,1
53671,0,0,0,0,1
53672,0,0,0,0,1
53673,0,0,0,0,1
53674,0,0,0,0,1
53675,0,0,0,0,1
53676,0,0,0,0,1
53677,0,0,0,0,1
53678,0,0,0,0,1
53679,0,0,0,0,1
53680,0,0,0,0,1
53681,0,0,0,0,1
53682,0,0,0,0,1
53683,1,0,0,0,0
53684,1,0,0,0,0
53685,1,0,0,0,0
53686,1,0,0,0,0
53687,1,0,0,0,0
53688,1,0,0,0,0
53689,1,0,0,0,0
53690,1,0,0,0,0
53691,1,0,0,0,0
53692,1,0,0,0,0
53693,1,0,0,0,0
53694,1,0,0,0,0
53695,1,0,0,0,0
53696,1,0,0,0,0
53697,1,0,0,0,0
53698,1,0,0,0,0
53699,1,0,0,0,0
53700,1,0,0,0,0
53701,1,0,0,0,0
53702,1,0,0,0,0
53703,1,0,0,0,0
53704,1,0,0,0,0
53705,1,0,0,0,0
53706,1,0,0,0,0
53707,1,0,0,0,0
53708,1,0,0,0,0
53709,1,0,0,0,0
53710,1,0,0,0,0
53711,1,0,0,0,0
53712,1,0,0,0,0
53713,1,0,0,0,0
53714,1,0,0,0,0
53715,1,0,0,0,0
53716,1,0,0,0,0
53717,1,0,0,0,0
53718,1,0,0,0,0
53719,1,0,0,0,0
53720,1,0,0,0,0
53721,1,0,0,0,0
53722,1,0,0,0,0
53723,1,0,0,0,0
53724,1,0,0,0,0
53725,1,0,0,0,0
53726,1,0,0,0,0
53727,1,0,0,0,0
53728,1,0,0,0,0
53729,1,0,0,0,0
53730,1,0,0,0,0
53731,1,0,0,0,0
53732,1,0,0,0,0
53733,1,0,0,0,0
53734,1,0,0,0,0
53735,1,0,0,0,0
53736,1,0,0,0,0
53737,1,0,0,0,0
53738,1,0,0,0,0
53739,1,0,0,0,0
53740,1,0,0,0,0
53741,1,0,0,0,0
53742,1,0,0,0,0
53743,1,0,0,0,0
53744,1,0,0,0,0
53745,1,0,0,0,0
53746,1,0,0,0,0
53747,1,0,0,0,0
53748,1,0,0,0,0
53749,1,0,0,0,0
53750,1,0,0,0,0
53751,1,0,0,0,0
53752,1,0,0,0,0
53753,1,0,0,0,0
53754,1,0,0,0,0
53755,1,0,0,0,0
53756,1,0,0,0,0
53757,1,0,0,0,0
53758,1,0,0,0,0
53759,1,0,0,0,0
53760,1,0,0,0,0
53761,1,0,0,0,0
53762,1,0,0,0,0
53763,1,0,0,0,0
53764,1,0,0,0,0
53765,1,0,0,0,0
53766,1,0,0,0,0
53767,1,0,0,0,0
53768,1,0,0,0,0
53769,1,0,0,0,0
53770,1,0,0,0,0
53771,1,0,0,0,0
53772,1,0,0,0,0
53773,1,0,0,0,0
53774,1,0,0,0,0
53775,1,0,0,0,0
53776,1,0,0,0,0
53777,1,0,0,0,0
53778,1,0,0,0,0
53779,1,0,0,0,0
53780,1,0,0,0,0
53781,1,0,0,0,0
53782,1,0,0,0,0
53783,1,0,0,0,0
53784,1,0,0,0,0
53785,1,0,0,0,0
53786,1,0,0,0,0
53787,1,0,0,0,0
53788,1,0,0,0,0
53789,1,0,0,0,0
53790,1,0,0,0,0
53791,1,0,0,0,0
53792,1,0,0,0,0
53793,1,0,0,0,0
53794,1,0,0,0,0
53795,1,0,0,0,0
53796,1,0,0,0,0
53797,1,0,0,0,0
53798,1,0,0,0,0
53799,1,0,0,0,0
53800,1,0,0,0,0
53801,1,0,0,0,0
53802,1,0,0,0,0
53803,1,0,0,0,0
53804,1,0,0,0,0
53805,1,0,0,0,0
53806,1,0,0,0,0
53807,1,0,0,0,0
53808,1,0,0,0,0
53809,1,0,0,0,0
53810,1,0,0,0,0
53811,1,0,0,0,0
53812,1,0,0,0,0
53813,1,0,0,0,0
53814,1,0,0,0,0
53815,1,0,0,0,0
53816,1,0,0,0,0
53817,1,0,0,0,0
53818,1,0,0,0,0
53819,1,0,0,0,0
53820,1,0,0,0,0
53821,1,0,0,0,0
53822,1,0,0,0,0
53823,1,0,0,0,0
53824,1,0,0,0,0
53825,1,0,0,0,0
53826,1,0,0,0,0
53827,1,0,0,0,0
53828,1,0,0,0,0
53829,1,0,0,0,0
53830,1,0,0,0,0
53831,1,0,0,0,0
53832,1,0,0,0,0
53833,1,0,0,0,0
53834,1,0,0,0,0
53835,1,0,0,0,0
53836,1,0,0,0,0
53837,1,0,0,0,0
53838,1,0,0,0,0
53839,1,0,0,0,0
53840,1,0,0,0,0
53841,1,0,0,0,0
53842,1,0,0,0,0
53843,1,0,0,0,0
53844,1,0,0,0,0
53845,1,0,0,0,0
53846,1,0,0,0,0
53847,1,0,0,0,0
53848,1,0,0,0,0
53849,1,0,0,0,0
53850,1,0,0,0,0
53851,1,0,0,0,0
53852,1,0,0,0,0
53853,1,0,0,0,0
53854,1,0,0,0,0
53855,1,0,0,0,0
53856,1,0,0,0,0
53857,1,0,0,0,0
53858,1,0,0,0,0
53859,1,0,0,0,0
53860,1,0,0,0,0
53861,1,0,0,0,0
53862,1,0,0,0,0
53863,1,0,0,0,0
53864,1,0,0,0,0
53865,1,0,0,0,0
53866,1,0,0,0,0
53867,1,0,0,0,0
53868,1,0,0,0,0
53869,1,0,0,0,0
53870,1,0,0,0,0
53871,1,0,0,0,0
53872,1,0,0,0,0
53873,1,0,0,0,0
53874,1,0,0,0,0
53875,1,0,0,0,0
53876,1,0,0,0,0
53877,1,0,0,0,0
53878,1,0,0,0,0
53879,1,0,0,0,0
53880,1,0,0,0,0
53881,1,0,0,0,0
53882,1,0,0,0,0
53883,1,0,0,0,0
53884,1,0,0,0,0
53885,1,0,0,0,0
53886,1,0,0,0,0
53887,1,0,0,0,0
53888,1,0,0,0,0
53889,1,0,0,0,0
53890,1,0,0,0,0
53891,1,0,0,0,0
53892,1,0,0,0,0
53893,1,0,0,0,0
53894,1,0,0,0,0
53895,1,0,0,0,0
53896,1,0,0,0,0
53897,1,0,0,0,0
53898,1,0,0,0,0
53899,1,0,0,0,0
53900,1,0,0,0,0
53901,1,0,0,0,0
53902,1,0,0,0,0
53903,1,0,0,0,0
53904,1,0,0,0,0
53905,1,0,0,0,0
53906,1,0,0,0,0
53907,1,0,0,0,0
53908,1,0,0,0,0
53909,1,0,0,0,0
53910,1,0,0,0,0
53911,1,0,0,0,0
53912,1,0,0,0,0
53913,1,0,0,0,0
53914,1,0,0,0,0
53915,1,0,0,0,0
53916,1,0,0,0,0
53917,1,0,0,0,0
53918,1,0,0,0,0
53919,1,0,0,0,0
53920,1,0,0,0,0
53921,1,0,0,0,0
53922,1,0,0,0,0
53923,1,0,0,0,0
53924,1,0,0,0,0
53925,1,0,0,0,0
53926,1,0,0,0,0
53927,1,0,0,0,0
53928,1,0,0,0,0
53929,1,0,0,0,0
53930,1,0,0,0,0
53931,1,0,0,0,0
53932,1,0,0,0,0
53933,1,0,0,0,0
53934,1,0,0,0,0
53935,1,0,0,0,0
53936,1,0,0,0,0
53937,1,0,0,0,0
53938,1,0,0,0,0
53939,1,0,0,0,0
53940,1,0,0,0,0
53941,1,0,0,0,0
53942,1,0,0,0,0
53943,1,0,0,0,0
53944,1,0,0,0,0
53945,1,0,0,0,0
53946,1,0,0,0,0
53947,1,0,0,0,0
53948,1,0,0,0,0
53949,1,0,0,0,0
53950,1,0,0,0,0
53951,1,0,0,0,0
53952,1,0,0,0,0
53953,1,0,0,0,0
53954,1,0,0,0,0
53955,1,0,0,0,0
53956,1,0,0,0,0
53957,1,0,0,0,0
53958,1,0,0,0,0
53959,1,0,0,0,0
53960,1,0,0,0,0
53961,1,0,0,0,0
53962,1,0,0,0,0
53963,1,0,0,0,0
53964,1,0,0,0,0
53965,1,0,0,0,0
53966,1,0,0,0,0
53967,1,0,0,0,0
53968,1,0,0,0,0
53969,1,0,0,0,0
53970,1,0,0,0,0
53971,1,0,0,0,0
53972,1,0,0,0,0
53973,1,0,0,0,0
53974,1,0,0,0,0
53975,1,0,0,0,0
53976,1,0,0,0,0
53977,1,0,0,0,0
53978,1,0,0,0,0
53979,1,0,0,0,0
53980,1,0,0,0,0
53981,1,0,0,0,0
53982,1,0,0,0,0
53983,1,0,0,0,0
53984,0,0,0,0,1
53985,0,0,0,0,1
53986,0,0,0,0,1
53987,0,0,0,0,1
53988,0,0,0,0,1
53989,0,0,0,0,1
53990,0,0,0,0,1
53991,0,0,0,0,1
53992,0,0,0,0,1
53993,0,0,0,0,1
53994,0,0,0,0,1
53995,0,0,0,0,1
53996,0,0,0,0,1
53997,0,0,0,0,1
53998,0,0,0,0,1
53999,0,0,0,0,1
54000,0,0,0,0,1
54001,0,0,0,0,1
54002,0,0,0,0,1
54003,0,0,0,0,1
54004,0,0,0,0,1
54005,0,0,0,0,1
54006,0,0,0,0,1
54007,0,0,0,0,1
54008,0,0,0,0,1
54009,0,0,0,0,1
54010,0,0,0,0,1
54011,0,0,0,0,1
54012,0,0,0,0,1
54013,0,0,0,0,1
54014,0,0,0,0,1
54015,0,0,0,0,1
54016,0,0,0,0,1
54017,0,0,0,0,1
54018,0,0,0,0,1
54019,0,0,0,0,1
54020,0,0,0,0,1
54021,0,0,0,0,1
54022,0,0,0,0,1
54023,0,0,0,0,1
54024,0,0,0,0,1
54025,0,0,0,0,1
54026,0,0,0,0,1
54027,0,0,0,0,1
54028,0,0,0,0,1
54029,0,0,0,0,1
54030,0,0,0,0,1
54031,0,0,0,0,1
54032,0,0,0,0,1
54033,0,0,0,0,1
54034,0,0,0,0,1
54035,0,0,0,0,1
54036,0,0,0,0,1
54037,0,0,0,0,1
54038,0,0,0,0,1
54039,0,0,0,0,1
54040,0,0,0,0,1
54041,0,0,0,0,1
54042,0,0,0,0,1
54043,0,0,0,0,1
54044,0,0,0,0,1
54045,0,0,0,0,1
54046,0,0,0,0,1
54047,0,0,0,0,1
54048,0,0,0,0,1
54049,0,0,0,0,1
54050,0,0,0,0,1
54051,0,0,0,0,1
54052,0,0,0,0,1
54053,0,0,0,0,1
54054,0,0,0,0,1
54055,0,0,0,0,1
54056,0,0,0,0,1
54057,0,0,0,0,1
54058,0,0,0,0,1
54059,0,0,0,0,1
54060,0,0,0,0,1
54061,0,0,0,0,1
54062,0,0,0,0,1
54063,0,0,0,0,1
54064,0,0,0,0,1
54065,0,0,0,0,1
54066,0,0,0,0,1
54067,0,0,0,0,1
54068,0,0,0,0,1
54069,0,0,0,0,1
54070,0,0,0,0,1
54071,0,0,0,0,1
54072,0,0,0,0,1
54073,0,0,0,0,1
54074,0,0,0,0,1
54075,0,0,0,0,1
54076,0,0,0,0,1
54077,0,0,0,0,1
54078,0,0,0,0,1
54079,0,0,0,0,1
54080,0,0,0,0,1
54081,0,0,0,0,1
54082,0,0,0,0,1
54083,0,0,0,0,1
54084,0,0,0,0,1
54085,0,0,0,0,1
54086,0,0,0,0,1
54087,0,0,0,0,1
54088,0,0,0,0,1
54089,0,0,0,0,1
54090,0,0,0,0,1
54091,0,0,0,0,1
