,background,Supportedrearing,Unsupportedrearing,Grooming,Digging
0,1,0,0,0,0
1,1,0,0,0,0
2,1,0,0,0,0
3,1,0,0,0,0
4,1,0,0,0,0
5,1,0,0,0,0
6,1,0,0,0,0
7,1,0,0,0,0
8,1,0,0,0,0
9,1,0,0,0,0
10,1,0,0,0,0
11,1,0,0,0,0
12,1,0,0,0,0
13,1,0,0,0,0
14,1,0,0,0,0
15,1,0,0,0,0
16,1,0,0,0,0
17,1,0,0,0,0
18,1,0,0,0,0
19,1,0,0,0,0
20,1,0,0,0,0
21,1,0,0,0,0
22,1,0,0,0,0
23,1,0,0,0,0
24,1,0,0,0,0
25,1,0,0,0,0
26,1,0,0,0,0
27,1,0,0,0,0
28,1,0,0,0,0
29,1,0,0,0,0
30,1,0,0,0,0
31,1,0,0,0,0
32,1,0,0,0,0
33,1,0,0,0,0
34,1,0,0,0,0
35,1,0,0,0,0
36,1,0,0,0,0
37,1,0,0,0,0
38,1,0,0,0,0
39,1,0,0,0,0
40,1,0,0,0,0
41,1,0,0,0,0
42,1,0,0,0,0
43,1,0,0,0,0
44,1,0,0,0,0
45,1,0,0,0,0
46,1,0,0,0,0
47,1,0,0,0,0
48,1,0,0,0,0
49,1,0,0,0,0
50,1,0,0,0,0
51,1,0,0,0,0
52,1,0,0,0,0
53,1,0,0,0,0
54,1,0,0,0,0
55,1,0,0,0,0
56,1,0,0,0,0
57,1,0,0,0,0
58,1,0,0,0,0
59,1,0,0,0,0
60,1,0,0,0,0
61,1,0,0,0,0
62,1,0,0,0,0
63,1,0,0,0,0
64,1,0,0,0,0
65,1,0,0,0,0
66,1,0,0,0,0
67,1,0,0,0,0
68,1,0,0,0,0
69,1,0,0,0,0
70,1,0,0,0,0
71,1,0,0,0,0
72,1,0,0,0,0
73,1,0,0,0,0
74,1,0,0,0,0
75,1,0,0,0,0
76,1,0,0,0,0
77,1,0,0,0,0
78,1,0,0,0,0
79,1,0,0,0,0
80,1,0,0,0,0
81,1,0,0,0,0
82,1,0,0,0,0
83,1,0,0,0,0
84,1,0,0,0,0
85,1,0,0,0,0
86,1,0,0,0,0
87,1,0,0,0,0
88,1,0,0,0,0
89,1,0,0,0,0
90,1,0,0,0,0
91,1,0,0,0,0
92,1,0,0,0,0
93,1,0,0,0,0
94,1,0,0,0,0
95,1,0,0,0,0
96,1,0,0,0,0
97,1,0,0,0,0
98,1,0,0,0,0
99,1,0,0,0,0
100,1,0,0,0,0
101,1,0,0,0,0
102,1,0,0,0,0
103,1,0,0,0,0
104,1,0,0,0,0
105,1,0,0,0,0
106,1,0,0,0,0
107,1,0,0,0,0
108,1,0,0,0,0
109,1,0,0,0,0
110,1,0,0,0,0
111,1,0,0,0,0
112,1,0,0,0,0
113,1,0,0,0,0
114,1,0,0,0,0
115,1,0,0,0,0
116,1,0,0,0,0
117,1,0,0,0,0
118,1,0,0,0,0
119,1,0,0,0,0
120,1,0,0,0,0
121,1,0,0,0,0
122,1,0,0,0,0
123,1,0,0,0,0
124,1,0,0,0,0
125,1,0,0,0,0
126,1,0,0,0,0
127,1,0,0,0,0
128,1,0,0,0,0
129,1,0,0,0,0
130,1,0,0,0,0
131,1,0,0,0,0
132,1,0,0,0,0
133,1,0,0,0,0
134,1,0,0,0,0
135,1,0,0,0,0
136,1,0,0,0,0
137,1,0,0,0,0
138,1,0,0,0,0
139,1,0,0,0,0
140,1,0,0,0,0
141,1,0,0,0,0
142,1,0,0,0,0
143,1,0,0,0,0
144,1,0,0,0,0
145,1,0,0,0,0
146,1,0,0,0,0
147,1,0,0,0,0
148,1,0,0,0,0
149,1,0,0,0,0
150,1,0,0,0,0
151,1,0,0,0,0
152,1,0,0,0,0
153,1,0,0,0,0
154,1,0,0,0,0
155,1,0,0,0,0
156,1,0,0,0,0
157,1,0,0,0,0
158,1,0,0,0,0
159,1,0,0,0,0
160,1,0,0,0,0
161,1,0,0,0,0
162,1,0,0,0,0
163,1,0,0,0,0
164,1,0,0,0,0
165,1,0,0,0,0
166,1,0,0,0,0
167,1,0,0,0,0
168,1,0,0,0,0
169,1,0,0,0,0
170,1,0,0,0,0
171,1,0,0,0,0
172,1,0,0,0,0
173,1,0,0,0,0
174,1,0,0,0,0
175,1,0,0,0,0
176,1,0,0,0,0
177,1,0,0,0,0
178,1,0,0,0,0
179,1,0,0,0,0
180,1,0,0,0,0
181,1,0,0,0,0
182,1,0,0,0,0
183,1,0,0,0,0
184,1,0,0,0,0
185,1,0,0,0,0
186,1,0,0,0,0
187,1,0,0,0,0
188,1,0,0,0,0
189,1,0,0,0,0
190,1,0,0,0,0
191,1,0,0,0,0
192,1,0,0,0,0
193,1,0,0,0,0
194,1,0,0,0,0
195,1,0,0,0,0
196,1,0,0,0,0
197,1,0,0,0,0
198,1,0,0,0,0
199,1,0,0,0,0
200,1,0,0,0,0
201,1,0,0,0,0
202,1,0,0,0,0
203,1,0,0,0,0
204,1,0,0,0,0
205,1,0,0,0,0
206,1,0,0,0,0
207,1,0,0,0,0
208,1,0,0,0,0
209,1,0,0,0,0
210,1,0,0,0,0
211,1,0,0,0,0
212,1,0,0,0,0
213,1,0,0,0,0
214,1,0,0,0,0
215,1,0,0,0,0
216,1,0,0,0,0
217,1,0,0,0,0
218,1,0,0,0,0
219,1,0,0,0,0
220,1,0,0,0,0
221,1,0,0,0,0
222,1,0,0,0,0
223,1,0,0,0,0
224,1,0,0,0,0
225,1,0,0,0,0
226,1,0,0,0,0
227,1,0,0,0,0
228,1,0,0,0,0
229,1,0,0,0,0
230,1,0,0,0,0
231,1,0,0,0,0
232,1,0,0,0,0
233,1,0,0,0,0
234,1,0,0,0,0
235,1,0,0,0,0
236,1,0,0,0,0
237,1,0,0,0,0
238,1,0,0,0,0
239,1,0,0,0,0
240,1,0,0,0,0
241,1,0,0,0,0
242,1,0,0,0,0
243,1,0,0,0,0
244,1,0,0,0,0
245,1,0,0,0,0
246,1,0,0,0,0
247,1,0,0,0,0
248,1,0,0,0,0
249,1,0,0,0,0
250,1,0,0,0,0
251,1,0,0,0,0
252,1,0,0,0,0
253,1,0,0,0,0
254,1,0,0,0,0
255,1,0,0,0,0
256,1,0,0,0,0
257,1,0,0,0,0
258,1,0,0,0,0
259,1,0,0,0,0
260,1,0,0,0,0
261,1,0,0,0,0
262,1,0,0,0,0
263,1,0,0,0,0
264,1,0,0,0,0
265,1,0,0,0,0
266,1,0,0,0,0
267,1,0,0,0,0
268,1,0,0,0,0
269,1,0,0,0,0
270,1,0,0,0,0
271,1,0,0,0,0
272,1,0,0,0,0
273,1,0,0,0,0
274,1,0,0,0,0
275,1,0,0,0,0
276,1,0,0,0,0
277,1,0,0,0,0
278,1,0,0,0,0
279,1,0,0,0,0
280,1,0,0,0,0
281,1,0,0,0,0
282,1,0,0,0,0
283,1,0,0,0,0
284,1,0,0,0,0
285,1,0,0,0,0
286,1,0,0,0,0
287,1,0,0,0,0
288,1,0,0,0,0
289,1,0,0,0,0
290,1,0,0,0,0
291,1,0,0,0,0
292,1,0,0,0,0
293,1,0,0,0,0
294,1,0,0,0,0
295,1,0,0,0,0
296,1,0,0,0,0
297,1,0,0,0,0
298,1,0,0,0,0
299,1,0,0,0,0
300,1,0,0,0,0
301,1,0,0,0,0
302,1,0,0,0,0
303,1,0,0,0,0
304,1,0,0,0,0
305,1,0,0,0,0
306,1,0,0,0,0
307,1,0,0,0,0
308,1,0,0,0,0
309,1,0,0,0,0
310,1,0,0,0,0
311,1,0,0,0,0
312,1,0,0,0,0
313,1,0,0,0,0
314,1,0,0,0,0
315,1,0,0,0,0
316,1,0,0,0,0
317,1,0,0,0,0
318,1,0,0,0,0
319,1,0,0,0,0
320,1,0,0,0,0
321,1,0,0,0,0
322,1,0,0,0,0
323,1,0,0,0,0
324,1,0,0,0,0
325,1,0,0,0,0
326,1,0,0,0,0
327,1,0,0,0,0
328,1,0,0,0,0
329,1,0,0,0,0
330,1,0,0,0,0
331,1,0,0,0,0
332,1,0,0,0,0
333,1,0,0,0,0
334,1,0,0,0,0
335,1,0,0,0,0
336,1,0,0,0,0
337,1,0,0,0,0
338,1,0,0,0,0
339,1,0,0,0,0
340,1,0,0,0,0
341,1,0,0,0,0
342,1,0,0,0,0
343,1,0,0,0,0
344,1,0,0,0,0
345,1,0,0,0,0
346,1,0,0,0,0
347,1,0,0,0,0
348,1,0,0,0,0
349,1,0,0,0,0
350,1,0,0,0,0
351,1,0,0,0,0
352,1,0,0,0,0
353,1,0,0,0,0
354,1,0,0,0,0
355,1,0,0,0,0
356,1,0,0,0,0
357,1,0,0,0,0
358,1,0,0,0,0
359,1,0,0,0,0
360,1,0,0,0,0
361,1,0,0,0,0
362,1,0,0,0,0
363,1,0,0,0,0
364,1,0,0,0,0
365,1,0,0,0,0
366,1,0,0,0,0
367,1,0,0,0,0
368,1,0,0,0,0
369,1,0,0,0,0
370,1,0,0,0,0
371,1,0,0,0,0
372,1,0,0,0,0
373,1,0,0,0,0
374,1,0,0,0,0
375,1,0,0,0,0
376,1,0,0,0,0
377,1,0,0,0,0
378,1,0,0,0,0
379,1,0,0,0,0
380,1,0,0,0,0
381,1,0,0,0,0
382,1,0,0,0,0
383,1,0,0,0,0
384,1,0,0,0,0
385,1,0,0,0,0
386,1,0,0,0,0
387,1,0,0,0,0
388,1,0,0,0,0
389,1,0,0,0,0
390,1,0,0,0,0
391,1,0,0,0,0
392,1,0,0,0,0
393,1,0,0,0,0
394,1,0,0,0,0
395,1,0,0,0,0
396,1,0,0,0,0
397,1,0,0,0,0
398,1,0,0,0,0
399,1,0,0,0,0
400,1,0,0,0,0
401,1,0,0,0,0
402,1,0,0,0,0
403,1,0,0,0,0
404,1,0,0,0,0
405,1,0,0,0,0
406,1,0,0,0,0
407,1,0,0,0,0
408,1,0,0,0,0
409,1,0,0,0,0
410,1,0,0,0,0
411,1,0,0,0,0
412,1,0,0,0,0
413,1,0,0,0,0
414,1,0,0,0,0
415,1,0,0,0,0
416,1,0,0,0,0
417,1,0,0,0,0
418,1,0,0,0,0
419,1,0,0,0,0
420,1,0,0,0,0
421,1,0,0,0,0
422,1,0,0,0,0
423,1,0,0,0,0
424,1,0,0,0,0
425,1,0,0,0,0
426,1,0,0,0,0
427,1,0,0,0,0
428,1,0,0,0,0
429,1,0,0,0,0
430,1,0,0,0,0
431,1,0,0,0,0
432,1,0,0,0,0
433,1,0,0,0,0
434,1,0,0,0,0
435,1,0,0,0,0
436,1,0,0,0,0
437,1,0,0,0,0
438,1,0,0,0,0
439,1,0,0,0,0
440,1,0,0,0,0
441,1,0,0,0,0
442,1,0,0,0,0
443,1,0,0,0,0
444,1,0,0,0,0
445,1,0,0,0,0
446,1,0,0,0,0
447,1,0,0,0,0
448,1,0,0,0,0
449,1,0,0,0,0
450,1,0,0,0,0
451,1,0,0,0,0
452,1,0,0,0,0
453,1,0,0,0,0
454,1,0,0,0,0
455,1,0,0,0,0
456,1,0,0,0,0
457,1,0,0,0,0
458,1,0,0,0,0
459,1,0,0,0,0
460,1,0,0,0,0
461,1,0,0,0,0
462,1,0,0,0,0
463,1,0,0,0,0
464,1,0,0,0,0
465,1,0,0,0,0
466,1,0,0,0,0
467,1,0,0,0,0
468,1,0,0,0,0
469,1,0,0,0,0
470,1,0,0,0,0
471,1,0,0,0,0
472,1,0,0,0,0
473,1,0,0,0,0
474,1,0,0,0,0
475,1,0,0,0,0
476,1,0,0,0,0
477,1,0,0,0,0
478,1,0,0,0,0
479,1,0,0,0,0
480,1,0,0,0,0
481,1,0,0,0,0
482,1,0,0,0,0
483,1,0,0,0,0
484,1,0,0,0,0
485,1,0,0,0,0
486,1,0,0,0,0
487,1,0,0,0,0
488,1,0,0,0,0
489,1,0,0,0,0
490,1,0,0,0,0
491,1,0,0,0,0
492,1,0,0,0,0
493,1,0,0,0,0
494,1,0,0,0,0
495,1,0,0,0,0
496,1,0,0,0,0
497,1,0,0,0,0
498,1,0,0,0,0
499,1,0,0,0,0
500,1,0,0,0,0
501,1,0,0,0,0
502,1,0,0,0,0
503,1,0,0,0,0
504,1,0,0,0,0
505,1,0,0,0,0
506,1,0,0,0,0
507,1,0,0,0,0
508,1,0,0,0,0
509,1,0,0,0,0
510,1,0,0,0,0
511,1,0,0,0,0
512,1,0,0,0,0
513,1,0,0,0,0
514,1,0,0,0,0
515,1,0,0,0,0
516,1,0,0,0,0
517,1,0,0,0,0
518,1,0,0,0,0
519,1,0,0,0,0
520,1,0,0,0,0
521,1,0,0,0,0
522,1,0,0,0,0
523,1,0,0,0,0
524,1,0,0,0,0
525,1,0,0,0,0
526,1,0,0,0,0
527,1,0,0,0,0
528,1,0,0,0,0
529,1,0,0,0,0
530,1,0,0,0,0
531,1,0,0,0,0
532,1,0,0,0,0
533,1,0,0,0,0
534,1,0,0,0,0
535,1,0,0,0,0
536,1,0,0,0,0
537,1,0,0,0,0
538,1,0,0,0,0
539,1,0,0,0,0
540,1,0,0,0,0
541,1,0,0,0,0
542,1,0,0,0,0
543,1,0,0,0,0
544,1,0,0,0,0
545,1,0,0,0,0
546,1,0,0,0,0
547,1,0,0,0,0
548,1,0,0,0,0
549,1,0,0,0,0
550,1,0,0,0,0
551,1,0,0,0,0
552,1,0,0,0,0
553,1,0,0,0,0
554,1,0,0,0,0
555,1,0,0,0,0
556,1,0,0,0,0
557,1,0,0,0,0
558,1,0,0,0,0
559,1,0,0,0,0
560,1,0,0,0,0
561,1,0,0,0,0
562,1,0,0,0,0
563,1,0,0,0,0
564,1,0,0,0,0
565,1,0,0,0,0
566,1,0,0,0,0
567,1,0,0,0,0
568,1,0,0,0,0
569,1,0,0,0,0
570,1,0,0,0,0
571,1,0,0,0,0
572,1,0,0,0,0
573,1,0,0,0,0
574,1,0,0,0,0
575,1,0,0,0,0
576,1,0,0,0,0
577,1,0,0,0,0
578,1,0,0,0,0
579,1,0,0,0,0
580,1,0,0,0,0
581,1,0,0,0,0
582,1,0,0,0,0
583,1,0,0,0,0
584,1,0,0,0,0
585,1,0,0,0,0
586,1,0,0,0,0
587,1,0,0,0,0
588,1,0,0,0,0
589,1,0,0,0,0
590,1,0,0,0,0
591,1,0,0,0,0
592,1,0,0,0,0
593,1,0,0,0,0
594,1,0,0,0,0
595,1,0,0,0,0
596,1,0,0,0,0
597,1,0,0,0,0
598,1,0,0,0,0
599,1,0,0,0,0
600,1,0,0,0,0
601,1,0,0,0,0
602,1,0,0,0,0
603,1,0,0,0,0
604,1,0,0,0,0
605,1,0,0,0,0
606,1,0,0,0,0
607,1,0,0,0,0
608,1,0,0,0,0
609,1,0,0,0,0
610,1,0,0,0,0
611,1,0,0,0,0
612,1,0,0,0,0
613,1,0,0,0,0
614,1,0,0,0,0
615,1,0,0,0,0
616,1,0,0,0,0
617,1,0,0,0,0
618,1,0,0,0,0
619,1,0,0,0,0
620,1,0,0,0,0
621,1,0,0,0,0
622,1,0,0,0,0
623,1,0,0,0,0
624,1,0,0,0,0
625,1,0,0,0,0
626,1,0,0,0,0
627,1,0,0,0,0
628,1,0,0,0,0
629,1,0,0,0,0
630,1,0,0,0,0
631,1,0,0,0,0
632,1,0,0,0,0
633,1,0,0,0,0
634,1,0,0,0,0
635,1,0,0,0,0
636,1,0,0,0,0
637,1,0,0,0,0
638,1,0,0,0,0
639,1,0,0,0,0
640,1,0,0,0,0
641,1,0,0,0,0
642,1,0,0,0,0
643,1,0,0,0,0
644,1,0,0,0,0
645,1,0,0,0,0
646,1,0,0,0,0
647,1,0,0,0,0
648,1,0,0,0,0
649,1,0,0,0,0
650,1,0,0,0,0
651,1,0,0,0,0
652,1,0,0,0,0
653,1,0,0,0,0
654,1,0,0,0,0
655,1,0,0,0,0
656,1,0,0,0,0
657,1,0,0,0,0
658,1,0,0,0,0
659,1,0,0,0,0
660,1,0,0,0,0
661,1,0,0,0,0
662,1,0,0,0,0
663,1,0,0,0,0
664,1,0,0,0,0
665,1,0,0,0,0
666,1,0,0,0,0
667,1,0,0,0,0
668,1,0,0,0,0
669,1,0,0,0,0
670,1,0,0,0,0
671,1,0,0,0,0
672,1,0,0,0,0
673,1,0,0,0,0
674,1,0,0,0,0
675,1,0,0,0,0
676,1,0,0,0,0
677,1,0,0,0,0
678,1,0,0,0,0
679,1,0,0,0,0
680,1,0,0,0,0
681,1,0,0,0,0
682,1,0,0,0,0
683,1,0,0,0,0
684,1,0,0,0,0
685,1,0,0,0,0
686,1,0,0,0,0
687,1,0,0,0,0
688,1,0,0,0,0
689,1,0,0,0,0
690,1,0,0,0,0
691,1,0,0,0,0
692,1,0,0,0,0
693,1,0,0,0,0
694,1,0,0,0,0
695,1,0,0,0,0
696,1,0,0,0,0
697,1,0,0,0,0
698,1,0,0,0,0
699,1,0,0,0,0
700,1,0,0,0,0
701,1,0,0,0,0
702,1,0,0,0,0
703,1,0,0,0,0
704,1,0,0,0,0
705,1,0,0,0,0
706,1,0,0,0,0
707,1,0,0,0,0
708,1,0,0,0,0
709,1,0,0,0,0
710,1,0,0,0,0
711,1,0,0,0,0
712,1,0,0,0,0
713,1,0,0,0,0
714,1,0,0,0,0
715,1,0,0,0,0
716,1,0,0,0,0
717,1,0,0,0,0
718,1,0,0,0,0
719,1,0,0,0,0
720,1,0,0,0,0
721,1,0,0,0,0
722,1,0,0,0,0
723,1,0,0,0,0
724,1,0,0,0,0
725,1,0,0,0,0
726,1,0,0,0,0
727,1,0,0,0,0
728,1,0,0,0,0
729,1,0,0,0,0
730,1,0,0,0,0
731,1,0,0,0,0
732,1,0,0,0,0
733,1,0,0,0,0
734,1,0,0,0,0
735,1,0,0,0,0
736,1,0,0,0,0
737,1,0,0,0,0
738,1,0,0,0,0
739,1,0,0,0,0
740,1,0,0,0,0
741,1,0,0,0,0
742,1,0,0,0,0
743,1,0,0,0,0
744,1,0,0,0,0
745,1,0,0,0,0
746,1,0,0,0,0
747,1,0,0,0,0
748,1,0,0,0,0
749,1,0,0,0,0
750,1,0,0,0,0
751,1,0,0,0,0
752,1,0,0,0,0
753,1,0,0,0,0
754,1,0,0,0,0
755,1,0,0,0,0
756,1,0,0,0,0
757,1,0,0,0,0
758,1,0,0,0,0
759,1,0,0,0,0
760,1,0,0,0,0
761,1,0,0,0,0
762,1,0,0,0,0
763,1,0,0,0,0
764,1,0,0,0,0
765,1,0,0,0,0
766,0,0,0,1,0
767,0,0,0,1,0
768,0,0,0,1,0
769,0,0,0,1,0
770,0,0,0,1,0
771,0,0,0,1,0
772,0,0,0,1,0
773,0,0,0,1,0
774,0,0,0,1,0
775,0,0,0,1,0
776,0,0,0,1,0
777,0,0,0,1,0
778,1,0,0,0,0
779,1,0,0,0,0
780,1,0,0,0,0
781,1,0,0,0,0
782,1,0,0,0,0
783,1,0,0,0,0
784,1,0,0,0,0
785,1,0,0,0,0
786,1,0,0,0,0
787,1,0,0,0,0
788,1,0,0,0,0
789,1,0,0,0,0
790,1,0,0,0,0
791,1,0,0,0,0
792,1,0,0,0,0
793,1,0,0,0,0
794,1,0,0,0,0
795,1,0,0,0,0
796,1,0,0,0,0
797,1,0,0,0,0
798,1,0,0,0,0
799,1,0,0,0,0
800,1,0,0,0,0
801,1,0,0,0,0
802,1,0,0,0,0
803,1,0,0,0,0
804,1,0,0,0,0
805,1,0,0,0,0
806,1,0,0,0,0
807,1,0,0,0,0
808,1,0,0,0,0
809,1,0,0,0,0
810,1,0,0,0,0
811,1,0,0,0,0
812,1,0,0,0,0
813,1,0,0,0,0
814,1,0,0,0,0
815,1,0,0,0,0
816,1,0,0,0,0
817,1,0,0,0,0
818,1,0,0,0,0
819,1,0,0,0,0
820,1,0,0,0,0
821,1,0,0,0,0
822,1,0,0,0,0
823,1,0,0,0,0
824,1,0,0,0,0
825,1,0,0,0,0
826,1,0,0,0,0
827,1,0,0,0,0
828,1,0,0,0,0
829,1,0,0,0,0
830,1,0,0,0,0
831,1,0,0,0,0
832,1,0,0,0,0
833,1,0,0,0,0
834,1,0,0,0,0
835,1,0,0,0,0
836,1,0,0,0,0
837,1,0,0,0,0
838,1,0,0,0,0
839,1,0,0,0,0
840,1,0,0,0,0
841,1,0,0,0,0
842,1,0,0,0,0
843,1,0,0,0,0
844,1,0,0,0,0
845,1,0,0,0,0
846,1,0,0,0,0
847,1,0,0,0,0
848,1,0,0,0,0
849,1,0,0,0,0
850,1,0,0,0,0
851,1,0,0,0,0
852,1,0,0,0,0
853,1,0,0,0,0
854,1,0,0,0,0
855,1,0,0,0,0
856,1,0,0,0,0
857,1,0,0,0,0
858,1,0,0,0,0
859,1,0,0,0,0
860,1,0,0,0,0
861,1,0,0,0,0
862,1,0,0,0,0
863,1,0,0,0,0
864,1,0,0,0,0
865,1,0,0,0,0
866,1,0,0,0,0
867,1,0,0,0,0
868,1,0,0,0,0
869,1,0,0,0,0
870,1,0,0,0,0
871,1,0,0,0,0
872,1,0,0,0,0
873,1,0,0,0,0
874,1,0,0,0,0
875,1,0,0,0,0
876,1,0,0,0,0
877,1,0,0,0,0
878,1,0,0,0,0
879,1,0,0,0,0
880,1,0,0,0,0
881,1,0,0,0,0
882,1,0,0,0,0
883,1,0,0,0,0
884,1,0,0,0,0
885,1,0,0,0,0
886,1,0,0,0,0
887,1,0,0,0,0
888,1,0,0,0,0
889,1,0,0,0,0
890,1,0,0,0,0
891,1,0,0,0,0
892,1,0,0,0,0
893,1,0,0,0,0
894,1,0,0,0,0
895,1,0,0,0,0
896,1,0,0,0,0
897,1,0,0,0,0
898,1,0,0,0,0
899,1,0,0,0,0
900,1,0,0,0,0
901,1,0,0,0,0
902,1,0,0,0,0
903,1,0,0,0,0
904,1,0,0,0,0
905,1,0,0,0,0
906,1,0,0,0,0
907,1,0,0,0,0
908,1,0,0,0,0
909,1,0,0,0,0
910,1,0,0,0,0
911,1,0,0,0,0
912,1,0,0,0,0
913,1,0,0,0,0
914,1,0,0,0,0
915,1,0,0,0,0
916,1,0,0,0,0
917,1,0,0,0,0
918,1,0,0,0,0
919,1,0,0,0,0
920,1,0,0,0,0
921,1,0,0,0,0
922,1,0,0,0,0
923,1,0,0,0,0
924,1,0,0,0,0
925,1,0,0,0,0
926,1,0,0,0,0
927,1,0,0,0,0
928,1,0,0,0,0
929,1,0,0,0,0
930,1,0,0,0,0
931,1,0,0,0,0
932,1,0,0,0,0
933,1,0,0,0,0
934,1,0,0,0,0
935,1,0,0,0,0
936,1,0,0,0,0
937,1,0,0,0,0
938,1,0,0,0,0
939,1,0,0,0,0
940,1,0,0,0,0
941,1,0,0,0,0
942,1,0,0,0,0
943,1,0,0,0,0
944,1,0,0,0,0
945,1,0,0,0,0
946,1,0,0,0,0
947,1,0,0,0,0
948,1,0,0,0,0
949,1,0,0,0,0
950,1,0,0,0,0
951,1,0,0,0,0
952,1,0,0,0,0
953,1,0,0,0,0
954,1,0,0,0,0
955,1,0,0,0,0
956,1,0,0,0,0
957,1,0,0,0,0
958,1,0,0,0,0
959,1,0,0,0,0
960,1,0,0,0,0
961,1,0,0,0,0
962,1,0,0,0,0
963,1,0,0,0,0
964,1,0,0,0,0
965,1,0,0,0,0
966,1,0,0,0,0
967,1,0,0,0,0
968,1,0,0,0,0
969,1,0,0,0,0
970,1,0,0,0,0
971,1,0,0,0,0
972,1,0,0,0,0
973,1,0,0,0,0
974,1,0,0,0,0
975,1,0,0,0,0
976,1,0,0,0,0
977,1,0,0,0,0
978,1,0,0,0,0
979,1,0,0,0,0
980,1,0,0,0,0
981,1,0,0,0,0
982,1,0,0,0,0
983,1,0,0,0,0
984,1,0,0,0,0
985,1,0,0,0,0
986,1,0,0,0,0
987,1,0,0,0,0
988,1,0,0,0,0
989,1,0,0,0,0
990,1,0,0,0,0
991,1,0,0,0,0
992,1,0,0,0,0
993,1,0,0,0,0
994,1,0,0,0,0
995,1,0,0,0,0
996,1,0,0,0,0
997,1,0,0,0,0
998,1,0,0,0,0
999,1,0,0,0,0
1000,1,0,0,0,0
1001,1,0,0,0,0
1002,1,0,0,0,0
1003,1,0,0,0,0
1004,1,0,0,0,0
1005,0,0,0,1,0
1006,0,0,0,1,0
1007,0,0,0,1,0
1008,0,0,0,1,0
1009,0,0,0,1,0
1010,0,0,0,1,0
1011,0,0,0,1,0
1012,0,0,0,1,0
1013,0,0,0,1,0
1014,0,0,0,1,0
1015,0,0,0,1,0
1016,0,0,0,1,0
1017,0,0,0,1,0
1018,0,0,0,1,0
1019,0,0,0,1,0
1020,0,0,0,1,0
1021,0,0,0,1,0
1022,0,0,0,1,0
1023,0,0,0,1,0
1024,0,0,0,1,0
1025,1,0,0,0,0
1026,1,0,0,0,0
1027,1,0,0,0,0
1028,1,0,0,0,0
1029,1,0,0,0,0
1030,1,0,0,0,0
1031,1,0,0,0,0
1032,1,0,0,0,0
1033,1,0,0,0,0
1034,1,0,0,0,0
1035,1,0,0,0,0
1036,1,0,0,0,0
1037,1,0,0,0,0
1038,1,0,0,0,0
1039,1,0,0,0,0
1040,1,0,0,0,0
1041,1,0,0,0,0
1042,1,0,0,0,0
1043,1,0,0,0,0
1044,1,0,0,0,0
1045,1,0,0,0,0
1046,1,0,0,0,0
1047,1,0,0,0,0
1048,1,0,0,0,0
1049,1,0,0,0,0
1050,1,0,0,0,0
1051,1,0,0,0,0
1052,1,0,0,0,0
1053,1,0,0,0,0
1054,1,0,0,0,0
1055,1,0,0,0,0
1056,1,0,0,0,0
1057,1,0,0,0,0
1058,1,0,0,0,0
1059,1,0,0,0,0
1060,1,0,0,0,0
1061,1,0,0,0,0
1062,1,0,0,0,0
1063,1,0,0,0,0
1064,1,0,0,0,0
1065,1,0,0,0,0
1066,1,0,0,0,0
1067,1,0,0,0,0
1068,1,0,0,0,0
1069,1,0,0,0,0
1070,1,0,0,0,0
1071,1,0,0,0,0
1072,1,0,0,0,0
1073,1,0,0,0,0
1074,1,0,0,0,0
1075,1,0,0,0,0
1076,1,0,0,0,0
1077,1,0,0,0,0
1078,1,0,0,0,0
1079,1,0,0,0,0
1080,1,0,0,0,0
1081,1,0,0,0,0
1082,1,0,0,0,0
1083,1,0,0,0,0
1084,1,0,0,0,0
1085,1,0,0,0,0
1086,1,0,0,0,0
1087,1,0,0,0,0
1088,1,0,0,0,0
1089,1,0,0,0,0
1090,1,0,0,0,0
1091,1,0,0,0,0
1092,1,0,0,0,0
1093,1,0,0,0,0
1094,1,0,0,0,0
1095,1,0,0,0,0
1096,1,0,0,0,0
1097,1,0,0,0,0
1098,1,0,0,0,0
1099,1,0,0,0,0
1100,1,0,0,0,0
1101,1,0,0,0,0
1102,1,0,0,0,0
1103,1,0,0,0,0
1104,1,0,0,0,0
1105,1,0,0,0,0
1106,1,0,0,0,0
1107,1,0,0,0,0
1108,1,0,0,0,0
1109,1,0,0,0,0
1110,1,0,0,0,0
1111,1,0,0,0,0
1112,1,0,0,0,0
1113,1,0,0,0,0
1114,1,0,0,0,0
1115,1,0,0,0,0
1116,1,0,0,0,0
1117,1,0,0,0,0
1118,1,0,0,0,0
1119,1,0,0,0,0
1120,1,0,0,0,0
1121,1,0,0,0,0
1122,1,0,0,0,0
1123,1,0,0,0,0
1124,1,0,0,0,0
1125,1,0,0,0,0
1126,1,0,0,0,0
1127,1,0,0,0,0
1128,1,0,0,0,0
1129,1,0,0,0,0
1130,1,0,0,0,0
1131,1,0,0,0,0
1132,1,0,0,0,0
1133,1,0,0,0,0
1134,1,0,0,0,0
1135,1,0,0,0,0
1136,1,0,0,0,0
1137,1,0,0,0,0
1138,1,0,0,0,0
1139,1,0,0,0,0
1140,1,0,0,0,0
1141,1,0,0,0,0
1142,1,0,0,0,0
1143,1,0,0,0,0
1144,1,0,0,0,0
1145,1,0,0,0,0
1146,1,0,0,0,0
1147,1,0,0,0,0
1148,1,0,0,0,0
1149,1,0,0,0,0
1150,1,0,0,0,0
1151,1,0,0,0,0
1152,1,0,0,0,0
1153,1,0,0,0,0
1154,1,0,0,0,0
1155,1,0,0,0,0
1156,1,0,0,0,0
1157,1,0,0,0,0
1158,1,0,0,0,0
1159,1,0,0,0,0
1160,1,0,0,0,0
1161,1,0,0,0,0
1162,1,0,0,0,0
1163,1,0,0,0,0
1164,1,0,0,0,0
1165,1,0,0,0,0
1166,1,0,0,0,0
1167,1,0,0,0,0
1168,1,0,0,0,0
1169,1,0,0,0,0
1170,1,0,0,0,0
1171,1,0,0,0,0
1172,1,0,0,0,0
1173,1,0,0,0,0
1174,1,0,0,0,0
1175,1,0,0,0,0
1176,1,0,0,0,0
1177,1,0,0,0,0
1178,1,0,0,0,0
1179,1,0,0,0,0
1180,1,0,0,0,0
1181,1,0,0,0,0
1182,1,0,0,0,0
1183,1,0,0,0,0
1184,1,0,0,0,0
1185,1,0,0,0,0
1186,1,0,0,0,0
1187,1,0,0,0,0
1188,1,0,0,0,0
1189,1,0,0,0,0
1190,1,0,0,0,0
1191,1,0,0,0,0
1192,1,0,0,0,0
1193,1,0,0,0,0
1194,1,0,0,0,0
1195,1,0,0,0,0
1196,1,0,0,0,0
1197,1,0,0,0,0
1198,1,0,0,0,0
1199,1,0,0,0,0
1200,1,0,0,0,0
1201,1,0,0,0,0
1202,1,0,0,0,0
1203,1,0,0,0,0
1204,1,0,0,0,0
1205,1,0,0,0,0
1206,1,0,0,0,0
1207,1,0,0,0,0
1208,1,0,0,0,0
1209,1,0,0,0,0
1210,1,0,0,0,0
1211,1,0,0,0,0
1212,1,0,0,0,0
1213,1,0,0,0,0
1214,1,0,0,0,0
1215,1,0,0,0,0
1216,1,0,0,0,0
1217,1,0,0,0,0
1218,1,0,0,0,0
1219,1,0,0,0,0
1220,1,0,0,0,0
1221,1,0,0,0,0
1222,1,0,0,0,0
1223,1,0,0,0,0
1224,1,0,0,0,0
1225,1,0,0,0,0
1226,1,0,0,0,0
1227,1,0,0,0,0
1228,1,0,0,0,0
1229,1,0,0,0,0
1230,1,0,0,0,0
1231,1,0,0,0,0
1232,1,0,0,0,0
1233,1,0,0,0,0
1234,1,0,0,0,0
1235,1,0,0,0,0
1236,1,0,0,0,0
1237,1,0,0,0,0
1238,1,0,0,0,0
1239,1,0,0,0,0
1240,1,0,0,0,0
1241,1,0,0,0,0
1242,1,0,0,0,0
1243,1,0,0,0,0
1244,1,0,0,0,0
1245,1,0,0,0,0
1246,1,0,0,0,0
1247,1,0,0,0,0
1248,1,0,0,0,0
1249,1,0,0,0,0
1250,1,0,0,0,0
1251,1,0,0,0,0
1252,1,0,0,0,0
1253,1,0,0,0,0
1254,1,0,0,0,0
1255,1,0,0,0,0
1256,1,0,0,0,0
1257,1,0,0,0,0
1258,1,0,0,0,0
1259,1,0,0,0,0
1260,1,0,0,0,0
1261,1,0,0,0,0
1262,1,0,0,0,0
1263,1,0,0,0,0
1264,1,0,0,0,0
1265,1,0,0,0,0
1266,1,0,0,0,0
1267,1,0,0,0,0
1268,1,0,0,0,0
1269,1,0,0,0,0
1270,1,0,0,0,0
1271,1,0,0,0,0
1272,1,0,0,0,0
1273,1,0,0,0,0
1274,1,0,0,0,0
1275,1,0,0,0,0
1276,1,0,0,0,0
1277,1,0,0,0,0
1278,1,0,0,0,0
1279,1,0,0,0,0
1280,1,0,0,0,0
1281,1,0,0,0,0
1282,1,0,0,0,0
1283,1,0,0,0,0
1284,1,0,0,0,0
1285,1,0,0,0,0
1286,1,0,0,0,0
1287,1,0,0,0,0
1288,1,0,0,0,0
1289,1,0,0,0,0
1290,1,0,0,0,0
1291,1,0,0,0,0
1292,1,0,0,0,0
1293,1,0,0,0,0
1294,1,0,0,0,0
1295,1,0,0,0,0
1296,1,0,0,0,0
1297,1,0,0,0,0
1298,1,0,0,0,0
1299,1,0,0,0,0
1300,1,0,0,0,0
1301,1,0,0,0,0
1302,1,0,0,0,0
1303,1,0,0,0,0
1304,1,0,0,0,0
1305,1,0,0,0,0
1306,1,0,0,0,0
1307,1,0,0,0,0
1308,1,0,0,0,0
1309,1,0,0,0,0
1310,1,0,0,0,0
1311,1,0,0,0,0
1312,1,0,0,0,0
1313,1,0,0,0,0
1314,1,0,0,0,0
1315,1,0,0,0,0
1316,1,0,0,0,0
1317,1,0,0,0,0
1318,1,0,0,0,0
1319,1,0,0,0,0
1320,1,0,0,0,0
1321,1,0,0,0,0
1322,1,0,0,0,0
1323,1,0,0,0,0
1324,1,0,0,0,0
1325,1,0,0,0,0
1326,1,0,0,0,0
1327,1,0,0,0,0
1328,1,0,0,0,0
1329,1,0,0,0,0
1330,1,0,0,0,0
1331,1,0,0,0,0
1332,1,0,0,0,0
1333,1,0,0,0,0
1334,1,0,0,0,0
1335,1,0,0,0,0
1336,1,0,0,0,0
1337,1,0,0,0,0
1338,1,0,0,0,0
1339,1,0,0,0,0
1340,1,0,0,0,0
1341,1,0,0,0,0
1342,1,0,0,0,0
1343,1,0,0,0,0
1344,1,0,0,0,0
1345,1,0,0,0,0
1346,1,0,0,0,0
1347,1,0,0,0,0
1348,1,0,0,0,0
1349,1,0,0,0,0
1350,1,0,0,0,0
1351,1,0,0,0,0
1352,1,0,0,0,0
1353,1,0,0,0,0
1354,1,0,0,0,0
1355,1,0,0,0,0
1356,1,0,0,0,0
1357,1,0,0,0,0
1358,1,0,0,0,0
1359,1,0,0,0,0
1360,1,0,0,0,0
1361,1,0,0,0,0
1362,1,0,0,0,0
1363,1,0,0,0,0
1364,1,0,0,0,0
1365,1,0,0,0,0
1366,1,0,0,0,0
1367,1,0,0,0,0
1368,1,0,0,0,0
1369,1,0,0,0,0
1370,1,0,0,0,0
1371,1,0,0,0,0
1372,1,0,0,0,0
1373,1,0,0,0,0
1374,1,0,0,0,0
1375,1,0,0,0,0
1376,1,0,0,0,0
1377,1,0,0,0,0
1378,1,0,0,0,0
1379,1,0,0,0,0
1380,1,0,0,0,0
1381,1,0,0,0,0
1382,1,0,0,0,0
1383,1,0,0,0,0
1384,1,0,0,0,0
1385,1,0,0,0,0
1386,1,0,0,0,0
1387,1,0,0,0,0
1388,1,0,0,0,0
1389,1,0,0,0,0
1390,1,0,0,0,0
1391,1,0,0,0,0
1392,1,0,0,0,0
1393,1,0,0,0,0
1394,1,0,0,0,0
1395,1,0,0,0,0
1396,1,0,0,0,0
1397,1,0,0,0,0
1398,1,0,0,0,0
1399,1,0,0,0,0
1400,1,0,0,0,0
1401,1,0,0,0,0
1402,1,0,0,0,0
1403,1,0,0,0,0
1404,1,0,0,0,0
1405,1,0,0,0,0
1406,1,0,0,0,0
1407,1,0,0,0,0
1408,1,0,0,0,0
1409,1,0,0,0,0
1410,1,0,0,0,0
1411,1,0,0,0,0
1412,1,0,0,0,0
1413,1,0,0,0,0
1414,1,0,0,0,0
1415,1,0,0,0,0
1416,1,0,0,0,0
1417,1,0,0,0,0
1418,1,0,0,0,0
1419,1,0,0,0,0
1420,1,0,0,0,0
1421,1,0,0,0,0
1422,1,0,0,0,0
1423,1,0,0,0,0
1424,1,0,0,0,0
1425,1,0,0,0,0
1426,1,0,0,0,0
1427,1,0,0,0,0
1428,1,0,0,0,0
1429,1,0,0,0,0
1430,1,0,0,0,0
1431,1,0,0,0,0
1432,1,0,0,0,0
1433,1,0,0,0,0
1434,1,0,0,0,0
1435,1,0,0,0,0
1436,1,0,0,0,0
1437,1,0,0,0,0
1438,1,0,0,0,0
1439,1,0,0,0,0
1440,1,0,0,0,0
1441,1,0,0,0,0
1442,1,0,0,0,0
1443,1,0,0,0,0
1444,1,0,0,0,0
1445,1,0,0,0,0
1446,1,0,0,0,0
1447,1,0,0,0,0
1448,1,0,0,0,0
1449,1,0,0,0,0
1450,1,0,0,0,0
1451,1,0,0,0,0
1452,1,0,0,0,0
1453,1,0,0,0,0
1454,1,0,0,0,0
1455,1,0,0,0,0
1456,1,0,0,0,0
1457,1,0,0,0,0
1458,1,0,0,0,0
1459,1,0,0,0,0
1460,1,0,0,0,0
1461,1,0,0,0,0
1462,1,0,0,0,0
1463,1,0,0,0,0
1464,1,0,0,0,0
1465,1,0,0,0,0
1466,1,0,0,0,0
1467,1,0,0,0,0
1468,1,0,0,0,0
1469,1,0,0,0,0
1470,1,0,0,0,0
1471,1,0,0,0,0
1472,1,0,0,0,0
1473,1,0,0,0,0
1474,1,0,0,0,0
1475,1,0,0,0,0
1476,1,0,0,0,0
1477,1,0,0,0,0
1478,1,0,0,0,0
1479,1,0,0,0,0
1480,1,0,0,0,0
1481,1,0,0,0,0
1482,1,0,0,0,0
1483,1,0,0,0,0
1484,1,0,0,0,0
1485,1,0,0,0,0
1486,1,0,0,0,0
1487,1,0,0,0,0
1488,1,0,0,0,0
1489,1,0,0,0,0
1490,1,0,0,0,0
1491,1,0,0,0,0
1492,1,0,0,0,0
1493,1,0,0,0,0
1494,1,0,0,0,0
1495,1,0,0,0,0
1496,1,0,0,0,0
1497,1,0,0,0,0
1498,1,0,0,0,0
1499,1,0,0,0,0
1500,1,0,0,0,0
1501,1,0,0,0,0
1502,1,0,0,0,0
1503,1,0,0,0,0
1504,1,0,0,0,0
1505,1,0,0,0,0
1506,1,0,0,0,0
1507,1,0,0,0,0
1508,1,0,0,0,0
1509,1,0,0,0,0
1510,1,0,0,0,0
1511,1,0,0,0,0
1512,1,0,0,0,0
1513,1,0,0,0,0
1514,1,0,0,0,0
1515,1,0,0,0,0
1516,1,0,0,0,0
1517,1,0,0,0,0
1518,1,0,0,0,0
1519,1,0,0,0,0
1520,1,0,0,0,0
1521,1,0,0,0,0
1522,1,0,0,0,0
1523,1,0,0,0,0
1524,1,0,0,0,0
1525,1,0,0,0,0
1526,1,0,0,0,0
1527,1,0,0,0,0
1528,1,0,0,0,0
1529,1,0,0,0,0
1530,1,0,0,0,0
1531,1,0,0,0,0
1532,1,0,0,0,0
1533,1,0,0,0,0
1534,1,0,0,0,0
1535,1,0,0,0,0
1536,1,0,0,0,0
1537,1,0,0,0,0
1538,1,0,0,0,0
1539,1,0,0,0,0
1540,1,0,0,0,0
1541,1,0,0,0,0
1542,1,0,0,0,0
1543,1,0,0,0,0
1544,1,0,0,0,0
1545,1,0,0,0,0
1546,1,0,0,0,0
1547,1,0,0,0,0
1548,1,0,0,0,0
1549,1,0,0,0,0
1550,1,0,0,0,0
1551,1,0,0,0,0
1552,1,0,0,0,0
1553,1,0,0,0,0
1554,1,0,0,0,0
1555,0,0,0,1,0
1556,0,0,0,1,0
1557,0,0,0,1,0
1558,0,0,0,1,0
1559,0,0,0,1,0
1560,0,0,0,1,0
1561,0,0,0,1,0
1562,0,0,0,1,0
1563,0,0,0,1,0
1564,0,0,0,1,0
1565,0,0,0,1,0
1566,1,0,0,0,0
1567,1,0,0,0,0
1568,1,0,0,0,0
1569,1,0,0,0,0
1570,1,0,0,0,0
1571,1,0,0,0,0
1572,1,0,0,0,0
1573,1,0,0,0,0
1574,1,0,0,0,0
1575,1,0,0,0,0
1576,1,0,0,0,0
1577,1,0,0,0,0
1578,1,0,0,0,0
1579,1,0,0,0,0
1580,1,0,0,0,0
1581,1,0,0,0,0
1582,1,0,0,0,0
1583,1,0,0,0,0
1584,1,0,0,0,0
1585,1,0,0,0,0
1586,1,0,0,0,0
1587,1,0,0,0,0
1588,1,0,0,0,0
1589,1,0,0,0,0
1590,1,0,0,0,0
1591,1,0,0,0,0
1592,1,0,0,0,0
1593,1,0,0,0,0
1594,1,0,0,0,0
1595,1,0,0,0,0
1596,1,0,0,0,0
1597,1,0,0,0,0
1598,1,0,0,0,0
1599,1,0,0,0,0
1600,1,0,0,0,0
1601,1,0,0,0,0
1602,1,0,0,0,0
1603,1,0,0,0,0
1604,1,0,0,0,0
1605,1,0,0,0,0
1606,1,0,0,0,0
1607,1,0,0,0,0
1608,1,0,0,0,0
1609,1,0,0,0,0
1610,1,0,0,0,0
1611,1,0,0,0,0
1612,1,0,0,0,0
1613,1,0,0,0,0
1614,1,0,0,0,0
1615,1,0,0,0,0
1616,1,0,0,0,0
1617,1,0,0,0,0
1618,1,0,0,0,0
1619,1,0,0,0,0
1620,1,0,0,0,0
1621,1,0,0,0,0
1622,1,0,0,0,0
1623,1,0,0,0,0
1624,1,0,0,0,0
1625,1,0,0,0,0
1626,1,0,0,0,0
1627,1,0,0,0,0
1628,1,0,0,0,0
1629,1,0,0,0,0
1630,1,0,0,0,0
1631,1,0,0,0,0
1632,1,0,0,0,0
1633,1,0,0,0,0
1634,1,0,0,0,0
1635,1,0,0,0,0
1636,1,0,0,0,0
1637,1,0,0,0,0
1638,1,0,0,0,0
1639,1,0,0,0,0
1640,1,0,0,0,0
1641,1,0,0,0,0
1642,1,0,0,0,0
1643,1,0,0,0,0
1644,1,0,0,0,0
1645,1,0,0,0,0
1646,1,0,0,0,0
1647,1,0,0,0,0
1648,1,0,0,0,0
1649,1,0,0,0,0
1650,1,0,0,0,0
1651,1,0,0,0,0
1652,1,0,0,0,0
1653,1,0,0,0,0
1654,1,0,0,0,0
1655,1,0,0,0,0
1656,1,0,0,0,0
1657,1,0,0,0,0
1658,1,0,0,0,0
1659,1,0,0,0,0
1660,1,0,0,0,0
1661,1,0,0,0,0
1662,1,0,0,0,0
1663,1,0,0,0,0
1664,1,0,0,0,0
1665,1,0,0,0,0
1666,1,0,0,0,0
1667,1,0,0,0,0
1668,1,0,0,0,0
1669,1,0,0,0,0
1670,1,0,0,0,0
1671,1,0,0,0,0
1672,1,0,0,0,0
1673,1,0,0,0,0
1674,1,0,0,0,0
1675,1,0,0,0,0
1676,1,0,0,0,0
1677,1,0,0,0,0
1678,1,0,0,0,0
1679,1,0,0,0,0
1680,1,0,0,0,0
1681,1,0,0,0,0
1682,1,0,0,0,0
1683,1,0,0,0,0
1684,1,0,0,0,0
1685,1,0,0,0,0
1686,1,0,0,0,0
1687,1,0,0,0,0
1688,1,0,0,0,0
1689,1,0,0,0,0
1690,1,0,0,0,0
1691,1,0,0,0,0
1692,1,0,0,0,0
1693,1,0,0,0,0
1694,1,0,0,0,0
1695,1,0,0,0,0
1696,1,0,0,0,0
1697,1,0,0,0,0
1698,1,0,0,0,0
1699,1,0,0,0,0
1700,1,0,0,0,0
1701,1,0,0,0,0
1702,1,0,0,0,0
1703,1,0,0,0,0
1704,1,0,0,0,0
1705,1,0,0,0,0
1706,1,0,0,0,0
1707,1,0,0,0,0
1708,1,0,0,0,0
1709,1,0,0,0,0
1710,1,0,0,0,0
1711,1,0,0,0,0
1712,1,0,0,0,0
1713,1,0,0,0,0
1714,1,0,0,0,0
1715,1,0,0,0,0
1716,1,0,0,0,0
1717,1,0,0,0,0
1718,1,0,0,0,0
1719,1,0,0,0,0
1720,1,0,0,0,0
1721,1,0,0,0,0
1722,1,0,0,0,0
1723,1,0,0,0,0
1724,1,0,0,0,0
1725,1,0,0,0,0
1726,1,0,0,0,0
1727,1,0,0,0,0
1728,1,0,0,0,0
1729,1,0,0,0,0
1730,1,0,0,0,0
1731,1,0,0,0,0
1732,1,0,0,0,0
1733,1,0,0,0,0
1734,1,0,0,0,0
1735,1,0,0,0,0
1736,1,0,0,0,0
1737,1,0,0,0,0
1738,1,0,0,0,0
1739,1,0,0,0,0
1740,1,0,0,0,0
1741,1,0,0,0,0
1742,1,0,0,0,0
1743,1,0,0,0,0
1744,1,0,0,0,0
1745,1,0,0,0,0
1746,1,0,0,0,0
1747,1,0,0,0,0
1748,1,0,0,0,0
1749,1,0,0,0,0
1750,1,0,0,0,0
1751,1,0,0,0,0
1752,1,0,0,0,0
1753,1,0,0,0,0
1754,1,0,0,0,0
1755,1,0,0,0,0
1756,1,0,0,0,0
1757,1,0,0,0,0
1758,1,0,0,0,0
1759,1,0,0,0,0
1760,1,0,0,0,0
1761,1,0,0,0,0
1762,1,0,0,0,0
1763,1,0,0,0,0
1764,1,0,0,0,0
1765,1,0,0,0,0
1766,1,0,0,0,0
1767,1,0,0,0,0
1768,1,0,0,0,0
1769,1,0,0,0,0
1770,1,0,0,0,0
1771,1,0,0,0,0
1772,1,0,0,0,0
1773,1,0,0,0,0
1774,1,0,0,0,0
1775,1,0,0,0,0
1776,1,0,0,0,0
1777,1,0,0,0,0
1778,1,0,0,0,0
1779,1,0,0,0,0
1780,1,0,0,0,0
1781,1,0,0,0,0
1782,1,0,0,0,0
1783,1,0,0,0,0
1784,1,0,0,0,0
1785,1,0,0,0,0
1786,1,0,0,0,0
1787,1,0,0,0,0
1788,1,0,0,0,0
1789,1,0,0,0,0
1790,1,0,0,0,0
1791,1,0,0,0,0
1792,1,0,0,0,0
1793,1,0,0,0,0
1794,1,0,0,0,0
1795,1,0,0,0,0
1796,1,0,0,0,0
1797,1,0,0,0,0
1798,1,0,0,0,0
1799,1,0,0,0,0
1800,1,0,0,0,0
1801,1,0,0,0,0
1802,1,0,0,0,0
1803,1,0,0,0,0
1804,1,0,0,0,0
1805,1,0,0,0,0
1806,0,1,0,0,0
1807,0,1,0,0,0
1808,0,1,0,0,0
1809,0,1,0,0,0
1810,0,1,0,0,0
1811,0,1,0,0,0
1812,0,1,0,0,0
1813,0,1,0,0,0
1814,0,1,0,0,0
1815,0,1,0,0,0
1816,0,1,0,0,0
1817,0,1,0,0,0
1818,0,1,0,0,0
1819,0,1,0,0,0
1820,0,1,0,0,0
1821,0,1,0,0,0
1822,0,1,0,0,0
1823,0,1,0,0,0
1824,0,1,0,0,0
1825,0,1,0,0,0
1826,0,1,0,0,0
1827,0,1,0,0,0
1828,0,1,0,0,0
1829,0,1,0,0,0
1830,0,1,0,0,0
1831,0,1,0,0,0
1832,0,1,0,0,0
1833,0,1,0,0,0
1834,0,1,0,0,0
1835,0,1,0,0,0
1836,0,1,0,0,0
1837,0,1,0,0,0
1838,0,1,0,0,0
1839,0,1,0,0,0
1840,0,1,0,0,0
1841,0,1,0,0,0
1842,0,1,0,0,0
1843,0,1,0,0,0
1844,0,1,0,0,0
1845,1,0,0,0,0
1846,1,0,0,0,0
1847,1,0,0,0,0
1848,1,0,0,0,0
1849,1,0,0,0,0
1850,1,0,0,0,0
1851,1,0,0,0,0
1852,1,0,0,0,0
1853,1,0,0,0,0
1854,1,0,0,0,0
1855,1,0,0,0,0
1856,1,0,0,0,0
1857,1,0,0,0,0
1858,1,0,0,0,0
1859,1,0,0,0,0
1860,1,0,0,0,0
1861,1,0,0,0,0
1862,1,0,0,0,0
1863,1,0,0,0,0
1864,1,0,0,0,0
1865,1,0,0,0,0
1866,1,0,0,0,0
1867,1,0,0,0,0
1868,1,0,0,0,0
1869,1,0,0,0,0
1870,1,0,0,0,0
1871,1,0,0,0,0
1872,1,0,0,0,0
1873,1,0,0,0,0
1874,1,0,0,0,0
1875,1,0,0,0,0
1876,1,0,0,0,0
1877,1,0,0,0,0
1878,1,0,0,0,0
1879,1,0,0,0,0
1880,1,0,0,0,0
1881,1,0,0,0,0
1882,1,0,0,0,0
1883,1,0,0,0,0
1884,1,0,0,0,0
1885,1,0,0,0,0
1886,1,0,0,0,0
1887,1,0,0,0,0
1888,1,0,0,0,0
1889,1,0,0,0,0
1890,1,0,0,0,0
1891,1,0,0,0,0
1892,1,0,0,0,0
1893,1,0,0,0,0
1894,1,0,0,0,0
1895,1,0,0,0,0
1896,1,0,0,0,0
1897,1,0,0,0,0
1898,1,0,0,0,0
1899,1,0,0,0,0
1900,1,0,0,0,0
1901,1,0,0,0,0
1902,1,0,0,0,0
1903,1,0,0,0,0
1904,1,0,0,0,0
1905,1,0,0,0,0
1906,1,0,0,0,0
1907,1,0,0,0,0
1908,1,0,0,0,0
1909,1,0,0,0,0
1910,1,0,0,0,0
1911,1,0,0,0,0
1912,1,0,0,0,0
1913,1,0,0,0,0
1914,1,0,0,0,0
1915,1,0,0,0,0
1916,1,0,0,0,0
1917,1,0,0,0,0
1918,1,0,0,0,0
1919,1,0,0,0,0
1920,1,0,0,0,0
1921,1,0,0,0,0
1922,1,0,0,0,0
1923,1,0,0,0,0
1924,1,0,0,0,0
1925,1,0,0,0,0
1926,1,0,0,0,0
1927,1,0,0,0,0
1928,1,0,0,0,0
1929,1,0,0,0,0
1930,1,0,0,0,0
1931,1,0,0,0,0
1932,1,0,0,0,0
1933,1,0,0,0,0
1934,1,0,0,0,0
1935,1,0,0,0,0
1936,1,0,0,0,0
1937,1,0,0,0,0
1938,0,1,0,0,0
1939,0,1,0,0,0
1940,0,1,0,0,0
1941,0,1,0,0,0
1942,0,1,0,0,0
1943,0,1,0,0,0
1944,0,1,0,0,0
1945,0,1,0,0,0
1946,0,1,0,0,0
1947,0,1,0,0,0
1948,0,1,0,0,0
1949,0,1,0,0,0
1950,0,1,0,0,0
1951,0,1,0,0,0
1952,0,1,0,0,0
1953,0,1,0,0,0
1954,0,1,0,0,0
1955,0,1,0,0,0
1956,0,1,0,0,0
1957,0,1,0,0,0
1958,0,1,0,0,0
1959,0,1,0,0,0
1960,0,1,0,0,0
1961,0,1,0,0,0
1962,0,1,0,0,0
1963,0,1,0,0,0
1964,0,1,0,0,0
1965,0,1,0,0,0
1966,0,1,0,0,0
1967,0,1,0,0,0
1968,1,0,0,0,0
1969,1,0,0,0,0
1970,1,0,0,0,0
1971,1,0,0,0,0
1972,1,0,0,0,0
1973,1,0,0,0,0
1974,1,0,0,0,0
1975,1,0,0,0,0
1976,1,0,0,0,0
1977,1,0,0,0,0
1978,1,0,0,0,0
1979,1,0,0,0,0
1980,1,0,0,0,0
1981,1,0,0,0,0
1982,1,0,0,0,0
1983,1,0,0,0,0
1984,1,0,0,0,0
1985,1,0,0,0,0
1986,1,0,0,0,0
1987,1,0,0,0,0
1988,1,0,0,0,0
1989,1,0,0,0,0
1990,1,0,0,0,0
1991,1,0,0,0,0
1992,0,0,0,1,0
1993,0,0,0,1,0
1994,0,0,0,1,0
1995,0,0,0,1,0
1996,0,0,0,1,0
1997,0,0,0,1,0
1998,0,0,0,1,0
1999,0,0,0,1,0
2000,0,0,0,1,0
2001,1,0,0,0,0
2002,1,0,0,0,0
2003,1,0,0,0,0
2004,1,0,0,0,0
2005,1,0,0,0,0
2006,1,0,0,0,0
2007,1,0,0,0,0
2008,1,0,0,0,0
2009,1,0,0,0,0
2010,1,0,0,0,0
2011,1,0,0,0,0
2012,1,0,0,0,0
2013,1,0,0,0,0
2014,1,0,0,0,0
2015,1,0,0,0,0
2016,1,0,0,0,0
2017,1,0,0,0,0
2018,1,0,0,0,0
2019,1,0,0,0,0
2020,1,0,0,0,0
2021,1,0,0,0,0
2022,1,0,0,0,0
2023,1,0,0,0,0
2024,1,0,0,0,0
2025,1,0,0,0,0
2026,1,0,0,0,0
2027,1,0,0,0,0
2028,1,0,0,0,0
2029,1,0,0,0,0
2030,1,0,0,0,0
2031,1,0,0,0,0
2032,1,0,0,0,0
2033,1,0,0,0,0
2034,1,0,0,0,0
2035,1,0,0,0,0
2036,1,0,0,0,0
2037,1,0,0,0,0
2038,1,0,0,0,0
2039,1,0,0,0,0
2040,1,0,0,0,0
2041,1,0,0,0,0
2042,1,0,0,0,0
2043,1,0,0,0,0
2044,1,0,0,0,0
2045,1,0,0,0,0
2046,1,0,0,0,0
2047,1,0,0,0,0
2048,1,0,0,0,0
2049,1,0,0,0,0
2050,1,0,0,0,0
2051,1,0,0,0,0
2052,1,0,0,0,0
2053,1,0,0,0,0
2054,1,0,0,0,0
2055,1,0,0,0,0
2056,1,0,0,0,0
2057,1,0,0,0,0
2058,1,0,0,0,0
2059,1,0,0,0,0
2060,1,0,0,0,0
2061,1,0,0,0,0
2062,1,0,0,0,0
2063,1,0,0,0,0
2064,1,0,0,0,0
2065,1,0,0,0,0
2066,1,0,0,0,0
2067,1,0,0,0,0
2068,1,0,0,0,0
2069,1,0,0,0,0
2070,1,0,0,0,0
2071,1,0,0,0,0
2072,1,0,0,0,0
2073,1,0,0,0,0
2074,1,0,0,0,0
2075,1,0,0,0,0
2076,1,0,0,0,0
2077,1,0,0,0,0
2078,1,0,0,0,0
2079,1,0,0,0,0
2080,1,0,0,0,0
2081,1,0,0,0,0
2082,1,0,0,0,0
2083,1,0,0,0,0
2084,1,0,0,0,0
2085,1,0,0,0,0
2086,1,0,0,0,0
2087,1,0,0,0,0
2088,1,0,0,0,0
2089,1,0,0,0,0
2090,1,0,0,0,0
2091,1,0,0,0,0
2092,1,0,0,0,0
2093,1,0,0,0,0
2094,1,0,0,0,0
2095,1,0,0,0,0
2096,1,0,0,0,0
2097,1,0,0,0,0
2098,1,0,0,0,0
2099,1,0,0,0,0
2100,1,0,0,0,0
2101,1,0,0,0,0
2102,1,0,0,0,0
2103,1,0,0,0,0
2104,1,0,0,0,0
2105,1,0,0,0,0
2106,1,0,0,0,0
2107,1,0,0,0,0
2108,1,0,0,0,0
2109,1,0,0,0,0
2110,1,0,0,0,0
2111,1,0,0,0,0
2112,1,0,0,0,0
2113,1,0,0,0,0
2114,1,0,0,0,0
2115,1,0,0,0,0
2116,1,0,0,0,0
2117,1,0,0,0,0
2118,1,0,0,0,0
2119,1,0,0,0,0
2120,1,0,0,0,0
2121,1,0,0,0,0
2122,1,0,0,0,0
2123,1,0,0,0,0
2124,1,0,0,0,0
2125,1,0,0,0,0
2126,1,0,0,0,0
2127,1,0,0,0,0
2128,1,0,0,0,0
2129,1,0,0,0,0
2130,1,0,0,0,0
2131,1,0,0,0,0
2132,1,0,0,0,0
2133,1,0,0,0,0
2134,1,0,0,0,0
2135,1,0,0,0,0
2136,1,0,0,0,0
2137,1,0,0,0,0
2138,1,0,0,0,0
2139,1,0,0,0,0
2140,1,0,0,0,0
2141,1,0,0,0,0
2142,1,0,0,0,0
2143,1,0,0,0,0
2144,1,0,0,0,0
2145,1,0,0,0,0
2146,1,0,0,0,0
2147,1,0,0,0,0
2148,1,0,0,0,0
2149,1,0,0,0,0
2150,1,0,0,0,0
2151,1,0,0,0,0
2152,1,0,0,0,0
2153,1,0,0,0,0
2154,1,0,0,0,0
2155,1,0,0,0,0
2156,1,0,0,0,0
2157,1,0,0,0,0
2158,1,0,0,0,0
2159,1,0,0,0,0
2160,1,0,0,0,0
2161,1,0,0,0,0
2162,1,0,0,0,0
2163,1,0,0,0,0
2164,1,0,0,0,0
2165,1,0,0,0,0
2166,1,0,0,0,0
2167,1,0,0,0,0
2168,1,0,0,0,0
2169,1,0,0,0,0
2170,1,0,0,0,0
2171,1,0,0,0,0
2172,1,0,0,0,0
2173,1,0,0,0,0
2174,1,0,0,0,0
2175,1,0,0,0,0
2176,1,0,0,0,0
2177,1,0,0,0,0
2178,1,0,0,0,0
2179,1,0,0,0,0
2180,1,0,0,0,0
2181,1,0,0,0,0
2182,1,0,0,0,0
2183,1,0,0,0,0
2184,1,0,0,0,0
2185,1,0,0,0,0
2186,1,0,0,0,0
2187,1,0,0,0,0
2188,1,0,0,0,0
2189,1,0,0,0,0
2190,1,0,0,0,0
2191,1,0,0,0,0
2192,1,0,0,0,0
2193,1,0,0,0,0
2194,1,0,0,0,0
2195,1,0,0,0,0
2196,1,0,0,0,0
2197,1,0,0,0,0
2198,1,0,0,0,0
2199,1,0,0,0,0
2200,1,0,0,0,0
2201,1,0,0,0,0
2202,1,0,0,0,0
2203,1,0,0,0,0
2204,1,0,0,0,0
2205,1,0,0,0,0
2206,1,0,0,0,0
2207,1,0,0,0,0
2208,1,0,0,0,0
2209,1,0,0,0,0
2210,1,0,0,0,0
2211,1,0,0,0,0
2212,0,0,0,0,1
2213,0,0,0,0,1
2214,0,0,0,0,1
2215,0,0,0,0,1
2216,0,0,0,0,1
2217,0,0,0,0,1
2218,0,0,0,0,1
2219,0,0,0,0,1
2220,0,0,0,0,1
2221,0,0,0,0,1
2222,0,0,0,0,1
2223,0,0,0,0,1
2224,0,0,0,0,1
2225,0,0,0,0,1
2226,0,0,0,0,1
2227,0,0,0,0,1
2228,0,0,0,0,1
2229,0,0,0,0,1
2230,0,0,0,0,1
2231,0,0,0,0,1
2232,0,0,0,0,1
2233,0,0,0,0,1
2234,0,0,0,0,1
2235,0,0,0,0,1
2236,0,0,0,0,1
2237,0,0,0,0,1
2238,0,0,0,0,1
2239,0,0,0,0,1
2240,0,0,0,0,1
2241,0,0,0,0,1
2242,0,0,0,0,1
2243,0,0,0,0,1
2244,0,0,0,0,1
2245,0,0,0,0,1
2246,0,0,0,0,1
2247,0,0,0,0,1
2248,0,0,0,0,1
2249,0,0,0,0,1
2250,0,0,0,0,1
2251,0,0,0,0,1
2252,0,0,0,0,1
2253,0,0,0,0,1
2254,0,0,0,0,1
2255,0,0,0,0,1
2256,0,0,0,0,1
2257,0,0,0,0,1
2258,0,0,0,0,1
2259,0,0,0,0,1
2260,0,0,0,0,1
2261,0,0,0,0,1
2262,0,0,0,0,1
2263,0,0,0,0,1
2264,0,0,0,0,1
2265,0,0,0,0,1
2266,0,0,0,0,1
2267,0,0,0,0,1
2268,0,0,0,0,1
2269,0,0,0,0,1
2270,0,0,0,0,1
2271,0,0,0,0,1
2272,1,0,0,0,0
2273,1,0,0,0,0
2274,1,0,0,0,0
2275,1,0,0,0,0
2276,1,0,0,0,0
2277,1,0,0,0,0
2278,1,0,0,0,0
2279,0,1,0,0,0
2280,0,1,0,0,0
2281,0,1,0,0,0
2282,0,1,0,0,0
2283,0,1,0,0,0
2284,0,1,0,0,0
2285,0,1,0,0,0
2286,0,1,0,0,0
2287,0,1,0,0,0
2288,0,1,0,0,0
2289,0,1,0,0,0
2290,0,1,0,0,0
2291,0,1,0,0,0
2292,0,1,0,0,0
2293,0,1,0,0,0
2294,0,1,0,0,0
2295,0,1,0,0,0
2296,0,1,0,0,0
2297,0,1,0,0,0
2298,0,1,0,0,0
2299,0,1,0,0,0
2300,0,1,0,0,0
2301,0,1,0,0,0
2302,0,1,0,0,0
2303,0,1,0,0,0
2304,0,1,0,0,0
2305,0,1,0,0,0
2306,0,1,0,0,0
2307,0,1,0,0,0
2308,0,1,0,0,0
2309,0,1,0,0,0
2310,1,0,0,0,0
2311,1,0,0,0,0
2312,1,0,0,0,0
2313,1,0,0,0,0
2314,1,0,0,0,0
2315,1,0,0,0,0
2316,1,0,0,0,0
2317,1,0,0,0,0
2318,1,0,0,0,0
2319,1,0,0,0,0
2320,1,0,0,0,0
2321,1,0,0,0,0
2322,1,0,0,0,0
2323,1,0,0,0,0
2324,1,0,0,0,0
2325,1,0,0,0,0
2326,1,0,0,0,0
2327,1,0,0,0,0
2328,1,0,0,0,0
2329,1,0,0,0,0
2330,1,0,0,0,0
2331,1,0,0,0,0
2332,1,0,0,0,0
2333,1,0,0,0,0
2334,1,0,0,0,0
2335,1,0,0,0,0
2336,1,0,0,0,0
2337,1,0,0,0,0
2338,1,0,0,0,0
2339,1,0,0,0,0
2340,1,0,0,0,0
2341,1,0,0,0,0
2342,1,0,0,0,0
2343,1,0,0,0,0
2344,1,0,0,0,0
2345,1,0,0,0,0
2346,1,0,0,0,0
2347,1,0,0,0,0
2348,1,0,0,0,0
2349,1,0,0,0,0
2350,1,0,0,0,0
2351,1,0,0,0,0
2352,1,0,0,0,0
2353,1,0,0,0,0
2354,1,0,0,0,0
2355,0,0,0,0,1
2356,0,0,0,0,1
2357,0,0,0,0,1
2358,0,0,0,0,1
2359,0,0,0,0,1
2360,0,0,0,0,1
2361,0,0,0,0,1
2362,0,0,0,0,1
2363,0,0,0,0,1
2364,0,0,0,0,1
2365,0,0,0,0,1
2366,0,0,0,0,1
2367,0,0,0,0,1
2368,0,0,0,0,1
2369,0,0,0,0,1
2370,0,0,0,0,1
2371,0,0,0,0,1
2372,0,0,0,0,1
2373,0,0,0,0,1
2374,0,0,0,0,1
2375,0,0,0,0,1
2376,0,0,0,0,1
2377,0,0,0,0,1
2378,0,0,0,0,1
2379,0,0,0,0,1
2380,0,0,0,0,1
2381,0,0,0,0,1
2382,0,0,0,0,1
2383,0,0,0,0,1
2384,0,0,0,0,1
2385,0,0,0,0,1
2386,0,0,0,0,1
2387,0,0,0,0,1
2388,0,0,0,0,1
2389,0,0,0,0,1
2390,0,0,0,0,1
2391,0,0,0,0,1
2392,0,0,0,0,1
2393,0,0,0,0,1
2394,0,0,0,0,1
2395,0,0,0,0,1
2396,0,0,0,0,1
2397,0,0,0,0,1
2398,0,0,0,0,1
2399,0,0,0,0,1
2400,0,0,0,0,1
2401,0,0,0,0,1
2402,0,0,0,0,1
2403,0,0,0,0,1
2404,0,0,0,0,1
2405,0,0,0,0,1
2406,0,0,0,0,1
2407,0,0,0,0,1
2408,0,0,0,0,1
2409,0,0,0,0,1
2410,0,0,0,0,1
2411,0,0,0,0,1
2412,0,0,0,0,1
2413,0,0,0,0,1
2414,0,0,0,0,1
2415,0,0,0,0,1
2416,0,0,0,0,1
2417,0,0,0,0,1
2418,0,0,0,0,1
2419,0,0,0,0,1
2420,0,0,0,0,1
2421,0,0,0,0,1
2422,1,0,0,0,0
2423,1,0,0,0,0
2424,1,0,0,0,0
2425,1,0,0,0,0
2426,1,0,0,0,0
2427,1,0,0,0,0
2428,1,0,0,0,0
2429,0,0,0,1,0
2430,0,0,0,1,0
2431,0,0,0,1,0
2432,0,0,0,1,0
2433,0,0,0,1,0
2434,0,0,0,1,0
2435,0,0,0,1,0
2436,0,0,0,1,0
2437,0,0,0,1,0
2438,0,0,0,1,0
2439,0,0,0,1,0
2440,1,0,0,0,0
2441,1,0,0,0,0
2442,1,0,0,0,0
2443,1,0,0,0,0
2444,1,0,0,0,0
2445,1,0,0,0,0
2446,1,0,0,0,0
2447,1,0,0,0,0
2448,1,0,0,0,0
2449,1,0,0,0,0
2450,1,0,0,0,0
2451,0,0,0,0,1
2452,0,0,0,0,1
2453,0,0,0,0,1
2454,0,0,0,0,1
2455,0,0,0,0,1
2456,0,0,0,0,1
2457,0,0,0,0,1
2458,0,0,0,0,1
2459,0,0,0,0,1
2460,0,0,0,0,1
2461,0,0,0,0,1
2462,0,0,0,0,1
2463,0,0,0,0,1
2464,0,0,0,0,1
2465,0,0,0,0,1
2466,0,0,0,0,1
2467,0,0,0,0,1
2468,0,0,0,0,1
2469,0,0,0,0,1
2470,0,0,0,0,1
2471,0,0,0,0,1
2472,0,0,0,0,1
2473,0,0,0,0,1
2474,0,0,0,0,1
2475,0,0,0,0,1
2476,0,0,0,0,1
2477,0,0,0,0,1
2478,0,0,0,0,1
2479,0,0,0,0,1
2480,0,0,0,0,1
2481,0,0,0,0,1
2482,0,0,0,0,1
2483,0,0,0,0,1
2484,0,0,0,0,1
2485,0,0,0,0,1
2486,0,0,0,0,1
2487,0,0,0,0,1
2488,0,0,0,0,1
2489,0,0,0,0,1
2490,0,0,0,0,1
2491,0,0,0,0,1
2492,0,0,0,0,1
2493,0,0,0,0,1
2494,0,0,0,0,1
2495,0,0,0,0,1
2496,0,0,0,0,1
2497,0,0,0,0,1
2498,0,0,0,0,1
2499,0,0,0,0,1
2500,0,0,0,0,1
2501,0,0,0,0,1
2502,0,0,0,0,1
2503,0,0,0,0,1
2504,0,0,0,0,1
2505,0,0,0,0,1
2506,0,0,0,0,1
2507,0,0,0,0,1
2508,0,0,0,0,1
2509,0,0,0,0,1
2510,1,0,0,0,0
2511,1,0,0,0,0
2512,1,0,0,0,0
2513,1,0,0,0,0
2514,1,0,0,0,0
2515,1,0,0,0,0
2516,1,0,0,0,0
2517,1,0,0,0,0
2518,1,0,0,0,0
2519,1,0,0,0,0
2520,1,0,0,0,0
2521,1,0,0,0,0
2522,1,0,0,0,0
2523,1,0,0,0,0
2524,1,0,0,0,0
2525,1,0,0,0,0
2526,1,0,0,0,0
2527,1,0,0,0,0
2528,1,0,0,0,0
2529,1,0,0,0,0
2530,1,0,0,0,0
2531,1,0,0,0,0
2532,1,0,0,0,0
2533,1,0,0,0,0
2534,1,0,0,0,0
2535,1,0,0,0,0
2536,1,0,0,0,0
2537,1,0,0,0,0
2538,1,0,0,0,0
2539,1,0,0,0,0
2540,1,0,0,0,0
2541,1,0,0,0,0
2542,1,0,0,0,0
2543,1,0,0,0,0
2544,1,0,0,0,0
2545,1,0,0,0,0
2546,1,0,0,0,0
2547,1,0,0,0,0
2548,1,0,0,0,0
2549,1,0,0,0,0
2550,1,0,0,0,0
2551,1,0,0,0,0
2552,1,0,0,0,0
2553,1,0,0,0,0
2554,1,0,0,0,0
2555,1,0,0,0,0
2556,1,0,0,0,0
2557,1,0,0,0,0
2558,1,0,0,0,0
2559,1,0,0,0,0
2560,1,0,0,0,0
2561,1,0,0,0,0
2562,1,0,0,0,0
2563,1,0,0,0,0
2564,1,0,0,0,0
2565,1,0,0,0,0
2566,1,0,0,0,0
2567,1,0,0,0,0
2568,1,0,0,0,0
2569,1,0,0,0,0
2570,1,0,0,0,0
2571,1,0,0,0,0
2572,1,0,0,0,0
2573,1,0,0,0,0
2574,1,0,0,0,0
2575,1,0,0,0,0
2576,1,0,0,0,0
2577,1,0,0,0,0
2578,1,0,0,0,0
2579,1,0,0,0,0
2580,1,0,0,0,0
2581,1,0,0,0,0
2582,1,0,0,0,0
2583,1,0,0,0,0
2584,1,0,0,0,0
2585,1,0,0,0,0
2586,1,0,0,0,0
2587,1,0,0,0,0
2588,1,0,0,0,0
2589,1,0,0,0,0
2590,1,0,0,0,0
2591,1,0,0,0,0
2592,1,0,0,0,0
2593,1,0,0,0,0
2594,1,0,0,0,0
2595,1,0,0,0,0
2596,1,0,0,0,0
2597,1,0,0,0,0
2598,1,0,0,0,0
2599,1,0,0,0,0
2600,1,0,0,0,0
2601,1,0,0,0,0
2602,1,0,0,0,0
2603,1,0,0,0,0
2604,1,0,0,0,0
2605,1,0,0,0,0
2606,1,0,0,0,0
2607,1,0,0,0,0
2608,1,0,0,0,0
2609,1,0,0,0,0
2610,1,0,0,0,0
2611,1,0,0,0,0
2612,1,0,0,0,0
2613,1,0,0,0,0
2614,1,0,0,0,0
2615,1,0,0,0,0
2616,1,0,0,0,0
2617,1,0,0,0,0
2618,1,0,0,0,0
2619,1,0,0,0,0
2620,1,0,0,0,0
2621,1,0,0,0,0
2622,1,0,0,0,0
2623,1,0,0,0,0
2624,1,0,0,0,0
2625,1,0,0,0,0
2626,1,0,0,0,0
2627,1,0,0,0,0
2628,1,0,0,0,0
2629,1,0,0,0,0
2630,1,0,0,0,0
2631,1,0,0,0,0
2632,1,0,0,0,0
2633,1,0,0,0,0
2634,1,0,0,0,0
2635,1,0,0,0,0
2636,1,0,0,0,0
2637,1,0,0,0,0
2638,0,0,0,0,1
2639,0,0,0,0,1
2640,0,0,0,0,1
2641,0,0,0,0,1
2642,0,0,0,0,1
2643,0,0,0,0,1
2644,0,0,0,0,1
2645,0,0,0,0,1
2646,0,0,0,0,1
2647,0,0,0,0,1
2648,0,0,0,0,1
2649,0,0,0,0,1
2650,0,0,0,0,1
2651,0,0,0,0,1
2652,0,0,0,0,1
2653,0,0,0,0,1
2654,0,0,0,0,1
2655,0,0,0,0,1
2656,0,0,0,0,1
2657,0,0,0,0,1
2658,0,0,0,0,1
2659,0,0,0,0,1
2660,0,0,0,0,1
2661,0,0,0,0,1
2662,0,0,0,0,1
2663,0,0,0,0,1
2664,0,0,0,0,1
2665,0,0,0,0,1
2666,0,0,0,0,1
2667,0,0,0,0,1
2668,0,0,0,0,1
2669,0,0,0,0,1
2670,0,0,0,0,1
2671,0,0,0,0,1
2672,0,0,0,0,1
2673,0,0,0,0,1
2674,0,0,0,0,1
2675,0,0,0,0,1
2676,0,0,0,0,1
2677,0,0,0,0,1
2678,0,0,0,0,1
2679,0,0,0,0,1
2680,0,0,0,0,1
2681,0,0,0,0,1
2682,0,0,0,0,1
2683,0,0,0,0,1
2684,0,0,0,0,1
2685,0,0,0,0,1
2686,0,0,0,0,1
2687,0,0,0,0,1
2688,0,0,0,0,1
2689,0,0,0,0,1
2690,0,0,0,0,1
2691,0,0,0,0,1
2692,0,0,0,0,1
2693,0,0,0,0,1
2694,0,0,0,0,1
2695,0,0,0,0,1
2696,0,0,0,0,1
2697,0,0,0,0,1
2698,0,0,0,0,1
2699,0,0,0,0,1
2700,0,0,0,0,1
2701,0,0,0,0,1
2702,0,0,0,0,1
2703,0,0,0,0,1
2704,0,0,0,0,1
2705,0,0,0,0,1
2706,0,0,0,0,1
2707,0,0,0,0,1
2708,0,0,0,0,1
2709,0,0,0,0,1
2710,0,0,0,0,1
2711,0,0,0,0,1
2712,0,0,0,0,1
2713,0,0,0,0,1
2714,0,0,0,0,1
2715,0,0,0,0,1
2716,0,0,0,0,1
2717,0,0,0,0,1
2718,0,0,0,0,1
2719,0,0,0,0,1
2720,0,0,0,0,1
2721,0,0,0,0,1
2722,0,0,0,0,1
2723,0,0,0,0,1
2724,0,0,0,0,1
2725,0,0,0,0,1
2726,0,0,0,0,1
2727,0,0,0,0,1
2728,0,0,0,0,1
2729,0,0,0,0,1
2730,0,0,0,0,1
2731,0,0,0,0,1
2732,0,0,0,0,1
2733,0,0,0,0,1
2734,0,0,0,0,1
2735,0,0,0,0,1
2736,0,0,0,0,1
2737,0,0,0,0,1
2738,0,0,0,0,1
2739,0,0,0,0,1
2740,0,0,0,0,1
2741,0,0,0,0,1
2742,0,0,0,0,1
2743,0,0,0,1,0
2744,0,0,0,1,0
2745,0,0,0,1,0
2746,0,0,0,1,0
2747,0,0,0,1,0
2748,0,0,0,1,0
2749,0,0,0,1,0
2750,0,0,0,1,0
2751,1,0,0,0,0
2752,1,0,0,0,0
2753,1,0,0,0,0
2754,1,0,0,0,0
2755,1,0,0,0,0
2756,1,0,0,0,0
2757,1,0,0,0,0
2758,1,0,0,0,0
2759,1,0,0,0,0
2760,1,0,0,0,0
2761,1,0,0,0,0
2762,1,0,0,0,0
2763,1,0,0,0,0
2764,1,0,0,0,0
2765,1,0,0,0,0
2766,1,0,0,0,0
2767,1,0,0,0,0
2768,1,0,0,0,0
2769,1,0,0,0,0
2770,1,0,0,0,0
2771,1,0,0,0,0
2772,1,0,0,0,0
2773,1,0,0,0,0
2774,1,0,0,0,0
2775,1,0,0,0,0
2776,1,0,0,0,0
2777,1,0,0,0,0
2778,1,0,0,0,0
2779,1,0,0,0,0
2780,1,0,0,0,0
2781,1,0,0,0,0
2782,1,0,0,0,0
2783,1,0,0,0,0
2784,1,0,0,0,0
2785,1,0,0,0,0
2786,1,0,0,0,0
2787,1,0,0,0,0
2788,1,0,0,0,0
2789,1,0,0,0,0
2790,1,0,0,0,0
2791,1,0,0,0,0
2792,1,0,0,0,0
2793,1,0,0,0,0
2794,0,0,0,0,1
2795,0,0,0,0,1
2796,0,0,0,0,1
2797,0,0,0,0,1
2798,0,0,0,0,1
2799,0,0,0,0,1
2800,0,0,0,0,1
2801,0,0,0,0,1
2802,0,0,0,0,1
2803,0,0,0,0,1
2804,0,0,0,0,1
2805,0,0,0,0,1
2806,0,0,0,0,1
2807,0,0,0,0,1
2808,0,0,0,0,1
2809,0,0,0,0,1
2810,0,0,0,0,1
2811,0,0,0,0,1
2812,0,0,0,0,1
2813,0,0,0,0,1
2814,0,0,0,0,1
2815,0,0,0,0,1
2816,0,0,0,0,1
2817,0,0,0,0,1
2818,0,0,0,0,1
2819,0,0,0,0,1
2820,0,0,0,0,1
2821,0,0,0,0,1
2822,0,0,0,0,1
2823,0,0,0,0,1
2824,0,0,0,0,1
2825,0,0,0,0,1
2826,0,0,0,0,1
2827,0,0,0,0,1
2828,0,0,0,0,1
2829,0,0,0,0,1
2830,0,0,0,0,1
2831,0,0,0,0,1
2832,0,0,0,0,1
2833,0,0,0,0,1
2834,0,0,0,0,1
2835,0,0,0,0,1
2836,0,0,0,0,1
2837,0,0,0,0,1
2838,0,0,0,0,1
2839,0,0,0,0,1
2840,0,0,0,0,1
2841,0,0,0,0,1
2842,0,0,0,0,1
2843,0,0,0,0,1
2844,0,0,0,0,1
2845,0,0,0,0,1
2846,0,0,0,0,1
2847,0,0,0,0,1
2848,0,0,0,0,1
2849,0,0,0,0,1
2850,0,0,0,0,1
2851,0,0,0,0,1
2852,0,0,0,0,1
2853,0,0,0,0,1
2854,0,0,0,0,1
2855,0,0,0,0,1
2856,0,0,0,0,1
2857,0,0,0,0,1
2858,0,0,0,0,1
2859,0,0,0,0,1
2860,0,0,0,0,1
2861,0,0,0,0,1
2862,0,0,0,0,1
2863,0,0,0,0,1
2864,0,0,0,0,1
2865,0,0,0,0,1
2866,0,0,0,0,1
2867,0,0,0,0,1
2868,0,0,0,0,1
2869,0,0,0,0,1
2870,1,0,0,0,0
2871,1,0,0,0,0
2872,1,0,0,0,0
2873,1,0,0,0,0
2874,1,0,0,0,0
2875,1,0,0,0,0
2876,1,0,0,0,0
2877,1,0,0,0,0
2878,1,0,0,0,0
2879,1,0,0,0,0
2880,1,0,0,0,0
2881,1,0,0,0,0
2882,1,0,0,0,0
2883,1,0,0,0,0
2884,1,0,0,0,0
2885,1,0,0,0,0
2886,1,0,0,0,0
2887,1,0,0,0,0
2888,1,0,0,0,0
2889,1,0,0,0,0
2890,1,0,0,0,0
2891,1,0,0,0,0
2892,1,0,0,0,0
2893,1,0,0,0,0
2894,1,0,0,0,0
2895,1,0,0,0,0
2896,1,0,0,0,0
2897,1,0,0,0,0
2898,1,0,0,0,0
2899,1,0,0,0,0
2900,1,0,0,0,0
2901,1,0,0,0,0
2902,1,0,0,0,0
2903,1,0,0,0,0
2904,1,0,0,0,0
2905,1,0,0,0,0
2906,1,0,0,0,0
2907,1,0,0,0,0
2908,1,0,0,0,0
2909,1,0,0,0,0
2910,1,0,0,0,0
2911,1,0,0,0,0
2912,1,0,0,0,0
2913,1,0,0,0,0
2914,1,0,0,0,0
2915,1,0,0,0,0
2916,1,0,0,0,0
2917,1,0,0,0,0
2918,1,0,0,0,0
2919,1,0,0,0,0
2920,1,0,0,0,0
2921,1,0,0,0,0
2922,1,0,0,0,0
2923,1,0,0,0,0
2924,1,0,0,0,0
2925,1,0,0,0,0
2926,1,0,0,0,0
2927,1,0,0,0,0
2928,1,0,0,0,0
2929,1,0,0,0,0
2930,1,0,0,0,0
2931,1,0,0,0,0
2932,1,0,0,0,0
2933,1,0,0,0,0
2934,1,0,0,0,0
2935,1,0,0,0,0
2936,1,0,0,0,0
2937,1,0,0,0,0
2938,1,0,0,0,0
2939,1,0,0,0,0
2940,1,0,0,0,0
2941,1,0,0,0,0
2942,1,0,0,0,0
2943,1,0,0,0,0
2944,1,0,0,0,0
2945,1,0,0,0,0
2946,1,0,0,0,0
2947,1,0,0,0,0
2948,1,0,0,0,0
2949,1,0,0,0,0
2950,1,0,0,0,0
2951,1,0,0,0,0
2952,1,0,0,0,0
2953,1,0,0,0,0
2954,1,0,0,0,0
2955,1,0,0,0,0
2956,1,0,0,0,0
2957,1,0,0,0,0
2958,1,0,0,0,0
2959,1,0,0,0,0
2960,1,0,0,0,0
2961,1,0,0,0,0
2962,1,0,0,0,0
2963,1,0,0,0,0
2964,1,0,0,0,0
2965,1,0,0,0,0
2966,1,0,0,0,0
2967,1,0,0,0,0
2968,1,0,0,0,0
2969,1,0,0,0,0
2970,1,0,0,0,0
2971,1,0,0,0,0
2972,1,0,0,0,0
2973,1,0,0,0,0
2974,1,0,0,0,0
2975,1,0,0,0,0
2976,1,0,0,0,0
2977,1,0,0,0,0
2978,1,0,0,0,0
2979,1,0,0,0,0
2980,1,0,0,0,0
2981,1,0,0,0,0
2982,1,0,0,0,0
2983,1,0,0,0,0
2984,1,0,0,0,0
2985,1,0,0,0,0
2986,1,0,0,0,0
2987,1,0,0,0,0
2988,1,0,0,0,0
2989,1,0,0,0,0
2990,1,0,0,0,0
2991,1,0,0,0,0
2992,1,0,0,0,0
2993,1,0,0,0,0
2994,1,0,0,0,0
2995,1,0,0,0,0
2996,1,0,0,0,0
2997,1,0,0,0,0
2998,1,0,0,0,0
2999,1,0,0,0,0
3000,1,0,0,0,0
3001,1,0,0,0,0
3002,1,0,0,0,0
3003,1,0,0,0,0
3004,1,0,0,0,0
3005,1,0,0,0,0
3006,1,0,0,0,0
3007,1,0,0,0,0
3008,1,0,0,0,0
3009,1,0,0,0,0
3010,1,0,0,0,0
3011,1,0,0,0,0
3012,1,0,0,0,0
3013,1,0,0,0,0
3014,1,0,0,0,0
3015,1,0,0,0,0
3016,1,0,0,0,0
3017,1,0,0,0,0
3018,1,0,0,0,0
3019,1,0,0,0,0
3020,1,0,0,0,0
3021,1,0,0,0,0
3022,1,0,0,0,0
3023,1,0,0,0,0
3024,1,0,0,0,0
3025,1,0,0,0,0
3026,1,0,0,0,0
3027,1,0,0,0,0
3028,1,0,0,0,0
3029,1,0,0,0,0
3030,1,0,0,0,0
3031,1,0,0,0,0
3032,1,0,0,0,0
3033,1,0,0,0,0
3034,1,0,0,0,0
3035,1,0,0,0,0
3036,1,0,0,0,0
3037,1,0,0,0,0
3038,1,0,0,0,0
3039,1,0,0,0,0
3040,1,0,0,0,0
3041,1,0,0,0,0
3042,1,0,0,0,0
3043,1,0,0,0,0
3044,1,0,0,0,0
3045,0,0,0,0,1
3046,0,0,0,0,1
3047,0,0,0,0,1
3048,0,0,0,0,1
3049,0,0,0,0,1
3050,0,0,0,0,1
3051,0,0,0,0,1
3052,0,0,0,0,1
3053,0,0,0,0,1
3054,0,0,0,0,1
3055,0,0,0,0,1
3056,0,0,0,0,1
3057,0,0,0,0,1
3058,0,0,0,0,1
3059,0,0,0,0,1
3060,0,0,0,0,1
3061,0,0,0,0,1
3062,0,0,0,0,1
3063,0,0,0,0,1
3064,0,0,0,0,1
3065,0,0,0,0,1
3066,0,0,0,0,1
3067,0,0,0,0,1
3068,0,0,0,0,1
3069,0,0,0,0,1
3070,0,0,0,0,1
3071,0,0,0,0,1
3072,0,0,0,0,1
3073,0,0,0,0,1
3074,0,0,0,0,1
3075,0,0,0,0,1
3076,0,0,0,0,1
3077,0,0,0,0,1
3078,0,0,0,0,1
3079,0,0,0,0,1
3080,0,0,0,0,1
3081,0,0,0,0,1
3082,0,0,0,0,1
3083,0,0,0,0,1
3084,0,0,0,0,1
3085,0,0,0,0,1
3086,0,0,0,0,1
3087,0,0,0,0,1
3088,0,0,0,0,1
3089,0,0,0,0,1
3090,0,0,0,0,1
3091,0,0,0,0,1
3092,0,0,0,0,1
3093,0,0,0,0,1
3094,0,0,0,0,1
3095,0,0,0,0,1
3096,0,0,0,0,1
3097,0,0,0,0,1
3098,0,0,0,0,1
3099,0,0,0,0,1
3100,0,0,0,0,1
3101,0,0,0,0,1
3102,0,0,0,0,1
3103,0,0,0,0,1
3104,0,0,0,0,1
3105,0,0,0,0,1
3106,0,0,0,0,1
3107,0,0,0,0,1
3108,0,0,0,0,1
3109,0,0,0,0,1
3110,0,0,0,0,1
3111,0,0,0,0,1
3112,0,0,0,0,1
3113,0,0,0,0,1
3114,0,0,0,0,1
3115,0,0,0,0,1
3116,0,0,0,0,1
3117,0,0,0,0,1
3118,0,0,0,0,1
3119,0,0,0,0,1
3120,0,0,0,0,1
3121,0,0,0,0,1
3122,0,0,0,0,1
3123,0,0,0,0,1
3124,0,0,0,0,1
3125,0,0,0,0,1
3126,0,0,0,0,1
3127,0,0,0,0,1
3128,0,0,0,0,1
3129,0,0,0,0,1
3130,0,0,0,0,1
3131,0,0,0,0,1
3132,0,0,0,0,1
3133,0,0,0,0,1
3134,1,0,0,0,0
3135,1,0,0,0,0
3136,1,0,0,0,0
3137,1,0,0,0,0
3138,1,0,0,0,0
3139,1,0,0,0,0
3140,1,0,0,0,0
3141,1,0,0,0,0
3142,1,0,0,0,0
3143,1,0,0,0,0
3144,1,0,0,0,0
3145,1,0,0,0,0
3146,1,0,0,0,0
3147,1,0,0,0,0
3148,1,0,0,0,0
3149,1,0,0,0,0
3150,1,0,0,0,0
3151,1,0,0,0,0
3152,1,0,0,0,0
3153,1,0,0,0,0
3154,1,0,0,0,0
3155,1,0,0,0,0
3156,1,0,0,0,0
3157,1,0,0,0,0
3158,1,0,0,0,0
3159,1,0,0,0,0
3160,1,0,0,0,0
3161,1,0,0,0,0
3162,1,0,0,0,0
3163,1,0,0,0,0
3164,1,0,0,0,0
3165,1,0,0,0,0
3166,1,0,0,0,0
3167,1,0,0,0,0
3168,1,0,0,0,0
3169,1,0,0,0,0
3170,1,0,0,0,0
3171,1,0,0,0,0
3172,1,0,0,0,0
3173,1,0,0,0,0
3174,1,0,0,0,0
3175,1,0,0,0,0
3176,1,0,0,0,0
3177,1,0,0,0,0
3178,1,0,0,0,0
3179,1,0,0,0,0
3180,1,0,0,0,0
3181,1,0,0,0,0
3182,1,0,0,0,0
3183,1,0,0,0,0
3184,1,0,0,0,0
3185,1,0,0,0,0
3186,1,0,0,0,0
3187,1,0,0,0,0
3188,1,0,0,0,0
3189,1,0,0,0,0
3190,1,0,0,0,0
3191,1,0,0,0,0
3192,1,0,0,0,0
3193,1,0,0,0,0
3194,1,0,0,0,0
3195,1,0,0,0,0
3196,1,0,0,0,0
3197,1,0,0,0,0
3198,1,0,0,0,0
3199,1,0,0,0,0
3200,1,0,0,0,0
3201,1,0,0,0,0
3202,1,0,0,0,0
3203,1,0,0,0,0
3204,1,0,0,0,0
3205,1,0,0,0,0
3206,1,0,0,0,0
3207,1,0,0,0,0
3208,1,0,0,0,0
3209,1,0,0,0,0
3210,1,0,0,0,0
3211,1,0,0,0,0
3212,1,0,0,0,0
3213,1,0,0,0,0
3214,1,0,0,0,0
3215,1,0,0,0,0
3216,1,0,0,0,0
3217,1,0,0,0,0
3218,1,0,0,0,0
3219,1,0,0,0,0
3220,1,0,0,0,0
3221,1,0,0,0,0
3222,1,0,0,0,0
3223,1,0,0,0,0
3224,1,0,0,0,0
3225,1,0,0,0,0
3226,1,0,0,0,0
3227,1,0,0,0,0
3228,1,0,0,0,0
3229,1,0,0,0,0
3230,1,0,0,0,0
3231,1,0,0,0,0
3232,1,0,0,0,0
3233,1,0,0,0,0
3234,1,0,0,0,0
3235,1,0,0,0,0
3236,1,0,0,0,0
3237,1,0,0,0,0
3238,1,0,0,0,0
3239,1,0,0,0,0
3240,1,0,0,0,0
3241,1,0,0,0,0
3242,1,0,0,0,0
3243,1,0,0,0,0
3244,1,0,0,0,0
3245,1,0,0,0,0
3246,1,0,0,0,0
3247,1,0,0,0,0
3248,1,0,0,0,0
3249,1,0,0,0,0
3250,1,0,0,0,0
3251,1,0,0,0,0
3252,1,0,0,0,0
3253,1,0,0,0,0
3254,1,0,0,0,0
3255,1,0,0,0,0
3256,1,0,0,0,0
3257,1,0,0,0,0
3258,1,0,0,0,0
3259,1,0,0,0,0
3260,1,0,0,0,0
3261,1,0,0,0,0
3262,1,0,0,0,0
3263,1,0,0,0,0
3264,1,0,0,0,0
3265,1,0,0,0,0
3266,1,0,0,0,0
3267,1,0,0,0,0
3268,1,0,0,0,0
3269,1,0,0,0,0
3270,1,0,0,0,0
3271,1,0,0,0,0
3272,1,0,0,0,0
3273,1,0,0,0,0
3274,0,0,0,0,1
3275,0,0,0,0,1
3276,0,0,0,0,1
3277,0,0,0,0,1
3278,0,0,0,0,1
3279,0,0,0,0,1
3280,0,0,0,0,1
3281,0,0,0,0,1
3282,0,0,0,0,1
3283,0,0,0,0,1
3284,0,0,0,0,1
3285,0,0,0,0,1
3286,0,0,0,0,1
3287,0,0,0,0,1
3288,0,0,0,0,1
3289,0,0,0,0,1
3290,0,0,0,0,1
3291,0,0,0,0,1
3292,0,0,0,0,1
3293,0,0,0,0,1
3294,0,0,0,0,1
3295,0,0,0,0,1
3296,0,0,0,0,1
3297,0,0,0,0,1
3298,0,0,0,0,1
3299,0,0,0,0,1
3300,0,0,0,0,1
3301,0,0,0,0,1
3302,0,0,0,0,1
3303,0,0,0,0,1
3304,0,0,0,0,1
3305,0,0,0,0,1
3306,0,0,0,0,1
3307,0,0,0,0,1
3308,0,0,0,0,1
3309,0,0,0,0,1
3310,0,0,0,0,1
3311,0,0,0,0,1
3312,0,0,0,0,1
3313,0,0,0,0,1
3314,0,0,0,0,1
3315,0,0,0,0,1
3316,0,0,0,0,1
3317,0,0,0,0,1
3318,0,0,0,0,1
3319,0,0,0,0,1
3320,0,0,0,0,1
3321,0,0,0,0,1
3322,0,0,0,0,1
3323,0,0,0,0,1
3324,0,0,0,0,1
3325,0,0,0,0,1
3326,0,0,0,0,1
3327,0,0,0,0,1
3328,0,0,0,0,1
3329,0,0,0,0,1
3330,0,0,0,0,1
3331,0,0,0,0,1
3332,0,0,0,0,1
3333,0,0,0,0,1
3334,0,0,0,0,1
3335,0,0,0,0,1
3336,0,0,0,0,1
3337,0,0,0,0,1
3338,0,0,0,0,1
3339,0,0,0,0,1
3340,0,0,0,0,1
3341,0,0,0,0,1
3342,0,0,0,0,1
3343,0,0,0,0,1
3344,0,0,0,0,1
3345,0,0,0,0,1
3346,0,0,0,0,1
3347,0,0,0,0,1
3348,0,0,0,0,1
3349,0,0,0,0,1
3350,0,0,0,0,1
3351,0,0,0,0,1
3352,0,0,0,0,1
3353,0,0,0,0,1
3354,0,0,0,0,1
3355,0,0,0,0,1
3356,0,0,0,0,1
3357,0,0,0,0,1
3358,0,0,0,0,1
3359,0,0,0,0,1
3360,0,0,0,0,1
3361,0,0,0,0,1
3362,0,0,0,0,1
3363,0,0,0,0,1
3364,0,0,0,0,1
3365,0,0,0,0,1
3366,0,0,0,0,1
3367,0,0,0,0,1
3368,0,0,0,0,1
3369,0,0,0,0,1
3370,0,0,0,0,1
3371,0,0,0,0,1
3372,0,0,0,0,1
3373,0,0,0,0,1
3374,0,0,0,0,1
3375,0,0,0,0,1
3376,0,0,0,0,1
3377,0,0,0,0,1
3378,0,0,0,0,1
3379,0,0,0,0,1
3380,0,0,0,0,1
3381,0,0,0,0,1
3382,0,0,0,0,1
3383,0,0,0,0,1
3384,0,0,0,0,1
3385,0,0,0,0,1
3386,0,0,0,0,1
3387,0,0,0,0,1
3388,0,0,0,0,1
3389,0,0,0,0,1
3390,0,0,0,0,1
3391,0,0,0,0,1
3392,0,0,0,0,1
3393,0,0,0,0,1
3394,0,0,0,0,1
3395,0,0,0,0,1
3396,0,0,0,0,1
3397,0,0,0,0,1
3398,0,0,0,0,1
3399,0,0,0,0,1
3400,0,0,0,0,1
3401,0,0,0,0,1
3402,0,0,0,0,1
3403,0,0,0,0,1
3404,0,0,0,0,1
3405,1,0,0,0,0
3406,1,0,0,0,0
3407,1,0,0,0,0
3408,1,0,0,0,0
3409,1,0,0,0,0
3410,1,0,0,0,0
3411,1,0,0,0,0
3412,1,0,0,0,0
3413,1,0,0,0,0
3414,1,0,0,0,0
3415,1,0,0,0,0
3416,1,0,0,0,0
3417,1,0,0,0,0
3418,1,0,0,0,0
3419,1,0,0,0,0
3420,1,0,0,0,0
3421,1,0,0,0,0
3422,1,0,0,0,0
3423,1,0,0,0,0
3424,1,0,0,0,0
3425,1,0,0,0,0
3426,1,0,0,0,0
3427,1,0,0,0,0
3428,1,0,0,0,0
3429,1,0,0,0,0
3430,1,0,0,0,0
3431,1,0,0,0,0
3432,1,0,0,0,0
3433,1,0,0,0,0
3434,1,0,0,0,0
3435,1,0,0,0,0
3436,1,0,0,0,0
3437,1,0,0,0,0
3438,1,0,0,0,0
3439,1,0,0,0,0
3440,1,0,0,0,0
3441,1,0,0,0,0
3442,1,0,0,0,0
3443,1,0,0,0,0
3444,1,0,0,0,0
3445,1,0,0,0,0
3446,1,0,0,0,0
3447,1,0,0,0,0
3448,1,0,0,0,0
3449,1,0,0,0,0
3450,1,0,0,0,0
3451,1,0,0,0,0
3452,1,0,0,0,0
3453,1,0,0,0,0
3454,1,0,0,0,0
3455,1,0,0,0,0
3456,1,0,0,0,0
3457,1,0,0,0,0
3458,1,0,0,0,0
3459,1,0,0,0,0
3460,1,0,0,0,0
3461,1,0,0,0,0
3462,1,0,0,0,0
3463,1,0,0,0,0
3464,1,0,0,0,0
3465,1,0,0,0,0
3466,1,0,0,0,0
3467,1,0,0,0,0
3468,1,0,0,0,0
3469,1,0,0,0,0
3470,1,0,0,0,0
3471,1,0,0,0,0
3472,1,0,0,0,0
3473,1,0,0,0,0
3474,1,0,0,0,0
3475,1,0,0,0,0
3476,1,0,0,0,0
3477,1,0,0,0,0
3478,1,0,0,0,0
3479,1,0,0,0,0
3480,1,0,0,0,0
3481,1,0,0,0,0
3482,1,0,0,0,0
3483,1,0,0,0,0
3484,1,0,0,0,0
3485,1,0,0,0,0
3486,1,0,0,0,0
3487,1,0,0,0,0
3488,1,0,0,0,0
3489,1,0,0,0,0
3490,0,0,0,0,1
3491,0,0,0,0,1
3492,0,0,0,0,1
3493,0,0,0,0,1
3494,0,0,0,0,1
3495,0,0,0,0,1
3496,0,0,0,0,1
3497,0,0,0,0,1
3498,0,0,0,0,1
3499,0,0,0,0,1
3500,0,0,0,0,1
3501,0,0,0,0,1
3502,0,0,0,0,1
3503,0,0,0,0,1
3504,0,0,0,0,1
3505,0,0,0,0,1
3506,0,0,0,0,1
3507,0,0,0,0,1
3508,0,0,0,0,1
3509,0,0,0,0,1
3510,0,0,0,0,1
3511,0,0,0,0,1
3512,0,0,0,0,1
3513,0,0,0,0,1
3514,0,0,0,0,1
3515,0,0,0,0,1
3516,0,0,0,0,1
3517,0,0,0,0,1
3518,0,0,0,0,1
3519,0,0,0,0,1
3520,0,0,0,0,1
3521,0,0,0,0,1
3522,0,0,0,0,1
3523,0,0,0,0,1
3524,0,0,0,0,1
3525,0,0,0,0,1
3526,0,0,0,0,1
3527,0,0,0,0,1
3528,0,0,0,0,1
3529,0,0,0,0,1
3530,0,0,0,0,1
3531,0,0,0,0,1
3532,0,0,0,0,1
3533,0,0,0,0,1
3534,0,0,0,0,1
3535,0,0,0,0,1
3536,0,0,0,0,1
3537,0,0,0,0,1
3538,0,0,0,0,1
3539,0,0,0,0,1
3540,0,0,0,0,1
3541,0,0,0,0,1
3542,0,0,0,0,1
3543,0,0,0,0,1
3544,0,0,0,0,1
3545,0,0,0,0,1
3546,0,0,0,0,1
3547,0,0,0,0,1
3548,0,0,0,0,1
3549,0,0,0,0,1
3550,0,0,0,0,1
3551,0,0,0,0,1
3552,0,0,0,0,1
3553,0,0,0,0,1
3554,0,0,0,0,1
3555,0,0,0,0,1
3556,0,0,0,0,1
3557,0,0,0,0,1
3558,0,0,0,0,1
3559,1,0,0,0,0
3560,1,0,0,0,0
3561,1,0,0,0,0
3562,1,0,0,0,0
3563,1,0,0,0,0
3564,1,0,0,0,0
3565,1,0,0,0,0
3566,1,0,0,0,0
3567,1,0,0,0,0
3568,1,0,0,0,0
3569,1,0,0,0,0
3570,1,0,0,0,0
3571,1,0,0,0,0
3572,1,0,0,0,0
3573,1,0,0,0,0
3574,1,0,0,0,0
3575,1,0,0,0,0
3576,1,0,0,0,0
3577,1,0,0,0,0
3578,1,0,0,0,0
3579,1,0,0,0,0
3580,1,0,0,0,0
3581,1,0,0,0,0
3582,1,0,0,0,0
3583,1,0,0,0,0
3584,1,0,0,0,0
3585,1,0,0,0,0
3586,1,0,0,0,0
3587,1,0,0,0,0
3588,1,0,0,0,0
3589,1,0,0,0,0
3590,1,0,0,0,0
3591,1,0,0,0,0
3592,1,0,0,0,0
3593,1,0,0,0,0
3594,1,0,0,0,0
3595,1,0,0,0,0
3596,1,0,0,0,0
3597,1,0,0,0,0
3598,1,0,0,0,0
3599,1,0,0,0,0
3600,1,0,0,0,0
3601,1,0,0,0,0
3602,1,0,0,0,0
3603,1,0,0,0,0
3604,1,0,0,0,0
3605,1,0,0,0,0
3606,1,0,0,0,0
3607,1,0,0,0,0
3608,1,0,0,0,0
3609,1,0,0,0,0
3610,1,0,0,0,0
3611,1,0,0,0,0
3612,1,0,0,0,0
3613,1,0,0,0,0
3614,1,0,0,0,0
3615,1,0,0,0,0
3616,1,0,0,0,0
3617,1,0,0,0,0
3618,1,0,0,0,0
3619,1,0,0,0,0
3620,1,0,0,0,0
3621,1,0,0,0,0
3622,1,0,0,0,0
3623,1,0,0,0,0
3624,1,0,0,0,0
3625,1,0,0,0,0
3626,1,0,0,0,0
3627,1,0,0,0,0
3628,1,0,0,0,0
3629,1,0,0,0,0
3630,1,0,0,0,0
3631,1,0,0,0,0
3632,1,0,0,0,0
3633,1,0,0,0,0
3634,1,0,0,0,0
3635,1,0,0,0,0
3636,1,0,0,0,0
3637,1,0,0,0,0
3638,1,0,0,0,0
3639,1,0,0,0,0
3640,1,0,0,0,0
3641,1,0,0,0,0
3642,1,0,0,0,0
3643,1,0,0,0,0
3644,1,0,0,0,0
3645,1,0,0,0,0
3646,1,0,0,0,0
3647,1,0,0,0,0
3648,1,0,0,0,0
3649,1,0,0,0,0
3650,1,0,0,0,0
3651,1,0,0,0,0
3652,1,0,0,0,0
3653,1,0,0,0,0
3654,1,0,0,0,0
3655,1,0,0,0,0
3656,1,0,0,0,0
3657,1,0,0,0,0
3658,1,0,0,0,0
3659,1,0,0,0,0
3660,1,0,0,0,0
3661,1,0,0,0,0
3662,1,0,0,0,0
3663,1,0,0,0,0
3664,1,0,0,0,0
3665,1,0,0,0,0
3666,1,0,0,0,0
3667,1,0,0,0,0
3668,1,0,0,0,0
3669,1,0,0,0,0
3670,1,0,0,0,0
3671,1,0,0,0,0
3672,1,0,0,0,0
3673,1,0,0,0,0
3674,1,0,0,0,0
3675,1,0,0,0,0
3676,1,0,0,0,0
3677,1,0,0,0,0
3678,1,0,0,0,0
3679,1,0,0,0,0
3680,1,0,0,0,0
3681,1,0,0,0,0
3682,1,0,0,0,0
3683,1,0,0,0,0
3684,1,0,0,0,0
3685,1,0,0,0,0
3686,1,0,0,0,0
3687,1,0,0,0,0
3688,1,0,0,0,0
3689,1,0,0,0,0
3690,1,0,0,0,0
3691,1,0,0,0,0
3692,1,0,0,0,0
3693,1,0,0,0,0
3694,1,0,0,0,0
3695,1,0,0,0,0
3696,1,0,0,0,0
3697,1,0,0,0,0
3698,1,0,0,0,0
3699,1,0,0,0,0
3700,1,0,0,0,0
3701,1,0,0,0,0
3702,1,0,0,0,0
3703,1,0,0,0,0
3704,1,0,0,0,0
3705,1,0,0,0,0
3706,1,0,0,0,0
3707,1,0,0,0,0
3708,1,0,0,0,0
3709,1,0,0,0,0
3710,1,0,0,0,0
3711,1,0,0,0,0
3712,1,0,0,0,0
3713,1,0,0,0,0
3714,1,0,0,0,0
3715,1,0,0,0,0
3716,1,0,0,0,0
3717,1,0,0,0,0
3718,1,0,0,0,0
3719,1,0,0,0,0
3720,1,0,0,0,0
3721,1,0,0,0,0
3722,1,0,0,0,0
3723,1,0,0,0,0
3724,1,0,0,0,0
3725,1,0,0,0,0
3726,1,0,0,0,0
3727,1,0,0,0,0
3728,1,0,0,0,0
3729,1,0,0,0,0
3730,1,0,0,0,0
3731,1,0,0,0,0
3732,1,0,0,0,0
3733,1,0,0,0,0
3734,1,0,0,0,0
3735,1,0,0,0,0
3736,1,0,0,0,0
3737,1,0,0,0,0
3738,1,0,0,0,0
3739,1,0,0,0,0
3740,1,0,0,0,0
3741,1,0,0,0,0
3742,1,0,0,0,0
3743,1,0,0,0,0
3744,1,0,0,0,0
3745,1,0,0,0,0
3746,1,0,0,0,0
3747,1,0,0,0,0
3748,1,0,0,0,0
3749,1,0,0,0,0
3750,1,0,0,0,0
3751,1,0,0,0,0
3752,1,0,0,0,0
3753,1,0,0,0,0
3754,1,0,0,0,0
3755,1,0,0,0,0
3756,1,0,0,0,0
3757,1,0,0,0,0
3758,1,0,0,0,0
3759,1,0,0,0,0
3760,1,0,0,0,0
3761,1,0,0,0,0
3762,1,0,0,0,0
3763,1,0,0,0,0
3764,1,0,0,0,0
3765,1,0,0,0,0
3766,1,0,0,0,0
3767,1,0,0,0,0
3768,1,0,0,0,0
3769,1,0,0,0,0
3770,1,0,0,0,0
3771,1,0,0,0,0
3772,1,0,0,0,0
3773,1,0,0,0,0
3774,1,0,0,0,0
3775,1,0,0,0,0
3776,1,0,0,0,0
3777,1,0,0,0,0
3778,1,0,0,0,0
3779,1,0,0,0,0
3780,1,0,0,0,0
3781,1,0,0,0,0
3782,1,0,0,0,0
3783,1,0,0,0,0
3784,1,0,0,0,0
3785,1,0,0,0,0
3786,1,0,0,0,0
3787,1,0,0,0,0
3788,1,0,0,0,0
3789,1,0,0,0,0
3790,1,0,0,0,0
3791,1,0,0,0,0
3792,1,0,0,0,0
3793,1,0,0,0,0
3794,1,0,0,0,0
3795,1,0,0,0,0
3796,1,0,0,0,0
3797,1,0,0,0,0
3798,1,0,0,0,0
3799,1,0,0,0,0
3800,1,0,0,0,0
3801,1,0,0,0,0
3802,1,0,0,0,0
3803,0,0,0,0,1
3804,0,0,0,0,1
3805,0,0,0,0,1
3806,0,0,0,0,1
3807,0,0,0,0,1
3808,0,0,0,0,1
3809,0,0,0,0,1
3810,0,0,0,0,1
3811,0,0,0,0,1
3812,0,0,0,0,1
3813,0,0,0,0,1
3814,0,0,0,0,1
3815,0,0,0,0,1
3816,0,0,0,0,1
3817,0,0,0,0,1
3818,0,0,0,0,1
3819,0,0,0,0,1
3820,0,0,0,0,1
3821,0,0,0,0,1
3822,0,0,0,0,1
3823,0,0,0,0,1
3824,0,0,0,0,1
3825,0,0,0,0,1
3826,0,0,0,0,1
3827,0,0,0,0,1
3828,0,0,0,0,1
3829,0,0,0,0,1
3830,0,0,0,0,1
3831,0,0,0,0,1
3832,0,0,0,0,1
3833,0,0,0,0,1
3834,0,0,0,0,1
3835,0,0,0,0,1
3836,0,0,0,0,1
3837,0,0,0,0,1
3838,0,0,0,0,1
3839,0,0,0,0,1
3840,0,0,0,0,1
3841,0,0,0,0,1
3842,1,0,0,0,0
3843,0,1,0,0,0
3844,0,1,0,0,0
3845,0,1,0,0,0
3846,0,1,0,0,0
3847,0,1,0,0,0
3848,0,1,0,0,0
3849,0,1,0,0,0
3850,0,1,0,0,0
3851,0,1,0,0,0
3852,0,1,0,0,0
3853,0,1,0,0,0
3854,0,1,0,0,0
3855,0,1,0,0,0
3856,0,1,0,0,0
3857,0,1,0,0,0
3858,0,1,0,0,0
3859,0,1,0,0,0
3860,0,1,0,0,0
3861,0,1,0,0,0
3862,0,1,0,0,0
3863,0,1,0,0,0
3864,0,1,0,0,0
3865,0,1,0,0,0
3866,0,1,0,0,0
3867,0,1,0,0,0
3868,0,1,0,0,0
3869,0,1,0,0,0
3870,0,1,0,0,0
3871,0,1,0,0,0
3872,0,1,0,0,0
3873,0,1,0,0,0
3874,0,1,0,0,0
3875,0,1,0,0,0
3876,0,1,0,0,0
3877,0,1,0,0,0
3878,0,1,0,0,0
3879,0,1,0,0,0
3880,0,1,0,0,0
3881,0,1,0,0,0
3882,0,1,0,0,0
3883,0,1,0,0,0
3884,1,0,0,0,0
3885,1,0,0,0,0
3886,1,0,0,0,0
3887,1,0,0,0,0
3888,1,0,0,0,0
3889,1,0,0,0,0
3890,1,0,0,0,0
3891,1,0,0,0,0
3892,1,0,0,0,0
3893,1,0,0,0,0
3894,1,0,0,0,0
3895,1,0,0,0,0
3896,1,0,0,0,0
3897,1,0,0,0,0
3898,1,0,0,0,0
3899,1,0,0,0,0
3900,1,0,0,0,0
3901,1,0,0,0,0
3902,1,0,0,0,0
3903,1,0,0,0,0
3904,1,0,0,0,0
3905,1,0,0,0,0
3906,1,0,0,0,0
3907,1,0,0,0,0
3908,1,0,0,0,0
3909,1,0,0,0,0
3910,1,0,0,0,0
3911,1,0,0,0,0
3912,1,0,0,0,0
3913,1,0,0,0,0
3914,1,0,0,0,0
3915,1,0,0,0,0
3916,1,0,0,0,0
3917,1,0,0,0,0
3918,1,0,0,0,0
3919,1,0,0,0,0
3920,1,0,0,0,0
3921,1,0,0,0,0
3922,1,0,0,0,0
3923,1,0,0,0,0
3924,1,0,0,0,0
3925,1,0,0,0,0
3926,1,0,0,0,0
3927,1,0,0,0,0
3928,1,0,0,0,0
3929,1,0,0,0,0
3930,0,0,0,1,0
3931,0,0,0,1,0
3932,0,0,0,1,0
3933,0,0,0,1,0
3934,0,0,0,1,0
3935,0,0,0,1,0
3936,0,0,0,1,0
3937,0,0,0,1,0
3938,0,0,0,1,0
3939,0,0,0,1,0
3940,0,0,0,1,0
3941,0,0,0,1,0
3942,1,0,0,0,0
3943,1,0,0,0,0
3944,1,0,0,0,0
3945,1,0,0,0,0
3946,1,0,0,0,0
3947,1,0,0,0,0
3948,1,0,0,0,0
3949,1,0,0,0,0
3950,1,0,0,0,0
3951,1,0,0,0,0
3952,1,0,0,0,0
3953,1,0,0,0,0
3954,1,0,0,0,0
3955,1,0,0,0,0
3956,1,0,0,0,0
3957,1,0,0,0,0
3958,1,0,0,0,0
3959,1,0,0,0,0
3960,1,0,0,0,0
3961,1,0,0,0,0
3962,1,0,0,0,0
3963,1,0,0,0,0
3964,1,0,0,0,0
3965,1,0,0,0,0
3966,1,0,0,0,0
3967,1,0,0,0,0
3968,1,0,0,0,0
3969,1,0,0,0,0
3970,1,0,0,0,0
3971,1,0,0,0,0
3972,1,0,0,0,0
3973,1,0,0,0,0
3974,1,0,0,0,0
3975,1,0,0,0,0
3976,1,0,0,0,0
3977,1,0,0,0,0
3978,1,0,0,0,0
3979,1,0,0,0,0
3980,1,0,0,0,0
3981,1,0,0,0,0
3982,1,0,0,0,0
3983,1,0,0,0,0
3984,1,0,0,0,0
3985,1,0,0,0,0
3986,1,0,0,0,0
3987,1,0,0,0,0
3988,1,0,0,0,0
3989,1,0,0,0,0
3990,0,1,0,0,0
3991,0,1,0,0,0
3992,0,1,0,0,0
3993,0,1,0,0,0
3994,0,1,0,0,0
3995,0,1,0,0,0
3996,0,1,0,0,0
3997,0,1,0,0,0
3998,0,1,0,0,0
3999,0,1,0,0,0
4000,0,1,0,0,0
4001,0,1,0,0,0
4002,0,1,0,0,0
4003,0,1,0,0,0
4004,0,1,0,0,0
4005,0,1,0,0,0
4006,0,1,0,0,0
4007,0,1,0,0,0
4008,0,1,0,0,0
4009,0,1,0,0,0
4010,0,1,0,0,0
4011,0,1,0,0,0
4012,0,1,0,0,0
4013,0,1,0,0,0
4014,0,1,0,0,0
4015,0,1,0,0,0
4016,0,1,0,0,0
4017,0,1,0,0,0
4018,0,1,0,0,0
4019,0,1,0,0,0
4020,0,1,0,0,0
4021,0,1,0,0,0
4022,1,0,0,0,0
4023,1,0,0,0,0
4024,1,0,0,0,0
4025,1,0,0,0,0
4026,1,0,0,0,0
4027,1,0,0,0,0
4028,1,0,0,0,0
4029,1,0,0,0,0
4030,1,0,0,0,0
4031,1,0,0,0,0
4032,1,0,0,0,0
4033,1,0,0,0,0
4034,1,0,0,0,0
4035,1,0,0,0,0
4036,1,0,0,0,0
4037,1,0,0,0,0
4038,1,0,0,0,0
4039,1,0,0,0,0
4040,1,0,0,0,0
4041,1,0,0,0,0
4042,1,0,0,0,0
4043,1,0,0,0,0
4044,1,0,0,0,0
4045,1,0,0,0,0
4046,1,0,0,0,0
4047,1,0,0,0,0
4048,1,0,0,0,0
4049,1,0,0,0,0
4050,1,0,0,0,0
4051,1,0,0,0,0
4052,1,0,0,0,0
4053,1,0,0,0,0
4054,1,0,0,0,0
4055,1,0,0,0,0
4056,1,0,0,0,0
4057,1,0,0,0,0
4058,1,0,0,0,0
4059,1,0,0,0,0
4060,1,0,0,0,0
4061,1,0,0,0,0
4062,1,0,0,0,0
4063,1,0,0,0,0
4064,1,0,0,0,0
4065,1,0,0,0,0
4066,1,0,0,0,0
4067,1,0,0,0,0
4068,1,0,0,0,0
4069,1,0,0,0,0
4070,1,0,0,0,0
4071,1,0,0,0,0
4072,1,0,0,0,0
4073,1,0,0,0,0
4074,1,0,0,0,0
4075,1,0,0,0,0
4076,1,0,0,0,0
4077,1,0,0,0,0
4078,1,0,0,0,0
4079,1,0,0,0,0
4080,1,0,0,0,0
4081,1,0,0,0,0
4082,1,0,0,0,0
4083,1,0,0,0,0
4084,1,0,0,0,0
4085,1,0,0,0,0
4086,0,1,0,0,0
4087,0,1,0,0,0
4088,0,1,0,0,0
4089,0,1,0,0,0
4090,0,1,0,0,0
4091,0,1,0,0,0
4092,0,1,0,0,0
4093,0,1,0,0,0
4094,0,1,0,0,0
4095,0,1,0,0,0
4096,0,1,0,0,0
4097,0,1,0,0,0
4098,0,1,0,0,0
4099,0,1,0,0,0
4100,0,1,0,0,0
4101,0,1,0,0,0
4102,0,1,0,0,0
4103,0,1,0,0,0
4104,0,1,0,0,0
4105,0,1,0,0,0
4106,0,1,0,0,0
4107,0,1,0,0,0
4108,0,1,0,0,0
4109,0,1,0,0,0
4110,0,1,0,0,0
4111,0,1,0,0,0
4112,0,1,0,0,0
4113,0,1,0,0,0
4114,0,1,0,0,0
4115,0,1,0,0,0
4116,0,1,0,0,0
4117,0,1,0,0,0
4118,0,1,0,0,0
4119,0,1,0,0,0
4120,0,1,0,0,0
4121,0,1,0,0,0
4122,0,1,0,0,0
4123,0,1,0,0,0
4124,0,1,0,0,0
4125,0,1,0,0,0
4126,0,1,0,0,0
4127,0,1,0,0,0
4128,1,0,0,0,0
4129,1,0,0,0,0
4130,1,0,0,0,0
4131,1,0,0,0,0
4132,1,0,0,0,0
4133,1,0,0,0,0
4134,1,0,0,0,0
4135,1,0,0,0,0
4136,1,0,0,0,0
4137,1,0,0,0,0
4138,1,0,0,0,0
4139,1,0,0,0,0
4140,1,0,0,0,0
4141,1,0,0,0,0
4142,1,0,0,0,0
4143,1,0,0,0,0
4144,1,0,0,0,0
4145,1,0,0,0,0
4146,1,0,0,0,0
4147,1,0,0,0,0
4148,1,0,0,0,0
4149,1,0,0,0,0
4150,1,0,0,0,0
4151,1,0,0,0,0
4152,1,0,0,0,0
4153,1,0,0,0,0
4154,0,0,0,0,1
4155,0,0,0,0,1
4156,0,0,0,0,1
4157,0,0,0,0,1
4158,0,0,0,0,1
4159,0,0,0,0,1
4160,0,0,0,0,1
4161,0,0,0,0,1
4162,0,0,0,0,1
4163,0,0,0,0,1
4164,0,0,0,0,1
4165,0,0,0,0,1
4166,0,0,0,0,1
4167,0,0,0,0,1
4168,0,0,0,0,1
4169,0,0,0,0,1
4170,0,0,0,0,1
4171,0,0,0,0,1
4172,0,0,0,0,1
4173,0,0,0,0,1
4174,0,0,0,0,1
4175,0,0,0,0,1
4176,0,0,0,0,1
4177,0,0,0,0,1
4178,0,0,0,0,1
4179,0,0,0,0,1
4180,0,0,0,0,1
4181,0,0,0,0,1
4182,0,0,0,0,1
4183,0,0,0,0,1
4184,0,0,0,0,1
4185,1,0,0,0,0
4186,1,0,0,0,0
4187,1,0,0,0,0
4188,1,0,0,0,0
4189,1,0,0,0,0
4190,1,0,0,0,0
4191,1,0,0,0,0
4192,1,0,0,0,0
4193,1,0,0,0,0
4194,1,0,0,0,0
4195,1,0,0,0,0
4196,1,0,0,0,0
4197,1,0,0,0,0
4198,1,0,0,0,0
4199,1,0,0,0,0
4200,1,0,0,0,0
4201,1,0,0,0,0
4202,1,0,0,0,0
4203,1,0,0,0,0
4204,1,0,0,0,0
4205,1,0,0,0,0
4206,1,0,0,0,0
4207,1,0,0,0,0
4208,1,0,0,0,0
4209,1,0,0,0,0
4210,1,0,0,0,0
4211,1,0,0,0,0
4212,1,0,0,0,0
4213,1,0,0,0,0
4214,1,0,0,0,0
4215,1,0,0,0,0
4216,1,0,0,0,0
4217,1,0,0,0,0
4218,1,0,0,0,0
4219,1,0,0,0,0
4220,1,0,0,0,0
4221,1,0,0,0,0
4222,1,0,0,0,0
4223,1,0,0,0,0
4224,1,0,0,0,0
4225,1,0,0,0,0
4226,1,0,0,0,0
4227,1,0,0,0,0
4228,1,0,0,0,0
4229,1,0,0,0,0
4230,1,0,0,0,0
4231,1,0,0,0,0
4232,1,0,0,0,0
4233,1,0,0,0,0
4234,1,0,0,0,0
4235,1,0,0,0,0
4236,1,0,0,0,0
4237,1,0,0,0,0
4238,1,0,0,0,0
4239,1,0,0,0,0
4240,1,0,0,0,0
4241,1,0,0,0,0
4242,1,0,0,0,0
4243,1,0,0,0,0
4244,1,0,0,0,0
4245,1,0,0,0,0
4246,1,0,0,0,0
4247,1,0,0,0,0
4248,1,0,0,0,0
4249,1,0,0,0,0
4250,1,0,0,0,0
4251,1,0,0,0,0
4252,1,0,0,0,0
4253,1,0,0,0,0
4254,1,0,0,0,0
4255,1,0,0,0,0
4256,1,0,0,0,0
4257,1,0,0,0,0
4258,1,0,0,0,0
4259,1,0,0,0,0
4260,1,0,0,0,0
4261,1,0,0,0,0
4262,1,0,0,0,0
4263,1,0,0,0,0
4264,1,0,0,0,0
4265,1,0,0,0,0
4266,1,0,0,0,0
4267,1,0,0,0,0
4268,1,0,0,0,0
4269,1,0,0,0,0
4270,1,0,0,0,0
4271,1,0,0,0,0
4272,1,0,0,0,0
4273,1,0,0,0,0
4274,1,0,0,0,0
4275,1,0,0,0,0
4276,1,0,0,0,0
4277,1,0,0,0,0
4278,1,0,0,0,0
4279,1,0,0,0,0
4280,1,0,0,0,0
4281,1,0,0,0,0
4282,1,0,0,0,0
4283,1,0,0,0,0
4284,1,0,0,0,0
4285,1,0,0,0,0
4286,1,0,0,0,0
4287,1,0,0,0,0
4288,1,0,0,0,0
4289,1,0,0,0,0
4290,1,0,0,0,0
4291,1,0,0,0,0
4292,1,0,0,0,0
4293,1,0,0,0,0
4294,1,0,0,0,0
4295,1,0,0,0,0
4296,1,0,0,0,0
4297,1,0,0,0,0
4298,1,0,0,0,0
4299,1,0,0,0,0
4300,1,0,0,0,0
4301,1,0,0,0,0
4302,1,0,0,0,0
4303,1,0,0,0,0
4304,1,0,0,0,0
4305,1,0,0,0,0
4306,1,0,0,0,0
4307,1,0,0,0,0
4308,1,0,0,0,0
4309,1,0,0,0,0
4310,1,0,0,0,0
4311,1,0,0,0,0
4312,1,0,0,0,0
4313,1,0,0,0,0
4314,1,0,0,0,0
4315,1,0,0,0,0
4316,1,0,0,0,0
4317,1,0,0,0,0
4318,1,0,0,0,0
4319,1,0,0,0,0
4320,1,0,0,0,0
4321,1,0,0,0,0
4322,1,0,0,0,0
4323,1,0,0,0,0
4324,1,0,0,0,0
4325,1,0,0,0,0
4326,1,0,0,0,0
4327,1,0,0,0,0
4328,1,0,0,0,0
4329,1,0,0,0,0
4330,1,0,0,0,0
4331,1,0,0,0,0
4332,1,0,0,0,0
4333,1,0,0,0,0
4334,1,0,0,0,0
4335,1,0,0,0,0
4336,1,0,0,0,0
4337,1,0,0,0,0
4338,1,0,0,0,0
4339,1,0,0,0,0
4340,1,0,0,0,0
4341,1,0,0,0,0
4342,1,0,0,0,0
4343,1,0,0,0,0
4344,1,0,0,0,0
4345,1,0,0,0,0
4346,1,0,0,0,0
4347,1,0,0,0,0
4348,1,0,0,0,0
4349,1,0,0,0,0
4350,1,0,0,0,0
4351,1,0,0,0,0
4352,1,0,0,0,0
4353,1,0,0,0,0
4354,1,0,0,0,0
4355,1,0,0,0,0
4356,1,0,0,0,0
4357,1,0,0,0,0
4358,1,0,0,0,0
4359,1,0,0,0,0
4360,1,0,0,0,0
4361,1,0,0,0,0
4362,1,0,0,0,0
4363,1,0,0,0,0
4364,1,0,0,0,0
4365,1,0,0,0,0
4366,1,0,0,0,0
4367,1,0,0,0,0
4368,1,0,0,0,0
4369,1,0,0,0,0
4370,1,0,0,0,0
4371,1,0,0,0,0
4372,1,0,0,0,0
4373,1,0,0,0,0
4374,1,0,0,0,0
4375,1,0,0,0,0
4376,1,0,0,0,0
4377,1,0,0,0,0
4378,1,0,0,0,0
4379,1,0,0,0,0
4380,1,0,0,0,0
4381,1,0,0,0,0
4382,1,0,0,0,0
4383,1,0,0,0,0
4384,1,0,0,0,0
4385,1,0,0,0,0
4386,1,0,0,0,0
4387,1,0,0,0,0
4388,1,0,0,0,0
4389,1,0,0,0,0
4390,1,0,0,0,0
4391,1,0,0,0,0
4392,1,0,0,0,0
4393,1,0,0,0,0
4394,1,0,0,0,0
4395,1,0,0,0,0
4396,1,0,0,0,0
4397,1,0,0,0,0
4398,1,0,0,0,0
4399,1,0,0,0,0
4400,1,0,0,0,0
4401,1,0,0,0,0
4402,1,0,0,0,0
4403,1,0,0,0,0
4404,1,0,0,0,0
4405,1,0,0,0,0
4406,1,0,0,0,0
4407,1,0,0,0,0
4408,1,0,0,0,0
4409,1,0,0,0,0
4410,1,0,0,0,0
4411,1,0,0,0,0
4412,1,0,0,0,0
4413,1,0,0,0,0
4414,1,0,0,0,0
4415,1,0,0,0,0
4416,1,0,0,0,0
4417,1,0,0,0,0
4418,1,0,0,0,0
4419,1,0,0,0,0
4420,1,0,0,0,0
4421,1,0,0,0,0
4422,1,0,0,0,0
4423,1,0,0,0,0
4424,1,0,0,0,0
4425,1,0,0,0,0
4426,1,0,0,0,0
4427,1,0,0,0,0
4428,1,0,0,0,0
4429,1,0,0,0,0
4430,1,0,0,0,0
4431,1,0,0,0,0
4432,1,0,0,0,0
4433,1,0,0,0,0
4434,1,0,0,0,0
4435,1,0,0,0,0
4436,1,0,0,0,0
4437,1,0,0,0,0
4438,1,0,0,0,0
4439,1,0,0,0,0
4440,1,0,0,0,0
4441,1,0,0,0,0
4442,1,0,0,0,0
4443,1,0,0,0,0
4444,1,0,0,0,0
4445,1,0,0,0,0
4446,1,0,0,0,0
4447,1,0,0,0,0
4448,1,0,0,0,0
4449,1,0,0,0,0
4450,1,0,0,0,0
4451,1,0,0,0,0
4452,1,0,0,0,0
4453,1,0,0,0,0
4454,1,0,0,0,0
4455,1,0,0,0,0
4456,1,0,0,0,0
4457,1,0,0,0,0
4458,1,0,0,0,0
4459,1,0,0,0,0
4460,1,0,0,0,0
4461,1,0,0,0,0
4462,1,0,0,0,0
4463,1,0,0,0,0
4464,1,0,0,0,0
4465,1,0,0,0,0
4466,1,0,0,0,0
4467,1,0,0,0,0
4468,1,0,0,0,0
4469,1,0,0,0,0
4470,1,0,0,0,0
4471,1,0,0,0,0
4472,1,0,0,0,0
4473,1,0,0,0,0
4474,1,0,0,0,0
4475,0,1,0,0,0
4476,0,1,0,0,0
4477,0,1,0,0,0
4478,0,1,0,0,0
4479,0,1,0,0,0
4480,0,1,0,0,0
4481,0,1,0,0,0
4482,0,1,0,0,0
4483,0,1,0,0,0
4484,0,1,0,0,0
4485,0,1,0,0,0
4486,0,1,0,0,0
4487,0,1,0,0,0
4488,0,1,0,0,0
4489,0,1,0,0,0
4490,0,1,0,0,0
4491,0,1,0,0,0
4492,0,1,0,0,0
4493,0,1,0,0,0
4494,0,1,0,0,0
4495,0,1,0,0,0
4496,0,1,0,0,0
4497,0,1,0,0,0
4498,0,1,0,0,0
4499,0,1,0,0,0
4500,0,1,0,0,0
4501,0,1,0,0,0
4502,0,1,0,0,0
4503,0,1,0,0,0
4504,0,1,0,0,0
4505,0,1,0,0,0
4506,0,1,0,0,0
4507,0,1,0,0,0
4508,0,1,0,0,0
4509,0,1,0,0,0
4510,0,1,0,0,0
4511,0,1,0,0,0
4512,0,1,0,0,0
4513,0,1,0,0,0
4514,0,1,0,0,0
4515,1,0,0,0,0
4516,1,0,0,0,0
4517,1,0,0,0,0
4518,1,0,0,0,0
4519,1,0,0,0,0
4520,1,0,0,0,0
4521,1,0,0,0,0
4522,1,0,0,0,0
4523,1,0,0,0,0
4524,1,0,0,0,0
4525,1,0,0,0,0
4526,1,0,0,0,0
4527,1,0,0,0,0
4528,1,0,0,0,0
4529,1,0,0,0,0
4530,1,0,0,0,0
4531,1,0,0,0,0
4532,1,0,0,0,0
4533,1,0,0,0,0
4534,1,0,0,0,0
4535,1,0,0,0,0
4536,1,0,0,0,0
4537,1,0,0,0,0
4538,1,0,0,0,0
4539,1,0,0,0,0
4540,1,0,0,0,0
4541,1,0,0,0,0
4542,1,0,0,0,0
4543,1,0,0,0,0
4544,1,0,0,0,0
4545,1,0,0,0,0
4546,1,0,0,0,0
4547,1,0,0,0,0
4548,1,0,0,0,0
4549,1,0,0,0,0
4550,1,0,0,0,0
4551,1,0,0,0,0
4552,1,0,0,0,0
4553,1,0,0,0,0
4554,1,0,0,0,0
4555,1,0,0,0,0
4556,1,0,0,0,0
4557,1,0,0,0,0
4558,1,0,0,0,0
4559,1,0,0,0,0
4560,1,0,0,0,0
4561,1,0,0,0,0
4562,1,0,0,0,0
4563,1,0,0,0,0
4564,1,0,0,0,0
4565,1,0,0,0,0
4566,1,0,0,0,0
4567,1,0,0,0,0
4568,1,0,0,0,0
4569,1,0,0,0,0
4570,1,0,0,0,0
4571,1,0,0,0,0
4572,1,0,0,0,0
4573,1,0,0,0,0
4574,1,0,0,0,0
4575,1,0,0,0,0
4576,1,0,0,0,0
4577,1,0,0,0,0
4578,1,0,0,0,0
4579,1,0,0,0,0
4580,1,0,0,0,0
4581,1,0,0,0,0
4582,1,0,0,0,0
4583,1,0,0,0,0
4584,1,0,0,0,0
4585,1,0,0,0,0
4586,1,0,0,0,0
4587,1,0,0,0,0
4588,1,0,0,0,0
4589,1,0,0,0,0
4590,1,0,0,0,0
4591,1,0,0,0,0
4592,1,0,0,0,0
4593,1,0,0,0,0
4594,1,0,0,0,0
4595,1,0,0,0,0
4596,1,0,0,0,0
4597,1,0,0,0,0
4598,1,0,0,0,0
4599,1,0,0,0,0
4600,1,0,0,0,0
4601,1,0,0,0,0
4602,1,0,0,0,0
4603,1,0,0,0,0
4604,1,0,0,0,0
4605,1,0,0,0,0
4606,1,0,0,0,0
4607,1,0,0,0,0
4608,1,0,0,0,0
4609,1,0,0,0,0
4610,1,0,0,0,0
4611,1,0,0,0,0
4612,1,0,0,0,0
4613,1,0,0,0,0
4614,1,0,0,0,0
4615,1,0,0,0,0
4616,1,0,0,0,0
4617,1,0,0,0,0
4618,1,0,0,0,0
4619,1,0,0,0,0
4620,1,0,0,0,0
4621,1,0,0,0,0
4622,1,0,0,0,0
4623,1,0,0,0,0
4624,1,0,0,0,0
4625,1,0,0,0,0
4626,1,0,0,0,0
4627,1,0,0,0,0
4628,1,0,0,0,0
4629,1,0,0,0,0
4630,1,0,0,0,0
4631,1,0,0,0,0
4632,1,0,0,0,0
4633,1,0,0,0,0
4634,1,0,0,0,0
4635,1,0,0,0,0
4636,1,0,0,0,0
4637,1,0,0,0,0
4638,1,0,0,0,0
4639,1,0,0,0,0
4640,1,0,0,0,0
4641,1,0,0,0,0
4642,1,0,0,0,0
4643,1,0,0,0,0
4644,1,0,0,0,0
4645,1,0,0,0,0
4646,1,0,0,0,0
4647,1,0,0,0,0
4648,1,0,0,0,0
4649,1,0,0,0,0
4650,1,0,0,0,0
4651,1,0,0,0,0
4652,1,0,0,0,0
4653,1,0,0,0,0
4654,1,0,0,0,0
4655,1,0,0,0,0
4656,1,0,0,0,0
4657,1,0,0,0,0
4658,1,0,0,0,0
4659,1,0,0,0,0
4660,1,0,0,0,0
4661,1,0,0,0,0
4662,1,0,0,0,0
4663,1,0,0,0,0
4664,1,0,0,0,0
4665,1,0,0,0,0
4666,1,0,0,0,0
4667,1,0,0,0,0
4668,1,0,0,0,0
4669,1,0,0,0,0
4670,1,0,0,0,0
4671,1,0,0,0,0
4672,1,0,0,0,0
4673,1,0,0,0,0
4674,1,0,0,0,0
4675,1,0,0,0,0
4676,1,0,0,0,0
4677,1,0,0,0,0
4678,1,0,0,0,0
4679,1,0,0,0,0
4680,1,0,0,0,0
4681,1,0,0,0,0
4682,1,0,0,0,0
4683,1,0,0,0,0
4684,1,0,0,0,0
4685,1,0,0,0,0
4686,1,0,0,0,0
4687,1,0,0,0,0
4688,1,0,0,0,0
4689,1,0,0,0,0
4690,1,0,0,0,0
4691,1,0,0,0,0
4692,1,0,0,0,0
4693,1,0,0,0,0
4694,1,0,0,0,0
4695,1,0,0,0,0
4696,1,0,0,0,0
4697,1,0,0,0,0
4698,1,0,0,0,0
4699,1,0,0,0,0
4700,1,0,0,0,0
4701,1,0,0,0,0
4702,1,0,0,0,0
4703,1,0,0,0,0
4704,1,0,0,0,0
4705,1,0,0,0,0
4706,1,0,0,0,0
4707,0,0,0,1,0
4708,0,0,0,1,0
4709,0,0,0,1,0
4710,0,0,0,1,0
4711,0,0,0,1,0
4712,0,0,0,1,0
4713,0,0,0,1,0
4714,0,0,0,1,0
4715,0,0,0,1,0
4716,0,0,0,1,0
4717,0,0,0,1,0
4718,0,0,0,1,0
4719,0,0,0,1,0
4720,1,0,0,0,0
4721,1,0,0,0,0
4722,1,0,0,0,0
4723,1,0,0,0,0
4724,1,0,0,0,0
4725,1,0,0,0,0
4726,1,0,0,0,0
4727,1,0,0,0,0
4728,1,0,0,0,0
4729,1,0,0,0,0
4730,1,0,0,0,0
4731,1,0,0,0,0
4732,1,0,0,0,0
4733,1,0,0,0,0
4734,1,0,0,0,0
4735,1,0,0,0,0
4736,1,0,0,0,0
4737,1,0,0,0,0
4738,1,0,0,0,0
4739,1,0,0,0,0
4740,1,0,0,0,0
4741,1,0,0,0,0
4742,1,0,0,0,0
4743,1,0,0,0,0
4744,1,0,0,0,0
4745,1,0,0,0,0
4746,1,0,0,0,0
4747,1,0,0,0,0
4748,1,0,0,0,0
4749,1,0,0,0,0
4750,1,0,0,0,0
4751,0,1,0,0,0
4752,0,1,0,0,0
4753,0,1,0,0,0
4754,0,1,0,0,0
4755,0,1,0,0,0
4756,0,1,0,0,0
4757,0,1,0,0,0
4758,0,1,0,0,0
4759,0,1,0,0,0
4760,0,1,0,0,0
4761,0,1,0,0,0
4762,0,1,0,0,0
4763,0,1,0,0,0
4764,0,1,0,0,0
4765,0,1,0,0,0
4766,0,1,0,0,0
4767,0,1,0,0,0
4768,0,1,0,0,0
4769,0,1,0,0,0
4770,0,1,0,0,0
4771,0,1,0,0,0
4772,0,1,0,0,0
4773,0,1,0,0,0
4774,0,1,0,0,0
4775,0,1,0,0,0
4776,0,1,0,0,0
4777,0,1,0,0,0
4778,0,1,0,0,0
4779,0,1,0,0,0
4780,0,1,0,0,0
4781,0,1,0,0,0
4782,0,1,0,0,0
4783,0,1,0,0,0
4784,0,1,0,0,0
4785,0,1,0,0,0
4786,0,1,0,0,0
4787,0,1,0,0,0
4788,0,1,0,0,0
4789,0,1,0,0,0
4790,0,1,0,0,0
4791,0,1,0,0,0
4792,0,1,0,0,0
4793,0,1,0,0,0
4794,0,1,0,0,0
4795,0,1,0,0,0
4796,0,1,0,0,0
4797,0,1,0,0,0
4798,0,1,0,0,0
4799,0,1,0,0,0
4800,0,1,0,0,0
4801,0,1,0,0,0
4802,0,1,0,0,0
4803,0,1,0,0,0
4804,0,1,0,0,0
4805,0,1,0,0,0
4806,0,1,0,0,0
4807,0,1,0,0,0
4808,0,1,0,0,0
4809,0,1,0,0,0
4810,1,0,0,0,0
4811,1,0,0,0,0
4812,1,0,0,0,0
4813,1,0,0,0,0
4814,1,0,0,0,0
4815,1,0,0,0,0
4816,1,0,0,0,0
4817,1,0,0,0,0
4818,1,0,0,0,0
4819,1,0,0,0,0
4820,1,0,0,0,0
4821,1,0,0,0,0
4822,1,0,0,0,0
4823,1,0,0,0,0
4824,1,0,0,0,0
4825,1,0,0,0,0
4826,1,0,0,0,0
4827,1,0,0,0,0
4828,1,0,0,0,0
4829,1,0,0,0,0
4830,1,0,0,0,0
4831,1,0,0,0,0
4832,1,0,0,0,0
4833,1,0,0,0,0
4834,1,0,0,0,0
4835,1,0,0,0,0
4836,1,0,0,0,0
4837,1,0,0,0,0
4838,1,0,0,0,0
4839,1,0,0,0,0
4840,1,0,0,0,0
4841,1,0,0,0,0
4842,1,0,0,0,0
4843,1,0,0,0,0
4844,1,0,0,0,0
4845,1,0,0,0,0
4846,1,0,0,0,0
4847,1,0,0,0,0
4848,1,0,0,0,0
4849,1,0,0,0,0
4850,1,0,0,0,0
4851,1,0,0,0,0
4852,1,0,0,0,0
4853,1,0,0,0,0
4854,1,0,0,0,0
4855,1,0,0,0,0
4856,1,0,0,0,0
4857,1,0,0,0,0
4858,1,0,0,0,0
4859,1,0,0,0,0
4860,1,0,0,0,0
4861,1,0,0,0,0
4862,1,0,0,0,0
4863,1,0,0,0,0
4864,1,0,0,0,0
4865,1,0,0,0,0
4866,1,0,0,0,0
4867,1,0,0,0,0
4868,1,0,0,0,0
4869,1,0,0,0,0
4870,1,0,0,0,0
4871,1,0,0,0,0
4872,1,0,0,0,0
4873,1,0,0,0,0
4874,1,0,0,0,0
4875,1,0,0,0,0
4876,1,0,0,0,0
4877,1,0,0,0,0
4878,1,0,0,0,0
4879,1,0,0,0,0
4880,1,0,0,0,0
4881,1,0,0,0,0
4882,1,0,0,0,0
4883,1,0,0,0,0
4884,1,0,0,0,0
4885,1,0,0,0,0
4886,1,0,0,0,0
4887,1,0,0,0,0
4888,1,0,0,0,0
4889,1,0,0,0,0
4890,1,0,0,0,0
4891,1,0,0,0,0
4892,1,0,0,0,0
4893,1,0,0,0,0
4894,1,0,0,0,0
4895,1,0,0,0,0
4896,1,0,0,0,0
4897,1,0,0,0,0
4898,1,0,0,0,0
4899,1,0,0,0,0
4900,1,0,0,0,0
4901,1,0,0,0,0
4902,1,0,0,0,0
4903,1,0,0,0,0
4904,1,0,0,0,0
4905,1,0,0,0,0
4906,1,0,0,0,0
4907,1,0,0,0,0
4908,1,0,0,0,0
4909,1,0,0,0,0
4910,1,0,0,0,0
4911,1,0,0,0,0
4912,1,0,0,0,0
4913,1,0,0,0,0
4914,1,0,0,0,0
4915,1,0,0,0,0
4916,1,0,0,0,0
4917,1,0,0,0,0
4918,1,0,0,0,0
4919,1,0,0,0,0
4920,1,0,0,0,0
4921,1,0,0,0,0
4922,1,0,0,0,0
4923,1,0,0,0,0
4924,1,0,0,0,0
4925,1,0,0,0,0
4926,1,0,0,0,0
4927,1,0,0,0,0
4928,1,0,0,0,0
4929,1,0,0,0,0
4930,1,0,0,0,0
4931,1,0,0,0,0
4932,1,0,0,0,0
4933,1,0,0,0,0
4934,1,0,0,0,0
4935,1,0,0,0,0
4936,1,0,0,0,0
4937,1,0,0,0,0
4938,1,0,0,0,0
4939,1,0,0,0,0
4940,1,0,0,0,0
4941,1,0,0,0,0
4942,1,0,0,0,0
4943,1,0,0,0,0
4944,1,0,0,0,0
4945,1,0,0,0,0
4946,1,0,0,0,0
4947,1,0,0,0,0
4948,1,0,0,0,0
4949,1,0,0,0,0
4950,1,0,0,0,0
4951,1,0,0,0,0
4952,1,0,0,0,0
4953,1,0,0,0,0
4954,1,0,0,0,0
4955,1,0,0,0,0
4956,1,0,0,0,0
4957,1,0,0,0,0
4958,1,0,0,0,0
4959,1,0,0,0,0
4960,1,0,0,0,0
4961,1,0,0,0,0
4962,0,0,0,0,1
4963,0,0,0,0,1
4964,0,0,0,0,1
4965,0,0,0,0,1
4966,0,0,0,0,1
4967,0,0,0,0,1
4968,0,0,0,0,1
4969,0,0,0,0,1
4970,0,0,0,0,1
4971,0,0,0,0,1
4972,0,0,0,0,1
4973,0,0,0,0,1
4974,0,0,0,0,1
4975,0,0,0,0,1
4976,0,0,0,0,1
4977,0,0,0,0,1
4978,0,0,0,0,1
4979,0,0,0,0,1
4980,0,0,0,0,1
4981,0,0,0,0,1
4982,0,0,0,0,1
4983,0,0,0,0,1
4984,0,0,0,0,1
4985,0,0,0,0,1
4986,0,0,0,0,1
4987,0,0,0,0,1
4988,0,0,0,0,1
4989,0,0,0,0,1
4990,0,0,0,0,1
4991,0,0,0,0,1
4992,0,0,0,0,1
4993,0,0,0,0,1
4994,0,0,0,0,1
4995,0,0,0,0,1
4996,0,0,0,0,1
4997,0,0,0,0,1
4998,0,0,0,0,1
4999,0,0,0,0,1
5000,0,0,0,0,1
5001,0,0,0,0,1
5002,0,0,0,0,1
5003,0,0,0,0,1
5004,0,0,0,0,1
5005,0,0,0,0,1
5006,0,0,0,0,1
5007,0,0,0,0,1
5008,0,0,0,0,1
5009,0,0,0,0,1
5010,0,0,0,0,1
5011,0,0,0,0,1
5012,0,0,0,0,1
5013,0,0,0,0,1
5014,0,0,0,0,1
5015,0,0,0,0,1
5016,0,0,0,0,1
5017,0,0,0,0,1
5018,0,0,0,0,1
5019,0,0,0,0,1
5020,0,0,0,0,1
5021,0,0,0,0,1
5022,0,0,0,0,1
5023,0,0,0,0,1
5024,0,0,0,0,1
5025,0,0,0,0,1
5026,0,0,0,0,1
5027,0,0,0,0,1
5028,0,0,0,0,1
5029,0,0,0,0,1
5030,0,0,0,0,1
5031,0,0,0,0,1
5032,0,0,0,0,1
5033,0,0,0,0,1
5034,0,0,0,0,1
5035,0,0,0,0,1
5036,0,0,0,0,1
5037,0,0,0,0,1
5038,0,0,0,0,1
5039,0,0,0,0,1
5040,0,0,0,0,1
5041,0,0,0,0,1
5042,0,0,0,0,1
5043,0,0,0,0,1
5044,0,0,0,0,1
5045,0,0,0,0,1
5046,0,0,0,0,1
5047,0,0,0,0,1
5048,0,0,0,0,1
5049,0,0,0,0,1
5050,0,0,0,0,1
5051,0,0,0,0,1
5052,0,0,0,0,1
5053,0,0,0,0,1
5054,0,0,0,0,1
5055,0,0,0,0,1
5056,0,0,0,0,1
5057,0,0,0,0,1
5058,0,0,0,0,1
5059,0,0,0,0,1
5060,0,0,0,0,1
5061,0,0,0,0,1
5062,0,0,0,0,1
5063,0,0,0,0,1
5064,0,0,0,0,1
5065,0,0,0,0,1
5066,0,0,0,0,1
5067,0,0,0,0,1
5068,0,0,0,0,1
5069,0,0,0,0,1
5070,0,0,0,0,1
5071,0,0,0,0,1
5072,0,0,0,0,1
5073,0,0,0,0,1
5074,0,0,0,0,1
5075,0,0,0,0,1
5076,0,0,0,0,1
5077,0,0,0,0,1
5078,0,0,0,0,1
5079,0,0,0,0,1
5080,0,0,0,0,1
5081,0,0,0,0,1
5082,0,0,0,0,1
5083,0,0,0,0,1
5084,0,0,0,0,1
5085,0,0,0,0,1
5086,0,0,0,0,1
5087,0,0,0,0,1
5088,0,0,0,0,1
5089,0,0,0,0,1
5090,0,0,0,0,1
5091,1,0,0,0,0
5092,1,0,0,0,0
5093,1,0,0,0,0
5094,1,0,0,0,0
5095,1,0,0,0,0
5096,1,0,0,0,0
5097,1,0,0,0,0
5098,1,0,0,0,0
5099,1,0,0,0,0
5100,1,0,0,0,0
5101,1,0,0,0,0
5102,1,0,0,0,0
5103,1,0,0,0,0
5104,1,0,0,0,0
5105,1,0,0,0,0
5106,1,0,0,0,0
5107,1,0,0,0,0
5108,1,0,0,0,0
5109,1,0,0,0,0
5110,1,0,0,0,0
5111,1,0,0,0,0
5112,1,0,0,0,0
5113,1,0,0,0,0
5114,1,0,0,0,0
5115,1,0,0,0,0
5116,1,0,0,0,0
5117,0,0,0,0,1
5118,0,0,0,0,1
5119,0,0,0,0,1
5120,0,0,0,0,1
5121,0,0,0,0,1
5122,0,0,0,0,1
5123,0,0,0,0,1
5124,0,0,0,0,1
5125,0,0,0,0,1
5126,0,0,0,0,1
5127,0,0,0,0,1
5128,0,0,0,0,1
5129,0,0,0,0,1
5130,0,0,0,0,1
5131,0,0,0,0,1
5132,0,0,0,0,1
5133,0,0,0,0,1
5134,0,0,0,0,1
5135,0,0,0,0,1
5136,0,0,0,0,1
5137,0,0,0,0,1
5138,0,0,0,0,1
5139,0,0,0,0,1
5140,0,0,0,0,1
5141,0,0,0,0,1
5142,0,0,0,0,1
5143,0,0,0,0,1
5144,0,0,0,0,1
5145,0,0,0,0,1
5146,0,0,0,0,1
5147,0,0,0,0,1
5148,0,0,0,0,1
5149,0,0,0,0,1
5150,0,0,0,0,1
5151,0,0,0,0,1
5152,0,0,0,0,1
5153,0,0,0,0,1
5154,0,0,0,0,1
5155,0,0,0,0,1
5156,0,0,0,0,1
5157,0,0,0,0,1
5158,0,0,0,0,1
5159,0,0,0,1,0
5160,0,0,0,1,0
5161,0,0,0,1,0
5162,0,0,0,1,0
5163,0,0,0,1,0
5164,0,0,0,1,0
5165,0,0,0,1,0
5166,0,0,0,1,0
5167,0,0,0,1,0
5168,0,0,0,1,0
5169,0,0,0,1,0
5170,0,0,0,1,0
5171,0,0,0,1,0
5172,0,0,0,1,0
5173,0,1,0,0,0
5174,0,1,0,0,0
5175,0,1,0,0,0
5176,0,1,0,0,0
5177,0,1,0,0,0
5178,0,1,0,0,0
5179,0,1,0,0,0
5180,0,1,0,0,0
5181,0,1,0,0,0
5182,0,1,0,0,0
5183,0,1,0,0,0
5184,0,1,0,0,0
5185,0,1,0,0,0
5186,0,1,0,0,0
5187,0,1,0,0,0
5188,0,1,0,0,0
5189,0,1,0,0,0
5190,0,1,0,0,0
5191,0,1,0,0,0
5192,0,1,0,0,0
5193,0,1,0,0,0
5194,0,1,0,0,0
5195,0,1,0,0,0
5196,0,1,0,0,0
5197,0,1,0,0,0
5198,0,1,0,0,0
5199,0,1,0,0,0
5200,0,1,0,0,0
5201,0,1,0,0,0
5202,0,1,0,0,0
5203,0,1,0,0,0
5204,0,1,0,0,0
5205,0,1,0,0,0
5206,0,1,0,0,0
5207,0,1,0,0,0
5208,0,1,0,0,0
5209,1,0,0,0,0
5210,1,0,0,0,0
5211,1,0,0,0,0
5212,1,0,0,0,0
5213,1,0,0,0,0
5214,1,0,0,0,0
5215,1,0,0,0,0
5216,1,0,0,0,0
5217,1,0,0,0,0
5218,0,0,0,0,1
5219,0,0,0,0,1
5220,0,0,0,0,1
5221,0,0,0,0,1
5222,0,0,0,0,1
5223,0,0,0,0,1
5224,0,0,0,0,1
5225,0,0,0,0,1
5226,0,0,0,0,1
5227,0,0,0,0,1
5228,0,0,0,0,1
5229,0,0,0,0,1
5230,0,0,0,0,1
5231,0,0,0,0,1
5232,0,0,0,0,1
5233,0,0,0,0,1
5234,0,0,0,0,1
5235,0,0,0,0,1
5236,0,0,0,0,1
5237,0,0,0,0,1
5238,0,0,0,0,1
5239,0,0,0,0,1
5240,0,0,0,0,1
5241,0,0,0,0,1
5242,0,0,0,0,1
5243,0,0,0,0,1
5244,0,0,0,0,1
5245,0,0,0,0,1
5246,0,0,0,0,1
5247,0,0,0,0,1
5248,0,0,0,0,1
5249,0,0,0,0,1
5250,0,0,0,0,1
5251,0,0,0,0,1
5252,0,0,0,0,1
5253,0,0,0,0,1
5254,0,0,0,0,1
5255,0,0,0,0,1
5256,0,0,0,0,1
5257,0,0,0,0,1
5258,0,0,0,0,1
5259,0,0,0,0,1
5260,0,0,0,0,1
5261,0,0,0,0,1
5262,0,0,0,0,1
5263,0,0,0,0,1
5264,0,0,0,0,1
5265,0,0,0,0,1
5266,0,0,0,0,1
5267,0,0,0,0,1
5268,0,0,0,0,1
5269,0,0,0,0,1
5270,0,0,0,0,1
5271,0,0,0,0,1
5272,0,0,0,0,1
5273,0,0,0,0,1
5274,0,0,0,0,1
5275,0,0,0,0,1
5276,0,0,0,0,1
5277,0,0,0,0,1
5278,0,0,0,0,1
5279,0,0,0,0,1
5280,0,0,0,0,1
5281,0,0,0,0,1
5282,0,0,0,0,1
5283,0,0,0,0,1
5284,0,0,0,0,1
5285,0,0,0,0,1
5286,0,0,0,0,1
5287,0,0,0,0,1
5288,0,0,0,0,1
5289,0,0,0,0,1
5290,0,0,0,0,1
5291,0,0,0,0,1
5292,0,0,0,0,1
5293,0,0,0,0,1
5294,0,0,0,0,1
5295,0,0,0,0,1
5296,0,0,0,0,1
5297,0,0,0,0,1
5298,0,0,0,0,1
5299,0,0,0,0,1
5300,0,0,0,0,1
5301,0,0,0,0,1
5302,0,0,0,0,1
5303,0,0,0,0,1
5304,0,0,0,0,1
5305,0,0,0,0,1
5306,0,0,0,0,1
5307,0,0,0,0,1
5308,0,0,0,0,1
5309,0,0,0,0,1
5310,0,0,0,0,1
5311,0,0,0,0,1
5312,0,0,0,0,1
5313,0,0,0,0,1
5314,0,0,0,0,1
5315,0,0,0,0,1
5316,0,0,0,0,1
5317,0,0,0,0,1
5318,0,0,0,0,1
5319,0,0,0,0,1
5320,0,0,0,0,1
5321,0,0,0,0,1
5322,0,0,0,0,1
5323,0,0,0,0,1
5324,0,0,0,0,1
5325,0,0,0,0,1
5326,0,0,0,0,1
5327,0,0,0,0,1
5328,0,0,0,0,1
5329,0,0,0,0,1
5330,0,0,0,0,1
5331,0,0,0,0,1
5332,0,0,0,0,1
5333,0,0,0,0,1
5334,0,0,0,0,1
5335,0,0,0,0,1
5336,1,0,0,0,0
5337,1,0,0,0,0
5338,1,0,0,0,0
5339,1,0,0,0,0
5340,1,0,0,0,0
5341,1,0,0,0,0
5342,1,0,0,0,0
5343,1,0,0,0,0
5344,1,0,0,0,0
5345,1,0,0,0,0
5346,1,0,0,0,0
5347,1,0,0,0,0
5348,1,0,0,0,0
5349,1,0,0,0,0
5350,1,0,0,0,0
5351,1,0,0,0,0
5352,1,0,0,0,0
5353,1,0,0,0,0
5354,1,0,0,0,0
5355,1,0,0,0,0
5356,1,0,0,0,0
5357,1,0,0,0,0
5358,1,0,0,0,0
5359,1,0,0,0,0
5360,1,0,0,0,0
5361,1,0,0,0,0
5362,1,0,0,0,0
5363,1,0,0,0,0
5364,1,0,0,0,0
5365,1,0,0,0,0
5366,1,0,0,0,0
5367,1,0,0,0,0
5368,1,0,0,0,0
5369,1,0,0,0,0
5370,1,0,0,0,0
5371,0,0,0,0,1
5372,0,0,0,0,1
5373,0,0,0,0,1
5374,0,0,0,0,1
5375,0,0,0,0,1
5376,0,0,0,0,1
5377,0,0,0,0,1
5378,0,0,0,0,1
5379,0,0,0,0,1
5380,0,0,0,0,1
5381,0,0,0,0,1
5382,0,0,0,0,1
5383,0,0,0,0,1
5384,0,0,0,0,1
5385,0,0,0,0,1
5386,0,0,0,0,1
5387,0,0,0,0,1
5388,0,0,0,0,1
5389,0,0,0,0,1
5390,0,0,0,0,1
5391,0,0,0,0,1
5392,0,0,0,0,1
5393,1,0,0,0,0
5394,1,0,0,0,0
5395,1,0,0,0,0
5396,1,0,0,0,0
5397,1,0,0,0,0
5398,1,0,0,0,0
5399,1,0,0,0,0
5400,1,0,0,0,0
5401,1,0,0,0,0
5402,1,0,0,0,0
5403,1,0,0,0,0
5404,1,0,0,0,0
5405,1,0,0,0,0
5406,1,0,0,0,0
5407,1,0,0,0,0
5408,1,0,0,0,0
5409,1,0,0,0,0
5410,1,0,0,0,0
5411,1,0,0,0,0
5412,1,0,0,0,0
5413,1,0,0,0,0
5414,1,0,0,0,0
5415,1,0,0,0,0
5416,1,0,0,0,0
5417,1,0,0,0,0
5418,1,0,0,0,0
5419,1,0,0,0,0
5420,1,0,0,0,0
5421,1,0,0,0,0
5422,1,0,0,0,0
5423,1,0,0,0,0
5424,1,0,0,0,0
5425,1,0,0,0,0
5426,1,0,0,0,0
5427,1,0,0,0,0
5428,1,0,0,0,0
5429,1,0,0,0,0
5430,1,0,0,0,0
5431,1,0,0,0,0
5432,1,0,0,0,0
5433,1,0,0,0,0
5434,1,0,0,0,0
5435,1,0,0,0,0
5436,1,0,0,0,0
5437,1,0,0,0,0
5438,1,0,0,0,0
5439,1,0,0,0,0
5440,1,0,0,0,0
5441,1,0,0,0,0
5442,1,0,0,0,0
5443,1,0,0,0,0
5444,1,0,0,0,0
5445,1,0,0,0,0
5446,1,0,0,0,0
5447,1,0,0,0,0
5448,1,0,0,0,0
5449,1,0,0,0,0
5450,1,0,0,0,0
5451,1,0,0,0,0
5452,1,0,0,0,0
5453,1,0,0,0,0
5454,1,0,0,0,0
5455,1,0,0,0,0
5456,1,0,0,0,0
5457,1,0,0,0,0
5458,1,0,0,0,0
5459,1,0,0,0,0
5460,1,0,0,0,0
5461,1,0,0,0,0
5462,1,0,0,0,0
5463,1,0,0,0,0
5464,1,0,0,0,0
5465,1,0,0,0,0
5466,1,0,0,0,0
5467,1,0,0,0,0
5468,1,0,0,0,0
5469,1,0,0,0,0
5470,1,0,0,0,0
5471,1,0,0,0,0
5472,1,0,0,0,0
5473,1,0,0,0,0
5474,1,0,0,0,0
5475,1,0,0,0,0
5476,1,0,0,0,0
5477,1,0,0,0,0
5478,1,0,0,0,0
5479,1,0,0,0,0
5480,1,0,0,0,0
5481,1,0,0,0,0
5482,1,0,0,0,0
5483,1,0,0,0,0
5484,1,0,0,0,0
5485,1,0,0,0,0
5486,1,0,0,0,0
5487,1,0,0,0,0
5488,1,0,0,0,0
5489,1,0,0,0,0
5490,1,0,0,0,0
5491,1,0,0,0,0
5492,1,0,0,0,0
5493,1,0,0,0,0
5494,1,0,0,0,0
5495,1,0,0,0,0
5496,1,0,0,0,0
5497,1,0,0,0,0
5498,1,0,0,0,0
5499,1,0,0,0,0
5500,1,0,0,0,0
5501,1,0,0,0,0
5502,1,0,0,0,0
5503,1,0,0,0,0
5504,1,0,0,0,0
5505,1,0,0,0,0
5506,1,0,0,0,0
5507,1,0,0,0,0
5508,1,0,0,0,0
5509,1,0,0,0,0
5510,1,0,0,0,0
5511,1,0,0,0,0
5512,1,0,0,0,0
5513,1,0,0,0,0
5514,1,0,0,0,0
5515,1,0,0,0,0
5516,1,0,0,0,0
5517,1,0,0,0,0
5518,1,0,0,0,0
5519,1,0,0,0,0
5520,1,0,0,0,0
5521,1,0,0,0,0
5522,1,0,0,0,0
5523,1,0,0,0,0
5524,1,0,0,0,0
5525,1,0,0,0,0
5526,1,0,0,0,0
5527,1,0,0,0,0
5528,1,0,0,0,0
5529,1,0,0,0,0
5530,1,0,0,0,0
5531,1,0,0,0,0
5532,1,0,0,0,0
5533,1,0,0,0,0
5534,1,0,0,0,0
5535,1,0,0,0,0
5536,1,0,0,0,0
5537,1,0,0,0,0
5538,1,0,0,0,0
5539,1,0,0,0,0
5540,1,0,0,0,0
5541,1,0,0,0,0
5542,1,0,0,0,0
5543,1,0,0,0,0
5544,1,0,0,0,0
5545,1,0,0,0,0
5546,1,0,0,0,0
5547,1,0,0,0,0
5548,1,0,0,0,0
5549,1,0,0,0,0
5550,1,0,0,0,0
5551,1,0,0,0,0
5552,1,0,0,0,0
5553,1,0,0,0,0
5554,1,0,0,0,0
5555,1,0,0,0,0
5556,1,0,0,0,0
5557,1,0,0,0,0
5558,1,0,0,0,0
5559,1,0,0,0,0
5560,1,0,0,0,0
5561,1,0,0,0,0
5562,1,0,0,0,0
5563,1,0,0,0,0
5564,1,0,0,0,0
5565,1,0,0,0,0
5566,1,0,0,0,0
5567,1,0,0,0,0
5568,1,0,0,0,0
5569,1,0,0,0,0
5570,1,0,0,0,0
5571,1,0,0,0,0
5572,1,0,0,0,0
5573,1,0,0,0,0
5574,1,0,0,0,0
5575,1,0,0,0,0
5576,1,0,0,0,0
5577,1,0,0,0,0
5578,1,0,0,0,0
5579,1,0,0,0,0
5580,1,0,0,0,0
5581,1,0,0,0,0
5582,1,0,0,0,0
5583,1,0,0,0,0
5584,1,0,0,0,0
5585,1,0,0,0,0
5586,1,0,0,0,0
5587,1,0,0,0,0
5588,1,0,0,0,0
5589,1,0,0,0,0
5590,1,0,0,0,0
5591,1,0,0,0,0
5592,1,0,0,0,0
5593,1,0,0,0,0
5594,1,0,0,0,0
5595,1,0,0,0,0
5596,1,0,0,0,0
5597,1,0,0,0,0
5598,1,0,0,0,0
5599,1,0,0,0,0
5600,1,0,0,0,0
5601,1,0,0,0,0
5602,1,0,0,0,0
5603,1,0,0,0,0
5604,1,0,0,0,0
5605,1,0,0,0,0
5606,1,0,0,0,0
5607,1,0,0,0,0
5608,1,0,0,0,0
5609,1,0,0,0,0
5610,1,0,0,0,0
5611,1,0,0,0,0
5612,1,0,0,0,0
5613,1,0,0,0,0
5614,1,0,0,0,0
5615,1,0,0,0,0
5616,1,0,0,0,0
5617,1,0,0,0,0
5618,1,0,0,0,0
5619,1,0,0,0,0
5620,1,0,0,0,0
5621,1,0,0,0,0
5622,1,0,0,0,0
5623,1,0,0,0,0
5624,1,0,0,0,0
5625,1,0,0,0,0
5626,1,0,0,0,0
5627,1,0,0,0,0
5628,1,0,0,0,0
5629,1,0,0,0,0
5630,1,0,0,0,0
5631,1,0,0,0,0
5632,1,0,0,0,0
5633,1,0,0,0,0
5634,1,0,0,0,0
5635,1,0,0,0,0
5636,1,0,0,0,0
5637,1,0,0,0,0
5638,1,0,0,0,0
5639,1,0,0,0,0
5640,1,0,0,0,0
5641,1,0,0,0,0
5642,1,0,0,0,0
5643,1,0,0,0,0
5644,1,0,0,0,0
5645,1,0,0,0,0
5646,1,0,0,0,0
5647,1,0,0,0,0
5648,1,0,0,0,0
5649,1,0,0,0,0
5650,1,0,0,0,0
5651,1,0,0,0,0
5652,1,0,0,0,0
5653,1,0,0,0,0
5654,1,0,0,0,0
5655,1,0,0,0,0
5656,1,0,0,0,0
5657,1,0,0,0,0
5658,1,0,0,0,0
5659,1,0,0,0,0
5660,1,0,0,0,0
5661,1,0,0,0,0
5662,1,0,0,0,0
5663,1,0,0,0,0
5664,1,0,0,0,0
5665,1,0,0,0,0
5666,1,0,0,0,0
5667,1,0,0,0,0
5668,1,0,0,0,0
5669,1,0,0,0,0
5670,1,0,0,0,0
5671,1,0,0,0,0
5672,1,0,0,0,0
5673,1,0,0,0,0
5674,1,0,0,0,0
5675,1,0,0,0,0
5676,1,0,0,0,0
5677,1,0,0,0,0
5678,1,0,0,0,0
5679,1,0,0,0,0
5680,1,0,0,0,0
5681,1,0,0,0,0
5682,1,0,0,0,0
5683,1,0,0,0,0
5684,1,0,0,0,0
5685,1,0,0,0,0
5686,1,0,0,0,0
5687,1,0,0,0,0
5688,1,0,0,0,0
5689,1,0,0,0,0
5690,1,0,0,0,0
5691,1,0,0,0,0
5692,1,0,0,0,0
5693,1,0,0,0,0
5694,1,0,0,0,0
5695,1,0,0,0,0
5696,1,0,0,0,0
5697,1,0,0,0,0
5698,1,0,0,0,0
5699,1,0,0,0,0
5700,1,0,0,0,0
5701,1,0,0,0,0
5702,1,0,0,0,0
5703,1,0,0,0,0
5704,1,0,0,0,0
5705,1,0,0,0,0
5706,1,0,0,0,0
5707,1,0,0,0,0
5708,1,0,0,0,0
5709,1,0,0,0,0
5710,1,0,0,0,0
5711,1,0,0,0,0
5712,1,0,0,0,0
5713,1,0,0,0,0
5714,1,0,0,0,0
5715,1,0,0,0,0
5716,1,0,0,0,0
5717,1,0,0,0,0
5718,1,0,0,0,0
5719,1,0,0,0,0
5720,1,0,0,0,0
5721,1,0,0,0,0
5722,1,0,0,0,0
5723,1,0,0,0,0
5724,1,0,0,0,0
5725,1,0,0,0,0
5726,1,0,0,0,0
5727,1,0,0,0,0
5728,1,0,0,0,0
5729,1,0,0,0,0
5730,1,0,0,0,0
5731,1,0,0,0,0
5732,1,0,0,0,0
5733,1,0,0,0,0
5734,1,0,0,0,0
5735,1,0,0,0,0
5736,1,0,0,0,0
5737,1,0,0,0,0
5738,1,0,0,0,0
5739,1,0,0,0,0
5740,1,0,0,0,0
5741,1,0,0,0,0
5742,1,0,0,0,0
5743,1,0,0,0,0
5744,1,0,0,0,0
5745,1,0,0,0,0
5746,1,0,0,0,0
5747,1,0,0,0,0
5748,0,0,0,0,1
5749,0,0,0,0,1
5750,0,0,0,0,1
5751,0,0,0,0,1
5752,0,0,0,0,1
5753,0,0,0,0,1
5754,0,0,0,0,1
5755,0,0,0,0,1
5756,0,0,0,0,1
5757,0,0,0,0,1
5758,0,0,0,0,1
5759,0,0,0,0,1
5760,0,0,0,0,1
5761,0,0,0,0,1
5762,0,0,0,0,1
5763,0,0,0,0,1
5764,0,0,0,0,1
5765,0,0,0,0,1
5766,0,0,0,0,1
5767,0,0,0,0,1
5768,0,0,0,0,1
5769,0,0,0,0,1
5770,0,0,0,0,1
5771,0,0,0,0,1
5772,0,0,0,0,1
5773,0,0,0,0,1
5774,0,0,0,0,1
5775,0,0,0,0,1
5776,0,0,0,0,1
5777,1,0,0,0,0
5778,1,0,0,0,0
5779,1,0,0,0,0
5780,1,0,0,0,0
5781,1,0,0,0,0
5782,1,0,0,0,0
5783,1,0,0,0,0
5784,1,0,0,0,0
5785,1,0,0,0,0
5786,1,0,0,0,0
5787,1,0,0,0,0
5788,1,0,0,0,0
5789,1,0,0,0,0
5790,1,0,0,0,0
5791,1,0,0,0,0
5792,1,0,0,0,0
5793,1,0,0,0,0
5794,1,0,0,0,0
5795,1,0,0,0,0
5796,1,0,0,0,0
5797,1,0,0,0,0
5798,1,0,0,0,0
5799,1,0,0,0,0
5800,1,0,0,0,0
5801,1,0,0,0,0
5802,1,0,0,0,0
5803,1,0,0,0,0
5804,1,0,0,0,0
5805,1,0,0,0,0
5806,1,0,0,0,0
5807,1,0,0,0,0
5808,1,0,0,0,0
5809,1,0,0,0,0
5810,1,0,0,0,0
5811,1,0,0,0,0
5812,1,0,0,0,0
5813,1,0,0,0,0
5814,1,0,0,0,0
5815,1,0,0,0,0
5816,1,0,0,0,0
5817,1,0,0,0,0
5818,1,0,0,0,0
5819,1,0,0,0,0
5820,1,0,0,0,0
5821,1,0,0,0,0
5822,1,0,0,0,0
5823,1,0,0,0,0
5824,1,0,0,0,0
5825,1,0,0,0,0
5826,1,0,0,0,0
5827,1,0,0,0,0
5828,1,0,0,0,0
5829,1,0,0,0,0
5830,1,0,0,0,0
5831,1,0,0,0,0
5832,1,0,0,0,0
5833,1,0,0,0,0
5834,1,0,0,0,0
5835,1,0,0,0,0
5836,1,0,0,0,0
5837,1,0,0,0,0
5838,1,0,0,0,0
5839,1,0,0,0,0
5840,1,0,0,0,0
5841,1,0,0,0,0
5842,1,0,0,0,0
5843,1,0,0,0,0
5844,1,0,0,0,0
5845,1,0,0,0,0
5846,1,0,0,0,0
5847,0,0,0,0,1
5848,0,0,0,0,1
5849,0,0,0,0,1
5850,0,0,0,0,1
5851,0,0,0,0,1
5852,0,0,0,0,1
5853,0,0,0,0,1
5854,0,0,0,0,1
5855,0,0,0,0,1
5856,0,0,0,0,1
5857,0,0,0,0,1
5858,0,0,0,0,1
5859,0,0,0,0,1
5860,0,0,0,0,1
5861,0,0,0,0,1
5862,0,0,0,0,1
5863,0,0,0,0,1
5864,0,0,0,0,1
5865,0,0,0,0,1
5866,0,0,0,0,1
5867,0,0,0,0,1
5868,0,0,0,0,1
5869,0,0,0,0,1
5870,0,0,0,0,1
5871,0,0,0,0,1
5872,0,0,0,0,1
5873,0,0,0,0,1
5874,0,0,0,0,1
5875,0,0,0,0,1
5876,0,0,0,0,1
5877,0,0,0,0,1
5878,0,0,0,0,1
5879,0,0,0,0,1
5880,0,0,0,0,1
5881,0,0,0,0,1
5882,0,0,0,0,1
5883,0,0,0,0,1
5884,0,0,0,0,1
5885,0,0,0,0,1
5886,0,0,0,0,1
5887,0,0,0,0,1
5888,1,0,0,0,0
5889,1,0,0,0,0
5890,1,0,0,0,0
5891,1,0,0,0,0
5892,1,0,0,0,0
5893,1,0,0,0,0
5894,0,0,0,1,0
5895,0,0,0,1,0
5896,0,0,0,1,0
5897,0,0,0,1,0
5898,0,0,0,1,0
5899,0,0,0,1,0
5900,0,0,0,1,0
5901,0,0,0,1,0
5902,0,0,0,1,0
5903,0,0,0,1,0
5904,0,0,0,1,0
5905,0,0,0,1,0
5906,0,0,0,1,0
5907,0,0,0,1,0
5908,0,0,0,1,0
5909,0,0,0,1,0
5910,0,0,0,1,0
5911,0,0,0,1,0
5912,0,0,0,1,0
5913,0,0,0,1,0
5914,0,0,0,1,0
5915,0,0,0,1,0
5916,0,0,0,1,0
5917,0,0,0,1,0
5918,0,0,0,1,0
5919,0,0,0,1,0
5920,0,0,0,1,0
5921,0,0,0,1,0
5922,0,0,0,1,0
5923,0,0,0,1,0
5924,0,0,0,1,0
5925,0,0,0,1,0
5926,0,0,0,1,0
5927,0,0,0,1,0
5928,0,0,0,1,0
5929,0,0,0,1,0
5930,0,0,0,1,0
5931,0,0,0,1,0
5932,0,0,0,1,0
5933,0,0,0,1,0
5934,0,0,0,1,0
5935,0,0,0,1,0
5936,0,0,0,1,0
5937,0,0,0,1,0
5938,0,0,0,1,0
5939,0,0,0,1,0
5940,0,0,0,1,0
5941,0,0,0,1,0
5942,0,0,0,1,0
5943,0,0,0,1,0
5944,0,0,0,1,0
5945,0,0,0,1,0
5946,0,0,0,1,0
5947,0,0,0,1,0
5948,0,0,0,1,0
5949,1,0,0,0,0
5950,1,0,0,0,0
5951,1,0,0,0,0
5952,1,0,0,0,0
5953,1,0,0,0,0
5954,1,0,0,0,0
5955,1,0,0,0,0
5956,1,0,0,0,0
5957,1,0,0,0,0
5958,1,0,0,0,0
5959,1,0,0,0,0
5960,1,0,0,0,0
5961,1,0,0,0,0
5962,1,0,0,0,0
5963,1,0,0,0,0
5964,1,0,0,0,0
5965,1,0,0,0,0
5966,1,0,0,0,0
5967,1,0,0,0,0
5968,1,0,0,0,0
5969,1,0,0,0,0
5970,1,0,0,0,0
5971,1,0,0,0,0
5972,1,0,0,0,0
5973,1,0,0,0,0
5974,1,0,0,0,0
5975,1,0,0,0,0
5976,1,0,0,0,0
5977,1,0,0,0,0
5978,1,0,0,0,0
5979,1,0,0,0,0
5980,1,0,0,0,0
5981,1,0,0,0,0
5982,1,0,0,0,0
5983,1,0,0,0,0
5984,1,0,0,0,0
5985,1,0,0,0,0
5986,1,0,0,0,0
5987,1,0,0,0,0
5988,1,0,0,0,0
5989,1,0,0,0,0
5990,1,0,0,0,0
5991,1,0,0,0,0
5992,1,0,0,0,0
5993,1,0,0,0,0
5994,1,0,0,0,0
5995,1,0,0,0,0
5996,1,0,0,0,0
5997,1,0,0,0,0
5998,1,0,0,0,0
5999,1,0,0,0,0
6000,1,0,0,0,0
6001,1,0,0,0,0
6002,1,0,0,0,0
6003,1,0,0,0,0
6004,1,0,0,0,0
6005,1,0,0,0,0
6006,1,0,0,0,0
6007,1,0,0,0,0
6008,1,0,0,0,0
6009,1,0,0,0,0
6010,1,0,0,0,0
6011,1,0,0,0,0
6012,1,0,0,0,0
6013,1,0,0,0,0
6014,1,0,0,0,0
6015,1,0,0,0,0
6016,1,0,0,0,0
6017,1,0,0,0,0
6018,1,0,0,0,0
6019,1,0,0,0,0
6020,1,0,0,0,0
6021,1,0,0,0,0
6022,1,0,0,0,0
6023,1,0,0,0,0
6024,1,0,0,0,0
6025,1,0,0,0,0
6026,1,0,0,0,0
6027,1,0,0,0,0
6028,1,0,0,0,0
6029,1,0,0,0,0
6030,1,0,0,0,0
6031,1,0,0,0,0
6032,1,0,0,0,0
6033,1,0,0,0,0
6034,1,0,0,0,0
6035,1,0,0,0,0
6036,1,0,0,0,0
6037,1,0,0,0,0
6038,1,0,0,0,0
6039,1,0,0,0,0
6040,1,0,0,0,0
6041,1,0,0,0,0
6042,1,0,0,0,0
6043,1,0,0,0,0
6044,1,0,0,0,0
6045,1,0,0,0,0
6046,1,0,0,0,0
6047,1,0,0,0,0
6048,1,0,0,0,0
6049,1,0,0,0,0
6050,1,0,0,0,0
6051,1,0,0,0,0
6052,0,0,0,0,1
6053,0,0,0,0,1
6054,0,0,0,0,1
6055,0,0,0,0,1
6056,0,0,0,0,1
6057,0,0,0,0,1
6058,0,0,0,0,1
6059,0,0,0,0,1
6060,0,0,0,0,1
6061,0,0,0,0,1
6062,0,0,0,0,1
6063,0,0,0,0,1
6064,0,0,0,0,1
6065,0,0,0,0,1
6066,0,0,0,0,1
6067,0,0,0,0,1
6068,0,0,0,0,1
6069,0,0,0,0,1
6070,0,0,0,0,1
6071,0,0,0,0,1
6072,0,0,0,0,1
6073,0,0,0,0,1
6074,0,0,0,0,1
6075,0,0,0,0,1
6076,0,0,0,0,1
6077,0,0,0,0,1
6078,0,0,0,0,1
6079,0,0,0,0,1
6080,0,0,0,0,1
6081,0,0,0,0,1
6082,0,0,0,0,1
6083,0,0,0,0,1
6084,0,0,0,0,1
6085,0,0,0,0,1
6086,0,0,0,0,1
6087,1,0,0,0,0
6088,1,0,0,0,0
6089,1,0,0,0,0
6090,1,0,0,0,0
6091,1,0,0,0,0
6092,1,0,0,0,0
6093,1,0,0,0,0
6094,1,0,0,0,0
6095,1,0,0,0,0
6096,1,0,0,0,0
6097,1,0,0,0,0
6098,1,0,0,0,0
6099,1,0,0,0,0
6100,1,0,0,0,0
6101,1,0,0,0,0
6102,1,0,0,0,0
6103,1,0,0,0,0
6104,1,0,0,0,0
6105,1,0,0,0,0
6106,1,0,0,0,0
6107,1,0,0,0,0
6108,1,0,0,0,0
6109,1,0,0,0,0
6110,1,0,0,0,0
6111,1,0,0,0,0
6112,1,0,0,0,0
6113,1,0,0,0,0
6114,1,0,0,0,0
6115,1,0,0,0,0
6116,1,0,0,0,0
6117,1,0,0,0,0
6118,1,0,0,0,0
6119,0,1,0,0,0
6120,0,1,0,0,0
6121,0,1,0,0,0
6122,0,1,0,0,0
6123,0,1,0,0,0
6124,0,1,0,0,0
6125,0,1,0,0,0
6126,0,1,0,0,0
6127,0,1,0,0,0
6128,0,1,0,0,0
6129,0,1,0,0,0
6130,0,1,0,0,0
6131,0,1,0,0,0
6132,0,1,0,0,0
6133,0,1,0,0,0
6134,0,1,0,0,0
6135,0,1,0,0,0
6136,0,1,0,0,0
6137,0,1,0,0,0
6138,0,1,0,0,0
6139,0,1,0,0,0
6140,0,1,0,0,0
6141,0,1,0,0,0
6142,0,1,0,0,0
6143,0,1,0,0,0
6144,0,1,0,0,0
6145,0,1,0,0,0
6146,0,1,0,0,0
6147,0,1,0,0,0
6148,0,1,0,0,0
6149,0,1,0,0,0
6150,0,1,0,0,0
6151,0,1,0,0,0
6152,0,1,0,0,0
6153,0,1,0,0,0
6154,0,1,0,0,0
6155,0,1,0,0,0
6156,0,1,0,0,0
6157,0,1,0,0,0
6158,0,1,0,0,0
6159,0,1,0,0,0
6160,0,1,0,0,0
6161,0,1,0,0,0
6162,0,1,0,0,0
6163,0,1,0,0,0
6164,0,1,0,0,0
6165,0,1,0,0,0
6166,0,1,0,0,0
6167,1,0,0,0,0
6168,1,0,0,0,0
6169,1,0,0,0,0
6170,1,0,0,0,0
6171,1,0,0,0,0
6172,1,0,0,0,0
6173,1,0,0,0,0
6174,1,0,0,0,0
6175,1,0,0,0,0
6176,1,0,0,0,0
6177,1,0,0,0,0
6178,1,0,0,0,0
6179,1,0,0,0,0
6180,1,0,0,0,0
6181,1,0,0,0,0
6182,1,0,0,0,0
6183,1,0,0,0,0
6184,1,0,0,0,0
6185,1,0,0,0,0
6186,1,0,0,0,0
6187,1,0,0,0,0
6188,1,0,0,0,0
6189,1,0,0,0,0
6190,1,0,0,0,0
6191,1,0,0,0,0
6192,1,0,0,0,0
6193,1,0,0,0,0
6194,1,0,0,0,0
6195,1,0,0,0,0
6196,1,0,0,0,0
6197,1,0,0,0,0
6198,1,0,0,0,0
6199,1,0,0,0,0
6200,1,0,0,0,0
6201,1,0,0,0,0
6202,1,0,0,0,0
6203,1,0,0,0,0
6204,1,0,0,0,0
6205,1,0,0,0,0
6206,1,0,0,0,0
6207,1,0,0,0,0
6208,1,0,0,0,0
6209,1,0,0,0,0
6210,1,0,0,0,0
6211,1,0,0,0,0
6212,1,0,0,0,0
6213,1,0,0,0,0
6214,1,0,0,0,0
6215,1,0,0,0,0
6216,1,0,0,0,0
6217,1,0,0,0,0
6218,1,0,0,0,0
6219,1,0,0,0,0
6220,1,0,0,0,0
6221,1,0,0,0,0
6222,1,0,0,0,0
6223,1,0,0,0,0
6224,1,0,0,0,0
6225,1,0,0,0,0
6226,1,0,0,0,0
6227,1,0,0,0,0
6228,1,0,0,0,0
6229,1,0,0,0,0
6230,1,0,0,0,0
6231,1,0,0,0,0
6232,1,0,0,0,0
6233,1,0,0,0,0
6234,1,0,0,0,0
6235,1,0,0,0,0
6236,1,0,0,0,0
6237,1,0,0,0,0
6238,1,0,0,0,0
6239,1,0,0,0,0
6240,1,0,0,0,0
6241,1,0,0,0,0
6242,1,0,0,0,0
6243,1,0,0,0,0
6244,1,0,0,0,0
6245,1,0,0,0,0
6246,1,0,0,0,0
6247,1,0,0,0,0
6248,1,0,0,0,0
6249,1,0,0,0,0
6250,1,0,0,0,0
6251,1,0,0,0,0
6252,1,0,0,0,0
6253,1,0,0,0,0
6254,1,0,0,0,0
6255,1,0,0,0,0
6256,1,0,0,0,0
6257,1,0,0,0,0
6258,1,0,0,0,0
6259,1,0,0,0,0
6260,1,0,0,0,0
6261,1,0,0,0,0
6262,1,0,0,0,0
6263,1,0,0,0,0
6264,1,0,0,0,0
6265,1,0,0,0,0
6266,1,0,0,0,0
6267,1,0,0,0,0
6268,1,0,0,0,0
6269,1,0,0,0,0
6270,1,0,0,0,0
6271,1,0,0,0,0
6272,1,0,0,0,0
6273,1,0,0,0,0
6274,1,0,0,0,0
6275,1,0,0,0,0
6276,1,0,0,0,0
6277,1,0,0,0,0
6278,1,0,0,0,0
6279,1,0,0,0,0
6280,1,0,0,0,0
6281,1,0,0,0,0
6282,1,0,0,0,0
6283,1,0,0,0,0
6284,1,0,0,0,0
6285,1,0,0,0,0
6286,1,0,0,0,0
6287,1,0,0,0,0
6288,1,0,0,0,0
6289,1,0,0,0,0
6290,1,0,0,0,0
6291,1,0,0,0,0
6292,1,0,0,0,0
6293,1,0,0,0,0
6294,0,0,0,0,1
6295,0,0,0,0,1
6296,0,0,0,0,1
6297,0,0,0,0,1
6298,0,0,0,0,1
6299,0,0,0,0,1
6300,0,0,0,0,1
6301,0,0,0,0,1
6302,0,0,0,0,1
6303,0,0,0,0,1
6304,0,0,0,0,1
6305,0,0,0,0,1
6306,0,0,0,0,1
6307,0,0,0,0,1
6308,0,0,0,0,1
6309,0,0,0,0,1
6310,0,0,0,0,1
6311,0,0,0,0,1
6312,0,0,0,0,1
6313,0,0,0,0,1
6314,0,0,0,0,1
6315,0,0,0,0,1
6316,0,0,0,0,1
6317,0,0,0,0,1
6318,0,0,0,0,1
6319,0,0,0,0,1
6320,0,0,0,0,1
6321,0,0,0,0,1
6322,0,0,0,0,1
6323,0,0,0,0,1
6324,0,0,0,0,1
6325,0,0,0,0,1
6326,0,0,0,0,1
6327,0,0,0,0,1
6328,0,0,0,0,1
6329,0,0,0,0,1
6330,0,0,0,0,1
6331,0,0,0,0,1
6332,0,0,0,0,1
6333,0,0,0,0,1
6334,0,0,0,0,1
6335,0,0,0,0,1
6336,0,0,0,0,1
6337,0,0,0,0,1
6338,0,0,0,0,1
6339,0,0,0,0,1
6340,0,0,0,0,1
6341,0,0,0,0,1
6342,0,0,0,0,1
6343,0,0,0,0,1
6344,0,0,0,0,1
6345,0,0,0,0,1
6346,0,0,0,0,1
6347,0,0,0,0,1
6348,0,0,0,0,1
6349,0,0,0,0,1
6350,0,0,0,0,1
6351,0,0,0,0,1
6352,0,0,0,0,1
6353,0,0,0,0,1
6354,0,0,0,0,1
6355,0,0,0,0,1
6356,0,0,0,0,1
6357,0,0,0,0,1
6358,0,0,0,0,1
6359,0,0,0,0,1
6360,0,0,0,0,1
6361,0,0,0,0,1
6362,0,0,0,0,1
6363,0,0,0,0,1
6364,0,0,0,0,1
6365,0,0,0,0,1
6366,0,0,0,0,1
6367,0,0,0,0,1
6368,0,0,0,0,1
6369,0,0,0,0,1
6370,0,0,0,0,1
6371,0,0,0,0,1
6372,0,0,0,0,1
6373,0,0,0,0,1
6374,0,0,0,0,1
6375,0,0,0,0,1
6376,0,0,0,0,1
6377,0,0,0,0,1
6378,0,0,0,0,1
6379,0,0,0,0,1
6380,0,0,0,0,1
6381,0,0,0,0,1
6382,0,0,0,0,1
6383,0,0,0,0,1
6384,0,0,0,0,1
6385,0,0,0,0,1
6386,0,0,0,0,1
6387,0,0,0,0,1
6388,0,0,0,0,1
6389,0,0,0,0,1
6390,0,0,0,0,1
6391,0,0,0,0,1
6392,0,0,0,0,1
6393,0,0,0,0,1
6394,0,0,0,0,1
6395,0,0,0,0,1
6396,0,0,0,0,1
6397,1,0,0,0,0
6398,1,0,0,0,0
6399,1,0,0,0,0
6400,1,0,0,0,0
6401,1,0,0,0,0
6402,1,0,0,0,0
6403,1,0,0,0,0
6404,1,0,0,0,0
6405,1,0,0,0,0
6406,1,0,0,0,0
6407,1,0,0,0,0
6408,1,0,0,0,0
6409,1,0,0,0,0
6410,1,0,0,0,0
6411,1,0,0,0,0
6412,1,0,0,0,0
6413,1,0,0,0,0
6414,1,0,0,0,0
6415,1,0,0,0,0
6416,1,0,0,0,0
6417,1,0,0,0,0
6418,1,0,0,0,0
6419,1,0,0,0,0
6420,1,0,0,0,0
6421,1,0,0,0,0
6422,1,0,0,0,0
6423,1,0,0,0,0
6424,1,0,0,0,0
6425,1,0,0,0,0
6426,1,0,0,0,0
6427,1,0,0,0,0
6428,1,0,0,0,0
6429,1,0,0,0,0
6430,1,0,0,0,0
6431,1,0,0,0,0
6432,1,0,0,0,0
6433,1,0,0,0,0
6434,1,0,0,0,0
6435,1,0,0,0,0
6436,1,0,0,0,0
6437,1,0,0,0,0
6438,1,0,0,0,0
6439,1,0,0,0,0
6440,1,0,0,0,0
6441,1,0,0,0,0
6442,1,0,0,0,0
6443,1,0,0,0,0
6444,1,0,0,0,0
6445,1,0,0,0,0
6446,1,0,0,0,0
6447,1,0,0,0,0
6448,1,0,0,0,0
6449,1,0,0,0,0
6450,1,0,0,0,0
6451,1,0,0,0,0
6452,1,0,0,0,0
6453,1,0,0,0,0
6454,1,0,0,0,0
6455,1,0,0,0,0
6456,1,0,0,0,0
6457,1,0,0,0,0
6458,1,0,0,0,0
6459,1,0,0,0,0
6460,1,0,0,0,0
6461,1,0,0,0,0
6462,1,0,0,0,0
6463,1,0,0,0,0
6464,1,0,0,0,0
6465,1,0,0,0,0
6466,1,0,0,0,0
6467,1,0,0,0,0
6468,1,0,0,0,0
6469,1,0,0,0,0
6470,1,0,0,0,0
6471,1,0,0,0,0
6472,1,0,0,0,0
6473,1,0,0,0,0
6474,1,0,0,0,0
6475,1,0,0,0,0
6476,1,0,0,0,0
6477,1,0,0,0,0
6478,1,0,0,0,0
6479,1,0,0,0,0
6480,1,0,0,0,0
6481,1,0,0,0,0
6482,1,0,0,0,0
6483,0,0,0,0,1
6484,0,0,0,0,1
6485,0,0,0,0,1
6486,0,0,0,0,1
6487,0,0,0,0,1
6488,0,0,0,0,1
6489,0,0,0,0,1
6490,0,0,0,0,1
6491,0,0,0,0,1
6492,0,0,0,0,1
6493,0,0,0,0,1
6494,0,0,0,0,1
6495,0,0,0,0,1
6496,0,0,0,0,1
6497,0,0,0,0,1
6498,0,0,0,0,1
6499,0,0,0,0,1
6500,0,0,0,0,1
6501,0,0,0,0,1
6502,0,0,0,0,1
6503,0,0,0,0,1
6504,0,0,0,0,1
6505,0,0,0,0,1
6506,0,0,0,0,1
6507,0,0,0,0,1
6508,0,0,0,0,1
6509,0,0,0,0,1
6510,0,0,0,0,1
6511,0,0,0,0,1
6512,0,0,0,0,1
6513,0,0,0,0,1
6514,0,0,0,0,1
6515,0,0,0,0,1
6516,0,0,0,0,1
6517,0,0,0,0,1
6518,0,0,0,0,1
6519,0,0,0,0,1
6520,0,0,0,0,1
6521,0,0,0,0,1
6522,0,0,0,0,1
6523,0,0,0,0,1
6524,0,0,0,0,1
6525,0,0,0,0,1
6526,0,0,0,0,1
6527,0,0,0,0,1
6528,0,0,0,0,1
6529,0,0,0,0,1
6530,0,0,0,0,1
6531,0,0,0,0,1
6532,0,0,0,0,1
6533,0,0,0,0,1
6534,0,0,0,0,1
6535,0,0,0,0,1
6536,0,0,0,0,1
6537,0,0,0,0,1
6538,0,0,0,0,1
6539,0,0,0,0,1
6540,0,0,0,0,1
6541,0,0,0,0,1
6542,0,0,0,0,1
6543,0,0,0,0,1
6544,0,0,0,0,1
6545,0,0,0,0,1
6546,0,0,0,0,1
6547,0,0,0,0,1
6548,0,0,0,0,1
6549,0,0,0,0,1
6550,0,0,0,0,1
6551,0,0,0,0,1
6552,0,0,0,0,1
6553,0,0,0,0,1
6554,0,0,0,0,1
6555,0,0,0,0,1
6556,0,0,0,0,1
6557,0,0,0,0,1
6558,0,0,0,0,1
6559,0,0,0,0,1
6560,0,0,0,0,1
6561,0,0,0,0,1
6562,0,0,0,0,1
6563,0,0,0,0,1
6564,0,0,0,0,1
6565,0,0,0,0,1
6566,0,0,0,0,1
6567,0,0,0,0,1
6568,0,0,0,0,1
6569,0,0,0,0,1
6570,0,0,0,0,1
6571,0,0,0,0,1
6572,0,0,0,0,1
6573,0,0,0,0,1
6574,0,0,0,0,1
6575,0,0,0,0,1
6576,0,0,0,0,1
6577,0,0,0,0,1
6578,0,0,0,0,1
6579,0,0,0,0,1
6580,0,0,0,0,1
6581,0,0,0,0,1
6582,0,0,0,0,1
6583,0,0,0,0,1
6584,0,0,0,0,1
6585,0,0,0,0,1
6586,0,0,0,0,1
6587,0,0,0,0,1
6588,0,0,0,0,1
6589,0,0,0,0,1
6590,0,0,0,0,1
6591,0,0,0,0,1
6592,0,0,0,0,1
6593,0,0,0,0,1
6594,0,0,0,0,1
6595,0,0,0,0,1
6596,0,0,0,0,1
6597,0,0,0,0,1
6598,0,0,0,0,1
6599,0,0,0,0,1
6600,0,0,0,0,1
6601,0,0,0,0,1
6602,0,0,0,0,1
6603,0,0,0,0,1
6604,0,0,0,0,1
6605,0,0,0,0,1
6606,0,0,0,0,1
6607,0,0,0,0,1
6608,0,0,0,0,1
6609,0,0,0,0,1
6610,0,0,0,0,1
6611,0,0,0,0,1
6612,0,0,0,0,1
6613,0,0,0,0,1
6614,0,0,0,0,1
6615,0,0,0,0,1
6616,0,0,0,0,1
6617,0,0,0,0,1
6618,0,0,0,0,1
6619,0,0,0,0,1
6620,0,0,0,0,1
6621,0,0,0,0,1
6622,0,0,0,0,1
6623,0,0,0,0,1
6624,0,0,0,0,1
6625,0,0,0,0,1
6626,0,0,0,0,1
6627,0,0,0,0,1
6628,0,0,0,0,1
6629,0,0,0,0,1
6630,0,0,0,0,1
6631,0,0,0,0,1
6632,0,0,0,0,1
6633,0,0,0,0,1
6634,0,0,0,0,1
6635,1,0,0,0,0
6636,1,0,0,0,0
6637,1,0,0,0,0
6638,1,0,0,0,0
6639,1,0,0,0,0
6640,1,0,0,0,0
6641,1,0,0,0,0
6642,1,0,0,0,0
6643,1,0,0,0,0
6644,1,0,0,0,0
6645,1,0,0,0,0
6646,1,0,0,0,0
6647,1,0,0,0,0
6648,1,0,0,0,0
6649,1,0,0,0,0
6650,1,0,0,0,0
6651,1,0,0,0,0
6652,1,0,0,0,0
6653,1,0,0,0,0
6654,1,0,0,0,0
6655,1,0,0,0,0
6656,1,0,0,0,0
6657,1,0,0,0,0
6658,1,0,0,0,0
6659,1,0,0,0,0
6660,1,0,0,0,0
6661,1,0,0,0,0
6662,1,0,0,0,0
6663,1,0,0,0,0
6664,1,0,0,0,0
6665,1,0,0,0,0
6666,1,0,0,0,0
6667,1,0,0,0,0
6668,1,0,0,0,0
6669,1,0,0,0,0
6670,1,0,0,0,0
6671,1,0,0,0,0
6672,1,0,0,0,0
6673,1,0,0,0,0
6674,1,0,0,0,0
6675,1,0,0,0,0
6676,1,0,0,0,0
6677,1,0,0,0,0
6678,1,0,0,0,0
6679,1,0,0,0,0
6680,1,0,0,0,0
6681,1,0,0,0,0
6682,1,0,0,0,0
6683,1,0,0,0,0
6684,1,0,0,0,0
6685,1,0,0,0,0
6686,1,0,0,0,0
6687,1,0,0,0,0
6688,1,0,0,0,0
6689,1,0,0,0,0
6690,1,0,0,0,0
6691,1,0,0,0,0
6692,1,0,0,0,0
6693,1,0,0,0,0
6694,1,0,0,0,0
6695,1,0,0,0,0
6696,1,0,0,0,0
6697,1,0,0,0,0
6698,1,0,0,0,0
6699,1,0,0,0,0
6700,1,0,0,0,0
6701,1,0,0,0,0
6702,1,0,0,0,0
6703,1,0,0,0,0
6704,1,0,0,0,0
6705,1,0,0,0,0
6706,1,0,0,0,0
6707,1,0,0,0,0
6708,1,0,0,0,0
6709,1,0,0,0,0
6710,1,0,0,0,0
6711,1,0,0,0,0
6712,1,0,0,0,0
6713,1,0,0,0,0
6714,1,0,0,0,0
6715,1,0,0,0,0
6716,1,0,0,0,0
6717,1,0,0,0,0
6718,1,0,0,0,0
6719,1,0,0,0,0
6720,1,0,0,0,0
6721,1,0,0,0,0
6722,1,0,0,0,0
6723,1,0,0,0,0
6724,1,0,0,0,0
6725,1,0,0,0,0
6726,1,0,0,0,0
6727,1,0,0,0,0
6728,1,0,0,0,0
6729,1,0,0,0,0
6730,1,0,0,0,0
6731,1,0,0,0,0
6732,1,0,0,0,0
6733,1,0,0,0,0
6734,1,0,0,0,0
6735,1,0,0,0,0
6736,1,0,0,0,0
6737,1,0,0,0,0
6738,1,0,0,0,0
6739,1,0,0,0,0
6740,1,0,0,0,0
6741,1,0,0,0,0
6742,1,0,0,0,0
6743,1,0,0,0,0
6744,1,0,0,0,0
6745,1,0,0,0,0
6746,1,0,0,0,0
6747,1,0,0,0,0
6748,1,0,0,0,0
6749,1,0,0,0,0
6750,1,0,0,0,0
6751,1,0,0,0,0
6752,1,0,0,0,0
6753,1,0,0,0,0
6754,1,0,0,0,0
6755,1,0,0,0,0
6756,1,0,0,0,0
6757,1,0,0,0,0
6758,1,0,0,0,0
6759,1,0,0,0,0
6760,1,0,0,0,0
6761,1,0,0,0,0
6762,1,0,0,0,0
6763,1,0,0,0,0
6764,1,0,0,0,0
6765,1,0,0,0,0
6766,1,0,0,0,0
6767,1,0,0,0,0
6768,1,0,0,0,0
6769,1,0,0,0,0
6770,1,0,0,0,0
6771,1,0,0,0,0
6772,1,0,0,0,0
6773,1,0,0,0,0
6774,1,0,0,0,0
6775,1,0,0,0,0
6776,1,0,0,0,0
6777,1,0,0,0,0
6778,1,0,0,0,0
6779,1,0,0,0,0
6780,1,0,0,0,0
6781,1,0,0,0,0
6782,1,0,0,0,0
6783,1,0,0,0,0
6784,1,0,0,0,0
6785,1,0,0,0,0
6786,1,0,0,0,0
6787,1,0,0,0,0
6788,1,0,0,0,0
6789,1,0,0,0,0
6790,1,0,0,0,0
6791,1,0,0,0,0
6792,1,0,0,0,0
6793,1,0,0,0,0
6794,0,0,0,0,1
6795,0,0,0,0,1
6796,0,0,0,0,1
6797,0,0,0,0,1
6798,0,0,0,0,1
6799,0,0,0,0,1
6800,0,0,0,0,1
6801,0,0,0,0,1
6802,0,0,0,0,1
6803,0,0,0,0,1
6804,0,0,0,0,1
6805,0,0,0,0,1
6806,0,0,0,0,1
6807,0,0,0,0,1
6808,0,0,0,0,1
6809,0,0,0,0,1
6810,0,0,0,0,1
6811,0,0,0,0,1
6812,0,0,0,0,1
6813,0,0,0,0,1
6814,0,0,0,0,1
6815,0,0,0,0,1
6816,0,0,0,0,1
6817,0,0,0,0,1
6818,0,0,0,0,1
6819,0,0,0,0,1
6820,0,0,0,0,1
6821,0,0,0,0,1
6822,0,0,0,0,1
6823,0,0,0,0,1
6824,0,0,0,0,1
6825,0,0,0,0,1
6826,0,0,0,0,1
6827,0,0,0,0,1
6828,0,0,0,0,1
6829,0,0,0,0,1
6830,0,0,0,0,1
6831,0,0,0,0,1
6832,0,0,0,0,1
6833,0,0,0,0,1
6834,0,0,0,0,1
6835,0,0,0,0,1
6836,0,0,0,0,1
6837,0,0,0,0,1
6838,0,0,0,0,1
6839,0,0,0,0,1
6840,0,0,0,0,1
6841,0,0,0,0,1
6842,0,0,0,0,1
6843,0,0,0,0,1
6844,0,0,0,0,1
6845,0,0,0,0,1
6846,0,0,0,0,1
6847,0,0,0,0,1
6848,0,0,0,0,1
6849,0,0,0,0,1
6850,0,0,0,0,1
6851,0,0,0,0,1
6852,0,0,0,0,1
6853,0,0,0,0,1
6854,0,0,0,0,1
6855,0,0,0,0,1
6856,0,0,0,0,1
6857,0,0,0,0,1
6858,0,0,0,0,1
6859,0,0,0,0,1
6860,0,0,0,0,1
6861,0,0,0,0,1
6862,0,0,0,0,1
6863,0,0,0,0,1
6864,0,0,0,0,1
6865,0,0,0,0,1
6866,0,0,0,0,1
6867,0,0,0,0,1
6868,0,0,0,0,1
6869,0,0,0,0,1
6870,0,0,0,0,1
6871,0,0,0,0,1
6872,0,0,0,0,1
6873,0,0,0,0,1
6874,0,0,0,0,1
6875,0,0,0,0,1
6876,0,0,0,0,1
6877,0,0,0,0,1
6878,0,0,0,0,1
6879,0,0,0,0,1
6880,0,0,0,0,1
6881,0,0,0,0,1
6882,0,0,0,0,1
6883,0,0,0,0,1
6884,0,0,0,0,1
6885,0,0,0,0,1
6886,0,0,0,0,1
6887,0,0,0,0,1
6888,0,0,0,0,1
6889,0,0,0,0,1
6890,0,0,0,0,1
6891,0,0,0,0,1
6892,0,0,0,0,1
6893,0,0,0,0,1
6894,0,0,0,0,1
6895,0,0,0,0,1
6896,0,0,0,0,1
6897,0,0,0,0,1
6898,0,0,0,0,1
6899,0,0,0,0,1
6900,0,0,0,0,1
6901,0,0,0,0,1
6902,0,0,0,0,1
6903,0,0,0,0,1
6904,0,0,0,0,1
6905,0,0,0,0,1
6906,0,0,0,0,1
6907,0,0,0,0,1
6908,0,0,0,0,1
6909,0,0,0,0,1
6910,0,0,0,0,1
6911,0,0,0,0,1
6912,0,0,0,0,1
6913,0,0,0,0,1
6914,0,0,0,0,1
6915,0,0,0,0,1
6916,0,0,0,0,1
6917,0,0,0,0,1
6918,0,0,0,0,1
6919,0,0,0,0,1
6920,0,0,0,0,1
6921,0,0,0,0,1
6922,0,0,0,0,1
6923,0,0,0,0,1
6924,0,0,0,0,1
6925,0,0,0,0,1
6926,1,0,0,0,0
6927,1,0,0,0,0
6928,1,0,0,0,0
6929,1,0,0,0,0
6930,1,0,0,0,0
6931,1,0,0,0,0
6932,1,0,0,0,0
6933,1,0,0,0,0
6934,1,0,0,0,0
6935,1,0,0,0,0
6936,1,0,0,0,0
6937,1,0,0,0,0
6938,1,0,0,0,0
6939,1,0,0,0,0
6940,1,0,0,0,0
6941,1,0,0,0,0
6942,1,0,0,0,0
6943,1,0,0,0,0
6944,1,0,0,0,0
6945,1,0,0,0,0
6946,1,0,0,0,0
6947,1,0,0,0,0
6948,1,0,0,0,0
6949,1,0,0,0,0
6950,1,0,0,0,0
6951,1,0,0,0,0
6952,1,0,0,0,0
6953,1,0,0,0,0
6954,1,0,0,0,0
6955,1,0,0,0,0
6956,1,0,0,0,0
6957,1,0,0,0,0
6958,1,0,0,0,0
6959,1,0,0,0,0
6960,1,0,0,0,0
6961,1,0,0,0,0
6962,1,0,0,0,0
6963,1,0,0,0,0
6964,1,0,0,0,0
6965,1,0,0,0,0
6966,1,0,0,0,0
6967,1,0,0,0,0
6968,1,0,0,0,0
6969,1,0,0,0,0
6970,1,0,0,0,0
6971,1,0,0,0,0
6972,1,0,0,0,0
6973,1,0,0,0,0
6974,1,0,0,0,0
6975,1,0,0,0,0
6976,1,0,0,0,0
6977,1,0,0,0,0
6978,1,0,0,0,0
6979,1,0,0,0,0
6980,1,0,0,0,0
6981,1,0,0,0,0
6982,1,0,0,0,0
6983,1,0,0,0,0
6984,1,0,0,0,0
6985,1,0,0,0,0
6986,1,0,0,0,0
6987,1,0,0,0,0
6988,1,0,0,0,0
6989,1,0,0,0,0
6990,1,0,0,0,0
6991,1,0,0,0,0
6992,1,0,0,0,0
6993,1,0,0,0,0
6994,1,0,0,0,0
6995,1,0,0,0,0
6996,1,0,0,0,0
6997,1,0,0,0,0
6998,1,0,0,0,0
6999,1,0,0,0,0
7000,1,0,0,0,0
7001,1,0,0,0,0
7002,1,0,0,0,0
7003,1,0,0,0,0
7004,1,0,0,0,0
7005,1,0,0,0,0
7006,1,0,0,0,0
7007,1,0,0,0,0
7008,1,0,0,0,0
7009,1,0,0,0,0
7010,1,0,0,0,0
7011,1,0,0,0,0
7012,1,0,0,0,0
7013,1,0,0,0,0
7014,1,0,0,0,0
7015,1,0,0,0,0
7016,1,0,0,0,0
7017,1,0,0,0,0
7018,1,0,0,0,0
7019,1,0,0,0,0
7020,1,0,0,0,0
7021,1,0,0,0,0
7022,1,0,0,0,0
7023,1,0,0,0,0
7024,1,0,0,0,0
7025,1,0,0,0,0
7026,1,0,0,0,0
7027,1,0,0,0,0
7028,1,0,0,0,0
7029,1,0,0,0,0
7030,1,0,0,0,0
7031,1,0,0,0,0
7032,1,0,0,0,0
7033,1,0,0,0,0
7034,1,0,0,0,0
7035,1,0,0,0,0
7036,1,0,0,0,0
7037,1,0,0,0,0
7038,1,0,0,0,0
7039,1,0,0,0,0
7040,1,0,0,0,0
7041,1,0,0,0,0
7042,1,0,0,0,0
7043,1,0,0,0,0
7044,1,0,0,0,0
7045,1,0,0,0,0
7046,1,0,0,0,0
7047,1,0,0,0,0
7048,1,0,0,0,0
7049,1,0,0,0,0
7050,1,0,0,0,0
7051,0,0,0,0,1
7052,0,0,0,0,1
7053,0,0,0,0,1
7054,0,0,0,0,1
7055,0,0,0,0,1
7056,0,0,0,0,1
7057,0,0,0,0,1
7058,0,0,0,0,1
7059,0,0,0,0,1
7060,0,0,0,0,1
7061,0,0,0,0,1
7062,0,0,0,0,1
7063,0,0,0,0,1
7064,0,0,0,0,1
7065,0,0,0,0,1
7066,0,0,0,0,1
7067,0,0,0,0,1
7068,0,0,0,0,1
7069,0,0,0,0,1
7070,0,0,0,0,1
7071,0,0,0,0,1
7072,0,0,0,0,1
7073,0,0,0,0,1
7074,0,0,0,0,1
7075,0,0,0,0,1
7076,0,0,0,0,1
7077,0,0,0,0,1
7078,0,0,0,0,1
7079,0,0,0,0,1
7080,0,0,0,0,1
7081,0,0,0,0,1
7082,0,0,0,0,1
7083,0,0,0,0,1
7084,0,0,0,0,1
7085,0,0,0,0,1
7086,0,0,0,0,1
7087,0,0,0,0,1
7088,0,0,0,0,1
7089,0,0,0,0,1
7090,1,0,0,0,0
7091,1,0,0,0,0
7092,1,0,0,0,0
7093,1,0,0,0,0
7094,1,0,0,0,0
7095,1,0,0,0,0
7096,1,0,0,0,0
7097,1,0,0,0,0
7098,1,0,0,0,0
7099,1,0,0,0,0
7100,1,0,0,0,0
7101,1,0,0,0,0
7102,1,0,0,0,0
7103,1,0,0,0,0
7104,1,0,0,0,0
7105,1,0,0,0,0
7106,1,0,0,0,0
7107,1,0,0,0,0
7108,1,0,0,0,0
7109,1,0,0,0,0
7110,1,0,0,0,0
7111,1,0,0,0,0
7112,1,0,0,0,0
7113,1,0,0,0,0
7114,1,0,0,0,0
7115,1,0,0,0,0
7116,1,0,0,0,0
7117,1,0,0,0,0
7118,1,0,0,0,0
7119,1,0,0,0,0
7120,1,0,0,0,0
7121,1,0,0,0,0
7122,1,0,0,0,0
7123,1,0,0,0,0
7124,1,0,0,0,0
7125,1,0,0,0,0
7126,1,0,0,0,0
7127,1,0,0,0,0
7128,1,0,0,0,0
7129,1,0,0,0,0
7130,1,0,0,0,0
7131,1,0,0,0,0
7132,1,0,0,0,0
7133,1,0,0,0,0
7134,1,0,0,0,0
7135,1,0,0,0,0
7136,1,0,0,0,0
7137,1,0,0,0,0
7138,1,0,0,0,0
7139,0,0,0,0,1
7140,0,0,0,0,1
7141,0,0,0,0,1
7142,0,0,0,0,1
7143,0,0,0,0,1
7144,0,0,0,0,1
7145,0,0,0,0,1
7146,0,0,0,0,1
7147,0,0,0,0,1
7148,0,0,0,0,1
7149,0,0,0,0,1
7150,0,0,0,0,1
7151,0,0,0,0,1
7152,0,0,0,0,1
7153,0,0,0,0,1
7154,0,0,0,0,1
7155,0,0,0,0,1
7156,0,0,0,0,1
7157,0,0,0,0,1
7158,0,0,0,0,1
7159,0,0,0,0,1
7160,0,0,0,0,1
7161,0,0,0,0,1
7162,0,0,0,0,1
7163,0,0,0,0,1
7164,0,0,0,0,1
7165,0,0,0,0,1
7166,0,0,0,0,1
7167,0,0,0,0,1
7168,0,0,0,0,1
7169,0,0,0,0,1
7170,0,0,0,0,1
7171,0,0,0,0,1
7172,0,0,0,0,1
7173,0,0,0,0,1
7174,0,0,0,0,1
7175,0,0,0,0,1
7176,0,0,0,0,1
7177,0,0,0,0,1
7178,0,0,0,0,1
7179,0,0,0,0,1
7180,0,0,0,0,1
7181,0,0,0,0,1
7182,0,0,0,0,1
7183,0,0,0,0,1
7184,0,0,0,0,1
7185,0,0,0,0,1
7186,0,0,0,0,1
7187,0,0,0,0,1
7188,0,0,0,0,1
7189,0,0,0,0,1
7190,0,0,0,0,1
7191,0,0,0,0,1
7192,0,0,0,0,1
7193,0,0,0,0,1
7194,0,0,0,0,1
7195,0,0,0,0,1
7196,0,0,0,0,1
7197,0,0,0,0,1
7198,0,0,0,0,1
7199,0,0,0,0,1
7200,0,0,0,0,1
7201,0,0,0,0,1
7202,0,0,0,0,1
7203,0,0,0,0,1
7204,0,0,0,0,1
7205,0,0,0,0,1
7206,0,0,0,0,1
7207,0,0,0,0,1
7208,0,0,0,0,1
7209,0,0,0,0,1
7210,0,0,0,0,1
7211,0,0,0,0,1
7212,0,0,0,0,1
7213,0,0,0,0,1
7214,0,0,0,0,1
7215,0,0,0,0,1
7216,0,0,0,0,1
7217,0,0,0,0,1
7218,0,0,0,0,1
7219,0,0,0,0,1
7220,0,0,0,0,1
7221,0,0,0,0,1
7222,0,0,0,0,1
7223,0,0,0,0,1
7224,0,0,0,0,1
7225,0,0,0,0,1
7226,0,0,0,0,1
7227,0,0,0,0,1
7228,0,0,0,0,1
7229,0,0,0,0,1
7230,0,0,0,0,1
7231,0,0,0,0,1
7232,0,0,0,0,1
7233,0,0,0,0,1
7234,0,0,0,0,1
7235,0,0,0,0,1
7236,0,0,0,0,1
7237,0,0,0,0,1
7238,0,0,0,0,1
7239,0,0,0,0,1
7240,0,0,0,0,1
7241,0,0,0,0,1
7242,0,0,0,0,1
7243,0,0,0,0,1
7244,0,0,0,0,1
7245,0,0,0,0,1
7246,0,0,0,0,1
7247,0,0,0,0,1
7248,0,0,0,0,1
7249,0,0,0,0,1
7250,0,0,0,0,1
7251,0,0,0,0,1
7252,0,0,0,0,1
7253,0,0,0,0,1
7254,0,0,0,0,1
7255,0,0,0,0,1
7256,0,0,0,0,1
7257,0,0,0,0,1
7258,0,0,0,0,1
7259,0,0,0,0,1
7260,0,0,0,0,1
7261,0,0,0,0,1
7262,0,0,0,0,1
7263,0,0,0,0,1
7264,0,0,0,0,1
7265,0,0,0,0,1
7266,0,0,0,0,1
7267,0,0,0,0,1
7268,0,0,0,0,1
7269,0,0,0,0,1
7270,0,0,0,0,1
7271,0,0,0,0,1
7272,0,0,0,0,1
7273,0,0,0,0,1
7274,0,0,0,0,1
7275,0,0,0,0,1
7276,0,0,0,0,1
7277,0,0,0,0,1
7278,0,0,0,0,1
7279,0,0,0,0,1
7280,0,0,0,0,1
7281,0,0,0,0,1
7282,0,0,0,0,1
7283,0,0,0,0,1
7284,0,0,0,0,1
7285,0,0,0,0,1
7286,0,0,0,0,1
7287,0,0,0,0,1
7288,0,0,0,0,1
7289,0,0,0,0,1
7290,0,0,0,0,1
7291,0,0,0,0,1
7292,0,0,0,0,1
7293,0,0,0,0,1
7294,0,0,0,0,1
7295,0,0,0,0,1
7296,0,0,0,0,1
7297,0,0,0,0,1
7298,0,0,0,0,1
7299,0,0,0,0,1
7300,0,0,0,0,1
7301,0,0,0,0,1
7302,0,0,0,0,1
7303,0,0,0,0,1
7304,0,0,0,0,1
7305,0,0,0,0,1
7306,0,0,0,0,1
7307,0,0,0,0,1
7308,0,0,0,0,1
7309,0,0,0,0,1
7310,0,0,0,0,1
7311,0,0,0,0,1
7312,0,0,0,0,1
7313,0,0,0,0,1
7314,0,0,0,0,1
7315,0,0,0,0,1
7316,0,0,0,0,1
7317,0,0,0,0,1
7318,0,0,0,0,1
7319,0,0,0,0,1
7320,0,0,0,0,1
7321,0,0,0,0,1
7322,0,0,0,0,1
7323,0,0,0,0,1
7324,0,0,0,0,1
7325,0,0,0,0,1
7326,0,0,0,0,1
7327,0,0,0,0,1
7328,0,0,0,0,1
7329,0,0,0,0,1
7330,0,0,0,0,1
7331,0,0,0,0,1
7332,0,0,0,0,1
7333,0,0,0,0,1
7334,0,0,0,0,1
7335,0,0,0,0,1
7336,0,0,0,0,1
7337,0,0,0,0,1
7338,0,0,0,0,1
7339,0,0,0,0,1
7340,0,0,0,0,1
7341,0,0,0,0,1
7342,0,0,0,0,1
7343,0,0,0,0,1
7344,0,0,0,0,1
7345,0,0,0,0,1
7346,0,0,0,0,1
7347,0,0,0,0,1
7348,0,0,0,0,1
7349,0,0,0,0,1
7350,0,0,0,0,1
7351,0,0,0,0,1
7352,0,0,0,0,1
7353,0,0,0,0,1
7354,0,0,0,0,1
7355,0,0,0,0,1
7356,0,0,0,0,1
7357,0,0,0,0,1
7358,0,0,0,0,1
7359,0,0,0,0,1
7360,0,0,0,0,1
7361,0,0,0,0,1
7362,0,0,0,0,1
7363,0,0,0,0,1
7364,0,0,0,0,1
7365,1,0,0,0,0
7366,1,0,0,0,0
7367,1,0,0,0,0
7368,1,0,0,0,0
7369,0,1,0,0,0
7370,0,1,0,0,0
7371,0,1,0,0,0
7372,0,1,0,0,0
7373,0,1,0,0,0
7374,0,1,0,0,0
7375,0,1,0,0,0
7376,0,1,0,0,0
7377,0,1,0,0,0
7378,0,1,0,0,0
7379,0,1,0,0,0
7380,0,1,0,0,0
7381,0,1,0,0,0
7382,0,1,0,0,0
7383,0,1,0,0,0
7384,0,1,0,0,0
7385,0,1,0,0,0
7386,0,1,0,0,0
7387,0,1,0,0,0
7388,0,1,0,0,0
7389,0,1,0,0,0
7390,0,1,0,0,0
7391,0,1,0,0,0
7392,0,1,0,0,0
7393,0,1,0,0,0
7394,0,1,0,0,0
7395,0,1,0,0,0
7396,0,1,0,0,0
7397,0,1,0,0,0
7398,0,1,0,0,0
7399,0,1,0,0,0
7400,0,1,0,0,0
7401,0,1,0,0,0
7402,0,1,0,0,0
7403,0,1,0,0,0
7404,0,1,0,0,0
7405,0,1,0,0,0
7406,0,1,0,0,0
7407,0,1,0,0,0
7408,0,1,0,0,0
7409,0,1,0,0,0
7410,0,1,0,0,0
7411,0,1,0,0,0
7412,0,1,0,0,0
7413,0,1,0,0,0
7414,0,1,0,0,0
7415,0,1,0,0,0
7416,0,1,0,0,0
7417,0,1,0,0,0
7418,0,1,0,0,0
7419,0,1,0,0,0
7420,0,1,0,0,0
7421,0,1,0,0,0
7422,0,1,0,0,0
7423,0,1,0,0,0
7424,0,1,0,0,0
7425,0,1,0,0,0
7426,0,1,0,0,0
7427,1,0,0,0,0
7428,1,0,0,0,0
7429,1,0,0,0,0
7430,1,0,0,0,0
7431,1,0,0,0,0
7432,1,0,0,0,0
7433,1,0,0,0,0
7434,1,0,0,0,0
7435,1,0,0,0,0
7436,1,0,0,0,0
7437,1,0,0,0,0
7438,1,0,0,0,0
7439,1,0,0,0,0
7440,1,0,0,0,0
7441,1,0,0,0,0
7442,1,0,0,0,0
7443,1,0,0,0,0
7444,1,0,0,0,0
7445,1,0,0,0,0
7446,1,0,0,0,0
7447,1,0,0,0,0
7448,1,0,0,0,0
7449,1,0,0,0,0
7450,1,0,0,0,0
7451,1,0,0,0,0
7452,1,0,0,0,0
7453,1,0,0,0,0
7454,1,0,0,0,0
7455,1,0,0,0,0
7456,1,0,0,0,0
7457,1,0,0,0,0
7458,1,0,0,0,0
7459,1,0,0,0,0
7460,1,0,0,0,0
7461,1,0,0,0,0
7462,1,0,0,0,0
7463,1,0,0,0,0
7464,1,0,0,0,0
7465,1,0,0,0,0
7466,1,0,0,0,0
7467,1,0,0,0,0
7468,1,0,0,0,0
7469,1,0,0,0,0
7470,1,0,0,0,0
7471,1,0,0,0,0
7472,1,0,0,0,0
7473,1,0,0,0,0
7474,1,0,0,0,0
7475,1,0,0,0,0
7476,1,0,0,0,0
7477,1,0,0,0,0
7478,1,0,0,0,0
7479,1,0,0,0,0
7480,1,0,0,0,0
7481,1,0,0,0,0
7482,1,0,0,0,0
7483,1,0,0,0,0
7484,1,0,0,0,0
7485,1,0,0,0,0
7486,1,0,0,0,0
7487,1,0,0,0,0
7488,1,0,0,0,0
7489,1,0,0,0,0
7490,1,0,0,0,0
7491,1,0,0,0,0
7492,1,0,0,0,0
7493,1,0,0,0,0
7494,1,0,0,0,0
7495,1,0,0,0,0
7496,0,0,0,0,1
7497,0,0,0,0,1
7498,0,0,0,0,1
7499,0,0,0,0,1
7500,0,0,0,0,1
7501,0,0,0,0,1
7502,0,0,0,0,1
7503,0,0,0,0,1
7504,0,0,0,0,1
7505,0,0,0,0,1
7506,0,0,0,0,1
7507,0,0,0,0,1
7508,0,0,0,0,1
7509,0,0,0,0,1
7510,0,0,0,0,1
7511,0,0,0,0,1
7512,0,0,0,0,1
7513,0,0,0,0,1
7514,0,0,0,0,1
7515,0,0,0,0,1
7516,0,0,0,0,1
7517,0,0,0,0,1
7518,0,0,0,0,1
7519,0,0,0,0,1
7520,0,0,0,0,1
7521,0,0,0,0,1
7522,0,0,0,0,1
7523,0,0,0,0,1
7524,0,0,0,0,1
7525,0,0,0,0,1
7526,0,0,0,0,1
7527,0,0,0,0,1
7528,0,0,0,0,1
7529,0,0,0,0,1
7530,0,0,0,0,1
7531,0,0,0,0,1
7532,0,0,0,0,1
7533,0,0,0,0,1
7534,0,0,0,0,1
7535,0,0,0,0,1
7536,0,0,0,0,1
7537,0,0,0,0,1
7538,0,1,0,0,0
7539,0,1,0,0,0
7540,0,1,0,0,0
7541,0,1,0,0,0
7542,0,1,0,0,0
7543,0,1,0,0,0
7544,0,1,0,0,0
7545,0,1,0,0,0
7546,0,1,0,0,0
7547,0,1,0,0,0
7548,0,1,0,0,0
7549,0,1,0,0,0
7550,0,1,0,0,0
7551,0,1,0,0,0
7552,0,1,0,0,0
7553,0,1,0,0,0
7554,0,1,0,0,0
7555,0,1,0,0,0
7556,0,1,0,0,0
7557,0,1,0,0,0
7558,0,1,0,0,0
7559,0,1,0,0,0
7560,0,1,0,0,0
7561,0,1,0,0,0
7562,0,1,0,0,0
7563,0,1,0,0,0
7564,0,1,0,0,0
7565,0,1,0,0,0
7566,0,1,0,0,0
7567,0,1,0,0,0
7568,0,1,0,0,0
7569,0,1,0,0,0
7570,0,1,0,0,0
7571,0,1,0,0,0
7572,0,1,0,0,0
7573,0,1,0,0,0
7574,0,1,0,0,0
7575,0,1,0,0,0
7576,0,1,0,0,0
7577,0,1,0,0,0
7578,1,0,0,0,0
7579,1,0,0,0,0
7580,1,0,0,0,0
7581,1,0,0,0,0
7582,1,0,0,0,0
7583,1,0,0,0,0
7584,1,0,0,0,0
7585,1,0,0,0,0
7586,1,0,0,0,0
7587,1,0,0,0,0
7588,1,0,0,0,0
7589,1,0,0,0,0
7590,1,0,0,0,0
7591,1,0,0,0,0
7592,1,0,0,0,0
7593,1,0,0,0,0
7594,1,0,0,0,0
7595,1,0,0,0,0
7596,1,0,0,0,0
7597,1,0,0,0,0
7598,1,0,0,0,0
7599,1,0,0,0,0
7600,1,0,0,0,0
7601,1,0,0,0,0
7602,1,0,0,0,0
7603,1,0,0,0,0
7604,1,0,0,0,0
7605,1,0,0,0,0
7606,1,0,0,0,0
7607,1,0,0,0,0
7608,1,0,0,0,0
7609,1,0,0,0,0
7610,1,0,0,0,0
7611,1,0,0,0,0
7612,1,0,0,0,0
7613,1,0,0,0,0
7614,1,0,0,0,0
7615,1,0,0,0,0
7616,1,0,0,0,0
7617,1,0,0,0,0
7618,1,0,0,0,0
7619,1,0,0,0,0
7620,1,0,0,0,0
7621,1,0,0,0,0
7622,1,0,0,0,0
7623,1,0,0,0,0
7624,1,0,0,0,0
7625,1,0,0,0,0
7626,1,0,0,0,0
7627,1,0,0,0,0
7628,1,0,0,0,0
7629,1,0,0,0,0
7630,1,0,0,0,0
7631,1,0,0,0,0
7632,1,0,0,0,0
7633,0,0,0,1,0
7634,0,0,0,1,0
7635,0,0,0,1,0
7636,0,0,0,1,0
7637,0,0,0,1,0
7638,0,0,0,1,0
7639,0,0,0,1,0
7640,0,0,0,1,0
7641,0,0,0,1,0
7642,0,0,0,1,0
7643,0,0,0,1,0
7644,0,0,0,1,0
7645,0,0,0,1,0
7646,0,0,0,1,0
7647,1,0,0,0,0
7648,1,0,0,0,0
7649,1,0,0,0,0
7650,1,0,0,0,0
7651,1,0,0,0,0
7652,1,0,0,0,0
7653,1,0,0,0,0
7654,1,0,0,0,0
7655,1,0,0,0,0
7656,1,0,0,0,0
7657,1,0,0,0,0
7658,1,0,0,0,0
7659,1,0,0,0,0
7660,1,0,0,0,0
7661,1,0,0,0,0
7662,1,0,0,0,0
7663,1,0,0,0,0
7664,1,0,0,0,0
7665,1,0,0,0,0
7666,1,0,0,0,0
7667,1,0,0,0,0
7668,1,0,0,0,0
7669,1,0,0,0,0
7670,1,0,0,0,0
7671,1,0,0,0,0
7672,1,0,0,0,0
7673,1,0,0,0,0
7674,1,0,0,0,0
7675,1,0,0,0,0
7676,1,0,0,0,0
7677,1,0,0,0,0
7678,1,0,0,0,0
7679,1,0,0,0,0
7680,1,0,0,0,0
7681,1,0,0,0,0
7682,1,0,0,0,0
7683,1,0,0,0,0
7684,1,0,0,0,0
7685,1,0,0,0,0
7686,1,0,0,0,0
7687,1,0,0,0,0
7688,1,0,0,0,0
7689,1,0,0,0,0
7690,1,0,0,0,0
7691,1,0,0,0,0
7692,1,0,0,0,0
7693,1,0,0,0,0
7694,1,0,0,0,0
7695,1,0,0,0,0
7696,1,0,0,0,0
7697,1,0,0,0,0
7698,1,0,0,0,0
7699,1,0,0,0,0
7700,1,0,0,0,0
7701,1,0,0,0,0
7702,1,0,0,0,0
7703,1,0,0,0,0
7704,1,0,0,0,0
7705,1,0,0,0,0
7706,1,0,0,0,0
7707,1,0,0,0,0
7708,1,0,0,0,0
7709,1,0,0,0,0
7710,1,0,0,0,0
7711,1,0,0,0,0
7712,1,0,0,0,0
7713,1,0,0,0,0
7714,1,0,0,0,0
7715,1,0,0,0,0
7716,1,0,0,0,0
7717,1,0,0,0,0
7718,1,0,0,0,0
7719,1,0,0,0,0
7720,1,0,0,0,0
7721,1,0,0,0,0
7722,1,0,0,0,0
7723,1,0,0,0,0
7724,1,0,0,0,0
7725,1,0,0,0,0
7726,1,0,0,0,0
7727,1,0,0,0,0
7728,1,0,0,0,0
7729,1,0,0,0,0
7730,1,0,0,0,0
7731,1,0,0,0,0
7732,1,0,0,0,0
7733,1,0,0,0,0
7734,1,0,0,0,0
7735,1,0,0,0,0
7736,1,0,0,0,0
7737,1,0,0,0,0
7738,1,0,0,0,0
7739,1,0,0,0,0
7740,1,0,0,0,0
7741,0,0,0,0,1
7742,0,0,0,0,1
7743,0,0,0,0,1
7744,0,0,0,0,1
7745,0,0,0,0,1
7746,0,0,0,0,1
7747,0,0,0,0,1
7748,0,0,0,0,1
7749,0,0,0,0,1
7750,0,0,0,0,1
7751,0,0,0,0,1
7752,0,0,0,0,1
7753,0,0,0,0,1
7754,0,0,0,0,1
7755,0,0,0,0,1
7756,0,0,0,0,1
7757,0,0,0,0,1
7758,0,0,0,0,1
7759,0,0,0,0,1
7760,0,0,0,0,1
7761,0,0,0,0,1
7762,0,0,0,0,1
7763,0,0,0,0,1
7764,0,0,0,0,1
7765,0,0,0,0,1
7766,0,0,0,0,1
7767,0,0,0,0,1
7768,0,0,0,0,1
7769,0,0,0,0,1
7770,0,0,0,0,1
7771,0,0,0,0,1
7772,0,0,0,0,1
7773,0,0,0,0,1
7774,0,0,0,0,1
7775,0,0,0,0,1
7776,0,0,0,0,1
7777,0,0,0,0,1
7778,0,0,0,0,1
7779,0,0,0,0,1
7780,0,0,0,0,1
7781,0,0,0,0,1
7782,0,1,0,0,0
7783,0,1,0,0,0
7784,0,1,0,0,0
7785,0,1,0,0,0
7786,0,1,0,0,0
7787,0,1,0,0,0
7788,0,1,0,0,0
7789,0,1,0,0,0
7790,0,1,0,0,0
7791,0,1,0,0,0
7792,0,1,0,0,0
7793,0,1,0,0,0
7794,0,1,0,0,0
7795,0,1,0,0,0
7796,0,1,0,0,0
7797,0,1,0,0,0
7798,0,1,0,0,0
7799,0,1,0,0,0
7800,0,1,0,0,0
7801,0,1,0,0,0
7802,0,1,0,0,0
7803,0,1,0,0,0
7804,0,1,0,0,0
7805,0,1,0,0,0
7806,0,1,0,0,0
7807,0,1,0,0,0
7808,0,1,0,0,0
7809,0,1,0,0,0
7810,1,0,0,0,0
7811,1,0,0,0,0
7812,1,0,0,0,0
7813,1,0,0,0,0
7814,1,0,0,0,0
7815,1,0,0,0,0
7816,1,0,0,0,0
7817,1,0,0,0,0
7818,1,0,0,0,0
7819,1,0,0,0,0
7820,1,0,0,0,0
7821,1,0,0,0,0
7822,1,0,0,0,0
7823,1,0,0,0,0
7824,1,0,0,0,0
7825,1,0,0,0,0
7826,1,0,0,0,0
7827,1,0,0,0,0
7828,1,0,0,0,0
7829,1,0,0,0,0
7830,1,0,0,0,0
7831,1,0,0,0,0
7832,1,0,0,0,0
7833,1,0,0,0,0
7834,1,0,0,0,0
7835,1,0,0,0,0
7836,1,0,0,0,0
7837,1,0,0,0,0
7838,1,0,0,0,0
7839,1,0,0,0,0
7840,1,0,0,0,0
7841,1,0,0,0,0
7842,1,0,0,0,0
7843,1,0,0,0,0
7844,1,0,0,0,0
7845,1,0,0,0,0
7846,1,0,0,0,0
7847,1,0,0,0,0
7848,1,0,0,0,0
7849,1,0,0,0,0
7850,1,0,0,0,0
7851,1,0,0,0,0
7852,1,0,0,0,0
7853,1,0,0,0,0
7854,1,0,0,0,0
7855,1,0,0,0,0
7856,1,0,0,0,0
7857,1,0,0,0,0
7858,1,0,0,0,0
7859,1,0,0,0,0
7860,1,0,0,0,0
7861,1,0,0,0,0
7862,1,0,0,0,0
7863,1,0,0,0,0
7864,1,0,0,0,0
7865,1,0,0,0,0
7866,1,0,0,0,0
7867,1,0,0,0,0
7868,1,0,0,0,0
7869,1,0,0,0,0
7870,1,0,0,0,0
7871,1,0,0,0,0
7872,1,0,0,0,0
7873,1,0,0,0,0
7874,1,0,0,0,0
7875,1,0,0,0,0
7876,1,0,0,0,0
7877,1,0,0,0,0
7878,1,0,0,0,0
7879,1,0,0,0,0
7880,1,0,0,0,0
7881,1,0,0,0,0
7882,1,0,0,0,0
7883,1,0,0,0,0
7884,1,0,0,0,0
7885,1,0,0,0,0
7886,1,0,0,0,0
7887,1,0,0,0,0
7888,1,0,0,0,0
7889,1,0,0,0,0
7890,1,0,0,0,0
7891,1,0,0,0,0
7892,1,0,0,0,0
7893,1,0,0,0,0
7894,1,0,0,0,0
7895,1,0,0,0,0
7896,1,0,0,0,0
7897,1,0,0,0,0
7898,1,0,0,0,0
7899,1,0,0,0,0
7900,1,0,0,0,0
7901,1,0,0,0,0
7902,1,0,0,0,0
7903,1,0,0,0,0
7904,1,0,0,0,0
7905,1,0,0,0,0
7906,1,0,0,0,0
7907,1,0,0,0,0
7908,1,0,0,0,0
7909,1,0,0,0,0
7910,1,0,0,0,0
7911,1,0,0,0,0
7912,1,0,0,0,0
7913,1,0,0,0,0
7914,1,0,0,0,0
7915,1,0,0,0,0
7916,1,0,0,0,0
7917,1,0,0,0,0
7918,1,0,0,0,0
7919,1,0,0,0,0
7920,1,0,0,0,0
7921,1,0,0,0,0
7922,0,0,0,0,1
7923,0,0,0,0,1
7924,0,0,0,0,1
7925,0,0,0,0,1
7926,0,0,0,0,1
7927,0,0,0,0,1
7928,0,0,0,0,1
7929,0,0,0,0,1
7930,0,0,0,0,1
7931,0,0,0,0,1
7932,1,0,0,0,0
7933,1,0,0,0,0
7934,1,0,0,0,0
7935,1,0,0,0,0
7936,1,0,0,0,0
7937,1,0,0,0,0
7938,1,0,0,0,0
7939,1,0,0,0,0
7940,1,0,0,0,0
7941,1,0,0,0,0
7942,1,0,0,0,0
7943,1,0,0,0,0
7944,1,0,0,0,0
7945,1,0,0,0,0
7946,1,0,0,0,0
7947,1,0,0,0,0
7948,1,0,0,0,0
7949,1,0,0,0,0
7950,1,0,0,0,0
7951,1,0,0,0,0
7952,1,0,0,0,0
7953,1,0,0,0,0
7954,1,0,0,0,0
7955,1,0,0,0,0
7956,1,0,0,0,0
7957,1,0,0,0,0
7958,1,0,0,0,0
7959,1,0,0,0,0
7960,1,0,0,0,0
7961,0,1,0,0,0
7962,0,1,0,0,0
7963,0,1,0,0,0
7964,0,1,0,0,0
7965,0,1,0,0,0
7966,0,1,0,0,0
7967,0,1,0,0,0
7968,0,1,0,0,0
7969,0,1,0,0,0
7970,0,1,0,0,0
7971,0,1,0,0,0
7972,0,1,0,0,0
7973,0,1,0,0,0
7974,0,1,0,0,0
7975,0,1,0,0,0
7976,0,1,0,0,0
7977,0,1,0,0,0
7978,0,1,0,0,0
7979,0,1,0,0,0
7980,0,1,0,0,0
7981,0,1,0,0,0
7982,0,1,0,0,0
7983,0,1,0,0,0
7984,0,1,0,0,0
7985,0,1,0,0,0
7986,0,1,0,0,0
7987,0,1,0,0,0
7988,0,1,0,0,0
7989,0,1,0,0,0
7990,0,1,0,0,0
7991,0,1,0,0,0
7992,0,1,0,0,0
7993,0,1,0,0,0
7994,0,1,0,0,0
7995,0,1,0,0,0
7996,0,1,0,0,0
7997,0,1,0,0,0
7998,0,1,0,0,0
7999,0,1,0,0,0
8000,0,1,0,0,0
8001,0,1,0,0,0
8002,0,1,0,0,0
8003,0,1,0,0,0
8004,0,1,0,0,0
8005,0,1,0,0,0
8006,1,0,0,0,0
8007,1,0,0,0,0
8008,1,0,0,0,0
8009,1,0,0,0,0
8010,1,0,0,0,0
8011,1,0,0,0,0
8012,1,0,0,0,0
8013,1,0,0,0,0
8014,1,0,0,0,0
8015,1,0,0,0,0
8016,1,0,0,0,0
8017,1,0,0,0,0
8018,1,0,0,0,0
8019,1,0,0,0,0
8020,1,0,0,0,0
8021,1,0,0,0,0
8022,1,0,0,0,0
8023,1,0,0,0,0
8024,1,0,0,0,0
8025,1,0,0,0,0
8026,1,0,0,0,0
8027,1,0,0,0,0
8028,1,0,0,0,0
8029,1,0,0,0,0
8030,1,0,0,0,0
8031,1,0,0,0,0
8032,1,0,0,0,0
8033,1,0,0,0,0
8034,1,0,0,0,0
8035,1,0,0,0,0
8036,1,0,0,0,0
8037,1,0,0,0,0
8038,1,0,0,0,0
8039,1,0,0,0,0
8040,1,0,0,0,0
8041,1,0,0,0,0
8042,1,0,0,0,0
8043,1,0,0,0,0
8044,1,0,0,0,0
8045,1,0,0,0,0
8046,1,0,0,0,0
8047,1,0,0,0,0
8048,1,0,0,0,0
8049,1,0,0,0,0
8050,1,0,0,0,0
8051,1,0,0,0,0
8052,1,0,0,0,0
8053,1,0,0,0,0
8054,1,0,0,0,0
8055,1,0,0,0,0
8056,1,0,0,0,0
8057,1,0,0,0,0
8058,1,0,0,0,0
8059,1,0,0,0,0
8060,1,0,0,0,0
8061,1,0,0,0,0
8062,1,0,0,0,0
8063,1,0,0,0,0
8064,1,0,0,0,0
8065,1,0,0,0,0
8066,1,0,0,0,0
8067,1,0,0,0,0
8068,1,0,0,0,0
8069,1,0,0,0,0
8070,1,0,0,0,0
8071,1,0,0,0,0
8072,1,0,0,0,0
8073,1,0,0,0,0
8074,1,0,0,0,0
8075,1,0,0,0,0
8076,1,0,0,0,0
8077,1,0,0,0,0
8078,1,0,0,0,0
8079,1,0,0,0,0
8080,1,0,0,0,0
8081,1,0,0,0,0
8082,1,0,0,0,0
8083,1,0,0,0,0
8084,1,0,0,0,0
8085,1,0,0,0,0
8086,1,0,0,0,0
8087,1,0,0,0,0
8088,1,0,0,0,0
8089,1,0,0,0,0
8090,1,0,0,0,0
8091,1,0,0,0,0
8092,1,0,0,0,0
8093,1,0,0,0,0
8094,1,0,0,0,0
8095,1,0,0,0,0
8096,1,0,0,0,0
8097,1,0,0,0,0
8098,0,0,0,0,1
8099,0,0,0,0,1
8100,0,0,0,0,1
8101,0,0,0,0,1
8102,0,0,0,0,1
8103,0,0,0,0,1
8104,0,0,0,0,1
8105,0,0,0,0,1
8106,0,0,0,0,1
8107,0,0,0,0,1
8108,0,0,0,0,1
8109,0,0,0,0,1
8110,0,0,0,0,1
8111,0,0,0,0,1
8112,0,0,0,0,1
8113,0,0,0,0,1
8114,0,0,0,0,1
8115,0,0,0,0,1
8116,0,0,0,0,1
8117,0,0,0,0,1
8118,0,0,0,0,1
8119,0,0,0,0,1
8120,0,0,0,0,1
8121,0,0,0,0,1
8122,0,0,0,0,1
8123,0,0,0,0,1
8124,0,0,0,0,1
8125,0,0,0,0,1
8126,0,0,0,0,1
8127,0,0,0,0,1
8128,0,0,0,0,1
8129,0,0,0,0,1
8130,0,0,0,0,1
8131,0,0,0,0,1
8132,0,0,0,0,1
8133,0,0,0,0,1
8134,0,0,0,0,1
8135,0,0,0,0,1
8136,0,0,0,0,1
8137,0,0,0,0,1
8138,0,0,0,0,1
8139,0,0,0,0,1
8140,0,0,0,0,1
8141,0,0,0,0,1
8142,0,0,0,0,1
8143,0,0,0,0,1
8144,0,0,0,0,1
8145,0,0,0,0,1
8146,1,0,0,0,0
8147,1,0,0,0,0
8148,1,0,0,0,0
8149,1,0,0,0,0
8150,1,0,0,0,0
8151,1,0,0,0,0
8152,1,0,0,0,0
8153,1,0,0,0,0
8154,1,0,0,0,0
8155,1,0,0,0,0
8156,1,0,0,0,0
8157,1,0,0,0,0
8158,1,0,0,0,0
8159,1,0,0,0,0
8160,1,0,0,0,0
8161,1,0,0,0,0
8162,1,0,0,0,0
8163,1,0,0,0,0
8164,1,0,0,0,0
8165,1,0,0,0,0
8166,1,0,0,0,0
8167,1,0,0,0,0
8168,1,0,0,0,0
8169,1,0,0,0,0
8170,1,0,0,0,0
8171,1,0,0,0,0
8172,1,0,0,0,0
8173,1,0,0,0,0
8174,1,0,0,0,0
8175,1,0,0,0,0
8176,1,0,0,0,0
8177,1,0,0,0,0
8178,1,0,0,0,0
8179,1,0,0,0,0
8180,1,0,0,0,0
8181,1,0,0,0,0
8182,1,0,0,0,0
8183,1,0,0,0,0
8184,1,0,0,0,0
8185,1,0,0,0,0
8186,1,0,0,0,0
8187,1,0,0,0,0
8188,1,0,0,0,0
8189,1,0,0,0,0
8190,1,0,0,0,0
8191,1,0,0,0,0
8192,1,0,0,0,0
8193,1,0,0,0,0
8194,1,0,0,0,0
8195,1,0,0,0,0
8196,1,0,0,0,0
8197,1,0,0,0,0
8198,1,0,0,0,0
8199,1,0,0,0,0
8200,1,0,0,0,0
8201,1,0,0,0,0
8202,1,0,0,0,0
8203,1,0,0,0,0
8204,1,0,0,0,0
8205,1,0,0,0,0
8206,1,0,0,0,0
8207,1,0,0,0,0
8208,1,0,0,0,0
8209,1,0,0,0,0
8210,1,0,0,0,0
8211,1,0,0,0,0
8212,1,0,0,0,0
8213,1,0,0,0,0
8214,1,0,0,0,0
8215,1,0,0,0,0
8216,1,0,0,0,0
8217,1,0,0,0,0
8218,1,0,0,0,0
8219,1,0,0,0,0
8220,1,0,0,0,0
8221,1,0,0,0,0
8222,1,0,0,0,0
8223,1,0,0,0,0
8224,1,0,0,0,0
8225,1,0,0,0,0
8226,1,0,0,0,0
8227,1,0,0,0,0
8228,1,0,0,0,0
8229,1,0,0,0,0
8230,1,0,0,0,0
8231,1,0,0,0,0
8232,1,0,0,0,0
8233,1,0,0,0,0
8234,1,0,0,0,0
8235,1,0,0,0,0
8236,1,0,0,0,0
8237,1,0,0,0,0
8238,1,0,0,0,0
8239,1,0,0,0,0
8240,1,0,0,0,0
8241,1,0,0,0,0
8242,1,0,0,0,0
8243,1,0,0,0,0
8244,1,0,0,0,0
8245,1,0,0,0,0
8246,1,0,0,0,0
8247,1,0,0,0,0
8248,1,0,0,0,0
8249,1,0,0,0,0
8250,1,0,0,0,0
8251,1,0,0,0,0
8252,1,0,0,0,0
8253,1,0,0,0,0
8254,1,0,0,0,0
8255,1,0,0,0,0
8256,1,0,0,0,0
8257,1,0,0,0,0
8258,1,0,0,0,0
8259,1,0,0,0,0
8260,1,0,0,0,0
8261,0,0,0,0,1
8262,0,0,0,0,1
8263,0,0,0,0,1
8264,0,0,0,0,1
8265,0,0,0,0,1
8266,0,0,0,0,1
8267,0,0,0,0,1
8268,0,0,0,0,1
8269,0,0,0,0,1
8270,0,0,0,0,1
8271,0,0,0,0,1
8272,0,0,0,0,1
8273,0,0,0,0,1
8274,0,0,0,0,1
8275,0,0,0,0,1
8276,0,0,0,0,1
8277,0,0,0,0,1
8278,0,0,0,0,1
8279,0,0,0,0,1
8280,0,0,0,0,1
8281,0,0,0,0,1
8282,0,0,0,0,1
8283,0,0,0,0,1
8284,0,0,0,0,1
8285,0,0,0,0,1
8286,0,0,0,0,1
8287,0,0,0,0,1
8288,0,0,0,0,1
8289,0,0,0,0,1
8290,0,0,0,0,1
8291,0,0,0,0,1
8292,0,0,0,0,1
8293,0,0,0,0,1
8294,0,0,0,0,1
8295,0,0,0,0,1
8296,0,0,0,0,1
8297,0,0,0,0,1
8298,0,0,0,0,1
8299,0,0,0,0,1
8300,0,0,0,0,1
8301,0,0,0,0,1
8302,0,0,0,0,1
8303,0,0,0,0,1
8304,0,0,0,0,1
8305,0,0,0,0,1
8306,0,0,0,0,1
8307,0,0,0,0,1
8308,0,0,0,0,1
8309,0,0,0,0,1
8310,0,0,0,0,1
8311,0,0,0,0,1
8312,0,0,0,0,1
8313,0,0,0,0,1
8314,0,0,0,0,1
8315,0,0,0,0,1
8316,0,0,0,0,1
8317,0,0,0,0,1
8318,0,0,0,0,1
8319,0,0,0,0,1
8320,0,0,0,0,1
8321,0,0,0,0,1
8322,0,0,0,0,1
8323,0,0,0,0,1
8324,0,0,0,0,1
8325,0,0,0,0,1
8326,0,0,0,0,1
8327,0,0,0,0,1
8328,0,0,0,0,1
8329,0,0,0,0,1
8330,0,0,0,0,1
8331,0,0,0,0,1
8332,0,0,0,0,1
8333,0,0,0,0,1
8334,0,0,0,0,1
8335,0,0,0,0,1
8336,0,0,0,0,1
8337,0,0,0,0,1
8338,0,0,0,0,1
8339,0,0,0,0,1
8340,0,0,0,0,1
8341,0,0,0,0,1
8342,0,0,0,0,1
8343,0,0,0,0,1
8344,0,0,0,0,1
8345,0,0,0,0,1
8346,0,0,0,0,1
8347,0,0,0,0,1
8348,0,0,0,0,1
8349,0,0,0,0,1
8350,0,0,0,0,1
8351,0,0,0,0,1
8352,0,0,0,0,1
8353,0,0,0,0,1
8354,0,0,0,0,1
8355,0,0,0,0,1
8356,0,0,0,0,1
8357,0,0,0,0,1
8358,0,0,0,0,1
8359,0,0,0,0,1
8360,0,0,0,0,1
8361,0,0,0,0,1
8362,0,0,0,0,1
8363,0,0,0,0,1
8364,0,0,0,0,1
8365,0,0,0,0,1
8366,0,0,0,0,1
8367,0,0,0,0,1
8368,0,0,0,0,1
8369,0,0,0,0,1
8370,0,0,0,0,1
8371,0,0,0,0,1
8372,0,0,0,0,1
8373,0,0,0,0,1
8374,0,0,0,0,1
8375,0,0,0,0,1
8376,0,0,0,0,1
8377,0,0,0,0,1
8378,0,0,0,0,1
8379,0,0,0,0,1
8380,0,0,0,0,1
8381,0,0,0,0,1
8382,0,0,0,0,1
8383,0,0,0,0,1
8384,0,0,0,0,1
8385,0,0,0,0,1
8386,0,0,0,0,1
8387,0,0,0,0,1
8388,0,0,0,0,1
8389,0,0,0,0,1
8390,0,0,0,0,1
8391,0,0,0,0,1
8392,0,0,0,0,1
8393,0,0,0,0,1
8394,0,0,0,0,1
8395,0,0,0,0,1
8396,0,0,0,0,1
8397,0,0,0,0,1
8398,0,0,0,0,1
8399,0,0,0,0,1
8400,0,0,0,0,1
8401,0,0,0,0,1
8402,0,0,0,0,1
8403,0,0,0,0,1
8404,0,0,0,0,1
8405,0,0,0,0,1
8406,0,0,0,0,1
8407,0,0,0,0,1
8408,0,0,0,0,1
8409,0,0,0,0,1
8410,0,0,0,0,1
8411,0,0,0,0,1
8412,0,0,0,0,1
8413,0,0,0,0,1
8414,0,0,0,0,1
8415,0,0,0,0,1
8416,0,0,0,0,1
8417,0,0,0,0,1
8418,0,0,0,0,1
8419,0,0,0,0,1
8420,0,0,0,0,1
8421,0,0,0,0,1
8422,0,0,0,0,1
8423,0,0,0,0,1
8424,0,0,0,0,1
8425,0,0,0,0,1
8426,0,0,0,0,1
8427,0,0,0,0,1
8428,0,0,0,0,1
8429,0,0,0,0,1
8430,0,0,0,0,1
8431,0,0,0,0,1
8432,0,0,0,0,1
8433,0,0,0,0,1
8434,0,0,0,0,1
8435,0,0,0,0,1
8436,0,0,0,0,1
8437,0,0,0,0,1
8438,0,0,0,0,1
8439,0,0,0,0,1
8440,0,0,0,0,1
8441,0,0,0,0,1
8442,0,0,0,0,1
8443,0,0,0,0,1
8444,0,0,0,0,1
8445,0,0,0,0,1
8446,0,0,0,0,1
8447,0,0,0,0,1
8448,0,0,0,0,1
8449,0,0,0,0,1
8450,0,0,0,0,1
8451,0,0,0,0,1
8452,0,0,0,0,1
8453,0,0,0,0,1
8454,0,0,0,0,1
8455,0,0,0,0,1
8456,0,0,0,0,1
8457,0,0,0,0,1
8458,0,0,0,0,1
8459,0,0,0,0,1
8460,0,0,0,0,1
8461,0,0,0,0,1
8462,0,0,0,0,1
8463,0,0,0,0,1
8464,0,0,0,0,1
8465,0,0,0,0,1
8466,0,0,0,0,1
8467,0,0,0,0,1
8468,0,0,0,0,1
8469,0,0,0,0,1
8470,0,0,0,0,1
8471,0,0,0,0,1
8472,0,0,0,0,1
8473,0,0,0,0,1
8474,0,0,0,0,1
8475,0,0,0,0,1
8476,0,0,0,0,1
8477,0,0,0,0,1
8478,0,0,0,0,1
8479,0,0,0,0,1
8480,0,0,0,0,1
8481,0,0,0,0,1
8482,0,0,0,0,1
8483,0,0,0,0,1
8484,0,0,0,0,1
8485,0,0,0,0,1
8486,0,0,0,0,1
8487,0,0,0,0,1
8488,0,0,0,0,1
8489,0,0,0,0,1
8490,0,0,0,0,1
8491,0,0,0,0,1
8492,0,0,0,0,1
8493,0,0,0,0,1
8494,0,0,0,0,1
8495,0,0,0,0,1
8496,0,0,0,0,1
8497,0,0,0,0,1
8498,0,0,0,0,1
8499,0,0,0,0,1
8500,0,0,0,0,1
8501,0,0,0,0,1
8502,0,0,0,0,1
8503,0,0,0,0,1
8504,0,0,0,0,1
8505,0,0,0,0,1
8506,0,0,0,0,1
8507,0,0,0,0,1
8508,0,0,0,0,1
8509,0,0,0,0,1
8510,0,0,0,0,1
8511,0,0,0,0,1
8512,0,0,0,0,1
8513,0,0,0,0,1
8514,0,0,0,0,1
8515,0,0,0,0,1
8516,0,0,0,0,1
8517,0,0,0,0,1
8518,0,0,0,0,1
8519,0,0,0,0,1
8520,0,0,0,0,1
8521,0,0,0,0,1
8522,0,0,0,0,1
8523,0,0,0,0,1
8524,0,0,0,0,1
8525,0,0,0,0,1
8526,0,0,0,0,1
8527,0,0,0,0,1
8528,0,0,0,0,1
8529,0,0,0,0,1
8530,0,0,0,0,1
8531,0,0,0,0,1
8532,0,0,0,0,1
8533,0,0,0,0,1
8534,0,0,0,0,1
8535,0,0,0,0,1
8536,0,0,0,0,1
8537,0,0,0,0,1
8538,0,0,0,0,1
8539,0,0,0,0,1
8540,0,0,0,0,1
8541,0,0,0,0,1
8542,0,0,0,0,1
8543,0,0,0,0,1
8544,0,0,0,0,1
8545,0,0,0,0,1
8546,0,0,0,0,1
8547,0,0,0,0,1
8548,0,0,0,0,1
8549,0,0,0,0,1
8550,0,0,0,0,1
8551,0,0,0,0,1
8552,0,0,0,0,1
8553,0,0,0,0,1
8554,0,0,0,0,1
8555,0,0,0,0,1
8556,0,0,0,0,1
8557,0,0,0,0,1
8558,0,0,0,0,1
8559,0,0,0,0,1
8560,0,0,0,0,1
8561,0,0,0,0,1
8562,0,0,0,0,1
8563,0,0,0,0,1
8564,0,0,0,0,1
8565,0,0,0,0,1
8566,0,0,0,0,1
8567,0,0,0,0,1
8568,0,0,0,0,1
8569,0,0,0,0,1
8570,0,0,0,0,1
8571,0,0,0,0,1
8572,0,0,0,0,1
8573,0,0,0,0,1
8574,0,0,0,0,1
8575,0,0,0,0,1
8576,0,0,0,0,1
8577,0,0,0,0,1
8578,0,0,0,0,1
8579,0,0,0,0,1
8580,0,0,0,0,1
8581,0,0,0,0,1
8582,0,0,0,0,1
8583,0,0,0,0,1
8584,0,0,0,0,1
8585,0,0,0,0,1
8586,0,0,0,0,1
8587,0,0,0,0,1
8588,0,0,0,0,1
8589,0,0,0,0,1
8590,0,0,0,0,1
8591,0,0,0,0,1
8592,0,0,0,0,1
8593,0,0,0,0,1
8594,0,0,0,0,1
8595,0,0,0,0,1
8596,0,0,0,0,1
8597,0,0,0,0,1
8598,0,0,0,0,1
8599,0,0,0,0,1
8600,0,0,0,0,1
8601,0,0,0,0,1
8602,0,0,0,0,1
8603,0,0,0,0,1
8604,0,0,0,0,1
8605,0,0,0,0,1
8606,0,0,0,0,1
8607,0,0,0,0,1
8608,0,0,0,0,1
8609,0,0,0,0,1
8610,0,0,0,0,1
8611,0,0,0,0,1
8612,0,0,0,0,1
8613,0,0,0,0,1
8614,0,0,0,0,1
8615,0,0,0,0,1
8616,0,0,0,0,1
8617,0,0,0,0,1
8618,0,0,0,0,1
8619,0,0,0,0,1
8620,0,0,0,0,1
8621,0,0,0,0,1
8622,0,0,0,0,1
8623,0,0,0,0,1
8624,0,0,0,0,1
8625,0,0,0,0,1
8626,0,0,0,0,1
8627,0,0,0,0,1
8628,0,0,0,0,1
8629,0,0,0,0,1
8630,0,0,0,0,1
8631,0,0,0,0,1
8632,0,0,0,0,1
8633,0,0,0,0,1
8634,0,0,0,0,1
8635,1,0,0,0,0
8636,1,0,0,0,0
8637,1,0,0,0,0
8638,1,0,0,0,0
8639,1,0,0,0,0
8640,1,0,0,0,0
8641,1,0,0,0,0
8642,1,0,0,0,0
8643,1,0,0,0,0
8644,1,0,0,0,0
8645,1,0,0,0,0
8646,1,0,0,0,0
8647,0,0,0,0,1
8648,0,0,0,0,1
8649,0,0,0,0,1
8650,0,0,0,0,1
8651,0,0,0,0,1
8652,0,0,0,0,1
8653,0,0,0,0,1
8654,0,0,0,0,1
8655,0,0,0,0,1
8656,0,0,0,0,1
8657,0,0,0,0,1
8658,0,0,0,0,1
8659,0,0,0,0,1
8660,0,0,0,0,1
8661,0,0,0,0,1
8662,0,0,0,0,1
8663,0,0,0,0,1
8664,0,0,0,0,1
8665,0,0,0,0,1
8666,0,0,0,0,1
8667,0,0,0,0,1
8668,0,0,0,0,1
8669,0,0,0,0,1
8670,0,0,0,0,1
8671,0,0,0,0,1
8672,0,0,0,0,1
8673,0,0,0,0,1
8674,0,0,0,0,1
8675,0,0,0,0,1
8676,0,0,0,0,1
8677,0,0,0,0,1
8678,0,0,0,0,1
8679,0,0,0,0,1
8680,0,0,0,0,1
8681,0,0,0,0,1
8682,0,0,0,0,1
8683,0,0,0,0,1
8684,1,0,0,0,0
8685,1,0,0,0,0
8686,1,0,0,0,0
8687,1,0,0,0,0
8688,1,0,0,0,0
8689,1,0,0,0,0
8690,1,0,0,0,0
8691,1,0,0,0,0
8692,1,0,0,0,0
8693,1,0,0,0,0
8694,1,0,0,0,0
8695,1,0,0,0,0
8696,1,0,0,0,0
8697,1,0,0,0,0
8698,1,0,0,0,0
8699,1,0,0,0,0
8700,1,0,0,0,0
8701,1,0,0,0,0
8702,1,0,0,0,0
8703,1,0,0,0,0
8704,1,0,0,0,0
8705,1,0,0,0,0
8706,1,0,0,0,0
8707,1,0,0,0,0
8708,1,0,0,0,0
8709,1,0,0,0,0
8710,1,0,0,0,0
8711,1,0,0,0,0
8712,1,0,0,0,0
8713,1,0,0,0,0
8714,1,0,0,0,0
8715,1,0,0,0,0
8716,1,0,0,0,0
8717,1,0,0,0,0
8718,1,0,0,0,0
8719,1,0,0,0,0
8720,1,0,0,0,0
8721,1,0,0,0,0
8722,1,0,0,0,0
8723,1,0,0,0,0
8724,1,0,0,0,0
8725,1,0,0,0,0
8726,1,0,0,0,0
8727,1,0,0,0,0
8728,1,0,0,0,0
8729,1,0,0,0,0
8730,1,0,0,0,0
8731,1,0,0,0,0
8732,1,0,0,0,0
8733,1,0,0,0,0
8734,1,0,0,0,0
8735,1,0,0,0,0
8736,1,0,0,0,0
8737,1,0,0,0,0
8738,1,0,0,0,0
8739,1,0,0,0,0
8740,1,0,0,0,0
8741,1,0,0,0,0
8742,1,0,0,0,0
8743,1,0,0,0,0
8744,1,0,0,0,0
8745,1,0,0,0,0
8746,1,0,0,0,0
8747,1,0,0,0,0
8748,1,0,0,0,0
8749,1,0,0,0,0
8750,1,0,0,0,0
8751,1,0,0,0,0
8752,1,0,0,0,0
8753,1,0,0,0,0
8754,1,0,0,0,0
8755,1,0,0,0,0
8756,1,0,0,0,0
8757,1,0,0,0,0
8758,1,0,0,0,0
8759,1,0,0,0,0
8760,1,0,0,0,0
8761,1,0,0,0,0
8762,1,0,0,0,0
8763,1,0,0,0,0
8764,1,0,0,0,0
8765,1,0,0,0,0
8766,1,0,0,0,0
8767,1,0,0,0,0
8768,1,0,0,0,0
8769,1,0,0,0,0
8770,1,0,0,0,0
8771,1,0,0,0,0
8772,1,0,0,0,0
8773,1,0,0,0,0
8774,1,0,0,0,0
8775,1,0,0,0,0
8776,1,0,0,0,0
8777,1,0,0,0,0
8778,1,0,0,0,0
8779,1,0,0,0,0
8780,1,0,0,0,0
8781,1,0,0,0,0
8782,1,0,0,0,0
8783,1,0,0,0,0
8784,1,0,0,0,0
8785,1,0,0,0,0
8786,1,0,0,0,0
8787,1,0,0,0,0
8788,1,0,0,0,0
8789,1,0,0,0,0
8790,1,0,0,0,0
8791,1,0,0,0,0
8792,1,0,0,0,0
8793,1,0,0,0,0
8794,1,0,0,0,0
8795,1,0,0,0,0
8796,1,0,0,0,0
8797,1,0,0,0,0
8798,1,0,0,0,0
8799,1,0,0,0,0
8800,1,0,0,0,0
8801,1,0,0,0,0
8802,1,0,0,0,0
8803,1,0,0,0,0
8804,1,0,0,0,0
8805,1,0,0,0,0
8806,1,0,0,0,0
8807,1,0,0,0,0
8808,1,0,0,0,0
8809,1,0,0,0,0
8810,1,0,0,0,0
8811,1,0,0,0,0
8812,1,0,0,0,0
8813,1,0,0,0,0
8814,1,0,0,0,0
8815,1,0,0,0,0
8816,1,0,0,0,0
8817,1,0,0,0,0
8818,1,0,0,0,0
8819,1,0,0,0,0
8820,1,0,0,0,0
8821,1,0,0,0,0
8822,1,0,0,0,0
8823,1,0,0,0,0
8824,1,0,0,0,0
8825,1,0,0,0,0
8826,1,0,0,0,0
8827,1,0,0,0,0
8828,1,0,0,0,0
8829,1,0,0,0,0
8830,1,0,0,0,0
8831,1,0,0,0,0
8832,1,0,0,0,0
8833,0,0,0,0,1
8834,0,0,0,0,1
8835,0,0,0,0,1
8836,0,0,0,0,1
8837,0,0,0,0,1
8838,0,0,0,0,1
8839,0,0,0,0,1
8840,0,0,0,0,1
8841,0,0,0,0,1
8842,0,0,0,0,1
8843,0,0,0,0,1
8844,0,0,0,0,1
8845,0,0,0,0,1
8846,0,0,0,0,1
8847,0,0,0,0,1
8848,0,0,0,0,1
8849,0,0,0,0,1
8850,0,0,0,0,1
8851,0,0,0,0,1
8852,0,0,0,0,1
8853,0,0,0,0,1
8854,0,0,0,0,1
8855,0,0,0,0,1
8856,0,0,0,0,1
8857,0,0,0,0,1
8858,0,0,0,0,1
8859,0,0,0,0,1
8860,0,0,0,0,1
8861,0,0,0,0,1
8862,0,0,0,0,1
8863,0,0,0,0,1
8864,0,0,0,0,1
8865,0,0,0,0,1
8866,0,0,0,0,1
8867,0,0,0,0,1
8868,0,0,0,0,1
8869,0,0,0,0,1
8870,0,0,0,0,1
8871,0,0,0,0,1
8872,0,0,0,0,1
8873,0,0,0,0,1
8874,0,0,0,0,1
8875,0,0,0,0,1
8876,0,0,0,0,1
8877,0,0,0,0,1
8878,0,0,0,0,1
8879,0,0,0,0,1
8880,0,0,0,0,1
8881,0,0,0,0,1
8882,0,0,0,0,1
8883,0,0,0,0,1
8884,0,0,0,0,1
8885,0,0,0,0,1
8886,0,0,0,0,1
8887,0,0,0,0,1
8888,0,0,0,0,1
8889,0,0,0,0,1
8890,0,0,0,0,1
8891,0,0,0,0,1
8892,0,0,0,0,1
8893,0,0,0,0,1
8894,0,0,0,0,1
8895,0,0,0,0,1
8896,0,0,0,0,1
8897,0,0,0,0,1
8898,0,0,0,0,1
8899,0,0,0,0,1
8900,0,0,0,0,1
8901,0,0,0,0,1
8902,0,0,0,0,1
8903,0,0,0,0,1
8904,0,0,0,0,1
8905,0,0,0,0,1
8906,0,0,0,0,1
8907,0,0,0,0,1
8908,0,0,0,0,1
8909,0,0,0,0,1
8910,0,0,0,0,1
8911,0,0,0,0,1
8912,0,0,0,0,1
8913,0,0,0,0,1
8914,0,0,0,0,1
8915,0,0,0,0,1
8916,0,0,0,0,1
8917,0,0,0,0,1
8918,0,0,0,0,1
8919,0,0,0,0,1
8920,0,0,0,0,1
8921,0,0,0,0,1
8922,0,0,0,0,1
8923,0,0,0,0,1
8924,0,0,0,0,1
8925,0,0,0,0,1
8926,1,0,0,0,0
8927,1,0,0,0,0
8928,1,0,0,0,0
8929,1,0,0,0,0
8930,1,0,0,0,0
8931,1,0,0,0,0
8932,1,0,0,0,0
8933,1,0,0,0,0
8934,1,0,0,0,0
8935,1,0,0,0,0
8936,1,0,0,0,0
8937,1,0,0,0,0
8938,1,0,0,0,0
8939,1,0,0,0,0
8940,1,0,0,0,0
8941,1,0,0,0,0
8942,1,0,0,0,0
8943,1,0,0,0,0
8944,1,0,0,0,0
8945,1,0,0,0,0
8946,1,0,0,0,0
8947,1,0,0,0,0
8948,1,0,0,0,0
8949,1,0,0,0,0
8950,1,0,0,0,0
8951,1,0,0,0,0
8952,1,0,0,0,0
8953,1,0,0,0,0
8954,1,0,0,0,0
8955,1,0,0,0,0
8956,1,0,0,0,0
8957,1,0,0,0,0
8958,1,0,0,0,0
8959,1,0,0,0,0
8960,1,0,0,0,0
8961,1,0,0,0,0
8962,1,0,0,0,0
8963,1,0,0,0,0
8964,1,0,0,0,0
8965,1,0,0,0,0
8966,1,0,0,0,0
8967,1,0,0,0,0
8968,1,0,0,0,0
8969,1,0,0,0,0
8970,1,0,0,0,0
8971,1,0,0,0,0
8972,1,0,0,0,0
8973,1,0,0,0,0
8974,1,0,0,0,0
8975,1,0,0,0,0
8976,1,0,0,0,0
8977,1,0,0,0,0
8978,1,0,0,0,0
8979,1,0,0,0,0
8980,1,0,0,0,0
8981,1,0,0,0,0
8982,1,0,0,0,0
8983,1,0,0,0,0
8984,1,0,0,0,0
8985,1,0,0,0,0
8986,1,0,0,0,0
8987,1,0,0,0,0
8988,1,0,0,0,0
8989,1,0,0,0,0
8990,1,0,0,0,0
8991,1,0,0,0,0
8992,1,0,0,0,0
8993,1,0,0,0,0
8994,1,0,0,0,0
8995,1,0,0,0,0
8996,1,0,0,0,0
8997,1,0,0,0,0
8998,1,0,0,0,0
8999,1,0,0,0,0
9000,1,0,0,0,0
9001,1,0,0,0,0
9002,1,0,0,0,0
9003,1,0,0,0,0
9004,1,0,0,0,0
9005,1,0,0,0,0
9006,1,0,0,0,0
9007,1,0,0,0,0
9008,1,0,0,0,0
9009,1,0,0,0,0
9010,1,0,0,0,0
9011,1,0,0,0,0
9012,1,0,0,0,0
9013,1,0,0,0,0
9014,1,0,0,0,0
9015,1,0,0,0,0
9016,1,0,0,0,0
9017,1,0,0,0,0
9018,1,0,0,0,0
9019,1,0,0,0,0
9020,1,0,0,0,0
9021,1,0,0,0,0
9022,1,0,0,0,0
9023,1,0,0,0,0
9024,1,0,0,0,0
9025,1,0,0,0,0
9026,1,0,0,0,0
9027,1,0,0,0,0
9028,1,0,0,0,0
9029,1,0,0,0,0
9030,1,0,0,0,0
9031,1,0,0,0,0
9032,1,0,0,0,0
9033,1,0,0,0,0
9034,0,0,0,0,1
9035,0,0,0,0,1
9036,0,0,0,0,1
9037,0,0,0,0,1
9038,0,0,0,0,1
9039,0,0,0,0,1
9040,0,0,0,0,1
9041,0,0,0,0,1
9042,0,0,0,0,1
9043,0,0,0,0,1
9044,0,0,0,0,1
9045,0,0,0,0,1
9046,0,0,0,0,1
9047,0,0,0,0,1
9048,0,0,0,0,1
9049,0,0,0,0,1
9050,0,0,0,0,1
9051,0,0,0,0,1
9052,0,0,0,0,1
9053,0,0,0,0,1
9054,0,0,0,0,1
9055,0,0,0,0,1
9056,0,0,0,0,1
9057,0,0,0,0,1
9058,0,0,0,0,1
9059,0,0,0,0,1
9060,0,0,0,0,1
9061,1,0,0,0,0
9062,1,0,0,0,0
9063,1,0,0,0,0
9064,1,0,0,0,0
9065,1,0,0,0,0
9066,1,0,0,0,0
9067,1,0,0,0,0
9068,1,0,0,0,0
9069,1,0,0,0,0
9070,1,0,0,0,0
9071,1,0,0,0,0
9072,1,0,0,0,0
9073,1,0,0,0,0
9074,1,0,0,0,0
9075,1,0,0,0,0
9076,1,0,0,0,0
9077,0,0,0,0,1
9078,0,0,0,0,1
9079,0,0,0,0,1
9080,0,0,0,0,1
9081,0,0,0,0,1
9082,0,0,0,0,1
9083,0,0,0,0,1
9084,0,0,0,0,1
9085,0,0,0,0,1
9086,0,0,0,0,1
9087,0,0,0,0,1
9088,0,0,0,0,1
9089,0,0,0,0,1
9090,0,0,0,0,1
9091,0,0,0,0,1
9092,0,0,0,0,1
9093,0,0,0,0,1
9094,0,0,0,0,1
9095,0,0,0,0,1
9096,0,0,0,0,1
9097,0,0,0,0,1
9098,0,0,0,0,1
9099,0,0,0,0,1
9100,0,0,0,0,1
9101,0,0,0,0,1
9102,0,0,0,0,1
9103,1,0,0,0,0
9104,1,0,0,0,0
9105,1,0,0,0,0
9106,1,0,0,0,0
9107,1,0,0,0,0
9108,1,0,0,0,0
9109,1,0,0,0,0
9110,1,0,0,0,0
9111,1,0,0,0,0
9112,1,0,0,0,0
9113,1,0,0,0,0
9114,1,0,0,0,0
9115,1,0,0,0,0
9116,1,0,0,0,0
9117,1,0,0,0,0
9118,1,0,0,0,0
9119,1,0,0,0,0
9120,1,0,0,0,0
9121,1,0,0,0,0
9122,1,0,0,0,0
9123,1,0,0,0,0
9124,1,0,0,0,0
9125,1,0,0,0,0
9126,1,0,0,0,0
9127,1,0,0,0,0
9128,1,0,0,0,0
9129,1,0,0,0,0
9130,1,0,0,0,0
9131,1,0,0,0,0
9132,1,0,0,0,0
9133,1,0,0,0,0
9134,1,0,0,0,0
9135,1,0,0,0,0
9136,1,0,0,0,0
9137,1,0,0,0,0
9138,1,0,0,0,0
9139,1,0,0,0,0
9140,1,0,0,0,0
9141,1,0,0,0,0
9142,1,0,0,0,0
9143,1,0,0,0,0
9144,1,0,0,0,0
9145,1,0,0,0,0
9146,1,0,0,0,0
9147,1,0,0,0,0
9148,1,0,0,0,0
9149,1,0,0,0,0
9150,1,0,0,0,0
9151,1,0,0,0,0
9152,1,0,0,0,0
9153,1,0,0,0,0
9154,1,0,0,0,0
9155,1,0,0,0,0
9156,1,0,0,0,0
9157,1,0,0,0,0
9158,1,0,0,0,0
9159,1,0,0,0,0
9160,1,0,0,0,0
9161,1,0,0,0,0
9162,1,0,0,0,0
9163,1,0,0,0,0
9164,1,0,0,0,0
9165,1,0,0,0,0
9166,1,0,0,0,0
9167,1,0,0,0,0
9168,1,0,0,0,0
9169,1,0,0,0,0
9170,1,0,0,0,0
9171,1,0,0,0,0
9172,1,0,0,0,0
9173,1,0,0,0,0
9174,1,0,0,0,0
9175,1,0,0,0,0
9176,1,0,0,0,0
9177,1,0,0,0,0
9178,1,0,0,0,0
9179,1,0,0,0,0
9180,1,0,0,0,0
9181,1,0,0,0,0
9182,1,0,0,0,0
9183,1,0,0,0,0
9184,1,0,0,0,0
9185,1,0,0,0,0
9186,1,0,0,0,0
9187,1,0,0,0,0
9188,1,0,0,0,0
9189,1,0,0,0,0
9190,1,0,0,0,0
9191,1,0,0,0,0
9192,1,0,0,0,0
9193,0,0,0,0,1
9194,0,0,0,0,1
9195,0,0,0,0,1
9196,0,0,0,0,1
9197,0,0,0,0,1
9198,0,0,0,0,1
9199,0,0,0,0,1
9200,0,0,0,0,1
9201,0,0,0,0,1
9202,0,0,0,0,1
9203,0,0,0,0,1
9204,0,0,0,0,1
9205,0,0,0,0,1
9206,0,0,0,0,1
9207,0,0,0,0,1
9208,0,0,0,0,1
9209,0,0,0,0,1
9210,0,0,0,0,1
9211,0,0,0,0,1
9212,0,0,0,0,1
9213,0,0,0,0,1
9214,0,0,0,0,1
9215,0,0,0,0,1
9216,0,0,0,0,1
9217,0,0,0,0,1
9218,0,0,0,0,1
9219,0,0,0,0,1
9220,0,0,0,0,1
9221,0,0,0,0,1
9222,0,0,0,0,1
9223,1,0,0,0,0
9224,1,0,0,0,0
9225,1,0,0,0,0
9226,1,0,0,0,0
9227,1,0,0,0,0
9228,1,0,0,0,0
9229,1,0,0,0,0
9230,1,0,0,0,0
9231,1,0,0,0,0
9232,1,0,0,0,0
9233,1,0,0,0,0
9234,1,0,0,0,0
9235,1,0,0,0,0
9236,1,0,0,0,0
9237,1,0,0,0,0
9238,1,0,0,0,0
9239,1,0,0,0,0
9240,1,0,0,0,0
9241,1,0,0,0,0
9242,1,0,0,0,0
9243,1,0,0,0,0
9244,1,0,0,0,0
9245,1,0,0,0,0
9246,1,0,0,0,0
9247,1,0,0,0,0
9248,1,0,0,0,0
9249,1,0,0,0,0
9250,1,0,0,0,0
9251,1,0,0,0,0
9252,1,0,0,0,0
9253,1,0,0,0,0
9254,1,0,0,0,0
9255,1,0,0,0,0
9256,0,0,0,0,1
9257,0,0,0,0,1
9258,0,0,0,0,1
9259,0,0,0,0,1
9260,0,0,0,0,1
9261,0,0,0,0,1
9262,0,0,0,0,1
9263,0,0,0,0,1
9264,0,0,0,0,1
9265,0,0,0,0,1
9266,0,0,0,0,1
9267,0,0,0,0,1
9268,0,0,0,0,1
9269,0,0,0,0,1
9270,0,0,0,0,1
9271,0,0,0,0,1
9272,0,0,0,0,1
9273,0,0,0,0,1
9274,0,0,0,0,1
9275,0,0,0,0,1
9276,0,0,0,0,1
9277,0,0,0,0,1
9278,0,0,0,0,1
9279,0,0,0,0,1
9280,0,0,0,0,1
9281,0,0,0,0,1
9282,0,0,0,0,1
9283,0,0,0,0,1
9284,0,0,0,0,1
9285,0,0,0,0,1
9286,0,0,0,0,1
9287,0,0,0,0,1
9288,0,0,0,0,1
9289,0,0,0,0,1
9290,0,0,0,0,1
9291,0,0,0,0,1
9292,0,0,0,0,1
9293,0,0,0,0,1
9294,0,0,0,0,1
9295,1,0,0,0,0
9296,0,1,0,0,0
9297,0,1,0,0,0
9298,0,1,0,0,0
9299,0,1,0,0,0
9300,0,1,0,0,0
9301,0,1,0,0,0
9302,0,1,0,0,0
9303,0,1,0,0,0
9304,0,1,0,0,0
9305,0,1,0,0,0
9306,0,1,0,0,0
9307,0,1,0,0,0
9308,0,1,0,0,0
9309,0,1,0,0,0
9310,0,1,0,0,0
9311,0,1,0,0,0
9312,0,1,0,0,0
9313,0,1,0,0,0
9314,0,1,0,0,0
9315,0,1,0,0,0
9316,0,1,0,0,0
9317,0,1,0,0,0
9318,0,1,0,0,0
9319,0,1,0,0,0
9320,0,1,0,0,0
9321,0,1,0,0,0
9322,0,1,0,0,0
9323,0,1,0,0,0
9324,0,1,0,0,0
9325,0,1,0,0,0
9326,0,1,0,0,0
9327,0,1,0,0,0
9328,0,1,0,0,0
9329,0,1,0,0,0
9330,0,1,0,0,0
9331,0,1,0,0,0
9332,0,1,0,0,0
9333,0,1,0,0,0
9334,0,1,0,0,0
9335,0,1,0,0,0
9336,0,1,0,0,0
9337,0,1,0,0,0
9338,0,1,0,0,0
9339,0,1,0,0,0
9340,0,1,0,0,0
9341,0,1,0,0,0
9342,0,1,0,0,0
9343,0,1,0,0,0
9344,1,0,0,0,0
9345,1,0,0,0,0
9346,1,0,0,0,0
9347,1,0,0,0,0
9348,1,0,0,0,0
9349,1,0,0,0,0
9350,1,0,0,0,0
9351,1,0,0,0,0
9352,1,0,0,0,0
9353,1,0,0,0,0
9354,1,0,0,0,0
9355,1,0,0,0,0
9356,1,0,0,0,0
9357,1,0,0,0,0
9358,1,0,0,0,0
9359,1,0,0,0,0
9360,1,0,0,0,0
9361,1,0,0,0,0
9362,1,0,0,0,0
9363,1,0,0,0,0
9364,1,0,0,0,0
9365,1,0,0,0,0
9366,1,0,0,0,0
9367,1,0,0,0,0
9368,1,0,0,0,0
9369,1,0,0,0,0
9370,1,0,0,0,0
9371,1,0,0,0,0
9372,1,0,0,0,0
9373,1,0,0,0,0
9374,1,0,0,0,0
9375,1,0,0,0,0
9376,1,0,0,0,0
9377,1,0,0,0,0
9378,1,0,0,0,0
9379,1,0,0,0,0
9380,1,0,0,0,0
9381,1,0,0,0,0
9382,1,0,0,0,0
9383,1,0,0,0,0
9384,1,0,0,0,0
9385,1,0,0,0,0
9386,1,0,0,0,0
9387,1,0,0,0,0
9388,1,0,0,0,0
9389,1,0,0,0,0
9390,1,0,0,0,0
9391,1,0,0,0,0
9392,1,0,0,0,0
9393,1,0,0,0,0
9394,1,0,0,0,0
9395,1,0,0,0,0
9396,1,0,0,0,0
9397,1,0,0,0,0
9398,1,0,0,0,0
9399,1,0,0,0,0
9400,1,0,0,0,0
9401,1,0,0,0,0
9402,1,0,0,0,0
9403,1,0,0,0,0
9404,1,0,0,0,0
9405,1,0,0,0,0
9406,1,0,0,0,0
9407,0,1,0,0,0
9408,0,1,0,0,0
9409,0,1,0,0,0
9410,0,1,0,0,0
9411,0,1,0,0,0
9412,0,1,0,0,0
9413,0,1,0,0,0
9414,0,1,0,0,0
9415,0,1,0,0,0
9416,0,1,0,0,0
9417,1,0,0,0,0
9418,1,0,0,0,0
9419,1,0,0,0,0
9420,1,0,0,0,0
9421,1,0,0,0,0
9422,1,0,0,0,0
9423,1,0,0,0,0
9424,1,0,0,0,0
9425,1,0,0,0,0
9426,1,0,0,0,0
9427,1,0,0,0,0
9428,1,0,0,0,0
9429,1,0,0,0,0
9430,1,0,0,0,0
9431,1,0,0,0,0
9432,1,0,0,0,0
9433,1,0,0,0,0
9434,1,0,0,0,0
9435,1,0,0,0,0
9436,1,0,0,0,0
9437,1,0,0,0,0
9438,1,0,0,0,0
9439,1,0,0,0,0
9440,1,0,0,0,0
9441,1,0,0,0,0
9442,1,0,0,0,0
9443,1,0,0,0,0
9444,1,0,0,0,0
9445,1,0,0,0,0
9446,1,0,0,0,0
9447,1,0,0,0,0
9448,1,0,0,0,0
9449,1,0,0,0,0
9450,1,0,0,0,0
9451,1,0,0,0,0
9452,1,0,0,0,0
9453,1,0,0,0,0
9454,1,0,0,0,0
9455,0,0,0,0,1
9456,0,0,0,0,1
9457,0,0,0,0,1
9458,0,0,0,0,1
9459,0,0,0,0,1
9460,0,0,0,0,1
9461,0,0,0,0,1
9462,0,0,0,0,1
9463,0,0,0,0,1
9464,0,0,0,0,1
9465,0,0,0,0,1
9466,0,0,0,0,1
9467,0,0,0,0,1
9468,0,0,0,0,1
9469,0,0,0,0,1
9470,0,0,0,0,1
9471,0,0,0,0,1
9472,0,0,0,0,1
9473,0,0,0,0,1
9474,0,0,0,0,1
9475,0,0,0,0,1
9476,0,0,0,0,1
9477,0,0,0,0,1
9478,0,0,0,0,1
9479,0,0,0,0,1
9480,0,0,0,0,1
9481,0,0,0,0,1
9482,0,0,0,0,1
9483,0,0,0,0,1
9484,0,0,0,0,1
9485,0,0,0,0,1
9486,0,0,0,0,1
9487,0,0,0,0,1
9488,0,0,0,0,1
9489,0,0,0,0,1
9490,0,0,0,0,1
9491,0,0,0,0,1
9492,0,0,0,0,1
9493,0,0,0,0,1
9494,0,0,0,0,1
9495,0,0,0,0,1
9496,0,0,0,0,1
9497,0,0,0,0,1
9498,0,0,0,0,1
9499,0,0,0,0,1
9500,0,0,0,0,1
9501,0,0,0,0,1
9502,0,0,0,0,1
9503,0,0,0,0,1
9504,0,0,0,0,1
9505,0,0,0,0,1
9506,0,0,0,0,1
9507,0,0,0,0,1
9508,0,0,0,0,1
9509,0,0,0,0,1
9510,0,0,0,0,1
9511,0,0,0,0,1
9512,0,0,0,0,1
9513,0,0,0,0,1
9514,0,0,0,0,1
9515,0,0,0,0,1
9516,0,0,0,0,1
9517,0,0,0,0,1
9518,0,0,0,0,1
9519,0,0,0,0,1
9520,0,0,0,0,1
9521,0,0,0,0,1
9522,0,0,0,0,1
9523,0,0,0,0,1
9524,0,0,0,0,1
9525,0,0,0,0,1
9526,0,0,0,0,1
9527,0,0,0,0,1
9528,0,0,0,0,1
9529,0,0,0,0,1
9530,0,0,0,0,1
9531,0,0,0,0,1
9532,0,0,0,0,1
9533,0,0,0,0,1
9534,0,0,0,0,1
9535,0,0,0,0,1
9536,0,0,0,0,1
9537,0,0,0,0,1
9538,0,0,0,0,1
9539,0,0,0,0,1
9540,0,0,0,0,1
9541,0,0,0,0,1
9542,0,0,0,0,1
9543,0,0,0,0,1
9544,0,0,0,0,1
9545,0,0,0,0,1
9546,0,0,0,0,1
9547,0,0,0,0,1
9548,0,0,0,0,1
9549,0,0,0,0,1
9550,0,0,0,0,1
9551,0,0,0,0,1
9552,0,0,0,0,1
9553,0,0,0,0,1
9554,0,0,0,0,1
9555,0,0,0,0,1
9556,0,0,0,0,1
9557,0,0,0,0,1
9558,0,0,0,0,1
9559,0,0,0,0,1
9560,0,0,0,0,1
9561,0,0,0,0,1
9562,0,0,0,0,1
9563,0,0,0,0,1
9564,0,0,0,0,1
9565,0,0,0,0,1
9566,0,0,0,0,1
9567,0,0,0,0,1
9568,0,0,0,0,1
9569,0,0,0,0,1
9570,0,0,0,0,1
9571,0,0,0,0,1
9572,0,0,0,0,1
9573,0,0,0,0,1
9574,0,0,0,0,1
9575,0,0,0,0,1
9576,0,0,0,0,1
9577,0,0,0,0,1
9578,0,0,0,0,1
9579,0,0,0,0,1
9580,0,0,0,0,1
9581,0,0,0,0,1
9582,0,0,0,0,1
9583,0,0,0,0,1
9584,0,0,0,0,1
9585,0,0,0,0,1
9586,0,0,0,0,1
9587,0,0,0,0,1
9588,0,0,0,0,1
9589,0,0,0,0,1
9590,0,0,0,0,1
9591,0,0,0,0,1
9592,0,0,0,0,1
9593,0,0,0,0,1
9594,0,0,0,0,1
9595,1,0,0,0,0
9596,1,0,0,0,0
9597,1,0,0,0,0
9598,1,0,0,0,0
9599,1,0,0,0,0
9600,1,0,0,0,0
9601,1,0,0,0,0
9602,1,0,0,0,0
9603,1,0,0,0,0
9604,1,0,0,0,0
9605,1,0,0,0,0
9606,1,0,0,0,0
9607,1,0,0,0,0
9608,1,0,0,0,0
9609,1,0,0,0,0
9610,1,0,0,0,0
9611,1,0,0,0,0
9612,1,0,0,0,0
9613,1,0,0,0,0
9614,1,0,0,0,0
9615,1,0,0,0,0
9616,1,0,0,0,0
9617,1,0,0,0,0
9618,1,0,0,0,0
9619,1,0,0,0,0
9620,1,0,0,0,0
9621,1,0,0,0,0
9622,1,0,0,0,0
9623,1,0,0,0,0
9624,1,0,0,0,0
9625,1,0,0,0,0
9626,1,0,0,0,0
9627,1,0,0,0,0
9628,1,0,0,0,0
9629,1,0,0,0,0
9630,1,0,0,0,0
9631,1,0,0,0,0
9632,1,0,0,0,0
9633,1,0,0,0,0
9634,1,0,0,0,0
9635,1,0,0,0,0
9636,1,0,0,0,0
9637,1,0,0,0,0
9638,1,0,0,0,0
9639,1,0,0,0,0
9640,1,0,0,0,0
9641,1,0,0,0,0
9642,1,0,0,0,0
9643,0,1,0,0,0
9644,0,1,0,0,0
9645,0,1,0,0,0
9646,0,1,0,0,0
9647,0,1,0,0,0
9648,0,1,0,0,0
9649,0,1,0,0,0
9650,0,1,0,0,0
9651,0,1,0,0,0
9652,0,1,0,0,0
9653,0,1,0,0,0
9654,0,1,0,0,0
9655,0,1,0,0,0
9656,0,1,0,0,0
9657,0,1,0,0,0
9658,0,1,0,0,0
9659,0,1,0,0,0
9660,0,1,0,0,0
9661,0,1,0,0,0
9662,0,1,0,0,0
9663,0,1,0,0,0
9664,0,1,0,0,0
9665,0,1,0,0,0
9666,0,1,0,0,0
9667,0,1,0,0,0
9668,0,1,0,0,0
9669,0,1,0,0,0
9670,0,1,0,0,0
9671,0,1,0,0,0
9672,0,1,0,0,0
9673,0,1,0,0,0
9674,0,1,0,0,0
9675,0,1,0,0,0
9676,0,1,0,0,0
9677,0,1,0,0,0
9678,0,1,0,0,0
9679,0,1,0,0,0
9680,0,1,0,0,0
9681,0,1,0,0,0
9682,0,1,0,0,0
9683,0,1,0,0,0
9684,0,1,0,0,0
9685,0,1,0,0,0
9686,1,0,0,0,0
9687,1,0,0,0,0
9688,1,0,0,0,0
9689,1,0,0,0,0
9690,1,0,0,0,0
9691,1,0,0,0,0
9692,1,0,0,0,0
9693,1,0,0,0,0
9694,1,0,0,0,0
9695,1,0,0,0,0
9696,1,0,0,0,0
9697,1,0,0,0,0
9698,1,0,0,0,0
9699,1,0,0,0,0
9700,1,0,0,0,0
9701,1,0,0,0,0
9702,1,0,0,0,0
9703,1,0,0,0,0
9704,1,0,0,0,0
9705,1,0,0,0,0
9706,1,0,0,0,0
9707,1,0,0,0,0
9708,1,0,0,0,0
9709,1,0,0,0,0
9710,1,0,0,0,0
9711,1,0,0,0,0
9712,1,0,0,0,0
9713,1,0,0,0,0
9714,1,0,0,0,0
9715,1,0,0,0,0
9716,1,0,0,0,0
9717,1,0,0,0,0
9718,1,0,0,0,0
9719,1,0,0,0,0
9720,1,0,0,0,0
9721,1,0,0,0,0
9722,1,0,0,0,0
9723,1,0,0,0,0
9724,1,0,0,0,0
9725,1,0,0,0,0
9726,1,0,0,0,0
9727,1,0,0,0,0
9728,1,0,0,0,0
9729,1,0,0,0,0
9730,1,0,0,0,0
9731,1,0,0,0,0
9732,1,0,0,0,0
9733,1,0,0,0,0
9734,1,0,0,0,0
9735,1,0,0,0,0
9736,1,0,0,0,0
9737,1,0,0,0,0
9738,1,0,0,0,0
9739,1,0,0,0,0
9740,1,0,0,0,0
9741,1,0,0,0,0
9742,1,0,0,0,0
9743,1,0,0,0,0
9744,1,0,0,0,0
9745,1,0,0,0,0
9746,1,0,0,0,0
9747,1,0,0,0,0
9748,1,0,0,0,0
9749,1,0,0,0,0
9750,1,0,0,0,0
9751,1,0,0,0,0
9752,1,0,0,0,0
9753,1,0,0,0,0
9754,1,0,0,0,0
9755,1,0,0,0,0
9756,1,0,0,0,0
9757,1,0,0,0,0
9758,1,0,0,0,0
9759,1,0,0,0,0
9760,1,0,0,0,0
9761,1,0,0,0,0
9762,1,0,0,0,0
9763,1,0,0,0,0
9764,1,0,0,0,0
9765,1,0,0,0,0
9766,1,0,0,0,0
9767,1,0,0,0,0
9768,1,0,0,0,0
9769,0,0,0,0,1
9770,0,0,0,0,1
9771,0,0,0,0,1
9772,0,0,0,0,1
9773,0,0,0,0,1
9774,0,0,0,0,1
9775,0,0,0,0,1
9776,0,0,0,0,1
9777,0,0,0,0,1
9778,0,0,0,0,1
9779,0,0,0,0,1
9780,0,0,0,0,1
9781,0,0,0,0,1
9782,0,0,0,0,1
9783,0,0,0,0,1
9784,0,0,0,0,1
9785,0,0,0,0,1
9786,1,0,0,0,0
9787,1,0,0,0,0
9788,1,0,0,0,0
9789,1,0,0,0,0
9790,1,0,0,0,0
9791,1,0,0,0,0
9792,1,0,0,0,0
9793,1,0,0,0,0
9794,1,0,0,0,0
9795,1,0,0,0,0
9796,1,0,0,0,0
9797,0,0,0,0,1
9798,0,0,0,0,1
9799,0,0,0,0,1
9800,0,0,0,0,1
9801,0,0,0,0,1
9802,0,0,0,0,1
9803,0,0,0,0,1
9804,0,0,0,0,1
9805,0,0,0,0,1
9806,0,0,0,0,1
9807,0,0,0,0,1
9808,0,0,0,0,1
9809,0,0,0,0,1
9810,0,0,0,0,1
9811,0,0,0,0,1
9812,0,0,0,0,1
9813,0,0,0,0,1
9814,0,0,0,0,1
9815,0,0,0,0,1
9816,0,0,0,0,1
9817,0,0,0,0,1
9818,0,0,0,0,1
9819,0,0,0,0,1
9820,0,0,0,0,1
9821,0,0,0,0,1
9822,0,0,0,0,1
9823,0,0,0,0,1
9824,0,0,0,0,1
9825,0,0,0,0,1
9826,0,0,0,0,1
9827,0,0,0,0,1
9828,0,0,0,0,1
9829,0,0,0,0,1
9830,0,0,0,0,1
9831,0,0,0,0,1
9832,0,0,0,0,1
9833,0,0,0,0,1
9834,0,0,0,0,1
9835,0,0,0,0,1
9836,0,0,0,0,1
9837,0,0,0,0,1
9838,0,0,0,0,1
9839,0,0,0,0,1
9840,0,0,0,0,1
9841,0,0,0,0,1
9842,0,0,0,0,1
9843,0,0,0,0,1
9844,0,0,0,0,1
9845,0,0,0,0,1
9846,1,0,0,0,0
9847,1,0,0,0,0
9848,1,0,0,0,0
9849,1,0,0,0,0
9850,1,0,0,0,0
9851,1,0,0,0,0
9852,1,0,0,0,0
9853,1,0,0,0,0
9854,1,0,0,0,0
9855,1,0,0,0,0
9856,1,0,0,0,0
9857,1,0,0,0,0
9858,1,0,0,0,0
9859,1,0,0,0,0
9860,1,0,0,0,0
9861,1,0,0,0,0
9862,1,0,0,0,0
9863,1,0,0,0,0
9864,1,0,0,0,0
9865,1,0,0,0,0
9866,1,0,0,0,0
9867,1,0,0,0,0
9868,1,0,0,0,0
9869,1,0,0,0,0
9870,1,0,0,0,0
9871,1,0,0,0,0
9872,1,0,0,0,0
9873,1,0,0,0,0
9874,1,0,0,0,0
9875,1,0,0,0,0
9876,1,0,0,0,0
9877,1,0,0,0,0
9878,1,0,0,0,0
9879,1,0,0,0,0
9880,1,0,0,0,0
9881,1,0,0,0,0
9882,1,0,0,0,0
9883,1,0,0,0,0
9884,1,0,0,0,0
9885,1,0,0,0,0
9886,1,0,0,0,0
9887,1,0,0,0,0
9888,1,0,0,0,0
9889,1,0,0,0,0
9890,1,0,0,0,0
9891,1,0,0,0,0
9892,1,0,0,0,0
9893,1,0,0,0,0
9894,1,0,0,0,0
9895,1,0,0,0,0
9896,1,0,0,0,0
9897,1,0,0,0,0
9898,1,0,0,0,0
9899,1,0,0,0,0
9900,1,0,0,0,0
9901,1,0,0,0,0
9902,1,0,0,0,0
9903,1,0,0,0,0
9904,1,0,0,0,0
9905,1,0,0,0,0
9906,1,0,0,0,0
9907,1,0,0,0,0
9908,1,0,0,0,0
9909,1,0,0,0,0
9910,1,0,0,0,0
9911,1,0,0,0,0
9912,0,0,0,0,1
9913,0,0,0,0,1
9914,0,0,0,0,1
9915,0,0,0,0,1
9916,0,0,0,0,1
9917,0,0,0,0,1
9918,0,0,0,0,1
9919,0,0,0,0,1
9920,0,0,0,0,1
9921,0,0,0,0,1
9922,0,0,0,0,1
9923,0,0,0,0,1
9924,0,0,0,0,1
9925,0,0,0,0,1
9926,0,0,0,0,1
9927,0,0,0,0,1
9928,0,0,0,0,1
9929,0,0,0,0,1
9930,0,0,0,0,1
9931,0,0,0,0,1
9932,0,0,0,0,1
9933,0,0,0,0,1
9934,0,0,0,0,1
9935,0,0,0,0,1
9936,0,0,0,0,1
9937,0,0,0,0,1
9938,0,0,0,0,1
9939,0,0,0,0,1
9940,0,0,0,0,1
9941,0,0,0,0,1
9942,0,0,0,0,1
9943,0,0,0,0,1
9944,0,0,0,0,1
9945,0,0,0,0,1
9946,0,0,0,0,1
9947,0,0,0,0,1
9948,0,0,0,0,1
9949,0,1,0,0,0
9950,0,1,0,0,0
9951,0,1,0,0,0
9952,0,1,0,0,0
9953,0,1,0,0,0
9954,0,1,0,0,0
9955,0,1,0,0,0
9956,0,1,0,0,0
9957,0,1,0,0,0
9958,0,1,0,0,0
9959,0,1,0,0,0
9960,0,1,0,0,0
9961,0,1,0,0,0
9962,0,1,0,0,0
9963,0,1,0,0,0
9964,0,1,0,0,0
9965,0,1,0,0,0
9966,0,1,0,0,0
9967,0,1,0,0,0
9968,0,1,0,0,0
9969,0,1,0,0,0
9970,0,1,0,0,0
9971,0,1,0,0,0
9972,0,1,0,0,0
9973,0,1,0,0,0
9974,0,1,0,0,0
9975,0,1,0,0,0
9976,0,1,0,0,0
9977,0,1,0,0,0
9978,0,1,0,0,0
9979,0,1,0,0,0
9980,0,1,0,0,0
9981,0,1,0,0,0
9982,0,1,0,0,0
9983,0,1,0,0,0
9984,0,1,0,0,0
9985,0,1,0,0,0
9986,0,1,0,0,0
9987,0,1,0,0,0
9988,0,1,0,0,0
9989,0,1,0,0,0
9990,0,1,0,0,0
9991,0,1,0,0,0
9992,0,1,0,0,0
9993,0,1,0,0,0
9994,0,1,0,0,0
9995,1,0,0,0,0
9996,1,0,0,0,0
9997,1,0,0,0,0
9998,1,0,0,0,0
9999,1,0,0,0,0
10000,1,0,0,0,0
10001,1,0,0,0,0
10002,1,0,0,0,0
10003,1,0,0,0,0
10004,1,0,0,0,0
10005,1,0,0,0,0
10006,1,0,0,0,0
10007,1,0,0,0,0
10008,1,0,0,0,0
10009,1,0,0,0,0
10010,1,0,0,0,0
10011,1,0,0,0,0
10012,1,0,0,0,0
10013,1,0,0,0,0
10014,1,0,0,0,0
10015,1,0,0,0,0
10016,1,0,0,0,0
10017,1,0,0,0,0
10018,1,0,0,0,0
10019,1,0,0,0,0
10020,1,0,0,0,0
10021,1,0,0,0,0
10022,1,0,0,0,0
10023,1,0,0,0,0
10024,1,0,0,0,0
10025,1,0,0,0,0
10026,1,0,0,0,0
10027,1,0,0,0,0
10028,1,0,0,0,0
10029,1,0,0,0,0
10030,1,0,0,0,0
10031,1,0,0,0,0
10032,1,0,0,0,0
10033,1,0,0,0,0
10034,1,0,0,0,0
10035,1,0,0,0,0
10036,1,0,0,0,0
10037,1,0,0,0,0
10038,1,0,0,0,0
10039,1,0,0,0,0
10040,1,0,0,0,0
10041,1,0,0,0,0
10042,1,0,0,0,0
10043,1,0,0,0,0
10044,1,0,0,0,0
10045,1,0,0,0,0
10046,1,0,0,0,0
10047,1,0,0,0,0
10048,1,0,0,0,0
10049,1,0,0,0,0
10050,1,0,0,0,0
10051,1,0,0,0,0
10052,1,0,0,0,0
10053,1,0,0,0,0
10054,1,0,0,0,0
10055,1,0,0,0,0
10056,1,0,0,0,0
10057,1,0,0,0,0
10058,1,0,0,0,0
10059,1,0,0,0,0
10060,1,0,0,0,0
10061,1,0,0,0,0
10062,1,0,0,0,0
10063,1,0,0,0,0
10064,1,0,0,0,0
10065,1,0,0,0,0
10066,1,0,0,0,0
10067,1,0,0,0,0
10068,1,0,0,0,0
10069,1,0,0,0,0
10070,0,1,0,0,0
10071,0,1,0,0,0
10072,0,1,0,0,0
10073,0,1,0,0,0
10074,0,1,0,0,0
10075,0,1,0,0,0
10076,0,1,0,0,0
10077,0,1,0,0,0
10078,0,1,0,0,0
10079,0,1,0,0,0
10080,0,1,0,0,0
10081,0,1,0,0,0
10082,0,1,0,0,0
10083,0,1,0,0,0
10084,0,1,0,0,0
10085,0,1,0,0,0
10086,0,1,0,0,0
10087,0,1,0,0,0
10088,0,1,0,0,0
10089,0,1,0,0,0
10090,0,1,0,0,0
10091,0,1,0,0,0
10092,0,1,0,0,0
10093,0,1,0,0,0
10094,0,1,0,0,0
10095,0,1,0,0,0
10096,0,1,0,0,0
10097,0,1,0,0,0
10098,0,1,0,0,0
10099,0,1,0,0,0
10100,0,1,0,0,0
10101,0,1,0,0,0
10102,0,1,0,0,0
10103,0,1,0,0,0
10104,0,1,0,0,0
10105,0,1,0,0,0
10106,0,1,0,0,0
10107,0,1,0,0,0
10108,0,1,0,0,0
10109,0,1,0,0,0
10110,1,0,0,0,0
10111,1,0,0,0,0
10112,1,0,0,0,0
10113,1,0,0,0,0
10114,1,0,0,0,0
10115,1,0,0,0,0
10116,1,0,0,0,0
10117,1,0,0,0,0
10118,1,0,0,0,0
10119,1,0,0,0,0
10120,1,0,0,0,0
10121,1,0,0,0,0
10122,1,0,0,0,0
10123,1,0,0,0,0
10124,1,0,0,0,0
10125,1,0,0,0,0
10126,1,0,0,0,0
10127,1,0,0,0,0
10128,1,0,0,0,0
10129,1,0,0,0,0
10130,1,0,0,0,0
10131,1,0,0,0,0
10132,1,0,0,0,0
10133,1,0,0,0,0
10134,1,0,0,0,0
10135,1,0,0,0,0
10136,1,0,0,0,0
10137,1,0,0,0,0
10138,1,0,0,0,0
10139,1,0,0,0,0
10140,1,0,0,0,0
10141,1,0,0,0,0
10142,1,0,0,0,0
10143,1,0,0,0,0
10144,1,0,0,0,0
10145,1,0,0,0,0
10146,1,0,0,0,0
10147,1,0,0,0,0
10148,1,0,0,0,0
10149,1,0,0,0,0
10150,1,0,0,0,0
10151,1,0,0,0,0
10152,1,0,0,0,0
10153,1,0,0,0,0
10154,1,0,0,0,0
10155,0,0,0,0,1
10156,0,0,0,0,1
10157,0,0,0,0,1
10158,0,0,0,0,1
10159,0,0,0,0,1
10160,0,0,0,0,1
10161,0,0,0,0,1
10162,0,0,0,0,1
10163,0,0,0,0,1
10164,0,0,0,0,1
10165,0,0,0,0,1
10166,0,0,0,0,1
10167,0,0,0,0,1
10168,0,0,0,0,1
10169,0,0,0,0,1
10170,0,0,0,0,1
10171,0,0,0,0,1
10172,0,0,0,0,1
10173,0,0,0,0,1
10174,0,0,0,0,1
10175,0,0,0,0,1
10176,0,0,0,0,1
10177,0,0,0,0,1
10178,0,0,0,0,1
10179,0,0,0,0,1
10180,0,0,0,0,1
10181,0,0,0,0,1
10182,0,0,0,0,1
10183,0,0,0,0,1
10184,0,0,0,0,1
10185,0,0,0,0,1
10186,0,0,0,0,1
10187,0,0,0,0,1
10188,0,0,0,0,1
10189,0,0,0,0,1
10190,0,0,0,0,1
10191,0,0,0,0,1
10192,0,0,0,0,1
10193,0,0,0,0,1
10194,0,0,0,0,1
10195,0,0,0,0,1
10196,0,0,0,0,1
10197,0,0,0,0,1
10198,0,0,0,0,1
10199,0,0,0,0,1
10200,0,0,0,0,1
10201,1,0,0,0,0
10202,1,0,0,0,0
10203,1,0,0,0,0
10204,1,0,0,0,0
10205,1,0,0,0,0
10206,1,0,0,0,0
10207,1,0,0,0,0
10208,1,0,0,0,0
10209,1,0,0,0,0
10210,1,0,0,0,0
10211,1,0,0,0,0
10212,1,0,0,0,0
10213,1,0,0,0,0
10214,1,0,0,0,0
10215,1,0,0,0,0
10216,1,0,0,0,0
10217,1,0,0,0,0
10218,1,0,0,0,0
10219,1,0,0,0,0
10220,1,0,0,0,0
10221,1,0,0,0,0
10222,1,0,0,0,0
10223,1,0,0,0,0
10224,1,0,0,0,0
10225,1,0,0,0,0
10226,1,0,0,0,0
10227,1,0,0,0,0
10228,1,0,0,0,0
10229,1,0,0,0,0
10230,1,0,0,0,0
10231,1,0,0,0,0
10232,1,0,0,0,0
10233,1,0,0,0,0
10234,1,0,0,0,0
10235,1,0,0,0,0
10236,1,0,0,0,0
10237,1,0,0,0,0
10238,1,0,0,0,0
10239,0,1,0,0,0
10240,0,1,0,0,0
10241,0,1,0,0,0
10242,0,1,0,0,0
10243,0,1,0,0,0
10244,0,1,0,0,0
10245,0,1,0,0,0
10246,0,1,0,0,0
10247,0,1,0,0,0
10248,0,1,0,0,0
10249,0,1,0,0,0
10250,0,1,0,0,0
10251,0,1,0,0,0
10252,0,1,0,0,0
10253,0,1,0,0,0
10254,0,1,0,0,0
10255,0,1,0,0,0
10256,0,1,0,0,0
10257,0,1,0,0,0
10258,0,1,0,0,0
10259,0,1,0,0,0
10260,0,1,0,0,0
10261,0,1,0,0,0
10262,0,1,0,0,0
10263,0,1,0,0,0
10264,0,1,0,0,0
10265,0,1,0,0,0
10266,0,1,0,0,0
10267,0,1,0,0,0
10268,0,1,0,0,0
10269,0,1,0,0,0
10270,0,1,0,0,0
10271,0,1,0,0,0
10272,0,1,0,0,0
10273,0,1,0,0,0
10274,0,1,0,0,0
10275,0,1,0,0,0
10276,0,1,0,0,0
10277,0,1,0,0,0
10278,0,1,0,0,0
10279,0,1,0,0,0
10280,0,1,0,0,0
10281,0,1,0,0,0
10282,0,1,0,0,0
10283,0,1,0,0,0
10284,0,1,0,0,0
10285,0,1,0,0,0
10286,0,1,0,0,0
10287,0,1,0,0,0
10288,0,1,0,0,0
10289,0,1,0,0,0
10290,0,1,0,0,0
10291,0,1,0,0,0
10292,0,1,0,0,0
10293,0,1,0,0,0
10294,0,1,0,0,0
10295,0,1,0,0,0
10296,0,1,0,0,0
10297,0,1,0,0,0
10298,0,1,0,0,0
10299,0,1,0,0,0
10300,0,1,0,0,0
10301,0,1,0,0,0
10302,1,0,0,0,0
10303,1,0,0,0,0
10304,1,0,0,0,0
10305,1,0,0,0,0
10306,1,0,0,0,0
10307,1,0,0,0,0
10308,1,0,0,0,0
10309,1,0,0,0,0
10310,1,0,0,0,0
10311,1,0,0,0,0
10312,1,0,0,0,0
10313,1,0,0,0,0
10314,1,0,0,0,0
10315,1,0,0,0,0
10316,1,0,0,0,0
10317,1,0,0,0,0
10318,1,0,0,0,0
10319,1,0,0,0,0
10320,1,0,0,0,0
10321,1,0,0,0,0
10322,1,0,0,0,0
10323,1,0,0,0,0
10324,1,0,0,0,0
10325,1,0,0,0,0
10326,1,0,0,0,0
10327,1,0,0,0,0
10328,1,0,0,0,0
10329,1,0,0,0,0
10330,1,0,0,0,0
10331,1,0,0,0,0
10332,1,0,0,0,0
10333,1,0,0,0,0
10334,1,0,0,0,0
10335,1,0,0,0,0
10336,1,0,0,0,0
10337,1,0,0,0,0
10338,1,0,0,0,0
10339,1,0,0,0,0
10340,1,0,0,0,0
10341,1,0,0,0,0
10342,1,0,0,0,0
10343,1,0,0,0,0
10344,1,0,0,0,0
10345,1,0,0,0,0
10346,1,0,0,0,0
10347,1,0,0,0,0
10348,1,0,0,0,0
10349,1,0,0,0,0
10350,1,0,0,0,0
10351,1,0,0,0,0
10352,0,1,0,0,0
10353,0,1,0,0,0
10354,0,1,0,0,0
10355,0,1,0,0,0
10356,0,1,0,0,0
10357,0,1,0,0,0
10358,0,1,0,0,0
10359,0,1,0,0,0
10360,0,1,0,0,0
10361,0,1,0,0,0
10362,0,1,0,0,0
10363,0,1,0,0,0
10364,0,1,0,0,0
10365,0,1,0,0,0
10366,0,1,0,0,0
10367,0,1,0,0,0
10368,0,1,0,0,0
10369,0,1,0,0,0
10370,0,1,0,0,0
10371,0,1,0,0,0
10372,0,1,0,0,0
10373,0,1,0,0,0
10374,0,1,0,0,0
10375,0,1,0,0,0
10376,0,1,0,0,0
10377,0,1,0,0,0
10378,0,1,0,0,0
10379,0,1,0,0,0
10380,0,1,0,0,0
10381,0,1,0,0,0
10382,0,1,0,0,0
10383,0,1,0,0,0
10384,0,1,0,0,0
10385,0,1,0,0,0
10386,0,1,0,0,0
10387,0,1,0,0,0
10388,0,1,0,0,0
10389,0,1,0,0,0
10390,0,1,0,0,0
10391,0,1,0,0,0
10392,0,1,0,0,0
10393,0,1,0,0,0
10394,0,1,0,0,0
10395,0,1,0,0,0
10396,0,1,0,0,0
10397,0,1,0,0,0
10398,0,1,0,0,0
10399,0,1,0,0,0
10400,0,1,0,0,0
10401,0,1,0,0,0
10402,0,1,0,0,0
10403,0,1,0,0,0
10404,0,1,0,0,0
10405,0,1,0,0,0
10406,0,1,0,0,0
10407,0,1,0,0,0
10408,0,1,0,0,0
10409,0,1,0,0,0
10410,0,1,0,0,0
10411,0,1,0,0,0
10412,0,1,0,0,0
10413,0,1,0,0,0
10414,0,1,0,0,0
10415,0,1,0,0,0
10416,0,1,0,0,0
10417,0,1,0,0,0
10418,0,1,0,0,0
10419,0,1,0,0,0
10420,0,1,0,0,0
10421,0,1,0,0,0
10422,0,1,0,0,0
10423,0,1,0,0,0
10424,0,1,0,0,0
10425,0,1,0,0,0
10426,0,1,0,0,0
10427,0,1,0,0,0
10428,0,1,0,0,0
10429,0,1,0,0,0
10430,0,1,0,0,0
10431,0,1,0,0,0
10432,0,1,0,0,0
10433,0,1,0,0,0
10434,0,1,0,0,0
10435,0,1,0,0,0
10436,0,1,0,0,0
10437,0,1,0,0,0
10438,0,1,0,0,0
10439,0,1,0,0,0
10440,0,1,0,0,0
10441,0,1,0,0,0
10442,0,1,0,0,0
10443,0,1,0,0,0
10444,0,1,0,0,0
10445,0,1,0,0,0
10446,0,1,0,0,0
10447,0,1,0,0,0
10448,0,1,0,0,0
10449,0,1,0,0,0
10450,0,1,0,0,0
10451,0,1,0,0,0
10452,0,1,0,0,0
10453,0,1,0,0,0
10454,0,1,0,0,0
10455,0,1,0,0,0
10456,0,1,0,0,0
10457,0,1,0,0,0
10458,0,1,0,0,0
10459,0,1,0,0,0
10460,0,1,0,0,0
10461,0,1,0,0,0
10462,0,1,0,0,0
10463,0,1,0,0,0
10464,0,1,0,0,0
10465,0,1,0,0,0
10466,0,1,0,0,0
10467,0,1,0,0,0
10468,0,1,0,0,0
10469,0,1,0,0,0
10470,0,1,0,0,0
10471,0,1,0,0,0
10472,0,1,0,0,0
10473,0,1,0,0,0
10474,0,1,0,0,0
10475,0,1,0,0,0
10476,0,1,0,0,0
10477,0,1,0,0,0
10478,0,1,0,0,0
10479,0,1,0,0,0
10480,0,1,0,0,0
10481,0,1,0,0,0
10482,0,1,0,0,0
10483,0,1,0,0,0
10484,0,1,0,0,0
10485,0,1,0,0,0
10486,0,1,0,0,0
10487,0,1,0,0,0
10488,0,1,0,0,0
10489,0,1,0,0,0
10490,0,1,0,0,0
10491,0,1,0,0,0
10492,0,1,0,0,0
10493,0,1,0,0,0
10494,0,1,0,0,0
10495,0,1,0,0,0
10496,0,1,0,0,0
10497,0,1,0,0,0
10498,0,1,0,0,0
10499,0,1,0,0,0
10500,1,0,0,0,0
10501,1,0,0,0,0
10502,1,0,0,0,0
10503,1,0,0,0,0
10504,1,0,0,0,0
10505,1,0,0,0,0
10506,1,0,0,0,0
10507,1,0,0,0,0
10508,1,0,0,0,0
10509,1,0,0,0,0
10510,1,0,0,0,0
10511,1,0,0,0,0
10512,1,0,0,0,0
10513,1,0,0,0,0
10514,1,0,0,0,0
10515,1,0,0,0,0
10516,1,0,0,0,0
10517,1,0,0,0,0
10518,1,0,0,0,0
10519,1,0,0,0,0
10520,1,0,0,0,0
10521,1,0,0,0,0
10522,1,0,0,0,0
10523,1,0,0,0,0
10524,1,0,0,0,0
10525,1,0,0,0,0
10526,1,0,0,0,0
10527,0,0,0,0,1
10528,0,0,0,0,1
10529,0,0,0,0,1
10530,0,0,0,0,1
10531,0,0,0,0,1
10532,0,0,0,0,1
10533,0,0,0,0,1
10534,0,0,0,0,1
10535,0,0,0,0,1
10536,0,0,0,0,1
10537,0,0,0,0,1
10538,0,0,0,0,1
10539,0,0,0,0,1
10540,0,0,0,0,1
10541,0,0,0,0,1
10542,0,0,0,0,1
10543,0,0,0,0,1
10544,0,0,0,0,1
10545,0,0,0,0,1
10546,0,0,0,0,1
10547,0,0,0,0,1
10548,0,0,0,0,1
10549,0,0,0,0,1
10550,0,0,0,0,1
10551,0,0,0,0,1
10552,0,0,0,0,1
10553,0,0,0,0,1
10554,0,0,0,0,1
10555,0,0,0,0,1
10556,0,1,0,0,0
10557,0,1,0,0,0
10558,0,1,0,0,0
10559,0,1,0,0,0
10560,0,1,0,0,0
10561,0,1,0,0,0
10562,0,1,0,0,0
10563,0,1,0,0,0
10564,0,1,0,0,0
10565,0,1,0,0,0
10566,0,1,0,0,0
10567,0,1,0,0,0
10568,0,1,0,0,0
10569,0,1,0,0,0
10570,0,1,0,0,0
10571,0,1,0,0,0
10572,0,1,0,0,0
10573,0,1,0,0,0
10574,0,1,0,0,0
10575,0,1,0,0,0
10576,0,1,0,0,0
10577,0,1,0,0,0
10578,0,1,0,0,0
10579,0,1,0,0,0
10580,0,1,0,0,0
10581,0,1,0,0,0
10582,0,1,0,0,0
10583,0,1,0,0,0
10584,0,1,0,0,0
10585,0,1,0,0,0
10586,0,1,0,0,0
10587,0,1,0,0,0
10588,0,1,0,0,0
10589,0,1,0,0,0
10590,0,1,0,0,0
10591,0,1,0,0,0
10592,0,1,0,0,0
10593,0,1,0,0,0
10594,0,1,0,0,0
10595,0,1,0,0,0
10596,0,1,0,0,0
10597,0,1,0,0,0
10598,0,1,0,0,0
10599,0,1,0,0,0
10600,0,1,0,0,0
10601,0,1,0,0,0
10602,0,1,0,0,0
10603,0,1,0,0,0
10604,0,1,0,0,0
10605,0,1,0,0,0
10606,0,1,0,0,0
10607,0,1,0,0,0
10608,0,1,0,0,0
10609,0,1,0,0,0
10610,0,1,0,0,0
10611,0,1,0,0,0
10612,0,1,0,0,0
10613,0,1,0,0,0
10614,0,1,0,0,0
10615,0,1,0,0,0
10616,1,0,0,0,0
10617,1,0,0,0,0
10618,1,0,0,0,0
10619,1,0,0,0,0
10620,1,0,0,0,0
10621,1,0,0,0,0
10622,1,0,0,0,0
10623,1,0,0,0,0
10624,1,0,0,0,0
10625,1,0,0,0,0
10626,1,0,0,0,0
10627,1,0,0,0,0
10628,1,0,0,0,0
10629,1,0,0,0,0
10630,1,0,0,0,0
10631,1,0,0,0,0
10632,1,0,0,0,0
10633,1,0,0,0,0
10634,1,0,0,0,0
10635,1,0,0,0,0
10636,1,0,0,0,0
10637,1,0,0,0,0
10638,1,0,0,0,0
10639,1,0,0,0,0
10640,1,0,0,0,0
10641,1,0,0,0,0
10642,1,0,0,0,0
10643,1,0,0,0,0
10644,1,0,0,0,0
10645,1,0,0,0,0
10646,1,0,0,0,0
10647,1,0,0,0,0
10648,1,0,0,0,0
10649,1,0,0,0,0
10650,1,0,0,0,0
10651,1,0,0,0,0
10652,1,0,0,0,0
10653,1,0,0,0,0
10654,1,0,0,0,0
10655,1,0,0,0,0
10656,1,0,0,0,0
10657,1,0,0,0,0
10658,1,0,0,0,0
10659,1,0,0,0,0
10660,1,0,0,0,0
10661,1,0,0,0,0
10662,1,0,0,0,0
10663,1,0,0,0,0
10664,1,0,0,0,0
10665,1,0,0,0,0
10666,1,0,0,0,0
10667,1,0,0,0,0
10668,1,0,0,0,0
10669,1,0,0,0,0
10670,0,0,0,0,1
10671,0,0,0,0,1
10672,0,0,0,0,1
10673,0,0,0,0,1
10674,0,0,0,0,1
10675,0,0,0,0,1
10676,0,0,0,0,1
10677,0,0,0,0,1
10678,0,0,0,0,1
10679,0,0,0,0,1
10680,0,0,0,0,1
10681,0,0,0,0,1
10682,0,0,0,0,1
10683,0,0,0,0,1
10684,0,0,0,0,1
10685,0,0,0,0,1
10686,0,0,0,0,1
10687,0,0,0,0,1
10688,0,0,0,0,1
10689,0,0,0,0,1
10690,0,0,0,0,1
10691,0,0,0,0,1
10692,0,0,0,0,1
10693,0,0,0,0,1
10694,1,0,0,0,0
10695,1,0,0,0,0
10696,1,0,0,0,0
10697,1,0,0,0,0
10698,1,0,0,0,0
10699,1,0,0,0,0
10700,1,0,0,0,0
10701,1,0,0,0,0
10702,1,0,0,0,0
10703,1,0,0,0,0
10704,1,0,0,0,0
10705,1,0,0,0,0
10706,1,0,0,0,0
10707,1,0,0,0,0
10708,1,0,0,0,0
10709,1,0,0,0,0
10710,1,0,0,0,0
10711,1,0,0,0,0
10712,1,0,0,0,0
10713,1,0,0,0,0
10714,1,0,0,0,0
10715,1,0,0,0,0
10716,1,0,0,0,0
10717,1,0,0,0,0
10718,1,0,0,0,0
10719,1,0,0,0,0
10720,1,0,0,0,0
10721,1,0,0,0,0
10722,1,0,0,0,0
10723,1,0,0,0,0
10724,1,0,0,0,0
10725,1,0,0,0,0
10726,1,0,0,0,0
10727,1,0,0,0,0
10728,1,0,0,0,0
10729,1,0,0,0,0
10730,1,0,0,0,0
10731,1,0,0,0,0
10732,1,0,0,0,0
10733,1,0,0,0,0
10734,1,0,0,0,0
10735,1,0,0,0,0
10736,1,0,0,0,0
10737,1,0,0,0,0
10738,0,0,0,0,1
10739,0,0,0,0,1
10740,0,0,0,0,1
10741,0,0,0,0,1
10742,0,0,0,0,1
10743,0,0,0,0,1
10744,0,0,0,0,1
10745,0,0,0,0,1
10746,0,0,0,0,1
10747,0,0,0,0,1
10748,0,0,0,0,1
10749,0,0,0,0,1
10750,0,0,0,0,1
10751,0,0,0,0,1
10752,0,0,0,0,1
10753,0,0,0,0,1
10754,0,0,0,0,1
10755,0,0,0,0,1
10756,0,0,0,0,1
10757,0,0,0,0,1
10758,0,0,0,0,1
10759,0,0,0,0,1
10760,0,0,0,0,1
10761,0,0,0,0,1
10762,0,0,0,0,1
10763,0,0,0,0,1
10764,0,0,0,0,1
10765,0,0,0,0,1
10766,0,0,0,0,1
10767,0,0,0,0,1
10768,0,0,0,0,1
10769,0,0,0,0,1
10770,0,0,0,0,1
10771,0,0,0,0,1
10772,0,0,0,0,1
10773,0,0,0,0,1
10774,0,0,0,0,1
10775,0,0,0,0,1
10776,0,0,0,0,1
10777,0,0,0,0,1
10778,0,0,0,0,1
10779,0,0,0,0,1
10780,0,0,0,0,1
10781,0,0,0,0,1
10782,0,0,0,0,1
10783,0,0,0,0,1
10784,0,0,0,0,1
10785,0,0,0,0,1
10786,0,0,0,0,1
10787,0,0,0,0,1
10788,0,0,0,0,1
10789,0,0,0,0,1
10790,0,0,0,0,1
10791,0,0,0,0,1
10792,0,0,0,0,1
10793,0,0,0,0,1
10794,0,0,0,0,1
10795,0,0,0,0,1
10796,0,0,0,0,1
10797,0,0,0,0,1
10798,0,0,0,0,1
10799,0,0,0,0,1
10800,0,0,0,0,1
10801,0,0,0,0,1
10802,0,0,0,0,1
10803,0,0,0,0,1
10804,0,0,0,0,1
10805,0,0,0,0,1
10806,0,0,0,0,1
10807,0,0,0,0,1
10808,0,0,0,0,1
10809,0,0,0,0,1
10810,0,0,0,0,1
10811,0,0,0,0,1
10812,0,0,0,0,1
10813,0,0,0,0,1
10814,0,0,0,0,1
10815,0,0,0,0,1
10816,0,0,0,0,1
10817,0,0,0,0,1
10818,0,0,0,0,1
10819,0,0,0,0,1
10820,0,0,0,0,1
10821,0,0,0,0,1
10822,0,0,0,0,1
10823,0,0,0,0,1
10824,0,0,0,0,1
10825,0,0,0,0,1
10826,0,0,0,0,1
10827,0,0,0,0,1
10828,0,0,0,0,1
10829,0,0,0,0,1
10830,0,0,0,0,1
10831,0,0,0,0,1
10832,0,0,0,0,1
10833,1,0,0,0,0
10834,1,0,0,0,0
10835,1,0,0,0,0
10836,1,0,0,0,0
10837,1,0,0,0,0
10838,1,0,0,0,0
10839,1,0,0,0,0
10840,1,0,0,0,0
10841,1,0,0,0,0
10842,1,0,0,0,0
10843,1,0,0,0,0
10844,1,0,0,0,0
10845,1,0,0,0,0
10846,0,1,0,0,0
10847,0,1,0,0,0
10848,0,1,0,0,0
10849,0,1,0,0,0
10850,0,1,0,0,0
10851,0,1,0,0,0
10852,0,1,0,0,0
10853,0,1,0,0,0
10854,0,1,0,0,0
10855,0,1,0,0,0
10856,0,1,0,0,0
10857,0,1,0,0,0
10858,0,1,0,0,0
10859,0,1,0,0,0
10860,0,1,0,0,0
10861,0,1,0,0,0
10862,0,1,0,0,0
10863,0,1,0,0,0
10864,0,1,0,0,0
10865,0,1,0,0,0
10866,0,1,0,0,0
10867,0,1,0,0,0
10868,0,1,0,0,0
10869,0,1,0,0,0
10870,0,1,0,0,0
10871,0,1,0,0,0
10872,0,1,0,0,0
10873,0,1,0,0,0
10874,0,1,0,0,0
10875,0,1,0,0,0
10876,0,1,0,0,0
10877,0,1,0,0,0
10878,0,1,0,0,0
10879,0,1,0,0,0
10880,0,1,0,0,0
10881,0,1,0,0,0
10882,0,1,0,0,0
10883,0,1,0,0,0
10884,0,1,0,0,0
10885,0,1,0,0,0
10886,0,1,0,0,0
10887,0,1,0,0,0
10888,0,1,0,0,0
10889,0,1,0,0,0
10890,0,1,0,0,0
10891,0,1,0,0,0
10892,0,1,0,0,0
10893,0,1,0,0,0
10894,0,1,0,0,0
10895,0,1,0,0,0
10896,0,1,0,0,0
10897,0,1,0,0,0
10898,1,0,0,0,0
10899,1,0,0,0,0
10900,1,0,0,0,0
10901,1,0,0,0,0
10902,1,0,0,0,0
10903,1,0,0,0,0
10904,1,0,0,0,0
10905,1,0,0,0,0
10906,1,0,0,0,0
10907,1,0,0,0,0
10908,1,0,0,0,0
10909,1,0,0,0,0
10910,1,0,0,0,0
10911,1,0,0,0,0
10912,1,0,0,0,0
10913,1,0,0,0,0
10914,1,0,0,0,0
10915,1,0,0,0,0
10916,1,0,0,0,0
10917,1,0,0,0,0
10918,1,0,0,0,0
10919,1,0,0,0,0
10920,1,0,0,0,0
10921,1,0,0,0,0
10922,1,0,0,0,0
10923,1,0,0,0,0
10924,1,0,0,0,0
10925,1,0,0,0,0
10926,1,0,0,0,0
10927,1,0,0,0,0
10928,1,0,0,0,0
10929,1,0,0,0,0
10930,1,0,0,0,0
10931,1,0,0,0,0
10932,1,0,0,0,0
10933,1,0,0,0,0
10934,1,0,0,0,0
10935,1,0,0,0,0
10936,1,0,0,0,0
10937,1,0,0,0,0
10938,1,0,0,0,0
10939,1,0,0,0,0
10940,1,0,0,0,0
10941,1,0,0,0,0
10942,1,0,0,0,0
10943,1,0,0,0,0
10944,1,0,0,0,0
10945,1,0,0,0,0
10946,1,0,0,0,0
10947,1,0,0,0,0
10948,1,0,0,0,0
10949,1,0,0,0,0
10950,1,0,0,0,0
10951,1,0,0,0,0
10952,1,0,0,0,0
10953,1,0,0,0,0
10954,1,0,0,0,0
10955,1,0,0,0,0
10956,1,0,0,0,0
10957,1,0,0,0,0
10958,1,0,0,0,0
10959,1,0,0,0,0
10960,1,0,0,0,0
10961,1,0,0,0,0
10962,1,0,0,0,0
10963,1,0,0,0,0
10964,1,0,0,0,0
10965,1,0,0,0,0
10966,1,0,0,0,0
10967,1,0,0,0,0
10968,1,0,0,0,0
10969,1,0,0,0,0
10970,1,0,0,0,0
10971,1,0,0,0,0
10972,1,0,0,0,0
10973,1,0,0,0,0
10974,1,0,0,0,0
10975,1,0,0,0,0
10976,1,0,0,0,0
10977,1,0,0,0,0
10978,1,0,0,0,0
10979,1,0,0,0,0
10980,1,0,0,0,0
10981,1,0,0,0,0
10982,1,0,0,0,0
10983,1,0,0,0,0
10984,1,0,0,0,0
10985,1,0,0,0,0
10986,1,0,0,0,0
10987,0,1,0,0,0
10988,0,1,0,0,0
10989,0,1,0,0,0
10990,0,1,0,0,0
10991,0,1,0,0,0
10992,0,1,0,0,0
10993,0,1,0,0,0
10994,0,1,0,0,0
10995,0,1,0,0,0
10996,0,1,0,0,0
10997,0,1,0,0,0
10998,0,1,0,0,0
10999,0,1,0,0,0
11000,0,1,0,0,0
11001,0,1,0,0,0
11002,0,1,0,0,0
11003,0,1,0,0,0
11004,0,1,0,0,0
11005,0,1,0,0,0
11006,0,1,0,0,0
11007,0,1,0,0,0
11008,0,1,0,0,0
11009,0,1,0,0,0
11010,0,1,0,0,0
11011,0,1,0,0,0
11012,0,1,0,0,0
11013,0,1,0,0,0
11014,0,1,0,0,0
11015,0,1,0,0,0
11016,0,1,0,0,0
11017,0,1,0,0,0
11018,0,1,0,0,0
11019,0,1,0,0,0
11020,0,1,0,0,0
11021,0,1,0,0,0
11022,0,1,0,0,0
11023,0,1,0,0,0
11024,0,1,0,0,0
11025,0,1,0,0,0
11026,0,1,0,0,0
11027,0,1,0,0,0
11028,0,1,0,0,0
11029,0,1,0,0,0
11030,0,1,0,0,0
11031,0,1,0,0,0
11032,0,1,0,0,0
11033,0,1,0,0,0
11034,0,1,0,0,0
11035,0,1,0,0,0
11036,0,1,0,0,0
11037,0,1,0,0,0
11038,0,1,0,0,0
11039,0,1,0,0,0
11040,0,1,0,0,0
11041,0,1,0,0,0
11042,0,1,0,0,0
11043,0,1,0,0,0
11044,0,1,0,0,0
11045,0,1,0,0,0
11046,1,0,0,0,0
11047,1,0,0,0,0
11048,1,0,0,0,0
11049,1,0,0,0,0
11050,1,0,0,0,0
11051,1,0,0,0,0
11052,1,0,0,0,0
11053,1,0,0,0,0
11054,1,0,0,0,0
11055,1,0,0,0,0
11056,1,0,0,0,0
11057,1,0,0,0,0
11058,1,0,0,0,0
11059,1,0,0,0,0
11060,1,0,0,0,0
11061,1,0,0,0,0
11062,1,0,0,0,0
11063,1,0,0,0,0
11064,1,0,0,0,0
11065,1,0,0,0,0
11066,1,0,0,0,0
11067,1,0,0,0,0
11068,1,0,0,0,0
11069,1,0,0,0,0
11070,1,0,0,0,0
11071,1,0,0,0,0
11072,1,0,0,0,0
11073,1,0,0,0,0
11074,1,0,0,0,0
11075,1,0,0,0,0
11076,1,0,0,0,0
11077,1,0,0,0,0
11078,1,0,0,0,0
11079,1,0,0,0,0
11080,1,0,0,0,0
11081,1,0,0,0,0
11082,1,0,0,0,0
11083,1,0,0,0,0
11084,1,0,0,0,0
11085,1,0,0,0,0
11086,1,0,0,0,0
11087,1,0,0,0,0
11088,1,0,0,0,0
11089,1,0,0,0,0
11090,1,0,0,0,0
11091,1,0,0,0,0
11092,1,0,0,0,0
11093,1,0,0,0,0
11094,1,0,0,0,0
11095,1,0,0,0,0
11096,1,0,0,0,0
11097,1,0,0,0,0
11098,1,0,0,0,0
11099,1,0,0,0,0
11100,1,0,0,0,0
11101,1,0,0,0,0
11102,1,0,0,0,0
11103,1,0,0,0,0
11104,1,0,0,0,0
11105,1,0,0,0,0
11106,1,0,0,0,0
11107,1,0,0,0,0
11108,1,0,0,0,0
11109,1,0,0,0,0
11110,1,0,0,0,0
11111,1,0,0,0,0
11112,1,0,0,0,0
11113,1,0,0,0,0
11114,1,0,0,0,0
11115,1,0,0,0,0
11116,1,0,0,0,0
11117,1,0,0,0,0
11118,1,0,0,0,0
11119,1,0,0,0,0
11120,1,0,0,0,0
11121,1,0,0,0,0
11122,1,0,0,0,0
11123,1,0,0,0,0
11124,1,0,0,0,0
11125,1,0,0,0,0
11126,1,0,0,0,0
11127,1,0,0,0,0
11128,1,0,0,0,0
11129,1,0,0,0,0
11130,1,0,0,0,0
11131,1,0,0,0,0
11132,1,0,0,0,0
11133,1,0,0,0,0
11134,1,0,0,0,0
11135,1,0,0,0,0
11136,1,0,0,0,0
11137,1,0,0,0,0
11138,1,0,0,0,0
11139,1,0,0,0,0
11140,1,0,0,0,0
11141,1,0,0,0,0
11142,1,0,0,0,0
11143,1,0,0,0,0
11144,1,0,0,0,0
11145,1,0,0,0,0
11146,1,0,0,0,0
11147,1,0,0,0,0
11148,1,0,0,0,0
11149,1,0,0,0,0
11150,1,0,0,0,0
11151,1,0,0,0,0
11152,1,0,0,0,0
11153,1,0,0,0,0
11154,1,0,0,0,0
11155,0,1,0,0,0
11156,0,1,0,0,0
11157,0,1,0,0,0
11158,0,1,0,0,0
11159,0,1,0,0,0
11160,0,1,0,0,0
11161,0,1,0,0,0
11162,0,1,0,0,0
11163,0,1,0,0,0
11164,0,1,0,0,0
11165,0,1,0,0,0
11166,0,1,0,0,0
11167,0,1,0,0,0
11168,0,1,0,0,0
11169,0,1,0,0,0
11170,0,1,0,0,0
11171,0,1,0,0,0
11172,0,1,0,0,0
11173,0,1,0,0,0
11174,0,1,0,0,0
11175,0,1,0,0,0
11176,0,1,0,0,0
11177,0,1,0,0,0
11178,0,1,0,0,0
11179,0,1,0,0,0
11180,0,1,0,0,0
11181,0,1,0,0,0
11182,0,1,0,0,0
11183,0,1,0,0,0
11184,0,1,0,0,0
11185,0,1,0,0,0
11186,0,1,0,0,0
11187,0,1,0,0,0
11188,0,1,0,0,0
11189,0,1,0,0,0
11190,0,1,0,0,0
11191,0,1,0,0,0
11192,0,1,0,0,0
11193,0,1,0,0,0
11194,0,1,0,0,0
11195,0,1,0,0,0
11196,0,1,0,0,0
11197,0,1,0,0,0
11198,0,1,0,0,0
11199,1,0,0,0,0
11200,1,0,0,0,0
11201,1,0,0,0,0
11202,1,0,0,0,0
11203,1,0,0,0,0
11204,1,0,0,0,0
11205,1,0,0,0,0
11206,1,0,0,0,0
11207,1,0,0,0,0
11208,1,0,0,0,0
11209,1,0,0,0,0
11210,1,0,0,0,0
11211,1,0,0,0,0
11212,1,0,0,0,0
11213,1,0,0,0,0
11214,1,0,0,0,0
11215,1,0,0,0,0
11216,1,0,0,0,0
11217,1,0,0,0,0
11218,1,0,0,0,0
11219,1,0,0,0,0
11220,1,0,0,0,0
11221,1,0,0,0,0
11222,1,0,0,0,0
11223,1,0,0,0,0
11224,1,0,0,0,0
11225,1,0,0,0,0
11226,1,0,0,0,0
11227,1,0,0,0,0
11228,1,0,0,0,0
11229,1,0,0,0,0
11230,1,0,0,0,0
11231,1,0,0,0,0
11232,1,0,0,0,0
11233,1,0,0,0,0
11234,1,0,0,0,0
11235,1,0,0,0,0
11236,1,0,0,0,0
11237,1,0,0,0,0
11238,1,0,0,0,0
11239,1,0,0,0,0
11240,1,0,0,0,0
11241,1,0,0,0,0
11242,1,0,0,0,0
11243,1,0,0,0,0
11244,1,0,0,0,0
11245,1,0,0,0,0
11246,1,0,0,0,0
11247,1,0,0,0,0
11248,1,0,0,0,0
11249,1,0,0,0,0
11250,1,0,0,0,0
11251,1,0,0,0,0
11252,1,0,0,0,0
11253,1,0,0,0,0
11254,1,0,0,0,0
11255,1,0,0,0,0
11256,1,0,0,0,0
11257,1,0,0,0,0
11258,1,0,0,0,0
11259,1,0,0,0,0
11260,1,0,0,0,0
11261,1,0,0,0,0
11262,0,0,0,0,1
11263,0,0,0,0,1
11264,0,0,0,0,1
11265,0,0,0,0,1
11266,0,0,0,0,1
11267,0,0,0,0,1
11268,0,0,0,0,1
11269,0,0,0,0,1
11270,0,0,0,0,1
11271,0,0,0,0,1
11272,0,0,0,0,1
11273,0,0,0,0,1
11274,0,0,0,0,1
11275,0,0,0,0,1
11276,0,0,0,0,1
11277,0,0,0,0,1
11278,0,0,0,0,1
11279,0,0,0,0,1
11280,0,0,0,0,1
11281,0,0,0,0,1
11282,0,0,0,0,1
11283,0,0,0,0,1
11284,0,0,0,0,1
11285,0,0,0,0,1
11286,0,0,0,0,1
11287,0,0,0,0,1
11288,0,0,0,0,1
11289,0,0,0,0,1
11290,0,0,0,0,1
11291,0,0,0,0,1
11292,0,0,0,0,1
11293,0,0,0,0,1
11294,0,0,0,0,1
11295,0,0,0,0,1
11296,0,0,0,0,1
11297,0,0,0,0,1
11298,0,0,0,0,1
11299,0,0,0,0,1
11300,0,0,0,0,1
11301,0,0,0,0,1
11302,0,0,0,0,1
11303,0,0,0,0,1
11304,0,0,0,0,1
11305,0,0,0,0,1
11306,0,0,0,0,1
11307,0,0,0,0,1
11308,0,0,0,0,1
11309,0,0,0,0,1
11310,0,0,0,0,1
11311,0,0,0,0,1
11312,0,0,0,0,1
11313,0,0,0,0,1
11314,0,0,0,0,1
11315,0,0,0,0,1
11316,1,0,0,0,0
11317,1,0,0,0,0
11318,1,0,0,0,0
11319,1,0,0,0,0
11320,1,0,0,0,0
11321,1,0,0,0,0
11322,1,0,0,0,0
11323,1,0,0,0,0
11324,1,0,0,0,0
11325,1,0,0,0,0
11326,1,0,0,0,0
11327,1,0,0,0,0
11328,1,0,0,0,0
11329,1,0,0,0,0
11330,1,0,0,0,0
11331,0,1,0,0,0
11332,0,1,0,0,0
11333,0,1,0,0,0
11334,0,1,0,0,0
11335,0,1,0,0,0
11336,0,1,0,0,0
11337,0,1,0,0,0
11338,0,1,0,0,0
11339,0,1,0,0,0
11340,0,1,0,0,0
11341,0,1,0,0,0
11342,0,1,0,0,0
11343,0,1,0,0,0
11344,0,1,0,0,0
11345,0,1,0,0,0
11346,0,1,0,0,0
11347,0,1,0,0,0
11348,0,1,0,0,0
11349,0,1,0,0,0
11350,0,1,0,0,0
11351,0,1,0,0,0
11352,0,1,0,0,0
11353,0,1,0,0,0
11354,0,1,0,0,0
11355,0,1,0,0,0
11356,0,1,0,0,0
11357,0,1,0,0,0
11358,0,1,0,0,0
11359,0,1,0,0,0
11360,0,1,0,0,0
11361,0,1,0,0,0
11362,0,1,0,0,0
11363,0,1,0,0,0
11364,0,1,0,0,0
11365,0,1,0,0,0
11366,0,1,0,0,0
11367,0,1,0,0,0
11368,0,1,0,0,0
11369,0,1,0,0,0
11370,0,1,0,0,0
11371,0,1,0,0,0
11372,0,1,0,0,0
11373,0,1,0,0,0
11374,0,1,0,0,0
11375,0,1,0,0,0
11376,0,1,0,0,0
11377,0,1,0,0,0
11378,0,1,0,0,0
11379,0,1,0,0,0
11380,0,1,0,0,0
11381,0,1,0,0,0
11382,0,1,0,0,0
11383,0,1,0,0,0
11384,0,1,0,0,0
11385,0,1,0,0,0
11386,0,1,0,0,0
11387,0,1,0,0,0
11388,0,1,0,0,0
11389,0,1,0,0,0
11390,0,1,0,0,0
11391,0,1,0,0,0
11392,0,1,0,0,0
11393,0,1,0,0,0
11394,0,1,0,0,0
11395,1,0,0,0,0
11396,1,0,0,0,0
11397,1,0,0,0,0
11398,1,0,0,0,0
11399,1,0,0,0,0
11400,1,0,0,0,0
11401,1,0,0,0,0
11402,1,0,0,0,0
11403,1,0,0,0,0
11404,1,0,0,0,0
11405,1,0,0,0,0
11406,1,0,0,0,0
11407,1,0,0,0,0
11408,1,0,0,0,0
11409,1,0,0,0,0
11410,1,0,0,0,0
11411,1,0,0,0,0
11412,1,0,0,0,0
11413,1,0,0,0,0
11414,1,0,0,0,0
11415,1,0,0,0,0
11416,1,0,0,0,0
11417,1,0,0,0,0
11418,1,0,0,0,0
11419,1,0,0,0,0
11420,1,0,0,0,0
11421,1,0,0,0,0
11422,1,0,0,0,0
11423,1,0,0,0,0
11424,1,0,0,0,0
11425,1,0,0,0,0
11426,1,0,0,0,0
11427,1,0,0,0,0
11428,1,0,0,0,0
11429,1,0,0,0,0
11430,1,0,0,0,0
11431,1,0,0,0,0
11432,1,0,0,0,0
11433,1,0,0,0,0
11434,1,0,0,0,0
11435,1,0,0,0,0
11436,1,0,0,0,0
11437,1,0,0,0,0
11438,1,0,0,0,0
11439,1,0,0,0,0
11440,1,0,0,0,0
11441,1,0,0,0,0
11442,1,0,0,0,0
11443,1,0,0,0,0
11444,1,0,0,0,0
11445,1,0,0,0,0
11446,1,0,0,0,0
11447,1,0,0,0,0
11448,1,0,0,0,0
11449,1,0,0,0,0
11450,1,0,0,0,0
11451,1,0,0,0,0
11452,1,0,0,0,0
11453,1,0,0,0,0
11454,1,0,0,0,0
11455,1,0,0,0,0
11456,1,0,0,0,0
11457,1,0,0,0,0
11458,1,0,0,0,0
11459,1,0,0,0,0
11460,1,0,0,0,0
11461,1,0,0,0,0
11462,1,0,0,0,0
11463,1,0,0,0,0
11464,1,0,0,0,0
11465,1,0,0,0,0
11466,1,0,0,0,0
11467,1,0,0,0,0
11468,1,0,0,0,0
11469,1,0,0,0,0
11470,1,0,0,0,0
11471,1,0,0,0,0
11472,1,0,0,0,0
11473,1,0,0,0,0
11474,1,0,0,0,0
11475,1,0,0,0,0
11476,1,0,0,0,0
11477,1,0,0,0,0
11478,1,0,0,0,0
11479,1,0,0,0,0
11480,1,0,0,0,0
11481,1,0,0,0,0
11482,1,0,0,0,0
11483,1,0,0,0,0
11484,1,0,0,0,0
11485,1,0,0,0,0
11486,1,0,0,0,0
11487,1,0,0,0,0
11488,1,0,0,0,0
11489,1,0,0,0,0
11490,1,0,0,0,0
11491,1,0,0,0,0
11492,1,0,0,0,0
11493,1,0,0,0,0
11494,1,0,0,0,0
11495,1,0,0,0,0
11496,1,0,0,0,0
11497,1,0,0,0,0
11498,1,0,0,0,0
11499,1,0,0,0,0
11500,1,0,0,0,0
11501,1,0,0,0,0
11502,1,0,0,0,0
11503,1,0,0,0,0
11504,1,0,0,0,0
11505,1,0,0,0,0
11506,1,0,0,0,0
11507,1,0,0,0,0
11508,1,0,0,0,0
11509,1,0,0,0,0
11510,1,0,0,0,0
11511,1,0,0,0,0
11512,1,0,0,0,0
11513,1,0,0,0,0
11514,1,0,0,0,0
11515,1,0,0,0,0
11516,1,0,0,0,0
11517,1,0,0,0,0
11518,1,0,0,0,0
11519,1,0,0,0,0
11520,1,0,0,0,0
11521,1,0,0,0,0
11522,1,0,0,0,0
11523,1,0,0,0,0
11524,1,0,0,0,0
11525,1,0,0,0,0
11526,1,0,0,0,0
11527,1,0,0,0,0
11528,1,0,0,0,0
11529,1,0,0,0,0
11530,1,0,0,0,0
11531,1,0,0,0,0
11532,1,0,0,0,0
11533,1,0,0,0,0
11534,1,0,0,0,0
11535,1,0,0,0,0
11536,1,0,0,0,0
11537,1,0,0,0,0
11538,1,0,0,0,0
11539,1,0,0,0,0
11540,1,0,0,0,0
11541,1,0,0,0,0
11542,1,0,0,0,0
11543,1,0,0,0,0
11544,1,0,0,0,0
11545,1,0,0,0,0
11546,1,0,0,0,0
11547,1,0,0,0,0
11548,1,0,0,0,0
11549,1,0,0,0,0
11550,1,0,0,0,0
11551,1,0,0,0,0
11552,1,0,0,0,0
11553,1,0,0,0,0
11554,1,0,0,0,0
11555,1,0,0,0,0
11556,1,0,0,0,0
11557,1,0,0,0,0
11558,1,0,0,0,0
11559,1,0,0,0,0
11560,1,0,0,0,0
11561,1,0,0,0,0
11562,1,0,0,0,0
11563,1,0,0,0,0
11564,1,0,0,0,0
11565,1,0,0,0,0
11566,1,0,0,0,0
11567,1,0,0,0,0
11568,1,0,0,0,0
11569,1,0,0,0,0
11570,1,0,0,0,0
11571,1,0,0,0,0
11572,1,0,0,0,0
11573,1,0,0,0,0
11574,1,0,0,0,0
11575,1,0,0,0,0
11576,1,0,0,0,0
11577,1,0,0,0,0
11578,1,0,0,0,0
11579,1,0,0,0,0
11580,1,0,0,0,0
11581,1,0,0,0,0
11582,1,0,0,0,0
11583,1,0,0,0,0
11584,1,0,0,0,0
11585,1,0,0,0,0
11586,1,0,0,0,0
11587,1,0,0,0,0
11588,1,0,0,0,0
11589,1,0,0,0,0
11590,1,0,0,0,0
11591,1,0,0,0,0
11592,1,0,0,0,0
11593,1,0,0,0,0
11594,1,0,0,0,0
11595,1,0,0,0,0
11596,1,0,0,0,0
11597,1,0,0,0,0
11598,1,0,0,0,0
11599,1,0,0,0,0
11600,1,0,0,0,0
11601,1,0,0,0,0
11602,1,0,0,0,0
11603,0,0,0,0,1
11604,0,0,0,0,1
11605,0,0,0,0,1
11606,0,0,0,0,1
11607,0,0,0,0,1
11608,0,0,0,0,1
11609,0,0,0,0,1
11610,0,0,0,0,1
11611,0,0,0,0,1
11612,0,0,0,0,1
11613,0,0,0,0,1
11614,0,0,0,0,1
11615,0,0,0,0,1
11616,0,0,0,0,1
11617,0,0,0,0,1
11618,0,0,0,0,1
11619,0,0,0,0,1
11620,0,0,0,0,1
11621,0,0,0,0,1
11622,0,0,0,0,1
11623,0,0,0,0,1
11624,0,0,0,0,1
11625,0,0,0,0,1
11626,0,0,0,0,1
11627,0,0,0,0,1
11628,0,0,0,0,1
11629,1,0,0,0,0
11630,1,0,0,0,0
11631,1,0,0,0,0
11632,1,0,0,0,0
11633,1,0,0,0,0
11634,1,0,0,0,0
11635,1,0,0,0,0
11636,1,0,0,0,0
11637,1,0,0,0,0
11638,1,0,0,0,0
11639,1,0,0,0,0
11640,1,0,0,0,0
11641,1,0,0,0,0
11642,1,0,0,0,0
11643,1,0,0,0,0
11644,1,0,0,0,0
11645,1,0,0,0,0
11646,1,0,0,0,0
11647,1,0,0,0,0
11648,1,0,0,0,0
11649,1,0,0,0,0
11650,1,0,0,0,0
11651,1,0,0,0,0
11652,1,0,0,0,0
11653,1,0,0,0,0
11654,1,0,0,0,0
11655,1,0,0,0,0
11656,1,0,0,0,0
11657,1,0,0,0,0
11658,1,0,0,0,0
11659,1,0,0,0,0
11660,1,0,0,0,0
11661,1,0,0,0,0
11662,1,0,0,0,0
11663,1,0,0,0,0
11664,1,0,0,0,0
11665,1,0,0,0,0
11666,1,0,0,0,0
11667,1,0,0,0,0
11668,1,0,0,0,0
11669,1,0,0,0,0
11670,1,0,0,0,0
11671,1,0,0,0,0
11672,1,0,0,0,0
11673,0,0,0,0,1
11674,0,0,0,0,1
11675,0,0,0,0,1
11676,0,0,0,0,1
11677,0,0,0,0,1
11678,0,0,0,0,1
11679,0,0,0,0,1
11680,0,0,0,0,1
11681,0,0,0,0,1
11682,0,0,0,0,1
11683,0,0,0,0,1
11684,0,0,0,0,1
11685,0,0,0,0,1
11686,0,0,0,0,1
11687,0,0,0,0,1
11688,0,0,0,0,1
11689,0,0,0,0,1
11690,0,0,0,0,1
11691,0,0,0,0,1
11692,0,0,0,0,1
11693,0,0,0,0,1
11694,0,0,0,0,1
11695,0,0,0,0,1
11696,0,0,0,0,1
11697,0,0,0,0,1
11698,0,0,0,0,1
11699,0,0,0,0,1
11700,0,0,0,0,1
11701,0,0,0,0,1
11702,0,0,0,0,1
11703,0,0,0,0,1
11704,0,0,0,0,1
11705,0,0,0,0,1
11706,0,0,0,0,1
11707,0,0,0,0,1
11708,0,0,0,0,1
11709,0,0,0,0,1
11710,0,0,0,0,1
11711,0,0,0,0,1
11712,0,0,0,0,1
11713,0,0,0,0,1
11714,0,0,0,0,1
11715,0,0,0,0,1
11716,0,0,0,0,1
11717,0,0,0,0,1
11718,1,0,0,0,0
11719,1,0,0,0,0
11720,1,0,0,0,0
11721,1,0,0,0,0
11722,1,0,0,0,0
11723,1,0,0,0,0
11724,1,0,0,0,0
11725,1,0,0,0,0
11726,1,0,0,0,0
11727,1,0,0,0,0
11728,1,0,0,0,0
11729,1,0,0,0,0
11730,1,0,0,0,0
11731,1,0,0,0,0
11732,1,0,0,0,0
11733,1,0,0,0,0
11734,1,0,0,0,0
11735,1,0,0,0,0
11736,1,0,0,0,0
11737,1,0,0,0,0
11738,1,0,0,0,0
11739,1,0,0,0,0
11740,1,0,0,0,0
11741,1,0,0,0,0
11742,1,0,0,0,0
11743,1,0,0,0,0
11744,1,0,0,0,0
11745,0,0,0,0,1
11746,0,0,0,0,1
11747,0,0,0,0,1
11748,0,0,0,0,1
11749,0,0,0,0,1
11750,0,0,0,0,1
11751,0,0,0,0,1
11752,0,0,0,0,1
11753,0,0,0,0,1
11754,0,0,0,0,1
11755,0,0,0,0,1
11756,0,0,0,0,1
11757,0,0,0,0,1
11758,0,0,0,0,1
11759,0,0,0,0,1
11760,0,0,0,0,1
11761,0,0,0,0,1
11762,0,0,0,0,1
11763,0,0,0,0,1
11764,0,0,0,0,1
11765,0,0,0,0,1
11766,0,0,0,0,1
11767,0,0,0,0,1
11768,0,0,0,0,1
11769,0,0,0,0,1
11770,0,0,0,0,1
11771,0,0,0,0,1
11772,0,0,0,0,1
11773,0,0,0,0,1
11774,0,0,0,0,1
11775,0,0,0,0,1
11776,0,0,0,0,1
11777,0,0,0,0,1
11778,0,0,0,0,1
11779,0,0,0,0,1
11780,0,0,0,0,1
11781,0,0,0,0,1
11782,0,0,0,0,1
11783,0,0,0,0,1
11784,0,0,0,0,1
11785,0,0,0,0,1
11786,0,0,0,0,1
11787,0,0,0,0,1
11788,0,0,0,0,1
11789,0,0,0,0,1
11790,0,0,0,0,1
11791,0,0,0,0,1
11792,0,0,0,0,1
11793,0,0,0,0,1
11794,0,0,0,0,1
11795,0,0,0,0,1
11796,0,0,0,0,1
11797,0,0,0,0,1
11798,0,0,0,0,1
11799,0,0,0,0,1
11800,0,0,0,0,1
11801,0,0,0,0,1
11802,0,0,0,0,1
11803,0,0,0,0,1
11804,0,0,0,0,1
11805,0,0,0,0,1
11806,0,0,0,0,1
11807,0,0,0,0,1
11808,1,0,0,0,0
11809,1,0,0,0,0
11810,1,0,0,0,0
11811,1,0,0,0,0
11812,1,0,0,0,0
11813,1,0,0,0,0
11814,1,0,0,0,0
11815,1,0,0,0,0
11816,1,0,0,0,0
11817,1,0,0,0,0
11818,1,0,0,0,0
11819,1,0,0,0,0
11820,1,0,0,0,0
11821,1,0,0,0,0
11822,1,0,0,0,0
11823,1,0,0,0,0
11824,1,0,0,0,0
11825,1,0,0,0,0
11826,1,0,0,0,0
11827,1,0,0,0,0
11828,1,0,0,0,0
11829,1,0,0,0,0
11830,1,0,0,0,0
11831,1,0,0,0,0
11832,1,0,0,0,0
11833,1,0,0,0,0
11834,1,0,0,0,0
11835,1,0,0,0,0
11836,1,0,0,0,0
11837,1,0,0,0,0
11838,1,0,0,0,0
11839,1,0,0,0,0
11840,1,0,0,0,0
11841,1,0,0,0,0
11842,1,0,0,0,0
11843,1,0,0,0,0
11844,1,0,0,0,0
11845,1,0,0,0,0
11846,1,0,0,0,0
11847,1,0,0,0,0
11848,1,0,0,0,0
11849,1,0,0,0,0
11850,1,0,0,0,0
11851,1,0,0,0,0
11852,1,0,0,0,0
11853,1,0,0,0,0
11854,1,0,0,0,0
11855,1,0,0,0,0
11856,1,0,0,0,0
11857,1,0,0,0,0
11858,1,0,0,0,0
11859,1,0,0,0,0
11860,0,0,0,0,1
11861,0,0,0,0,1
11862,0,0,0,0,1
11863,0,0,0,0,1
11864,0,0,0,0,1
11865,0,0,0,0,1
11866,0,0,0,0,1
11867,0,0,0,0,1
11868,0,0,0,0,1
11869,0,0,0,0,1
11870,0,0,0,0,1
11871,0,0,0,0,1
11872,0,0,0,0,1
11873,0,0,0,0,1
11874,0,0,0,0,1
11875,0,0,0,0,1
11876,0,0,0,0,1
11877,0,0,0,0,1
11878,0,0,0,0,1
11879,0,0,0,0,1
11880,0,0,0,0,1
11881,0,0,0,0,1
11882,0,0,0,0,1
11883,0,0,0,0,1
11884,0,0,0,0,1
11885,0,0,0,0,1
11886,0,0,0,0,1
11887,0,0,0,0,1
11888,0,0,0,0,1
11889,0,0,0,0,1
11890,0,0,0,0,1
11891,0,0,0,0,1
11892,0,0,0,0,1
11893,0,0,0,0,1
11894,0,0,0,0,1
11895,0,0,0,0,1
11896,0,0,0,0,1
11897,0,0,0,0,1
11898,0,0,0,0,1
11899,0,0,0,0,1
11900,0,0,0,0,1
11901,0,0,0,0,1
11902,0,0,0,0,1
11903,0,0,0,0,1
11904,0,0,0,0,1
11905,0,0,0,0,1
11906,0,0,0,0,1
11907,0,0,0,0,1
11908,0,0,0,0,1
11909,0,0,0,0,1
11910,0,0,0,0,1
11911,0,0,0,0,1
11912,0,0,0,0,1
11913,0,0,0,0,1
11914,0,0,0,0,1
11915,0,0,0,0,1
11916,0,0,0,0,1
11917,0,0,0,0,1
11918,0,0,0,0,1
11919,0,0,0,0,1
11920,1,0,0,0,0
11921,1,0,0,0,0
11922,1,0,0,0,0
11923,1,0,0,0,0
11924,1,0,0,0,0
11925,1,0,0,0,0
11926,1,0,0,0,0
11927,1,0,0,0,0
11928,1,0,0,0,0
11929,1,0,0,0,0
11930,1,0,0,0,0
11931,1,0,0,0,0
11932,1,0,0,0,0
11933,1,0,0,0,0
11934,1,0,0,0,0
11935,1,0,0,0,0
11936,1,0,0,0,0
11937,1,0,0,0,0
11938,1,0,0,0,0
11939,1,0,0,0,0
11940,1,0,0,0,0
11941,1,0,0,0,0
11942,1,0,0,0,0
11943,1,0,0,0,0
11944,1,0,0,0,0
11945,1,0,0,0,0
11946,1,0,0,0,0
11947,1,0,0,0,0
11948,1,0,0,0,0
11949,1,0,0,0,0
11950,1,0,0,0,0
11951,1,0,0,0,0
11952,1,0,0,0,0
11953,1,0,0,0,0
11954,1,0,0,0,0
11955,1,0,0,0,0
11956,1,0,0,0,0
11957,1,0,0,0,0
11958,1,0,0,0,0
11959,1,0,0,0,0
11960,1,0,0,0,0
11961,1,0,0,0,0
11962,1,0,0,0,0
11963,1,0,0,0,0
11964,1,0,0,0,0
11965,1,0,0,0,0
11966,1,0,0,0,0
11967,1,0,0,0,0
11968,1,0,0,0,0
11969,1,0,0,0,0
11970,1,0,0,0,0
11971,1,0,0,0,0
11972,1,0,0,0,0
11973,1,0,0,0,0
11974,1,0,0,0,0
11975,1,0,0,0,0
11976,1,0,0,0,0
11977,1,0,0,0,0
11978,1,0,0,0,0
11979,1,0,0,0,0
11980,1,0,0,0,0
11981,1,0,0,0,0
11982,1,0,0,0,0
11983,1,0,0,0,0
11984,1,0,0,0,0
11985,1,0,0,0,0
11986,1,0,0,0,0
11987,1,0,0,0,0
11988,1,0,0,0,0
11989,1,0,0,0,0
11990,1,0,0,0,0
11991,1,0,0,0,0
11992,1,0,0,0,0
11993,1,0,0,0,0
11994,1,0,0,0,0
11995,1,0,0,0,0
11996,1,0,0,0,0
11997,1,0,0,0,0
11998,1,0,0,0,0
11999,1,0,0,0,0
12000,1,0,0,0,0
12001,1,0,0,0,0
12002,1,0,0,0,0
12003,1,0,0,0,0
12004,1,0,0,0,0
12005,1,0,0,0,0
12006,1,0,0,0,0
12007,1,0,0,0,0
12008,1,0,0,0,0
12009,1,0,0,0,0
12010,1,0,0,0,0
12011,1,0,0,0,0
12012,1,0,0,0,0
12013,1,0,0,0,0
12014,1,0,0,0,0
12015,1,0,0,0,0
12016,1,0,0,0,0
12017,1,0,0,0,0
12018,1,0,0,0,0
12019,1,0,0,0,0
12020,1,0,0,0,0
12021,1,0,0,0,0
12022,1,0,0,0,0
12023,1,0,0,0,0
12024,1,0,0,0,0
12025,1,0,0,0,0
12026,1,0,0,0,0
12027,1,0,0,0,0
12028,1,0,0,0,0
12029,1,0,0,0,0
12030,1,0,0,0,0
12031,1,0,0,0,0
12032,1,0,0,0,0
12033,1,0,0,0,0
12034,1,0,0,0,0
12035,1,0,0,0,0
12036,1,0,0,0,0
12037,1,0,0,0,0
12038,1,0,0,0,0
12039,1,0,0,0,0
12040,1,0,0,0,0
12041,1,0,0,0,0
12042,1,0,0,0,0
12043,1,0,0,0,0
12044,1,0,0,0,0
12045,1,0,0,0,0
12046,1,0,0,0,0
12047,1,0,0,0,0
12048,1,0,0,0,0
12049,1,0,0,0,0
12050,1,0,0,0,0
12051,1,0,0,0,0
12052,1,0,0,0,0
12053,1,0,0,0,0
12054,1,0,0,0,0
12055,1,0,0,0,0
12056,1,0,0,0,0
12057,1,0,0,0,0
12058,1,0,0,0,0
12059,1,0,0,0,0
12060,1,0,0,0,0
12061,1,0,0,0,0
12062,1,0,0,0,0
12063,1,0,0,0,0
12064,1,0,0,0,0
12065,1,0,0,0,0
12066,1,0,0,0,0
12067,1,0,0,0,0
12068,1,0,0,0,0
12069,1,0,0,0,0
12070,1,0,0,0,0
12071,1,0,0,0,0
12072,1,0,0,0,0
12073,1,0,0,0,0
12074,1,0,0,0,0
12075,1,0,0,0,0
12076,1,0,0,0,0
12077,1,0,0,0,0
12078,1,0,0,0,0
12079,1,0,0,0,0
12080,1,0,0,0,0
12081,1,0,0,0,0
12082,1,0,0,0,0
12083,1,0,0,0,0
12084,1,0,0,0,0
12085,1,0,0,0,0
12086,1,0,0,0,0
12087,1,0,0,0,0
12088,1,0,0,0,0
12089,1,0,0,0,0
12090,1,0,0,0,0
12091,1,0,0,0,0
12092,1,0,0,0,0
12093,1,0,0,0,0
12094,1,0,0,0,0
12095,1,0,0,0,0
12096,1,0,0,0,0
12097,1,0,0,0,0
12098,1,0,0,0,0
12099,1,0,0,0,0
12100,1,0,0,0,0
12101,1,0,0,0,0
12102,1,0,0,0,0
12103,1,0,0,0,0
12104,1,0,0,0,0
12105,1,0,0,0,0
12106,1,0,0,0,0
12107,1,0,0,0,0
12108,1,0,0,0,0
12109,1,0,0,0,0
12110,1,0,0,0,0
12111,1,0,0,0,0
12112,1,0,0,0,0
12113,1,0,0,0,0
12114,1,0,0,0,0
12115,1,0,0,0,0
12116,1,0,0,0,0
12117,1,0,0,0,0
12118,1,0,0,0,0
12119,1,0,0,0,0
12120,1,0,0,0,0
12121,1,0,0,0,0
12122,1,0,0,0,0
12123,1,0,0,0,0
12124,1,0,0,0,0
12125,1,0,0,0,0
12126,1,0,0,0,0
12127,1,0,0,0,0
12128,1,0,0,0,0
12129,1,0,0,0,0
12130,1,0,0,0,0
12131,1,0,0,0,0
12132,1,0,0,0,0
12133,1,0,0,0,0
12134,1,0,0,0,0
12135,1,0,0,0,0
12136,1,0,0,0,0
12137,1,0,0,0,0
12138,0,0,0,0,1
12139,0,0,0,0,1
12140,0,0,0,0,1
12141,0,0,0,0,1
12142,0,0,0,0,1
12143,0,0,0,0,1
12144,0,0,0,0,1
12145,0,0,0,0,1
12146,0,0,0,0,1
12147,0,0,0,0,1
12148,0,0,0,0,1
12149,0,0,0,0,1
12150,0,0,0,0,1
12151,0,0,0,0,1
12152,0,0,0,0,1
12153,0,0,0,0,1
12154,0,0,0,0,1
12155,0,0,0,0,1
12156,0,0,0,0,1
12157,0,0,0,0,1
12158,0,0,0,0,1
12159,0,0,0,0,1
12160,0,0,0,0,1
12161,0,0,0,0,1
12162,0,0,0,0,1
12163,0,0,0,0,1
12164,0,0,0,0,1
12165,0,0,0,0,1
12166,0,0,0,0,1
12167,0,0,0,0,1
12168,0,0,0,0,1
12169,0,0,0,0,1
12170,0,0,0,0,1
12171,0,0,0,0,1
12172,0,0,0,0,1
12173,0,0,0,0,1
12174,0,0,0,0,1
12175,0,0,0,0,1
12176,0,0,0,0,1
12177,0,0,0,0,1
12178,0,0,0,0,1
12179,0,0,0,0,1
12180,0,0,0,0,1
12181,0,0,0,0,1
12182,0,0,0,0,1
12183,0,0,0,0,1
12184,0,0,0,0,1
12185,0,0,0,0,1
12186,0,0,0,0,1
12187,0,0,0,0,1
12188,0,0,0,0,1
12189,0,0,0,0,1
12190,0,0,0,0,1
12191,0,0,0,0,1
12192,0,0,0,0,1
12193,0,0,0,0,1
12194,0,0,0,0,1
12195,0,0,0,0,1
12196,1,0,0,0,0
12197,1,0,0,0,0
12198,1,0,0,0,0
12199,1,0,0,0,0
12200,1,0,0,0,0
12201,1,0,0,0,0
12202,1,0,0,0,0
12203,1,0,0,0,0
12204,1,0,0,0,0
12205,1,0,0,0,0
12206,1,0,0,0,0
12207,1,0,0,0,0
12208,1,0,0,0,0
12209,1,0,0,0,0
12210,1,0,0,0,0
12211,1,0,0,0,0
12212,1,0,0,0,0
12213,1,0,0,0,0
12214,1,0,0,0,0
12215,1,0,0,0,0
12216,1,0,0,0,0
12217,1,0,0,0,0
12218,1,0,0,0,0
12219,1,0,0,0,0
12220,1,0,0,0,0
12221,1,0,0,0,0
12222,1,0,0,0,0
12223,1,0,0,0,0
12224,1,0,0,0,0
12225,1,0,0,0,0
12226,1,0,0,0,0
12227,1,0,0,0,0
12228,1,0,0,0,0
12229,1,0,0,0,0
12230,1,0,0,0,0
12231,1,0,0,0,0
12232,1,0,0,0,0
12233,1,0,0,0,0
12234,1,0,0,0,0
12235,1,0,0,0,0
12236,1,0,0,0,0
12237,1,0,0,0,0
12238,1,0,0,0,0
12239,1,0,0,0,0
12240,1,0,0,0,0
12241,1,0,0,0,0
12242,1,0,0,0,0
12243,1,0,0,0,0
12244,1,0,0,0,0
12245,1,0,0,0,0
12246,1,0,0,0,0
12247,1,0,0,0,0
12248,1,0,0,0,0
12249,1,0,0,0,0
12250,1,0,0,0,0
12251,1,0,0,0,0
12252,1,0,0,0,0
12253,1,0,0,0,0
12254,1,0,0,0,0
12255,1,0,0,0,0
12256,1,0,0,0,0
12257,1,0,0,0,0
12258,1,0,0,0,0
12259,1,0,0,0,0
12260,1,0,0,0,0
12261,1,0,0,0,0
12262,1,0,0,0,0
12263,1,0,0,0,0
12264,1,0,0,0,0
12265,1,0,0,0,0
12266,1,0,0,0,0
12267,1,0,0,0,0
12268,1,0,0,0,0
12269,1,0,0,0,0
12270,1,0,0,0,0
12271,1,0,0,0,0
12272,1,0,0,0,0
12273,1,0,0,0,0
12274,1,0,0,0,0
12275,1,0,0,0,0
12276,1,0,0,0,0
12277,1,0,0,0,0
12278,1,0,0,0,0
12279,1,0,0,0,0
12280,1,0,0,0,0
12281,1,0,0,0,0
12282,1,0,0,0,0
12283,1,0,0,0,0
12284,1,0,0,0,0
12285,1,0,0,0,0
12286,1,0,0,0,0
12287,1,0,0,0,0
12288,1,0,0,0,0
12289,1,0,0,0,0
12290,1,0,0,0,0
12291,1,0,0,0,0
12292,1,0,0,0,0
12293,1,0,0,0,0
12294,1,0,0,0,0
12295,1,0,0,0,0
12296,1,0,0,0,0
12297,1,0,0,0,0
12298,1,0,0,0,0
12299,1,0,0,0,0
12300,1,0,0,0,0
12301,1,0,0,0,0
12302,1,0,0,0,0
12303,1,0,0,0,0
12304,1,0,0,0,0
12305,1,0,0,0,0
12306,1,0,0,0,0
12307,1,0,0,0,0
12308,1,0,0,0,0
12309,1,0,0,0,0
12310,1,0,0,0,0
12311,1,0,0,0,0
12312,1,0,0,0,0
12313,1,0,0,0,0
12314,1,0,0,0,0
12315,1,0,0,0,0
12316,1,0,0,0,0
12317,1,0,0,0,0
12318,1,0,0,0,0
12319,1,0,0,0,0
12320,1,0,0,0,0
12321,1,0,0,0,0
12322,1,0,0,0,0
12323,1,0,0,0,0
12324,1,0,0,0,0
12325,1,0,0,0,0
12326,1,0,0,0,0
12327,1,0,0,0,0
12328,1,0,0,0,0
12329,1,0,0,0,0
12330,1,0,0,0,0
12331,1,0,0,0,0
12332,1,0,0,0,0
12333,1,0,0,0,0
12334,1,0,0,0,0
12335,1,0,0,0,0
12336,0,0,0,0,1
12337,0,0,0,0,1
12338,0,0,0,0,1
12339,0,0,0,0,1
12340,0,0,0,0,1
12341,0,0,0,0,1
12342,0,0,0,0,1
12343,0,0,0,0,1
12344,0,0,0,0,1
12345,0,0,0,0,1
12346,0,0,0,0,1
12347,0,0,0,0,1
12348,0,0,0,0,1
12349,0,0,0,0,1
12350,0,0,0,0,1
12351,0,0,0,0,1
12352,0,0,0,0,1
12353,0,0,0,0,1
12354,0,0,0,0,1
12355,0,0,0,0,1
12356,0,0,0,0,1
12357,0,0,0,0,1
12358,0,0,0,0,1
12359,0,0,0,0,1
12360,1,0,0,0,0
12361,1,0,0,0,0
12362,1,0,0,0,0
12363,1,0,0,0,0
12364,1,0,0,0,0
12365,1,0,0,0,0
12366,1,0,0,0,0
12367,1,0,0,0,0
12368,1,0,0,0,0
12369,1,0,0,0,0
12370,1,0,0,0,0
12371,1,0,0,0,0
12372,1,0,0,0,0
12373,1,0,0,0,0
12374,1,0,0,0,0
12375,1,0,0,0,0
12376,1,0,0,0,0
12377,0,0,0,0,1
12378,0,0,0,0,1
12379,0,0,0,0,1
12380,0,0,0,0,1
12381,0,0,0,0,1
12382,0,0,0,0,1
12383,0,0,0,0,1
12384,0,0,0,0,1
12385,0,0,0,0,1
12386,0,0,0,0,1
12387,0,0,0,0,1
12388,0,0,0,0,1
12389,0,0,0,0,1
12390,0,0,0,0,1
12391,0,0,0,0,1
12392,0,0,0,0,1
12393,0,0,0,0,1
12394,0,0,0,0,1
12395,0,0,0,0,1
12396,0,0,0,0,1
12397,0,0,0,0,1
12398,0,0,0,0,1
12399,1,0,0,0,0
12400,1,0,0,0,0
12401,1,0,0,0,0
12402,1,0,0,0,0
12403,1,0,0,0,0
12404,1,0,0,0,0
12405,1,0,0,0,0
12406,1,0,0,0,0
12407,1,0,0,0,0
12408,1,0,0,0,0
12409,1,0,0,0,0
12410,1,0,0,0,0
12411,1,0,0,0,0
12412,1,0,0,0,0
12413,1,0,0,0,0
12414,1,0,0,0,0
12415,1,0,0,0,0
12416,1,0,0,0,0
12417,1,0,0,0,0
12418,1,0,0,0,0
12419,1,0,0,0,0
12420,1,0,0,0,0
12421,1,0,0,0,0
12422,1,0,0,0,0
12423,1,0,0,0,0
12424,1,0,0,0,0
12425,1,0,0,0,0
12426,1,0,0,0,0
12427,1,0,0,0,0
12428,1,0,0,0,0
12429,1,0,0,0,0
12430,1,0,0,0,0
12431,1,0,0,0,0
12432,1,0,0,0,0
12433,1,0,0,0,0
12434,1,0,0,0,0
12435,1,0,0,0,0
12436,1,0,0,0,0
12437,1,0,0,0,0
12438,1,0,0,0,0
12439,1,0,0,0,0
12440,1,0,0,0,0
12441,1,0,0,0,0
12442,1,0,0,0,0
12443,1,0,0,0,0
12444,1,0,0,0,0
12445,1,0,0,0,0
12446,1,0,0,0,0
12447,1,0,0,0,0
12448,1,0,0,0,0
12449,1,0,0,0,0
12450,1,0,0,0,0
12451,1,0,0,0,0
12452,1,0,0,0,0
12453,1,0,0,0,0
12454,1,0,0,0,0
12455,1,0,0,0,0
12456,1,0,0,0,0
12457,1,0,0,0,0
12458,1,0,0,0,0
12459,1,0,0,0,0
12460,1,0,0,0,0
12461,1,0,0,0,0
12462,1,0,0,0,0
12463,1,0,0,0,0
12464,1,0,0,0,0
12465,1,0,0,0,0
12466,1,0,0,0,0
12467,1,0,0,0,0
12468,1,0,0,0,0
12469,1,0,0,0,0
12470,1,0,0,0,0
12471,1,0,0,0,0
12472,1,0,0,0,0
12473,1,0,0,0,0
12474,1,0,0,0,0
12475,1,0,0,0,0
12476,1,0,0,0,0
12477,1,0,0,0,0
12478,1,0,0,0,0
12479,1,0,0,0,0
12480,0,0,0,0,1
12481,0,0,0,0,1
12482,0,0,0,0,1
12483,0,0,0,0,1
12484,0,0,0,0,1
12485,0,0,0,0,1
12486,0,0,0,0,1
12487,0,0,0,0,1
12488,0,0,0,0,1
12489,0,0,0,0,1
12490,0,0,0,0,1
12491,0,0,0,0,1
12492,0,0,0,0,1
12493,0,0,0,0,1
12494,0,0,0,0,1
12495,0,0,0,0,1
12496,0,0,0,0,1
12497,0,0,0,0,1
12498,0,0,0,0,1
12499,0,0,0,0,1
12500,0,0,0,0,1
12501,0,0,0,0,1
12502,0,0,0,0,1
12503,0,0,0,0,1
12504,0,0,0,0,1
12505,0,0,0,0,1
12506,0,0,0,0,1
12507,0,0,0,0,1
12508,0,0,0,0,1
12509,0,0,0,0,1
12510,0,0,0,0,1
12511,0,0,0,0,1
12512,0,0,0,0,1
12513,0,0,0,0,1
12514,0,0,0,0,1
12515,0,0,0,0,1
12516,1,0,0,0,0
12517,1,0,0,0,0
12518,1,0,0,0,0
12519,1,0,0,0,0
12520,1,0,0,0,0
12521,1,0,0,0,0
12522,1,0,0,0,0
12523,1,0,0,0,0
12524,1,0,0,0,0
12525,1,0,0,0,0
12526,1,0,0,0,0
12527,1,0,0,0,0
12528,1,0,0,0,0
12529,1,0,0,0,0
12530,1,0,0,0,0
12531,1,0,0,0,0
12532,1,0,0,0,0
12533,1,0,0,0,0
12534,1,0,0,0,0
12535,1,0,0,0,0
12536,1,0,0,0,0
12537,1,0,0,0,0
12538,1,0,0,0,0
12539,1,0,0,0,0
12540,1,0,0,0,0
12541,1,0,0,0,0
12542,1,0,0,0,0
12543,1,0,0,0,0
12544,1,0,0,0,0
12545,1,0,0,0,0
12546,1,0,0,0,0
12547,1,0,0,0,0
12548,1,0,0,0,0
12549,1,0,0,0,0
12550,0,0,0,0,1
12551,0,0,0,0,1
12552,0,0,0,0,1
12553,0,0,0,0,1
12554,0,0,0,0,1
12555,0,0,0,0,1
12556,0,0,0,0,1
12557,0,0,0,0,1
12558,0,0,0,0,1
12559,0,0,0,0,1
12560,0,0,0,0,1
12561,0,0,0,0,1
12562,0,0,0,0,1
12563,0,0,0,0,1
12564,0,0,0,0,1
12565,0,0,0,0,1
12566,0,0,0,0,1
12567,0,0,0,0,1
12568,0,0,0,0,1
12569,0,0,0,0,1
12570,0,0,0,0,1
12571,0,0,0,0,1
12572,0,0,0,0,1
12573,0,0,0,0,1
12574,0,0,0,0,1
12575,0,0,0,0,1
12576,0,0,0,0,1
12577,0,0,0,0,1
12578,0,0,0,0,1
12579,0,0,0,0,1
12580,0,0,0,0,1
12581,0,0,0,0,1
12582,0,0,0,0,1
12583,0,0,0,0,1
12584,0,0,0,0,1
12585,0,0,0,0,1
12586,0,0,0,0,1
12587,0,0,0,0,1
12588,0,0,0,0,1
12589,0,0,0,0,1
12590,0,0,0,0,1
12591,0,0,0,0,1
12592,0,0,0,0,1
12593,0,0,0,0,1
12594,0,0,0,0,1
12595,0,0,0,0,1
12596,0,0,0,0,1
12597,0,0,0,0,1
12598,0,0,0,0,1
12599,0,0,0,0,1
12600,0,0,0,0,1
12601,0,0,0,0,1
12602,0,0,0,0,1
12603,0,0,0,0,1
12604,0,0,0,0,1
12605,0,0,0,0,1
12606,0,0,0,0,1
12607,0,0,0,0,1
12608,0,0,0,0,1
12609,0,0,0,0,1
12610,0,0,0,0,1
12611,0,0,0,0,1
12612,0,0,0,0,1
12613,0,0,0,0,1
12614,0,0,0,0,1
12615,0,0,0,0,1
12616,0,0,0,0,1
12617,0,0,0,0,1
12618,0,0,0,0,1
12619,0,0,0,0,1
12620,0,0,0,0,1
12621,0,0,0,0,1
12622,0,0,0,0,1
12623,0,0,0,0,1
12624,0,0,0,0,1
12625,0,0,0,0,1
12626,0,0,0,0,1
12627,0,0,0,0,1
12628,0,0,0,0,1
12629,0,0,0,0,1
12630,0,0,0,0,1
12631,0,0,0,0,1
12632,0,0,0,0,1
12633,0,0,0,0,1
12634,0,0,0,0,1
12635,0,0,0,0,1
12636,0,0,0,0,1
12637,0,0,0,0,1
12638,0,0,0,0,1
12639,0,0,0,0,1
12640,0,0,0,0,1
12641,1,0,0,0,0
12642,1,0,0,0,0
12643,1,0,0,0,0
12644,1,0,0,0,0
12645,1,0,0,0,0
12646,1,0,0,0,0
12647,1,0,0,0,0
12648,1,0,0,0,0
12649,1,0,0,0,0
12650,1,0,0,0,0
12651,1,0,0,0,0
12652,1,0,0,0,0
12653,1,0,0,0,0
12654,1,0,0,0,0
12655,1,0,0,0,0
12656,1,0,0,0,0
12657,1,0,0,0,0
12658,1,0,0,0,0
12659,1,0,0,0,0
12660,1,0,0,0,0
12661,1,0,0,0,0
12662,1,0,0,0,0
12663,1,0,0,0,0
12664,1,0,0,0,0
12665,1,0,0,0,0
12666,1,0,0,0,0
12667,1,0,0,0,0
12668,1,0,0,0,0
12669,1,0,0,0,0
12670,1,0,0,0,0
12671,1,0,0,0,0
12672,1,0,0,0,0
12673,1,0,0,0,0
12674,1,0,0,0,0
12675,1,0,0,0,0
12676,1,0,0,0,0
12677,1,0,0,0,0
12678,1,0,0,0,0
12679,1,0,0,0,0
12680,1,0,0,0,0
12681,1,0,0,0,0
12682,1,0,0,0,0
12683,1,0,0,0,0
12684,1,0,0,0,0
12685,1,0,0,0,0
12686,1,0,0,0,0
12687,1,0,0,0,0
12688,1,0,0,0,0
12689,1,0,0,0,0
12690,1,0,0,0,0
12691,1,0,0,0,0
12692,1,0,0,0,0
12693,1,0,0,0,0
12694,1,0,0,0,0
12695,1,0,0,0,0
12696,1,0,0,0,0
12697,1,0,0,0,0
12698,1,0,0,0,0
12699,1,0,0,0,0
12700,1,0,0,0,0
12701,1,0,0,0,0
12702,1,0,0,0,0
12703,1,0,0,0,0
12704,1,0,0,0,0
12705,1,0,0,0,0
12706,1,0,0,0,0
12707,1,0,0,0,0
12708,1,0,0,0,0
12709,1,0,0,0,0
12710,1,0,0,0,0
12711,1,0,0,0,0
12712,1,0,0,0,0
12713,1,0,0,0,0
12714,1,0,0,0,0
12715,1,0,0,0,0
12716,1,0,0,0,0
12717,1,0,0,0,0
12718,1,0,0,0,0
12719,1,0,0,0,0
12720,1,0,0,0,0
12721,1,0,0,0,0
12722,1,0,0,0,0
12723,1,0,0,0,0
12724,1,0,0,0,0
12725,1,0,0,0,0
12726,1,0,0,0,0
12727,1,0,0,0,0
12728,1,0,0,0,0
12729,1,0,0,0,0
12730,1,0,0,0,0
12731,1,0,0,0,0
12732,1,0,0,0,0
12733,1,0,0,0,0
12734,1,0,0,0,0
12735,1,0,0,0,0
12736,1,0,0,0,0
12737,1,0,0,0,0
12738,1,0,0,0,0
12739,1,0,0,0,0
12740,1,0,0,0,0
12741,1,0,0,0,0
12742,1,0,0,0,0
12743,1,0,0,0,0
12744,1,0,0,0,0
12745,1,0,0,0,0
12746,1,0,0,0,0
12747,1,0,0,0,0
12748,1,0,0,0,0
12749,1,0,0,0,0
12750,1,0,0,0,0
12751,1,0,0,0,0
12752,1,0,0,0,0
12753,1,0,0,0,0
12754,1,0,0,0,0
12755,1,0,0,0,0
12756,1,0,0,0,0
12757,1,0,0,0,0
12758,1,0,0,0,0
12759,1,0,0,0,0
12760,1,0,0,0,0
12761,1,0,0,0,0
12762,1,0,0,0,0
12763,1,0,0,0,0
12764,1,0,0,0,0
12765,1,0,0,0,0
12766,1,0,0,0,0
12767,1,0,0,0,0
12768,1,0,0,0,0
12769,1,0,0,0,0
12770,1,0,0,0,0
12771,1,0,0,0,0
12772,1,0,0,0,0
12773,1,0,0,0,0
12774,1,0,0,0,0
12775,1,0,0,0,0
12776,1,0,0,0,0
12777,1,0,0,0,0
12778,1,0,0,0,0
12779,1,0,0,0,0
12780,1,0,0,0,0
12781,1,0,0,0,0
12782,1,0,0,0,0
12783,1,0,0,0,0
12784,1,0,0,0,0
12785,1,0,0,0,0
12786,1,0,0,0,0
12787,1,0,0,0,0
12788,1,0,0,0,0
12789,1,0,0,0,0
12790,1,0,0,0,0
12791,1,0,0,0,0
12792,1,0,0,0,0
12793,1,0,0,0,0
12794,1,0,0,0,0
12795,1,0,0,0,0
12796,1,0,0,0,0
12797,1,0,0,0,0
12798,1,0,0,0,0
12799,1,0,0,0,0
12800,1,0,0,0,0
12801,1,0,0,0,0
12802,1,0,0,0,0
12803,1,0,0,0,0
12804,1,0,0,0,0
12805,1,0,0,0,0
12806,1,0,0,0,0
12807,0,0,0,0,1
12808,0,0,0,0,1
12809,0,0,0,0,1
12810,0,0,0,0,1
12811,0,0,0,0,1
12812,0,0,0,0,1
12813,0,0,0,0,1
12814,0,0,0,0,1
12815,0,0,0,0,1
12816,0,0,0,0,1
12817,0,0,0,0,1
12818,0,0,0,0,1
12819,0,0,0,0,1
12820,0,0,0,0,1
12821,0,0,0,0,1
12822,0,0,0,0,1
12823,0,0,0,0,1
12824,0,0,0,0,1
12825,0,0,0,0,1
12826,0,0,0,0,1
12827,0,0,0,0,1
12828,0,0,0,0,1
12829,0,0,0,0,1
12830,0,0,0,0,1
12831,0,0,0,0,1
12832,0,0,0,0,1
12833,0,0,0,0,1
12834,0,0,0,0,1
12835,0,0,0,0,1
12836,0,0,0,0,1
12837,0,0,0,0,1
12838,0,0,0,0,1
12839,0,0,0,0,1
12840,0,0,0,0,1
12841,1,0,0,0,0
12842,1,0,0,0,0
12843,1,0,0,0,0
12844,1,0,0,0,0
12845,1,0,0,0,0
12846,1,0,0,0,0
12847,1,0,0,0,0
12848,1,0,0,0,0
12849,1,0,0,0,0
12850,1,0,0,0,0
12851,1,0,0,0,0
12852,1,0,0,0,0
12853,1,0,0,0,0
12854,1,0,0,0,0
12855,1,0,0,0,0
12856,1,0,0,0,0
12857,1,0,0,0,0
12858,1,0,0,0,0
12859,1,0,0,0,0
12860,1,0,0,0,0
12861,1,0,0,0,0
12862,1,0,0,0,0
12863,1,0,0,0,0
12864,1,0,0,0,0
12865,1,0,0,0,0
12866,1,0,0,0,0
12867,1,0,0,0,0
12868,1,0,0,0,0
12869,1,0,0,0,0
12870,1,0,0,0,0
12871,1,0,0,0,0
12872,1,0,0,0,0
12873,1,0,0,0,0
12874,1,0,0,0,0
12875,1,0,0,0,0
12876,1,0,0,0,0
12877,1,0,0,0,0
12878,1,0,0,0,0
12879,1,0,0,0,0
12880,1,0,0,0,0
12881,1,0,0,0,0
12882,1,0,0,0,0
12883,0,0,0,0,1
12884,0,0,0,0,1
12885,0,0,0,0,1
12886,0,0,0,0,1
12887,0,0,0,0,1
12888,0,0,0,0,1
12889,0,0,0,0,1
12890,0,0,0,0,1
12891,0,0,0,0,1
12892,0,0,0,0,1
12893,0,0,0,0,1
12894,0,0,0,0,1
12895,0,0,0,0,1
12896,0,0,0,0,1
12897,0,0,0,0,1
12898,0,0,0,0,1
12899,0,0,0,0,1
12900,0,0,0,0,1
12901,0,0,0,0,1
12902,0,0,0,0,1
12903,0,0,0,0,1
12904,0,0,0,0,1
12905,0,0,0,0,1
12906,0,0,0,0,1
12907,0,0,0,0,1
12908,0,0,0,0,1
12909,0,0,0,0,1
12910,0,0,0,0,1
12911,0,0,0,0,1
12912,0,0,0,0,1
12913,0,0,0,0,1
12914,0,0,0,0,1
12915,0,0,0,0,1
12916,0,0,0,0,1
12917,0,0,0,0,1
12918,0,0,0,0,1
12919,0,0,0,0,1
12920,0,0,0,0,1
12921,0,0,0,0,1
12922,0,0,0,0,1
12923,0,0,0,0,1
12924,0,0,0,0,1
12925,0,0,0,0,1
12926,0,0,0,0,1
12927,0,0,0,0,1
12928,0,0,0,0,1
12929,0,0,0,0,1
12930,0,0,0,0,1
12931,0,0,0,0,1
12932,0,0,0,0,1
12933,0,0,0,0,1
12934,0,0,0,0,1
12935,0,0,0,0,1
12936,0,0,0,0,1
12937,0,0,0,0,1
12938,0,0,0,0,1
12939,0,0,0,0,1
12940,0,0,0,0,1
12941,0,0,0,0,1
12942,0,0,0,0,1
12943,0,0,0,0,1
12944,0,0,0,0,1
12945,0,0,0,0,1
12946,0,0,0,0,1
12947,0,0,0,0,1
12948,0,0,0,0,1
12949,0,0,0,0,1
12950,0,0,0,0,1
12951,0,0,0,0,1
12952,0,0,0,0,1
12953,0,0,0,0,1
12954,0,0,0,0,1
12955,1,0,0,0,0
12956,1,0,0,0,0
12957,1,0,0,0,0
12958,1,0,0,0,0
12959,1,0,0,0,0
12960,1,0,0,0,0
12961,1,0,0,0,0
12962,1,0,0,0,0
12963,1,0,0,0,0
12964,1,0,0,0,0
12965,1,0,0,0,0
12966,1,0,0,0,0
12967,1,0,0,0,0
12968,1,0,0,0,0
12969,1,0,0,0,0
12970,1,0,0,0,0
12971,1,0,0,0,0
12972,1,0,0,0,0
12973,1,0,0,0,0
12974,1,0,0,0,0
12975,1,0,0,0,0
12976,1,0,0,0,0
12977,0,1,0,0,0
12978,0,1,0,0,0
12979,0,1,0,0,0
12980,0,1,0,0,0
12981,0,1,0,0,0
12982,0,1,0,0,0
12983,0,1,0,0,0
12984,0,1,0,0,0
12985,0,1,0,0,0
12986,0,1,0,0,0
12987,0,1,0,0,0
12988,0,1,0,0,0
12989,0,1,0,0,0
12990,0,1,0,0,0
12991,0,1,0,0,0
12992,0,1,0,0,0
12993,0,1,0,0,0
12994,0,1,0,0,0
12995,0,1,0,0,0
12996,0,1,0,0,0
12997,0,1,0,0,0
12998,0,1,0,0,0
12999,0,1,0,0,0
13000,0,1,0,0,0
13001,0,1,0,0,0
13002,0,1,0,0,0
13003,0,1,0,0,0
13004,0,1,0,0,0
13005,0,1,0,0,0
13006,0,1,0,0,0
13007,0,1,0,0,0
13008,0,1,0,0,0
13009,0,1,0,0,0
13010,0,1,0,0,0
13011,0,1,0,0,0
13012,0,1,0,0,0
13013,0,1,0,0,0
13014,0,1,0,0,0
13015,0,1,0,0,0
13016,0,1,0,0,0
13017,0,1,0,0,0
13018,0,1,0,0,0
13019,0,1,0,0,0
13020,0,1,0,0,0
13021,0,1,0,0,0
13022,0,1,0,0,0
13023,0,1,0,0,0
13024,0,1,0,0,0
13025,0,1,0,0,0
13026,0,1,0,0,0
13027,0,1,0,0,0
13028,0,1,0,0,0
13029,0,1,0,0,0
13030,0,1,0,0,0
13031,0,1,0,0,0
13032,0,1,0,0,0
13033,0,1,0,0,0
13034,0,1,0,0,0
13035,0,1,0,0,0
13036,0,1,0,0,0
13037,0,1,0,0,0
13038,0,1,0,0,0
13039,0,1,0,0,0
13040,1,0,0,0,0
13041,1,0,0,0,0
13042,1,0,0,0,0
13043,1,0,0,0,0
13044,1,0,0,0,0
13045,1,0,0,0,0
13046,1,0,0,0,0
13047,1,0,0,0,0
13048,1,0,0,0,0
13049,1,0,0,0,0
13050,1,0,0,0,0
13051,1,0,0,0,0
13052,1,0,0,0,0
13053,1,0,0,0,0
13054,1,0,0,0,0
13055,1,0,0,0,0
13056,1,0,0,0,0
13057,1,0,0,0,0
13058,1,0,0,0,0
13059,1,0,0,0,0
13060,1,0,0,0,0
13061,1,0,0,0,0
13062,1,0,0,0,0
13063,1,0,0,0,0
13064,1,0,0,0,0
13065,1,0,0,0,0
13066,1,0,0,0,0
13067,1,0,0,0,0
13068,1,0,0,0,0
13069,1,0,0,0,0
13070,1,0,0,0,0
13071,1,0,0,0,0
13072,1,0,0,0,0
13073,1,0,0,0,0
13074,1,0,0,0,0
13075,1,0,0,0,0
13076,1,0,0,0,0
13077,1,0,0,0,0
13078,1,0,0,0,0
13079,1,0,0,0,0
13080,1,0,0,0,0
13081,1,0,0,0,0
13082,1,0,0,0,0
13083,1,0,0,0,0
13084,1,0,0,0,0
13085,1,0,0,0,0
13086,1,0,0,0,0
13087,1,0,0,0,0
13088,1,0,0,0,0
13089,1,0,0,0,0
13090,1,0,0,0,0
13091,1,0,0,0,0
13092,1,0,0,0,0
13093,1,0,0,0,0
13094,1,0,0,0,0
13095,1,0,0,0,0
13096,1,0,0,0,0
13097,1,0,0,0,0
13098,1,0,0,0,0
13099,1,0,0,0,0
13100,1,0,0,0,0
13101,1,0,0,0,0
13102,1,0,0,0,0
13103,1,0,0,0,0
13104,1,0,0,0,0
13105,1,0,0,0,0
13106,1,0,0,0,0
13107,1,0,0,0,0
13108,1,0,0,0,0
13109,1,0,0,0,0
13110,1,0,0,0,0
13111,1,0,0,0,0
13112,1,0,0,0,0
13113,1,0,0,0,0
13114,1,0,0,0,0
13115,1,0,0,0,0
13116,1,0,0,0,0
13117,1,0,0,0,0
13118,1,0,0,0,0
13119,1,0,0,0,0
13120,1,0,0,0,0
13121,1,0,0,0,0
13122,1,0,0,0,0
13123,1,0,0,0,0
13124,1,0,0,0,0
13125,1,0,0,0,0
13126,1,0,0,0,0
13127,1,0,0,0,0
13128,1,0,0,0,0
13129,1,0,0,0,0
13130,1,0,0,0,0
13131,1,0,0,0,0
13132,1,0,0,0,0
13133,1,0,0,0,0
13134,1,0,0,0,0
13135,1,0,0,0,0
13136,1,0,0,0,0
13137,1,0,0,0,0
13138,1,0,0,0,0
13139,1,0,0,0,0
13140,1,0,0,0,0
13141,1,0,0,0,0
13142,1,0,0,0,0
13143,1,0,0,0,0
13144,1,0,0,0,0
13145,1,0,0,0,0
13146,1,0,0,0,0
13147,1,0,0,0,0
13148,1,0,0,0,0
13149,1,0,0,0,0
13150,1,0,0,0,0
13151,1,0,0,0,0
13152,1,0,0,0,0
13153,1,0,0,0,0
13154,1,0,0,0,0
13155,1,0,0,0,0
13156,1,0,0,0,0
13157,1,0,0,0,0
13158,1,0,0,0,0
13159,1,0,0,0,0
13160,1,0,0,0,0
13161,1,0,0,0,0
13162,1,0,0,0,0
13163,1,0,0,0,0
13164,1,0,0,0,0
13165,1,0,0,0,0
13166,1,0,0,0,0
13167,1,0,0,0,0
13168,1,0,0,0,0
13169,1,0,0,0,0
13170,1,0,0,0,0
13171,1,0,0,0,0
13172,1,0,0,0,0
13173,1,0,0,0,0
13174,1,0,0,0,0
13175,1,0,0,0,0
13176,1,0,0,0,0
13177,1,0,0,0,0
13178,1,0,0,0,0
13179,1,0,0,0,0
13180,1,0,0,0,0
13181,1,0,0,0,0
13182,1,0,0,0,0
13183,1,0,0,0,0
13184,1,0,0,0,0
13185,1,0,0,0,0
13186,1,0,0,0,0
13187,1,0,0,0,0
13188,1,0,0,0,0
13189,1,0,0,0,0
13190,1,0,0,0,0
13191,1,0,0,0,0
13192,1,0,0,0,0
13193,1,0,0,0,0
13194,1,0,0,0,0
13195,1,0,0,0,0
13196,1,0,0,0,0
13197,1,0,0,0,0
13198,0,0,0,0,1
13199,0,0,0,0,1
13200,0,0,0,0,1
13201,0,0,0,0,1
13202,0,0,0,0,1
13203,0,0,0,0,1
13204,0,0,0,0,1
13205,0,0,0,0,1
13206,0,0,0,0,1
13207,0,0,0,0,1
13208,0,0,0,0,1
13209,0,0,0,0,1
13210,0,0,0,0,1
13211,0,0,0,0,1
13212,0,0,0,0,1
13213,0,0,0,0,1
13214,0,0,0,0,1
13215,0,0,0,0,1
13216,0,0,0,0,1
13217,0,0,0,0,1
13218,0,0,0,0,1
13219,0,0,0,0,1
13220,0,0,0,0,1
13221,0,0,0,0,1
13222,1,0,0,0,0
13223,1,0,0,0,0
13224,1,0,0,0,0
13225,1,0,0,0,0
13226,1,0,0,0,0
13227,0,0,0,0,1
13228,0,0,0,0,1
13229,0,0,0,0,1
13230,0,0,0,0,1
13231,0,0,0,0,1
13232,0,0,0,0,1
13233,0,0,0,0,1
13234,0,0,0,0,1
13235,0,0,0,0,1
13236,0,0,0,0,1
13237,0,0,0,0,1
13238,0,0,0,0,1
13239,0,0,0,0,1
13240,0,0,0,0,1
13241,0,0,0,0,1
13242,0,0,0,0,1
13243,0,0,0,0,1
13244,0,0,0,0,1
13245,0,0,0,0,1
13246,0,0,0,0,1
13247,0,0,0,0,1
13248,0,0,0,0,1
13249,0,0,0,0,1
13250,0,0,0,0,1
13251,0,0,0,0,1
13252,0,0,0,0,1
13253,0,0,0,0,1
13254,0,0,0,0,1
13255,0,0,0,0,1
13256,0,0,0,0,1
13257,0,0,0,0,1
13258,0,0,0,0,1
13259,0,0,0,0,1
13260,0,0,0,0,1
13261,0,0,0,0,1
13262,0,0,0,0,1
13263,0,0,0,0,1
13264,0,0,0,0,1
13265,0,0,0,0,1
13266,0,0,0,0,1
13267,0,0,0,0,1
13268,0,0,0,0,1
13269,0,0,0,0,1
13270,0,0,0,0,1
13271,0,0,0,0,1
13272,0,0,0,0,1
13273,0,0,0,0,1
13274,0,0,0,0,1
13275,0,0,0,0,1
13276,0,0,0,0,1
13277,0,0,0,0,1
13278,0,0,0,0,1
13279,0,0,0,0,1
13280,1,0,0,0,0
13281,1,0,0,0,0
13282,1,0,0,0,0
13283,1,0,0,0,0
13284,1,0,0,0,0
13285,1,0,0,0,0
13286,1,0,0,0,0
13287,1,0,0,0,0
13288,1,0,0,0,0
13289,1,0,0,0,0
13290,1,0,0,0,0
13291,1,0,0,0,0
13292,1,0,0,0,0
13293,1,0,0,0,0
13294,1,0,0,0,0
13295,1,0,0,0,0
13296,1,0,0,0,0
13297,1,0,0,0,0
13298,1,0,0,0,0
13299,1,0,0,0,0
13300,1,0,0,0,0
13301,1,0,0,0,0
13302,1,0,0,0,0
13303,1,0,0,0,0
13304,1,0,0,0,0
13305,1,0,0,0,0
13306,1,0,0,0,0
13307,1,0,0,0,0
13308,1,0,0,0,0
13309,1,0,0,0,0
13310,1,0,0,0,0
13311,1,0,0,0,0
13312,1,0,0,0,0
13313,1,0,0,0,0
13314,1,0,0,0,0
13315,1,0,0,0,0
13316,1,0,0,0,0
13317,1,0,0,0,0
13318,1,0,0,0,0
13319,1,0,0,0,0
13320,1,0,0,0,0
13321,1,0,0,0,0
13322,1,0,0,0,0
13323,1,0,0,0,0
13324,1,0,0,0,0
13325,1,0,0,0,0
13326,1,0,0,0,0
13327,1,0,0,0,0
13328,1,0,0,0,0
13329,1,0,0,0,0
13330,1,0,0,0,0
13331,1,0,0,0,0
13332,1,0,0,0,0
13333,1,0,0,0,0
13334,1,0,0,0,0
13335,1,0,0,0,0
13336,1,0,0,0,0
13337,1,0,0,0,0
13338,1,0,0,0,0
13339,1,0,0,0,0
13340,1,0,0,0,0
13341,1,0,0,0,0
13342,1,0,0,0,0
13343,1,0,0,0,0
13344,1,0,0,0,0
13345,1,0,0,0,0
13346,1,0,0,0,0
13347,1,0,0,0,0
13348,1,0,0,0,0
13349,1,0,0,0,0
13350,1,0,0,0,0
13351,1,0,0,0,0
13352,1,0,0,0,0
13353,1,0,0,0,0
13354,1,0,0,0,0
13355,1,0,0,0,0
13356,1,0,0,0,0
13357,1,0,0,0,0
13358,1,0,0,0,0
13359,1,0,0,0,0
13360,1,0,0,0,0
13361,1,0,0,0,0
13362,1,0,0,0,0
13363,1,0,0,0,0
13364,1,0,0,0,0
13365,1,0,0,0,0
13366,1,0,0,0,0
13367,1,0,0,0,0
13368,1,0,0,0,0
13369,1,0,0,0,0
13370,1,0,0,0,0
13371,1,0,0,0,0
13372,1,0,0,0,0
13373,0,0,0,0,1
13374,0,0,0,0,1
13375,0,0,0,0,1
13376,0,0,0,0,1
13377,0,0,0,0,1
13378,0,0,0,0,1
13379,0,0,0,0,1
13380,0,0,0,0,1
13381,0,0,0,0,1
13382,0,0,0,0,1
13383,0,0,0,0,1
13384,0,0,0,0,1
13385,0,0,0,0,1
13386,1,0,0,0,0
13387,1,0,0,0,0
13388,1,0,0,0,0
13389,1,0,0,0,0
13390,1,0,0,0,0
13391,1,0,0,0,0
13392,1,0,0,0,0
13393,1,0,0,0,0
13394,0,0,0,0,1
13395,0,0,0,0,1
13396,0,0,0,0,1
13397,0,0,0,0,1
13398,0,0,0,0,1
13399,0,0,0,0,1
13400,0,0,0,0,1
13401,0,0,0,0,1
13402,0,0,0,0,1
13403,0,0,0,0,1
13404,0,0,0,0,1
13405,0,0,0,0,1
13406,0,0,0,0,1
13407,0,0,0,0,1
13408,0,0,0,0,1
13409,0,0,0,0,1
13410,0,0,0,0,1
13411,0,0,0,0,1
13412,1,0,0,0,0
13413,1,0,0,0,0
13414,1,0,0,0,0
13415,1,0,0,0,0
13416,1,0,0,0,0
13417,1,0,0,0,0
13418,1,0,0,0,0
13419,1,0,0,0,0
13420,1,0,0,0,0
13421,1,0,0,0,0
13422,1,0,0,0,0
13423,1,0,0,0,0
13424,1,0,0,0,0
13425,1,0,0,0,0
13426,1,0,0,0,0
13427,1,0,0,0,0
13428,1,0,0,0,0
13429,1,0,0,0,0
13430,1,0,0,0,0
13431,1,0,0,0,0
13432,1,0,0,0,0
13433,1,0,0,0,0
13434,1,0,0,0,0
13435,1,0,0,0,0
13436,1,0,0,0,0
13437,1,0,0,0,0
13438,1,0,0,0,0
13439,0,0,0,0,1
13440,0,0,0,0,1
13441,0,0,0,0,1
13442,0,0,0,0,1
13443,0,0,0,0,1
13444,0,0,0,0,1
13445,0,0,0,0,1
13446,0,0,0,0,1
13447,0,0,0,0,1
13448,0,0,0,0,1
13449,0,0,0,0,1
13450,0,0,0,0,1
13451,0,0,0,0,1
13452,0,0,0,0,1
13453,0,0,0,0,1
13454,0,0,0,0,1
13455,0,0,0,0,1
13456,0,0,0,0,1
13457,0,0,0,0,1
13458,0,0,0,0,1
13459,0,0,0,0,1
13460,0,0,0,0,1
13461,0,0,0,0,1
13462,0,0,0,0,1
13463,0,0,0,0,1
13464,0,0,0,0,1
13465,0,0,0,0,1
13466,0,0,0,0,1
13467,0,0,0,0,1
13468,0,0,0,0,1
13469,0,0,0,0,1
13470,0,0,0,0,1
13471,0,0,0,0,1
13472,0,0,0,0,1
13473,0,0,0,0,1
13474,0,0,0,0,1
13475,0,0,0,0,1
13476,0,0,0,0,1
13477,0,0,0,0,1
13478,0,0,0,0,1
13479,0,0,0,0,1
13480,0,0,0,0,1
13481,0,0,0,0,1
13482,0,0,0,0,1
13483,0,0,0,0,1
13484,0,0,0,0,1
13485,0,0,0,0,1
13486,0,0,0,0,1
13487,0,0,0,0,1
13488,0,0,0,0,1
13489,0,0,0,0,1
13490,0,0,0,0,1
13491,0,0,0,0,1
13492,0,0,0,0,1
13493,0,0,0,0,1
13494,0,0,0,0,1
13495,0,0,0,0,1
13496,0,0,0,0,1
13497,0,0,0,0,1
13498,0,0,0,0,1
13499,0,0,0,0,1
13500,0,0,0,0,1
13501,0,0,0,0,1
13502,0,0,0,0,1
13503,0,0,0,0,1
13504,0,0,0,0,1
13505,0,0,0,0,1
13506,0,0,0,0,1
13507,0,0,0,0,1
13508,0,0,0,0,1
13509,0,0,0,0,1
13510,0,0,0,0,1
13511,0,0,0,0,1
13512,0,0,0,0,1
13513,0,0,0,0,1
13514,0,0,0,0,1
13515,0,0,0,0,1
13516,0,0,0,0,1
13517,0,0,0,0,1
13518,0,0,0,0,1
13519,0,0,0,0,1
13520,0,0,0,0,1
13521,0,0,0,0,1
13522,0,0,0,0,1
13523,0,0,0,0,1
13524,0,0,0,0,1
13525,0,0,0,0,1
13526,0,0,0,0,1
13527,0,0,0,0,1
13528,0,0,0,0,1
13529,0,0,0,0,1
13530,0,0,0,0,1
13531,0,0,0,0,1
13532,0,0,0,0,1
13533,0,0,0,0,1
13534,0,0,0,0,1
13535,0,0,0,0,1
13536,0,0,0,0,1
13537,0,0,0,0,1
13538,0,0,0,0,1
13539,0,0,0,0,1
13540,1,0,0,0,0
13541,1,0,0,0,0
13542,1,0,0,0,0
13543,1,0,0,0,0
13544,1,0,0,0,0
13545,1,0,0,0,0
13546,1,0,0,0,0
13547,1,0,0,0,0
13548,1,0,0,0,0
13549,1,0,0,0,0
13550,1,0,0,0,0
13551,1,0,0,0,0
13552,1,0,0,0,0
13553,1,0,0,0,0
13554,1,0,0,0,0
13555,1,0,0,0,0
13556,1,0,0,0,0
13557,1,0,0,0,0
13558,1,0,0,0,0
13559,1,0,0,0,0
13560,1,0,0,0,0
13561,1,0,0,0,0
13562,1,0,0,0,0
13563,1,0,0,0,0
13564,1,0,0,0,0
13565,1,0,0,0,0
13566,1,0,0,0,0
13567,1,0,0,0,0
13568,1,0,0,0,0
13569,1,0,0,0,0
13570,1,0,0,0,0
13571,1,0,0,0,0
13572,1,0,0,0,0
13573,1,0,0,0,0
13574,1,0,0,0,0
13575,1,0,0,0,0
13576,1,0,0,0,0
13577,1,0,0,0,0
13578,1,0,0,0,0
13579,1,0,0,0,0
13580,1,0,0,0,0
13581,1,0,0,0,0
13582,1,0,0,0,0
13583,1,0,0,0,0
13584,1,0,0,0,0
13585,1,0,0,0,0
13586,1,0,0,0,0
13587,1,0,0,0,0
13588,1,0,0,0,0
13589,1,0,0,0,0
13590,1,0,0,0,0
13591,1,0,0,0,0
13592,1,0,0,0,0
13593,1,0,0,0,0
13594,1,0,0,0,0
13595,1,0,0,0,0
13596,1,0,0,0,0
13597,1,0,0,0,0
13598,1,0,0,0,0
13599,1,0,0,0,0
13600,1,0,0,0,0
13601,1,0,0,0,0
13602,1,0,0,0,0
13603,1,0,0,0,0
13604,1,0,0,0,0
13605,1,0,0,0,0
13606,1,0,0,0,0
13607,1,0,0,0,0
13608,1,0,0,0,0
13609,1,0,0,0,0
13610,1,0,0,0,0
13611,1,0,0,0,0
13612,1,0,0,0,0
13613,1,0,0,0,0
13614,1,0,0,0,0
13615,1,0,0,0,0
13616,1,0,0,0,0
13617,1,0,0,0,0
13618,1,0,0,0,0
13619,1,0,0,0,0
13620,1,0,0,0,0
13621,1,0,0,0,0
13622,1,0,0,0,0
13623,1,0,0,0,0
13624,1,0,0,0,0
13625,1,0,0,0,0
13626,1,0,0,0,0
13627,1,0,0,0,0
13628,1,0,0,0,0
13629,1,0,0,0,0
13630,1,0,0,0,0
13631,1,0,0,0,0
13632,1,0,0,0,0
13633,1,0,0,0,0
13634,1,0,0,0,0
13635,1,0,0,0,0
13636,1,0,0,0,0
13637,1,0,0,0,0
13638,1,0,0,0,0
13639,1,0,0,0,0
13640,1,0,0,0,0
13641,1,0,0,0,0
13642,1,0,0,0,0
13643,1,0,0,0,0
13644,1,0,0,0,0
13645,1,0,0,0,0
13646,1,0,0,0,0
13647,1,0,0,0,0
13648,1,0,0,0,0
13649,1,0,0,0,0
13650,1,0,0,0,0
13651,1,0,0,0,0
13652,1,0,0,0,0
13653,1,0,0,0,0
13654,1,0,0,0,0
13655,1,0,0,0,0
13656,1,0,0,0,0
13657,1,0,0,0,0
13658,1,0,0,0,0
13659,1,0,0,0,0
13660,1,0,0,0,0
13661,1,0,0,0,0
13662,1,0,0,0,0
13663,1,0,0,0,0
13664,1,0,0,0,0
13665,1,0,0,0,0
13666,1,0,0,0,0
13667,1,0,0,0,0
13668,1,0,0,0,0
13669,1,0,0,0,0
13670,1,0,0,0,0
13671,1,0,0,0,0
13672,1,0,0,0,0
13673,1,0,0,0,0
13674,1,0,0,0,0
13675,1,0,0,0,0
13676,1,0,0,0,0
13677,1,0,0,0,0
13678,1,0,0,0,0
13679,1,0,0,0,0
13680,1,0,0,0,0
13681,1,0,0,0,0
13682,1,0,0,0,0
13683,1,0,0,0,0
13684,1,0,0,0,0
13685,1,0,0,0,0
13686,1,0,0,0,0
13687,1,0,0,0,0
13688,1,0,0,0,0
13689,1,0,0,0,0
13690,1,0,0,0,0
13691,1,0,0,0,0
13692,1,0,0,0,0
13693,1,0,0,0,0
13694,1,0,0,0,0
13695,0,0,0,0,1
13696,0,0,0,0,1
13697,0,0,0,0,1
13698,0,0,0,0,1
13699,0,0,0,0,1
13700,0,0,0,0,1
13701,0,0,0,0,1
13702,0,0,0,0,1
13703,0,0,0,0,1
13704,0,0,0,0,1
13705,0,0,0,0,1
13706,0,0,0,0,1
13707,0,0,0,0,1
13708,0,0,0,0,1
13709,0,0,0,0,1
13710,0,0,0,0,1
13711,0,0,0,0,1
13712,0,0,0,0,1
13713,0,0,0,0,1
13714,0,0,0,0,1
13715,0,0,0,0,1
13716,0,0,0,0,1
13717,0,0,0,0,1
13718,0,0,0,0,1
13719,0,0,0,0,1
13720,0,0,0,0,1
13721,0,0,0,0,1
13722,0,0,0,0,1
13723,0,0,0,0,1
13724,1,0,0,0,0
13725,1,0,0,0,0
13726,1,0,0,0,0
13727,1,0,0,0,0
13728,1,0,0,0,0
13729,1,0,0,0,0
13730,1,0,0,0,0
13731,1,0,0,0,0
13732,1,0,0,0,0
13733,1,0,0,0,0
13734,1,0,0,0,0
13735,1,0,0,0,0
13736,1,0,0,0,0
13737,1,0,0,0,0
13738,1,0,0,0,0
13739,1,0,0,0,0
13740,1,0,0,0,0
13741,1,0,0,0,0
13742,1,0,0,0,0
13743,1,0,0,0,0
13744,1,0,0,0,0
13745,1,0,0,0,0
13746,1,0,0,0,0
13747,1,0,0,0,0
13748,1,0,0,0,0
13749,1,0,0,0,0
13750,1,0,0,0,0
13751,1,0,0,0,0
13752,1,0,0,0,0
13753,1,0,0,0,0
13754,1,0,0,0,0
13755,1,0,0,0,0
13756,1,0,0,0,0
13757,1,0,0,0,0
13758,1,0,0,0,0
13759,1,0,0,0,0
13760,1,0,0,0,0
13761,1,0,0,0,0
13762,1,0,0,0,0
13763,1,0,0,0,0
13764,1,0,0,0,0
13765,1,0,0,0,0
13766,1,0,0,0,0
13767,1,0,0,0,0
13768,1,0,0,0,0
13769,1,0,0,0,0
13770,1,0,0,0,0
13771,1,0,0,0,0
13772,1,0,0,0,0
13773,1,0,0,0,0
13774,1,0,0,0,0
13775,1,0,0,0,0
13776,1,0,0,0,0
13777,1,0,0,0,0
13778,1,0,0,0,0
13779,1,0,0,0,0
13780,1,0,0,0,0
13781,1,0,0,0,0
13782,1,0,0,0,0
13783,1,0,0,0,0
13784,1,0,0,0,0
13785,1,0,0,0,0
13786,1,0,0,0,0
13787,1,0,0,0,0
13788,1,0,0,0,0
13789,1,0,0,0,0
13790,1,0,0,0,0
13791,1,0,0,0,0
13792,1,0,0,0,0
13793,1,0,0,0,0
13794,1,0,0,0,0
13795,1,0,0,0,0
13796,1,0,0,0,0
13797,1,0,0,0,0
13798,1,0,0,0,0
13799,1,0,0,0,0
13800,1,0,0,0,0
13801,1,0,0,0,0
13802,1,0,0,0,0
13803,1,0,0,0,0
13804,1,0,0,0,0
13805,1,0,0,0,0
13806,1,0,0,0,0
13807,1,0,0,0,0
13808,1,0,0,0,0
13809,1,0,0,0,0
13810,1,0,0,0,0
13811,1,0,0,0,0
13812,1,0,0,0,0
13813,1,0,0,0,0
13814,1,0,0,0,0
13815,1,0,0,0,0
13816,1,0,0,0,0
13817,1,0,0,0,0
13818,1,0,0,0,0
13819,1,0,0,0,0
13820,1,0,0,0,0
13821,1,0,0,0,0
13822,1,0,0,0,0
13823,1,0,0,0,0
13824,1,0,0,0,0
13825,1,0,0,0,0
13826,1,0,0,0,0
13827,1,0,0,0,0
13828,1,0,0,0,0
13829,1,0,0,0,0
13830,1,0,0,0,0
13831,1,0,0,0,0
13832,1,0,0,0,0
13833,1,0,0,0,0
13834,1,0,0,0,0
13835,1,0,0,0,0
13836,1,0,0,0,0
13837,1,0,0,0,0
13838,1,0,0,0,0
13839,1,0,0,0,0
13840,1,0,0,0,0
13841,1,0,0,0,0
13842,1,0,0,0,0
13843,1,0,0,0,0
13844,1,0,0,0,0
13845,1,0,0,0,0
13846,1,0,0,0,0
13847,1,0,0,0,0
13848,1,0,0,0,0
13849,1,0,0,0,0
13850,1,0,0,0,0
13851,1,0,0,0,0
13852,1,0,0,0,0
13853,1,0,0,0,0
13854,1,0,0,0,0
13855,1,0,0,0,0
13856,0,0,0,0,1
13857,0,0,0,0,1
13858,0,0,0,0,1
13859,0,0,0,0,1
13860,0,0,0,0,1
13861,0,0,0,0,1
13862,0,0,0,0,1
13863,0,0,0,0,1
13864,0,0,0,0,1
13865,0,0,0,0,1
13866,0,0,0,0,1
13867,1,0,0,0,0
13868,1,0,0,0,0
13869,1,0,0,0,0
13870,1,0,0,0,0
13871,1,0,0,0,0
13872,1,0,0,0,0
13873,1,0,0,0,0
13874,1,0,0,0,0
13875,1,0,0,0,0
13876,1,0,0,0,0
13877,1,0,0,0,0
13878,1,0,0,0,0
13879,1,0,0,0,0
13880,1,0,0,0,0
13881,1,0,0,0,0
13882,1,0,0,0,0
13883,1,0,0,0,0
13884,1,0,0,0,0
13885,1,0,0,0,0
13886,1,0,0,0,0
13887,1,0,0,0,0
13888,1,0,0,0,0
13889,1,0,0,0,0
13890,1,0,0,0,0
13891,1,0,0,0,0
13892,1,0,0,0,0
13893,1,0,0,0,0
13894,1,0,0,0,0
13895,1,0,0,0,0
13896,1,0,0,0,0
13897,1,0,0,0,0
13898,1,0,0,0,0
13899,1,0,0,0,0
13900,1,0,0,0,0
13901,1,0,0,0,0
13902,1,0,0,0,0
13903,1,0,0,0,0
13904,1,0,0,0,0
13905,1,0,0,0,0
13906,1,0,0,0,0
13907,1,0,0,0,0
13908,1,0,0,0,0
13909,1,0,0,0,0
13910,1,0,0,0,0
13911,1,0,0,0,0
13912,1,0,0,0,0
13913,1,0,0,0,0
13914,1,0,0,0,0
13915,1,0,0,0,0
13916,1,0,0,0,0
13917,1,0,0,0,0
13918,1,0,0,0,0
13919,1,0,0,0,0
13920,1,0,0,0,0
13921,1,0,0,0,0
13922,1,0,0,0,0
13923,1,0,0,0,0
13924,1,0,0,0,0
13925,1,0,0,0,0
13926,1,0,0,0,0
13927,1,0,0,0,0
13928,1,0,0,0,0
13929,1,0,0,0,0
13930,1,0,0,0,0
13931,1,0,0,0,0
13932,1,0,0,0,0
13933,1,0,0,0,0
13934,1,0,0,0,0
13935,1,0,0,0,0
13936,1,0,0,0,0
13937,1,0,0,0,0
13938,1,0,0,0,0
13939,1,0,0,0,0
13940,1,0,0,0,0
13941,1,0,0,0,0
13942,1,0,0,0,0
13943,1,0,0,0,0
13944,1,0,0,0,0
13945,1,0,0,0,0
13946,1,0,0,0,0
13947,1,0,0,0,0
13948,1,0,0,0,0
13949,1,0,0,0,0
13950,1,0,0,0,0
13951,1,0,0,0,0
13952,1,0,0,0,0
13953,1,0,0,0,0
13954,1,0,0,0,0
13955,1,0,0,0,0
13956,1,0,0,0,0
13957,0,0,0,0,1
13958,0,0,0,0,1
13959,0,0,0,0,1
13960,0,0,0,0,1
13961,0,0,0,0,1
13962,0,0,0,0,1
13963,0,0,0,0,1
13964,0,0,0,0,1
13965,0,0,0,0,1
13966,0,0,0,0,1
13967,0,0,0,0,1
13968,0,0,0,0,1
13969,0,0,0,0,1
13970,0,0,0,0,1
13971,0,0,0,0,1
13972,0,0,0,0,1
13973,0,0,0,0,1
13974,0,0,0,0,1
13975,0,0,0,0,1
13976,0,0,0,0,1
13977,0,0,0,0,1
13978,0,0,0,0,1
13979,0,0,0,0,1
13980,0,0,0,0,1
13981,0,0,0,0,1
13982,0,0,0,0,1
13983,0,0,0,0,1
13984,0,0,0,0,1
13985,0,0,0,0,1
13986,0,0,0,0,1
13987,0,0,0,0,1
13988,0,0,0,0,1
13989,0,0,0,0,1
13990,0,0,0,0,1
13991,0,0,0,0,1
13992,0,0,0,0,1
13993,0,0,0,0,1
13994,0,0,0,0,1
13995,0,0,0,0,1
13996,0,0,0,0,1
13997,0,0,0,0,1
13998,0,0,0,0,1
13999,0,0,0,0,1
14000,0,0,0,0,1
14001,0,0,0,0,1
14002,0,0,0,0,1
14003,0,0,0,0,1
14004,0,0,0,0,1
14005,0,0,0,0,1
14006,0,0,0,0,1
14007,0,0,0,0,1
14008,0,0,0,0,1
14009,0,0,0,0,1
14010,0,0,0,0,1
14011,0,0,0,0,1
14012,0,0,0,0,1
14013,0,0,0,0,1
14014,0,0,0,0,1
14015,0,0,0,0,1
14016,0,0,0,0,1
14017,0,0,0,0,1
14018,0,0,0,0,1
14019,0,0,0,0,1
14020,0,0,0,0,1
14021,0,0,0,0,1
14022,0,0,0,0,1
14023,0,0,0,0,1
14024,0,0,0,0,1
14025,0,0,0,0,1
14026,0,0,0,0,1
14027,1,0,0,0,0
14028,0,1,0,0,0
14029,0,1,0,0,0
14030,0,1,0,0,0
14031,0,1,0,0,0
14032,0,1,0,0,0
14033,0,1,0,0,0
14034,0,1,0,0,0
14035,0,1,0,0,0
14036,0,1,0,0,0
14037,0,1,0,0,0
14038,0,1,0,0,0
14039,0,1,0,0,0
14040,0,1,0,0,0
14041,0,1,0,0,0
14042,0,1,0,0,0
14043,0,1,0,0,0
14044,0,1,0,0,0
14045,0,1,0,0,0
14046,0,1,0,0,0
14047,0,1,0,0,0
14048,0,1,0,0,0
14049,0,1,0,0,0
14050,0,1,0,0,0
14051,0,1,0,0,0
14052,0,1,0,0,0
14053,0,1,0,0,0
14054,0,1,0,0,0
14055,0,1,0,0,0
14056,0,1,0,0,0
14057,0,1,0,0,0
14058,0,1,0,0,0
14059,0,1,0,0,0
14060,0,1,0,0,0
14061,0,1,0,0,0
14062,0,1,0,0,0
14063,0,1,0,0,0
14064,0,1,0,0,0
14065,0,1,0,0,0
14066,0,1,0,0,0
14067,0,1,0,0,0
14068,0,1,0,0,0
14069,0,1,0,0,0
14070,0,1,0,0,0
14071,0,1,0,0,0
14072,0,1,0,0,0
14073,0,1,0,0,0
14074,0,1,0,0,0
14075,0,1,0,0,0
14076,0,1,0,0,0
14077,0,1,0,0,0
14078,0,1,0,0,0
14079,0,1,0,0,0
14080,0,1,0,0,0
14081,0,1,0,0,0
14082,0,1,0,0,0
14083,0,1,0,0,0
14084,0,1,0,0,0
14085,0,1,0,0,0
14086,0,1,0,0,0
14087,0,1,0,0,0
14088,0,1,0,0,0
14089,0,1,0,0,0
14090,0,1,0,0,0
14091,0,1,0,0,0
14092,0,1,0,0,0
14093,0,1,0,0,0
14094,0,1,0,0,0
14095,0,1,0,0,0
14096,0,1,0,0,0
14097,0,1,0,0,0
14098,0,1,0,0,0
14099,0,1,0,0,0
14100,0,1,0,0,0
14101,0,1,0,0,0
14102,0,1,0,0,0
14103,0,1,0,0,0
14104,0,1,0,0,0
14105,0,1,0,0,0
14106,0,1,0,0,0
14107,0,1,0,0,0
14108,0,1,0,0,0
14109,0,1,0,0,0
14110,0,1,0,0,0
14111,0,1,0,0,0
14112,0,1,0,0,0
14113,0,1,0,0,0
14114,0,1,0,0,0
14115,0,1,0,0,0
14116,0,1,0,0,0
14117,0,1,0,0,0
14118,0,1,0,0,0
14119,0,1,0,0,0
14120,0,1,0,0,0
14121,0,1,0,0,0
14122,0,1,0,0,0
14123,0,1,0,0,0
14124,0,1,0,0,0
14125,0,1,0,0,0
14126,0,1,0,0,0
14127,0,1,0,0,0
14128,1,0,0,0,0
14129,1,0,0,0,0
14130,1,0,0,0,0
14131,1,0,0,0,0
14132,1,0,0,0,0
14133,1,0,0,0,0
14134,1,0,0,0,0
14135,1,0,0,0,0
14136,1,0,0,0,0
14137,1,0,0,0,0
14138,1,0,0,0,0
14139,1,0,0,0,0
14140,1,0,0,0,0
14141,1,0,0,0,0
14142,1,0,0,0,0
14143,1,0,0,0,0
14144,1,0,0,0,0
14145,1,0,0,0,0
14146,1,0,0,0,0
14147,1,0,0,0,0
14148,1,0,0,0,0
14149,1,0,0,0,0
14150,1,0,0,0,0
14151,1,0,0,0,0
14152,1,0,0,0,0
14153,1,0,0,0,0
14154,1,0,0,0,0
14155,1,0,0,0,0
14156,1,0,0,0,0
14157,1,0,0,0,0
14158,1,0,0,0,0
14159,1,0,0,0,0
14160,1,0,0,0,0
14161,1,0,0,0,0
14162,1,0,0,0,0
14163,1,0,0,0,0
14164,1,0,0,0,0
14165,1,0,0,0,0
14166,1,0,0,0,0
14167,1,0,0,0,0
14168,1,0,0,0,0
14169,1,0,0,0,0
14170,1,0,0,0,0
14171,1,0,0,0,0
14172,1,0,0,0,0
14173,1,0,0,0,0
14174,1,0,0,0,0
14175,1,0,0,0,0
14176,1,0,0,0,0
14177,1,0,0,0,0
14178,1,0,0,0,0
14179,1,0,0,0,0
14180,1,0,0,0,0
14181,1,0,0,0,0
14182,1,0,0,0,0
14183,1,0,0,0,0
14184,1,0,0,0,0
14185,1,0,0,0,0
14186,1,0,0,0,0
14187,1,0,0,0,0
14188,1,0,0,0,0
14189,1,0,0,0,0
14190,1,0,0,0,0
14191,1,0,0,0,0
14192,1,0,0,0,0
14193,1,0,0,0,0
14194,1,0,0,0,0
14195,1,0,0,0,0
14196,1,0,0,0,0
14197,1,0,0,0,0
14198,1,0,0,0,0
14199,1,0,0,0,0
14200,1,0,0,0,0
14201,1,0,0,0,0
14202,1,0,0,0,0
14203,1,0,0,0,0
14204,1,0,0,0,0
14205,1,0,0,0,0
14206,1,0,0,0,0
14207,1,0,0,0,0
14208,1,0,0,0,0
14209,1,0,0,0,0
14210,1,0,0,0,0
14211,1,0,0,0,0
14212,1,0,0,0,0
14213,1,0,0,0,0
14214,1,0,0,0,0
14215,1,0,0,0,0
14216,1,0,0,0,0
14217,1,0,0,0,0
14218,1,0,0,0,0
14219,1,0,0,0,0
14220,1,0,0,0,0
14221,1,0,0,0,0
14222,1,0,0,0,0
14223,1,0,0,0,0
14224,1,0,0,0,0
14225,1,0,0,0,0
14226,1,0,0,0,0
14227,1,0,0,0,0
14228,1,0,0,0,0
14229,1,0,0,0,0
14230,1,0,0,0,0
14231,1,0,0,0,0
14232,1,0,0,0,0
14233,1,0,0,0,0
14234,1,0,0,0,0
14235,1,0,0,0,0
14236,1,0,0,0,0
14237,1,0,0,0,0
14238,1,0,0,0,0
14239,1,0,0,0,0
14240,1,0,0,0,0
14241,1,0,0,0,0
14242,1,0,0,0,0
14243,1,0,0,0,0
14244,1,0,0,0,0
14245,1,0,0,0,0
14246,1,0,0,0,0
14247,1,0,0,0,0
14248,1,0,0,0,0
14249,1,0,0,0,0
14250,1,0,0,0,0
14251,1,0,0,0,0
14252,1,0,0,0,0
14253,1,0,0,0,0
14254,1,0,0,0,0
14255,1,0,0,0,0
14256,1,0,0,0,0
14257,1,0,0,0,0
14258,1,0,0,0,0
14259,1,0,0,0,0
14260,1,0,0,0,0
14261,1,0,0,0,0
14262,1,0,0,0,0
14263,1,0,0,0,0
14264,1,0,0,0,0
14265,1,0,0,0,0
14266,1,0,0,0,0
14267,1,0,0,0,0
14268,1,0,0,0,0
14269,1,0,0,0,0
14270,1,0,0,0,0
14271,1,0,0,0,0
14272,1,0,0,0,0
14273,1,0,0,0,0
14274,1,0,0,0,0
14275,1,0,0,0,0
14276,1,0,0,0,0
14277,1,0,0,0,0
14278,1,0,0,0,0
14279,1,0,0,0,0
14280,1,0,0,0,0
14281,1,0,0,0,0
14282,1,0,0,0,0
14283,1,0,0,0,0
14284,1,0,0,0,0
14285,1,0,0,0,0
14286,1,0,0,0,0
14287,1,0,0,0,0
14288,1,0,0,0,0
14289,1,0,0,0,0
14290,1,0,0,0,0
14291,1,0,0,0,0
14292,1,0,0,0,0
14293,1,0,0,0,0
14294,1,0,0,0,0
14295,1,0,0,0,0
14296,1,0,0,0,0
14297,1,0,0,0,0
14298,1,0,0,0,0
14299,1,0,0,0,0
14300,1,0,0,0,0
14301,1,0,0,0,0
14302,1,0,0,0,0
14303,1,0,0,0,0
14304,1,0,0,0,0
14305,1,0,0,0,0
14306,1,0,0,0,0
14307,1,0,0,0,0
14308,1,0,0,0,0
14309,1,0,0,0,0
14310,1,0,0,0,0
14311,1,0,0,0,0
14312,1,0,0,0,0
14313,0,1,0,0,0
14314,0,1,0,0,0
14315,0,1,0,0,0
14316,0,1,0,0,0
14317,0,1,0,0,0
14318,0,1,0,0,0
14319,0,1,0,0,0
14320,0,1,0,0,0
14321,0,1,0,0,0
14322,0,1,0,0,0
14323,0,1,0,0,0
14324,0,1,0,0,0
14325,0,1,0,0,0
14326,0,1,0,0,0
14327,0,1,0,0,0
14328,0,1,0,0,0
14329,0,1,0,0,0
14330,0,1,0,0,0
14331,0,1,0,0,0
14332,0,1,0,0,0
14333,0,1,0,0,0
14334,0,1,0,0,0
14335,0,1,0,0,0
14336,0,1,0,0,0
14337,0,1,0,0,0
14338,1,0,0,0,0
14339,1,0,0,0,0
14340,1,0,0,0,0
14341,1,0,0,0,0
14342,1,0,0,0,0
14343,1,0,0,0,0
14344,1,0,0,0,0
14345,1,0,0,0,0
14346,1,0,0,0,0
14347,1,0,0,0,0
14348,1,0,0,0,0
14349,1,0,0,0,0
14350,1,0,0,0,0
14351,1,0,0,0,0
14352,1,0,0,0,0
14353,1,0,0,0,0
14354,1,0,0,0,0
14355,1,0,0,0,0
14356,1,0,0,0,0
14357,1,0,0,0,0
14358,1,0,0,0,0
14359,1,0,0,0,0
14360,1,0,0,0,0
14361,1,0,0,0,0
14362,1,0,0,0,0
14363,1,0,0,0,0
14364,1,0,0,0,0
14365,1,0,0,0,0
14366,1,0,0,0,0
14367,1,0,0,0,0
14368,1,0,0,0,0
14369,1,0,0,0,0
14370,1,0,0,0,0
14371,1,0,0,0,0
14372,1,0,0,0,0
14373,1,0,0,0,0
14374,1,0,0,0,0
14375,1,0,0,0,0
14376,1,0,0,0,0
14377,1,0,0,0,0
14378,1,0,0,0,0
14379,1,0,0,0,0
14380,1,0,0,0,0
14381,1,0,0,0,0
14382,1,0,0,0,0
14383,1,0,0,0,0
14384,1,0,0,0,0
14385,1,0,0,0,0
14386,1,0,0,0,0
14387,1,0,0,0,0
14388,1,0,0,0,0
14389,1,0,0,0,0
14390,1,0,0,0,0
14391,1,0,0,0,0
14392,1,0,0,0,0
14393,1,0,0,0,0
14394,1,0,0,0,0
14395,1,0,0,0,0
14396,1,0,0,0,0
14397,1,0,0,0,0
14398,1,0,0,0,0
14399,1,0,0,0,0
14400,1,0,0,0,0
14401,1,0,0,0,0
14402,1,0,0,0,0
14403,1,0,0,0,0
14404,1,0,0,0,0
14405,1,0,0,0,0
14406,1,0,0,0,0
14407,1,0,0,0,0
14408,1,0,0,0,0
14409,1,0,0,0,0
14410,1,0,0,0,0
14411,1,0,0,0,0
14412,1,0,0,0,0
14413,1,0,0,0,0
14414,1,0,0,0,0
14415,1,0,0,0,0
14416,1,0,0,0,0
14417,1,0,0,0,0
14418,1,0,0,0,0
14419,1,0,0,0,0
14420,1,0,0,0,0
14421,1,0,0,0,0
14422,1,0,0,0,0
14423,1,0,0,0,0
14424,1,0,0,0,0
14425,1,0,0,0,0
14426,1,0,0,0,0
14427,1,0,0,0,0
14428,1,0,0,0,0
14429,1,0,0,0,0
14430,1,0,0,0,0
14431,1,0,0,0,0
14432,1,0,0,0,0
14433,1,0,0,0,0
14434,1,0,0,0,0
14435,1,0,0,0,0
14436,1,0,0,0,0
14437,1,0,0,0,0
14438,1,0,0,0,0
14439,1,0,0,0,0
14440,1,0,0,0,0
14441,1,0,0,0,0
14442,1,0,0,0,0
14443,1,0,0,0,0
14444,1,0,0,0,0
14445,1,0,0,0,0
14446,1,0,0,0,0
14447,1,0,0,0,0
14448,1,0,0,0,0
14449,1,0,0,0,0
14450,1,0,0,0,0
14451,1,0,0,0,0
14452,0,0,0,0,1
14453,0,0,0,0,1
14454,0,0,0,0,1
14455,0,0,0,0,1
14456,0,0,0,0,1
14457,0,0,0,0,1
14458,0,0,0,0,1
14459,0,0,0,0,1
14460,0,0,0,0,1
14461,0,0,0,0,1
14462,0,0,0,0,1
14463,0,0,0,0,1
14464,0,0,0,0,1
14465,0,0,0,0,1
14466,0,0,0,0,1
14467,0,0,0,0,1
14468,0,0,0,0,1
14469,0,0,0,0,1
14470,0,0,0,0,1
14471,0,0,0,0,1
14472,0,0,0,0,1
14473,0,0,0,0,1
14474,0,0,0,0,1
14475,0,0,0,0,1
14476,0,0,0,0,1
14477,0,0,0,0,1
14478,0,0,0,0,1
14479,0,0,0,0,1
14480,0,0,0,0,1
14481,0,0,0,0,1
14482,0,0,0,0,1
14483,0,0,0,0,1
14484,0,0,0,0,1
14485,0,0,0,0,1
14486,0,0,0,0,1
14487,0,0,0,0,1
14488,0,0,0,0,1
14489,0,0,0,0,1
14490,0,0,0,0,1
14491,0,0,0,0,1
14492,1,0,0,0,0
14493,1,0,0,0,0
14494,1,0,0,0,0
14495,1,0,0,0,0
14496,1,0,0,0,0
14497,1,0,0,0,0
14498,1,0,0,0,0
14499,1,0,0,0,0
14500,1,0,0,0,0
14501,1,0,0,0,0
14502,1,0,0,0,0
14503,1,0,0,0,0
14504,1,0,0,0,0
14505,1,0,0,0,0
14506,1,0,0,0,0
14507,1,0,0,0,0
14508,1,0,0,0,0
14509,1,0,0,0,0
14510,1,0,0,0,0
14511,1,0,0,0,0
14512,1,0,0,0,0
14513,1,0,0,0,0
14514,1,0,0,0,0
14515,1,0,0,0,0
14516,1,0,0,0,0
14517,1,0,0,0,0
14518,1,0,0,0,0
14519,1,0,0,0,0
14520,1,0,0,0,0
14521,1,0,0,0,0
14522,1,0,0,0,0
14523,1,0,0,0,0
14524,1,0,0,0,0
14525,1,0,0,0,0
14526,1,0,0,0,0
14527,1,0,0,0,0
14528,1,0,0,0,0
14529,1,0,0,0,0
14530,1,0,0,0,0
14531,1,0,0,0,0
14532,1,0,0,0,0
14533,1,0,0,0,0
14534,1,0,0,0,0
14535,1,0,0,0,0
14536,1,0,0,0,0
14537,0,0,0,0,1
14538,0,0,0,0,1
14539,0,0,0,0,1
14540,0,0,0,0,1
14541,0,0,0,0,1
14542,0,0,0,0,1
14543,0,0,0,0,1
14544,0,0,0,0,1
14545,0,0,0,0,1
14546,0,0,0,0,1
14547,0,0,0,0,1
14548,0,0,0,0,1
14549,0,0,0,0,1
14550,0,0,0,0,1
14551,0,0,0,0,1
14552,0,0,0,0,1
14553,0,0,0,0,1
14554,0,0,0,0,1
14555,0,0,0,0,1
14556,0,0,0,0,1
14557,0,0,0,0,1
14558,0,0,0,0,1
14559,0,0,0,0,1
14560,0,0,0,0,1
14561,0,0,0,0,1
14562,0,0,0,0,1
14563,0,0,0,0,1
14564,0,0,0,0,1
14565,0,0,0,0,1
14566,0,0,0,0,1
14567,0,0,0,0,1
14568,0,0,0,0,1
14569,0,0,0,0,1
14570,0,0,0,0,1
14571,0,0,0,0,1
14572,0,0,0,0,1
14573,0,0,0,0,1
14574,0,0,0,0,1
14575,0,0,0,0,1
14576,0,0,0,0,1
14577,0,0,0,0,1
14578,0,0,0,0,1
14579,0,0,0,0,1
14580,0,0,0,0,1
14581,0,0,0,0,1
14582,0,0,0,0,1
14583,0,0,0,0,1
14584,1,0,0,0,0
14585,1,0,0,0,0
14586,1,0,0,0,0
14587,1,0,0,0,0
14588,1,0,0,0,0
14589,1,0,0,0,0
14590,1,0,0,0,0
14591,1,0,0,0,0
14592,1,0,0,0,0
14593,1,0,0,0,0
14594,1,0,0,0,0
14595,1,0,0,0,0
14596,1,0,0,0,0
14597,1,0,0,0,0
14598,1,0,0,0,0
14599,1,0,0,0,0
14600,1,0,0,0,0
14601,1,0,0,0,0
14602,1,0,0,0,0
14603,1,0,0,0,0
14604,1,0,0,0,0
14605,1,0,0,0,0
14606,1,0,0,0,0
14607,1,0,0,0,0
14608,1,0,0,0,0
14609,1,0,0,0,0
14610,1,0,0,0,0
14611,1,0,0,0,0
14612,1,0,0,0,0
14613,1,0,0,0,0
14614,1,0,0,0,0
14615,1,0,0,0,0
14616,1,0,0,0,0
14617,1,0,0,0,0
14618,1,0,0,0,0
14619,1,0,0,0,0
14620,1,0,0,0,0
14621,1,0,0,0,0
14622,1,0,0,0,0
14623,1,0,0,0,0
14624,1,0,0,0,0
14625,1,0,0,0,0
14626,1,0,0,0,0
14627,1,0,0,0,0
14628,1,0,0,0,0
14629,1,0,0,0,0
14630,1,0,0,0,0
14631,1,0,0,0,0
14632,1,0,0,0,0
14633,1,0,0,0,0
14634,1,0,0,0,0
14635,1,0,0,0,0
14636,1,0,0,0,0
14637,1,0,0,0,0
14638,1,0,0,0,0
14639,1,0,0,0,0
14640,1,0,0,0,0
14641,1,0,0,0,0
14642,1,0,0,0,0
14643,1,0,0,0,0
14644,1,0,0,0,0
14645,1,0,0,0,0
14646,1,0,0,0,0
14647,1,0,0,0,0
14648,1,0,0,0,0
14649,1,0,0,0,0
14650,1,0,0,0,0
14651,1,0,0,0,0
14652,1,0,0,0,0
14653,1,0,0,0,0
14654,1,0,0,0,0
14655,1,0,0,0,0
14656,1,0,0,0,0
14657,1,0,0,0,0
14658,1,0,0,0,0
14659,1,0,0,0,0
14660,1,0,0,0,0
14661,1,0,0,0,0
14662,1,0,0,0,0
14663,1,0,0,0,0
14664,1,0,0,0,0
14665,1,0,0,0,0
14666,1,0,0,0,0
14667,1,0,0,0,0
14668,1,0,0,0,0
14669,1,0,0,0,0
14670,1,0,0,0,0
14671,1,0,0,0,0
14672,1,0,0,0,0
14673,1,0,0,0,0
14674,1,0,0,0,0
14675,1,0,0,0,0
14676,1,0,0,0,0
14677,1,0,0,0,0
14678,1,0,0,0,0
14679,1,0,0,0,0
14680,1,0,0,0,0
14681,1,0,0,0,0
14682,1,0,0,0,0
14683,1,0,0,0,0
14684,1,0,0,0,0
14685,1,0,0,0,0
14686,1,0,0,0,0
14687,1,0,0,0,0
14688,1,0,0,0,0
14689,1,0,0,0,0
14690,1,0,0,0,0
14691,1,0,0,0,0
14692,1,0,0,0,0
14693,1,0,0,0,0
14694,1,0,0,0,0
14695,1,0,0,0,0
14696,1,0,0,0,0
14697,1,0,0,0,0
14698,1,0,0,0,0
14699,1,0,0,0,0
14700,1,0,0,0,0
14701,1,0,0,0,0
14702,1,0,0,0,0
14703,1,0,0,0,0
14704,0,0,1,0,0
14705,0,0,1,0,0
14706,0,0,1,0,0
14707,0,0,1,0,0
14708,0,0,1,0,0
14709,0,0,1,0,0
14710,0,0,1,0,0
14711,0,0,1,0,0
14712,0,0,1,0,0
14713,0,0,1,0,0
14714,0,0,1,0,0
14715,0,0,1,0,0
14716,0,0,1,0,0
14717,0,0,1,0,0
14718,0,0,1,0,0
14719,0,0,1,0,0
14720,0,0,1,0,0
14721,0,0,1,0,0
14722,0,0,1,0,0
14723,0,0,1,0,0
14724,0,0,1,0,0
14725,0,0,1,0,0
14726,0,0,1,0,0
14727,0,0,1,0,0
14728,0,0,1,0,0
14729,0,0,1,0,0
14730,0,0,1,0,0
14731,0,0,1,0,0
14732,0,0,1,0,0
14733,0,0,1,0,0
14734,0,0,1,0,0
14735,0,0,1,0,0
14736,0,0,1,0,0
14737,0,0,1,0,0
14738,0,0,1,0,0
14739,0,0,1,0,0
14740,0,0,1,0,0
14741,0,0,1,0,0
14742,0,0,1,0,0
14743,1,0,0,0,0
14744,1,0,0,0,0
14745,1,0,0,0,0
14746,1,0,0,0,0
14747,1,0,0,0,0
14748,1,0,0,0,0
14749,1,0,0,0,0
14750,1,0,0,0,0
14751,1,0,0,0,0
14752,1,0,0,0,0
14753,1,0,0,0,0
14754,1,0,0,0,0
14755,1,0,0,0,0
14756,1,0,0,0,0
14757,1,0,0,0,0
14758,1,0,0,0,0
14759,1,0,0,0,0
14760,1,0,0,0,0
14761,1,0,0,0,0
14762,1,0,0,0,0
14763,1,0,0,0,0
14764,1,0,0,0,0
14765,1,0,0,0,0
14766,1,0,0,0,0
14767,1,0,0,0,0
14768,1,0,0,0,0
14769,1,0,0,0,0
14770,1,0,0,0,0
14771,1,0,0,0,0
14772,1,0,0,0,0
14773,1,0,0,0,0
14774,1,0,0,0,0
14775,1,0,0,0,0
14776,1,0,0,0,0
14777,1,0,0,0,0
14778,1,0,0,0,0
14779,1,0,0,0,0
14780,1,0,0,0,0
14781,1,0,0,0,0
14782,1,0,0,0,0
14783,1,0,0,0,0
14784,1,0,0,0,0
14785,1,0,0,0,0
14786,1,0,0,0,0
14787,1,0,0,0,0
14788,1,0,0,0,0
14789,1,0,0,0,0
14790,1,0,0,0,0
14791,1,0,0,0,0
14792,1,0,0,0,0
14793,1,0,0,0,0
14794,1,0,0,0,0
14795,1,0,0,0,0
14796,1,0,0,0,0
14797,1,0,0,0,0
14798,1,0,0,0,0
14799,1,0,0,0,0
14800,1,0,0,0,0
14801,1,0,0,0,0
14802,1,0,0,0,0
14803,1,0,0,0,0
14804,1,0,0,0,0
14805,1,0,0,0,0
14806,1,0,0,0,0
14807,1,0,0,0,0
14808,1,0,0,0,0
14809,1,0,0,0,0
14810,1,0,0,0,0
14811,1,0,0,0,0
14812,1,0,0,0,0
14813,1,0,0,0,0
14814,1,0,0,0,0
14815,1,0,0,0,0
14816,1,0,0,0,0
14817,1,0,0,0,0
14818,1,0,0,0,0
14819,1,0,0,0,0
14820,1,0,0,0,0
14821,1,0,0,0,0
14822,1,0,0,0,0
14823,1,0,0,0,0
14824,1,0,0,0,0
14825,1,0,0,0,0
14826,1,0,0,0,0
14827,1,0,0,0,0
14828,1,0,0,0,0
14829,1,0,0,0,0
14830,1,0,0,0,0
14831,1,0,0,0,0
14832,1,0,0,0,0
14833,1,0,0,0,0
14834,1,0,0,0,0
14835,1,0,0,0,0
14836,1,0,0,0,0
14837,1,0,0,0,0
14838,1,0,0,0,0
14839,1,0,0,0,0
14840,1,0,0,0,0
14841,1,0,0,0,0
14842,1,0,0,0,0
14843,1,0,0,0,0
14844,1,0,0,0,0
14845,1,0,0,0,0
14846,1,0,0,0,0
14847,1,0,0,0,0
14848,1,0,0,0,0
14849,1,0,0,0,0
14850,1,0,0,0,0
14851,1,0,0,0,0
14852,1,0,0,0,0
14853,1,0,0,0,0
14854,1,0,0,0,0
14855,1,0,0,0,0
14856,1,0,0,0,0
14857,1,0,0,0,0
14858,1,0,0,0,0
14859,1,0,0,0,0
14860,1,0,0,0,0
14861,1,0,0,0,0
14862,1,0,0,0,0
14863,1,0,0,0,0
14864,1,0,0,0,0
14865,1,0,0,0,0
14866,1,0,0,0,0
14867,1,0,0,0,0
14868,1,0,0,0,0
14869,1,0,0,0,0
14870,1,0,0,0,0
14871,1,0,0,0,0
14872,1,0,0,0,0
14873,1,0,0,0,0
14874,1,0,0,0,0
14875,1,0,0,0,0
14876,1,0,0,0,0
14877,1,0,0,0,0
14878,1,0,0,0,0
14879,1,0,0,0,0
14880,1,0,0,0,0
14881,1,0,0,0,0
14882,1,0,0,0,0
14883,1,0,0,0,0
14884,1,0,0,0,0
14885,1,0,0,0,0
14886,1,0,0,0,0
14887,1,0,0,0,0
14888,1,0,0,0,0
14889,1,0,0,0,0
14890,1,0,0,0,0
14891,1,0,0,0,0
14892,1,0,0,0,0
14893,1,0,0,0,0
14894,1,0,0,0,0
14895,1,0,0,0,0
14896,1,0,0,0,0
14897,1,0,0,0,0
14898,1,0,0,0,0
14899,1,0,0,0,0
14900,1,0,0,0,0
14901,1,0,0,0,0
14902,1,0,0,0,0
14903,1,0,0,0,0
14904,1,0,0,0,0
14905,1,0,0,0,0
14906,1,0,0,0,0
14907,1,0,0,0,0
14908,1,0,0,0,0
14909,1,0,0,0,0
14910,1,0,0,0,0
14911,1,0,0,0,0
14912,1,0,0,0,0
14913,1,0,0,0,0
14914,1,0,0,0,0
14915,1,0,0,0,0
14916,1,0,0,0,0
14917,1,0,0,0,0
14918,1,0,0,0,0
14919,1,0,0,0,0
14920,1,0,0,0,0
14921,1,0,0,0,0
14922,1,0,0,0,0
14923,1,0,0,0,0
14924,1,0,0,0,0
14925,1,0,0,0,0
14926,1,0,0,0,0
14927,1,0,0,0,0
14928,1,0,0,0,0
14929,1,0,0,0,0
14930,1,0,0,0,0
14931,1,0,0,0,0
14932,1,0,0,0,0
14933,1,0,0,0,0
14934,1,0,0,0,0
14935,1,0,0,0,0
14936,1,0,0,0,0
14937,1,0,0,0,0
14938,1,0,0,0,0
14939,1,0,0,0,0
14940,1,0,0,0,0
14941,1,0,0,0,0
14942,1,0,0,0,0
14943,1,0,0,0,0
14944,1,0,0,0,0
14945,1,0,0,0,0
14946,1,0,0,0,0
14947,1,0,0,0,0
14948,1,0,0,0,0
14949,1,0,0,0,0
14950,1,0,0,0,0
14951,1,0,0,0,0
14952,1,0,0,0,0
14953,1,0,0,0,0
14954,1,0,0,0,0
14955,1,0,0,0,0
14956,1,0,0,0,0
14957,1,0,0,0,0
14958,1,0,0,0,0
14959,1,0,0,0,0
14960,1,0,0,0,0
14961,1,0,0,0,0
14962,1,0,0,0,0
14963,0,1,0,0,0
14964,0,1,0,0,0
14965,0,1,0,0,0
14966,0,1,0,0,0
14967,0,1,0,0,0
14968,0,1,0,0,0
14969,0,1,0,0,0
14970,0,1,0,0,0
14971,0,1,0,0,0
14972,0,1,0,0,0
14973,0,1,0,0,0
14974,0,1,0,0,0
14975,0,1,0,0,0
14976,0,1,0,0,0
14977,0,1,0,0,0
14978,0,1,0,0,0
14979,0,1,0,0,0
14980,0,1,0,0,0
14981,0,1,0,0,0
14982,0,1,0,0,0
14983,0,1,0,0,0
14984,0,1,0,0,0
14985,0,1,0,0,0
14986,0,1,0,0,0
14987,0,1,0,0,0
14988,0,1,0,0,0
14989,0,1,0,0,0
14990,0,1,0,0,0
14991,0,1,0,0,0
14992,0,1,0,0,0
14993,0,1,0,0,0
14994,0,1,0,0,0
14995,0,1,0,0,0
14996,0,1,0,0,0
14997,0,1,0,0,0
14998,0,1,0,0,0
14999,0,1,0,0,0
15000,0,1,0,0,0
15001,0,1,0,0,0
15002,0,1,0,0,0
15003,0,1,0,0,0
15004,0,1,0,0,0
15005,0,1,0,0,0
15006,0,1,0,0,0
15007,0,1,0,0,0
15008,0,1,0,0,0
15009,0,1,0,0,0
15010,0,1,0,0,0
15011,0,1,0,0,0
15012,0,1,0,0,0
15013,0,1,0,0,0
15014,0,1,0,0,0
15015,0,1,0,0,0
15016,1,0,0,0,0
15017,1,0,0,0,0
15018,1,0,0,0,0
15019,1,0,0,0,0
15020,1,0,0,0,0
15021,1,0,0,0,0
15022,1,0,0,0,0
15023,1,0,0,0,0
15024,1,0,0,0,0
15025,1,0,0,0,0
15026,1,0,0,0,0
15027,1,0,0,0,0
15028,1,0,0,0,0
15029,1,0,0,0,0
15030,1,0,0,0,0
15031,1,0,0,0,0
15032,1,0,0,0,0
15033,1,0,0,0,0
15034,1,0,0,0,0
15035,1,0,0,0,0
15036,1,0,0,0,0
15037,1,0,0,0,0
15038,0,0,0,0,1
15039,0,0,0,0,1
15040,0,0,0,0,1
15041,0,0,0,0,1
15042,0,0,0,0,1
15043,0,0,0,0,1
15044,0,0,0,0,1
15045,0,0,0,0,1
15046,0,0,0,0,1
15047,0,0,0,0,1
15048,0,0,0,0,1
15049,0,0,0,0,1
15050,0,0,0,0,1
15051,0,0,0,0,1
15052,0,0,0,0,1
15053,0,0,0,0,1
15054,0,0,0,0,1
15055,0,0,0,0,1
15056,0,0,0,0,1
15057,0,0,0,0,1
15058,0,0,0,0,1
15059,0,0,0,0,1
15060,1,0,0,0,0
15061,1,0,0,0,0
15062,1,0,0,0,0
15063,1,0,0,0,0
15064,1,0,0,0,0
15065,1,0,0,0,0
15066,1,0,0,0,0
15067,1,0,0,0,0
15068,1,0,0,0,0
15069,1,0,0,0,0
15070,1,0,0,0,0
15071,1,0,0,0,0
15072,1,0,0,0,0
15073,1,0,0,0,0
15074,1,0,0,0,0
15075,1,0,0,0,0
15076,1,0,0,0,0
15077,1,0,0,0,0
15078,1,0,0,0,0
15079,1,0,0,0,0
15080,1,0,0,0,0
15081,1,0,0,0,0
15082,1,0,0,0,0
15083,1,0,0,0,0
15084,1,0,0,0,0
15085,1,0,0,0,0
15086,1,0,0,0,0
15087,1,0,0,0,0
15088,1,0,0,0,0
15089,1,0,0,0,0
15090,1,0,0,0,0
15091,1,0,0,0,0
15092,1,0,0,0,0
15093,1,0,0,0,0
15094,1,0,0,0,0
15095,1,0,0,0,0
15096,1,0,0,0,0
15097,1,0,0,0,0
15098,1,0,0,0,0
15099,1,0,0,0,0
15100,1,0,0,0,0
15101,1,0,0,0,0
15102,1,0,0,0,0
15103,1,0,0,0,0
15104,1,0,0,0,0
15105,1,0,0,0,0
15106,1,0,0,0,0
15107,1,0,0,0,0
15108,1,0,0,0,0
15109,1,0,0,0,0
15110,1,0,0,0,0
15111,1,0,0,0,0
15112,1,0,0,0,0
15113,1,0,0,0,0
15114,1,0,0,0,0
15115,1,0,0,0,0
15116,1,0,0,0,0
15117,1,0,0,0,0
15118,1,0,0,0,0
15119,1,0,0,0,0
15120,1,0,0,0,0
15121,1,0,0,0,0
15122,1,0,0,0,0
15123,1,0,0,0,0
15124,1,0,0,0,0
15125,1,0,0,0,0
15126,1,0,0,0,0
15127,1,0,0,0,0
15128,1,0,0,0,0
15129,1,0,0,0,0
15130,0,0,0,0,1
15131,0,0,0,0,1
15132,0,0,0,0,1
15133,0,0,0,0,1
15134,0,0,0,0,1
15135,0,0,0,0,1
15136,0,0,0,0,1
15137,0,0,0,0,1
15138,0,0,0,0,1
15139,0,0,0,0,1
15140,0,0,0,0,1
15141,0,0,0,0,1
15142,0,0,0,0,1
15143,0,0,0,0,1
15144,0,0,0,0,1
15145,0,0,0,0,1
15146,0,0,0,0,1
15147,0,0,0,0,1
15148,0,0,0,0,1
15149,0,0,0,0,1
15150,0,0,0,0,1
15151,0,0,0,0,1
15152,0,0,0,0,1
15153,0,0,0,0,1
15154,0,0,0,0,1
15155,0,0,0,0,1
15156,0,0,0,0,1
15157,0,0,0,0,1
15158,0,0,0,0,1
15159,0,0,0,0,1
15160,0,0,0,0,1
15161,0,0,0,0,1
15162,0,0,0,0,1
15163,0,0,0,0,1
15164,0,0,0,0,1
15165,0,0,0,0,1
15166,0,0,0,0,1
15167,0,0,0,0,1
15168,0,0,0,0,1
15169,0,0,0,0,1
15170,0,0,0,0,1
15171,0,0,0,0,1
15172,0,0,0,0,1
15173,0,0,0,0,1
15174,0,0,0,0,1
15175,0,0,0,0,1
15176,1,0,0,0,0
15177,1,0,0,0,0
15178,1,0,0,0,0
15179,1,0,0,0,0
15180,1,0,0,0,0
15181,1,0,0,0,0
15182,1,0,0,0,0
15183,1,0,0,0,0
15184,1,0,0,0,0
15185,1,0,0,0,0
15186,1,0,0,0,0
15187,1,0,0,0,0
15188,1,0,0,0,0
15189,1,0,0,0,0
15190,1,0,0,0,0
15191,1,0,0,0,0
15192,1,0,0,0,0
15193,1,0,0,0,0
15194,1,0,0,0,0
15195,1,0,0,0,0
15196,1,0,0,0,0
15197,1,0,0,0,0
15198,1,0,0,0,0
15199,1,0,0,0,0
15200,1,0,0,0,0
15201,1,0,0,0,0
15202,1,0,0,0,0
15203,1,0,0,0,0
15204,1,0,0,0,0
15205,1,0,0,0,0
15206,1,0,0,0,0
15207,1,0,0,0,0
15208,1,0,0,0,0
15209,1,0,0,0,0
15210,1,0,0,0,0
15211,1,0,0,0,0
15212,1,0,0,0,0
15213,1,0,0,0,0
15214,1,0,0,0,0
15215,1,0,0,0,0
15216,1,0,0,0,0
15217,1,0,0,0,0
15218,1,0,0,0,0
15219,1,0,0,0,0
15220,1,0,0,0,0
15221,1,0,0,0,0
15222,1,0,0,0,0
15223,1,0,0,0,0
15224,1,0,0,0,0
15225,1,0,0,0,0
15226,1,0,0,0,0
15227,1,0,0,0,0
15228,1,0,0,0,0
15229,1,0,0,0,0
15230,1,0,0,0,0
15231,1,0,0,0,0
15232,1,0,0,0,0
15233,1,0,0,0,0
15234,1,0,0,0,0
15235,1,0,0,0,0
15236,1,0,0,0,0
15237,1,0,0,0,0
15238,1,0,0,0,0
15239,1,0,0,0,0
15240,1,0,0,0,0
15241,1,0,0,0,0
15242,1,0,0,0,0
15243,1,0,0,0,0
15244,1,0,0,0,0
15245,1,0,0,0,0
15246,1,0,0,0,0
15247,1,0,0,0,0
15248,1,0,0,0,0
15249,1,0,0,0,0
15250,1,0,0,0,0
15251,1,0,0,0,0
15252,1,0,0,0,0
15253,1,0,0,0,0
15254,1,0,0,0,0
15255,1,0,0,0,0
15256,1,0,0,0,0
15257,1,0,0,0,0
15258,1,0,0,0,0
15259,1,0,0,0,0
15260,1,0,0,0,0
15261,1,0,0,0,0
15262,1,0,0,0,0
15263,1,0,0,0,0
15264,1,0,0,0,0
15265,1,0,0,0,0
15266,1,0,0,0,0
15267,1,0,0,0,0
15268,1,0,0,0,0
15269,1,0,0,0,0
15270,1,0,0,0,0
15271,1,0,0,0,0
15272,1,0,0,0,0
15273,1,0,0,0,0
15274,1,0,0,0,0
15275,1,0,0,0,0
15276,1,0,0,0,0
15277,1,0,0,0,0
15278,1,0,0,0,0
15279,1,0,0,0,0
15280,1,0,0,0,0
15281,1,0,0,0,0
15282,1,0,0,0,0
15283,1,0,0,0,0
15284,1,0,0,0,0
15285,1,0,0,0,0
15286,1,0,0,0,0
15287,1,0,0,0,0
15288,1,0,0,0,0
15289,1,0,0,0,0
15290,1,0,0,0,0
15291,1,0,0,0,0
15292,1,0,0,0,0
15293,1,0,0,0,0
15294,1,0,0,0,0
15295,1,0,0,0,0
15296,1,0,0,0,0
15297,1,0,0,0,0
15298,1,0,0,0,0
15299,1,0,0,0,0
15300,1,0,0,0,0
15301,1,0,0,0,0
15302,1,0,0,0,0
15303,1,0,0,0,0
15304,1,0,0,0,0
15305,1,0,0,0,0
15306,1,0,0,0,0
15307,1,0,0,0,0
15308,1,0,0,0,0
15309,1,0,0,0,0
15310,1,0,0,0,0
15311,1,0,0,0,0
15312,1,0,0,0,0
15313,1,0,0,0,0
15314,1,0,0,0,0
15315,1,0,0,0,0
15316,1,0,0,0,0
15317,1,0,0,0,0
15318,1,0,0,0,0
15319,1,0,0,0,0
15320,1,0,0,0,0
15321,1,0,0,0,0
15322,1,0,0,0,0
15323,1,0,0,0,0
15324,1,0,0,0,0
15325,1,0,0,0,0
15326,1,0,0,0,0
15327,1,0,0,0,0
15328,1,0,0,0,0
15329,1,0,0,0,0
15330,1,0,0,0,0
15331,1,0,0,0,0
15332,1,0,0,0,0
15333,1,0,0,0,0
15334,1,0,0,0,0
15335,1,0,0,0,0
15336,1,0,0,0,0
15337,1,0,0,0,0
15338,1,0,0,0,0
15339,1,0,0,0,0
15340,1,0,0,0,0
15341,1,0,0,0,0
15342,1,0,0,0,0
15343,1,0,0,0,0
15344,1,0,0,0,0
15345,1,0,0,0,0
15346,1,0,0,0,0
15347,1,0,0,0,0
15348,1,0,0,0,0
15349,1,0,0,0,0
15350,1,0,0,0,0
15351,1,0,0,0,0
15352,1,0,0,0,0
15353,1,0,0,0,0
15354,1,0,0,0,0
15355,1,0,0,0,0
15356,1,0,0,0,0
15357,1,0,0,0,0
15358,1,0,0,0,0
15359,1,0,0,0,0
15360,1,0,0,0,0
15361,1,0,0,0,0
15362,1,0,0,0,0
15363,1,0,0,0,0
15364,1,0,0,0,0
15365,1,0,0,0,0
15366,1,0,0,0,0
15367,1,0,0,0,0
15368,1,0,0,0,0
15369,1,0,0,0,0
15370,1,0,0,0,0
15371,1,0,0,0,0
15372,1,0,0,0,0
15373,1,0,0,0,0
15374,0,1,0,0,0
15375,0,1,0,0,0
15376,0,1,0,0,0
15377,0,1,0,0,0
15378,0,1,0,0,0
15379,0,1,0,0,0
15380,0,1,0,0,0
15381,0,1,0,0,0
15382,0,1,0,0,0
15383,0,1,0,0,0
15384,0,1,0,0,0
15385,0,1,0,0,0
15386,0,1,0,0,0
15387,0,1,0,0,0
15388,0,1,0,0,0
15389,0,1,0,0,0
15390,0,1,0,0,0
15391,0,1,0,0,0
15392,0,1,0,0,0
15393,0,1,0,0,0
15394,0,1,0,0,0
15395,0,1,0,0,0
15396,0,1,0,0,0
15397,0,1,0,0,0
15398,0,1,0,0,0
15399,0,1,0,0,0
15400,0,1,0,0,0
15401,0,1,0,0,0
15402,0,1,0,0,0
15403,0,1,0,0,0
15404,0,1,0,0,0
15405,0,1,0,0,0
15406,0,1,0,0,0
15407,0,1,0,0,0
15408,0,1,0,0,0
15409,0,1,0,0,0
15410,0,1,0,0,0
15411,0,1,0,0,0
15412,0,1,0,0,0
15413,0,1,0,0,0
15414,0,1,0,0,0
15415,0,1,0,0,0
15416,0,1,0,0,0
15417,0,1,0,0,0
15418,0,1,0,0,0
15419,0,1,0,0,0
15420,0,1,0,0,0
15421,0,1,0,0,0
15422,0,1,0,0,0
15423,0,1,0,0,0
15424,0,1,0,0,0
15425,0,1,0,0,0
15426,0,1,0,0,0
15427,0,1,0,0,0
15428,0,1,0,0,0
15429,0,1,0,0,0
15430,0,1,0,0,0
15431,0,1,0,0,0
15432,0,1,0,0,0
15433,0,1,0,0,0
15434,0,1,0,0,0
15435,1,0,0,0,0
15436,1,0,0,0,0
15437,1,0,0,0,0
15438,1,0,0,0,0
15439,1,0,0,0,0
15440,1,0,0,0,0
15441,1,0,0,0,0
15442,1,0,0,0,0
15443,1,0,0,0,0
15444,1,0,0,0,0
15445,1,0,0,0,0
15446,1,0,0,0,0
15447,1,0,0,0,0
15448,1,0,0,0,0
15449,1,0,0,0,0
15450,1,0,0,0,0
15451,1,0,0,0,0
15452,1,0,0,0,0
15453,1,0,0,0,0
15454,1,0,0,0,0
15455,1,0,0,0,0
15456,1,0,0,0,0
15457,1,0,0,0,0
15458,1,0,0,0,0
15459,1,0,0,0,0
15460,1,0,0,0,0
15461,1,0,0,0,0
15462,1,0,0,0,0
15463,1,0,0,0,0
15464,1,0,0,0,0
15465,1,0,0,0,0
15466,1,0,0,0,0
15467,1,0,0,0,0
15468,1,0,0,0,0
15469,1,0,0,0,0
15470,1,0,0,0,0
15471,1,0,0,0,0
15472,1,0,0,0,0
15473,1,0,0,0,0
15474,1,0,0,0,0
15475,1,0,0,0,0
15476,1,0,0,0,0
15477,1,0,0,0,0
15478,1,0,0,0,0
15479,1,0,0,0,0
15480,1,0,0,0,0
15481,1,0,0,0,0
15482,1,0,0,0,0
15483,1,0,0,0,0
15484,1,0,0,0,0
15485,1,0,0,0,0
15486,1,0,0,0,0
15487,1,0,0,0,0
15488,1,0,0,0,0
15489,1,0,0,0,0
15490,1,0,0,0,0
15491,1,0,0,0,0
15492,1,0,0,0,0
15493,1,0,0,0,0
15494,1,0,0,0,0
15495,1,0,0,0,0
15496,1,0,0,0,0
15497,1,0,0,0,0
15498,1,0,0,0,0
15499,1,0,0,0,0
15500,1,0,0,0,0
15501,1,0,0,0,0
15502,1,0,0,0,0
15503,1,0,0,0,0
15504,1,0,0,0,0
15505,1,0,0,0,0
15506,1,0,0,0,0
15507,1,0,0,0,0
15508,1,0,0,0,0
15509,1,0,0,0,0
15510,1,0,0,0,0
15511,1,0,0,0,0
15512,1,0,0,0,0
15513,1,0,0,0,0
15514,1,0,0,0,0
15515,1,0,0,0,0
15516,1,0,0,0,0
15517,1,0,0,0,0
15518,1,0,0,0,0
15519,1,0,0,0,0
15520,1,0,0,0,0
15521,1,0,0,0,0
15522,1,0,0,0,0
15523,1,0,0,0,0
15524,1,0,0,0,0
15525,1,0,0,0,0
15526,1,0,0,0,0
15527,1,0,0,0,0
15528,1,0,0,0,0
15529,1,0,0,0,0
15530,1,0,0,0,0
15531,1,0,0,0,0
15532,1,0,0,0,0
15533,1,0,0,0,0
15534,1,0,0,0,0
15535,1,0,0,0,0
15536,1,0,0,0,0
15537,1,0,0,0,0
15538,1,0,0,0,0
15539,1,0,0,0,0
15540,1,0,0,0,0
15541,1,0,0,0,0
15542,1,0,0,0,0
15543,1,0,0,0,0
15544,1,0,0,0,0
15545,1,0,0,0,0
15546,1,0,0,0,0
15547,1,0,0,0,0
15548,1,0,0,0,0
15549,1,0,0,0,0
15550,1,0,0,0,0
15551,1,0,0,0,0
15552,1,0,0,0,0
15553,1,0,0,0,0
15554,1,0,0,0,0
15555,1,0,0,0,0
15556,1,0,0,0,0
15557,1,0,0,0,0
15558,1,0,0,0,0
15559,1,0,0,0,0
15560,1,0,0,0,0
15561,1,0,0,0,0
15562,1,0,0,0,0
15563,1,0,0,0,0
15564,1,0,0,0,0
15565,1,0,0,0,0
15566,1,0,0,0,0
15567,1,0,0,0,0
15568,1,0,0,0,0
15569,1,0,0,0,0
15570,1,0,0,0,0
15571,1,0,0,0,0
15572,1,0,0,0,0
15573,1,0,0,0,0
15574,1,0,0,0,0
15575,1,0,0,0,0
15576,1,0,0,0,0
15577,1,0,0,0,0
15578,1,0,0,0,0
15579,1,0,0,0,0
15580,1,0,0,0,0
15581,1,0,0,0,0
15582,1,0,0,0,0
15583,1,0,0,0,0
15584,1,0,0,0,0
15585,1,0,0,0,0
15586,1,0,0,0,0
15587,1,0,0,0,0
15588,1,0,0,0,0
15589,1,0,0,0,0
15590,1,0,0,0,0
15591,1,0,0,0,0
15592,1,0,0,0,0
15593,1,0,0,0,0
15594,1,0,0,0,0
15595,1,0,0,0,0
15596,1,0,0,0,0
15597,1,0,0,0,0
15598,1,0,0,0,0
15599,1,0,0,0,0
15600,1,0,0,0,0
15601,1,0,0,0,0
15602,1,0,0,0,0
15603,1,0,0,0,0
15604,1,0,0,0,0
15605,1,0,0,0,0
15606,1,0,0,0,0
15607,1,0,0,0,0
15608,1,0,0,0,0
15609,1,0,0,0,0
15610,1,0,0,0,0
15611,1,0,0,0,0
15612,1,0,0,0,0
15613,1,0,0,0,0
15614,1,0,0,0,0
15615,1,0,0,0,0
15616,1,0,0,0,0
15617,1,0,0,0,0
15618,1,0,0,0,0
15619,1,0,0,0,0
15620,1,0,0,0,0
15621,1,0,0,0,0
15622,1,0,0,0,0
15623,1,0,0,0,0
15624,1,0,0,0,0
15625,1,0,0,0,0
15626,1,0,0,0,0
15627,1,0,0,0,0
15628,1,0,0,0,0
15629,1,0,0,0,0
15630,1,0,0,0,0
15631,1,0,0,0,0
15632,1,0,0,0,0
15633,1,0,0,0,0
15634,1,0,0,0,0
15635,1,0,0,0,0
15636,1,0,0,0,0
15637,1,0,0,0,0
15638,1,0,0,0,0
15639,1,0,0,0,0
15640,1,0,0,0,0
15641,1,0,0,0,0
15642,1,0,0,0,0
15643,1,0,0,0,0
15644,1,0,0,0,0
15645,1,0,0,0,0
15646,1,0,0,0,0
15647,1,0,0,0,0
15648,0,0,0,0,1
15649,0,0,0,0,1
15650,0,0,0,0,1
15651,0,0,0,0,1
15652,0,0,0,0,1
15653,0,0,0,0,1
15654,0,0,0,0,1
15655,0,0,0,0,1
15656,0,0,0,0,1
15657,0,0,0,0,1
15658,0,0,0,0,1
15659,0,0,0,0,1
15660,0,0,0,0,1
15661,0,0,0,0,1
15662,0,0,0,0,1
15663,0,0,0,0,1
15664,0,0,0,0,1
15665,0,0,0,0,1
15666,0,0,0,0,1
15667,0,0,0,0,1
15668,0,0,0,0,1
15669,0,0,0,0,1
15670,0,0,0,0,1
15671,0,0,0,0,1
15672,1,0,0,0,0
15673,1,0,0,0,0
15674,1,0,0,0,0
15675,1,0,0,0,0
15676,1,0,0,0,0
15677,1,0,0,0,0
15678,1,0,0,0,0
15679,1,0,0,0,0
15680,1,0,0,0,0
15681,1,0,0,0,0
15682,1,0,0,0,0
15683,1,0,0,0,0
15684,1,0,0,0,0
15685,1,0,0,0,0
15686,1,0,0,0,0
15687,1,0,0,0,0
15688,1,0,0,0,0
15689,0,0,0,1,0
15690,0,0,0,1,0
15691,0,0,0,1,0
15692,0,0,0,1,0
15693,0,0,0,1,0
15694,0,0,0,1,0
15695,1,0,0,0,0
15696,1,0,0,0,0
15697,1,0,0,0,0
15698,1,0,0,0,0
15699,1,0,0,0,0
15700,1,0,0,0,0
15701,1,0,0,0,0
15702,1,0,0,0,0
15703,1,0,0,0,0
15704,1,0,0,0,0
15705,1,0,0,0,0
15706,1,0,0,0,0
15707,1,0,0,0,0
15708,1,0,0,0,0
15709,1,0,0,0,0
15710,1,0,0,0,0
15711,1,0,0,0,0
15712,1,0,0,0,0
15713,1,0,0,0,0
15714,1,0,0,0,0
15715,1,0,0,0,0
15716,1,0,0,0,0
15717,0,1,0,0,0
15718,0,1,0,0,0
15719,0,1,0,0,0
15720,0,1,0,0,0
15721,0,1,0,0,0
15722,0,1,0,0,0
15723,0,1,0,0,0
15724,0,1,0,0,0
15725,0,1,0,0,0
15726,0,1,0,0,0
15727,0,1,0,0,0
15728,0,1,0,0,0
15729,0,1,0,0,0
15730,0,1,0,0,0
15731,0,1,0,0,0
15732,0,1,0,0,0
15733,0,1,0,0,0
15734,0,1,0,0,0
15735,0,1,0,0,0
15736,0,1,0,0,0
15737,0,1,0,0,0
15738,0,1,0,0,0
15739,0,1,0,0,0
15740,0,1,0,0,0
15741,0,1,0,0,0
15742,0,1,0,0,0
15743,0,1,0,0,0
15744,0,1,0,0,0
15745,0,1,0,0,0
15746,0,1,0,0,0
15747,0,1,0,0,0
15748,0,1,0,0,0
15749,0,1,0,0,0
15750,0,1,0,0,0
15751,0,1,0,0,0
15752,0,1,0,0,0
15753,0,1,0,0,0
15754,0,1,0,0,0
15755,0,1,0,0,0
15756,0,1,0,0,0
15757,0,1,0,0,0
15758,0,1,0,0,0
15759,0,1,0,0,0
15760,0,1,0,0,0
15761,0,1,0,0,0
15762,0,1,0,0,0
15763,0,1,0,0,0
15764,0,1,0,0,0
15765,0,1,0,0,0
15766,0,1,0,0,0
15767,0,1,0,0,0
15768,0,1,0,0,0
15769,0,1,0,0,0
15770,0,1,0,0,0
15771,0,1,0,0,0
15772,0,1,0,0,0
15773,0,1,0,0,0
15774,0,1,0,0,0
15775,0,1,0,0,0
15776,0,1,0,0,0
15777,0,1,0,0,0
15778,0,1,0,0,0
15779,0,1,0,0,0
15780,0,1,0,0,0
15781,0,1,0,0,0
15782,0,1,0,0,0
15783,0,1,0,0,0
15784,0,1,0,0,0
15785,0,1,0,0,0
15786,0,1,0,0,0
15787,0,1,0,0,0
15788,0,1,0,0,0
15789,0,1,0,0,0
15790,0,1,0,0,0
15791,1,0,0,0,0
15792,0,0,0,1,0
15793,0,0,0,1,0
15794,0,0,0,1,0
15795,0,0,0,1,0
15796,0,0,0,1,0
15797,0,0,0,1,0
15798,0,0,0,1,0
15799,0,0,0,1,0
15800,0,0,0,1,0
15801,0,0,0,1,0
15802,0,0,0,1,0
15803,1,0,0,0,0
15804,1,0,0,0,0
15805,1,0,0,0,0
15806,1,0,0,0,0
15807,1,0,0,0,0
15808,1,0,0,0,0
15809,1,0,0,0,0
15810,1,0,0,0,0
15811,1,0,0,0,0
15812,1,0,0,0,0
15813,1,0,0,0,0
15814,1,0,0,0,0
15815,1,0,0,0,0
15816,1,0,0,0,0
15817,1,0,0,0,0
15818,1,0,0,0,0
15819,1,0,0,0,0
15820,1,0,0,0,0
15821,1,0,0,0,0
15822,1,0,0,0,0
15823,1,0,0,0,0
15824,1,0,0,0,0
15825,1,0,0,0,0
15826,1,0,0,0,0
15827,1,0,0,0,0
15828,1,0,0,0,0
15829,1,0,0,0,0
15830,1,0,0,0,0
15831,1,0,0,0,0
15832,1,0,0,0,0
15833,1,0,0,0,0
15834,1,0,0,0,0
15835,1,0,0,0,0
15836,1,0,0,0,0
15837,1,0,0,0,0
15838,1,0,0,0,0
15839,1,0,0,0,0
15840,1,0,0,0,0
15841,1,0,0,0,0
15842,1,0,0,0,0
15843,1,0,0,0,0
15844,1,0,0,0,0
15845,1,0,0,0,0
15846,1,0,0,0,0
15847,1,0,0,0,0
15848,1,0,0,0,0
15849,1,0,0,0,0
15850,1,0,0,0,0
15851,1,0,0,0,0
15852,1,0,0,0,0
15853,1,0,0,0,0
15854,1,0,0,0,0
15855,1,0,0,0,0
15856,1,0,0,0,0
15857,1,0,0,0,0
15858,1,0,0,0,0
15859,1,0,0,0,0
15860,1,0,0,0,0
15861,1,0,0,0,0
15862,1,0,0,0,0
15863,1,0,0,0,0
15864,1,0,0,0,0
15865,1,0,0,0,0
15866,1,0,0,0,0
15867,1,0,0,0,0
15868,1,0,0,0,0
15869,1,0,0,0,0
15870,1,0,0,0,0
15871,1,0,0,0,0
15872,1,0,0,0,0
15873,1,0,0,0,0
15874,1,0,0,0,0
15875,1,0,0,0,0
15876,1,0,0,0,0
15877,1,0,0,0,0
15878,1,0,0,0,0
15879,1,0,0,0,0
15880,1,0,0,0,0
15881,1,0,0,0,0
15882,1,0,0,0,0
15883,1,0,0,0,0
15884,0,0,0,0,1
15885,0,0,0,0,1
15886,0,0,0,0,1
15887,0,0,0,0,1
15888,0,0,0,0,1
15889,0,0,0,0,1
15890,0,0,0,0,1
15891,0,0,0,0,1
15892,0,0,0,0,1
15893,0,0,0,0,1
15894,0,0,0,0,1
15895,0,0,0,0,1
15896,0,0,0,0,1
15897,0,0,0,0,1
15898,0,0,0,0,1
15899,0,0,0,0,1
15900,0,0,0,0,1
15901,0,0,0,0,1
15902,0,0,0,0,1
15903,0,0,0,0,1
15904,0,0,0,0,1
15905,0,0,0,0,1
15906,0,0,0,0,1
15907,0,0,0,0,1
15908,0,0,0,0,1
15909,0,0,0,0,1
15910,0,0,0,0,1
15911,0,0,0,0,1
15912,0,0,0,0,1
15913,0,0,0,0,1
15914,0,0,0,0,1
15915,0,0,0,0,1
15916,0,0,0,0,1
15917,0,0,0,0,1
15918,0,0,0,0,1
15919,0,0,0,0,1
15920,0,0,0,0,1
15921,0,0,0,0,1
15922,0,0,0,0,1
15923,0,0,0,0,1
15924,0,0,0,0,1
15925,0,0,0,0,1
15926,0,0,0,0,1
15927,0,0,0,0,1
15928,0,0,0,0,1
15929,0,0,0,0,1
15930,0,0,0,0,1
15931,0,0,0,0,1
15932,0,0,0,0,1
15933,0,0,0,0,1
15934,0,0,0,0,1
15935,0,0,0,0,1
15936,0,0,0,0,1
15937,0,0,0,0,1
15938,0,0,0,0,1
15939,0,0,0,0,1
15940,0,0,0,0,1
15941,0,0,0,0,1
15942,0,0,0,0,1
15943,0,0,0,0,1
15944,0,0,0,0,1
15945,0,0,0,0,1
15946,0,0,0,0,1
15947,0,0,0,0,1
15948,0,0,0,0,1
15949,0,0,0,0,1
15950,0,0,0,0,1
15951,0,0,0,0,1
15952,0,0,0,0,1
15953,0,0,0,0,1
15954,0,0,0,0,1
15955,0,0,0,0,1
15956,0,0,0,0,1
15957,0,0,0,0,1
15958,0,0,0,0,1
15959,0,0,0,0,1
15960,0,0,0,0,1
15961,0,0,0,0,1
15962,0,0,0,0,1
15963,0,0,0,0,1
15964,0,0,0,0,1
15965,0,0,0,0,1
15966,0,0,0,0,1
15967,0,0,0,0,1
15968,0,0,0,0,1
15969,0,0,0,0,1
15970,0,0,0,0,1
15971,0,0,0,0,1
15972,0,0,0,0,1
15973,0,0,0,0,1
15974,0,0,0,0,1
15975,0,0,0,0,1
15976,0,0,0,0,1
15977,0,0,0,0,1
15978,0,0,0,0,1
15979,0,0,0,0,1
15980,0,0,0,0,1
15981,0,0,0,0,1
15982,0,0,0,0,1
15983,0,0,0,0,1
15984,0,0,0,0,1
15985,0,0,0,0,1
15986,0,0,0,0,1
15987,0,0,0,0,1
15988,0,0,0,0,1
15989,0,0,0,0,1
15990,0,0,0,0,1
15991,0,0,0,0,1
15992,0,0,0,0,1
15993,0,0,0,0,1
15994,0,0,0,0,1
15995,0,0,0,0,1
15996,0,0,0,0,1
15997,0,0,0,0,1
15998,0,0,0,0,1
15999,0,0,0,0,1
16000,0,0,0,0,1
16001,0,0,0,0,1
16002,0,0,0,0,1
16003,0,0,0,0,1
16004,0,0,0,0,1
16005,0,0,0,0,1
16006,0,0,0,0,1
16007,0,0,0,0,1
16008,0,0,0,0,1
16009,0,0,0,0,1
16010,0,0,0,0,1
16011,0,0,0,0,1
16012,0,0,0,0,1
16013,0,0,0,0,1
16014,1,0,0,0,0
16015,1,0,0,0,0
16016,1,0,0,0,0
16017,1,0,0,0,0
16018,1,0,0,0,0
16019,1,0,0,0,0
16020,1,0,0,0,0
16021,1,0,0,0,0
16022,1,0,0,0,0
16023,1,0,0,0,0
16024,1,0,0,0,0
16025,1,0,0,0,0
16026,1,0,0,0,0
16027,1,0,0,0,0
16028,1,0,0,0,0
16029,1,0,0,0,0
16030,1,0,0,0,0
16031,1,0,0,0,0
16032,1,0,0,0,0
16033,1,0,0,0,0
16034,1,0,0,0,0
16035,1,0,0,0,0
16036,1,0,0,0,0
16037,1,0,0,0,0
16038,1,0,0,0,0
16039,1,0,0,0,0
16040,1,0,0,0,0
16041,1,0,0,0,0
16042,1,0,0,0,0
16043,1,0,0,0,0
16044,1,0,0,0,0
16045,1,0,0,0,0
16046,1,0,0,0,0
16047,1,0,0,0,0
16048,1,0,0,0,0
16049,1,0,0,0,0
16050,1,0,0,0,0
16051,1,0,0,0,0
16052,1,0,0,0,0
16053,1,0,0,0,0
16054,1,0,0,0,0
16055,1,0,0,0,0
16056,1,0,0,0,0
16057,1,0,0,0,0
16058,1,0,0,0,0
16059,1,0,0,0,0
16060,1,0,0,0,0
16061,1,0,0,0,0
16062,1,0,0,0,0
16063,1,0,0,0,0
16064,1,0,0,0,0
16065,1,0,0,0,0
16066,1,0,0,0,0
16067,1,0,0,0,0
16068,1,0,0,0,0
16069,1,0,0,0,0
16070,1,0,0,0,0
16071,1,0,0,0,0
16072,1,0,0,0,0
16073,1,0,0,0,0
16074,1,0,0,0,0
16075,1,0,0,0,0
16076,1,0,0,0,0
16077,1,0,0,0,0
16078,1,0,0,0,0
16079,1,0,0,0,0
16080,1,0,0,0,0
16081,1,0,0,0,0
16082,1,0,0,0,0
16083,1,0,0,0,0
16084,1,0,0,0,0
16085,1,0,0,0,0
16086,1,0,0,0,0
16087,1,0,0,0,0
16088,1,0,0,0,0
16089,1,0,0,0,0
16090,1,0,0,0,0
16091,1,0,0,0,0
16092,1,0,0,0,0
16093,1,0,0,0,0
16094,1,0,0,0,0
16095,1,0,0,0,0
16096,1,0,0,0,0
16097,1,0,0,0,0
16098,1,0,0,0,0
16099,1,0,0,0,0
16100,1,0,0,0,0
16101,1,0,0,0,0
16102,1,0,0,0,0
16103,1,0,0,0,0
16104,1,0,0,0,0
16105,1,0,0,0,0
16106,1,0,0,0,0
16107,1,0,0,0,0
16108,1,0,0,0,0
16109,1,0,0,0,0
16110,1,0,0,0,0
16111,1,0,0,0,0
16112,1,0,0,0,0
16113,1,0,0,0,0
16114,1,0,0,0,0
16115,1,0,0,0,0
16116,1,0,0,0,0
16117,1,0,0,0,0
16118,1,0,0,0,0
16119,1,0,0,0,0
16120,1,0,0,0,0
16121,1,0,0,0,0
16122,1,0,0,0,0
16123,1,0,0,0,0
16124,1,0,0,0,0
16125,1,0,0,0,0
16126,1,0,0,0,0
16127,1,0,0,0,0
16128,1,0,0,0,0
16129,1,0,0,0,0
16130,1,0,0,0,0
16131,1,0,0,0,0
16132,1,0,0,0,0
16133,1,0,0,0,0
16134,1,0,0,0,0
16135,1,0,0,0,0
16136,1,0,0,0,0
16137,1,0,0,0,0
16138,1,0,0,0,0
16139,1,0,0,0,0
16140,1,0,0,0,0
16141,1,0,0,0,0
16142,1,0,0,0,0
16143,1,0,0,0,0
16144,1,0,0,0,0
16145,1,0,0,0,0
16146,1,0,0,0,0
16147,1,0,0,0,0
16148,1,0,0,0,0
16149,1,0,0,0,0
16150,1,0,0,0,0
16151,1,0,0,0,0
16152,1,0,0,0,0
16153,1,0,0,0,0
16154,1,0,0,0,0
16155,1,0,0,0,0
16156,1,0,0,0,0
16157,1,0,0,0,0
16158,1,0,0,0,0
16159,1,0,0,0,0
16160,1,0,0,0,0
16161,1,0,0,0,0
16162,1,0,0,0,0
16163,1,0,0,0,0
16164,1,0,0,0,0
16165,1,0,0,0,0
16166,1,0,0,0,0
16167,1,0,0,0,0
16168,1,0,0,0,0
16169,1,0,0,0,0
16170,1,0,0,0,0
16171,1,0,0,0,0
16172,1,0,0,0,0
16173,1,0,0,0,0
16174,1,0,0,0,0
16175,1,0,0,0,0
16176,1,0,0,0,0
16177,1,0,0,0,0
16178,1,0,0,0,0
16179,1,0,0,0,0
16180,1,0,0,0,0
16181,1,0,0,0,0
16182,1,0,0,0,0
16183,1,0,0,0,0
16184,1,0,0,0,0
16185,1,0,0,0,0
16186,1,0,0,0,0
16187,1,0,0,0,0
16188,1,0,0,0,0
16189,1,0,0,0,0
16190,1,0,0,0,0
16191,1,0,0,0,0
16192,1,0,0,0,0
16193,1,0,0,0,0
16194,1,0,0,0,0
16195,1,0,0,0,0
16196,1,0,0,0,0
16197,1,0,0,0,0
16198,1,0,0,0,0
16199,1,0,0,0,0
16200,1,0,0,0,0
16201,1,0,0,0,0
16202,1,0,0,0,0
16203,1,0,0,0,0
16204,1,0,0,0,0
16205,1,0,0,0,0
16206,1,0,0,0,0
16207,1,0,0,0,0
16208,1,0,0,0,0
16209,1,0,0,0,0
16210,1,0,0,0,0
16211,1,0,0,0,0
16212,1,0,0,0,0
16213,1,0,0,0,0
16214,1,0,0,0,0
16215,1,0,0,0,0
16216,1,0,0,0,0
16217,1,0,0,0,0
16218,1,0,0,0,0
16219,1,0,0,0,0
16220,1,0,0,0,0
16221,1,0,0,0,0
16222,1,0,0,0,0
16223,1,0,0,0,0
16224,1,0,0,0,0
16225,1,0,0,0,0
16226,1,0,0,0,0
16227,1,0,0,0,0
16228,1,0,0,0,0
16229,1,0,0,0,0
16230,1,0,0,0,0
16231,1,0,0,0,0
16232,1,0,0,0,0
16233,1,0,0,0,0
16234,1,0,0,0,0
16235,1,0,0,0,0
16236,1,0,0,0,0
16237,1,0,0,0,0
16238,1,0,0,0,0
16239,1,0,0,0,0
16240,1,0,0,0,0
16241,1,0,0,0,0
16242,1,0,0,0,0
16243,1,0,0,0,0
16244,1,0,0,0,0
16245,1,0,0,0,0
16246,1,0,0,0,0
16247,1,0,0,0,0
16248,0,0,0,0,1
16249,0,0,0,0,1
16250,0,0,0,0,1
16251,0,0,0,0,1
16252,0,0,0,0,1
16253,0,0,0,0,1
16254,0,0,0,0,1
16255,0,0,0,0,1
16256,0,0,0,0,1
16257,0,0,0,0,1
16258,0,0,0,0,1
16259,0,0,0,0,1
16260,0,0,0,0,1
16261,0,0,0,0,1
16262,0,0,0,0,1
16263,0,0,0,0,1
16264,0,0,0,0,1
16265,0,0,0,0,1
16266,0,0,0,0,1
16267,0,0,0,0,1
16268,0,0,0,0,1
16269,0,0,0,0,1
16270,0,0,0,0,1
16271,0,0,0,0,1
16272,0,0,0,0,1
16273,0,0,0,0,1
16274,0,0,0,0,1
16275,0,0,0,0,1
16276,0,0,0,0,1
16277,0,0,0,0,1
16278,0,0,0,0,1
16279,0,0,0,0,1
16280,0,0,0,0,1
16281,0,0,0,0,1
16282,1,0,0,0,0
16283,1,0,0,0,0
16284,1,0,0,0,0
16285,1,0,0,0,0
16286,1,0,0,0,0
16287,1,0,0,0,0
16288,1,0,0,0,0
16289,1,0,0,0,0
16290,1,0,0,0,0
16291,1,0,0,0,0
16292,1,0,0,0,0
16293,1,0,0,0,0
16294,1,0,0,0,0
16295,1,0,0,0,0
16296,1,0,0,0,0
16297,1,0,0,0,0
16298,1,0,0,0,0
16299,1,0,0,0,0
16300,1,0,0,0,0
16301,1,0,0,0,0
16302,1,0,0,0,0
16303,1,0,0,0,0
16304,1,0,0,0,0
16305,1,0,0,0,0
16306,1,0,0,0,0
16307,1,0,0,0,0
16308,1,0,0,0,0
16309,1,0,0,0,0
16310,1,0,0,0,0
16311,1,0,0,0,0
16312,1,0,0,0,0
16313,1,0,0,0,0
16314,1,0,0,0,0
16315,1,0,0,0,0
16316,1,0,0,0,0
16317,1,0,0,0,0
16318,1,0,0,0,0
16319,1,0,0,0,0
16320,1,0,0,0,0
16321,1,0,0,0,0
16322,1,0,0,0,0
16323,1,0,0,0,0
16324,1,0,0,0,0
16325,1,0,0,0,0
16326,1,0,0,0,0
16327,1,0,0,0,0
16328,1,0,0,0,0
16329,1,0,0,0,0
16330,1,0,0,0,0
16331,1,0,0,0,0
16332,1,0,0,0,0
16333,1,0,0,0,0
16334,1,0,0,0,0
16335,1,0,0,0,0
16336,1,0,0,0,0
16337,1,0,0,0,0
16338,1,0,0,0,0
16339,1,0,0,0,0
16340,1,0,0,0,0
16341,1,0,0,0,0
16342,1,0,0,0,0
16343,1,0,0,0,0
16344,1,0,0,0,0
16345,1,0,0,0,0
16346,1,0,0,0,0
16347,1,0,0,0,0
16348,1,0,0,0,0
16349,1,0,0,0,0
16350,1,0,0,0,0
16351,1,0,0,0,0
16352,1,0,0,0,0
16353,1,0,0,0,0
16354,1,0,0,0,0
16355,1,0,0,0,0
16356,1,0,0,0,0
16357,1,0,0,0,0
16358,1,0,0,0,0
16359,1,0,0,0,0
16360,1,0,0,0,0
16361,1,0,0,0,0
16362,1,0,0,0,0
16363,0,0,0,0,1
16364,0,0,0,0,1
16365,0,0,0,0,1
16366,0,0,0,0,1
16367,0,0,0,0,1
16368,0,0,0,0,1
16369,0,0,0,0,1
16370,0,0,0,0,1
16371,0,0,0,0,1
16372,0,0,0,0,1
16373,0,0,0,0,1
16374,0,0,0,0,1
16375,0,0,0,0,1
16376,0,0,0,0,1
16377,0,0,0,0,1
16378,0,0,0,0,1
16379,0,0,0,0,1
16380,0,0,0,0,1
16381,0,0,0,0,1
16382,0,0,0,0,1
16383,0,0,0,0,1
16384,0,0,0,0,1
16385,0,0,0,0,1
16386,0,0,0,0,1
16387,0,0,0,0,1
16388,0,0,0,0,1
16389,0,0,0,0,1
16390,0,0,0,0,1
16391,0,0,0,0,1
16392,0,0,0,0,1
16393,0,0,0,0,1
16394,0,0,0,0,1
16395,0,0,0,0,1
16396,0,0,0,0,1
16397,0,0,0,0,1
16398,0,0,0,0,1
16399,0,0,0,0,1
16400,0,0,0,0,1
16401,0,0,0,0,1
16402,0,0,0,0,1
16403,0,0,0,0,1
16404,0,0,0,0,1
16405,0,0,0,0,1
16406,0,0,0,0,1
16407,0,0,0,0,1
16408,0,0,0,0,1
16409,0,0,0,0,1
16410,0,0,0,0,1
16411,0,0,0,0,1
16412,0,0,0,0,1
16413,0,0,0,0,1
16414,0,0,0,0,1
16415,0,0,0,0,1
16416,0,0,0,0,1
16417,0,0,0,0,1
16418,0,0,0,0,1
16419,0,0,0,0,1
16420,0,0,0,0,1
16421,0,0,0,0,1
16422,0,0,0,0,1
16423,0,0,0,0,1
16424,0,0,0,0,1
16425,0,0,0,0,1
16426,0,0,0,0,1
16427,0,0,0,0,1
16428,0,0,0,0,1
16429,0,0,0,0,1
16430,0,0,0,0,1
16431,0,0,0,0,1
16432,0,0,0,0,1
16433,0,0,0,0,1
16434,0,0,0,0,1
16435,0,0,0,0,1
16436,0,0,0,0,1
16437,0,0,0,0,1
16438,0,0,0,0,1
16439,0,0,0,0,1
16440,0,0,0,0,1
16441,0,0,0,0,1
16442,0,0,0,0,1
16443,0,0,0,0,1
16444,0,0,0,0,1
16445,0,0,0,0,1
16446,0,0,0,0,1
16447,0,0,0,0,1
16448,0,0,0,0,1
16449,0,0,0,0,1
16450,0,0,0,0,1
16451,0,0,0,0,1
16452,0,0,0,0,1
16453,0,0,0,0,1
16454,0,0,0,0,1
16455,0,0,0,0,1
16456,0,0,0,0,1
16457,0,0,0,0,1
16458,0,0,0,0,1
16459,0,0,0,0,1
16460,0,0,0,0,1
16461,0,0,0,0,1
16462,0,0,0,0,1
16463,0,0,0,0,1
16464,0,0,0,0,1
16465,0,0,0,0,1
16466,0,0,0,0,1
16467,0,0,0,0,1
16468,0,0,0,0,1
16469,0,0,0,0,1
16470,0,0,0,0,1
16471,0,0,0,0,1
16472,0,0,0,0,1
16473,0,0,0,0,1
16474,0,0,0,0,1
16475,0,0,0,0,1
16476,0,0,0,0,1
16477,0,0,0,0,1
16478,0,0,0,0,1
16479,0,0,0,0,1
16480,0,0,0,0,1
16481,0,0,0,0,1
16482,0,0,0,0,1
16483,0,0,0,0,1
16484,0,0,0,0,1
16485,0,0,0,0,1
16486,0,0,0,0,1
16487,0,0,0,0,1
16488,0,0,0,0,1
16489,0,0,0,0,1
16490,0,0,0,0,1
16491,0,0,0,0,1
16492,0,0,0,0,1
16493,0,0,0,0,1
16494,0,0,0,0,1
16495,0,0,0,0,1
16496,1,0,0,0,0
16497,1,0,0,0,0
16498,1,0,0,0,0
16499,1,0,0,0,0
16500,1,0,0,0,0
16501,1,0,0,0,0
16502,1,0,0,0,0
16503,1,0,0,0,0
16504,1,0,0,0,0
16505,1,0,0,0,0
16506,1,0,0,0,0
16507,1,0,0,0,0
16508,1,0,0,0,0
16509,1,0,0,0,0
16510,1,0,0,0,0
16511,1,0,0,0,0
16512,1,0,0,0,0
16513,1,0,0,0,0
16514,1,0,0,0,0
16515,0,0,0,1,0
16516,0,0,0,1,0
16517,0,0,0,1,0
16518,0,0,0,1,0
16519,0,0,0,1,0
16520,0,0,0,1,0
16521,0,0,0,1,0
16522,0,0,0,1,0
16523,0,0,0,1,0
16524,1,0,0,0,0
16525,1,0,0,0,0
16526,1,0,0,0,0
16527,1,0,0,0,0
16528,1,0,0,0,0
16529,1,0,0,0,0
16530,1,0,0,0,0
16531,1,0,0,0,0
16532,1,0,0,0,0
16533,1,0,0,0,0
16534,1,0,0,0,0
16535,1,0,0,0,0
16536,1,0,0,0,0
16537,1,0,0,0,0
16538,1,0,0,0,0
16539,1,0,0,0,0
16540,1,0,0,0,0
16541,1,0,0,0,0
16542,0,0,0,1,0
16543,0,0,0,1,0
16544,0,0,0,1,0
16545,0,0,0,1,0
16546,0,0,0,1,0
16547,0,0,0,1,0
16548,0,0,0,1,0
16549,0,0,0,1,0
16550,0,0,0,1,0
16551,0,0,0,1,0
16552,0,0,0,1,0
16553,0,0,0,1,0
16554,1,0,0,0,0
16555,1,0,0,0,0
16556,1,0,0,0,0
16557,1,0,0,0,0
16558,1,0,0,0,0
16559,1,0,0,0,0
16560,1,0,0,0,0
16561,1,0,0,0,0
16562,1,0,0,0,0
16563,1,0,0,0,0
16564,1,0,0,0,0
16565,1,0,0,0,0
16566,1,0,0,0,0
16567,1,0,0,0,0
16568,1,0,0,0,0
16569,1,0,0,0,0
16570,1,0,0,0,0
16571,1,0,0,0,0
16572,1,0,0,0,0
16573,1,0,0,0,0
16574,1,0,0,0,0
16575,1,0,0,0,0
16576,1,0,0,0,0
16577,1,0,0,0,0
16578,1,0,0,0,0
16579,1,0,0,0,0
16580,1,0,0,0,0
16581,1,0,0,0,0
16582,1,0,0,0,0
16583,1,0,0,0,0
16584,1,0,0,0,0
16585,1,0,0,0,0
16586,1,0,0,0,0
16587,1,0,0,0,0
16588,1,0,0,0,0
16589,1,0,0,0,0
16590,1,0,0,0,0
16591,1,0,0,0,0
16592,1,0,0,0,0
16593,1,0,0,0,0
16594,1,0,0,0,0
16595,1,0,0,0,0
16596,1,0,0,0,0
16597,1,0,0,0,0
16598,1,0,0,0,0
16599,1,0,0,0,0
16600,1,0,0,0,0
16601,1,0,0,0,0
16602,1,0,0,0,0
16603,1,0,0,0,0
16604,1,0,0,0,0
16605,1,0,0,0,0
16606,1,0,0,0,0
16607,1,0,0,0,0
16608,1,0,0,0,0
16609,1,0,0,0,0
16610,1,0,0,0,0
16611,1,0,0,0,0
16612,1,0,0,0,0
16613,1,0,0,0,0
16614,1,0,0,0,0
16615,1,0,0,0,0
16616,1,0,0,0,0
16617,1,0,0,0,0
16618,1,0,0,0,0
16619,1,0,0,0,0
16620,1,0,0,0,0
16621,1,0,0,0,0
16622,1,0,0,0,0
16623,1,0,0,0,0
16624,1,0,0,0,0
16625,1,0,0,0,0
16626,1,0,0,0,0
16627,1,0,0,0,0
16628,1,0,0,0,0
16629,1,0,0,0,0
16630,1,0,0,0,0
16631,1,0,0,0,0
16632,1,0,0,0,0
16633,1,0,0,0,0
16634,1,0,0,0,0
16635,1,0,0,0,0
16636,1,0,0,0,0
16637,1,0,0,0,0
16638,1,0,0,0,0
16639,1,0,0,0,0
16640,1,0,0,0,0
16641,1,0,0,0,0
16642,1,0,0,0,0
16643,1,0,0,0,0
16644,1,0,0,0,0
16645,1,0,0,0,0
16646,1,0,0,0,0
16647,1,0,0,0,0
16648,1,0,0,0,0
16649,1,0,0,0,0
16650,1,0,0,0,0
16651,1,0,0,0,0
16652,1,0,0,0,0
16653,1,0,0,0,0
16654,1,0,0,0,0
16655,1,0,0,0,0
16656,1,0,0,0,0
16657,1,0,0,0,0
16658,1,0,0,0,0
16659,1,0,0,0,0
16660,1,0,0,0,0
16661,1,0,0,0,0
16662,1,0,0,0,0
16663,1,0,0,0,0
16664,1,0,0,0,0
16665,1,0,0,0,0
16666,1,0,0,0,0
16667,1,0,0,0,0
16668,1,0,0,0,0
16669,1,0,0,0,0
16670,1,0,0,0,0
16671,1,0,0,0,0
16672,1,0,0,0,0
16673,1,0,0,0,0
16674,1,0,0,0,0
16675,1,0,0,0,0
16676,1,0,0,0,0
16677,1,0,0,0,0
16678,1,0,0,0,0
16679,1,0,0,0,0
16680,1,0,0,0,0
16681,1,0,0,0,0
16682,1,0,0,0,0
16683,1,0,0,0,0
16684,1,0,0,0,0
16685,1,0,0,0,0
16686,1,0,0,0,0
16687,1,0,0,0,0
16688,1,0,0,0,0
16689,1,0,0,0,0
16690,1,0,0,0,0
16691,1,0,0,0,0
16692,1,0,0,0,0
16693,1,0,0,0,0
16694,1,0,0,0,0
16695,1,0,0,0,0
16696,1,0,0,0,0
16697,1,0,0,0,0
16698,1,0,0,0,0
16699,1,0,0,0,0
16700,1,0,0,0,0
16701,1,0,0,0,0
16702,1,0,0,0,0
16703,1,0,0,0,0
16704,1,0,0,0,0
16705,1,0,0,0,0
16706,1,0,0,0,0
16707,1,0,0,0,0
16708,1,0,0,0,0
16709,1,0,0,0,0
16710,1,0,0,0,0
16711,1,0,0,0,0
16712,1,0,0,0,0
16713,1,0,0,0,0
16714,1,0,0,0,0
16715,1,0,0,0,0
16716,1,0,0,0,0
16717,1,0,0,0,0
16718,1,0,0,0,0
16719,1,0,0,0,0
16720,1,0,0,0,0
16721,1,0,0,0,0
16722,1,0,0,0,0
16723,1,0,0,0,0
16724,1,0,0,0,0
16725,1,0,0,0,0
16726,1,0,0,0,0
16727,1,0,0,0,0
16728,1,0,0,0,0
16729,1,0,0,0,0
16730,1,0,0,0,0
16731,1,0,0,0,0
16732,1,0,0,0,0
16733,1,0,0,0,0
16734,1,0,0,0,0
16735,1,0,0,0,0
16736,1,0,0,0,0
16737,1,0,0,0,0
16738,1,0,0,0,0
16739,1,0,0,0,0
16740,1,0,0,0,0
16741,1,0,0,0,0
16742,1,0,0,0,0
16743,1,0,0,0,0
16744,1,0,0,0,0
16745,1,0,0,0,0
16746,1,0,0,0,0
16747,1,0,0,0,0
16748,1,0,0,0,0
16749,1,0,0,0,0
16750,1,0,0,0,0
16751,1,0,0,0,0
16752,1,0,0,0,0
16753,1,0,0,0,0
16754,1,0,0,0,0
16755,1,0,0,0,0
16756,1,0,0,0,0
16757,1,0,0,0,0
16758,1,0,0,0,0
16759,1,0,0,0,0
16760,1,0,0,0,0
16761,1,0,0,0,0
16762,1,0,0,0,0
16763,1,0,0,0,0
16764,1,0,0,0,0
16765,1,0,0,0,0
16766,1,0,0,0,0
16767,1,0,0,0,0
16768,1,0,0,0,0
16769,1,0,0,0,0
16770,1,0,0,0,0
16771,1,0,0,0,0
16772,1,0,0,0,0
16773,1,0,0,0,0
16774,1,0,0,0,0
16775,1,0,0,0,0
16776,1,0,0,0,0
16777,1,0,0,0,0
16778,1,0,0,0,0
16779,1,0,0,0,0
16780,1,0,0,0,0
16781,1,0,0,0,0
16782,1,0,0,0,0
16783,1,0,0,0,0
16784,1,0,0,0,0
16785,1,0,0,0,0
16786,1,0,0,0,0
16787,1,0,0,0,0
16788,1,0,0,0,0
16789,1,0,0,0,0
16790,1,0,0,0,0
16791,1,0,0,0,0
16792,1,0,0,0,0
16793,1,0,0,0,0
16794,1,0,0,0,0
16795,1,0,0,0,0
16796,1,0,0,0,0
16797,1,0,0,0,0
16798,1,0,0,0,0
16799,1,0,0,0,0
16800,1,0,0,0,0
16801,1,0,0,0,0
16802,1,0,0,0,0
16803,1,0,0,0,0
16804,1,0,0,0,0
16805,1,0,0,0,0
16806,1,0,0,0,0
16807,1,0,0,0,0
16808,1,0,0,0,0
16809,1,0,0,0,0
16810,1,0,0,0,0
16811,1,0,0,0,0
16812,1,0,0,0,0
16813,1,0,0,0,0
16814,1,0,0,0,0
16815,1,0,0,0,0
16816,1,0,0,0,0
16817,1,0,0,0,0
16818,1,0,0,0,0
16819,1,0,0,0,0
16820,1,0,0,0,0
16821,1,0,0,0,0
16822,1,0,0,0,0
16823,1,0,0,0,0
16824,1,0,0,0,0
16825,1,0,0,0,0
16826,1,0,0,0,0
16827,1,0,0,0,0
16828,1,0,0,0,0
16829,1,0,0,0,0
16830,1,0,0,0,0
16831,1,0,0,0,0
16832,1,0,0,0,0
16833,1,0,0,0,0
16834,1,0,0,0,0
16835,1,0,0,0,0
16836,1,0,0,0,0
16837,1,0,0,0,0
16838,1,0,0,0,0
16839,1,0,0,0,0
16840,1,0,0,0,0
16841,1,0,0,0,0
16842,1,0,0,0,0
16843,1,0,0,0,0
16844,1,0,0,0,0
16845,1,0,0,0,0
16846,1,0,0,0,0
16847,1,0,0,0,0
16848,1,0,0,0,0
16849,1,0,0,0,0
16850,1,0,0,0,0
16851,1,0,0,0,0
16852,1,0,0,0,0
16853,1,0,0,0,0
16854,1,0,0,0,0
16855,1,0,0,0,0
16856,1,0,0,0,0
16857,1,0,0,0,0
16858,1,0,0,0,0
16859,1,0,0,0,0
16860,1,0,0,0,0
16861,1,0,0,0,0
16862,1,0,0,0,0
16863,1,0,0,0,0
16864,1,0,0,0,0
16865,1,0,0,0,0
16866,1,0,0,0,0
16867,1,0,0,0,0
16868,1,0,0,0,0
16869,1,0,0,0,0
16870,1,0,0,0,0
16871,1,0,0,0,0
16872,0,1,0,0,0
16873,0,1,0,0,0
16874,0,1,0,0,0
16875,0,1,0,0,0
16876,0,1,0,0,0
16877,0,1,0,0,0
16878,0,1,0,0,0
16879,0,1,0,0,0
16880,0,1,0,0,0
16881,0,1,0,0,0
16882,0,1,0,0,0
16883,0,1,0,0,0
16884,0,1,0,0,0
16885,0,1,0,0,0
16886,0,1,0,0,0
16887,0,1,0,0,0
16888,0,1,0,0,0
16889,0,1,0,0,0
16890,0,1,0,0,0
16891,0,1,0,0,0
16892,0,1,0,0,0
16893,0,1,0,0,0
16894,0,1,0,0,0
16895,0,1,0,0,0
16896,0,1,0,0,0
16897,0,1,0,0,0
16898,0,1,0,0,0
16899,0,1,0,0,0
16900,0,1,0,0,0
16901,0,1,0,0,0
16902,0,1,0,0,0
16903,0,1,0,0,0
16904,0,1,0,0,0
16905,0,1,0,0,0
16906,0,1,0,0,0
16907,0,1,0,0,0
16908,0,1,0,0,0
16909,0,1,0,0,0
16910,0,1,0,0,0
16911,0,1,0,0,0
16912,0,1,0,0,0
16913,0,1,0,0,0
16914,0,1,0,0,0
16915,0,1,0,0,0
16916,0,1,0,0,0
16917,0,1,0,0,0
16918,0,1,0,0,0
16919,0,1,0,0,0
16920,0,1,0,0,0
16921,0,1,0,0,0
16922,0,1,0,0,0
16923,0,1,0,0,0
16924,0,1,0,0,0
16925,0,1,0,0,0
16926,0,1,0,0,0
16927,0,1,0,0,0
16928,0,1,0,0,0
16929,0,1,0,0,0
16930,0,1,0,0,0
16931,0,1,0,0,0
16932,0,1,0,0,0
16933,0,1,0,0,0
16934,0,1,0,0,0
16935,0,1,0,0,0
16936,0,1,0,0,0
16937,0,1,0,0,0
16938,0,1,0,0,0
16939,0,1,0,0,0
16940,0,1,0,0,0
16941,0,1,0,0,0
16942,0,1,0,0,0
16943,0,1,0,0,0
16944,0,1,0,0,0
16945,0,1,0,0,0
16946,0,1,0,0,0
16947,0,1,0,0,0
16948,0,1,0,0,0
16949,0,1,0,0,0
16950,0,1,0,0,0
16951,0,1,0,0,0
16952,0,1,0,0,0
16953,0,1,0,0,0
16954,0,1,0,0,0
16955,0,1,0,0,0
16956,0,1,0,0,0
16957,0,1,0,0,0
16958,0,1,0,0,0
16959,0,1,0,0,0
16960,0,1,0,0,0
16961,0,1,0,0,0
16962,0,1,0,0,0
16963,0,1,0,0,0
16964,0,1,0,0,0
16965,0,1,0,0,0
16966,0,1,0,0,0
16967,0,1,0,0,0
16968,0,1,0,0,0
16969,0,1,0,0,0
16970,0,1,0,0,0
16971,0,1,0,0,0
16972,0,1,0,0,0
16973,1,0,0,0,0
16974,1,0,0,0,0
16975,1,0,0,0,0
16976,1,0,0,0,0
16977,1,0,0,0,0
16978,1,0,0,0,0
16979,1,0,0,0,0
16980,1,0,0,0,0
16981,1,0,0,0,0
16982,1,0,0,0,0
16983,1,0,0,0,0
16984,1,0,0,0,0
16985,1,0,0,0,0
16986,1,0,0,0,0
16987,1,0,0,0,0
16988,1,0,0,0,0
16989,1,0,0,0,0
16990,1,0,0,0,0
16991,1,0,0,0,0
16992,1,0,0,0,0
16993,1,0,0,0,0
16994,1,0,0,0,0
16995,1,0,0,0,0
16996,1,0,0,0,0
16997,1,0,0,0,0
16998,1,0,0,0,0
16999,1,0,0,0,0
17000,1,0,0,0,0
17001,1,0,0,0,0
17002,1,0,0,0,0
17003,1,0,0,0,0
17004,1,0,0,0,0
17005,1,0,0,0,0
17006,1,0,0,0,0
17007,1,0,0,0,0
17008,1,0,0,0,0
17009,1,0,0,0,0
17010,1,0,0,0,0
17011,1,0,0,0,0
17012,1,0,0,0,0
17013,1,0,0,0,0
17014,1,0,0,0,0
17015,1,0,0,0,0
17016,1,0,0,0,0
17017,1,0,0,0,0
17018,1,0,0,0,0
17019,1,0,0,0,0
17020,1,0,0,0,0
17021,1,0,0,0,0
17022,1,0,0,0,0
17023,1,0,0,0,0
17024,1,0,0,0,0
17025,1,0,0,0,0
17026,1,0,0,0,0
17027,1,0,0,0,0
17028,1,0,0,0,0
17029,1,0,0,0,0
17030,1,0,0,0,0
17031,1,0,0,0,0
17032,1,0,0,0,0
17033,1,0,0,0,0
17034,1,0,0,0,0
17035,1,0,0,0,0
17036,1,0,0,0,0
17037,1,0,0,0,0
17038,1,0,0,0,0
17039,1,0,0,0,0
17040,1,0,0,0,0
17041,1,0,0,0,0
17042,1,0,0,0,0
17043,1,0,0,0,0
17044,1,0,0,0,0
17045,1,0,0,0,0
17046,1,0,0,0,0
17047,1,0,0,0,0
17048,1,0,0,0,0
17049,1,0,0,0,0
17050,1,0,0,0,0
17051,1,0,0,0,0
17052,1,0,0,0,0
17053,1,0,0,0,0
17054,1,0,0,0,0
17055,1,0,0,0,0
17056,1,0,0,0,0
17057,1,0,0,0,0
17058,1,0,0,0,0
17059,1,0,0,0,0
17060,1,0,0,0,0
17061,1,0,0,0,0
17062,1,0,0,0,0
17063,1,0,0,0,0
17064,1,0,0,0,0
17065,1,0,0,0,0
17066,1,0,0,0,0
17067,1,0,0,0,0
17068,1,0,0,0,0
17069,1,0,0,0,0
17070,1,0,0,0,0
17071,1,0,0,0,0
17072,1,0,0,0,0
17073,1,0,0,0,0
17074,1,0,0,0,0
17075,1,0,0,0,0
17076,1,0,0,0,0
17077,1,0,0,0,0
17078,1,0,0,0,0
17079,1,0,0,0,0
17080,1,0,0,0,0
17081,1,0,0,0,0
17082,1,0,0,0,0
17083,1,0,0,0,0
17084,1,0,0,0,0
17085,1,0,0,0,0
17086,1,0,0,0,0
17087,1,0,0,0,0
17088,1,0,0,0,0
17089,1,0,0,0,0
17090,1,0,0,0,0
17091,1,0,0,0,0
17092,1,0,0,0,0
17093,1,0,0,0,0
17094,1,0,0,0,0
17095,1,0,0,0,0
17096,1,0,0,0,0
17097,1,0,0,0,0
17098,1,0,0,0,0
17099,1,0,0,0,0
17100,1,0,0,0,0
17101,1,0,0,0,0
17102,1,0,0,0,0
17103,1,0,0,0,0
17104,1,0,0,0,0
17105,1,0,0,0,0
17106,1,0,0,0,0
17107,1,0,0,0,0
17108,1,0,0,0,0
17109,1,0,0,0,0
17110,1,0,0,0,0
17111,1,0,0,0,0
17112,1,0,0,0,0
17113,1,0,0,0,0
17114,1,0,0,0,0
17115,1,0,0,0,0
17116,1,0,0,0,0
17117,1,0,0,0,0
17118,1,0,0,0,0
17119,1,0,0,0,0
17120,1,0,0,0,0
17121,1,0,0,0,0
17122,1,0,0,0,0
17123,1,0,0,0,0
17124,1,0,0,0,0
17125,1,0,0,0,0
17126,1,0,0,0,0
17127,1,0,0,0,0
17128,1,0,0,0,0
17129,1,0,0,0,0
17130,1,0,0,0,0
17131,1,0,0,0,0
17132,1,0,0,0,0
17133,1,0,0,0,0
17134,1,0,0,0,0
17135,1,0,0,0,0
17136,1,0,0,0,0
17137,1,0,0,0,0
17138,1,0,0,0,0
17139,1,0,0,0,0
17140,1,0,0,0,0
17141,1,0,0,0,0
17142,1,0,0,0,0
17143,1,0,0,0,0
17144,1,0,0,0,0
17145,1,0,0,0,0
17146,1,0,0,0,0
17147,1,0,0,0,0
17148,1,0,0,0,0
17149,1,0,0,0,0
17150,1,0,0,0,0
17151,1,0,0,0,0
17152,1,0,0,0,0
17153,1,0,0,0,0
17154,1,0,0,0,0
17155,1,0,0,0,0
17156,1,0,0,0,0
17157,1,0,0,0,0
17158,1,0,0,0,0
17159,1,0,0,0,0
17160,1,0,0,0,0
17161,1,0,0,0,0
17162,1,0,0,0,0
17163,1,0,0,0,0
17164,1,0,0,0,0
17165,1,0,0,0,0
17166,1,0,0,0,0
17167,1,0,0,0,0
17168,1,0,0,0,0
17169,1,0,0,0,0
17170,1,0,0,0,0
17171,1,0,0,0,0
17172,1,0,0,0,0
17173,1,0,0,0,0
17174,1,0,0,0,0
17175,1,0,0,0,0
17176,1,0,0,0,0
17177,1,0,0,0,0
17178,1,0,0,0,0
17179,1,0,0,0,0
17180,1,0,0,0,0
17181,1,0,0,0,0
17182,1,0,0,0,0
17183,1,0,0,0,0
17184,1,0,0,0,0
17185,1,0,0,0,0
17186,1,0,0,0,0
17187,1,0,0,0,0
17188,1,0,0,0,0
17189,1,0,0,0,0
17190,1,0,0,0,0
17191,1,0,0,0,0
17192,1,0,0,0,0
17193,1,0,0,0,0
17194,1,0,0,0,0
17195,1,0,0,0,0
17196,1,0,0,0,0
17197,0,0,0,0,1
17198,0,0,0,0,1
17199,0,0,0,0,1
17200,0,0,0,0,1
17201,0,0,0,0,1
17202,0,0,0,0,1
17203,0,0,0,0,1
17204,0,0,0,0,1
17205,0,0,0,0,1
17206,0,0,0,0,1
17207,0,0,0,0,1
17208,0,0,0,0,1
17209,0,0,0,0,1
17210,0,0,0,0,1
17211,0,0,0,0,1
17212,0,0,0,0,1
17213,0,0,0,0,1
17214,0,0,0,0,1
17215,0,0,0,0,1
17216,0,0,0,0,1
17217,0,0,0,0,1
17218,0,0,0,0,1
17219,1,0,0,0,0
17220,1,0,0,0,0
17221,1,0,0,0,0
17222,1,0,0,0,0
17223,1,0,0,0,0
17224,1,0,0,0,0
17225,1,0,0,0,0
17226,1,0,0,0,0
17227,1,0,0,0,0
17228,1,0,0,0,0
17229,1,0,0,0,0
17230,1,0,0,0,0
17231,1,0,0,0,0
17232,1,0,0,0,0
17233,1,0,0,0,0
17234,1,0,0,0,0
17235,1,0,0,0,0
17236,1,0,0,0,0
17237,1,0,0,0,0
17238,1,0,0,0,0
17239,1,0,0,0,0
17240,1,0,0,0,0
17241,1,0,0,0,0
17242,1,0,0,0,0
17243,1,0,0,0,0
17244,1,0,0,0,0
17245,1,0,0,0,0
17246,1,0,0,0,0
17247,1,0,0,0,0
17248,1,0,0,0,0
17249,1,0,0,0,0
17250,1,0,0,0,0
17251,1,0,0,0,0
17252,1,0,0,0,0
17253,1,0,0,0,0
17254,1,0,0,0,0
17255,1,0,0,0,0
17256,1,0,0,0,0
17257,1,0,0,0,0
17258,1,0,0,0,0
17259,1,0,0,0,0
17260,1,0,0,0,0
17261,1,0,0,0,0
17262,1,0,0,0,0
17263,1,0,0,0,0
17264,1,0,0,0,0
17265,1,0,0,0,0
17266,1,0,0,0,0
17267,1,0,0,0,0
17268,1,0,0,0,0
17269,1,0,0,0,0
17270,1,0,0,0,0
17271,1,0,0,0,0
17272,1,0,0,0,0
17273,1,0,0,0,0
17274,1,0,0,0,0
17275,1,0,0,0,0
17276,1,0,0,0,0
17277,1,0,0,0,0
17278,1,0,0,0,0
17279,1,0,0,0,0
17280,1,0,0,0,0
17281,1,0,0,0,0
17282,1,0,0,0,0
17283,1,0,0,0,0
17284,1,0,0,0,0
17285,1,0,0,0,0
17286,1,0,0,0,0
17287,1,0,0,0,0
17288,1,0,0,0,0
17289,1,0,0,0,0
17290,1,0,0,0,0
17291,1,0,0,0,0
17292,1,0,0,0,0
17293,1,0,0,0,0
17294,1,0,0,0,0
17295,1,0,0,0,0
17296,0,1,0,0,0
17297,0,1,0,0,0
17298,0,1,0,0,0
17299,0,1,0,0,0
17300,0,1,0,0,0
17301,0,1,0,0,0
17302,0,1,0,0,0
17303,0,1,0,0,0
17304,0,1,0,0,0
17305,0,1,0,0,0
17306,0,1,0,0,0
17307,0,1,0,0,0
17308,0,1,0,0,0
17309,0,1,0,0,0
17310,0,1,0,0,0
17311,0,1,0,0,0
17312,0,1,0,0,0
17313,0,1,0,0,0
17314,0,1,0,0,0
17315,0,1,0,0,0
17316,0,1,0,0,0
17317,0,1,0,0,0
17318,0,1,0,0,0
17319,0,1,0,0,0
17320,0,1,0,0,0
17321,0,1,0,0,0
17322,0,1,0,0,0
17323,0,1,0,0,0
17324,0,1,0,0,0
17325,0,1,0,0,0
17326,0,1,0,0,0
17327,0,1,0,0,0
17328,0,1,0,0,0
17329,0,1,0,0,0
17330,0,1,0,0,0
17331,0,1,0,0,0
17332,0,1,0,0,0
17333,0,1,0,0,0
17334,0,1,0,0,0
17335,0,1,0,0,0
17336,0,1,0,0,0
17337,0,1,0,0,0
17338,0,1,0,0,0
17339,0,1,0,0,0
17340,0,1,0,0,0
17341,0,1,0,0,0
17342,0,1,0,0,0
17343,0,1,0,0,0
17344,0,1,0,0,0
17345,0,1,0,0,0
17346,1,0,0,0,0
17347,1,0,0,0,0
17348,1,0,0,0,0
17349,1,0,0,0,0
17350,1,0,0,0,0
17351,1,0,0,0,0
17352,1,0,0,0,0
17353,1,0,0,0,0
17354,1,0,0,0,0
17355,1,0,0,0,0
17356,1,0,0,0,0
17357,1,0,0,0,0
17358,1,0,0,0,0
17359,1,0,0,0,0
17360,1,0,0,0,0
17361,1,0,0,0,0
17362,1,0,0,0,0
17363,1,0,0,0,0
17364,1,0,0,0,0
17365,1,0,0,0,0
17366,1,0,0,0,0
17367,1,0,0,0,0
17368,1,0,0,0,0
17369,1,0,0,0,0
17370,1,0,0,0,0
17371,1,0,0,0,0
17372,1,0,0,0,0
17373,1,0,0,0,0
17374,1,0,0,0,0
17375,1,0,0,0,0
17376,1,0,0,0,0
17377,1,0,0,0,0
17378,1,0,0,0,0
17379,1,0,0,0,0
17380,1,0,0,0,0
17381,1,0,0,0,0
17382,1,0,0,0,0
17383,1,0,0,0,0
17384,1,0,0,0,0
17385,1,0,0,0,0
17386,1,0,0,0,0
17387,1,0,0,0,0
17388,1,0,0,0,0
17389,1,0,0,0,0
17390,1,0,0,0,0
17391,1,0,0,0,0
17392,1,0,0,0,0
17393,1,0,0,0,0
17394,1,0,0,0,0
17395,1,0,0,0,0
17396,1,0,0,0,0
17397,1,0,0,0,0
17398,1,0,0,0,0
17399,1,0,0,0,0
17400,1,0,0,0,0
17401,1,0,0,0,0
17402,1,0,0,0,0
17403,1,0,0,0,0
17404,1,0,0,0,0
17405,1,0,0,0,0
17406,1,0,0,0,0
17407,1,0,0,0,0
17408,1,0,0,0,0
17409,1,0,0,0,0
17410,1,0,0,0,0
17411,1,0,0,0,0
17412,1,0,0,0,0
17413,0,1,0,0,0
17414,0,1,0,0,0
17415,0,1,0,0,0
17416,0,1,0,0,0
17417,0,1,0,0,0
17418,0,1,0,0,0
17419,0,1,0,0,0
17420,0,1,0,0,0
17421,0,1,0,0,0
17422,0,1,0,0,0
17423,0,1,0,0,0
17424,0,1,0,0,0
17425,0,1,0,0,0
17426,0,1,0,0,0
17427,0,1,0,0,0
17428,0,1,0,0,0
17429,0,1,0,0,0
17430,0,1,0,0,0
17431,0,1,0,0,0
17432,0,1,0,0,0
17433,0,1,0,0,0
17434,0,1,0,0,0
17435,0,1,0,0,0
17436,0,1,0,0,0
17437,0,1,0,0,0
17438,0,1,0,0,0
17439,0,1,0,0,0
17440,0,1,0,0,0
17441,0,1,0,0,0
17442,0,1,0,0,0
17443,0,1,0,0,0
17444,0,1,0,0,0
17445,0,1,0,0,0
17446,0,1,0,0,0
17447,0,1,0,0,0
17448,0,1,0,0,0
17449,0,1,0,0,0
17450,0,1,0,0,0
17451,0,1,0,0,0
17452,0,1,0,0,0
17453,0,1,0,0,0
17454,0,1,0,0,0
17455,0,1,0,0,0
17456,0,1,0,0,0
17457,0,1,0,0,0
17458,1,0,0,0,0
17459,1,0,0,0,0
17460,1,0,0,0,0
17461,1,0,0,0,0
17462,1,0,0,0,0
17463,1,0,0,0,0
17464,1,0,0,0,0
17465,1,0,0,0,0
17466,1,0,0,0,0
17467,1,0,0,0,0
17468,1,0,0,0,0
17469,1,0,0,0,0
17470,1,0,0,0,0
17471,1,0,0,0,0
17472,1,0,0,0,0
17473,1,0,0,0,0
17474,1,0,0,0,0
17475,1,0,0,0,0
17476,1,0,0,0,0
17477,1,0,0,0,0
17478,1,0,0,0,0
17479,1,0,0,0,0
17480,1,0,0,0,0
17481,1,0,0,0,0
17482,1,0,0,0,0
17483,1,0,0,0,0
17484,1,0,0,0,0
17485,1,0,0,0,0
17486,1,0,0,0,0
17487,1,0,0,0,0
17488,1,0,0,0,0
17489,1,0,0,0,0
17490,1,0,0,0,0
17491,1,0,0,0,0
17492,1,0,0,0,0
17493,1,0,0,0,0
17494,1,0,0,0,0
17495,1,0,0,0,0
17496,1,0,0,0,0
17497,1,0,0,0,0
17498,1,0,0,0,0
17499,1,0,0,0,0
17500,1,0,0,0,0
17501,1,0,0,0,0
17502,1,0,0,0,0
17503,1,0,0,0,0
17504,1,0,0,0,0
17505,1,0,0,0,0
17506,1,0,0,0,0
17507,1,0,0,0,0
17508,1,0,0,0,0
17509,1,0,0,0,0
17510,1,0,0,0,0
17511,1,0,0,0,0
17512,1,0,0,0,0
17513,1,0,0,0,0
17514,1,0,0,0,0
17515,1,0,0,0,0
17516,1,0,0,0,0
17517,1,0,0,0,0
17518,1,0,0,0,0
17519,1,0,0,0,0
17520,1,0,0,0,0
17521,1,0,0,0,0
17522,1,0,0,0,0
17523,1,0,0,0,0
17524,1,0,0,0,0
17525,1,0,0,0,0
17526,1,0,0,0,0
17527,1,0,0,0,0
17528,1,0,0,0,0
17529,1,0,0,0,0
17530,1,0,0,0,0
17531,1,0,0,0,0
17532,1,0,0,0,0
17533,1,0,0,0,0
17534,1,0,0,0,0
17535,1,0,0,0,0
17536,1,0,0,0,0
17537,1,0,0,0,0
17538,1,0,0,0,0
17539,1,0,0,0,0
17540,1,0,0,0,0
17541,1,0,0,0,0
17542,1,0,0,0,0
17543,1,0,0,0,0
17544,1,0,0,0,0
17545,1,0,0,0,0
17546,1,0,0,0,0
17547,1,0,0,0,0
17548,1,0,0,0,0
17549,1,0,0,0,0
17550,1,0,0,0,0
17551,1,0,0,0,0
17552,1,0,0,0,0
17553,1,0,0,0,0
17554,1,0,0,0,0
17555,1,0,0,0,0
17556,1,0,0,0,0
17557,1,0,0,0,0
17558,1,0,0,0,0
17559,1,0,0,0,0
17560,1,0,0,0,0
17561,1,0,0,0,0
17562,1,0,0,0,0
17563,1,0,0,0,0
17564,1,0,0,0,0
17565,1,0,0,0,0
17566,1,0,0,0,0
17567,1,0,0,0,0
17568,1,0,0,0,0
17569,1,0,0,0,0
17570,1,0,0,0,0
17571,1,0,0,0,0
17572,1,0,0,0,0
17573,1,0,0,0,0
17574,1,0,0,0,0
17575,1,0,0,0,0
17576,1,0,0,0,0
17577,1,0,0,0,0
17578,1,0,0,0,0
17579,1,0,0,0,0
17580,1,0,0,0,0
17581,1,0,0,0,0
17582,1,0,0,0,0
17583,1,0,0,0,0
17584,1,0,0,0,0
17585,1,0,0,0,0
17586,1,0,0,0,0
17587,1,0,0,0,0
17588,1,0,0,0,0
17589,1,0,0,0,0
17590,1,0,0,0,0
17591,1,0,0,0,0
17592,1,0,0,0,0
17593,1,0,0,0,0
17594,1,0,0,0,0
17595,1,0,0,0,0
17596,1,0,0,0,0
17597,1,0,0,0,0
17598,1,0,0,0,0
17599,1,0,0,0,0
17600,1,0,0,0,0
17601,1,0,0,0,0
17602,1,0,0,0,0
17603,1,0,0,0,0
17604,1,0,0,0,0
17605,1,0,0,0,0
17606,1,0,0,0,0
17607,1,0,0,0,0
17608,1,0,0,0,0
17609,1,0,0,0,0
17610,1,0,0,0,0
17611,1,0,0,0,0
17612,1,0,0,0,0
17613,1,0,0,0,0
17614,1,0,0,0,0
17615,1,0,0,0,0
17616,1,0,0,0,0
17617,1,0,0,0,0
17618,1,0,0,0,0
17619,1,0,0,0,0
17620,1,0,0,0,0
17621,1,0,0,0,0
17622,1,0,0,0,0
17623,1,0,0,0,0
17624,1,0,0,0,0
17625,1,0,0,0,0
17626,1,0,0,0,0
17627,1,0,0,0,0
17628,1,0,0,0,0
17629,1,0,0,0,0
17630,1,0,0,0,0
17631,1,0,0,0,0
17632,1,0,0,0,0
17633,1,0,0,0,0
17634,1,0,0,0,0
17635,1,0,0,0,0
17636,1,0,0,0,0
17637,1,0,0,0,0
17638,1,0,0,0,0
17639,1,0,0,0,0
17640,1,0,0,0,0
17641,1,0,0,0,0
17642,1,0,0,0,0
17643,1,0,0,0,0
17644,1,0,0,0,0
17645,1,0,0,0,0
17646,1,0,0,0,0
17647,1,0,0,0,0
17648,1,0,0,0,0
17649,1,0,0,0,0
17650,1,0,0,0,0
17651,1,0,0,0,0
17652,1,0,0,0,0
17653,1,0,0,0,0
17654,1,0,0,0,0
17655,1,0,0,0,0
17656,1,0,0,0,0
17657,1,0,0,0,0
17658,1,0,0,0,0
17659,1,0,0,0,0
17660,1,0,0,0,0
17661,1,0,0,0,0
17662,1,0,0,0,0
17663,1,0,0,0,0
17664,1,0,0,0,0
17665,1,0,0,0,0
17666,1,0,0,0,0
17667,1,0,0,0,0
17668,1,0,0,0,0
17669,1,0,0,0,0
17670,1,0,0,0,0
17671,1,0,0,0,0
17672,1,0,0,0,0
17673,1,0,0,0,0
17674,1,0,0,0,0
17675,1,0,0,0,0
17676,1,0,0,0,0
17677,1,0,0,0,0
17678,1,0,0,0,0
17679,1,0,0,0,0
17680,1,0,0,0,0
17681,1,0,0,0,0
17682,1,0,0,0,0
17683,1,0,0,0,0
17684,1,0,0,0,0
17685,1,0,0,0,0
17686,1,0,0,0,0
17687,1,0,0,0,0
17688,1,0,0,0,0
17689,1,0,0,0,0
17690,1,0,0,0,0
17691,1,0,0,0,0
17692,1,0,0,0,0
17693,1,0,0,0,0
17694,1,0,0,0,0
17695,1,0,0,0,0
17696,1,0,0,0,0
17697,1,0,0,0,0
17698,1,0,0,0,0
17699,1,0,0,0,0
17700,1,0,0,0,0
17701,1,0,0,0,0
17702,1,0,0,0,0
17703,1,0,0,0,0
17704,1,0,0,0,0
17705,1,0,0,0,0
17706,1,0,0,0,0
17707,1,0,0,0,0
17708,1,0,0,0,0
17709,1,0,0,0,0
17710,1,0,0,0,0
17711,1,0,0,0,0
17712,1,0,0,0,0
17713,1,0,0,0,0
17714,1,0,0,0,0
17715,1,0,0,0,0
17716,1,0,0,0,0
17717,1,0,0,0,0
17718,1,0,0,0,0
17719,1,0,0,0,0
17720,1,0,0,0,0
17721,1,0,0,0,0
17722,1,0,0,0,0
17723,1,0,0,0,0
17724,1,0,0,0,0
17725,1,0,0,0,0
17726,1,0,0,0,0
17727,1,0,0,0,0
17728,1,0,0,0,0
17729,1,0,0,0,0
17730,1,0,0,0,0
17731,1,0,0,0,0
17732,1,0,0,0,0
17733,1,0,0,0,0
17734,1,0,0,0,0
17735,1,0,0,0,0
17736,1,0,0,0,0
17737,1,0,0,0,0
17738,1,0,0,0,0
17739,1,0,0,0,0
17740,1,0,0,0,0
17741,1,0,0,0,0
17742,1,0,0,0,0
17743,1,0,0,0,0
17744,1,0,0,0,0
17745,1,0,0,0,0
17746,1,0,0,0,0
17747,1,0,0,0,0
17748,1,0,0,0,0
17749,1,0,0,0,0
17750,1,0,0,0,0
17751,1,0,0,0,0
17752,1,0,0,0,0
17753,1,0,0,0,0
17754,1,0,0,0,0
17755,1,0,0,0,0
17756,1,0,0,0,0
17757,1,0,0,0,0
17758,1,0,0,0,0
17759,1,0,0,0,0
17760,1,0,0,0,0
17761,1,0,0,0,0
17762,1,0,0,0,0
17763,1,0,0,0,0
17764,1,0,0,0,0
17765,1,0,0,0,0
17766,1,0,0,0,0
17767,1,0,0,0,0
17768,1,0,0,0,0
17769,1,0,0,0,0
17770,1,0,0,0,0
17771,1,0,0,0,0
17772,1,0,0,0,0
17773,1,0,0,0,0
17774,1,0,0,0,0
17775,1,0,0,0,0
17776,1,0,0,0,0
17777,1,0,0,0,0
17778,1,0,0,0,0
17779,1,0,0,0,0
17780,1,0,0,0,0
17781,1,0,0,0,0
17782,1,0,0,0,0
17783,1,0,0,0,0
17784,1,0,0,0,0
17785,1,0,0,0,0
17786,1,0,0,0,0
17787,1,0,0,0,0
17788,1,0,0,0,0
17789,1,0,0,0,0
17790,1,0,0,0,0
17791,1,0,0,0,0
17792,1,0,0,0,0
17793,1,0,0,0,0
17794,1,0,0,0,0
17795,1,0,0,0,0
17796,1,0,0,0,0
17797,1,0,0,0,0
17798,1,0,0,0,0
17799,1,0,0,0,0
17800,1,0,0,0,0
17801,1,0,0,0,0
17802,1,0,0,0,0
17803,1,0,0,0,0
17804,1,0,0,0,0
17805,1,0,0,0,0
17806,1,0,0,0,0
17807,1,0,0,0,0
17808,1,0,0,0,0
17809,1,0,0,0,0
17810,1,0,0,0,0
17811,1,0,0,0,0
17812,1,0,0,0,0
17813,1,0,0,0,0
17814,1,0,0,0,0
17815,1,0,0,0,0
17816,1,0,0,0,0
17817,1,0,0,0,0
17818,1,0,0,0,0
17819,1,0,0,0,0
17820,1,0,0,0,0
17821,1,0,0,0,0
17822,1,0,0,0,0
17823,1,0,0,0,0
17824,1,0,0,0,0
17825,1,0,0,0,0
17826,1,0,0,0,0
17827,1,0,0,0,0
17828,1,0,0,0,0
17829,1,0,0,0,0
17830,1,0,0,0,0
17831,1,0,0,0,0
17832,1,0,0,0,0
17833,1,0,0,0,0
17834,1,0,0,0,0
17835,1,0,0,0,0
17836,1,0,0,0,0
17837,1,0,0,0,0
17838,1,0,0,0,0
17839,1,0,0,0,0
17840,1,0,0,0,0
17841,1,0,0,0,0
17842,1,0,0,0,0
17843,1,0,0,0,0
17844,1,0,0,0,0
17845,1,0,0,0,0
17846,1,0,0,0,0
17847,1,0,0,0,0
17848,1,0,0,0,0
17849,1,0,0,0,0
17850,1,0,0,0,0
17851,1,0,0,0,0
17852,1,0,0,0,0
17853,1,0,0,0,0
17854,1,0,0,0,0
17855,1,0,0,0,0
17856,1,0,0,0,0
17857,1,0,0,0,0
17858,1,0,0,0,0
17859,1,0,0,0,0
17860,1,0,0,0,0
17861,1,0,0,0,0
17862,1,0,0,0,0
17863,1,0,0,0,0
17864,1,0,0,0,0
17865,1,0,0,0,0
17866,1,0,0,0,0
17867,1,0,0,0,0
17868,1,0,0,0,0
17869,1,0,0,0,0
17870,1,0,0,0,0
17871,1,0,0,0,0
17872,1,0,0,0,0
17873,1,0,0,0,0
17874,1,0,0,0,0
17875,1,0,0,0,0
17876,1,0,0,0,0
17877,1,0,0,0,0
17878,1,0,0,0,0
17879,1,0,0,0,0
17880,1,0,0,0,0
17881,1,0,0,0,0
17882,1,0,0,0,0
17883,1,0,0,0,0
17884,1,0,0,0,0
17885,1,0,0,0,0
17886,1,0,0,0,0
17887,1,0,0,0,0
17888,1,0,0,0,0
17889,1,0,0,0,0
17890,1,0,0,0,0
17891,1,0,0,0,0
17892,1,0,0,0,0
17893,1,0,0,0,0
17894,1,0,0,0,0
17895,1,0,0,0,0
17896,1,0,0,0,0
17897,1,0,0,0,0
17898,1,0,0,0,0
17899,1,0,0,0,0
17900,1,0,0,0,0
17901,1,0,0,0,0
17902,1,0,0,0,0
17903,1,0,0,0,0
17904,1,0,0,0,0
17905,1,0,0,0,0
17906,1,0,0,0,0
17907,1,0,0,0,0
17908,1,0,0,0,0
17909,1,0,0,0,0
17910,1,0,0,0,0
17911,1,0,0,0,0
17912,1,0,0,0,0
17913,1,0,0,0,0
17914,1,0,0,0,0
17915,1,0,0,0,0
17916,1,0,0,0,0
17917,1,0,0,0,0
17918,1,0,0,0,0
17919,1,0,0,0,0
17920,1,0,0,0,0
17921,1,0,0,0,0
17922,1,0,0,0,0
17923,1,0,0,0,0
17924,1,0,0,0,0
17925,1,0,0,0,0
17926,1,0,0,0,0
17927,1,0,0,0,0
17928,1,0,0,0,0
17929,1,0,0,0,0
17930,1,0,0,0,0
17931,1,0,0,0,0
17932,1,0,0,0,0
17933,1,0,0,0,0
17934,1,0,0,0,0
17935,1,0,0,0,0
17936,1,0,0,0,0
17937,1,0,0,0,0
17938,1,0,0,0,0
17939,1,0,0,0,0
17940,1,0,0,0,0
17941,1,0,0,0,0
17942,1,0,0,0,0
17943,1,0,0,0,0
17944,1,0,0,0,0
17945,1,0,0,0,0
17946,1,0,0,0,0
17947,1,0,0,0,0
17948,1,0,0,0,0
17949,1,0,0,0,0
17950,1,0,0,0,0
17951,1,0,0,0,0
17952,1,0,0,0,0
17953,1,0,0,0,0
17954,1,0,0,0,0
17955,1,0,0,0,0
17956,1,0,0,0,0
17957,1,0,0,0,0
17958,1,0,0,0,0
17959,1,0,0,0,0
17960,1,0,0,0,0
17961,1,0,0,0,0
17962,1,0,0,0,0
17963,1,0,0,0,0
17964,1,0,0,0,0
17965,1,0,0,0,0
17966,1,0,0,0,0
17967,1,0,0,0,0
17968,1,0,0,0,0
17969,1,0,0,0,0
17970,1,0,0,0,0
17971,1,0,0,0,0
17972,1,0,0,0,0
17973,1,0,0,0,0
17974,1,0,0,0,0
17975,1,0,0,0,0
17976,1,0,0,0,0
17977,1,0,0,0,0
17978,1,0,0,0,0
17979,1,0,0,0,0
17980,1,0,0,0,0
17981,1,0,0,0,0
17982,1,0,0,0,0
17983,1,0,0,0,0
17984,1,0,0,0,0
17985,1,0,0,0,0
17986,1,0,0,0,0
17987,1,0,0,0,0
17988,1,0,0,0,0
17989,1,0,0,0,0
17990,1,0,0,0,0
17991,1,0,0,0,0
17992,1,0,0,0,0
17993,1,0,0,0,0
17994,1,0,0,0,0
17995,1,0,0,0,0
17996,1,0,0,0,0
17997,1,0,0,0,0
17998,1,0,0,0,0
17999,1,0,0,0,0
18000,1,0,0,0,0
18001,0,0,0,0,1
18002,0,0,0,0,1
18003,0,0,0,0,1
18004,0,0,0,0,1
18005,0,0,0,0,1
18006,0,0,0,0,1
18007,0,0,0,0,1
18008,0,0,0,0,1
18009,0,0,0,0,1
18010,0,0,0,0,1
18011,0,0,0,0,1
18012,0,0,0,0,1
18013,0,0,0,0,1
18014,0,0,0,0,1
18015,0,0,0,0,1
18016,0,0,0,0,1
18017,0,0,0,0,1
18018,0,0,0,0,1
18019,0,0,0,0,1
18020,0,0,0,0,1
18021,0,0,0,0,1
18022,0,0,0,0,1
18023,0,0,0,0,1
18024,0,0,0,0,1
18025,0,0,0,0,1
18026,0,0,0,0,1
18027,0,0,0,0,1
18028,0,0,0,0,1
18029,0,0,0,0,1
18030,0,0,0,0,1
18031,1,0,0,0,0
18032,1,0,0,0,0
18033,1,0,0,0,0
18034,1,0,0,0,0
18035,1,0,0,0,0
18036,1,0,0,0,0
18037,1,0,0,0,0
18038,1,0,0,0,0
18039,1,0,0,0,0
18040,1,0,0,0,0
18041,1,0,0,0,0
18042,1,0,0,0,0
18043,1,0,0,0,0
18044,1,0,0,0,0
18045,1,0,0,0,0
18046,1,0,0,0,0
18047,1,0,0,0,0
18048,1,0,0,0,0
18049,1,0,0,0,0
18050,1,0,0,0,0
18051,1,0,0,0,0
18052,1,0,0,0,0
18053,1,0,0,0,0
18054,1,0,0,0,0
18055,1,0,0,0,0
18056,1,0,0,0,0
18057,1,0,0,0,0
18058,1,0,0,0,0
18059,1,0,0,0,0
18060,1,0,0,0,0
18061,1,0,0,0,0
18062,1,0,0,0,0
18063,1,0,0,0,0
18064,1,0,0,0,0
18065,1,0,0,0,0
18066,1,0,0,0,0
18067,1,0,0,0,0
18068,1,0,0,0,0
18069,1,0,0,0,0
18070,1,0,0,0,0
18071,1,0,0,0,0
18072,1,0,0,0,0
18073,1,0,0,0,0
18074,1,0,0,0,0
18075,1,0,0,0,0
18076,1,0,0,0,0
18077,1,0,0,0,0
18078,1,0,0,0,0
18079,1,0,0,0,0
18080,1,0,0,0,0
18081,1,0,0,0,0
18082,1,0,0,0,0
18083,1,0,0,0,0
18084,1,0,0,0,0
18085,1,0,0,0,0
18086,1,0,0,0,0
18087,1,0,0,0,0
18088,1,0,0,0,0
18089,1,0,0,0,0
18090,1,0,0,0,0
18091,1,0,0,0,0
18092,1,0,0,0,0
18093,1,0,0,0,0
18094,1,0,0,0,0
18095,1,0,0,0,0
18096,1,0,0,0,0
18097,1,0,0,0,0
18098,1,0,0,0,0
18099,1,0,0,0,0
18100,1,0,0,0,0
18101,1,0,0,0,0
18102,1,0,0,0,0
18103,1,0,0,0,0
18104,1,0,0,0,0
18105,1,0,0,0,0
18106,1,0,0,0,0
18107,1,0,0,0,0
18108,1,0,0,0,0
18109,1,0,0,0,0
18110,1,0,0,0,0
18111,1,0,0,0,0
18112,1,0,0,0,0
18113,1,0,0,0,0
18114,1,0,0,0,0
18115,1,0,0,0,0
18116,1,0,0,0,0
18117,1,0,0,0,0
18118,1,0,0,0,0
18119,1,0,0,0,0
18120,1,0,0,0,0
18121,1,0,0,0,0
18122,1,0,0,0,0
18123,1,0,0,0,0
18124,1,0,0,0,0
18125,1,0,0,0,0
18126,1,0,0,0,0
18127,1,0,0,0,0
18128,1,0,0,0,0
18129,1,0,0,0,0
18130,1,0,0,0,0
18131,1,0,0,0,0
18132,1,0,0,0,0
18133,1,0,0,0,0
18134,1,0,0,0,0
18135,1,0,0,0,0
18136,1,0,0,0,0
18137,1,0,0,0,0
18138,1,0,0,0,0
18139,1,0,0,0,0
18140,1,0,0,0,0
18141,1,0,0,0,0
18142,1,0,0,0,0
18143,1,0,0,0,0
18144,1,0,0,0,0
18145,1,0,0,0,0
18146,1,0,0,0,0
18147,1,0,0,0,0
18148,1,0,0,0,0
18149,1,0,0,0,0
18150,1,0,0,0,0
18151,1,0,0,0,0
18152,1,0,0,0,0
18153,1,0,0,0,0
18154,1,0,0,0,0
18155,1,0,0,0,0
18156,1,0,0,0,0
18157,1,0,0,0,0
18158,1,0,0,0,0
18159,1,0,0,0,0
18160,1,0,0,0,0
18161,1,0,0,0,0
18162,1,0,0,0,0
18163,1,0,0,0,0
18164,1,0,0,0,0
18165,1,0,0,0,0
18166,1,0,0,0,0
18167,1,0,0,0,0
18168,1,0,0,0,0
18169,1,0,0,0,0
18170,1,0,0,0,0
18171,1,0,0,0,0
18172,1,0,0,0,0
18173,1,0,0,0,0
18174,1,0,0,0,0
18175,1,0,0,0,0
18176,1,0,0,0,0
18177,1,0,0,0,0
18178,1,0,0,0,0
18179,1,0,0,0,0
18180,1,0,0,0,0
18181,1,0,0,0,0
18182,1,0,0,0,0
18183,1,0,0,0,0
18184,1,0,0,0,0
18185,1,0,0,0,0
18186,1,0,0,0,0
18187,1,0,0,0,0
18188,1,0,0,0,0
18189,1,0,0,0,0
18190,1,0,0,0,0
18191,1,0,0,0,0
18192,1,0,0,0,0
18193,1,0,0,0,0
18194,1,0,0,0,0
18195,1,0,0,0,0
18196,1,0,0,0,0
18197,1,0,0,0,0
18198,1,0,0,0,0
18199,1,0,0,0,0
18200,1,0,0,0,0
18201,1,0,0,0,0
18202,1,0,0,0,0
18203,1,0,0,0,0
18204,1,0,0,0,0
18205,1,0,0,0,0
18206,1,0,0,0,0
18207,1,0,0,0,0
18208,1,0,0,0,0
18209,1,0,0,0,0
18210,1,0,0,0,0
18211,1,0,0,0,0
18212,1,0,0,0,0
18213,1,0,0,0,0
18214,1,0,0,0,0
18215,1,0,0,0,0
18216,1,0,0,0,0
18217,1,0,0,0,0
18218,1,0,0,0,0
18219,1,0,0,0,0
18220,1,0,0,0,0
18221,1,0,0,0,0
18222,1,0,0,0,0
18223,1,0,0,0,0
18224,1,0,0,0,0
18225,1,0,0,0,0
18226,1,0,0,0,0
18227,1,0,0,0,0
18228,1,0,0,0,0
18229,1,0,0,0,0
18230,1,0,0,0,0
18231,1,0,0,0,0
18232,1,0,0,0,0
18233,0,0,0,0,1
18234,0,0,0,0,1
18235,0,0,0,0,1
18236,0,0,0,0,1
18237,0,0,0,0,1
18238,0,0,0,0,1
18239,0,0,0,0,1
18240,0,0,0,0,1
18241,0,0,0,0,1
18242,0,0,0,0,1
18243,0,0,0,0,1
18244,0,0,0,0,1
18245,0,0,0,0,1
18246,0,0,0,0,1
18247,0,0,0,0,1
18248,0,0,0,0,1
18249,0,0,0,0,1
18250,0,0,0,0,1
18251,0,0,0,0,1
18252,0,0,0,0,1
18253,0,0,0,0,1
18254,0,0,0,0,1
18255,0,0,0,0,1
18256,0,0,0,0,1
18257,0,0,0,0,1
18258,0,0,0,0,1
18259,0,0,0,0,1
18260,0,0,0,0,1
18261,0,0,0,0,1
18262,0,0,0,0,1
18263,0,0,0,0,1
18264,0,0,0,0,1
18265,0,0,0,0,1
18266,0,0,0,0,1
18267,0,0,0,0,1
18268,0,0,0,0,1
18269,0,0,0,0,1
18270,0,0,0,0,1
18271,0,0,0,0,1
18272,0,0,0,0,1
18273,0,0,0,0,1
18274,0,0,0,0,1
18275,0,0,0,0,1
18276,0,0,0,0,1
18277,0,0,0,0,1
18278,0,0,0,0,1
18279,0,0,0,0,1
18280,0,0,0,0,1
18281,0,0,0,0,1
18282,0,0,0,0,1
18283,0,0,0,0,1
18284,0,0,0,0,1
18285,0,0,0,0,1
18286,0,0,0,0,1
18287,0,0,0,0,1
18288,0,0,0,0,1
18289,0,0,0,0,1
18290,0,0,0,0,1
18291,0,0,0,0,1
18292,0,0,0,0,1
18293,0,0,0,0,1
18294,0,0,0,0,1
18295,0,0,0,0,1
18296,0,0,0,0,1
18297,0,0,0,0,1
18298,0,0,0,0,1
18299,0,0,0,0,1
18300,0,0,0,0,1
18301,0,0,0,0,1
18302,0,0,0,0,1
18303,0,0,0,0,1
18304,0,0,0,0,1
18305,0,0,0,0,1
18306,0,0,0,0,1
18307,0,0,0,0,1
18308,0,0,0,0,1
18309,0,0,0,0,1
18310,0,0,0,0,1
18311,0,0,0,0,1
18312,0,0,0,0,1
18313,0,0,0,0,1
18314,0,0,0,0,1
18315,0,0,0,0,1
18316,0,0,0,0,1
18317,0,0,0,0,1
18318,0,0,0,0,1
18319,0,0,0,0,1
18320,0,0,0,0,1
18321,0,0,0,0,1
18322,0,0,0,0,1
18323,0,0,0,0,1
18324,0,0,0,0,1
18325,0,0,0,0,1
18326,0,0,0,0,1
18327,0,0,0,0,1
18328,0,0,0,0,1
18329,0,0,0,0,1
18330,0,0,0,0,1
18331,0,0,0,0,1
18332,0,0,0,0,1
18333,0,0,0,0,1
18334,0,0,0,0,1
18335,0,0,0,0,1
18336,0,0,0,0,1
18337,0,0,0,0,1
18338,0,0,0,0,1
18339,0,0,0,0,1
18340,0,0,0,0,1
18341,0,0,0,0,1
18342,0,0,0,0,1
18343,0,0,0,0,1
18344,0,0,0,0,1
18345,0,0,0,0,1
18346,0,0,0,0,1
18347,0,0,0,0,1
18348,0,0,0,0,1
18349,0,0,0,0,1
18350,0,0,0,0,1
18351,0,0,0,0,1
18352,0,0,0,0,1
18353,0,0,0,0,1
18354,0,0,0,0,1
18355,0,0,0,0,1
18356,0,0,0,0,1
18357,0,0,0,0,1
18358,0,0,0,0,1
18359,0,0,0,0,1
18360,0,0,0,0,1
18361,0,0,0,0,1
18362,0,0,0,0,1
18363,0,0,0,0,1
18364,0,0,0,0,1
18365,0,0,0,0,1
18366,0,0,0,0,1
18367,0,0,0,0,1
18368,0,0,0,0,1
18369,0,0,0,0,1
18370,0,0,0,0,1
18371,0,0,0,0,1
18372,0,0,0,0,1
18373,0,0,0,0,1
18374,0,0,0,0,1
18375,0,0,0,0,1
18376,0,0,0,0,1
18377,0,0,0,0,1
18378,0,0,0,0,1
18379,0,0,0,0,1
18380,0,0,0,0,1
18381,0,0,0,0,1
18382,0,0,0,0,1
18383,0,0,0,0,1
18384,0,0,0,0,1
18385,0,0,0,0,1
18386,0,0,0,0,1
18387,0,0,0,0,1
18388,0,0,0,0,1
18389,0,0,0,0,1
18390,0,0,0,0,1
18391,0,0,0,0,1
18392,0,0,0,0,1
18393,0,0,0,0,1
18394,0,0,0,0,1
18395,0,0,0,0,1
18396,0,0,0,0,1
18397,0,0,0,0,1
18398,0,0,0,0,1
18399,0,0,0,0,1
18400,0,0,0,0,1
18401,1,0,0,0,0
18402,1,0,0,0,0
18403,1,0,0,0,0
18404,1,0,0,0,0
18405,1,0,0,0,0
18406,1,0,0,0,0
18407,1,0,0,0,0
18408,1,0,0,0,0
18409,1,0,0,0,0
18410,1,0,0,0,0
18411,1,0,0,0,0
18412,1,0,0,0,0
18413,1,0,0,0,0
18414,1,0,0,0,0
18415,1,0,0,0,0
18416,1,0,0,0,0
18417,1,0,0,0,0
18418,1,0,0,0,0
18419,1,0,0,0,0
18420,1,0,0,0,0
18421,1,0,0,0,0
18422,1,0,0,0,0
18423,1,0,0,0,0
18424,1,0,0,0,0
18425,1,0,0,0,0
18426,1,0,0,0,0
18427,1,0,0,0,0
18428,1,0,0,0,0
18429,1,0,0,0,0
18430,1,0,0,0,0
18431,1,0,0,0,0
18432,1,0,0,0,0
18433,1,0,0,0,0
18434,1,0,0,0,0
18435,0,0,0,0,1
18436,0,0,0,0,1
18437,0,0,0,0,1
18438,0,0,0,0,1
18439,0,0,0,0,1
18440,0,0,0,0,1
18441,0,0,0,0,1
18442,0,0,0,0,1
18443,0,0,0,0,1
18444,0,0,0,0,1
18445,0,0,0,0,1
18446,0,0,0,0,1
18447,0,0,0,0,1
18448,0,0,0,0,1
18449,0,0,0,0,1
18450,0,0,0,0,1
18451,0,0,0,0,1
18452,0,0,0,0,1
18453,0,0,0,0,1
18454,0,0,0,0,1
18455,0,0,0,0,1
18456,1,0,0,0,0
18457,1,0,0,0,0
18458,1,0,0,0,0
18459,1,0,0,0,0
18460,1,0,0,0,0
18461,1,0,0,0,0
18462,1,0,0,0,0
18463,1,0,0,0,0
18464,1,0,0,0,0
18465,1,0,0,0,0
18466,1,0,0,0,0
18467,1,0,0,0,0
18468,1,0,0,0,0
18469,1,0,0,0,0
18470,1,0,0,0,0
18471,1,0,0,0,0
18472,1,0,0,0,0
18473,1,0,0,0,0
18474,1,0,0,0,0
18475,1,0,0,0,0
18476,1,0,0,0,0
18477,1,0,0,0,0
18478,1,0,0,0,0
18479,1,0,0,0,0
18480,1,0,0,0,0
18481,1,0,0,0,0
18482,1,0,0,0,0
18483,1,0,0,0,0
18484,1,0,0,0,0
18485,1,0,0,0,0
18486,1,0,0,0,0
18487,1,0,0,0,0
18488,1,0,0,0,0
18489,1,0,0,0,0
18490,1,0,0,0,0
18491,1,0,0,0,0
18492,1,0,0,0,0
18493,1,0,0,0,0
18494,1,0,0,0,0
18495,1,0,0,0,0
18496,1,0,0,0,0
18497,1,0,0,0,0
18498,1,0,0,0,0
18499,1,0,0,0,0
18500,1,0,0,0,0
18501,1,0,0,0,0
18502,1,0,0,0,0
18503,1,0,0,0,0
18504,1,0,0,0,0
18505,1,0,0,0,0
18506,1,0,0,0,0
18507,1,0,0,0,0
18508,1,0,0,0,0
18509,1,0,0,0,0
18510,1,0,0,0,0
18511,1,0,0,0,0
18512,1,0,0,0,0
18513,1,0,0,0,0
18514,1,0,0,0,0
18515,1,0,0,0,0
18516,1,0,0,0,0
18517,1,0,0,0,0
18518,1,0,0,0,0
18519,1,0,0,0,0
18520,1,0,0,0,0
18521,1,0,0,0,0
18522,1,0,0,0,0
18523,1,0,0,0,0
18524,1,0,0,0,0
18525,1,0,0,0,0
18526,1,0,0,0,0
18527,1,0,0,0,0
18528,1,0,0,0,0
18529,1,0,0,0,0
18530,1,0,0,0,0
18531,1,0,0,0,0
18532,1,0,0,0,0
18533,1,0,0,0,0
18534,1,0,0,0,0
18535,1,0,0,0,0
18536,1,0,0,0,0
18537,1,0,0,0,0
18538,1,0,0,0,0
18539,1,0,0,0,0
18540,1,0,0,0,0
18541,1,0,0,0,0
18542,1,0,0,0,0
18543,1,0,0,0,0
18544,1,0,0,0,0
18545,1,0,0,0,0
18546,1,0,0,0,0
18547,0,0,0,0,1
18548,0,0,0,0,1
18549,0,0,0,0,1
18550,0,0,0,0,1
18551,0,0,0,0,1
18552,0,0,0,0,1
18553,0,0,0,0,1
18554,0,0,0,0,1
18555,0,0,0,0,1
18556,0,0,0,0,1
18557,0,0,0,0,1
18558,0,0,0,0,1
18559,0,0,0,0,1
18560,0,0,0,0,1
18561,0,0,0,0,1
18562,0,0,0,0,1
18563,0,0,0,0,1
18564,0,0,0,0,1
18565,0,0,0,0,1
18566,0,0,0,0,1
18567,0,0,0,0,1
18568,0,0,0,0,1
18569,0,0,0,0,1
18570,0,0,0,0,1
18571,0,0,0,0,1
18572,0,0,0,0,1
18573,0,0,0,0,1
18574,0,0,0,0,1
18575,0,0,0,0,1
18576,0,0,0,0,1
18577,0,0,0,0,1
18578,0,0,0,0,1
18579,0,0,0,0,1
18580,0,0,0,0,1
18581,0,0,0,0,1
18582,0,0,0,0,1
18583,0,0,0,0,1
18584,0,0,0,0,1
18585,1,0,0,0,0
18586,1,0,0,0,0
18587,1,0,0,0,0
18588,1,0,0,0,0
18589,1,0,0,0,0
18590,1,0,0,0,0
18591,0,1,0,0,0
18592,0,1,0,0,0
18593,0,1,0,0,0
18594,0,1,0,0,0
18595,0,1,0,0,0
18596,0,1,0,0,0
18597,0,1,0,0,0
18598,0,1,0,0,0
18599,0,1,0,0,0
18600,0,1,0,0,0
18601,0,1,0,0,0
18602,0,1,0,0,0
18603,0,1,0,0,0
18604,0,1,0,0,0
18605,0,1,0,0,0
18606,0,1,0,0,0
18607,0,1,0,0,0
18608,0,1,0,0,0
18609,0,1,0,0,0
18610,0,1,0,0,0
18611,0,1,0,0,0
18612,0,1,0,0,0
18613,0,1,0,0,0
18614,0,1,0,0,0
18615,0,1,0,0,0
18616,0,1,0,0,0
18617,0,1,0,0,0
18618,0,1,0,0,0
18619,0,1,0,0,0
18620,0,1,0,0,0
18621,0,1,0,0,0
18622,0,1,0,0,0
18623,0,1,0,0,0
18624,0,1,0,0,0
18625,0,1,0,0,0
18626,0,1,0,0,0
18627,0,1,0,0,0
18628,0,1,0,0,0
18629,0,1,0,0,0
18630,0,1,0,0,0
18631,0,1,0,0,0
18632,0,1,0,0,0
18633,0,1,0,0,0
18634,0,1,0,0,0
18635,0,1,0,0,0
18636,0,1,0,0,0
18637,0,1,0,0,0
18638,0,1,0,0,0
18639,0,1,0,0,0
18640,0,1,0,0,0
18641,0,1,0,0,0
18642,0,1,0,0,0
18643,0,1,0,0,0
18644,0,1,0,0,0
18645,0,1,0,0,0
18646,0,1,0,0,0
18647,0,1,0,0,0
18648,0,1,0,0,0
18649,0,1,0,0,0
18650,0,1,0,0,0
18651,0,1,0,0,0
18652,0,1,0,0,0
18653,0,1,0,0,0
18654,0,1,0,0,0
18655,0,1,0,0,0
18656,0,1,0,0,0
18657,1,0,0,0,0
18658,1,0,0,0,0
18659,1,0,0,0,0
18660,1,0,0,0,0
18661,1,0,0,0,0
18662,1,0,0,0,0
18663,1,0,0,0,0
18664,1,0,0,0,0
18665,1,0,0,0,0
18666,1,0,0,0,0
18667,1,0,0,0,0
18668,1,0,0,0,0
18669,1,0,0,0,0
18670,1,0,0,0,0
18671,1,0,0,0,0
18672,1,0,0,0,0
18673,1,0,0,0,0
18674,1,0,0,0,0
18675,1,0,0,0,0
18676,1,0,0,0,0
18677,1,0,0,0,0
18678,1,0,0,0,0
18679,1,0,0,0,0
18680,1,0,0,0,0
18681,1,0,0,0,0
18682,1,0,0,0,0
18683,1,0,0,0,0
18684,1,0,0,0,0
18685,1,0,0,0,0
18686,1,0,0,0,0
18687,1,0,0,0,0
18688,1,0,0,0,0
18689,1,0,0,0,0
18690,1,0,0,0,0
18691,1,0,0,0,0
18692,1,0,0,0,0
18693,1,0,0,0,0
18694,1,0,0,0,0
18695,1,0,0,0,0
18696,1,0,0,0,0
18697,1,0,0,0,0
18698,1,0,0,0,0
18699,1,0,0,0,0
18700,1,0,0,0,0
18701,1,0,0,0,0
18702,1,0,0,0,0
18703,1,0,0,0,0
18704,1,0,0,0,0
18705,1,0,0,0,0
18706,1,0,0,0,0
18707,1,0,0,0,0
18708,1,0,0,0,0
18709,1,0,0,0,0
18710,1,0,0,0,0
18711,1,0,0,0,0
18712,1,0,0,0,0
18713,1,0,0,0,0
18714,1,0,0,0,0
18715,1,0,0,0,0
18716,1,0,0,0,0
18717,1,0,0,0,0
18718,1,0,0,0,0
18719,1,0,0,0,0
18720,1,0,0,0,0
18721,1,0,0,0,0
18722,1,0,0,0,0
18723,1,0,0,0,0
18724,1,0,0,0,0
18725,1,0,0,0,0
18726,1,0,0,0,0
18727,1,0,0,0,0
18728,1,0,0,0,0
18729,1,0,0,0,0
18730,1,0,0,0,0
18731,1,0,0,0,0
18732,1,0,0,0,0
18733,1,0,0,0,0
18734,1,0,0,0,0
18735,1,0,0,0,0
18736,1,0,0,0,0
18737,1,0,0,0,0
18738,1,0,0,0,0
18739,1,0,0,0,0
18740,1,0,0,0,0
18741,1,0,0,0,0
18742,1,0,0,0,0
18743,1,0,0,0,0
18744,1,0,0,0,0
18745,1,0,0,0,0
18746,1,0,0,0,0
18747,1,0,0,0,0
18748,1,0,0,0,0
18749,1,0,0,0,0
18750,1,0,0,0,0
18751,1,0,0,0,0
18752,1,0,0,0,0
18753,1,0,0,0,0
18754,1,0,0,0,0
18755,1,0,0,0,0
18756,1,0,0,0,0
18757,1,0,0,0,0
18758,1,0,0,0,0
18759,1,0,0,0,0
18760,1,0,0,0,0
18761,1,0,0,0,0
18762,1,0,0,0,0
18763,1,0,0,0,0
18764,1,0,0,0,0
18765,1,0,0,0,0
18766,1,0,0,0,0
18767,1,0,0,0,0
18768,1,0,0,0,0
18769,1,0,0,0,0
18770,1,0,0,0,0
18771,1,0,0,0,0
18772,1,0,0,0,0
18773,1,0,0,0,0
18774,1,0,0,0,0
18775,1,0,0,0,0
18776,1,0,0,0,0
18777,1,0,0,0,0
18778,1,0,0,0,0
18779,1,0,0,0,0
18780,1,0,0,0,0
18781,1,0,0,0,0
18782,1,0,0,0,0
18783,1,0,0,0,0
18784,1,0,0,0,0
18785,1,0,0,0,0
18786,1,0,0,0,0
18787,1,0,0,0,0
18788,1,0,0,0,0
18789,1,0,0,0,0
18790,1,0,0,0,0
18791,1,0,0,0,0
18792,1,0,0,0,0
18793,1,0,0,0,0
18794,1,0,0,0,0
18795,1,0,0,0,0
18796,1,0,0,0,0
18797,1,0,0,0,0
18798,1,0,0,0,0
18799,1,0,0,0,0
18800,1,0,0,0,0
18801,1,0,0,0,0
18802,1,0,0,0,0
18803,1,0,0,0,0
18804,1,0,0,0,0
18805,1,0,0,0,0
18806,1,0,0,0,0
18807,1,0,0,0,0
18808,1,0,0,0,0
18809,1,0,0,0,0
18810,1,0,0,0,0
18811,1,0,0,0,0
18812,1,0,0,0,0
18813,1,0,0,0,0
18814,1,0,0,0,0
18815,1,0,0,0,0
18816,1,0,0,0,0
18817,1,0,0,0,0
18818,1,0,0,0,0
18819,1,0,0,0,0
18820,1,0,0,0,0
18821,1,0,0,0,0
18822,1,0,0,0,0
18823,1,0,0,0,0
18824,1,0,0,0,0
18825,1,0,0,0,0
18826,1,0,0,0,0
18827,1,0,0,0,0
18828,1,0,0,0,0
18829,1,0,0,0,0
18830,1,0,0,0,0
18831,1,0,0,0,0
18832,1,0,0,0,0
18833,1,0,0,0,0
18834,1,0,0,0,0
18835,1,0,0,0,0
18836,1,0,0,0,0
18837,1,0,0,0,0
18838,1,0,0,0,0
18839,1,0,0,0,0
18840,1,0,0,0,0
18841,1,0,0,0,0
18842,1,0,0,0,0
18843,1,0,0,0,0
18844,1,0,0,0,0
18845,1,0,0,0,0
18846,1,0,0,0,0
18847,1,0,0,0,0
18848,1,0,0,0,0
18849,1,0,0,0,0
18850,1,0,0,0,0
18851,1,0,0,0,0
18852,1,0,0,0,0
18853,1,0,0,0,0
18854,1,0,0,0,0
18855,1,0,0,0,0
18856,1,0,0,0,0
18857,1,0,0,0,0
18858,1,0,0,0,0
18859,1,0,0,0,0
18860,1,0,0,0,0
18861,1,0,0,0,0
18862,1,0,0,0,0
18863,1,0,0,0,0
18864,1,0,0,0,0
18865,1,0,0,0,0
18866,1,0,0,0,0
18867,1,0,0,0,0
18868,1,0,0,0,0
18869,1,0,0,0,0
18870,1,0,0,0,0
18871,1,0,0,0,0
18872,1,0,0,0,0
18873,1,0,0,0,0
18874,1,0,0,0,0
18875,1,0,0,0,0
18876,1,0,0,0,0
18877,1,0,0,0,0
18878,1,0,0,0,0
18879,1,0,0,0,0
18880,1,0,0,0,0
18881,1,0,0,0,0
18882,1,0,0,0,0
18883,1,0,0,0,0
18884,1,0,0,0,0
18885,1,0,0,0,0
18886,1,0,0,0,0
18887,1,0,0,0,0
18888,1,0,0,0,0
18889,1,0,0,0,0
18890,1,0,0,0,0
18891,1,0,0,0,0
18892,1,0,0,0,0
18893,1,0,0,0,0
18894,1,0,0,0,0
18895,1,0,0,0,0
18896,1,0,0,0,0
18897,1,0,0,0,0
18898,1,0,0,0,0
18899,1,0,0,0,0
18900,1,0,0,0,0
18901,1,0,0,0,0
18902,1,0,0,0,0
18903,1,0,0,0,0
18904,1,0,0,0,0
18905,1,0,0,0,0
18906,1,0,0,0,0
18907,1,0,0,0,0
18908,1,0,0,0,0
18909,1,0,0,0,0
18910,1,0,0,0,0
18911,1,0,0,0,0
18912,1,0,0,0,0
18913,1,0,0,0,0
18914,1,0,0,0,0
18915,1,0,0,0,0
18916,1,0,0,0,0
18917,1,0,0,0,0
18918,1,0,0,0,0
18919,1,0,0,0,0
18920,1,0,0,0,0
18921,1,0,0,0,0
18922,1,0,0,0,0
18923,1,0,0,0,0
18924,1,0,0,0,0
18925,1,0,0,0,0
18926,1,0,0,0,0
18927,1,0,0,0,0
18928,1,0,0,0,0
18929,1,0,0,0,0
18930,1,0,0,0,0
18931,1,0,0,0,0
18932,1,0,0,0,0
18933,1,0,0,0,0
18934,1,0,0,0,0
18935,1,0,0,0,0
18936,1,0,0,0,0
18937,1,0,0,0,0
18938,1,0,0,0,0
18939,1,0,0,0,0
18940,1,0,0,0,0
18941,1,0,0,0,0
18942,1,0,0,0,0
18943,1,0,0,0,0
18944,1,0,0,0,0
18945,1,0,0,0,0
18946,1,0,0,0,0
18947,1,0,0,0,0
18948,1,0,0,0,0
18949,1,0,0,0,0
18950,1,0,0,0,0
18951,1,0,0,0,0
18952,1,0,0,0,0
18953,1,0,0,0,0
18954,1,0,0,0,0
18955,1,0,0,0,0
18956,1,0,0,0,0
18957,1,0,0,0,0
18958,1,0,0,0,0
18959,1,0,0,0,0
18960,1,0,0,0,0
18961,1,0,0,0,0
18962,1,0,0,0,0
18963,1,0,0,0,0
18964,1,0,0,0,0
18965,1,0,0,0,0
18966,1,0,0,0,0
18967,1,0,0,0,0
18968,1,0,0,0,0
18969,1,0,0,0,0
18970,1,0,0,0,0
18971,1,0,0,0,0
18972,1,0,0,0,0
18973,1,0,0,0,0
18974,1,0,0,0,0
18975,1,0,0,0,0
18976,1,0,0,0,0
18977,1,0,0,0,0
18978,1,0,0,0,0
18979,1,0,0,0,0
18980,1,0,0,0,0
18981,1,0,0,0,0
18982,1,0,0,0,0
18983,1,0,0,0,0
18984,1,0,0,0,0
18985,1,0,0,0,0
18986,1,0,0,0,0
18987,1,0,0,0,0
18988,1,0,0,0,0
18989,1,0,0,0,0
18990,1,0,0,0,0
18991,1,0,0,0,0
18992,1,0,0,0,0
18993,1,0,0,0,0
18994,1,0,0,0,0
18995,1,0,0,0,0
18996,1,0,0,0,0
18997,1,0,0,0,0
18998,1,0,0,0,0
18999,1,0,0,0,0
19000,1,0,0,0,0
19001,1,0,0,0,0
19002,1,0,0,0,0
19003,1,0,0,0,0
19004,1,0,0,0,0
19005,1,0,0,0,0
19006,1,0,0,0,0
19007,1,0,0,0,0
19008,1,0,0,0,0
19009,1,0,0,0,0
19010,1,0,0,0,0
19011,1,0,0,0,0
19012,1,0,0,0,0
19013,1,0,0,0,0
19014,1,0,0,0,0
19015,1,0,0,0,0
19016,1,0,0,0,0
19017,1,0,0,0,0
19018,1,0,0,0,0
19019,1,0,0,0,0
19020,1,0,0,0,0
19021,1,0,0,0,0
19022,1,0,0,0,0
19023,1,0,0,0,0
19024,1,0,0,0,0
19025,1,0,0,0,0
19026,1,0,0,0,0
19027,1,0,0,0,0
19028,1,0,0,0,0
19029,1,0,0,0,0
19030,1,0,0,0,0
19031,1,0,0,0,0
19032,1,0,0,0,0
19033,1,0,0,0,0
19034,1,0,0,0,0
19035,1,0,0,0,0
19036,1,0,0,0,0
19037,1,0,0,0,0
19038,1,0,0,0,0
19039,1,0,0,0,0
19040,1,0,0,0,0
19041,1,0,0,0,0
19042,0,0,0,0,1
19043,0,0,0,0,1
19044,0,0,0,0,1
19045,0,0,0,0,1
19046,0,0,0,0,1
19047,0,0,0,0,1
19048,0,0,0,0,1
19049,0,0,0,0,1
19050,0,0,0,0,1
19051,0,0,0,0,1
19052,0,0,0,0,1
19053,0,0,0,0,1
19054,0,0,0,0,1
19055,0,0,0,0,1
19056,0,0,0,0,1
19057,0,0,0,0,1
19058,0,0,0,0,1
19059,0,0,0,0,1
19060,1,0,0,0,0
19061,1,0,0,0,0
19062,1,0,0,0,0
19063,1,0,0,0,0
19064,1,0,0,0,0
19065,1,0,0,0,0
19066,1,0,0,0,0
19067,1,0,0,0,0
19068,1,0,0,0,0
19069,1,0,0,0,0
19070,1,0,0,0,0
19071,1,0,0,0,0
19072,1,0,0,0,0
19073,1,0,0,0,0
19074,1,0,0,0,0
19075,1,0,0,0,0
19076,1,0,0,0,0
19077,1,0,0,0,0
19078,1,0,0,0,0
19079,1,0,0,0,0
19080,1,0,0,0,0
19081,1,0,0,0,0
19082,1,0,0,0,0
19083,1,0,0,0,0
19084,1,0,0,0,0
19085,1,0,0,0,0
19086,1,0,0,0,0
19087,1,0,0,0,0
19088,1,0,0,0,0
19089,1,0,0,0,0
19090,1,0,0,0,0
19091,1,0,0,0,0
19092,1,0,0,0,0
19093,1,0,0,0,0
19094,1,0,0,0,0
19095,1,0,0,0,0
19096,1,0,0,0,0
19097,1,0,0,0,0
19098,1,0,0,0,0
19099,1,0,0,0,0
19100,1,0,0,0,0
19101,1,0,0,0,0
19102,1,0,0,0,0
19103,1,0,0,0,0
19104,1,0,0,0,0
19105,1,0,0,0,0
19106,1,0,0,0,0
19107,1,0,0,0,0
19108,1,0,0,0,0
19109,1,0,0,0,0
19110,1,0,0,0,0
19111,1,0,0,0,0
19112,1,0,0,0,0
19113,1,0,0,0,0
19114,0,1,0,0,0
19115,0,1,0,0,0
19116,0,1,0,0,0
19117,0,1,0,0,0
19118,0,1,0,0,0
19119,0,1,0,0,0
19120,0,1,0,0,0
19121,0,1,0,0,0
19122,0,1,0,0,0
19123,0,1,0,0,0
19124,0,1,0,0,0
19125,0,1,0,0,0
19126,0,1,0,0,0
19127,0,1,0,0,0
19128,0,1,0,0,0
19129,0,1,0,0,0
19130,0,1,0,0,0
19131,0,1,0,0,0
19132,0,1,0,0,0
19133,0,1,0,0,0
19134,0,1,0,0,0
19135,0,1,0,0,0
19136,0,1,0,0,0
19137,0,1,0,0,0
19138,0,1,0,0,0
19139,0,1,0,0,0
19140,0,1,0,0,0
19141,0,1,0,0,0
19142,0,1,0,0,0
19143,0,1,0,0,0
19144,0,1,0,0,0
19145,0,1,0,0,0
19146,0,1,0,0,0
19147,0,1,0,0,0
19148,0,1,0,0,0
19149,0,1,0,0,0
19150,0,1,0,0,0
19151,0,1,0,0,0
19152,0,1,0,0,0
19153,0,1,0,0,0
19154,0,1,0,0,0
19155,0,1,0,0,0
19156,0,1,0,0,0
19157,0,1,0,0,0
19158,0,1,0,0,0
19159,0,1,0,0,0
19160,0,1,0,0,0
19161,0,1,0,0,0
19162,0,1,0,0,0
19163,0,1,0,0,0
19164,0,1,0,0,0
19165,1,0,0,0,0
19166,1,0,0,0,0
19167,1,0,0,0,0
19168,1,0,0,0,0
19169,1,0,0,0,0
19170,1,0,0,0,0
19171,1,0,0,0,0
19172,1,0,0,0,0
19173,1,0,0,0,0
19174,1,0,0,0,0
19175,1,0,0,0,0
19176,1,0,0,0,0
19177,1,0,0,0,0
19178,1,0,0,0,0
19179,1,0,0,0,0
19180,1,0,0,0,0
19181,1,0,0,0,0
19182,1,0,0,0,0
19183,1,0,0,0,0
19184,1,0,0,0,0
19185,1,0,0,0,0
19186,1,0,0,0,0
19187,1,0,0,0,0
19188,1,0,0,0,0
19189,1,0,0,0,0
19190,1,0,0,0,0
19191,1,0,0,0,0
19192,1,0,0,0,0
19193,1,0,0,0,0
19194,1,0,0,0,0
19195,1,0,0,0,0
19196,1,0,0,0,0
19197,1,0,0,0,0
19198,1,0,0,0,0
19199,1,0,0,0,0
19200,1,0,0,0,0
19201,1,0,0,0,0
19202,1,0,0,0,0
19203,1,0,0,0,0
19204,1,0,0,0,0
19205,1,0,0,0,0
19206,1,0,0,0,0
19207,1,0,0,0,0
19208,1,0,0,0,0
19209,1,0,0,0,0
19210,1,0,0,0,0
19211,1,0,0,0,0
19212,1,0,0,0,0
19213,1,0,0,0,0
19214,1,0,0,0,0
19215,1,0,0,0,0
19216,1,0,0,0,0
19217,1,0,0,0,0
19218,1,0,0,0,0
19219,1,0,0,0,0
19220,1,0,0,0,0
19221,1,0,0,0,0
19222,1,0,0,0,0
19223,1,0,0,0,0
19224,1,0,0,0,0
19225,1,0,0,0,0
19226,1,0,0,0,0
19227,1,0,0,0,0
19228,1,0,0,0,0
19229,1,0,0,0,0
19230,1,0,0,0,0
19231,1,0,0,0,0
19232,1,0,0,0,0
19233,1,0,0,0,0
19234,1,0,0,0,0
19235,1,0,0,0,0
19236,1,0,0,0,0
19237,1,0,0,0,0
19238,1,0,0,0,0
19239,1,0,0,0,0
19240,1,0,0,0,0
19241,1,0,0,0,0
19242,1,0,0,0,0
19243,1,0,0,0,0
19244,1,0,0,0,0
19245,1,0,0,0,0
19246,1,0,0,0,0
19247,1,0,0,0,0
19248,1,0,0,0,0
19249,1,0,0,0,0
19250,1,0,0,0,0
19251,1,0,0,0,0
19252,1,0,0,0,0
19253,1,0,0,0,0
19254,1,0,0,0,0
19255,1,0,0,0,0
19256,1,0,0,0,0
19257,1,0,0,0,0
19258,1,0,0,0,0
19259,1,0,0,0,0
19260,1,0,0,0,0
19261,1,0,0,0,0
19262,1,0,0,0,0
19263,1,0,0,0,0
19264,1,0,0,0,0
19265,1,0,0,0,0
19266,1,0,0,0,0
19267,1,0,0,0,0
19268,1,0,0,0,0
19269,1,0,0,0,0
19270,1,0,0,0,0
19271,1,0,0,0,0
19272,1,0,0,0,0
19273,1,0,0,0,0
19274,1,0,0,0,0
19275,1,0,0,0,0
19276,1,0,0,0,0
19277,1,0,0,0,0
19278,1,0,0,0,0
19279,1,0,0,0,0
19280,1,0,0,0,0
19281,1,0,0,0,0
19282,1,0,0,0,0
19283,1,0,0,0,0
19284,1,0,0,0,0
19285,1,0,0,0,0
19286,1,0,0,0,0
19287,1,0,0,0,0
19288,1,0,0,0,0
19289,1,0,0,0,0
19290,1,0,0,0,0
19291,1,0,0,0,0
19292,1,0,0,0,0
19293,1,0,0,0,0
19294,1,0,0,0,0
19295,1,0,0,0,0
19296,1,0,0,0,0
19297,1,0,0,0,0
19298,1,0,0,0,0
19299,1,0,0,0,0
19300,1,0,0,0,0
19301,1,0,0,0,0
19302,1,0,0,0,0
19303,1,0,0,0,0
19304,1,0,0,0,0
19305,1,0,0,0,0
19306,1,0,0,0,0
19307,1,0,0,0,0
19308,1,0,0,0,0
19309,1,0,0,0,0
19310,1,0,0,0,0
19311,1,0,0,0,0
19312,1,0,0,0,0
19313,1,0,0,0,0
19314,1,0,0,0,0
19315,1,0,0,0,0
19316,1,0,0,0,0
19317,1,0,0,0,0
19318,1,0,0,0,0
19319,1,0,0,0,0
19320,1,0,0,0,0
19321,1,0,0,0,0
19322,1,0,0,0,0
19323,1,0,0,0,0
19324,1,0,0,0,0
19325,1,0,0,0,0
19326,1,0,0,0,0
19327,1,0,0,0,0
19328,1,0,0,0,0
19329,1,0,0,0,0
19330,1,0,0,0,0
19331,1,0,0,0,0
19332,1,0,0,0,0
19333,1,0,0,0,0
19334,1,0,0,0,0
19335,1,0,0,0,0
19336,1,0,0,0,0
19337,1,0,0,0,0
19338,1,0,0,0,0
19339,1,0,0,0,0
19340,1,0,0,0,0
19341,1,0,0,0,0
19342,1,0,0,0,0
19343,1,0,0,0,0
19344,1,0,0,0,0
19345,1,0,0,0,0
19346,1,0,0,0,0
19347,1,0,0,0,0
19348,1,0,0,0,0
19349,1,0,0,0,0
19350,1,0,0,0,0
19351,1,0,0,0,0
19352,1,0,0,0,0
19353,1,0,0,0,0
19354,1,0,0,0,0
19355,0,1,0,0,0
19356,0,1,0,0,0
19357,0,1,0,0,0
19358,0,1,0,0,0
19359,0,1,0,0,0
19360,0,1,0,0,0
19361,0,1,0,0,0
19362,0,1,0,0,0
19363,0,1,0,0,0
19364,0,1,0,0,0
19365,0,1,0,0,0
19366,0,1,0,0,0
19367,0,1,0,0,0
19368,0,1,0,0,0
19369,0,1,0,0,0
19370,0,1,0,0,0
19371,0,1,0,0,0
19372,0,1,0,0,0
19373,0,1,0,0,0
19374,0,1,0,0,0
19375,0,1,0,0,0
19376,0,1,0,0,0
19377,0,1,0,0,0
19378,0,1,0,0,0
19379,0,1,0,0,0
19380,0,1,0,0,0
19381,0,1,0,0,0
19382,0,1,0,0,0
19383,0,1,0,0,0
19384,0,1,0,0,0
19385,0,1,0,0,0
19386,0,1,0,0,0
19387,0,1,0,0,0
19388,0,1,0,0,0
19389,0,1,0,0,0
19390,0,1,0,0,0
19391,0,1,0,0,0
19392,0,1,0,0,0
19393,0,1,0,0,0
19394,0,1,0,0,0
19395,0,1,0,0,0
19396,0,1,0,0,0
19397,0,1,0,0,0
19398,0,1,0,0,0
19399,0,1,0,0,0
19400,0,1,0,0,0
19401,0,1,0,0,0
19402,0,1,0,0,0
19403,0,1,0,0,0
19404,0,1,0,0,0
19405,0,1,0,0,0
19406,0,1,0,0,0
19407,0,1,0,0,0
19408,0,1,0,0,0
19409,0,1,0,0,0
19410,0,1,0,0,0
19411,0,1,0,0,0
19412,0,1,0,0,0
19413,0,1,0,0,0
19414,0,1,0,0,0
19415,0,1,0,0,0
19416,0,1,0,0,0
19417,0,1,0,0,0
19418,0,1,0,0,0
19419,0,1,0,0,0
19420,0,1,0,0,0
19421,0,1,0,0,0
19422,0,1,0,0,0
19423,0,1,0,0,0
19424,0,1,0,0,0
19425,0,1,0,0,0
19426,0,1,0,0,0
19427,0,1,0,0,0
19428,0,1,0,0,0
19429,0,1,0,0,0
19430,0,1,0,0,0
19431,0,1,0,0,0
19432,0,1,0,0,0
19433,0,1,0,0,0
19434,0,1,0,0,0
19435,0,1,0,0,0
19436,0,1,0,0,0
19437,0,1,0,0,0
19438,0,1,0,0,0
19439,0,1,0,0,0
19440,0,1,0,0,0
19441,0,1,0,0,0
19442,0,1,0,0,0
19443,0,1,0,0,0
19444,0,1,0,0,0
19445,0,1,0,0,0
19446,0,1,0,0,0
19447,0,1,0,0,0
19448,0,1,0,0,0
19449,0,1,0,0,0
19450,0,1,0,0,0
19451,0,1,0,0,0
19452,0,1,0,0,0
19453,0,1,0,0,0
19454,0,1,0,0,0
19455,0,1,0,0,0
19456,0,1,0,0,0
19457,0,1,0,0,0
19458,0,1,0,0,0
19459,0,1,0,0,0
19460,0,1,0,0,0
19461,0,1,0,0,0
19462,0,1,0,0,0
19463,0,1,0,0,0
19464,0,1,0,0,0
19465,0,1,0,0,0
19466,0,1,0,0,0
19467,0,1,0,0,0
19468,0,1,0,0,0
19469,0,1,0,0,0
19470,0,1,0,0,0
19471,1,0,0,0,0
19472,1,0,0,0,0
19473,1,0,0,0,0
19474,1,0,0,0,0
19475,1,0,0,0,0
19476,1,0,0,0,0
19477,1,0,0,0,0
19478,1,0,0,0,0
19479,1,0,0,0,0
19480,1,0,0,0,0
19481,1,0,0,0,0
19482,1,0,0,0,0
19483,1,0,0,0,0
19484,1,0,0,0,0
19485,1,0,0,0,0
19486,1,0,0,0,0
19487,1,0,0,0,0
19488,1,0,0,0,0
19489,1,0,0,0,0
19490,1,0,0,0,0
19491,1,0,0,0,0
19492,1,0,0,0,0
19493,1,0,0,0,0
19494,1,0,0,0,0
19495,1,0,0,0,0
19496,1,0,0,0,0
19497,1,0,0,0,0
19498,1,0,0,0,0
19499,1,0,0,0,0
19500,1,0,0,0,0
19501,1,0,0,0,0
19502,1,0,0,0,0
19503,1,0,0,0,0
19504,1,0,0,0,0
19505,1,0,0,0,0
19506,1,0,0,0,0
19507,1,0,0,0,0
19508,1,0,0,0,0
19509,1,0,0,0,0
19510,1,0,0,0,0
19511,1,0,0,0,0
19512,1,0,0,0,0
19513,1,0,0,0,0
19514,1,0,0,0,0
19515,1,0,0,0,0
19516,1,0,0,0,0
19517,1,0,0,0,0
19518,1,0,0,0,0
19519,1,0,0,0,0
19520,1,0,0,0,0
19521,1,0,0,0,0
19522,1,0,0,0,0
19523,1,0,0,0,0
19524,1,0,0,0,0
19525,1,0,0,0,0
19526,1,0,0,0,0
19527,1,0,0,0,0
19528,1,0,0,0,0
19529,1,0,0,0,0
19530,1,0,0,0,0
19531,1,0,0,0,0
19532,1,0,0,0,0
19533,1,0,0,0,0
19534,1,0,0,0,0
19535,1,0,0,0,0
19536,1,0,0,0,0
19537,1,0,0,0,0
19538,1,0,0,0,0
19539,1,0,0,0,0
19540,1,0,0,0,0
19541,1,0,0,0,0
19542,1,0,0,0,0
19543,1,0,0,0,0
19544,1,0,0,0,0
19545,1,0,0,0,0
19546,1,0,0,0,0
19547,1,0,0,0,0
19548,1,0,0,0,0
19549,1,0,0,0,0
19550,1,0,0,0,0
19551,1,0,0,0,0
19552,1,0,0,0,0
19553,1,0,0,0,0
19554,1,0,0,0,0
19555,1,0,0,0,0
19556,1,0,0,0,0
19557,1,0,0,0,0
19558,1,0,0,0,0
19559,1,0,0,0,0
19560,1,0,0,0,0
19561,1,0,0,0,0
19562,1,0,0,0,0
19563,1,0,0,0,0
19564,1,0,0,0,0
19565,1,0,0,0,0
19566,1,0,0,0,0
19567,1,0,0,0,0
19568,1,0,0,0,0
19569,1,0,0,0,0
19570,1,0,0,0,0
19571,1,0,0,0,0
19572,1,0,0,0,0
19573,1,0,0,0,0
19574,1,0,0,0,0
19575,1,0,0,0,0
19576,1,0,0,0,0
19577,1,0,0,0,0
19578,1,0,0,0,0
19579,1,0,0,0,0
19580,1,0,0,0,0
19581,1,0,0,0,0
19582,1,0,0,0,0
19583,1,0,0,0,0
19584,1,0,0,0,0
19585,1,0,0,0,0
19586,1,0,0,0,0
19587,1,0,0,0,0
19588,1,0,0,0,0
19589,1,0,0,0,0
19590,1,0,0,0,0
19591,1,0,0,0,0
19592,1,0,0,0,0
19593,1,0,0,0,0
19594,1,0,0,0,0
19595,1,0,0,0,0
19596,0,1,0,0,0
19597,0,1,0,0,0
19598,0,1,0,0,0
19599,0,1,0,0,0
19600,0,1,0,0,0
19601,0,1,0,0,0
19602,0,1,0,0,0
19603,0,1,0,0,0
19604,0,1,0,0,0
19605,0,1,0,0,0
19606,0,1,0,0,0
19607,0,1,0,0,0
19608,0,1,0,0,0
19609,0,1,0,0,0
19610,0,1,0,0,0
19611,0,1,0,0,0
19612,0,1,0,0,0
19613,0,1,0,0,0
19614,0,1,0,0,0
19615,0,1,0,0,0
19616,0,1,0,0,0
19617,0,1,0,0,0
19618,0,1,0,0,0
19619,0,1,0,0,0
19620,0,1,0,0,0
19621,0,1,0,0,0
19622,0,1,0,0,0
19623,0,1,0,0,0
19624,0,1,0,0,0
19625,0,1,0,0,0
19626,0,1,0,0,0
19627,0,1,0,0,0
19628,0,1,0,0,0
19629,0,1,0,0,0
19630,0,1,0,0,0
19631,0,1,0,0,0
19632,0,1,0,0,0
19633,0,1,0,0,0
19634,0,1,0,0,0
19635,0,1,0,0,0
19636,0,1,0,0,0
19637,0,1,0,0,0
19638,0,1,0,0,0
19639,0,1,0,0,0
19640,0,1,0,0,0
19641,0,1,0,0,0
19642,0,1,0,0,0
19643,0,1,0,0,0
19644,0,1,0,0,0
19645,0,1,0,0,0
19646,0,1,0,0,0
19647,0,1,0,0,0
19648,0,1,0,0,0
19649,0,1,0,0,0
19650,0,1,0,0,0
19651,0,1,0,0,0
19652,0,1,0,0,0
19653,0,1,0,0,0
19654,0,1,0,0,0
19655,0,1,0,0,0
19656,1,0,0,0,0
19657,1,0,0,0,0
19658,1,0,0,0,0
19659,1,0,0,0,0
19660,1,0,0,0,0
19661,1,0,0,0,0
19662,1,0,0,0,0
19663,1,0,0,0,0
19664,1,0,0,0,0
19665,1,0,0,0,0
19666,1,0,0,0,0
19667,1,0,0,0,0
19668,1,0,0,0,0
19669,1,0,0,0,0
19670,1,0,0,0,0
19671,1,0,0,0,0
19672,1,0,0,0,0
19673,1,0,0,0,0
19674,1,0,0,0,0
19675,1,0,0,0,0
19676,1,0,0,0,0
19677,1,0,0,0,0
19678,1,0,0,0,0
19679,1,0,0,0,0
19680,1,0,0,0,0
19681,1,0,0,0,0
19682,1,0,0,0,0
19683,1,0,0,0,0
19684,1,0,0,0,0
19685,1,0,0,0,0
19686,1,0,0,0,0
19687,1,0,0,0,0
19688,1,0,0,0,0
19689,1,0,0,0,0
19690,1,0,0,0,0
19691,1,0,0,0,0
19692,1,0,0,0,0
19693,1,0,0,0,0
19694,1,0,0,0,0
19695,1,0,0,0,0
19696,1,0,0,0,0
19697,1,0,0,0,0
19698,1,0,0,0,0
19699,1,0,0,0,0
19700,1,0,0,0,0
19701,1,0,0,0,0
19702,1,0,0,0,0
19703,1,0,0,0,0
19704,1,0,0,0,0
19705,1,0,0,0,0
19706,1,0,0,0,0
19707,1,0,0,0,0
19708,1,0,0,0,0
19709,1,0,0,0,0
19710,1,0,0,0,0
19711,1,0,0,0,0
19712,1,0,0,0,0
19713,1,0,0,0,0
19714,1,0,0,0,0
19715,1,0,0,0,0
19716,1,0,0,0,0
19717,1,0,0,0,0
19718,1,0,0,0,0
19719,1,0,0,0,0
19720,1,0,0,0,0
19721,1,0,0,0,0
19722,1,0,0,0,0
19723,1,0,0,0,0
19724,1,0,0,0,0
19725,1,0,0,0,0
19726,1,0,0,0,0
19727,1,0,0,0,0
19728,1,0,0,0,0
19729,1,0,0,0,0
19730,1,0,0,0,0
19731,1,0,0,0,0
19732,1,0,0,0,0
19733,1,0,0,0,0
19734,1,0,0,0,0
19735,1,0,0,0,0
19736,1,0,0,0,0
19737,1,0,0,0,0
19738,1,0,0,0,0
19739,1,0,0,0,0
19740,1,0,0,0,0
19741,1,0,0,0,0
19742,1,0,0,0,0
19743,1,0,0,0,0
19744,1,0,0,0,0
19745,1,0,0,0,0
19746,1,0,0,0,0
19747,1,0,0,0,0
19748,1,0,0,0,0
19749,1,0,0,0,0
19750,1,0,0,0,0
19751,1,0,0,0,0
19752,1,0,0,0,0
19753,1,0,0,0,0
19754,1,0,0,0,0
19755,1,0,0,0,0
19756,1,0,0,0,0
19757,1,0,0,0,0
19758,1,0,0,0,0
19759,1,0,0,0,0
19760,1,0,0,0,0
19761,1,0,0,0,0
19762,1,0,0,0,0
19763,1,0,0,0,0
19764,1,0,0,0,0
19765,1,0,0,0,0
19766,1,0,0,0,0
19767,1,0,0,0,0
19768,1,0,0,0,0
19769,1,0,0,0,0
19770,1,0,0,0,0
19771,1,0,0,0,0
19772,1,0,0,0,0
19773,1,0,0,0,0
19774,1,0,0,0,0
19775,1,0,0,0,0
19776,1,0,0,0,0
19777,1,0,0,0,0
19778,1,0,0,0,0
19779,1,0,0,0,0
19780,1,0,0,0,0
19781,1,0,0,0,0
19782,1,0,0,0,0
19783,1,0,0,0,0
19784,1,0,0,0,0
19785,1,0,0,0,0
19786,1,0,0,0,0
19787,1,0,0,0,0
19788,1,0,0,0,0
19789,1,0,0,0,0
19790,1,0,0,0,0
19791,1,0,0,0,0
19792,1,0,0,0,0
19793,1,0,0,0,0
19794,1,0,0,0,0
19795,1,0,0,0,0
19796,1,0,0,0,0
19797,1,0,0,0,0
19798,1,0,0,0,0
19799,0,0,0,0,1
19800,0,0,0,0,1
19801,0,0,0,0,1
19802,0,0,0,0,1
19803,0,0,0,0,1
19804,0,0,0,0,1
19805,0,0,0,0,1
19806,0,0,0,0,1
19807,0,0,0,0,1
19808,0,0,0,0,1
19809,0,0,0,0,1
19810,0,0,0,0,1
19811,0,0,0,0,1
19812,0,0,0,0,1
19813,0,0,0,0,1
19814,0,0,0,0,1
19815,0,0,0,0,1
19816,0,0,0,0,1
19817,0,0,0,0,1
19818,0,0,0,0,1
19819,0,0,0,0,1
19820,0,0,0,0,1
19821,0,0,0,0,1
19822,0,0,0,0,1
19823,0,0,0,0,1
19824,0,0,0,0,1
19825,0,0,0,0,1
19826,0,0,0,0,1
19827,0,0,0,0,1
19828,0,0,0,0,1
19829,0,0,0,0,1
19830,0,0,0,0,1
19831,0,0,0,0,1
19832,0,0,0,0,1
19833,0,0,0,0,1
19834,0,0,0,0,1
19835,0,0,0,0,1
19836,0,0,0,0,1
19837,0,0,0,0,1
19838,0,0,0,0,1
19839,0,0,0,0,1
19840,0,0,0,0,1
19841,0,0,0,0,1
19842,0,0,0,0,1
19843,0,0,0,0,1
19844,0,0,0,0,1
19845,0,0,0,0,1
19846,0,0,0,0,1
19847,0,0,0,0,1
19848,0,0,0,0,1
19849,0,0,0,0,1
19850,0,0,0,0,1
19851,0,0,0,0,1
19852,0,0,0,0,1
19853,0,0,0,0,1
19854,0,0,0,0,1
19855,0,0,0,0,1
19856,0,0,0,0,1
19857,0,0,0,0,1
19858,0,0,0,0,1
19859,0,0,0,0,1
19860,0,0,0,0,1
19861,0,0,0,0,1
19862,0,0,0,0,1
19863,0,0,0,0,1
19864,1,0,0,0,0
19865,1,0,0,0,0
19866,1,0,0,0,0
19867,1,0,0,0,0
19868,1,0,0,0,0
19869,1,0,0,0,0
19870,1,0,0,0,0
19871,1,0,0,0,0
19872,1,0,0,0,0
19873,1,0,0,0,0
19874,1,0,0,0,0
19875,1,0,0,0,0
19876,1,0,0,0,0
19877,1,0,0,0,0
19878,1,0,0,0,0
19879,1,0,0,0,0
19880,1,0,0,0,0
19881,1,0,0,0,0
19882,1,0,0,0,0
19883,1,0,0,0,0
19884,1,0,0,0,0
19885,1,0,0,0,0
19886,1,0,0,0,0
19887,1,0,0,0,0
19888,1,0,0,0,0
19889,1,0,0,0,0
19890,1,0,0,0,0
19891,1,0,0,0,0
19892,1,0,0,0,0
19893,1,0,0,0,0
19894,1,0,0,0,0
19895,1,0,0,0,0
19896,1,0,0,0,0
19897,1,0,0,0,0
19898,1,0,0,0,0
19899,1,0,0,0,0
19900,1,0,0,0,0
19901,1,0,0,0,0
19902,1,0,0,0,0
19903,1,0,0,0,0
19904,1,0,0,0,0
19905,1,0,0,0,0
19906,1,0,0,0,0
19907,1,0,0,0,0
19908,1,0,0,0,0
19909,1,0,0,0,0
19910,1,0,0,0,0
19911,1,0,0,0,0
19912,1,0,0,0,0
19913,1,0,0,0,0
19914,1,0,0,0,0
19915,1,0,0,0,0
19916,1,0,0,0,0
19917,1,0,0,0,0
19918,1,0,0,0,0
19919,1,0,0,0,0
19920,1,0,0,0,0
19921,1,0,0,0,0
19922,1,0,0,0,0
19923,1,0,0,0,0
19924,1,0,0,0,0
19925,1,0,0,0,0
19926,1,0,0,0,0
19927,1,0,0,0,0
19928,1,0,0,0,0
19929,1,0,0,0,0
19930,1,0,0,0,0
19931,1,0,0,0,0
19932,1,0,0,0,0
19933,1,0,0,0,0
19934,1,0,0,0,0
19935,0,0,0,0,1
19936,0,0,0,0,1
19937,0,0,0,0,1
19938,0,0,0,0,1
19939,0,0,0,0,1
19940,0,0,0,0,1
19941,0,0,0,0,1
19942,0,0,0,0,1
19943,0,0,0,0,1
19944,0,0,0,0,1
19945,0,0,0,0,1
19946,0,0,0,0,1
19947,0,0,0,0,1
19948,0,0,0,0,1
19949,0,0,0,0,1
19950,0,0,0,0,1
19951,0,0,0,0,1
19952,0,0,0,0,1
19953,0,0,0,0,1
19954,0,0,0,0,1
19955,0,0,0,0,1
19956,0,0,0,0,1
19957,0,0,0,0,1
19958,0,0,0,0,1
19959,0,0,0,0,1
19960,0,0,0,0,1
19961,0,0,0,0,1
19962,0,0,0,0,1
19963,0,0,0,0,1
19964,0,0,0,0,1
19965,0,0,0,0,1
19966,0,0,0,0,1
19967,0,0,0,0,1
19968,0,0,0,0,1
19969,0,0,0,0,1
19970,1,0,0,0,0
19971,1,0,0,0,0
19972,1,0,0,0,0
19973,1,0,0,0,0
19974,1,0,0,0,0
19975,1,0,0,0,0
19976,1,0,0,0,0
19977,1,0,0,0,0
19978,1,0,0,0,0
19979,1,0,0,0,0
19980,1,0,0,0,0
19981,1,0,0,0,0
19982,1,0,0,0,0
19983,1,0,0,0,0
19984,1,0,0,0,0
19985,1,0,0,0,0
19986,1,0,0,0,0
19987,1,0,0,0,0
19988,1,0,0,0,0
19989,1,0,0,0,0
19990,1,0,0,0,0
19991,1,0,0,0,0
19992,1,0,0,0,0
19993,1,0,0,0,0
19994,1,0,0,0,0
19995,1,0,0,0,0
19996,1,0,0,0,0
19997,1,0,0,0,0
19998,1,0,0,0,0
19999,1,0,0,0,0
20000,1,0,0,0,0
20001,1,0,0,0,0
20002,1,0,0,0,0
20003,1,0,0,0,0
20004,1,0,0,0,0
20005,1,0,0,0,0
20006,1,0,0,0,0
20007,1,0,0,0,0
20008,1,0,0,0,0
20009,1,0,0,0,0
20010,1,0,0,0,0
20011,1,0,0,0,0
20012,1,0,0,0,0
20013,1,0,0,0,0
20014,1,0,0,0,0
20015,1,0,0,0,0
20016,1,0,0,0,0
20017,1,0,0,0,0
20018,1,0,0,0,0
20019,1,0,0,0,0
20020,1,0,0,0,0
20021,1,0,0,0,0
20022,1,0,0,0,0
20023,1,0,0,0,0
20024,1,0,0,0,0
20025,1,0,0,0,0
20026,1,0,0,0,0
20027,1,0,0,0,0
20028,1,0,0,0,0
20029,1,0,0,0,0
20030,1,0,0,0,0
20031,1,0,0,0,0
20032,1,0,0,0,0
20033,1,0,0,0,0
20034,1,0,0,0,0
20035,1,0,0,0,0
20036,1,0,0,0,0
20037,1,0,0,0,0
20038,1,0,0,0,0
20039,1,0,0,0,0
20040,1,0,0,0,0
20041,1,0,0,0,0
20042,1,0,0,0,0
20043,1,0,0,0,0
20044,1,0,0,0,0
20045,1,0,0,0,0
20046,1,0,0,0,0
20047,1,0,0,0,0
20048,1,0,0,0,0
20049,1,0,0,0,0
20050,1,0,0,0,0
20051,1,0,0,0,0
20052,1,0,0,0,0
20053,1,0,0,0,0
20054,1,0,0,0,0
20055,1,0,0,0,0
20056,1,0,0,0,0
20057,1,0,0,0,0
20058,1,0,0,0,0
20059,1,0,0,0,0
20060,1,0,0,0,0
20061,1,0,0,0,0
20062,1,0,0,0,0
20063,1,0,0,0,0
20064,1,0,0,0,0
20065,1,0,0,0,0
20066,0,0,0,0,1
20067,0,0,0,0,1
20068,0,0,0,0,1
20069,0,0,0,0,1
20070,0,0,0,0,1
20071,0,0,0,0,1
20072,0,0,0,0,1
20073,0,0,0,0,1
20074,0,0,0,0,1
20075,0,0,0,0,1
20076,0,0,0,0,1
20077,0,0,0,0,1
20078,0,0,0,0,1
20079,0,0,0,0,1
20080,0,0,0,0,1
20081,0,0,0,0,1
20082,0,0,0,0,1
20083,0,0,0,0,1
20084,0,0,0,0,1
20085,0,0,0,0,1
20086,0,0,0,0,1
20087,0,0,0,0,1
20088,0,0,0,0,1
20089,0,0,0,0,1
20090,0,0,0,0,1
20091,0,0,0,0,1
20092,0,0,0,0,1
20093,0,0,0,0,1
20094,0,0,0,0,1
20095,0,0,0,0,1
20096,0,0,0,0,1
20097,0,0,0,0,1
20098,0,0,0,0,1
20099,0,0,0,0,1
20100,0,0,0,0,1
20101,0,0,0,0,1
20102,0,0,0,0,1
20103,0,0,0,0,1
20104,0,0,0,0,1
20105,0,0,0,0,1
20106,0,0,0,0,1
20107,0,0,0,0,1
20108,0,0,0,0,1
20109,0,0,0,0,1
20110,0,0,0,0,1
20111,0,0,0,0,1
20112,0,0,0,0,1
20113,0,0,0,0,1
20114,0,0,0,0,1
20115,0,0,0,0,1
20116,0,0,0,0,1
20117,0,0,0,0,1
20118,0,0,0,0,1
20119,0,0,0,0,1
20120,0,0,0,0,1
20121,0,0,0,0,1
20122,0,0,0,0,1
20123,0,0,0,0,1
20124,0,0,0,0,1
20125,0,0,0,0,1
20126,1,0,0,0,0
20127,1,0,0,0,0
20128,1,0,0,0,0
20129,1,0,0,0,0
20130,1,0,0,0,0
20131,1,0,0,0,0
20132,1,0,0,0,0
20133,1,0,0,0,0
20134,1,0,0,0,0
20135,1,0,0,0,0
20136,1,0,0,0,0
20137,1,0,0,0,0
20138,1,0,0,0,0
20139,1,0,0,0,0
20140,1,0,0,0,0
20141,1,0,0,0,0
20142,1,0,0,0,0
20143,1,0,0,0,0
20144,1,0,0,0,0
20145,0,0,0,1,0
20146,0,0,0,1,0
20147,0,0,0,1,0
20148,0,0,0,1,0
20149,0,0,0,1,0
20150,0,0,0,1,0
20151,0,0,0,1,0
20152,0,0,0,1,0
20153,0,0,0,1,0
20154,1,0,0,0,0
20155,1,0,0,0,0
20156,1,0,0,0,0
20157,1,0,0,0,0
20158,1,0,0,0,0
20159,1,0,0,0,0
20160,1,0,0,0,0
20161,1,0,0,0,0
20162,1,0,0,0,0
20163,1,0,0,0,0
20164,1,0,0,0,0
20165,1,0,0,0,0
20166,1,0,0,0,0
20167,1,0,0,0,0
20168,1,0,0,0,0
20169,1,0,0,0,0
20170,1,0,0,0,0
20171,1,0,0,0,0
20172,1,0,0,0,0
20173,1,0,0,0,0
20174,1,0,0,0,0
20175,1,0,0,0,0
20176,1,0,0,0,0
20177,1,0,0,0,0
20178,1,0,0,0,0
20179,1,0,0,0,0
20180,1,0,0,0,0
20181,1,0,0,0,0
20182,1,0,0,0,0
20183,1,0,0,0,0
20184,1,0,0,0,0
20185,1,0,0,0,0
20186,1,0,0,0,0
20187,1,0,0,0,0
20188,1,0,0,0,0
20189,1,0,0,0,0
20190,1,0,0,0,0
20191,1,0,0,0,0
20192,1,0,0,0,0
20193,1,0,0,0,0
20194,1,0,0,0,0
20195,1,0,0,0,0
20196,1,0,0,0,0
20197,1,0,0,0,0
20198,1,0,0,0,0
20199,1,0,0,0,0
20200,1,0,0,0,0
20201,1,0,0,0,0
20202,1,0,0,0,0
20203,1,0,0,0,0
20204,1,0,0,0,0
20205,1,0,0,0,0
20206,1,0,0,0,0
20207,1,0,0,0,0
20208,1,0,0,0,0
20209,1,0,0,0,0
20210,1,0,0,0,0
20211,1,0,0,0,0
20212,1,0,0,0,0
20213,1,0,0,0,0
20214,1,0,0,0,0
20215,1,0,0,0,0
20216,1,0,0,0,0
20217,1,0,0,0,0
20218,1,0,0,0,0
20219,1,0,0,0,0
20220,1,0,0,0,0
20221,1,0,0,0,0
20222,1,0,0,0,0
20223,1,0,0,0,0
20224,1,0,0,0,0
20225,1,0,0,0,0
20226,1,0,0,0,0
20227,1,0,0,0,0
20228,1,0,0,0,0
20229,1,0,0,0,0
20230,1,0,0,0,0
20231,1,0,0,0,0
20232,1,0,0,0,0
20233,1,0,0,0,0
20234,1,0,0,0,0
20235,1,0,0,0,0
20236,1,0,0,0,0
20237,1,0,0,0,0
20238,1,0,0,0,0
20239,1,0,0,0,0
20240,1,0,0,0,0
20241,1,0,0,0,0
20242,1,0,0,0,0
20243,1,0,0,0,0
20244,1,0,0,0,0
20245,1,0,0,0,0
20246,1,0,0,0,0
20247,1,0,0,0,0
20248,1,0,0,0,0
20249,1,0,0,0,0
20250,1,0,0,0,0
20251,1,0,0,0,0
20252,1,0,0,0,0
20253,1,0,0,0,0
20254,1,0,0,0,0
20255,1,0,0,0,0
20256,1,0,0,0,0
20257,1,0,0,0,0
20258,1,0,0,0,0
20259,1,0,0,0,0
20260,1,0,0,0,0
20261,1,0,0,0,0
20262,1,0,0,0,0
20263,1,0,0,0,0
20264,1,0,0,0,0
20265,1,0,0,0,0
20266,1,0,0,0,0
20267,1,0,0,0,0
20268,1,0,0,0,0
20269,1,0,0,0,0
20270,1,0,0,0,0
20271,1,0,0,0,0
20272,1,0,0,0,0
20273,1,0,0,0,0
20274,1,0,0,0,0
20275,1,0,0,0,0
20276,1,0,0,0,0
20277,1,0,0,0,0
20278,1,0,0,0,0
20279,1,0,0,0,0
20280,1,0,0,0,0
20281,1,0,0,0,0
20282,1,0,0,0,0
20283,1,0,0,0,0
20284,1,0,0,0,0
20285,1,0,0,0,0
20286,1,0,0,0,0
20287,1,0,0,0,0
20288,1,0,0,0,0
20289,1,0,0,0,0
20290,1,0,0,0,0
20291,1,0,0,0,0
20292,1,0,0,0,0
20293,1,0,0,0,0
20294,1,0,0,0,0
20295,1,0,0,0,0
20296,1,0,0,0,0
20297,1,0,0,0,0
20298,1,0,0,0,0
20299,1,0,0,0,0
20300,1,0,0,0,0
20301,1,0,0,0,0
20302,1,0,0,0,0
20303,1,0,0,0,0
20304,1,0,0,0,0
20305,1,0,0,0,0
20306,1,0,0,0,0
20307,1,0,0,0,0
20308,1,0,0,0,0
20309,1,0,0,0,0
20310,1,0,0,0,0
20311,1,0,0,0,0
20312,1,0,0,0,0
20313,1,0,0,0,0
20314,1,0,0,0,0
20315,1,0,0,0,0
20316,1,0,0,0,0
20317,1,0,0,0,0
20318,1,0,0,0,0
20319,1,0,0,0,0
20320,1,0,0,0,0
20321,1,0,0,0,0
20322,1,0,0,0,0
20323,1,0,0,0,0
20324,1,0,0,0,0
20325,1,0,0,0,0
20326,1,0,0,0,0
20327,1,0,0,0,0
20328,1,0,0,0,0
20329,1,0,0,0,0
20330,1,0,0,0,0
20331,1,0,0,0,0
20332,1,0,0,0,0
20333,1,0,0,0,0
20334,1,0,0,0,0
20335,1,0,0,0,0
20336,1,0,0,0,0
20337,1,0,0,0,0
20338,1,0,0,0,0
20339,1,0,0,0,0
20340,1,0,0,0,0
20341,1,0,0,0,0
20342,1,0,0,0,0
20343,1,0,0,0,0
20344,1,0,0,0,0
20345,1,0,0,0,0
20346,1,0,0,0,0
20347,1,0,0,0,0
20348,1,0,0,0,0
20349,1,0,0,0,0
20350,1,0,0,0,0
20351,1,0,0,0,0
20352,1,0,0,0,0
20353,1,0,0,0,0
20354,1,0,0,0,0
20355,1,0,0,0,0
20356,1,0,0,0,0
20357,1,0,0,0,0
20358,1,0,0,0,0
20359,1,0,0,0,0
20360,1,0,0,0,0
20361,1,0,0,0,0
20362,1,0,0,0,0
20363,1,0,0,0,0
20364,1,0,0,0,0
20365,1,0,0,0,0
20366,1,0,0,0,0
20367,1,0,0,0,0
20368,1,0,0,0,0
20369,1,0,0,0,0
20370,1,0,0,0,0
20371,1,0,0,0,0
20372,1,0,0,0,0
20373,1,0,0,0,0
20374,1,0,0,0,0
20375,1,0,0,0,0
20376,1,0,0,0,0
20377,1,0,0,0,0
20378,1,0,0,0,0
20379,1,0,0,0,0
20380,1,0,0,0,0
20381,1,0,0,0,0
20382,1,0,0,0,0
20383,1,0,0,0,0
20384,1,0,0,0,0
20385,1,0,0,0,0
20386,1,0,0,0,0
20387,1,0,0,0,0
20388,1,0,0,0,0
20389,1,0,0,0,0
20390,1,0,0,0,0
20391,1,0,0,0,0
20392,1,0,0,0,0
20393,1,0,0,0,0
20394,1,0,0,0,0
20395,1,0,0,0,0
20396,1,0,0,0,0
20397,1,0,0,0,0
20398,1,0,0,0,0
20399,1,0,0,0,0
20400,1,0,0,0,0
20401,1,0,0,0,0
20402,1,0,0,0,0
20403,1,0,0,0,0
20404,1,0,0,0,0
20405,1,0,0,0,0
20406,1,0,0,0,0
20407,1,0,0,0,0
20408,1,0,0,0,0
20409,1,0,0,0,0
20410,1,0,0,0,0
20411,1,0,0,0,0
20412,1,0,0,0,0
20413,1,0,0,0,0
20414,1,0,0,0,0
20415,1,0,0,0,0
20416,1,0,0,0,0
20417,1,0,0,0,0
20418,1,0,0,0,0
20419,1,0,0,0,0
20420,1,0,0,0,0
20421,1,0,0,0,0
20422,1,0,0,0,0
20423,1,0,0,0,0
20424,1,0,0,0,0
20425,1,0,0,0,0
20426,1,0,0,0,0
20427,1,0,0,0,0
20428,1,0,0,0,0
20429,1,0,0,0,0
20430,1,0,0,0,0
20431,1,0,0,0,0
20432,1,0,0,0,0
20433,1,0,0,0,0
20434,1,0,0,0,0
20435,1,0,0,0,0
20436,1,0,0,0,0
20437,1,0,0,0,0
20438,1,0,0,0,0
20439,1,0,0,0,0
20440,1,0,0,0,0
20441,1,0,0,0,0
20442,1,0,0,0,0
20443,1,0,0,0,0
20444,1,0,0,0,0
20445,1,0,0,0,0
20446,1,0,0,0,0
20447,1,0,0,0,0
20448,1,0,0,0,0
20449,1,0,0,0,0
20450,1,0,0,0,0
20451,1,0,0,0,0
20452,1,0,0,0,0
20453,1,0,0,0,0
20454,1,0,0,0,0
20455,1,0,0,0,0
20456,1,0,0,0,0
20457,1,0,0,0,0
20458,1,0,0,0,0
20459,1,0,0,0,0
20460,1,0,0,0,0
20461,1,0,0,0,0
20462,0,0,0,0,1
20463,0,0,0,0,1
20464,0,0,0,0,1
20465,0,0,0,0,1
20466,0,0,0,0,1
20467,0,0,0,0,1
20468,0,0,0,0,1
20469,0,0,0,0,1
20470,0,0,0,0,1
20471,0,0,0,0,1
20472,0,0,0,0,1
20473,0,0,0,0,1
20474,0,0,0,0,1
20475,0,0,0,0,1
20476,0,0,0,0,1
20477,0,0,0,0,1
20478,0,0,0,0,1
20479,0,0,0,0,1
20480,0,0,0,0,1
20481,0,0,0,0,1
20482,0,0,0,0,1
20483,0,0,0,0,1
20484,0,0,0,0,1
20485,0,0,0,0,1
20486,0,0,0,0,1
20487,0,0,0,0,1
20488,0,0,0,0,1
20489,0,0,0,0,1
20490,0,0,0,0,1
20491,0,0,0,0,1
20492,0,0,0,0,1
20493,0,0,0,0,1
20494,0,0,0,0,1
20495,0,0,0,0,1
20496,0,0,0,0,1
20497,0,0,0,0,1
20498,0,0,0,0,1
20499,0,0,0,0,1
20500,0,0,0,0,1
20501,0,1,0,0,0
20502,0,1,0,0,0
20503,0,1,0,0,0
20504,0,1,0,0,0
20505,0,1,0,0,0
20506,0,1,0,0,0
20507,0,1,0,0,0
20508,0,1,0,0,0
20509,0,1,0,0,0
20510,0,1,0,0,0
20511,0,1,0,0,0
20512,0,1,0,0,0
20513,0,1,0,0,0
20514,0,1,0,0,0
20515,0,1,0,0,0
20516,0,1,0,0,0
20517,0,1,0,0,0
20518,0,1,0,0,0
20519,0,1,0,0,0
20520,0,1,0,0,0
20521,0,1,0,0,0
20522,0,1,0,0,0
20523,0,1,0,0,0
20524,0,1,0,0,0
20525,0,1,0,0,0
20526,0,1,0,0,0
20527,0,1,0,0,0
20528,0,1,0,0,0
20529,0,1,0,0,0
20530,0,1,0,0,0
20531,0,1,0,0,0
20532,0,1,0,0,0
20533,0,1,0,0,0
20534,0,1,0,0,0
20535,0,1,0,0,0
20536,0,1,0,0,0
20537,0,1,0,0,0
20538,0,1,0,0,0
20539,0,1,0,0,0
20540,0,1,0,0,0
20541,0,1,0,0,0
20542,0,1,0,0,0
20543,0,1,0,0,0
20544,0,1,0,0,0
20545,0,1,0,0,0
20546,0,1,0,0,0
20547,1,0,0,0,0
20548,1,0,0,0,0
20549,1,0,0,0,0
20550,1,0,0,0,0
20551,1,0,0,0,0
20552,1,0,0,0,0
20553,1,0,0,0,0
20554,1,0,0,0,0
20555,1,0,0,0,0
20556,1,0,0,0,0
20557,1,0,0,0,0
20558,1,0,0,0,0
20559,1,0,0,0,0
20560,1,0,0,0,0
20561,1,0,0,0,0
20562,1,0,0,0,0
20563,1,0,0,0,0
20564,1,0,0,0,0
20565,1,0,0,0,0
20566,1,0,0,0,0
20567,1,0,0,0,0
20568,1,0,0,0,0
20569,1,0,0,0,0
20570,1,0,0,0,0
20571,1,0,0,0,0
20572,1,0,0,0,0
20573,1,0,0,0,0
20574,1,0,0,0,0
20575,1,0,0,0,0
20576,1,0,0,0,0
20577,1,0,0,0,0
20578,1,0,0,0,0
20579,1,0,0,0,0
20580,1,0,0,0,0
20581,1,0,0,0,0
20582,1,0,0,0,0
20583,1,0,0,0,0
20584,1,0,0,0,0
20585,1,0,0,0,0
20586,1,0,0,0,0
20587,1,0,0,0,0
20588,1,0,0,0,0
20589,1,0,0,0,0
20590,1,0,0,0,0
20591,1,0,0,0,0
20592,1,0,0,0,0
20593,1,0,0,0,0
20594,1,0,0,0,0
20595,1,0,0,0,0
20596,1,0,0,0,0
20597,1,0,0,0,0
20598,1,0,0,0,0
20599,1,0,0,0,0
20600,1,0,0,0,0
20601,1,0,0,0,0
20602,1,0,0,0,0
20603,1,0,0,0,0
20604,1,0,0,0,0
20605,1,0,0,0,0
20606,1,0,0,0,0
20607,1,0,0,0,0
20608,1,0,0,0,0
20609,1,0,0,0,0
20610,1,0,0,0,0
20611,1,0,0,0,0
20612,1,0,0,0,0
20613,1,0,0,0,0
20614,1,0,0,0,0
20615,1,0,0,0,0
20616,1,0,0,0,0
20617,1,0,0,0,0
20618,1,0,0,0,0
20619,1,0,0,0,0
20620,1,0,0,0,0
20621,1,0,0,0,0
20622,1,0,0,0,0
20623,1,0,0,0,0
20624,1,0,0,0,0
20625,1,0,0,0,0
20626,1,0,0,0,0
20627,1,0,0,0,0
20628,1,0,0,0,0
20629,1,0,0,0,0
20630,1,0,0,0,0
20631,1,0,0,0,0
20632,1,0,0,0,0
20633,1,0,0,0,0
20634,1,0,0,0,0
20635,1,0,0,0,0
20636,1,0,0,0,0
20637,1,0,0,0,0
20638,1,0,0,0,0
20639,1,0,0,0,0
20640,1,0,0,0,0
20641,1,0,0,0,0
20642,1,0,0,0,0
20643,1,0,0,0,0
20644,1,0,0,0,0
20645,0,0,0,0,1
20646,0,0,0,0,1
20647,0,0,0,0,1
20648,0,0,0,0,1
20649,0,0,0,0,1
20650,0,0,0,0,1
20651,0,0,0,0,1
20652,0,0,0,0,1
20653,0,0,0,0,1
20654,0,0,0,0,1
20655,0,0,0,0,1
20656,0,0,0,0,1
20657,0,0,0,0,1
20658,0,0,0,0,1
20659,0,0,0,0,1
20660,0,0,0,0,1
20661,0,0,0,0,1
20662,0,0,0,0,1
20663,0,0,0,0,1
20664,0,0,0,0,1
20665,0,0,0,0,1
20666,0,0,0,0,1
20667,0,0,0,0,1
20668,0,0,0,0,1
20669,0,0,0,0,1
20670,0,0,0,0,1
20671,0,0,0,0,1
20672,0,0,0,0,1
20673,0,0,0,0,1
20674,0,0,0,0,1
20675,0,0,0,0,1
20676,0,0,0,0,1
20677,0,0,0,0,1
20678,0,0,0,0,1
20679,0,0,0,0,1
20680,0,0,0,0,1
20681,0,0,0,0,1
20682,0,0,0,0,1
20683,0,0,0,0,1
20684,0,0,0,0,1
20685,0,0,0,0,1
20686,0,0,0,0,1
20687,0,0,0,0,1
20688,0,0,0,0,1
20689,0,0,0,0,1
20690,0,0,0,0,1
20691,0,0,0,0,1
20692,0,0,0,0,1
20693,0,0,0,0,1
20694,0,0,0,0,1
20695,0,0,0,0,1
20696,0,0,0,0,1
20697,0,0,0,0,1
20698,0,0,0,0,1
20699,0,0,0,0,1
20700,0,0,0,0,1
20701,0,0,0,0,1
20702,0,0,0,0,1
20703,0,0,0,0,1
20704,0,0,0,0,1
20705,0,0,0,0,1
20706,0,0,0,0,1
20707,0,0,0,0,1
20708,0,0,0,0,1
20709,0,0,0,0,1
20710,0,0,0,0,1
20711,0,0,0,0,1
20712,0,0,0,0,1
20713,0,0,0,0,1
20714,0,0,0,0,1
20715,0,0,0,0,1
20716,0,0,0,0,1
20717,0,0,0,0,1
20718,0,0,0,0,1
20719,0,0,0,0,1
20720,0,0,0,0,1
20721,0,0,0,0,1
20722,0,0,0,0,1
20723,0,0,0,0,1
20724,0,0,0,0,1
20725,0,0,0,0,1
20726,0,0,0,0,1
20727,0,0,0,0,1
20728,0,0,0,0,1
20729,0,0,0,0,1
20730,0,0,0,0,1
20731,0,0,0,0,1
20732,0,0,0,0,1
20733,0,0,0,0,1
20734,0,0,0,0,1
20735,0,0,0,0,1
20736,0,0,0,0,1
20737,0,0,0,0,1
20738,0,0,0,0,1
20739,0,0,0,0,1
20740,0,0,0,0,1
20741,0,0,0,0,1
20742,0,0,0,0,1
20743,0,0,0,0,1
20744,0,0,0,0,1
20745,0,0,0,0,1
20746,0,0,0,0,1
20747,0,0,0,0,1
20748,0,0,0,0,1
20749,0,0,0,0,1
20750,0,0,0,0,1
20751,0,0,0,0,1
20752,0,0,0,0,1
20753,0,0,0,0,1
20754,0,0,0,0,1
20755,0,0,0,0,1
20756,0,0,0,0,1
20757,1,0,0,0,0
20758,1,0,0,0,0
20759,1,0,0,0,0
20760,1,0,0,0,0
20761,1,0,0,0,0
20762,1,0,0,0,0
20763,1,0,0,0,0
20764,1,0,0,0,0
20765,1,0,0,0,0
20766,1,0,0,0,0
20767,1,0,0,0,0
20768,1,0,0,0,0
20769,1,0,0,0,0
20770,1,0,0,0,0
20771,1,0,0,0,0
20772,1,0,0,0,0
20773,1,0,0,0,0
20774,1,0,0,0,0
20775,1,0,0,0,0
20776,1,0,0,0,0
20777,1,0,0,0,0
20778,1,0,0,0,0
20779,1,0,0,0,0
20780,1,0,0,0,0
20781,1,0,0,0,0
20782,1,0,0,0,0
20783,1,0,0,0,0
20784,1,0,0,0,0
20785,1,0,0,0,0
20786,1,0,0,0,0
20787,1,0,0,0,0
20788,1,0,0,0,0
20789,1,0,0,0,0
20790,1,0,0,0,0
20791,1,0,0,0,0
20792,1,0,0,0,0
20793,1,0,0,0,0
20794,1,0,0,0,0
20795,1,0,0,0,0
20796,1,0,0,0,0
20797,1,0,0,0,0
20798,1,0,0,0,0
20799,1,0,0,0,0
20800,1,0,0,0,0
20801,1,0,0,0,0
20802,1,0,0,0,0
20803,1,0,0,0,0
20804,1,0,0,0,0
20805,1,0,0,0,0
20806,1,0,0,0,0
20807,1,0,0,0,0
20808,1,0,0,0,0
20809,1,0,0,0,0
20810,1,0,0,0,0
20811,1,0,0,0,0
20812,1,0,0,0,0
20813,1,0,0,0,0
20814,1,0,0,0,0
20815,1,0,0,0,0
20816,1,0,0,0,0
20817,1,0,0,0,0
20818,1,0,0,0,0
20819,1,0,0,0,0
20820,1,0,0,0,0
20821,1,0,0,0,0
20822,1,0,0,0,0
20823,1,0,0,0,0
20824,1,0,0,0,0
20825,1,0,0,0,0
20826,1,0,0,0,0
20827,1,0,0,0,0
20828,1,0,0,0,0
20829,1,0,0,0,0
20830,1,0,0,0,0
20831,1,0,0,0,0
20832,1,0,0,0,0
20833,1,0,0,0,0
20834,1,0,0,0,0
20835,1,0,0,0,0
20836,1,0,0,0,0
20837,1,0,0,0,0
20838,1,0,0,0,0
20839,1,0,0,0,0
20840,1,0,0,0,0
20841,1,0,0,0,0
20842,1,0,0,0,0
20843,1,0,0,0,0
20844,1,0,0,0,0
20845,1,0,0,0,0
20846,1,0,0,0,0
20847,1,0,0,0,0
20848,1,0,0,0,0
20849,1,0,0,0,0
20850,1,0,0,0,0
20851,1,0,0,0,0
20852,1,0,0,0,0
20853,1,0,0,0,0
20854,1,0,0,0,0
20855,1,0,0,0,0
20856,1,0,0,0,0
20857,1,0,0,0,0
20858,1,0,0,0,0
20859,0,0,0,0,1
20860,0,0,0,0,1
20861,0,0,0,0,1
20862,0,0,0,0,1
20863,0,0,0,0,1
20864,0,0,0,0,1
20865,0,0,0,0,1
20866,0,0,0,0,1
20867,0,0,0,0,1
20868,0,0,0,0,1
20869,0,0,0,0,1
20870,0,0,0,0,1
20871,0,0,0,0,1
20872,0,0,0,0,1
20873,0,0,0,0,1
20874,0,0,0,0,1
20875,0,0,0,0,1
20876,0,0,0,0,1
20877,0,0,0,0,1
20878,0,0,0,0,1
20879,0,0,0,0,1
20880,0,0,0,0,1
20881,0,0,0,0,1
20882,0,0,0,0,1
20883,0,0,0,0,1
20884,0,0,0,0,1
20885,0,0,0,0,1
20886,0,0,0,0,1
20887,0,0,0,0,1
20888,0,0,0,0,1
20889,0,0,0,0,1
20890,0,0,0,0,1
20891,0,0,0,0,1
20892,0,0,0,0,1
20893,0,0,0,0,1
20894,0,0,0,0,1
20895,0,0,0,0,1
20896,0,0,0,0,1
20897,0,0,0,0,1
20898,0,0,0,0,1
20899,0,0,0,0,1
20900,0,0,0,0,1
20901,0,0,0,0,1
20902,0,0,0,0,1
20903,0,0,0,0,1
20904,0,0,0,0,1
20905,0,0,0,0,1
20906,0,0,0,0,1
20907,0,0,0,0,1
20908,0,0,0,0,1
20909,0,0,0,0,1
20910,0,0,0,0,1
20911,0,0,0,0,1
20912,0,0,0,0,1
20913,0,0,0,0,1
20914,0,0,0,0,1
20915,0,0,0,0,1
20916,0,0,0,0,1
20917,0,0,0,0,1
20918,0,0,0,0,1
20919,0,0,0,0,1
20920,0,0,0,0,1
20921,0,0,0,0,1
20922,0,0,0,0,1
20923,0,0,0,0,1
20924,0,0,0,0,1
20925,0,0,0,0,1
20926,0,0,0,0,1
20927,0,0,0,0,1
20928,0,0,0,0,1
20929,0,0,0,0,1
20930,0,0,0,0,1
20931,0,0,0,0,1
20932,1,0,0,0,0
20933,1,0,0,0,0
20934,1,0,0,0,0
20935,1,0,0,0,0
20936,1,0,0,0,0
20937,0,0,0,1,0
20938,0,0,0,1,0
20939,0,0,0,1,0
20940,0,0,0,1,0
20941,0,0,0,1,0
20942,0,0,0,1,0
20943,0,0,0,1,0
20944,0,0,0,1,0
20945,0,0,0,1,0
20946,0,0,0,1,0
20947,0,0,0,1,0
20948,0,0,0,1,0
20949,1,0,0,0,0
20950,1,0,0,0,0
20951,1,0,0,0,0
20952,1,0,0,0,0
20953,1,0,0,0,0
20954,1,0,0,0,0
20955,1,0,0,0,0
20956,1,0,0,0,0
20957,1,0,0,0,0
20958,1,0,0,0,0
20959,1,0,0,0,0
20960,1,0,0,0,0
20961,1,0,0,0,0
20962,1,0,0,0,0
20963,1,0,0,0,0
20964,1,0,0,0,0
20965,1,0,0,0,0
20966,0,0,0,0,1
20967,0,0,0,0,1
20968,0,0,0,0,1
20969,0,0,0,0,1
20970,0,0,0,0,1
20971,0,0,0,0,1
20972,0,0,0,0,1
20973,0,0,0,0,1
20974,0,0,0,0,1
20975,0,0,0,0,1
20976,0,0,0,0,1
20977,0,0,0,0,1
20978,0,0,0,0,1
20979,0,0,0,0,1
20980,0,0,0,0,1
20981,0,0,0,0,1
20982,0,0,0,0,1
20983,0,0,0,0,1
20984,0,0,0,0,1
20985,0,0,0,0,1
20986,0,0,0,0,1
20987,0,0,0,0,1
20988,0,0,0,0,1
20989,1,0,0,0,0
20990,1,0,0,0,0
20991,1,0,0,0,0
20992,1,0,0,0,0
20993,1,0,0,0,0
20994,1,0,0,0,0
20995,1,0,0,0,0
20996,1,0,0,0,0
20997,1,0,0,0,0
20998,1,0,0,0,0
20999,1,0,0,0,0
21000,1,0,0,0,0
21001,1,0,0,0,0
21002,1,0,0,0,0
21003,1,0,0,0,0
21004,1,0,0,0,0
21005,1,0,0,0,0
21006,1,0,0,0,0
21007,1,0,0,0,0
21008,1,0,0,0,0
21009,1,0,0,0,0
21010,1,0,0,0,0
21011,1,0,0,0,0
21012,1,0,0,0,0
21013,1,0,0,0,0
21014,1,0,0,0,0
21015,1,0,0,0,0
21016,1,0,0,0,0
21017,1,0,0,0,0
21018,1,0,0,0,0
21019,1,0,0,0,0
21020,1,0,0,0,0
21021,1,0,0,0,0
21022,1,0,0,0,0
21023,1,0,0,0,0
21024,1,0,0,0,0
21025,1,0,0,0,0
21026,1,0,0,0,0
21027,1,0,0,0,0
21028,1,0,0,0,0
21029,1,0,0,0,0
21030,1,0,0,0,0
21031,1,0,0,0,0
21032,1,0,0,0,0
21033,1,0,0,0,0
21034,1,0,0,0,0
21035,1,0,0,0,0
21036,1,0,0,0,0
21037,1,0,0,0,0
21038,1,0,0,0,0
21039,1,0,0,0,0
21040,1,0,0,0,0
21041,1,0,0,0,0
21042,1,0,0,0,0
21043,1,0,0,0,0
21044,1,0,0,0,0
21045,1,0,0,0,0
21046,1,0,0,0,0
21047,1,0,0,0,0
21048,1,0,0,0,0
21049,1,0,0,0,0
21050,1,0,0,0,0
21051,1,0,0,0,0
21052,1,0,0,0,0
21053,1,0,0,0,0
21054,1,0,0,0,0
21055,1,0,0,0,0
21056,1,0,0,0,0
21057,1,0,0,0,0
21058,1,0,0,0,0
21059,1,0,0,0,0
21060,1,0,0,0,0
21061,1,0,0,0,0
21062,1,0,0,0,0
21063,1,0,0,0,0
21064,1,0,0,0,0
21065,1,0,0,0,0
21066,1,0,0,0,0
21067,1,0,0,0,0
21068,1,0,0,0,0
21069,1,0,0,0,0
21070,1,0,0,0,0
21071,1,0,0,0,0
21072,1,0,0,0,0
21073,1,0,0,0,0
21074,1,0,0,0,0
21075,1,0,0,0,0
21076,1,0,0,0,0
21077,1,0,0,0,0
21078,1,0,0,0,0
21079,1,0,0,0,0
21080,0,0,0,0,1
21081,0,0,0,0,1
21082,0,0,0,0,1
21083,0,0,0,0,1
21084,0,0,0,0,1
21085,0,0,0,0,1
21086,0,0,0,0,1
21087,0,0,0,0,1
21088,0,0,0,0,1
21089,0,0,0,0,1
21090,0,0,0,0,1
21091,0,0,0,0,1
21092,0,0,0,0,1
21093,0,0,0,0,1
21094,0,0,0,0,1
21095,0,0,0,0,1
21096,0,0,0,0,1
21097,0,0,0,0,1
21098,0,0,0,0,1
21099,0,0,0,0,1
21100,0,0,0,0,1
21101,0,0,0,0,1
21102,0,0,0,0,1
21103,0,0,0,0,1
21104,0,0,0,0,1
21105,0,0,0,0,1
21106,0,0,0,0,1
21107,0,0,0,0,1
21108,0,0,0,0,1
21109,0,0,0,0,1
21110,0,0,0,0,1
21111,0,0,0,0,1
21112,0,0,0,0,1
21113,0,0,0,0,1
21114,0,0,0,0,1
21115,0,0,0,0,1
21116,0,0,0,0,1
21117,0,0,0,0,1
21118,0,0,0,0,1
21119,0,0,0,0,1
21120,0,0,0,0,1
21121,0,0,0,0,1
21122,0,0,0,0,1
21123,0,0,0,0,1
21124,0,0,0,0,1
21125,0,0,0,0,1
21126,0,0,0,0,1
21127,0,0,0,0,1
21128,0,0,0,0,1
21129,0,0,0,0,1
21130,0,0,0,0,1
21131,0,0,0,0,1
21132,1,0,0,0,0
21133,1,0,0,0,0
21134,1,0,0,0,0
21135,1,0,0,0,0
21136,1,0,0,0,0
21137,1,0,0,0,0
21138,1,0,0,0,0
21139,1,0,0,0,0
21140,1,0,0,0,0
21141,1,0,0,0,0
21142,1,0,0,0,0
21143,1,0,0,0,0
21144,1,0,0,0,0
21145,1,0,0,0,0
21146,1,0,0,0,0
21147,1,0,0,0,0
21148,1,0,0,0,0
21149,1,0,0,0,0
21150,1,0,0,0,0
21151,1,0,0,0,0
21152,1,0,0,0,0
21153,1,0,0,0,0
21154,1,0,0,0,0
21155,1,0,0,0,0
21156,1,0,0,0,0
21157,1,0,0,0,0
21158,1,0,0,0,0
21159,1,0,0,0,0
21160,1,0,0,0,0
21161,1,0,0,0,0
21162,1,0,0,0,0
21163,1,0,0,0,0
21164,1,0,0,0,0
21165,1,0,0,0,0
21166,1,0,0,0,0
21167,1,0,0,0,0
21168,1,0,0,0,0
21169,1,0,0,0,0
21170,1,0,0,0,0
21171,1,0,0,0,0
21172,1,0,0,0,0
21173,1,0,0,0,0
21174,1,0,0,0,0
21175,1,0,0,0,0
21176,1,0,0,0,0
21177,1,0,0,0,0
21178,1,0,0,0,0
21179,1,0,0,0,0
21180,1,0,0,0,0
21181,1,0,0,0,0
21182,1,0,0,0,0
21183,1,0,0,0,0
21184,1,0,0,0,0
21185,1,0,0,0,0
21186,1,0,0,0,0
21187,1,0,0,0,0
21188,1,0,0,0,0
21189,1,0,0,0,0
21190,1,0,0,0,0
21191,1,0,0,0,0
21192,1,0,0,0,0
21193,1,0,0,0,0
21194,1,0,0,0,0
21195,1,0,0,0,0
21196,1,0,0,0,0
21197,1,0,0,0,0
21198,1,0,0,0,0
21199,1,0,0,0,0
21200,1,0,0,0,0
21201,1,0,0,0,0
21202,1,0,0,0,0
21203,1,0,0,0,0
21204,1,0,0,0,0
21205,1,0,0,0,0
21206,1,0,0,0,0
21207,1,0,0,0,0
21208,1,0,0,0,0
21209,1,0,0,0,0
21210,1,0,0,0,0
21211,1,0,0,0,0
21212,1,0,0,0,0
21213,1,0,0,0,0
21214,1,0,0,0,0
21215,1,0,0,0,0
21216,1,0,0,0,0
21217,1,0,0,0,0
21218,1,0,0,0,0
21219,1,0,0,0,0
21220,1,0,0,0,0
21221,1,0,0,0,0
21222,1,0,0,0,0
21223,1,0,0,0,0
21224,1,0,0,0,0
21225,1,0,0,0,0
21226,1,0,0,0,0
21227,1,0,0,0,0
21228,1,0,0,0,0
21229,1,0,0,0,0
21230,1,0,0,0,0
21231,1,0,0,0,0
21232,1,0,0,0,0
21233,1,0,0,0,0
21234,1,0,0,0,0
21235,1,0,0,0,0
21236,1,0,0,0,0
21237,1,0,0,0,0
21238,1,0,0,0,0
21239,1,0,0,0,0
21240,1,0,0,0,0
21241,1,0,0,0,0
21242,1,0,0,0,0
21243,1,0,0,0,0
21244,1,0,0,0,0
21245,1,0,0,0,0
21246,1,0,0,0,0
21247,1,0,0,0,0
21248,1,0,0,0,0
21249,1,0,0,0,0
21250,1,0,0,0,0
21251,1,0,0,0,0
21252,1,0,0,0,0
21253,1,0,0,0,0
21254,1,0,0,0,0
21255,1,0,0,0,0
21256,1,0,0,0,0
21257,1,0,0,0,0
21258,1,0,0,0,0
21259,1,0,0,0,0
21260,1,0,0,0,0
21261,1,0,0,0,0
21262,1,0,0,0,0
21263,1,0,0,0,0
21264,1,0,0,0,0
21265,1,0,0,0,0
21266,1,0,0,0,0
21267,1,0,0,0,0
21268,1,0,0,0,0
21269,1,0,0,0,0
21270,1,0,0,0,0
21271,1,0,0,0,0
21272,1,0,0,0,0
21273,1,0,0,0,0
21274,1,0,0,0,0
21275,1,0,0,0,0
21276,1,0,0,0,0
21277,1,0,0,0,0
21278,1,0,0,0,0
21279,1,0,0,0,0
21280,1,0,0,0,0
21281,1,0,0,0,0
21282,1,0,0,0,0
21283,1,0,0,0,0
21284,1,0,0,0,0
21285,1,0,0,0,0
21286,1,0,0,0,0
21287,1,0,0,0,0
21288,1,0,0,0,0
21289,1,0,0,0,0
21290,1,0,0,0,0
21291,1,0,0,0,0
21292,1,0,0,0,0
21293,1,0,0,0,0
21294,1,0,0,0,0
21295,1,0,0,0,0
21296,1,0,0,0,0
21297,1,0,0,0,0
21298,1,0,0,0,0
21299,1,0,0,0,0
21300,1,0,0,0,0
21301,1,0,0,0,0
21302,1,0,0,0,0
21303,1,0,0,0,0
21304,1,0,0,0,0
21305,1,0,0,0,0
21306,1,0,0,0,0
21307,1,0,0,0,0
21308,1,0,0,0,0
21309,1,0,0,0,0
21310,1,0,0,0,0
21311,1,0,0,0,0
21312,1,0,0,0,0
21313,1,0,0,0,0
21314,1,0,0,0,0
21315,1,0,0,0,0
21316,1,0,0,0,0
21317,1,0,0,0,0
21318,1,0,0,0,0
21319,1,0,0,0,0
21320,1,0,0,0,0
21321,1,0,0,0,0
21322,1,0,0,0,0
21323,1,0,0,0,0
21324,1,0,0,0,0
21325,1,0,0,0,0
21326,1,0,0,0,0
21327,1,0,0,0,0
21328,1,0,0,0,0
21329,1,0,0,0,0
21330,1,0,0,0,0
21331,1,0,0,0,0
21332,1,0,0,0,0
21333,1,0,0,0,0
21334,1,0,0,0,0
21335,1,0,0,0,0
21336,1,0,0,0,0
21337,1,0,0,0,0
21338,1,0,0,0,0
21339,1,0,0,0,0
21340,1,0,0,0,0
21341,1,0,0,0,0
21342,1,0,0,0,0
21343,1,0,0,0,0
21344,1,0,0,0,0
21345,1,0,0,0,0
21346,1,0,0,0,0
21347,1,0,0,0,0
21348,1,0,0,0,0
21349,1,0,0,0,0
21350,1,0,0,0,0
21351,1,0,0,0,0
21352,1,0,0,0,0
21353,1,0,0,0,0
21354,1,0,0,0,0
21355,1,0,0,0,0
21356,1,0,0,0,0
21357,1,0,0,0,0
21358,1,0,0,0,0
21359,1,0,0,0,0
21360,1,0,0,0,0
21361,1,0,0,0,0
21362,1,0,0,0,0
21363,1,0,0,0,0
21364,1,0,0,0,0
21365,1,0,0,0,0
21366,1,0,0,0,0
21367,1,0,0,0,0
21368,1,0,0,0,0
21369,1,0,0,0,0
21370,1,0,0,0,0
21371,1,0,0,0,0
21372,0,0,0,0,1
21373,0,0,0,0,1
21374,0,0,0,0,1
21375,0,0,0,0,1
21376,0,0,0,0,1
21377,0,0,0,0,1
21378,0,0,0,0,1
21379,0,0,0,0,1
21380,0,0,0,0,1
21381,0,0,0,0,1
21382,0,0,0,0,1
21383,0,0,0,0,1
21384,0,0,0,0,1
21385,0,0,0,0,1
21386,0,0,0,0,1
21387,0,0,0,0,1
21388,0,0,0,0,1
21389,0,0,0,0,1
21390,0,0,0,0,1
21391,0,0,0,0,1
21392,0,0,0,0,1
21393,0,0,0,0,1
21394,0,0,0,0,1
21395,0,0,0,0,1
21396,0,0,0,0,1
21397,0,0,0,0,1
21398,0,0,0,0,1
21399,0,0,0,0,1
21400,0,0,0,0,1
21401,0,0,0,0,1
21402,0,0,0,0,1
21403,0,0,0,0,1
21404,0,0,0,0,1
21405,0,0,0,0,1
21406,0,0,0,0,1
21407,0,0,0,0,1
21408,0,0,0,0,1
21409,0,0,0,0,1
21410,0,0,0,0,1
21411,0,0,0,0,1
21412,0,0,0,0,1
21413,0,0,0,0,1
21414,0,0,0,0,1
21415,0,0,0,0,1
21416,0,0,0,0,1
21417,0,0,0,0,1
21418,0,0,0,0,1
21419,0,0,0,0,1
21420,0,0,0,0,1
21421,0,0,0,0,1
21422,0,0,0,0,1
21423,0,0,0,0,1
21424,0,0,0,0,1
21425,0,0,0,0,1
21426,0,0,0,0,1
21427,0,0,0,1,0
21428,0,0,0,1,0
21429,0,0,0,1,0
21430,0,0,0,1,0
21431,0,0,0,1,0
21432,0,0,0,1,0
21433,0,0,0,1,0
21434,1,0,0,0,0
21435,1,0,0,0,0
21436,1,0,0,0,0
21437,1,0,0,0,0
21438,1,0,0,0,0
21439,1,0,0,0,0
21440,1,0,0,0,0
21441,1,0,0,0,0
21442,1,0,0,0,0
21443,1,0,0,0,0
21444,1,0,0,0,0
21445,1,0,0,0,0
21446,1,0,0,0,0
21447,1,0,0,0,0
21448,1,0,0,0,0
21449,1,0,0,0,0
21450,1,0,0,0,0
21451,1,0,0,0,0
21452,1,0,0,0,0
21453,1,0,0,0,0
21454,1,0,0,0,0
21455,1,0,0,0,0
21456,1,0,0,0,0
21457,1,0,0,0,0
21458,1,0,0,0,0
21459,1,0,0,0,0
21460,1,0,0,0,0
21461,1,0,0,0,0
21462,1,0,0,0,0
21463,1,0,0,0,0
21464,0,0,0,0,1
21465,0,0,0,0,1
21466,0,0,0,0,1
21467,0,0,0,0,1
21468,0,0,0,0,1
21469,0,0,0,0,1
21470,0,0,0,0,1
21471,0,0,0,0,1
21472,0,0,0,0,1
21473,0,0,0,0,1
21474,0,0,0,0,1
21475,0,0,0,0,1
21476,0,0,0,0,1
21477,0,0,0,0,1
21478,0,0,0,0,1
21479,0,0,0,0,1
21480,0,0,0,0,1
21481,0,0,0,0,1
21482,0,0,0,0,1
21483,0,0,0,0,1
21484,0,0,0,0,1
21485,0,0,0,0,1
21486,0,0,0,0,1
21487,0,0,0,0,1
21488,0,0,0,0,1
21489,0,0,0,0,1
21490,0,0,0,0,1
21491,0,0,0,0,1
21492,0,0,0,0,1
21493,0,0,0,0,1
21494,0,0,0,0,1
21495,1,0,0,0,0
21496,1,0,0,0,0
21497,1,0,0,0,0
21498,1,0,0,0,0
21499,1,0,0,0,0
21500,1,0,0,0,0
21501,0,1,0,0,0
21502,0,1,0,0,0
21503,0,1,0,0,0
21504,0,1,0,0,0
21505,0,1,0,0,0
21506,0,1,0,0,0
21507,0,1,0,0,0
21508,0,1,0,0,0
21509,0,1,0,0,0
21510,0,1,0,0,0
21511,0,1,0,0,0
21512,0,1,0,0,0
21513,0,1,0,0,0
21514,0,1,0,0,0
21515,0,1,0,0,0
21516,0,1,0,0,0
21517,0,1,0,0,0
21518,0,1,0,0,0
21519,0,1,0,0,0
21520,0,1,0,0,0
21521,0,1,0,0,0
21522,0,1,0,0,0
21523,0,1,0,0,0
21524,0,1,0,0,0
21525,0,1,0,0,0
21526,0,1,0,0,0
21527,0,1,0,0,0
21528,0,1,0,0,0
21529,0,1,0,0,0
21530,0,1,0,0,0
21531,0,1,0,0,0
21532,0,1,0,0,0
21533,0,1,0,0,0
21534,0,1,0,0,0
21535,0,1,0,0,0
21536,0,1,0,0,0
21537,0,1,0,0,0
21538,0,1,0,0,0
21539,0,1,0,0,0
21540,0,1,0,0,0
21541,0,1,0,0,0
21542,0,1,0,0,0
21543,0,1,0,0,0
21544,0,1,0,0,0
21545,0,1,0,0,0
21546,0,1,0,0,0
21547,0,1,0,0,0
21548,1,0,0,0,0
21549,1,0,0,0,0
21550,1,0,0,0,0
21551,1,0,0,0,0
21552,1,0,0,0,0
21553,1,0,0,0,0
21554,1,0,0,0,0
21555,1,0,0,0,0
21556,1,0,0,0,0
21557,1,0,0,0,0
21558,1,0,0,0,0
21559,1,0,0,0,0
21560,1,0,0,0,0
21561,1,0,0,0,0
21562,1,0,0,0,0
21563,0,0,0,1,0
21564,0,0,0,1,0
21565,0,0,0,1,0
21566,0,0,0,1,0
21567,0,0,0,1,0
21568,0,0,0,1,0
21569,0,0,0,1,0
21570,0,0,0,1,0
21571,0,0,0,1,0
21572,0,0,0,1,0
21573,0,0,0,1,0
21574,0,0,0,1,0
21575,1,0,0,0,0
21576,1,0,0,0,0
21577,1,0,0,0,0
21578,1,0,0,0,0
21579,1,0,0,0,0
21580,1,0,0,0,0
21581,1,0,0,0,0
21582,1,0,0,0,0
21583,1,0,0,0,0
21584,0,0,0,0,1
21585,0,0,0,0,1
21586,0,0,0,0,1
21587,0,0,0,0,1
21588,0,0,0,0,1
21589,0,0,0,0,1
21590,0,0,0,0,1
21591,0,0,0,0,1
21592,0,0,0,0,1
21593,0,0,0,0,1
21594,0,0,0,0,1
21595,0,0,0,0,1
21596,0,0,0,0,1
21597,0,0,0,0,1
21598,0,0,0,0,1
21599,0,0,0,0,1
21600,0,0,0,0,1
21601,0,0,0,0,1
21602,0,0,0,0,1
21603,0,0,0,0,1
21604,0,0,0,0,1
21605,0,0,0,0,1
21606,0,0,0,0,1
21607,0,0,0,0,1
21608,0,0,0,0,1
21609,0,0,0,0,1
21610,0,0,0,0,1
21611,0,0,0,0,1
21612,0,0,0,0,1
21613,0,0,0,0,1
21614,0,0,0,0,1
21615,0,0,0,0,1
21616,0,0,0,0,1
21617,0,0,0,0,1
21618,0,0,0,0,1
21619,0,0,0,0,1
21620,0,0,0,1,0
21621,0,0,0,1,0
21622,0,0,0,1,0
21623,0,0,0,1,0
21624,0,0,0,1,0
21625,0,0,0,1,0
21626,0,0,0,1,0
21627,0,0,0,1,0
21628,0,0,0,1,0
21629,0,0,0,1,0
21630,0,0,0,1,0
21631,0,0,0,1,0
21632,1,0,0,0,0
21633,1,0,0,0,0
21634,1,0,0,0,0
21635,1,0,0,0,0
21636,1,0,0,0,0
21637,1,0,0,0,0
21638,1,0,0,0,0
21639,1,0,0,0,0
21640,1,0,0,0,0
21641,1,0,0,0,0
21642,1,0,0,0,0
21643,1,0,0,0,0
21644,1,0,0,0,0
21645,1,0,0,0,0
21646,1,0,0,0,0
21647,1,0,0,0,0
21648,1,0,0,0,0
21649,1,0,0,0,0
21650,1,0,0,0,0
21651,1,0,0,0,0
21652,1,0,0,0,0
21653,1,0,0,0,0
21654,1,0,0,0,0
21655,1,0,0,0,0
21656,1,0,0,0,0
21657,1,0,0,0,0
21658,1,0,0,0,0
21659,1,0,0,0,0
21660,1,0,0,0,0
21661,1,0,0,0,0
21662,1,0,0,0,0
21663,1,0,0,0,0
21664,1,0,0,0,0
21665,1,0,0,0,0
21666,1,0,0,0,0
21667,1,0,0,0,0
21668,1,0,0,0,0
21669,1,0,0,0,0
21670,1,0,0,0,0
21671,1,0,0,0,0
21672,1,0,0,0,0
21673,1,0,0,0,0
21674,1,0,0,0,0
21675,1,0,0,0,0
21676,1,0,0,0,0
21677,1,0,0,0,0
21678,1,0,0,0,0
21679,1,0,0,0,0
21680,1,0,0,0,0
21681,1,0,0,0,0
21682,1,0,0,0,0
21683,1,0,0,0,0
21684,1,0,0,0,0
21685,1,0,0,0,0
21686,1,0,0,0,0
21687,1,0,0,0,0
21688,1,0,0,0,0
21689,1,0,0,0,0
21690,1,0,0,0,0
21691,1,0,0,0,0
21692,1,0,0,0,0
21693,1,0,0,0,0
21694,1,0,0,0,0
21695,1,0,0,0,0
21696,1,0,0,0,0
21697,1,0,0,0,0
21698,1,0,0,0,0
21699,1,0,0,0,0
21700,1,0,0,0,0
21701,1,0,0,0,0
21702,1,0,0,0,0
21703,1,0,0,0,0
21704,1,0,0,0,0
21705,1,0,0,0,0
21706,1,0,0,0,0
21707,1,0,0,0,0
21708,1,0,0,0,0
21709,1,0,0,0,0
21710,1,0,0,0,0
21711,1,0,0,0,0
21712,1,0,0,0,0
21713,1,0,0,0,0
21714,1,0,0,0,0
21715,1,0,0,0,0
21716,1,0,0,0,0
21717,1,0,0,0,0
21718,1,0,0,0,0
21719,1,0,0,0,0
21720,1,0,0,0,0
21721,1,0,0,0,0
21722,1,0,0,0,0
21723,1,0,0,0,0
21724,1,0,0,0,0
21725,1,0,0,0,0
21726,1,0,0,0,0
21727,1,0,0,0,0
21728,1,0,0,0,0
21729,1,0,0,0,0
21730,1,0,0,0,0
21731,1,0,0,0,0
21732,1,0,0,0,0
21733,1,0,0,0,0
21734,1,0,0,0,0
21735,1,0,0,0,0
21736,1,0,0,0,0
21737,1,0,0,0,0
21738,1,0,0,0,0
21739,1,0,0,0,0
21740,1,0,0,0,0
21741,1,0,0,0,0
21742,1,0,0,0,0
21743,1,0,0,0,0
21744,1,0,0,0,0
21745,1,0,0,0,0
21746,1,0,0,0,0
21747,1,0,0,0,0
21748,1,0,0,0,0
21749,1,0,0,0,0
21750,1,0,0,0,0
21751,1,0,0,0,0
21752,1,0,0,0,0
21753,1,0,0,0,0
21754,1,0,0,0,0
21755,1,0,0,0,0
21756,1,0,0,0,0
21757,1,0,0,0,0
21758,1,0,0,0,0
21759,1,0,0,0,0
21760,1,0,0,0,0
21761,1,0,0,0,0
21762,1,0,0,0,0
21763,1,0,0,0,0
21764,1,0,0,0,0
21765,1,0,0,0,0
21766,1,0,0,0,0
21767,1,0,0,0,0
21768,1,0,0,0,0
21769,1,0,0,0,0
21770,1,0,0,0,0
21771,1,0,0,0,0
21772,1,0,0,0,0
21773,1,0,0,0,0
21774,1,0,0,0,0
21775,1,0,0,0,0
21776,1,0,0,0,0
21777,1,0,0,0,0
21778,1,0,0,0,0
21779,1,0,0,0,0
21780,1,0,0,0,0
21781,1,0,0,0,0
21782,1,0,0,0,0
21783,1,0,0,0,0
21784,1,0,0,0,0
21785,1,0,0,0,0
21786,1,0,0,0,0
21787,1,0,0,0,0
21788,1,0,0,0,0
21789,1,0,0,0,0
21790,1,0,0,0,0
21791,1,0,0,0,0
21792,1,0,0,0,0
21793,1,0,0,0,0
21794,1,0,0,0,0
21795,1,0,0,0,0
21796,1,0,0,0,0
21797,1,0,0,0,0
21798,1,0,0,0,0
21799,1,0,0,0,0
21800,1,0,0,0,0
21801,1,0,0,0,0
21802,1,0,0,0,0
21803,1,0,0,0,0
21804,1,0,0,0,0
21805,1,0,0,0,0
21806,1,0,0,0,0
21807,1,0,0,0,0
21808,1,0,0,0,0
21809,1,0,0,0,0
21810,1,0,0,0,0
21811,1,0,0,0,0
21812,1,0,0,0,0
21813,1,0,0,0,0
21814,1,0,0,0,0
21815,1,0,0,0,0
21816,1,0,0,0,0
21817,1,0,0,0,0
21818,1,0,0,0,0
21819,1,0,0,0,0
21820,1,0,0,0,0
21821,1,0,0,0,0
21822,1,0,0,0,0
21823,1,0,0,0,0
21824,1,0,0,0,0
21825,1,0,0,0,0
21826,1,0,0,0,0
21827,1,0,0,0,0
21828,1,0,0,0,0
21829,1,0,0,0,0
21830,1,0,0,0,0
21831,1,0,0,0,0
21832,1,0,0,0,0
21833,1,0,0,0,0
21834,1,0,0,0,0
21835,1,0,0,0,0
21836,1,0,0,0,0
21837,1,0,0,0,0
21838,1,0,0,0,0
21839,1,0,0,0,0
21840,1,0,0,0,0
21841,1,0,0,0,0
21842,1,0,0,0,0
21843,1,0,0,0,0
21844,1,0,0,0,0
21845,1,0,0,0,0
21846,1,0,0,0,0
21847,1,0,0,0,0
21848,1,0,0,0,0
21849,1,0,0,0,0
21850,1,0,0,0,0
21851,1,0,0,0,0
21852,1,0,0,0,0
21853,1,0,0,0,0
21854,1,0,0,0,0
21855,1,0,0,0,0
21856,1,0,0,0,0
21857,1,0,0,0,0
21858,1,0,0,0,0
21859,1,0,0,0,0
21860,1,0,0,0,0
21861,1,0,0,0,0
21862,1,0,0,0,0
21863,1,0,0,0,0
21864,1,0,0,0,0
21865,1,0,0,0,0
21866,1,0,0,0,0
21867,1,0,0,0,0
21868,1,0,0,0,0
21869,1,0,0,0,0
21870,1,0,0,0,0
21871,1,0,0,0,0
21872,1,0,0,0,0
21873,1,0,0,0,0
21874,1,0,0,0,0
21875,1,0,0,0,0
21876,1,0,0,0,0
21877,1,0,0,0,0
21878,1,0,0,0,0
21879,1,0,0,0,0
21880,1,0,0,0,0
21881,1,0,0,0,0
21882,1,0,0,0,0
21883,1,0,0,0,0
21884,1,0,0,0,0
21885,1,0,0,0,0
21886,1,0,0,0,0
21887,1,0,0,0,0
21888,1,0,0,0,0
21889,1,0,0,0,0
21890,1,0,0,0,0
21891,1,0,0,0,0
21892,1,0,0,0,0
21893,1,0,0,0,0
21894,1,0,0,0,0
21895,1,0,0,0,0
21896,1,0,0,0,0
21897,1,0,0,0,0
21898,1,0,0,0,0
21899,1,0,0,0,0
21900,1,0,0,0,0
21901,1,0,0,0,0
21902,1,0,0,0,0
21903,1,0,0,0,0
21904,1,0,0,0,0
21905,1,0,0,0,0
21906,1,0,0,0,0
21907,1,0,0,0,0
21908,1,0,0,0,0
21909,1,0,0,0,0
21910,1,0,0,0,0
21911,1,0,0,0,0
21912,1,0,0,0,0
21913,1,0,0,0,0
21914,1,0,0,0,0
21915,1,0,0,0,0
21916,1,0,0,0,0
21917,1,0,0,0,0
21918,0,0,0,0,1
21919,0,0,0,0,1
21920,0,0,0,0,1
21921,0,0,0,0,1
21922,0,0,0,0,1
21923,0,0,0,0,1
21924,0,0,0,0,1
21925,0,0,0,0,1
21926,0,0,0,0,1
21927,0,0,0,0,1
21928,0,0,0,0,1
21929,0,0,0,0,1
21930,0,0,0,0,1
21931,0,0,0,0,1
21932,0,0,0,0,1
21933,0,0,0,0,1
21934,0,0,0,0,1
21935,0,0,0,0,1
21936,0,0,0,0,1
21937,0,0,0,0,1
21938,0,0,0,0,1
21939,0,0,0,0,1
21940,0,0,0,0,1
21941,0,0,0,0,1
21942,0,0,0,0,1
21943,0,0,0,0,1
21944,0,0,0,0,1
21945,0,0,0,0,1
21946,0,0,0,0,1
21947,0,0,0,0,1
21948,0,0,0,0,1
21949,0,0,0,0,1
21950,0,0,0,0,1
21951,0,0,0,0,1
21952,0,0,0,0,1
21953,0,0,0,0,1
21954,0,0,0,0,1
21955,0,0,0,0,1
21956,0,0,0,0,1
21957,0,0,0,0,1
21958,0,0,0,0,1
21959,0,0,0,0,1
21960,0,0,0,0,1
21961,0,0,0,0,1
21962,0,0,0,0,1
21963,0,0,0,0,1
21964,0,0,0,0,1
21965,0,0,0,0,1
21966,0,0,0,0,1
21967,0,0,0,0,1
21968,0,0,0,0,1
21969,0,0,0,0,1
21970,0,0,0,0,1
21971,0,0,0,0,1
21972,0,0,0,0,1
21973,0,0,0,0,1
21974,0,0,0,0,1
21975,0,0,0,0,1
21976,0,0,0,0,1
21977,0,0,0,0,1
21978,0,0,0,0,1
21979,0,0,0,0,1
21980,0,0,0,0,1
21981,0,0,0,0,1
21982,0,0,0,0,1
21983,0,0,0,0,1
21984,0,0,0,0,1
21985,0,0,0,0,1
21986,0,0,0,0,1
21987,0,0,0,0,1
21988,0,0,0,0,1
21989,0,0,0,0,1
21990,0,0,0,0,1
21991,0,0,0,0,1
21992,0,0,0,0,1
21993,0,0,0,0,1
21994,0,0,0,0,1
21995,0,0,0,0,1
21996,0,0,0,0,1
21997,1,0,0,0,0
21998,1,0,0,0,0
21999,1,0,0,0,0
22000,1,0,0,0,0
22001,1,0,0,0,0
22002,1,0,0,0,0
22003,1,0,0,0,0
22004,1,0,0,0,0
22005,1,0,0,0,0
22006,1,0,0,0,0
22007,1,0,0,0,0
22008,1,0,0,0,0
22009,1,0,0,0,0
22010,1,0,0,0,0
22011,1,0,0,0,0
22012,1,0,0,0,0
22013,1,0,0,0,0
22014,1,0,0,0,0
22015,1,0,0,0,0
22016,1,0,0,0,0
22017,1,0,0,0,0
22018,1,0,0,0,0
22019,1,0,0,0,0
22020,1,0,0,0,0
22021,1,0,0,0,0
22022,1,0,0,0,0
22023,1,0,0,0,0
22024,1,0,0,0,0
22025,1,0,0,0,0
22026,1,0,0,0,0
22027,1,0,0,0,0
22028,1,0,0,0,0
22029,1,0,0,0,0
22030,1,0,0,0,0
22031,1,0,0,0,0
22032,0,0,0,0,1
22033,0,0,0,0,1
22034,0,0,0,0,1
22035,0,0,0,0,1
22036,0,0,0,0,1
22037,0,0,0,0,1
22038,0,0,0,0,1
22039,0,0,0,0,1
22040,0,0,0,0,1
22041,0,0,0,0,1
22042,0,0,0,0,1
22043,0,0,0,0,1
22044,0,0,0,0,1
22045,0,0,0,0,1
22046,0,0,0,0,1
22047,0,0,0,0,1
22048,0,0,0,0,1
22049,0,0,0,0,1
22050,0,0,0,0,1
22051,0,0,0,0,1
22052,0,0,0,0,1
22053,0,0,0,0,1
22054,0,0,0,0,1
22055,0,0,0,0,1
22056,0,0,0,0,1
22057,0,0,0,0,1
22058,0,0,0,0,1
22059,0,0,0,0,1
22060,0,0,0,0,1
22061,0,0,0,0,1
22062,0,0,0,0,1
22063,0,0,0,0,1
22064,1,0,0,0,0
22065,1,0,0,0,0
22066,1,0,0,0,0
22067,1,0,0,0,0
22068,1,0,0,0,0
22069,1,0,0,0,0
22070,1,0,0,0,0
22071,1,0,0,0,0
22072,1,0,0,0,0
22073,1,0,0,0,0
22074,1,0,0,0,0
22075,1,0,0,0,0
22076,1,0,0,0,0
22077,1,0,0,0,0
22078,1,0,0,0,0
22079,1,0,0,0,0
22080,1,0,0,0,0
22081,1,0,0,0,0
22082,1,0,0,0,0
22083,1,0,0,0,0
22084,1,0,0,0,0
22085,1,0,0,0,0
22086,1,0,0,0,0
22087,1,0,0,0,0
22088,1,0,0,0,0
22089,1,0,0,0,0
22090,1,0,0,0,0
22091,1,0,0,0,0
22092,1,0,0,0,0
22093,1,0,0,0,0
22094,1,0,0,0,0
22095,1,0,0,0,0
22096,1,0,0,0,0
22097,1,0,0,0,0
22098,1,0,0,0,0
22099,1,0,0,0,0
22100,1,0,0,0,0
22101,1,0,0,0,0
22102,1,0,0,0,0
22103,1,0,0,0,0
22104,1,0,0,0,0
22105,1,0,0,0,0
22106,1,0,0,0,0
22107,1,0,0,0,0
22108,1,0,0,0,0
22109,1,0,0,0,0
22110,1,0,0,0,0
22111,1,0,0,0,0
22112,1,0,0,0,0
22113,1,0,0,0,0
22114,1,0,0,0,0
22115,1,0,0,0,0
22116,1,0,0,0,0
22117,1,0,0,0,0
22118,1,0,0,0,0
22119,1,0,0,0,0
22120,1,0,0,0,0
22121,1,0,0,0,0
22122,1,0,0,0,0
22123,1,0,0,0,0
22124,1,0,0,0,0
22125,1,0,0,0,0
22126,1,0,0,0,0
22127,1,0,0,0,0
22128,1,0,0,0,0
22129,1,0,0,0,0
22130,1,0,0,0,0
22131,1,0,0,0,0
22132,1,0,0,0,0
22133,1,0,0,0,0
22134,1,0,0,0,0
22135,1,0,0,0,0
22136,1,0,0,0,0
22137,1,0,0,0,0
22138,1,0,0,0,0
22139,1,0,0,0,0
22140,1,0,0,0,0
22141,1,0,0,0,0
22142,1,0,0,0,0
22143,1,0,0,0,0
22144,1,0,0,0,0
22145,1,0,0,0,0
22146,1,0,0,0,0
22147,1,0,0,0,0
22148,1,0,0,0,0
22149,1,0,0,0,0
22150,1,0,0,0,0
22151,1,0,0,0,0
22152,1,0,0,0,0
22153,1,0,0,0,0
22154,1,0,0,0,0
22155,1,0,0,0,0
22156,1,0,0,0,0
22157,1,0,0,0,0
22158,1,0,0,0,0
22159,1,0,0,0,0
22160,1,0,0,0,0
22161,1,0,0,0,0
22162,1,0,0,0,0
22163,1,0,0,0,0
22164,1,0,0,0,0
22165,1,0,0,0,0
22166,1,0,0,0,0
22167,1,0,0,0,0
22168,1,0,0,0,0
22169,1,0,0,0,0
22170,1,0,0,0,0
22171,1,0,0,0,0
22172,1,0,0,0,0
22173,1,0,0,0,0
22174,1,0,0,0,0
22175,1,0,0,0,0
22176,1,0,0,0,0
22177,1,0,0,0,0
22178,1,0,0,0,0
22179,1,0,0,0,0
22180,1,0,0,0,0
22181,1,0,0,0,0
22182,1,0,0,0,0
22183,1,0,0,0,0
22184,1,0,0,0,0
22185,1,0,0,0,0
22186,1,0,0,0,0
22187,1,0,0,0,0
22188,1,0,0,0,0
22189,1,0,0,0,0
22190,1,0,0,0,0
22191,1,0,0,0,0
22192,1,0,0,0,0
22193,1,0,0,0,0
22194,1,0,0,0,0
22195,1,0,0,0,0
22196,1,0,0,0,0
22197,1,0,0,0,0
22198,1,0,0,0,0
22199,1,0,0,0,0
22200,0,1,0,0,0
22201,0,1,0,0,0
22202,0,1,0,0,0
22203,0,1,0,0,0
22204,0,1,0,0,0
22205,0,1,0,0,0
22206,0,1,0,0,0
22207,0,1,0,0,0
22208,0,1,0,0,0
22209,0,1,0,0,0
22210,0,1,0,0,0
22211,0,1,0,0,0
22212,0,1,0,0,0
22213,0,1,0,0,0
22214,0,1,0,0,0
22215,0,1,0,0,0
22216,0,1,0,0,0
22217,0,1,0,0,0
22218,0,1,0,0,0
22219,0,1,0,0,0
22220,0,1,0,0,0
22221,0,1,0,0,0
22222,0,1,0,0,0
22223,0,1,0,0,0
22224,0,1,0,0,0
22225,0,1,0,0,0
22226,0,1,0,0,0
22227,0,1,0,0,0
22228,0,1,0,0,0
22229,0,1,0,0,0
22230,0,1,0,0,0
22231,0,1,0,0,0
22232,0,1,0,0,0
22233,0,1,0,0,0
22234,0,1,0,0,0
22235,0,1,0,0,0
22236,0,1,0,0,0
22237,0,1,0,0,0
22238,0,1,0,0,0
22239,0,1,0,0,0
22240,0,1,0,0,0
22241,0,1,0,0,0
22242,0,1,0,0,0
22243,0,1,0,0,0
22244,0,1,0,0,0
22245,0,1,0,0,0
22246,0,1,0,0,0
22247,0,1,0,0,0
22248,0,1,0,0,0
22249,0,1,0,0,0
22250,0,1,0,0,0
22251,0,1,0,0,0
22252,0,1,0,0,0
22253,0,1,0,0,0
22254,0,1,0,0,0
22255,0,1,0,0,0
22256,0,1,0,0,0
22257,0,1,0,0,0
22258,0,1,0,0,0
22259,0,1,0,0,0
22260,0,1,0,0,0
22261,0,1,0,0,0
22262,0,1,0,0,0
22263,0,1,0,0,0
22264,0,1,0,0,0
22265,0,1,0,0,0
22266,0,1,0,0,0
22267,0,1,0,0,0
22268,0,1,0,0,0
22269,1,0,0,0,0
22270,1,0,0,0,0
22271,1,0,0,0,0
22272,1,0,0,0,0
22273,1,0,0,0,0
22274,1,0,0,0,0
22275,1,0,0,0,0
22276,1,0,0,0,0
22277,1,0,0,0,0
22278,1,0,0,0,0
22279,1,0,0,0,0
22280,1,0,0,0,0
22281,1,0,0,0,0
22282,1,0,0,0,0
22283,1,0,0,0,0
22284,1,0,0,0,0
22285,1,0,0,0,0
22286,1,0,0,0,0
22287,1,0,0,0,0
22288,1,0,0,0,0
22289,1,0,0,0,0
22290,1,0,0,0,0
22291,1,0,0,0,0
22292,1,0,0,0,0
22293,1,0,0,0,0
22294,1,0,0,0,0
22295,1,0,0,0,0
22296,1,0,0,0,0
22297,1,0,0,0,0
22298,1,0,0,0,0
22299,1,0,0,0,0
22300,1,0,0,0,0
22301,1,0,0,0,0
22302,1,0,0,0,0
22303,1,0,0,0,0
22304,1,0,0,0,0
22305,1,0,0,0,0
22306,1,0,0,0,0
22307,1,0,0,0,0
22308,1,0,0,0,0
22309,1,0,0,0,0
22310,1,0,0,0,0
22311,1,0,0,0,0
22312,1,0,0,0,0
22313,1,0,0,0,0
22314,1,0,0,0,0
22315,1,0,0,0,0
22316,1,0,0,0,0
22317,1,0,0,0,0
22318,1,0,0,0,0
22319,1,0,0,0,0
22320,1,0,0,0,0
22321,1,0,0,0,0
22322,1,0,0,0,0
22323,1,0,0,0,0
22324,1,0,0,0,0
22325,1,0,0,0,0
22326,1,0,0,0,0
22327,1,0,0,0,0
22328,1,0,0,0,0
22329,1,0,0,0,0
22330,1,0,0,0,0
22331,1,0,0,0,0
22332,1,0,0,0,0
22333,1,0,0,0,0
22334,1,0,0,0,0
22335,1,0,0,0,0
22336,1,0,0,0,0
22337,1,0,0,0,0
22338,1,0,0,0,0
22339,1,0,0,0,0
22340,1,0,0,0,0
22341,1,0,0,0,0
22342,1,0,0,0,0
22343,1,0,0,0,0
22344,1,0,0,0,0
22345,1,0,0,0,0
22346,1,0,0,0,0
22347,1,0,0,0,0
22348,0,0,0,0,1
22349,0,0,0,0,1
22350,0,0,0,0,1
22351,0,0,0,0,1
22352,0,0,0,0,1
22353,0,0,0,0,1
22354,0,0,0,0,1
22355,0,0,0,0,1
22356,0,0,0,0,1
22357,0,0,0,0,1
22358,0,0,0,0,1
22359,0,0,0,0,1
22360,0,0,0,0,1
22361,0,0,0,0,1
22362,0,0,0,0,1
22363,0,0,0,0,1
22364,0,0,0,0,1
22365,0,0,0,0,1
22366,0,0,0,0,1
22367,0,0,0,0,1
22368,0,0,0,0,1
22369,0,0,0,0,1
22370,0,0,0,0,1
22371,0,0,0,0,1
22372,0,0,0,0,1
22373,0,0,0,0,1
22374,0,0,0,0,1
22375,0,0,0,0,1
22376,0,0,0,0,1
22377,0,0,0,0,1
22378,1,0,0,0,0
22379,1,0,0,0,0
22380,1,0,0,0,0
22381,1,0,0,0,0
22382,1,0,0,0,0
22383,1,0,0,0,0
22384,1,0,0,0,0
22385,1,0,0,0,0
22386,1,0,0,0,0
22387,1,0,0,0,0
22388,1,0,0,0,0
22389,1,0,0,0,0
22390,1,0,0,0,0
22391,1,0,0,0,0
22392,1,0,0,0,0
22393,1,0,0,0,0
22394,1,0,0,0,0
22395,1,0,0,0,0
22396,1,0,0,0,0
22397,1,0,0,0,0
22398,1,0,0,0,0
22399,1,0,0,0,0
22400,1,0,0,0,0
22401,1,0,0,0,0
22402,1,0,0,0,0
22403,1,0,0,0,0
22404,1,0,0,0,0
22405,1,0,0,0,0
22406,1,0,0,0,0
22407,1,0,0,0,0
22408,1,0,0,0,0
22409,1,0,0,0,0
22410,1,0,0,0,0
22411,1,0,0,0,0
22412,1,0,0,0,0
22413,1,0,0,0,0
22414,1,0,0,0,0
22415,1,0,0,0,0
22416,1,0,0,0,0
22417,1,0,0,0,0
22418,1,0,0,0,0
22419,1,0,0,0,0
22420,1,0,0,0,0
22421,1,0,0,0,0
22422,1,0,0,0,0
22423,1,0,0,0,0
22424,1,0,0,0,0
22425,1,0,0,0,0
22426,1,0,0,0,0
22427,1,0,0,0,0
22428,1,0,0,0,0
22429,1,0,0,0,0
22430,1,0,0,0,0
22431,1,0,0,0,0
22432,1,0,0,0,0
22433,1,0,0,0,0
22434,1,0,0,0,0
22435,1,0,0,0,0
22436,1,0,0,0,0
22437,1,0,0,0,0
22438,1,0,0,0,0
22439,1,0,0,0,0
22440,1,0,0,0,0
22441,1,0,0,0,0
22442,1,0,0,0,0
22443,1,0,0,0,0
22444,1,0,0,0,0
22445,1,0,0,0,0
22446,1,0,0,0,0
22447,1,0,0,0,0
22448,1,0,0,0,0
22449,1,0,0,0,0
22450,1,0,0,0,0
22451,1,0,0,0,0
22452,0,1,0,0,0
22453,0,1,0,0,0
22454,0,1,0,0,0
22455,0,1,0,0,0
22456,0,1,0,0,0
22457,0,1,0,0,0
22458,0,1,0,0,0
22459,0,1,0,0,0
22460,0,1,0,0,0
22461,0,1,0,0,0
22462,0,1,0,0,0
22463,0,1,0,0,0
22464,0,1,0,0,0
22465,0,1,0,0,0
22466,0,1,0,0,0
22467,0,1,0,0,0
22468,0,1,0,0,0
22469,0,1,0,0,0
22470,0,1,0,0,0
22471,0,1,0,0,0
22472,0,1,0,0,0
22473,0,1,0,0,0
22474,0,1,0,0,0
22475,0,1,0,0,0
22476,0,1,0,0,0
22477,0,1,0,0,0
22478,0,1,0,0,0
22479,0,1,0,0,0
22480,0,1,0,0,0
22481,0,1,0,0,0
22482,0,1,0,0,0
22483,0,1,0,0,0
22484,0,1,0,0,0
22485,0,1,0,0,0
22486,0,1,0,0,0
22487,0,1,0,0,0
22488,0,1,0,0,0
22489,0,1,0,0,0
22490,0,1,0,0,0
22491,0,1,0,0,0
22492,0,1,0,0,0
22493,0,1,0,0,0
22494,0,1,0,0,0
22495,0,1,0,0,0
22496,0,1,0,0,0
22497,0,1,0,0,0
22498,0,1,0,0,0
22499,0,1,0,0,0
22500,0,1,0,0,0
22501,0,1,0,0,0
22502,0,1,0,0,0
22503,0,1,0,0,0
22504,0,1,0,0,0
22505,0,1,0,0,0
22506,0,1,0,0,0
22507,0,1,0,0,0
22508,0,1,0,0,0
22509,0,1,0,0,0
22510,0,1,0,0,0
22511,0,1,0,0,0
22512,0,1,0,0,0
22513,0,1,0,0,0
22514,0,1,0,0,0
22515,0,1,0,0,0
22516,0,1,0,0,0
22517,0,1,0,0,0
22518,0,1,0,0,0
22519,0,1,0,0,0
22520,0,1,0,0,0
22521,0,1,0,0,0
22522,0,1,0,0,0
22523,0,1,0,0,0
22524,0,1,0,0,0
22525,0,1,0,0,0
22526,0,1,0,0,0
22527,0,1,0,0,0
22528,0,1,0,0,0
22529,0,1,0,0,0
22530,0,1,0,0,0
22531,0,1,0,0,0
22532,0,1,0,0,0
22533,0,1,0,0,0
22534,0,1,0,0,0
22535,0,1,0,0,0
22536,0,1,0,0,0
22537,1,0,0,0,0
22538,1,0,0,0,0
22539,1,0,0,0,0
22540,1,0,0,0,0
22541,1,0,0,0,0
22542,1,0,0,0,0
22543,1,0,0,0,0
22544,1,0,0,0,0
22545,1,0,0,0,0
22546,1,0,0,0,0
22547,1,0,0,0,0
22548,1,0,0,0,0
22549,1,0,0,0,0
22550,1,0,0,0,0
22551,1,0,0,0,0
22552,1,0,0,0,0
22553,1,0,0,0,0
22554,1,0,0,0,0
22555,1,0,0,0,0
22556,1,0,0,0,0
22557,1,0,0,0,0
22558,1,0,0,0,0
22559,1,0,0,0,0
22560,1,0,0,0,0
22561,1,0,0,0,0
22562,1,0,0,0,0
22563,1,0,0,0,0
22564,1,0,0,0,0
22565,1,0,0,0,0
22566,1,0,0,0,0
22567,1,0,0,0,0
22568,1,0,0,0,0
22569,1,0,0,0,0
22570,1,0,0,0,0
22571,1,0,0,0,0
22572,1,0,0,0,0
22573,1,0,0,0,0
22574,1,0,0,0,0
22575,1,0,0,0,0
22576,1,0,0,0,0
22577,1,0,0,0,0
22578,1,0,0,0,0
22579,1,0,0,0,0
22580,1,0,0,0,0
22581,1,0,0,0,0
22582,1,0,0,0,0
22583,1,0,0,0,0
22584,1,0,0,0,0
22585,1,0,0,0,0
22586,1,0,0,0,0
22587,0,0,0,1,0
22588,0,0,0,1,0
22589,0,0,0,1,0
22590,0,0,0,1,0
22591,0,0,0,1,0
22592,0,0,0,1,0
22593,0,0,0,1,0
22594,0,0,0,1,0
22595,1,0,0,0,0
22596,1,0,0,0,0
22597,1,0,0,0,0
22598,1,0,0,0,0
22599,1,0,0,0,0
22600,1,0,0,0,0
22601,1,0,0,0,0
22602,1,0,0,0,0
22603,1,0,0,0,0
22604,1,0,0,0,0
22605,1,0,0,0,0
22606,1,0,0,0,0
22607,1,0,0,0,0
22608,1,0,0,0,0
22609,1,0,0,0,0
22610,0,0,0,0,1
22611,0,0,0,0,1
22612,0,0,0,0,1
22613,0,0,0,0,1
22614,0,0,0,0,1
22615,0,0,0,0,1
22616,0,0,0,0,1
22617,0,0,0,0,1
22618,0,0,0,0,1
22619,0,0,0,0,1
22620,0,0,0,0,1
22621,0,0,0,0,1
22622,0,0,0,0,1
22623,0,0,0,0,1
22624,0,0,0,0,1
22625,0,0,0,0,1
22626,0,0,0,0,1
22627,0,0,0,0,1
22628,0,0,0,0,1
22629,0,0,0,0,1
22630,0,0,0,0,1
22631,0,0,0,0,1
22632,0,0,0,0,1
22633,0,0,0,0,1
22634,0,0,0,0,1
22635,0,0,0,0,1
22636,0,0,0,0,1
22637,0,0,0,0,1
22638,0,0,0,0,1
22639,0,0,0,0,1
22640,0,0,0,0,1
22641,0,0,0,0,1
22642,0,0,0,0,1
22643,0,0,0,0,1
22644,0,0,0,0,1
22645,0,0,0,0,1
22646,0,0,0,0,1
22647,0,0,0,0,1
22648,0,0,0,0,1
22649,0,0,0,0,1
22650,0,0,0,0,1
22651,0,0,0,0,1
22652,0,0,0,0,1
22653,0,0,0,0,1
22654,0,0,0,0,1
22655,0,0,0,0,1
22656,0,0,0,0,1
22657,0,0,0,0,1
22658,0,0,0,0,1
22659,0,0,0,0,1
22660,0,0,0,0,1
22661,0,0,0,0,1
22662,0,0,0,0,1
22663,0,0,0,0,1
22664,0,0,0,0,1
22665,0,0,0,0,1
22666,0,0,0,0,1
22667,0,0,0,0,1
22668,1,0,0,0,0
22669,1,0,0,0,0
22670,1,0,0,0,0
22671,1,0,0,0,0
22672,1,0,0,0,0
22673,1,0,0,0,0
22674,1,0,0,0,0
22675,1,0,0,0,0
22676,1,0,0,0,0
22677,1,0,0,0,0
22678,1,0,0,0,0
22679,1,0,0,0,0
22680,1,0,0,0,0
22681,1,0,0,0,0
22682,1,0,0,0,0
22683,1,0,0,0,0
22684,1,0,0,0,0
22685,1,0,0,0,0
22686,1,0,0,0,0
22687,1,0,0,0,0
22688,1,0,0,0,0
22689,1,0,0,0,0
22690,1,0,0,0,0
22691,1,0,0,0,0
22692,1,0,0,0,0
22693,1,0,0,0,0
22694,1,0,0,0,0
22695,1,0,0,0,0
22696,1,0,0,0,0
22697,1,0,0,0,0
22698,1,0,0,0,0
22699,1,0,0,0,0
22700,1,0,0,0,0
22701,1,0,0,0,0
22702,1,0,0,0,0
22703,1,0,0,0,0
22704,1,0,0,0,0
22705,1,0,0,0,0
22706,1,0,0,0,0
22707,1,0,0,0,0
22708,1,0,0,0,0
22709,1,0,0,0,0
22710,1,0,0,0,0
22711,1,0,0,0,0
22712,1,0,0,0,0
22713,1,0,0,0,0
22714,1,0,0,0,0
22715,1,0,0,0,0
22716,1,0,0,0,0
22717,1,0,0,0,0
22718,1,0,0,0,0
22719,1,0,0,0,0
22720,1,0,0,0,0
22721,1,0,0,0,0
22722,1,0,0,0,0
22723,1,0,0,0,0
22724,1,0,0,0,0
22725,1,0,0,0,0
22726,1,0,0,0,0
22727,1,0,0,0,0
22728,1,0,0,0,0
22729,1,0,0,0,0
22730,1,0,0,0,0
22731,1,0,0,0,0
22732,1,0,0,0,0
22733,1,0,0,0,0
22734,1,0,0,0,0
22735,1,0,0,0,0
22736,1,0,0,0,0
22737,1,0,0,0,0
22738,1,0,0,0,0
22739,1,0,0,0,0
22740,1,0,0,0,0
22741,1,0,0,0,0
22742,1,0,0,0,0
22743,1,0,0,0,0
22744,1,0,0,0,0
22745,1,0,0,0,0
22746,1,0,0,0,0
22747,1,0,0,0,0
22748,1,0,0,0,0
22749,1,0,0,0,0
22750,1,0,0,0,0
22751,1,0,0,0,0
22752,1,0,0,0,0
22753,1,0,0,0,0
22754,1,0,0,0,0
22755,1,0,0,0,0
22756,1,0,0,0,0
22757,1,0,0,0,0
22758,1,0,0,0,0
22759,1,0,0,0,0
22760,1,0,0,0,0
22761,1,0,0,0,0
22762,1,0,0,0,0
22763,1,0,0,0,0
22764,1,0,0,0,0
22765,1,0,0,0,0
22766,1,0,0,0,0
22767,1,0,0,0,0
22768,1,0,0,0,0
22769,1,0,0,0,0
22770,1,0,0,0,0
22771,1,0,0,0,0
22772,1,0,0,0,0
22773,1,0,0,0,0
22774,1,0,0,0,0
22775,1,0,0,0,0
22776,1,0,0,0,0
22777,1,0,0,0,0
22778,1,0,0,0,0
22779,1,0,0,0,0
22780,1,0,0,0,0
22781,1,0,0,0,0
22782,1,0,0,0,0
22783,1,0,0,0,0
22784,1,0,0,0,0
22785,1,0,0,0,0
22786,1,0,0,0,0
22787,1,0,0,0,0
22788,1,0,0,0,0
22789,1,0,0,0,0
22790,1,0,0,0,0
22791,1,0,0,0,0
22792,1,0,0,0,0
22793,1,0,0,0,0
22794,1,0,0,0,0
22795,1,0,0,0,0
22796,1,0,0,0,0
22797,1,0,0,0,0
22798,1,0,0,0,0
22799,1,0,0,0,0
22800,1,0,0,0,0
22801,1,0,0,0,0
22802,1,0,0,0,0
22803,1,0,0,0,0
22804,1,0,0,0,0
22805,1,0,0,0,0
22806,1,0,0,0,0
22807,1,0,0,0,0
22808,1,0,0,0,0
22809,1,0,0,0,0
22810,1,0,0,0,0
22811,1,0,0,0,0
22812,1,0,0,0,0
22813,1,0,0,0,0
22814,1,0,0,0,0
22815,1,0,0,0,0
22816,1,0,0,0,0
22817,1,0,0,0,0
22818,1,0,0,0,0
22819,1,0,0,0,0
22820,1,0,0,0,0
22821,1,0,0,0,0
22822,1,0,0,0,0
22823,1,0,0,0,0
22824,1,0,0,0,0
22825,1,0,0,0,0
22826,1,0,0,0,0
22827,1,0,0,0,0
22828,1,0,0,0,0
22829,1,0,0,0,0
22830,1,0,0,0,0
22831,1,0,0,0,0
22832,1,0,0,0,0
22833,0,0,0,1,0
22834,0,0,0,1,0
22835,0,0,0,1,0
22836,0,0,0,1,0
22837,0,0,0,1,0
22838,0,0,0,1,0
22839,0,0,0,1,0
22840,0,0,0,1,0
22841,0,0,0,1,0
22842,0,0,0,1,0
22843,0,0,0,1,0
22844,0,0,0,1,0
22845,0,0,0,1,0
22846,0,0,0,1,0
22847,0,0,0,1,0
22848,0,0,0,1,0
22849,0,0,0,1,0
22850,0,0,0,1,0
22851,0,0,0,1,0
22852,0,0,0,1,0
22853,0,0,0,1,0
22854,0,0,0,1,0
22855,0,0,0,1,0
22856,1,0,0,0,0
22857,1,0,0,0,0
22858,1,0,0,0,0
22859,1,0,0,0,0
22860,1,0,0,0,0
22861,1,0,0,0,0
22862,1,0,0,0,0
22863,1,0,0,0,0
22864,1,0,0,0,0
22865,1,0,0,0,0
22866,1,0,0,0,0
22867,1,0,0,0,0
22868,1,0,0,0,0
22869,1,0,0,0,0
22870,1,0,0,0,0
22871,1,0,0,0,0
22872,1,0,0,0,0
22873,1,0,0,0,0
22874,1,0,0,0,0
22875,1,0,0,0,0
22876,1,0,0,0,0
22877,1,0,0,0,0
22878,1,0,0,0,0
22879,1,0,0,0,0
22880,1,0,0,0,0
22881,1,0,0,0,0
22882,1,0,0,0,0
22883,1,0,0,0,0
22884,1,0,0,0,0
22885,1,0,0,0,0
22886,1,0,0,0,0
22887,1,0,0,0,0
22888,1,0,0,0,0
22889,1,0,0,0,0
22890,1,0,0,0,0
22891,1,0,0,0,0
22892,1,0,0,0,0
22893,1,0,0,0,0
22894,1,0,0,0,0
22895,1,0,0,0,0
22896,1,0,0,0,0
22897,1,0,0,0,0
22898,1,0,0,0,0
22899,1,0,0,0,0
22900,1,0,0,0,0
22901,1,0,0,0,0
22902,1,0,0,0,0
22903,1,0,0,0,0
22904,1,0,0,0,0
22905,1,0,0,0,0
22906,1,0,0,0,0
22907,1,0,0,0,0
22908,1,0,0,0,0
22909,1,0,0,0,0
22910,1,0,0,0,0
22911,1,0,0,0,0
22912,1,0,0,0,0
22913,1,0,0,0,0
22914,1,0,0,0,0
22915,1,0,0,0,0
22916,1,0,0,0,0
22917,1,0,0,0,0
22918,1,0,0,0,0
22919,1,0,0,0,0
22920,1,0,0,0,0
22921,1,0,0,0,0
22922,1,0,0,0,0
22923,1,0,0,0,0
22924,1,0,0,0,0
22925,1,0,0,0,0
22926,1,0,0,0,0
22927,1,0,0,0,0
22928,1,0,0,0,0
22929,1,0,0,0,0
22930,1,0,0,0,0
22931,1,0,0,0,0
22932,1,0,0,0,0
22933,1,0,0,0,0
22934,1,0,0,0,0
22935,1,0,0,0,0
22936,1,0,0,0,0
22937,1,0,0,0,0
22938,1,0,0,0,0
22939,1,0,0,0,0
22940,1,0,0,0,0
22941,1,0,0,0,0
22942,1,0,0,0,0
22943,1,0,0,0,0
22944,1,0,0,0,0
22945,1,0,0,0,0
22946,1,0,0,0,0
22947,1,0,0,0,0
22948,1,0,0,0,0
22949,1,0,0,0,0
22950,1,0,0,0,0
22951,1,0,0,0,0
22952,1,0,0,0,0
22953,1,0,0,0,0
22954,1,0,0,0,0
22955,1,0,0,0,0
22956,1,0,0,0,0
22957,1,0,0,0,0
22958,1,0,0,0,0
22959,1,0,0,0,0
22960,1,0,0,0,0
22961,1,0,0,0,0
22962,1,0,0,0,0
22963,1,0,0,0,0
22964,1,0,0,0,0
22965,1,0,0,0,0
22966,1,0,0,0,0
22967,1,0,0,0,0
22968,1,0,0,0,0
22969,1,0,0,0,0
22970,1,0,0,0,0
22971,1,0,0,0,0
22972,1,0,0,0,0
22973,1,0,0,0,0
22974,1,0,0,0,0
22975,1,0,0,0,0
22976,1,0,0,0,0
22977,1,0,0,0,0
22978,1,0,0,0,0
22979,1,0,0,0,0
22980,1,0,0,0,0
22981,1,0,0,0,0
22982,1,0,0,0,0
22983,1,0,0,0,0
22984,1,0,0,0,0
22985,1,0,0,0,0
22986,1,0,0,0,0
22987,1,0,0,0,0
22988,1,0,0,0,0
22989,1,0,0,0,0
22990,1,0,0,0,0
22991,1,0,0,0,0
22992,1,0,0,0,0
22993,1,0,0,0,0
22994,1,0,0,0,0
22995,1,0,0,0,0
22996,1,0,0,0,0
22997,1,0,0,0,0
22998,1,0,0,0,0
22999,1,0,0,0,0
23000,1,0,0,0,0
23001,1,0,0,0,0
23002,1,0,0,0,0
23003,1,0,0,0,0
23004,1,0,0,0,0
23005,1,0,0,0,0
23006,1,0,0,0,0
23007,1,0,0,0,0
23008,1,0,0,0,0
23009,1,0,0,0,0
23010,1,0,0,0,0
23011,1,0,0,0,0
23012,1,0,0,0,0
23013,1,0,0,0,0
23014,1,0,0,0,0
23015,1,0,0,0,0
23016,1,0,0,0,0
23017,1,0,0,0,0
23018,1,0,0,0,0
23019,1,0,0,0,0
23020,1,0,0,0,0
23021,1,0,0,0,0
23022,1,0,0,0,0
23023,1,0,0,0,0
23024,1,0,0,0,0
23025,1,0,0,0,0
23026,1,0,0,0,0
23027,1,0,0,0,0
23028,1,0,0,0,0
23029,1,0,0,0,0
23030,1,0,0,0,0
23031,1,0,0,0,0
23032,1,0,0,0,0
23033,1,0,0,0,0
23034,1,0,0,0,0
23035,1,0,0,0,0
23036,1,0,0,0,0
23037,1,0,0,0,0
23038,1,0,0,0,0
23039,1,0,0,0,0
23040,1,0,0,0,0
23041,1,0,0,0,0
23042,1,0,0,0,0
23043,1,0,0,0,0
23044,1,0,0,0,0
23045,1,0,0,0,0
23046,1,0,0,0,0
23047,1,0,0,0,0
23048,1,0,0,0,0
23049,1,0,0,0,0
23050,1,0,0,0,0
23051,1,0,0,0,0
23052,1,0,0,0,0
23053,1,0,0,0,0
23054,1,0,0,0,0
23055,1,0,0,0,0
23056,1,0,0,0,0
23057,1,0,0,0,0
23058,1,0,0,0,0
23059,1,0,0,0,0
23060,1,0,0,0,0
23061,1,0,0,0,0
23062,1,0,0,0,0
23063,1,0,0,0,0
23064,1,0,0,0,0
23065,1,0,0,0,0
23066,1,0,0,0,0
23067,1,0,0,0,0
23068,1,0,0,0,0
23069,1,0,0,0,0
23070,1,0,0,0,0
23071,1,0,0,0,0
23072,1,0,0,0,0
23073,1,0,0,0,0
23074,1,0,0,0,0
23075,1,0,0,0,0
23076,1,0,0,0,0
23077,1,0,0,0,0
23078,1,0,0,0,0
23079,1,0,0,0,0
23080,1,0,0,0,0
23081,1,0,0,0,0
23082,1,0,0,0,0
23083,1,0,0,0,0
23084,1,0,0,0,0
23085,1,0,0,0,0
23086,1,0,0,0,0
23087,1,0,0,0,0
23088,1,0,0,0,0
23089,1,0,0,0,0
23090,1,0,0,0,0
23091,1,0,0,0,0
23092,1,0,0,0,0
23093,1,0,0,0,0
23094,1,0,0,0,0
23095,1,0,0,0,0
23096,1,0,0,0,0
23097,1,0,0,0,0
23098,1,0,0,0,0
23099,1,0,0,0,0
23100,1,0,0,0,0
23101,1,0,0,0,0
23102,1,0,0,0,0
23103,1,0,0,0,0
23104,1,0,0,0,0
23105,1,0,0,0,0
23106,1,0,0,0,0
23107,1,0,0,0,0
23108,1,0,0,0,0
23109,1,0,0,0,0
23110,1,0,0,0,0
23111,1,0,0,0,0
23112,1,0,0,0,0
23113,1,0,0,0,0
23114,1,0,0,0,0
23115,1,0,0,0,0
23116,1,0,0,0,0
23117,1,0,0,0,0
23118,1,0,0,0,0
23119,1,0,0,0,0
23120,1,0,0,0,0
23121,1,0,0,0,0
23122,1,0,0,0,0
23123,1,0,0,0,0
23124,1,0,0,0,0
23125,1,0,0,0,0
23126,1,0,0,0,0
23127,1,0,0,0,0
23128,1,0,0,0,0
23129,0,0,0,0,1
23130,0,0,0,0,1
23131,0,0,0,0,1
23132,0,0,0,0,1
23133,0,0,0,0,1
23134,0,0,0,0,1
23135,0,0,0,0,1
23136,0,0,0,0,1
23137,0,0,0,0,1
23138,0,0,0,0,1
23139,0,0,0,0,1
23140,0,0,0,0,1
23141,0,0,0,0,1
23142,0,0,0,0,1
23143,0,0,0,0,1
23144,0,0,0,0,1
23145,0,0,0,0,1
23146,0,0,0,0,1
23147,0,0,0,0,1
23148,0,0,0,0,1
23149,0,0,0,0,1
23150,0,0,0,0,1
23151,0,0,0,0,1
23152,0,0,0,0,1
23153,0,0,0,0,1
23154,0,0,0,0,1
23155,0,0,0,0,1
23156,0,0,0,0,1
23157,0,0,0,0,1
23158,0,0,0,0,1
23159,0,0,0,0,1
23160,0,0,0,0,1
23161,0,0,0,0,1
23162,0,0,0,0,1
23163,0,0,0,0,1
23164,0,0,0,0,1
23165,0,0,0,0,1
23166,0,0,0,0,1
23167,0,0,0,0,1
23168,0,0,0,0,1
23169,0,0,0,0,1
23170,0,0,0,0,1
23171,0,0,0,0,1
23172,0,0,0,0,1
23173,0,0,0,0,1
23174,0,0,0,0,1
23175,0,0,0,0,1
23176,0,0,0,0,1
23177,0,0,0,0,1
23178,0,0,0,0,1
23179,0,0,0,0,1
23180,0,0,0,0,1
23181,0,0,0,0,1
23182,0,0,0,0,1
23183,0,0,0,0,1
23184,0,0,0,0,1
23185,0,0,0,0,1
23186,0,0,0,0,1
23187,0,0,0,0,1
23188,0,0,0,0,1
23189,0,0,0,0,1
23190,0,0,0,0,1
23191,0,0,0,0,1
23192,0,0,0,0,1
23193,0,0,0,0,1
23194,0,0,0,0,1
23195,0,0,0,0,1
23196,0,0,0,0,1
23197,0,0,0,0,1
23198,0,0,0,0,1
23199,0,0,0,0,1
23200,0,0,0,0,1
23201,0,0,0,0,1
23202,0,0,0,0,1
23203,0,0,0,0,1
23204,0,0,0,0,1
23205,0,0,0,0,1
23206,0,0,0,0,1
23207,0,0,0,0,1
23208,0,0,0,0,1
23209,0,0,0,0,1
23210,0,0,0,0,1
23211,0,0,0,0,1
23212,0,0,0,0,1
23213,0,0,0,0,1
23214,0,0,0,0,1
23215,0,0,0,0,1
23216,0,0,0,0,1
23217,1,0,0,0,0
23218,1,0,0,0,0
23219,1,0,0,0,0
23220,1,0,0,0,0
23221,1,0,0,0,0
23222,1,0,0,0,0
23223,1,0,0,0,0
23224,1,0,0,0,0
23225,1,0,0,0,0
23226,1,0,0,0,0
23227,1,0,0,0,0
23228,1,0,0,0,0
23229,1,0,0,0,0
23230,1,0,0,0,0
23231,1,0,0,0,0
23232,1,0,0,0,0
23233,1,0,0,0,0
23234,1,0,0,0,0
23235,1,0,0,0,0
23236,1,0,0,0,0
23237,1,0,0,0,0
23238,1,0,0,0,0
23239,1,0,0,0,0
23240,1,0,0,0,0
23241,1,0,0,0,0
23242,1,0,0,0,0
23243,1,0,0,0,0
23244,1,0,0,0,0
23245,1,0,0,0,0
23246,1,0,0,0,0
23247,1,0,0,0,0
23248,1,0,0,0,0
23249,1,0,0,0,0
23250,1,0,0,0,0
23251,1,0,0,0,0
23252,1,0,0,0,0
23253,1,0,0,0,0
23254,1,0,0,0,0
23255,1,0,0,0,0
23256,1,0,0,0,0
23257,1,0,0,0,0
23258,1,0,0,0,0
23259,1,0,0,0,0
23260,1,0,0,0,0
23261,1,0,0,0,0
23262,1,0,0,0,0
23263,1,0,0,0,0
23264,1,0,0,0,0
23265,1,0,0,0,0
23266,1,0,0,0,0
23267,1,0,0,0,0
23268,1,0,0,0,0
23269,1,0,0,0,0
23270,1,0,0,0,0
23271,1,0,0,0,0
23272,1,0,0,0,0
23273,0,0,0,0,1
23274,0,0,0,0,1
23275,0,0,0,0,1
23276,0,0,0,0,1
23277,0,0,0,0,1
23278,0,0,0,0,1
23279,0,0,0,0,1
23280,0,0,0,0,1
23281,0,0,0,0,1
23282,0,0,0,0,1
23283,0,0,0,0,1
23284,0,0,0,0,1
23285,0,0,0,0,1
23286,0,0,0,0,1
23287,0,0,0,0,1
23288,0,0,0,0,1
23289,0,0,0,0,1
23290,0,0,0,0,1
23291,0,0,0,0,1
23292,0,0,0,0,1
23293,0,0,0,0,1
23294,0,0,0,0,1
23295,0,0,0,0,1
23296,0,0,0,0,1
23297,0,0,0,0,1
23298,0,0,0,0,1
23299,0,0,0,0,1
23300,0,0,0,0,1
23301,0,0,0,0,1
23302,0,0,0,0,1
23303,0,0,0,0,1
23304,0,0,0,0,1
23305,0,0,0,0,1
23306,0,0,0,0,1
23307,0,0,0,0,1
23308,0,0,0,0,1
23309,0,0,0,0,1
23310,0,0,0,0,1
23311,0,0,0,0,1
23312,0,0,0,0,1
23313,0,0,0,0,1
23314,0,0,0,0,1
23315,0,0,0,0,1
23316,0,0,0,0,1
23317,0,0,0,0,1
23318,0,0,0,0,1
23319,0,0,0,0,1
23320,0,0,0,0,1
23321,0,0,0,0,1
23322,0,0,0,0,1
23323,0,0,0,0,1
23324,0,0,0,0,1
23325,0,0,0,0,1
23326,0,0,0,0,1
23327,0,0,0,0,1
23328,0,0,0,0,1
23329,0,0,0,0,1
23330,0,0,0,0,1
23331,1,0,0,0,0
23332,1,0,0,0,0
23333,1,0,0,0,0
23334,1,0,0,0,0
23335,1,0,0,0,0
23336,1,0,0,0,0
23337,1,0,0,0,0
23338,1,0,0,0,0
23339,1,0,0,0,0
23340,1,0,0,0,0
23341,1,0,0,0,0
23342,1,0,0,0,0
23343,1,0,0,0,0
23344,1,0,0,0,0
23345,1,0,0,0,0
23346,1,0,0,0,0
23347,1,0,0,0,0
23348,1,0,0,0,0
23349,1,0,0,0,0
23350,1,0,0,0,0
23351,1,0,0,0,0
23352,1,0,0,0,0
23353,1,0,0,0,0
23354,1,0,0,0,0
23355,1,0,0,0,0
23356,1,0,0,0,0
23357,1,0,0,0,0
23358,1,0,0,0,0
23359,1,0,0,0,0
23360,1,0,0,0,0
23361,1,0,0,0,0
23362,1,0,0,0,0
23363,1,0,0,0,0
23364,1,0,0,0,0
23365,1,0,0,0,0
23366,1,0,0,0,0
23367,1,0,0,0,0
23368,1,0,0,0,0
23369,1,0,0,0,0
23370,1,0,0,0,0
23371,1,0,0,0,0
23372,1,0,0,0,0
23373,1,0,0,0,0
23374,1,0,0,0,0
23375,1,0,0,0,0
23376,1,0,0,0,0
23377,1,0,0,0,0
23378,1,0,0,0,0
23379,1,0,0,0,0
23380,1,0,0,0,0
23381,1,0,0,0,0
23382,1,0,0,0,0
23383,1,0,0,0,0
23384,1,0,0,0,0
23385,1,0,0,0,0
23386,1,0,0,0,0
23387,1,0,0,0,0
23388,1,0,0,0,0
23389,1,0,0,0,0
23390,1,0,0,0,0
23391,1,0,0,0,0
23392,1,0,0,0,0
23393,1,0,0,0,0
23394,1,0,0,0,0
23395,1,0,0,0,0
23396,1,0,0,0,0
23397,1,0,0,0,0
23398,1,0,0,0,0
23399,1,0,0,0,0
23400,1,0,0,0,0
23401,1,0,0,0,0
23402,1,0,0,0,0
23403,1,0,0,0,0
23404,1,0,0,0,0
23405,1,0,0,0,0
23406,1,0,0,0,0
23407,1,0,0,0,0
23408,1,0,0,0,0
23409,1,0,0,0,0
23410,1,0,0,0,0
23411,1,0,0,0,0
23412,1,0,0,0,0
23413,1,0,0,0,0
23414,1,0,0,0,0
23415,1,0,0,0,0
23416,1,0,0,0,0
23417,1,0,0,0,0
23418,1,0,0,0,0
23419,1,0,0,0,0
23420,1,0,0,0,0
23421,1,0,0,0,0
23422,1,0,0,0,0
23423,1,0,0,0,0
23424,1,0,0,0,0
23425,1,0,0,0,0
23426,1,0,0,0,0
23427,1,0,0,0,0
23428,1,0,0,0,0
23429,1,0,0,0,0
23430,1,0,0,0,0
23431,1,0,0,0,0
23432,1,0,0,0,0
23433,1,0,0,0,0
23434,1,0,0,0,0
23435,1,0,0,0,0
23436,1,0,0,0,0
23437,1,0,0,0,0
23438,1,0,0,0,0
23439,1,0,0,0,0
23440,1,0,0,0,0
23441,1,0,0,0,0
23442,1,0,0,0,0
23443,1,0,0,0,0
23444,1,0,0,0,0
23445,1,0,0,0,0
23446,1,0,0,0,0
23447,1,0,0,0,0
23448,1,0,0,0,0
23449,1,0,0,0,0
23450,1,0,0,0,0
23451,1,0,0,0,0
23452,1,0,0,0,0
23453,1,0,0,0,0
23454,1,0,0,0,0
23455,1,0,0,0,0
23456,1,0,0,0,0
23457,1,0,0,0,0
23458,1,0,0,0,0
23459,1,0,0,0,0
23460,1,0,0,0,0
23461,1,0,0,0,0
23462,1,0,0,0,0
23463,1,0,0,0,0
23464,1,0,0,0,0
23465,1,0,0,0,0
23466,1,0,0,0,0
23467,1,0,0,0,0
23468,1,0,0,0,0
23469,1,0,0,0,0
23470,1,0,0,0,0
23471,1,0,0,0,0
23472,1,0,0,0,0
23473,0,0,0,0,1
23474,0,0,0,0,1
23475,0,0,0,0,1
23476,0,0,0,0,1
23477,0,0,0,0,1
23478,0,0,0,0,1
23479,0,0,0,0,1
23480,0,0,0,0,1
23481,0,0,0,0,1
23482,0,0,0,0,1
23483,0,0,0,0,1
23484,0,0,0,0,1
23485,0,0,0,0,1
23486,0,0,0,0,1
23487,0,0,0,0,1
23488,0,0,0,0,1
23489,0,0,0,0,1
23490,0,0,0,0,1
23491,0,0,0,0,1
23492,0,0,0,0,1
23493,0,0,0,0,1
23494,0,0,0,0,1
23495,0,0,0,0,1
23496,0,0,0,0,1
23497,0,0,0,0,1
23498,0,0,0,0,1
23499,1,0,0,0,0
23500,1,0,0,0,0
23501,1,0,0,0,0
23502,1,0,0,0,0
23503,1,0,0,0,0
23504,1,0,0,0,0
23505,1,0,0,0,0
23506,1,0,0,0,0
23507,1,0,0,0,0
23508,0,0,0,0,1
23509,0,0,0,0,1
23510,0,0,0,0,1
23511,0,0,0,0,1
23512,0,0,0,0,1
23513,0,0,0,0,1
23514,0,0,0,0,1
23515,0,0,0,0,1
23516,0,0,0,0,1
23517,0,0,0,0,1
23518,0,0,0,0,1
23519,0,0,0,0,1
23520,0,0,0,0,1
23521,0,0,0,0,1
23522,0,0,0,0,1
23523,0,0,0,0,1
23524,0,0,0,0,1
23525,0,0,0,0,1
23526,0,0,0,0,1
23527,0,0,0,0,1
23528,0,0,0,0,1
23529,0,0,0,0,1
23530,0,0,0,0,1
23531,0,0,0,0,1
23532,0,0,0,0,1
23533,0,0,0,0,1
23534,0,0,0,0,1
23535,0,0,0,0,1
23536,0,0,0,0,1
23537,0,0,0,0,1
23538,0,0,0,0,1
23539,0,0,0,0,1
23540,1,0,0,0,0
23541,1,0,0,0,0
23542,1,0,0,0,0
23543,1,0,0,0,0
23544,1,0,0,0,0
23545,1,0,0,0,0
23546,1,0,0,0,0
23547,1,0,0,0,0
23548,1,0,0,0,0
23549,1,0,0,0,0
23550,1,0,0,0,0
23551,1,0,0,0,0
23552,1,0,0,0,0
23553,1,0,0,0,0
23554,1,0,0,0,0
23555,1,0,0,0,0
23556,1,0,0,0,0
23557,1,0,0,0,0
23558,1,0,0,0,0
23559,1,0,0,0,0
23560,1,0,0,0,0
23561,1,0,0,0,0
23562,1,0,0,0,0
23563,1,0,0,0,0
23564,1,0,0,0,0
23565,1,0,0,0,0
23566,1,0,0,0,0
23567,1,0,0,0,0
23568,1,0,0,0,0
23569,1,0,0,0,0
23570,1,0,0,0,0
23571,1,0,0,0,0
23572,1,0,0,0,0
23573,1,0,0,0,0
23574,1,0,0,0,0
23575,1,0,0,0,0
23576,1,0,0,0,0
23577,1,0,0,0,0
23578,1,0,0,0,0
23579,1,0,0,0,0
23580,1,0,0,0,0
23581,1,0,0,0,0
23582,1,0,0,0,0
23583,1,0,0,0,0
23584,1,0,0,0,0
23585,1,0,0,0,0
23586,1,0,0,0,0
23587,1,0,0,0,0
23588,1,0,0,0,0
23589,1,0,0,0,0
23590,1,0,0,0,0
23591,1,0,0,0,0
23592,1,0,0,0,0
23593,1,0,0,0,0
23594,1,0,0,0,0
23595,1,0,0,0,0
23596,1,0,0,0,0
23597,1,0,0,0,0
23598,1,0,0,0,0
23599,1,0,0,0,0
23600,1,0,0,0,0
23601,1,0,0,0,0
23602,1,0,0,0,0
23603,1,0,0,0,0
23604,1,0,0,0,0
23605,1,0,0,0,0
23606,1,0,0,0,0
23607,1,0,0,0,0
23608,1,0,0,0,0
23609,1,0,0,0,0
23610,1,0,0,0,0
23611,1,0,0,0,0
23612,1,0,0,0,0
23613,1,0,0,0,0
23614,1,0,0,0,0
23615,1,0,0,0,0
23616,1,0,0,0,0
23617,1,0,0,0,0
23618,1,0,0,0,0
23619,1,0,0,0,0
23620,1,0,0,0,0
23621,1,0,0,0,0
23622,1,0,0,0,0
23623,1,0,0,0,0
23624,1,0,0,0,0
23625,1,0,0,0,0
23626,1,0,0,0,0
23627,1,0,0,0,0
23628,1,0,0,0,0
23629,1,0,0,0,0
23630,1,0,0,0,0
23631,1,0,0,0,0
23632,1,0,0,0,0
23633,1,0,0,0,0
23634,1,0,0,0,0
23635,1,0,0,0,0
23636,1,0,0,0,0
23637,1,0,0,0,0
23638,1,0,0,0,0
23639,1,0,0,0,0
23640,1,0,0,0,0
23641,1,0,0,0,0
23642,1,0,0,0,0
23643,1,0,0,0,0
23644,1,0,0,0,0
23645,1,0,0,0,0
23646,1,0,0,0,0
23647,1,0,0,0,0
23648,1,0,0,0,0
23649,1,0,0,0,0
23650,1,0,0,0,0
23651,1,0,0,0,0
23652,1,0,0,0,0
23653,1,0,0,0,0
23654,1,0,0,0,0
23655,1,0,0,0,0
23656,1,0,0,0,0
23657,1,0,0,0,0
23658,1,0,0,0,0
23659,1,0,0,0,0
23660,1,0,0,0,0
23661,1,0,0,0,0
23662,1,0,0,0,0
23663,1,0,0,0,0
23664,1,0,0,0,0
23665,1,0,0,0,0
23666,1,0,0,0,0
23667,1,0,0,0,0
23668,1,0,0,0,0
23669,1,0,0,0,0
23670,1,0,0,0,0
23671,1,0,0,0,0
23672,1,0,0,0,0
23673,1,0,0,0,0
23674,1,0,0,0,0
23675,1,0,0,0,0
23676,1,0,0,0,0
23677,1,0,0,0,0
23678,1,0,0,0,0
23679,1,0,0,0,0
23680,1,0,0,0,0
23681,1,0,0,0,0
23682,1,0,0,0,0
23683,1,0,0,0,0
23684,1,0,0,0,0
23685,1,0,0,0,0
23686,1,0,0,0,0
23687,1,0,0,0,0
23688,1,0,0,0,0
23689,1,0,0,0,0
23690,1,0,0,0,0
23691,1,0,0,0,0
23692,1,0,0,0,0
23693,1,0,0,0,0
23694,1,0,0,0,0
23695,1,0,0,0,0
23696,1,0,0,0,0
23697,1,0,0,0,0
23698,1,0,0,0,0
23699,1,0,0,0,0
23700,1,0,0,0,0
23701,1,0,0,0,0
23702,1,0,0,0,0
23703,1,0,0,0,0
23704,1,0,0,0,0
23705,1,0,0,0,0
23706,1,0,0,0,0
23707,1,0,0,0,0
23708,1,0,0,0,0
23709,1,0,0,0,0
23710,1,0,0,0,0
23711,1,0,0,0,0
23712,1,0,0,0,0
23713,1,0,0,0,0
23714,1,0,0,0,0
23715,1,0,0,0,0
23716,1,0,0,0,0
23717,1,0,0,0,0
23718,1,0,0,0,0
23719,1,0,0,0,0
23720,1,0,0,0,0
23721,1,0,0,0,0
23722,1,0,0,0,0
23723,1,0,0,0,0
23724,1,0,0,0,0
23725,1,0,0,0,0
23726,1,0,0,0,0
23727,1,0,0,0,0
23728,1,0,0,0,0
23729,1,0,0,0,0
23730,1,0,0,0,0
23731,1,0,0,0,0
23732,1,0,0,0,0
23733,1,0,0,0,0
23734,1,0,0,0,0
23735,1,0,0,0,0
23736,1,0,0,0,0
23737,1,0,0,0,0
23738,1,0,0,0,0
23739,1,0,0,0,0
23740,1,0,0,0,0
23741,1,0,0,0,0
23742,1,0,0,0,0
23743,1,0,0,0,0
23744,1,0,0,0,0
23745,1,0,0,0,0
23746,1,0,0,0,0
23747,1,0,0,0,0
23748,1,0,0,0,0
23749,1,0,0,0,0
23750,1,0,0,0,0
23751,1,0,0,0,0
23752,1,0,0,0,0
23753,1,0,0,0,0
23754,1,0,0,0,0
23755,1,0,0,0,0
23756,1,0,0,0,0
23757,1,0,0,0,0
23758,1,0,0,0,0
23759,1,0,0,0,0
23760,1,0,0,0,0
23761,1,0,0,0,0
23762,1,0,0,0,0
23763,1,0,0,0,0
23764,1,0,0,0,0
23765,1,0,0,0,0
23766,1,0,0,0,0
23767,1,0,0,0,0
23768,1,0,0,0,0
23769,1,0,0,0,0
23770,1,0,0,0,0
23771,1,0,0,0,0
23772,1,0,0,0,0
23773,1,0,0,0,0
23774,1,0,0,0,0
23775,1,0,0,0,0
23776,1,0,0,0,0
23777,1,0,0,0,0
23778,1,0,0,0,0
23779,1,0,0,0,0
23780,1,0,0,0,0
23781,1,0,0,0,0
23782,1,0,0,0,0
23783,1,0,0,0,0
23784,1,0,0,0,0
23785,1,0,0,0,0
23786,1,0,0,0,0
23787,1,0,0,0,0
23788,1,0,0,0,0
23789,1,0,0,0,0
23790,1,0,0,0,0
23791,1,0,0,0,0
23792,1,0,0,0,0
23793,1,0,0,0,0
23794,1,0,0,0,0
23795,1,0,0,0,0
23796,1,0,0,0,0
23797,1,0,0,0,0
23798,0,1,0,0,0
23799,0,1,0,0,0
23800,0,1,0,0,0
23801,0,1,0,0,0
23802,0,1,0,0,0
23803,0,1,0,0,0
23804,0,1,0,0,0
23805,0,1,0,0,0
23806,0,1,0,0,0
23807,0,1,0,0,0
23808,0,1,0,0,0
23809,0,1,0,0,0
23810,0,1,0,0,0
23811,0,1,0,0,0
23812,0,1,0,0,0
23813,0,1,0,0,0
23814,0,1,0,0,0
23815,0,1,0,0,0
23816,0,1,0,0,0
23817,0,1,0,0,0
23818,0,1,0,0,0
23819,0,1,0,0,0
23820,0,1,0,0,0
23821,0,1,0,0,0
23822,0,1,0,0,0
23823,0,1,0,0,0
23824,0,1,0,0,0
23825,0,1,0,0,0
23826,0,1,0,0,0
23827,0,1,0,0,0
23828,0,1,0,0,0
23829,0,1,0,0,0
23830,0,1,0,0,0
23831,0,1,0,0,0
23832,0,1,0,0,0
23833,0,1,0,0,0
23834,0,1,0,0,0
23835,0,1,0,0,0
23836,0,1,0,0,0
23837,0,1,0,0,0
23838,0,1,0,0,0
23839,0,1,0,0,0
23840,0,1,0,0,0
23841,0,1,0,0,0
23842,0,1,0,0,0
23843,0,1,0,0,0
23844,0,1,0,0,0
23845,0,1,0,0,0
23846,0,1,0,0,0
23847,0,1,0,0,0
23848,0,1,0,0,0
23849,0,1,0,0,0
23850,0,1,0,0,0
23851,0,1,0,0,0
23852,0,1,0,0,0
23853,0,1,0,0,0
23854,0,1,0,0,0
23855,0,1,0,0,0
23856,0,1,0,0,0
23857,0,1,0,0,0
23858,0,1,0,0,0
23859,0,1,0,0,0
23860,0,1,0,0,0
23861,0,1,0,0,0
23862,0,1,0,0,0
23863,0,1,0,0,0
23864,0,1,0,0,0
23865,0,1,0,0,0
23866,0,1,0,0,0
23867,0,1,0,0,0
23868,0,1,0,0,0
23869,0,1,0,0,0
23870,1,0,0,0,0
23871,1,0,0,0,0
23872,1,0,0,0,0
23873,1,0,0,0,0
23874,1,0,0,0,0
23875,1,0,0,0,0
23876,1,0,0,0,0
23877,1,0,0,0,0
23878,1,0,0,0,0
23879,1,0,0,0,0
23880,1,0,0,0,0
23881,1,0,0,0,0
23882,1,0,0,0,0
23883,1,0,0,0,0
23884,1,0,0,0,0
23885,1,0,0,0,0
23886,1,0,0,0,0
23887,1,0,0,0,0
23888,1,0,0,0,0
23889,1,0,0,0,0
23890,1,0,0,0,0
23891,1,0,0,0,0
23892,1,0,0,0,0
23893,1,0,0,0,0
23894,1,0,0,0,0
23895,1,0,0,0,0
23896,1,0,0,0,0
23897,1,0,0,0,0
23898,1,0,0,0,0
23899,1,0,0,0,0
23900,1,0,0,0,0
23901,1,0,0,0,0
23902,1,0,0,0,0
23903,1,0,0,0,0
23904,1,0,0,0,0
23905,1,0,0,0,0
23906,1,0,0,0,0
23907,1,0,0,0,0
23908,1,0,0,0,0
23909,1,0,0,0,0
23910,1,0,0,0,0
23911,1,0,0,0,0
23912,1,0,0,0,0
23913,1,0,0,0,0
23914,1,0,0,0,0
23915,1,0,0,0,0
23916,1,0,0,0,0
23917,1,0,0,0,0
23918,1,0,0,0,0
23919,1,0,0,0,0
23920,1,0,0,0,0
23921,1,0,0,0,0
23922,1,0,0,0,0
23923,1,0,0,0,0
23924,1,0,0,0,0
23925,1,0,0,0,0
23926,1,0,0,0,0
23927,1,0,0,0,0
23928,1,0,0,0,0
23929,1,0,0,0,0
23930,1,0,0,0,0
23931,1,0,0,0,0
23932,1,0,0,0,0
23933,1,0,0,0,0
23934,1,0,0,0,0
23935,1,0,0,0,0
23936,1,0,0,0,0
23937,1,0,0,0,0
23938,1,0,0,0,0
23939,1,0,0,0,0
23940,1,0,0,0,0
23941,1,0,0,0,0
23942,1,0,0,0,0
23943,1,0,0,0,0
23944,1,0,0,0,0
23945,1,0,0,0,0
23946,1,0,0,0,0
23947,1,0,0,0,0
23948,1,0,0,0,0
23949,1,0,0,0,0
23950,1,0,0,0,0
23951,1,0,0,0,0
23952,1,0,0,0,0
23953,1,0,0,0,0
23954,1,0,0,0,0
23955,1,0,0,0,0
23956,1,0,0,0,0
23957,1,0,0,0,0
23958,1,0,0,0,0
23959,1,0,0,0,0
23960,1,0,0,0,0
23961,1,0,0,0,0
23962,1,0,0,0,0
23963,1,0,0,0,0
23964,1,0,0,0,0
23965,1,0,0,0,0
23966,1,0,0,0,0
23967,1,0,0,0,0
23968,1,0,0,0,0
23969,1,0,0,0,0
23970,1,0,0,0,0
23971,1,0,0,0,0
23972,1,0,0,0,0
23973,1,0,0,0,0
23974,1,0,0,0,0
23975,1,0,0,0,0
23976,1,0,0,0,0
23977,1,0,0,0,0
23978,1,0,0,0,0
23979,1,0,0,0,0
23980,1,0,0,0,0
23981,1,0,0,0,0
23982,1,0,0,0,0
23983,1,0,0,0,0
23984,1,0,0,0,0
23985,1,0,0,0,0
23986,1,0,0,0,0
23987,1,0,0,0,0
23988,1,0,0,0,0
23989,1,0,0,0,0
23990,1,0,0,0,0
23991,1,0,0,0,0
23992,1,0,0,0,0
23993,1,0,0,0,0
23994,1,0,0,0,0
23995,1,0,0,0,0
23996,1,0,0,0,0
23997,1,0,0,0,0
23998,1,0,0,0,0
23999,1,0,0,0,0
24000,1,0,0,0,0
24001,1,0,0,0,0
24002,1,0,0,0,0
24003,1,0,0,0,0
24004,1,0,0,0,0
24005,1,0,0,0,0
24006,1,0,0,0,0
24007,1,0,0,0,0
24008,1,0,0,0,0
24009,1,0,0,0,0
24010,1,0,0,0,0
24011,1,0,0,0,0
24012,1,0,0,0,0
24013,1,0,0,0,0
24014,1,0,0,0,0
24015,1,0,0,0,0
24016,1,0,0,0,0
24017,1,0,0,0,0
24018,1,0,0,0,0
24019,1,0,0,0,0
24020,1,0,0,0,0
24021,1,0,0,0,0
24022,1,0,0,0,0
24023,1,0,0,0,0
24024,1,0,0,0,0
24025,1,0,0,0,0
24026,1,0,0,0,0
24027,1,0,0,0,0
24028,1,0,0,0,0
24029,1,0,0,0,0
24030,1,0,0,0,0
24031,1,0,0,0,0
24032,1,0,0,0,0
24033,1,0,0,0,0
24034,1,0,0,0,0
24035,1,0,0,0,0
24036,1,0,0,0,0
24037,1,0,0,0,0
24038,1,0,0,0,0
24039,1,0,0,0,0
24040,1,0,0,0,0
24041,1,0,0,0,0
24042,1,0,0,0,0
24043,1,0,0,0,0
24044,1,0,0,0,0
24045,1,0,0,0,0
24046,1,0,0,0,0
24047,1,0,0,0,0
24048,1,0,0,0,0
24049,1,0,0,0,0
24050,1,0,0,0,0
24051,1,0,0,0,0
24052,1,0,0,0,0
24053,1,0,0,0,0
24054,1,0,0,0,0
24055,1,0,0,0,0
24056,1,0,0,0,0
24057,1,0,0,0,0
24058,1,0,0,0,0
24059,1,0,0,0,0
24060,1,0,0,0,0
24061,1,0,0,0,0
24062,1,0,0,0,0
24063,1,0,0,0,0
24064,1,0,0,0,0
24065,1,0,0,0,0
24066,1,0,0,0,0
24067,1,0,0,0,0
24068,1,0,0,0,0
24069,1,0,0,0,0
24070,1,0,0,0,0
24071,1,0,0,0,0
24072,1,0,0,0,0
24073,1,0,0,0,0
24074,1,0,0,0,0
24075,1,0,0,0,0
24076,1,0,0,0,0
24077,1,0,0,0,0
24078,1,0,0,0,0
24079,1,0,0,0,0
24080,1,0,0,0,0
24081,1,0,0,0,0
24082,1,0,0,0,0
24083,1,0,0,0,0
24084,1,0,0,0,0
24085,1,0,0,0,0
24086,1,0,0,0,0
24087,1,0,0,0,0
24088,1,0,0,0,0
24089,1,0,0,0,0
24090,1,0,0,0,0
24091,1,0,0,0,0
24092,1,0,0,0,0
24093,1,0,0,0,0
24094,1,0,0,0,0
24095,1,0,0,0,0
24096,1,0,0,0,0
24097,1,0,0,0,0
24098,1,0,0,0,0
24099,1,0,0,0,0
24100,1,0,0,0,0
24101,1,0,0,0,0
24102,1,0,0,0,0
24103,1,0,0,0,0
24104,1,0,0,0,0
24105,1,0,0,0,0
24106,1,0,0,0,0
24107,1,0,0,0,0
24108,1,0,0,0,0
24109,1,0,0,0,0
24110,1,0,0,0,0
24111,0,0,0,0,1
24112,0,0,0,0,1
24113,0,0,0,0,1
24114,0,0,0,0,1
24115,0,0,0,0,1
24116,0,0,0,0,1
24117,0,0,0,0,1
24118,0,0,0,0,1
24119,0,0,0,0,1
24120,0,0,0,0,1
24121,0,0,0,0,1
24122,0,0,0,0,1
24123,0,0,0,0,1
24124,0,0,0,0,1
24125,0,0,0,0,1
24126,0,0,0,0,1
24127,0,0,0,0,1
24128,0,0,0,0,1
24129,0,0,0,0,1
24130,0,0,0,0,1
24131,0,0,0,0,1
24132,0,0,0,0,1
24133,0,0,0,0,1
24134,0,0,0,0,1
24135,0,0,0,0,1
24136,0,0,0,0,1
24137,0,0,0,0,1
24138,0,0,0,0,1
24139,0,0,0,0,1
24140,0,0,0,0,1
24141,0,0,0,0,1
24142,0,0,0,0,1
24143,0,0,0,0,1
24144,0,0,0,0,1
24145,0,0,0,0,1
24146,0,0,0,0,1
24147,0,0,0,0,1
24148,0,0,0,0,1
24149,0,0,0,0,1
24150,0,0,0,0,1
24151,0,0,0,0,1
24152,0,0,0,0,1
24153,0,0,0,0,1
24154,0,0,0,0,1
24155,0,0,0,0,1
24156,1,0,0,0,0
24157,1,0,0,0,0
24158,1,0,0,0,0
24159,1,0,0,0,0
24160,1,0,0,0,0
24161,1,0,0,0,0
24162,1,0,0,0,0
24163,1,0,0,0,0
24164,1,0,0,0,0
24165,1,0,0,0,0
24166,1,0,0,0,0
24167,1,0,0,0,0
24168,1,0,0,0,0
24169,1,0,0,0,0
24170,1,0,0,0,0
24171,1,0,0,0,0
24172,1,0,0,0,0
24173,1,0,0,0,0
24174,1,0,0,0,0
24175,1,0,0,0,0
24176,1,0,0,0,0
24177,1,0,0,0,0
24178,1,0,0,0,0
24179,1,0,0,0,0
24180,1,0,0,0,0
24181,1,0,0,0,0
24182,1,0,0,0,0
24183,1,0,0,0,0
24184,1,0,0,0,0
24185,1,0,0,0,0
24186,1,0,0,0,0
24187,1,0,0,0,0
24188,1,0,0,0,0
24189,1,0,0,0,0
24190,1,0,0,0,0
24191,1,0,0,0,0
24192,1,0,0,0,0
24193,1,0,0,0,0
24194,1,0,0,0,0
24195,1,0,0,0,0
24196,1,0,0,0,0
24197,1,0,0,0,0
24198,1,0,0,0,0
24199,1,0,0,0,0
24200,1,0,0,0,0
24201,1,0,0,0,0
24202,1,0,0,0,0
24203,1,0,0,0,0
24204,1,0,0,0,0
24205,1,0,0,0,0
24206,1,0,0,0,0
24207,1,0,0,0,0
24208,1,0,0,0,0
24209,1,0,0,0,0
24210,1,0,0,0,0
24211,1,0,0,0,0
24212,1,0,0,0,0
24213,1,0,0,0,0
24214,1,0,0,0,0
24215,1,0,0,0,0
24216,1,0,0,0,0
24217,1,0,0,0,0
24218,0,1,0,0,0
24219,0,1,0,0,0
24220,0,1,0,0,0
24221,0,1,0,0,0
24222,0,1,0,0,0
24223,0,1,0,0,0
24224,0,1,0,0,0
24225,0,1,0,0,0
24226,0,1,0,0,0
24227,0,1,0,0,0
24228,0,1,0,0,0
24229,0,1,0,0,0
24230,0,1,0,0,0
24231,0,1,0,0,0
24232,0,1,0,0,0
24233,0,1,0,0,0
24234,0,1,0,0,0
24235,0,1,0,0,0
24236,0,1,0,0,0
24237,0,1,0,0,0
24238,0,1,0,0,0
24239,0,1,0,0,0
24240,0,1,0,0,0
24241,0,1,0,0,0
24242,0,1,0,0,0
24243,0,1,0,0,0
24244,0,1,0,0,0
24245,0,1,0,0,0
24246,0,1,0,0,0
24247,0,1,0,0,0
24248,0,1,0,0,0
24249,0,1,0,0,0
24250,0,1,0,0,0
24251,0,1,0,0,0
24252,0,1,0,0,0
24253,0,1,0,0,0
24254,0,1,0,0,0
24255,0,1,0,0,0
24256,0,1,0,0,0
24257,0,1,0,0,0
24258,0,1,0,0,0
24259,0,1,0,0,0
24260,0,1,0,0,0
24261,0,1,0,0,0
24262,0,1,0,0,0
24263,0,1,0,0,0
24264,0,1,0,0,0
24265,0,1,0,0,0
24266,0,1,0,0,0
24267,0,1,0,0,0
24268,0,1,0,0,0
24269,0,1,0,0,0
24270,0,1,0,0,0
24271,0,1,0,0,0
24272,0,1,0,0,0
24273,0,1,0,0,0
24274,0,1,0,0,0
24275,0,1,0,0,0
24276,1,0,0,0,0
24277,1,0,0,0,0
24278,1,0,0,0,0
24279,1,0,0,0,0
24280,1,0,0,0,0
24281,1,0,0,0,0
24282,1,0,0,0,0
24283,1,0,0,0,0
24284,1,0,0,0,0
24285,1,0,0,0,0
24286,1,0,0,0,0
24287,1,0,0,0,0
24288,1,0,0,0,0
24289,1,0,0,0,0
24290,1,0,0,0,0
24291,1,0,0,0,0
24292,1,0,0,0,0
24293,1,0,0,0,0
24294,1,0,0,0,0
24295,1,0,0,0,0
24296,1,0,0,0,0
24297,1,0,0,0,0
24298,1,0,0,0,0
24299,1,0,0,0,0
24300,1,0,0,0,0
24301,1,0,0,0,0
24302,1,0,0,0,0
24303,1,0,0,0,0
24304,1,0,0,0,0
24305,1,0,0,0,0
24306,1,0,0,0,0
24307,1,0,0,0,0
24308,1,0,0,0,0
24309,1,0,0,0,0
24310,1,0,0,0,0
24311,1,0,0,0,0
24312,1,0,0,0,0
24313,1,0,0,0,0
24314,1,0,0,0,0
24315,1,0,0,0,0
24316,1,0,0,0,0
24317,1,0,0,0,0
24318,1,0,0,0,0
24319,1,0,0,0,0
24320,1,0,0,0,0
24321,1,0,0,0,0
24322,1,0,0,0,0
24323,1,0,0,0,0
24324,1,0,0,0,0
24325,1,0,0,0,0
24326,1,0,0,0,0
24327,1,0,0,0,0
24328,1,0,0,0,0
24329,1,0,0,0,0
24330,1,0,0,0,0
24331,1,0,0,0,0
24332,1,0,0,0,0
24333,1,0,0,0,0
24334,1,0,0,0,0
24335,1,0,0,0,0
24336,1,0,0,0,0
24337,1,0,0,0,0
24338,1,0,0,0,0
24339,1,0,0,0,0
24340,1,0,0,0,0
24341,1,0,0,0,0
24342,1,0,0,0,0
24343,1,0,0,0,0
24344,1,0,0,0,0
24345,1,0,0,0,0
24346,1,0,0,0,0
24347,1,0,0,0,0
24348,1,0,0,0,0
24349,1,0,0,0,0
24350,1,0,0,0,0
24351,1,0,0,0,0
24352,1,0,0,0,0
24353,1,0,0,0,0
24354,1,0,0,0,0
24355,1,0,0,0,0
24356,1,0,0,0,0
24357,1,0,0,0,0
24358,1,0,0,0,0
24359,1,0,0,0,0
24360,1,0,0,0,0
24361,1,0,0,0,0
24362,1,0,0,0,0
24363,1,0,0,0,0
24364,1,0,0,0,0
24365,1,0,0,0,0
24366,1,0,0,0,0
24367,1,0,0,0,0
24368,1,0,0,0,0
24369,1,0,0,0,0
24370,1,0,0,0,0
24371,1,0,0,0,0
24372,1,0,0,0,0
24373,1,0,0,0,0
24374,1,0,0,0,0
24375,1,0,0,0,0
24376,1,0,0,0,0
24377,1,0,0,0,0
24378,1,0,0,0,0
24379,1,0,0,0,0
24380,1,0,0,0,0
24381,1,0,0,0,0
24382,1,0,0,0,0
24383,1,0,0,0,0
24384,1,0,0,0,0
24385,1,0,0,0,0
24386,1,0,0,0,0
24387,1,0,0,0,0
24388,1,0,0,0,0
24389,1,0,0,0,0
24390,1,0,0,0,0
24391,1,0,0,0,0
24392,1,0,0,0,0
24393,1,0,0,0,0
24394,1,0,0,0,0
24395,1,0,0,0,0
24396,1,0,0,0,0
24397,1,0,0,0,0
24398,1,0,0,0,0
24399,1,0,0,0,0
24400,1,0,0,0,0
24401,1,0,0,0,0
24402,1,0,0,0,0
24403,1,0,0,0,0
24404,1,0,0,0,0
24405,1,0,0,0,0
24406,1,0,0,0,0
24407,1,0,0,0,0
24408,1,0,0,0,0
24409,1,0,0,0,0
24410,1,0,0,0,0
24411,1,0,0,0,0
24412,1,0,0,0,0
24413,1,0,0,0,0
24414,1,0,0,0,0
24415,1,0,0,0,0
24416,1,0,0,0,0
24417,1,0,0,0,0
24418,1,0,0,0,0
24419,1,0,0,0,0
24420,1,0,0,0,0
24421,1,0,0,0,0
24422,1,0,0,0,0
24423,1,0,0,0,0
24424,1,0,0,0,0
24425,1,0,0,0,0
24426,1,0,0,0,0
24427,1,0,0,0,0
24428,1,0,0,0,0
24429,1,0,0,0,0
24430,1,0,0,0,0
24431,1,0,0,0,0
24432,1,0,0,0,0
24433,1,0,0,0,0
24434,1,0,0,0,0
24435,1,0,0,0,0
24436,1,0,0,0,0
24437,1,0,0,0,0
24438,1,0,0,0,0
24439,1,0,0,0,0
24440,1,0,0,0,0
24441,1,0,0,0,0
24442,1,0,0,0,0
24443,1,0,0,0,0
24444,1,0,0,0,0
24445,1,0,0,0,0
24446,1,0,0,0,0
24447,1,0,0,0,0
24448,1,0,0,0,0
24449,1,0,0,0,0
24450,1,0,0,0,0
24451,1,0,0,0,0
24452,1,0,0,0,0
24453,1,0,0,0,0
24454,1,0,0,0,0
24455,1,0,0,0,0
24456,1,0,0,0,0
24457,1,0,0,0,0
24458,1,0,0,0,0
24459,1,0,0,0,0
24460,1,0,0,0,0
24461,1,0,0,0,0
24462,1,0,0,0,0
24463,1,0,0,0,0
24464,1,0,0,0,0
24465,1,0,0,0,0
24466,1,0,0,0,0
24467,1,0,0,0,0
24468,1,0,0,0,0
24469,1,0,0,0,0
24470,1,0,0,0,0
24471,1,0,0,0,0
24472,1,0,0,0,0
24473,1,0,0,0,0
24474,1,0,0,0,0
24475,1,0,0,0,0
24476,1,0,0,0,0
24477,1,0,0,0,0
24478,1,0,0,0,0
24479,1,0,0,0,0
24480,1,0,0,0,0
24481,1,0,0,0,0
24482,1,0,0,0,0
24483,1,0,0,0,0
24484,1,0,0,0,0
24485,1,0,0,0,0
24486,1,0,0,0,0
24487,1,0,0,0,0
24488,1,0,0,0,0
24489,1,0,0,0,0
24490,1,0,0,0,0
24491,1,0,0,0,0
24492,1,0,0,0,0
24493,1,0,0,0,0
24494,1,0,0,0,0
24495,1,0,0,0,0
24496,1,0,0,0,0
24497,1,0,0,0,0
24498,1,0,0,0,0
24499,1,0,0,0,0
24500,1,0,0,0,0
24501,1,0,0,0,0
24502,1,0,0,0,0
24503,1,0,0,0,0
24504,1,0,0,0,0
24505,1,0,0,0,0
24506,1,0,0,0,0
24507,1,0,0,0,0
24508,1,0,0,0,0
24509,1,0,0,0,0
24510,1,0,0,0,0
24511,1,0,0,0,0
24512,1,0,0,0,0
24513,1,0,0,0,0
24514,0,0,0,0,1
24515,0,0,0,0,1
24516,0,0,0,0,1
24517,0,0,0,0,1
24518,0,0,0,0,1
24519,0,0,0,0,1
24520,0,0,0,0,1
24521,1,0,0,0,0
24522,1,0,0,0,0
24523,1,0,0,0,0
24524,1,0,0,0,0
24525,1,0,0,0,0
24526,1,0,0,0,0
24527,1,0,0,0,0
24528,1,0,0,0,0
24529,1,0,0,0,0
24530,1,0,0,0,0
24531,1,0,0,0,0
24532,1,0,0,0,0
24533,1,0,0,0,0
24534,1,0,0,0,0
24535,1,0,0,0,0
24536,1,0,0,0,0
24537,1,0,0,0,0
24538,1,0,0,0,0
24539,1,0,0,0,0
24540,1,0,0,0,0
24541,1,0,0,0,0
24542,1,0,0,0,0
24543,1,0,0,0,0
24544,1,0,0,0,0
24545,1,0,0,0,0
24546,1,0,0,0,0
24547,1,0,0,0,0
24548,1,0,0,0,0
24549,0,0,0,0,1
24550,0,0,0,0,1
24551,0,0,0,0,1
24552,0,0,0,0,1
24553,0,0,0,0,1
24554,0,0,0,0,1
24555,0,0,0,0,1
24556,0,0,0,0,1
24557,0,0,0,0,1
24558,0,0,0,0,1
24559,0,0,0,0,1
24560,0,0,0,0,1
24561,0,0,0,0,1
24562,0,0,0,0,1
24563,0,0,0,0,1
24564,0,0,0,0,1
24565,0,0,0,0,1
24566,0,0,0,0,1
24567,0,0,0,0,1
24568,0,0,0,0,1
24569,0,0,0,0,1
24570,0,0,0,0,1
24571,0,0,0,0,1
24572,0,0,0,0,1
24573,0,0,0,0,1
24574,0,0,0,0,1
24575,0,0,0,0,1
24576,0,0,0,0,1
24577,0,0,0,0,1
24578,0,0,0,0,1
24579,0,0,0,0,1
24580,0,0,0,0,1
24581,0,0,0,0,1
24582,0,0,0,0,1
24583,0,0,0,0,1
24584,0,0,0,0,1
24585,0,0,0,0,1
24586,0,0,0,0,1
24587,0,0,0,0,1
24588,0,0,0,0,1
24589,0,0,0,0,1
24590,0,0,0,0,1
24591,0,0,0,0,1
24592,0,0,0,0,1
24593,0,0,0,0,1
24594,0,0,0,0,1
24595,0,0,0,0,1
24596,0,0,0,0,1
24597,0,0,0,0,1
24598,0,0,0,0,1
24599,0,0,0,0,1
24600,0,0,0,0,1
24601,0,0,0,0,1
24602,0,0,0,0,1
24603,0,0,0,0,1
24604,0,0,0,0,1
24605,0,0,0,0,1
24606,0,0,0,0,1
24607,0,0,0,0,1
24608,0,0,0,0,1
24609,0,0,0,0,1
24610,0,0,0,0,1
24611,0,0,0,0,1
24612,0,0,0,0,1
24613,0,0,0,0,1
24614,0,0,0,0,1
24615,0,0,0,0,1
24616,0,0,0,0,1
24617,0,0,0,0,1
24618,0,0,0,0,1
24619,0,0,0,0,1
24620,0,0,0,0,1
24621,0,0,0,0,1
24622,0,0,0,0,1
24623,0,0,0,0,1
24624,0,0,0,0,1
24625,0,0,0,0,1
24626,0,0,0,0,1
24627,0,0,0,0,1
24628,0,0,0,0,1
24629,0,0,0,0,1
24630,0,0,0,0,1
24631,0,0,0,0,1
24632,0,0,0,0,1
24633,0,0,0,0,1
24634,0,0,0,0,1
24635,0,0,0,0,1
24636,0,0,0,0,1
24637,0,0,0,0,1
24638,0,0,0,0,1
24639,0,0,0,0,1
24640,0,0,0,0,1
24641,0,0,0,0,1
24642,0,0,0,0,1
24643,0,0,0,0,1
24644,0,0,0,0,1
24645,0,0,0,0,1
24646,0,0,0,0,1
24647,0,0,0,0,1
24648,0,0,0,0,1
24649,0,0,0,0,1
24650,0,0,0,0,1
24651,0,0,0,0,1
24652,0,0,0,0,1
24653,0,0,0,0,1
24654,0,0,0,0,1
24655,0,0,0,0,1
24656,0,0,0,0,1
24657,0,0,0,0,1
24658,0,0,0,0,1
24659,0,0,0,0,1
24660,0,0,0,0,1
24661,0,0,0,0,1
24662,0,0,0,0,1
24663,0,0,0,0,1
24664,0,0,0,0,1
24665,0,0,0,0,1
24666,0,0,0,0,1
24667,0,0,0,0,1
24668,0,0,0,0,1
24669,0,0,0,0,1
24670,0,0,0,0,1
24671,0,0,0,0,1
24672,0,0,0,0,1
24673,0,0,0,0,1
24674,0,0,0,0,1
24675,0,0,0,0,1
24676,0,0,0,0,1
24677,0,0,0,0,1
24678,0,0,0,0,1
24679,0,0,0,0,1
24680,0,0,0,0,1
24681,0,0,0,0,1
24682,0,0,0,0,1
24683,0,0,0,0,1
24684,0,0,0,0,1
24685,0,0,0,0,1
24686,0,0,0,0,1
24687,0,0,0,0,1
24688,0,0,0,0,1
24689,0,0,0,0,1
24690,0,0,0,0,1
24691,0,0,0,0,1
24692,0,0,0,0,1
24693,0,0,0,0,1
24694,0,0,0,0,1
24695,0,0,0,0,1
24696,0,0,0,0,1
24697,0,0,0,0,1
24698,0,1,0,0,0
24699,0,1,0,0,0
24700,0,1,0,0,0
24701,0,1,0,0,0
24702,0,1,0,0,0
24703,0,1,0,0,0
24704,0,1,0,0,0
24705,0,1,0,0,0
24706,0,1,0,0,0
24707,0,1,0,0,0
24708,0,1,0,0,0
24709,0,1,0,0,0
24710,0,1,0,0,0
24711,0,1,0,0,0
24712,0,1,0,0,0
24713,0,1,0,0,0
24714,0,1,0,0,0
24715,0,1,0,0,0
24716,0,1,0,0,0
24717,0,1,0,0,0
24718,0,1,0,0,0
24719,0,1,0,0,0
24720,0,1,0,0,0
24721,0,1,0,0,0
24722,0,1,0,0,0
24723,0,1,0,0,0
24724,0,1,0,0,0
24725,0,1,0,0,0
24726,0,1,0,0,0
24727,0,1,0,0,0
24728,0,1,0,0,0
24729,0,1,0,0,0
24730,0,1,0,0,0
24731,0,1,0,0,0
24732,0,1,0,0,0
24733,0,1,0,0,0
24734,0,1,0,0,0
24735,0,1,0,0,0
24736,0,1,0,0,0
24737,0,1,0,0,0
24738,0,1,0,0,0
24739,0,1,0,0,0
24740,0,1,0,0,0
24741,0,1,0,0,0
24742,0,1,0,0,0
24743,0,1,0,0,0
24744,0,1,0,0,0
24745,0,1,0,0,0
24746,0,1,0,0,0
24747,0,1,0,0,0
24748,0,1,0,0,0
24749,0,1,0,0,0
24750,0,1,0,0,0
24751,0,1,0,0,0
24752,0,1,0,0,0
24753,0,1,0,0,0
24754,0,1,0,0,0
24755,0,0,0,1,0
24756,0,0,0,1,0
24757,0,0,0,1,0
24758,0,0,0,1,0
24759,0,0,0,1,0
24760,0,0,0,1,0
24761,0,0,0,1,0
24762,0,0,0,1,0
24763,0,0,0,1,0
24764,0,0,0,1,0
24765,0,0,0,1,0
24766,0,0,0,1,0
24767,0,0,0,1,0
24768,0,0,0,1,0
24769,0,0,0,1,0
24770,0,0,0,1,0
24771,0,0,0,1,0
24772,0,0,0,1,0
24773,0,0,0,1,0
24774,0,0,0,1,0
24775,0,0,0,1,0
24776,1,0,0,0,0
24777,1,0,0,0,0
24778,1,0,0,0,0
24779,1,0,0,0,0
24780,1,0,0,0,0
24781,1,0,0,0,0
24782,1,0,0,0,0
24783,1,0,0,0,0
24784,1,0,0,0,0
24785,1,0,0,0,0
24786,1,0,0,0,0
24787,1,0,0,0,0
24788,1,0,0,0,0
24789,1,0,0,0,0
24790,1,0,0,0,0
24791,1,0,0,0,0
24792,1,0,0,0,0
24793,1,0,0,0,0
24794,1,0,0,0,0
24795,1,0,0,0,0
24796,1,0,0,0,0
24797,1,0,0,0,0
24798,1,0,0,0,0
24799,1,0,0,0,0
24800,1,0,0,0,0
24801,1,0,0,0,0
24802,1,0,0,0,0
24803,1,0,0,0,0
24804,1,0,0,0,0
24805,1,0,0,0,0
24806,1,0,0,0,0
24807,1,0,0,0,0
24808,1,0,0,0,0
24809,1,0,0,0,0
24810,1,0,0,0,0
24811,1,0,0,0,0
24812,1,0,0,0,0
24813,1,0,0,0,0
24814,1,0,0,0,0
24815,1,0,0,0,0
24816,1,0,0,0,0
24817,1,0,0,0,0
24818,1,0,0,0,0
24819,1,0,0,0,0
24820,1,0,0,0,0
24821,1,0,0,0,0
24822,1,0,0,0,0
24823,1,0,0,0,0
24824,1,0,0,0,0
24825,1,0,0,0,0
24826,1,0,0,0,0
24827,1,0,0,0,0
24828,1,0,0,0,0
24829,1,0,0,0,0
24830,1,0,0,0,0
24831,1,0,0,0,0
24832,1,0,0,0,0
24833,1,0,0,0,0
24834,1,0,0,0,0
24835,1,0,0,0,0
24836,1,0,0,0,0
24837,1,0,0,0,0
24838,1,0,0,0,0
24839,1,0,0,0,0
24840,1,0,0,0,0
24841,1,0,0,0,0
24842,1,0,0,0,0
24843,1,0,0,0,0
24844,1,0,0,0,0
24845,1,0,0,0,0
24846,1,0,0,0,0
24847,1,0,0,0,0
24848,1,0,0,0,0
24849,1,0,0,0,0
24850,1,0,0,0,0
24851,1,0,0,0,0
24852,1,0,0,0,0
24853,1,0,0,0,0
24854,1,0,0,0,0
24855,1,0,0,0,0
24856,1,0,0,0,0
24857,1,0,0,0,0
24858,1,0,0,0,0
24859,1,0,0,0,0
24860,1,0,0,0,0
24861,0,0,0,0,1
24862,0,0,0,0,1
24863,0,0,0,0,1
24864,0,0,0,0,1
24865,0,0,0,0,1
24866,0,0,0,0,1
24867,0,0,0,0,1
24868,0,0,0,0,1
24869,0,0,0,0,1
24870,0,0,0,0,1
24871,0,0,0,0,1
24872,0,0,0,0,1
24873,0,0,0,0,1
24874,0,0,0,0,1
24875,0,0,0,0,1
24876,0,0,0,0,1
24877,0,0,0,0,1
24878,0,0,0,0,1
24879,0,0,0,0,1
24880,0,0,0,0,1
24881,0,0,0,0,1
24882,0,0,0,0,1
24883,0,0,0,0,1
24884,0,0,0,0,1
24885,0,0,0,0,1
24886,0,0,0,0,1
24887,0,0,0,0,1
24888,0,0,0,0,1
24889,0,0,0,0,1
24890,0,0,0,0,1
24891,0,0,0,0,1
24892,0,0,0,0,1
24893,0,0,0,0,1
24894,0,0,0,0,1
24895,0,0,0,0,1
24896,0,0,0,0,1
24897,0,0,0,0,1
24898,0,0,0,0,1
24899,0,0,0,0,1
24900,0,0,0,0,1
24901,0,0,0,0,1
24902,0,0,0,0,1
24903,0,0,0,0,1
24904,0,0,0,0,1
24905,0,0,0,0,1
24906,0,0,0,0,1
24907,0,0,0,0,1
24908,0,0,0,0,1
24909,0,0,0,0,1
24910,0,0,0,0,1
24911,0,0,0,0,1
24912,0,0,0,0,1
24913,0,0,0,0,1
24914,0,0,0,0,1
24915,0,0,0,0,1
24916,0,0,0,0,1
24917,0,0,0,0,1
24918,0,0,0,0,1
24919,0,0,0,0,1
24920,0,0,0,0,1
24921,0,0,0,0,1
24922,0,0,0,0,1
24923,0,0,0,0,1
24924,0,0,0,0,1
24925,0,0,0,0,1
24926,0,0,0,0,1
24927,0,0,0,0,1
24928,0,0,0,0,1
24929,0,0,0,0,1
24930,0,0,0,0,1
24931,0,0,0,0,1
24932,0,0,0,0,1
24933,0,0,0,0,1
24934,0,0,0,0,1
24935,0,0,0,0,1
24936,0,0,0,0,1
24937,0,0,0,0,1
24938,0,0,0,0,1
24939,0,0,0,0,1
24940,0,0,0,0,1
24941,0,0,0,0,1
24942,0,0,0,0,1
24943,0,0,0,0,1
24944,0,0,0,0,1
24945,0,0,0,0,1
24946,0,0,0,0,1
24947,0,0,0,0,1
24948,0,0,0,0,1
24949,0,0,0,0,1
24950,0,0,0,0,1
24951,0,0,0,0,1
24952,0,0,0,0,1
24953,0,0,0,0,1
24954,0,0,0,0,1
24955,0,0,0,0,1
24956,0,0,0,0,1
24957,0,0,0,0,1
24958,0,0,0,0,1
24959,0,0,0,0,1
24960,0,0,0,0,1
24961,0,0,0,0,1
24962,0,0,0,0,1
24963,0,0,0,0,1
24964,0,0,0,0,1
24965,0,0,0,0,1
24966,0,0,0,0,1
24967,0,0,0,0,1
24968,1,0,0,0,0
24969,1,0,0,0,0
24970,1,0,0,0,0
24971,1,0,0,0,0
24972,1,0,0,0,0
24973,1,0,0,0,0
24974,1,0,0,0,0
24975,1,0,0,0,0
24976,1,0,0,0,0
24977,1,0,0,0,0
24978,1,0,0,0,0
24979,1,0,0,0,0
24980,1,0,0,0,0
24981,1,0,0,0,0
24982,1,0,0,0,0
24983,1,0,0,0,0
24984,1,0,0,0,0
24985,1,0,0,0,0
24986,1,0,0,0,0
24987,1,0,0,0,0
24988,1,0,0,0,0
24989,1,0,0,0,0
24990,1,0,0,0,0
24991,1,0,0,0,0
24992,1,0,0,0,0
24993,1,0,0,0,0
24994,1,0,0,0,0
24995,1,0,0,0,0
24996,1,0,0,0,0
24997,1,0,0,0,0
24998,1,0,0,0,0
24999,1,0,0,0,0
25000,1,0,0,0,0
25001,1,0,0,0,0
25002,1,0,0,0,0
25003,1,0,0,0,0
25004,1,0,0,0,0
25005,1,0,0,0,0
25006,1,0,0,0,0
25007,1,0,0,0,0
25008,1,0,0,0,0
25009,1,0,0,0,0
25010,1,0,0,0,0
25011,1,0,0,0,0
25012,1,0,0,0,0
25013,0,0,0,0,1
25014,0,0,0,0,1
25015,0,0,0,0,1
25016,0,0,0,0,1
25017,0,0,0,0,1
25018,0,0,0,0,1
25019,0,0,0,0,1
25020,0,0,0,0,1
25021,0,0,0,0,1
25022,0,0,0,0,1
25023,0,0,0,0,1
25024,0,0,0,0,1
25025,0,0,0,0,1
25026,0,0,0,0,1
25027,0,0,0,0,1
25028,0,0,0,0,1
25029,0,0,0,0,1
25030,0,0,0,0,1
25031,0,0,0,0,1
25032,0,0,0,0,1
25033,0,0,0,0,1
25034,0,0,0,0,1
25035,0,0,0,0,1
25036,0,0,0,0,1
25037,0,0,0,0,1
25038,0,0,0,0,1
25039,0,0,0,0,1
25040,0,0,0,0,1
25041,0,0,0,0,1
25042,0,0,0,0,1
25043,0,0,0,0,1
25044,0,0,0,0,1
25045,0,0,0,0,1
25046,0,0,0,0,1
25047,0,0,0,0,1
25048,0,0,0,0,1
25049,0,0,0,0,1
25050,0,0,0,0,1
25051,0,0,0,0,1
25052,0,0,0,0,1
25053,0,0,0,0,1
25054,0,0,0,0,1
25055,0,0,0,0,1
25056,0,0,0,0,1
25057,0,0,0,0,1
25058,0,0,0,0,1
25059,0,0,0,0,1
25060,0,0,0,0,1
25061,0,0,0,0,1
25062,0,0,0,0,1
25063,0,0,0,0,1
25064,0,0,0,0,1
25065,0,0,0,0,1
25066,0,0,0,0,1
25067,0,0,0,0,1
25068,0,0,0,0,1
25069,0,0,0,0,1
25070,0,0,0,0,1
25071,0,0,0,0,1
25072,0,0,0,0,1
25073,0,0,0,0,1
25074,0,0,0,0,1
25075,0,0,0,0,1
25076,0,0,0,0,1
25077,0,0,0,0,1
25078,0,0,0,0,1
25079,0,0,0,0,1
25080,0,0,0,0,1
25081,0,0,0,0,1
25082,0,0,0,0,1
25083,0,0,0,0,1
25084,0,0,0,0,1
25085,0,0,0,0,1
25086,0,0,0,0,1
25087,0,0,0,0,1
25088,0,0,0,0,1
25089,0,0,0,0,1
25090,0,0,0,0,1
25091,0,0,0,0,1
25092,0,0,0,0,1
25093,0,0,0,0,1
25094,0,0,0,0,1
25095,0,0,0,0,1
25096,0,0,0,0,1
25097,0,0,0,0,1
25098,0,0,0,0,1
25099,0,0,0,0,1
25100,0,0,0,0,1
25101,0,0,0,0,1
25102,0,0,0,0,1
25103,0,0,0,0,1
25104,0,0,0,0,1
25105,0,0,0,0,1
25106,0,0,0,0,1
25107,0,0,0,0,1
25108,0,0,0,0,1
25109,0,0,0,0,1
25110,0,0,0,0,1
25111,0,0,0,0,1
25112,0,0,0,0,1
25113,0,0,0,0,1
25114,0,0,0,0,1
25115,0,0,0,0,1
25116,0,0,0,0,1
25117,0,0,0,0,1
25118,0,0,0,0,1
25119,0,0,0,0,1
25120,0,0,0,0,1
25121,0,0,0,0,1
25122,0,0,0,0,1
25123,0,0,0,0,1
25124,0,0,0,0,1
25125,0,0,0,0,1
25126,0,0,0,0,1
25127,0,0,0,0,1
25128,0,0,0,0,1
25129,0,0,0,0,1
25130,0,0,0,0,1
25131,0,0,0,0,1
25132,0,0,0,0,1
25133,0,0,0,0,1
25134,0,0,0,0,1
25135,0,0,0,0,1
25136,0,0,0,0,1
25137,0,0,0,0,1
25138,0,0,0,0,1
25139,0,0,0,0,1
25140,0,0,0,0,1
25141,0,0,0,0,1
25142,0,0,0,0,1
25143,0,0,0,0,1
25144,0,0,0,0,1
25145,0,0,0,0,1
25146,0,0,0,0,1
25147,0,0,0,0,1
25148,1,0,0,0,0
25149,1,0,0,0,0
25150,1,0,0,0,0
25151,1,0,0,0,0
25152,1,0,0,0,0
25153,1,0,0,0,0
25154,1,0,0,0,0
25155,1,0,0,0,0
25156,1,0,0,0,0
25157,1,0,0,0,0
25158,1,0,0,0,0
25159,1,0,0,0,0
25160,1,0,0,0,0
25161,1,0,0,0,0
25162,1,0,0,0,0
25163,1,0,0,0,0
25164,1,0,0,0,0
25165,1,0,0,0,0
25166,1,0,0,0,0
25167,1,0,0,0,0
25168,1,0,0,0,0
25169,1,0,0,0,0
25170,1,0,0,0,0
25171,1,0,0,0,0
25172,1,0,0,0,0
25173,1,0,0,0,0
25174,1,0,0,0,0
25175,1,0,0,0,0
25176,1,0,0,0,0
25177,1,0,0,0,0
25178,1,0,0,0,0
25179,1,0,0,0,0
25180,1,0,0,0,0
25181,1,0,0,0,0
25182,1,0,0,0,0
25183,1,0,0,0,0
25184,1,0,0,0,0
25185,1,0,0,0,0
25186,1,0,0,0,0
25187,1,0,0,0,0
25188,1,0,0,0,0
25189,1,0,0,0,0
25190,1,0,0,0,0
25191,1,0,0,0,0
25192,1,0,0,0,0
25193,1,0,0,0,0
25194,1,0,0,0,0
25195,1,0,0,0,0
25196,1,0,0,0,0
25197,1,0,0,0,0
25198,1,0,0,0,0
25199,1,0,0,0,0
25200,1,0,0,0,0
25201,1,0,0,0,0
25202,1,0,0,0,0
25203,1,0,0,0,0
25204,1,0,0,0,0
25205,1,0,0,0,0
25206,1,0,0,0,0
25207,1,0,0,0,0
25208,1,0,0,0,0
25209,1,0,0,0,0
25210,1,0,0,0,0
25211,1,0,0,0,0
25212,1,0,0,0,0
25213,1,0,0,0,0
25214,1,0,0,0,0
25215,1,0,0,0,0
25216,1,0,0,0,0
25217,1,0,0,0,0
25218,1,0,0,0,0
25219,1,0,0,0,0
25220,1,0,0,0,0
25221,1,0,0,0,0
25222,1,0,0,0,0
25223,1,0,0,0,0
25224,1,0,0,0,0
25225,1,0,0,0,0
25226,1,0,0,0,0
25227,1,0,0,0,0
25228,1,0,0,0,0
25229,1,0,0,0,0
25230,1,0,0,0,0
25231,1,0,0,0,0
25232,1,0,0,0,0
25233,1,0,0,0,0
25234,1,0,0,0,0
25235,1,0,0,0,0
25236,1,0,0,0,0
25237,1,0,0,0,0
25238,1,0,0,0,0
25239,1,0,0,0,0
25240,1,0,0,0,0
25241,1,0,0,0,0
25242,1,0,0,0,0
25243,1,0,0,0,0
25244,1,0,0,0,0
25245,1,0,0,0,0
25246,1,0,0,0,0
25247,1,0,0,0,0
25248,1,0,0,0,0
25249,1,0,0,0,0
25250,1,0,0,0,0
25251,1,0,0,0,0
25252,1,0,0,0,0
25253,1,0,0,0,0
25254,1,0,0,0,0
25255,1,0,0,0,0
25256,1,0,0,0,0
25257,1,0,0,0,0
25258,1,0,0,0,0
25259,1,0,0,0,0
25260,1,0,0,0,0
25261,1,0,0,0,0
25262,1,0,0,0,0
25263,1,0,0,0,0
25264,1,0,0,0,0
25265,1,0,0,0,0
25266,1,0,0,0,0
25267,1,0,0,0,0
25268,1,0,0,0,0
25269,1,0,0,0,0
25270,1,0,0,0,0
25271,1,0,0,0,0
25272,1,0,0,0,0
25273,1,0,0,0,0
25274,1,0,0,0,0
25275,1,0,0,0,0
25276,1,0,0,0,0
25277,1,0,0,0,0
25278,1,0,0,0,0
25279,1,0,0,0,0
25280,1,0,0,0,0
25281,1,0,0,0,0
25282,1,0,0,0,0
25283,1,0,0,0,0
25284,1,0,0,0,0
25285,1,0,0,0,0
25286,1,0,0,0,0
25287,1,0,0,0,0
25288,1,0,0,0,0
25289,1,0,0,0,0
25290,1,0,0,0,0
25291,1,0,0,0,0
25292,1,0,0,0,0
25293,1,0,0,0,0
25294,1,0,0,0,0
25295,1,0,0,0,0
25296,1,0,0,0,0
25297,1,0,0,0,0
25298,1,0,0,0,0
25299,1,0,0,0,0
25300,1,0,0,0,0
25301,1,0,0,0,0
25302,1,0,0,0,0
25303,1,0,0,0,0
25304,1,0,0,0,0
25305,1,0,0,0,0
25306,1,0,0,0,0
25307,1,0,0,0,0
25308,1,0,0,0,0
25309,1,0,0,0,0
25310,1,0,0,0,0
25311,1,0,0,0,0
25312,1,0,0,0,0
25313,1,0,0,0,0
25314,1,0,0,0,0
25315,1,0,0,0,0
25316,1,0,0,0,0
25317,1,0,0,0,0
25318,1,0,0,0,0
25319,1,0,0,0,0
25320,1,0,0,0,0
25321,1,0,0,0,0
25322,1,0,0,0,0
25323,1,0,0,0,0
25324,1,0,0,0,0
25325,1,0,0,0,0
25326,1,0,0,0,0
25327,1,0,0,0,0
25328,1,0,0,0,0
25329,1,0,0,0,0
25330,1,0,0,0,0
25331,1,0,0,0,0
25332,1,0,0,0,0
25333,1,0,0,0,0
25334,1,0,0,0,0
25335,1,0,0,0,0
25336,1,0,0,0,0
25337,1,0,0,0,0
25338,1,0,0,0,0
25339,1,0,0,0,0
25340,1,0,0,0,0
25341,1,0,0,0,0
25342,1,0,0,0,0
25343,1,0,0,0,0
25344,1,0,0,0,0
25345,1,0,0,0,0
25346,1,0,0,0,0
25347,1,0,0,0,0
25348,1,0,0,0,0
25349,1,0,0,0,0
25350,1,0,0,0,0
25351,1,0,0,0,0
25352,1,0,0,0,0
25353,1,0,0,0,0
25354,1,0,0,0,0
25355,1,0,0,0,0
25356,1,0,0,0,0
25357,1,0,0,0,0
25358,1,0,0,0,0
25359,1,0,0,0,0
25360,1,0,0,0,0
25361,1,0,0,0,0
25362,1,0,0,0,0
25363,1,0,0,0,0
25364,1,0,0,0,0
25365,1,0,0,0,0
25366,1,0,0,0,0
25367,1,0,0,0,0
25368,1,0,0,0,0
25369,1,0,0,0,0
25370,1,0,0,0,0
25371,1,0,0,0,0
25372,1,0,0,0,0
25373,1,0,0,0,0
25374,1,0,0,0,0
25375,1,0,0,0,0
25376,1,0,0,0,0
25377,1,0,0,0,0
25378,1,0,0,0,0
25379,1,0,0,0,0
25380,1,0,0,0,0
25381,1,0,0,0,0
25382,1,0,0,0,0
25383,1,0,0,0,0
25384,1,0,0,0,0
25385,1,0,0,0,0
25386,1,0,0,0,0
25387,1,0,0,0,0
25388,1,0,0,0,0
25389,1,0,0,0,0
25390,0,0,0,0,1
25391,0,0,0,0,1
25392,0,0,0,0,1
25393,0,0,0,0,1
25394,0,0,0,0,1
25395,0,0,0,0,1
25396,0,0,0,0,1
25397,0,0,0,0,1
25398,0,0,0,0,1
25399,0,0,0,0,1
25400,0,0,0,0,1
25401,0,0,0,0,1
25402,0,0,0,0,1
25403,0,0,0,0,1
25404,0,0,0,0,1
25405,0,0,0,0,1
25406,0,0,0,0,1
25407,0,0,0,0,1
25408,0,0,0,0,1
25409,0,0,0,0,1
25410,0,0,0,0,1
25411,0,0,0,0,1
25412,0,0,0,0,1
25413,0,0,0,0,1
25414,1,0,0,0,0
25415,1,0,0,0,0
25416,1,0,0,0,0
25417,1,0,0,0,0
25418,1,0,0,0,0
25419,1,0,0,0,0
25420,1,0,0,0,0
25421,1,0,0,0,0
25422,1,0,0,0,0
25423,1,0,0,0,0
25424,1,0,0,0,0
25425,1,0,0,0,0
25426,1,0,0,0,0
25427,1,0,0,0,0
25428,1,0,0,0,0
25429,1,0,0,0,0
25430,1,0,0,0,0
25431,1,0,0,0,0
25432,1,0,0,0,0
25433,1,0,0,0,0
25434,1,0,0,0,0
25435,1,0,0,0,0
25436,1,0,0,0,0
25437,1,0,0,0,0
25438,1,0,0,0,0
25439,1,0,0,0,0
25440,1,0,0,0,0
25441,1,0,0,0,0
25442,1,0,0,0,0
25443,1,0,0,0,0
25444,1,0,0,0,0
25445,1,0,0,0,0
25446,1,0,0,0,0
25447,1,0,0,0,0
25448,1,0,0,0,0
25449,1,0,0,0,0
25450,1,0,0,0,0
25451,1,0,0,0,0
25452,1,0,0,0,0
25453,1,0,0,0,0
25454,0,0,0,0,1
25455,0,0,0,0,1
25456,0,0,0,0,1
25457,0,0,0,0,1
25458,0,0,0,0,1
25459,0,0,0,0,1
25460,0,0,0,0,1
25461,0,0,0,0,1
25462,0,0,0,0,1
25463,0,0,0,0,1
25464,0,0,0,0,1
25465,0,0,0,0,1
25466,0,0,0,0,1
25467,0,0,0,0,1
25468,0,0,0,0,1
25469,0,0,0,0,1
25470,0,0,0,0,1
25471,0,0,0,0,1
25472,0,0,0,0,1
25473,0,0,0,0,1
25474,0,0,0,0,1
25475,0,0,0,0,1
25476,0,0,0,0,1
25477,0,0,0,0,1
25478,0,0,0,0,1
25479,0,0,0,0,1
25480,0,0,0,0,1
25481,0,0,0,0,1
25482,0,0,0,0,1
25483,0,0,0,0,1
25484,0,0,0,0,1
25485,0,0,0,0,1
25486,0,0,0,0,1
25487,0,0,0,0,1
25488,0,0,0,0,1
25489,1,0,0,0,0
25490,1,0,0,0,0
25491,1,0,0,0,0
25492,1,0,0,0,0
25493,1,0,0,0,0
25494,1,0,0,0,0
25495,1,0,0,0,0
25496,1,0,0,0,0
25497,1,0,0,0,0
25498,1,0,0,0,0
25499,1,0,0,0,0
25500,1,0,0,0,0
25501,1,0,0,0,0
25502,1,0,0,0,0
25503,1,0,0,0,0
25504,1,0,0,0,0
25505,1,0,0,0,0
25506,1,0,0,0,0
25507,1,0,0,0,0
25508,1,0,0,0,0
25509,1,0,0,0,0
25510,1,0,0,0,0
25511,1,0,0,0,0
25512,1,0,0,0,0
25513,1,0,0,0,0
25514,1,0,0,0,0
25515,1,0,0,0,0
25516,1,0,0,0,0
25517,1,0,0,0,0
25518,1,0,0,0,0
25519,1,0,0,0,0
25520,1,0,0,0,0
25521,1,0,0,0,0
25522,1,0,0,0,0
25523,1,0,0,0,0
25524,1,0,0,0,0
25525,1,0,0,0,0
25526,1,0,0,0,0
25527,1,0,0,0,0
25528,1,0,0,0,0
25529,1,0,0,0,0
25530,1,0,0,0,0
25531,1,0,0,0,0
25532,1,0,0,0,0
25533,1,0,0,0,0
25534,1,0,0,0,0
25535,1,0,0,0,0
25536,1,0,0,0,0
25537,1,0,0,0,0
25538,1,0,0,0,0
25539,1,0,0,0,0
25540,1,0,0,0,0
25541,1,0,0,0,0
25542,1,0,0,0,0
25543,1,0,0,0,0
25544,1,0,0,0,0
25545,1,0,0,0,0
25546,1,0,0,0,0
25547,1,0,0,0,0
25548,1,0,0,0,0
25549,1,0,0,0,0
25550,1,0,0,0,0
25551,1,0,0,0,0
25552,1,0,0,0,0
25553,1,0,0,0,0
25554,1,0,0,0,0
25555,1,0,0,0,0
25556,1,0,0,0,0
25557,1,0,0,0,0
25558,1,0,0,0,0
25559,1,0,0,0,0
25560,1,0,0,0,0
25561,1,0,0,0,0
25562,1,0,0,0,0
25563,1,0,0,0,0
25564,1,0,0,0,0
25565,1,0,0,0,0
25566,1,0,0,0,0
25567,1,0,0,0,0
25568,1,0,0,0,0
25569,0,0,0,0,1
25570,0,0,0,0,1
25571,0,0,0,0,1
25572,0,0,0,0,1
25573,0,0,0,0,1
25574,0,0,0,0,1
25575,0,0,0,0,1
25576,0,0,0,0,1
25577,0,0,0,0,1
25578,0,0,0,0,1
25579,0,0,0,0,1
25580,0,0,0,0,1
25581,0,0,0,0,1
25582,0,0,0,0,1
25583,1,0,0,0,0
25584,1,0,0,0,0
25585,1,0,0,0,0
25586,1,0,0,0,0
25587,1,0,0,0,0
25588,1,0,0,0,0
25589,1,0,0,0,0
25590,1,0,0,0,0
25591,1,0,0,0,0
25592,1,0,0,0,0
25593,1,0,0,0,0
25594,0,0,0,0,1
25595,0,0,0,0,1
25596,0,0,0,0,1
25597,0,0,0,0,1
25598,0,0,0,0,1
25599,0,0,0,0,1
25600,0,0,0,0,1
25601,0,0,0,0,1
25602,0,0,0,0,1
25603,0,0,0,0,1
25604,0,0,0,0,1
25605,0,0,0,0,1
25606,0,0,0,0,1
25607,0,0,0,0,1
25608,0,0,0,0,1
25609,0,0,0,0,1
25610,0,0,0,0,1
25611,0,0,0,0,1
25612,0,0,0,0,1
25613,0,0,0,0,1
25614,0,0,0,0,1
25615,0,0,0,0,1
25616,0,0,0,0,1
25617,0,0,0,0,1
25618,0,0,0,0,1
25619,0,0,0,0,1
25620,0,0,0,0,1
25621,0,0,0,0,1
25622,0,0,0,0,1
25623,0,0,0,0,1
25624,0,0,0,0,1
25625,0,0,0,0,1
25626,0,0,0,0,1
25627,1,0,0,0,0
25628,1,0,0,0,0
25629,1,0,0,0,0
25630,1,0,0,0,0
25631,1,0,0,0,0
25632,1,0,0,0,0
25633,1,0,0,0,0
25634,1,0,0,0,0
25635,1,0,0,0,0
25636,1,0,0,0,0
25637,1,0,0,0,0
25638,1,0,0,0,0
25639,1,0,0,0,0
25640,1,0,0,0,0
25641,1,0,0,0,0
25642,1,0,0,0,0
25643,1,0,0,0,0
25644,1,0,0,0,0
25645,1,0,0,0,0
25646,1,0,0,0,0
25647,1,0,0,0,0
25648,1,0,0,0,0
25649,1,0,0,0,0
25650,1,0,0,0,0
25651,1,0,0,0,0
25652,1,0,0,0,0
25653,1,0,0,0,0
25654,1,0,0,0,0
25655,0,0,0,0,1
25656,0,0,0,0,1
25657,0,0,0,0,1
25658,0,0,0,0,1
25659,0,0,0,0,1
25660,0,0,0,0,1
25661,0,0,0,0,1
25662,0,0,0,0,1
25663,0,0,0,0,1
25664,0,0,0,0,1
25665,0,0,0,0,1
25666,0,0,0,0,1
25667,0,0,0,0,1
25668,0,0,0,0,1
25669,0,0,0,0,1
25670,0,0,0,0,1
25671,0,0,0,0,1
25672,0,0,0,0,1
25673,0,0,0,0,1
25674,0,0,0,0,1
25675,0,0,0,0,1
25676,0,0,0,0,1
25677,0,0,0,0,1
25678,0,0,0,0,1
25679,0,0,0,0,1
25680,0,0,0,0,1
25681,0,0,0,0,1
25682,0,0,0,0,1
25683,0,0,0,0,1
25684,0,0,0,0,1
25685,0,0,0,0,1
25686,0,0,0,0,1
25687,0,0,0,0,1
25688,0,0,0,0,1
25689,0,0,0,0,1
25690,0,0,0,0,1
25691,0,0,0,0,1
25692,0,0,0,0,1
25693,0,0,0,0,1
25694,0,0,0,0,1
25695,0,0,0,0,1
25696,0,0,0,0,1
25697,0,0,0,0,1
25698,1,0,0,0,0
25699,1,0,0,0,0
25700,1,0,0,0,0
25701,1,0,0,0,0
25702,1,0,0,0,0
25703,1,0,0,0,0
25704,1,0,0,0,0
25705,1,0,0,0,0
25706,1,0,0,0,0
25707,1,0,0,0,0
25708,1,0,0,0,0
25709,1,0,0,0,0
25710,1,0,0,0,0
25711,1,0,0,0,0
25712,1,0,0,0,0
25713,1,0,0,0,0
25714,1,0,0,0,0
25715,1,0,0,0,0
25716,1,0,0,0,0
25717,1,0,0,0,0
25718,1,0,0,0,0
25719,1,0,0,0,0
25720,1,0,0,0,0
25721,1,0,0,0,0
25722,1,0,0,0,0
25723,1,0,0,0,0
25724,1,0,0,0,0
25725,1,0,0,0,0
25726,1,0,0,0,0
25727,1,0,0,0,0
25728,1,0,0,0,0
25729,1,0,0,0,0
25730,1,0,0,0,0
25731,1,0,0,0,0
25732,1,0,0,0,0
25733,1,0,0,0,0
25734,1,0,0,0,0
25735,1,0,0,0,0
25736,1,0,0,0,0
25737,1,0,0,0,0
25738,1,0,0,0,0
25739,1,0,0,0,0
25740,1,0,0,0,0
25741,1,0,0,0,0
25742,1,0,0,0,0
25743,1,0,0,0,0
25744,1,0,0,0,0
25745,1,0,0,0,0
25746,1,0,0,0,0
25747,1,0,0,0,0
25748,1,0,0,0,0
25749,1,0,0,0,0
25750,1,0,0,0,0
25751,1,0,0,0,0
25752,1,0,0,0,0
25753,1,0,0,0,0
25754,1,0,0,0,0
25755,1,0,0,0,0
25756,1,0,0,0,0
25757,1,0,0,0,0
25758,1,0,0,0,0
25759,1,0,0,0,0
25760,1,0,0,0,0
25761,1,0,0,0,0
25762,1,0,0,0,0
25763,1,0,0,0,0
25764,1,0,0,0,0
25765,1,0,0,0,0
25766,1,0,0,0,0
25767,1,0,0,0,0
25768,1,0,0,0,0
25769,1,0,0,0,0
25770,1,0,0,0,0
25771,1,0,0,0,0
25772,1,0,0,0,0
25773,1,0,0,0,0
25774,1,0,0,0,0
25775,1,0,0,0,0
25776,1,0,0,0,0
25777,1,0,0,0,0
25778,1,0,0,0,0
25779,1,0,0,0,0
25780,1,0,0,0,0
25781,1,0,0,0,0
25782,1,0,0,0,0
25783,1,0,0,0,0
25784,1,0,0,0,0
25785,1,0,0,0,0
25786,1,0,0,0,0
25787,1,0,0,0,0
25788,1,0,0,0,0
25789,1,0,0,0,0
25790,1,0,0,0,0
25791,1,0,0,0,0
25792,1,0,0,0,0
25793,1,0,0,0,0
25794,1,0,0,0,0
25795,1,0,0,0,0
25796,1,0,0,0,0
25797,1,0,0,0,0
25798,1,0,0,0,0
25799,1,0,0,0,0
25800,1,0,0,0,0
25801,1,0,0,0,0
25802,1,0,0,0,0
25803,1,0,0,0,0
25804,1,0,0,0,0
25805,1,0,0,0,0
25806,1,0,0,0,0
25807,1,0,0,0,0
25808,1,0,0,0,0
25809,1,0,0,0,0
25810,1,0,0,0,0
25811,1,0,0,0,0
25812,1,0,0,0,0
25813,1,0,0,0,0
25814,1,0,0,0,0
25815,1,0,0,0,0
25816,1,0,0,0,0
25817,1,0,0,0,0
25818,1,0,0,0,0
25819,1,0,0,0,0
25820,1,0,0,0,0
25821,1,0,0,0,0
25822,1,0,0,0,0
25823,1,0,0,0,0
25824,1,0,0,0,0
25825,1,0,0,0,0
25826,1,0,0,0,0
25827,1,0,0,0,0
25828,1,0,0,0,0
25829,1,0,0,0,0
25830,1,0,0,0,0
25831,1,0,0,0,0
25832,1,0,0,0,0
25833,1,0,0,0,0
25834,1,0,0,0,0
25835,1,0,0,0,0
25836,1,0,0,0,0
25837,1,0,0,0,0
25838,1,0,0,0,0
25839,1,0,0,0,0
25840,1,0,0,0,0
25841,1,0,0,0,0
25842,1,0,0,0,0
25843,1,0,0,0,0
25844,1,0,0,0,0
25845,1,0,0,0,0
25846,1,0,0,0,0
25847,1,0,0,0,0
25848,1,0,0,0,0
25849,1,0,0,0,0
25850,1,0,0,0,0
25851,1,0,0,0,0
25852,1,0,0,0,0
25853,1,0,0,0,0
25854,1,0,0,0,0
25855,1,0,0,0,0
25856,1,0,0,0,0
25857,1,0,0,0,0
25858,1,0,0,0,0
25859,1,0,0,0,0
25860,1,0,0,0,0
25861,1,0,0,0,0
25862,1,0,0,0,0
25863,1,0,0,0,0
25864,1,0,0,0,0
25865,1,0,0,0,0
25866,1,0,0,0,0
25867,1,0,0,0,0
25868,1,0,0,0,0
25869,1,0,0,0,0
25870,1,0,0,0,0
25871,1,0,0,0,0
25872,1,0,0,0,0
25873,1,0,0,0,0
25874,1,0,0,0,0
25875,1,0,0,0,0
25876,1,0,0,0,0
25877,1,0,0,0,0
25878,1,0,0,0,0
25879,1,0,0,0,0
25880,1,0,0,0,0
25881,1,0,0,0,0
25882,1,0,0,0,0
25883,1,0,0,0,0
25884,1,0,0,0,0
25885,1,0,0,0,0
25886,1,0,0,0,0
25887,1,0,0,0,0
25888,1,0,0,0,0
25889,1,0,0,0,0
25890,1,0,0,0,0
25891,1,0,0,0,0
25892,1,0,0,0,0
25893,1,0,0,0,0
25894,1,0,0,0,0
25895,1,0,0,0,0
25896,1,0,0,0,0
25897,1,0,0,0,0
25898,1,0,0,0,0
25899,1,0,0,0,0
25900,1,0,0,0,0
25901,1,0,0,0,0
25902,1,0,0,0,0
25903,1,0,0,0,0
25904,1,0,0,0,0
25905,1,0,0,0,0
25906,1,0,0,0,0
25907,1,0,0,0,0
25908,1,0,0,0,0
25909,1,0,0,0,0
25910,1,0,0,0,0
25911,1,0,0,0,0
25912,1,0,0,0,0
25913,1,0,0,0,0
25914,1,0,0,0,0
25915,1,0,0,0,0
25916,1,0,0,0,0
25917,1,0,0,0,0
25918,1,0,0,0,0
25919,1,0,0,0,0
25920,1,0,0,0,0
25921,1,0,0,0,0
25922,1,0,0,0,0
25923,1,0,0,0,0
25924,1,0,0,0,0
25925,1,0,0,0,0
25926,1,0,0,0,0
25927,1,0,0,0,0
25928,1,0,0,0,0
25929,1,0,0,0,0
25930,1,0,0,0,0
25931,1,0,0,0,0
25932,1,0,0,0,0
25933,1,0,0,0,0
25934,1,0,0,0,0
25935,1,0,0,0,0
25936,1,0,0,0,0
25937,1,0,0,0,0
25938,1,0,0,0,0
25939,1,0,0,0,0
25940,1,0,0,0,0
25941,1,0,0,0,0
25942,1,0,0,0,0
25943,1,0,0,0,0
25944,1,0,0,0,0
25945,1,0,0,0,0
25946,1,0,0,0,0
25947,1,0,0,0,0
25948,1,0,0,0,0
25949,1,0,0,0,0
25950,1,0,0,0,0
25951,1,0,0,0,0
25952,1,0,0,0,0
25953,1,0,0,0,0
25954,1,0,0,0,0
25955,1,0,0,0,0
25956,1,0,0,0,0
25957,1,0,0,0,0
25958,1,0,0,0,0
25959,1,0,0,0,0
25960,1,0,0,0,0
25961,1,0,0,0,0
25962,1,0,0,0,0
25963,1,0,0,0,0
25964,1,0,0,0,0
25965,1,0,0,0,0
25966,1,0,0,0,0
25967,1,0,0,0,0
25968,1,0,0,0,0
25969,1,0,0,0,0
25970,1,0,0,0,0
25971,1,0,0,0,0
25972,1,0,0,0,0
25973,1,0,0,0,0
25974,0,0,0,0,1
25975,0,0,0,0,1
25976,0,0,0,0,1
25977,0,0,0,0,1
25978,0,0,0,0,1
25979,0,0,0,0,1
25980,0,0,0,0,1
25981,0,0,0,0,1
25982,0,0,0,0,1
25983,0,0,0,0,1
25984,0,0,0,0,1
25985,0,0,0,0,1
25986,0,0,0,0,1
25987,0,0,0,0,1
25988,0,0,0,0,1
25989,0,0,0,0,1
25990,0,0,0,0,1
25991,0,0,0,0,1
25992,0,0,0,0,1
25993,0,0,0,0,1
25994,0,0,0,0,1
25995,0,0,0,0,1
25996,0,0,0,0,1
25997,0,0,0,0,1
25998,0,0,0,0,1
25999,0,0,0,0,1
26000,0,0,0,0,1
26001,0,0,0,0,1
26002,0,0,0,0,1
26003,0,0,0,0,1
26004,0,0,0,0,1
26005,0,0,0,0,1
26006,0,0,0,0,1
26007,0,0,0,0,1
26008,0,0,0,0,1
26009,0,0,0,0,1
26010,0,0,0,0,1
26011,0,0,0,0,1
26012,0,0,0,0,1
26013,0,0,0,0,1
26014,0,0,0,0,1
26015,0,0,0,0,1
26016,0,0,0,0,1
26017,0,0,0,0,1
26018,0,0,0,0,1
26019,0,0,0,0,1
26020,0,0,0,0,1
26021,0,0,0,0,1
26022,0,0,0,0,1
26023,0,0,0,0,1
26024,0,0,0,0,1
26025,0,0,0,0,1
26026,0,0,0,0,1
26027,0,0,0,0,1
26028,0,0,0,0,1
26029,1,0,0,0,0
26030,1,0,0,0,0
26031,1,0,0,0,0
26032,1,0,0,0,0
26033,1,0,0,0,0
26034,1,0,0,0,0
26035,1,0,0,0,0
26036,1,0,0,0,0
26037,1,0,0,0,0
26038,1,0,0,0,0
26039,1,0,0,0,0
26040,1,0,0,0,0
26041,1,0,0,0,0
26042,1,0,0,0,0
26043,1,0,0,0,0
26044,1,0,0,0,0
26045,1,0,0,0,0
26046,1,0,0,0,0
26047,1,0,0,0,0
26048,1,0,0,0,0
26049,1,0,0,0,0
26050,1,0,0,0,0
26051,1,0,0,0,0
26052,1,0,0,0,0
26053,1,0,0,0,0
26054,1,0,0,0,0
26055,1,0,0,0,0
26056,1,0,0,0,0
26057,1,0,0,0,0
26058,1,0,0,0,0
26059,1,0,0,0,0
26060,1,0,0,0,0
26061,1,0,0,0,0
26062,1,0,0,0,0
26063,1,0,0,0,0
26064,1,0,0,0,0
26065,1,0,0,0,0
26066,1,0,0,0,0
26067,1,0,0,0,0
26068,1,0,0,0,0
26069,1,0,0,0,0
26070,1,0,0,0,0
26071,1,0,0,0,0
26072,1,0,0,0,0
26073,1,0,0,0,0
26074,1,0,0,0,0
26075,1,0,0,0,0
26076,1,0,0,0,0
26077,1,0,0,0,0
26078,1,0,0,0,0
26079,1,0,0,0,0
26080,1,0,0,0,0
26081,1,0,0,0,0
26082,1,0,0,0,0
26083,1,0,0,0,0
26084,1,0,0,0,0
26085,1,0,0,0,0
26086,1,0,0,0,0
26087,1,0,0,0,0
26088,1,0,0,0,0
26089,1,0,0,0,0
26090,1,0,0,0,0
26091,1,0,0,0,0
26092,1,0,0,0,0
26093,1,0,0,0,0
26094,1,0,0,0,0
26095,1,0,0,0,0
26096,1,0,0,0,0
26097,1,0,0,0,0
26098,1,0,0,0,0
26099,1,0,0,0,0
26100,1,0,0,0,0
26101,1,0,0,0,0
26102,1,0,0,0,0
26103,1,0,0,0,0
26104,1,0,0,0,0
26105,0,0,0,1,0
26106,0,0,0,1,0
26107,0,0,0,1,0
26108,0,0,0,1,0
26109,0,0,0,1,0
26110,0,0,0,1,0
26111,0,0,0,1,0
26112,0,0,0,1,0
26113,0,0,0,1,0
26114,0,0,0,1,0
26115,0,0,0,1,0
26116,0,0,0,1,0
26117,0,0,0,1,0
26118,0,0,0,1,0
26119,0,0,0,1,0
26120,0,0,0,1,0
26121,0,0,0,1,0
26122,0,0,0,1,0
26123,0,0,0,1,0
26124,0,0,0,1,0
26125,0,0,0,1,0
26126,0,0,0,1,0
26127,0,0,0,1,0
26128,0,0,0,1,0
26129,0,0,0,1,0
26130,0,0,0,1,0
26131,0,0,0,1,0
26132,0,0,0,1,0
26133,0,0,0,1,0
26134,0,0,0,1,0
26135,0,0,0,1,0
26136,0,0,0,1,0
26137,0,0,0,1,0
26138,0,0,0,1,0
26139,0,0,0,1,0
26140,0,0,0,1,0
26141,0,0,0,1,0
26142,0,0,0,1,0
26143,0,0,0,1,0
26144,0,0,0,1,0
26145,0,0,0,1,0
26146,0,0,0,1,0
26147,0,0,0,1,0
26148,0,0,0,1,0
26149,0,0,0,1,0
26150,0,0,0,1,0
26151,0,0,0,1,0
26152,0,0,0,1,0
26153,0,0,0,1,0
26154,0,0,0,1,0
26155,0,0,0,1,0
26156,0,0,0,1,0
26157,0,0,0,1,0
26158,0,0,0,1,0
26159,0,0,0,1,0
26160,0,0,0,1,0
26161,0,0,0,1,0
26162,0,0,0,1,0
26163,0,0,0,1,0
26164,0,0,0,1,0
26165,0,0,0,1,0
26166,0,0,0,1,0
26167,0,0,0,1,0
26168,0,0,0,1,0
26169,0,0,0,1,0
26170,0,0,0,1,0
26171,0,0,0,1,0
26172,0,0,0,1,0
26173,0,0,0,1,0
26174,0,0,0,1,0
26175,0,0,0,1,0
26176,0,0,0,1,0
26177,0,0,0,1,0
26178,0,0,0,1,0
26179,0,0,0,1,0
26180,0,0,0,1,0
26181,0,0,0,1,0
26182,0,0,0,1,0
26183,0,0,0,1,0
26184,0,0,0,1,0
26185,0,0,0,1,0
26186,0,0,0,1,0
26187,0,0,0,1,0
26188,0,0,0,1,0
26189,0,0,0,1,0
26190,0,0,0,1,0
26191,0,0,0,1,0
26192,0,0,0,1,0
26193,0,0,0,1,0
26194,0,0,0,1,0
26195,0,0,0,1,0
26196,0,0,0,1,0
26197,0,0,0,1,0
26198,0,0,0,1,0
26199,0,0,0,1,0
26200,0,0,0,1,0
26201,0,0,0,1,0
26202,0,0,0,1,0
26203,0,0,0,1,0
26204,0,0,0,1,0
26205,0,0,0,1,0
26206,0,0,0,1,0
26207,0,0,0,1,0
26208,0,0,0,1,0
26209,0,0,0,1,0
26210,0,0,0,1,0
26211,0,0,0,1,0
26212,0,0,0,1,0
26213,0,0,0,1,0
26214,0,0,0,1,0
26215,0,0,0,1,0
26216,0,0,0,1,0
26217,0,0,0,1,0
26218,0,0,0,1,0
26219,0,0,0,1,0
26220,0,0,0,1,0
26221,0,0,0,1,0
26222,0,0,0,1,0
26223,0,0,0,1,0
26224,0,0,0,1,0
26225,0,0,0,1,0
26226,0,0,0,1,0
26227,0,0,0,1,0
26228,0,0,0,1,0
26229,0,0,0,1,0
26230,0,0,0,1,0
26231,0,0,0,1,0
26232,0,0,0,1,0
26233,0,0,0,1,0
26234,0,0,0,1,0
26235,0,0,0,1,0
26236,0,0,0,1,0
26237,0,0,0,1,0
26238,0,0,0,1,0
26239,0,0,0,1,0
26240,0,0,0,1,0
26241,0,0,0,1,0
26242,0,0,0,1,0
26243,0,0,0,1,0
26244,0,0,0,1,0
26245,0,0,0,1,0
26246,0,0,0,1,0
26247,0,0,0,1,0
26248,0,0,0,1,0
26249,0,0,0,1,0
26250,0,0,0,1,0
26251,0,0,0,1,0
26252,0,0,0,1,0
26253,0,0,0,1,0
26254,0,0,0,1,0
26255,0,0,0,1,0
26256,0,0,0,1,0
26257,0,0,0,1,0
26258,0,0,0,1,0
26259,0,0,0,1,0
26260,0,0,0,1,0
26261,0,0,0,1,0
26262,0,0,0,1,0
26263,0,0,0,1,0
26264,0,0,0,1,0
26265,0,0,0,1,0
26266,0,0,0,1,0
26267,0,0,0,1,0
26268,0,0,0,1,0
26269,0,0,0,1,0
26270,0,0,0,1,0
26271,0,0,0,1,0
26272,0,0,0,1,0
26273,0,0,0,1,0
26274,0,0,0,1,0
26275,0,0,0,1,0
26276,0,0,0,1,0
26277,0,0,0,1,0
26278,0,0,0,1,0
26279,0,0,0,1,0
26280,0,0,0,1,0
26281,0,0,0,1,0
26282,0,0,0,1,0
26283,0,0,0,1,0
26284,0,0,0,1,0
26285,0,0,0,1,0
26286,0,0,0,1,0
26287,0,0,0,1,0
26288,0,0,0,1,0
26289,0,0,0,1,0
26290,0,0,0,1,0
26291,0,0,0,1,0
26292,0,0,0,1,0
26293,0,0,0,1,0
26294,0,0,0,1,0
26295,0,0,0,1,0
26296,0,0,0,1,0
26297,0,0,0,1,0
26298,0,0,0,1,0
26299,0,0,0,1,0
26300,0,0,0,1,0
26301,0,0,0,1,0
26302,0,0,0,1,0
26303,0,0,0,1,0
26304,0,0,0,1,0
26305,0,0,0,1,0
26306,0,0,0,1,0
26307,0,0,0,1,0
26308,0,0,0,1,0
26309,0,0,0,1,0
26310,0,0,0,1,0
26311,0,0,0,1,0
26312,0,0,0,1,0
26313,0,0,0,1,0
26314,0,0,0,1,0
26315,0,0,0,1,0
26316,0,0,0,1,0
26317,0,0,0,1,0
26318,0,0,0,1,0
26319,0,0,0,1,0
26320,0,0,0,1,0
26321,0,0,0,1,0
26322,0,0,0,1,0
26323,0,0,0,1,0
26324,0,0,0,1,0
26325,0,0,0,1,0
26326,0,0,0,1,0
26327,0,0,0,1,0
26328,0,0,0,1,0
26329,0,0,0,1,0
26330,0,0,0,1,0
26331,0,0,0,1,0
26332,0,0,0,1,0
26333,0,0,0,1,0
26334,0,0,0,1,0
26335,0,0,0,1,0
26336,0,0,0,1,0
26337,0,0,0,1,0
26338,0,0,0,1,0
26339,0,0,0,1,0
26340,0,0,0,1,0
26341,0,0,0,1,0
26342,0,0,0,1,0
26343,0,0,0,1,0
26344,0,0,0,1,0
26345,0,0,0,1,0
26346,0,0,0,1,0
26347,0,0,0,1,0
26348,0,0,0,1,0
26349,0,0,0,1,0
26350,0,0,0,1,0
26351,0,0,0,1,0
26352,0,0,0,1,0
26353,0,0,0,1,0
26354,0,0,0,1,0
26355,0,0,0,1,0
26356,0,0,0,1,0
26357,0,0,0,1,0
26358,0,0,0,1,0
26359,0,0,0,1,0
26360,0,0,0,1,0
26361,0,0,0,1,0
26362,0,0,0,1,0
26363,0,0,0,1,0
26364,0,0,0,1,0
26365,0,0,0,1,0
26366,0,0,0,1,0
26367,0,0,0,1,0
26368,0,0,0,1,0
26369,0,0,0,1,0
26370,0,0,0,1,0
26371,0,0,0,1,0
26372,0,0,0,1,0
26373,0,0,0,1,0
26374,0,0,0,1,0
26375,0,0,0,1,0
26376,0,0,0,1,0
26377,0,0,0,1,0
26378,0,0,0,1,0
26379,0,0,0,1,0
26380,0,0,0,1,0
26381,0,0,0,1,0
26382,0,0,0,1,0
26383,0,0,0,1,0
26384,0,0,0,1,0
26385,0,0,0,1,0
26386,0,0,0,1,0
26387,0,0,0,1,0
26388,0,0,0,1,0
26389,0,0,0,1,0
26390,0,0,0,1,0
26391,0,0,0,1,0
26392,0,0,0,1,0
26393,0,0,0,1,0
26394,0,0,0,1,0
26395,0,0,0,1,0
26396,0,0,0,1,0
26397,0,0,0,1,0
26398,0,0,0,1,0
26399,0,0,0,1,0
26400,0,0,0,1,0
26401,0,0,0,1,0
26402,0,0,0,1,0
26403,0,0,0,1,0
26404,0,0,0,1,0
26405,0,0,0,1,0
26406,0,0,0,1,0
26407,0,0,0,1,0
26408,0,0,0,1,0
26409,0,0,0,1,0
26410,0,0,0,1,0
26411,0,0,0,1,0
26412,0,0,0,1,0
26413,0,0,0,1,0
26414,0,0,0,1,0
26415,0,0,0,1,0
26416,0,0,0,1,0
26417,0,0,0,1,0
26418,0,0,0,1,0
26419,0,0,0,1,0
26420,0,0,0,1,0
26421,0,0,0,1,0
26422,0,0,0,1,0
26423,0,0,0,1,0
26424,0,0,0,1,0
26425,0,0,0,1,0
26426,0,0,0,1,0
26427,0,0,0,1,0
26428,0,0,0,1,0
26429,0,0,0,1,0
26430,0,0,0,1,0
26431,0,0,0,1,0
26432,0,0,0,1,0
26433,0,0,0,1,0
26434,0,0,0,1,0
26435,0,0,0,1,0
26436,0,0,0,1,0
26437,0,0,0,1,0
26438,0,0,0,1,0
26439,0,0,0,1,0
26440,0,0,0,1,0
26441,0,0,0,1,0
26442,0,0,0,1,0
26443,0,0,0,1,0
26444,0,0,0,1,0
26445,0,0,0,1,0
26446,0,0,0,1,0
26447,0,0,0,1,0
26448,0,0,0,1,0
26449,0,0,0,1,0
26450,0,0,0,1,0
26451,0,0,0,1,0
26452,0,0,0,1,0
26453,0,0,0,1,0
26454,0,0,0,1,0
26455,0,0,0,1,0
26456,0,0,0,1,0
26457,0,0,0,1,0
26458,0,0,0,1,0
26459,0,0,0,1,0
26460,0,0,0,1,0
26461,0,0,0,1,0
26462,0,0,0,1,0
26463,0,0,0,1,0
26464,0,0,0,1,0
26465,0,0,0,1,0
26466,0,0,0,1,0
26467,0,0,0,1,0
26468,0,0,0,1,0
26469,0,0,0,1,0
26470,0,0,0,1,0
26471,0,0,0,1,0
26472,0,0,0,1,0
26473,0,0,0,1,0
26474,0,0,0,1,0
26475,0,0,0,1,0
26476,0,0,0,1,0
26477,0,0,0,1,0
26478,0,0,0,1,0
26479,0,0,0,1,0
26480,0,0,0,1,0
26481,1,0,0,0,0
26482,1,0,0,0,0
26483,1,0,0,0,0
26484,0,0,1,0,0
26485,0,0,1,0,0
26486,0,0,1,0,0
26487,0,0,1,0,0
26488,0,0,1,0,0
26489,0,0,1,0,0
26490,0,0,1,0,0
26491,0,0,1,0,0
26492,0,0,1,0,0
26493,0,0,1,0,0
26494,0,0,1,0,0
26495,0,0,1,0,0
26496,0,0,1,0,0
26497,0,0,1,0,0
26498,0,0,1,0,0
26499,0,0,1,0,0
26500,0,0,1,0,0
26501,0,0,1,0,0
26502,0,0,1,0,0
26503,0,0,1,0,0
26504,0,0,1,0,0
26505,0,0,1,0,0
26506,0,0,1,0,0
26507,0,0,1,0,0
26508,0,0,1,0,0
26509,0,0,1,0,0
26510,0,0,1,0,0
26511,0,0,1,0,0
26512,0,0,1,0,0
26513,0,0,1,0,0
26514,0,0,1,0,0
26515,0,0,1,0,0
26516,0,0,1,0,0
26517,0,0,1,0,0
26518,0,0,1,0,0
26519,0,0,1,0,0
26520,0,0,1,0,0
26521,0,0,1,0,0
26522,0,0,1,0,0
26523,0,0,1,0,0
26524,0,0,1,0,0
26525,0,0,1,0,0
26526,0,0,1,0,0
26527,0,0,1,0,0
26528,0,0,1,0,0
26529,0,0,1,0,0
26530,0,0,1,0,0
26531,0,0,1,0,0
26532,0,0,1,0,0
26533,0,0,1,0,0
26534,0,0,1,0,0
26535,0,0,1,0,0
26536,0,0,1,0,0
26537,0,0,1,0,0
26538,0,0,1,0,0
26539,0,0,1,0,0
26540,0,0,1,0,0
26541,0,0,1,0,0
26542,0,0,1,0,0
26543,0,0,1,0,0
26544,0,0,1,0,0
26545,0,0,1,0,0
26546,0,0,1,0,0
26547,0,0,1,0,0
26548,0,0,1,0,0
26549,0,0,1,0,0
26550,0,0,1,0,0
26551,0,0,1,0,0
26552,0,0,1,0,0
26553,0,0,1,0,0
26554,0,0,1,0,0
26555,0,0,1,0,0
26556,0,0,1,0,0
26557,0,0,1,0,0
26558,0,0,1,0,0
26559,0,0,1,0,0
26560,0,0,1,0,0
26561,0,0,1,0,0
26562,0,0,1,0,0
26563,0,0,1,0,0
26564,0,0,1,0,0
26565,0,0,1,0,0
26566,0,0,1,0,0
26567,0,0,1,0,0
26568,0,0,1,0,0
26569,0,0,1,0,0
26570,0,0,1,0,0
26571,0,0,1,0,0
26572,0,0,1,0,0
26573,0,0,1,0,0
26574,0,0,1,0,0
26575,0,0,1,0,0
26576,0,0,1,0,0
26577,0,0,1,0,0
26578,0,0,1,0,0
26579,0,0,1,0,0
26580,0,0,1,0,0
26581,0,0,1,0,0
26582,0,0,1,0,0
26583,1,0,0,0,0
26584,1,0,0,0,0
26585,1,0,0,0,0
26586,1,0,0,0,0
26587,1,0,0,0,0
26588,1,0,0,0,0
26589,1,0,0,0,0
26590,1,0,0,0,0
26591,1,0,0,0,0
26592,1,0,0,0,0
26593,1,0,0,0,0
26594,1,0,0,0,0
26595,1,0,0,0,0
26596,1,0,0,0,0
26597,1,0,0,0,0
26598,1,0,0,0,0
26599,1,0,0,0,0
26600,1,0,0,0,0
26601,1,0,0,0,0
26602,1,0,0,0,0
26603,1,0,0,0,0
26604,1,0,0,0,0
26605,1,0,0,0,0
26606,1,0,0,0,0
26607,1,0,0,0,0
26608,1,0,0,0,0
26609,1,0,0,0,0
26610,1,0,0,0,0
26611,1,0,0,0,0
26612,1,0,0,0,0
26613,1,0,0,0,0
26614,1,0,0,0,0
26615,1,0,0,0,0
26616,1,0,0,0,0
26617,1,0,0,0,0
26618,1,0,0,0,0
26619,1,0,0,0,0
26620,1,0,0,0,0
26621,1,0,0,0,0
26622,1,0,0,0,0
26623,1,0,0,0,0
26624,1,0,0,0,0
26625,1,0,0,0,0
26626,1,0,0,0,0
26627,1,0,0,0,0
26628,1,0,0,0,0
26629,1,0,0,0,0
26630,1,0,0,0,0
26631,1,0,0,0,0
26632,1,0,0,0,0
26633,1,0,0,0,0
26634,1,0,0,0,0
26635,1,0,0,0,0
26636,1,0,0,0,0
26637,1,0,0,0,0
26638,1,0,0,0,0
26639,1,0,0,0,0
26640,1,0,0,0,0
26641,1,0,0,0,0
26642,1,0,0,0,0
26643,1,0,0,0,0
26644,1,0,0,0,0
26645,1,0,0,0,0
26646,1,0,0,0,0
26647,1,0,0,0,0
26648,1,0,0,0,0
26649,1,0,0,0,0
26650,1,0,0,0,0
26651,1,0,0,0,0
26652,1,0,0,0,0
26653,1,0,0,0,0
26654,1,0,0,0,0
26655,1,0,0,0,0
26656,1,0,0,0,0
26657,1,0,0,0,0
26658,1,0,0,0,0
26659,1,0,0,0,0
26660,1,0,0,0,0
26661,1,0,0,0,0
26662,1,0,0,0,0
26663,1,0,0,0,0
26664,1,0,0,0,0
26665,1,0,0,0,0
26666,1,0,0,0,0
26667,1,0,0,0,0
26668,1,0,0,0,0
26669,1,0,0,0,0
26670,1,0,0,0,0
26671,1,0,0,0,0
26672,1,0,0,0,0
26673,1,0,0,0,0
26674,1,0,0,0,0
26675,1,0,0,0,0
26676,1,0,0,0,0
26677,1,0,0,0,0
26678,1,0,0,0,0
26679,1,0,0,0,0
26680,1,0,0,0,0
26681,1,0,0,0,0
26682,1,0,0,0,0
26683,1,0,0,0,0
26684,1,0,0,0,0
26685,1,0,0,0,0
26686,1,0,0,0,0
26687,1,0,0,0,0
26688,1,0,0,0,0
26689,1,0,0,0,0
26690,1,0,0,0,0
26691,1,0,0,0,0
26692,1,0,0,0,0
26693,1,0,0,0,0
26694,1,0,0,0,0
26695,1,0,0,0,0
26696,1,0,0,0,0
26697,1,0,0,0,0
26698,1,0,0,0,0
26699,1,0,0,0,0
26700,1,0,0,0,0
26701,1,0,0,0,0
26702,1,0,0,0,0
26703,1,0,0,0,0
26704,1,0,0,0,0
26705,1,0,0,0,0
26706,1,0,0,0,0
26707,1,0,0,0,0
26708,1,0,0,0,0
26709,1,0,0,0,0
26710,1,0,0,0,0
26711,1,0,0,0,0
26712,1,0,0,0,0
26713,1,0,0,0,0
26714,1,0,0,0,0
26715,1,0,0,0,0
26716,1,0,0,0,0
26717,1,0,0,0,0
26718,1,0,0,0,0
26719,1,0,0,0,0
26720,1,0,0,0,0
26721,1,0,0,0,0
26722,1,0,0,0,0
26723,1,0,0,0,0
26724,1,0,0,0,0
26725,1,0,0,0,0
26726,1,0,0,0,0
26727,1,0,0,0,0
26728,1,0,0,0,0
26729,1,0,0,0,0
26730,1,0,0,0,0
26731,1,0,0,0,0
26732,1,0,0,0,0
26733,1,0,0,0,0
26734,1,0,0,0,0
26735,1,0,0,0,0
26736,1,0,0,0,0
26737,1,0,0,0,0
26738,1,0,0,0,0
26739,1,0,0,0,0
26740,1,0,0,0,0
26741,1,0,0,0,0
26742,1,0,0,0,0
26743,1,0,0,0,0
26744,1,0,0,0,0
26745,1,0,0,0,0
26746,1,0,0,0,0
26747,1,0,0,0,0
26748,1,0,0,0,0
26749,1,0,0,0,0
26750,1,0,0,0,0
26751,1,0,0,0,0
26752,1,0,0,0,0
26753,1,0,0,0,0
26754,1,0,0,0,0
26755,1,0,0,0,0
26756,1,0,0,0,0
26757,1,0,0,0,0
26758,1,0,0,0,0
26759,1,0,0,0,0
26760,1,0,0,0,0
26761,1,0,0,0,0
26762,1,0,0,0,0
26763,1,0,0,0,0
26764,1,0,0,0,0
26765,1,0,0,0,0
26766,1,0,0,0,0
26767,1,0,0,0,0
26768,1,0,0,0,0
26769,1,0,0,0,0
26770,1,0,0,0,0
26771,1,0,0,0,0
26772,1,0,0,0,0
26773,1,0,0,0,0
26774,1,0,0,0,0
26775,1,0,0,0,0
26776,1,0,0,0,0
26777,1,0,0,0,0
26778,1,0,0,0,0
26779,1,0,0,0,0
26780,1,0,0,0,0
26781,1,0,0,0,0
26782,1,0,0,0,0
26783,1,0,0,0,0
26784,1,0,0,0,0
26785,1,0,0,0,0
26786,1,0,0,0,0
26787,1,0,0,0,0
26788,1,0,0,0,0
26789,1,0,0,0,0
26790,1,0,0,0,0
26791,1,0,0,0,0
26792,1,0,0,0,0
26793,1,0,0,0,0
26794,1,0,0,0,0
26795,1,0,0,0,0
26796,1,0,0,0,0
26797,1,0,0,0,0
26798,1,0,0,0,0
26799,1,0,0,0,0
26800,1,0,0,0,0
26801,1,0,0,0,0
26802,1,0,0,0,0
26803,1,0,0,0,0
26804,1,0,0,0,0
26805,1,0,0,0,0
26806,1,0,0,0,0
26807,1,0,0,0,0
26808,1,0,0,0,0
26809,1,0,0,0,0
26810,1,0,0,0,0
26811,1,0,0,0,0
26812,1,0,0,0,0
26813,1,0,0,0,0
26814,1,0,0,0,0
26815,1,0,0,0,0
26816,1,0,0,0,0
26817,1,0,0,0,0
26818,1,0,0,0,0
26819,1,0,0,0,0
26820,1,0,0,0,0
26821,1,0,0,0,0
26822,1,0,0,0,0
26823,1,0,0,0,0
26824,1,0,0,0,0
26825,1,0,0,0,0
26826,1,0,0,0,0
26827,1,0,0,0,0
26828,1,0,0,0,0
26829,1,0,0,0,0
26830,1,0,0,0,0
26831,1,0,0,0,0
26832,1,0,0,0,0
26833,1,0,0,0,0
26834,1,0,0,0,0
26835,1,0,0,0,0
26836,1,0,0,0,0
26837,1,0,0,0,0
26838,1,0,0,0,0
26839,1,0,0,0,0
26840,1,0,0,0,0
26841,1,0,0,0,0
26842,1,0,0,0,0
26843,1,0,0,0,0
26844,0,0,0,1,0
26845,0,0,0,1,0
26846,0,0,0,1,0
26847,0,0,0,1,0
26848,0,0,0,1,0
26849,0,0,0,1,0
26850,0,0,0,1,0
26851,0,0,0,1,0
26852,0,0,0,1,0
26853,0,0,0,1,0
26854,0,0,0,1,0
26855,0,0,0,1,0
26856,0,0,0,1,0
26857,0,0,0,1,0
26858,0,0,0,1,0
26859,0,0,0,1,0
26860,0,0,0,1,0
26861,0,0,0,1,0
26862,0,0,0,1,0
26863,0,0,0,1,0
26864,0,0,0,1,0
26865,0,0,0,1,0
26866,0,0,0,1,0
26867,0,0,0,1,0
26868,0,0,0,1,0
26869,0,0,0,1,0
26870,0,0,0,1,0
26871,0,0,0,1,0
26872,0,0,0,1,0
26873,0,0,0,1,0
26874,0,0,0,1,0
26875,0,0,0,1,0
26876,0,0,0,1,0
26877,0,0,0,1,0
26878,0,0,0,1,0
26879,0,0,0,1,0
26880,0,0,0,1,0
26881,0,0,0,1,0
26882,0,0,0,1,0
26883,0,0,0,1,0
26884,0,0,0,1,0
26885,0,0,0,1,0
26886,0,0,0,1,0
26887,0,0,0,1,0
26888,0,0,0,1,0
26889,0,0,0,1,0
26890,0,0,0,1,0
26891,0,0,0,1,0
26892,0,0,0,1,0
26893,0,0,0,1,0
26894,0,0,0,1,0
26895,0,0,0,1,0
26896,0,0,0,1,0
26897,0,0,0,1,0
26898,0,0,0,1,0
26899,0,0,0,1,0
26900,0,0,0,1,0
26901,0,0,0,1,0
26902,0,0,0,1,0
26903,0,0,0,1,0
26904,0,0,0,1,0
26905,0,0,0,1,0
26906,0,0,0,1,0
26907,0,0,0,1,0
26908,0,0,0,1,0
26909,0,0,0,1,0
26910,0,0,0,1,0
26911,0,0,0,1,0
26912,0,0,0,1,0
26913,0,0,0,1,0
26914,0,0,0,1,0
26915,0,0,0,1,0
26916,0,0,0,1,0
26917,0,0,0,1,0
26918,0,0,0,1,0
26919,0,0,0,1,0
26920,0,0,0,1,0
26921,0,0,0,1,0
26922,0,0,0,1,0
26923,0,0,0,1,0
26924,0,0,0,1,0
26925,0,0,0,1,0
26926,0,0,0,1,0
26927,0,0,0,1,0
26928,0,0,0,1,0
26929,0,0,0,1,0
26930,0,0,0,1,0
26931,0,0,0,1,0
26932,0,0,0,1,0
26933,0,0,0,1,0
26934,0,0,0,1,0
26935,0,0,0,1,0
26936,0,0,0,1,0
26937,0,0,0,1,0
26938,0,0,0,1,0
26939,0,0,0,1,0
26940,0,0,0,1,0
26941,0,0,0,1,0
26942,0,0,0,1,0
26943,0,0,0,1,0
26944,0,0,0,1,0
26945,0,0,0,1,0
26946,0,0,0,1,0
26947,0,0,0,1,0
26948,0,0,0,1,0
26949,0,0,0,1,0
26950,0,0,0,1,0
26951,0,0,0,1,0
26952,0,0,0,1,0
26953,0,0,0,1,0
26954,0,0,0,1,0
26955,0,0,0,1,0
26956,0,0,0,1,0
26957,0,0,0,1,0
26958,0,0,0,1,0
26959,0,0,0,1,0
26960,0,0,0,1,0
26961,0,0,0,1,0
26962,0,0,0,1,0
26963,0,0,0,1,0
26964,0,0,0,1,0
26965,0,0,0,1,0
26966,0,0,0,1,0
26967,0,0,0,1,0
26968,0,0,0,1,0
26969,0,0,0,1,0
26970,0,0,0,1,0
26971,0,0,0,1,0
26972,0,0,0,1,0
26973,0,0,0,1,0
26974,0,0,0,1,0
26975,0,0,0,1,0
26976,0,0,0,1,0
26977,0,0,0,1,0
26978,0,0,0,1,0
26979,0,0,0,1,0
26980,0,0,0,1,0
26981,0,0,0,1,0
26982,0,0,0,1,0
26983,0,0,0,1,0
26984,0,0,0,1,0
26985,0,0,0,1,0
26986,0,0,0,1,0
26987,0,0,0,1,0
26988,0,0,0,1,0
26989,0,0,0,1,0
26990,0,0,0,1,0
26991,0,0,0,1,0
26992,0,0,0,1,0
26993,0,0,0,1,0
26994,0,0,0,1,0
26995,0,0,0,1,0
26996,0,0,0,1,0
26997,0,0,0,1,0
26998,0,0,0,1,0
26999,0,0,0,1,0
27000,0,0,0,1,0
27001,0,0,0,1,0
27002,0,0,0,1,0
27003,0,0,0,1,0
27004,0,0,0,1,0
27005,0,0,0,1,0
27006,0,0,0,1,0
27007,0,0,0,1,0
27008,0,0,0,1,0
27009,0,0,0,1,0
27010,0,0,0,1,0
27011,0,0,0,1,0
27012,0,0,0,1,0
27013,0,0,0,1,0
27014,0,0,0,1,0
27015,0,0,0,1,0
27016,0,0,0,1,0
27017,0,0,0,1,0
27018,0,0,0,1,0
27019,0,0,0,1,0
27020,0,0,0,1,0
27021,0,0,0,1,0
27022,0,0,0,1,0
27023,0,0,0,1,0
27024,0,0,0,1,0
27025,0,0,0,1,0
27026,0,0,0,1,0
27027,0,0,0,1,0
27028,0,0,0,1,0
27029,0,0,0,1,0
27030,0,0,0,1,0
27031,0,0,0,1,0
27032,0,0,0,1,0
27033,0,0,0,1,0
27034,0,0,0,1,0
27035,0,0,0,1,0
27036,0,0,0,1,0
27037,0,0,0,1,0
27038,0,0,0,1,0
27039,0,0,0,1,0
27040,0,0,0,1,0
27041,0,0,0,1,0
27042,0,0,0,1,0
27043,0,0,0,1,0
27044,0,0,0,1,0
27045,0,0,0,1,0
27046,0,0,0,1,0
27047,0,0,0,1,0
27048,0,0,0,1,0
27049,0,0,0,1,0
27050,0,0,0,1,0
27051,0,0,0,1,0
27052,0,0,0,1,0
27053,0,0,0,1,0
27054,0,0,0,1,0
27055,0,0,0,1,0
27056,0,0,0,1,0
27057,0,0,0,1,0
27058,0,0,0,1,0
27059,0,0,0,1,0
27060,0,0,0,1,0
27061,0,0,0,1,0
27062,0,0,0,1,0
27063,0,0,0,1,0
27064,0,0,0,1,0
27065,0,0,0,1,0
27066,0,0,0,1,0
27067,0,0,0,1,0
27068,0,0,0,1,0
27069,0,0,0,1,0
27070,1,0,0,0,0
27071,1,0,0,0,0
27072,1,0,0,0,0
27073,1,0,0,0,0
27074,1,0,0,0,0
27075,1,0,0,0,0
27076,1,0,0,0,0
27077,1,0,0,0,0
27078,1,0,0,0,0
27079,1,0,0,0,0
27080,1,0,0,0,0
27081,1,0,0,0,0
27082,1,0,0,0,0
27083,1,0,0,0,0
27084,1,0,0,0,0
27085,1,0,0,0,0
27086,1,0,0,0,0
27087,1,0,0,0,0
27088,1,0,0,0,0
27089,1,0,0,0,0
27090,1,0,0,0,0
27091,1,0,0,0,0
27092,1,0,0,0,0
27093,1,0,0,0,0
27094,1,0,0,0,0
27095,1,0,0,0,0
27096,1,0,0,0,0
27097,1,0,0,0,0
27098,1,0,0,0,0
27099,1,0,0,0,0
27100,1,0,0,0,0
27101,1,0,0,0,0
27102,1,0,0,0,0
27103,1,0,0,0,0
27104,1,0,0,0,0
27105,1,0,0,0,0
27106,1,0,0,0,0
27107,1,0,0,0,0
27108,1,0,0,0,0
27109,1,0,0,0,0
27110,1,0,0,0,0
27111,1,0,0,0,0
27112,1,0,0,0,0
27113,1,0,0,0,0
27114,1,0,0,0,0
27115,1,0,0,0,0
27116,1,0,0,0,0
27117,1,0,0,0,0
27118,1,0,0,0,0
27119,1,0,0,0,0
27120,1,0,0,0,0
27121,1,0,0,0,0
27122,1,0,0,0,0
27123,1,0,0,0,0
27124,1,0,0,0,0
27125,1,0,0,0,0
27126,1,0,0,0,0
27127,1,0,0,0,0
27128,1,0,0,0,0
27129,1,0,0,0,0
27130,1,0,0,0,0
27131,1,0,0,0,0
27132,1,0,0,0,0
27133,1,0,0,0,0
27134,1,0,0,0,0
27135,1,0,0,0,0
27136,1,0,0,0,0
27137,1,0,0,0,0
27138,1,0,0,0,0
27139,1,0,0,0,0
27140,1,0,0,0,0
27141,1,0,0,0,0
27142,1,0,0,0,0
27143,1,0,0,0,0
27144,1,0,0,0,0
27145,1,0,0,0,0
27146,1,0,0,0,0
27147,1,0,0,0,0
27148,1,0,0,0,0
27149,1,0,0,0,0
27150,1,0,0,0,0
27151,1,0,0,0,0
27152,1,0,0,0,0
27153,1,0,0,0,0
27154,1,0,0,0,0
27155,1,0,0,0,0
27156,1,0,0,0,0
27157,1,0,0,0,0
27158,1,0,0,0,0
27159,1,0,0,0,0
27160,1,0,0,0,0
27161,1,0,0,0,0
27162,1,0,0,0,0
27163,1,0,0,0,0
27164,1,0,0,0,0
27165,1,0,0,0,0
27166,1,0,0,0,0
27167,1,0,0,0,0
27168,1,0,0,0,0
27169,1,0,0,0,0
27170,1,0,0,0,0
27171,1,0,0,0,0
27172,1,0,0,0,0
27173,1,0,0,0,0
27174,1,0,0,0,0
27175,1,0,0,0,0
27176,1,0,0,0,0
27177,1,0,0,0,0
27178,1,0,0,0,0
27179,1,0,0,0,0
27180,1,0,0,0,0
27181,1,0,0,0,0
27182,1,0,0,0,0
27183,1,0,0,0,0
27184,1,0,0,0,0
27185,1,0,0,0,0
27186,1,0,0,0,0
27187,1,0,0,0,0
27188,1,0,0,0,0
27189,1,0,0,0,0
27190,1,0,0,0,0
27191,1,0,0,0,0
27192,1,0,0,0,0
27193,1,0,0,0,0
27194,1,0,0,0,0
27195,1,0,0,0,0
27196,1,0,0,0,0
27197,1,0,0,0,0
27198,1,0,0,0,0
27199,1,0,0,0,0
27200,1,0,0,0,0
27201,1,0,0,0,0
27202,1,0,0,0,0
27203,1,0,0,0,0
27204,1,0,0,0,0
27205,1,0,0,0,0
27206,1,0,0,0,0
27207,1,0,0,0,0
27208,1,0,0,0,0
27209,1,0,0,0,0
27210,1,0,0,0,0
27211,1,0,0,0,0
27212,1,0,0,0,0
27213,1,0,0,0,0
27214,1,0,0,0,0
27215,1,0,0,0,0
27216,1,0,0,0,0
27217,1,0,0,0,0
27218,1,0,0,0,0
27219,1,0,0,0,0
27220,1,0,0,0,0
27221,1,0,0,0,0
27222,1,0,0,0,0
27223,1,0,0,0,0
27224,1,0,0,0,0
27225,1,0,0,0,0
27226,1,0,0,0,0
27227,1,0,0,0,0
27228,1,0,0,0,0
27229,1,0,0,0,0
27230,1,0,0,0,0
27231,1,0,0,0,0
27232,1,0,0,0,0
27233,1,0,0,0,0
27234,1,0,0,0,0
27235,1,0,0,0,0
27236,1,0,0,0,0
27237,1,0,0,0,0
27238,1,0,0,0,0
27239,1,0,0,0,0
27240,1,0,0,0,0
27241,1,0,0,0,0
27242,1,0,0,0,0
27243,1,0,0,0,0
27244,1,0,0,0,0
27245,1,0,0,0,0
27246,1,0,0,0,0
27247,1,0,0,0,0
27248,1,0,0,0,0
27249,1,0,0,0,0
27250,1,0,0,0,0
27251,1,0,0,0,0
27252,1,0,0,0,0
27253,1,0,0,0,0
27254,1,0,0,0,0
27255,1,0,0,0,0
27256,1,0,0,0,0
27257,1,0,0,0,0
27258,1,0,0,0,0
27259,1,0,0,0,0
27260,1,0,0,0,0
27261,1,0,0,0,0
27262,1,0,0,0,0
27263,1,0,0,0,0
27264,1,0,0,0,0
27265,1,0,0,0,0
27266,1,0,0,0,0
27267,1,0,0,0,0
27268,1,0,0,0,0
27269,1,0,0,0,0
27270,1,0,0,0,0
27271,1,0,0,0,0
27272,1,0,0,0,0
27273,1,0,0,0,0
27274,1,0,0,0,0
27275,1,0,0,0,0
27276,1,0,0,0,0
27277,1,0,0,0,0
27278,1,0,0,0,0
27279,1,0,0,0,0
27280,1,0,0,0,0
27281,1,0,0,0,0
27282,1,0,0,0,0
27283,1,0,0,0,0
27284,1,0,0,0,0
27285,1,0,0,0,0
27286,1,0,0,0,0
27287,1,0,0,0,0
27288,1,0,0,0,0
27289,1,0,0,0,0
27290,1,0,0,0,0
27291,1,0,0,0,0
27292,1,0,0,0,0
27293,1,0,0,0,0
27294,1,0,0,0,0
27295,1,0,0,0,0
27296,1,0,0,0,0
27297,1,0,0,0,0
27298,1,0,0,0,0
27299,1,0,0,0,0
27300,1,0,0,0,0
27301,1,0,0,0,0
27302,1,0,0,0,0
27303,1,0,0,0,0
27304,1,0,0,0,0
27305,1,0,0,0,0
27306,1,0,0,0,0
27307,1,0,0,0,0
27308,1,0,0,0,0
27309,1,0,0,0,0
27310,1,0,0,0,0
27311,1,0,0,0,0
27312,1,0,0,0,0
27313,1,0,0,0,0
27314,1,0,0,0,0
27315,1,0,0,0,0
27316,1,0,0,0,0
27317,1,0,0,0,0
27318,1,0,0,0,0
27319,1,0,0,0,0
27320,1,0,0,0,0
27321,1,0,0,0,0
27322,1,0,0,0,0
27323,1,0,0,0,0
27324,1,0,0,0,0
27325,1,0,0,0,0
27326,1,0,0,0,0
27327,1,0,0,0,0
27328,1,0,0,0,0
27329,1,0,0,0,0
27330,1,0,0,0,0
27331,1,0,0,0,0
27332,1,0,0,0,0
27333,1,0,0,0,0
27334,1,0,0,0,0
27335,1,0,0,0,0
27336,1,0,0,0,0
27337,1,0,0,0,0
27338,1,0,0,0,0
27339,1,0,0,0,0
27340,1,0,0,0,0
27341,1,0,0,0,0
27342,1,0,0,0,0
27343,1,0,0,0,0
27344,1,0,0,0,0
27345,1,0,0,0,0
27346,1,0,0,0,0
27347,1,0,0,0,0
27348,1,0,0,0,0
27349,1,0,0,0,0
27350,1,0,0,0,0
27351,1,0,0,0,0
27352,1,0,0,0,0
27353,1,0,0,0,0
27354,1,0,0,0,0
27355,1,0,0,0,0
27356,1,0,0,0,0
27357,1,0,0,0,0
27358,1,0,0,0,0
27359,1,0,0,0,0
27360,1,0,0,0,0
27361,1,0,0,0,0
27362,1,0,0,0,0
27363,1,0,0,0,0
27364,1,0,0,0,0
27365,1,0,0,0,0
27366,1,0,0,0,0
27367,1,0,0,0,0
27368,1,0,0,0,0
27369,1,0,0,0,0
27370,1,0,0,0,0
27371,1,0,0,0,0
27372,1,0,0,0,0
27373,1,0,0,0,0
27374,1,0,0,0,0
27375,1,0,0,0,0
27376,1,0,0,0,0
27377,1,0,0,0,0
27378,1,0,0,0,0
27379,1,0,0,0,0
27380,1,0,0,0,0
27381,1,0,0,0,0
27382,1,0,0,0,0
27383,1,0,0,0,0
27384,1,0,0,0,0
27385,1,0,0,0,0
27386,1,0,0,0,0
27387,1,0,0,0,0
27388,1,0,0,0,0
27389,0,0,0,0,1
27390,0,0,0,0,1
27391,0,0,0,0,1
27392,0,0,0,0,1
27393,0,0,0,0,1
27394,0,0,0,0,1
27395,0,0,0,0,1
27396,0,0,0,0,1
27397,0,0,0,0,1
27398,0,0,0,0,1
27399,0,0,0,0,1
27400,0,0,0,0,1
27401,0,0,0,0,1
27402,0,0,0,0,1
27403,0,0,0,0,1
27404,0,0,0,0,1
27405,0,0,0,0,1
27406,0,0,0,0,1
27407,0,0,0,0,1
27408,0,0,0,0,1
27409,0,0,0,0,1
27410,0,0,0,0,1
27411,0,0,0,0,1
27412,0,0,0,0,1
27413,0,0,0,0,1
27414,0,0,0,0,1
27415,0,0,0,0,1
27416,0,0,0,0,1
27417,0,0,0,0,1
27418,0,0,0,0,1
27419,0,0,0,0,1
27420,0,0,0,0,1
27421,0,0,0,0,1
27422,0,0,0,0,1
27423,0,0,0,0,1
27424,0,0,0,0,1
27425,0,0,0,0,1
27426,0,0,0,0,1
27427,0,0,0,0,1
27428,0,0,0,0,1
27429,0,0,0,0,1
27430,0,0,0,0,1
27431,0,0,0,0,1
27432,0,0,0,0,1
27433,0,0,0,0,1
27434,0,0,0,0,1
27435,0,0,0,0,1
27436,0,0,0,0,1
27437,0,0,0,0,1
27438,0,0,0,0,1
27439,0,0,0,0,1
27440,0,0,0,0,1
27441,0,0,0,0,1
27442,0,0,0,0,1
27443,0,0,0,0,1
27444,0,0,0,0,1
27445,0,0,0,0,1
27446,0,0,0,0,1
27447,0,0,0,0,1
27448,0,0,0,0,1
27449,0,0,0,0,1
27450,0,0,0,0,1
27451,0,0,0,0,1
27452,0,0,0,0,1
27453,0,0,0,0,1
27454,0,0,0,0,1
27455,0,0,0,0,1
27456,0,0,0,0,1
27457,0,0,0,0,1
27458,0,0,0,0,1
27459,0,0,0,0,1
27460,0,0,0,0,1
27461,0,0,0,0,1
27462,0,0,0,0,1
27463,0,0,0,0,1
27464,0,0,0,0,1
27465,0,0,0,0,1
27466,0,0,0,0,1
27467,0,0,0,0,1
27468,0,0,0,0,1
27469,0,0,0,0,1
27470,0,0,0,0,1
27471,0,0,0,0,1
27472,0,0,0,0,1
27473,0,0,0,0,1
27474,0,0,0,0,1
27475,0,0,0,0,1
27476,0,0,0,0,1
27477,0,0,0,0,1
27478,0,0,0,0,1
27479,0,0,0,0,1
27480,0,0,0,0,1
27481,0,0,0,0,1
27482,0,0,0,0,1
27483,0,0,0,0,1
27484,0,0,0,0,1
27485,0,0,0,0,1
27486,0,0,0,0,1
27487,0,0,0,0,1
27488,0,0,0,0,1
27489,0,0,0,0,1
27490,0,0,0,0,1
27491,0,0,0,0,1
27492,0,0,0,0,1
27493,0,0,0,0,1
27494,0,0,0,0,1
27495,0,0,0,0,1
27496,0,0,0,0,1
27497,0,0,0,0,1
27498,0,0,0,0,1
27499,0,0,0,0,1
27500,0,0,0,0,1
27501,0,0,0,0,1
27502,0,0,0,0,1
27503,0,0,0,0,1
27504,0,0,0,0,1
27505,0,0,0,0,1
27506,0,0,0,0,1
27507,0,0,0,0,1
27508,0,0,0,0,1
27509,0,0,0,0,1
27510,0,0,0,0,1
27511,0,0,0,0,1
27512,0,0,0,0,1
27513,0,0,0,0,1
27514,0,0,0,0,1
27515,0,0,0,0,1
27516,0,0,0,0,1
27517,0,0,0,0,1
27518,0,0,0,0,1
27519,0,0,0,0,1
27520,0,0,0,0,1
27521,0,0,0,0,1
27522,0,0,0,0,1
27523,0,0,0,0,1
27524,0,0,0,0,1
27525,0,0,0,0,1
27526,0,0,0,0,1
27527,0,0,0,0,1
27528,0,0,0,0,1
27529,0,0,0,0,1
27530,0,0,0,0,1
27531,0,0,0,0,1
27532,0,0,0,0,1
27533,0,0,0,0,1
27534,0,0,0,0,1
27535,0,0,0,0,1
27536,0,0,0,0,1
27537,0,0,0,0,1
27538,0,0,0,0,1
27539,0,0,0,0,1
27540,0,0,0,0,1
27541,0,0,0,0,1
27542,1,0,0,0,0
27543,1,0,0,0,0
27544,1,0,0,0,0
27545,1,0,0,0,0
27546,1,0,0,0,0
27547,1,0,0,0,0
27548,1,0,0,0,0
27549,1,0,0,0,0
27550,1,0,0,0,0
27551,1,0,0,0,0
27552,1,0,0,0,0
27553,1,0,0,0,0
27554,1,0,0,0,0
27555,1,0,0,0,0
27556,1,0,0,0,0
27557,1,0,0,0,0
27558,1,0,0,0,0
27559,1,0,0,0,0
27560,1,0,0,0,0
27561,1,0,0,0,0
27562,1,0,0,0,0
27563,1,0,0,0,0
27564,0,0,0,0,1
27565,0,0,0,0,1
27566,0,0,0,0,1
27567,0,0,0,0,1
27568,0,0,0,0,1
27569,0,0,0,0,1
27570,0,0,0,0,1
27571,0,0,0,0,1
27572,0,0,0,0,1
27573,0,0,0,0,1
27574,0,0,0,0,1
27575,0,0,0,0,1
27576,0,0,0,0,1
27577,0,0,0,0,1
27578,0,0,0,0,1
27579,0,0,0,0,1
27580,0,0,0,0,1
27581,0,0,0,0,1
27582,0,0,0,0,1
27583,0,0,0,0,1
27584,0,0,0,0,1
27585,0,0,0,0,1
27586,0,0,0,0,1
27587,0,0,0,0,1
27588,0,0,0,0,1
27589,0,0,0,0,1
27590,0,0,0,0,1
27591,0,0,0,0,1
27592,0,0,0,0,1
27593,0,0,0,0,1
27594,0,0,0,0,1
27595,0,0,0,0,1
27596,0,0,0,0,1
27597,0,0,0,0,1
27598,0,0,0,0,1
27599,0,0,0,0,1
27600,0,0,0,0,1
27601,0,0,0,0,1
27602,0,0,0,0,1
27603,0,0,0,0,1
27604,0,0,0,0,1
27605,0,0,0,0,1
27606,0,0,0,0,1
27607,0,0,0,0,1
27608,0,0,0,0,1
27609,0,0,0,0,1
27610,0,0,0,0,1
27611,0,0,0,0,1
27612,0,0,0,0,1
27613,0,0,0,0,1
27614,0,0,0,0,1
27615,0,0,0,0,1
27616,0,0,0,0,1
27617,0,0,0,0,1
27618,0,0,0,0,1
27619,0,0,0,0,1
27620,0,0,0,0,1
27621,0,0,0,0,1
27622,0,0,0,0,1
27623,0,0,0,0,1
27624,0,0,0,0,1
27625,0,0,0,0,1
27626,0,0,0,0,1
27627,0,0,0,0,1
27628,0,0,0,0,1
27629,0,0,0,0,1
27630,0,0,0,0,1
27631,0,0,0,0,1
27632,0,0,0,0,1
27633,0,0,0,0,1
27634,0,0,0,0,1
27635,0,0,0,0,1
27636,0,0,0,0,1
27637,0,0,0,0,1
27638,0,0,0,0,1
27639,0,0,0,0,1
27640,0,0,0,0,1
27641,0,0,0,0,1
27642,0,0,0,0,1
27643,0,0,0,0,1
27644,0,0,0,0,1
27645,0,0,0,0,1
27646,0,0,0,0,1
27647,0,0,0,0,1
27648,0,0,0,0,1
27649,0,0,0,0,1
27650,0,0,0,0,1
27651,0,0,0,0,1
27652,0,0,0,0,1
27653,1,0,0,0,0
27654,1,0,0,0,0
27655,1,0,0,0,0
27656,1,0,0,0,0
27657,1,0,0,0,0
27658,1,0,0,0,0
27659,1,0,0,0,0
27660,1,0,0,0,0
27661,1,0,0,0,0
27662,1,0,0,0,0
27663,1,0,0,0,0
27664,1,0,0,0,0
27665,1,0,0,0,0
27666,1,0,0,0,0
27667,1,0,0,0,0
27668,1,0,0,0,0
27669,1,0,0,0,0
27670,1,0,0,0,0
27671,1,0,0,0,0
27672,1,0,0,0,0
27673,1,0,0,0,0
27674,1,0,0,0,0
27675,1,0,0,0,0
27676,1,0,0,0,0
27677,1,0,0,0,0
27678,1,0,0,0,0
27679,1,0,0,0,0
27680,1,0,0,0,0
27681,1,0,0,0,0
27682,1,0,0,0,0
27683,1,0,0,0,0
27684,1,0,0,0,0
27685,1,0,0,0,0
27686,1,0,0,0,0
27687,1,0,0,0,0
27688,1,0,0,0,0
27689,1,0,0,0,0
27690,1,0,0,0,0
27691,1,0,0,0,0
27692,1,0,0,0,0
27693,1,0,0,0,0
27694,1,0,0,0,0
27695,1,0,0,0,0
27696,1,0,0,0,0
27697,1,0,0,0,0
27698,1,0,0,0,0
27699,1,0,0,0,0
27700,1,0,0,0,0
27701,1,0,0,0,0
27702,1,0,0,0,0
27703,1,0,0,0,0
27704,1,0,0,0,0
27705,1,0,0,0,0
27706,1,0,0,0,0
27707,1,0,0,0,0
27708,1,0,0,0,0
27709,1,0,0,0,0
27710,1,0,0,0,0
27711,1,0,0,0,0
27712,1,0,0,0,0
27713,1,0,0,0,0
27714,1,0,0,0,0
27715,1,0,0,0,0
27716,1,0,0,0,0
27717,1,0,0,0,0
27718,1,0,0,0,0
27719,1,0,0,0,0
27720,1,0,0,0,0
27721,1,0,0,0,0
27722,1,0,0,0,0
27723,1,0,0,0,0
27724,1,0,0,0,0
27725,1,0,0,0,0
27726,1,0,0,0,0
27727,1,0,0,0,0
27728,1,0,0,0,0
27729,1,0,0,0,0
27730,1,0,0,0,0
27731,1,0,0,0,0
27732,1,0,0,0,0
27733,1,0,0,0,0
27734,1,0,0,0,0
27735,1,0,0,0,0
27736,1,0,0,0,0
27737,1,0,0,0,0
27738,1,0,0,0,0
27739,1,0,0,0,0
27740,1,0,0,0,0
27741,1,0,0,0,0
27742,0,0,0,0,1
27743,0,0,0,0,1
27744,0,0,0,0,1
27745,0,0,0,0,1
27746,0,0,0,0,1
27747,0,0,0,0,1
27748,0,0,0,0,1
27749,0,0,0,0,1
27750,0,0,0,0,1
27751,0,0,0,0,1
27752,0,0,0,0,1
27753,0,0,0,0,1
27754,0,0,0,0,1
27755,0,0,0,0,1
27756,0,0,0,0,1
27757,0,0,0,0,1
27758,0,0,0,0,1
27759,0,0,0,0,1
27760,0,0,0,0,1
27761,0,0,0,0,1
27762,0,0,0,0,1
27763,0,0,0,0,1
27764,0,0,0,0,1
27765,0,0,0,0,1
27766,0,0,0,0,1
27767,0,0,0,0,1
27768,0,0,0,0,1
27769,0,0,0,0,1
27770,0,0,0,0,1
27771,0,0,0,0,1
27772,0,0,0,0,1
27773,0,0,0,0,1
27774,0,0,0,0,1
27775,0,0,0,0,1
27776,0,0,0,0,1
27777,0,0,0,0,1
27778,0,0,0,0,1
27779,0,0,0,0,1
27780,0,0,0,0,1
27781,0,0,0,0,1
27782,0,0,0,0,1
27783,0,0,0,0,1
27784,0,0,0,0,1
27785,0,0,0,0,1
27786,0,0,0,0,1
27787,0,0,0,0,1
27788,0,0,0,0,1
27789,1,0,0,0,0
27790,1,0,0,0,0
27791,1,0,0,0,0
27792,1,0,0,0,0
27793,1,0,0,0,0
27794,1,0,0,0,0
27795,1,0,0,0,0
27796,1,0,0,0,0
27797,1,0,0,0,0
27798,1,0,0,0,0
27799,1,0,0,0,0
27800,1,0,0,0,0
27801,1,0,0,0,0
27802,1,0,0,0,0
27803,1,0,0,0,0
27804,1,0,0,0,0
27805,1,0,0,0,0
27806,1,0,0,0,0
27807,1,0,0,0,0
27808,1,0,0,0,0
27809,1,0,0,0,0
27810,1,0,0,0,0
27811,1,0,0,0,0
27812,1,0,0,0,0
27813,0,0,0,0,1
27814,0,0,0,0,1
27815,0,0,0,0,1
27816,0,0,0,0,1
27817,0,0,0,0,1
27818,0,0,0,0,1
27819,0,0,0,0,1
27820,0,0,0,0,1
27821,0,0,0,0,1
27822,0,0,0,0,1
27823,0,0,0,0,1
27824,0,0,0,0,1
27825,0,0,0,0,1
27826,0,0,0,0,1
27827,0,0,0,0,1
27828,0,0,0,0,1
27829,0,0,0,0,1
27830,0,0,0,0,1
27831,0,0,0,0,1
27832,0,0,0,0,1
27833,0,0,0,0,1
27834,0,0,0,0,1
27835,0,0,0,0,1
27836,0,0,0,0,1
27837,0,0,0,0,1
27838,0,0,0,0,1
27839,0,0,0,0,1
27840,0,0,0,0,1
27841,0,0,0,0,1
27842,0,0,0,0,1
27843,0,0,0,0,1
27844,0,0,0,0,1
27845,0,0,0,0,1
27846,0,0,0,0,1
27847,0,0,0,0,1
27848,0,0,0,0,1
27849,0,0,0,0,1
27850,0,0,0,0,1
27851,0,0,0,0,1
27852,0,0,0,0,1
27853,0,0,0,0,1
27854,0,0,0,0,1
27855,0,0,0,0,1
27856,0,0,0,0,1
27857,0,0,0,0,1
27858,0,0,0,0,1
27859,0,0,0,0,1
27860,0,0,0,0,1
27861,0,0,0,0,1
27862,0,0,0,0,1
27863,0,0,0,0,1
27864,0,0,0,0,1
27865,0,0,0,0,1
27866,0,0,0,0,1
27867,0,0,0,0,1
27868,0,0,0,0,1
27869,0,0,0,0,1
27870,0,0,0,0,1
27871,0,0,0,0,1
27872,0,0,0,0,1
27873,0,0,0,0,1
27874,0,0,0,0,1
27875,0,0,0,0,1
27876,0,0,0,0,1
27877,0,0,0,0,1
27878,0,0,0,0,1
27879,0,0,0,0,1
27880,0,0,0,0,1
27881,0,0,0,0,1
27882,0,0,0,0,1
27883,0,0,0,0,1
27884,0,0,0,0,1
27885,0,0,0,0,1
27886,0,0,0,0,1
27887,0,0,0,0,1
27888,0,0,0,0,1
27889,0,0,0,0,1
27890,0,0,0,0,1
27891,0,0,0,0,1
27892,0,0,0,0,1
27893,0,0,0,0,1
27894,0,0,0,0,1
27895,0,0,0,0,1
27896,0,0,0,0,1
27897,0,0,0,0,1
27898,0,0,0,0,1
27899,0,0,0,0,1
27900,0,0,0,0,1
27901,0,0,0,0,1
27902,0,0,0,0,1
27903,0,0,0,0,1
27904,0,0,0,0,1
27905,0,0,0,0,1
27906,0,0,0,0,1
27907,0,0,0,0,1
27908,0,0,0,0,1
27909,0,0,0,0,1
27910,0,0,0,0,1
27911,0,0,0,0,1
27912,0,0,0,0,1
27913,0,0,0,0,1
27914,0,0,0,0,1
27915,0,0,0,0,1
27916,0,0,0,0,1
27917,0,0,0,0,1
27918,0,0,0,0,1
27919,0,0,0,0,1
27920,0,0,0,0,1
27921,0,0,0,0,1
27922,0,0,0,0,1
27923,0,0,0,0,1
27924,0,0,0,0,1
27925,0,0,0,0,1
27926,0,0,0,0,1
27927,0,0,0,0,1
27928,0,0,0,0,1
27929,0,0,0,0,1
27930,0,0,0,0,1
27931,0,0,0,0,1
27932,0,0,0,0,1
27933,0,0,0,0,1
27934,0,0,0,0,1
27935,0,0,0,0,1
27936,0,0,0,0,1
27937,0,0,0,0,1
27938,1,0,0,0,0
27939,1,0,0,0,0
27940,1,0,0,0,0
27941,1,0,0,0,0
27942,1,0,0,0,0
27943,1,0,0,0,0
27944,1,0,0,0,0
27945,1,0,0,0,0
27946,1,0,0,0,0
27947,1,0,0,0,0
27948,1,0,0,0,0
27949,1,0,0,0,0
27950,1,0,0,0,0
27951,1,0,0,0,0
27952,1,0,0,0,0
27953,1,0,0,0,0
27954,1,0,0,0,0
27955,1,0,0,0,0
27956,1,0,0,0,0
27957,1,0,0,0,0
27958,1,0,0,0,0
27959,1,0,0,0,0
27960,1,0,0,0,0
27961,1,0,0,0,0
27962,1,0,0,0,0
27963,1,0,0,0,0
27964,1,0,0,0,0
27965,1,0,0,0,0
27966,1,0,0,0,0
27967,0,0,0,0,1
27968,0,0,0,0,1
27969,0,0,0,0,1
27970,0,0,0,0,1
27971,0,0,0,0,1
27972,0,0,0,0,1
27973,0,0,0,0,1
27974,0,0,0,0,1
27975,0,0,0,0,1
27976,0,0,0,0,1
27977,0,0,0,0,1
27978,0,0,0,0,1
27979,0,0,0,0,1
27980,0,0,0,0,1
27981,0,0,0,0,1
27982,0,0,0,0,1
27983,0,0,0,0,1
27984,0,0,0,0,1
27985,0,0,0,0,1
27986,0,0,0,0,1
27987,0,0,0,0,1
27988,0,0,0,0,1
27989,0,0,0,0,1
27990,0,0,0,0,1
27991,0,0,0,0,1
27992,0,0,0,0,1
27993,0,0,0,0,1
27994,0,0,0,0,1
27995,0,0,0,0,1
27996,0,0,0,0,1
27997,0,0,0,0,1
27998,0,0,0,0,1
27999,0,0,0,0,1
28000,0,0,0,0,1
28001,0,0,0,0,1
28002,0,0,0,0,1
28003,0,0,0,0,1
28004,0,0,0,0,1
28005,0,0,0,0,1
28006,0,0,0,0,1
28007,0,0,0,0,1
28008,0,0,0,0,1
28009,0,0,0,0,1
28010,0,0,0,0,1
28011,0,0,0,0,1
28012,0,0,0,0,1
28013,0,0,0,0,1
28014,0,0,0,0,1
28015,0,0,0,0,1
28016,0,0,0,0,1
28017,0,0,0,0,1
28018,1,0,0,0,0
28019,1,0,0,0,0
28020,1,0,0,0,0
28021,1,0,0,0,0
28022,1,0,0,0,0
28023,1,0,0,0,0
28024,1,0,0,0,0
28025,1,0,0,0,0
28026,1,0,0,0,0
28027,1,0,0,0,0
28028,1,0,0,0,0
28029,1,0,0,0,0
28030,1,0,0,0,0
28031,1,0,0,0,0
28032,1,0,0,0,0
28033,1,0,0,0,0
28034,1,0,0,0,0
28035,1,0,0,0,0
28036,1,0,0,0,0
28037,1,0,0,0,0
28038,1,0,0,0,0
28039,1,0,0,0,0
28040,1,0,0,0,0
28041,1,0,0,0,0
28042,1,0,0,0,0
28043,1,0,0,0,0
28044,1,0,0,0,0
28045,1,0,0,0,0
28046,1,0,0,0,0
28047,1,0,0,0,0
28048,1,0,0,0,0
28049,1,0,0,0,0
28050,1,0,0,0,0
28051,1,0,0,0,0
28052,1,0,0,0,0
28053,1,0,0,0,0
28054,1,0,0,0,0
28055,1,0,0,0,0
28056,1,0,0,0,0
28057,1,0,0,0,0
28058,1,0,0,0,0
28059,1,0,0,0,0
28060,1,0,0,0,0
28061,1,0,0,0,0
28062,1,0,0,0,0
28063,1,0,0,0,0
28064,1,0,0,0,0
28065,1,0,0,0,0
28066,1,0,0,0,0
28067,1,0,0,0,0
28068,1,0,0,0,0
28069,1,0,0,0,0
28070,1,0,0,0,0
28071,1,0,0,0,0
28072,1,0,0,0,0
28073,1,0,0,0,0
28074,1,0,0,0,0
28075,1,0,0,0,0
28076,1,0,0,0,0
28077,1,0,0,0,0
28078,1,0,0,0,0
28079,1,0,0,0,0
28080,1,0,0,0,0
28081,1,0,0,0,0
28082,1,0,0,0,0
28083,1,0,0,0,0
28084,1,0,0,0,0
28085,1,0,0,0,0
28086,1,0,0,0,0
28087,1,0,0,0,0
28088,1,0,0,0,0
28089,1,0,0,0,0
28090,1,0,0,0,0
28091,1,0,0,0,0
28092,1,0,0,0,0
28093,1,0,0,0,0
28094,1,0,0,0,0
28095,1,0,0,0,0
28096,1,0,0,0,0
28097,1,0,0,0,0
28098,1,0,0,0,0
28099,1,0,0,0,0
28100,1,0,0,0,0
28101,1,0,0,0,0
28102,1,0,0,0,0
28103,1,0,0,0,0
28104,1,0,0,0,0
28105,1,0,0,0,0
28106,1,0,0,0,0
28107,1,0,0,0,0
28108,1,0,0,0,0
28109,1,0,0,0,0
28110,1,0,0,0,0
28111,1,0,0,0,0
28112,1,0,0,0,0
28113,1,0,0,0,0
28114,1,0,0,0,0
28115,1,0,0,0,0
28116,1,0,0,0,0
28117,1,0,0,0,0
28118,1,0,0,0,0
28119,1,0,0,0,0
28120,1,0,0,0,0
28121,1,0,0,0,0
28122,1,0,0,0,0
28123,1,0,0,0,0
28124,1,0,0,0,0
28125,1,0,0,0,0
28126,1,0,0,0,0
28127,0,0,0,0,1
28128,0,0,0,0,1
28129,0,0,0,0,1
28130,0,0,0,0,1
28131,0,0,0,0,1
28132,0,0,0,0,1
28133,0,0,0,0,1
28134,0,0,0,0,1
28135,0,0,0,0,1
28136,0,0,0,0,1
28137,0,0,0,0,1
28138,0,0,0,0,1
28139,0,0,0,0,1
28140,0,0,0,0,1
28141,0,0,0,0,1
28142,0,0,0,0,1
28143,0,0,0,0,1
28144,0,0,0,0,1
28145,0,0,0,0,1
28146,0,0,0,0,1
28147,0,0,0,0,1
28148,0,0,0,0,1
28149,0,0,0,0,1
28150,0,0,0,0,1
28151,0,0,0,0,1
28152,0,0,0,0,1
28153,0,0,0,0,1
28154,0,0,0,0,1
28155,0,0,0,0,1
28156,0,0,0,0,1
28157,0,0,0,0,1
28158,0,0,0,0,1
28159,0,0,0,0,1
28160,0,0,0,0,1
28161,0,0,0,0,1
28162,0,0,0,0,1
28163,0,0,0,0,1
28164,0,0,0,0,1
28165,0,0,0,0,1
28166,0,0,0,0,1
28167,0,0,0,0,1
28168,0,0,0,0,1
28169,0,0,0,0,1
28170,0,0,0,0,1
28171,0,0,0,0,1
28172,0,0,0,0,1
28173,0,0,0,0,1
28174,0,0,0,0,1
28175,0,0,0,0,1
28176,0,0,0,0,1
28177,0,0,0,0,1
28178,0,0,0,0,1
28179,0,0,0,0,1
28180,0,0,0,0,1
28181,0,0,0,0,1
28182,0,0,0,0,1
28183,0,0,0,0,1
28184,0,0,0,0,1
28185,0,0,0,0,1
28186,0,0,0,0,1
28187,0,0,0,0,1
28188,0,0,0,0,1
28189,0,0,0,0,1
28190,0,0,0,0,1
28191,0,0,0,0,1
28192,0,0,0,0,1
28193,0,0,0,0,1
28194,0,0,0,0,1
28195,0,0,0,0,1
28196,0,0,0,0,1
28197,0,0,0,0,1
28198,0,0,0,0,1
28199,0,0,0,0,1
28200,0,0,0,0,1
28201,0,0,0,0,1
28202,0,0,0,0,1
28203,0,0,0,0,1
28204,1,0,0,0,0
28205,0,1,0,0,0
28206,0,1,0,0,0
28207,0,1,0,0,0
28208,0,1,0,0,0
28209,0,1,0,0,0
28210,0,1,0,0,0
28211,0,1,0,0,0
28212,0,1,0,0,0
28213,0,1,0,0,0
28214,0,1,0,0,0
28215,0,1,0,0,0
28216,0,1,0,0,0
28217,0,1,0,0,0
28218,0,1,0,0,0
28219,0,1,0,0,0
28220,0,1,0,0,0
28221,0,1,0,0,0
28222,0,1,0,0,0
28223,0,1,0,0,0
28224,0,1,0,0,0
28225,0,1,0,0,0
28226,0,1,0,0,0
28227,0,1,0,0,0
28228,0,1,0,0,0
28229,0,1,0,0,0
28230,0,1,0,0,0
28231,0,1,0,0,0
28232,0,1,0,0,0
28233,0,1,0,0,0
28234,0,1,0,0,0
28235,0,1,0,0,0
28236,0,1,0,0,0
28237,0,1,0,0,0
28238,0,1,0,0,0
28239,0,1,0,0,0
28240,0,1,0,0,0
28241,0,1,0,0,0
28242,0,1,0,0,0
28243,0,1,0,0,0
28244,0,1,0,0,0
28245,0,1,0,0,0
28246,0,1,0,0,0
28247,0,1,0,0,0
28248,0,1,0,0,0
28249,0,1,0,0,0
28250,0,1,0,0,0
28251,0,1,0,0,0
28252,0,1,0,0,0
28253,0,1,0,0,0
28254,0,1,0,0,0
28255,0,1,0,0,0
28256,0,1,0,0,0
28257,0,1,0,0,0
28258,0,1,0,0,0
28259,0,1,0,0,0
28260,0,1,0,0,0
28261,0,1,0,0,0
28262,0,1,0,0,0
28263,0,1,0,0,0
28264,0,1,0,0,0
28265,0,1,0,0,0
28266,0,1,0,0,0
28267,0,1,0,0,0
28268,0,1,0,0,0
28269,0,1,0,0,0
28270,0,1,0,0,0
28271,0,1,0,0,0
28272,0,1,0,0,0
28273,0,1,0,0,0
28274,0,1,0,0,0
28275,0,1,0,0,0
28276,0,1,0,0,0
28277,0,1,0,0,0
28278,0,1,0,0,0
28279,0,1,0,0,0
28280,0,1,0,0,0
28281,0,1,0,0,0
28282,0,1,0,0,0
28283,0,1,0,0,0
28284,0,1,0,0,0
28285,0,1,0,0,0
28286,0,1,0,0,0
28287,0,1,0,0,0
28288,0,1,0,0,0
28289,0,1,0,0,0
28290,0,1,0,0,0
28291,0,1,0,0,0
28292,0,1,0,0,0
28293,0,1,0,0,0
28294,0,1,0,0,0
28295,0,1,0,0,0
28296,0,1,0,0,0
28297,0,1,0,0,0
28298,0,1,0,0,0
28299,0,1,0,0,0
28300,0,1,0,0,0
28301,0,1,0,0,0
28302,0,1,0,0,0
28303,0,1,0,0,0
28304,1,0,0,0,0
28305,1,0,0,0,0
28306,1,0,0,0,0
28307,1,0,0,0,0
28308,1,0,0,0,0
28309,1,0,0,0,0
28310,1,0,0,0,0
28311,1,0,0,0,0
28312,1,0,0,0,0
28313,1,0,0,0,0
28314,1,0,0,0,0
28315,1,0,0,0,0
28316,1,0,0,0,0
28317,1,0,0,0,0
28318,1,0,0,0,0
28319,1,0,0,0,0
28320,1,0,0,0,0
28321,1,0,0,0,0
28322,1,0,0,0,0
28323,1,0,0,0,0
28324,1,0,0,0,0
28325,1,0,0,0,0
28326,1,0,0,0,0
28327,1,0,0,0,0
28328,1,0,0,0,0
28329,1,0,0,0,0
28330,1,0,0,0,0
28331,1,0,0,0,0
28332,1,0,0,0,0
28333,1,0,0,0,0
28334,1,0,0,0,0
28335,1,0,0,0,0
28336,1,0,0,0,0
28337,1,0,0,0,0
28338,1,0,0,0,0
28339,1,0,0,0,0
28340,1,0,0,0,0
28341,1,0,0,0,0
28342,1,0,0,0,0
28343,0,1,0,0,0
28344,0,1,0,0,0
28345,0,1,0,0,0
28346,0,1,0,0,0
28347,0,1,0,0,0
28348,0,1,0,0,0
28349,0,1,0,0,0
28350,0,1,0,0,0
28351,0,1,0,0,0
28352,0,1,0,0,0
28353,0,1,0,0,0
28354,0,1,0,0,0
28355,0,1,0,0,0
28356,0,1,0,0,0
28357,0,1,0,0,0
28358,0,1,0,0,0
28359,0,1,0,0,0
28360,0,1,0,0,0
28361,0,1,0,0,0
28362,0,1,0,0,0
28363,0,1,0,0,0
28364,0,1,0,0,0
28365,0,1,0,0,0
28366,0,1,0,0,0
28367,0,1,0,0,0
28368,0,1,0,0,0
28369,0,1,0,0,0
28370,0,1,0,0,0
28371,0,1,0,0,0
28372,0,1,0,0,0
28373,0,1,0,0,0
28374,0,1,0,0,0
28375,0,1,0,0,0
28376,0,1,0,0,0
28377,0,1,0,0,0
28378,0,1,0,0,0
28379,0,1,0,0,0
28380,0,1,0,0,0
28381,0,1,0,0,0
28382,0,1,0,0,0
28383,0,1,0,0,0
28384,0,1,0,0,0
28385,0,1,0,0,0
28386,0,1,0,0,0
28387,0,1,0,0,0
28388,0,1,0,0,0
28389,0,1,0,0,0
28390,0,1,0,0,0
28391,0,1,0,0,0
28392,0,1,0,0,0
28393,0,1,0,0,0
28394,0,1,0,0,0
28395,0,1,0,0,0
28396,0,1,0,0,0
28397,0,1,0,0,0
28398,0,1,0,0,0
28399,0,1,0,0,0
28400,0,1,0,0,0
28401,0,1,0,0,0
28402,0,1,0,0,0
28403,0,1,0,0,0
28404,0,1,0,0,0
28405,0,1,0,0,0
28406,0,1,0,0,0
28407,0,1,0,0,0
28408,0,1,0,0,0
28409,0,1,0,0,0
28410,0,1,0,0,0
28411,0,1,0,0,0
28412,0,1,0,0,0
28413,0,1,0,0,0
28414,0,1,0,0,0
28415,0,1,0,0,0
28416,0,1,0,0,0
28417,0,1,0,0,0
28418,0,1,0,0,0
28419,0,1,0,0,0
28420,0,1,0,0,0
28421,0,1,0,0,0
28422,0,1,0,0,0
28423,0,1,0,0,0
28424,0,1,0,0,0
28425,0,1,0,0,0
28426,0,1,0,0,0
28427,0,1,0,0,0
28428,0,1,0,0,0
28429,0,1,0,0,0
28430,0,1,0,0,0
28431,0,1,0,0,0
28432,0,1,0,0,0
28433,0,1,0,0,0
28434,0,1,0,0,0
28435,0,1,0,0,0
28436,1,0,0,0,0
28437,1,0,0,0,0
28438,1,0,0,0,0
28439,1,0,0,0,0
28440,1,0,0,0,0
28441,1,0,0,0,0
28442,1,0,0,0,0
28443,1,0,0,0,0
28444,1,0,0,0,0
28445,1,0,0,0,0
28446,1,0,0,0,0
28447,1,0,0,0,0
28448,1,0,0,0,0
28449,1,0,0,0,0
28450,1,0,0,0,0
28451,1,0,0,0,0
28452,1,0,0,0,0
28453,1,0,0,0,0
28454,1,0,0,0,0
28455,1,0,0,0,0
28456,1,0,0,0,0
28457,1,0,0,0,0
28458,1,0,0,0,0
28459,1,0,0,0,0
28460,1,0,0,0,0
28461,1,0,0,0,0
28462,1,0,0,0,0
28463,1,0,0,0,0
28464,1,0,0,0,0
28465,1,0,0,0,0
28466,1,0,0,0,0
28467,1,0,0,0,0
28468,1,0,0,0,0
28469,1,0,0,0,0
28470,1,0,0,0,0
28471,1,0,0,0,0
28472,1,0,0,0,0
28473,1,0,0,0,0
28474,1,0,0,0,0
28475,1,0,0,0,0
28476,1,0,0,0,0
28477,1,0,0,0,0
28478,1,0,0,0,0
28479,1,0,0,0,0
28480,1,0,0,0,0
28481,1,0,0,0,0
28482,1,0,0,0,0
28483,1,0,0,0,0
28484,1,0,0,0,0
28485,1,0,0,0,0
28486,1,0,0,0,0
28487,1,0,0,0,0
28488,1,0,0,0,0
28489,1,0,0,0,0
28490,1,0,0,0,0
28491,1,0,0,0,0
28492,1,0,0,0,0
28493,1,0,0,0,0
28494,1,0,0,0,0
28495,1,0,0,0,0
28496,1,0,0,0,0
28497,1,0,0,0,0
28498,1,0,0,0,0
28499,1,0,0,0,0
28500,1,0,0,0,0
28501,1,0,0,0,0
28502,1,0,0,0,0
28503,1,0,0,0,0
28504,1,0,0,0,0
28505,1,0,0,0,0
28506,1,0,0,0,0
28507,1,0,0,0,0
28508,1,0,0,0,0
28509,1,0,0,0,0
28510,1,0,0,0,0
28511,1,0,0,0,0
28512,1,0,0,0,0
28513,1,0,0,0,0
28514,1,0,0,0,0
28515,1,0,0,0,0
28516,1,0,0,0,0
28517,1,0,0,0,0
28518,1,0,0,0,0
28519,1,0,0,0,0
28520,1,0,0,0,0
28521,1,0,0,0,0
28522,1,0,0,0,0
28523,1,0,0,0,0
28524,1,0,0,0,0
28525,1,0,0,0,0
28526,1,0,0,0,0
28527,1,0,0,0,0
28528,1,0,0,0,0
28529,1,0,0,0,0
28530,1,0,0,0,0
28531,1,0,0,0,0
28532,1,0,0,0,0
28533,1,0,0,0,0
28534,1,0,0,0,0
28535,1,0,0,0,0
28536,1,0,0,0,0
28537,1,0,0,0,0
28538,1,0,0,0,0
28539,1,0,0,0,0
28540,1,0,0,0,0
28541,1,0,0,0,0
28542,1,0,0,0,0
28543,1,0,0,0,0
28544,1,0,0,0,0
28545,1,0,0,0,0
28546,1,0,0,0,0
28547,1,0,0,0,0
28548,1,0,0,0,0
28549,1,0,0,0,0
28550,1,0,0,0,0
28551,1,0,0,0,0
28552,1,0,0,0,0
28553,1,0,0,0,0
28554,1,0,0,0,0
28555,1,0,0,0,0
28556,1,0,0,0,0
28557,1,0,0,0,0
28558,1,0,0,0,0
28559,1,0,0,0,0
28560,1,0,0,0,0
28561,1,0,0,0,0
28562,1,0,0,0,0
28563,1,0,0,0,0
28564,1,0,0,0,0
28565,1,0,0,0,0
28566,1,0,0,0,0
28567,1,0,0,0,0
28568,1,0,0,0,0
28569,1,0,0,0,0
28570,1,0,0,0,0
28571,1,0,0,0,0
28572,1,0,0,0,0
28573,1,0,0,0,0
28574,1,0,0,0,0
28575,1,0,0,0,0
28576,1,0,0,0,0
28577,1,0,0,0,0
28578,1,0,0,0,0
28579,1,0,0,0,0
28580,1,0,0,0,0
28581,1,0,0,0,0
28582,1,0,0,0,0
28583,1,0,0,0,0
28584,1,0,0,0,0
28585,1,0,0,0,0
28586,1,0,0,0,0
28587,1,0,0,0,0
28588,1,0,0,0,0
28589,1,0,0,0,0
28590,1,0,0,0,0
28591,1,0,0,0,0
28592,1,0,0,0,0
28593,1,0,0,0,0
28594,1,0,0,0,0
28595,1,0,0,0,0
28596,1,0,0,0,0
28597,1,0,0,0,0
28598,1,0,0,0,0
28599,1,0,0,0,0
28600,1,0,0,0,0
28601,1,0,0,0,0
28602,1,0,0,0,0
28603,1,0,0,0,0
28604,1,0,0,0,0
28605,1,0,0,0,0
28606,1,0,0,0,0
28607,1,0,0,0,0
28608,1,0,0,0,0
28609,1,0,0,0,0
28610,1,0,0,0,0
28611,1,0,0,0,0
28612,1,0,0,0,0
28613,1,0,0,0,0
28614,1,0,0,0,0
28615,1,0,0,0,0
28616,1,0,0,0,0
28617,1,0,0,0,0
28618,1,0,0,0,0
28619,1,0,0,0,0
28620,1,0,0,0,0
28621,1,0,0,0,0
28622,0,0,0,0,1
28623,0,0,0,0,1
28624,0,0,0,0,1
28625,0,0,0,0,1
28626,0,0,0,0,1
28627,0,0,0,0,1
28628,0,0,0,0,1
28629,0,0,0,0,1
28630,0,0,0,0,1
28631,0,0,0,0,1
28632,0,0,0,0,1
28633,0,0,0,0,1
28634,0,0,0,0,1
28635,0,0,0,0,1
28636,0,0,0,0,1
28637,0,0,0,0,1
28638,0,0,0,0,1
28639,0,0,0,0,1
28640,0,0,0,0,1
28641,0,0,0,0,1
28642,0,0,0,0,1
28643,0,0,0,0,1
28644,0,0,0,0,1
28645,0,0,0,0,1
28646,0,0,0,0,1
28647,0,0,0,0,1
28648,0,0,0,0,1
28649,0,0,0,0,1
28650,0,0,0,0,1
28651,0,0,0,0,1
28652,0,0,0,0,1
28653,0,0,0,0,1
28654,0,0,0,0,1
28655,0,0,0,0,1
28656,0,0,0,0,1
28657,0,0,0,0,1
28658,0,0,0,0,1
28659,0,0,0,0,1
28660,0,0,0,0,1
28661,0,0,0,0,1
28662,0,0,0,0,1
28663,0,0,0,0,1
28664,0,0,0,0,1
28665,0,0,0,0,1
28666,0,0,0,0,1
28667,0,0,0,0,1
28668,0,0,0,0,1
28669,0,0,0,0,1
28670,0,0,0,0,1
28671,0,0,0,0,1
28672,0,0,0,0,1
28673,0,0,0,0,1
28674,0,0,0,0,1
28675,0,0,0,0,1
28676,0,0,0,0,1
28677,0,0,0,0,1
28678,0,0,0,0,1
28679,0,0,0,0,1
28680,0,0,0,0,1
28681,0,0,0,0,1
28682,0,0,0,0,1
28683,0,0,0,0,1
28684,0,0,0,0,1
28685,0,0,0,0,1
28686,0,0,0,0,1
28687,0,0,0,0,1
28688,0,0,0,0,1
28689,0,0,0,0,1
28690,0,0,0,0,1
28691,0,0,0,0,1
28692,0,0,0,0,1
28693,0,0,0,0,1
28694,0,0,0,0,1
28695,0,0,0,0,1
28696,0,0,0,0,1
28697,0,0,0,0,1
28698,0,0,0,0,1
28699,0,0,0,0,1
28700,0,0,0,0,1
28701,0,0,0,0,1
28702,0,0,0,0,1
28703,0,0,0,0,1
28704,0,0,0,0,1
28705,0,0,0,0,1
28706,0,0,0,0,1
28707,0,0,0,0,1
28708,0,0,0,1,0
28709,0,0,0,1,0
28710,0,0,0,1,0
28711,0,0,0,1,0
28712,0,0,0,1,0
28713,0,0,0,1,0
28714,0,0,0,1,0
28715,0,0,0,1,0
28716,0,0,0,1,0
28717,0,0,0,1,0
28718,0,0,0,1,0
28719,0,0,0,1,0
28720,0,0,0,1,0
28721,1,0,0,0,0
28722,1,0,0,0,0
28723,1,0,0,0,0
28724,1,0,0,0,0
28725,1,0,0,0,0
28726,1,0,0,0,0
28727,1,0,0,0,0
28728,1,0,0,0,0
28729,1,0,0,0,0
28730,1,0,0,0,0
28731,1,0,0,0,0
28732,1,0,0,0,0
28733,1,0,0,0,0
28734,1,0,0,0,0
28735,1,0,0,0,0
28736,1,0,0,0,0
28737,1,0,0,0,0
28738,1,0,0,0,0
28739,1,0,0,0,0
28740,1,0,0,0,0
28741,1,0,0,0,0
28742,1,0,0,0,0
28743,1,0,0,0,0
28744,1,0,0,0,0
28745,1,0,0,0,0
28746,1,0,0,0,0
28747,1,0,0,0,0
28748,1,0,0,0,0
28749,1,0,0,0,0
28750,1,0,0,0,0
28751,1,0,0,0,0
28752,1,0,0,0,0
28753,1,0,0,0,0
28754,1,0,0,0,0
28755,1,0,0,0,0
28756,1,0,0,0,0
28757,1,0,0,0,0
28758,1,0,0,0,0
28759,1,0,0,0,0
28760,1,0,0,0,0
28761,1,0,0,0,0
28762,1,0,0,0,0
28763,1,0,0,0,0
28764,1,0,0,0,0
28765,1,0,0,0,0
28766,1,0,0,0,0
28767,1,0,0,0,0
28768,1,0,0,0,0
28769,1,0,0,0,0
28770,1,0,0,0,0
28771,1,0,0,0,0
28772,1,0,0,0,0
28773,1,0,0,0,0
28774,1,0,0,0,0
28775,1,0,0,0,0
28776,1,0,0,0,0
28777,1,0,0,0,0
28778,1,0,0,0,0
28779,1,0,0,0,0
28780,1,0,0,0,0
28781,1,0,0,0,0
28782,1,0,0,0,0
28783,1,0,0,0,0
28784,1,0,0,0,0
28785,1,0,0,0,0
28786,1,0,0,0,0
28787,1,0,0,0,0
28788,1,0,0,0,0
28789,1,0,0,0,0
28790,1,0,0,0,0
28791,1,0,0,0,0
28792,1,0,0,0,0
28793,1,0,0,0,0
28794,1,0,0,0,0
28795,1,0,0,0,0
28796,1,0,0,0,0
28797,1,0,0,0,0
28798,1,0,0,0,0
28799,1,0,0,0,0
28800,1,0,0,0,0
28801,1,0,0,0,0
28802,1,0,0,0,0
28803,1,0,0,0,0
28804,1,0,0,0,0
28805,1,0,0,0,0
28806,1,0,0,0,0
28807,1,0,0,0,0
28808,1,0,0,0,0
28809,1,0,0,0,0
28810,1,0,0,0,0
28811,1,0,0,0,0
28812,1,0,0,0,0
28813,1,0,0,0,0
28814,1,0,0,0,0
28815,1,0,0,0,0
28816,1,0,0,0,0
28817,1,0,0,0,0
28818,1,0,0,0,0
28819,1,0,0,0,0
28820,1,0,0,0,0
28821,1,0,0,0,0
28822,1,0,0,0,0
28823,1,0,0,0,0
28824,1,0,0,0,0
28825,1,0,0,0,0
28826,1,0,0,0,0
28827,1,0,0,0,0
28828,1,0,0,0,0
28829,1,0,0,0,0
28830,1,0,0,0,0
28831,1,0,0,0,0
28832,1,0,0,0,0
28833,1,0,0,0,0
28834,0,1,0,0,0
28835,0,1,0,0,0
28836,0,1,0,0,0
28837,0,1,0,0,0
28838,0,1,0,0,0
28839,0,1,0,0,0
28840,0,1,0,0,0
28841,0,1,0,0,0
28842,0,1,0,0,0
28843,0,1,0,0,0
28844,0,1,0,0,0
28845,0,1,0,0,0
28846,0,1,0,0,0
28847,0,1,0,0,0
28848,0,1,0,0,0
28849,0,1,0,0,0
28850,0,1,0,0,0
28851,0,1,0,0,0
28852,0,1,0,0,0
28853,0,1,0,0,0
28854,0,1,0,0,0
28855,0,1,0,0,0
28856,0,1,0,0,0
28857,0,1,0,0,0
28858,0,1,0,0,0
28859,0,1,0,0,0
28860,0,1,0,0,0
28861,0,1,0,0,0
28862,0,1,0,0,0
28863,0,1,0,0,0
28864,0,1,0,0,0
28865,0,1,0,0,0
28866,0,1,0,0,0
28867,0,1,0,0,0
28868,0,1,0,0,0
28869,0,1,0,0,0
28870,0,1,0,0,0
28871,0,1,0,0,0
28872,0,1,0,0,0
28873,0,1,0,0,0
28874,0,1,0,0,0
28875,0,1,0,0,0
28876,0,1,0,0,0
28877,0,1,0,0,0
28878,0,1,0,0,0
28879,0,1,0,0,0
28880,0,1,0,0,0
28881,0,1,0,0,0
28882,0,1,0,0,0
28883,0,1,0,0,0
28884,0,1,0,0,0
28885,0,1,0,0,0
28886,0,1,0,0,0
28887,0,1,0,0,0
28888,0,1,0,0,0
28889,0,1,0,0,0
28890,0,1,0,0,0
28891,0,1,0,0,0
28892,0,1,0,0,0
28893,0,1,0,0,0
28894,0,1,0,0,0
28895,0,1,0,0,0
28896,0,1,0,0,0
28897,0,1,0,0,0
28898,0,1,0,0,0
28899,0,1,0,0,0
28900,1,0,0,0,0
28901,1,0,0,0,0
28902,1,0,0,0,0
28903,1,0,0,0,0
28904,1,0,0,0,0
28905,1,0,0,0,0
28906,1,0,0,0,0
28907,1,0,0,0,0
28908,1,0,0,0,0
28909,1,0,0,0,0
28910,1,0,0,0,0
28911,1,0,0,0,0
28912,1,0,0,0,0
28913,1,0,0,0,0
28914,1,0,0,0,0
28915,1,0,0,0,0
28916,1,0,0,0,0
28917,1,0,0,0,0
28918,1,0,0,0,0
28919,1,0,0,0,0
28920,1,0,0,0,0
28921,1,0,0,0,0
28922,1,0,0,0,0
28923,1,0,0,0,0
28924,1,0,0,0,0
28925,1,0,0,0,0
28926,1,0,0,0,0
28927,1,0,0,0,0
28928,1,0,0,0,0
28929,1,0,0,0,0
28930,1,0,0,0,0
28931,1,0,0,0,0
28932,1,0,0,0,0
28933,1,0,0,0,0
28934,1,0,0,0,0
28935,1,0,0,0,0
28936,1,0,0,0,0
28937,1,0,0,0,0
28938,1,0,0,0,0
28939,1,0,0,0,0
28940,1,0,0,0,0
28941,1,0,0,0,0
28942,1,0,0,0,0
28943,1,0,0,0,0
28944,1,0,0,0,0
28945,1,0,0,0,0
28946,1,0,0,0,0
28947,1,0,0,0,0
28948,1,0,0,0,0
28949,1,0,0,0,0
28950,1,0,0,0,0
28951,1,0,0,0,0
28952,1,0,0,0,0
28953,1,0,0,0,0
28954,1,0,0,0,0
28955,1,0,0,0,0
28956,1,0,0,0,0
28957,1,0,0,0,0
28958,1,0,0,0,0
28959,1,0,0,0,0
28960,1,0,0,0,0
28961,1,0,0,0,0
28962,1,0,0,0,0
28963,1,0,0,0,0
28964,1,0,0,0,0
28965,1,0,0,0,0
28966,1,0,0,0,0
28967,1,0,0,0,0
28968,1,0,0,0,0
28969,1,0,0,0,0
28970,1,0,0,0,0
28971,1,0,0,0,0
28972,1,0,0,0,0
28973,1,0,0,0,0
28974,1,0,0,0,0
28975,1,0,0,0,0
28976,1,0,0,0,0
28977,1,0,0,0,0
28978,1,0,0,0,0
28979,1,0,0,0,0
28980,1,0,0,0,0
28981,1,0,0,0,0
28982,1,0,0,0,0
28983,1,0,0,0,0
28984,1,0,0,0,0
28985,1,0,0,0,0
28986,1,0,0,0,0
28987,1,0,0,0,0
28988,1,0,0,0,0
28989,1,0,0,0,0
28990,1,0,0,0,0
28991,1,0,0,0,0
28992,1,0,0,0,0
28993,1,0,0,0,0
28994,1,0,0,0,0
28995,1,0,0,0,0
28996,1,0,0,0,0
28997,1,0,0,0,0
28998,1,0,0,0,0
28999,1,0,0,0,0
29000,1,0,0,0,0
29001,1,0,0,0,0
29002,1,0,0,0,0
29003,1,0,0,0,0
29004,1,0,0,0,0
29005,1,0,0,0,0
29006,1,0,0,0,0
29007,1,0,0,0,0
29008,1,0,0,0,0
29009,1,0,0,0,0
29010,1,0,0,0,0
29011,1,0,0,0,0
29012,1,0,0,0,0
29013,1,0,0,0,0
29014,1,0,0,0,0
29015,1,0,0,0,0
29016,1,0,0,0,0
29017,1,0,0,0,0
29018,1,0,0,0,0
29019,1,0,0,0,0
29020,1,0,0,0,0
29021,1,0,0,0,0
29022,1,0,0,0,0
29023,1,0,0,0,0
29024,1,0,0,0,0
29025,1,0,0,0,0
29026,1,0,0,0,0
29027,1,0,0,0,0
29028,1,0,0,0,0
29029,1,0,0,0,0
29030,1,0,0,0,0
29031,1,0,0,0,0
29032,1,0,0,0,0
29033,1,0,0,0,0
29034,1,0,0,0,0
29035,1,0,0,0,0
29036,1,0,0,0,0
29037,1,0,0,0,0
29038,1,0,0,0,0
29039,0,0,0,0,1
29040,0,0,0,0,1
29041,0,0,0,0,1
29042,0,0,0,0,1
29043,0,0,0,0,1
29044,0,0,0,0,1
29045,0,0,0,0,1
29046,0,0,0,0,1
29047,0,0,0,0,1
29048,0,0,0,0,1
29049,0,0,0,0,1
29050,0,0,0,0,1
29051,0,0,0,0,1
29052,0,0,0,0,1
29053,0,0,0,0,1
29054,0,0,0,0,1
29055,0,0,0,0,1
29056,0,0,0,0,1
29057,0,0,0,0,1
29058,0,0,0,0,1
29059,0,0,0,0,1
29060,0,0,0,0,1
29061,0,0,0,0,1
29062,0,0,0,0,1
29063,0,0,0,0,1
29064,0,0,0,0,1
29065,0,0,0,0,1
29066,0,0,0,0,1
29067,0,0,0,0,1
29068,0,0,0,0,1
29069,0,0,0,0,1
29070,0,0,0,0,1
29071,0,0,0,0,1
29072,0,0,0,0,1
29073,0,0,0,0,1
29074,0,0,0,0,1
29075,0,0,0,0,1
29076,0,0,0,0,1
29077,0,0,0,0,1
29078,0,0,0,0,1
29079,0,0,0,0,1
29080,0,0,0,0,1
29081,0,0,0,0,1
29082,0,0,0,0,1
29083,0,0,0,0,1
29084,0,0,0,0,1
29085,0,0,0,0,1
29086,0,0,0,0,1
29087,0,0,0,0,1
29088,0,0,0,0,1
29089,0,0,0,0,1
29090,0,0,0,0,1
29091,0,0,0,0,1
29092,0,0,0,0,1
29093,0,0,0,0,1
29094,0,0,0,0,1
29095,0,0,0,0,1
29096,0,0,0,0,1
29097,0,0,0,0,1
29098,0,0,0,0,1
29099,0,0,0,0,1
29100,0,0,0,0,1
29101,0,0,0,0,1
29102,0,0,0,0,1
29103,0,0,0,0,1
29104,0,0,0,0,1
29105,0,0,0,0,1
29106,0,0,0,0,1
29107,0,0,0,0,1
29108,0,0,0,0,1
29109,0,0,0,0,1
29110,0,0,0,0,1
29111,0,0,0,0,1
29112,0,0,0,0,1
29113,0,0,0,0,1
29114,0,0,0,0,1
29115,0,0,0,0,1
29116,0,0,0,0,1
29117,0,0,0,0,1
29118,0,0,0,0,1
29119,0,0,0,0,1
29120,0,0,0,0,1
29121,0,0,0,0,1
29122,0,0,0,0,1
29123,0,0,0,0,1
29124,0,0,0,0,1
29125,0,0,0,0,1
29126,0,0,0,0,1
29127,0,0,0,0,1
29128,1,0,0,0,0
29129,1,0,0,0,0
29130,1,0,0,0,0
29131,1,0,0,0,0
29132,1,0,0,0,0
29133,1,0,0,0,0
29134,1,0,0,0,0
29135,1,0,0,0,0
29136,1,0,0,0,0
29137,1,0,0,0,0
29138,1,0,0,0,0
29139,1,0,0,0,0
29140,1,0,0,0,0
29141,1,0,0,0,0
29142,1,0,0,0,0
29143,1,0,0,0,0
29144,1,0,0,0,0
29145,1,0,0,0,0
29146,1,0,0,0,0
29147,1,0,0,0,0
29148,1,0,0,0,0
29149,1,0,0,0,0
29150,1,0,0,0,0
29151,1,0,0,0,0
29152,1,0,0,0,0
29153,1,0,0,0,0
29154,1,0,0,0,0
29155,1,0,0,0,0
29156,1,0,0,0,0
29157,1,0,0,0,0
29158,1,0,0,0,0
29159,1,0,0,0,0
29160,1,0,0,0,0
29161,1,0,0,0,0
29162,1,0,0,0,0
29163,1,0,0,0,0
29164,1,0,0,0,0
29165,1,0,0,0,0
29166,1,0,0,0,0
29167,1,0,0,0,0
29168,1,0,0,0,0
29169,1,0,0,0,0
29170,1,0,0,0,0
29171,1,0,0,0,0
29172,1,0,0,0,0
29173,1,0,0,0,0
29174,1,0,0,0,0
29175,1,0,0,0,0
29176,1,0,0,0,0
29177,1,0,0,0,0
29178,1,0,0,0,0
29179,1,0,0,0,0
29180,1,0,0,0,0
29181,1,0,0,0,0
29182,1,0,0,0,0
29183,1,0,0,0,0
29184,1,0,0,0,0
29185,1,0,0,0,0
29186,1,0,0,0,0
29187,1,0,0,0,0
29188,1,0,0,0,0
29189,1,0,0,0,0
29190,1,0,0,0,0
29191,1,0,0,0,0
29192,1,0,0,0,0
29193,1,0,0,0,0
29194,1,0,0,0,0
29195,1,0,0,0,0
29196,1,0,0,0,0
29197,1,0,0,0,0
29198,1,0,0,0,0
29199,1,0,0,0,0
29200,1,0,0,0,0
29201,1,0,0,0,0
29202,1,0,0,0,0
29203,1,0,0,0,0
29204,1,0,0,0,0
29205,1,0,0,0,0
29206,1,0,0,0,0
29207,1,0,0,0,0
29208,1,0,0,0,0
29209,1,0,0,0,0
29210,1,0,0,0,0
29211,1,0,0,0,0
29212,1,0,0,0,0
29213,1,0,0,0,0
29214,1,0,0,0,0
29215,1,0,0,0,0
29216,1,0,0,0,0
29217,1,0,0,0,0
29218,1,0,0,0,0
29219,1,0,0,0,0
29220,1,0,0,0,0
29221,1,0,0,0,0
29222,1,0,0,0,0
29223,1,0,0,0,0
29224,1,0,0,0,0
29225,1,0,0,0,0
29226,1,0,0,0,0
29227,1,0,0,0,0
29228,1,0,0,0,0
29229,1,0,0,0,0
29230,1,0,0,0,0
29231,1,0,0,0,0
29232,1,0,0,0,0
29233,1,0,0,0,0
29234,1,0,0,0,0
29235,1,0,0,0,0
29236,1,0,0,0,0
29237,1,0,0,0,0
29238,1,0,0,0,0
29239,1,0,0,0,0
29240,1,0,0,0,0
29241,1,0,0,0,0
29242,1,0,0,0,0
29243,1,0,0,0,0
29244,1,0,0,0,0
29245,1,0,0,0,0
29246,1,0,0,0,0
29247,1,0,0,0,0
29248,1,0,0,0,0
29249,1,0,0,0,0
29250,1,0,0,0,0
29251,1,0,0,0,0
29252,1,0,0,0,0
29253,1,0,0,0,0
29254,1,0,0,0,0
29255,1,0,0,0,0
29256,1,0,0,0,0
29257,1,0,0,0,0
29258,1,0,0,0,0
29259,1,0,0,0,0
29260,1,0,0,0,0
29261,1,0,0,0,0
29262,1,0,0,0,0
29263,1,0,0,0,0
29264,1,0,0,0,0
29265,1,0,0,0,0
29266,1,0,0,0,0
29267,1,0,0,0,0
29268,1,0,0,0,0
29269,1,0,0,0,0
29270,1,0,0,0,0
29271,1,0,0,0,0
29272,1,0,0,0,0
29273,1,0,0,0,0
29274,1,0,0,0,0
29275,1,0,0,0,0
29276,1,0,0,0,0
29277,1,0,0,0,0
29278,1,0,0,0,0
29279,1,0,0,0,0
29280,1,0,0,0,0
29281,1,0,0,0,0
29282,1,0,0,0,0
29283,1,0,0,0,0
29284,1,0,0,0,0
29285,1,0,0,0,0
29286,1,0,0,0,0
29287,1,0,0,0,0
29288,1,0,0,0,0
29289,1,0,0,0,0
29290,1,0,0,0,0
29291,1,0,0,0,0
29292,1,0,0,0,0
29293,1,0,0,0,0
29294,1,0,0,0,0
29295,1,0,0,0,0
29296,1,0,0,0,0
29297,1,0,0,0,0
29298,1,0,0,0,0
29299,1,0,0,0,0
29300,1,0,0,0,0
29301,1,0,0,0,0
29302,1,0,0,0,0
29303,1,0,0,0,0
29304,1,0,0,0,0
29305,1,0,0,0,0
29306,1,0,0,0,0
29307,0,0,0,0,1
29308,0,0,0,0,1
29309,0,0,0,0,1
29310,0,0,0,0,1
29311,0,0,0,0,1
29312,0,0,0,0,1
29313,0,0,0,0,1
29314,0,0,0,0,1
29315,0,0,0,0,1
29316,0,0,0,0,1
29317,0,0,0,0,1
29318,0,0,0,0,1
29319,0,0,0,0,1
29320,0,0,0,0,1
29321,0,0,0,0,1
29322,0,0,0,0,1
29323,0,0,0,0,1
29324,0,0,0,0,1
29325,0,0,0,0,1
29326,0,0,0,0,1
29327,0,0,0,0,1
29328,0,0,0,0,1
29329,0,0,0,0,1
29330,0,0,0,0,1
29331,0,0,0,0,1
29332,0,0,0,0,1
29333,0,0,0,0,1
29334,0,0,0,0,1
29335,0,0,0,0,1
29336,0,0,0,0,1
29337,0,0,0,0,1
29338,0,0,0,0,1
29339,0,0,0,0,1
29340,0,0,0,0,1
29341,0,0,0,0,1
29342,0,0,0,0,1
29343,0,0,0,0,1
29344,0,0,0,0,1
29345,0,0,0,0,1
29346,0,0,0,0,1
29347,0,0,0,0,1
29348,0,0,0,0,1
29349,0,0,0,0,1
29350,0,0,0,0,1
29351,0,0,0,0,1
29352,0,0,0,0,1
29353,0,0,0,0,1
29354,0,0,0,0,1
29355,0,0,0,0,1
29356,0,0,0,0,1
29357,0,0,0,0,1
29358,0,0,0,0,1
29359,0,0,0,0,1
29360,0,0,0,0,1
29361,0,0,0,0,1
29362,0,0,0,0,1
29363,0,0,0,0,1
29364,0,0,0,0,1
29365,0,0,0,0,1
29366,0,0,0,0,1
29367,0,0,0,0,1
29368,0,0,0,0,1
29369,0,0,0,0,1
29370,0,0,0,0,1
29371,0,0,0,0,1
29372,0,0,0,0,1
29373,0,0,0,0,1
29374,0,0,0,0,1
29375,0,0,0,0,1
29376,0,0,0,0,1
29377,0,0,0,0,1
29378,0,0,0,0,1
29379,0,0,0,0,1
29380,0,0,0,0,1
29381,0,0,0,0,1
29382,0,0,0,0,1
29383,0,0,0,0,1
29384,0,0,0,0,1
29385,0,0,0,0,1
29386,0,0,0,0,1
29387,0,0,0,0,1
29388,0,0,0,0,1
29389,0,0,0,0,1
29390,0,0,0,0,1
29391,0,0,0,0,1
29392,0,0,0,0,1
29393,0,0,0,0,1
29394,0,0,0,0,1
29395,0,0,0,0,1
29396,0,0,0,0,1
29397,0,0,0,0,1
29398,0,0,0,0,1
29399,0,0,0,0,1
29400,0,0,0,0,1
29401,0,0,0,0,1
29402,0,0,0,0,1
29403,0,0,0,0,1
29404,0,0,0,0,1
29405,0,0,0,0,1
29406,0,0,0,0,1
29407,0,0,0,0,1
29408,0,0,0,0,1
29409,0,0,0,0,1
29410,0,0,0,0,1
29411,0,0,0,0,1
29412,0,0,0,0,1
29413,0,0,0,0,1
29414,0,0,0,0,1
29415,0,0,0,0,1
29416,0,0,0,0,1
29417,0,0,0,0,1
29418,0,0,0,0,1
29419,0,0,0,0,1
29420,0,0,0,0,1
29421,0,0,0,0,1
29422,0,0,0,0,1
29423,0,0,0,0,1
29424,0,0,0,0,1
29425,0,0,0,0,1
29426,0,0,0,0,1
29427,0,0,0,0,1
29428,0,0,0,0,1
29429,0,0,0,0,1
29430,0,0,0,0,1
29431,0,0,0,0,1
29432,0,0,0,0,1
29433,0,0,0,0,1
29434,0,0,0,0,1
29435,0,0,0,0,1
29436,0,0,0,0,1
29437,0,0,0,0,1
29438,0,0,0,0,1
29439,0,0,0,0,1
29440,0,0,0,0,1
29441,0,0,0,0,1
29442,0,0,0,0,1
29443,0,0,0,0,1
29444,0,0,0,0,1
29445,0,0,0,0,1
29446,0,0,0,0,1
29447,0,0,0,0,1
29448,0,0,0,0,1
29449,0,0,0,0,1
29450,0,0,0,0,1
29451,0,0,0,0,1
29452,0,0,0,0,1
29453,0,0,0,0,1
29454,0,0,0,0,1
29455,0,0,0,0,1
29456,0,0,0,0,1
29457,0,0,0,0,1
29458,0,0,0,0,1
29459,0,0,0,0,1
29460,0,0,0,0,1
29461,0,0,0,0,1
29462,0,0,0,0,1
29463,0,0,0,0,1
29464,0,0,0,0,1
29465,0,0,0,0,1
29466,0,0,0,0,1
29467,0,0,0,0,1
29468,0,0,0,0,1
29469,0,0,0,0,1
29470,0,0,0,0,1
29471,0,0,0,0,1
29472,0,0,0,0,1
29473,0,0,0,0,1
29474,0,0,0,0,1
29475,0,0,0,0,1
29476,0,0,0,0,1
29477,0,0,0,0,1
29478,0,0,0,0,1
29479,0,0,0,0,1
29480,0,0,0,0,1
29481,0,0,0,0,1
29482,0,0,0,0,1
29483,0,0,0,0,1
29484,0,0,0,0,1
29485,0,0,0,0,1
29486,0,0,0,0,1
29487,0,0,0,0,1
29488,0,0,0,0,1
29489,0,0,0,0,1
29490,0,0,0,0,1
29491,0,0,0,0,1
29492,0,0,0,0,1
29493,0,0,0,0,1
29494,0,0,0,0,1
29495,0,0,0,0,1
29496,0,0,0,0,1
29497,0,0,0,0,1
29498,0,0,0,0,1
29499,0,0,0,0,1
29500,0,0,0,0,1
29501,0,0,0,1,0
29502,0,0,0,1,0
29503,0,0,0,1,0
29504,0,0,0,1,0
29505,0,0,0,1,0
29506,0,0,0,1,0
29507,0,0,0,1,0
29508,0,0,0,1,0
29509,0,0,0,1,0
29510,0,0,0,1,0
29511,1,0,0,0,0
29512,1,0,0,0,0
29513,1,0,0,0,0
29514,1,0,0,0,0
29515,1,0,0,0,0
29516,1,0,0,0,0
29517,1,0,0,0,0
29518,1,0,0,0,0
29519,1,0,0,0,0
29520,1,0,0,0,0
29521,1,0,0,0,0
29522,1,0,0,0,0
29523,1,0,0,0,0
29524,1,0,0,0,0
29525,1,0,0,0,0
29526,1,0,0,0,0
29527,1,0,0,0,0
29528,1,0,0,0,0
29529,1,0,0,0,0
29530,1,0,0,0,0
29531,1,0,0,0,0
29532,1,0,0,0,0
29533,1,0,0,0,0
29534,1,0,0,0,0
29535,1,0,0,0,0
29536,1,0,0,0,0
29537,1,0,0,0,0
29538,1,0,0,0,0
29539,1,0,0,0,0
29540,1,0,0,0,0
29541,1,0,0,0,0
29542,1,0,0,0,0
29543,1,0,0,0,0
29544,1,0,0,0,0
29545,1,0,0,0,0
29546,1,0,0,0,0
29547,1,0,0,0,0
29548,1,0,0,0,0
29549,1,0,0,0,0
29550,1,0,0,0,0
29551,1,0,0,0,0
29552,0,0,0,0,1
29553,0,0,0,0,1
29554,0,0,0,0,1
29555,0,0,0,0,1
29556,0,0,0,0,1
29557,0,0,0,0,1
29558,0,0,0,0,1
29559,0,0,0,0,1
29560,0,0,0,0,1
29561,0,0,0,0,1
29562,0,0,0,0,1
29563,0,0,0,0,1
29564,0,0,0,0,1
29565,0,0,0,0,1
29566,0,0,0,0,1
29567,0,0,0,0,1
29568,0,0,0,0,1
29569,0,0,0,0,1
29570,0,0,0,0,1
29571,0,0,0,0,1
29572,0,0,0,0,1
29573,0,0,0,0,1
29574,0,0,0,0,1
29575,0,0,0,0,1
29576,0,0,0,0,1
29577,0,0,0,0,1
29578,0,0,0,0,1
29579,0,0,0,0,1
29580,0,0,0,0,1
29581,0,0,0,0,1
29582,0,0,0,0,1
29583,0,0,0,0,1
29584,0,0,0,0,1
29585,0,0,0,0,1
29586,0,0,0,0,1
29587,0,0,0,0,1
29588,0,0,0,0,1
29589,0,0,0,0,1
29590,0,0,0,0,1
29591,0,0,0,0,1
29592,0,0,0,0,1
29593,0,0,0,0,1
29594,0,0,0,0,1
29595,0,0,0,0,1
29596,0,0,0,0,1
29597,0,0,0,0,1
29598,0,0,0,0,1
29599,0,0,0,0,1
29600,0,0,0,0,1
29601,0,0,0,0,1
29602,0,0,0,0,1
29603,0,0,0,0,1
29604,0,0,0,0,1
29605,0,0,0,0,1
29606,0,0,0,0,1
29607,0,0,0,0,1
29608,0,0,0,0,1
29609,0,0,0,0,1
29610,0,0,0,0,1
29611,0,0,0,0,1
29612,0,0,0,0,1
29613,0,0,0,0,1
29614,0,0,0,0,1
29615,0,0,0,0,1
29616,0,0,0,0,1
29617,0,0,0,0,1
29618,0,0,0,0,1
29619,0,0,0,0,1
29620,0,0,0,0,1
29621,0,0,0,0,1
29622,0,0,0,0,1
29623,0,0,0,0,1
29624,0,0,0,0,1
29625,0,0,0,0,1
29626,0,0,0,0,1
29627,0,0,0,0,1
29628,0,0,0,0,1
29629,0,0,0,0,1
29630,0,0,0,0,1
29631,0,0,0,0,1
29632,0,0,0,0,1
29633,0,0,0,0,1
29634,0,0,0,0,1
29635,0,0,0,0,1
29636,0,0,0,0,1
29637,0,0,0,0,1
29638,0,0,0,0,1
29639,0,0,0,0,1
29640,0,0,0,0,1
29641,0,0,0,0,1
29642,0,0,0,0,1
29643,0,0,0,0,1
29644,0,0,0,0,1
29645,0,0,0,0,1
29646,0,0,0,0,1
29647,0,0,0,0,1
29648,0,0,0,0,1
29649,0,0,0,0,1
29650,0,0,0,0,1
29651,0,0,0,0,1
29652,0,0,0,0,1
29653,0,0,0,0,1
29654,0,0,0,0,1
29655,0,0,0,0,1
29656,0,0,0,0,1
29657,0,0,0,0,1
29658,0,0,0,0,1
29659,0,0,0,0,1
29660,0,0,0,0,1
29661,0,0,0,0,1
29662,0,0,0,0,1
29663,0,0,0,0,1
29664,0,0,0,0,1
29665,0,0,0,0,1
29666,0,0,0,0,1
29667,0,0,0,0,1
29668,0,0,0,0,1
29669,0,0,0,0,1
29670,0,0,0,0,1
29671,0,0,0,0,1
29672,0,0,0,0,1
29673,0,0,0,0,1
29674,0,0,0,0,1
29675,0,0,0,0,1
29676,0,0,0,0,1
29677,0,0,0,0,1
29678,0,0,0,0,1
29679,0,0,0,0,1
29680,0,0,0,0,1
29681,0,0,0,0,1
29682,0,0,0,0,1
29683,0,0,0,0,1
29684,0,0,0,0,1
29685,0,0,0,0,1
29686,0,0,0,0,1
29687,0,0,0,0,1
29688,0,0,0,0,1
29689,0,0,0,0,1
29690,0,0,0,0,1
29691,0,0,0,0,1
29692,0,0,0,0,1
29693,0,0,0,0,1
29694,0,0,0,0,1
29695,0,0,0,0,1
29696,0,0,0,0,1
29697,0,0,0,0,1
29698,0,0,0,0,1
29699,0,0,0,0,1
29700,0,0,0,0,1
29701,0,0,0,0,1
29702,0,0,0,0,1
29703,0,0,0,0,1
29704,0,0,0,0,1
29705,0,0,0,0,1
29706,0,0,0,0,1
29707,0,0,0,0,1
29708,0,0,0,0,1
29709,0,0,0,0,1
29710,0,0,0,0,1
29711,0,0,0,0,1
29712,0,0,0,0,1
29713,0,0,0,0,1
29714,0,0,0,0,1
29715,0,0,0,0,1
29716,0,0,0,0,1
29717,0,0,0,0,1
29718,0,0,0,0,1
29719,0,0,0,0,1
29720,0,0,0,0,1
29721,0,0,0,0,1
29722,0,0,0,0,1
29723,0,0,0,0,1
29724,0,0,0,0,1
29725,0,0,0,0,1
29726,0,0,0,0,1
29727,0,0,0,0,1
29728,1,0,0,0,0
29729,1,0,0,0,0
29730,1,0,0,0,0
29731,1,0,0,0,0
29732,1,0,0,0,0
29733,1,0,0,0,0
29734,1,0,0,0,0
29735,1,0,0,0,0
29736,1,0,0,0,0
29737,1,0,0,0,0
29738,1,0,0,0,0
29739,1,0,0,0,0
29740,1,0,0,0,0
29741,1,0,0,0,0
29742,1,0,0,0,0
29743,1,0,0,0,0
29744,1,0,0,0,0
29745,1,0,0,0,0
29746,1,0,0,0,0
29747,1,0,0,0,0
29748,1,0,0,0,0
29749,1,0,0,0,0
29750,1,0,0,0,0
29751,1,0,0,0,0
29752,1,0,0,0,0
29753,1,0,0,0,0
29754,1,0,0,0,0
29755,1,0,0,0,0
29756,1,0,0,0,0
29757,1,0,0,0,0
29758,1,0,0,0,0
29759,1,0,0,0,0
29760,1,0,0,0,0
29761,1,0,0,0,0
29762,1,0,0,0,0
29763,1,0,0,0,0
29764,1,0,0,0,0
29765,1,0,0,0,0
29766,1,0,0,0,0
29767,1,0,0,0,0
29768,1,0,0,0,0
29769,1,0,0,0,0
29770,1,0,0,0,0
29771,1,0,0,0,0
29772,1,0,0,0,0
29773,1,0,0,0,0
29774,1,0,0,0,0
29775,1,0,0,0,0
29776,1,0,0,0,0
29777,1,0,0,0,0
29778,1,0,0,0,0
29779,1,0,0,0,0
29780,1,0,0,0,0
29781,1,0,0,0,0
29782,1,0,0,0,0
29783,1,0,0,0,0
29784,1,0,0,0,0
29785,1,0,0,0,0
29786,1,0,0,0,0
29787,1,0,0,0,0
29788,1,0,0,0,0
29789,1,0,0,0,0
29790,1,0,0,0,0
29791,1,0,0,0,0
29792,1,0,0,0,0
29793,1,0,0,0,0
29794,1,0,0,0,0
29795,1,0,0,0,0
29796,1,0,0,0,0
29797,1,0,0,0,0
29798,1,0,0,0,0
29799,1,0,0,0,0
29800,1,0,0,0,0
29801,1,0,0,0,0
29802,1,0,0,0,0
29803,1,0,0,0,0
29804,1,0,0,0,0
29805,1,0,0,0,0
29806,1,0,0,0,0
29807,1,0,0,0,0
29808,1,0,0,0,0
29809,1,0,0,0,0
29810,1,0,0,0,0
29811,1,0,0,0,0
29812,1,0,0,0,0
29813,1,0,0,0,0
29814,1,0,0,0,0
29815,1,0,0,0,0
29816,1,0,0,0,0
29817,1,0,0,0,0
29818,1,0,0,0,0
29819,1,0,0,0,0
29820,1,0,0,0,0
29821,1,0,0,0,0
29822,1,0,0,0,0
29823,1,0,0,0,0
29824,1,0,0,0,0
29825,1,0,0,0,0
29826,1,0,0,0,0
29827,1,0,0,0,0
29828,1,0,0,0,0
29829,1,0,0,0,0
29830,1,0,0,0,0
29831,1,0,0,0,0
29832,1,0,0,0,0
29833,1,0,0,0,0
29834,1,0,0,0,0
29835,1,0,0,0,0
29836,1,0,0,0,0
29837,1,0,0,0,0
29838,1,0,0,0,0
29839,1,0,0,0,0
29840,1,0,0,0,0
29841,1,0,0,0,0
29842,1,0,0,0,0
29843,1,0,0,0,0
29844,1,0,0,0,0
29845,1,0,0,0,0
29846,1,0,0,0,0
29847,1,0,0,0,0
29848,1,0,0,0,0
29849,1,0,0,0,0
29850,1,0,0,0,0
29851,1,0,0,0,0
29852,1,0,0,0,0
29853,1,0,0,0,0
29854,1,0,0,0,0
29855,1,0,0,0,0
29856,1,0,0,0,0
29857,1,0,0,0,0
29858,1,0,0,0,0
29859,1,0,0,0,0
29860,1,0,0,0,0
29861,1,0,0,0,0
29862,1,0,0,0,0
29863,1,0,0,0,0
29864,1,0,0,0,0
29865,1,0,0,0,0
29866,1,0,0,0,0
29867,1,0,0,0,0
29868,1,0,0,0,0
29869,1,0,0,0,0
29870,1,0,0,0,0
29871,1,0,0,0,0
29872,1,0,0,0,0
29873,1,0,0,0,0
29874,1,0,0,0,0
29875,1,0,0,0,0
29876,1,0,0,0,0
29877,1,0,0,0,0
29878,1,0,0,0,0
29879,1,0,0,0,0
29880,1,0,0,0,0
29881,1,0,0,0,0
29882,1,0,0,0,0
29883,1,0,0,0,0
29884,1,0,0,0,0
29885,1,0,0,0,0
29886,1,0,0,0,0
29887,1,0,0,0,0
29888,1,0,0,0,0
29889,1,0,0,0,0
29890,1,0,0,0,0
29891,1,0,0,0,0
29892,1,0,0,0,0
29893,1,0,0,0,0
29894,1,0,0,0,0
29895,1,0,0,0,0
29896,1,0,0,0,0
29897,1,0,0,0,0
29898,1,0,0,0,0
29899,1,0,0,0,0
29900,1,0,0,0,0
29901,1,0,0,0,0
29902,1,0,0,0,0
29903,1,0,0,0,0
29904,1,0,0,0,0
29905,1,0,0,0,0
29906,1,0,0,0,0
29907,1,0,0,0,0
29908,1,0,0,0,0
29909,1,0,0,0,0
29910,1,0,0,0,0
29911,1,0,0,0,0
29912,1,0,0,0,0
29913,1,0,0,0,0
29914,1,0,0,0,0
29915,1,0,0,0,0
29916,1,0,0,0,0
29917,1,0,0,0,0
29918,1,0,0,0,0
29919,1,0,0,0,0
29920,0,0,0,0,1
29921,0,0,0,0,1
29922,0,0,0,0,1
29923,0,0,0,0,1
29924,0,0,0,0,1
29925,0,0,0,0,1
29926,0,0,0,0,1
29927,0,0,0,0,1
29928,0,0,0,0,1
29929,0,0,0,0,1
29930,0,0,0,0,1
29931,0,0,0,0,1
29932,0,0,0,0,1
29933,0,0,0,0,1
29934,0,0,0,0,1
29935,0,0,0,0,1
29936,0,0,0,0,1
29937,0,0,0,0,1
29938,0,0,0,0,1
29939,0,0,0,0,1
29940,0,0,0,0,1
29941,0,0,0,0,1
29942,0,0,0,0,1
29943,0,0,0,0,1
29944,0,0,0,0,1
29945,0,0,0,0,1
29946,0,0,0,0,1
29947,0,0,0,0,1
29948,0,0,0,0,1
29949,0,0,0,0,1
29950,0,0,0,0,1
29951,0,0,0,0,1
29952,0,0,0,0,1
29953,0,0,0,0,1
29954,0,0,0,0,1
29955,0,0,0,0,1
29956,0,0,0,0,1
29957,0,0,0,0,1
29958,0,0,0,0,1
29959,0,0,0,0,1
29960,0,0,0,0,1
29961,0,0,0,0,1
29962,0,0,0,0,1
29963,0,0,0,0,1
29964,0,0,0,0,1
29965,0,0,0,0,1
29966,0,0,0,0,1
29967,0,0,0,0,1
29968,0,0,0,0,1
29969,0,0,0,0,1
29970,0,0,0,0,1
29971,0,0,0,0,1
29972,0,0,0,0,1
29973,0,0,0,0,1
29974,0,0,0,0,1
29975,0,0,0,0,1
29976,0,0,0,0,1
29977,0,0,0,0,1
29978,0,0,0,0,1
29979,0,0,0,0,1
29980,0,0,0,0,1
29981,0,0,0,0,1
29982,0,0,0,0,1
29983,0,0,0,0,1
29984,0,0,0,0,1
29985,0,0,0,0,1
29986,0,0,0,0,1
29987,0,0,0,0,1
29988,0,0,0,0,1
29989,0,0,0,0,1
29990,0,0,0,0,1
29991,0,0,0,0,1
29992,0,0,0,0,1
29993,0,0,0,0,1
29994,0,0,0,0,1
29995,0,0,0,0,1
29996,0,0,0,0,1
29997,0,0,0,0,1
29998,0,0,0,0,1
29999,0,0,0,0,1
30000,0,0,0,0,1
30001,0,0,0,0,1
30002,0,0,0,0,1
30003,0,0,0,0,1
30004,0,0,0,0,1
30005,0,0,0,0,1
30006,0,0,0,0,1
30007,0,0,0,0,1
30008,0,0,0,0,1
30009,0,0,0,0,1
30010,0,0,0,0,1
30011,0,0,0,0,1
30012,0,0,0,0,1
30013,0,0,0,0,1
30014,0,0,0,0,1
30015,0,0,0,0,1
30016,0,0,0,0,1
30017,0,0,0,0,1
30018,0,0,0,0,1
30019,0,0,0,0,1
30020,0,0,0,0,1
30021,0,0,0,0,1
30022,0,0,0,0,1
30023,0,0,0,0,1
30024,0,0,0,0,1
30025,0,0,0,0,1
30026,0,0,0,0,1
30027,0,0,0,0,1
30028,0,0,0,0,1
30029,0,0,0,0,1
30030,0,0,0,0,1
30031,0,0,0,0,1
30032,0,0,0,0,1
30033,0,0,0,0,1
30034,0,0,0,0,1
30035,0,0,0,0,1
30036,0,0,0,0,1
30037,0,0,0,0,1
30038,0,0,0,0,1
30039,0,0,0,0,1
30040,0,0,0,0,1
30041,0,0,0,0,1
30042,0,0,0,0,1
30043,0,0,0,0,1
30044,0,0,0,0,1
30045,0,0,0,0,1
30046,0,0,0,0,1
30047,0,0,0,0,1
30048,0,0,0,0,1
30049,0,0,0,0,1
30050,0,0,0,0,1
30051,0,0,0,0,1
30052,0,0,0,0,1
30053,0,0,0,0,1
30054,0,0,0,0,1
30055,0,0,0,0,1
30056,0,0,0,0,1
30057,0,0,0,0,1
30058,0,0,0,0,1
30059,0,0,0,0,1
30060,0,0,0,0,1
30061,0,0,0,0,1
30062,0,0,0,0,1
30063,0,0,0,0,1
30064,0,0,0,0,1
30065,0,0,0,0,1
30066,0,0,0,0,1
30067,0,0,0,0,1
30068,0,0,0,0,1
30069,0,0,0,0,1
30070,0,0,0,0,1
30071,0,0,0,0,1
30072,0,0,0,0,1
30073,0,0,0,0,1
30074,0,0,0,0,1
30075,0,0,0,0,1
30076,0,0,0,0,1
30077,0,0,0,0,1
30078,0,0,0,0,1
30079,0,0,0,0,1
30080,0,0,0,0,1
30081,0,0,0,0,1
30082,0,0,0,0,1
30083,0,0,0,0,1
30084,0,0,0,0,1
30085,0,0,0,0,1
30086,0,0,0,0,1
30087,0,0,0,0,1
30088,0,0,0,0,1
30089,0,0,0,0,1
30090,0,0,0,0,1
30091,0,0,0,0,1
30092,0,0,0,0,1
30093,0,0,0,0,1
30094,0,0,0,0,1
30095,0,0,0,0,1
30096,0,0,0,0,1
30097,0,0,0,0,1
30098,0,0,0,0,1
30099,1,0,0,0,0
30100,1,0,0,0,0
30101,1,0,0,0,0
30102,1,0,0,0,0
30103,1,0,0,0,0
30104,1,0,0,0,0
30105,1,0,0,0,0
30106,1,0,0,0,0
30107,1,0,0,0,0
30108,1,0,0,0,0
30109,1,0,0,0,0
30110,1,0,0,0,0
30111,1,0,0,0,0
30112,1,0,0,0,0
30113,1,0,0,0,0
30114,1,0,0,0,0
30115,1,0,0,0,0
30116,1,0,0,0,0
30117,1,0,0,0,0
30118,1,0,0,0,0
30119,1,0,0,0,0
30120,1,0,0,0,0
30121,1,0,0,0,0
30122,1,0,0,0,0
30123,1,0,0,0,0
30124,1,0,0,0,0
30125,1,0,0,0,0
30126,1,0,0,0,0
30127,1,0,0,0,0
30128,1,0,0,0,0
30129,1,0,0,0,0
30130,1,0,0,0,0
30131,1,0,0,0,0
30132,1,0,0,0,0
30133,1,0,0,0,0
30134,1,0,0,0,0
30135,1,0,0,0,0
30136,1,0,0,0,0
30137,1,0,0,0,0
30138,1,0,0,0,0
30139,1,0,0,0,0
30140,1,0,0,0,0
30141,1,0,0,0,0
30142,1,0,0,0,0
30143,1,0,0,0,0
30144,1,0,0,0,0
30145,1,0,0,0,0
30146,1,0,0,0,0
30147,1,0,0,0,0
30148,1,0,0,0,0
30149,1,0,0,0,0
30150,1,0,0,0,0
30151,1,0,0,0,0
30152,1,0,0,0,0
30153,1,0,0,0,0
30154,1,0,0,0,0
30155,1,0,0,0,0
30156,1,0,0,0,0
30157,1,0,0,0,0
30158,1,0,0,0,0
30159,1,0,0,0,0
30160,1,0,0,0,0
30161,1,0,0,0,0
30162,1,0,0,0,0
30163,0,0,0,0,1
30164,0,0,0,0,1
30165,0,0,0,0,1
30166,0,0,0,0,1
30167,0,0,0,0,1
30168,0,0,0,0,1
30169,0,0,0,0,1
30170,0,0,0,0,1
30171,0,0,0,0,1
30172,0,0,0,0,1
30173,0,0,0,0,1
30174,0,0,0,0,1
30175,0,0,0,0,1
30176,0,0,0,0,1
30177,0,0,0,0,1
30178,0,0,0,0,1
30179,0,0,0,0,1
30180,0,0,0,0,1
30181,0,0,0,0,1
30182,0,0,0,0,1
30183,1,0,0,0,0
30184,1,0,0,0,0
30185,1,0,0,0,0
30186,1,0,0,0,0
30187,1,0,0,0,0
30188,1,0,0,0,0
30189,1,0,0,0,0
30190,1,0,0,0,0
30191,1,0,0,0,0
30192,1,0,0,0,0
30193,1,0,0,0,0
30194,1,0,0,0,0
30195,1,0,0,0,0
30196,1,0,0,0,0
30197,1,0,0,0,0
30198,1,0,0,0,0
30199,1,0,0,0,0
30200,1,0,0,0,0
30201,1,0,0,0,0
30202,1,0,0,0,0
30203,1,0,0,0,0
30204,1,0,0,0,0
30205,1,0,0,0,0
30206,1,0,0,0,0
30207,1,0,0,0,0
30208,1,0,0,0,0
30209,1,0,0,0,0
30210,1,0,0,0,0
30211,1,0,0,0,0
30212,1,0,0,0,0
30213,1,0,0,0,0
30214,1,0,0,0,0
30215,1,0,0,0,0
30216,1,0,0,0,0
30217,1,0,0,0,0
30218,1,0,0,0,0
30219,1,0,0,0,0
30220,1,0,0,0,0
30221,1,0,0,0,0
30222,1,0,0,0,0
30223,1,0,0,0,0
30224,1,0,0,0,0
30225,1,0,0,0,0
30226,1,0,0,0,0
30227,1,0,0,0,0
30228,1,0,0,0,0
30229,1,0,0,0,0
30230,1,0,0,0,0
30231,1,0,0,0,0
30232,1,0,0,0,0
30233,1,0,0,0,0
30234,1,0,0,0,0
30235,1,0,0,0,0
30236,1,0,0,0,0
30237,1,0,0,0,0
30238,1,0,0,0,0
30239,1,0,0,0,0
30240,1,0,0,0,0
30241,1,0,0,0,0
30242,1,0,0,0,0
30243,1,0,0,0,0
30244,1,0,0,0,0
30245,1,0,0,0,0
30246,1,0,0,0,0
30247,1,0,0,0,0
30248,1,0,0,0,0
30249,1,0,0,0,0
30250,1,0,0,0,0
30251,1,0,0,0,0
30252,1,0,0,0,0
30253,1,0,0,0,0
30254,1,0,0,0,0
30255,1,0,0,0,0
30256,1,0,0,0,0
30257,1,0,0,0,0
30258,1,0,0,0,0
30259,1,0,0,0,0
30260,1,0,0,0,0
30261,1,0,0,0,0
30262,1,0,0,0,0
30263,1,0,0,0,0
30264,1,0,0,0,0
30265,1,0,0,0,0
30266,1,0,0,0,0
30267,1,0,0,0,0
30268,1,0,0,0,0
30269,1,0,0,0,0
30270,0,1,0,0,0
30271,0,1,0,0,0
30272,0,1,0,0,0
30273,0,1,0,0,0
30274,0,1,0,0,0
30275,0,1,0,0,0
30276,0,1,0,0,0
30277,0,1,0,0,0
30278,0,1,0,0,0
30279,0,1,0,0,0
30280,0,1,0,0,0
30281,0,1,0,0,0
30282,0,1,0,0,0
30283,0,1,0,0,0
30284,0,1,0,0,0
30285,0,1,0,0,0
30286,0,1,0,0,0
30287,0,1,0,0,0
30288,0,1,0,0,0
30289,0,1,0,0,0
30290,0,1,0,0,0
30291,0,1,0,0,0
30292,0,1,0,0,0
30293,0,1,0,0,0
30294,0,1,0,0,0
30295,0,1,0,0,0
30296,0,1,0,0,0
30297,0,1,0,0,0
30298,0,1,0,0,0
30299,0,1,0,0,0
30300,0,1,0,0,0
30301,0,1,0,0,0
30302,0,1,0,0,0
30303,1,0,0,0,0
30304,1,0,0,0,0
30305,1,0,0,0,0
30306,1,0,0,0,0
30307,1,0,0,0,0
30308,1,0,0,0,0
30309,1,0,0,0,0
30310,1,0,0,0,0
30311,1,0,0,0,0
30312,1,0,0,0,0
30313,1,0,0,0,0
30314,1,0,0,0,0
30315,1,0,0,0,0
30316,1,0,0,0,0
30317,1,0,0,0,0
30318,1,0,0,0,0
30319,1,0,0,0,0
30320,1,0,0,0,0
30321,1,0,0,0,0
30322,1,0,0,0,0
30323,1,0,0,0,0
30324,1,0,0,0,0
30325,1,0,0,0,0
30326,1,0,0,0,0
30327,1,0,0,0,0
30328,1,0,0,0,0
30329,1,0,0,0,0
30330,1,0,0,0,0
30331,1,0,0,0,0
30332,1,0,0,0,0
30333,1,0,0,0,0
30334,1,0,0,0,0
30335,1,0,0,0,0
30336,1,0,0,0,0
30337,1,0,0,0,0
30338,1,0,0,0,0
30339,1,0,0,0,0
30340,1,0,0,0,0
30341,1,0,0,0,0
30342,1,0,0,0,0
30343,1,0,0,0,0
30344,1,0,0,0,0
30345,1,0,0,0,0
30346,1,0,0,0,0
30347,1,0,0,0,0
30348,1,0,0,0,0
30349,1,0,0,0,0
30350,1,0,0,0,0
30351,1,0,0,0,0
30352,1,0,0,0,0
30353,1,0,0,0,0
30354,1,0,0,0,0
30355,1,0,0,0,0
30356,1,0,0,0,0
30357,1,0,0,0,0
30358,1,0,0,0,0
30359,1,0,0,0,0
30360,1,0,0,0,0
30361,1,0,0,0,0
30362,1,0,0,0,0
30363,1,0,0,0,0
30364,1,0,0,0,0
30365,1,0,0,0,0
30366,1,0,0,0,0
30367,1,0,0,0,0
30368,1,0,0,0,0
30369,1,0,0,0,0
30370,1,0,0,0,0
30371,1,0,0,0,0
30372,1,0,0,0,0
30373,1,0,0,0,0
30374,1,0,0,0,0
30375,1,0,0,0,0
30376,1,0,0,0,0
30377,1,0,0,0,0
30378,1,0,0,0,0
30379,1,0,0,0,0
30380,1,0,0,0,0
30381,1,0,0,0,0
30382,1,0,0,0,0
30383,1,0,0,0,0
30384,1,0,0,0,0
30385,1,0,0,0,0
30386,1,0,0,0,0
30387,1,0,0,0,0
30388,1,0,0,0,0
30389,1,0,0,0,0
30390,1,0,0,0,0
30391,1,0,0,0,0
30392,1,0,0,0,0
30393,1,0,0,0,0
30394,1,0,0,0,0
30395,1,0,0,0,0
30396,1,0,0,0,0
30397,1,0,0,0,0
30398,1,0,0,0,0
30399,1,0,0,0,0
30400,1,0,0,0,0
30401,1,0,0,0,0
30402,1,0,0,0,0
30403,1,0,0,0,0
30404,1,0,0,0,0
30405,1,0,0,0,0
30406,1,0,0,0,0
30407,1,0,0,0,0
30408,1,0,0,0,0
30409,1,0,0,0,0
30410,1,0,0,0,0
30411,1,0,0,0,0
30412,1,0,0,0,0
30413,1,0,0,0,0
30414,1,0,0,0,0
30415,1,0,0,0,0
30416,1,0,0,0,0
30417,1,0,0,0,0
30418,1,0,0,0,0
30419,1,0,0,0,0
30420,1,0,0,0,0
30421,1,0,0,0,0
30422,1,0,0,0,0
30423,1,0,0,0,0
30424,1,0,0,0,0
30425,1,0,0,0,0
30426,1,0,0,0,0
30427,1,0,0,0,0
30428,1,0,0,0,0
30429,1,0,0,0,0
30430,1,0,0,0,0
30431,1,0,0,0,0
30432,1,0,0,0,0
30433,1,0,0,0,0
30434,1,0,0,0,0
30435,1,0,0,0,0
30436,1,0,0,0,0
30437,1,0,0,0,0
30438,1,0,0,0,0
30439,1,0,0,0,0
30440,1,0,0,0,0
30441,1,0,0,0,0
30442,1,0,0,0,0
30443,1,0,0,0,0
30444,1,0,0,0,0
30445,1,0,0,0,0
30446,1,0,0,0,0
30447,1,0,0,0,0
30448,1,0,0,0,0
30449,1,0,0,0,0
30450,1,0,0,0,0
30451,1,0,0,0,0
30452,1,0,0,0,0
30453,1,0,0,0,0
30454,1,0,0,0,0
30455,1,0,0,0,0
30456,1,0,0,0,0
30457,1,0,0,0,0
30458,1,0,0,0,0
30459,1,0,0,0,0
30460,1,0,0,0,0
30461,1,0,0,0,0
30462,1,0,0,0,0
30463,1,0,0,0,0
30464,1,0,0,0,0
30465,1,0,0,0,0
30466,1,0,0,0,0
30467,1,0,0,0,0
30468,1,0,0,0,0
30469,1,0,0,0,0
30470,1,0,0,0,0
30471,1,0,0,0,0
30472,1,0,0,0,0
30473,1,0,0,0,0
30474,1,0,0,0,0
30475,1,0,0,0,0
30476,1,0,0,0,0
30477,1,0,0,0,0
30478,1,0,0,0,0
30479,1,0,0,0,0
30480,1,0,0,0,0
30481,1,0,0,0,0
30482,1,0,0,0,0
30483,1,0,0,0,0
30484,1,0,0,0,0
30485,1,0,0,0,0
30486,1,0,0,0,0
30487,1,0,0,0,0
30488,1,0,0,0,0
30489,1,0,0,0,0
30490,1,0,0,0,0
30491,1,0,0,0,0
30492,1,0,0,0,0
30493,1,0,0,0,0
30494,1,0,0,0,0
30495,1,0,0,0,0
30496,1,0,0,0,0
30497,1,0,0,0,0
30498,1,0,0,0,0
30499,1,0,0,0,0
30500,1,0,0,0,0
30501,1,0,0,0,0
30502,1,0,0,0,0
30503,1,0,0,0,0
30504,1,0,0,0,0
30505,1,0,0,0,0
30506,1,0,0,0,0
30507,1,0,0,0,0
30508,1,0,0,0,0
30509,1,0,0,0,0
30510,1,0,0,0,0
30511,1,0,0,0,0
30512,1,0,0,0,0
30513,1,0,0,0,0
30514,1,0,0,0,0
30515,1,0,0,0,0
30516,1,0,0,0,0
30517,1,0,0,0,0
30518,1,0,0,0,0
30519,1,0,0,0,0
30520,1,0,0,0,0
30521,1,0,0,0,0
30522,1,0,0,0,0
30523,1,0,0,0,0
30524,1,0,0,0,0
30525,1,0,0,0,0
30526,1,0,0,0,0
30527,1,0,0,0,0
30528,1,0,0,0,0
30529,1,0,0,0,0
30530,1,0,0,0,0
30531,1,0,0,0,0
30532,1,0,0,0,0
30533,1,0,0,0,0
30534,1,0,0,0,0
30535,1,0,0,0,0
30536,1,0,0,0,0
30537,1,0,0,0,0
30538,1,0,0,0,0
30539,1,0,0,0,0
30540,1,0,0,0,0
30541,1,0,0,0,0
30542,1,0,0,0,0
30543,1,0,0,0,0
30544,1,0,0,0,0
30545,1,0,0,0,0
30546,1,0,0,0,0
30547,1,0,0,0,0
30548,1,0,0,0,0
30549,1,0,0,0,0
30550,1,0,0,0,0
30551,1,0,0,0,0
30552,1,0,0,0,0
30553,1,0,0,0,0
30554,1,0,0,0,0
30555,1,0,0,0,0
30556,1,0,0,0,0
30557,1,0,0,0,0
30558,1,0,0,0,0
30559,1,0,0,0,0
30560,1,0,0,0,0
30561,1,0,0,0,0
30562,1,0,0,0,0
30563,1,0,0,0,0
30564,1,0,0,0,0
30565,1,0,0,0,0
30566,1,0,0,0,0
30567,1,0,0,0,0
30568,1,0,0,0,0
30569,1,0,0,0,0
30570,1,0,0,0,0
30571,1,0,0,0,0
30572,1,0,0,0,0
30573,1,0,0,0,0
30574,1,0,0,0,0
30575,1,0,0,0,0
30576,1,0,0,0,0
30577,1,0,0,0,0
30578,1,0,0,0,0
30579,1,0,0,0,0
30580,1,0,0,0,0
30581,1,0,0,0,0
30582,1,0,0,0,0
30583,1,0,0,0,0
30584,1,0,0,0,0
30585,1,0,0,0,0
30586,1,0,0,0,0
30587,1,0,0,0,0
30588,1,0,0,0,0
30589,1,0,0,0,0
30590,1,0,0,0,0
30591,1,0,0,0,0
30592,1,0,0,0,0
30593,1,0,0,0,0
30594,1,0,0,0,0
30595,1,0,0,0,0
30596,1,0,0,0,0
30597,1,0,0,0,0
30598,1,0,0,0,0
30599,1,0,0,0,0
30600,1,0,0,0,0
30601,1,0,0,0,0
30602,1,0,0,0,0
30603,1,0,0,0,0
30604,1,0,0,0,0
30605,1,0,0,0,0
30606,1,0,0,0,0
30607,1,0,0,0,0
30608,1,0,0,0,0
30609,1,0,0,0,0
30610,1,0,0,0,0
30611,1,0,0,0,0
30612,1,0,0,0,0
30613,1,0,0,0,0
30614,1,0,0,0,0
30615,1,0,0,0,0
30616,1,0,0,0,0
30617,1,0,0,0,0
30618,1,0,0,0,0
30619,1,0,0,0,0
30620,1,0,0,0,0
30621,1,0,0,0,0
30622,1,0,0,0,0
30623,1,0,0,0,0
30624,1,0,0,0,0
30625,1,0,0,0,0
30626,1,0,0,0,0
30627,1,0,0,0,0
30628,0,0,0,0,1
30629,0,0,0,0,1
30630,0,0,0,0,1
30631,0,0,0,0,1
30632,0,0,0,0,1
30633,0,0,0,0,1
30634,0,0,0,0,1
30635,0,0,0,0,1
30636,0,0,0,0,1
30637,0,0,0,0,1
30638,0,0,0,0,1
30639,0,0,0,0,1
30640,0,0,0,0,1
30641,0,0,0,0,1
30642,0,0,0,0,1
30643,0,0,0,0,1
30644,0,0,0,0,1
30645,0,0,0,0,1
30646,0,0,0,0,1
30647,0,0,0,0,1
30648,0,0,0,0,1
30649,0,0,0,0,1
30650,0,0,0,0,1
30651,0,0,0,0,1
30652,0,0,0,0,1
30653,0,0,0,0,1
30654,0,0,0,0,1
30655,0,0,0,0,1
30656,0,0,0,0,1
30657,0,0,0,0,1
30658,0,0,0,0,1
30659,0,0,0,0,1
30660,0,0,0,0,1
30661,0,0,0,0,1
30662,0,0,0,0,1
30663,0,0,0,0,1
30664,0,0,0,0,1
30665,0,0,0,0,1
30666,0,0,0,0,1
30667,0,0,0,0,1
30668,0,0,0,0,1
30669,0,0,0,0,1
30670,1,0,0,0,0
30671,1,0,0,0,0
30672,1,0,0,0,0
30673,1,0,0,0,0
30674,1,0,0,0,0
30675,1,0,0,0,0
30676,1,0,0,0,0
30677,1,0,0,0,0
30678,1,0,0,0,0
30679,1,0,0,0,0
30680,1,0,0,0,0
30681,1,0,0,0,0
30682,1,0,0,0,0
30683,1,0,0,0,0
30684,1,0,0,0,0
30685,1,0,0,0,0
30686,1,0,0,0,0
30687,1,0,0,0,0
30688,1,0,0,0,0
30689,1,0,0,0,0
30690,1,0,0,0,0
30691,1,0,0,0,0
30692,1,0,0,0,0
30693,1,0,0,0,0
30694,1,0,0,0,0
30695,1,0,0,0,0
30696,1,0,0,0,0
30697,1,0,0,0,0
30698,1,0,0,0,0
30699,1,0,0,0,0
30700,1,0,0,0,0
30701,1,0,0,0,0
30702,1,0,0,0,0
30703,1,0,0,0,0
30704,1,0,0,0,0
30705,1,0,0,0,0
30706,1,0,0,0,0
30707,1,0,0,0,0
30708,1,0,0,0,0
30709,1,0,0,0,0
30710,1,0,0,0,0
30711,1,0,0,0,0
30712,1,0,0,0,0
30713,1,0,0,0,0
30714,1,0,0,0,0
30715,1,0,0,0,0
30716,1,0,0,0,0
30717,1,0,0,0,0
30718,1,0,0,0,0
30719,1,0,0,0,0
30720,1,0,0,0,0
30721,1,0,0,0,0
30722,1,0,0,0,0
30723,1,0,0,0,0
30724,1,0,0,0,0
30725,1,0,0,0,0
30726,1,0,0,0,0
30727,1,0,0,0,0
30728,1,0,0,0,0
30729,1,0,0,0,0
30730,1,0,0,0,0
30731,1,0,0,0,0
30732,1,0,0,0,0
30733,1,0,0,0,0
30734,1,0,0,0,0
30735,1,0,0,0,0
30736,1,0,0,0,0
30737,1,0,0,0,0
30738,1,0,0,0,0
30739,1,0,0,0,0
30740,1,0,0,0,0
30741,1,0,0,0,0
30742,1,0,0,0,0
30743,1,0,0,0,0
30744,1,0,0,0,0
30745,1,0,0,0,0
30746,1,0,0,0,0
30747,1,0,0,0,0
30748,1,0,0,0,0
30749,1,0,0,0,0
30750,1,0,0,0,0
30751,1,0,0,0,0
30752,1,0,0,0,0
30753,1,0,0,0,0
30754,1,0,0,0,0
30755,1,0,0,0,0
30756,1,0,0,0,0
30757,1,0,0,0,0
30758,1,0,0,0,0
30759,1,0,0,0,0
30760,1,0,0,0,0
30761,1,0,0,0,0
30762,1,0,0,0,0
30763,1,0,0,0,0
30764,1,0,0,0,0
30765,1,0,0,0,0
30766,1,0,0,0,0
30767,1,0,0,0,0
30768,1,0,0,0,0
30769,1,0,0,0,0
30770,1,0,0,0,0
30771,1,0,0,0,0
30772,1,0,0,0,0
30773,1,0,0,0,0
30774,1,0,0,0,0
30775,1,0,0,0,0
30776,1,0,0,0,0
30777,1,0,0,0,0
30778,1,0,0,0,0
30779,1,0,0,0,0
30780,1,0,0,0,0
30781,1,0,0,0,0
30782,1,0,0,0,0
30783,1,0,0,0,0
30784,1,0,0,0,0
30785,1,0,0,0,0
30786,1,0,0,0,0
30787,1,0,0,0,0
30788,1,0,0,0,0
30789,1,0,0,0,0
30790,1,0,0,0,0
30791,1,0,0,0,0
30792,1,0,0,0,0
30793,1,0,0,0,0
30794,1,0,0,0,0
30795,1,0,0,0,0
30796,1,0,0,0,0
30797,1,0,0,0,0
30798,1,0,0,0,0
30799,1,0,0,0,0
30800,1,0,0,0,0
30801,1,0,0,0,0
30802,1,0,0,0,0
30803,1,0,0,0,0
30804,1,0,0,0,0
30805,1,0,0,0,0
30806,1,0,0,0,0
30807,1,0,0,0,0
30808,1,0,0,0,0
30809,1,0,0,0,0
30810,1,0,0,0,0
30811,1,0,0,0,0
30812,1,0,0,0,0
30813,1,0,0,0,0
30814,1,0,0,0,0
30815,1,0,0,0,0
30816,1,0,0,0,0
30817,1,0,0,0,0
30818,1,0,0,0,0
30819,1,0,0,0,0
30820,1,0,0,0,0
30821,1,0,0,0,0
30822,1,0,0,0,0
30823,1,0,0,0,0
30824,1,0,0,0,0
30825,1,0,0,0,0
30826,1,0,0,0,0
30827,1,0,0,0,0
30828,1,0,0,0,0
30829,1,0,0,0,0
30830,1,0,0,0,0
30831,1,0,0,0,0
30832,1,0,0,0,0
30833,1,0,0,0,0
30834,1,0,0,0,0
30835,1,0,0,0,0
30836,1,0,0,0,0
30837,1,0,0,0,0
30838,1,0,0,0,0
30839,1,0,0,0,0
30840,1,0,0,0,0
30841,1,0,0,0,0
30842,1,0,0,0,0
30843,1,0,0,0,0
30844,1,0,0,0,0
30845,1,0,0,0,0
30846,0,1,0,0,0
30847,0,1,0,0,0
30848,0,1,0,0,0
30849,0,1,0,0,0
30850,0,1,0,0,0
30851,0,1,0,0,0
30852,0,1,0,0,0
30853,0,1,0,0,0
30854,0,1,0,0,0
30855,0,1,0,0,0
30856,0,1,0,0,0
30857,0,1,0,0,0
30858,0,1,0,0,0
30859,0,1,0,0,0
30860,0,1,0,0,0
30861,0,1,0,0,0
30862,0,1,0,0,0
30863,0,1,0,0,0
30864,0,1,0,0,0
30865,0,1,0,0,0
30866,0,1,0,0,0
30867,0,1,0,0,0
30868,0,1,0,0,0
30869,0,1,0,0,0
30870,0,1,0,0,0
30871,0,1,0,0,0
30872,0,1,0,0,0
30873,0,1,0,0,0
30874,0,1,0,0,0
30875,0,1,0,0,0
30876,0,1,0,0,0
30877,0,1,0,0,0
30878,0,1,0,0,0
30879,0,1,0,0,0
30880,0,1,0,0,0
30881,0,1,0,0,0
30882,0,1,0,0,0
30883,0,1,0,0,0
30884,0,1,0,0,0
30885,0,1,0,0,0
30886,0,1,0,0,0
30887,0,1,0,0,0
30888,0,1,0,0,0
30889,0,1,0,0,0
30890,0,1,0,0,0
30891,0,1,0,0,0
30892,0,1,0,0,0
30893,0,1,0,0,0
30894,0,1,0,0,0
30895,0,1,0,0,0
30896,0,1,0,0,0
30897,0,1,0,0,0
30898,0,1,0,0,0
30899,0,1,0,0,0
30900,0,1,0,0,0
30901,0,1,0,0,0
30902,0,1,0,0,0
30903,0,1,0,0,0
30904,0,1,0,0,0
30905,0,1,0,0,0
30906,0,1,0,0,0
30907,0,1,0,0,0
30908,0,1,0,0,0
30909,0,1,0,0,0
30910,0,1,0,0,0
30911,0,1,0,0,0
30912,0,1,0,0,0
30913,0,1,0,0,0
30914,0,1,0,0,0
30915,0,1,0,0,0
30916,0,1,0,0,0
30917,0,1,0,0,0
30918,0,1,0,0,0
30919,0,1,0,0,0
30920,0,1,0,0,0
30921,0,1,0,0,0
30922,0,1,0,0,0
30923,0,1,0,0,0
30924,0,1,0,0,0
30925,0,1,0,0,0
30926,0,1,0,0,0
30927,0,1,0,0,0
30928,0,1,0,0,0
30929,0,1,0,0,0
30930,0,1,0,0,0
30931,0,1,0,0,0
30932,1,0,0,0,0
30933,1,0,0,0,0
30934,1,0,0,0,0
30935,1,0,0,0,0
30936,1,0,0,0,0
30937,1,0,0,0,0
30938,1,0,0,0,0
30939,1,0,0,0,0
30940,1,0,0,0,0
30941,1,0,0,0,0
30942,1,0,0,0,0
30943,1,0,0,0,0
30944,1,0,0,0,0
30945,1,0,0,0,0
30946,1,0,0,0,0
30947,1,0,0,0,0
30948,1,0,0,0,0
30949,1,0,0,0,0
30950,1,0,0,0,0
30951,1,0,0,0,0
30952,1,0,0,0,0
30953,1,0,0,0,0
30954,1,0,0,0,0
30955,1,0,0,0,0
30956,1,0,0,0,0
30957,1,0,0,0,0
30958,1,0,0,0,0
30959,1,0,0,0,0
30960,1,0,0,0,0
30961,1,0,0,0,0
30962,1,0,0,0,0
30963,1,0,0,0,0
30964,1,0,0,0,0
30965,1,0,0,0,0
30966,1,0,0,0,0
30967,1,0,0,0,0
30968,1,0,0,0,0
30969,1,0,0,0,0
30970,1,0,0,0,0
30971,1,0,0,0,0
30972,1,0,0,0,0
30973,0,0,0,0,1
30974,0,0,0,0,1
30975,0,0,0,0,1
30976,0,0,0,0,1
30977,0,0,0,0,1
30978,0,0,0,0,1
30979,0,0,0,0,1
30980,0,0,0,0,1
30981,0,0,0,0,1
30982,0,0,0,0,1
30983,0,0,0,0,1
30984,0,0,0,0,1
30985,0,0,0,0,1
30986,0,0,0,0,1
30987,0,0,0,0,1
30988,0,0,0,0,1
30989,0,0,0,0,1
30990,0,0,0,0,1
30991,0,0,0,0,1
30992,0,0,0,0,1
30993,0,0,0,0,1
30994,0,0,0,0,1
30995,0,0,0,0,1
30996,0,0,0,0,1
30997,0,0,0,0,1
30998,0,0,0,0,1
30999,0,0,0,0,1
31000,0,0,0,0,1
31001,0,0,0,0,1
31002,0,0,0,0,1
31003,0,0,0,0,1
31004,0,0,0,0,1
31005,0,0,0,0,1
31006,0,0,0,0,1
31007,0,0,0,0,1
31008,0,0,0,0,1
31009,0,0,0,0,1
31010,0,0,0,0,1
31011,0,0,0,0,1
31012,0,0,0,0,1
31013,0,0,0,0,1
31014,0,0,0,0,1
31015,0,0,0,0,1
31016,0,0,0,0,1
31017,0,0,0,0,1
31018,1,0,0,0,0
31019,1,0,0,0,0
31020,1,0,0,0,0
31021,1,0,0,0,0
31022,1,0,0,0,0
31023,1,0,0,0,0
31024,1,0,0,0,0
31025,1,0,0,0,0
31026,1,0,0,0,0
31027,1,0,0,0,0
31028,1,0,0,0,0
31029,1,0,0,0,0
31030,1,0,0,0,0
31031,1,0,0,0,0
31032,1,0,0,0,0
31033,1,0,0,0,0
31034,1,0,0,0,0
31035,1,0,0,0,0
31036,1,0,0,0,0
31037,1,0,0,0,0
31038,1,0,0,0,0
31039,1,0,0,0,0
31040,1,0,0,0,0
31041,1,0,0,0,0
31042,1,0,0,0,0
31043,1,0,0,0,0
31044,1,0,0,0,0
31045,1,0,0,0,0
31046,1,0,0,0,0
31047,1,0,0,0,0
31048,1,0,0,0,0
31049,1,0,0,0,0
31050,1,0,0,0,0
31051,1,0,0,0,0
31052,1,0,0,0,0
31053,1,0,0,0,0
31054,1,0,0,0,0
31055,1,0,0,0,0
31056,1,0,0,0,0
31057,1,0,0,0,0
31058,1,0,0,0,0
31059,1,0,0,0,0
31060,1,0,0,0,0
31061,1,0,0,0,0
31062,1,0,0,0,0
31063,1,0,0,0,0
31064,1,0,0,0,0
31065,1,0,0,0,0
31066,1,0,0,0,0
31067,1,0,0,0,0
31068,1,0,0,0,0
31069,1,0,0,0,0
31070,1,0,0,0,0
31071,1,0,0,0,0
31072,1,0,0,0,0
31073,1,0,0,0,0
31074,1,0,0,0,0
31075,1,0,0,0,0
31076,1,0,0,0,0
31077,1,0,0,0,0
31078,1,0,0,0,0
31079,1,0,0,0,0
31080,1,0,0,0,0
31081,1,0,0,0,0
31082,1,0,0,0,0
31083,1,0,0,0,0
31084,1,0,0,0,0
31085,1,0,0,0,0
31086,1,0,0,0,0
31087,1,0,0,0,0
31088,1,0,0,0,0
31089,1,0,0,0,0
31090,1,0,0,0,0
31091,1,0,0,0,0
31092,1,0,0,0,0
31093,1,0,0,0,0
31094,1,0,0,0,0
31095,1,0,0,0,0
31096,1,0,0,0,0
31097,1,0,0,0,0
31098,1,0,0,0,0
31099,1,0,0,0,0
31100,1,0,0,0,0
31101,1,0,0,0,0
31102,1,0,0,0,0
31103,1,0,0,0,0
31104,1,0,0,0,0
31105,1,0,0,0,0
31106,1,0,0,0,0
31107,1,0,0,0,0
31108,1,0,0,0,0
31109,1,0,0,0,0
31110,1,0,0,0,0
31111,1,0,0,0,0
31112,1,0,0,0,0
31113,1,0,0,0,0
31114,1,0,0,0,0
31115,1,0,0,0,0
31116,1,0,0,0,0
31117,1,0,0,0,0
31118,1,0,0,0,0
31119,1,0,0,0,0
31120,1,0,0,0,0
31121,1,0,0,0,0
31122,1,0,0,0,0
31123,1,0,0,0,0
31124,1,0,0,0,0
31125,1,0,0,0,0
31126,1,0,0,0,0
31127,1,0,0,0,0
31128,1,0,0,0,0
31129,1,0,0,0,0
31130,1,0,0,0,0
31131,1,0,0,0,0
31132,1,0,0,0,0
31133,1,0,0,0,0
31134,1,0,0,0,0
31135,1,0,0,0,0
31136,1,0,0,0,0
31137,1,0,0,0,0
31138,1,0,0,0,0
31139,1,0,0,0,0
31140,1,0,0,0,0
31141,1,0,0,0,0
31142,1,0,0,0,0
31143,1,0,0,0,0
31144,1,0,0,0,0
31145,1,0,0,0,0
31146,1,0,0,0,0
31147,1,0,0,0,0
31148,1,0,0,0,0
31149,1,0,0,0,0
31150,1,0,0,0,0
31151,1,0,0,0,0
31152,1,0,0,0,0
31153,1,0,0,0,0
31154,1,0,0,0,0
31155,1,0,0,0,0
31156,1,0,0,0,0
31157,1,0,0,0,0
31158,1,0,0,0,0
31159,1,0,0,0,0
31160,1,0,0,0,0
31161,1,0,0,0,0
31162,1,0,0,0,0
31163,1,0,0,0,0
31164,1,0,0,0,0
31165,1,0,0,0,0
31166,1,0,0,0,0
31167,1,0,0,0,0
31168,1,0,0,0,0
31169,1,0,0,0,0
31170,1,0,0,0,0
31171,1,0,0,0,0
31172,1,0,0,0,0
31173,1,0,0,0,0
31174,1,0,0,0,0
31175,1,0,0,0,0
31176,1,0,0,0,0
31177,1,0,0,0,0
31178,1,0,0,0,0
31179,1,0,0,0,0
31180,1,0,0,0,0
31181,1,0,0,0,0
31182,1,0,0,0,0
31183,1,0,0,0,0
31184,1,0,0,0,0
31185,1,0,0,0,0
31186,1,0,0,0,0
31187,1,0,0,0,0
31188,1,0,0,0,0
31189,1,0,0,0,0
31190,1,0,0,0,0
31191,1,0,0,0,0
31192,1,0,0,0,0
31193,1,0,0,0,0
31194,1,0,0,0,0
31195,1,0,0,0,0
31196,1,0,0,0,0
31197,1,0,0,0,0
31198,1,0,0,0,0
31199,1,0,0,0,0
31200,1,0,0,0,0
31201,1,0,0,0,0
31202,1,0,0,0,0
31203,1,0,0,0,0
31204,1,0,0,0,0
31205,1,0,0,0,0
31206,1,0,0,0,0
31207,1,0,0,0,0
31208,1,0,0,0,0
31209,1,0,0,0,0
31210,1,0,0,0,0
31211,1,0,0,0,0
31212,1,0,0,0,0
31213,1,0,0,0,0
31214,1,0,0,0,0
31215,1,0,0,0,0
31216,1,0,0,0,0
31217,1,0,0,0,0
31218,1,0,0,0,0
31219,1,0,0,0,0
31220,1,0,0,0,0
31221,1,0,0,0,0
31222,1,0,0,0,0
31223,1,0,0,0,0
31224,1,0,0,0,0
31225,1,0,0,0,0
31226,1,0,0,0,0
31227,0,1,0,0,0
31228,0,1,0,0,0
31229,0,1,0,0,0
31230,0,1,0,0,0
31231,0,1,0,0,0
31232,0,1,0,0,0
31233,0,1,0,0,0
31234,0,1,0,0,0
31235,0,1,0,0,0
31236,0,1,0,0,0
31237,0,1,0,0,0
31238,0,1,0,0,0
31239,0,1,0,0,0
31240,0,1,0,0,0
31241,0,1,0,0,0
31242,0,1,0,0,0
31243,0,1,0,0,0
31244,0,1,0,0,0
31245,0,1,0,0,0
31246,0,1,0,0,0
31247,0,1,0,0,0
31248,0,1,0,0,0
31249,0,1,0,0,0
31250,0,1,0,0,0
31251,0,1,0,0,0
31252,0,1,0,0,0
31253,0,1,0,0,0
31254,0,1,0,0,0
31255,0,1,0,0,0
31256,0,1,0,0,0
31257,0,1,0,0,0
31258,0,1,0,0,0
31259,0,1,0,0,0
31260,0,1,0,0,0
31261,0,1,0,0,0
31262,0,1,0,0,0
31263,0,1,0,0,0
31264,0,1,0,0,0
31265,0,1,0,0,0
31266,0,1,0,0,0
31267,0,1,0,0,0
31268,0,1,0,0,0
31269,0,1,0,0,0
31270,0,1,0,0,0
31271,0,1,0,0,0
31272,0,1,0,0,0
31273,0,1,0,0,0
31274,0,1,0,0,0
31275,0,1,0,0,0
31276,0,1,0,0,0
31277,0,1,0,0,0
31278,0,1,0,0,0
31279,0,1,0,0,0
31280,0,1,0,0,0
31281,0,1,0,0,0
31282,0,1,0,0,0
31283,0,1,0,0,0
31284,0,1,0,0,0
31285,0,1,0,0,0
31286,0,1,0,0,0
31287,0,1,0,0,0
31288,0,1,0,0,0
31289,0,1,0,0,0
31290,0,1,0,0,0
31291,0,1,0,0,0
31292,0,1,0,0,0
31293,0,1,0,0,0
31294,0,1,0,0,0
31295,0,1,0,0,0
31296,0,1,0,0,0
31297,1,0,0,0,0
31298,1,0,0,0,0
31299,1,0,0,0,0
31300,1,0,0,0,0
31301,1,0,0,0,0
31302,1,0,0,0,0
31303,1,0,0,0,0
31304,1,0,0,0,0
31305,1,0,0,0,0
31306,1,0,0,0,0
31307,1,0,0,0,0
31308,1,0,0,0,0
31309,1,0,0,0,0
31310,1,0,0,0,0
31311,1,0,0,0,0
31312,1,0,0,0,0
31313,1,0,0,0,0
31314,1,0,0,0,0
31315,1,0,0,0,0
31316,1,0,0,0,0
31317,1,0,0,0,0
31318,1,0,0,0,0
31319,1,0,0,0,0
31320,1,0,0,0,0
31321,1,0,0,0,0
31322,1,0,0,0,0
31323,1,0,0,0,0
31324,1,0,0,0,0
31325,1,0,0,0,0
31326,1,0,0,0,0
31327,1,0,0,0,0
31328,1,0,0,0,0
31329,1,0,0,0,0
31330,1,0,0,0,0
31331,1,0,0,0,0
31332,1,0,0,0,0
31333,1,0,0,0,0
31334,1,0,0,0,0
31335,1,0,0,0,0
31336,1,0,0,0,0
31337,1,0,0,0,0
31338,1,0,0,0,0
31339,1,0,0,0,0
31340,1,0,0,0,0
31341,1,0,0,0,0
31342,0,1,0,0,0
31343,0,1,0,0,0
31344,0,1,0,0,0
31345,0,1,0,0,0
31346,0,1,0,0,0
31347,0,1,0,0,0
31348,0,1,0,0,0
31349,0,1,0,0,0
31350,0,1,0,0,0
31351,0,1,0,0,0
31352,0,1,0,0,0
31353,0,1,0,0,0
31354,0,1,0,0,0
31355,0,1,0,0,0
31356,0,1,0,0,0
31357,0,1,0,0,0
31358,0,1,0,0,0
31359,0,1,0,0,0
31360,0,1,0,0,0
31361,0,1,0,0,0
31362,0,1,0,0,0
31363,0,1,0,0,0
31364,0,1,0,0,0
31365,0,1,0,0,0
31366,0,1,0,0,0
31367,0,1,0,0,0
31368,0,1,0,0,0
31369,0,1,0,0,0
31370,0,1,0,0,0
31371,0,1,0,0,0
31372,0,1,0,0,0
31373,0,1,0,0,0
31374,0,1,0,0,0
31375,0,1,0,0,0
31376,0,1,0,0,0
31377,0,1,0,0,0
31378,0,1,0,0,0
31379,0,1,0,0,0
31380,0,1,0,0,0
31381,0,1,0,0,0
31382,0,1,0,0,0
31383,0,1,0,0,0
31384,0,1,0,0,0
31385,0,1,0,0,0
31386,0,1,0,0,0
31387,0,1,0,0,0
31388,0,1,0,0,0
31389,0,1,0,0,0
31390,0,1,0,0,0
31391,0,1,0,0,0
31392,0,1,0,0,0
31393,0,1,0,0,0
31394,0,1,0,0,0
31395,0,1,0,0,0
31396,0,1,0,0,0
31397,0,1,0,0,0
31398,0,1,0,0,0
31399,0,1,0,0,0
31400,0,1,0,0,0
31401,0,1,0,0,0
31402,0,1,0,0,0
31403,0,1,0,0,0
31404,0,1,0,0,0
31405,0,1,0,0,0
31406,0,1,0,0,0
31407,0,1,0,0,0
31408,0,1,0,0,0
31409,0,1,0,0,0
31410,0,1,0,0,0
31411,0,1,0,0,0
31412,0,1,0,0,0
31413,0,1,0,0,0
31414,0,1,0,0,0
31415,0,1,0,0,0
31416,0,1,0,0,0
31417,0,1,0,0,0
31418,0,1,0,0,0
31419,0,1,0,0,0
31420,1,0,0,0,0
31421,1,0,0,0,0
31422,1,0,0,0,0
31423,1,0,0,0,0
31424,1,0,0,0,0
31425,1,0,0,0,0
31426,1,0,0,0,0
31427,1,0,0,0,0
31428,1,0,0,0,0
31429,1,0,0,0,0
31430,1,0,0,0,0
31431,1,0,0,0,0
31432,1,0,0,0,0
31433,1,0,0,0,0
31434,1,0,0,0,0
31435,1,0,0,0,0
31436,1,0,0,0,0
31437,1,0,0,0,0
31438,1,0,0,0,0
31439,1,0,0,0,0
31440,1,0,0,0,0
31441,1,0,0,0,0
31442,1,0,0,0,0
31443,1,0,0,0,0
31444,1,0,0,0,0
31445,1,0,0,0,0
31446,1,0,0,0,0
31447,1,0,0,0,0
31448,1,0,0,0,0
31449,1,0,0,0,0
31450,1,0,0,0,0
31451,1,0,0,0,0
31452,1,0,0,0,0
31453,1,0,0,0,0
31454,1,0,0,0,0
31455,1,0,0,0,0
31456,1,0,0,0,0
31457,1,0,0,0,0
31458,1,0,0,0,0
31459,1,0,0,0,0
31460,1,0,0,0,0
31461,1,0,0,0,0
31462,1,0,0,0,0
31463,1,0,0,0,0
31464,1,0,0,0,0
31465,1,0,0,0,0
31466,1,0,0,0,0
31467,1,0,0,0,0
31468,1,0,0,0,0
31469,1,0,0,0,0
31470,1,0,0,0,0
31471,1,0,0,0,0
31472,1,0,0,0,0
31473,1,0,0,0,0
31474,1,0,0,0,0
31475,1,0,0,0,0
31476,1,0,0,0,0
31477,1,0,0,0,0
31478,1,0,0,0,0
31479,1,0,0,0,0
31480,1,0,0,0,0
31481,1,0,0,0,0
31482,1,0,0,0,0
31483,1,0,0,0,0
31484,1,0,0,0,0
31485,1,0,0,0,0
31486,1,0,0,0,0
31487,1,0,0,0,0
31488,1,0,0,0,0
31489,1,0,0,0,0
31490,1,0,0,0,0
31491,1,0,0,0,0
31492,1,0,0,0,0
31493,1,0,0,0,0
31494,1,0,0,0,0
31495,1,0,0,0,0
31496,1,0,0,0,0
31497,1,0,0,0,0
31498,1,0,0,0,0
31499,1,0,0,0,0
31500,1,0,0,0,0
31501,1,0,0,0,0
31502,1,0,0,0,0
31503,1,0,0,0,0
31504,1,0,0,0,0
31505,1,0,0,0,0
31506,1,0,0,0,0
31507,1,0,0,0,0
31508,1,0,0,0,0
31509,1,0,0,0,0
31510,1,0,0,0,0
31511,1,0,0,0,0
31512,1,0,0,0,0
31513,1,0,0,0,0
31514,1,0,0,0,0
31515,1,0,0,0,0
31516,1,0,0,0,0
31517,1,0,0,0,0
31518,1,0,0,0,0
31519,1,0,0,0,0
31520,1,0,0,0,0
31521,1,0,0,0,0
31522,1,0,0,0,0
31523,1,0,0,0,0
31524,1,0,0,0,0
31525,1,0,0,0,0
31526,1,0,0,0,0
31527,1,0,0,0,0
31528,1,0,0,0,0
31529,1,0,0,0,0
31530,1,0,0,0,0
31531,1,0,0,0,0
31532,1,0,0,0,0
31533,1,0,0,0,0
31534,1,0,0,0,0
31535,1,0,0,0,0
31536,1,0,0,0,0
31537,1,0,0,0,0
31538,1,0,0,0,0
31539,1,0,0,0,0
31540,1,0,0,0,0
31541,1,0,0,0,0
31542,1,0,0,0,0
31543,1,0,0,0,0
31544,1,0,0,0,0
31545,1,0,0,0,0
31546,1,0,0,0,0
31547,1,0,0,0,0
31548,1,0,0,0,0
31549,1,0,0,0,0
31550,1,0,0,0,0
31551,1,0,0,0,0
31552,1,0,0,0,0
31553,1,0,0,0,0
31554,1,0,0,0,0
31555,1,0,0,0,0
31556,1,0,0,0,0
31557,1,0,0,0,0
31558,1,0,0,0,0
31559,1,0,0,0,0
31560,1,0,0,0,0
31561,1,0,0,0,0
31562,1,0,0,0,0
31563,1,0,0,0,0
31564,1,0,0,0,0
31565,1,0,0,0,0
31566,1,0,0,0,0
31567,1,0,0,0,0
31568,1,0,0,0,0
31569,1,0,0,0,0
31570,1,0,0,0,0
31571,1,0,0,0,0
31572,1,0,0,0,0
31573,1,0,0,0,0
31574,1,0,0,0,0
31575,1,0,0,0,0
31576,1,0,0,0,0
31577,1,0,0,0,0
31578,1,0,0,0,0
31579,1,0,0,0,0
31580,1,0,0,0,0
31581,1,0,0,0,0
31582,1,0,0,0,0
31583,1,0,0,0,0
31584,1,0,0,0,0
31585,1,0,0,0,0
31586,1,0,0,0,0
31587,1,0,0,0,0
31588,1,0,0,0,0
31589,1,0,0,0,0
31590,1,0,0,0,0
31591,1,0,0,0,0
31592,1,0,0,0,0
31593,1,0,0,0,0
31594,1,0,0,0,0
31595,1,0,0,0,0
31596,1,0,0,0,0
31597,1,0,0,0,0
31598,1,0,0,0,0
31599,1,0,0,0,0
31600,1,0,0,0,0
31601,1,0,0,0,0
31602,1,0,0,0,0
31603,1,0,0,0,0
31604,1,0,0,0,0
31605,1,0,0,0,0
31606,1,0,0,0,0
31607,1,0,0,0,0
31608,1,0,0,0,0
31609,1,0,0,0,0
31610,1,0,0,0,0
31611,1,0,0,0,0
31612,1,0,0,0,0
31613,1,0,0,0,0
31614,1,0,0,0,0
31615,1,0,0,0,0
31616,1,0,0,0,0
31617,1,0,0,0,0
31618,1,0,0,0,0
31619,1,0,0,0,0
31620,1,0,0,0,0
31621,1,0,0,0,0
31622,1,0,0,0,0
31623,1,0,0,0,0
31624,1,0,0,0,0
31625,1,0,0,0,0
31626,1,0,0,0,0
31627,1,0,0,0,0
31628,1,0,0,0,0
31629,1,0,0,0,0
31630,1,0,0,0,0
31631,1,0,0,0,0
31632,1,0,0,0,0
31633,1,0,0,0,0
31634,1,0,0,0,0
31635,1,0,0,0,0
31636,1,0,0,0,0
31637,1,0,0,0,0
31638,1,0,0,0,0
31639,1,0,0,0,0
31640,1,0,0,0,0
31641,1,0,0,0,0
31642,1,0,0,0,0
31643,1,0,0,0,0
31644,1,0,0,0,0
31645,1,0,0,0,0
31646,1,0,0,0,0
31647,1,0,0,0,0
31648,1,0,0,0,0
31649,1,0,0,0,0
31650,1,0,0,0,0
31651,1,0,0,0,0
31652,1,0,0,0,0
31653,1,0,0,0,0
31654,1,0,0,0,0
31655,1,0,0,0,0
31656,1,0,0,0,0
31657,1,0,0,0,0
31658,1,0,0,0,0
31659,1,0,0,0,0
31660,1,0,0,0,0
31661,1,0,0,0,0
31662,1,0,0,0,0
31663,1,0,0,0,0
31664,1,0,0,0,0
31665,1,0,0,0,0
31666,1,0,0,0,0
31667,1,0,0,0,0
31668,0,0,0,0,1
31669,0,0,0,0,1
31670,0,0,0,0,1
31671,0,0,0,0,1
31672,0,0,0,0,1
31673,0,0,0,0,1
31674,0,0,0,0,1
31675,0,0,0,0,1
31676,0,0,0,0,1
31677,0,0,0,0,1
31678,0,0,0,0,1
31679,0,0,0,0,1
31680,0,0,0,0,1
31681,0,0,0,0,1
31682,0,0,0,0,1
31683,0,0,0,0,1
31684,0,0,0,0,1
31685,0,0,0,0,1
31686,0,0,0,0,1
31687,0,0,0,0,1
31688,0,0,0,0,1
31689,0,0,0,0,1
31690,0,0,0,0,1
31691,0,0,0,0,1
31692,0,0,0,0,1
31693,0,0,0,0,1
31694,0,0,0,0,1
31695,0,0,0,0,1
31696,0,0,0,0,1
31697,0,0,0,0,1
31698,0,0,0,0,1
31699,0,0,0,0,1
31700,0,0,0,0,1
31701,0,0,0,0,1
31702,0,0,0,0,1
31703,0,0,0,0,1
31704,0,0,0,0,1
31705,0,0,0,0,1
31706,0,0,0,0,1
31707,0,0,0,0,1
31708,0,0,0,0,1
31709,0,0,0,0,1
31710,0,0,0,0,1
31711,0,0,0,0,1
31712,0,0,0,0,1
31713,0,0,0,0,1
31714,0,0,0,0,1
31715,0,0,0,0,1
31716,0,0,0,0,1
31717,0,0,0,0,1
31718,0,0,0,0,1
31719,0,0,0,0,1
31720,0,0,0,0,1
31721,0,0,0,0,1
31722,0,0,0,0,1
31723,0,0,0,0,1
31724,0,0,0,0,1
31725,0,0,0,0,1
31726,0,0,0,0,1
31727,0,0,0,0,1
31728,0,0,0,0,1
31729,0,0,0,0,1
31730,0,0,0,0,1
31731,0,0,0,0,1
31732,0,0,0,0,1
31733,0,0,0,0,1
31734,0,0,0,0,1
31735,0,0,0,0,1
31736,0,0,0,0,1
31737,0,0,0,0,1
31738,0,0,0,0,1
31739,0,0,0,0,1
31740,0,0,0,0,1
31741,0,0,0,0,1
31742,0,0,0,0,1
31743,0,0,0,0,1
31744,0,0,0,0,1
31745,0,0,0,0,1
31746,0,0,0,0,1
31747,0,0,0,0,1
31748,1,0,0,0,0
31749,1,0,0,0,0
31750,1,0,0,0,0
31751,1,0,0,0,0
31752,1,0,0,0,0
31753,1,0,0,0,0
31754,1,0,0,0,0
31755,1,0,0,0,0
31756,1,0,0,0,0
31757,1,0,0,0,0
31758,1,0,0,0,0
31759,1,0,0,0,0
31760,1,0,0,0,0
31761,1,0,0,0,0
31762,1,0,0,0,0
31763,1,0,0,0,0
31764,1,0,0,0,0
31765,1,0,0,0,0
31766,1,0,0,0,0
31767,1,0,0,0,0
31768,1,0,0,0,0
31769,1,0,0,0,0
31770,1,0,0,0,0
31771,1,0,0,0,0
31772,1,0,0,0,0
31773,1,0,0,0,0
31774,1,0,0,0,0
31775,1,0,0,0,0
31776,1,0,0,0,0
31777,1,0,0,0,0
31778,1,0,0,0,0
31779,0,0,0,0,1
31780,0,0,0,0,1
31781,0,0,0,0,1
31782,0,0,0,0,1
31783,0,0,0,0,1
31784,0,0,0,0,1
31785,0,0,0,0,1
31786,0,0,0,0,1
31787,0,0,0,0,1
31788,0,0,0,0,1
31789,0,0,0,0,1
31790,0,0,0,0,1
31791,0,0,0,0,1
31792,0,0,0,0,1
31793,0,0,0,0,1
31794,0,0,0,0,1
31795,0,0,0,0,1
31796,0,0,0,0,1
31797,0,0,0,0,1
31798,0,0,0,0,1
31799,0,0,0,0,1
31800,0,0,0,0,1
31801,0,0,0,0,1
31802,0,0,0,0,1
31803,0,0,0,0,1
31804,0,0,0,0,1
31805,0,0,0,0,1
31806,0,0,0,0,1
31807,0,0,0,0,1
31808,0,0,0,0,1
31809,0,0,0,0,1
31810,0,0,0,0,1
31811,0,0,0,0,1
31812,0,0,0,0,1
31813,0,0,0,0,1
31814,0,0,0,0,1
31815,0,0,0,0,1
31816,0,0,0,0,1
31817,0,0,0,0,1
31818,0,0,0,0,1
31819,0,0,0,0,1
31820,0,0,0,0,1
31821,0,0,0,0,1
31822,0,0,0,0,1
31823,0,0,0,0,1
31824,0,0,0,0,1
31825,0,0,0,0,1
31826,0,0,0,0,1
31827,0,0,0,0,1
31828,0,0,0,0,1
31829,0,0,0,0,1
31830,0,0,0,0,1
31831,0,0,0,0,1
31832,0,0,0,0,1
31833,0,0,0,0,1
31834,0,0,0,0,1
31835,0,0,0,0,1
31836,0,0,0,0,1
31837,0,0,0,0,1
31838,0,0,0,0,1
31839,0,0,0,0,1
31840,0,0,0,0,1
31841,0,0,0,0,1
31842,0,0,0,0,1
31843,0,0,0,0,1
31844,0,0,0,0,1
31845,0,0,0,0,1
31846,0,0,0,0,1
31847,0,0,0,0,1
31848,0,0,0,0,1
31849,0,0,0,0,1
31850,0,0,0,0,1
31851,0,0,0,0,1
31852,0,0,0,0,1
31853,0,0,0,0,1
31854,1,0,0,0,0
31855,1,0,0,0,0
31856,1,0,0,0,0
31857,1,0,0,0,0
31858,1,0,0,0,0
31859,1,0,0,0,0
31860,1,0,0,0,0
31861,1,0,0,0,0
31862,1,0,0,0,0
31863,1,0,0,0,0
31864,1,0,0,0,0
31865,1,0,0,0,0
31866,1,0,0,0,0
31867,1,0,0,0,0
31868,1,0,0,0,0
31869,1,0,0,0,0
31870,1,0,0,0,0
31871,1,0,0,0,0
31872,1,0,0,0,0
31873,1,0,0,0,0
31874,1,0,0,0,0
31875,1,0,0,0,0
31876,1,0,0,0,0
31877,1,0,0,0,0
31878,1,0,0,0,0
31879,1,0,0,0,0
31880,1,0,0,0,0
31881,1,0,0,0,0
31882,1,0,0,0,0
31883,1,0,0,0,0
31884,1,0,0,0,0
31885,1,0,0,0,0
31886,1,0,0,0,0
31887,1,0,0,0,0
31888,1,0,0,0,0
31889,1,0,0,0,0
31890,1,0,0,0,0
31891,1,0,0,0,0
31892,1,0,0,0,0
31893,1,0,0,0,0
31894,1,0,0,0,0
31895,1,0,0,0,0
31896,1,0,0,0,0
31897,1,0,0,0,0
31898,1,0,0,0,0
31899,1,0,0,0,0
31900,1,0,0,0,0
31901,1,0,0,0,0
31902,1,0,0,0,0
31903,1,0,0,0,0
31904,1,0,0,0,0
31905,1,0,0,0,0
31906,1,0,0,0,0
31907,1,0,0,0,0
31908,1,0,0,0,0
31909,1,0,0,0,0
31910,1,0,0,0,0
31911,1,0,0,0,0
31912,1,0,0,0,0
31913,1,0,0,0,0
31914,1,0,0,0,0
31915,1,0,0,0,0
31916,1,0,0,0,0
31917,1,0,0,0,0
31918,1,0,0,0,0
31919,1,0,0,0,0
31920,1,0,0,0,0
31921,1,0,0,0,0
31922,1,0,0,0,0
31923,1,0,0,0,0
31924,1,0,0,0,0
31925,1,0,0,0,0
31926,1,0,0,0,0
31927,1,0,0,0,0
31928,1,0,0,0,0
31929,1,0,0,0,0
31930,1,0,0,0,0
31931,1,0,0,0,0
31932,1,0,0,0,0
31933,1,0,0,0,0
31934,1,0,0,0,0
31935,1,0,0,0,0
31936,1,0,0,0,0
31937,1,0,0,0,0
31938,1,0,0,0,0
31939,1,0,0,0,0
31940,1,0,0,0,0
31941,1,0,0,0,0
31942,1,0,0,0,0
31943,1,0,0,0,0
31944,1,0,0,0,0
31945,1,0,0,0,0
31946,1,0,0,0,0
31947,1,0,0,0,0
31948,1,0,0,0,0
31949,1,0,0,0,0
31950,1,0,0,0,0
31951,1,0,0,0,0
31952,1,0,0,0,0
31953,1,0,0,0,0
31954,1,0,0,0,0
31955,1,0,0,0,0
31956,1,0,0,0,0
31957,1,0,0,0,0
31958,1,0,0,0,0
31959,1,0,0,0,0
31960,1,0,0,0,0
31961,1,0,0,0,0
31962,1,0,0,0,0
31963,1,0,0,0,0
31964,1,0,0,0,0
31965,1,0,0,0,0
31966,1,0,0,0,0
31967,1,0,0,0,0
31968,1,0,0,0,0
31969,1,0,0,0,0
31970,1,0,0,0,0
31971,1,0,0,0,0
31972,1,0,0,0,0
31973,1,0,0,0,0
31974,1,0,0,0,0
31975,1,0,0,0,0
31976,1,0,0,0,0
31977,1,0,0,0,0
31978,1,0,0,0,0
31979,1,0,0,0,0
31980,1,0,0,0,0
31981,1,0,0,0,0
31982,1,0,0,0,0
31983,1,0,0,0,0
31984,1,0,0,0,0
31985,1,0,0,0,0
31986,1,0,0,0,0
31987,1,0,0,0,0
31988,1,0,0,0,0
31989,1,0,0,0,0
31990,1,0,0,0,0
31991,1,0,0,0,0
31992,1,0,0,0,0
31993,1,0,0,0,0
31994,1,0,0,0,0
31995,1,0,0,0,0
31996,1,0,0,0,0
31997,1,0,0,0,0
31998,1,0,0,0,0
31999,1,0,0,0,0
32000,1,0,0,0,0
32001,1,0,0,0,0
32002,1,0,0,0,0
32003,1,0,0,0,0
32004,1,0,0,0,0
32005,1,0,0,0,0
32006,1,0,0,0,0
32007,1,0,0,0,0
32008,1,0,0,0,0
32009,1,0,0,0,0
32010,1,0,0,0,0
32011,1,0,0,0,0
32012,1,0,0,0,0
32013,1,0,0,0,0
32014,1,0,0,0,0
32015,1,0,0,0,0
32016,1,0,0,0,0
32017,1,0,0,0,0
32018,1,0,0,0,0
32019,1,0,0,0,0
32020,1,0,0,0,0
32021,1,0,0,0,0
32022,1,0,0,0,0
32023,1,0,0,0,0
32024,1,0,0,0,0
32025,1,0,0,0,0
32026,1,0,0,0,0
32027,1,0,0,0,0
32028,1,0,0,0,0
32029,1,0,0,0,0
32030,1,0,0,0,0
32031,1,0,0,0,0
32032,1,0,0,0,0
32033,1,0,0,0,0
32034,1,0,0,0,0
32035,1,0,0,0,0
32036,1,0,0,0,0
32037,1,0,0,0,0
32038,1,0,0,0,0
32039,1,0,0,0,0
32040,1,0,0,0,0
32041,1,0,0,0,0
32042,1,0,0,0,0
32043,1,0,0,0,0
32044,1,0,0,0,0
32045,1,0,0,0,0
32046,1,0,0,0,0
32047,1,0,0,0,0
32048,1,0,0,0,0
32049,1,0,0,0,0
32050,1,0,0,0,0
32051,1,0,0,0,0
32052,1,0,0,0,0
32053,1,0,0,0,0
32054,1,0,0,0,0
32055,1,0,0,0,0
32056,1,0,0,0,0
32057,1,0,0,0,0
32058,1,0,0,0,0
32059,1,0,0,0,0
32060,1,0,0,0,0
32061,1,0,0,0,0
32062,1,0,0,0,0
32063,1,0,0,0,0
32064,1,0,0,0,0
32065,1,0,0,0,0
32066,1,0,0,0,0
32067,1,0,0,0,0
32068,1,0,0,0,0
32069,1,0,0,0,0
32070,1,0,0,0,0
32071,1,0,0,0,0
32072,1,0,0,0,0
32073,1,0,0,0,0
32074,1,0,0,0,0
32075,1,0,0,0,0
32076,1,0,0,0,0
32077,1,0,0,0,0
32078,1,0,0,0,0
32079,1,0,0,0,0
32080,1,0,0,0,0
32081,1,0,0,0,0
32082,1,0,0,0,0
32083,1,0,0,0,0
32084,1,0,0,0,0
32085,1,0,0,0,0
32086,1,0,0,0,0
32087,1,0,0,0,0
32088,1,0,0,0,0
32089,1,0,0,0,0
32090,1,0,0,0,0
32091,1,0,0,0,0
32092,1,0,0,0,0
32093,1,0,0,0,0
32094,1,0,0,0,0
32095,1,0,0,0,0
32096,1,0,0,0,0
32097,1,0,0,0,0
32098,1,0,0,0,0
32099,1,0,0,0,0
32100,1,0,0,0,0
32101,1,0,0,0,0
32102,1,0,0,0,0
32103,1,0,0,0,0
32104,1,0,0,0,0
32105,1,0,0,0,0
32106,1,0,0,0,0
32107,1,0,0,0,0
32108,1,0,0,0,0
32109,1,0,0,0,0
32110,1,0,0,0,0
32111,1,0,0,0,0
32112,1,0,0,0,0
32113,1,0,0,0,0
32114,1,0,0,0,0
32115,1,0,0,0,0
32116,1,0,0,0,0
32117,1,0,0,0,0
32118,1,0,0,0,0
32119,1,0,0,0,0
32120,1,0,0,0,0
32121,1,0,0,0,0
32122,1,0,0,0,0
32123,1,0,0,0,0
32124,1,0,0,0,0
32125,1,0,0,0,0
32126,1,0,0,0,0
32127,1,0,0,0,0
32128,1,0,0,0,0
32129,1,0,0,0,0
32130,1,0,0,0,0
32131,1,0,0,0,0
32132,1,0,0,0,0
32133,1,0,0,0,0
32134,1,0,0,0,0
32135,1,0,0,0,0
32136,1,0,0,0,0
32137,1,0,0,0,0
32138,1,0,0,0,0
32139,1,0,0,0,0
32140,1,0,0,0,0
32141,1,0,0,0,0
32142,1,0,0,0,0
32143,1,0,0,0,0
32144,1,0,0,0,0
32145,1,0,0,0,0
32146,1,0,0,0,0
32147,1,0,0,0,0
32148,1,0,0,0,0
32149,1,0,0,0,0
32150,1,0,0,0,0
32151,1,0,0,0,0
32152,1,0,0,0,0
32153,1,0,0,0,0
32154,1,0,0,0,0
32155,1,0,0,0,0
32156,1,0,0,0,0
32157,1,0,0,0,0
32158,1,0,0,0,0
32159,1,0,0,0,0
32160,1,0,0,0,0
32161,1,0,0,0,0
32162,1,0,0,0,0
32163,1,0,0,0,0
32164,1,0,0,0,0
32165,1,0,0,0,0
32166,1,0,0,0,0
32167,0,1,0,0,0
32168,0,1,0,0,0
32169,0,1,0,0,0
32170,0,1,0,0,0
32171,0,1,0,0,0
32172,0,1,0,0,0
32173,0,1,0,0,0
32174,0,1,0,0,0
32175,0,1,0,0,0
32176,0,1,0,0,0
32177,0,1,0,0,0
32178,0,1,0,0,0
32179,0,1,0,0,0
32180,0,1,0,0,0
32181,0,1,0,0,0
32182,0,1,0,0,0
32183,0,1,0,0,0
32184,0,1,0,0,0
32185,0,1,0,0,0
32186,0,1,0,0,0
32187,0,1,0,0,0
32188,0,1,0,0,0
32189,0,1,0,0,0
32190,0,1,0,0,0
32191,0,1,0,0,0
32192,0,1,0,0,0
32193,0,1,0,0,0
32194,0,1,0,0,0
32195,0,1,0,0,0
32196,0,1,0,0,0
32197,0,1,0,0,0
32198,0,1,0,0,0
32199,0,1,0,0,0
32200,0,1,0,0,0
32201,0,1,0,0,0
32202,1,0,0,0,0
32203,1,0,0,0,0
32204,1,0,0,0,0
32205,1,0,0,0,0
32206,1,0,0,0,0
32207,1,0,0,0,0
32208,1,0,0,0,0
32209,1,0,0,0,0
32210,1,0,0,0,0
32211,1,0,0,0,0
32212,1,0,0,0,0
32213,1,0,0,0,0
32214,1,0,0,0,0
32215,1,0,0,0,0
32216,1,0,0,0,0
32217,1,0,0,0,0
32218,1,0,0,0,0
32219,1,0,0,0,0
32220,1,0,0,0,0
32221,1,0,0,0,0
32222,1,0,0,0,0
32223,1,0,0,0,0
32224,1,0,0,0,0
32225,1,0,0,0,0
32226,1,0,0,0,0
32227,1,0,0,0,0
32228,1,0,0,0,0
32229,1,0,0,0,0
32230,1,0,0,0,0
32231,1,0,0,0,0
32232,1,0,0,0,0
32233,1,0,0,0,0
32234,1,0,0,0,0
32235,1,0,0,0,0
32236,1,0,0,0,0
32237,1,0,0,0,0
32238,1,0,0,0,0
32239,1,0,0,0,0
32240,1,0,0,0,0
32241,1,0,0,0,0
32242,1,0,0,0,0
32243,1,0,0,0,0
32244,1,0,0,0,0
32245,1,0,0,0,0
32246,1,0,0,0,0
32247,1,0,0,0,0
32248,1,0,0,0,0
32249,1,0,0,0,0
32250,1,0,0,0,0
32251,1,0,0,0,0
32252,1,0,0,0,0
32253,1,0,0,0,0
32254,1,0,0,0,0
32255,1,0,0,0,0
32256,1,0,0,0,0
32257,1,0,0,0,0
32258,1,0,0,0,0
32259,1,0,0,0,0
32260,1,0,0,0,0
32261,1,0,0,0,0
32262,1,0,0,0,0
32263,1,0,0,0,0
32264,1,0,0,0,0
32265,1,0,0,0,0
32266,1,0,0,0,0
32267,1,0,0,0,0
32268,1,0,0,0,0
32269,1,0,0,0,0
32270,1,0,0,0,0
32271,1,0,0,0,0
32272,1,0,0,0,0
32273,1,0,0,0,0
32274,0,1,0,0,0
32275,0,1,0,0,0
32276,0,1,0,0,0
32277,0,1,0,0,0
32278,0,1,0,0,0
32279,0,1,0,0,0
32280,0,1,0,0,0
32281,0,1,0,0,0
32282,0,1,0,0,0
32283,0,1,0,0,0
32284,0,1,0,0,0
32285,0,1,0,0,0
32286,0,1,0,0,0
32287,0,1,0,0,0
32288,0,1,0,0,0
32289,0,1,0,0,0
32290,0,1,0,0,0
32291,0,1,0,0,0
32292,0,1,0,0,0
32293,0,1,0,0,0
32294,0,1,0,0,0
32295,0,1,0,0,0
32296,0,1,0,0,0
32297,0,1,0,0,0
32298,0,1,0,0,0
32299,0,1,0,0,0
32300,0,1,0,0,0
32301,0,1,0,0,0
32302,0,1,0,0,0
32303,0,1,0,0,0
32304,0,1,0,0,0
32305,0,1,0,0,0
32306,0,1,0,0,0
32307,0,1,0,0,0
32308,0,1,0,0,0
32309,0,1,0,0,0
32310,0,1,0,0,0
32311,0,1,0,0,0
32312,0,1,0,0,0
32313,0,1,0,0,0
32314,0,1,0,0,0
32315,0,1,0,0,0
32316,0,1,0,0,0
32317,0,1,0,0,0
32318,0,1,0,0,0
32319,0,1,0,0,0
32320,0,1,0,0,0
32321,0,1,0,0,0
32322,0,1,0,0,0
32323,0,1,0,0,0
32324,0,1,0,0,0
32325,0,1,0,0,0
32326,0,1,0,0,0
32327,0,1,0,0,0
32328,0,1,0,0,0
32329,0,1,0,0,0
32330,0,1,0,0,0
32331,0,1,0,0,0
32332,0,1,0,0,0
32333,0,1,0,0,0
32334,0,1,0,0,0
32335,0,1,0,0,0
32336,0,1,0,0,0
32337,0,1,0,0,0
32338,0,1,0,0,0
32339,0,1,0,0,0
32340,0,1,0,0,0
32341,0,1,0,0,0
32342,0,1,0,0,0
32343,0,1,0,0,0
32344,0,1,0,0,0
32345,0,1,0,0,0
32346,0,1,0,0,0
32347,0,1,0,0,0
32348,0,1,0,0,0
32349,0,1,0,0,0
32350,0,1,0,0,0
32351,0,1,0,0,0
32352,0,1,0,0,0
32353,0,1,0,0,0
32354,0,1,0,0,0
32355,0,1,0,0,0
32356,0,1,0,0,0
32357,0,1,0,0,0
32358,1,0,0,0,0
32359,1,0,0,0,0
32360,1,0,0,0,0
32361,1,0,0,0,0
32362,1,0,0,0,0
32363,1,0,0,0,0
32364,1,0,0,0,0
32365,1,0,0,0,0
32366,1,0,0,0,0
32367,1,0,0,0,0
32368,1,0,0,0,0
32369,1,0,0,0,0
32370,1,0,0,0,0
32371,1,0,0,0,0
32372,1,0,0,0,0
32373,1,0,0,0,0
32374,1,0,0,0,0
32375,1,0,0,0,0
32376,1,0,0,0,0
32377,1,0,0,0,0
32378,1,0,0,0,0
32379,1,0,0,0,0
32380,1,0,0,0,0
32381,1,0,0,0,0
32382,1,0,0,0,0
32383,1,0,0,0,0
32384,1,0,0,0,0
32385,1,0,0,0,0
32386,1,0,0,0,0
32387,1,0,0,0,0
32388,1,0,0,0,0
32389,1,0,0,0,0
32390,1,0,0,0,0
32391,1,0,0,0,0
32392,1,0,0,0,0
32393,1,0,0,0,0
32394,1,0,0,0,0
32395,1,0,0,0,0
32396,1,0,0,0,0
32397,1,0,0,0,0
32398,1,0,0,0,0
32399,1,0,0,0,0
32400,1,0,0,0,0
32401,1,0,0,0,0
32402,1,0,0,0,0
32403,1,0,0,0,0
32404,1,0,0,0,0
32405,1,0,0,0,0
32406,1,0,0,0,0
32407,1,0,0,0,0
32408,1,0,0,0,0
32409,1,0,0,0,0
32410,1,0,0,0,0
32411,1,0,0,0,0
32412,1,0,0,0,0
32413,1,0,0,0,0
32414,1,0,0,0,0
32415,1,0,0,0,0
32416,1,0,0,0,0
32417,1,0,0,0,0
32418,1,0,0,0,0
32419,1,0,0,0,0
32420,1,0,0,0,0
32421,1,0,0,0,0
32422,1,0,0,0,0
32423,1,0,0,0,0
32424,1,0,0,0,0
32425,1,0,0,0,0
32426,1,0,0,0,0
32427,1,0,0,0,0
32428,1,0,0,0,0
32429,1,0,0,0,0
32430,1,0,0,0,0
32431,1,0,0,0,0
32432,1,0,0,0,0
32433,1,0,0,0,0
32434,1,0,0,0,0
32435,1,0,0,0,0
32436,1,0,0,0,0
32437,1,0,0,0,0
32438,1,0,0,0,0
32439,1,0,0,0,0
32440,1,0,0,0,0
32441,1,0,0,0,0
32442,1,0,0,0,0
32443,1,0,0,0,0
32444,1,0,0,0,0
32445,1,0,0,0,0
32446,1,0,0,0,0
32447,1,0,0,0,0
32448,1,0,0,0,0
32449,1,0,0,0,0
32450,1,0,0,0,0
32451,1,0,0,0,0
32452,1,0,0,0,0
32453,1,0,0,0,0
32454,1,0,0,0,0
32455,1,0,0,0,0
32456,1,0,0,0,0
32457,1,0,0,0,0
32458,1,0,0,0,0
32459,1,0,0,0,0
32460,1,0,0,0,0
32461,1,0,0,0,0
32462,1,0,0,0,0
32463,1,0,0,0,0
32464,1,0,0,0,0
32465,1,0,0,0,0
32466,1,0,0,0,0
32467,1,0,0,0,0
32468,1,0,0,0,0
32469,1,0,0,0,0
32470,1,0,0,0,0
32471,1,0,0,0,0
32472,1,0,0,0,0
32473,1,0,0,0,0
32474,1,0,0,0,0
32475,1,0,0,0,0
32476,1,0,0,0,0
32477,1,0,0,0,0
32478,1,0,0,0,0
32479,1,0,0,0,0
32480,1,0,0,0,0
32481,1,0,0,0,0
32482,1,0,0,0,0
32483,1,0,0,0,0
32484,1,0,0,0,0
32485,1,0,0,0,0
32486,1,0,0,0,0
32487,1,0,0,0,0
32488,1,0,0,0,0
32489,1,0,0,0,0
32490,1,0,0,0,0
32491,1,0,0,0,0
32492,1,0,0,0,0
32493,1,0,0,0,0
32494,1,0,0,0,0
32495,1,0,0,0,0
32496,1,0,0,0,0
32497,1,0,0,0,0
32498,1,0,0,0,0
32499,1,0,0,0,0
32500,1,0,0,0,0
32501,1,0,0,0,0
32502,1,0,0,0,0
32503,1,0,0,0,0
32504,1,0,0,0,0
32505,1,0,0,0,0
32506,1,0,0,0,0
32507,1,0,0,0,0
32508,1,0,0,0,0
32509,1,0,0,0,0
32510,0,1,0,0,0
32511,0,1,0,0,0
32512,0,1,0,0,0
32513,0,1,0,0,0
32514,0,1,0,0,0
32515,0,1,0,0,0
32516,0,1,0,0,0
32517,0,1,0,0,0
32518,0,1,0,0,0
32519,0,1,0,0,0
32520,0,1,0,0,0
32521,0,1,0,0,0
32522,0,1,0,0,0
32523,0,1,0,0,0
32524,0,1,0,0,0
32525,0,1,0,0,0
32526,0,1,0,0,0
32527,0,1,0,0,0
32528,0,1,0,0,0
32529,0,1,0,0,0
32530,0,1,0,0,0
32531,0,1,0,0,0
32532,0,1,0,0,0
32533,0,1,0,0,0
32534,0,1,0,0,0
32535,0,1,0,0,0
32536,0,1,0,0,0
32537,0,1,0,0,0
32538,0,1,0,0,0
32539,0,1,0,0,0
32540,0,1,0,0,0
32541,0,1,0,0,0
32542,0,1,0,0,0
32543,0,1,0,0,0
32544,0,1,0,0,0
32545,0,1,0,0,0
32546,0,1,0,0,0
32547,0,1,0,0,0
32548,0,1,0,0,0
32549,0,1,0,0,0
32550,0,1,0,0,0
32551,0,1,0,0,0
32552,0,1,0,0,0
32553,0,1,0,0,0
32554,0,1,0,0,0
32555,0,1,0,0,0
32556,0,1,0,0,0
32557,0,1,0,0,0
32558,0,1,0,0,0
32559,0,1,0,0,0
32560,0,1,0,0,0
32561,0,1,0,0,0
32562,0,1,0,0,0
32563,0,1,0,0,0
32564,0,1,0,0,0
32565,0,1,0,0,0
32566,0,1,0,0,0
32567,1,0,0,0,0
32568,1,0,0,0,0
32569,1,0,0,0,0
32570,1,0,0,0,0
32571,1,0,0,0,0
32572,1,0,0,0,0
32573,1,0,0,0,0
32574,1,0,0,0,0
32575,1,0,0,0,0
32576,1,0,0,0,0
32577,1,0,0,0,0
32578,1,0,0,0,0
32579,0,1,0,0,0
32580,0,1,0,0,0
32581,0,1,0,0,0
32582,0,1,0,0,0
32583,0,1,0,0,0
32584,0,1,0,0,0
32585,0,1,0,0,0
32586,0,1,0,0,0
32587,0,1,0,0,0
32588,0,1,0,0,0
32589,0,1,0,0,0
32590,0,1,0,0,0
32591,0,1,0,0,0
32592,0,1,0,0,0
32593,0,1,0,0,0
32594,0,1,0,0,0
32595,0,1,0,0,0
32596,0,1,0,0,0
32597,0,1,0,0,0
32598,0,1,0,0,0
32599,0,1,0,0,0
32600,0,1,0,0,0
32601,0,1,0,0,0
32602,0,1,0,0,0
32603,0,1,0,0,0
32604,0,1,0,0,0
32605,0,1,0,0,0
32606,0,1,0,0,0
32607,0,1,0,0,0
32608,0,1,0,0,0
32609,0,1,0,0,0
32610,0,1,0,0,0
32611,0,1,0,0,0
32612,0,1,0,0,0
32613,0,1,0,0,0
32614,0,1,0,0,0
32615,0,1,0,0,0
32616,0,1,0,0,0
32617,0,1,0,0,0
32618,0,1,0,0,0
32619,0,1,0,0,0
32620,0,1,0,0,0
32621,0,1,0,0,0
32622,0,1,0,0,0
32623,0,1,0,0,0
32624,0,1,0,0,0
32625,0,1,0,0,0
32626,0,1,0,0,0
32627,0,1,0,0,0
32628,0,1,0,0,0
32629,0,1,0,0,0
32630,0,1,0,0,0
32631,0,1,0,0,0
32632,0,1,0,0,0
32633,0,1,0,0,0
32634,0,1,0,0,0
32635,0,1,0,0,0
32636,0,1,0,0,0
32637,0,1,0,0,0
32638,0,1,0,0,0
32639,0,1,0,0,0
32640,0,1,0,0,0
32641,0,1,0,0,0
32642,0,1,0,0,0
32643,0,1,0,0,0
32644,0,1,0,0,0
32645,0,1,0,0,0
32646,0,1,0,0,0
32647,0,1,0,0,0
32648,0,1,0,0,0
32649,0,1,0,0,0
32650,0,1,0,0,0
32651,0,1,0,0,0
32652,0,1,0,0,0
32653,0,1,0,0,0
32654,1,0,0,0,0
32655,1,0,0,0,0
32656,1,0,0,0,0
32657,1,0,0,0,0
32658,1,0,0,0,0
32659,1,0,0,0,0
32660,1,0,0,0,0
32661,1,0,0,0,0
32662,1,0,0,0,0
32663,1,0,0,0,0
32664,1,0,0,0,0
32665,1,0,0,0,0
32666,1,0,0,0,0
32667,1,0,0,0,0
32668,1,0,0,0,0
32669,1,0,0,0,0
32670,1,0,0,0,0
32671,1,0,0,0,0
32672,1,0,0,0,0
32673,1,0,0,0,0
32674,1,0,0,0,0
32675,1,0,0,0,0
32676,1,0,0,0,0
32677,1,0,0,0,0
32678,1,0,0,0,0
32679,1,0,0,0,0
32680,1,0,0,0,0
32681,1,0,0,0,0
32682,1,0,0,0,0
32683,1,0,0,0,0
32684,1,0,0,0,0
32685,1,0,0,0,0
32686,1,0,0,0,0
32687,1,0,0,0,0
32688,1,0,0,0,0
32689,1,0,0,0,0
32690,1,0,0,0,0
32691,1,0,0,0,0
32692,1,0,0,0,0
32693,1,0,0,0,0
32694,1,0,0,0,0
32695,1,0,0,0,0
32696,1,0,0,0,0
32697,1,0,0,0,0
32698,1,0,0,0,0
32699,1,0,0,0,0
32700,1,0,0,0,0
32701,1,0,0,0,0
32702,1,0,0,0,0
32703,1,0,0,0,0
32704,1,0,0,0,0
32705,1,0,0,0,0
32706,1,0,0,0,0
32707,1,0,0,0,0
32708,1,0,0,0,0
32709,1,0,0,0,0
32710,1,0,0,0,0
32711,1,0,0,0,0
32712,1,0,0,0,0
32713,1,0,0,0,0
32714,1,0,0,0,0
32715,1,0,0,0,0
32716,1,0,0,0,0
32717,1,0,0,0,0
32718,1,0,0,0,0
32719,1,0,0,0,0
32720,1,0,0,0,0
32721,1,0,0,0,0
32722,1,0,0,0,0
32723,1,0,0,0,0
32724,1,0,0,0,0
32725,1,0,0,0,0
32726,1,0,0,0,0
32727,1,0,0,0,0
32728,1,0,0,0,0
32729,1,0,0,0,0
32730,1,0,0,0,0
32731,1,0,0,0,0
32732,1,0,0,0,0
32733,1,0,0,0,0
32734,1,0,0,0,0
32735,1,0,0,0,0
32736,1,0,0,0,0
32737,1,0,0,0,0
32738,1,0,0,0,0
32739,1,0,0,0,0
32740,1,0,0,0,0
32741,1,0,0,0,0
32742,1,0,0,0,0
32743,1,0,0,0,0
32744,1,0,0,0,0
32745,1,0,0,0,0
32746,1,0,0,0,0
32747,1,0,0,0,0
32748,1,0,0,0,0
32749,1,0,0,0,0
32750,1,0,0,0,0
32751,1,0,0,0,0
32752,1,0,0,0,0
32753,1,0,0,0,0
32754,1,0,0,0,0
32755,1,0,0,0,0
32756,1,0,0,0,0
32757,1,0,0,0,0
32758,1,0,0,0,0
32759,1,0,0,0,0
32760,1,0,0,0,0
32761,1,0,0,0,0
32762,1,0,0,0,0
32763,1,0,0,0,0
32764,1,0,0,0,0
32765,1,0,0,0,0
32766,1,0,0,0,0
32767,1,0,0,0,0
32768,1,0,0,0,0
32769,1,0,0,0,0
32770,1,0,0,0,0
32771,1,0,0,0,0
32772,1,0,0,0,0
32773,1,0,0,0,0
32774,1,0,0,0,0
32775,1,0,0,0,0
32776,1,0,0,0,0
32777,1,0,0,0,0
32778,1,0,0,0,0
32779,1,0,0,0,0
32780,1,0,0,0,0
32781,1,0,0,0,0
32782,1,0,0,0,0
32783,1,0,0,0,0
32784,1,0,0,0,0
32785,1,0,0,0,0
32786,1,0,0,0,0
32787,1,0,0,0,0
32788,1,0,0,0,0
32789,1,0,0,0,0
32790,1,0,0,0,0
32791,1,0,0,0,0
32792,1,0,0,0,0
32793,1,0,0,0,0
32794,1,0,0,0,0
32795,1,0,0,0,0
32796,1,0,0,0,0
32797,1,0,0,0,0
32798,1,0,0,0,0
32799,0,0,0,0,1
32800,0,0,0,0,1
32801,0,0,0,0,1
32802,0,0,0,0,1
32803,0,0,0,0,1
32804,0,0,0,0,1
32805,0,0,0,0,1
32806,0,0,0,0,1
32807,0,0,0,0,1
32808,0,0,0,0,1
32809,0,0,0,0,1
32810,0,0,0,0,1
32811,0,0,0,0,1
32812,0,0,0,0,1
32813,0,0,0,0,1
32814,0,0,0,0,1
32815,0,0,0,0,1
32816,0,0,0,0,1
32817,0,0,0,0,1
32818,0,0,0,0,1
32819,0,0,0,0,1
32820,0,0,0,0,1
32821,0,0,0,0,1
32822,0,0,0,0,1
32823,0,0,0,0,1
32824,0,0,0,0,1
32825,0,0,0,0,1
32826,0,0,0,0,1
32827,0,0,0,0,1
32828,0,0,0,0,1
32829,0,0,0,0,1
32830,0,0,0,0,1
32831,0,0,0,0,1
32832,0,0,0,0,1
32833,0,0,0,0,1
32834,0,0,0,0,1
32835,0,0,0,0,1
32836,0,0,0,0,1
32837,0,0,0,0,1
32838,0,0,0,0,1
32839,0,0,0,0,1
32840,0,0,0,0,1
32841,0,0,0,0,1
32842,0,0,0,0,1
32843,0,0,0,0,1
32844,0,0,0,0,1
32845,0,0,0,0,1
32846,0,0,0,0,1
32847,0,0,0,0,1
32848,0,0,0,0,1
32849,0,0,0,0,1
32850,0,0,0,0,1
32851,0,0,0,0,1
32852,0,0,0,0,1
32853,1,0,0,0,0
32854,1,0,0,0,0
32855,1,0,0,0,0
32856,1,0,0,0,0
32857,1,0,0,0,0
32858,1,0,0,0,0
32859,1,0,0,0,0
32860,1,0,0,0,0
32861,1,0,0,0,0
32862,1,0,0,0,0
32863,1,0,0,0,0
32864,1,0,0,0,0
32865,1,0,0,0,0
32866,1,0,0,0,0
32867,1,0,0,0,0
32868,1,0,0,0,0
32869,1,0,0,0,0
32870,1,0,0,0,0
32871,1,0,0,0,0
32872,1,0,0,0,0
32873,1,0,0,0,0
32874,1,0,0,0,0
32875,1,0,0,0,0
32876,1,0,0,0,0
32877,1,0,0,0,0
32878,1,0,0,0,0
32879,1,0,0,0,0
32880,1,0,0,0,0
32881,1,0,0,0,0
32882,1,0,0,0,0
32883,1,0,0,0,0
32884,1,0,0,0,0
32885,1,0,0,0,0
32886,1,0,0,0,0
32887,1,0,0,0,0
32888,1,0,0,0,0
32889,1,0,0,0,0
32890,1,0,0,0,0
32891,1,0,0,0,0
32892,1,0,0,0,0
32893,1,0,0,0,0
32894,1,0,0,0,0
32895,1,0,0,0,0
32896,1,0,0,0,0
32897,1,0,0,0,0
32898,1,0,0,0,0
32899,1,0,0,0,0
32900,1,0,0,0,0
32901,1,0,0,0,0
32902,1,0,0,0,0
32903,1,0,0,0,0
32904,1,0,0,0,0
32905,1,0,0,0,0
32906,1,0,0,0,0
32907,1,0,0,0,0
32908,1,0,0,0,0
32909,1,0,0,0,0
32910,1,0,0,0,0
32911,1,0,0,0,0
32912,1,0,0,0,0
32913,1,0,0,0,0
32914,1,0,0,0,0
32915,1,0,0,0,0
32916,1,0,0,0,0
32917,1,0,0,0,0
32918,1,0,0,0,0
32919,1,0,0,0,0
32920,1,0,0,0,0
32921,1,0,0,0,0
32922,1,0,0,0,0
32923,1,0,0,0,0
32924,0,0,0,0,1
32925,0,0,0,0,1
32926,0,0,0,0,1
32927,0,0,0,0,1
32928,0,0,0,0,1
32929,0,0,0,0,1
32930,0,0,0,0,1
32931,0,0,0,0,1
32932,0,0,0,0,1
32933,0,0,0,0,1
32934,0,0,0,0,1
32935,0,0,0,0,1
32936,0,0,0,0,1
32937,0,0,0,0,1
32938,0,0,0,0,1
32939,0,0,0,0,1
32940,0,0,0,0,1
32941,0,0,0,0,1
32942,0,0,0,0,1
32943,0,0,0,0,1
32944,0,0,0,0,1
32945,0,0,0,0,1
32946,0,0,0,0,1
32947,0,0,0,0,1
32948,0,0,0,0,1
32949,0,0,0,0,1
32950,0,0,0,0,1
32951,0,0,0,0,1
32952,0,0,0,0,1
32953,0,0,0,0,1
32954,0,0,0,0,1
32955,0,0,0,0,1
32956,0,0,0,0,1
32957,0,0,0,0,1
32958,0,0,0,0,1
32959,0,0,0,0,1
32960,0,0,0,0,1
32961,0,0,0,0,1
32962,0,0,0,0,1
32963,0,0,0,0,1
32964,0,0,0,0,1
32965,0,0,0,0,1
32966,0,0,0,0,1
32967,0,0,0,0,1
32968,0,0,0,0,1
32969,0,0,0,0,1
32970,0,0,0,0,1
32971,0,0,0,0,1
32972,0,0,0,0,1
32973,0,0,0,0,1
32974,0,0,0,0,1
32975,0,0,0,0,1
32976,0,0,0,0,1
32977,0,0,0,0,1
32978,1,0,0,0,0
32979,1,0,0,0,0
32980,1,0,0,0,0
32981,1,0,0,0,0
32982,1,0,0,0,0
32983,1,0,0,0,0
32984,1,0,0,0,0
32985,1,0,0,0,0
32986,1,0,0,0,0
32987,1,0,0,0,0
32988,1,0,0,0,0
32989,1,0,0,0,0
32990,1,0,0,0,0
32991,1,0,0,0,0
32992,1,0,0,0,0
32993,1,0,0,0,0
32994,1,0,0,0,0
32995,1,0,0,0,0
32996,1,0,0,0,0
32997,1,0,0,0,0
32998,1,0,0,0,0
32999,1,0,0,0,0
33000,1,0,0,0,0
33001,1,0,0,0,0
33002,1,0,0,0,0
33003,1,0,0,0,0
33004,1,0,0,0,0
33005,1,0,0,0,0
33006,1,0,0,0,0
33007,1,0,0,0,0
33008,1,0,0,0,0
33009,1,0,0,0,0
33010,1,0,0,0,0
33011,1,0,0,0,0
33012,1,0,0,0,0
33013,1,0,0,0,0
33014,1,0,0,0,0
33015,1,0,0,0,0
33016,1,0,0,0,0
33017,1,0,0,0,0
33018,1,0,0,0,0
33019,1,0,0,0,0
33020,1,0,0,0,0
33021,1,0,0,0,0
33022,1,0,0,0,0
33023,1,0,0,0,0
33024,1,0,0,0,0
33025,1,0,0,0,0
33026,1,0,0,0,0
33027,1,0,0,0,0
33028,1,0,0,0,0
33029,1,0,0,0,0
33030,1,0,0,0,0
33031,1,0,0,0,0
33032,1,0,0,0,0
33033,1,0,0,0,0
33034,1,0,0,0,0
33035,1,0,0,0,0
33036,1,0,0,0,0
33037,1,0,0,0,0
33038,1,0,0,0,0
33039,1,0,0,0,0
33040,1,0,0,0,0
33041,1,0,0,0,0
33042,1,0,0,0,0
33043,1,0,0,0,0
33044,1,0,0,0,0
33045,1,0,0,0,0
33046,1,0,0,0,0
33047,1,0,0,0,0
33048,1,0,0,0,0
33049,1,0,0,0,0
33050,1,0,0,0,0
33051,1,0,0,0,0
33052,1,0,0,0,0
33053,1,0,0,0,0
33054,1,0,0,0,0
33055,1,0,0,0,0
33056,1,0,0,0,0
33057,1,0,0,0,0
33058,1,0,0,0,0
33059,1,0,0,0,0
33060,1,0,0,0,0
33061,1,0,0,0,0
33062,0,1,0,0,0
33063,0,1,0,0,0
33064,0,1,0,0,0
33065,0,1,0,0,0
33066,0,1,0,0,0
33067,0,1,0,0,0
33068,0,1,0,0,0
33069,0,1,0,0,0
33070,0,1,0,0,0
33071,0,1,0,0,0
33072,0,1,0,0,0
33073,0,1,0,0,0
33074,0,1,0,0,0
33075,0,1,0,0,0
33076,0,1,0,0,0
33077,0,1,0,0,0
33078,0,1,0,0,0
33079,0,1,0,0,0
33080,0,1,0,0,0
33081,0,1,0,0,0
33082,0,1,0,0,0
33083,0,1,0,0,0
33084,0,1,0,0,0
33085,0,1,0,0,0
33086,0,1,0,0,0
33087,0,1,0,0,0
33088,0,1,0,0,0
33089,0,1,0,0,0
33090,0,1,0,0,0
33091,0,1,0,0,0
33092,0,1,0,0,0
33093,0,1,0,0,0
33094,0,1,0,0,0
33095,0,1,0,0,0
33096,0,1,0,0,0
33097,0,1,0,0,0
33098,0,1,0,0,0
33099,0,1,0,0,0
33100,0,1,0,0,0
33101,0,1,0,0,0
33102,0,1,0,0,0
33103,0,1,0,0,0
33104,0,1,0,0,0
33105,0,1,0,0,0
33106,0,1,0,0,0
33107,0,1,0,0,0
33108,0,1,0,0,0
33109,0,1,0,0,0
33110,1,0,0,0,0
33111,1,0,0,0,0
33112,1,0,0,0,0
33113,1,0,0,0,0
33114,1,0,0,0,0
33115,1,0,0,0,0
33116,1,0,0,0,0
33117,1,0,0,0,0
33118,1,0,0,0,0
33119,1,0,0,0,0
33120,1,0,0,0,0
33121,1,0,0,0,0
33122,1,0,0,0,0
33123,1,0,0,0,0
33124,1,0,0,0,0
33125,1,0,0,0,0
33126,1,0,0,0,0
33127,1,0,0,0,0
33128,1,0,0,0,0
33129,1,0,0,0,0
33130,1,0,0,0,0
33131,1,0,0,0,0
33132,1,0,0,0,0
33133,1,0,0,0,0
33134,1,0,0,0,0
33135,1,0,0,0,0
33136,1,0,0,0,0
33137,1,0,0,0,0
33138,1,0,0,0,0
33139,1,0,0,0,0
33140,1,0,0,0,0
33141,1,0,0,0,0
33142,1,0,0,0,0
33143,1,0,0,0,0
33144,1,0,0,0,0
33145,1,0,0,0,0
33146,1,0,0,0,0
33147,1,0,0,0,0
33148,1,0,0,0,0
33149,1,0,0,0,0
33150,1,0,0,0,0
33151,1,0,0,0,0
33152,1,0,0,0,0
33153,1,0,0,0,0
33154,1,0,0,0,0
33155,1,0,0,0,0
33156,1,0,0,0,0
33157,1,0,0,0,0
33158,1,0,0,0,0
33159,1,0,0,0,0
33160,1,0,0,0,0
33161,1,0,0,0,0
33162,1,0,0,0,0
33163,1,0,0,0,0
33164,1,0,0,0,0
33165,1,0,0,0,0
33166,1,0,0,0,0
33167,1,0,0,0,0
33168,1,0,0,0,0
33169,1,0,0,0,0
33170,1,0,0,0,0
33171,1,0,0,0,0
33172,1,0,0,0,0
33173,1,0,0,0,0
33174,1,0,0,0,0
33175,1,0,0,0,0
33176,1,0,0,0,0
33177,1,0,0,0,0
33178,1,0,0,0,0
33179,1,0,0,0,0
33180,1,0,0,0,0
33181,1,0,0,0,0
33182,1,0,0,0,0
33183,1,0,0,0,0
33184,1,0,0,0,0
33185,1,0,0,0,0
33186,1,0,0,0,0
33187,1,0,0,0,0
33188,1,0,0,0,0
33189,1,0,0,0,0
33190,1,0,0,0,0
33191,1,0,0,0,0
33192,1,0,0,0,0
33193,1,0,0,0,0
33194,1,0,0,0,0
33195,1,0,0,0,0
33196,1,0,0,0,0
33197,1,0,0,0,0
33198,1,0,0,0,0
33199,1,0,0,0,0
33200,1,0,0,0,0
33201,1,0,0,0,0
33202,1,0,0,0,0
33203,1,0,0,0,0
33204,1,0,0,0,0
33205,1,0,0,0,0
33206,1,0,0,0,0
33207,1,0,0,0,0
33208,1,0,0,0,0
33209,1,0,0,0,0
33210,1,0,0,0,0
33211,1,0,0,0,0
33212,1,0,0,0,0
33213,1,0,0,0,0
33214,1,0,0,0,0
33215,1,0,0,0,0
33216,1,0,0,0,0
33217,1,0,0,0,0
33218,1,0,0,0,0
33219,1,0,0,0,0
33220,1,0,0,0,0
33221,1,0,0,0,0
33222,1,0,0,0,0
33223,1,0,0,0,0
33224,1,0,0,0,0
33225,1,0,0,0,0
33226,1,0,0,0,0
33227,1,0,0,0,0
33228,1,0,0,0,0
33229,1,0,0,0,0
33230,1,0,0,0,0
33231,1,0,0,0,0
33232,1,0,0,0,0
33233,1,0,0,0,0
33234,1,0,0,0,0
33235,1,0,0,0,0
33236,1,0,0,0,0
33237,1,0,0,0,0
33238,1,0,0,0,0
33239,1,0,0,0,0
33240,1,0,0,0,0
33241,1,0,0,0,0
33242,1,0,0,0,0
33243,1,0,0,0,0
33244,1,0,0,0,0
33245,1,0,0,0,0
33246,1,0,0,0,0
33247,1,0,0,0,0
33248,1,0,0,0,0
33249,1,0,0,0,0
33250,1,0,0,0,0
33251,1,0,0,0,0
33252,1,0,0,0,0
33253,1,0,0,0,0
33254,1,0,0,0,0
33255,1,0,0,0,0
33256,1,0,0,0,0
33257,1,0,0,0,0
33258,1,0,0,0,0
33259,1,0,0,0,0
33260,1,0,0,0,0
33261,1,0,0,0,0
33262,1,0,0,0,0
33263,1,0,0,0,0
33264,1,0,0,0,0
33265,1,0,0,0,0
33266,1,0,0,0,0
33267,1,0,0,0,0
33268,1,0,0,0,0
33269,1,0,0,0,0
33270,1,0,0,0,0
33271,1,0,0,0,0
33272,1,0,0,0,0
33273,1,0,0,0,0
33274,1,0,0,0,0
33275,1,0,0,0,0
33276,1,0,0,0,0
33277,1,0,0,0,0
33278,1,0,0,0,0
33279,1,0,0,0,0
33280,1,0,0,0,0
33281,1,0,0,0,0
33282,1,0,0,0,0
33283,1,0,0,0,0
33284,1,0,0,0,0
33285,1,0,0,0,0
33286,1,0,0,0,0
33287,1,0,0,0,0
33288,1,0,0,0,0
33289,1,0,0,0,0
33290,1,0,0,0,0
33291,1,0,0,0,0
33292,1,0,0,0,0
33293,1,0,0,0,0
33294,1,0,0,0,0
33295,1,0,0,0,0
33296,1,0,0,0,0
33297,1,0,0,0,0
33298,1,0,0,0,0
33299,1,0,0,0,0
33300,1,0,0,0,0
33301,1,0,0,0,0
33302,1,0,0,0,0
33303,1,0,0,0,0
33304,1,0,0,0,0
33305,1,0,0,0,0
33306,1,0,0,0,0
33307,1,0,0,0,0
33308,1,0,0,0,0
33309,1,0,0,0,0
33310,1,0,0,0,0
33311,1,0,0,0,0
33312,1,0,0,0,0
33313,1,0,0,0,0
33314,1,0,0,0,0
33315,1,0,0,0,0
33316,1,0,0,0,0
33317,1,0,0,0,0
33318,1,0,0,0,0
33319,1,0,0,0,0
33320,1,0,0,0,0
33321,1,0,0,0,0
33322,1,0,0,0,0
33323,1,0,0,0,0
33324,1,0,0,0,0
33325,1,0,0,0,0
33326,1,0,0,0,0
33327,1,0,0,0,0
33328,1,0,0,0,0
33329,1,0,0,0,0
33330,1,0,0,0,0
33331,1,0,0,0,0
33332,1,0,0,0,0
33333,1,0,0,0,0
33334,1,0,0,0,0
33335,1,0,0,0,0
33336,1,0,0,0,0
33337,1,0,0,0,0
33338,1,0,0,0,0
33339,1,0,0,0,0
33340,1,0,0,0,0
33341,1,0,0,0,0
33342,1,0,0,0,0
33343,1,0,0,0,0
33344,1,0,0,0,0
33345,1,0,0,0,0
33346,1,0,0,0,0
33347,1,0,0,0,0
33348,1,0,0,0,0
33349,1,0,0,0,0
33350,1,0,0,0,0
33351,1,0,0,0,0
33352,1,0,0,0,0
33353,1,0,0,0,0
33354,1,0,0,0,0
33355,1,0,0,0,0
33356,1,0,0,0,0
33357,1,0,0,0,0
33358,1,0,0,0,0
33359,1,0,0,0,0
33360,1,0,0,0,0
33361,1,0,0,0,0
33362,1,0,0,0,0
33363,1,0,0,0,0
33364,1,0,0,0,0
33365,1,0,0,0,0
33366,1,0,0,0,0
33367,1,0,0,0,0
33368,1,0,0,0,0
33369,1,0,0,0,0
33370,1,0,0,0,0
33371,1,0,0,0,0
33372,1,0,0,0,0
33373,1,0,0,0,0
33374,1,0,0,0,0
33375,1,0,0,0,0
33376,1,0,0,0,0
33377,1,0,0,0,0
33378,1,0,0,0,0
33379,1,0,0,0,0
33380,1,0,0,0,0
33381,1,0,0,0,0
33382,1,0,0,0,0
33383,1,0,0,0,0
33384,1,0,0,0,0
33385,1,0,0,0,0
33386,1,0,0,0,0
33387,1,0,0,0,0
33388,1,0,0,0,0
33389,1,0,0,0,0
33390,1,0,0,0,0
33391,1,0,0,0,0
33392,1,0,0,0,0
33393,1,0,0,0,0
33394,1,0,0,0,0
33395,1,0,0,0,0
33396,1,0,0,0,0
33397,1,0,0,0,0
33398,1,0,0,0,0
33399,1,0,0,0,0
33400,1,0,0,0,0
33401,1,0,0,0,0
33402,1,0,0,0,0
33403,1,0,0,0,0
33404,1,0,0,0,0
33405,1,0,0,0,0
33406,1,0,0,0,0
33407,1,0,0,0,0
33408,1,0,0,0,0
33409,1,0,0,0,0
33410,1,0,0,0,0
33411,1,0,0,0,0
33412,1,0,0,0,0
33413,1,0,0,0,0
33414,1,0,0,0,0
33415,1,0,0,0,0
33416,1,0,0,0,0
33417,1,0,0,0,0
33418,1,0,0,0,0
33419,1,0,0,0,0
33420,1,0,0,0,0
33421,1,0,0,0,0
33422,1,0,0,0,0
33423,1,0,0,0,0
33424,1,0,0,0,0
33425,1,0,0,0,0
33426,1,0,0,0,0
33427,1,0,0,0,0
33428,1,0,0,0,0
33429,1,0,0,0,0
33430,1,0,0,0,0
33431,1,0,0,0,0
33432,1,0,0,0,0
33433,1,0,0,0,0
33434,1,0,0,0,0
33435,1,0,0,0,0
33436,1,0,0,0,0
33437,1,0,0,0,0
33438,1,0,0,0,0
33439,1,0,0,0,0
33440,1,0,0,0,0
33441,1,0,0,0,0
33442,1,0,0,0,0
33443,1,0,0,0,0
33444,1,0,0,0,0
33445,1,0,0,0,0
33446,1,0,0,0,0
33447,1,0,0,0,0
33448,1,0,0,0,0
33449,1,0,0,0,0
33450,1,0,0,0,0
33451,1,0,0,0,0
33452,1,0,0,0,0
33453,1,0,0,0,0
33454,1,0,0,0,0
33455,1,0,0,0,0
33456,1,0,0,0,0
33457,1,0,0,0,0
33458,1,0,0,0,0
33459,1,0,0,0,0
33460,1,0,0,0,0
33461,1,0,0,0,0
33462,1,0,0,0,0
33463,1,0,0,0,0
33464,1,0,0,0,0
33465,1,0,0,0,0
33466,1,0,0,0,0
33467,1,0,0,0,0
33468,1,0,0,0,0
33469,1,0,0,0,0
33470,1,0,0,0,0
33471,1,0,0,0,0
33472,1,0,0,0,0
33473,1,0,0,0,0
33474,1,0,0,0,0
33475,1,0,0,0,0
33476,1,0,0,0,0
33477,1,0,0,0,0
33478,1,0,0,0,0
33479,1,0,0,0,0
33480,1,0,0,0,0
33481,1,0,0,0,0
33482,1,0,0,0,0
33483,1,0,0,0,0
33484,1,0,0,0,0
33485,1,0,0,0,0
33486,1,0,0,0,0
33487,1,0,0,0,0
33488,1,0,0,0,0
33489,1,0,0,0,0
33490,1,0,0,0,0
33491,1,0,0,0,0
33492,1,0,0,0,0
33493,1,0,0,0,0
33494,1,0,0,0,0
33495,1,0,0,0,0
33496,1,0,0,0,0
33497,1,0,0,0,0
33498,1,0,0,0,0
33499,1,0,0,0,0
33500,1,0,0,0,0
33501,1,0,0,0,0
33502,1,0,0,0,0
33503,1,0,0,0,0
33504,1,0,0,0,0
33505,1,0,0,0,0
33506,1,0,0,0,0
33507,1,0,0,0,0
33508,1,0,0,0,0
33509,1,0,0,0,0
33510,1,0,0,0,0
33511,1,0,0,0,0
33512,1,0,0,0,0
33513,1,0,0,0,0
33514,1,0,0,0,0
33515,1,0,0,0,0
33516,1,0,0,0,0
33517,1,0,0,0,0
33518,1,0,0,0,0
33519,1,0,0,0,0
33520,1,0,0,0,0
33521,1,0,0,0,0
33522,1,0,0,0,0
33523,1,0,0,0,0
33524,1,0,0,0,0
33525,1,0,0,0,0
33526,1,0,0,0,0
33527,1,0,0,0,0
33528,1,0,0,0,0
33529,1,0,0,0,0
33530,1,0,0,0,0
33531,1,0,0,0,0
33532,1,0,0,0,0
33533,1,0,0,0,0
33534,1,0,0,0,0
33535,1,0,0,0,0
33536,1,0,0,0,0
33537,1,0,0,0,0
33538,1,0,0,0,0
33539,1,0,0,0,0
33540,1,0,0,0,0
33541,1,0,0,0,0
33542,1,0,0,0,0
33543,1,0,0,0,0
33544,1,0,0,0,0
33545,1,0,0,0,0
33546,1,0,0,0,0
33547,1,0,0,0,0
33548,1,0,0,0,0
33549,1,0,0,0,0
33550,1,0,0,0,0
33551,1,0,0,0,0
33552,1,0,0,0,0
33553,1,0,0,0,0
33554,1,0,0,0,0
33555,1,0,0,0,0
33556,1,0,0,0,0
33557,1,0,0,0,0
33558,1,0,0,0,0
33559,1,0,0,0,0
33560,1,0,0,0,0
33561,1,0,0,0,0
33562,1,0,0,0,0
33563,1,0,0,0,0
33564,1,0,0,0,0
33565,1,0,0,0,0
33566,1,0,0,0,0
33567,1,0,0,0,0
33568,1,0,0,0,0
33569,1,0,0,0,0
33570,1,0,0,0,0
33571,1,0,0,0,0
33572,1,0,0,0,0
33573,1,0,0,0,0
33574,1,0,0,0,0
33575,1,0,0,0,0
33576,1,0,0,0,0
33577,1,0,0,0,0
33578,1,0,0,0,0
33579,1,0,0,0,0
33580,1,0,0,0,0
33581,1,0,0,0,0
33582,1,0,0,0,0
33583,1,0,0,0,0
33584,1,0,0,0,0
33585,1,0,0,0,0
33586,1,0,0,0,0
33587,1,0,0,0,0
33588,1,0,0,0,0
33589,1,0,0,0,0
33590,1,0,0,0,0
33591,1,0,0,0,0
33592,1,0,0,0,0
33593,1,0,0,0,0
33594,1,0,0,0,0
33595,1,0,0,0,0
33596,1,0,0,0,0
33597,1,0,0,0,0
33598,1,0,0,0,0
33599,1,0,0,0,0
33600,1,0,0,0,0
33601,1,0,0,0,0
33602,1,0,0,0,0
33603,1,0,0,0,0
33604,1,0,0,0,0
33605,1,0,0,0,0
33606,1,0,0,0,0
33607,1,0,0,0,0
33608,1,0,0,0,0
33609,1,0,0,0,0
33610,1,0,0,0,0
33611,1,0,0,0,0
33612,1,0,0,0,0
33613,1,0,0,0,0
33614,1,0,0,0,0
33615,1,0,0,0,0
33616,1,0,0,0,0
33617,1,0,0,0,0
33618,1,0,0,0,0
33619,1,0,0,0,0
33620,1,0,0,0,0
33621,1,0,0,0,0
33622,1,0,0,0,0
33623,1,0,0,0,0
33624,1,0,0,0,0
33625,1,0,0,0,0
33626,1,0,0,0,0
33627,1,0,0,0,0
33628,1,0,0,0,0
33629,1,0,0,0,0
33630,1,0,0,0,0
33631,1,0,0,0,0
33632,1,0,0,0,0
33633,1,0,0,0,0
33634,1,0,0,0,0
33635,1,0,0,0,0
33636,1,0,0,0,0
33637,1,0,0,0,0
33638,1,0,0,0,0
33639,1,0,0,0,0
33640,1,0,0,0,0
33641,1,0,0,0,0
33642,1,0,0,0,0
33643,1,0,0,0,0
33644,1,0,0,0,0
33645,1,0,0,0,0
33646,1,0,0,0,0
33647,1,0,0,0,0
33648,1,0,0,0,0
33649,1,0,0,0,0
33650,1,0,0,0,0
33651,1,0,0,0,0
33652,1,0,0,0,0
33653,1,0,0,0,0
33654,1,0,0,0,0
33655,1,0,0,0,0
33656,1,0,0,0,0
33657,1,0,0,0,0
33658,1,0,0,0,0
33659,1,0,0,0,0
33660,0,0,0,0,1
33661,0,0,0,0,1
33662,0,0,0,0,1
33663,0,0,0,0,1
33664,0,0,0,0,1
33665,0,0,0,0,1
33666,0,0,0,0,1
33667,0,0,0,0,1
33668,0,0,0,0,1
33669,0,0,0,0,1
33670,0,0,0,0,1
33671,0,0,0,0,1
33672,0,0,0,0,1
33673,0,0,0,0,1
33674,0,0,0,0,1
33675,0,0,0,0,1
33676,0,0,0,0,1
33677,0,0,0,0,1
33678,0,0,0,0,1
33679,0,0,0,0,1
33680,0,0,0,0,1
33681,0,0,0,0,1
33682,0,0,0,0,1
33683,0,0,0,0,1
33684,0,0,0,0,1
33685,0,0,0,0,1
33686,0,0,0,0,1
33687,0,0,0,0,1
33688,0,0,0,0,1
33689,0,0,0,0,1
33690,0,0,0,0,1
33691,0,0,0,0,1
33692,0,0,0,0,1
33693,0,0,0,0,1
33694,0,0,0,0,1
33695,0,0,0,0,1
33696,0,0,0,0,1
33697,0,0,0,0,1
33698,0,0,0,0,1
33699,0,0,0,0,1
33700,0,0,0,0,1
33701,0,0,0,0,1
33702,0,0,0,0,1
33703,0,0,0,0,1
33704,0,0,0,0,1
33705,0,0,0,0,1
33706,0,0,0,0,1
33707,0,0,0,0,1
33708,0,0,0,0,1
33709,0,0,0,0,1
33710,0,0,0,0,1
33711,0,0,0,0,1
33712,0,0,0,0,1
33713,0,0,0,0,1
33714,0,0,0,0,1
33715,0,0,0,0,1
33716,0,0,0,0,1
33717,0,0,0,0,1
33718,0,0,0,0,1
33719,0,0,0,0,1
33720,0,0,0,0,1
33721,0,0,0,0,1
33722,0,0,0,0,1
33723,0,0,0,0,1
33724,0,0,0,0,1
33725,0,0,0,0,1
33726,0,0,0,0,1
33727,0,0,0,0,1
33728,0,0,0,0,1
33729,0,0,0,0,1
33730,0,0,0,0,1
33731,0,0,0,0,1
33732,0,0,0,0,1
33733,0,0,0,0,1
33734,0,0,0,0,1
33735,0,0,0,0,1
33736,0,0,0,0,1
33737,0,0,0,0,1
33738,0,0,0,0,1
33739,0,0,0,0,1
33740,0,0,0,0,1
33741,0,0,0,0,1
33742,0,0,0,0,1
33743,0,0,0,0,1
33744,0,0,0,0,1
33745,1,0,0,0,0
33746,1,0,0,0,0
33747,1,0,0,0,0
33748,1,0,0,0,0
33749,1,0,0,0,0
33750,1,0,0,0,0
33751,1,0,0,0,0
33752,1,0,0,0,0
33753,1,0,0,0,0
33754,1,0,0,0,0
33755,1,0,0,0,0
33756,1,0,0,0,0
33757,1,0,0,0,0
33758,1,0,0,0,0
33759,1,0,0,0,0
33760,1,0,0,0,0
33761,1,0,0,0,0
33762,1,0,0,0,0
33763,1,0,0,0,0
33764,1,0,0,0,0
33765,1,0,0,0,0
33766,1,0,0,0,0
33767,1,0,0,0,0
33768,1,0,0,0,0
33769,1,0,0,0,0
33770,1,0,0,0,0
33771,1,0,0,0,0
33772,1,0,0,0,0
33773,1,0,0,0,0
33774,1,0,0,0,0
33775,1,0,0,0,0
33776,1,0,0,0,0
33777,1,0,0,0,0
33778,1,0,0,0,0
33779,1,0,0,0,0
33780,1,0,0,0,0
33781,1,0,0,0,0
33782,1,0,0,0,0
33783,1,0,0,0,0
33784,1,0,0,0,0
33785,1,0,0,0,0
33786,1,0,0,0,0
33787,1,0,0,0,0
33788,1,0,0,0,0
33789,1,0,0,0,0
33790,1,0,0,0,0
33791,1,0,0,0,0
33792,1,0,0,0,0
33793,1,0,0,0,0
33794,1,0,0,0,0
33795,1,0,0,0,0
33796,1,0,0,0,0
33797,1,0,0,0,0
33798,1,0,0,0,0
33799,1,0,0,0,0
33800,1,0,0,0,0
33801,1,0,0,0,0
33802,1,0,0,0,0
33803,1,0,0,0,0
33804,1,0,0,0,0
33805,1,0,0,0,0
33806,1,0,0,0,0
33807,1,0,0,0,0
33808,1,0,0,0,0
33809,1,0,0,0,0
33810,1,0,0,0,0
33811,1,0,0,0,0
33812,1,0,0,0,0
33813,1,0,0,0,0
33814,1,0,0,0,0
33815,1,0,0,0,0
33816,1,0,0,0,0
33817,1,0,0,0,0
33818,1,0,0,0,0
33819,1,0,0,0,0
33820,1,0,0,0,0
33821,1,0,0,0,0
33822,1,0,0,0,0
33823,1,0,0,0,0
33824,1,0,0,0,0
33825,1,0,0,0,0
33826,1,0,0,0,0
33827,1,0,0,0,0
33828,1,0,0,0,0
33829,1,0,0,0,0
33830,1,0,0,0,0
33831,1,0,0,0,0
33832,1,0,0,0,0
33833,1,0,0,0,0
33834,1,0,0,0,0
33835,1,0,0,0,0
33836,1,0,0,0,0
33837,1,0,0,0,0
33838,1,0,0,0,0
33839,1,0,0,0,0
33840,1,0,0,0,0
33841,1,0,0,0,0
33842,1,0,0,0,0
33843,1,0,0,0,0
33844,1,0,0,0,0
33845,1,0,0,0,0
33846,1,0,0,0,0
33847,1,0,0,0,0
33848,1,0,0,0,0
33849,1,0,0,0,0
33850,1,0,0,0,0
33851,1,0,0,0,0
33852,1,0,0,0,0
33853,1,0,0,0,0
33854,1,0,0,0,0
33855,1,0,0,0,0
33856,1,0,0,0,0
33857,1,0,0,0,0
33858,1,0,0,0,0
33859,1,0,0,0,0
33860,1,0,0,0,0
33861,1,0,0,0,0
33862,1,0,0,0,0
33863,1,0,0,0,0
33864,1,0,0,0,0
33865,1,0,0,0,0
33866,1,0,0,0,0
33867,1,0,0,0,0
33868,1,0,0,0,0
33869,1,0,0,0,0
33870,1,0,0,0,0
33871,1,0,0,0,0
33872,1,0,0,0,0
33873,1,0,0,0,0
33874,1,0,0,0,0
33875,1,0,0,0,0
33876,1,0,0,0,0
33877,1,0,0,0,0
33878,1,0,0,0,0
33879,1,0,0,0,0
33880,1,0,0,0,0
33881,1,0,0,0,0
33882,1,0,0,0,0
33883,1,0,0,0,0
33884,1,0,0,0,0
33885,1,0,0,0,0
33886,1,0,0,0,0
33887,1,0,0,0,0
33888,1,0,0,0,0
33889,1,0,0,0,0
33890,1,0,0,0,0
33891,1,0,0,0,0
33892,1,0,0,0,0
33893,1,0,0,0,0
33894,1,0,0,0,0
33895,1,0,0,0,0
33896,1,0,0,0,0
33897,1,0,0,0,0
33898,1,0,0,0,0
33899,1,0,0,0,0
33900,1,0,0,0,0
33901,1,0,0,0,0
33902,1,0,0,0,0
33903,1,0,0,0,0
33904,1,0,0,0,0
33905,1,0,0,0,0
33906,1,0,0,0,0
33907,1,0,0,0,0
33908,1,0,0,0,0
33909,1,0,0,0,0
33910,1,0,0,0,0
33911,1,0,0,0,0
33912,1,0,0,0,0
33913,1,0,0,0,0
33914,1,0,0,0,0
33915,1,0,0,0,0
33916,1,0,0,0,0
33917,1,0,0,0,0
33918,1,0,0,0,0
33919,1,0,0,0,0
33920,1,0,0,0,0
33921,1,0,0,0,0
33922,1,0,0,0,0
33923,1,0,0,0,0
33924,1,0,0,0,0
33925,1,0,0,0,0
33926,1,0,0,0,0
33927,1,0,0,0,0
33928,1,0,0,0,0
33929,1,0,0,0,0
33930,1,0,0,0,0
33931,1,0,0,0,0
33932,1,0,0,0,0
33933,1,0,0,0,0
33934,1,0,0,0,0
33935,1,0,0,0,0
33936,1,0,0,0,0
33937,1,0,0,0,0
33938,1,0,0,0,0
33939,1,0,0,0,0
33940,1,0,0,0,0
33941,1,0,0,0,0
33942,1,0,0,0,0
33943,1,0,0,0,0
33944,1,0,0,0,0
33945,1,0,0,0,0
33946,1,0,0,0,0
33947,1,0,0,0,0
33948,1,0,0,0,0
33949,1,0,0,0,0
33950,1,0,0,0,0
33951,1,0,0,0,0
33952,1,0,0,0,0
33953,1,0,0,0,0
33954,1,0,0,0,0
33955,1,0,0,0,0
33956,1,0,0,0,0
33957,1,0,0,0,0
33958,1,0,0,0,0
33959,1,0,0,0,0
33960,1,0,0,0,0
33961,1,0,0,0,0
33962,1,0,0,0,0
33963,1,0,0,0,0
33964,1,0,0,0,0
33965,1,0,0,0,0
33966,1,0,0,0,0
33967,1,0,0,0,0
33968,1,0,0,0,0
33969,1,0,0,0,0
33970,1,0,0,0,0
33971,1,0,0,0,0
33972,1,0,0,0,0
33973,1,0,0,0,0
33974,1,0,0,0,0
33975,1,0,0,0,0
33976,1,0,0,0,0
33977,1,0,0,0,0
33978,1,0,0,0,0
33979,1,0,0,0,0
33980,1,0,0,0,0
33981,1,0,0,0,0
33982,1,0,0,0,0
33983,1,0,0,0,0
33984,1,0,0,0,0
33985,1,0,0,0,0
33986,1,0,0,0,0
33987,1,0,0,0,0
33988,1,0,0,0,0
33989,1,0,0,0,0
33990,1,0,0,0,0
33991,1,0,0,0,0
33992,1,0,0,0,0
33993,1,0,0,0,0
33994,1,0,0,0,0
33995,1,0,0,0,0
33996,1,0,0,0,0
33997,1,0,0,0,0
33998,1,0,0,0,0
33999,1,0,0,0,0
34000,1,0,0,0,0
34001,1,0,0,0,0
34002,1,0,0,0,0
34003,1,0,0,0,0
34004,1,0,0,0,0
34005,1,0,0,0,0
34006,1,0,0,0,0
34007,1,0,0,0,0
34008,1,0,0,0,0
34009,1,0,0,0,0
34010,1,0,0,0,0
34011,1,0,0,0,0
34012,1,0,0,0,0
34013,1,0,0,0,0
34014,1,0,0,0,0
34015,1,0,0,0,0
34016,1,0,0,0,0
34017,1,0,0,0,0
34018,1,0,0,0,0
34019,1,0,0,0,0
34020,1,0,0,0,0
34021,1,0,0,0,0
34022,1,0,0,0,0
34023,1,0,0,0,0
34024,1,0,0,0,0
34025,1,0,0,0,0
34026,1,0,0,0,0
34027,1,0,0,0,0
34028,1,0,0,0,0
34029,1,0,0,0,0
34030,1,0,0,0,0
34031,1,0,0,0,0
34032,1,0,0,0,0
34033,1,0,0,0,0
34034,1,0,0,0,0
34035,1,0,0,0,0
34036,1,0,0,0,0
34037,1,0,0,0,0
34038,1,0,0,0,0
34039,1,0,0,0,0
34040,1,0,0,0,0
34041,1,0,0,0,0
34042,1,0,0,0,0
34043,1,0,0,0,0
34044,1,0,0,0,0
34045,1,0,0,0,0
34046,1,0,0,0,0
34047,1,0,0,0,0
34048,1,0,0,0,0
34049,1,0,0,0,0
34050,1,0,0,0,0
34051,1,0,0,0,0
34052,1,0,0,0,0
34053,1,0,0,0,0
34054,1,0,0,0,0
34055,1,0,0,0,0
34056,1,0,0,0,0
34057,1,0,0,0,0
34058,1,0,0,0,0
34059,1,0,0,0,0
34060,1,0,0,0,0
34061,1,0,0,0,0
34062,1,0,0,0,0
34063,1,0,0,0,0
34064,1,0,0,0,0
34065,1,0,0,0,0
34066,1,0,0,0,0
34067,1,0,0,0,0
34068,1,0,0,0,0
34069,1,0,0,0,0
34070,1,0,0,0,0
34071,1,0,0,0,0
34072,1,0,0,0,0
34073,1,0,0,0,0
34074,1,0,0,0,0
34075,1,0,0,0,0
34076,1,0,0,0,0
34077,1,0,0,0,0
34078,1,0,0,0,0
34079,1,0,0,0,0
34080,1,0,0,0,0
34081,1,0,0,0,0
34082,1,0,0,0,0
34083,1,0,0,0,0
34084,0,1,0,0,0
34085,0,1,0,0,0
34086,0,1,0,0,0
34087,0,1,0,0,0
34088,0,1,0,0,0
34089,0,1,0,0,0
34090,0,1,0,0,0
34091,0,1,0,0,0
34092,0,1,0,0,0
34093,0,1,0,0,0
34094,0,1,0,0,0
34095,0,1,0,0,0
34096,0,1,0,0,0
34097,0,1,0,0,0
34098,0,1,0,0,0
34099,0,1,0,0,0
34100,0,1,0,0,0
34101,0,1,0,0,0
34102,0,1,0,0,0
34103,0,1,0,0,0
34104,0,1,0,0,0
34105,0,1,0,0,0
34106,0,1,0,0,0
34107,0,1,0,0,0
34108,0,1,0,0,0
34109,0,1,0,0,0
34110,0,1,0,0,0
34111,0,1,0,0,0
34112,0,1,0,0,0
34113,0,1,0,0,0
34114,0,1,0,0,0
34115,0,1,0,0,0
34116,0,1,0,0,0
34117,0,1,0,0,0
34118,0,1,0,0,0
34119,0,1,0,0,0
34120,0,1,0,0,0
34121,0,1,0,0,0
34122,0,1,0,0,0
34123,0,1,0,0,0
34124,0,1,0,0,0
34125,0,1,0,0,0
34126,0,1,0,0,0
34127,0,1,0,0,0
34128,0,1,0,0,0
34129,0,1,0,0,0
34130,0,1,0,0,0
34131,0,1,0,0,0
34132,0,1,0,0,0
34133,0,1,0,0,0
34134,0,1,0,0,0
34135,0,1,0,0,0
34136,0,1,0,0,0
34137,0,1,0,0,0
34138,0,1,0,0,0
34139,0,1,0,0,0
34140,0,1,0,0,0
34141,0,1,0,0,0
34142,0,1,0,0,0
34143,0,1,0,0,0
34144,1,0,0,0,0
34145,1,0,0,0,0
34146,1,0,0,0,0
34147,1,0,0,0,0
34148,1,0,0,0,0
34149,1,0,0,0,0
34150,1,0,0,0,0
34151,1,0,0,0,0
34152,1,0,0,0,0
34153,1,0,0,0,0
34154,1,0,0,0,0
34155,1,0,0,0,0
34156,1,0,0,0,0
34157,1,0,0,0,0
34158,1,0,0,0,0
34159,1,0,0,0,0
34160,1,0,0,0,0
34161,1,0,0,0,0
34162,1,0,0,0,0
34163,1,0,0,0,0
34164,1,0,0,0,0
34165,1,0,0,0,0
34166,1,0,0,0,0
34167,1,0,0,0,0
34168,1,0,0,0,0
34169,1,0,0,0,0
34170,1,0,0,0,0
34171,1,0,0,0,0
34172,1,0,0,0,0
34173,1,0,0,0,0
34174,0,0,0,0,1
34175,0,0,0,0,1
34176,0,0,0,0,1
34177,0,0,0,0,1
34178,0,0,0,0,1
34179,0,0,0,0,1
34180,0,0,0,0,1
34181,0,0,0,0,1
34182,0,0,0,0,1
34183,0,0,0,0,1
34184,0,0,0,0,1
34185,0,0,0,0,1
34186,0,0,0,0,1
34187,0,0,0,0,1
34188,0,0,0,0,1
34189,0,0,0,0,1
34190,0,0,0,0,1
34191,0,0,0,0,1
34192,0,0,0,0,1
34193,0,0,0,0,1
34194,0,0,0,0,1
34195,0,0,0,0,1
34196,0,0,0,0,1
34197,0,0,0,0,1
34198,0,0,0,0,1
34199,0,0,0,0,1
34200,0,0,0,0,1
34201,0,0,0,0,1
34202,0,0,0,0,1
34203,0,0,0,0,1
34204,0,0,0,0,1
34205,0,0,0,0,1
34206,0,0,0,0,1
34207,0,0,0,0,1
34208,0,0,0,0,1
34209,0,0,0,0,1
34210,0,0,0,0,1
34211,0,0,0,0,1
34212,0,0,0,0,1
34213,0,0,0,0,1
34214,0,0,0,0,1
34215,0,0,0,0,1
34216,0,0,0,0,1
34217,0,0,0,0,1
34218,0,0,0,0,1
34219,0,0,0,0,1
34220,0,0,0,0,1
34221,0,0,0,0,1
34222,0,0,0,0,1
34223,0,0,0,0,1
34224,1,0,0,0,0
34225,1,0,0,0,0
34226,1,0,0,0,0
34227,1,0,0,0,0
34228,1,0,0,0,0
34229,1,0,0,0,0
34230,1,0,0,0,0
34231,1,0,0,0,0
34232,1,0,0,0,0
34233,1,0,0,0,0
34234,1,0,0,0,0
34235,1,0,0,0,0
34236,1,0,0,0,0
34237,1,0,0,0,0
34238,1,0,0,0,0
34239,1,0,0,0,0
34240,1,0,0,0,0
34241,1,0,0,0,0
34242,1,0,0,0,0
34243,1,0,0,0,0
34244,1,0,0,0,0
34245,1,0,0,0,0
34246,1,0,0,0,0
34247,1,0,0,0,0
34248,1,0,0,0,0
34249,1,0,0,0,0
34250,1,0,0,0,0
34251,1,0,0,0,0
34252,1,0,0,0,0
34253,1,0,0,0,0
34254,1,0,0,0,0
34255,1,0,0,0,0
34256,1,0,0,0,0
34257,1,0,0,0,0
34258,1,0,0,0,0
34259,1,0,0,0,0
34260,1,0,0,0,0
34261,1,0,0,0,0
34262,1,0,0,0,0
34263,1,0,0,0,0
34264,1,0,0,0,0
34265,1,0,0,0,0
34266,1,0,0,0,0
34267,1,0,0,0,0
34268,1,0,0,0,0
34269,1,0,0,0,0
34270,1,0,0,0,0
34271,1,0,0,0,0
34272,1,0,0,0,0
34273,1,0,0,0,0
34274,1,0,0,0,0
34275,1,0,0,0,0
34276,1,0,0,0,0
34277,1,0,0,0,0
34278,1,0,0,0,0
34279,1,0,0,0,0
34280,1,0,0,0,0
34281,1,0,0,0,0
34282,1,0,0,0,0
34283,1,0,0,0,0
34284,1,0,0,0,0
34285,1,0,0,0,0
34286,1,0,0,0,0
34287,1,0,0,0,0
34288,1,0,0,0,0
34289,1,0,0,0,0
34290,1,0,0,0,0
34291,1,0,0,0,0
34292,1,0,0,0,0
34293,1,0,0,0,0
34294,1,0,0,0,0
34295,1,0,0,0,0
34296,1,0,0,0,0
34297,1,0,0,0,0
34298,1,0,0,0,0
34299,1,0,0,0,0
34300,1,0,0,0,0
34301,1,0,0,0,0
34302,1,0,0,0,0
34303,1,0,0,0,0
34304,1,0,0,0,0
34305,1,0,0,0,0
34306,1,0,0,0,0
34307,1,0,0,0,0
34308,1,0,0,0,0
34309,1,0,0,0,0
34310,1,0,0,0,0
34311,1,0,0,0,0
34312,1,0,0,0,0
34313,1,0,0,0,0
34314,1,0,0,0,0
34315,1,0,0,0,0
34316,1,0,0,0,0
34317,1,0,0,0,0
34318,1,0,0,0,0
34319,1,0,0,0,0
34320,1,0,0,0,0
34321,1,0,0,0,0
34322,1,0,0,0,0
34323,1,0,0,0,0
34324,1,0,0,0,0
34325,1,0,0,0,0
34326,1,0,0,0,0
34327,1,0,0,0,0
34328,1,0,0,0,0
34329,1,0,0,0,0
34330,1,0,0,0,0
34331,1,0,0,0,0
34332,1,0,0,0,0
34333,1,0,0,0,0
34334,1,0,0,0,0
34335,1,0,0,0,0
34336,1,0,0,0,0
34337,1,0,0,0,0
34338,1,0,0,0,0
34339,1,0,0,0,0
34340,1,0,0,0,0
34341,1,0,0,0,0
34342,1,0,0,0,0
34343,1,0,0,0,0
34344,1,0,0,0,0
34345,1,0,0,0,0
34346,1,0,0,0,0
34347,1,0,0,0,0
34348,1,0,0,0,0
34349,1,0,0,0,0
34350,1,0,0,0,0
34351,1,0,0,0,0
34352,1,0,0,0,0
34353,1,0,0,0,0
34354,1,0,0,0,0
34355,1,0,0,0,0
34356,1,0,0,0,0
34357,1,0,0,0,0
34358,0,0,0,0,1
34359,0,0,0,0,1
34360,0,0,0,0,1
34361,0,0,0,0,1
34362,0,0,0,0,1
34363,0,0,0,0,1
34364,0,0,0,0,1
34365,0,0,0,0,1
34366,0,0,0,0,1
34367,0,0,0,0,1
34368,0,0,0,0,1
34369,0,0,0,0,1
34370,0,0,0,0,1
34371,0,0,0,0,1
34372,0,0,0,0,1
34373,0,0,0,0,1
34374,0,0,0,0,1
34375,0,0,0,0,1
34376,0,0,0,0,1
34377,0,0,0,0,1
34378,0,0,0,0,1
34379,0,0,0,0,1
34380,0,0,0,0,1
34381,0,0,0,0,1
34382,0,0,0,0,1
34383,0,0,0,0,1
34384,0,0,0,0,1
34385,0,0,0,0,1
34386,0,0,0,0,1
34387,0,0,0,0,1
34388,0,0,0,0,1
34389,0,0,0,0,1
34390,0,0,0,0,1
34391,0,0,0,0,1
34392,0,0,0,0,1
34393,0,0,0,0,1
34394,0,0,0,0,1
34395,0,0,0,0,1
34396,0,0,0,0,1
34397,0,0,0,0,1
34398,0,0,0,0,1
34399,0,0,0,0,1
34400,0,0,0,0,1
34401,0,0,0,0,1
34402,0,0,0,0,1
34403,0,0,0,0,1
34404,0,0,0,0,1
34405,0,0,0,0,1
34406,0,0,0,0,1
34407,0,0,0,0,1
34408,0,0,0,0,1
34409,0,0,0,0,1
34410,0,0,0,0,1
34411,0,0,0,0,1
34412,0,0,0,0,1
34413,0,0,0,0,1
34414,0,0,0,0,1
34415,0,0,0,0,1
34416,0,0,0,0,1
34417,0,0,0,0,1
34418,0,0,0,0,1
34419,0,0,0,0,1
34420,0,0,0,0,1
34421,0,0,0,0,1
34422,0,0,0,0,1
34423,0,0,0,0,1
34424,0,0,0,0,1
34425,0,0,0,0,1
34426,0,0,0,0,1
34427,0,0,0,0,1
34428,0,0,0,0,1
34429,0,0,0,0,1
34430,0,0,0,0,1
34431,0,0,0,0,1
34432,0,0,0,0,1
34433,0,0,0,0,1
34434,0,0,0,0,1
34435,0,0,0,0,1
34436,0,0,0,0,1
34437,0,0,0,0,1
34438,0,0,0,0,1
34439,0,0,0,0,1
34440,0,0,0,0,1
34441,0,0,0,0,1
34442,0,0,0,0,1
34443,0,0,0,0,1
34444,0,0,0,0,1
34445,0,0,0,0,1
34446,0,0,0,0,1
34447,0,0,0,0,1
34448,0,0,0,0,1
34449,0,0,0,0,1
34450,0,0,0,0,1
34451,0,0,0,0,1
34452,0,0,0,0,1
34453,0,0,0,0,1
34454,0,0,0,0,1
34455,0,0,0,0,1
34456,0,0,0,0,1
34457,0,0,0,0,1
34458,0,0,0,0,1
34459,0,0,0,0,1
34460,0,0,0,0,1
34461,0,0,0,0,1
34462,0,0,0,0,1
34463,0,0,0,0,1
34464,0,0,0,0,1
34465,0,0,0,0,1
34466,0,0,0,0,1
34467,0,0,0,0,1
34468,0,0,0,0,1
34469,0,0,0,0,1
34470,0,0,0,0,1
34471,0,0,0,0,1
34472,0,0,0,0,1
34473,0,0,0,0,1
34474,0,0,0,0,1
34475,0,0,0,0,1
34476,0,0,0,0,1
34477,0,0,0,0,1
34478,0,0,0,0,1
34479,0,0,0,0,1
34480,0,0,0,0,1
34481,0,0,0,0,1
34482,0,0,0,0,1
34483,0,0,0,0,1
34484,0,0,0,0,1
34485,0,0,0,0,1
34486,0,0,0,0,1
34487,0,0,0,0,1
34488,0,0,0,0,1
34489,0,0,0,0,1
34490,0,0,0,0,1
34491,0,0,0,0,1
34492,0,0,0,0,1
34493,0,0,0,0,1
34494,0,0,0,0,1
34495,0,0,0,0,1
34496,0,0,0,0,1
34497,0,0,0,0,1
34498,0,0,0,0,1
34499,0,0,0,0,1
34500,0,0,0,0,1
34501,0,0,0,0,1
34502,0,0,0,0,1
34503,0,0,0,0,1
34504,0,0,0,0,1
34505,0,0,0,0,1
34506,0,0,0,0,1
34507,0,0,0,0,1
34508,0,0,0,0,1
34509,0,0,0,0,1
34510,0,0,0,0,1
34511,0,0,0,0,1
34512,0,0,0,0,1
34513,0,0,0,0,1
34514,0,0,0,0,1
34515,0,0,0,0,1
34516,0,0,0,0,1
34517,0,0,0,0,1
34518,0,0,0,0,1
34519,0,0,0,0,1
34520,0,0,0,0,1
34521,0,0,0,0,1
34522,0,0,0,0,1
34523,0,0,0,0,1
34524,0,0,0,0,1
34525,0,0,0,0,1
34526,0,0,0,0,1
34527,0,0,0,0,1
34528,0,0,0,0,1
34529,0,0,0,0,1
34530,0,0,0,0,1
34531,0,0,0,0,1
34532,0,0,0,0,1
34533,0,0,0,0,1
34534,0,0,0,0,1
34535,0,0,0,0,1
34536,0,0,0,0,1
34537,0,0,0,0,1
34538,0,0,0,0,1
34539,0,0,0,0,1
34540,0,0,0,0,1
34541,0,0,0,0,1
34542,0,0,0,0,1
34543,0,0,0,0,1
34544,0,0,0,0,1
34545,0,0,0,0,1
34546,0,0,0,0,1
34547,0,0,0,0,1
34548,0,0,0,0,1
34549,0,0,0,0,1
34550,0,0,0,0,1
34551,0,0,0,0,1
34552,0,0,0,0,1
34553,0,0,0,0,1
34554,0,0,0,0,1
34555,0,0,0,0,1
34556,0,0,0,0,1
34557,0,0,0,0,1
34558,0,0,0,0,1
34559,0,0,0,0,1
34560,0,0,0,0,1
34561,0,0,0,0,1
34562,0,0,0,0,1
34563,0,0,0,0,1
34564,0,0,0,0,1
34565,0,0,0,0,1
34566,0,0,0,0,1
34567,0,0,0,0,1
34568,0,0,0,0,1
34569,0,0,0,0,1
34570,0,0,0,0,1
34571,0,0,0,0,1
34572,0,0,0,0,1
34573,0,0,0,0,1
34574,0,0,0,0,1
34575,0,0,0,0,1
34576,0,0,0,0,1
34577,0,0,0,0,1
34578,0,0,0,0,1
34579,0,0,0,0,1
34580,0,0,0,0,1
34581,0,0,0,0,1
34582,0,0,0,0,1
34583,0,0,0,0,1
34584,0,0,0,0,1
34585,1,0,0,0,0
34586,1,0,0,0,0
34587,1,0,0,0,0
34588,1,0,0,0,0
34589,1,0,0,0,0
34590,1,0,0,0,0
34591,1,0,0,0,0
34592,1,0,0,0,0
34593,1,0,0,0,0
34594,1,0,0,0,0
34595,1,0,0,0,0
34596,1,0,0,0,0
34597,1,0,0,0,0
34598,1,0,0,0,0
34599,1,0,0,0,0
34600,1,0,0,0,0
34601,1,0,0,0,0
34602,1,0,0,0,0
34603,1,0,0,0,0
34604,1,0,0,0,0
34605,1,0,0,0,0
34606,1,0,0,0,0
34607,1,0,0,0,0
34608,1,0,0,0,0
34609,1,0,0,0,0
34610,1,0,0,0,0
34611,1,0,0,0,0
34612,1,0,0,0,0
34613,1,0,0,0,0
34614,1,0,0,0,0
34615,1,0,0,0,0
34616,1,0,0,0,0
34617,1,0,0,0,0
34618,1,0,0,0,0
34619,1,0,0,0,0
34620,1,0,0,0,0
34621,1,0,0,0,0
34622,1,0,0,0,0
34623,1,0,0,0,0
34624,1,0,0,0,0
34625,1,0,0,0,0
34626,1,0,0,0,0
34627,1,0,0,0,0
34628,1,0,0,0,0
34629,1,0,0,0,0
34630,1,0,0,0,0
34631,1,0,0,0,0
34632,1,0,0,0,0
34633,1,0,0,0,0
34634,1,0,0,0,0
34635,1,0,0,0,0
34636,1,0,0,0,0
34637,1,0,0,0,0
34638,1,0,0,0,0
34639,1,0,0,0,0
34640,1,0,0,0,0
34641,1,0,0,0,0
34642,1,0,0,0,0
34643,1,0,0,0,0
34644,1,0,0,0,0
34645,1,0,0,0,0
34646,1,0,0,0,0
34647,1,0,0,0,0
34648,1,0,0,0,0
34649,1,0,0,0,0
34650,1,0,0,0,0
34651,1,0,0,0,0
34652,1,0,0,0,0
34653,1,0,0,0,0
34654,1,0,0,0,0
34655,1,0,0,0,0
34656,1,0,0,0,0
34657,1,0,0,0,0
34658,1,0,0,0,0
34659,1,0,0,0,0
34660,1,0,0,0,0
34661,1,0,0,0,0
34662,1,0,0,0,0
34663,1,0,0,0,0
34664,1,0,0,0,0
34665,1,0,0,0,0
34666,1,0,0,0,0
34667,1,0,0,0,0
34668,1,0,0,0,0
34669,1,0,0,0,0
34670,1,0,0,0,0
34671,1,0,0,0,0
34672,1,0,0,0,0
34673,1,0,0,0,0
34674,1,0,0,0,0
34675,1,0,0,0,0
34676,1,0,0,0,0
34677,1,0,0,0,0
34678,1,0,0,0,0
34679,1,0,0,0,0
34680,1,0,0,0,0
34681,1,0,0,0,0
34682,1,0,0,0,0
34683,1,0,0,0,0
34684,1,0,0,0,0
34685,1,0,0,0,0
34686,1,0,0,0,0
34687,1,0,0,0,0
34688,1,0,0,0,0
34689,1,0,0,0,0
34690,1,0,0,0,0
34691,1,0,0,0,0
34692,1,0,0,0,0
34693,1,0,0,0,0
34694,1,0,0,0,0
34695,1,0,0,0,0
34696,1,0,0,0,0
34697,1,0,0,0,0
34698,1,0,0,0,0
34699,1,0,0,0,0
34700,1,0,0,0,0
34701,1,0,0,0,0
34702,1,0,0,0,0
34703,1,0,0,0,0
34704,1,0,0,0,0
34705,1,0,0,0,0
34706,1,0,0,0,0
34707,1,0,0,0,0
34708,1,0,0,0,0
34709,1,0,0,0,0
34710,1,0,0,0,0
34711,1,0,0,0,0
34712,1,0,0,0,0
34713,1,0,0,0,0
34714,1,0,0,0,0
34715,1,0,0,0,0
34716,1,0,0,0,0
34717,1,0,0,0,0
34718,1,0,0,0,0
34719,1,0,0,0,0
34720,1,0,0,0,0
34721,1,0,0,0,0
34722,1,0,0,0,0
34723,1,0,0,0,0
34724,1,0,0,0,0
34725,1,0,0,0,0
34726,1,0,0,0,0
34727,1,0,0,0,0
34728,1,0,0,0,0
34729,1,0,0,0,0
34730,1,0,0,0,0
34731,1,0,0,0,0
34732,1,0,0,0,0
34733,1,0,0,0,0
34734,1,0,0,0,0
34735,1,0,0,0,0
34736,1,0,0,0,0
34737,1,0,0,0,0
34738,1,0,0,0,0
34739,1,0,0,0,0
34740,1,0,0,0,0
34741,1,0,0,0,0
34742,1,0,0,0,0
34743,1,0,0,0,0
34744,1,0,0,0,0
34745,1,0,0,0,0
34746,1,0,0,0,0
34747,1,0,0,0,0
34748,1,0,0,0,0
34749,1,0,0,0,0
34750,1,0,0,0,0
34751,1,0,0,0,0
34752,1,0,0,0,0
34753,1,0,0,0,0
34754,1,0,0,0,0
34755,1,0,0,0,0
34756,1,0,0,0,0
34757,1,0,0,0,0
34758,1,0,0,0,0
34759,1,0,0,0,0
34760,1,0,0,0,0
34761,1,0,0,0,0
34762,1,0,0,0,0
34763,1,0,0,0,0
34764,1,0,0,0,0
34765,1,0,0,0,0
34766,1,0,0,0,0
34767,1,0,0,0,0
34768,1,0,0,0,0
34769,1,0,0,0,0
34770,1,0,0,0,0
34771,1,0,0,0,0
34772,1,0,0,0,0
34773,1,0,0,0,0
34774,1,0,0,0,0
34775,1,0,0,0,0
34776,1,0,0,0,0
34777,1,0,0,0,0
34778,1,0,0,0,0
34779,1,0,0,0,0
34780,1,0,0,0,0
34781,1,0,0,0,0
34782,1,0,0,0,0
34783,1,0,0,0,0
34784,1,0,0,0,0
34785,1,0,0,0,0
34786,1,0,0,0,0
34787,1,0,0,0,0
34788,1,0,0,0,0
34789,1,0,0,0,0
34790,1,0,0,0,0
34791,1,0,0,0,0
34792,1,0,0,0,0
34793,1,0,0,0,0
34794,1,0,0,0,0
34795,1,0,0,0,0
34796,1,0,0,0,0
34797,1,0,0,0,0
34798,1,0,0,0,0
34799,1,0,0,0,0
34800,1,0,0,0,0
34801,1,0,0,0,0
34802,1,0,0,0,0
34803,1,0,0,0,0
34804,1,0,0,0,0
34805,1,0,0,0,0
34806,1,0,0,0,0
34807,1,0,0,0,0
34808,1,0,0,0,0
34809,1,0,0,0,0
34810,1,0,0,0,0
34811,1,0,0,0,0
34812,1,0,0,0,0
34813,1,0,0,0,0
34814,1,0,0,0,0
34815,1,0,0,0,0
34816,1,0,0,0,0
34817,1,0,0,0,0
34818,1,0,0,0,0
34819,1,0,0,0,0
34820,1,0,0,0,0
34821,1,0,0,0,0
34822,1,0,0,0,0
34823,1,0,0,0,0
34824,1,0,0,0,0
34825,1,0,0,0,0
34826,1,0,0,0,0
34827,1,0,0,0,0
34828,1,0,0,0,0
34829,1,0,0,0,0
34830,1,0,0,0,0
34831,1,0,0,0,0
34832,1,0,0,0,0
34833,1,0,0,0,0
34834,1,0,0,0,0
34835,1,0,0,0,0
34836,1,0,0,0,0
34837,1,0,0,0,0
34838,1,0,0,0,0
34839,1,0,0,0,0
34840,1,0,0,0,0
34841,1,0,0,0,0
34842,1,0,0,0,0
34843,1,0,0,0,0
34844,1,0,0,0,0
34845,1,0,0,0,0
34846,1,0,0,0,0
34847,1,0,0,0,0
34848,1,0,0,0,0
34849,1,0,0,0,0
34850,1,0,0,0,0
34851,1,0,0,0,0
34852,1,0,0,0,0
34853,1,0,0,0,0
34854,1,0,0,0,0
34855,1,0,0,0,0
34856,1,0,0,0,0
34857,1,0,0,0,0
34858,1,0,0,0,0
34859,1,0,0,0,0
34860,1,0,0,0,0
34861,1,0,0,0,0
34862,1,0,0,0,0
34863,1,0,0,0,0
34864,1,0,0,0,0
34865,1,0,0,0,0
34866,1,0,0,0,0
34867,1,0,0,0,0
34868,1,0,0,0,0
34869,1,0,0,0,0
34870,1,0,0,0,0
34871,1,0,0,0,0
34872,1,0,0,0,0
34873,1,0,0,0,0
34874,1,0,0,0,0
34875,1,0,0,0,0
34876,1,0,0,0,0
34877,1,0,0,0,0
34878,1,0,0,0,0
34879,1,0,0,0,0
34880,1,0,0,0,0
34881,1,0,0,0,0
34882,1,0,0,0,0
34883,1,0,0,0,0
34884,1,0,0,0,0
34885,1,0,0,0,0
34886,1,0,0,0,0
34887,1,0,0,0,0
34888,1,0,0,0,0
34889,1,0,0,0,0
34890,1,0,0,0,0
34891,1,0,0,0,0
34892,1,0,0,0,0
34893,1,0,0,0,0
34894,1,0,0,0,0
34895,1,0,0,0,0
34896,1,0,0,0,0
34897,1,0,0,0,0
34898,1,0,0,0,0
34899,1,0,0,0,0
34900,1,0,0,0,0
34901,1,0,0,0,0
34902,1,0,0,0,0
34903,1,0,0,0,0
34904,1,0,0,0,0
34905,1,0,0,0,0
34906,1,0,0,0,0
34907,1,0,0,0,0
34908,1,0,0,0,0
34909,1,0,0,0,0
34910,1,0,0,0,0
34911,1,0,0,0,0
34912,1,0,0,0,0
34913,1,0,0,0,0
34914,1,0,0,0,0
34915,1,0,0,0,0
34916,1,0,0,0,0
34917,1,0,0,0,0
34918,1,0,0,0,0
34919,1,0,0,0,0
34920,1,0,0,0,0
34921,1,0,0,0,0
34922,1,0,0,0,0
34923,1,0,0,0,0
34924,1,0,0,0,0
34925,1,0,0,0,0
34926,1,0,0,0,0
34927,1,0,0,0,0
34928,1,0,0,0,0
34929,1,0,0,0,0
34930,1,0,0,0,0
34931,1,0,0,0,0
34932,1,0,0,0,0
34933,1,0,0,0,0
34934,1,0,0,0,0
34935,1,0,0,0,0
34936,1,0,0,0,0
34937,1,0,0,0,0
34938,1,0,0,0,0
34939,1,0,0,0,0
34940,1,0,0,0,0
34941,1,0,0,0,0
34942,1,0,0,0,0
34943,1,0,0,0,0
34944,1,0,0,0,0
34945,1,0,0,0,0
34946,1,0,0,0,0
34947,1,0,0,0,0
34948,1,0,0,0,0
34949,1,0,0,0,0
34950,1,0,0,0,0
34951,1,0,0,0,0
34952,1,0,0,0,0
34953,1,0,0,0,0
34954,1,0,0,0,0
34955,1,0,0,0,0
34956,1,0,0,0,0
34957,1,0,0,0,0
34958,1,0,0,0,0
34959,1,0,0,0,0
34960,1,0,0,0,0
34961,1,0,0,0,0
34962,1,0,0,0,0
34963,1,0,0,0,0
34964,1,0,0,0,0
34965,1,0,0,0,0
34966,1,0,0,0,0
34967,1,0,0,0,0
34968,1,0,0,0,0
34969,1,0,0,0,0
34970,1,0,0,0,0
34971,1,0,0,0,0
34972,1,0,0,0,0
34973,1,0,0,0,0
34974,1,0,0,0,0
34975,1,0,0,0,0
34976,1,0,0,0,0
34977,1,0,0,0,0
34978,1,0,0,0,0
34979,1,0,0,0,0
34980,1,0,0,0,0
34981,1,0,0,0,0
34982,1,0,0,0,0
34983,1,0,0,0,0
34984,1,0,0,0,0
34985,1,0,0,0,0
34986,1,0,0,0,0
34987,1,0,0,0,0
34988,1,0,0,0,0
34989,1,0,0,0,0
34990,1,0,0,0,0
34991,1,0,0,0,0
34992,1,0,0,0,0
34993,1,0,0,0,0
34994,1,0,0,0,0
34995,1,0,0,0,0
34996,1,0,0,0,0
34997,1,0,0,0,0
34998,1,0,0,0,0
34999,1,0,0,0,0
35000,1,0,0,0,0
35001,1,0,0,0,0
35002,1,0,0,0,0
35003,1,0,0,0,0
35004,1,0,0,0,0
35005,1,0,0,0,0
35006,1,0,0,0,0
35007,1,0,0,0,0
35008,1,0,0,0,0
35009,1,0,0,0,0
35010,1,0,0,0,0
35011,1,0,0,0,0
35012,1,0,0,0,0
35013,1,0,0,0,0
35014,1,0,0,0,0
35015,1,0,0,0,0
35016,1,0,0,0,0
35017,1,0,0,0,0
35018,1,0,0,0,0
35019,1,0,0,0,0
35020,1,0,0,0,0
35021,1,0,0,0,0
35022,1,0,0,0,0
35023,1,0,0,0,0
35024,1,0,0,0,0
35025,1,0,0,0,0
35026,1,0,0,0,0
35027,1,0,0,0,0
35028,1,0,0,0,0
35029,1,0,0,0,0
35030,1,0,0,0,0
35031,1,0,0,0,0
35032,1,0,0,0,0
35033,1,0,0,0,0
35034,1,0,0,0,0
35035,1,0,0,0,0
35036,1,0,0,0,0
35037,1,0,0,0,0
35038,1,0,0,0,0
35039,1,0,0,0,0
35040,1,0,0,0,0
35041,1,0,0,0,0
35042,1,0,0,0,0
35043,1,0,0,0,0
35044,1,0,0,0,0
35045,1,0,0,0,0
35046,1,0,0,0,0
35047,1,0,0,0,0
35048,1,0,0,0,0
35049,1,0,0,0,0
35050,1,0,0,0,0
35051,1,0,0,0,0
35052,1,0,0,0,0
35053,1,0,0,0,0
35054,1,0,0,0,0
35055,1,0,0,0,0
35056,1,0,0,0,0
35057,1,0,0,0,0
35058,1,0,0,0,0
35059,1,0,0,0,0
35060,1,0,0,0,0
35061,1,0,0,0,0
35062,1,0,0,0,0
35063,1,0,0,0,0
35064,1,0,0,0,0
35065,1,0,0,0,0
35066,1,0,0,0,0
35067,1,0,0,0,0
35068,1,0,0,0,0
35069,1,0,0,0,0
35070,1,0,0,0,0
35071,1,0,0,0,0
35072,1,0,0,0,0
35073,1,0,0,0,0
35074,1,0,0,0,0
35075,1,0,0,0,0
35076,1,0,0,0,0
35077,1,0,0,0,0
35078,1,0,0,0,0
35079,1,0,0,0,0
35080,1,0,0,0,0
35081,1,0,0,0,0
35082,1,0,0,0,0
35083,1,0,0,0,0
35084,1,0,0,0,0
35085,1,0,0,0,0
35086,1,0,0,0,0
35087,1,0,0,0,0
35088,1,0,0,0,0
35089,1,0,0,0,0
35090,1,0,0,0,0
35091,1,0,0,0,0
35092,1,0,0,0,0
35093,1,0,0,0,0
35094,1,0,0,0,0
35095,1,0,0,0,0
35096,1,0,0,0,0
35097,1,0,0,0,0
35098,1,0,0,0,0
35099,1,0,0,0,0
35100,1,0,0,0,0
35101,1,0,0,0,0
35102,1,0,0,0,0
35103,1,0,0,0,0
35104,1,0,0,0,0
35105,1,0,0,0,0
35106,1,0,0,0,0
35107,1,0,0,0,0
35108,1,0,0,0,0
35109,1,0,0,0,0
35110,1,0,0,0,0
35111,1,0,0,0,0
35112,1,0,0,0,0
35113,1,0,0,0,0
35114,1,0,0,0,0
35115,1,0,0,0,0
35116,1,0,0,0,0
35117,1,0,0,0,0
35118,1,0,0,0,0
35119,1,0,0,0,0
35120,1,0,0,0,0
35121,1,0,0,0,0
35122,1,0,0,0,0
35123,1,0,0,0,0
35124,1,0,0,0,0
35125,1,0,0,0,0
35126,1,0,0,0,0
35127,1,0,0,0,0
35128,1,0,0,0,0
35129,1,0,0,0,0
35130,1,0,0,0,0
35131,1,0,0,0,0
35132,1,0,0,0,0
35133,1,0,0,0,0
35134,1,0,0,0,0
35135,1,0,0,0,0
35136,1,0,0,0,0
35137,1,0,0,0,0
35138,1,0,0,0,0
35139,1,0,0,0,0
35140,1,0,0,0,0
35141,1,0,0,0,0
35142,1,0,0,0,0
35143,1,0,0,0,0
35144,1,0,0,0,0
35145,1,0,0,0,0
35146,1,0,0,0,0
35147,1,0,0,0,0
35148,1,0,0,0,0
35149,1,0,0,0,0
35150,1,0,0,0,0
35151,1,0,0,0,0
35152,1,0,0,0,0
35153,1,0,0,0,0
35154,1,0,0,0,0
35155,1,0,0,0,0
35156,1,0,0,0,0
35157,1,0,0,0,0
35158,1,0,0,0,0
35159,1,0,0,0,0
35160,1,0,0,0,0
35161,1,0,0,0,0
35162,1,0,0,0,0
35163,1,0,0,0,0
35164,1,0,0,0,0
35165,1,0,0,0,0
35166,1,0,0,0,0
35167,1,0,0,0,0
35168,1,0,0,0,0
35169,1,0,0,0,0
35170,1,0,0,0,0
35171,1,0,0,0,0
35172,1,0,0,0,0
35173,1,0,0,0,0
35174,1,0,0,0,0
35175,1,0,0,0,0
35176,1,0,0,0,0
35177,1,0,0,0,0
35178,1,0,0,0,0
35179,1,0,0,0,0
35180,1,0,0,0,0
35181,1,0,0,0,0
35182,1,0,0,0,0
35183,1,0,0,0,0
35184,1,0,0,0,0
35185,1,0,0,0,0
35186,1,0,0,0,0
35187,1,0,0,0,0
35188,1,0,0,0,0
35189,1,0,0,0,0
35190,1,0,0,0,0
35191,1,0,0,0,0
35192,1,0,0,0,0
35193,1,0,0,0,0
35194,1,0,0,0,0
35195,1,0,0,0,0
35196,1,0,0,0,0
35197,1,0,0,0,0
35198,1,0,0,0,0
35199,1,0,0,0,0
35200,1,0,0,0,0
35201,1,0,0,0,0
35202,1,0,0,0,0
35203,1,0,0,0,0
35204,1,0,0,0,0
35205,1,0,0,0,0
35206,1,0,0,0,0
35207,1,0,0,0,0
35208,1,0,0,0,0
35209,1,0,0,0,0
35210,1,0,0,0,0
35211,1,0,0,0,0
35212,1,0,0,0,0
35213,1,0,0,0,0
35214,1,0,0,0,0
35215,1,0,0,0,0
35216,1,0,0,0,0
35217,1,0,0,0,0
35218,1,0,0,0,0
35219,1,0,0,0,0
35220,1,0,0,0,0
35221,1,0,0,0,0
35222,1,0,0,0,0
35223,1,0,0,0,0
35224,1,0,0,0,0
35225,1,0,0,0,0
35226,1,0,0,0,0
35227,1,0,0,0,0
35228,1,0,0,0,0
35229,1,0,0,0,0
35230,1,0,0,0,0
35231,1,0,0,0,0
35232,1,0,0,0,0
35233,1,0,0,0,0
35234,1,0,0,0,0
35235,1,0,0,0,0
35236,1,0,0,0,0
35237,1,0,0,0,0
35238,1,0,0,0,0
35239,1,0,0,0,0
35240,1,0,0,0,0
35241,1,0,0,0,0
35242,1,0,0,0,0
35243,1,0,0,0,0
35244,1,0,0,0,0
35245,1,0,0,0,0
35246,1,0,0,0,0
35247,1,0,0,0,0
35248,1,0,0,0,0
35249,1,0,0,0,0
35250,1,0,0,0,0
35251,1,0,0,0,0
35252,1,0,0,0,0
35253,1,0,0,0,0
35254,1,0,0,0,0
35255,1,0,0,0,0
35256,1,0,0,0,0
35257,1,0,0,0,0
35258,1,0,0,0,0
35259,1,0,0,0,0
35260,1,0,0,0,0
35261,1,0,0,0,0
35262,1,0,0,0,0
35263,1,0,0,0,0
35264,1,0,0,0,0
35265,1,0,0,0,0
35266,1,0,0,0,0
35267,1,0,0,0,0
35268,1,0,0,0,0
35269,1,0,0,0,0
35270,1,0,0,0,0
35271,1,0,0,0,0
35272,1,0,0,0,0
35273,1,0,0,0,0
35274,1,0,0,0,0
35275,1,0,0,0,0
35276,1,0,0,0,0
35277,1,0,0,0,0
35278,1,0,0,0,0
35279,1,0,0,0,0
35280,1,0,0,0,0
35281,1,0,0,0,0
35282,1,0,0,0,0
35283,1,0,0,0,0
35284,1,0,0,0,0
35285,1,0,0,0,0
35286,1,0,0,0,0
35287,1,0,0,0,0
35288,1,0,0,0,0
35289,1,0,0,0,0
35290,1,0,0,0,0
35291,1,0,0,0,0
35292,1,0,0,0,0
35293,1,0,0,0,0
35294,1,0,0,0,0
35295,1,0,0,0,0
35296,1,0,0,0,0
35297,1,0,0,0,0
35298,1,0,0,0,0
35299,1,0,0,0,0
35300,1,0,0,0,0
35301,1,0,0,0,0
35302,1,0,0,0,0
35303,1,0,0,0,0
35304,1,0,0,0,0
35305,1,0,0,0,0
35306,1,0,0,0,0
35307,1,0,0,0,0
35308,1,0,0,0,0
35309,1,0,0,0,0
35310,1,0,0,0,0
35311,1,0,0,0,0
35312,1,0,0,0,0
35313,1,0,0,0,0
35314,1,0,0,0,0
35315,1,0,0,0,0
35316,1,0,0,0,0
35317,1,0,0,0,0
35318,1,0,0,0,0
35319,1,0,0,0,0
35320,1,0,0,0,0
35321,1,0,0,0,0
35322,1,0,0,0,0
35323,1,0,0,0,0
35324,1,0,0,0,0
35325,1,0,0,0,0
35326,1,0,0,0,0
35327,1,0,0,0,0
35328,1,0,0,0,0
35329,1,0,0,0,0
35330,1,0,0,0,0
35331,1,0,0,0,0
35332,1,0,0,0,0
35333,1,0,0,0,0
35334,1,0,0,0,0
35335,1,0,0,0,0
35336,1,0,0,0,0
35337,1,0,0,0,0
35338,1,0,0,0,0
35339,1,0,0,0,0
35340,1,0,0,0,0
35341,1,0,0,0,0
35342,1,0,0,0,0
35343,1,0,0,0,0
35344,0,1,0,0,0
35345,0,1,0,0,0
35346,0,1,0,0,0
35347,0,1,0,0,0
35348,0,1,0,0,0
35349,0,1,0,0,0
35350,0,1,0,0,0
35351,0,1,0,0,0
35352,0,1,0,0,0
35353,0,1,0,0,0
35354,0,1,0,0,0
35355,0,1,0,0,0
35356,0,1,0,0,0
35357,0,1,0,0,0
35358,0,1,0,0,0
35359,0,1,0,0,0
35360,0,1,0,0,0
35361,0,1,0,0,0
35362,0,1,0,0,0
35363,0,1,0,0,0
35364,0,1,0,0,0
35365,0,1,0,0,0
35366,0,1,0,0,0
35367,0,1,0,0,0
35368,0,1,0,0,0
35369,0,1,0,0,0
35370,0,1,0,0,0
35371,0,1,0,0,0
35372,0,1,0,0,0
35373,0,1,0,0,0
35374,0,1,0,0,0
35375,0,1,0,0,0
35376,0,1,0,0,0
35377,0,1,0,0,0
35378,0,1,0,0,0
35379,0,1,0,0,0
35380,0,1,0,0,0
35381,0,1,0,0,0
35382,0,1,0,0,0
35383,0,1,0,0,0
35384,0,1,0,0,0
35385,0,1,0,0,0
35386,0,1,0,0,0
35387,0,1,0,0,0
35388,0,1,0,0,0
35389,0,1,0,0,0
35390,0,1,0,0,0
35391,0,1,0,0,0
35392,0,1,0,0,0
35393,0,1,0,0,0
35394,0,1,0,0,0
35395,0,1,0,0,0
35396,0,1,0,0,0
35397,0,1,0,0,0
35398,0,1,0,0,0
35399,0,1,0,0,0
35400,0,1,0,0,0
35401,0,1,0,0,0
35402,0,1,0,0,0
35403,0,1,0,0,0
35404,0,1,0,0,0
35405,0,1,0,0,0
35406,0,1,0,0,0
35407,0,1,0,0,0
35408,0,1,0,0,0
35409,0,1,0,0,0
35410,0,1,0,0,0
35411,0,1,0,0,0
35412,0,1,0,0,0
35413,0,1,0,0,0
35414,0,1,0,0,0
35415,0,1,0,0,0
35416,0,1,0,0,0
35417,0,1,0,0,0
35418,0,1,0,0,0
35419,0,1,0,0,0
35420,0,1,0,0,0
35421,0,1,0,0,0
35422,0,1,0,0,0
35423,0,1,0,0,0
35424,0,1,0,0,0
35425,0,1,0,0,0
35426,0,1,0,0,0
35427,0,1,0,0,0
35428,0,1,0,0,0
35429,0,1,0,0,0
35430,0,1,0,0,0
35431,0,1,0,0,0
35432,0,1,0,0,0
35433,0,1,0,0,0
35434,0,1,0,0,0
35435,0,1,0,0,0
35436,0,1,0,0,0
35437,0,1,0,0,0
35438,0,1,0,0,0
35439,0,1,0,0,0
35440,0,1,0,0,0
35441,0,1,0,0,0
35442,0,1,0,0,0
35443,0,1,0,0,0
35444,0,1,0,0,0
35445,0,1,0,0,0
35446,0,1,0,0,0
35447,0,1,0,0,0
35448,0,1,0,0,0
35449,0,1,0,0,0
35450,0,1,0,0,0
35451,0,1,0,0,0
35452,0,1,0,0,0
35453,0,1,0,0,0
35454,0,1,0,0,0
35455,0,1,0,0,0
35456,0,1,0,0,0
35457,0,1,0,0,0
35458,0,1,0,0,0
35459,0,1,0,0,0
35460,0,1,0,0,0
35461,0,1,0,0,0
35462,0,1,0,0,0
35463,0,1,0,0,0
35464,0,1,0,0,0
35465,0,1,0,0,0
35466,0,1,0,0,0
35467,0,1,0,0,0
35468,0,1,0,0,0
35469,0,1,0,0,0
35470,0,1,0,0,0
35471,1,0,0,0,0
35472,1,0,0,0,0
35473,1,0,0,0,0
35474,1,0,0,0,0
35475,1,0,0,0,0
35476,1,0,0,0,0
35477,1,0,0,0,0
35478,1,0,0,0,0
35479,1,0,0,0,0
35480,1,0,0,0,0
35481,1,0,0,0,0
35482,1,0,0,0,0
35483,1,0,0,0,0
35484,1,0,0,0,0
35485,1,0,0,0,0
35486,1,0,0,0,0
35487,1,0,0,0,0
35488,1,0,0,0,0
35489,1,0,0,0,0
35490,1,0,0,0,0
35491,1,0,0,0,0
35492,1,0,0,0,0
35493,1,0,0,0,0
35494,1,0,0,0,0
35495,1,0,0,0,0
35496,1,0,0,0,0
35497,1,0,0,0,0
35498,1,0,0,0,0
35499,1,0,0,0,0
35500,1,0,0,0,0
35501,1,0,0,0,0
35502,1,0,0,0,0
35503,1,0,0,0,0
35504,1,0,0,0,0
35505,1,0,0,0,0
35506,1,0,0,0,0
35507,1,0,0,0,0
35508,1,0,0,0,0
35509,1,0,0,0,0
35510,1,0,0,0,0
35511,1,0,0,0,0
35512,1,0,0,0,0
35513,1,0,0,0,0
35514,1,0,0,0,0
35515,1,0,0,0,0
35516,1,0,0,0,0
35517,1,0,0,0,0
35518,1,0,0,0,0
35519,1,0,0,0,0
35520,1,0,0,0,0
35521,1,0,0,0,0
35522,1,0,0,0,0
35523,1,0,0,0,0
35524,1,0,0,0,0
35525,1,0,0,0,0
35526,1,0,0,0,0
35527,1,0,0,0,0
35528,1,0,0,0,0
35529,1,0,0,0,0
35530,1,0,0,0,0
35531,1,0,0,0,0
35532,1,0,0,0,0
35533,1,0,0,0,0
35534,1,0,0,0,0
35535,1,0,0,0,0
35536,1,0,0,0,0
35537,1,0,0,0,0
35538,1,0,0,0,0
35539,1,0,0,0,0
35540,1,0,0,0,0
35541,1,0,0,0,0
35542,1,0,0,0,0
35543,1,0,0,0,0
35544,1,0,0,0,0
35545,1,0,0,0,0
35546,1,0,0,0,0
35547,1,0,0,0,0
35548,1,0,0,0,0
35549,1,0,0,0,0
35550,1,0,0,0,0
35551,1,0,0,0,0
35552,1,0,0,0,0
35553,1,0,0,0,0
35554,1,0,0,0,0
35555,1,0,0,0,0
35556,1,0,0,0,0
35557,1,0,0,0,0
35558,1,0,0,0,0
35559,1,0,0,0,0
35560,1,0,0,0,0
35561,1,0,0,0,0
35562,1,0,0,0,0
35563,1,0,0,0,0
35564,1,0,0,0,0
35565,1,0,0,0,0
35566,1,0,0,0,0
35567,1,0,0,0,0
35568,1,0,0,0,0
35569,1,0,0,0,0
35570,1,0,0,0,0
35571,1,0,0,0,0
35572,1,0,0,0,0
35573,1,0,0,0,0
35574,1,0,0,0,0
35575,1,0,0,0,0
35576,1,0,0,0,0
35577,1,0,0,0,0
35578,1,0,0,0,0
35579,1,0,0,0,0
35580,1,0,0,0,0
35581,1,0,0,0,0
35582,1,0,0,0,0
35583,1,0,0,0,0
35584,1,0,0,0,0
35585,1,0,0,0,0
35586,1,0,0,0,0
35587,1,0,0,0,0
35588,1,0,0,0,0
35589,1,0,0,0,0
35590,1,0,0,0,0
35591,1,0,0,0,0
35592,1,0,0,0,0
35593,1,0,0,0,0
35594,1,0,0,0,0
35595,1,0,0,0,0
35596,1,0,0,0,0
35597,1,0,0,0,0
35598,1,0,0,0,0
35599,1,0,0,0,0
35600,1,0,0,0,0
35601,1,0,0,0,0
35602,1,0,0,0,0
35603,1,0,0,0,0
35604,1,0,0,0,0
35605,1,0,0,0,0
35606,1,0,0,0,0
35607,1,0,0,0,0
35608,1,0,0,0,0
35609,1,0,0,0,0
35610,1,0,0,0,0
35611,1,0,0,0,0
35612,1,0,0,0,0
35613,1,0,0,0,0
35614,1,0,0,0,0
35615,1,0,0,0,0
35616,1,0,0,0,0
35617,1,0,0,0,0
35618,1,0,0,0,0
35619,1,0,0,0,0
35620,1,0,0,0,0
35621,1,0,0,0,0
35622,1,0,0,0,0
35623,1,0,0,0,0
35624,1,0,0,0,0
35625,1,0,0,0,0
35626,1,0,0,0,0
35627,1,0,0,0,0
35628,1,0,0,0,0
35629,1,0,0,0,0
35630,1,0,0,0,0
35631,1,0,0,0,0
35632,1,0,0,0,0
35633,1,0,0,0,0
35634,1,0,0,0,0
35635,1,0,0,0,0
35636,1,0,0,0,0
35637,1,0,0,0,0
35638,1,0,0,0,0
35639,1,0,0,0,0
35640,1,0,0,0,0
35641,1,0,0,0,0
35642,1,0,0,0,0
35643,1,0,0,0,0
35644,1,0,0,0,0
35645,1,0,0,0,0
35646,1,0,0,0,0
35647,1,0,0,0,0
35648,1,0,0,0,0
35649,1,0,0,0,0
35650,1,0,0,0,0
35651,1,0,0,0,0
35652,1,0,0,0,0
35653,1,0,0,0,0
35654,1,0,0,0,0
35655,1,0,0,0,0
35656,1,0,0,0,0
35657,1,0,0,0,0
35658,1,0,0,0,0
35659,1,0,0,0,0
35660,1,0,0,0,0
35661,1,0,0,0,0
35662,1,0,0,0,0
35663,1,0,0,0,0
35664,1,0,0,0,0
35665,1,0,0,0,0
35666,1,0,0,0,0
35667,1,0,0,0,0
35668,1,0,0,0,0
35669,1,0,0,0,0
35670,0,0,0,0,1
35671,0,0,0,0,1
35672,0,0,0,0,1
35673,0,0,0,0,1
35674,0,0,0,0,1
35675,0,0,0,0,1
35676,0,0,0,0,1
35677,0,0,0,0,1
35678,0,0,0,0,1
35679,0,0,0,0,1
35680,0,0,0,0,1
35681,0,0,0,0,1
35682,0,0,0,0,1
35683,0,0,0,0,1
35684,0,0,0,0,1
35685,0,0,0,0,1
35686,0,0,0,0,1
35687,0,0,0,0,1
35688,0,0,0,0,1
35689,0,0,0,0,1
35690,0,0,0,0,1
35691,0,0,0,0,1
35692,0,0,0,0,1
35693,0,0,0,0,1
35694,0,0,0,0,1
35695,0,0,0,0,1
35696,0,0,0,0,1
35697,0,0,0,0,1
35698,0,0,0,0,1
35699,0,0,0,0,1
35700,0,0,0,0,1
35701,0,0,0,0,1
35702,0,0,0,0,1
35703,0,0,0,0,1
35704,0,0,0,0,1
35705,0,0,0,0,1
35706,0,0,0,0,1
35707,0,0,0,0,1
35708,0,0,0,0,1
35709,0,0,0,0,1
35710,0,0,0,0,1
35711,0,0,0,0,1
35712,0,0,0,0,1
35713,0,0,0,0,1
35714,0,0,0,0,1
35715,0,0,0,0,1
35716,0,0,0,0,1
35717,0,0,0,0,1
35718,0,0,0,0,1
35719,0,0,0,0,1
35720,0,0,0,0,1
35721,0,0,0,0,1
35722,0,0,0,0,1
35723,0,0,0,0,1
35724,0,0,0,0,1
35725,0,0,0,0,1
35726,0,0,0,0,1
35727,0,0,0,0,1
35728,0,0,0,0,1
35729,0,0,0,0,1
35730,0,0,0,0,1
35731,0,0,0,0,1
35732,0,0,0,0,1
35733,0,0,0,0,1
35734,0,0,0,0,1
35735,0,0,0,0,1
35736,0,0,0,0,1
35737,0,0,0,0,1
35738,0,0,0,0,1
35739,0,0,0,0,1
35740,0,0,0,0,1
35741,0,0,0,0,1
35742,0,0,0,0,1
35743,0,0,0,0,1
35744,0,0,0,0,1
35745,0,0,0,0,1
35746,0,0,0,0,1
35747,0,0,0,0,1
35748,0,0,0,0,1
35749,0,0,0,0,1
35750,0,0,0,0,1
35751,0,0,0,0,1
35752,0,0,0,0,1
35753,0,0,0,0,1
35754,0,0,0,0,1
35755,0,0,0,0,1
35756,0,0,0,0,1
35757,0,0,0,0,1
35758,0,0,0,0,1
35759,0,0,0,0,1
35760,0,0,0,0,1
35761,0,0,0,0,1
35762,0,0,0,0,1
35763,0,0,0,0,1
35764,0,0,0,0,1
35765,0,0,0,0,1
35766,0,0,0,0,1
35767,0,0,0,0,1
35768,0,0,0,0,1
35769,0,0,0,0,1
35770,0,0,0,0,1
35771,0,0,0,0,1
35772,0,0,0,0,1
35773,0,0,0,0,1
35774,0,0,0,0,1
35775,0,0,0,0,1
35776,1,0,0,0,0
35777,1,0,0,0,0
35778,1,0,0,0,0
35779,1,0,0,0,0
35780,1,0,0,0,0
35781,1,0,0,0,0
35782,1,0,0,0,0
35783,1,0,0,0,0
35784,1,0,0,0,0
35785,1,0,0,0,0
35786,1,0,0,0,0
35787,1,0,0,0,0
35788,1,0,0,0,0
35789,1,0,0,0,0
35790,1,0,0,0,0
35791,1,0,0,0,0
35792,1,0,0,0,0
35793,1,0,0,0,0
35794,1,0,0,0,0
35795,1,0,0,0,0
35796,1,0,0,0,0
35797,1,0,0,0,0
35798,1,0,0,0,0
35799,1,0,0,0,0
35800,1,0,0,0,0
35801,1,0,0,0,0
35802,1,0,0,0,0
35803,1,0,0,0,0
35804,1,0,0,0,0
35805,1,0,0,0,0
35806,1,0,0,0,0
35807,1,0,0,0,0
35808,1,0,0,0,0
35809,1,0,0,0,0
35810,1,0,0,0,0
35811,1,0,0,0,0
35812,1,0,0,0,0
35813,1,0,0,0,0
35814,1,0,0,0,0
35815,1,0,0,0,0
35816,1,0,0,0,0
35817,1,0,0,0,0
35818,1,0,0,0,0
35819,1,0,0,0,0
35820,1,0,0,0,0
35821,1,0,0,0,0
35822,1,0,0,0,0
35823,1,0,0,0,0
35824,1,0,0,0,0
35825,1,0,0,0,0
35826,1,0,0,0,0
35827,1,0,0,0,0
35828,1,0,0,0,0
35829,1,0,0,0,0
35830,1,0,0,0,0
35831,1,0,0,0,0
35832,1,0,0,0,0
35833,1,0,0,0,0
35834,1,0,0,0,0
35835,1,0,0,0,0
35836,1,0,0,0,0
35837,1,0,0,0,0
35838,1,0,0,0,0
35839,1,0,0,0,0
35840,1,0,0,0,0
35841,1,0,0,0,0
35842,1,0,0,0,0
35843,1,0,0,0,0
35844,1,0,0,0,0
35845,1,0,0,0,0
35846,1,0,0,0,0
35847,1,0,0,0,0
35848,1,0,0,0,0
35849,1,0,0,0,0
35850,1,0,0,0,0
35851,1,0,0,0,0
35852,1,0,0,0,0
35853,1,0,0,0,0
35854,1,0,0,0,0
35855,1,0,0,0,0
35856,1,0,0,0,0
35857,1,0,0,0,0
35858,1,0,0,0,0
35859,1,0,0,0,0
35860,1,0,0,0,0
35861,1,0,0,0,0
35862,1,0,0,0,0
35863,1,0,0,0,0
35864,1,0,0,0,0
35865,1,0,0,0,0
35866,0,0,0,0,1
35867,0,0,0,0,1
35868,0,0,0,0,1
35869,0,0,0,0,1
35870,0,0,0,0,1
35871,0,0,0,0,1
35872,0,0,0,0,1
35873,0,0,0,0,1
35874,0,0,0,0,1
35875,0,0,0,0,1
35876,0,0,0,0,1
35877,0,0,0,0,1
35878,0,0,0,0,1
35879,0,0,0,0,1
35880,0,0,0,0,1
35881,0,0,0,0,1
35882,0,0,0,0,1
35883,0,0,0,0,1
35884,0,0,0,0,1
35885,0,0,0,0,1
35886,0,0,0,0,1
35887,0,0,0,0,1
35888,0,0,0,0,1
35889,0,0,0,0,1
35890,0,0,0,0,1
35891,0,0,0,0,1
35892,0,0,0,0,1
35893,0,0,0,0,1
35894,0,0,0,0,1
35895,0,0,0,0,1
35896,0,0,0,0,1
35897,0,0,0,0,1
35898,0,0,0,0,1
35899,0,0,0,0,1
35900,0,0,0,0,1
35901,0,0,0,0,1
35902,0,0,0,0,1
35903,0,0,0,0,1
35904,0,0,0,0,1
35905,0,0,0,0,1
35906,0,0,0,0,1
35907,0,0,0,0,1
35908,0,0,0,0,1
35909,0,0,0,0,1
35910,0,0,0,0,1
35911,0,0,0,0,1
35912,0,0,0,0,1
35913,0,0,0,0,1
35914,0,0,0,0,1
35915,0,0,0,0,1
35916,0,0,0,0,1
35917,0,0,0,0,1
35918,0,0,0,0,1
35919,0,0,0,0,1
35920,1,0,0,0,0
35921,1,0,0,0,0
35922,1,0,0,0,0
35923,1,0,0,0,0
35924,1,0,0,0,0
35925,1,0,0,0,0
35926,1,0,0,0,0
35927,1,0,0,0,0
35928,1,0,0,0,0
35929,1,0,0,0,0
35930,1,0,0,0,0
35931,1,0,0,0,0
35932,1,0,0,0,0
35933,1,0,0,0,0
35934,1,0,0,0,0
35935,1,0,0,0,0
35936,1,0,0,0,0
35937,1,0,0,0,0
35938,1,0,0,0,0
35939,1,0,0,0,0
35940,1,0,0,0,0
35941,0,0,0,0,1
35942,0,0,0,0,1
35943,0,0,0,0,1
35944,0,0,0,0,1
35945,0,0,0,0,1
35946,0,0,0,0,1
35947,0,0,0,0,1
35948,0,0,0,0,1
35949,0,0,0,0,1
35950,0,0,0,0,1
35951,0,0,0,0,1
35952,0,0,0,0,1
35953,0,0,0,0,1
35954,0,0,0,0,1
35955,0,0,0,0,1
35956,0,0,0,0,1
35957,0,0,0,0,1
35958,0,0,0,0,1
35959,0,0,0,0,1
35960,0,0,0,0,1
35961,0,0,0,0,1
35962,0,0,0,0,1
35963,0,0,0,0,1
35964,0,0,0,0,1
35965,0,0,0,0,1
35966,0,0,0,0,1
35967,0,0,0,0,1
35968,0,0,0,0,1
35969,0,0,0,0,1
35970,0,0,0,0,1
35971,0,0,0,0,1
35972,0,0,0,0,1
35973,0,0,0,0,1
35974,0,0,0,0,1
35975,0,0,0,0,1
35976,0,0,0,0,1
35977,0,0,0,0,1
35978,0,0,0,0,1
35979,0,0,0,0,1
35980,0,0,0,0,1
35981,0,0,0,0,1
35982,0,0,0,0,1
35983,0,0,0,0,1
35984,0,0,0,0,1
35985,0,0,0,0,1
35986,0,0,0,0,1
35987,0,0,0,0,1
35988,0,0,0,0,1
35989,0,0,0,0,1
35990,0,0,0,0,1
35991,0,0,0,0,1
35992,0,0,0,0,1
35993,0,0,0,0,1
35994,0,0,0,0,1
35995,0,0,0,0,1
35996,0,0,0,0,1
35997,0,0,0,0,1
35998,0,0,0,0,1
35999,0,0,0,0,1
36000,0,0,0,0,1
36001,0,0,0,0,1
36002,0,0,0,0,1
36003,0,0,0,0,1
36004,0,0,0,0,1
36005,0,0,0,0,1
36006,1,0,0,0,0
36007,1,0,0,0,0
36008,1,0,0,0,0
36009,1,0,0,0,0
36010,1,0,0,0,0
36011,1,0,0,0,0
36012,1,0,0,0,0
36013,1,0,0,0,0
36014,1,0,0,0,0
36015,1,0,0,0,0
36016,1,0,0,0,0
36017,1,0,0,0,0
36018,1,0,0,0,0
36019,1,0,0,0,0
36020,1,0,0,0,0
36021,1,0,0,0,0
36022,1,0,0,0,0
36023,1,0,0,0,0
36024,1,0,0,0,0
36025,1,0,0,0,0
36026,1,0,0,0,0
36027,1,0,0,0,0
36028,1,0,0,0,0
36029,1,0,0,0,0
36030,1,0,0,0,0
36031,1,0,0,0,0
36032,1,0,0,0,0
36033,1,0,0,0,0
36034,1,0,0,0,0
36035,1,0,0,0,0
36036,1,0,0,0,0
36037,1,0,0,0,0
36038,1,0,0,0,0
36039,1,0,0,0,0
36040,1,0,0,0,0
36041,1,0,0,0,0
36042,1,0,0,0,0
36043,1,0,0,0,0
36044,1,0,0,0,0
36045,1,0,0,0,0
36046,1,0,0,0,0
36047,1,0,0,0,0
36048,1,0,0,0,0
36049,1,0,0,0,0
36050,1,0,0,0,0
36051,1,0,0,0,0
36052,1,0,0,0,0
36053,1,0,0,0,0
36054,1,0,0,0,0
36055,1,0,0,0,0
36056,1,0,0,0,0
36057,1,0,0,0,0
36058,1,0,0,0,0
36059,1,0,0,0,0
36060,1,0,0,0,0
36061,1,0,0,0,0
36062,1,0,0,0,0
36063,1,0,0,0,0
36064,1,0,0,0,0
36065,1,0,0,0,0
36066,1,0,0,0,0
36067,1,0,0,0,0
36068,1,0,0,0,0
36069,0,0,0,1,0
36070,0,0,0,1,0
36071,0,0,0,1,0
36072,0,0,0,1,0
36073,0,0,0,1,0
36074,0,0,0,1,0
36075,0,0,0,1,0
36076,0,0,0,1,0
36077,0,0,0,1,0
36078,0,0,0,1,0
36079,0,0,0,1,0
36080,0,0,0,1,0
36081,1,0,0,0,0
36082,1,0,0,0,0
36083,1,0,0,0,0
36084,1,0,0,0,0
36085,1,0,0,0,0
36086,1,0,0,0,0
36087,1,0,0,0,0
36088,1,0,0,0,0
36089,1,0,0,0,0
36090,1,0,0,0,0
36091,1,0,0,0,0
36092,1,0,0,0,0
36093,1,0,0,0,0
36094,1,0,0,0,0
36095,1,0,0,0,0
36096,1,0,0,0,0
36097,1,0,0,0,0
36098,1,0,0,0,0
36099,1,0,0,0,0
36100,0,0,0,0,1
36101,0,0,0,0,1
36102,0,0,0,0,1
36103,0,0,0,0,1
36104,0,0,0,0,1
36105,0,0,0,0,1
36106,0,0,0,0,1
36107,0,0,0,0,1
36108,0,0,0,0,1
36109,0,0,0,0,1
36110,0,0,0,0,1
36111,0,0,0,0,1
36112,0,0,0,0,1
36113,0,0,0,0,1
36114,0,0,0,0,1
36115,0,0,0,0,1
36116,0,0,0,0,1
36117,0,0,0,0,1
36118,0,0,0,0,1
36119,0,0,0,0,1
36120,0,0,0,0,1
36121,0,0,0,0,1
36122,0,0,0,0,1
36123,0,0,0,0,1
36124,0,0,0,0,1
36125,0,0,0,0,1
36126,0,0,0,0,1
36127,0,0,0,0,1
36128,0,0,0,0,1
36129,0,0,0,0,1
36130,0,0,0,0,1
36131,0,0,0,0,1
36132,0,0,0,0,1
36133,0,0,0,0,1
36134,0,0,0,0,1
36135,0,0,0,0,1
36136,0,0,0,0,1
36137,0,0,0,0,1
36138,0,0,0,0,1
36139,0,0,0,0,1
36140,0,0,0,0,1
36141,0,0,0,0,1
36142,0,0,0,0,1
36143,0,0,0,0,1
36144,0,0,0,0,1
36145,0,0,0,0,1
36146,1,0,0,0,0
36147,1,0,0,0,0
36148,1,0,0,0,0
36149,1,0,0,0,0
36150,1,0,0,0,0
36151,1,0,0,0,0
36152,1,0,0,0,0
36153,1,0,0,0,0
36154,1,0,0,0,0
36155,1,0,0,0,0
36156,1,0,0,0,0
36157,1,0,0,0,0
36158,1,0,0,0,0
36159,1,0,0,0,0
36160,1,0,0,0,0
36161,1,0,0,0,0
36162,1,0,0,0,0
36163,1,0,0,0,0
36164,1,0,0,0,0
36165,1,0,0,0,0
36166,1,0,0,0,0
36167,1,0,0,0,0
36168,1,0,0,0,0
36169,1,0,0,0,0
36170,1,0,0,0,0
36171,1,0,0,0,0
36172,1,0,0,0,0
36173,1,0,0,0,0
36174,1,0,0,0,0
36175,1,0,0,0,0
36176,1,0,0,0,0
36177,1,0,0,0,0
36178,1,0,0,0,0
36179,1,0,0,0,0
36180,1,0,0,0,0
36181,1,0,0,0,0
36182,1,0,0,0,0
36183,1,0,0,0,0
36184,1,0,0,0,0
36185,1,0,0,0,0
36186,1,0,0,0,0
36187,1,0,0,0,0
36188,1,0,0,0,0
36189,1,0,0,0,0
36190,1,0,0,0,0
36191,1,0,0,0,0
36192,1,0,0,0,0
36193,1,0,0,0,0
36194,1,0,0,0,0
36195,1,0,0,0,0
36196,1,0,0,0,0
36197,1,0,0,0,0
36198,1,0,0,0,0
36199,1,0,0,0,0
36200,0,1,0,0,0
36201,0,1,0,0,0
36202,0,1,0,0,0
36203,0,1,0,0,0
36204,0,1,0,0,0
36205,0,1,0,0,0
36206,0,1,0,0,0
36207,0,1,0,0,0
36208,0,1,0,0,0
36209,0,1,0,0,0
36210,0,1,0,0,0
36211,0,1,0,0,0
36212,0,1,0,0,0
36213,0,1,0,0,0
36214,0,1,0,0,0
36215,0,1,0,0,0
36216,0,1,0,0,0
36217,0,1,0,0,0
36218,0,1,0,0,0
36219,0,1,0,0,0
36220,0,1,0,0,0
36221,0,1,0,0,0
36222,0,1,0,0,0
36223,0,1,0,0,0
36224,0,1,0,0,0
36225,0,1,0,0,0
36226,0,1,0,0,0
36227,0,1,0,0,0
36228,0,1,0,0,0
36229,0,1,0,0,0
36230,0,1,0,0,0
36231,0,1,0,0,0
36232,0,1,0,0,0
36233,0,1,0,0,0
36234,0,1,0,0,0
36235,0,1,0,0,0
36236,0,1,0,0,0
36237,0,1,0,0,0
36238,0,1,0,0,0
36239,0,1,0,0,0
36240,0,1,0,0,0
36241,0,1,0,0,0
36242,0,1,0,0,0
36243,0,1,0,0,0
36244,0,1,0,0,0
36245,0,1,0,0,0
36246,0,1,0,0,0
36247,0,1,0,0,0
36248,0,1,0,0,0
36249,0,1,0,0,0
36250,0,1,0,0,0
36251,0,1,0,0,0
36252,0,1,0,0,0
36253,1,0,0,0,0
36254,1,0,0,0,0
36255,1,0,0,0,0
36256,1,0,0,0,0
36257,1,0,0,0,0
36258,1,0,0,0,0
36259,1,0,0,0,0
36260,1,0,0,0,0
36261,1,0,0,0,0
36262,1,0,0,0,0
36263,1,0,0,0,0
36264,1,0,0,0,0
36265,1,0,0,0,0
36266,1,0,0,0,0
36267,1,0,0,0,0
36268,1,0,0,0,0
36269,1,0,0,0,0
36270,1,0,0,0,0
36271,1,0,0,0,0
36272,1,0,0,0,0
36273,1,0,0,0,0
36274,1,0,0,0,0
36275,1,0,0,0,0
36276,1,0,0,0,0
36277,1,0,0,0,0
36278,1,0,0,0,0
36279,1,0,0,0,0
36280,1,0,0,0,0
36281,1,0,0,0,0
36282,1,0,0,0,0
36283,1,0,0,0,0
36284,1,0,0,0,0
36285,1,0,0,0,0
36286,1,0,0,0,0
36287,1,0,0,0,0
36288,1,0,0,0,0
36289,1,0,0,0,0
36290,1,0,0,0,0
36291,1,0,0,0,0
36292,1,0,0,0,0
36293,1,0,0,0,0
36294,1,0,0,0,0
36295,1,0,0,0,0
36296,1,0,0,0,0
36297,1,0,0,0,0
36298,1,0,0,0,0
36299,1,0,0,0,0
36300,1,0,0,0,0
36301,1,0,0,0,0
36302,1,0,0,0,0
36303,1,0,0,0,0
36304,1,0,0,0,0
36305,1,0,0,0,0
36306,1,0,0,0,0
36307,1,0,0,0,0
36308,1,0,0,0,0
36309,1,0,0,0,0
36310,1,0,0,0,0
36311,1,0,0,0,0
36312,1,0,0,0,0
36313,1,0,0,0,0
36314,1,0,0,0,0
36315,1,0,0,0,0
36316,1,0,0,0,0
36317,1,0,0,0,0
36318,1,0,0,0,0
36319,1,0,0,0,0
36320,1,0,0,0,0
36321,1,0,0,0,0
36322,1,0,0,0,0
36323,1,0,0,0,0
36324,1,0,0,0,0
36325,1,0,0,0,0
36326,1,0,0,0,0
36327,1,0,0,0,0
36328,1,0,0,0,0
36329,1,0,0,0,0
36330,1,0,0,0,0
36331,1,0,0,0,0
36332,1,0,0,0,0
36333,1,0,0,0,0
36334,1,0,0,0,0
36335,1,0,0,0,0
36336,1,0,0,0,0
36337,1,0,0,0,0
36338,1,0,0,0,0
36339,1,0,0,0,0
36340,1,0,0,0,0
36341,1,0,0,0,0
36342,1,0,0,0,0
36343,1,0,0,0,0
36344,1,0,0,0,0
36345,1,0,0,0,0
36346,1,0,0,0,0
36347,1,0,0,0,0
36348,1,0,0,0,0
36349,1,0,0,0,0
36350,1,0,0,0,0
36351,1,0,0,0,0
36352,1,0,0,0,0
36353,1,0,0,0,0
36354,1,0,0,0,0
36355,1,0,0,0,0
36356,1,0,0,0,0
36357,1,0,0,0,0
36358,1,0,0,0,0
36359,1,0,0,0,0
36360,0,0,0,1,0
36361,0,0,0,1,0
36362,0,0,0,1,0
36363,0,0,0,1,0
36364,0,0,0,1,0
36365,0,0,0,1,0
36366,0,0,0,1,0
36367,0,0,0,1,0
36368,0,0,0,1,0
36369,0,0,0,1,0
36370,0,0,0,1,0
36371,0,0,0,1,0
36372,0,0,0,1,0
36373,0,0,0,1,0
36374,0,0,0,1,0
36375,0,0,0,1,0
36376,0,0,0,1,0
36377,0,0,0,1,0
36378,0,0,0,1,0
36379,0,0,0,1,0
36380,0,0,0,1,0
36381,0,0,0,1,0
36382,0,0,0,1,0
36383,0,0,0,1,0
36384,0,0,0,1,0
36385,0,0,0,1,0
36386,0,0,0,1,0
36387,0,0,0,1,0
36388,0,0,0,1,0
36389,0,0,0,1,0
36390,0,0,0,1,0
36391,0,0,0,1,0
36392,0,0,0,1,0
36393,0,0,0,1,0
36394,0,0,0,1,0
36395,0,0,0,1,0
36396,1,0,0,0,0
36397,1,0,0,0,0
36398,1,0,0,0,0
36399,1,0,0,0,0
36400,1,0,0,0,0
36401,1,0,0,0,0
36402,1,0,0,0,0
36403,1,0,0,0,0
36404,1,0,0,0,0
36405,1,0,0,0,0
36406,1,0,0,0,0
36407,1,0,0,0,0
36408,1,0,0,0,0
36409,1,0,0,0,0
36410,1,0,0,0,0
36411,1,0,0,0,0
36412,1,0,0,0,0
36413,1,0,0,0,0
36414,1,0,0,0,0
36415,1,0,0,0,0
36416,1,0,0,0,0
36417,1,0,0,0,0
36418,1,0,0,0,0
36419,1,0,0,0,0
36420,1,0,0,0,0
36421,1,0,0,0,0
36422,1,0,0,0,0
36423,1,0,0,0,0
36424,1,0,0,0,0
36425,1,0,0,0,0
36426,1,0,0,0,0
36427,1,0,0,0,0
36428,1,0,0,0,0
36429,1,0,0,0,0
36430,1,0,0,0,0
36431,1,0,0,0,0
36432,1,0,0,0,0
36433,1,0,0,0,0
36434,1,0,0,0,0
36435,1,0,0,0,0
36436,1,0,0,0,0
36437,1,0,0,0,0
36438,1,0,0,0,0
36439,1,0,0,0,0
36440,1,0,0,0,0
36441,1,0,0,0,0
36442,1,0,0,0,0
36443,1,0,0,0,0
36444,1,0,0,0,0
36445,1,0,0,0,0
36446,1,0,0,0,0
36447,1,0,0,0,0
36448,1,0,0,0,0
36449,1,0,0,0,0
36450,1,0,0,0,0
36451,1,0,0,0,0
36452,1,0,0,0,0
36453,1,0,0,0,0
36454,1,0,0,0,0
36455,1,0,0,0,0
36456,0,0,0,0,1
36457,0,0,0,0,1
36458,0,0,0,0,1
36459,0,0,0,0,1
36460,0,0,0,0,1
36461,0,0,0,0,1
36462,0,0,0,0,1
36463,0,0,0,0,1
36464,0,0,0,0,1
36465,0,0,0,0,1
36466,0,0,0,0,1
36467,0,0,0,0,1
36468,0,0,0,0,1
36469,0,0,0,0,1
36470,0,0,0,0,1
36471,0,0,0,0,1
36472,0,0,0,0,1
36473,0,0,0,0,1
36474,0,0,0,0,1
36475,0,0,0,0,1
36476,0,0,0,0,1
36477,0,0,0,0,1
36478,0,0,0,0,1
36479,0,0,0,0,1
36480,0,0,0,0,1
36481,0,0,0,0,1
36482,0,0,0,0,1
36483,0,0,0,0,1
36484,0,0,0,0,1
36485,0,0,0,0,1
36486,0,0,0,0,1
36487,0,0,0,0,1
36488,0,0,0,0,1
36489,0,0,0,0,1
36490,0,0,0,0,1
36491,0,0,0,0,1
36492,0,0,0,0,1
36493,0,0,0,0,1
36494,0,0,0,0,1
36495,0,0,0,0,1
36496,0,0,0,0,1
36497,0,0,0,0,1
36498,0,0,0,0,1
36499,0,0,0,0,1
36500,0,0,0,0,1
36501,0,0,0,0,1
36502,0,0,0,0,1
36503,0,0,0,0,1
36504,0,0,0,0,1
36505,0,0,0,0,1
36506,0,0,0,0,1
36507,0,0,0,0,1
36508,0,0,0,0,1
36509,0,0,0,0,1
36510,0,0,0,0,1
36511,0,0,0,0,1
36512,0,0,0,0,1
36513,0,0,0,0,1
36514,0,0,0,0,1
36515,0,0,0,0,1
36516,0,0,0,0,1
36517,0,0,0,0,1
36518,0,0,0,0,1
36519,0,0,0,0,1
36520,0,0,0,0,1
36521,0,0,0,0,1
36522,0,0,0,0,1
36523,0,0,0,0,1
36524,0,0,0,0,1
36525,0,0,0,0,1
36526,0,0,0,0,1
36527,0,0,0,0,1
36528,0,0,0,0,1
36529,0,0,0,0,1
36530,0,0,0,0,1
36531,0,0,0,0,1
36532,0,0,0,0,1
36533,0,0,0,0,1
36534,0,0,0,0,1
36535,0,0,0,0,1
36536,0,0,0,0,1
36537,0,0,0,0,1
36538,0,0,0,0,1
36539,0,0,0,0,1
36540,0,0,0,0,1
36541,0,0,0,0,1
36542,0,0,0,0,1
36543,0,0,0,0,1
36544,0,0,0,0,1
36545,0,0,0,0,1
36546,0,0,0,0,1
36547,0,0,0,0,1
36548,0,0,0,0,1
36549,0,0,0,0,1
36550,0,0,0,0,1
36551,0,0,0,0,1
36552,0,0,0,0,1
36553,0,1,0,0,0
36554,0,1,0,0,0
36555,0,1,0,0,0
36556,0,1,0,0,0
36557,0,1,0,0,0
36558,0,1,0,0,0
36559,0,1,0,0,0
36560,0,1,0,0,0
36561,0,1,0,0,0
36562,0,1,0,0,0
36563,0,1,0,0,0
36564,0,1,0,0,0
36565,0,1,0,0,0
36566,0,1,0,0,0
36567,0,1,0,0,0
36568,0,1,0,0,0
36569,0,1,0,0,0
36570,0,1,0,0,0
36571,0,1,0,0,0
36572,0,1,0,0,0
36573,0,1,0,0,0
36574,0,1,0,0,0
36575,0,1,0,0,0
36576,0,1,0,0,0
36577,0,1,0,0,0
36578,0,1,0,0,0
36579,0,1,0,0,0
36580,0,1,0,0,0
36581,0,1,0,0,0
36582,0,1,0,0,0
36583,0,1,0,0,0
36584,0,1,0,0,0
36585,0,1,0,0,0
36586,0,1,0,0,0
36587,0,1,0,0,0
36588,0,1,0,0,0
36589,0,1,0,0,0
36590,0,1,0,0,0
36591,0,1,0,0,0
36592,0,1,0,0,0
36593,0,1,0,0,0
36594,0,1,0,0,0
36595,0,1,0,0,0
36596,0,1,0,0,0
36597,0,1,0,0,0
36598,0,1,0,0,0
36599,0,1,0,0,0
36600,0,1,0,0,0
36601,0,1,0,0,0
36602,0,1,0,0,0
36603,0,1,0,0,0
36604,0,1,0,0,0
36605,0,1,0,0,0
36606,0,1,0,0,0
36607,0,1,0,0,0
36608,0,1,0,0,0
36609,0,1,0,0,0
36610,0,1,0,0,0
36611,0,1,0,0,0
36612,0,1,0,0,0
36613,0,1,0,0,0
36614,0,1,0,0,0
36615,0,1,0,0,0
36616,0,1,0,0,0
36617,0,1,0,0,0
36618,0,1,0,0,0
36619,0,1,0,0,0
36620,0,1,0,0,0
36621,0,1,0,0,0
36622,0,1,0,0,0
36623,0,1,0,0,0
36624,0,1,0,0,0
36625,0,1,0,0,0
36626,0,1,0,0,0
36627,0,1,0,0,0
36628,0,1,0,0,0
36629,0,1,0,0,0
36630,0,1,0,0,0
36631,0,1,0,0,0
36632,0,1,0,0,0
36633,0,1,0,0,0
36634,0,1,0,0,0
36635,0,1,0,0,0
36636,0,1,0,0,0
36637,0,1,0,0,0
36638,0,1,0,0,0
36639,0,1,0,0,0
36640,0,1,0,0,0
36641,0,1,0,0,0
36642,0,1,0,0,0
36643,0,1,0,0,0
36644,0,1,0,0,0
36645,0,1,0,0,0
36646,0,1,0,0,0
36647,0,1,0,0,0
36648,0,1,0,0,0
36649,0,1,0,0,0
36650,0,1,0,0,0
36651,0,1,0,0,0
36652,0,1,0,0,0
36653,0,1,0,0,0
36654,0,1,0,0,0
36655,0,1,0,0,0
36656,0,1,0,0,0
36657,0,1,0,0,0
36658,0,1,0,0,0
36659,0,1,0,0,0
36660,1,0,0,0,0
36661,1,0,0,0,0
36662,1,0,0,0,0
36663,1,0,0,0,0
36664,1,0,0,0,0
36665,1,0,0,0,0
36666,1,0,0,0,0
36667,1,0,0,0,0
36668,1,0,0,0,0
36669,1,0,0,0,0
36670,1,0,0,0,0
36671,1,0,0,0,0
36672,1,0,0,0,0
36673,1,0,0,0,0
36674,1,0,0,0,0
36675,1,0,0,0,0
36676,1,0,0,0,0
36677,1,0,0,0,0
36678,1,0,0,0,0
36679,1,0,0,0,0
36680,1,0,0,0,0
36681,1,0,0,0,0
36682,1,0,0,0,0
36683,1,0,0,0,0
36684,1,0,0,0,0
36685,1,0,0,0,0
36686,1,0,0,0,0
36687,1,0,0,0,0
36688,1,0,0,0,0
36689,1,0,0,0,0
36690,1,0,0,0,0
36691,1,0,0,0,0
36692,1,0,0,0,0
36693,1,0,0,0,0
36694,1,0,0,0,0
36695,1,0,0,0,0
36696,1,0,0,0,0
36697,1,0,0,0,0
36698,1,0,0,0,0
36699,1,0,0,0,0
36700,1,0,0,0,0
36701,1,0,0,0,0
36702,1,0,0,0,0
36703,1,0,0,0,0
36704,1,0,0,0,0
36705,1,0,0,0,0
36706,1,0,0,0,0
36707,1,0,0,0,0
36708,1,0,0,0,0
36709,1,0,0,0,0
36710,1,0,0,0,0
36711,1,0,0,0,0
36712,1,0,0,0,0
36713,1,0,0,0,0
36714,1,0,0,0,0
36715,1,0,0,0,0
36716,1,0,0,0,0
36717,1,0,0,0,0
36718,1,0,0,0,0
36719,1,0,0,0,0
36720,1,0,0,0,0
36721,1,0,0,0,0
36722,1,0,0,0,0
36723,1,0,0,0,0
36724,1,0,0,0,0
36725,1,0,0,0,0
36726,1,0,0,0,0
36727,1,0,0,0,0
36728,1,0,0,0,0
36729,1,0,0,0,0
36730,1,0,0,0,0
36731,1,0,0,0,0
36732,1,0,0,0,0
36733,0,0,0,1,0
36734,0,0,0,1,0
36735,0,0,0,1,0
36736,0,0,0,1,0
36737,0,0,0,1,0
36738,0,0,0,1,0
36739,0,0,0,1,0
36740,0,0,0,1,0
36741,0,0,0,1,0
36742,0,0,0,1,0
36743,0,0,0,1,0
36744,0,0,0,1,0
36745,0,0,0,1,0
36746,0,0,0,1,0
36747,1,0,0,0,0
36748,1,0,0,0,0
36749,1,0,0,0,0
36750,1,0,0,0,0
36751,1,0,0,0,0
36752,1,0,0,0,0
36753,1,0,0,0,0
36754,1,0,0,0,0
36755,1,0,0,0,0
36756,1,0,0,0,0
36757,1,0,0,0,0
36758,1,0,0,0,0
36759,1,0,0,0,0
36760,1,0,0,0,0
36761,1,0,0,0,0
36762,1,0,0,0,0
36763,1,0,0,0,0
36764,1,0,0,0,0
36765,1,0,0,0,0
36766,1,0,0,0,0
36767,1,0,0,0,0
36768,1,0,0,0,0
36769,1,0,0,0,0
36770,1,0,0,0,0
36771,1,0,0,0,0
36772,1,0,0,0,0
36773,1,0,0,0,0
36774,1,0,0,0,0
36775,1,0,0,0,0
36776,1,0,0,0,0
36777,1,0,0,0,0
36778,1,0,0,0,0
36779,1,0,0,0,0
36780,1,0,0,0,0
36781,1,0,0,0,0
36782,1,0,0,0,0
36783,1,0,0,0,0
36784,1,0,0,0,0
36785,1,0,0,0,0
36786,1,0,0,0,0
36787,1,0,0,0,0
36788,1,0,0,0,0
36789,1,0,0,0,0
36790,1,0,0,0,0
36791,1,0,0,0,0
36792,1,0,0,0,0
36793,1,0,0,0,0
36794,1,0,0,0,0
36795,1,0,0,0,0
36796,1,0,0,0,0
36797,1,0,0,0,0
36798,1,0,0,0,0
36799,1,0,0,0,0
36800,1,0,0,0,0
36801,1,0,0,0,0
36802,1,0,0,0,0
36803,1,0,0,0,0
36804,1,0,0,0,0
36805,1,0,0,0,0
36806,1,0,0,0,0
36807,1,0,0,0,0
36808,1,0,0,0,0
36809,1,0,0,0,0
36810,1,0,0,0,0
36811,1,0,0,0,0
36812,1,0,0,0,0
36813,1,0,0,0,0
36814,1,0,0,0,0
36815,1,0,0,0,0
36816,1,0,0,0,0
36817,1,0,0,0,0
36818,1,0,0,0,0
36819,1,0,0,0,0
36820,1,0,0,0,0
36821,1,0,0,0,0
36822,1,0,0,0,0
36823,1,0,0,0,0
36824,1,0,0,0,0
36825,1,0,0,0,0
36826,1,0,0,0,0
36827,1,0,0,0,0
36828,1,0,0,0,0
36829,1,0,0,0,0
36830,1,0,0,0,0
36831,1,0,0,0,0
36832,1,0,0,0,0
36833,1,0,0,0,0
36834,1,0,0,0,0
36835,1,0,0,0,0
36836,1,0,0,0,0
36837,1,0,0,0,0
36838,1,0,0,0,0
36839,1,0,0,0,0
36840,1,0,0,0,0
36841,1,0,0,0,0
36842,1,0,0,0,0
36843,1,0,0,0,0
36844,1,0,0,0,0
36845,1,0,0,0,0
36846,1,0,0,0,0
36847,1,0,0,0,0
36848,1,0,0,0,0
36849,1,0,0,0,0
36850,1,0,0,0,0
36851,1,0,0,0,0
36852,1,0,0,0,0
36853,1,0,0,0,0
36854,1,0,0,0,0
36855,1,0,0,0,0
36856,1,0,0,0,0
36857,1,0,0,0,0
36858,1,0,0,0,0
36859,1,0,0,0,0
36860,1,0,0,0,0
36861,1,0,0,0,0
36862,1,0,0,0,0
36863,1,0,0,0,0
36864,1,0,0,0,0
36865,1,0,0,0,0
36866,1,0,0,0,0
36867,0,0,0,0,1
36868,0,0,0,0,1
36869,0,0,0,0,1
36870,0,0,0,0,1
36871,0,0,0,0,1
36872,0,0,0,0,1
36873,0,0,0,0,1
36874,0,0,0,0,1
36875,0,0,0,0,1
36876,0,0,0,0,1
36877,0,0,0,0,1
36878,0,0,0,0,1
36879,0,0,0,0,1
36880,0,0,0,0,1
36881,0,0,0,0,1
36882,0,0,0,0,1
36883,0,0,0,0,1
36884,0,0,0,0,1
36885,0,0,0,0,1
36886,0,0,0,0,1
36887,0,0,0,0,1
36888,0,0,0,0,1
36889,0,0,0,0,1
36890,0,0,0,0,1
36891,0,0,0,0,1
36892,0,0,0,0,1
36893,0,0,0,0,1
36894,0,0,0,0,1
36895,0,0,0,0,1
36896,0,0,0,0,1
36897,0,0,0,0,1
36898,0,0,0,0,1
36899,0,0,0,0,1
36900,0,0,0,0,1
36901,0,0,0,0,1
36902,1,0,0,0,0
36903,1,0,0,0,0
36904,1,0,0,0,0
36905,1,0,0,0,0
36906,1,0,0,0,0
36907,1,0,0,0,0
36908,1,0,0,0,0
36909,1,0,0,0,0
36910,1,0,0,0,0
36911,1,0,0,0,0
36912,1,0,0,0,0
36913,1,0,0,0,0
36914,1,0,0,0,0
36915,1,0,0,0,0
36916,1,0,0,0,0
36917,1,0,0,0,0
36918,1,0,0,0,0
36919,1,0,0,0,0
36920,1,0,0,0,0
36921,1,0,0,0,0
36922,1,0,0,0,0
36923,1,0,0,0,0
36924,1,0,0,0,0
36925,1,0,0,0,0
36926,1,0,0,0,0
36927,1,0,0,0,0
36928,1,0,0,0,0
36929,1,0,0,0,0
36930,1,0,0,0,0
36931,1,0,0,0,0
36932,1,0,0,0,0
36933,1,0,0,0,0
36934,1,0,0,0,0
36935,1,0,0,0,0
36936,1,0,0,0,0
36937,1,0,0,0,0
36938,1,0,0,0,0
36939,1,0,0,0,0
36940,1,0,0,0,0
36941,1,0,0,0,0
36942,1,0,0,0,0
36943,1,0,0,0,0
36944,1,0,0,0,0
36945,1,0,0,0,0
36946,1,0,0,0,0
36947,1,0,0,0,0
36948,1,0,0,0,0
36949,1,0,0,0,0
36950,1,0,0,0,0
36951,1,0,0,0,0
36952,1,0,0,0,0
36953,1,0,0,0,0
36954,1,0,0,0,0
36955,1,0,0,0,0
36956,1,0,0,0,0
36957,1,0,0,0,0
36958,1,0,0,0,0
36959,1,0,0,0,0
36960,1,0,0,0,0
36961,1,0,0,0,0
36962,1,0,0,0,0
36963,1,0,0,0,0
36964,1,0,0,0,0
36965,1,0,0,0,0
36966,1,0,0,0,0
36967,1,0,0,0,0
36968,1,0,0,0,0
36969,1,0,0,0,0
36970,1,0,0,0,0
36971,1,0,0,0,0
36972,1,0,0,0,0
36973,1,0,0,0,0
36974,1,0,0,0,0
36975,1,0,0,0,0
36976,1,0,0,0,0
36977,1,0,0,0,0
36978,1,0,0,0,0
36979,1,0,0,0,0
36980,1,0,0,0,0
36981,1,0,0,0,0
36982,0,0,0,0,1
36983,0,0,0,0,1
36984,0,0,0,0,1
36985,0,0,0,0,1
36986,0,0,0,0,1
36987,0,0,0,0,1
36988,0,0,0,0,1
36989,0,0,0,0,1
36990,0,0,0,0,1
36991,0,0,0,0,1
36992,0,0,0,0,1
36993,0,0,0,0,1
36994,0,0,0,0,1
36995,0,0,0,0,1
36996,0,0,0,0,1
36997,0,0,0,0,1
36998,0,0,0,0,1
36999,0,0,0,0,1
37000,0,0,0,0,1
37001,0,0,0,0,1
37002,0,0,0,0,1
37003,0,0,0,0,1
37004,0,0,0,0,1
37005,0,0,0,0,1
37006,0,0,0,0,1
37007,0,0,0,0,1
37008,0,0,0,0,1
37009,0,0,0,0,1
37010,0,0,0,0,1
37011,0,0,0,0,1
37012,0,0,0,0,1
37013,0,0,0,0,1
37014,0,0,0,0,1
37015,0,0,0,0,1
37016,1,0,0,0,0
37017,1,0,0,0,0
37018,1,0,0,0,0
37019,1,0,0,0,0
37020,1,0,0,0,0
37021,1,0,0,0,0
37022,1,0,0,0,0
37023,1,0,0,0,0
37024,1,0,0,0,0
37025,1,0,0,0,0
37026,1,0,0,0,0
37027,1,0,0,0,0
37028,1,0,0,0,0
37029,1,0,0,0,0
37030,1,0,0,0,0
37031,1,0,0,0,0
37032,1,0,0,0,0
37033,1,0,0,0,0
37034,1,0,0,0,0
37035,1,0,0,0,0
37036,1,0,0,0,0
37037,1,0,0,0,0
37038,1,0,0,0,0
37039,1,0,0,0,0
37040,1,0,0,0,0
37041,1,0,0,0,0
37042,1,0,0,0,0
37043,1,0,0,0,0
37044,1,0,0,0,0
37045,1,0,0,0,0
37046,1,0,0,0,0
37047,1,0,0,0,0
37048,1,0,0,0,0
37049,1,0,0,0,0
37050,1,0,0,0,0
37051,1,0,0,0,0
37052,1,0,0,0,0
37053,1,0,0,0,0
37054,1,0,0,0,0
37055,1,0,0,0,0
37056,1,0,0,0,0
37057,1,0,0,0,0
37058,1,0,0,0,0
37059,1,0,0,0,0
37060,1,0,0,0,0
37061,1,0,0,0,0
37062,1,0,0,0,0
37063,1,0,0,0,0
37064,1,0,0,0,0
37065,1,0,0,0,0
37066,1,0,0,0,0
37067,1,0,0,0,0
37068,1,0,0,0,0
37069,1,0,0,0,0
37070,1,0,0,0,0
37071,1,0,0,0,0
37072,1,0,0,0,0
37073,1,0,0,0,0
37074,1,0,0,0,0
37075,1,0,0,0,0
37076,1,0,0,0,0
37077,1,0,0,0,0
37078,1,0,0,0,0
37079,1,0,0,0,0
37080,1,0,0,0,0
37081,1,0,0,0,0
37082,1,0,0,0,0
37083,1,0,0,0,0
37084,1,0,0,0,0
37085,1,0,0,0,0
37086,1,0,0,0,0
37087,1,0,0,0,0
37088,1,0,0,0,0
37089,1,0,0,0,0
37090,1,0,0,0,0
37091,1,0,0,0,0
37092,1,0,0,0,0
37093,1,0,0,0,0
37094,1,0,0,0,0
37095,1,0,0,0,0
37096,1,0,0,0,0
37097,1,0,0,0,0
37098,1,0,0,0,0
37099,1,0,0,0,0
37100,1,0,0,0,0
37101,1,0,0,0,0
37102,1,0,0,0,0
37103,1,0,0,0,0
37104,1,0,0,0,0
37105,1,0,0,0,0
37106,1,0,0,0,0
37107,1,0,0,0,0
37108,1,0,0,0,0
37109,1,0,0,0,0
37110,1,0,0,0,0
37111,1,0,0,0,0
37112,1,0,0,0,0
37113,1,0,0,0,0
37114,1,0,0,0,0
37115,1,0,0,0,0
37116,1,0,0,0,0
37117,1,0,0,0,0
37118,1,0,0,0,0
37119,1,0,0,0,0
37120,1,0,0,0,0
37121,1,0,0,0,0
37122,1,0,0,0,0
37123,1,0,0,0,0
37124,1,0,0,0,0
37125,1,0,0,0,0
37126,1,0,0,0,0
37127,1,0,0,0,0
37128,1,0,0,0,0
37129,1,0,0,0,0
37130,1,0,0,0,0
37131,1,0,0,0,0
37132,1,0,0,0,0
37133,1,0,0,0,0
37134,1,0,0,0,0
37135,1,0,0,0,0
37136,1,0,0,0,0
37137,1,0,0,0,0
37138,1,0,0,0,0
37139,1,0,0,0,0
37140,1,0,0,0,0
37141,1,0,0,0,0
37142,1,0,0,0,0
37143,1,0,0,0,0
37144,1,0,0,0,0
37145,1,0,0,0,0
37146,1,0,0,0,0
37147,1,0,0,0,0
37148,1,0,0,0,0
37149,1,0,0,0,0
37150,1,0,0,0,0
37151,1,0,0,0,0
37152,1,0,0,0,0
37153,1,0,0,0,0
37154,1,0,0,0,0
37155,1,0,0,0,0
37156,1,0,0,0,0
37157,1,0,0,0,0
37158,1,0,0,0,0
37159,1,0,0,0,0
37160,1,0,0,0,0
37161,1,0,0,0,0
37162,1,0,0,0,0
37163,1,0,0,0,0
37164,1,0,0,0,0
37165,1,0,0,0,0
37166,1,0,0,0,0
37167,1,0,0,0,0
37168,1,0,0,0,0
37169,1,0,0,0,0
37170,1,0,0,0,0
37171,1,0,0,0,0
37172,1,0,0,0,0
37173,1,0,0,0,0
37174,1,0,0,0,0
37175,1,0,0,0,0
37176,1,0,0,0,0
37177,1,0,0,0,0
37178,1,0,0,0,0
37179,1,0,0,0,0
37180,1,0,0,0,0
37181,1,0,0,0,0
37182,1,0,0,0,0
37183,1,0,0,0,0
37184,1,0,0,0,0
37185,1,0,0,0,0
37186,1,0,0,0,0
37187,1,0,0,0,0
37188,1,0,0,0,0
37189,1,0,0,0,0
37190,1,0,0,0,0
37191,1,0,0,0,0
37192,1,0,0,0,0
37193,1,0,0,0,0
37194,1,0,0,0,0
37195,1,0,0,0,0
37196,1,0,0,0,0
37197,1,0,0,0,0
37198,1,0,0,0,0
37199,1,0,0,0,0
37200,1,0,0,0,0
37201,1,0,0,0,0
37202,1,0,0,0,0
37203,1,0,0,0,0
37204,1,0,0,0,0
37205,1,0,0,0,0
37206,1,0,0,0,0
37207,1,0,0,0,0
37208,1,0,0,0,0
37209,1,0,0,0,0
37210,1,0,0,0,0
37211,1,0,0,0,0
37212,1,0,0,0,0
37213,1,0,0,0,0
37214,1,0,0,0,0
37215,1,0,0,0,0
37216,1,0,0,0,0
37217,1,0,0,0,0
37218,1,0,0,0,0
37219,1,0,0,0,0
37220,1,0,0,0,0
37221,1,0,0,0,0
37222,1,0,0,0,0
37223,1,0,0,0,0
37224,1,0,0,0,0
37225,1,0,0,0,0
37226,1,0,0,0,0
37227,1,0,0,0,0
37228,1,0,0,0,0
37229,1,0,0,0,0
37230,0,0,0,0,1
37231,0,0,0,0,1
37232,0,0,0,0,1
37233,0,0,0,0,1
37234,0,0,0,0,1
37235,0,0,0,0,1
37236,0,0,0,0,1
37237,0,0,0,0,1
37238,0,0,0,0,1
37239,0,0,0,0,1
37240,0,0,0,0,1
37241,0,0,0,0,1
37242,0,0,0,0,1
37243,0,0,0,0,1
37244,0,0,0,0,1
37245,0,0,0,0,1
37246,0,0,0,0,1
37247,0,0,0,0,1
37248,0,0,0,0,1
37249,0,0,0,0,1
37250,0,0,0,0,1
37251,0,0,0,0,1
37252,0,0,0,0,1
37253,0,0,0,0,1
37254,0,0,0,0,1
37255,1,0,0,0,0
37256,1,0,0,0,0
37257,1,0,0,0,0
37258,1,0,0,0,0
37259,1,0,0,0,0
37260,1,0,0,0,0
37261,1,0,0,0,0
37262,1,0,0,0,0
37263,1,0,0,0,0
37264,1,0,0,0,0
37265,1,0,0,0,0
37266,1,0,0,0,0
37267,1,0,0,0,0
37268,1,0,0,0,0
37269,1,0,0,0,0
37270,1,0,0,0,0
37271,1,0,0,0,0
37272,1,0,0,0,0
37273,1,0,0,0,0
37274,1,0,0,0,0
37275,1,0,0,0,0
37276,1,0,0,0,0
37277,1,0,0,0,0
37278,1,0,0,0,0
37279,1,0,0,0,0
37280,1,0,0,0,0
37281,1,0,0,0,0
37282,1,0,0,0,0
37283,1,0,0,0,0
37284,1,0,0,0,0
37285,1,0,0,0,0
37286,1,0,0,0,0
37287,1,0,0,0,0
37288,1,0,0,0,0
37289,1,0,0,0,0
37290,1,0,0,0,0
37291,1,0,0,0,0
37292,1,0,0,0,0
37293,1,0,0,0,0
37294,1,0,0,0,0
37295,1,0,0,0,0
37296,1,0,0,0,0
37297,1,0,0,0,0
37298,1,0,0,0,0
37299,1,0,0,0,0
37300,1,0,0,0,0
37301,1,0,0,0,0
37302,1,0,0,0,0
37303,1,0,0,0,0
37304,1,0,0,0,0
37305,1,0,0,0,0
37306,1,0,0,0,0
37307,1,0,0,0,0
37308,1,0,0,0,0
37309,1,0,0,0,0
37310,1,0,0,0,0
37311,1,0,0,0,0
37312,1,0,0,0,0
37313,1,0,0,0,0
37314,1,0,0,0,0
37315,1,0,0,0,0
37316,1,0,0,0,0
37317,1,0,0,0,0
37318,1,0,0,0,0
37319,1,0,0,0,0
37320,1,0,0,0,0
37321,1,0,0,0,0
37322,1,0,0,0,0
37323,1,0,0,0,0
37324,1,0,0,0,0
37325,1,0,0,0,0
37326,1,0,0,0,0
37327,1,0,0,0,0
37328,1,0,0,0,0
37329,1,0,0,0,0
37330,1,0,0,0,0
37331,1,0,0,0,0
37332,1,0,0,0,0
37333,1,0,0,0,0
37334,1,0,0,0,0
37335,1,0,0,0,0
37336,1,0,0,0,0
37337,1,0,0,0,0
37338,1,0,0,0,0
37339,1,0,0,0,0
37340,1,0,0,0,0
37341,1,0,0,0,0
37342,1,0,0,0,0
37343,1,0,0,0,0
37344,1,0,0,0,0
37345,1,0,0,0,0
37346,1,0,0,0,0
37347,1,0,0,0,0
37348,1,0,0,0,0
37349,1,0,0,0,0
37350,0,0,0,0,1
37351,0,0,0,0,1
37352,0,0,0,0,1
37353,0,0,0,0,1
37354,0,0,0,0,1
37355,0,0,0,0,1
37356,0,0,0,0,1
37357,0,0,0,0,1
37358,0,0,0,0,1
37359,0,0,0,0,1
37360,0,0,0,0,1
37361,0,0,0,0,1
37362,0,0,0,0,1
37363,0,0,0,0,1
37364,0,0,0,0,1
37365,0,0,0,0,1
37366,0,0,0,0,1
37367,0,0,0,0,1
37368,0,0,0,0,1
37369,0,0,0,0,1
37370,0,0,0,0,1
37371,0,0,0,0,1
37372,0,0,0,0,1
37373,0,0,0,0,1
37374,0,0,0,0,1
37375,0,0,0,0,1
37376,0,0,0,0,1
37377,0,0,0,0,1
37378,0,0,0,0,1
37379,0,0,0,0,1
37380,0,0,0,0,1
37381,0,0,0,0,1
37382,0,0,0,0,1
37383,0,0,0,0,1
37384,0,0,0,0,1
37385,0,0,0,0,1
37386,0,0,0,0,1
37387,0,0,0,0,1
37388,0,0,0,0,1
37389,0,0,0,0,1
37390,0,0,0,0,1
37391,0,0,0,0,1
37392,0,0,0,0,1
37393,0,0,0,0,1
37394,0,0,0,0,1
37395,0,0,0,0,1
37396,0,0,0,0,1
37397,0,0,0,0,1
37398,0,0,0,0,1
37399,0,0,0,0,1
37400,0,0,0,0,1
37401,0,0,0,0,1
37402,0,0,0,0,1
37403,0,0,0,0,1
37404,0,0,0,0,1
37405,0,0,0,0,1
37406,0,0,0,0,1
37407,0,0,0,0,1
37408,0,0,0,0,1
37409,0,0,0,0,1
37410,0,0,0,0,1
37411,0,0,0,0,1
37412,0,0,0,0,1
37413,0,0,0,0,1
37414,0,0,0,0,1
37415,0,0,0,0,1
37416,0,0,0,0,1
37417,0,0,0,0,1
37418,0,0,0,0,1
37419,0,0,0,0,1
37420,0,0,0,0,1
37421,0,0,0,0,1
37422,0,0,0,0,1
37423,0,0,0,0,1
37424,0,0,0,0,1
37425,0,0,0,0,1
37426,0,0,0,0,1
37427,0,0,0,0,1
37428,0,0,0,0,1
37429,0,0,0,0,1
37430,0,0,0,0,1
37431,0,0,0,0,1
37432,0,0,0,0,1
37433,0,0,0,0,1
37434,0,0,0,0,1
37435,0,0,0,0,1
37436,0,0,0,0,1
37437,0,0,0,0,1
37438,0,0,0,0,1
37439,0,0,0,0,1
37440,0,0,0,0,1
37441,0,0,0,0,1
37442,0,0,0,0,1
37443,0,0,0,0,1
37444,0,0,0,0,1
37445,0,0,0,0,1
37446,0,0,0,0,1
37447,0,0,0,0,1
37448,0,0,0,0,1
37449,0,0,0,0,1
37450,0,0,0,0,1
37451,0,0,0,0,1
37452,0,0,0,0,1
37453,0,0,0,0,1
37454,0,0,0,0,1
37455,0,0,0,0,1
37456,0,0,0,0,1
37457,1,0,0,0,0
37458,1,0,0,0,0
37459,1,0,0,0,0
37460,1,0,0,0,0
37461,1,0,0,0,0
37462,1,0,0,0,0
37463,1,0,0,0,0
37464,1,0,0,0,0
37465,1,0,0,0,0
37466,1,0,0,0,0
37467,1,0,0,0,0
37468,1,0,0,0,0
37469,1,0,0,0,0
37470,1,0,0,0,0
37471,1,0,0,0,0
37472,1,0,0,0,0
37473,1,0,0,0,0
37474,1,0,0,0,0
37475,1,0,0,0,0
37476,1,0,0,0,0
37477,1,0,0,0,0
37478,1,0,0,0,0
37479,1,0,0,0,0
37480,1,0,0,0,0
37481,1,0,0,0,0
37482,1,0,0,0,0
37483,1,0,0,0,0
37484,1,0,0,0,0
37485,1,0,0,0,0
37486,1,0,0,0,0
37487,1,0,0,0,0
37488,1,0,0,0,0
37489,1,0,0,0,0
37490,1,0,0,0,0
37491,1,0,0,0,0
37492,1,0,0,0,0
37493,1,0,0,0,0
37494,1,0,0,0,0
37495,1,0,0,0,0
37496,1,0,0,0,0
37497,1,0,0,0,0
37498,1,0,0,0,0
37499,1,0,0,0,0
37500,1,0,0,0,0
37501,1,0,0,0,0
37502,1,0,0,0,0
37503,1,0,0,0,0
37504,1,0,0,0,0
37505,1,0,0,0,0
37506,1,0,0,0,0
37507,1,0,0,0,0
37508,1,0,0,0,0
37509,1,0,0,0,0
37510,1,0,0,0,0
37511,1,0,0,0,0
37512,1,0,0,0,0
37513,1,0,0,0,0
37514,1,0,0,0,0
37515,1,0,0,0,0
37516,1,0,0,0,0
37517,1,0,0,0,0
37518,1,0,0,0,0
37519,1,0,0,0,0
37520,1,0,0,0,0
37521,1,0,0,0,0
37522,1,0,0,0,0
37523,1,0,0,0,0
37524,1,0,0,0,0
37525,1,0,0,0,0
37526,1,0,0,0,0
37527,1,0,0,0,0
37528,1,0,0,0,0
37529,1,0,0,0,0
37530,1,0,0,0,0
37531,1,0,0,0,0
37532,1,0,0,0,0
37533,0,0,0,0,1
37534,0,0,0,0,1
37535,0,0,0,0,1
37536,0,0,0,0,1
37537,0,0,0,0,1
37538,0,0,0,0,1
37539,0,0,0,0,1
37540,0,0,0,0,1
37541,0,0,0,0,1
37542,0,0,0,0,1
37543,0,0,0,0,1
37544,0,0,0,0,1
37545,0,0,0,0,1
37546,0,0,0,0,1
37547,0,0,0,0,1
37548,0,0,0,0,1
37549,0,0,0,0,1
37550,0,0,0,0,1
37551,0,0,0,0,1
37552,0,0,0,0,1
37553,0,0,0,0,1
37554,0,0,0,0,1
37555,0,0,0,0,1
37556,0,0,0,0,1
37557,0,0,0,0,1
37558,0,0,0,0,1
37559,0,0,0,0,1
37560,0,0,0,0,1
37561,0,0,0,0,1
37562,0,0,0,0,1
37563,0,0,0,0,1
37564,0,0,0,0,1
37565,0,0,0,0,1
37566,0,0,0,0,1
37567,0,0,0,0,1
37568,0,0,0,0,1
37569,0,0,0,0,1
37570,0,0,0,0,1
37571,0,0,0,0,1
37572,0,0,0,0,1
37573,1,0,0,0,0
37574,1,0,0,0,0
37575,1,0,0,0,0
37576,1,0,0,0,0
37577,1,0,0,0,0
37578,1,0,0,0,0
37579,1,0,0,0,0
37580,1,0,0,0,0
37581,1,0,0,0,0
37582,1,0,0,0,0
37583,1,0,0,0,0
37584,1,0,0,0,0
37585,1,0,0,0,0
37586,1,0,0,0,0
37587,1,0,0,0,0
37588,1,0,0,0,0
37589,1,0,0,0,0
37590,1,0,0,0,0
37591,1,0,0,0,0
37592,1,0,0,0,0
37593,1,0,0,0,0
37594,1,0,0,0,0
37595,1,0,0,0,0
37596,1,0,0,0,0
37597,1,0,0,0,0
37598,1,0,0,0,0
37599,1,0,0,0,0
37600,1,0,0,0,0
37601,1,0,0,0,0
37602,1,0,0,0,0
37603,1,0,0,0,0
37604,1,0,0,0,0
37605,1,0,0,0,0
37606,1,0,0,0,0
37607,1,0,0,0,0
37608,1,0,0,0,0
37609,1,0,0,0,0
37610,1,0,0,0,0
37611,1,0,0,0,0
37612,1,0,0,0,0
37613,1,0,0,0,0
37614,1,0,0,0,0
37615,1,0,0,0,0
37616,1,0,0,0,0
37617,1,0,0,0,0
37618,1,0,0,0,0
37619,1,0,0,0,0
37620,1,0,0,0,0
37621,1,0,0,0,0
37622,1,0,0,0,0
37623,1,0,0,0,0
37624,1,0,0,0,0
37625,1,0,0,0,0
37626,1,0,0,0,0
37627,1,0,0,0,0
37628,1,0,0,0,0
37629,1,0,0,0,0
37630,1,0,0,0,0
37631,1,0,0,0,0
37632,1,0,0,0,0
37633,1,0,0,0,0
37634,1,0,0,0,0
37635,1,0,0,0,0
37636,1,0,0,0,0
37637,1,0,0,0,0
37638,1,0,0,0,0
37639,1,0,0,0,0
37640,1,0,0,0,0
37641,1,0,0,0,0
37642,1,0,0,0,0
37643,1,0,0,0,0
37644,1,0,0,0,0
37645,1,0,0,0,0
37646,0,0,0,0,1
37647,0,0,0,0,1
37648,0,0,0,0,1
37649,0,0,0,0,1
37650,0,0,0,0,1
37651,0,0,0,0,1
37652,0,0,0,0,1
37653,0,0,0,0,1
37654,0,0,0,0,1
37655,0,0,0,0,1
37656,0,0,0,0,1
37657,0,0,0,0,1
37658,0,0,0,0,1
37659,0,0,0,0,1
37660,0,0,0,0,1
37661,0,0,0,0,1
37662,0,0,0,0,1
37663,0,0,0,0,1
37664,0,0,0,0,1
37665,0,0,0,0,1
37666,0,0,0,0,1
37667,0,0,0,0,1
37668,0,0,0,0,1
37669,0,0,0,0,1
37670,0,0,0,0,1
37671,0,0,0,0,1
37672,0,0,0,0,1
37673,0,0,0,0,1
37674,0,0,0,0,1
37675,0,0,0,0,1
37676,0,0,0,0,1
37677,0,0,0,0,1
37678,0,0,0,0,1
37679,1,0,0,0,0
37680,1,0,0,0,0
37681,1,0,0,0,0
37682,1,0,0,0,0
37683,1,0,0,0,0
37684,1,0,0,0,0
37685,1,0,0,0,0
37686,1,0,0,0,0
37687,1,0,0,0,0
37688,1,0,0,0,0
37689,1,0,0,0,0
37690,1,0,0,0,0
37691,1,0,0,0,0
37692,1,0,0,0,0
37693,1,0,0,0,0
37694,1,0,0,0,0
37695,1,0,0,0,0
37696,1,0,0,0,0
37697,1,0,0,0,0
37698,1,0,0,0,0
37699,1,0,0,0,0
37700,1,0,0,0,0
37701,1,0,0,0,0
37702,1,0,0,0,0
37703,1,0,0,0,0
37704,1,0,0,0,0
37705,1,0,0,0,0
37706,1,0,0,0,0
37707,1,0,0,0,0
37708,1,0,0,0,0
37709,1,0,0,0,0
37710,1,0,0,0,0
37711,1,0,0,0,0
37712,1,0,0,0,0
37713,1,0,0,0,0
37714,1,0,0,0,0
37715,1,0,0,0,0
37716,1,0,0,0,0
37717,1,0,0,0,0
37718,1,0,0,0,0
37719,1,0,0,0,0
37720,1,0,0,0,0
37721,1,0,0,0,0
37722,1,0,0,0,0
37723,1,0,0,0,0
37724,1,0,0,0,0
37725,1,0,0,0,0
37726,1,0,0,0,0
37727,1,0,0,0,0
37728,1,0,0,0,0
37729,1,0,0,0,0
37730,1,0,0,0,0
37731,1,0,0,0,0
37732,1,0,0,0,0
37733,1,0,0,0,0
37734,1,0,0,0,0
37735,1,0,0,0,0
37736,1,0,0,0,0
37737,1,0,0,0,0
37738,1,0,0,0,0
37739,1,0,0,0,0
37740,1,0,0,0,0
37741,1,0,0,0,0
37742,1,0,0,0,0
37743,1,0,0,0,0
37744,1,0,0,0,0
37745,1,0,0,0,0
37746,1,0,0,0,0
37747,1,0,0,0,0
37748,1,0,0,0,0
37749,1,0,0,0,0
37750,1,0,0,0,0
37751,1,0,0,0,0
37752,1,0,0,0,0
37753,1,0,0,0,0
37754,1,0,0,0,0
37755,1,0,0,0,0
37756,1,0,0,0,0
37757,1,0,0,0,0
37758,1,0,0,0,0
37759,1,0,0,0,0
37760,1,0,0,0,0
37761,1,0,0,0,0
37762,1,0,0,0,0
37763,1,0,0,0,0
37764,1,0,0,0,0
37765,1,0,0,0,0
37766,1,0,0,0,0
37767,1,0,0,0,0
37768,1,0,0,0,0
37769,1,0,0,0,0
37770,1,0,0,0,0
37771,1,0,0,0,0
37772,1,0,0,0,0
37773,1,0,0,0,0
37774,1,0,0,0,0
37775,1,0,0,0,0
37776,1,0,0,0,0
37777,1,0,0,0,0
37778,1,0,0,0,0
37779,1,0,0,0,0
37780,1,0,0,0,0
37781,1,0,0,0,0
37782,1,0,0,0,0
37783,1,0,0,0,0
37784,1,0,0,0,0
37785,1,0,0,0,0
37786,1,0,0,0,0
37787,1,0,0,0,0
37788,1,0,0,0,0
37789,1,0,0,0,0
37790,1,0,0,0,0
37791,1,0,0,0,0
37792,1,0,0,0,0
37793,1,0,0,0,0
37794,1,0,0,0,0
37795,1,0,0,0,0
37796,1,0,0,0,0
37797,1,0,0,0,0
37798,1,0,0,0,0
37799,1,0,0,0,0
37800,1,0,0,0,0
37801,1,0,0,0,0
37802,1,0,0,0,0
37803,1,0,0,0,0
37804,1,0,0,0,0
37805,1,0,0,0,0
37806,1,0,0,0,0
37807,1,0,0,0,0
37808,1,0,0,0,0
37809,1,0,0,0,0
37810,1,0,0,0,0
37811,1,0,0,0,0
37812,1,0,0,0,0
37813,1,0,0,0,0
37814,1,0,0,0,0
37815,1,0,0,0,0
37816,1,0,0,0,0
37817,1,0,0,0,0
37818,1,0,0,0,0
37819,1,0,0,0,0
37820,1,0,0,0,0
37821,1,0,0,0,0
37822,1,0,0,0,0
37823,1,0,0,0,0
37824,1,0,0,0,0
37825,1,0,0,0,0
37826,1,0,0,0,0
37827,1,0,0,0,0
37828,1,0,0,0,0
37829,1,0,0,0,0
37830,1,0,0,0,0
37831,1,0,0,0,0
37832,1,0,0,0,0
37833,1,0,0,0,0
37834,1,0,0,0,0
37835,1,0,0,0,0
37836,1,0,0,0,0
37837,1,0,0,0,0
37838,1,0,0,0,0
37839,1,0,0,0,0
37840,1,0,0,0,0
37841,1,0,0,0,0
37842,1,0,0,0,0
37843,1,0,0,0,0
37844,1,0,0,0,0
37845,1,0,0,0,0
37846,1,0,0,0,0
37847,1,0,0,0,0
37848,1,0,0,0,0
37849,1,0,0,0,0
37850,1,0,0,0,0
37851,1,0,0,0,0
37852,1,0,0,0,0
37853,1,0,0,0,0
37854,1,0,0,0,0
37855,1,0,0,0,0
37856,1,0,0,0,0
37857,1,0,0,0,0
37858,1,0,0,0,0
37859,1,0,0,0,0
37860,1,0,0,0,0
37861,1,0,0,0,0
37862,1,0,0,0,0
37863,1,0,0,0,0
37864,1,0,0,0,0
37865,1,0,0,0,0
37866,1,0,0,0,0
37867,1,0,0,0,0
37868,1,0,0,0,0
37869,1,0,0,0,0
37870,1,0,0,0,0
37871,1,0,0,0,0
37872,1,0,0,0,0
37873,1,0,0,0,0
37874,1,0,0,0,0
37875,1,0,0,0,0
37876,1,0,0,0,0
37877,1,0,0,0,0
37878,1,0,0,0,0
37879,1,0,0,0,0
37880,1,0,0,0,0
37881,1,0,0,0,0
37882,1,0,0,0,0
37883,1,0,0,0,0
37884,1,0,0,0,0
37885,1,0,0,0,0
37886,1,0,0,0,0
37887,1,0,0,0,0
37888,1,0,0,0,0
37889,1,0,0,0,0
37890,1,0,0,0,0
37891,1,0,0,0,0
37892,1,0,0,0,0
37893,1,0,0,0,0
37894,1,0,0,0,0
37895,1,0,0,0,0
37896,1,0,0,0,0
37897,1,0,0,0,0
37898,1,0,0,0,0
37899,1,0,0,0,0
37900,1,0,0,0,0
37901,1,0,0,0,0
37902,1,0,0,0,0
37903,1,0,0,0,0
37904,1,0,0,0,0
37905,1,0,0,0,0
37906,1,0,0,0,0
37907,1,0,0,0,0
37908,1,0,0,0,0
37909,1,0,0,0,0
37910,1,0,0,0,0
37911,1,0,0,0,0
37912,1,0,0,0,0
37913,1,0,0,0,0
37914,1,0,0,0,0
37915,1,0,0,0,0
37916,1,0,0,0,0
37917,1,0,0,0,0
37918,1,0,0,0,0
37919,1,0,0,0,0
37920,1,0,0,0,0
37921,1,0,0,0,0
37922,1,0,0,0,0
37923,1,0,0,0,0
37924,1,0,0,0,0
37925,1,0,0,0,0
37926,1,0,0,0,0
37927,1,0,0,0,0
37928,1,0,0,0,0
37929,1,0,0,0,0
37930,1,0,0,0,0
37931,1,0,0,0,0
37932,1,0,0,0,0
37933,1,0,0,0,0
37934,1,0,0,0,0
37935,1,0,0,0,0
37936,1,0,0,0,0
37937,1,0,0,0,0
37938,1,0,0,0,0
37939,1,0,0,0,0
37940,1,0,0,0,0
37941,1,0,0,0,0
37942,1,0,0,0,0
37943,1,0,0,0,0
37944,1,0,0,0,0
37945,1,0,0,0,0
37946,1,0,0,0,0
37947,1,0,0,0,0
37948,0,0,0,0,1
37949,0,0,0,0,1
37950,0,0,0,0,1
37951,0,0,0,0,1
37952,0,0,0,0,1
37953,0,0,0,0,1
37954,0,0,0,0,1
37955,0,0,0,0,1
37956,0,0,0,0,1
37957,0,0,0,0,1
37958,0,0,0,0,1
37959,0,0,0,0,1
37960,0,0,0,0,1
37961,0,0,0,0,1
37962,0,0,0,0,1
37963,0,0,0,0,1
37964,0,0,0,0,1
37965,0,0,0,0,1
37966,0,0,0,0,1
37967,0,0,0,0,1
37968,0,0,0,0,1
37969,0,0,0,0,1
37970,0,0,0,0,1
37971,0,0,0,0,1
37972,0,0,0,0,1
37973,0,0,0,0,1
37974,0,0,0,0,1
37975,0,0,0,0,1
37976,0,0,0,0,1
37977,0,0,0,0,1
37978,1,0,0,0,0
37979,1,0,0,0,0
37980,1,0,0,0,0
37981,1,0,0,0,0
37982,1,0,0,0,0
37983,1,0,0,0,0
37984,1,0,0,0,0
37985,1,0,0,0,0
37986,1,0,0,0,0
37987,1,0,0,0,0
37988,1,0,0,0,0
37989,1,0,0,0,0
37990,1,0,0,0,0
37991,1,0,0,0,0
37992,1,0,0,0,0
37993,1,0,0,0,0
37994,1,0,0,0,0
37995,1,0,0,0,0
37996,1,0,0,0,0
37997,1,0,0,0,0
37998,1,0,0,0,0
37999,1,0,0,0,0
38000,1,0,0,0,0
38001,1,0,0,0,0
38002,1,0,0,0,0
38003,1,0,0,0,0
38004,1,0,0,0,0
38005,1,0,0,0,0
38006,1,0,0,0,0
38007,1,0,0,0,0
38008,1,0,0,0,0
38009,1,0,0,0,0
38010,1,0,0,0,0
38011,1,0,0,0,0
38012,1,0,0,0,0
38013,1,0,0,0,0
38014,1,0,0,0,0
38015,1,0,0,0,0
38016,1,0,0,0,0
38017,1,0,0,0,0
38018,1,0,0,0,0
38019,1,0,0,0,0
38020,1,0,0,0,0
38021,1,0,0,0,0
38022,1,0,0,0,0
38023,1,0,0,0,0
38024,1,0,0,0,0
38025,1,0,0,0,0
38026,1,0,0,0,0
38027,1,0,0,0,0
38028,1,0,0,0,0
38029,1,0,0,0,0
38030,1,0,0,0,0
38031,1,0,0,0,0
38032,1,0,0,0,0
38033,1,0,0,0,0
38034,1,0,0,0,0
38035,1,0,0,0,0
38036,1,0,0,0,0
38037,1,0,0,0,0
38038,1,0,0,0,0
38039,1,0,0,0,0
38040,1,0,0,0,0
38041,1,0,0,0,0
38042,1,0,0,0,0
38043,1,0,0,0,0
38044,1,0,0,0,0
38045,1,0,0,0,0
38046,1,0,0,0,0
38047,1,0,0,0,0
38048,1,0,0,0,0
38049,1,0,0,0,0
38050,1,0,0,0,0
38051,1,0,0,0,0
38052,1,0,0,0,0
38053,1,0,0,0,0
38054,1,0,0,0,0
38055,1,0,0,0,0
38056,1,0,0,0,0
38057,1,0,0,0,0
38058,1,0,0,0,0
38059,1,0,0,0,0
38060,1,0,0,0,0
38061,1,0,0,0,0
38062,1,0,0,0,0
38063,1,0,0,0,0
38064,1,0,0,0,0
38065,1,0,0,0,0
38066,1,0,0,0,0
38067,1,0,0,0,0
38068,1,0,0,0,0
38069,1,0,0,0,0
38070,1,0,0,0,0
38071,1,0,0,0,0
38072,1,0,0,0,0
38073,1,0,0,0,0
38074,1,0,0,0,0
38075,1,0,0,0,0
38076,1,0,0,0,0
38077,1,0,0,0,0
38078,1,0,0,0,0
38079,1,0,0,0,0
38080,1,0,0,0,0
38081,1,0,0,0,0
38082,1,0,0,0,0
38083,1,0,0,0,0
38084,1,0,0,0,0
38085,1,0,0,0,0
38086,1,0,0,0,0
38087,1,0,0,0,0
38088,1,0,0,0,0
38089,1,0,0,0,0
38090,1,0,0,0,0
38091,1,0,0,0,0
38092,1,0,0,0,0
38093,1,0,0,0,0
38094,1,0,0,0,0
38095,1,0,0,0,0
38096,1,0,0,0,0
38097,1,0,0,0,0
38098,1,0,0,0,0
38099,1,0,0,0,0
38100,1,0,0,0,0
38101,1,0,0,0,0
38102,1,0,0,0,0
38103,1,0,0,0,0
38104,1,0,0,0,0
38105,1,0,0,0,0
38106,1,0,0,0,0
38107,1,0,0,0,0
38108,1,0,0,0,0
38109,1,0,0,0,0
38110,1,0,0,0,0
38111,1,0,0,0,0
38112,1,0,0,0,0
38113,1,0,0,0,0
38114,1,0,0,0,0
38115,1,0,0,0,0
38116,1,0,0,0,0
38117,1,0,0,0,0
38118,1,0,0,0,0
38119,1,0,0,0,0
38120,1,0,0,0,0
38121,1,0,0,0,0
38122,1,0,0,0,0
38123,1,0,0,0,0
38124,1,0,0,0,0
38125,1,0,0,0,0
38126,1,0,0,0,0
38127,1,0,0,0,0
38128,1,0,0,0,0
38129,1,0,0,0,0
38130,1,0,0,0,0
38131,1,0,0,0,0
38132,1,0,0,0,0
38133,1,0,0,0,0
38134,1,0,0,0,0
38135,1,0,0,0,0
38136,1,0,0,0,0
38137,1,0,0,0,0
38138,1,0,0,0,0
38139,1,0,0,0,0
38140,1,0,0,0,0
38141,1,0,0,0,0
38142,1,0,0,0,0
38143,1,0,0,0,0
38144,1,0,0,0,0
38145,1,0,0,0,0
38146,1,0,0,0,0
38147,1,0,0,0,0
38148,1,0,0,0,0
38149,1,0,0,0,0
38150,1,0,0,0,0
38151,1,0,0,0,0
38152,1,0,0,0,0
38153,1,0,0,0,0
38154,1,0,0,0,0
38155,1,0,0,0,0
38156,1,0,0,0,0
38157,1,0,0,0,0
38158,1,0,0,0,0
38159,1,0,0,0,0
38160,1,0,0,0,0
38161,1,0,0,0,0
38162,1,0,0,0,0
38163,1,0,0,0,0
38164,1,0,0,0,0
38165,1,0,0,0,0
38166,1,0,0,0,0
38167,1,0,0,0,0
38168,1,0,0,0,0
38169,1,0,0,0,0
38170,1,0,0,0,0
38171,1,0,0,0,0
38172,1,0,0,0,0
38173,1,0,0,0,0
38174,1,0,0,0,0
38175,1,0,0,0,0
38176,1,0,0,0,0
38177,1,0,0,0,0
38178,1,0,0,0,0
38179,1,0,0,0,0
38180,1,0,0,0,0
38181,1,0,0,0,0
38182,1,0,0,0,0
38183,1,0,0,0,0
38184,1,0,0,0,0
38185,1,0,0,0,0
38186,1,0,0,0,0
38187,1,0,0,0,0
38188,1,0,0,0,0
38189,1,0,0,0,0
38190,1,0,0,0,0
38191,1,0,0,0,0
38192,1,0,0,0,0
38193,1,0,0,0,0
38194,1,0,0,0,0
38195,1,0,0,0,0
38196,1,0,0,0,0
38197,1,0,0,0,0
38198,1,0,0,0,0
38199,1,0,0,0,0
38200,1,0,0,0,0
38201,1,0,0,0,0
38202,1,0,0,0,0
38203,1,0,0,0,0
38204,1,0,0,0,0
38205,1,0,0,0,0
38206,1,0,0,0,0
38207,1,0,0,0,0
38208,1,0,0,0,0
38209,1,0,0,0,0
38210,1,0,0,0,0
38211,1,0,0,0,0
38212,1,0,0,0,0
38213,1,0,0,0,0
38214,1,0,0,0,0
38215,1,0,0,0,0
38216,1,0,0,0,0
38217,1,0,0,0,0
38218,1,0,0,0,0
38219,1,0,0,0,0
38220,1,0,0,0,0
38221,1,0,0,0,0
38222,1,0,0,0,0
38223,1,0,0,0,0
38224,1,0,0,0,0
38225,1,0,0,0,0
38226,1,0,0,0,0
38227,1,0,0,0,0
38228,1,0,0,0,0
38229,1,0,0,0,0
38230,1,0,0,0,0
38231,1,0,0,0,0
38232,1,0,0,0,0
38233,1,0,0,0,0
38234,1,0,0,0,0
38235,1,0,0,0,0
38236,1,0,0,0,0
38237,1,0,0,0,0
38238,1,0,0,0,0
38239,1,0,0,0,0
38240,1,0,0,0,0
38241,1,0,0,0,0
38242,1,0,0,0,0
38243,1,0,0,0,0
38244,1,0,0,0,0
38245,1,0,0,0,0
38246,1,0,0,0,0
38247,1,0,0,0,0
38248,1,0,0,0,0
38249,1,0,0,0,0
38250,1,0,0,0,0
38251,1,0,0,0,0
38252,1,0,0,0,0
38253,1,0,0,0,0
38254,1,0,0,0,0
38255,1,0,0,0,0
38256,1,0,0,0,0
38257,1,0,0,0,0
38258,1,0,0,0,0
38259,1,0,0,0,0
38260,1,0,0,0,0
38261,1,0,0,0,0
38262,1,0,0,0,0
38263,1,0,0,0,0
38264,1,0,0,0,0
38265,1,0,0,0,0
38266,1,0,0,0,0
38267,1,0,0,0,0
38268,1,0,0,0,0
38269,1,0,0,0,0
38270,1,0,0,0,0
38271,1,0,0,0,0
38272,1,0,0,0,0
38273,1,0,0,0,0
38274,1,0,0,0,0
38275,1,0,0,0,0
38276,1,0,0,0,0
38277,1,0,0,0,0
38278,1,0,0,0,0
38279,1,0,0,0,0
38280,1,0,0,0,0
38281,1,0,0,0,0
38282,1,0,0,0,0
38283,1,0,0,0,0
38284,1,0,0,0,0
38285,1,0,0,0,0
38286,1,0,0,0,0
38287,1,0,0,0,0
38288,1,0,0,0,0
38289,1,0,0,0,0
38290,1,0,0,0,0
38291,1,0,0,0,0
38292,1,0,0,0,0
38293,1,0,0,0,0
38294,1,0,0,0,0
38295,1,0,0,0,0
38296,1,0,0,0,0
38297,1,0,0,0,0
38298,1,0,0,0,0
38299,1,0,0,0,0
38300,1,0,0,0,0
38301,1,0,0,0,0
38302,1,0,0,0,0
38303,1,0,0,0,0
38304,1,0,0,0,0
38305,1,0,0,0,0
38306,1,0,0,0,0
38307,1,0,0,0,0
38308,1,0,0,0,0
38309,1,0,0,0,0
38310,1,0,0,0,0
38311,1,0,0,0,0
38312,1,0,0,0,0
38313,1,0,0,0,0
38314,1,0,0,0,0
38315,1,0,0,0,0
38316,1,0,0,0,0
38317,1,0,0,0,0
38318,1,0,0,0,0
38319,1,0,0,0,0
38320,1,0,0,0,0
38321,1,0,0,0,0
38322,1,0,0,0,0
38323,1,0,0,0,0
38324,1,0,0,0,0
38325,1,0,0,0,0
38326,1,0,0,0,0
38327,1,0,0,0,0
38328,1,0,0,0,0
38329,1,0,0,0,0
38330,1,0,0,0,0
38331,1,0,0,0,0
38332,1,0,0,0,0
38333,1,0,0,0,0
38334,1,0,0,0,0
38335,1,0,0,0,0
38336,1,0,0,0,0
38337,1,0,0,0,0
38338,1,0,0,0,0
38339,1,0,0,0,0
38340,1,0,0,0,0
38341,1,0,0,0,0
38342,1,0,0,0,0
38343,1,0,0,0,0
38344,1,0,0,0,0
38345,1,0,0,0,0
38346,1,0,0,0,0
38347,1,0,0,0,0
38348,1,0,0,0,0
38349,1,0,0,0,0
38350,1,0,0,0,0
38351,1,0,0,0,0
38352,1,0,0,0,0
38353,1,0,0,0,0
38354,1,0,0,0,0
38355,1,0,0,0,0
38356,1,0,0,0,0
38357,1,0,0,0,0
38358,1,0,0,0,0
38359,1,0,0,0,0
38360,1,0,0,0,0
38361,1,0,0,0,0
38362,1,0,0,0,0
38363,1,0,0,0,0
38364,1,0,0,0,0
38365,1,0,0,0,0
38366,1,0,0,0,0
38367,1,0,0,0,0
38368,1,0,0,0,0
38369,1,0,0,0,0
38370,1,0,0,0,0
38371,1,0,0,0,0
38372,1,0,0,0,0
38373,1,0,0,0,0
38374,1,0,0,0,0
38375,1,0,0,0,0
38376,1,0,0,0,0
38377,1,0,0,0,0
38378,1,0,0,0,0
38379,1,0,0,0,0
38380,1,0,0,0,0
38381,1,0,0,0,0
38382,1,0,0,0,0
38383,1,0,0,0,0
38384,1,0,0,0,0
38385,1,0,0,0,0
38386,1,0,0,0,0
38387,1,0,0,0,0
38388,1,0,0,0,0
38389,1,0,0,0,0
38390,1,0,0,0,0
38391,1,0,0,0,0
38392,1,0,0,0,0
38393,1,0,0,0,0
38394,1,0,0,0,0
38395,1,0,0,0,0
38396,1,0,0,0,0
38397,1,0,0,0,0
38398,1,0,0,0,0
38399,1,0,0,0,0
38400,1,0,0,0,0
38401,1,0,0,0,0
38402,1,0,0,0,0
38403,1,0,0,0,0
38404,1,0,0,0,0
38405,1,0,0,0,0
38406,1,0,0,0,0
38407,1,0,0,0,0
38408,1,0,0,0,0
38409,1,0,0,0,0
38410,1,0,0,0,0
38411,1,0,0,0,0
38412,1,0,0,0,0
38413,1,0,0,0,0
38414,1,0,0,0,0
38415,1,0,0,0,0
38416,1,0,0,0,0
38417,1,0,0,0,0
38418,1,0,0,0,0
38419,1,0,0,0,0
38420,1,0,0,0,0
38421,1,0,0,0,0
38422,1,0,0,0,0
38423,1,0,0,0,0
38424,1,0,0,0,0
38425,1,0,0,0,0
38426,1,0,0,0,0
38427,1,0,0,0,0
38428,1,0,0,0,0
38429,1,0,0,0,0
38430,1,0,0,0,0
38431,1,0,0,0,0
38432,1,0,0,0,0
38433,1,0,0,0,0
38434,1,0,0,0,0
38435,1,0,0,0,0
38436,1,0,0,0,0
38437,1,0,0,0,0
38438,1,0,0,0,0
38439,1,0,0,0,0
38440,1,0,0,0,0
38441,1,0,0,0,0
38442,1,0,0,0,0
38443,1,0,0,0,0
38444,1,0,0,0,0
38445,1,0,0,0,0
38446,1,0,0,0,0
38447,1,0,0,0,0
38448,1,0,0,0,0
38449,1,0,0,0,0
38450,1,0,0,0,0
38451,1,0,0,0,0
38452,1,0,0,0,0
38453,1,0,0,0,0
38454,1,0,0,0,0
38455,1,0,0,0,0
38456,1,0,0,0,0
38457,1,0,0,0,0
38458,1,0,0,0,0
38459,0,1,0,0,0
38460,0,1,0,0,0
38461,0,1,0,0,0
38462,0,1,0,0,0
38463,0,1,0,0,0
38464,0,1,0,0,0
38465,0,1,0,0,0
38466,0,1,0,0,0
38467,0,1,0,0,0
38468,0,1,0,0,0
38469,0,1,0,0,0
38470,0,1,0,0,0
38471,0,1,0,0,0
38472,0,1,0,0,0
38473,0,1,0,0,0
38474,0,1,0,0,0
38475,0,1,0,0,0
38476,0,1,0,0,0
38477,0,1,0,0,0
38478,0,1,0,0,0
38479,0,1,0,0,0
38480,0,1,0,0,0
38481,0,1,0,0,0
38482,0,1,0,0,0
38483,0,1,0,0,0
38484,0,1,0,0,0
38485,0,1,0,0,0
38486,0,1,0,0,0
38487,0,1,0,0,0
38488,0,1,0,0,0
38489,0,1,0,0,0
38490,0,1,0,0,0
38491,0,1,0,0,0
38492,0,1,0,0,0
38493,0,1,0,0,0
38494,0,1,0,0,0
38495,0,1,0,0,0
38496,0,1,0,0,0
38497,0,1,0,0,0
38498,0,1,0,0,0
38499,0,1,0,0,0
38500,0,1,0,0,0
38501,0,1,0,0,0
38502,0,1,0,0,0
38503,0,1,0,0,0
38504,0,1,0,0,0
38505,0,1,0,0,0
38506,0,1,0,0,0
38507,0,1,0,0,0
38508,0,1,0,0,0
38509,0,1,0,0,0
38510,0,1,0,0,0
38511,0,1,0,0,0
38512,0,1,0,0,0
38513,0,1,0,0,0
38514,0,1,0,0,0
38515,0,1,0,0,0
38516,0,1,0,0,0
38517,0,1,0,0,0
38518,0,1,0,0,0
38519,0,1,0,0,0
38520,0,1,0,0,0
38521,0,1,0,0,0
38522,0,1,0,0,0
38523,0,1,0,0,0
38524,0,1,0,0,0
38525,0,1,0,0,0
38526,0,1,0,0,0
38527,0,1,0,0,0
38528,0,1,0,0,0
38529,0,1,0,0,0
38530,0,1,0,0,0
38531,0,1,0,0,0
38532,0,1,0,0,0
38533,0,1,0,0,0
38534,0,1,0,0,0
38535,0,1,0,0,0
38536,0,1,0,0,0
38537,0,1,0,0,0
38538,0,1,0,0,0
38539,0,1,0,0,0
38540,0,1,0,0,0
38541,0,1,0,0,0
38542,0,1,0,0,0
38543,0,1,0,0,0
38544,0,1,0,0,0
38545,0,1,0,0,0
38546,0,1,0,0,0
38547,0,1,0,0,0
38548,0,1,0,0,0
38549,0,1,0,0,0
38550,0,1,0,0,0
38551,0,1,0,0,0
38552,0,1,0,0,0
38553,0,1,0,0,0
38554,0,1,0,0,0
38555,0,1,0,0,0
38556,0,1,0,0,0
38557,0,1,0,0,0
38558,1,0,0,0,0
38559,1,0,0,0,0
38560,1,0,0,0,0
38561,1,0,0,0,0
38562,1,0,0,0,0
38563,1,0,0,0,0
38564,1,0,0,0,0
38565,1,0,0,0,0
38566,1,0,0,0,0
38567,1,0,0,0,0
38568,1,0,0,0,0
38569,1,0,0,0,0
38570,1,0,0,0,0
38571,1,0,0,0,0
38572,1,0,0,0,0
38573,1,0,0,0,0
38574,1,0,0,0,0
38575,1,0,0,0,0
38576,1,0,0,0,0
38577,1,0,0,0,0
38578,1,0,0,0,0
38579,1,0,0,0,0
38580,1,0,0,0,0
38581,1,0,0,0,0
38582,1,0,0,0,0
38583,1,0,0,0,0
38584,1,0,0,0,0
38585,1,0,0,0,0
38586,1,0,0,0,0
38587,1,0,0,0,0
38588,1,0,0,0,0
38589,1,0,0,0,0
38590,1,0,0,0,0
38591,1,0,0,0,0
38592,1,0,0,0,0
38593,1,0,0,0,0
38594,1,0,0,0,0
38595,1,0,0,0,0
38596,1,0,0,0,0
38597,1,0,0,0,0
38598,1,0,0,0,0
38599,1,0,0,0,0
38600,1,0,0,0,0
38601,1,0,0,0,0
38602,1,0,0,0,0
38603,1,0,0,0,0
38604,1,0,0,0,0
38605,1,0,0,0,0
38606,1,0,0,0,0
38607,1,0,0,0,0
38608,1,0,0,0,0
38609,1,0,0,0,0
38610,1,0,0,0,0
38611,1,0,0,0,0
38612,1,0,0,0,0
38613,1,0,0,0,0
38614,1,0,0,0,0
38615,1,0,0,0,0
38616,1,0,0,0,0
38617,1,0,0,0,0
38618,1,0,0,0,0
38619,1,0,0,0,0
38620,1,0,0,0,0
38621,1,0,0,0,0
38622,1,0,0,0,0
38623,1,0,0,0,0
38624,1,0,0,0,0
38625,1,0,0,0,0
38626,1,0,0,0,0
38627,1,0,0,0,0
38628,1,0,0,0,0
38629,1,0,0,0,0
38630,1,0,0,0,0
38631,1,0,0,0,0
38632,1,0,0,0,0
38633,1,0,0,0,0
38634,1,0,0,0,0
38635,1,0,0,0,0
38636,1,0,0,0,0
38637,1,0,0,0,0
38638,1,0,0,0,0
38639,1,0,0,0,0
38640,1,0,0,0,0
38641,1,0,0,0,0
38642,1,0,0,0,0
38643,1,0,0,0,0
38644,1,0,0,0,0
38645,1,0,0,0,0
38646,1,0,0,0,0
38647,1,0,0,0,0
38648,1,0,0,0,0
38649,1,0,0,0,0
38650,1,0,0,0,0
38651,1,0,0,0,0
38652,1,0,0,0,0
38653,1,0,0,0,0
38654,1,0,0,0,0
38655,1,0,0,0,0
38656,1,0,0,0,0
38657,1,0,0,0,0
38658,1,0,0,0,0
38659,1,0,0,0,0
38660,1,0,0,0,0
38661,1,0,0,0,0
38662,1,0,0,0,0
38663,1,0,0,0,0
38664,1,0,0,0,0
38665,1,0,0,0,0
38666,1,0,0,0,0
38667,1,0,0,0,0
38668,1,0,0,0,0
38669,1,0,0,0,0
38670,1,0,0,0,0
38671,1,0,0,0,0
38672,1,0,0,0,0
38673,1,0,0,0,0
38674,1,0,0,0,0
38675,1,0,0,0,0
38676,1,0,0,0,0
38677,1,0,0,0,0
38678,1,0,0,0,0
38679,1,0,0,0,0
38680,1,0,0,0,0
38681,1,0,0,0,0
38682,1,0,0,0,0
38683,1,0,0,0,0
38684,1,0,0,0,0
38685,1,0,0,0,0
38686,1,0,0,0,0
38687,1,0,0,0,0
38688,1,0,0,0,0
38689,1,0,0,0,0
38690,1,0,0,0,0
38691,1,0,0,0,0
38692,1,0,0,0,0
38693,1,0,0,0,0
38694,1,0,0,0,0
38695,1,0,0,0,0
38696,1,0,0,0,0
38697,1,0,0,0,0
38698,1,0,0,0,0
38699,1,0,0,0,0
38700,1,0,0,0,0
38701,1,0,0,0,0
38702,1,0,0,0,0
38703,1,0,0,0,0
38704,1,0,0,0,0
38705,1,0,0,0,0
38706,1,0,0,0,0
38707,1,0,0,0,0
38708,1,0,0,0,0
38709,1,0,0,0,0
38710,1,0,0,0,0
38711,1,0,0,0,0
38712,1,0,0,0,0
38713,1,0,0,0,0
38714,1,0,0,0,0
38715,1,0,0,0,0
38716,1,0,0,0,0
38717,1,0,0,0,0
38718,1,0,0,0,0
38719,1,0,0,0,0
38720,1,0,0,0,0
38721,1,0,0,0,0
38722,1,0,0,0,0
38723,1,0,0,0,0
38724,1,0,0,0,0
38725,1,0,0,0,0
38726,1,0,0,0,0
38727,1,0,0,0,0
38728,0,1,0,0,0
38729,0,1,0,0,0
38730,0,1,0,0,0
38731,0,1,0,0,0
38732,0,1,0,0,0
38733,0,1,0,0,0
38734,0,1,0,0,0
38735,0,1,0,0,0
38736,0,1,0,0,0
38737,0,1,0,0,0
38738,0,1,0,0,0
38739,0,1,0,0,0
38740,0,1,0,0,0
38741,0,1,0,0,0
38742,0,1,0,0,0
38743,0,1,0,0,0
38744,0,1,0,0,0
38745,0,1,0,0,0
38746,0,1,0,0,0
38747,0,1,0,0,0
38748,0,1,0,0,0
38749,0,1,0,0,0
38750,0,1,0,0,0
38751,0,1,0,0,0
38752,0,1,0,0,0
38753,0,1,0,0,0
38754,0,1,0,0,0
38755,0,1,0,0,0
38756,0,1,0,0,0
38757,0,1,0,0,0
38758,0,1,0,0,0
38759,0,1,0,0,0
38760,0,1,0,0,0
38761,0,1,0,0,0
38762,0,1,0,0,0
38763,0,1,0,0,0
38764,0,1,0,0,0
38765,0,1,0,0,0
38766,0,1,0,0,0
38767,0,1,0,0,0
38768,0,1,0,0,0
38769,0,1,0,0,0
38770,0,1,0,0,0
38771,0,1,0,0,0
38772,0,1,0,0,0
38773,0,1,0,0,0
38774,0,1,0,0,0
38775,0,1,0,0,0
38776,0,1,0,0,0
38777,0,1,0,0,0
38778,0,1,0,0,0
38779,0,1,0,0,0
38780,0,1,0,0,0
38781,0,1,0,0,0
38782,0,1,0,0,0
38783,0,1,0,0,0
38784,0,1,0,0,0
38785,0,1,0,0,0
38786,0,1,0,0,0
38787,0,1,0,0,0
38788,0,1,0,0,0
38789,0,1,0,0,0
38790,0,1,0,0,0
38791,0,1,0,0,0
38792,0,1,0,0,0
38793,0,1,0,0,0
38794,0,1,0,0,0
38795,0,1,0,0,0
38796,0,1,0,0,0
38797,0,1,0,0,0
38798,0,1,0,0,0
38799,0,1,0,0,0
38800,0,1,0,0,0
38801,0,1,0,0,0
38802,0,1,0,0,0
38803,0,1,0,0,0
38804,0,1,0,0,0
38805,0,1,0,0,0
38806,0,1,0,0,0
38807,0,1,0,0,0
38808,1,0,0,0,0
38809,1,0,0,0,0
38810,1,0,0,0,0
38811,1,0,0,0,0
38812,1,0,0,0,0
38813,1,0,0,0,0
38814,1,0,0,0,0
38815,1,0,0,0,0
38816,1,0,0,0,0
38817,1,0,0,0,0
38818,1,0,0,0,0
38819,1,0,0,0,0
38820,1,0,0,0,0
38821,1,0,0,0,0
38822,1,0,0,0,0
38823,1,0,0,0,0
38824,1,0,0,0,0
38825,1,0,0,0,0
38826,1,0,0,0,0
38827,1,0,0,0,0
38828,1,0,0,0,0
38829,1,0,0,0,0
38830,1,0,0,0,0
38831,1,0,0,0,0
38832,1,0,0,0,0
38833,1,0,0,0,0
38834,1,0,0,0,0
38835,1,0,0,0,0
38836,1,0,0,0,0
38837,1,0,0,0,0
38838,1,0,0,0,0
38839,1,0,0,0,0
38840,1,0,0,0,0
38841,1,0,0,0,0
38842,1,0,0,0,0
38843,0,1,0,0,0
38844,0,1,0,0,0
38845,0,1,0,0,0
38846,0,1,0,0,0
38847,0,1,0,0,0
38848,0,1,0,0,0
38849,0,1,0,0,0
38850,0,1,0,0,0
38851,0,1,0,0,0
38852,0,1,0,0,0
38853,0,1,0,0,0
38854,0,1,0,0,0
38855,0,1,0,0,0
38856,0,1,0,0,0
38857,0,1,0,0,0
38858,0,1,0,0,0
38859,0,1,0,0,0
38860,0,1,0,0,0
38861,0,1,0,0,0
38862,0,1,0,0,0
38863,0,1,0,0,0
38864,0,1,0,0,0
38865,0,1,0,0,0
38866,0,1,0,0,0
38867,0,1,0,0,0
38868,0,1,0,0,0
38869,0,1,0,0,0
38870,0,1,0,0,0
38871,0,1,0,0,0
38872,0,1,0,0,0
38873,0,1,0,0,0
38874,0,1,0,0,0
38875,0,1,0,0,0
38876,0,1,0,0,0
38877,0,1,0,0,0
38878,0,1,0,0,0
38879,0,1,0,0,0
38880,0,1,0,0,0
38881,0,1,0,0,0
38882,0,1,0,0,0
38883,0,1,0,0,0
38884,0,1,0,0,0
38885,0,1,0,0,0
38886,0,1,0,0,0
38887,0,1,0,0,0
38888,0,1,0,0,0
38889,0,1,0,0,0
38890,0,1,0,0,0
38891,0,1,0,0,0
38892,0,1,0,0,0
38893,0,1,0,0,0
38894,0,1,0,0,0
38895,0,1,0,0,0
38896,0,1,0,0,0
38897,0,1,0,0,0
38898,0,1,0,0,0
38899,0,1,0,0,0
38900,0,1,0,0,0
38901,0,1,0,0,0
38902,0,1,0,0,0
38903,0,1,0,0,0
38904,0,1,0,0,0
38905,0,1,0,0,0
38906,0,1,0,0,0
38907,0,1,0,0,0
38908,0,1,0,0,0
38909,0,1,0,0,0
38910,0,1,0,0,0
38911,0,1,0,0,0
38912,0,1,0,0,0
38913,0,1,0,0,0
38914,0,1,0,0,0
38915,0,1,0,0,0
38916,0,1,0,0,0
38917,0,1,0,0,0
38918,0,1,0,0,0
38919,0,1,0,0,0
38920,0,1,0,0,0
38921,0,1,0,0,0
38922,0,1,0,0,0
38923,0,1,0,0,0
38924,0,1,0,0,0
38925,0,1,0,0,0
38926,0,1,0,0,0
38927,0,1,0,0,0
38928,0,1,0,0,0
38929,0,1,0,0,0
38930,0,1,0,0,0
38931,0,1,0,0,0
38932,0,1,0,0,0
38933,0,1,0,0,0
38934,0,1,0,0,0
38935,0,1,0,0,0
38936,0,1,0,0,0
38937,0,1,0,0,0
38938,0,1,0,0,0
38939,0,1,0,0,0
38940,0,1,0,0,0
38941,0,1,0,0,0
38942,0,1,0,0,0
38943,0,1,0,0,0
38944,0,1,0,0,0
38945,0,1,0,0,0
38946,0,1,0,0,0
38947,0,1,0,0,0
38948,0,1,0,0,0
38949,0,1,0,0,0
38950,0,1,0,0,0
38951,0,1,0,0,0
38952,0,1,0,0,0
38953,0,1,0,0,0
38954,0,1,0,0,0
38955,1,0,0,0,0
38956,1,0,0,0,0
38957,1,0,0,0,0
38958,1,0,0,0,0
38959,1,0,0,0,0
38960,1,0,0,0,0
38961,1,0,0,0,0
38962,1,0,0,0,0
38963,1,0,0,0,0
38964,1,0,0,0,0
38965,1,0,0,0,0
38966,1,0,0,0,0
38967,1,0,0,0,0
38968,1,0,0,0,0
38969,1,0,0,0,0
38970,1,0,0,0,0
38971,1,0,0,0,0
38972,1,0,0,0,0
38973,1,0,0,0,0
38974,1,0,0,0,0
38975,1,0,0,0,0
38976,1,0,0,0,0
38977,1,0,0,0,0
38978,1,0,0,0,0
38979,1,0,0,0,0
38980,1,0,0,0,0
38981,1,0,0,0,0
38982,1,0,0,0,0
38983,1,0,0,0,0
38984,1,0,0,0,0
38985,1,0,0,0,0
38986,1,0,0,0,0
38987,1,0,0,0,0
38988,1,0,0,0,0
38989,1,0,0,0,0
38990,1,0,0,0,0
38991,1,0,0,0,0
38992,1,0,0,0,0
38993,1,0,0,0,0
38994,1,0,0,0,0
38995,1,0,0,0,0
38996,1,0,0,0,0
38997,1,0,0,0,0
38998,1,0,0,0,0
38999,1,0,0,0,0
39000,1,0,0,0,0
39001,1,0,0,0,0
39002,1,0,0,0,0
39003,1,0,0,0,0
39004,1,0,0,0,0
39005,1,0,0,0,0
39006,1,0,0,0,0
39007,1,0,0,0,0
39008,1,0,0,0,0
39009,1,0,0,0,0
39010,1,0,0,0,0
39011,1,0,0,0,0
39012,1,0,0,0,0
39013,1,0,0,0,0
39014,0,1,0,0,0
39015,0,1,0,0,0
39016,0,1,0,0,0
39017,0,1,0,0,0
39018,0,1,0,0,0
39019,0,1,0,0,0
39020,0,1,0,0,0
39021,0,1,0,0,0
39022,0,1,0,0,0
39023,0,1,0,0,0
39024,0,1,0,0,0
39025,0,1,0,0,0
39026,0,1,0,0,0
39027,0,1,0,0,0
39028,0,1,0,0,0
39029,0,1,0,0,0
39030,0,1,0,0,0
39031,0,1,0,0,0
39032,0,1,0,0,0
39033,0,1,0,0,0
39034,0,1,0,0,0
39035,0,1,0,0,0
39036,0,1,0,0,0
39037,0,1,0,0,0
39038,0,1,0,0,0
39039,0,1,0,0,0
39040,0,1,0,0,0
39041,0,1,0,0,0
39042,0,1,0,0,0
39043,0,1,0,0,0
39044,0,1,0,0,0
39045,0,1,0,0,0
39046,0,1,0,0,0
39047,0,1,0,0,0
39048,0,1,0,0,0
39049,0,1,0,0,0
39050,0,1,0,0,0
39051,0,1,0,0,0
39052,0,1,0,0,0
39053,0,1,0,0,0
39054,0,1,0,0,0
39055,0,1,0,0,0
39056,0,1,0,0,0
39057,0,1,0,0,0
39058,0,1,0,0,0
39059,0,1,0,0,0
39060,0,1,0,0,0
39061,0,1,0,0,0
39062,0,1,0,0,0
39063,0,1,0,0,0
39064,0,1,0,0,0
39065,0,1,0,0,0
39066,0,1,0,0,0
39067,0,1,0,0,0
39068,0,1,0,0,0
39069,0,1,0,0,0
39070,0,1,0,0,0
39071,0,1,0,0,0
39072,0,1,0,0,0
39073,0,1,0,0,0
39074,0,1,0,0,0
39075,0,1,0,0,0
39076,0,1,0,0,0
39077,1,0,0,0,0
39078,1,0,0,0,0
39079,1,0,0,0,0
39080,1,0,0,0,0
39081,1,0,0,0,0
39082,1,0,0,0,0
39083,1,0,0,0,0
39084,1,0,0,0,0
39085,1,0,0,0,0
39086,1,0,0,0,0
39087,1,0,0,0,0
39088,1,0,0,0,0
39089,1,0,0,0,0
39090,1,0,0,0,0
39091,1,0,0,0,0
39092,1,0,0,0,0
39093,1,0,0,0,0
39094,1,0,0,0,0
39095,1,0,0,0,0
39096,1,0,0,0,0
39097,1,0,0,0,0
39098,1,0,0,0,0
39099,1,0,0,0,0
39100,1,0,0,0,0
39101,1,0,0,0,0
39102,1,0,0,0,0
39103,1,0,0,0,0
39104,1,0,0,0,0
39105,1,0,0,0,0
39106,1,0,0,0,0
39107,1,0,0,0,0
39108,1,0,0,0,0
39109,1,0,0,0,0
39110,1,0,0,0,0
39111,1,0,0,0,0
39112,1,0,0,0,0
39113,1,0,0,0,0
39114,1,0,0,0,0
39115,1,0,0,0,0
39116,1,0,0,0,0
39117,1,0,0,0,0
39118,1,0,0,0,0
39119,1,0,0,0,0
39120,1,0,0,0,0
39121,1,0,0,0,0
39122,1,0,0,0,0
39123,1,0,0,0,0
39124,1,0,0,0,0
39125,1,0,0,0,0
39126,1,0,0,0,0
39127,1,0,0,0,0
39128,1,0,0,0,0
39129,1,0,0,0,0
39130,1,0,0,0,0
39131,1,0,0,0,0
39132,1,0,0,0,0
39133,1,0,0,0,0
39134,1,0,0,0,0
39135,1,0,0,0,0
39136,1,0,0,0,0
39137,1,0,0,0,0
39138,1,0,0,0,0
39139,1,0,0,0,0
39140,1,0,0,0,0
39141,1,0,0,0,0
39142,1,0,0,0,0
39143,1,0,0,0,0
39144,1,0,0,0,0
39145,1,0,0,0,0
39146,1,0,0,0,0
39147,1,0,0,0,0
39148,1,0,0,0,0
39149,1,0,0,0,0
39150,0,1,0,0,0
39151,0,1,0,0,0
39152,0,1,0,0,0
39153,0,1,0,0,0
39154,0,1,0,0,0
39155,0,1,0,0,0
39156,0,1,0,0,0
39157,0,1,0,0,0
39158,0,1,0,0,0
39159,0,1,0,0,0
39160,0,1,0,0,0
39161,0,1,0,0,0
39162,0,1,0,0,0
39163,0,1,0,0,0
39164,0,1,0,0,0
39165,0,1,0,0,0
39166,0,1,0,0,0
39167,0,1,0,0,0
39168,0,1,0,0,0
39169,0,1,0,0,0
39170,0,1,0,0,0
39171,0,1,0,0,0
39172,0,1,0,0,0
39173,0,1,0,0,0
39174,0,1,0,0,0
39175,0,1,0,0,0
39176,0,1,0,0,0
39177,0,1,0,0,0
39178,0,1,0,0,0
39179,0,1,0,0,0
39180,0,1,0,0,0
39181,0,1,0,0,0
39182,0,1,0,0,0
39183,0,1,0,0,0
39184,0,1,0,0,0
39185,0,1,0,0,0
39186,0,1,0,0,0
39187,0,1,0,0,0
39188,0,1,0,0,0
39189,0,1,0,0,0
39190,0,1,0,0,0
39191,0,1,0,0,0
39192,0,1,0,0,0
39193,0,1,0,0,0
39194,0,1,0,0,0
39195,0,1,0,0,0
39196,0,1,0,0,0
39197,0,1,0,0,0
39198,0,1,0,0,0
39199,0,1,0,0,0
39200,0,1,0,0,0
39201,0,1,0,0,0
39202,0,1,0,0,0
39203,0,1,0,0,0
39204,0,1,0,0,0
39205,0,1,0,0,0
39206,0,1,0,0,0
39207,0,1,0,0,0
39208,0,1,0,0,0
39209,1,0,0,0,0
39210,1,0,0,0,0
39211,1,0,0,0,0
39212,1,0,0,0,0
39213,1,0,0,0,0
39214,1,0,0,0,0
39215,0,1,0,0,0
39216,0,1,0,0,0
39217,0,1,0,0,0
39218,0,1,0,0,0
39219,0,1,0,0,0
39220,0,1,0,0,0
39221,0,1,0,0,0
39222,0,1,0,0,0
39223,0,1,0,0,0
39224,0,1,0,0,0
39225,0,1,0,0,0
39226,0,1,0,0,0
39227,0,1,0,0,0
39228,0,1,0,0,0
39229,0,1,0,0,0
39230,0,1,0,0,0
39231,0,1,0,0,0
39232,0,1,0,0,0
39233,0,1,0,0,0
39234,0,1,0,0,0
39235,0,1,0,0,0
39236,0,1,0,0,0
39237,0,1,0,0,0
39238,0,1,0,0,0
39239,0,1,0,0,0
39240,0,1,0,0,0
39241,0,1,0,0,0
39242,0,1,0,0,0
39243,0,1,0,0,0
39244,0,1,0,0,0
39245,0,1,0,0,0
39246,0,1,0,0,0
39247,0,1,0,0,0
39248,0,1,0,0,0
39249,0,1,0,0,0
39250,0,1,0,0,0
39251,0,1,0,0,0
39252,0,1,0,0,0
39253,0,1,0,0,0
39254,0,1,0,0,0
39255,0,1,0,0,0
39256,0,1,0,0,0
39257,0,1,0,0,0
39258,0,1,0,0,0
39259,0,1,0,0,0
39260,0,1,0,0,0
39261,0,1,0,0,0
39262,0,1,0,0,0
39263,0,1,0,0,0
39264,0,1,0,0,0
39265,1,0,0,0,0
39266,1,0,0,0,0
39267,1,0,0,0,0
39268,1,0,0,0,0
39269,1,0,0,0,0
39270,1,0,0,0,0
39271,1,0,0,0,0
39272,1,0,0,0,0
39273,1,0,0,0,0
39274,1,0,0,0,0
39275,1,0,0,0,0
39276,1,0,0,0,0
39277,1,0,0,0,0
39278,1,0,0,0,0
39279,1,0,0,0,0
39280,1,0,0,0,0
39281,1,0,0,0,0
39282,1,0,0,0,0
39283,1,0,0,0,0
39284,1,0,0,0,0
39285,1,0,0,0,0
39286,1,0,0,0,0
39287,1,0,0,0,0
39288,1,0,0,0,0
39289,1,0,0,0,0
39290,1,0,0,0,0
39291,1,0,0,0,0
39292,1,0,0,0,0
39293,1,0,0,0,0
39294,1,0,0,0,0
39295,1,0,0,0,0
39296,1,0,0,0,0
39297,1,0,0,0,0
39298,1,0,0,0,0
39299,1,0,0,0,0
39300,1,0,0,0,0
39301,1,0,0,0,0
39302,1,0,0,0,0
39303,1,0,0,0,0
39304,1,0,0,0,0
39305,1,0,0,0,0
39306,1,0,0,0,0
39307,1,0,0,0,0
39308,1,0,0,0,0
39309,1,0,0,0,0
39310,1,0,0,0,0
39311,1,0,0,0,0
39312,1,0,0,0,0
39313,1,0,0,0,0
39314,1,0,0,0,0
39315,1,0,0,0,0
39316,1,0,0,0,0
39317,1,0,0,0,0
39318,1,0,0,0,0
39319,1,0,0,0,0
39320,1,0,0,0,0
39321,1,0,0,0,0
39322,1,0,0,0,0
39323,1,0,0,0,0
39324,1,0,0,0,0
39325,1,0,0,0,0
39326,1,0,0,0,0
39327,1,0,0,0,0
39328,1,0,0,0,0
39329,1,0,0,0,0
39330,1,0,0,0,0
39331,1,0,0,0,0
39332,1,0,0,0,0
39333,1,0,0,0,0
39334,1,0,0,0,0
39335,1,0,0,0,0
39336,1,0,0,0,0
39337,1,0,0,0,0
39338,1,0,0,0,0
39339,1,0,0,0,0
39340,1,0,0,0,0
39341,1,0,0,0,0
39342,1,0,0,0,0
39343,1,0,0,0,0
39344,1,0,0,0,0
39345,1,0,0,0,0
39346,1,0,0,0,0
39347,1,0,0,0,0
39348,1,0,0,0,0
39349,1,0,0,0,0
39350,1,0,0,0,0
39351,1,0,0,0,0
39352,1,0,0,0,0
39353,1,0,0,0,0
39354,1,0,0,0,0
39355,1,0,0,0,0
39356,1,0,0,0,0
39357,1,0,0,0,0
39358,1,0,0,0,0
39359,1,0,0,0,0
39360,1,0,0,0,0
39361,1,0,0,0,0
39362,1,0,0,0,0
39363,1,0,0,0,0
39364,1,0,0,0,0
39365,1,0,0,0,0
39366,1,0,0,0,0
39367,1,0,0,0,0
39368,1,0,0,0,0
39369,1,0,0,0,0
39370,1,0,0,0,0
39371,1,0,0,0,0
39372,1,0,0,0,0
39373,1,0,0,0,0
39374,1,0,0,0,0
39375,1,0,0,0,0
39376,1,0,0,0,0
39377,1,0,0,0,0
39378,1,0,0,0,0
39379,1,0,0,0,0
39380,1,0,0,0,0
39381,0,1,0,0,0
39382,0,1,0,0,0
39383,0,1,0,0,0
39384,0,1,0,0,0
39385,0,1,0,0,0
39386,0,1,0,0,0
39387,0,1,0,0,0
39388,0,1,0,0,0
39389,0,1,0,0,0
39390,0,1,0,0,0
39391,0,1,0,0,0
39392,0,1,0,0,0
39393,0,1,0,0,0
39394,0,1,0,0,0
39395,0,1,0,0,0
39396,0,1,0,0,0
39397,0,1,0,0,0
39398,0,1,0,0,0
39399,0,1,0,0,0
39400,0,1,0,0,0
39401,0,1,0,0,0
39402,0,1,0,0,0
39403,0,1,0,0,0
39404,0,1,0,0,0
39405,0,1,0,0,0
39406,0,1,0,0,0
39407,0,1,0,0,0
39408,0,1,0,0,0
39409,0,1,0,0,0
39410,0,1,0,0,0
39411,0,1,0,0,0
39412,0,1,0,0,0
39413,0,1,0,0,0
39414,0,1,0,0,0
39415,0,1,0,0,0
39416,0,1,0,0,0
39417,0,1,0,0,0
39418,0,1,0,0,0
39419,0,1,0,0,0
39420,0,1,0,0,0
39421,0,1,0,0,0
39422,0,1,0,0,0
39423,0,1,0,0,0
39424,0,1,0,0,0
39425,0,1,0,0,0
39426,0,1,0,0,0
39427,0,1,0,0,0
39428,0,1,0,0,0
39429,0,1,0,0,0
39430,0,1,0,0,0
39431,0,1,0,0,0
39432,0,1,0,0,0
39433,0,1,0,0,0
39434,0,1,0,0,0
39435,0,1,0,0,0
39436,0,1,0,0,0
39437,0,1,0,0,0
39438,0,1,0,0,0
39439,0,1,0,0,0
39440,0,1,0,0,0
39441,0,1,0,0,0
39442,0,1,0,0,0
39443,0,1,0,0,0
39444,0,1,0,0,0
39445,0,1,0,0,0
39446,0,1,0,0,0
39447,0,1,0,0,0
39448,0,1,0,0,0
39449,0,1,0,0,0
39450,0,1,0,0,0
39451,0,1,0,0,0
39452,0,1,0,0,0
39453,0,1,0,0,0
39454,0,1,0,0,0
39455,0,1,0,0,0
39456,0,1,0,0,0
39457,0,1,0,0,0
39458,1,0,0,0,0
39459,1,0,0,0,0
39460,1,0,0,0,0
39461,1,0,0,0,0
39462,1,0,0,0,0
39463,1,0,0,0,0
39464,1,0,0,0,0
39465,1,0,0,0,0
39466,1,0,0,0,0
39467,1,0,0,0,0
39468,1,0,0,0,0
39469,1,0,0,0,0
39470,1,0,0,0,0
39471,1,0,0,0,0
39472,1,0,0,0,0
39473,1,0,0,0,0
39474,1,0,0,0,0
39475,1,0,0,0,0
39476,1,0,0,0,0
39477,1,0,0,0,0
39478,1,0,0,0,0
39479,1,0,0,0,0
39480,1,0,0,0,0
39481,1,0,0,0,0
39482,1,0,0,0,0
39483,1,0,0,0,0
39484,1,0,0,0,0
39485,1,0,0,0,0
39486,1,0,0,0,0
39487,1,0,0,0,0
39488,1,0,0,0,0
39489,1,0,0,0,0
39490,1,0,0,0,0
39491,1,0,0,0,0
39492,1,0,0,0,0
39493,1,0,0,0,0
39494,1,0,0,0,0
39495,1,0,0,0,0
39496,1,0,0,0,0
39497,1,0,0,0,0
39498,1,0,0,0,0
39499,1,0,0,0,0
39500,1,0,0,0,0
39501,1,0,0,0,0
39502,1,0,0,0,0
39503,1,0,0,0,0
39504,1,0,0,0,0
39505,1,0,0,0,0
39506,1,0,0,0,0
39507,1,0,0,0,0
39508,1,0,0,0,0
39509,1,0,0,0,0
39510,1,0,0,0,0
39511,1,0,0,0,0
39512,1,0,0,0,0
39513,1,0,0,0,0
39514,1,0,0,0,0
39515,1,0,0,0,0
39516,1,0,0,0,0
39517,1,0,0,0,0
39518,1,0,0,0,0
39519,1,0,0,0,0
39520,1,0,0,0,0
39521,1,0,0,0,0
39522,1,0,0,0,0
39523,1,0,0,0,0
39524,1,0,0,0,0
39525,1,0,0,0,0
39526,1,0,0,0,0
39527,1,0,0,0,0
39528,1,0,0,0,0
39529,1,0,0,0,0
39530,1,0,0,0,0
39531,1,0,0,0,0
39532,1,0,0,0,0
39533,1,0,0,0,0
39534,1,0,0,0,0
39535,1,0,0,0,0
39536,1,0,0,0,0
39537,1,0,0,0,0
39538,1,0,0,0,0
39539,1,0,0,0,0
39540,1,0,0,0,0
39541,1,0,0,0,0
39542,1,0,0,0,0
39543,1,0,0,0,0
39544,1,0,0,0,0
39545,1,0,0,0,0
39546,1,0,0,0,0
39547,1,0,0,0,0
39548,1,0,0,0,0
39549,1,0,0,0,0
39550,1,0,0,0,0
39551,1,0,0,0,0
39552,1,0,0,0,0
39553,1,0,0,0,0
39554,1,0,0,0,0
39555,1,0,0,0,0
39556,1,0,0,0,0
39557,1,0,0,0,0
39558,1,0,0,0,0
39559,1,0,0,0,0
39560,1,0,0,0,0
39561,1,0,0,0,0
39562,1,0,0,0,0
39563,1,0,0,0,0
39564,1,0,0,0,0
39565,1,0,0,0,0
39566,1,0,0,0,0
39567,1,0,0,0,0
39568,1,0,0,0,0
39569,1,0,0,0,0
39570,1,0,0,0,0
39571,1,0,0,0,0
39572,1,0,0,0,0
39573,1,0,0,0,0
39574,1,0,0,0,0
39575,1,0,0,0,0
39576,1,0,0,0,0
39577,1,0,0,0,0
39578,1,0,0,0,0
39579,1,0,0,0,0
39580,1,0,0,0,0
39581,1,0,0,0,0
39582,1,0,0,0,0
39583,1,0,0,0,0
39584,1,0,0,0,0
39585,1,0,0,0,0
39586,1,0,0,0,0
39587,1,0,0,0,0
39588,1,0,0,0,0
39589,1,0,0,0,0
39590,1,0,0,0,0
39591,1,0,0,0,0
39592,1,0,0,0,0
39593,1,0,0,0,0
39594,1,0,0,0,0
39595,1,0,0,0,0
39596,1,0,0,0,0
39597,1,0,0,0,0
39598,1,0,0,0,0
39599,1,0,0,0,0
39600,1,0,0,0,0
39601,1,0,0,0,0
39602,1,0,0,0,0
39603,1,0,0,0,0
39604,1,0,0,0,0
39605,1,0,0,0,0
39606,1,0,0,0,0
39607,1,0,0,0,0
39608,1,0,0,0,0
39609,1,0,0,0,0
39610,1,0,0,0,0
39611,1,0,0,0,0
39612,1,0,0,0,0
39613,1,0,0,0,0
39614,1,0,0,0,0
39615,1,0,0,0,0
39616,1,0,0,0,0
39617,1,0,0,0,0
39618,1,0,0,0,0
39619,1,0,0,0,0
39620,1,0,0,0,0
39621,1,0,0,0,0
39622,1,0,0,0,0
39623,1,0,0,0,0
39624,1,0,0,0,0
39625,1,0,0,0,0
39626,1,0,0,0,0
39627,1,0,0,0,0
39628,1,0,0,0,0
39629,1,0,0,0,0
39630,1,0,0,0,0
39631,1,0,0,0,0
39632,1,0,0,0,0
39633,1,0,0,0,0
39634,1,0,0,0,0
39635,1,0,0,0,0
39636,1,0,0,0,0
39637,1,0,0,0,0
39638,1,0,0,0,0
39639,1,0,0,0,0
39640,1,0,0,0,0
39641,1,0,0,0,0
39642,1,0,0,0,0
39643,1,0,0,0,0
39644,1,0,0,0,0
39645,1,0,0,0,0
39646,1,0,0,0,0
39647,1,0,0,0,0
39648,1,0,0,0,0
39649,1,0,0,0,0
39650,1,0,0,0,0
39651,1,0,0,0,0
39652,1,0,0,0,0
39653,1,0,0,0,0
39654,1,0,0,0,0
39655,1,0,0,0,0
39656,1,0,0,0,0
39657,1,0,0,0,0
39658,1,0,0,0,0
39659,1,0,0,0,0
39660,1,0,0,0,0
39661,1,0,0,0,0
39662,1,0,0,0,0
39663,1,0,0,0,0
39664,1,0,0,0,0
39665,1,0,0,0,0
39666,1,0,0,0,0
39667,1,0,0,0,0
39668,1,0,0,0,0
39669,1,0,0,0,0
39670,1,0,0,0,0
39671,1,0,0,0,0
39672,1,0,0,0,0
39673,1,0,0,0,0
39674,1,0,0,0,0
39675,1,0,0,0,0
39676,1,0,0,0,0
39677,1,0,0,0,0
39678,1,0,0,0,0
39679,1,0,0,0,0
39680,1,0,0,0,0
39681,1,0,0,0,0
39682,1,0,0,0,0
39683,1,0,0,0,0
39684,1,0,0,0,0
39685,1,0,0,0,0
39686,1,0,0,0,0
39687,1,0,0,0,0
39688,1,0,0,0,0
39689,1,0,0,0,0
39690,1,0,0,0,0
39691,1,0,0,0,0
39692,1,0,0,0,0
39693,1,0,0,0,0
39694,1,0,0,0,0
39695,1,0,0,0,0
39696,1,0,0,0,0
39697,1,0,0,0,0
39698,1,0,0,0,0
39699,1,0,0,0,0
39700,1,0,0,0,0
39701,1,0,0,0,0
39702,1,0,0,0,0
39703,1,0,0,0,0
39704,1,0,0,0,0
39705,1,0,0,0,0
39706,1,0,0,0,0
39707,1,0,0,0,0
39708,1,0,0,0,0
39709,1,0,0,0,0
39710,1,0,0,0,0
39711,1,0,0,0,0
39712,1,0,0,0,0
39713,1,0,0,0,0
39714,1,0,0,0,0
39715,1,0,0,0,0
39716,1,0,0,0,0
39717,1,0,0,0,0
39718,1,0,0,0,0
39719,1,0,0,0,0
39720,1,0,0,0,0
39721,1,0,0,0,0
39722,1,0,0,0,0
39723,1,0,0,0,0
39724,1,0,0,0,0
39725,1,0,0,0,0
39726,1,0,0,0,0
39727,1,0,0,0,0
39728,1,0,0,0,0
39729,1,0,0,0,0
39730,1,0,0,0,0
39731,1,0,0,0,0
39732,1,0,0,0,0
39733,1,0,0,0,0
39734,1,0,0,0,0
39735,1,0,0,0,0
39736,1,0,0,0,0
39737,1,0,0,0,0
39738,1,0,0,0,0
39739,1,0,0,0,0
39740,1,0,0,0,0
39741,1,0,0,0,0
39742,1,0,0,0,0
39743,1,0,0,0,0
39744,1,0,0,0,0
39745,1,0,0,0,0
39746,1,0,0,0,0
39747,1,0,0,0,0
39748,1,0,0,0,0
39749,1,0,0,0,0
39750,1,0,0,0,0
39751,1,0,0,0,0
39752,1,0,0,0,0
39753,1,0,0,0,0
39754,1,0,0,0,0
39755,1,0,0,0,0
39756,1,0,0,0,0
39757,1,0,0,0,0
39758,1,0,0,0,0
39759,1,0,0,0,0
39760,1,0,0,0,0
39761,1,0,0,0,0
39762,1,0,0,0,0
39763,1,0,0,0,0
39764,1,0,0,0,0
39765,1,0,0,0,0
39766,1,0,0,0,0
39767,1,0,0,0,0
39768,1,0,0,0,0
39769,1,0,0,0,0
39770,1,0,0,0,0
39771,1,0,0,0,0
39772,1,0,0,0,0
39773,1,0,0,0,0
39774,1,0,0,0,0
39775,1,0,0,0,0
39776,1,0,0,0,0
39777,1,0,0,0,0
39778,1,0,0,0,0
39779,1,0,0,0,0
39780,1,0,0,0,0
39781,1,0,0,0,0
39782,1,0,0,0,0
39783,1,0,0,0,0
39784,1,0,0,0,0
39785,1,0,0,0,0
39786,1,0,0,0,0
39787,1,0,0,0,0
39788,1,0,0,0,0
39789,1,0,0,0,0
39790,1,0,0,0,0
39791,1,0,0,0,0
39792,1,0,0,0,0
39793,1,0,0,0,0
39794,1,0,0,0,0
39795,1,0,0,0,0
39796,1,0,0,0,0
39797,1,0,0,0,0
39798,1,0,0,0,0
39799,1,0,0,0,0
39800,1,0,0,0,0
39801,1,0,0,0,0
39802,1,0,0,0,0
39803,1,0,0,0,0
39804,1,0,0,0,0
39805,1,0,0,0,0
39806,1,0,0,0,0
39807,1,0,0,0,0
39808,1,0,0,0,0
39809,1,0,0,0,0
39810,1,0,0,0,0
39811,1,0,0,0,0
39812,1,0,0,0,0
39813,1,0,0,0,0
39814,1,0,0,0,0
39815,1,0,0,0,0
39816,1,0,0,0,0
39817,1,0,0,0,0
39818,1,0,0,0,0
39819,1,0,0,0,0
39820,1,0,0,0,0
39821,1,0,0,0,0
39822,1,0,0,0,0
39823,1,0,0,0,0
39824,1,0,0,0,0
39825,1,0,0,0,0
39826,1,0,0,0,0
39827,1,0,0,0,0
39828,1,0,0,0,0
39829,1,0,0,0,0
39830,1,0,0,0,0
39831,1,0,0,0,0
39832,1,0,0,0,0
39833,1,0,0,0,0
39834,1,0,0,0,0
39835,1,0,0,0,0
39836,1,0,0,0,0
39837,1,0,0,0,0
39838,1,0,0,0,0
39839,1,0,0,0,0
39840,1,0,0,0,0
39841,1,0,0,0,0
39842,1,0,0,0,0
39843,1,0,0,0,0
39844,1,0,0,0,0
39845,1,0,0,0,0
39846,1,0,0,0,0
39847,1,0,0,0,0
39848,1,0,0,0,0
39849,1,0,0,0,0
39850,1,0,0,0,0
39851,1,0,0,0,0
39852,1,0,0,0,0
39853,1,0,0,0,0
39854,1,0,0,0,0
39855,1,0,0,0,0
39856,1,0,0,0,0
39857,1,0,0,0,0
39858,1,0,0,0,0
39859,1,0,0,0,0
39860,1,0,0,0,0
39861,1,0,0,0,0
39862,1,0,0,0,0
39863,1,0,0,0,0
39864,1,0,0,0,0
39865,0,1,0,0,0
39866,0,1,0,0,0
39867,0,1,0,0,0
39868,0,1,0,0,0
39869,0,1,0,0,0
39870,0,1,0,0,0
39871,0,1,0,0,0
39872,0,1,0,0,0
39873,0,1,0,0,0
39874,0,1,0,0,0
39875,0,1,0,0,0
39876,0,1,0,0,0
39877,0,1,0,0,0
39878,0,1,0,0,0
39879,0,1,0,0,0
39880,0,1,0,0,0
39881,0,1,0,0,0
39882,0,1,0,0,0
39883,0,1,0,0,0
39884,0,1,0,0,0
39885,0,1,0,0,0
39886,0,1,0,0,0
39887,0,1,0,0,0
39888,0,1,0,0,0
39889,0,1,0,0,0
39890,0,1,0,0,0
39891,0,1,0,0,0
39892,0,1,0,0,0
39893,0,1,0,0,0
39894,0,1,0,0,0
39895,0,1,0,0,0
39896,0,1,0,0,0
39897,0,1,0,0,0
39898,0,1,0,0,0
39899,0,1,0,0,0
39900,0,1,0,0,0
39901,0,1,0,0,0
39902,0,1,0,0,0
39903,0,1,0,0,0
39904,0,1,0,0,0
39905,0,1,0,0,0
39906,0,1,0,0,0
39907,0,1,0,0,0
39908,0,1,0,0,0
39909,0,1,0,0,0
39910,0,1,0,0,0
39911,0,1,0,0,0
39912,0,1,0,0,0
39913,0,1,0,0,0
39914,0,1,0,0,0
39915,0,1,0,0,0
39916,0,1,0,0,0
39917,0,1,0,0,0
39918,0,1,0,0,0
39919,0,1,0,0,0
39920,0,1,0,0,0
39921,0,1,0,0,0
39922,0,1,0,0,0
39923,0,1,0,0,0
39924,0,1,0,0,0
39925,0,1,0,0,0
39926,0,1,0,0,0
39927,0,1,0,0,0
39928,0,1,0,0,0
39929,0,1,0,0,0
39930,0,1,0,0,0
39931,0,1,0,0,0
39932,0,1,0,0,0
39933,0,1,0,0,0
39934,0,1,0,0,0
39935,0,1,0,0,0
39936,0,1,0,0,0
39937,0,1,0,0,0
39938,0,1,0,0,0
39939,0,1,0,0,0
39940,0,1,0,0,0
39941,0,1,0,0,0
39942,0,1,0,0,0
39943,0,1,0,0,0
39944,0,1,0,0,0
39945,0,1,0,0,0
39946,0,1,0,0,0
39947,0,1,0,0,0
39948,0,1,0,0,0
39949,0,1,0,0,0
39950,0,1,0,0,0
39951,0,1,0,0,0
39952,0,1,0,0,0
39953,0,1,0,0,0
39954,0,1,0,0,0
39955,1,0,0,0,0
39956,1,0,0,0,0
39957,1,0,0,0,0
39958,1,0,0,0,0
39959,1,0,0,0,0
39960,1,0,0,0,0
39961,1,0,0,0,0
39962,1,0,0,0,0
39963,1,0,0,0,0
39964,1,0,0,0,0
39965,1,0,0,0,0
39966,1,0,0,0,0
39967,1,0,0,0,0
39968,1,0,0,0,0
39969,1,0,0,0,0
39970,1,0,0,0,0
39971,1,0,0,0,0
39972,1,0,0,0,0
39973,1,0,0,0,0
39974,1,0,0,0,0
39975,1,0,0,0,0
39976,1,0,0,0,0
39977,1,0,0,0,0
39978,1,0,0,0,0
39979,1,0,0,0,0
39980,1,0,0,0,0
39981,1,0,0,0,0
39982,1,0,0,0,0
39983,1,0,0,0,0
39984,1,0,0,0,0
39985,1,0,0,0,0
39986,1,0,0,0,0
39987,1,0,0,0,0
39988,1,0,0,0,0
39989,1,0,0,0,0
39990,1,0,0,0,0
39991,1,0,0,0,0
39992,1,0,0,0,0
39993,1,0,0,0,0
39994,1,0,0,0,0
39995,1,0,0,0,0
39996,1,0,0,0,0
39997,1,0,0,0,0
39998,1,0,0,0,0
39999,1,0,0,0,0
40000,1,0,0,0,0
40001,1,0,0,0,0
40002,1,0,0,0,0
40003,1,0,0,0,0
40004,1,0,0,0,0
40005,1,0,0,0,0
40006,1,0,0,0,0
40007,1,0,0,0,0
40008,1,0,0,0,0
40009,1,0,0,0,0
40010,1,0,0,0,0
40011,1,0,0,0,0
40012,1,0,0,0,0
40013,1,0,0,0,0
40014,1,0,0,0,0
40015,1,0,0,0,0
40016,1,0,0,0,0
40017,1,0,0,0,0
40018,1,0,0,0,0
40019,1,0,0,0,0
40020,1,0,0,0,0
40021,1,0,0,0,0
40022,1,0,0,0,0
40023,1,0,0,0,0
40024,1,0,0,0,0
40025,1,0,0,0,0
40026,1,0,0,0,0
40027,1,0,0,0,0
40028,1,0,0,0,0
40029,1,0,0,0,0
40030,1,0,0,0,0
40031,1,0,0,0,0
40032,1,0,0,0,0
40033,1,0,0,0,0
40034,1,0,0,0,0
40035,1,0,0,0,0
40036,1,0,0,0,0
40037,1,0,0,0,0
40038,1,0,0,0,0
40039,1,0,0,0,0
40040,1,0,0,0,0
40041,1,0,0,0,0
40042,1,0,0,0,0
40043,1,0,0,0,0
40044,1,0,0,0,0
40045,1,0,0,0,0
40046,1,0,0,0,0
40047,1,0,0,0,0
40048,1,0,0,0,0
40049,1,0,0,0,0
40050,1,0,0,0,0
40051,1,0,0,0,0
40052,1,0,0,0,0
40053,1,0,0,0,0
40054,1,0,0,0,0
40055,1,0,0,0,0
40056,1,0,0,0,0
40057,1,0,0,0,0
40058,1,0,0,0,0
40059,1,0,0,0,0
40060,1,0,0,0,0
40061,1,0,0,0,0
40062,1,0,0,0,0
40063,1,0,0,0,0
40064,1,0,0,0,0
40065,1,0,0,0,0
40066,1,0,0,0,0
40067,1,0,0,0,0
40068,1,0,0,0,0
40069,1,0,0,0,0
40070,1,0,0,0,0
40071,1,0,0,0,0
40072,1,0,0,0,0
40073,1,0,0,0,0
40074,1,0,0,0,0
40075,1,0,0,0,0
40076,1,0,0,0,0
40077,1,0,0,0,0
40078,1,0,0,0,0
40079,1,0,0,0,0
40080,1,0,0,0,0
40081,1,0,0,0,0
40082,1,0,0,0,0
40083,1,0,0,0,0
40084,1,0,0,0,0
40085,1,0,0,0,0
40086,1,0,0,0,0
40087,1,0,0,0,0
40088,1,0,0,0,0
40089,1,0,0,0,0
40090,1,0,0,0,0
40091,1,0,0,0,0
40092,1,0,0,0,0
40093,1,0,0,0,0
40094,1,0,0,0,0
40095,1,0,0,0,0
40096,1,0,0,0,0
40097,1,0,0,0,0
40098,1,0,0,0,0
40099,1,0,0,0,0
40100,1,0,0,0,0
40101,1,0,0,0,0
40102,1,0,0,0,0
40103,1,0,0,0,0
40104,1,0,0,0,0
40105,1,0,0,0,0
40106,1,0,0,0,0
40107,1,0,0,0,0
40108,1,0,0,0,0
40109,1,0,0,0,0
40110,1,0,0,0,0
40111,1,0,0,0,0
40112,1,0,0,0,0
40113,1,0,0,0,0
40114,1,0,0,0,0
40115,1,0,0,0,0
40116,1,0,0,0,0
40117,1,0,0,0,0
40118,1,0,0,0,0
40119,1,0,0,0,0
40120,1,0,0,0,0
40121,1,0,0,0,0
40122,1,0,0,0,0
40123,1,0,0,0,0
40124,1,0,0,0,0
40125,1,0,0,0,0
40126,1,0,0,0,0
40127,1,0,0,0,0
40128,1,0,0,0,0
40129,1,0,0,0,0
40130,1,0,0,0,0
40131,1,0,0,0,0
40132,1,0,0,0,0
40133,1,0,0,0,0
40134,1,0,0,0,0
40135,1,0,0,0,0
40136,1,0,0,0,0
40137,1,0,0,0,0
40138,1,0,0,0,0
40139,1,0,0,0,0
40140,1,0,0,0,0
40141,1,0,0,0,0
40142,1,0,0,0,0
40143,1,0,0,0,0
40144,1,0,0,0,0
40145,1,0,0,0,0
40146,1,0,0,0,0
40147,1,0,0,0,0
40148,1,0,0,0,0
40149,1,0,0,0,0
40150,1,0,0,0,0
40151,1,0,0,0,0
40152,1,0,0,0,0
40153,1,0,0,0,0
40154,1,0,0,0,0
40155,1,0,0,0,0
40156,1,0,0,0,0
40157,1,0,0,0,0
40158,1,0,0,0,0
40159,1,0,0,0,0
40160,1,0,0,0,0
40161,1,0,0,0,0
40162,1,0,0,0,0
40163,1,0,0,0,0
40164,1,0,0,0,0
40165,1,0,0,0,0
40166,1,0,0,0,0
40167,1,0,0,0,0
40168,1,0,0,0,0
40169,1,0,0,0,0
40170,1,0,0,0,0
40171,1,0,0,0,0
40172,1,0,0,0,0
40173,1,0,0,0,0
40174,1,0,0,0,0
40175,1,0,0,0,0
40176,1,0,0,0,0
40177,1,0,0,0,0
40178,1,0,0,0,0
40179,1,0,0,0,0
40180,1,0,0,0,0
40181,1,0,0,0,0
40182,1,0,0,0,0
40183,1,0,0,0,0
40184,1,0,0,0,0
40185,1,0,0,0,0
40186,1,0,0,0,0
40187,1,0,0,0,0
40188,1,0,0,0,0
40189,1,0,0,0,0
40190,1,0,0,0,0
40191,1,0,0,0,0
40192,1,0,0,0,0
40193,1,0,0,0,0
40194,1,0,0,0,0
40195,1,0,0,0,0
40196,1,0,0,0,0
40197,1,0,0,0,0
40198,1,0,0,0,0
40199,1,0,0,0,0
40200,1,0,0,0,0
40201,1,0,0,0,0
40202,1,0,0,0,0
40203,1,0,0,0,0
40204,1,0,0,0,0
40205,1,0,0,0,0
40206,1,0,0,0,0
40207,1,0,0,0,0
40208,1,0,0,0,0
40209,1,0,0,0,0
40210,1,0,0,0,0
40211,1,0,0,0,0
40212,1,0,0,0,0
40213,1,0,0,0,0
40214,1,0,0,0,0
40215,1,0,0,0,0
40216,1,0,0,0,0
40217,1,0,0,0,0
40218,1,0,0,0,0
40219,1,0,0,0,0
40220,1,0,0,0,0
40221,1,0,0,0,0
40222,1,0,0,0,0
40223,1,0,0,0,0
40224,1,0,0,0,0
40225,1,0,0,0,0
40226,1,0,0,0,0
40227,1,0,0,0,0
40228,1,0,0,0,0
40229,1,0,0,0,0
40230,1,0,0,0,0
40231,1,0,0,0,0
40232,1,0,0,0,0
40233,1,0,0,0,0
40234,1,0,0,0,0
40235,1,0,0,0,0
40236,1,0,0,0,0
40237,1,0,0,0,0
40238,1,0,0,0,0
40239,1,0,0,0,0
40240,1,0,0,0,0
40241,1,0,0,0,0
40242,1,0,0,0,0
40243,1,0,0,0,0
40244,1,0,0,0,0
40245,1,0,0,0,0
40246,1,0,0,0,0
40247,1,0,0,0,0
40248,1,0,0,0,0
40249,1,0,0,0,0
40250,1,0,0,0,0
40251,1,0,0,0,0
40252,1,0,0,0,0
40253,1,0,0,0,0
40254,1,0,0,0,0
40255,1,0,0,0,0
40256,1,0,0,0,0
40257,1,0,0,0,0
40258,1,0,0,0,0
40259,1,0,0,0,0
40260,1,0,0,0,0
40261,1,0,0,0,0
40262,1,0,0,0,0
40263,1,0,0,0,0
40264,1,0,0,0,0
40265,1,0,0,0,0
40266,1,0,0,0,0
40267,1,0,0,0,0
40268,1,0,0,0,0
40269,1,0,0,0,0
40270,1,0,0,0,0
40271,1,0,0,0,0
40272,1,0,0,0,0
40273,1,0,0,0,0
40274,1,0,0,0,0
40275,1,0,0,0,0
40276,1,0,0,0,0
40277,1,0,0,0,0
40278,1,0,0,0,0
40279,1,0,0,0,0
40280,1,0,0,0,0
40281,1,0,0,0,0
40282,1,0,0,0,0
40283,1,0,0,0,0
40284,1,0,0,0,0
40285,1,0,0,0,0
40286,1,0,0,0,0
40287,1,0,0,0,0
40288,1,0,0,0,0
40289,1,0,0,0,0
40290,1,0,0,0,0
40291,1,0,0,0,0
40292,1,0,0,0,0
40293,1,0,0,0,0
40294,1,0,0,0,0
40295,1,0,0,0,0
40296,1,0,0,0,0
40297,1,0,0,0,0
40298,1,0,0,0,0
40299,1,0,0,0,0
40300,1,0,0,0,0
40301,1,0,0,0,0
40302,1,0,0,0,0
40303,1,0,0,0,0
40304,1,0,0,0,0
40305,1,0,0,0,0
40306,1,0,0,0,0
40307,1,0,0,0,0
40308,1,0,0,0,0
40309,1,0,0,0,0
40310,1,0,0,0,0
40311,1,0,0,0,0
40312,1,0,0,0,0
40313,1,0,0,0,0
40314,1,0,0,0,0
40315,1,0,0,0,0
40316,1,0,0,0,0
40317,1,0,0,0,0
40318,1,0,0,0,0
40319,1,0,0,0,0
40320,1,0,0,0,0
40321,1,0,0,0,0
40322,1,0,0,0,0
40323,1,0,0,0,0
40324,1,0,0,0,0
40325,1,0,0,0,0
40326,1,0,0,0,0
40327,1,0,0,0,0
40328,1,0,0,0,0
40329,1,0,0,0,0
40330,1,0,0,0,0
40331,1,0,0,0,0
40332,1,0,0,0,0
40333,1,0,0,0,0
40334,1,0,0,0,0
40335,1,0,0,0,0
40336,1,0,0,0,0
40337,1,0,0,0,0
40338,1,0,0,0,0
40339,1,0,0,0,0
40340,1,0,0,0,0
40341,1,0,0,0,0
40342,1,0,0,0,0
40343,1,0,0,0,0
40344,1,0,0,0,0
40345,1,0,0,0,0
40346,1,0,0,0,0
40347,1,0,0,0,0
40348,1,0,0,0,0
40349,1,0,0,0,0
40350,1,0,0,0,0
40351,1,0,0,0,0
40352,1,0,0,0,0
40353,1,0,0,0,0
40354,1,0,0,0,0
40355,1,0,0,0,0
40356,1,0,0,0,0
40357,1,0,0,0,0
40358,1,0,0,0,0
40359,1,0,0,0,0
40360,1,0,0,0,0
40361,1,0,0,0,0
40362,1,0,0,0,0
40363,1,0,0,0,0
40364,1,0,0,0,0
40365,1,0,0,0,0
40366,1,0,0,0,0
40367,1,0,0,0,0
40368,1,0,0,0,0
40369,1,0,0,0,0
40370,1,0,0,0,0
40371,1,0,0,0,0
40372,1,0,0,0,0
40373,1,0,0,0,0
40374,1,0,0,0,0
40375,1,0,0,0,0
40376,1,0,0,0,0
40377,1,0,0,0,0
40378,1,0,0,0,0
40379,1,0,0,0,0
40380,1,0,0,0,0
40381,1,0,0,0,0
40382,1,0,0,0,0
40383,1,0,0,0,0
40384,1,0,0,0,0
40385,1,0,0,0,0
40386,0,0,0,0,1
40387,0,0,0,0,1
40388,0,0,0,0,1
40389,0,0,0,0,1
40390,0,0,0,0,1
40391,0,0,0,0,1
40392,0,0,0,0,1
40393,0,0,0,0,1
40394,0,0,0,0,1
40395,0,0,0,0,1
40396,0,0,0,0,1
40397,0,0,0,0,1
40398,0,0,0,0,1
40399,0,0,0,0,1
40400,0,0,0,0,1
40401,0,0,0,0,1
40402,0,0,0,0,1
40403,0,0,0,0,1
40404,0,0,0,0,1
40405,0,0,0,0,1
40406,0,0,0,0,1
40407,0,0,0,0,1
40408,0,0,0,0,1
40409,0,0,0,0,1
40410,0,0,0,0,1
40411,0,0,0,0,1
40412,0,0,0,0,1
40413,0,0,0,0,1
40414,0,0,0,0,1
40415,0,0,0,0,1
40416,0,0,0,0,1
40417,0,0,0,0,1
40418,0,0,0,0,1
40419,0,0,0,0,1
40420,0,0,0,0,1
40421,0,0,0,0,1
40422,0,0,0,0,1
40423,0,0,0,0,1
40424,0,0,0,0,1
40425,0,0,0,0,1
40426,0,0,0,0,1
40427,0,0,0,0,1
40428,0,0,0,0,1
40429,0,0,0,0,1
40430,0,0,0,0,1
40431,0,0,0,0,1
40432,0,0,0,0,1
40433,0,0,0,0,1
40434,0,0,0,0,1
40435,0,0,0,0,1
40436,0,0,0,0,1
40437,0,0,0,0,1
40438,0,0,0,0,1
40439,0,0,0,0,1
40440,0,0,0,0,1
40441,0,0,0,0,1
40442,0,0,0,0,1
40443,0,0,0,0,1
40444,0,0,0,0,1
40445,0,0,0,0,1
40446,0,0,0,0,1
40447,0,0,0,0,1
40448,0,0,0,0,1
40449,0,0,0,0,1
40450,0,0,0,0,1
40451,0,0,0,0,1
40452,0,0,0,0,1
40453,0,0,0,0,1
40454,0,0,0,0,1
40455,0,0,0,0,1
40456,0,0,0,0,1
40457,0,0,0,0,1
40458,0,0,0,0,1
40459,0,0,0,0,1
40460,0,0,0,0,1
40461,0,0,0,0,1
40462,0,0,0,0,1
40463,0,0,0,0,1
40464,0,0,0,0,1
40465,0,0,0,0,1
40466,0,0,0,0,1
40467,0,0,0,0,1
40468,0,0,0,0,1
40469,0,0,0,0,1
40470,0,0,0,0,1
40471,0,0,0,0,1
40472,0,0,0,0,1
40473,0,0,0,0,1
40474,0,0,0,0,1
40475,0,0,0,0,1
40476,0,0,0,0,1
40477,0,0,0,0,1
40478,0,0,0,0,1
40479,0,0,0,0,1
40480,0,0,0,0,1
40481,0,0,0,0,1
40482,0,0,0,0,1
40483,0,0,0,0,1
40484,1,0,0,0,0
40485,1,0,0,0,0
40486,1,0,0,0,0
40487,1,0,0,0,0
40488,1,0,0,0,0
40489,1,0,0,0,0
40490,1,0,0,0,0
40491,1,0,0,0,0
40492,1,0,0,0,0
40493,1,0,0,0,0
40494,1,0,0,0,0
40495,1,0,0,0,0
40496,1,0,0,0,0
40497,1,0,0,0,0
40498,1,0,0,0,0
40499,1,0,0,0,0
40500,1,0,0,0,0
40501,1,0,0,0,0
40502,1,0,0,0,0
40503,1,0,0,0,0
40504,1,0,0,0,0
40505,1,0,0,0,0
40506,1,0,0,0,0
40507,1,0,0,0,0
40508,1,0,0,0,0
40509,1,0,0,0,0
40510,1,0,0,0,0
40511,1,0,0,0,0
40512,1,0,0,0,0
40513,1,0,0,0,0
40514,1,0,0,0,0
40515,1,0,0,0,0
40516,1,0,0,0,0
40517,1,0,0,0,0
40518,0,0,0,0,1
40519,0,0,0,0,1
40520,0,0,0,0,1
40521,0,0,0,0,1
40522,0,0,0,0,1
40523,0,0,0,0,1
40524,0,0,0,0,1
40525,0,0,0,0,1
40526,0,0,0,0,1
40527,0,0,0,0,1
40528,0,0,0,0,1
40529,0,0,0,0,1
40530,0,0,0,0,1
40531,0,0,0,0,1
40532,0,0,0,0,1
40533,0,0,0,0,1
40534,0,0,0,0,1
40535,0,0,0,0,1
40536,0,0,0,0,1
40537,0,0,0,0,1
40538,0,0,0,0,1
40539,0,0,0,0,1
40540,0,0,0,0,1
40541,0,0,0,0,1
40542,0,0,0,0,1
40543,0,0,0,0,1
40544,0,0,0,0,1
40545,0,0,0,0,1
40546,0,0,0,0,1
40547,0,0,0,0,1
40548,0,0,0,0,1
40549,0,0,0,0,1
40550,0,0,0,0,1
40551,0,0,0,0,1
40552,0,0,0,0,1
40553,0,0,0,0,1
40554,0,0,0,0,1
40555,0,0,0,0,1
40556,0,0,0,0,1
40557,0,0,0,0,1
40558,0,0,0,0,1
40559,0,0,0,0,1
40560,0,0,0,0,1
40561,0,0,0,0,1
40562,0,0,0,0,1
40563,0,0,0,0,1
40564,0,0,0,0,1
40565,0,0,0,0,1
40566,0,0,0,0,1
40567,0,0,0,0,1
40568,0,0,0,0,1
40569,0,0,0,0,1
40570,0,0,0,0,1
40571,0,0,0,0,1
40572,0,0,0,0,1
40573,0,0,0,0,1
40574,0,0,0,0,1
40575,0,0,0,0,1
40576,0,0,0,0,1
40577,0,0,0,0,1
40578,0,0,0,0,1
40579,0,0,0,0,1
40580,0,0,0,0,1
40581,0,0,0,0,1
40582,0,0,0,0,1
40583,0,0,0,0,1
40584,0,0,0,0,1
40585,0,0,0,0,1
40586,0,0,0,0,1
40587,0,0,0,0,1
40588,0,0,0,0,1
40589,0,0,0,0,1
40590,0,0,0,0,1
40591,0,0,0,0,1
40592,0,0,0,0,1
40593,0,0,0,0,1
40594,0,0,0,0,1
40595,0,0,0,0,1
40596,0,0,0,0,1
40597,0,0,0,0,1
40598,0,0,0,0,1
40599,0,0,0,0,1
40600,0,0,0,0,1
40601,0,0,0,0,1
40602,0,0,0,0,1
40603,1,0,0,0,0
40604,1,0,0,0,0
40605,1,0,0,0,0
40606,1,0,0,0,0
40607,1,0,0,0,0
40608,1,0,0,0,0
40609,1,0,0,0,0
40610,1,0,0,0,0
40611,1,0,0,0,0
40612,1,0,0,0,0
40613,1,0,0,0,0
40614,1,0,0,0,0
40615,1,0,0,0,0
40616,1,0,0,0,0
40617,1,0,0,0,0
40618,1,0,0,0,0
40619,1,0,0,0,0
40620,1,0,0,0,0
40621,1,0,0,0,0
40622,0,0,0,0,1
40623,0,0,0,0,1
40624,0,0,0,0,1
40625,0,0,0,0,1
40626,0,0,0,0,1
40627,0,0,0,0,1
40628,0,0,0,0,1
40629,0,0,0,0,1
40630,0,0,0,0,1
40631,0,0,0,0,1
40632,0,0,0,0,1
40633,0,0,0,0,1
40634,0,0,0,0,1
40635,0,0,0,0,1
40636,0,0,0,0,1
40637,0,0,0,0,1
40638,0,0,0,0,1
40639,0,0,0,0,1
40640,0,0,0,0,1
40641,0,0,0,0,1
40642,0,0,0,0,1
40643,0,0,0,0,1
40644,0,0,0,0,1
40645,0,0,0,0,1
40646,0,0,0,0,1
40647,0,0,0,0,1
40648,0,0,0,0,1
40649,0,0,0,0,1
40650,0,0,0,0,1
40651,0,0,0,0,1
40652,0,0,0,0,1
40653,0,0,0,0,1
40654,0,0,0,0,1
40655,0,0,0,0,1
40656,0,0,0,0,1
40657,0,0,0,0,1
40658,0,0,0,0,1
40659,0,0,0,0,1
40660,0,0,0,0,1
40661,0,0,0,0,1
40662,0,0,0,0,1
40663,0,0,0,0,1
40664,0,0,0,0,1
40665,0,0,0,0,1
40666,0,0,0,0,1
40667,0,0,0,0,1
40668,0,0,0,0,1
40669,0,0,0,0,1
40670,0,0,0,0,1
40671,0,0,0,0,1
40672,0,0,0,0,1
40673,0,0,0,0,1
40674,0,0,0,0,1
40675,0,0,0,0,1
40676,0,0,0,0,1
40677,0,0,0,0,1
40678,0,0,0,0,1
40679,0,0,0,0,1
40680,0,0,0,0,1
40681,0,0,0,0,1
40682,0,0,0,0,1
40683,0,0,0,0,1
40684,0,0,0,0,1
40685,0,0,0,0,1
40686,0,0,0,0,1
40687,0,0,0,0,1
40688,0,0,0,0,1
40689,0,0,0,0,1
40690,0,0,0,0,1
40691,0,0,0,0,1
40692,0,0,0,0,1
40693,0,0,0,0,1
40694,0,0,0,0,1
40695,1,0,0,0,0
40696,1,0,0,0,0
40697,1,0,0,0,0
40698,1,0,0,0,0
40699,1,0,0,0,0
40700,1,0,0,0,0
40701,1,0,0,0,0
40702,1,0,0,0,0
40703,1,0,0,0,0
40704,1,0,0,0,0
40705,1,0,0,0,0
40706,1,0,0,0,0
40707,1,0,0,0,0
40708,1,0,0,0,0
40709,1,0,0,0,0
40710,1,0,0,0,0
40711,1,0,0,0,0
40712,1,0,0,0,0
40713,1,0,0,0,0
40714,1,0,0,0,0
40715,1,0,0,0,0
40716,1,0,0,0,0
40717,1,0,0,0,0
40718,1,0,0,0,0
40719,1,0,0,0,0
40720,1,0,0,0,0
40721,1,0,0,0,0
40722,1,0,0,0,0
40723,1,0,0,0,0
40724,1,0,0,0,0
40725,1,0,0,0,0
40726,1,0,0,0,0
40727,1,0,0,0,0
40728,1,0,0,0,0
40729,1,0,0,0,0
40730,1,0,0,0,0
40731,1,0,0,0,0
40732,1,0,0,0,0
40733,1,0,0,0,0
40734,1,0,0,0,0
40735,1,0,0,0,0
40736,1,0,0,0,0
40737,1,0,0,0,0
40738,1,0,0,0,0
40739,1,0,0,0,0
40740,1,0,0,0,0
40741,1,0,0,0,0
40742,1,0,0,0,0
40743,1,0,0,0,0
40744,1,0,0,0,0
40745,1,0,0,0,0
40746,1,0,0,0,0
40747,1,0,0,0,0
40748,1,0,0,0,0
40749,1,0,0,0,0
40750,1,0,0,0,0
40751,1,0,0,0,0
40752,1,0,0,0,0
40753,1,0,0,0,0
40754,1,0,0,0,0
40755,1,0,0,0,0
40756,1,0,0,0,0
40757,1,0,0,0,0
40758,1,0,0,0,0
40759,1,0,0,0,0
40760,1,0,0,0,0
40761,1,0,0,0,0
40762,1,0,0,0,0
40763,1,0,0,0,0
40764,1,0,0,0,0
40765,1,0,0,0,0
40766,1,0,0,0,0
40767,1,0,0,0,0
40768,1,0,0,0,0
40769,1,0,0,0,0
40770,1,0,0,0,0
40771,1,0,0,0,0
40772,1,0,0,0,0
40773,1,0,0,0,0
40774,1,0,0,0,0
40775,1,0,0,0,0
40776,1,0,0,0,0
40777,1,0,0,0,0
40778,1,0,0,0,0
40779,1,0,0,0,0
40780,1,0,0,0,0
40781,1,0,0,0,0
40782,1,0,0,0,0
40783,1,0,0,0,0
40784,1,0,0,0,0
40785,1,0,0,0,0
40786,1,0,0,0,0
40787,1,0,0,0,0
40788,1,0,0,0,0
40789,1,0,0,0,0
40790,1,0,0,0,0
40791,1,0,0,0,0
40792,1,0,0,0,0
40793,1,0,0,0,0
40794,1,0,0,0,0
40795,1,0,0,0,0
40796,1,0,0,0,0
40797,1,0,0,0,0
40798,1,0,0,0,0
40799,1,0,0,0,0
40800,1,0,0,0,0
40801,1,0,0,0,0
40802,1,0,0,0,0
40803,1,0,0,0,0
40804,1,0,0,0,0
40805,1,0,0,0,0
40806,1,0,0,0,0
40807,1,0,0,0,0
40808,1,0,0,0,0
40809,1,0,0,0,0
40810,1,0,0,0,0
40811,1,0,0,0,0
40812,1,0,0,0,0
40813,1,0,0,0,0
40814,1,0,0,0,0
40815,1,0,0,0,0
40816,1,0,0,0,0
40817,1,0,0,0,0
40818,1,0,0,0,0
40819,1,0,0,0,0
40820,1,0,0,0,0
40821,1,0,0,0,0
40822,1,0,0,0,0
40823,1,0,0,0,0
40824,1,0,0,0,0
40825,1,0,0,0,0
40826,0,0,1,0,0
40827,0,0,1,0,0
40828,0,0,1,0,0
40829,0,0,1,0,0
40830,0,0,1,0,0
40831,0,0,1,0,0
40832,0,0,1,0,0
40833,0,0,1,0,0
40834,0,0,1,0,0
40835,0,0,1,0,0
40836,0,0,1,0,0
40837,0,0,1,0,0
40838,0,0,1,0,0
40839,0,0,1,0,0
40840,0,0,1,0,0
40841,0,0,1,0,0
40842,0,0,1,0,0
40843,0,0,1,0,0
40844,0,0,1,0,0
40845,0,0,1,0,0
40846,0,0,1,0,0
40847,0,0,1,0,0
40848,0,0,1,0,0
40849,0,0,1,0,0
40850,0,0,1,0,0
40851,0,0,1,0,0
40852,0,0,1,0,0
40853,0,0,1,0,0
40854,0,0,1,0,0
40855,1,0,0,0,0
40856,1,0,0,0,0
40857,1,0,0,0,0
40858,1,0,0,0,0
40859,1,0,0,0,0
40860,1,0,0,0,0
40861,1,0,0,0,0
40862,1,0,0,0,0
40863,1,0,0,0,0
40864,1,0,0,0,0
40865,1,0,0,0,0
40866,1,0,0,0,0
40867,1,0,0,0,0
40868,1,0,0,0,0
40869,1,0,0,0,0
40870,1,0,0,0,0
40871,1,0,0,0,0
40872,1,0,0,0,0
40873,1,0,0,0,0
40874,1,0,0,0,0
40875,1,0,0,0,0
40876,1,0,0,0,0
40877,1,0,0,0,0
40878,1,0,0,0,0
40879,1,0,0,0,0
40880,1,0,0,0,0
40881,1,0,0,0,0
40882,1,0,0,0,0
40883,1,0,0,0,0
40884,1,0,0,0,0
40885,1,0,0,0,0
40886,1,0,0,0,0
40887,1,0,0,0,0
40888,1,0,0,0,0
40889,1,0,0,0,0
40890,1,0,0,0,0
40891,1,0,0,0,0
40892,1,0,0,0,0
40893,1,0,0,0,0
40894,1,0,0,0,0
40895,1,0,0,0,0
40896,1,0,0,0,0
40897,1,0,0,0,0
40898,1,0,0,0,0
40899,1,0,0,0,0
40900,1,0,0,0,0
40901,1,0,0,0,0
40902,1,0,0,0,0
40903,1,0,0,0,0
40904,1,0,0,0,0
40905,1,0,0,0,0
40906,1,0,0,0,0
40907,1,0,0,0,0
40908,1,0,0,0,0
40909,1,0,0,0,0
40910,1,0,0,0,0
40911,1,0,0,0,0
40912,1,0,0,0,0
40913,1,0,0,0,0
40914,1,0,0,0,0
40915,1,0,0,0,0
40916,1,0,0,0,0
40917,1,0,0,0,0
40918,1,0,0,0,0
40919,1,0,0,0,0
40920,1,0,0,0,0
40921,1,0,0,0,0
40922,1,0,0,0,0
40923,1,0,0,0,0
40924,1,0,0,0,0
40925,1,0,0,0,0
40926,1,0,0,0,0
40927,1,0,0,0,0
40928,1,0,0,0,0
40929,1,0,0,0,0
40930,1,0,0,0,0
40931,1,0,0,0,0
40932,1,0,0,0,0
40933,1,0,0,0,0
40934,1,0,0,0,0
40935,1,0,0,0,0
40936,1,0,0,0,0
40937,1,0,0,0,0
40938,1,0,0,0,0
40939,1,0,0,0,0
40940,1,0,0,0,0
40941,1,0,0,0,0
40942,1,0,0,0,0
40943,1,0,0,0,0
40944,1,0,0,0,0
40945,1,0,0,0,0
40946,1,0,0,0,0
40947,1,0,0,0,0
40948,1,0,0,0,0
40949,1,0,0,0,0
40950,1,0,0,0,0
40951,1,0,0,0,0
40952,1,0,0,0,0
40953,1,0,0,0,0
40954,1,0,0,0,0
40955,1,0,0,0,0
40956,1,0,0,0,0
40957,1,0,0,0,0
40958,1,0,0,0,0
40959,1,0,0,0,0
40960,1,0,0,0,0
40961,1,0,0,0,0
40962,1,0,0,0,0
40963,1,0,0,0,0
40964,1,0,0,0,0
40965,1,0,0,0,0
40966,1,0,0,0,0
40967,1,0,0,0,0
40968,1,0,0,0,0
40969,1,0,0,0,0
40970,1,0,0,0,0
40971,1,0,0,0,0
40972,1,0,0,0,0
40973,1,0,0,0,0
40974,1,0,0,0,0
40975,1,0,0,0,0
40976,1,0,0,0,0
40977,1,0,0,0,0
40978,1,0,0,0,0
40979,1,0,0,0,0
40980,1,0,0,0,0
40981,1,0,0,0,0
40982,1,0,0,0,0
40983,1,0,0,0,0
40984,1,0,0,0,0
40985,1,0,0,0,0
40986,1,0,0,0,0
40987,1,0,0,0,0
40988,1,0,0,0,0
40989,1,0,0,0,0
40990,1,0,0,0,0
40991,1,0,0,0,0
40992,1,0,0,0,0
40993,1,0,0,0,0
40994,1,0,0,0,0
40995,1,0,0,0,0
40996,1,0,0,0,0
40997,1,0,0,0,0
40998,1,0,0,0,0
40999,1,0,0,0,0
41000,1,0,0,0,0
41001,1,0,0,0,0
41002,1,0,0,0,0
41003,1,0,0,0,0
41004,1,0,0,0,0
41005,1,0,0,0,0
41006,1,0,0,0,0
41007,1,0,0,0,0
41008,1,0,0,0,0
41009,1,0,0,0,0
41010,1,0,0,0,0
41011,1,0,0,0,0
41012,1,0,0,0,0
41013,1,0,0,0,0
41014,1,0,0,0,0
41015,1,0,0,0,0
41016,1,0,0,0,0
41017,1,0,0,0,0
41018,1,0,0,0,0
41019,1,0,0,0,0
41020,1,0,0,0,0
41021,1,0,0,0,0
41022,1,0,0,0,0
41023,1,0,0,0,0
41024,1,0,0,0,0
41025,1,0,0,0,0
41026,1,0,0,0,0
41027,1,0,0,0,0
41028,1,0,0,0,0
41029,1,0,0,0,0
41030,1,0,0,0,0
41031,1,0,0,0,0
41032,1,0,0,0,0
41033,1,0,0,0,0
41034,1,0,0,0,0
41035,1,0,0,0,0
41036,1,0,0,0,0
41037,1,0,0,0,0
41038,1,0,0,0,0
41039,1,0,0,0,0
41040,1,0,0,0,0
41041,1,0,0,0,0
41042,1,0,0,0,0
41043,1,0,0,0,0
41044,1,0,0,0,0
41045,1,0,0,0,0
41046,1,0,0,0,0
41047,1,0,0,0,0
41048,1,0,0,0,0
41049,1,0,0,0,0
41050,1,0,0,0,0
41051,1,0,0,0,0
41052,1,0,0,0,0
41053,1,0,0,0,0
41054,1,0,0,0,0
41055,1,0,0,0,0
41056,1,0,0,0,0
41057,1,0,0,0,0
41058,1,0,0,0,0
41059,1,0,0,0,0
41060,1,0,0,0,0
41061,1,0,0,0,0
41062,1,0,0,0,0
41063,1,0,0,0,0
41064,1,0,0,0,0
41065,1,0,0,0,0
41066,1,0,0,0,0
41067,1,0,0,0,0
41068,1,0,0,0,0
41069,1,0,0,0,0
41070,1,0,0,0,0
41071,1,0,0,0,0
41072,1,0,0,0,0
41073,1,0,0,0,0
41074,1,0,0,0,0
41075,1,0,0,0,0
41076,1,0,0,0,0
41077,1,0,0,0,0
41078,1,0,0,0,0
41079,1,0,0,0,0
41080,1,0,0,0,0
41081,1,0,0,0,0
41082,1,0,0,0,0
41083,1,0,0,0,0
41084,1,0,0,0,0
41085,1,0,0,0,0
41086,1,0,0,0,0
41087,1,0,0,0,0
41088,1,0,0,0,0
41089,1,0,0,0,0
41090,1,0,0,0,0
41091,1,0,0,0,0
41092,1,0,0,0,0
41093,1,0,0,0,0
41094,1,0,0,0,0
41095,1,0,0,0,0
41096,1,0,0,0,0
41097,1,0,0,0,0
41098,1,0,0,0,0
41099,1,0,0,0,0
41100,1,0,0,0,0
41101,1,0,0,0,0
41102,1,0,0,0,0
41103,1,0,0,0,0
41104,1,0,0,0,0
41105,1,0,0,0,0
41106,1,0,0,0,0
41107,1,0,0,0,0
41108,1,0,0,0,0
41109,1,0,0,0,0
41110,1,0,0,0,0
41111,1,0,0,0,0
41112,1,0,0,0,0
41113,1,0,0,0,0
41114,1,0,0,0,0
41115,1,0,0,0,0
41116,1,0,0,0,0
41117,1,0,0,0,0
41118,1,0,0,0,0
41119,1,0,0,0,0
41120,1,0,0,0,0
41121,1,0,0,0,0
41122,1,0,0,0,0
41123,1,0,0,0,0
41124,1,0,0,0,0
41125,1,0,0,0,0
41126,1,0,0,0,0
41127,1,0,0,0,0
41128,1,0,0,0,0
41129,1,0,0,0,0
41130,1,0,0,0,0
41131,1,0,0,0,0
41132,1,0,0,0,0
41133,1,0,0,0,0
41134,1,0,0,0,0
41135,1,0,0,0,0
41136,1,0,0,0,0
41137,1,0,0,0,0
41138,1,0,0,0,0
41139,1,0,0,0,0
41140,1,0,0,0,0
41141,1,0,0,0,0
41142,1,0,0,0,0
41143,1,0,0,0,0
41144,1,0,0,0,0
41145,1,0,0,0,0
41146,1,0,0,0,0
41147,1,0,0,0,0
41148,1,0,0,0,0
41149,1,0,0,0,0
41150,1,0,0,0,0
41151,1,0,0,0,0
41152,1,0,0,0,0
41153,1,0,0,0,0
41154,1,0,0,0,0
41155,1,0,0,0,0
41156,1,0,0,0,0
41157,1,0,0,0,0
41158,1,0,0,0,0
41159,1,0,0,0,0
41160,1,0,0,0,0
41161,1,0,0,0,0
41162,1,0,0,0,0
41163,1,0,0,0,0
41164,1,0,0,0,0
41165,1,0,0,0,0
41166,1,0,0,0,0
41167,1,0,0,0,0
41168,1,0,0,0,0
41169,1,0,0,0,0
41170,1,0,0,0,0
41171,1,0,0,0,0
41172,1,0,0,0,0
41173,1,0,0,0,0
41174,1,0,0,0,0
41175,1,0,0,0,0
41176,1,0,0,0,0
41177,1,0,0,0,0
41178,1,0,0,0,0
41179,1,0,0,0,0
41180,1,0,0,0,0
41181,1,0,0,0,0
41182,1,0,0,0,0
41183,1,0,0,0,0
41184,1,0,0,0,0
41185,1,0,0,0,0
41186,1,0,0,0,0
41187,1,0,0,0,0
41188,1,0,0,0,0
41189,1,0,0,0,0
41190,1,0,0,0,0
41191,1,0,0,0,0
41192,1,0,0,0,0
41193,1,0,0,0,0
41194,1,0,0,0,0
41195,1,0,0,0,0
41196,1,0,0,0,0
41197,1,0,0,0,0
41198,1,0,0,0,0
41199,1,0,0,0,0
41200,1,0,0,0,0
41201,1,0,0,0,0
41202,1,0,0,0,0
41203,1,0,0,0,0
41204,1,0,0,0,0
41205,1,0,0,0,0
41206,1,0,0,0,0
41207,1,0,0,0,0
41208,1,0,0,0,0
41209,1,0,0,0,0
41210,1,0,0,0,0
41211,1,0,0,0,0
41212,1,0,0,0,0
41213,1,0,0,0,0
41214,1,0,0,0,0
41215,1,0,0,0,0
41216,1,0,0,0,0
41217,1,0,0,0,0
41218,1,0,0,0,0
41219,1,0,0,0,0
41220,1,0,0,0,0
41221,1,0,0,0,0
41222,1,0,0,0,0
41223,1,0,0,0,0
41224,1,0,0,0,0
41225,1,0,0,0,0
41226,1,0,0,0,0
41227,1,0,0,0,0
41228,1,0,0,0,0
41229,1,0,0,0,0
41230,1,0,0,0,0
41231,1,0,0,0,0
41232,1,0,0,0,0
41233,1,0,0,0,0
41234,1,0,0,0,0
41235,1,0,0,0,0
41236,1,0,0,0,0
41237,1,0,0,0,0
41238,1,0,0,0,0
41239,1,0,0,0,0
41240,1,0,0,0,0
41241,1,0,0,0,0
41242,1,0,0,0,0
41243,1,0,0,0,0
41244,1,0,0,0,0
41245,1,0,0,0,0
41246,1,0,0,0,0
41247,1,0,0,0,0
41248,1,0,0,0,0
41249,1,0,0,0,0
41250,1,0,0,0,0
41251,1,0,0,0,0
41252,1,0,0,0,0
41253,1,0,0,0,0
41254,1,0,0,0,0
41255,1,0,0,0,0
41256,1,0,0,0,0
41257,1,0,0,0,0
41258,1,0,0,0,0
41259,1,0,0,0,0
41260,1,0,0,0,0
41261,1,0,0,0,0
41262,1,0,0,0,0
41263,1,0,0,0,0
41264,1,0,0,0,0
41265,1,0,0,0,0
41266,1,0,0,0,0
41267,1,0,0,0,0
41268,1,0,0,0,0
41269,1,0,0,0,0
41270,1,0,0,0,0
41271,1,0,0,0,0
41272,1,0,0,0,0
41273,1,0,0,0,0
41274,1,0,0,0,0
41275,1,0,0,0,0
41276,1,0,0,0,0
41277,1,0,0,0,0
41278,1,0,0,0,0
41279,1,0,0,0,0
41280,1,0,0,0,0
41281,1,0,0,0,0
41282,1,0,0,0,0
41283,1,0,0,0,0
41284,1,0,0,0,0
41285,1,0,0,0,0
41286,1,0,0,0,0
41287,1,0,0,0,0
41288,1,0,0,0,0
41289,1,0,0,0,0
41290,1,0,0,0,0
41291,1,0,0,0,0
41292,1,0,0,0,0
41293,1,0,0,0,0
41294,1,0,0,0,0
41295,1,0,0,0,0
41296,1,0,0,0,0
41297,1,0,0,0,0
41298,1,0,0,0,0
41299,1,0,0,0,0
41300,1,0,0,0,0
41301,1,0,0,0,0
41302,1,0,0,0,0
41303,1,0,0,0,0
41304,1,0,0,0,0
41305,1,0,0,0,0
41306,1,0,0,0,0
41307,1,0,0,0,0
41308,1,0,0,0,0
41309,1,0,0,0,0
41310,1,0,0,0,0
41311,1,0,0,0,0
41312,1,0,0,0,0
41313,1,0,0,0,0
41314,1,0,0,0,0
41315,1,0,0,0,0
41316,1,0,0,0,0
41317,1,0,0,0,0
41318,1,0,0,0,0
41319,1,0,0,0,0
41320,1,0,0,0,0
41321,1,0,0,0,0
41322,1,0,0,0,0
41323,1,0,0,0,0
41324,1,0,0,0,0
41325,1,0,0,0,0
41326,1,0,0,0,0
41327,1,0,0,0,0
41328,1,0,0,0,0
41329,1,0,0,0,0
41330,1,0,0,0,0
41331,1,0,0,0,0
41332,1,0,0,0,0
41333,1,0,0,0,0
41334,1,0,0,0,0
41335,1,0,0,0,0
41336,1,0,0,0,0
41337,1,0,0,0,0
41338,1,0,0,0,0
41339,1,0,0,0,0
41340,1,0,0,0,0
41341,1,0,0,0,0
41342,1,0,0,0,0
41343,1,0,0,0,0
41344,1,0,0,0,0
41345,1,0,0,0,0
41346,1,0,0,0,0
41347,1,0,0,0,0
41348,1,0,0,0,0
41349,1,0,0,0,0
41350,1,0,0,0,0
41351,1,0,0,0,0
41352,1,0,0,0,0
41353,1,0,0,0,0
41354,1,0,0,0,0
41355,1,0,0,0,0
41356,1,0,0,0,0
41357,1,0,0,0,0
41358,1,0,0,0,0
41359,1,0,0,0,0
41360,1,0,0,0,0
41361,1,0,0,0,0
41362,1,0,0,0,0
41363,1,0,0,0,0
41364,1,0,0,0,0
41365,1,0,0,0,0
41366,1,0,0,0,0
41367,1,0,0,0,0
41368,1,0,0,0,0
41369,1,0,0,0,0
41370,1,0,0,0,0
41371,1,0,0,0,0
41372,1,0,0,0,0
41373,1,0,0,0,0
41374,1,0,0,0,0
41375,1,0,0,0,0
41376,1,0,0,0,0
41377,1,0,0,0,0
41378,1,0,0,0,0
41379,1,0,0,0,0
41380,1,0,0,0,0
41381,1,0,0,0,0
41382,1,0,0,0,0
41383,1,0,0,0,0
41384,1,0,0,0,0
41385,1,0,0,0,0
41386,1,0,0,0,0
41387,1,0,0,0,0
41388,1,0,0,0,0
41389,1,0,0,0,0
41390,1,0,0,0,0
41391,1,0,0,0,0
41392,1,0,0,0,0
41393,1,0,0,0,0
41394,1,0,0,0,0
41395,1,0,0,0,0
41396,1,0,0,0,0
41397,1,0,0,0,0
41398,1,0,0,0,0
41399,1,0,0,0,0
41400,1,0,0,0,0
41401,1,0,0,0,0
41402,1,0,0,0,0
41403,1,0,0,0,0
41404,1,0,0,0,0
41405,1,0,0,0,0
41406,1,0,0,0,0
41407,1,0,0,0,0
41408,1,0,0,0,0
41409,1,0,0,0,0
41410,1,0,0,0,0
41411,1,0,0,0,0
41412,1,0,0,0,0
41413,1,0,0,0,0
41414,0,0,0,0,1
41415,0,0,0,0,1
41416,0,0,0,0,1
41417,0,0,0,0,1
41418,0,0,0,0,1
41419,0,0,0,0,1
41420,0,0,0,0,1
41421,0,0,0,0,1
41422,0,0,0,0,1
41423,0,0,0,0,1
41424,0,0,0,0,1
41425,0,0,0,0,1
41426,0,0,0,0,1
41427,0,0,0,0,1
41428,0,0,0,0,1
41429,0,0,0,0,1
41430,0,0,0,0,1
41431,0,0,0,0,1
41432,0,0,0,0,1
41433,0,0,0,0,1
41434,0,0,0,0,1
41435,0,0,0,0,1
41436,0,0,0,0,1
41437,0,0,0,0,1
41438,0,0,0,0,1
41439,0,0,0,0,1
41440,0,0,0,0,1
41441,0,0,0,0,1
41442,0,0,0,0,1
41443,0,0,0,0,1
41444,0,0,0,0,1
41445,0,0,0,0,1
41446,0,0,0,0,1
41447,0,0,0,0,1
41448,0,0,0,0,1
41449,0,0,0,0,1
41450,0,0,0,0,1
41451,0,0,0,0,1
41452,0,0,0,0,1
41453,0,0,0,0,1
41454,0,0,0,0,1
41455,0,0,0,0,1
41456,0,0,0,0,1
41457,0,0,0,0,1
41458,0,0,0,0,1
41459,0,0,0,0,1
41460,0,0,0,0,1
41461,0,0,0,0,1
41462,0,0,0,0,1
41463,0,0,0,0,1
41464,0,0,0,0,1
41465,0,0,0,0,1
41466,0,0,0,0,1
41467,0,0,0,0,1
41468,0,0,0,0,1
41469,0,0,0,0,1
41470,0,0,0,0,1
41471,0,0,0,0,1
41472,0,0,0,0,1
41473,0,0,0,0,1
41474,0,0,0,0,1
41475,0,0,0,0,1
41476,0,0,0,0,1
41477,0,0,0,0,1
41478,0,0,0,0,1
41479,0,0,0,0,1
41480,0,0,0,0,1
41481,0,0,0,0,1
41482,0,0,0,0,1
41483,0,0,0,0,1
41484,0,0,0,0,1
41485,0,0,0,0,1
41486,0,0,0,0,1
41487,0,0,0,0,1
41488,0,0,0,0,1
41489,0,0,0,0,1
41490,0,0,0,0,1
41491,0,0,0,0,1
41492,0,0,0,0,1
41493,0,0,0,0,1
41494,0,0,0,0,1
41495,0,0,0,0,1
41496,0,0,0,0,1
41497,0,0,0,0,1
41498,0,0,0,0,1
41499,0,0,0,0,1
41500,0,0,0,0,1
41501,0,0,0,0,1
41502,0,0,0,0,1
41503,0,0,0,0,1
41504,0,0,0,0,1
41505,1,0,0,0,0
41506,1,0,0,0,0
41507,1,0,0,0,0
41508,1,0,0,0,0
41509,1,0,0,0,0
41510,1,0,0,0,0
41511,1,0,0,0,0
41512,1,0,0,0,0
41513,1,0,0,0,0
41514,1,0,0,0,0
41515,1,0,0,0,0
41516,1,0,0,0,0
41517,1,0,0,0,0
41518,1,0,0,0,0
41519,1,0,0,0,0
41520,1,0,0,0,0
41521,1,0,0,0,0
41522,1,0,0,0,0
41523,1,0,0,0,0
41524,1,0,0,0,0
41525,1,0,0,0,0
41526,1,0,0,0,0
41527,1,0,0,0,0
41528,1,0,0,0,0
41529,1,0,0,0,0
41530,1,0,0,0,0
41531,1,0,0,0,0
41532,1,0,0,0,0
41533,1,0,0,0,0
41534,1,0,0,0,0
41535,1,0,0,0,0
41536,1,0,0,0,0
41537,1,0,0,0,0
41538,1,0,0,0,0
41539,1,0,0,0,0
41540,1,0,0,0,0
41541,1,0,0,0,0
41542,1,0,0,0,0
41543,1,0,0,0,0
41544,1,0,0,0,0
41545,1,0,0,0,0
41546,1,0,0,0,0
41547,1,0,0,0,0
41548,1,0,0,0,0
41549,1,0,0,0,0
41550,1,0,0,0,0
41551,1,0,0,0,0
41552,1,0,0,0,0
41553,1,0,0,0,0
41554,1,0,0,0,0
41555,1,0,0,0,0
41556,1,0,0,0,0
41557,1,0,0,0,0
41558,1,0,0,0,0
41559,1,0,0,0,0
41560,1,0,0,0,0
41561,1,0,0,0,0
41562,1,0,0,0,0
41563,1,0,0,0,0
41564,1,0,0,0,0
41565,1,0,0,0,0
41566,1,0,0,0,0
41567,1,0,0,0,0
41568,0,0,1,0,0
41569,0,0,1,0,0
41570,0,0,1,0,0
41571,0,0,1,0,0
41572,0,0,1,0,0
41573,0,0,1,0,0
41574,0,0,1,0,0
41575,0,0,1,0,0
41576,0,0,1,0,0
41577,0,0,1,0,0
41578,0,0,1,0,0
41579,0,0,1,0,0
41580,0,0,1,0,0
41581,0,0,1,0,0
41582,0,0,1,0,0
41583,0,0,1,0,0
41584,0,0,1,0,0
41585,0,0,1,0,0
41586,0,0,1,0,0
41587,0,0,1,0,0
41588,0,0,1,0,0
41589,0,0,1,0,0
41590,0,0,1,0,0
41591,0,0,1,0,0
41592,0,0,1,0,0
41593,0,0,1,0,0
41594,0,0,1,0,0
41595,0,0,1,0,0
41596,0,0,1,0,0
41597,0,0,1,0,0
41598,0,0,1,0,0
41599,0,0,1,0,0
41600,0,0,1,0,0
41601,0,0,1,0,0
41602,0,0,1,0,0
41603,0,0,1,0,0
41604,0,0,1,0,0
41605,0,0,1,0,0
41606,0,0,1,0,0
41607,0,0,1,0,0
41608,0,0,1,0,0
41609,0,0,1,0,0
41610,0,0,1,0,0
41611,0,0,1,0,0
41612,0,0,1,0,0
41613,1,0,0,0,0
41614,1,0,0,0,0
41615,1,0,0,0,0
41616,1,0,0,0,0
41617,1,0,0,0,0
41618,1,0,0,0,0
41619,1,0,0,0,0
41620,1,0,0,0,0
41621,1,0,0,0,0
41622,1,0,0,0,0
41623,1,0,0,0,0
41624,1,0,0,0,0
41625,1,0,0,0,0
41626,1,0,0,0,0
41627,1,0,0,0,0
41628,1,0,0,0,0
41629,1,0,0,0,0
41630,1,0,0,0,0
41631,1,0,0,0,0
41632,1,0,0,0,0
41633,1,0,0,0,0
41634,1,0,0,0,0
41635,1,0,0,0,0
41636,1,0,0,0,0
41637,1,0,0,0,0
41638,1,0,0,0,0
41639,1,0,0,0,0
41640,1,0,0,0,0
41641,1,0,0,0,0
41642,1,0,0,0,0
41643,1,0,0,0,0
41644,1,0,0,0,0
41645,1,0,0,0,0
41646,1,0,0,0,0
41647,1,0,0,0,0
41648,1,0,0,0,0
41649,1,0,0,0,0
41650,1,0,0,0,0
41651,1,0,0,0,0
41652,1,0,0,0,0
41653,1,0,0,0,0
41654,1,0,0,0,0
41655,1,0,0,0,0
41656,1,0,0,0,0
41657,1,0,0,0,0
41658,1,0,0,0,0
41659,1,0,0,0,0
41660,1,0,0,0,0
41661,1,0,0,0,0
41662,1,0,0,0,0
41663,1,0,0,0,0
41664,1,0,0,0,0
41665,1,0,0,0,0
41666,1,0,0,0,0
41667,1,0,0,0,0
41668,1,0,0,0,0
41669,1,0,0,0,0
41670,1,0,0,0,0
41671,1,0,0,0,0
41672,1,0,0,0,0
41673,1,0,0,0,0
41674,1,0,0,0,0
41675,1,0,0,0,0
41676,1,0,0,0,0
41677,1,0,0,0,0
41678,1,0,0,0,0
41679,1,0,0,0,0
41680,1,0,0,0,0
41681,1,0,0,0,0
41682,1,0,0,0,0
41683,1,0,0,0,0
41684,1,0,0,0,0
41685,1,0,0,0,0
41686,1,0,0,0,0
41687,1,0,0,0,0
41688,0,0,1,0,0
41689,0,0,1,0,0
41690,0,0,1,0,0
41691,0,0,1,0,0
41692,0,0,1,0,0
41693,0,0,1,0,0
41694,0,0,1,0,0
41695,0,0,1,0,0
41696,0,0,1,0,0
41697,0,0,1,0,0
41698,0,0,1,0,0
41699,0,0,1,0,0
41700,0,0,1,0,0
41701,0,0,1,0,0
41702,0,0,1,0,0
41703,0,0,1,0,0
41704,0,0,1,0,0
41705,0,0,1,0,0
41706,0,0,1,0,0
41707,0,0,1,0,0
41708,0,0,1,0,0
41709,0,0,1,0,0
41710,0,0,1,0,0
41711,0,0,1,0,0
41712,0,0,1,0,0
41713,0,0,1,0,0
41714,0,0,1,0,0
41715,0,0,1,0,0
41716,0,0,1,0,0
41717,1,0,0,0,0
41718,1,0,0,0,0
41719,1,0,0,0,0
41720,1,0,0,0,0
41721,1,0,0,0,0
41722,1,0,0,0,0
41723,1,0,0,0,0
41724,1,0,0,0,0
41725,1,0,0,0,0
41726,1,0,0,0,0
41727,1,0,0,0,0
41728,0,1,0,0,0
41729,0,1,0,0,0
41730,0,1,0,0,0
41731,0,1,0,0,0
41732,0,1,0,0,0
41733,0,1,0,0,0
41734,0,1,0,0,0
41735,0,1,0,0,0
41736,0,1,0,0,0
41737,0,1,0,0,0
41738,0,1,0,0,0
41739,0,1,0,0,0
41740,0,1,0,0,0
41741,0,1,0,0,0
41742,0,1,0,0,0
41743,0,1,0,0,0
41744,0,1,0,0,0
41745,0,1,0,0,0
41746,0,1,0,0,0
41747,0,1,0,0,0
41748,0,1,0,0,0
41749,0,1,0,0,0
41750,0,1,0,0,0
41751,0,1,0,0,0
41752,0,1,0,0,0
41753,0,1,0,0,0
41754,0,1,0,0,0
41755,0,1,0,0,0
41756,0,1,0,0,0
41757,0,1,0,0,0
41758,0,1,0,0,0
41759,0,1,0,0,0
41760,0,1,0,0,0
41761,0,1,0,0,0
41762,0,1,0,0,0
41763,0,1,0,0,0
41764,0,1,0,0,0
41765,0,1,0,0,0
41766,0,1,0,0,0
41767,0,1,0,0,0
41768,0,1,0,0,0
41769,0,1,0,0,0
41770,0,1,0,0,0
41771,0,1,0,0,0
41772,0,1,0,0,0
41773,0,1,0,0,0
41774,0,1,0,0,0
41775,0,1,0,0,0
41776,0,1,0,0,0
41777,0,1,0,0,0
41778,0,1,0,0,0
41779,0,1,0,0,0
41780,0,1,0,0,0
41781,0,1,0,0,0
41782,0,1,0,0,0
41783,0,1,0,0,0
41784,0,1,0,0,0
41785,0,1,0,0,0
41786,0,1,0,0,0
41787,0,1,0,0,0
41788,0,1,0,0,0
41789,0,1,0,0,0
41790,0,1,0,0,0
41791,0,1,0,0,0
41792,0,1,0,0,0
41793,0,1,0,0,0
41794,0,1,0,0,0
41795,0,1,0,0,0
41796,0,1,0,0,0
41797,0,1,0,0,0
41798,0,1,0,0,0
41799,0,1,0,0,0
41800,0,1,0,0,0
41801,0,1,0,0,0
41802,0,1,0,0,0
41803,0,1,0,0,0
41804,0,1,0,0,0
41805,0,1,0,0,0
41806,0,1,0,0,0
41807,0,1,0,0,0
41808,0,1,0,0,0
41809,0,1,0,0,0
41810,1,0,0,0,0
41811,1,0,0,0,0
41812,1,0,0,0,0
41813,1,0,0,0,0
41814,1,0,0,0,0
41815,1,0,0,0,0
41816,1,0,0,0,0
41817,1,0,0,0,0
41818,1,0,0,0,0
41819,1,0,0,0,0
41820,1,0,0,0,0
41821,1,0,0,0,0
41822,1,0,0,0,0
41823,1,0,0,0,0
41824,1,0,0,0,0
41825,1,0,0,0,0
41826,1,0,0,0,0
41827,1,0,0,0,0
41828,1,0,0,0,0
41829,1,0,0,0,0
41830,1,0,0,0,0
41831,1,0,0,0,0
41832,1,0,0,0,0
41833,1,0,0,0,0
41834,1,0,0,0,0
41835,1,0,0,0,0
41836,1,0,0,0,0
41837,0,1,0,0,0
41838,0,1,0,0,0
41839,0,1,0,0,0
41840,0,1,0,0,0
41841,0,1,0,0,0
41842,0,1,0,0,0
41843,0,1,0,0,0
41844,0,1,0,0,0
41845,0,1,0,0,0
41846,0,1,0,0,0
41847,0,1,0,0,0
41848,0,1,0,0,0
41849,0,1,0,0,0
41850,0,1,0,0,0
41851,0,1,0,0,0
41852,0,1,0,0,0
41853,0,1,0,0,0
41854,0,1,0,0,0
41855,0,1,0,0,0
41856,0,1,0,0,0
41857,0,1,0,0,0
41858,0,1,0,0,0
41859,0,1,0,0,0
41860,0,1,0,0,0
41861,0,1,0,0,0
41862,0,1,0,0,0
41863,0,1,0,0,0
41864,0,1,0,0,0
41865,0,1,0,0,0
41866,0,1,0,0,0
41867,0,1,0,0,0
41868,0,1,0,0,0
41869,0,1,0,0,0
41870,0,1,0,0,0
41871,0,1,0,0,0
41872,0,1,0,0,0
41873,0,1,0,0,0
41874,0,1,0,0,0
41875,0,1,0,0,0
41876,0,1,0,0,0
41877,0,1,0,0,0
41878,1,0,0,0,0
41879,1,0,0,0,0
41880,1,0,0,0,0
41881,1,0,0,0,0
41882,1,0,0,0,0
41883,1,0,0,0,0
41884,1,0,0,0,0
41885,1,0,0,0,0
41886,1,0,0,0,0
41887,1,0,0,0,0
41888,1,0,0,0,0
41889,1,0,0,0,0
41890,1,0,0,0,0
41891,1,0,0,0,0
41892,1,0,0,0,0
41893,1,0,0,0,0
41894,1,0,0,0,0
41895,1,0,0,0,0
41896,1,0,0,0,0
41897,1,0,0,0,0
41898,1,0,0,0,0
41899,1,0,0,0,0
41900,1,0,0,0,0
41901,1,0,0,0,0
41902,0,0,1,0,0
41903,0,0,1,0,0
41904,0,0,1,0,0
41905,0,0,1,0,0
41906,0,0,1,0,0
41907,0,0,1,0,0
41908,0,0,1,0,0
41909,0,0,1,0,0
41910,0,0,1,0,0
41911,0,0,1,0,0
41912,0,0,1,0,0
41913,0,0,1,0,0
41914,0,0,1,0,0
41915,0,0,1,0,0
41916,0,0,1,0,0
41917,0,0,1,0,0
41918,0,0,1,0,0
41919,0,0,1,0,0
41920,0,0,1,0,0
41921,0,0,1,0,0
41922,0,0,1,0,0
41923,0,0,1,0,0
41924,0,0,1,0,0
41925,0,0,1,0,0
41926,0,0,1,0,0
41927,0,0,1,0,0
41928,0,0,1,0,0
41929,1,0,0,0,0
41930,1,0,0,0,0
41931,1,0,0,0,0
41932,1,0,0,0,0
41933,1,0,0,0,0
41934,1,0,0,0,0
41935,1,0,0,0,0
41936,1,0,0,0,0
41937,1,0,0,0,0
41938,1,0,0,0,0
41939,1,0,0,0,0
41940,1,0,0,0,0
41941,1,0,0,0,0
41942,1,0,0,0,0
41943,1,0,0,0,0
41944,1,0,0,0,0
41945,1,0,0,0,0
41946,1,0,0,0,0
41947,1,0,0,0,0
41948,1,0,0,0,0
41949,1,0,0,0,0
41950,1,0,0,0,0
41951,1,0,0,0,0
41952,1,0,0,0,0
41953,1,0,0,0,0
41954,1,0,0,0,0
41955,1,0,0,0,0
41956,1,0,0,0,0
41957,1,0,0,0,0
41958,1,0,0,0,0
41959,1,0,0,0,0
41960,1,0,0,0,0
41961,1,0,0,0,0
41962,1,0,0,0,0
41963,1,0,0,0,0
41964,1,0,0,0,0
41965,1,0,0,0,0
41966,1,0,0,0,0
41967,1,0,0,0,0
41968,1,0,0,0,0
41969,1,0,0,0,0
41970,1,0,0,0,0
41971,1,0,0,0,0
41972,1,0,0,0,0
41973,1,0,0,0,0
41974,1,0,0,0,0
41975,1,0,0,0,0
41976,1,0,0,0,0
41977,1,0,0,0,0
41978,1,0,0,0,0
41979,1,0,0,0,0
41980,1,0,0,0,0
41981,1,0,0,0,0
41982,1,0,0,0,0
41983,1,0,0,0,0
41984,0,1,0,0,0
41985,0,1,0,0,0
41986,0,1,0,0,0
41987,0,1,0,0,0
41988,0,1,0,0,0
41989,0,1,0,0,0
41990,0,1,0,0,0
41991,0,1,0,0,0
41992,0,1,0,0,0
41993,0,1,0,0,0
41994,0,1,0,0,0
41995,0,1,0,0,0
41996,0,1,0,0,0
41997,0,1,0,0,0
41998,0,1,0,0,0
41999,0,1,0,0,0
42000,0,1,0,0,0
42001,0,1,0,0,0
42002,0,1,0,0,0
42003,0,1,0,0,0
42004,0,1,0,0,0
42005,0,1,0,0,0
42006,0,1,0,0,0
42007,0,1,0,0,0
42008,0,1,0,0,0
42009,0,1,0,0,0
42010,0,1,0,0,0
42011,0,1,0,0,0
42012,0,1,0,0,0
42013,0,1,0,0,0
42014,0,1,0,0,0
42015,0,1,0,0,0
42016,0,1,0,0,0
42017,0,1,0,0,0
42018,0,1,0,0,0
42019,0,1,0,0,0
42020,0,1,0,0,0
42021,0,1,0,0,0
42022,0,1,0,0,0
42023,0,1,0,0,0
42024,0,1,0,0,0
42025,0,1,0,0,0
42026,0,1,0,0,0
42027,0,1,0,0,0
42028,0,1,0,0,0
42029,0,1,0,0,0
42030,0,1,0,0,0
42031,0,1,0,0,0
42032,0,1,0,0,0
42033,0,1,0,0,0
42034,0,1,0,0,0
42035,0,1,0,0,0
42036,0,1,0,0,0
42037,0,1,0,0,0
42038,0,1,0,0,0
42039,0,1,0,0,0
42040,0,1,0,0,0
42041,0,1,0,0,0
42042,0,1,0,0,0
42043,0,1,0,0,0
42044,0,1,0,0,0
42045,0,1,0,0,0
42046,0,1,0,0,0
42047,0,1,0,0,0
42048,0,1,0,0,0
42049,0,1,0,0,0
42050,0,1,0,0,0
42051,0,1,0,0,0
42052,0,1,0,0,0
42053,0,1,0,0,0
42054,0,1,0,0,0
42055,0,1,0,0,0
42056,0,1,0,0,0
42057,0,1,0,0,0
42058,0,1,0,0,0
42059,0,1,0,0,0
42060,0,1,0,0,0
42061,0,1,0,0,0
42062,0,1,0,0,0
42063,0,1,0,0,0
42064,0,1,0,0,0
42065,0,1,0,0,0
42066,0,1,0,0,0
42067,0,1,0,0,0
42068,0,1,0,0,0
42069,0,1,0,0,0
42070,0,1,0,0,0
42071,0,1,0,0,0
42072,0,1,0,0,0
42073,0,1,0,0,0
42074,0,1,0,0,0
42075,0,1,0,0,0
42076,0,1,0,0,0
42077,0,1,0,0,0
42078,0,1,0,0,0
42079,0,1,0,0,0
42080,0,1,0,0,0
42081,0,1,0,0,0
42082,0,1,0,0,0
42083,0,1,0,0,0
42084,0,1,0,0,0
42085,0,1,0,0,0
42086,0,1,0,0,0
42087,1,0,0,0,0
42088,1,0,0,0,0
42089,1,0,0,0,0
42090,1,0,0,0,0
42091,1,0,0,0,0
42092,1,0,0,0,0
42093,1,0,0,0,0
42094,1,0,0,0,0
42095,1,0,0,0,0
42096,1,0,0,0,0
42097,1,0,0,0,0
42098,1,0,0,0,0
42099,1,0,0,0,0
42100,1,0,0,0,0
42101,1,0,0,0,0
42102,1,0,0,0,0
42103,1,0,0,0,0
42104,1,0,0,0,0
42105,1,0,0,0,0
42106,1,0,0,0,0
42107,1,0,0,0,0
42108,1,0,0,0,0
42109,1,0,0,0,0
42110,1,0,0,0,0
42111,1,0,0,0,0
42112,1,0,0,0,0
42113,1,0,0,0,0
42114,1,0,0,0,0
42115,1,0,0,0,0
42116,1,0,0,0,0
42117,1,0,0,0,0
42118,1,0,0,0,0
42119,1,0,0,0,0
42120,1,0,0,0,0
42121,1,0,0,0,0
42122,1,0,0,0,0
42123,1,0,0,0,0
42124,1,0,0,0,0
42125,1,0,0,0,0
42126,1,0,0,0,0
42127,1,0,0,0,0
42128,1,0,0,0,0
42129,1,0,0,0,0
42130,1,0,0,0,0
42131,1,0,0,0,0
42132,1,0,0,0,0
42133,1,0,0,0,0
42134,1,0,0,0,0
42135,1,0,0,0,0
42136,1,0,0,0,0
42137,1,0,0,0,0
42138,1,0,0,0,0
42139,1,0,0,0,0
42140,1,0,0,0,0
42141,1,0,0,0,0
42142,1,0,0,0,0
42143,1,0,0,0,0
42144,1,0,0,0,0
42145,1,0,0,0,0
42146,1,0,0,0,0
42147,1,0,0,0,0
42148,1,0,0,0,0
42149,1,0,0,0,0
42150,1,0,0,0,0
42151,1,0,0,0,0
42152,1,0,0,0,0
42153,1,0,0,0,0
42154,1,0,0,0,0
42155,1,0,0,0,0
42156,1,0,0,0,0
42157,1,0,0,0,0
42158,1,0,0,0,0
42159,1,0,0,0,0
42160,1,0,0,0,0
42161,1,0,0,0,0
42162,1,0,0,0,0
42163,1,0,0,0,0
42164,1,0,0,0,0
42165,1,0,0,0,0
42166,1,0,0,0,0
42167,1,0,0,0,0
42168,1,0,0,0,0
42169,0,1,0,0,0
42170,0,1,0,0,0
42171,0,1,0,0,0
42172,0,1,0,0,0
42173,0,1,0,0,0
42174,0,1,0,0,0
42175,0,1,0,0,0
42176,0,1,0,0,0
42177,0,1,0,0,0
42178,0,1,0,0,0
42179,0,1,0,0,0
42180,0,1,0,0,0
42181,0,1,0,0,0
42182,0,1,0,0,0
42183,0,1,0,0,0
42184,0,1,0,0,0
42185,0,1,0,0,0
42186,0,1,0,0,0
42187,0,1,0,0,0
42188,0,1,0,0,0
42189,0,1,0,0,0
42190,0,1,0,0,0
42191,0,1,0,0,0
42192,0,1,0,0,0
42193,0,1,0,0,0
42194,0,1,0,0,0
42195,0,1,0,0,0
42196,0,1,0,0,0
42197,0,1,0,0,0
42198,0,1,0,0,0
42199,0,1,0,0,0
42200,0,1,0,0,0
42201,0,1,0,0,0
42202,0,1,0,0,0
42203,0,1,0,0,0
42204,0,1,0,0,0
42205,0,1,0,0,0
42206,0,1,0,0,0
42207,0,1,0,0,0
42208,0,1,0,0,0
42209,0,1,0,0,0
42210,0,1,0,0,0
42211,0,1,0,0,0
42212,0,1,0,0,0
42213,0,1,0,0,0
42214,0,1,0,0,0
42215,0,1,0,0,0
42216,0,1,0,0,0
42217,0,1,0,0,0
42218,0,1,0,0,0
42219,0,1,0,0,0
42220,0,1,0,0,0
42221,0,1,0,0,0
42222,1,0,0,0,0
42223,1,0,0,0,0
42224,1,0,0,0,0
42225,1,0,0,0,0
42226,1,0,0,0,0
42227,1,0,0,0,0
42228,1,0,0,0,0
42229,1,0,0,0,0
42230,1,0,0,0,0
42231,1,0,0,0,0
42232,1,0,0,0,0
42233,1,0,0,0,0
42234,1,0,0,0,0
42235,1,0,0,0,0
42236,1,0,0,0,0
42237,1,0,0,0,0
42238,1,0,0,0,0
42239,1,0,0,0,0
42240,1,0,0,0,0
42241,1,0,0,0,0
42242,1,0,0,0,0
42243,1,0,0,0,0
42244,1,0,0,0,0
42245,1,0,0,0,0
42246,1,0,0,0,0
42247,1,0,0,0,0
42248,1,0,0,0,0
42249,1,0,0,0,0
42250,1,0,0,0,0
42251,1,0,0,0,0
42252,1,0,0,0,0
42253,1,0,0,0,0
42254,1,0,0,0,0
42255,1,0,0,0,0
42256,1,0,0,0,0
42257,1,0,0,0,0
42258,1,0,0,0,0
42259,1,0,0,0,0
42260,1,0,0,0,0
42261,1,0,0,0,0
42262,1,0,0,0,0
42263,1,0,0,0,0
42264,1,0,0,0,0
42265,1,0,0,0,0
42266,1,0,0,0,0
42267,1,0,0,0,0
42268,1,0,0,0,0
42269,1,0,0,0,0
42270,1,0,0,0,0
42271,1,0,0,0,0
42272,1,0,0,0,0
42273,1,0,0,0,0
42274,1,0,0,0,0
42275,1,0,0,0,0
42276,1,0,0,0,0
42277,1,0,0,0,0
42278,0,0,1,0,0
42279,0,0,1,0,0
42280,0,0,1,0,0
42281,0,0,1,0,0
42282,0,0,1,0,0
42283,0,0,1,0,0
42284,0,0,1,0,0
42285,0,0,1,0,0
42286,0,0,1,0,0
42287,0,0,1,0,0
42288,0,0,1,0,0
42289,0,0,1,0,0
42290,0,0,1,0,0
42291,0,0,1,0,0
42292,0,0,1,0,0
42293,0,0,1,0,0
42294,0,0,1,0,0
42295,0,0,1,0,0
42296,0,0,1,0,0
42297,0,0,1,0,0
42298,0,0,1,0,0
42299,1,0,0,0,0
42300,1,0,0,0,0
42301,1,0,0,0,0
42302,1,0,0,0,0
42303,1,0,0,0,0
42304,1,0,0,0,0
42305,1,0,0,0,0
42306,1,0,0,0,0
42307,0,0,1,0,0
42308,0,0,1,0,0
42309,0,0,1,0,0
42310,0,0,1,0,0
42311,0,0,1,0,0
42312,0,0,1,0,0
42313,0,0,1,0,0
42314,0,0,1,0,0
42315,0,0,1,0,0
42316,0,0,1,0,0
42317,0,0,1,0,0
42318,0,0,1,0,0
42319,0,0,1,0,0
42320,1,0,0,0,0
42321,1,0,0,0,0
42322,0,1,0,0,0
42323,0,1,0,0,0
42324,0,1,0,0,0
42325,0,1,0,0,0
42326,0,1,0,0,0
42327,0,1,0,0,0
42328,0,1,0,0,0
42329,0,1,0,0,0
42330,0,1,0,0,0
42331,0,1,0,0,0
42332,0,1,0,0,0
42333,0,1,0,0,0
42334,0,1,0,0,0
42335,0,1,0,0,0
42336,0,1,0,0,0
42337,0,1,0,0,0
42338,0,1,0,0,0
42339,0,1,0,0,0
42340,0,1,0,0,0
42341,0,1,0,0,0
42342,0,1,0,0,0
42343,0,1,0,0,0
42344,0,1,0,0,0
42345,0,1,0,0,0
42346,0,1,0,0,0
42347,0,1,0,0,0
42348,0,1,0,0,0
42349,0,1,0,0,0
42350,0,1,0,0,0
42351,0,1,0,0,0
42352,0,1,0,0,0
42353,0,1,0,0,0
42354,0,1,0,0,0
42355,0,1,0,0,0
42356,0,1,0,0,0
42357,0,1,0,0,0
42358,0,1,0,0,0
42359,0,1,0,0,0
42360,0,1,0,0,0
42361,0,1,0,0,0
42362,0,1,0,0,0
42363,0,1,0,0,0
42364,0,1,0,0,0
42365,0,1,0,0,0
42366,0,1,0,0,0
42367,0,1,0,0,0
42368,0,1,0,0,0
42369,0,1,0,0,0
42370,0,1,0,0,0
42371,0,1,0,0,0
42372,0,1,0,0,0
42373,0,1,0,0,0
42374,0,1,0,0,0
42375,0,1,0,0,0
42376,0,1,0,0,0
42377,0,1,0,0,0
42378,0,1,0,0,0
42379,0,1,0,0,0
42380,0,1,0,0,0
42381,0,1,0,0,0
42382,0,1,0,0,0
42383,0,1,0,0,0
42384,0,1,0,0,0
42385,0,1,0,0,0
42386,0,1,0,0,0
42387,0,1,0,0,0
42388,0,1,0,0,0
42389,0,1,0,0,0
42390,0,1,0,0,0
42391,0,1,0,0,0
42392,0,1,0,0,0
42393,0,1,0,0,0
42394,0,1,0,0,0
42395,0,1,0,0,0
42396,0,1,0,0,0
42397,0,1,0,0,0
42398,0,1,0,0,0
42399,0,1,0,0,0
42400,0,1,0,0,0
42401,0,1,0,0,0
42402,0,1,0,0,0
42403,0,1,0,0,0
42404,0,1,0,0,0
42405,0,1,0,0,0
42406,0,1,0,0,0
42407,0,1,0,0,0
42408,0,1,0,0,0
42409,1,0,0,0,0
42410,1,0,0,0,0
42411,1,0,0,0,0
42412,1,0,0,0,0
42413,1,0,0,0,0
42414,1,0,0,0,0
42415,0,1,0,0,0
42416,0,1,0,0,0
42417,0,1,0,0,0
42418,0,1,0,0,0
42419,0,1,0,0,0
42420,0,1,0,0,0
42421,0,1,0,0,0
42422,0,1,0,0,0
42423,0,1,0,0,0
42424,0,1,0,0,0
42425,0,1,0,0,0
42426,0,1,0,0,0
42427,0,1,0,0,0
42428,0,1,0,0,0
42429,0,1,0,0,0
42430,0,1,0,0,0
42431,0,1,0,0,0
42432,0,1,0,0,0
42433,0,1,0,0,0
42434,0,1,0,0,0
42435,0,1,0,0,0
42436,0,1,0,0,0
42437,0,1,0,0,0
42438,0,1,0,0,0
42439,0,1,0,0,0
42440,0,1,0,0,0
42441,0,1,0,0,0
42442,0,1,0,0,0
42443,0,1,0,0,0
42444,0,1,0,0,0
42445,0,1,0,0,0
42446,0,1,0,0,0
42447,0,1,0,0,0
42448,0,1,0,0,0
42449,0,1,0,0,0
42450,0,1,0,0,0
42451,1,0,0,0,0
42452,1,0,0,0,0
42453,1,0,0,0,0
42454,1,0,0,0,0
42455,1,0,0,0,0
42456,1,0,0,0,0
42457,1,0,0,0,0
42458,1,0,0,0,0
42459,1,0,0,0,0
42460,1,0,0,0,0
42461,1,0,0,0,0
42462,1,0,0,0,0
42463,1,0,0,0,0
42464,1,0,0,0,0
42465,1,0,0,0,0
42466,1,0,0,0,0
42467,1,0,0,0,0
42468,1,0,0,0,0
42469,1,0,0,0,0
42470,1,0,0,0,0
42471,1,0,0,0,0
42472,1,0,0,0,0
42473,1,0,0,0,0
42474,1,0,0,0,0
42475,1,0,0,0,0
42476,1,0,0,0,0
42477,1,0,0,0,0
42478,1,0,0,0,0
42479,1,0,0,0,0
42480,1,0,0,0,0
42481,1,0,0,0,0
42482,1,0,0,0,0
42483,1,0,0,0,0
42484,1,0,0,0,0
42485,1,0,0,0,0
42486,1,0,0,0,0
42487,1,0,0,0,0
42488,1,0,0,0,0
42489,1,0,0,0,0
42490,1,0,0,0,0
42491,1,0,0,0,0
42492,1,0,0,0,0
42493,1,0,0,0,0
42494,1,0,0,0,0
42495,1,0,0,0,0
42496,1,0,0,0,0
42497,1,0,0,0,0
42498,1,0,0,0,0
42499,1,0,0,0,0
42500,1,0,0,0,0
42501,1,0,0,0,0
42502,1,0,0,0,0
42503,1,0,0,0,0
42504,1,0,0,0,0
42505,1,0,0,0,0
42506,1,0,0,0,0
42507,0,0,0,0,1
42508,0,0,0,0,1
42509,0,0,0,0,1
42510,0,0,0,0,1
42511,0,0,0,0,1
42512,0,0,0,0,1
42513,0,0,0,0,1
42514,0,0,0,0,1
42515,0,0,0,0,1
42516,0,0,0,0,1
42517,0,0,0,0,1
42518,0,0,0,0,1
42519,0,0,0,0,1
42520,0,0,0,0,1
42521,0,0,0,0,1
42522,0,0,0,0,1
42523,0,0,0,0,1
42524,0,0,0,0,1
42525,0,0,0,0,1
42526,0,0,0,0,1
42527,0,0,0,0,1
42528,0,0,0,0,1
42529,0,0,0,0,1
42530,0,0,0,0,1
42531,0,0,0,0,1
42532,0,0,0,0,1
42533,0,0,0,0,1
42534,0,0,0,0,1
42535,0,0,0,0,1
42536,0,0,0,0,1
42537,0,0,0,0,1
42538,0,0,0,0,1
42539,0,0,0,0,1
42540,0,0,0,0,1
42541,0,0,0,0,1
42542,0,0,0,0,1
42543,0,0,0,0,1
42544,0,0,0,0,1
42545,0,0,0,0,1
42546,0,0,0,0,1
42547,0,0,0,0,1
42548,0,0,0,0,1
42549,0,0,0,0,1
42550,0,0,0,0,1
42551,0,0,0,0,1
42552,0,0,0,0,1
42553,0,0,0,0,1
42554,0,0,0,0,1
42555,0,0,0,0,1
42556,0,0,0,0,1
42557,0,0,0,0,1
42558,0,0,0,0,1
42559,0,0,0,0,1
42560,0,0,0,0,1
42561,0,0,0,0,1
42562,0,0,0,0,1
42563,0,0,0,0,1
42564,0,0,0,0,1
42565,0,0,0,0,1
42566,0,0,0,0,1
42567,0,0,0,0,1
42568,0,0,0,0,1
42569,0,0,0,0,1
42570,0,0,0,0,1
42571,0,0,0,0,1
42572,0,0,0,0,1
42573,1,0,0,0,0
42574,1,0,0,0,0
42575,1,0,0,0,0
42576,1,0,0,0,0
42577,1,0,0,0,0
42578,1,0,0,0,0
42579,1,0,0,0,0
42580,1,0,0,0,0
42581,1,0,0,0,0
42582,1,0,0,0,0
42583,1,0,0,0,0
42584,1,0,0,0,0
42585,1,0,0,0,0
42586,1,0,0,0,0
42587,1,0,0,0,0
42588,1,0,0,0,0
42589,1,0,0,0,0
42590,1,0,0,0,0
42591,1,0,0,0,0
42592,1,0,0,0,0
42593,1,0,0,0,0
42594,1,0,0,0,0
42595,1,0,0,0,0
42596,1,0,0,0,0
42597,1,0,0,0,0
42598,1,0,0,0,0
42599,1,0,0,0,0
42600,1,0,0,0,0
42601,1,0,0,0,0
42602,1,0,0,0,0
42603,1,0,0,0,0
42604,1,0,0,0,0
42605,1,0,0,0,0
42606,1,0,0,0,0
42607,1,0,0,0,0
42608,1,0,0,0,0
42609,1,0,0,0,0
42610,1,0,0,0,0
42611,1,0,0,0,0
42612,1,0,0,0,0
42613,1,0,0,0,0
42614,1,0,0,0,0
42615,1,0,0,0,0
42616,1,0,0,0,0
42617,1,0,0,0,0
42618,1,0,0,0,0
42619,1,0,0,0,0
42620,1,0,0,0,0
42621,1,0,0,0,0
42622,1,0,0,0,0
42623,1,0,0,0,0
42624,1,0,0,0,0
42625,1,0,0,0,0
42626,1,0,0,0,0
42627,1,0,0,0,0
42628,1,0,0,0,0
42629,1,0,0,0,0
42630,1,0,0,0,0
42631,1,0,0,0,0
42632,1,0,0,0,0
42633,1,0,0,0,0
42634,1,0,0,0,0
42635,1,0,0,0,0
42636,1,0,0,0,0
42637,1,0,0,0,0
42638,1,0,0,0,0
42639,1,0,0,0,0
42640,1,0,0,0,0
42641,1,0,0,0,0
42642,1,0,0,0,0
42643,1,0,0,0,0
42644,1,0,0,0,0
42645,1,0,0,0,0
42646,1,0,0,0,0
42647,1,0,0,0,0
42648,1,0,0,0,0
42649,1,0,0,0,0
42650,1,0,0,0,0
42651,1,0,0,0,0
42652,1,0,0,0,0
42653,1,0,0,0,0
42654,1,0,0,0,0
42655,1,0,0,0,0
42656,1,0,0,0,0
42657,1,0,0,0,0
42658,1,0,0,0,0
42659,1,0,0,0,0
42660,1,0,0,0,0
42661,1,0,0,0,0
42662,1,0,0,0,0
42663,1,0,0,0,0
42664,1,0,0,0,0
42665,1,0,0,0,0
42666,1,0,0,0,0
42667,1,0,0,0,0
42668,1,0,0,0,0
42669,1,0,0,0,0
42670,1,0,0,0,0
42671,1,0,0,0,0
42672,1,0,0,0,0
42673,1,0,0,0,0
42674,1,0,0,0,0
42675,1,0,0,0,0
42676,1,0,0,0,0
42677,1,0,0,0,0
42678,1,0,0,0,0
42679,1,0,0,0,0
42680,1,0,0,0,0
42681,1,0,0,0,0
42682,1,0,0,0,0
42683,1,0,0,0,0
42684,1,0,0,0,0
42685,1,0,0,0,0
42686,1,0,0,0,0
42687,1,0,0,0,0
42688,1,0,0,0,0
42689,1,0,0,0,0
42690,1,0,0,0,0
42691,1,0,0,0,0
42692,1,0,0,0,0
42693,1,0,0,0,0
42694,1,0,0,0,0
42695,1,0,0,0,0
42696,1,0,0,0,0
42697,1,0,0,0,0
42698,1,0,0,0,0
42699,1,0,0,0,0
42700,1,0,0,0,0
42701,1,0,0,0,0
42702,1,0,0,0,0
42703,1,0,0,0,0
42704,1,0,0,0,0
42705,1,0,0,0,0
42706,1,0,0,0,0
42707,1,0,0,0,0
42708,1,0,0,0,0
42709,1,0,0,0,0
42710,1,0,0,0,0
42711,1,0,0,0,0
42712,1,0,0,0,0
42713,1,0,0,0,0
42714,1,0,0,0,0
42715,1,0,0,0,0
42716,1,0,0,0,0
42717,1,0,0,0,0
42718,1,0,0,0,0
42719,1,0,0,0,0
42720,1,0,0,0,0
42721,1,0,0,0,0
42722,1,0,0,0,0
42723,1,0,0,0,0
42724,1,0,0,0,0
42725,1,0,0,0,0
42726,1,0,0,0,0
42727,1,0,0,0,0
42728,1,0,0,0,0
42729,1,0,0,0,0
42730,1,0,0,0,0
42731,1,0,0,0,0
42732,1,0,0,0,0
42733,1,0,0,0,0
42734,0,0,0,0,1
42735,0,0,0,0,1
42736,0,0,0,0,1
42737,0,0,0,0,1
42738,0,0,0,0,1
42739,0,0,0,0,1
42740,0,0,0,0,1
42741,0,0,0,0,1
42742,0,0,0,0,1
42743,0,0,0,0,1
42744,0,0,0,0,1
42745,0,0,0,0,1
42746,0,0,0,0,1
42747,0,0,0,0,1
42748,0,0,0,0,1
42749,0,0,0,0,1
42750,0,0,0,0,1
42751,0,0,0,0,1
42752,0,0,0,0,1
42753,0,0,0,0,1
42754,0,0,0,0,1
42755,0,0,0,0,1
42756,0,0,0,0,1
42757,0,0,0,0,1
42758,0,0,0,0,1
42759,0,0,0,0,1
42760,0,0,0,0,1
42761,0,0,0,0,1
42762,0,0,0,0,1
42763,0,0,0,0,1
42764,0,0,0,0,1
42765,0,0,0,0,1
42766,0,0,0,0,1
42767,0,0,0,0,1
42768,0,0,0,0,1
42769,0,0,0,0,1
42770,0,0,0,0,1
42771,0,0,0,0,1
42772,0,0,0,0,1
42773,0,0,0,0,1
42774,0,0,0,0,1
42775,0,0,0,0,1
42776,0,0,0,0,1
42777,0,0,0,0,1
42778,0,0,0,0,1
42779,0,0,0,0,1
42780,0,0,0,0,1
42781,0,0,0,0,1
42782,0,0,0,0,1
42783,1,0,0,0,0
42784,1,0,0,0,0
42785,1,0,0,0,0
42786,1,0,0,0,0
42787,1,0,0,0,0
42788,1,0,0,0,0
42789,1,0,0,0,0
42790,1,0,0,0,0
42791,1,0,0,0,0
42792,1,0,0,0,0
42793,1,0,0,0,0
42794,1,0,0,0,0
42795,1,0,0,0,0
42796,1,0,0,0,0
42797,1,0,0,0,0
42798,1,0,0,0,0
42799,1,0,0,0,0
42800,1,0,0,0,0
42801,1,0,0,0,0
42802,1,0,0,0,0
42803,1,0,0,0,0
42804,1,0,0,0,0
42805,1,0,0,0,0
42806,1,0,0,0,0
42807,1,0,0,0,0
42808,1,0,0,0,0
42809,1,0,0,0,0
42810,1,0,0,0,0
42811,1,0,0,0,0
42812,1,0,0,0,0
42813,1,0,0,0,0
42814,1,0,0,0,0
42815,1,0,0,0,0
42816,1,0,0,0,0
42817,1,0,0,0,0
42818,1,0,0,0,0
42819,1,0,0,0,0
42820,1,0,0,0,0
42821,1,0,0,0,0
42822,1,0,0,0,0
42823,1,0,0,0,0
42824,1,0,0,0,0
42825,1,0,0,0,0
42826,1,0,0,0,0
42827,1,0,0,0,0
42828,1,0,0,0,0
42829,1,0,0,0,0
42830,1,0,0,0,0
42831,1,0,0,0,0
42832,1,0,0,0,0
42833,1,0,0,0,0
42834,1,0,0,0,0
42835,1,0,0,0,0
42836,1,0,0,0,0
42837,1,0,0,0,0
42838,1,0,0,0,0
42839,1,0,0,0,0
42840,1,0,0,0,0
42841,1,0,0,0,0
42842,1,0,0,0,0
42843,1,0,0,0,0
42844,1,0,0,0,0
42845,1,0,0,0,0
42846,1,0,0,0,0
42847,1,0,0,0,0
42848,1,0,0,0,0
42849,1,0,0,0,0
42850,1,0,0,0,0
42851,1,0,0,0,0
42852,1,0,0,0,0
42853,1,0,0,0,0
42854,1,0,0,0,0
42855,1,0,0,0,0
42856,1,0,0,0,0
42857,1,0,0,0,0
42858,1,0,0,0,0
42859,1,0,0,0,0
42860,1,0,0,0,0
42861,1,0,0,0,0
42862,1,0,0,0,0
42863,1,0,0,0,0
42864,1,0,0,0,0
42865,1,0,0,0,0
42866,1,0,0,0,0
42867,1,0,0,0,0
42868,1,0,0,0,0
42869,1,0,0,0,0
42870,1,0,0,0,0
42871,1,0,0,0,0
42872,1,0,0,0,0
42873,1,0,0,0,0
42874,1,0,0,0,0
42875,1,0,0,0,0
42876,1,0,0,0,0
42877,1,0,0,0,0
42878,1,0,0,0,0
42879,1,0,0,0,0
42880,1,0,0,0,0
42881,1,0,0,0,0
42882,1,0,0,0,0
42883,1,0,0,0,0
42884,1,0,0,0,0
42885,1,0,0,0,0
42886,1,0,0,0,0
42887,1,0,0,0,0
42888,1,0,0,0,0
42889,1,0,0,0,0
42890,1,0,0,0,0
42891,1,0,0,0,0
42892,1,0,0,0,0
42893,1,0,0,0,0
42894,1,0,0,0,0
42895,1,0,0,0,0
42896,1,0,0,0,0
42897,1,0,0,0,0
42898,1,0,0,0,0
42899,1,0,0,0,0
42900,1,0,0,0,0
42901,1,0,0,0,0
42902,1,0,0,0,0
42903,0,0,0,0,1
42904,0,0,0,0,1
42905,0,0,0,0,1
42906,0,0,0,0,1
42907,0,0,0,0,1
42908,0,0,0,0,1
42909,0,0,0,0,1
42910,0,0,0,0,1
42911,0,0,0,0,1
42912,0,0,0,0,1
42913,0,0,0,0,1
42914,0,0,0,0,1
42915,0,0,0,0,1
42916,0,0,0,0,1
42917,0,0,0,0,1
42918,0,0,0,0,1
42919,0,0,0,0,1
42920,0,0,0,0,1
42921,0,0,0,0,1
42922,0,0,0,0,1
42923,0,0,0,0,1
42924,0,0,0,0,1
42925,0,0,0,0,1
42926,1,0,0,0,0
42927,1,0,0,0,0
42928,1,0,0,0,0
42929,1,0,0,0,0
42930,0,0,0,1,0
42931,0,0,0,1,0
42932,0,0,0,1,0
42933,0,0,0,1,0
42934,0,0,0,1,0
42935,0,0,0,1,0
42936,0,0,0,1,0
42937,0,0,0,1,0
42938,0,0,0,1,0
42939,0,0,0,1,0
42940,0,0,0,1,0
42941,0,0,0,1,0
42942,0,0,0,1,0
42943,0,0,0,1,0
42944,0,0,0,1,0
42945,1,0,0,0,0
42946,1,0,0,0,0
42947,1,0,0,0,0
42948,1,0,0,0,0
42949,1,0,0,0,0
42950,1,0,0,0,0
42951,1,0,0,0,0
42952,1,0,0,0,0
42953,1,0,0,0,0
42954,1,0,0,0,0
42955,1,0,0,0,0
42956,1,0,0,0,0
42957,1,0,0,0,0
42958,1,0,0,0,0
42959,1,0,0,0,0
42960,1,0,0,0,0
42961,1,0,0,0,0
42962,1,0,0,0,0
42963,1,0,0,0,0
42964,1,0,0,0,0
42965,1,0,0,0,0
42966,1,0,0,0,0
42967,1,0,0,0,0
42968,1,0,0,0,0
42969,1,0,0,0,0
42970,1,0,0,0,0
42971,1,0,0,0,0
42972,1,0,0,0,0
42973,1,0,0,0,0
42974,1,0,0,0,0
42975,1,0,0,0,0
42976,1,0,0,0,0
42977,1,0,0,0,0
42978,1,0,0,0,0
42979,1,0,0,0,0
42980,1,0,0,0,0
42981,1,0,0,0,0
42982,1,0,0,0,0
42983,1,0,0,0,0
42984,1,0,0,0,0
42985,1,0,0,0,0
42986,1,0,0,0,0
42987,1,0,0,0,0
42988,1,0,0,0,0
42989,1,0,0,0,0
42990,1,0,0,0,0
42991,1,0,0,0,0
42992,1,0,0,0,0
42993,1,0,0,0,0
42994,1,0,0,0,0
42995,1,0,0,0,0
42996,1,0,0,0,0
42997,1,0,0,0,0
42998,1,0,0,0,0
42999,1,0,0,0,0
43000,1,0,0,0,0
43001,1,0,0,0,0
43002,0,0,1,0,0
43003,0,0,1,0,0
43004,0,0,1,0,0
43005,0,0,1,0,0
43006,0,0,1,0,0
43007,0,0,1,0,0
43008,0,0,1,0,0
43009,0,0,1,0,0
43010,0,0,1,0,0
43011,0,0,1,0,0
43012,0,0,1,0,0
43013,0,0,1,0,0
43014,0,0,1,0,0
43015,0,0,1,0,0
43016,0,0,1,0,0
43017,0,0,1,0,0
43018,0,0,1,0,0
43019,0,0,1,0,0
43020,0,0,1,0,0
43021,0,0,1,0,0
43022,0,0,1,0,0
43023,0,0,1,0,0
43024,0,0,1,0,0
43025,0,0,1,0,0
43026,0,0,1,0,0
43027,0,0,1,0,0
43028,0,0,1,0,0
43029,0,0,1,0,0
43030,1,0,0,0,0
43031,1,0,0,0,0
43032,1,0,0,0,0
43033,1,0,0,0,0
43034,1,0,0,0,0
43035,1,0,0,0,0
43036,1,0,0,0,0
43037,1,0,0,0,0
43038,1,0,0,0,0
43039,1,0,0,0,0
43040,1,0,0,0,0
43041,1,0,0,0,0
43042,1,0,0,0,0
43043,1,0,0,0,0
43044,1,0,0,0,0
43045,1,0,0,0,0
43046,1,0,0,0,0
43047,1,0,0,0,0
43048,1,0,0,0,0
43049,1,0,0,0,0
43050,0,0,1,0,0
43051,0,0,1,0,0
43052,0,0,1,0,0
43053,0,0,1,0,0
43054,0,0,1,0,0
43055,0,0,1,0,0
43056,0,0,1,0,0
43057,0,0,1,0,0
43058,0,0,1,0,0
43059,0,0,1,0,0
43060,0,0,1,0,0
43061,0,0,1,0,0
43062,0,0,1,0,0
43063,0,0,1,0,0
43064,0,0,1,0,0
43065,0,0,1,0,0
43066,0,0,1,0,0
43067,0,0,1,0,0
43068,0,0,1,0,0
43069,0,0,1,0,0
43070,0,0,1,0,0
43071,0,0,1,0,0
43072,0,0,1,0,0
43073,0,0,1,0,0
43074,0,0,1,0,0
43075,0,0,1,0,0
43076,0,0,1,0,0
43077,0,0,1,0,0
43078,0,0,1,0,0
43079,0,0,1,0,0
43080,0,0,1,0,0
43081,0,0,1,0,0
43082,0,0,1,0,0
43083,0,0,1,0,0
43084,0,0,1,0,0
43085,0,0,1,0,0
43086,0,0,1,0,0
43087,1,0,0,0,0
43088,1,0,0,0,0
43089,1,0,0,0,0
43090,1,0,0,0,0
43091,1,0,0,0,0
43092,1,0,0,0,0
43093,1,0,0,0,0
43094,1,0,0,0,0
43095,1,0,0,0,0
43096,1,0,0,0,0
43097,1,0,0,0,0
43098,1,0,0,0,0
43099,1,0,0,0,0
43100,1,0,0,0,0
43101,1,0,0,0,0
43102,1,0,0,0,0
43103,1,0,0,0,0
43104,1,0,0,0,0
43105,1,0,0,0,0
43106,1,0,0,0,0
43107,1,0,0,0,0
43108,1,0,0,0,0
43109,1,0,0,0,0
43110,1,0,0,0,0
43111,1,0,0,0,0
43112,1,0,0,0,0
43113,1,0,0,0,0
43114,1,0,0,0,0
43115,1,0,0,0,0
43116,1,0,0,0,0
43117,1,0,0,0,0
43118,1,0,0,0,0
43119,1,0,0,0,0
43120,1,0,0,0,0
43121,1,0,0,0,0
43122,1,0,0,0,0
43123,1,0,0,0,0
43124,1,0,0,0,0
43125,1,0,0,0,0
43126,1,0,0,0,0
43127,1,0,0,0,0
43128,1,0,0,0,0
43129,1,0,0,0,0
43130,1,0,0,0,0
43131,1,0,0,0,0
43132,1,0,0,0,0
43133,1,0,0,0,0
43134,1,0,0,0,0
43135,1,0,0,0,0
43136,1,0,0,0,0
43137,1,0,0,0,0
43138,1,0,0,0,0
43139,1,0,0,0,0
43140,1,0,0,0,0
43141,1,0,0,0,0
43142,1,0,0,0,0
43143,1,0,0,0,0
43144,1,0,0,0,0
43145,1,0,0,0,0
43146,1,0,0,0,0
43147,1,0,0,0,0
43148,1,0,0,0,0
43149,1,0,0,0,0
43150,1,0,0,0,0
43151,1,0,0,0,0
43152,1,0,0,0,0
43153,1,0,0,0,0
43154,1,0,0,0,0
43155,1,0,0,0,0
43156,1,0,0,0,0
43157,1,0,0,0,0
43158,1,0,0,0,0
43159,1,0,0,0,0
43160,1,0,0,0,0
43161,1,0,0,0,0
43162,1,0,0,0,0
43163,1,0,0,0,0
43164,1,0,0,0,0
43165,1,0,0,0,0
43166,1,0,0,0,0
43167,1,0,0,0,0
43168,1,0,0,0,0
43169,1,0,0,0,0
43170,1,0,0,0,0
43171,1,0,0,0,0
43172,1,0,0,0,0
43173,1,0,0,0,0
43174,1,0,0,0,0
43175,1,0,0,0,0
43176,1,0,0,0,0
43177,1,0,0,0,0
43178,1,0,0,0,0
43179,1,0,0,0,0
43180,1,0,0,0,0
43181,1,0,0,0,0
43182,1,0,0,0,0
43183,1,0,0,0,0
43184,1,0,0,0,0
43185,1,0,0,0,0
43186,1,0,0,0,0
43187,1,0,0,0,0
43188,1,0,0,0,0
43189,1,0,0,0,0
43190,1,0,0,0,0
43191,1,0,0,0,0
43192,1,0,0,0,0
43193,1,0,0,0,0
43194,1,0,0,0,0
43195,1,0,0,0,0
43196,1,0,0,0,0
43197,1,0,0,0,0
43198,1,0,0,0,0
43199,1,0,0,0,0
43200,1,0,0,0,0
43201,1,0,0,0,0
43202,1,0,0,0,0
43203,1,0,0,0,0
43204,1,0,0,0,0
43205,1,0,0,0,0
43206,1,0,0,0,0
43207,1,0,0,0,0
43208,1,0,0,0,0
43209,1,0,0,0,0
43210,1,0,0,0,0
43211,1,0,0,0,0
43212,1,0,0,0,0
43213,1,0,0,0,0
43214,1,0,0,0,0
43215,1,0,0,0,0
43216,1,0,0,0,0
43217,1,0,0,0,0
43218,1,0,0,0,0
43219,1,0,0,0,0
43220,1,0,0,0,0
43221,1,0,0,0,0
43222,1,0,0,0,0
43223,1,0,0,0,0
43224,1,0,0,0,0
43225,1,0,0,0,0
43226,1,0,0,0,0
43227,1,0,0,0,0
43228,1,0,0,0,0
43229,1,0,0,0,0
43230,1,0,0,0,0
43231,1,0,0,0,0
43232,1,0,0,0,0
43233,1,0,0,0,0
43234,1,0,0,0,0
43235,1,0,0,0,0
43236,1,0,0,0,0
43237,1,0,0,0,0
43238,1,0,0,0,0
43239,1,0,0,0,0
43240,1,0,0,0,0
43241,1,0,0,0,0
43242,1,0,0,0,0
43243,1,0,0,0,0
43244,1,0,0,0,0
43245,1,0,0,0,0
43246,1,0,0,0,0
43247,1,0,0,0,0
43248,1,0,0,0,0
43249,1,0,0,0,0
43250,1,0,0,0,0
43251,1,0,0,0,0
43252,1,0,0,0,0
43253,1,0,0,0,0
43254,1,0,0,0,0
43255,1,0,0,0,0
43256,1,0,0,0,0
43257,1,0,0,0,0
43258,1,0,0,0,0
43259,1,0,0,0,0
43260,1,0,0,0,0
43261,1,0,0,0,0
43262,1,0,0,0,0
43263,1,0,0,0,0
43264,1,0,0,0,0
43265,1,0,0,0,0
43266,1,0,0,0,0
43267,1,0,0,0,0
43268,1,0,0,0,0
43269,1,0,0,0,0
43270,1,0,0,0,0
43271,1,0,0,0,0
43272,0,0,0,0,1
43273,0,0,0,0,1
43274,0,0,0,0,1
43275,0,0,0,0,1
43276,0,0,0,0,1
43277,0,0,0,0,1
43278,0,0,0,0,1
43279,0,0,0,0,1
43280,0,0,0,0,1
43281,0,0,0,0,1
43282,0,0,0,0,1
43283,0,0,0,0,1
43284,0,0,0,0,1
43285,0,0,0,0,1
43286,0,0,0,0,1
43287,0,0,0,0,1
43288,0,0,0,0,1
43289,0,0,0,0,1
43290,0,0,0,0,1
43291,0,0,0,0,1
43292,0,0,0,0,1
43293,0,0,0,0,1
43294,0,0,0,0,1
43295,0,0,0,0,1
43296,0,0,0,0,1
43297,0,0,0,0,1
43298,0,0,0,0,1
43299,0,0,0,0,1
43300,0,0,0,0,1
43301,0,0,0,0,1
43302,0,0,0,0,1
43303,0,0,0,0,1
43304,0,0,0,0,1
43305,0,0,0,0,1
43306,0,0,0,0,1
43307,0,0,0,0,1
43308,0,0,0,0,1
43309,0,0,0,0,1
43310,0,0,0,0,1
43311,0,0,0,0,1
43312,0,0,0,0,1
43313,0,0,0,0,1
43314,0,0,0,0,1
43315,0,0,0,0,1
43316,0,0,0,0,1
43317,0,0,0,0,1
43318,1,0,0,0,0
43319,1,0,0,0,0
43320,1,0,0,0,0
43321,1,0,0,0,0
43322,1,0,0,0,0
43323,1,0,0,0,0
43324,1,0,0,0,0
43325,1,0,0,0,0
43326,1,0,0,0,0
43327,1,0,0,0,0
43328,1,0,0,0,0
43329,1,0,0,0,0
43330,1,0,0,0,0
43331,1,0,0,0,0
43332,1,0,0,0,0
43333,1,0,0,0,0
43334,1,0,0,0,0
43335,1,0,0,0,0
43336,1,0,0,0,0
43337,1,0,0,0,0
43338,1,0,0,0,0
43339,1,0,0,0,0
43340,1,0,0,0,0
43341,1,0,0,0,0
43342,1,0,0,0,0
43343,1,0,0,0,0
43344,1,0,0,0,0
43345,1,0,0,0,0
43346,1,0,0,0,0
43347,1,0,0,0,0
43348,1,0,0,0,0
43349,1,0,0,0,0
43350,1,0,0,0,0
43351,1,0,0,0,0
43352,1,0,0,0,0
43353,1,0,0,0,0
43354,1,0,0,0,0
43355,1,0,0,0,0
43356,1,0,0,0,0
43357,1,0,0,0,0
43358,1,0,0,0,0
43359,1,0,0,0,0
43360,1,0,0,0,0
43361,1,0,0,0,0
43362,1,0,0,0,0
43363,1,0,0,0,0
43364,1,0,0,0,0
43365,1,0,0,0,0
43366,1,0,0,0,0
43367,1,0,0,0,0
43368,1,0,0,0,0
43369,1,0,0,0,0
43370,1,0,0,0,0
43371,1,0,0,0,0
43372,1,0,0,0,0
43373,1,0,0,0,0
43374,1,0,0,0,0
43375,1,0,0,0,0
43376,1,0,0,0,0
43377,1,0,0,0,0
43378,1,0,0,0,0
43379,1,0,0,0,0
43380,1,0,0,0,0
43381,1,0,0,0,0
43382,1,0,0,0,0
43383,1,0,0,0,0
43384,1,0,0,0,0
43385,0,0,0,0,1
43386,0,0,0,0,1
43387,0,0,0,0,1
43388,0,0,0,0,1
43389,0,0,0,0,1
43390,0,0,0,0,1
43391,0,0,0,0,1
43392,0,0,0,0,1
43393,0,0,0,0,1
43394,0,0,0,0,1
43395,0,0,0,0,1
43396,0,0,0,0,1
43397,0,0,0,0,1
43398,0,0,0,0,1
43399,0,0,0,0,1
43400,0,0,0,0,1
43401,0,0,0,0,1
43402,0,0,0,0,1
43403,0,0,0,0,1
43404,0,0,0,0,1
43405,0,0,0,0,1
43406,0,0,0,0,1
43407,0,0,0,0,1
43408,1,0,0,0,0
43409,1,0,0,0,0
43410,1,0,0,0,0
43411,1,0,0,0,0
43412,1,0,0,0,0
43413,1,0,0,0,0
43414,1,0,0,0,0
43415,1,0,0,0,0
43416,1,0,0,0,0
43417,1,0,0,0,0
43418,1,0,0,0,0
43419,1,0,0,0,0
43420,1,0,0,0,0
43421,1,0,0,0,0
43422,1,0,0,0,0
43423,1,0,0,0,0
43424,1,0,0,0,0
43425,1,0,0,0,0
43426,1,0,0,0,0
43427,1,0,0,0,0
43428,1,0,0,0,0
43429,1,0,0,0,0
43430,1,0,0,0,0
43431,1,0,0,0,0
43432,1,0,0,0,0
43433,0,0,0,0,1
43434,0,0,0,0,1
43435,0,0,0,0,1
43436,0,0,0,0,1
43437,0,0,0,0,1
43438,0,0,0,0,1
43439,0,0,0,0,1
43440,0,0,0,0,1
43441,0,0,0,0,1
43442,0,0,0,0,1
43443,0,0,0,0,1
43444,0,0,0,0,1
43445,0,0,0,0,1
43446,0,0,0,0,1
43447,0,0,0,0,1
43448,0,0,0,0,1
43449,0,0,0,0,1
43450,0,0,0,0,1
43451,0,0,0,0,1
43452,0,0,0,0,1
43453,0,0,0,0,1
43454,0,0,0,0,1
43455,0,0,0,0,1
43456,0,0,0,0,1
43457,0,0,0,0,1
43458,0,0,0,0,1
43459,0,0,0,0,1
43460,0,0,0,0,1
43461,0,0,0,0,1
43462,0,0,0,0,1
43463,0,0,0,0,1
43464,0,0,0,0,1
43465,0,0,0,0,1
43466,0,0,0,0,1
43467,0,0,0,0,1
43468,0,0,0,0,1
43469,0,0,0,0,1
43470,0,0,0,0,1
43471,0,0,0,0,1
43472,0,0,0,0,1
43473,0,0,0,0,1
43474,0,0,0,0,1
43475,0,0,0,0,1
43476,0,0,0,0,1
43477,0,0,0,0,1
43478,0,0,0,0,1
43479,0,0,0,0,1
43480,0,0,0,0,1
43481,0,0,0,0,1
43482,0,0,0,0,1
43483,0,0,0,0,1
43484,0,0,0,0,1
43485,1,0,0,0,0
43486,1,0,0,0,0
43487,1,0,0,0,0
43488,1,0,0,0,0
43489,1,0,0,0,0
43490,1,0,0,0,0
43491,1,0,0,0,0
43492,1,0,0,0,0
43493,1,0,0,0,0
43494,1,0,0,0,0
43495,1,0,0,0,0
43496,1,0,0,0,0
43497,1,0,0,0,0
43498,1,0,0,0,0
43499,1,0,0,0,0
43500,1,0,0,0,0
43501,1,0,0,0,0
43502,1,0,0,0,0
43503,1,0,0,0,0
43504,1,0,0,0,0
43505,1,0,0,0,0
43506,1,0,0,0,0
43507,1,0,0,0,0
43508,1,0,0,0,0
43509,1,0,0,0,0
43510,1,0,0,0,0
43511,1,0,0,0,0
43512,1,0,0,0,0
43513,1,0,0,0,0
43514,1,0,0,0,0
43515,1,0,0,0,0
43516,1,0,0,0,0
43517,1,0,0,0,0
43518,1,0,0,0,0
43519,1,0,0,0,0
43520,1,0,0,0,0
43521,1,0,0,0,0
43522,1,0,0,0,0
43523,1,0,0,0,0
43524,1,0,0,0,0
43525,1,0,0,0,0
43526,1,0,0,0,0
43527,0,1,0,0,0
43528,0,1,0,0,0
43529,0,1,0,0,0
43530,0,1,0,0,0
43531,0,1,0,0,0
43532,0,1,0,0,0
43533,0,1,0,0,0
43534,0,1,0,0,0
43535,0,1,0,0,0
43536,0,1,0,0,0
43537,0,1,0,0,0
43538,0,1,0,0,0
43539,0,1,0,0,0
43540,0,1,0,0,0
43541,0,1,0,0,0
43542,0,1,0,0,0
43543,0,1,0,0,0
43544,0,1,0,0,0
43545,0,1,0,0,0
43546,0,1,0,0,0
43547,0,1,0,0,0
43548,0,1,0,0,0
43549,0,1,0,0,0
43550,0,1,0,0,0
43551,0,1,0,0,0
43552,0,1,0,0,0
43553,0,1,0,0,0
43554,0,1,0,0,0
43555,0,1,0,0,0
43556,0,1,0,0,0
43557,0,1,0,0,0
43558,0,1,0,0,0
43559,0,1,0,0,0
43560,0,1,0,0,0
43561,0,1,0,0,0
43562,0,1,0,0,0
43563,0,1,0,0,0
43564,0,1,0,0,0
43565,0,1,0,0,0
43566,0,1,0,0,0
43567,0,1,0,0,0
43568,0,1,0,0,0
43569,0,1,0,0,0
43570,1,0,0,0,0
43571,1,0,0,0,0
43572,1,0,0,0,0
43573,1,0,0,0,0
43574,1,0,0,0,0
43575,1,0,0,0,0
43576,1,0,0,0,0
43577,1,0,0,0,0
43578,1,0,0,0,0
43579,1,0,0,0,0
43580,1,0,0,0,0
43581,1,0,0,0,0
43582,1,0,0,0,0
43583,1,0,0,0,0
43584,1,0,0,0,0
43585,1,0,0,0,0
43586,1,0,0,0,0
43587,1,0,0,0,0
43588,1,0,0,0,0
43589,1,0,0,0,0
43590,1,0,0,0,0
43591,1,0,0,0,0
43592,1,0,0,0,0
43593,1,0,0,0,0
43594,1,0,0,0,0
43595,1,0,0,0,0
43596,1,0,0,0,0
43597,1,0,0,0,0
43598,1,0,0,0,0
43599,1,0,0,0,0
43600,1,0,0,0,0
43601,1,0,0,0,0
43602,1,0,0,0,0
43603,1,0,0,0,0
43604,1,0,0,0,0
43605,1,0,0,0,0
43606,1,0,0,0,0
43607,1,0,0,0,0
43608,1,0,0,0,0
43609,1,0,0,0,0
43610,1,0,0,0,0
43611,1,0,0,0,0
43612,1,0,0,0,0
43613,1,0,0,0,0
43614,1,0,0,0,0
43615,1,0,0,0,0
43616,1,0,0,0,0
43617,1,0,0,0,0
43618,1,0,0,0,0
43619,1,0,0,0,0
43620,1,0,0,0,0
43621,1,0,0,0,0
43622,1,0,0,0,0
43623,1,0,0,0,0
43624,1,0,0,0,0
43625,1,0,0,0,0
43626,1,0,0,0,0
43627,1,0,0,0,0
43628,1,0,0,0,0
43629,1,0,0,0,0
43630,1,0,0,0,0
43631,1,0,0,0,0
43632,1,0,0,0,0
43633,1,0,0,0,0
43634,1,0,0,0,0
43635,1,0,0,0,0
43636,1,0,0,0,0
43637,1,0,0,0,0
43638,1,0,0,0,0
43639,1,0,0,0,0
43640,1,0,0,0,0
43641,1,0,0,0,0
43642,1,0,0,0,0
43643,1,0,0,0,0
43644,1,0,0,0,0
43645,1,0,0,0,0
43646,1,0,0,0,0
43647,1,0,0,0,0
43648,1,0,0,0,0
43649,1,0,0,0,0
43650,1,0,0,0,0
43651,1,0,0,0,0
43652,1,0,0,0,0
43653,1,0,0,0,0
43654,1,0,0,0,0
43655,1,0,0,0,0
43656,1,0,0,0,0
43657,1,0,0,0,0
43658,1,0,0,0,0
43659,1,0,0,0,0
43660,1,0,0,0,0
43661,1,0,0,0,0
43662,1,0,0,0,0
43663,1,0,0,0,0
43664,1,0,0,0,0
43665,1,0,0,0,0
43666,1,0,0,0,0
43667,1,0,0,0,0
43668,1,0,0,0,0
43669,1,0,0,0,0
43670,1,0,0,0,0
43671,1,0,0,0,0
43672,1,0,0,0,0
43673,0,0,0,0,1
43674,0,0,0,0,1
43675,0,0,0,0,1
43676,0,0,0,0,1
43677,0,0,0,0,1
43678,0,0,0,0,1
43679,0,0,0,0,1
43680,0,0,0,0,1
43681,0,0,0,0,1
43682,0,0,0,0,1
43683,0,0,0,0,1
43684,0,0,0,0,1
43685,0,0,0,0,1
43686,0,0,0,0,1
43687,0,0,0,0,1
43688,0,0,0,0,1
43689,0,0,0,0,1
43690,0,0,0,0,1
43691,0,0,0,0,1
43692,0,0,0,0,1
43693,0,0,0,0,1
43694,0,0,0,0,1
43695,0,0,0,0,1
43696,0,0,0,0,1
43697,0,0,0,0,1
43698,0,0,0,0,1
43699,0,0,0,0,1
43700,0,0,0,0,1
43701,0,0,0,0,1
43702,0,0,0,0,1
43703,0,0,0,0,1
43704,0,0,0,0,1
43705,0,0,0,0,1
43706,0,0,0,0,1
43707,0,0,0,0,1
43708,0,0,0,0,1
43709,0,0,0,0,1
43710,0,0,0,0,1
43711,0,0,0,0,1
43712,0,0,0,0,1
43713,0,0,0,0,1
43714,0,0,0,0,1
43715,0,0,0,0,1
43716,0,0,0,0,1
43717,0,0,0,0,1
43718,0,0,0,0,1
43719,0,0,0,0,1
43720,0,0,0,0,1
43721,0,0,0,0,1
43722,0,0,0,0,1
43723,0,0,0,0,1
43724,0,0,0,0,1
43725,0,0,0,0,1
43726,0,0,0,0,1
43727,0,0,0,0,1
43728,0,0,0,0,1
43729,0,0,0,0,1
43730,0,0,0,0,1
43731,0,0,0,0,1
43732,0,0,0,0,1
43733,0,0,0,0,1
43734,0,0,0,0,1
43735,0,0,0,0,1
43736,0,0,0,0,1
43737,1,0,0,0,0
43738,1,0,0,0,0
43739,1,0,0,0,0
43740,1,0,0,0,0
43741,1,0,0,0,0
43742,1,0,0,0,0
43743,1,0,0,0,0
43744,1,0,0,0,0
43745,1,0,0,0,0
43746,1,0,0,0,0
43747,1,0,0,0,0
43748,1,0,0,0,0
43749,1,0,0,0,0
43750,1,0,0,0,0
43751,1,0,0,0,0
43752,1,0,0,0,0
43753,1,0,0,0,0
43754,1,0,0,0,0
43755,1,0,0,0,0
43756,1,0,0,0,0
43757,1,0,0,0,0
43758,1,0,0,0,0
43759,1,0,0,0,0
43760,1,0,0,0,0
43761,1,0,0,0,0
43762,1,0,0,0,0
43763,1,0,0,0,0
43764,1,0,0,0,0
43765,1,0,0,0,0
43766,1,0,0,0,0
43767,1,0,0,0,0
43768,1,0,0,0,0
43769,1,0,0,0,0
43770,1,0,0,0,0
43771,1,0,0,0,0
43772,1,0,0,0,0
43773,1,0,0,0,0
43774,1,0,0,0,0
43775,1,0,0,0,0
43776,1,0,0,0,0
43777,0,0,0,0,1
43778,0,0,0,0,1
43779,0,0,0,0,1
43780,0,0,0,0,1
43781,0,0,0,0,1
43782,0,0,0,0,1
43783,0,0,0,0,1
43784,0,0,0,0,1
43785,0,0,0,0,1
43786,0,0,0,0,1
43787,0,0,0,0,1
43788,0,0,0,0,1
43789,0,0,0,0,1
43790,0,0,0,0,1
43791,0,0,0,0,1
43792,0,0,0,0,1
43793,0,0,0,0,1
43794,0,0,0,0,1
43795,0,0,0,0,1
43796,0,0,0,0,1
43797,0,0,0,0,1
43798,0,0,0,0,1
43799,0,0,0,0,1
43800,0,0,0,0,1
43801,0,0,0,0,1
43802,0,0,0,0,1
43803,0,0,0,0,1
43804,0,0,0,0,1
43805,0,0,0,0,1
43806,0,0,0,0,1
43807,0,0,0,0,1
43808,0,0,0,0,1
43809,0,0,0,0,1
43810,0,0,0,0,1
43811,0,0,0,0,1
43812,0,0,0,0,1
43813,0,0,0,0,1
43814,0,0,0,0,1
43815,0,0,0,0,1
43816,0,0,0,0,1
43817,0,0,0,0,1
43818,0,0,0,0,1
43819,0,0,0,0,1
43820,0,0,0,0,1
43821,0,0,0,0,1
43822,0,0,0,0,1
43823,0,0,0,0,1
43824,0,0,0,0,1
43825,0,0,0,0,1
43826,0,0,0,0,1
43827,0,0,0,0,1
43828,0,0,0,0,1
43829,0,0,0,0,1
43830,1,0,0,0,0
43831,1,0,0,0,0
43832,1,0,0,0,0
43833,1,0,0,0,0
43834,1,0,0,0,0
43835,1,0,0,0,0
43836,1,0,0,0,0
43837,1,0,0,0,0
43838,1,0,0,0,0
43839,1,0,0,0,0
43840,1,0,0,0,0
43841,1,0,0,0,0
43842,1,0,0,0,0
43843,1,0,0,0,0
43844,1,0,0,0,0
43845,1,0,0,0,0
43846,1,0,0,0,0
43847,1,0,0,0,0
43848,1,0,0,0,0
43849,1,0,0,0,0
43850,1,0,0,0,0
43851,1,0,0,0,0
43852,1,0,0,0,0
43853,1,0,0,0,0
43854,1,0,0,0,0
43855,1,0,0,0,0
43856,1,0,0,0,0
43857,1,0,0,0,0
43858,1,0,0,0,0
43859,1,0,0,0,0
43860,1,0,0,0,0
43861,1,0,0,0,0
43862,1,0,0,0,0
43863,1,0,0,0,0
43864,1,0,0,0,0
43865,1,0,0,0,0
43866,1,0,0,0,0
43867,1,0,0,0,0
43868,1,0,0,0,0
43869,1,0,0,0,0
43870,1,0,0,0,0
43871,1,0,0,0,0
43872,1,0,0,0,0
43873,1,0,0,0,0
43874,1,0,0,0,0
43875,1,0,0,0,0
43876,1,0,0,0,0
43877,1,0,0,0,0
43878,1,0,0,0,0
43879,1,0,0,0,0
43880,1,0,0,0,0
43881,1,0,0,0,0
43882,1,0,0,0,0
43883,1,0,0,0,0
43884,1,0,0,0,0
43885,1,0,0,0,0
43886,1,0,0,0,0
43887,1,0,0,0,0
43888,1,0,0,0,0
43889,1,0,0,0,0
43890,1,0,0,0,0
43891,1,0,0,0,0
43892,1,0,0,0,0
43893,1,0,0,0,0
43894,1,0,0,0,0
43895,1,0,0,0,0
43896,1,0,0,0,0
43897,1,0,0,0,0
43898,1,0,0,0,0
43899,1,0,0,0,0
43900,1,0,0,0,0
43901,1,0,0,0,0
43902,1,0,0,0,0
43903,1,0,0,0,0
43904,1,0,0,0,0
43905,1,0,0,0,0
43906,1,0,0,0,0
43907,1,0,0,0,0
43908,1,0,0,0,0
43909,1,0,0,0,0
43910,1,0,0,0,0
43911,1,0,0,0,0
43912,1,0,0,0,0
43913,1,0,0,0,0
43914,1,0,0,0,0
43915,1,0,0,0,0
43916,1,0,0,0,0
43917,1,0,0,0,0
43918,1,0,0,0,0
43919,1,0,0,0,0
43920,1,0,0,0,0
43921,1,0,0,0,0
43922,1,0,0,0,0
43923,1,0,0,0,0
43924,1,0,0,0,0
43925,1,0,0,0,0
43926,1,0,0,0,0
43927,1,0,0,0,0
43928,0,1,0,0,0
43929,0,1,0,0,0
43930,0,1,0,0,0
43931,0,1,0,0,0
43932,0,1,0,0,0
43933,0,1,0,0,0
43934,0,1,0,0,0
43935,0,1,0,0,0
43936,0,1,0,0,0
43937,0,1,0,0,0
43938,0,1,0,0,0
43939,0,1,0,0,0
43940,0,1,0,0,0
43941,0,1,0,0,0
43942,0,1,0,0,0
43943,0,1,0,0,0
43944,0,1,0,0,0
43945,0,1,0,0,0
43946,0,1,0,0,0
43947,0,1,0,0,0
43948,0,1,0,0,0
43949,0,1,0,0,0
43950,0,1,0,0,0
43951,0,1,0,0,0
43952,0,1,0,0,0
43953,0,1,0,0,0
43954,0,1,0,0,0
43955,0,1,0,0,0
43956,0,1,0,0,0
43957,0,1,0,0,0
43958,0,1,0,0,0
43959,0,1,0,0,0
43960,0,1,0,0,0
43961,0,1,0,0,0
43962,0,1,0,0,0
43963,0,1,0,0,0
43964,0,1,0,0,0
43965,0,1,0,0,0
43966,0,1,0,0,0
43967,0,1,0,0,0
43968,0,1,0,0,0
43969,0,1,0,0,0
43970,0,1,0,0,0
43971,0,1,0,0,0
43972,0,1,0,0,0
43973,0,1,0,0,0
43974,1,0,0,0,0
43975,1,0,0,0,0
43976,1,0,0,0,0
43977,1,0,0,0,0
43978,1,0,0,0,0
43979,1,0,0,0,0
43980,1,0,0,0,0
43981,1,0,0,0,0
43982,1,0,0,0,0
43983,1,0,0,0,0
43984,1,0,0,0,0
43985,0,0,0,0,1
43986,0,0,0,0,1
43987,0,0,0,0,1
43988,0,0,0,0,1
43989,0,0,0,0,1
43990,0,0,0,0,1
43991,0,0,0,0,1
43992,0,0,0,0,1
43993,0,0,0,0,1
43994,0,0,0,0,1
43995,0,0,0,0,1
43996,0,0,0,0,1
43997,0,0,0,0,1
43998,0,0,0,0,1
43999,0,0,0,0,1
44000,0,0,0,0,1
44001,0,0,0,0,1
44002,0,0,0,0,1
44003,0,0,0,0,1
44004,0,0,0,0,1
44005,0,0,0,0,1
44006,0,0,0,0,1
44007,0,0,0,0,1
44008,0,0,0,0,1
44009,0,0,0,0,1
44010,0,0,0,0,1
44011,0,0,0,0,1
44012,0,0,0,0,1
44013,0,0,0,0,1
44014,0,0,0,0,1
44015,0,0,0,0,1
44016,0,0,0,0,1
44017,0,0,0,0,1
44018,0,0,0,0,1
44019,0,0,0,0,1
44020,0,0,0,0,1
44021,0,0,0,0,1
44022,0,0,0,0,1
44023,0,0,0,0,1
44024,0,0,0,0,1
44025,0,0,0,0,1
44026,0,0,0,0,1
44027,0,0,0,0,1
44028,0,0,0,0,1
44029,0,0,0,0,1
44030,0,0,0,0,1
44031,0,0,0,0,1
44032,0,0,0,0,1
44033,0,0,0,0,1
44034,0,0,0,0,1
44035,0,0,0,0,1
44036,0,0,0,0,1
44037,0,0,0,0,1
44038,0,0,0,0,1
44039,0,0,0,0,1
44040,0,0,0,0,1
44041,0,0,0,0,1
44042,0,0,0,0,1
44043,0,0,0,0,1
44044,0,0,0,0,1
44045,0,0,0,0,1
44046,0,0,0,0,1
44047,0,0,0,0,1
44048,0,0,0,0,1
44049,0,0,0,0,1
44050,0,0,0,0,1
44051,0,0,0,0,1
44052,0,0,0,0,1
44053,0,0,0,0,1
44054,0,0,0,0,1
44055,0,0,0,0,1
44056,0,0,0,0,1
44057,0,0,0,0,1
44058,0,0,0,0,1
44059,0,0,0,0,1
44060,0,0,0,0,1
44061,0,0,0,0,1
44062,0,0,0,0,1
44063,0,0,0,0,1
44064,0,0,0,0,1
44065,0,0,0,0,1
44066,0,0,0,0,1
44067,0,0,0,0,1
44068,0,0,0,0,1
44069,0,0,0,0,1
44070,0,0,0,0,1
44071,0,0,0,0,1
44072,0,0,0,0,1
44073,0,0,0,0,1
44074,0,0,0,0,1
44075,0,0,0,0,1
44076,0,0,0,0,1
44077,0,0,0,0,1
44078,0,0,0,0,1
44079,0,0,0,0,1
44080,0,0,0,0,1
44081,0,0,0,0,1
44082,1,0,0,0,0
44083,1,0,0,0,0
44084,1,0,0,0,0
44085,1,0,0,0,0
44086,1,0,0,0,0
44087,1,0,0,0,0
44088,1,0,0,0,0
44089,1,0,0,0,0
44090,1,0,0,0,0
44091,1,0,0,0,0
44092,1,0,0,0,0
44093,1,0,0,0,0
44094,1,0,0,0,0
44095,1,0,0,0,0
44096,1,0,0,0,0
44097,1,0,0,0,0
44098,1,0,0,0,0
44099,1,0,0,0,0
44100,1,0,0,0,0
44101,1,0,0,0,0
44102,1,0,0,0,0
44103,1,0,0,0,0
44104,1,0,0,0,0
44105,1,0,0,0,0
44106,1,0,0,0,0
44107,1,0,0,0,0
44108,1,0,0,0,0
44109,1,0,0,0,0
44110,1,0,0,0,0
44111,1,0,0,0,0
44112,1,0,0,0,0
44113,1,0,0,0,0
44114,1,0,0,0,0
44115,1,0,0,0,0
44116,1,0,0,0,0
44117,1,0,0,0,0
44118,1,0,0,0,0
44119,1,0,0,0,0
44120,1,0,0,0,0
44121,1,0,0,0,0
44122,1,0,0,0,0
44123,1,0,0,0,0
44124,1,0,0,0,0
44125,1,0,0,0,0
44126,1,0,0,0,0
44127,1,0,0,0,0
44128,1,0,0,0,0
44129,1,0,0,0,0
44130,1,0,0,0,0
44131,1,0,0,0,0
44132,1,0,0,0,0
44133,1,0,0,0,0
44134,1,0,0,0,0
44135,1,0,0,0,0
44136,1,0,0,0,0
44137,1,0,0,0,0
44138,1,0,0,0,0
44139,1,0,0,0,0
44140,1,0,0,0,0
44141,1,0,0,0,0
44142,1,0,0,0,0
44143,1,0,0,0,0
44144,1,0,0,0,0
44145,1,0,0,0,0
44146,1,0,0,0,0
44147,1,0,0,0,0
44148,1,0,0,0,0
44149,1,0,0,0,0
44150,1,0,0,0,0
44151,1,0,0,0,0
44152,1,0,0,0,0
44153,1,0,0,0,0
44154,1,0,0,0,0
44155,1,0,0,0,0
44156,1,0,0,0,0
44157,1,0,0,0,0
44158,1,0,0,0,0
44159,1,0,0,0,0
44160,1,0,0,0,0
44161,1,0,0,0,0
44162,1,0,0,0,0
44163,1,0,0,0,0
44164,1,0,0,0,0
44165,1,0,0,0,0
44166,1,0,0,0,0
44167,1,0,0,0,0
44168,1,0,0,0,0
44169,1,0,0,0,0
44170,1,0,0,0,0
44171,1,0,0,0,0
44172,1,0,0,0,0
44173,1,0,0,0,0
44174,1,0,0,0,0
44175,1,0,0,0,0
44176,1,0,0,0,0
44177,1,0,0,0,0
44178,1,0,0,0,0
44179,1,0,0,0,0
44180,1,0,0,0,0
44181,1,0,0,0,0
44182,1,0,0,0,0
44183,1,0,0,0,0
44184,1,0,0,0,0
44185,1,0,0,0,0
44186,1,0,0,0,0
44187,1,0,0,0,0
44188,1,0,0,0,0
44189,1,0,0,0,0
44190,1,0,0,0,0
44191,1,0,0,0,0
44192,1,0,0,0,0
44193,1,0,0,0,0
44194,1,0,0,0,0
44195,1,0,0,0,0
44196,1,0,0,0,0
44197,1,0,0,0,0
44198,1,0,0,0,0
44199,1,0,0,0,0
44200,1,0,0,0,0
44201,1,0,0,0,0
44202,1,0,0,0,0
44203,1,0,0,0,0
44204,1,0,0,0,0
44205,1,0,0,0,0
44206,1,0,0,0,0
44207,1,0,0,0,0
44208,1,0,0,0,0
44209,1,0,0,0,0
44210,1,0,0,0,0
44211,1,0,0,0,0
44212,1,0,0,0,0
44213,1,0,0,0,0
44214,1,0,0,0,0
44215,1,0,0,0,0
44216,1,0,0,0,0
44217,1,0,0,0,0
44218,0,1,0,0,0
44219,0,1,0,0,0
44220,0,1,0,0,0
44221,0,1,0,0,0
44222,0,1,0,0,0
44223,0,1,0,0,0
44224,0,1,0,0,0
44225,0,1,0,0,0
44226,0,1,0,0,0
44227,0,1,0,0,0
44228,0,1,0,0,0
44229,0,1,0,0,0
44230,0,1,0,0,0
44231,0,1,0,0,0
44232,0,1,0,0,0
44233,0,1,0,0,0
44234,0,1,0,0,0
44235,0,1,0,0,0
44236,0,1,0,0,0
44237,0,1,0,0,0
44238,0,1,0,0,0
44239,0,1,0,0,0
44240,0,1,0,0,0
44241,0,1,0,0,0
44242,0,1,0,0,0
44243,0,1,0,0,0
44244,0,1,0,0,0
44245,0,1,0,0,0
44246,0,1,0,0,0
44247,0,1,0,0,0
44248,0,1,0,0,0
44249,0,1,0,0,0
44250,0,1,0,0,0
44251,0,1,0,0,0
44252,0,1,0,0,0
44253,0,1,0,0,0
44254,0,1,0,0,0
44255,0,1,0,0,0
44256,1,0,0,0,0
44257,1,0,0,0,0
44258,1,0,0,0,0
44259,1,0,0,0,0
44260,1,0,0,0,0
44261,1,0,0,0,0
44262,1,0,0,0,0
44263,1,0,0,0,0
44264,1,0,0,0,0
44265,1,0,0,0,0
44266,1,0,0,0,0
44267,1,0,0,0,0
44268,1,0,0,0,0
44269,1,0,0,0,0
44270,1,0,0,0,0
44271,1,0,0,0,0
44272,1,0,0,0,0
44273,1,0,0,0,0
44274,1,0,0,0,0
44275,1,0,0,0,0
44276,1,0,0,0,0
44277,1,0,0,0,0
44278,1,0,0,0,0
44279,1,0,0,0,0
44280,1,0,0,0,0
44281,1,0,0,0,0
44282,1,0,0,0,0
44283,1,0,0,0,0
44284,1,0,0,0,0
44285,1,0,0,0,0
44286,1,0,0,0,0
44287,1,0,0,0,0
44288,1,0,0,0,0
44289,1,0,0,0,0
44290,1,0,0,0,0
44291,1,0,0,0,0
44292,1,0,0,0,0
44293,1,0,0,0,0
44294,1,0,0,0,0
44295,1,0,0,0,0
44296,1,0,0,0,0
44297,1,0,0,0,0
44298,1,0,0,0,0
44299,1,0,0,0,0
44300,1,0,0,0,0
44301,1,0,0,0,0
44302,1,0,0,0,0
44303,1,0,0,0,0
44304,1,0,0,0,0
44305,1,0,0,0,0
44306,1,0,0,0,0
44307,1,0,0,0,0
44308,1,0,0,0,0
44309,1,0,0,0,0
44310,1,0,0,0,0
44311,1,0,0,0,0
44312,1,0,0,0,0
44313,1,0,0,0,0
44314,1,0,0,0,0
44315,1,0,0,0,0
44316,1,0,0,0,0
44317,1,0,0,0,0
44318,1,0,0,0,0
44319,1,0,0,0,0
44320,1,0,0,0,0
44321,1,0,0,0,0
44322,0,0,0,0,1
44323,0,0,0,0,1
44324,0,0,0,0,1
44325,0,0,0,0,1
44326,0,0,0,0,1
44327,0,0,0,0,1
44328,0,0,0,0,1
44329,0,0,0,0,1
44330,0,0,0,0,1
44331,0,0,0,0,1
44332,0,0,0,0,1
44333,0,0,0,0,1
44334,0,0,0,0,1
44335,0,0,0,0,1
44336,0,0,0,0,1
44337,0,0,0,0,1
44338,0,0,0,0,1
44339,0,0,0,0,1
44340,0,0,0,0,1
44341,0,0,0,0,1
44342,0,0,0,0,1
44343,0,0,0,0,1
44344,0,0,0,0,1
44345,0,0,0,0,1
44346,0,0,0,0,1
44347,0,0,0,0,1
44348,0,0,0,0,1
44349,0,0,0,0,1
44350,0,0,0,0,1
44351,0,0,0,0,1
44352,0,0,0,0,1
44353,0,0,0,0,1
44354,0,0,0,0,1
44355,0,0,0,0,1
44356,0,0,0,0,1
44357,0,0,0,0,1
44358,0,0,0,0,1
44359,0,0,0,0,1
44360,0,0,0,0,1
44361,0,0,0,0,1
44362,0,0,0,0,1
44363,0,0,0,0,1
44364,0,0,0,0,1
44365,0,0,0,0,1
44366,0,0,0,0,1
44367,0,0,0,0,1
44368,0,0,0,0,1
44369,0,0,0,0,1
44370,0,0,0,0,1
44371,0,0,0,0,1
44372,0,0,0,0,1
44373,0,0,0,0,1
44374,0,0,0,0,1
44375,0,0,0,0,1
44376,0,0,0,0,1
44377,0,0,0,0,1
44378,0,0,0,0,1
44379,0,0,0,0,1
44380,0,0,0,0,1
44381,0,0,0,0,1
44382,0,0,0,0,1
44383,0,0,0,0,1
44384,0,0,0,0,1
44385,0,0,0,0,1
44386,0,0,0,0,1
44387,0,0,0,0,1
44388,0,0,0,0,1
44389,0,0,0,0,1
44390,0,0,0,0,1
44391,0,0,0,0,1
44392,0,0,0,0,1
44393,0,0,0,0,1
44394,0,0,0,0,1
44395,0,0,0,0,1
44396,0,0,0,0,1
44397,0,0,0,0,1
44398,0,0,0,0,1
44399,0,0,0,0,1
44400,0,0,0,0,1
44401,0,0,0,0,1
44402,0,0,0,0,1
44403,0,0,0,0,1
44404,0,0,0,0,1
44405,0,0,0,0,1
44406,0,0,0,0,1
44407,0,0,0,0,1
44408,0,0,0,0,1
44409,0,0,0,0,1
44410,0,0,0,0,1
44411,0,0,0,0,1
44412,0,0,0,0,1
44413,0,0,0,0,1
44414,0,0,0,0,1
44415,1,0,0,0,0
44416,1,0,0,0,0
44417,1,0,0,0,0
44418,1,0,0,0,0
44419,1,0,0,0,0
44420,1,0,0,0,0
44421,1,0,0,0,0
44422,1,0,0,0,0
44423,1,0,0,0,0
44424,1,0,0,0,0
44425,1,0,0,0,0
44426,1,0,0,0,0
44427,1,0,0,0,0
44428,1,0,0,0,0
44429,1,0,0,0,0
44430,1,0,0,0,0
44431,1,0,0,0,0
44432,1,0,0,0,0
44433,1,0,0,0,0
44434,1,0,0,0,0
44435,1,0,0,0,0
44436,1,0,0,0,0
44437,1,0,0,0,0
44438,1,0,0,0,0
44439,1,0,0,0,0
44440,1,0,0,0,0
44441,1,0,0,0,0
44442,1,0,0,0,0
44443,1,0,0,0,0
44444,1,0,0,0,0
44445,1,0,0,0,0
44446,1,0,0,0,0
44447,1,0,0,0,0
44448,1,0,0,0,0
44449,1,0,0,0,0
44450,1,0,0,0,0
44451,1,0,0,0,0
44452,1,0,0,0,0
44453,1,0,0,0,0
44454,1,0,0,0,0
44455,1,0,0,0,0
44456,1,0,0,0,0
44457,1,0,0,0,0
44458,1,0,0,0,0
44459,1,0,0,0,0
44460,1,0,0,0,0
44461,1,0,0,0,0
44462,1,0,0,0,0
44463,1,0,0,0,0
44464,1,0,0,0,0
44465,1,0,0,0,0
44466,1,0,0,0,0
44467,1,0,0,0,0
44468,1,0,0,0,0
44469,1,0,0,0,0
44470,1,0,0,0,0
44471,1,0,0,0,0
44472,1,0,0,0,0
44473,1,0,0,0,0
44474,1,0,0,0,0
44475,1,0,0,0,0
44476,1,0,0,0,0
44477,1,0,0,0,0
44478,1,0,0,0,0
44479,1,0,0,0,0
44480,1,0,0,0,0
44481,1,0,0,0,0
44482,1,0,0,0,0
44483,1,0,0,0,0
44484,1,0,0,0,0
44485,1,0,0,0,0
44486,1,0,0,0,0
44487,1,0,0,0,0
44488,1,0,0,0,0
44489,1,0,0,0,0
44490,1,0,0,0,0
44491,1,0,0,0,0
44492,1,0,0,0,0
44493,1,0,0,0,0
44494,1,0,0,0,0
44495,1,0,0,0,0
44496,1,0,0,0,0
44497,1,0,0,0,0
44498,1,0,0,0,0
44499,1,0,0,0,0
44500,1,0,0,0,0
44501,1,0,0,0,0
44502,1,0,0,0,0
44503,1,0,0,0,0
44504,1,0,0,0,0
44505,1,0,0,0,0
44506,1,0,0,0,0
44507,1,0,0,0,0
44508,1,0,0,0,0
44509,1,0,0,0,0
44510,1,0,0,0,0
44511,1,0,0,0,0
44512,1,0,0,0,0
44513,1,0,0,0,0
44514,1,0,0,0,0
44515,1,0,0,0,0
44516,1,0,0,0,0
44517,1,0,0,0,0
44518,1,0,0,0,0
44519,1,0,0,0,0
44520,1,0,0,0,0
44521,1,0,0,0,0
44522,1,0,0,0,0
44523,1,0,0,0,0
44524,1,0,0,0,0
44525,1,0,0,0,0
44526,1,0,0,0,0
44527,1,0,0,0,0
44528,1,0,0,0,0
44529,1,0,0,0,0
44530,1,0,0,0,0
44531,1,0,0,0,0
44532,1,0,0,0,0
44533,1,0,0,0,0
44534,1,0,0,0,0
44535,1,0,0,0,0
44536,1,0,0,0,0
44537,1,0,0,0,0
44538,1,0,0,0,0
44539,1,0,0,0,0
44540,1,0,0,0,0
44541,1,0,0,0,0
44542,1,0,0,0,0
44543,1,0,0,0,0
44544,1,0,0,0,0
44545,1,0,0,0,0
44546,1,0,0,0,0
44547,1,0,0,0,0
44548,1,0,0,0,0
44549,1,0,0,0,0
44550,1,0,0,0,0
44551,1,0,0,0,0
44552,1,0,0,0,0
44553,1,0,0,0,0
44554,1,0,0,0,0
44555,1,0,0,0,0
44556,1,0,0,0,0
44557,1,0,0,0,0
44558,1,0,0,0,0
44559,1,0,0,0,0
44560,1,0,0,0,0
44561,1,0,0,0,0
44562,1,0,0,0,0
44563,1,0,0,0,0
44564,1,0,0,0,0
44565,1,0,0,0,0
44566,1,0,0,0,0
44567,1,0,0,0,0
44568,1,0,0,0,0
44569,1,0,0,0,0
44570,1,0,0,0,0
44571,1,0,0,0,0
44572,1,0,0,0,0
44573,1,0,0,0,0
44574,1,0,0,0,0
44575,1,0,0,0,0
44576,1,0,0,0,0
44577,1,0,0,0,0
44578,1,0,0,0,0
44579,1,0,0,0,0
44580,1,0,0,0,0
44581,1,0,0,0,0
44582,1,0,0,0,0
44583,1,0,0,0,0
44584,1,0,0,0,0
44585,1,0,0,0,0
44586,1,0,0,0,0
44587,1,0,0,0,0
44588,1,0,0,0,0
44589,1,0,0,0,0
44590,1,0,0,0,0
44591,1,0,0,0,0
44592,1,0,0,0,0
44593,1,0,0,0,0
44594,1,0,0,0,0
44595,1,0,0,0,0
44596,1,0,0,0,0
44597,1,0,0,0,0
44598,1,0,0,0,0
44599,1,0,0,0,0
44600,1,0,0,0,0
44601,1,0,0,0,0
44602,1,0,0,0,0
44603,1,0,0,0,0
44604,1,0,0,0,0
44605,1,0,0,0,0
44606,1,0,0,0,0
44607,1,0,0,0,0
44608,1,0,0,0,0
44609,1,0,0,0,0
44610,1,0,0,0,0
44611,1,0,0,0,0
44612,1,0,0,0,0
44613,1,0,0,0,0
44614,1,0,0,0,0
44615,1,0,0,0,0
44616,1,0,0,0,0
44617,1,0,0,0,0
44618,1,0,0,0,0
44619,1,0,0,0,0
44620,1,0,0,0,0
44621,1,0,0,0,0
44622,1,0,0,0,0
44623,1,0,0,0,0
44624,1,0,0,0,0
44625,1,0,0,0,0
44626,1,0,0,0,0
44627,1,0,0,0,0
44628,1,0,0,0,0
44629,1,0,0,0,0
44630,1,0,0,0,0
44631,1,0,0,0,0
44632,1,0,0,0,0
44633,1,0,0,0,0
44634,1,0,0,0,0
44635,1,0,0,0,0
44636,1,0,0,0,0
44637,1,0,0,0,0
44638,1,0,0,0,0
44639,1,0,0,0,0
44640,1,0,0,0,0
44641,1,0,0,0,0
44642,1,0,0,0,0
44643,1,0,0,0,0
44644,1,0,0,0,0
44645,1,0,0,0,0
44646,1,0,0,0,0
44647,1,0,0,0,0
44648,1,0,0,0,0
44649,1,0,0,0,0
44650,1,0,0,0,0
44651,1,0,0,0,0
44652,1,0,0,0,0
44653,1,0,0,0,0
44654,1,0,0,0,0
44655,1,0,0,0,0
44656,1,0,0,0,0
44657,1,0,0,0,0
44658,1,0,0,0,0
44659,1,0,0,0,0
44660,1,0,0,0,0
44661,1,0,0,0,0
44662,1,0,0,0,0
44663,1,0,0,0,0
44664,1,0,0,0,0
44665,1,0,0,0,0
44666,1,0,0,0,0
44667,1,0,0,0,0
44668,1,0,0,0,0
44669,1,0,0,0,0
44670,1,0,0,0,0
44671,1,0,0,0,0
44672,1,0,0,0,0
44673,1,0,0,0,0
44674,1,0,0,0,0
44675,1,0,0,0,0
44676,1,0,0,0,0
44677,1,0,0,0,0
44678,1,0,0,0,0
44679,1,0,0,0,0
44680,1,0,0,0,0
44681,1,0,0,0,0
44682,1,0,0,0,0
44683,1,0,0,0,0
44684,1,0,0,0,0
44685,1,0,0,0,0
44686,1,0,0,0,0
44687,1,0,0,0,0
44688,1,0,0,0,0
44689,1,0,0,0,0
44690,1,0,0,0,0
44691,1,0,0,0,0
44692,1,0,0,0,0
44693,1,0,0,0,0
44694,1,0,0,0,0
44695,1,0,0,0,0
44696,1,0,0,0,0
44697,1,0,0,0,0
44698,1,0,0,0,0
44699,1,0,0,0,0
44700,1,0,0,0,0
44701,1,0,0,0,0
44702,1,0,0,0,0
44703,1,0,0,0,0
44704,1,0,0,0,0
44705,1,0,0,0,0
44706,1,0,0,0,0
44707,1,0,0,0,0
44708,1,0,0,0,0
44709,1,0,0,0,0
44710,1,0,0,0,0
44711,1,0,0,0,0
44712,1,0,0,0,0
44713,1,0,0,0,0
44714,1,0,0,0,0
44715,1,0,0,0,0
44716,1,0,0,0,0
44717,1,0,0,0,0
44718,1,0,0,0,0
44719,1,0,0,0,0
44720,1,0,0,0,0
44721,1,0,0,0,0
44722,1,0,0,0,0
44723,1,0,0,0,0
44724,1,0,0,0,0
44725,1,0,0,0,0
44726,1,0,0,0,0
44727,1,0,0,0,0
44728,1,0,0,0,0
44729,1,0,0,0,0
44730,1,0,0,0,0
44731,1,0,0,0,0
44732,1,0,0,0,0
44733,1,0,0,0,0
44734,1,0,0,0,0
44735,1,0,0,0,0
44736,1,0,0,0,0
44737,1,0,0,0,0
44738,1,0,0,0,0
44739,1,0,0,0,0
44740,0,0,0,0,1
44741,0,0,0,0,1
44742,0,0,0,0,1
44743,0,0,0,0,1
44744,0,0,0,0,1
44745,0,0,0,0,1
44746,0,0,0,0,1
44747,0,0,0,0,1
44748,0,0,0,0,1
44749,0,0,0,0,1
44750,0,0,0,0,1
44751,0,0,0,0,1
44752,0,0,0,0,1
44753,0,0,0,0,1
44754,0,0,0,0,1
44755,0,0,0,0,1
44756,0,0,0,0,1
44757,0,0,0,0,1
44758,0,0,0,0,1
44759,0,0,0,0,1
44760,0,0,0,0,1
44761,0,0,0,0,1
44762,0,0,0,0,1
44763,0,0,0,0,1
44764,0,0,0,0,1
44765,0,0,0,0,1
44766,0,0,0,0,1
44767,0,0,0,0,1
44768,0,0,0,0,1
44769,0,0,0,0,1
44770,0,0,0,0,1
44771,0,0,0,0,1
44772,0,0,0,0,1
44773,0,0,0,0,1
44774,0,0,0,0,1
44775,0,0,0,0,1
44776,0,0,0,0,1
44777,0,0,0,0,1
44778,0,0,0,0,1
44779,0,0,0,0,1
44780,0,0,0,0,1
44781,0,0,0,0,1
44782,0,0,0,0,1
44783,0,0,0,0,1
44784,0,0,0,0,1
44785,0,0,0,0,1
44786,0,0,0,0,1
44787,0,0,0,0,1
44788,0,0,0,0,1
44789,0,0,0,0,1
44790,0,0,0,0,1
44791,0,0,0,0,1
44792,0,0,0,0,1
44793,0,0,0,0,1
44794,0,0,0,0,1
44795,0,0,0,0,1
44796,0,0,0,0,1
44797,0,0,0,0,1
44798,0,0,0,0,1
44799,0,0,0,0,1
44800,0,0,0,0,1
44801,0,0,0,0,1
44802,0,0,0,0,1
44803,0,0,0,0,1
44804,0,0,0,0,1
44805,0,0,0,0,1
44806,0,0,0,0,1
44807,0,0,0,0,1
44808,0,0,0,0,1
44809,0,0,0,0,1
44810,0,0,0,0,1
44811,0,0,0,0,1
44812,0,0,0,0,1
44813,0,0,0,0,1
44814,0,0,0,0,1
44815,0,0,0,0,1
44816,0,0,0,0,1
44817,0,0,0,0,1
44818,0,0,0,0,1
44819,0,0,0,0,1
44820,0,0,0,0,1
44821,0,0,0,0,1
44822,0,0,0,0,1
44823,0,0,0,0,1
44824,0,0,0,0,1
44825,0,0,0,0,1
44826,0,0,0,0,1
44827,0,0,0,0,1
44828,0,0,0,0,1
44829,0,0,0,0,1
44830,0,0,0,0,1
44831,0,0,0,0,1
44832,0,0,0,0,1
44833,0,0,0,0,1
44834,0,0,0,0,1
44835,0,0,0,0,1
44836,0,0,0,0,1
44837,0,0,0,0,1
44838,0,0,0,0,1
44839,0,0,0,0,1
44840,0,0,0,0,1
44841,0,0,0,0,1
44842,0,0,0,0,1
44843,0,0,0,0,1
44844,0,0,0,0,1
44845,0,0,0,0,1
44846,0,0,0,0,1
44847,0,0,0,0,1
44848,0,0,0,0,1
44849,0,0,0,0,1
44850,0,0,0,0,1
44851,0,0,0,0,1
44852,0,0,0,0,1
44853,0,0,0,0,1
44854,0,0,0,0,1
44855,0,0,0,0,1
44856,0,0,0,0,1
44857,0,0,0,0,1
44858,0,0,0,0,1
44859,0,0,0,0,1
44860,0,0,0,0,1
44861,0,0,0,0,1
44862,0,0,0,0,1
44863,0,0,0,0,1
44864,0,0,0,0,1
44865,0,0,0,0,1
44866,0,0,0,0,1
44867,0,0,0,0,1
44868,1,0,0,0,0
44869,1,0,0,0,0
44870,1,0,0,0,0
44871,1,0,0,0,0
44872,1,0,0,0,0
44873,1,0,0,0,0
44874,1,0,0,0,0
44875,1,0,0,0,0
44876,1,0,0,0,0
44877,1,0,0,0,0
44878,1,0,0,0,0
44879,1,0,0,0,0
44880,1,0,0,0,0
44881,1,0,0,0,0
44882,1,0,0,0,0
44883,1,0,0,0,0
44884,1,0,0,0,0
44885,1,0,0,0,0
44886,1,0,0,0,0
44887,1,0,0,0,0
44888,1,0,0,0,0
44889,1,0,0,0,0
44890,1,0,0,0,0
44891,1,0,0,0,0
44892,1,0,0,0,0
44893,1,0,0,0,0
44894,1,0,0,0,0
44895,1,0,0,0,0
44896,1,0,0,0,0
44897,1,0,0,0,0
44898,1,0,0,0,0
44899,1,0,0,0,0
44900,1,0,0,0,0
44901,1,0,0,0,0
44902,1,0,0,0,0
44903,1,0,0,0,0
44904,1,0,0,0,0
44905,1,0,0,0,0
44906,1,0,0,0,0
44907,1,0,0,0,0
44908,1,0,0,0,0
44909,1,0,0,0,0
44910,1,0,0,0,0
44911,1,0,0,0,0
44912,1,0,0,0,0
44913,1,0,0,0,0
44914,1,0,0,0,0
44915,1,0,0,0,0
44916,1,0,0,0,0
44917,1,0,0,0,0
44918,1,0,0,0,0
44919,1,0,0,0,0
44920,1,0,0,0,0
44921,1,0,0,0,0
44922,1,0,0,0,0
44923,1,0,0,0,0
44924,1,0,0,0,0
44925,1,0,0,0,0
44926,1,0,0,0,0
44927,1,0,0,0,0
44928,1,0,0,0,0
44929,1,0,0,0,0
44930,1,0,0,0,0
44931,1,0,0,0,0
44932,1,0,0,0,0
44933,1,0,0,0,0
44934,1,0,0,0,0
44935,1,0,0,0,0
44936,1,0,0,0,0
44937,1,0,0,0,0
44938,1,0,0,0,0
44939,1,0,0,0,0
44940,1,0,0,0,0
44941,1,0,0,0,0
44942,1,0,0,0,0
44943,1,0,0,0,0
44944,1,0,0,0,0
44945,1,0,0,0,0
44946,1,0,0,0,0
44947,1,0,0,0,0
44948,1,0,0,0,0
44949,1,0,0,0,0
44950,1,0,0,0,0
44951,1,0,0,0,0
44952,1,0,0,0,0
44953,1,0,0,0,0
44954,1,0,0,0,0
44955,1,0,0,0,0
44956,1,0,0,0,0
44957,1,0,0,0,0
44958,1,0,0,0,0
44959,1,0,0,0,0
44960,1,0,0,0,0
44961,1,0,0,0,0
44962,1,0,0,0,0
44963,1,0,0,0,0
44964,1,0,0,0,0
44965,1,0,0,0,0
44966,1,0,0,0,0
44967,1,0,0,0,0
44968,1,0,0,0,0
44969,1,0,0,0,0
44970,1,0,0,0,0
44971,1,0,0,0,0
44972,1,0,0,0,0
44973,1,0,0,0,0
44974,1,0,0,0,0
44975,1,0,0,0,0
44976,1,0,0,0,0
44977,1,0,0,0,0
44978,1,0,0,0,0
44979,1,0,0,0,0
44980,1,0,0,0,0
44981,1,0,0,0,0
44982,1,0,0,0,0
44983,1,0,0,0,0
44984,1,0,0,0,0
44985,1,0,0,0,0
44986,1,0,0,0,0
44987,1,0,0,0,0
44988,1,0,0,0,0
44989,1,0,0,0,0
44990,1,0,0,0,0
44991,1,0,0,0,0
44992,1,0,0,0,0
44993,1,0,0,0,0
44994,1,0,0,0,0
44995,1,0,0,0,0
44996,1,0,0,0,0
44997,1,0,0,0,0
44998,1,0,0,0,0
44999,1,0,0,0,0
45000,1,0,0,0,0
45001,1,0,0,0,0
45002,1,0,0,0,0
45003,1,0,0,0,0
45004,1,0,0,0,0
45005,1,0,0,0,0
45006,1,0,0,0,0
45007,1,0,0,0,0
45008,1,0,0,0,0
45009,1,0,0,0,0
45010,1,0,0,0,0
45011,1,0,0,0,0
45012,1,0,0,0,0
45013,1,0,0,0,0
45014,1,0,0,0,0
45015,1,0,0,0,0
45016,1,0,0,0,0
45017,1,0,0,0,0
45018,1,0,0,0,0
45019,1,0,0,0,0
45020,0,0,0,0,1
45021,0,0,0,0,1
45022,0,0,0,0,1
45023,0,0,0,0,1
45024,0,0,0,0,1
45025,0,0,0,0,1
45026,0,0,0,0,1
45027,0,0,0,0,1
45028,0,0,0,0,1
45029,0,0,0,0,1
45030,0,0,0,0,1
45031,0,0,0,0,1
45032,0,0,0,0,1
45033,0,0,0,0,1
45034,0,0,0,0,1
45035,0,0,0,0,1
45036,0,0,0,0,1
45037,0,0,0,0,1
45038,0,0,0,0,1
45039,0,0,0,0,1
45040,0,0,0,0,1
45041,0,0,0,0,1
45042,0,0,0,0,1
45043,0,0,0,0,1
45044,0,0,0,0,1
45045,0,0,0,0,1
45046,0,0,0,0,1
45047,0,0,0,0,1
45048,0,0,0,0,1
45049,0,0,0,0,1
45050,0,0,0,0,1
45051,0,0,0,0,1
45052,0,0,0,0,1
45053,0,0,0,0,1
45054,0,0,0,0,1
45055,0,0,0,0,1
45056,0,0,0,0,1
45057,0,0,0,0,1
45058,0,0,0,0,1
45059,0,0,0,0,1
45060,0,0,0,0,1
45061,0,0,0,0,1
45062,0,0,0,0,1
45063,0,0,0,0,1
45064,0,0,0,0,1
45065,0,0,0,0,1
45066,0,0,0,0,1
45067,0,0,0,0,1
45068,0,0,0,0,1
45069,0,0,0,0,1
45070,0,0,0,0,1
45071,0,0,0,0,1
45072,0,0,0,0,1
45073,0,0,0,0,1
45074,0,0,0,0,1
45075,0,0,0,0,1
45076,0,0,0,0,1
45077,0,0,0,0,1
45078,0,0,0,0,1
45079,0,0,0,0,1
45080,0,0,0,0,1
45081,0,0,0,0,1
45082,0,0,0,0,1
45083,0,0,0,0,1
45084,0,0,0,0,1
45085,0,0,0,0,1
45086,0,0,0,0,1
45087,0,0,0,0,1
45088,0,0,0,0,1
45089,0,0,0,0,1
45090,0,0,0,0,1
45091,0,0,0,0,1
45092,0,0,0,0,1
45093,0,0,0,0,1
45094,0,0,0,0,1
45095,0,0,0,0,1
45096,0,0,0,0,1
45097,0,0,0,0,1
45098,0,0,0,0,1
45099,0,0,0,0,1
45100,0,0,0,0,1
45101,0,0,0,0,1
45102,0,0,0,0,1
45103,0,0,0,0,1
45104,0,0,0,0,1
45105,0,0,0,0,1
45106,0,0,0,0,1
45107,0,0,0,0,1
45108,0,0,0,0,1
45109,0,0,0,0,1
45110,0,0,0,0,1
45111,0,0,0,0,1
45112,0,0,0,0,1
45113,0,0,0,0,1
45114,0,0,0,0,1
45115,0,0,0,0,1
45116,0,0,0,0,1
45117,0,0,0,0,1
45118,0,0,0,0,1
45119,0,0,0,0,1
45120,0,0,0,0,1
45121,0,0,0,0,1
45122,0,0,0,0,1
45123,0,0,0,0,1
45124,0,0,0,0,1
45125,0,0,0,0,1
45126,0,0,0,0,1
45127,0,0,0,0,1
45128,0,0,0,0,1
45129,0,0,0,0,1
45130,0,0,0,0,1
45131,0,0,0,0,1
45132,0,0,0,0,1
45133,0,0,0,0,1
45134,0,0,0,0,1
45135,0,0,0,0,1
45136,0,0,0,0,1
45137,0,0,0,0,1
45138,0,0,0,0,1
45139,0,0,0,0,1
45140,0,0,0,0,1
45141,0,0,0,0,1
45142,0,0,0,0,1
45143,0,0,0,0,1
45144,0,0,0,0,1
45145,0,0,0,0,1
45146,0,0,0,0,1
45147,0,0,0,0,1
45148,0,0,0,0,1
45149,0,0,0,0,1
45150,0,0,0,0,1
45151,0,0,0,0,1
45152,0,0,0,0,1
45153,0,0,0,0,1
45154,0,0,0,0,1
45155,0,0,0,0,1
45156,0,0,0,0,1
45157,0,0,0,0,1
45158,0,0,0,0,1
45159,0,0,0,0,1
45160,0,0,0,0,1
45161,0,0,0,0,1
45162,0,0,0,0,1
45163,0,0,0,0,1
45164,0,0,0,0,1
45165,0,0,0,0,1
45166,0,0,0,0,1
45167,0,0,0,0,1
45168,0,0,0,0,1
45169,0,0,0,0,1
45170,0,0,0,0,1
45171,0,0,0,0,1
45172,0,0,0,0,1
45173,0,0,0,0,1
45174,0,0,0,0,1
45175,0,0,0,0,1
45176,0,0,0,0,1
45177,0,0,0,0,1
45178,0,0,0,0,1
45179,0,0,0,0,1
45180,0,0,0,0,1
45181,0,0,0,0,1
45182,1,0,0,0,0
45183,1,0,0,0,0
45184,1,0,0,0,0
45185,1,0,0,0,0
45186,1,0,0,0,0
45187,1,0,0,0,0
45188,1,0,0,0,0
45189,1,0,0,0,0
45190,1,0,0,0,0
45191,1,0,0,0,0
45192,1,0,0,0,0
45193,1,0,0,0,0
45194,1,0,0,0,0
45195,1,0,0,0,0
45196,1,0,0,0,0
45197,1,0,0,0,0
45198,0,0,0,0,1
45199,0,0,0,0,1
45200,0,0,0,0,1
45201,0,0,0,0,1
45202,0,0,0,0,1
45203,0,0,0,0,1
45204,0,0,0,0,1
45205,0,0,0,0,1
45206,0,0,0,0,1
45207,0,0,0,0,1
45208,0,0,0,0,1
45209,0,0,0,0,1
45210,0,0,0,0,1
45211,0,0,0,0,1
45212,0,0,0,0,1
45213,0,0,0,0,1
45214,0,0,0,0,1
45215,0,0,0,0,1
45216,0,0,0,0,1
45217,0,0,0,0,1
45218,0,0,0,0,1
45219,0,0,0,0,1
45220,0,0,0,0,1
45221,0,0,0,0,1
45222,0,0,0,0,1
45223,0,0,0,0,1
45224,0,0,0,0,1
45225,0,0,0,0,1
45226,0,0,0,0,1
45227,0,0,0,0,1
45228,0,0,0,0,1
45229,0,0,0,0,1
45230,0,0,0,0,1
45231,0,0,0,0,1
45232,0,0,0,0,1
45233,0,0,0,0,1
45234,0,0,0,0,1
45235,0,0,0,0,1
45236,0,0,0,0,1
45237,0,0,0,0,1
45238,0,0,0,0,1
45239,0,0,0,0,1
45240,0,0,0,0,1
45241,0,0,0,0,1
45242,0,0,0,0,1
45243,0,0,0,0,1
45244,0,0,0,0,1
45245,0,0,0,0,1
45246,0,0,0,0,1
45247,0,0,0,0,1
45248,0,0,0,0,1
45249,0,0,0,0,1
45250,0,0,0,0,1
45251,0,0,0,0,1
45252,0,0,0,0,1
45253,1,0,0,0,0
45254,1,0,0,0,0
45255,1,0,0,0,0
45256,1,0,0,0,0
45257,1,0,0,0,0
45258,1,0,0,0,0
45259,1,0,0,0,0
45260,1,0,0,0,0
45261,1,0,0,0,0
45262,1,0,0,0,0
45263,1,0,0,0,0
45264,1,0,0,0,0
45265,1,0,0,0,0
45266,1,0,0,0,0
45267,1,0,0,0,0
45268,1,0,0,0,0
45269,1,0,0,0,0
45270,1,0,0,0,0
45271,1,0,0,0,0
45272,1,0,0,0,0
45273,1,0,0,0,0
45274,1,0,0,0,0
45275,1,0,0,0,0
45276,1,0,0,0,0
45277,1,0,0,0,0
45278,1,0,0,0,0
45279,1,0,0,0,0
45280,1,0,0,0,0
45281,1,0,0,0,0
45282,1,0,0,0,0
45283,1,0,0,0,0
45284,1,0,0,0,0
45285,1,0,0,0,0
45286,1,0,0,0,0
45287,1,0,0,0,0
45288,1,0,0,0,0
45289,1,0,0,0,0
45290,1,0,0,0,0
45291,1,0,0,0,0
45292,1,0,0,0,0
45293,1,0,0,0,0
45294,1,0,0,0,0
45295,1,0,0,0,0
45296,1,0,0,0,0
45297,1,0,0,0,0
45298,1,0,0,0,0
45299,1,0,0,0,0
45300,1,0,0,0,0
45301,1,0,0,0,0
45302,1,0,0,0,0
45303,1,0,0,0,0
45304,1,0,0,0,0
45305,1,0,0,0,0
45306,1,0,0,0,0
45307,1,0,0,0,0
45308,1,0,0,0,0
45309,1,0,0,0,0
45310,1,0,0,0,0
45311,1,0,0,0,0
45312,1,0,0,0,0
45313,1,0,0,0,0
45314,1,0,0,0,0
45315,1,0,0,0,0
45316,1,0,0,0,0
45317,1,0,0,0,0
45318,1,0,0,0,0
45319,1,0,0,0,0
45320,1,0,0,0,0
45321,1,0,0,0,0
45322,1,0,0,0,0
45323,1,0,0,0,0
45324,1,0,0,0,0
45325,1,0,0,0,0
45326,1,0,0,0,0
45327,1,0,0,0,0
45328,1,0,0,0,0
45329,1,0,0,0,0
45330,1,0,0,0,0
45331,1,0,0,0,0
45332,1,0,0,0,0
45333,1,0,0,0,0
45334,1,0,0,0,0
45335,1,0,0,0,0
45336,1,0,0,0,0
45337,1,0,0,0,0
45338,1,0,0,0,0
45339,1,0,0,0,0
45340,1,0,0,0,0
45341,1,0,0,0,0
45342,1,0,0,0,0
45343,1,0,0,0,0
45344,1,0,0,0,0
45345,1,0,0,0,0
45346,1,0,0,0,0
45347,1,0,0,0,0
45348,1,0,0,0,0
45349,1,0,0,0,0
45350,1,0,0,0,0
45351,1,0,0,0,0
45352,1,0,0,0,0
45353,1,0,0,0,0
45354,1,0,0,0,0
45355,1,0,0,0,0
45356,1,0,0,0,0
45357,1,0,0,0,0
45358,1,0,0,0,0
45359,1,0,0,0,0
45360,1,0,0,0,0
45361,1,0,0,0,0
45362,1,0,0,0,0
45363,1,0,0,0,0
45364,1,0,0,0,0
45365,1,0,0,0,0
45366,1,0,0,0,0
45367,1,0,0,0,0
45368,1,0,0,0,0
45369,1,0,0,0,0
45370,1,0,0,0,0
45371,1,0,0,0,0
45372,1,0,0,0,0
45373,1,0,0,0,0
45374,1,0,0,0,0
45375,1,0,0,0,0
45376,1,0,0,0,0
45377,1,0,0,0,0
45378,1,0,0,0,0
45379,1,0,0,0,0
45380,1,0,0,0,0
45381,1,0,0,0,0
45382,1,0,0,0,0
45383,1,0,0,0,0
45384,1,0,0,0,0
45385,1,0,0,0,0
45386,1,0,0,0,0
45387,1,0,0,0,0
45388,1,0,0,0,0
45389,1,0,0,0,0
45390,1,0,0,0,0
45391,1,0,0,0,0
45392,1,0,0,0,0
45393,1,0,0,0,0
45394,1,0,0,0,0
45395,1,0,0,0,0
45396,1,0,0,0,0
45397,1,0,0,0,0
45398,1,0,0,0,0
45399,1,0,0,0,0
45400,1,0,0,0,0
45401,1,0,0,0,0
45402,1,0,0,0,0
45403,1,0,0,0,0
45404,1,0,0,0,0
45405,1,0,0,0,0
45406,1,0,0,0,0
45407,1,0,0,0,0
45408,1,0,0,0,0
45409,1,0,0,0,0
45410,1,0,0,0,0
45411,1,0,0,0,0
45412,1,0,0,0,0
45413,1,0,0,0,0
45414,1,0,0,0,0
45415,1,0,0,0,0
45416,1,0,0,0,0
45417,1,0,0,0,0
45418,1,0,0,0,0
45419,1,0,0,0,0
45420,1,0,0,0,0
45421,1,0,0,0,0
45422,1,0,0,0,0
45423,1,0,0,0,0
45424,1,0,0,0,0
45425,1,0,0,0,0
45426,1,0,0,0,0
45427,1,0,0,0,0
45428,1,0,0,0,0
45429,1,0,0,0,0
45430,1,0,0,0,0
45431,1,0,0,0,0
45432,1,0,0,0,0
45433,1,0,0,0,0
45434,1,0,0,0,0
45435,1,0,0,0,0
45436,1,0,0,0,0
45437,1,0,0,0,0
45438,1,0,0,0,0
45439,1,0,0,0,0
45440,1,0,0,0,0
45441,1,0,0,0,0
45442,1,0,0,0,0
45443,1,0,0,0,0
45444,1,0,0,0,0
45445,1,0,0,0,0
45446,1,0,0,0,0
45447,1,0,0,0,0
45448,1,0,0,0,0
45449,1,0,0,0,0
45450,1,0,0,0,0
45451,1,0,0,0,0
45452,1,0,0,0,0
45453,1,0,0,0,0
45454,1,0,0,0,0
45455,1,0,0,0,0
45456,1,0,0,0,0
45457,1,0,0,0,0
45458,1,0,0,0,0
45459,1,0,0,0,0
45460,1,0,0,0,0
45461,1,0,0,0,0
45462,1,0,0,0,0
45463,1,0,0,0,0
45464,1,0,0,0,0
45465,1,0,0,0,0
45466,1,0,0,0,0
45467,1,0,0,0,0
45468,1,0,0,0,0
45469,1,0,0,0,0
45470,1,0,0,0,0
45471,1,0,0,0,0
45472,1,0,0,0,0
45473,1,0,0,0,0
45474,1,0,0,0,0
45475,1,0,0,0,0
45476,1,0,0,0,0
45477,1,0,0,0,0
45478,1,0,0,0,0
45479,1,0,0,0,0
45480,1,0,0,0,0
45481,1,0,0,0,0
45482,1,0,0,0,0
45483,1,0,0,0,0
45484,1,0,0,0,0
45485,1,0,0,0,0
45486,1,0,0,0,0
45487,1,0,0,0,0
45488,1,0,0,0,0
45489,1,0,0,0,0
45490,1,0,0,0,0
45491,1,0,0,0,0
45492,1,0,0,0,0
45493,1,0,0,0,0
45494,1,0,0,0,0
45495,1,0,0,0,0
45496,1,0,0,0,0
45497,1,0,0,0,0
45498,1,0,0,0,0
45499,1,0,0,0,0
45500,1,0,0,0,0
45501,1,0,0,0,0
45502,1,0,0,0,0
45503,1,0,0,0,0
45504,1,0,0,0,0
45505,1,0,0,0,0
45506,1,0,0,0,0
45507,1,0,0,0,0
45508,1,0,0,0,0
45509,1,0,0,0,0
45510,1,0,0,0,0
45511,1,0,0,0,0
45512,1,0,0,0,0
45513,1,0,0,0,0
45514,1,0,0,0,0
45515,1,0,0,0,0
45516,1,0,0,0,0
45517,1,0,0,0,0
45518,1,0,0,0,0
45519,1,0,0,0,0
45520,1,0,0,0,0
45521,1,0,0,0,0
45522,1,0,0,0,0
45523,1,0,0,0,0
45524,1,0,0,0,0
45525,1,0,0,0,0
45526,0,0,0,0,1
45527,0,0,0,0,1
45528,0,0,0,0,1
45529,0,0,0,0,1
45530,0,0,0,0,1
45531,0,0,0,0,1
45532,0,0,0,0,1
45533,0,0,0,0,1
45534,0,0,0,0,1
45535,0,0,0,0,1
45536,0,0,0,0,1
45537,0,0,0,0,1
45538,0,0,0,0,1
45539,0,0,0,0,1
45540,0,0,0,0,1
45541,0,0,0,0,1
45542,0,0,0,0,1
45543,0,0,0,0,1
45544,0,0,0,0,1
45545,0,0,0,0,1
45546,0,0,0,0,1
45547,0,0,0,0,1
45548,0,0,0,0,1
45549,0,0,0,0,1
45550,0,0,0,0,1
45551,0,0,0,0,1
45552,0,0,0,0,1
45553,0,0,0,0,1
45554,0,0,0,0,1
45555,0,0,0,0,1
45556,0,0,0,0,1
45557,0,0,0,0,1
45558,0,0,0,0,1
45559,0,0,0,0,1
45560,0,0,0,0,1
45561,0,0,0,0,1
45562,0,0,0,0,1
45563,0,0,0,0,1
45564,0,0,0,0,1
45565,0,0,0,0,1
45566,0,0,0,0,1
45567,0,0,0,0,1
45568,0,0,0,0,1
45569,0,0,0,0,1
45570,0,0,0,0,1
45571,0,0,0,0,1
45572,0,0,0,0,1
45573,0,0,0,0,1
45574,0,0,0,0,1
45575,0,0,0,0,1
45576,0,0,0,0,1
45577,0,0,0,0,1
45578,0,0,0,0,1
45579,0,0,0,0,1
45580,0,0,0,0,1
45581,0,0,0,0,1
45582,0,0,0,0,1
45583,0,0,0,0,1
45584,0,0,0,0,1
45585,0,0,0,0,1
45586,0,0,0,0,1
45587,0,0,0,0,1
45588,0,0,0,0,1
45589,0,0,0,0,1
45590,0,0,0,0,1
45591,0,0,0,0,1
45592,0,0,0,0,1
45593,0,0,0,0,1
45594,0,0,0,0,1
45595,0,0,0,0,1
45596,0,0,0,0,1
45597,0,0,0,0,1
45598,0,0,0,0,1
45599,0,0,0,0,1
45600,0,0,0,0,1
45601,0,0,0,0,1
45602,0,0,0,0,1
45603,0,0,0,0,1
45604,0,0,0,0,1
45605,0,0,0,0,1
45606,0,0,0,0,1
45607,0,0,0,0,1
45608,0,0,0,0,1
45609,0,0,0,0,1
45610,0,0,0,0,1
45611,0,0,0,0,1
45612,0,0,0,0,1
45613,0,0,0,0,1
45614,0,0,0,0,1
45615,0,0,0,0,1
45616,0,0,0,0,1
45617,0,0,0,0,1
45618,1,0,0,0,0
45619,1,0,0,0,0
45620,1,0,0,0,0
45621,1,0,0,0,0
45622,1,0,0,0,0
45623,1,0,0,0,0
45624,1,0,0,0,0
45625,1,0,0,0,0
45626,1,0,0,0,0
45627,1,0,0,0,0
45628,1,0,0,0,0
45629,1,0,0,0,0
45630,1,0,0,0,0
45631,1,0,0,0,0
45632,1,0,0,0,0
45633,1,0,0,0,0
45634,1,0,0,0,0
45635,1,0,0,0,0
45636,1,0,0,0,0
45637,1,0,0,0,0
45638,1,0,0,0,0
45639,1,0,0,0,0
45640,1,0,0,0,0
45641,1,0,0,0,0
45642,1,0,0,0,0
45643,1,0,0,0,0
45644,1,0,0,0,0
45645,1,0,0,0,0
45646,1,0,0,0,0
45647,1,0,0,0,0
45648,1,0,0,0,0
45649,1,0,0,0,0
45650,1,0,0,0,0
45651,1,0,0,0,0
45652,1,0,0,0,0
45653,1,0,0,0,0
45654,1,0,0,0,0
45655,1,0,0,0,0
45656,1,0,0,0,0
45657,1,0,0,0,0
45658,1,0,0,0,0
45659,1,0,0,0,0
45660,1,0,0,0,0
45661,1,0,0,0,0
45662,1,0,0,0,0
45663,1,0,0,0,0
45664,1,0,0,0,0
45665,1,0,0,0,0
45666,1,0,0,0,0
45667,1,0,0,0,0
45668,1,0,0,0,0
45669,1,0,0,0,0
45670,1,0,0,0,0
45671,1,0,0,0,0
45672,1,0,0,0,0
45673,1,0,0,0,0
45674,1,0,0,0,0
45675,1,0,0,0,0
45676,1,0,0,0,0
45677,1,0,0,0,0
45678,1,0,0,0,0
45679,1,0,0,0,0
45680,1,0,0,0,0
45681,1,0,0,0,0
45682,1,0,0,0,0
45683,1,0,0,0,0
45684,1,0,0,0,0
45685,1,0,0,0,0
45686,1,0,0,0,0
45687,1,0,0,0,0
45688,1,0,0,0,0
45689,1,0,0,0,0
45690,1,0,0,0,0
45691,1,0,0,0,0
45692,1,0,0,0,0
45693,1,0,0,0,0
45694,1,0,0,0,0
45695,1,0,0,0,0
45696,1,0,0,0,0
45697,1,0,0,0,0
45698,1,0,0,0,0
45699,1,0,0,0,0
45700,1,0,0,0,0
45701,1,0,0,0,0
45702,1,0,0,0,0
45703,1,0,0,0,0
45704,1,0,0,0,0
45705,1,0,0,0,0
45706,1,0,0,0,0
45707,1,0,0,0,0
45708,1,0,0,0,0
45709,1,0,0,0,0
45710,1,0,0,0,0
45711,1,0,0,0,0
45712,1,0,0,0,0
45713,1,0,0,0,0
45714,1,0,0,0,0
45715,1,0,0,0,0
45716,1,0,0,0,0
45717,1,0,0,0,0
45718,1,0,0,0,0
45719,1,0,0,0,0
45720,1,0,0,0,0
45721,1,0,0,0,0
45722,1,0,0,0,0
45723,1,0,0,0,0
45724,1,0,0,0,0
45725,1,0,0,0,0
45726,1,0,0,0,0
45727,1,0,0,0,0
45728,1,0,0,0,0
45729,1,0,0,0,0
45730,1,0,0,0,0
45731,1,0,0,0,0
45732,1,0,0,0,0
45733,1,0,0,0,0
45734,1,0,0,0,0
45735,1,0,0,0,0
45736,1,0,0,0,0
45737,1,0,0,0,0
45738,1,0,0,0,0
45739,1,0,0,0,0
45740,1,0,0,0,0
45741,1,0,0,0,0
45742,1,0,0,0,0
45743,1,0,0,0,0
45744,1,0,0,0,0
45745,1,0,0,0,0
45746,1,0,0,0,0
45747,1,0,0,0,0
45748,1,0,0,0,0
45749,1,0,0,0,0
45750,1,0,0,0,0
45751,1,0,0,0,0
45752,1,0,0,0,0
45753,1,0,0,0,0
45754,1,0,0,0,0
45755,1,0,0,0,0
45756,1,0,0,0,0
45757,1,0,0,0,0
45758,1,0,0,0,0
45759,1,0,0,0,0
45760,1,0,0,0,0
45761,1,0,0,0,0
45762,1,0,0,0,0
45763,1,0,0,0,0
45764,1,0,0,0,0
45765,1,0,0,0,0
45766,1,0,0,0,0
45767,1,0,0,0,0
45768,1,0,0,0,0
45769,1,0,0,0,0
45770,1,0,0,0,0
45771,1,0,0,0,0
45772,1,0,0,0,0
45773,1,0,0,0,0
45774,1,0,0,0,0
45775,1,0,0,0,0
45776,1,0,0,0,0
45777,1,0,0,0,0
45778,1,0,0,0,0
45779,1,0,0,0,0
45780,1,0,0,0,0
45781,1,0,0,0,0
45782,1,0,0,0,0
45783,1,0,0,0,0
45784,1,0,0,0,0
45785,1,0,0,0,0
45786,1,0,0,0,0
45787,1,0,0,0,0
45788,1,0,0,0,0
45789,1,0,0,0,0
45790,1,0,0,0,0
45791,1,0,0,0,0
45792,1,0,0,0,0
45793,1,0,0,0,0
45794,1,0,0,0,0
45795,1,0,0,0,0
45796,1,0,0,0,0
45797,1,0,0,0,0
45798,1,0,0,0,0
45799,1,0,0,0,0
45800,1,0,0,0,0
45801,1,0,0,0,0
45802,1,0,0,0,0
45803,1,0,0,0,0
45804,1,0,0,0,0
45805,1,0,0,0,0
45806,1,0,0,0,0
45807,1,0,0,0,0
45808,1,0,0,0,0
45809,1,0,0,0,0
45810,1,0,0,0,0
45811,1,0,0,0,0
45812,1,0,0,0,0
45813,1,0,0,0,0
45814,1,0,0,0,0
45815,1,0,0,0,0
45816,1,0,0,0,0
45817,1,0,0,0,0
45818,1,0,0,0,0
45819,1,0,0,0,0
45820,1,0,0,0,0
45821,1,0,0,0,0
45822,1,0,0,0,0
45823,1,0,0,0,0
45824,1,0,0,0,0
45825,1,0,0,0,0
45826,1,0,0,0,0
45827,1,0,0,0,0
45828,1,0,0,0,0
45829,1,0,0,0,0
45830,1,0,0,0,0
45831,1,0,0,0,0
45832,1,0,0,0,0
45833,1,0,0,0,0
45834,1,0,0,0,0
45835,1,0,0,0,0
45836,1,0,0,0,0
45837,1,0,0,0,0
45838,1,0,0,0,0
45839,1,0,0,0,0
45840,1,0,0,0,0
45841,1,0,0,0,0
45842,1,0,0,0,0
45843,1,0,0,0,0
45844,1,0,0,0,0
45845,1,0,0,0,0
45846,1,0,0,0,0
45847,1,0,0,0,0
45848,1,0,0,0,0
45849,1,0,0,0,0
45850,1,0,0,0,0
45851,1,0,0,0,0
45852,1,0,0,0,0
45853,1,0,0,0,0
45854,1,0,0,0,0
45855,1,0,0,0,0
45856,1,0,0,0,0
45857,1,0,0,0,0
45858,1,0,0,0,0
45859,1,0,0,0,0
45860,1,0,0,0,0
45861,1,0,0,0,0
45862,1,0,0,0,0
45863,1,0,0,0,0
45864,1,0,0,0,0
45865,1,0,0,0,0
45866,1,0,0,0,0
45867,1,0,0,0,0
45868,1,0,0,0,0
45869,1,0,0,0,0
45870,1,0,0,0,0
45871,1,0,0,0,0
45872,1,0,0,0,0
45873,1,0,0,0,0
45874,1,0,0,0,0
45875,1,0,0,0,0
45876,1,0,0,0,0
45877,1,0,0,0,0
45878,1,0,0,0,0
45879,1,0,0,0,0
45880,1,0,0,0,0
45881,1,0,0,0,0
45882,1,0,0,0,0
45883,1,0,0,0,0
45884,1,0,0,0,0
45885,1,0,0,0,0
45886,1,0,0,0,0
45887,1,0,0,0,0
45888,1,0,0,0,0
45889,1,0,0,0,0
45890,1,0,0,0,0
45891,1,0,0,0,0
45892,1,0,0,0,0
45893,1,0,0,0,0
45894,1,0,0,0,0
45895,1,0,0,0,0
45896,1,0,0,0,0
45897,1,0,0,0,0
45898,1,0,0,0,0
45899,1,0,0,0,0
45900,1,0,0,0,0
45901,1,0,0,0,0
45902,1,0,0,0,0
45903,1,0,0,0,0
45904,1,0,0,0,0
45905,1,0,0,0,0
45906,1,0,0,0,0
45907,1,0,0,0,0
45908,1,0,0,0,0
45909,0,0,1,0,0
45910,0,0,1,0,0
45911,0,0,1,0,0
45912,0,0,1,0,0
45913,0,0,1,0,0
45914,0,0,1,0,0
45915,0,0,1,0,0
45916,0,0,1,0,0
45917,0,0,1,0,0
45918,0,0,1,0,0
45919,0,0,1,0,0
45920,0,0,1,0,0
45921,0,0,1,0,0
45922,0,0,1,0,0
45923,0,0,1,0,0
45924,0,0,1,0,0
45925,0,0,1,0,0
45926,0,0,1,0,0
45927,0,0,1,0,0
45928,0,0,1,0,0
45929,0,0,1,0,0
45930,0,0,1,0,0
45931,0,0,1,0,0
45932,0,0,1,0,0
45933,0,0,1,0,0
45934,0,0,1,0,0
45935,0,0,1,0,0
45936,0,0,1,0,0
45937,0,0,1,0,0
45938,0,0,1,0,0
45939,0,0,1,0,0
45940,0,0,1,0,0
45941,0,0,1,0,0
45942,0,0,1,0,0
45943,0,0,1,0,0
45944,0,0,1,0,0
45945,0,0,1,0,0
45946,0,0,1,0,0
45947,0,0,1,0,0
45948,0,0,1,0,0
45949,0,0,1,0,0
45950,0,0,1,0,0
45951,0,0,1,0,0
45952,0,0,1,0,0
45953,0,0,1,0,0
45954,0,0,1,0,0
45955,0,0,1,0,0
45956,0,0,1,0,0
45957,0,0,1,0,0
45958,0,0,1,0,0
45959,0,0,1,0,0
45960,0,0,1,0,0
45961,0,0,1,0,0
45962,0,0,1,0,0
45963,0,0,1,0,0
45964,0,0,1,0,0
45965,0,0,1,0,0
45966,0,0,1,0,0
45967,0,0,1,0,0
45968,0,0,1,0,0
45969,0,0,1,0,0
45970,0,0,1,0,0
45971,0,0,1,0,0
45972,0,0,1,0,0
45973,0,0,1,0,0
45974,0,0,1,0,0
45975,0,0,1,0,0
45976,0,0,1,0,0
45977,0,0,1,0,0
45978,0,0,1,0,0
45979,0,0,1,0,0
45980,0,0,1,0,0
45981,0,0,1,0,0
45982,0,0,1,0,0
45983,0,0,1,0,0
45984,0,0,1,0,0
45985,0,0,1,0,0
45986,0,0,1,0,0
45987,0,0,1,0,0
45988,1,0,0,0,0
45989,1,0,0,0,0
45990,1,0,0,0,0
45991,1,0,0,0,0
45992,1,0,0,0,0
45993,1,0,0,0,0
45994,1,0,0,0,0
45995,1,0,0,0,0
45996,1,0,0,0,0
45997,1,0,0,0,0
45998,1,0,0,0,0
45999,1,0,0,0,0
46000,1,0,0,0,0
46001,1,0,0,0,0
46002,1,0,0,0,0
46003,1,0,0,0,0
46004,1,0,0,0,0
46005,1,0,0,0,0
46006,1,0,0,0,0
46007,1,0,0,0,0
46008,1,0,0,0,0
46009,1,0,0,0,0
46010,1,0,0,0,0
46011,1,0,0,0,0
46012,1,0,0,0,0
46013,1,0,0,0,0
46014,1,0,0,0,0
46015,1,0,0,0,0
46016,1,0,0,0,0
46017,1,0,0,0,0
46018,1,0,0,0,0
46019,1,0,0,0,0
46020,1,0,0,0,0
46021,1,0,0,0,0
46022,1,0,0,0,0
46023,1,0,0,0,0
46024,1,0,0,0,0
46025,1,0,0,0,0
46026,1,0,0,0,0
46027,1,0,0,0,0
46028,1,0,0,0,0
46029,1,0,0,0,0
46030,1,0,0,0,0
46031,1,0,0,0,0
46032,1,0,0,0,0
46033,1,0,0,0,0
46034,1,0,0,0,0
46035,1,0,0,0,0
46036,1,0,0,0,0
46037,1,0,0,0,0
46038,1,0,0,0,0
46039,1,0,0,0,0
46040,1,0,0,0,0
46041,1,0,0,0,0
46042,1,0,0,0,0
46043,1,0,0,0,0
46044,1,0,0,0,0
46045,1,0,0,0,0
46046,1,0,0,0,0
46047,1,0,0,0,0
46048,1,0,0,0,0
46049,1,0,0,0,0
46050,1,0,0,0,0
46051,1,0,0,0,0
46052,1,0,0,0,0
46053,0,1,0,0,0
46054,0,1,0,0,0
46055,0,1,0,0,0
46056,0,1,0,0,0
46057,0,1,0,0,0
46058,0,1,0,0,0
46059,0,1,0,0,0
46060,0,1,0,0,0
46061,0,1,0,0,0
46062,0,1,0,0,0
46063,0,1,0,0,0
46064,0,1,0,0,0
46065,0,1,0,0,0
46066,0,1,0,0,0
46067,0,1,0,0,0
46068,0,1,0,0,0
46069,0,1,0,0,0
46070,0,1,0,0,0
46071,0,1,0,0,0
46072,0,1,0,0,0
46073,0,1,0,0,0
46074,0,1,0,0,0
46075,0,1,0,0,0
46076,0,1,0,0,0
46077,0,1,0,0,0
46078,0,1,0,0,0
46079,0,1,0,0,0
46080,0,1,0,0,0
46081,0,1,0,0,0
46082,0,1,0,0,0
46083,0,1,0,0,0
46084,0,1,0,0,0
46085,0,1,0,0,0
46086,0,1,0,0,0
46087,0,1,0,0,0
46088,0,1,0,0,0
46089,0,1,0,0,0
46090,0,1,0,0,0
46091,0,1,0,0,0
46092,0,1,0,0,0
46093,0,1,0,0,0
46094,0,1,0,0,0
46095,0,1,0,0,0
46096,0,1,0,0,0
46097,0,1,0,0,0
46098,0,1,0,0,0
46099,0,1,0,0,0
46100,0,1,0,0,0
46101,0,1,0,0,0
46102,0,1,0,0,0
46103,0,1,0,0,0
46104,0,1,0,0,0
46105,0,1,0,0,0
46106,1,0,0,0,0
46107,1,0,0,0,0
46108,1,0,0,0,0
46109,1,0,0,0,0
46110,1,0,0,0,0
46111,1,0,0,0,0
46112,1,0,0,0,0
46113,1,0,0,0,0
46114,1,0,0,0,0
46115,1,0,0,0,0
46116,1,0,0,0,0
46117,1,0,0,0,0
46118,1,0,0,0,0
46119,1,0,0,0,0
46120,1,0,0,0,0
46121,1,0,0,0,0
46122,1,0,0,0,0
46123,1,0,0,0,0
46124,1,0,0,0,0
46125,1,0,0,0,0
46126,1,0,0,0,0
46127,1,0,0,0,0
46128,1,0,0,0,0
46129,1,0,0,0,0
46130,1,0,0,0,0
46131,1,0,0,0,0
46132,1,0,0,0,0
46133,1,0,0,0,0
46134,1,0,0,0,0
46135,1,0,0,0,0
46136,1,0,0,0,0
46137,1,0,0,0,0
46138,1,0,0,0,0
46139,1,0,0,0,0
46140,1,0,0,0,0
46141,1,0,0,0,0
46142,1,0,0,0,0
46143,1,0,0,0,0
46144,1,0,0,0,0
46145,1,0,0,0,0
46146,1,0,0,0,0
46147,1,0,0,0,0
46148,1,0,0,0,0
46149,1,0,0,0,0
46150,1,0,0,0,0
46151,1,0,0,0,0
46152,1,0,0,0,0
46153,1,0,0,0,0
46154,1,0,0,0,0
46155,1,0,0,0,0
46156,1,0,0,0,0
46157,1,0,0,0,0
46158,1,0,0,0,0
46159,1,0,0,0,0
46160,1,0,0,0,0
46161,1,0,0,0,0
46162,1,0,0,0,0
46163,1,0,0,0,0
46164,1,0,0,0,0
46165,1,0,0,0,0
46166,1,0,0,0,0
46167,1,0,0,0,0
46168,1,0,0,0,0
46169,1,0,0,0,0
46170,1,0,0,0,0
46171,1,0,0,0,0
46172,1,0,0,0,0
46173,1,0,0,0,0
46174,1,0,0,0,0
46175,1,0,0,0,0
46176,0,0,1,0,0
46177,0,0,1,0,0
46178,0,0,1,0,0
46179,0,0,1,0,0
46180,0,0,1,0,0
46181,0,0,1,0,0
46182,0,0,1,0,0
46183,0,0,1,0,0
46184,0,0,1,0,0
46185,0,0,1,0,0
46186,0,0,1,0,0
46187,0,0,1,0,0
46188,0,0,1,0,0
46189,0,0,1,0,0
46190,0,0,1,0,0
46191,0,0,1,0,0
46192,0,0,1,0,0
46193,0,0,1,0,0
46194,0,0,1,0,0
46195,0,0,1,0,0
46196,0,0,1,0,0
46197,0,0,1,0,0
46198,0,0,1,0,0
46199,0,0,1,0,0
46200,0,0,1,0,0
46201,1,0,0,0,0
46202,1,0,0,0,0
46203,1,0,0,0,0
46204,1,0,0,0,0
46205,1,0,0,0,0
46206,1,0,0,0,0
46207,1,0,0,0,0
46208,1,0,0,0,0
46209,1,0,0,0,0
46210,1,0,0,0,0
46211,1,0,0,0,0
46212,1,0,0,0,0
46213,1,0,0,0,0
46214,1,0,0,0,0
46215,1,0,0,0,0
46216,1,0,0,0,0
46217,1,0,0,0,0
46218,1,0,0,0,0
46219,1,0,0,0,0
46220,1,0,0,0,0
46221,1,0,0,0,0
46222,1,0,0,0,0
46223,1,0,0,0,0
46224,1,0,0,0,0
46225,1,0,0,0,0
46226,1,0,0,0,0
46227,1,0,0,0,0
46228,1,0,0,0,0
46229,1,0,0,0,0
46230,1,0,0,0,0
46231,1,0,0,0,0
46232,1,0,0,0,0
46233,1,0,0,0,0
46234,1,0,0,0,0
46235,1,0,0,0,0
46236,1,0,0,0,0
46237,1,0,0,0,0
46238,1,0,0,0,0
46239,1,0,0,0,0
46240,1,0,0,0,0
46241,1,0,0,0,0
46242,1,0,0,0,0
46243,1,0,0,0,0
46244,1,0,0,0,0
46245,1,0,0,0,0
46246,1,0,0,0,0
46247,1,0,0,0,0
46248,1,0,0,0,0
46249,1,0,0,0,0
46250,1,0,0,0,0
46251,1,0,0,0,0
46252,1,0,0,0,0
46253,1,0,0,0,0
46254,1,0,0,0,0
46255,1,0,0,0,0
46256,1,0,0,0,0
46257,1,0,0,0,0
46258,1,0,0,0,0
46259,1,0,0,0,0
46260,1,0,0,0,0
46261,1,0,0,0,0
46262,1,0,0,0,0
46263,1,0,0,0,0
46264,1,0,0,0,0
46265,1,0,0,0,0
46266,1,0,0,0,0
46267,1,0,0,0,0
46268,1,0,0,0,0
46269,1,0,0,0,0
46270,1,0,0,0,0
46271,1,0,0,0,0
46272,1,0,0,0,0
46273,1,0,0,0,0
46274,1,0,0,0,0
46275,1,0,0,0,0
46276,1,0,0,0,0
46277,1,0,0,0,0
46278,1,0,0,0,0
46279,1,0,0,0,0
46280,1,0,0,0,0
46281,1,0,0,0,0
46282,1,0,0,0,0
46283,1,0,0,0,0
46284,1,0,0,0,0
46285,1,0,0,0,0
46286,1,0,0,0,0
46287,1,0,0,0,0
46288,1,0,0,0,0
46289,1,0,0,0,0
46290,1,0,0,0,0
46291,1,0,0,0,0
46292,1,0,0,0,0
46293,1,0,0,0,0
46294,1,0,0,0,0
46295,1,0,0,0,0
46296,1,0,0,0,0
46297,1,0,0,0,0
46298,1,0,0,0,0
46299,1,0,0,0,0
46300,1,0,0,0,0
46301,1,0,0,0,0
46302,1,0,0,0,0
46303,1,0,0,0,0
46304,1,0,0,0,0
46305,1,0,0,0,0
46306,1,0,0,0,0
46307,1,0,0,0,0
46308,1,0,0,0,0
46309,1,0,0,0,0
46310,1,0,0,0,0
46311,1,0,0,0,0
46312,1,0,0,0,0
46313,1,0,0,0,0
46314,1,0,0,0,0
46315,1,0,0,0,0
46316,1,0,0,0,0
46317,1,0,0,0,0
46318,1,0,0,0,0
46319,1,0,0,0,0
46320,1,0,0,0,0
46321,1,0,0,0,0
46322,1,0,0,0,0
46323,1,0,0,0,0
46324,1,0,0,0,0
46325,1,0,0,0,0
46326,1,0,0,0,0
46327,1,0,0,0,0
46328,1,0,0,0,0
46329,1,0,0,0,0
46330,1,0,0,0,0
46331,1,0,0,0,0
46332,1,0,0,0,0
46333,1,0,0,0,0
46334,1,0,0,0,0
46335,1,0,0,0,0
46336,1,0,0,0,0
46337,1,0,0,0,0
46338,1,0,0,0,0
46339,1,0,0,0,0
46340,1,0,0,0,0
46341,1,0,0,0,0
46342,1,0,0,0,0
46343,1,0,0,0,0
46344,1,0,0,0,0
46345,1,0,0,0,0
46346,1,0,0,0,0
46347,1,0,0,0,0
46348,1,0,0,0,0
46349,1,0,0,0,0
46350,1,0,0,0,0
46351,1,0,0,0,0
46352,1,0,0,0,0
46353,1,0,0,0,0
46354,1,0,0,0,0
46355,1,0,0,0,0
46356,1,0,0,0,0
46357,0,0,0,0,1
46358,0,0,0,0,1
46359,0,0,0,0,1
46360,0,0,0,0,1
46361,0,0,0,0,1
46362,0,0,0,0,1
46363,0,0,0,0,1
46364,0,0,0,0,1
46365,0,0,0,0,1
46366,0,0,0,0,1
46367,0,0,0,0,1
46368,0,0,0,0,1
46369,0,0,0,0,1
46370,0,0,0,0,1
46371,0,0,0,0,1
46372,0,0,0,0,1
46373,0,0,0,0,1
46374,0,0,0,0,1
46375,0,0,0,0,1
46376,0,0,0,0,1
46377,0,0,0,0,1
46378,0,0,0,0,1
46379,0,0,0,0,1
46380,0,0,0,0,1
46381,0,0,0,0,1
46382,0,0,0,0,1
46383,0,0,0,0,1
46384,0,0,0,0,1
46385,0,0,0,0,1
46386,0,0,0,0,1
46387,0,0,0,0,1
46388,0,0,0,0,1
46389,0,0,0,0,1
46390,0,0,0,0,1
46391,0,0,0,0,1
46392,0,0,0,0,1
46393,0,0,0,0,1
46394,0,0,0,0,1
46395,0,0,0,0,1
46396,0,0,0,0,1
46397,0,0,0,0,1
46398,0,0,0,0,1
46399,0,0,0,0,1
46400,0,0,0,0,1
46401,0,0,0,0,1
46402,0,0,0,0,1
46403,0,0,0,0,1
46404,0,0,0,0,1
46405,0,0,0,0,1
46406,0,0,0,0,1
46407,0,0,0,0,1
46408,0,0,0,0,1
46409,0,0,0,0,1
46410,0,0,0,0,1
46411,0,0,0,0,1
46412,0,0,0,0,1
46413,0,0,0,0,1
46414,0,0,0,0,1
46415,0,0,0,0,1
46416,0,0,0,0,1
46417,0,0,0,0,1
46418,0,0,0,0,1
46419,0,0,0,0,1
46420,0,0,0,0,1
46421,0,0,0,0,1
46422,0,0,0,0,1
46423,0,0,0,0,1
46424,0,0,0,0,1
46425,0,0,0,0,1
46426,0,0,0,0,1
46427,0,0,0,0,1
46428,0,0,0,0,1
46429,0,0,0,0,1
46430,0,0,0,0,1
46431,0,0,0,0,1
46432,0,0,0,0,1
46433,0,0,0,0,1
46434,0,0,0,0,1
46435,0,0,0,0,1
46436,0,0,0,0,1
46437,1,0,0,0,0
46438,1,0,0,0,0
46439,1,0,0,0,0
46440,1,0,0,0,0
46441,1,0,0,0,0
46442,1,0,0,0,0
46443,1,0,0,0,0
46444,1,0,0,0,0
46445,1,0,0,0,0
46446,1,0,0,0,0
46447,1,0,0,0,0
46448,1,0,0,0,0
46449,1,0,0,0,0
46450,1,0,0,0,0
46451,1,0,0,0,0
46452,1,0,0,0,0
46453,1,0,0,0,0
46454,1,0,0,0,0
46455,1,0,0,0,0
46456,1,0,0,0,0
46457,1,0,0,0,0
46458,1,0,0,0,0
46459,0,0,0,1,0
46460,0,0,0,1,0
46461,0,0,0,1,0
46462,0,0,0,1,0
46463,0,0,0,1,0
46464,0,0,0,1,0
46465,0,0,0,1,0
46466,0,0,0,1,0
46467,0,0,0,1,0
46468,0,0,0,1,0
46469,0,0,0,1,0
46470,0,0,0,1,0
46471,0,0,0,1,0
46472,0,0,0,1,0
46473,0,0,0,1,0
46474,0,0,0,1,0
46475,0,0,0,1,0
46476,0,0,0,1,0
46477,0,0,0,1,0
46478,0,0,0,1,0
46479,0,0,0,1,0
46480,0,0,0,1,0
46481,0,0,0,1,0
46482,0,0,0,1,0
46483,0,0,0,1,0
46484,0,0,0,1,0
46485,0,0,0,1,0
46486,0,0,0,1,0
46487,0,0,0,1,0
46488,0,0,0,1,0
46489,0,0,0,1,0
46490,0,0,0,1,0
46491,0,0,0,1,0
46492,0,0,0,1,0
46493,1,0,0,0,0
46494,1,0,0,0,0
46495,1,0,0,0,0
46496,1,0,0,0,0
46497,1,0,0,0,0
46498,1,0,0,0,0
46499,1,0,0,0,0
46500,1,0,0,0,0
46501,1,0,0,0,0
46502,1,0,0,0,0
46503,1,0,0,0,0
46504,1,0,0,0,0
46505,1,0,0,0,0
46506,0,0,0,0,1
46507,0,0,0,0,1
46508,0,0,0,0,1
46509,0,0,0,0,1
46510,0,0,0,0,1
46511,0,0,0,0,1
46512,0,0,0,0,1
46513,0,0,0,0,1
46514,0,0,0,0,1
46515,0,0,0,0,1
46516,0,0,0,0,1
46517,0,0,0,0,1
46518,0,0,0,0,1
46519,0,0,0,0,1
46520,0,0,0,0,1
46521,0,0,0,0,1
46522,0,0,0,0,1
46523,0,0,0,0,1
46524,0,0,0,0,1
46525,0,0,0,0,1
46526,0,0,0,0,1
46527,0,0,0,0,1
46528,0,0,0,0,1
46529,0,0,0,0,1
46530,0,0,0,0,1
46531,0,0,0,0,1
46532,0,0,0,0,1
46533,0,0,0,0,1
46534,0,0,0,0,1
46535,0,0,0,0,1
46536,0,0,0,0,1
46537,0,0,0,0,1
46538,0,0,0,0,1
46539,0,0,0,0,1
46540,0,0,0,0,1
46541,0,0,0,0,1
46542,0,0,0,0,1
46543,0,0,0,0,1
46544,0,0,0,0,1
46545,0,0,0,0,1
46546,0,0,0,0,1
46547,0,0,0,0,1
46548,0,0,0,0,1
46549,0,0,0,0,1
46550,0,0,0,0,1
46551,0,0,0,0,1
46552,0,0,0,0,1
46553,0,0,0,0,1
46554,0,0,0,0,1
46555,0,0,0,0,1
46556,0,0,0,0,1
46557,0,0,0,0,1
46558,0,0,0,0,1
46559,0,0,0,0,1
46560,0,0,0,0,1
46561,0,0,0,0,1
46562,0,0,0,0,1
46563,1,0,0,0,0
46564,1,0,0,0,0
46565,1,0,0,0,0
46566,1,0,0,0,0
46567,1,0,0,0,0
46568,1,0,0,0,0
46569,1,0,0,0,0
46570,1,0,0,0,0
46571,1,0,0,0,0
46572,1,0,0,0,0
46573,1,0,0,0,0
46574,1,0,0,0,0
46575,1,0,0,0,0
46576,1,0,0,0,0
46577,1,0,0,0,0
46578,1,0,0,0,0
46579,1,0,0,0,0
46580,1,0,0,0,0
46581,1,0,0,0,0
46582,1,0,0,0,0
46583,1,0,0,0,0
46584,1,0,0,0,0
46585,1,0,0,0,0
46586,1,0,0,0,0
46587,1,0,0,0,0
46588,1,0,0,0,0
46589,1,0,0,0,0
46590,1,0,0,0,0
46591,1,0,0,0,0
46592,1,0,0,0,0
46593,1,0,0,0,0
46594,1,0,0,0,0
46595,1,0,0,0,0
46596,1,0,0,0,0
46597,1,0,0,0,0
46598,1,0,0,0,0
46599,1,0,0,0,0
46600,1,0,0,0,0
46601,1,0,0,0,0
46602,1,0,0,0,0
46603,1,0,0,0,0
46604,1,0,0,0,0
46605,1,0,0,0,0
46606,1,0,0,0,0
46607,1,0,0,0,0
46608,1,0,0,0,0
46609,1,0,0,0,0
46610,1,0,0,0,0
46611,1,0,0,0,0
46612,1,0,0,0,0
46613,1,0,0,0,0
46614,1,0,0,0,0
46615,1,0,0,0,0
46616,1,0,0,0,0
46617,1,0,0,0,0
46618,1,0,0,0,0
46619,1,0,0,0,0
46620,1,0,0,0,0
46621,1,0,0,0,0
46622,1,0,0,0,0
46623,1,0,0,0,0
46624,1,0,0,0,0
46625,1,0,0,0,0
46626,1,0,0,0,0
46627,1,0,0,0,0
46628,1,0,0,0,0
46629,1,0,0,0,0
46630,0,0,0,0,1
46631,0,0,0,0,1
46632,0,0,0,0,1
46633,0,0,0,0,1
46634,0,0,0,0,1
46635,0,0,0,0,1
46636,0,0,0,0,1
46637,0,0,0,0,1
46638,0,0,0,0,1
46639,0,0,0,0,1
46640,0,0,0,0,1
46641,0,0,0,0,1
46642,0,0,0,0,1
46643,0,0,0,0,1
46644,0,0,0,0,1
46645,0,0,0,0,1
46646,0,0,0,0,1
46647,0,0,0,0,1
46648,0,0,0,0,1
46649,0,0,0,0,1
46650,0,0,0,0,1
46651,0,0,0,0,1
46652,0,0,0,0,1
46653,0,0,0,0,1
46654,0,0,0,0,1
46655,0,0,0,0,1
46656,0,0,0,0,1
46657,0,0,0,0,1
46658,0,0,0,0,1
46659,0,0,0,0,1
46660,0,0,0,0,1
46661,0,0,0,0,1
46662,0,0,0,0,1
46663,0,0,0,0,1
46664,0,0,0,0,1
46665,0,0,0,0,1
46666,0,0,0,0,1
46667,0,0,0,0,1
46668,0,0,0,0,1
46669,0,0,0,0,1
46670,0,0,0,0,1
46671,0,0,0,0,1
46672,0,0,0,0,1
46673,0,0,0,0,1
46674,0,0,0,0,1
46675,0,0,0,0,1
46676,0,0,0,0,1
46677,0,0,0,0,1
46678,0,0,0,0,1
46679,0,0,0,0,1
46680,0,0,0,0,1
46681,0,0,0,0,1
46682,0,0,0,0,1
46683,0,0,0,0,1
46684,0,0,0,0,1
46685,0,0,0,0,1
46686,0,0,0,0,1
46687,0,0,0,0,1
46688,0,0,0,0,1
46689,0,0,0,0,1
46690,0,0,0,0,1
46691,0,0,0,0,1
46692,1,0,0,0,0
46693,1,0,0,0,0
46694,1,0,0,0,0
46695,1,0,0,0,0
46696,1,0,0,0,0
46697,1,0,0,0,0
46698,1,0,0,0,0
46699,1,0,0,0,0
46700,1,0,0,0,0
46701,1,0,0,0,0
46702,1,0,0,0,0
46703,1,0,0,0,0
46704,1,0,0,0,0
46705,1,0,0,0,0
46706,1,0,0,0,0
46707,1,0,0,0,0
46708,1,0,0,0,0
46709,1,0,0,0,0
46710,1,0,0,0,0
46711,1,0,0,0,0
46712,1,0,0,0,0
46713,1,0,0,0,0
46714,1,0,0,0,0
46715,1,0,0,0,0
46716,1,0,0,0,0
46717,1,0,0,0,0
46718,1,0,0,0,0
46719,0,0,0,0,1
46720,0,0,0,0,1
46721,0,0,0,0,1
46722,0,0,0,0,1
46723,0,0,0,0,1
46724,0,0,0,0,1
46725,0,0,0,0,1
46726,0,0,0,0,1
46727,0,0,0,0,1
46728,0,0,0,0,1
46729,0,0,0,0,1
46730,0,0,0,0,1
46731,0,0,0,0,1
46732,0,0,0,0,1
46733,0,0,0,0,1
46734,0,0,0,0,1
46735,0,0,0,0,1
46736,0,0,0,0,1
46737,0,0,0,0,1
46738,0,0,0,0,1
46739,0,0,0,0,1
46740,0,0,0,0,1
46741,0,0,0,0,1
46742,0,0,0,0,1
46743,0,0,0,0,1
46744,0,0,0,0,1
46745,0,0,0,0,1
46746,0,0,0,0,1
46747,0,0,0,0,1
46748,0,0,0,0,1
46749,0,0,0,0,1
46750,0,0,0,0,1
46751,0,0,0,0,1
46752,0,0,0,0,1
46753,0,0,0,0,1
46754,0,0,0,0,1
46755,0,0,0,0,1
46756,0,0,0,0,1
46757,0,0,0,0,1
46758,0,0,0,0,1
46759,0,0,0,0,1
46760,0,0,0,0,1
46761,0,0,0,0,1
46762,0,0,0,0,1
46763,0,0,0,0,1
46764,0,0,0,0,1
46765,0,0,0,0,1
46766,0,0,0,0,1
46767,0,0,0,0,1
46768,0,0,0,0,1
46769,0,0,0,0,1
46770,0,0,0,0,1
46771,0,0,0,0,1
46772,0,0,0,0,1
46773,0,0,0,0,1
46774,0,0,0,0,1
46775,0,0,0,0,1
46776,0,0,0,0,1
46777,0,0,0,0,1
46778,0,0,0,0,1
46779,0,0,0,0,1
46780,0,0,0,0,1
46781,0,0,0,0,1
46782,0,0,0,0,1
46783,0,0,0,0,1
46784,0,0,0,0,1
46785,0,0,0,0,1
46786,0,0,0,0,1
46787,0,0,0,0,1
46788,0,0,0,0,1
46789,0,0,0,0,1
46790,0,0,0,0,1
46791,0,0,0,0,1
46792,0,0,0,0,1
46793,0,0,0,0,1
46794,0,0,0,0,1
46795,0,0,0,0,1
46796,0,0,0,0,1
46797,0,0,0,0,1
46798,0,0,0,0,1
46799,0,0,0,0,1
46800,0,0,0,0,1
46801,0,0,0,0,1
46802,0,0,0,0,1
46803,0,0,0,0,1
46804,0,0,0,0,1
46805,0,0,0,0,1
46806,0,0,0,0,1
46807,1,0,0,0,0
46808,1,0,0,0,0
46809,1,0,0,0,0
46810,0,0,0,1,0
46811,0,0,0,1,0
46812,0,0,0,1,0
46813,0,0,0,1,0
46814,0,0,0,1,0
46815,0,0,0,1,0
46816,0,0,0,1,0
46817,0,0,0,1,0
46818,0,0,0,1,0
46819,0,0,0,1,0
46820,1,0,0,0,0
46821,1,0,0,0,0
46822,1,0,0,0,0
46823,1,0,0,0,0
46824,1,0,0,0,0
46825,1,0,0,0,0
46826,1,0,0,0,0
46827,1,0,0,0,0
46828,1,0,0,0,0
46829,1,0,0,0,0
46830,1,0,0,0,0
46831,1,0,0,0,0
46832,1,0,0,0,0
46833,1,0,0,0,0
46834,1,0,0,0,0
46835,1,0,0,0,0
46836,1,0,0,0,0
46837,0,0,0,0,1
46838,0,0,0,0,1
46839,0,0,0,0,1
46840,0,0,0,0,1
46841,0,0,0,0,1
46842,0,0,0,0,1
46843,0,0,0,0,1
46844,0,0,0,0,1
46845,0,0,0,0,1
46846,0,0,0,0,1
46847,0,0,0,0,1
46848,0,0,0,0,1
46849,0,0,0,0,1
46850,0,0,0,0,1
46851,0,0,0,0,1
46852,0,0,0,0,1
46853,0,0,0,0,1
46854,0,0,0,0,1
46855,0,0,0,0,1
46856,0,0,0,0,1
46857,0,0,0,0,1
46858,0,0,0,0,1
46859,0,0,0,0,1
46860,0,0,0,0,1
46861,0,0,0,0,1
46862,0,0,0,0,1
46863,0,0,0,0,1
46864,0,0,0,0,1
46865,0,0,0,0,1
46866,0,0,0,0,1
46867,0,0,0,0,1
46868,0,0,0,0,1
46869,0,0,0,0,1
46870,0,0,0,0,1
46871,0,0,0,0,1
46872,0,0,0,0,1
46873,0,0,0,0,1
46874,0,0,0,0,1
46875,0,0,0,0,1
46876,0,0,0,0,1
46877,0,0,0,0,1
46878,0,0,0,0,1
46879,0,0,0,0,1
46880,0,0,0,0,1
46881,0,0,0,0,1
46882,0,0,0,0,1
46883,0,0,0,0,1
46884,0,0,0,0,1
46885,0,0,0,0,1
46886,0,0,0,0,1
46887,0,0,0,0,1
46888,0,0,0,0,1
46889,0,0,0,0,1
46890,0,0,0,0,1
46891,0,0,0,0,1
46892,0,0,0,0,1
46893,0,0,0,0,1
46894,0,0,0,0,1
46895,0,0,0,0,1
46896,0,0,0,0,1
46897,0,0,0,0,1
46898,0,0,0,0,1
46899,0,0,0,0,1
46900,0,0,0,0,1
46901,0,0,0,0,1
46902,0,0,0,0,1
46903,0,0,0,0,1
46904,0,0,0,0,1
46905,0,0,0,0,1
46906,1,0,0,0,0
46907,1,0,0,0,0
46908,1,0,0,0,0
46909,1,0,0,0,0
46910,1,0,0,0,0
46911,1,0,0,0,0
46912,1,0,0,0,0
46913,1,0,0,0,0
46914,1,0,0,0,0
46915,1,0,0,0,0
46916,1,0,0,0,0
46917,1,0,0,0,0
46918,1,0,0,0,0
46919,1,0,0,0,0
46920,1,0,0,0,0
46921,1,0,0,0,0
46922,1,0,0,0,0
46923,1,0,0,0,0
46924,1,0,0,0,0
46925,1,0,0,0,0
46926,1,0,0,0,0
46927,1,0,0,0,0
46928,1,0,0,0,0
46929,1,0,0,0,0
46930,1,0,0,0,0
46931,1,0,0,0,0
46932,1,0,0,0,0
46933,1,0,0,0,0
46934,1,0,0,0,0
46935,1,0,0,0,0
46936,1,0,0,0,0
46937,1,0,0,0,0
46938,1,0,0,0,0
46939,1,0,0,0,0
46940,1,0,0,0,0
46941,1,0,0,0,0
46942,1,0,0,0,0
46943,1,0,0,0,0
46944,1,0,0,0,0
46945,1,0,0,0,0
46946,1,0,0,0,0
46947,0,0,0,0,1
46948,0,0,0,0,1
46949,0,0,0,0,1
46950,0,0,0,0,1
46951,0,0,0,0,1
46952,0,0,0,0,1
46953,0,0,0,0,1
46954,0,0,0,0,1
46955,0,0,0,0,1
46956,0,0,0,0,1
46957,0,0,0,0,1
46958,0,0,0,0,1
46959,0,0,0,0,1
46960,0,0,0,0,1
46961,0,0,0,0,1
46962,0,0,0,0,1
46963,0,0,0,0,1
46964,0,0,0,0,1
46965,0,0,0,0,1
46966,0,0,0,0,1
46967,0,0,0,0,1
46968,0,0,0,0,1
46969,0,0,0,0,1
46970,0,0,0,0,1
46971,0,0,0,0,1
46972,0,0,0,0,1
46973,0,0,0,0,1
46974,0,0,0,0,1
46975,0,0,0,0,1
46976,0,0,0,0,1
46977,0,0,0,0,1
46978,0,0,0,0,1
46979,0,0,0,0,1
46980,0,0,0,0,1
46981,0,0,0,0,1
46982,0,0,0,0,1
46983,0,0,0,0,1
46984,1,0,0,0,0
46985,1,0,0,0,0
46986,1,0,0,0,0
46987,1,0,0,0,0
46988,1,0,0,0,0
46989,1,0,0,0,0
46990,1,0,0,0,0
46991,1,0,0,0,0
46992,1,0,0,0,0
46993,1,0,0,0,0
46994,1,0,0,0,0
46995,1,0,0,0,0
46996,1,0,0,0,0
46997,1,0,0,0,0
46998,1,0,0,0,0
46999,1,0,0,0,0
47000,1,0,0,0,0
47001,1,0,0,0,0
47002,1,0,0,0,0
47003,1,0,0,0,0
47004,1,0,0,0,0
47005,1,0,0,0,0
47006,1,0,0,0,0
47007,1,0,0,0,0
47008,1,0,0,0,0
47009,1,0,0,0,0
47010,1,0,0,0,0
47011,1,0,0,0,0
47012,1,0,0,0,0
47013,1,0,0,0,0
47014,1,0,0,0,0
47015,1,0,0,0,0
47016,1,0,0,0,0
47017,1,0,0,0,0
47018,1,0,0,0,0
47019,1,0,0,0,0
47020,1,0,0,0,0
47021,1,0,0,0,0
47022,1,0,0,0,0
47023,1,0,0,0,0
47024,1,0,0,0,0
47025,1,0,0,0,0
47026,1,0,0,0,0
47027,1,0,0,0,0
47028,1,0,0,0,0
47029,1,0,0,0,0
47030,1,0,0,0,0
47031,1,0,0,0,0
47032,1,0,0,0,0
47033,1,0,0,0,0
47034,1,0,0,0,0
47035,1,0,0,0,0
47036,1,0,0,0,0
47037,1,0,0,0,0
47038,1,0,0,0,0
47039,1,0,0,0,0
47040,1,0,0,0,0
47041,1,0,0,0,0
47042,1,0,0,0,0
47043,1,0,0,0,0
47044,1,0,0,0,0
47045,1,0,0,0,0
47046,1,0,0,0,0
47047,1,0,0,0,0
47048,1,0,0,0,0
47049,1,0,0,0,0
47050,1,0,0,0,0
47051,1,0,0,0,0
47052,1,0,0,0,0
47053,1,0,0,0,0
47054,1,0,0,0,0
47055,1,0,0,0,0
47056,1,0,0,0,0
47057,1,0,0,0,0
47058,1,0,0,0,0
47059,1,0,0,0,0
47060,1,0,0,0,0
47061,1,0,0,0,0
47062,1,0,0,0,0
47063,1,0,0,0,0
47064,1,0,0,0,0
47065,1,0,0,0,0
47066,1,0,0,0,0
47067,1,0,0,0,0
47068,1,0,0,0,0
47069,1,0,0,0,0
47070,1,0,0,0,0
47071,1,0,0,0,0
47072,1,0,0,0,0
47073,1,0,0,0,0
47074,1,0,0,0,0
47075,1,0,0,0,0
47076,1,0,0,0,0
47077,1,0,0,0,0
47078,1,0,0,0,0
47079,1,0,0,0,0
47080,1,0,0,0,0
47081,1,0,0,0,0
47082,1,0,0,0,0
47083,1,0,0,0,0
47084,1,0,0,0,0
47085,1,0,0,0,0
47086,1,0,0,0,0
47087,1,0,0,0,0
47088,1,0,0,0,0
47089,1,0,0,0,0
47090,1,0,0,0,0
47091,1,0,0,0,0
47092,1,0,0,0,0
47093,1,0,0,0,0
47094,1,0,0,0,0
47095,1,0,0,0,0
47096,1,0,0,0,0
47097,1,0,0,0,0
47098,1,0,0,0,0
47099,1,0,0,0,0
47100,1,0,0,0,0
47101,1,0,0,0,0
47102,1,0,0,0,0
47103,1,0,0,0,0
47104,1,0,0,0,0
47105,1,0,0,0,0
47106,1,0,0,0,0
47107,1,0,0,0,0
47108,1,0,0,0,0
47109,1,0,0,0,0
47110,1,0,0,0,0
47111,1,0,0,0,0
47112,1,0,0,0,0
47113,1,0,0,0,0
47114,1,0,0,0,0
47115,1,0,0,0,0
47116,1,0,0,0,0
47117,1,0,0,0,0
47118,1,0,0,0,0
47119,1,0,0,0,0
47120,1,0,0,0,0
47121,1,0,0,0,0
47122,1,0,0,0,0
47123,1,0,0,0,0
47124,1,0,0,0,0
47125,1,0,0,0,0
47126,1,0,0,0,0
47127,1,0,0,0,0
47128,1,0,0,0,0
47129,1,0,0,0,0
47130,1,0,0,0,0
47131,1,0,0,0,0
47132,0,0,0,0,1
47133,0,0,0,0,1
47134,0,0,0,0,1
47135,0,0,0,0,1
47136,0,0,0,0,1
47137,0,0,0,0,1
47138,0,0,0,0,1
47139,0,0,0,0,1
47140,0,0,0,0,1
47141,0,0,0,0,1
47142,0,0,0,0,1
47143,0,0,0,0,1
47144,0,0,0,0,1
47145,0,0,0,0,1
47146,0,0,0,0,1
47147,0,0,0,0,1
47148,0,0,0,0,1
47149,0,0,0,0,1
47150,0,0,0,0,1
47151,0,0,0,0,1
47152,0,0,0,0,1
47153,0,0,0,0,1
47154,0,0,0,0,1
47155,0,0,0,0,1
47156,0,0,0,0,1
47157,0,0,0,0,1
47158,0,0,0,0,1
47159,0,0,0,0,1
47160,0,0,0,0,1
47161,0,0,0,0,1
47162,0,0,0,0,1
47163,0,0,0,0,1
47164,0,0,0,0,1
47165,0,0,0,0,1
47166,0,0,0,0,1
47167,0,0,0,0,1
47168,0,0,0,0,1
47169,0,0,0,0,1
47170,0,0,0,0,1
47171,0,0,0,0,1
47172,0,0,0,0,1
47173,0,0,0,0,1
47174,0,0,0,0,1
47175,0,0,0,0,1
47176,0,0,0,0,1
47177,0,0,0,0,1
47178,0,0,0,0,1
47179,0,0,0,0,1
47180,0,0,0,0,1
47181,0,0,0,0,1
47182,0,0,0,0,1
47183,0,0,0,0,1
47184,0,0,0,0,1
47185,0,0,0,0,1
47186,0,0,0,0,1
47187,0,0,0,0,1
47188,0,0,0,0,1
47189,0,0,0,0,1
47190,0,0,0,0,1
47191,0,0,0,0,1
47192,0,0,0,0,1
47193,0,0,0,0,1
47194,0,0,0,0,1
47195,0,0,0,0,1
47196,0,0,0,0,1
47197,0,0,0,0,1
47198,0,0,0,0,1
47199,0,0,0,0,1
47200,0,0,0,0,1
47201,0,0,0,0,1
47202,0,0,0,0,1
47203,0,0,0,0,1
47204,0,0,0,0,1
47205,0,0,0,0,1
47206,0,0,0,0,1
47207,0,0,0,0,1
47208,0,0,0,0,1
47209,0,0,0,0,1
47210,0,0,0,0,1
47211,0,0,0,0,1
47212,0,0,0,0,1
47213,1,0,0,0,0
47214,1,0,0,0,0
47215,1,0,0,0,0
47216,1,0,0,0,0
47217,1,0,0,0,0
47218,1,0,0,0,0
47219,1,0,0,0,0
47220,1,0,0,0,0
47221,1,0,0,0,0
47222,1,0,0,0,0
47223,1,0,0,0,0
47224,1,0,0,0,0
47225,1,0,0,0,0
47226,1,0,0,0,0
47227,1,0,0,0,0
47228,1,0,0,0,0
47229,1,0,0,0,0
47230,1,0,0,0,0
47231,1,0,0,0,0
47232,1,0,0,0,0
47233,1,0,0,0,0
47234,1,0,0,0,0
47235,1,0,0,0,0
47236,1,0,0,0,0
47237,1,0,0,0,0
47238,1,0,0,0,0
47239,1,0,0,0,0
47240,1,0,0,0,0
47241,1,0,0,0,0
47242,1,0,0,0,0
47243,1,0,0,0,0
47244,1,0,0,0,0
47245,1,0,0,0,0
47246,1,0,0,0,0
47247,1,0,0,0,0
47248,1,0,0,0,0
47249,1,0,0,0,0
47250,1,0,0,0,0
47251,1,0,0,0,0
47252,1,0,0,0,0
47253,1,0,0,0,0
47254,1,0,0,0,0
47255,1,0,0,0,0
47256,1,0,0,0,0
47257,1,0,0,0,0
47258,1,0,0,0,0
47259,1,0,0,0,0
47260,1,0,0,0,0
47261,1,0,0,0,0
47262,1,0,0,0,0
47263,1,0,0,0,0
47264,1,0,0,0,0
47265,1,0,0,0,0
47266,1,0,0,0,0
47267,1,0,0,0,0
47268,1,0,0,0,0
47269,1,0,0,0,0
47270,1,0,0,0,0
47271,1,0,0,0,0
47272,1,0,0,0,0
47273,1,0,0,0,0
47274,1,0,0,0,0
47275,1,0,0,0,0
47276,1,0,0,0,0
47277,1,0,0,0,0
47278,1,0,0,0,0
47279,1,0,0,0,0
47280,1,0,0,0,0
47281,1,0,0,0,0
47282,1,0,0,0,0
47283,1,0,0,0,0
47284,1,0,0,0,0
47285,1,0,0,0,0
47286,1,0,0,0,0
47287,1,0,0,0,0
47288,1,0,0,0,0
47289,1,0,0,0,0
47290,1,0,0,0,0
47291,1,0,0,0,0
47292,1,0,0,0,0
47293,1,0,0,0,0
47294,1,0,0,0,0
47295,1,0,0,0,0
47296,1,0,0,0,0
47297,1,0,0,0,0
47298,1,0,0,0,0
47299,1,0,0,0,0
47300,1,0,0,0,0
47301,1,0,0,0,0
47302,1,0,0,0,0
47303,1,0,0,0,0
47304,1,0,0,0,0
47305,1,0,0,0,0
47306,1,0,0,0,0
47307,1,0,0,0,0
47308,1,0,0,0,0
47309,1,0,0,0,0
47310,1,0,0,0,0
47311,1,0,0,0,0
47312,1,0,0,0,0
47313,1,0,0,0,0
47314,1,0,0,0,0
47315,1,0,0,0,0
47316,1,0,0,0,0
47317,1,0,0,0,0
47318,1,0,0,0,0
47319,1,0,0,0,0
47320,1,0,0,0,0
47321,1,0,0,0,0
47322,1,0,0,0,0
47323,1,0,0,0,0
47324,1,0,0,0,0
47325,1,0,0,0,0
47326,1,0,0,0,0
47327,1,0,0,0,0
47328,1,0,0,0,0
47329,1,0,0,0,0
47330,1,0,0,0,0
47331,1,0,0,0,0
47332,1,0,0,0,0
47333,0,0,0,0,1
47334,0,0,0,0,1
47335,0,0,0,0,1
47336,0,0,0,0,1
47337,0,0,0,0,1
47338,0,0,0,0,1
47339,0,0,0,0,1
47340,0,0,0,0,1
47341,0,0,0,0,1
47342,0,0,0,0,1
47343,0,0,0,0,1
47344,0,0,0,0,1
47345,0,0,0,0,1
47346,0,0,0,0,1
47347,0,0,0,0,1
47348,0,0,0,0,1
47349,0,0,0,0,1
47350,0,0,0,0,1
47351,0,0,0,0,1
47352,0,0,0,0,1
47353,0,0,0,0,1
47354,0,0,0,0,1
47355,0,0,0,0,1
47356,0,0,0,0,1
47357,0,0,0,0,1
47358,0,0,0,0,1
47359,0,0,0,0,1
47360,0,0,0,0,1
47361,0,0,0,0,1
47362,0,0,0,0,1
47363,0,0,0,0,1
47364,0,0,0,0,1
47365,1,0,0,0,0
47366,1,0,0,0,0
47367,1,0,0,0,0
47368,1,0,0,0,0
47369,1,0,0,0,0
47370,1,0,0,0,0
47371,1,0,0,0,0
47372,1,0,0,0,0
47373,1,0,0,0,0
47374,1,0,0,0,0
47375,1,0,0,0,0
47376,1,0,0,0,0
47377,1,0,0,0,0
47378,1,0,0,0,0
47379,1,0,0,0,0
47380,1,0,0,0,0
47381,1,0,0,0,0
47382,1,0,0,0,0
47383,1,0,0,0,0
47384,1,0,0,0,0
47385,1,0,0,0,0
47386,1,0,0,0,0
47387,1,0,0,0,0
47388,1,0,0,0,0
47389,1,0,0,0,0
47390,1,0,0,0,0
47391,1,0,0,0,0
47392,1,0,0,0,0
47393,1,0,0,0,0
47394,1,0,0,0,0
47395,1,0,0,0,0
47396,1,0,0,0,0
47397,1,0,0,0,0
47398,1,0,0,0,0
47399,1,0,0,0,0
47400,1,0,0,0,0
47401,1,0,0,0,0
47402,1,0,0,0,0
47403,1,0,0,0,0
47404,1,0,0,0,0
47405,1,0,0,0,0
47406,1,0,0,0,0
47407,1,0,0,0,0
47408,1,0,0,0,0
47409,1,0,0,0,0
47410,1,0,0,0,0
47411,1,0,0,0,0
47412,1,0,0,0,0
47413,1,0,0,0,0
47414,1,0,0,0,0
47415,1,0,0,0,0
47416,1,0,0,0,0
47417,1,0,0,0,0
47418,1,0,0,0,0
47419,1,0,0,0,0
47420,1,0,0,0,0
47421,1,0,0,0,0
47422,1,0,0,0,0
47423,1,0,0,0,0
47424,0,0,0,0,1
47425,0,0,0,0,1
47426,0,0,0,0,1
47427,0,0,0,0,1
47428,0,0,0,0,1
47429,0,0,0,0,1
47430,0,0,0,0,1
47431,0,0,0,0,1
47432,0,0,0,0,1
47433,0,0,0,0,1
47434,0,0,0,0,1
47435,0,0,0,0,1
47436,0,0,0,0,1
47437,0,0,0,0,1
47438,0,0,0,0,1
47439,0,0,0,0,1
47440,0,0,0,0,1
47441,0,0,0,0,1
47442,0,0,0,0,1
47443,0,0,0,0,1
47444,0,0,0,0,1
47445,0,0,0,0,1
47446,0,0,0,0,1
47447,0,0,0,0,1
47448,0,0,0,0,1
47449,0,0,0,0,1
47450,0,0,0,0,1
47451,0,0,0,0,1
47452,0,0,0,0,1
47453,1,0,0,0,0
47454,1,0,0,0,0
47455,1,0,0,0,0
47456,1,0,0,0,0
47457,1,0,0,0,0
47458,1,0,0,0,0
47459,1,0,0,0,0
47460,1,0,0,0,0
47461,1,0,0,0,0
47462,1,0,0,0,0
47463,1,0,0,0,0
47464,1,0,0,0,0
47465,1,0,0,0,0
47466,1,0,0,0,0
47467,1,0,0,0,0
47468,1,0,0,0,0
47469,1,0,0,0,0
47470,1,0,0,0,0
47471,1,0,0,0,0
47472,1,0,0,0,0
47473,1,0,0,0,0
47474,1,0,0,0,0
47475,1,0,0,0,0
47476,1,0,0,0,0
47477,1,0,0,0,0
47478,1,0,0,0,0
47479,1,0,0,0,0
47480,1,0,0,0,0
47481,1,0,0,0,0
47482,1,0,0,0,0
47483,1,0,0,0,0
47484,1,0,0,0,0
47485,1,0,0,0,0
47486,1,0,0,0,0
47487,1,0,0,0,0
47488,1,0,0,0,0
47489,1,0,0,0,0
47490,1,0,0,0,0
47491,1,0,0,0,0
47492,1,0,0,0,0
47493,1,0,0,0,0
47494,1,0,0,0,0
47495,1,0,0,0,0
47496,1,0,0,0,0
47497,1,0,0,0,0
47498,1,0,0,0,0
47499,1,0,0,0,0
47500,1,0,0,0,0
47501,1,0,0,0,0
47502,1,0,0,0,0
47503,1,0,0,0,0
47504,1,0,0,0,0
47505,1,0,0,0,0
47506,1,0,0,0,0
47507,1,0,0,0,0
47508,1,0,0,0,0
47509,1,0,0,0,0
47510,1,0,0,0,0
47511,1,0,0,0,0
47512,1,0,0,0,0
47513,1,0,0,0,0
47514,1,0,0,0,0
47515,1,0,0,0,0
47516,1,0,0,0,0
47517,1,0,0,0,0
47518,1,0,0,0,0
47519,1,0,0,0,0
47520,1,0,0,0,0
47521,1,0,0,0,0
47522,1,0,0,0,0
47523,1,0,0,0,0
47524,1,0,0,0,0
47525,1,0,0,0,0
47526,1,0,0,0,0
47527,1,0,0,0,0
47528,1,0,0,0,0
47529,1,0,0,0,0
47530,1,0,0,0,0
47531,1,0,0,0,0
47532,1,0,0,0,0
47533,1,0,0,0,0
47534,1,0,0,0,0
47535,1,0,0,0,0
47536,1,0,0,0,0
47537,1,0,0,0,0
47538,1,0,0,0,0
47539,1,0,0,0,0
47540,1,0,0,0,0
47541,1,0,0,0,0
47542,1,0,0,0,0
47543,1,0,0,0,0
47544,1,0,0,0,0
47545,1,0,0,0,0
47546,1,0,0,0,0
47547,1,0,0,0,0
47548,1,0,0,0,0
47549,1,0,0,0,0
47550,1,0,0,0,0
47551,1,0,0,0,0
47552,1,0,0,0,0
47553,1,0,0,0,0
47554,1,0,0,0,0
47555,1,0,0,0,0
47556,1,0,0,0,0
47557,1,0,0,0,0
47558,1,0,0,0,0
47559,1,0,0,0,0
47560,1,0,0,0,0
47561,1,0,0,0,0
47562,1,0,0,0,0
47563,1,0,0,0,0
47564,1,0,0,0,0
47565,1,0,0,0,0
47566,1,0,0,0,0
47567,1,0,0,0,0
47568,1,0,0,0,0
47569,1,0,0,0,0
47570,1,0,0,0,0
47571,1,0,0,0,0
47572,1,0,0,0,0
47573,1,0,0,0,0
47574,1,0,0,0,0
47575,1,0,0,0,0
47576,1,0,0,0,0
47577,1,0,0,0,0
47578,1,0,0,0,0
47579,1,0,0,0,0
47580,1,0,0,0,0
47581,1,0,0,0,0
47582,1,0,0,0,0
47583,1,0,0,0,0
47584,1,0,0,0,0
47585,1,0,0,0,0
47586,1,0,0,0,0
47587,1,0,0,0,0
47588,1,0,0,0,0
47589,1,0,0,0,0
47590,1,0,0,0,0
47591,1,0,0,0,0
47592,1,0,0,0,0
47593,1,0,0,0,0
47594,1,0,0,0,0
47595,1,0,0,0,0
47596,1,0,0,0,0
47597,1,0,0,0,0
47598,1,0,0,0,0
47599,1,0,0,0,0
47600,1,0,0,0,0
47601,1,0,0,0,0
47602,1,0,0,0,0
47603,1,0,0,0,0
47604,1,0,0,0,0
47605,1,0,0,0,0
47606,1,0,0,0,0
47607,1,0,0,0,0
47608,1,0,0,0,0
47609,1,0,0,0,0
47610,1,0,0,0,0
47611,1,0,0,0,0
47612,1,0,0,0,0
47613,1,0,0,0,0
47614,1,0,0,0,0
47615,1,0,0,0,0
47616,1,0,0,0,0
47617,1,0,0,0,0
47618,1,0,0,0,0
47619,1,0,0,0,0
47620,1,0,0,0,0
47621,1,0,0,0,0
47622,1,0,0,0,0
47623,1,0,0,0,0
47624,1,0,0,0,0
47625,1,0,0,0,0
47626,1,0,0,0,0
47627,1,0,0,0,0
47628,1,0,0,0,0
47629,1,0,0,0,0
47630,1,0,0,0,0
47631,1,0,0,0,0
47632,1,0,0,0,0
47633,1,0,0,0,0
47634,1,0,0,0,0
47635,1,0,0,0,0
47636,1,0,0,0,0
47637,1,0,0,0,0
47638,1,0,0,0,0
47639,1,0,0,0,0
47640,1,0,0,0,0
47641,1,0,0,0,0
47642,1,0,0,0,0
47643,1,0,0,0,0
47644,1,0,0,0,0
47645,1,0,0,0,0
47646,1,0,0,0,0
47647,1,0,0,0,0
47648,1,0,0,0,0
47649,1,0,0,0,0
47650,1,0,0,0,0
47651,1,0,0,0,0
47652,1,0,0,0,0
47653,1,0,0,0,0
47654,1,0,0,0,0
47655,1,0,0,0,0
47656,1,0,0,0,0
47657,1,0,0,0,0
47658,1,0,0,0,0
47659,1,0,0,0,0
47660,1,0,0,0,0
47661,1,0,0,0,0
47662,1,0,0,0,0
47663,1,0,0,0,0
47664,1,0,0,0,0
47665,1,0,0,0,0
47666,1,0,0,0,0
47667,1,0,0,0,0
47668,1,0,0,0,0
47669,1,0,0,0,0
47670,1,0,0,0,0
47671,1,0,0,0,0
47672,1,0,0,0,0
47673,1,0,0,0,0
47674,1,0,0,0,0
47675,1,0,0,0,0
47676,1,0,0,0,0
47677,1,0,0,0,0
47678,1,0,0,0,0
47679,1,0,0,0,0
47680,1,0,0,0,0
47681,1,0,0,0,0
47682,1,0,0,0,0
47683,1,0,0,0,0
47684,1,0,0,0,0
47685,1,0,0,0,0
47686,1,0,0,0,0
47687,1,0,0,0,0
47688,1,0,0,0,0
47689,1,0,0,0,0
47690,1,0,0,0,0
47691,1,0,0,0,0
47692,1,0,0,0,0
47693,1,0,0,0,0
47694,1,0,0,0,0
47695,1,0,0,0,0
47696,1,0,0,0,0
47697,1,0,0,0,0
47698,1,0,0,0,0
47699,1,0,0,0,0
47700,1,0,0,0,0
47701,1,0,0,0,0
47702,1,0,0,0,0
47703,1,0,0,0,0
47704,1,0,0,0,0
47705,1,0,0,0,0
47706,1,0,0,0,0
47707,1,0,0,0,0
47708,1,0,0,0,0
47709,1,0,0,0,0
47710,1,0,0,0,0
47711,1,0,0,0,0
47712,1,0,0,0,0
47713,1,0,0,0,0
47714,1,0,0,0,0
47715,1,0,0,0,0
47716,1,0,0,0,0
47717,1,0,0,0,0
47718,1,0,0,0,0
47719,1,0,0,0,0
47720,1,0,0,0,0
47721,1,0,0,0,0
47722,1,0,0,0,0
47723,1,0,0,0,0
47724,1,0,0,0,0
47725,1,0,0,0,0
47726,1,0,0,0,0
47727,1,0,0,0,0
47728,1,0,0,0,0
47729,1,0,0,0,0
47730,1,0,0,0,0
47731,1,0,0,0,0
47732,1,0,0,0,0
47733,1,0,0,0,0
47734,1,0,0,0,0
47735,1,0,0,0,0
47736,1,0,0,0,0
47737,1,0,0,0,0
47738,1,0,0,0,0
47739,1,0,0,0,0
47740,1,0,0,0,0
47741,1,0,0,0,0
47742,1,0,0,0,0
47743,1,0,0,0,0
47744,1,0,0,0,0
47745,1,0,0,0,0
47746,1,0,0,0,0
47747,1,0,0,0,0
47748,1,0,0,0,0
47749,1,0,0,0,0
47750,1,0,0,0,0
47751,1,0,0,0,0
47752,1,0,0,0,0
47753,1,0,0,0,0
47754,1,0,0,0,0
47755,1,0,0,0,0
47756,1,0,0,0,0
47757,1,0,0,0,0
47758,1,0,0,0,0
47759,1,0,0,0,0
47760,0,0,0,0,1
47761,0,0,0,0,1
47762,0,0,0,0,1
47763,0,0,0,0,1
47764,0,0,0,0,1
47765,0,0,0,0,1
47766,0,0,0,0,1
47767,0,0,0,0,1
47768,0,0,0,0,1
47769,0,0,0,0,1
47770,0,0,0,0,1
47771,0,0,0,0,1
47772,0,0,0,0,1
47773,0,0,0,0,1
47774,0,0,0,0,1
47775,0,0,0,0,1
47776,0,0,0,0,1
47777,0,0,0,0,1
47778,0,0,0,0,1
47779,0,0,0,0,1
47780,0,0,0,0,1
47781,0,0,0,0,1
47782,0,0,0,0,1
47783,0,0,0,0,1
47784,0,0,0,0,1
47785,0,0,0,0,1
47786,0,0,0,0,1
47787,0,0,0,0,1
47788,0,0,0,0,1
47789,0,0,0,0,1
47790,0,0,0,0,1
47791,0,0,0,0,1
47792,0,0,0,0,1
47793,0,0,0,0,1
47794,0,0,0,0,1
47795,0,0,0,0,1
47796,0,0,0,0,1
47797,0,0,0,0,1
47798,0,0,0,0,1
47799,0,0,0,0,1
47800,0,0,0,0,1
47801,0,0,0,0,1
47802,0,0,0,0,1
47803,0,0,0,0,1
47804,0,0,0,0,1
47805,0,0,0,0,1
47806,0,0,0,0,1
47807,0,0,0,0,1
47808,0,0,0,0,1
47809,0,0,0,0,1
47810,0,0,0,0,1
47811,0,0,0,0,1
47812,0,0,0,0,1
47813,0,0,0,0,1
47814,0,0,0,0,1
47815,1,0,0,0,0
47816,1,0,0,0,0
47817,1,0,0,0,0
47818,1,0,0,0,0
47819,1,0,0,0,0
47820,1,0,0,0,0
47821,1,0,0,0,0
47822,1,0,0,0,0
47823,1,0,0,0,0
47824,1,0,0,0,0
47825,1,0,0,0,0
47826,1,0,0,0,0
47827,1,0,0,0,0
47828,1,0,0,0,0
47829,1,0,0,0,0
47830,1,0,0,0,0
47831,1,0,0,0,0
47832,1,0,0,0,0
47833,1,0,0,0,0
47834,1,0,0,0,0
47835,1,0,0,0,0
47836,1,0,0,0,0
47837,1,0,0,0,0
47838,1,0,0,0,0
47839,1,0,0,0,0
47840,1,0,0,0,0
47841,1,0,0,0,0
47842,1,0,0,0,0
47843,1,0,0,0,0
47844,1,0,0,0,0
47845,1,0,0,0,0
47846,1,0,0,0,0
47847,1,0,0,0,0
47848,1,0,0,0,0
47849,1,0,0,0,0
47850,1,0,0,0,0
47851,1,0,0,0,0
47852,1,0,0,0,0
47853,1,0,0,0,0
47854,1,0,0,0,0
47855,1,0,0,0,0
47856,1,0,0,0,0
47857,1,0,0,0,0
47858,1,0,0,0,0
47859,1,0,0,0,0
47860,1,0,0,0,0
47861,1,0,0,0,0
47862,1,0,0,0,0
47863,1,0,0,0,0
47864,1,0,0,0,0
47865,1,0,0,0,0
47866,1,0,0,0,0
47867,1,0,0,0,0
47868,1,0,0,0,0
47869,1,0,0,0,0
47870,1,0,0,0,0
47871,1,0,0,0,0
47872,1,0,0,0,0
47873,1,0,0,0,0
47874,1,0,0,0,0
47875,1,0,0,0,0
47876,1,0,0,0,0
47877,1,0,0,0,0
47878,1,0,0,0,0
47879,1,0,0,0,0
47880,1,0,0,0,0
47881,1,0,0,0,0
47882,1,0,0,0,0
47883,1,0,0,0,0
47884,1,0,0,0,0
47885,1,0,0,0,0
47886,1,0,0,0,0
47887,1,0,0,0,0
47888,1,0,0,0,0
47889,1,0,0,0,0
47890,1,0,0,0,0
47891,1,0,0,0,0
47892,1,0,0,0,0
47893,1,0,0,0,0
47894,1,0,0,0,0
47895,1,0,0,0,0
47896,1,0,0,0,0
47897,1,0,0,0,0
47898,1,0,0,0,0
47899,1,0,0,0,0
47900,1,0,0,0,0
47901,1,0,0,0,0
47902,1,0,0,0,0
47903,1,0,0,0,0
47904,1,0,0,0,0
47905,1,0,0,0,0
47906,1,0,0,0,0
47907,1,0,0,0,0
47908,1,0,0,0,0
47909,1,0,0,0,0
47910,1,0,0,0,0
47911,1,0,0,0,0
47912,1,0,0,0,0
47913,1,0,0,0,0
47914,1,0,0,0,0
47915,1,0,0,0,0
47916,1,0,0,0,0
47917,1,0,0,0,0
47918,1,0,0,0,0
47919,1,0,0,0,0
47920,1,0,0,0,0
47921,1,0,0,0,0
47922,1,0,0,0,0
47923,1,0,0,0,0
47924,1,0,0,0,0
47925,1,0,0,0,0
47926,1,0,0,0,0
47927,1,0,0,0,0
47928,1,0,0,0,0
47929,1,0,0,0,0
47930,1,0,0,0,0
47931,1,0,0,0,0
47932,1,0,0,0,0
47933,1,0,0,0,0
47934,1,0,0,0,0
47935,1,0,0,0,0
47936,1,0,0,0,0
47937,1,0,0,0,0
47938,1,0,0,0,0
47939,1,0,0,0,0
47940,1,0,0,0,0
47941,1,0,0,0,0
47942,0,0,0,0,1
47943,0,0,0,0,1
47944,0,0,0,0,1
47945,0,0,0,0,1
47946,0,0,0,0,1
47947,0,0,0,0,1
47948,0,0,0,0,1
47949,0,0,0,0,1
47950,0,0,0,0,1
47951,0,0,0,0,1
47952,0,0,0,0,1
47953,0,0,0,0,1
47954,0,0,0,0,1
47955,0,0,0,0,1
47956,0,0,0,0,1
47957,0,0,0,0,1
47958,0,0,0,0,1
47959,0,0,0,0,1
47960,1,0,0,0,0
47961,1,0,0,0,0
47962,1,0,0,0,0
47963,1,0,0,0,0
47964,1,0,0,0,0
47965,1,0,0,0,0
47966,1,0,0,0,0
47967,1,0,0,0,0
47968,1,0,0,0,0
47969,1,0,0,0,0
47970,1,0,0,0,0
47971,1,0,0,0,0
47972,1,0,0,0,0
47973,1,0,0,0,0
47974,1,0,0,0,0
47975,1,0,0,0,0
47976,1,0,0,0,0
47977,1,0,0,0,0
47978,1,0,0,0,0
47979,1,0,0,0,0
47980,1,0,0,0,0
47981,1,0,0,0,0
47982,1,0,0,0,0
47983,1,0,0,0,0
47984,1,0,0,0,0
47985,1,0,0,0,0
47986,0,1,0,0,0
47987,0,1,0,0,0
47988,0,1,0,0,0
47989,0,1,0,0,0
47990,0,1,0,0,0
47991,0,1,0,0,0
47992,0,1,0,0,0
47993,0,1,0,0,0
47994,0,1,0,0,0
47995,0,1,0,0,0
47996,0,1,0,0,0
47997,0,1,0,0,0
47998,0,1,0,0,0
47999,0,1,0,0,0
48000,0,1,0,0,0
48001,0,1,0,0,0
48002,0,1,0,0,0
48003,0,1,0,0,0
48004,0,1,0,0,0
48005,0,1,0,0,0
48006,0,1,0,0,0
48007,0,1,0,0,0
48008,0,1,0,0,0
48009,0,1,0,0,0
48010,0,1,0,0,0
48011,0,1,0,0,0
48012,0,1,0,0,0
48013,0,1,0,0,0
48014,0,1,0,0,0
48015,0,1,0,0,0
48016,0,1,0,0,0
48017,0,1,0,0,0
48018,0,1,0,0,0
48019,0,1,0,0,0
48020,0,1,0,0,0
48021,0,1,0,0,0
48022,0,1,0,0,0
48023,0,1,0,0,0
48024,0,1,0,0,0
48025,0,1,0,0,0
48026,0,1,0,0,0
48027,0,1,0,0,0
48028,0,1,0,0,0
48029,0,1,0,0,0
48030,0,1,0,0,0
48031,0,1,0,0,0
48032,0,1,0,0,0
48033,0,1,0,0,0
48034,0,1,0,0,0
48035,0,1,0,0,0
48036,0,1,0,0,0
48037,0,1,0,0,0
48038,0,1,0,0,0
48039,0,1,0,0,0
48040,0,1,0,0,0
48041,0,1,0,0,0
48042,0,1,0,0,0
48043,0,1,0,0,0
48044,0,1,0,0,0
48045,0,1,0,0,0
48046,0,1,0,0,0
48047,0,1,0,0,0
48048,0,1,0,0,0
48049,0,1,0,0,0
48050,0,1,0,0,0
48051,0,1,0,0,0
48052,0,1,0,0,0
48053,1,0,0,0,0
48054,1,0,0,0,0
48055,1,0,0,0,0
48056,1,0,0,0,0
48057,1,0,0,0,0
48058,1,0,0,0,0
48059,1,0,0,0,0
48060,1,0,0,0,0
48061,1,0,0,0,0
48062,1,0,0,0,0
48063,1,0,0,0,0
48064,1,0,0,0,0
48065,1,0,0,0,0
48066,1,0,0,0,0
48067,1,0,0,0,0
48068,1,0,0,0,0
48069,1,0,0,0,0
48070,1,0,0,0,0
48071,1,0,0,0,0
48072,1,0,0,0,0
48073,1,0,0,0,0
48074,1,0,0,0,0
48075,1,0,0,0,0
48076,1,0,0,0,0
48077,1,0,0,0,0
48078,1,0,0,0,0
48079,1,0,0,0,0
48080,1,0,0,0,0
48081,1,0,0,0,0
48082,1,0,0,0,0
48083,1,0,0,0,0
48084,1,0,0,0,0
48085,1,0,0,0,0
48086,1,0,0,0,0
48087,1,0,0,0,0
48088,1,0,0,0,0
48089,1,0,0,0,0
48090,1,0,0,0,0
48091,1,0,0,0,0
48092,1,0,0,0,0
48093,1,0,0,0,0
48094,1,0,0,0,0
48095,1,0,0,0,0
48096,1,0,0,0,0
48097,1,0,0,0,0
48098,1,0,0,0,0
48099,1,0,0,0,0
48100,1,0,0,0,0
48101,1,0,0,0,0
48102,1,0,0,0,0
48103,1,0,0,0,0
48104,1,0,0,0,0
48105,1,0,0,0,0
48106,1,0,0,0,0
48107,1,0,0,0,0
48108,1,0,0,0,0
48109,1,0,0,0,0
48110,1,0,0,0,0
48111,1,0,0,0,0
48112,1,0,0,0,0
48113,1,0,0,0,0
48114,1,0,0,0,0
48115,1,0,0,0,0
48116,1,0,0,0,0
48117,1,0,0,0,0
48118,1,0,0,0,0
48119,1,0,0,0,0
48120,1,0,0,0,0
48121,1,0,0,0,0
48122,1,0,0,0,0
48123,1,0,0,0,0
48124,1,0,0,0,0
48125,1,0,0,0,0
48126,1,0,0,0,0
48127,1,0,0,0,0
48128,1,0,0,0,0
48129,1,0,0,0,0
48130,1,0,0,0,0
48131,1,0,0,0,0
48132,1,0,0,0,0
48133,1,0,0,0,0
48134,1,0,0,0,0
48135,1,0,0,0,0
48136,1,0,0,0,0
48137,1,0,0,0,0
48138,1,0,0,0,0
48139,1,0,0,0,0
48140,1,0,0,0,0
48141,1,0,0,0,0
48142,1,0,0,0,0
48143,1,0,0,0,0
48144,1,0,0,0,0
48145,1,0,0,0,0
48146,1,0,0,0,0
48147,1,0,0,0,0
48148,1,0,0,0,0
48149,1,0,0,0,0
48150,1,0,0,0,0
48151,1,0,0,0,0
48152,1,0,0,0,0
48153,1,0,0,0,0
48154,1,0,0,0,0
48155,1,0,0,0,0
48156,1,0,0,0,0
48157,1,0,0,0,0
48158,1,0,0,0,0
48159,1,0,0,0,0
48160,1,0,0,0,0
48161,0,1,0,0,0
48162,0,1,0,0,0
48163,0,1,0,0,0
48164,0,1,0,0,0
48165,0,1,0,0,0
48166,0,1,0,0,0
48167,0,1,0,0,0
48168,0,1,0,0,0
48169,0,1,0,0,0
48170,0,1,0,0,0
48171,0,1,0,0,0
48172,0,1,0,0,0
48173,0,1,0,0,0
48174,0,1,0,0,0
48175,0,1,0,0,0
48176,0,1,0,0,0
48177,0,1,0,0,0
48178,0,1,0,0,0
48179,0,1,0,0,0
48180,0,1,0,0,0
48181,0,1,0,0,0
48182,0,1,0,0,0
48183,0,1,0,0,0
48184,0,1,0,0,0
48185,0,1,0,0,0
48186,0,1,0,0,0
48187,0,1,0,0,0
48188,0,1,0,0,0
48189,0,1,0,0,0
48190,0,1,0,0,0
48191,0,1,0,0,0
48192,0,1,0,0,0
48193,0,1,0,0,0
48194,1,0,0,0,0
48195,1,0,0,0,0
48196,1,0,0,0,0
48197,1,0,0,0,0
48198,1,0,0,0,0
48199,1,0,0,0,0
48200,1,0,0,0,0
48201,1,0,0,0,0
48202,1,0,0,0,0
48203,1,0,0,0,0
48204,1,0,0,0,0
48205,1,0,0,0,0
48206,1,0,0,0,0
48207,1,0,0,0,0
48208,1,0,0,0,0
48209,1,0,0,0,0
48210,1,0,0,0,0
48211,1,0,0,0,0
48212,1,0,0,0,0
48213,1,0,0,0,0
48214,1,0,0,0,0
48215,1,0,0,0,0
48216,1,0,0,0,0
48217,1,0,0,0,0
48218,1,0,0,0,0
48219,1,0,0,0,0
48220,1,0,0,0,0
48221,1,0,0,0,0
48222,1,0,0,0,0
48223,1,0,0,0,0
48224,1,0,0,0,0
48225,1,0,0,0,0
48226,1,0,0,0,0
48227,1,0,0,0,0
48228,1,0,0,0,0
48229,1,0,0,0,0
48230,1,0,0,0,0
48231,1,0,0,0,0
48232,1,0,0,0,0
48233,1,0,0,0,0
48234,1,0,0,0,0
48235,1,0,0,0,0
48236,1,0,0,0,0
48237,1,0,0,0,0
48238,1,0,0,0,0
48239,1,0,0,0,0
48240,1,0,0,0,0
48241,1,0,0,0,0
48242,1,0,0,0,0
48243,1,0,0,0,0
48244,1,0,0,0,0
48245,1,0,0,0,0
48246,1,0,0,0,0
48247,1,0,0,0,0
48248,1,0,0,0,0
48249,1,0,0,0,0
48250,1,0,0,0,0
48251,1,0,0,0,0
48252,1,0,0,0,0
48253,1,0,0,0,0
48254,1,0,0,0,0
48255,1,0,0,0,0
48256,1,0,0,0,0
48257,1,0,0,0,0
48258,1,0,0,0,0
48259,1,0,0,0,0
48260,1,0,0,0,0
48261,1,0,0,0,0
48262,1,0,0,0,0
48263,1,0,0,0,0
48264,1,0,0,0,0
48265,1,0,0,0,0
48266,1,0,0,0,0
48267,1,0,0,0,0
48268,1,0,0,0,0
48269,1,0,0,0,0
48270,1,0,0,0,0
48271,1,0,0,0,0
48272,1,0,0,0,0
48273,1,0,0,0,0
48274,1,0,0,0,0
48275,1,0,0,0,0
48276,1,0,0,0,0
48277,1,0,0,0,0
48278,1,0,0,0,0
48279,1,0,0,0,0
48280,1,0,0,0,0
48281,1,0,0,0,0
48282,1,0,0,0,0
48283,1,0,0,0,0
48284,1,0,0,0,0
48285,1,0,0,0,0
48286,1,0,0,0,0
48287,1,0,0,0,0
48288,1,0,0,0,0
48289,1,0,0,0,0
48290,1,0,0,0,0
48291,1,0,0,0,0
48292,1,0,0,0,0
48293,1,0,0,0,0
48294,1,0,0,0,0
48295,1,0,0,0,0
48296,1,0,0,0,0
48297,1,0,0,0,0
48298,1,0,0,0,0
48299,1,0,0,0,0
48300,1,0,0,0,0
48301,1,0,0,0,0
48302,1,0,0,0,0
48303,1,0,0,0,0
48304,1,0,0,0,0
48305,1,0,0,0,0
48306,1,0,0,0,0
48307,1,0,0,0,0
48308,1,0,0,0,0
48309,1,0,0,0,0
48310,1,0,0,0,0
48311,1,0,0,0,0
48312,1,0,0,0,0
48313,1,0,0,0,0
48314,1,0,0,0,0
48315,1,0,0,0,0
48316,1,0,0,0,0
48317,1,0,0,0,0
48318,1,0,0,0,0
48319,1,0,0,0,0
48320,1,0,0,0,0
48321,1,0,0,0,0
48322,1,0,0,0,0
48323,1,0,0,0,0
48324,1,0,0,0,0
48325,1,0,0,0,0
48326,1,0,0,0,0
48327,1,0,0,0,0
48328,1,0,0,0,0
48329,1,0,0,0,0
48330,1,0,0,0,0
48331,0,0,0,0,1
48332,0,0,0,0,1
48333,0,0,0,0,1
48334,0,0,0,0,1
48335,0,0,0,0,1
48336,0,0,0,0,1
48337,0,0,0,0,1
48338,0,0,0,0,1
48339,0,0,0,0,1
48340,0,0,0,0,1
48341,0,0,0,0,1
48342,0,0,0,0,1
48343,0,0,0,0,1
48344,0,0,0,0,1
48345,0,0,0,0,1
48346,0,0,0,0,1
48347,0,0,0,0,1
48348,0,0,0,0,1
48349,0,0,0,0,1
48350,0,0,0,0,1
48351,0,0,0,0,1
48352,0,0,0,0,1
48353,0,0,0,0,1
48354,0,0,0,0,1
48355,0,0,0,0,1
48356,0,0,0,0,1
48357,0,0,0,0,1
48358,0,0,0,0,1
48359,0,0,0,0,1
48360,0,0,0,0,1
48361,1,0,0,0,0
48362,1,0,0,0,0
48363,1,0,0,0,0
48364,1,0,0,0,0
48365,1,0,0,0,0
48366,1,0,0,0,0
48367,1,0,0,0,0
48368,1,0,0,0,0
48369,1,0,0,0,0
48370,1,0,0,0,0
48371,1,0,0,0,0
48372,1,0,0,0,0
48373,1,0,0,0,0
48374,1,0,0,0,0
48375,1,0,0,0,0
48376,1,0,0,0,0
48377,1,0,0,0,0
48378,1,0,0,0,0
48379,1,0,0,0,0
48380,1,0,0,0,0
48381,1,0,0,0,0
48382,1,0,0,0,0
48383,1,0,0,0,0
48384,1,0,0,0,0
48385,1,0,0,0,0
48386,1,0,0,0,0
48387,1,0,0,0,0
48388,1,0,0,0,0
48389,1,0,0,0,0
48390,1,0,0,0,0
48391,1,0,0,0,0
48392,1,0,0,0,0
48393,1,0,0,0,0
48394,1,0,0,0,0
48395,1,0,0,0,0
48396,1,0,0,0,0
48397,1,0,0,0,0
48398,1,0,0,0,0
48399,1,0,0,0,0
48400,1,0,0,0,0
48401,1,0,0,0,0
48402,1,0,0,0,0
48403,1,0,0,0,0
48404,1,0,0,0,0
48405,1,0,0,0,0
48406,1,0,0,0,0
48407,1,0,0,0,0
48408,1,0,0,0,0
48409,1,0,0,0,0
48410,1,0,0,0,0
48411,1,0,0,0,0
48412,1,0,0,0,0
48413,1,0,0,0,0
48414,1,0,0,0,0
48415,1,0,0,0,0
48416,1,0,0,0,0
48417,1,0,0,0,0
48418,1,0,0,0,0
48419,1,0,0,0,0
48420,1,0,0,0,0
48421,1,0,0,0,0
48422,1,0,0,0,0
48423,1,0,0,0,0
48424,1,0,0,0,0
48425,1,0,0,0,0
48426,1,0,0,0,0
48427,1,0,0,0,0
48428,1,0,0,0,0
48429,1,0,0,0,0
48430,1,0,0,0,0
48431,1,0,0,0,0
48432,1,0,0,0,0
48433,1,0,0,0,0
48434,1,0,0,0,0
48435,1,0,0,0,0
48436,1,0,0,0,0
48437,1,0,0,0,0
48438,1,0,0,0,0
48439,1,0,0,0,0
48440,1,0,0,0,0
48441,1,0,0,0,0
48442,1,0,0,0,0
48443,1,0,0,0,0
48444,1,0,0,0,0
48445,1,0,0,0,0
48446,1,0,0,0,0
48447,1,0,0,0,0
48448,1,0,0,0,0
48449,1,0,0,0,0
48450,1,0,0,0,0
48451,1,0,0,0,0
48452,1,0,0,0,0
48453,1,0,0,0,0
48454,1,0,0,0,0
48455,1,0,0,0,0
48456,1,0,0,0,0
48457,1,0,0,0,0
48458,1,0,0,0,0
48459,1,0,0,0,0
48460,1,0,0,0,0
48461,1,0,0,0,0
48462,1,0,0,0,0
48463,1,0,0,0,0
48464,1,0,0,0,0
48465,1,0,0,0,0
48466,1,0,0,0,0
48467,1,0,0,0,0
48468,1,0,0,0,0
48469,1,0,0,0,0
48470,1,0,0,0,0
48471,1,0,0,0,0
48472,1,0,0,0,0
48473,1,0,0,0,0
48474,1,0,0,0,0
48475,1,0,0,0,0
48476,1,0,0,0,0
48477,1,0,0,0,0
48478,1,0,0,0,0
48479,1,0,0,0,0
48480,1,0,0,0,0
48481,1,0,0,0,0
48482,1,0,0,0,0
48483,1,0,0,0,0
48484,1,0,0,0,0
48485,1,0,0,0,0
48486,1,0,0,0,0
48487,1,0,0,0,0
48488,1,0,0,0,0
48489,1,0,0,0,0
48490,1,0,0,0,0
48491,1,0,0,0,0
48492,1,0,0,0,0
48493,1,0,0,0,0
48494,1,0,0,0,0
48495,1,0,0,0,0
48496,1,0,0,0,0
48497,1,0,0,0,0
48498,1,0,0,0,0
48499,1,0,0,0,0
48500,1,0,0,0,0
48501,1,0,0,0,0
48502,1,0,0,0,0
48503,1,0,0,0,0
48504,1,0,0,0,0
48505,1,0,0,0,0
48506,1,0,0,0,0
48507,1,0,0,0,0
48508,1,0,0,0,0
48509,1,0,0,0,0
48510,1,0,0,0,0
48511,1,0,0,0,0
48512,1,0,0,0,0
48513,1,0,0,0,0
48514,1,0,0,0,0
48515,1,0,0,0,0
48516,1,0,0,0,0
48517,1,0,0,0,0
48518,1,0,0,0,0
48519,1,0,0,0,0
48520,1,0,0,0,0
48521,1,0,0,0,0
48522,1,0,0,0,0
48523,1,0,0,0,0
48524,1,0,0,0,0
48525,1,0,0,0,0
48526,1,0,0,0,0
48527,1,0,0,0,0
48528,1,0,0,0,0
48529,1,0,0,0,0
48530,1,0,0,0,0
48531,1,0,0,0,0
48532,1,0,0,0,0
48533,1,0,0,0,0
48534,1,0,0,0,0
48535,1,0,0,0,0
48536,1,0,0,0,0
48537,1,0,0,0,0
48538,1,0,0,0,0
48539,1,0,0,0,0
48540,1,0,0,0,0
48541,1,0,0,0,0
48542,1,0,0,0,0
48543,1,0,0,0,0
48544,1,0,0,0,0
48545,1,0,0,0,0
48546,1,0,0,0,0
48547,1,0,0,0,0
48548,1,0,0,0,0
48549,1,0,0,0,0
48550,1,0,0,0,0
48551,1,0,0,0,0
48552,1,0,0,0,0
48553,1,0,0,0,0
48554,1,0,0,0,0
48555,1,0,0,0,0
48556,1,0,0,0,0
48557,1,0,0,0,0
48558,1,0,0,0,0
48559,1,0,0,0,0
48560,1,0,0,0,0
48561,1,0,0,0,0
48562,1,0,0,0,0
48563,0,0,0,0,1
48564,0,0,0,0,1
48565,0,0,0,0,1
48566,0,0,0,0,1
48567,0,0,0,0,1
48568,0,0,0,0,1
48569,0,0,0,0,1
48570,0,0,0,0,1
48571,0,0,0,0,1
48572,0,0,0,0,1
48573,0,0,0,0,1
48574,0,0,0,0,1
48575,0,0,0,0,1
48576,0,0,0,0,1
48577,0,0,0,0,1
48578,0,0,0,0,1
48579,0,0,0,0,1
48580,0,0,0,0,1
48581,0,0,0,0,1
48582,0,0,0,0,1
48583,0,0,0,0,1
48584,0,0,0,0,1
48585,0,0,0,0,1
48586,0,0,0,0,1
48587,0,0,0,0,1
48588,0,0,0,0,1
48589,0,0,0,0,1
48590,0,0,0,0,1
48591,0,0,0,0,1
48592,0,0,0,0,1
48593,0,0,0,0,1
48594,0,0,0,0,1
48595,0,0,0,0,1
48596,0,0,0,0,1
48597,0,0,0,0,1
48598,0,0,0,0,1
48599,0,0,0,0,1
48600,0,0,0,0,1
48601,0,0,0,0,1
48602,0,0,0,0,1
48603,0,0,0,0,1
48604,0,0,0,0,1
48605,0,0,0,0,1
48606,0,0,0,0,1
48607,0,0,0,0,1
48608,0,0,0,0,1
48609,0,0,0,0,1
48610,0,0,0,0,1
48611,0,0,0,0,1
48612,0,0,0,0,1
48613,0,0,0,0,1
48614,0,0,0,0,1
48615,0,0,0,0,1
48616,0,0,0,0,1
48617,0,0,0,0,1
48618,0,0,0,0,1
48619,0,0,0,0,1
48620,0,0,0,0,1
48621,0,0,0,0,1
48622,0,0,0,0,1
48623,0,0,0,0,1
48624,0,0,0,0,1
48625,0,0,0,0,1
48626,0,0,0,0,1
48627,0,0,0,0,1
48628,0,0,0,0,1
48629,0,0,0,0,1
48630,0,0,0,0,1
48631,0,0,0,0,1
48632,0,0,0,0,1
48633,0,0,0,0,1
48634,0,0,0,0,1
48635,0,0,0,0,1
48636,0,0,0,0,1
48637,0,0,0,0,1
48638,0,0,0,0,1
48639,0,0,0,0,1
48640,0,0,0,0,1
48641,0,0,0,0,1
48642,0,0,0,0,1
48643,0,0,0,0,1
48644,0,0,0,0,1
48645,0,0,0,0,1
48646,0,0,0,0,1
48647,0,0,0,0,1
48648,0,0,0,0,1
48649,0,0,0,0,1
48650,0,0,0,0,1
48651,0,0,0,0,1
48652,0,0,0,0,1
48653,0,0,0,0,1
48654,0,0,0,0,1
48655,0,0,0,0,1
48656,0,0,0,0,1
48657,0,0,0,0,1
48658,0,0,0,0,1
48659,0,0,0,0,1
48660,0,0,0,0,1
48661,0,0,0,0,1
48662,0,0,0,0,1
48663,0,0,0,0,1
48664,1,0,0,0,0
48665,1,0,0,0,0
48666,1,0,0,0,0
48667,1,0,0,0,0
48668,1,0,0,0,0
48669,1,0,0,0,0
48670,1,0,0,0,0
48671,1,0,0,0,0
48672,1,0,0,0,0
48673,1,0,0,0,0
48674,1,0,0,0,0
48675,1,0,0,0,0
48676,1,0,0,0,0
48677,1,0,0,0,0
48678,1,0,0,0,0
48679,1,0,0,0,0
48680,1,0,0,0,0
48681,1,0,0,0,0
48682,1,0,0,0,0
48683,1,0,0,0,0
48684,1,0,0,0,0
48685,1,0,0,0,0
48686,1,0,0,0,0
48687,1,0,0,0,0
48688,1,0,0,0,0
48689,1,0,0,0,0
48690,1,0,0,0,0
48691,1,0,0,0,0
48692,1,0,0,0,0
48693,1,0,0,0,0
48694,1,0,0,0,0
48695,1,0,0,0,0
48696,1,0,0,0,0
48697,1,0,0,0,0
48698,1,0,0,0,0
48699,1,0,0,0,0
48700,1,0,0,0,0
48701,1,0,0,0,0
48702,1,0,0,0,0
48703,1,0,0,0,0
48704,1,0,0,0,0
48705,1,0,0,0,0
48706,1,0,0,0,0
48707,1,0,0,0,0
48708,1,0,0,0,0
48709,1,0,0,0,0
48710,1,0,0,0,0
48711,1,0,0,0,0
48712,1,0,0,0,0
48713,1,0,0,0,0
48714,1,0,0,0,0
48715,1,0,0,0,0
48716,1,0,0,0,0
48717,1,0,0,0,0
48718,1,0,0,0,0
48719,1,0,0,0,0
48720,1,0,0,0,0
48721,1,0,0,0,0
48722,1,0,0,0,0
48723,1,0,0,0,0
48724,1,0,0,0,0
48725,1,0,0,0,0
48726,1,0,0,0,0
48727,1,0,0,0,0
48728,1,0,0,0,0
48729,1,0,0,0,0
48730,1,0,0,0,0
48731,1,0,0,0,0
48732,1,0,0,0,0
48733,1,0,0,0,0
48734,1,0,0,0,0
48735,1,0,0,0,0
48736,1,0,0,0,0
48737,1,0,0,0,0
48738,1,0,0,0,0
48739,1,0,0,0,0
48740,1,0,0,0,0
48741,1,0,0,0,0
48742,1,0,0,0,0
48743,1,0,0,0,0
48744,1,0,0,0,0
48745,1,0,0,0,0
48746,1,0,0,0,0
48747,1,0,0,0,0
48748,1,0,0,0,0
48749,1,0,0,0,0
48750,1,0,0,0,0
48751,1,0,0,0,0
48752,1,0,0,0,0
48753,1,0,0,0,0
48754,1,0,0,0,0
48755,1,0,0,0,0
48756,1,0,0,0,0
48757,1,0,0,0,0
48758,1,0,0,0,0
48759,1,0,0,0,0
48760,1,0,0,0,0
48761,1,0,0,0,0
48762,1,0,0,0,0
48763,1,0,0,0,0
48764,1,0,0,0,0
48765,1,0,0,0,0
48766,1,0,0,0,0
48767,1,0,0,0,0
48768,1,0,0,0,0
48769,1,0,0,0,0
48770,1,0,0,0,0
48771,1,0,0,0,0
48772,1,0,0,0,0
48773,0,1,0,0,0
48774,0,1,0,0,0
48775,0,1,0,0,0
48776,0,1,0,0,0
48777,0,1,0,0,0
48778,0,1,0,0,0
48779,0,1,0,0,0
48780,0,1,0,0,0
48781,0,1,0,0,0
48782,0,1,0,0,0
48783,0,1,0,0,0
48784,0,1,0,0,0
48785,0,1,0,0,0
48786,0,1,0,0,0
48787,0,1,0,0,0
48788,0,1,0,0,0
48789,0,1,0,0,0
48790,0,1,0,0,0
48791,0,1,0,0,0
48792,0,1,0,0,0
48793,0,1,0,0,0
48794,0,1,0,0,0
48795,0,1,0,0,0
48796,0,1,0,0,0
48797,0,1,0,0,0
48798,0,1,0,0,0
48799,0,1,0,0,0
48800,0,1,0,0,0
48801,0,1,0,0,0
48802,0,1,0,0,0
48803,0,1,0,0,0
48804,0,1,0,0,0
48805,0,1,0,0,0
48806,0,1,0,0,0
48807,0,1,0,0,0
48808,0,1,0,0,0
48809,0,1,0,0,0
48810,0,1,0,0,0
48811,0,1,0,0,0
48812,0,0,0,0,1
48813,0,0,0,0,1
48814,0,0,0,0,1
48815,0,0,0,0,1
48816,0,0,0,0,1
48817,0,0,0,0,1
48818,0,0,0,0,1
48819,0,0,0,0,1
48820,0,0,0,0,1
48821,0,0,0,0,1
48822,0,0,0,0,1
48823,0,0,0,0,1
48824,0,0,0,0,1
48825,0,0,0,0,1
48826,0,0,0,0,1
48827,0,0,0,0,1
48828,0,0,0,0,1
48829,0,0,0,0,1
48830,0,0,0,0,1
48831,0,0,0,0,1
48832,0,0,0,0,1
48833,0,0,0,0,1
48834,0,0,0,0,1
48835,0,0,0,0,1
48836,0,0,0,0,1
48837,0,0,0,0,1
48838,0,0,0,0,1
48839,0,0,0,0,1
48840,0,0,0,0,1
48841,0,0,0,0,1
48842,0,0,0,0,1
48843,0,0,0,0,1
48844,0,0,0,0,1
48845,0,0,0,0,1
48846,0,0,0,0,1
48847,0,0,0,0,1
48848,0,0,0,0,1
48849,0,0,0,0,1
48850,0,0,0,0,1
48851,0,0,0,0,1
48852,0,0,0,0,1
48853,0,0,0,0,1
48854,0,0,0,0,1
48855,0,0,0,0,1
48856,0,0,0,0,1
48857,0,0,0,0,1
48858,0,0,0,0,1
48859,0,0,0,0,1
48860,0,0,0,0,1
48861,0,0,0,0,1
48862,0,0,0,0,1
48863,0,0,0,0,1
48864,0,0,0,0,1
48865,0,0,0,0,1
48866,0,0,0,0,1
48867,0,0,0,0,1
48868,0,0,0,0,1
48869,0,0,0,0,1
48870,0,0,0,0,1
48871,0,0,0,0,1
48872,0,0,0,0,1
48873,0,0,0,0,1
48874,0,0,0,0,1
48875,0,0,0,0,1
48876,0,0,0,0,1
48877,0,0,0,0,1
48878,0,0,0,1,0
48879,0,0,0,1,0
48880,0,0,0,1,0
48881,0,0,0,1,0
48882,0,0,0,1,0
48883,1,0,0,0,0
48884,1,0,0,0,0
48885,1,0,0,0,0
48886,1,0,0,0,0
48887,1,0,0,0,0
48888,1,0,0,0,0
48889,1,0,0,0,0
48890,1,0,0,0,0
48891,1,0,0,0,0
48892,1,0,0,0,0
48893,1,0,0,0,0
48894,1,0,0,0,0
48895,1,0,0,0,0
48896,1,0,0,0,0
48897,1,0,0,0,0
48898,1,0,0,0,0
48899,1,0,0,0,0
48900,1,0,0,0,0
48901,1,0,0,0,0
48902,1,0,0,0,0
48903,1,0,0,0,0
48904,1,0,0,0,0
48905,1,0,0,0,0
48906,1,0,0,0,0
48907,1,0,0,0,0
48908,1,0,0,0,0
48909,1,0,0,0,0
48910,1,0,0,0,0
48911,1,0,0,0,0
48912,1,0,0,0,0
48913,1,0,0,0,0
48914,1,0,0,0,0
48915,1,0,0,0,0
48916,1,0,0,0,0
48917,1,0,0,0,0
48918,1,0,0,0,0
48919,1,0,0,0,0
48920,1,0,0,0,0
48921,1,0,0,0,0
48922,1,0,0,0,0
48923,1,0,0,0,0
48924,1,0,0,0,0
48925,1,0,0,0,0
48926,1,0,0,0,0
48927,1,0,0,0,0
48928,1,0,0,0,0
48929,1,0,0,0,0
48930,1,0,0,0,0
48931,1,0,0,0,0
48932,1,0,0,0,0
48933,1,0,0,0,0
48934,1,0,0,0,0
48935,1,0,0,0,0
48936,1,0,0,0,0
48937,1,0,0,0,0
48938,1,0,0,0,0
48939,1,0,0,0,0
48940,1,0,0,0,0
48941,1,0,0,0,0
48942,1,0,0,0,0
48943,1,0,0,0,0
48944,1,0,0,0,0
48945,1,0,0,0,0
48946,1,0,0,0,0
48947,1,0,0,0,0
48948,1,0,0,0,0
48949,1,0,0,0,0
48950,1,0,0,0,0
48951,1,0,0,0,0
48952,1,0,0,0,0
48953,1,0,0,0,0
48954,1,0,0,0,0
48955,1,0,0,0,0
48956,1,0,0,0,0
48957,1,0,0,0,0
48958,1,0,0,0,0
48959,1,0,0,0,0
48960,1,0,0,0,0
48961,1,0,0,0,0
48962,1,0,0,0,0
48963,1,0,0,0,0
48964,1,0,0,0,0
48965,1,0,0,0,0
48966,1,0,0,0,0
48967,1,0,0,0,0
48968,0,0,0,0,1
48969,0,0,0,0,1
48970,0,0,0,0,1
48971,0,0,0,0,1
48972,0,0,0,0,1
48973,0,0,0,0,1
48974,0,0,0,0,1
48975,0,0,0,0,1
48976,0,0,0,0,1
48977,0,0,0,0,1
48978,0,0,0,0,1
48979,0,0,0,0,1
48980,0,0,0,0,1
48981,0,0,0,0,1
48982,0,0,0,0,1
48983,0,0,0,0,1
48984,0,0,0,0,1
48985,0,0,0,0,1
48986,0,0,0,0,1
48987,0,0,0,0,1
48988,0,0,0,0,1
48989,0,0,0,0,1
48990,0,0,0,0,1
48991,0,0,0,0,1
48992,0,0,0,0,1
48993,0,0,0,0,1
48994,0,0,0,0,1
48995,0,0,0,0,1
48996,0,0,0,0,1
48997,0,0,0,0,1
48998,0,0,0,0,1
48999,0,0,0,0,1
49000,0,0,0,0,1
49001,0,0,0,0,1
49002,0,0,0,0,1
49003,0,0,0,0,1
49004,0,0,0,0,1
49005,0,0,0,0,1
49006,0,0,0,0,1
49007,0,0,0,0,1
49008,0,0,0,0,1
49009,0,0,0,0,1
49010,0,0,0,0,1
49011,0,0,0,0,1
49012,0,0,0,0,1
49013,0,0,0,0,1
49014,0,0,0,0,1
49015,0,0,0,0,1
49016,0,0,0,0,1
49017,0,0,0,0,1
49018,0,0,0,0,1
49019,0,0,0,0,1
49020,0,0,0,0,1
49021,0,0,0,0,1
49022,0,0,0,0,1
49023,0,0,0,0,1
49024,0,0,0,0,1
49025,0,0,0,0,1
49026,0,0,0,0,1
49027,0,0,0,0,1
49028,0,0,0,0,1
49029,0,0,0,0,1
49030,0,0,0,0,1
49031,0,0,0,0,1
49032,0,0,0,0,1
49033,0,0,0,0,1
49034,0,0,0,0,1
49035,0,0,0,0,1
49036,0,0,0,0,1
49037,0,0,0,0,1
49038,0,0,0,0,1
49039,0,0,0,0,1
49040,0,0,0,0,1
49041,0,0,0,0,1
49042,0,0,0,0,1
49043,0,0,0,0,1
49044,0,0,0,0,1
49045,0,0,0,0,1
49046,0,0,0,0,1
49047,0,0,0,0,1
49048,0,0,0,0,1
49049,0,0,0,0,1
49050,0,0,0,0,1
49051,0,0,0,0,1
49052,0,0,0,0,1
49053,0,0,0,0,1
49054,0,0,0,0,1
49055,0,0,0,0,1
49056,0,0,0,0,1
49057,0,0,0,0,1
49058,0,0,0,0,1
49059,0,0,0,0,1
49060,0,0,0,0,1
49061,0,0,0,0,1
49062,0,0,0,0,1
49063,0,0,0,0,1
49064,0,0,0,0,1
49065,0,0,0,0,1
49066,0,0,0,0,1
49067,0,0,0,0,1
49068,0,0,0,0,1
49069,0,0,0,0,1
49070,0,0,0,0,1
49071,0,0,0,0,1
49072,0,0,0,0,1
49073,0,0,0,0,1
49074,0,0,0,0,1
49075,0,0,0,0,1
49076,0,0,0,0,1
49077,0,0,0,0,1
49078,0,0,0,0,1
49079,0,0,0,0,1
49080,0,0,0,0,1
49081,0,0,0,0,1
49082,0,0,0,0,1
49083,0,0,0,0,1
49084,0,0,0,0,1
49085,0,0,0,0,1
49086,0,0,0,0,1
49087,0,0,0,0,1
49088,0,0,0,0,1
49089,0,0,0,0,1
49090,0,0,0,0,1
49091,0,0,0,0,1
49092,0,0,0,0,1
49093,0,0,0,0,1
49094,0,0,0,0,1
49095,0,0,0,0,1
49096,0,0,0,0,1
49097,0,0,0,0,1
49098,0,0,0,0,1
49099,0,0,0,0,1
49100,0,0,0,0,1
49101,0,0,0,0,1
49102,0,0,0,0,1
49103,0,0,0,0,1
49104,0,0,0,0,1
49105,0,0,0,0,1
49106,0,0,0,0,1
49107,0,0,0,0,1
49108,0,0,0,0,1
49109,0,0,0,0,1
49110,0,0,0,0,1
49111,0,0,0,0,1
49112,0,0,0,0,1
49113,0,0,0,0,1
49114,0,0,0,0,1
49115,0,0,0,0,1
49116,0,0,0,0,1
49117,0,0,0,0,1
49118,0,0,0,0,1
49119,0,0,0,0,1
49120,0,0,0,0,1
49121,0,0,0,0,1
49122,0,0,0,0,1
49123,0,0,0,0,1
49124,0,0,0,0,1
49125,0,0,0,0,1
49126,0,0,0,0,1
49127,0,0,0,0,1
49128,0,0,0,0,1
49129,0,0,0,0,1
49130,0,0,0,0,1
49131,0,0,0,0,1
49132,0,0,0,0,1
49133,0,0,0,0,1
49134,0,0,0,0,1
49135,0,0,0,0,1
49136,0,0,0,0,1
49137,0,0,0,0,1
49138,0,0,0,0,1
49139,0,0,0,0,1
49140,0,0,0,0,1
49141,0,0,0,0,1
49142,0,0,0,0,1
49143,0,0,0,0,1
49144,0,0,0,0,1
49145,0,0,0,0,1
49146,0,0,0,0,1
49147,0,0,0,0,1
49148,0,0,0,0,1
49149,0,0,0,0,1
49150,0,0,0,0,1
49151,0,0,0,0,1
49152,0,0,0,0,1
49153,0,0,0,0,1
49154,0,0,0,0,1
49155,0,0,0,0,1
49156,0,0,0,0,1
49157,0,0,0,0,1
49158,0,0,0,0,1
49159,0,0,0,0,1
49160,0,0,0,0,1
49161,0,0,0,0,1
49162,0,0,0,0,1
49163,0,0,0,0,1
49164,0,0,0,0,1
49165,0,0,0,0,1
49166,0,0,0,0,1
49167,0,0,0,0,1
49168,0,0,0,0,1
49169,0,0,0,0,1
49170,0,0,0,0,1
49171,0,0,0,0,1
49172,0,0,0,0,1
49173,0,0,0,0,1
49174,0,0,0,0,1
49175,0,0,0,0,1
49176,0,0,0,0,1
49177,0,0,0,0,1
49178,0,0,0,0,1
49179,0,0,0,0,1
49180,0,0,0,0,1
49181,0,0,0,0,1
49182,0,0,0,0,1
49183,0,0,0,0,1
49184,0,0,0,0,1
49185,0,0,0,0,1
49186,0,0,0,0,1
49187,0,0,0,0,1
49188,0,0,0,0,1
49189,0,0,0,0,1
49190,0,0,0,0,1
49191,0,0,0,0,1
49192,0,0,0,0,1
49193,0,0,0,0,1
49194,0,0,0,0,1
49195,0,0,0,0,1
49196,0,0,0,0,1
49197,0,0,0,0,1
49198,0,0,0,0,1
49199,0,0,0,0,1
49200,0,0,0,0,1
49201,0,0,0,0,1
49202,0,0,0,0,1
49203,0,0,0,0,1
49204,0,0,0,0,1
49205,0,0,0,0,1
49206,0,0,0,0,1
49207,0,0,0,0,1
49208,0,0,0,0,1
49209,0,0,0,0,1
49210,0,0,0,0,1
49211,0,0,0,0,1
49212,0,0,0,0,1
49213,0,0,0,0,1
49214,0,0,0,0,1
49215,0,0,0,0,1
49216,0,0,0,0,1
49217,0,0,0,0,1
49218,0,0,0,0,1
49219,0,0,0,0,1
49220,0,0,0,0,1
49221,0,0,0,0,1
49222,0,0,0,0,1
49223,0,0,0,0,1
49224,0,0,0,0,1
49225,0,0,0,0,1
49226,0,0,0,0,1
49227,0,0,0,0,1
49228,0,0,0,0,1
49229,0,0,0,0,1
49230,0,0,0,0,1
49231,0,0,0,0,1
49232,0,0,0,0,1
49233,0,0,0,0,1
49234,0,0,0,0,1
49235,0,0,0,0,1
49236,0,0,0,0,1
49237,0,0,0,0,1
49238,0,0,0,0,1
49239,0,0,0,0,1
49240,0,0,0,0,1
49241,0,0,0,0,1
49242,0,0,0,0,1
49243,0,0,0,0,1
49244,0,0,0,0,1
49245,0,0,0,0,1
49246,0,0,0,0,1
49247,0,0,0,0,1
49248,0,0,0,0,1
49249,0,0,0,0,1
49250,0,0,0,0,1
49251,0,0,0,0,1
49252,0,0,0,0,1
49253,1,0,0,0,0
49254,1,0,0,0,0
49255,1,0,0,0,0
49256,1,0,0,0,0
49257,1,0,0,0,0
49258,1,0,0,0,0
49259,1,0,0,0,0
49260,1,0,0,0,0
49261,1,0,0,0,0
49262,1,0,0,0,0
49263,1,0,0,0,0
49264,1,0,0,0,0
49265,1,0,0,0,0
49266,1,0,0,0,0
49267,1,0,0,0,0
49268,1,0,0,0,0
49269,1,0,0,0,0
49270,1,0,0,0,0
49271,1,0,0,0,0
49272,1,0,0,0,0
49273,1,0,0,0,0
49274,1,0,0,0,0
49275,1,0,0,0,0
49276,1,0,0,0,0
49277,1,0,0,0,0
49278,1,0,0,0,0
49279,1,0,0,0,0
49280,1,0,0,0,0
49281,1,0,0,0,0
49282,1,0,0,0,0
49283,0,0,0,0,1
49284,0,0,0,0,1
49285,0,0,0,0,1
49286,0,0,0,0,1
49287,0,0,0,0,1
49288,0,0,0,0,1
49289,0,0,0,0,1
49290,0,0,0,0,1
49291,0,0,0,0,1
49292,0,0,0,0,1
49293,0,0,0,0,1
49294,0,0,0,0,1
49295,0,0,0,0,1
49296,0,0,0,0,1
49297,0,0,0,0,1
49298,0,0,0,0,1
49299,0,0,0,0,1
49300,0,0,0,0,1
49301,0,0,0,0,1
49302,0,0,0,0,1
49303,0,0,0,0,1
49304,0,0,0,0,1
49305,0,0,0,0,1
49306,0,0,0,0,1
49307,0,0,0,0,1
49308,0,0,0,0,1
49309,0,0,0,0,1
49310,0,0,0,0,1
49311,0,0,0,0,1
49312,0,0,0,0,1
49313,0,0,0,0,1
49314,0,0,0,0,1
49315,0,0,0,0,1
49316,0,0,0,0,1
49317,0,0,0,0,1
49318,0,0,0,0,1
49319,0,0,0,0,1
49320,0,0,0,0,1
49321,0,0,0,0,1
49322,0,0,0,0,1
49323,0,0,0,0,1
49324,0,0,0,0,1
49325,0,0,0,0,1
49326,0,0,0,0,1
49327,0,0,0,0,1
49328,0,0,0,0,1
49329,0,0,0,0,1
49330,0,0,0,0,1
49331,0,0,0,0,1
49332,0,0,0,0,1
49333,0,0,0,0,1
49334,0,0,0,0,1
49335,0,0,0,0,1
49336,0,0,0,0,1
49337,0,0,0,0,1
49338,0,0,0,0,1
49339,0,0,0,0,1
49340,0,0,0,0,1
49341,0,0,0,0,1
49342,0,0,0,0,1
49343,0,0,0,0,1
49344,0,0,0,0,1
49345,0,0,0,0,1
49346,0,0,0,0,1
49347,0,0,0,0,1
49348,0,0,0,0,1
49349,1,0,0,0,0
49350,1,0,0,0,0
49351,1,0,0,0,0
49352,1,0,0,0,0
49353,1,0,0,0,0
49354,1,0,0,0,0
49355,1,0,0,0,0
49356,1,0,0,0,0
49357,1,0,0,0,0
49358,1,0,0,0,0
49359,1,0,0,0,0
49360,1,0,0,0,0
49361,1,0,0,0,0
49362,1,0,0,0,0
49363,1,0,0,0,0
49364,1,0,0,0,0
49365,1,0,0,0,0
49366,1,0,0,0,0
49367,1,0,0,0,0
49368,1,0,0,0,0
49369,1,0,0,0,0
49370,1,0,0,0,0
49371,1,0,0,0,0
49372,1,0,0,0,0
49373,1,0,0,0,0
49374,1,0,0,0,0
49375,1,0,0,0,0
49376,1,0,0,0,0
49377,1,0,0,0,0
49378,1,0,0,0,0
49379,1,0,0,0,0
49380,1,0,0,0,0
49381,1,0,0,0,0
49382,1,0,0,0,0
49383,1,0,0,0,0
49384,1,0,0,0,0
49385,1,0,0,0,0
49386,1,0,0,0,0
49387,1,0,0,0,0
49388,1,0,0,0,0
49389,1,0,0,0,0
49390,1,0,0,0,0
49391,1,0,0,0,0
49392,1,0,0,0,0
49393,1,0,0,0,0
49394,1,0,0,0,0
49395,1,0,0,0,0
49396,1,0,0,0,0
49397,1,0,0,0,0
49398,1,0,0,0,0
49399,1,0,0,0,0
49400,1,0,0,0,0
49401,1,0,0,0,0
49402,1,0,0,0,0
49403,1,0,0,0,0
49404,1,0,0,0,0
49405,1,0,0,0,0
49406,1,0,0,0,0
49407,1,0,0,0,0
49408,1,0,0,0,0
49409,1,0,0,0,0
49410,1,0,0,0,0
49411,1,0,0,0,0
49412,1,0,0,0,0
49413,1,0,0,0,0
49414,1,0,0,0,0
49415,1,0,0,0,0
49416,1,0,0,0,0
49417,1,0,0,0,0
49418,1,0,0,0,0
49419,1,0,0,0,0
49420,1,0,0,0,0
49421,1,0,0,0,0
49422,1,0,0,0,0
49423,1,0,0,0,0
49424,1,0,0,0,0
49425,1,0,0,0,0
49426,1,0,0,0,0
49427,1,0,0,0,0
49428,1,0,0,0,0
49429,1,0,0,0,0
49430,1,0,0,0,0
49431,1,0,0,0,0
49432,1,0,0,0,0
49433,1,0,0,0,0
49434,1,0,0,0,0
49435,1,0,0,0,0
49436,1,0,0,0,0
49437,1,0,0,0,0
49438,1,0,0,0,0
49439,0,0,0,0,1
49440,0,0,0,0,1
49441,0,0,0,0,1
49442,0,0,0,0,1
49443,0,0,0,0,1
49444,0,0,0,0,1
49445,0,0,0,0,1
49446,0,0,0,0,1
49447,0,0,0,0,1
49448,0,0,0,0,1
49449,0,0,0,0,1
49450,0,0,0,0,1
49451,0,0,0,0,1
49452,0,0,0,0,1
49453,0,0,0,0,1
49454,0,0,0,0,1
49455,0,0,0,0,1
49456,0,0,0,0,1
49457,0,0,0,1,0
49458,0,0,0,1,0
49459,0,0,0,1,0
49460,0,0,0,1,0
49461,0,0,0,1,0
49462,0,0,0,1,0
49463,0,0,0,1,0
49464,0,0,0,1,0
49465,0,0,0,1,0
49466,0,0,0,1,0
49467,0,0,0,1,0
49468,0,0,0,1,0
49469,1,0,0,0,0
49470,1,0,0,0,0
49471,1,0,0,0,0
49472,1,0,0,0,0
49473,1,0,0,0,0
49474,1,0,0,0,0
49475,1,0,0,0,0
49476,1,0,0,0,0
49477,1,0,0,0,0
49478,1,0,0,0,0
49479,1,0,0,0,0
49480,1,0,0,0,0
49481,1,0,0,0,0
49482,1,0,0,0,0
49483,1,0,0,0,0
49484,1,0,0,0,0
49485,1,0,0,0,0
49486,1,0,0,0,0
49487,1,0,0,0,0
49488,1,0,0,0,0
49489,1,0,0,0,0
49490,1,0,0,0,0
49491,1,0,0,0,0
49492,1,0,0,0,0
49493,1,0,0,0,0
49494,1,0,0,0,0
49495,1,0,0,0,0
49496,1,0,0,0,0
49497,1,0,0,0,0
49498,1,0,0,0,0
49499,1,0,0,0,0
49500,1,0,0,0,0
49501,1,0,0,0,0
49502,1,0,0,0,0
49503,1,0,0,0,0
49504,1,0,0,0,0
49505,1,0,0,0,0
49506,0,0,0,0,1
49507,0,0,0,0,1
49508,0,0,0,0,1
49509,0,0,0,0,1
49510,0,0,0,0,1
49511,0,0,0,0,1
49512,0,0,0,0,1
49513,0,0,0,0,1
49514,0,0,0,0,1
49515,0,0,0,0,1
49516,0,0,0,0,1
49517,0,0,0,0,1
49518,0,0,0,0,1
49519,0,0,0,0,1
49520,0,0,0,0,1
49521,0,0,0,0,1
49522,0,0,0,0,1
49523,0,0,0,0,1
49524,0,0,0,0,1
49525,0,0,0,0,1
49526,0,0,0,0,1
49527,0,0,0,0,1
49528,0,0,0,0,1
49529,0,0,0,0,1
49530,0,0,0,0,1
49531,0,0,0,0,1
49532,0,0,0,0,1
49533,0,0,0,0,1
49534,0,0,0,0,1
49535,0,0,0,0,1
49536,0,0,0,0,1
49537,0,0,0,0,1
49538,0,0,0,0,1
49539,0,0,0,0,1
49540,0,0,0,0,1
49541,0,0,0,0,1
49542,0,0,0,0,1
49543,0,0,0,0,1
49544,1,0,0,0,0
49545,1,0,0,0,0
49546,1,0,0,0,0
49547,1,0,0,0,0
49548,1,0,0,0,0
49549,1,0,0,0,0
49550,1,0,0,0,0
49551,1,0,0,0,0
49552,1,0,0,0,0
49553,1,0,0,0,0
49554,1,0,0,0,0
49555,1,0,0,0,0
49556,1,0,0,0,0
49557,1,0,0,0,0
49558,1,0,0,0,0
49559,1,0,0,0,0
49560,1,0,0,0,0
49561,1,0,0,0,0
49562,1,0,0,0,0
49563,1,0,0,0,0
49564,1,0,0,0,0
49565,1,0,0,0,0
49566,1,0,0,0,0
49567,1,0,0,0,0
49568,1,0,0,0,0
49569,1,0,0,0,0
49570,1,0,0,0,0
49571,1,0,0,0,0
49572,1,0,0,0,0
49573,1,0,0,0,0
49574,1,0,0,0,0
49575,1,0,0,0,0
49576,1,0,0,0,0
49577,1,0,0,0,0
49578,1,0,0,0,0
49579,1,0,0,0,0
49580,1,0,0,0,0
49581,1,0,0,0,0
49582,1,0,0,0,0
49583,1,0,0,0,0
49584,1,0,0,0,0
49585,1,0,0,0,0
49586,1,0,0,0,0
49587,1,0,0,0,0
49588,1,0,0,0,0
49589,1,0,0,0,0
49590,1,0,0,0,0
49591,1,0,0,0,0
49592,1,0,0,0,0
49593,1,0,0,0,0
49594,1,0,0,0,0
49595,1,0,0,0,0
49596,1,0,0,0,0
49597,1,0,0,0,0
49598,1,0,0,0,0
49599,1,0,0,0,0
49600,1,0,0,0,0
49601,1,0,0,0,0
49602,1,0,0,0,0
49603,1,0,0,0,0
49604,1,0,0,0,0
49605,1,0,0,0,0
49606,1,0,0,0,0
49607,1,0,0,0,0
49608,1,0,0,0,0
49609,1,0,0,0,0
49610,1,0,0,0,0
49611,1,0,0,0,0
49612,1,0,0,0,0
49613,0,0,0,0,1
49614,0,0,0,0,1
49615,0,0,0,0,1
49616,0,0,0,0,1
49617,0,0,0,0,1
49618,0,0,0,0,1
49619,0,0,0,0,1
49620,0,0,0,0,1
49621,0,0,0,0,1
49622,0,0,0,0,1
49623,0,0,0,0,1
49624,0,0,0,1,0
49625,0,0,0,1,0
49626,0,0,0,1,0
49627,0,0,0,1,0
49628,0,0,0,1,0
49629,0,0,0,1,0
49630,0,0,0,1,0
49631,0,0,0,1,0
49632,0,0,0,1,0
49633,0,0,0,1,0
49634,0,0,0,1,0
49635,0,0,0,1,0
49636,0,0,0,1,0
49637,0,0,0,1,0
49638,0,0,0,1,0
49639,0,0,0,1,0
49640,1,0,0,0,0
49641,1,0,0,0,0
49642,1,0,0,0,0
49643,1,0,0,0,0
49644,1,0,0,0,0
49645,1,0,0,0,0
49646,1,0,0,0,0
49647,1,0,0,0,0
49648,1,0,0,0,0
49649,1,0,0,0,0
49650,1,0,0,0,0
49651,1,0,0,0,0
49652,1,0,0,0,0
49653,1,0,0,0,0
49654,1,0,0,0,0
49655,1,0,0,0,0
49656,1,0,0,0,0
49657,1,0,0,0,0
49658,1,0,0,0,0
49659,1,0,0,0,0
49660,1,0,0,0,0
49661,1,0,0,0,0
49662,1,0,0,0,0
49663,1,0,0,0,0
49664,1,0,0,0,0
49665,1,0,0,0,0
49666,1,0,0,0,0
49667,1,0,0,0,0
49668,1,0,0,0,0
49669,1,0,0,0,0
49670,1,0,0,0,0
49671,1,0,0,0,0
49672,1,0,0,0,0
49673,1,0,0,0,0
49674,1,0,0,0,0
49675,1,0,0,0,0
49676,1,0,0,0,0
49677,1,0,0,0,0
49678,1,0,0,0,0
49679,1,0,0,0,0
49680,1,0,0,0,0
49681,1,0,0,0,0
49682,1,0,0,0,0
49683,1,0,0,0,0
49684,1,0,0,0,0
49685,1,0,0,0,0
49686,1,0,0,0,0
49687,1,0,0,0,0
49688,1,0,0,0,0
49689,1,0,0,0,0
49690,1,0,0,0,0
49691,1,0,0,0,0
49692,1,0,0,0,0
49693,1,0,0,0,0
49694,1,0,0,0,0
49695,1,0,0,0,0
49696,1,0,0,0,0
49697,1,0,0,0,0
49698,1,0,0,0,0
49699,1,0,0,0,0
49700,1,0,0,0,0
49701,1,0,0,0,0
49702,1,0,0,0,0
49703,1,0,0,0,0
49704,1,0,0,0,0
49705,1,0,0,0,0
49706,1,0,0,0,0
49707,1,0,0,0,0
49708,1,0,0,0,0
49709,1,0,0,0,0
49710,1,0,0,0,0
49711,1,0,0,0,0
49712,1,0,0,0,0
49713,1,0,0,0,0
49714,1,0,0,0,0
49715,1,0,0,0,0
49716,1,0,0,0,0
49717,1,0,0,0,0
49718,1,0,0,0,0
49719,1,0,0,0,0
49720,1,0,0,0,0
49721,1,0,0,0,0
49722,1,0,0,0,0
49723,1,0,0,0,0
49724,1,0,0,0,0
49725,1,0,0,0,0
49726,1,0,0,0,0
49727,1,0,0,0,0
49728,1,0,0,0,0
49729,1,0,0,0,0
49730,1,0,0,0,0
49731,1,0,0,0,0
49732,1,0,0,0,0
49733,1,0,0,0,0
49734,1,0,0,0,0
49735,1,0,0,0,0
49736,1,0,0,0,0
49737,1,0,0,0,0
49738,1,0,0,0,0
49739,1,0,0,0,0
49740,1,0,0,0,0
49741,1,0,0,0,0
49742,1,0,0,0,0
49743,1,0,0,0,0
49744,1,0,0,0,0
49745,1,0,0,0,0
49746,1,0,0,0,0
49747,1,0,0,0,0
49748,1,0,0,0,0
49749,1,0,0,0,0
49750,1,0,0,0,0
49751,1,0,0,0,0
49752,1,0,0,0,0
49753,1,0,0,0,0
49754,1,0,0,0,0
49755,1,0,0,0,0
49756,1,0,0,0,0
49757,1,0,0,0,0
49758,1,0,0,0,0
49759,1,0,0,0,0
49760,1,0,0,0,0
49761,1,0,0,0,0
49762,1,0,0,0,0
49763,1,0,0,0,0
49764,1,0,0,0,0
49765,1,0,0,0,0
49766,1,0,0,0,0
49767,1,0,0,0,0
49768,1,0,0,0,0
49769,1,0,0,0,0
49770,1,0,0,0,0
49771,1,0,0,0,0
49772,1,0,0,0,0
49773,1,0,0,0,0
49774,1,0,0,0,0
49775,1,0,0,0,0
49776,1,0,0,0,0
49777,1,0,0,0,0
49778,1,0,0,0,0
49779,1,0,0,0,0
49780,1,0,0,0,0
49781,1,0,0,0,0
49782,1,0,0,0,0
49783,1,0,0,0,0
49784,1,0,0,0,0
49785,1,0,0,0,0
49786,1,0,0,0,0
49787,0,1,0,0,0
49788,0,1,0,0,0
49789,0,1,0,0,0
49790,0,1,0,0,0
49791,0,1,0,0,0
49792,0,1,0,0,0
49793,0,1,0,0,0
49794,0,1,0,0,0
49795,0,1,0,0,0
49796,0,1,0,0,0
49797,0,1,0,0,0
49798,0,1,0,0,0
49799,0,1,0,0,0
49800,0,1,0,0,0
49801,0,1,0,0,0
49802,0,1,0,0,0
49803,0,1,0,0,0
49804,0,1,0,0,0
49805,0,1,0,0,0
49806,0,1,0,0,0
49807,0,1,0,0,0
49808,1,0,0,0,0
49809,1,0,0,0,0
49810,1,0,0,0,0
49811,1,0,0,0,0
49812,1,0,0,0,0
49813,1,0,0,0,0
49814,1,0,0,0,0
49815,1,0,0,0,0
49816,1,0,0,0,0
49817,1,0,0,0,0
49818,1,0,0,0,0
49819,1,0,0,0,0
49820,1,0,0,0,0
49821,1,0,0,0,0
49822,1,0,0,0,0
49823,1,0,0,0,0
49824,1,0,0,0,0
49825,1,0,0,0,0
49826,1,0,0,0,0
49827,1,0,0,0,0
49828,1,0,0,0,0
49829,1,0,0,0,0
49830,1,0,0,0,0
49831,1,0,0,0,0
49832,1,0,0,0,0
49833,1,0,0,0,0
49834,1,0,0,0,0
49835,1,0,0,0,0
49836,1,0,0,0,0
49837,1,0,0,0,0
49838,1,0,0,0,0
49839,1,0,0,0,0
49840,1,0,0,0,0
49841,1,0,0,0,0
49842,1,0,0,0,0
49843,1,0,0,0,0
49844,1,0,0,0,0
49845,1,0,0,0,0
49846,1,0,0,0,0
49847,1,0,0,0,0
49848,1,0,0,0,0
49849,1,0,0,0,0
49850,1,0,0,0,0
49851,1,0,0,0,0
49852,1,0,0,0,0
49853,1,0,0,0,0
49854,1,0,0,0,0
49855,1,0,0,0,0
49856,1,0,0,0,0
49857,1,0,0,0,0
49858,1,0,0,0,0
49859,1,0,0,0,0
49860,1,0,0,0,0
49861,1,0,0,0,0
49862,1,0,0,0,0
49863,1,0,0,0,0
49864,1,0,0,0,0
49865,1,0,0,0,0
49866,1,0,0,0,0
49867,1,0,0,0,0
49868,1,0,0,0,0
49869,1,0,0,0,0
49870,1,0,0,0,0
49871,1,0,0,0,0
49872,1,0,0,0,0
49873,1,0,0,0,0
49874,1,0,0,0,0
49875,1,0,0,0,0
49876,1,0,0,0,0
49877,1,0,0,0,0
49878,1,0,0,0,0
49879,1,0,0,0,0
49880,1,0,0,0,0
49881,1,0,0,0,0
49882,1,0,0,0,0
49883,1,0,0,0,0
49884,1,0,0,0,0
49885,1,0,0,0,0
49886,1,0,0,0,0
49887,1,0,0,0,0
49888,1,0,0,0,0
49889,1,0,0,0,0
49890,1,0,0,0,0
49891,1,0,0,0,0
49892,1,0,0,0,0
49893,1,0,0,0,0
49894,1,0,0,0,0
49895,1,0,0,0,0
49896,1,0,0,0,0
49897,1,0,0,0,0
49898,1,0,0,0,0
49899,1,0,0,0,0
49900,1,0,0,0,0
49901,1,0,0,0,0
49902,1,0,0,0,0
49903,1,0,0,0,0
49904,1,0,0,0,0
49905,1,0,0,0,0
49906,0,1,0,0,0
49907,0,1,0,0,0
49908,0,1,0,0,0
49909,0,1,0,0,0
49910,0,1,0,0,0
49911,0,1,0,0,0
49912,0,1,0,0,0
49913,0,1,0,0,0
49914,0,1,0,0,0
49915,0,1,0,0,0
49916,0,1,0,0,0
49917,0,1,0,0,0
49918,0,1,0,0,0
49919,0,1,0,0,0
49920,0,1,0,0,0
49921,0,1,0,0,0
49922,0,1,0,0,0
49923,0,1,0,0,0
49924,0,1,0,0,0
49925,0,1,0,0,0
49926,0,1,0,0,0
49927,0,1,0,0,0
49928,0,1,0,0,0
49929,0,1,0,0,0
49930,0,1,0,0,0
49931,0,1,0,0,0
49932,0,1,0,0,0
49933,0,1,0,0,0
49934,0,1,0,0,0
49935,0,1,0,0,0
49936,0,1,0,0,0
49937,0,1,0,0,0
49938,0,1,0,0,0
49939,0,1,0,0,0
49940,1,0,0,0,0
49941,1,0,0,0,0
49942,1,0,0,0,0
49943,1,0,0,0,0
49944,1,0,0,0,0
49945,1,0,0,0,0
49946,1,0,0,0,0
49947,1,0,0,0,0
49948,1,0,0,0,0
49949,1,0,0,0,0
49950,1,0,0,0,0
49951,1,0,0,0,0
49952,1,0,0,0,0
49953,1,0,0,0,0
49954,1,0,0,0,0
49955,1,0,0,0,0
49956,1,0,0,0,0
49957,1,0,0,0,0
49958,1,0,0,0,0
49959,1,0,0,0,0
49960,1,0,0,0,0
49961,1,0,0,0,0
49962,1,0,0,0,0
49963,1,0,0,0,0
49964,1,0,0,0,0
49965,1,0,0,0,0
49966,1,0,0,0,0
49967,1,0,0,0,0
49968,1,0,0,0,0
49969,1,0,0,0,0
49970,1,0,0,0,0
49971,1,0,0,0,0
49972,1,0,0,0,0
49973,1,0,0,0,0
49974,1,0,0,0,0
49975,1,0,0,0,0
49976,1,0,0,0,0
49977,1,0,0,0,0
49978,1,0,0,0,0
49979,1,0,0,0,0
49980,1,0,0,0,0
49981,1,0,0,0,0
49982,1,0,0,0,0
49983,1,0,0,0,0
49984,1,0,0,0,0
49985,1,0,0,0,0
49986,1,0,0,0,0
49987,1,0,0,0,0
49988,1,0,0,0,0
49989,1,0,0,0,0
49990,1,0,0,0,0
49991,1,0,0,0,0
49992,1,0,0,0,0
49993,1,0,0,0,0
49994,1,0,0,0,0
49995,1,0,0,0,0
49996,1,0,0,0,0
49997,1,0,0,0,0
49998,1,0,0,0,0
49999,1,0,0,0,0
50000,1,0,0,0,0
50001,1,0,0,0,0
50002,1,0,0,0,0
50003,1,0,0,0,0
50004,1,0,0,0,0
50005,1,0,0,0,0
50006,1,0,0,0,0
50007,1,0,0,0,0
50008,1,0,0,0,0
50009,1,0,0,0,0
50010,1,0,0,0,0
50011,1,0,0,0,0
50012,1,0,0,0,0
50013,1,0,0,0,0
50014,1,0,0,0,0
50015,0,0,0,0,1
50016,0,0,0,0,1
50017,0,0,0,0,1
50018,0,0,0,0,1
50019,0,0,0,0,1
50020,0,0,0,0,1
50021,0,0,0,0,1
50022,0,0,0,0,1
50023,0,0,0,0,1
50024,0,0,0,0,1
50025,0,0,0,0,1
50026,0,0,0,0,1
50027,0,0,0,0,1
50028,0,0,0,0,1
50029,0,0,0,0,1
50030,0,0,0,0,1
50031,0,0,0,0,1
50032,0,0,0,0,1
50033,0,0,0,0,1
50034,0,0,0,0,1
50035,0,0,0,0,1
50036,0,0,0,0,1
50037,0,0,0,0,1
50038,0,0,0,0,1
50039,0,0,0,0,1
50040,0,0,0,0,1
50041,0,0,0,0,1
50042,0,0,0,0,1
50043,0,0,0,0,1
50044,0,0,0,0,1
50045,0,0,0,0,1
50046,0,0,0,0,1
50047,0,0,0,0,1
50048,0,0,0,0,1
50049,0,0,0,0,1
50050,0,0,0,0,1
50051,0,0,0,0,1
50052,0,0,0,0,1
50053,0,0,0,0,1
50054,0,0,0,0,1
50055,0,0,0,0,1
50056,0,0,0,0,1
50057,0,0,0,0,1
50058,0,0,0,0,1
50059,0,0,0,0,1
50060,0,0,0,0,1
50061,0,0,0,0,1
50062,0,0,0,0,1
50063,0,0,0,0,1
50064,0,0,0,0,1
50065,0,0,0,0,1
50066,0,0,0,0,1
50067,0,0,0,0,1
50068,0,0,0,0,1
50069,0,0,0,0,1
50070,0,0,0,0,1
50071,0,0,0,0,1
50072,0,0,0,0,1
50073,0,0,0,0,1
50074,0,0,0,0,1
50075,0,0,0,0,1
50076,0,0,0,0,1
50077,1,0,0,0,0
50078,1,0,0,0,0
50079,1,0,0,0,0
50080,1,0,0,0,0
50081,1,0,0,0,0
50082,1,0,0,0,0
50083,1,0,0,0,0
50084,1,0,0,0,0
50085,1,0,0,0,0
50086,1,0,0,0,0
50087,1,0,0,0,0
50088,1,0,0,0,0
50089,1,0,0,0,0
50090,1,0,0,0,0
50091,1,0,0,0,0
50092,1,0,0,0,0
50093,1,0,0,0,0
50094,1,0,0,0,0
50095,0,0,0,0,1
50096,0,0,0,0,1
50097,0,0,0,0,1
50098,0,0,0,0,1
50099,0,0,0,0,1
50100,0,0,0,0,1
50101,0,0,0,0,1
50102,0,0,0,0,1
50103,0,0,0,0,1
50104,0,0,0,0,1
50105,0,0,0,0,1
50106,0,0,0,0,1
50107,0,0,0,0,1
50108,0,0,0,0,1
50109,0,0,0,0,1
50110,0,0,0,0,1
50111,0,0,0,0,1
50112,0,0,0,0,1
50113,0,0,0,0,1
50114,0,0,0,0,1
50115,0,0,0,0,1
50116,0,0,0,0,1
50117,0,0,0,0,1
50118,0,0,0,1,0
50119,0,0,0,1,0
50120,0,0,0,1,0
50121,0,0,0,1,0
50122,0,0,0,1,0
50123,0,0,0,1,0
50124,0,0,0,1,0
50125,0,0,0,1,0
50126,0,0,0,1,0
50127,1,0,0,0,0
50128,1,0,0,0,0
50129,1,0,0,0,0
50130,1,0,0,0,0
50131,1,0,0,0,0
50132,1,0,0,0,0
50133,1,0,0,0,0
50134,1,0,0,0,0
50135,1,0,0,0,0
50136,1,0,0,0,0
50137,1,0,0,0,0
50138,1,0,0,0,0
50139,1,0,0,0,0
50140,1,0,0,0,0
50141,1,0,0,0,0
50142,1,0,0,0,0
50143,1,0,0,0,0
50144,1,0,0,0,0
50145,1,0,0,0,0
50146,1,0,0,0,0
50147,1,0,0,0,0
50148,1,0,0,0,0
50149,1,0,0,0,0
50150,1,0,0,0,0
50151,1,0,0,0,0
50152,1,0,0,0,0
50153,1,0,0,0,0
50154,1,0,0,0,0
50155,1,0,0,0,0
50156,1,0,0,0,0
50157,1,0,0,0,0
50158,1,0,0,0,0
50159,1,0,0,0,0
50160,1,0,0,0,0
50161,1,0,0,0,0
50162,1,0,0,0,0
50163,1,0,0,0,0
50164,1,0,0,0,0
50165,1,0,0,0,0
50166,1,0,0,0,0
50167,1,0,0,0,0
50168,1,0,0,0,0
50169,1,0,0,0,0
50170,1,0,0,0,0
50171,1,0,0,0,0
50172,1,0,0,0,0
50173,1,0,0,0,0
50174,1,0,0,0,0
50175,1,0,0,0,0
50176,1,0,0,0,0
50177,1,0,0,0,0
50178,1,0,0,0,0
50179,1,0,0,0,0
50180,1,0,0,0,0
50181,1,0,0,0,0
50182,1,0,0,0,0
50183,1,0,0,0,0
50184,1,0,0,0,0
50185,1,0,0,0,0
50186,1,0,0,0,0
50187,1,0,0,0,0
50188,1,0,0,0,0
50189,1,0,0,0,0
50190,1,0,0,0,0
50191,1,0,0,0,0
50192,1,0,0,0,0
50193,1,0,0,0,0
50194,1,0,0,0,0
50195,1,0,0,0,0
50196,1,0,0,0,0
50197,1,0,0,0,0
50198,1,0,0,0,0
50199,1,0,0,0,0
50200,1,0,0,0,0
50201,1,0,0,0,0
50202,1,0,0,0,0
50203,1,0,0,0,0
50204,1,0,0,0,0
50205,1,0,0,0,0
50206,1,0,0,0,0
50207,1,0,0,0,0
50208,1,0,0,0,0
50209,1,0,0,0,0
50210,1,0,0,0,0
50211,1,0,0,0,0
50212,1,0,0,0,0
50213,1,0,0,0,0
50214,1,0,0,0,0
50215,1,0,0,0,0
50216,1,0,0,0,0
50217,1,0,0,0,0
50218,1,0,0,0,0
50219,1,0,0,0,0
50220,1,0,0,0,0
50221,1,0,0,0,0
50222,1,0,0,0,0
50223,1,0,0,0,0
50224,1,0,0,0,0
50225,1,0,0,0,0
50226,1,0,0,0,0
50227,1,0,0,0,0
50228,1,0,0,0,0
50229,1,0,0,0,0
50230,1,0,0,0,0
50231,1,0,0,0,0
50232,1,0,0,0,0
50233,1,0,0,0,0
50234,1,0,0,0,0
50235,1,0,0,0,0
50236,1,0,0,0,0
50237,1,0,0,0,0
50238,1,0,0,0,0
50239,1,0,0,0,0
50240,1,0,0,0,0
50241,1,0,0,0,0
50242,1,0,0,0,0
50243,1,0,0,0,0
50244,1,0,0,0,0
50245,0,0,0,0,1
50246,0,0,0,0,1
50247,0,0,0,0,1
50248,0,0,0,0,1
50249,0,0,0,0,1
50250,0,0,0,0,1
50251,0,0,0,0,1
50252,0,0,0,0,1
50253,0,0,0,0,1
50254,0,0,0,0,1
50255,0,0,0,0,1
50256,0,0,0,0,1
50257,0,0,0,0,1
50258,0,0,0,0,1
50259,0,0,0,0,1
50260,0,0,0,0,1
50261,0,0,0,0,1
50262,0,0,0,0,1
50263,0,0,0,0,1
50264,0,0,0,0,1
50265,0,0,0,0,1
50266,0,0,0,0,1
50267,0,0,0,0,1
50268,0,0,0,0,1
50269,0,0,0,0,1
50270,0,0,0,0,1
50271,0,0,0,0,1
50272,0,0,0,0,1
50273,0,0,0,0,1
50274,1,0,0,0,0
50275,1,0,0,0,0
50276,1,0,0,0,0
50277,1,0,0,0,0
50278,1,0,0,0,0
50279,1,0,0,0,0
50280,1,0,0,0,0
50281,1,0,0,0,0
50282,1,0,0,0,0
50283,1,0,0,0,0
50284,1,0,0,0,0
50285,1,0,0,0,0
50286,1,0,0,0,0
50287,1,0,0,0,0
50288,1,0,0,0,0
50289,1,0,0,0,0
50290,1,0,0,0,0
50291,1,0,0,0,0
50292,1,0,0,0,0
50293,1,0,0,0,0
50294,1,0,0,0,0
50295,1,0,0,0,0
50296,1,0,0,0,0
50297,1,0,0,0,0
50298,1,0,0,0,0
50299,1,0,0,0,0
50300,1,0,0,0,0
50301,1,0,0,0,0
50302,1,0,0,0,0
50303,1,0,0,0,0
50304,1,0,0,0,0
50305,0,0,0,0,1
50306,0,0,0,0,1
50307,0,0,0,0,1
50308,0,0,0,0,1
50309,0,0,0,0,1
50310,0,0,0,0,1
50311,0,0,0,0,1
50312,0,0,0,0,1
50313,0,0,0,0,1
50314,0,0,0,0,1
50315,0,0,0,0,1
50316,0,0,0,0,1
50317,0,0,0,0,1
50318,0,0,0,0,1
50319,0,0,0,0,1
50320,0,0,0,0,1
50321,0,0,0,0,1
50322,0,0,0,0,1
50323,0,0,0,0,1
50324,0,0,0,0,1
50325,0,0,0,0,1
50326,0,0,0,0,1
50327,0,0,0,0,1
50328,0,0,0,0,1
50329,0,0,0,0,1
50330,0,0,0,0,1
50331,0,0,0,0,1
50332,0,0,0,0,1
50333,0,0,0,0,1
50334,0,0,0,0,1
50335,0,0,0,0,1
50336,0,0,0,0,1
50337,0,0,0,0,1
50338,0,0,0,0,1
50339,0,0,0,0,1
50340,0,0,0,0,1
50341,0,0,0,0,1
50342,0,0,0,0,1
50343,0,0,0,0,1
50344,0,0,0,0,1
50345,0,0,0,0,1
50346,0,0,0,0,1
50347,0,0,0,0,1
50348,0,0,0,0,1
50349,0,0,0,0,1
50350,0,0,0,0,1
50351,0,0,0,0,1
50352,0,0,0,0,1
50353,0,0,0,0,1
50354,0,0,0,0,1
50355,0,0,0,0,1
50356,0,0,0,0,1
50357,0,0,0,0,1
50358,0,0,0,0,1
50359,0,0,0,0,1
50360,0,0,0,0,1
50361,0,0,0,0,1
50362,0,0,0,0,1
50363,0,0,0,0,1
50364,0,0,0,0,1
50365,0,0,0,0,1
50366,0,0,0,0,1
50367,0,0,0,0,1
50368,0,0,0,0,1
50369,0,0,0,0,1
50370,0,0,0,0,1
50371,0,0,0,0,1
50372,0,0,0,0,1
50373,0,0,0,0,1
50374,0,0,0,0,1
50375,0,0,0,0,1
50376,0,0,0,0,1
50377,0,0,0,0,1
50378,0,0,0,0,1
50379,0,0,0,0,1
50380,0,0,0,0,1
50381,0,0,0,0,1
50382,0,0,0,0,1
50383,0,0,0,0,1
50384,0,0,0,0,1
50385,0,0,0,0,1
50386,0,0,0,0,1
50387,0,0,0,0,1
50388,0,0,0,0,1
50389,0,0,0,0,1
50390,0,0,0,0,1
50391,0,0,0,0,1
50392,0,0,0,0,1
50393,0,0,0,0,1
50394,0,0,0,0,1
50395,0,0,0,0,1
50396,0,0,0,0,1
50397,0,0,0,0,1
50398,0,0,0,0,1
50399,0,0,0,0,1
50400,1,0,0,0,0
50401,1,0,0,0,0
50402,1,0,0,0,0
50403,1,0,0,0,0
50404,1,0,0,0,0
50405,1,0,0,0,0
50406,1,0,0,0,0
50407,1,0,0,0,0
50408,1,0,0,0,0
50409,1,0,0,0,0
50410,1,0,0,0,0
50411,1,0,0,0,0
50412,1,0,0,0,0
50413,1,0,0,0,0
50414,1,0,0,0,0
50415,1,0,0,0,0
50416,1,0,0,0,0
50417,1,0,0,0,0
50418,1,0,0,0,0
50419,1,0,0,0,0
50420,1,0,0,0,0
50421,1,0,0,0,0
50422,1,0,0,0,0
50423,1,0,0,0,0
50424,1,0,0,0,0
50425,1,0,0,0,0
50426,1,0,0,0,0
50427,1,0,0,0,0
50428,1,0,0,0,0
50429,1,0,0,0,0
50430,1,0,0,0,0
50431,1,0,0,0,0
50432,1,0,0,0,0
50433,0,0,0,0,1
50434,0,0,0,0,1
50435,0,0,0,0,1
50436,0,0,0,0,1
50437,0,0,0,0,1
50438,0,0,0,0,1
50439,0,0,0,0,1
50440,0,0,0,0,1
50441,0,0,0,0,1
50442,0,0,0,0,1
50443,0,0,0,0,1
50444,0,0,0,0,1
50445,0,0,0,0,1
50446,0,0,0,0,1
50447,0,0,0,0,1
50448,0,0,0,0,1
50449,0,0,0,0,1
50450,0,0,0,0,1
50451,0,0,0,0,1
50452,0,0,0,0,1
50453,0,0,0,0,1
50454,0,0,0,0,1
50455,0,0,0,0,1
50456,0,0,0,0,1
50457,0,0,0,0,1
50458,0,0,0,0,1
50459,0,0,0,0,1
50460,0,0,0,0,1
50461,0,0,0,0,1
50462,0,0,0,0,1
50463,0,0,0,0,1
50464,0,0,0,0,1
50465,0,0,0,0,1
50466,1,0,0,0,0
50467,1,0,0,0,0
50468,1,0,0,0,0
50469,1,0,0,0,0
50470,1,0,0,0,0
50471,1,0,0,0,0
50472,1,0,0,0,0
50473,1,0,0,0,0
50474,1,0,0,0,0
50475,1,0,0,0,0
50476,1,0,0,0,0
50477,1,0,0,0,0
50478,1,0,0,0,0
50479,1,0,0,0,0
50480,1,0,0,0,0
50481,1,0,0,0,0
50482,1,0,0,0,0
50483,1,0,0,0,0
50484,1,0,0,0,0
50485,1,0,0,0,0
50486,1,0,0,0,0
50487,1,0,0,0,0
50488,1,0,0,0,0
50489,1,0,0,0,0
50490,0,0,0,0,1
50491,0,0,0,0,1
50492,0,0,0,0,1
50493,0,0,0,0,1
50494,0,0,0,0,1
50495,0,0,0,0,1
50496,0,0,0,0,1
50497,0,0,0,0,1
50498,0,0,0,0,1
50499,0,0,0,0,1
50500,0,0,0,0,1
50501,0,0,0,0,1
50502,0,0,0,0,1
50503,0,0,0,0,1
50504,0,0,0,0,1
50505,0,0,0,0,1
50506,0,0,0,0,1
50507,0,0,0,0,1
50508,0,0,0,0,1
50509,0,0,0,0,1
50510,0,0,0,0,1
50511,0,0,0,0,1
50512,0,0,0,0,1
50513,0,0,0,0,1
50514,0,0,0,0,1
50515,0,0,0,0,1
50516,0,0,0,0,1
50517,0,0,0,0,1
50518,0,0,0,0,1
50519,0,0,0,0,1
50520,0,0,0,0,1
50521,0,0,0,0,1
50522,0,0,0,0,1
50523,0,0,0,0,1
50524,0,0,0,0,1
50525,0,0,0,0,1
50526,0,0,0,0,1
50527,0,0,0,0,1
50528,0,0,0,0,1
50529,0,0,0,0,1
50530,0,0,0,0,1
50531,0,0,0,0,1
50532,0,0,0,0,1
50533,0,0,0,0,1
50534,0,0,0,0,1
50535,0,0,0,0,1
50536,0,0,0,0,1
50537,0,0,0,0,1
50538,0,0,0,0,1
50539,0,0,0,0,1
50540,0,0,0,0,1
50541,0,0,0,0,1
50542,0,0,0,0,1
50543,0,0,0,0,1
50544,0,0,0,0,1
50545,0,0,0,0,1
50546,0,0,0,0,1
50547,0,0,0,0,1
50548,0,0,0,0,1
50549,0,0,0,0,1
50550,0,0,0,0,1
50551,0,0,0,0,1
50552,0,0,0,0,1
50553,0,0,0,0,1
50554,0,0,0,0,1
50555,0,0,0,0,1
50556,0,0,0,0,1
50557,0,0,0,0,1
50558,0,0,0,0,1
50559,0,0,0,0,1
50560,0,0,0,0,1
50561,0,0,0,0,1
50562,0,0,0,0,1
50563,0,0,0,0,1
50564,0,0,0,0,1
50565,0,0,0,0,1
50566,0,0,0,0,1
50567,0,0,0,0,1
50568,0,0,0,0,1
50569,0,0,0,0,1
50570,0,0,0,0,1
50571,0,0,0,0,1
50572,0,0,0,0,1
50573,0,0,0,0,1
50574,0,0,0,0,1
50575,0,0,0,0,1
50576,0,0,0,0,1
50577,0,0,0,0,1
50578,0,0,0,0,1
50579,0,0,0,0,1
50580,0,0,0,0,1
50581,0,0,0,0,1
50582,0,0,0,0,1
50583,0,0,0,0,1
50584,0,0,0,0,1
50585,0,0,0,0,1
50586,0,0,0,0,1
50587,0,0,0,0,1
50588,0,0,0,0,1
50589,0,0,0,0,1
50590,0,0,0,0,1
50591,0,0,0,0,1
50592,0,0,0,0,1
50593,0,0,0,0,1
50594,0,0,0,0,1
50595,0,0,0,0,1
50596,0,0,0,0,1
50597,0,0,0,0,1
50598,0,0,0,0,1
50599,0,0,0,0,1
50600,0,0,0,0,1
50601,0,0,0,0,1
50602,0,0,0,0,1
50603,0,0,0,0,1
50604,0,0,0,0,1
50605,0,0,0,0,1
50606,0,0,0,0,1
50607,0,0,0,0,1
50608,0,0,0,0,1
50609,0,0,0,0,1
50610,0,0,0,0,1
50611,0,0,0,0,1
50612,0,0,0,0,1
50613,0,0,0,0,1
50614,0,0,0,0,1
50615,0,0,0,0,1
50616,0,0,0,0,1
50617,0,0,0,0,1
50618,0,0,0,0,1
50619,0,0,0,0,1
50620,0,0,0,0,1
50621,0,0,0,0,1
50622,0,0,0,0,1
50623,0,0,0,0,1
50624,0,0,0,0,1
50625,0,0,0,0,1
50626,0,0,0,0,1
50627,0,0,0,0,1
50628,0,0,0,0,1
50629,0,0,0,0,1
50630,0,0,0,0,1
50631,0,0,0,0,1
50632,0,0,0,0,1
50633,0,0,0,0,1
50634,0,0,0,0,1
50635,0,0,0,0,1
50636,0,0,0,0,1
50637,0,0,0,0,1
50638,0,0,0,0,1
50639,0,0,0,0,1
50640,0,0,0,0,1
50641,0,0,0,0,1
50642,0,0,0,0,1
50643,0,0,0,0,1
50644,0,0,0,0,1
50645,0,0,0,0,1
50646,0,0,0,0,1
50647,0,0,0,0,1
50648,0,0,0,0,1
50649,0,0,0,0,1
50650,0,0,0,0,1
50651,0,0,0,0,1
50652,0,0,0,0,1
50653,0,0,0,0,1
50654,0,0,0,0,1
50655,0,0,0,0,1
50656,0,0,0,0,1
50657,0,0,0,0,1
50658,0,0,0,0,1
50659,0,0,0,0,1
50660,0,0,0,0,1
50661,0,0,0,0,1
50662,0,0,0,0,1
50663,0,0,0,0,1
50664,0,0,0,0,1
50665,0,0,0,0,1
50666,0,0,0,0,1
50667,0,0,0,0,1
50668,0,0,0,0,1
50669,0,0,0,0,1
50670,0,0,0,0,1
50671,0,0,0,0,1
50672,0,0,0,0,1
50673,0,0,0,0,1
50674,0,0,0,0,1
50675,0,0,0,0,1
50676,0,0,0,0,1
50677,0,0,0,0,1
50678,0,0,0,0,1
50679,0,0,0,0,1
50680,0,0,0,0,1
50681,0,0,0,0,1
50682,0,0,0,0,1
50683,0,0,0,0,1
50684,0,0,0,0,1
50685,0,0,0,0,1
50686,0,0,0,0,1
50687,0,0,0,0,1
50688,0,0,0,0,1
50689,0,0,0,0,1
50690,0,0,0,0,1
50691,0,0,0,0,1
50692,0,0,0,0,1
50693,0,0,0,0,1
50694,0,0,0,0,1
50695,0,0,0,0,1
50696,0,0,0,0,1
50697,0,0,0,0,1
50698,0,0,0,0,1
50699,0,0,0,0,1
50700,0,0,0,0,1
50701,0,0,0,0,1
50702,0,0,0,0,1
50703,0,0,0,0,1
50704,0,0,0,0,1
50705,0,0,0,0,1
50706,0,0,0,0,1
50707,0,0,0,0,1
50708,0,0,0,0,1
50709,0,0,0,0,1
50710,0,0,0,0,1
50711,0,0,0,0,1
50712,0,0,0,0,1
50713,0,0,0,0,1
50714,0,0,0,0,1
50715,0,0,0,0,1
50716,0,0,0,0,1
50717,0,0,0,0,1
50718,0,0,0,0,1
50719,0,0,0,0,1
50720,0,0,0,0,1
50721,0,0,0,0,1
50722,0,0,0,0,1
50723,0,0,0,0,1
50724,0,0,0,0,1
50725,0,0,0,0,1
50726,0,0,0,0,1
50727,0,0,0,0,1
50728,0,0,0,0,1
50729,0,0,0,0,1
50730,0,0,0,0,1
50731,0,0,0,0,1
50732,0,0,0,0,1
50733,0,0,0,0,1
50734,0,0,0,0,1
50735,0,0,0,0,1
50736,0,0,0,0,1
50737,0,0,0,0,1
50738,0,0,0,0,1
50739,0,0,0,0,1
50740,0,0,0,0,1
50741,0,0,0,0,1
50742,0,0,0,0,1
50743,0,0,0,0,1
50744,0,0,0,0,1
50745,1,0,0,0,0
50746,1,0,0,0,0
50747,1,0,0,0,0
50748,1,0,0,0,0
50749,1,0,0,0,0
50750,1,0,0,0,0
50751,1,0,0,0,0
50752,1,0,0,0,0
50753,1,0,0,0,0
50754,1,0,0,0,0
50755,1,0,0,0,0
50756,1,0,0,0,0
50757,1,0,0,0,0
50758,1,0,0,0,0
50759,1,0,0,0,0
50760,1,0,0,0,0
50761,1,0,0,0,0
50762,1,0,0,0,0
50763,1,0,0,0,0
50764,1,0,0,0,0
50765,1,0,0,0,0
50766,1,0,0,0,0
50767,1,0,0,0,0
50768,1,0,0,0,0
50769,1,0,0,0,0
50770,1,0,0,0,0
50771,1,0,0,0,0
50772,1,0,0,0,0
50773,1,0,0,0,0
50774,1,0,0,0,0
50775,1,0,0,0,0
50776,1,0,0,0,0
50777,1,0,0,0,0
50778,1,0,0,0,0
50779,1,0,0,0,0
50780,1,0,0,0,0
50781,1,0,0,0,0
50782,1,0,0,0,0
50783,1,0,0,0,0
50784,1,0,0,0,0
50785,1,0,0,0,0
50786,1,0,0,0,0
50787,1,0,0,0,0
50788,1,0,0,0,0
50789,1,0,0,0,0
50790,1,0,0,0,0
50791,1,0,0,0,0
50792,1,0,0,0,0
50793,1,0,0,0,0
50794,1,0,0,0,0
50795,1,0,0,0,0
50796,1,0,0,0,0
50797,1,0,0,0,0
50798,1,0,0,0,0
50799,0,0,1,0,0
50800,0,0,1,0,0
50801,0,0,1,0,0
50802,0,0,1,0,0
50803,0,0,1,0,0
50804,0,0,1,0,0
50805,0,0,1,0,0
50806,0,0,1,0,0
50807,0,0,1,0,0
50808,0,0,1,0,0
50809,0,0,1,0,0
50810,0,0,1,0,0
50811,0,0,1,0,0
50812,0,0,1,0,0
50813,0,0,1,0,0
50814,0,0,1,0,0
50815,0,0,1,0,0
50816,0,0,1,0,0
50817,0,0,1,0,0
50818,0,0,1,0,0
50819,0,0,1,0,0
50820,0,0,1,0,0
50821,0,0,1,0,0
50822,0,0,1,0,0
50823,0,0,1,0,0
50824,0,0,1,0,0
50825,0,0,1,0,0
50826,0,0,1,0,0
50827,0,0,1,0,0
50828,0,0,1,0,0
50829,0,0,1,0,0
50830,0,0,1,0,0
50831,0,0,1,0,0
50832,0,0,1,0,0
50833,0,0,1,0,0
50834,0,0,1,0,0
50835,0,0,1,0,0
50836,0,0,1,0,0
50837,1,0,0,0,0
50838,1,0,0,0,0
50839,1,0,0,0,0
50840,1,0,0,0,0
50841,1,0,0,0,0
50842,1,0,0,0,0
50843,1,0,0,0,0
50844,1,0,0,0,0
50845,1,0,0,0,0
50846,1,0,0,0,0
50847,1,0,0,0,0
50848,1,0,0,0,0
50849,1,0,0,0,0
50850,1,0,0,0,0
50851,1,0,0,0,0
50852,1,0,0,0,0
50853,1,0,0,0,0
50854,1,0,0,0,0
50855,1,0,0,0,0
50856,1,0,0,0,0
50857,1,0,0,0,0
50858,1,0,0,0,0
50859,1,0,0,0,0
50860,1,0,0,0,0
50861,1,0,0,0,0
50862,1,0,0,0,0
50863,1,0,0,0,0
50864,1,0,0,0,0
50865,1,0,0,0,0
50866,1,0,0,0,0
50867,1,0,0,0,0
50868,0,0,0,0,1
50869,0,0,0,0,1
50870,0,0,0,0,1
50871,0,0,0,0,1
50872,0,0,0,0,1
50873,0,0,0,0,1
50874,0,0,0,0,1
50875,0,0,0,0,1
50876,0,0,0,0,1
50877,0,0,0,0,1
50878,0,0,0,0,1
50879,0,0,0,0,1
50880,0,0,0,0,1
50881,0,0,0,0,1
50882,0,0,0,0,1
50883,0,0,0,0,1
50884,0,0,0,0,1
50885,0,0,0,0,1
50886,0,0,0,0,1
50887,0,0,0,0,1
50888,0,0,0,0,1
50889,0,0,0,0,1
50890,0,0,0,0,1
50891,0,0,0,0,1
50892,0,0,0,0,1
50893,0,0,0,0,1
50894,0,0,0,0,1
50895,0,0,0,0,1
50896,0,0,0,0,1
50897,0,0,0,0,1
50898,0,0,0,0,1
50899,0,0,0,0,1
50900,0,0,0,0,1
50901,0,0,0,0,1
50902,0,0,0,0,1
50903,0,0,0,0,1
50904,0,0,0,0,1
50905,0,0,0,0,1
50906,0,0,0,0,1
50907,0,0,0,0,1
50908,0,0,0,0,1
50909,0,0,0,0,1
50910,0,0,0,0,1
50911,0,0,0,0,1
50912,0,0,0,0,1
50913,0,0,0,0,1
50914,0,0,0,0,1
50915,0,0,0,0,1
50916,0,0,0,0,1
50917,0,0,0,0,1
50918,0,0,0,0,1
50919,0,0,0,0,1
50920,0,0,0,0,1
50921,0,0,0,0,1
50922,0,0,0,0,1
50923,0,0,0,0,1
50924,0,0,0,0,1
50925,0,0,0,0,1
50926,0,0,0,0,1
50927,0,0,0,0,1
50928,0,0,0,0,1
50929,0,0,0,0,1
50930,0,0,0,0,1
50931,0,0,0,0,1
50932,0,0,0,0,1
50933,0,0,0,0,1
50934,0,0,0,0,1
50935,0,0,0,0,1
50936,0,0,0,0,1
50937,0,0,0,0,1
50938,0,0,0,0,1
50939,0,0,0,0,1
50940,0,0,0,0,1
50941,0,0,0,0,1
50942,0,0,0,0,1
50943,0,0,0,0,1
50944,0,0,0,0,1
50945,0,0,0,0,1
50946,0,0,0,0,1
50947,0,0,0,0,1
50948,0,0,0,0,1
50949,0,0,0,0,1
50950,0,0,0,0,1
50951,0,0,0,0,1
50952,1,0,0,0,0
50953,1,0,0,0,0
50954,1,0,0,0,0
50955,1,0,0,0,0
50956,1,0,0,0,0
50957,1,0,0,0,0
50958,1,0,0,0,0
50959,1,0,0,0,0
50960,1,0,0,0,0
50961,1,0,0,0,0
50962,1,0,0,0,0
50963,1,0,0,0,0
50964,1,0,0,0,0
50965,1,0,0,0,0
50966,1,0,0,0,0
50967,1,0,0,0,0
50968,1,0,0,0,0
50969,1,0,0,0,0
50970,1,0,0,0,0
50971,1,0,0,0,0
50972,1,0,0,0,0
50973,1,0,0,0,0
50974,1,0,0,0,0
50975,1,0,0,0,0
50976,1,0,0,0,0
50977,1,0,0,0,0
50978,1,0,0,0,0
50979,1,0,0,0,0
50980,1,0,0,0,0
50981,0,0,0,0,1
50982,0,0,0,0,1
50983,0,0,0,0,1
50984,0,0,0,0,1
50985,0,0,0,0,1
50986,0,0,0,0,1
50987,0,0,0,0,1
50988,0,0,0,0,1
50989,0,0,0,0,1
50990,0,0,0,0,1
50991,0,0,0,0,1
50992,0,0,0,0,1
50993,0,0,0,0,1
50994,0,0,0,0,1
50995,0,0,0,0,1
50996,0,0,0,0,1
50997,0,0,0,0,1
50998,0,0,0,0,1
50999,0,0,0,0,1
51000,0,0,0,0,1
51001,0,0,0,0,1
51002,0,0,0,0,1
51003,0,0,0,0,1
51004,0,0,0,0,1
51005,0,0,0,0,1
51006,0,0,0,0,1
51007,0,0,0,0,1
51008,0,0,0,0,1
51009,0,0,0,0,1
51010,0,0,0,0,1
51011,0,0,0,0,1
51012,0,0,0,0,1
51013,0,0,0,0,1
51014,0,0,0,0,1
51015,0,0,0,0,1
51016,0,0,0,0,1
51017,0,0,0,0,1
51018,0,0,0,0,1
51019,0,0,0,0,1
51020,0,0,0,0,1
51021,0,0,0,0,1
51022,0,0,0,0,1
51023,0,0,0,0,1
51024,0,0,0,0,1
51025,0,0,0,0,1
51026,0,0,0,0,1
51027,0,0,0,0,1
51028,0,0,0,0,1
51029,0,0,0,0,1
51030,0,0,0,0,1
51031,0,0,0,0,1
51032,0,0,0,0,1
51033,0,0,0,0,1
51034,0,0,0,0,1
51035,0,0,0,0,1
51036,0,0,0,0,1
51037,0,0,0,0,1
51038,0,0,0,0,1
51039,0,0,0,0,1
51040,0,0,0,0,1
51041,0,0,0,0,1
51042,0,0,0,0,1
51043,0,0,0,0,1
51044,0,0,0,0,1
51045,0,0,0,0,1
51046,0,0,0,0,1
51047,0,0,0,0,1
51048,0,0,0,0,1
51049,0,0,0,0,1
51050,0,0,0,0,1
51051,0,0,0,0,1
51052,0,0,0,0,1
51053,0,0,0,0,1
51054,0,0,0,0,1
51055,0,0,0,0,1
51056,0,0,0,0,1
51057,0,0,0,0,1
51058,0,0,0,0,1
51059,0,0,0,0,1
51060,0,0,0,0,1
51061,0,0,0,0,1
51062,0,0,0,0,1
51063,0,0,0,0,1
51064,0,0,0,0,1
51065,0,0,0,0,1
51066,0,0,0,0,1
51067,0,0,0,0,1
51068,0,0,0,0,1
51069,0,0,0,0,1
51070,0,0,0,0,1
51071,0,0,0,0,1
51072,0,0,0,0,1
51073,0,0,0,0,1
51074,0,0,0,0,1
51075,0,0,0,0,1
51076,0,0,0,0,1
51077,0,0,0,0,1
51078,0,0,0,0,1
51079,0,0,0,0,1
51080,0,0,0,0,1
51081,0,0,0,0,1
51082,0,0,0,0,1
51083,0,0,0,0,1
51084,0,0,0,0,1
51085,0,0,0,0,1
51086,0,0,0,0,1
51087,0,0,0,0,1
51088,0,0,0,0,1
51089,0,0,0,0,1
51090,0,0,0,0,1
51091,0,0,0,0,1
51092,0,0,0,0,1
51093,0,0,0,0,1
51094,0,0,0,0,1
51095,0,0,0,0,1
51096,0,0,0,0,1
51097,0,0,0,0,1
51098,0,0,0,0,1
51099,0,0,0,0,1
51100,0,0,0,0,1
51101,0,0,0,0,1
51102,0,0,0,0,1
51103,0,0,0,0,1
51104,0,0,0,0,1
51105,0,0,0,0,1
51106,0,0,0,0,1
51107,0,0,0,0,1
51108,0,0,0,0,1
51109,0,0,0,0,1
51110,0,0,0,0,1
51111,0,0,0,0,1
51112,0,0,0,0,1
51113,1,0,0,0,0
51114,1,0,0,0,0
51115,1,0,0,0,0
51116,1,0,0,0,0
51117,1,0,0,0,0
51118,1,0,0,0,0
51119,1,0,0,0,0
51120,1,0,0,0,0
51121,1,0,0,0,0
51122,1,0,0,0,0
51123,1,0,0,0,0
51124,1,0,0,0,0
51125,1,0,0,0,0
51126,1,0,0,0,0
51127,1,0,0,0,0
51128,1,0,0,0,0
51129,1,0,0,0,0
51130,1,0,0,0,0
51131,1,0,0,0,0
51132,1,0,0,0,0
51133,1,0,0,0,0
51134,1,0,0,0,0
51135,1,0,0,0,0
51136,1,0,0,0,0
51137,1,0,0,0,0
51138,1,0,0,0,0
51139,1,0,0,0,0
51140,1,0,0,0,0
51141,1,0,0,0,0
51142,1,0,0,0,0
51143,1,0,0,0,0
51144,1,0,0,0,0
51145,1,0,0,0,0
51146,1,0,0,0,0
51147,1,0,0,0,0
51148,1,0,0,0,0
51149,1,0,0,0,0
51150,1,0,0,0,0
51151,1,0,0,0,0
51152,1,0,0,0,0
51153,1,0,0,0,0
51154,1,0,0,0,0
51155,1,0,0,0,0
51156,1,0,0,0,0
51157,1,0,0,0,0
51158,1,0,0,0,0
51159,1,0,0,0,0
51160,1,0,0,0,0
51161,1,0,0,0,0
51162,1,0,0,0,0
51163,1,0,0,0,0
51164,1,0,0,0,0
51165,1,0,0,0,0
51166,1,0,0,0,0
51167,1,0,0,0,0
51168,1,0,0,0,0
51169,1,0,0,0,0
51170,1,0,0,0,0
51171,1,0,0,0,0
51172,1,0,0,0,0
51173,1,0,0,0,0
51174,1,0,0,0,0
51175,1,0,0,0,0
51176,1,0,0,0,0
51177,1,0,0,0,0
51178,1,0,0,0,0
51179,1,0,0,0,0
51180,1,0,0,0,0
51181,1,0,0,0,0
51182,1,0,0,0,0
51183,1,0,0,0,0
51184,1,0,0,0,0
51185,1,0,0,0,0
51186,1,0,0,0,0
51187,1,0,0,0,0
51188,1,0,0,0,0
51189,1,0,0,0,0
51190,1,0,0,0,0
51191,1,0,0,0,0
51192,1,0,0,0,0
51193,1,0,0,0,0
51194,1,0,0,0,0
51195,1,0,0,0,0
51196,1,0,0,0,0
51197,1,0,0,0,0
51198,1,0,0,0,0
51199,1,0,0,0,0
51200,1,0,0,0,0
51201,1,0,0,0,0
51202,1,0,0,0,0
51203,1,0,0,0,0
51204,1,0,0,0,0
51205,1,0,0,0,0
51206,1,0,0,0,0
51207,1,0,0,0,0
51208,1,0,0,0,0
51209,1,0,0,0,0
51210,1,0,0,0,0
51211,1,0,0,0,0
51212,1,0,0,0,0
51213,1,0,0,0,0
51214,1,0,0,0,0
51215,1,0,0,0,0
51216,1,0,0,0,0
51217,1,0,0,0,0
51218,1,0,0,0,0
51219,1,0,0,0,0
51220,1,0,0,0,0
51221,1,0,0,0,0
51222,1,0,0,0,0
51223,1,0,0,0,0
51224,1,0,0,0,0
51225,1,0,0,0,0
51226,1,0,0,0,0
51227,1,0,0,0,0
51228,1,0,0,0,0
51229,1,0,0,0,0
51230,1,0,0,0,0
51231,1,0,0,0,0
51232,1,0,0,0,0
51233,1,0,0,0,0
51234,1,0,0,0,0
51235,1,0,0,0,0
51236,1,0,0,0,0
51237,1,0,0,0,0
51238,1,0,0,0,0
51239,1,0,0,0,0
51240,1,0,0,0,0
51241,1,0,0,0,0
51242,1,0,0,0,0
51243,1,0,0,0,0
51244,1,0,0,0,0
51245,1,0,0,0,0
51246,1,0,0,0,0
51247,1,0,0,0,0
51248,1,0,0,0,0
51249,1,0,0,0,0
51250,1,0,0,0,0
51251,1,0,0,0,0
51252,1,0,0,0,0
51253,0,0,0,0,1
51254,0,0,0,0,1
51255,0,0,0,0,1
51256,0,0,0,0,1
51257,0,0,0,0,1
51258,0,0,0,0,1
51259,0,0,0,0,1
51260,0,0,0,0,1
51261,0,0,0,0,1
51262,0,0,0,0,1
51263,0,0,0,0,1
51264,0,0,0,0,1
51265,0,0,0,0,1
51266,0,0,0,0,1
51267,0,0,0,0,1
51268,0,0,0,0,1
51269,0,0,0,0,1
51270,0,0,0,0,1
51271,0,0,0,0,1
51272,0,0,0,0,1
51273,0,0,0,0,1
51274,0,0,0,0,1
51275,0,0,0,0,1
51276,0,0,0,0,1
51277,0,0,0,0,1
51278,0,0,0,0,1
51279,0,0,0,0,1
51280,0,0,0,0,1
51281,0,0,0,0,1
51282,0,0,0,0,1
51283,0,0,0,0,1
51284,0,0,0,0,1
51285,0,0,0,0,1
51286,0,0,0,0,1
51287,0,0,0,0,1
51288,0,0,0,0,1
51289,0,0,0,0,1
51290,0,0,0,0,1
51291,0,0,0,0,1
51292,0,0,0,0,1
51293,0,0,0,0,1
51294,0,0,0,0,1
51295,0,0,0,0,1
51296,0,0,0,0,1
51297,0,0,0,0,1
51298,1,0,0,0,0
51299,1,0,0,0,0
51300,1,0,0,0,0
51301,1,0,0,0,0
51302,1,0,0,0,0
51303,1,0,0,0,0
51304,1,0,0,0,0
51305,1,0,0,0,0
51306,1,0,0,0,0
51307,1,0,0,0,0
51308,1,0,0,0,0
51309,1,0,0,0,0
51310,1,0,0,0,0
51311,1,0,0,0,0
51312,1,0,0,0,0
51313,1,0,0,0,0
51314,1,0,0,0,0
51315,1,0,0,0,0
51316,1,0,0,0,0
51317,1,0,0,0,0
51318,1,0,0,0,0
51319,1,0,0,0,0
51320,1,0,0,0,0
51321,1,0,0,0,0
51322,1,0,0,0,0
51323,1,0,0,0,0
51324,1,0,0,0,0
51325,1,0,0,0,0
51326,1,0,0,0,0
51327,1,0,0,0,0
51328,1,0,0,0,0
51329,1,0,0,0,0
51330,1,0,0,0,0
51331,1,0,0,0,0
51332,1,0,0,0,0
51333,1,0,0,0,0
51334,1,0,0,0,0
51335,1,0,0,0,0
51336,1,0,0,0,0
51337,1,0,0,0,0
51338,1,0,0,0,0
51339,1,0,0,0,0
51340,1,0,0,0,0
51341,1,0,0,0,0
51342,1,0,0,0,0
51343,1,0,0,0,0
51344,1,0,0,0,0
51345,1,0,0,0,0
51346,1,0,0,0,0
51347,1,0,0,0,0
51348,1,0,0,0,0
51349,1,0,0,0,0
51350,1,0,0,0,0
51351,1,0,0,0,0
51352,1,0,0,0,0
51353,1,0,0,0,0
51354,1,0,0,0,0
51355,1,0,0,0,0
51356,1,0,0,0,0
51357,1,0,0,0,0
51358,1,0,0,0,0
51359,1,0,0,0,0
51360,1,0,0,0,0
51361,1,0,0,0,0
51362,1,0,0,0,0
51363,1,0,0,0,0
51364,1,0,0,0,0
51365,1,0,0,0,0
51366,1,0,0,0,0
51367,1,0,0,0,0
51368,1,0,0,0,0
51369,1,0,0,0,0
51370,1,0,0,0,0
51371,1,0,0,0,0
51372,1,0,0,0,0
51373,1,0,0,0,0
51374,1,0,0,0,0
51375,1,0,0,0,0
51376,1,0,0,0,0
51377,1,0,0,0,0
51378,1,0,0,0,0
51379,1,0,0,0,0
51380,1,0,0,0,0
51381,1,0,0,0,0
51382,1,0,0,0,0
51383,1,0,0,0,0
51384,1,0,0,0,0
51385,0,0,0,0,1
51386,0,0,0,0,1
51387,0,0,0,0,1
51388,0,0,0,0,1
51389,0,0,0,0,1
51390,0,0,0,0,1
51391,0,0,0,0,1
51392,0,0,0,0,1
51393,0,0,0,0,1
51394,0,0,0,0,1
51395,0,0,0,0,1
51396,0,0,0,0,1
51397,0,0,0,0,1
51398,0,0,0,0,1
51399,0,0,0,0,1
51400,0,0,0,0,1
51401,0,0,0,0,1
51402,0,0,0,0,1
51403,0,0,0,0,1
51404,0,0,0,0,1
51405,0,0,0,0,1
51406,0,0,0,0,1
51407,0,0,0,0,1
51408,0,0,0,0,1
51409,0,0,0,0,1
51410,0,0,0,0,1
51411,0,0,0,0,1
51412,0,0,0,0,1
51413,0,0,0,0,1
51414,0,0,0,0,1
51415,0,0,0,0,1
51416,0,0,0,0,1
51417,0,0,0,0,1
51418,0,0,0,0,1
51419,0,0,0,0,1
51420,0,0,0,0,1
51421,0,0,0,0,1
51422,0,0,0,0,1
51423,0,0,0,0,1
51424,0,0,0,0,1
51425,0,0,0,0,1
51426,0,0,0,0,1
51427,0,0,0,0,1
51428,0,0,0,0,1
51429,0,0,0,0,1
51430,0,0,0,0,1
51431,0,0,0,0,1
51432,0,0,0,0,1
51433,0,0,0,0,1
51434,0,0,0,0,1
51435,0,0,0,0,1
51436,0,0,0,0,1
51437,0,0,0,0,1
51438,0,0,0,0,1
51439,0,0,0,0,1
51440,0,0,0,0,1
51441,0,0,0,0,1
51442,0,0,0,0,1
51443,0,0,0,0,1
51444,0,0,0,0,1
51445,0,0,0,0,1
51446,0,0,0,0,1
51447,0,0,0,0,1
51448,0,0,0,0,1
51449,0,0,0,0,1
51450,0,0,0,0,1
51451,0,0,0,0,1
51452,0,0,0,0,1
51453,0,0,0,0,1
51454,0,0,0,0,1
51455,0,0,0,0,1
51456,0,0,0,0,1
51457,1,0,0,0,0
51458,1,0,0,0,0
51459,1,0,0,0,0
51460,1,0,0,0,0
51461,1,0,0,0,0
51462,1,0,0,0,0
51463,1,0,0,0,0
51464,1,0,0,0,0
51465,1,0,0,0,0
51466,1,0,0,0,0
51467,1,0,0,0,0
51468,1,0,0,0,0
51469,1,0,0,0,0
51470,1,0,0,0,0
51471,1,0,0,0,0
51472,1,0,0,0,0
51473,1,0,0,0,0
51474,1,0,0,0,0
51475,1,0,0,0,0
51476,1,0,0,0,0
51477,1,0,0,0,0
51478,1,0,0,0,0
51479,1,0,0,0,0
51480,1,0,0,0,0
51481,1,0,0,0,0
51482,1,0,0,0,0
51483,1,0,0,0,0
51484,1,0,0,0,0
51485,1,0,0,0,0
51486,1,0,0,0,0
51487,1,0,0,0,0
51488,1,0,0,0,0
51489,1,0,0,0,0
51490,1,0,0,0,0
51491,1,0,0,0,0
51492,1,0,0,0,0
51493,1,0,0,0,0
51494,1,0,0,0,0
51495,1,0,0,0,0
51496,1,0,0,0,0
51497,1,0,0,0,0
51498,1,0,0,0,0
51499,1,0,0,0,0
51500,1,0,0,0,0
51501,1,0,0,0,0
51502,1,0,0,0,0
51503,1,0,0,0,0
51504,0,0,0,0,1
51505,0,0,0,0,1
51506,0,0,0,0,1
51507,0,0,0,0,1
51508,0,0,0,0,1
51509,0,0,0,0,1
51510,0,0,0,0,1
51511,0,0,0,0,1
51512,0,0,0,0,1
51513,0,0,0,0,1
51514,0,0,0,0,1
51515,0,0,0,0,1
51516,0,0,0,0,1
51517,0,0,0,0,1
51518,0,0,0,0,1
51519,0,0,0,0,1
51520,0,0,0,0,1
51521,0,0,0,0,1
51522,0,0,0,0,1
51523,0,0,0,0,1
51524,0,0,0,0,1
51525,0,0,0,1,0
51526,0,0,0,1,0
51527,0,0,0,1,0
51528,0,0,0,1,0
51529,0,0,0,1,0
51530,0,0,0,1,0
51531,0,0,0,1,0
51532,0,0,0,1,0
51533,0,0,0,1,0
51534,0,0,0,1,0
51535,0,0,0,1,0
51536,0,0,0,1,0
51537,0,0,0,1,0
51538,0,0,0,1,0
51539,1,0,0,0,0
51540,1,0,0,0,0
51541,1,0,0,0,0
51542,1,0,0,0,0
51543,1,0,0,0,0
51544,1,0,0,0,0
51545,1,0,0,0,0
51546,1,0,0,0,0
51547,1,0,0,0,0
51548,1,0,0,0,0
51549,1,0,0,0,0
51550,1,0,0,0,0
51551,1,0,0,0,0
51552,1,0,0,0,0
51553,1,0,0,0,0
51554,1,0,0,0,0
51555,1,0,0,0,0
51556,1,0,0,0,0
51557,1,0,0,0,0
51558,1,0,0,0,0
51559,1,0,0,0,0
51560,1,0,0,0,0
51561,1,0,0,0,0
51562,1,0,0,0,0
51563,1,0,0,0,0
51564,1,0,0,0,0
51565,1,0,0,0,0
51566,1,0,0,0,0
51567,1,0,0,0,0
51568,1,0,0,0,0
51569,1,0,0,0,0
51570,0,0,0,0,1
51571,0,0,0,0,1
51572,0,0,0,0,1
51573,0,0,0,0,1
51574,0,0,0,0,1
51575,0,0,0,0,1
51576,0,0,0,0,1
51577,0,0,0,0,1
51578,0,0,0,0,1
51579,0,0,0,1,0
51580,0,0,0,1,0
51581,0,0,0,1,0
51582,0,0,0,1,0
51583,0,0,0,1,0
51584,0,0,0,1,0
51585,0,0,0,1,0
51586,0,0,0,1,0
51587,0,0,0,1,0
51588,0,0,0,1,0
51589,0,0,0,1,0
51590,0,0,0,1,0
51591,0,0,0,1,0
51592,0,0,0,1,0
51593,0,0,0,1,0
51594,0,0,0,1,0
51595,0,0,0,1,0
51596,0,0,0,1,0
51597,0,0,0,1,0
51598,0,0,0,1,0
51599,0,0,0,1,0
51600,0,0,0,1,0
51601,0,0,0,1,0
51602,0,0,0,1,0
51603,0,0,0,1,0
51604,0,0,0,1,0
51605,0,0,0,1,0
51606,1,0,0,0,0
51607,1,0,0,0,0
51608,1,0,0,0,0
51609,1,0,0,0,0
51610,1,0,0,0,0
51611,1,0,0,0,0
51612,1,0,0,0,0
51613,1,0,0,0,0
51614,1,0,0,0,0
51615,1,0,0,0,0
51616,1,0,0,0,0
51617,1,0,0,0,0
51618,1,0,0,0,0
51619,1,0,0,0,0
51620,1,0,0,0,0
51621,1,0,0,0,0
51622,1,0,0,0,0
51623,1,0,0,0,0
51624,1,0,0,0,0
51625,1,0,0,0,0
51626,1,0,0,0,0
51627,1,0,0,0,0
51628,1,0,0,0,0
51629,1,0,0,0,0
51630,1,0,0,0,0
51631,1,0,0,0,0
51632,0,1,0,0,0
51633,0,1,0,0,0
51634,0,1,0,0,0
51635,0,1,0,0,0
51636,0,1,0,0,0
51637,0,1,0,0,0
51638,0,1,0,0,0
51639,0,1,0,0,0
51640,0,1,0,0,0
51641,0,1,0,0,0
51642,0,1,0,0,0
51643,0,1,0,0,0
51644,0,1,0,0,0
51645,0,1,0,0,0
51646,0,1,0,0,0
51647,0,1,0,0,0
51648,0,1,0,0,0
51649,0,1,0,0,0
51650,0,1,0,0,0
51651,0,1,0,0,0
51652,0,1,0,0,0
51653,0,1,0,0,0
51654,0,1,0,0,0
51655,0,1,0,0,0
51656,0,1,0,0,0
51657,0,1,0,0,0
51658,0,1,0,0,0
51659,0,1,0,0,0
51660,0,1,0,0,0
51661,0,1,0,0,0
51662,0,1,0,0,0
51663,0,1,0,0,0
51664,0,1,0,0,0
51665,0,1,0,0,0
51666,0,1,0,0,0
51667,0,1,0,0,0
51668,0,1,0,0,0
51669,0,1,0,0,0
51670,0,1,0,0,0
51671,0,1,0,0,0
51672,0,1,0,0,0
51673,0,1,0,0,0
51674,0,1,0,0,0
51675,0,1,0,0,0
51676,0,1,0,0,0
51677,0,1,0,0,0
51678,0,1,0,0,0
51679,0,1,0,0,0
51680,0,1,0,0,0
51681,0,1,0,0,0
51682,0,1,0,0,0
51683,0,1,0,0,0
51684,0,1,0,0,0
51685,0,1,0,0,0
51686,0,1,0,0,0
51687,0,1,0,0,0
51688,0,1,0,0,0
51689,0,1,0,0,0
51690,0,1,0,0,0
51691,0,1,0,0,0
51692,0,1,0,0,0
51693,0,1,0,0,0
51694,0,1,0,0,0
51695,0,1,0,0,0
51696,0,1,0,0,0
51697,0,1,0,0,0
51698,0,1,0,0,0
51699,0,1,0,0,0
51700,0,1,0,0,0
51701,0,1,0,0,0
51702,0,1,0,0,0
51703,0,1,0,0,0
51704,0,1,0,0,0
51705,0,1,0,0,0
51706,0,1,0,0,0
51707,0,1,0,0,0
51708,0,1,0,0,0
51709,0,1,0,0,0
51710,0,1,0,0,0
51711,0,1,0,0,0
51712,0,1,0,0,0
51713,0,1,0,0,0
51714,0,1,0,0,0
51715,0,1,0,0,0
51716,0,1,0,0,0
51717,0,1,0,0,0
51718,0,1,0,0,0
51719,0,1,0,0,0
51720,0,1,0,0,0
51721,0,1,0,0,0
51722,0,1,0,0,0
51723,0,1,0,0,0
51724,0,1,0,0,0
51725,0,1,0,0,0
51726,0,1,0,0,0
51727,1,0,0,0,0
51728,1,0,0,0,0
51729,1,0,0,0,0
51730,1,0,0,0,0
51731,1,0,0,0,0
51732,1,0,0,0,0
51733,1,0,0,0,0
51734,1,0,0,0,0
51735,1,0,0,0,0
51736,1,0,0,0,0
51737,1,0,0,0,0
51738,1,0,0,0,0
51739,1,0,0,0,0
51740,1,0,0,0,0
51741,1,0,0,0,0
51742,1,0,0,0,0
51743,1,0,0,0,0
51744,1,0,0,0,0
51745,1,0,0,0,0
51746,1,0,0,0,0
51747,1,0,0,0,0
51748,1,0,0,0,0
51749,1,0,0,0,0
51750,1,0,0,0,0
51751,1,0,0,0,0
51752,1,0,0,0,0
51753,1,0,0,0,0
51754,1,0,0,0,0
51755,1,0,0,0,0
51756,1,0,0,0,0
51757,1,0,0,0,0
51758,1,0,0,0,0
51759,1,0,0,0,0
51760,1,0,0,0,0
51761,1,0,0,0,0
51762,1,0,0,0,0
51763,1,0,0,0,0
51764,1,0,0,0,0
51765,1,0,0,0,0
51766,0,0,0,0,1
51767,0,0,0,0,1
51768,0,0,0,0,1
51769,0,0,0,0,1
51770,0,0,0,0,1
51771,0,0,0,0,1
51772,0,0,0,0,1
51773,0,0,0,0,1
51774,0,0,0,0,1
51775,0,0,0,0,1
51776,0,0,0,0,1
51777,0,0,0,0,1
51778,0,0,0,0,1
51779,0,0,0,0,1
51780,0,0,0,0,1
51781,0,0,0,0,1
51782,0,0,0,0,1
51783,0,0,0,0,1
51784,0,0,0,0,1
51785,0,0,0,0,1
51786,0,0,0,0,1
51787,0,0,0,0,1
51788,0,0,0,0,1
51789,0,0,0,0,1
51790,0,0,0,0,1
51791,0,0,0,0,1
51792,0,0,0,0,1
51793,0,0,0,0,1
51794,0,0,0,0,1
51795,0,0,0,0,1
51796,0,0,0,0,1
51797,0,0,0,0,1
51798,0,0,0,0,1
51799,0,0,0,0,1
51800,0,0,0,0,1
51801,0,0,0,0,1
51802,0,0,0,0,1
51803,0,0,0,0,1
51804,0,0,0,0,1
51805,1,0,0,0,0
51806,1,0,0,0,0
51807,1,0,0,0,0
51808,1,0,0,0,0
51809,1,0,0,0,0
51810,1,0,0,0,0
51811,1,0,0,0,0
51812,1,0,0,0,0
51813,1,0,0,0,0
51814,1,0,0,0,0
51815,1,0,0,0,0
51816,1,0,0,0,0
51817,1,0,0,0,0
51818,1,0,0,0,0
51819,1,0,0,0,0
51820,1,0,0,0,0
51821,1,0,0,0,0
51822,1,0,0,0,0
51823,1,0,0,0,0
51824,1,0,0,0,0
51825,1,0,0,0,0
51826,1,0,0,0,0
51827,1,0,0,0,0
51828,1,0,0,0,0
51829,1,0,0,0,0
51830,1,0,0,0,0
51831,1,0,0,0,0
51832,1,0,0,0,0
51833,1,0,0,0,0
51834,1,0,0,0,0
51835,1,0,0,0,0
51836,1,0,0,0,0
51837,1,0,0,0,0
51838,1,0,0,0,0
51839,1,0,0,0,0
51840,1,0,0,0,0
51841,1,0,0,0,0
51842,1,0,0,0,0
51843,1,0,0,0,0
51844,1,0,0,0,0
51845,1,0,0,0,0
51846,1,0,0,0,0
51847,1,0,0,0,0
51848,1,0,0,0,0
51849,1,0,0,0,0
51850,1,0,0,0,0
51851,1,0,0,0,0
51852,1,0,0,0,0
51853,1,0,0,0,0
51854,1,0,0,0,0
51855,1,0,0,0,0
51856,1,0,0,0,0
51857,1,0,0,0,0
51858,1,0,0,0,0
51859,1,0,0,0,0
51860,1,0,0,0,0
51861,1,0,0,0,0
51862,1,0,0,0,0
51863,1,0,0,0,0
51864,1,0,0,0,0
51865,1,0,0,0,0
51866,1,0,0,0,0
51867,1,0,0,0,0
51868,1,0,0,0,0
51869,1,0,0,0,0
51870,1,0,0,0,0
51871,1,0,0,0,0
51872,1,0,0,0,0
51873,1,0,0,0,0
51874,1,0,0,0,0
51875,1,0,0,0,0
51876,1,0,0,0,0
51877,1,0,0,0,0
51878,1,0,0,0,0
51879,1,0,0,0,0
51880,1,0,0,0,0
51881,1,0,0,0,0
51882,1,0,0,0,0
51883,1,0,0,0,0
51884,1,0,0,0,0
51885,1,0,0,0,0
51886,1,0,0,0,0
51887,1,0,0,0,0
51888,1,0,0,0,0
51889,1,0,0,0,0
51890,1,0,0,0,0
51891,1,0,0,0,0
51892,1,0,0,0,0
51893,1,0,0,0,0
51894,1,0,0,0,0
51895,1,0,0,0,0
51896,1,0,0,0,0
51897,1,0,0,0,0
51898,1,0,0,0,0
51899,1,0,0,0,0
51900,1,0,0,0,0
51901,1,0,0,0,0
51902,1,0,0,0,0
51903,1,0,0,0,0
51904,1,0,0,0,0
51905,1,0,0,0,0
51906,1,0,0,0,0
51907,1,0,0,0,0
51908,1,0,0,0,0
51909,1,0,0,0,0
51910,1,0,0,0,0
51911,1,0,0,0,0
51912,1,0,0,0,0
51913,1,0,0,0,0
51914,1,0,0,0,0
51915,1,0,0,0,0
51916,1,0,0,0,0
51917,1,0,0,0,0
51918,1,0,0,0,0
51919,1,0,0,0,0
51920,1,0,0,0,0
51921,1,0,0,0,0
51922,1,0,0,0,0
51923,1,0,0,0,0
51924,1,0,0,0,0
51925,1,0,0,0,0
51926,1,0,0,0,0
51927,1,0,0,0,0
51928,1,0,0,0,0
51929,1,0,0,0,0
51930,1,0,0,0,0
51931,1,0,0,0,0
51932,1,0,0,0,0
51933,1,0,0,0,0
51934,1,0,0,0,0
51935,1,0,0,0,0
51936,1,0,0,0,0
51937,1,0,0,0,0
51938,1,0,0,0,0
51939,1,0,0,0,0
51940,1,0,0,0,0
51941,1,0,0,0,0
51942,1,0,0,0,0
51943,1,0,0,0,0
51944,1,0,0,0,0
51945,1,0,0,0,0
51946,1,0,0,0,0
51947,1,0,0,0,0
51948,1,0,0,0,0
51949,1,0,0,0,0
51950,1,0,0,0,0
51951,1,0,0,0,0
51952,1,0,0,0,0
51953,1,0,0,0,0
51954,1,0,0,0,0
51955,1,0,0,0,0
51956,1,0,0,0,0
51957,0,1,0,0,0
51958,0,1,0,0,0
51959,0,1,0,0,0
51960,0,1,0,0,0
51961,0,1,0,0,0
51962,0,1,0,0,0
51963,0,1,0,0,0
51964,0,1,0,0,0
51965,0,1,0,0,0
51966,0,1,0,0,0
51967,0,1,0,0,0
51968,0,1,0,0,0
51969,0,1,0,0,0
51970,0,1,0,0,0
51971,0,1,0,0,0
51972,0,1,0,0,0
51973,0,1,0,0,0
51974,0,1,0,0,0
51975,0,1,0,0,0
51976,0,1,0,0,0
51977,0,1,0,0,0
51978,0,1,0,0,0
51979,0,1,0,0,0
51980,0,1,0,0,0
51981,0,1,0,0,0
51982,0,1,0,0,0
51983,0,1,0,0,0
51984,0,1,0,0,0
51985,0,1,0,0,0
51986,0,1,0,0,0
51987,0,1,0,0,0
51988,0,1,0,0,0
51989,0,1,0,0,0
51990,0,1,0,0,0
51991,0,1,0,0,0
51992,0,1,0,0,0
51993,0,1,0,0,0
51994,0,1,0,0,0
51995,0,1,0,0,0
51996,0,1,0,0,0
51997,0,1,0,0,0
51998,0,1,0,0,0
51999,0,1,0,0,0
52000,0,1,0,0,0
52001,0,1,0,0,0
52002,0,1,0,0,0
52003,0,1,0,0,0
52004,0,1,0,0,0
52005,0,1,0,0,0
52006,0,1,0,0,0
52007,0,1,0,0,0
52008,0,1,0,0,0
52009,0,1,0,0,0
52010,0,1,0,0,0
52011,0,1,0,0,0
52012,0,1,0,0,0
52013,0,1,0,0,0
52014,0,1,0,0,0
52015,0,1,0,0,0
52016,0,1,0,0,0
52017,0,1,0,0,0
52018,0,1,0,0,0
52019,0,1,0,0,0
52020,0,1,0,0,0
52021,0,1,0,0,0
52022,0,1,0,0,0
52023,0,1,0,0,0
52024,0,1,0,0,0
52025,0,1,0,0,0
52026,0,1,0,0,0
52027,0,1,0,0,0
52028,0,1,0,0,0
52029,0,1,0,0,0
52030,0,1,0,0,0
52031,0,1,0,0,0
52032,0,1,0,0,0
52033,0,1,0,0,0
52034,0,1,0,0,0
52035,0,1,0,0,0
52036,0,1,0,0,0
52037,0,1,0,0,0
52038,1,0,0,0,0
52039,1,0,0,0,0
52040,1,0,0,0,0
52041,1,0,0,0,0
52042,1,0,0,0,0
52043,1,0,0,0,0
52044,1,0,0,0,0
52045,1,0,0,0,0
52046,1,0,0,0,0
52047,1,0,0,0,0
52048,1,0,0,0,0
52049,1,0,0,0,0
52050,1,0,0,0,0
52051,1,0,0,0,0
52052,1,0,0,0,0
52053,1,0,0,0,0
52054,1,0,0,0,0
52055,1,0,0,0,0
52056,1,0,0,0,0
52057,1,0,0,0,0
52058,1,0,0,0,0
52059,1,0,0,0,0
52060,1,0,0,0,0
52061,1,0,0,0,0
52062,1,0,0,0,0
52063,1,0,0,0,0
52064,1,0,0,0,0
52065,1,0,0,0,0
52066,1,0,0,0,0
52067,1,0,0,0,0
52068,1,0,0,0,0
52069,1,0,0,0,0
52070,1,0,0,0,0
52071,1,0,0,0,0
52072,1,0,0,0,0
52073,1,0,0,0,0
52074,1,0,0,0,0
52075,1,0,0,0,0
52076,1,0,0,0,0
52077,1,0,0,0,0
52078,1,0,0,0,0
52079,1,0,0,0,0
52080,1,0,0,0,0
52081,1,0,0,0,0
52082,1,0,0,0,0
52083,1,0,0,0,0
52084,1,0,0,0,0
52085,1,0,0,0,0
52086,1,0,0,0,0
52087,1,0,0,0,0
52088,1,0,0,0,0
52089,1,0,0,0,0
52090,1,0,0,0,0
52091,1,0,0,0,0
52092,1,0,0,0,0
52093,1,0,0,0,0
52094,1,0,0,0,0
52095,1,0,0,0,0
52096,1,0,0,0,0
52097,1,0,0,0,0
52098,1,0,0,0,0
52099,1,0,0,0,0
52100,1,0,0,0,0
52101,1,0,0,0,0
52102,1,0,0,0,0
52103,1,0,0,0,0
52104,1,0,0,0,0
52105,1,0,0,0,0
52106,1,0,0,0,0
52107,1,0,0,0,0
52108,1,0,0,0,0
52109,1,0,0,0,0
52110,1,0,0,0,0
52111,1,0,0,0,0
52112,1,0,0,0,0
52113,1,0,0,0,0
52114,1,0,0,0,0
52115,1,0,0,0,0
52116,1,0,0,0,0
52117,1,0,0,0,0
52118,1,0,0,0,0
52119,1,0,0,0,0
52120,1,0,0,0,0
52121,1,0,0,0,0
52122,1,0,0,0,0
52123,1,0,0,0,0
52124,1,0,0,0,0
52125,1,0,0,0,0
52126,1,0,0,0,0
52127,1,0,0,0,0
52128,1,0,0,0,0
52129,1,0,0,0,0
52130,1,0,0,0,0
52131,1,0,0,0,0
52132,1,0,0,0,0
52133,1,0,0,0,0
52134,1,0,0,0,0
52135,1,0,0,0,0
52136,1,0,0,0,0
52137,1,0,0,0,0
52138,1,0,0,0,0
52139,1,0,0,0,0
52140,1,0,0,0,0
52141,1,0,0,0,0
52142,1,0,0,0,0
52143,1,0,0,0,0
52144,1,0,0,0,0
52145,1,0,0,0,0
52146,1,0,0,0,0
52147,1,0,0,0,0
52148,1,0,0,0,0
52149,1,0,0,0,0
52150,1,0,0,0,0
52151,1,0,0,0,0
52152,1,0,0,0,0
52153,1,0,0,0,0
52154,1,0,0,0,0
52155,1,0,0,0,0
52156,1,0,0,0,0
52157,1,0,0,0,0
52158,1,0,0,0,0
52159,1,0,0,0,0
52160,1,0,0,0,0
52161,1,0,0,0,0
52162,1,0,0,0,0
52163,1,0,0,0,0
52164,1,0,0,0,0
52165,1,0,0,0,0
52166,1,0,0,0,0
52167,1,0,0,0,0
52168,1,0,0,0,0
52169,1,0,0,0,0
52170,1,0,0,0,0
52171,1,0,0,0,0
52172,1,0,0,0,0
52173,1,0,0,0,0
52174,1,0,0,0,0
52175,1,0,0,0,0
52176,1,0,0,0,0
52177,1,0,0,0,0
52178,1,0,0,0,0
52179,1,0,0,0,0
52180,1,0,0,0,0
52181,1,0,0,0,0
52182,1,0,0,0,0
52183,1,0,0,0,0
52184,1,0,0,0,0
52185,1,0,0,0,0
52186,1,0,0,0,0
52187,1,0,0,0,0
52188,1,0,0,0,0
52189,1,0,0,0,0
52190,1,0,0,0,0
52191,1,0,0,0,0
52192,1,0,0,0,0
52193,1,0,0,0,0
52194,1,0,0,0,0
52195,1,0,0,0,0
52196,1,0,0,0,0
52197,1,0,0,0,0
52198,1,0,0,0,0
52199,1,0,0,0,0
52200,1,0,0,0,0
52201,1,0,0,0,0
52202,1,0,0,0,0
52203,1,0,0,0,0
52204,1,0,0,0,0
52205,1,0,0,0,0
52206,1,0,0,0,0
52207,1,0,0,0,0
52208,1,0,0,0,0
52209,1,0,0,0,0
52210,1,0,0,0,0
52211,1,0,0,0,0
52212,1,0,0,0,0
52213,1,0,0,0,0
52214,1,0,0,0,0
52215,1,0,0,0,0
52216,1,0,0,0,0
52217,1,0,0,0,0
52218,1,0,0,0,0
52219,1,0,0,0,0
52220,1,0,0,0,0
52221,1,0,0,0,0
52222,1,0,0,0,0
52223,1,0,0,0,0
52224,1,0,0,0,0
52225,1,0,0,0,0
52226,1,0,0,0,0
52227,1,0,0,0,0
52228,1,0,0,0,0
52229,1,0,0,0,0
52230,1,0,0,0,0
52231,1,0,0,0,0
52232,1,0,0,0,0
52233,1,0,0,0,0
52234,1,0,0,0,0
52235,1,0,0,0,0
52236,1,0,0,0,0
52237,1,0,0,0,0
52238,1,0,0,0,0
52239,1,0,0,0,0
52240,1,0,0,0,0
52241,1,0,0,0,0
52242,1,0,0,0,0
52243,1,0,0,0,0
52244,1,0,0,0,0
52245,1,0,0,0,0
52246,1,0,0,0,0
52247,1,0,0,0,0
52248,1,0,0,0,0
52249,1,0,0,0,0
52250,1,0,0,0,0
52251,1,0,0,0,0
52252,1,0,0,0,0
52253,1,0,0,0,0
52254,1,0,0,0,0
52255,1,0,0,0,0
52256,1,0,0,0,0
52257,1,0,0,0,0
52258,1,0,0,0,0
52259,1,0,0,0,0
52260,1,0,0,0,0
52261,1,0,0,0,0
52262,1,0,0,0,0
52263,1,0,0,0,0
52264,1,0,0,0,0
52265,1,0,0,0,0
52266,1,0,0,0,0
52267,1,0,0,0,0
52268,1,0,0,0,0
52269,1,0,0,0,0
52270,1,0,0,0,0
52271,1,0,0,0,0
52272,1,0,0,0,0
52273,1,0,0,0,0
52274,1,0,0,0,0
52275,1,0,0,0,0
52276,1,0,0,0,0
52277,1,0,0,0,0
52278,1,0,0,0,0
52279,1,0,0,0,0
52280,1,0,0,0,0
52281,1,0,0,0,0
52282,1,0,0,0,0
52283,1,0,0,0,0
52284,1,0,0,0,0
52285,1,0,0,0,0
52286,1,0,0,0,0
52287,1,0,0,0,0
52288,1,0,0,0,0
52289,1,0,0,0,0
52290,1,0,0,0,0
52291,1,0,0,0,0
52292,1,0,0,0,0
52293,1,0,0,0,0
52294,1,0,0,0,0
52295,1,0,0,0,0
52296,1,0,0,0,0
52297,1,0,0,0,0
52298,1,0,0,0,0
52299,1,0,0,0,0
52300,1,0,0,0,0
52301,1,0,0,0,0
52302,1,0,0,0,0
52303,1,0,0,0,0
52304,1,0,0,0,0
52305,1,0,0,0,0
52306,1,0,0,0,0
52307,1,0,0,0,0
52308,1,0,0,0,0
52309,1,0,0,0,0
52310,1,0,0,0,0
52311,1,0,0,0,0
52312,1,0,0,0,0
52313,1,0,0,0,0
52314,1,0,0,0,0
52315,1,0,0,0,0
52316,1,0,0,0,0
52317,1,0,0,0,0
52318,1,0,0,0,0
52319,1,0,0,0,0
52320,1,0,0,0,0
52321,1,0,0,0,0
52322,1,0,0,0,0
52323,1,0,0,0,0
52324,1,0,0,0,0
52325,1,0,0,0,0
52326,1,0,0,0,0
52327,1,0,0,0,0
52328,1,0,0,0,0
52329,1,0,0,0,0
52330,1,0,0,0,0
52331,1,0,0,0,0
52332,1,0,0,0,0
52333,1,0,0,0,0
52334,1,0,0,0,0
52335,1,0,0,0,0
52336,1,0,0,0,0
52337,1,0,0,0,0
52338,1,0,0,0,0
52339,1,0,0,0,0
52340,1,0,0,0,0
52341,1,0,0,0,0
52342,1,0,0,0,0
52343,1,0,0,0,0
52344,1,0,0,0,0
52345,1,0,0,0,0
52346,1,0,0,0,0
52347,1,0,0,0,0
52348,1,0,0,0,0
52349,1,0,0,0,0
52350,1,0,0,0,0
52351,1,0,0,0,0
52352,1,0,0,0,0
52353,1,0,0,0,0
52354,1,0,0,0,0
52355,1,0,0,0,0
52356,1,0,0,0,0
52357,1,0,0,0,0
52358,1,0,0,0,0
52359,1,0,0,0,0
52360,1,0,0,0,0
52361,1,0,0,0,0
52362,1,0,0,0,0
52363,1,0,0,0,0
52364,1,0,0,0,0
52365,1,0,0,0,0
52366,1,0,0,0,0
52367,1,0,0,0,0
52368,1,0,0,0,0
52369,1,0,0,0,0
52370,1,0,0,0,0
52371,1,0,0,0,0
52372,1,0,0,0,0
52373,1,0,0,0,0
52374,1,0,0,0,0
52375,1,0,0,0,0
52376,1,0,0,0,0
52377,1,0,0,0,0
52378,1,0,0,0,0
52379,1,0,0,0,0
52380,1,0,0,0,0
52381,1,0,0,0,0
52382,1,0,0,0,0
52383,1,0,0,0,0
52384,1,0,0,0,0
52385,1,0,0,0,0
52386,1,0,0,0,0
52387,1,0,0,0,0
52388,1,0,0,0,0
52389,1,0,0,0,0
52390,1,0,0,0,0
52391,1,0,0,0,0
52392,1,0,0,0,0
52393,1,0,0,0,0
52394,1,0,0,0,0
52395,1,0,0,0,0
52396,1,0,0,0,0
52397,1,0,0,0,0
52398,1,0,0,0,0
52399,1,0,0,0,0
52400,1,0,0,0,0
52401,1,0,0,0,0
52402,1,0,0,0,0
52403,1,0,0,0,0
52404,1,0,0,0,0
52405,1,0,0,0,0
52406,1,0,0,0,0
52407,1,0,0,0,0
52408,1,0,0,0,0
52409,1,0,0,0,0
52410,1,0,0,0,0
52411,1,0,0,0,0
52412,1,0,0,0,0
52413,1,0,0,0,0
52414,0,1,0,0,0
52415,0,1,0,0,0
52416,0,1,0,0,0
52417,0,1,0,0,0
52418,0,1,0,0,0
52419,0,1,0,0,0
52420,0,1,0,0,0
52421,0,1,0,0,0
52422,0,1,0,0,0
52423,0,1,0,0,0
52424,0,1,0,0,0
52425,0,1,0,0,0
52426,0,1,0,0,0
52427,0,1,0,0,0
52428,0,1,0,0,0
52429,0,1,0,0,0
52430,0,1,0,0,0
52431,0,1,0,0,0
52432,0,1,0,0,0
52433,0,1,0,0,0
52434,0,1,0,0,0
52435,0,1,0,0,0
52436,0,1,0,0,0
52437,0,1,0,0,0
52438,0,1,0,0,0
52439,0,1,0,0,0
52440,0,1,0,0,0
52441,0,1,0,0,0
52442,0,1,0,0,0
52443,0,1,0,0,0
52444,0,1,0,0,0
52445,0,1,0,0,0
52446,0,1,0,0,0
52447,0,1,0,0,0
52448,0,1,0,0,0
52449,0,1,0,0,0
52450,0,1,0,0,0
52451,0,1,0,0,0
52452,0,1,0,0,0
52453,0,1,0,0,0
52454,0,1,0,0,0
52455,0,1,0,0,0
52456,0,1,0,0,0
52457,0,1,0,0,0
52458,0,1,0,0,0
52459,0,1,0,0,0
52460,0,1,0,0,0
52461,0,1,0,0,0
52462,0,1,0,0,0
52463,0,1,0,0,0
52464,0,1,0,0,0
52465,0,1,0,0,0
52466,0,1,0,0,0
52467,0,1,0,0,0
52468,0,1,0,0,0
52469,0,1,0,0,0
52470,0,1,0,0,0
52471,0,1,0,0,0
52472,0,1,0,0,0
52473,0,1,0,0,0
52474,1,0,0,0,0
52475,1,0,0,0,0
52476,1,0,0,0,0
52477,1,0,0,0,0
52478,1,0,0,0,0
52479,1,0,0,0,0
52480,1,0,0,0,0
52481,1,0,0,0,0
52482,1,0,0,0,0
52483,1,0,0,0,0
52484,1,0,0,0,0
52485,1,0,0,0,0
52486,1,0,0,0,0
52487,1,0,0,0,0
52488,1,0,0,0,0
52489,1,0,0,0,0
52490,1,0,0,0,0
52491,1,0,0,0,0
52492,1,0,0,0,0
52493,1,0,0,0,0
52494,1,0,0,0,0
52495,1,0,0,0,0
52496,1,0,0,0,0
52497,1,0,0,0,0
52498,1,0,0,0,0
52499,1,0,0,0,0
52500,1,0,0,0,0
52501,1,0,0,0,0
52502,1,0,0,0,0
52503,1,0,0,0,0
52504,1,0,0,0,0
52505,1,0,0,0,0
52506,1,0,0,0,0
52507,1,0,0,0,0
52508,1,0,0,0,0
52509,1,0,0,0,0
52510,1,0,0,0,0
52511,1,0,0,0,0
52512,1,0,0,0,0
52513,1,0,0,0,0
52514,1,0,0,0,0
52515,1,0,0,0,0
52516,1,0,0,0,0
52517,1,0,0,0,0
52518,1,0,0,0,0
52519,1,0,0,0,0
52520,1,0,0,0,0
52521,1,0,0,0,0
52522,1,0,0,0,0
52523,1,0,0,0,0
52524,1,0,0,0,0
52525,1,0,0,0,0
52526,1,0,0,0,0
52527,1,0,0,0,0
52528,1,0,0,0,0
52529,1,0,0,0,0
52530,1,0,0,0,0
52531,1,0,0,0,0
52532,1,0,0,0,0
52533,1,0,0,0,0
52534,1,0,0,0,0
52535,1,0,0,0,0
52536,1,0,0,0,0
52537,1,0,0,0,0
52538,1,0,0,0,0
52539,1,0,0,0,0
52540,1,0,0,0,0
52541,1,0,0,0,0
52542,1,0,0,0,0
52543,1,0,0,0,0
52544,1,0,0,0,0
52545,1,0,0,0,0
52546,1,0,0,0,0
52547,1,0,0,0,0
52548,1,0,0,0,0
52549,1,0,0,0,0
52550,1,0,0,0,0
52551,1,0,0,0,0
52552,1,0,0,0,0
52553,1,0,0,0,0
52554,1,0,0,0,0
52555,1,0,0,0,0
52556,1,0,0,0,0
52557,1,0,0,0,0
52558,1,0,0,0,0
52559,1,0,0,0,0
52560,1,0,0,0,0
52561,1,0,0,0,0
52562,1,0,0,0,0
52563,1,0,0,0,0
52564,1,0,0,0,0
52565,1,0,0,0,0
52566,1,0,0,0,0
52567,1,0,0,0,0
52568,1,0,0,0,0
52569,1,0,0,0,0
52570,1,0,0,0,0
52571,1,0,0,0,0
52572,1,0,0,0,0
52573,1,0,0,0,0
52574,1,0,0,0,0
52575,1,0,0,0,0
52576,1,0,0,0,0
52577,1,0,0,0,0
52578,1,0,0,0,0
52579,1,0,0,0,0
52580,1,0,0,0,0
52581,1,0,0,0,0
52582,1,0,0,0,0
52583,1,0,0,0,0
52584,1,0,0,0,0
52585,1,0,0,0,0
52586,1,0,0,0,0
52587,1,0,0,0,0
52588,1,0,0,0,0
52589,1,0,0,0,0
52590,1,0,0,0,0
52591,1,0,0,0,0
52592,1,0,0,0,0
52593,1,0,0,0,0
52594,1,0,0,0,0
52595,1,0,0,0,0
52596,1,0,0,0,0
52597,1,0,0,0,0
52598,1,0,0,0,0
52599,1,0,0,0,0
52600,1,0,0,0,0
52601,1,0,0,0,0
52602,1,0,0,0,0
52603,1,0,0,0,0
52604,1,0,0,0,0
52605,1,0,0,0,0
52606,1,0,0,0,0
52607,1,0,0,0,0
52608,1,0,0,0,0
52609,1,0,0,0,0
52610,1,0,0,0,0
52611,1,0,0,0,0
52612,1,0,0,0,0
52613,1,0,0,0,0
52614,1,0,0,0,0
52615,1,0,0,0,0
52616,1,0,0,0,0
52617,1,0,0,0,0
52618,1,0,0,0,0
52619,1,0,0,0,0
52620,1,0,0,0,0
52621,1,0,0,0,0
52622,1,0,0,0,0
52623,1,0,0,0,0
52624,1,0,0,0,0
52625,1,0,0,0,0
52626,1,0,0,0,0
52627,1,0,0,0,0
52628,1,0,0,0,0
52629,1,0,0,0,0
52630,1,0,0,0,0
52631,1,0,0,0,0
52632,1,0,0,0,0
52633,1,0,0,0,0
52634,1,0,0,0,0
52635,1,0,0,0,0
52636,1,0,0,0,0
52637,1,0,0,0,0
52638,1,0,0,0,0
52639,1,0,0,0,0
52640,1,0,0,0,0
52641,1,0,0,0,0
52642,1,0,0,0,0
52643,1,0,0,0,0
52644,1,0,0,0,0
52645,1,0,0,0,0
52646,1,0,0,0,0
52647,1,0,0,0,0
52648,1,0,0,0,0
52649,1,0,0,0,0
52650,1,0,0,0,0
52651,1,0,0,0,0
52652,1,0,0,0,0
52653,1,0,0,0,0
52654,1,0,0,0,0
52655,1,0,0,0,0
52656,1,0,0,0,0
52657,1,0,0,0,0
52658,1,0,0,0,0
52659,1,0,0,0,0
52660,1,0,0,0,0
52661,1,0,0,0,0
52662,1,0,0,0,0
52663,1,0,0,0,0
52664,1,0,0,0,0
52665,1,0,0,0,0
52666,1,0,0,0,0
52667,1,0,0,0,0
52668,1,0,0,0,0
52669,1,0,0,0,0
52670,1,0,0,0,0
52671,1,0,0,0,0
52672,1,0,0,0,0
52673,1,0,0,0,0
52674,1,0,0,0,0
52675,1,0,0,0,0
52676,1,0,0,0,0
52677,1,0,0,0,0
52678,1,0,0,0,0
52679,1,0,0,0,0
52680,1,0,0,0,0
52681,1,0,0,0,0
52682,1,0,0,0,0
52683,1,0,0,0,0
52684,1,0,0,0,0
52685,1,0,0,0,0
52686,1,0,0,0,0
52687,1,0,0,0,0
52688,1,0,0,0,0
52689,0,0,1,0,0
52690,0,0,1,0,0
52691,0,0,1,0,0
52692,0,0,1,0,0
52693,0,0,1,0,0
52694,0,0,1,0,0
52695,0,0,1,0,0
52696,0,0,1,0,0
52697,0,0,1,0,0
52698,0,0,1,0,0
52699,0,0,1,0,0
52700,0,0,1,0,0
52701,0,0,1,0,0
52702,0,0,1,0,0
52703,0,0,1,0,0
52704,0,0,1,0,0
52705,0,0,1,0,0
52706,0,0,1,0,0
52707,0,0,1,0,0
52708,0,0,1,0,0
52709,0,0,1,0,0
52710,0,0,1,0,0
52711,0,0,1,0,0
52712,0,0,1,0,0
52713,0,0,1,0,0
52714,0,0,1,0,0
52715,0,0,1,0,0
52716,0,0,1,0,0
52717,0,0,1,0,0
52718,0,0,1,0,0
52719,0,0,1,0,0
52720,0,0,1,0,0
52721,1,0,0,0,0
52722,1,0,0,0,0
52723,1,0,0,0,0
52724,1,0,0,0,0
52725,1,0,0,0,0
52726,1,0,0,0,0
52727,1,0,0,0,0
52728,1,0,0,0,0
52729,1,0,0,0,0
52730,1,0,0,0,0
52731,1,0,0,0,0
52732,1,0,0,0,0
52733,1,0,0,0,0
52734,1,0,0,0,0
52735,1,0,0,0,0
52736,1,0,0,0,0
52737,1,0,0,0,0
52738,1,0,0,0,0
52739,1,0,0,0,0
52740,1,0,0,0,0
52741,1,0,0,0,0
52742,1,0,0,0,0
52743,1,0,0,0,0
52744,1,0,0,0,0
52745,1,0,0,0,0
52746,1,0,0,0,0
52747,1,0,0,0,0
52748,1,0,0,0,0
52749,1,0,0,0,0
52750,1,0,0,0,0
52751,1,0,0,0,0
52752,1,0,0,0,0
52753,1,0,0,0,0
52754,1,0,0,0,0
52755,1,0,0,0,0
52756,1,0,0,0,0
52757,1,0,0,0,0
52758,1,0,0,0,0
52759,1,0,0,0,0
52760,1,0,0,0,0
52761,1,0,0,0,0
52762,1,0,0,0,0
52763,1,0,0,0,0
52764,1,0,0,0,0
52765,1,0,0,0,0
52766,1,0,0,0,0
52767,1,0,0,0,0
52768,1,0,0,0,0
52769,1,0,0,0,0
52770,1,0,0,0,0
52771,1,0,0,0,0
52772,1,0,0,0,0
52773,1,0,0,0,0
52774,1,0,0,0,0
52775,1,0,0,0,0
52776,1,0,0,0,0
52777,1,0,0,0,0
52778,1,0,0,0,0
52779,1,0,0,0,0
52780,1,0,0,0,0
52781,1,0,0,0,0
52782,1,0,0,0,0
52783,1,0,0,0,0
52784,1,0,0,0,0
52785,1,0,0,0,0
52786,1,0,0,0,0
52787,1,0,0,0,0
52788,1,0,0,0,0
52789,1,0,0,0,0
52790,1,0,0,0,0
52791,1,0,0,0,0
52792,1,0,0,0,0
52793,1,0,0,0,0
52794,1,0,0,0,0
52795,1,0,0,0,0
52796,1,0,0,0,0
52797,1,0,0,0,0
52798,1,0,0,0,0
52799,1,0,0,0,0
52800,1,0,0,0,0
52801,1,0,0,0,0
52802,1,0,0,0,0
52803,1,0,0,0,0
52804,1,0,0,0,0
52805,1,0,0,0,0
52806,1,0,0,0,0
52807,1,0,0,0,0
52808,1,0,0,0,0
52809,1,0,0,0,0
52810,1,0,0,0,0
52811,1,0,0,0,0
52812,1,0,0,0,0
52813,1,0,0,0,0
52814,1,0,0,0,0
52815,1,0,0,0,0
52816,1,0,0,0,0
52817,1,0,0,0,0
52818,1,0,0,0,0
52819,1,0,0,0,0
52820,1,0,0,0,0
52821,1,0,0,0,0
52822,1,0,0,0,0
52823,1,0,0,0,0
52824,1,0,0,0,0
52825,1,0,0,0,0
52826,1,0,0,0,0
52827,1,0,0,0,0
52828,1,0,0,0,0
52829,1,0,0,0,0
52830,1,0,0,0,0
52831,1,0,0,0,0
52832,1,0,0,0,0
52833,1,0,0,0,0
52834,1,0,0,0,0
52835,1,0,0,0,0
52836,1,0,0,0,0
52837,1,0,0,0,0
52838,1,0,0,0,0
52839,1,0,0,0,0
52840,1,0,0,0,0
52841,1,0,0,0,0
52842,1,0,0,0,0
52843,1,0,0,0,0
52844,1,0,0,0,0
52845,1,0,0,0,0
52846,1,0,0,0,0
52847,1,0,0,0,0
52848,1,0,0,0,0
52849,1,0,0,0,0
52850,1,0,0,0,0
52851,1,0,0,0,0
52852,1,0,0,0,0
52853,1,0,0,0,0
52854,1,0,0,0,0
52855,1,0,0,0,0
52856,1,0,0,0,0
52857,1,0,0,0,0
52858,1,0,0,0,0
52859,1,0,0,0,0
52860,1,0,0,0,0
52861,1,0,0,0,0
52862,1,0,0,0,0
52863,1,0,0,0,0
52864,1,0,0,0,0
52865,1,0,0,0,0
52866,1,0,0,0,0
52867,1,0,0,0,0
52868,1,0,0,0,0
52869,1,0,0,0,0
52870,1,0,0,0,0
52871,1,0,0,0,0
52872,1,0,0,0,0
52873,1,0,0,0,0
52874,1,0,0,0,0
52875,1,0,0,0,0
52876,1,0,0,0,0
52877,1,0,0,0,0
52878,1,0,0,0,0
52879,1,0,0,0,0
52880,1,0,0,0,0
52881,1,0,0,0,0
52882,1,0,0,0,0
52883,1,0,0,0,0
52884,1,0,0,0,0
52885,1,0,0,0,0
52886,1,0,0,0,0
52887,1,0,0,0,0
52888,1,0,0,0,0
52889,1,0,0,0,0
52890,1,0,0,0,0
52891,1,0,0,0,0
52892,1,0,0,0,0
52893,1,0,0,0,0
52894,1,0,0,0,0
52895,1,0,0,0,0
52896,1,0,0,0,0
52897,1,0,0,0,0
52898,1,0,0,0,0
52899,1,0,0,0,0
52900,1,0,0,0,0
52901,1,0,0,0,0
52902,1,0,0,0,0
52903,1,0,0,0,0
52904,1,0,0,0,0
52905,1,0,0,0,0
52906,1,0,0,0,0
52907,1,0,0,0,0
52908,1,0,0,0,0
52909,1,0,0,0,0
52910,1,0,0,0,0
52911,1,0,0,0,0
52912,1,0,0,0,0
52913,1,0,0,0,0
52914,1,0,0,0,0
52915,1,0,0,0,0
52916,1,0,0,0,0
52917,1,0,0,0,0
52918,1,0,0,0,0
52919,1,0,0,0,0
52920,1,0,0,0,0
52921,1,0,0,0,0
52922,1,0,0,0,0
52923,1,0,0,0,0
52924,1,0,0,0,0
52925,1,0,0,0,0
52926,1,0,0,0,0
52927,1,0,0,0,0
52928,1,0,0,0,0
52929,1,0,0,0,0
52930,1,0,0,0,0
52931,1,0,0,0,0
52932,1,0,0,0,0
52933,1,0,0,0,0
52934,1,0,0,0,0
52935,1,0,0,0,0
52936,1,0,0,0,0
52937,1,0,0,0,0
52938,1,0,0,0,0
52939,1,0,0,0,0
52940,1,0,0,0,0
52941,1,0,0,0,0
52942,1,0,0,0,0
52943,1,0,0,0,0
52944,1,0,0,0,0
52945,1,0,0,0,0
52946,1,0,0,0,0
52947,1,0,0,0,0
52948,1,0,0,0,0
52949,1,0,0,0,0
52950,1,0,0,0,0
52951,1,0,0,0,0
52952,1,0,0,0,0
52953,1,0,0,0,0
52954,1,0,0,0,0
52955,1,0,0,0,0
52956,1,0,0,0,0
52957,1,0,0,0,0
52958,1,0,0,0,0
52959,1,0,0,0,0
52960,1,0,0,0,0
52961,1,0,0,0,0
52962,1,0,0,0,0
52963,1,0,0,0,0
52964,1,0,0,0,0
52965,1,0,0,0,0
52966,1,0,0,0,0
52967,1,0,0,0,0
52968,1,0,0,0,0
52969,1,0,0,0,0
52970,1,0,0,0,0
52971,1,0,0,0,0
52972,1,0,0,0,0
52973,1,0,0,0,0
52974,1,0,0,0,0
52975,1,0,0,0,0
52976,1,0,0,0,0
52977,1,0,0,0,0
52978,1,0,0,0,0
52979,1,0,0,0,0
52980,1,0,0,0,0
52981,1,0,0,0,0
52982,1,0,0,0,0
52983,1,0,0,0,0
52984,1,0,0,0,0
52985,1,0,0,0,0
52986,1,0,0,0,0
52987,1,0,0,0,0
52988,1,0,0,0,0
52989,1,0,0,0,0
52990,1,0,0,0,0
52991,1,0,0,0,0
52992,1,0,0,0,0
52993,1,0,0,0,0
52994,1,0,0,0,0
52995,1,0,0,0,0
52996,1,0,0,0,0
52997,1,0,0,0,0
52998,1,0,0,0,0
52999,1,0,0,0,0
53000,1,0,0,0,0
53001,1,0,0,0,0
53002,1,0,0,0,0
53003,1,0,0,0,0
53004,1,0,0,0,0
53005,1,0,0,0,0
53006,1,0,0,0,0
53007,1,0,0,0,0
53008,1,0,0,0,0
53009,1,0,0,0,0
53010,1,0,0,0,0
53011,1,0,0,0,0
53012,1,0,0,0,0
53013,1,0,0,0,0
53014,1,0,0,0,0
53015,1,0,0,0,0
53016,1,0,0,0,0
53017,1,0,0,0,0
53018,1,0,0,0,0
53019,1,0,0,0,0
53020,1,0,0,0,0
53021,1,0,0,0,0
53022,1,0,0,0,0
53023,1,0,0,0,0
53024,1,0,0,0,0
53025,1,0,0,0,0
53026,1,0,0,0,0
53027,1,0,0,0,0
53028,1,0,0,0,0
53029,1,0,0,0,0
53030,1,0,0,0,0
53031,1,0,0,0,0
53032,1,0,0,0,0
53033,1,0,0,0,0
53034,1,0,0,0,0
53035,1,0,0,0,0
53036,1,0,0,0,0
53037,1,0,0,0,0
53038,1,0,0,0,0
53039,1,0,0,0,0
53040,1,0,0,0,0
53041,1,0,0,0,0
53042,1,0,0,0,0
53043,1,0,0,0,0
53044,1,0,0,0,0
53045,1,0,0,0,0
53046,1,0,0,0,0
53047,1,0,0,0,0
53048,1,0,0,0,0
53049,1,0,0,0,0
53050,1,0,0,0,0
53051,1,0,0,0,0
53052,1,0,0,0,0
53053,1,0,0,0,0
53054,1,0,0,0,0
53055,1,0,0,0,0
53056,1,0,0,0,0
53057,1,0,0,0,0
53058,1,0,0,0,0
53059,1,0,0,0,0
53060,1,0,0,0,0
53061,1,0,0,0,0
53062,1,0,0,0,0
53063,1,0,0,0,0
53064,1,0,0,0,0
53065,1,0,0,0,0
53066,1,0,0,0,0
53067,1,0,0,0,0
53068,1,0,0,0,0
53069,1,0,0,0,0
53070,1,0,0,0,0
53071,1,0,0,0,0
53072,1,0,0,0,0
53073,1,0,0,0,0
53074,1,0,0,0,0
53075,1,0,0,0,0
53076,1,0,0,0,0
53077,1,0,0,0,0
53078,1,0,0,0,0
53079,1,0,0,0,0
53080,1,0,0,0,0
53081,1,0,0,0,0
53082,1,0,0,0,0
53083,1,0,0,0,0
53084,1,0,0,0,0
53085,1,0,0,0,0
53086,1,0,0,0,0
53087,1,0,0,0,0
53088,1,0,0,0,0
53089,1,0,0,0,0
53090,1,0,0,0,0
53091,1,0,0,0,0
53092,1,0,0,0,0
53093,1,0,0,0,0
53094,1,0,0,0,0
53095,1,0,0,0,0
53096,1,0,0,0,0
53097,1,0,0,0,0
53098,1,0,0,0,0
53099,1,0,0,0,0
53100,1,0,0,0,0
53101,1,0,0,0,0
53102,1,0,0,0,0
53103,1,0,0,0,0
53104,1,0,0,0,0
53105,1,0,0,0,0
53106,1,0,0,0,0
53107,1,0,0,0,0
53108,1,0,0,0,0
53109,1,0,0,0,0
53110,1,0,0,0,0
53111,1,0,0,0,0
53112,1,0,0,0,0
53113,1,0,0,0,0
53114,1,0,0,0,0
53115,1,0,0,0,0
53116,1,0,0,0,0
53117,1,0,0,0,0
53118,1,0,0,0,0
53119,1,0,0,0,0
53120,1,0,0,0,0
53121,1,0,0,0,0
53122,1,0,0,0,0
53123,1,0,0,0,0
53124,1,0,0,0,0
53125,1,0,0,0,0
53126,1,0,0,0,0
53127,1,0,0,0,0
53128,1,0,0,0,0
53129,1,0,0,0,0
53130,1,0,0,0,0
53131,1,0,0,0,0
53132,1,0,0,0,0
53133,1,0,0,0,0
53134,1,0,0,0,0
53135,1,0,0,0,0
53136,1,0,0,0,0
53137,1,0,0,0,0
53138,1,0,0,0,0
53139,1,0,0,0,0
53140,1,0,0,0,0
53141,1,0,0,0,0
53142,1,0,0,0,0
53143,1,0,0,0,0
53144,1,0,0,0,0
53145,1,0,0,0,0
53146,1,0,0,0,0
53147,1,0,0,0,0
53148,1,0,0,0,0
53149,1,0,0,0,0
53150,1,0,0,0,0
53151,1,0,0,0,0
53152,1,0,0,0,0
53153,1,0,0,0,0
53154,1,0,0,0,0
53155,1,0,0,0,0
53156,1,0,0,0,0
53157,1,0,0,0,0
53158,1,0,0,0,0
53159,1,0,0,0,0
53160,1,0,0,0,0
53161,1,0,0,0,0
53162,1,0,0,0,0
53163,1,0,0,0,0
53164,1,0,0,0,0
53165,1,0,0,0,0
53166,1,0,0,0,0
53167,1,0,0,0,0
53168,1,0,0,0,0
53169,1,0,0,0,0
53170,1,0,0,0,0
53171,1,0,0,0,0
53172,1,0,0,0,0
53173,1,0,0,0,0
53174,1,0,0,0,0
53175,1,0,0,0,0
53176,1,0,0,0,0
53177,1,0,0,0,0
53178,1,0,0,0,0
53179,1,0,0,0,0
53180,1,0,0,0,0
53181,1,0,0,0,0
53182,1,0,0,0,0
53183,1,0,0,0,0
53184,1,0,0,0,0
53185,1,0,0,0,0
53186,1,0,0,0,0
53187,1,0,0,0,0
53188,1,0,0,0,0
53189,1,0,0,0,0
53190,1,0,0,0,0
53191,1,0,0,0,0
53192,1,0,0,0,0
53193,1,0,0,0,0
53194,1,0,0,0,0
53195,1,0,0,0,0
53196,1,0,0,0,0
53197,1,0,0,0,0
53198,1,0,0,0,0
53199,1,0,0,0,0
53200,1,0,0,0,0
53201,1,0,0,0,0
53202,1,0,0,0,0
53203,1,0,0,0,0
53204,1,0,0,0,0
53205,1,0,0,0,0
53206,1,0,0,0,0
53207,1,0,0,0,0
53208,1,0,0,0,0
53209,1,0,0,0,0
53210,1,0,0,0,0
53211,1,0,0,0,0
53212,1,0,0,0,0
53213,1,0,0,0,0
53214,1,0,0,0,0
53215,1,0,0,0,0
53216,1,0,0,0,0
53217,1,0,0,0,0
53218,1,0,0,0,0
53219,1,0,0,0,0
53220,1,0,0,0,0
53221,1,0,0,0,0
53222,1,0,0,0,0
53223,1,0,0,0,0
53224,1,0,0,0,0
53225,1,0,0,0,0
53226,1,0,0,0,0
53227,1,0,0,0,0
53228,1,0,0,0,0
53229,1,0,0,0,0
53230,1,0,0,0,0
53231,1,0,0,0,0
53232,1,0,0,0,0
53233,1,0,0,0,0
53234,1,0,0,0,0
53235,1,0,0,0,0
53236,1,0,0,0,0
53237,1,0,0,0,0
53238,1,0,0,0,0
53239,1,0,0,0,0
53240,1,0,0,0,0
53241,1,0,0,0,0
53242,1,0,0,0,0
53243,1,0,0,0,0
53244,1,0,0,0,0
53245,1,0,0,0,0
53246,1,0,0,0,0
53247,1,0,0,0,0
53248,1,0,0,0,0
53249,1,0,0,0,0
53250,1,0,0,0,0
53251,1,0,0,0,0
53252,1,0,0,0,0
53253,1,0,0,0,0
53254,1,0,0,0,0
53255,1,0,0,0,0
53256,1,0,0,0,0
53257,1,0,0,0,0
53258,1,0,0,0,0
53259,1,0,0,0,0
53260,1,0,0,0,0
53261,1,0,0,0,0
53262,1,0,0,0,0
53263,1,0,0,0,0
53264,1,0,0,0,0
53265,1,0,0,0,0
53266,1,0,0,0,0
53267,1,0,0,0,0
53268,1,0,0,0,0
53269,1,0,0,0,0
53270,1,0,0,0,0
53271,1,0,0,0,0
53272,1,0,0,0,0
53273,1,0,0,0,0
53274,1,0,0,0,0
53275,1,0,0,0,0
53276,1,0,0,0,0
53277,1,0,0,0,0
53278,1,0,0,0,0
53279,1,0,0,0,0
53280,1,0,0,0,0
53281,1,0,0,0,0
53282,1,0,0,0,0
53283,1,0,0,0,0
53284,1,0,0,0,0
53285,1,0,0,0,0
53286,1,0,0,0,0
53287,1,0,0,0,0
53288,1,0,0,0,0
53289,1,0,0,0,0
53290,1,0,0,0,0
53291,1,0,0,0,0
53292,1,0,0,0,0
53293,1,0,0,0,0
53294,1,0,0,0,0
53295,1,0,0,0,0
53296,1,0,0,0,0
53297,1,0,0,0,0
53298,1,0,0,0,0
53299,1,0,0,0,0
53300,1,0,0,0,0
53301,1,0,0,0,0
53302,1,0,0,0,0
53303,1,0,0,0,0
53304,1,0,0,0,0
53305,1,0,0,0,0
53306,1,0,0,0,0
53307,1,0,0,0,0
53308,1,0,0,0,0
53309,1,0,0,0,0
53310,1,0,0,0,0
53311,1,0,0,0,0
53312,1,0,0,0,0
53313,1,0,0,0,0
53314,1,0,0,0,0
53315,1,0,0,0,0
53316,1,0,0,0,0
53317,1,0,0,0,0
53318,1,0,0,0,0
53319,1,0,0,0,0
53320,1,0,0,0,0
53321,1,0,0,0,0
53322,1,0,0,0,0
53323,1,0,0,0,0
53324,1,0,0,0,0
53325,1,0,0,0,0
53326,1,0,0,0,0
53327,1,0,0,0,0
53328,1,0,0,0,0
53329,1,0,0,0,0
53330,1,0,0,0,0
53331,1,0,0,0,0
53332,1,0,0,0,0
53333,1,0,0,0,0
53334,1,0,0,0,0
53335,1,0,0,0,0
53336,1,0,0,0,0
53337,1,0,0,0,0
53338,1,0,0,0,0
53339,1,0,0,0,0
53340,1,0,0,0,0
53341,1,0,0,0,0
53342,1,0,0,0,0
53343,1,0,0,0,0
53344,1,0,0,0,0
53345,1,0,0,0,0
53346,1,0,0,0,0
53347,1,0,0,0,0
53348,1,0,0,0,0
53349,1,0,0,0,0
53350,1,0,0,0,0
53351,1,0,0,0,0
53352,1,0,0,0,0
53353,1,0,0,0,0
53354,1,0,0,0,0
53355,1,0,0,0,0
53356,1,0,0,0,0
53357,1,0,0,0,0
53358,1,0,0,0,0
53359,1,0,0,0,0
53360,1,0,0,0,0
53361,1,0,0,0,0
53362,0,0,0,1,0
53363,0,0,0,1,0
53364,0,0,0,1,0
53365,0,0,0,1,0
53366,0,0,0,1,0
53367,0,0,0,1,0
53368,0,0,0,1,0
53369,0,0,0,1,0
53370,0,0,0,1,0
53371,0,0,0,1,0
53372,0,0,0,1,0
53373,0,0,0,1,0
53374,0,0,0,1,0
53375,0,0,0,1,0
53376,0,0,0,1,0
53377,0,0,0,1,0
53378,0,0,0,1,0
53379,0,0,0,1,0
53380,0,0,0,1,0
53381,0,0,0,1,0
53382,0,0,0,1,0
53383,0,0,0,1,0
53384,0,0,0,1,0
53385,0,0,0,1,0
53386,0,0,0,1,0
53387,0,0,0,1,0
53388,0,0,0,1,0
53389,0,0,0,1,0
53390,0,0,0,1,0
53391,0,0,0,1,0
53392,0,0,0,1,0
53393,0,0,0,1,0
53394,0,0,0,1,0
53395,0,0,0,1,0
53396,0,0,0,1,0
53397,0,0,0,1,0
53398,0,0,0,1,0
53399,0,0,0,1,0
53400,0,0,0,1,0
53401,0,0,0,1,0
53402,0,0,0,1,0
53403,0,0,0,1,0
53404,0,0,0,1,0
53405,0,0,0,1,0
53406,0,0,0,1,0
53407,0,0,0,1,0
53408,0,0,0,1,0
53409,0,0,0,1,0
53410,0,0,0,1,0
53411,0,0,0,1,0
53412,0,0,0,1,0
53413,0,0,0,1,0
53414,0,0,0,1,0
53415,0,0,0,1,0
53416,0,0,0,1,0
53417,0,0,0,1,0
53418,0,0,0,1,0
53419,0,0,0,1,0
53420,0,0,0,1,0
53421,0,0,0,1,0
53422,0,0,0,1,0
53423,0,0,0,1,0
53424,0,0,0,1,0
53425,0,0,0,1,0
53426,0,0,0,1,0
53427,0,0,0,1,0
53428,0,0,0,1,0
53429,0,0,0,1,0
53430,0,0,0,1,0
53431,0,0,0,1,0
53432,0,0,0,1,0
53433,0,0,0,1,0
53434,0,0,0,1,0
53435,0,0,0,1,0
53436,0,0,0,1,0
53437,0,0,0,1,0
53438,0,0,0,1,0
53439,0,0,0,1,0
53440,0,0,0,1,0
53441,0,0,0,1,0
53442,0,0,0,1,0
53443,0,0,0,1,0
53444,0,0,0,1,0
53445,0,0,0,1,0
53446,0,0,0,1,0
53447,0,0,0,1,0
53448,0,0,0,1,0
53449,0,0,0,1,0
53450,0,0,0,1,0
53451,0,0,0,1,0
53452,0,0,0,1,0
53453,0,0,0,1,0
53454,0,0,0,1,0
53455,0,0,0,1,0
53456,0,0,0,1,0
53457,0,0,0,1,0
53458,0,0,0,1,0
53459,0,0,0,1,0
53460,0,0,0,1,0
53461,0,0,0,1,0
53462,0,0,0,1,0
53463,0,0,0,1,0
53464,0,0,0,1,0
53465,0,0,0,1,0
53466,0,0,0,1,0
53467,0,0,0,1,0
53468,0,0,0,1,0
53469,0,0,0,1,0
53470,0,0,0,1,0
53471,0,0,0,1,0
53472,0,0,0,1,0
53473,0,0,0,1,0
53474,0,0,0,1,0
53475,0,0,0,1,0
53476,0,0,0,1,0
53477,0,0,0,1,0
53478,0,0,0,1,0
53479,0,0,0,1,0
53480,0,0,0,1,0
53481,0,0,0,1,0
53482,0,0,0,1,0
53483,0,0,0,1,0
53484,0,0,0,1,0
53485,0,0,0,1,0
53486,0,0,0,1,0
53487,0,0,0,1,0
53488,0,0,0,1,0
53489,0,0,0,1,0
53490,0,0,0,1,0
53491,0,0,0,1,0
53492,0,0,0,1,0
53493,0,0,0,1,0
53494,0,0,0,1,0
53495,0,0,0,1,0
53496,0,0,0,1,0
53497,0,0,0,1,0
53498,0,0,0,1,0
53499,0,0,0,1,0
53500,0,0,0,1,0
53501,0,0,0,1,0
53502,0,0,0,1,0
53503,0,0,0,1,0
53504,0,0,0,1,0
53505,0,0,0,1,0
53506,0,0,0,1,0
53507,0,0,0,1,0
53508,0,0,0,1,0
53509,0,0,0,1,0
53510,0,0,0,1,0
53511,0,0,0,1,0
53512,0,0,0,1,0
53513,0,0,0,1,0
53514,0,0,0,1,0
53515,0,0,0,1,0
53516,0,0,0,1,0
53517,0,0,0,1,0
53518,0,0,0,1,0
53519,0,0,0,1,0
53520,0,0,0,1,0
53521,0,0,0,1,0
53522,0,0,0,1,0
53523,0,0,0,1,0
53524,0,0,0,1,0
53525,0,0,0,1,0
53526,0,0,0,1,0
53527,0,0,0,1,0
53528,0,0,0,1,0
53529,0,0,0,1,0
53530,0,0,0,1,0
53531,0,0,0,1,0
53532,0,0,0,1,0
53533,0,0,0,1,0
53534,0,0,0,1,0
53535,0,0,0,1,0
53536,0,0,0,1,0
53537,0,0,0,1,0
53538,0,0,0,1,0
53539,0,0,0,1,0
53540,0,0,0,1,0
53541,0,0,0,1,0
53542,0,0,0,1,0
53543,0,0,0,1,0
53544,0,0,0,1,0
53545,0,0,0,1,0
53546,0,0,0,1,0
53547,0,0,0,1,0
53548,0,0,0,1,0
53549,0,0,0,1,0
53550,0,0,0,1,0
53551,0,0,0,1,0
53552,0,0,0,1,0
53553,0,0,0,1,0
53554,0,0,0,1,0
53555,0,0,0,1,0
53556,0,0,0,1,0
53557,0,0,0,1,0
53558,0,0,0,1,0
53559,0,0,0,1,0
53560,0,0,0,1,0
53561,0,0,0,1,0
53562,0,0,0,1,0
53563,0,0,0,1,0
53564,0,0,0,1,0
53565,0,0,0,1,0
53566,0,0,0,1,0
53567,0,0,0,1,0
53568,0,0,0,1,0
53569,0,0,0,1,0
53570,0,0,0,1,0
53571,0,0,0,1,0
53572,0,0,0,1,0
53573,0,0,0,1,0
53574,0,0,0,1,0
53575,0,0,0,1,0
53576,0,0,0,1,0
53577,0,0,0,1,0
53578,0,0,0,1,0
53579,0,0,0,1,0
53580,0,0,0,1,0
53581,0,0,0,1,0
53582,0,0,0,1,0
53583,0,0,0,1,0
53584,0,0,0,1,0
53585,0,0,0,1,0
53586,0,0,0,1,0
53587,0,0,0,1,0
53588,0,0,0,1,0
53589,0,0,0,1,0
53590,0,0,0,1,0
53591,0,0,0,1,0
53592,0,0,0,1,0
53593,0,0,0,1,0
53594,0,0,0,1,0
53595,0,0,0,1,0
53596,0,0,0,1,0
53597,0,0,0,1,0
53598,0,0,0,1,0
53599,0,0,0,1,0
53600,0,0,0,1,0
53601,0,0,0,1,0
53602,0,0,0,1,0
53603,0,0,0,1,0
53604,0,0,0,1,0
53605,0,0,0,1,0
53606,0,0,0,1,0
53607,0,0,0,1,0
53608,0,0,0,1,0
53609,0,0,0,1,0
53610,0,0,0,1,0
53611,0,0,0,1,0
53612,0,0,0,1,0
53613,0,0,0,1,0
53614,0,0,0,1,0
53615,0,0,0,1,0
53616,0,0,0,1,0
53617,0,0,0,1,0
53618,0,0,0,1,0
53619,0,0,0,1,0
53620,0,0,0,1,0
53621,0,0,0,1,0
53622,0,0,0,1,0
53623,0,0,0,1,0
53624,0,0,0,1,0
53625,0,0,0,1,0
53626,0,0,0,1,0
53627,0,0,0,1,0
53628,0,0,0,1,0
53629,0,0,0,1,0
53630,0,0,0,1,0
53631,0,0,0,1,0
53632,0,0,0,1,0
53633,0,0,0,1,0
53634,0,0,0,1,0
53635,0,0,0,1,0
53636,0,0,0,1,0
53637,0,0,0,1,0
53638,0,0,0,1,0
53639,0,0,0,1,0
53640,0,0,0,1,0
53641,0,0,0,1,0
53642,0,0,0,1,0
53643,0,0,0,1,0
53644,0,0,0,1,0
53645,0,0,0,1,0
53646,0,0,0,1,0
53647,0,0,0,1,0
53648,0,0,0,1,0
53649,0,0,0,1,0
53650,0,0,0,1,0
53651,0,0,0,1,0
53652,0,0,0,1,0
53653,0,0,0,1,0
53654,0,0,0,1,0
53655,0,0,0,1,0
53656,0,0,0,1,0
53657,0,0,0,1,0
53658,0,0,0,1,0
53659,0,0,0,1,0
53660,0,0,0,1,0
53661,0,0,0,1,0
53662,0,0,0,1,0
53663,0,0,0,1,0
53664,0,0,0,1,0
53665,0,0,0,1,0
53666,0,0,0,1,0
53667,0,0,0,1,0
53668,0,0,0,1,0
53669,0,0,0,1,0
53670,0,0,0,1,0
53671,0,0,0,1,0
53672,0,0,0,1,0
53673,0,0,0,1,0
53674,0,0,0,1,0
53675,0,0,0,1,0
53676,0,0,0,1,0
53677,0,0,0,1,0
53678,0,0,0,1,0
53679,0,0,0,1,0
53680,0,0,0,1,0
53681,0,0,0,1,0
53682,0,0,0,1,0
53683,0,0,0,1,0
53684,0,0,0,1,0
53685,0,0,0,1,0
53686,0,0,0,1,0
53687,0,0,0,1,0
53688,0,0,0,1,0
53689,0,0,0,1,0
53690,0,0,0,1,0
53691,0,0,0,1,0
53692,0,0,0,1,0
53693,0,0,0,1,0
53694,0,0,0,1,0
53695,0,0,0,1,0
53696,0,0,0,1,0
53697,0,0,0,1,0
53698,0,0,0,1,0
53699,0,0,0,1,0
53700,0,0,0,1,0
53701,0,0,0,1,0
53702,0,0,0,1,0
53703,0,0,0,1,0
53704,0,0,0,1,0
53705,0,0,0,1,0
53706,0,0,0,1,0
53707,0,0,0,1,0
53708,0,0,0,1,0
53709,0,0,0,1,0
53710,0,0,0,1,0
53711,0,0,0,1,0
53712,0,0,0,1,0
53713,0,0,0,1,0
53714,0,0,0,1,0
53715,0,0,0,1,0
53716,0,0,0,1,0
53717,0,0,0,1,0
53718,0,0,0,1,0
53719,0,0,0,1,0
53720,0,0,0,1,0
53721,0,0,0,1,0
53722,0,0,0,1,0
53723,0,0,0,1,0
53724,0,0,0,1,0
53725,0,0,0,1,0
53726,0,0,0,1,0
53727,0,0,0,1,0
53728,0,0,0,1,0
53729,0,0,0,1,0
53730,0,0,0,1,0
53731,0,0,0,1,0
53732,0,0,0,1,0
53733,0,0,0,1,0
53734,0,0,0,1,0
53735,0,0,0,1,0
53736,0,0,0,1,0
53737,0,0,0,1,0
53738,0,0,0,1,0
53739,0,0,0,1,0
53740,0,0,0,1,0
53741,0,0,0,1,0
53742,0,0,0,1,0
53743,0,0,0,1,0
53744,0,0,0,1,0
53745,0,0,0,1,0
53746,0,0,0,1,0
53747,0,0,0,1,0
53748,0,0,0,1,0
53749,0,0,0,1,0
53750,0,0,0,1,0
53751,0,0,0,1,0
53752,0,0,0,1,0
53753,0,0,0,1,0
53754,0,0,0,1,0
53755,0,0,0,1,0
53756,0,0,0,1,0
53757,0,0,0,1,0
53758,0,0,0,1,0
53759,0,0,0,1,0
53760,0,0,0,1,0
53761,0,0,0,1,0
53762,0,0,0,1,0
53763,0,0,0,1,0
53764,0,0,0,1,0
53765,0,0,0,1,0
53766,0,0,0,1,0
53767,0,0,0,1,0
53768,0,0,0,1,0
53769,1,0,0,0,0
53770,1,0,0,0,0
53771,1,0,0,0,0
53772,1,0,0,0,0
53773,1,0,0,0,0
53774,1,0,0,0,0
53775,1,0,0,0,0
53776,1,0,0,0,0
53777,1,0,0,0,0
53778,1,0,0,0,0
53779,1,0,0,0,0
53780,1,0,0,0,0
53781,1,0,0,0,0
53782,1,0,0,0,0
53783,0,0,0,1,0
53784,0,0,0,1,0
53785,0,0,0,1,0
53786,0,0,0,1,0
53787,0,0,0,1,0
53788,0,0,0,1,0
53789,0,0,0,1,0
53790,0,0,0,1,0
53791,0,0,0,1,0
53792,0,0,0,1,0
53793,0,0,0,1,0
53794,0,0,0,1,0
53795,0,0,0,1,0
53796,0,0,0,1,0
53797,0,0,0,1,0
53798,0,0,0,1,0
53799,0,0,0,1,0
53800,0,0,0,1,0
53801,0,0,0,1,0
53802,0,0,0,1,0
53803,0,0,0,1,0
53804,0,0,0,1,0
53805,0,0,0,1,0
53806,0,0,0,1,0
53807,0,0,0,1,0
53808,0,0,0,1,0
53809,0,0,0,1,0
53810,0,0,0,1,0
53811,0,0,0,1,0
53812,0,0,0,1,0
53813,0,0,0,1,0
53814,0,0,0,1,0
53815,0,0,0,1,0
53816,0,0,0,1,0
53817,0,0,0,1,0
53818,0,0,0,1,0
53819,0,0,0,1,0
53820,0,0,0,1,0
53821,0,0,0,1,0
53822,0,0,0,1,0
53823,0,0,0,1,0
53824,0,0,0,1,0
53825,0,0,0,1,0
53826,0,0,0,1,0
53827,0,0,0,1,0
53828,0,0,0,1,0
53829,0,0,0,1,0
53830,0,0,0,1,0
53831,0,0,0,1,0
53832,0,0,0,1,0
53833,0,0,0,1,0
53834,0,0,0,1,0
53835,0,0,0,1,0
53836,0,0,0,1,0
53837,0,0,0,1,0
53838,0,0,0,1,0
53839,0,0,0,1,0
53840,0,0,0,1,0
53841,0,0,0,1,0
53842,0,0,0,1,0
53843,0,0,0,1,0
53844,0,0,0,1,0
53845,0,0,0,1,0
53846,0,0,0,1,0
53847,0,0,0,1,0
53848,0,0,0,1,0
53849,0,0,0,1,0
53850,0,0,0,1,0
53851,0,0,0,1,0
53852,0,0,0,1,0
53853,0,0,0,1,0
53854,0,0,0,1,0
53855,0,0,0,1,0
53856,0,0,0,1,0
53857,0,0,0,1,0
53858,0,0,0,1,0
53859,0,0,0,1,0
53860,0,0,0,1,0
53861,0,0,0,1,0
53862,0,0,0,1,0
53863,0,0,0,1,0
53864,0,0,0,1,0
53865,0,0,0,1,0
53866,0,0,0,1,0
53867,0,0,0,1,0
53868,0,0,0,1,0
53869,0,0,0,1,0
53870,0,0,0,1,0
53871,0,0,0,1,0
53872,0,0,0,1,0
53873,0,0,0,1,0
53874,0,0,0,1,0
53875,0,0,0,1,0
53876,0,0,0,1,0
53877,0,0,0,1,0
53878,0,0,0,1,0
53879,0,0,0,1,0
53880,0,0,0,1,0
53881,0,0,0,1,0
53882,0,0,0,1,0
53883,0,0,0,1,0
53884,0,0,0,1,0
53885,0,0,0,1,0
53886,0,0,0,1,0
53887,0,0,0,1,0
53888,0,0,0,1,0
53889,0,0,0,1,0
53890,0,0,0,1,0
53891,0,0,0,1,0
53892,0,0,0,1,0
53893,0,0,0,1,0
53894,0,0,0,1,0
53895,0,0,0,1,0
53896,0,0,0,1,0
53897,0,0,0,1,0
53898,0,0,0,1,0
53899,0,0,0,1,0
53900,0,0,0,1,0
53901,0,0,0,1,0
53902,0,0,0,1,0
53903,0,0,0,1,0
53904,0,0,0,1,0
53905,0,0,0,1,0
53906,0,0,0,1,0
53907,0,0,0,1,0
53908,0,0,0,1,0
53909,0,0,0,1,0
53910,0,0,0,1,0
53911,0,0,0,1,0
53912,0,0,0,1,0
53913,0,0,0,1,0
53914,0,0,0,1,0
53915,0,0,0,1,0
53916,0,0,0,1,0
53917,1,0,0,0,0
53918,1,0,0,0,0
53919,1,0,0,0,0
53920,0,0,1,0,0
53921,0,0,1,0,0
53922,0,0,1,0,0
53923,0,0,1,0,0
53924,0,0,1,0,0
53925,0,0,1,0,0
53926,0,0,1,0,0
53927,0,0,1,0,0
53928,0,0,1,0,0
53929,0,0,1,0,0
53930,0,0,1,0,0
53931,0,0,1,0,0
53932,0,0,1,0,0
53933,0,0,1,0,0
53934,0,0,1,0,0
53935,0,0,1,0,0
53936,0,0,1,0,0
53937,0,0,1,0,0
53938,0,0,1,0,0
53939,0,0,1,0,0
53940,0,0,1,0,0
53941,0,0,1,0,0
53942,0,0,1,0,0
53943,0,0,1,0,0
53944,0,0,1,0,0
53945,0,0,1,0,0
53946,0,0,1,0,0
53947,0,0,1,0,0
53948,0,0,1,0,0
53949,0,0,1,0,0
53950,0,0,1,0,0
53951,0,0,1,0,0
53952,0,0,1,0,0
53953,0,0,1,0,0
53954,0,0,1,0,0
53955,0,0,1,0,0
53956,0,0,1,0,0
53957,0,0,1,0,0
53958,0,0,1,0,0
53959,0,0,1,0,0
53960,0,0,1,0,0
53961,0,0,1,0,0
53962,0,0,1,0,0
53963,0,0,1,0,0
53964,0,0,1,0,0
53965,0,0,1,0,0
53966,0,0,1,0,0
53967,0,0,1,0,0
53968,1,0,0,0,0
53969,1,0,0,0,0
53970,1,0,0,0,0
53971,1,0,0,0,0
53972,1,0,0,0,0
53973,1,0,0,0,0
53974,1,0,0,0,0
53975,1,0,0,0,0
53976,1,0,0,0,0
53977,1,0,0,0,0
53978,1,0,0,0,0
53979,1,0,0,0,0
53980,1,0,0,0,0
53981,1,0,0,0,0
53982,1,0,0,0,0
53983,1,0,0,0,0
53984,1,0,0,0,0
53985,1,0,0,0,0
53986,1,0,0,0,0
53987,1,0,0,0,0
53988,1,0,0,0,0
53989,1,0,0,0,0
53990,1,0,0,0,0
53991,1,0,0,0,0
53992,1,0,0,0,0
53993,1,0,0,0,0
53994,1,0,0,0,0
53995,1,0,0,0,0
53996,1,0,0,0,0
53997,1,0,0,0,0
53998,1,0,0,0,0
53999,1,0,0,0,0
54000,1,0,0,0,0
54001,1,0,0,0,0
54002,1,0,0,0,0
54003,1,0,0,0,0
54004,1,0,0,0,0
54005,1,0,0,0,0
54006,1,0,0,0,0
54007,1,0,0,0,0
54008,1,0,0,0,0
54009,1,0,0,0,0
54010,1,0,0,0,0
54011,1,0,0,0,0
54012,1,0,0,0,0
54013,1,0,0,0,0
54014,1,0,0,0,0
54015,1,0,0,0,0
54016,1,0,0,0,0
54017,1,0,0,0,0
54018,1,0,0,0,0
54019,1,0,0,0,0
54020,1,0,0,0,0
54021,1,0,0,0,0
54022,1,0,0,0,0
54023,1,0,0,0,0
54024,1,0,0,0,0
54025,1,0,0,0,0
54026,1,0,0,0,0
54027,1,0,0,0,0
54028,1,0,0,0,0
54029,1,0,0,0,0
54030,1,0,0,0,0
54031,1,0,0,0,0
54032,1,0,0,0,0
54033,1,0,0,0,0
54034,1,0,0,0,0
54035,1,0,0,0,0
54036,1,0,0,0,0
54037,1,0,0,0,0
54038,1,0,0,0,0
54039,1,0,0,0,0
54040,1,0,0,0,0
54041,1,0,0,0,0
54042,1,0,0,0,0
54043,1,0,0,0,0
54044,1,0,0,0,0
54045,1,0,0,0,0
54046,1,0,0,0,0
54047,1,0,0,0,0
54048,1,0,0,0,0
54049,1,0,0,0,0
54050,1,0,0,0,0
54051,1,0,0,0,0
54052,1,0,0,0,0
54053,1,0,0,0,0
54054,1,0,0,0,0
54055,1,0,0,0,0
54056,1,0,0,0,0
54057,1,0,0,0,0
54058,1,0,0,0,0
54059,1,0,0,0,0
54060,1,0,0,0,0
54061,1,0,0,0,0
54062,1,0,0,0,0
54063,1,0,0,0,0
54064,1,0,0,0,0
54065,1,0,0,0,0
54066,1,0,0,0,0
54067,1,0,0,0,0
54068,1,0,0,0,0
54069,1,0,0,0,0
54070,1,0,0,0,0
54071,1,0,0,0,0
54072,1,0,0,0,0
54073,1,0,0,0,0
54074,1,0,0,0,0
54075,1,0,0,0,0
54076,1,0,0,0,0
54077,1,0,0,0,0
54078,1,0,0,0,0
54079,1,0,0,0,0
54080,1,0,0,0,0
54081,1,0,0,0,0
54082,1,0,0,0,0
