,background,Supportedrearing,Unsupportedrearing,Grooming,Digging
0,1,0,0,0,0
1,1,0,0,0,0
2,1,0,0,0,0
3,1,0,0,0,0
4,1,0,0,0,0
5,1,0,0,0,0
6,1,0,0,0,0
7,1,0,0,0,0
8,1,0,0,0,0
9,1,0,0,0,0
10,1,0,0,0,0
11,1,0,0,0,0
12,1,0,0,0,0
13,1,0,0,0,0
14,1,0,0,0,0
15,1,0,0,0,0
16,1,0,0,0,0
17,1,0,0,0,0
18,1,0,0,0,0
19,1,0,0,0,0
20,1,0,0,0,0
21,1,0,0,0,0
22,1,0,0,0,0
23,1,0,0,0,0
24,1,0,0,0,0
25,1,0,0,0,0
26,1,0,0,0,0
27,1,0,0,0,0
28,1,0,0,0,0
29,1,0,0,0,0
30,1,0,0,0,0
31,1,0,0,0,0
32,1,0,0,0,0
33,1,0,0,0,0
34,1,0,0,0,0
35,1,0,0,0,0
36,1,0,0,0,0
37,1,0,0,0,0
38,1,0,0,0,0
39,1,0,0,0,0
40,1,0,0,0,0
41,1,0,0,0,0
42,1,0,0,0,0
43,1,0,0,0,0
44,1,0,0,0,0
45,1,0,0,0,0
46,1,0,0,0,0
47,1,0,0,0,0
48,1,0,0,0,0
49,1,0,0,0,0
50,1,0,0,0,0
51,1,0,0,0,0
52,1,0,0,0,0
53,1,0,0,0,0
54,1,0,0,0,0
55,1,0,0,0,0
56,1,0,0,0,0
57,1,0,0,0,0
58,1,0,0,0,0
59,1,0,0,0,0
60,1,0,0,0,0
61,1,0,0,0,0
62,1,0,0,0,0
63,1,0,0,0,0
64,1,0,0,0,0
65,1,0,0,0,0
66,1,0,0,0,0
67,1,0,0,0,0
68,1,0,0,0,0
69,1,0,0,0,0
70,1,0,0,0,0
71,1,0,0,0,0
72,1,0,0,0,0
73,1,0,0,0,0
74,1,0,0,0,0
75,1,0,0,0,0
76,1,0,0,0,0
77,1,0,0,0,0
78,1,0,0,0,0
79,1,0,0,0,0
80,1,0,0,0,0
81,1,0,0,0,0
82,1,0,0,0,0
83,1,0,0,0,0
84,1,0,0,0,0
85,1,0,0,0,0
86,1,0,0,0,0
87,1,0,0,0,0
88,1,0,0,0,0
89,1,0,0,0,0
90,1,0,0,0,0
91,1,0,0,0,0
92,1,0,0,0,0
93,1,0,0,0,0
94,1,0,0,0,0
95,1,0,0,0,0
96,1,0,0,0,0
97,1,0,0,0,0
98,1,0,0,0,0
99,1,0,0,0,0
100,1,0,0,0,0
101,1,0,0,0,0
102,1,0,0,0,0
103,1,0,0,0,0
104,1,0,0,0,0
105,1,0,0,0,0
106,1,0,0,0,0
107,1,0,0,0,0
108,1,0,0,0,0
109,1,0,0,0,0
110,1,0,0,0,0
111,1,0,0,0,0
112,1,0,0,0,0
113,1,0,0,0,0
114,1,0,0,0,0
115,1,0,0,0,0
116,1,0,0,0,0
117,1,0,0,0,0
118,1,0,0,0,0
119,1,0,0,0,0
120,1,0,0,0,0
121,1,0,0,0,0
122,1,0,0,0,0
123,1,0,0,0,0
124,1,0,0,0,0
125,1,0,0,0,0
126,1,0,0,0,0
127,1,0,0,0,0
128,1,0,0,0,0
129,1,0,0,0,0
130,1,0,0,0,0
131,1,0,0,0,0
132,1,0,0,0,0
133,1,0,0,0,0
134,1,0,0,0,0
135,1,0,0,0,0
136,1,0,0,0,0
137,1,0,0,0,0
138,1,0,0,0,0
139,1,0,0,0,0
140,1,0,0,0,0
141,1,0,0,0,0
142,1,0,0,0,0
143,1,0,0,0,0
144,1,0,0,0,0
145,1,0,0,0,0
146,1,0,0,0,0
147,1,0,0,0,0
148,1,0,0,0,0
149,1,0,0,0,0
150,1,0,0,0,0
151,1,0,0,0,0
152,1,0,0,0,0
153,1,0,0,0,0
154,1,0,0,0,0
155,1,0,0,0,0
156,1,0,0,0,0
157,1,0,0,0,0
158,1,0,0,0,0
159,1,0,0,0,0
160,1,0,0,0,0
161,1,0,0,0,0
162,1,0,0,0,0
163,1,0,0,0,0
164,1,0,0,0,0
165,1,0,0,0,0
166,1,0,0,0,0
167,1,0,0,0,0
168,1,0,0,0,0
169,1,0,0,0,0
170,1,0,0,0,0
171,1,0,0,0,0
172,1,0,0,0,0
173,1,0,0,0,0
174,1,0,0,0,0
175,1,0,0,0,0
176,1,0,0,0,0
177,1,0,0,0,0
178,1,0,0,0,0
179,1,0,0,0,0
180,1,0,0,0,0
181,1,0,0,0,0
182,1,0,0,0,0
183,1,0,0,0,0
184,1,0,0,0,0
185,1,0,0,0,0
186,1,0,0,0,0
187,1,0,0,0,0
188,1,0,0,0,0
189,1,0,0,0,0
190,1,0,0,0,0
191,1,0,0,0,0
192,1,0,0,0,0
193,1,0,0,0,0
194,1,0,0,0,0
195,1,0,0,0,0
196,1,0,0,0,0
197,1,0,0,0,0
198,1,0,0,0,0
199,1,0,0,0,0
200,1,0,0,0,0
201,1,0,0,0,0
202,1,0,0,0,0
203,1,0,0,0,0
204,1,0,0,0,0
205,1,0,0,0,0
206,1,0,0,0,0
207,1,0,0,0,0
208,1,0,0,0,0
209,1,0,0,0,0
210,1,0,0,0,0
211,1,0,0,0,0
212,1,0,0,0,0
213,1,0,0,0,0
214,1,0,0,0,0
215,1,0,0,0,0
216,1,0,0,0,0
217,1,0,0,0,0
218,1,0,0,0,0
219,1,0,0,0,0
220,1,0,0,0,0
221,1,0,0,0,0
222,1,0,0,0,0
223,1,0,0,0,0
224,1,0,0,0,0
225,1,0,0,0,0
226,1,0,0,0,0
227,1,0,0,0,0
228,1,0,0,0,0
229,1,0,0,0,0
230,1,0,0,0,0
231,1,0,0,0,0
232,1,0,0,0,0
233,1,0,0,0,0
234,1,0,0,0,0
235,1,0,0,0,0
236,1,0,0,0,0
237,1,0,0,0,0
238,1,0,0,0,0
239,1,0,0,0,0
240,1,0,0,0,0
241,1,0,0,0,0
242,1,0,0,0,0
243,1,0,0,0,0
244,1,0,0,0,0
245,1,0,0,0,0
246,1,0,0,0,0
247,1,0,0,0,0
248,1,0,0,0,0
249,1,0,0,0,0
250,1,0,0,0,0
251,1,0,0,0,0
252,1,0,0,0,0
253,1,0,0,0,0
254,1,0,0,0,0
255,1,0,0,0,0
256,1,0,0,0,0
257,1,0,0,0,0
258,1,0,0,0,0
259,1,0,0,0,0
260,1,0,0,0,0
261,1,0,0,0,0
262,1,0,0,0,0
263,1,0,0,0,0
264,1,0,0,0,0
265,1,0,0,0,0
266,1,0,0,0,0
267,1,0,0,0,0
268,1,0,0,0,0
269,1,0,0,0,0
270,1,0,0,0,0
271,1,0,0,0,0
272,1,0,0,0,0
273,1,0,0,0,0
274,1,0,0,0,0
275,1,0,0,0,0
276,1,0,0,0,0
277,1,0,0,0,0
278,1,0,0,0,0
279,1,0,0,0,0
280,1,0,0,0,0
281,1,0,0,0,0
282,1,0,0,0,0
283,1,0,0,0,0
284,1,0,0,0,0
285,1,0,0,0,0
286,1,0,0,0,0
287,1,0,0,0,0
288,1,0,0,0,0
289,1,0,0,0,0
290,1,0,0,0,0
291,1,0,0,0,0
292,1,0,0,0,0
293,1,0,0,0,0
294,1,0,0,0,0
295,1,0,0,0,0
296,1,0,0,0,0
297,1,0,0,0,0
298,1,0,0,0,0
299,1,0,0,0,0
300,1,0,0,0,0
301,1,0,0,0,0
302,1,0,0,0,0
303,1,0,0,0,0
304,1,0,0,0,0
305,1,0,0,0,0
306,1,0,0,0,0
307,1,0,0,0,0
308,1,0,0,0,0
309,1,0,0,0,0
310,1,0,0,0,0
311,1,0,0,0,0
312,1,0,0,0,0
313,1,0,0,0,0
314,1,0,0,0,0
315,1,0,0,0,0
316,1,0,0,0,0
317,1,0,0,0,0
318,1,0,0,0,0
319,1,0,0,0,0
320,1,0,0,0,0
321,1,0,0,0,0
322,1,0,0,0,0
323,1,0,0,0,0
324,1,0,0,0,0
325,1,0,0,0,0
326,1,0,0,0,0
327,1,0,0,0,0
328,1,0,0,0,0
329,1,0,0,0,0
330,1,0,0,0,0
331,1,0,0,0,0
332,1,0,0,0,0
333,1,0,0,0,0
334,1,0,0,0,0
335,1,0,0,0,0
336,1,0,0,0,0
337,1,0,0,0,0
338,1,0,0,0,0
339,1,0,0,0,0
340,1,0,0,0,0
341,1,0,0,0,0
342,1,0,0,0,0
343,1,0,0,0,0
344,1,0,0,0,0
345,1,0,0,0,0
346,1,0,0,0,0
347,1,0,0,0,0
348,1,0,0,0,0
349,1,0,0,0,0
350,1,0,0,0,0
351,1,0,0,0,0
352,1,0,0,0,0
353,1,0,0,0,0
354,1,0,0,0,0
355,1,0,0,0,0
356,1,0,0,0,0
357,1,0,0,0,0
358,1,0,0,0,0
359,1,0,0,0,0
360,1,0,0,0,0
361,1,0,0,0,0
362,1,0,0,0,0
363,1,0,0,0,0
364,1,0,0,0,0
365,1,0,0,0,0
366,1,0,0,0,0
367,1,0,0,0,0
368,1,0,0,0,0
369,1,0,0,0,0
370,1,0,0,0,0
371,1,0,0,0,0
372,1,0,0,0,0
373,1,0,0,0,0
374,1,0,0,0,0
375,1,0,0,0,0
376,1,0,0,0,0
377,1,0,0,0,0
378,0,1,0,0,0
379,0,1,0,0,0
380,0,1,0,0,0
381,0,1,0,0,0
382,0,1,0,0,0
383,0,1,0,0,0
384,0,1,0,0,0
385,0,1,0,0,0
386,0,1,0,0,0
387,0,1,0,0,0
388,0,1,0,0,0
389,0,1,0,0,0
390,0,1,0,0,0
391,0,1,0,0,0
392,0,1,0,0,0
393,0,1,0,0,0
394,0,1,0,0,0
395,0,1,0,0,0
396,0,1,0,0,0
397,0,1,0,0,0
398,0,1,0,0,0
399,0,1,0,0,0
400,1,0,0,0,0
401,1,0,0,0,0
402,1,0,0,0,0
403,1,0,0,0,0
404,1,0,0,0,0
405,1,0,0,0,0
406,1,0,0,0,0
407,1,0,0,0,0
408,1,0,0,0,0
409,1,0,0,0,0
410,1,0,0,0,0
411,1,0,0,0,0
412,1,0,0,0,0
413,1,0,0,0,0
414,1,0,0,0,0
415,1,0,0,0,0
416,1,0,0,0,0
417,1,0,0,0,0
418,1,0,0,0,0
419,1,0,0,0,0
420,1,0,0,0,0
421,1,0,0,0,0
422,1,0,0,0,0
423,1,0,0,0,0
424,1,0,0,0,0
425,1,0,0,0,0
426,1,0,0,0,0
427,1,0,0,0,0
428,1,0,0,0,0
429,1,0,0,0,0
430,1,0,0,0,0
431,1,0,0,0,0
432,1,0,0,0,0
433,1,0,0,0,0
434,1,0,0,0,0
435,1,0,0,0,0
436,1,0,0,0,0
437,1,0,0,0,0
438,1,0,0,0,0
439,1,0,0,0,0
440,1,0,0,0,0
441,1,0,0,0,0
442,1,0,0,0,0
443,1,0,0,0,0
444,1,0,0,0,0
445,1,0,0,0,0
446,1,0,0,0,0
447,1,0,0,0,0
448,1,0,0,0,0
449,1,0,0,0,0
450,1,0,0,0,0
451,1,0,0,0,0
452,1,0,0,0,0
453,1,0,0,0,0
454,1,0,0,0,0
455,1,0,0,0,0
456,1,0,0,0,0
457,1,0,0,0,0
458,1,0,0,0,0
459,1,0,0,0,0
460,1,0,0,0,0
461,1,0,0,0,0
462,1,0,0,0,0
463,1,0,0,0,0
464,1,0,0,0,0
465,1,0,0,0,0
466,1,0,0,0,0
467,1,0,0,0,0
468,1,0,0,0,0
469,1,0,0,0,0
470,1,0,0,0,0
471,1,0,0,0,0
472,1,0,0,0,0
473,1,0,0,0,0
474,1,0,0,0,0
475,1,0,0,0,0
476,1,0,0,0,0
477,1,0,0,0,0
478,1,0,0,0,0
479,1,0,0,0,0
480,1,0,0,0,0
481,1,0,0,0,0
482,1,0,0,0,0
483,1,0,0,0,0
484,1,0,0,0,0
485,1,0,0,0,0
486,1,0,0,0,0
487,1,0,0,0,0
488,1,0,0,0,0
489,1,0,0,0,0
490,1,0,0,0,0
491,1,0,0,0,0
492,1,0,0,0,0
493,1,0,0,0,0
494,1,0,0,0,0
495,1,0,0,0,0
496,1,0,0,0,0
497,1,0,0,0,0
498,1,0,0,0,0
499,1,0,0,0,0
500,1,0,0,0,0
501,1,0,0,0,0
502,1,0,0,0,0
503,1,0,0,0,0
504,1,0,0,0,0
505,1,0,0,0,0
506,1,0,0,0,0
507,1,0,0,0,0
508,1,0,0,0,0
509,1,0,0,0,0
510,1,0,0,0,0
511,1,0,0,0,0
512,1,0,0,0,0
513,1,0,0,0,0
514,1,0,0,0,0
515,1,0,0,0,0
516,1,0,0,0,0
517,1,0,0,0,0
518,1,0,0,0,0
519,1,0,0,0,0
520,1,0,0,0,0
521,1,0,0,0,0
522,1,0,0,0,0
523,1,0,0,0,0
524,1,0,0,0,0
525,1,0,0,0,0
526,1,0,0,0,0
527,1,0,0,0,0
528,1,0,0,0,0
529,1,0,0,0,0
530,1,0,0,0,0
531,1,0,0,0,0
532,1,0,0,0,0
533,1,0,0,0,0
534,1,0,0,0,0
535,1,0,0,0,0
536,1,0,0,0,0
537,1,0,0,0,0
538,1,0,0,0,0
539,1,0,0,0,0
540,1,0,0,0,0
541,1,0,0,0,0
542,1,0,0,0,0
543,1,0,0,0,0
544,1,0,0,0,0
545,1,0,0,0,0
546,1,0,0,0,0
547,1,0,0,0,0
548,1,0,0,0,0
549,1,0,0,0,0
550,1,0,0,0,0
551,1,0,0,0,0
552,1,0,0,0,0
553,1,0,0,0,0
554,1,0,0,0,0
555,1,0,0,0,0
556,1,0,0,0,0
557,1,0,0,0,0
558,1,0,0,0,0
559,1,0,0,0,0
560,1,0,0,0,0
561,1,0,0,0,0
562,1,0,0,0,0
563,1,0,0,0,0
564,1,0,0,0,0
565,1,0,0,0,0
566,1,0,0,0,0
567,1,0,0,0,0
568,1,0,0,0,0
569,1,0,0,0,0
570,1,0,0,0,0
571,1,0,0,0,0
572,1,0,0,0,0
573,1,0,0,0,0
574,1,0,0,0,0
575,1,0,0,0,0
576,1,0,0,0,0
577,1,0,0,0,0
578,1,0,0,0,0
579,1,0,0,0,0
580,1,0,0,0,0
581,1,0,0,0,0
582,1,0,0,0,0
583,1,0,0,0,0
584,1,0,0,0,0
585,1,0,0,0,0
586,1,0,0,0,0
587,1,0,0,0,0
588,1,0,0,0,0
589,1,0,0,0,0
590,1,0,0,0,0
591,1,0,0,0,0
592,1,0,0,0,0
593,1,0,0,0,0
594,1,0,0,0,0
595,1,0,0,0,0
596,1,0,0,0,0
597,1,0,0,0,0
598,1,0,0,0,0
599,1,0,0,0,0
600,1,0,0,0,0
601,1,0,0,0,0
602,1,0,0,0,0
603,1,0,0,0,0
604,1,0,0,0,0
605,1,0,0,0,0
606,1,0,0,0,0
607,1,0,0,0,0
608,1,0,0,0,0
609,1,0,0,0,0
610,1,0,0,0,0
611,1,0,0,0,0
612,1,0,0,0,0
613,1,0,0,0,0
614,1,0,0,0,0
615,1,0,0,0,0
616,1,0,0,0,0
617,1,0,0,0,0
618,1,0,0,0,0
619,1,0,0,0,0
620,1,0,0,0,0
621,1,0,0,0,0
622,1,0,0,0,0
623,1,0,0,0,0
624,1,0,0,0,0
625,1,0,0,0,0
626,1,0,0,0,0
627,1,0,0,0,0
628,1,0,0,0,0
629,1,0,0,0,0
630,1,0,0,0,0
631,1,0,0,0,0
632,1,0,0,0,0
633,1,0,0,0,0
634,1,0,0,0,0
635,1,0,0,0,0
636,1,0,0,0,0
637,1,0,0,0,0
638,1,0,0,0,0
639,1,0,0,0,0
640,1,0,0,0,0
641,1,0,0,0,0
642,1,0,0,0,0
643,1,0,0,0,0
644,1,0,0,0,0
645,1,0,0,0,0
646,1,0,0,0,0
647,1,0,0,0,0
648,1,0,0,0,0
649,1,0,0,0,0
650,1,0,0,0,0
651,1,0,0,0,0
652,1,0,0,0,0
653,1,0,0,0,0
654,1,0,0,0,0
655,1,0,0,0,0
656,1,0,0,0,0
657,1,0,0,0,0
658,1,0,0,0,0
659,1,0,0,0,0
660,1,0,0,0,0
661,1,0,0,0,0
662,1,0,0,0,0
663,1,0,0,0,0
664,1,0,0,0,0
665,1,0,0,0,0
666,1,0,0,0,0
667,1,0,0,0,0
668,1,0,0,0,0
669,1,0,0,0,0
670,1,0,0,0,0
671,1,0,0,0,0
672,1,0,0,0,0
673,1,0,0,0,0
674,1,0,0,0,0
675,1,0,0,0,0
676,1,0,0,0,0
677,1,0,0,0,0
678,1,0,0,0,0
679,1,0,0,0,0
680,1,0,0,0,0
681,1,0,0,0,0
682,1,0,0,0,0
683,1,0,0,0,0
684,1,0,0,0,0
685,1,0,0,0,0
686,1,0,0,0,0
687,1,0,0,0,0
688,1,0,0,0,0
689,1,0,0,0,0
690,1,0,0,0,0
691,1,0,0,0,0
692,1,0,0,0,0
693,1,0,0,0,0
694,1,0,0,0,0
695,1,0,0,0,0
696,1,0,0,0,0
697,1,0,0,0,0
698,1,0,0,0,0
699,1,0,0,0,0
700,1,0,0,0,0
701,1,0,0,0,0
702,1,0,0,0,0
703,1,0,0,0,0
704,1,0,0,0,0
705,1,0,0,0,0
706,1,0,0,0,0
707,1,0,0,0,0
708,1,0,0,0,0
709,1,0,0,0,0
710,1,0,0,0,0
711,1,0,0,0,0
712,1,0,0,0,0
713,1,0,0,0,0
714,1,0,0,0,0
715,1,0,0,0,0
716,1,0,0,0,0
717,1,0,0,0,0
718,1,0,0,0,0
719,1,0,0,0,0
720,1,0,0,0,0
721,1,0,0,0,0
722,1,0,0,0,0
723,1,0,0,0,0
724,1,0,0,0,0
725,1,0,0,0,0
726,1,0,0,0,0
727,1,0,0,0,0
728,1,0,0,0,0
729,1,0,0,0,0
730,1,0,0,0,0
731,1,0,0,0,0
732,1,0,0,0,0
733,1,0,0,0,0
734,1,0,0,0,0
735,1,0,0,0,0
736,1,0,0,0,0
737,1,0,0,0,0
738,1,0,0,0,0
739,1,0,0,0,0
740,1,0,0,0,0
741,1,0,0,0,0
742,1,0,0,0,0
743,1,0,0,0,0
744,1,0,0,0,0
745,1,0,0,0,0
746,1,0,0,0,0
747,1,0,0,0,0
748,1,0,0,0,0
749,1,0,0,0,0
750,1,0,0,0,0
751,1,0,0,0,0
752,1,0,0,0,0
753,1,0,0,0,0
754,1,0,0,0,0
755,1,0,0,0,0
756,1,0,0,0,0
757,1,0,0,0,0
758,1,0,0,0,0
759,1,0,0,0,0
760,1,0,0,0,0
761,1,0,0,0,0
762,1,0,0,0,0
763,1,0,0,0,0
764,1,0,0,0,0
765,1,0,0,0,0
766,1,0,0,0,0
767,1,0,0,0,0
768,1,0,0,0,0
769,1,0,0,0,0
770,1,0,0,0,0
771,1,0,0,0,0
772,1,0,0,0,0
773,1,0,0,0,0
774,1,0,0,0,0
775,1,0,0,0,0
776,1,0,0,0,0
777,1,0,0,0,0
778,1,0,0,0,0
779,1,0,0,0,0
780,1,0,0,0,0
781,1,0,0,0,0
782,1,0,0,0,0
783,1,0,0,0,0
784,1,0,0,0,0
785,1,0,0,0,0
786,1,0,0,0,0
787,1,0,0,0,0
788,1,0,0,0,0
789,1,0,0,0,0
790,1,0,0,0,0
791,1,0,0,0,0
792,1,0,0,0,0
793,1,0,0,0,0
794,1,0,0,0,0
795,1,0,0,0,0
796,1,0,0,0,0
797,1,0,0,0,0
798,1,0,0,0,0
799,1,0,0,0,0
800,1,0,0,0,0
801,1,0,0,0,0
802,1,0,0,0,0
803,1,0,0,0,0
804,1,0,0,0,0
805,1,0,0,0,0
806,1,0,0,0,0
807,1,0,0,0,0
808,1,0,0,0,0
809,1,0,0,0,0
810,1,0,0,0,0
811,1,0,0,0,0
812,1,0,0,0,0
813,1,0,0,0,0
814,1,0,0,0,0
815,1,0,0,0,0
816,1,0,0,0,0
817,1,0,0,0,0
818,1,0,0,0,0
819,1,0,0,0,0
820,1,0,0,0,0
821,1,0,0,0,0
822,1,0,0,0,0
823,1,0,0,0,0
824,1,0,0,0,0
825,1,0,0,0,0
826,1,0,0,0,0
827,1,0,0,0,0
828,1,0,0,0,0
829,0,0,0,0,1
830,0,0,0,0,1
831,0,0,0,0,1
832,0,0,0,0,1
833,0,0,0,0,1
834,0,0,0,0,1
835,0,0,0,0,1
836,0,0,0,0,1
837,0,0,0,0,1
838,0,0,0,0,1
839,0,0,0,0,1
840,0,0,0,0,1
841,0,0,0,0,1
842,0,0,0,0,1
843,0,0,0,0,1
844,0,0,0,0,1
845,0,0,0,0,1
846,0,0,0,0,1
847,0,0,0,0,1
848,0,0,0,0,1
849,0,0,0,0,1
850,0,0,0,0,1
851,0,0,0,0,1
852,0,0,0,0,1
853,0,0,0,0,1
854,0,0,0,0,1
855,0,0,0,0,1
856,0,0,0,0,1
857,0,0,0,0,1
858,0,0,0,0,1
859,0,0,0,0,1
860,0,0,0,0,1
861,0,0,0,0,1
862,0,0,0,0,1
863,0,0,0,0,1
864,0,0,0,0,1
865,0,0,0,0,1
866,0,0,0,0,1
867,0,0,0,0,1
868,0,0,0,0,1
869,0,0,0,0,1
870,0,0,0,0,1
871,0,0,0,0,1
872,0,0,0,0,1
873,0,0,0,0,1
874,0,0,0,0,1
875,0,0,0,0,1
876,0,0,0,0,1
877,0,0,0,0,1
878,0,0,0,0,1
879,0,0,0,0,1
880,0,0,0,0,1
881,0,0,0,0,1
882,0,0,0,0,1
883,0,0,0,0,1
884,0,0,0,0,1
885,0,0,0,0,1
886,0,0,0,0,1
887,0,0,0,0,1
888,0,0,0,0,1
889,0,0,0,0,1
890,0,0,0,0,1
891,0,0,0,0,1
892,0,0,0,0,1
893,0,0,0,0,1
894,0,0,0,0,1
895,0,0,0,0,1
896,0,0,0,0,1
897,0,0,0,0,1
898,0,0,0,0,1
899,0,0,0,0,1
900,0,0,0,0,1
901,0,0,0,0,1
902,0,0,0,0,1
903,0,0,0,0,1
904,1,0,0,0,0
905,1,0,0,0,0
906,1,0,0,0,0
907,1,0,0,0,0
908,1,0,0,0,0
909,1,0,0,0,0
910,1,0,0,0,0
911,1,0,0,0,0
912,1,0,0,0,0
913,1,0,0,0,0
914,1,0,0,0,0
915,1,0,0,0,0
916,1,0,0,0,0
917,1,0,0,0,0
918,1,0,0,0,0
919,1,0,0,0,0
920,1,0,0,0,0
921,1,0,0,0,0
922,1,0,0,0,0
923,1,0,0,0,0
924,1,0,0,0,0
925,1,0,0,0,0
926,1,0,0,0,0
927,1,0,0,0,0
928,1,0,0,0,0
929,1,0,0,0,0
930,1,0,0,0,0
931,1,0,0,0,0
932,1,0,0,0,0
933,0,0,0,0,1
934,0,0,0,0,1
935,0,0,0,0,1
936,0,0,0,0,1
937,0,0,0,0,1
938,0,0,0,0,1
939,0,0,0,0,1
940,0,0,0,0,1
941,0,0,0,0,1
942,0,0,0,0,1
943,0,0,0,0,1
944,0,0,0,0,1
945,0,0,0,0,1
946,0,0,0,0,1
947,0,0,0,0,1
948,0,0,0,0,1
949,0,0,0,0,1
950,0,0,0,0,1
951,0,0,0,0,1
952,0,0,0,0,1
953,0,0,0,0,1
954,0,0,0,0,1
955,0,0,0,0,1
956,0,0,0,0,1
957,0,0,0,0,1
958,0,0,0,0,1
959,0,0,0,0,1
960,0,0,0,0,1
961,0,0,0,0,1
962,0,0,0,0,1
963,0,0,0,0,1
964,0,0,0,0,1
965,0,0,0,0,1
966,0,0,0,0,1
967,0,0,0,0,1
968,0,0,0,0,1
969,0,0,0,0,1
970,0,0,0,0,1
971,0,0,0,0,1
972,0,0,0,0,1
973,0,0,0,0,1
974,0,0,0,0,1
975,0,0,0,0,1
976,0,0,0,0,1
977,0,0,0,0,1
978,0,0,0,0,1
979,0,0,0,0,1
980,1,0,0,0,0
981,1,0,0,0,0
982,1,0,0,0,0
983,1,0,0,0,0
984,1,0,0,0,0
985,1,0,0,0,0
986,1,0,0,0,0
987,1,0,0,0,0
988,1,0,0,0,0
989,1,0,0,0,0
990,1,0,0,0,0
991,1,0,0,0,0
992,1,0,0,0,0
993,1,0,0,0,0
994,1,0,0,0,0
995,1,0,0,0,0
996,1,0,0,0,0
997,1,0,0,0,0
998,1,0,0,0,0
999,1,0,0,0,0
1000,1,0,0,0,0
1001,1,0,0,0,0
1002,1,0,0,0,0
1003,1,0,0,0,0
1004,1,0,0,0,0
1005,1,0,0,0,0
1006,1,0,0,0,0
1007,1,0,0,0,0
1008,1,0,0,0,0
1009,1,0,0,0,0
1010,1,0,0,0,0
1011,1,0,0,0,0
1012,1,0,0,0,0
1013,1,0,0,0,0
1014,1,0,0,0,0
1015,1,0,0,0,0
1016,1,0,0,0,0
1017,1,0,0,0,0
1018,1,0,0,0,0
1019,1,0,0,0,0
1020,1,0,0,0,0
1021,1,0,0,0,0
1022,1,0,0,0,0
1023,1,0,0,0,0
1024,1,0,0,0,0
1025,1,0,0,0,0
1026,1,0,0,0,0
1027,1,0,0,0,0
1028,1,0,0,0,0
1029,1,0,0,0,0
1030,1,0,0,0,0
1031,1,0,0,0,0
1032,1,0,0,0,0
1033,1,0,0,0,0
1034,1,0,0,0,0
1035,1,0,0,0,0
1036,1,0,0,0,0
1037,1,0,0,0,0
1038,1,0,0,0,0
1039,1,0,0,0,0
1040,1,0,0,0,0
1041,1,0,0,0,0
1042,1,0,0,0,0
1043,1,0,0,0,0
1044,1,0,0,0,0
1045,1,0,0,0,0
1046,1,0,0,0,0
1047,1,0,0,0,0
1048,1,0,0,0,0
1049,1,0,0,0,0
1050,1,0,0,0,0
1051,1,0,0,0,0
1052,1,0,0,0,0
1053,1,0,0,0,0
1054,1,0,0,0,0
1055,1,0,0,0,0
1056,1,0,0,0,0
1057,1,0,0,0,0
1058,1,0,0,0,0
1059,1,0,0,0,0
1060,1,0,0,0,0
1061,1,0,0,0,0
1062,1,0,0,0,0
1063,1,0,0,0,0
1064,1,0,0,0,0
1065,1,0,0,0,0
1066,1,0,0,0,0
1067,1,0,0,0,0
1068,1,0,0,0,0
1069,1,0,0,0,0
1070,1,0,0,0,0
1071,1,0,0,0,0
1072,1,0,0,0,0
1073,1,0,0,0,0
1074,1,0,0,0,0
1075,1,0,0,0,0
1076,1,0,0,0,0
1077,1,0,0,0,0
1078,1,0,0,0,0
1079,1,0,0,0,0
1080,1,0,0,0,0
1081,1,0,0,0,0
1082,1,0,0,0,0
1083,1,0,0,0,0
1084,1,0,0,0,0
1085,1,0,0,0,0
1086,1,0,0,0,0
1087,1,0,0,0,0
1088,1,0,0,0,0
1089,1,0,0,0,0
1090,1,0,0,0,0
1091,1,0,0,0,0
1092,1,0,0,0,0
1093,1,0,0,0,0
1094,1,0,0,0,0
1095,1,0,0,0,0
1096,1,0,0,0,0
1097,1,0,0,0,0
1098,1,0,0,0,0
1099,1,0,0,0,0
1100,1,0,0,0,0
1101,1,0,0,0,0
1102,1,0,0,0,0
1103,1,0,0,0,0
1104,1,0,0,0,0
1105,1,0,0,0,0
1106,1,0,0,0,0
1107,1,0,0,0,0
1108,1,0,0,0,0
1109,1,0,0,0,0
1110,1,0,0,0,0
1111,1,0,0,0,0
1112,1,0,0,0,0
1113,1,0,0,0,0
1114,1,0,0,0,0
1115,1,0,0,0,0
1116,1,0,0,0,0
1117,1,0,0,0,0
1118,1,0,0,0,0
1119,1,0,0,0,0
1120,1,0,0,0,0
1121,1,0,0,0,0
1122,1,0,0,0,0
1123,1,0,0,0,0
1124,1,0,0,0,0
1125,1,0,0,0,0
1126,1,0,0,0,0
1127,1,0,0,0,0
1128,1,0,0,0,0
1129,1,0,0,0,0
1130,1,0,0,0,0
1131,1,0,0,0,0
1132,1,0,0,0,0
1133,1,0,0,0,0
1134,1,0,0,0,0
1135,1,0,0,0,0
1136,1,0,0,0,0
1137,1,0,0,0,0
1138,1,0,0,0,0
1139,1,0,0,0,0
1140,1,0,0,0,0
1141,1,0,0,0,0
1142,1,0,0,0,0
1143,1,0,0,0,0
1144,1,0,0,0,0
1145,1,0,0,0,0
1146,1,0,0,0,0
1147,1,0,0,0,0
1148,1,0,0,0,0
1149,1,0,0,0,0
1150,1,0,0,0,0
1151,1,0,0,0,0
1152,1,0,0,0,0
1153,1,0,0,0,0
1154,1,0,0,0,0
1155,1,0,0,0,0
1156,1,0,0,0,0
1157,1,0,0,0,0
1158,1,0,0,0,0
1159,1,0,0,0,0
1160,1,0,0,0,0
1161,1,0,0,0,0
1162,1,0,0,0,0
1163,1,0,0,0,0
1164,1,0,0,0,0
1165,1,0,0,0,0
1166,0,0,0,0,1
1167,0,0,0,0,1
1168,0,0,0,0,1
1169,0,0,0,0,1
1170,0,0,0,0,1
1171,0,0,0,0,1
1172,0,0,0,0,1
1173,0,0,0,0,1
1174,0,0,0,0,1
1175,0,0,0,0,1
1176,0,0,0,0,1
1177,0,0,0,0,1
1178,0,0,0,0,1
1179,0,0,0,0,1
1180,0,0,0,0,1
1181,0,0,0,0,1
1182,0,0,0,0,1
1183,0,0,0,0,1
1184,0,0,0,0,1
1185,0,0,0,0,1
1186,0,0,0,0,1
1187,0,0,0,0,1
1188,0,0,0,0,1
1189,0,0,0,0,1
1190,0,0,0,0,1
1191,0,0,0,0,1
1192,0,0,0,0,1
1193,0,0,0,0,1
1194,0,0,0,0,1
1195,0,0,0,0,1
1196,0,0,0,0,1
1197,0,0,0,0,1
1198,0,0,0,0,1
1199,1,0,0,0,0
1200,1,0,0,0,0
1201,1,0,0,0,0
1202,1,0,0,0,0
1203,1,0,0,0,0
1204,1,0,0,0,0
1205,1,0,0,0,0
1206,1,0,0,0,0
1207,1,0,0,0,0
1208,1,0,0,0,0
1209,1,0,0,0,0
1210,1,0,0,0,0
1211,1,0,0,0,0
1212,1,0,0,0,0
1213,1,0,0,0,0
1214,1,0,0,0,0
1215,1,0,0,0,0
1216,1,0,0,0,0
1217,1,0,0,0,0
1218,1,0,0,0,0
1219,1,0,0,0,0
1220,1,0,0,0,0
1221,1,0,0,0,0
1222,1,0,0,0,0
1223,1,0,0,0,0
1224,1,0,0,0,0
1225,1,0,0,0,0
1226,1,0,0,0,0
1227,1,0,0,0,0
1228,1,0,0,0,0
1229,1,0,0,0,0
1230,1,0,0,0,0
1231,1,0,0,0,0
1232,1,0,0,0,0
1233,1,0,0,0,0
1234,1,0,0,0,0
1235,1,0,0,0,0
1236,1,0,0,0,0
1237,1,0,0,0,0
1238,1,0,0,0,0
1239,1,0,0,0,0
1240,1,0,0,0,0
1241,1,0,0,0,0
1242,1,0,0,0,0
1243,1,0,0,0,0
1244,1,0,0,0,0
1245,1,0,0,0,0
1246,1,0,0,0,0
1247,1,0,0,0,0
1248,1,0,0,0,0
1249,1,0,0,0,0
1250,1,0,0,0,0
1251,1,0,0,0,0
1252,1,0,0,0,0
1253,1,0,0,0,0
1254,1,0,0,0,0
1255,1,0,0,0,0
1256,1,0,0,0,0
1257,1,0,0,0,0
1258,1,0,0,0,0
1259,1,0,0,0,0
1260,1,0,0,0,0
1261,0,0,0,0,1
1262,0,0,0,0,1
1263,0,0,0,0,1
1264,0,0,0,0,1
1265,0,0,0,0,1
1266,0,0,0,0,1
1267,0,0,0,0,1
1268,0,0,0,0,1
1269,0,0,0,0,1
1270,0,0,0,0,1
1271,0,0,0,0,1
1272,0,0,0,0,1
1273,0,0,0,0,1
1274,0,0,0,0,1
1275,0,0,0,0,1
1276,0,0,0,0,1
1277,0,0,0,0,1
1278,0,0,0,0,1
1279,0,0,0,0,1
1280,0,0,0,0,1
1281,0,0,0,0,1
1282,0,0,0,0,1
1283,0,0,0,0,1
1284,0,0,0,0,1
1285,0,0,0,0,1
1286,1,0,0,0,0
1287,1,0,0,0,0
1288,1,0,0,0,0
1289,1,0,0,0,0
1290,1,0,0,0,0
1291,1,0,0,0,0
1292,1,0,0,0,0
1293,1,0,0,0,0
1294,1,0,0,0,0
1295,1,0,0,0,0
1296,1,0,0,0,0
1297,1,0,0,0,0
1298,1,0,0,0,0
1299,1,0,0,0,0
1300,1,0,0,0,0
1301,1,0,0,0,0
1302,1,0,0,0,0
1303,1,0,0,0,0
1304,1,0,0,0,0
1305,1,0,0,0,0
1306,1,0,0,0,0
1307,1,0,0,0,0
1308,1,0,0,0,0
1309,1,0,0,0,0
1310,1,0,0,0,0
1311,1,0,0,0,0
1312,1,0,0,0,0
1313,1,0,0,0,0
1314,1,0,0,0,0
1315,1,0,0,0,0
1316,1,0,0,0,0
1317,1,0,0,0,0
1318,1,0,0,0,0
1319,1,0,0,0,0
1320,1,0,0,0,0
1321,1,0,0,0,0
1322,1,0,0,0,0
1323,1,0,0,0,0
1324,1,0,0,0,0
1325,1,0,0,0,0
1326,1,0,0,0,0
1327,1,0,0,0,0
1328,1,0,0,0,0
1329,1,0,0,0,0
1330,1,0,0,0,0
1331,1,0,0,0,0
1332,1,0,0,0,0
1333,1,0,0,0,0
1334,1,0,0,0,0
1335,1,0,0,0,0
1336,1,0,0,0,0
1337,1,0,0,0,0
1338,1,0,0,0,0
1339,1,0,0,0,0
1340,1,0,0,0,0
1341,1,0,0,0,0
1342,1,0,0,0,0
1343,1,0,0,0,0
1344,1,0,0,0,0
1345,1,0,0,0,0
1346,1,0,0,0,0
1347,1,0,0,0,0
1348,1,0,0,0,0
1349,1,0,0,0,0
1350,1,0,0,0,0
1351,1,0,0,0,0
1352,1,0,0,0,0
1353,1,0,0,0,0
1354,0,0,0,0,1
1355,0,0,0,0,1
1356,0,0,0,0,1
1357,0,0,0,0,1
1358,0,0,0,0,1
1359,0,0,0,0,1
1360,0,0,0,0,1
1361,0,0,0,0,1
1362,0,0,0,0,1
1363,0,0,0,0,1
1364,0,0,0,0,1
1365,0,0,0,0,1
1366,0,0,0,0,1
1367,0,0,0,0,1
1368,0,0,0,0,1
1369,0,0,0,0,1
1370,0,0,0,0,1
1371,0,0,0,0,1
1372,0,0,0,0,1
1373,0,0,0,0,1
1374,0,0,0,0,1
1375,0,0,0,0,1
1376,0,0,0,0,1
1377,0,0,0,0,1
1378,0,0,0,0,1
1379,0,0,0,0,1
1380,0,0,0,0,1
1381,0,0,0,0,1
1382,0,0,0,0,1
1383,0,0,0,0,1
1384,0,0,0,0,1
1385,0,0,0,0,1
1386,0,0,0,0,1
1387,0,0,0,0,1
1388,0,0,0,0,1
1389,0,0,0,0,1
1390,0,0,0,0,1
1391,0,0,0,0,1
1392,0,0,0,0,1
1393,0,0,0,0,1
1394,0,0,0,0,1
1395,0,0,0,0,1
1396,0,0,0,0,1
1397,0,0,0,0,1
1398,0,0,0,0,1
1399,0,0,0,0,1
1400,0,0,0,0,1
1401,0,0,0,0,1
1402,0,0,0,0,1
1403,0,0,0,0,1
1404,0,0,0,0,1
1405,0,0,0,0,1
1406,0,0,0,0,1
1407,0,0,0,0,1
1408,0,0,0,0,1
1409,0,0,0,0,1
1410,0,0,0,0,1
1411,0,0,0,0,1
1412,0,0,0,0,1
1413,0,0,0,0,1
1414,0,0,0,0,1
1415,0,0,0,0,1
1416,0,0,0,0,1
1417,0,0,0,0,1
1418,0,0,0,0,1
1419,0,0,0,0,1
1420,0,0,0,0,1
1421,0,0,0,0,1
1422,0,0,0,0,1
1423,0,0,0,0,1
1424,0,0,0,0,1
1425,0,0,0,0,1
1426,0,0,0,0,1
1427,0,0,0,0,1
1428,0,0,0,0,1
1429,0,0,0,0,1
1430,0,0,0,0,1
1431,0,0,0,0,1
1432,0,0,0,0,1
1433,0,0,0,0,1
1434,0,0,0,0,1
1435,0,0,0,0,1
1436,0,0,0,0,1
1437,0,0,0,0,1
1438,0,0,0,0,1
1439,0,0,0,0,1
1440,0,0,0,0,1
1441,0,0,0,0,1
1442,0,0,0,0,1
1443,0,0,0,0,1
1444,0,0,0,0,1
1445,0,0,0,0,1
1446,0,0,0,0,1
1447,0,0,0,0,1
1448,0,0,0,0,1
1449,0,0,0,0,1
1450,0,0,0,0,1
1451,0,0,0,0,1
1452,0,0,0,0,1
1453,0,0,0,0,1
1454,0,0,0,0,1
1455,0,0,0,0,1
1456,0,0,0,0,1
1457,0,0,0,0,1
1458,0,0,0,0,1
1459,0,0,0,0,1
1460,0,0,0,0,1
1461,0,0,0,0,1
1462,0,0,0,0,1
1463,0,0,0,0,1
1464,0,0,0,0,1
1465,0,0,0,0,1
1466,0,0,0,0,1
1467,0,0,0,0,1
1468,0,0,0,0,1
1469,0,0,0,0,1
1470,0,0,0,0,1
1471,0,0,0,0,1
1472,0,0,0,0,1
1473,0,0,0,0,1
1474,0,0,0,0,1
1475,0,0,0,0,1
1476,0,0,0,0,1
1477,0,0,0,0,1
1478,0,0,0,0,1
1479,0,0,0,0,1
1480,0,0,0,0,1
1481,0,0,0,0,1
1482,0,0,0,0,1
1483,0,0,0,0,1
1484,0,0,0,0,1
1485,0,0,0,0,1
1486,0,0,0,0,1
1487,0,0,0,0,1
1488,0,0,0,0,1
1489,0,0,0,0,1
1490,0,0,0,0,1
1491,0,0,0,0,1
1492,0,0,0,0,1
1493,0,0,0,0,1
1494,0,0,0,0,1
1495,0,0,0,0,1
1496,0,0,0,0,1
1497,0,0,0,0,1
1498,0,0,0,0,1
1499,0,0,0,0,1
1500,0,0,0,0,1
1501,0,0,0,0,1
1502,0,0,0,0,1
1503,0,0,0,0,1
1504,0,0,0,0,1
1505,0,0,0,0,1
1506,0,0,0,0,1
1507,0,0,0,0,1
1508,0,0,0,0,1
1509,0,0,0,0,1
1510,0,0,0,0,1
1511,0,0,0,0,1
1512,0,0,0,0,1
1513,0,0,0,0,1
1514,0,0,0,0,1
1515,0,0,0,0,1
1516,0,0,0,0,1
1517,0,0,0,0,1
1518,0,0,0,0,1
1519,0,0,0,0,1
1520,0,0,0,0,1
1521,0,0,0,0,1
1522,0,0,0,0,1
1523,0,0,0,0,1
1524,0,0,0,0,1
1525,0,0,0,0,1
1526,0,0,0,0,1
1527,0,0,0,0,1
1528,0,0,0,0,1
1529,0,0,0,0,1
1530,0,0,0,0,1
1531,0,0,0,0,1
1532,0,0,0,0,1
1533,0,0,0,0,1
1534,0,0,0,0,1
1535,0,0,0,0,1
1536,0,0,0,0,1
1537,0,0,0,0,1
1538,0,0,0,0,1
1539,0,0,0,0,1
1540,0,0,0,0,1
1541,0,0,0,0,1
1542,0,0,0,0,1
1543,0,0,0,0,1
1544,0,0,0,0,1
1545,0,0,0,0,1
1546,0,0,0,0,1
1547,0,0,0,0,1
1548,0,0,0,0,1
1549,0,0,0,0,1
1550,0,0,0,0,1
1551,0,0,0,0,1
1552,0,0,0,0,1
1553,0,0,0,0,1
1554,0,0,0,0,1
1555,0,0,0,0,1
1556,0,0,0,0,1
1557,0,0,0,0,1
1558,0,0,0,0,1
1559,0,0,0,0,1
1560,0,0,0,0,1
1561,0,0,0,0,1
1562,0,0,0,0,1
1563,0,0,0,0,1
1564,0,0,0,0,1
1565,0,0,0,0,1
1566,0,0,0,0,1
1567,0,0,0,0,1
1568,0,0,0,0,1
1569,0,0,0,0,1
1570,0,0,0,0,1
1571,0,0,0,0,1
1572,0,0,0,0,1
1573,0,0,0,0,1
1574,0,0,0,0,1
1575,0,0,0,0,1
1576,0,0,0,0,1
1577,0,0,0,0,1
1578,0,0,0,0,1
1579,0,0,0,0,1
1580,0,0,0,0,1
1581,0,0,0,0,1
1582,0,0,0,0,1
1583,0,0,0,0,1
1584,0,0,0,0,1
1585,0,0,0,0,1
1586,0,0,0,0,1
1587,0,0,0,0,1
1588,0,0,0,0,1
1589,0,0,0,0,1
1590,0,0,0,0,1
1591,0,0,0,0,1
1592,0,0,0,0,1
1593,0,0,0,0,1
1594,0,0,0,0,1
1595,0,0,0,0,1
1596,0,0,0,0,1
1597,0,0,0,0,1
1598,0,0,0,0,1
1599,0,0,0,0,1
1600,0,0,0,0,1
1601,0,0,0,0,1
1602,0,0,0,0,1
1603,0,0,0,0,1
1604,0,0,0,0,1
1605,0,0,0,0,1
1606,0,0,0,0,1
1607,0,0,0,0,1
1608,0,0,0,0,1
1609,0,0,0,0,1
1610,0,0,0,0,1
1611,0,0,0,0,1
1612,0,0,0,0,1
1613,0,0,0,0,1
1614,0,0,0,0,1
1615,0,0,0,0,1
1616,0,0,0,0,1
1617,0,0,0,0,1
1618,0,0,0,0,1
1619,0,0,0,0,1
1620,0,0,0,0,1
1621,0,0,0,0,1
1622,0,0,0,0,1
1623,0,0,0,0,1
1624,0,0,0,0,1
1625,0,0,0,0,1
1626,0,0,0,0,1
1627,0,0,0,0,1
1628,0,0,0,0,1
1629,0,0,0,0,1
1630,0,0,0,0,1
1631,0,0,0,0,1
1632,0,0,0,0,1
1633,0,0,0,0,1
1634,0,0,0,0,1
1635,0,0,0,0,1
1636,0,0,0,0,1
1637,0,0,0,0,1
1638,0,0,0,0,1
1639,0,0,0,0,1
1640,0,0,0,0,1
1641,0,0,0,0,1
1642,0,0,0,0,1
1643,0,0,0,0,1
1644,0,0,0,0,1
1645,0,0,0,0,1
1646,0,0,0,0,1
1647,0,0,0,0,1
1648,0,0,0,0,1
1649,0,0,0,0,1
1650,0,0,0,0,1
1651,0,0,0,0,1
1652,0,0,0,0,1
1653,0,0,0,0,1
1654,0,0,0,0,1
1655,0,0,0,0,1
1656,0,0,0,0,1
1657,0,0,0,0,1
1658,0,0,0,0,1
1659,0,0,0,0,1
1660,0,0,0,0,1
1661,0,0,0,0,1
1662,0,0,0,0,1
1663,0,0,0,0,1
1664,0,0,0,0,1
1665,0,0,0,0,1
1666,0,0,0,0,1
1667,0,0,0,0,1
1668,0,0,0,0,1
1669,0,0,0,0,1
1670,0,0,0,0,1
1671,0,0,0,0,1
1672,0,0,0,0,1
1673,0,0,0,0,1
1674,0,0,0,0,1
1675,0,0,0,0,1
1676,0,0,0,0,1
1677,0,0,0,0,1
1678,0,0,0,0,1
1679,0,0,0,0,1
1680,0,0,0,0,1
1681,0,0,0,0,1
1682,0,0,0,0,1
1683,0,0,0,0,1
1684,0,0,0,0,1
1685,0,0,0,0,1
1686,0,0,0,0,1
1687,0,0,0,0,1
1688,0,0,0,0,1
1689,0,0,0,0,1
1690,0,0,0,0,1
1691,0,0,0,0,1
1692,0,0,0,0,1
1693,1,0,0,0,0
1694,1,0,0,0,0
1695,1,0,0,0,0
1696,1,0,0,0,0
1697,1,0,0,0,0
1698,1,0,0,0,0
1699,1,0,0,0,0
1700,1,0,0,0,0
1701,1,0,0,0,0
1702,1,0,0,0,0
1703,1,0,0,0,0
1704,1,0,0,0,0
1705,1,0,0,0,0
1706,1,0,0,0,0
1707,1,0,0,0,0
1708,1,0,0,0,0
1709,1,0,0,0,0
1710,1,0,0,0,0
1711,1,0,0,0,0
1712,1,0,0,0,0
1713,1,0,0,0,0
1714,1,0,0,0,0
1715,1,0,0,0,0
1716,1,0,0,0,0
1717,1,0,0,0,0
1718,1,0,0,0,0
1719,1,0,0,0,0
1720,1,0,0,0,0
1721,1,0,0,0,0
1722,1,0,0,0,0
1723,1,0,0,0,0
1724,1,0,0,0,0
1725,1,0,0,0,0
1726,1,0,0,0,0
1727,1,0,0,0,0
1728,1,0,0,0,0
1729,1,0,0,0,0
1730,1,0,0,0,0
1731,1,0,0,0,0
1732,1,0,0,0,0
1733,1,0,0,0,0
1734,1,0,0,0,0
1735,1,0,0,0,0
1736,1,0,0,0,0
1737,1,0,0,0,0
1738,1,0,0,0,0
1739,1,0,0,0,0
1740,1,0,0,0,0
1741,1,0,0,0,0
1742,1,0,0,0,0
1743,1,0,0,0,0
1744,1,0,0,0,0
1745,1,0,0,0,0
1746,1,0,0,0,0
1747,1,0,0,0,0
1748,1,0,0,0,0
1749,1,0,0,0,0
1750,1,0,0,0,0
1751,1,0,0,0,0
1752,1,0,0,0,0
1753,1,0,0,0,0
1754,1,0,0,0,0
1755,1,0,0,0,0
1756,1,0,0,0,0
1757,1,0,0,0,0
1758,1,0,0,0,0
1759,1,0,0,0,0
1760,1,0,0,0,0
1761,1,0,0,0,0
1762,1,0,0,0,0
1763,1,0,0,0,0
1764,1,0,0,0,0
1765,1,0,0,0,0
1766,1,0,0,0,0
1767,1,0,0,0,0
1768,1,0,0,0,0
1769,1,0,0,0,0
1770,1,0,0,0,0
1771,1,0,0,0,0
1772,1,0,0,0,0
1773,1,0,0,0,0
1774,1,0,0,0,0
1775,1,0,0,0,0
1776,1,0,0,0,0
1777,1,0,0,0,0
1778,1,0,0,0,0
1779,1,0,0,0,0
1780,1,0,0,0,0
1781,1,0,0,0,0
1782,1,0,0,0,0
1783,1,0,0,0,0
1784,1,0,0,0,0
1785,1,0,0,0,0
1786,1,0,0,0,0
1787,1,0,0,0,0
1788,1,0,0,0,0
1789,1,0,0,0,0
1790,1,0,0,0,0
1791,1,0,0,0,0
1792,1,0,0,0,0
1793,1,0,0,0,0
1794,1,0,0,0,0
1795,1,0,0,0,0
1796,1,0,0,0,0
1797,1,0,0,0,0
1798,1,0,0,0,0
1799,1,0,0,0,0
1800,1,0,0,0,0
1801,1,0,0,0,0
1802,1,0,0,0,0
1803,1,0,0,0,0
1804,1,0,0,0,0
1805,1,0,0,0,0
1806,1,0,0,0,0
1807,1,0,0,0,0
1808,1,0,0,0,0
1809,1,0,0,0,0
1810,1,0,0,0,0
1811,1,0,0,0,0
1812,1,0,0,0,0
1813,1,0,0,0,0
1814,1,0,0,0,0
1815,1,0,0,0,0
1816,1,0,0,0,0
1817,1,0,0,0,0
1818,1,0,0,0,0
1819,1,0,0,0,0
1820,1,0,0,0,0
1821,1,0,0,0,0
1822,1,0,0,0,0
1823,1,0,0,0,0
1824,1,0,0,0,0
1825,1,0,0,0,0
1826,1,0,0,0,0
1827,1,0,0,0,0
1828,1,0,0,0,0
1829,1,0,0,0,0
1830,1,0,0,0,0
1831,1,0,0,0,0
1832,1,0,0,0,0
1833,1,0,0,0,0
1834,1,0,0,0,0
1835,1,0,0,0,0
1836,1,0,0,0,0
1837,1,0,0,0,0
1838,1,0,0,0,0
1839,1,0,0,0,0
1840,1,0,0,0,0
1841,1,0,0,0,0
1842,1,0,0,0,0
1843,1,0,0,0,0
1844,1,0,0,0,0
1845,1,0,0,0,0
1846,1,0,0,0,0
1847,1,0,0,0,0
1848,1,0,0,0,0
1849,1,0,0,0,0
1850,1,0,0,0,0
1851,0,0,0,0,1
1852,0,0,0,0,1
1853,0,0,0,0,1
1854,0,0,0,0,1
1855,0,0,0,0,1
1856,0,0,0,0,1
1857,0,0,0,0,1
1858,0,0,0,0,1
1859,0,0,0,0,1
1860,0,0,0,0,1
1861,0,0,0,0,1
1862,0,0,0,0,1
1863,0,0,0,0,1
1864,0,0,0,0,1
1865,0,0,0,0,1
1866,0,0,0,0,1
1867,0,0,0,0,1
1868,0,0,0,0,1
1869,0,0,0,0,1
1870,0,0,0,0,1
1871,0,0,0,0,1
1872,0,0,0,0,1
1873,0,0,0,0,1
1874,0,0,0,0,1
1875,0,0,0,0,1
1876,0,0,0,0,1
1877,0,0,0,0,1
1878,0,0,0,0,1
1879,0,0,0,0,1
1880,0,0,0,0,1
1881,0,0,0,0,1
1882,0,0,0,0,1
1883,0,0,0,0,1
1884,0,0,0,0,1
1885,0,0,0,0,1
1886,0,0,0,0,1
1887,0,0,0,0,1
1888,0,0,0,0,1
1889,0,0,0,0,1
1890,0,0,0,0,1
1891,0,0,0,0,1
1892,0,0,0,0,1
1893,0,0,0,0,1
1894,0,0,0,0,1
1895,0,0,0,0,1
1896,0,0,0,0,1
1897,0,0,0,0,1
1898,0,0,0,0,1
1899,0,0,0,0,1
1900,0,0,0,0,1
1901,0,0,0,0,1
1902,0,0,0,0,1
1903,0,0,0,0,1
1904,0,0,0,0,1
1905,0,0,0,0,1
1906,0,0,0,0,1
1907,0,0,0,0,1
1908,0,0,0,0,1
1909,0,0,0,0,1
1910,0,0,0,0,1
1911,0,0,0,0,1
1912,0,0,0,0,1
1913,0,0,0,0,1
1914,0,0,0,0,1
1915,0,0,0,0,1
1916,0,0,0,0,1
1917,0,0,0,0,1
1918,0,0,0,0,1
1919,0,0,0,0,1
1920,0,0,0,0,1
1921,0,0,0,0,1
1922,0,0,0,0,1
1923,0,0,0,0,1
1924,0,0,0,0,1
1925,0,0,0,0,1
1926,0,0,0,0,1
1927,0,0,0,0,1
1928,0,0,0,0,1
1929,0,0,0,0,1
1930,0,0,0,0,1
1931,0,0,0,0,1
1932,0,0,0,0,1
1933,0,0,0,0,1
1934,0,0,0,0,1
1935,0,0,0,0,1
1936,0,0,0,0,1
1937,0,0,0,0,1
1938,0,0,0,0,1
1939,0,0,0,0,1
1940,0,0,0,0,1
1941,0,0,0,0,1
1942,0,0,0,0,1
1943,0,0,0,0,1
1944,0,0,0,0,1
1945,0,0,0,0,1
1946,0,0,0,0,1
1947,0,0,0,0,1
1948,0,0,0,0,1
1949,0,0,0,0,1
1950,0,0,0,0,1
1951,0,0,0,0,1
1952,0,0,0,0,1
1953,0,0,0,0,1
1954,0,0,0,0,1
1955,0,0,0,0,1
1956,0,0,0,0,1
1957,0,0,0,0,1
1958,0,0,0,0,1
1959,0,0,0,0,1
1960,0,0,0,0,1
1961,0,0,0,0,1
1962,0,0,0,0,1
1963,0,0,0,0,1
1964,0,0,0,0,1
1965,0,0,0,0,1
1966,0,0,0,0,1
1967,0,0,0,0,1
1968,0,0,0,0,1
1969,0,0,0,0,1
1970,0,0,0,0,1
1971,0,0,0,0,1
1972,0,0,0,0,1
1973,0,0,0,0,1
1974,0,0,0,0,1
1975,0,0,0,0,1
1976,0,0,0,0,1
1977,0,0,0,0,1
1978,0,0,0,0,1
1979,0,0,0,0,1
1980,0,0,0,0,1
1981,0,0,0,0,1
1982,0,0,0,0,1
1983,0,0,0,0,1
1984,0,0,0,0,1
1985,0,0,0,0,1
1986,0,0,0,0,1
1987,0,0,0,0,1
1988,0,0,0,0,1
1989,0,0,0,0,1
1990,0,0,0,0,1
1991,0,0,0,0,1
1992,0,0,0,0,1
1993,0,0,0,0,1
1994,0,0,0,0,1
1995,0,0,0,0,1
1996,0,0,0,0,1
1997,0,0,0,0,1
1998,0,0,0,0,1
1999,0,0,0,0,1
2000,0,0,0,0,1
2001,0,0,0,0,1
2002,0,0,0,0,1
2003,0,0,0,0,1
2004,0,0,0,0,1
2005,0,0,0,0,1
2006,0,0,0,0,1
2007,0,0,0,0,1
2008,0,0,0,0,1
2009,0,0,0,0,1
2010,0,0,0,0,1
2011,0,0,0,0,1
2012,0,0,0,0,1
2013,0,0,0,0,1
2014,0,0,0,0,1
2015,0,0,0,0,1
2016,0,0,0,0,1
2017,0,0,0,0,1
2018,0,0,0,0,1
2019,0,0,0,0,1
2020,0,0,0,0,1
2021,0,0,0,0,1
2022,0,0,0,0,1
2023,0,0,0,0,1
2024,0,0,0,0,1
2025,0,0,0,0,1
2026,0,0,0,0,1
2027,0,0,0,0,1
2028,0,0,0,0,1
2029,0,0,0,0,1
2030,0,0,0,0,1
2031,0,0,0,0,1
2032,0,0,0,0,1
2033,0,0,0,0,1
2034,0,0,0,0,1
2035,0,0,0,0,1
2036,0,0,0,0,1
2037,0,0,0,0,1
2038,0,0,0,0,1
2039,0,0,0,0,1
2040,0,0,0,0,1
2041,0,0,0,0,1
2042,0,0,0,0,1
2043,0,0,0,0,1
2044,0,0,0,0,1
2045,0,0,0,0,1
2046,0,0,0,0,1
2047,0,0,0,0,1
2048,0,0,0,0,1
2049,0,0,0,0,1
2050,0,0,0,0,1
2051,0,0,0,0,1
2052,0,0,0,0,1
2053,0,0,0,0,1
2054,0,0,0,0,1
2055,0,0,0,0,1
2056,0,0,0,0,1
2057,0,0,0,0,1
2058,0,0,0,0,1
2059,0,0,0,0,1
2060,0,0,0,0,1
2061,0,0,0,0,1
2062,0,0,0,0,1
2063,0,0,0,0,1
2064,0,0,0,0,1
2065,0,0,0,0,1
2066,0,0,0,0,1
2067,0,0,0,0,1
2068,0,0,0,0,1
2069,0,0,0,0,1
2070,0,0,0,0,1
2071,0,0,0,0,1
2072,0,0,0,0,1
2073,0,0,0,0,1
2074,0,0,0,0,1
2075,0,0,0,0,1
2076,0,0,0,0,1
2077,0,0,0,0,1
2078,0,0,0,0,1
2079,0,0,0,0,1
2080,0,0,0,0,1
2081,0,0,0,0,1
2082,0,0,0,0,1
2083,0,0,0,0,1
2084,0,0,0,0,1
2085,0,0,0,0,1
2086,0,0,0,0,1
2087,0,0,0,0,1
2088,0,0,0,0,1
2089,0,0,0,0,1
2090,0,0,0,0,1
2091,0,0,0,0,1
2092,0,0,0,0,1
2093,0,0,0,0,1
2094,0,0,0,0,1
2095,0,0,0,0,1
2096,0,0,0,0,1
2097,0,0,0,0,1
2098,0,0,0,0,1
2099,0,0,0,0,1
2100,0,0,0,0,1
2101,0,0,0,0,1
2102,0,0,0,0,1
2103,0,0,0,0,1
2104,0,0,0,0,1
2105,0,0,0,0,1
2106,0,0,0,0,1
2107,0,0,0,0,1
2108,0,0,0,0,1
2109,0,0,0,0,1
2110,0,0,0,0,1
2111,0,0,0,0,1
2112,0,0,0,0,1
2113,0,0,0,0,1
2114,0,0,0,0,1
2115,0,0,0,0,1
2116,0,0,0,0,1
2117,0,0,0,0,1
2118,0,0,0,0,1
2119,0,0,0,0,1
2120,0,0,0,0,1
2121,0,0,0,0,1
2122,0,0,0,0,1
2123,0,0,0,0,1
2124,0,0,0,0,1
2125,0,0,0,0,1
2126,0,0,0,0,1
2127,0,0,0,0,1
2128,0,0,0,0,1
2129,0,0,0,0,1
2130,0,0,0,0,1
2131,0,0,0,0,1
2132,0,0,0,0,1
2133,0,0,0,0,1
2134,0,0,0,0,1
2135,1,0,0,0,0
2136,1,0,0,0,0
2137,1,0,0,0,0
2138,1,0,0,0,0
2139,1,0,0,0,0
2140,1,0,0,0,0
2141,1,0,0,0,0
2142,1,0,0,0,0
2143,1,0,0,0,0
2144,1,0,0,0,0
2145,1,0,0,0,0
2146,1,0,0,0,0
2147,1,0,0,0,0
2148,1,0,0,0,0
2149,1,0,0,0,0
2150,1,0,0,0,0
2151,1,0,0,0,0
2152,1,0,0,0,0
2153,0,0,0,0,1
2154,0,0,0,0,1
2155,0,0,0,0,1
2156,0,0,0,0,1
2157,0,0,0,0,1
2158,0,0,0,0,1
2159,0,0,0,0,1
2160,0,0,0,0,1
2161,0,0,0,0,1
2162,0,0,0,0,1
2163,0,0,0,0,1
2164,0,0,0,0,1
2165,0,0,0,0,1
2166,0,0,0,0,1
2167,0,0,0,0,1
2168,0,0,0,0,1
2169,0,0,0,0,1
2170,0,0,0,0,1
2171,0,0,0,0,1
2172,0,0,0,0,1
2173,0,0,0,0,1
2174,0,0,0,0,1
2175,0,0,0,0,1
2176,0,0,0,0,1
2177,0,0,0,0,1
2178,0,0,0,0,1
2179,0,0,0,0,1
2180,0,0,0,0,1
2181,0,0,0,0,1
2182,0,0,0,0,1
2183,0,0,0,0,1
2184,0,0,0,0,1
2185,0,0,0,0,1
2186,0,0,0,0,1
2187,0,0,0,0,1
2188,0,0,0,0,1
2189,0,0,0,0,1
2190,0,0,0,0,1
2191,0,0,0,0,1
2192,0,0,0,0,1
2193,0,0,0,0,1
2194,0,0,0,0,1
2195,0,0,0,0,1
2196,0,0,0,0,1
2197,0,0,0,0,1
2198,0,0,0,0,1
2199,0,0,0,0,1
2200,0,0,0,0,1
2201,0,0,0,0,1
2202,0,0,0,0,1
2203,0,0,0,0,1
2204,0,0,0,0,1
2205,0,0,0,0,1
2206,0,0,0,0,1
2207,0,0,0,0,1
2208,0,0,0,0,1
2209,0,0,0,0,1
2210,0,0,0,0,1
2211,0,0,0,0,1
2212,0,0,0,0,1
2213,0,0,0,0,1
2214,0,0,0,0,1
2215,0,0,0,0,1
2216,0,0,0,0,1
2217,0,0,0,0,1
2218,0,0,0,0,1
2219,0,0,0,0,1
2220,0,0,0,0,1
2221,0,0,0,0,1
2222,0,0,0,0,1
2223,0,0,0,0,1
2224,0,0,0,0,1
2225,0,0,0,0,1
2226,0,0,0,0,1
2227,0,0,0,0,1
2228,0,0,0,0,1
2229,0,0,0,0,1
2230,0,0,0,0,1
2231,0,0,0,0,1
2232,0,0,0,0,1
2233,0,0,0,0,1
2234,0,0,0,0,1
2235,0,0,0,0,1
2236,0,0,0,0,1
2237,0,0,0,0,1
2238,0,0,0,0,1
2239,0,0,0,0,1
2240,0,0,0,0,1
2241,0,0,0,0,1
2242,0,0,0,0,1
2243,0,0,0,0,1
2244,0,0,0,0,1
2245,0,0,0,0,1
2246,0,0,0,0,1
2247,0,0,0,0,1
2248,0,0,0,0,1
2249,0,0,0,0,1
2250,0,0,0,0,1
2251,0,0,0,0,1
2252,0,0,0,0,1
2253,0,0,0,0,1
2254,0,0,0,0,1
2255,0,0,0,0,1
2256,0,0,0,0,1
2257,0,0,0,0,1
2258,0,0,0,0,1
2259,0,0,0,0,1
2260,0,0,0,0,1
2261,0,0,0,0,1
2262,0,0,0,0,1
2263,0,0,0,0,1
2264,0,0,0,0,1
2265,0,0,0,0,1
2266,0,0,0,0,1
2267,0,0,0,0,1
2268,0,0,0,0,1
2269,0,0,0,0,1
2270,0,0,0,0,1
2271,0,0,0,0,1
2272,0,0,0,0,1
2273,0,0,0,0,1
2274,0,0,0,0,1
2275,0,0,0,0,1
2276,0,0,0,0,1
2277,0,0,0,0,1
2278,0,0,0,0,1
2279,0,0,0,0,1
2280,0,0,0,0,1
2281,0,0,0,0,1
2282,0,0,0,0,1
2283,0,0,0,0,1
2284,0,0,0,0,1
2285,0,0,0,0,1
2286,0,0,0,0,1
2287,0,0,0,0,1
2288,0,0,0,0,1
2289,0,0,0,0,1
2290,0,0,0,0,1
2291,0,0,0,0,1
2292,0,0,0,0,1
2293,0,0,0,0,1
2294,0,0,0,0,1
2295,0,0,0,0,1
2296,0,0,0,0,1
2297,0,0,0,0,1
2298,0,0,0,0,1
2299,0,0,0,0,1
2300,0,0,0,0,1
2301,0,0,0,0,1
2302,0,0,0,0,1
2303,0,0,0,0,1
2304,0,0,0,0,1
2305,0,0,0,0,1
2306,0,0,0,0,1
2307,0,0,0,0,1
2308,0,0,0,0,1
2309,0,0,0,0,1
2310,0,0,0,0,1
2311,0,0,0,0,1
2312,0,0,0,0,1
2313,0,0,0,0,1
2314,0,0,0,0,1
2315,0,0,0,0,1
2316,0,0,0,0,1
2317,0,0,0,0,1
2318,0,0,0,0,1
2319,0,0,0,0,1
2320,0,0,0,0,1
2321,0,0,0,0,1
2322,0,0,0,0,1
2323,0,0,0,0,1
2324,0,0,0,0,1
2325,0,0,0,0,1
2326,0,0,0,0,1
2327,0,0,0,0,1
2328,0,0,0,0,1
2329,0,0,0,0,1
2330,0,0,0,0,1
2331,0,0,0,0,1
2332,0,0,0,0,1
2333,0,0,0,0,1
2334,0,0,0,0,1
2335,0,0,0,0,1
2336,0,0,0,0,1
2337,0,0,0,0,1
2338,0,0,0,0,1
2339,0,0,0,0,1
2340,0,0,0,0,1
2341,0,0,0,0,1
2342,0,0,0,0,1
2343,0,0,0,0,1
2344,0,0,0,0,1
2345,0,0,0,0,1
2346,0,0,0,0,1
2347,0,0,0,0,1
2348,0,0,0,0,1
2349,0,0,0,0,1
2350,0,0,0,0,1
2351,0,0,0,0,1
2352,0,0,0,0,1
2353,0,0,0,0,1
2354,0,0,0,0,1
2355,0,0,0,0,1
2356,0,0,0,0,1
2357,0,0,0,0,1
2358,0,0,0,0,1
2359,0,0,0,0,1
2360,0,0,0,0,1
2361,0,0,0,0,1
2362,0,0,0,0,1
2363,0,0,0,0,1
2364,0,0,0,0,1
2365,0,0,0,0,1
2366,0,0,0,0,1
2367,0,0,0,0,1
2368,0,0,0,0,1
2369,0,0,0,0,1
2370,0,0,0,0,1
2371,0,0,0,0,1
2372,0,0,0,0,1
2373,0,0,0,0,1
2374,0,0,0,0,1
2375,0,0,0,0,1
2376,0,0,0,0,1
2377,0,0,0,0,1
2378,0,0,0,0,1
2379,0,0,0,0,1
2380,0,0,0,0,1
2381,0,0,0,0,1
2382,0,0,0,0,1
2383,0,0,0,0,1
2384,0,0,0,0,1
2385,0,0,0,0,1
2386,0,0,0,0,1
2387,0,0,0,0,1
2388,0,0,0,0,1
2389,0,0,0,0,1
2390,0,0,0,0,1
2391,0,0,0,0,1
2392,0,0,0,0,1
2393,0,0,0,0,1
2394,0,0,0,0,1
2395,0,0,0,0,1
2396,0,0,0,0,1
2397,0,0,0,0,1
2398,0,0,0,0,1
2399,0,0,0,0,1
2400,0,0,0,0,1
2401,0,0,0,0,1
2402,0,0,0,0,1
2403,0,0,0,0,1
2404,0,0,0,0,1
2405,0,0,0,0,1
2406,0,0,0,0,1
2407,0,0,0,0,1
2408,0,0,0,0,1
2409,0,0,0,0,1
2410,0,0,0,0,1
2411,0,0,0,0,1
2412,0,0,0,0,1
2413,0,0,0,0,1
2414,0,0,0,0,1
2415,0,0,0,0,1
2416,0,0,0,0,1
2417,0,0,0,0,1
2418,0,0,0,0,1
2419,0,0,0,0,1
2420,0,0,0,0,1
2421,0,0,0,0,1
2422,0,0,0,0,1
2423,0,0,0,0,1
2424,0,0,0,0,1
2425,0,0,0,0,1
2426,0,0,0,0,1
2427,0,0,0,0,1
2428,0,0,0,0,1
2429,0,0,0,0,1
2430,0,0,0,0,1
2431,0,0,0,0,1
2432,0,0,0,0,1
2433,0,0,0,0,1
2434,0,0,0,0,1
2435,0,0,0,0,1
2436,0,0,0,0,1
2437,0,0,0,0,1
2438,0,0,0,0,1
2439,0,0,0,0,1
2440,0,0,0,0,1
2441,0,0,0,0,1
2442,0,0,0,0,1
2443,0,0,0,0,1
2444,0,0,0,0,1
2445,0,0,0,0,1
2446,0,0,0,0,1
2447,0,0,0,0,1
2448,0,0,0,0,1
2449,0,0,0,0,1
2450,0,0,0,0,1
2451,0,0,0,0,1
2452,0,0,0,0,1
2453,0,0,0,0,1
2454,0,0,0,0,1
2455,0,0,0,0,1
2456,0,0,0,0,1
2457,0,0,0,0,1
2458,0,0,0,0,1
2459,0,0,0,0,1
2460,0,0,0,0,1
2461,0,0,0,0,1
2462,0,0,0,0,1
2463,0,0,0,0,1
2464,0,0,0,0,1
2465,0,0,0,0,1
2466,0,0,0,0,1
2467,0,0,0,0,1
2468,0,0,0,0,1
2469,0,0,0,0,1
2470,0,0,0,0,1
2471,0,0,0,0,1
2472,0,0,0,0,1
2473,0,0,0,0,1
2474,0,0,0,0,1
2475,0,0,0,0,1
2476,0,0,0,0,1
2477,0,0,0,0,1
2478,0,0,0,0,1
2479,0,0,0,0,1
2480,0,0,0,0,1
2481,0,0,0,0,1
2482,0,0,0,0,1
2483,0,0,0,0,1
2484,0,0,0,0,1
2485,0,0,0,0,1
2486,0,0,0,0,1
2487,0,0,0,0,1
2488,0,0,0,0,1
2489,0,0,0,0,1
2490,0,0,0,0,1
2491,0,0,0,0,1
2492,0,0,0,0,1
2493,0,0,0,0,1
2494,0,0,0,0,1
2495,0,0,0,0,1
2496,0,0,0,0,1
2497,0,0,0,0,1
2498,0,0,0,0,1
2499,0,0,0,0,1
2500,0,0,0,0,1
2501,0,0,0,0,1
2502,0,0,0,0,1
2503,0,0,0,0,1
2504,0,0,0,0,1
2505,0,0,0,0,1
2506,0,0,0,0,1
2507,0,0,0,0,1
2508,0,0,0,0,1
2509,0,0,0,0,1
2510,1,0,0,0,0
2511,1,0,0,0,0
2512,1,0,0,0,0
2513,1,0,0,0,0
2514,1,0,0,0,0
2515,1,0,0,0,0
2516,1,0,0,0,0
2517,1,0,0,0,0
2518,1,0,0,0,0
2519,1,0,0,0,0
2520,1,0,0,0,0
2521,1,0,0,0,0
2522,1,0,0,0,0
2523,1,0,0,0,0
2524,1,0,0,0,0
2525,1,0,0,0,0
2526,1,0,0,0,0
2527,1,0,0,0,0
2528,1,0,0,0,0
2529,1,0,0,0,0
2530,1,0,0,0,0
2531,1,0,0,0,0
2532,1,0,0,0,0
2533,1,0,0,0,0
2534,1,0,0,0,0
2535,1,0,0,0,0
2536,1,0,0,0,0
2537,1,0,0,0,0
2538,1,0,0,0,0
2539,1,0,0,0,0
2540,1,0,0,0,0
2541,1,0,0,0,0
2542,1,0,0,0,0
2543,1,0,0,0,0
2544,1,0,0,0,0
2545,1,0,0,0,0
2546,1,0,0,0,0
2547,1,0,0,0,0
2548,1,0,0,0,0
2549,1,0,0,0,0
2550,1,0,0,0,0
2551,1,0,0,0,0
2552,1,0,0,0,0
2553,1,0,0,0,0
2554,1,0,0,0,0
2555,1,0,0,0,0
2556,1,0,0,0,0
2557,1,0,0,0,0
2558,0,0,0,0,1
2559,0,0,0,0,1
2560,0,0,0,0,1
2561,0,0,0,0,1
2562,0,0,0,0,1
2563,0,0,0,0,1
2564,0,0,0,0,1
2565,0,0,0,0,1
2566,0,0,0,0,1
2567,0,0,0,0,1
2568,0,0,0,0,1
2569,0,0,0,0,1
2570,0,0,0,0,1
2571,0,0,0,0,1
2572,0,0,0,0,1
2573,0,0,0,0,1
2574,0,0,0,0,1
2575,0,0,0,0,1
2576,0,0,0,0,1
2577,0,0,0,0,1
2578,0,0,0,0,1
2579,0,0,0,0,1
2580,0,0,0,0,1
2581,0,0,0,0,1
2582,0,0,0,0,1
2583,0,0,0,0,1
2584,0,0,0,0,1
2585,0,0,0,0,1
2586,0,0,0,0,1
2587,0,0,0,0,1
2588,0,0,0,0,1
2589,0,0,0,0,1
2590,0,0,0,0,1
2591,0,0,0,0,1
2592,0,0,0,0,1
2593,0,0,0,0,1
2594,0,0,0,0,1
2595,0,0,0,0,1
2596,0,0,0,0,1
2597,0,0,0,0,1
2598,0,0,0,0,1
2599,0,0,0,0,1
2600,0,0,0,0,1
2601,0,0,0,0,1
2602,0,0,0,0,1
2603,0,0,0,0,1
2604,0,0,0,0,1
2605,0,0,0,0,1
2606,0,0,0,0,1
2607,0,0,0,0,1
2608,0,0,0,0,1
2609,0,0,0,0,1
2610,0,0,0,0,1
2611,0,0,0,0,1
2612,0,0,0,0,1
2613,0,0,0,0,1
2614,0,0,0,0,1
2615,0,0,0,0,1
2616,0,0,0,0,1
2617,0,0,0,0,1
2618,0,0,0,0,1
2619,0,0,0,0,1
2620,0,0,0,0,1
2621,0,0,0,0,1
2622,0,0,0,0,1
2623,0,0,0,0,1
2624,0,0,0,0,1
2625,0,0,0,0,1
2626,0,0,0,0,1
2627,0,0,0,0,1
2628,0,0,0,0,1
2629,0,0,0,0,1
2630,0,0,0,0,1
2631,0,0,0,0,1
2632,0,0,0,0,1
2633,0,0,0,0,1
2634,0,0,0,0,1
2635,0,0,0,0,1
2636,0,0,0,0,1
2637,0,0,0,0,1
2638,0,0,0,0,1
2639,0,0,0,0,1
2640,0,0,0,0,1
2641,0,0,0,0,1
2642,0,0,0,0,1
2643,0,0,0,0,1
2644,0,0,0,0,1
2645,0,0,0,0,1
2646,0,0,0,0,1
2647,0,0,0,0,1
2648,0,0,0,0,1
2649,0,0,0,0,1
2650,0,0,0,0,1
2651,0,0,0,0,1
2652,0,0,0,0,1
2653,0,0,0,0,1
2654,0,0,0,0,1
2655,0,0,0,0,1
2656,0,0,0,0,1
2657,0,0,0,0,1
2658,0,0,0,0,1
2659,0,0,0,0,1
2660,0,0,0,0,1
2661,0,0,0,0,1
2662,0,0,0,0,1
2663,0,0,0,0,1
2664,1,0,0,0,0
2665,1,0,0,0,0
2666,1,0,0,0,0
2667,1,0,0,0,0
2668,1,0,0,0,0
2669,1,0,0,0,0
2670,1,0,0,0,0
2671,1,0,0,0,0
2672,1,0,0,0,0
2673,1,0,0,0,0
2674,1,0,0,0,0
2675,1,0,0,0,0
2676,1,0,0,0,0
2677,1,0,0,0,0
2678,1,0,0,0,0
2679,1,0,0,0,0
2680,1,0,0,0,0
2681,1,0,0,0,0
2682,1,0,0,0,0
2683,1,0,0,0,0
2684,1,0,0,0,0
2685,1,0,0,0,0
2686,1,0,0,0,0
2687,1,0,0,0,0
2688,1,0,0,0,0
2689,1,0,0,0,0
2690,1,0,0,0,0
2691,1,0,0,0,0
2692,1,0,0,0,0
2693,1,0,0,0,0
2694,1,0,0,0,0
2695,1,0,0,0,0
2696,1,0,0,0,0
2697,1,0,0,0,0
2698,1,0,0,0,0
2699,1,0,0,0,0
2700,1,0,0,0,0
2701,1,0,0,0,0
2702,1,0,0,0,0
2703,1,0,0,0,0
2704,1,0,0,0,0
2705,1,0,0,0,0
2706,1,0,0,0,0
2707,1,0,0,0,0
2708,1,0,0,0,0
2709,1,0,0,0,0
2710,1,0,0,0,0
2711,1,0,0,0,0
2712,1,0,0,0,0
2713,1,0,0,0,0
2714,1,0,0,0,0
2715,1,0,0,0,0
2716,1,0,0,0,0
2717,1,0,0,0,0
2718,1,0,0,0,0
2719,1,0,0,0,0
2720,1,0,0,0,0
2721,1,0,0,0,0
2722,1,0,0,0,0
2723,1,0,0,0,0
2724,1,0,0,0,0
2725,1,0,0,0,0
2726,1,0,0,0,0
2727,1,0,0,0,0
2728,1,0,0,0,0
2729,1,0,0,0,0
2730,1,0,0,0,0
2731,1,0,0,0,0
2732,1,0,0,0,0
2733,1,0,0,0,0
2734,1,0,0,0,0
2735,1,0,0,0,0
2736,1,0,0,0,0
2737,1,0,0,0,0
2738,1,0,0,0,0
2739,1,0,0,0,0
2740,1,0,0,0,0
2741,1,0,0,0,0
2742,1,0,0,0,0
2743,1,0,0,0,0
2744,1,0,0,0,0
2745,1,0,0,0,0
2746,1,0,0,0,0
2747,1,0,0,0,0
2748,1,0,0,0,0
2749,1,0,0,0,0
2750,1,0,0,0,0
2751,1,0,0,0,0
2752,1,0,0,0,0
2753,1,0,0,0,0
2754,1,0,0,0,0
2755,1,0,0,0,0
2756,1,0,0,0,0
2757,1,0,0,0,0
2758,1,0,0,0,0
2759,1,0,0,0,0
2760,1,0,0,0,0
2761,1,0,0,0,0
2762,1,0,0,0,0
2763,1,0,0,0,0
2764,1,0,0,0,0
2765,1,0,0,0,0
2766,1,0,0,0,0
2767,1,0,0,0,0
2768,1,0,0,0,0
2769,1,0,0,0,0
2770,1,0,0,0,0
2771,1,0,0,0,0
2772,1,0,0,0,0
2773,1,0,0,0,0
2774,1,0,0,0,0
2775,1,0,0,0,0
2776,1,0,0,0,0
2777,1,0,0,0,0
2778,1,0,0,0,0
2779,1,0,0,0,0
2780,1,0,0,0,0
2781,1,0,0,0,0
2782,1,0,0,0,0
2783,1,0,0,0,0
2784,1,0,0,0,0
2785,1,0,0,0,0
2786,1,0,0,0,0
2787,1,0,0,0,0
2788,1,0,0,0,0
2789,0,0,0,0,1
2790,0,0,0,0,1
2791,0,0,0,0,1
2792,0,0,0,0,1
2793,0,0,0,0,1
2794,0,0,0,0,1
2795,0,0,0,0,1
2796,0,0,0,0,1
2797,0,0,0,0,1
2798,0,0,0,0,1
2799,0,0,0,0,1
2800,0,0,0,0,1
2801,0,0,0,0,1
2802,0,0,0,0,1
2803,0,0,0,0,1
2804,0,0,0,0,1
2805,0,0,0,0,1
2806,0,0,0,0,1
2807,0,0,0,0,1
2808,0,0,0,0,1
2809,0,0,0,0,1
2810,0,0,0,0,1
2811,0,0,0,0,1
2812,1,0,0,0,0
2813,1,0,0,0,0
2814,1,0,0,0,0
2815,1,0,0,0,0
2816,1,0,0,0,0
2817,1,0,0,0,0
2818,1,0,0,0,0
2819,1,0,0,0,0
2820,1,0,0,0,0
2821,1,0,0,0,0
2822,1,0,0,0,0
2823,1,0,0,0,0
2824,1,0,0,0,0
2825,1,0,0,0,0
2826,1,0,0,0,0
2827,1,0,0,0,0
2828,1,0,0,0,0
2829,1,0,0,0,0
2830,1,0,0,0,0
2831,1,0,0,0,0
2832,1,0,0,0,0
2833,1,0,0,0,0
2834,1,0,0,0,0
2835,1,0,0,0,0
2836,1,0,0,0,0
2837,1,0,0,0,0
2838,1,0,0,0,0
2839,1,0,0,0,0
2840,1,0,0,0,0
2841,0,0,0,0,1
2842,0,0,0,0,1
2843,0,0,0,0,1
2844,0,0,0,0,1
2845,0,0,0,0,1
2846,0,0,0,0,1
2847,0,0,0,0,1
2848,0,0,0,0,1
2849,0,0,0,0,1
2850,0,0,0,0,1
2851,0,0,0,0,1
2852,0,0,0,0,1
2853,0,0,0,0,1
2854,0,0,0,0,1
2855,0,0,0,0,1
2856,0,0,0,0,1
2857,0,0,0,0,1
2858,0,0,0,0,1
2859,0,0,0,0,1
2860,0,0,0,0,1
2861,0,0,0,0,1
2862,0,0,0,0,1
2863,0,0,0,0,1
2864,0,0,0,0,1
2865,0,0,0,0,1
2866,0,0,0,0,1
2867,0,0,0,0,1
2868,0,0,0,0,1
2869,0,0,0,0,1
2870,0,0,0,0,1
2871,0,0,0,0,1
2872,0,0,0,0,1
2873,0,0,0,0,1
2874,0,0,0,0,1
2875,0,0,0,0,1
2876,0,0,0,0,1
2877,0,0,0,0,1
2878,0,0,0,0,1
2879,0,0,0,0,1
2880,0,0,0,0,1
2881,0,0,0,0,1
2882,0,0,0,0,1
2883,0,0,0,0,1
2884,0,0,0,0,1
2885,0,0,0,0,1
2886,0,0,0,0,1
2887,0,0,0,0,1
2888,0,0,0,0,1
2889,0,0,0,0,1
2890,0,0,0,0,1
2891,0,0,0,0,1
2892,0,0,0,0,1
2893,0,0,0,0,1
2894,0,0,0,0,1
2895,0,0,0,0,1
2896,0,0,0,0,1
2897,0,0,0,0,1
2898,0,0,0,0,1
2899,0,0,0,0,1
2900,0,0,0,0,1
2901,0,0,0,0,1
2902,0,0,0,0,1
2903,0,0,0,0,1
2904,0,0,0,0,1
2905,0,0,0,0,1
2906,0,0,0,0,1
2907,0,0,0,0,1
2908,0,0,0,0,1
2909,0,0,0,0,1
2910,0,0,0,0,1
2911,0,0,0,0,1
2912,0,0,0,0,1
2913,0,0,0,0,1
2914,0,0,0,0,1
2915,0,0,0,0,1
2916,0,0,0,0,1
2917,0,0,0,0,1
2918,0,0,0,0,1
2919,0,0,0,0,1
2920,0,0,0,0,1
2921,0,0,0,0,1
2922,0,0,0,0,1
2923,0,0,0,0,1
2924,0,0,0,0,1
2925,0,0,0,0,1
2926,0,0,0,0,1
2927,0,0,0,0,1
2928,0,0,0,0,1
2929,0,0,0,0,1
2930,0,0,0,0,1
2931,0,0,0,0,1
2932,0,0,0,0,1
2933,0,0,0,0,1
2934,0,0,0,0,1
2935,0,0,0,0,1
2936,0,0,0,0,1
2937,0,0,0,0,1
2938,0,0,0,0,1
2939,0,0,0,0,1
2940,0,0,0,0,1
2941,0,0,0,0,1
2942,0,0,0,0,1
2943,0,0,0,0,1
2944,0,0,0,0,1
2945,0,0,0,0,1
2946,0,0,0,0,1
2947,0,0,0,0,1
2948,0,0,0,0,1
2949,0,0,0,0,1
2950,0,0,0,0,1
2951,0,0,0,0,1
2952,0,0,0,0,1
2953,0,0,0,0,1
2954,0,0,0,0,1
2955,0,0,0,0,1
2956,0,0,0,0,1
2957,1,0,0,0,0
2958,1,0,0,0,0
2959,1,0,0,0,0
2960,1,0,0,0,0
2961,1,0,0,0,0
2962,1,0,0,0,0
2963,1,0,0,0,0
2964,1,0,0,0,0
2965,1,0,0,0,0
2966,1,0,0,0,0
2967,1,0,0,0,0
2968,1,0,0,0,0
2969,1,0,0,0,0
2970,1,0,0,0,0
2971,1,0,0,0,0
2972,1,0,0,0,0
2973,1,0,0,0,0
2974,1,0,0,0,0
2975,1,0,0,0,0
2976,1,0,0,0,0
2977,1,0,0,0,0
2978,1,0,0,0,0
2979,1,0,0,0,0
2980,1,0,0,0,0
2981,1,0,0,0,0
2982,1,0,0,0,0
2983,1,0,0,0,0
2984,1,0,0,0,0
2985,1,0,0,0,0
2986,1,0,0,0,0
2987,1,0,0,0,0
2988,1,0,0,0,0
2989,1,0,0,0,0
2990,1,0,0,0,0
2991,1,0,0,0,0
2992,1,0,0,0,0
2993,1,0,0,0,0
2994,1,0,0,0,0
2995,1,0,0,0,0
2996,1,0,0,0,0
2997,1,0,0,0,0
2998,1,0,0,0,0
2999,1,0,0,0,0
3000,1,0,0,0,0
3001,1,0,0,0,0
3002,1,0,0,0,0
3003,1,0,0,0,0
3004,1,0,0,0,0
3005,1,0,0,0,0
3006,1,0,0,0,0
3007,1,0,0,0,0
3008,1,0,0,0,0
3009,1,0,0,0,0
3010,1,0,0,0,0
3011,1,0,0,0,0
3012,1,0,0,0,0
3013,1,0,0,0,0
3014,1,0,0,0,0
3015,1,0,0,0,0
3016,1,0,0,0,0
3017,1,0,0,0,0
3018,1,0,0,0,0
3019,1,0,0,0,0
3020,1,0,0,0,0
3021,1,0,0,0,0
3022,1,0,0,0,0
3023,1,0,0,0,0
3024,1,0,0,0,0
3025,1,0,0,0,0
3026,1,0,0,0,0
3027,1,0,0,0,0
3028,1,0,0,0,0
3029,1,0,0,0,0
3030,1,0,0,0,0
3031,1,0,0,0,0
3032,1,0,0,0,0
3033,1,0,0,0,0
3034,1,0,0,0,0
3035,1,0,0,0,0
3036,1,0,0,0,0
3037,1,0,0,0,0
3038,1,0,0,0,0
3039,1,0,0,0,0
3040,1,0,0,0,0
3041,1,0,0,0,0
3042,1,0,0,0,0
3043,1,0,0,0,0
3044,1,0,0,0,0
3045,1,0,0,0,0
3046,1,0,0,0,0
3047,1,0,0,0,0
3048,1,0,0,0,0
3049,1,0,0,0,0
3050,1,0,0,0,0
3051,1,0,0,0,0
3052,1,0,0,0,0
3053,1,0,0,0,0
3054,1,0,0,0,0
3055,1,0,0,0,0
3056,1,0,0,0,0
3057,1,0,0,0,0
3058,1,0,0,0,0
3059,1,0,0,0,0
3060,1,0,0,0,0
3061,1,0,0,0,0
3062,1,0,0,0,0
3063,1,0,0,0,0
3064,1,0,0,0,0
3065,1,0,0,0,0
3066,1,0,0,0,0
3067,1,0,0,0,0
3068,1,0,0,0,0
3069,1,0,0,0,0
3070,1,0,0,0,0
3071,1,0,0,0,0
3072,1,0,0,0,0
3073,1,0,0,0,0
3074,1,0,0,0,0
3075,1,0,0,0,0
3076,1,0,0,0,0
3077,1,0,0,0,0
3078,1,0,0,0,0
3079,1,0,0,0,0
3080,1,0,0,0,0
3081,1,0,0,0,0
3082,1,0,0,0,0
3083,1,0,0,0,0
3084,1,0,0,0,0
3085,1,0,0,0,0
3086,0,0,0,0,1
3087,0,0,0,0,1
3088,0,0,0,0,1
3089,0,0,0,0,1
3090,0,0,0,0,1
3091,0,0,0,0,1
3092,0,0,0,0,1
3093,0,0,0,0,1
3094,1,0,0,0,0
3095,1,0,0,0,0
3096,1,0,0,0,0
3097,1,0,0,0,0
3098,1,0,0,0,0
3099,1,0,0,0,0
3100,1,0,0,0,0
3101,1,0,0,0,0
3102,1,0,0,0,0
3103,1,0,0,0,0
3104,1,0,0,0,0
3105,1,0,0,0,0
3106,1,0,0,0,0
3107,1,0,0,0,0
3108,1,0,0,0,0
3109,1,0,0,0,0
3110,1,0,0,0,0
3111,1,0,0,0,0
3112,1,0,0,0,0
3113,1,0,0,0,0
3114,1,0,0,0,0
3115,1,0,0,0,0
3116,1,0,0,0,0
3117,1,0,0,0,0
3118,1,0,0,0,0
3119,1,0,0,0,0
3120,1,0,0,0,0
3121,1,0,0,0,0
3122,1,0,0,0,0
3123,1,0,0,0,0
3124,1,0,0,0,0
3125,1,0,0,0,0
3126,1,0,0,0,0
3127,1,0,0,0,0
3128,1,0,0,0,0
3129,1,0,0,0,0
3130,1,0,0,0,0
3131,1,0,0,0,0
3132,1,0,0,0,0
3133,1,0,0,0,0
3134,1,0,0,0,0
3135,1,0,0,0,0
3136,0,0,0,0,1
3137,0,0,0,0,1
3138,0,0,0,0,1
3139,0,0,0,0,1
3140,0,0,0,0,1
3141,0,0,0,0,1
3142,0,0,0,0,1
3143,0,0,0,0,1
3144,0,0,0,0,1
3145,0,0,0,0,1
3146,0,0,0,0,1
3147,0,0,0,0,1
3148,0,0,0,0,1
3149,0,0,0,0,1
3150,0,0,0,0,1
3151,0,0,0,0,1
3152,0,0,0,0,1
3153,0,0,0,0,1
3154,0,0,0,0,1
3155,0,0,0,0,1
3156,0,0,0,0,1
3157,0,0,0,0,1
3158,0,0,0,0,1
3159,0,0,0,0,1
3160,0,0,0,0,1
3161,0,0,0,0,1
3162,0,0,0,0,1
3163,0,0,0,0,1
3164,0,0,0,0,1
3165,0,0,0,0,1
3166,0,0,0,0,1
3167,0,0,0,0,1
3168,0,0,0,0,1
3169,0,0,0,0,1
3170,0,0,0,0,1
3171,0,0,0,0,1
3172,0,0,0,0,1
3173,0,0,0,0,1
3174,0,0,0,0,1
3175,0,0,0,0,1
3176,0,0,0,0,1
3177,0,0,0,0,1
3178,0,0,0,0,1
3179,0,0,0,0,1
3180,0,0,0,0,1
3181,0,0,0,0,1
3182,0,0,0,0,1
3183,0,0,0,0,1
3184,0,0,0,0,1
3185,0,0,0,0,1
3186,0,0,0,0,1
3187,0,0,0,0,1
3188,0,0,0,0,1
3189,0,0,0,0,1
3190,0,0,0,0,1
3191,0,0,0,0,1
3192,0,0,0,0,1
3193,0,0,0,0,1
3194,0,0,0,0,1
3195,0,0,0,0,1
3196,0,0,0,0,1
3197,0,0,0,0,1
3198,0,0,0,0,1
3199,0,0,0,0,1
3200,0,0,0,0,1
3201,0,0,0,0,1
3202,0,0,0,0,1
3203,0,0,0,0,1
3204,0,0,0,0,1
3205,0,0,0,0,1
3206,0,0,0,0,1
3207,0,0,0,0,1
3208,0,0,0,0,1
3209,0,0,0,0,1
3210,0,0,0,0,1
3211,0,0,0,0,1
3212,0,0,0,0,1
3213,0,0,0,0,1
3214,0,0,0,0,1
3215,0,0,0,0,1
3216,0,0,0,0,1
3217,0,0,0,0,1
3218,0,0,0,0,1
3219,0,0,0,0,1
3220,0,0,0,0,1
3221,0,0,0,0,1
3222,0,0,0,0,1
3223,0,0,0,0,1
3224,0,0,0,0,1
3225,0,0,0,0,1
3226,0,0,0,0,1
3227,0,0,0,0,1
3228,0,0,0,0,1
3229,0,0,0,0,1
3230,0,0,0,0,1
3231,0,0,0,0,1
3232,0,0,0,0,1
3233,0,0,0,0,1
3234,0,0,0,0,1
3235,0,0,0,0,1
3236,0,0,0,0,1
3237,0,0,0,0,1
3238,0,0,0,0,1
3239,0,0,0,0,1
3240,0,0,0,0,1
3241,0,0,0,0,1
3242,0,0,0,0,1
3243,0,0,0,0,1
3244,0,0,0,0,1
3245,0,0,0,0,1
3246,0,0,0,0,1
3247,0,0,0,0,1
3248,0,0,0,0,1
3249,0,0,0,0,1
3250,0,0,0,0,1
3251,0,0,0,0,1
3252,0,0,0,0,1
3253,0,0,0,0,1
3254,0,0,0,0,1
3255,0,0,0,0,1
3256,0,0,0,0,1
3257,0,0,0,0,1
3258,0,0,0,0,1
3259,0,0,0,0,1
3260,0,0,0,0,1
3261,0,0,0,0,1
3262,0,0,0,0,1
3263,0,0,0,0,1
3264,0,0,0,0,1
3265,0,0,0,0,1
3266,0,0,0,0,1
3267,0,0,0,0,1
3268,0,0,0,0,1
3269,0,0,0,0,1
3270,0,0,0,0,1
3271,0,0,0,0,1
3272,0,0,0,0,1
3273,0,0,0,0,1
3274,0,0,0,0,1
3275,0,0,0,0,1
3276,0,0,0,0,1
3277,0,0,0,0,1
3278,0,0,0,0,1
3279,0,0,0,0,1
3280,0,0,0,0,1
3281,0,0,0,0,1
3282,0,0,0,0,1
3283,0,0,0,0,1
3284,1,0,0,0,0
3285,1,0,0,0,0
3286,1,0,0,0,0
3287,1,0,0,0,0
3288,1,0,0,0,0
3289,1,0,0,0,0
3290,1,0,0,0,0
3291,1,0,0,0,0
3292,1,0,0,0,0
3293,1,0,0,0,0
3294,1,0,0,0,0
3295,1,0,0,0,0
3296,1,0,0,0,0
3297,1,0,0,0,0
3298,1,0,0,0,0
3299,1,0,0,0,0
3300,1,0,0,0,0
3301,1,0,0,0,0
3302,1,0,0,0,0
3303,1,0,0,0,0
3304,1,0,0,0,0
3305,1,0,0,0,0
3306,1,0,0,0,0
3307,1,0,0,0,0
3308,1,0,0,0,0
3309,1,0,0,0,0
3310,1,0,0,0,0
3311,1,0,0,0,0
3312,1,0,0,0,0
3313,1,0,0,0,0
3314,1,0,0,0,0
3315,1,0,0,0,0
3316,1,0,0,0,0
3317,1,0,0,0,0
3318,1,0,0,0,0
3319,1,0,0,0,0
3320,1,0,0,0,0
3321,1,0,0,0,0
3322,1,0,0,0,0
3323,1,0,0,0,0
3324,1,0,0,0,0
3325,1,0,0,0,0
3326,1,0,0,0,0
3327,1,0,0,0,0
3328,1,0,0,0,0
3329,1,0,0,0,0
3330,1,0,0,0,0
3331,1,0,0,0,0
3332,1,0,0,0,0
3333,1,0,0,0,0
3334,1,0,0,0,0
3335,1,0,0,0,0
3336,1,0,0,0,0
3337,1,0,0,0,0
3338,1,0,0,0,0
3339,1,0,0,0,0
3340,0,0,0,0,1
3341,0,0,0,0,1
3342,0,0,0,0,1
3343,0,0,0,0,1
3344,0,0,0,0,1
3345,0,0,0,0,1
3346,0,0,0,0,1
3347,0,0,0,0,1
3348,0,0,0,0,1
3349,0,0,0,0,1
3350,0,0,0,0,1
3351,0,0,0,0,1
3352,0,0,0,0,1
3353,0,0,0,0,1
3354,0,0,0,0,1
3355,0,0,0,0,1
3356,0,0,0,0,1
3357,0,0,0,0,1
3358,0,0,0,0,1
3359,0,0,0,0,1
3360,0,0,0,0,1
3361,0,0,0,0,1
3362,0,0,0,0,1
3363,0,0,0,0,1
3364,0,0,0,0,1
3365,0,0,0,0,1
3366,0,0,0,0,1
3367,0,0,0,0,1
3368,0,0,0,0,1
3369,0,0,0,0,1
3370,0,0,0,0,1
3371,0,0,0,0,1
3372,0,0,0,0,1
3373,0,0,0,0,1
3374,0,0,0,0,1
3375,0,0,0,0,1
3376,0,0,0,0,1
3377,0,0,0,0,1
3378,0,0,0,0,1
3379,0,0,0,0,1
3380,0,0,0,0,1
3381,0,0,0,0,1
3382,0,0,0,0,1
3383,0,0,0,0,1
3384,0,0,0,0,1
3385,0,0,0,0,1
3386,0,0,0,0,1
3387,0,0,0,0,1
3388,0,0,0,0,1
3389,0,0,0,0,1
3390,0,0,0,0,1
3391,0,0,0,0,1
3392,0,0,0,0,1
3393,0,0,0,0,1
3394,0,0,0,0,1
3395,0,0,0,0,1
3396,0,0,0,0,1
3397,0,0,0,0,1
3398,0,0,0,0,1
3399,0,0,0,0,1
3400,0,0,0,0,1
3401,0,0,0,0,1
3402,0,0,0,0,1
3403,0,0,0,0,1
3404,0,0,0,0,1
3405,0,0,0,0,1
3406,0,0,0,0,1
3407,0,0,0,0,1
3408,0,0,0,0,1
3409,0,0,0,0,1
3410,0,0,0,0,1
3411,0,0,0,0,1
3412,0,0,0,0,1
3413,0,0,0,0,1
3414,0,0,0,0,1
3415,0,0,0,0,1
3416,0,0,0,0,1
3417,0,0,0,0,1
3418,0,0,0,0,1
3419,0,0,0,0,1
3420,0,0,0,0,1
3421,0,0,0,0,1
3422,0,0,0,0,1
3423,0,0,0,0,1
3424,0,0,0,0,1
3425,0,0,0,0,1
3426,0,0,0,0,1
3427,0,0,0,0,1
3428,0,0,0,0,1
3429,0,0,0,0,1
3430,0,0,0,0,1
3431,0,0,0,0,1
3432,0,0,0,0,1
3433,0,0,0,0,1
3434,0,0,0,0,1
3435,0,0,0,0,1
3436,0,0,0,0,1
3437,0,0,0,0,1
3438,0,0,0,0,1
3439,0,0,0,0,1
3440,0,0,0,0,1
3441,0,0,0,0,1
3442,0,0,0,0,1
3443,0,0,0,0,1
3444,0,0,0,0,1
3445,0,0,0,0,1
3446,0,0,0,0,1
3447,0,0,0,0,1
3448,0,0,0,0,1
3449,0,0,0,0,1
3450,0,0,0,0,1
3451,0,0,0,0,1
3452,0,0,0,0,1
3453,0,0,0,0,1
3454,0,0,0,0,1
3455,0,0,0,0,1
3456,0,0,0,0,1
3457,0,0,0,0,1
3458,0,0,0,0,1
3459,0,0,0,0,1
3460,0,0,0,0,1
3461,0,0,0,0,1
3462,0,0,0,0,1
3463,0,0,0,0,1
3464,0,0,0,0,1
3465,0,0,0,0,1
3466,0,0,0,0,1
3467,0,0,0,0,1
3468,0,0,0,0,1
3469,0,0,0,0,1
3470,0,0,0,0,1
3471,0,0,0,0,1
3472,0,0,0,0,1
3473,0,0,0,0,1
3474,0,0,0,0,1
3475,0,0,0,0,1
3476,0,0,0,0,1
3477,0,0,0,0,1
3478,0,0,0,0,1
3479,0,0,0,0,1
3480,0,0,0,0,1
3481,0,0,0,0,1
3482,0,0,0,0,1
3483,0,0,0,0,1
3484,0,0,0,0,1
3485,0,0,0,0,1
3486,0,0,0,0,1
3487,0,0,0,0,1
3488,0,0,0,0,1
3489,0,0,0,0,1
3490,0,0,0,0,1
3491,0,0,0,0,1
3492,0,0,0,0,1
3493,0,0,0,0,1
3494,0,0,0,0,1
3495,0,0,0,0,1
3496,0,0,0,0,1
3497,0,0,0,0,1
3498,0,0,0,0,1
3499,0,0,0,0,1
3500,0,0,0,0,1
3501,0,0,0,0,1
3502,0,0,0,0,1
3503,0,0,0,0,1
3504,0,0,0,0,1
3505,0,0,0,0,1
3506,0,0,0,0,1
3507,0,0,0,0,1
3508,0,0,0,0,1
3509,0,0,0,0,1
3510,0,0,0,0,1
3511,0,0,0,0,1
3512,0,0,0,0,1
3513,0,0,0,0,1
3514,0,0,0,0,1
3515,0,0,0,0,1
3516,0,0,0,0,1
3517,0,0,0,0,1
3518,0,0,0,0,1
3519,0,0,0,0,1
3520,0,0,0,0,1
3521,0,0,0,0,1
3522,0,0,0,0,1
3523,0,0,0,0,1
3524,0,0,0,0,1
3525,0,0,0,0,1
3526,0,0,0,0,1
3527,0,0,0,0,1
3528,0,0,0,0,1
3529,0,0,0,0,1
3530,0,0,0,0,1
3531,0,0,0,0,1
3532,0,0,0,0,1
3533,0,0,0,0,1
3534,0,0,0,0,1
3535,0,0,0,0,1
3536,0,0,0,0,1
3537,0,0,0,0,1
3538,0,0,0,0,1
3539,0,0,0,0,1
3540,0,0,0,0,1
3541,0,0,0,0,1
3542,0,0,0,0,1
3543,0,0,0,0,1
3544,0,0,0,0,1
3545,0,0,0,0,1
3546,0,0,0,0,1
3547,0,0,0,0,1
3548,0,0,0,0,1
3549,0,0,0,0,1
3550,0,0,0,0,1
3551,0,0,0,0,1
3552,0,0,0,0,1
3553,0,0,0,0,1
3554,0,0,0,0,1
3555,0,0,0,0,1
3556,0,0,0,0,1
3557,0,0,0,0,1
3558,0,0,0,0,1
3559,0,0,0,0,1
3560,0,0,0,0,1
3561,0,0,0,0,1
3562,0,0,0,0,1
3563,0,0,0,0,1
3564,0,0,0,0,1
3565,0,0,0,0,1
3566,0,0,0,0,1
3567,0,0,0,0,1
3568,0,0,0,0,1
3569,0,0,0,0,1
3570,0,0,0,0,1
3571,0,0,0,0,1
3572,0,0,0,0,1
3573,0,0,0,0,1
3574,0,0,0,0,1
3575,0,0,0,0,1
3576,0,0,0,0,1
3577,0,0,0,0,1
3578,0,0,0,0,1
3579,0,0,0,0,1
3580,0,0,0,0,1
3581,0,0,0,0,1
3582,0,0,0,0,1
3583,0,0,0,0,1
3584,0,0,0,0,1
3585,0,0,0,0,1
3586,0,0,0,0,1
3587,0,0,0,0,1
3588,0,0,0,0,1
3589,0,0,0,0,1
3590,0,0,0,0,1
3591,0,0,0,0,1
3592,0,0,0,0,1
3593,0,0,0,0,1
3594,0,0,0,0,1
3595,0,0,0,0,1
3596,0,0,0,0,1
3597,0,0,0,0,1
3598,0,0,0,0,1
3599,0,0,0,0,1
3600,0,0,0,0,1
3601,0,0,0,0,1
3602,0,0,0,0,1
3603,0,0,0,0,1
3604,0,0,0,0,1
3605,0,0,0,0,1
3606,0,0,0,0,1
3607,0,0,0,0,1
3608,0,0,0,0,1
3609,0,0,0,0,1
3610,0,0,0,0,1
3611,0,0,0,0,1
3612,0,0,0,0,1
3613,0,0,0,0,1
3614,0,0,0,0,1
3615,0,0,0,0,1
3616,0,0,0,0,1
3617,0,0,0,0,1
3618,0,0,0,0,1
3619,0,0,0,0,1
3620,0,0,0,0,1
3621,0,0,0,0,1
3622,0,0,0,0,1
3623,0,0,0,0,1
3624,0,0,0,0,1
3625,0,0,0,0,1
3626,0,0,0,0,1
3627,0,0,0,0,1
3628,0,0,0,0,1
3629,0,0,0,0,1
3630,0,0,0,0,1
3631,0,0,0,0,1
3632,0,0,0,0,1
3633,0,0,0,0,1
3634,0,0,0,0,1
3635,0,0,0,0,1
3636,0,0,0,0,1
3637,0,0,0,0,1
3638,0,0,0,0,1
3639,0,0,0,0,1
3640,0,0,0,0,1
3641,0,0,0,0,1
3642,0,0,0,0,1
3643,0,0,0,0,1
3644,0,0,0,0,1
3645,0,0,0,0,1
3646,0,0,0,0,1
3647,0,0,0,0,1
3648,0,0,0,0,1
3649,0,0,0,0,1
3650,0,0,0,0,1
3651,0,0,0,0,1
3652,0,0,0,0,1
3653,0,0,0,0,1
3654,0,0,0,0,1
3655,0,0,0,0,1
3656,0,0,0,0,1
3657,0,0,0,0,1
3658,0,0,0,0,1
3659,0,0,0,0,1
3660,0,0,0,0,1
3661,0,0,0,0,1
3662,0,0,0,0,1
3663,0,0,0,0,1
3664,0,0,0,0,1
3665,0,0,0,0,1
3666,0,0,0,0,1
3667,0,0,0,0,1
3668,0,0,0,0,1
3669,0,0,0,0,1
3670,0,0,0,0,1
3671,0,0,0,0,1
3672,0,0,0,0,1
3673,0,0,0,0,1
3674,0,0,0,0,1
3675,0,0,0,0,1
3676,0,0,0,0,1
3677,0,0,0,0,1
3678,0,0,0,0,1
3679,0,0,0,0,1
3680,0,0,0,0,1
3681,0,0,0,0,1
3682,0,0,0,0,1
3683,0,0,0,0,1
3684,0,0,0,0,1
3685,0,0,0,0,1
3686,0,0,0,0,1
3687,0,0,0,0,1
3688,0,0,0,0,1
3689,0,0,0,0,1
3690,0,0,0,0,1
3691,0,0,0,0,1
3692,0,0,0,0,1
3693,0,0,0,0,1
3694,0,0,0,0,1
3695,0,0,0,0,1
3696,0,0,0,0,1
3697,0,0,0,0,1
3698,0,0,0,0,1
3699,0,0,0,0,1
3700,0,0,0,0,1
3701,0,0,0,0,1
3702,0,0,0,0,1
3703,0,0,0,0,1
3704,0,0,0,0,1
3705,0,0,0,0,1
3706,0,0,0,0,1
3707,0,0,0,0,1
3708,0,0,0,0,1
3709,0,0,0,0,1
3710,0,0,0,0,1
3711,0,0,0,0,1
3712,0,0,0,0,1
3713,0,0,0,0,1
3714,0,0,0,0,1
3715,0,0,0,0,1
3716,0,0,0,0,1
3717,0,0,0,0,1
3718,0,0,0,0,1
3719,0,0,0,0,1
3720,0,0,0,0,1
3721,0,0,0,0,1
3722,0,0,0,0,1
3723,0,0,0,0,1
3724,0,0,0,0,1
3725,0,0,0,0,1
3726,0,0,0,0,1
3727,0,0,0,0,1
3728,0,0,0,0,1
3729,0,0,0,0,1
3730,0,0,0,0,1
3731,0,0,0,0,1
3732,0,0,0,0,1
3733,0,0,0,0,1
3734,0,0,0,0,1
3735,0,0,0,0,1
3736,0,0,0,0,1
3737,0,0,0,0,1
3738,0,0,0,0,1
3739,0,0,0,0,1
3740,0,0,0,0,1
3741,0,0,0,0,1
3742,0,0,0,0,1
3743,0,0,0,0,1
3744,0,0,0,0,1
3745,0,0,0,0,1
3746,0,0,0,0,1
3747,0,0,0,0,1
3748,0,0,0,0,1
3749,0,0,0,0,1
3750,0,0,0,0,1
3751,0,0,0,0,1
3752,0,0,0,0,1
3753,0,0,0,0,1
3754,0,0,0,0,1
3755,1,0,0,0,0
3756,1,0,0,0,0
3757,1,0,0,0,0
3758,1,0,0,0,0
3759,1,0,0,0,0
3760,1,0,0,0,0
3761,1,0,0,0,0
3762,1,0,0,0,0
3763,1,0,0,0,0
3764,1,0,0,0,0
3765,1,0,0,0,0
3766,1,0,0,0,0
3767,1,0,0,0,0
3768,1,0,0,0,0
3769,1,0,0,0,0
3770,1,0,0,0,0
3771,1,0,0,0,0
3772,1,0,0,0,0
3773,1,0,0,0,0
3774,1,0,0,0,0
3775,1,0,0,0,0
3776,1,0,0,0,0
3777,1,0,0,0,0
3778,1,0,0,0,0
3779,1,0,0,0,0
3780,1,0,0,0,0
3781,1,0,0,0,0
3782,1,0,0,0,0
3783,1,0,0,0,0
3784,1,0,0,0,0
3785,1,0,0,0,0
3786,1,0,0,0,0
3787,1,0,0,0,0
3788,1,0,0,0,0
3789,1,0,0,0,0
3790,1,0,0,0,0
3791,1,0,0,0,0
3792,1,0,0,0,0
3793,1,0,0,0,0
3794,1,0,0,0,0
3795,1,0,0,0,0
3796,1,0,0,0,0
3797,1,0,0,0,0
3798,1,0,0,0,0
3799,1,0,0,0,0
3800,1,0,0,0,0
3801,1,0,0,0,0
3802,1,0,0,0,0
3803,1,0,0,0,0
3804,1,0,0,0,0
3805,1,0,0,0,0
3806,1,0,0,0,0
3807,1,0,0,0,0
3808,1,0,0,0,0
3809,1,0,0,0,0
3810,1,0,0,0,0
3811,1,0,0,0,0
3812,1,0,0,0,0
3813,1,0,0,0,0
3814,1,0,0,0,0
3815,1,0,0,0,0
3816,1,0,0,0,0
3817,1,0,0,0,0
3818,1,0,0,0,0
3819,1,0,0,0,0
3820,1,0,0,0,0
3821,1,0,0,0,0
3822,1,0,0,0,0
3823,1,0,0,0,0
3824,1,0,0,0,0
3825,1,0,0,0,0
3826,1,0,0,0,0
3827,1,0,0,0,0
3828,1,0,0,0,0
3829,1,0,0,0,0
3830,1,0,0,0,0
3831,1,0,0,0,0
3832,1,0,0,0,0
3833,1,0,0,0,0
3834,1,0,0,0,0
3835,1,0,0,0,0
3836,1,0,0,0,0
3837,1,0,0,0,0
3838,1,0,0,0,0
3839,1,0,0,0,0
3840,1,0,0,0,0
3841,1,0,0,0,0
3842,1,0,0,0,0
3843,1,0,0,0,0
3844,1,0,0,0,0
3845,1,0,0,0,0
3846,1,0,0,0,0
3847,1,0,0,0,0
3848,1,0,0,0,0
3849,1,0,0,0,0
3850,1,0,0,0,0
3851,1,0,0,0,0
3852,1,0,0,0,0
3853,1,0,0,0,0
3854,1,0,0,0,0
3855,1,0,0,0,0
3856,1,0,0,0,0
3857,1,0,0,0,0
3858,1,0,0,0,0
3859,1,0,0,0,0
3860,1,0,0,0,0
3861,1,0,0,0,0
3862,1,0,0,0,0
3863,1,0,0,0,0
3864,1,0,0,0,0
3865,1,0,0,0,0
3866,1,0,0,0,0
3867,1,0,0,0,0
3868,1,0,0,0,0
3869,1,0,0,0,0
3870,1,0,0,0,0
3871,1,0,0,0,0
3872,1,0,0,0,0
3873,1,0,0,0,0
3874,1,0,0,0,0
3875,1,0,0,0,0
3876,1,0,0,0,0
3877,1,0,0,0,0
3878,1,0,0,0,0
3879,1,0,0,0,0
3880,1,0,0,0,0
3881,1,0,0,0,0
3882,1,0,0,0,0
3883,1,0,0,0,0
3884,1,0,0,0,0
3885,1,0,0,0,0
3886,1,0,0,0,0
3887,1,0,0,0,0
3888,1,0,0,0,0
3889,1,0,0,0,0
3890,1,0,0,0,0
3891,1,0,0,0,0
3892,1,0,0,0,0
3893,1,0,0,0,0
3894,1,0,0,0,0
3895,1,0,0,0,0
3896,1,0,0,0,0
3897,1,0,0,0,0
3898,1,0,0,0,0
3899,1,0,0,0,0
3900,1,0,0,0,0
3901,1,0,0,0,0
3902,1,0,0,0,0
3903,1,0,0,0,0
3904,1,0,0,0,0
3905,1,0,0,0,0
3906,1,0,0,0,0
3907,1,0,0,0,0
3908,1,0,0,0,0
3909,1,0,0,0,0
3910,1,0,0,0,0
3911,1,0,0,0,0
3912,1,0,0,0,0
3913,1,0,0,0,0
3914,1,0,0,0,0
3915,1,0,0,0,0
3916,1,0,0,0,0
3917,1,0,0,0,0
3918,1,0,0,0,0
3919,1,0,0,0,0
3920,1,0,0,0,0
3921,1,0,0,0,0
3922,1,0,0,0,0
3923,1,0,0,0,0
3924,1,0,0,0,0
3925,1,0,0,0,0
3926,1,0,0,0,0
3927,1,0,0,0,0
3928,1,0,0,0,0
3929,1,0,0,0,0
3930,1,0,0,0,0
3931,1,0,0,0,0
3932,1,0,0,0,0
3933,1,0,0,0,0
3934,1,0,0,0,0
3935,1,0,0,0,0
3936,1,0,0,0,0
3937,1,0,0,0,0
3938,1,0,0,0,0
3939,1,0,0,0,0
3940,1,0,0,0,0
3941,1,0,0,0,0
3942,1,0,0,0,0
3943,1,0,0,0,0
3944,1,0,0,0,0
3945,1,0,0,0,0
3946,1,0,0,0,0
3947,1,0,0,0,0
3948,1,0,0,0,0
3949,1,0,0,0,0
3950,1,0,0,0,0
3951,1,0,0,0,0
3952,1,0,0,0,0
3953,1,0,0,0,0
3954,1,0,0,0,0
3955,1,0,0,0,0
3956,1,0,0,0,0
3957,1,0,0,0,0
3958,1,0,0,0,0
3959,1,0,0,0,0
3960,1,0,0,0,0
3961,1,0,0,0,0
3962,1,0,0,0,0
3963,1,0,0,0,0
3964,1,0,0,0,0
3965,1,0,0,0,0
3966,1,0,0,0,0
3967,1,0,0,0,0
3968,1,0,0,0,0
3969,1,0,0,0,0
3970,1,0,0,0,0
3971,1,0,0,0,0
3972,1,0,0,0,0
3973,1,0,0,0,0
3974,0,0,0,0,1
3975,0,0,0,0,1
3976,0,0,0,0,1
3977,0,0,0,0,1
3978,0,0,0,0,1
3979,0,0,0,0,1
3980,0,0,0,0,1
3981,0,0,0,0,1
3982,0,0,0,0,1
3983,0,0,0,0,1
3984,0,0,0,0,1
3985,0,0,0,0,1
3986,0,0,0,0,1
3987,0,0,0,0,1
3988,0,0,0,0,1
3989,0,0,0,0,1
3990,0,0,0,0,1
3991,0,0,0,0,1
3992,0,0,0,0,1
3993,0,0,0,0,1
3994,0,0,0,0,1
3995,0,0,0,0,1
3996,0,0,0,0,1
3997,0,0,0,0,1
3998,0,0,0,0,1
3999,0,0,0,0,1
4000,0,0,0,0,1
4001,0,0,0,0,1
4002,0,0,0,0,1
4003,0,0,0,0,1
4004,0,0,0,0,1
4005,0,0,0,0,1
4006,0,0,0,0,1
4007,0,0,0,0,1
4008,0,0,0,0,1
4009,0,0,0,0,1
4010,0,0,0,0,1
4011,0,0,0,0,1
4012,0,0,0,0,1
4013,0,0,0,0,1
4014,0,0,0,0,1
4015,0,0,0,0,1
4016,0,0,0,0,1
4017,0,0,0,0,1
4018,0,0,0,0,1
4019,0,0,0,0,1
4020,0,0,0,0,1
4021,0,0,0,0,1
4022,0,0,0,0,1
4023,0,0,0,0,1
4024,0,0,0,0,1
4025,0,0,0,0,1
4026,0,0,0,0,1
4027,0,0,0,0,1
4028,0,0,0,0,1
4029,0,0,0,0,1
4030,0,0,0,0,1
4031,0,0,0,0,1
4032,0,0,0,0,1
4033,0,0,0,0,1
4034,0,0,0,0,1
4035,0,0,0,0,1
4036,0,0,0,0,1
4037,0,0,0,0,1
4038,0,0,0,0,1
4039,0,0,0,0,1
4040,0,0,0,0,1
4041,0,0,0,0,1
4042,0,0,0,0,1
4043,0,0,0,0,1
4044,0,0,0,0,1
4045,0,0,0,0,1
4046,0,0,0,0,1
4047,0,0,0,0,1
4048,0,0,0,0,1
4049,0,0,0,0,1
4050,0,0,0,0,1
4051,0,0,0,0,1
4052,0,0,0,0,1
4053,0,0,0,0,1
4054,0,0,0,0,1
4055,0,0,0,0,1
4056,0,0,0,0,1
4057,0,0,0,0,1
4058,0,0,0,0,1
4059,0,0,0,0,1
4060,0,0,0,0,1
4061,0,0,0,0,1
4062,0,0,0,0,1
4063,0,0,0,0,1
4064,0,0,0,0,1
4065,0,0,0,0,1
4066,0,0,0,0,1
4067,0,0,0,0,1
4068,0,0,0,0,1
4069,0,0,0,0,1
4070,0,0,0,0,1
4071,0,0,0,0,1
4072,0,0,0,0,1
4073,0,0,0,0,1
4074,0,0,0,0,1
4075,0,0,0,0,1
4076,0,0,0,0,1
4077,0,0,0,0,1
4078,0,0,0,0,1
4079,0,0,0,0,1
4080,0,0,0,0,1
4081,0,0,0,0,1
4082,0,0,0,0,1
4083,0,0,0,0,1
4084,0,0,0,0,1
4085,0,0,0,0,1
4086,0,0,0,0,1
4087,0,0,0,0,1
4088,0,0,0,0,1
4089,0,0,0,0,1
4090,0,0,0,0,1
4091,0,0,0,0,1
4092,0,0,0,0,1
4093,0,0,0,0,1
4094,0,0,0,0,1
4095,0,0,0,0,1
4096,0,0,0,0,1
4097,0,0,0,0,1
4098,0,0,0,0,1
4099,0,0,0,0,1
4100,0,0,0,0,1
4101,0,0,0,0,1
4102,0,0,0,0,1
4103,0,0,0,0,1
4104,0,0,0,0,1
4105,0,0,0,0,1
4106,0,0,0,0,1
4107,0,0,0,0,1
4108,0,0,0,0,1
4109,0,0,0,0,1
4110,0,0,0,0,1
4111,0,0,0,0,1
4112,0,0,0,0,1
4113,0,0,0,0,1
4114,0,0,0,0,1
4115,0,0,0,0,1
4116,0,0,0,0,1
4117,0,0,0,0,1
4118,0,0,0,0,1
4119,0,0,0,0,1
4120,0,0,0,0,1
4121,1,0,0,0,0
4122,1,0,0,0,0
4123,1,0,0,0,0
4124,1,0,0,0,0
4125,1,0,0,0,0
4126,1,0,0,0,0
4127,1,0,0,0,0
4128,1,0,0,0,0
4129,1,0,0,0,0
4130,1,0,0,0,0
4131,1,0,0,0,0
4132,1,0,0,0,0
4133,1,0,0,0,0
4134,1,0,0,0,0
4135,1,0,0,0,0
4136,1,0,0,0,0
4137,1,0,0,0,0
4138,1,0,0,0,0
4139,1,0,0,0,0
4140,1,0,0,0,0
4141,1,0,0,0,0
4142,1,0,0,0,0
4143,1,0,0,0,0
4144,1,0,0,0,0
4145,1,0,0,0,0
4146,1,0,0,0,0
4147,1,0,0,0,0
4148,1,0,0,0,0
4149,1,0,0,0,0
4150,1,0,0,0,0
4151,1,0,0,0,0
4152,0,1,0,0,0
4153,0,1,0,0,0
4154,0,1,0,0,0
4155,0,1,0,0,0
4156,0,1,0,0,0
4157,0,1,0,0,0
4158,0,1,0,0,0
4159,0,1,0,0,0
4160,0,1,0,0,0
4161,0,1,0,0,0
4162,0,1,0,0,0
4163,0,1,0,0,0
4164,0,1,0,0,0
4165,0,1,0,0,0
4166,0,1,0,0,0
4167,0,1,0,0,0
4168,0,1,0,0,0
4169,0,1,0,0,0
4170,0,1,0,0,0
4171,0,1,0,0,0
4172,0,1,0,0,0
4173,0,1,0,0,0
4174,0,1,0,0,0
4175,0,1,0,0,0
4176,0,1,0,0,0
4177,0,1,0,0,0
4178,0,1,0,0,0
4179,0,1,0,0,0
4180,0,1,0,0,0
4181,0,1,0,0,0
4182,0,1,0,0,0
4183,0,1,0,0,0
4184,0,1,0,0,0
4185,0,1,0,0,0
4186,0,1,0,0,0
4187,0,1,0,0,0
4188,0,1,0,0,0
4189,0,1,0,0,0
4190,0,1,0,0,0
4191,0,1,0,0,0
4192,0,1,0,0,0
4193,0,1,0,0,0
4194,0,1,0,0,0
4195,0,1,0,0,0
4196,0,1,0,0,0
4197,0,1,0,0,0
4198,0,1,0,0,0
4199,0,1,0,0,0
4200,0,1,0,0,0
4201,0,1,0,0,0
4202,0,1,0,0,0
4203,0,1,0,0,0
4204,0,1,0,0,0
4205,0,1,0,0,0
4206,0,1,0,0,0
4207,1,0,0,0,0
4208,1,0,0,0,0
4209,1,0,0,0,0
4210,1,0,0,0,0
4211,1,0,0,0,0
4212,1,0,0,0,0
4213,1,0,0,0,0
4214,1,0,0,0,0
4215,1,0,0,0,0
4216,1,0,0,0,0
4217,1,0,0,0,0
4218,1,0,0,0,0
4219,1,0,0,0,0
4220,1,0,0,0,0
4221,1,0,0,0,0
4222,1,0,0,0,0
4223,1,0,0,0,0
4224,1,0,0,0,0
4225,1,0,0,0,0
4226,1,0,0,0,0
4227,1,0,0,0,0
4228,1,0,0,0,0
4229,1,0,0,0,0
4230,1,0,0,0,0
4231,1,0,0,0,0
4232,1,0,0,0,0
4233,1,0,0,0,0
4234,1,0,0,0,0
4235,1,0,0,0,0
4236,1,0,0,0,0
4237,1,0,0,0,0
4238,1,0,0,0,0
4239,1,0,0,0,0
4240,1,0,0,0,0
4241,1,0,0,0,0
4242,1,0,0,0,0
4243,1,0,0,0,0
4244,1,0,0,0,0
4245,1,0,0,0,0
4246,1,0,0,0,0
4247,1,0,0,0,0
4248,1,0,0,0,0
4249,1,0,0,0,0
4250,1,0,0,0,0
4251,1,0,0,0,0
4252,1,0,0,0,0
4253,1,0,0,0,0
4254,1,0,0,0,0
4255,1,0,0,0,0
4256,1,0,0,0,0
4257,1,0,0,0,0
4258,1,0,0,0,0
4259,1,0,0,0,0
4260,1,0,0,0,0
4261,1,0,0,0,0
4262,1,0,0,0,0
4263,1,0,0,0,0
4264,1,0,0,0,0
4265,1,0,0,0,0
4266,1,0,0,0,0
4267,1,0,0,0,0
4268,1,0,0,0,0
4269,1,0,0,0,0
4270,1,0,0,0,0
4271,1,0,0,0,0
4272,1,0,0,0,0
4273,1,0,0,0,0
4274,1,0,0,0,0
4275,1,0,0,0,0
4276,1,0,0,0,0
4277,1,0,0,0,0
4278,1,0,0,0,0
4279,1,0,0,0,0
4280,1,0,0,0,0
4281,1,0,0,0,0
4282,1,0,0,0,0
4283,1,0,0,0,0
4284,1,0,0,0,0
4285,1,0,0,0,0
4286,1,0,0,0,0
4287,1,0,0,0,0
4288,1,0,0,0,0
4289,1,0,0,0,0
4290,1,0,0,0,0
4291,1,0,0,0,0
4292,1,0,0,0,0
4293,1,0,0,0,0
4294,1,0,0,0,0
4295,1,0,0,0,0
4296,1,0,0,0,0
4297,1,0,0,0,0
4298,1,0,0,0,0
4299,1,0,0,0,0
4300,1,0,0,0,0
4301,1,0,0,0,0
4302,1,0,0,0,0
4303,1,0,0,0,0
4304,1,0,0,0,0
4305,1,0,0,0,0
4306,1,0,0,0,0
4307,1,0,0,0,0
4308,1,0,0,0,0
4309,1,0,0,0,0
4310,1,0,0,0,0
4311,1,0,0,0,0
4312,1,0,0,0,0
4313,1,0,0,0,0
4314,1,0,0,0,0
4315,1,0,0,0,0
4316,1,0,0,0,0
4317,1,0,0,0,0
4318,1,0,0,0,0
4319,1,0,0,0,0
4320,1,0,0,0,0
4321,1,0,0,0,0
4322,1,0,0,0,0
4323,1,0,0,0,0
4324,1,0,0,0,0
4325,1,0,0,0,0
4326,1,0,0,0,0
4327,1,0,0,0,0
4328,1,0,0,0,0
4329,1,0,0,0,0
4330,1,0,0,0,0
4331,1,0,0,0,0
4332,1,0,0,0,0
4333,1,0,0,0,0
4334,1,0,0,0,0
4335,1,0,0,0,0
4336,1,0,0,0,0
4337,1,0,0,0,0
4338,1,0,0,0,0
4339,1,0,0,0,0
4340,1,0,0,0,0
4341,1,0,0,0,0
4342,1,0,0,0,0
4343,1,0,0,0,0
4344,1,0,0,0,0
4345,1,0,0,0,0
4346,1,0,0,0,0
4347,1,0,0,0,0
4348,1,0,0,0,0
4349,1,0,0,0,0
4350,1,0,0,0,0
4351,1,0,0,0,0
4352,1,0,0,0,0
4353,1,0,0,0,0
4354,1,0,0,0,0
4355,1,0,0,0,0
4356,1,0,0,0,0
4357,1,0,0,0,0
4358,1,0,0,0,0
4359,1,0,0,0,0
4360,1,0,0,0,0
4361,1,0,0,0,0
4362,1,0,0,0,0
4363,1,0,0,0,0
4364,1,0,0,0,0
4365,1,0,0,0,0
4366,1,0,0,0,0
4367,1,0,0,0,0
4368,1,0,0,0,0
4369,1,0,0,0,0
4370,1,0,0,0,0
4371,1,0,0,0,0
4372,1,0,0,0,0
4373,1,0,0,0,0
4374,1,0,0,0,0
4375,1,0,0,0,0
4376,1,0,0,0,0
4377,1,0,0,0,0
4378,1,0,0,0,0
4379,1,0,0,0,0
4380,1,0,0,0,0
4381,1,0,0,0,0
4382,1,0,0,0,0
4383,1,0,0,0,0
4384,1,0,0,0,0
4385,1,0,0,0,0
4386,1,0,0,0,0
4387,1,0,0,0,0
4388,1,0,0,0,0
4389,1,0,0,0,0
4390,1,0,0,0,0
4391,1,0,0,0,0
4392,1,0,0,0,0
4393,1,0,0,0,0
4394,1,0,0,0,0
4395,1,0,0,0,0
4396,1,0,0,0,0
4397,1,0,0,0,0
4398,1,0,0,0,0
4399,1,0,0,0,0
4400,1,0,0,0,0
4401,1,0,0,0,0
4402,1,0,0,0,0
4403,1,0,0,0,0
4404,1,0,0,0,0
4405,1,0,0,0,0
4406,1,0,0,0,0
4407,1,0,0,0,0
4408,1,0,0,0,0
4409,1,0,0,0,0
4410,1,0,0,0,0
4411,1,0,0,0,0
4412,1,0,0,0,0
4413,1,0,0,0,0
4414,1,0,0,0,0
4415,1,0,0,0,0
4416,1,0,0,0,0
4417,1,0,0,0,0
4418,1,0,0,0,0
4419,1,0,0,0,0
4420,0,1,0,0,0
4421,0,1,0,0,0
4422,0,1,0,0,0
4423,0,1,0,0,0
4424,0,1,0,0,0
4425,0,1,0,0,0
4426,0,1,0,0,0
4427,0,1,0,0,0
4428,0,1,0,0,0
4429,0,1,0,0,0
4430,0,1,0,0,0
4431,0,1,0,0,0
4432,0,1,0,0,0
4433,0,1,0,0,0
4434,0,1,0,0,0
4435,0,1,0,0,0
4436,0,1,0,0,0
4437,0,1,0,0,0
4438,0,1,0,0,0
4439,0,1,0,0,0
4440,0,1,0,0,0
4441,0,1,0,0,0
4442,0,1,0,0,0
4443,0,1,0,0,0
4444,0,1,0,0,0
4445,0,1,0,0,0
4446,0,1,0,0,0
4447,0,1,0,0,0
4448,0,1,0,0,0
4449,0,1,0,0,0
4450,0,1,0,0,0
4451,0,1,0,0,0
4452,0,1,0,0,0
4453,0,1,0,0,0
4454,0,1,0,0,0
4455,0,1,0,0,0
4456,0,1,0,0,0
4457,0,1,0,0,0
4458,0,1,0,0,0
4459,0,1,0,0,0
4460,1,0,0,0,0
4461,1,0,0,0,0
4462,1,0,0,0,0
4463,1,0,0,0,0
4464,1,0,0,0,0
4465,1,0,0,0,0
4466,1,0,0,0,0
4467,1,0,0,0,0
4468,1,0,0,0,0
4469,1,0,0,0,0
4470,1,0,0,0,0
4471,1,0,0,0,0
4472,1,0,0,0,0
4473,1,0,0,0,0
4474,1,0,0,0,0
4475,1,0,0,0,0
4476,1,0,0,0,0
4477,1,0,0,0,0
4478,1,0,0,0,0
4479,1,0,0,0,0
4480,1,0,0,0,0
4481,1,0,0,0,0
4482,1,0,0,0,0
4483,1,0,0,0,0
4484,1,0,0,0,0
4485,1,0,0,0,0
4486,1,0,0,0,0
4487,1,0,0,0,0
4488,1,0,0,0,0
4489,1,0,0,0,0
4490,1,0,0,0,0
4491,1,0,0,0,0
4492,1,0,0,0,0
4493,1,0,0,0,0
4494,1,0,0,0,0
4495,1,0,0,0,0
4496,1,0,0,0,0
4497,1,0,0,0,0
4498,1,0,0,0,0
4499,1,0,0,0,0
4500,1,0,0,0,0
4501,0,0,0,0,1
4502,0,0,0,0,1
4503,0,0,0,0,1
4504,0,0,0,0,1
4505,0,0,0,0,1
4506,0,0,0,0,1
4507,0,0,0,0,1
4508,0,0,0,0,1
4509,0,0,0,0,1
4510,0,0,0,0,1
4511,0,0,0,0,1
4512,0,0,0,0,1
4513,0,0,0,0,1
4514,0,0,0,0,1
4515,0,0,0,0,1
4516,0,0,0,0,1
4517,0,0,0,0,1
4518,0,0,0,0,1
4519,0,0,0,0,1
4520,0,0,0,0,1
4521,0,0,0,0,1
4522,0,0,0,0,1
4523,1,0,0,0,0
4524,1,0,0,0,0
4525,1,0,0,0,0
4526,1,0,0,0,0
4527,1,0,0,0,0
4528,1,0,0,0,0
4529,1,0,0,0,0
4530,1,0,0,0,0
4531,1,0,0,0,0
4532,1,0,0,0,0
4533,1,0,0,0,0
4534,1,0,0,0,0
4535,1,0,0,0,0
4536,1,0,0,0,0
4537,1,0,0,0,0
4538,1,0,0,0,0
4539,1,0,0,0,0
4540,1,0,0,0,0
4541,1,0,0,0,0
4542,1,0,0,0,0
4543,1,0,0,0,0
4544,1,0,0,0,0
4545,1,0,0,0,0
4546,1,0,0,0,0
4547,1,0,0,0,0
4548,1,0,0,0,0
4549,1,0,0,0,0
4550,1,0,0,0,0
4551,1,0,0,0,0
4552,1,0,0,0,0
4553,1,0,0,0,0
4554,1,0,0,0,0
4555,1,0,0,0,0
4556,1,0,0,0,0
4557,0,0,0,0,1
4558,0,0,0,0,1
4559,0,0,0,0,1
4560,0,0,0,0,1
4561,0,0,0,0,1
4562,0,0,0,0,1
4563,0,0,0,0,1
4564,0,0,0,0,1
4565,0,0,0,0,1
4566,0,0,0,0,1
4567,0,0,0,0,1
4568,0,0,0,0,1
4569,0,0,0,0,1
4570,0,0,0,0,1
4571,0,0,0,0,1
4572,0,0,0,0,1
4573,0,0,0,0,1
4574,0,0,0,0,1
4575,0,0,0,0,1
4576,0,0,0,0,1
4577,0,0,0,0,1
4578,0,0,0,0,1
4579,0,0,0,0,1
4580,0,0,0,0,1
4581,0,0,0,0,1
4582,0,0,0,0,1
4583,0,0,0,0,1
4584,0,0,0,0,1
4585,0,0,0,0,1
4586,0,0,0,0,1
4587,0,0,0,0,1
4588,0,0,0,0,1
4589,0,0,0,0,1
4590,0,0,0,0,1
4591,0,0,0,0,1
4592,0,0,0,0,1
4593,0,0,0,0,1
4594,0,0,0,0,1
4595,0,0,0,0,1
4596,0,0,0,0,1
4597,0,0,0,0,1
4598,0,0,0,0,1
4599,0,0,0,0,1
4600,0,0,0,0,1
4601,0,0,0,0,1
4602,0,0,0,0,1
4603,0,0,0,0,1
4604,0,0,0,0,1
4605,0,0,0,0,1
4606,0,0,0,0,1
4607,0,0,0,0,1
4608,0,0,0,0,1
4609,0,0,0,0,1
4610,0,0,0,0,1
4611,0,0,0,0,1
4612,0,0,0,0,1
4613,0,0,0,0,1
4614,0,0,0,0,1
4615,0,0,0,0,1
4616,0,0,0,0,1
4617,0,0,0,0,1
4618,0,0,0,0,1
4619,0,0,0,0,1
4620,0,0,0,0,1
4621,0,0,0,0,1
4622,0,0,0,0,1
4623,0,0,0,0,1
4624,0,0,0,0,1
4625,0,0,0,0,1
4626,0,0,0,0,1
4627,0,0,0,0,1
4628,0,0,0,0,1
4629,0,0,0,0,1
4630,0,0,0,0,1
4631,0,0,0,0,1
4632,0,0,0,0,1
4633,0,0,0,0,1
4634,0,0,0,0,1
4635,0,0,0,0,1
4636,0,0,0,0,1
4637,0,0,0,0,1
4638,0,0,0,0,1
4639,0,0,0,0,1
4640,0,0,0,0,1
4641,0,0,0,0,1
4642,0,0,0,0,1
4643,0,0,0,0,1
4644,0,0,0,0,1
4645,0,0,0,0,1
4646,0,0,0,0,1
4647,0,0,0,0,1
4648,0,0,0,0,1
4649,0,0,0,0,1
4650,0,0,0,0,1
4651,0,0,0,0,1
4652,0,0,0,0,1
4653,0,0,0,0,1
4654,0,0,0,0,1
4655,0,0,0,0,1
4656,0,0,0,0,1
4657,0,0,0,0,1
4658,0,0,0,0,1
4659,0,0,0,0,1
4660,0,0,0,0,1
4661,0,0,0,0,1
4662,0,0,0,0,1
4663,0,0,0,0,1
4664,0,0,0,0,1
4665,0,0,0,0,1
4666,0,0,0,0,1
4667,0,0,0,0,1
4668,0,0,0,0,1
4669,0,0,0,0,1
4670,0,0,0,0,1
4671,0,0,0,0,1
4672,0,0,0,0,1
4673,0,0,0,0,1
4674,0,0,0,0,1
4675,0,0,0,0,1
4676,0,0,0,0,1
4677,0,0,0,0,1
4678,0,0,0,0,1
4679,0,0,0,0,1
4680,0,0,0,0,1
4681,0,0,0,0,1
4682,0,0,0,0,1
4683,0,0,0,0,1
4684,0,0,0,0,1
4685,0,0,0,0,1
4686,0,0,0,0,1
4687,0,0,0,0,1
4688,0,0,0,0,1
4689,0,0,0,0,1
4690,0,0,0,0,1
4691,0,0,0,0,1
4692,0,0,0,0,1
4693,0,0,0,0,1
4694,0,0,0,0,1
4695,0,0,0,0,1
4696,0,0,0,0,1
4697,0,0,0,0,1
4698,0,0,0,0,1
4699,0,0,0,0,1
4700,0,0,0,0,1
4701,0,0,0,0,1
4702,0,0,0,0,1
4703,0,0,0,0,1
4704,0,0,0,0,1
4705,0,0,0,0,1
4706,0,0,0,0,1
4707,0,0,0,0,1
4708,0,0,0,0,1
4709,0,0,0,0,1
4710,0,0,0,0,1
4711,0,0,0,0,1
4712,0,0,0,0,1
4713,0,0,0,0,1
4714,0,0,0,0,1
4715,0,0,0,0,1
4716,0,0,0,0,1
4717,0,0,0,0,1
4718,0,0,0,0,1
4719,0,0,0,0,1
4720,0,0,0,0,1
4721,0,0,0,0,1
4722,0,0,0,0,1
4723,0,0,0,0,1
4724,0,0,0,0,1
4725,0,0,0,0,1
4726,0,0,0,0,1
4727,0,0,0,0,1
4728,0,0,0,0,1
4729,0,0,0,0,1
4730,0,0,0,0,1
4731,0,0,0,0,1
4732,0,0,0,0,1
4733,0,0,0,0,1
4734,0,0,0,0,1
4735,0,0,0,0,1
4736,0,0,0,0,1
4737,0,0,0,0,1
4738,0,0,0,0,1
4739,0,0,0,0,1
4740,0,0,0,0,1
4741,0,0,0,0,1
4742,0,0,0,0,1
4743,0,0,0,0,1
4744,0,0,0,0,1
4745,0,0,0,0,1
4746,0,0,0,0,1
4747,0,0,0,0,1
4748,0,0,0,0,1
4749,0,0,0,0,1
4750,0,0,0,0,1
4751,0,0,0,0,1
4752,0,0,0,0,1
4753,0,0,0,0,1
4754,0,0,0,0,1
4755,0,0,0,0,1
4756,0,0,0,0,1
4757,0,0,0,0,1
4758,0,0,0,0,1
4759,0,0,0,0,1
4760,0,0,0,0,1
4761,0,0,0,0,1
4762,0,0,0,0,1
4763,0,0,0,0,1
4764,0,0,0,0,1
4765,0,0,0,0,1
4766,0,0,0,0,1
4767,0,0,0,0,1
4768,0,0,0,0,1
4769,0,0,0,0,1
4770,0,0,0,0,1
4771,0,0,0,0,1
4772,0,0,0,0,1
4773,0,0,0,0,1
4774,0,0,0,0,1
4775,0,0,0,0,1
4776,0,0,0,0,1
4777,0,0,0,0,1
4778,0,0,0,0,1
4779,0,0,0,0,1
4780,0,0,0,0,1
4781,0,0,0,0,1
4782,0,0,0,0,1
4783,0,0,0,0,1
4784,0,0,0,0,1
4785,0,0,0,0,1
4786,0,0,0,0,1
4787,0,0,0,0,1
4788,0,0,0,0,1
4789,0,0,0,0,1
4790,0,0,0,0,1
4791,0,0,0,0,1
4792,0,0,0,0,1
4793,0,0,0,0,1
4794,0,0,0,0,1
4795,0,0,0,0,1
4796,0,0,0,0,1
4797,0,0,0,0,1
4798,0,0,0,0,1
4799,0,0,0,0,1
4800,0,0,0,0,1
4801,0,0,0,0,1
4802,0,0,0,0,1
4803,0,0,0,0,1
4804,0,0,0,0,1
4805,0,0,0,0,1
4806,0,0,0,0,1
4807,0,0,0,0,1
4808,0,0,0,0,1
4809,0,0,0,0,1
4810,0,0,0,0,1
4811,0,0,0,0,1
4812,0,0,0,0,1
4813,0,0,0,0,1
4814,0,0,0,0,1
4815,0,0,0,0,1
4816,0,0,0,0,1
4817,0,0,0,0,1
4818,0,0,0,0,1
4819,0,0,0,0,1
4820,0,0,0,0,1
4821,0,0,0,0,1
4822,0,0,0,0,1
4823,0,0,0,0,1
4824,0,0,0,0,1
4825,0,0,0,0,1
4826,0,0,0,0,1
4827,0,0,0,0,1
4828,0,0,0,0,1
4829,0,0,0,0,1
4830,0,0,0,0,1
4831,0,0,0,0,1
4832,0,0,0,0,1
4833,0,0,0,0,1
4834,0,0,0,0,1
4835,0,0,0,0,1
4836,0,0,0,0,1
4837,0,0,0,0,1
4838,0,0,0,0,1
4839,0,0,0,0,1
4840,0,0,0,0,1
4841,0,0,0,0,1
4842,0,0,0,0,1
4843,0,0,0,0,1
4844,0,0,0,0,1
4845,0,0,0,0,1
4846,0,0,0,0,1
4847,0,0,0,0,1
4848,0,0,0,0,1
4849,0,0,0,0,1
4850,0,0,0,0,1
4851,0,0,0,0,1
4852,0,0,0,0,1
4853,0,0,0,0,1
4854,0,0,0,0,1
4855,0,0,0,0,1
4856,0,0,0,0,1
4857,0,0,0,0,1
4858,0,0,0,0,1
4859,0,0,0,0,1
4860,0,0,0,0,1
4861,0,0,0,0,1
4862,0,0,0,0,1
4863,0,0,0,0,1
4864,0,0,0,0,1
4865,0,0,0,0,1
4866,0,0,0,0,1
4867,0,0,0,0,1
4868,0,0,0,0,1
4869,0,0,0,0,1
4870,0,0,0,0,1
4871,0,0,0,0,1
4872,0,0,0,0,1
4873,0,0,0,0,1
4874,0,0,0,0,1
4875,0,0,0,0,1
4876,0,0,0,0,1
4877,0,0,0,0,1
4878,0,0,0,0,1
4879,0,0,0,0,1
4880,0,0,0,0,1
4881,0,0,0,0,1
4882,0,0,0,0,1
4883,0,0,0,0,1
4884,0,0,0,0,1
4885,0,0,0,0,1
4886,0,0,0,0,1
4887,0,0,0,0,1
4888,0,0,0,0,1
4889,0,0,0,0,1
4890,0,0,0,0,1
4891,0,0,0,0,1
4892,0,0,0,0,1
4893,0,0,0,0,1
4894,0,0,0,0,1
4895,0,0,0,0,1
4896,0,0,0,0,1
4897,0,0,0,0,1
4898,0,0,0,0,1
4899,0,0,0,0,1
4900,0,0,0,0,1
4901,0,0,0,0,1
4902,0,0,0,0,1
4903,0,0,0,0,1
4904,0,0,0,0,1
4905,0,0,0,0,1
4906,0,0,0,0,1
4907,0,0,0,0,1
4908,0,0,0,0,1
4909,0,0,0,0,1
4910,0,0,0,0,1
4911,0,0,0,0,1
4912,0,0,0,0,1
4913,0,0,0,0,1
4914,0,0,0,0,1
4915,0,0,0,0,1
4916,0,0,0,0,1
4917,0,0,0,0,1
4918,0,0,0,0,1
4919,0,0,0,0,1
4920,0,0,0,0,1
4921,0,0,0,0,1
4922,0,0,0,0,1
4923,0,0,0,0,1
4924,0,0,0,0,1
4925,0,0,0,0,1
4926,0,0,0,0,1
4927,0,0,0,0,1
4928,0,0,0,0,1
4929,0,0,0,0,1
4930,0,0,0,0,1
4931,0,0,0,0,1
4932,0,0,0,0,1
4933,0,0,0,0,1
4934,0,0,0,0,1
4935,0,0,0,0,1
4936,0,0,0,0,1
4937,0,0,0,0,1
4938,0,0,0,0,1
4939,0,0,0,0,1
4940,0,0,0,0,1
4941,0,0,0,0,1
4942,0,0,0,0,1
4943,0,0,0,0,1
4944,0,0,0,0,1
4945,0,0,0,0,1
4946,0,0,0,0,1
4947,0,0,0,0,1
4948,0,0,0,0,1
4949,0,0,0,0,1
4950,0,0,0,0,1
4951,0,0,0,0,1
4952,0,0,0,0,1
4953,0,0,0,0,1
4954,0,0,0,0,1
4955,0,0,0,0,1
4956,0,0,0,0,1
4957,0,0,0,0,1
4958,0,0,0,0,1
4959,0,0,0,0,1
4960,0,0,0,0,1
4961,0,0,0,0,1
4962,0,0,0,0,1
4963,0,0,0,0,1
4964,0,0,0,0,1
4965,0,0,0,0,1
4966,0,0,0,0,1
4967,0,0,0,0,1
4968,0,0,0,0,1
4969,0,0,0,0,1
4970,0,0,0,0,1
4971,0,0,0,0,1
4972,0,0,0,0,1
4973,0,0,0,0,1
4974,0,0,0,0,1
4975,0,0,0,0,1
4976,0,0,0,0,1
4977,0,0,0,0,1
4978,0,0,0,0,1
4979,0,0,0,0,1
4980,0,0,0,0,1
4981,0,0,0,0,1
4982,0,0,0,0,1
4983,0,0,0,0,1
4984,0,0,0,0,1
4985,0,0,0,0,1
4986,0,0,0,0,1
4987,0,0,0,0,1
4988,0,0,0,0,1
4989,0,0,0,0,1
4990,0,0,0,0,1
4991,0,0,0,0,1
4992,0,0,0,0,1
4993,0,0,0,0,1
4994,0,0,0,0,1
4995,0,0,0,0,1
4996,0,0,0,0,1
4997,0,0,0,0,1
4998,0,0,0,0,1
4999,0,0,0,0,1
5000,0,0,0,0,1
5001,0,0,0,0,1
5002,0,0,0,0,1
5003,0,0,0,0,1
5004,0,0,0,0,1
5005,0,0,0,0,1
5006,0,0,0,0,1
5007,0,0,0,0,1
5008,0,0,0,0,1
5009,0,0,0,0,1
5010,0,0,0,0,1
5011,0,0,0,0,1
5012,0,0,0,0,1
5013,0,0,0,0,1
5014,0,0,0,0,1
5015,0,0,0,0,1
5016,0,0,0,0,1
5017,0,0,0,0,1
5018,0,0,0,0,1
5019,0,0,0,0,1
5020,0,0,0,0,1
5021,0,0,0,0,1
5022,0,0,0,0,1
5023,0,0,0,0,1
5024,0,0,0,0,1
5025,0,0,0,0,1
5026,0,0,0,0,1
5027,0,0,0,0,1
5028,0,0,0,0,1
5029,0,0,0,0,1
5030,0,0,0,0,1
5031,1,0,0,0,0
5032,1,0,0,0,0
5033,1,0,0,0,0
5034,1,0,0,0,0
5035,1,0,0,0,0
5036,1,0,0,0,0
5037,1,0,0,0,0
5038,1,0,0,0,0
5039,1,0,0,0,0
5040,1,0,0,0,0
5041,1,0,0,0,0
5042,1,0,0,0,0
5043,1,0,0,0,0
5044,1,0,0,0,0
5045,1,0,0,0,0
5046,1,0,0,0,0
5047,1,0,0,0,0
5048,1,0,0,0,0
5049,1,0,0,0,0
5050,1,0,0,0,0
5051,1,0,0,0,0
5052,1,0,0,0,0
5053,1,0,0,0,0
5054,1,0,0,0,0
5055,1,0,0,0,0
5056,1,0,0,0,0
5057,1,0,0,0,0
5058,1,0,0,0,0
5059,1,0,0,0,0
5060,1,0,0,0,0
5061,1,0,0,0,0
5062,1,0,0,0,0
5063,1,0,0,0,0
5064,1,0,0,0,0
5065,1,0,0,0,0
5066,1,0,0,0,0
5067,1,0,0,0,0
5068,1,0,0,0,0
5069,1,0,0,0,0
5070,1,0,0,0,0
5071,1,0,0,0,0
5072,1,0,0,0,0
5073,1,0,0,0,0
5074,1,0,0,0,0
5075,1,0,0,0,0
5076,1,0,0,0,0
5077,1,0,0,0,0
5078,1,0,0,0,0
5079,1,0,0,0,0
5080,1,0,0,0,0
5081,1,0,0,0,0
5082,1,0,0,0,0
5083,1,0,0,0,0
5084,1,0,0,0,0
5085,1,0,0,0,0
5086,1,0,0,0,0
5087,1,0,0,0,0
5088,0,1,0,0,0
5089,0,1,0,0,0
5090,0,1,0,0,0
5091,0,1,0,0,0
5092,0,1,0,0,0
5093,0,1,0,0,0
5094,0,1,0,0,0
5095,0,1,0,0,0
5096,0,1,0,0,0
5097,0,1,0,0,0
5098,0,1,0,0,0
5099,0,1,0,0,0
5100,0,1,0,0,0
5101,0,1,0,0,0
5102,0,1,0,0,0
5103,0,1,0,0,0
5104,0,1,0,0,0
5105,0,1,0,0,0
5106,0,1,0,0,0
5107,0,1,0,0,0
5108,0,1,0,0,0
5109,0,1,0,0,0
5110,0,1,0,0,0
5111,0,1,0,0,0
5112,0,1,0,0,0
5113,0,1,0,0,0
5114,0,1,0,0,0
5115,0,1,0,0,0
5116,0,1,0,0,0
5117,0,1,0,0,0
5118,0,1,0,0,0
5119,0,1,0,0,0
5120,0,1,0,0,0
5121,0,1,0,0,0
5122,1,0,0,0,0
5123,1,0,0,0,0
5124,1,0,0,0,0
5125,1,0,0,0,0
5126,1,0,0,0,0
5127,1,0,0,0,0
5128,1,0,0,0,0
5129,1,0,0,0,0
5130,1,0,0,0,0
5131,1,0,0,0,0
5132,1,0,0,0,0
5133,1,0,0,0,0
5134,1,0,0,0,0
5135,1,0,0,0,0
5136,1,0,0,0,0
5137,1,0,0,0,0
5138,1,0,0,0,0
5139,1,0,0,0,0
5140,1,0,0,0,0
5141,1,0,0,0,0
5142,1,0,0,0,0
5143,1,0,0,0,0
5144,1,0,0,0,0
5145,1,0,0,0,0
5146,1,0,0,0,0
5147,1,0,0,0,0
5148,1,0,0,0,0
5149,1,0,0,0,0
5150,1,0,0,0,0
5151,1,0,0,0,0
5152,1,0,0,0,0
5153,1,0,0,0,0
5154,1,0,0,0,0
5155,1,0,0,0,0
5156,1,0,0,0,0
5157,1,0,0,0,0
5158,1,0,0,0,0
5159,1,0,0,0,0
5160,1,0,0,0,0
5161,1,0,0,0,0
5162,1,0,0,0,0
5163,1,0,0,0,0
5164,1,0,0,0,0
5165,1,0,0,0,0
5166,1,0,0,0,0
5167,1,0,0,0,0
5168,1,0,0,0,0
5169,1,0,0,0,0
5170,1,0,0,0,0
5171,1,0,0,0,0
5172,1,0,0,0,0
5173,1,0,0,0,0
5174,1,0,0,0,0
5175,1,0,0,0,0
5176,1,0,0,0,0
5177,1,0,0,0,0
5178,1,0,0,0,0
5179,1,0,0,0,0
5180,1,0,0,0,0
5181,1,0,0,0,0
5182,1,0,0,0,0
5183,1,0,0,0,0
5184,1,0,0,0,0
5185,1,0,0,0,0
5186,1,0,0,0,0
5187,1,0,0,0,0
5188,1,0,0,0,0
5189,1,0,0,0,0
5190,1,0,0,0,0
5191,1,0,0,0,0
5192,1,0,0,0,0
5193,1,0,0,0,0
5194,1,0,0,0,0
5195,1,0,0,0,0
5196,1,0,0,0,0
5197,1,0,0,0,0
5198,1,0,0,0,0
5199,1,0,0,0,0
5200,1,0,0,0,0
5201,1,0,0,0,0
5202,1,0,0,0,0
5203,1,0,0,0,0
5204,1,0,0,0,0
5205,1,0,0,0,0
5206,1,0,0,0,0
5207,1,0,0,0,0
5208,1,0,0,0,0
5209,1,0,0,0,0
5210,1,0,0,0,0
5211,1,0,0,0,0
5212,1,0,0,0,0
5213,1,0,0,0,0
5214,1,0,0,0,0
5215,1,0,0,0,0
5216,1,0,0,0,0
5217,1,0,0,0,0
5218,1,0,0,0,0
5219,1,0,0,0,0
5220,1,0,0,0,0
5221,1,0,0,0,0
5222,1,0,0,0,0
5223,1,0,0,0,0
5224,1,0,0,0,0
5225,1,0,0,0,0
5226,1,0,0,0,0
5227,1,0,0,0,0
5228,1,0,0,0,0
5229,1,0,0,0,0
5230,1,0,0,0,0
5231,1,0,0,0,0
5232,1,0,0,0,0
5233,1,0,0,0,0
5234,1,0,0,0,0
5235,1,0,0,0,0
5236,1,0,0,0,0
5237,1,0,0,0,0
5238,1,0,0,0,0
5239,1,0,0,0,0
5240,1,0,0,0,0
5241,1,0,0,0,0
5242,1,0,0,0,0
5243,1,0,0,0,0
5244,1,0,0,0,0
5245,1,0,0,0,0
5246,1,0,0,0,0
5247,1,0,0,0,0
5248,1,0,0,0,0
5249,1,0,0,0,0
5250,1,0,0,0,0
5251,1,0,0,0,0
5252,1,0,0,0,0
5253,1,0,0,0,0
5254,1,0,0,0,0
5255,1,0,0,0,0
5256,1,0,0,0,0
5257,1,0,0,0,0
5258,1,0,0,0,0
5259,1,0,0,0,0
5260,1,0,0,0,0
5261,1,0,0,0,0
5262,1,0,0,0,0
5263,1,0,0,0,0
5264,1,0,0,0,0
5265,1,0,0,0,0
5266,1,0,0,0,0
5267,1,0,0,0,0
5268,1,0,0,0,0
5269,1,0,0,0,0
5270,1,0,0,0,0
5271,1,0,0,0,0
5272,1,0,0,0,0
5273,1,0,0,0,0
5274,1,0,0,0,0
5275,1,0,0,0,0
5276,1,0,0,0,0
5277,1,0,0,0,0
5278,1,0,0,0,0
5279,1,0,0,0,0
5280,1,0,0,0,0
5281,1,0,0,0,0
5282,1,0,0,0,0
5283,1,0,0,0,0
5284,1,0,0,0,0
5285,1,0,0,0,0
5286,1,0,0,0,0
5287,1,0,0,0,0
5288,1,0,0,0,0
5289,1,0,0,0,0
5290,0,0,0,0,1
5291,0,0,0,0,1
5292,0,0,0,0,1
5293,0,0,0,0,1
5294,0,0,0,0,1
5295,0,0,0,0,1
5296,0,0,0,0,1
5297,0,0,0,0,1
5298,0,0,0,0,1
5299,0,0,0,0,1
5300,0,0,0,0,1
5301,0,0,0,0,1
5302,0,0,0,0,1
5303,0,0,0,0,1
5304,0,0,0,0,1
5305,1,0,0,0,0
5306,1,0,0,0,0
5307,1,0,0,0,0
5308,1,0,0,0,0
5309,1,0,0,0,0
5310,1,0,0,0,0
5311,1,0,0,0,0
5312,1,0,0,0,0
5313,1,0,0,0,0
5314,1,0,0,0,0
5315,1,0,0,0,0
5316,1,0,0,0,0
5317,1,0,0,0,0
5318,1,0,0,0,0
5319,1,0,0,0,0
5320,1,0,0,0,0
5321,1,0,0,0,0
5322,1,0,0,0,0
5323,1,0,0,0,0
5324,1,0,0,0,0
5325,1,0,0,0,0
5326,1,0,0,0,0
5327,1,0,0,0,0
5328,1,0,0,0,0
5329,1,0,0,0,0
5330,1,0,0,0,0
5331,1,0,0,0,0
5332,1,0,0,0,0
5333,1,0,0,0,0
5334,1,0,0,0,0
5335,1,0,0,0,0
5336,1,0,0,0,0
5337,1,0,0,0,0
5338,1,0,0,0,0
5339,1,0,0,0,0
5340,1,0,0,0,0
5341,1,0,0,0,0
5342,0,0,0,0,1
5343,0,0,0,0,1
5344,0,0,0,0,1
5345,0,0,0,0,1
5346,0,0,0,0,1
5347,0,0,0,0,1
5348,0,0,0,0,1
5349,0,0,0,0,1
5350,0,0,0,0,1
5351,0,0,0,0,1
5352,0,0,0,0,1
5353,0,0,0,0,1
5354,0,0,0,0,1
5355,0,0,0,0,1
5356,0,0,0,0,1
5357,0,0,0,0,1
5358,0,0,0,0,1
5359,0,0,0,0,1
5360,0,0,0,0,1
5361,0,0,0,0,1
5362,0,0,0,0,1
5363,0,0,0,0,1
5364,0,0,0,0,1
5365,0,0,0,0,1
5366,0,0,0,0,1
5367,0,0,0,0,1
5368,0,0,0,0,1
5369,0,0,0,0,1
5370,0,0,0,0,1
5371,0,0,0,0,1
5372,0,0,0,0,1
5373,0,0,0,0,1
5374,0,0,0,0,1
5375,0,0,0,0,1
5376,0,0,0,0,1
5377,0,0,0,0,1
5378,0,0,0,0,1
5379,0,0,0,0,1
5380,0,0,0,0,1
5381,0,0,0,0,1
5382,0,0,0,0,1
5383,0,0,0,0,1
5384,0,0,0,0,1
5385,0,0,0,0,1
5386,0,0,0,0,1
5387,0,0,0,0,1
5388,0,0,0,0,1
5389,0,0,0,0,1
5390,0,0,0,0,1
5391,0,0,0,0,1
5392,0,0,0,0,1
5393,0,0,0,0,1
5394,0,0,0,0,1
5395,0,0,0,0,1
5396,0,0,0,0,1
5397,0,0,0,0,1
5398,0,0,0,0,1
5399,0,0,0,0,1
5400,0,0,0,0,1
5401,0,0,0,0,1
5402,0,0,0,0,1
5403,0,0,0,0,1
5404,0,0,0,0,1
5405,0,0,0,0,1
5406,0,0,0,0,1
5407,0,0,0,0,1
5408,0,0,0,0,1
5409,0,0,0,0,1
5410,0,0,0,0,1
5411,0,0,0,0,1
5412,0,0,0,0,1
5413,0,0,0,0,1
5414,0,0,0,0,1
5415,0,0,0,0,1
5416,0,0,0,0,1
5417,0,0,0,0,1
5418,0,0,0,0,1
5419,0,0,0,0,1
5420,0,0,0,0,1
5421,0,0,0,0,1
5422,0,0,0,0,1
5423,0,0,0,0,1
5424,0,0,0,0,1
5425,0,0,0,0,1
5426,0,0,0,0,1
5427,0,0,0,0,1
5428,0,0,0,0,1
5429,0,0,0,0,1
5430,0,0,0,0,1
5431,0,0,0,0,1
5432,0,0,0,0,1
5433,0,0,0,0,1
5434,1,0,0,0,0
5435,1,0,0,0,0
5436,1,0,0,0,0
5437,1,0,0,0,0
5438,1,0,0,0,0
5439,1,0,0,0,0
5440,1,0,0,0,0
5441,1,0,0,0,0
5442,1,0,0,0,0
5443,1,0,0,0,0
5444,1,0,0,0,0
5445,1,0,0,0,0
5446,1,0,0,0,0
5447,1,0,0,0,0
5448,1,0,0,0,0
5449,1,0,0,0,0
5450,1,0,0,0,0
5451,1,0,0,0,0
5452,1,0,0,0,0
5453,1,0,0,0,0
5454,1,0,0,0,0
5455,1,0,0,0,0
5456,1,0,0,0,0
5457,1,0,0,0,0
5458,1,0,0,0,0
5459,1,0,0,0,0
5460,1,0,0,0,0
5461,1,0,0,0,0
5462,1,0,0,0,0
5463,1,0,0,0,0
5464,1,0,0,0,0
5465,1,0,0,0,0
5466,1,0,0,0,0
5467,1,0,0,0,0
5468,1,0,0,0,0
5469,1,0,0,0,0
5470,1,0,0,0,0
5471,1,0,0,0,0
5472,1,0,0,0,0
5473,1,0,0,0,0
5474,1,0,0,0,0
5475,1,0,0,0,0
5476,1,0,0,0,0
5477,1,0,0,0,0
5478,1,0,0,0,0
5479,1,0,0,0,0
5480,1,0,0,0,0
5481,1,0,0,0,0
5482,1,0,0,0,0
5483,1,0,0,0,0
5484,1,0,0,0,0
5485,1,0,0,0,0
5486,0,0,0,0,1
5487,0,0,0,0,1
5488,0,0,0,0,1
5489,0,0,0,0,1
5490,0,0,0,0,1
5491,0,0,0,0,1
5492,0,0,0,0,1
5493,0,0,0,0,1
5494,0,0,0,0,1
5495,0,0,0,0,1
5496,0,0,0,0,1
5497,0,0,0,0,1
5498,0,0,0,0,1
5499,0,0,0,0,1
5500,0,0,0,0,1
5501,0,0,0,0,1
5502,0,0,0,0,1
5503,0,0,0,0,1
5504,0,0,0,0,1
5505,0,0,0,0,1
5506,0,0,0,0,1
5507,0,0,0,0,1
5508,0,0,0,0,1
5509,0,0,0,0,1
5510,0,0,0,0,1
5511,0,0,0,0,1
5512,0,0,0,0,1
5513,0,0,0,0,1
5514,0,0,0,0,1
5515,0,0,0,0,1
5516,0,0,0,0,1
5517,0,0,0,0,1
5518,0,0,0,0,1
5519,0,0,0,0,1
5520,0,0,0,0,1
5521,0,0,0,0,1
5522,0,0,0,0,1
5523,0,0,0,0,1
5524,0,0,0,0,1
5525,0,0,0,0,1
5526,0,0,0,0,1
5527,0,0,0,0,1
5528,0,0,0,0,1
5529,0,0,0,0,1
5530,0,0,0,0,1
5531,0,0,0,0,1
5532,0,0,0,0,1
5533,0,0,0,0,1
5534,0,0,0,0,1
5535,0,0,0,0,1
5536,0,0,0,0,1
5537,0,0,0,0,1
5538,0,0,0,0,1
5539,0,0,0,0,1
5540,0,0,0,0,1
5541,0,0,0,0,1
5542,0,0,0,0,1
5543,0,0,0,0,1
5544,0,0,0,0,1
5545,0,0,0,0,1
5546,0,0,0,0,1
5547,0,0,0,0,1
5548,0,0,0,0,1
5549,0,0,0,0,1
5550,0,0,0,0,1
5551,0,0,0,0,1
5552,0,0,0,0,1
5553,0,0,0,0,1
5554,0,0,0,0,1
5555,0,0,0,0,1
5556,0,0,0,0,1
5557,0,0,0,0,1
5558,0,0,0,0,1
5559,0,0,0,0,1
5560,0,0,0,0,1
5561,0,0,0,0,1
5562,0,0,0,0,1
5563,0,0,0,0,1
5564,0,0,0,0,1
5565,0,0,0,0,1
5566,0,0,0,0,1
5567,0,0,0,0,1
5568,0,0,0,0,1
5569,0,0,0,0,1
5570,0,0,0,0,1
5571,0,0,0,0,1
5572,0,0,0,0,1
5573,0,0,0,0,1
5574,0,0,0,0,1
5575,0,0,0,0,1
5576,0,0,0,0,1
5577,0,0,0,0,1
5578,0,0,0,0,1
5579,0,0,0,0,1
5580,0,0,0,0,1
5581,0,0,0,0,1
5582,0,0,0,0,1
5583,0,0,0,0,1
5584,0,0,0,0,1
5585,0,0,0,0,1
5586,0,0,0,0,1
5587,0,0,0,0,1
5588,0,0,0,0,1
5589,0,0,0,0,1
5590,0,0,0,0,1
5591,0,0,0,0,1
5592,0,0,0,0,1
5593,0,0,0,0,1
5594,0,0,0,0,1
5595,0,0,0,0,1
5596,0,0,0,0,1
5597,0,0,0,0,1
5598,0,0,0,0,1
5599,0,0,0,0,1
5600,0,0,0,0,1
5601,0,0,0,0,1
5602,0,0,0,0,1
5603,0,0,0,0,1
5604,0,0,0,0,1
5605,0,0,0,0,1
5606,0,0,0,0,1
5607,0,0,0,0,1
5608,0,0,0,0,1
5609,0,0,0,0,1
5610,0,0,0,0,1
5611,0,0,0,0,1
5612,0,0,0,0,1
5613,0,0,0,0,1
5614,0,0,0,0,1
5615,0,0,0,0,1
5616,0,0,0,0,1
5617,0,0,0,0,1
5618,0,0,0,0,1
5619,0,0,0,0,1
5620,0,0,0,0,1
5621,0,0,0,0,1
5622,0,0,0,0,1
5623,0,0,0,0,1
5624,0,0,0,0,1
5625,0,0,0,0,1
5626,0,0,0,0,1
5627,0,0,0,0,1
5628,0,0,0,0,1
5629,0,0,0,0,1
5630,0,0,0,0,1
5631,0,0,0,0,1
5632,0,0,0,0,1
5633,0,0,0,0,1
5634,0,0,0,0,1
5635,0,0,0,0,1
5636,0,0,0,0,1
5637,0,0,0,0,1
5638,0,0,0,0,1
5639,0,0,0,0,1
5640,0,0,0,0,1
5641,0,0,0,0,1
5642,0,0,0,0,1
5643,0,0,0,0,1
5644,0,0,0,0,1
5645,0,0,0,0,1
5646,0,0,0,0,1
5647,0,0,0,0,1
5648,0,0,0,0,1
5649,0,0,0,0,1
5650,0,0,0,0,1
5651,0,0,0,0,1
5652,0,0,0,0,1
5653,0,0,0,0,1
5654,0,0,0,0,1
5655,0,0,0,0,1
5656,0,0,0,0,1
5657,0,0,0,0,1
5658,0,0,0,0,1
5659,0,0,0,0,1
5660,0,0,0,0,1
5661,0,0,0,0,1
5662,0,0,0,0,1
5663,0,0,0,0,1
5664,0,0,0,0,1
5665,0,0,0,0,1
5666,0,0,0,0,1
5667,0,0,0,0,1
5668,0,0,0,0,1
5669,0,0,0,0,1
5670,0,0,0,0,1
5671,0,0,0,0,1
5672,0,0,0,0,1
5673,0,0,0,0,1
5674,0,0,0,0,1
5675,0,0,0,0,1
5676,0,0,0,0,1
5677,1,0,0,0,0
5678,1,0,0,0,0
5679,1,0,0,0,0
5680,1,0,0,0,0
5681,1,0,0,0,0
5682,1,0,0,0,0
5683,1,0,0,0,0
5684,1,0,0,0,0
5685,1,0,0,0,0
5686,1,0,0,0,0
5687,1,0,0,0,0
5688,1,0,0,0,0
5689,1,0,0,0,0
5690,1,0,0,0,0
5691,1,0,0,0,0
5692,1,0,0,0,0
5693,1,0,0,0,0
5694,1,0,0,0,0
5695,1,0,0,0,0
5696,1,0,0,0,0
5697,1,0,0,0,0
5698,1,0,0,0,0
5699,1,0,0,0,0
5700,1,0,0,0,0
5701,1,0,0,0,0
5702,1,0,0,0,0
5703,1,0,0,0,0
5704,1,0,0,0,0
5705,1,0,0,0,0
5706,1,0,0,0,0
5707,1,0,0,0,0
5708,1,0,0,0,0
5709,1,0,0,0,0
5710,1,0,0,0,0
5711,1,0,0,0,0
5712,1,0,0,0,0
5713,1,0,0,0,0
5714,1,0,0,0,0
5715,1,0,0,0,0
5716,1,0,0,0,0
5717,1,0,0,0,0
5718,1,0,0,0,0
5719,1,0,0,0,0
5720,1,0,0,0,0
5721,1,0,0,0,0
5722,1,0,0,0,0
5723,1,0,0,0,0
5724,1,0,0,0,0
5725,1,0,0,0,0
5726,1,0,0,0,0
5727,1,0,0,0,0
5728,1,0,0,0,0
5729,1,0,0,0,0
5730,1,0,0,0,0
5731,1,0,0,0,0
5732,1,0,0,0,0
5733,1,0,0,0,0
5734,1,0,0,0,0
5735,1,0,0,0,0
5736,1,0,0,0,0
5737,1,0,0,0,0
5738,1,0,0,0,0
5739,1,0,0,0,0
5740,1,0,0,0,0
5741,1,0,0,0,0
5742,1,0,0,0,0
5743,1,0,0,0,0
5744,1,0,0,0,0
5745,1,0,0,0,0
5746,1,0,0,0,0
5747,1,0,0,0,0
5748,1,0,0,0,0
5749,1,0,0,0,0
5750,1,0,0,0,0
5751,1,0,0,0,0
5752,1,0,0,0,0
5753,1,0,0,0,0
5754,1,0,0,0,0
5755,0,0,0,0,1
5756,0,0,0,0,1
5757,0,0,0,0,1
5758,0,0,0,0,1
5759,0,0,0,0,1
5760,0,0,0,0,1
5761,0,0,0,0,1
5762,0,0,0,0,1
5763,0,0,0,0,1
5764,0,0,0,0,1
5765,0,0,0,0,1
5766,0,0,0,0,1
5767,0,0,0,0,1
5768,0,0,0,0,1
5769,0,0,0,0,1
5770,0,0,0,0,1
5771,0,0,0,0,1
5772,0,0,0,0,1
5773,0,0,0,0,1
5774,0,0,0,0,1
5775,0,0,0,0,1
5776,0,0,0,0,1
5777,0,0,0,0,1
5778,0,0,0,0,1
5779,0,0,0,0,1
5780,0,0,0,0,1
5781,0,0,0,0,1
5782,0,0,0,0,1
5783,0,0,0,0,1
5784,0,0,0,0,1
5785,0,0,0,0,1
5786,0,0,0,0,1
5787,0,0,0,0,1
5788,0,0,0,0,1
5789,0,0,0,0,1
5790,0,0,0,0,1
5791,0,0,0,0,1
5792,0,0,0,0,1
5793,0,0,0,0,1
5794,0,0,0,0,1
5795,0,0,0,0,1
5796,0,0,0,0,1
5797,0,0,0,0,1
5798,0,0,0,0,1
5799,0,0,0,0,1
5800,0,0,0,0,1
5801,0,0,0,0,1
5802,0,0,0,0,1
5803,0,0,0,0,1
5804,0,0,0,0,1
5805,0,0,0,0,1
5806,0,0,0,0,1
5807,0,0,0,0,1
5808,0,0,0,0,1
5809,0,0,0,0,1
5810,0,0,0,0,1
5811,0,0,0,0,1
5812,0,0,0,0,1
5813,0,0,0,0,1
5814,0,0,0,0,1
5815,0,0,0,0,1
5816,0,0,0,0,1
5817,0,0,0,0,1
5818,0,0,0,0,1
5819,1,0,0,0,0
5820,1,0,0,0,0
5821,1,0,0,0,0
5822,1,0,0,0,0
5823,1,0,0,0,0
5824,1,0,0,0,0
5825,1,0,0,0,0
5826,1,0,0,0,0
5827,1,0,0,0,0
5828,1,0,0,0,0
5829,1,0,0,0,0
5830,1,0,0,0,0
5831,1,0,0,0,0
5832,1,0,0,0,0
5833,1,0,0,0,0
5834,1,0,0,0,0
5835,1,0,0,0,0
5836,1,0,0,0,0
5837,1,0,0,0,0
5838,1,0,0,0,0
5839,1,0,0,0,0
5840,1,0,0,0,0
5841,1,0,0,0,0
5842,1,0,0,0,0
5843,1,0,0,0,0
5844,1,0,0,0,0
5845,1,0,0,0,0
5846,1,0,0,0,0
5847,0,0,0,0,1
5848,0,0,0,0,1
5849,0,0,0,0,1
5850,0,0,0,0,1
5851,0,0,0,0,1
5852,0,0,0,0,1
5853,0,0,0,0,1
5854,0,0,0,0,1
5855,0,0,0,0,1
5856,0,0,0,0,1
5857,0,0,0,0,1
5858,0,0,0,0,1
5859,0,0,0,0,1
5860,0,0,0,0,1
5861,0,0,0,0,1
5862,0,0,0,0,1
5863,0,0,0,0,1
5864,0,0,0,0,1
5865,0,0,0,0,1
5866,0,0,0,0,1
5867,0,0,0,0,1
5868,0,0,0,0,1
5869,0,0,0,0,1
5870,0,0,0,0,1
5871,0,0,0,0,1
5872,0,0,0,0,1
5873,0,0,0,0,1
5874,0,0,0,0,1
5875,0,0,0,0,1
5876,0,0,0,0,1
5877,0,0,0,0,1
5878,0,0,0,0,1
5879,0,0,0,0,1
5880,0,0,0,0,1
5881,0,0,0,0,1
5882,0,0,0,0,1
5883,0,0,0,0,1
5884,0,0,0,0,1
5885,0,0,0,0,1
5886,0,0,0,0,1
5887,0,0,0,0,1
5888,0,0,0,0,1
5889,0,0,0,0,1
5890,0,0,0,0,1
5891,0,0,0,0,1
5892,0,0,0,0,1
5893,0,0,0,0,1
5894,0,0,0,0,1
5895,0,0,0,0,1
5896,0,0,0,0,1
5897,0,0,0,0,1
5898,0,0,0,0,1
5899,0,0,0,0,1
5900,0,0,0,0,1
5901,0,0,0,0,1
5902,0,0,0,0,1
5903,0,0,0,0,1
5904,0,0,0,0,1
5905,0,0,0,0,1
5906,0,0,0,0,1
5907,0,0,0,0,1
5908,0,0,0,0,1
5909,0,0,0,0,1
5910,0,0,0,0,1
5911,0,0,0,0,1
5912,0,0,0,0,1
5913,0,0,0,0,1
5914,0,0,0,0,1
5915,0,0,0,0,1
5916,0,0,0,0,1
5917,0,0,0,0,1
5918,0,1,0,0,0
5919,0,1,0,0,0
5920,0,1,0,0,0
5921,0,1,0,0,0
5922,0,1,0,0,0
5923,0,1,0,0,0
5924,0,1,0,0,0
5925,0,1,0,0,0
5926,0,1,0,0,0
5927,0,1,0,0,0
5928,0,1,0,0,0
5929,0,1,0,0,0
5930,0,1,0,0,0
5931,0,1,0,0,0
5932,0,1,0,0,0
5933,0,1,0,0,0
5934,0,1,0,0,0
5935,0,1,0,0,0
5936,0,1,0,0,0
5937,0,1,0,0,0
5938,0,1,0,0,0
5939,0,1,0,0,0
5940,0,1,0,0,0
5941,0,1,0,0,0
5942,0,1,0,0,0
5943,0,1,0,0,0
5944,0,1,0,0,0
5945,0,1,0,0,0
5946,0,1,0,0,0
5947,0,1,0,0,0
5948,0,1,0,0,0
5949,0,1,0,0,0
5950,0,1,0,0,0
5951,0,1,0,0,0
5952,0,1,0,0,0
5953,0,1,0,0,0
5954,0,1,0,0,0
5955,0,1,0,0,0
5956,0,1,0,0,0
5957,0,1,0,0,0
5958,0,1,0,0,0
5959,0,1,0,0,0
5960,0,1,0,0,0
5961,0,1,0,0,0
5962,0,1,0,0,0
5963,0,1,0,0,0
5964,0,1,0,0,0
5965,0,1,0,0,0
5966,0,1,0,0,0
5967,0,1,0,0,0
5968,0,1,0,0,0
5969,0,1,0,0,0
5970,0,1,0,0,0
5971,0,1,0,0,0
5972,1,0,0,0,0
5973,1,0,0,0,0
5974,1,0,0,0,0
5975,1,0,0,0,0
5976,1,0,0,0,0
5977,1,0,0,0,0
5978,1,0,0,0,0
5979,1,0,0,0,0
5980,1,0,0,0,0
5981,1,0,0,0,0
5982,1,0,0,0,0
5983,1,0,0,0,0
5984,1,0,0,0,0
5985,1,0,0,0,0
5986,1,0,0,0,0
5987,1,0,0,0,0
5988,1,0,0,0,0
5989,1,0,0,0,0
5990,1,0,0,0,0
5991,1,0,0,0,0
5992,1,0,0,0,0
5993,1,0,0,0,0
5994,1,0,0,0,0
5995,1,0,0,0,0
5996,1,0,0,0,0
5997,1,0,0,0,0
5998,1,0,0,0,0
5999,1,0,0,0,0
6000,1,0,0,0,0
6001,1,0,0,0,0
6002,1,0,0,0,0
6003,1,0,0,0,0
6004,1,0,0,0,0
6005,1,0,0,0,0
6006,1,0,0,0,0
6007,1,0,0,0,0
6008,1,0,0,0,0
6009,1,0,0,0,0
6010,1,0,0,0,0
6011,1,0,0,0,0
6012,1,0,0,0,0
6013,1,0,0,0,0
6014,1,0,0,0,0
6015,1,0,0,0,0
6016,1,0,0,0,0
6017,1,0,0,0,0
6018,1,0,0,0,0
6019,1,0,0,0,0
6020,1,0,0,0,0
6021,1,0,0,0,0
6022,1,0,0,0,0
6023,1,0,0,0,0
6024,1,0,0,0,0
6025,1,0,0,0,0
6026,1,0,0,0,0
6027,1,0,0,0,0
6028,1,0,0,0,0
6029,1,0,0,0,0
6030,1,0,0,0,0
6031,1,0,0,0,0
6032,1,0,0,0,0
6033,1,0,0,0,0
6034,1,0,0,0,0
6035,1,0,0,0,0
6036,1,0,0,0,0
6037,1,0,0,0,0
6038,1,0,0,0,0
6039,1,0,0,0,0
6040,1,0,0,0,0
6041,1,0,0,0,0
6042,1,0,0,0,0
6043,1,0,0,0,0
6044,1,0,0,0,0
6045,1,0,0,0,0
6046,1,0,0,0,0
6047,1,0,0,0,0
6048,1,0,0,0,0
6049,1,0,0,0,0
6050,1,0,0,0,0
6051,1,0,0,0,0
6052,1,0,0,0,0
6053,1,0,0,0,0
6054,1,0,0,0,0
6055,1,0,0,0,0
6056,1,0,0,0,0
6057,1,0,0,0,0
6058,1,0,0,0,0
6059,1,0,0,0,0
6060,1,0,0,0,0
6061,1,0,0,0,0
6062,1,0,0,0,0
6063,1,0,0,0,0
6064,1,0,0,0,0
6065,1,0,0,0,0
6066,1,0,0,0,0
6067,1,0,0,0,0
6068,1,0,0,0,0
6069,1,0,0,0,0
6070,1,0,0,0,0
6071,1,0,0,0,0
6072,1,0,0,0,0
6073,1,0,0,0,0
6074,1,0,0,0,0
6075,1,0,0,0,0
6076,1,0,0,0,0
6077,1,0,0,0,0
6078,1,0,0,0,0
6079,1,0,0,0,0
6080,1,0,0,0,0
6081,1,0,0,0,0
6082,1,0,0,0,0
6083,1,0,0,0,0
6084,1,0,0,0,0
6085,1,0,0,0,0
6086,1,0,0,0,0
6087,1,0,0,0,0
6088,1,0,0,0,0
6089,1,0,0,0,0
6090,1,0,0,0,0
6091,1,0,0,0,0
6092,1,0,0,0,0
6093,1,0,0,0,0
6094,1,0,0,0,0
6095,1,0,0,0,0
6096,1,0,0,0,0
6097,1,0,0,0,0
6098,1,0,0,0,0
6099,1,0,0,0,0
6100,1,0,0,0,0
6101,1,0,0,0,0
6102,1,0,0,0,0
6103,1,0,0,0,0
6104,1,0,0,0,0
6105,1,0,0,0,0
6106,0,0,0,0,1
6107,0,0,0,0,1
6108,0,0,0,0,1
6109,0,0,0,0,1
6110,0,0,0,0,1
6111,0,0,0,0,1
6112,0,0,0,0,1
6113,0,0,0,0,1
6114,0,0,0,0,1
6115,0,0,0,0,1
6116,0,0,0,0,1
6117,0,0,0,0,1
6118,0,0,0,0,1
6119,0,0,0,0,1
6120,0,0,0,0,1
6121,0,0,0,0,1
6122,0,0,0,0,1
6123,0,0,0,0,1
6124,0,0,0,0,1
6125,0,0,0,0,1
6126,0,0,0,0,1
6127,0,0,0,0,1
6128,0,0,0,0,1
6129,0,0,0,0,1
6130,0,0,0,0,1
6131,0,0,0,0,1
6132,0,0,0,0,1
6133,0,0,0,0,1
6134,0,0,0,0,1
6135,0,0,0,0,1
6136,0,0,0,0,1
6137,0,0,0,0,1
6138,0,0,0,0,1
6139,0,0,0,0,1
6140,0,0,0,0,1
6141,0,0,0,0,1
6142,0,0,0,0,1
6143,0,0,0,0,1
6144,0,0,0,0,1
6145,0,0,0,0,1
6146,0,0,0,0,1
6147,0,0,0,0,1
6148,0,0,0,0,1
6149,0,0,0,0,1
6150,0,0,0,0,1
6151,0,0,0,0,1
6152,0,0,0,0,1
6153,0,0,0,0,1
6154,0,0,0,0,1
6155,0,0,0,0,1
6156,0,0,0,0,1
6157,0,0,0,0,1
6158,0,0,0,0,1
6159,0,0,0,0,1
6160,0,0,0,0,1
6161,0,0,0,0,1
6162,0,0,0,0,1
6163,0,0,0,0,1
6164,0,0,0,0,1
6165,0,0,0,0,1
6166,0,0,0,0,1
6167,0,0,0,0,1
6168,0,0,0,0,1
6169,0,0,0,0,1
6170,0,0,0,0,1
6171,0,0,0,0,1
6172,0,0,0,0,1
6173,0,0,0,0,1
6174,0,0,0,0,1
6175,0,0,0,0,1
6176,0,0,0,0,1
6177,0,0,0,0,1
6178,0,0,0,0,1
6179,0,0,0,0,1
6180,0,0,0,0,1
6181,0,0,0,0,1
6182,0,0,0,0,1
6183,0,0,0,0,1
6184,0,0,0,0,1
6185,0,0,0,0,1
6186,0,0,0,0,1
6187,0,0,0,0,1
6188,0,0,0,0,1
6189,0,0,0,0,1
6190,0,0,0,0,1
6191,0,0,0,0,1
6192,0,0,0,0,1
6193,0,0,0,0,1
6194,0,0,0,0,1
6195,0,0,0,0,1
6196,0,0,0,0,1
6197,0,0,0,0,1
6198,0,0,0,0,1
6199,0,0,0,0,1
6200,0,0,0,0,1
6201,0,0,0,0,1
6202,0,0,0,0,1
6203,0,0,0,0,1
6204,0,0,0,0,1
6205,0,0,0,0,1
6206,0,0,0,0,1
6207,0,0,0,0,1
6208,0,0,0,0,1
6209,0,0,0,0,1
6210,0,0,0,0,1
6211,0,0,0,0,1
6212,0,0,0,0,1
6213,0,0,0,0,1
6214,0,0,0,0,1
6215,0,0,0,0,1
6216,0,0,0,0,1
6217,0,0,0,0,1
6218,0,0,0,0,1
6219,0,0,0,0,1
6220,0,0,0,0,1
6221,0,0,0,0,1
6222,0,0,0,0,1
6223,0,0,0,0,1
6224,0,0,0,0,1
6225,0,0,0,0,1
6226,0,0,0,0,1
6227,0,0,0,0,1
6228,0,0,0,0,1
6229,0,0,0,0,1
6230,0,0,0,0,1
6231,0,0,0,0,1
6232,0,0,0,0,1
6233,0,0,0,0,1
6234,0,0,0,0,1
6235,0,0,0,0,1
6236,0,0,0,0,1
6237,0,0,0,0,1
6238,0,0,0,0,1
6239,0,0,0,0,1
6240,0,0,0,0,1
6241,0,0,0,0,1
6242,0,0,0,0,1
6243,0,0,0,0,1
6244,0,0,0,0,1
6245,0,0,0,0,1
6246,0,0,0,0,1
6247,0,0,0,0,1
6248,0,0,0,0,1
6249,0,0,0,0,1
6250,0,0,0,0,1
6251,0,0,0,0,1
6252,0,0,0,0,1
6253,0,0,0,0,1
6254,0,0,0,0,1
6255,0,0,0,0,1
6256,0,0,0,0,1
6257,0,0,0,0,1
6258,0,0,0,0,1
6259,0,0,0,0,1
6260,0,0,0,0,1
6261,1,0,0,0,0
6262,1,0,0,0,0
6263,1,0,0,0,0
6264,1,0,0,0,0
6265,1,0,0,0,0
6266,1,0,0,0,0
6267,1,0,0,0,0
6268,1,0,0,0,0
6269,1,0,0,0,0
6270,1,0,0,0,0
6271,1,0,0,0,0
6272,1,0,0,0,0
6273,1,0,0,0,0
6274,1,0,0,0,0
6275,1,0,0,0,0
6276,1,0,0,0,0
6277,1,0,0,0,0
6278,1,0,0,0,0
6279,1,0,0,0,0
6280,1,0,0,0,0
6281,1,0,0,0,0
6282,1,0,0,0,0
6283,1,0,0,0,0
6284,1,0,0,0,0
6285,1,0,0,0,0
6286,1,0,0,0,0
6287,1,0,0,0,0
6288,1,0,0,0,0
6289,1,0,0,0,0
6290,1,0,0,0,0
6291,1,0,0,0,0
6292,1,0,0,0,0
6293,1,0,0,0,0
6294,1,0,0,0,0
6295,1,0,0,0,0
6296,1,0,0,0,0
6297,1,0,0,0,0
6298,1,0,0,0,0
6299,1,0,0,0,0
6300,1,0,0,0,0
6301,1,0,0,0,0
6302,1,0,0,0,0
6303,1,0,0,0,0
6304,1,0,0,0,0
6305,1,0,0,0,0
6306,1,0,0,0,0
6307,1,0,0,0,0
6308,1,0,0,0,0
6309,1,0,0,0,0
6310,1,0,0,0,0
6311,1,0,0,0,0
6312,1,0,0,0,0
6313,1,0,0,0,0
6314,1,0,0,0,0
6315,1,0,0,0,0
6316,1,0,0,0,0
6317,1,0,0,0,0
6318,1,0,0,0,0
6319,1,0,0,0,0
6320,1,0,0,0,0
6321,1,0,0,0,0
6322,1,0,0,0,0
6323,1,0,0,0,0
6324,1,0,0,0,0
6325,1,0,0,0,0
6326,1,0,0,0,0
6327,1,0,0,0,0
6328,1,0,0,0,0
6329,1,0,0,0,0
6330,1,0,0,0,0
6331,1,0,0,0,0
6332,1,0,0,0,0
6333,1,0,0,0,0
6334,1,0,0,0,0
6335,1,0,0,0,0
6336,1,0,0,0,0
6337,1,0,0,0,0
6338,1,0,0,0,0
6339,1,0,0,0,0
6340,1,0,0,0,0
6341,1,0,0,0,0
6342,1,0,0,0,0
6343,1,0,0,0,0
6344,1,0,0,0,0
6345,1,0,0,0,0
6346,1,0,0,0,0
6347,1,0,0,0,0
6348,1,0,0,0,0
6349,1,0,0,0,0
6350,1,0,0,0,0
6351,1,0,0,0,0
6352,1,0,0,0,0
6353,1,0,0,0,0
6354,1,0,0,0,0
6355,1,0,0,0,0
6356,1,0,0,0,0
6357,1,0,0,0,0
6358,1,0,0,0,0
6359,1,0,0,0,0
6360,1,0,0,0,0
6361,1,0,0,0,0
6362,1,0,0,0,0
6363,1,0,0,0,0
6364,1,0,0,0,0
6365,1,0,0,0,0
6366,1,0,0,0,0
6367,1,0,0,0,0
6368,1,0,0,0,0
6369,1,0,0,0,0
6370,1,0,0,0,0
6371,1,0,0,0,0
6372,1,0,0,0,0
6373,1,0,0,0,0
6374,1,0,0,0,0
6375,1,0,0,0,0
6376,1,0,0,0,0
6377,1,0,0,0,0
6378,1,0,0,0,0
6379,1,0,0,0,0
6380,1,0,0,0,0
6381,1,0,0,0,0
6382,1,0,0,0,0
6383,1,0,0,0,0
6384,1,0,0,0,0
6385,1,0,0,0,0
6386,1,0,0,0,0
6387,1,0,0,0,0
6388,1,0,0,0,0
6389,1,0,0,0,0
6390,1,0,0,0,0
6391,1,0,0,0,0
6392,1,0,0,0,0
6393,1,0,0,0,0
6394,1,0,0,0,0
6395,1,0,0,0,0
6396,1,0,0,0,0
6397,1,0,0,0,0
6398,1,0,0,0,0
6399,1,0,0,0,0
6400,1,0,0,0,0
6401,1,0,0,0,0
6402,1,0,0,0,0
6403,1,0,0,0,0
6404,1,0,0,0,0
6405,1,0,0,0,0
6406,1,0,0,0,0
6407,0,0,0,0,1
6408,0,0,0,0,1
6409,0,0,0,0,1
6410,0,0,0,0,1
6411,0,0,0,0,1
6412,0,0,0,0,1
6413,0,0,0,0,1
6414,0,0,0,0,1
6415,0,0,0,0,1
6416,0,0,0,0,1
6417,0,0,0,0,1
6418,0,0,0,0,1
6419,0,0,0,0,1
6420,0,0,0,0,1
6421,0,0,0,0,1
6422,0,0,0,0,1
6423,0,0,0,0,1
6424,0,0,0,0,1
6425,0,0,0,0,1
6426,0,0,0,0,1
6427,0,0,0,0,1
6428,0,0,0,0,1
6429,0,0,0,0,1
6430,0,0,0,0,1
6431,0,0,0,0,1
6432,0,0,0,0,1
6433,0,0,0,0,1
6434,0,0,0,0,1
6435,0,0,0,0,1
6436,0,0,0,0,1
6437,0,0,0,0,1
6438,0,0,0,0,1
6439,0,0,0,0,1
6440,0,0,0,0,1
6441,0,0,0,0,1
6442,0,0,0,0,1
6443,0,0,0,0,1
6444,0,0,0,0,1
6445,0,0,0,0,1
6446,0,0,0,0,1
6447,0,0,0,0,1
6448,0,0,0,0,1
6449,0,0,0,0,1
6450,0,0,0,0,1
6451,0,0,0,0,1
6452,1,0,0,0,0
6453,1,0,0,0,0
6454,1,0,0,0,0
6455,1,0,0,0,0
6456,1,0,0,0,0
6457,1,0,0,0,0
6458,1,0,0,0,0
6459,1,0,0,0,0
6460,1,0,0,0,0
6461,1,0,0,0,0
6462,1,0,0,0,0
6463,1,0,0,0,0
6464,1,0,0,0,0
6465,1,0,0,0,0
6466,1,0,0,0,0
6467,1,0,0,0,0
6468,1,0,0,0,0
6469,1,0,0,0,0
6470,1,0,0,0,0
6471,1,0,0,0,0
6472,1,0,0,0,0
6473,1,0,0,0,0
6474,1,0,0,0,0
6475,1,0,0,0,0
6476,1,0,0,0,0
6477,1,0,0,0,0
6478,1,0,0,0,0
6479,1,0,0,0,0
6480,1,0,0,0,0
6481,1,0,0,0,0
6482,1,0,0,0,0
6483,1,0,0,0,0
6484,1,0,0,0,0
6485,1,0,0,0,0
6486,1,0,0,0,0
6487,1,0,0,0,0
6488,1,0,0,0,0
6489,1,0,0,0,0
6490,1,0,0,0,0
6491,1,0,0,0,0
6492,1,0,0,0,0
6493,1,0,0,0,0
6494,1,0,0,0,0
6495,1,0,0,0,0
6496,1,0,0,0,0
6497,1,0,0,0,0
6498,1,0,0,0,0
6499,1,0,0,0,0
6500,1,0,0,0,0
6501,1,0,0,0,0
6502,1,0,0,0,0
6503,1,0,0,0,0
6504,1,0,0,0,0
6505,1,0,0,0,0
6506,1,0,0,0,0
6507,1,0,0,0,0
6508,1,0,0,0,0
6509,1,0,0,0,0
6510,1,0,0,0,0
6511,1,0,0,0,0
6512,1,0,0,0,0
6513,1,0,0,0,0
6514,1,0,0,0,0
6515,1,0,0,0,0
6516,1,0,0,0,0
6517,1,0,0,0,0
6518,1,0,0,0,0
6519,1,0,0,0,0
6520,1,0,0,0,0
6521,1,0,0,0,0
6522,1,0,0,0,0
6523,1,0,0,0,0
6524,1,0,0,0,0
6525,1,0,0,0,0
6526,1,0,0,0,0
6527,1,0,0,0,0
6528,0,0,0,0,1
6529,0,0,0,0,1
6530,0,0,0,0,1
6531,0,0,0,0,1
6532,0,0,0,0,1
6533,0,0,0,0,1
6534,0,0,0,0,1
6535,0,0,0,0,1
6536,0,0,0,0,1
6537,0,0,0,0,1
6538,0,0,0,0,1
6539,0,0,0,0,1
6540,0,0,0,0,1
6541,0,0,0,0,1
6542,0,0,0,0,1
6543,0,0,0,0,1
6544,0,0,0,0,1
6545,0,0,0,0,1
6546,0,0,0,0,1
6547,0,0,0,0,1
6548,0,0,0,0,1
6549,0,0,0,0,1
6550,0,0,0,0,1
6551,0,0,0,0,1
6552,0,0,0,0,1
6553,0,0,0,0,1
6554,0,0,0,0,1
6555,0,0,0,0,1
6556,0,0,0,0,1
6557,0,0,0,0,1
6558,0,0,0,0,1
6559,0,0,0,0,1
6560,0,0,0,0,1
6561,0,0,0,0,1
6562,0,0,0,0,1
6563,0,0,0,0,1
6564,0,0,0,0,1
6565,0,0,0,0,1
6566,0,0,0,0,1
6567,0,0,0,0,1
6568,0,0,0,0,1
6569,0,0,0,0,1
6570,0,0,0,0,1
6571,0,0,0,0,1
6572,0,0,0,0,1
6573,0,0,0,0,1
6574,0,0,0,0,1
6575,0,0,0,0,1
6576,0,0,0,0,1
6577,0,0,0,0,1
6578,0,0,0,0,1
6579,0,0,0,0,1
6580,0,0,0,0,1
6581,0,0,0,0,1
6582,0,0,0,0,1
6583,0,0,0,0,1
6584,0,0,0,0,1
6585,0,0,0,0,1
6586,0,0,0,0,1
6587,0,0,0,0,1
6588,0,0,0,0,1
6589,0,0,0,0,1
6590,0,0,0,0,1
6591,0,0,0,0,1
6592,0,0,0,0,1
6593,0,0,0,0,1
6594,0,0,0,0,1
6595,0,0,0,0,1
6596,0,0,0,0,1
6597,0,0,0,0,1
6598,0,0,0,0,1
6599,0,0,0,0,1
6600,0,0,0,0,1
6601,0,0,0,0,1
6602,0,0,0,0,1
6603,0,0,0,0,1
6604,0,0,0,0,1
6605,0,0,0,0,1
6606,0,0,0,0,1
6607,0,0,0,0,1
6608,0,0,0,0,1
6609,0,0,0,0,1
6610,0,0,0,0,1
6611,0,0,0,0,1
6612,0,0,0,0,1
6613,0,0,0,0,1
6614,0,0,0,0,1
6615,0,0,0,0,1
6616,0,0,0,0,1
6617,0,0,0,0,1
6618,0,0,0,0,1
6619,0,0,0,0,1
6620,0,0,0,0,1
6621,0,0,0,0,1
6622,0,0,0,0,1
6623,0,0,0,0,1
6624,0,0,0,0,1
6625,0,0,0,0,1
6626,0,0,0,0,1
6627,0,0,0,0,1
6628,0,0,0,0,1
6629,0,0,0,0,1
6630,0,0,0,0,1
6631,0,0,0,0,1
6632,0,0,0,0,1
6633,0,0,0,0,1
6634,0,0,0,0,1
6635,0,0,0,0,1
6636,0,0,0,0,1
6637,0,0,0,0,1
6638,0,0,0,0,1
6639,0,0,0,0,1
6640,0,0,0,0,1
6641,0,0,0,0,1
6642,0,0,0,0,1
6643,0,0,0,0,1
6644,0,0,0,0,1
6645,0,0,0,0,1
6646,0,0,0,0,1
6647,0,0,0,0,1
6648,0,0,0,0,1
6649,0,0,0,0,1
6650,0,0,0,0,1
6651,0,0,0,0,1
6652,0,0,0,0,1
6653,0,0,0,0,1
6654,0,0,0,0,1
6655,0,0,0,0,1
6656,0,0,0,0,1
6657,0,0,0,0,1
6658,0,0,0,0,1
6659,0,0,0,0,1
6660,0,0,0,0,1
6661,0,0,0,0,1
6662,0,0,0,0,1
6663,0,0,0,0,1
6664,0,0,0,0,1
6665,0,0,0,0,1
6666,0,0,0,0,1
6667,0,0,0,0,1
6668,0,0,0,0,1
6669,0,0,0,0,1
6670,0,0,0,0,1
6671,0,0,0,0,1
6672,0,0,0,0,1
6673,0,0,0,0,1
6674,0,0,0,0,1
6675,0,0,0,0,1
6676,0,0,0,0,1
6677,0,0,0,0,1
6678,0,0,0,0,1
6679,0,0,0,0,1
6680,0,0,0,0,1
6681,0,0,0,0,1
6682,0,0,0,0,1
6683,0,0,0,0,1
6684,0,0,0,0,1
6685,0,0,0,0,1
6686,0,0,0,0,1
6687,0,0,0,0,1
6688,0,0,0,0,1
6689,0,0,0,0,1
6690,0,0,0,0,1
6691,0,0,0,0,1
6692,0,0,0,0,1
6693,0,0,0,0,1
6694,0,0,0,0,1
6695,0,0,0,0,1
6696,0,0,0,0,1
6697,0,0,0,0,1
6698,0,0,0,0,1
6699,0,0,0,0,1
6700,0,0,0,0,1
6701,0,0,0,0,1
6702,0,0,0,0,1
6703,0,0,0,0,1
6704,0,0,0,0,1
6705,0,0,0,0,1
6706,0,0,0,0,1
6707,0,0,0,0,1
6708,0,0,0,0,1
6709,0,0,0,0,1
6710,0,0,0,0,1
6711,0,0,0,0,1
6712,0,0,0,0,1
6713,0,0,0,0,1
6714,0,0,0,0,1
6715,0,0,0,0,1
6716,0,0,0,0,1
6717,0,0,0,0,1
6718,0,0,0,0,1
6719,0,0,0,0,1
6720,0,0,0,0,1
6721,0,0,0,0,1
6722,0,0,0,0,1
6723,0,0,0,0,1
6724,0,0,0,0,1
6725,0,0,0,0,1
6726,0,0,0,0,1
6727,0,0,0,0,1
6728,0,0,0,0,1
6729,0,0,0,0,1
6730,0,0,0,0,1
6731,0,0,0,0,1
6732,0,0,0,0,1
6733,0,0,0,0,1
6734,0,0,0,0,1
6735,1,0,0,0,0
6736,1,0,0,0,0
6737,1,0,0,0,0
6738,1,0,0,0,0
6739,1,0,0,0,0
6740,1,0,0,0,0
6741,1,0,0,0,0
6742,1,0,0,0,0
6743,1,0,0,0,0
6744,1,0,0,0,0
6745,1,0,0,0,0
6746,1,0,0,0,0
6747,1,0,0,0,0
6748,1,0,0,0,0
6749,1,0,0,0,0
6750,1,0,0,0,0
6751,1,0,0,0,0
6752,1,0,0,0,0
6753,1,0,0,0,0
6754,1,0,0,0,0
6755,1,0,0,0,0
6756,1,0,0,0,0
6757,1,0,0,0,0
6758,1,0,0,0,0
6759,1,0,0,0,0
6760,1,0,0,0,0
6761,1,0,0,0,0
6762,1,0,0,0,0
6763,1,0,0,0,0
6764,1,0,0,0,0
6765,1,0,0,0,0
6766,1,0,0,0,0
6767,1,0,0,0,0
6768,1,0,0,0,0
6769,1,0,0,0,0
6770,1,0,0,0,0
6771,1,0,0,0,0
6772,1,0,0,0,0
6773,1,0,0,0,0
6774,1,0,0,0,0
6775,1,0,0,0,0
6776,1,0,0,0,0
6777,1,0,0,0,0
6778,1,0,0,0,0
6779,1,0,0,0,0
6780,1,0,0,0,0
6781,1,0,0,0,0
6782,1,0,0,0,0
6783,1,0,0,0,0
6784,1,0,0,0,0
6785,1,0,0,0,0
6786,1,0,0,0,0
6787,1,0,0,0,0
6788,1,0,0,0,0
6789,1,0,0,0,0
6790,1,0,0,0,0
6791,1,0,0,0,0
6792,1,0,0,0,0
6793,1,0,0,0,0
6794,1,0,0,0,0
6795,1,0,0,0,0
6796,1,0,0,0,0
6797,1,0,0,0,0
6798,1,0,0,0,0
6799,1,0,0,0,0
6800,1,0,0,0,0
6801,1,0,0,0,0
6802,1,0,0,0,0
6803,1,0,0,0,0
6804,1,0,0,0,0
6805,1,0,0,0,0
6806,1,0,0,0,0
6807,1,0,0,0,0
6808,1,0,0,0,0
6809,1,0,0,0,0
6810,1,0,0,0,0
6811,1,0,0,0,0
6812,1,0,0,0,0
6813,1,0,0,0,0
6814,1,0,0,0,0
6815,1,0,0,0,0
6816,1,0,0,0,0
6817,1,0,0,0,0
6818,1,0,0,0,0
6819,1,0,0,0,0
6820,1,0,0,0,0
6821,1,0,0,0,0
6822,1,0,0,0,0
6823,1,0,0,0,0
6824,1,0,0,0,0
6825,1,0,0,0,0
6826,1,0,0,0,0
6827,1,0,0,0,0
6828,1,0,0,0,0
6829,1,0,0,0,0
6830,1,0,0,0,0
6831,1,0,0,0,0
6832,1,0,0,0,0
6833,1,0,0,0,0
6834,1,0,0,0,0
6835,1,0,0,0,0
6836,1,0,0,0,0
6837,1,0,0,0,0
6838,1,0,0,0,0
6839,1,0,0,0,0
6840,1,0,0,0,0
6841,1,0,0,0,0
6842,1,0,0,0,0
6843,1,0,0,0,0
6844,1,0,0,0,0
6845,1,0,0,0,0
6846,1,0,0,0,0
6847,1,0,0,0,0
6848,1,0,0,0,0
6849,1,0,0,0,0
6850,1,0,0,0,0
6851,1,0,0,0,0
6852,1,0,0,0,0
6853,1,0,0,0,0
6854,1,0,0,0,0
6855,1,0,0,0,0
6856,1,0,0,0,0
6857,1,0,0,0,0
6858,1,0,0,0,0
6859,1,0,0,0,0
6860,1,0,0,0,0
6861,1,0,0,0,0
6862,1,0,0,0,0
6863,1,0,0,0,0
6864,1,0,0,0,0
6865,1,0,0,0,0
6866,1,0,0,0,0
6867,1,0,0,0,0
6868,1,0,0,0,0
6869,1,0,0,0,0
6870,1,0,0,0,0
6871,1,0,0,0,0
6872,1,0,0,0,0
6873,1,0,0,0,0
6874,1,0,0,0,0
6875,1,0,0,0,0
6876,1,0,0,0,0
6877,1,0,0,0,0
6878,1,0,0,0,0
6879,1,0,0,0,0
6880,1,0,0,0,0
6881,1,0,0,0,0
6882,1,0,0,0,0
6883,1,0,0,0,0
6884,1,0,0,0,0
6885,1,0,0,0,0
6886,1,0,0,0,0
6887,1,0,0,0,0
6888,1,0,0,0,0
6889,1,0,0,0,0
6890,1,0,0,0,0
6891,1,0,0,0,0
6892,1,0,0,0,0
6893,1,0,0,0,0
6894,1,0,0,0,0
6895,1,0,0,0,0
6896,1,0,0,0,0
6897,0,1,0,0,0
6898,0,1,0,0,0
6899,0,1,0,0,0
6900,0,1,0,0,0
6901,0,1,0,0,0
6902,0,1,0,0,0
6903,0,1,0,0,0
6904,0,1,0,0,0
6905,0,1,0,0,0
6906,0,1,0,0,0
6907,0,1,0,0,0
6908,0,1,0,0,0
6909,0,1,0,0,0
6910,0,1,0,0,0
6911,0,1,0,0,0
6912,0,1,0,0,0
6913,0,1,0,0,0
6914,0,1,0,0,0
6915,0,1,0,0,0
6916,0,1,0,0,0
6917,0,1,0,0,0
6918,0,1,0,0,0
6919,0,1,0,0,0
6920,0,1,0,0,0
6921,0,1,0,0,0
6922,0,1,0,0,0
6923,0,1,0,0,0
6924,0,1,0,0,0
6925,0,1,0,0,0
6926,0,1,0,0,0
6927,0,1,0,0,0
6928,0,1,0,0,0
6929,0,1,0,0,0
6930,0,1,0,0,0
6931,0,1,0,0,0
6932,0,1,0,0,0
6933,0,1,0,0,0
6934,0,1,0,0,0
6935,0,1,0,0,0
6936,0,1,0,0,0
6937,0,1,0,0,0
6938,0,1,0,0,0
6939,0,1,0,0,0
6940,0,1,0,0,0
6941,0,1,0,0,0
6942,0,1,0,0,0
6943,0,1,0,0,0
6944,0,1,0,0,0
6945,0,1,0,0,0
6946,0,1,0,0,0
6947,0,1,0,0,0
6948,0,1,0,0,0
6949,1,0,0,0,0
6950,1,0,0,0,0
6951,1,0,0,0,0
6952,1,0,0,0,0
6953,1,0,0,0,0
6954,1,0,0,0,0
6955,1,0,0,0,0
6956,1,0,0,0,0
6957,1,0,0,0,0
6958,1,0,0,0,0
6959,1,0,0,0,0
6960,1,0,0,0,0
6961,1,0,0,0,0
6962,1,0,0,0,0
6963,1,0,0,0,0
6964,1,0,0,0,0
6965,1,0,0,0,0
6966,1,0,0,0,0
6967,0,0,0,0,1
6968,0,0,0,0,1
6969,0,0,0,0,1
6970,0,0,0,0,1
6971,0,0,0,0,1
6972,0,0,0,0,1
6973,0,0,0,0,1
6974,0,0,0,0,1
6975,0,0,0,0,1
6976,0,0,0,0,1
6977,0,0,0,0,1
6978,0,0,0,0,1
6979,0,0,0,0,1
6980,0,0,0,0,1
6981,0,0,0,0,1
6982,0,0,0,0,1
6983,0,0,0,0,1
6984,0,0,0,0,1
6985,0,0,0,0,1
6986,0,0,0,0,1
6987,0,0,0,0,1
6988,0,0,0,0,1
6989,0,0,0,0,1
6990,0,0,0,0,1
6991,1,0,0,0,0
6992,1,0,0,0,0
6993,1,0,0,0,0
6994,1,0,0,0,0
6995,1,0,0,0,0
6996,1,0,0,0,0
6997,1,0,0,0,0
6998,1,0,0,0,0
6999,1,0,0,0,0
7000,1,0,0,0,0
7001,1,0,0,0,0
7002,1,0,0,0,0
7003,1,0,0,0,0
7004,1,0,0,0,0
7005,1,0,0,0,0
7006,1,0,0,0,0
7007,1,0,0,0,0
7008,1,0,0,0,0
7009,1,0,0,0,0
7010,1,0,0,0,0
7011,1,0,0,0,0
7012,1,0,0,0,0
7013,1,0,0,0,0
7014,1,0,0,0,0
7015,1,0,0,0,0
7016,1,0,0,0,0
7017,1,0,0,0,0
7018,1,0,0,0,0
7019,1,0,0,0,0
7020,1,0,0,0,0
7021,1,0,0,0,0
7022,1,0,0,0,0
7023,1,0,0,0,0
7024,1,0,0,0,0
7025,1,0,0,0,0
7026,1,0,0,0,0
7027,1,0,0,0,0
7028,1,0,0,0,0
7029,1,0,0,0,0
7030,1,0,0,0,0
7031,1,0,0,0,0
7032,1,0,0,0,0
7033,1,0,0,0,0
7034,1,0,0,0,0
7035,1,0,0,0,0
7036,1,0,0,0,0
7037,1,0,0,0,0
7038,1,0,0,0,0
7039,1,0,0,0,0
7040,1,0,0,0,0
7041,1,0,0,0,0
7042,1,0,0,0,0
7043,1,0,0,0,0
7044,1,0,0,0,0
7045,1,0,0,0,0
7046,1,0,0,0,0
7047,1,0,0,0,0
7048,1,0,0,0,0
7049,0,0,1,0,0
7050,0,0,1,0,0
7051,0,0,1,0,0
7052,0,0,1,0,0
7053,0,0,1,0,0
7054,0,0,1,0,0
7055,0,0,1,0,0
7056,0,0,1,0,0
7057,0,0,1,0,0
7058,0,0,1,0,0
7059,0,0,1,0,0
7060,0,0,1,0,0
7061,0,0,1,0,0
7062,0,0,1,0,0
7063,0,0,1,0,0
7064,0,0,1,0,0
7065,1,0,0,0,0
7066,1,0,0,0,0
7067,1,0,0,0,0
7068,1,0,0,0,0
7069,1,0,0,0,0
7070,1,0,0,0,0
7071,1,0,0,0,0
7072,1,0,0,0,0
7073,1,0,0,0,0
7074,1,0,0,0,0
7075,1,0,0,0,0
7076,1,0,0,0,0
7077,1,0,0,0,0
7078,1,0,0,0,0
7079,1,0,0,0,0
7080,1,0,0,0,0
7081,1,0,0,0,0
7082,1,0,0,0,0
7083,1,0,0,0,0
7084,1,0,0,0,0
7085,1,0,0,0,0
7086,1,0,0,0,0
7087,1,0,0,0,0
7088,1,0,0,0,0
7089,1,0,0,0,0
7090,1,0,0,0,0
7091,1,0,0,0,0
7092,1,0,0,0,0
7093,1,0,0,0,0
7094,1,0,0,0,0
7095,1,0,0,0,0
7096,1,0,0,0,0
7097,1,0,0,0,0
7098,1,0,0,0,0
7099,1,0,0,0,0
7100,1,0,0,0,0
7101,1,0,0,0,0
7102,1,0,0,0,0
7103,1,0,0,0,0
7104,1,0,0,0,0
7105,1,0,0,0,0
7106,1,0,0,0,0
7107,1,0,0,0,0
7108,1,0,0,0,0
7109,1,0,0,0,0
7110,1,0,0,0,0
7111,1,0,0,0,0
7112,1,0,0,0,0
7113,0,0,0,0,1
7114,0,0,0,0,1
7115,0,0,0,0,1
7116,0,0,0,0,1
7117,0,0,0,0,1
7118,0,0,0,0,1
7119,0,0,0,0,1
7120,0,0,0,0,1
7121,0,0,0,0,1
7122,0,0,0,0,1
7123,0,0,0,0,1
7124,0,0,0,0,1
7125,0,0,0,0,1
7126,0,0,0,0,1
7127,0,0,0,0,1
7128,0,0,0,0,1
7129,0,0,0,0,1
7130,0,0,0,0,1
7131,0,0,0,0,1
7132,0,0,0,0,1
7133,0,0,0,0,1
7134,0,0,0,0,1
7135,0,0,0,0,1
7136,0,0,0,0,1
7137,0,0,0,0,1
7138,0,0,0,0,1
7139,0,0,0,0,1
7140,0,0,0,0,1
7141,0,0,0,0,1
7142,0,0,0,0,1
7143,0,0,0,0,1
7144,0,0,0,0,1
7145,0,0,0,0,1
7146,0,0,0,0,1
7147,0,0,0,0,1
7148,0,0,0,0,1
7149,0,0,0,0,1
7150,0,0,0,0,1
7151,0,0,0,0,1
7152,0,0,0,0,1
7153,0,0,0,0,1
7154,0,0,0,0,1
7155,0,0,0,0,1
7156,0,0,0,0,1
7157,0,0,0,0,1
7158,0,0,0,0,1
7159,0,0,0,0,1
7160,0,0,0,0,1
7161,0,0,0,0,1
7162,0,0,0,0,1
7163,0,0,0,0,1
7164,0,0,0,0,1
7165,0,0,0,0,1
7166,0,0,0,0,1
7167,0,0,0,0,1
7168,0,0,0,0,1
7169,0,0,0,0,1
7170,0,0,0,0,1
7171,0,0,0,0,1
7172,0,0,0,0,1
7173,0,0,0,0,1
7174,0,0,0,0,1
7175,0,0,0,0,1
7176,0,0,0,0,1
7177,0,0,0,0,1
7178,0,0,0,0,1
7179,0,0,0,0,1
7180,0,0,0,0,1
7181,0,0,0,0,1
7182,0,0,0,0,1
7183,0,0,0,0,1
7184,0,0,0,0,1
7185,0,0,0,0,1
7186,0,0,0,0,1
7187,0,0,0,0,1
7188,0,0,0,0,1
7189,0,0,0,0,1
7190,0,0,0,0,1
7191,0,0,0,0,1
7192,0,0,0,0,1
7193,0,0,0,0,1
7194,0,0,0,0,1
7195,0,0,0,0,1
7196,0,0,0,0,1
7197,0,0,0,0,1
7198,0,0,0,0,1
7199,0,0,0,0,1
7200,0,0,0,0,1
7201,0,0,0,0,1
7202,0,0,0,0,1
7203,0,0,0,0,1
7204,0,0,0,0,1
7205,0,0,0,0,1
7206,0,0,0,0,1
7207,0,0,0,0,1
7208,0,0,0,0,1
7209,0,0,0,0,1
7210,0,0,0,0,1
7211,0,0,0,0,1
7212,0,0,0,0,1
7213,0,0,0,0,1
7214,0,0,0,0,1
7215,0,0,0,0,1
7216,0,0,0,0,1
7217,0,0,0,0,1
7218,0,0,0,0,1
7219,0,0,0,0,1
7220,0,0,0,0,1
7221,0,0,0,0,1
7222,0,0,0,0,1
7223,0,0,0,0,1
7224,1,0,0,0,0
7225,1,0,0,0,0
7226,1,0,0,0,0
7227,1,0,0,0,0
7228,1,0,0,0,0
7229,1,0,0,0,0
7230,1,0,0,0,0
7231,1,0,0,0,0
7232,1,0,0,0,0
7233,1,0,0,0,0
7234,1,0,0,0,0
7235,1,0,0,0,0
7236,1,0,0,0,0
7237,1,0,0,0,0
7238,1,0,0,0,0
7239,1,0,0,0,0
7240,1,0,0,0,0
7241,1,0,0,0,0
7242,1,0,0,0,0
7243,1,0,0,0,0
7244,1,0,0,0,0
7245,1,0,0,0,0
7246,1,0,0,0,0
7247,1,0,0,0,0
7248,1,0,0,0,0
7249,1,0,0,0,0
7250,1,0,0,0,0
7251,1,0,0,0,0
7252,1,0,0,0,0
7253,1,0,0,0,0
7254,1,0,0,0,0
7255,1,0,0,0,0
7256,1,0,0,0,0
7257,1,0,0,0,0
7258,1,0,0,0,0
7259,1,0,0,0,0
7260,1,0,0,0,0
7261,1,0,0,0,0
7262,1,0,0,0,0
7263,1,0,0,0,0
7264,1,0,0,0,0
7265,1,0,0,0,0
7266,1,0,0,0,0
7267,0,1,0,0,0
7268,0,1,0,0,0
7269,0,1,0,0,0
7270,0,1,0,0,0
7271,0,1,0,0,0
7272,0,1,0,0,0
7273,0,1,0,0,0
7274,0,1,0,0,0
7275,0,1,0,0,0
7276,0,1,0,0,0
7277,0,1,0,0,0
7278,0,1,0,0,0
7279,0,1,0,0,0
7280,0,1,0,0,0
7281,0,1,0,0,0
7282,0,1,0,0,0
7283,0,1,0,0,0
7284,0,1,0,0,0
7285,0,1,0,0,0
7286,0,1,0,0,0
7287,0,1,0,0,0
7288,0,1,0,0,0
7289,0,1,0,0,0
7290,0,1,0,0,0
7291,0,1,0,0,0
7292,0,1,0,0,0
7293,0,1,0,0,0
7294,0,1,0,0,0
7295,0,1,0,0,0
7296,0,1,0,0,0
7297,0,1,0,0,0
7298,0,1,0,0,0
7299,0,1,0,0,0
7300,0,1,0,0,0
7301,0,1,0,0,0
7302,0,1,0,0,0
7303,0,1,0,0,0
7304,0,1,0,0,0
7305,0,1,0,0,0
7306,0,1,0,0,0
7307,0,1,0,0,0
7308,0,1,0,0,0
7309,0,1,0,0,0
7310,0,1,0,0,0
7311,0,1,0,0,0
7312,0,1,0,0,0
7313,0,1,0,0,0
7314,0,1,0,0,0
7315,0,1,0,0,0
7316,0,1,0,0,0
7317,0,1,0,0,0
7318,0,1,0,0,0
7319,0,1,0,0,0
7320,0,1,0,0,0
7321,0,1,0,0,0
7322,0,1,0,0,0
7323,0,1,0,0,0
7324,0,1,0,0,0
7325,0,1,0,0,0
7326,0,1,0,0,0
7327,0,1,0,0,0
7328,0,1,0,0,0
7329,0,1,0,0,0
7330,0,1,0,0,0
7331,0,1,0,0,0
7332,0,1,0,0,0
7333,0,1,0,0,0
7334,0,1,0,0,0
7335,0,1,0,0,0
7336,0,1,0,0,0
7337,0,1,0,0,0
7338,0,1,0,0,0
7339,0,1,0,0,0
7340,1,0,0,0,0
7341,1,0,0,0,0
7342,1,0,0,0,0
7343,1,0,0,0,0
7344,1,0,0,0,0
7345,1,0,0,0,0
7346,1,0,0,0,0
7347,1,0,0,0,0
7348,1,0,0,0,0
7349,1,0,0,0,0
7350,1,0,0,0,0
7351,1,0,0,0,0
7352,1,0,0,0,0
7353,1,0,0,0,0
7354,1,0,0,0,0
7355,1,0,0,0,0
7356,1,0,0,0,0
7357,1,0,0,0,0
7358,1,0,0,0,0
7359,1,0,0,0,0
7360,1,0,0,0,0
7361,1,0,0,0,0
7362,1,0,0,0,0
7363,1,0,0,0,0
7364,1,0,0,0,0
7365,1,0,0,0,0
7366,1,0,0,0,0
7367,1,0,0,0,0
7368,1,0,0,0,0
7369,1,0,0,0,0
7370,1,0,0,0,0
7371,1,0,0,0,0
7372,1,0,0,0,0
7373,1,0,0,0,0
7374,1,0,0,0,0
7375,1,0,0,0,0
7376,1,0,0,0,0
7377,1,0,0,0,0
7378,1,0,0,0,0
7379,1,0,0,0,0
7380,1,0,0,0,0
7381,1,0,0,0,0
7382,1,0,0,0,0
7383,1,0,0,0,0
7384,1,0,0,0,0
7385,1,0,0,0,0
7386,1,0,0,0,0
7387,1,0,0,0,0
7388,1,0,0,0,0
7389,1,0,0,0,0
7390,1,0,0,0,0
7391,1,0,0,0,0
7392,1,0,0,0,0
7393,1,0,0,0,0
7394,1,0,0,0,0
7395,1,0,0,0,0
7396,1,0,0,0,0
7397,1,0,0,0,0
7398,0,0,0,0,1
7399,0,0,0,0,1
7400,0,0,0,0,1
7401,0,0,0,0,1
7402,0,0,0,0,1
7403,0,0,0,0,1
7404,0,0,0,0,1
7405,0,0,0,0,1
7406,0,0,0,0,1
7407,0,0,0,0,1
7408,0,0,0,0,1
7409,0,0,0,0,1
7410,0,0,0,0,1
7411,0,0,0,0,1
7412,0,0,0,0,1
7413,0,0,0,0,1
7414,0,0,0,0,1
7415,0,0,0,0,1
7416,0,0,0,0,1
7417,0,0,0,0,1
7418,0,0,0,0,1
7419,0,0,0,0,1
7420,0,0,0,0,1
7421,0,0,0,0,1
7422,0,0,0,0,1
7423,1,0,0,0,0
7424,1,0,0,0,0
7425,1,0,0,0,0
7426,1,0,0,0,0
7427,1,0,0,0,0
7428,1,0,0,0,0
7429,1,0,0,0,0
7430,1,0,0,0,0
7431,1,0,0,0,0
7432,1,0,0,0,0
7433,1,0,0,0,0
7434,1,0,0,0,0
7435,1,0,0,0,0
7436,1,0,0,0,0
7437,1,0,0,0,0
7438,1,0,0,0,0
7439,1,0,0,0,0
7440,1,0,0,0,0
7441,1,0,0,0,0
7442,1,0,0,0,0
7443,1,0,0,0,0
7444,1,0,0,0,0
7445,1,0,0,0,0
7446,1,0,0,0,0
7447,1,0,0,0,0
7448,1,0,0,0,0
7449,1,0,0,0,0
7450,1,0,0,0,0
7451,1,0,0,0,0
7452,1,0,0,0,0
7453,1,0,0,0,0
7454,1,0,0,0,0
7455,1,0,0,0,0
7456,1,0,0,0,0
7457,1,0,0,0,0
7458,1,0,0,0,0
7459,1,0,0,0,0
7460,1,0,0,0,0
7461,1,0,0,0,0
7462,1,0,0,0,0
7463,0,0,0,0,1
7464,0,0,0,0,1
7465,0,0,0,0,1
7466,0,0,0,0,1
7467,0,0,0,0,1
7468,0,0,0,0,1
7469,0,0,0,0,1
7470,0,0,0,0,1
7471,0,0,0,0,1
7472,0,0,0,0,1
7473,0,0,0,0,1
7474,0,0,0,0,1
7475,0,0,0,0,1
7476,0,0,0,0,1
7477,0,0,0,0,1
7478,0,0,0,0,1
7479,0,0,0,0,1
7480,1,0,0,0,0
7481,1,0,0,0,0
7482,1,0,0,0,0
7483,1,0,0,0,0
7484,1,0,0,0,0
7485,1,0,0,0,0
7486,1,0,0,0,0
7487,1,0,0,0,0
7488,1,0,0,0,0
7489,1,0,0,0,0
7490,1,0,0,0,0
7491,1,0,0,0,0
7492,1,0,0,0,0
7493,1,0,0,0,0
7494,1,0,0,0,0
7495,1,0,0,0,0
7496,1,0,0,0,0
7497,1,0,0,0,0
7498,1,0,0,0,0
7499,1,0,0,0,0
7500,1,0,0,0,0
7501,1,0,0,0,0
7502,1,0,0,0,0
7503,1,0,0,0,0
7504,1,0,0,0,0
7505,1,0,0,0,0
7506,1,0,0,0,0
7507,1,0,0,0,0
7508,1,0,0,0,0
7509,1,0,0,0,0
7510,1,0,0,0,0
7511,1,0,0,0,0
7512,1,0,0,0,0
7513,1,0,0,0,0
7514,1,0,0,0,0
7515,1,0,0,0,0
7516,1,0,0,0,0
7517,1,0,0,0,0
7518,1,0,0,0,0
7519,1,0,0,0,0
7520,1,0,0,0,0
7521,1,0,0,0,0
7522,1,0,0,0,0
7523,1,0,0,0,0
7524,1,0,0,0,0
7525,1,0,0,0,0
7526,1,0,0,0,0
7527,1,0,0,0,0
7528,1,0,0,0,0
7529,1,0,0,0,0
7530,1,0,0,0,0
7531,1,0,0,0,0
7532,1,0,0,0,0
7533,1,0,0,0,0
7534,1,0,0,0,0
7535,1,0,0,0,0
7536,1,0,0,0,0
7537,1,0,0,0,0
7538,1,0,0,0,0
7539,1,0,0,0,0
7540,1,0,0,0,0
7541,1,0,0,0,0
7542,1,0,0,0,0
7543,1,0,0,0,0
7544,1,0,0,0,0
7545,1,0,0,0,0
7546,1,0,0,0,0
7547,1,0,0,0,0
7548,1,0,0,0,0
7549,1,0,0,0,0
7550,1,0,0,0,0
7551,1,0,0,0,0
7552,1,0,0,0,0
7553,1,0,0,0,0
7554,1,0,0,0,0
7555,1,0,0,0,0
7556,1,0,0,0,0
7557,1,0,0,0,0
7558,1,0,0,0,0
7559,1,0,0,0,0
7560,1,0,0,0,0
7561,1,0,0,0,0
7562,1,0,0,0,0
7563,1,0,0,0,0
7564,1,0,0,0,0
7565,1,0,0,0,0
7566,1,0,0,0,0
7567,1,0,0,0,0
7568,1,0,0,0,0
7569,1,0,0,0,0
7570,1,0,0,0,0
7571,1,0,0,0,0
7572,1,0,0,0,0
7573,1,0,0,0,0
7574,1,0,0,0,0
7575,1,0,0,0,0
7576,1,0,0,0,0
7577,1,0,0,0,0
7578,1,0,0,0,0
7579,1,0,0,0,0
7580,1,0,0,0,0
7581,1,0,0,0,0
7582,1,0,0,0,0
7583,1,0,0,0,0
7584,1,0,0,0,0
7585,1,0,0,0,0
7586,1,0,0,0,0
7587,1,0,0,0,0
7588,1,0,0,0,0
7589,1,0,0,0,0
7590,1,0,0,0,0
7591,1,0,0,0,0
7592,1,0,0,0,0
7593,1,0,0,0,0
7594,1,0,0,0,0
7595,1,0,0,0,0
7596,1,0,0,0,0
7597,1,0,0,0,0
7598,1,0,0,0,0
7599,1,0,0,0,0
7600,1,0,0,0,0
7601,1,0,0,0,0
7602,1,0,0,0,0
7603,1,0,0,0,0
7604,1,0,0,0,0
7605,1,0,0,0,0
7606,1,0,0,0,0
7607,1,0,0,0,0
7608,1,0,0,0,0
7609,1,0,0,0,0
7610,1,0,0,0,0
7611,1,0,0,0,0
7612,1,0,0,0,0
7613,1,0,0,0,0
7614,1,0,0,0,0
7615,1,0,0,0,0
7616,1,0,0,0,0
7617,1,0,0,0,0
7618,1,0,0,0,0
7619,1,0,0,0,0
7620,1,0,0,0,0
7621,1,0,0,0,0
7622,1,0,0,0,0
7623,1,0,0,0,0
7624,1,0,0,0,0
7625,1,0,0,0,0
7626,1,0,0,0,0
7627,1,0,0,0,0
7628,1,0,0,0,0
7629,1,0,0,0,0
7630,0,0,0,0,1
7631,0,0,0,0,1
7632,0,0,0,0,1
7633,0,0,0,0,1
7634,0,0,0,0,1
7635,0,0,0,0,1
7636,0,0,0,0,1
7637,0,0,0,0,1
7638,0,0,0,0,1
7639,0,0,0,0,1
7640,0,0,0,0,1
7641,0,0,0,0,1
7642,0,0,0,0,1
7643,0,0,0,0,1
7644,0,0,0,0,1
7645,0,0,0,0,1
7646,1,0,0,0,0
7647,1,0,0,0,0
7648,1,0,0,0,0
7649,1,0,0,0,0
7650,1,0,0,0,0
7651,1,0,0,0,0
7652,1,0,0,0,0
7653,1,0,0,0,0
7654,1,0,0,0,0
7655,1,0,0,0,0
7656,1,0,0,0,0
7657,1,0,0,0,0
7658,1,0,0,0,0
7659,1,0,0,0,0
7660,1,0,0,0,0
7661,0,0,0,0,1
7662,0,0,0,0,1
7663,0,0,0,0,1
7664,0,0,0,0,1
7665,0,0,0,0,1
7666,0,0,0,0,1
7667,0,0,0,0,1
7668,0,0,0,0,1
7669,0,0,0,0,1
7670,0,0,0,0,1
7671,0,0,0,0,1
7672,0,0,0,0,1
7673,0,0,0,0,1
7674,0,0,0,0,1
7675,0,0,0,0,1
7676,0,0,0,0,1
7677,0,0,0,0,1
7678,0,0,0,0,1
7679,0,0,0,0,1
7680,0,0,0,0,1
7681,0,0,0,0,1
7682,0,0,0,0,1
7683,0,0,0,0,1
7684,0,0,0,0,1
7685,0,0,0,0,1
7686,0,0,0,0,1
7687,0,0,0,0,1
7688,0,0,0,0,1
7689,0,0,0,0,1
7690,0,0,0,0,1
7691,0,0,0,0,1
7692,0,0,0,0,1
7693,0,0,0,0,1
7694,0,0,0,0,1
7695,0,0,0,0,1
7696,0,0,0,0,1
7697,0,0,0,0,1
7698,0,0,0,0,1
7699,0,0,0,0,1
7700,0,0,0,0,1
7701,0,0,0,0,1
7702,0,0,0,0,1
7703,0,0,0,0,1
7704,0,0,0,0,1
7705,0,0,0,0,1
7706,0,0,0,0,1
7707,0,0,0,0,1
7708,0,0,0,0,1
7709,0,0,0,0,1
7710,0,0,0,0,1
7711,0,0,0,0,1
7712,0,0,0,0,1
7713,0,0,0,0,1
7714,0,0,0,0,1
7715,0,0,0,0,1
7716,0,0,0,0,1
7717,0,0,0,0,1
7718,0,0,0,0,1
7719,0,0,0,0,1
7720,0,0,0,0,1
7721,0,0,0,0,1
7722,0,0,0,0,1
7723,0,0,0,0,1
7724,0,0,0,0,1
7725,0,1,0,0,0
7726,0,1,0,0,0
7727,0,1,0,0,0
7728,0,1,0,0,0
7729,0,1,0,0,0
7730,0,1,0,0,0
7731,0,1,0,0,0
7732,0,1,0,0,0
7733,0,1,0,0,0
7734,0,1,0,0,0
7735,0,1,0,0,0
7736,0,1,0,0,0
7737,0,1,0,0,0
7738,0,1,0,0,0
7739,0,1,0,0,0
7740,0,1,0,0,0
7741,0,1,0,0,0
7742,0,1,0,0,0
7743,0,1,0,0,0
7744,0,1,0,0,0
7745,0,1,0,0,0
7746,0,1,0,0,0
7747,0,1,0,0,0
7748,0,1,0,0,0
7749,0,1,0,0,0
7750,0,1,0,0,0
7751,0,1,0,0,0
7752,0,1,0,0,0
7753,0,1,0,0,0
7754,0,1,0,0,0
7755,0,1,0,0,0
7756,0,1,0,0,0
7757,0,1,0,0,0
7758,0,1,0,0,0
7759,0,1,0,0,0
7760,0,1,0,0,0
7761,0,1,0,0,0
7762,0,1,0,0,0
7763,0,1,0,0,0
7764,0,1,0,0,0
7765,0,1,0,0,0
7766,0,1,0,0,0
7767,1,0,0,0,0
7768,1,0,0,0,0
7769,1,0,0,0,0
7770,1,0,0,0,0
7771,1,0,0,0,0
7772,1,0,0,0,0
7773,1,0,0,0,0
7774,1,0,0,0,0
7775,1,0,0,0,0
7776,1,0,0,0,0
7777,0,0,0,0,1
7778,0,0,0,0,1
7779,0,0,0,0,1
7780,0,0,0,0,1
7781,0,0,0,0,1
7782,0,0,0,0,1
7783,0,0,0,0,1
7784,0,0,0,0,1
7785,0,0,0,0,1
7786,0,0,0,0,1
7787,0,0,0,0,1
7788,0,0,0,0,1
7789,0,0,0,0,1
7790,0,0,0,0,1
7791,0,0,0,0,1
7792,0,0,0,0,1
7793,0,0,0,0,1
7794,0,0,0,0,1
7795,0,0,0,0,1
7796,0,0,0,0,1
7797,0,0,0,0,1
7798,0,0,0,0,1
7799,0,0,0,0,1
7800,0,0,0,0,1
7801,0,0,0,0,1
7802,0,0,0,0,1
7803,0,0,0,0,1
7804,0,0,0,0,1
7805,0,0,0,0,1
7806,0,0,0,0,1
7807,0,0,0,0,1
7808,0,0,0,0,1
7809,0,0,0,0,1
7810,0,0,0,0,1
7811,0,0,0,0,1
7812,0,0,0,0,1
7813,0,0,0,0,1
7814,0,0,0,0,1
7815,0,0,0,0,1
7816,0,0,0,0,1
7817,0,0,0,0,1
7818,0,0,0,0,1
7819,0,0,0,0,1
7820,0,0,0,0,1
7821,0,0,0,0,1
7822,0,0,0,0,1
7823,0,0,0,0,1
7824,0,0,0,0,1
7825,0,0,0,0,1
7826,0,0,0,0,1
7827,0,0,0,0,1
7828,0,0,0,0,1
7829,0,0,0,0,1
7830,0,0,0,0,1
7831,0,0,0,0,1
7832,0,0,0,0,1
7833,0,0,0,0,1
7834,0,0,0,0,1
7835,0,0,0,0,1
7836,0,0,0,0,1
7837,0,0,0,0,1
7838,0,0,0,0,1
7839,0,0,0,0,1
7840,0,0,0,0,1
7841,0,0,0,0,1
7842,0,0,0,0,1
7843,0,0,0,0,1
7844,0,0,0,0,1
7845,0,0,0,0,1
7846,0,0,0,0,1
7847,0,0,0,0,1
7848,0,0,0,0,1
7849,0,0,0,0,1
7850,0,0,0,0,1
7851,0,0,0,0,1
7852,0,0,0,0,1
7853,0,0,0,0,1
7854,0,0,0,0,1
7855,0,0,0,0,1
7856,0,0,0,0,1
7857,0,0,0,0,1
7858,0,0,0,0,1
7859,0,0,0,0,1
7860,0,0,0,0,1
7861,0,0,0,0,1
7862,0,0,0,0,1
7863,0,0,0,0,1
7864,0,0,0,0,1
7865,0,0,0,0,1
7866,0,0,0,0,1
7867,0,0,0,0,1
7868,0,0,0,0,1
7869,0,0,0,0,1
7870,0,0,0,0,1
7871,0,0,0,0,1
7872,0,0,0,0,1
7873,0,0,0,0,1
7874,0,0,0,0,1
7875,0,0,0,0,1
7876,0,0,0,0,1
7877,0,0,0,0,1
7878,0,0,0,0,1
7879,0,0,0,0,1
7880,0,0,0,0,1
7881,0,0,0,0,1
7882,0,0,0,0,1
7883,0,0,0,0,1
7884,0,0,0,0,1
7885,0,0,0,0,1
7886,0,0,0,0,1
7887,0,0,0,0,1
7888,0,0,0,0,1
7889,0,0,0,0,1
7890,0,0,0,0,1
7891,0,0,0,0,1
7892,0,0,0,0,1
7893,0,0,0,0,1
7894,0,0,0,0,1
7895,0,0,0,0,1
7896,0,0,0,0,1
7897,0,0,0,0,1
7898,0,0,0,0,1
7899,0,0,0,0,1
7900,0,0,0,0,1
7901,0,0,0,0,1
7902,0,0,0,0,1
7903,0,0,0,0,1
7904,0,0,0,0,1
7905,0,0,0,0,1
7906,0,0,0,0,1
7907,0,0,0,0,1
7908,0,0,0,0,1
7909,0,0,0,0,1
7910,0,0,0,0,1
7911,0,0,0,0,1
7912,0,0,0,0,1
7913,0,0,0,0,1
7914,0,0,0,0,1
7915,0,0,0,0,1
7916,0,0,0,0,1
7917,0,0,0,0,1
7918,0,0,0,0,1
7919,0,0,0,0,1
7920,0,0,0,0,1
7921,0,0,0,0,1
7922,0,0,0,0,1
7923,0,0,0,0,1
7924,0,0,0,0,1
7925,0,0,0,0,1
7926,0,0,0,0,1
7927,0,0,0,0,1
7928,0,0,0,0,1
7929,0,0,0,0,1
7930,0,0,0,0,1
7931,0,0,0,0,1
7932,0,0,0,0,1
7933,0,0,0,0,1
7934,0,0,0,0,1
7935,0,0,0,0,1
7936,0,0,0,0,1
7937,0,0,0,0,1
7938,0,0,0,0,1
7939,0,0,0,0,1
7940,0,0,0,0,1
7941,0,0,0,0,1
7942,0,0,0,0,1
7943,0,0,0,0,1
7944,0,0,0,0,1
7945,0,0,0,0,1
7946,0,0,0,0,1
7947,0,0,0,0,1
7948,0,0,0,0,1
7949,0,0,0,0,1
7950,0,0,0,0,1
7951,0,0,0,0,1
7952,0,0,0,0,1
7953,0,0,0,0,1
7954,0,0,0,0,1
7955,0,0,0,0,1
7956,0,0,0,0,1
7957,0,0,0,0,1
7958,0,0,0,0,1
7959,0,0,0,0,1
7960,0,0,0,0,1
7961,0,0,0,0,1
7962,0,0,0,0,1
7963,0,0,0,0,1
7964,0,0,0,0,1
7965,0,0,0,0,1
7966,0,0,0,0,1
7967,0,0,0,0,1
7968,0,0,0,0,1
7969,0,0,0,0,1
7970,0,0,0,0,1
7971,0,0,0,0,1
7972,0,0,0,0,1
7973,0,0,0,0,1
7974,0,0,0,0,1
7975,0,0,0,0,1
7976,0,0,0,0,1
7977,0,0,0,0,1
7978,0,0,0,0,1
7979,0,0,0,0,1
7980,0,0,0,0,1
7981,1,0,0,0,0
7982,1,0,0,0,0
7983,1,0,0,0,0
7984,1,0,0,0,0
7985,1,0,0,0,0
7986,1,0,0,0,0
7987,1,0,0,0,0
7988,1,0,0,0,0
7989,1,0,0,0,0
7990,1,0,0,0,0
7991,1,0,0,0,0
7992,1,0,0,0,0
7993,1,0,0,0,0
7994,1,0,0,0,0
7995,1,0,0,0,0
7996,1,0,0,0,0
7997,1,0,0,0,0
7998,1,0,0,0,0
7999,1,0,0,0,0
8000,1,0,0,0,0
8001,1,0,0,0,0
8002,1,0,0,0,0
8003,1,0,0,0,0
8004,1,0,0,0,0
8005,1,0,0,0,0
8006,1,0,0,0,0
8007,1,0,0,0,0
8008,1,0,0,0,0
8009,1,0,0,0,0
8010,1,0,0,0,0
8011,1,0,0,0,0
8012,1,0,0,0,0
8013,1,0,0,0,0
8014,1,0,0,0,0
8015,1,0,0,0,0
8016,1,0,0,0,0
8017,1,0,0,0,0
8018,1,0,0,0,0
8019,1,0,0,0,0
8020,1,0,0,0,0
8021,1,0,0,0,0
8022,1,0,0,0,0
8023,1,0,0,0,0
8024,1,0,0,0,0
8025,1,0,0,0,0
8026,1,0,0,0,0
8027,1,0,0,0,0
8028,1,0,0,0,0
8029,1,0,0,0,0
8030,1,0,0,0,0
8031,1,0,0,0,0
8032,1,0,0,0,0
8033,1,0,0,0,0
8034,1,0,0,0,0
8035,1,0,0,0,0
8036,1,0,0,0,0
8037,1,0,0,0,0
8038,1,0,0,0,0
8039,1,0,0,0,0
8040,1,0,0,0,0
8041,1,0,0,0,0
8042,1,0,0,0,0
8043,1,0,0,0,0
8044,1,0,0,0,0
8045,1,0,0,0,0
8046,1,0,0,0,0
8047,1,0,0,0,0
8048,1,0,0,0,0
8049,1,0,0,0,0
8050,1,0,0,0,0
8051,1,0,0,0,0
8052,1,0,0,0,0
8053,1,0,0,0,0
8054,1,0,0,0,0
8055,0,0,0,0,1
8056,0,0,0,0,1
8057,0,0,0,0,1
8058,0,0,0,0,1
8059,0,0,0,0,1
8060,0,0,0,0,1
8061,0,0,0,0,1
8062,0,0,0,0,1
8063,0,0,0,0,1
8064,0,0,0,0,1
8065,0,0,0,0,1
8066,0,0,0,0,1
8067,0,0,0,0,1
8068,0,0,0,0,1
8069,0,0,0,0,1
8070,0,0,0,0,1
8071,0,0,0,0,1
8072,0,0,0,0,1
8073,0,0,0,0,1
8074,0,0,0,0,1
8075,0,0,0,0,1
8076,0,0,0,0,1
8077,0,0,0,0,1
8078,0,0,0,0,1
8079,0,0,0,0,1
8080,0,0,0,0,1
8081,0,0,0,0,1
8082,0,0,0,0,1
8083,0,0,0,0,1
8084,0,0,0,0,1
8085,0,0,0,0,1
8086,0,0,0,0,1
8087,0,0,0,0,1
8088,0,0,0,0,1
8089,0,0,0,0,1
8090,0,0,0,0,1
8091,0,0,0,0,1
8092,0,0,0,0,1
8093,0,0,0,0,1
8094,0,0,0,0,1
8095,0,0,0,0,1
8096,0,0,0,0,1
8097,0,0,0,0,1
8098,0,0,0,0,1
8099,0,0,0,0,1
8100,0,0,0,0,1
8101,0,0,0,0,1
8102,0,0,0,0,1
8103,0,0,0,0,1
8104,0,0,0,0,1
8105,0,0,0,0,1
8106,0,0,0,0,1
8107,0,0,0,0,1
8108,0,0,0,0,1
8109,0,0,0,0,1
8110,0,0,0,0,1
8111,0,0,0,0,1
8112,0,0,0,0,1
8113,0,0,0,0,1
8114,0,0,0,0,1
8115,0,0,0,0,1
8116,0,0,0,0,1
8117,0,0,0,0,1
8118,0,0,0,0,1
8119,0,0,0,0,1
8120,0,0,0,0,1
8121,0,0,0,0,1
8122,0,0,0,0,1
8123,0,0,0,0,1
8124,0,0,0,0,1
8125,0,0,0,0,1
8126,0,0,0,0,1
8127,0,0,0,0,1
8128,0,0,0,0,1
8129,0,0,0,0,1
8130,0,0,0,0,1
8131,0,0,0,0,1
8132,0,0,0,0,1
8133,0,0,0,0,1
8134,0,0,0,0,1
8135,0,0,0,0,1
8136,0,0,0,0,1
8137,0,0,0,0,1
8138,0,0,0,0,1
8139,1,0,0,0,0
8140,1,0,0,0,0
8141,1,0,0,0,0
8142,1,0,0,0,0
8143,1,0,0,0,0
8144,1,0,0,0,0
8145,1,0,0,0,0
8146,1,0,0,0,0
8147,1,0,0,0,0
8148,1,0,0,0,0
8149,1,0,0,0,0
8150,1,0,0,0,0
8151,1,0,0,0,0
8152,1,0,0,0,0
8153,1,0,0,0,0
8154,1,0,0,0,0
8155,1,0,0,0,0
8156,1,0,0,0,0
8157,1,0,0,0,0
8158,1,0,0,0,0
8159,1,0,0,0,0
8160,1,0,0,0,0
8161,1,0,0,0,0
8162,1,0,0,0,0
8163,1,0,0,0,0
8164,1,0,0,0,0
8165,1,0,0,0,0
8166,1,0,0,0,0
8167,1,0,0,0,0
8168,1,0,0,0,0
8169,1,0,0,0,0
8170,1,0,0,0,0
8171,1,0,0,0,0
8172,0,0,0,0,1
8173,0,0,0,0,1
8174,0,0,0,0,1
8175,0,0,0,0,1
8176,0,0,0,0,1
8177,0,0,0,0,1
8178,0,0,0,0,1
8179,0,0,0,0,1
8180,0,0,0,0,1
8181,0,0,0,0,1
8182,0,0,0,0,1
8183,0,0,0,0,1
8184,0,0,0,0,1
8185,0,0,0,0,1
8186,0,0,0,0,1
8187,0,0,0,0,1
8188,0,0,0,0,1
8189,0,0,0,0,1
8190,0,0,0,0,1
8191,0,0,0,0,1
8192,0,0,0,0,1
8193,0,0,0,0,1
8194,0,0,0,0,1
8195,0,0,0,0,1
8196,0,0,0,0,1
8197,0,0,0,0,1
8198,0,0,0,0,1
8199,0,0,0,0,1
8200,0,0,0,0,1
8201,0,0,0,0,1
8202,0,0,0,0,1
8203,0,0,0,0,1
8204,0,0,0,0,1
8205,0,0,0,0,1
8206,0,0,0,0,1
8207,0,0,0,0,1
8208,0,0,0,0,1
8209,0,0,0,0,1
8210,0,0,0,0,1
8211,0,0,0,0,1
8212,0,0,0,0,1
8213,0,0,0,0,1
8214,0,0,0,0,1
8215,0,0,0,0,1
8216,0,0,0,0,1
8217,0,0,0,0,1
8218,0,0,0,0,1
8219,0,0,0,0,1
8220,0,0,0,0,1
8221,0,0,0,0,1
8222,0,0,0,0,1
8223,0,0,0,0,1
8224,0,0,0,0,1
8225,0,0,0,0,1
8226,0,0,0,0,1
8227,0,0,0,0,1
8228,0,0,0,0,1
8229,0,0,0,0,1
8230,0,0,0,0,1
8231,0,0,0,0,1
8232,0,0,0,0,1
8233,0,0,0,0,1
8234,0,0,0,0,1
8235,0,0,0,0,1
8236,0,0,0,0,1
8237,0,0,0,0,1
8238,0,0,0,0,1
8239,0,0,0,0,1
8240,0,0,0,0,1
8241,0,0,0,0,1
8242,0,0,0,0,1
8243,0,0,0,0,1
8244,0,0,0,0,1
8245,0,0,0,0,1
8246,0,0,0,0,1
8247,0,0,0,0,1
8248,0,0,0,0,1
8249,0,0,0,0,1
8250,0,0,0,0,1
8251,0,0,0,0,1
8252,0,0,0,0,1
8253,0,0,0,0,1
8254,0,0,0,0,1
8255,0,0,0,0,1
8256,0,0,0,0,1
8257,0,0,0,0,1
8258,0,0,0,0,1
8259,0,0,0,0,1
8260,0,0,0,0,1
8261,0,0,0,0,1
8262,0,0,0,0,1
8263,0,0,0,0,1
8264,0,0,0,0,1
8265,0,0,0,0,1
8266,0,0,0,0,1
8267,0,0,0,0,1
8268,0,0,0,0,1
8269,0,0,0,0,1
8270,0,0,0,0,1
8271,0,0,0,0,1
8272,0,0,0,0,1
8273,0,0,0,0,1
8274,0,0,0,0,1
8275,0,0,0,0,1
8276,0,0,0,0,1
8277,0,0,0,0,1
8278,0,0,0,0,1
8279,0,0,0,0,1
8280,0,0,0,0,1
8281,0,0,0,0,1
8282,0,0,0,0,1
8283,0,0,0,0,1
8284,0,0,0,0,1
8285,0,0,0,0,1
8286,0,0,0,0,1
8287,0,0,0,0,1
8288,0,0,0,0,1
8289,0,0,0,0,1
8290,0,0,0,0,1
8291,0,0,0,0,1
8292,0,0,0,0,1
8293,0,0,0,0,1
8294,0,0,0,0,1
8295,0,0,0,0,1
8296,0,0,0,0,1
8297,0,0,0,0,1
8298,0,0,0,0,1
8299,0,0,0,0,1
8300,0,0,0,0,1
8301,0,0,0,0,1
8302,0,0,0,0,1
8303,0,0,0,0,1
8304,0,0,0,0,1
8305,0,0,0,0,1
8306,0,0,0,0,1
8307,0,0,0,0,1
8308,0,0,0,0,1
8309,0,0,0,0,1
8310,0,0,0,0,1
8311,0,0,0,0,1
8312,0,0,0,0,1
8313,0,0,0,0,1
8314,0,0,0,0,1
8315,0,0,0,0,1
8316,0,0,0,0,1
8317,0,0,0,0,1
8318,0,0,0,0,1
8319,0,0,0,0,1
8320,0,0,0,0,1
8321,0,0,0,0,1
8322,0,0,0,0,1
8323,0,0,0,0,1
8324,0,0,0,0,1
8325,0,0,0,0,1
8326,0,0,0,0,1
8327,0,0,0,0,1
8328,0,0,0,0,1
8329,0,0,0,0,1
8330,0,0,0,0,1
8331,0,0,0,0,1
8332,0,0,0,0,1
8333,0,0,0,0,1
8334,0,0,0,0,1
8335,0,0,0,0,1
8336,0,0,0,0,1
8337,0,0,0,0,1
8338,0,0,0,0,1
8339,0,0,0,0,1
8340,0,0,0,0,1
8341,0,0,0,0,1
8342,0,0,0,0,1
8343,0,0,0,0,1
8344,0,0,0,0,1
8345,0,0,0,0,1
8346,0,0,0,0,1
8347,0,0,0,0,1
8348,0,0,0,0,1
8349,0,0,0,0,1
8350,0,0,0,0,1
8351,0,0,0,0,1
8352,0,0,0,0,1
8353,0,0,0,0,1
8354,0,0,0,0,1
8355,0,0,0,0,1
8356,0,0,0,0,1
8357,0,0,0,0,1
8358,0,0,0,0,1
8359,0,0,0,0,1
8360,0,0,0,0,1
8361,0,0,0,0,1
8362,0,0,0,0,1
8363,0,0,0,0,1
8364,0,0,0,0,1
8365,0,0,0,0,1
8366,0,0,0,0,1
8367,0,0,0,0,1
8368,0,0,0,0,1
8369,0,0,0,0,1
8370,0,0,0,0,1
8371,0,0,0,0,1
8372,0,0,0,0,1
8373,0,0,0,0,1
8374,0,0,0,0,1
8375,0,0,0,0,1
8376,0,0,0,0,1
8377,0,0,0,0,1
8378,0,0,0,0,1
8379,0,0,0,0,1
8380,0,0,0,0,1
8381,0,0,0,0,1
8382,0,0,0,0,1
8383,0,0,0,0,1
8384,0,0,0,0,1
8385,0,0,0,0,1
8386,0,0,0,0,1
8387,0,0,0,0,1
8388,0,0,0,0,1
8389,0,0,0,0,1
8390,0,0,0,0,1
8391,0,0,0,0,1
8392,0,0,0,0,1
8393,0,0,0,0,1
8394,0,0,0,0,1
8395,0,0,0,0,1
8396,0,0,0,0,1
8397,0,0,0,0,1
8398,0,0,0,0,1
8399,0,0,0,0,1
8400,0,0,0,0,1
8401,0,0,0,0,1
8402,0,0,0,0,1
8403,0,0,0,0,1
8404,0,0,0,0,1
8405,0,0,0,0,1
8406,0,0,0,0,1
8407,0,0,0,0,1
8408,0,0,0,0,1
8409,0,0,0,0,1
8410,0,0,0,0,1
8411,0,0,0,0,1
8412,0,0,0,0,1
8413,0,0,0,0,1
8414,0,0,0,0,1
8415,0,0,0,0,1
8416,0,0,0,0,1
8417,0,0,0,0,1
8418,0,0,0,0,1
8419,0,0,0,0,1
8420,0,0,0,0,1
8421,0,0,0,0,1
8422,0,0,0,0,1
8423,0,0,0,0,1
8424,0,0,0,0,1
8425,0,0,0,0,1
8426,0,0,0,0,1
8427,0,0,0,0,1
8428,0,0,0,0,1
8429,0,0,0,0,1
8430,0,0,0,0,1
8431,0,0,0,0,1
8432,0,0,0,0,1
8433,0,0,0,0,1
8434,0,0,0,0,1
8435,0,0,0,0,1
8436,0,0,0,0,1
8437,0,0,0,0,1
8438,0,0,0,0,1
8439,0,0,0,0,1
8440,0,0,0,0,1
8441,0,0,0,0,1
8442,0,0,0,0,1
8443,0,0,0,0,1
8444,0,0,0,0,1
8445,0,0,0,0,1
8446,0,0,0,0,1
8447,0,0,0,0,1
8448,0,0,0,0,1
8449,0,0,0,0,1
8450,0,0,0,0,1
8451,0,0,0,0,1
8452,0,0,0,0,1
8453,0,0,0,0,1
8454,0,0,0,0,1
8455,0,0,0,0,1
8456,0,0,0,0,1
8457,0,0,0,0,1
8458,0,0,0,0,1
8459,0,0,0,0,1
8460,0,0,0,0,1
8461,0,0,0,0,1
8462,0,0,0,0,1
8463,0,0,0,0,1
8464,0,0,0,0,1
8465,0,0,0,0,1
8466,0,0,0,0,1
8467,0,0,0,0,1
8468,0,0,0,0,1
8469,0,0,0,0,1
8470,0,0,0,0,1
8471,0,0,0,0,1
8472,0,0,0,0,1
8473,0,0,0,0,1
8474,0,0,0,0,1
8475,0,0,0,0,1
8476,0,0,0,0,1
8477,0,0,0,0,1
8478,0,0,0,0,1
8479,0,0,0,0,1
8480,0,0,0,0,1
8481,1,0,0,0,0
8482,1,0,0,0,0
8483,1,0,0,0,0
8484,1,0,0,0,0
8485,1,0,0,0,0
8486,1,0,0,0,0
8487,1,0,0,0,0
8488,1,0,0,0,0
8489,1,0,0,0,0
8490,1,0,0,0,0
8491,1,0,0,0,0
8492,1,0,0,0,0
8493,1,0,0,0,0
8494,1,0,0,0,0
8495,1,0,0,0,0
8496,1,0,0,0,0
8497,1,0,0,0,0
8498,1,0,0,0,0
8499,1,0,0,0,0
8500,1,0,0,0,0
8501,1,0,0,0,0
8502,1,0,0,0,0
8503,1,0,0,0,0
8504,1,0,0,0,0
8505,1,0,0,0,0
8506,1,0,0,0,0
8507,1,0,0,0,0
8508,1,0,0,0,0
8509,1,0,0,0,0
8510,1,0,0,0,0
8511,1,0,0,0,0
8512,1,0,0,0,0
8513,1,0,0,0,0
8514,1,0,0,0,0
8515,1,0,0,0,0
8516,1,0,0,0,0
8517,1,0,0,0,0
8518,1,0,0,0,0
8519,1,0,0,0,0
8520,1,0,0,0,0
8521,1,0,0,0,0
8522,1,0,0,0,0
8523,1,0,0,0,0
8524,1,0,0,0,0
8525,1,0,0,0,0
8526,1,0,0,0,0
8527,1,0,0,0,0
8528,1,0,0,0,0
8529,1,0,0,0,0
8530,1,0,0,0,0
8531,1,0,0,0,0
8532,1,0,0,0,0
8533,1,0,0,0,0
8534,1,0,0,0,0
8535,1,0,0,0,0
8536,1,0,0,0,0
8537,1,0,0,0,0
8538,1,0,0,0,0
8539,1,0,0,0,0
8540,1,0,0,0,0
8541,1,0,0,0,0
8542,1,0,0,0,0
8543,1,0,0,0,0
8544,1,0,0,0,0
8545,1,0,0,0,0
8546,1,0,0,0,0
8547,1,0,0,0,0
8548,1,0,0,0,0
8549,1,0,0,0,0
8550,1,0,0,0,0
8551,1,0,0,0,0
8552,1,0,0,0,0
8553,1,0,0,0,0
8554,1,0,0,0,0
8555,1,0,0,0,0
8556,1,0,0,0,0
8557,1,0,0,0,0
8558,1,0,0,0,0
8559,1,0,0,0,0
8560,1,0,0,0,0
8561,1,0,0,0,0
8562,1,0,0,0,0
8563,1,0,0,0,0
8564,1,0,0,0,0
8565,1,0,0,0,0
8566,1,0,0,0,0
8567,1,0,0,0,0
8568,1,0,0,0,0
8569,1,0,0,0,0
8570,1,0,0,0,0
8571,1,0,0,0,0
8572,1,0,0,0,0
8573,1,0,0,0,0
8574,1,0,0,0,0
8575,1,0,0,0,0
8576,1,0,0,0,0
8577,1,0,0,0,0
8578,1,0,0,0,0
8579,1,0,0,0,0
8580,1,0,0,0,0
8581,1,0,0,0,0
8582,1,0,0,0,0
8583,1,0,0,0,0
8584,1,0,0,0,0
8585,1,0,0,0,0
8586,1,0,0,0,0
8587,1,0,0,0,0
8588,1,0,0,0,0
8589,1,0,0,0,0
8590,1,0,0,0,0
8591,1,0,0,0,0
8592,1,0,0,0,0
8593,0,0,0,0,1
8594,0,0,0,0,1
8595,0,0,0,0,1
8596,0,0,0,0,1
8597,0,0,0,0,1
8598,0,0,0,0,1
8599,0,0,0,0,1
8600,0,0,0,0,1
8601,0,0,0,0,1
8602,0,0,0,0,1
8603,0,0,0,0,1
8604,0,0,0,0,1
8605,0,0,0,0,1
8606,0,0,0,0,1
8607,0,0,0,0,1
8608,0,0,0,0,1
8609,0,0,0,0,1
8610,0,0,0,0,1
8611,0,0,0,0,1
8612,0,0,0,0,1
8613,0,0,0,0,1
8614,0,0,0,0,1
8615,0,0,0,0,1
8616,0,0,0,0,1
8617,0,0,0,0,1
8618,0,0,0,0,1
8619,0,0,0,0,1
8620,0,0,0,0,1
8621,0,0,0,0,1
8622,0,0,0,0,1
8623,0,0,0,0,1
8624,0,0,0,0,1
8625,0,0,0,0,1
8626,0,0,0,0,1
8627,0,0,0,0,1
8628,0,0,0,0,1
8629,0,0,0,0,1
8630,0,0,0,0,1
8631,0,0,0,0,1
8632,0,0,0,0,1
8633,0,0,0,0,1
8634,0,0,0,0,1
8635,0,0,0,0,1
8636,0,0,0,0,1
8637,0,0,0,0,1
8638,0,0,0,0,1
8639,0,0,0,0,1
8640,0,0,0,0,1
8641,0,0,0,0,1
8642,0,0,0,0,1
8643,0,0,0,0,1
8644,0,0,0,0,1
8645,0,0,0,0,1
8646,0,0,0,0,1
8647,0,0,0,0,1
8648,0,0,0,0,1
8649,0,0,0,0,1
8650,0,0,0,0,1
8651,0,0,0,0,1
8652,0,0,0,0,1
8653,0,0,0,0,1
8654,0,0,0,0,1
8655,0,0,0,0,1
8656,0,0,0,0,1
8657,0,0,0,0,1
8658,0,0,0,0,1
8659,0,0,0,0,1
8660,0,0,0,0,1
8661,0,0,0,0,1
8662,0,0,0,0,1
8663,0,0,0,0,1
8664,0,0,0,0,1
8665,0,0,0,0,1
8666,0,0,0,0,1
8667,0,0,0,0,1
8668,0,0,0,0,1
8669,0,0,0,0,1
8670,0,0,0,0,1
8671,0,0,0,0,1
8672,0,0,0,0,1
8673,0,0,0,0,1
8674,0,0,0,0,1
8675,0,0,0,0,1
8676,0,0,0,0,1
8677,0,0,0,0,1
8678,0,0,0,0,1
8679,0,0,0,0,1
8680,0,0,0,0,1
8681,0,0,0,0,1
8682,0,0,0,0,1
8683,0,0,0,0,1
8684,0,0,0,0,1
8685,0,0,0,0,1
8686,0,0,0,0,1
8687,0,0,0,0,1
8688,0,0,0,0,1
8689,0,0,0,0,1
8690,0,0,0,0,1
8691,0,0,0,0,1
8692,0,0,0,0,1
8693,0,0,0,0,1
8694,0,0,0,0,1
8695,0,0,0,0,1
8696,0,0,0,0,1
8697,0,0,0,0,1
8698,0,0,0,0,1
8699,0,0,0,0,1
8700,0,0,0,0,1
8701,0,0,0,0,1
8702,0,0,0,0,1
8703,0,0,0,0,1
8704,0,0,0,0,1
8705,0,0,0,0,1
8706,0,0,0,0,1
8707,0,0,0,0,1
8708,0,0,0,0,1
8709,0,0,0,0,1
8710,0,0,0,0,1
8711,0,0,0,0,1
8712,0,0,0,0,1
8713,0,0,0,0,1
8714,0,0,0,0,1
8715,0,0,0,0,1
8716,0,0,0,0,1
8717,0,0,0,0,1
8718,0,0,0,0,1
8719,0,0,0,0,1
8720,0,0,0,0,1
8721,0,0,0,0,1
8722,0,0,0,0,1
8723,0,0,0,0,1
8724,0,0,0,0,1
8725,0,0,0,0,1
8726,0,0,0,0,1
8727,0,0,0,0,1
8728,0,0,0,0,1
8729,0,0,0,0,1
8730,0,0,0,0,1
8731,0,0,0,0,1
8732,0,0,0,0,1
8733,0,0,0,0,1
8734,0,0,0,0,1
8735,0,0,0,0,1
8736,0,0,0,0,1
8737,0,0,0,0,1
8738,0,0,0,0,1
8739,0,0,0,0,1
8740,0,0,0,0,1
8741,0,0,0,0,1
8742,0,0,0,0,1
8743,0,0,0,0,1
8744,0,0,0,0,1
8745,0,0,0,0,1
8746,0,0,0,0,1
8747,0,0,0,0,1
8748,0,0,0,0,1
8749,0,0,0,0,1
8750,0,0,0,0,1
8751,0,0,0,0,1
8752,0,0,0,0,1
8753,0,0,0,0,1
8754,0,0,0,0,1
8755,0,0,0,0,1
8756,0,0,0,0,1
8757,0,0,0,0,1
8758,0,0,0,0,1
8759,0,0,0,0,1
8760,0,0,0,0,1
8761,0,0,0,0,1
8762,0,0,0,0,1
8763,0,0,0,0,1
8764,0,0,0,0,1
8765,0,0,0,0,1
8766,0,0,0,0,1
8767,0,0,0,0,1
8768,0,0,0,0,1
8769,0,0,0,0,1
8770,0,0,0,0,1
8771,0,0,0,0,1
8772,0,0,0,0,1
8773,0,0,0,0,1
8774,0,0,0,0,1
8775,0,0,0,0,1
8776,0,0,0,0,1
8777,0,0,0,0,1
8778,0,0,0,0,1
8779,0,0,0,0,1
8780,0,0,0,0,1
8781,0,0,0,0,1
8782,0,0,0,0,1
8783,0,0,0,0,1
8784,0,0,0,0,1
8785,0,0,0,0,1
8786,0,0,0,0,1
8787,0,0,0,0,1
8788,0,0,0,0,1
8789,0,0,0,0,1
8790,0,0,0,0,1
8791,0,0,0,0,1
8792,0,0,0,0,1
8793,0,0,0,0,1
8794,0,0,0,0,1
8795,0,0,0,0,1
8796,0,0,0,0,1
8797,0,0,0,0,1
8798,0,0,0,0,1
8799,0,0,0,0,1
8800,0,0,0,0,1
8801,0,0,0,0,1
8802,0,0,0,0,1
8803,0,0,0,0,1
8804,0,0,0,0,1
8805,0,0,0,0,1
8806,0,0,0,0,1
8807,0,0,0,0,1
8808,0,0,0,0,1
8809,0,0,0,0,1
8810,0,0,0,0,1
8811,0,0,0,0,1
8812,0,0,0,0,1
8813,0,0,0,0,1
8814,0,0,0,0,1
8815,0,0,0,0,1
8816,0,0,0,0,1
8817,0,0,0,0,1
8818,0,0,0,0,1
8819,0,0,0,0,1
8820,0,0,0,0,1
8821,0,0,0,0,1
8822,0,0,0,0,1
8823,0,0,0,0,1
8824,0,0,0,0,1
8825,0,0,0,0,1
8826,0,0,0,0,1
8827,0,0,0,0,1
8828,0,0,0,0,1
8829,0,0,0,0,1
8830,0,0,0,0,1
8831,0,0,0,0,1
8832,0,0,0,0,1
8833,0,0,0,0,1
8834,0,0,0,0,1
8835,0,0,0,0,1
8836,0,0,0,0,1
8837,0,0,0,0,1
8838,0,0,0,0,1
8839,0,0,0,0,1
8840,0,0,0,0,1
8841,0,0,0,0,1
8842,0,0,0,0,1
8843,0,0,0,0,1
8844,0,0,0,0,1
8845,0,0,0,0,1
8846,0,0,0,0,1
8847,0,0,0,0,1
8848,0,0,0,0,1
8849,0,0,0,0,1
8850,0,0,0,0,1
8851,0,0,0,0,1
8852,0,0,0,0,1
8853,0,0,0,0,1
8854,0,0,0,0,1
8855,0,0,0,0,1
8856,0,0,0,0,1
8857,0,0,0,0,1
8858,0,0,0,0,1
8859,0,0,0,0,1
8860,0,0,0,0,1
8861,0,0,0,0,1
8862,0,0,0,0,1
8863,0,0,0,0,1
8864,0,0,0,0,1
8865,0,0,0,0,1
8866,0,0,0,0,1
8867,0,0,0,0,1
8868,0,0,0,0,1
8869,0,0,0,0,1
8870,0,0,0,0,1
8871,0,0,0,0,1
8872,0,0,0,0,1
8873,0,0,0,0,1
8874,0,0,0,0,1
8875,0,0,0,0,1
8876,0,0,0,0,1
8877,0,0,0,0,1
8878,0,0,0,0,1
8879,0,0,0,0,1
8880,0,0,0,0,1
8881,0,0,0,0,1
8882,0,0,0,0,1
8883,0,0,0,0,1
8884,0,0,0,0,1
8885,0,0,0,0,1
8886,0,0,0,0,1
8887,0,0,0,0,1
8888,0,0,0,0,1
8889,0,0,0,0,1
8890,0,0,0,0,1
8891,0,0,0,0,1
8892,0,0,0,0,1
8893,0,0,0,0,1
8894,0,0,0,0,1
8895,0,0,0,0,1
8896,0,0,0,0,1
8897,0,0,0,0,1
8898,0,0,0,0,1
8899,0,0,0,0,1
8900,0,0,0,0,1
8901,0,0,0,0,1
8902,0,0,0,0,1
8903,0,0,0,0,1
8904,0,0,0,0,1
8905,0,0,0,0,1
8906,0,0,0,0,1
8907,0,0,0,0,1
8908,0,0,0,0,1
8909,0,0,0,0,1
8910,0,0,0,0,1
8911,0,0,0,0,1
8912,0,0,0,0,1
8913,0,0,0,0,1
8914,0,0,0,0,1
8915,0,0,0,0,1
8916,0,0,0,0,1
8917,0,0,0,0,1
8918,0,0,0,0,1
8919,0,0,0,0,1
8920,0,0,0,0,1
8921,0,0,0,0,1
8922,0,0,0,0,1
8923,0,0,0,0,1
8924,0,0,0,0,1
8925,0,0,0,0,1
8926,0,0,0,0,1
8927,0,0,0,0,1
8928,0,0,0,0,1
8929,0,0,0,0,1
8930,0,0,0,0,1
8931,0,0,0,0,1
8932,0,0,0,0,1
8933,0,0,0,0,1
8934,0,0,0,0,1
8935,0,0,0,0,1
8936,0,0,0,0,1
8937,0,0,0,0,1
8938,0,0,0,0,1
8939,0,0,0,0,1
8940,0,0,0,0,1
8941,0,0,0,0,1
8942,0,0,0,0,1
8943,0,0,0,0,1
8944,0,0,0,0,1
8945,0,0,0,0,1
8946,0,0,0,0,1
8947,0,0,0,0,1
8948,0,0,0,0,1
8949,0,0,0,0,1
8950,0,0,0,0,1
8951,0,0,0,0,1
8952,0,0,0,0,1
8953,0,0,0,0,1
8954,0,0,0,0,1
8955,0,0,0,0,1
8956,0,0,0,0,1
8957,0,0,0,0,1
8958,0,0,0,0,1
8959,0,0,0,0,1
8960,0,0,0,0,1
8961,0,0,0,0,1
8962,0,0,0,0,1
8963,0,0,0,0,1
8964,0,0,0,0,1
8965,0,0,0,0,1
8966,0,0,0,0,1
8967,0,0,0,0,1
8968,0,0,0,0,1
8969,0,0,0,0,1
8970,0,0,0,0,1
8971,0,0,0,0,1
8972,0,0,0,0,1
8973,0,0,0,0,1
8974,0,0,0,0,1
8975,0,1,0,0,0
8976,0,1,0,0,0
8977,0,1,0,0,0
8978,0,1,0,0,0
8979,0,1,0,0,0
8980,0,1,0,0,0
8981,0,1,0,0,0
8982,0,1,0,0,0
8983,0,1,0,0,0
8984,0,1,0,0,0
8985,0,1,0,0,0
8986,0,1,0,0,0
8987,0,1,0,0,0
8988,0,1,0,0,0
8989,0,1,0,0,0
8990,0,1,0,0,0
8991,0,1,0,0,0
8992,0,1,0,0,0
8993,0,1,0,0,0
8994,0,1,0,0,0
8995,0,1,0,0,0
8996,0,1,0,0,0
8997,0,1,0,0,0
8998,0,1,0,0,0
8999,0,1,0,0,0
9000,0,1,0,0,0
9001,0,1,0,0,0
9002,0,1,0,0,0
9003,0,1,0,0,0
9004,0,1,0,0,0
9005,0,1,0,0,0
9006,0,1,0,0,0
9007,0,1,0,0,0
9008,0,1,0,0,0
9009,0,1,0,0,0
9010,0,1,0,0,0
9011,0,1,0,0,0
9012,0,1,0,0,0
9013,0,1,0,0,0
9014,0,1,0,0,0
9015,0,1,0,0,0
9016,0,1,0,0,0
9017,0,1,0,0,0
9018,0,1,0,0,0
9019,0,1,0,0,0
9020,0,1,0,0,0
9021,0,1,0,0,0
9022,0,1,0,0,0
9023,0,1,0,0,0
9024,0,1,0,0,0
9025,0,1,0,0,0
9026,0,1,0,0,0
9027,0,1,0,0,0
9028,1,0,0,0,0
9029,1,0,0,0,0
9030,1,0,0,0,0
9031,1,0,0,0,0
9032,1,0,0,0,0
9033,1,0,0,0,0
9034,1,0,0,0,0
9035,1,0,0,0,0
9036,1,0,0,0,0
9037,1,0,0,0,0
9038,1,0,0,0,0
9039,1,0,0,0,0
9040,1,0,0,0,0
9041,1,0,0,0,0
9042,1,0,0,0,0
9043,1,0,0,0,0
9044,1,0,0,0,0
9045,1,0,0,0,0
9046,1,0,0,0,0
9047,1,0,0,0,0
9048,1,0,0,0,0
9049,1,0,0,0,0
9050,1,0,0,0,0
9051,1,0,0,0,0
9052,1,0,0,0,0
9053,1,0,0,0,0
9054,1,0,0,0,0
9055,1,0,0,0,0
9056,1,0,0,0,0
9057,1,0,0,0,0
9058,1,0,0,0,0
9059,1,0,0,0,0
9060,1,0,0,0,0
9061,1,0,0,0,0
9062,1,0,0,0,0
9063,1,0,0,0,0
9064,1,0,0,0,0
9065,1,0,0,0,0
9066,0,0,0,0,1
9067,0,0,0,0,1
9068,0,0,0,0,1
9069,0,0,0,0,1
9070,0,0,0,0,1
9071,0,0,0,0,1
9072,0,0,0,0,1
9073,0,0,0,0,1
9074,0,0,0,0,1
9075,0,0,0,0,1
9076,0,0,0,0,1
9077,0,0,0,0,1
9078,0,0,0,0,1
9079,0,0,0,0,1
9080,0,0,0,0,1
9081,0,0,0,0,1
9082,0,0,0,0,1
9083,0,0,0,0,1
9084,0,0,0,0,1
9085,0,0,0,0,1
9086,0,0,0,0,1
9087,0,0,0,0,1
9088,0,0,0,0,1
9089,0,0,0,0,1
9090,0,0,0,0,1
9091,0,0,0,0,1
9092,0,0,0,0,1
9093,0,0,0,0,1
9094,0,0,0,0,1
9095,0,0,0,0,1
9096,0,0,0,0,1
9097,0,0,0,0,1
9098,0,0,0,0,1
9099,0,0,0,0,1
9100,0,0,0,0,1
9101,0,0,0,0,1
9102,0,0,0,0,1
9103,0,0,0,0,1
9104,0,0,0,0,1
9105,0,0,0,0,1
9106,0,0,0,0,1
9107,0,0,0,0,1
9108,0,0,0,0,1
9109,0,0,0,0,1
9110,0,0,0,0,1
9111,0,0,0,0,1
9112,0,0,0,0,1
9113,0,0,0,0,1
9114,0,0,0,0,1
9115,0,0,0,0,1
9116,0,0,0,0,1
9117,0,0,0,0,1
9118,0,0,0,0,1
9119,0,0,0,0,1
9120,0,0,0,0,1
9121,0,0,0,0,1
9122,0,0,0,0,1
9123,0,0,0,0,1
9124,0,0,0,0,1
9125,0,0,0,0,1
9126,0,0,0,0,1
9127,0,0,0,0,1
9128,0,0,0,0,1
9129,0,0,0,0,1
9130,0,0,0,0,1
9131,0,0,0,0,1
9132,0,0,0,0,1
9133,0,0,0,0,1
9134,0,0,0,0,1
9135,0,0,0,0,1
9136,0,0,0,0,1
9137,0,0,0,0,1
9138,0,0,0,0,1
9139,0,0,0,0,1
9140,0,0,0,0,1
9141,0,0,0,0,1
9142,0,0,0,0,1
9143,0,0,0,0,1
9144,0,0,0,0,1
9145,0,0,0,0,1
9146,0,0,0,0,1
9147,0,0,0,0,1
9148,0,0,0,0,1
9149,0,0,0,0,1
9150,0,0,0,0,1
9151,0,0,0,0,1
9152,0,0,0,0,1
9153,0,0,0,0,1
9154,0,0,0,0,1
9155,0,0,0,0,1
9156,0,0,0,0,1
9157,0,0,0,0,1
9158,0,0,0,0,1
9159,0,0,0,0,1
9160,0,0,0,0,1
9161,0,0,0,0,1
9162,0,0,0,0,1
9163,0,0,0,0,1
9164,0,0,0,0,1
9165,0,0,0,0,1
9166,0,0,0,0,1
9167,0,0,0,0,1
9168,0,0,0,0,1
9169,0,0,0,0,1
9170,0,0,0,0,1
9171,0,0,0,0,1
9172,0,0,0,0,1
9173,0,0,0,0,1
9174,0,0,0,0,1
9175,0,0,0,0,1
9176,0,0,0,0,1
9177,0,0,0,0,1
9178,0,0,0,0,1
9179,0,0,0,0,1
9180,0,0,0,0,1
9181,0,0,0,0,1
9182,0,0,0,0,1
9183,0,0,0,0,1
9184,0,0,0,0,1
9185,0,0,0,0,1
9186,0,0,0,0,1
9187,0,0,0,0,1
9188,0,0,0,0,1
9189,0,0,0,0,1
9190,0,0,0,0,1
9191,0,0,0,0,1
9192,0,0,0,0,1
9193,0,0,0,0,1
9194,0,0,0,0,1
9195,0,0,0,0,1
9196,0,0,0,0,1
9197,0,0,0,0,1
9198,0,0,0,0,1
9199,0,0,0,0,1
9200,0,0,0,0,1
9201,0,0,0,0,1
9202,0,0,0,0,1
9203,0,0,0,0,1
9204,0,0,0,0,1
9205,0,0,0,0,1
9206,0,0,0,0,1
9207,0,0,0,0,1
9208,0,0,0,0,1
9209,0,0,0,0,1
9210,0,0,0,0,1
9211,0,0,0,0,1
9212,0,0,0,0,1
9213,0,0,0,0,1
9214,0,0,0,0,1
9215,1,0,0,0,0
9216,1,0,0,0,0
9217,1,0,0,0,0
9218,1,0,0,0,0
9219,1,0,0,0,0
9220,1,0,0,0,0
9221,1,0,0,0,0
9222,1,0,0,0,0
9223,1,0,0,0,0
9224,1,0,0,0,0
9225,1,0,0,0,0
9226,1,0,0,0,0
9227,1,0,0,0,0
9228,1,0,0,0,0
9229,1,0,0,0,0
9230,1,0,0,0,0
9231,1,0,0,0,0
9232,1,0,0,0,0
9233,1,0,0,0,0
9234,1,0,0,0,0
9235,1,0,0,0,0
9236,1,0,0,0,0
9237,1,0,0,0,0
9238,1,0,0,0,0
9239,1,0,0,0,0
9240,1,0,0,0,0
9241,1,0,0,0,0
9242,1,0,0,0,0
9243,1,0,0,0,0
9244,1,0,0,0,0
9245,1,0,0,0,0
9246,1,0,0,0,0
9247,1,0,0,0,0
9248,1,0,0,0,0
9249,1,0,0,0,0
9250,1,0,0,0,0
9251,1,0,0,0,0
9252,1,0,0,0,0
9253,1,0,0,0,0
9254,1,0,0,0,0
9255,1,0,0,0,0
9256,1,0,0,0,0
9257,1,0,0,0,0
9258,1,0,0,0,0
9259,1,0,0,0,0
9260,1,0,0,0,0
9261,1,0,0,0,0
9262,1,0,0,0,0
9263,1,0,0,0,0
9264,1,0,0,0,0
9265,1,0,0,0,0
9266,1,0,0,0,0
9267,1,0,0,0,0
9268,1,0,0,0,0
9269,1,0,0,0,0
9270,1,0,0,0,0
9271,1,0,0,0,0
9272,1,0,0,0,0
9273,1,0,0,0,0
9274,1,0,0,0,0
9275,1,0,0,0,0
9276,1,0,0,0,0
9277,1,0,0,0,0
9278,1,0,0,0,0
9279,1,0,0,0,0
9280,1,0,0,0,0
9281,1,0,0,0,0
9282,1,0,0,0,0
9283,1,0,0,0,0
9284,1,0,0,0,0
9285,1,0,0,0,0
9286,1,0,0,0,0
9287,1,0,0,0,0
9288,1,0,0,0,0
9289,1,0,0,0,0
9290,1,0,0,0,0
9291,1,0,0,0,0
9292,1,0,0,0,0
9293,1,0,0,0,0
9294,1,0,0,0,0
9295,1,0,0,0,0
9296,1,0,0,0,0
9297,1,0,0,0,0
9298,1,0,0,0,0
9299,1,0,0,0,0
9300,1,0,0,0,0
9301,1,0,0,0,0
9302,1,0,0,0,0
9303,1,0,0,0,0
9304,1,0,0,0,0
9305,1,0,0,0,0
9306,1,0,0,0,0
9307,1,0,0,0,0
9308,1,0,0,0,0
9309,1,0,0,0,0
9310,1,0,0,0,0
9311,1,0,0,0,0
9312,1,0,0,0,0
9313,1,0,0,0,0
9314,1,0,0,0,0
9315,1,0,0,0,0
9316,1,0,0,0,0
9317,1,0,0,0,0
9318,1,0,0,0,0
9319,1,0,0,0,0
9320,1,0,0,0,0
9321,0,0,0,0,1
9322,0,0,0,0,1
9323,0,0,0,0,1
9324,0,0,0,0,1
9325,0,0,0,0,1
9326,0,0,0,0,1
9327,0,0,0,0,1
9328,0,0,0,0,1
9329,0,0,0,0,1
9330,0,0,0,0,1
9331,0,0,0,0,1
9332,0,0,0,0,1
9333,0,0,0,0,1
9334,0,0,0,0,1
9335,0,0,0,0,1
9336,1,0,0,0,0
9337,1,0,0,0,0
9338,1,0,0,0,0
9339,1,0,0,0,0
9340,1,0,0,0,0
9341,1,0,0,0,0
9342,1,0,0,0,0
9343,1,0,0,0,0
9344,1,0,0,0,0
9345,1,0,0,0,0
9346,1,0,0,0,0
9347,1,0,0,0,0
9348,1,0,0,0,0
9349,1,0,0,0,0
9350,1,0,0,0,0
9351,1,0,0,0,0
9352,1,0,0,0,0
9353,1,0,0,0,0
9354,1,0,0,0,0
9355,1,0,0,0,0
9356,1,0,0,0,0
9357,1,0,0,0,0
9358,1,0,0,0,0
9359,1,0,0,0,0
9360,1,0,0,0,0
9361,1,0,0,0,0
9362,1,0,0,0,0
9363,1,0,0,0,0
9364,1,0,0,0,0
9365,1,0,0,0,0
9366,0,0,0,0,1
9367,0,0,0,0,1
9368,0,0,0,0,1
9369,0,0,0,0,1
9370,0,0,0,0,1
9371,0,0,0,0,1
9372,0,0,0,0,1
9373,0,0,0,0,1
9374,0,0,0,0,1
9375,0,0,0,0,1
9376,0,0,0,0,1
9377,0,0,0,0,1
9378,0,0,0,0,1
9379,0,0,0,0,1
9380,0,0,0,0,1
9381,0,0,0,0,1
9382,0,0,0,0,1
9383,0,0,0,0,1
9384,0,0,0,0,1
9385,0,0,0,0,1
9386,0,0,0,0,1
9387,0,0,0,0,1
9388,0,0,0,0,1
9389,0,0,0,0,1
9390,0,0,0,0,1
9391,0,0,0,0,1
9392,0,0,0,0,1
9393,0,0,0,0,1
9394,0,0,0,0,1
9395,0,0,0,0,1
9396,0,0,0,0,1
9397,0,0,0,0,1
9398,0,0,0,0,1
9399,0,0,0,0,1
9400,0,0,0,0,1
9401,0,0,0,0,1
9402,0,0,0,0,1
9403,0,0,0,0,1
9404,0,0,0,0,1
9405,0,0,0,0,1
9406,0,0,0,0,1
9407,0,0,0,0,1
9408,0,0,0,0,1
9409,0,0,0,0,1
9410,0,0,0,0,1
9411,0,0,0,0,1
9412,0,0,0,0,1
9413,0,0,0,0,1
9414,0,0,0,0,1
9415,0,0,0,0,1
9416,0,0,0,0,1
9417,0,0,0,0,1
9418,0,0,0,0,1
9419,0,0,0,0,1
9420,0,0,0,0,1
9421,0,0,0,0,1
9422,0,0,0,0,1
9423,0,0,0,0,1
9424,0,0,0,0,1
9425,0,0,0,0,1
9426,0,0,0,0,1
9427,0,1,0,0,0
9428,0,1,0,0,0
9429,0,1,0,0,0
9430,0,1,0,0,0
9431,0,1,0,0,0
9432,0,1,0,0,0
9433,0,1,0,0,0
9434,0,1,0,0,0
9435,0,1,0,0,0
9436,0,1,0,0,0
9437,0,1,0,0,0
9438,0,1,0,0,0
9439,0,1,0,0,0
9440,0,1,0,0,0
9441,0,1,0,0,0
9442,0,1,0,0,0
9443,0,1,0,0,0
9444,0,1,0,0,0
9445,0,1,0,0,0
9446,0,1,0,0,0
9447,0,1,0,0,0
9448,0,1,0,0,0
9449,0,1,0,0,0
9450,0,1,0,0,0
9451,0,1,0,0,0
9452,0,1,0,0,0
9453,0,1,0,0,0
9454,0,1,0,0,0
9455,0,1,0,0,0
9456,0,1,0,0,0
9457,0,1,0,0,0
9458,0,1,0,0,0
9459,1,0,0,0,0
9460,1,0,0,0,0
9461,1,0,0,0,0
9462,1,0,0,0,0
9463,1,0,0,0,0
9464,1,0,0,0,0
9465,1,0,0,0,0
9466,1,0,0,0,0
9467,1,0,0,0,0
9468,1,0,0,0,0
9469,1,0,0,0,0
9470,1,0,0,0,0
9471,1,0,0,0,0
9472,1,0,0,0,0
9473,1,0,0,0,0
9474,1,0,0,0,0
9475,1,0,0,0,0
9476,1,0,0,0,0
9477,1,0,0,0,0
9478,1,0,0,0,0
9479,1,0,0,0,0
9480,1,0,0,0,0
9481,1,0,0,0,0
9482,1,0,0,0,0
9483,1,0,0,0,0
9484,1,0,0,0,0
9485,1,0,0,0,0
9486,0,0,0,0,1
9487,0,0,0,0,1
9488,0,0,0,0,1
9489,0,0,0,0,1
9490,0,0,0,0,1
9491,0,0,0,0,1
9492,0,0,0,0,1
9493,0,0,0,0,1
9494,0,0,0,0,1
9495,0,0,0,0,1
9496,0,0,0,0,1
9497,0,0,0,0,1
9498,0,0,0,0,1
9499,0,0,0,0,1
9500,0,0,0,0,1
9501,0,0,0,0,1
9502,0,0,0,0,1
9503,0,0,0,0,1
9504,0,0,0,0,1
9505,0,0,0,0,1
9506,0,0,0,0,1
9507,0,0,0,0,1
9508,0,0,0,0,1
9509,0,0,0,0,1
9510,0,0,0,0,1
9511,0,0,0,0,1
9512,0,0,0,0,1
9513,0,0,0,0,1
9514,1,0,0,0,0
9515,1,0,0,0,0
9516,1,0,0,0,0
9517,1,0,0,0,0
9518,1,0,0,0,0
9519,1,0,0,0,0
9520,1,0,0,0,0
9521,1,0,0,0,0
9522,1,0,0,0,0
9523,1,0,0,0,0
9524,1,0,0,0,0
9525,1,0,0,0,0
9526,1,0,0,0,0
9527,1,0,0,0,0
9528,1,0,0,0,0
9529,1,0,0,0,0
9530,1,0,0,0,0
9531,1,0,0,0,0
9532,1,0,0,0,0
9533,1,0,0,0,0
9534,0,0,0,0,1
9535,0,0,0,0,1
9536,0,0,0,0,1
9537,0,0,0,0,1
9538,0,0,0,0,1
9539,0,0,0,0,1
9540,0,0,0,0,1
9541,0,0,0,0,1
9542,0,0,0,0,1
9543,0,0,0,0,1
9544,0,0,0,0,1
9545,0,0,0,0,1
9546,0,0,0,0,1
9547,0,0,0,0,1
9548,0,0,0,0,1
9549,0,0,0,0,1
9550,0,0,0,0,1
9551,0,0,0,0,1
9552,0,0,0,0,1
9553,0,0,0,0,1
9554,0,0,0,0,1
9555,0,0,0,0,1
9556,0,0,0,0,1
9557,0,0,0,0,1
9558,0,0,0,0,1
9559,0,0,0,0,1
9560,0,0,0,0,1
9561,0,0,0,0,1
9562,0,0,0,0,1
9563,0,0,0,0,1
9564,0,0,0,0,1
9565,0,0,0,0,1
9566,0,0,0,0,1
9567,0,0,0,0,1
9568,0,0,0,0,1
9569,0,0,0,0,1
9570,0,0,0,0,1
9571,0,0,0,0,1
9572,0,0,0,0,1
9573,0,0,0,0,1
9574,0,0,0,0,1
9575,0,0,0,0,1
9576,0,0,0,0,1
9577,1,0,0,0,0
9578,1,0,0,0,0
9579,1,0,0,0,0
9580,1,0,0,0,0
9581,1,0,0,0,0
9582,1,0,0,0,0
9583,1,0,0,0,0
9584,1,0,0,0,0
9585,1,0,0,0,0
9586,1,0,0,0,0
9587,1,0,0,0,0
9588,1,0,0,0,0
9589,1,0,0,0,0
9590,1,0,0,0,0
9591,1,0,0,0,0
9592,1,0,0,0,0
9593,1,0,0,0,0
9594,1,0,0,0,0
9595,1,0,0,0,0
9596,1,0,0,0,0
9597,1,0,0,0,0
9598,1,0,0,0,0
9599,1,0,0,0,0
9600,1,0,0,0,0
9601,1,0,0,0,0
9602,1,0,0,0,0
9603,1,0,0,0,0
9604,1,0,0,0,0
9605,1,0,0,0,0
9606,1,0,0,0,0
9607,1,0,0,0,0
9608,1,0,0,0,0
9609,1,0,0,0,0
9610,1,0,0,0,0
9611,1,0,0,0,0
9612,1,0,0,0,0
9613,1,0,0,0,0
9614,1,0,0,0,0
9615,1,0,0,0,0
9616,1,0,0,0,0
9617,1,0,0,0,0
9618,1,0,0,0,0
9619,1,0,0,0,0
9620,1,0,0,0,0
9621,1,0,0,0,0
9622,1,0,0,0,0
9623,1,0,0,0,0
9624,1,0,0,0,0
9625,1,0,0,0,0
9626,1,0,0,0,0
9627,1,0,0,0,0
9628,1,0,0,0,0
9629,1,0,0,0,0
9630,1,0,0,0,0
9631,1,0,0,0,0
9632,1,0,0,0,0
9633,1,0,0,0,0
9634,1,0,0,0,0
9635,1,0,0,0,0
9636,1,0,0,0,0
9637,1,0,0,0,0
9638,1,0,0,0,0
9639,1,0,0,0,0
9640,1,0,0,0,0
9641,1,0,0,0,0
9642,1,0,0,0,0
9643,1,0,0,0,0
9644,1,0,0,0,0
9645,1,0,0,0,0
9646,1,0,0,0,0
9647,1,0,0,0,0
9648,1,0,0,0,0
9649,1,0,0,0,0
9650,1,0,0,0,0
9651,1,0,0,0,0
9652,1,0,0,0,0
9653,1,0,0,0,0
9654,1,0,0,0,0
9655,1,0,0,0,0
9656,1,0,0,0,0
9657,1,0,0,0,0
9658,1,0,0,0,0
9659,1,0,0,0,0
9660,1,0,0,0,0
9661,1,0,0,0,0
9662,1,0,0,0,0
9663,1,0,0,0,0
9664,1,0,0,0,0
9665,1,0,0,0,0
9666,1,0,0,0,0
9667,1,0,0,0,0
9668,1,0,0,0,0
9669,1,0,0,0,0
9670,1,0,0,0,0
9671,1,0,0,0,0
9672,1,0,0,0,0
9673,1,0,0,0,0
9674,1,0,0,0,0
9675,1,0,0,0,0
9676,1,0,0,0,0
9677,1,0,0,0,0
9678,1,0,0,0,0
9679,1,0,0,0,0
9680,1,0,0,0,0
9681,1,0,0,0,0
9682,1,0,0,0,0
9683,1,0,0,0,0
9684,1,0,0,0,0
9685,1,0,0,0,0
9686,1,0,0,0,0
9687,1,0,0,0,0
9688,1,0,0,0,0
9689,1,0,0,0,0
9690,1,0,0,0,0
9691,1,0,0,0,0
9692,1,0,0,0,0
9693,1,0,0,0,0
9694,1,0,0,0,0
9695,1,0,0,0,0
9696,1,0,0,0,0
9697,1,0,0,0,0
9698,1,0,0,0,0
9699,1,0,0,0,0
9700,1,0,0,0,0
9701,1,0,0,0,0
9702,1,0,0,0,0
9703,1,0,0,0,0
9704,1,0,0,0,0
9705,1,0,0,0,0
9706,1,0,0,0,0
9707,1,0,0,0,0
9708,1,0,0,0,0
9709,1,0,0,0,0
9710,1,0,0,0,0
9711,1,0,0,0,0
9712,1,0,0,0,0
9713,1,0,0,0,0
9714,1,0,0,0,0
9715,1,0,0,0,0
9716,1,0,0,0,0
9717,1,0,0,0,0
9718,1,0,0,0,0
9719,1,0,0,0,0
9720,1,0,0,0,0
9721,1,0,0,0,0
9722,1,0,0,0,0
9723,1,0,0,0,0
9724,1,0,0,0,0
9725,1,0,0,0,0
9726,1,0,0,0,0
9727,1,0,0,0,0
9728,1,0,0,0,0
9729,1,0,0,0,0
9730,1,0,0,0,0
9731,1,0,0,0,0
9732,1,0,0,0,0
9733,1,0,0,0,0
9734,1,0,0,0,0
9735,1,0,0,0,0
9736,1,0,0,0,0
9737,1,0,0,0,0
9738,1,0,0,0,0
9739,1,0,0,0,0
9740,1,0,0,0,0
9741,1,0,0,0,0
9742,1,0,0,0,0
9743,1,0,0,0,0
9744,1,0,0,0,0
9745,1,0,0,0,0
9746,1,0,0,0,0
9747,1,0,0,0,0
9748,1,0,0,0,0
9749,1,0,0,0,0
9750,1,0,0,0,0
9751,1,0,0,0,0
9752,1,0,0,0,0
9753,1,0,0,0,0
9754,1,0,0,0,0
9755,1,0,0,0,0
9756,1,0,0,0,0
9757,1,0,0,0,0
9758,1,0,0,0,0
9759,1,0,0,0,0
9760,1,0,0,0,0
9761,1,0,0,0,0
9762,1,0,0,0,0
9763,1,0,0,0,0
9764,1,0,0,0,0
9765,1,0,0,0,0
9766,1,0,0,0,0
9767,1,0,0,0,0
9768,0,0,0,1,0
9769,0,0,0,1,0
9770,0,0,0,1,0
9771,0,0,0,1,0
9772,0,0,0,1,0
9773,0,0,0,1,0
9774,0,0,0,1,0
9775,0,0,0,1,0
9776,0,0,0,1,0
9777,0,0,0,1,0
9778,0,0,0,1,0
9779,1,0,0,0,0
9780,1,0,0,0,0
9781,1,0,0,0,0
9782,1,0,0,0,0
9783,1,0,0,0,0
9784,1,0,0,0,0
9785,1,0,0,0,0
9786,1,0,0,0,0
9787,1,0,0,0,0
9788,1,0,0,0,0
9789,1,0,0,0,0
9790,1,0,0,0,0
9791,1,0,0,0,0
9792,1,0,0,0,0
9793,1,0,0,0,0
9794,1,0,0,0,0
9795,1,0,0,0,0
9796,1,0,0,0,0
9797,1,0,0,0,0
9798,1,0,0,0,0
9799,1,0,0,0,0
9800,1,0,0,0,0
9801,1,0,0,0,0
9802,1,0,0,0,0
9803,1,0,0,0,0
9804,1,0,0,0,0
9805,1,0,0,0,0
9806,1,0,0,0,0
9807,1,0,0,0,0
9808,1,0,0,0,0
9809,1,0,0,0,0
9810,1,0,0,0,0
9811,1,0,0,0,0
9812,1,0,0,0,0
9813,1,0,0,0,0
9814,1,0,0,0,0
9815,1,0,0,0,0
9816,1,0,0,0,0
9817,1,0,0,0,0
9818,1,0,0,0,0
9819,1,0,0,0,0
9820,1,0,0,0,0
9821,1,0,0,0,0
9822,1,0,0,0,0
9823,1,0,0,0,0
9824,1,0,0,0,0
9825,1,0,0,0,0
9826,1,0,0,0,0
9827,1,0,0,0,0
9828,1,0,0,0,0
9829,1,0,0,0,0
9830,1,0,0,0,0
9831,1,0,0,0,0
9832,1,0,0,0,0
9833,1,0,0,0,0
9834,1,0,0,0,0
9835,1,0,0,0,0
9836,1,0,0,0,0
9837,1,0,0,0,0
9838,1,0,0,0,0
9839,1,0,0,0,0
9840,1,0,0,0,0
9841,1,0,0,0,0
9842,1,0,0,0,0
9843,1,0,0,0,0
9844,0,0,0,0,1
9845,0,0,0,0,1
9846,0,0,0,0,1
9847,0,0,0,0,1
9848,0,0,0,0,1
9849,0,0,0,0,1
9850,0,0,0,0,1
9851,0,0,0,0,1
9852,0,0,0,0,1
9853,0,0,0,0,1
9854,0,0,0,0,1
9855,0,0,0,0,1
9856,0,0,0,0,1
9857,0,0,0,0,1
9858,0,0,0,0,1
9859,0,0,0,0,1
9860,0,0,0,0,1
9861,0,0,0,0,1
9862,0,0,0,0,1
9863,0,0,0,0,1
9864,0,0,0,0,1
9865,0,0,0,0,1
9866,0,0,0,0,1
9867,0,0,0,0,1
9868,0,0,0,0,1
9869,0,0,0,0,1
9870,0,0,0,0,1
9871,0,0,0,0,1
9872,0,0,0,0,1
9873,0,0,0,0,1
9874,0,0,0,0,1
9875,0,0,0,0,1
9876,0,0,0,0,1
9877,0,0,0,0,1
9878,0,0,0,0,1
9879,0,0,0,0,1
9880,0,0,0,0,1
9881,0,0,0,0,1
9882,0,0,0,0,1
9883,0,0,0,0,1
9884,0,0,0,0,1
9885,0,0,0,0,1
9886,0,0,0,0,1
9887,0,0,0,0,1
9888,0,0,0,0,1
9889,0,0,0,0,1
9890,0,0,0,0,1
9891,0,0,0,0,1
9892,0,0,0,0,1
9893,0,0,0,0,1
9894,0,0,0,0,1
9895,0,0,0,0,1
9896,0,0,0,0,1
9897,0,0,0,0,1
9898,0,0,0,0,1
9899,0,0,0,0,1
9900,0,0,0,0,1
9901,0,0,0,0,1
9902,0,0,0,0,1
9903,0,0,0,0,1
9904,0,0,0,0,1
9905,0,0,0,0,1
9906,0,0,0,0,1
9907,0,0,0,0,1
9908,0,0,0,0,1
9909,0,0,0,0,1
9910,0,0,0,0,1
9911,0,0,0,0,1
9912,0,0,0,0,1
9913,0,0,0,0,1
9914,0,0,0,0,1
9915,0,0,0,0,1
9916,0,0,0,0,1
9917,0,0,0,0,1
9918,0,0,0,0,1
9919,0,0,0,0,1
9920,0,0,0,0,1
9921,0,0,0,0,1
9922,0,0,0,0,1
9923,0,0,0,0,1
9924,0,0,0,0,1
9925,0,0,0,0,1
9926,0,0,0,0,1
9927,0,0,0,0,1
9928,0,0,0,0,1
9929,0,0,0,0,1
9930,0,0,0,0,1
9931,0,0,0,0,1
9932,0,0,0,0,1
9933,0,0,0,0,1
9934,0,0,0,0,1
9935,0,0,0,0,1
9936,0,0,0,0,1
9937,0,0,0,0,1
9938,0,0,0,0,1
9939,0,0,0,0,1
9940,0,0,0,0,1
9941,0,0,0,0,1
9942,0,0,0,0,1
9943,0,0,0,0,1
9944,0,0,0,0,1
9945,0,0,0,0,1
9946,0,0,0,0,1
9947,0,0,0,0,1
9948,0,0,0,0,1
9949,0,0,0,0,1
9950,0,0,0,0,1
9951,0,0,0,0,1
9952,0,0,0,0,1
9953,0,0,0,0,1
9954,0,0,0,0,1
9955,0,0,0,0,1
9956,0,0,0,0,1
9957,0,0,0,0,1
9958,0,0,0,0,1
9959,0,0,0,0,1
9960,0,0,0,0,1
9961,0,0,0,0,1
9962,0,0,0,0,1
9963,0,0,0,0,1
9964,0,0,0,0,1
9965,0,0,0,0,1
9966,0,0,0,0,1
9967,0,0,0,0,1
9968,0,0,0,0,1
9969,0,0,0,0,1
9970,0,0,0,0,1
9971,0,0,0,0,1
9972,0,0,0,0,1
9973,0,0,0,0,1
9974,0,0,0,0,1
9975,0,0,0,0,1
9976,0,0,0,0,1
9977,0,0,0,0,1
9978,0,0,0,0,1
9979,0,0,0,0,1
9980,0,0,0,0,1
9981,0,0,0,0,1
9982,0,0,0,0,1
9983,0,0,0,0,1
9984,0,0,0,0,1
9985,0,0,0,0,1
9986,0,0,0,0,1
9987,0,0,0,0,1
9988,0,0,0,0,1
9989,0,0,0,0,1
9990,0,0,0,0,1
9991,0,0,0,0,1
9992,0,0,0,0,1
9993,0,0,0,0,1
9994,0,0,0,0,1
9995,0,0,0,0,1
9996,0,0,0,0,1
9997,0,0,0,0,1
9998,0,0,0,0,1
9999,0,0,0,0,1
10000,0,0,0,0,1
10001,0,0,0,0,1
10002,0,0,0,0,1
10003,0,0,0,0,1
10004,0,0,0,0,1
10005,0,0,0,0,1
10006,0,0,0,0,1
10007,0,0,0,0,1
10008,0,0,0,0,1
10009,0,0,0,0,1
10010,0,0,0,0,1
10011,0,0,0,0,1
10012,0,0,0,0,1
10013,0,0,0,0,1
10014,0,0,0,0,1
10015,0,0,0,0,1
10016,0,0,0,0,1
10017,0,0,0,0,1
10018,0,0,0,0,1
10019,0,0,0,0,1
10020,0,0,0,0,1
10021,0,0,0,0,1
10022,0,0,0,0,1
10023,0,0,0,0,1
10024,0,0,0,0,1
10025,0,0,0,0,1
10026,0,0,0,0,1
10027,0,0,0,0,1
10028,0,0,0,0,1
10029,0,0,0,0,1
10030,0,0,0,0,1
10031,0,0,0,0,1
10032,0,0,0,0,1
10033,0,0,0,0,1
10034,0,0,0,0,1
10035,0,0,0,0,1
10036,0,0,0,0,1
10037,0,0,0,0,1
10038,0,0,0,0,1
10039,0,0,0,0,1
10040,0,0,0,0,1
10041,0,0,0,0,1
10042,0,0,0,0,1
10043,0,0,0,0,1
10044,0,0,0,0,1
10045,0,0,0,0,1
10046,0,0,0,0,1
10047,0,0,0,0,1
10048,0,0,0,0,1
10049,0,0,0,0,1
10050,0,0,0,0,1
10051,0,0,0,0,1
10052,0,0,0,0,1
10053,0,0,0,0,1
10054,0,0,0,0,1
10055,0,0,0,0,1
10056,0,0,0,0,1
10057,0,0,0,0,1
10058,0,0,0,0,1
10059,0,0,0,0,1
10060,0,0,0,0,1
10061,0,0,0,0,1
10062,0,0,0,0,1
10063,0,0,0,0,1
10064,0,0,0,0,1
10065,0,0,0,0,1
10066,0,0,0,0,1
10067,0,0,0,0,1
10068,0,0,0,0,1
10069,0,0,0,0,1
10070,0,0,0,0,1
10071,0,0,0,0,1
10072,0,0,0,0,1
10073,0,0,0,0,1
10074,0,0,0,0,1
10075,0,0,0,0,1
10076,0,0,0,0,1
10077,0,0,0,0,1
10078,0,0,0,0,1
10079,0,0,0,0,1
10080,0,0,0,0,1
10081,0,0,0,0,1
10082,0,0,0,0,1
10083,0,0,0,0,1
10084,0,0,0,0,1
10085,0,0,0,0,1
10086,0,0,0,0,1
10087,0,0,0,0,1
10088,0,0,0,0,1
10089,0,0,0,0,1
10090,0,0,0,0,1
10091,0,0,0,0,1
10092,0,0,0,0,1
10093,0,0,0,0,1
10094,0,0,0,0,1
10095,0,0,0,0,1
10096,0,0,0,0,1
10097,0,0,0,0,1
10098,0,0,0,0,1
10099,0,0,0,0,1
10100,0,0,0,0,1
10101,0,0,0,0,1
10102,0,0,0,0,1
10103,0,0,0,0,1
10104,0,0,0,0,1
10105,0,0,0,0,1
10106,0,0,0,0,1
10107,0,0,0,0,1
10108,0,0,0,0,1
10109,0,0,0,0,1
10110,0,0,0,0,1
10111,0,0,0,0,1
10112,0,0,0,0,1
10113,0,0,0,0,1
10114,0,0,0,0,1
10115,0,0,0,0,1
10116,0,0,0,0,1
10117,0,0,0,0,1
10118,0,0,0,0,1
10119,0,0,0,0,1
10120,0,0,0,0,1
10121,0,0,0,0,1
10122,0,0,0,0,1
10123,0,0,0,0,1
10124,0,0,0,0,1
10125,0,0,0,0,1
10126,0,0,0,0,1
10127,0,0,0,0,1
10128,0,0,0,0,1
10129,0,0,0,0,1
10130,0,0,0,0,1
10131,0,0,0,0,1
10132,0,0,0,0,1
10133,0,0,0,0,1
10134,0,0,0,0,1
10135,0,0,0,0,1
10136,0,0,0,0,1
10137,0,0,0,0,1
10138,0,0,0,0,1
10139,0,0,0,0,1
10140,0,0,0,0,1
10141,0,0,0,0,1
10142,0,0,0,0,1
10143,0,0,0,0,1
10144,0,0,0,0,1
10145,0,0,0,0,1
10146,0,0,0,0,1
10147,0,0,0,0,1
10148,0,0,0,0,1
10149,0,0,0,0,1
10150,0,0,0,0,1
10151,0,0,0,0,1
10152,0,0,0,0,1
10153,0,0,0,0,1
10154,0,0,0,0,1
10155,0,0,0,0,1
10156,0,0,0,0,1
10157,0,0,0,0,1
10158,0,0,0,0,1
10159,0,0,0,0,1
10160,0,0,0,0,1
10161,0,0,0,0,1
10162,0,0,0,0,1
10163,0,0,0,0,1
10164,0,0,0,0,1
10165,0,0,0,0,1
10166,0,0,0,0,1
10167,0,0,0,0,1
10168,0,0,0,0,1
10169,0,0,0,0,1
10170,0,0,0,0,1
10171,0,0,0,0,1
10172,0,0,0,0,1
10173,0,0,0,0,1
10174,0,0,0,0,1
10175,0,0,0,0,1
10176,0,0,0,0,1
10177,0,0,0,0,1
10178,0,0,0,0,1
10179,0,0,0,0,1
10180,0,0,0,0,1
10181,0,0,0,0,1
10182,0,0,0,0,1
10183,0,0,0,0,1
10184,0,0,0,0,1
10185,0,0,0,0,1
10186,0,0,0,0,1
10187,0,0,0,0,1
10188,0,0,0,0,1
10189,0,0,0,0,1
10190,0,0,0,0,1
10191,0,0,0,0,1
10192,0,0,0,0,1
10193,0,0,0,0,1
10194,0,0,0,0,1
10195,0,0,0,0,1
10196,0,0,0,0,1
10197,0,0,0,0,1
10198,0,0,0,0,1
10199,0,0,0,0,1
10200,0,0,0,0,1
10201,0,0,0,0,1
10202,0,0,0,0,1
10203,0,0,0,0,1
10204,0,0,0,0,1
10205,0,0,0,0,1
10206,0,0,0,0,1
10207,0,0,0,0,1
10208,0,0,0,0,1
10209,0,0,0,0,1
10210,0,0,0,0,1
10211,0,0,0,0,1
10212,0,0,0,0,1
10213,0,0,0,0,1
10214,0,0,0,0,1
10215,0,0,0,0,1
10216,0,0,0,0,1
10217,0,0,0,0,1
10218,0,0,0,0,1
10219,0,0,0,0,1
10220,0,0,0,0,1
10221,0,0,0,0,1
10222,0,0,0,0,1
10223,0,0,0,0,1
10224,0,0,0,0,1
10225,0,0,0,0,1
10226,0,0,0,0,1
10227,0,0,0,0,1
10228,0,0,0,0,1
10229,0,0,0,0,1
10230,0,0,0,0,1
10231,0,0,0,0,1
10232,0,0,0,0,1
10233,0,0,0,0,1
10234,0,0,0,0,1
10235,0,0,0,0,1
10236,0,0,0,0,1
10237,0,0,0,0,1
10238,0,0,0,0,1
10239,0,0,0,0,1
10240,0,0,0,0,1
10241,0,0,0,0,1
10242,0,0,0,0,1
10243,0,0,0,0,1
10244,0,0,0,0,1
10245,0,0,0,0,1
10246,0,0,0,0,1
10247,0,0,0,0,1
10248,0,0,0,0,1
10249,0,0,0,0,1
10250,0,0,0,0,1
10251,0,0,0,0,1
10252,0,0,0,0,1
10253,0,0,0,0,1
10254,0,0,0,0,1
10255,0,0,0,0,1
10256,0,0,0,0,1
10257,0,0,0,0,1
10258,0,0,0,0,1
10259,0,0,0,0,1
10260,0,0,0,0,1
10261,0,0,0,0,1
10262,0,0,0,0,1
10263,0,0,0,0,1
10264,0,0,0,0,1
10265,0,0,0,0,1
10266,0,0,0,0,1
10267,0,0,0,0,1
10268,0,0,0,0,1
10269,0,0,0,0,1
10270,0,0,0,0,1
10271,0,0,0,0,1
10272,0,0,0,0,1
10273,0,0,0,0,1
10274,0,0,0,0,1
10275,0,0,0,0,1
10276,0,0,0,0,1
10277,0,0,0,0,1
10278,0,0,0,0,1
10279,0,0,0,0,1
10280,0,0,0,0,1
10281,0,0,0,0,1
10282,0,0,0,0,1
10283,0,0,0,0,1
10284,0,0,0,0,1
10285,0,0,0,0,1
10286,0,0,0,0,1
10287,0,0,0,0,1
10288,0,0,0,0,1
10289,0,0,0,0,1
10290,0,0,0,0,1
10291,0,0,0,0,1
10292,0,0,0,0,1
10293,0,0,0,0,1
10294,0,0,0,0,1
10295,0,0,0,0,1
10296,0,0,0,0,1
10297,0,0,0,0,1
10298,0,0,0,0,1
10299,0,0,0,0,1
10300,0,0,0,0,1
10301,0,0,0,0,1
10302,0,0,0,0,1
10303,0,0,0,0,1
10304,0,0,0,0,1
10305,0,0,0,0,1
10306,0,0,0,0,1
10307,0,0,0,0,1
10308,0,0,0,0,1
10309,0,0,0,0,1
10310,0,0,0,0,1
10311,0,0,0,0,1
10312,0,0,0,0,1
10313,0,0,0,0,1
10314,0,0,0,0,1
10315,0,0,0,0,1
10316,0,0,0,0,1
10317,0,0,0,0,1
10318,0,0,0,0,1
10319,0,0,0,0,1
10320,0,0,0,0,1
10321,0,0,0,0,1
10322,0,0,0,0,1
10323,0,0,0,0,1
10324,0,0,0,0,1
10325,0,0,0,0,1
10326,0,0,0,0,1
10327,0,0,0,0,1
10328,0,0,0,0,1
10329,0,0,0,0,1
10330,0,0,0,0,1
10331,0,0,0,0,1
10332,0,0,0,0,1
10333,0,0,0,0,1
10334,0,0,0,0,1
10335,0,0,0,0,1
10336,0,0,0,0,1
10337,0,0,0,0,1
10338,0,0,0,0,1
10339,0,0,0,0,1
10340,0,0,0,0,1
10341,0,0,0,0,1
10342,0,0,0,0,1
10343,0,0,0,0,1
10344,0,0,0,0,1
10345,0,0,0,0,1
10346,0,0,0,0,1
10347,0,0,0,0,1
10348,0,0,0,0,1
10349,0,0,0,0,1
10350,0,0,0,0,1
10351,0,0,0,0,1
10352,0,0,0,0,1
10353,0,0,0,0,1
10354,0,0,0,0,1
10355,0,0,0,0,1
10356,0,0,0,0,1
10357,0,0,0,0,1
10358,0,0,0,0,1
10359,0,0,0,0,1
10360,0,0,0,0,1
10361,0,0,0,0,1
10362,0,0,0,0,1
10363,0,0,0,0,1
10364,0,0,0,0,1
10365,0,0,0,0,1
10366,0,0,0,0,1
10367,0,0,0,0,1
10368,0,0,0,0,1
10369,0,0,0,0,1
10370,0,0,0,0,1
10371,0,0,0,0,1
10372,0,0,0,0,1
10373,0,0,0,0,1
10374,0,0,0,0,1
10375,0,0,0,0,1
10376,0,0,0,0,1
10377,0,0,0,0,1
10378,0,0,0,0,1
10379,0,0,0,0,1
10380,0,0,0,0,1
10381,0,0,0,0,1
10382,0,0,0,0,1
10383,0,0,0,0,1
10384,0,0,0,0,1
10385,0,0,0,0,1
10386,0,0,0,0,1
10387,0,0,0,0,1
10388,0,0,0,0,1
10389,0,0,0,0,1
10390,0,0,0,0,1
10391,0,0,0,0,1
10392,0,0,0,0,1
10393,0,0,0,0,1
10394,0,0,0,0,1
10395,0,0,0,0,1
10396,0,0,0,0,1
10397,0,0,0,0,1
10398,0,0,0,0,1
10399,0,0,0,0,1
10400,0,0,0,0,1
10401,0,0,0,0,1
10402,0,0,0,0,1
10403,0,0,0,0,1
10404,0,0,0,0,1
10405,0,0,0,0,1
10406,0,0,0,0,1
10407,0,0,0,0,1
10408,0,0,0,0,1
10409,0,0,0,0,1
10410,0,0,0,0,1
10411,0,0,0,0,1
10412,0,0,0,0,1
10413,0,0,0,0,1
10414,0,0,0,0,1
10415,0,0,0,0,1
10416,0,0,0,0,1
10417,0,0,0,0,1
10418,0,0,0,0,1
10419,0,0,0,0,1
10420,0,0,0,0,1
10421,0,0,0,0,1
10422,0,0,0,0,1
10423,0,0,0,0,1
10424,0,0,0,0,1
10425,0,0,0,0,1
10426,0,0,0,0,1
10427,0,0,0,0,1
10428,0,0,0,0,1
10429,0,0,0,0,1
10430,0,0,0,0,1
10431,0,0,0,0,1
10432,0,0,0,0,1
10433,0,0,0,0,1
10434,0,0,0,0,1
10435,0,0,0,0,1
10436,0,0,0,0,1
10437,0,0,0,0,1
10438,0,0,0,0,1
10439,0,0,0,0,1
10440,0,0,0,0,1
10441,0,0,0,0,1
10442,0,0,0,0,1
10443,0,0,0,0,1
10444,0,0,0,0,1
10445,0,0,0,0,1
10446,0,0,0,0,1
10447,0,0,0,0,1
10448,0,0,0,0,1
10449,0,0,0,0,1
10450,0,0,0,0,1
10451,0,0,0,0,1
10452,0,0,0,0,1
10453,0,0,0,0,1
10454,0,0,0,0,1
10455,0,0,0,0,1
10456,0,0,0,0,1
10457,0,0,0,0,1
10458,0,0,0,0,1
10459,0,0,0,0,1
10460,0,0,0,0,1
10461,0,0,0,0,1
10462,0,0,0,0,1
10463,0,0,0,0,1
10464,0,0,0,0,1
10465,0,0,0,0,1
10466,0,0,0,0,1
10467,0,0,0,0,1
10468,0,0,0,0,1
10469,0,0,0,0,1
10470,0,0,0,0,1
10471,0,0,0,0,1
10472,0,0,0,0,1
10473,0,0,0,0,1
10474,0,0,0,0,1
10475,0,0,0,0,1
10476,0,0,0,0,1
10477,0,0,0,0,1
10478,0,0,0,0,1
10479,0,0,0,0,1
10480,0,0,0,0,1
10481,0,0,0,0,1
10482,0,0,0,0,1
10483,0,0,0,0,1
10484,0,0,0,0,1
10485,0,0,0,0,1
10486,0,0,0,0,1
10487,0,0,0,0,1
10488,0,0,0,0,1
10489,0,0,0,0,1
10490,0,0,0,0,1
10491,0,0,0,0,1
10492,0,0,0,0,1
10493,0,0,0,0,1
10494,0,0,0,0,1
10495,0,0,0,0,1
10496,0,0,0,0,1
10497,0,0,0,0,1
10498,0,0,0,0,1
10499,0,0,0,0,1
10500,0,0,0,0,1
10501,0,0,0,0,1
10502,0,0,0,0,1
10503,0,0,0,0,1
10504,0,0,0,0,1
10505,0,0,0,0,1
10506,0,0,0,0,1
10507,0,0,0,0,1
10508,0,0,0,0,1
10509,0,0,0,0,1
10510,0,0,0,0,1
10511,0,0,0,0,1
10512,0,0,0,0,1
10513,0,0,0,0,1
10514,0,0,0,0,1
10515,0,0,0,0,1
10516,0,0,0,0,1
10517,0,0,0,0,1
10518,0,0,0,0,1
10519,0,0,0,0,1
10520,0,0,0,0,1
10521,0,0,0,0,1
10522,0,0,0,0,1
10523,0,0,0,0,1
10524,0,0,0,0,1
10525,1,0,0,0,0
10526,1,0,0,0,0
10527,1,0,0,0,0
10528,1,0,0,0,0
10529,1,0,0,0,0
10530,1,0,0,0,0
10531,1,0,0,0,0
10532,1,0,0,0,0
10533,1,0,0,0,0
10534,1,0,0,0,0
10535,1,0,0,0,0
10536,1,0,0,0,0
10537,1,0,0,0,0
10538,1,0,0,0,0
10539,1,0,0,0,0
10540,1,0,0,0,0
10541,1,0,0,0,0
10542,1,0,0,0,0
10543,1,0,0,0,0
10544,1,0,0,0,0
10545,1,0,0,0,0
10546,1,0,0,0,0
10547,1,0,0,0,0
10548,1,0,0,0,0
10549,1,0,0,0,0
10550,1,0,0,0,0
10551,1,0,0,0,0
10552,1,0,0,0,0
10553,1,0,0,0,0
10554,1,0,0,0,0
10555,1,0,0,0,0
10556,1,0,0,0,0
10557,1,0,0,0,0
10558,1,0,0,0,0
10559,1,0,0,0,0
10560,1,0,0,0,0
10561,1,0,0,0,0
10562,1,0,0,0,0
10563,1,0,0,0,0
10564,1,0,0,0,0
10565,1,0,0,0,0
10566,1,0,0,0,0
10567,1,0,0,0,0
10568,1,0,0,0,0
10569,1,0,0,0,0
10570,1,0,0,0,0
10571,1,0,0,0,0
10572,1,0,0,0,0
10573,0,0,0,0,1
10574,0,0,0,0,1
10575,0,0,0,0,1
10576,0,0,0,0,1
10577,0,0,0,0,1
10578,0,0,0,0,1
10579,0,0,0,0,1
10580,0,0,0,0,1
10581,0,0,0,0,1
10582,0,0,0,0,1
10583,0,0,0,0,1
10584,0,0,0,0,1
10585,0,0,0,0,1
10586,0,0,0,0,1
10587,0,0,0,0,1
10588,0,0,0,0,1
10589,0,0,0,0,1
10590,0,0,0,0,1
10591,0,0,0,0,1
10592,0,0,0,0,1
10593,0,0,0,0,1
10594,0,0,0,0,1
10595,0,0,0,0,1
10596,0,0,0,0,1
10597,0,0,0,0,1
10598,0,0,0,0,1
10599,0,0,0,0,1
10600,0,0,0,0,1
10601,0,0,0,0,1
10602,0,0,0,0,1
10603,0,0,0,0,1
10604,0,0,0,0,1
10605,0,0,0,0,1
10606,0,0,0,0,1
10607,0,0,0,0,1
10608,0,0,0,0,1
10609,0,0,0,0,1
10610,0,0,0,0,1
10611,0,0,0,0,1
10612,0,0,0,0,1
10613,0,0,0,0,1
10614,0,0,0,0,1
10615,0,0,0,0,1
10616,0,0,0,0,1
10617,0,0,0,0,1
10618,0,0,0,0,1
10619,0,0,0,0,1
10620,0,0,0,0,1
10621,0,0,0,0,1
10622,0,0,0,0,1
10623,0,0,0,0,1
10624,0,0,0,0,1
10625,0,0,0,0,1
10626,0,0,0,0,1
10627,0,0,0,0,1
10628,0,0,0,0,1
10629,0,0,0,0,1
10630,0,0,0,0,1
10631,0,0,0,0,1
10632,0,0,0,0,1
10633,0,0,0,0,1
10634,0,0,0,0,1
10635,0,0,0,0,1
10636,0,0,0,0,1
10637,0,0,0,0,1
10638,0,0,0,0,1
10639,0,0,0,0,1
10640,0,0,0,0,1
10641,0,0,0,0,1
10642,0,0,0,0,1
10643,0,0,0,0,1
10644,0,0,0,0,1
10645,0,0,0,0,1
10646,0,0,0,0,1
10647,0,0,0,0,1
10648,0,0,0,0,1
10649,0,0,0,0,1
10650,0,0,0,0,1
10651,0,0,0,0,1
10652,0,0,0,0,1
10653,0,0,0,0,1
10654,0,0,0,0,1
10655,0,0,0,0,1
10656,0,0,0,0,1
10657,0,0,0,0,1
10658,0,0,0,0,1
10659,0,0,0,0,1
10660,0,0,0,0,1
10661,0,0,0,0,1
10662,0,0,0,0,1
10663,0,0,0,0,1
10664,0,0,0,0,1
10665,0,0,0,0,1
10666,0,0,0,0,1
10667,0,0,0,0,1
10668,0,0,0,0,1
10669,0,0,0,0,1
10670,0,0,0,0,1
10671,0,0,0,0,1
10672,0,0,0,0,1
10673,0,0,0,0,1
10674,0,0,0,0,1
10675,0,0,0,0,1
10676,0,0,0,0,1
10677,0,0,0,0,1
10678,0,0,0,0,1
10679,0,0,0,0,1
10680,0,0,0,0,1
10681,0,0,0,0,1
10682,0,0,0,0,1
10683,0,0,0,0,1
10684,0,0,0,0,1
10685,0,0,0,0,1
10686,0,0,0,0,1
10687,0,0,0,0,1
10688,0,0,0,0,1
10689,0,0,0,0,1
10690,0,0,0,0,1
10691,0,0,0,0,1
10692,0,0,0,0,1
10693,0,0,0,0,1
10694,0,0,0,0,1
10695,0,0,0,0,1
10696,0,0,0,0,1
10697,0,0,0,0,1
10698,0,0,0,0,1
10699,0,0,0,0,1
10700,0,0,0,0,1
10701,0,0,0,0,1
10702,0,0,0,0,1
10703,0,0,0,0,1
10704,0,0,0,0,1
10705,0,0,0,0,1
10706,0,0,0,0,1
10707,0,0,0,0,1
10708,0,0,0,0,1
10709,0,0,0,0,1
10710,0,0,0,0,1
10711,0,0,0,0,1
10712,0,0,0,0,1
10713,0,0,0,0,1
10714,0,0,0,0,1
10715,0,0,0,0,1
10716,0,0,0,0,1
10717,0,0,0,0,1
10718,0,0,0,0,1
10719,0,0,0,0,1
10720,0,0,0,0,1
10721,0,0,0,0,1
10722,0,0,0,0,1
10723,0,0,0,0,1
10724,0,0,0,0,1
10725,0,0,0,0,1
10726,0,0,0,0,1
10727,0,0,0,0,1
10728,0,0,0,0,1
10729,0,0,0,0,1
10730,0,0,0,0,1
10731,0,0,0,0,1
10732,0,0,0,0,1
10733,0,0,0,0,1
10734,0,0,0,0,1
10735,0,0,0,0,1
10736,0,0,0,0,1
10737,0,0,0,0,1
10738,0,0,0,0,1
10739,0,0,0,0,1
10740,0,0,0,0,1
10741,0,0,0,0,1
10742,1,0,0,0,0
10743,1,0,0,0,0
10744,0,1,0,0,0
10745,0,1,0,0,0
10746,0,1,0,0,0
10747,0,1,0,0,0
10748,0,1,0,0,0
10749,0,1,0,0,0
10750,0,1,0,0,0
10751,0,1,0,0,0
10752,0,1,0,0,0
10753,0,1,0,0,0
10754,0,1,0,0,0
10755,0,1,0,0,0
10756,0,1,0,0,0
10757,0,1,0,0,0
10758,0,1,0,0,0
10759,0,1,0,0,0
10760,0,1,0,0,0
10761,0,1,0,0,0
10762,0,1,0,0,0
10763,0,1,0,0,0
10764,1,0,0,0,0
10765,1,0,0,0,0
10766,1,0,0,0,0
10767,1,0,0,0,0
10768,1,0,0,0,0
10769,1,0,0,0,0
10770,1,0,0,0,0
10771,1,0,0,0,0
10772,1,0,0,0,0
10773,1,0,0,0,0
10774,1,0,0,0,0
10775,1,0,0,0,0
10776,1,0,0,0,0
10777,1,0,0,0,0
10778,1,0,0,0,0
10779,1,0,0,0,0
10780,1,0,0,0,0
10781,1,0,0,0,0
10782,1,0,0,0,0
10783,1,0,0,0,0
10784,1,0,0,0,0
10785,1,0,0,0,0
10786,1,0,0,0,0
10787,1,0,0,0,0
10788,1,0,0,0,0
10789,1,0,0,0,0
10790,1,0,0,0,0
10791,1,0,0,0,0
10792,1,0,0,0,0
10793,1,0,0,0,0
10794,1,0,0,0,0
10795,1,0,0,0,0
10796,1,0,0,0,0
10797,1,0,0,0,0
10798,1,0,0,0,0
10799,1,0,0,0,0
10800,1,0,0,0,0
10801,1,0,0,0,0
10802,1,0,0,0,0
10803,1,0,0,0,0
10804,1,0,0,0,0
10805,1,0,0,0,0
10806,1,0,0,0,0
10807,1,0,0,0,0
10808,1,0,0,0,0
10809,1,0,0,0,0
10810,1,0,0,0,0
10811,1,0,0,0,0
10812,1,0,0,0,0
10813,1,0,0,0,0
10814,1,0,0,0,0
10815,1,0,0,0,0
10816,1,0,0,0,0
10817,1,0,0,0,0
10818,1,0,0,0,0
10819,1,0,0,0,0
10820,1,0,0,0,0
10821,1,0,0,0,0
10822,1,0,0,0,0
10823,1,0,0,0,0
10824,1,0,0,0,0
10825,1,0,0,0,0
10826,1,0,0,0,0
10827,1,0,0,0,0
10828,1,0,0,0,0
10829,1,0,0,0,0
10830,1,0,0,0,0
10831,1,0,0,0,0
10832,1,0,0,0,0
10833,1,0,0,0,0
10834,1,0,0,0,0
10835,1,0,0,0,0
10836,1,0,0,0,0
10837,1,0,0,0,0
10838,1,0,0,0,0
10839,1,0,0,0,0
10840,1,0,0,0,0
10841,1,0,0,0,0
10842,1,0,0,0,0
10843,1,0,0,0,0
10844,1,0,0,0,0
10845,1,0,0,0,0
10846,1,0,0,0,0
10847,1,0,0,0,0
10848,1,0,0,0,0
10849,1,0,0,0,0
10850,1,0,0,0,0
10851,1,0,0,0,0
10852,1,0,0,0,0
10853,1,0,0,0,0
10854,1,0,0,0,0
10855,0,0,0,0,1
10856,0,0,0,0,1
10857,0,0,0,0,1
10858,0,0,0,0,1
10859,0,0,0,0,1
10860,0,0,0,0,1
10861,0,0,0,0,1
10862,0,0,0,0,1
10863,0,0,0,0,1
10864,0,0,0,0,1
10865,0,0,0,0,1
10866,0,0,0,0,1
10867,0,0,0,0,1
10868,0,0,0,0,1
10869,0,0,0,0,1
10870,0,0,0,0,1
10871,0,0,0,0,1
10872,0,0,0,0,1
10873,0,0,0,0,1
10874,0,0,0,0,1
10875,0,0,0,0,1
10876,0,0,0,0,1
10877,0,0,0,0,1
10878,0,0,0,0,1
10879,0,0,0,0,1
10880,0,0,0,0,1
10881,0,0,0,0,1
10882,0,0,0,0,1
10883,0,0,0,0,1
10884,0,0,0,0,1
10885,0,0,0,0,1
10886,0,0,0,0,1
10887,0,0,0,0,1
10888,0,0,0,0,1
10889,0,0,0,0,1
10890,0,0,0,0,1
10891,0,0,0,0,1
10892,0,0,0,0,1
10893,0,0,0,0,1
10894,0,0,0,0,1
10895,0,0,0,0,1
10896,0,0,0,0,1
10897,0,0,0,0,1
10898,0,0,0,0,1
10899,0,0,0,0,1
10900,0,0,0,0,1
10901,0,0,0,0,1
10902,0,0,0,0,1
10903,0,0,0,0,1
10904,0,0,0,0,1
10905,0,0,0,0,1
10906,0,0,0,0,1
10907,0,0,0,0,1
10908,0,0,0,0,1
10909,0,0,0,0,1
10910,0,0,0,0,1
10911,0,0,0,0,1
10912,0,0,0,0,1
10913,0,0,0,0,1
10914,0,0,0,0,1
10915,1,0,0,0,0
10916,1,0,0,0,0
10917,1,0,0,0,0
10918,1,0,0,0,0
10919,1,0,0,0,0
10920,1,0,0,0,0
10921,1,0,0,0,0
10922,1,0,0,0,0
10923,1,0,0,0,0
10924,1,0,0,0,0
10925,1,0,0,0,0
10926,1,0,0,0,0
10927,1,0,0,0,0
10928,1,0,0,0,0
10929,1,0,0,0,0
10930,1,0,0,0,0
10931,1,0,0,0,0
10932,1,0,0,0,0
10933,1,0,0,0,0
10934,1,0,0,0,0
10935,1,0,0,0,0
10936,1,0,0,0,0
10937,1,0,0,0,0
10938,0,1,0,0,0
10939,0,1,0,0,0
10940,0,1,0,0,0
10941,0,1,0,0,0
10942,0,1,0,0,0
10943,0,1,0,0,0
10944,0,1,0,0,0
10945,0,1,0,0,0
10946,0,1,0,0,0
10947,0,1,0,0,0
10948,0,1,0,0,0
10949,0,1,0,0,0
10950,0,1,0,0,0
10951,0,1,0,0,0
10952,0,1,0,0,0
10953,0,1,0,0,0
10954,0,1,0,0,0
10955,0,1,0,0,0
10956,0,1,0,0,0
10957,0,1,0,0,0
10958,0,1,0,0,0
10959,0,1,0,0,0
10960,0,1,0,0,0
10961,0,1,0,0,0
10962,0,1,0,0,0
10963,0,1,0,0,0
10964,0,1,0,0,0
10965,0,1,0,0,0
10966,0,1,0,0,0
10967,0,1,0,0,0
10968,0,1,0,0,0
10969,0,1,0,0,0
10970,0,1,0,0,0
10971,0,1,0,0,0
10972,0,1,0,0,0
10973,0,1,0,0,0
10974,0,1,0,0,0
10975,0,1,0,0,0
10976,0,1,0,0,0
10977,0,1,0,0,0
10978,0,1,0,0,0
10979,0,1,0,0,0
10980,0,1,0,0,0
10981,0,1,0,0,0
10982,0,1,0,0,0
10983,0,1,0,0,0
10984,0,1,0,0,0
10985,0,1,0,0,0
10986,0,1,0,0,0
10987,0,1,0,0,0
10988,1,0,0,0,0
10989,1,0,0,0,0
10990,1,0,0,0,0
10991,1,0,0,0,0
10992,1,0,0,0,0
10993,1,0,0,0,0
10994,1,0,0,0,0
10995,1,0,0,0,0
10996,1,0,0,0,0
10997,1,0,0,0,0
10998,1,0,0,0,0
10999,1,0,0,0,0
11000,1,0,0,0,0
11001,1,0,0,0,0
11002,1,0,0,0,0
11003,1,0,0,0,0
11004,1,0,0,0,0
11005,1,0,0,0,0
11006,1,0,0,0,0
11007,1,0,0,0,0
11008,1,0,0,0,0
11009,1,0,0,0,0
11010,1,0,0,0,0
11011,1,0,0,0,0
11012,1,0,0,0,0
11013,1,0,0,0,0
11014,1,0,0,0,0
11015,1,0,0,0,0
11016,1,0,0,0,0
11017,1,0,0,0,0
11018,1,0,0,0,0
11019,1,0,0,0,0
11020,1,0,0,0,0
11021,1,0,0,0,0
11022,1,0,0,0,0
11023,1,0,0,0,0
11024,1,0,0,0,0
11025,1,0,0,0,0
11026,1,0,0,0,0
11027,0,0,0,1,0
11028,0,0,0,1,0
11029,0,0,0,1,0
11030,0,0,0,1,0
11031,0,0,0,1,0
11032,0,0,0,1,0
11033,0,0,0,1,0
11034,0,0,0,1,0
11035,0,0,0,1,0
11036,0,0,0,1,0
11037,0,0,0,1,0
11038,0,0,0,1,0
11039,0,0,0,1,0
11040,0,0,0,1,0
11041,0,0,0,1,0
11042,0,0,0,1,0
11043,1,0,0,0,0
11044,1,0,0,0,0
11045,1,0,0,0,0
11046,1,0,0,0,0
11047,1,0,0,0,0
11048,1,0,0,0,0
11049,1,0,0,0,0
11050,1,0,0,0,0
11051,1,0,0,0,0
11052,1,0,0,0,0
11053,1,0,0,0,0
11054,1,0,0,0,0
11055,1,0,0,0,0
11056,1,0,0,0,0
11057,1,0,0,0,0
11058,1,0,0,0,0
11059,1,0,0,0,0
11060,1,0,0,0,0
11061,1,0,0,0,0
11062,1,0,0,0,0
11063,1,0,0,0,0
11064,1,0,0,0,0
11065,1,0,0,0,0
11066,1,0,0,0,0
11067,1,0,0,0,0
11068,1,0,0,0,0
11069,1,0,0,0,0
11070,1,0,0,0,0
11071,1,0,0,0,0
11072,1,0,0,0,0
11073,1,0,0,0,0
11074,1,0,0,0,0
11075,1,0,0,0,0
11076,1,0,0,0,0
11077,1,0,0,0,0
11078,0,0,0,0,1
11079,0,0,0,0,1
11080,0,0,0,0,1
11081,0,0,0,0,1
11082,0,0,0,0,1
11083,0,0,0,0,1
11084,0,0,0,0,1
11085,0,0,0,0,1
11086,0,0,0,0,1
11087,0,0,0,0,1
11088,0,0,0,0,1
11089,0,0,0,0,1
11090,0,0,0,0,1
11091,0,0,0,0,1
11092,0,0,0,0,1
11093,0,0,0,0,1
11094,0,0,0,0,1
11095,0,0,0,0,1
11096,0,0,0,0,1
11097,0,0,0,0,1
11098,0,0,0,0,1
11099,0,0,0,0,1
11100,0,0,0,0,1
11101,0,0,0,0,1
11102,0,0,0,0,1
11103,0,0,0,0,1
11104,0,0,0,0,1
11105,0,0,0,0,1
11106,0,0,0,0,1
11107,0,0,0,0,1
11108,0,0,0,0,1
11109,0,0,0,0,1
11110,0,0,0,0,1
11111,0,0,0,0,1
11112,0,0,0,0,1
11113,0,0,0,0,1
11114,0,0,0,0,1
11115,0,0,0,0,1
11116,0,0,0,0,1
11117,0,0,0,0,1
11118,0,0,0,0,1
11119,0,0,0,0,1
11120,0,0,0,0,1
11121,0,0,0,0,1
11122,0,0,0,0,1
11123,0,0,0,0,1
11124,0,0,0,0,1
11125,0,0,0,0,1
11126,0,0,0,0,1
11127,0,0,0,0,1
11128,0,0,0,0,1
11129,0,0,0,0,1
11130,0,0,0,0,1
11131,1,0,0,0,0
11132,1,0,0,0,0
11133,1,0,0,0,0
11134,1,0,0,0,0
11135,1,0,0,0,0
11136,1,0,0,0,0
11137,1,0,0,0,0
11138,1,0,0,0,0
11139,1,0,0,0,0
11140,1,0,0,0,0
11141,1,0,0,0,0
11142,1,0,0,0,0
11143,1,0,0,0,0
11144,1,0,0,0,0
11145,1,0,0,0,0
11146,1,0,0,0,0
11147,1,0,0,0,0
11148,1,0,0,0,0
11149,1,0,0,0,0
11150,1,0,0,0,0
11151,1,0,0,0,0
11152,1,0,0,0,0
11153,1,0,0,0,0
11154,1,0,0,0,0
11155,1,0,0,0,0
11156,1,0,0,0,0
11157,1,0,0,0,0
11158,1,0,0,0,0
11159,1,0,0,0,0
11160,1,0,0,0,0
11161,1,0,0,0,0
11162,1,0,0,0,0
11163,1,0,0,0,0
11164,1,0,0,0,0
11165,1,0,0,0,0
11166,1,0,0,0,0
11167,1,0,0,0,0
11168,1,0,0,0,0
11169,1,0,0,0,0
11170,1,0,0,0,0
11171,1,0,0,0,0
11172,1,0,0,0,0
11173,1,0,0,0,0
11174,1,0,0,0,0
11175,1,0,0,0,0
11176,1,0,0,0,0
11177,1,0,0,0,0
11178,1,0,0,0,0
11179,1,0,0,0,0
11180,1,0,0,0,0
11181,1,0,0,0,0
11182,1,0,0,0,0
11183,1,0,0,0,0
11184,1,0,0,0,0
11185,1,0,0,0,0
11186,1,0,0,0,0
11187,1,0,0,0,0
11188,1,0,0,0,0
11189,1,0,0,0,0
11190,1,0,0,0,0
11191,1,0,0,0,0
11192,1,0,0,0,0
11193,1,0,0,0,0
11194,1,0,0,0,0
11195,1,0,0,0,0
11196,1,0,0,0,0
11197,1,0,0,0,0
11198,1,0,0,0,0
11199,1,0,0,0,0
11200,1,0,0,0,0
11201,1,0,0,0,0
11202,1,0,0,0,0
11203,1,0,0,0,0
11204,1,0,0,0,0
11205,1,0,0,0,0
11206,1,0,0,0,0
11207,1,0,0,0,0
11208,1,0,0,0,0
11209,1,0,0,0,0
11210,1,0,0,0,0
11211,1,0,0,0,0
11212,1,0,0,0,0
11213,1,0,0,0,0
11214,1,0,0,0,0
11215,1,0,0,0,0
11216,1,0,0,0,0
11217,1,0,0,0,0
11218,1,0,0,0,0
11219,1,0,0,0,0
11220,1,0,0,0,0
11221,1,0,0,0,0
11222,1,0,0,0,0
11223,1,0,0,0,0
11224,1,0,0,0,0
11225,1,0,0,0,0
11226,1,0,0,0,0
11227,1,0,0,0,0
11228,1,0,0,0,0
11229,1,0,0,0,0
11230,1,0,0,0,0
11231,1,0,0,0,0
11232,1,0,0,0,0
11233,1,0,0,0,0
11234,1,0,0,0,0
11235,1,0,0,0,0
11236,1,0,0,0,0
11237,0,0,0,0,1
11238,0,0,0,0,1
11239,0,0,0,0,1
11240,0,0,0,0,1
11241,0,0,0,0,1
11242,0,0,0,0,1
11243,0,0,0,0,1
11244,0,0,0,0,1
11245,0,0,0,0,1
11246,0,0,0,0,1
11247,0,0,0,0,1
11248,0,0,0,0,1
11249,0,0,0,0,1
11250,0,0,0,0,1
11251,0,0,0,0,1
11252,0,0,0,0,1
11253,0,0,0,0,1
11254,0,0,0,0,1
11255,0,0,0,0,1
11256,0,0,0,0,1
11257,0,0,0,0,1
11258,0,0,0,0,1
11259,0,0,0,0,1
11260,0,0,0,0,1
11261,0,0,0,0,1
11262,0,0,0,0,1
11263,0,0,0,0,1
11264,0,0,0,0,1
11265,0,0,0,0,1
11266,0,0,0,0,1
11267,0,0,0,0,1
11268,0,0,0,0,1
11269,0,0,0,0,1
11270,0,0,0,0,1
11271,0,0,0,0,1
11272,0,0,0,0,1
11273,0,0,0,0,1
11274,0,0,0,0,1
11275,0,0,0,0,1
11276,0,0,0,0,1
11277,0,0,0,0,1
11278,0,0,0,0,1
11279,0,0,0,0,1
11280,0,0,0,0,1
11281,0,0,0,0,1
11282,0,0,0,0,1
11283,0,0,0,0,1
11284,0,0,0,0,1
11285,0,0,0,0,1
11286,0,0,0,0,1
11287,0,0,0,0,1
11288,0,0,0,0,1
11289,0,0,0,0,1
11290,0,0,0,0,1
11291,0,0,0,0,1
11292,0,0,0,0,1
11293,0,0,0,0,1
11294,0,0,0,0,1
11295,0,0,0,0,1
11296,0,0,0,0,1
11297,0,0,0,0,1
11298,0,0,0,0,1
11299,0,0,0,0,1
11300,0,0,0,0,1
11301,0,0,0,0,1
11302,0,0,0,0,1
11303,0,0,0,0,1
11304,0,0,0,0,1
11305,0,0,0,0,1
11306,0,0,0,0,1
11307,0,0,0,0,1
11308,0,0,0,0,1
11309,0,0,0,0,1
11310,0,0,0,0,1
11311,0,0,0,0,1
11312,0,0,0,0,1
11313,0,0,0,0,1
11314,0,0,0,0,1
11315,0,0,0,0,1
11316,0,0,0,0,1
11317,0,0,0,0,1
11318,0,0,0,0,1
11319,0,0,0,0,1
11320,0,0,0,0,1
11321,0,0,0,0,1
11322,0,0,0,0,1
11323,0,0,0,0,1
11324,0,0,0,0,1
11325,0,0,0,0,1
11326,0,0,0,0,1
11327,0,0,0,0,1
11328,0,0,0,0,1
11329,0,0,0,0,1
11330,0,0,0,0,1
11331,0,0,0,0,1
11332,0,0,0,0,1
11333,0,0,0,0,1
11334,0,0,0,0,1
11335,0,0,0,0,1
11336,0,0,0,0,1
11337,0,0,0,0,1
11338,0,0,0,0,1
11339,0,0,0,0,1
11340,0,0,0,0,1
11341,0,0,0,0,1
11342,0,0,0,0,1
11343,0,0,0,0,1
11344,0,0,0,0,1
11345,0,0,0,0,1
11346,0,0,0,0,1
11347,0,0,0,0,1
11348,0,0,0,0,1
11349,0,0,0,0,1
11350,0,0,0,0,1
11351,0,0,0,0,1
11352,0,0,0,0,1
11353,0,0,0,0,1
11354,0,0,0,0,1
11355,0,0,0,0,1
11356,0,0,0,0,1
11357,0,0,0,0,1
11358,0,0,0,0,1
11359,0,0,0,0,1
11360,0,0,0,0,1
11361,0,0,0,0,1
11362,0,0,0,0,1
11363,0,0,0,0,1
11364,0,0,0,0,1
11365,0,0,0,0,1
11366,0,0,0,0,1
11367,0,0,0,0,1
11368,0,0,0,0,1
11369,0,0,0,0,1
11370,0,0,0,0,1
11371,0,0,0,0,1
11372,0,0,0,0,1
11373,0,0,0,0,1
11374,0,0,0,0,1
11375,0,0,0,0,1
11376,0,0,0,0,1
11377,0,0,0,0,1
11378,0,0,0,0,1
11379,0,0,0,0,1
11380,0,0,0,0,1
11381,0,0,0,0,1
11382,0,0,0,0,1
11383,0,0,0,0,1
11384,0,0,0,0,1
11385,0,0,0,0,1
11386,0,0,0,0,1
11387,0,0,0,0,1
11388,0,0,0,0,1
11389,0,0,0,0,1
11390,0,0,0,0,1
11391,0,0,0,0,1
11392,0,0,0,0,1
11393,0,0,0,0,1
11394,0,0,0,0,1
11395,0,0,0,0,1
11396,0,0,0,0,1
11397,0,0,0,0,1
11398,0,0,0,0,1
11399,0,0,0,0,1
11400,0,0,0,0,1
11401,0,0,0,0,1
11402,0,0,0,0,1
11403,0,0,0,0,1
11404,0,0,0,0,1
11405,0,0,0,0,1
11406,0,0,0,0,1
11407,0,0,0,0,1
11408,0,0,0,0,1
11409,0,0,0,0,1
11410,0,0,0,0,1
11411,0,0,0,0,1
11412,0,0,0,0,1
11413,0,0,0,0,1
11414,0,0,0,0,1
11415,0,0,0,0,1
11416,0,0,0,0,1
11417,0,0,0,0,1
11418,0,0,0,0,1
11419,0,0,0,0,1
11420,0,0,0,0,1
11421,0,0,0,0,1
11422,0,0,0,0,1
11423,0,0,0,0,1
11424,0,0,0,0,1
11425,0,0,0,0,1
11426,0,0,0,0,1
11427,0,0,0,0,1
11428,0,0,0,0,1
11429,0,0,0,0,1
11430,0,0,0,0,1
11431,0,0,0,0,1
11432,0,0,0,0,1
11433,0,0,0,0,1
11434,0,0,0,0,1
11435,0,0,0,0,1
11436,0,0,0,0,1
11437,0,0,0,0,1
11438,0,0,0,0,1
11439,0,0,0,0,1
11440,0,0,0,0,1
11441,0,0,0,0,1
11442,0,0,0,0,1
11443,0,0,0,0,1
11444,0,0,0,0,1
11445,0,0,0,0,1
11446,0,0,0,0,1
11447,0,0,0,0,1
11448,0,0,0,0,1
11449,0,0,0,0,1
11450,0,0,0,0,1
11451,0,0,0,0,1
11452,0,0,0,0,1
11453,0,0,0,0,1
11454,0,0,0,0,1
11455,0,0,0,0,1
11456,0,0,0,0,1
11457,0,0,0,0,1
11458,0,0,0,0,1
11459,0,0,0,0,1
11460,0,0,0,0,1
11461,0,0,0,0,1
11462,0,0,0,0,1
11463,0,0,0,0,1
11464,0,0,0,0,1
11465,0,0,0,0,1
11466,0,0,0,0,1
11467,0,0,0,0,1
11468,0,0,0,0,1
11469,0,0,0,0,1
11470,0,0,0,0,1
11471,0,0,0,0,1
11472,0,0,0,0,1
11473,0,0,0,0,1
11474,0,0,0,0,1
11475,0,0,0,0,1
11476,0,0,0,0,1
11477,0,0,0,0,1
11478,0,0,0,0,1
11479,0,0,0,0,1
11480,0,0,0,0,1
11481,0,0,0,0,1
11482,0,0,0,0,1
11483,0,0,0,0,1
11484,0,0,0,0,1
11485,0,0,0,0,1
11486,1,0,0,0,0
11487,1,0,0,0,0
11488,1,0,0,0,0
11489,1,0,0,0,0
11490,1,0,0,0,0
11491,1,0,0,0,0
11492,1,0,0,0,0
11493,1,0,0,0,0
11494,1,0,0,0,0
11495,1,0,0,0,0
11496,1,0,0,0,0
11497,1,0,0,0,0
11498,1,0,0,0,0
11499,1,0,0,0,0
11500,1,0,0,0,0
11501,1,0,0,0,0
11502,1,0,0,0,0
11503,1,0,0,0,0
11504,1,0,0,0,0
11505,1,0,0,0,0
11506,1,0,0,0,0
11507,1,0,0,0,0
11508,1,0,0,0,0
11509,1,0,0,0,0
11510,1,0,0,0,0
11511,1,0,0,0,0
11512,1,0,0,0,0
11513,1,0,0,0,0
11514,1,0,0,0,0
11515,1,0,0,0,0
11516,1,0,0,0,0
11517,1,0,0,0,0
11518,1,0,0,0,0
11519,1,0,0,0,0
11520,0,0,0,0,1
11521,0,0,0,0,1
11522,0,0,0,0,1
11523,0,0,0,0,1
11524,0,0,0,0,1
11525,0,0,0,0,1
11526,0,0,0,0,1
11527,0,0,0,0,1
11528,0,0,0,0,1
11529,0,0,0,0,1
11530,0,0,0,0,1
11531,0,0,0,0,1
11532,0,0,0,0,1
11533,0,0,0,0,1
11534,0,0,0,0,1
11535,0,0,0,0,1
11536,0,0,0,0,1
11537,0,0,0,0,1
11538,0,0,0,0,1
11539,0,0,0,0,1
11540,0,0,0,0,1
11541,0,0,0,0,1
11542,0,0,0,0,1
11543,0,0,0,0,1
11544,0,0,0,0,1
11545,0,0,0,0,1
11546,0,0,0,0,1
11547,1,0,0,0,0
11548,1,0,0,0,0
11549,1,0,0,0,0
11550,1,0,0,0,0
11551,1,0,0,0,0
11552,1,0,0,0,0
11553,1,0,0,0,0
11554,1,0,0,0,0
11555,1,0,0,0,0
11556,1,0,0,0,0
11557,1,0,0,0,0
11558,1,0,0,0,0
11559,1,0,0,0,0
11560,1,0,0,0,0
11561,1,0,0,0,0
11562,1,0,0,0,0
11563,1,0,0,0,0
11564,1,0,0,0,0
11565,1,0,0,0,0
11566,1,0,0,0,0
11567,1,0,0,0,0
11568,1,0,0,0,0
11569,1,0,0,0,0
11570,1,0,0,0,0
11571,1,0,0,0,0
11572,1,0,0,0,0
11573,1,0,0,0,0
11574,1,0,0,0,0
11575,1,0,0,0,0
11576,1,0,0,0,0
11577,1,0,0,0,0
11578,1,0,0,0,0
11579,1,0,0,0,0
11580,1,0,0,0,0
11581,1,0,0,0,0
11582,1,0,0,0,0
11583,1,0,0,0,0
11584,1,0,0,0,0
11585,1,0,0,0,0
11586,1,0,0,0,0
11587,1,0,0,0,0
11588,1,0,0,0,0
11589,1,0,0,0,0
11590,1,0,0,0,0
11591,1,0,0,0,0
11592,0,0,0,0,1
11593,0,0,0,0,1
11594,0,0,0,0,1
11595,0,0,0,0,1
11596,0,0,0,0,1
11597,0,0,0,0,1
11598,0,0,0,0,1
11599,0,0,0,0,1
11600,0,0,0,0,1
11601,0,0,0,0,1
11602,0,0,0,0,1
11603,0,0,0,0,1
11604,0,0,0,0,1
11605,0,0,0,0,1
11606,0,0,0,0,1
11607,0,0,0,0,1
11608,0,0,0,0,1
11609,0,0,0,0,1
11610,0,0,0,0,1
11611,0,0,0,0,1
11612,0,0,0,0,1
11613,0,0,0,0,1
11614,0,0,0,0,1
11615,0,0,0,0,1
11616,0,0,0,0,1
11617,0,0,0,0,1
11618,0,0,0,0,1
11619,0,0,0,0,1
11620,0,0,0,0,1
11621,0,0,0,0,1
11622,0,0,0,0,1
11623,0,0,0,0,1
11624,0,0,0,0,1
11625,0,0,0,0,1
11626,0,0,0,0,1
11627,0,0,0,0,1
11628,0,0,0,0,1
11629,0,0,0,0,1
11630,0,0,0,0,1
11631,0,0,0,0,1
11632,0,0,0,0,1
11633,0,0,0,0,1
11634,0,0,0,0,1
11635,0,0,0,0,1
11636,0,0,0,0,1
11637,0,0,0,0,1
11638,0,0,0,0,1
11639,0,0,0,0,1
11640,0,0,0,0,1
11641,0,0,0,0,1
11642,0,0,0,0,1
11643,0,0,0,0,1
11644,0,0,0,0,1
11645,0,0,0,0,1
11646,0,0,0,0,1
11647,0,0,0,0,1
11648,0,0,0,0,1
11649,0,0,0,0,1
11650,0,0,0,0,1
11651,0,0,0,0,1
11652,0,0,0,0,1
11653,0,0,0,0,1
11654,0,0,0,0,1
11655,0,0,0,0,1
11656,0,0,0,0,1
11657,0,0,0,0,1
11658,0,0,0,0,1
11659,0,0,0,0,1
11660,0,0,0,0,1
11661,0,0,0,0,1
11662,0,0,0,0,1
11663,0,0,0,0,1
11664,0,0,0,0,1
11665,0,0,0,0,1
11666,0,0,0,0,1
11667,0,0,0,0,1
11668,0,0,0,0,1
11669,0,0,0,0,1
11670,0,0,0,0,1
11671,0,0,0,0,1
11672,0,0,0,0,1
11673,0,0,0,0,1
11674,0,0,0,0,1
11675,0,0,0,0,1
11676,0,0,0,0,1
11677,0,0,0,0,1
11678,0,0,0,0,1
11679,0,0,0,0,1
11680,0,0,0,0,1
11681,0,0,0,0,1
11682,0,0,0,0,1
11683,0,0,0,0,1
11684,0,0,0,0,1
11685,0,0,0,0,1
11686,0,0,0,0,1
11687,0,0,0,0,1
11688,0,0,0,0,1
11689,0,0,0,0,1
11690,0,0,0,0,1
11691,0,0,0,0,1
11692,0,0,0,0,1
11693,0,0,0,0,1
11694,0,0,0,0,1
11695,0,0,0,0,1
11696,0,0,0,0,1
11697,0,0,0,0,1
11698,0,0,0,0,1
11699,0,0,0,0,1
11700,0,0,0,0,1
11701,0,0,0,0,1
11702,0,0,0,0,1
11703,0,0,0,0,1
11704,0,0,0,0,1
11705,0,0,0,0,1
11706,0,0,0,0,1
11707,0,0,0,0,1
11708,0,0,0,0,1
11709,0,0,0,0,1
11710,0,0,0,0,1
11711,0,0,0,0,1
11712,0,0,0,0,1
11713,0,0,0,0,1
11714,0,0,0,0,1
11715,0,0,0,0,1
11716,0,0,0,0,1
11717,0,0,0,0,1
11718,0,0,0,0,1
11719,0,0,0,0,1
11720,0,0,0,0,1
11721,0,0,0,0,1
11722,0,0,0,0,1
11723,0,0,0,0,1
11724,0,0,0,0,1
11725,0,0,0,0,1
11726,0,0,0,0,1
11727,0,0,0,0,1
11728,0,0,0,0,1
11729,0,0,0,0,1
11730,0,0,0,0,1
11731,0,0,0,0,1
11732,0,0,0,0,1
11733,0,0,0,0,1
11734,0,0,0,0,1
11735,0,0,0,0,1
11736,0,0,0,0,1
11737,0,0,0,0,1
11738,0,0,0,0,1
11739,0,0,0,0,1
11740,0,0,0,0,1
11741,0,0,0,0,1
11742,0,0,0,0,1
11743,0,0,0,0,1
11744,0,0,0,0,1
11745,0,0,0,0,1
11746,0,0,0,0,1
11747,0,0,0,0,1
11748,0,0,0,0,1
11749,0,0,0,0,1
11750,0,0,0,0,1
11751,0,0,0,0,1
11752,0,0,0,0,1
11753,0,0,0,0,1
11754,0,0,0,0,1
11755,0,0,0,0,1
11756,0,0,0,0,1
11757,0,0,0,0,1
11758,0,0,0,0,1
11759,0,0,0,0,1
11760,0,0,0,0,1
11761,0,0,0,0,1
11762,0,0,0,0,1
11763,0,0,0,0,1
11764,0,0,0,0,1
11765,0,0,0,0,1
11766,0,0,0,0,1
11767,0,0,0,0,1
11768,0,0,0,0,1
11769,0,0,0,0,1
11770,0,0,0,0,1
11771,0,0,0,0,1
11772,0,0,0,0,1
11773,0,0,0,0,1
11774,0,0,0,0,1
11775,0,0,0,0,1
11776,0,0,0,0,1
11777,0,0,0,0,1
11778,0,0,0,0,1
11779,0,0,0,0,1
11780,0,0,0,0,1
11781,0,0,0,0,1
11782,0,0,0,0,1
11783,0,0,0,0,1
11784,0,0,0,0,1
11785,0,0,0,0,1
11786,0,0,0,0,1
11787,0,0,0,0,1
11788,0,0,0,0,1
11789,0,0,0,0,1
11790,0,0,0,0,1
11791,0,0,0,0,1
11792,0,0,0,0,1
11793,0,0,0,0,1
11794,0,0,0,0,1
11795,0,0,0,0,1
11796,0,0,0,0,1
11797,0,0,0,0,1
11798,0,0,0,0,1
11799,0,0,0,0,1
11800,0,0,0,0,1
11801,0,0,0,0,1
11802,0,0,0,0,1
11803,0,0,0,0,1
11804,0,0,0,0,1
11805,0,0,0,0,1
11806,0,0,0,0,1
11807,0,0,0,0,1
11808,0,0,0,0,1
11809,0,0,0,0,1
11810,0,0,0,0,1
11811,0,0,0,0,1
11812,0,0,0,0,1
11813,0,0,0,0,1
11814,0,0,0,0,1
11815,0,0,0,0,1
11816,0,0,0,0,1
11817,0,0,0,0,1
11818,0,0,0,0,1
11819,0,0,0,0,1
11820,0,0,0,0,1
11821,0,0,0,0,1
11822,0,0,0,0,1
11823,0,0,0,0,1
11824,0,0,0,0,1
11825,0,0,0,0,1
11826,0,0,0,0,1
11827,0,0,0,0,1
11828,0,0,0,0,1
11829,0,0,0,0,1
11830,0,0,0,0,1
11831,0,0,0,0,1
11832,0,0,0,0,1
11833,0,0,0,0,1
11834,0,0,0,0,1
11835,0,0,0,0,1
11836,0,0,0,0,1
11837,0,0,0,0,1
11838,0,0,0,0,1
11839,0,0,0,0,1
11840,0,0,0,0,1
11841,0,0,0,0,1
11842,0,0,0,0,1
11843,0,0,0,0,1
11844,0,0,0,0,1
11845,0,0,0,0,1
11846,0,0,0,0,1
11847,0,0,0,0,1
11848,0,0,0,0,1
11849,0,0,0,0,1
11850,0,0,0,0,1
11851,0,0,0,0,1
11852,0,0,0,0,1
11853,0,0,0,0,1
11854,0,0,0,0,1
11855,0,0,0,0,1
11856,0,0,0,0,1
11857,0,0,0,0,1
11858,0,0,0,0,1
11859,0,0,0,0,1
11860,0,0,0,0,1
11861,0,0,0,0,1
11862,0,0,0,0,1
11863,0,0,0,0,1
11864,0,0,0,0,1
11865,0,0,0,0,1
11866,0,0,0,0,1
11867,0,0,0,0,1
11868,0,0,0,0,1
11869,0,0,0,0,1
11870,0,0,0,0,1
11871,0,0,0,0,1
11872,0,0,0,0,1
11873,0,0,0,0,1
11874,0,0,0,0,1
11875,0,0,0,0,1
11876,0,0,0,0,1
11877,0,0,0,0,1
11878,0,0,0,0,1
11879,0,0,0,0,1
11880,0,0,0,0,1
11881,0,0,0,0,1
11882,0,0,0,0,1
11883,0,0,0,0,1
11884,0,0,0,0,1
11885,0,0,0,0,1
11886,0,0,0,0,1
11887,0,0,0,0,1
11888,0,0,0,0,1
11889,0,0,0,0,1
11890,0,0,0,0,1
11891,0,0,0,0,1
11892,0,0,0,0,1
11893,0,0,0,0,1
11894,0,0,0,0,1
11895,0,0,0,0,1
11896,0,0,0,0,1
11897,0,0,0,0,1
11898,0,0,0,0,1
11899,0,0,0,0,1
11900,0,0,0,0,1
11901,0,0,0,0,1
11902,0,0,0,0,1
11903,0,0,0,0,1
11904,0,0,0,0,1
11905,0,0,0,0,1
11906,0,0,0,0,1
11907,0,0,0,0,1
11908,0,0,0,0,1
11909,0,0,0,0,1
11910,0,0,0,0,1
11911,0,0,0,0,1
11912,0,0,0,0,1
11913,0,0,0,0,1
11914,0,0,0,0,1
11915,0,0,0,0,1
11916,0,0,0,0,1
11917,0,0,0,0,1
11918,0,0,0,0,1
11919,0,0,0,0,1
11920,0,0,0,0,1
11921,0,0,0,0,1
11922,0,0,0,0,1
11923,0,0,0,0,1
11924,0,0,0,0,1
11925,0,0,0,0,1
11926,0,0,0,0,1
11927,0,0,0,0,1
11928,0,0,0,0,1
11929,0,0,0,0,1
11930,0,0,0,0,1
11931,0,0,0,0,1
11932,0,0,0,0,1
11933,0,0,0,0,1
11934,0,0,0,0,1
11935,0,0,0,0,1
11936,0,0,0,0,1
11937,0,0,0,0,1
11938,0,0,0,0,1
11939,0,0,0,0,1
11940,0,0,0,0,1
11941,0,0,0,0,1
11942,0,0,0,0,1
11943,0,0,0,0,1
11944,0,0,0,0,1
11945,0,0,0,0,1
11946,0,0,0,0,1
11947,0,0,0,0,1
11948,0,0,0,0,1
11949,0,0,0,0,1
11950,0,0,0,0,1
11951,0,0,0,0,1
11952,0,0,0,0,1
11953,0,0,0,0,1
11954,0,0,0,0,1
11955,0,0,0,0,1
11956,0,0,0,0,1
11957,0,0,0,0,1
11958,0,0,0,0,1
11959,0,0,0,0,1
11960,0,0,0,0,1
11961,0,0,0,0,1
11962,0,0,0,0,1
11963,0,0,0,0,1
11964,0,0,0,0,1
11965,0,0,0,0,1
11966,0,0,0,0,1
11967,0,0,0,0,1
11968,0,0,0,0,1
11969,0,0,0,0,1
11970,0,0,0,0,1
11971,0,0,0,0,1
11972,0,0,0,0,1
11973,0,0,0,0,1
11974,0,0,0,0,1
11975,0,0,0,0,1
11976,0,0,0,0,1
11977,0,0,0,0,1
11978,0,0,0,0,1
11979,0,0,0,0,1
11980,0,0,0,0,1
11981,0,0,0,0,1
11982,0,0,0,0,1
11983,0,0,0,0,1
11984,0,0,0,0,1
11985,0,0,0,0,1
11986,0,0,0,0,1
11987,1,0,0,0,0
11988,1,0,0,0,0
11989,1,0,0,0,0
11990,1,0,0,0,0
11991,1,0,0,0,0
11992,1,0,0,0,0
11993,1,0,0,0,0
11994,1,0,0,0,0
11995,1,0,0,0,0
11996,1,0,0,0,0
11997,1,0,0,0,0
11998,1,0,0,0,0
11999,1,0,0,0,0
12000,1,0,0,0,0
12001,1,0,0,0,0
12002,0,0,0,0,1
12003,0,0,0,0,1
12004,0,0,0,0,1
12005,0,0,0,0,1
12006,0,0,0,0,1
12007,0,0,0,0,1
12008,0,0,0,0,1
12009,0,0,0,0,1
12010,0,0,0,0,1
12011,0,0,0,0,1
12012,0,0,0,0,1
12013,0,0,0,0,1
12014,0,0,0,0,1
12015,0,0,0,0,1
12016,0,0,0,0,1
12017,0,0,0,0,1
12018,0,0,0,0,1
12019,0,0,0,0,1
12020,0,0,0,0,1
12021,0,0,0,0,1
12022,0,0,0,0,1
12023,0,0,0,0,1
12024,0,0,0,0,1
12025,0,0,0,0,1
12026,0,0,0,0,1
12027,0,0,0,0,1
12028,0,0,0,0,1
12029,0,0,0,0,1
12030,0,0,0,0,1
12031,0,0,0,0,1
12032,0,0,0,0,1
12033,0,0,0,0,1
12034,0,0,0,0,1
12035,0,0,0,0,1
12036,0,0,0,0,1
12037,0,0,0,0,1
12038,0,0,0,0,1
12039,0,0,0,0,1
12040,0,0,0,0,1
12041,0,0,0,0,1
12042,0,0,0,0,1
12043,0,0,0,0,1
12044,0,0,0,0,1
12045,0,0,0,0,1
12046,0,0,0,0,1
12047,0,0,0,0,1
12048,0,0,0,0,1
12049,0,0,0,0,1
12050,0,0,0,0,1
12051,0,0,0,0,1
12052,0,0,0,0,1
12053,0,0,0,0,1
12054,0,0,0,0,1
12055,0,0,0,0,1
12056,0,0,0,0,1
12057,0,0,0,0,1
12058,0,0,0,0,1
12059,0,0,0,0,1
12060,0,0,0,0,1
12061,0,0,0,0,1
12062,0,0,0,0,1
12063,0,0,0,0,1
12064,0,0,0,0,1
12065,0,0,0,0,1
12066,0,0,0,0,1
12067,0,0,0,0,1
12068,0,0,0,0,1
12069,0,0,0,0,1
12070,0,0,0,0,1
12071,0,0,0,0,1
12072,0,0,0,0,1
12073,0,0,0,0,1
12074,0,0,0,0,1
12075,0,0,0,0,1
12076,0,0,0,0,1
12077,0,0,0,0,1
12078,0,0,0,0,1
12079,1,0,0,0,0
12080,1,0,0,0,0
12081,1,0,0,0,0
12082,1,0,0,0,0
12083,1,0,0,0,0
12084,1,0,0,0,0
12085,1,0,0,0,0
12086,1,0,0,0,0
12087,1,0,0,0,0
12088,1,0,0,0,0
12089,1,0,0,0,0
12090,1,0,0,0,0
12091,1,0,0,0,0
12092,0,0,0,0,1
12093,0,0,0,0,1
12094,0,0,0,0,1
12095,0,0,0,0,1
12096,0,0,0,0,1
12097,0,0,0,0,1
12098,0,0,0,0,1
12099,0,0,0,0,1
12100,0,0,0,0,1
12101,0,0,0,0,1
12102,0,0,0,0,1
12103,0,0,0,0,1
12104,0,0,0,0,1
12105,0,0,0,0,1
12106,0,0,0,0,1
12107,0,0,0,0,1
12108,0,0,0,0,1
12109,0,0,0,0,1
12110,0,0,0,0,1
12111,0,0,0,0,1
12112,0,0,0,0,1
12113,0,0,0,0,1
12114,0,0,0,0,1
12115,0,0,0,0,1
12116,0,0,0,0,1
12117,0,0,0,0,1
12118,0,0,0,0,1
12119,0,0,0,0,1
12120,0,0,0,0,1
12121,0,0,0,0,1
12122,0,0,0,0,1
12123,0,0,0,0,1
12124,0,0,0,0,1
12125,0,0,0,0,1
12126,0,0,0,0,1
12127,0,0,0,0,1
12128,0,0,0,0,1
12129,0,0,0,0,1
12130,0,0,0,0,1
12131,0,0,0,0,1
12132,0,0,0,0,1
12133,0,0,0,0,1
12134,0,0,0,0,1
12135,0,0,0,0,1
12136,0,0,0,0,1
12137,0,0,0,0,1
12138,0,0,0,0,1
12139,0,0,0,0,1
12140,0,0,0,0,1
12141,0,0,0,0,1
12142,0,0,0,0,1
12143,0,0,0,0,1
12144,0,0,0,0,1
12145,0,0,0,0,1
12146,0,0,0,0,1
12147,0,0,0,0,1
12148,0,0,0,0,1
12149,0,0,0,0,1
12150,0,0,0,0,1
12151,0,0,0,0,1
12152,0,0,0,0,1
12153,0,0,0,0,1
12154,0,0,0,0,1
12155,0,0,0,0,1
12156,0,0,0,0,1
12157,0,0,0,0,1
12158,1,0,0,0,0
12159,1,0,0,0,0
12160,1,0,0,0,0
12161,1,0,0,0,0
12162,1,0,0,0,0
12163,1,0,0,0,0
12164,1,0,0,0,0
12165,1,0,0,0,0
12166,1,0,0,0,0
12167,1,0,0,0,0
12168,1,0,0,0,0
12169,1,0,0,0,0
12170,1,0,0,0,0
12171,1,0,0,0,0
12172,1,0,0,0,0
12173,1,0,0,0,0
12174,1,0,0,0,0
12175,1,0,0,0,0
12176,1,0,0,0,0
12177,1,0,0,0,0
12178,1,0,0,0,0
12179,1,0,0,0,0
12180,1,0,0,0,0
12181,1,0,0,0,0
12182,1,0,0,0,0
12183,1,0,0,0,0
12184,1,0,0,0,0
12185,1,0,0,0,0
12186,1,0,0,0,0
12187,1,0,0,0,0
12188,1,0,0,0,0
12189,1,0,0,0,0
12190,1,0,0,0,0
12191,1,0,0,0,0
12192,1,0,0,0,0
12193,1,0,0,0,0
12194,1,0,0,0,0
12195,1,0,0,0,0
12196,1,0,0,0,0
12197,1,0,0,0,0
12198,1,0,0,0,0
12199,1,0,0,0,0
12200,1,0,0,0,0
12201,1,0,0,0,0
12202,1,0,0,0,0
12203,1,0,0,0,0
12204,1,0,0,0,0
12205,1,0,0,0,0
12206,1,0,0,0,0
12207,0,0,0,0,1
12208,0,0,0,0,1
12209,0,0,0,0,1
12210,0,0,0,0,1
12211,0,0,0,0,1
12212,0,0,0,0,1
12213,0,0,0,0,1
12214,0,0,0,0,1
12215,0,0,0,0,1
12216,0,0,0,0,1
12217,0,0,0,0,1
12218,0,0,0,0,1
12219,0,0,0,0,1
12220,0,0,0,0,1
12221,0,0,0,0,1
12222,0,0,0,0,1
12223,0,0,0,0,1
12224,0,0,0,0,1
12225,0,0,0,0,1
12226,0,0,0,0,1
12227,0,0,0,0,1
12228,0,0,0,0,1
12229,0,0,0,0,1
12230,0,0,0,0,1
12231,0,0,0,0,1
12232,0,0,0,0,1
12233,0,0,0,0,1
12234,0,0,0,0,1
12235,0,0,0,0,1
12236,0,0,0,0,1
12237,0,0,0,0,1
12238,0,0,0,0,1
12239,0,0,0,0,1
12240,0,0,0,0,1
12241,0,0,0,0,1
12242,0,0,0,0,1
12243,0,0,0,0,1
12244,0,0,0,0,1
12245,0,0,0,0,1
12246,0,0,0,0,1
12247,0,0,0,0,1
12248,0,0,0,0,1
12249,0,0,0,0,1
12250,0,0,0,0,1
12251,0,0,0,0,1
12252,0,0,0,0,1
12253,0,0,0,0,1
12254,0,0,0,0,1
12255,0,0,0,0,1
12256,0,0,0,0,1
12257,0,0,0,0,1
12258,0,0,0,0,1
12259,0,0,0,0,1
12260,0,0,0,0,1
12261,0,0,0,0,1
12262,0,0,0,0,1
12263,0,0,0,0,1
12264,0,0,0,0,1
12265,0,0,0,0,1
12266,0,0,0,0,1
12267,0,0,0,0,1
12268,0,0,0,0,1
12269,0,0,0,0,1
12270,0,0,0,0,1
12271,0,0,0,0,1
12272,0,0,0,0,1
12273,0,0,0,0,1
12274,0,0,0,0,1
12275,0,0,0,0,1
12276,0,0,0,0,1
12277,0,0,0,0,1
12278,0,0,0,0,1
12279,0,0,0,0,1
12280,0,0,0,0,1
12281,0,0,0,0,1
12282,0,0,0,0,1
12283,0,0,0,0,1
12284,0,0,0,0,1
12285,0,0,0,0,1
12286,0,0,0,0,1
12287,0,0,0,0,1
12288,0,0,0,0,1
12289,0,0,0,0,1
12290,0,0,0,0,1
12291,0,0,0,0,1
12292,0,0,0,0,1
12293,0,0,0,0,1
12294,0,0,0,0,1
12295,0,0,0,0,1
12296,0,0,0,0,1
12297,0,0,0,0,1
12298,0,0,0,0,1
12299,0,0,0,0,1
12300,0,0,0,0,1
12301,0,0,0,0,1
12302,0,0,0,0,1
12303,0,0,0,0,1
12304,0,0,0,0,1
12305,0,0,0,0,1
12306,0,0,0,0,1
12307,0,0,0,0,1
12308,0,0,0,0,1
12309,0,0,0,0,1
12310,0,0,0,0,1
12311,0,0,0,0,1
12312,0,0,0,0,1
12313,0,0,0,0,1
12314,0,0,0,0,1
12315,0,0,0,0,1
12316,0,0,0,0,1
12317,0,0,0,0,1
12318,0,0,0,0,1
12319,0,0,0,0,1
12320,0,0,0,0,1
12321,0,0,0,0,1
12322,0,0,0,0,1
12323,0,0,0,0,1
12324,0,0,0,0,1
12325,0,0,0,0,1
12326,0,0,0,0,1
12327,0,0,0,0,1
12328,0,0,0,0,1
12329,0,0,0,0,1
12330,0,0,0,0,1
12331,0,0,0,0,1
12332,0,0,0,0,1
12333,0,0,0,0,1
12334,0,0,0,0,1
12335,0,0,0,0,1
12336,0,0,0,0,1
12337,0,0,0,0,1
12338,0,0,0,0,1
12339,0,0,0,0,1
12340,0,0,0,0,1
12341,0,0,0,0,1
12342,0,0,0,0,1
12343,0,0,0,0,1
12344,0,0,0,0,1
12345,0,0,0,0,1
12346,0,0,0,0,1
12347,0,0,0,0,1
12348,0,0,0,0,1
12349,0,0,0,0,1
12350,0,0,0,0,1
12351,0,0,0,0,1
12352,0,0,0,0,1
12353,0,0,0,0,1
12354,0,0,0,0,1
12355,0,0,0,0,1
12356,0,0,0,0,1
12357,0,0,0,0,1
12358,0,0,0,0,1
12359,0,0,0,0,1
12360,0,0,0,0,1
12361,0,0,0,0,1
12362,0,0,0,0,1
12363,0,0,0,0,1
12364,0,0,0,0,1
12365,0,0,0,0,1
12366,0,0,0,0,1
12367,0,0,0,0,1
12368,0,0,0,0,1
12369,0,0,0,0,1
12370,0,0,0,0,1
12371,0,0,0,0,1
12372,0,0,0,0,1
12373,0,0,0,0,1
12374,0,0,0,0,1
12375,0,0,0,0,1
12376,0,0,0,0,1
12377,0,0,0,0,1
12378,0,0,0,0,1
12379,0,0,0,0,1
12380,0,0,0,0,1
12381,0,0,0,0,1
12382,0,0,0,0,1
12383,0,0,0,0,1
12384,0,0,0,0,1
12385,0,0,0,0,1
12386,0,0,0,0,1
12387,0,0,0,0,1
12388,0,0,0,0,1
12389,0,0,0,0,1
12390,0,0,0,0,1
12391,0,0,0,0,1
12392,0,0,0,0,1
12393,0,0,0,0,1
12394,0,0,0,0,1
12395,0,0,0,0,1
12396,0,0,0,0,1
12397,0,0,0,0,1
12398,0,0,0,0,1
12399,0,0,0,0,1
12400,0,0,0,0,1
12401,0,0,0,0,1
12402,0,0,0,0,1
12403,0,0,0,0,1
12404,0,0,0,0,1
12405,0,0,0,0,1
12406,0,0,0,0,1
12407,0,0,0,0,1
12408,0,0,0,0,1
12409,0,0,0,0,1
12410,0,0,0,0,1
12411,0,0,0,0,1
12412,0,0,0,0,1
12413,0,0,0,0,1
12414,0,0,0,0,1
12415,0,0,0,0,1
12416,0,0,0,0,1
12417,0,0,0,0,1
12418,0,0,0,0,1
12419,0,0,0,0,1
12420,0,0,0,0,1
12421,0,0,0,0,1
12422,0,0,0,0,1
12423,0,0,0,0,1
12424,0,0,0,0,1
12425,0,0,0,0,1
12426,0,0,0,0,1
12427,0,0,0,0,1
12428,0,0,0,0,1
12429,0,0,0,0,1
12430,0,0,0,0,1
12431,0,0,0,0,1
12432,0,0,0,0,1
12433,0,0,0,0,1
12434,0,0,0,0,1
12435,0,0,0,0,1
12436,0,0,0,0,1
12437,0,0,0,0,1
12438,0,0,0,0,1
12439,0,0,0,0,1
12440,0,0,0,0,1
12441,0,0,0,0,1
12442,0,0,0,0,1
12443,0,0,0,0,1
12444,0,0,0,0,1
12445,0,0,0,0,1
12446,0,0,0,0,1
12447,0,0,0,0,1
12448,0,0,0,0,1
12449,1,0,0,0,0
12450,1,0,0,0,0
12451,1,0,0,0,0
12452,1,0,0,0,0
12453,1,0,0,0,0
12454,1,0,0,0,0
12455,1,0,0,0,0
12456,1,0,0,0,0
12457,1,0,0,0,0
12458,1,0,0,0,0
12459,1,0,0,0,0
12460,1,0,0,0,0
12461,1,0,0,0,0
12462,1,0,0,0,0
12463,1,0,0,0,0
12464,1,0,0,0,0
12465,1,0,0,0,0
12466,1,0,0,0,0
12467,1,0,0,0,0
12468,1,0,0,0,0
12469,1,0,0,0,0
12470,1,0,0,0,0
12471,1,0,0,0,0
12472,1,0,0,0,0
12473,1,0,0,0,0
12474,1,0,0,0,0
12475,1,0,0,0,0
12476,1,0,0,0,0
12477,1,0,0,0,0
12478,1,0,0,0,0
12479,1,0,0,0,0
12480,1,0,0,0,0
12481,1,0,0,0,0
12482,1,0,0,0,0
12483,1,0,0,0,0
12484,1,0,0,0,0
12485,1,0,0,0,0
12486,1,0,0,0,0
12487,0,0,0,1,0
12488,0,0,0,1,0
12489,0,0,0,1,0
12490,0,0,0,1,0
12491,0,0,0,1,0
12492,0,0,0,1,0
12493,0,0,0,1,0
12494,0,0,0,1,0
12495,0,0,0,1,0
12496,0,0,0,1,0
12497,0,0,0,1,0
12498,0,0,0,1,0
12499,0,0,0,1,0
12500,0,0,0,1,0
12501,0,0,0,1,0
12502,0,0,0,1,0
12503,0,0,0,1,0
12504,0,0,0,1,0
12505,0,0,0,1,0
12506,0,0,0,1,0
12507,0,0,0,1,0
12508,0,0,0,1,0
12509,0,0,0,1,0
12510,0,0,0,1,0
12511,0,0,0,1,0
12512,0,0,0,1,0
12513,0,0,0,1,0
12514,0,0,0,1,0
12515,0,0,0,1,0
12516,0,0,0,1,0
12517,0,0,0,1,0
12518,0,0,0,1,0
12519,0,0,0,1,0
12520,0,0,0,1,0
12521,0,0,0,1,0
12522,0,0,0,1,0
12523,0,0,0,1,0
12524,0,0,0,1,0
12525,0,0,0,1,0
12526,0,0,0,1,0
12527,0,0,0,1,0
12528,0,0,0,1,0
12529,0,0,0,1,0
12530,0,0,0,1,0
12531,0,0,0,1,0
12532,0,0,0,1,0
12533,0,0,0,1,0
12534,0,0,0,1,0
12535,0,0,0,1,0
12536,0,0,0,1,0
12537,0,0,0,1,0
12538,0,0,0,1,0
12539,0,0,0,1,0
12540,0,0,0,1,0
12541,0,0,0,1,0
12542,0,0,0,1,0
12543,1,0,0,0,0
12544,0,0,0,0,1
12545,0,0,0,0,1
12546,0,0,0,0,1
12547,0,0,0,0,1
12548,0,0,0,0,1
12549,0,0,0,0,1
12550,0,0,0,0,1
12551,0,0,0,0,1
12552,0,0,0,0,1
12553,0,0,0,0,1
12554,0,0,0,0,1
12555,0,0,0,0,1
12556,0,0,0,0,1
12557,0,0,0,0,1
12558,0,0,0,0,1
12559,0,0,0,0,1
12560,0,0,0,0,1
12561,0,0,0,0,1
12562,1,0,0,0,0
12563,1,0,0,0,0
12564,1,0,0,0,0
12565,1,0,0,0,0
12566,1,0,0,0,0
12567,1,0,0,0,0
12568,1,0,0,0,0
12569,1,0,0,0,0
12570,1,0,0,0,0
12571,1,0,0,0,0
12572,1,0,0,0,0
12573,1,0,0,0,0
12574,1,0,0,0,0
12575,1,0,0,0,0
12576,1,0,0,0,0
12577,1,0,0,0,0
12578,1,0,0,0,0
12579,1,0,0,0,0
12580,1,0,0,0,0
12581,1,0,0,0,0
12582,1,0,0,0,0
12583,1,0,0,0,0
12584,1,0,0,0,0
12585,1,0,0,0,0
12586,1,0,0,0,0
12587,1,0,0,0,0
12588,1,0,0,0,0
12589,1,0,0,0,0
12590,1,0,0,0,0
12591,1,0,0,0,0
12592,1,0,0,0,0
12593,1,0,0,0,0
12594,1,0,0,0,0
12595,1,0,0,0,0
12596,1,0,0,0,0
12597,1,0,0,0,0
12598,1,0,0,0,0
12599,0,0,0,0,1
12600,0,0,0,0,1
12601,0,0,0,0,1
12602,0,0,0,0,1
12603,0,0,0,0,1
12604,0,0,0,0,1
12605,0,0,0,0,1
12606,0,0,0,0,1
12607,0,0,0,0,1
12608,0,0,0,0,1
12609,0,0,0,0,1
12610,0,0,0,0,1
12611,0,0,0,0,1
12612,0,0,0,0,1
12613,0,0,0,0,1
12614,0,0,0,0,1
12615,0,0,0,0,1
12616,0,0,0,0,1
12617,0,0,0,0,1
12618,0,0,0,0,1
12619,0,0,0,0,1
12620,0,0,0,0,1
12621,0,0,0,0,1
12622,0,0,0,0,1
12623,0,0,0,0,1
12624,0,0,0,0,1
12625,0,0,0,0,1
12626,0,0,0,0,1
12627,0,0,0,0,1
12628,0,0,0,0,1
12629,0,0,0,0,1
12630,0,0,0,0,1
12631,0,0,0,0,1
12632,0,0,0,0,1
12633,0,0,0,0,1
12634,0,0,0,0,1
12635,0,0,0,0,1
12636,0,0,0,0,1
12637,0,0,0,0,1
12638,0,0,0,0,1
12639,0,0,0,0,1
12640,0,0,0,0,1
12641,0,0,0,0,1
12642,0,0,0,0,1
12643,0,0,0,0,1
12644,0,0,0,0,1
12645,0,0,0,0,1
12646,0,0,0,0,1
12647,0,0,0,0,1
12648,0,0,0,0,1
12649,0,0,0,0,1
12650,0,0,0,0,1
12651,0,0,0,0,1
12652,0,0,0,0,1
12653,0,0,0,0,1
12654,0,0,0,0,1
12655,0,0,0,0,1
12656,0,0,0,0,1
12657,0,0,0,0,1
12658,0,0,0,0,1
12659,0,0,0,0,1
12660,0,0,0,0,1
12661,1,0,0,0,0
12662,1,0,0,0,0
12663,1,0,0,0,0
12664,1,0,0,0,0
12665,1,0,0,0,0
12666,1,0,0,0,0
12667,1,0,0,0,0
12668,1,0,0,0,0
12669,1,0,0,0,0
12670,1,0,0,0,0
12671,1,0,0,0,0
12672,1,0,0,0,0
12673,1,0,0,0,0
12674,1,0,0,0,0
12675,1,0,0,0,0
12676,1,0,0,0,0
12677,1,0,0,0,0
12678,1,0,0,0,0
12679,1,0,0,0,0
12680,1,0,0,0,0
12681,1,0,0,0,0
12682,1,0,0,0,0
12683,1,0,0,0,0
12684,1,0,0,0,0
12685,1,0,0,0,0
12686,1,0,0,0,0
12687,1,0,0,0,0
12688,1,0,0,0,0
12689,1,0,0,0,0
12690,1,0,0,0,0
12691,1,0,0,0,0
12692,1,0,0,0,0
12693,1,0,0,0,0
12694,1,0,0,0,0
12695,1,0,0,0,0
12696,1,0,0,0,0
12697,1,0,0,0,0
12698,0,0,0,0,1
12699,0,0,0,0,1
12700,0,0,0,0,1
12701,0,0,0,0,1
12702,0,0,0,0,1
12703,0,0,0,0,1
12704,0,0,0,0,1
12705,0,0,0,0,1
12706,0,0,0,0,1
12707,0,0,0,0,1
12708,0,0,0,0,1
12709,0,0,0,0,1
12710,0,0,0,0,1
12711,0,0,0,0,1
12712,0,0,0,0,1
12713,0,0,0,0,1
12714,0,0,0,0,1
12715,0,0,0,0,1
12716,0,0,0,0,1
12717,0,0,0,0,1
12718,0,0,0,0,1
12719,0,0,0,0,1
12720,0,0,0,0,1
12721,0,0,0,0,1
12722,0,0,0,0,1
12723,0,0,0,0,1
12724,0,0,0,0,1
12725,0,0,0,0,1
12726,0,0,0,0,1
12727,0,0,0,0,1
12728,0,0,0,0,1
12729,0,0,0,0,1
12730,0,0,0,0,1
12731,0,0,0,0,1
12732,0,0,0,0,1
12733,0,0,0,0,1
12734,0,0,0,0,1
12735,0,0,0,0,1
12736,0,0,0,0,1
12737,0,0,0,0,1
12738,0,0,0,0,1
12739,0,0,0,0,1
12740,0,0,0,0,1
12741,0,0,0,0,1
12742,0,0,0,0,1
12743,0,0,0,0,1
12744,0,0,0,0,1
12745,0,0,0,0,1
12746,0,0,0,0,1
12747,0,0,0,0,1
12748,0,0,0,0,1
12749,0,0,0,0,1
12750,0,0,0,0,1
12751,0,0,0,0,1
12752,0,0,0,0,1
12753,0,0,0,0,1
12754,0,0,0,0,1
12755,0,0,0,0,1
12756,0,0,0,0,1
12757,0,0,0,0,1
12758,0,0,0,0,1
12759,0,0,0,0,1
12760,0,0,0,0,1
12761,0,0,0,0,1
12762,0,0,0,0,1
12763,0,0,0,0,1
12764,0,0,0,0,1
12765,0,0,0,0,1
12766,0,0,0,0,1
12767,0,0,0,0,1
12768,0,0,0,0,1
12769,0,0,0,0,1
12770,0,0,0,0,1
12771,0,0,0,0,1
12772,0,0,0,0,1
12773,0,0,0,0,1
12774,0,0,0,0,1
12775,0,0,0,0,1
12776,0,0,0,0,1
12777,0,0,0,0,1
12778,0,0,0,0,1
12779,0,0,0,0,1
12780,0,0,0,0,1
12781,0,0,0,0,1
12782,0,0,0,0,1
12783,0,0,0,0,1
12784,0,0,0,0,1
12785,0,0,0,0,1
12786,0,0,0,0,1
12787,0,0,0,0,1
12788,0,0,0,0,1
12789,0,0,0,0,1
12790,0,0,0,0,1
12791,0,0,0,0,1
12792,0,0,0,0,1
12793,0,0,0,0,1
12794,0,0,0,0,1
12795,0,0,0,0,1
12796,0,0,0,0,1
12797,0,0,0,0,1
12798,1,0,0,0,0
12799,1,0,0,0,0
12800,1,0,0,0,0
12801,1,0,0,0,0
12802,1,0,0,0,0
12803,1,0,0,0,0
12804,1,0,0,0,0
12805,1,0,0,0,0
12806,1,0,0,0,0
12807,1,0,0,0,0
12808,1,0,0,0,0
12809,1,0,0,0,0
12810,1,0,0,0,0
12811,1,0,0,0,0
12812,1,0,0,0,0
12813,1,0,0,0,0
12814,1,0,0,0,0
12815,1,0,0,0,0
12816,1,0,0,0,0
12817,1,0,0,0,0
12818,1,0,0,0,0
12819,1,0,0,0,0
12820,1,0,0,0,0
12821,1,0,0,0,0
12822,1,0,0,0,0
12823,1,0,0,0,0
12824,1,0,0,0,0
12825,1,0,0,0,0
12826,1,0,0,0,0
12827,1,0,0,0,0
12828,1,0,0,0,0
12829,1,0,0,0,0
12830,1,0,0,0,0
12831,1,0,0,0,0
12832,1,0,0,0,0
12833,1,0,0,0,0
12834,1,0,0,0,0
12835,1,0,0,0,0
12836,1,0,0,0,0
12837,1,0,0,0,0
12838,1,0,0,0,0
12839,1,0,0,0,0
12840,1,0,0,0,0
12841,1,0,0,0,0
12842,1,0,0,0,0
12843,1,0,0,0,0
12844,1,0,0,0,0
12845,1,0,0,0,0
12846,1,0,0,0,0
12847,1,0,0,0,0
12848,1,0,0,0,0
12849,1,0,0,0,0
12850,1,0,0,0,0
12851,1,0,0,0,0
12852,1,0,0,0,0
12853,1,0,0,0,0
12854,1,0,0,0,0
12855,1,0,0,0,0
12856,1,0,0,0,0
12857,1,0,0,0,0
12858,1,0,0,0,0
12859,1,0,0,0,0
12860,1,0,0,0,0
12861,1,0,0,0,0
12862,0,0,0,0,1
12863,0,0,0,0,1
12864,0,0,0,0,1
12865,0,0,0,0,1
12866,0,0,0,0,1
12867,0,0,0,0,1
12868,0,0,0,0,1
12869,0,0,0,0,1
12870,0,0,0,0,1
12871,0,0,0,0,1
12872,0,0,0,0,1
12873,0,0,0,0,1
12874,0,0,0,0,1
12875,0,0,0,0,1
12876,0,0,0,0,1
12877,0,0,0,0,1
12878,0,0,0,0,1
12879,0,0,0,0,1
12880,0,0,0,0,1
12881,0,0,0,0,1
12882,0,0,0,0,1
12883,0,0,0,0,1
12884,0,0,0,0,1
12885,0,0,0,0,1
12886,0,0,0,0,1
12887,0,0,0,0,1
12888,0,0,0,0,1
12889,0,0,0,0,1
12890,0,0,0,0,1
12891,0,0,0,0,1
12892,0,0,0,0,1
12893,0,0,0,0,1
12894,0,0,0,0,1
12895,0,0,0,0,1
12896,0,0,0,0,1
12897,0,0,0,0,1
12898,0,0,0,0,1
12899,0,0,0,0,1
12900,0,0,0,0,1
12901,0,0,0,0,1
12902,0,0,0,0,1
12903,0,0,0,0,1
12904,0,0,0,0,1
12905,0,0,0,0,1
12906,0,0,0,0,1
12907,0,0,0,0,1
12908,0,0,0,0,1
12909,0,0,0,0,1
12910,0,0,0,0,1
12911,0,0,0,0,1
12912,0,0,0,0,1
12913,0,0,0,0,1
12914,0,0,0,0,1
12915,0,0,0,0,1
12916,0,0,0,0,1
12917,0,0,0,0,1
12918,0,0,0,0,1
12919,0,0,0,0,1
12920,0,0,0,0,1
12921,0,0,0,0,1
12922,0,0,0,0,1
12923,0,0,0,0,1
12924,0,0,0,0,1
12925,0,0,0,0,1
12926,0,0,0,0,1
12927,0,0,0,0,1
12928,0,0,0,0,1
12929,0,0,0,0,1
12930,0,0,0,0,1
12931,0,0,0,0,1
12932,0,0,0,0,1
12933,0,0,0,0,1
12934,0,0,0,0,1
12935,0,0,0,0,1
12936,0,0,0,0,1
12937,0,0,0,0,1
12938,0,0,0,0,1
12939,0,0,0,0,1
12940,0,0,0,0,1
12941,0,0,0,0,1
12942,0,0,0,0,1
12943,0,0,0,0,1
12944,0,0,0,0,1
12945,0,0,0,0,1
12946,0,0,0,0,1
12947,0,0,0,0,1
12948,0,0,0,0,1
12949,0,0,0,0,1
12950,0,0,0,0,1
12951,0,0,0,0,1
12952,0,0,0,0,1
12953,0,0,0,0,1
12954,0,0,0,0,1
12955,0,0,0,0,1
12956,0,0,0,0,1
12957,0,0,0,0,1
12958,0,0,0,0,1
12959,0,0,0,0,1
12960,0,0,0,0,1
12961,0,0,0,0,1
12962,0,0,0,0,1
12963,0,0,0,0,1
12964,0,0,0,0,1
12965,0,0,0,0,1
12966,0,0,0,0,1
12967,0,0,0,0,1
12968,0,0,0,0,1
12969,0,0,0,0,1
12970,0,0,0,0,1
12971,0,0,0,0,1
12972,0,0,0,0,1
12973,0,0,0,0,1
12974,0,0,0,0,1
12975,0,0,0,0,1
12976,1,0,0,0,0
12977,1,0,0,0,0
12978,1,0,0,0,0
12979,1,0,0,0,0
12980,1,0,0,0,0
12981,1,0,0,0,0
12982,1,0,0,0,0
12983,1,0,0,0,0
12984,1,0,0,0,0
12985,1,0,0,0,0
12986,1,0,0,0,0
12987,1,0,0,0,0
12988,1,0,0,0,0
12989,1,0,0,0,0
12990,1,0,0,0,0
12991,1,0,0,0,0
12992,1,0,0,0,0
12993,1,0,0,0,0
12994,1,0,0,0,0
12995,1,0,0,0,0
12996,1,0,0,0,0
12997,1,0,0,0,0
12998,1,0,0,0,0
12999,1,0,0,0,0
13000,1,0,0,0,0
13001,1,0,0,0,0
13002,1,0,0,0,0
13003,1,0,0,0,0
13004,1,0,0,0,0
13005,1,0,0,0,0
13006,1,0,0,0,0
13007,1,0,0,0,0
13008,1,0,0,0,0
13009,1,0,0,0,0
13010,1,0,0,0,0
13011,1,0,0,0,0
13012,1,0,0,0,0
13013,1,0,0,0,0
13014,1,0,0,0,0
13015,1,0,0,0,0
13016,1,0,0,0,0
13017,1,0,0,0,0
13018,1,0,0,0,0
13019,1,0,0,0,0
13020,1,0,0,0,0
13021,1,0,0,0,0
13022,1,0,0,0,0
13023,1,0,0,0,0
13024,1,0,0,0,0
13025,1,0,0,0,0
13026,1,0,0,0,0
13027,1,0,0,0,0
13028,1,0,0,0,0
13029,1,0,0,0,0
13030,1,0,0,0,0
13031,1,0,0,0,0
13032,1,0,0,0,0
13033,1,0,0,0,0
13034,1,0,0,0,0
13035,1,0,0,0,0
13036,1,0,0,0,0
13037,1,0,0,0,0
13038,1,0,0,0,0
13039,1,0,0,0,0
13040,1,0,0,0,0
13041,1,0,0,0,0
13042,1,0,0,0,0
13043,1,0,0,0,0
13044,1,0,0,0,0
13045,1,0,0,0,0
13046,1,0,0,0,0
13047,1,0,0,0,0
13048,1,0,0,0,0
13049,1,0,0,0,0
13050,1,0,0,0,0
13051,1,0,0,0,0
13052,1,0,0,0,0
13053,0,1,0,0,0
13054,0,1,0,0,0
13055,0,1,0,0,0
13056,0,1,0,0,0
13057,0,1,0,0,0
13058,0,1,0,0,0
13059,0,1,0,0,0
13060,0,1,0,0,0
13061,0,1,0,0,0
13062,0,1,0,0,0
13063,0,1,0,0,0
13064,0,1,0,0,0
13065,0,1,0,0,0
13066,0,1,0,0,0
13067,0,1,0,0,0
13068,0,1,0,0,0
13069,0,1,0,0,0
13070,0,1,0,0,0
13071,0,1,0,0,0
13072,0,1,0,0,0
13073,0,1,0,0,0
13074,0,1,0,0,0
13075,0,1,0,0,0
13076,0,1,0,0,0
13077,0,1,0,0,0
13078,0,1,0,0,0
13079,0,1,0,0,0
13080,0,1,0,0,0
13081,0,1,0,0,0
13082,0,1,0,0,0
13083,0,1,0,0,0
13084,0,1,0,0,0
13085,0,1,0,0,0
13086,0,1,0,0,0
13087,0,1,0,0,0
13088,0,1,0,0,0
13089,0,1,0,0,0
13090,0,1,0,0,0
13091,0,1,0,0,0
13092,0,1,0,0,0
13093,1,0,0,0,0
13094,1,0,0,0,0
13095,1,0,0,0,0
13096,1,0,0,0,0
13097,1,0,0,0,0
13098,1,0,0,0,0
13099,1,0,0,0,0
13100,1,0,0,0,0
13101,1,0,0,0,0
13102,1,0,0,0,0
13103,1,0,0,0,0
13104,1,0,0,0,0
13105,1,0,0,0,0
13106,1,0,0,0,0
13107,1,0,0,0,0
13108,1,0,0,0,0
13109,1,0,0,0,0
13110,1,0,0,0,0
13111,1,0,0,0,0
13112,0,0,0,0,1
13113,0,0,0,0,1
13114,0,0,0,0,1
13115,0,0,0,0,1
13116,0,0,0,0,1
13117,0,0,0,0,1
13118,0,0,0,0,1
13119,0,0,0,0,1
13120,0,0,0,0,1
13121,0,0,0,0,1
13122,0,0,0,0,1
13123,0,0,0,0,1
13124,0,0,0,0,1
13125,0,0,0,0,1
13126,0,0,0,0,1
13127,0,0,0,0,1
13128,0,0,0,0,1
13129,0,0,0,0,1
13130,0,0,0,0,1
13131,0,0,0,0,1
13132,0,0,0,0,1
13133,0,0,0,0,1
13134,0,0,0,0,1
13135,0,0,0,0,1
13136,0,0,0,0,1
13137,0,0,0,0,1
13138,0,0,0,0,1
13139,0,0,0,0,1
13140,0,0,0,0,1
13141,0,0,0,0,1
13142,0,0,0,0,1
13143,0,0,0,0,1
13144,0,0,0,0,1
13145,0,0,0,0,1
13146,0,0,0,0,1
13147,0,0,0,0,1
13148,0,0,0,0,1
13149,0,0,0,0,1
13150,0,0,0,0,1
13151,0,0,0,0,1
13152,0,0,0,0,1
13153,0,0,0,0,1
13154,0,0,0,0,1
13155,0,0,0,0,1
13156,0,0,0,0,1
13157,0,0,0,0,1
13158,0,0,0,0,1
13159,0,0,0,0,1
13160,0,0,0,0,1
13161,0,0,0,0,1
13162,0,0,0,0,1
13163,0,0,0,0,1
13164,0,0,0,0,1
13165,0,0,0,0,1
13166,0,0,0,0,1
13167,0,0,0,0,1
13168,0,0,0,0,1
13169,0,0,0,0,1
13170,0,0,0,0,1
13171,0,0,0,0,1
13172,0,0,0,0,1
13173,0,0,0,0,1
13174,0,0,0,0,1
13175,0,0,0,0,1
13176,0,0,0,0,1
13177,0,0,0,0,1
13178,0,0,0,0,1
13179,0,0,0,0,1
13180,0,0,0,0,1
13181,0,0,0,0,1
13182,0,0,0,0,1
13183,0,0,0,0,1
13184,0,0,0,0,1
13185,0,0,0,0,1
13186,0,0,0,0,1
13187,0,0,0,0,1
13188,0,0,0,0,1
13189,0,0,0,0,1
13190,0,0,0,0,1
13191,0,0,0,0,1
13192,0,0,0,0,1
13193,0,0,0,0,1
13194,0,0,0,0,1
13195,0,0,0,0,1
13196,0,0,0,0,1
13197,0,0,0,0,1
13198,0,0,0,0,1
13199,0,0,0,0,1
13200,0,0,0,0,1
13201,0,0,0,0,1
13202,0,0,0,0,1
13203,0,0,0,0,1
13204,1,0,0,0,0
13205,1,0,0,0,0
13206,1,0,0,0,0
13207,1,0,0,0,0
13208,1,0,0,0,0
13209,1,0,0,0,0
13210,1,0,0,0,0
13211,1,0,0,0,0
13212,1,0,0,0,0
13213,1,0,0,0,0
13214,1,0,0,0,0
13215,1,0,0,0,0
13216,1,0,0,0,0
13217,1,0,0,0,0
13218,1,0,0,0,0
13219,1,0,0,0,0
13220,1,0,0,0,0
13221,1,0,0,0,0
13222,1,0,0,0,0
13223,1,0,0,0,0
13224,1,0,0,0,0
13225,1,0,0,0,0
13226,1,0,0,0,0
13227,1,0,0,0,0
13228,1,0,0,0,0
13229,1,0,0,0,0
13230,1,0,0,0,0
13231,1,0,0,0,0
13232,1,0,0,0,0
13233,1,0,0,0,0
13234,1,0,0,0,0
13235,1,0,0,0,0
13236,1,0,0,0,0
13237,1,0,0,0,0
13238,1,0,0,0,0
13239,1,0,0,0,0
13240,1,0,0,0,0
13241,1,0,0,0,0
13242,1,0,0,0,0
13243,1,0,0,0,0
13244,1,0,0,0,0
13245,1,0,0,0,0
13246,1,0,0,0,0
13247,1,0,0,0,0
13248,1,0,0,0,0
13249,1,0,0,0,0
13250,1,0,0,0,0
13251,1,0,0,0,0
13252,0,0,0,0,1
13253,0,0,0,0,1
13254,0,0,0,0,1
13255,0,0,0,0,1
13256,0,0,0,0,1
13257,0,0,0,0,1
13258,0,0,0,0,1
13259,0,0,0,0,1
13260,0,0,0,0,1
13261,0,0,0,0,1
13262,0,0,0,0,1
13263,0,0,0,0,1
13264,0,0,0,0,1
13265,0,0,0,0,1
13266,0,0,0,0,1
13267,0,0,0,0,1
13268,0,0,0,0,1
13269,0,0,0,0,1
13270,0,0,0,0,1
13271,0,0,0,0,1
13272,0,0,0,0,1
13273,0,0,0,0,1
13274,0,0,0,0,1
13275,0,0,0,0,1
13276,0,0,0,0,1
13277,0,0,0,0,1
13278,0,0,0,0,1
13279,0,0,0,0,1
13280,0,0,0,0,1
13281,0,0,0,0,1
13282,0,0,0,0,1
13283,0,0,0,0,1
13284,0,0,0,0,1
13285,0,0,0,0,1
13286,0,0,0,0,1
13287,0,0,0,0,1
13288,0,0,1,0,0
13289,0,0,1,0,0
13290,0,0,1,0,0
13291,0,0,1,0,0
13292,0,0,1,0,0
13293,0,0,1,0,0
13294,0,0,1,0,0
13295,0,0,1,0,0
13296,0,0,1,0,0
13297,0,0,1,0,0
13298,0,0,1,0,0
13299,0,0,1,0,0
13300,0,0,1,0,0
13301,0,0,1,0,0
13302,1,0,0,0,0
13303,1,0,0,0,0
13304,1,0,0,0,0
13305,1,0,0,0,0
13306,1,0,0,0,0
13307,1,0,0,0,0
13308,1,0,0,0,0
13309,1,0,0,0,0
13310,1,0,0,0,0
13311,1,0,0,0,0
13312,1,0,0,0,0
13313,1,0,0,0,0
13314,1,0,0,0,0
13315,1,0,0,0,0
13316,1,0,0,0,0
13317,1,0,0,0,0
13318,1,0,0,0,0
13319,1,0,0,0,0
13320,1,0,0,0,0
13321,1,0,0,0,0
13322,1,0,0,0,0
13323,1,0,0,0,0
13324,1,0,0,0,0
13325,1,0,0,0,0
13326,1,0,0,0,0
13327,1,0,0,0,0
13328,1,0,0,0,0
13329,1,0,0,0,0
13330,1,0,0,0,0
13331,1,0,0,0,0
13332,1,0,0,0,0
13333,1,0,0,0,0
13334,1,0,0,0,0
13335,1,0,0,0,0
13336,1,0,0,0,0
13337,1,0,0,0,0
13338,1,0,0,0,0
13339,1,0,0,0,0
13340,1,0,0,0,0
13341,1,0,0,0,0
13342,1,0,0,0,0
13343,1,0,0,0,0
13344,1,0,0,0,0
13345,1,0,0,0,0
13346,1,0,0,0,0
13347,1,0,0,0,0
13348,1,0,0,0,0
13349,1,0,0,0,0
13350,1,0,0,0,0
13351,1,0,0,0,0
13352,1,0,0,0,0
13353,1,0,0,0,0
13354,1,0,0,0,0
13355,1,0,0,0,0
13356,1,0,0,0,0
13357,1,0,0,0,0
13358,1,0,0,0,0
13359,1,0,0,0,0
13360,1,0,0,0,0
13361,0,0,0,0,1
13362,0,0,0,0,1
13363,0,0,0,0,1
13364,0,0,0,0,1
13365,0,0,0,0,1
13366,0,0,0,0,1
13367,0,0,0,0,1
13368,0,0,0,0,1
13369,0,0,0,0,1
13370,0,0,0,0,1
13371,0,0,0,0,1
13372,0,0,0,0,1
13373,0,0,0,0,1
13374,0,0,0,0,1
13375,0,0,0,0,1
13376,0,0,0,0,1
13377,0,0,0,0,1
13378,0,0,0,0,1
13379,0,0,0,0,1
13380,0,0,0,0,1
13381,0,0,0,0,1
13382,0,0,0,0,1
13383,0,0,0,0,1
13384,0,0,0,0,1
13385,0,0,0,0,1
13386,1,0,0,0,0
13387,1,0,0,0,0
13388,1,0,0,0,0
13389,1,0,0,0,0
13390,1,0,0,0,0
13391,1,0,0,0,0
13392,1,0,0,0,0
13393,1,0,0,0,0
13394,1,0,0,0,0
13395,1,0,0,0,0
13396,1,0,0,0,0
13397,1,0,0,0,0
13398,1,0,0,0,0
13399,1,0,0,0,0
13400,1,0,0,0,0
13401,1,0,0,0,0
13402,1,0,0,0,0
13403,1,0,0,0,0
13404,1,0,0,0,0
13405,1,0,0,0,0
13406,1,0,0,0,0
13407,1,0,0,0,0
13408,1,0,0,0,0
13409,1,0,0,0,0
13410,1,0,0,0,0
13411,1,0,0,0,0
13412,1,0,0,0,0
13413,0,0,0,0,1
13414,0,0,0,0,1
13415,0,0,0,0,1
13416,0,0,0,0,1
13417,0,0,0,0,1
13418,0,0,0,0,1
13419,0,0,0,0,1
13420,0,0,0,0,1
13421,0,0,0,0,1
13422,0,0,0,0,1
13423,0,0,0,0,1
13424,0,0,0,0,1
13425,0,0,0,0,1
13426,0,0,0,0,1
13427,0,0,0,0,1
13428,0,0,0,0,1
13429,0,0,0,0,1
13430,0,0,0,0,1
13431,0,0,0,0,1
13432,0,0,0,0,1
13433,0,0,0,0,1
13434,0,0,0,0,1
13435,0,0,0,0,1
13436,0,0,0,0,1
13437,0,0,0,0,1
13438,0,0,0,0,1
13439,0,0,0,0,1
13440,0,0,0,0,1
13441,0,0,0,0,1
13442,0,0,0,0,1
13443,0,0,0,0,1
13444,0,0,0,0,1
13445,0,0,0,0,1
13446,0,0,0,0,1
13447,0,0,0,0,1
13448,0,0,0,0,1
13449,0,0,0,0,1
13450,0,0,0,0,1
13451,0,0,0,0,1
13452,0,0,0,0,1
13453,0,0,0,0,1
13454,0,0,0,0,1
13455,0,0,0,0,1
13456,0,0,0,0,1
13457,0,0,0,0,1
13458,0,0,0,0,1
13459,0,0,0,0,1
13460,0,0,0,0,1
13461,0,0,0,0,1
13462,0,0,0,0,1
13463,0,0,0,0,1
13464,0,0,0,0,1
13465,0,0,0,0,1
13466,0,0,0,0,1
13467,0,0,0,0,1
13468,0,0,0,0,1
13469,0,0,0,0,1
13470,0,0,0,0,1
13471,0,0,0,0,1
13472,0,0,0,0,1
13473,0,0,0,0,1
13474,0,0,0,0,1
13475,0,0,0,0,1
13476,0,0,0,0,1
13477,0,0,0,0,1
13478,0,0,0,0,1
13479,0,0,0,0,1
13480,0,0,0,0,1
13481,0,0,0,0,1
13482,0,0,0,0,1
13483,0,0,0,0,1
13484,0,0,0,0,1
13485,0,0,0,0,1
13486,0,0,0,0,1
13487,0,0,0,0,1
13488,0,0,0,0,1
13489,0,0,0,0,1
13490,0,0,0,0,1
13491,0,0,0,0,1
13492,0,0,0,0,1
13493,0,0,0,0,1
13494,0,0,0,0,1
13495,0,0,0,0,1
13496,0,0,0,0,1
13497,0,0,0,0,1
13498,0,0,0,0,1
13499,0,0,0,0,1
13500,0,0,0,0,1
13501,0,0,0,0,1
13502,0,0,0,0,1
13503,0,0,0,0,1
13504,0,0,0,0,1
13505,0,0,0,0,1
13506,0,0,0,0,1
13507,0,0,0,0,1
13508,0,0,0,0,1
13509,0,0,0,0,1
13510,0,0,0,0,1
13511,0,0,0,0,1
13512,0,0,0,0,1
13513,0,0,0,0,1
13514,0,0,0,0,1
13515,0,0,0,0,1
13516,0,0,0,0,1
13517,0,0,0,0,1
13518,0,0,0,0,1
13519,0,0,0,0,1
13520,0,0,0,0,1
13521,0,0,0,0,1
13522,0,0,0,0,1
13523,0,0,0,0,1
13524,0,0,0,0,1
13525,0,0,0,0,1
13526,0,0,0,0,1
13527,0,0,0,0,1
13528,0,0,0,0,1
13529,0,0,0,0,1
13530,0,0,0,0,1
13531,0,0,0,0,1
13532,0,0,0,0,1
13533,0,0,0,0,1
13534,0,0,0,0,1
13535,0,0,0,0,1
13536,0,0,0,0,1
13537,0,0,0,0,1
13538,0,0,0,0,1
13539,0,0,0,0,1
13540,0,0,0,0,1
13541,0,0,0,0,1
13542,0,0,0,0,1
13543,0,0,0,0,1
13544,0,0,0,0,1
13545,0,0,0,0,1
13546,0,0,0,0,1
13547,0,0,0,0,1
13548,0,0,0,0,1
13549,0,0,0,0,1
13550,0,0,0,0,1
13551,0,0,0,0,1
13552,0,0,0,0,1
13553,0,0,0,0,1
13554,0,0,0,0,1
13555,0,0,0,0,1
13556,0,0,0,0,1
13557,0,0,0,0,1
13558,0,0,0,0,1
13559,0,0,0,0,1
13560,0,0,0,0,1
13561,0,0,0,0,1
13562,0,0,0,0,1
13563,0,0,0,0,1
13564,0,0,0,0,1
13565,0,0,0,0,1
13566,0,0,0,0,1
13567,0,0,0,0,1
13568,0,0,0,0,1
13569,0,0,0,0,1
13570,0,0,0,0,1
13571,0,0,0,0,1
13572,0,0,0,0,1
13573,0,0,0,0,1
13574,0,0,0,0,1
13575,0,0,0,0,1
13576,0,0,0,0,1
13577,0,0,0,0,1
13578,0,0,0,0,1
13579,0,0,0,0,1
13580,0,0,0,0,1
13581,0,0,0,0,1
13582,0,0,0,0,1
13583,0,0,0,0,1
13584,0,0,0,0,1
13585,0,0,0,0,1
13586,0,0,0,0,1
13587,0,0,0,0,1
13588,0,0,0,0,1
13589,0,0,0,0,1
13590,0,0,0,0,1
13591,0,0,0,0,1
13592,0,0,0,0,1
13593,0,0,0,0,1
13594,0,0,0,0,1
13595,0,0,0,0,1
13596,0,0,0,0,1
13597,0,0,0,0,1
13598,0,0,0,0,1
13599,0,0,0,0,1
13600,0,0,0,0,1
13601,0,0,0,0,1
13602,0,0,0,0,1
13603,0,0,0,0,1
13604,0,0,0,0,1
13605,0,0,0,0,1
13606,0,0,0,0,1
13607,0,0,0,0,1
13608,0,0,0,0,1
13609,0,0,0,0,1
13610,0,0,0,0,1
13611,0,0,0,0,1
13612,0,0,0,0,1
13613,0,0,0,0,1
13614,0,0,0,0,1
13615,0,0,0,0,1
13616,0,0,0,0,1
13617,0,0,0,0,1
13618,0,0,0,0,1
13619,0,0,0,0,1
13620,0,0,0,0,1
13621,0,0,0,0,1
13622,0,0,0,0,1
13623,0,0,0,0,1
13624,0,0,0,0,1
13625,0,0,0,0,1
13626,0,0,0,0,1
13627,0,0,0,0,1
13628,0,0,0,0,1
13629,0,0,0,0,1
13630,0,0,0,0,1
13631,0,0,0,0,1
13632,0,0,0,0,1
13633,0,0,0,0,1
13634,0,0,0,0,1
13635,0,0,0,0,1
13636,0,0,0,0,1
13637,0,0,0,0,1
13638,0,0,0,0,1
13639,0,0,0,0,1
13640,0,0,0,0,1
13641,0,0,0,0,1
13642,0,0,0,0,1
13643,0,0,0,0,1
13644,0,0,0,0,1
13645,0,0,0,0,1
13646,0,0,0,0,1
13647,0,0,0,0,1
13648,0,0,0,0,1
13649,0,0,0,0,1
13650,0,0,0,0,1
13651,0,0,0,0,1
13652,0,0,0,0,1
13653,0,0,0,0,1
13654,0,0,0,0,1
13655,0,0,0,0,1
13656,0,0,0,0,1
13657,0,0,0,0,1
13658,0,0,0,0,1
13659,0,0,0,0,1
13660,0,0,0,0,1
13661,0,0,0,0,1
13662,0,0,0,0,1
13663,0,0,0,0,1
13664,0,1,0,0,0
13665,0,1,0,0,0
13666,0,1,0,0,0
13667,0,1,0,0,0
13668,0,1,0,0,0
13669,0,1,0,0,0
13670,0,1,0,0,0
13671,0,1,0,0,0
13672,0,1,0,0,0
13673,0,1,0,0,0
13674,0,1,0,0,0
13675,0,1,0,0,0
13676,0,1,0,0,0
13677,0,1,0,0,0
13678,0,1,0,0,0
13679,0,1,0,0,0
13680,0,1,0,0,0
13681,0,1,0,0,0
13682,0,1,0,0,0
13683,0,1,0,0,0
13684,0,1,0,0,0
13685,0,1,0,0,0
13686,0,1,0,0,0
13687,0,1,0,0,0
13688,0,1,0,0,0
13689,0,1,0,0,0
13690,0,1,0,0,0
13691,0,1,0,0,0
13692,0,1,0,0,0
13693,0,1,0,0,0
13694,0,1,0,0,0
13695,0,1,0,0,0
13696,0,1,0,0,0
13697,0,1,0,0,0
13698,0,1,0,0,0
13699,0,1,0,0,0
13700,0,1,0,0,0
13701,0,1,0,0,0
13702,0,1,0,0,0
13703,0,1,0,0,0
13704,0,1,0,0,0
13705,0,1,0,0,0
13706,0,1,0,0,0
13707,0,1,0,0,0
13708,1,0,0,0,0
13709,1,0,0,0,0
13710,1,0,0,0,0
13711,1,0,0,0,0
13712,1,0,0,0,0
13713,1,0,0,0,0
13714,1,0,0,0,0
13715,1,0,0,0,0
13716,0,0,0,0,1
13717,0,0,0,0,1
13718,0,0,0,0,1
13719,0,0,0,0,1
13720,0,0,0,0,1
13721,0,0,0,0,1
13722,0,0,0,0,1
13723,0,0,0,0,1
13724,0,0,0,0,1
13725,0,0,0,0,1
13726,0,0,0,0,1
13727,0,0,0,0,1
13728,0,0,0,0,1
13729,0,0,0,0,1
13730,0,0,0,0,1
13731,0,0,0,0,1
13732,0,0,0,0,1
13733,0,0,0,0,1
13734,0,0,0,0,1
13735,0,0,0,0,1
13736,0,0,0,0,1
13737,0,0,0,0,1
13738,0,0,0,0,1
13739,0,0,0,0,1
13740,0,0,0,0,1
13741,0,0,0,0,1
13742,0,0,0,0,1
13743,0,0,0,0,1
13744,0,0,0,0,1
13745,0,0,0,0,1
13746,0,0,0,0,1
13747,0,0,0,0,1
13748,0,0,0,0,1
13749,0,0,0,0,1
13750,0,0,0,0,1
13751,0,0,0,0,1
13752,0,0,0,0,1
13753,0,0,0,0,1
13754,0,0,0,0,1
13755,0,0,0,0,1
13756,0,0,0,0,1
13757,0,0,0,0,1
13758,0,0,0,0,1
13759,0,0,0,0,1
13760,0,0,0,0,1
13761,0,0,0,0,1
13762,0,0,0,0,1
13763,0,0,0,0,1
13764,0,0,0,0,1
13765,0,0,0,0,1
13766,0,0,0,0,1
13767,0,0,0,0,1
13768,0,0,0,0,1
13769,0,0,0,0,1
13770,0,0,0,0,1
13771,0,0,0,0,1
13772,0,0,0,0,1
13773,0,0,0,0,1
13774,0,0,0,0,1
13775,0,0,0,0,1
13776,0,0,0,0,1
13777,0,0,0,0,1
13778,0,0,0,0,1
13779,0,0,0,0,1
13780,0,0,0,0,1
13781,0,0,0,0,1
13782,0,0,0,0,1
13783,0,0,0,0,1
13784,0,0,0,0,1
13785,0,0,0,0,1
13786,0,0,0,0,1
13787,0,0,0,0,1
13788,0,0,0,0,1
13789,0,0,0,0,1
13790,0,0,0,0,1
13791,0,0,0,0,1
13792,0,0,0,0,1
13793,0,0,0,0,1
13794,0,0,0,0,1
13795,0,0,0,0,1
13796,0,0,0,0,1
13797,0,0,0,0,1
13798,0,0,0,0,1
13799,0,0,0,0,1
13800,0,0,0,0,1
13801,0,0,0,0,1
13802,0,0,0,0,1
13803,0,0,0,0,1
13804,0,0,0,0,1
13805,0,0,0,0,1
13806,0,0,0,0,1
13807,0,0,0,0,1
13808,0,0,0,0,1
13809,0,0,0,0,1
13810,0,0,0,0,1
13811,0,0,0,0,1
13812,0,0,0,0,1
13813,0,0,0,0,1
13814,0,0,0,0,1
13815,0,0,0,0,1
13816,0,0,0,0,1
13817,0,0,0,0,1
13818,0,0,0,0,1
13819,0,0,0,0,1
13820,0,0,0,0,1
13821,0,0,0,0,1
13822,0,0,0,0,1
13823,0,0,0,0,1
13824,0,0,0,0,1
13825,0,0,0,0,1
13826,0,0,0,0,1
13827,0,0,0,0,1
13828,0,0,0,0,1
13829,0,0,0,0,1
13830,0,0,0,0,1
13831,0,0,0,0,1
13832,0,0,0,0,1
13833,0,0,0,0,1
13834,0,0,0,0,1
13835,0,0,0,0,1
13836,0,0,0,0,1
13837,0,0,0,0,1
13838,0,0,0,0,1
13839,0,0,0,0,1
13840,0,0,0,0,1
13841,0,0,0,0,1
13842,0,0,0,0,1
13843,0,0,0,0,1
13844,0,0,0,0,1
13845,0,0,0,0,1
13846,0,0,0,0,1
13847,0,0,0,0,1
13848,0,0,0,0,1
13849,0,0,0,0,1
13850,0,0,0,0,1
13851,0,0,0,0,1
13852,0,0,0,0,1
13853,0,0,0,0,1
13854,0,0,0,0,1
13855,0,0,0,0,1
13856,0,0,0,0,1
13857,0,0,0,0,1
13858,0,0,0,0,1
13859,0,0,0,0,1
13860,0,0,0,0,1
13861,0,0,0,0,1
13862,1,0,0,0,0
13863,1,0,0,0,0
13864,1,0,0,0,0
13865,1,0,0,0,0
13866,1,0,0,0,0
13867,1,0,0,0,0
13868,1,0,0,0,0
13869,1,0,0,0,0
13870,1,0,0,0,0
13871,1,0,0,0,0
13872,1,0,0,0,0
13873,1,0,0,0,0
13874,1,0,0,0,0
13875,1,0,0,0,0
13876,1,0,0,0,0
13877,1,0,0,0,0
13878,1,0,0,0,0
13879,1,0,0,0,0
13880,1,0,0,0,0
13881,1,0,0,0,0
13882,1,0,0,0,0
13883,1,0,0,0,0
13884,1,0,0,0,0
13885,1,0,0,0,0
13886,1,0,0,0,0
13887,0,0,0,0,1
13888,0,0,0,0,1
13889,0,0,0,0,1
13890,0,0,0,0,1
13891,0,0,0,0,1
13892,0,0,0,0,1
13893,0,0,0,0,1
13894,0,0,0,0,1
13895,0,0,0,0,1
13896,0,0,0,0,1
13897,0,0,0,0,1
13898,0,0,0,0,1
13899,0,0,0,0,1
13900,0,0,0,0,1
13901,0,0,0,0,1
13902,0,0,0,0,1
13903,0,0,0,0,1
13904,0,0,0,0,1
13905,0,0,0,0,1
13906,0,0,0,0,1
13907,0,0,0,0,1
13908,0,0,0,0,1
13909,0,0,0,0,1
13910,0,0,0,0,1
13911,0,0,0,0,1
13912,0,0,0,0,1
13913,0,0,0,0,1
13914,0,0,0,0,1
13915,0,0,0,0,1
13916,0,0,0,0,1
13917,0,0,0,0,1
13918,0,0,0,0,1
13919,0,0,0,0,1
13920,0,0,0,0,1
13921,0,0,0,0,1
13922,0,0,0,0,1
13923,0,0,0,0,1
13924,0,0,0,0,1
13925,0,0,0,0,1
13926,0,0,0,0,1
13927,0,0,0,0,1
13928,0,0,0,0,1
13929,0,0,0,0,1
13930,0,0,0,0,1
13931,0,0,0,0,1
13932,1,0,0,0,0
13933,1,0,0,0,0
13934,1,0,0,0,0
13935,1,0,0,0,0
13936,1,0,0,0,0
13937,1,0,0,0,0
13938,1,0,0,0,0
13939,1,0,0,0,0
13940,1,0,0,0,0
13941,1,0,0,0,0
13942,1,0,0,0,0
13943,1,0,0,0,0
13944,1,0,0,0,0
13945,1,0,0,0,0
13946,1,0,0,0,0
13947,1,0,0,0,0
13948,1,0,0,0,0
13949,1,0,0,0,0
13950,1,0,0,0,0
13951,1,0,0,0,0
13952,1,0,0,0,0
13953,1,0,0,0,0
13954,1,0,0,0,0
13955,1,0,0,0,0
13956,0,0,0,1,0
13957,0,0,0,1,0
13958,0,0,0,1,0
13959,0,0,0,1,0
13960,0,0,0,1,0
13961,0,0,0,1,0
13962,0,0,0,1,0
13963,0,0,0,1,0
13964,0,0,0,1,0
13965,0,0,0,1,0
13966,0,0,0,1,0
13967,0,0,0,1,0
13968,0,0,0,1,0
13969,0,0,0,1,0
13970,0,0,0,1,0
13971,0,0,1,0,0
13972,0,0,1,0,0
13973,0,0,1,0,0
13974,0,0,1,0,0
13975,0,0,1,0,0
13976,0,0,1,0,0
13977,0,0,1,0,0
13978,0,0,0,0,1
13979,0,0,0,0,1
13980,0,0,0,0,1
13981,0,0,0,0,1
13982,0,0,0,0,1
13983,0,0,0,0,1
13984,0,0,0,0,1
13985,0,0,0,0,1
13986,0,0,0,0,1
13987,0,0,0,0,1
13988,0,0,0,0,1
13989,0,0,0,0,1
13990,0,0,0,0,1
13991,0,0,0,0,1
13992,0,0,0,0,1
13993,0,0,0,0,1
13994,0,0,0,0,1
13995,0,0,0,0,1
13996,0,0,0,0,1
13997,0,0,0,0,1
13998,0,0,0,0,1
13999,1,0,0,0,0
14000,1,0,0,0,0
14001,1,0,0,0,0
14002,1,0,0,0,0
14003,1,0,0,0,0
14004,1,0,0,0,0
14005,1,0,0,0,0
14006,1,0,0,0,0
14007,1,0,0,0,0
14008,1,0,0,0,0
14009,1,0,0,0,0
14010,1,0,0,0,0
14011,1,0,0,0,0
14012,1,0,0,0,0
14013,0,0,0,0,1
14014,0,0,0,0,1
14015,0,0,0,0,1
14016,0,0,0,0,1
14017,0,0,0,0,1
14018,0,0,0,0,1
14019,0,0,0,0,1
14020,0,0,0,0,1
14021,0,0,0,0,1
14022,0,0,0,0,1
14023,0,0,0,0,1
14024,0,0,0,0,1
14025,0,0,0,0,1
14026,0,0,0,0,1
14027,0,0,0,0,1
14028,0,0,0,0,1
14029,0,0,0,0,1
14030,0,0,0,0,1
14031,0,0,0,0,1
14032,0,0,0,0,1
14033,0,0,0,0,1
14034,0,0,0,0,1
14035,0,0,0,0,1
14036,0,0,0,0,1
14037,0,0,0,0,1
14038,0,0,0,0,1
14039,0,0,0,0,1
14040,0,0,0,0,1
14041,0,0,0,0,1
14042,0,0,0,0,1
14043,0,0,0,0,1
14044,0,0,0,0,1
14045,0,0,0,0,1
14046,0,0,0,0,1
14047,0,0,0,0,1
14048,0,0,0,0,1
14049,0,0,0,0,1
14050,0,0,0,0,1
14051,0,0,0,0,1
14052,0,0,0,0,1
14053,1,0,0,0,0
14054,1,0,0,0,0
14055,1,0,0,0,0
14056,1,0,0,0,0
14057,1,0,0,0,0
14058,1,0,0,0,0
14059,1,0,0,0,0
14060,1,0,0,0,0
14061,1,0,0,0,0
14062,1,0,0,0,0
14063,1,0,0,0,0
14064,1,0,0,0,0
14065,1,0,0,0,0
14066,1,0,0,0,0
14067,1,0,0,0,0
14068,1,0,0,0,0
14069,1,0,0,0,0
14070,1,0,0,0,0
14071,1,0,0,0,0
14072,1,0,0,0,0
14073,1,0,0,0,0
14074,1,0,0,0,0
14075,1,0,0,0,0
14076,1,0,0,0,0
14077,1,0,0,0,0
14078,1,0,0,0,0
14079,1,0,0,0,0
14080,1,0,0,0,0
14081,1,0,0,0,0
14082,1,0,0,0,0
14083,1,0,0,0,0
14084,1,0,0,0,0
14085,1,0,0,0,0
14086,1,0,0,0,0
14087,0,0,0,0,1
14088,0,0,0,0,1
14089,0,0,0,0,1
14090,0,0,0,0,1
14091,0,0,0,0,1
14092,0,0,0,0,1
14093,0,0,0,0,1
14094,0,0,0,0,1
14095,0,0,0,0,1
14096,0,0,0,0,1
14097,0,0,0,0,1
14098,0,0,0,0,1
14099,0,0,0,0,1
14100,0,0,0,0,1
14101,0,0,0,0,1
14102,0,0,0,0,1
14103,0,0,0,0,1
14104,0,0,0,0,1
14105,0,0,0,0,1
14106,0,0,0,0,1
14107,0,0,0,0,1
14108,0,0,0,0,1
14109,0,0,0,0,1
14110,0,0,0,0,1
14111,0,0,0,0,1
14112,0,0,0,0,1
14113,0,0,0,0,1
14114,0,0,0,0,1
14115,0,0,0,0,1
14116,0,0,0,0,1
14117,0,0,0,0,1
14118,0,0,0,0,1
14119,0,0,0,0,1
14120,0,0,0,0,1
14121,0,0,0,0,1
14122,0,0,0,0,1
14123,0,0,0,0,1
14124,0,0,0,0,1
14125,0,0,0,0,1
14126,0,0,0,0,1
14127,0,0,0,0,1
14128,0,0,0,0,1
14129,0,0,0,0,1
14130,0,0,0,0,1
14131,0,0,0,0,1
14132,0,0,0,0,1
14133,0,0,0,0,1
14134,0,0,0,0,1
14135,0,0,0,0,1
14136,0,0,0,0,1
14137,0,0,0,0,1
14138,0,0,0,0,1
14139,0,0,0,0,1
14140,0,0,0,0,1
14141,0,0,0,0,1
14142,0,0,0,0,1
14143,0,0,0,0,1
14144,0,0,0,0,1
14145,0,0,0,0,1
14146,0,0,0,0,1
14147,0,0,0,0,1
14148,0,0,0,0,1
14149,0,0,0,0,1
14150,0,0,0,0,1
14151,0,0,0,0,1
14152,0,0,0,0,1
14153,0,0,0,0,1
14154,0,0,0,0,1
14155,0,0,0,0,1
14156,0,0,0,0,1
14157,0,0,0,0,1
14158,0,0,0,0,1
14159,0,0,0,0,1
14160,0,0,0,0,1
14161,0,0,0,0,1
14162,0,0,0,0,1
14163,0,0,0,0,1
14164,0,0,0,0,1
14165,0,0,0,0,1
14166,0,0,0,0,1
14167,0,0,0,0,1
14168,0,0,0,0,1
14169,0,0,0,0,1
14170,0,0,0,0,1
14171,0,0,0,0,1
14172,0,0,0,0,1
14173,0,0,0,0,1
14174,0,0,0,0,1
14175,0,0,0,0,1
14176,0,0,0,0,1
14177,0,0,0,0,1
14178,0,0,0,0,1
14179,0,0,0,0,1
14180,0,0,0,0,1
14181,0,0,0,0,1
14182,0,0,0,0,1
14183,0,0,0,0,1
14184,0,0,0,0,1
14185,0,0,0,0,1
14186,0,0,0,0,1
14187,0,0,0,0,1
14188,0,0,0,0,1
14189,0,0,0,0,1
14190,0,0,0,0,1
14191,0,0,0,0,1
14192,0,0,0,0,1
14193,0,0,0,0,1
14194,0,0,0,0,1
14195,0,0,0,0,1
14196,0,0,0,0,1
14197,0,0,0,0,1
14198,0,0,0,0,1
14199,0,0,0,0,1
14200,0,0,0,0,1
14201,0,0,0,0,1
14202,0,0,0,0,1
14203,0,0,0,0,1
14204,0,0,0,0,1
14205,0,0,0,0,1
14206,0,0,0,0,1
14207,0,0,0,0,1
14208,0,0,0,0,1
14209,0,0,0,0,1
14210,0,0,0,0,1
14211,0,0,0,0,1
14212,0,0,0,0,1
14213,1,0,0,0,0
14214,1,0,0,0,0
14215,1,0,0,0,0
14216,1,0,0,0,0
14217,1,0,0,0,0
14218,1,0,0,0,0
14219,1,0,0,0,0
14220,1,0,0,0,0
14221,1,0,0,0,0
14222,1,0,0,0,0
14223,1,0,0,0,0
14224,1,0,0,0,0
14225,1,0,0,0,0
14226,1,0,0,0,0
14227,1,0,0,0,0
14228,1,0,0,0,0
14229,1,0,0,0,0
14230,1,0,0,0,0
14231,1,0,0,0,0
14232,1,0,0,0,0
14233,1,0,0,0,0
14234,1,0,0,0,0
14235,1,0,0,0,0
14236,1,0,0,0,0
14237,1,0,0,0,0
14238,1,0,0,0,0
14239,1,0,0,0,0
14240,1,0,0,0,0
14241,1,0,0,0,0
14242,1,0,0,0,0
14243,1,0,0,0,0
14244,1,0,0,0,0
14245,1,0,0,0,0
14246,1,0,0,0,0
14247,1,0,0,0,0
14248,1,0,0,0,0
14249,1,0,0,0,0
14250,1,0,0,0,0
14251,1,0,0,0,0
14252,1,0,0,0,0
14253,1,0,0,0,0
14254,1,0,0,0,0
14255,1,0,0,0,0
14256,0,0,0,0,1
14257,0,0,0,0,1
14258,0,0,0,0,1
14259,0,0,0,0,1
14260,0,0,0,0,1
14261,0,0,0,0,1
14262,0,0,0,0,1
14263,0,0,0,0,1
14264,0,0,0,0,1
14265,0,0,0,0,1
14266,0,0,0,0,1
14267,0,0,0,0,1
14268,0,0,0,0,1
14269,0,0,0,0,1
14270,0,0,0,0,1
14271,0,0,0,0,1
14272,0,0,0,0,1
14273,0,0,0,0,1
14274,0,0,0,0,1
14275,0,0,0,0,1
14276,0,0,0,0,1
14277,0,0,0,0,1
14278,0,0,0,0,1
14279,0,0,0,0,1
14280,0,0,0,0,1
14281,0,0,0,0,1
14282,0,0,0,0,1
14283,0,0,0,0,1
14284,0,0,0,0,1
14285,0,0,0,0,1
14286,0,0,0,0,1
14287,0,0,0,0,1
14288,0,0,0,0,1
14289,1,0,0,0,0
14290,1,0,0,0,0
14291,1,0,0,0,0
14292,1,0,0,0,0
14293,1,0,0,0,0
14294,1,0,0,0,0
14295,1,0,0,0,0
14296,1,0,0,0,0
14297,1,0,0,0,0
14298,1,0,0,0,0
14299,1,0,0,0,0
14300,1,0,0,0,0
14301,1,0,0,0,0
14302,1,0,0,0,0
14303,1,0,0,0,0
14304,1,0,0,0,0
14305,1,0,0,0,0
14306,1,0,0,0,0
14307,1,0,0,0,0
14308,1,0,0,0,0
14309,0,0,0,0,1
14310,0,0,0,0,1
14311,0,0,0,0,1
14312,0,0,0,0,1
14313,0,0,0,0,1
14314,0,0,0,0,1
14315,0,0,0,0,1
14316,0,0,0,0,1
14317,0,0,0,0,1
14318,0,0,0,0,1
14319,0,0,0,0,1
14320,0,0,0,0,1
14321,0,0,0,0,1
14322,0,0,0,0,1
14323,0,0,0,0,1
14324,0,0,0,0,1
14325,0,0,0,0,1
14326,0,0,0,0,1
14327,0,0,0,0,1
14328,0,0,0,0,1
14329,0,0,0,0,1
14330,0,0,0,0,1
14331,0,0,0,0,1
14332,0,0,0,0,1
14333,0,0,0,0,1
14334,0,0,0,0,1
14335,0,0,0,0,1
14336,0,0,0,0,1
14337,0,0,0,0,1
14338,0,0,0,0,1
14339,0,0,0,0,1
14340,0,0,0,0,1
14341,0,0,0,0,1
14342,0,0,0,0,1
14343,0,0,0,0,1
14344,0,0,0,0,1
14345,0,0,0,0,1
14346,0,0,0,0,1
14347,0,0,0,0,1
14348,0,0,0,0,1
14349,0,0,0,0,1
14350,0,0,0,0,1
14351,0,0,0,0,1
14352,0,0,0,0,1
14353,0,0,0,0,1
14354,0,0,0,0,1
14355,0,0,0,0,1
14356,0,0,0,0,1
14357,0,0,0,0,1
14358,0,0,0,0,1
14359,0,0,0,0,1
14360,0,0,0,0,1
14361,0,0,0,0,1
14362,0,0,0,0,1
14363,0,0,0,0,1
14364,0,0,0,0,1
14365,0,0,0,0,1
14366,0,0,0,0,1
14367,0,0,0,0,1
14368,0,0,0,0,1
14369,0,0,0,0,1
14370,0,0,0,0,1
14371,0,0,0,0,1
14372,0,0,0,0,1
14373,0,0,0,0,1
14374,0,0,0,0,1
14375,0,0,0,0,1
14376,0,0,0,0,1
14377,0,0,0,0,1
14378,0,0,0,0,1
14379,0,0,0,0,1
14380,0,0,0,0,1
14381,0,0,0,0,1
14382,0,0,0,0,1
14383,1,0,0,0,0
14384,1,0,0,0,0
14385,1,0,0,0,0
14386,1,0,0,0,0
14387,1,0,0,0,0
14388,1,0,0,0,0
14389,1,0,0,0,0
14390,1,0,0,0,0
14391,1,0,0,0,0
14392,0,0,0,0,1
14393,0,0,0,0,1
14394,0,0,0,0,1
14395,0,0,0,0,1
14396,0,0,0,0,1
14397,0,0,0,0,1
14398,0,0,0,0,1
14399,0,0,0,0,1
14400,0,0,0,0,1
14401,0,0,0,0,1
14402,0,0,0,0,1
14403,0,0,0,0,1
14404,0,0,0,0,1
14405,0,0,0,0,1
14406,0,0,0,0,1
14407,0,0,0,0,1
14408,0,0,0,0,1
14409,0,0,0,0,1
14410,0,0,0,0,1
14411,0,0,0,0,1
14412,0,0,0,0,1
14413,0,0,0,0,1
14414,0,0,0,0,1
14415,0,0,0,0,1
14416,0,0,0,0,1
14417,0,0,0,0,1
14418,0,0,0,0,1
14419,0,0,0,0,1
14420,0,0,0,0,1
14421,0,0,0,0,1
14422,0,0,0,0,1
14423,0,0,0,0,1
14424,0,0,0,0,1
14425,0,0,0,0,1
14426,0,0,0,0,1
14427,0,0,0,0,1
14428,0,0,0,0,1
14429,0,0,0,0,1
14430,0,0,0,0,1
14431,0,0,0,0,1
14432,0,0,0,0,1
14433,0,0,0,0,1
14434,0,0,0,0,1
14435,0,0,0,0,1
14436,0,0,0,0,1
14437,0,0,0,0,1
14438,0,0,0,0,1
14439,0,0,0,0,1
14440,0,0,0,0,1
14441,0,0,0,0,1
14442,0,0,0,0,1
14443,0,0,0,0,1
14444,0,0,0,0,1
14445,0,0,0,0,1
14446,0,0,0,0,1
14447,0,0,0,0,1
14448,0,0,0,0,1
14449,0,0,0,0,1
14450,0,0,0,0,1
14451,0,0,0,0,1
14452,0,0,0,0,1
14453,0,0,0,0,1
14454,0,0,0,0,1
14455,0,0,0,0,1
14456,1,0,0,0,0
14457,1,0,0,0,0
14458,1,0,0,0,0
14459,1,0,0,0,0
14460,1,0,0,0,0
14461,0,0,1,0,0
14462,0,0,1,0,0
14463,0,0,1,0,0
14464,0,0,1,0,0
14465,0,0,1,0,0
14466,0,0,1,0,0
14467,0,0,1,0,0
14468,0,0,1,0,0
14469,0,0,1,0,0
14470,0,0,1,0,0
14471,0,0,1,0,0
14472,0,0,1,0,0
14473,0,0,1,0,0
14474,0,0,1,0,0
14475,0,0,1,0,0
14476,0,0,1,0,0
14477,0,0,1,0,0
14478,0,0,1,0,0
14479,0,0,1,0,0
14480,0,0,1,0,0
14481,0,0,1,0,0
14482,0,0,1,0,0
14483,0,0,1,0,0
14484,0,0,1,0,0
14485,0,0,1,0,0
14486,0,0,1,0,0
14487,0,0,1,0,0
14488,0,0,1,0,0
14489,0,0,1,0,0
14490,0,0,1,0,0
14491,0,0,1,0,0
14492,0,0,1,0,0
14493,0,0,1,0,0
14494,1,0,0,0,0
14495,1,0,0,0,0
14496,1,0,0,0,0
14497,1,0,0,0,0
14498,1,0,0,0,0
14499,1,0,0,0,0
14500,1,0,0,0,0
14501,1,0,0,0,0
14502,1,0,0,0,0
14503,1,0,0,0,0
14504,1,0,0,0,0
14505,1,0,0,0,0
14506,1,0,0,0,0
14507,1,0,0,0,0
14508,1,0,0,0,0
14509,1,0,0,0,0
14510,1,0,0,0,0
14511,1,0,0,0,0
14512,1,0,0,0,0
14513,1,0,0,0,0
14514,1,0,0,0,0
14515,1,0,0,0,0
14516,1,0,0,0,0
14517,1,0,0,0,0
14518,1,0,0,0,0
14519,1,0,0,0,0
14520,1,0,0,0,0
14521,1,0,0,0,0
14522,1,0,0,0,0
14523,1,0,0,0,0
14524,1,0,0,0,0
14525,1,0,0,0,0
14526,1,0,0,0,0
14527,1,0,0,0,0
14528,1,0,0,0,0
14529,1,0,0,0,0
14530,1,0,0,0,0
14531,1,0,0,0,0
14532,1,0,0,0,0
14533,1,0,0,0,0
14534,1,0,0,0,0
14535,1,0,0,0,0
14536,1,0,0,0,0
14537,1,0,0,0,0
14538,1,0,0,0,0
14539,1,0,0,0,0
14540,1,0,0,0,0
14541,1,0,0,0,0
14542,1,0,0,0,0
14543,1,0,0,0,0
14544,1,0,0,0,0
14545,1,0,0,0,0
14546,1,0,0,0,0
14547,1,0,0,0,0
14548,1,0,0,0,0
14549,1,0,0,0,0
14550,1,0,0,0,0
14551,1,0,0,0,0
14552,1,0,0,0,0
14553,1,0,0,0,0
14554,1,0,0,0,0
14555,1,0,0,0,0
14556,1,0,0,0,0
14557,1,0,0,0,0
14558,1,0,0,0,0
14559,1,0,0,0,0
14560,1,0,0,0,0
14561,1,0,0,0,0
14562,1,0,0,0,0
14563,1,0,0,0,0
14564,1,0,0,0,0
14565,1,0,0,0,0
14566,1,0,0,0,0
14567,1,0,0,0,0
14568,0,0,0,0,1
14569,0,0,0,0,1
14570,0,0,0,0,1
14571,0,0,0,0,1
14572,0,0,0,0,1
14573,0,0,0,0,1
14574,0,0,0,0,1
14575,0,0,0,0,1
14576,0,0,0,0,1
14577,0,0,0,0,1
14578,0,0,0,0,1
14579,0,0,0,0,1
14580,0,0,0,0,1
14581,0,0,0,0,1
14582,0,0,0,0,1
14583,0,0,0,0,1
14584,0,0,0,0,1
14585,0,0,0,0,1
14586,0,0,0,0,1
14587,0,0,0,0,1
14588,0,0,0,0,1
14589,0,0,0,0,1
14590,0,0,0,0,1
14591,0,0,0,0,1
14592,0,0,0,0,1
14593,0,0,0,0,1
14594,0,0,0,0,1
14595,0,0,0,0,1
14596,0,0,0,0,1
14597,0,0,0,0,1
14598,0,0,0,0,1
14599,0,0,0,0,1
14600,0,0,0,0,1
14601,0,0,0,0,1
14602,0,0,0,0,1
14603,0,0,0,0,1
14604,0,0,0,0,1
14605,0,0,0,0,1
14606,0,0,0,0,1
14607,0,0,0,0,1
14608,0,0,0,0,1
14609,0,0,0,0,1
14610,0,0,0,0,1
14611,0,0,0,0,1
14612,0,0,0,0,1
14613,0,0,0,0,1
14614,0,0,0,0,1
14615,0,0,0,0,1
14616,0,0,0,0,1
14617,0,0,0,0,1
14618,0,0,0,0,1
14619,0,0,0,0,1
14620,0,0,0,0,1
14621,0,0,0,0,1
14622,0,0,0,0,1
14623,0,0,0,0,1
14624,0,0,0,0,1
14625,0,0,0,0,1
14626,0,0,0,0,1
14627,0,0,0,0,1
14628,0,0,0,0,1
14629,0,0,0,0,1
14630,0,0,0,0,1
14631,0,0,0,0,1
14632,0,0,0,0,1
14633,0,0,0,0,1
14634,0,0,0,0,1
14635,0,0,0,0,1
14636,0,0,0,0,1
14637,0,0,0,0,1
14638,0,0,0,0,1
14639,0,0,0,0,1
14640,0,0,0,0,1
14641,0,0,0,0,1
14642,0,0,0,0,1
14643,0,0,0,0,1
14644,0,0,0,0,1
14645,0,0,0,0,1
14646,0,0,0,0,1
14647,0,0,0,0,1
14648,0,0,0,0,1
14649,0,0,0,0,1
14650,0,0,0,0,1
14651,0,0,0,0,1
14652,0,0,0,0,1
14653,0,0,0,0,1
14654,0,0,0,0,1
14655,0,0,0,0,1
14656,0,0,0,0,1
14657,0,0,0,0,1
14658,0,0,0,0,1
14659,0,0,0,0,1
14660,0,0,0,0,1
14661,0,0,0,0,1
14662,0,0,0,0,1
14663,0,0,0,0,1
14664,0,0,0,0,1
14665,0,0,0,0,1
14666,0,0,0,0,1
14667,0,0,0,0,1
14668,0,0,0,0,1
14669,0,0,0,0,1
14670,0,0,0,0,1
14671,0,0,0,0,1
14672,0,0,0,0,1
14673,0,0,0,0,1
14674,0,0,0,0,1
14675,0,0,0,0,1
14676,0,0,0,0,1
14677,0,0,0,0,1
14678,0,0,0,0,1
14679,0,0,0,0,1
14680,0,0,0,0,1
14681,0,0,0,0,1
14682,0,0,0,0,1
14683,0,0,0,0,1
14684,0,0,0,0,1
14685,0,0,0,0,1
14686,0,0,0,0,1
14687,0,0,0,0,1
14688,0,0,0,0,1
14689,0,0,0,0,1
14690,0,0,0,0,1
14691,0,0,0,0,1
14692,0,0,0,0,1
14693,0,0,0,0,1
14694,0,0,0,0,1
14695,0,0,0,0,1
14696,0,0,0,0,1
14697,0,0,0,0,1
14698,0,0,0,0,1
14699,0,0,0,0,1
14700,0,0,0,0,1
14701,0,0,0,0,1
14702,0,0,0,0,1
14703,0,0,0,0,1
14704,0,0,0,0,1
14705,0,0,0,0,1
14706,0,0,0,0,1
14707,0,0,0,0,1
14708,0,0,0,0,1
14709,0,0,0,0,1
14710,0,0,0,0,1
14711,0,0,0,0,1
14712,0,0,0,0,1
14713,0,0,0,0,1
14714,0,0,0,0,1
14715,0,0,0,0,1
14716,0,0,0,0,1
14717,0,0,0,0,1
14718,0,0,0,0,1
14719,0,0,0,0,1
14720,0,0,0,0,1
14721,0,0,0,0,1
14722,1,0,0,0,0
14723,1,0,0,0,0
14724,1,0,0,0,0
14725,1,0,0,0,0
14726,1,0,0,0,0
14727,1,0,0,0,0
14728,1,0,0,0,0
14729,1,0,0,0,0
14730,1,0,0,0,0
14731,1,0,0,0,0
14732,1,0,0,0,0
14733,1,0,0,0,0
14734,1,0,0,0,0
14735,1,0,0,0,0
14736,1,0,0,0,0
14737,1,0,0,0,0
14738,1,0,0,0,0
14739,1,0,0,0,0
14740,1,0,0,0,0
14741,1,0,0,0,0
14742,1,0,0,0,0
14743,1,0,0,0,0
14744,1,0,0,0,0
14745,1,0,0,0,0
14746,1,0,0,0,0
14747,1,0,0,0,0
14748,1,0,0,0,0
14749,1,0,0,0,0
14750,1,0,0,0,0
14751,1,0,0,0,0
14752,1,0,0,0,0
14753,1,0,0,0,0
14754,1,0,0,0,0
14755,1,0,0,0,0
14756,1,0,0,0,0
14757,1,0,0,0,0
14758,1,0,0,0,0
14759,1,0,0,0,0
14760,1,0,0,0,0
14761,1,0,0,0,0
14762,1,0,0,0,0
14763,1,0,0,0,0
14764,1,0,0,0,0
14765,1,0,0,0,0
14766,1,0,0,0,0
14767,1,0,0,0,0
14768,1,0,0,0,0
14769,1,0,0,0,0
14770,1,0,0,0,0
14771,1,0,0,0,0
14772,1,0,0,0,0
14773,1,0,0,0,0
14774,1,0,0,0,0
14775,1,0,0,0,0
14776,1,0,0,0,0
14777,1,0,0,0,0
14778,1,0,0,0,0
14779,1,0,0,0,0
14780,1,0,0,0,0
14781,1,0,0,0,0
14782,1,0,0,0,0
14783,1,0,0,0,0
14784,1,0,0,0,0
14785,1,0,0,0,0
14786,1,0,0,0,0
14787,1,0,0,0,0
14788,1,0,0,0,0
14789,1,0,0,0,0
14790,0,1,0,0,0
14791,0,1,0,0,0
14792,0,1,0,0,0
14793,0,1,0,0,0
14794,0,1,0,0,0
14795,0,1,0,0,0
14796,0,1,0,0,0
14797,0,1,0,0,0
14798,0,1,0,0,0
14799,0,1,0,0,0
14800,0,1,0,0,0
14801,0,1,0,0,0
14802,0,1,0,0,0
14803,0,1,0,0,0
14804,0,1,0,0,0
14805,0,1,0,0,0
14806,0,1,0,0,0
14807,0,1,0,0,0
14808,0,1,0,0,0
14809,0,1,0,0,0
14810,0,1,0,0,0
14811,0,1,0,0,0
14812,0,1,0,0,0
14813,0,1,0,0,0
14814,0,1,0,0,0
14815,0,1,0,0,0
14816,0,1,0,0,0
14817,0,1,0,0,0
14818,0,1,0,0,0
14819,0,1,0,0,0
14820,0,1,0,0,0
14821,0,1,0,0,0
14822,0,1,0,0,0
14823,0,1,0,0,0
14824,0,1,0,0,0
14825,0,1,0,0,0
14826,0,1,0,0,0
14827,0,1,0,0,0
14828,0,1,0,0,0
14829,0,1,0,0,0
14830,0,1,0,0,0
14831,0,1,0,0,0
14832,0,1,0,0,0
14833,0,1,0,0,0
14834,0,1,0,0,0
14835,0,1,0,0,0
14836,0,1,0,0,0
14837,0,1,0,0,0
14838,0,1,0,0,0
14839,0,1,0,0,0
14840,0,1,0,0,0
14841,0,1,0,0,0
14842,0,1,0,0,0
14843,0,1,0,0,0
14844,0,1,0,0,0
14845,0,1,0,0,0
14846,0,1,0,0,0
14847,0,1,0,0,0
14848,0,1,0,0,0
14849,0,1,0,0,0
14850,0,1,0,0,0
14851,0,1,0,0,0
14852,0,1,0,0,0
14853,0,1,0,0,0
14854,0,1,0,0,0
14855,0,1,0,0,0
14856,0,1,0,0,0
14857,0,1,0,0,0
14858,0,1,0,0,0
14859,0,1,0,0,0
14860,0,1,0,0,0
14861,0,1,0,0,0
14862,0,1,0,0,0
14863,0,1,0,0,0
14864,0,1,0,0,0
14865,0,1,0,0,0
14866,0,1,0,0,0
14867,0,1,0,0,0
14868,0,1,0,0,0
14869,0,1,0,0,0
14870,0,1,0,0,0
14871,0,1,0,0,0
14872,0,1,0,0,0
14873,0,1,0,0,0
14874,0,1,0,0,0
14875,0,1,0,0,0
14876,0,1,0,0,0
14877,0,1,0,0,0
14878,0,1,0,0,0
14879,1,0,0,0,0
14880,1,0,0,0,0
14881,1,0,0,0,0
14882,1,0,0,0,0
14883,1,0,0,0,0
14884,1,0,0,0,0
14885,1,0,0,0,0
14886,1,0,0,0,0
14887,1,0,0,0,0
14888,1,0,0,0,0
14889,1,0,0,0,0
14890,1,0,0,0,0
14891,1,0,0,0,0
14892,1,0,0,0,0
14893,1,0,0,0,0
14894,1,0,0,0,0
14895,1,0,0,0,0
14896,1,0,0,0,0
14897,1,0,0,0,0
14898,1,0,0,0,0
14899,1,0,0,0,0
14900,1,0,0,0,0
14901,1,0,0,0,0
14902,1,0,0,0,0
14903,1,0,0,0,0
14904,1,0,0,0,0
14905,1,0,0,0,0
14906,1,0,0,0,0
14907,1,0,0,0,0
14908,1,0,0,0,0
14909,1,0,0,0,0
14910,1,0,0,0,0
14911,1,0,0,0,0
14912,1,0,0,0,0
14913,1,0,0,0,0
14914,1,0,0,0,0
14915,1,0,0,0,0
14916,1,0,0,0,0
14917,1,0,0,0,0
14918,1,0,0,0,0
14919,1,0,0,0,0
14920,1,0,0,0,0
14921,1,0,0,0,0
14922,1,0,0,0,0
14923,1,0,0,0,0
14924,1,0,0,0,0
14925,1,0,0,0,0
14926,1,0,0,0,0
14927,1,0,0,0,0
14928,1,0,0,0,0
14929,1,0,0,0,0
14930,1,0,0,0,0
14931,1,0,0,0,0
14932,1,0,0,0,0
14933,1,0,0,0,0
14934,1,0,0,0,0
14935,1,0,0,0,0
14936,1,0,0,0,0
14937,1,0,0,0,0
14938,1,0,0,0,0
14939,1,0,0,0,0
14940,1,0,0,0,0
14941,1,0,0,0,0
14942,1,0,0,0,0
14943,1,0,0,0,0
14944,1,0,0,0,0
14945,1,0,0,0,0
14946,1,0,0,0,0
14947,1,0,0,0,0
14948,1,0,0,0,0
14949,1,0,0,0,0
14950,1,0,0,0,0
14951,1,0,0,0,0
14952,1,0,0,0,0
14953,1,0,0,0,0
14954,1,0,0,0,0
14955,1,0,0,0,0
14956,1,0,0,0,0
14957,1,0,0,0,0
14958,1,0,0,0,0
14959,1,0,0,0,0
14960,1,0,0,0,0
14961,1,0,0,0,0
14962,1,0,0,0,0
14963,1,0,0,0,0
14964,1,0,0,0,0
14965,1,0,0,0,0
14966,1,0,0,0,0
14967,1,0,0,0,0
14968,0,0,0,0,1
14969,0,0,0,0,1
14970,0,0,0,0,1
14971,0,0,0,0,1
14972,0,0,0,0,1
14973,0,0,0,0,1
14974,0,0,0,0,1
14975,0,0,0,0,1
14976,0,0,0,0,1
14977,0,0,0,0,1
14978,0,0,0,0,1
14979,0,0,0,0,1
14980,0,0,0,0,1
14981,0,0,0,0,1
14982,0,0,0,0,1
14983,0,0,0,0,1
14984,0,0,0,0,1
14985,0,0,0,0,1
14986,0,0,0,0,1
14987,0,0,0,0,1
14988,0,0,0,0,1
14989,0,0,0,0,1
14990,0,0,0,0,1
14991,0,0,0,0,1
14992,0,0,0,0,1
14993,0,0,0,0,1
14994,0,0,0,0,1
14995,0,0,0,0,1
14996,0,0,0,0,1
14997,0,0,0,0,1
14998,0,0,0,0,1
14999,0,0,0,0,1
15000,0,0,0,0,1
15001,0,0,0,0,1
15002,0,0,0,0,1
15003,0,0,0,0,1
15004,0,0,0,0,1
15005,0,0,0,0,1
15006,0,0,0,0,1
15007,0,0,0,0,1
15008,0,0,0,0,1
15009,0,0,0,0,1
15010,0,0,0,0,1
15011,0,0,0,0,1
15012,0,0,0,0,1
15013,0,0,0,0,1
15014,0,0,0,0,1
15015,0,0,0,0,1
15016,0,0,0,0,1
15017,0,0,0,0,1
15018,0,0,0,0,1
15019,0,0,0,0,1
15020,0,0,0,0,1
15021,0,0,0,0,1
15022,0,0,0,0,1
15023,0,0,0,0,1
15024,0,0,0,0,1
15025,0,0,0,0,1
15026,0,0,0,0,1
15027,0,0,0,0,1
15028,0,0,0,0,1
15029,0,0,0,0,1
15030,0,0,0,0,1
15031,0,0,0,0,1
15032,0,0,0,0,1
15033,0,0,0,0,1
15034,0,0,0,0,1
15035,0,0,0,0,1
15036,0,0,0,0,1
15037,0,0,0,0,1
15038,0,0,0,0,1
15039,0,0,0,0,1
15040,0,0,0,0,1
15041,0,0,0,0,1
15042,0,0,0,0,1
15043,0,0,0,0,1
15044,0,0,0,0,1
15045,0,0,0,0,1
15046,0,0,0,0,1
15047,0,0,0,0,1
15048,0,0,0,0,1
15049,0,0,0,0,1
15050,0,0,0,0,1
15051,0,0,0,0,1
15052,0,0,0,0,1
15053,0,0,0,0,1
15054,0,0,0,0,1
15055,0,0,0,0,1
15056,0,0,0,0,1
15057,0,0,0,0,1
15058,0,0,0,0,1
15059,0,0,0,0,1
15060,0,0,0,0,1
15061,0,0,0,0,1
15062,0,0,0,0,1
15063,0,0,0,0,1
15064,0,0,0,0,1
15065,0,0,0,0,1
15066,0,0,0,0,1
15067,0,0,0,0,1
15068,0,0,0,0,1
15069,0,0,0,0,1
15070,0,0,0,0,1
15071,0,0,0,0,1
15072,0,0,0,0,1
15073,0,0,0,0,1
15074,0,0,0,0,1
15075,0,0,0,0,1
15076,0,0,0,0,1
15077,0,0,0,0,1
15078,0,0,0,0,1
15079,0,0,0,0,1
15080,0,0,0,0,1
15081,0,0,0,0,1
15082,0,0,0,0,1
15083,0,0,0,0,1
15084,0,0,0,0,1
15085,0,0,0,0,1
15086,0,0,0,0,1
15087,0,0,0,0,1
15088,0,0,0,0,1
15089,0,0,0,0,1
15090,0,0,0,0,1
15091,0,0,0,0,1
15092,0,0,0,0,1
15093,0,0,0,0,1
15094,0,0,0,0,1
15095,0,0,0,0,1
15096,0,0,0,0,1
15097,0,0,0,0,1
15098,0,0,0,0,1
15099,0,0,0,0,1
15100,0,0,0,0,1
15101,0,0,0,0,1
15102,0,0,0,0,1
15103,0,0,0,0,1
15104,0,0,0,0,1
15105,0,0,0,0,1
15106,0,0,0,0,1
15107,0,0,0,0,1
15108,0,0,0,0,1
15109,0,0,0,0,1
15110,0,0,0,0,1
15111,0,0,0,0,1
15112,0,0,0,0,1
15113,0,0,0,0,1
15114,0,0,0,0,1
15115,0,0,0,0,1
15116,0,0,0,0,1
15117,0,0,0,0,1
15118,0,0,0,0,1
15119,0,0,0,0,1
15120,0,0,0,0,1
15121,0,0,0,0,1
15122,0,0,0,0,1
15123,0,0,0,0,1
15124,0,0,0,0,1
15125,0,0,0,0,1
15126,0,0,0,0,1
15127,0,0,0,0,1
15128,0,0,0,0,1
15129,0,0,0,0,1
15130,0,0,0,0,1
15131,0,0,0,0,1
15132,0,0,0,0,1
15133,0,0,0,0,1
15134,0,0,0,0,1
15135,0,0,0,0,1
15136,0,0,0,0,1
15137,0,0,0,0,1
15138,0,0,0,0,1
15139,0,0,0,0,1
15140,0,0,0,0,1
15141,0,0,0,0,1
15142,0,0,0,0,1
15143,0,0,0,0,1
15144,0,0,0,0,1
15145,0,0,0,0,1
15146,1,0,0,0,0
15147,1,0,0,0,0
15148,1,0,0,0,0
15149,1,0,0,0,0
15150,1,0,0,0,0
15151,1,0,0,0,0
15152,1,0,0,0,0
15153,1,0,0,0,0
15154,1,0,0,0,0
15155,1,0,0,0,0
15156,1,0,0,0,0
15157,1,0,0,0,0
15158,1,0,0,0,0
15159,1,0,0,0,0
15160,1,0,0,0,0
15161,1,0,0,0,0
15162,1,0,0,0,0
15163,1,0,0,0,0
15164,1,0,0,0,0
15165,1,0,0,0,0
15166,1,0,0,0,0
15167,1,0,0,0,0
15168,1,0,0,0,0
15169,1,0,0,0,0
15170,1,0,0,0,0
15171,1,0,0,0,0
15172,1,0,0,0,0
15173,1,0,0,0,0
15174,1,0,0,0,0
15175,1,0,0,0,0
15176,1,0,0,0,0
15177,1,0,0,0,0
15178,0,1,0,0,0
15179,0,1,0,0,0
15180,0,1,0,0,0
15181,0,1,0,0,0
15182,0,1,0,0,0
15183,0,1,0,0,0
15184,0,1,0,0,0
15185,0,1,0,0,0
15186,0,1,0,0,0
15187,0,1,0,0,0
15188,0,1,0,0,0
15189,0,1,0,0,0
15190,0,1,0,0,0
15191,0,1,0,0,0
15192,0,1,0,0,0
15193,0,1,0,0,0
15194,0,1,0,0,0
15195,0,1,0,0,0
15196,0,1,0,0,0
15197,0,1,0,0,0
15198,0,1,0,0,0
15199,0,1,0,0,0
15200,0,1,0,0,0
15201,0,1,0,0,0
15202,0,1,0,0,0
15203,0,1,0,0,0
15204,0,1,0,0,0
15205,0,1,0,0,0
15206,0,1,0,0,0
15207,0,1,0,0,0
15208,0,1,0,0,0
15209,0,1,0,0,0
15210,0,1,0,0,0
15211,0,1,0,0,0
15212,0,1,0,0,0
15213,0,1,0,0,0
15214,0,1,0,0,0
15215,0,1,0,0,0
15216,0,1,0,0,0
15217,0,1,0,0,0
15218,0,1,0,0,0
15219,0,1,0,0,0
15220,0,1,0,0,0
15221,0,1,0,0,0
15222,0,1,0,0,0
15223,0,1,0,0,0
15224,0,1,0,0,0
15225,0,1,0,0,0
15226,0,1,0,0,0
15227,1,0,0,0,0
15228,1,0,0,0,0
15229,1,0,0,0,0
15230,1,0,0,0,0
15231,1,0,0,0,0
15232,1,0,0,0,0
15233,1,0,0,0,0
15234,1,0,0,0,0
15235,1,0,0,0,0
15236,1,0,0,0,0
15237,1,0,0,0,0
15238,1,0,0,0,0
15239,1,0,0,0,0
15240,1,0,0,0,0
15241,1,0,0,0,0
15242,1,0,0,0,0
15243,1,0,0,0,0
15244,1,0,0,0,0
15245,1,0,0,0,0
15246,1,0,0,0,0
15247,0,1,0,0,0
15248,0,1,0,0,0
15249,0,1,0,0,0
15250,0,1,0,0,0
15251,0,1,0,0,0
15252,0,1,0,0,0
15253,0,1,0,0,0
15254,0,1,0,0,0
15255,0,1,0,0,0
15256,0,1,0,0,0
15257,0,1,0,0,0
15258,0,1,0,0,0
15259,0,1,0,0,0
15260,0,1,0,0,0
15261,0,1,0,0,0
15262,0,1,0,0,0
15263,0,1,0,0,0
15264,0,1,0,0,0
15265,0,1,0,0,0
15266,0,1,0,0,0
15267,0,1,0,0,0
15268,0,1,0,0,0
15269,0,1,0,0,0
15270,0,1,0,0,0
15271,0,1,0,0,0
15272,0,1,0,0,0
15273,0,1,0,0,0
15274,0,1,0,0,0
15275,0,1,0,0,0
15276,0,1,0,0,0
15277,0,1,0,0,0
15278,0,1,0,0,0
15279,0,1,0,0,0
15280,0,1,0,0,0
15281,0,1,0,0,0
15282,0,1,0,0,0
15283,0,1,0,0,0
15284,0,1,0,0,0
15285,0,1,0,0,0
15286,0,1,0,0,0
15287,0,1,0,0,0
15288,0,1,0,0,0
15289,0,1,0,0,0
15290,0,1,0,0,0
15291,0,1,0,0,0
15292,0,1,0,0,0
15293,0,1,0,0,0
15294,0,1,0,0,0
15295,0,1,0,0,0
15296,0,1,0,0,0
15297,0,1,0,0,0
15298,0,1,0,0,0
15299,0,1,0,0,0
15300,1,0,0,0,0
15301,1,0,0,0,0
15302,1,0,0,0,0
15303,1,0,0,0,0
15304,1,0,0,0,0
15305,1,0,0,0,0
15306,1,0,0,0,0
15307,1,0,0,0,0
15308,1,0,0,0,0
15309,1,0,0,0,0
15310,1,0,0,0,0
15311,1,0,0,0,0
15312,1,0,0,0,0
15313,1,0,0,0,0
15314,1,0,0,0,0
15315,0,0,0,0,1
15316,0,0,0,0,1
15317,0,0,0,0,1
15318,0,0,0,0,1
15319,0,0,0,0,1
15320,0,0,0,0,1
15321,0,0,0,0,1
15322,0,0,0,0,1
15323,0,0,0,0,1
15324,0,0,0,0,1
15325,0,0,0,0,1
15326,0,0,0,0,1
15327,0,0,0,0,1
15328,0,0,0,0,1
15329,0,0,0,0,1
15330,0,0,0,0,1
15331,0,0,0,0,1
15332,0,0,0,0,1
15333,0,0,0,0,1
15334,0,0,0,0,1
15335,0,0,0,0,1
15336,0,0,0,0,1
15337,0,0,0,0,1
15338,0,0,0,0,1
15339,0,0,0,0,1
15340,0,0,0,0,1
15341,0,0,0,0,1
15342,0,0,0,0,1
15343,0,0,0,0,1
15344,0,0,0,0,1
15345,0,0,0,0,1
15346,0,0,0,0,1
15347,0,0,0,0,1
15348,0,0,0,0,1
15349,0,0,0,0,1
15350,0,0,0,0,1
15351,0,0,0,0,1
15352,0,0,0,0,1
15353,0,0,0,0,1
15354,1,0,0,0,0
15355,1,0,0,0,0
15356,1,0,0,0,0
15357,1,0,0,0,0
15358,1,0,0,0,0
15359,1,0,0,0,0
15360,1,0,0,0,0
15361,1,0,0,0,0
15362,1,0,0,0,0
15363,1,0,0,0,0
15364,1,0,0,0,0
15365,1,0,0,0,0
15366,1,0,0,0,0
15367,1,0,0,0,0
15368,1,0,0,0,0
15369,1,0,0,0,0
15370,1,0,0,0,0
15371,1,0,0,0,0
15372,1,0,0,0,0
15373,1,0,0,0,0
15374,1,0,0,0,0
15375,1,0,0,0,0
15376,1,0,0,0,0
15377,1,0,0,0,0
15378,1,0,0,0,0
15379,0,0,0,1,0
15380,0,0,0,1,0
15381,0,0,0,1,0
15382,0,0,0,1,0
15383,0,0,0,1,0
15384,0,0,0,1,0
15385,0,0,0,1,0
15386,0,0,0,1,0
15387,0,0,0,1,0
15388,0,0,0,1,0
15389,0,0,0,1,0
15390,0,0,0,1,0
15391,0,0,0,1,0
15392,0,0,0,1,0
15393,1,0,0,0,0
15394,1,0,0,0,0
15395,1,0,0,0,0
15396,1,0,0,0,0
15397,1,0,0,0,0
15398,1,0,0,0,0
15399,1,0,0,0,0
15400,1,0,0,0,0
15401,1,0,0,0,0
15402,1,0,0,0,0
15403,1,0,0,0,0
15404,1,0,0,0,0
15405,1,0,0,0,0
15406,1,0,0,0,0
15407,1,0,0,0,0
15408,1,0,0,0,0
15409,1,0,0,0,0
15410,1,0,0,0,0
15411,1,0,0,0,0
15412,1,0,0,0,0
15413,1,0,0,0,0
15414,1,0,0,0,0
15415,1,0,0,0,0
15416,1,0,0,0,0
15417,1,0,0,0,0
15418,1,0,0,0,0
15419,1,0,0,0,0
15420,1,0,0,0,0
15421,1,0,0,0,0
15422,1,0,0,0,0
15423,1,0,0,0,0
15424,1,0,0,0,0
15425,1,0,0,0,0
15426,1,0,0,0,0
15427,1,0,0,0,0
15428,1,0,0,0,0
15429,1,0,0,0,0
15430,1,0,0,0,0
15431,1,0,0,0,0
15432,1,0,0,0,0
15433,1,0,0,0,0
15434,1,0,0,0,0
15435,1,0,0,0,0
15436,1,0,0,0,0
15437,1,0,0,0,0
15438,1,0,0,0,0
15439,1,0,0,0,0
15440,1,0,0,0,0
15441,1,0,0,0,0
15442,0,0,0,1,0
15443,0,0,0,1,0
15444,0,0,0,1,0
15445,0,0,0,1,0
15446,0,0,0,1,0
15447,0,0,0,1,0
15448,0,0,0,1,0
15449,0,0,0,1,0
15450,0,0,0,1,0
15451,0,0,0,1,0
15452,0,0,0,1,0
15453,0,0,0,1,0
15454,0,0,0,1,0
15455,0,0,0,1,0
15456,0,0,0,1,0
15457,0,0,0,1,0
15458,0,0,0,1,0
15459,0,0,0,1,0
15460,0,0,0,1,0
15461,0,0,0,1,0
15462,0,0,0,1,0
15463,0,0,0,1,0
15464,0,0,0,1,0
15465,0,0,0,1,0
15466,0,0,0,1,0
15467,0,0,0,1,0
15468,0,0,0,1,0
15469,0,0,0,1,0
15470,0,0,0,1,0
15471,0,0,0,1,0
15472,0,0,0,1,0
15473,0,0,0,1,0
15474,0,0,0,1,0
15475,0,0,0,1,0
15476,0,0,0,1,0
15477,0,0,0,1,0
15478,0,0,0,1,0
15479,0,0,0,1,0
15480,1,0,0,0,0
15481,1,0,0,0,0
15482,1,0,0,0,0
15483,1,0,0,0,0
15484,1,0,0,0,0
15485,1,0,0,0,0
15486,1,0,0,0,0
15487,1,0,0,0,0
15488,1,0,0,0,0
15489,1,0,0,0,0
15490,1,0,0,0,0
15491,1,0,0,0,0
15492,1,0,0,0,0
15493,1,0,0,0,0
15494,1,0,0,0,0
15495,1,0,0,0,0
15496,1,0,0,0,0
15497,1,0,0,0,0
15498,1,0,0,0,0
15499,1,0,0,0,0
15500,1,0,0,0,0
15501,1,0,0,0,0
15502,1,0,0,0,0
15503,1,0,0,0,0
15504,1,0,0,0,0
15505,1,0,0,0,0
15506,1,0,0,0,0
15507,1,0,0,0,0
15508,1,0,0,0,0
15509,1,0,0,0,0
15510,1,0,0,0,0
15511,1,0,0,0,0
15512,1,0,0,0,0
15513,1,0,0,0,0
15514,1,0,0,0,0
15515,1,0,0,0,0
15516,1,0,0,0,0
15517,1,0,0,0,0
15518,1,0,0,0,0
15519,1,0,0,0,0
15520,1,0,0,0,0
15521,1,0,0,0,0
15522,1,0,0,0,0
15523,1,0,0,0,0
15524,1,0,0,0,0
15525,1,0,0,0,0
15526,1,0,0,0,0
15527,1,0,0,0,0
15528,1,0,0,0,0
15529,1,0,0,0,0
15530,1,0,0,0,0
15531,1,0,0,0,0
15532,1,0,0,0,0
15533,1,0,0,0,0
15534,1,0,0,0,0
15535,1,0,0,0,0
15536,1,0,0,0,0
15537,1,0,0,0,0
15538,1,0,0,0,0
15539,1,0,0,0,0
15540,1,0,0,0,0
15541,1,0,0,0,0
15542,1,0,0,0,0
15543,1,0,0,0,0
15544,1,0,0,0,0
15545,1,0,0,0,0
15546,1,0,0,0,0
15547,1,0,0,0,0
15548,1,0,0,0,0
15549,1,0,0,0,0
15550,1,0,0,0,0
15551,1,0,0,0,0
15552,1,0,0,0,0
15553,1,0,0,0,0
15554,1,0,0,0,0
15555,1,0,0,0,0
15556,1,0,0,0,0
15557,1,0,0,0,0
15558,1,0,0,0,0
15559,1,0,0,0,0
15560,1,0,0,0,0
15561,1,0,0,0,0
15562,1,0,0,0,0
15563,1,0,0,0,0
15564,1,0,0,0,0
15565,1,0,0,0,0
15566,1,0,0,0,0
15567,1,0,0,0,0
15568,1,0,0,0,0
15569,1,0,0,0,0
15570,1,0,0,0,0
15571,1,0,0,0,0
15572,1,0,0,0,0
15573,1,0,0,0,0
15574,1,0,0,0,0
15575,1,0,0,0,0
15576,1,0,0,0,0
15577,1,0,0,0,0
15578,1,0,0,0,0
15579,1,0,0,0,0
15580,1,0,0,0,0
15581,1,0,0,0,0
15582,1,0,0,0,0
15583,1,0,0,0,0
15584,1,0,0,0,0
15585,1,0,0,0,0
15586,1,0,0,0,0
15587,1,0,0,0,0
15588,1,0,0,0,0
15589,1,0,0,0,0
15590,1,0,0,0,0
15591,1,0,0,0,0
15592,1,0,0,0,0
15593,1,0,0,0,0
15594,1,0,0,0,0
15595,1,0,0,0,0
15596,1,0,0,0,0
15597,1,0,0,0,0
15598,1,0,0,0,0
15599,1,0,0,0,0
15600,1,0,0,0,0
15601,1,0,0,0,0
15602,1,0,0,0,0
15603,1,0,0,0,0
15604,1,0,0,0,0
15605,1,0,0,0,0
15606,1,0,0,0,0
15607,1,0,0,0,0
15608,1,0,0,0,0
15609,1,0,0,0,0
15610,1,0,0,0,0
15611,1,0,0,0,0
15612,1,0,0,0,0
15613,1,0,0,0,0
15614,1,0,0,0,0
15615,1,0,0,0,0
15616,1,0,0,0,0
15617,1,0,0,0,0
15618,1,0,0,0,0
15619,1,0,0,0,0
15620,1,0,0,0,0
15621,1,0,0,0,0
15622,1,0,0,0,0
15623,1,0,0,0,0
15624,1,0,0,0,0
15625,1,0,0,0,0
15626,1,0,0,0,0
15627,1,0,0,0,0
15628,1,0,0,0,0
15629,1,0,0,0,0
15630,1,0,0,0,0
15631,1,0,0,0,0
15632,1,0,0,0,0
15633,1,0,0,0,0
15634,1,0,0,0,0
15635,1,0,0,0,0
15636,1,0,0,0,0
15637,1,0,0,0,0
15638,1,0,0,0,0
15639,1,0,0,0,0
15640,0,0,0,0,1
15641,0,0,0,0,1
15642,0,0,0,0,1
15643,0,0,0,0,1
15644,0,0,0,0,1
15645,0,0,0,0,1
15646,0,0,0,0,1
15647,0,0,0,0,1
15648,0,0,0,0,1
15649,0,0,0,0,1
15650,0,0,0,0,1
15651,0,0,0,0,1
15652,0,0,0,0,1
15653,0,0,0,0,1
15654,0,0,0,0,1
15655,0,0,0,0,1
15656,0,0,0,0,1
15657,0,0,0,0,1
15658,0,0,0,0,1
15659,0,0,0,0,1
15660,0,0,0,0,1
15661,0,0,0,0,1
15662,0,0,0,0,1
15663,0,0,0,0,1
15664,0,0,0,0,1
15665,0,0,0,0,1
15666,0,0,0,0,1
15667,0,0,0,0,1
15668,0,0,0,0,1
15669,0,0,0,0,1
15670,0,0,0,0,1
15671,0,0,0,0,1
15672,0,0,0,0,1
15673,0,0,0,0,1
15674,0,0,0,0,1
15675,0,0,0,0,1
15676,0,0,0,0,1
15677,0,0,0,0,1
15678,0,0,0,0,1
15679,0,0,0,0,1
15680,0,0,0,0,1
15681,1,0,0,0,0
15682,1,0,0,0,0
15683,1,0,0,0,0
15684,1,0,0,0,0
15685,1,0,0,0,0
15686,1,0,0,0,0
15687,1,0,0,0,0
15688,1,0,0,0,0
15689,1,0,0,0,0
15690,1,0,0,0,0
15691,1,0,0,0,0
15692,1,0,0,0,0
15693,1,0,0,0,0
15694,1,0,0,0,0
15695,1,0,0,0,0
15696,1,0,0,0,0
15697,1,0,0,0,0
15698,1,0,0,0,0
15699,1,0,0,0,0
15700,1,0,0,0,0
15701,1,0,0,0,0
15702,1,0,0,0,0
15703,1,0,0,0,0
15704,1,0,0,0,0
15705,1,0,0,0,0
15706,1,0,0,0,0
15707,1,0,0,0,0
15708,1,0,0,0,0
15709,1,0,0,0,0
15710,1,0,0,0,0
15711,1,0,0,0,0
15712,1,0,0,0,0
15713,1,0,0,0,0
15714,1,0,0,0,0
15715,1,0,0,0,0
15716,1,0,0,0,0
15717,1,0,0,0,0
15718,1,0,0,0,0
15719,1,0,0,0,0
15720,1,0,0,0,0
15721,1,0,0,0,0
15722,1,0,0,0,0
15723,1,0,0,0,0
15724,1,0,0,0,0
15725,1,0,0,0,0
15726,1,0,0,0,0
15727,1,0,0,0,0
15728,1,0,0,0,0
15729,1,0,0,0,0
15730,1,0,0,0,0
15731,1,0,0,0,0
15732,1,0,0,0,0
15733,1,0,0,0,0
15734,1,0,0,0,0
15735,1,0,0,0,0
15736,1,0,0,0,0
15737,1,0,0,0,0
15738,1,0,0,0,0
15739,1,0,0,0,0
15740,1,0,0,0,0
15741,1,0,0,0,0
15742,1,0,0,0,0
15743,1,0,0,0,0
15744,1,0,0,0,0
15745,1,0,0,0,0
15746,1,0,0,0,0
15747,1,0,0,0,0
15748,1,0,0,0,0
15749,1,0,0,0,0
15750,1,0,0,0,0
15751,1,0,0,0,0
15752,1,0,0,0,0
15753,1,0,0,0,0
15754,1,0,0,0,0
15755,1,0,0,0,0
15756,1,0,0,0,0
15757,1,0,0,0,0
15758,1,0,0,0,0
15759,1,0,0,0,0
15760,1,0,0,0,0
15761,1,0,0,0,0
15762,1,0,0,0,0
15763,1,0,0,0,0
15764,1,0,0,0,0
15765,1,0,0,0,0
15766,1,0,0,0,0
15767,1,0,0,0,0
15768,1,0,0,0,0
15769,1,0,0,0,0
15770,1,0,0,0,0
15771,1,0,0,0,0
15772,1,0,0,0,0
15773,1,0,0,0,0
15774,1,0,0,0,0
15775,1,0,0,0,0
15776,1,0,0,0,0
15777,1,0,0,0,0
15778,1,0,0,0,0
15779,1,0,0,0,0
15780,1,0,0,0,0
15781,1,0,0,0,0
15782,1,0,0,0,0
15783,1,0,0,0,0
15784,1,0,0,0,0
15785,1,0,0,0,0
15786,1,0,0,0,0
15787,1,0,0,0,0
15788,1,0,0,0,0
15789,1,0,0,0,0
15790,1,0,0,0,0
15791,1,0,0,0,0
15792,1,0,0,0,0
15793,1,0,0,0,0
15794,1,0,0,0,0
15795,1,0,0,0,0
15796,1,0,0,0,0
15797,1,0,0,0,0
15798,1,0,0,0,0
15799,1,0,0,0,0
15800,1,0,0,0,0
15801,1,0,0,0,0
15802,1,0,0,0,0
15803,1,0,0,0,0
15804,1,0,0,0,0
15805,1,0,0,0,0
15806,1,0,0,0,0
15807,1,0,0,0,0
15808,1,0,0,0,0
15809,1,0,0,0,0
15810,1,0,0,0,0
15811,1,0,0,0,0
15812,1,0,0,0,0
15813,1,0,0,0,0
15814,1,0,0,0,0
15815,1,0,0,0,0
15816,1,0,0,0,0
15817,1,0,0,0,0
15818,1,0,0,0,0
15819,1,0,0,0,0
15820,1,0,0,0,0
15821,1,0,0,0,0
15822,1,0,0,0,0
15823,1,0,0,0,0
15824,1,0,0,0,0
15825,1,0,0,0,0
15826,1,0,0,0,0
15827,1,0,0,0,0
15828,1,0,0,0,0
15829,1,0,0,0,0
15830,1,0,0,0,0
15831,1,0,0,0,0
15832,1,0,0,0,0
15833,1,0,0,0,0
15834,1,0,0,0,0
15835,1,0,0,0,0
15836,1,0,0,0,0
15837,1,0,0,0,0
15838,1,0,0,0,0
15839,1,0,0,0,0
15840,1,0,0,0,0
15841,1,0,0,0,0
15842,1,0,0,0,0
15843,1,0,0,0,0
15844,1,0,0,0,0
15845,1,0,0,0,0
15846,1,0,0,0,0
15847,1,0,0,0,0
15848,1,0,0,0,0
15849,1,0,0,0,0
15850,1,0,0,0,0
15851,1,0,0,0,0
15852,1,0,0,0,0
15853,1,0,0,0,0
15854,1,0,0,0,0
15855,1,0,0,0,0
15856,1,0,0,0,0
15857,1,0,0,0,0
15858,1,0,0,0,0
15859,1,0,0,0,0
15860,1,0,0,0,0
15861,1,0,0,0,0
15862,1,0,0,0,0
15863,1,0,0,0,0
15864,1,0,0,0,0
15865,1,0,0,0,0
15866,1,0,0,0,0
15867,1,0,0,0,0
15868,1,0,0,0,0
15869,1,0,0,0,0
15870,1,0,0,0,0
15871,1,0,0,0,0
15872,1,0,0,0,0
15873,1,0,0,0,0
15874,1,0,0,0,0
15875,1,0,0,0,0
15876,1,0,0,0,0
15877,1,0,0,0,0
15878,1,0,0,0,0
15879,1,0,0,0,0
15880,1,0,0,0,0
15881,1,0,0,0,0
15882,1,0,0,0,0
15883,1,0,0,0,0
15884,1,0,0,0,0
15885,1,0,0,0,0
15886,1,0,0,0,0
15887,1,0,0,0,0
15888,1,0,0,0,0
15889,1,0,0,0,0
15890,1,0,0,0,0
15891,1,0,0,0,0
15892,1,0,0,0,0
15893,1,0,0,0,0
15894,1,0,0,0,0
15895,1,0,0,0,0
15896,1,0,0,0,0
15897,1,0,0,0,0
15898,1,0,0,0,0
15899,1,0,0,0,0
15900,1,0,0,0,0
15901,1,0,0,0,0
15902,1,0,0,0,0
15903,1,0,0,0,0
15904,1,0,0,0,0
15905,1,0,0,0,0
15906,1,0,0,0,0
15907,1,0,0,0,0
15908,1,0,0,0,0
15909,1,0,0,0,0
15910,1,0,0,0,0
15911,1,0,0,0,0
15912,1,0,0,0,0
15913,1,0,0,0,0
15914,1,0,0,0,0
15915,1,0,0,0,0
15916,1,0,0,0,0
15917,1,0,0,0,0
15918,1,0,0,0,0
15919,1,0,0,0,0
15920,1,0,0,0,0
15921,1,0,0,0,0
15922,1,0,0,0,0
15923,1,0,0,0,0
15924,1,0,0,0,0
15925,1,0,0,0,0
15926,1,0,0,0,0
15927,1,0,0,0,0
15928,1,0,0,0,0
15929,1,0,0,0,0
15930,1,0,0,0,0
15931,1,0,0,0,0
15932,1,0,0,0,0
15933,1,0,0,0,0
15934,1,0,0,0,0
15935,1,0,0,0,0
15936,1,0,0,0,0
15937,1,0,0,0,0
15938,1,0,0,0,0
15939,1,0,0,0,0
15940,1,0,0,0,0
15941,1,0,0,0,0
15942,1,0,0,0,0
15943,1,0,0,0,0
15944,1,0,0,0,0
15945,1,0,0,0,0
15946,1,0,0,0,0
15947,1,0,0,0,0
15948,1,0,0,0,0
15949,1,0,0,0,0
15950,1,0,0,0,0
15951,1,0,0,0,0
15952,1,0,0,0,0
15953,1,0,0,0,0
15954,1,0,0,0,0
15955,1,0,0,0,0
15956,1,0,0,0,0
15957,1,0,0,0,0
15958,1,0,0,0,0
15959,1,0,0,0,0
15960,1,0,0,0,0
15961,1,0,0,0,0
15962,1,0,0,0,0
15963,1,0,0,0,0
15964,1,0,0,0,0
15965,1,0,0,0,0
15966,1,0,0,0,0
15967,1,0,0,0,0
15968,1,0,0,0,0
15969,1,0,0,0,0
15970,1,0,0,0,0
15971,1,0,0,0,0
15972,1,0,0,0,0
15973,1,0,0,0,0
15974,1,0,0,0,0
15975,1,0,0,0,0
15976,1,0,0,0,0
15977,1,0,0,0,0
15978,1,0,0,0,0
15979,1,0,0,0,0
15980,1,0,0,0,0
15981,1,0,0,0,0
15982,1,0,0,0,0
15983,1,0,0,0,0
15984,1,0,0,0,0
15985,1,0,0,0,0
15986,1,0,0,0,0
15987,1,0,0,0,0
15988,1,0,0,0,0
15989,1,0,0,0,0
15990,1,0,0,0,0
15991,1,0,0,0,0
15992,1,0,0,0,0
15993,1,0,0,0,0
15994,1,0,0,0,0
15995,1,0,0,0,0
15996,1,0,0,0,0
15997,1,0,0,0,0
15998,1,0,0,0,0
15999,1,0,0,0,0
16000,1,0,0,0,0
16001,1,0,0,0,0
16002,1,0,0,0,0
16003,1,0,0,0,0
16004,1,0,0,0,0
16005,1,0,0,0,0
16006,1,0,0,0,0
16007,1,0,0,0,0
16008,1,0,0,0,0
16009,1,0,0,0,0
16010,1,0,0,0,0
16011,1,0,0,0,0
16012,1,0,0,0,0
16013,1,0,0,0,0
16014,1,0,0,0,0
16015,1,0,0,0,0
16016,1,0,0,0,0
16017,1,0,0,0,0
16018,1,0,0,0,0
16019,1,0,0,0,0
16020,1,0,0,0,0
16021,1,0,0,0,0
16022,1,0,0,0,0
16023,1,0,0,0,0
16024,1,0,0,0,0
16025,1,0,0,0,0
16026,1,0,0,0,0
16027,1,0,0,0,0
16028,1,0,0,0,0
16029,1,0,0,0,0
16030,1,0,0,0,0
16031,1,0,0,0,0
16032,1,0,0,0,0
16033,1,0,0,0,0
16034,1,0,0,0,0
16035,1,0,0,0,0
16036,1,0,0,0,0
16037,1,0,0,0,0
16038,1,0,0,0,0
16039,1,0,0,0,0
16040,1,0,0,0,0
16041,1,0,0,0,0
16042,1,0,0,0,0
16043,1,0,0,0,0
16044,1,0,0,0,0
16045,1,0,0,0,0
16046,1,0,0,0,0
16047,1,0,0,0,0
16048,1,0,0,0,0
16049,1,0,0,0,0
16050,1,0,0,0,0
16051,1,0,0,0,0
16052,1,0,0,0,0
16053,1,0,0,0,0
16054,1,0,0,0,0
16055,1,0,0,0,0
16056,1,0,0,0,0
16057,1,0,0,0,0
16058,1,0,0,0,0
16059,1,0,0,0,0
16060,1,0,0,0,0
16061,1,0,0,0,0
16062,1,0,0,0,0
16063,1,0,0,0,0
16064,1,0,0,0,0
16065,1,0,0,0,0
16066,1,0,0,0,0
16067,1,0,0,0,0
16068,1,0,0,0,0
16069,1,0,0,0,0
16070,1,0,0,0,0
16071,1,0,0,0,0
16072,1,0,0,0,0
16073,1,0,0,0,0
16074,1,0,0,0,0
16075,1,0,0,0,0
16076,1,0,0,0,0
16077,1,0,0,0,0
16078,1,0,0,0,0
16079,1,0,0,0,0
16080,1,0,0,0,0
16081,1,0,0,0,0
16082,1,0,0,0,0
16083,1,0,0,0,0
16084,1,0,0,0,0
16085,1,0,0,0,0
16086,1,0,0,0,0
16087,1,0,0,0,0
16088,1,0,0,0,0
16089,1,0,0,0,0
16090,1,0,0,0,0
16091,1,0,0,0,0
16092,1,0,0,0,0
16093,1,0,0,0,0
16094,1,0,0,0,0
16095,1,0,0,0,0
16096,1,0,0,0,0
16097,1,0,0,0,0
16098,1,0,0,0,0
16099,1,0,0,0,0
16100,1,0,0,0,0
16101,1,0,0,0,0
16102,1,0,0,0,0
16103,1,0,0,0,0
16104,1,0,0,0,0
16105,1,0,0,0,0
16106,1,0,0,0,0
16107,1,0,0,0,0
16108,1,0,0,0,0
16109,1,0,0,0,0
16110,1,0,0,0,0
16111,1,0,0,0,0
16112,1,0,0,0,0
16113,1,0,0,0,0
16114,1,0,0,0,0
16115,1,0,0,0,0
16116,1,0,0,0,0
16117,1,0,0,0,0
16118,1,0,0,0,0
16119,1,0,0,0,0
16120,1,0,0,0,0
16121,1,0,0,0,0
16122,1,0,0,0,0
16123,1,0,0,0,0
16124,1,0,0,0,0
16125,1,0,0,0,0
16126,1,0,0,0,0
16127,1,0,0,0,0
16128,1,0,0,0,0
16129,1,0,0,0,0
16130,1,0,0,0,0
16131,1,0,0,0,0
16132,1,0,0,0,0
16133,1,0,0,0,0
16134,1,0,0,0,0
16135,1,0,0,0,0
16136,1,0,0,0,0
16137,1,0,0,0,0
16138,1,0,0,0,0
16139,1,0,0,0,0
16140,1,0,0,0,0
16141,1,0,0,0,0
16142,1,0,0,0,0
16143,1,0,0,0,0
16144,1,0,0,0,0
16145,1,0,0,0,0
16146,1,0,0,0,0
16147,1,0,0,0,0
16148,1,0,0,0,0
16149,1,0,0,0,0
16150,1,0,0,0,0
16151,1,0,0,0,0
16152,1,0,0,0,0
16153,1,0,0,0,0
16154,1,0,0,0,0
16155,1,0,0,0,0
16156,1,0,0,0,0
16157,1,0,0,0,0
16158,1,0,0,0,0
16159,1,0,0,0,0
16160,1,0,0,0,0
16161,1,0,0,0,0
16162,1,0,0,0,0
16163,1,0,0,0,0
16164,1,0,0,0,0
16165,1,0,0,0,0
16166,1,0,0,0,0
16167,1,0,0,0,0
16168,1,0,0,0,0
16169,1,0,0,0,0
16170,1,0,0,0,0
16171,1,0,0,0,0
16172,1,0,0,0,0
16173,1,0,0,0,0
16174,1,0,0,0,0
16175,1,0,0,0,0
16176,1,0,0,0,0
16177,1,0,0,0,0
16178,1,0,0,0,0
16179,1,0,0,0,0
16180,1,0,0,0,0
16181,1,0,0,0,0
16182,1,0,0,0,0
16183,1,0,0,0,0
16184,1,0,0,0,0
16185,1,0,0,0,0
16186,1,0,0,0,0
16187,1,0,0,0,0
16188,1,0,0,0,0
16189,1,0,0,0,0
16190,1,0,0,0,0
16191,1,0,0,0,0
16192,1,0,0,0,0
16193,1,0,0,0,0
16194,1,0,0,0,0
16195,1,0,0,0,0
16196,1,0,0,0,0
16197,1,0,0,0,0
16198,1,0,0,0,0
16199,1,0,0,0,0
16200,1,0,0,0,0
16201,1,0,0,0,0
16202,1,0,0,0,0
16203,1,0,0,0,0
16204,1,0,0,0,0
16205,1,0,0,0,0
16206,1,0,0,0,0
16207,1,0,0,0,0
16208,1,0,0,0,0
16209,1,0,0,0,0
16210,1,0,0,0,0
16211,1,0,0,0,0
16212,1,0,0,0,0
16213,1,0,0,0,0
16214,1,0,0,0,0
16215,1,0,0,0,0
16216,1,0,0,0,0
16217,1,0,0,0,0
16218,1,0,0,0,0
16219,1,0,0,0,0
16220,1,0,0,0,0
16221,1,0,0,0,0
16222,1,0,0,0,0
16223,1,0,0,0,0
16224,1,0,0,0,0
16225,1,0,0,0,0
16226,1,0,0,0,0
16227,1,0,0,0,0
16228,1,0,0,0,0
16229,1,0,0,0,0
16230,1,0,0,0,0
16231,1,0,0,0,0
16232,1,0,0,0,0
16233,1,0,0,0,0
16234,1,0,0,0,0
16235,1,0,0,0,0
16236,1,0,0,0,0
16237,1,0,0,0,0
16238,1,0,0,0,0
16239,1,0,0,0,0
16240,1,0,0,0,0
16241,1,0,0,0,0
16242,1,0,0,0,0
16243,1,0,0,0,0
16244,1,0,0,0,0
16245,1,0,0,0,0
16246,1,0,0,0,0
16247,1,0,0,0,0
16248,1,0,0,0,0
16249,1,0,0,0,0
16250,1,0,0,0,0
16251,1,0,0,0,0
16252,1,0,0,0,0
16253,1,0,0,0,0
16254,1,0,0,0,0
16255,1,0,0,0,0
16256,1,0,0,0,0
16257,1,0,0,0,0
16258,1,0,0,0,0
16259,1,0,0,0,0
16260,1,0,0,0,0
16261,1,0,0,0,0
16262,1,0,0,0,0
16263,1,0,0,0,0
16264,1,0,0,0,0
16265,1,0,0,0,0
16266,1,0,0,0,0
16267,1,0,0,0,0
16268,1,0,0,0,0
16269,1,0,0,0,0
16270,1,0,0,0,0
16271,1,0,0,0,0
16272,1,0,0,0,0
16273,1,0,0,0,0
16274,1,0,0,0,0
16275,1,0,0,0,0
16276,1,0,0,0,0
16277,1,0,0,0,0
16278,1,0,0,0,0
16279,1,0,0,0,0
16280,1,0,0,0,0
16281,1,0,0,0,0
16282,1,0,0,0,0
16283,1,0,0,0,0
16284,1,0,0,0,0
16285,1,0,0,0,0
16286,1,0,0,0,0
16287,1,0,0,0,0
16288,1,0,0,0,0
16289,1,0,0,0,0
16290,1,0,0,0,0
16291,1,0,0,0,0
16292,1,0,0,0,0
16293,1,0,0,0,0
16294,0,0,0,1,0
16295,0,0,0,1,0
16296,0,0,0,1,0
16297,0,0,0,1,0
16298,0,0,0,1,0
16299,0,0,0,1,0
16300,0,0,0,1,0
16301,0,0,0,1,0
16302,0,0,0,1,0
16303,0,0,0,1,0
16304,0,0,0,1,0
16305,0,0,0,1,0
16306,0,0,0,1,0
16307,0,0,0,1,0
16308,1,0,0,0,0
16309,1,0,0,0,0
16310,1,0,0,0,0
16311,1,0,0,0,0
16312,1,0,0,0,0
16313,1,0,0,0,0
16314,1,0,0,0,0
16315,1,0,0,0,0
16316,1,0,0,0,0
16317,1,0,0,0,0
16318,1,0,0,0,0
16319,1,0,0,0,0
16320,1,0,0,0,0
16321,1,0,0,0,0
16322,1,0,0,0,0
16323,1,0,0,0,0
16324,1,0,0,0,0
16325,1,0,0,0,0
16326,1,0,0,0,0
16327,1,0,0,0,0
16328,1,0,0,0,0
16329,1,0,0,0,0
16330,1,0,0,0,0
16331,1,0,0,0,0
16332,1,0,0,0,0
16333,1,0,0,0,0
16334,1,0,0,0,0
16335,1,0,0,0,0
16336,1,0,0,0,0
16337,1,0,0,0,0
16338,1,0,0,0,0
16339,1,0,0,0,0
16340,1,0,0,0,0
16341,1,0,0,0,0
16342,1,0,0,0,0
16343,1,0,0,0,0
16344,1,0,0,0,0
16345,1,0,0,0,0
16346,1,0,0,0,0
16347,1,0,0,0,0
16348,1,0,0,0,0
16349,1,0,0,0,0
16350,1,0,0,0,0
16351,1,0,0,0,0
16352,1,0,0,0,0
16353,1,0,0,0,0
16354,1,0,0,0,0
16355,1,0,0,0,0
16356,1,0,0,0,0
16357,1,0,0,0,0
16358,1,0,0,0,0
16359,1,0,0,0,0
16360,1,0,0,0,0
16361,1,0,0,0,0
16362,1,0,0,0,0
16363,1,0,0,0,0
16364,1,0,0,0,0
16365,1,0,0,0,0
16366,1,0,0,0,0
16367,1,0,0,0,0
16368,1,0,0,0,0
16369,1,0,0,0,0
16370,1,0,0,0,0
16371,1,0,0,0,0
16372,1,0,0,0,0
16373,1,0,0,0,0
16374,1,0,0,0,0
16375,1,0,0,0,0
16376,1,0,0,0,0
16377,1,0,0,0,0
16378,1,0,0,0,0
16379,1,0,0,0,0
16380,1,0,0,0,0
16381,1,0,0,0,0
16382,1,0,0,0,0
16383,1,0,0,0,0
16384,1,0,0,0,0
16385,1,0,0,0,0
16386,1,0,0,0,0
16387,1,0,0,0,0
16388,1,0,0,0,0
16389,1,0,0,0,0
16390,1,0,0,0,0
16391,1,0,0,0,0
16392,1,0,0,0,0
16393,1,0,0,0,0
16394,1,0,0,0,0
16395,1,0,0,0,0
16396,1,0,0,0,0
16397,1,0,0,0,0
16398,1,0,0,0,0
16399,1,0,0,0,0
16400,1,0,0,0,0
16401,1,0,0,0,0
16402,1,0,0,0,0
16403,1,0,0,0,0
16404,1,0,0,0,0
16405,1,0,0,0,0
16406,1,0,0,0,0
16407,1,0,0,0,0
16408,1,0,0,0,0
16409,1,0,0,0,0
16410,1,0,0,0,0
16411,1,0,0,0,0
16412,1,0,0,0,0
16413,1,0,0,0,0
16414,1,0,0,0,0
16415,1,0,0,0,0
16416,1,0,0,0,0
16417,1,0,0,0,0
16418,1,0,0,0,0
16419,1,0,0,0,0
16420,1,0,0,0,0
16421,1,0,0,0,0
16422,1,0,0,0,0
16423,1,0,0,0,0
16424,1,0,0,0,0
16425,1,0,0,0,0
16426,1,0,0,0,0
16427,1,0,0,0,0
16428,1,0,0,0,0
16429,1,0,0,0,0
16430,1,0,0,0,0
16431,1,0,0,0,0
16432,1,0,0,0,0
16433,1,0,0,0,0
16434,1,0,0,0,0
16435,1,0,0,0,0
16436,1,0,0,0,0
16437,1,0,0,0,0
16438,1,0,0,0,0
16439,1,0,0,0,0
16440,1,0,0,0,0
16441,1,0,0,0,0
16442,1,0,0,0,0
16443,1,0,0,0,0
16444,1,0,0,0,0
16445,1,0,0,0,0
16446,1,0,0,0,0
16447,1,0,0,0,0
16448,1,0,0,0,0
16449,1,0,0,0,0
16450,1,0,0,0,0
16451,1,0,0,0,0
16452,1,0,0,0,0
16453,1,0,0,0,0
16454,1,0,0,0,0
16455,1,0,0,0,0
16456,1,0,0,0,0
16457,1,0,0,0,0
16458,1,0,0,0,0
16459,1,0,0,0,0
16460,1,0,0,0,0
16461,1,0,0,0,0
16462,1,0,0,0,0
16463,1,0,0,0,0
16464,1,0,0,0,0
16465,1,0,0,0,0
16466,1,0,0,0,0
16467,1,0,0,0,0
16468,1,0,0,0,0
16469,1,0,0,0,0
16470,1,0,0,0,0
16471,1,0,0,0,0
16472,1,0,0,0,0
16473,1,0,0,0,0
16474,1,0,0,0,0
16475,1,0,0,0,0
16476,1,0,0,0,0
16477,1,0,0,0,0
16478,1,0,0,0,0
16479,1,0,0,0,0
16480,1,0,0,0,0
16481,1,0,0,0,0
16482,1,0,0,0,0
16483,1,0,0,0,0
16484,1,0,0,0,0
16485,1,0,0,0,0
16486,1,0,0,0,0
16487,1,0,0,0,0
16488,1,0,0,0,0
16489,1,0,0,0,0
16490,1,0,0,0,0
16491,1,0,0,0,0
16492,1,0,0,0,0
16493,1,0,0,0,0
16494,1,0,0,0,0
16495,1,0,0,0,0
16496,1,0,0,0,0
16497,1,0,0,0,0
16498,1,0,0,0,0
16499,1,0,0,0,0
16500,1,0,0,0,0
16501,1,0,0,0,0
16502,1,0,0,0,0
16503,1,0,0,0,0
16504,1,0,0,0,0
16505,1,0,0,0,0
16506,1,0,0,0,0
16507,1,0,0,0,0
16508,1,0,0,0,0
16509,1,0,0,0,0
16510,1,0,0,0,0
16511,1,0,0,0,0
16512,1,0,0,0,0
16513,1,0,0,0,0
16514,1,0,0,0,0
16515,1,0,0,0,0
16516,1,0,0,0,0
16517,1,0,0,0,0
16518,1,0,0,0,0
16519,1,0,0,0,0
16520,1,0,0,0,0
16521,1,0,0,0,0
16522,1,0,0,0,0
16523,1,0,0,0,0
16524,1,0,0,0,0
16525,1,0,0,0,0
16526,1,0,0,0,0
16527,1,0,0,0,0
16528,1,0,0,0,0
16529,1,0,0,0,0
16530,1,0,0,0,0
16531,1,0,0,0,0
16532,1,0,0,0,0
16533,1,0,0,0,0
16534,1,0,0,0,0
16535,0,1,0,0,0
16536,0,1,0,0,0
16537,0,1,0,0,0
16538,0,1,0,0,0
16539,0,1,0,0,0
16540,0,1,0,0,0
16541,0,1,0,0,0
16542,0,1,0,0,0
16543,0,1,0,0,0
16544,0,1,0,0,0
16545,0,1,0,0,0
16546,0,1,0,0,0
16547,0,1,0,0,0
16548,0,1,0,0,0
16549,0,1,0,0,0
16550,0,1,0,0,0
16551,0,1,0,0,0
16552,0,1,0,0,0
16553,0,1,0,0,0
16554,0,1,0,0,0
16555,0,1,0,0,0
16556,0,1,0,0,0
16557,0,1,0,0,0
16558,0,1,0,0,0
16559,0,1,0,0,0
16560,0,1,0,0,0
16561,0,1,0,0,0
16562,0,1,0,0,0
16563,0,1,0,0,0
16564,0,1,0,0,0
16565,0,1,0,0,0
16566,0,1,0,0,0
16567,0,1,0,0,0
16568,0,1,0,0,0
16569,0,1,0,0,0
16570,0,1,0,0,0
16571,0,1,0,0,0
16572,0,1,0,0,0
16573,0,1,0,0,0
16574,0,1,0,0,0
16575,0,1,0,0,0
16576,0,1,0,0,0
16577,0,1,0,0,0
16578,0,1,0,0,0
16579,0,1,0,0,0
16580,0,1,0,0,0
16581,0,1,0,0,0
16582,0,1,0,0,0
16583,0,1,0,0,0
16584,0,1,0,0,0
16585,0,1,0,0,0
16586,0,1,0,0,0
16587,0,1,0,0,0
16588,0,1,0,0,0
16589,0,1,0,0,0
16590,0,1,0,0,0
16591,0,1,0,0,0
16592,0,1,0,0,0
16593,0,1,0,0,0
16594,0,1,0,0,0
16595,0,1,0,0,0
16596,0,1,0,0,0
16597,1,0,0,0,0
16598,1,0,0,0,0
16599,1,0,0,0,0
16600,1,0,0,0,0
16601,1,0,0,0,0
16602,1,0,0,0,0
16603,1,0,0,0,0
16604,1,0,0,0,0
16605,1,0,0,0,0
16606,1,0,0,0,0
16607,1,0,0,0,0
16608,1,0,0,0,0
16609,1,0,0,0,0
16610,1,0,0,0,0
16611,1,0,0,0,0
16612,1,0,0,0,0
16613,1,0,0,0,0
16614,1,0,0,0,0
16615,1,0,0,0,0
16616,1,0,0,0,0
16617,1,0,0,0,0
16618,1,0,0,0,0
16619,1,0,0,0,0
16620,1,0,0,0,0
16621,1,0,0,0,0
16622,1,0,0,0,0
16623,1,0,0,0,0
16624,1,0,0,0,0
16625,1,0,0,0,0
16626,1,0,0,0,0
16627,1,0,0,0,0
16628,1,0,0,0,0
16629,1,0,0,0,0
16630,1,0,0,0,0
16631,1,0,0,0,0
16632,1,0,0,0,0
16633,1,0,0,0,0
16634,1,0,0,0,0
16635,1,0,0,0,0
16636,1,0,0,0,0
16637,1,0,0,0,0
16638,1,0,0,0,0
16639,1,0,0,0,0
16640,1,0,0,0,0
16641,0,0,0,1,0
16642,0,0,0,1,0
16643,0,0,0,1,0
16644,0,0,0,1,0
16645,0,0,0,1,0
16646,0,0,0,1,0
16647,0,0,0,1,0
16648,0,0,0,1,0
16649,0,0,0,1,0
16650,0,0,0,1,0
16651,0,0,0,1,0
16652,0,0,0,1,0
16653,0,0,0,1,0
16654,0,0,0,1,0
16655,0,0,0,1,0
16656,0,0,0,1,0
16657,0,0,0,1,0
16658,0,0,0,1,0
16659,0,0,0,1,0
16660,0,0,0,1,0
16661,0,0,0,1,0
16662,0,0,0,1,0
16663,0,0,0,1,0
16664,0,0,0,1,0
16665,0,0,0,1,0
16666,0,0,0,1,0
16667,0,0,0,1,0
16668,0,0,0,1,0
16669,0,0,0,1,0
16670,1,0,0,0,0
16671,1,0,0,0,0
16672,1,0,0,0,0
16673,1,0,0,0,0
16674,1,0,0,0,0
16675,1,0,0,0,0
16676,1,0,0,0,0
16677,1,0,0,0,0
16678,1,0,0,0,0
16679,1,0,0,0,0
16680,1,0,0,0,0
16681,1,0,0,0,0
16682,1,0,0,0,0
16683,1,0,0,0,0
16684,1,0,0,0,0
16685,1,0,0,0,0
16686,1,0,0,0,0
16687,1,0,0,0,0
16688,1,0,0,0,0
16689,1,0,0,0,0
16690,1,0,0,0,0
16691,1,0,0,0,0
16692,1,0,0,0,0
16693,1,0,0,0,0
16694,1,0,0,0,0
16695,1,0,0,0,0
16696,1,0,0,0,0
16697,1,0,0,0,0
16698,1,0,0,0,0
16699,1,0,0,0,0
16700,1,0,0,0,0
16701,1,0,0,0,0
16702,1,0,0,0,0
16703,1,0,0,0,0
16704,1,0,0,0,0
16705,1,0,0,0,0
16706,1,0,0,0,0
16707,1,0,0,0,0
16708,1,0,0,0,0
16709,1,0,0,0,0
16710,1,0,0,0,0
16711,1,0,0,0,0
16712,1,0,0,0,0
16713,1,0,0,0,0
16714,1,0,0,0,0
16715,1,0,0,0,0
16716,1,0,0,0,0
16717,1,0,0,0,0
16718,1,0,0,0,0
16719,1,0,0,0,0
16720,1,0,0,0,0
16721,1,0,0,0,0
16722,1,0,0,0,0
16723,1,0,0,0,0
16724,1,0,0,0,0
16725,1,0,0,0,0
16726,1,0,0,0,0
16727,1,0,0,0,0
16728,1,0,0,0,0
16729,1,0,0,0,0
16730,1,0,0,0,0
16731,1,0,0,0,0
16732,1,0,0,0,0
16733,1,0,0,0,0
16734,1,0,0,0,0
16735,1,0,0,0,0
16736,1,0,0,0,0
16737,1,0,0,0,0
16738,1,0,0,0,0
16739,1,0,0,0,0
16740,1,0,0,0,0
16741,1,0,0,0,0
16742,1,0,0,0,0
16743,1,0,0,0,0
16744,1,0,0,0,0
16745,1,0,0,0,0
16746,1,0,0,0,0
16747,1,0,0,0,0
16748,1,0,0,0,0
16749,1,0,0,0,0
16750,1,0,0,0,0
16751,1,0,0,0,0
16752,1,0,0,0,0
16753,1,0,0,0,0
16754,1,0,0,0,0
16755,1,0,0,0,0
16756,1,0,0,0,0
16757,1,0,0,0,0
16758,1,0,0,0,0
16759,1,0,0,0,0
16760,1,0,0,0,0
16761,1,0,0,0,0
16762,1,0,0,0,0
16763,1,0,0,0,0
16764,1,0,0,0,0
16765,1,0,0,0,0
16766,1,0,0,0,0
16767,1,0,0,0,0
16768,1,0,0,0,0
16769,1,0,0,0,0
16770,1,0,0,0,0
16771,1,0,0,0,0
16772,1,0,0,0,0
16773,1,0,0,0,0
16774,1,0,0,0,0
16775,1,0,0,0,0
16776,1,0,0,0,0
16777,1,0,0,0,0
16778,1,0,0,0,0
16779,1,0,0,0,0
16780,1,0,0,0,0
16781,1,0,0,0,0
16782,1,0,0,0,0
16783,1,0,0,0,0
16784,1,0,0,0,0
16785,1,0,0,0,0
16786,1,0,0,0,0
16787,1,0,0,0,0
16788,1,0,0,0,0
16789,1,0,0,0,0
16790,1,0,0,0,0
16791,1,0,0,0,0
16792,1,0,0,0,0
16793,1,0,0,0,0
16794,1,0,0,0,0
16795,1,0,0,0,0
16796,1,0,0,0,0
16797,1,0,0,0,0
16798,1,0,0,0,0
16799,1,0,0,0,0
16800,1,0,0,0,0
16801,1,0,0,0,0
16802,1,0,0,0,0
16803,1,0,0,0,0
16804,1,0,0,0,0
16805,1,0,0,0,0
16806,1,0,0,0,0
16807,1,0,0,0,0
16808,1,0,0,0,0
16809,1,0,0,0,0
16810,1,0,0,0,0
16811,1,0,0,0,0
16812,1,0,0,0,0
16813,1,0,0,0,0
16814,1,0,0,0,0
16815,1,0,0,0,0
16816,1,0,0,0,0
16817,1,0,0,0,0
16818,1,0,0,0,0
16819,1,0,0,0,0
16820,1,0,0,0,0
16821,1,0,0,0,0
16822,1,0,0,0,0
16823,1,0,0,0,0
16824,1,0,0,0,0
16825,1,0,0,0,0
16826,1,0,0,0,0
16827,1,0,0,0,0
16828,1,0,0,0,0
16829,1,0,0,0,0
16830,1,0,0,0,0
16831,1,0,0,0,0
16832,1,0,0,0,0
16833,1,0,0,0,0
16834,1,0,0,0,0
16835,1,0,0,0,0
16836,1,0,0,0,0
16837,1,0,0,0,0
16838,1,0,0,0,0
16839,1,0,0,0,0
16840,1,0,0,0,0
16841,1,0,0,0,0
16842,1,0,0,0,0
16843,1,0,0,0,0
16844,1,0,0,0,0
16845,1,0,0,0,0
16846,1,0,0,0,0
16847,1,0,0,0,0
16848,1,0,0,0,0
16849,1,0,0,0,0
16850,1,0,0,0,0
16851,1,0,0,0,0
16852,1,0,0,0,0
16853,1,0,0,0,0
16854,1,0,0,0,0
16855,1,0,0,0,0
16856,1,0,0,0,0
16857,1,0,0,0,0
16858,1,0,0,0,0
16859,1,0,0,0,0
16860,1,0,0,0,0
16861,1,0,0,0,0
16862,1,0,0,0,0
16863,1,0,0,0,0
16864,1,0,0,0,0
16865,1,0,0,0,0
16866,1,0,0,0,0
16867,1,0,0,0,0
16868,1,0,0,0,0
16869,1,0,0,0,0
16870,1,0,0,0,0
16871,1,0,0,0,0
16872,1,0,0,0,0
16873,1,0,0,0,0
16874,1,0,0,0,0
16875,1,0,0,0,0
16876,1,0,0,0,0
16877,1,0,0,0,0
16878,1,0,0,0,0
16879,1,0,0,0,0
16880,1,0,0,0,0
16881,1,0,0,0,0
16882,1,0,0,0,0
16883,1,0,0,0,0
16884,1,0,0,0,0
16885,1,0,0,0,0
16886,1,0,0,0,0
16887,1,0,0,0,0
16888,1,0,0,0,0
16889,1,0,0,0,0
16890,1,0,0,0,0
16891,1,0,0,0,0
16892,1,0,0,0,0
16893,1,0,0,0,0
16894,1,0,0,0,0
16895,1,0,0,0,0
16896,1,0,0,0,0
16897,1,0,0,0,0
16898,1,0,0,0,0
16899,1,0,0,0,0
16900,1,0,0,0,0
16901,1,0,0,0,0
16902,1,0,0,0,0
16903,1,0,0,0,0
16904,1,0,0,0,0
16905,1,0,0,0,0
16906,1,0,0,0,0
16907,1,0,0,0,0
16908,1,0,0,0,0
16909,1,0,0,0,0
16910,1,0,0,0,0
16911,1,0,0,0,0
16912,1,0,0,0,0
16913,1,0,0,0,0
16914,1,0,0,0,0
16915,1,0,0,0,0
16916,1,0,0,0,0
16917,1,0,0,0,0
16918,1,0,0,0,0
16919,1,0,0,0,0
16920,0,0,0,0,1
16921,0,0,0,0,1
16922,0,0,0,0,1
16923,0,0,0,0,1
16924,0,0,0,0,1
16925,0,0,0,0,1
16926,0,0,0,0,1
16927,0,0,0,0,1
16928,0,0,0,0,1
16929,0,0,0,0,1
16930,0,0,0,0,1
16931,0,0,0,0,1
16932,0,0,0,0,1
16933,0,0,0,0,1
16934,0,0,0,0,1
16935,0,0,0,0,1
16936,0,0,0,0,1
16937,0,0,0,0,1
16938,0,0,0,0,1
16939,0,0,0,0,1
16940,0,0,0,0,1
16941,0,0,0,0,1
16942,0,0,0,0,1
16943,0,0,0,0,1
16944,0,0,0,0,1
16945,0,0,0,0,1
16946,0,0,0,0,1
16947,0,0,0,0,1
16948,0,0,0,0,1
16949,0,0,0,0,1
16950,0,0,0,0,1
16951,0,0,0,0,1
16952,0,0,0,0,1
16953,0,0,0,0,1
16954,0,0,0,0,1
16955,0,0,0,0,1
16956,0,0,0,0,1
16957,0,0,0,0,1
16958,0,0,0,0,1
16959,0,0,0,0,1
16960,0,0,0,0,1
16961,0,0,0,0,1
16962,0,0,0,0,1
16963,0,0,0,0,1
16964,0,0,0,0,1
16965,0,0,0,0,1
16966,0,0,0,0,1
16967,0,0,0,0,1
16968,0,0,0,0,1
16969,0,0,0,0,1
16970,0,0,0,0,1
16971,0,0,0,0,1
16972,0,0,0,0,1
16973,0,0,0,0,1
16974,0,0,0,0,1
16975,0,0,0,0,1
16976,0,0,0,0,1
16977,0,0,0,0,1
16978,0,0,0,0,1
16979,0,0,0,0,1
16980,0,0,0,0,1
16981,0,0,0,0,1
16982,0,0,0,0,1
16983,0,0,0,0,1
16984,0,0,0,0,1
16985,0,0,0,0,1
16986,0,0,0,0,1
16987,0,0,0,0,1
16988,0,0,0,0,1
16989,0,0,0,0,1
16990,0,0,0,0,1
16991,0,0,0,0,1
16992,1,0,0,0,0
16993,1,0,0,0,0
16994,1,0,0,0,0
16995,1,0,0,0,0
16996,1,0,0,0,0
16997,1,0,0,0,0
16998,1,0,0,0,0
16999,1,0,0,0,0
17000,1,0,0,0,0
17001,1,0,0,0,0
17002,1,0,0,0,0
17003,1,0,0,0,0
17004,1,0,0,0,0
17005,1,0,0,0,0
17006,1,0,0,0,0
17007,1,0,0,0,0
17008,1,0,0,0,0
17009,1,0,0,0,0
17010,1,0,0,0,0
17011,1,0,0,0,0
17012,1,0,0,0,0
17013,1,0,0,0,0
17014,1,0,0,0,0
17015,1,0,0,0,0
17016,1,0,0,0,0
17017,1,0,0,0,0
17018,1,0,0,0,0
17019,1,0,0,0,0
17020,1,0,0,0,0
17021,1,0,0,0,0
17022,1,0,0,0,0
17023,1,0,0,0,0
17024,1,0,0,0,0
17025,1,0,0,0,0
17026,1,0,0,0,0
17027,1,0,0,0,0
17028,1,0,0,0,0
17029,1,0,0,0,0
17030,1,0,0,0,0
17031,1,0,0,0,0
17032,1,0,0,0,0
17033,1,0,0,0,0
17034,1,0,0,0,0
17035,1,0,0,0,0
17036,1,0,0,0,0
17037,1,0,0,0,0
17038,1,0,0,0,0
17039,1,0,0,0,0
17040,1,0,0,0,0
17041,1,0,0,0,0
17042,1,0,0,0,0
17043,1,0,0,0,0
17044,1,0,0,0,0
17045,1,0,0,0,0
17046,0,0,0,1,0
17047,0,0,0,1,0
17048,0,0,0,1,0
17049,0,0,0,1,0
17050,0,0,0,1,0
17051,0,0,0,1,0
17052,0,0,0,1,0
17053,0,0,0,1,0
17054,0,0,0,1,0
17055,0,0,0,1,0
17056,0,0,0,1,0
17057,0,0,0,1,0
17058,0,0,0,1,0
17059,0,0,0,1,0
17060,0,0,0,1,0
17061,0,0,0,1,0
17062,0,0,0,1,0
17063,0,0,0,1,0
17064,0,0,0,1,0
17065,0,0,0,1,0
17066,0,0,0,1,0
17067,0,0,0,1,0
17068,0,0,0,1,0
17069,0,0,0,1,0
17070,0,0,0,1,0
17071,0,0,0,1,0
17072,0,0,0,1,0
17073,0,0,0,1,0
17074,0,0,0,1,0
17075,0,0,0,1,0
17076,0,0,0,1,0
17077,0,0,0,1,0
17078,0,0,0,1,0
17079,0,0,0,1,0
17080,0,0,0,1,0
17081,0,0,0,1,0
17082,0,0,0,1,0
17083,0,0,0,1,0
17084,0,0,0,1,0
17085,1,0,0,0,0
17086,1,0,0,0,0
17087,1,0,0,0,0
17088,1,0,0,0,0
17089,1,0,0,0,0
17090,1,0,0,0,0
17091,1,0,0,0,0
17092,1,0,0,0,0
17093,1,0,0,0,0
17094,1,0,0,0,0
17095,1,0,0,0,0
17096,1,0,0,0,0
17097,1,0,0,0,0
17098,1,0,0,0,0
17099,1,0,0,0,0
17100,1,0,0,0,0
17101,1,0,0,0,0
17102,1,0,0,0,0
17103,1,0,0,0,0
17104,1,0,0,0,0
17105,1,0,0,0,0
17106,1,0,0,0,0
17107,1,0,0,0,0
17108,1,0,0,0,0
17109,1,0,0,0,0
17110,1,0,0,0,0
17111,1,0,0,0,0
17112,1,0,0,0,0
17113,1,0,0,0,0
17114,1,0,0,0,0
17115,1,0,0,0,0
17116,1,0,0,0,0
17117,1,0,0,0,0
17118,1,0,0,0,0
17119,1,0,0,0,0
17120,1,0,0,0,0
17121,1,0,0,0,0
17122,1,0,0,0,0
17123,1,0,0,0,0
17124,1,0,0,0,0
17125,1,0,0,0,0
17126,1,0,0,0,0
17127,1,0,0,0,0
17128,1,0,0,0,0
17129,1,0,0,0,0
17130,1,0,0,0,0
17131,1,0,0,0,0
17132,1,0,0,0,0
17133,1,0,0,0,0
17134,1,0,0,0,0
17135,1,0,0,0,0
17136,1,0,0,0,0
17137,1,0,0,0,0
17138,1,0,0,0,0
17139,1,0,0,0,0
17140,1,0,0,0,0
17141,1,0,0,0,0
17142,1,0,0,0,0
17143,1,0,0,0,0
17144,1,0,0,0,0
17145,1,0,0,0,0
17146,1,0,0,0,0
17147,1,0,0,0,0
17148,1,0,0,0,0
17149,1,0,0,0,0
17150,1,0,0,0,0
17151,1,0,0,0,0
17152,1,0,0,0,0
17153,1,0,0,0,0
17154,1,0,0,0,0
17155,1,0,0,0,0
17156,1,0,0,0,0
17157,1,0,0,0,0
17158,1,0,0,0,0
17159,1,0,0,0,0
17160,1,0,0,0,0
17161,1,0,0,0,0
17162,1,0,0,0,0
17163,1,0,0,0,0
17164,1,0,0,0,0
17165,1,0,0,0,0
17166,1,0,0,0,0
17167,1,0,0,0,0
17168,1,0,0,0,0
17169,1,0,0,0,0
17170,1,0,0,0,0
17171,1,0,0,0,0
17172,1,0,0,0,0
17173,1,0,0,0,0
17174,1,0,0,0,0
17175,1,0,0,0,0
17176,1,0,0,0,0
17177,1,0,0,0,0
17178,1,0,0,0,0
17179,1,0,0,0,0
17180,1,0,0,0,0
17181,1,0,0,0,0
17182,1,0,0,0,0
17183,1,0,0,0,0
17184,1,0,0,0,0
17185,1,0,0,0,0
17186,1,0,0,0,0
17187,1,0,0,0,0
17188,1,0,0,0,0
17189,1,0,0,0,0
17190,1,0,0,0,0
17191,1,0,0,0,0
17192,1,0,0,0,0
17193,1,0,0,0,0
17194,1,0,0,0,0
17195,1,0,0,0,0
17196,1,0,0,0,0
17197,1,0,0,0,0
17198,1,0,0,0,0
17199,1,0,0,0,0
17200,1,0,0,0,0
17201,1,0,0,0,0
17202,1,0,0,0,0
17203,1,0,0,0,0
17204,1,0,0,0,0
17205,1,0,0,0,0
17206,1,0,0,0,0
17207,1,0,0,0,0
17208,1,0,0,0,0
17209,1,0,0,0,0
17210,1,0,0,0,0
17211,1,0,0,0,0
17212,1,0,0,0,0
17213,1,0,0,0,0
17214,1,0,0,0,0
17215,1,0,0,0,0
17216,0,0,0,0,1
17217,0,0,0,0,1
17218,0,0,0,0,1
17219,0,0,0,0,1
17220,0,0,0,0,1
17221,0,0,0,0,1
17222,0,0,0,0,1
17223,0,0,0,0,1
17224,0,0,0,0,1
17225,0,0,0,0,1
17226,0,0,0,0,1
17227,0,0,0,0,1
17228,0,0,0,0,1
17229,0,0,0,0,1
17230,0,0,0,0,1
17231,0,0,0,0,1
17232,0,0,0,0,1
17233,0,0,0,0,1
17234,0,0,0,0,1
17235,0,0,0,0,1
17236,0,0,0,0,1
17237,0,0,0,0,1
17238,0,0,0,0,1
17239,0,0,0,0,1
17240,0,0,0,0,1
17241,0,0,0,0,1
17242,1,0,0,0,0
17243,1,0,0,0,0
17244,1,0,0,0,0
17245,1,0,0,0,0
17246,1,0,0,0,0
17247,1,0,0,0,0
17248,1,0,0,0,0
17249,1,0,0,0,0
17250,1,0,0,0,0
17251,1,0,0,0,0
17252,1,0,0,0,0
17253,0,0,0,0,1
17254,0,0,0,0,1
17255,0,0,0,0,1
17256,0,0,0,0,1
17257,0,0,0,0,1
17258,0,0,0,0,1
17259,0,0,0,0,1
17260,0,0,0,0,1
17261,0,0,0,0,1
17262,0,0,0,0,1
17263,0,0,0,0,1
17264,0,0,0,0,1
17265,0,0,0,0,1
17266,0,0,0,0,1
17267,0,0,0,0,1
17268,0,0,0,0,1
17269,0,0,0,0,1
17270,0,0,0,0,1
17271,0,0,0,0,1
17272,0,0,0,0,1
17273,0,0,0,0,1
17274,0,0,0,0,1
17275,0,0,0,0,1
17276,0,0,0,0,1
17277,0,0,0,0,1
17278,0,0,0,0,1
17279,0,0,0,0,1
17280,0,0,0,0,1
17281,0,0,0,0,1
17282,0,0,0,0,1
17283,0,0,0,0,1
17284,0,0,0,0,1
17285,0,0,0,0,1
17286,0,0,0,0,1
17287,0,0,0,0,1
17288,0,0,0,0,1
17289,0,0,0,0,1
17290,0,0,0,0,1
17291,0,0,0,0,1
17292,0,0,0,0,1
17293,0,0,0,0,1
17294,0,0,0,0,1
17295,0,0,0,0,1
17296,0,0,0,0,1
17297,0,0,0,0,1
17298,0,0,0,0,1
17299,0,0,0,0,1
17300,1,0,0,0,0
17301,1,0,0,0,0
17302,1,0,0,0,0
17303,1,0,0,0,0
17304,1,0,0,0,0
17305,1,0,0,0,0
17306,1,0,0,0,0
17307,1,0,0,0,0
17308,1,0,0,0,0
17309,1,0,0,0,0
17310,1,0,0,0,0
17311,1,0,0,0,0
17312,1,0,0,0,0
17313,1,0,0,0,0
17314,1,0,0,0,0
17315,1,0,0,0,0
17316,1,0,0,0,0
17317,0,0,0,0,1
17318,0,0,0,0,1
17319,0,0,0,0,1
17320,0,0,0,0,1
17321,0,0,0,0,1
17322,0,0,0,0,1
17323,0,0,0,0,1
17324,0,0,0,0,1
17325,0,0,0,0,1
17326,0,0,0,0,1
17327,0,0,0,0,1
17328,0,0,0,0,1
17329,0,0,0,0,1
17330,0,0,0,0,1
17331,0,0,0,0,1
17332,0,0,0,0,1
17333,0,0,0,0,1
17334,0,0,0,0,1
17335,0,0,0,0,1
17336,0,0,0,0,1
17337,0,0,0,0,1
17338,0,0,0,0,1
17339,0,0,0,0,1
17340,0,0,0,0,1
17341,0,0,0,0,1
17342,0,0,0,0,1
17343,0,0,0,0,1
17344,0,0,0,0,1
17345,0,0,0,0,1
17346,0,0,0,0,1
17347,0,0,0,0,1
17348,0,0,0,0,1
17349,0,0,0,0,1
17350,0,0,0,0,1
17351,0,0,0,0,1
17352,0,0,0,0,1
17353,0,0,0,0,1
17354,0,0,0,0,1
17355,0,0,0,0,1
17356,0,0,0,0,1
17357,0,0,0,0,1
17358,0,0,0,0,1
17359,0,0,0,0,1
17360,0,0,0,0,1
17361,0,0,0,0,1
17362,0,0,0,0,1
17363,0,0,0,0,1
17364,0,0,0,0,1
17365,0,0,0,0,1
17366,0,0,0,0,1
17367,0,0,0,0,1
17368,0,0,0,0,1
17369,0,0,0,0,1
17370,0,0,0,0,1
17371,0,0,0,0,1
17372,0,0,0,0,1
17373,0,0,0,0,1
17374,0,0,0,0,1
17375,0,0,0,0,1
17376,0,0,0,0,1
17377,0,0,0,0,1
17378,0,0,0,0,1
17379,0,0,0,0,1
17380,0,0,0,0,1
17381,0,0,0,0,1
17382,0,0,0,0,1
17383,0,0,0,0,1
17384,0,0,0,0,1
17385,0,0,0,0,1
17386,0,0,0,0,1
17387,0,0,0,0,1
17388,0,0,0,0,1
17389,0,0,0,0,1
17390,0,0,0,0,1
17391,0,0,0,0,1
17392,0,0,0,0,1
17393,0,0,0,0,1
17394,0,0,0,0,1
17395,0,0,0,0,1
17396,0,0,0,0,1
17397,0,0,0,0,1
17398,0,0,0,0,1
17399,0,0,0,0,1
17400,0,0,0,0,1
17401,0,0,0,0,1
17402,0,0,0,0,1
17403,0,0,0,0,1
17404,0,0,0,0,1
17405,0,0,0,0,1
17406,0,0,0,0,1
17407,0,0,0,0,1
17408,0,0,0,0,1
17409,0,0,0,0,1
17410,0,0,0,0,1
17411,0,0,0,0,1
17412,0,0,0,0,1
17413,0,0,0,0,1
17414,0,0,0,0,1
17415,0,0,0,0,1
17416,0,0,0,0,1
17417,0,0,0,0,1
17418,0,0,0,0,1
17419,0,0,0,0,1
17420,0,0,0,0,1
17421,0,0,0,0,1
17422,0,0,0,0,1
17423,0,0,0,0,1
17424,0,0,0,0,1
17425,0,0,0,0,1
17426,0,0,0,0,1
17427,0,0,0,0,1
17428,0,0,0,0,1
17429,0,0,0,0,1
17430,0,0,0,0,1
17431,0,0,0,0,1
17432,0,0,0,0,1
17433,0,0,0,0,1
17434,0,0,0,0,1
17435,0,0,0,0,1
17436,0,0,0,0,1
17437,0,0,0,0,1
17438,1,0,0,0,0
17439,1,0,0,0,0
17440,1,0,0,0,0
17441,1,0,0,0,0
17442,1,0,0,0,0
17443,1,0,0,0,0
17444,1,0,0,0,0
17445,1,0,0,0,0
17446,1,0,0,0,0
17447,1,0,0,0,0
17448,1,0,0,0,0
17449,1,0,0,0,0
17450,1,0,0,0,0
17451,1,0,0,0,0
17452,1,0,0,0,0
17453,1,0,0,0,0
17454,1,0,0,0,0
17455,1,0,0,0,0
17456,1,0,0,0,0
17457,1,0,0,0,0
17458,1,0,0,0,0
17459,1,0,0,0,0
17460,1,0,0,0,0
17461,1,0,0,0,0
17462,1,0,0,0,0
17463,1,0,0,0,0
17464,1,0,0,0,0
17465,1,0,0,0,0
17466,1,0,0,0,0
17467,1,0,0,0,0
17468,1,0,0,0,0
17469,1,0,0,0,0
17470,1,0,0,0,0
17471,1,0,0,0,0
17472,1,0,0,0,0
17473,1,0,0,0,0
17474,1,0,0,0,0
17475,1,0,0,0,0
17476,1,0,0,0,0
17477,1,0,0,0,0
17478,1,0,0,0,0
17479,1,0,0,0,0
17480,1,0,0,0,0
17481,1,0,0,0,0
17482,1,0,0,0,0
17483,1,0,0,0,0
17484,1,0,0,0,0
17485,1,0,0,0,0
17486,1,0,0,0,0
17487,1,0,0,0,0
17488,1,0,0,0,0
17489,1,0,0,0,0
17490,1,0,0,0,0
17491,1,0,0,0,0
17492,1,0,0,0,0
17493,1,0,0,0,0
17494,1,0,0,0,0
17495,1,0,0,0,0
17496,1,0,0,0,0
17497,1,0,0,0,0
17498,1,0,0,0,0
17499,1,0,0,0,0
17500,1,0,0,0,0
17501,1,0,0,0,0
17502,1,0,0,0,0
17503,1,0,0,0,0
17504,1,0,0,0,0
17505,1,0,0,0,0
17506,1,0,0,0,0
17507,1,0,0,0,0
17508,1,0,0,0,0
17509,1,0,0,0,0
17510,1,0,0,0,0
17511,1,0,0,0,0
17512,1,0,0,0,0
17513,1,0,0,0,0
17514,1,0,0,0,0
17515,1,0,0,0,0
17516,1,0,0,0,0
17517,1,0,0,0,0
17518,1,0,0,0,0
17519,1,0,0,0,0
17520,1,0,0,0,0
17521,1,0,0,0,0
17522,1,0,0,0,0
17523,1,0,0,0,0
17524,1,0,0,0,0
17525,1,0,0,0,0
17526,1,0,0,0,0
17527,1,0,0,0,0
17528,1,0,0,0,0
17529,1,0,0,0,0
17530,1,0,0,0,0
17531,1,0,0,0,0
17532,1,0,0,0,0
17533,1,0,0,0,0
17534,1,0,0,0,0
17535,1,0,0,0,0
17536,1,0,0,0,0
17537,1,0,0,0,0
17538,1,0,0,0,0
17539,1,0,0,0,0
17540,1,0,0,0,0
17541,1,0,0,0,0
17542,1,0,0,0,0
17543,1,0,0,0,0
17544,1,0,0,0,0
17545,1,0,0,0,0
17546,1,0,0,0,0
17547,1,0,0,0,0
17548,1,0,0,0,0
17549,1,0,0,0,0
17550,1,0,0,0,0
17551,1,0,0,0,0
17552,1,0,0,0,0
17553,1,0,0,0,0
17554,1,0,0,0,0
17555,1,0,0,0,0
17556,1,0,0,0,0
17557,1,0,0,0,0
17558,1,0,0,0,0
17559,1,0,0,0,0
17560,1,0,0,0,0
17561,1,0,0,0,0
17562,0,0,0,0,1
17563,0,0,0,0,1
17564,0,0,0,0,1
17565,0,0,0,0,1
17566,0,0,0,0,1
17567,0,0,0,0,1
17568,0,0,0,0,1
17569,0,0,0,0,1
17570,0,0,0,0,1
17571,0,0,0,0,1
17572,0,0,0,0,1
17573,0,0,0,0,1
17574,0,0,0,0,1
17575,0,0,0,0,1
17576,0,0,0,0,1
17577,0,0,0,0,1
17578,0,0,0,0,1
17579,0,0,0,0,1
17580,0,0,0,0,1
17581,0,0,0,0,1
17582,0,0,0,0,1
17583,0,0,0,0,1
17584,0,0,0,0,1
17585,0,0,0,0,1
17586,0,0,0,0,1
17587,0,0,0,0,1
17588,0,0,0,0,1
17589,0,0,0,0,1
17590,0,0,0,0,1
17591,0,0,0,0,1
17592,0,0,0,0,1
17593,0,0,0,0,1
17594,0,0,0,0,1
17595,0,0,0,0,1
17596,0,0,0,0,1
17597,0,0,0,0,1
17598,0,0,0,0,1
17599,0,0,0,0,1
17600,0,0,0,0,1
17601,0,0,0,0,1
17602,0,0,0,0,1
17603,0,0,0,0,1
17604,0,0,0,0,1
17605,0,0,0,0,1
17606,0,0,0,0,1
17607,0,0,0,0,1
17608,0,0,0,0,1
17609,0,0,0,0,1
17610,0,0,0,0,1
17611,0,0,0,0,1
17612,0,0,0,0,1
17613,0,0,0,0,1
17614,0,0,0,0,1
17615,0,0,0,0,1
17616,0,0,0,0,1
17617,0,0,0,0,1
17618,0,0,0,0,1
17619,0,0,0,0,1
17620,0,0,0,0,1
17621,0,0,0,0,1
17622,0,0,0,0,1
17623,0,0,0,0,1
17624,0,0,0,0,1
17625,0,0,0,0,1
17626,0,0,0,0,1
17627,1,0,0,0,0
17628,1,0,0,0,0
17629,1,0,0,0,0
17630,1,0,0,0,0
17631,1,0,0,0,0
17632,1,0,0,0,0
17633,1,0,0,0,0
17634,1,0,0,0,0
17635,1,0,0,0,0
17636,1,0,0,0,0
17637,1,0,0,0,0
17638,1,0,0,0,0
17639,1,0,0,0,0
17640,1,0,0,0,0
17641,1,0,0,0,0
17642,1,0,0,0,0
17643,1,0,0,0,0
17644,1,0,0,0,0
17645,1,0,0,0,0
17646,1,0,0,0,0
17647,1,0,0,0,0
17648,1,0,0,0,0
17649,1,0,0,0,0
17650,1,0,0,0,0
17651,1,0,0,0,0
17652,1,0,0,0,0
17653,1,0,0,0,0
17654,1,0,0,0,0
17655,0,0,0,1,0
17656,0,0,0,1,0
17657,0,0,0,1,0
17658,0,0,0,1,0
17659,0,0,0,1,0
17660,0,0,0,1,0
17661,0,0,0,1,0
17662,0,0,0,1,0
17663,0,0,0,1,0
17664,0,0,0,1,0
17665,0,0,0,1,0
17666,0,0,0,1,0
17667,0,0,0,1,0
17668,0,0,0,1,0
17669,0,0,0,1,0
17670,0,0,0,1,0
17671,0,0,0,1,0
17672,0,0,0,1,0
17673,0,0,0,1,0
17674,0,0,0,1,0
17675,0,0,0,1,0
17676,0,0,0,1,0
17677,0,0,0,1,0
17678,0,0,0,1,0
17679,0,0,0,1,0
17680,1,0,0,0,0
17681,1,0,0,0,0
17682,1,0,0,0,0
17683,1,0,0,0,0
17684,1,0,0,0,0
17685,1,0,0,0,0
17686,1,0,0,0,0
17687,1,0,0,0,0
17688,1,0,0,0,0
17689,1,0,0,0,0
17690,1,0,0,0,0
17691,1,0,0,0,0
17692,1,0,0,0,0
17693,1,0,0,0,0
17694,1,0,0,0,0
17695,1,0,0,0,0
17696,1,0,0,0,0
17697,0,0,0,0,1
17698,0,0,0,0,1
17699,0,0,0,0,1
17700,0,0,0,0,1
17701,0,0,0,0,1
17702,0,0,0,0,1
17703,0,0,0,0,1
17704,0,0,0,0,1
17705,0,0,0,0,1
17706,0,0,0,0,1
17707,0,0,0,0,1
17708,0,0,0,0,1
17709,0,0,0,0,1
17710,0,0,0,0,1
17711,0,0,0,0,1
17712,0,0,0,0,1
17713,0,0,0,0,1
17714,0,0,0,0,1
17715,0,0,0,0,1
17716,1,0,0,0,0
17717,1,0,0,0,0
17718,1,0,0,0,0
17719,1,0,0,0,0
17720,1,0,0,0,0
17721,1,0,0,0,0
17722,1,0,0,0,0
17723,1,0,0,0,0
17724,1,0,0,0,0
17725,1,0,0,0,0
17726,1,0,0,0,0
17727,1,0,0,0,0
17728,1,0,0,0,0
17729,1,0,0,0,0
17730,1,0,0,0,0
17731,1,0,0,0,0
17732,1,0,0,0,0
17733,1,0,0,0,0
17734,1,0,0,0,0
17735,1,0,0,0,0
17736,1,0,0,0,0
17737,1,0,0,0,0
17738,1,0,0,0,0
17739,1,0,0,0,0
17740,1,0,0,0,0
17741,1,0,0,0,0
17742,1,0,0,0,0
17743,1,0,0,0,0
17744,1,0,0,0,0
17745,1,0,0,0,0
17746,1,0,0,0,0
17747,1,0,0,0,0
17748,1,0,0,0,0
17749,1,0,0,0,0
17750,1,0,0,0,0
17751,1,0,0,0,0
17752,1,0,0,0,0
17753,1,0,0,0,0
17754,1,0,0,0,0
17755,1,0,0,0,0
17756,1,0,0,0,0
17757,1,0,0,0,0
17758,1,0,0,0,0
17759,1,0,0,0,0
17760,1,0,0,0,0
17761,1,0,0,0,0
17762,1,0,0,0,0
17763,1,0,0,0,0
17764,1,0,0,0,0
17765,1,0,0,0,0
17766,1,0,0,0,0
17767,1,0,0,0,0
17768,1,0,0,0,0
17769,1,0,0,0,0
17770,1,0,0,0,0
17771,1,0,0,0,0
17772,1,0,0,0,0
17773,1,0,0,0,0
17774,1,0,0,0,0
17775,1,0,0,0,0
17776,1,0,0,0,0
17777,1,0,0,0,0
17778,1,0,0,0,0
17779,1,0,0,0,0
17780,1,0,0,0,0
17781,1,0,0,0,0
17782,1,0,0,0,0
17783,1,0,0,0,0
17784,1,0,0,0,0
17785,1,0,0,0,0
17786,1,0,0,0,0
17787,1,0,0,0,0
17788,1,0,0,0,0
17789,1,0,0,0,0
17790,1,0,0,0,0
17791,1,0,0,0,0
17792,1,0,0,0,0
17793,1,0,0,0,0
17794,1,0,0,0,0
17795,1,0,0,0,0
17796,1,0,0,0,0
17797,1,0,0,0,0
17798,1,0,0,0,0
17799,1,0,0,0,0
17800,1,0,0,0,0
17801,1,0,0,0,0
17802,0,1,0,0,0
17803,0,1,0,0,0
17804,0,1,0,0,0
17805,0,1,0,0,0
17806,0,1,0,0,0
17807,0,1,0,0,0
17808,0,1,0,0,0
17809,0,1,0,0,0
17810,0,1,0,0,0
17811,0,1,0,0,0
17812,0,1,0,0,0
17813,0,1,0,0,0
17814,0,1,0,0,0
17815,0,1,0,0,0
17816,0,1,0,0,0
17817,0,1,0,0,0
17818,0,1,0,0,0
17819,0,1,0,0,0
17820,0,1,0,0,0
17821,0,1,0,0,0
17822,0,1,0,0,0
17823,0,1,0,0,0
17824,0,1,0,0,0
17825,0,1,0,0,0
17826,0,1,0,0,0
17827,0,1,0,0,0
17828,0,1,0,0,0
17829,0,1,0,0,0
17830,0,1,0,0,0
17831,0,1,0,0,0
17832,0,1,0,0,0
17833,0,1,0,0,0
17834,0,1,0,0,0
17835,0,1,0,0,0
17836,0,1,0,0,0
17837,0,1,0,0,0
17838,1,0,0,0,0
17839,1,0,0,0,0
17840,1,0,0,0,0
17841,1,0,0,0,0
17842,1,0,0,0,0
17843,1,0,0,0,0
17844,1,0,0,0,0
17845,1,0,0,0,0
17846,1,0,0,0,0
17847,0,0,0,0,1
17848,0,0,0,0,1
17849,0,0,0,0,1
17850,0,0,0,0,1
17851,0,0,0,0,1
17852,0,0,0,0,1
17853,0,0,0,0,1
17854,0,0,0,0,1
17855,0,0,0,0,1
17856,0,0,0,0,1
17857,0,0,0,0,1
17858,0,0,0,0,1
17859,0,0,0,0,1
17860,0,0,0,0,1
17861,0,0,0,0,1
17862,0,0,0,0,1
17863,0,0,0,0,1
17864,0,0,0,0,1
17865,0,0,0,0,1
17866,0,0,0,0,1
17867,0,0,0,0,1
17868,0,0,0,0,1
17869,0,0,0,0,1
17870,0,0,0,0,1
17871,0,0,0,0,1
17872,0,0,0,0,1
17873,0,0,0,0,1
17874,0,0,0,0,1
17875,0,0,0,0,1
17876,0,0,0,0,1
17877,0,0,0,0,1
17878,0,0,0,0,1
17879,0,0,0,0,1
17880,0,0,0,0,1
17881,0,0,0,0,1
17882,0,0,0,0,1
17883,0,0,0,0,1
17884,0,0,0,0,1
17885,0,0,0,0,1
17886,0,0,0,0,1
17887,0,0,0,0,1
17888,0,0,0,0,1
17889,0,0,0,0,1
17890,0,0,0,0,1
17891,0,0,0,0,1
17892,0,0,0,0,1
17893,0,0,0,0,1
17894,0,0,0,0,1
17895,0,0,0,0,1
17896,0,0,0,0,1
17897,0,0,0,0,1
17898,0,0,0,0,1
17899,0,0,0,0,1
17900,0,0,0,0,1
17901,0,0,0,0,1
17902,0,0,0,0,1
17903,0,0,0,0,1
17904,0,0,0,0,1
17905,0,0,0,0,1
17906,0,0,0,0,1
17907,0,0,0,0,1
17908,1,0,0,0,0
17909,1,0,0,0,0
17910,1,0,0,0,0
17911,1,0,0,0,0
17912,1,0,0,0,0
17913,1,0,0,0,0
17914,1,0,0,0,0
17915,1,0,0,0,0
17916,1,0,0,0,0
17917,1,0,0,0,0
17918,1,0,0,0,0
17919,1,0,0,0,0
17920,1,0,0,0,0
17921,1,0,0,0,0
17922,1,0,0,0,0
17923,1,0,0,0,0
17924,1,0,0,0,0
17925,1,0,0,0,0
17926,1,0,0,0,0
17927,1,0,0,0,0
17928,1,0,0,0,0
17929,1,0,0,0,0
17930,1,0,0,0,0
17931,1,0,0,0,0
17932,1,0,0,0,0
17933,1,0,0,0,0
17934,1,0,0,0,0
17935,1,0,0,0,0
17936,1,0,0,0,0
17937,1,0,0,0,0
17938,1,0,0,0,0
17939,1,0,0,0,0
17940,1,0,0,0,0
17941,1,0,0,0,0
17942,1,0,0,0,0
17943,1,0,0,0,0
17944,1,0,0,0,0
17945,1,0,0,0,0
17946,1,0,0,0,0
17947,1,0,0,0,0
17948,1,0,0,0,0
17949,1,0,0,0,0
17950,1,0,0,0,0
17951,1,0,0,0,0
17952,1,0,0,0,0
17953,1,0,0,0,0
17954,1,0,0,0,0
17955,1,0,0,0,0
17956,1,0,0,0,0
17957,1,0,0,0,0
17958,1,0,0,0,0
17959,1,0,0,0,0
17960,1,0,0,0,0
17961,1,0,0,0,0
17962,1,0,0,0,0
17963,1,0,0,0,0
17964,1,0,0,0,0
17965,1,0,0,0,0
17966,1,0,0,0,0
17967,1,0,0,0,0
17968,1,0,0,0,0
17969,1,0,0,0,0
17970,1,0,0,0,0
17971,1,0,0,0,0
17972,1,0,0,0,0
17973,1,0,0,0,0
17974,1,0,0,0,0
17975,1,0,0,0,0
17976,1,0,0,0,0
17977,1,0,0,0,0
17978,1,0,0,0,0
17979,1,0,0,0,0
17980,1,0,0,0,0
17981,1,0,0,0,0
17982,1,0,0,0,0
17983,1,0,0,0,0
17984,1,0,0,0,0
17985,1,0,0,0,0
17986,0,0,0,0,1
17987,0,0,0,0,1
17988,0,0,0,0,1
17989,0,0,0,0,1
17990,0,0,0,0,1
17991,0,0,0,0,1
17992,0,0,0,0,1
17993,0,0,0,0,1
17994,0,0,0,0,1
17995,0,0,0,0,1
17996,0,0,0,0,1
17997,0,0,0,0,1
17998,0,0,0,0,1
17999,0,0,0,0,1
18000,0,0,0,0,1
18001,0,0,0,0,1
18002,0,0,0,0,1
18003,0,0,0,0,1
18004,0,0,0,0,1
18005,0,0,0,0,1
18006,0,0,0,0,1
18007,0,0,0,0,1
18008,1,0,0,0,0
18009,1,0,0,0,0
18010,1,0,0,0,0
18011,1,0,0,0,0
18012,1,0,0,0,0
18013,1,0,0,0,0
18014,1,0,0,0,0
18015,1,0,0,0,0
18016,1,0,0,0,0
18017,1,0,0,0,0
18018,1,0,0,0,0
18019,1,0,0,0,0
18020,1,0,0,0,0
18021,1,0,0,0,0
18022,1,0,0,0,0
18023,1,0,0,0,0
18024,1,0,0,0,0
18025,1,0,0,0,0
18026,1,0,0,0,0
18027,1,0,0,0,0
18028,1,0,0,0,0
18029,1,0,0,0,0
18030,1,0,0,0,0
18031,1,0,0,0,0
18032,1,0,0,0,0
18033,1,0,0,0,0
18034,1,0,0,0,0
18035,1,0,0,0,0
18036,1,0,0,0,0
18037,1,0,0,0,0
18038,1,0,0,0,0
18039,1,0,0,0,0
18040,1,0,0,0,0
18041,1,0,0,0,0
18042,1,0,0,0,0
18043,1,0,0,0,0
18044,1,0,0,0,0
18045,1,0,0,0,0
18046,1,0,0,0,0
18047,1,0,0,0,0
18048,1,0,0,0,0
18049,1,0,0,0,0
18050,1,0,0,0,0
18051,1,0,0,0,0
18052,1,0,0,0,0
18053,1,0,0,0,0
18054,1,0,0,0,0
18055,1,0,0,0,0
18056,1,0,0,0,0
18057,1,0,0,0,0
18058,1,0,0,0,0
18059,1,0,0,0,0
18060,1,0,0,0,0
18061,1,0,0,0,0
18062,1,0,0,0,0
18063,1,0,0,0,0
18064,1,0,0,0,0
18065,1,0,0,0,0
18066,1,0,0,0,0
18067,1,0,0,0,0
18068,1,0,0,0,0
18069,1,0,0,0,0
18070,1,0,0,0,0
18071,1,0,0,0,0
18072,1,0,0,0,0
18073,1,0,0,0,0
18074,1,0,0,0,0
18075,1,0,0,0,0
18076,1,0,0,0,0
18077,1,0,0,0,0
18078,1,0,0,0,0
18079,1,0,0,0,0
18080,1,0,0,0,0
18081,1,0,0,0,0
18082,1,0,0,0,0
18083,1,0,0,0,0
18084,1,0,0,0,0
18085,1,0,0,0,0
18086,1,0,0,0,0
18087,1,0,0,0,0
18088,1,0,0,0,0
18089,1,0,0,0,0
18090,1,0,0,0,0
18091,1,0,0,0,0
18092,1,0,0,0,0
18093,1,0,0,0,0
18094,1,0,0,0,0
18095,1,0,0,0,0
18096,1,0,0,0,0
18097,1,0,0,0,0
18098,1,0,0,0,0
18099,1,0,0,0,0
18100,1,0,0,0,0
18101,1,0,0,0,0
18102,1,0,0,0,0
18103,1,0,0,0,0
18104,1,0,0,0,0
18105,1,0,0,0,0
18106,1,0,0,0,0
18107,1,0,0,0,0
18108,1,0,0,0,0
18109,1,0,0,0,0
18110,1,0,0,0,0
18111,1,0,0,0,0
18112,1,0,0,0,0
18113,1,0,0,0,0
18114,1,0,0,0,0
18115,1,0,0,0,0
18116,1,0,0,0,0
18117,1,0,0,0,0
18118,1,0,0,0,0
18119,1,0,0,0,0
18120,1,0,0,0,0
18121,1,0,0,0,0
18122,1,0,0,0,0
18123,1,0,0,0,0
18124,1,0,0,0,0
18125,1,0,0,0,0
18126,1,0,0,0,0
18127,1,0,0,0,0
18128,1,0,0,0,0
18129,1,0,0,0,0
18130,1,0,0,0,0
18131,1,0,0,0,0
18132,1,0,0,0,0
18133,1,0,0,0,0
18134,1,0,0,0,0
18135,1,0,0,0,0
18136,1,0,0,0,0
18137,1,0,0,0,0
18138,1,0,0,0,0
18139,1,0,0,0,0
18140,1,0,0,0,0
18141,1,0,0,0,0
18142,1,0,0,0,0
18143,1,0,0,0,0
18144,1,0,0,0,0
18145,1,0,0,0,0
18146,1,0,0,0,0
18147,1,0,0,0,0
18148,1,0,0,0,0
18149,1,0,0,0,0
18150,1,0,0,0,0
18151,1,0,0,0,0
18152,1,0,0,0,0
18153,1,0,0,0,0
18154,1,0,0,0,0
18155,1,0,0,0,0
18156,1,0,0,0,0
18157,1,0,0,0,0
18158,1,0,0,0,0
18159,1,0,0,0,0
18160,1,0,0,0,0
18161,1,0,0,0,0
18162,1,0,0,0,0
18163,1,0,0,0,0
18164,1,0,0,0,0
18165,1,0,0,0,0
18166,1,0,0,0,0
18167,1,0,0,0,0
18168,1,0,0,0,0
18169,1,0,0,0,0
18170,1,0,0,0,0
18171,1,0,0,0,0
18172,1,0,0,0,0
18173,1,0,0,0,0
18174,1,0,0,0,0
18175,1,0,0,0,0
18176,1,0,0,0,0
18177,1,0,0,0,0
18178,1,0,0,0,0
18179,1,0,0,0,0
18180,1,0,0,0,0
18181,1,0,0,0,0
18182,1,0,0,0,0
18183,1,0,0,0,0
18184,1,0,0,0,0
18185,1,0,0,0,0
18186,1,0,0,0,0
18187,1,0,0,0,0
18188,1,0,0,0,0
18189,1,0,0,0,0
18190,1,0,0,0,0
18191,1,0,0,0,0
18192,1,0,0,0,0
18193,1,0,0,0,0
18194,1,0,0,0,0
18195,1,0,0,0,0
18196,1,0,0,0,0
18197,1,0,0,0,0
18198,1,0,0,0,0
18199,1,0,0,0,0
18200,1,0,0,0,0
18201,1,0,0,0,0
18202,1,0,0,0,0
18203,1,0,0,0,0
18204,1,0,0,0,0
18205,1,0,0,0,0
18206,1,0,0,0,0
18207,1,0,0,0,0
18208,1,0,0,0,0
18209,1,0,0,0,0
18210,1,0,0,0,0
18211,1,0,0,0,0
18212,1,0,0,0,0
18213,1,0,0,0,0
18214,1,0,0,0,0
18215,1,0,0,0,0
18216,1,0,0,0,0
18217,1,0,0,0,0
18218,1,0,0,0,0
18219,1,0,0,0,0
18220,1,0,0,0,0
18221,1,0,0,0,0
18222,1,0,0,0,0
18223,1,0,0,0,0
18224,1,0,0,0,0
18225,1,0,0,0,0
18226,1,0,0,0,0
18227,1,0,0,0,0
18228,1,0,0,0,0
18229,1,0,0,0,0
18230,1,0,0,0,0
18231,1,0,0,0,0
18232,1,0,0,0,0
18233,1,0,0,0,0
18234,1,0,0,0,0
18235,1,0,0,0,0
18236,1,0,0,0,0
18237,1,0,0,0,0
18238,1,0,0,0,0
18239,1,0,0,0,0
18240,1,0,0,0,0
18241,1,0,0,0,0
18242,1,0,0,0,0
18243,1,0,0,0,0
18244,1,0,0,0,0
18245,1,0,0,0,0
18246,1,0,0,0,0
18247,1,0,0,0,0
18248,1,0,0,0,0
18249,1,0,0,0,0
18250,1,0,0,0,0
18251,1,0,0,0,0
18252,1,0,0,0,0
18253,1,0,0,0,0
18254,1,0,0,0,0
18255,1,0,0,0,0
18256,1,0,0,0,0
18257,1,0,0,0,0
18258,1,0,0,0,0
18259,1,0,0,0,0
18260,1,0,0,0,0
18261,1,0,0,0,0
18262,1,0,0,0,0
18263,1,0,0,0,0
18264,1,0,0,0,0
18265,1,0,0,0,0
18266,1,0,0,0,0
18267,1,0,0,0,0
18268,1,0,0,0,0
18269,1,0,0,0,0
18270,1,0,0,0,0
18271,1,0,0,0,0
18272,1,0,0,0,0
18273,1,0,0,0,0
18274,1,0,0,0,0
18275,1,0,0,0,0
18276,1,0,0,0,0
18277,1,0,0,0,0
18278,1,0,0,0,0
18279,1,0,0,0,0
18280,1,0,0,0,0
18281,1,0,0,0,0
18282,1,0,0,0,0
18283,0,0,0,0,1
18284,0,0,0,0,1
18285,0,0,0,0,1
18286,0,0,0,0,1
18287,0,0,0,0,1
18288,0,0,0,0,1
18289,0,0,0,0,1
18290,0,0,0,0,1
18291,0,0,0,0,1
18292,0,0,0,0,1
18293,0,0,0,0,1
18294,0,0,0,0,1
18295,0,0,0,0,1
18296,0,0,0,0,1
18297,0,0,0,0,1
18298,0,0,0,0,1
18299,0,0,0,0,1
18300,0,0,0,0,1
18301,0,0,0,0,1
18302,0,0,0,0,1
18303,0,0,0,0,1
18304,0,0,0,0,1
18305,0,0,0,0,1
18306,0,0,0,0,1
18307,0,0,0,0,1
18308,0,0,0,0,1
18309,0,0,0,0,1
18310,0,0,0,0,1
18311,0,0,0,0,1
18312,0,0,0,0,1
18313,0,0,0,0,1
18314,0,0,0,0,1
18315,0,0,0,0,1
18316,0,0,0,0,1
18317,0,0,0,0,1
18318,0,0,0,0,1
18319,0,0,0,0,1
18320,0,0,0,0,1
18321,0,0,0,0,1
18322,0,0,0,0,1
18323,0,0,0,0,1
18324,0,0,0,0,1
18325,0,0,0,0,1
18326,0,0,0,0,1
18327,0,0,0,0,1
18328,0,0,0,0,1
18329,0,0,0,0,1
18330,0,0,0,0,1
18331,0,0,0,0,1
18332,0,0,0,0,1
18333,0,0,0,0,1
18334,0,0,0,0,1
18335,0,0,0,0,1
18336,0,0,0,0,1
18337,0,0,0,0,1
18338,0,0,0,0,1
18339,0,0,0,0,1
18340,0,0,0,0,1
18341,0,0,0,0,1
18342,0,0,0,0,1
18343,0,0,0,0,1
18344,0,0,0,0,1
18345,0,0,0,0,1
18346,0,0,0,0,1
18347,0,0,0,0,1
18348,0,0,0,0,1
18349,0,0,0,0,1
18350,0,0,0,0,1
18351,0,0,0,0,1
18352,0,0,0,0,1
18353,0,0,0,0,1
18354,0,0,0,0,1
18355,0,0,0,0,1
18356,0,0,0,0,1
18357,0,0,0,0,1
18358,0,0,0,0,1
18359,0,0,0,0,1
18360,0,0,0,0,1
18361,0,0,0,0,1
18362,0,0,0,0,1
18363,0,0,0,0,1
18364,1,0,0,0,0
18365,1,0,0,0,0
18366,1,0,0,0,0
18367,1,0,0,0,0
18368,1,0,0,0,0
18369,1,0,0,0,0
18370,1,0,0,0,0
18371,1,0,0,0,0
18372,1,0,0,0,0
18373,1,0,0,0,0
18374,1,0,0,0,0
18375,1,0,0,0,0
18376,1,0,0,0,0
18377,1,0,0,0,0
18378,1,0,0,0,0
18379,1,0,0,0,0
18380,1,0,0,0,0
18381,1,0,0,0,0
18382,1,0,0,0,0
18383,1,0,0,0,0
18384,1,0,0,0,0
18385,1,0,0,0,0
18386,1,0,0,0,0
18387,1,0,0,0,0
18388,1,0,0,0,0
18389,1,0,0,0,0
18390,1,0,0,0,0
18391,1,0,0,0,0
18392,1,0,0,0,0
18393,1,0,0,0,0
18394,1,0,0,0,0
18395,1,0,0,0,0
18396,1,0,0,0,0
18397,1,0,0,0,0
18398,1,0,0,0,0
18399,1,0,0,0,0
18400,1,0,0,0,0
18401,1,0,0,0,0
18402,1,0,0,0,0
18403,1,0,0,0,0
18404,1,0,0,0,0
18405,1,0,0,0,0
18406,1,0,0,0,0
18407,1,0,0,0,0
18408,0,0,0,0,1
18409,0,0,0,0,1
18410,0,0,0,0,1
18411,0,0,0,0,1
18412,0,0,0,0,1
18413,0,0,0,0,1
18414,0,0,0,0,1
18415,0,0,0,0,1
18416,0,0,0,0,1
18417,0,0,0,0,1
18418,0,0,0,0,1
18419,0,0,0,0,1
18420,0,0,0,0,1
18421,0,0,0,0,1
18422,0,0,0,0,1
18423,0,0,0,0,1
18424,0,0,0,0,1
18425,0,0,0,0,1
18426,0,0,0,0,1
18427,0,0,0,0,1
18428,0,0,0,0,1
18429,0,0,0,0,1
18430,0,0,0,0,1
18431,0,0,0,0,1
18432,0,0,0,0,1
18433,0,0,0,0,1
18434,0,0,0,0,1
18435,0,0,0,0,1
18436,0,0,0,0,1
18437,0,0,0,0,1
18438,0,0,0,0,1
18439,0,0,0,0,1
18440,1,0,0,0,0
18441,1,0,0,0,0
18442,1,0,0,0,0
18443,1,0,0,0,0
18444,1,0,0,0,0
18445,1,0,0,0,0
18446,1,0,0,0,0
18447,1,0,0,0,0
18448,1,0,0,0,0
18449,1,0,0,0,0
18450,1,0,0,0,0
18451,1,0,0,0,0
18452,1,0,0,0,0
18453,1,0,0,0,0
18454,1,0,0,0,0
18455,1,0,0,0,0
18456,1,0,0,0,0
18457,0,1,0,0,0
18458,0,1,0,0,0
18459,0,1,0,0,0
18460,0,1,0,0,0
18461,0,1,0,0,0
18462,0,1,0,0,0
18463,0,1,0,0,0
18464,0,1,0,0,0
18465,0,1,0,0,0
18466,0,1,0,0,0
18467,0,1,0,0,0
18468,0,1,0,0,0
18469,0,1,0,0,0
18470,0,1,0,0,0
18471,0,1,0,0,0
18472,0,1,0,0,0
18473,0,1,0,0,0
18474,0,1,0,0,0
18475,0,1,0,0,0
18476,0,1,0,0,0
18477,0,1,0,0,0
18478,0,1,0,0,0
18479,0,1,0,0,0
18480,0,1,0,0,0
18481,0,1,0,0,0
18482,0,1,0,0,0
18483,0,1,0,0,0
18484,0,1,0,0,0
18485,0,1,0,0,0
18486,0,1,0,0,0
18487,0,1,0,0,0
18488,0,1,0,0,0
18489,0,1,0,0,0
18490,0,1,0,0,0
18491,0,1,0,0,0
18492,0,1,0,0,0
18493,0,1,0,0,0
18494,0,1,0,0,0
18495,0,1,0,0,0
18496,0,1,0,0,0
18497,0,1,0,0,0
18498,0,1,0,0,0
18499,0,1,0,0,0
18500,0,1,0,0,0
18501,0,1,0,0,0
18502,0,1,0,0,0
18503,0,1,0,0,0
18504,0,1,0,0,0
18505,0,1,0,0,0
18506,0,1,0,0,0
18507,0,1,0,0,0
18508,0,1,0,0,0
18509,0,1,0,0,0
18510,0,1,0,0,0
18511,0,1,0,0,0
18512,0,1,0,0,0
18513,0,1,0,0,0
18514,0,1,0,0,0
18515,0,1,0,0,0
18516,0,1,0,0,0
18517,0,1,0,0,0
18518,0,1,0,0,0
18519,0,1,0,0,0
18520,0,1,0,0,0
18521,0,1,0,0,0
18522,0,1,0,0,0
18523,1,0,0,0,0
18524,1,0,0,0,0
18525,1,0,0,0,0
18526,1,0,0,0,0
18527,1,0,0,0,0
18528,1,0,0,0,0
18529,1,0,0,0,0
18530,1,0,0,0,0
18531,1,0,0,0,0
18532,1,0,0,0,0
18533,1,0,0,0,0
18534,1,0,0,0,0
18535,1,0,0,0,0
18536,1,0,0,0,0
18537,1,0,0,0,0
18538,1,0,0,0,0
18539,1,0,0,0,0
18540,1,0,0,0,0
18541,1,0,0,0,0
18542,1,0,0,0,0
18543,1,0,0,0,0
18544,1,0,0,0,0
18545,1,0,0,0,0
18546,1,0,0,0,0
18547,1,0,0,0,0
18548,1,0,0,0,0
18549,1,0,0,0,0
18550,1,0,0,0,0
18551,1,0,0,0,0
18552,1,0,0,0,0
18553,1,0,0,0,0
18554,1,0,0,0,0
18555,1,0,0,0,0
18556,1,0,0,0,0
18557,0,0,0,0,1
18558,0,0,0,0,1
18559,0,0,0,0,1
18560,0,0,0,0,1
18561,0,0,0,0,1
18562,0,0,0,0,1
18563,0,0,0,0,1
18564,0,0,0,0,1
18565,0,0,0,0,1
18566,0,0,0,0,1
18567,0,0,0,0,1
18568,0,0,0,0,1
18569,0,0,0,0,1
18570,0,0,0,0,1
18571,0,0,0,0,1
18572,0,0,0,0,1
18573,0,0,0,0,1
18574,0,0,0,0,1
18575,0,0,0,0,1
18576,0,0,0,0,1
18577,0,0,0,0,1
18578,0,0,0,0,1
18579,0,0,0,0,1
18580,0,0,0,0,1
18581,0,0,0,0,1
18582,0,0,0,0,1
18583,0,0,0,0,1
18584,0,0,0,0,1
18585,0,0,0,0,1
18586,0,0,0,0,1
18587,0,0,0,0,1
18588,0,0,0,0,1
18589,0,0,0,0,1
18590,0,0,0,0,1
18591,0,0,0,0,1
18592,0,0,0,0,1
18593,0,0,0,0,1
18594,0,0,0,0,1
18595,0,0,0,0,1
18596,0,0,0,0,1
18597,0,0,0,0,1
18598,0,0,0,0,1
18599,0,0,0,0,1
18600,0,0,0,0,1
18601,0,0,0,0,1
18602,0,0,0,0,1
18603,0,0,0,0,1
18604,0,0,0,0,1
18605,0,0,0,0,1
18606,0,0,0,0,1
18607,0,0,0,0,1
18608,0,0,0,0,1
18609,0,0,0,0,1
18610,0,0,0,0,1
18611,0,0,0,0,1
18612,0,0,0,0,1
18613,0,0,0,0,1
18614,0,0,0,0,1
18615,0,0,0,0,1
18616,0,0,0,0,1
18617,0,0,0,0,1
18618,0,0,0,0,1
18619,0,0,0,0,1
18620,0,0,0,0,1
18621,0,0,0,0,1
18622,0,0,0,0,1
18623,0,0,0,0,1
18624,0,0,0,0,1
18625,0,0,0,0,1
18626,0,0,0,0,1
18627,0,0,0,0,1
18628,0,0,0,0,1
18629,0,0,0,0,1
18630,0,0,0,0,1
18631,0,0,0,0,1
18632,0,0,0,0,1
18633,0,0,0,0,1
18634,0,0,0,0,1
18635,0,0,0,0,1
18636,0,0,0,0,1
18637,0,0,0,0,1
18638,0,0,0,0,1
18639,0,0,0,0,1
18640,0,0,0,0,1
18641,0,0,0,0,1
18642,0,0,0,0,1
18643,0,0,0,0,1
18644,0,0,0,0,1
18645,0,0,0,0,1
18646,0,0,0,0,1
18647,1,0,0,0,0
18648,1,0,0,0,0
18649,1,0,0,0,0
18650,1,0,0,0,0
18651,1,0,0,0,0
18652,1,0,0,0,0
18653,1,0,0,0,0
18654,1,0,0,0,0
18655,1,0,0,0,0
18656,1,0,0,0,0
18657,1,0,0,0,0
18658,1,0,0,0,0
18659,1,0,0,0,0
18660,1,0,0,0,0
18661,1,0,0,0,0
18662,1,0,0,0,0
18663,1,0,0,0,0
18664,1,0,0,0,0
18665,1,0,0,0,0
18666,1,0,0,0,0
18667,1,0,0,0,0
18668,1,0,0,0,0
18669,1,0,0,0,0
18670,1,0,0,0,0
18671,1,0,0,0,0
18672,1,0,0,0,0
18673,1,0,0,0,0
18674,1,0,0,0,0
18675,1,0,0,0,0
18676,1,0,0,0,0
18677,1,0,0,0,0
18678,1,0,0,0,0
18679,1,0,0,0,0
18680,1,0,0,0,0
18681,1,0,0,0,0
18682,1,0,0,0,0
18683,1,0,0,0,0
18684,1,0,0,0,0
18685,1,0,0,0,0
18686,1,0,0,0,0
18687,1,0,0,0,0
18688,1,0,0,0,0
18689,1,0,0,0,0
18690,1,0,0,0,0
18691,1,0,0,0,0
18692,1,0,0,0,0
18693,1,0,0,0,0
18694,1,0,0,0,0
18695,1,0,0,0,0
18696,1,0,0,0,0
18697,1,0,0,0,0
18698,1,0,0,0,0
18699,1,0,0,0,0
18700,1,0,0,0,0
18701,0,0,0,0,1
18702,0,0,0,0,1
18703,0,0,0,0,1
18704,0,0,0,0,1
18705,0,0,0,0,1
18706,0,0,0,0,1
18707,0,0,0,0,1
18708,0,0,0,0,1
18709,0,0,0,0,1
18710,0,0,0,0,1
18711,0,0,0,0,1
18712,0,0,0,0,1
18713,0,0,0,0,1
18714,0,0,0,0,1
18715,0,0,0,0,1
18716,0,0,0,0,1
18717,0,0,0,0,1
18718,0,0,0,0,1
18719,0,0,0,0,1
18720,0,0,0,0,1
18721,0,0,0,0,1
18722,0,0,0,0,1
18723,0,0,0,0,1
18724,0,0,0,0,1
18725,0,0,0,0,1
18726,0,0,0,0,1
18727,0,0,0,0,1
18728,0,0,0,0,1
18729,0,0,0,0,1
18730,0,0,0,0,1
18731,0,0,0,0,1
18732,0,0,0,0,1
18733,0,0,0,0,1
18734,0,0,0,0,1
18735,0,0,0,0,1
18736,0,0,0,0,1
18737,0,0,0,0,1
18738,0,0,0,0,1
18739,0,0,0,0,1
18740,0,0,0,0,1
18741,0,0,0,0,1
18742,0,0,0,0,1
18743,0,0,0,0,1
18744,0,0,0,0,1
18745,0,0,0,0,1
18746,0,0,0,0,1
18747,0,0,0,0,1
18748,0,0,0,0,1
18749,0,0,0,0,1
18750,0,0,0,0,1
18751,0,0,0,0,1
18752,0,0,0,0,1
18753,0,0,0,0,1
18754,0,0,0,0,1
18755,0,0,0,0,1
18756,0,0,0,0,1
18757,0,0,0,0,1
18758,0,0,0,0,1
18759,0,0,0,0,1
18760,0,0,0,0,1
18761,0,0,0,0,1
18762,0,0,0,0,1
18763,0,0,0,0,1
18764,0,0,0,0,1
18765,0,0,0,0,1
18766,0,0,0,0,1
18767,0,0,0,0,1
18768,0,0,0,0,1
18769,0,0,0,0,1
18770,0,0,0,0,1
18771,0,0,0,0,1
18772,0,0,0,0,1
18773,0,0,0,0,1
18774,0,0,0,0,1
18775,0,0,0,0,1
18776,0,0,0,0,1
18777,0,0,0,0,1
18778,0,0,0,0,1
18779,0,0,0,0,1
18780,0,0,0,0,1
18781,0,0,0,0,1
18782,0,0,0,0,1
18783,0,0,0,0,1
18784,0,0,0,0,1
18785,0,0,0,0,1
18786,0,0,0,0,1
18787,0,0,0,0,1
18788,0,0,0,0,1
18789,0,0,0,0,1
18790,0,0,0,0,1
18791,0,0,0,0,1
18792,0,0,0,0,1
18793,0,0,0,0,1
18794,0,0,0,0,1
18795,0,0,0,0,1
18796,0,0,0,0,1
18797,0,0,0,0,1
18798,0,0,0,0,1
18799,0,0,0,0,1
18800,0,0,0,0,1
18801,0,0,0,0,1
18802,0,0,0,0,1
18803,0,0,0,0,1
18804,0,0,0,0,1
18805,0,0,0,0,1
18806,0,0,0,0,1
18807,0,0,0,0,1
18808,0,0,0,0,1
18809,0,0,0,0,1
18810,0,0,0,0,1
18811,0,0,0,0,1
18812,0,0,0,0,1
18813,0,0,0,0,1
18814,0,0,0,0,1
18815,0,0,0,0,1
18816,0,0,0,0,1
18817,0,0,0,0,1
18818,0,0,0,0,1
18819,0,0,0,0,1
18820,0,0,0,0,1
18821,0,0,0,0,1
18822,0,0,0,0,1
18823,0,0,0,0,1
18824,0,0,0,0,1
18825,0,0,0,0,1
18826,0,0,0,0,1
18827,0,0,0,0,1
18828,0,0,0,0,1
18829,0,0,0,0,1
18830,0,0,0,0,1
18831,0,0,0,0,1
18832,0,0,0,0,1
18833,0,0,0,0,1
18834,0,0,0,0,1
18835,0,0,0,0,1
18836,0,0,0,0,1
18837,0,0,0,0,1
18838,0,0,0,0,1
18839,0,0,0,0,1
18840,0,0,0,0,1
18841,0,0,0,0,1
18842,0,0,0,0,1
18843,0,0,0,0,1
18844,0,0,0,0,1
18845,0,0,0,0,1
18846,0,0,0,0,1
18847,0,0,0,0,1
18848,0,0,0,0,1
18849,0,0,0,0,1
18850,0,0,0,0,1
18851,0,0,0,0,1
18852,0,0,0,0,1
18853,0,0,0,0,1
18854,0,0,0,0,1
18855,0,0,0,0,1
18856,0,0,0,0,1
18857,0,0,0,0,1
18858,0,0,0,0,1
18859,0,0,0,0,1
18860,0,0,0,0,1
18861,0,0,0,0,1
18862,0,0,0,0,1
18863,0,0,0,0,1
18864,0,0,0,0,1
18865,0,0,0,0,1
18866,0,0,0,0,1
18867,0,0,0,0,1
18868,0,0,0,0,1
18869,0,0,0,0,1
18870,0,0,0,0,1
18871,0,0,0,0,1
18872,0,0,0,0,1
18873,0,0,0,0,1
18874,0,0,0,0,1
18875,0,0,0,0,1
18876,0,0,0,0,1
18877,0,0,0,0,1
18878,1,0,0,0,0
18879,1,0,0,0,0
18880,1,0,0,0,0
18881,1,0,0,0,0
18882,1,0,0,0,0
18883,1,0,0,0,0
18884,1,0,0,0,0
18885,1,0,0,0,0
18886,0,0,1,0,0
18887,0,0,1,0,0
18888,0,0,1,0,0
18889,0,0,1,0,0
18890,0,0,1,0,0
18891,0,0,1,0,0
18892,0,0,1,0,0
18893,0,0,1,0,0
18894,0,0,1,0,0
18895,0,0,1,0,0
18896,0,0,1,0,0
18897,0,0,1,0,0
18898,0,0,1,0,0
18899,0,0,1,0,0
18900,0,0,1,0,0
18901,0,0,1,0,0
18902,0,0,1,0,0
18903,0,0,1,0,0
18904,0,0,1,0,0
18905,0,0,1,0,0
18906,0,0,1,0,0
18907,0,0,1,0,0
18908,0,0,1,0,0
18909,0,0,1,0,0
18910,1,0,0,0,0
18911,1,0,0,0,0
18912,1,0,0,0,0
18913,1,0,0,0,0
18914,1,0,0,0,0
18915,1,0,0,0,0
18916,1,0,0,0,0
18917,1,0,0,0,0
18918,1,0,0,0,0
18919,1,0,0,0,0
18920,1,0,0,0,0
18921,1,0,0,0,0
18922,1,0,0,0,0
18923,1,0,0,0,0
18924,1,0,0,0,0
18925,1,0,0,0,0
18926,1,0,0,0,0
18927,1,0,0,0,0
18928,1,0,0,0,0
18929,1,0,0,0,0
18930,1,0,0,0,0
18931,1,0,0,0,0
18932,1,0,0,0,0
18933,1,0,0,0,0
18934,1,0,0,0,0
18935,1,0,0,0,0
18936,1,0,0,0,0
18937,1,0,0,0,0
18938,1,0,0,0,0
18939,1,0,0,0,0
18940,1,0,0,0,0
18941,1,0,0,0,0
18942,1,0,0,0,0
18943,1,0,0,0,0
18944,1,0,0,0,0
18945,1,0,0,0,0
18946,1,0,0,0,0
18947,1,0,0,0,0
18948,1,0,0,0,0
18949,0,0,0,0,1
18950,0,0,0,0,1
18951,0,0,0,0,1
18952,0,0,0,0,1
18953,0,0,0,0,1
18954,0,0,0,0,1
18955,0,0,0,0,1
18956,0,0,0,0,1
18957,0,0,0,0,1
18958,0,0,0,0,1
18959,0,0,0,0,1
18960,0,0,0,0,1
18961,0,0,0,0,1
18962,0,0,0,0,1
18963,0,0,0,0,1
18964,0,0,0,0,1
18965,0,0,0,0,1
18966,0,0,0,0,1
18967,0,0,0,0,1
18968,0,0,0,0,1
18969,0,0,0,0,1
18970,0,0,0,0,1
18971,0,0,0,0,1
18972,0,0,0,0,1
18973,0,0,0,0,1
18974,0,0,0,0,1
18975,0,0,0,0,1
18976,0,0,0,0,1
18977,0,0,0,0,1
18978,0,0,0,0,1
18979,0,0,0,0,1
18980,0,0,0,0,1
18981,0,0,0,0,1
18982,0,0,0,0,1
18983,0,0,0,0,1
18984,0,0,0,0,1
18985,0,0,0,0,1
18986,0,0,0,0,1
18987,0,0,0,0,1
18988,0,0,0,0,1
18989,0,0,0,0,1
18990,0,0,0,0,1
18991,0,0,0,0,1
18992,0,0,0,0,1
18993,0,0,0,0,1
18994,0,0,0,0,1
18995,0,0,0,0,1
18996,0,0,0,0,1
18997,0,0,0,0,1
18998,0,0,0,0,1
18999,0,0,0,0,1
19000,0,0,0,0,1
19001,0,0,0,0,1
19002,0,0,0,0,1
19003,0,0,0,0,1
19004,0,0,0,0,1
19005,0,0,0,0,1
19006,0,0,0,0,1
19007,0,0,0,0,1
19008,0,0,0,0,1
19009,0,0,0,0,1
19010,0,0,0,0,1
19011,0,0,0,0,1
19012,0,0,0,0,1
19013,0,0,0,0,1
19014,0,0,0,0,1
19015,0,0,0,0,1
19016,0,0,0,0,1
19017,0,0,0,0,1
19018,0,0,0,0,1
19019,0,0,0,0,1
19020,0,0,0,0,1
19021,0,0,0,0,1
19022,0,0,0,0,1
19023,0,0,0,0,1
19024,0,0,0,0,1
19025,0,0,0,0,1
19026,0,0,0,0,1
19027,0,0,0,0,1
19028,0,0,0,0,1
19029,0,0,0,0,1
19030,0,0,0,0,1
19031,0,0,0,0,1
19032,0,0,0,0,1
19033,0,0,0,0,1
19034,0,0,0,0,1
19035,0,0,0,0,1
19036,0,0,0,0,1
19037,0,0,0,0,1
19038,0,0,0,0,1
19039,0,0,0,0,1
19040,0,0,0,0,1
19041,0,0,0,0,1
19042,0,0,0,0,1
19043,0,0,0,0,1
19044,0,0,0,0,1
19045,0,0,0,0,1
19046,0,0,0,0,1
19047,0,0,0,0,1
19048,0,0,0,0,1
19049,0,0,0,0,1
19050,0,0,0,0,1
19051,0,0,0,0,1
19052,0,0,0,0,1
19053,0,0,0,0,1
19054,0,0,0,0,1
19055,0,0,0,0,1
19056,0,0,0,0,1
19057,0,0,0,0,1
19058,0,0,0,0,1
19059,0,0,0,0,1
19060,0,0,0,0,1
19061,0,0,0,0,1
19062,0,0,0,0,1
19063,0,0,0,0,1
19064,0,0,0,0,1
19065,0,0,0,0,1
19066,0,0,0,0,1
19067,0,0,0,0,1
19068,0,0,0,0,1
19069,0,0,0,0,1
19070,0,0,0,0,1
19071,0,0,0,0,1
19072,0,0,0,0,1
19073,0,0,0,0,1
19074,0,0,0,0,1
19075,0,0,0,0,1
19076,0,0,0,0,1
19077,0,0,0,0,1
19078,0,0,0,0,1
19079,0,0,0,0,1
19080,0,0,0,0,1
19081,0,0,0,0,1
19082,0,0,0,0,1
19083,0,0,0,0,1
19084,0,0,0,0,1
19085,0,0,0,0,1
19086,0,0,0,0,1
19087,1,0,0,0,0
19088,1,0,0,0,0
19089,1,0,0,0,0
19090,1,0,0,0,0
19091,1,0,0,0,0
19092,1,0,0,0,0
19093,1,0,0,0,0
19094,1,0,0,0,0
19095,1,0,0,0,0
19096,1,0,0,0,0
19097,1,0,0,0,0
19098,1,0,0,0,0
19099,1,0,0,0,0
19100,1,0,0,0,0
19101,1,0,0,0,0
19102,1,0,0,0,0
19103,1,0,0,0,0
19104,1,0,0,0,0
19105,1,0,0,0,0
19106,1,0,0,0,0
19107,1,0,0,0,0
19108,1,0,0,0,0
19109,1,0,0,0,0
19110,1,0,0,0,0
19111,1,0,0,0,0
19112,1,0,0,0,0
19113,1,0,0,0,0
19114,1,0,0,0,0
19115,1,0,0,0,0
19116,1,0,0,0,0
19117,1,0,0,0,0
19118,1,0,0,0,0
19119,1,0,0,0,0
19120,1,0,0,0,0
19121,1,0,0,0,0
19122,1,0,0,0,0
19123,1,0,0,0,0
19124,1,0,0,0,0
19125,1,0,0,0,0
19126,1,0,0,0,0
19127,1,0,0,0,0
19128,1,0,0,0,0
19129,1,0,0,0,0
19130,1,0,0,0,0
19131,1,0,0,0,0
19132,1,0,0,0,0
19133,1,0,0,0,0
19134,1,0,0,0,0
19135,1,0,0,0,0
19136,1,0,0,0,0
19137,1,0,0,0,0
19138,1,0,0,0,0
19139,1,0,0,0,0
19140,1,0,0,0,0
19141,1,0,0,0,0
19142,1,0,0,0,0
19143,1,0,0,0,0
19144,1,0,0,0,0
19145,1,0,0,0,0
19146,1,0,0,0,0
19147,1,0,0,0,0
19148,1,0,0,0,0
19149,1,0,0,0,0
19150,1,0,0,0,0
19151,1,0,0,0,0
19152,1,0,0,0,0
19153,1,0,0,0,0
19154,1,0,0,0,0
19155,1,0,0,0,0
19156,1,0,0,0,0
19157,1,0,0,0,0
19158,1,0,0,0,0
19159,1,0,0,0,0
19160,1,0,0,0,0
19161,0,0,0,0,1
19162,0,0,0,0,1
19163,0,0,0,0,1
19164,0,0,0,0,1
19165,0,0,0,0,1
19166,0,0,0,0,1
19167,0,0,0,0,1
19168,0,0,0,0,1
19169,0,0,0,0,1
19170,0,0,0,0,1
19171,0,0,0,0,1
19172,0,0,0,0,1
19173,0,0,0,0,1
19174,0,0,0,0,1
19175,0,0,0,0,1
19176,0,0,0,0,1
19177,0,0,0,0,1
19178,0,0,0,0,1
19179,0,0,0,0,1
19180,0,0,0,0,1
19181,0,0,0,0,1
19182,0,0,0,0,1
19183,0,0,0,0,1
19184,0,0,0,0,1
19185,0,0,0,0,1
19186,0,0,0,0,1
19187,0,0,0,0,1
19188,0,0,0,0,1
19189,0,0,0,0,1
19190,0,0,0,0,1
19191,0,0,0,0,1
19192,0,0,0,0,1
19193,0,0,0,0,1
19194,0,0,0,0,1
19195,1,0,0,0,0
19196,1,0,0,0,0
19197,1,0,0,0,0
19198,1,0,0,0,0
19199,1,0,0,0,0
19200,1,0,0,0,0
19201,1,0,0,0,0
19202,1,0,0,0,0
19203,1,0,0,0,0
19204,1,0,0,0,0
19205,1,0,0,0,0
19206,1,0,0,0,0
19207,1,0,0,0,0
19208,1,0,0,0,0
19209,1,0,0,0,0
19210,1,0,0,0,0
19211,1,0,0,0,0
19212,1,0,0,0,0
19213,1,0,0,0,0
19214,1,0,0,0,0
19215,1,0,0,0,0
19216,1,0,0,0,0
19217,1,0,0,0,0
19218,1,0,0,0,0
19219,1,0,0,0,0
19220,1,0,0,0,0
19221,1,0,0,0,0
19222,1,0,0,0,0
19223,1,0,0,0,0
19224,1,0,0,0,0
19225,1,0,0,0,0
19226,1,0,0,0,0
19227,1,0,0,0,0
19228,1,0,0,0,0
19229,1,0,0,0,0
19230,1,0,0,0,0
19231,1,0,0,0,0
19232,1,0,0,0,0
19233,1,0,0,0,0
19234,1,0,0,0,0
19235,1,0,0,0,0
19236,1,0,0,0,0
19237,1,0,0,0,0
19238,1,0,0,0,0
19239,1,0,0,0,0
19240,1,0,0,0,0
19241,1,0,0,0,0
19242,1,0,0,0,0
19243,1,0,0,0,0
19244,1,0,0,0,0
19245,1,0,0,0,0
19246,1,0,0,0,0
19247,1,0,0,0,0
19248,1,0,0,0,0
19249,1,0,0,0,0
19250,1,0,0,0,0
19251,1,0,0,0,0
19252,1,0,0,0,0
19253,1,0,0,0,0
19254,1,0,0,0,0
19255,1,0,0,0,0
19256,1,0,0,0,0
19257,1,0,0,0,0
19258,1,0,0,0,0
19259,1,0,0,0,0
19260,1,0,0,0,0
19261,1,0,0,0,0
19262,1,0,0,0,0
19263,1,0,0,0,0
19264,1,0,0,0,0
19265,1,0,0,0,0
19266,1,0,0,0,0
19267,1,0,0,0,0
19268,1,0,0,0,0
19269,1,0,0,0,0
19270,1,0,0,0,0
19271,1,0,0,0,0
19272,1,0,0,0,0
19273,1,0,0,0,0
19274,1,0,0,0,0
19275,1,0,0,0,0
19276,1,0,0,0,0
19277,1,0,0,0,0
19278,1,0,0,0,0
19279,1,0,0,0,0
19280,1,0,0,0,0
19281,1,0,0,0,0
19282,1,0,0,0,0
19283,1,0,0,0,0
19284,1,0,0,0,0
19285,1,0,0,0,0
19286,1,0,0,0,0
19287,1,0,0,0,0
19288,1,0,0,0,0
19289,1,0,0,0,0
19290,1,0,0,0,0
19291,1,0,0,0,0
19292,1,0,0,0,0
19293,1,0,0,0,0
19294,1,0,0,0,0
19295,1,0,0,0,0
19296,1,0,0,0,0
19297,1,0,0,0,0
19298,1,0,0,0,0
19299,1,0,0,0,0
19300,1,0,0,0,0
19301,1,0,0,0,0
19302,1,0,0,0,0
19303,1,0,0,0,0
19304,1,0,0,0,0
19305,1,0,0,0,0
19306,1,0,0,0,0
19307,1,0,0,0,0
19308,1,0,0,0,0
19309,1,0,0,0,0
19310,1,0,0,0,0
19311,1,0,0,0,0
19312,1,0,0,0,0
19313,1,0,0,0,0
19314,1,0,0,0,0
19315,1,0,0,0,0
19316,1,0,0,0,0
19317,1,0,0,0,0
19318,1,0,0,0,0
19319,1,0,0,0,0
19320,1,0,0,0,0
19321,1,0,0,0,0
19322,1,0,0,0,0
19323,1,0,0,0,0
19324,1,0,0,0,0
19325,1,0,0,0,0
19326,1,0,0,0,0
19327,1,0,0,0,0
19328,1,0,0,0,0
19329,1,0,0,0,0
19330,1,0,0,0,0
19331,1,0,0,0,0
19332,1,0,0,0,0
19333,1,0,0,0,0
19334,1,0,0,0,0
19335,1,0,0,0,0
19336,1,0,0,0,0
19337,1,0,0,0,0
19338,1,0,0,0,0
19339,1,0,0,0,0
19340,1,0,0,0,0
19341,1,0,0,0,0
19342,1,0,0,0,0
19343,1,0,0,0,0
19344,1,0,0,0,0
19345,1,0,0,0,0
19346,1,0,0,0,0
19347,1,0,0,0,0
19348,1,0,0,0,0
19349,0,1,0,0,0
19350,0,1,0,0,0
19351,0,1,0,0,0
19352,0,1,0,0,0
19353,0,1,0,0,0
19354,0,1,0,0,0
19355,0,1,0,0,0
19356,0,1,0,0,0
19357,0,1,0,0,0
19358,0,1,0,0,0
19359,0,1,0,0,0
19360,0,1,0,0,0
19361,0,1,0,0,0
19362,0,1,0,0,0
19363,0,1,0,0,0
19364,0,1,0,0,0
19365,0,1,0,0,0
19366,0,1,0,0,0
19367,0,1,0,0,0
19368,0,1,0,0,0
19369,0,1,0,0,0
19370,0,1,0,0,0
19371,0,1,0,0,0
19372,0,1,0,0,0
19373,0,1,0,0,0
19374,0,1,0,0,0
19375,0,1,0,0,0
19376,0,1,0,0,0
19377,0,1,0,0,0
19378,0,1,0,0,0
19379,0,1,0,0,0
19380,0,1,0,0,0
19381,0,1,0,0,0
19382,0,1,0,0,0
19383,0,1,0,0,0
19384,0,1,0,0,0
19385,0,1,0,0,0
19386,0,1,0,0,0
19387,0,1,0,0,0
19388,0,1,0,0,0
19389,0,1,0,0,0
19390,0,1,0,0,0
19391,0,1,0,0,0
19392,0,1,0,0,0
19393,0,1,0,0,0
19394,0,1,0,0,0
19395,0,1,0,0,0
19396,0,1,0,0,0
19397,0,1,0,0,0
19398,0,1,0,0,0
19399,0,1,0,0,0
19400,0,1,0,0,0
19401,0,1,0,0,0
19402,0,1,0,0,0
19403,0,1,0,0,0
19404,0,1,0,0,0
19405,0,1,0,0,0
19406,0,1,0,0,0
19407,0,1,0,0,0
19408,0,1,0,0,0
19409,0,1,0,0,0
19410,0,1,0,0,0
19411,0,1,0,0,0
19412,0,1,0,0,0
19413,0,1,0,0,0
19414,0,1,0,0,0
19415,0,1,0,0,0
19416,0,1,0,0,0
19417,0,1,0,0,0
19418,0,1,0,0,0
19419,0,1,0,0,0
19420,0,1,0,0,0
19421,0,1,0,0,0
19422,0,1,0,0,0
19423,0,1,0,0,0
19424,0,1,0,0,0
19425,0,1,0,0,0
19426,0,1,0,0,0
19427,0,1,0,0,0
19428,0,1,0,0,0
19429,0,1,0,0,0
19430,0,1,0,0,0
19431,0,1,0,0,0
19432,0,1,0,0,0
19433,0,1,0,0,0
19434,0,1,0,0,0
19435,0,1,0,0,0
19436,0,1,0,0,0
19437,0,1,0,0,0
19438,0,1,0,0,0
19439,0,1,0,0,0
19440,0,1,0,0,0
19441,0,1,0,0,0
19442,0,1,0,0,0
19443,0,1,0,0,0
19444,0,1,0,0,0
19445,1,0,0,0,0
19446,1,0,0,0,0
19447,1,0,0,0,0
19448,1,0,0,0,0
19449,1,0,0,0,0
19450,1,0,0,0,0
19451,1,0,0,0,0
19452,1,0,0,0,0
19453,1,0,0,0,0
19454,1,0,0,0,0
19455,1,0,0,0,0
19456,1,0,0,0,0
19457,1,0,0,0,0
19458,1,0,0,0,0
19459,1,0,0,0,0
19460,1,0,0,0,0
19461,1,0,0,0,0
19462,1,0,0,0,0
19463,1,0,0,0,0
19464,1,0,0,0,0
19465,1,0,0,0,0
19466,1,0,0,0,0
19467,1,0,0,0,0
19468,1,0,0,0,0
19469,1,0,0,0,0
19470,1,0,0,0,0
19471,1,0,0,0,0
19472,1,0,0,0,0
19473,1,0,0,0,0
19474,1,0,0,0,0
19475,1,0,0,0,0
19476,1,0,0,0,0
19477,1,0,0,0,0
19478,1,0,0,0,0
19479,1,0,0,0,0
19480,1,0,0,0,0
19481,1,0,0,0,0
19482,1,0,0,0,0
19483,1,0,0,0,0
19484,1,0,0,0,0
19485,1,0,0,0,0
19486,1,0,0,0,0
19487,1,0,0,0,0
19488,1,0,0,0,0
19489,1,0,0,0,0
19490,1,0,0,0,0
19491,1,0,0,0,0
19492,1,0,0,0,0
19493,1,0,0,0,0
19494,1,0,0,0,0
19495,1,0,0,0,0
19496,1,0,0,0,0
19497,1,0,0,0,0
19498,1,0,0,0,0
19499,1,0,0,0,0
19500,1,0,0,0,0
19501,1,0,0,0,0
19502,1,0,0,0,0
19503,1,0,0,0,0
19504,1,0,0,0,0
19505,1,0,0,0,0
19506,1,0,0,0,0
19507,1,0,0,0,0
19508,1,0,0,0,0
19509,1,0,0,0,0
19510,1,0,0,0,0
19511,1,0,0,0,0
19512,1,0,0,0,0
19513,0,0,0,0,1
19514,0,0,0,0,1
19515,0,0,0,0,1
19516,0,0,0,0,1
19517,0,0,0,0,1
19518,0,0,0,0,1
19519,0,0,0,0,1
19520,0,0,0,0,1
19521,0,0,0,0,1
19522,0,0,0,0,1
19523,0,0,0,0,1
19524,0,0,0,0,1
19525,0,0,0,0,1
19526,0,0,0,0,1
19527,0,0,0,0,1
19528,0,0,0,0,1
19529,0,0,0,0,1
19530,0,0,0,0,1
19531,0,0,0,0,1
19532,0,0,0,0,1
19533,0,0,0,0,1
19534,0,0,0,0,1
19535,0,0,0,0,1
19536,0,0,0,0,1
19537,0,0,0,0,1
19538,0,0,0,0,1
19539,0,0,0,0,1
19540,0,0,0,0,1
19541,0,0,0,0,1
19542,0,0,0,0,1
19543,0,0,0,0,1
19544,1,0,0,0,0
19545,1,0,0,0,0
19546,1,0,0,0,0
19547,1,0,0,0,0
19548,1,0,0,0,0
19549,1,0,0,0,0
19550,1,0,0,0,0
19551,1,0,0,0,0
19552,1,0,0,0,0
19553,1,0,0,0,0
19554,1,0,0,0,0
19555,1,0,0,0,0
19556,1,0,0,0,0
19557,1,0,0,0,0
19558,1,0,0,0,0
19559,1,0,0,0,0
19560,1,0,0,0,0
19561,1,0,0,0,0
19562,1,0,0,0,0
19563,1,0,0,0,0
19564,1,0,0,0,0
19565,1,0,0,0,0
19566,1,0,0,0,0
19567,1,0,0,0,0
19568,1,0,0,0,0
19569,1,0,0,0,0
19570,1,0,0,0,0
19571,1,0,0,0,0
19572,1,0,0,0,0
19573,1,0,0,0,0
19574,1,0,0,0,0
19575,1,0,0,0,0
19576,1,0,0,0,0
19577,1,0,0,0,0
19578,1,0,0,0,0
19579,1,0,0,0,0
19580,1,0,0,0,0
19581,1,0,0,0,0
19582,1,0,0,0,0
19583,1,0,0,0,0
19584,1,0,0,0,0
19585,1,0,0,0,0
19586,1,0,0,0,0
19587,1,0,0,0,0
19588,1,0,0,0,0
19589,1,0,0,0,0
19590,1,0,0,0,0
19591,1,0,0,0,0
19592,1,0,0,0,0
19593,1,0,0,0,0
19594,1,0,0,0,0
19595,1,0,0,0,0
19596,1,0,0,0,0
19597,1,0,0,0,0
19598,1,0,0,0,0
19599,1,0,0,0,0
19600,1,0,0,0,0
19601,1,0,0,0,0
19602,1,0,0,0,0
19603,1,0,0,0,0
19604,1,0,0,0,0
19605,1,0,0,0,0
19606,1,0,0,0,0
19607,1,0,0,0,0
19608,1,0,0,0,0
19609,1,0,0,0,0
19610,1,0,0,0,0
19611,1,0,0,0,0
19612,1,0,0,0,0
19613,1,0,0,0,0
19614,1,0,0,0,0
19615,1,0,0,0,0
19616,1,0,0,0,0
19617,1,0,0,0,0
19618,1,0,0,0,0
19619,1,0,0,0,0
19620,1,0,0,0,0
19621,1,0,0,0,0
19622,1,0,0,0,0
19623,1,0,0,0,0
19624,1,0,0,0,0
19625,1,0,0,0,0
19626,1,0,0,0,0
19627,1,0,0,0,0
19628,1,0,0,0,0
19629,1,0,0,0,0
19630,1,0,0,0,0
19631,1,0,0,0,0
19632,1,0,0,0,0
19633,1,0,0,0,0
19634,1,0,0,0,0
19635,1,0,0,0,0
19636,1,0,0,0,0
19637,1,0,0,0,0
19638,1,0,0,0,0
19639,0,0,0,0,1
19640,0,0,0,0,1
19641,0,0,0,0,1
19642,0,0,0,0,1
19643,0,0,0,0,1
19644,0,0,0,0,1
19645,0,0,0,0,1
19646,0,0,0,0,1
19647,0,0,0,0,1
19648,0,0,0,0,1
19649,0,0,0,0,1
19650,0,0,0,0,1
19651,0,0,0,0,1
19652,0,0,0,0,1
19653,0,0,0,0,1
19654,0,0,0,0,1
19655,0,0,0,0,1
19656,0,0,0,0,1
19657,0,0,0,0,1
19658,0,0,0,0,1
19659,0,0,0,0,1
19660,0,0,0,0,1
19661,0,0,0,0,1
19662,0,0,0,0,1
19663,0,0,0,0,1
19664,0,0,0,0,1
19665,1,0,0,0,0
19666,1,0,0,0,0
19667,1,0,0,0,0
19668,1,0,0,0,0
19669,1,0,0,0,0
19670,1,0,0,0,0
19671,1,0,0,0,0
19672,1,0,0,0,0
19673,1,0,0,0,0
19674,1,0,0,0,0
19675,1,0,0,0,0
19676,1,0,0,0,0
19677,1,0,0,0,0
19678,1,0,0,0,0
19679,1,0,0,0,0
19680,1,0,0,0,0
19681,1,0,0,0,0
19682,1,0,0,0,0
19683,1,0,0,0,0
19684,1,0,0,0,0
19685,1,0,0,0,0
19686,1,0,0,0,0
19687,1,0,0,0,0
19688,1,0,0,0,0
19689,1,0,0,0,0
19690,1,0,0,0,0
19691,1,0,0,0,0
19692,1,0,0,0,0
19693,1,0,0,0,0
19694,0,0,0,0,1
19695,0,0,0,0,1
19696,0,0,0,0,1
19697,0,0,0,0,1
19698,0,0,0,0,1
19699,0,0,0,0,1
19700,0,0,0,0,1
19701,0,0,0,0,1
19702,0,0,0,0,1
19703,0,0,0,0,1
19704,0,0,0,0,1
19705,0,0,0,0,1
19706,0,0,0,0,1
19707,0,0,0,0,1
19708,0,0,0,0,1
19709,0,0,0,0,1
19710,0,0,0,0,1
19711,0,0,0,0,1
19712,0,0,0,0,1
19713,0,0,0,0,1
19714,0,0,0,0,1
19715,0,0,0,0,1
19716,0,0,0,0,1
19717,0,0,0,0,1
19718,0,0,0,0,1
19719,0,0,0,0,1
19720,0,0,0,0,1
19721,0,0,0,0,1
19722,0,0,0,0,1
19723,0,0,0,0,1
19724,0,0,0,0,1
19725,0,0,0,0,1
19726,0,0,0,0,1
19727,0,0,0,0,1
19728,0,0,0,0,1
19729,0,0,0,0,1
19730,0,0,0,0,1
19731,0,0,0,0,1
19732,0,0,0,0,1
19733,0,0,0,0,1
19734,0,0,0,0,1
19735,0,0,0,0,1
19736,0,0,0,0,1
19737,0,0,0,0,1
19738,0,0,0,0,1
19739,0,0,0,0,1
19740,0,0,0,0,1
19741,0,0,0,0,1
19742,0,0,0,0,1
19743,0,0,0,0,1
19744,0,0,0,0,1
19745,0,0,0,0,1
19746,0,0,0,0,1
19747,0,0,0,0,1
19748,0,0,0,0,1
19749,0,0,0,0,1
19750,0,0,0,0,1
19751,0,0,0,0,1
19752,0,0,0,0,1
19753,0,0,0,0,1
19754,0,0,0,0,1
19755,0,0,0,0,1
19756,0,0,0,0,1
19757,0,0,0,0,1
19758,0,0,0,0,1
19759,0,0,0,0,1
19760,0,0,0,0,1
19761,0,0,0,0,1
19762,0,0,0,0,1
19763,0,0,0,0,1
19764,0,0,0,0,1
19765,0,0,0,0,1
19766,0,0,0,0,1
19767,0,0,0,0,1
19768,0,0,0,0,1
19769,0,0,0,0,1
19770,0,0,0,0,1
19771,0,0,0,0,1
19772,0,0,0,0,1
19773,0,0,0,0,1
19774,0,0,0,0,1
19775,0,0,0,0,1
19776,0,0,0,0,1
19777,0,0,0,0,1
19778,0,0,0,0,1
19779,0,0,0,0,1
19780,0,0,0,0,1
19781,0,0,0,0,1
19782,0,0,0,0,1
19783,0,0,0,0,1
19784,0,0,0,0,1
19785,0,0,0,0,1
19786,0,0,0,0,1
19787,0,0,0,0,1
19788,0,0,0,0,1
19789,0,0,0,0,1
19790,0,0,0,0,1
19791,0,0,0,0,1
19792,0,0,0,0,1
19793,0,0,0,0,1
19794,0,0,0,0,1
19795,0,0,0,0,1
19796,0,0,0,0,1
19797,0,0,0,0,1
19798,0,0,0,0,1
19799,0,0,0,0,1
19800,0,0,0,0,1
19801,0,0,0,0,1
19802,0,0,0,0,1
19803,0,0,0,0,1
19804,0,0,0,0,1
19805,0,0,0,0,1
19806,0,0,0,0,1
19807,0,0,0,0,1
19808,0,0,0,0,1
19809,0,0,0,0,1
19810,0,0,0,0,1
19811,0,0,0,0,1
19812,0,0,0,0,1
19813,0,0,0,0,1
19814,0,0,0,0,1
19815,0,0,0,0,1
19816,0,0,0,0,1
19817,0,0,0,0,1
19818,0,0,0,0,1
19819,0,0,0,0,1
19820,0,0,0,0,1
19821,0,0,0,0,1
19822,0,0,0,0,1
19823,0,0,0,0,1
19824,0,0,0,0,1
19825,0,0,0,0,1
19826,0,0,0,0,1
19827,0,0,0,0,1
19828,0,0,0,0,1
19829,0,0,0,0,1
19830,0,0,0,0,1
19831,0,0,0,0,1
19832,0,0,0,0,1
19833,0,0,0,0,1
19834,0,0,0,0,1
19835,0,0,0,0,1
19836,0,0,0,0,1
19837,0,0,0,0,1
19838,0,0,0,0,1
19839,0,0,0,0,1
19840,0,0,0,0,1
19841,0,0,0,0,1
19842,0,0,0,0,1
19843,0,0,0,0,1
19844,0,0,0,0,1
19845,0,0,0,0,1
19846,0,0,0,0,1
19847,0,0,0,0,1
19848,0,0,0,0,1
19849,0,0,0,0,1
19850,0,0,0,0,1
19851,0,0,0,0,1
19852,0,0,0,0,1
19853,0,0,0,0,1
19854,0,0,0,0,1
19855,0,0,0,0,1
19856,0,0,0,0,1
19857,0,0,0,0,1
19858,0,0,0,0,1
19859,0,0,0,0,1
19860,0,0,0,0,1
19861,0,0,0,0,1
19862,0,0,0,0,1
19863,0,0,0,0,1
19864,0,0,0,0,1
19865,0,0,0,0,1
19866,0,0,0,0,1
19867,0,0,0,0,1
19868,0,0,0,0,1
19869,0,0,0,0,1
19870,0,0,0,0,1
19871,0,0,0,0,1
19872,0,0,0,0,1
19873,0,0,0,0,1
19874,0,0,0,0,1
19875,0,0,0,0,1
19876,0,0,0,0,1
19877,0,0,0,0,1
19878,0,0,0,0,1
19879,0,0,0,0,1
19880,0,0,0,0,1
19881,0,0,0,0,1
19882,0,0,0,0,1
19883,0,0,0,0,1
19884,0,0,0,0,1
19885,0,0,0,0,1
19886,0,0,0,0,1
19887,0,0,0,0,1
19888,0,0,0,0,1
19889,0,0,0,0,1
19890,0,0,0,0,1
19891,0,0,0,0,1
19892,0,0,0,0,1
19893,0,0,0,0,1
19894,0,0,0,0,1
19895,0,0,0,0,1
19896,0,0,0,0,1
19897,0,0,0,0,1
19898,0,0,0,0,1
19899,0,0,0,0,1
19900,0,0,0,0,1
19901,0,0,0,0,1
19902,0,0,0,0,1
19903,0,0,0,0,1
19904,0,0,0,0,1
19905,0,0,0,0,1
19906,0,0,0,0,1
19907,0,0,0,0,1
19908,0,0,0,0,1
19909,0,0,0,0,1
19910,0,0,0,0,1
19911,0,0,0,0,1
19912,0,0,0,0,1
19913,0,0,0,0,1
19914,0,0,0,0,1
19915,0,0,0,0,1
19916,0,0,0,0,1
19917,0,0,0,0,1
19918,0,0,0,0,1
19919,0,0,0,0,1
19920,0,0,0,0,1
19921,0,0,0,0,1
19922,0,0,0,0,1
19923,0,0,0,0,1
19924,0,0,0,0,1
19925,0,0,0,0,1
19926,0,0,0,0,1
19927,0,0,0,0,1
19928,0,0,0,0,1
19929,0,0,0,0,1
19930,0,0,0,0,1
19931,0,0,0,0,1
19932,0,0,0,0,1
19933,0,0,0,0,1
19934,0,0,0,0,1
19935,0,0,0,0,1
19936,0,0,0,0,1
19937,0,0,0,0,1
19938,0,0,0,0,1
19939,0,0,0,0,1
19940,0,0,0,0,1
19941,0,0,0,0,1
19942,0,0,0,0,1
19943,0,0,0,0,1
19944,0,0,0,0,1
19945,0,0,0,0,1
19946,0,0,0,0,1
19947,0,0,0,0,1
19948,0,0,0,0,1
19949,0,0,0,0,1
19950,0,0,0,0,1
19951,0,0,0,0,1
19952,0,0,0,0,1
19953,0,0,0,0,1
19954,0,0,0,0,1
19955,0,0,0,0,1
19956,0,0,0,0,1
19957,0,0,0,0,1
19958,0,0,0,0,1
19959,0,0,0,0,1
19960,0,0,0,0,1
19961,0,0,0,0,1
19962,0,0,0,0,1
19963,0,0,0,0,1
19964,0,0,0,0,1
19965,0,0,0,0,1
19966,0,0,0,0,1
19967,0,0,0,0,1
19968,0,0,0,0,1
19969,0,0,0,0,1
19970,0,0,0,0,1
19971,0,0,0,0,1
19972,0,0,0,0,1
19973,0,0,0,0,1
19974,0,0,0,0,1
19975,0,0,0,0,1
19976,0,0,0,0,1
19977,0,0,0,0,1
19978,0,0,0,0,1
19979,0,0,0,0,1
19980,0,0,0,0,1
19981,0,0,0,0,1
19982,0,0,0,0,1
19983,0,0,0,0,1
19984,0,0,0,0,1
19985,0,0,0,0,1
19986,0,0,0,0,1
19987,0,0,0,0,1
19988,0,0,0,0,1
19989,0,0,0,0,1
19990,0,0,0,0,1
19991,0,0,0,0,1
19992,0,0,0,0,1
19993,0,0,0,0,1
19994,0,0,0,0,1
19995,0,0,0,0,1
19996,0,0,0,0,1
19997,1,0,0,0,0
19998,1,0,0,0,0
19999,1,0,0,0,0
20000,1,0,0,0,0
20001,1,0,0,0,0
20002,1,0,0,0,0
20003,1,0,0,0,0
20004,1,0,0,0,0
20005,1,0,0,0,0
20006,1,0,0,0,0
20007,1,0,0,0,0
20008,1,0,0,0,0
20009,1,0,0,0,0
20010,1,0,0,0,0
20011,1,0,0,0,0
20012,1,0,0,0,0
20013,1,0,0,0,0
20014,1,0,0,0,0
20015,1,0,0,0,0
20016,1,0,0,0,0
20017,1,0,0,0,0
20018,1,0,0,0,0
20019,1,0,0,0,0
20020,1,0,0,0,0
20021,1,0,0,0,0
20022,1,0,0,0,0
20023,1,0,0,0,0
20024,1,0,0,0,0
20025,1,0,0,0,0
20026,1,0,0,0,0
20027,1,0,0,0,0
20028,1,0,0,0,0
20029,1,0,0,0,0
20030,1,0,0,0,0
20031,1,0,0,0,0
20032,1,0,0,0,0
20033,1,0,0,0,0
20034,1,0,0,0,0
20035,1,0,0,0,0
20036,1,0,0,0,0
20037,1,0,0,0,0
20038,1,0,0,0,0
20039,1,0,0,0,0
20040,1,0,0,0,0
20041,1,0,0,0,0
20042,1,0,0,0,0
20043,1,0,0,0,0
20044,1,0,0,0,0
20045,1,0,0,0,0
20046,1,0,0,0,0
20047,1,0,0,0,0
20048,1,0,0,0,0
20049,1,0,0,0,0
20050,1,0,0,0,0
20051,1,0,0,0,0
20052,1,0,0,0,0
20053,1,0,0,0,0
20054,1,0,0,0,0
20055,1,0,0,0,0
20056,1,0,0,0,0
20057,1,0,0,0,0
20058,1,0,0,0,0
20059,1,0,0,0,0
20060,1,0,0,0,0
20061,1,0,0,0,0
20062,1,0,0,0,0
20063,1,0,0,0,0
20064,1,0,0,0,0
20065,1,0,0,0,0
20066,1,0,0,0,0
20067,1,0,0,0,0
20068,1,0,0,0,0
20069,1,0,0,0,0
20070,1,0,0,0,0
20071,1,0,0,0,0
20072,1,0,0,0,0
20073,1,0,0,0,0
20074,1,0,0,0,0
20075,1,0,0,0,0
20076,1,0,0,0,0
20077,1,0,0,0,0
20078,1,0,0,0,0
20079,1,0,0,0,0
20080,1,0,0,0,0
20081,1,0,0,0,0
20082,1,0,0,0,0
20083,0,1,0,0,0
20084,0,1,0,0,0
20085,0,1,0,0,0
20086,0,1,0,0,0
20087,0,1,0,0,0
20088,0,1,0,0,0
20089,0,1,0,0,0
20090,0,1,0,0,0
20091,0,1,0,0,0
20092,0,1,0,0,0
20093,0,1,0,0,0
20094,0,1,0,0,0
20095,0,1,0,0,0
20096,0,1,0,0,0
20097,0,1,0,0,0
20098,0,1,0,0,0
20099,0,1,0,0,0
20100,0,1,0,0,0
20101,0,1,0,0,0
20102,0,1,0,0,0
20103,0,1,0,0,0
20104,0,1,0,0,0
20105,0,1,0,0,0
20106,0,1,0,0,0
20107,0,1,0,0,0
20108,0,1,0,0,0
20109,0,1,0,0,0
20110,0,1,0,0,0
20111,0,1,0,0,0
20112,0,1,0,0,0
20113,0,1,0,0,0
20114,0,1,0,0,0
20115,0,1,0,0,0
20116,0,1,0,0,0
20117,0,1,0,0,0
20118,0,1,0,0,0
20119,0,1,0,0,0
20120,0,1,0,0,0
20121,0,1,0,0,0
20122,0,1,0,0,0
20123,0,1,0,0,0
20124,0,1,0,0,0
20125,0,1,0,0,0
20126,0,1,0,0,0
20127,0,1,0,0,0
20128,0,1,0,0,0
20129,0,1,0,0,0
20130,0,1,0,0,0
20131,0,1,0,0,0
20132,0,1,0,0,0
20133,0,1,0,0,0
20134,0,1,0,0,0
20135,0,1,0,0,0
20136,0,1,0,0,0
20137,0,1,0,0,0
20138,1,0,0,0,0
20139,1,0,0,0,0
20140,1,0,0,0,0
20141,1,0,0,0,0
20142,0,0,0,0,1
20143,0,0,0,0,1
20144,0,0,0,0,1
20145,0,0,0,0,1
20146,0,0,0,0,1
20147,0,0,0,0,1
20148,0,0,0,0,1
20149,0,0,0,0,1
20150,0,0,0,0,1
20151,0,0,0,0,1
20152,0,0,0,0,1
20153,0,0,0,0,1
20154,0,0,0,0,1
20155,0,0,0,0,1
20156,0,0,0,0,1
20157,0,0,0,0,1
20158,0,0,0,0,1
20159,0,0,0,0,1
20160,0,0,0,0,1
20161,0,0,0,0,1
20162,0,0,0,0,1
20163,0,0,0,0,1
20164,0,0,0,0,1
20165,0,0,0,0,1
20166,0,0,0,0,1
20167,0,0,0,0,1
20168,0,0,0,0,1
20169,1,0,0,0,0
20170,1,0,0,0,0
20171,1,0,0,0,0
20172,1,0,0,0,0
20173,1,0,0,0,0
20174,1,0,0,0,0
20175,1,0,0,0,0
20176,1,0,0,0,0
20177,1,0,0,0,0
20178,1,0,0,0,0
20179,1,0,0,0,0
20180,1,0,0,0,0
20181,1,0,0,0,0
20182,1,0,0,0,0
20183,1,0,0,0,0
20184,1,0,0,0,0
20185,1,0,0,0,0
20186,1,0,0,0,0
20187,0,1,0,0,0
20188,0,1,0,0,0
20189,0,1,0,0,0
20190,0,1,0,0,0
20191,0,1,0,0,0
20192,0,1,0,0,0
20193,0,1,0,0,0
20194,0,1,0,0,0
20195,0,1,0,0,0
20196,0,1,0,0,0
20197,0,1,0,0,0
20198,0,1,0,0,0
20199,0,1,0,0,0
20200,0,1,0,0,0
20201,0,1,0,0,0
20202,0,1,0,0,0
20203,0,1,0,0,0
20204,0,1,0,0,0
20205,0,1,0,0,0
20206,0,1,0,0,0
20207,0,1,0,0,0
20208,0,1,0,0,0
20209,0,1,0,0,0
20210,0,1,0,0,0
20211,0,1,0,0,0
20212,0,1,0,0,0
20213,0,1,0,0,0
20214,0,1,0,0,0
20215,0,1,0,0,0
20216,0,1,0,0,0
20217,0,1,0,0,0
20218,0,1,0,0,0
20219,0,1,0,0,0
20220,0,1,0,0,0
20221,0,1,0,0,0
20222,1,0,0,0,0
20223,1,0,0,0,0
20224,1,0,0,0,0
20225,1,0,0,0,0
20226,1,0,0,0,0
20227,1,0,0,0,0
20228,1,0,0,0,0
20229,1,0,0,0,0
20230,1,0,0,0,0
20231,1,0,0,0,0
20232,1,0,0,0,0
20233,1,0,0,0,0
20234,1,0,0,0,0
20235,1,0,0,0,0
20236,1,0,0,0,0
20237,1,0,0,0,0
20238,1,0,0,0,0
20239,1,0,0,0,0
20240,1,0,0,0,0
20241,1,0,0,0,0
20242,1,0,0,0,0
20243,1,0,0,0,0
20244,1,0,0,0,0
20245,1,0,0,0,0
20246,1,0,0,0,0
20247,1,0,0,0,0
20248,1,0,0,0,0
20249,1,0,0,0,0
20250,1,0,0,0,0
20251,1,0,0,0,0
20252,1,0,0,0,0
20253,1,0,0,0,0
20254,1,0,0,0,0
20255,1,0,0,0,0
20256,1,0,0,0,0
20257,1,0,0,0,0
20258,0,0,0,0,1
20259,0,0,0,0,1
20260,0,0,0,0,1
20261,0,0,0,0,1
20262,0,0,0,0,1
20263,0,0,0,0,1
20264,0,0,0,0,1
20265,0,0,0,0,1
20266,0,0,0,0,1
20267,0,0,0,0,1
20268,0,0,0,0,1
20269,0,0,0,0,1
20270,0,0,0,0,1
20271,0,0,0,0,1
20272,0,0,0,0,1
20273,0,0,0,0,1
20274,0,0,0,0,1
20275,0,0,0,0,1
20276,0,0,0,0,1
20277,0,0,0,0,1
20278,0,0,0,0,1
20279,0,0,0,0,1
20280,0,0,0,0,1
20281,0,0,0,0,1
20282,0,0,0,0,1
20283,0,0,0,0,1
20284,0,0,0,0,1
20285,0,0,0,0,1
20286,0,0,0,0,1
20287,0,0,0,0,1
20288,0,0,0,0,1
20289,0,0,0,0,1
20290,0,0,0,0,1
20291,0,0,0,0,1
20292,0,0,0,0,1
20293,0,0,0,0,1
20294,0,0,0,0,1
20295,0,0,0,0,1
20296,0,0,0,0,1
20297,0,0,0,0,1
20298,0,0,0,0,1
20299,0,0,0,0,1
20300,0,0,0,0,1
20301,0,0,0,0,1
20302,0,0,0,0,1
20303,0,0,0,0,1
20304,0,0,0,0,1
20305,0,0,0,0,1
20306,0,0,0,0,1
20307,0,0,0,0,1
20308,0,0,0,0,1
20309,0,0,0,0,1
20310,0,0,0,0,1
20311,0,0,0,0,1
20312,0,0,0,0,1
20313,0,0,0,0,1
20314,0,0,0,0,1
20315,0,0,0,0,1
20316,0,0,0,0,1
20317,0,0,0,0,1
20318,0,0,0,0,1
20319,0,0,0,0,1
20320,0,0,0,0,1
20321,0,0,0,0,1
20322,0,0,0,0,1
20323,0,0,0,0,1
20324,0,0,0,0,1
20325,0,0,0,0,1
20326,0,0,0,0,1
20327,0,0,0,0,1
20328,0,0,0,0,1
20329,0,0,0,0,1
20330,0,0,0,0,1
20331,0,0,0,0,1
20332,0,0,0,0,1
20333,0,0,0,0,1
20334,0,0,0,0,1
20335,0,0,0,0,1
20336,1,0,0,0,0
20337,1,0,0,0,0
20338,1,0,0,0,0
20339,1,0,0,0,0
20340,1,0,0,0,0
20341,1,0,0,0,0
20342,1,0,0,0,0
20343,1,0,0,0,0
20344,1,0,0,0,0
20345,1,0,0,0,0
20346,1,0,0,0,0
20347,1,0,0,0,0
20348,1,0,0,0,0
20349,1,0,0,0,0
20350,1,0,0,0,0
20351,1,0,0,0,0
20352,1,0,0,0,0
20353,1,0,0,0,0
20354,1,0,0,0,0
20355,1,0,0,0,0
20356,1,0,0,0,0
20357,1,0,0,0,0
20358,1,0,0,0,0
20359,1,0,0,0,0
20360,1,0,0,0,0
20361,1,0,0,0,0
20362,1,0,0,0,0
20363,1,0,0,0,0
20364,1,0,0,0,0
20365,1,0,0,0,0
20366,1,0,0,0,0
20367,1,0,0,0,0
20368,1,0,0,0,0
20369,1,0,0,0,0
20370,1,0,0,0,0
20371,1,0,0,0,0
20372,1,0,0,0,0
20373,1,0,0,0,0
20374,1,0,0,0,0
20375,1,0,0,0,0
20376,1,0,0,0,0
20377,1,0,0,0,0
20378,1,0,0,0,0
20379,1,0,0,0,0
20380,1,0,0,0,0
20381,1,0,0,0,0
20382,1,0,0,0,0
20383,1,0,0,0,0
20384,1,0,0,0,0
20385,1,0,0,0,0
20386,1,0,0,0,0
20387,1,0,0,0,0
20388,1,0,0,0,0
20389,1,0,0,0,0
20390,1,0,0,0,0
20391,1,0,0,0,0
20392,1,0,0,0,0
20393,1,0,0,0,0
20394,1,0,0,0,0
20395,1,0,0,0,0
20396,1,0,0,0,0
20397,1,0,0,0,0
20398,1,0,0,0,0
20399,1,0,0,0,0
20400,1,0,0,0,0
20401,1,0,0,0,0
20402,1,0,0,0,0
20403,1,0,0,0,0
20404,1,0,0,0,0
20405,1,0,0,0,0
20406,1,0,0,0,0
20407,1,0,0,0,0
20408,1,0,0,0,0
20409,1,0,0,0,0
20410,1,0,0,0,0
20411,1,0,0,0,0
20412,1,0,0,0,0
20413,1,0,0,0,0
20414,1,0,0,0,0
20415,1,0,0,0,0
20416,1,0,0,0,0
20417,1,0,0,0,0
20418,1,0,0,0,0
20419,1,0,0,0,0
20420,1,0,0,0,0
20421,1,0,0,0,0
20422,1,0,0,0,0
20423,1,0,0,0,0
20424,1,0,0,0,0
20425,1,0,0,0,0
20426,1,0,0,0,0
20427,1,0,0,0,0
20428,1,0,0,0,0
20429,1,0,0,0,0
20430,1,0,0,0,0
20431,1,0,0,0,0
20432,1,0,0,0,0
20433,1,0,0,0,0
20434,1,0,0,0,0
20435,1,0,0,0,0
20436,1,0,0,0,0
20437,1,0,0,0,0
20438,1,0,0,0,0
20439,1,0,0,0,0
20440,1,0,0,0,0
20441,1,0,0,0,0
20442,1,0,0,0,0
20443,1,0,0,0,0
20444,1,0,0,0,0
20445,1,0,0,0,0
20446,1,0,0,0,0
20447,1,0,0,0,0
20448,1,0,0,0,0
20449,1,0,0,0,0
20450,1,0,0,0,0
20451,1,0,0,0,0
20452,1,0,0,0,0
20453,1,0,0,0,0
20454,1,0,0,0,0
20455,1,0,0,0,0
20456,1,0,0,0,0
20457,1,0,0,0,0
20458,1,0,0,0,0
20459,1,0,0,0,0
20460,1,0,0,0,0
20461,1,0,0,0,0
20462,1,0,0,0,0
20463,1,0,0,0,0
20464,1,0,0,0,0
20465,1,0,0,0,0
20466,1,0,0,0,0
20467,1,0,0,0,0
20468,1,0,0,0,0
20469,1,0,0,0,0
20470,1,0,0,0,0
20471,1,0,0,0,0
20472,1,0,0,0,0
20473,1,0,0,0,0
20474,1,0,0,0,0
20475,1,0,0,0,0
20476,1,0,0,0,0
20477,1,0,0,0,0
20478,1,0,0,0,0
20479,1,0,0,0,0
20480,1,0,0,0,0
20481,1,0,0,0,0
20482,1,0,0,0,0
20483,1,0,0,0,0
20484,1,0,0,0,0
20485,1,0,0,0,0
20486,1,0,0,0,0
20487,1,0,0,0,0
20488,1,0,0,0,0
20489,1,0,0,0,0
20490,1,0,0,0,0
20491,1,0,0,0,0
20492,1,0,0,0,0
20493,1,0,0,0,0
20494,0,0,0,0,1
20495,0,0,0,0,1
20496,0,0,0,0,1
20497,0,0,0,0,1
20498,0,0,0,0,1
20499,0,0,0,0,1
20500,0,0,0,0,1
20501,0,0,0,0,1
20502,0,0,0,0,1
20503,0,0,0,0,1
20504,0,0,0,0,1
20505,0,0,0,0,1
20506,0,0,0,0,1
20507,0,0,0,0,1
20508,0,0,0,0,1
20509,0,0,0,0,1
20510,0,0,0,0,1
20511,0,0,0,0,1
20512,0,0,0,0,1
20513,0,0,0,0,1
20514,0,0,0,0,1
20515,0,0,0,0,1
20516,0,0,0,0,1
20517,0,0,0,0,1
20518,0,0,0,0,1
20519,0,0,0,0,1
20520,0,0,0,0,1
20521,0,0,0,0,1
20522,0,0,0,0,1
20523,0,0,0,0,1
20524,0,0,0,0,1
20525,0,0,0,0,1
20526,0,0,0,0,1
20527,0,0,0,0,1
20528,0,0,0,0,1
20529,0,0,0,0,1
20530,0,0,0,0,1
20531,0,0,0,0,1
20532,0,0,0,0,1
20533,0,0,0,0,1
20534,0,0,0,0,1
20535,0,0,0,0,1
20536,0,0,0,0,1
20537,0,0,0,0,1
20538,0,0,0,0,1
20539,0,0,0,0,1
20540,0,0,0,0,1
20541,0,0,0,0,1
20542,0,0,0,0,1
20543,0,0,0,0,1
20544,0,0,0,0,1
20545,0,0,0,0,1
20546,0,0,0,0,1
20547,0,0,0,0,1
20548,0,0,0,0,1
20549,0,0,0,0,1
20550,0,0,0,0,1
20551,0,0,0,0,1
20552,0,0,0,0,1
20553,0,0,0,0,1
20554,0,0,0,0,1
20555,0,0,0,0,1
20556,0,0,0,0,1
20557,0,0,0,0,1
20558,0,0,0,0,1
20559,0,0,0,0,1
20560,0,0,0,0,1
20561,1,0,0,0,0
20562,1,0,0,0,0
20563,1,0,0,0,0
20564,1,0,0,0,0
20565,1,0,0,0,0
20566,1,0,0,0,0
20567,1,0,0,0,0
20568,1,0,0,0,0
20569,1,0,0,0,0
20570,1,0,0,0,0
20571,1,0,0,0,0
20572,1,0,0,0,0
20573,1,0,0,0,0
20574,1,0,0,0,0
20575,1,0,0,0,0
20576,1,0,0,0,0
20577,1,0,0,0,0
20578,1,0,0,0,0
20579,1,0,0,0,0
20580,1,0,0,0,0
20581,1,0,0,0,0
20582,1,0,0,0,0
20583,1,0,0,0,0
20584,1,0,0,0,0
20585,1,0,0,0,0
20586,1,0,0,0,0
20587,1,0,0,0,0
20588,1,0,0,0,0
20589,1,0,0,0,0
20590,1,0,0,0,0
20591,0,0,0,0,1
20592,0,0,0,0,1
20593,0,0,0,0,1
20594,0,0,0,0,1
20595,0,0,0,0,1
20596,0,0,0,0,1
20597,0,0,0,0,1
20598,0,0,0,0,1
20599,0,0,0,0,1
20600,0,0,0,0,1
20601,0,0,0,0,1
20602,0,0,0,0,1
20603,0,0,0,0,1
20604,0,0,0,0,1
20605,0,0,0,0,1
20606,0,0,0,0,1
20607,0,0,0,0,1
20608,0,0,0,0,1
20609,0,0,0,0,1
20610,0,0,0,0,1
20611,0,0,0,0,1
20612,0,0,0,0,1
20613,0,0,0,0,1
20614,0,0,0,0,1
20615,0,0,0,0,1
20616,0,0,0,0,1
20617,0,0,0,0,1
20618,0,0,0,0,1
20619,0,0,0,0,1
20620,0,0,0,0,1
20621,0,0,0,0,1
20622,0,0,0,0,1
20623,0,0,0,0,1
20624,0,0,0,0,1
20625,0,0,0,0,1
20626,0,0,0,0,1
20627,0,0,0,0,1
20628,0,0,0,0,1
20629,0,0,0,0,1
20630,0,0,0,0,1
20631,0,0,0,0,1
20632,0,0,0,0,1
20633,0,0,0,0,1
20634,0,0,0,0,1
20635,0,0,0,0,1
20636,0,0,0,0,1
20637,0,0,0,0,1
20638,0,0,0,0,1
20639,0,0,0,0,1
20640,0,0,0,0,1
20641,0,0,0,0,1
20642,0,0,0,0,1
20643,0,0,0,0,1
20644,0,0,0,0,1
20645,0,0,0,0,1
20646,0,0,0,0,1
20647,0,0,0,0,1
20648,0,0,0,0,1
20649,0,0,0,0,1
20650,0,0,0,0,1
20651,0,0,0,0,1
20652,0,0,0,0,1
20653,0,0,0,0,1
20654,0,0,0,0,1
20655,0,0,0,0,1
20656,0,0,0,0,1
20657,0,0,0,0,1
20658,0,0,0,0,1
20659,0,0,0,0,1
20660,0,0,0,0,1
20661,0,0,0,0,1
20662,0,0,0,0,1
20663,0,0,0,0,1
20664,0,0,0,0,1
20665,0,0,0,0,1
20666,0,0,0,0,1
20667,0,0,0,0,1
20668,0,0,0,0,1
20669,0,0,0,0,1
20670,0,0,0,0,1
20671,0,0,0,0,1
20672,0,0,0,0,1
20673,0,0,0,0,1
20674,0,0,0,0,1
20675,0,0,0,0,1
20676,0,0,0,0,1
20677,0,0,0,0,1
20678,0,0,0,0,1
20679,0,0,0,0,1
20680,0,0,0,0,1
20681,0,0,0,0,1
20682,0,0,0,0,1
20683,0,0,0,0,1
20684,0,0,0,0,1
20685,0,0,0,0,1
20686,0,0,0,0,1
20687,0,0,0,0,1
20688,0,0,0,0,1
20689,0,0,0,0,1
20690,0,0,0,0,1
20691,0,0,0,0,1
20692,0,0,0,0,1
20693,0,0,0,0,1
20694,0,0,0,0,1
20695,0,0,0,0,1
20696,0,0,0,0,1
20697,0,0,0,0,1
20698,0,0,0,0,1
20699,0,0,0,0,1
20700,0,0,0,0,1
20701,0,0,0,0,1
20702,0,0,0,0,1
20703,0,0,0,0,1
20704,0,0,0,0,1
20705,0,0,0,0,1
20706,0,0,0,0,1
20707,0,0,0,0,1
20708,0,0,0,0,1
20709,0,0,0,0,1
20710,0,0,0,0,1
20711,0,0,0,0,1
20712,0,0,0,0,1
20713,0,0,0,0,1
20714,0,0,0,0,1
20715,0,0,0,0,1
20716,0,0,0,0,1
20717,0,0,0,0,1
20718,0,0,0,0,1
20719,0,0,0,0,1
20720,0,0,0,0,1
20721,0,0,0,0,1
20722,0,0,0,0,1
20723,0,0,0,0,1
20724,0,0,0,0,1
20725,0,0,0,0,1
20726,0,0,0,0,1
20727,0,0,0,0,1
20728,0,0,0,0,1
20729,0,0,0,0,1
20730,0,0,0,0,1
20731,0,0,0,0,1
20732,0,0,0,0,1
20733,0,0,0,0,1
20734,0,0,0,0,1
20735,0,0,0,0,1
20736,0,0,0,0,1
20737,0,0,0,0,1
20738,0,0,0,0,1
20739,0,0,0,0,1
20740,0,0,0,0,1
20741,0,0,0,0,1
20742,0,0,0,0,1
20743,0,0,0,0,1
20744,0,0,0,0,1
20745,0,0,0,0,1
20746,0,0,0,0,1
20747,0,0,0,0,1
20748,0,0,0,0,1
20749,0,0,0,0,1
20750,0,0,0,0,1
20751,0,0,0,0,1
20752,0,0,0,0,1
20753,0,0,0,0,1
20754,0,0,0,0,1
20755,0,0,0,0,1
20756,0,0,0,0,1
20757,0,0,0,0,1
20758,0,0,0,0,1
20759,0,0,0,0,1
20760,0,0,0,0,1
20761,0,0,0,0,1
20762,0,0,0,0,1
20763,0,0,0,0,1
20764,0,0,0,0,1
20765,0,0,0,0,1
20766,0,0,0,0,1
20767,0,0,0,0,1
20768,0,0,0,0,1
20769,0,0,0,0,1
20770,0,0,0,0,1
20771,0,0,0,0,1
20772,0,0,0,0,1
20773,0,0,0,0,1
20774,0,0,0,0,1
20775,0,0,0,0,1
20776,0,0,0,0,1
20777,0,0,0,0,1
20778,0,0,0,0,1
20779,0,0,0,0,1
20780,0,0,0,0,1
20781,0,0,0,0,1
20782,0,0,0,0,1
20783,0,0,0,0,1
20784,0,0,0,0,1
20785,0,0,0,0,1
20786,0,0,0,0,1
20787,0,0,0,0,1
20788,0,0,0,0,1
20789,0,0,0,0,1
20790,0,0,0,0,1
20791,0,0,0,0,1
20792,0,0,0,0,1
20793,0,0,0,0,1
20794,0,0,0,0,1
20795,0,0,0,0,1
20796,0,0,0,0,1
20797,0,0,0,0,1
20798,0,0,0,0,1
20799,0,0,0,0,1
20800,0,0,0,0,1
20801,0,0,0,0,1
20802,0,0,0,0,1
20803,0,0,0,0,1
20804,0,0,0,0,1
20805,0,0,0,0,1
20806,0,0,0,0,1
20807,0,0,0,0,1
20808,0,0,0,0,1
20809,0,0,0,0,1
20810,0,0,0,0,1
20811,0,0,0,0,1
20812,0,0,0,0,1
20813,0,0,0,0,1
20814,0,0,0,0,1
20815,0,0,0,0,1
20816,0,0,0,0,1
20817,0,0,0,0,1
20818,0,0,0,0,1
20819,0,0,0,0,1
20820,0,0,0,0,1
20821,0,0,0,0,1
20822,0,0,0,0,1
20823,0,0,0,0,1
20824,0,0,0,0,1
20825,0,0,0,0,1
20826,0,0,0,0,1
20827,0,0,0,0,1
20828,0,0,0,0,1
20829,0,0,0,0,1
20830,0,0,0,0,1
20831,0,0,0,0,1
20832,0,0,0,0,1
20833,0,0,0,0,1
20834,0,0,0,0,1
20835,0,0,0,0,1
20836,0,0,0,0,1
20837,0,0,0,0,1
20838,0,0,0,0,1
20839,0,0,0,0,1
20840,0,0,0,0,1
20841,0,0,0,0,1
20842,0,0,0,0,1
20843,0,0,0,0,1
20844,0,0,0,0,1
20845,0,0,0,0,1
20846,0,0,0,0,1
20847,0,0,0,0,1
20848,0,0,0,0,1
20849,0,0,0,0,1
20850,0,0,0,0,1
20851,0,0,0,0,1
20852,0,0,0,0,1
20853,0,0,0,0,1
20854,0,0,0,0,1
20855,0,0,0,0,1
20856,0,0,0,0,1
20857,0,0,0,0,1
20858,0,0,0,0,1
20859,0,0,0,0,1
20860,0,0,0,0,1
20861,0,0,0,0,1
20862,0,0,0,0,1
20863,0,0,0,0,1
20864,0,0,0,0,1
20865,0,0,0,0,1
20866,0,0,0,0,1
20867,0,0,0,0,1
20868,0,0,0,0,1
20869,0,0,0,0,1
20870,0,0,0,0,1
20871,0,0,0,0,1
20872,0,0,0,0,1
20873,0,0,0,0,1
20874,0,0,0,0,1
20875,0,0,0,0,1
20876,0,0,0,0,1
20877,0,0,0,0,1
20878,0,0,0,0,1
20879,0,0,0,0,1
20880,0,0,0,0,1
20881,0,0,0,0,1
20882,0,0,0,0,1
20883,0,0,0,0,1
20884,0,0,0,0,1
20885,0,0,0,0,1
20886,0,0,0,0,1
20887,0,0,0,0,1
20888,0,0,0,0,1
20889,0,0,0,0,1
20890,0,0,0,0,1
20891,0,0,0,0,1
20892,0,0,0,0,1
20893,0,0,0,0,1
20894,0,0,0,0,1
20895,0,0,0,0,1
20896,0,0,0,0,1
20897,0,0,0,0,1
20898,0,0,0,0,1
20899,0,0,0,0,1
20900,0,0,0,0,1
20901,0,0,0,0,1
20902,0,0,0,0,1
20903,0,0,0,0,1
20904,0,0,0,0,1
20905,0,0,0,0,1
20906,0,0,0,0,1
20907,0,0,0,0,1
20908,0,0,0,0,1
20909,0,0,0,0,1
20910,0,0,0,0,1
20911,0,0,0,0,1
20912,0,0,0,0,1
20913,0,0,0,0,1
20914,0,0,0,0,1
20915,0,0,0,0,1
20916,0,0,0,0,1
20917,0,0,0,0,1
20918,0,0,0,0,1
20919,0,0,0,0,1
20920,0,0,0,0,1
20921,0,0,0,0,1
20922,0,0,0,0,1
20923,0,0,0,0,1
20924,0,0,0,0,1
20925,0,0,0,0,1
20926,0,0,0,0,1
20927,0,0,0,0,1
20928,0,0,0,0,1
20929,0,0,0,0,1
20930,1,0,0,0,0
20931,1,0,0,0,0
20932,1,0,0,0,0
20933,1,0,0,0,0
20934,1,0,0,0,0
20935,1,0,0,0,0
20936,1,0,0,0,0
20937,1,0,0,0,0
20938,1,0,0,0,0
20939,1,0,0,0,0
20940,1,0,0,0,0
20941,1,0,0,0,0
20942,1,0,0,0,0
20943,1,0,0,0,0
20944,1,0,0,0,0
20945,1,0,0,0,0
20946,1,0,0,0,0
20947,1,0,0,0,0
20948,1,0,0,0,0
20949,1,0,0,0,0
20950,1,0,0,0,0
20951,1,0,0,0,0
20952,1,0,0,0,0
20953,1,0,0,0,0
20954,1,0,0,0,0
20955,0,0,0,0,1
20956,0,0,0,0,1
20957,0,0,0,0,1
20958,0,0,0,0,1
20959,0,0,0,0,1
20960,0,0,0,0,1
20961,0,0,0,0,1
20962,0,0,0,0,1
20963,0,0,0,0,1
20964,0,0,0,0,1
20965,0,0,0,0,1
20966,0,0,0,0,1
20967,0,0,0,0,1
20968,0,0,0,0,1
20969,0,0,0,0,1
20970,0,0,0,0,1
20971,0,0,0,0,1
20972,0,0,0,0,1
20973,0,0,0,0,1
20974,0,0,0,0,1
20975,0,0,0,0,1
20976,0,0,0,0,1
20977,0,0,0,0,1
20978,0,0,0,0,1
20979,0,0,0,0,1
20980,0,0,0,0,1
20981,0,0,0,0,1
20982,0,0,0,0,1
20983,0,0,0,0,1
20984,0,0,0,0,1
20985,0,0,0,0,1
20986,0,0,0,0,1
20987,0,0,0,0,1
20988,0,0,0,0,1
20989,0,0,0,0,1
20990,0,0,0,0,1
20991,0,0,0,0,1
20992,0,0,0,0,1
20993,0,0,0,0,1
20994,0,0,0,0,1
20995,0,0,0,0,1
20996,0,0,0,0,1
20997,0,0,0,0,1
20998,0,0,0,0,1
20999,0,0,0,0,1
21000,0,0,0,0,1
21001,0,0,0,0,1
21002,0,0,0,0,1
21003,0,0,0,0,1
21004,0,0,0,0,1
21005,0,0,0,0,1
21006,0,0,0,0,1
21007,0,0,0,0,1
21008,0,0,0,0,1
21009,0,0,0,0,1
21010,0,0,0,0,1
21011,0,0,0,0,1
21012,0,0,0,0,1
21013,0,0,0,0,1
21014,0,0,0,0,1
21015,0,0,0,0,1
21016,0,0,0,0,1
21017,0,0,0,0,1
21018,0,0,0,0,1
21019,0,0,0,0,1
21020,0,0,0,0,1
21021,0,0,0,0,1
21022,0,0,0,0,1
21023,0,0,0,0,1
21024,0,0,0,0,1
21025,0,0,0,0,1
21026,0,0,0,0,1
21027,0,0,0,0,1
21028,0,0,0,0,1
21029,0,0,0,0,1
21030,0,0,0,0,1
21031,0,0,0,0,1
21032,0,0,0,0,1
21033,0,0,0,0,1
21034,0,0,0,0,1
21035,0,0,0,0,1
21036,0,0,0,0,1
21037,0,0,0,0,1
21038,0,0,0,0,1
21039,0,0,0,0,1
21040,0,0,0,0,1
21041,0,0,0,0,1
21042,0,0,0,0,1
21043,0,0,0,0,1
21044,0,0,0,0,1
21045,0,0,0,0,1
21046,0,0,0,0,1
21047,0,0,0,0,1
21048,0,0,0,0,1
21049,0,0,0,0,1
21050,0,0,0,0,1
21051,0,0,0,0,1
21052,0,0,0,0,1
21053,0,0,0,0,1
21054,0,0,0,0,1
21055,0,0,0,0,1
21056,0,0,0,0,1
21057,0,0,0,0,1
21058,0,0,0,0,1
21059,0,0,0,0,1
21060,0,0,0,0,1
21061,0,0,0,0,1
21062,0,0,0,0,1
21063,0,0,0,0,1
21064,0,0,0,0,1
21065,0,0,0,0,1
21066,0,0,0,0,1
21067,0,0,0,0,1
21068,0,0,0,0,1
21069,0,0,0,0,1
21070,0,0,0,0,1
21071,0,0,0,0,1
21072,0,0,0,0,1
21073,0,0,0,0,1
21074,0,0,0,0,1
21075,0,0,0,0,1
21076,0,0,0,0,1
21077,0,0,0,0,1
21078,0,0,0,0,1
21079,0,0,0,0,1
21080,0,0,0,0,1
21081,0,0,0,0,1
21082,0,0,0,0,1
21083,0,0,0,0,1
21084,0,0,0,0,1
21085,0,0,0,0,1
21086,0,0,0,0,1
21087,0,0,0,0,1
21088,0,0,0,0,1
21089,0,0,0,0,1
21090,0,0,0,0,1
21091,0,0,0,0,1
21092,0,0,0,0,1
21093,0,0,0,0,1
21094,0,0,0,0,1
21095,0,0,0,0,1
21096,0,0,0,0,1
21097,0,0,0,0,1
21098,0,0,0,0,1
21099,0,0,0,0,1
21100,0,0,0,0,1
21101,0,0,0,0,1
21102,0,0,0,0,1
21103,0,0,0,0,1
21104,0,0,0,0,1
21105,0,0,0,0,1
21106,0,0,0,0,1
21107,0,0,0,0,1
21108,0,0,0,0,1
21109,0,0,0,0,1
21110,0,0,0,0,1
21111,0,0,0,0,1
21112,0,0,0,0,1
21113,0,0,0,0,1
21114,0,0,0,0,1
21115,0,0,0,0,1
21116,0,0,0,0,1
21117,0,0,0,0,1
21118,0,0,0,0,1
21119,0,0,0,0,1
21120,0,0,0,0,1
21121,0,0,0,0,1
21122,0,0,0,0,1
21123,0,0,0,0,1
21124,0,0,0,0,1
21125,0,0,0,0,1
21126,0,0,0,0,1
21127,0,0,0,0,1
21128,0,0,0,0,1
21129,0,0,0,0,1
21130,0,0,0,0,1
21131,0,0,0,0,1
21132,0,0,0,0,1
21133,0,0,0,0,1
21134,0,0,0,0,1
21135,0,0,0,0,1
21136,0,0,0,0,1
21137,0,0,0,0,1
21138,0,0,0,0,1
21139,0,0,0,0,1
21140,0,0,0,0,1
21141,0,0,0,0,1
21142,0,0,0,0,1
21143,0,0,0,0,1
21144,0,0,0,0,1
21145,0,0,0,0,1
21146,0,0,0,0,1
21147,0,0,0,0,1
21148,0,0,0,0,1
21149,0,0,0,0,1
21150,0,0,0,0,1
21151,0,0,0,0,1
21152,0,0,0,0,1
21153,0,0,0,0,1
21154,0,0,0,0,1
21155,0,0,0,0,1
21156,0,0,0,0,1
21157,0,0,0,0,1
21158,0,0,0,0,1
21159,0,0,0,0,1
21160,0,0,0,0,1
21161,0,0,0,0,1
21162,0,0,0,0,1
21163,0,0,0,0,1
21164,0,0,0,0,1
21165,0,0,0,0,1
21166,0,0,0,0,1
21167,0,0,0,0,1
21168,0,0,0,0,1
21169,0,0,0,0,1
21170,0,0,0,0,1
21171,0,0,0,0,1
21172,0,0,0,0,1
21173,0,0,0,0,1
21174,0,0,0,0,1
21175,0,0,0,0,1
21176,0,0,0,0,1
21177,0,0,0,0,1
21178,0,0,0,0,1
21179,0,0,0,0,1
21180,0,0,0,0,1
21181,1,0,0,0,0
21182,1,0,0,0,0
21183,1,0,0,0,0
21184,1,0,0,0,0
21185,1,0,0,0,0
21186,1,0,0,0,0
21187,1,0,0,0,0
21188,1,0,0,0,0
21189,1,0,0,0,0
21190,1,0,0,0,0
21191,1,0,0,0,0
21192,1,0,0,0,0
21193,1,0,0,0,0
21194,1,0,0,0,0
21195,1,0,0,0,0
21196,1,0,0,0,0
21197,1,0,0,0,0
21198,1,0,0,0,0
21199,1,0,0,0,0
21200,1,0,0,0,0
21201,0,1,0,0,0
21202,0,1,0,0,0
21203,0,1,0,0,0
21204,0,1,0,0,0
21205,0,1,0,0,0
21206,0,1,0,0,0
21207,0,1,0,0,0
21208,0,1,0,0,0
21209,0,1,0,0,0
21210,0,1,0,0,0
21211,0,1,0,0,0
21212,0,1,0,0,0
21213,0,1,0,0,0
21214,0,1,0,0,0
21215,0,1,0,0,0
21216,0,1,0,0,0
21217,0,1,0,0,0
21218,0,1,0,0,0
21219,0,1,0,0,0
21220,0,1,0,0,0
21221,0,1,0,0,0
21222,0,1,0,0,0
21223,0,1,0,0,0
21224,0,1,0,0,0
21225,0,1,0,0,0
21226,0,1,0,0,0
21227,0,1,0,0,0
21228,0,1,0,0,0
21229,0,1,0,0,0
21230,0,1,0,0,0
21231,0,1,0,0,0
21232,0,1,0,0,0
21233,0,1,0,0,0
21234,0,1,0,0,0
21235,0,1,0,0,0
21236,0,1,0,0,0
21237,0,1,0,0,0
21238,0,1,0,0,0
21239,0,1,0,0,0
21240,0,1,0,0,0
21241,0,1,0,0,0
21242,0,1,0,0,0
21243,0,1,0,0,0
21244,0,1,0,0,0
21245,0,1,0,0,0
21246,0,1,0,0,0
21247,0,1,0,0,0
21248,0,1,0,0,0
21249,0,1,0,0,0
21250,0,1,0,0,0
21251,0,1,0,0,0
21252,0,1,0,0,0
21253,0,1,0,0,0
21254,0,1,0,0,0
21255,0,1,0,0,0
21256,0,1,0,0,0
21257,1,0,0,0,0
21258,1,0,0,0,0
21259,1,0,0,0,0
21260,1,0,0,0,0
21261,1,0,0,0,0
21262,0,0,0,0,1
21263,0,0,0,0,1
21264,0,0,0,0,1
21265,0,0,0,0,1
21266,0,0,0,0,1
21267,0,0,0,0,1
21268,0,0,0,0,1
21269,0,0,0,0,1
21270,0,0,0,0,1
21271,0,0,0,0,1
21272,0,0,0,0,1
21273,0,0,0,0,1
21274,0,0,0,0,1
21275,0,0,0,0,1
21276,0,0,0,0,1
21277,0,0,0,0,1
21278,0,0,0,0,1
21279,0,0,0,0,1
21280,0,0,0,0,1
21281,1,0,0,0,0
21282,1,0,0,0,0
21283,1,0,0,0,0
21284,1,0,0,0,0
21285,1,0,0,0,0
21286,1,0,0,0,0
21287,1,0,0,0,0
21288,1,0,0,0,0
21289,1,0,0,0,0
21290,1,0,0,0,0
21291,1,0,0,0,0
21292,1,0,0,0,0
21293,1,0,0,0,0
21294,1,0,0,0,0
21295,1,0,0,0,0
21296,1,0,0,0,0
21297,1,0,0,0,0
21298,1,0,0,0,0
21299,1,0,0,0,0
21300,1,0,0,0,0
21301,1,0,0,0,0
21302,1,0,0,0,0
21303,1,0,0,0,0
21304,1,0,0,0,0
21305,1,0,0,0,0
21306,1,0,0,0,0
21307,1,0,0,0,0
21308,1,0,0,0,0
21309,1,0,0,0,0
21310,1,0,0,0,0
21311,1,0,0,0,0
21312,1,0,0,0,0
21313,1,0,0,0,0
21314,1,0,0,0,0
21315,1,0,0,0,0
21316,1,0,0,0,0
21317,1,0,0,0,0
21318,1,0,0,0,0
21319,1,0,0,0,0
21320,1,0,0,0,0
21321,1,0,0,0,0
21322,1,0,0,0,0
21323,1,0,0,0,0
21324,1,0,0,0,0
21325,1,0,0,0,0
21326,1,0,0,0,0
21327,1,0,0,0,0
21328,1,0,0,0,0
21329,1,0,0,0,0
21330,1,0,0,0,0
21331,1,0,0,0,0
21332,1,0,0,0,0
21333,1,0,0,0,0
21334,1,0,0,0,0
21335,1,0,0,0,0
21336,1,0,0,0,0
21337,1,0,0,0,0
21338,1,0,0,0,0
21339,1,0,0,0,0
21340,1,0,0,0,0
21341,1,0,0,0,0
21342,1,0,0,0,0
21343,1,0,0,0,0
21344,1,0,0,0,0
21345,1,0,0,0,0
21346,1,0,0,0,0
21347,1,0,0,0,0
21348,1,0,0,0,0
21349,1,0,0,0,0
21350,1,0,0,0,0
21351,1,0,0,0,0
21352,1,0,0,0,0
21353,0,0,1,0,0
21354,0,0,1,0,0
21355,0,0,1,0,0
21356,0,0,1,0,0
21357,0,0,1,0,0
21358,0,0,1,0,0
21359,0,0,1,0,0
21360,0,0,1,0,0
21361,0,0,1,0,0
21362,0,0,1,0,0
21363,0,0,1,0,0
21364,0,0,1,0,0
21365,0,0,1,0,0
21366,0,0,1,0,0
21367,0,0,1,0,0
21368,0,0,1,0,0
21369,0,0,1,0,0
21370,1,0,0,0,0
21371,1,0,0,0,0
21372,1,0,0,0,0
21373,1,0,0,0,0
21374,1,0,0,0,0
21375,1,0,0,0,0
21376,1,0,0,0,0
21377,1,0,0,0,0
21378,1,0,0,0,0
21379,1,0,0,0,0
21380,1,0,0,0,0
21381,1,0,0,0,0
21382,1,0,0,0,0
21383,1,0,0,0,0
21384,1,0,0,0,0
21385,1,0,0,0,0
21386,1,0,0,0,0
21387,1,0,0,0,0
21388,1,0,0,0,0
21389,1,0,0,0,0
21390,1,0,0,0,0
21391,1,0,0,0,0
21392,1,0,0,0,0
21393,1,0,0,0,0
21394,1,0,0,0,0
21395,1,0,0,0,0
21396,1,0,0,0,0
21397,1,0,0,0,0
21398,1,0,0,0,0
21399,1,0,0,0,0
21400,1,0,0,0,0
21401,1,0,0,0,0
21402,1,0,0,0,0
21403,1,0,0,0,0
21404,1,0,0,0,0
21405,1,0,0,0,0
21406,1,0,0,0,0
21407,1,0,0,0,0
21408,1,0,0,0,0
21409,1,0,0,0,0
21410,1,0,0,0,0
21411,1,0,0,0,0
21412,1,0,0,0,0
21413,1,0,0,0,0
21414,1,0,0,0,0
21415,1,0,0,0,0
21416,1,0,0,0,0
21417,1,0,0,0,0
21418,1,0,0,0,0
21419,1,0,0,0,0
21420,1,0,0,0,0
21421,1,0,0,0,0
21422,1,0,0,0,0
21423,1,0,0,0,0
21424,1,0,0,0,0
21425,1,0,0,0,0
21426,1,0,0,0,0
21427,1,0,0,0,0
21428,1,0,0,0,0
21429,1,0,0,0,0
21430,1,0,0,0,0
21431,1,0,0,0,0
21432,1,0,0,0,0
21433,1,0,0,0,0
21434,1,0,0,0,0
21435,1,0,0,0,0
21436,1,0,0,0,0
21437,1,0,0,0,0
21438,1,0,0,0,0
21439,1,0,0,0,0
21440,1,0,0,0,0
21441,1,0,0,0,0
21442,1,0,0,0,0
21443,1,0,0,0,0
21444,1,0,0,0,0
21445,1,0,0,0,0
21446,0,0,0,0,1
21447,0,0,0,0,1
21448,0,0,0,0,1
21449,0,0,0,0,1
21450,0,0,0,0,1
21451,0,0,0,0,1
21452,0,0,0,0,1
21453,0,0,0,0,1
21454,0,0,0,0,1
21455,0,0,0,0,1
21456,1,0,0,0,0
21457,1,0,0,0,0
21458,1,0,0,0,0
21459,1,0,0,0,0
21460,1,0,0,0,0
21461,1,0,0,0,0
21462,0,1,0,0,0
21463,0,1,0,0,0
21464,0,1,0,0,0
21465,0,1,0,0,0
21466,0,1,0,0,0
21467,0,1,0,0,0
21468,0,1,0,0,0
21469,0,1,0,0,0
21470,0,1,0,0,0
21471,0,1,0,0,0
21472,0,1,0,0,0
21473,0,1,0,0,0
21474,0,1,0,0,0
21475,0,1,0,0,0
21476,0,1,0,0,0
21477,0,1,0,0,0
21478,0,1,0,0,0
21479,0,1,0,0,0
21480,0,1,0,0,0
21481,0,1,0,0,0
21482,0,1,0,0,0
21483,0,1,0,0,0
21484,0,1,0,0,0
21485,0,1,0,0,0
21486,0,1,0,0,0
21487,0,1,0,0,0
21488,0,1,0,0,0
21489,0,1,0,0,0
21490,0,1,0,0,0
21491,0,1,0,0,0
21492,0,1,0,0,0
21493,0,1,0,0,0
21494,0,1,0,0,0
21495,0,1,0,0,0
21496,0,1,0,0,0
21497,0,1,0,0,0
21498,0,1,0,0,0
21499,0,1,0,0,0
21500,0,1,0,0,0
21501,0,1,0,0,0
21502,0,1,0,0,0
21503,0,1,0,0,0
21504,0,1,0,0,0
21505,0,1,0,0,0
21506,0,1,0,0,0
21507,0,1,0,0,0
21508,0,1,0,0,0
21509,0,1,0,0,0
21510,0,1,0,0,0
21511,0,1,0,0,0
21512,0,1,0,0,0
21513,0,1,0,0,0
21514,0,1,0,0,0
21515,0,1,0,0,0
21516,0,1,0,0,0
21517,0,1,0,0,0
21518,0,1,0,0,0
21519,0,1,0,0,0
21520,0,1,0,0,0
21521,0,1,0,0,0
21522,0,1,0,0,0
21523,0,1,0,0,0
21524,0,1,0,0,0
21525,0,1,0,0,0
21526,0,1,0,0,0
21527,1,0,0,0,0
21528,1,0,0,0,0
21529,1,0,0,0,0
21530,1,0,0,0,0
21531,1,0,0,0,0
21532,1,0,0,0,0
21533,1,0,0,0,0
21534,1,0,0,0,0
21535,1,0,0,0,0
21536,1,0,0,0,0
21537,1,0,0,0,0
21538,1,0,0,0,0
21539,1,0,0,0,0
21540,1,0,0,0,0
21541,1,0,0,0,0
21542,1,0,0,0,0
21543,0,0,1,0,0
21544,0,0,1,0,0
21545,0,0,1,0,0
21546,0,0,1,0,0
21547,0,0,1,0,0
21548,0,0,1,0,0
21549,0,0,1,0,0
21550,0,0,1,0,0
21551,0,0,1,0,0
21552,0,0,1,0,0
21553,0,0,1,0,0
21554,0,0,1,0,0
21555,0,0,1,0,0
21556,1,0,0,0,0
21557,1,0,0,0,0
21558,1,0,0,0,0
21559,1,0,0,0,0
21560,1,0,0,0,0
21561,1,0,0,0,0
21562,1,0,0,0,0
21563,1,0,0,0,0
21564,1,0,0,0,0
21565,1,0,0,0,0
21566,1,0,0,0,0
21567,1,0,0,0,0
21568,1,0,0,0,0
21569,1,0,0,0,0
21570,1,0,0,0,0
21571,1,0,0,0,0
21572,1,0,0,0,0
21573,1,0,0,0,0
21574,1,0,0,0,0
21575,1,0,0,0,0
21576,1,0,0,0,0
21577,1,0,0,0,0
21578,1,0,0,0,0
21579,1,0,0,0,0
21580,1,0,0,0,0
21581,1,0,0,0,0
21582,1,0,0,0,0
21583,1,0,0,0,0
21584,1,0,0,0,0
21585,1,0,0,0,0
21586,1,0,0,0,0
21587,1,0,0,0,0
21588,1,0,0,0,0
21589,1,0,0,0,0
21590,1,0,0,0,0
21591,1,0,0,0,0
21592,1,0,0,0,0
21593,1,0,0,0,0
21594,1,0,0,0,0
21595,1,0,0,0,0
21596,1,0,0,0,0
21597,1,0,0,0,0
21598,1,0,0,0,0
21599,1,0,0,0,0
21600,1,0,0,0,0
21601,1,0,0,0,0
21602,1,0,0,0,0
21603,1,0,0,0,0
21604,1,0,0,0,0
21605,1,0,0,0,0
21606,1,0,0,0,0
21607,1,0,0,0,0
21608,1,0,0,0,0
21609,1,0,0,0,0
21610,1,0,0,0,0
21611,1,0,0,0,0
21612,1,0,0,0,0
21613,1,0,0,0,0
21614,1,0,0,0,0
21615,1,0,0,0,0
21616,1,0,0,0,0
21617,1,0,0,0,0
21618,1,0,0,0,0
21619,1,0,0,0,0
21620,1,0,0,0,0
21621,1,0,0,0,0
21622,1,0,0,0,0
21623,1,0,0,0,0
21624,1,0,0,0,0
21625,1,0,0,0,0
21626,1,0,0,0,0
21627,1,0,0,0,0
21628,1,0,0,0,0
21629,1,0,0,0,0
21630,1,0,0,0,0
21631,1,0,0,0,0
21632,1,0,0,0,0
21633,1,0,0,0,0
21634,1,0,0,0,0
21635,1,0,0,0,0
21636,1,0,0,0,0
21637,1,0,0,0,0
21638,1,0,0,0,0
21639,1,0,0,0,0
21640,1,0,0,0,0
21641,1,0,0,0,0
21642,1,0,0,0,0
21643,1,0,0,0,0
21644,1,0,0,0,0
21645,1,0,0,0,0
21646,1,0,0,0,0
21647,1,0,0,0,0
21648,1,0,0,0,0
21649,1,0,0,0,0
21650,1,0,0,0,0
21651,1,0,0,0,0
21652,1,0,0,0,0
21653,1,0,0,0,0
21654,1,0,0,0,0
21655,1,0,0,0,0
21656,1,0,0,0,0
21657,1,0,0,0,0
21658,1,0,0,0,0
21659,1,0,0,0,0
21660,1,0,0,0,0
21661,1,0,0,0,0
21662,1,0,0,0,0
21663,1,0,0,0,0
21664,1,0,0,0,0
21665,1,0,0,0,0
21666,1,0,0,0,0
21667,1,0,0,0,0
21668,1,0,0,0,0
21669,1,0,0,0,0
21670,1,0,0,0,0
21671,1,0,0,0,0
21672,1,0,0,0,0
21673,1,0,0,0,0
21674,1,0,0,0,0
21675,1,0,0,0,0
21676,1,0,0,0,0
21677,1,0,0,0,0
21678,1,0,0,0,0
21679,1,0,0,0,0
21680,1,0,0,0,0
21681,1,0,0,0,0
21682,1,0,0,0,0
21683,1,0,0,0,0
21684,1,0,0,0,0
21685,1,0,0,0,0
21686,1,0,0,0,0
21687,1,0,0,0,0
21688,1,0,0,0,0
21689,1,0,0,0,0
21690,1,0,0,0,0
21691,1,0,0,0,0
21692,1,0,0,0,0
21693,1,0,0,0,0
21694,1,0,0,0,0
21695,1,0,0,0,0
21696,1,0,0,0,0
21697,1,0,0,0,0
21698,1,0,0,0,0
21699,1,0,0,0,0
21700,1,0,0,0,0
21701,1,0,0,0,0
21702,1,0,0,0,0
21703,1,0,0,0,0
21704,1,0,0,0,0
21705,1,0,0,0,0
21706,1,0,0,0,0
21707,1,0,0,0,0
21708,1,0,0,0,0
21709,1,0,0,0,0
21710,1,0,0,0,0
21711,1,0,0,0,0
21712,1,0,0,0,0
21713,1,0,0,0,0
21714,1,0,0,0,0
21715,1,0,0,0,0
21716,1,0,0,0,0
21717,1,0,0,0,0
21718,1,0,0,0,0
21719,1,0,0,0,0
21720,1,0,0,0,0
21721,0,0,0,0,1
21722,0,0,0,0,1
21723,0,0,0,0,1
21724,0,0,0,0,1
21725,0,0,0,0,1
21726,0,0,0,0,1
21727,0,0,0,0,1
21728,0,0,0,0,1
21729,0,0,0,0,1
21730,0,0,0,0,1
21731,0,0,0,0,1
21732,0,0,0,0,1
21733,0,0,0,0,1
21734,0,0,0,0,1
21735,0,0,0,0,1
21736,0,0,0,0,1
21737,0,0,0,0,1
21738,0,0,0,0,1
21739,0,0,0,0,1
21740,0,0,0,0,1
21741,0,0,0,0,1
21742,0,0,0,0,1
21743,0,0,0,0,1
21744,0,0,0,0,1
21745,0,0,0,0,1
21746,0,0,0,0,1
21747,0,0,0,0,1
21748,0,0,0,0,1
21749,0,0,0,0,1
21750,0,0,0,0,1
21751,0,0,0,0,1
21752,0,0,0,0,1
21753,0,0,0,0,1
21754,0,0,0,0,1
21755,0,0,0,0,1
21756,0,0,0,0,1
21757,0,0,0,0,1
21758,0,0,0,0,1
21759,0,0,0,0,1
21760,0,0,0,0,1
21761,0,0,0,0,1
21762,0,0,0,0,1
21763,0,0,0,0,1
21764,0,0,0,0,1
21765,0,0,0,0,1
21766,0,0,0,0,1
21767,0,0,0,0,1
21768,0,0,0,0,1
21769,0,0,0,0,1
21770,0,0,0,0,1
21771,0,0,0,0,1
21772,0,0,0,0,1
21773,0,0,0,0,1
21774,0,0,0,0,1
21775,0,0,0,0,1
21776,0,0,0,0,1
21777,0,0,0,0,1
21778,0,0,0,0,1
21779,0,0,0,0,1
21780,0,0,0,0,1
21781,0,0,0,0,1
21782,0,0,0,0,1
21783,0,0,0,0,1
21784,0,0,0,0,1
21785,0,0,0,0,1
21786,0,0,0,0,1
21787,0,0,0,0,1
21788,0,0,0,0,1
21789,0,0,0,0,1
21790,0,0,0,0,1
21791,0,0,0,0,1
21792,0,0,0,0,1
21793,0,0,0,0,1
21794,0,0,0,0,1
21795,0,0,0,0,1
21796,0,0,0,0,1
21797,0,0,0,0,1
21798,0,0,0,0,1
21799,0,0,0,0,1
21800,0,0,0,0,1
21801,0,0,0,0,1
21802,0,0,0,0,1
21803,0,0,0,0,1
21804,0,0,0,0,1
21805,0,0,0,0,1
21806,1,0,0,0,0
21807,1,0,0,0,0
21808,1,0,0,0,0
21809,1,0,0,0,0
21810,1,0,0,0,0
21811,1,0,0,0,0
21812,1,0,0,0,0
21813,1,0,0,0,0
21814,1,0,0,0,0
21815,1,0,0,0,0
21816,1,0,0,0,0
21817,1,0,0,0,0
21818,1,0,0,0,0
21819,1,0,0,0,0
21820,1,0,0,0,0
21821,1,0,0,0,0
21822,1,0,0,0,0
21823,1,0,0,0,0
21824,1,0,0,0,0
21825,1,0,0,0,0
21826,1,0,0,0,0
21827,1,0,0,0,0
21828,1,0,0,0,0
21829,1,0,0,0,0
21830,1,0,0,0,0
21831,1,0,0,0,0
21832,1,0,0,0,0
21833,1,0,0,0,0
21834,1,0,0,0,0
21835,1,0,0,0,0
21836,1,0,0,0,0
21837,1,0,0,0,0
21838,1,0,0,0,0
21839,1,0,0,0,0
21840,0,0,0,0,1
21841,0,0,0,0,1
21842,0,0,0,0,1
21843,0,0,0,0,1
21844,0,0,0,0,1
21845,0,0,0,0,1
21846,0,0,0,0,1
21847,0,0,0,0,1
21848,0,0,0,0,1
21849,0,0,0,0,1
21850,0,0,0,0,1
21851,0,0,0,0,1
21852,0,0,0,0,1
21853,0,0,0,0,1
21854,0,0,0,0,1
21855,0,0,0,0,1
21856,0,0,0,0,1
21857,0,0,0,0,1
21858,0,0,0,0,1
21859,0,0,0,0,1
21860,0,0,0,0,1
21861,0,0,0,0,1
21862,0,0,0,0,1
21863,0,0,0,0,1
21864,0,0,0,0,1
21865,0,0,0,0,1
21866,0,0,0,0,1
21867,0,0,0,0,1
21868,0,0,0,0,1
21869,0,0,0,0,1
21870,0,0,0,0,1
21871,0,0,0,0,1
21872,0,0,0,0,1
21873,0,0,0,0,1
21874,0,0,0,0,1
21875,0,0,0,0,1
21876,0,0,0,0,1
21877,0,0,0,0,1
21878,0,0,0,0,1
21879,0,0,0,0,1
21880,0,0,0,0,1
21881,0,0,0,0,1
21882,0,0,0,0,1
21883,0,0,0,0,1
21884,0,0,0,0,1
21885,0,0,0,0,1
21886,0,0,0,0,1
21887,0,0,0,0,1
21888,0,0,0,0,1
21889,0,0,0,0,1
21890,0,0,0,0,1
21891,0,0,0,0,1
21892,0,0,0,0,1
21893,0,0,0,0,1
21894,0,0,0,0,1
21895,0,0,0,0,1
21896,0,0,0,0,1
21897,0,0,0,0,1
21898,0,0,0,0,1
21899,0,0,0,0,1
21900,0,0,0,0,1
21901,0,0,0,0,1
21902,0,0,0,0,1
21903,0,0,0,0,1
21904,0,0,0,0,1
21905,0,0,0,0,1
21906,0,0,0,0,1
21907,0,0,0,0,1
21908,0,0,0,0,1
21909,0,0,0,0,1
21910,0,0,0,0,1
21911,0,0,0,0,1
21912,0,0,0,0,1
21913,0,0,0,0,1
21914,0,0,0,0,1
21915,0,0,0,0,1
21916,0,0,0,0,1
21917,0,0,0,0,1
21918,0,0,0,0,1
21919,0,0,0,0,1
21920,0,0,0,0,1
21921,0,0,0,0,1
21922,0,0,0,0,1
21923,0,0,0,0,1
21924,0,0,0,0,1
21925,0,0,0,0,1
21926,0,0,0,0,1
21927,0,0,0,0,1
21928,0,0,0,0,1
21929,0,0,0,0,1
21930,0,0,0,0,1
21931,0,0,0,0,1
21932,0,0,0,0,1
21933,0,0,0,0,1
21934,0,0,0,0,1
21935,0,0,0,0,1
21936,0,0,0,0,1
21937,0,0,0,0,1
21938,0,0,0,0,1
21939,0,0,0,0,1
21940,0,0,0,0,1
21941,0,0,0,0,1
21942,1,0,0,0,0
21943,1,0,0,0,0
21944,1,0,0,0,0
21945,1,0,0,0,0
21946,1,0,0,0,0
21947,1,0,0,0,0
21948,1,0,0,0,0
21949,1,0,0,0,0
21950,1,0,0,0,0
21951,1,0,0,0,0
21952,1,0,0,0,0
21953,1,0,0,0,0
21954,1,0,0,0,0
21955,1,0,0,0,0
21956,1,0,0,0,0
21957,1,0,0,0,0
21958,1,0,0,0,0
21959,1,0,0,0,0
21960,1,0,0,0,0
21961,1,0,0,0,0
21962,1,0,0,0,0
21963,1,0,0,0,0
21964,1,0,0,0,0
21965,1,0,0,0,0
21966,1,0,0,0,0
21967,1,0,0,0,0
21968,1,0,0,0,0
21969,1,0,0,0,0
21970,1,0,0,0,0
21971,1,0,0,0,0
21972,1,0,0,0,0
21973,1,0,0,0,0
21974,1,0,0,0,0
21975,1,0,0,0,0
21976,1,0,0,0,0
21977,1,0,0,0,0
21978,1,0,0,0,0
21979,1,0,0,0,0
21980,1,0,0,0,0
21981,1,0,0,0,0
21982,1,0,0,0,0
21983,1,0,0,0,0
21984,1,0,0,0,0
21985,1,0,0,0,0
21986,1,0,0,0,0
21987,1,0,0,0,0
21988,1,0,0,0,0
21989,1,0,0,0,0
21990,1,0,0,0,0
21991,1,0,0,0,0
21992,1,0,0,0,0
21993,1,0,0,0,0
21994,1,0,0,0,0
21995,1,0,0,0,0
21996,1,0,0,0,0
21997,1,0,0,0,0
21998,1,0,0,0,0
21999,1,0,0,0,0
22000,1,0,0,0,0
22001,1,0,0,0,0
22002,1,0,0,0,0
22003,1,0,0,0,0
22004,1,0,0,0,0
22005,1,0,0,0,0
22006,1,0,0,0,0
22007,1,0,0,0,0
22008,1,0,0,0,0
22009,1,0,0,0,0
22010,1,0,0,0,0
22011,1,0,0,0,0
22012,1,0,0,0,0
22013,1,0,0,0,0
22014,1,0,0,0,0
22015,1,0,0,0,0
22016,1,0,0,0,0
22017,1,0,0,0,0
22018,1,0,0,0,0
22019,1,0,0,0,0
22020,1,0,0,0,0
22021,0,0,0,0,1
22022,0,0,0,0,1
22023,0,0,0,0,1
22024,0,0,0,0,1
22025,0,0,0,0,1
22026,0,0,0,0,1
22027,0,0,0,0,1
22028,0,0,0,0,1
22029,0,0,0,0,1
22030,0,0,0,0,1
22031,0,0,0,0,1
22032,0,0,0,0,1
22033,0,0,0,0,1
22034,0,0,0,0,1
22035,0,0,0,0,1
22036,0,0,0,0,1
22037,0,0,0,0,1
22038,0,0,0,0,1
22039,0,0,0,0,1
22040,0,0,0,0,1
22041,0,0,0,0,1
22042,0,0,0,0,1
22043,0,0,0,0,1
22044,0,0,0,0,1
22045,0,0,0,0,1
22046,0,0,0,0,1
22047,0,0,0,0,1
22048,0,0,0,0,1
22049,0,0,0,0,1
22050,0,0,0,0,1
22051,0,0,0,0,1
22052,0,0,0,0,1
22053,0,0,0,0,1
22054,0,0,0,0,1
22055,0,0,0,0,1
22056,0,0,0,0,1
22057,0,0,0,0,1
22058,0,0,0,0,1
22059,0,0,0,0,1
22060,0,0,0,0,1
22061,0,0,0,0,1
22062,0,0,0,0,1
22063,0,0,0,0,1
22064,0,0,0,0,1
22065,0,0,0,0,1
22066,0,0,0,0,1
22067,0,0,0,0,1
22068,0,0,0,0,1
22069,0,0,0,0,1
22070,0,0,0,0,1
22071,0,0,0,0,1
22072,0,0,0,0,1
22073,0,0,0,0,1
22074,0,0,0,0,1
22075,0,0,0,0,1
22076,0,0,0,0,1
22077,0,0,0,0,1
22078,0,0,0,0,1
22079,0,0,0,0,1
22080,0,0,0,0,1
22081,0,0,0,0,1
22082,0,0,0,0,1
22083,0,0,0,0,1
22084,0,0,0,0,1
22085,0,0,0,0,1
22086,0,0,0,0,1
22087,0,0,0,0,1
22088,0,0,0,0,1
22089,0,0,0,0,1
22090,0,0,0,0,1
22091,0,0,0,0,1
22092,0,0,0,0,1
22093,0,0,0,0,1
22094,0,0,0,0,1
22095,0,0,0,0,1
22096,0,0,0,0,1
22097,0,0,0,0,1
22098,0,0,0,0,1
22099,0,0,0,0,1
22100,0,0,0,0,1
22101,0,0,0,0,1
22102,0,0,0,0,1
22103,0,0,0,0,1
22104,0,0,0,0,1
22105,0,0,0,0,1
22106,0,0,0,0,1
22107,0,0,0,0,1
22108,0,0,0,0,1
22109,0,0,0,0,1
22110,0,0,0,0,1
22111,0,0,0,0,1
22112,0,0,0,0,1
22113,0,0,0,0,1
22114,0,0,0,0,1
22115,0,0,0,0,1
22116,0,0,0,0,1
22117,0,0,0,0,1
22118,0,0,0,0,1
22119,0,0,0,0,1
22120,0,0,0,0,1
22121,0,0,0,0,1
22122,0,0,0,0,1
22123,0,0,0,0,1
22124,0,0,0,0,1
22125,0,0,0,0,1
22126,0,0,0,0,1
22127,0,0,0,0,1
22128,0,0,0,0,1
22129,0,0,0,0,1
22130,0,0,0,0,1
22131,0,0,0,0,1
22132,0,0,0,0,1
22133,0,0,0,0,1
22134,0,0,0,0,1
22135,0,0,0,0,1
22136,0,0,0,0,1
22137,0,0,0,0,1
22138,0,0,0,0,1
22139,0,0,0,0,1
22140,0,0,0,0,1
22141,0,0,0,0,1
22142,0,0,0,0,1
22143,0,0,0,0,1
22144,0,0,0,0,1
22145,1,0,0,0,0
22146,1,0,0,0,0
22147,1,0,0,0,0
22148,1,0,0,0,0
22149,1,0,0,0,0
22150,1,0,0,0,0
22151,1,0,0,0,0
22152,1,0,0,0,0
22153,1,0,0,0,0
22154,1,0,0,0,0
22155,1,0,0,0,0
22156,1,0,0,0,0
22157,1,0,0,0,0
22158,1,0,0,0,0
22159,0,0,0,1,0
22160,0,0,0,1,0
22161,0,0,0,1,0
22162,0,0,0,1,0
22163,0,0,0,1,0
22164,0,0,0,1,0
22165,0,0,0,1,0
22166,0,0,0,1,0
22167,0,0,0,1,0
22168,0,0,0,1,0
22169,0,0,0,1,0
22170,0,0,0,1,0
22171,0,0,0,1,0
22172,0,0,0,1,0
22173,0,0,0,1,0
22174,0,0,0,1,0
22175,0,0,0,1,0
22176,0,0,0,1,0
22177,0,0,0,1,0
22178,0,0,0,1,0
22179,0,0,0,1,0
22180,0,0,0,1,0
22181,1,0,0,0,0
22182,1,0,0,0,0
22183,1,0,0,0,0
22184,1,0,0,0,0
22185,1,0,0,0,0
22186,1,0,0,0,0
22187,1,0,0,0,0
22188,1,0,0,0,0
22189,1,0,0,0,0
22190,1,0,0,0,0
22191,1,0,0,0,0
22192,1,0,0,0,0
22193,1,0,0,0,0
22194,1,0,0,0,0
22195,0,0,0,0,1
22196,0,0,0,0,1
22197,0,0,0,0,1
22198,0,0,0,0,1
22199,0,0,0,0,1
22200,0,0,0,0,1
22201,0,0,0,0,1
22202,0,0,0,0,1
22203,0,0,0,0,1
22204,0,0,0,0,1
22205,0,0,0,0,1
22206,0,0,0,0,1
22207,0,0,0,0,1
22208,0,0,0,0,1
22209,0,0,0,0,1
22210,0,0,0,0,1
22211,0,0,0,0,1
22212,0,0,0,0,1
22213,0,0,0,0,1
22214,0,0,0,0,1
22215,0,0,0,0,1
22216,0,0,0,0,1
22217,0,0,0,0,1
22218,0,0,0,0,1
22219,0,0,0,0,1
22220,0,0,0,0,1
22221,0,0,0,0,1
22222,0,0,0,0,1
22223,0,0,0,0,1
22224,0,0,0,0,1
22225,0,0,0,0,1
22226,0,0,0,0,1
22227,0,0,0,0,1
22228,0,0,0,0,1
22229,0,0,0,0,1
22230,0,0,0,0,1
22231,0,0,0,0,1
22232,0,0,0,0,1
22233,0,0,0,0,1
22234,0,0,0,0,1
22235,0,0,0,0,1
22236,0,0,0,0,1
22237,0,0,0,0,1
22238,0,0,0,0,1
22239,0,0,0,0,1
22240,0,0,0,0,1
22241,0,0,0,0,1
22242,0,0,0,0,1
22243,0,0,0,0,1
22244,0,0,0,0,1
22245,0,0,0,0,1
22246,0,0,0,0,1
22247,0,0,0,0,1
22248,0,0,0,0,1
22249,0,0,0,0,1
22250,0,0,0,0,1
22251,0,0,0,0,1
22252,0,0,0,0,1
22253,0,0,0,0,1
22254,0,0,0,0,1
22255,0,0,0,0,1
22256,0,0,0,0,1
22257,0,0,0,0,1
22258,0,0,0,0,1
22259,0,0,0,0,1
22260,0,0,0,0,1
22261,1,0,0,0,0
22262,1,0,0,0,0
22263,1,0,0,0,0
22264,1,0,0,0,0
22265,1,0,0,0,0
22266,1,0,0,0,0
22267,1,0,0,0,0
22268,1,0,0,0,0
22269,1,0,0,0,0
22270,1,0,0,0,0
22271,1,0,0,0,0
22272,1,0,0,0,0
22273,1,0,0,0,0
22274,1,0,0,0,0
22275,1,0,0,0,0
22276,1,0,0,0,0
22277,1,0,0,0,0
22278,1,0,0,0,0
22279,1,0,0,0,0
22280,1,0,0,0,0
22281,1,0,0,0,0
22282,1,0,0,0,0
22283,1,0,0,0,0
22284,1,0,0,0,0
22285,1,0,0,0,0
22286,1,0,0,0,0
22287,0,0,0,0,1
22288,0,0,0,0,1
22289,0,0,0,0,1
22290,0,0,0,0,1
22291,0,0,0,0,1
22292,0,0,0,0,1
22293,0,0,0,0,1
22294,0,0,0,0,1
22295,0,0,0,0,1
22296,0,0,0,0,1
22297,0,0,0,0,1
22298,0,0,0,0,1
22299,0,0,0,0,1
22300,0,0,0,0,1
22301,0,0,0,0,1
22302,0,0,0,0,1
22303,0,0,0,0,1
22304,0,0,0,0,1
22305,0,0,0,0,1
22306,0,0,0,0,1
22307,0,0,0,0,1
22308,0,0,0,0,1
22309,0,0,0,0,1
22310,0,0,0,0,1
22311,0,0,0,0,1
22312,1,0,0,0,0
22313,1,0,0,0,0
22314,1,0,0,0,0
22315,1,0,0,0,0
22316,1,0,0,0,0
22317,1,0,0,0,0
22318,1,0,0,0,0
22319,1,0,0,0,0
22320,1,0,0,0,0
22321,1,0,0,0,0
22322,1,0,0,0,0
22323,1,0,0,0,0
22324,1,0,0,0,0
22325,1,0,0,0,0
22326,1,0,0,0,0
22327,1,0,0,0,0
22328,1,0,0,0,0
22329,1,0,0,0,0
22330,1,0,0,0,0
22331,1,0,0,0,0
22332,1,0,0,0,0
22333,1,0,0,0,0
22334,1,0,0,0,0
22335,1,0,0,0,0
22336,1,0,0,0,0
22337,1,0,0,0,0
22338,1,0,0,0,0
22339,1,0,0,0,0
22340,1,0,0,0,0
22341,1,0,0,0,0
22342,1,0,0,0,0
22343,1,0,0,0,0
22344,1,0,0,0,0
22345,1,0,0,0,0
22346,1,0,0,0,0
22347,1,0,0,0,0
22348,1,0,0,0,0
22349,1,0,0,0,0
22350,1,0,0,0,0
22351,1,0,0,0,0
22352,1,0,0,0,0
22353,1,0,0,0,0
22354,1,0,0,0,0
22355,1,0,0,0,0
22356,1,0,0,0,0
22357,1,0,0,0,0
22358,1,0,0,0,0
22359,1,0,0,0,0
22360,1,0,0,0,0
22361,1,0,0,0,0
22362,1,0,0,0,0
22363,1,0,0,0,0
22364,1,0,0,0,0
22365,1,0,0,0,0
22366,1,0,0,0,0
22367,1,0,0,0,0
22368,1,0,0,0,0
22369,1,0,0,0,0
22370,1,0,0,0,0
22371,1,0,0,0,0
22372,1,0,0,0,0
22373,1,0,0,0,0
22374,0,0,0,0,1
22375,0,0,0,0,1
22376,0,0,0,0,1
22377,0,0,0,0,1
22378,0,0,0,0,1
22379,0,0,0,0,1
22380,0,0,0,0,1
22381,0,0,0,0,1
22382,0,0,0,0,1
22383,0,0,0,0,1
22384,0,0,0,0,1
22385,0,0,0,0,1
22386,0,0,0,0,1
22387,0,0,0,0,1
22388,1,0,0,0,0
22389,1,0,0,0,0
22390,1,0,0,0,0
22391,1,0,0,0,0
22392,1,0,0,0,0
22393,1,0,0,0,0
22394,1,0,0,0,0
22395,1,0,0,0,0
22396,1,0,0,0,0
22397,1,0,0,0,0
22398,1,0,0,0,0
22399,1,0,0,0,0
22400,1,0,0,0,0
22401,1,0,0,0,0
22402,1,0,0,0,0
22403,1,0,0,0,0
22404,1,0,0,0,0
22405,1,0,0,0,0
22406,1,0,0,0,0
22407,1,0,0,0,0
22408,1,0,0,0,0
22409,1,0,0,0,0
22410,1,0,0,0,0
22411,1,0,0,0,0
22412,1,0,0,0,0
22413,0,0,0,0,1
22414,0,0,0,0,1
22415,0,0,0,0,1
22416,0,0,0,0,1
22417,0,0,0,0,1
22418,0,0,0,0,1
22419,0,0,0,0,1
22420,0,0,0,0,1
22421,0,0,0,0,1
22422,0,0,0,0,1
22423,0,0,0,0,1
22424,0,0,0,0,1
22425,0,0,0,0,1
22426,0,0,0,0,1
22427,0,0,0,0,1
22428,0,0,0,0,1
22429,0,0,0,0,1
22430,0,0,0,0,1
22431,0,0,0,0,1
22432,0,0,0,0,1
22433,0,0,0,0,1
22434,0,0,0,0,1
22435,0,0,0,0,1
22436,0,0,0,0,1
22437,0,0,0,0,1
22438,0,0,0,0,1
22439,0,0,0,0,1
22440,0,0,0,0,1
22441,0,0,0,0,1
22442,0,0,0,0,1
22443,0,0,0,0,1
22444,0,0,0,0,1
22445,0,0,0,0,1
22446,0,0,0,0,1
22447,0,0,0,0,1
22448,0,0,0,0,1
22449,0,0,0,0,1
22450,0,0,0,0,1
22451,0,0,0,0,1
22452,0,0,0,0,1
22453,0,0,0,0,1
22454,0,0,0,0,1
22455,0,0,0,0,1
22456,0,0,0,0,1
22457,0,0,0,0,1
22458,0,0,0,0,1
22459,0,0,0,0,1
22460,0,0,0,0,1
22461,0,0,0,0,1
22462,0,0,0,0,1
22463,0,0,0,0,1
22464,0,0,0,0,1
22465,0,0,0,0,1
22466,0,0,0,0,1
22467,0,0,0,0,1
22468,0,0,0,0,1
22469,0,0,0,0,1
22470,0,0,0,0,1
22471,0,0,0,0,1
22472,0,0,0,0,1
22473,0,0,0,0,1
22474,0,0,0,0,1
22475,0,0,0,0,1
22476,0,0,0,0,1
22477,0,0,0,0,1
22478,0,0,0,0,1
22479,0,0,0,0,1
22480,0,0,0,0,1
22481,0,0,0,0,1
22482,0,0,0,0,1
22483,0,0,0,0,1
22484,0,0,0,0,1
22485,0,0,0,0,1
22486,0,0,0,0,1
22487,0,0,0,0,1
22488,0,0,0,0,1
22489,0,0,0,0,1
22490,0,0,0,0,1
22491,0,0,0,0,1
22492,0,0,0,0,1
22493,0,0,0,0,1
22494,0,0,0,0,1
22495,0,0,0,0,1
22496,0,0,0,0,1
22497,0,0,0,0,1
22498,0,0,0,0,1
22499,0,0,0,0,1
22500,0,0,0,0,1
22501,0,0,0,0,1
22502,0,0,0,0,1
22503,0,0,0,0,1
22504,0,0,0,0,1
22505,0,0,0,0,1
22506,0,0,0,0,1
22507,0,0,0,0,1
22508,0,0,0,0,1
22509,0,0,0,0,1
22510,0,0,0,0,1
22511,0,0,0,0,1
22512,0,0,0,0,1
22513,0,0,0,0,1
22514,0,0,0,0,1
22515,0,0,0,0,1
22516,0,0,0,0,1
22517,0,0,0,0,1
22518,0,0,0,0,1
22519,0,0,0,0,1
22520,0,0,0,0,1
22521,0,0,0,0,1
22522,0,0,0,0,1
22523,0,0,0,0,1
22524,0,0,0,0,1
22525,0,0,0,0,1
22526,0,0,0,0,1
22527,0,0,0,0,1
22528,0,0,0,0,1
22529,0,0,0,0,1
22530,0,0,0,0,1
22531,0,0,0,0,1
22532,0,0,0,0,1
22533,0,0,0,0,1
22534,0,0,0,0,1
22535,0,0,0,0,1
22536,0,0,0,0,1
22537,0,0,0,0,1
22538,0,0,0,0,1
22539,0,0,0,0,1
22540,0,0,0,0,1
22541,0,0,0,0,1
22542,0,0,0,0,1
22543,0,0,0,0,1
22544,0,0,0,0,1
22545,0,0,0,0,1
22546,0,0,0,0,1
22547,0,0,0,0,1
22548,0,0,0,0,1
22549,0,0,0,0,1
22550,0,0,0,0,1
22551,0,0,0,0,1
22552,0,0,0,0,1
22553,0,0,0,0,1
22554,0,0,0,0,1
22555,0,0,0,0,1
22556,0,0,0,0,1
22557,0,0,0,0,1
22558,0,0,0,0,1
22559,0,0,0,0,1
22560,0,0,0,0,1
22561,0,0,0,0,1
22562,0,0,0,0,1
22563,0,0,0,0,1
22564,0,0,0,0,1
22565,0,0,0,0,1
22566,0,0,0,0,1
22567,0,0,0,0,1
22568,0,0,0,0,1
22569,1,0,0,0,0
22570,1,0,0,0,0
22571,1,0,0,0,0
22572,1,0,0,0,0
22573,1,0,0,0,0
22574,1,0,0,0,0
22575,1,0,0,0,0
22576,1,0,0,0,0
22577,1,0,0,0,0
22578,1,0,0,0,0
22579,1,0,0,0,0
22580,1,0,0,0,0
22581,1,0,0,0,0
22582,1,0,0,0,0
22583,1,0,0,0,0
22584,1,0,0,0,0
22585,1,0,0,0,0
22586,1,0,0,0,0
22587,1,0,0,0,0
22588,1,0,0,0,0
22589,1,0,0,0,0
22590,1,0,0,0,0
22591,1,0,0,0,0
22592,1,0,0,0,0
22593,1,0,0,0,0
22594,1,0,0,0,0
22595,1,0,0,0,0
22596,1,0,0,0,0
22597,1,0,0,0,0
22598,1,0,0,0,0
22599,1,0,0,0,0
22600,1,0,0,0,0
22601,1,0,0,0,0
22602,1,0,0,0,0
22603,1,0,0,0,0
22604,1,0,0,0,0
22605,1,0,0,0,0
22606,1,0,0,0,0
22607,1,0,0,0,0
22608,1,0,0,0,0
22609,1,0,0,0,0
22610,1,0,0,0,0
22611,1,0,0,0,0
22612,1,0,0,0,0
22613,1,0,0,0,0
22614,1,0,0,0,0
22615,1,0,0,0,0
22616,1,0,0,0,0
22617,1,0,0,0,0
22618,1,0,0,0,0
22619,1,0,0,0,0
22620,1,0,0,0,0
22621,1,0,0,0,0
22622,1,0,0,0,0
22623,1,0,0,0,0
22624,1,0,0,0,0
22625,1,0,0,0,0
22626,1,0,0,0,0
22627,1,0,0,0,0
22628,1,0,0,0,0
22629,1,0,0,0,0
22630,1,0,0,0,0
22631,1,0,0,0,0
22632,1,0,0,0,0
22633,1,0,0,0,0
22634,1,0,0,0,0
22635,1,0,0,0,0
22636,0,0,0,0,1
22637,0,0,0,0,1
22638,0,0,0,0,1
22639,0,0,0,0,1
22640,0,0,0,0,1
22641,0,0,0,0,1
22642,0,0,0,0,1
22643,0,0,0,0,1
22644,0,0,0,0,1
22645,0,0,0,0,1
22646,0,0,0,0,1
22647,0,0,0,0,1
22648,0,0,0,0,1
22649,0,0,0,0,1
22650,0,0,0,0,1
22651,0,0,0,0,1
22652,0,0,0,0,1
22653,0,0,0,0,1
22654,0,0,0,0,1
22655,0,0,0,0,1
22656,0,0,0,0,1
22657,0,0,0,0,1
22658,0,0,0,0,1
22659,0,0,0,0,1
22660,0,0,0,0,1
22661,0,0,0,0,1
22662,0,0,0,0,1
22663,0,0,0,0,1
22664,0,0,0,0,1
22665,0,0,0,0,1
22666,0,0,0,0,1
22667,0,0,0,0,1
22668,0,0,0,0,1
22669,1,0,0,0,0
22670,1,0,0,0,0
22671,1,0,0,0,0
22672,1,0,0,0,0
22673,1,0,0,0,0
22674,1,0,0,0,0
22675,1,0,0,0,0
22676,1,0,0,0,0
22677,1,0,0,0,0
22678,1,0,0,0,0
22679,1,0,0,0,0
22680,1,0,0,0,0
22681,1,0,0,0,0
22682,1,0,0,0,0
22683,1,0,0,0,0
22684,1,0,0,0,0
22685,1,0,0,0,0
22686,1,0,0,0,0
22687,1,0,0,0,0
22688,1,0,0,0,0
22689,1,0,0,0,0
22690,1,0,0,0,0
22691,1,0,0,0,0
22692,1,0,0,0,0
22693,1,0,0,0,0
22694,1,0,0,0,0
22695,1,0,0,0,0
22696,1,0,0,0,0
22697,1,0,0,0,0
22698,1,0,0,0,0
22699,1,0,0,0,0
22700,1,0,0,0,0
22701,1,0,0,0,0
22702,1,0,0,0,0
22703,1,0,0,0,0
22704,1,0,0,0,0
22705,1,0,0,0,0
22706,1,0,0,0,0
22707,1,0,0,0,0
22708,1,0,0,0,0
22709,1,0,0,0,0
22710,1,0,0,0,0
22711,1,0,0,0,0
22712,1,0,0,0,0
22713,1,0,0,0,0
22714,1,0,0,0,0
22715,1,0,0,0,0
22716,1,0,0,0,0
22717,1,0,0,0,0
22718,1,0,0,0,0
22719,1,0,0,0,0
22720,1,0,0,0,0
22721,1,0,0,0,0
22722,1,0,0,0,0
22723,1,0,0,0,0
22724,1,0,0,0,0
22725,1,0,0,0,0
22726,1,0,0,0,0
22727,1,0,0,0,0
22728,1,0,0,0,0
22729,1,0,0,0,0
22730,1,0,0,0,0
22731,1,0,0,0,0
22732,1,0,0,0,0
22733,1,0,0,0,0
22734,1,0,0,0,0
22735,1,0,0,0,0
22736,1,0,0,0,0
22737,1,0,0,0,0
22738,1,0,0,0,0
22739,1,0,0,0,0
22740,1,0,0,0,0
22741,1,0,0,0,0
22742,1,0,0,0,0
22743,1,0,0,0,0
22744,1,0,0,0,0
22745,1,0,0,0,0
22746,1,0,0,0,0
22747,1,0,0,0,0
22748,1,0,0,0,0
22749,1,0,0,0,0
22750,1,0,0,0,0
22751,1,0,0,0,0
22752,1,0,0,0,0
22753,1,0,0,0,0
22754,1,0,0,0,0
22755,1,0,0,0,0
22756,1,0,0,0,0
22757,1,0,0,0,0
22758,1,0,0,0,0
22759,1,0,0,0,0
22760,1,0,0,0,0
22761,1,0,0,0,0
22762,1,0,0,0,0
22763,1,0,0,0,0
22764,1,0,0,0,0
22765,1,0,0,0,0
22766,1,0,0,0,0
22767,1,0,0,0,0
22768,1,0,0,0,0
22769,1,0,0,0,0
22770,1,0,0,0,0
22771,1,0,0,0,0
22772,1,0,0,0,0
22773,1,0,0,0,0
22774,1,0,0,0,0
22775,1,0,0,0,0
22776,1,0,0,0,0
22777,1,0,0,0,0
22778,1,0,0,0,0
22779,1,0,0,0,0
22780,1,0,0,0,0
22781,1,0,0,0,0
22782,1,0,0,0,0
22783,1,0,0,0,0
22784,1,0,0,0,0
22785,1,0,0,0,0
22786,1,0,0,0,0
22787,1,0,0,0,0
22788,1,0,0,0,0
22789,1,0,0,0,0
22790,1,0,0,0,0
22791,1,0,0,0,0
22792,1,0,0,0,0
22793,1,0,0,0,0
22794,1,0,0,0,0
22795,1,0,0,0,0
22796,1,0,0,0,0
22797,1,0,0,0,0
22798,1,0,0,0,0
22799,1,0,0,0,0
22800,1,0,0,0,0
22801,1,0,0,0,0
22802,1,0,0,0,0
22803,1,0,0,0,0
22804,1,0,0,0,0
22805,1,0,0,0,0
22806,1,0,0,0,0
22807,1,0,0,0,0
22808,1,0,0,0,0
22809,1,0,0,0,0
22810,1,0,0,0,0
22811,1,0,0,0,0
22812,1,0,0,0,0
22813,1,0,0,0,0
22814,1,0,0,0,0
22815,1,0,0,0,0
22816,1,0,0,0,0
22817,1,0,0,0,0
22818,1,0,0,0,0
22819,1,0,0,0,0
22820,1,0,0,0,0
22821,1,0,0,0,0
22822,1,0,0,0,0
22823,1,0,0,0,0
22824,1,0,0,0,0
22825,1,0,0,0,0
22826,1,0,0,0,0
22827,1,0,0,0,0
22828,1,0,0,0,0
22829,1,0,0,0,0
22830,1,0,0,0,0
22831,1,0,0,0,0
22832,1,0,0,0,0
22833,1,0,0,0,0
22834,1,0,0,0,0
22835,1,0,0,0,0
22836,1,0,0,0,0
22837,1,0,0,0,0
22838,1,0,0,0,0
22839,1,0,0,0,0
22840,1,0,0,0,0
22841,0,0,0,1,0
22842,0,0,0,1,0
22843,0,0,0,1,0
22844,0,0,0,1,0
22845,0,0,0,1,0
22846,0,0,0,1,0
22847,0,0,0,1,0
22848,0,0,0,1,0
22849,0,0,0,1,0
22850,1,0,0,0,0
22851,1,0,0,0,0
22852,1,0,0,0,0
22853,1,0,0,0,0
22854,1,0,0,0,0
22855,1,0,0,0,0
22856,1,0,0,0,0
22857,1,0,0,0,0
22858,1,0,0,0,0
22859,1,0,0,0,0
22860,1,0,0,0,0
22861,1,0,0,0,0
22862,1,0,0,0,0
22863,1,0,0,0,0
22864,1,0,0,0,0
22865,1,0,0,0,0
22866,1,0,0,0,0
22867,1,0,0,0,0
22868,1,0,0,0,0
22869,1,0,0,0,0
22870,1,0,0,0,0
22871,1,0,0,0,0
22872,1,0,0,0,0
22873,1,0,0,0,0
22874,1,0,0,0,0
22875,1,0,0,0,0
22876,1,0,0,0,0
22877,1,0,0,0,0
22878,1,0,0,0,0
22879,1,0,0,0,0
22880,1,0,0,0,0
22881,1,0,0,0,0
22882,1,0,0,0,0
22883,1,0,0,0,0
22884,1,0,0,0,0
22885,1,0,0,0,0
22886,1,0,0,0,0
22887,1,0,0,0,0
22888,1,0,0,0,0
22889,1,0,0,0,0
22890,1,0,0,0,0
22891,1,0,0,0,0
22892,1,0,0,0,0
22893,1,0,0,0,0
22894,1,0,0,0,0
22895,1,0,0,0,0
22896,1,0,0,0,0
22897,1,0,0,0,0
22898,1,0,0,0,0
22899,1,0,0,0,0
22900,1,0,0,0,0
22901,1,0,0,0,0
22902,1,0,0,0,0
22903,1,0,0,0,0
22904,1,0,0,0,0
22905,1,0,0,0,0
22906,1,0,0,0,0
22907,1,0,0,0,0
22908,1,0,0,0,0
22909,0,0,0,0,1
22910,0,0,0,0,1
22911,0,0,0,0,1
22912,0,0,0,0,1
22913,0,0,0,0,1
22914,0,0,0,0,1
22915,0,0,0,0,1
22916,0,0,0,0,1
22917,0,0,0,0,1
22918,0,0,0,0,1
22919,0,0,0,0,1
22920,0,0,0,0,1
22921,0,0,0,0,1
22922,0,0,0,0,1
22923,0,0,0,0,1
22924,0,0,0,0,1
22925,0,0,0,0,1
22926,0,0,0,0,1
22927,0,0,0,0,1
22928,0,0,0,0,1
22929,0,0,0,0,1
22930,0,0,0,0,1
22931,0,0,0,0,1
22932,0,0,0,0,1
22933,0,0,0,0,1
22934,0,0,0,0,1
22935,0,0,0,0,1
22936,0,0,0,0,1
22937,0,0,0,0,1
22938,0,0,0,0,1
22939,0,0,0,0,1
22940,0,0,0,0,1
22941,0,0,0,0,1
22942,0,0,0,0,1
22943,0,0,0,0,1
22944,0,0,0,0,1
22945,0,0,0,0,1
22946,0,0,0,0,1
22947,0,0,0,0,1
22948,0,0,0,0,1
22949,0,0,0,0,1
22950,0,0,0,0,1
22951,0,0,0,0,1
22952,0,0,0,0,1
22953,0,0,0,0,1
22954,0,0,0,0,1
22955,0,0,0,0,1
22956,0,0,0,0,1
22957,0,0,0,0,1
22958,0,0,0,0,1
22959,0,0,0,0,1
22960,0,0,0,0,1
22961,0,0,0,0,1
22962,0,0,0,0,1
22963,0,0,0,0,1
22964,0,0,0,0,1
22965,0,0,0,0,1
22966,0,0,0,0,1
22967,0,0,0,0,1
22968,0,0,0,0,1
22969,0,0,0,0,1
22970,0,0,0,0,1
22971,0,0,0,0,1
22972,0,0,0,0,1
22973,0,0,0,0,1
22974,0,0,0,0,1
22975,0,0,0,0,1
22976,0,0,0,0,1
22977,0,0,0,0,1
22978,0,0,0,0,1
22979,0,0,0,0,1
22980,0,0,0,0,1
22981,0,0,0,0,1
22982,0,0,0,0,1
22983,0,0,0,0,1
22984,0,0,0,0,1
22985,0,0,0,0,1
22986,0,0,0,0,1
22987,0,0,0,0,1
22988,0,0,0,0,1
22989,0,0,0,0,1
22990,0,0,0,0,1
22991,0,0,0,0,1
22992,0,0,0,0,1
22993,0,0,0,0,1
22994,0,0,0,0,1
22995,0,0,0,0,1
22996,0,0,0,0,1
22997,0,0,0,0,1
22998,0,0,0,0,1
22999,0,0,0,0,1
23000,0,0,0,0,1
23001,0,0,0,0,1
23002,0,0,0,0,1
23003,0,0,0,0,1
23004,0,0,0,0,1
23005,0,0,0,0,1
23006,0,0,0,0,1
23007,0,0,0,0,1
23008,0,0,0,0,1
23009,0,0,0,0,1
23010,0,0,0,0,1
23011,0,0,0,0,1
23012,0,0,0,0,1
23013,0,0,0,0,1
23014,0,0,0,0,1
23015,0,0,0,0,1
23016,0,0,0,0,1
23017,0,0,0,0,1
23018,0,0,0,0,1
23019,0,0,0,0,1
23020,0,0,0,0,1
23021,0,0,0,0,1
23022,0,0,0,0,1
23023,0,0,0,0,1
23024,0,0,0,0,1
23025,0,0,0,0,1
23026,0,0,0,0,1
23027,0,0,0,0,1
23028,0,0,0,0,1
23029,0,0,0,0,1
23030,0,0,0,0,1
23031,0,0,0,0,1
23032,0,0,0,0,1
23033,1,0,0,0,0
23034,1,0,0,0,0
23035,1,0,0,0,0
23036,1,0,0,0,0
23037,1,0,0,0,0
23038,1,0,0,0,0
23039,1,0,0,0,0
23040,1,0,0,0,0
23041,1,0,0,0,0
23042,1,0,0,0,0
23043,1,0,0,0,0
23044,1,0,0,0,0
23045,1,0,0,0,0
23046,1,0,0,0,0
23047,1,0,0,0,0
23048,1,0,0,0,0
23049,1,0,0,0,0
23050,1,0,0,0,0
23051,1,0,0,0,0
23052,1,0,0,0,0
23053,1,0,0,0,0
23054,1,0,0,0,0
23055,1,0,0,0,0
23056,1,0,0,0,0
23057,1,0,0,0,0
23058,1,0,0,0,0
23059,1,0,0,0,0
23060,1,0,0,0,0
23061,1,0,0,0,0
23062,1,0,0,0,0
23063,1,0,0,0,0
23064,1,0,0,0,0
23065,1,0,0,0,0
23066,1,0,0,0,0
23067,1,0,0,0,0
23068,1,0,0,0,0
23069,1,0,0,0,0
23070,1,0,0,0,0
23071,1,0,0,0,0
23072,1,0,0,0,0
23073,0,0,0,0,1
23074,0,0,0,0,1
23075,0,0,0,0,1
23076,0,0,0,0,1
23077,0,0,0,0,1
23078,0,0,0,0,1
23079,0,0,0,0,1
23080,0,0,0,0,1
23081,0,0,0,0,1
23082,0,0,0,0,1
23083,0,0,0,0,1
23084,0,0,0,0,1
23085,0,0,0,0,1
23086,0,0,0,0,1
23087,0,0,0,0,1
23088,0,0,0,0,1
23089,0,0,0,0,1
23090,0,0,0,0,1
23091,0,0,0,0,1
23092,1,0,0,0,0
23093,1,0,0,0,0
23094,1,0,0,0,0
23095,1,0,0,0,0
23096,0,0,0,1,0
23097,0,0,0,1,0
23098,0,0,0,1,0
23099,0,0,0,1,0
23100,0,0,0,1,0
23101,0,0,0,1,0
23102,0,0,0,1,0
23103,0,0,0,1,0
23104,0,0,0,1,0
23105,0,0,0,1,0
23106,0,0,0,1,0
23107,0,0,0,1,0
23108,0,0,0,1,0
23109,0,0,0,1,0
23110,0,0,0,1,0
23111,0,0,0,1,0
23112,0,0,0,1,0
23113,0,0,0,1,0
23114,0,0,0,1,0
23115,0,0,0,1,0
23116,0,0,0,1,0
23117,0,0,0,1,0
23118,0,0,0,1,0
23119,0,0,0,1,0
23120,0,0,0,1,0
23121,1,0,0,0,0
23122,1,0,0,0,0
23123,1,0,0,0,0
23124,1,0,0,0,0
23125,1,0,0,0,0
23126,1,0,0,0,0
23127,1,0,0,0,0
23128,1,0,0,0,0
23129,1,0,0,0,0
23130,1,0,0,0,0
23131,1,0,0,0,0
23132,1,0,0,0,0
23133,1,0,0,0,0
23134,1,0,0,0,0
23135,1,0,0,0,0
23136,1,0,0,0,0
23137,1,0,0,0,0
23138,1,0,0,0,0
23139,1,0,0,0,0
23140,1,0,0,0,0
23141,1,0,0,0,0
23142,1,0,0,0,0
23143,1,0,0,0,0
23144,1,0,0,0,0
23145,1,0,0,0,0
23146,1,0,0,0,0
23147,1,0,0,0,0
23148,1,0,0,0,0
23149,1,0,0,0,0
23150,1,0,0,0,0
23151,1,0,0,0,0
23152,1,0,0,0,0
23153,1,0,0,0,0
23154,1,0,0,0,0
23155,1,0,0,0,0
23156,1,0,0,0,0
23157,1,0,0,0,0
23158,1,0,0,0,0
23159,1,0,0,0,0
23160,1,0,0,0,0
23161,1,0,0,0,0
23162,1,0,0,0,0
23163,1,0,0,0,0
23164,1,0,0,0,0
23165,1,0,0,0,0
23166,1,0,0,0,0
23167,1,0,0,0,0
23168,1,0,0,0,0
23169,1,0,0,0,0
23170,1,0,0,0,0
23171,1,0,0,0,0
23172,1,0,0,0,0
23173,1,0,0,0,0
23174,1,0,0,0,0
23175,1,0,0,0,0
23176,1,0,0,0,0
23177,1,0,0,0,0
23178,1,0,0,0,0
23179,1,0,0,0,0
23180,1,0,0,0,0
23181,1,0,0,0,0
23182,1,0,0,0,0
23183,1,0,0,0,0
23184,1,0,0,0,0
23185,1,0,0,0,0
23186,1,0,0,0,0
23187,1,0,0,0,0
23188,1,0,0,0,0
23189,1,0,0,0,0
23190,1,0,0,0,0
23191,1,0,0,0,0
23192,1,0,0,0,0
23193,1,0,0,0,0
23194,1,0,0,0,0
23195,1,0,0,0,0
23196,1,0,0,0,0
23197,1,0,0,0,0
23198,1,0,0,0,0
23199,1,0,0,0,0
23200,1,0,0,0,0
23201,1,0,0,0,0
23202,1,0,0,0,0
23203,1,0,0,0,0
23204,0,0,0,0,1
23205,0,0,0,0,1
23206,0,0,0,0,1
23207,0,0,0,0,1
23208,0,0,0,0,1
23209,0,0,0,0,1
23210,0,0,0,0,1
23211,0,0,0,0,1
23212,0,0,0,0,1
23213,0,0,0,0,1
23214,0,0,0,0,1
23215,0,0,0,0,1
23216,0,0,0,0,1
23217,0,0,0,0,1
23218,0,0,0,0,1
23219,0,0,0,0,1
23220,0,0,0,0,1
23221,0,0,0,0,1
23222,0,0,0,0,1
23223,0,0,0,0,1
23224,0,0,0,0,1
23225,0,0,0,0,1
23226,0,0,0,0,1
23227,0,0,0,0,1
23228,0,0,0,0,1
23229,0,0,0,0,1
23230,0,0,0,0,1
23231,0,0,0,0,1
23232,0,0,0,0,1
23233,0,0,0,0,1
23234,0,0,0,0,1
23235,0,0,0,0,1
23236,0,0,0,0,1
23237,0,0,0,0,1
23238,0,0,0,0,1
23239,0,0,0,0,1
23240,0,0,0,0,1
23241,0,0,0,0,1
23242,0,0,0,0,1
23243,0,0,0,0,1
23244,0,0,0,0,1
23245,0,0,0,0,1
23246,0,0,0,0,1
23247,0,0,0,0,1
23248,0,0,0,0,1
23249,0,0,0,0,1
23250,0,0,0,0,1
23251,0,0,0,0,1
23252,0,0,0,0,1
23253,0,0,0,0,1
23254,0,0,0,0,1
23255,0,0,0,0,1
23256,0,0,0,0,1
23257,0,0,0,0,1
23258,0,0,0,0,1
23259,0,0,0,0,1
23260,0,0,0,0,1
23261,0,0,0,0,1
23262,0,0,0,0,1
23263,0,0,0,0,1
23264,0,0,0,0,1
23265,0,0,0,0,1
23266,0,0,0,0,1
23267,0,0,0,0,1
23268,0,0,0,0,1
23269,0,0,0,0,1
23270,0,0,0,0,1
23271,0,0,0,0,1
23272,0,0,0,0,1
23273,0,0,0,0,1
23274,0,0,0,0,1
23275,0,0,0,0,1
23276,0,0,0,0,1
23277,0,0,0,0,1
23278,0,0,0,0,1
23279,0,0,0,0,1
23280,0,0,0,0,1
23281,0,0,0,0,1
23282,0,0,0,0,1
23283,0,0,0,0,1
23284,0,0,0,0,1
23285,0,0,0,0,1
23286,0,0,0,0,1
23287,0,0,0,0,1
23288,0,0,0,0,1
23289,0,0,0,0,1
23290,0,0,0,0,1
23291,0,0,0,0,1
23292,0,0,0,0,1
23293,0,0,0,0,1
23294,0,0,0,0,1
23295,0,0,0,0,1
23296,0,0,0,0,1
23297,0,0,0,0,1
23298,0,0,0,0,1
23299,0,0,0,0,1
23300,0,0,0,0,1
23301,0,0,0,0,1
23302,0,0,0,0,1
23303,0,0,0,0,1
23304,0,0,0,0,1
23305,0,0,0,0,1
23306,0,0,0,0,1
23307,0,0,0,0,1
23308,0,0,0,0,1
23309,0,0,0,0,1
23310,0,0,0,0,1
23311,0,0,0,0,1
23312,0,0,0,0,1
23313,0,0,0,0,1
23314,0,0,0,0,1
23315,0,0,0,0,1
23316,0,0,0,0,1
23317,0,0,0,0,1
23318,0,0,0,0,1
23319,0,0,0,0,1
23320,0,0,0,0,1
23321,0,0,0,0,1
23322,0,0,0,0,1
23323,0,0,0,0,1
23324,0,0,0,0,1
23325,0,0,0,0,1
23326,0,0,0,0,1
23327,1,0,0,0,0
23328,1,0,0,0,0
23329,1,0,0,0,0
23330,1,0,0,0,0
23331,1,0,0,0,0
23332,1,0,0,0,0
23333,1,0,0,0,0
23334,1,0,0,0,0
23335,1,0,0,0,0
23336,1,0,0,0,0
23337,1,0,0,0,0
23338,1,0,0,0,0
23339,1,0,0,0,0
23340,1,0,0,0,0
23341,1,0,0,0,0
23342,1,0,0,0,0
23343,1,0,0,0,0
23344,1,0,0,0,0
23345,1,0,0,0,0
23346,1,0,0,0,0
23347,1,0,0,0,0
23348,1,0,0,0,0
23349,1,0,0,0,0
23350,1,0,0,0,0
23351,1,0,0,0,0
23352,1,0,0,0,0
23353,1,0,0,0,0
23354,1,0,0,0,0
23355,1,0,0,0,0
23356,1,0,0,0,0
23357,1,0,0,0,0
23358,1,0,0,0,0
23359,1,0,0,0,0
23360,1,0,0,0,0
23361,1,0,0,0,0
23362,1,0,0,0,0
23363,1,0,0,0,0
23364,1,0,0,0,0
23365,1,0,0,0,0
23366,1,0,0,0,0
23367,1,0,0,0,0
23368,1,0,0,0,0
23369,1,0,0,0,0
23370,1,0,0,0,0
23371,1,0,0,0,0
23372,1,0,0,0,0
23373,1,0,0,0,0
23374,1,0,0,0,0
23375,1,0,0,0,0
23376,1,0,0,0,0
23377,1,0,0,0,0
23378,1,0,0,0,0
23379,1,0,0,0,0
23380,1,0,0,0,0
23381,1,0,0,0,0
23382,1,0,0,0,0
23383,1,0,0,0,0
23384,1,0,0,0,0
23385,1,0,0,0,0
23386,1,0,0,0,0
23387,1,0,0,0,0
23388,1,0,0,0,0
23389,1,0,0,0,0
23390,1,0,0,0,0
23391,1,0,0,0,0
23392,1,0,0,0,0
23393,1,0,0,0,0
23394,1,0,0,0,0
23395,1,0,0,0,0
23396,1,0,0,0,0
23397,1,0,0,0,0
23398,1,0,0,0,0
23399,1,0,0,0,0
23400,1,0,0,0,0
23401,1,0,0,0,0
23402,1,0,0,0,0
23403,1,0,0,0,0
23404,1,0,0,0,0
23405,1,0,0,0,0
23406,1,0,0,0,0
23407,1,0,0,0,0
23408,1,0,0,0,0
23409,1,0,0,0,0
23410,1,0,0,0,0
23411,1,0,0,0,0
23412,1,0,0,0,0
23413,1,0,0,0,0
23414,1,0,0,0,0
23415,1,0,0,0,0
23416,1,0,0,0,0
23417,1,0,0,0,0
23418,1,0,0,0,0
23419,1,0,0,0,0
23420,1,0,0,0,0
23421,1,0,0,0,0
23422,1,0,0,0,0
23423,1,0,0,0,0
23424,1,0,0,0,0
23425,1,0,0,0,0
23426,1,0,0,0,0
23427,1,0,0,0,0
23428,1,0,0,0,0
23429,1,0,0,0,0
23430,1,0,0,0,0
23431,1,0,0,0,0
23432,1,0,0,0,0
23433,1,0,0,0,0
23434,1,0,0,0,0
23435,1,0,0,0,0
23436,1,0,0,0,0
23437,1,0,0,0,0
23438,1,0,0,0,0
23439,1,0,0,0,0
23440,1,0,0,0,0
23441,1,0,0,0,0
23442,1,0,0,0,0
23443,1,0,0,0,0
23444,1,0,0,0,0
23445,1,0,0,0,0
23446,1,0,0,0,0
23447,1,0,0,0,0
23448,1,0,0,0,0
23449,1,0,0,0,0
23450,1,0,0,0,0
23451,1,0,0,0,0
23452,1,0,0,0,0
23453,1,0,0,0,0
23454,1,0,0,0,0
23455,1,0,0,0,0
23456,1,0,0,0,0
23457,1,0,0,0,0
23458,1,0,0,0,0
23459,1,0,0,0,0
23460,1,0,0,0,0
23461,1,0,0,0,0
23462,1,0,0,0,0
23463,0,0,1,0,0
23464,0,0,1,0,0
23465,0,0,1,0,0
23466,0,0,1,0,0
23467,0,0,1,0,0
23468,0,0,1,0,0
23469,0,0,1,0,0
23470,0,0,1,0,0
23471,0,0,1,0,0
23472,0,0,1,0,0
23473,0,0,1,0,0
23474,0,0,1,0,0
23475,0,0,1,0,0
23476,0,0,1,0,0
23477,0,0,1,0,0
23478,0,0,1,0,0
23479,0,0,1,0,0
23480,0,0,1,0,0
23481,0,0,1,0,0
23482,0,0,1,0,0
23483,0,0,1,0,0
23484,0,0,1,0,0
23485,0,0,1,0,0
23486,0,0,1,0,0
23487,0,0,1,0,0
23488,0,0,1,0,0
23489,0,0,1,0,0
23490,0,0,1,0,0
23491,0,0,1,0,0
23492,0,0,1,0,0
23493,0,0,1,0,0
23494,0,0,1,0,0
23495,0,0,1,0,0
23496,0,0,1,0,0
23497,0,0,1,0,0
23498,0,0,1,0,0
23499,0,0,1,0,0
23500,0,0,1,0,0
23501,0,0,1,0,0
23502,0,0,1,0,0
23503,0,0,1,0,0
23504,0,0,1,0,0
23505,0,0,1,0,0
23506,0,0,1,0,0
23507,1,0,0,0,0
23508,1,0,0,0,0
23509,1,0,0,0,0
23510,1,0,0,0,0
23511,1,0,0,0,0
23512,1,0,0,0,0
23513,1,0,0,0,0
23514,1,0,0,0,0
23515,1,0,0,0,0
23516,1,0,0,0,0
23517,1,0,0,0,0
23518,1,0,0,0,0
23519,1,0,0,0,0
23520,1,0,0,0,0
23521,1,0,0,0,0
23522,1,0,0,0,0
23523,1,0,0,0,0
23524,1,0,0,0,0
23525,1,0,0,0,0
23526,1,0,0,0,0
23527,1,0,0,0,0
23528,1,0,0,0,0
23529,1,0,0,0,0
23530,1,0,0,0,0
23531,1,0,0,0,0
23532,1,0,0,0,0
23533,1,0,0,0,0
23534,1,0,0,0,0
23535,1,0,0,0,0
23536,1,0,0,0,0
23537,1,0,0,0,0
23538,1,0,0,0,0
23539,1,0,0,0,0
23540,1,0,0,0,0
23541,1,0,0,0,0
23542,1,0,0,0,0
23543,1,0,0,0,0
23544,1,0,0,0,0
23545,1,0,0,0,0
23546,1,0,0,0,0
23547,1,0,0,0,0
23548,1,0,0,0,0
23549,1,0,0,0,0
23550,1,0,0,0,0
23551,1,0,0,0,0
23552,1,0,0,0,0
23553,1,0,0,0,0
23554,1,0,0,0,0
23555,1,0,0,0,0
23556,1,0,0,0,0
23557,1,0,0,0,0
23558,1,0,0,0,0
23559,1,0,0,0,0
23560,1,0,0,0,0
23561,1,0,0,0,0
23562,1,0,0,0,0
23563,1,0,0,0,0
23564,1,0,0,0,0
23565,1,0,0,0,0
23566,1,0,0,0,0
23567,1,0,0,0,0
23568,1,0,0,0,0
23569,1,0,0,0,0
23570,1,0,0,0,0
23571,1,0,0,0,0
23572,1,0,0,0,0
23573,1,0,0,0,0
23574,1,0,0,0,0
23575,1,0,0,0,0
23576,1,0,0,0,0
23577,1,0,0,0,0
23578,1,0,0,0,0
23579,1,0,0,0,0
23580,1,0,0,0,0
23581,1,0,0,0,0
23582,1,0,0,0,0
23583,1,0,0,0,0
23584,1,0,0,0,0
23585,1,0,0,0,0
23586,1,0,0,0,0
23587,1,0,0,0,0
23588,1,0,0,0,0
23589,1,0,0,0,0
23590,1,0,0,0,0
23591,1,0,0,0,0
23592,1,0,0,0,0
23593,1,0,0,0,0
23594,1,0,0,0,0
23595,1,0,0,0,0
23596,1,0,0,0,0
23597,1,0,0,0,0
23598,1,0,0,0,0
23599,1,0,0,0,0
23600,1,0,0,0,0
23601,1,0,0,0,0
23602,1,0,0,0,0
23603,1,0,0,0,0
23604,1,0,0,0,0
23605,1,0,0,0,0
23606,1,0,0,0,0
23607,1,0,0,0,0
23608,1,0,0,0,0
23609,1,0,0,0,0
23610,1,0,0,0,0
23611,1,0,0,0,0
23612,1,0,0,0,0
23613,1,0,0,0,0
23614,1,0,0,0,0
23615,1,0,0,0,0
23616,1,0,0,0,0
23617,1,0,0,0,0
23618,1,0,0,0,0
23619,1,0,0,0,0
23620,1,0,0,0,0
23621,1,0,0,0,0
23622,1,0,0,0,0
23623,1,0,0,0,0
23624,1,0,0,0,0
23625,1,0,0,0,0
23626,1,0,0,0,0
23627,1,0,0,0,0
23628,1,0,0,0,0
23629,1,0,0,0,0
23630,1,0,0,0,0
23631,1,0,0,0,0
23632,1,0,0,0,0
23633,1,0,0,0,0
23634,1,0,0,0,0
23635,1,0,0,0,0
23636,1,0,0,0,0
23637,1,0,0,0,0
23638,1,0,0,0,0
23639,1,0,0,0,0
23640,1,0,0,0,0
23641,1,0,0,0,0
23642,1,0,0,0,0
23643,1,0,0,0,0
23644,1,0,0,0,0
23645,1,0,0,0,0
23646,1,0,0,0,0
23647,1,0,0,0,0
23648,1,0,0,0,0
23649,1,0,0,0,0
23650,1,0,0,0,0
23651,1,0,0,0,0
23652,1,0,0,0,0
23653,1,0,0,0,0
23654,1,0,0,0,0
23655,1,0,0,0,0
23656,1,0,0,0,0
23657,1,0,0,0,0
23658,1,0,0,0,0
23659,1,0,0,0,0
23660,1,0,0,0,0
23661,1,0,0,0,0
23662,1,0,0,0,0
23663,1,0,0,0,0
23664,1,0,0,0,0
23665,1,0,0,0,0
23666,1,0,0,0,0
23667,1,0,0,0,0
23668,1,0,0,0,0
23669,1,0,0,0,0
23670,1,0,0,0,0
23671,1,0,0,0,0
23672,1,0,0,0,0
23673,1,0,0,0,0
23674,1,0,0,0,0
23675,1,0,0,0,0
23676,1,0,0,0,0
23677,1,0,0,0,0
23678,1,0,0,0,0
23679,1,0,0,0,0
23680,1,0,0,0,0
23681,1,0,0,0,0
23682,1,0,0,0,0
23683,1,0,0,0,0
23684,1,0,0,0,0
23685,1,0,0,0,0
23686,1,0,0,0,0
23687,1,0,0,0,0
23688,1,0,0,0,0
23689,1,0,0,0,0
23690,1,0,0,0,0
23691,1,0,0,0,0
23692,1,0,0,0,0
23693,1,0,0,0,0
23694,1,0,0,0,0
23695,1,0,0,0,0
23696,1,0,0,0,0
23697,1,0,0,0,0
23698,1,0,0,0,0
23699,1,0,0,0,0
23700,1,0,0,0,0
23701,1,0,0,0,0
23702,1,0,0,0,0
23703,1,0,0,0,0
23704,1,0,0,0,0
23705,1,0,0,0,0
23706,1,0,0,0,0
23707,1,0,0,0,0
23708,1,0,0,0,0
23709,1,0,0,0,0
23710,1,0,0,0,0
23711,1,0,0,0,0
23712,1,0,0,0,0
23713,1,0,0,0,0
23714,1,0,0,0,0
23715,1,0,0,0,0
23716,1,0,0,0,0
23717,1,0,0,0,0
23718,1,0,0,0,0
23719,1,0,0,0,0
23720,1,0,0,0,0
23721,1,0,0,0,0
23722,1,0,0,0,0
23723,1,0,0,0,0
23724,1,0,0,0,0
23725,1,0,0,0,0
23726,1,0,0,0,0
23727,1,0,0,0,0
23728,1,0,0,0,0
23729,1,0,0,0,0
23730,1,0,0,0,0
23731,1,0,0,0,0
23732,1,0,0,0,0
23733,1,0,0,0,0
23734,1,0,0,0,0
23735,1,0,0,0,0
23736,1,0,0,0,0
23737,1,0,0,0,0
23738,1,0,0,0,0
23739,1,0,0,0,0
23740,1,0,0,0,0
23741,1,0,0,0,0
23742,1,0,0,0,0
23743,1,0,0,0,0
23744,1,0,0,0,0
23745,1,0,0,0,0
23746,1,0,0,0,0
23747,1,0,0,0,0
23748,1,0,0,0,0
23749,1,0,0,0,0
23750,1,0,0,0,0
23751,1,0,0,0,0
23752,1,0,0,0,0
23753,1,0,0,0,0
23754,1,0,0,0,0
23755,1,0,0,0,0
23756,1,0,0,0,0
23757,1,0,0,0,0
23758,1,0,0,0,0
23759,1,0,0,0,0
23760,1,0,0,0,0
23761,1,0,0,0,0
23762,1,0,0,0,0
23763,1,0,0,0,0
23764,1,0,0,0,0
23765,1,0,0,0,0
23766,1,0,0,0,0
23767,1,0,0,0,0
23768,1,0,0,0,0
23769,1,0,0,0,0
23770,1,0,0,0,0
23771,1,0,0,0,0
23772,1,0,0,0,0
23773,1,0,0,0,0
23774,1,0,0,0,0
23775,1,0,0,0,0
23776,1,0,0,0,0
23777,1,0,0,0,0
23778,1,0,0,0,0
23779,1,0,0,0,0
23780,1,0,0,0,0
23781,1,0,0,0,0
23782,1,0,0,0,0
23783,1,0,0,0,0
23784,1,0,0,0,0
23785,1,0,0,0,0
23786,1,0,0,0,0
23787,1,0,0,0,0
23788,1,0,0,0,0
23789,1,0,0,0,0
23790,1,0,0,0,0
23791,1,0,0,0,0
23792,1,0,0,0,0
23793,1,0,0,0,0
23794,1,0,0,0,0
23795,1,0,0,0,0
23796,1,0,0,0,0
23797,1,0,0,0,0
23798,1,0,0,0,0
23799,1,0,0,0,0
23800,1,0,0,0,0
23801,1,0,0,0,0
23802,1,0,0,0,0
23803,1,0,0,0,0
23804,1,0,0,0,0
23805,1,0,0,0,0
23806,1,0,0,0,0
23807,1,0,0,0,0
23808,1,0,0,0,0
23809,1,0,0,0,0
23810,1,0,0,0,0
23811,1,0,0,0,0
23812,1,0,0,0,0
23813,1,0,0,0,0
23814,1,0,0,0,0
23815,1,0,0,0,0
23816,1,0,0,0,0
23817,1,0,0,0,0
23818,1,0,0,0,0
23819,1,0,0,0,0
23820,1,0,0,0,0
23821,1,0,0,0,0
23822,1,0,0,0,0
23823,1,0,0,0,0
23824,1,0,0,0,0
23825,1,0,0,0,0
23826,1,0,0,0,0
23827,1,0,0,0,0
23828,1,0,0,0,0
23829,1,0,0,0,0
23830,1,0,0,0,0
23831,1,0,0,0,0
23832,1,0,0,0,0
23833,1,0,0,0,0
23834,1,0,0,0,0
23835,1,0,0,0,0
23836,1,0,0,0,0
23837,1,0,0,0,0
23838,1,0,0,0,0
23839,1,0,0,0,0
23840,1,0,0,0,0
23841,1,0,0,0,0
23842,1,0,0,0,0
23843,1,0,0,0,0
23844,1,0,0,0,0
23845,1,0,0,0,0
23846,1,0,0,0,0
23847,1,0,0,0,0
23848,1,0,0,0,0
23849,1,0,0,0,0
23850,1,0,0,0,0
23851,1,0,0,0,0
23852,1,0,0,0,0
23853,1,0,0,0,0
23854,1,0,0,0,0
23855,1,0,0,0,0
23856,1,0,0,0,0
23857,1,0,0,0,0
23858,1,0,0,0,0
23859,1,0,0,0,0
23860,1,0,0,0,0
23861,1,0,0,0,0
23862,1,0,0,0,0
23863,1,0,0,0,0
23864,1,0,0,0,0
23865,1,0,0,0,0
23866,1,0,0,0,0
23867,1,0,0,0,0
23868,1,0,0,0,0
23869,1,0,0,0,0
23870,1,0,0,0,0
23871,1,0,0,0,0
23872,1,0,0,0,0
23873,1,0,0,0,0
23874,1,0,0,0,0
23875,1,0,0,0,0
23876,1,0,0,0,0
23877,1,0,0,0,0
23878,1,0,0,0,0
23879,1,0,0,0,0
23880,1,0,0,0,0
23881,1,0,0,0,0
23882,1,0,0,0,0
23883,1,0,0,0,0
23884,1,0,0,0,0
23885,1,0,0,0,0
23886,1,0,0,0,0
23887,1,0,0,0,0
23888,1,0,0,0,0
23889,1,0,0,0,0
23890,1,0,0,0,0
23891,1,0,0,0,0
23892,1,0,0,0,0
23893,1,0,0,0,0
23894,1,0,0,0,0
23895,1,0,0,0,0
23896,1,0,0,0,0
23897,1,0,0,0,0
23898,1,0,0,0,0
23899,1,0,0,0,0
23900,1,0,0,0,0
23901,1,0,0,0,0
23902,1,0,0,0,0
23903,1,0,0,0,0
23904,1,0,0,0,0
23905,1,0,0,0,0
23906,1,0,0,0,0
23907,1,0,0,0,0
23908,1,0,0,0,0
23909,1,0,0,0,0
23910,1,0,0,0,0
23911,1,0,0,0,0
23912,1,0,0,0,0
23913,1,0,0,0,0
23914,1,0,0,0,0
23915,1,0,0,0,0
23916,1,0,0,0,0
23917,1,0,0,0,0
23918,1,0,0,0,0
23919,1,0,0,0,0
23920,1,0,0,0,0
23921,1,0,0,0,0
23922,1,0,0,0,0
23923,1,0,0,0,0
23924,1,0,0,0,0
23925,1,0,0,0,0
23926,1,0,0,0,0
23927,1,0,0,0,0
23928,1,0,0,0,0
23929,1,0,0,0,0
23930,1,0,0,0,0
23931,1,0,0,0,0
23932,1,0,0,0,0
23933,1,0,0,0,0
23934,1,0,0,0,0
23935,1,0,0,0,0
23936,1,0,0,0,0
23937,1,0,0,0,0
23938,1,0,0,0,0
23939,1,0,0,0,0
23940,1,0,0,0,0
23941,1,0,0,0,0
23942,1,0,0,0,0
23943,1,0,0,0,0
23944,1,0,0,0,0
23945,1,0,0,0,0
23946,1,0,0,0,0
23947,1,0,0,0,0
23948,1,0,0,0,0
23949,1,0,0,0,0
23950,1,0,0,0,0
23951,1,0,0,0,0
23952,1,0,0,0,0
23953,1,0,0,0,0
23954,1,0,0,0,0
23955,1,0,0,0,0
23956,1,0,0,0,0
23957,1,0,0,0,0
23958,1,0,0,0,0
23959,1,0,0,0,0
23960,1,0,0,0,0
23961,1,0,0,0,0
23962,1,0,0,0,0
23963,1,0,0,0,0
23964,1,0,0,0,0
23965,1,0,0,0,0
23966,1,0,0,0,0
23967,1,0,0,0,0
23968,1,0,0,0,0
23969,1,0,0,0,0
23970,1,0,0,0,0
23971,1,0,0,0,0
23972,1,0,0,0,0
23973,1,0,0,0,0
23974,1,0,0,0,0
23975,1,0,0,0,0
23976,1,0,0,0,0
23977,1,0,0,0,0
23978,1,0,0,0,0
23979,1,0,0,0,0
23980,1,0,0,0,0
23981,1,0,0,0,0
23982,1,0,0,0,0
23983,1,0,0,0,0
23984,1,0,0,0,0
23985,1,0,0,0,0
23986,1,0,0,0,0
23987,1,0,0,0,0
23988,1,0,0,0,0
23989,1,0,0,0,0
23990,1,0,0,0,0
23991,1,0,0,0,0
23992,1,0,0,0,0
23993,1,0,0,0,0
23994,1,0,0,0,0
23995,1,0,0,0,0
23996,1,0,0,0,0
23997,1,0,0,0,0
23998,1,0,0,0,0
23999,1,0,0,0,0
24000,1,0,0,0,0
24001,1,0,0,0,0
24002,1,0,0,0,0
24003,1,0,0,0,0
24004,1,0,0,0,0
24005,1,0,0,0,0
24006,1,0,0,0,0
24007,1,0,0,0,0
24008,1,0,0,0,0
24009,1,0,0,0,0
24010,1,0,0,0,0
24011,1,0,0,0,0
24012,1,0,0,0,0
24013,1,0,0,0,0
24014,1,0,0,0,0
24015,1,0,0,0,0
24016,1,0,0,0,0
24017,1,0,0,0,0
24018,1,0,0,0,0
24019,1,0,0,0,0
24020,1,0,0,0,0
24021,1,0,0,0,0
24022,1,0,0,0,0
24023,1,0,0,0,0
24024,1,0,0,0,0
24025,1,0,0,0,0
24026,1,0,0,0,0
24027,1,0,0,0,0
24028,1,0,0,0,0
24029,1,0,0,0,0
24030,1,0,0,0,0
24031,1,0,0,0,0
24032,1,0,0,0,0
24033,1,0,0,0,0
24034,1,0,0,0,0
24035,1,0,0,0,0
24036,1,0,0,0,0
24037,1,0,0,0,0
24038,1,0,0,0,0
24039,1,0,0,0,0
24040,1,0,0,0,0
24041,1,0,0,0,0
24042,1,0,0,0,0
24043,1,0,0,0,0
24044,1,0,0,0,0
24045,1,0,0,0,0
24046,1,0,0,0,0
24047,1,0,0,0,0
24048,1,0,0,0,0
24049,1,0,0,0,0
24050,1,0,0,0,0
24051,1,0,0,0,0
24052,1,0,0,0,0
24053,1,0,0,0,0
24054,1,0,0,0,0
24055,1,0,0,0,0
24056,1,0,0,0,0
24057,1,0,0,0,0
24058,1,0,0,0,0
24059,1,0,0,0,0
24060,1,0,0,0,0
24061,1,0,0,0,0
24062,1,0,0,0,0
24063,1,0,0,0,0
24064,1,0,0,0,0
24065,1,0,0,0,0
24066,1,0,0,0,0
24067,1,0,0,0,0
24068,1,0,0,0,0
24069,1,0,0,0,0
24070,1,0,0,0,0
24071,1,0,0,0,0
24072,1,0,0,0,0
24073,1,0,0,0,0
24074,1,0,0,0,0
24075,1,0,0,0,0
24076,1,0,0,0,0
24077,1,0,0,0,0
24078,1,0,0,0,0
24079,1,0,0,0,0
24080,1,0,0,0,0
24081,1,0,0,0,0
24082,1,0,0,0,0
24083,1,0,0,0,0
24084,1,0,0,0,0
24085,1,0,0,0,0
24086,1,0,0,0,0
24087,1,0,0,0,0
24088,1,0,0,0,0
24089,1,0,0,0,0
24090,1,0,0,0,0
24091,1,0,0,0,0
24092,1,0,0,0,0
24093,1,0,0,0,0
24094,1,0,0,0,0
24095,1,0,0,0,0
24096,1,0,0,0,0
24097,1,0,0,0,0
24098,1,0,0,0,0
24099,1,0,0,0,0
24100,1,0,0,0,0
24101,1,0,0,0,0
24102,1,0,0,0,0
24103,1,0,0,0,0
24104,1,0,0,0,0
24105,1,0,0,0,0
24106,1,0,0,0,0
24107,1,0,0,0,0
24108,1,0,0,0,0
24109,1,0,0,0,0
24110,1,0,0,0,0
24111,1,0,0,0,0
24112,1,0,0,0,0
24113,1,0,0,0,0
24114,1,0,0,0,0
24115,1,0,0,0,0
24116,1,0,0,0,0
24117,1,0,0,0,0
24118,1,0,0,0,0
24119,1,0,0,0,0
24120,1,0,0,0,0
24121,1,0,0,0,0
24122,1,0,0,0,0
24123,1,0,0,0,0
24124,1,0,0,0,0
24125,1,0,0,0,0
24126,1,0,0,0,0
24127,1,0,0,0,0
24128,1,0,0,0,0
24129,1,0,0,0,0
24130,1,0,0,0,0
24131,1,0,0,0,0
24132,1,0,0,0,0
24133,1,0,0,0,0
24134,1,0,0,0,0
24135,1,0,0,0,0
24136,1,0,0,0,0
24137,1,0,0,0,0
24138,1,0,0,0,0
24139,1,0,0,0,0
24140,1,0,0,0,0
24141,1,0,0,0,0
24142,1,0,0,0,0
24143,1,0,0,0,0
24144,1,0,0,0,0
24145,1,0,0,0,0
24146,1,0,0,0,0
24147,1,0,0,0,0
24148,1,0,0,0,0
24149,1,0,0,0,0
24150,1,0,0,0,0
24151,1,0,0,0,0
24152,1,0,0,0,0
24153,1,0,0,0,0
24154,1,0,0,0,0
24155,1,0,0,0,0
24156,1,0,0,0,0
24157,1,0,0,0,0
24158,1,0,0,0,0
24159,1,0,0,0,0
24160,1,0,0,0,0
24161,1,0,0,0,0
24162,1,0,0,0,0
24163,1,0,0,0,0
24164,1,0,0,0,0
24165,1,0,0,0,0
24166,1,0,0,0,0
24167,1,0,0,0,0
24168,1,0,0,0,0
24169,1,0,0,0,0
24170,1,0,0,0,0
24171,1,0,0,0,0
24172,1,0,0,0,0
24173,1,0,0,0,0
24174,1,0,0,0,0
24175,1,0,0,0,0
24176,1,0,0,0,0
24177,1,0,0,0,0
24178,1,0,0,0,0
24179,1,0,0,0,0
24180,1,0,0,0,0
24181,1,0,0,0,0
24182,1,0,0,0,0
24183,1,0,0,0,0
24184,1,0,0,0,0
24185,1,0,0,0,0
24186,1,0,0,0,0
24187,1,0,0,0,0
24188,1,0,0,0,0
24189,1,0,0,0,0
24190,1,0,0,0,0
24191,1,0,0,0,0
24192,1,0,0,0,0
24193,1,0,0,0,0
24194,1,0,0,0,0
24195,1,0,0,0,0
24196,1,0,0,0,0
24197,1,0,0,0,0
24198,1,0,0,0,0
24199,1,0,0,0,0
24200,1,0,0,0,0
24201,1,0,0,0,0
24202,1,0,0,0,0
24203,1,0,0,0,0
24204,1,0,0,0,0
24205,1,0,0,0,0
24206,1,0,0,0,0
24207,1,0,0,0,0
24208,1,0,0,0,0
24209,1,0,0,0,0
24210,1,0,0,0,0
24211,1,0,0,0,0
24212,1,0,0,0,0
24213,1,0,0,0,0
24214,1,0,0,0,0
24215,1,0,0,0,0
24216,1,0,0,0,0
24217,1,0,0,0,0
24218,1,0,0,0,0
24219,1,0,0,0,0
24220,1,0,0,0,0
24221,1,0,0,0,0
24222,1,0,0,0,0
24223,1,0,0,0,0
24224,1,0,0,0,0
24225,1,0,0,0,0
24226,1,0,0,0,0
24227,1,0,0,0,0
24228,1,0,0,0,0
24229,1,0,0,0,0
24230,1,0,0,0,0
24231,1,0,0,0,0
24232,1,0,0,0,0
24233,1,0,0,0,0
24234,1,0,0,0,0
24235,1,0,0,0,0
24236,1,0,0,0,0
24237,1,0,0,0,0
24238,1,0,0,0,0
24239,1,0,0,0,0
24240,1,0,0,0,0
24241,1,0,0,0,0
24242,1,0,0,0,0
24243,1,0,0,0,0
24244,1,0,0,0,0
24245,1,0,0,0,0
24246,1,0,0,0,0
24247,1,0,0,0,0
24248,1,0,0,0,0
24249,1,0,0,0,0
24250,0,1,0,0,0
24251,0,1,0,0,0
24252,0,1,0,0,0
24253,0,1,0,0,0
24254,0,1,0,0,0
24255,0,1,0,0,0
24256,0,1,0,0,0
24257,0,1,0,0,0
24258,0,1,0,0,0
24259,0,1,0,0,0
24260,0,1,0,0,0
24261,0,1,0,0,0
24262,0,1,0,0,0
24263,0,1,0,0,0
24264,0,1,0,0,0
24265,0,1,0,0,0
24266,0,1,0,0,0
24267,0,1,0,0,0
24268,0,1,0,0,0
24269,0,1,0,0,0
24270,0,1,0,0,0
24271,0,1,0,0,0
24272,0,1,0,0,0
24273,0,1,0,0,0
24274,0,1,0,0,0
24275,0,1,0,0,0
24276,0,1,0,0,0
24277,0,1,0,0,0
24278,0,1,0,0,0
24279,0,1,0,0,0
24280,0,1,0,0,0
24281,0,1,0,0,0
24282,0,1,0,0,0
24283,0,1,0,0,0
24284,0,1,0,0,0
24285,0,1,0,0,0
24286,0,1,0,0,0
24287,0,1,0,0,0
24288,0,1,0,0,0
24289,0,1,0,0,0
24290,0,1,0,0,0
24291,0,1,0,0,0
24292,0,1,0,0,0
24293,0,1,0,0,0
24294,0,1,0,0,0
24295,0,1,0,0,0
24296,0,1,0,0,0
24297,0,1,0,0,0
24298,0,1,0,0,0
24299,0,1,0,0,0
24300,0,1,0,0,0
24301,0,1,0,0,0
24302,0,1,0,0,0
24303,0,1,0,0,0
24304,0,1,0,0,0
24305,0,1,0,0,0
24306,0,1,0,0,0
24307,0,1,0,0,0
24308,0,1,0,0,0
24309,0,1,0,0,0
24310,0,1,0,0,0
24311,0,1,0,0,0
24312,0,1,0,0,0
24313,0,1,0,0,0
24314,0,1,0,0,0
24315,0,1,0,0,0
24316,0,1,0,0,0
24317,0,1,0,0,0
24318,0,1,0,0,0
24319,0,1,0,0,0
24320,1,0,0,0,0
24321,1,0,0,0,0
24322,1,0,0,0,0
24323,1,0,0,0,0
24324,1,0,0,0,0
24325,1,0,0,0,0
24326,1,0,0,0,0
24327,1,0,0,0,0
24328,1,0,0,0,0
24329,1,0,0,0,0
24330,1,0,0,0,0
24331,1,0,0,0,0
24332,1,0,0,0,0
24333,1,0,0,0,0
24334,1,0,0,0,0
24335,1,0,0,0,0
24336,1,0,0,0,0
24337,1,0,0,0,0
24338,1,0,0,0,0
24339,1,0,0,0,0
24340,1,0,0,0,0
24341,1,0,0,0,0
24342,1,0,0,0,0
24343,1,0,0,0,0
24344,1,0,0,0,0
24345,1,0,0,0,0
24346,1,0,0,0,0
24347,1,0,0,0,0
24348,1,0,0,0,0
24349,1,0,0,0,0
24350,1,0,0,0,0
24351,1,0,0,0,0
24352,1,0,0,0,0
24353,1,0,0,0,0
24354,1,0,0,0,0
24355,1,0,0,0,0
24356,1,0,0,0,0
24357,1,0,0,0,0
24358,1,0,0,0,0
24359,1,0,0,0,0
24360,1,0,0,0,0
24361,1,0,0,0,0
24362,1,0,0,0,0
24363,0,0,1,0,0
24364,0,0,1,0,0
24365,0,0,1,0,0
24366,0,0,1,0,0
24367,0,0,1,0,0
24368,0,0,1,0,0
24369,0,0,1,0,0
24370,0,0,1,0,0
24371,0,0,1,0,0
24372,0,0,1,0,0
24373,0,0,1,0,0
24374,0,0,1,0,0
24375,1,0,0,0,0
24376,1,0,0,0,0
24377,1,0,0,0,0
24378,1,0,0,0,0
24379,1,0,0,0,0
24380,1,0,0,0,0
24381,1,0,0,0,0
24382,1,0,0,0,0
24383,1,0,0,0,0
24384,1,0,0,0,0
24385,1,0,0,0,0
24386,1,0,0,0,0
24387,1,0,0,0,0
24388,1,0,0,0,0
24389,1,0,0,0,0
24390,1,0,0,0,0
24391,1,0,0,0,0
24392,1,0,0,0,0
24393,1,0,0,0,0
24394,1,0,0,0,0
24395,1,0,0,0,0
24396,1,0,0,0,0
24397,1,0,0,0,0
24398,1,0,0,0,0
24399,1,0,0,0,0
24400,1,0,0,0,0
24401,1,0,0,0,0
24402,1,0,0,0,0
24403,1,0,0,0,0
24404,1,0,0,0,0
24405,1,0,0,0,0
24406,1,0,0,0,0
24407,1,0,0,0,0
24408,1,0,0,0,0
24409,1,0,0,0,0
24410,1,0,0,0,0
24411,1,0,0,0,0
24412,1,0,0,0,0
24413,1,0,0,0,0
24414,1,0,0,0,0
24415,1,0,0,0,0
24416,1,0,0,0,0
24417,0,0,0,0,1
24418,0,0,0,0,1
24419,0,0,0,0,1
24420,0,0,0,0,1
24421,0,0,0,0,1
24422,0,0,0,0,1
24423,0,0,0,0,1
24424,0,0,0,0,1
24425,0,0,0,0,1
24426,0,0,0,0,1
24427,0,0,0,0,1
24428,0,0,0,0,1
24429,0,0,0,0,1
24430,0,0,0,0,1
24431,0,0,0,0,1
24432,0,0,0,0,1
24433,0,0,0,0,1
24434,0,0,0,0,1
24435,0,0,0,0,1
24436,0,0,0,0,1
24437,0,0,0,0,1
24438,0,0,0,0,1
24439,0,0,0,0,1
24440,0,0,0,0,1
24441,0,0,0,0,1
24442,0,0,0,0,1
24443,0,0,0,0,1
24444,0,0,0,0,1
24445,0,0,0,0,1
24446,0,0,0,0,1
24447,0,0,0,0,1
24448,0,0,0,0,1
24449,0,0,0,0,1
24450,0,0,0,0,1
24451,0,0,0,0,1
24452,0,0,0,0,1
24453,0,0,0,0,1
24454,0,0,0,0,1
24455,0,0,0,0,1
24456,0,0,0,0,1
24457,0,0,0,0,1
24458,0,0,0,0,1
24459,0,0,0,0,1
24460,0,0,0,0,1
24461,0,0,0,0,1
24462,0,0,0,0,1
24463,0,0,0,0,1
24464,0,0,0,0,1
24465,0,0,0,0,1
24466,0,0,0,0,1
24467,0,0,0,0,1
24468,0,0,0,0,1
24469,0,0,0,0,1
24470,0,0,0,0,1
24471,0,0,0,0,1
24472,0,0,0,0,1
24473,0,0,0,0,1
24474,0,0,0,0,1
24475,0,0,0,0,1
24476,0,0,0,0,1
24477,0,0,0,0,1
24478,0,0,0,0,1
24479,0,0,0,0,1
24480,0,0,0,0,1
24481,0,0,0,0,1
24482,0,0,0,0,1
24483,0,0,0,0,1
24484,0,0,0,0,1
24485,0,0,0,0,1
24486,0,0,0,0,1
24487,0,0,0,0,1
24488,0,0,0,0,1
24489,0,0,0,0,1
24490,0,0,0,0,1
24491,0,0,0,0,1
24492,0,0,0,0,1
24493,0,0,0,0,1
24494,0,0,0,0,1
24495,0,0,0,0,1
24496,0,0,0,0,1
24497,0,0,0,0,1
24498,0,0,0,0,1
24499,0,0,0,0,1
24500,0,0,0,0,1
24501,0,0,0,0,1
24502,0,0,0,0,1
24503,0,0,0,0,1
24504,0,0,0,0,1
24505,0,0,0,0,1
24506,0,0,0,0,1
24507,0,0,0,0,1
24508,0,0,0,0,1
24509,0,0,0,0,1
24510,0,0,0,0,1
24511,0,0,0,0,1
24512,0,0,0,0,1
24513,0,0,0,0,1
24514,0,0,0,0,1
24515,0,0,0,0,1
24516,0,0,0,0,1
24517,0,0,0,0,1
24518,0,0,0,0,1
24519,0,0,0,0,1
24520,0,0,0,0,1
24521,0,0,0,0,1
24522,0,0,0,0,1
24523,0,0,0,0,1
24524,0,0,0,0,1
24525,0,0,0,0,1
24526,0,0,0,0,1
24527,0,0,0,0,1
24528,0,0,0,0,1
24529,0,0,0,0,1
24530,0,0,0,0,1
24531,0,0,0,0,1
24532,0,0,0,0,1
24533,0,0,0,0,1
24534,0,0,0,0,1
24535,0,0,0,0,1
24536,0,0,0,0,1
24537,0,0,0,0,1
24538,0,0,0,0,1
24539,0,0,0,0,1
24540,0,0,0,0,1
24541,0,0,0,0,1
24542,0,0,0,0,1
24543,0,0,0,0,1
24544,0,0,0,0,1
24545,0,0,0,0,1
24546,0,0,0,0,1
24547,0,0,0,0,1
24548,0,0,0,0,1
24549,0,0,0,0,1
24550,0,0,0,0,1
24551,0,0,0,0,1
24552,0,0,0,0,1
24553,0,0,0,0,1
24554,0,0,0,0,1
24555,0,0,0,0,1
24556,0,0,0,0,1
24557,0,0,0,0,1
24558,0,0,0,0,1
24559,0,0,0,0,1
24560,0,0,0,0,1
24561,0,0,0,0,1
24562,0,0,0,0,1
24563,0,0,0,0,1
24564,0,0,0,0,1
24565,0,0,0,0,1
24566,0,0,0,0,1
24567,0,0,0,0,1
24568,0,0,0,1,0
24569,0,0,0,1,0
24570,0,0,0,1,0
24571,0,0,0,1,0
24572,0,0,0,1,0
24573,0,0,0,1,0
24574,0,0,0,1,0
24575,0,0,0,1,0
24576,0,0,0,1,0
24577,0,0,0,1,0
24578,0,0,0,1,0
24579,0,0,0,1,0
24580,1,0,0,0,0
24581,1,0,0,0,0
24582,1,0,0,0,0
24583,1,0,0,0,0
24584,1,0,0,0,0
24585,1,0,0,0,0
24586,1,0,0,0,0
24587,1,0,0,0,0
24588,1,0,0,0,0
24589,1,0,0,0,0
24590,1,0,0,0,0
24591,1,0,0,0,0
24592,1,0,0,0,0
24593,1,0,0,0,0
24594,1,0,0,0,0
24595,1,0,0,0,0
24596,1,0,0,0,0
24597,1,0,0,0,0
24598,1,0,0,0,0
24599,1,0,0,0,0
24600,1,0,0,0,0
24601,1,0,0,0,0
24602,1,0,0,0,0
24603,1,0,0,0,0
24604,1,0,0,0,0
24605,1,0,0,0,0
24606,1,0,0,0,0
24607,1,0,0,0,0
24608,1,0,0,0,0
24609,1,0,0,0,0
24610,1,0,0,0,0
24611,1,0,0,0,0
24612,1,0,0,0,0
24613,1,0,0,0,0
24614,1,0,0,0,0
24615,1,0,0,0,0
24616,1,0,0,0,0
24617,1,0,0,0,0
24618,1,0,0,0,0
24619,1,0,0,0,0
24620,1,0,0,0,0
24621,1,0,0,0,0
24622,1,0,0,0,0
24623,1,0,0,0,0
24624,1,0,0,0,0
24625,1,0,0,0,0
24626,1,0,0,0,0
24627,1,0,0,0,0
24628,1,0,0,0,0
24629,1,0,0,0,0
24630,1,0,0,0,0
24631,1,0,0,0,0
24632,1,0,0,0,0
24633,1,0,0,0,0
24634,1,0,0,0,0
24635,1,0,0,0,0
24636,1,0,0,0,0
24637,1,0,0,0,0
24638,1,0,0,0,0
24639,1,0,0,0,0
24640,1,0,0,0,0
24641,1,0,0,0,0
24642,1,0,0,0,0
24643,1,0,0,0,0
24644,1,0,0,0,0
24645,1,0,0,0,0
24646,1,0,0,0,0
24647,1,0,0,0,0
24648,1,0,0,0,0
24649,1,0,0,0,0
24650,1,0,0,0,0
24651,1,0,0,0,0
24652,1,0,0,0,0
24653,1,0,0,0,0
24654,1,0,0,0,0
24655,1,0,0,0,0
24656,1,0,0,0,0
24657,1,0,0,0,0
24658,1,0,0,0,0
24659,1,0,0,0,0
24660,1,0,0,0,0
24661,1,0,0,0,0
24662,1,0,0,0,0
24663,1,0,0,0,0
24664,1,0,0,0,0
24665,1,0,0,0,0
24666,1,0,0,0,0
24667,1,0,0,0,0
24668,1,0,0,0,0
24669,1,0,0,0,0
24670,1,0,0,0,0
24671,1,0,0,0,0
24672,1,0,0,0,0
24673,1,0,0,0,0
24674,1,0,0,0,0
24675,1,0,0,0,0
24676,1,0,0,0,0
24677,1,0,0,0,0
24678,1,0,0,0,0
24679,1,0,0,0,0
24680,1,0,0,0,0
24681,1,0,0,0,0
24682,1,0,0,0,0
24683,1,0,0,0,0
24684,1,0,0,0,0
24685,1,0,0,0,0
24686,1,0,0,0,0
24687,1,0,0,0,0
24688,1,0,0,0,0
24689,0,0,0,0,1
24690,0,0,0,0,1
24691,0,0,0,0,1
24692,0,0,0,0,1
24693,0,0,0,0,1
24694,0,0,0,0,1
24695,0,0,0,0,1
24696,0,0,0,0,1
24697,0,0,0,0,1
24698,0,0,0,0,1
24699,0,0,0,0,1
24700,0,0,0,0,1
24701,0,0,0,0,1
24702,0,0,0,0,1
24703,0,0,0,0,1
24704,0,0,0,0,1
24705,0,0,0,0,1
24706,0,0,0,0,1
24707,0,0,0,0,1
24708,0,0,0,0,1
24709,0,0,0,0,1
24710,0,0,0,0,1
24711,0,0,0,0,1
24712,0,0,0,0,1
24713,0,0,0,0,1
24714,0,0,0,0,1
24715,0,0,0,0,1
24716,0,0,0,0,1
24717,0,0,0,0,1
24718,0,0,0,0,1
24719,0,0,0,0,1
24720,0,0,0,0,1
24721,0,0,0,0,1
24722,1,0,0,0,0
24723,1,0,0,0,0
24724,1,0,0,0,0
24725,1,0,0,0,0
24726,1,0,0,0,0
24727,1,0,0,0,0
24728,1,0,0,0,0
24729,1,0,0,0,0
24730,1,0,0,0,0
24731,1,0,0,0,0
24732,1,0,0,0,0
24733,1,0,0,0,0
24734,1,0,0,0,0
24735,1,0,0,0,0
24736,1,0,0,0,0
24737,1,0,0,0,0
24738,1,0,0,0,0
24739,1,0,0,0,0
24740,1,0,0,0,0
24741,1,0,0,0,0
24742,1,0,0,0,0
24743,0,0,0,0,1
24744,0,0,0,0,1
24745,0,0,0,0,1
24746,0,0,0,0,1
24747,0,0,0,0,1
24748,0,0,0,0,1
24749,0,0,0,0,1
24750,0,0,0,0,1
24751,0,0,0,0,1
24752,0,0,0,0,1
24753,0,0,0,0,1
24754,0,0,0,0,1
24755,0,0,0,0,1
24756,0,0,0,0,1
24757,0,0,0,0,1
24758,0,0,0,0,1
24759,0,0,0,0,1
24760,0,0,0,0,1
24761,0,0,0,0,1
24762,0,0,0,0,1
24763,0,0,0,0,1
24764,0,0,0,0,1
24765,0,0,0,0,1
24766,0,0,0,0,1
24767,0,0,0,0,1
24768,0,0,0,0,1
24769,0,0,0,0,1
24770,0,0,0,0,1
24771,0,0,0,0,1
24772,0,0,0,0,1
24773,0,0,0,0,1
24774,0,0,0,0,1
24775,0,0,0,0,1
24776,0,0,0,0,1
24777,0,0,0,0,1
24778,0,0,0,0,1
24779,0,0,0,0,1
24780,0,0,0,0,1
24781,0,0,0,0,1
24782,0,0,0,0,1
24783,0,0,0,0,1
24784,0,0,0,0,1
24785,1,0,0,0,0
24786,1,0,0,0,0
24787,1,0,0,0,0
24788,1,0,0,0,0
24789,1,0,0,0,0
24790,1,0,0,0,0
24791,1,0,0,0,0
24792,1,0,0,0,0
24793,1,0,0,0,0
24794,1,0,0,0,0
24795,1,0,0,0,0
24796,1,0,0,0,0
24797,1,0,0,0,0
24798,1,0,0,0,0
24799,1,0,0,0,0
24800,1,0,0,0,0
24801,1,0,0,0,0
24802,1,0,0,0,0
24803,1,0,0,0,0
24804,1,0,0,0,0
24805,1,0,0,0,0
24806,1,0,0,0,0
24807,1,0,0,0,0
24808,1,0,0,0,0
24809,1,0,0,0,0
24810,1,0,0,0,0
24811,1,0,0,0,0
24812,1,0,0,0,0
24813,1,0,0,0,0
24814,1,0,0,0,0
24815,1,0,0,0,0
24816,1,0,0,0,0
24817,1,0,0,0,0
24818,1,0,0,0,0
24819,1,0,0,0,0
24820,1,0,0,0,0
24821,1,0,0,0,0
24822,1,0,0,0,0
24823,1,0,0,0,0
24824,1,0,0,0,0
24825,1,0,0,0,0
24826,1,0,0,0,0
24827,1,0,0,0,0
24828,1,0,0,0,0
24829,1,0,0,0,0
24830,1,0,0,0,0
24831,1,0,0,0,0
24832,1,0,0,0,0
24833,1,0,0,0,0
24834,1,0,0,0,0
24835,1,0,0,0,0
24836,1,0,0,0,0
24837,1,0,0,0,0
24838,1,0,0,0,0
24839,1,0,0,0,0
24840,1,0,0,0,0
24841,1,0,0,0,0
24842,1,0,0,0,0
24843,1,0,0,0,0
24844,1,0,0,0,0
24845,1,0,0,0,0
24846,1,0,0,0,0
24847,1,0,0,0,0
24848,1,0,0,0,0
24849,1,0,0,0,0
24850,1,0,0,0,0
24851,1,0,0,0,0
24852,1,0,0,0,0
24853,1,0,0,0,0
24854,0,0,0,0,1
24855,0,0,0,0,1
24856,0,0,0,0,1
24857,0,0,0,0,1
24858,0,0,0,0,1
24859,0,0,0,0,1
24860,0,0,0,0,1
24861,0,0,0,0,1
24862,0,0,0,0,1
24863,0,0,0,0,1
24864,0,0,0,0,1
24865,0,0,0,0,1
24866,0,0,0,0,1
24867,0,0,0,0,1
24868,0,0,0,0,1
24869,0,0,0,0,1
24870,0,0,0,0,1
24871,0,0,0,0,1
24872,0,0,0,0,1
24873,0,0,0,0,1
24874,0,0,0,0,1
24875,0,0,0,0,1
24876,0,0,0,0,1
24877,0,0,0,0,1
24878,0,0,0,0,1
24879,0,0,0,0,1
24880,0,0,0,0,1
24881,0,0,0,0,1
24882,0,0,0,0,1
24883,0,0,0,0,1
24884,0,0,0,0,1
24885,0,0,0,0,1
24886,0,0,0,0,1
24887,0,0,0,0,1
24888,0,0,0,0,1
24889,0,0,0,0,1
24890,0,0,0,0,1
24891,0,0,0,0,1
24892,0,0,0,0,1
24893,0,0,0,0,1
24894,1,0,0,0,0
24895,1,0,0,0,0
24896,1,0,0,0,0
24897,1,0,0,0,0
24898,1,0,0,0,0
24899,1,0,0,0,0
24900,1,0,0,0,0
24901,1,0,0,0,0
24902,1,0,0,0,0
24903,1,0,0,0,0
24904,1,0,0,0,0
24905,1,0,0,0,0
24906,1,0,0,0,0
24907,1,0,0,0,0
24908,1,0,0,0,0
24909,1,0,0,0,0
24910,1,0,0,0,0
24911,1,0,0,0,0
24912,1,0,0,0,0
24913,1,0,0,0,0
24914,1,0,0,0,0
24915,1,0,0,0,0
24916,1,0,0,0,0
24917,1,0,0,0,0
24918,1,0,0,0,0
24919,1,0,0,0,0
24920,1,0,0,0,0
24921,1,0,0,0,0
24922,1,0,0,0,0
24923,1,0,0,0,0
24924,1,0,0,0,0
24925,1,0,0,0,0
24926,0,0,0,0,1
24927,0,0,0,0,1
24928,0,0,0,0,1
24929,0,0,0,0,1
24930,0,0,0,0,1
24931,0,0,0,0,1
24932,0,0,0,0,1
24933,0,0,0,0,1
24934,0,0,0,0,1
24935,0,0,0,0,1
24936,0,0,0,0,1
24937,0,0,0,0,1
24938,0,0,0,0,1
24939,0,0,0,0,1
24940,0,0,0,0,1
24941,0,0,0,0,1
24942,0,0,0,0,1
24943,0,0,0,0,1
24944,0,0,0,0,1
24945,0,0,0,0,1
24946,0,0,0,0,1
24947,0,0,0,0,1
24948,0,0,0,0,1
24949,0,0,0,0,1
24950,0,0,0,0,1
24951,0,0,0,0,1
24952,0,0,0,0,1
24953,0,0,0,0,1
24954,0,0,0,0,1
24955,0,0,0,0,1
24956,0,0,0,0,1
24957,0,0,0,0,1
24958,0,0,0,0,1
24959,0,0,0,0,1
24960,0,0,0,0,1
24961,0,0,0,0,1
24962,0,0,0,0,1
24963,0,0,0,0,1
24964,0,0,0,0,1
24965,0,0,0,0,1
24966,0,0,0,0,1
24967,0,0,0,0,1
24968,0,0,0,0,1
24969,0,0,0,0,1
24970,0,0,0,0,1
24971,0,0,0,0,1
24972,0,0,0,0,1
24973,0,0,0,0,1
24974,0,0,0,0,1
24975,0,0,0,0,1
24976,0,0,0,0,1
24977,0,0,0,0,1
24978,0,0,0,0,1
24979,0,0,0,0,1
24980,0,0,0,0,1
24981,0,0,0,0,1
24982,0,0,0,0,1
24983,0,0,0,0,1
24984,0,0,0,0,1
24985,0,0,0,0,1
24986,0,0,0,0,1
24987,0,0,0,0,1
24988,0,0,0,0,1
24989,0,0,0,0,1
24990,0,0,0,0,1
24991,0,0,0,0,1
24992,0,0,0,0,1
24993,0,0,0,0,1
24994,0,0,0,0,1
24995,0,0,0,0,1
24996,0,0,0,0,1
24997,0,0,0,0,1
24998,0,0,0,0,1
24999,0,0,0,0,1
25000,0,0,0,0,1
25001,0,0,0,0,1
25002,0,0,0,0,1
25003,0,0,0,0,1
25004,0,0,0,0,1
25005,0,0,0,0,1
25006,0,0,0,0,1
25007,0,0,0,0,1
25008,0,0,0,0,1
25009,0,0,0,0,1
25010,0,0,0,0,1
25011,0,0,0,0,1
25012,0,0,0,0,1
25013,0,0,0,0,1
25014,0,0,0,0,1
25015,0,0,0,0,1
25016,0,0,0,0,1
25017,0,0,0,0,1
25018,0,0,0,0,1
25019,0,0,0,0,1
25020,0,0,0,0,1
25021,0,0,0,0,1
25022,0,0,0,0,1
25023,0,0,0,0,1
25024,0,0,0,0,1
25025,0,0,0,0,1
25026,0,0,0,0,1
25027,0,0,0,0,1
25028,0,0,0,0,1
25029,0,0,0,0,1
25030,0,0,0,0,1
25031,0,0,0,0,1
25032,0,0,0,0,1
25033,0,0,0,0,1
25034,0,0,0,0,1
25035,0,0,0,0,1
25036,0,0,0,0,1
25037,0,0,0,0,1
25038,0,0,0,0,1
25039,0,0,0,0,1
25040,0,0,0,0,1
25041,0,0,0,0,1
25042,0,0,0,0,1
25043,0,0,0,0,1
25044,0,0,0,0,1
25045,0,0,0,0,1
25046,0,0,0,0,1
25047,0,0,0,0,1
25048,1,0,0,0,0
25049,1,0,0,0,0
25050,1,0,0,0,0
25051,1,0,0,0,0
25052,1,0,0,0,0
25053,1,0,0,0,0
25054,1,0,0,0,0
25055,1,0,0,0,0
25056,1,0,0,0,0
25057,1,0,0,0,0
25058,1,0,0,0,0
25059,1,0,0,0,0
25060,1,0,0,0,0
25061,1,0,0,0,0
25062,1,0,0,0,0
25063,1,0,0,0,0
25064,1,0,0,0,0
25065,1,0,0,0,0
25066,1,0,0,0,0
25067,1,0,0,0,0
25068,1,0,0,0,0
25069,1,0,0,0,0
25070,1,0,0,0,0
25071,1,0,0,0,0
25072,1,0,0,0,0
25073,1,0,0,0,0
25074,1,0,0,0,0
25075,1,0,0,0,0
25076,1,0,0,0,0
25077,1,0,0,0,0
25078,1,0,0,0,0
25079,1,0,0,0,0
25080,1,0,0,0,0
25081,1,0,0,0,0
25082,1,0,0,0,0
25083,1,0,0,0,0
25084,1,0,0,0,0
25085,1,0,0,0,0
25086,1,0,0,0,0
25087,0,0,0,0,1
25088,0,0,0,0,1
25089,0,0,0,0,1
25090,0,0,0,0,1
25091,0,0,0,0,1
25092,0,0,0,0,1
25093,0,0,0,0,1
25094,0,0,0,0,1
25095,0,0,0,0,1
25096,0,0,0,0,1
25097,0,0,0,0,1
25098,0,0,0,0,1
25099,0,0,0,0,1
25100,0,0,0,0,1
25101,0,0,0,0,1
25102,0,0,0,0,1
25103,0,0,0,0,1
25104,0,0,0,0,1
25105,0,0,0,0,1
25106,0,0,0,0,1
25107,0,0,0,0,1
25108,0,0,0,0,1
25109,0,0,0,0,1
25110,0,0,0,0,1
25111,0,0,0,0,1
25112,0,0,0,0,1
25113,0,0,0,0,1
25114,0,0,0,0,1
25115,0,0,0,0,1
25116,0,0,0,0,1
25117,0,0,0,0,1
25118,0,0,0,0,1
25119,0,0,0,0,1
25120,0,0,0,0,1
25121,0,0,0,0,1
25122,0,0,0,0,1
25123,0,0,0,0,1
25124,0,0,0,0,1
25125,0,0,1,0,0
25126,0,0,1,0,0
25127,0,0,1,0,0
25128,0,0,1,0,0
25129,0,0,1,0,0
25130,0,0,1,0,0
25131,0,0,1,0,0
25132,0,0,1,0,0
25133,0,0,1,0,0
25134,0,0,1,0,0
25135,0,0,1,0,0
25136,0,0,0,1,0
25137,0,0,0,1,0
25138,0,0,0,1,0
25139,0,0,0,1,0
25140,0,0,0,1,0
25141,0,0,0,1,0
25142,0,0,0,1,0
25143,0,0,0,1,0
25144,0,0,0,1,0
25145,0,0,0,1,0
25146,0,0,0,1,0
25147,0,0,1,0,0
25148,0,0,1,0,0
25149,0,0,1,0,0
25150,0,0,1,0,0
25151,0,0,1,0,0
25152,0,0,1,0,0
25153,0,0,1,0,0
25154,0,0,1,0,0
25155,0,0,1,0,0
25156,0,0,1,0,0
25157,1,0,0,0,0
25158,1,0,0,0,0
25159,1,0,0,0,0
25160,1,0,0,0,0
25161,1,0,0,0,0
25162,1,0,0,0,0
25163,1,0,0,0,0
25164,1,0,0,0,0
25165,1,0,0,0,0
25166,1,0,0,0,0
25167,1,0,0,0,0
25168,1,0,0,0,0
25169,1,0,0,0,0
25170,1,0,0,0,0
25171,1,0,0,0,0
25172,1,0,0,0,0
25173,1,0,0,0,0
25174,1,0,0,0,0
25175,1,0,0,0,0
25176,1,0,0,0,0
25177,1,0,0,0,0
25178,1,0,0,0,0
25179,1,0,0,0,0
25180,1,0,0,0,0
25181,1,0,0,0,0
25182,1,0,0,0,0
25183,1,0,0,0,0
25184,1,0,0,0,0
25185,1,0,0,0,0
25186,1,0,0,0,0
25187,1,0,0,0,0
25188,0,0,0,0,1
25189,0,0,0,0,1
25190,0,0,0,0,1
25191,0,0,0,0,1
25192,0,0,0,0,1
25193,0,0,0,0,1
25194,0,0,0,0,1
25195,0,0,0,0,1
25196,0,0,0,0,1
25197,0,0,0,0,1
25198,0,0,0,0,1
25199,0,0,0,0,1
25200,0,0,0,0,1
25201,0,0,0,0,1
25202,0,0,0,0,1
25203,0,0,0,0,1
25204,0,0,0,0,1
25205,0,0,0,0,1
25206,0,0,0,0,1
25207,0,0,0,0,1
25208,0,0,0,0,1
25209,0,0,0,0,1
25210,0,0,0,0,1
25211,0,0,0,0,1
25212,0,0,0,0,1
25213,0,0,0,0,1
25214,0,0,0,0,1
25215,0,0,0,0,1
25216,0,0,0,0,1
25217,0,0,0,0,1
25218,0,0,0,0,1
25219,0,0,0,0,1
25220,0,0,0,0,1
25221,0,0,0,0,1
25222,0,0,0,0,1
25223,0,0,0,0,1
25224,0,0,0,0,1
25225,0,0,0,0,1
25226,0,0,0,0,1
25227,0,0,0,0,1
25228,0,0,0,0,1
25229,0,0,0,0,1
25230,0,0,0,0,1
25231,0,0,0,0,1
25232,0,0,0,0,1
25233,0,0,0,0,1
25234,0,0,0,0,1
25235,0,0,0,0,1
25236,0,0,0,0,1
25237,0,0,0,0,1
25238,0,0,0,0,1
25239,0,0,0,0,1
25240,0,0,0,0,1
25241,0,0,0,0,1
25242,0,0,0,0,1
25243,0,0,0,0,1
25244,0,0,0,0,1
25245,0,0,0,0,1
25246,0,0,0,0,1
25247,0,0,0,0,1
25248,0,0,0,0,1
25249,0,0,0,0,1
25250,0,0,0,0,1
25251,0,0,0,0,1
25252,0,0,0,0,1
25253,0,0,0,0,1
25254,0,0,0,0,1
25255,0,0,0,0,1
25256,0,0,0,0,1
25257,0,0,0,0,1
25258,0,0,0,0,1
25259,0,0,0,0,1
25260,0,0,0,0,1
25261,0,0,0,0,1
25262,0,0,0,0,1
25263,0,0,0,0,1
25264,0,0,0,0,1
25265,0,0,0,0,1
25266,0,0,0,0,1
25267,0,0,0,0,1
25268,0,0,0,0,1
25269,0,0,0,0,1
25270,0,0,0,0,1
25271,0,0,0,0,1
25272,0,0,0,0,1
25273,0,0,0,0,1
25274,0,0,0,0,1
25275,0,0,0,0,1
25276,0,0,0,0,1
25277,0,0,0,0,1
25278,0,0,0,0,1
25279,0,0,0,0,1
25280,0,0,0,0,1
25281,0,0,0,0,1
25282,0,0,0,0,1
25283,0,0,0,0,1
25284,0,0,0,0,1
25285,0,0,0,0,1
25286,0,0,0,0,1
25287,0,0,0,0,1
25288,0,0,0,0,1
25289,0,0,0,0,1
25290,0,0,0,0,1
25291,0,0,0,0,1
25292,0,0,0,0,1
25293,0,0,0,0,1
25294,0,0,0,0,1
25295,0,0,0,0,1
25296,0,0,0,0,1
25297,0,0,0,0,1
25298,0,0,0,0,1
25299,0,0,0,0,1
25300,1,0,0,0,0
25301,1,0,0,0,0
25302,1,0,0,0,0
25303,1,0,0,0,0
25304,1,0,0,0,0
25305,1,0,0,0,0
25306,1,0,0,0,0
25307,1,0,0,0,0
25308,1,0,0,0,0
25309,1,0,0,0,0
25310,1,0,0,0,0
25311,1,0,0,0,0
25312,1,0,0,0,0
25313,1,0,0,0,0
25314,1,0,0,0,0
25315,1,0,0,0,0
25316,1,0,0,0,0
25317,1,0,0,0,0
25318,1,0,0,0,0
25319,1,0,0,0,0
25320,1,0,0,0,0
25321,1,0,0,0,0
25322,1,0,0,0,0
25323,1,0,0,0,0
25324,1,0,0,0,0
25325,1,0,0,0,0
25326,1,0,0,0,0
25327,1,0,0,0,0
25328,1,0,0,0,0
25329,1,0,0,0,0
25330,1,0,0,0,0
25331,1,0,0,0,0
25332,1,0,0,0,0
25333,1,0,0,0,0
25334,0,0,0,0,1
25335,0,0,0,0,1
25336,0,0,0,0,1
25337,0,0,0,0,1
25338,0,0,0,0,1
25339,0,0,0,0,1
25340,0,0,0,0,1
25341,0,0,0,0,1
25342,0,0,0,0,1
25343,0,0,0,0,1
25344,0,0,0,0,1
25345,0,0,0,0,1
25346,0,0,0,0,1
25347,0,0,0,0,1
25348,0,0,0,0,1
25349,0,0,0,0,1
25350,0,0,0,0,1
25351,0,0,0,0,1
25352,0,0,0,0,1
25353,0,0,0,0,1
25354,0,0,0,0,1
25355,0,0,0,0,1
25356,1,0,0,0,0
25357,1,0,0,0,0
25358,1,0,0,0,0
25359,1,0,0,0,0
25360,1,0,0,0,0
25361,1,0,0,0,0
25362,1,0,0,0,0
25363,1,0,0,0,0
25364,1,0,0,0,0
25365,1,0,0,0,0
25366,1,0,0,0,0
25367,1,0,0,0,0
25368,1,0,0,0,0
25369,1,0,0,0,0
25370,1,0,0,0,0
25371,1,0,0,0,0
25372,1,0,0,0,0
25373,1,0,0,0,0
25374,1,0,0,0,0
25375,1,0,0,0,0
25376,1,0,0,0,0
25377,1,0,0,0,0
25378,1,0,0,0,0
25379,1,0,0,0,0
25380,1,0,0,0,0
25381,1,0,0,0,0
25382,1,0,0,0,0
25383,1,0,0,0,0
25384,1,0,0,0,0
25385,1,0,0,0,0
25386,1,0,0,0,0
25387,1,0,0,0,0
25388,1,0,0,0,0
25389,1,0,0,0,0
25390,1,0,0,0,0
25391,1,0,0,0,0
25392,1,0,0,0,0
25393,1,0,0,0,0
25394,1,0,0,0,0
25395,1,0,0,0,0
25396,1,0,0,0,0
25397,1,0,0,0,0
25398,1,0,0,0,0
25399,1,0,0,0,0
25400,1,0,0,0,0
25401,1,0,0,0,0
25402,1,0,0,0,0
25403,1,0,0,0,0
25404,1,0,0,0,0
25405,1,0,0,0,0
25406,0,0,0,0,1
25407,0,0,0,0,1
25408,0,0,0,0,1
25409,0,0,0,0,1
25410,0,0,0,0,1
25411,0,0,0,0,1
25412,0,0,0,0,1
25413,0,0,0,0,1
25414,0,0,0,0,1
25415,0,0,0,0,1
25416,0,0,0,0,1
25417,0,0,0,0,1
25418,0,0,0,0,1
25419,0,0,0,0,1
25420,0,0,0,0,1
25421,0,0,0,0,1
25422,0,0,0,0,1
25423,0,0,0,0,1
25424,0,0,0,0,1
25425,0,0,0,0,1
25426,0,0,0,0,1
25427,0,0,0,0,1
25428,0,0,0,0,1
25429,0,0,0,0,1
25430,0,0,0,0,1
25431,0,0,0,0,1
25432,0,0,0,0,1
25433,0,0,0,0,1
25434,0,0,0,0,1
25435,0,0,0,0,1
25436,0,0,0,0,1
25437,0,0,0,0,1
25438,0,0,0,0,1
25439,0,0,0,0,1
25440,0,0,0,0,1
25441,0,0,0,0,1
25442,0,0,0,0,1
25443,0,0,0,0,1
25444,0,0,0,0,1
25445,0,0,0,0,1
25446,0,0,0,0,1
25447,0,0,0,0,1
25448,0,0,0,0,1
25449,0,0,0,0,1
25450,0,0,0,0,1
25451,0,0,0,0,1
25452,0,0,0,0,1
25453,0,0,0,0,1
25454,0,0,0,0,1
25455,0,0,0,0,1
25456,0,0,0,0,1
25457,0,0,0,0,1
25458,0,0,0,0,1
25459,0,0,0,0,1
25460,0,0,0,0,1
25461,0,0,0,0,1
25462,0,0,0,0,1
25463,0,0,0,0,1
25464,0,0,0,0,1
25465,0,0,0,0,1
25466,0,0,0,0,1
25467,0,0,0,0,1
25468,0,0,0,0,1
25469,0,0,0,0,1
25470,0,0,0,0,1
25471,0,0,0,0,1
25472,0,0,0,0,1
25473,0,0,0,0,1
25474,0,0,0,0,1
25475,0,0,0,0,1
25476,0,0,0,0,1
25477,0,0,0,0,1
25478,0,0,0,0,1
25479,0,0,0,0,1
25480,0,0,0,0,1
25481,0,0,0,0,1
25482,0,0,0,0,1
25483,0,0,0,0,1
25484,0,0,0,0,1
25485,0,0,0,0,1
25486,0,0,0,0,1
25487,0,0,0,0,1
25488,0,0,0,0,1
25489,0,0,0,0,1
25490,0,0,0,0,1
25491,0,0,0,0,1
25492,0,0,0,0,1
25493,0,0,0,0,1
25494,0,0,0,0,1
25495,0,0,0,0,1
25496,0,0,0,0,1
25497,0,0,0,0,1
25498,0,0,0,0,1
25499,0,0,0,0,1
25500,0,0,0,0,1
25501,0,0,0,0,1
25502,0,0,0,0,1
25503,0,0,0,0,1
25504,0,0,0,0,1
25505,0,0,0,0,1
25506,0,0,0,0,1
25507,0,0,0,0,1
25508,0,0,0,0,1
25509,0,0,0,0,1
25510,0,0,0,0,1
25511,0,0,0,0,1
25512,0,0,0,0,1
25513,0,0,0,0,1
25514,0,0,0,0,1
25515,0,0,0,0,1
25516,0,0,0,0,1
25517,0,0,0,0,1
25518,0,0,0,0,1
25519,0,0,0,0,1
25520,0,0,0,0,1
25521,0,0,0,0,1
25522,0,0,0,0,1
25523,0,0,0,0,1
25524,0,0,0,0,1
25525,0,0,0,0,1
25526,0,0,0,0,1
25527,0,0,0,0,1
25528,0,0,0,0,1
25529,0,0,0,0,1
25530,0,0,0,0,1
25531,0,0,0,0,1
25532,0,0,0,0,1
25533,0,0,0,0,1
25534,0,0,0,0,1
25535,0,0,0,0,1
25536,0,0,0,0,1
25537,0,0,0,0,1
25538,0,0,0,0,1
25539,0,0,0,0,1
25540,0,0,0,0,1
25541,0,0,0,0,1
25542,0,0,0,0,1
25543,0,0,0,0,1
25544,0,0,0,0,1
25545,0,0,0,0,1
25546,0,0,0,0,1
25547,0,0,0,0,1
25548,0,0,0,0,1
25549,0,0,0,0,1
25550,0,0,0,0,1
25551,0,0,0,0,1
25552,0,0,0,0,1
25553,0,0,0,0,1
25554,0,0,0,0,1
25555,0,0,0,0,1
25556,0,0,0,0,1
25557,0,0,0,0,1
25558,0,0,0,0,1
25559,0,0,0,0,1
25560,0,0,0,0,1
25561,0,0,0,0,1
25562,0,0,0,0,1
25563,0,0,0,0,1
25564,0,0,0,0,1
25565,0,0,0,0,1
25566,0,0,0,0,1
25567,0,0,0,0,1
25568,0,0,0,0,1
25569,0,0,0,0,1
25570,0,0,0,0,1
25571,0,0,0,0,1
25572,0,0,0,0,1
25573,0,0,0,0,1
25574,0,0,0,0,1
25575,0,0,0,0,1
25576,0,0,0,0,1
25577,0,0,0,0,1
25578,0,0,0,0,1
25579,0,0,0,0,1
25580,0,0,0,0,1
25581,0,0,0,0,1
25582,0,0,0,0,1
25583,0,0,0,0,1
25584,0,0,0,0,1
25585,0,0,0,0,1
25586,0,0,0,0,1
25587,0,0,0,0,1
25588,0,0,0,0,1
25589,0,0,0,0,1
25590,0,0,0,0,1
25591,0,0,0,0,1
25592,0,0,0,0,1
25593,0,0,0,0,1
25594,0,0,0,0,1
25595,0,0,0,0,1
25596,0,0,0,0,1
25597,0,0,0,0,1
25598,0,0,0,0,1
25599,0,0,0,0,1
25600,0,0,0,0,1
25601,0,0,0,0,1
25602,0,0,0,0,1
25603,0,0,0,0,1
25604,0,0,0,0,1
25605,0,0,0,0,1
25606,0,0,0,0,1
25607,0,0,0,0,1
25608,0,0,0,0,1
25609,0,0,0,0,1
25610,0,0,0,0,1
25611,0,0,0,0,1
25612,0,0,0,0,1
25613,0,0,0,0,1
25614,0,0,0,0,1
25615,0,0,0,0,1
25616,0,0,0,0,1
25617,0,0,0,0,1
25618,0,0,0,0,1
25619,0,0,0,0,1
25620,0,0,0,0,1
25621,0,0,0,0,1
25622,0,0,0,0,1
25623,0,0,0,0,1
25624,0,0,0,0,1
25625,0,0,0,0,1
25626,0,0,0,0,1
25627,0,0,0,0,1
25628,1,0,0,0,0
25629,1,0,0,0,0
25630,1,0,0,0,0
25631,1,0,0,0,0
25632,1,0,0,0,0
25633,1,0,0,0,0
25634,1,0,0,0,0
25635,1,0,0,0,0
25636,1,0,0,0,0
25637,1,0,0,0,0
25638,1,0,0,0,0
25639,1,0,0,0,0
25640,1,0,0,0,0
25641,1,0,0,0,0
25642,1,0,0,0,0
25643,1,0,0,0,0
25644,1,0,0,0,0
25645,1,0,0,0,0
25646,1,0,0,0,0
25647,1,0,0,0,0
25648,1,0,0,0,0
25649,1,0,0,0,0
25650,1,0,0,0,0
25651,1,0,0,0,0
25652,1,0,0,0,0
25653,1,0,0,0,0
25654,1,0,0,0,0
25655,1,0,0,0,0
25656,1,0,0,0,0
25657,1,0,0,0,0
25658,1,0,0,0,0
25659,1,0,0,0,0
25660,1,0,0,0,0
25661,1,0,0,0,0
25662,1,0,0,0,0
25663,1,0,0,0,0
25664,1,0,0,0,0
25665,1,0,0,0,0
25666,1,0,0,0,0
25667,1,0,0,0,0
25668,1,0,0,0,0
25669,1,0,0,0,0
25670,1,0,0,0,0
25671,1,0,0,0,0
25672,1,0,0,0,0
25673,1,0,0,0,0
25674,1,0,0,0,0
25675,1,0,0,0,0
25676,1,0,0,0,0
25677,1,0,0,0,0
25678,1,0,0,0,0
25679,1,0,0,0,0
25680,1,0,0,0,0
25681,1,0,0,0,0
25682,1,0,0,0,0
25683,1,0,0,0,0
25684,1,0,0,0,0
25685,1,0,0,0,0
25686,1,0,0,0,0
25687,1,0,0,0,0
25688,1,0,0,0,0
25689,1,0,0,0,0
25690,1,0,0,0,0
25691,1,0,0,0,0
25692,1,0,0,0,0
25693,1,0,0,0,0
25694,1,0,0,0,0
25695,1,0,0,0,0
25696,1,0,0,0,0
25697,1,0,0,0,0
25698,1,0,0,0,0
25699,1,0,0,0,0
25700,1,0,0,0,0
25701,1,0,0,0,0
25702,1,0,0,0,0
25703,1,0,0,0,0
25704,1,0,0,0,0
25705,1,0,0,0,0
25706,1,0,0,0,0
25707,1,0,0,0,0
25708,1,0,0,0,0
25709,1,0,0,0,0
25710,1,0,0,0,0
25711,1,0,0,0,0
25712,1,0,0,0,0
25713,1,0,0,0,0
25714,1,0,0,0,0
25715,1,0,0,0,0
25716,1,0,0,0,0
25717,1,0,0,0,0
25718,1,0,0,0,0
25719,1,0,0,0,0
25720,1,0,0,0,0
25721,1,0,0,0,0
25722,1,0,0,0,0
25723,1,0,0,0,0
25724,1,0,0,0,0
25725,1,0,0,0,0
25726,1,0,0,0,0
25727,1,0,0,0,0
25728,1,0,0,0,0
25729,1,0,0,0,0
25730,1,0,0,0,0
25731,1,0,0,0,0
25732,1,0,0,0,0
25733,1,0,0,0,0
25734,1,0,0,0,0
25735,1,0,0,0,0
25736,1,0,0,0,0
25737,1,0,0,0,0
25738,1,0,0,0,0
25739,1,0,0,0,0
25740,1,0,0,0,0
25741,1,0,0,0,0
25742,1,0,0,0,0
25743,1,0,0,0,0
25744,1,0,0,0,0
25745,1,0,0,0,0
25746,1,0,0,0,0
25747,1,0,0,0,0
25748,1,0,0,0,0
25749,1,0,0,0,0
25750,1,0,0,0,0
25751,1,0,0,0,0
25752,1,0,0,0,0
25753,0,1,0,0,0
25754,0,1,0,0,0
25755,0,1,0,0,0
25756,0,1,0,0,0
25757,0,1,0,0,0
25758,0,1,0,0,0
25759,0,1,0,0,0
25760,0,1,0,0,0
25761,0,1,0,0,0
25762,0,1,0,0,0
25763,0,1,0,0,0
25764,0,1,0,0,0
25765,0,1,0,0,0
25766,0,1,0,0,0
25767,0,1,0,0,0
25768,0,1,0,0,0
25769,0,1,0,0,0
25770,0,1,0,0,0
25771,0,1,0,0,0
25772,0,1,0,0,0
25773,0,1,0,0,0
25774,0,1,0,0,0
25775,0,1,0,0,0
25776,0,1,0,0,0
25777,0,1,0,0,0
25778,0,1,0,0,0
25779,0,1,0,0,0
25780,0,1,0,0,0
25781,0,1,0,0,0
25782,0,1,0,0,0
25783,0,1,0,0,0
25784,0,1,0,0,0
25785,0,1,0,0,0
25786,0,1,0,0,0
25787,0,1,0,0,0
25788,1,0,0,0,0
25789,1,0,0,0,0
25790,1,0,0,0,0
25791,1,0,0,0,0
25792,1,0,0,0,0
25793,1,0,0,0,0
25794,1,0,0,0,0
25795,1,0,0,0,0
25796,1,0,0,0,0
25797,1,0,0,0,0
25798,1,0,0,0,0
25799,1,0,0,0,0
25800,1,0,0,0,0
25801,1,0,0,0,0
25802,1,0,0,0,0
25803,1,0,0,0,0
25804,1,0,0,0,0
25805,1,0,0,0,0
25806,1,0,0,0,0
25807,1,0,0,0,0
25808,1,0,0,0,0
25809,1,0,0,0,0
25810,1,0,0,0,0
25811,1,0,0,0,0
25812,1,0,0,0,0
25813,1,0,0,0,0
25814,1,0,0,0,0
25815,1,0,0,0,0
25816,1,0,0,0,0
25817,1,0,0,0,0
25818,1,0,0,0,0
25819,1,0,0,0,0
25820,1,0,0,0,0
25821,1,0,0,0,0
25822,1,0,0,0,0
25823,1,0,0,0,0
25824,1,0,0,0,0
25825,1,0,0,0,0
25826,1,0,0,0,0
25827,1,0,0,0,0
25828,1,0,0,0,0
25829,1,0,0,0,0
25830,1,0,0,0,0
25831,1,0,0,0,0
25832,1,0,0,0,0
25833,1,0,0,0,0
25834,1,0,0,0,0
25835,1,0,0,0,0
25836,1,0,0,0,0
25837,1,0,0,0,0
25838,1,0,0,0,0
25839,1,0,0,0,0
25840,1,0,0,0,0
25841,1,0,0,0,0
25842,1,0,0,0,0
25843,1,0,0,0,0
25844,1,0,0,0,0
25845,1,0,0,0,0
25846,1,0,0,0,0
25847,1,0,0,0,0
25848,1,0,0,0,0
25849,1,0,0,0,0
25850,1,0,0,0,0
25851,1,0,0,0,0
25852,1,0,0,0,0
25853,1,0,0,0,0
25854,1,0,0,0,0
25855,1,0,0,0,0
25856,1,0,0,0,0
25857,1,0,0,0,0
25858,1,0,0,0,0
25859,1,0,0,0,0
25860,1,0,0,0,0
25861,1,0,0,0,0
25862,1,0,0,0,0
25863,1,0,0,0,0
25864,0,0,0,0,1
25865,0,0,0,0,1
25866,0,0,0,0,1
25867,0,0,0,0,1
25868,0,0,0,0,1
25869,0,0,0,0,1
25870,0,0,0,0,1
25871,0,0,0,0,1
25872,0,0,0,0,1
25873,0,0,0,0,1
25874,0,0,0,0,1
25875,0,0,0,0,1
25876,0,0,0,0,1
25877,0,0,0,0,1
25878,0,0,0,0,1
25879,0,0,0,0,1
25880,0,0,0,0,1
25881,0,0,0,0,1
25882,0,0,0,0,1
25883,0,0,0,0,1
25884,1,0,0,0,0
25885,1,0,0,0,0
25886,1,0,0,0,0
25887,1,0,0,0,0
25888,1,0,0,0,0
25889,1,0,0,0,0
25890,1,0,0,0,0
25891,1,0,0,0,0
25892,1,0,0,0,0
25893,1,0,0,0,0
25894,1,0,0,0,0
25895,1,0,0,0,0
25896,1,0,0,0,0
25897,1,0,0,0,0
25898,1,0,0,0,0
25899,1,0,0,0,0
25900,1,0,0,0,0
25901,1,0,0,0,0
25902,1,0,0,0,0
25903,1,0,0,0,0
25904,1,0,0,0,0
25905,1,0,0,0,0
25906,1,0,0,0,0
25907,1,0,0,0,0
25908,1,0,0,0,0
25909,1,0,0,0,0
25910,1,0,0,0,0
25911,1,0,0,0,0
25912,1,0,0,0,0
25913,1,0,0,0,0
25914,1,0,0,0,0
25915,1,0,0,0,0
25916,1,0,0,0,0
25917,1,0,0,0,0
25918,1,0,0,0,0
25919,1,0,0,0,0
25920,1,0,0,0,0
25921,1,0,0,0,0
25922,1,0,0,0,0
25923,0,0,0,0,1
25924,0,0,0,0,1
25925,0,0,0,0,1
25926,0,0,0,0,1
25927,0,0,0,0,1
25928,0,0,0,0,1
25929,0,0,0,0,1
25930,0,0,0,0,1
25931,0,0,0,0,1
25932,0,0,0,0,1
25933,0,0,0,0,1
25934,0,0,0,0,1
25935,0,0,0,0,1
25936,0,0,0,0,1
25937,0,0,0,0,1
25938,0,0,0,0,1
25939,0,0,0,0,1
25940,0,0,0,0,1
25941,0,0,0,0,1
25942,0,0,0,0,1
25943,0,0,0,0,1
25944,0,0,0,0,1
25945,0,0,0,0,1
25946,0,0,0,0,1
25947,0,0,0,0,1
25948,1,0,0,0,0
25949,1,0,0,0,0
25950,1,0,0,0,0
25951,1,0,0,0,0
25952,1,0,0,0,0
25953,1,0,0,0,0
25954,1,0,0,0,0
25955,1,0,0,0,0
25956,1,0,0,0,0
25957,1,0,0,0,0
25958,1,0,0,0,0
25959,1,0,0,0,0
25960,1,0,0,0,0
25961,1,0,0,0,0
25962,1,0,0,0,0
25963,1,0,0,0,0
25964,1,0,0,0,0
25965,1,0,0,0,0
25966,1,0,0,0,0
25967,1,0,0,0,0
25968,1,0,0,0,0
25969,1,0,0,0,0
25970,1,0,0,0,0
25971,1,0,0,0,0
25972,1,0,0,0,0
25973,1,0,0,0,0
25974,1,0,0,0,0
25975,1,0,0,0,0
25976,1,0,0,0,0
25977,1,0,0,0,0
25978,1,0,0,0,0
25979,1,0,0,0,0
25980,1,0,0,0,0
25981,1,0,0,0,0
25982,1,0,0,0,0
25983,1,0,0,0,0
25984,1,0,0,0,0
25985,1,0,0,0,0
25986,1,0,0,0,0
25987,1,0,0,0,0
25988,1,0,0,0,0
25989,1,0,0,0,0
25990,1,0,0,0,0
25991,1,0,0,0,0
25992,1,0,0,0,0
25993,1,0,0,0,0
25994,1,0,0,0,0
25995,1,0,0,0,0
25996,1,0,0,0,0
25997,1,0,0,0,0
25998,1,0,0,0,0
25999,0,0,0,0,1
26000,0,0,0,0,1
26001,0,0,0,0,1
26002,0,0,0,0,1
26003,0,0,0,0,1
26004,0,0,0,0,1
26005,0,0,0,0,1
26006,0,0,0,0,1
26007,0,0,0,0,1
26008,0,0,0,0,1
26009,0,0,0,0,1
26010,0,0,0,0,1
26011,0,0,0,0,1
26012,0,0,0,0,1
26013,0,0,0,0,1
26014,0,0,0,0,1
26015,0,0,0,0,1
26016,0,0,0,0,1
26017,0,0,0,0,1
26018,0,0,0,0,1
26019,0,0,0,0,1
26020,0,0,0,0,1
26021,0,0,0,0,1
26022,0,0,0,0,1
26023,0,0,0,0,1
26024,0,0,0,0,1
26025,0,0,0,0,1
26026,0,0,0,0,1
26027,0,0,0,0,1
26028,0,0,0,0,1
26029,0,0,0,0,1
26030,0,0,0,0,1
26031,0,0,0,0,1
26032,0,0,0,0,1
26033,0,0,0,0,1
26034,0,0,0,0,1
26035,0,0,0,0,1
26036,0,0,0,0,1
26037,0,0,0,0,1
26038,0,0,0,0,1
26039,0,0,0,0,1
26040,0,0,0,0,1
26041,0,0,0,0,1
26042,0,0,0,0,1
26043,0,0,0,0,1
26044,0,0,0,0,1
26045,0,0,0,0,1
26046,0,0,0,0,1
26047,0,0,0,0,1
26048,0,0,0,0,1
26049,0,0,0,0,1
26050,0,0,0,0,1
26051,0,0,0,0,1
26052,0,0,0,0,1
26053,0,0,0,0,1
26054,0,0,0,0,1
26055,1,0,0,0,0
26056,1,0,0,0,0
26057,1,0,0,0,0
26058,1,0,0,0,0
26059,1,0,0,0,0
26060,1,0,0,0,0
26061,1,0,0,0,0
26062,1,0,0,0,0
26063,1,0,0,0,0
26064,1,0,0,0,0
26065,1,0,0,0,0
26066,1,0,0,0,0
26067,1,0,0,0,0
26068,1,0,0,0,0
26069,1,0,0,0,0
26070,1,0,0,0,0
26071,1,0,0,0,0
26072,1,0,0,0,0
26073,1,0,0,0,0
26074,1,0,0,0,0
26075,1,0,0,0,0
26076,1,0,0,0,0
26077,1,0,0,0,0
26078,1,0,0,0,0
26079,1,0,0,0,0
26080,1,0,0,0,0
26081,1,0,0,0,0
26082,1,0,0,0,0
26083,1,0,0,0,0
26084,1,0,0,0,0
26085,1,0,0,0,0
26086,1,0,0,0,0
26087,0,0,0,1,0
26088,0,0,0,1,0
26089,0,0,0,1,0
26090,0,0,0,1,0
26091,0,0,0,1,0
26092,0,0,0,1,0
26093,0,0,0,1,0
26094,0,0,0,1,0
26095,0,0,0,1,0
26096,0,0,0,1,0
26097,0,0,0,1,0
26098,0,0,0,1,0
26099,0,0,0,1,0
26100,0,0,0,1,0
26101,1,0,0,0,0
26102,1,0,0,0,0
26103,1,0,0,0,0
26104,1,0,0,0,0
26105,1,0,0,0,0
26106,1,0,0,0,0
26107,1,0,0,0,0
26108,1,0,0,0,0
26109,1,0,0,0,0
26110,1,0,0,0,0
26111,1,0,0,0,0
26112,1,0,0,0,0
26113,1,0,0,0,0
26114,1,0,0,0,0
26115,1,0,0,0,0
26116,1,0,0,0,0
26117,1,0,0,0,0
26118,1,0,0,0,0
26119,1,0,0,0,0
26120,1,0,0,0,0
26121,1,0,0,0,0
26122,1,0,0,0,0
26123,1,0,0,0,0
26124,1,0,0,0,0
26125,1,0,0,0,0
26126,1,0,0,0,0
26127,1,0,0,0,0
26128,1,0,0,0,0
26129,1,0,0,0,0
26130,1,0,0,0,0
26131,1,0,0,0,0
26132,1,0,0,0,0
26133,1,0,0,0,0
26134,1,0,0,0,0
26135,1,0,0,0,0
26136,1,0,0,0,0
26137,1,0,0,0,0
26138,1,0,0,0,0
26139,1,0,0,0,0
26140,1,0,0,0,0
26141,1,0,0,0,0
26142,1,0,0,0,0
26143,1,0,0,0,0
26144,1,0,0,0,0
26145,1,0,0,0,0
26146,1,0,0,0,0
26147,1,0,0,0,0
26148,1,0,0,0,0
26149,1,0,0,0,0
26150,1,0,0,0,0
26151,1,0,0,0,0
26152,1,0,0,0,0
26153,1,0,0,0,0
26154,1,0,0,0,0
26155,1,0,0,0,0
26156,1,0,0,0,0
26157,1,0,0,0,0
26158,1,0,0,0,0
26159,1,0,0,0,0
26160,1,0,0,0,0
26161,0,0,0,0,1
26162,0,0,0,0,1
26163,0,0,0,0,1
26164,0,0,0,0,1
26165,0,0,0,0,1
26166,0,0,0,0,1
26167,0,0,0,0,1
26168,0,0,0,0,1
26169,0,0,0,0,1
26170,0,0,0,0,1
26171,0,0,0,0,1
26172,0,0,0,0,1
26173,0,0,0,0,1
26174,0,0,0,0,1
26175,0,0,0,0,1
26176,0,0,0,0,1
26177,0,0,0,0,1
26178,0,0,0,0,1
26179,0,0,0,0,1
26180,0,0,0,0,1
26181,0,0,0,0,1
26182,0,0,0,0,1
26183,0,0,0,0,1
26184,0,0,0,0,1
26185,0,0,0,0,1
26186,0,0,0,0,1
26187,0,0,0,0,1
26188,0,0,0,0,1
26189,0,0,0,0,1
26190,0,0,0,0,1
26191,0,0,0,0,1
26192,0,0,0,0,1
26193,0,0,0,0,1
26194,0,0,0,0,1
26195,0,0,0,0,1
26196,0,0,0,0,1
26197,0,0,0,0,1
26198,0,0,0,0,1
26199,0,0,0,0,1
26200,0,0,0,0,1
26201,0,0,0,0,1
26202,0,0,0,0,1
26203,0,0,0,0,1
26204,0,0,0,0,1
26205,0,0,0,0,1
26206,0,0,0,0,1
26207,0,0,0,0,1
26208,0,0,0,0,1
26209,0,0,0,0,1
26210,0,0,0,0,1
26211,0,0,0,0,1
26212,0,0,0,0,1
26213,0,0,0,0,1
26214,0,0,0,0,1
26215,0,0,0,0,1
26216,0,0,0,0,1
26217,0,0,0,0,1
26218,0,0,0,0,1
26219,0,0,0,0,1
26220,0,0,0,0,1
26221,0,0,0,0,1
26222,0,0,0,0,1
26223,0,0,0,0,1
26224,0,0,0,0,1
26225,0,0,0,0,1
26226,0,0,0,0,1
26227,0,0,0,0,1
26228,0,0,0,0,1
26229,0,0,0,0,1
26230,0,0,0,0,1
26231,0,0,0,0,1
26232,0,0,0,0,1
26233,0,0,0,0,1
26234,0,0,0,0,1
26235,0,0,0,0,1
26236,0,0,0,0,1
26237,0,0,0,0,1
26238,0,0,0,0,1
26239,0,0,0,0,1
26240,0,0,0,0,1
26241,0,0,0,0,1
26242,0,0,0,0,1
26243,0,0,0,0,1
26244,0,0,0,0,1
26245,0,0,0,0,1
26246,0,0,0,0,1
26247,0,0,0,0,1
26248,0,0,0,0,1
26249,0,0,0,0,1
26250,0,0,0,0,1
26251,0,0,0,0,1
26252,0,0,0,0,1
26253,0,0,0,0,1
26254,0,0,0,0,1
26255,0,0,0,0,1
26256,0,0,0,0,1
26257,0,0,0,0,1
26258,0,0,0,0,1
26259,0,0,0,0,1
26260,0,0,0,0,1
26261,0,0,0,0,1
26262,0,0,0,0,1
26263,0,0,0,0,1
26264,0,0,0,0,1
26265,0,0,0,0,1
26266,0,0,0,0,1
26267,0,0,0,0,1
26268,0,0,0,0,1
26269,0,0,0,0,1
26270,0,0,0,0,1
26271,0,0,0,0,1
26272,0,0,0,0,1
26273,0,0,0,0,1
26274,0,0,0,0,1
26275,0,0,0,0,1
26276,0,0,0,0,1
26277,0,0,0,0,1
26278,0,0,0,0,1
26279,0,0,0,0,1
26280,0,0,0,0,1
26281,0,0,0,0,1
26282,0,0,0,0,1
26283,0,0,0,0,1
26284,0,0,0,0,1
26285,0,0,0,0,1
26286,0,0,0,0,1
26287,0,0,0,0,1
26288,0,0,0,0,1
26289,0,0,0,0,1
26290,0,0,0,0,1
26291,0,0,0,0,1
26292,0,0,0,0,1
26293,0,0,0,0,1
26294,0,0,0,0,1
26295,0,0,0,0,1
26296,0,0,0,0,1
26297,0,0,0,0,1
26298,0,0,0,0,1
26299,0,0,0,0,1
26300,0,0,0,0,1
26301,0,0,0,0,1
26302,0,0,0,0,1
26303,0,0,0,0,1
26304,0,0,0,0,1
26305,0,0,0,0,1
26306,0,0,0,0,1
26307,0,0,0,0,1
26308,0,0,0,0,1
26309,0,0,0,0,1
26310,0,0,0,0,1
26311,0,0,0,0,1
26312,0,0,0,0,1
26313,0,0,0,0,1
26314,0,0,0,0,1
26315,0,0,0,0,1
26316,0,0,0,0,1
26317,0,0,0,0,1
26318,0,0,0,0,1
26319,0,0,0,0,1
26320,0,0,0,0,1
26321,0,0,0,0,1
26322,0,0,0,0,1
26323,0,0,0,0,1
26324,0,0,0,0,1
26325,0,0,0,0,1
26326,0,0,0,0,1
26327,0,0,0,0,1
26328,0,0,0,0,1
26329,0,0,0,0,1
26330,0,0,0,0,1
26331,0,0,0,0,1
26332,0,0,0,0,1
26333,0,0,0,0,1
26334,0,0,0,0,1
26335,0,0,0,0,1
26336,0,0,0,0,1
26337,0,0,0,0,1
26338,0,0,0,0,1
26339,0,0,0,0,1
26340,0,0,0,0,1
26341,0,0,0,0,1
26342,0,0,0,0,1
26343,0,0,0,0,1
26344,0,0,0,0,1
26345,0,0,0,0,1
26346,0,0,0,0,1
26347,0,0,0,0,1
26348,0,0,0,0,1
26349,0,0,0,0,1
26350,0,0,0,0,1
26351,0,0,0,0,1
26352,0,0,0,0,1
26353,0,0,0,0,1
26354,0,0,0,0,1
26355,0,0,0,0,1
26356,0,0,0,0,1
26357,0,0,0,0,1
26358,0,0,0,0,1
26359,0,0,0,0,1
26360,0,0,0,0,1
26361,0,0,0,0,1
26362,0,0,0,0,1
26363,0,0,0,0,1
26364,0,0,0,0,1
26365,0,0,0,0,1
26366,0,0,0,0,1
26367,0,0,0,0,1
26368,0,0,0,0,1
26369,0,0,0,0,1
26370,0,0,0,0,1
26371,0,0,0,0,1
26372,0,0,0,0,1
26373,0,0,0,0,1
26374,0,0,0,0,1
26375,0,0,0,0,1
26376,0,0,0,0,1
26377,0,0,0,0,1
26378,0,0,0,0,1
26379,0,0,0,0,1
26380,0,0,0,0,1
26381,0,0,0,0,1
26382,0,0,0,0,1
26383,0,0,0,0,1
26384,0,0,0,0,1
26385,0,0,0,0,1
26386,0,0,0,0,1
26387,0,0,0,0,1
26388,0,0,0,0,1
26389,0,0,0,0,1
26390,0,0,0,0,1
26391,0,0,0,0,1
26392,0,0,0,0,1
26393,0,0,0,0,1
26394,0,0,0,0,1
26395,0,0,0,0,1
26396,0,0,0,0,1
26397,0,0,0,0,1
26398,0,0,0,0,1
26399,0,0,0,0,1
26400,0,0,0,0,1
26401,0,0,0,0,1
26402,0,0,0,0,1
26403,0,0,0,0,1
26404,0,0,0,0,1
26405,0,0,0,0,1
26406,0,0,0,0,1
26407,0,0,0,0,1
26408,0,0,0,0,1
26409,0,0,0,0,1
26410,0,0,0,0,1
26411,0,0,0,0,1
26412,0,0,0,0,1
26413,0,0,0,0,1
26414,0,0,0,0,1
26415,0,0,0,0,1
26416,0,0,0,0,1
26417,0,0,0,0,1
26418,0,0,0,0,1
26419,0,0,0,0,1
26420,0,0,0,0,1
26421,0,0,0,0,1
26422,0,0,0,0,1
26423,0,0,0,0,1
26424,0,0,0,0,1
26425,0,0,0,0,1
26426,0,0,0,0,1
26427,0,0,0,0,1
26428,0,0,0,0,1
26429,0,0,0,0,1
26430,0,0,0,0,1
26431,0,0,0,0,1
26432,0,0,0,0,1
26433,0,0,0,0,1
26434,0,0,0,0,1
26435,0,0,0,0,1
26436,0,0,0,0,1
26437,0,0,0,0,1
26438,0,0,0,0,1
26439,0,0,0,0,1
26440,0,0,0,0,1
26441,0,0,0,0,1
26442,0,0,0,0,1
26443,0,0,0,0,1
26444,0,0,0,0,1
26445,0,0,0,0,1
26446,0,0,0,0,1
26447,0,0,0,0,1
26448,0,0,0,0,1
26449,0,0,0,0,1
26450,0,0,0,0,1
26451,0,0,0,0,1
26452,0,0,0,0,1
26453,0,0,0,0,1
26454,0,0,0,0,1
26455,0,0,0,0,1
26456,0,0,0,0,1
26457,0,0,0,0,1
26458,0,0,0,0,1
26459,0,0,0,0,1
26460,0,0,0,0,1
26461,0,0,0,0,1
26462,0,0,0,0,1
26463,0,0,0,0,1
26464,0,0,0,0,1
26465,0,0,0,0,1
26466,0,0,0,0,1
26467,0,0,0,0,1
26468,0,0,0,0,1
26469,0,0,0,0,1
26470,0,0,0,0,1
26471,0,0,0,0,1
26472,0,0,0,0,1
26473,0,0,0,0,1
26474,0,0,0,0,1
26475,0,0,0,0,1
26476,0,0,0,0,1
26477,0,0,0,0,1
26478,0,0,0,0,1
26479,0,0,0,0,1
26480,0,0,0,0,1
26481,0,0,0,0,1
26482,0,0,0,0,1
26483,0,0,0,0,1
26484,0,0,0,0,1
26485,0,0,0,0,1
26486,0,0,0,0,1
26487,0,0,0,0,1
26488,0,0,0,0,1
26489,0,0,0,0,1
26490,0,0,0,0,1
26491,0,0,0,0,1
26492,0,0,0,0,1
26493,0,0,0,0,1
26494,0,0,0,0,1
26495,0,0,0,0,1
26496,0,0,0,0,1
26497,0,0,0,0,1
26498,0,0,0,0,1
26499,0,0,0,0,1
26500,0,0,0,0,1
26501,0,0,0,0,1
26502,0,0,0,0,1
26503,0,0,0,0,1
26504,0,0,0,0,1
26505,0,0,0,0,1
26506,0,0,0,0,1
26507,0,0,0,0,1
26508,0,0,0,0,1
26509,0,0,0,0,1
26510,0,0,0,0,1
26511,0,0,0,0,1
26512,0,0,0,0,1
26513,0,0,0,0,1
26514,0,0,0,0,1
26515,0,0,0,0,1
26516,0,0,0,0,1
26517,0,0,0,0,1
26518,0,0,0,0,1
26519,0,0,0,0,1
26520,0,0,0,0,1
26521,0,0,0,0,1
26522,0,0,0,0,1
26523,0,0,0,0,1
26524,0,0,0,0,1
26525,0,0,0,0,1
26526,0,0,0,0,1
26527,0,0,0,0,1
26528,0,0,0,0,1
26529,0,0,0,0,1
26530,0,0,0,0,1
26531,0,0,0,0,1
26532,0,0,0,0,1
26533,0,0,0,0,1
26534,0,0,0,0,1
26535,0,0,0,0,1
26536,0,0,0,0,1
26537,0,0,0,0,1
26538,0,0,0,0,1
26539,0,0,0,0,1
26540,0,0,0,0,1
26541,0,0,0,0,1
26542,0,0,0,0,1
26543,0,0,0,0,1
26544,0,0,0,0,1
26545,0,0,0,0,1
26546,0,0,0,0,1
26547,0,0,0,0,1
26548,0,0,0,0,1
26549,0,0,0,0,1
26550,0,0,0,0,1
26551,0,0,0,0,1
26552,0,0,0,0,1
26553,0,0,0,0,1
26554,0,0,0,0,1
26555,0,0,0,0,1
26556,0,0,0,0,1
26557,0,0,0,0,1
26558,0,0,0,0,1
26559,0,0,0,0,1
26560,0,0,0,0,1
26561,0,0,0,0,1
26562,0,0,0,0,1
26563,0,0,0,0,1
26564,0,0,0,0,1
26565,0,0,0,0,1
26566,0,0,0,0,1
26567,0,0,0,0,1
26568,0,0,0,0,1
26569,0,0,0,0,1
26570,0,0,0,0,1
26571,0,0,0,0,1
26572,0,0,0,0,1
26573,0,0,0,0,1
26574,0,0,0,0,1
26575,0,0,0,0,1
26576,0,0,0,0,1
26577,0,0,0,0,1
26578,0,0,0,0,1
26579,0,0,0,0,1
26580,0,0,0,0,1
26581,0,0,0,0,1
26582,0,0,0,0,1
26583,0,0,0,0,1
26584,0,0,0,0,1
26585,0,0,0,0,1
26586,0,0,0,0,1
26587,0,0,0,0,1
26588,0,0,0,0,1
26589,0,0,0,0,1
26590,0,0,0,0,1
26591,0,0,0,0,1
26592,0,0,0,0,1
26593,0,0,0,0,1
26594,0,0,0,0,1
26595,0,0,0,0,1
26596,0,0,0,0,1
26597,0,0,0,0,1
26598,0,0,0,0,1
26599,0,0,0,0,1
26600,0,0,0,0,1
26601,0,0,0,0,1
26602,0,0,0,0,1
26603,0,0,0,0,1
26604,0,0,0,0,1
26605,0,0,0,0,1
26606,0,0,0,0,1
26607,0,0,0,0,1
26608,0,0,0,0,1
26609,0,0,0,0,1
26610,0,0,0,0,1
26611,0,0,0,0,1
26612,0,0,0,0,1
26613,0,0,0,0,1
26614,0,0,0,0,1
26615,0,0,0,0,1
26616,0,0,0,0,1
26617,0,0,0,0,1
26618,0,0,0,0,1
26619,0,0,0,0,1
26620,0,0,0,0,1
26621,0,0,0,0,1
26622,0,0,0,0,1
26623,0,0,0,0,1
26624,0,0,0,0,1
26625,0,0,0,0,1
26626,0,0,0,0,1
26627,0,0,0,0,1
26628,0,0,0,0,1
26629,0,0,0,0,1
26630,0,0,0,0,1
26631,0,0,0,0,1
26632,0,0,0,0,1
26633,0,0,0,0,1
26634,0,0,0,0,1
26635,0,0,0,0,1
26636,0,0,0,0,1
26637,0,0,0,0,1
26638,0,0,0,0,1
26639,0,0,0,0,1
26640,0,0,0,0,1
26641,0,0,0,0,1
26642,0,0,0,0,1
26643,0,0,0,0,1
26644,0,0,0,0,1
26645,0,0,0,0,1
26646,0,0,0,0,1
26647,0,0,0,0,1
26648,0,0,0,0,1
26649,0,0,0,0,1
26650,0,0,0,0,1
26651,0,0,0,0,1
26652,0,0,0,0,1
26653,0,0,0,0,1
26654,0,0,0,0,1
26655,0,0,0,0,1
26656,0,0,0,0,1
26657,0,0,0,0,1
26658,0,0,0,0,1
26659,0,0,0,0,1
26660,0,0,0,0,1
26661,0,0,0,0,1
26662,0,0,0,0,1
26663,0,0,0,0,1
26664,0,0,0,0,1
26665,0,0,0,0,1
26666,0,0,0,0,1
26667,0,0,0,0,1
26668,0,0,0,0,1
26669,0,0,0,0,1
26670,0,0,0,0,1
26671,0,0,0,0,1
26672,0,0,0,0,1
26673,0,0,0,0,1
26674,0,0,0,0,1
26675,0,0,0,0,1
26676,0,0,0,0,1
26677,0,0,0,0,1
26678,0,0,0,0,1
26679,0,0,0,0,1
26680,0,0,0,0,1
26681,0,0,0,0,1
26682,0,0,0,0,1
26683,0,0,0,0,1
26684,0,0,0,0,1
26685,0,0,0,0,1
26686,0,0,0,0,1
26687,0,0,0,0,1
26688,0,0,0,0,1
26689,0,0,0,0,1
26690,0,0,0,0,1
26691,0,0,0,0,1
26692,0,0,0,0,1
26693,0,0,0,0,1
26694,0,0,0,0,1
26695,0,0,0,0,1
26696,0,0,0,0,1
26697,0,0,0,0,1
26698,0,0,0,0,1
26699,0,0,0,0,1
26700,0,0,0,0,1
26701,0,0,0,0,1
26702,0,0,0,0,1
26703,0,0,0,0,1
26704,0,0,0,0,1
26705,0,0,0,0,1
26706,0,0,0,0,1
26707,0,0,0,0,1
26708,0,0,0,0,1
26709,0,0,0,0,1
26710,0,0,0,0,1
26711,0,0,0,0,1
26712,0,0,0,0,1
26713,0,0,0,0,1
26714,0,0,0,0,1
26715,0,0,0,0,1
26716,0,0,0,0,1
26717,0,0,0,0,1
26718,0,0,0,0,1
26719,0,0,0,0,1
26720,0,0,0,0,1
26721,0,0,0,0,1
26722,0,0,0,0,1
26723,0,0,0,0,1
26724,0,0,0,0,1
26725,0,0,0,0,1
26726,0,0,0,0,1
26727,0,0,0,0,1
26728,0,0,0,0,1
26729,0,0,0,0,1
26730,0,0,0,0,1
26731,0,0,0,0,1
26732,0,0,0,0,1
26733,0,0,0,0,1
26734,0,0,0,0,1
26735,0,0,0,0,1
26736,0,0,0,0,1
26737,0,0,0,0,1
26738,0,0,0,0,1
26739,0,0,0,0,1
26740,0,0,0,0,1
26741,0,0,0,0,1
26742,0,0,0,0,1
26743,0,0,0,0,1
26744,0,0,0,0,1
26745,0,0,0,0,1
26746,0,0,0,0,1
26747,0,0,0,0,1
26748,0,0,0,0,1
26749,0,0,0,0,1
26750,0,0,0,0,1
26751,0,0,0,0,1
26752,0,0,0,0,1
26753,0,0,0,0,1
26754,0,0,0,0,1
26755,0,0,0,0,1
26756,0,0,0,0,1
26757,0,0,0,0,1
26758,0,0,0,0,1
26759,0,0,0,0,1
26760,0,0,0,0,1
26761,0,0,0,0,1
26762,0,0,0,0,1
26763,0,0,0,0,1
26764,0,0,0,0,1
26765,0,0,0,0,1
26766,0,0,0,0,1
26767,0,0,0,0,1
26768,0,0,0,0,1
26769,0,0,0,0,1
26770,0,0,0,0,1
26771,0,0,0,0,1
26772,0,0,0,0,1
26773,0,0,0,0,1
26774,0,0,0,0,1
26775,0,0,0,0,1
26776,0,0,0,0,1
26777,0,0,0,0,1
26778,0,0,0,0,1
26779,0,0,0,0,1
26780,0,0,0,0,1
26781,0,0,0,0,1
26782,0,0,0,0,1
26783,0,0,0,0,1
26784,0,0,0,0,1
26785,0,0,0,0,1
26786,0,0,0,0,1
26787,0,0,0,0,1
26788,0,0,0,0,1
26789,0,0,0,0,1
26790,0,0,0,0,1
26791,0,0,0,0,1
26792,0,0,0,0,1
26793,0,0,0,0,1
26794,0,0,0,0,1
26795,0,0,0,0,1
26796,0,0,0,0,1
26797,0,0,0,0,1
26798,0,0,0,0,1
26799,0,0,0,0,1
26800,0,0,0,0,1
26801,0,0,0,0,1
26802,0,0,0,0,1
26803,0,0,0,0,1
26804,0,0,0,0,1
26805,0,0,0,0,1
26806,0,0,0,0,1
26807,0,0,0,0,1
26808,0,0,0,0,1
26809,0,0,0,0,1
26810,0,0,0,0,1
26811,0,0,0,0,1
26812,0,0,0,0,1
26813,0,0,0,0,1
26814,0,0,0,0,1
26815,0,0,0,0,1
26816,0,0,0,0,1
26817,0,0,0,0,1
26818,0,0,0,0,1
26819,0,0,0,0,1
26820,0,0,0,0,1
26821,0,0,0,0,1
26822,0,0,0,0,1
26823,0,0,0,0,1
26824,0,0,0,0,1
26825,0,0,0,0,1
26826,0,0,0,0,1
26827,0,0,0,0,1
26828,0,0,0,0,1
26829,0,0,0,0,1
26830,0,0,0,0,1
26831,0,0,0,0,1
26832,0,0,0,0,1
26833,0,0,0,0,1
26834,0,0,0,0,1
26835,0,0,0,0,1
26836,0,0,0,0,1
26837,0,0,0,0,1
26838,0,0,0,0,1
26839,0,0,0,0,1
26840,0,0,0,0,1
26841,0,0,0,0,1
26842,0,0,0,0,1
26843,0,0,0,0,1
26844,0,0,0,0,1
26845,0,0,0,0,1
26846,0,0,0,0,1
26847,0,0,0,0,1
26848,0,0,0,0,1
26849,0,0,0,0,1
26850,0,0,0,0,1
26851,0,0,0,0,1
26852,0,0,0,0,1
26853,0,0,0,0,1
26854,0,0,0,0,1
26855,0,0,0,0,1
26856,0,0,0,0,1
26857,0,0,0,0,1
26858,0,0,0,0,1
26859,0,0,0,0,1
26860,0,0,0,0,1
26861,0,0,0,0,1
26862,1,0,0,0,0
26863,1,0,0,0,0
26864,1,0,0,0,0
26865,1,0,0,0,0
26866,1,0,0,0,0
26867,1,0,0,0,0
26868,1,0,0,0,0
26869,1,0,0,0,0
26870,1,0,0,0,0
26871,1,0,0,0,0
26872,1,0,0,0,0
26873,1,0,0,0,0
26874,1,0,0,0,0
26875,1,0,0,0,0
26876,1,0,0,0,0
26877,1,0,0,0,0
26878,1,0,0,0,0
26879,1,0,0,0,0
26880,1,0,0,0,0
26881,1,0,0,0,0
26882,1,0,0,0,0
26883,1,0,0,0,0
26884,1,0,0,0,0
26885,1,0,0,0,0
26886,1,0,0,0,0
26887,1,0,0,0,0
26888,1,0,0,0,0
26889,1,0,0,0,0
26890,1,0,0,0,0
26891,1,0,0,0,0
26892,1,0,0,0,0
26893,1,0,0,0,0
26894,1,0,0,0,0
26895,1,0,0,0,0
26896,1,0,0,0,0
26897,1,0,0,0,0
26898,1,0,0,0,0
26899,1,0,0,0,0
26900,1,0,0,0,0
26901,1,0,0,0,0
26902,1,0,0,0,0
26903,1,0,0,0,0
26904,1,0,0,0,0
26905,1,0,0,0,0
26906,1,0,0,0,0
26907,1,0,0,0,0
26908,1,0,0,0,0
26909,1,0,0,0,0
26910,1,0,0,0,0
26911,1,0,0,0,0
26912,1,0,0,0,0
26913,1,0,0,0,0
26914,1,0,0,0,0
26915,1,0,0,0,0
26916,0,0,0,0,1
26917,0,0,0,0,1
26918,0,0,0,0,1
26919,0,0,0,0,1
26920,0,0,0,0,1
26921,0,0,0,0,1
26922,0,0,0,0,1
26923,0,0,0,0,1
26924,0,0,0,0,1
26925,0,0,0,0,1
26926,0,0,0,0,1
26927,0,0,0,0,1
26928,0,0,0,0,1
26929,0,0,0,0,1
26930,0,0,0,0,1
26931,0,0,0,0,1
26932,0,0,0,0,1
26933,0,0,0,0,1
26934,0,0,0,0,1
26935,0,0,0,0,1
26936,0,0,0,0,1
26937,0,0,0,0,1
26938,0,0,0,0,1
26939,0,0,0,0,1
26940,0,0,0,0,1
26941,0,0,0,0,1
26942,0,0,0,0,1
26943,0,0,0,0,1
26944,0,0,0,0,1
26945,0,0,0,0,1
26946,0,0,0,0,1
26947,0,0,0,0,1
26948,0,0,0,0,1
26949,0,0,0,0,1
26950,0,0,0,0,1
26951,0,0,0,0,1
26952,0,0,0,0,1
26953,0,0,0,0,1
26954,0,0,0,0,1
26955,0,0,0,0,1
26956,0,0,0,0,1
26957,0,0,0,0,1
26958,0,0,0,0,1
26959,0,0,0,0,1
26960,0,0,0,0,1
26961,0,0,0,0,1
26962,0,0,0,0,1
26963,0,0,0,0,1
26964,0,0,0,0,1
26965,0,0,0,0,1
26966,0,0,0,0,1
26967,0,0,0,0,1
26968,0,0,0,0,1
26969,0,0,0,0,1
26970,0,0,0,0,1
26971,0,0,0,0,1
26972,1,0,0,0,0
26973,1,0,0,0,0
26974,1,0,0,0,0
26975,1,0,0,0,0
26976,1,0,0,0,0
26977,1,0,0,0,0
26978,1,0,0,0,0
26979,1,0,0,0,0
26980,1,0,0,0,0
26981,1,0,0,0,0
26982,1,0,0,0,0
26983,1,0,0,0,0
26984,1,0,0,0,0
26985,1,0,0,0,0
26986,1,0,0,0,0
26987,1,0,0,0,0
26988,1,0,0,0,0
26989,1,0,0,0,0
26990,1,0,0,0,0
26991,1,0,0,0,0
26992,1,0,0,0,0
26993,1,0,0,0,0
26994,1,0,0,0,0
26995,1,0,0,0,0
26996,1,0,0,0,0
26997,1,0,0,0,0
26998,1,0,0,0,0
26999,1,0,0,0,0
27000,1,0,0,0,0
27001,1,0,0,0,0
27002,1,0,0,0,0
27003,1,0,0,0,0
27004,1,0,0,0,0
27005,1,0,0,0,0
27006,0,0,0,0,1
27007,0,0,0,0,1
27008,0,0,0,0,1
27009,0,0,0,0,1
27010,0,0,0,0,1
27011,0,0,0,0,1
27012,0,0,0,0,1
27013,0,0,0,0,1
27014,0,0,0,0,1
27015,0,0,0,0,1
27016,0,0,0,0,1
27017,0,0,0,0,1
27018,0,0,0,0,1
27019,0,0,0,0,1
27020,0,0,0,0,1
27021,0,0,0,0,1
27022,0,0,0,0,1
27023,0,0,0,0,1
27024,0,0,0,0,1
27025,0,0,0,0,1
27026,0,0,0,0,1
27027,0,0,0,0,1
27028,1,0,0,0,0
27029,1,0,0,0,0
27030,1,0,0,0,0
27031,1,0,0,0,0
27032,1,0,0,0,0
27033,1,0,0,0,0
27034,1,0,0,0,0
27035,1,0,0,0,0
27036,1,0,0,0,0
27037,1,0,0,0,0
27038,1,0,0,0,0
27039,1,0,0,0,0
27040,1,0,0,0,0
27041,1,0,0,0,0
27042,1,0,0,0,0
27043,1,0,0,0,0
27044,1,0,0,0,0
27045,1,0,0,0,0
27046,1,0,0,0,0
27047,1,0,0,0,0
27048,1,0,0,0,0
27049,1,0,0,0,0
27050,1,0,0,0,0
27051,1,0,0,0,0
27052,1,0,0,0,0
27053,1,0,0,0,0
27054,1,0,0,0,0
27055,1,0,0,0,0
27056,1,0,0,0,0
27057,1,0,0,0,0
27058,1,0,0,0,0
27059,1,0,0,0,0
27060,1,0,0,0,0
27061,1,0,0,0,0
27062,1,0,0,0,0
27063,1,0,0,0,0
27064,1,0,0,0,0
27065,1,0,0,0,0
27066,1,0,0,0,0
27067,1,0,0,0,0
27068,1,0,0,0,0
27069,1,0,0,0,0
27070,1,0,0,0,0
27071,1,0,0,0,0
27072,1,0,0,0,0
27073,1,0,0,0,0
27074,1,0,0,0,0
27075,1,0,0,0,0
27076,1,0,0,0,0
27077,1,0,0,0,0
27078,1,0,0,0,0
27079,1,0,0,0,0
27080,1,0,0,0,0
27081,1,0,0,0,0
27082,1,0,0,0,0
27083,1,0,0,0,0
27084,1,0,0,0,0
27085,1,0,0,0,0
27086,1,0,0,0,0
27087,1,0,0,0,0
27088,1,0,0,0,0
27089,1,0,0,0,0
27090,1,0,0,0,0
27091,1,0,0,0,0
27092,1,0,0,0,0
27093,1,0,0,0,0
27094,1,0,0,0,0
27095,1,0,0,0,0
27096,1,0,0,0,0
27097,1,0,0,0,0
27098,1,0,0,0,0
27099,1,0,0,0,0
27100,1,0,0,0,0
27101,1,0,0,0,0
27102,1,0,0,0,0
27103,1,0,0,0,0
27104,1,0,0,0,0
27105,1,0,0,0,0
27106,1,0,0,0,0
27107,1,0,0,0,0
27108,1,0,0,0,0
27109,1,0,0,0,0
27110,1,0,0,0,0
27111,1,0,0,0,0
27112,1,0,0,0,0
27113,1,0,0,0,0
27114,1,0,0,0,0
27115,1,0,0,0,0
27116,1,0,0,0,0
27117,1,0,0,0,0
27118,1,0,0,0,0
27119,1,0,0,0,0
27120,1,0,0,0,0
27121,1,0,0,0,0
27122,1,0,0,0,0
27123,1,0,0,0,0
27124,1,0,0,0,0
27125,1,0,0,0,0
27126,1,0,0,0,0
27127,1,0,0,0,0
27128,1,0,0,0,0
27129,1,0,0,0,0
27130,1,0,0,0,0
27131,1,0,0,0,0
27132,1,0,0,0,0
27133,1,0,0,0,0
27134,1,0,0,0,0
27135,1,0,0,0,0
27136,1,0,0,0,0
27137,1,0,0,0,0
27138,1,0,0,0,0
27139,1,0,0,0,0
27140,1,0,0,0,0
27141,1,0,0,0,0
27142,1,0,0,0,0
27143,1,0,0,0,0
27144,1,0,0,0,0
27145,1,0,0,0,0
27146,1,0,0,0,0
27147,1,0,0,0,0
27148,1,0,0,0,0
27149,1,0,0,0,0
27150,1,0,0,0,0
27151,1,0,0,0,0
27152,1,0,0,0,0
27153,1,0,0,0,0
27154,1,0,0,0,0
27155,1,0,0,0,0
27156,1,0,0,0,0
27157,1,0,0,0,0
27158,1,0,0,0,0
27159,1,0,0,0,0
27160,1,0,0,0,0
27161,1,0,0,0,0
27162,1,0,0,0,0
27163,1,0,0,0,0
27164,1,0,0,0,0
27165,1,0,0,0,0
27166,1,0,0,0,0
27167,1,0,0,0,0
27168,1,0,0,0,0
27169,1,0,0,0,0
27170,1,0,0,0,0
27171,1,0,0,0,0
27172,1,0,0,0,0
27173,1,0,0,0,0
27174,1,0,0,0,0
27175,1,0,0,0,0
27176,1,0,0,0,0
27177,1,0,0,0,0
27178,1,0,0,0,0
27179,1,0,0,0,0
27180,1,0,0,0,0
27181,1,0,0,0,0
27182,1,0,0,0,0
27183,1,0,0,0,0
27184,1,0,0,0,0
27185,1,0,0,0,0
27186,1,0,0,0,0
27187,1,0,0,0,0
27188,1,0,0,0,0
27189,1,0,0,0,0
27190,1,0,0,0,0
27191,1,0,0,0,0
27192,1,0,0,0,0
27193,1,0,0,0,0
27194,1,0,0,0,0
27195,1,0,0,0,0
27196,1,0,0,0,0
27197,1,0,0,0,0
27198,1,0,0,0,0
27199,1,0,0,0,0
27200,1,0,0,0,0
27201,1,0,0,0,0
27202,1,0,0,0,0
27203,1,0,0,0,0
27204,1,0,0,0,0
27205,1,0,0,0,0
27206,1,0,0,0,0
27207,1,0,0,0,0
27208,1,0,0,0,0
27209,1,0,0,0,0
27210,1,0,0,0,0
27211,1,0,0,0,0
27212,1,0,0,0,0
27213,1,0,0,0,0
27214,1,0,0,0,0
27215,1,0,0,0,0
27216,1,0,0,0,0
27217,1,0,0,0,0
27218,1,0,0,0,0
27219,1,0,0,0,0
27220,1,0,0,0,0
27221,1,0,0,0,0
27222,1,0,0,0,0
27223,1,0,0,0,0
27224,1,0,0,0,0
27225,1,0,0,0,0
27226,1,0,0,0,0
27227,1,0,0,0,0
27228,1,0,0,0,0
27229,1,0,0,0,0
27230,1,0,0,0,0
27231,1,0,0,0,0
27232,1,0,0,0,0
27233,1,0,0,0,0
27234,1,0,0,0,0
27235,1,0,0,0,0
27236,1,0,0,0,0
27237,1,0,0,0,0
27238,1,0,0,0,0
27239,1,0,0,0,0
27240,1,0,0,0,0
27241,1,0,0,0,0
27242,1,0,0,0,0
27243,1,0,0,0,0
27244,1,0,0,0,0
27245,1,0,0,0,0
27246,1,0,0,0,0
27247,1,0,0,0,0
27248,1,0,0,0,0
27249,0,0,0,0,1
27250,0,0,0,0,1
27251,0,0,0,0,1
27252,0,0,0,0,1
27253,0,0,0,0,1
27254,0,0,0,0,1
27255,0,0,0,0,1
27256,0,0,0,0,1
27257,0,0,0,0,1
27258,0,0,0,0,1
27259,0,0,0,0,1
27260,0,0,0,0,1
27261,0,0,0,0,1
27262,0,0,0,0,1
27263,0,0,0,0,1
27264,0,0,0,0,1
27265,0,0,0,0,1
27266,0,0,0,0,1
27267,0,0,0,0,1
27268,0,0,0,0,1
27269,0,0,0,0,1
27270,0,0,0,0,1
27271,0,0,0,0,1
27272,0,0,0,0,1
27273,0,0,0,0,1
27274,0,0,0,0,1
27275,0,0,0,0,1
27276,0,0,0,0,1
27277,0,0,0,0,1
27278,0,0,0,0,1
27279,0,0,0,0,1
27280,0,0,0,0,1
27281,0,0,0,0,1
27282,0,0,0,0,1
27283,0,0,0,0,1
27284,0,0,0,0,1
27285,0,0,0,0,1
27286,0,0,0,0,1
27287,0,0,0,0,1
27288,0,0,0,0,1
27289,0,0,0,0,1
27290,0,0,0,0,1
27291,0,0,0,0,1
27292,0,0,0,0,1
27293,0,0,0,0,1
27294,0,0,0,0,1
27295,0,0,0,0,1
27296,0,0,0,0,1
27297,0,0,0,0,1
27298,0,0,0,0,1
27299,0,0,0,0,1
27300,0,0,0,0,1
27301,0,0,0,0,1
27302,0,0,0,0,1
27303,0,0,0,0,1
27304,0,0,0,0,1
27305,0,0,0,0,1
27306,0,0,0,0,1
27307,0,0,0,0,1
27308,0,0,0,0,1
27309,0,0,0,0,1
27310,0,0,0,0,1
27311,0,0,0,0,1
27312,0,0,0,0,1
27313,0,0,0,0,1
27314,0,0,0,0,1
27315,0,0,0,0,1
27316,0,0,0,0,1
27317,0,0,0,0,1
27318,0,0,0,0,1
27319,0,0,0,0,1
27320,0,0,0,0,1
27321,0,0,0,0,1
27322,0,0,0,0,1
27323,0,0,0,0,1
27324,0,0,0,0,1
27325,0,0,0,0,1
27326,0,0,0,0,1
27327,0,0,0,0,1
27328,0,0,0,0,1
27329,0,0,0,0,1
27330,0,0,0,0,1
27331,0,0,0,0,1
27332,0,0,0,0,1
27333,0,0,0,0,1
27334,0,0,0,0,1
27335,0,0,0,0,1
27336,0,0,0,0,1
27337,0,0,0,0,1
27338,0,0,0,0,1
27339,0,0,0,0,1
27340,0,0,0,0,1
27341,0,0,0,0,1
27342,0,0,0,0,1
27343,0,0,0,0,1
27344,0,0,0,0,1
27345,0,0,0,0,1
27346,0,0,0,0,1
27347,0,0,0,0,1
27348,0,0,0,0,1
27349,0,0,0,0,1
27350,0,0,0,0,1
27351,0,0,0,0,1
27352,0,0,0,0,1
27353,0,0,0,0,1
27354,0,0,0,0,1
27355,0,0,0,0,1
27356,0,0,0,0,1
27357,0,0,0,0,1
27358,0,0,0,0,1
27359,0,0,0,0,1
27360,0,0,0,0,1
27361,0,0,0,0,1
27362,0,0,0,0,1
27363,0,0,0,0,1
27364,0,0,0,0,1
27365,0,0,0,0,1
27366,0,0,0,0,1
27367,0,0,0,0,1
27368,0,0,0,0,1
27369,0,0,0,0,1
27370,0,0,0,0,1
27371,0,0,0,0,1
27372,0,0,0,0,1
27373,0,0,0,0,1
27374,0,0,0,0,1
27375,0,0,0,0,1
27376,0,0,0,0,1
27377,0,0,0,0,1
27378,0,0,0,0,1
27379,0,0,0,0,1
27380,0,0,0,0,1
27381,0,0,0,0,1
27382,0,0,0,0,1
27383,0,0,0,0,1
27384,0,0,0,0,1
27385,0,0,0,0,1
27386,0,0,0,0,1
27387,0,0,0,0,1
27388,0,0,0,0,1
27389,0,0,0,0,1
27390,0,0,0,0,1
27391,0,0,0,0,1
27392,0,0,0,0,1
27393,0,0,0,0,1
27394,0,0,0,0,1
27395,0,0,0,0,1
27396,0,0,0,0,1
27397,0,0,0,0,1
27398,0,0,0,0,1
27399,0,0,0,0,1
27400,0,0,0,0,1
27401,0,0,0,0,1
27402,0,0,0,0,1
27403,0,0,0,0,1
27404,0,0,0,0,1
27405,0,0,0,0,1
27406,0,0,0,0,1
27407,0,0,0,0,1
27408,0,0,0,0,1
27409,0,0,0,0,1
27410,0,0,0,0,1
27411,0,0,0,0,1
27412,0,0,0,0,1
27413,0,0,0,0,1
27414,0,0,0,0,1
27415,0,0,0,0,1
27416,0,0,0,0,1
27417,0,0,0,0,1
27418,0,0,0,0,1
27419,0,0,0,0,1
27420,0,0,0,0,1
27421,0,0,0,0,1
27422,0,0,0,0,1
27423,0,0,0,0,1
27424,0,0,0,0,1
27425,0,0,0,0,1
27426,0,0,0,0,1
27427,0,0,0,0,1
27428,0,0,0,0,1
27429,0,0,0,0,1
27430,0,0,0,0,1
27431,0,0,0,0,1
27432,0,0,0,0,1
27433,0,0,0,0,1
27434,0,0,0,0,1
27435,0,0,0,0,1
27436,0,0,0,0,1
27437,0,0,0,0,1
27438,0,0,0,0,1
27439,0,0,0,0,1
27440,0,0,0,0,1
27441,0,0,0,0,1
27442,0,0,0,0,1
27443,0,0,0,0,1
27444,0,0,0,0,1
27445,0,0,0,0,1
27446,0,0,0,0,1
27447,0,0,0,0,1
27448,0,0,0,0,1
27449,0,0,0,0,1
27450,0,0,0,0,1
27451,0,0,0,0,1
27452,0,0,0,0,1
27453,1,0,0,0,0
27454,1,0,0,0,0
27455,1,0,0,0,0
27456,1,0,0,0,0
27457,1,0,0,0,0
27458,1,0,0,0,0
27459,1,0,0,0,0
27460,1,0,0,0,0
27461,1,0,0,0,0
27462,1,0,0,0,0
27463,1,0,0,0,0
27464,1,0,0,0,0
27465,1,0,0,0,0
27466,1,0,0,0,0
27467,1,0,0,0,0
27468,1,0,0,0,0
27469,1,0,0,0,0
27470,1,0,0,0,0
27471,1,0,0,0,0
27472,1,0,0,0,0
27473,1,0,0,0,0
27474,1,0,0,0,0
27475,1,0,0,0,0
27476,1,0,0,0,0
27477,1,0,0,0,0
27478,1,0,0,0,0
27479,1,0,0,0,0
27480,1,0,0,0,0
27481,1,0,0,0,0
27482,1,0,0,0,0
27483,1,0,0,0,0
27484,1,0,0,0,0
27485,1,0,0,0,0
27486,1,0,0,0,0
27487,1,0,0,0,0
27488,1,0,0,0,0
27489,1,0,0,0,0
27490,1,0,0,0,0
27491,1,0,0,0,0
27492,1,0,0,0,0
27493,1,0,0,0,0
27494,1,0,0,0,0
27495,1,0,0,0,0
27496,1,0,0,0,0
27497,1,0,0,0,0
27498,1,0,0,0,0
27499,1,0,0,0,0
27500,1,0,0,0,0
27501,1,0,0,0,0
27502,1,0,0,0,0
27503,1,0,0,0,0
27504,1,0,0,0,0
27505,1,0,0,0,0
27506,1,0,0,0,0
27507,1,0,0,0,0
27508,1,0,0,0,0
27509,1,0,0,0,0
27510,1,0,0,0,0
27511,1,0,0,0,0
27512,1,0,0,0,0
27513,1,0,0,0,0
27514,1,0,0,0,0
27515,1,0,0,0,0
27516,1,0,0,0,0
27517,1,0,0,0,0
27518,1,0,0,0,0
27519,1,0,0,0,0
27520,1,0,0,0,0
27521,1,0,0,0,0
27522,1,0,0,0,0
27523,1,0,0,0,0
27524,1,0,0,0,0
27525,1,0,0,0,0
27526,1,0,0,0,0
27527,1,0,0,0,0
27528,1,0,0,0,0
27529,1,0,0,0,0
27530,1,0,0,0,0
27531,1,0,0,0,0
27532,1,0,0,0,0
27533,1,0,0,0,0
27534,1,0,0,0,0
27535,1,0,0,0,0
27536,1,0,0,0,0
27537,1,0,0,0,0
27538,1,0,0,0,0
27539,1,0,0,0,0
27540,1,0,0,0,0
27541,1,0,0,0,0
27542,1,0,0,0,0
27543,1,0,0,0,0
27544,1,0,0,0,0
27545,1,0,0,0,0
27546,1,0,0,0,0
27547,1,0,0,0,0
27548,1,0,0,0,0
27549,1,0,0,0,0
27550,1,0,0,0,0
27551,1,0,0,0,0
27552,1,0,0,0,0
27553,1,0,0,0,0
27554,1,0,0,0,0
27555,1,0,0,0,0
27556,1,0,0,0,0
27557,1,0,0,0,0
27558,1,0,0,0,0
27559,1,0,0,0,0
27560,1,0,0,0,0
27561,1,0,0,0,0
27562,1,0,0,0,0
27563,1,0,0,0,0
27564,1,0,0,0,0
27565,1,0,0,0,0
27566,1,0,0,0,0
27567,1,0,0,0,0
27568,1,0,0,0,0
27569,1,0,0,0,0
27570,1,0,0,0,0
27571,1,0,0,0,0
27572,1,0,0,0,0
27573,1,0,0,0,0
27574,1,0,0,0,0
27575,1,0,0,0,0
27576,1,0,0,0,0
27577,1,0,0,0,0
27578,1,0,0,0,0
27579,1,0,0,0,0
27580,1,0,0,0,0
27581,1,0,0,0,0
27582,1,0,0,0,0
27583,1,0,0,0,0
27584,0,1,0,0,0
27585,0,1,0,0,0
27586,0,1,0,0,0
27587,0,1,0,0,0
27588,0,1,0,0,0
27589,0,1,0,0,0
27590,0,1,0,0,0
27591,0,1,0,0,0
27592,0,1,0,0,0
27593,0,1,0,0,0
27594,0,1,0,0,0
27595,0,1,0,0,0
27596,0,1,0,0,0
27597,0,1,0,0,0
27598,0,1,0,0,0
27599,0,1,0,0,0
27600,0,1,0,0,0
27601,0,1,0,0,0
27602,0,1,0,0,0
27603,0,1,0,0,0
27604,0,1,0,0,0
27605,0,1,0,0,0
27606,0,1,0,0,0
27607,0,1,0,0,0
27608,0,1,0,0,0
27609,0,1,0,0,0
27610,0,1,0,0,0
27611,0,1,0,0,0
27612,0,1,0,0,0
27613,0,1,0,0,0
27614,0,1,0,0,0
27615,0,1,0,0,0
27616,0,1,0,0,0
27617,0,1,0,0,0
27618,0,1,0,0,0
27619,0,1,0,0,0
27620,0,1,0,0,0
27621,0,1,0,0,0
27622,0,1,0,0,0
27623,0,1,0,0,0
27624,0,1,0,0,0
27625,0,1,0,0,0
27626,0,1,0,0,0
27627,0,1,0,0,0
27628,0,1,0,0,0
27629,0,1,0,0,0
27630,0,1,0,0,0
27631,0,1,0,0,0
27632,0,1,0,0,0
27633,1,0,0,0,0
27634,1,0,0,0,0
27635,1,0,0,0,0
27636,1,0,0,0,0
27637,1,0,0,0,0
27638,1,0,0,0,0
27639,1,0,0,0,0
27640,1,0,0,0,0
27641,1,0,0,0,0
27642,1,0,0,0,0
27643,1,0,0,0,0
27644,1,0,0,0,0
27645,1,0,0,0,0
27646,1,0,0,0,0
27647,1,0,0,0,0
27648,1,0,0,0,0
27649,1,0,0,0,0
27650,1,0,0,0,0
27651,1,0,0,0,0
27652,1,0,0,0,0
27653,1,0,0,0,0
27654,1,0,0,0,0
27655,1,0,0,0,0
27656,1,0,0,0,0
27657,1,0,0,0,0
27658,1,0,0,0,0
27659,1,0,0,0,0
27660,1,0,0,0,0
27661,1,0,0,0,0
27662,1,0,0,0,0
27663,1,0,0,0,0
27664,1,0,0,0,0
27665,1,0,0,0,0
27666,1,0,0,0,0
27667,1,0,0,0,0
27668,1,0,0,0,0
27669,1,0,0,0,0
27670,1,0,0,0,0
27671,1,0,0,0,0
27672,1,0,0,0,0
27673,1,0,0,0,0
27674,1,0,0,0,0
27675,1,0,0,0,0
27676,1,0,0,0,0
27677,1,0,0,0,0
27678,1,0,0,0,0
27679,1,0,0,0,0
27680,1,0,0,0,0
27681,1,0,0,0,0
27682,1,0,0,0,0
27683,1,0,0,0,0
27684,1,0,0,0,0
27685,1,0,0,0,0
27686,1,0,0,0,0
27687,1,0,0,0,0
27688,1,0,0,0,0
27689,1,0,0,0,0
27690,1,0,0,0,0
27691,1,0,0,0,0
27692,1,0,0,0,0
27693,1,0,0,0,0
27694,1,0,0,0,0
27695,1,0,0,0,0
27696,1,0,0,0,0
27697,1,0,0,0,0
27698,1,0,0,0,0
27699,1,0,0,0,0
27700,1,0,0,0,0
27701,1,0,0,0,0
27702,1,0,0,0,0
27703,1,0,0,0,0
27704,1,0,0,0,0
27705,1,0,0,0,0
27706,1,0,0,0,0
27707,1,0,0,0,0
27708,1,0,0,0,0
27709,1,0,0,0,0
27710,1,0,0,0,0
27711,1,0,0,0,0
27712,1,0,0,0,0
27713,1,0,0,0,0
27714,1,0,0,0,0
27715,1,0,0,0,0
27716,1,0,0,0,0
27717,1,0,0,0,0
27718,1,0,0,0,0
27719,1,0,0,0,0
27720,1,0,0,0,0
27721,1,0,0,0,0
27722,1,0,0,0,0
27723,1,0,0,0,0
27724,1,0,0,0,0
27725,1,0,0,0,0
27726,1,0,0,0,0
27727,1,0,0,0,0
27728,1,0,0,0,0
27729,1,0,0,0,0
27730,1,0,0,0,0
27731,1,0,0,0,0
27732,1,0,0,0,0
27733,1,0,0,0,0
27734,1,0,0,0,0
27735,1,0,0,0,0
27736,1,0,0,0,0
27737,1,0,0,0,0
27738,1,0,0,0,0
27739,1,0,0,0,0
27740,1,0,0,0,0
27741,1,0,0,0,0
27742,1,0,0,0,0
27743,1,0,0,0,0
27744,1,0,0,0,0
27745,1,0,0,0,0
27746,1,0,0,0,0
27747,1,0,0,0,0
27748,1,0,0,0,0
27749,1,0,0,0,0
27750,1,0,0,0,0
27751,1,0,0,0,0
27752,1,0,0,0,0
27753,1,0,0,0,0
27754,1,0,0,0,0
27755,1,0,0,0,0
27756,1,0,0,0,0
27757,1,0,0,0,0
27758,1,0,0,0,0
27759,1,0,0,0,0
27760,1,0,0,0,0
27761,1,0,0,0,0
27762,1,0,0,0,0
27763,1,0,0,0,0
27764,1,0,0,0,0
27765,1,0,0,0,0
27766,1,0,0,0,0
27767,1,0,0,0,0
27768,1,0,0,0,0
27769,1,0,0,0,0
27770,1,0,0,0,0
27771,1,0,0,0,0
27772,1,0,0,0,0
27773,1,0,0,0,0
27774,1,0,0,0,0
27775,1,0,0,0,0
27776,1,0,0,0,0
27777,1,0,0,0,0
27778,1,0,0,0,0
27779,1,0,0,0,0
27780,1,0,0,0,0
27781,1,0,0,0,0
27782,1,0,0,0,0
27783,1,0,0,0,0
27784,1,0,0,0,0
27785,1,0,0,0,0
27786,1,0,0,0,0
27787,1,0,0,0,0
27788,1,0,0,0,0
27789,1,0,0,0,0
27790,0,0,0,0,1
27791,0,0,0,0,1
27792,0,0,0,0,1
27793,0,0,0,0,1
27794,0,0,0,0,1
27795,0,0,0,0,1
27796,0,0,0,0,1
27797,0,0,0,0,1
27798,0,0,0,0,1
27799,0,0,0,0,1
27800,0,0,0,0,1
27801,0,0,0,0,1
27802,0,0,0,0,1
27803,0,0,0,0,1
27804,0,0,0,0,1
27805,0,0,0,0,1
27806,0,0,0,0,1
27807,0,0,0,0,1
27808,0,0,0,0,1
27809,0,0,0,0,1
27810,0,0,0,0,1
27811,0,0,0,0,1
27812,0,0,0,0,1
27813,0,0,0,0,1
27814,0,0,0,0,1
27815,0,0,0,0,1
27816,0,0,0,0,1
27817,0,0,0,0,1
27818,0,0,0,0,1
27819,0,0,0,0,1
27820,0,0,0,0,1
27821,0,0,0,0,1
27822,0,0,0,0,1
27823,0,0,0,0,1
27824,0,0,0,0,1
27825,0,0,0,0,1
27826,0,0,0,0,1
27827,0,0,0,0,1
27828,0,0,0,0,1
27829,0,0,0,0,1
27830,0,0,0,0,1
27831,0,0,0,0,1
27832,0,0,0,0,1
27833,0,0,0,0,1
27834,0,0,0,0,1
27835,0,0,0,0,1
27836,0,0,0,0,1
27837,0,0,0,0,1
27838,0,0,0,0,1
27839,0,0,0,0,1
27840,0,0,0,0,1
27841,1,0,0,0,0
27842,1,0,0,0,0
27843,1,0,0,0,0
27844,1,0,0,0,0
27845,1,0,0,0,0
27846,1,0,0,0,0
27847,1,0,0,0,0
27848,1,0,0,0,0
27849,1,0,0,0,0
27850,1,0,0,0,0
27851,1,0,0,0,0
27852,1,0,0,0,0
27853,1,0,0,0,0
27854,1,0,0,0,0
27855,1,0,0,0,0
27856,1,0,0,0,0
27857,1,0,0,0,0
27858,1,0,0,0,0
27859,1,0,0,0,0
27860,1,0,0,0,0
27861,1,0,0,0,0
27862,1,0,0,0,0
27863,1,0,0,0,0
27864,1,0,0,0,0
27865,1,0,0,0,0
27866,1,0,0,0,0
27867,1,0,0,0,0
27868,1,0,0,0,0
27869,1,0,0,0,0
27870,1,0,0,0,0
27871,1,0,0,0,0
27872,1,0,0,0,0
27873,1,0,0,0,0
27874,1,0,0,0,0
27875,1,0,0,0,0
27876,1,0,0,0,0
27877,1,0,0,0,0
27878,1,0,0,0,0
27879,1,0,0,0,0
27880,1,0,0,0,0
27881,1,0,0,0,0
27882,1,0,0,0,0
27883,1,0,0,0,0
27884,1,0,0,0,0
27885,1,0,0,0,0
27886,1,0,0,0,0
27887,1,0,0,0,0
27888,1,0,0,0,0
27889,1,0,0,0,0
27890,1,0,0,0,0
27891,1,0,0,0,0
27892,1,0,0,0,0
27893,1,0,0,0,0
27894,1,0,0,0,0
27895,1,0,0,0,0
27896,1,0,0,0,0
27897,1,0,0,0,0
27898,1,0,0,0,0
27899,1,0,0,0,0
27900,1,0,0,0,0
27901,1,0,0,0,0
27902,1,0,0,0,0
27903,1,0,0,0,0
27904,1,0,0,0,0
27905,1,0,0,0,0
27906,1,0,0,0,0
27907,1,0,0,0,0
27908,1,0,0,0,0
27909,1,0,0,0,0
27910,1,0,0,0,0
27911,1,0,0,0,0
27912,1,0,0,0,0
27913,1,0,0,0,0
27914,1,0,0,0,0
27915,1,0,0,0,0
27916,1,0,0,0,0
27917,1,0,0,0,0
27918,0,0,0,0,1
27919,0,0,0,0,1
27920,0,0,0,0,1
27921,0,0,0,0,1
27922,0,0,0,0,1
27923,0,0,0,0,1
27924,0,0,0,0,1
27925,0,0,0,0,1
27926,0,0,0,0,1
27927,0,0,0,0,1
27928,0,0,0,0,1
27929,0,0,0,0,1
27930,0,0,0,0,1
27931,1,0,0,0,0
27932,1,0,0,0,0
27933,1,0,0,0,0
27934,0,1,0,0,0
27935,0,1,0,0,0
27936,0,1,0,0,0
27937,0,1,0,0,0
27938,0,1,0,0,0
27939,0,1,0,0,0
27940,0,1,0,0,0
27941,0,1,0,0,0
27942,0,1,0,0,0
27943,0,1,0,0,0
27944,0,1,0,0,0
27945,0,1,0,0,0
27946,0,1,0,0,0
27947,0,1,0,0,0
27948,0,1,0,0,0
27949,0,1,0,0,0
27950,0,1,0,0,0
27951,0,1,0,0,0
27952,0,1,0,0,0
27953,0,1,0,0,0
27954,0,1,0,0,0
27955,0,1,0,0,0
27956,0,1,0,0,0
27957,0,1,0,0,0
27958,0,1,0,0,0
27959,0,1,0,0,0
27960,0,1,0,0,0
27961,0,1,0,0,0
27962,0,1,0,0,0
27963,0,1,0,0,0
27964,0,1,0,0,0
27965,0,1,0,0,0
27966,0,1,0,0,0
27967,0,1,0,0,0
27968,0,1,0,0,0
27969,0,1,0,0,0
27970,0,1,0,0,0
27971,0,1,0,0,0
27972,0,1,0,0,0
27973,0,1,0,0,0
27974,0,1,0,0,0
27975,0,1,0,0,0
27976,1,0,0,0,0
27977,1,0,0,0,0
27978,1,0,0,0,0
27979,1,0,0,0,0
27980,1,0,0,0,0
27981,1,0,0,0,0
27982,1,0,0,0,0
27983,1,0,0,0,0
27984,1,0,0,0,0
27985,1,0,0,0,0
27986,1,0,0,0,0
27987,1,0,0,0,0
27988,1,0,0,0,0
27989,1,0,0,0,0
27990,1,0,0,0,0
27991,1,0,0,0,0
27992,1,0,0,0,0
27993,1,0,0,0,0
27994,1,0,0,0,0
27995,1,0,0,0,0
27996,1,0,0,0,0
27997,1,0,0,0,0
27998,0,0,0,0,1
27999,0,0,0,0,1
28000,0,0,0,0,1
28001,0,0,0,0,1
28002,0,0,0,0,1
28003,0,0,0,0,1
28004,0,0,0,0,1
28005,0,0,0,0,1
28006,0,0,0,0,1
28007,0,0,0,0,1
28008,0,0,0,0,1
28009,0,0,0,0,1
28010,0,0,0,0,1
28011,0,0,0,0,1
28012,0,0,0,0,1
28013,0,0,0,0,1
28014,0,0,0,0,1
28015,0,0,0,0,1
28016,0,0,0,0,1
28017,0,0,0,0,1
28018,0,0,0,0,1
28019,0,0,0,0,1
28020,0,0,0,0,1
28021,0,0,0,0,1
28022,0,0,0,0,1
28023,0,0,0,0,1
28024,0,0,0,0,1
28025,0,0,0,0,1
28026,0,0,0,0,1
28027,0,0,0,0,1
28028,0,0,0,0,1
28029,0,0,0,0,1
28030,0,0,0,0,1
28031,0,0,0,0,1
28032,0,0,0,0,1
28033,0,0,0,0,1
28034,0,0,0,0,1
28035,0,0,0,0,1
28036,0,0,0,0,1
28037,0,0,0,0,1
28038,0,0,0,0,1
28039,0,0,0,0,1
28040,0,0,0,0,1
28041,0,0,0,0,1
28042,0,0,0,0,1
28043,0,0,0,0,1
28044,0,0,0,0,1
28045,0,0,0,0,1
28046,0,0,0,0,1
28047,0,0,0,0,1
28048,0,0,0,0,1
28049,0,0,0,0,1
28050,0,0,0,0,1
28051,0,0,0,0,1
28052,0,0,0,0,1
28053,0,0,0,0,1
28054,0,0,0,0,1
28055,0,0,0,0,1
28056,0,0,0,0,1
28057,0,0,0,0,1
28058,0,0,0,0,1
28059,0,0,0,0,1
28060,0,0,0,0,1
28061,0,0,0,0,1
28062,0,0,0,0,1
28063,0,0,0,0,1
28064,0,0,0,0,1
28065,0,0,0,0,1
28066,0,0,0,0,1
28067,0,0,0,0,1
28068,0,0,0,0,1
28069,0,0,0,0,1
28070,0,0,0,0,1
28071,0,0,0,0,1
28072,0,0,0,0,1
28073,0,0,0,0,1
28074,0,0,0,0,1
28075,0,0,0,0,1
28076,0,0,0,0,1
28077,0,0,0,0,1
28078,0,0,0,0,1
28079,0,0,0,0,1
28080,0,0,0,0,1
28081,0,0,0,0,1
28082,0,0,0,0,1
28083,0,0,0,0,1
28084,0,0,0,0,1
28085,0,0,0,0,1
28086,0,0,0,0,1
28087,0,0,0,0,1
28088,0,0,0,0,1
28089,0,0,0,0,1
28090,0,0,0,0,1
28091,0,0,0,0,1
28092,0,0,0,0,1
28093,0,0,0,0,1
28094,0,0,0,0,1
28095,0,0,0,0,1
28096,0,0,0,0,1
28097,0,0,0,0,1
28098,0,0,0,0,1
28099,0,0,0,0,1
28100,0,0,0,0,1
28101,0,0,0,0,1
28102,0,0,0,0,1
28103,0,0,0,0,1
28104,0,0,0,0,1
28105,0,0,0,0,1
28106,0,0,0,0,1
28107,0,0,0,0,1
28108,0,0,0,0,1
28109,0,0,0,0,1
28110,0,0,0,0,1
28111,0,0,0,0,1
28112,0,0,0,0,1
28113,0,0,0,0,1
28114,0,0,0,0,1
28115,0,0,0,0,1
28116,0,0,0,0,1
28117,0,0,0,0,1
28118,0,0,0,0,1
28119,0,0,0,0,1
28120,0,0,0,0,1
28121,0,0,0,0,1
28122,0,0,0,0,1
28123,0,0,0,0,1
28124,0,0,0,0,1
28125,0,0,0,0,1
28126,0,0,0,0,1
28127,0,0,0,0,1
28128,0,0,0,0,1
28129,0,0,0,0,1
28130,0,0,0,0,1
28131,0,0,0,0,1
28132,0,0,0,0,1
28133,0,0,0,0,1
28134,0,0,0,0,1
28135,0,0,0,0,1
28136,0,0,0,0,1
28137,0,0,0,0,1
28138,0,0,0,0,1
28139,0,0,0,0,1
28140,0,0,0,0,1
28141,0,0,0,0,1
28142,0,0,0,0,1
28143,0,0,0,0,1
28144,0,0,0,0,1
28145,0,0,0,0,1
28146,0,0,0,0,1
28147,0,0,0,0,1
28148,0,0,0,0,1
28149,0,0,0,0,1
28150,0,0,0,0,1
28151,0,0,0,0,1
28152,0,0,0,0,1
28153,0,0,0,0,1
28154,0,0,0,0,1
28155,0,0,0,0,1
28156,0,0,0,0,1
28157,0,0,0,0,1
28158,0,0,0,0,1
28159,0,0,0,0,1
28160,0,0,0,0,1
28161,0,0,0,0,1
28162,0,0,0,0,1
28163,0,0,0,0,1
28164,0,0,0,0,1
28165,0,0,0,0,1
28166,0,0,0,0,1
28167,0,0,0,0,1
28168,0,0,0,0,1
28169,0,0,0,0,1
28170,0,0,0,0,1
28171,0,0,0,0,1
28172,0,0,0,0,1
28173,1,0,0,0,0
28174,1,0,0,0,0
28175,1,0,0,0,0
28176,1,0,0,0,0
28177,1,0,0,0,0
28178,1,0,0,0,0
28179,1,0,0,0,0
28180,1,0,0,0,0
28181,1,0,0,0,0
28182,1,0,0,0,0
28183,1,0,0,0,0
28184,1,0,0,0,0
28185,1,0,0,0,0
28186,1,0,0,0,0
28187,1,0,0,0,0
28188,1,0,0,0,0
28189,1,0,0,0,0
28190,1,0,0,0,0
28191,1,0,0,0,0
28192,1,0,0,0,0
28193,1,0,0,0,0
28194,1,0,0,0,0
28195,1,0,0,0,0
28196,1,0,0,0,0
28197,1,0,0,0,0
28198,1,0,0,0,0
28199,1,0,0,0,0
28200,1,0,0,0,0
28201,1,0,0,0,0
28202,1,0,0,0,0
28203,1,0,0,0,0
28204,1,0,0,0,0
28205,1,0,0,0,0
28206,1,0,0,0,0
28207,1,0,0,0,0
28208,1,0,0,0,0
28209,1,0,0,0,0
28210,1,0,0,0,0
28211,1,0,0,0,0
28212,1,0,0,0,0
28213,1,0,0,0,0
28214,1,0,0,0,0
28215,1,0,0,0,0
28216,1,0,0,0,0
28217,1,0,0,0,0
28218,1,0,0,0,0
28219,1,0,0,0,0
28220,1,0,0,0,0
28221,1,0,0,0,0
28222,1,0,0,0,0
28223,1,0,0,0,0
28224,1,0,0,0,0
28225,1,0,0,0,0
28226,1,0,0,0,0
28227,1,0,0,0,0
28228,1,0,0,0,0
28229,1,0,0,0,0
28230,1,0,0,0,0
28231,1,0,0,0,0
28232,1,0,0,0,0
28233,1,0,0,0,0
28234,1,0,0,0,0
28235,1,0,0,0,0
28236,1,0,0,0,0
28237,1,0,0,0,0
28238,1,0,0,0,0
28239,1,0,0,0,0
28240,1,0,0,0,0
28241,1,0,0,0,0
28242,1,0,0,0,0
28243,1,0,0,0,0
28244,1,0,0,0,0
28245,1,0,0,0,0
28246,1,0,0,0,0
28247,1,0,0,0,0
28248,1,0,0,0,0
28249,1,0,0,0,0
28250,1,0,0,0,0
28251,1,0,0,0,0
28252,1,0,0,0,0
28253,1,0,0,0,0
28254,1,0,0,0,0
28255,1,0,0,0,0
28256,1,0,0,0,0
28257,1,0,0,0,0
28258,1,0,0,0,0
28259,1,0,0,0,0
28260,1,0,0,0,0
28261,1,0,0,0,0
28262,1,0,0,0,0
28263,1,0,0,0,0
28264,1,0,0,0,0
28265,1,0,0,0,0
28266,1,0,0,0,0
28267,1,0,0,0,0
28268,1,0,0,0,0
28269,1,0,0,0,0
28270,1,0,0,0,0
28271,1,0,0,0,0
28272,1,0,0,0,0
28273,1,0,0,0,0
28274,1,0,0,0,0
28275,1,0,0,0,0
28276,1,0,0,0,0
28277,1,0,0,0,0
28278,1,0,0,0,0
28279,1,0,0,0,0
28280,1,0,0,0,0
28281,1,0,0,0,0
28282,1,0,0,0,0
28283,1,0,0,0,0
28284,1,0,0,0,0
28285,1,0,0,0,0
28286,1,0,0,0,0
28287,1,0,0,0,0
28288,1,0,0,0,0
28289,1,0,0,0,0
28290,1,0,0,0,0
28291,1,0,0,0,0
28292,1,0,0,0,0
28293,1,0,0,0,0
28294,1,0,0,0,0
28295,1,0,0,0,0
28296,1,0,0,0,0
28297,1,0,0,0,0
28298,1,0,0,0,0
28299,1,0,0,0,0
28300,1,0,0,0,0
28301,1,0,0,0,0
28302,1,0,0,0,0
28303,1,0,0,0,0
28304,1,0,0,0,0
28305,1,0,0,0,0
28306,1,0,0,0,0
28307,1,0,0,0,0
28308,1,0,0,0,0
28309,1,0,0,0,0
28310,1,0,0,0,0
28311,1,0,0,0,0
28312,1,0,0,0,0
28313,1,0,0,0,0
28314,1,0,0,0,0
28315,1,0,0,0,0
28316,0,0,0,0,1
28317,0,0,0,0,1
28318,0,0,0,0,1
28319,0,0,0,0,1
28320,0,0,0,0,1
28321,0,0,0,0,1
28322,0,0,0,0,1
28323,0,0,0,0,1
28324,0,0,0,0,1
28325,0,0,0,0,1
28326,0,0,0,0,1
28327,0,0,0,0,1
28328,0,0,0,0,1
28329,0,0,0,0,1
28330,0,0,0,0,1
28331,0,0,0,0,1
28332,0,0,0,0,1
28333,0,0,0,0,1
28334,0,0,0,0,1
28335,0,0,0,0,1
28336,0,0,0,0,1
28337,0,0,0,0,1
28338,0,0,0,0,1
28339,0,0,0,0,1
28340,0,0,0,0,1
28341,0,0,0,0,1
28342,0,0,0,0,1
28343,0,0,0,0,1
28344,0,0,0,0,1
28345,0,0,0,0,1
28346,0,0,0,0,1
28347,0,0,0,0,1
28348,1,0,0,0,0
28349,1,0,0,0,0
28350,1,0,0,0,0
28351,1,0,0,0,0
28352,1,0,0,0,0
28353,1,0,0,0,0
28354,1,0,0,0,0
28355,1,0,0,0,0
28356,1,0,0,0,0
28357,1,0,0,0,0
28358,1,0,0,0,0
28359,1,0,0,0,0
28360,1,0,0,0,0
28361,1,0,0,0,0
28362,1,0,0,0,0
28363,1,0,0,0,0
28364,1,0,0,0,0
28365,1,0,0,0,0
28366,1,0,0,0,0
28367,1,0,0,0,0
28368,1,0,0,0,0
28369,1,0,0,0,0
28370,1,0,0,0,0
28371,1,0,0,0,0
28372,1,0,0,0,0
28373,1,0,0,0,0
28374,1,0,0,0,0
28375,1,0,0,0,0
28376,1,0,0,0,0
28377,1,0,0,0,0
28378,1,0,0,0,0
28379,1,0,0,0,0
28380,1,0,0,0,0
28381,1,0,0,0,0
28382,1,0,0,0,0
28383,1,0,0,0,0
28384,1,0,0,0,0
28385,1,0,0,0,0
28386,1,0,0,0,0
28387,1,0,0,0,0
28388,1,0,0,0,0
28389,1,0,0,0,0
28390,1,0,0,0,0
28391,1,0,0,0,0
28392,1,0,0,0,0
28393,1,0,0,0,0
28394,1,0,0,0,0
28395,1,0,0,0,0
28396,1,0,0,0,0
28397,1,0,0,0,0
28398,1,0,0,0,0
28399,1,0,0,0,0
28400,1,0,0,0,0
28401,1,0,0,0,0
28402,1,0,0,0,0
28403,1,0,0,0,0
28404,1,0,0,0,0
28405,1,0,0,0,0
28406,1,0,0,0,0
28407,1,0,0,0,0
28408,1,0,0,0,0
28409,1,0,0,0,0
28410,1,0,0,0,0
28411,1,0,0,0,0
28412,1,0,0,0,0
28413,1,0,0,0,0
28414,1,0,0,0,0
28415,1,0,0,0,0
28416,1,0,0,0,0
28417,1,0,0,0,0
28418,1,0,0,0,0
28419,1,0,0,0,0
28420,1,0,0,0,0
28421,1,0,0,0,0
28422,1,0,0,0,0
28423,1,0,0,0,0
28424,1,0,0,0,0
28425,1,0,0,0,0
28426,1,0,0,0,0
28427,1,0,0,0,0
28428,1,0,0,0,0
28429,1,0,0,0,0
28430,1,0,0,0,0
28431,1,0,0,0,0
28432,1,0,0,0,0
28433,1,0,0,0,0
28434,1,0,0,0,0
28435,1,0,0,0,0
28436,1,0,0,0,0
28437,1,0,0,0,0
28438,1,0,0,0,0
28439,1,0,0,0,0
28440,1,0,0,0,0
28441,1,0,0,0,0
28442,1,0,0,0,0
28443,1,0,0,0,0
28444,1,0,0,0,0
28445,1,0,0,0,0
28446,1,0,0,0,0
28447,1,0,0,0,0
28448,1,0,0,0,0
28449,1,0,0,0,0
28450,1,0,0,0,0
28451,1,0,0,0,0
28452,1,0,0,0,0
28453,1,0,0,0,0
28454,1,0,0,0,0
28455,1,0,0,0,0
28456,1,0,0,0,0
28457,1,0,0,0,0
28458,1,0,0,0,0
28459,1,0,0,0,0
28460,1,0,0,0,0
28461,1,0,0,0,0
28462,1,0,0,0,0
28463,1,0,0,0,0
28464,1,0,0,0,0
28465,1,0,0,0,0
28466,1,0,0,0,0
28467,1,0,0,0,0
28468,1,0,0,0,0
28469,1,0,0,0,0
28470,1,0,0,0,0
28471,1,0,0,0,0
28472,1,0,0,0,0
28473,1,0,0,0,0
28474,1,0,0,0,0
28475,1,0,0,0,0
28476,1,0,0,0,0
28477,1,0,0,0,0
28478,1,0,0,0,0
28479,1,0,0,0,0
28480,1,0,0,0,0
28481,1,0,0,0,0
28482,1,0,0,0,0
28483,1,0,0,0,0
28484,1,0,0,0,0
28485,1,0,0,0,0
28486,1,0,0,0,0
28487,1,0,0,0,0
28488,1,0,0,0,0
28489,1,0,0,0,0
28490,1,0,0,0,0
28491,1,0,0,0,0
28492,1,0,0,0,0
28493,1,0,0,0,0
28494,1,0,0,0,0
28495,1,0,0,0,0
28496,1,0,0,0,0
28497,1,0,0,0,0
28498,1,0,0,0,0
28499,1,0,0,0,0
28500,1,0,0,0,0
28501,1,0,0,0,0
28502,1,0,0,0,0
28503,1,0,0,0,0
28504,1,0,0,0,0
28505,1,0,0,0,0
28506,1,0,0,0,0
28507,1,0,0,0,0
28508,1,0,0,0,0
28509,1,0,0,0,0
28510,1,0,0,0,0
28511,1,0,0,0,0
28512,1,0,0,0,0
28513,1,0,0,0,0
28514,1,0,0,0,0
28515,1,0,0,0,0
28516,1,0,0,0,0
28517,1,0,0,0,0
28518,1,0,0,0,0
28519,1,0,0,0,0
28520,1,0,0,0,0
28521,1,0,0,0,0
28522,1,0,0,0,0
28523,1,0,0,0,0
28524,1,0,0,0,0
28525,1,0,0,0,0
28526,1,0,0,0,0
28527,1,0,0,0,0
28528,1,0,0,0,0
28529,1,0,0,0,0
28530,1,0,0,0,0
28531,1,0,0,0,0
28532,1,0,0,0,0
28533,1,0,0,0,0
28534,1,0,0,0,0
28535,1,0,0,0,0
28536,1,0,0,0,0
28537,1,0,0,0,0
28538,1,0,0,0,0
28539,1,0,0,0,0
28540,1,0,0,0,0
28541,1,0,0,0,0
28542,1,0,0,0,0
28543,1,0,0,0,0
28544,1,0,0,0,0
28545,1,0,0,0,0
28546,1,0,0,0,0
28547,1,0,0,0,0
28548,1,0,0,0,0
28549,1,0,0,0,0
28550,1,0,0,0,0
28551,1,0,0,0,0
28552,1,0,0,0,0
28553,1,0,0,0,0
28554,1,0,0,0,0
28555,1,0,0,0,0
28556,1,0,0,0,0
28557,1,0,0,0,0
28558,1,0,0,0,0
28559,1,0,0,0,0
28560,1,0,0,0,0
28561,1,0,0,0,0
28562,1,0,0,0,0
28563,1,0,0,0,0
28564,1,0,0,0,0
28565,1,0,0,0,0
28566,1,0,0,0,0
28567,1,0,0,0,0
28568,1,0,0,0,0
28569,1,0,0,0,0
28570,1,0,0,0,0
28571,1,0,0,0,0
28572,1,0,0,0,0
28573,1,0,0,0,0
28574,1,0,0,0,0
28575,1,0,0,0,0
28576,1,0,0,0,0
28577,1,0,0,0,0
28578,1,0,0,0,0
28579,1,0,0,0,0
28580,1,0,0,0,0
28581,1,0,0,0,0
28582,1,0,0,0,0
28583,1,0,0,0,0
28584,1,0,0,0,0
28585,1,0,0,0,0
28586,1,0,0,0,0
28587,1,0,0,0,0
28588,1,0,0,0,0
28589,1,0,0,0,0
28590,1,0,0,0,0
28591,1,0,0,0,0
28592,1,0,0,0,0
28593,1,0,0,0,0
28594,1,0,0,0,0
28595,1,0,0,0,0
28596,1,0,0,0,0
28597,1,0,0,0,0
28598,1,0,0,0,0
28599,1,0,0,0,0
28600,1,0,0,0,0
28601,1,0,0,0,0
28602,1,0,0,0,0
28603,1,0,0,0,0
28604,1,0,0,0,0
28605,1,0,0,0,0
28606,1,0,0,0,0
28607,1,0,0,0,0
28608,1,0,0,0,0
28609,1,0,0,0,0
28610,1,0,0,0,0
28611,1,0,0,0,0
28612,1,0,0,0,0
28613,1,0,0,0,0
28614,1,0,0,0,0
28615,1,0,0,0,0
28616,1,0,0,0,0
28617,1,0,0,0,0
28618,1,0,0,0,0
28619,1,0,0,0,0
28620,1,0,0,0,0
28621,1,0,0,0,0
28622,1,0,0,0,0
28623,1,0,0,0,0
28624,1,0,0,0,0
28625,1,0,0,0,0
28626,1,0,0,0,0
28627,1,0,0,0,0
28628,1,0,0,0,0
28629,1,0,0,0,0
28630,1,0,0,0,0
28631,1,0,0,0,0
28632,1,0,0,0,0
28633,1,0,0,0,0
28634,1,0,0,0,0
28635,1,0,0,0,0
28636,1,0,0,0,0
28637,1,0,0,0,0
28638,1,0,0,0,0
28639,1,0,0,0,0
28640,1,0,0,0,0
28641,1,0,0,0,0
28642,1,0,0,0,0
28643,1,0,0,0,0
28644,1,0,0,0,0
28645,1,0,0,0,0
28646,1,0,0,0,0
28647,1,0,0,0,0
28648,1,0,0,0,0
28649,1,0,0,0,0
28650,1,0,0,0,0
28651,1,0,0,0,0
28652,1,0,0,0,0
28653,1,0,0,0,0
28654,1,0,0,0,0
28655,1,0,0,0,0
28656,1,0,0,0,0
28657,1,0,0,0,0
28658,1,0,0,0,0
28659,1,0,0,0,0
28660,1,0,0,0,0
28661,1,0,0,0,0
28662,1,0,0,0,0
28663,1,0,0,0,0
28664,1,0,0,0,0
28665,1,0,0,0,0
28666,1,0,0,0,0
28667,1,0,0,0,0
28668,1,0,0,0,0
28669,1,0,0,0,0
28670,1,0,0,0,0
28671,1,0,0,0,0
28672,1,0,0,0,0
28673,1,0,0,0,0
28674,1,0,0,0,0
28675,1,0,0,0,0
28676,1,0,0,0,0
28677,1,0,0,0,0
28678,1,0,0,0,0
28679,1,0,0,0,0
28680,1,0,0,0,0
28681,1,0,0,0,0
28682,1,0,0,0,0
28683,1,0,0,0,0
28684,1,0,0,0,0
28685,1,0,0,0,0
28686,1,0,0,0,0
28687,1,0,0,0,0
28688,1,0,0,0,0
28689,1,0,0,0,0
28690,1,0,0,0,0
28691,1,0,0,0,0
28692,1,0,0,0,0
28693,1,0,0,0,0
28694,1,0,0,0,0
28695,1,0,0,0,0
28696,1,0,0,0,0
28697,1,0,0,0,0
28698,1,0,0,0,0
28699,0,0,0,0,1
28700,0,0,0,0,1
28701,0,0,0,0,1
28702,0,0,0,0,1
28703,0,0,0,0,1
28704,0,0,0,0,1
28705,0,0,0,0,1
28706,0,0,0,0,1
28707,0,0,0,0,1
28708,0,0,0,0,1
28709,0,0,0,0,1
28710,0,0,0,0,1
28711,0,0,0,0,1
28712,0,0,0,0,1
28713,0,0,0,0,1
28714,0,0,0,0,1
28715,0,0,0,0,1
28716,0,0,0,0,1
28717,0,0,0,0,1
28718,0,0,0,0,1
28719,0,0,0,0,1
28720,0,0,0,0,1
28721,0,0,0,0,1
28722,0,0,0,0,1
28723,0,0,0,0,1
28724,0,0,0,0,1
28725,0,0,0,0,1
28726,0,0,0,0,1
28727,0,0,0,0,1
28728,0,0,0,0,1
28729,0,0,0,0,1
28730,0,0,0,0,1
28731,0,0,0,0,1
28732,0,0,0,0,1
28733,0,0,0,0,1
28734,0,0,0,0,1
28735,0,0,0,0,1
28736,0,0,0,0,1
28737,0,0,0,0,1
28738,0,0,0,0,1
28739,0,0,0,0,1
28740,0,0,0,0,1
28741,0,0,0,0,1
28742,0,0,0,0,1
28743,0,0,0,0,1
28744,0,0,0,0,1
28745,0,0,0,0,1
28746,0,0,0,0,1
28747,0,0,0,0,1
28748,0,0,0,0,1
28749,0,0,0,0,1
28750,0,0,0,0,1
28751,0,0,0,0,1
28752,0,0,0,0,1
28753,0,0,0,0,1
28754,0,0,0,0,1
28755,0,0,0,0,1
28756,0,0,0,0,1
28757,1,0,0,0,0
28758,1,0,0,0,0
28759,1,0,0,0,0
28760,1,0,0,0,0
28761,1,0,0,0,0
28762,1,0,0,0,0
28763,1,0,0,0,0
28764,1,0,0,0,0
28765,1,0,0,0,0
28766,1,0,0,0,0
28767,1,0,0,0,0
28768,1,0,0,0,0
28769,1,0,0,0,0
28770,1,0,0,0,0
28771,1,0,0,0,0
28772,1,0,0,0,0
28773,1,0,0,0,0
28774,1,0,0,0,0
28775,1,0,0,0,0
28776,1,0,0,0,0
28777,1,0,0,0,0
28778,1,0,0,0,0
28779,1,0,0,0,0
28780,1,0,0,0,0
28781,1,0,0,0,0
28782,1,0,0,0,0
28783,1,0,0,0,0
28784,1,0,0,0,0
28785,1,0,0,0,0
28786,1,0,0,0,0
28787,1,0,0,0,0
28788,1,0,0,0,0
28789,1,0,0,0,0
28790,1,0,0,0,0
28791,1,0,0,0,0
28792,1,0,0,0,0
28793,1,0,0,0,0
28794,1,0,0,0,0
28795,1,0,0,0,0
28796,1,0,0,0,0
28797,1,0,0,0,0
28798,1,0,0,0,0
28799,1,0,0,0,0
28800,1,0,0,0,0
28801,1,0,0,0,0
28802,1,0,0,0,0
28803,1,0,0,0,0
28804,1,0,0,0,0
28805,1,0,0,0,0
28806,1,0,0,0,0
28807,1,0,0,0,0
28808,1,0,0,0,0
28809,1,0,0,0,0
28810,1,0,0,0,0
28811,1,0,0,0,0
28812,1,0,0,0,0
28813,1,0,0,0,0
28814,1,0,0,0,0
28815,1,0,0,0,0
28816,1,0,0,0,0
28817,1,0,0,0,0
28818,1,0,0,0,0
28819,1,0,0,0,0
28820,1,0,0,0,0
28821,1,0,0,0,0
28822,1,0,0,0,0
28823,1,0,0,0,0
28824,1,0,0,0,0
28825,1,0,0,0,0
28826,1,0,0,0,0
28827,1,0,0,0,0
28828,1,0,0,0,0
28829,1,0,0,0,0
28830,1,0,0,0,0
28831,1,0,0,0,0
28832,1,0,0,0,0
28833,1,0,0,0,0
28834,1,0,0,0,0
28835,1,0,0,0,0
28836,1,0,0,0,0
28837,1,0,0,0,0
28838,1,0,0,0,0
28839,1,0,0,0,0
28840,1,0,0,0,0
28841,1,0,0,0,0
28842,1,0,0,0,0
28843,1,0,0,0,0
28844,0,0,0,0,1
28845,0,0,0,0,1
28846,0,0,0,0,1
28847,0,0,0,0,1
28848,0,0,0,0,1
28849,0,0,0,0,1
28850,0,0,0,0,1
28851,0,0,0,0,1
28852,0,0,0,0,1
28853,0,0,0,0,1
28854,0,0,0,0,1
28855,0,0,0,0,1
28856,0,0,0,0,1
28857,0,0,0,0,1
28858,0,0,0,0,1
28859,0,0,0,0,1
28860,0,0,0,0,1
28861,0,0,0,0,1
28862,0,0,0,0,1
28863,1,0,0,0,0
28864,1,0,0,0,0
28865,1,0,0,0,0
28866,1,0,0,0,0
28867,1,0,0,0,0
28868,1,0,0,0,0
28869,1,0,0,0,0
28870,1,0,0,0,0
28871,1,0,0,0,0
28872,1,0,0,0,0
28873,1,0,0,0,0
28874,1,0,0,0,0
28875,1,0,0,0,0
28876,1,0,0,0,0
28877,1,0,0,0,0
28878,1,0,0,0,0
28879,1,0,0,0,0
28880,1,0,0,0,0
28881,1,0,0,0,0
28882,1,0,0,0,0
28883,1,0,0,0,0
28884,1,0,0,0,0
28885,1,0,0,0,0
28886,1,0,0,0,0
28887,1,0,0,0,0
28888,1,0,0,0,0
28889,1,0,0,0,0
28890,1,0,0,0,0
28891,1,0,0,0,0
28892,1,0,0,0,0
28893,1,0,0,0,0
28894,1,0,0,0,0
28895,1,0,0,0,0
28896,1,0,0,0,0
28897,1,0,0,0,0
28898,1,0,0,0,0
28899,1,0,0,0,0
28900,1,0,0,0,0
28901,1,0,0,0,0
28902,1,0,0,0,0
28903,1,0,0,0,0
28904,1,0,0,0,0
28905,1,0,0,0,0
28906,1,0,0,0,0
28907,1,0,0,0,0
28908,1,0,0,0,0
28909,1,0,0,0,0
28910,1,0,0,0,0
28911,1,0,0,0,0
28912,1,0,0,0,0
28913,1,0,0,0,0
28914,1,0,0,0,0
28915,1,0,0,0,0
28916,1,0,0,0,0
28917,1,0,0,0,0
28918,1,0,0,0,0
28919,1,0,0,0,0
28920,1,0,0,0,0
28921,1,0,0,0,0
28922,1,0,0,0,0
28923,1,0,0,0,0
28924,1,0,0,0,0
28925,1,0,0,0,0
28926,1,0,0,0,0
28927,1,0,0,0,0
28928,1,0,0,0,0
28929,1,0,0,0,0
28930,1,0,0,0,0
28931,1,0,0,0,0
28932,1,0,0,0,0
28933,1,0,0,0,0
28934,1,0,0,0,0
28935,1,0,0,0,0
28936,1,0,0,0,0
28937,0,1,0,0,0
28938,0,1,0,0,0
28939,0,1,0,0,0
28940,0,1,0,0,0
28941,0,1,0,0,0
28942,0,1,0,0,0
28943,0,1,0,0,0
28944,0,1,0,0,0
28945,0,1,0,0,0
28946,0,1,0,0,0
28947,0,1,0,0,0
28948,0,1,0,0,0
28949,0,1,0,0,0
28950,0,1,0,0,0
28951,0,1,0,0,0
28952,0,1,0,0,0
28953,0,1,0,0,0
28954,0,1,0,0,0
28955,0,1,0,0,0
28956,0,1,0,0,0
28957,0,1,0,0,0
28958,0,1,0,0,0
28959,0,1,0,0,0
28960,0,1,0,0,0
28961,0,1,0,0,0
28962,0,1,0,0,0
28963,0,1,0,0,0
28964,0,1,0,0,0
28965,0,1,0,0,0
28966,0,1,0,0,0
28967,0,1,0,0,0
28968,0,1,0,0,0
28969,0,1,0,0,0
28970,0,1,0,0,0
28971,0,1,0,0,0
28972,0,1,0,0,0
28973,0,1,0,0,0
28974,0,1,0,0,0
28975,0,1,0,0,0
28976,0,1,0,0,0
28977,0,1,0,0,0
28978,0,1,0,0,0
28979,0,1,0,0,0
28980,0,1,0,0,0
28981,0,1,0,0,0
28982,0,1,0,0,0
28983,0,1,0,0,0
28984,0,1,0,0,0
28985,0,1,0,0,0
28986,0,1,0,0,0
28987,0,1,0,0,0
28988,0,1,0,0,0
28989,0,1,0,0,0
28990,0,1,0,0,0
28991,0,1,0,0,0
28992,0,1,0,0,0
28993,0,1,0,0,0
28994,0,1,0,0,0
28995,1,0,0,0,0
28996,1,0,0,0,0
28997,1,0,0,0,0
28998,1,0,0,0,0
28999,1,0,0,0,0
29000,1,0,0,0,0
29001,1,0,0,0,0
29002,1,0,0,0,0
29003,1,0,0,0,0
29004,1,0,0,0,0
29005,1,0,0,0,0
29006,1,0,0,0,0
29007,1,0,0,0,0
29008,1,0,0,0,0
29009,1,0,0,0,0
29010,1,0,0,0,0
29011,1,0,0,0,0
29012,1,0,0,0,0
29013,1,0,0,0,0
29014,1,0,0,0,0
29015,1,0,0,0,0
29016,1,0,0,0,0
29017,1,0,0,0,0
29018,1,0,0,0,0
29019,1,0,0,0,0
29020,1,0,0,0,0
29021,1,0,0,0,0
29022,1,0,0,0,0
29023,1,0,0,0,0
29024,1,0,0,0,0
29025,1,0,0,0,0
29026,1,0,0,0,0
29027,1,0,0,0,0
29028,0,1,0,0,0
29029,0,1,0,0,0
29030,0,1,0,0,0
29031,0,1,0,0,0
29032,0,1,0,0,0
29033,0,1,0,0,0
29034,0,1,0,0,0
29035,0,1,0,0,0
29036,0,1,0,0,0
29037,0,1,0,0,0
29038,0,1,0,0,0
29039,0,1,0,0,0
29040,0,1,0,0,0
29041,0,1,0,0,0
29042,0,1,0,0,0
29043,0,1,0,0,0
29044,0,1,0,0,0
29045,0,1,0,0,0
29046,0,1,0,0,0
29047,0,1,0,0,0
29048,0,1,0,0,0
29049,0,1,0,0,0
29050,0,1,0,0,0
29051,0,1,0,0,0
29052,0,1,0,0,0
29053,0,1,0,0,0
29054,0,1,0,0,0
29055,0,1,0,0,0
29056,0,1,0,0,0
29057,0,1,0,0,0
29058,0,1,0,0,0
29059,0,1,0,0,0
29060,0,1,0,0,0
29061,0,1,0,0,0
29062,0,1,0,0,0
29063,0,1,0,0,0
29064,0,1,0,0,0
29065,0,1,0,0,0
29066,0,1,0,0,0
29067,0,1,0,0,0
29068,0,1,0,0,0
29069,0,1,0,0,0
29070,0,1,0,0,0
29071,0,1,0,0,0
29072,0,1,0,0,0
29073,0,1,0,0,0
29074,0,1,0,0,0
29075,0,1,0,0,0
29076,0,1,0,0,0
29077,0,1,0,0,0
29078,0,1,0,0,0
29079,0,1,0,0,0
29080,0,1,0,0,0
29081,0,1,0,0,0
29082,0,1,0,0,0
29083,0,1,0,0,0
29084,0,1,0,0,0
29085,0,1,0,0,0
29086,0,1,0,0,0
29087,0,1,0,0,0
29088,0,1,0,0,0
29089,0,1,0,0,0
29090,0,1,0,0,0
29091,0,1,0,0,0
29092,0,1,0,0,0
29093,1,0,0,0,0
29094,1,0,0,0,0
29095,1,0,0,0,0
29096,1,0,0,0,0
29097,1,0,0,0,0
29098,1,0,0,0,0
29099,1,0,0,0,0
29100,1,0,0,0,0
29101,1,0,0,0,0
29102,1,0,0,0,0
29103,1,0,0,0,0
29104,1,0,0,0,0
29105,1,0,0,0,0
29106,1,0,0,0,0
29107,1,0,0,0,0
29108,1,0,0,0,0
29109,1,0,0,0,0
29110,1,0,0,0,0
29111,1,0,0,0,0
29112,1,0,0,0,0
29113,0,0,0,1,0
29114,0,0,0,1,0
29115,0,0,0,1,0
29116,0,0,0,1,0
29117,0,0,0,1,0
29118,0,0,0,1,0
29119,0,0,0,1,0
29120,0,0,0,1,0
29121,0,0,0,1,0
29122,0,0,0,1,0
29123,0,0,0,1,0
29124,0,0,0,1,0
29125,0,0,0,1,0
29126,0,0,0,1,0
29127,0,0,0,1,0
29128,0,0,0,1,0
29129,1,0,0,0,0
29130,1,0,0,0,0
29131,1,0,0,0,0
29132,1,0,0,0,0
29133,1,0,0,0,0
29134,1,0,0,0,0
29135,1,0,0,0,0
29136,1,0,0,0,0
29137,1,0,0,0,0
29138,1,0,0,0,0
29139,1,0,0,0,0
29140,1,0,0,0,0
29141,1,0,0,0,0
29142,1,0,0,0,0
29143,1,0,0,0,0
29144,1,0,0,0,0
29145,1,0,0,0,0
29146,1,0,0,0,0
29147,1,0,0,0,0
29148,1,0,0,0,0
29149,1,0,0,0,0
29150,1,0,0,0,0
29151,1,0,0,0,0
29152,1,0,0,0,0
29153,1,0,0,0,0
29154,1,0,0,0,0
29155,1,0,0,0,0
29156,1,0,0,0,0
29157,1,0,0,0,0
29158,1,0,0,0,0
29159,1,0,0,0,0
29160,1,0,0,0,0
29161,1,0,0,0,0
29162,1,0,0,0,0
29163,1,0,0,0,0
29164,1,0,0,0,0
29165,1,0,0,0,0
29166,1,0,0,0,0
29167,1,0,0,0,0
29168,1,0,0,0,0
29169,1,0,0,0,0
29170,1,0,0,0,0
29171,1,0,0,0,0
29172,1,0,0,0,0
29173,1,0,0,0,0
29174,1,0,0,0,0
29175,1,0,0,0,0
29176,1,0,0,0,0
29177,1,0,0,0,0
29178,1,0,0,0,0
29179,1,0,0,0,0
29180,1,0,0,0,0
29181,1,0,0,0,0
29182,1,0,0,0,0
29183,1,0,0,0,0
29184,1,0,0,0,0
29185,1,0,0,0,0
29186,1,0,0,0,0
29187,1,0,0,0,0
29188,1,0,0,0,0
29189,1,0,0,0,0
29190,1,0,0,0,0
29191,1,0,0,0,0
29192,1,0,0,0,0
29193,1,0,0,0,0
29194,1,0,0,0,0
29195,1,0,0,0,0
29196,1,0,0,0,0
29197,1,0,0,0,0
29198,1,0,0,0,0
29199,1,0,0,0,0
29200,1,0,0,0,0
29201,1,0,0,0,0
29202,1,0,0,0,0
29203,1,0,0,0,0
29204,1,0,0,0,0
29205,1,0,0,0,0
29206,1,0,0,0,0
29207,1,0,0,0,0
29208,1,0,0,0,0
29209,1,0,0,0,0
29210,1,0,0,0,0
29211,1,0,0,0,0
29212,1,0,0,0,0
29213,1,0,0,0,0
29214,1,0,0,0,0
29215,1,0,0,0,0
29216,1,0,0,0,0
29217,1,0,0,0,0
29218,1,0,0,0,0
29219,1,0,0,0,0
29220,1,0,0,0,0
29221,1,0,0,0,0
29222,1,0,0,0,0
29223,1,0,0,0,0
29224,1,0,0,0,0
29225,1,0,0,0,0
29226,1,0,0,0,0
29227,1,0,0,0,0
29228,1,0,0,0,0
29229,1,0,0,0,0
29230,1,0,0,0,0
29231,1,0,0,0,0
29232,1,0,0,0,0
29233,1,0,0,0,0
29234,1,0,0,0,0
29235,1,0,0,0,0
29236,1,0,0,0,0
29237,1,0,0,0,0
29238,1,0,0,0,0
29239,1,0,0,0,0
29240,1,0,0,0,0
29241,1,0,0,0,0
29242,1,0,0,0,0
29243,1,0,0,0,0
29244,1,0,0,0,0
29245,1,0,0,0,0
29246,1,0,0,0,0
29247,1,0,0,0,0
29248,1,0,0,0,0
29249,1,0,0,0,0
29250,1,0,0,0,0
29251,1,0,0,0,0
29252,1,0,0,0,0
29253,1,0,0,0,0
29254,1,0,0,0,0
29255,1,0,0,0,0
29256,1,0,0,0,0
29257,1,0,0,0,0
29258,1,0,0,0,0
29259,1,0,0,0,0
29260,1,0,0,0,0
29261,1,0,0,0,0
29262,1,0,0,0,0
29263,1,0,0,0,0
29264,1,0,0,0,0
29265,1,0,0,0,0
29266,1,0,0,0,0
29267,1,0,0,0,0
29268,1,0,0,0,0
29269,1,0,0,0,0
29270,1,0,0,0,0
29271,1,0,0,0,0
29272,1,0,0,0,0
29273,1,0,0,0,0
29274,1,0,0,0,0
29275,1,0,0,0,0
29276,1,0,0,0,0
29277,1,0,0,0,0
29278,1,0,0,0,0
29279,1,0,0,0,0
29280,1,0,0,0,0
29281,1,0,0,0,0
29282,1,0,0,0,0
29283,1,0,0,0,0
29284,1,0,0,0,0
29285,1,0,0,0,0
29286,1,0,0,0,0
29287,1,0,0,0,0
29288,1,0,0,0,0
29289,1,0,0,0,0
29290,1,0,0,0,0
29291,1,0,0,0,0
29292,1,0,0,0,0
29293,1,0,0,0,0
29294,1,0,0,0,0
29295,1,0,0,0,0
29296,1,0,0,0,0
29297,1,0,0,0,0
29298,1,0,0,0,0
29299,1,0,0,0,0
29300,1,0,0,0,0
29301,1,0,0,0,0
29302,1,0,0,0,0
29303,1,0,0,0,0
29304,1,0,0,0,0
29305,1,0,0,0,0
29306,1,0,0,0,0
29307,1,0,0,0,0
29308,1,0,0,0,0
29309,1,0,0,0,0
29310,1,0,0,0,0
29311,1,0,0,0,0
29312,1,0,0,0,0
29313,1,0,0,0,0
29314,1,0,0,0,0
29315,1,0,0,0,0
29316,1,0,0,0,0
29317,1,0,0,0,0
29318,1,0,0,0,0
29319,1,0,0,0,0
29320,1,0,0,0,0
29321,1,0,0,0,0
29322,1,0,0,0,0
29323,0,0,0,1,0
29324,0,0,0,1,0
29325,0,0,0,1,0
29326,0,0,0,1,0
29327,0,0,0,1,0
29328,0,0,0,1,0
29329,0,0,0,1,0
29330,0,0,0,1,0
29331,0,0,0,1,0
29332,0,0,0,1,0
29333,0,0,0,1,0
29334,0,0,0,1,0
29335,0,0,0,1,0
29336,0,0,0,1,0
29337,0,0,0,1,0
29338,0,0,0,1,0
29339,0,0,0,1,0
29340,0,0,0,1,0
29341,0,0,0,1,0
29342,0,0,0,1,0
29343,0,0,0,1,0
29344,0,0,0,1,0
29345,0,0,0,1,0
29346,0,0,0,1,0
29347,0,0,0,1,0
29348,0,0,0,1,0
29349,0,0,0,1,0
29350,0,0,0,1,0
29351,0,0,0,1,0
29352,0,0,0,1,0
29353,0,0,0,1,0
29354,0,0,0,1,0
29355,0,0,0,1,0
29356,0,0,0,1,0
29357,0,0,0,1,0
29358,0,0,0,1,0
29359,0,0,0,1,0
29360,0,0,0,1,0
29361,0,0,0,1,0
29362,0,0,0,1,0
29363,0,0,0,1,0
29364,0,0,0,1,0
29365,0,0,0,1,0
29366,0,0,0,1,0
29367,0,0,0,1,0
29368,0,0,0,1,0
29369,0,0,0,1,0
29370,0,0,0,1,0
29371,0,0,0,1,0
29372,0,0,0,1,0
29373,0,0,0,1,0
29374,0,0,0,1,0
29375,0,0,0,1,0
29376,0,0,0,1,0
29377,0,0,0,1,0
29378,0,0,0,1,0
29379,0,0,0,1,0
29380,0,0,0,1,0
29381,0,0,0,1,0
29382,0,0,0,1,0
29383,0,0,0,1,0
29384,0,0,0,1,0
29385,0,0,0,1,0
29386,0,0,0,1,0
29387,0,0,0,1,0
29388,0,0,0,1,0
29389,0,0,0,1,0
29390,0,0,0,1,0
29391,0,0,0,1,0
29392,0,0,0,1,0
29393,0,0,0,1,0
29394,0,0,0,1,0
29395,0,0,0,1,0
29396,0,0,0,1,0
29397,0,0,0,1,0
29398,0,0,0,1,0
29399,0,0,0,1,0
29400,0,0,0,1,0
29401,0,0,0,1,0
29402,0,0,0,1,0
29403,0,0,0,1,0
29404,0,0,0,1,0
29405,0,0,0,1,0
29406,0,0,0,1,0
29407,0,0,0,1,0
29408,0,0,0,1,0
29409,0,0,0,1,0
29410,0,0,0,1,0
29411,0,0,0,1,0
29412,0,0,0,1,0
29413,0,0,0,1,0
29414,0,0,0,1,0
29415,0,0,0,1,0
29416,0,0,0,1,0
29417,0,0,0,1,0
29418,0,0,0,1,0
29419,0,0,0,1,0
29420,0,0,0,1,0
29421,0,0,0,1,0
29422,0,0,0,1,0
29423,0,0,0,1,0
29424,0,0,0,1,0
29425,0,0,0,1,0
29426,0,0,0,1,0
29427,0,0,0,1,0
29428,0,0,0,1,0
29429,0,0,0,1,0
29430,0,0,0,1,0
29431,0,0,0,1,0
29432,0,0,0,1,0
29433,0,0,0,1,0
29434,0,0,0,1,0
29435,0,0,0,1,0
29436,0,0,0,1,0
29437,0,0,0,1,0
29438,0,0,0,1,0
29439,0,0,0,1,0
29440,0,0,0,1,0
29441,0,0,0,1,0
29442,0,0,0,1,0
29443,0,0,0,1,0
29444,0,0,0,1,0
29445,0,0,0,1,0
29446,0,0,0,1,0
29447,0,0,0,1,0
29448,0,0,0,1,0
29449,0,0,0,1,0
29450,0,0,0,1,0
29451,0,0,0,1,0
29452,0,0,0,1,0
29453,0,0,0,1,0
29454,0,0,0,1,0
29455,0,0,0,1,0
29456,0,0,0,1,0
29457,0,0,0,1,0
29458,0,0,0,1,0
29459,0,0,0,1,0
29460,0,0,0,1,0
29461,0,0,0,1,0
29462,0,0,0,1,0
29463,0,0,0,1,0
29464,0,0,0,1,0
29465,0,0,0,1,0
29466,0,0,0,1,0
29467,0,0,0,1,0
29468,0,0,0,1,0
29469,0,0,0,1,0
29470,0,0,0,1,0
29471,0,0,0,1,0
29472,0,0,0,1,0
29473,0,0,0,1,0
29474,0,0,0,1,0
29475,0,0,0,1,0
29476,0,0,0,1,0
29477,0,0,0,1,0
29478,0,0,0,1,0
29479,0,0,0,1,0
29480,0,0,0,1,0
29481,0,0,0,1,0
29482,0,0,0,1,0
29483,0,0,0,1,0
29484,0,0,0,1,0
29485,0,0,0,1,0
29486,0,0,0,1,0
29487,0,0,0,1,0
29488,0,0,0,1,0
29489,0,0,0,1,0
29490,0,0,0,1,0
29491,0,0,0,1,0
29492,0,0,0,1,0
29493,0,0,0,1,0
29494,0,0,0,1,0
29495,0,0,0,1,0
29496,0,0,0,1,0
29497,0,0,0,1,0
29498,0,0,0,1,0
29499,0,0,0,1,0
29500,0,0,0,1,0
29501,0,0,0,1,0
29502,0,0,0,1,0
29503,0,0,0,1,0
29504,0,0,0,1,0
29505,0,0,0,1,0
29506,0,0,0,1,0
29507,0,0,0,1,0
29508,0,0,0,1,0
29509,0,0,0,1,0
29510,0,0,0,1,0
29511,0,0,0,1,0
29512,0,0,0,1,0
29513,0,0,0,1,0
29514,0,0,0,1,0
29515,0,0,0,1,0
29516,0,0,0,1,0
29517,0,0,0,1,0
29518,0,0,0,1,0
29519,0,0,0,1,0
29520,0,0,0,1,0
29521,0,0,0,1,0
29522,0,0,0,1,0
29523,0,0,0,1,0
29524,0,0,0,1,0
29525,0,0,0,1,0
29526,0,0,0,1,0
29527,0,0,0,1,0
29528,0,0,0,1,0
29529,0,0,0,1,0
29530,0,0,0,1,0
29531,0,0,0,1,0
29532,0,0,0,1,0
29533,0,0,0,1,0
29534,0,0,0,1,0
29535,0,0,0,1,0
29536,0,0,0,1,0
29537,0,0,0,1,0
29538,0,0,0,1,0
29539,0,0,0,1,0
29540,0,0,0,1,0
29541,0,0,0,1,0
29542,0,0,0,1,0
29543,0,0,0,1,0
29544,0,0,0,1,0
29545,0,0,0,1,0
29546,0,0,0,1,0
29547,0,0,0,1,0
29548,0,0,0,1,0
29549,0,0,0,1,0
29550,0,0,0,1,0
29551,0,0,0,1,0
29552,0,0,0,1,0
29553,0,0,0,1,0
29554,0,0,0,1,0
29555,0,0,0,1,0
29556,0,0,0,1,0
29557,0,0,0,1,0
29558,0,0,0,1,0
29559,0,0,0,1,0
29560,0,0,0,1,0
29561,0,0,0,1,0
29562,0,0,0,1,0
29563,0,0,0,1,0
29564,0,0,0,1,0
29565,0,0,0,1,0
29566,0,0,0,1,0
29567,0,0,0,1,0
29568,0,0,0,1,0
29569,0,0,0,1,0
29570,0,0,0,1,0
29571,0,0,0,1,0
29572,0,0,0,1,0
29573,0,0,0,1,0
29574,0,0,0,1,0
29575,0,0,0,1,0
29576,0,0,0,1,0
29577,0,0,0,1,0
29578,0,0,0,1,0
29579,0,0,0,1,0
29580,0,0,0,1,0
29581,0,0,0,1,0
29582,0,0,0,1,0
29583,0,0,0,1,0
29584,0,0,0,1,0
29585,0,0,0,1,0
29586,0,0,0,1,0
29587,0,0,0,1,0
29588,0,0,0,1,0
29589,0,0,0,1,0
29590,0,0,0,1,0
29591,0,0,0,1,0
29592,0,0,0,1,0
29593,0,0,0,1,0
29594,0,0,0,1,0
29595,0,0,0,1,0
29596,0,0,0,1,0
29597,0,0,0,1,0
29598,0,0,0,1,0
29599,0,0,0,1,0
29600,1,0,0,0,0
29601,1,0,0,0,0
29602,1,0,0,0,0
29603,1,0,0,0,0
29604,1,0,0,0,0
29605,1,0,0,0,0
29606,1,0,0,0,0
29607,1,0,0,0,0
29608,1,0,0,0,0
29609,1,0,0,0,0
29610,1,0,0,0,0
29611,1,0,0,0,0
29612,1,0,0,0,0
29613,1,0,0,0,0
29614,1,0,0,0,0
29615,1,0,0,0,0
29616,1,0,0,0,0
29617,1,0,0,0,0
29618,1,0,0,0,0
29619,1,0,0,0,0
29620,1,0,0,0,0
29621,1,0,0,0,0
29622,1,0,0,0,0
29623,1,0,0,0,0
29624,1,0,0,0,0
29625,1,0,0,0,0
29626,1,0,0,0,0
29627,1,0,0,0,0
29628,1,0,0,0,0
29629,1,0,0,0,0
29630,1,0,0,0,0
29631,1,0,0,0,0
29632,1,0,0,0,0
29633,1,0,0,0,0
29634,1,0,0,0,0
29635,1,0,0,0,0
29636,1,0,0,0,0
29637,1,0,0,0,0
29638,1,0,0,0,0
29639,1,0,0,0,0
29640,1,0,0,0,0
29641,1,0,0,0,0
29642,1,0,0,0,0
29643,1,0,0,0,0
29644,1,0,0,0,0
29645,1,0,0,0,0
29646,1,0,0,0,0
29647,1,0,0,0,0
29648,1,0,0,0,0
29649,1,0,0,0,0
29650,1,0,0,0,0
29651,1,0,0,0,0
29652,1,0,0,0,0
29653,1,0,0,0,0
29654,1,0,0,0,0
29655,1,0,0,0,0
29656,1,0,0,0,0
29657,1,0,0,0,0
29658,1,0,0,0,0
29659,1,0,0,0,0
29660,1,0,0,0,0
29661,1,0,0,0,0
29662,1,0,0,0,0
29663,1,0,0,0,0
29664,1,0,0,0,0
29665,1,0,0,0,0
29666,1,0,0,0,0
29667,1,0,0,0,0
29668,1,0,0,0,0
29669,1,0,0,0,0
29670,1,0,0,0,0
29671,1,0,0,0,0
29672,1,0,0,0,0
29673,1,0,0,0,0
29674,1,0,0,0,0
29675,1,0,0,0,0
29676,1,0,0,0,0
29677,1,0,0,0,0
29678,1,0,0,0,0
29679,1,0,0,0,0
29680,1,0,0,0,0
29681,1,0,0,0,0
29682,1,0,0,0,0
29683,1,0,0,0,0
29684,1,0,0,0,0
29685,1,0,0,0,0
29686,1,0,0,0,0
29687,1,0,0,0,0
29688,1,0,0,0,0
29689,1,0,0,0,0
29690,1,0,0,0,0
29691,1,0,0,0,0
29692,1,0,0,0,0
29693,1,0,0,0,0
29694,1,0,0,0,0
29695,1,0,0,0,0
29696,1,0,0,0,0
29697,1,0,0,0,0
29698,1,0,0,0,0
29699,1,0,0,0,0
29700,1,0,0,0,0
29701,1,0,0,0,0
29702,1,0,0,0,0
29703,1,0,0,0,0
29704,1,0,0,0,0
29705,1,0,0,0,0
29706,1,0,0,0,0
29707,1,0,0,0,0
29708,1,0,0,0,0
29709,1,0,0,0,0
29710,1,0,0,0,0
29711,1,0,0,0,0
29712,1,0,0,0,0
29713,1,0,0,0,0
29714,1,0,0,0,0
29715,1,0,0,0,0
29716,1,0,0,0,0
29717,1,0,0,0,0
29718,1,0,0,0,0
29719,1,0,0,0,0
29720,1,0,0,0,0
29721,1,0,0,0,0
29722,1,0,0,0,0
29723,1,0,0,0,0
29724,1,0,0,0,0
29725,1,0,0,0,0
29726,1,0,0,0,0
29727,1,0,0,0,0
29728,1,0,0,0,0
29729,1,0,0,0,0
29730,1,0,0,0,0
29731,1,0,0,0,0
29732,1,0,0,0,0
29733,1,0,0,0,0
29734,1,0,0,0,0
29735,1,0,0,0,0
29736,1,0,0,0,0
29737,1,0,0,0,0
29738,1,0,0,0,0
29739,1,0,0,0,0
29740,1,0,0,0,0
29741,1,0,0,0,0
29742,1,0,0,0,0
29743,1,0,0,0,0
29744,1,0,0,0,0
29745,1,0,0,0,0
29746,1,0,0,0,0
29747,1,0,0,0,0
29748,1,0,0,0,0
29749,1,0,0,0,0
29750,1,0,0,0,0
29751,1,0,0,0,0
29752,1,0,0,0,0
29753,1,0,0,0,0
29754,1,0,0,0,0
29755,1,0,0,0,0
29756,1,0,0,0,0
29757,1,0,0,0,0
29758,1,0,0,0,0
29759,1,0,0,0,0
29760,1,0,0,0,0
29761,1,0,0,0,0
29762,1,0,0,0,0
29763,1,0,0,0,0
29764,1,0,0,0,0
29765,1,0,0,0,0
29766,1,0,0,0,0
29767,1,0,0,0,0
29768,1,0,0,0,0
29769,1,0,0,0,0
29770,1,0,0,0,0
29771,1,0,0,0,0
29772,1,0,0,0,0
29773,1,0,0,0,0
29774,1,0,0,0,0
29775,1,0,0,0,0
29776,1,0,0,0,0
29777,1,0,0,0,0
29778,1,0,0,0,0
29779,1,0,0,0,0
29780,1,0,0,0,0
29781,1,0,0,0,0
29782,1,0,0,0,0
29783,1,0,0,0,0
29784,1,0,0,0,0
29785,1,0,0,0,0
29786,1,0,0,0,0
29787,1,0,0,0,0
29788,1,0,0,0,0
29789,1,0,0,0,0
29790,1,0,0,0,0
29791,1,0,0,0,0
29792,1,0,0,0,0
29793,1,0,0,0,0
29794,1,0,0,0,0
29795,1,0,0,0,0
29796,1,0,0,0,0
29797,1,0,0,0,0
29798,1,0,0,0,0
29799,1,0,0,0,0
29800,1,0,0,0,0
29801,1,0,0,0,0
29802,1,0,0,0,0
29803,1,0,0,0,0
29804,1,0,0,0,0
29805,1,0,0,0,0
29806,1,0,0,0,0
29807,1,0,0,0,0
29808,1,0,0,0,0
29809,1,0,0,0,0
29810,1,0,0,0,0
29811,1,0,0,0,0
29812,1,0,0,0,0
29813,1,0,0,0,0
29814,1,0,0,0,0
29815,1,0,0,0,0
29816,1,0,0,0,0
29817,1,0,0,0,0
29818,1,0,0,0,0
29819,1,0,0,0,0
29820,1,0,0,0,0
29821,1,0,0,0,0
29822,1,0,0,0,0
29823,1,0,0,0,0
29824,1,0,0,0,0
29825,1,0,0,0,0
29826,1,0,0,0,0
29827,1,0,0,0,0
29828,1,0,0,0,0
29829,1,0,0,0,0
29830,1,0,0,0,0
29831,1,0,0,0,0
29832,1,0,0,0,0
29833,1,0,0,0,0
29834,1,0,0,0,0
29835,1,0,0,0,0
29836,1,0,0,0,0
29837,1,0,0,0,0
29838,1,0,0,0,0
29839,1,0,0,0,0
29840,1,0,0,0,0
29841,1,0,0,0,0
29842,1,0,0,0,0
29843,1,0,0,0,0
29844,1,0,0,0,0
29845,1,0,0,0,0
29846,1,0,0,0,0
29847,1,0,0,0,0
29848,1,0,0,0,0
29849,1,0,0,0,0
29850,1,0,0,0,0
29851,1,0,0,0,0
29852,0,0,0,1,0
29853,0,0,0,1,0
29854,0,0,0,1,0
29855,0,0,0,1,0
29856,0,0,0,1,0
29857,0,0,0,1,0
29858,0,0,0,1,0
29859,0,0,0,1,0
29860,0,0,0,1,0
29861,0,0,0,1,0
29862,0,0,0,1,0
29863,0,0,0,1,0
29864,0,0,0,1,0
29865,0,0,0,1,0
29866,0,0,0,1,0
29867,0,0,0,1,0
29868,0,0,0,1,0
29869,0,0,0,1,0
29870,0,0,0,1,0
29871,0,0,0,1,0
29872,0,0,0,1,0
29873,0,0,0,1,0
29874,0,0,0,1,0
29875,0,0,0,1,0
29876,0,0,0,1,0
29877,0,0,0,1,0
29878,0,0,0,1,0
29879,0,0,0,1,0
29880,0,0,0,1,0
29881,0,0,0,1,0
29882,0,0,0,1,0
29883,0,0,0,1,0
29884,0,0,0,1,0
29885,0,0,0,1,0
29886,0,0,0,1,0
29887,0,0,0,1,0
29888,0,0,0,1,0
29889,0,0,0,1,0
29890,0,0,0,1,0
29891,0,0,0,1,0
29892,0,0,0,1,0
29893,0,0,0,1,0
29894,0,0,0,1,0
29895,0,0,0,1,0
29896,0,0,0,1,0
29897,0,0,0,1,0
29898,0,0,0,1,0
29899,0,0,0,1,0
29900,0,0,0,1,0
29901,0,0,0,1,0
29902,0,0,0,1,0
29903,0,0,0,1,0
29904,0,0,0,1,0
29905,0,0,0,1,0
29906,0,0,0,1,0
29907,0,0,0,1,0
29908,0,0,0,1,0
29909,0,0,0,1,0
29910,0,0,0,1,0
29911,0,0,0,1,0
29912,0,0,0,1,0
29913,0,0,0,1,0
29914,0,0,0,1,0
29915,0,0,0,1,0
29916,0,0,0,1,0
29917,0,0,0,1,0
29918,0,0,0,1,0
29919,0,0,0,1,0
29920,0,0,0,1,0
29921,0,0,0,1,0
29922,0,0,0,1,0
29923,0,0,0,1,0
29924,0,0,0,1,0
29925,0,0,0,1,0
29926,0,0,0,1,0
29927,0,0,0,1,0
29928,0,0,0,1,0
29929,0,0,0,1,0
29930,0,0,0,1,0
29931,0,0,0,1,0
29932,0,0,0,1,0
29933,0,0,0,1,0
29934,0,0,0,1,0
29935,0,0,0,1,0
29936,0,0,0,1,0
29937,0,0,0,1,0
29938,0,0,0,1,0
29939,0,0,0,1,0
29940,0,0,0,1,0
29941,0,0,0,1,0
29942,0,0,0,1,0
29943,0,0,0,1,0
29944,0,0,0,1,0
29945,0,0,0,1,0
29946,0,0,0,1,0
29947,0,0,0,1,0
29948,0,0,0,1,0
29949,0,0,0,1,0
29950,0,0,0,1,0
29951,0,0,0,1,0
29952,0,0,0,1,0
29953,0,0,0,1,0
29954,0,0,0,1,0
29955,0,0,0,1,0
29956,0,0,0,1,0
29957,0,0,0,1,0
29958,0,0,0,1,0
29959,0,0,0,1,0
29960,0,0,0,1,0
29961,0,0,0,1,0
29962,0,0,0,1,0
29963,0,0,0,1,0
29964,0,0,0,1,0
29965,0,0,0,1,0
29966,0,0,0,1,0
29967,0,0,0,1,0
29968,0,0,0,1,0
29969,0,0,0,1,0
29970,0,0,0,1,0
29971,0,0,0,1,0
29972,0,0,0,1,0
29973,0,0,0,1,0
29974,0,0,0,1,0
29975,0,0,0,1,0
29976,0,0,0,1,0
29977,0,0,0,1,0
29978,0,0,0,1,0
29979,0,0,0,1,0
29980,0,0,0,1,0
29981,0,0,0,1,0
29982,0,0,0,1,0
29983,0,0,0,1,0
29984,0,0,0,1,0
29985,0,0,0,1,0
29986,0,0,0,1,0
29987,0,0,0,1,0
29988,0,0,0,1,0
29989,0,0,0,1,0
29990,0,0,0,1,0
29991,0,0,0,1,0
29992,0,0,0,1,0
29993,0,0,0,1,0
29994,0,0,0,1,0
29995,0,0,0,1,0
29996,0,0,0,1,0
29997,0,0,0,1,0
29998,0,0,0,1,0
29999,0,0,0,1,0
30000,0,0,0,1,0
30001,0,0,0,1,0
30002,0,0,0,1,0
30003,0,0,0,1,0
30004,0,0,0,1,0
30005,0,0,0,1,0
30006,0,0,0,1,0
30007,0,0,0,1,0
30008,0,0,0,1,0
30009,0,0,0,1,0
30010,0,0,0,1,0
30011,0,0,0,1,0
30012,0,0,0,1,0
30013,0,0,0,1,0
30014,0,0,0,1,0
30015,0,0,0,1,0
30016,0,0,0,1,0
30017,0,0,0,1,0
30018,0,0,0,1,0
30019,0,0,0,1,0
30020,0,0,0,1,0
30021,0,0,0,1,0
30022,0,0,0,1,0
30023,0,0,0,1,0
30024,0,0,0,1,0
30025,0,0,0,1,0
30026,0,0,0,1,0
30027,0,0,0,1,0
30028,0,0,0,1,0
30029,0,0,0,1,0
30030,0,0,0,1,0
30031,0,0,0,1,0
30032,0,0,0,1,0
30033,0,0,0,1,0
30034,0,0,0,1,0
30035,0,0,0,1,0
30036,0,0,0,1,0
30037,0,0,0,1,0
30038,0,0,0,1,0
30039,0,0,0,1,0
30040,0,0,0,1,0
30041,0,0,0,1,0
30042,0,0,0,1,0
30043,0,0,0,1,0
30044,0,0,0,1,0
30045,0,0,0,1,0
30046,0,0,0,1,0
30047,0,0,0,1,0
30048,0,0,0,1,0
30049,0,0,0,1,0
30050,0,0,0,1,0
30051,0,0,0,1,0
30052,0,0,0,1,0
30053,0,0,0,1,0
30054,0,0,0,1,0
30055,0,0,0,1,0
30056,0,0,0,1,0
30057,0,0,0,1,0
30058,0,0,0,1,0
30059,0,0,0,1,0
30060,0,0,0,1,0
30061,0,0,0,1,0
30062,0,0,0,1,0
30063,0,0,0,1,0
30064,0,0,0,1,0
30065,0,0,0,1,0
30066,0,0,0,1,0
30067,0,0,0,1,0
30068,0,0,0,1,0
30069,0,0,0,1,0
30070,0,0,0,1,0
30071,1,0,0,0,0
30072,1,0,0,0,0
30073,1,0,0,0,0
30074,1,0,0,0,0
30075,1,0,0,0,0
30076,1,0,0,0,0
30077,1,0,0,0,0
30078,1,0,0,0,0
30079,1,0,0,0,0
30080,1,0,0,0,0
30081,1,0,0,0,0
30082,1,0,0,0,0
30083,1,0,0,0,0
30084,1,0,0,0,0
30085,1,0,0,0,0
30086,1,0,0,0,0
30087,1,0,0,0,0
30088,1,0,0,0,0
30089,1,0,0,0,0
30090,1,0,0,0,0
30091,1,0,0,0,0
30092,1,0,0,0,0
30093,1,0,0,0,0
30094,1,0,0,0,0
30095,1,0,0,0,0
30096,1,0,0,0,0
30097,1,0,0,0,0
30098,1,0,0,0,0
30099,1,0,0,0,0
30100,1,0,0,0,0
30101,1,0,0,0,0
30102,1,0,0,0,0
30103,1,0,0,0,0
30104,1,0,0,0,0
30105,1,0,0,0,0
30106,1,0,0,0,0
30107,1,0,0,0,0
30108,1,0,0,0,0
30109,1,0,0,0,0
30110,1,0,0,0,0
30111,1,0,0,0,0
30112,1,0,0,0,0
30113,1,0,0,0,0
30114,1,0,0,0,0
30115,1,0,0,0,0
30116,1,0,0,0,0
30117,1,0,0,0,0
30118,1,0,0,0,0
30119,1,0,0,0,0
30120,1,0,0,0,0
30121,1,0,0,0,0
30122,1,0,0,0,0
30123,1,0,0,0,0
30124,1,0,0,0,0
30125,1,0,0,0,0
30126,1,0,0,0,0
30127,1,0,0,0,0
30128,1,0,0,0,0
30129,1,0,0,0,0
30130,1,0,0,0,0
30131,1,0,0,0,0
30132,1,0,0,0,0
30133,1,0,0,0,0
30134,1,0,0,0,0
30135,1,0,0,0,0
30136,1,0,0,0,0
30137,1,0,0,0,0
30138,1,0,0,0,0
30139,1,0,0,0,0
30140,1,0,0,0,0
30141,1,0,0,0,0
30142,1,0,0,0,0
30143,1,0,0,0,0
30144,1,0,0,0,0
30145,1,0,0,0,0
30146,1,0,0,0,0
30147,1,0,0,0,0
30148,1,0,0,0,0
30149,1,0,0,0,0
30150,1,0,0,0,0
30151,1,0,0,0,0
30152,1,0,0,0,0
30153,1,0,0,0,0
30154,1,0,0,0,0
30155,1,0,0,0,0
30156,1,0,0,0,0
30157,1,0,0,0,0
30158,1,0,0,0,0
30159,1,0,0,0,0
30160,1,0,0,0,0
30161,1,0,0,0,0
30162,1,0,0,0,0
30163,1,0,0,0,0
30164,1,0,0,0,0
30165,1,0,0,0,0
30166,1,0,0,0,0
30167,1,0,0,0,0
30168,1,0,0,0,0
30169,1,0,0,0,0
30170,1,0,0,0,0
30171,1,0,0,0,0
30172,1,0,0,0,0
30173,1,0,0,0,0
30174,1,0,0,0,0
30175,1,0,0,0,0
30176,1,0,0,0,0
30177,1,0,0,0,0
30178,1,0,0,0,0
30179,1,0,0,0,0
30180,1,0,0,0,0
30181,1,0,0,0,0
30182,1,0,0,0,0
30183,1,0,0,0,0
30184,1,0,0,0,0
30185,1,0,0,0,0
30186,1,0,0,0,0
30187,1,0,0,0,0
30188,1,0,0,0,0
30189,1,0,0,0,0
30190,1,0,0,0,0
30191,1,0,0,0,0
30192,1,0,0,0,0
30193,1,0,0,0,0
30194,1,0,0,0,0
30195,1,0,0,0,0
30196,1,0,0,0,0
30197,1,0,0,0,0
30198,1,0,0,0,0
30199,1,0,0,0,0
30200,1,0,0,0,0
30201,1,0,0,0,0
30202,1,0,0,0,0
30203,1,0,0,0,0
30204,1,0,0,0,0
30205,1,0,0,0,0
30206,1,0,0,0,0
30207,1,0,0,0,0
30208,1,0,0,0,0
30209,1,0,0,0,0
30210,1,0,0,0,0
30211,1,0,0,0,0
30212,1,0,0,0,0
30213,1,0,0,0,0
30214,1,0,0,0,0
30215,1,0,0,0,0
30216,1,0,0,0,0
30217,1,0,0,0,0
30218,1,0,0,0,0
30219,1,0,0,0,0
30220,1,0,0,0,0
30221,1,0,0,0,0
30222,1,0,0,0,0
30223,1,0,0,0,0
30224,1,0,0,0,0
30225,1,0,0,0,0
30226,1,0,0,0,0
30227,1,0,0,0,0
30228,1,0,0,0,0
30229,1,0,0,0,0
30230,1,0,0,0,0
30231,1,0,0,0,0
30232,1,0,0,0,0
30233,1,0,0,0,0
30234,1,0,0,0,0
30235,1,0,0,0,0
30236,1,0,0,0,0
30237,1,0,0,0,0
30238,1,0,0,0,0
30239,1,0,0,0,0
30240,1,0,0,0,0
30241,1,0,0,0,0
30242,1,0,0,0,0
30243,1,0,0,0,0
30244,1,0,0,0,0
30245,1,0,0,0,0
30246,1,0,0,0,0
30247,1,0,0,0,0
30248,1,0,0,0,0
30249,1,0,0,0,0
30250,1,0,0,0,0
30251,1,0,0,0,0
30252,1,0,0,0,0
30253,1,0,0,0,0
30254,1,0,0,0,0
30255,1,0,0,0,0
30256,1,0,0,0,0
30257,1,0,0,0,0
30258,1,0,0,0,0
30259,1,0,0,0,0
30260,1,0,0,0,0
30261,1,0,0,0,0
30262,1,0,0,0,0
30263,1,0,0,0,0
30264,1,0,0,0,0
30265,1,0,0,0,0
30266,1,0,0,0,0
30267,1,0,0,0,0
30268,1,0,0,0,0
30269,1,0,0,0,0
30270,1,0,0,0,0
30271,1,0,0,0,0
30272,1,0,0,0,0
30273,1,0,0,0,0
30274,1,0,0,0,0
30275,1,0,0,0,0
30276,1,0,0,0,0
30277,1,0,0,0,0
30278,1,0,0,0,0
30279,1,0,0,0,0
30280,1,0,0,0,0
30281,1,0,0,0,0
30282,1,0,0,0,0
30283,1,0,0,0,0
30284,1,0,0,0,0
30285,1,0,0,0,0
30286,1,0,0,0,0
30287,1,0,0,0,0
30288,1,0,0,0,0
30289,1,0,0,0,0
30290,1,0,0,0,0
30291,1,0,0,0,0
30292,1,0,0,0,0
30293,1,0,0,0,0
30294,1,0,0,0,0
30295,1,0,0,0,0
30296,1,0,0,0,0
30297,1,0,0,0,0
30298,1,0,0,0,0
30299,1,0,0,0,0
30300,1,0,0,0,0
30301,1,0,0,0,0
30302,1,0,0,0,0
30303,1,0,0,0,0
30304,1,0,0,0,0
30305,1,0,0,0,0
30306,1,0,0,0,0
30307,1,0,0,0,0
30308,1,0,0,0,0
30309,1,0,0,0,0
30310,1,0,0,0,0
30311,1,0,0,0,0
30312,1,0,0,0,0
30313,1,0,0,0,0
30314,1,0,0,0,0
30315,1,0,0,0,0
30316,1,0,0,0,0
30317,1,0,0,0,0
30318,1,0,0,0,0
30319,1,0,0,0,0
30320,1,0,0,0,0
30321,1,0,0,0,0
30322,1,0,0,0,0
30323,1,0,0,0,0
30324,1,0,0,0,0
30325,1,0,0,0,0
30326,1,0,0,0,0
30327,1,0,0,0,0
30328,1,0,0,0,0
30329,1,0,0,0,0
30330,1,0,0,0,0
30331,1,0,0,0,0
30332,1,0,0,0,0
30333,1,0,0,0,0
30334,1,0,0,0,0
30335,1,0,0,0,0
30336,1,0,0,0,0
30337,1,0,0,0,0
30338,1,0,0,0,0
30339,1,0,0,0,0
30340,1,0,0,0,0
30341,1,0,0,0,0
30342,1,0,0,0,0
30343,1,0,0,0,0
30344,1,0,0,0,0
30345,1,0,0,0,0
30346,1,0,0,0,0
30347,1,0,0,0,0
30348,1,0,0,0,0
30349,1,0,0,0,0
30350,1,0,0,0,0
30351,1,0,0,0,0
30352,1,0,0,0,0
30353,1,0,0,0,0
30354,1,0,0,0,0
30355,1,0,0,0,0
30356,1,0,0,0,0
30357,1,0,0,0,0
30358,1,0,0,0,0
30359,1,0,0,0,0
30360,1,0,0,0,0
30361,1,0,0,0,0
30362,1,0,0,0,0
30363,1,0,0,0,0
30364,1,0,0,0,0
30365,1,0,0,0,0
30366,1,0,0,0,0
30367,1,0,0,0,0
30368,1,0,0,0,0
30369,1,0,0,0,0
30370,1,0,0,0,0
30371,1,0,0,0,0
30372,1,0,0,0,0
30373,1,0,0,0,0
30374,1,0,0,0,0
30375,1,0,0,0,0
30376,1,0,0,0,0
30377,1,0,0,0,0
30378,1,0,0,0,0
30379,1,0,0,0,0
30380,1,0,0,0,0
30381,0,0,0,0,1
30382,0,0,0,0,1
30383,0,0,0,0,1
30384,0,0,0,0,1
30385,0,0,0,0,1
30386,0,0,0,0,1
30387,0,0,0,0,1
30388,0,0,0,0,1
30389,0,0,0,0,1
30390,0,0,0,0,1
30391,0,0,0,0,1
30392,0,0,0,0,1
30393,0,0,0,0,1
30394,0,0,0,0,1
30395,0,0,0,0,1
30396,0,0,0,0,1
30397,0,0,0,0,1
30398,0,0,0,0,1
30399,0,0,0,0,1
30400,0,0,0,0,1
30401,0,0,0,0,1
30402,0,0,0,0,1
30403,0,0,0,0,1
30404,0,0,0,0,1
30405,0,0,0,0,1
30406,0,0,0,0,1
30407,0,0,0,0,1
30408,0,0,0,0,1
30409,0,0,0,0,1
30410,0,0,0,0,1
30411,0,0,0,0,1
30412,0,0,0,0,1
30413,0,0,0,0,1
30414,0,0,0,0,1
30415,0,0,0,0,1
30416,0,0,0,0,1
30417,0,0,0,0,1
30418,0,0,0,0,1
30419,0,0,0,0,1
30420,0,0,0,0,1
30421,0,0,0,0,1
30422,0,0,0,0,1
30423,0,0,0,0,1
30424,0,0,0,0,1
30425,0,0,0,0,1
30426,0,0,0,0,1
30427,0,0,0,0,1
30428,0,0,0,0,1
30429,0,0,0,0,1
30430,0,0,0,0,1
30431,0,0,0,0,1
30432,0,0,0,0,1
30433,0,0,0,0,1
30434,0,0,0,0,1
30435,0,0,0,0,1
30436,0,0,0,0,1
30437,0,0,0,0,1
30438,0,0,0,0,1
30439,0,0,0,0,1
30440,0,0,0,0,1
30441,0,0,0,0,1
30442,0,0,0,0,1
30443,0,0,0,0,1
30444,0,0,0,0,1
30445,0,0,0,0,1
30446,1,0,0,0,0
30447,1,0,0,0,0
30448,1,0,0,0,0
30449,1,0,0,0,0
30450,1,0,0,0,0
30451,1,0,0,0,0
30452,1,0,0,0,0
30453,1,0,0,0,0
30454,1,0,0,0,0
30455,1,0,0,0,0
30456,1,0,0,0,0
30457,1,0,0,0,0
30458,1,0,0,0,0
30459,1,0,0,0,0
30460,1,0,0,0,0
30461,1,0,0,0,0
30462,1,0,0,0,0
30463,1,0,0,0,0
30464,1,0,0,0,0
30465,1,0,0,0,0
30466,1,0,0,0,0
30467,1,0,0,0,0
30468,1,0,0,0,0
30469,1,0,0,0,0
30470,1,0,0,0,0
30471,1,0,0,0,0
30472,1,0,0,0,0
30473,1,0,0,0,0
30474,1,0,0,0,0
30475,1,0,0,0,0
30476,1,0,0,0,0
30477,1,0,0,0,0
30478,1,0,0,0,0
30479,1,0,0,0,0
30480,1,0,0,0,0
30481,1,0,0,0,0
30482,1,0,0,0,0
30483,1,0,0,0,0
30484,1,0,0,0,0
30485,1,0,0,0,0
30486,1,0,0,0,0
30487,1,0,0,0,0
30488,1,0,0,0,0
30489,1,0,0,0,0
30490,1,0,0,0,0
30491,1,0,0,0,0
30492,1,0,0,0,0
30493,1,0,0,0,0
30494,1,0,0,0,0
30495,1,0,0,0,0
30496,1,0,0,0,0
30497,1,0,0,0,0
30498,1,0,0,0,0
30499,1,0,0,0,0
30500,1,0,0,0,0
30501,1,0,0,0,0
30502,1,0,0,0,0
30503,1,0,0,0,0
30504,1,0,0,0,0
30505,1,0,0,0,0
30506,1,0,0,0,0
30507,1,0,0,0,0
30508,1,0,0,0,0
30509,1,0,0,0,0
30510,1,0,0,0,0
30511,1,0,0,0,0
30512,1,0,0,0,0
30513,1,0,0,0,0
30514,1,0,0,0,0
30515,1,0,0,0,0
30516,1,0,0,0,0
30517,1,0,0,0,0
30518,1,0,0,0,0
30519,1,0,0,0,0
30520,1,0,0,0,0
30521,1,0,0,0,0
30522,1,0,0,0,0
30523,1,0,0,0,0
30524,1,0,0,0,0
30525,1,0,0,0,0
30526,1,0,0,0,0
30527,1,0,0,0,0
30528,1,0,0,0,0
30529,1,0,0,0,0
30530,1,0,0,0,0
30531,1,0,0,0,0
30532,1,0,0,0,0
30533,1,0,0,0,0
30534,1,0,0,0,0
30535,1,0,0,0,0
30536,1,0,0,0,0
30537,1,0,0,0,0
30538,1,0,0,0,0
30539,1,0,0,0,0
30540,1,0,0,0,0
30541,1,0,0,0,0
30542,1,0,0,0,0
30543,1,0,0,0,0
30544,1,0,0,0,0
30545,1,0,0,0,0
30546,1,0,0,0,0
30547,1,0,0,0,0
30548,1,0,0,0,0
30549,1,0,0,0,0
30550,1,0,0,0,0
30551,1,0,0,0,0
30552,1,0,0,0,0
30553,1,0,0,0,0
30554,1,0,0,0,0
30555,1,0,0,0,0
30556,1,0,0,0,0
30557,1,0,0,0,0
30558,1,0,0,0,0
30559,1,0,0,0,0
30560,1,0,0,0,0
30561,1,0,0,0,0
30562,1,0,0,0,0
30563,1,0,0,0,0
30564,1,0,0,0,0
30565,1,0,0,0,0
30566,1,0,0,0,0
30567,1,0,0,0,0
30568,1,0,0,0,0
30569,1,0,0,0,0
30570,1,0,0,0,0
30571,1,0,0,0,0
30572,1,0,0,0,0
30573,0,0,0,0,1
30574,0,0,0,0,1
30575,0,0,0,0,1
30576,0,0,0,0,1
30577,0,0,0,0,1
30578,0,0,0,0,1
30579,0,0,0,0,1
30580,0,0,0,0,1
30581,0,0,0,0,1
30582,0,0,0,0,1
30583,0,0,0,0,1
30584,0,0,0,0,1
30585,0,0,0,0,1
30586,0,0,0,0,1
30587,0,0,0,0,1
30588,0,0,0,0,1
30589,0,0,0,0,1
30590,0,0,0,0,1
30591,0,0,0,0,1
30592,0,0,0,0,1
30593,0,0,0,0,1
30594,0,0,0,0,1
30595,0,0,0,0,1
30596,0,0,0,0,1
30597,0,0,0,0,1
30598,0,0,0,0,1
30599,0,0,0,0,1
30600,0,0,0,0,1
30601,0,0,0,0,1
30602,0,0,0,0,1
30603,0,0,0,0,1
30604,0,0,0,0,1
30605,0,0,0,0,1
30606,0,0,0,0,1
30607,1,0,0,0,0
30608,1,0,0,0,0
30609,1,0,0,0,0
30610,1,0,0,0,0
30611,1,0,0,0,0
30612,1,0,0,0,0
30613,1,0,0,0,0
30614,1,0,0,0,0
30615,1,0,0,0,0
30616,1,0,0,0,0
30617,1,0,0,0,0
30618,1,0,0,0,0
30619,1,0,0,0,0
30620,1,0,0,0,0
30621,1,0,0,0,0
30622,1,0,0,0,0
30623,1,0,0,0,0
30624,1,0,0,0,0
30625,1,0,0,0,0
30626,1,0,0,0,0
30627,1,0,0,0,0
30628,1,0,0,0,0
30629,1,0,0,0,0
30630,1,0,0,0,0
30631,1,0,0,0,0
30632,1,0,0,0,0
30633,0,0,0,0,1
30634,0,0,0,0,1
30635,0,0,0,0,1
30636,0,0,0,0,1
30637,0,0,0,0,1
30638,0,0,0,0,1
30639,0,0,0,0,1
30640,0,0,0,0,1
30641,0,0,0,0,1
30642,0,0,0,0,1
30643,0,0,0,0,1
30644,0,0,0,0,1
30645,0,0,0,0,1
30646,0,0,0,0,1
30647,0,0,0,0,1
30648,0,0,0,0,1
30649,0,0,0,0,1
30650,0,0,0,0,1
30651,0,0,0,0,1
30652,0,0,0,0,1
30653,0,0,0,0,1
30654,0,0,0,0,1
30655,0,0,0,0,1
30656,0,0,0,0,1
30657,0,0,0,0,1
30658,0,0,0,0,1
30659,0,0,0,0,1
30660,0,0,0,0,1
30661,0,0,0,0,1
30662,0,0,0,0,1
30663,0,0,0,0,1
30664,0,0,0,0,1
30665,0,0,0,0,1
30666,0,0,0,0,1
30667,0,0,0,0,1
30668,0,0,0,0,1
30669,0,0,0,0,1
30670,0,0,0,0,1
30671,0,0,0,0,1
30672,0,0,0,0,1
30673,0,0,0,0,1
30674,0,0,0,0,1
30675,0,0,0,0,1
30676,0,0,0,0,1
30677,0,0,0,0,1
30678,0,0,0,0,1
30679,0,0,0,0,1
30680,0,0,0,0,1
30681,0,0,0,0,1
30682,0,0,0,0,1
30683,0,0,0,0,1
30684,0,0,0,0,1
30685,0,0,0,0,1
30686,0,0,0,0,1
30687,0,0,0,0,1
30688,0,0,0,0,1
30689,0,0,0,0,1
30690,0,0,0,0,1
30691,0,0,0,0,1
30692,0,0,0,0,1
30693,0,0,0,0,1
30694,0,0,0,0,1
30695,0,0,0,0,1
30696,0,0,0,0,1
30697,0,0,0,0,1
30698,0,0,0,0,1
30699,0,0,0,0,1
30700,0,0,0,0,1
30701,0,0,0,0,1
30702,0,0,0,0,1
30703,0,0,0,0,1
30704,0,0,0,0,1
30705,0,0,0,0,1
30706,0,0,0,0,1
30707,0,0,0,0,1
30708,0,0,0,0,1
30709,0,0,0,0,1
30710,0,0,0,0,1
30711,0,0,0,0,1
30712,0,0,0,0,1
30713,0,0,0,0,1
30714,0,0,0,0,1
30715,0,0,0,0,1
30716,0,0,0,0,1
30717,0,0,0,0,1
30718,0,0,0,0,1
30719,0,0,0,0,1
30720,0,0,0,0,1
30721,0,0,0,0,1
30722,0,0,0,0,1
30723,0,0,0,0,1
30724,0,0,0,0,1
30725,1,0,0,0,0
30726,1,0,0,0,0
30727,1,0,0,0,0
30728,1,0,0,0,0
30729,1,0,0,0,0
30730,1,0,0,0,0
30731,1,0,0,0,0
30732,1,0,0,0,0
30733,1,0,0,0,0
30734,1,0,0,0,0
30735,1,0,0,0,0
30736,1,0,0,0,0
30737,1,0,0,0,0
30738,1,0,0,0,0
30739,1,0,0,0,0
30740,1,0,0,0,0
30741,1,0,0,0,0
30742,1,0,0,0,0
30743,1,0,0,0,0
30744,1,0,0,0,0
30745,1,0,0,0,0
30746,1,0,0,0,0
30747,1,0,0,0,0
30748,1,0,0,0,0
30749,1,0,0,0,0
30750,1,0,0,0,0
30751,1,0,0,0,0
30752,1,0,0,0,0
30753,1,0,0,0,0
30754,1,0,0,0,0
30755,1,0,0,0,0
30756,1,0,0,0,0
30757,1,0,0,0,0
30758,1,0,0,0,0
30759,1,0,0,0,0
30760,1,0,0,0,0
30761,1,0,0,0,0
30762,0,1,0,0,0
30763,0,1,0,0,0
30764,0,1,0,0,0
30765,0,1,0,0,0
30766,0,1,0,0,0
30767,0,1,0,0,0
30768,0,1,0,0,0
30769,0,1,0,0,0
30770,0,1,0,0,0
30771,0,1,0,0,0
30772,0,1,0,0,0
30773,0,1,0,0,0
30774,0,1,0,0,0
30775,0,1,0,0,0
30776,0,1,0,0,0
30777,0,1,0,0,0
30778,0,1,0,0,0
30779,0,1,0,0,0
30780,0,1,0,0,0
30781,0,1,0,0,0
30782,0,1,0,0,0
30783,0,1,0,0,0
30784,0,1,0,0,0
30785,0,1,0,0,0
30786,0,1,0,0,0
30787,0,1,0,0,0
30788,0,1,0,0,0
30789,0,1,0,0,0
30790,0,1,0,0,0
30791,0,1,0,0,0
30792,0,1,0,0,0
30793,0,1,0,0,0
30794,0,1,0,0,0
30795,0,1,0,0,0
30796,0,1,0,0,0
30797,0,1,0,0,0
30798,0,1,0,0,0
30799,0,1,0,0,0
30800,0,1,0,0,0
30801,0,1,0,0,0
30802,0,1,0,0,0
30803,0,1,0,0,0
30804,0,1,0,0,0
30805,0,1,0,0,0
30806,0,1,0,0,0
30807,0,1,0,0,0
30808,0,1,0,0,0
30809,0,1,0,0,0
30810,0,1,0,0,0
30811,0,1,0,0,0
30812,0,1,0,0,0
30813,0,1,0,0,0
30814,0,1,0,0,0
30815,0,1,0,0,0
30816,0,1,0,0,0
30817,0,1,0,0,0
30818,0,1,0,0,0
30819,0,1,0,0,0
30820,0,1,0,0,0
30821,0,1,0,0,0
30822,0,1,0,0,0
30823,0,1,0,0,0
30824,0,1,0,0,0
30825,0,1,0,0,0
30826,0,1,0,0,0
30827,0,1,0,0,0
30828,0,1,0,0,0
30829,0,1,0,0,0
30830,0,1,0,0,0
30831,0,1,0,0,0
30832,0,1,0,0,0
30833,0,1,0,0,0
30834,0,1,0,0,0
30835,0,1,0,0,0
30836,0,1,0,0,0
30837,0,1,0,0,0
30838,0,1,0,0,0
30839,0,1,0,0,0
30840,0,1,0,0,0
30841,0,1,0,0,0
30842,0,1,0,0,0
30843,0,1,0,0,0
30844,0,1,0,0,0
30845,0,1,0,0,0
30846,0,1,0,0,0
30847,0,1,0,0,0
30848,0,1,0,0,0
30849,0,1,0,0,0
30850,0,1,0,0,0
30851,0,1,0,0,0
30852,0,1,0,0,0
30853,0,1,0,0,0
30854,0,1,0,0,0
30855,0,1,0,0,0
30856,0,1,0,0,0
30857,0,1,0,0,0
30858,0,1,0,0,0
30859,0,1,0,0,0
30860,0,1,0,0,0
30861,0,1,0,0,0
30862,0,1,0,0,0
30863,0,1,0,0,0
30864,0,1,0,0,0
30865,0,1,0,0,0
30866,0,1,0,0,0
30867,0,1,0,0,0
30868,0,1,0,0,0
30869,0,1,0,0,0
30870,0,1,0,0,0
30871,0,1,0,0,0
30872,0,1,0,0,0
30873,0,1,0,0,0
30874,0,1,0,0,0
30875,0,1,0,0,0
30876,0,1,0,0,0
30877,0,1,0,0,0
30878,0,1,0,0,0
30879,0,1,0,0,0
30880,0,1,0,0,0
30881,0,1,0,0,0
30882,0,1,0,0,0
30883,0,1,0,0,0
30884,0,1,0,0,0
30885,0,1,0,0,0
30886,0,1,0,0,0
30887,0,1,0,0,0
30888,0,1,0,0,0
30889,0,1,0,0,0
30890,0,1,0,0,0
30891,0,1,0,0,0
30892,0,1,0,0,0
30893,0,1,0,0,0
30894,0,1,0,0,0
30895,0,1,0,0,0
30896,0,1,0,0,0
30897,0,1,0,0,0
30898,0,1,0,0,0
30899,0,1,0,0,0
30900,0,1,0,0,0
30901,0,1,0,0,0
30902,1,0,0,0,0
30903,1,0,0,0,0
30904,1,0,0,0,0
30905,1,0,0,0,0
30906,1,0,0,0,0
30907,1,0,0,0,0
30908,1,0,0,0,0
30909,1,0,0,0,0
30910,1,0,0,0,0
30911,1,0,0,0,0
30912,1,0,0,0,0
30913,1,0,0,0,0
30914,1,0,0,0,0
30915,1,0,0,0,0
30916,1,0,0,0,0
30917,1,0,0,0,0
30918,1,0,0,0,0
30919,1,0,0,0,0
30920,1,0,0,0,0
30921,1,0,0,0,0
30922,1,0,0,0,0
30923,1,0,0,0,0
30924,1,0,0,0,0
30925,1,0,0,0,0
30926,1,0,0,0,0
30927,1,0,0,0,0
30928,1,0,0,0,0
30929,1,0,0,0,0
30930,1,0,0,0,0
30931,1,0,0,0,0
30932,1,0,0,0,0
30933,1,0,0,0,0
30934,1,0,0,0,0
30935,1,0,0,0,0
30936,1,0,0,0,0
30937,1,0,0,0,0
30938,1,0,0,0,0
30939,1,0,0,0,0
30940,1,0,0,0,0
30941,1,0,0,0,0
30942,1,0,0,0,0
30943,1,0,0,0,0
30944,1,0,0,0,0
30945,1,0,0,0,0
30946,1,0,0,0,0
30947,1,0,0,0,0
30948,1,0,0,0,0
30949,1,0,0,0,0
30950,1,0,0,0,0
30951,1,0,0,0,0
30952,1,0,0,0,0
30953,1,0,0,0,0
30954,1,0,0,0,0
30955,1,0,0,0,0
30956,1,0,0,0,0
30957,1,0,0,0,0
30958,1,0,0,0,0
30959,1,0,0,0,0
30960,1,0,0,0,0
30961,1,0,0,0,0
30962,1,0,0,0,0
30963,1,0,0,0,0
30964,1,0,0,0,0
30965,1,0,0,0,0
30966,1,0,0,0,0
30967,1,0,0,0,0
30968,1,0,0,0,0
30969,1,0,0,0,0
30970,1,0,0,0,0
30971,1,0,0,0,0
30972,1,0,0,0,0
30973,1,0,0,0,0
30974,1,0,0,0,0
30975,1,0,0,0,0
30976,1,0,0,0,0
30977,1,0,0,0,0
30978,1,0,0,0,0
30979,1,0,0,0,0
30980,1,0,0,0,0
30981,1,0,0,0,0
30982,1,0,0,0,0
30983,1,0,0,0,0
30984,1,0,0,0,0
30985,1,0,0,0,0
30986,1,0,0,0,0
30987,1,0,0,0,0
30988,1,0,0,0,0
30989,1,0,0,0,0
30990,1,0,0,0,0
30991,1,0,0,0,0
30992,1,0,0,0,0
30993,1,0,0,0,0
30994,1,0,0,0,0
30995,1,0,0,0,0
30996,1,0,0,0,0
30997,1,0,0,0,0
30998,1,0,0,0,0
30999,1,0,0,0,0
31000,1,0,0,0,0
31001,1,0,0,0,0
31002,1,0,0,0,0
31003,1,0,0,0,0
31004,1,0,0,0,0
31005,1,0,0,0,0
31006,1,0,0,0,0
31007,1,0,0,0,0
31008,1,0,0,0,0
31009,1,0,0,0,0
31010,1,0,0,0,0
31011,1,0,0,0,0
31012,1,0,0,0,0
31013,1,0,0,0,0
31014,1,0,0,0,0
31015,1,0,0,0,0
31016,1,0,0,0,0
31017,1,0,0,0,0
31018,1,0,0,0,0
31019,1,0,0,0,0
31020,1,0,0,0,0
31021,1,0,0,0,0
31022,1,0,0,0,0
31023,1,0,0,0,0
31024,1,0,0,0,0
31025,1,0,0,0,0
31026,1,0,0,0,0
31027,1,0,0,0,0
31028,1,0,0,0,0
31029,1,0,0,0,0
31030,1,0,0,0,0
31031,1,0,0,0,0
31032,1,0,0,0,0
31033,1,0,0,0,0
31034,1,0,0,0,0
31035,1,0,0,0,0
31036,1,0,0,0,0
31037,1,0,0,0,0
31038,1,0,0,0,0
31039,1,0,0,0,0
31040,1,0,0,0,0
31041,1,0,0,0,0
31042,1,0,0,0,0
31043,1,0,0,0,0
31044,1,0,0,0,0
31045,1,0,0,0,0
31046,1,0,0,0,0
31047,1,0,0,0,0
31048,1,0,0,0,0
31049,1,0,0,0,0
31050,1,0,0,0,0
31051,1,0,0,0,0
31052,1,0,0,0,0
31053,1,0,0,0,0
31054,1,0,0,0,0
31055,1,0,0,0,0
31056,1,0,0,0,0
31057,1,0,0,0,0
31058,1,0,0,0,0
31059,1,0,0,0,0
31060,1,0,0,0,0
31061,1,0,0,0,0
31062,1,0,0,0,0
31063,1,0,0,0,0
31064,1,0,0,0,0
31065,1,0,0,0,0
31066,1,0,0,0,0
31067,1,0,0,0,0
31068,1,0,0,0,0
31069,1,0,0,0,0
31070,1,0,0,0,0
31071,1,0,0,0,0
31072,1,0,0,0,0
31073,1,0,0,0,0
31074,1,0,0,0,0
31075,1,0,0,0,0
31076,1,0,0,0,0
31077,1,0,0,0,0
31078,1,0,0,0,0
31079,1,0,0,0,0
31080,1,0,0,0,0
31081,1,0,0,0,0
31082,1,0,0,0,0
31083,1,0,0,0,0
31084,1,0,0,0,0
31085,1,0,0,0,0
31086,1,0,0,0,0
31087,1,0,0,0,0
31088,1,0,0,0,0
31089,1,0,0,0,0
31090,1,0,0,0,0
31091,1,0,0,0,0
31092,1,0,0,0,0
31093,1,0,0,0,0
31094,1,0,0,0,0
31095,1,0,0,0,0
31096,1,0,0,0,0
31097,1,0,0,0,0
31098,1,0,0,0,0
31099,1,0,0,0,0
31100,1,0,0,0,0
31101,1,0,0,0,0
31102,1,0,0,0,0
31103,1,0,0,0,0
31104,1,0,0,0,0
31105,1,0,0,0,0
31106,1,0,0,0,0
31107,1,0,0,0,0
31108,1,0,0,0,0
31109,1,0,0,0,0
31110,1,0,0,0,0
31111,1,0,0,0,0
31112,1,0,0,0,0
31113,1,0,0,0,0
31114,1,0,0,0,0
31115,1,0,0,0,0
31116,1,0,0,0,0
31117,1,0,0,0,0
31118,1,0,0,0,0
31119,1,0,0,0,0
31120,1,0,0,0,0
31121,1,0,0,0,0
31122,1,0,0,0,0
31123,1,0,0,0,0
31124,1,0,0,0,0
31125,1,0,0,0,0
31126,1,0,0,0,0
31127,1,0,0,0,0
31128,1,0,0,0,0
31129,1,0,0,0,0
31130,1,0,0,0,0
31131,1,0,0,0,0
31132,1,0,0,0,0
31133,1,0,0,0,0
31134,1,0,0,0,0
31135,1,0,0,0,0
31136,1,0,0,0,0
31137,1,0,0,0,0
31138,1,0,0,0,0
31139,1,0,0,0,0
31140,1,0,0,0,0
31141,1,0,0,0,0
31142,1,0,0,0,0
31143,1,0,0,0,0
31144,1,0,0,0,0
31145,1,0,0,0,0
31146,1,0,0,0,0
31147,1,0,0,0,0
31148,1,0,0,0,0
31149,1,0,0,0,0
31150,1,0,0,0,0
31151,1,0,0,0,0
31152,1,0,0,0,0
31153,1,0,0,0,0
31154,1,0,0,0,0
31155,1,0,0,0,0
31156,1,0,0,0,0
31157,1,0,0,0,0
31158,1,0,0,0,0
31159,1,0,0,0,0
31160,1,0,0,0,0
31161,1,0,0,0,0
31162,1,0,0,0,0
31163,1,0,0,0,0
31164,1,0,0,0,0
31165,1,0,0,0,0
31166,1,0,0,0,0
31167,1,0,0,0,0
31168,1,0,0,0,0
31169,1,0,0,0,0
31170,1,0,0,0,0
31171,1,0,0,0,0
31172,1,0,0,0,0
31173,1,0,0,0,0
31174,1,0,0,0,0
31175,1,0,0,0,0
31176,1,0,0,0,0
31177,1,0,0,0,0
31178,1,0,0,0,0
31179,1,0,0,0,0
31180,1,0,0,0,0
31181,0,0,0,0,1
31182,0,0,0,0,1
31183,0,0,0,0,1
31184,0,0,0,0,1
31185,0,0,0,0,1
31186,0,0,0,0,1
31187,0,0,0,0,1
31188,0,0,0,0,1
31189,0,0,0,0,1
31190,0,0,0,0,1
31191,0,0,0,0,1
31192,0,0,0,0,1
31193,0,0,0,0,1
31194,0,0,0,0,1
31195,0,0,0,0,1
31196,0,0,0,0,1
31197,0,0,0,0,1
31198,0,0,0,0,1
31199,0,0,0,0,1
31200,0,0,0,0,1
31201,0,0,0,0,1
31202,0,0,0,0,1
31203,0,0,0,0,1
31204,0,0,0,0,1
31205,0,0,0,0,1
31206,0,0,0,0,1
31207,0,0,0,0,1
31208,0,0,0,0,1
31209,0,0,0,0,1
31210,0,0,0,0,1
31211,0,0,0,0,1
31212,1,0,0,0,0
31213,0,1,0,0,0
31214,0,1,0,0,0
31215,0,1,0,0,0
31216,0,1,0,0,0
31217,0,1,0,0,0
31218,0,1,0,0,0
31219,0,1,0,0,0
31220,0,1,0,0,0
31221,0,1,0,0,0
31222,0,1,0,0,0
31223,0,1,0,0,0
31224,0,1,0,0,0
31225,0,1,0,0,0
31226,0,1,0,0,0
31227,0,1,0,0,0
31228,0,1,0,0,0
31229,0,1,0,0,0
31230,0,1,0,0,0
31231,0,1,0,0,0
31232,0,1,0,0,0
31233,0,1,0,0,0
31234,0,1,0,0,0
31235,0,1,0,0,0
31236,0,1,0,0,0
31237,0,1,0,0,0
31238,0,1,0,0,0
31239,0,1,0,0,0
31240,0,1,0,0,0
31241,0,1,0,0,0
31242,0,1,0,0,0
31243,0,1,0,0,0
31244,0,1,0,0,0
31245,0,1,0,0,0
31246,0,1,0,0,0
31247,0,1,0,0,0
31248,0,1,0,0,0
31249,0,1,0,0,0
31250,0,1,0,0,0
31251,0,1,0,0,0
31252,0,1,0,0,0
31253,0,1,0,0,0
31254,0,1,0,0,0
31255,0,1,0,0,0
31256,0,1,0,0,0
31257,0,1,0,0,0
31258,0,1,0,0,0
31259,0,1,0,0,0
31260,0,1,0,0,0
31261,0,1,0,0,0
31262,0,1,0,0,0
31263,0,1,0,0,0
31264,0,1,0,0,0
31265,0,1,0,0,0
31266,0,1,0,0,0
31267,0,1,0,0,0
31268,0,1,0,0,0
31269,0,1,0,0,0
31270,0,1,0,0,0
31271,0,1,0,0,0
31272,0,1,0,0,0
31273,0,1,0,0,0
31274,0,1,0,0,0
31275,0,1,0,0,0
31276,0,1,0,0,0
31277,0,1,0,0,0
31278,0,1,0,0,0
31279,0,1,0,0,0
31280,0,1,0,0,0
31281,0,1,0,0,0
31282,0,1,0,0,0
31283,0,1,0,0,0
31284,0,1,0,0,0
31285,0,1,0,0,0
31286,0,1,0,0,0
31287,0,1,0,0,0
31288,0,1,0,0,0
31289,0,1,0,0,0
31290,0,1,0,0,0
31291,0,1,0,0,0
31292,0,1,0,0,0
31293,0,1,0,0,0
31294,0,1,0,0,0
31295,1,0,0,0,0
31296,1,0,0,0,0
31297,1,0,0,0,0
31298,1,0,0,0,0
31299,1,0,0,0,0
31300,1,0,0,0,0
31301,1,0,0,0,0
31302,1,0,0,0,0
31303,1,0,0,0,0
31304,1,0,0,0,0
31305,1,0,0,0,0
31306,1,0,0,0,0
31307,1,0,0,0,0
31308,1,0,0,0,0
31309,1,0,0,0,0
31310,1,0,0,0,0
31311,1,0,0,0,0
31312,1,0,0,0,0
31313,1,0,0,0,0
31314,1,0,0,0,0
31315,1,0,0,0,0
31316,1,0,0,0,0
31317,1,0,0,0,0
31318,1,0,0,0,0
31319,1,0,0,0,0
31320,1,0,0,0,0
31321,1,0,0,0,0
31322,1,0,0,0,0
31323,1,0,0,0,0
31324,1,0,0,0,0
31325,1,0,0,0,0
31326,1,0,0,0,0
31327,1,0,0,0,0
31328,1,0,0,0,0
31329,1,0,0,0,0
31330,1,0,0,0,0
31331,1,0,0,0,0
31332,1,0,0,0,0
31333,1,0,0,0,0
31334,1,0,0,0,0
31335,1,0,0,0,0
31336,1,0,0,0,0
31337,1,0,0,0,0
31338,1,0,0,0,0
31339,1,0,0,0,0
31340,1,0,0,0,0
31341,1,0,0,0,0
31342,1,0,0,0,0
31343,1,0,0,0,0
31344,1,0,0,0,0
31345,1,0,0,0,0
31346,1,0,0,0,0
31347,1,0,0,0,0
31348,1,0,0,0,0
31349,1,0,0,0,0
31350,1,0,0,0,0
31351,1,0,0,0,0
31352,1,0,0,0,0
31353,1,0,0,0,0
31354,1,0,0,0,0
31355,1,0,0,0,0
31356,1,0,0,0,0
31357,1,0,0,0,0
31358,1,0,0,0,0
31359,1,0,0,0,0
31360,1,0,0,0,0
31361,1,0,0,0,0
31362,1,0,0,0,0
31363,1,0,0,0,0
31364,1,0,0,0,0
31365,1,0,0,0,0
31366,1,0,0,0,0
31367,1,0,0,0,0
31368,1,0,0,0,0
31369,1,0,0,0,0
31370,1,0,0,0,0
31371,1,0,0,0,0
31372,1,0,0,0,0
31373,1,0,0,0,0
31374,1,0,0,0,0
31375,1,0,0,0,0
31376,1,0,0,0,0
31377,1,0,0,0,0
31378,1,0,0,0,0
31379,1,0,0,0,0
31380,1,0,0,0,0
31381,1,0,0,0,0
31382,1,0,0,0,0
31383,1,0,0,0,0
31384,1,0,0,0,0
31385,1,0,0,0,0
31386,1,0,0,0,0
31387,1,0,0,0,0
31388,1,0,0,0,0
31389,1,0,0,0,0
31390,1,0,0,0,0
31391,1,0,0,0,0
31392,1,0,0,0,0
31393,1,0,0,0,0
31394,1,0,0,0,0
31395,1,0,0,0,0
31396,1,0,0,0,0
31397,1,0,0,0,0
31398,1,0,0,0,0
31399,1,0,0,0,0
31400,1,0,0,0,0
31401,1,0,0,0,0
31402,1,0,0,0,0
31403,1,0,0,0,0
31404,1,0,0,0,0
31405,1,0,0,0,0
31406,1,0,0,0,0
31407,1,0,0,0,0
31408,1,0,0,0,0
31409,1,0,0,0,0
31410,1,0,0,0,0
31411,1,0,0,0,0
31412,1,0,0,0,0
31413,1,0,0,0,0
31414,1,0,0,0,0
31415,1,0,0,0,0
31416,1,0,0,0,0
31417,1,0,0,0,0
31418,1,0,0,0,0
31419,1,0,0,0,0
31420,1,0,0,0,0
31421,1,0,0,0,0
31422,1,0,0,0,0
31423,1,0,0,0,0
31424,1,0,0,0,0
31425,1,0,0,0,0
31426,1,0,0,0,0
31427,1,0,0,0,0
31428,1,0,0,0,0
31429,1,0,0,0,0
31430,1,0,0,0,0
31431,1,0,0,0,0
31432,1,0,0,0,0
31433,1,0,0,0,0
31434,1,0,0,0,0
31435,1,0,0,0,0
31436,1,0,0,0,0
31437,1,0,0,0,0
31438,1,0,0,0,0
31439,1,0,0,0,0
31440,1,0,0,0,0
31441,1,0,0,0,0
31442,1,0,0,0,0
31443,1,0,0,0,0
31444,1,0,0,0,0
31445,1,0,0,0,0
31446,1,0,0,0,0
31447,1,0,0,0,0
31448,1,0,0,0,0
31449,1,0,0,0,0
31450,1,0,0,0,0
31451,1,0,0,0,0
31452,1,0,0,0,0
31453,1,0,0,0,0
31454,1,0,0,0,0
31455,1,0,0,0,0
31456,1,0,0,0,0
31457,1,0,0,0,0
31458,1,0,0,0,0
31459,1,0,0,0,0
31460,1,0,0,0,0
31461,1,0,0,0,0
31462,1,0,0,0,0
31463,1,0,0,0,0
31464,1,0,0,0,0
31465,1,0,0,0,0
31466,1,0,0,0,0
31467,1,0,0,0,0
31468,1,0,0,0,0
31469,1,0,0,0,0
31470,1,0,0,0,0
31471,1,0,0,0,0
31472,1,0,0,0,0
31473,1,0,0,0,0
31474,1,0,0,0,0
31475,1,0,0,0,0
31476,1,0,0,0,0
31477,1,0,0,0,0
31478,1,0,0,0,0
31479,1,0,0,0,0
31480,1,0,0,0,0
31481,1,0,0,0,0
31482,1,0,0,0,0
31483,1,0,0,0,0
31484,1,0,0,0,0
31485,1,0,0,0,0
31486,0,0,0,0,1
31487,0,0,0,0,1
31488,0,0,0,0,1
31489,0,0,0,0,1
31490,0,0,0,0,1
31491,0,0,0,0,1
31492,0,0,0,0,1
31493,0,0,0,0,1
31494,0,0,0,0,1
31495,0,0,0,0,1
31496,0,0,0,0,1
31497,0,0,0,0,1
31498,0,0,0,0,1
31499,0,0,0,0,1
31500,0,0,0,0,1
31501,0,0,0,0,1
31502,0,0,0,0,1
31503,0,0,0,0,1
31504,0,0,0,0,1
31505,0,0,0,0,1
31506,0,0,0,0,1
31507,0,0,0,0,1
31508,0,0,0,0,1
31509,0,0,0,0,1
31510,0,0,0,0,1
31511,0,0,0,0,1
31512,0,0,0,0,1
31513,0,0,0,0,1
31514,0,0,0,0,1
31515,0,0,0,0,1
31516,1,0,0,0,0
31517,1,0,0,0,0
31518,1,0,0,0,0
31519,1,0,0,0,0
31520,1,0,0,0,0
31521,1,0,0,0,0
31522,1,0,0,0,0
31523,1,0,0,0,0
31524,1,0,0,0,0
31525,1,0,0,0,0
31526,1,0,0,0,0
31527,1,0,0,0,0
31528,1,0,0,0,0
31529,1,0,0,0,0
31530,1,0,0,0,0
31531,1,0,0,0,0
31532,1,0,0,0,0
31533,1,0,0,0,0
31534,1,0,0,0,0
31535,1,0,0,0,0
31536,1,0,0,0,0
31537,1,0,0,0,0
31538,1,0,0,0,0
31539,1,0,0,0,0
31540,1,0,0,0,0
31541,1,0,0,0,0
31542,1,0,0,0,0
31543,1,0,0,0,0
31544,1,0,0,0,0
31545,1,0,0,0,0
31546,1,0,0,0,0
31547,1,0,0,0,0
31548,1,0,0,0,0
31549,1,0,0,0,0
31550,1,0,0,0,0
31551,1,0,0,0,0
31552,1,0,0,0,0
31553,1,0,0,0,0
31554,1,0,0,0,0
31555,1,0,0,0,0
31556,1,0,0,0,0
31557,1,0,0,0,0
31558,1,0,0,0,0
31559,1,0,0,0,0
31560,1,0,0,0,0
31561,1,0,0,0,0
31562,1,0,0,0,0
31563,1,0,0,0,0
31564,1,0,0,0,0
31565,1,0,0,0,0
31566,1,0,0,0,0
31567,0,0,0,0,1
31568,0,0,0,0,1
31569,0,0,0,0,1
31570,0,0,0,0,1
31571,0,0,0,0,1
31572,0,0,0,0,1
31573,0,0,0,0,1
31574,0,0,0,0,1
31575,0,0,0,0,1
31576,0,0,0,0,1
31577,0,0,0,0,1
31578,0,0,0,0,1
31579,0,0,0,0,1
31580,0,0,0,0,1
31581,0,0,0,0,1
31582,0,0,0,0,1
31583,0,0,0,0,1
31584,0,0,0,0,1
31585,0,0,0,0,1
31586,0,0,0,0,1
31587,0,0,0,0,1
31588,0,0,0,0,1
31589,0,0,0,0,1
31590,0,0,0,0,1
31591,0,0,0,0,1
31592,0,0,0,0,1
31593,0,0,0,0,1
31594,0,0,0,0,1
31595,0,0,0,0,1
31596,0,0,0,0,1
31597,0,0,0,0,1
31598,0,0,0,0,1
31599,0,0,0,0,1
31600,0,0,0,0,1
31601,0,0,0,0,1
31602,0,0,0,0,1
31603,0,0,0,0,1
31604,0,0,0,0,1
31605,0,0,0,0,1
31606,0,0,0,0,1
31607,0,0,0,0,1
31608,0,0,0,0,1
31609,0,0,0,0,1
31610,0,0,0,0,1
31611,0,0,0,0,1
31612,0,0,0,0,1
31613,0,0,0,0,1
31614,0,0,0,0,1
31615,0,0,0,0,1
31616,0,0,0,0,1
31617,0,0,0,0,1
31618,0,0,0,0,1
31619,0,0,0,0,1
31620,0,0,0,0,1
31621,0,0,0,0,1
31622,0,0,0,0,1
31623,0,0,0,0,1
31624,0,0,0,0,1
31625,0,0,0,0,1
31626,0,0,0,0,1
31627,0,0,0,0,1
31628,0,0,0,0,1
31629,0,0,0,0,1
31630,0,0,0,0,1
31631,0,0,0,0,1
31632,0,0,0,0,1
31633,0,0,0,0,1
31634,0,0,0,0,1
31635,0,0,0,0,1
31636,0,0,0,0,1
31637,0,0,0,0,1
31638,0,0,0,0,1
31639,0,0,0,0,1
31640,0,0,0,0,1
31641,0,0,0,0,1
31642,0,0,0,0,1
31643,0,0,0,0,1
31644,0,0,0,0,1
31645,0,0,0,0,1
31646,0,0,0,0,1
31647,0,0,0,0,1
31648,0,0,0,0,1
31649,0,0,0,0,1
31650,0,0,0,0,1
31651,0,0,0,0,1
31652,0,0,0,0,1
31653,0,0,0,0,1
31654,0,0,0,0,1
31655,0,0,0,0,1
31656,0,0,0,0,1
31657,0,0,0,0,1
31658,0,0,0,0,1
31659,0,0,0,0,1
31660,0,0,0,0,1
31661,0,0,0,0,1
31662,0,0,0,0,1
31663,0,0,0,0,1
31664,0,0,0,0,1
31665,0,0,0,0,1
31666,0,0,0,0,1
31667,0,0,0,0,1
31668,0,0,0,0,1
31669,0,0,0,0,1
31670,0,0,0,0,1
31671,0,0,0,0,1
31672,0,0,0,0,1
31673,0,0,0,0,1
31674,0,0,0,0,1
31675,0,0,0,0,1
31676,0,0,0,0,1
31677,0,0,0,0,1
31678,0,0,0,0,1
31679,0,0,0,0,1
31680,0,0,0,0,1
31681,0,0,0,0,1
31682,0,0,0,0,1
31683,0,0,0,0,1
31684,0,0,0,0,1
31685,0,0,0,0,1
31686,0,0,0,0,1
31687,0,0,0,0,1
31688,0,0,0,0,1
31689,0,0,0,0,1
31690,0,0,0,0,1
31691,0,0,0,0,1
31692,0,0,0,0,1
31693,0,0,0,0,1
31694,0,0,0,0,1
31695,0,0,0,0,1
31696,0,0,0,0,1
31697,0,0,0,0,1
31698,0,0,0,0,1
31699,0,0,0,0,1
31700,0,0,0,0,1
31701,0,0,0,0,1
31702,0,0,0,0,1
31703,0,0,0,0,1
31704,0,0,0,0,1
31705,0,0,0,0,1
31706,0,0,0,0,1
31707,0,0,0,0,1
31708,0,0,0,0,1
31709,0,0,0,0,1
31710,0,0,0,0,1
31711,0,0,0,0,1
31712,0,0,0,0,1
31713,0,0,0,0,1
31714,0,0,0,0,1
31715,0,0,0,0,1
31716,0,0,0,0,1
31717,0,0,0,0,1
31718,0,0,0,0,1
31719,0,0,0,0,1
31720,0,0,0,0,1
31721,0,0,0,0,1
31722,0,0,0,0,1
31723,0,0,0,0,1
31724,0,0,0,0,1
31725,0,0,0,0,1
31726,0,0,0,0,1
31727,0,0,0,0,1
31728,0,0,0,0,1
31729,0,0,0,0,1
31730,0,0,0,0,1
31731,0,0,0,0,1
31732,0,0,0,0,1
31733,0,0,0,0,1
31734,0,0,0,0,1
31735,0,0,0,0,1
31736,0,0,0,0,1
31737,0,0,0,0,1
31738,0,0,0,0,1
31739,0,0,0,0,1
31740,0,0,0,0,1
31741,0,0,0,0,1
31742,0,0,0,0,1
31743,0,0,0,0,1
31744,0,0,0,0,1
31745,0,0,0,0,1
31746,0,0,0,0,1
31747,0,0,0,0,1
31748,0,0,0,0,1
31749,0,0,0,0,1
31750,0,0,0,0,1
31751,0,0,0,0,1
31752,0,0,0,0,1
31753,0,0,0,0,1
31754,0,0,0,0,1
31755,0,0,0,0,1
31756,0,0,0,0,1
31757,0,0,0,0,1
31758,0,0,0,0,1
31759,0,0,0,0,1
31760,0,0,0,0,1
31761,0,0,0,0,1
31762,0,0,0,0,1
31763,0,0,0,0,1
31764,0,0,0,0,1
31765,0,0,0,0,1
31766,0,0,0,0,1
31767,0,0,0,0,1
31768,0,0,0,0,1
31769,0,0,0,0,1
31770,0,0,0,0,1
31771,0,0,0,0,1
31772,0,0,0,0,1
31773,0,0,0,0,1
31774,0,0,0,0,1
31775,0,0,0,0,1
31776,0,0,0,0,1
31777,0,0,0,0,1
31778,0,0,0,0,1
31779,0,0,0,0,1
31780,0,0,0,0,1
31781,0,0,0,0,1
31782,0,0,0,0,1
31783,0,0,0,0,1
31784,0,0,0,0,1
31785,0,0,0,0,1
31786,0,0,0,0,1
31787,0,0,0,0,1
31788,0,0,0,0,1
31789,0,0,0,0,1
31790,0,0,0,0,1
31791,0,0,0,0,1
31792,0,0,0,0,1
31793,0,0,0,0,1
31794,0,0,0,0,1
31795,0,0,0,0,1
31796,0,0,0,0,1
31797,0,0,0,0,1
31798,0,0,0,0,1
31799,0,0,0,0,1
31800,0,0,0,0,1
31801,0,0,0,0,1
31802,0,0,0,0,1
31803,0,0,0,0,1
31804,0,0,0,0,1
31805,0,0,0,0,1
31806,0,0,0,0,1
31807,0,0,0,0,1
31808,0,0,0,0,1
31809,0,0,0,0,1
31810,0,0,0,0,1
31811,0,0,0,0,1
31812,0,0,0,0,1
31813,0,0,0,0,1
31814,0,0,0,0,1
31815,0,0,0,0,1
31816,0,0,0,0,1
31817,0,0,0,0,1
31818,0,0,0,0,1
31819,0,0,0,0,1
31820,0,0,0,0,1
31821,0,0,0,0,1
31822,0,0,0,0,1
31823,0,0,0,0,1
31824,0,0,0,0,1
31825,0,0,0,0,1
31826,0,0,0,0,1
31827,0,0,0,0,1
31828,0,0,0,0,1
31829,0,0,0,0,1
31830,0,0,0,0,1
31831,0,0,0,0,1
31832,0,0,0,0,1
31833,0,0,0,0,1
31834,0,0,0,0,1
31835,0,0,0,0,1
31836,0,0,0,0,1
31837,0,0,0,0,1
31838,0,0,0,0,1
31839,0,0,0,0,1
31840,0,0,0,0,1
31841,0,0,0,0,1
31842,0,0,0,0,1
31843,0,0,0,0,1
31844,0,0,0,0,1
31845,0,0,0,0,1
31846,0,0,0,0,1
31847,0,0,0,0,1
31848,0,0,0,0,1
31849,0,0,0,0,1
31850,0,0,0,0,1
31851,0,0,0,0,1
31852,0,0,0,0,1
31853,0,0,0,0,1
31854,0,0,0,0,1
31855,0,0,0,0,1
31856,0,0,0,0,1
31857,0,0,0,0,1
31858,0,0,0,0,1
31859,0,0,0,0,1
31860,0,0,0,0,1
31861,0,0,0,0,1
31862,0,0,0,0,1
31863,0,0,0,0,1
31864,0,0,0,0,1
31865,0,0,0,0,1
31866,0,0,0,0,1
31867,0,0,0,0,1
31868,0,0,0,0,1
31869,0,0,0,0,1
31870,0,0,0,0,1
31871,0,0,0,0,1
31872,0,0,0,0,1
31873,0,0,0,0,1
31874,0,0,0,0,1
31875,0,0,0,0,1
31876,0,0,0,0,1
31877,0,0,0,0,1
31878,0,0,0,0,1
31879,0,0,0,0,1
31880,0,0,0,0,1
31881,0,0,0,0,1
31882,0,0,0,0,1
31883,0,0,0,0,1
31884,0,0,0,0,1
31885,0,0,0,0,1
31886,0,0,0,0,1
31887,0,0,0,0,1
31888,0,0,0,0,1
31889,0,0,0,0,1
31890,0,0,0,0,1
31891,0,0,0,0,1
31892,0,0,0,0,1
31893,0,0,0,0,1
31894,0,0,0,0,1
31895,0,0,0,0,1
31896,0,0,0,0,1
31897,0,0,0,0,1
31898,0,0,0,0,1
31899,0,0,0,0,1
31900,0,0,0,0,1
31901,0,0,0,0,1
31902,0,0,0,0,1
31903,0,0,0,0,1
31904,0,0,0,0,1
31905,0,0,0,0,1
31906,0,0,0,0,1
31907,0,0,0,0,1
31908,0,0,0,0,1
31909,0,0,0,0,1
31910,0,0,0,0,1
31911,0,0,0,0,1
31912,0,0,0,0,1
31913,0,0,0,0,1
31914,0,0,0,0,1
31915,0,0,0,0,1
31916,0,0,0,0,1
31917,0,0,0,0,1
31918,0,0,0,0,1
31919,0,0,0,0,1
31920,0,0,0,0,1
31921,0,0,0,0,1
31922,0,0,0,0,1
31923,0,0,0,0,1
31924,0,0,0,0,1
31925,0,0,0,0,1
31926,0,0,0,0,1
31927,0,0,0,0,1
31928,0,0,0,0,1
31929,0,0,0,0,1
31930,0,0,0,0,1
31931,0,0,0,0,1
31932,0,0,0,0,1
31933,0,0,0,0,1
31934,0,0,0,0,1
31935,0,0,0,0,1
31936,0,0,0,0,1
31937,0,0,0,0,1
31938,0,0,0,0,1
31939,0,0,0,0,1
31940,0,0,0,0,1
31941,0,0,0,0,1
31942,0,0,0,0,1
31943,0,0,0,0,1
31944,0,0,0,0,1
31945,0,0,0,0,1
31946,0,0,0,0,1
31947,0,0,0,0,1
31948,0,0,0,0,1
31949,0,0,0,0,1
31950,0,0,0,0,1
31951,0,0,0,0,1
31952,0,0,0,0,1
31953,0,0,0,0,1
31954,0,0,0,0,1
31955,0,0,0,0,1
31956,0,0,0,0,1
31957,0,0,0,0,1
31958,0,0,0,0,1
31959,0,0,0,0,1
31960,0,0,0,0,1
31961,0,0,0,0,1
31962,0,0,0,0,1
31963,0,0,0,0,1
31964,0,0,0,0,1
31965,0,0,0,0,1
31966,0,0,0,0,1
31967,0,0,0,0,1
31968,0,0,0,0,1
31969,0,0,0,0,1
31970,0,0,0,0,1
31971,0,0,0,0,1
31972,0,0,0,0,1
31973,0,0,0,0,1
31974,0,0,0,0,1
31975,0,0,0,0,1
31976,0,0,0,0,1
31977,0,0,0,0,1
31978,0,0,0,0,1
31979,0,0,0,0,1
31980,0,0,0,0,1
31981,0,0,0,0,1
31982,0,0,0,0,1
31983,0,0,0,0,1
31984,0,0,0,0,1
31985,0,0,0,0,1
31986,0,0,0,0,1
31987,0,0,0,0,1
31988,0,0,0,0,1
31989,0,0,0,0,1
31990,0,0,0,0,1
31991,0,0,0,0,1
31992,0,0,0,0,1
31993,0,0,0,0,1
31994,0,0,0,0,1
31995,0,0,0,0,1
31996,0,0,0,0,1
31997,0,0,0,0,1
31998,0,0,0,0,1
31999,0,0,0,0,1
32000,0,0,0,0,1
32001,0,0,0,0,1
32002,0,0,0,0,1
32003,0,0,0,0,1
32004,0,0,0,0,1
32005,0,0,0,0,1
32006,0,0,0,0,1
32007,0,0,0,0,1
32008,0,0,0,0,1
32009,0,0,0,0,1
32010,0,0,0,0,1
32011,0,0,0,0,1
32012,0,0,0,0,1
32013,0,0,0,0,1
32014,0,0,0,0,1
32015,0,0,0,0,1
32016,0,0,0,0,1
32017,0,0,0,0,1
32018,0,0,0,0,1
32019,0,0,0,0,1
32020,0,0,0,0,1
32021,0,0,0,0,1
32022,0,0,0,0,1
32023,0,0,0,0,1
32024,0,0,0,0,1
32025,0,0,0,0,1
32026,0,0,0,0,1
32027,0,0,0,0,1
32028,0,0,0,0,1
32029,0,0,0,0,1
32030,0,0,0,0,1
32031,0,0,0,0,1
32032,0,0,0,0,1
32033,0,0,0,0,1
32034,0,0,0,0,1
32035,0,0,0,0,1
32036,0,0,0,0,1
32037,0,0,0,0,1
32038,0,0,0,0,1
32039,0,0,0,0,1
32040,0,0,0,0,1
32041,0,0,0,0,1
32042,0,0,0,0,1
32043,0,0,0,0,1
32044,0,0,0,0,1
32045,0,0,0,0,1
32046,0,0,0,0,1
32047,0,0,1,0,0
32048,0,0,1,0,0
32049,0,0,1,0,0
32050,0,0,1,0,0
32051,0,0,1,0,0
32052,0,0,1,0,0
32053,0,0,1,0,0
32054,0,0,1,0,0
32055,0,0,1,0,0
32056,0,0,1,0,0
32057,0,0,1,0,0
32058,0,0,1,0,0
32059,0,0,1,0,0
32060,0,0,1,0,0
32061,0,0,1,0,0
32062,0,0,1,0,0
32063,0,0,1,0,0
32064,0,0,1,0,0
32065,0,0,1,0,0
32066,0,0,1,0,0
32067,0,0,1,0,0
32068,0,0,1,0,0
32069,0,0,1,0,0
32070,0,0,1,0,0
32071,0,0,1,0,0
32072,0,0,1,0,0
32073,0,0,1,0,0
32074,0,0,0,0,1
32075,0,0,0,0,1
32076,0,0,0,0,1
32077,0,0,0,0,1
32078,0,0,0,0,1
32079,0,0,0,0,1
32080,0,0,0,0,1
32081,0,0,0,0,1
32082,0,0,0,0,1
32083,0,0,0,0,1
32084,0,0,0,0,1
32085,0,0,0,0,1
32086,0,0,0,0,1
32087,0,0,0,0,1
32088,0,0,0,0,1
32089,0,0,0,0,1
32090,0,0,0,0,1
32091,0,0,0,0,1
32092,0,0,0,0,1
32093,0,0,0,0,1
32094,0,0,0,0,1
32095,0,0,0,0,1
32096,0,0,0,0,1
32097,0,0,0,0,1
32098,0,0,0,0,1
32099,0,0,0,0,1
32100,0,0,0,0,1
32101,0,0,0,0,1
32102,0,0,0,0,1
32103,0,0,0,0,1
32104,0,0,0,0,1
32105,0,0,0,0,1
32106,0,0,0,0,1
32107,0,0,0,0,1
32108,0,0,0,0,1
32109,0,0,0,0,1
32110,0,0,0,0,1
32111,0,0,0,0,1
32112,0,0,0,0,1
32113,0,0,0,0,1
32114,0,0,0,0,1
32115,0,0,0,0,1
32116,0,0,0,0,1
32117,1,0,0,0,0
32118,1,0,0,0,0
32119,1,0,0,0,0
32120,1,0,0,0,0
32121,1,0,0,0,0
32122,1,0,0,0,0
32123,1,0,0,0,0
32124,1,0,0,0,0
32125,1,0,0,0,0
32126,1,0,0,0,0
32127,1,0,0,0,0
32128,1,0,0,0,0
32129,1,0,0,0,0
32130,1,0,0,0,0
32131,1,0,0,0,0
32132,1,0,0,0,0
32133,1,0,0,0,0
32134,1,0,0,0,0
32135,1,0,0,0,0
32136,1,0,0,0,0
32137,1,0,0,0,0
32138,1,0,0,0,0
32139,1,0,0,0,0
32140,1,0,0,0,0
32141,1,0,0,0,0
32142,1,0,0,0,0
32143,1,0,0,0,0
32144,1,0,0,0,0
32145,1,0,0,0,0
32146,1,0,0,0,0
32147,1,0,0,0,0
32148,1,0,0,0,0
32149,1,0,0,0,0
32150,1,0,0,0,0
32151,1,0,0,0,0
32152,1,0,0,0,0
32153,1,0,0,0,0
32154,1,0,0,0,0
32155,1,0,0,0,0
32156,1,0,0,0,0
32157,1,0,0,0,0
32158,1,0,0,0,0
32159,1,0,0,0,0
32160,1,0,0,0,0
32161,1,0,0,0,0
32162,1,0,0,0,0
32163,0,0,0,0,1
32164,0,0,0,0,1
32165,0,0,0,0,1
32166,0,0,0,0,1
32167,0,0,0,0,1
32168,0,0,0,0,1
32169,0,0,0,0,1
32170,0,0,0,0,1
32171,0,0,0,0,1
32172,0,0,0,0,1
32173,0,0,0,0,1
32174,0,0,0,0,1
32175,0,0,0,0,1
32176,0,0,0,0,1
32177,0,0,0,0,1
32178,0,0,0,0,1
32179,0,0,0,0,1
32180,0,0,0,0,1
32181,0,0,0,0,1
32182,0,0,0,0,1
32183,0,0,0,0,1
32184,0,0,0,0,1
32185,0,0,0,0,1
32186,0,0,0,0,1
32187,0,0,0,0,1
32188,0,0,0,0,1
32189,0,0,0,0,1
32190,0,0,0,0,1
32191,0,0,0,0,1
32192,0,0,0,0,1
32193,0,0,0,0,1
32194,0,0,0,0,1
32195,0,0,0,0,1
32196,0,0,0,0,1
32197,0,0,0,0,1
32198,0,0,0,0,1
32199,0,0,0,0,1
32200,0,0,0,0,1
32201,0,0,0,0,1
32202,0,0,0,0,1
32203,0,0,0,0,1
32204,0,0,0,0,1
32205,0,0,0,0,1
32206,0,0,0,0,1
32207,0,0,0,0,1
32208,0,0,0,0,1
32209,0,0,0,0,1
32210,0,0,0,0,1
32211,0,0,0,0,1
32212,0,0,0,0,1
32213,0,0,0,0,1
32214,0,0,0,0,1
32215,0,0,0,0,1
32216,0,0,0,0,1
32217,0,0,0,0,1
32218,0,0,0,0,1
32219,0,0,0,0,1
32220,0,0,0,0,1
32221,0,0,0,0,1
32222,0,0,0,0,1
32223,0,0,0,0,1
32224,0,0,0,0,1
32225,0,0,0,0,1
32226,0,0,0,0,1
32227,0,0,0,0,1
32228,0,0,0,0,1
32229,0,0,0,0,1
32230,0,0,0,0,1
32231,0,0,0,0,1
32232,0,0,0,0,1
32233,0,0,0,0,1
32234,0,0,0,0,1
32235,0,0,0,0,1
32236,0,0,0,0,1
32237,0,0,0,0,1
32238,0,0,0,0,1
32239,0,0,0,0,1
32240,0,0,0,0,1
32241,0,0,0,0,1
32242,0,0,0,0,1
32243,0,0,0,0,1
32244,0,0,0,0,1
32245,0,0,0,0,1
32246,0,0,0,0,1
32247,0,0,0,0,1
32248,0,0,0,0,1
32249,0,0,0,0,1
32250,0,0,0,0,1
32251,0,0,0,0,1
32252,0,0,0,0,1
32253,0,0,0,0,1
32254,0,0,0,0,1
32255,0,0,0,0,1
32256,0,0,0,0,1
32257,0,0,0,0,1
32258,0,0,0,0,1
32259,0,0,0,0,1
32260,0,0,0,0,1
32261,0,0,0,0,1
32262,0,0,0,0,1
32263,0,0,0,0,1
32264,0,0,0,0,1
32265,0,0,0,0,1
32266,1,0,0,0,0
32267,1,0,0,0,0
32268,1,0,0,0,0
32269,1,0,0,0,0
32270,1,0,0,0,0
32271,1,0,0,0,0
32272,1,0,0,0,0
32273,1,0,0,0,0
32274,1,0,0,0,0
32275,1,0,0,0,0
32276,1,0,0,0,0
32277,1,0,0,0,0
32278,1,0,0,0,0
32279,1,0,0,0,0
32280,1,0,0,0,0
32281,1,0,0,0,0
32282,1,0,0,0,0
32283,1,0,0,0,0
32284,1,0,0,0,0
32285,1,0,0,0,0
32286,1,0,0,0,0
32287,1,0,0,0,0
32288,1,0,0,0,0
32289,1,0,0,0,0
32290,0,0,0,0,1
32291,0,0,0,0,1
32292,0,0,0,0,1
32293,0,0,0,0,1
32294,0,0,0,0,1
32295,0,0,0,0,1
32296,0,0,0,0,1
32297,0,0,0,0,1
32298,0,0,0,0,1
32299,0,0,0,0,1
32300,0,0,0,0,1
32301,0,0,0,0,1
32302,0,0,0,0,1
32303,0,0,0,0,1
32304,0,0,0,0,1
32305,0,0,0,0,1
32306,0,0,0,0,1
32307,0,0,0,0,1
32308,0,0,0,0,1
32309,0,0,0,0,1
32310,0,0,0,0,1
32311,0,0,0,0,1
32312,0,0,0,0,1
32313,0,0,0,0,1
32314,0,0,0,0,1
32315,0,0,0,0,1
32316,0,0,0,0,1
32317,0,0,0,0,1
32318,0,0,0,0,1
32319,0,0,0,0,1
32320,0,0,0,0,1
32321,0,0,0,0,1
32322,0,0,0,0,1
32323,0,0,0,0,1
32324,0,0,0,0,1
32325,0,0,0,0,1
32326,0,0,0,0,1
32327,0,0,0,0,1
32328,0,0,0,0,1
32329,0,0,0,0,1
32330,0,0,0,0,1
32331,0,0,0,0,1
32332,0,0,0,0,1
32333,0,0,0,0,1
32334,0,0,0,0,1
32335,0,0,0,0,1
32336,0,0,0,0,1
32337,1,0,0,0,0
32338,1,0,0,0,0
32339,1,0,0,0,0
32340,1,0,0,0,0
32341,1,0,0,0,0
32342,1,0,0,0,0
32343,1,0,0,0,0
32344,1,0,0,0,0
32345,1,0,0,0,0
32346,1,0,0,0,0
32347,1,0,0,0,0
32348,1,0,0,0,0
32349,1,0,0,0,0
32350,1,0,0,0,0
32351,0,0,0,0,1
32352,0,0,0,0,1
32353,0,0,0,0,1
32354,0,0,0,0,1
32355,0,0,0,0,1
32356,0,0,0,0,1
32357,0,0,0,0,1
32358,0,0,0,0,1
32359,0,0,0,0,1
32360,0,0,0,0,1
32361,0,0,0,0,1
32362,0,0,0,0,1
32363,0,0,0,0,1
32364,0,0,0,0,1
32365,0,0,0,0,1
32366,0,0,0,0,1
32367,0,0,0,0,1
32368,0,0,0,0,1
32369,0,0,0,0,1
32370,0,0,0,0,1
32371,0,0,0,0,1
32372,0,0,0,0,1
32373,0,0,0,0,1
32374,0,0,0,0,1
32375,0,0,0,0,1
32376,0,0,0,0,1
32377,0,0,0,0,1
32378,0,0,0,0,1
32379,0,0,0,0,1
32380,0,0,0,0,1
32381,1,0,0,0,0
32382,1,0,0,0,0
32383,1,0,0,0,0
32384,1,0,0,0,0
32385,1,0,0,0,0
32386,1,0,0,0,0
32387,1,0,0,0,0
32388,1,0,0,0,0
32389,1,0,0,0,0
32390,1,0,0,0,0
32391,1,0,0,0,0
32392,1,0,0,0,0
32393,1,0,0,0,0
32394,0,0,0,0,1
32395,0,0,0,0,1
32396,0,0,0,0,1
32397,0,0,0,0,1
32398,0,0,0,0,1
32399,0,0,0,0,1
32400,0,0,0,0,1
32401,0,0,0,0,1
32402,0,0,0,0,1
32403,0,0,0,0,1
32404,0,0,0,0,1
32405,0,0,0,0,1
32406,0,0,0,0,1
32407,0,0,0,0,1
32408,0,0,0,0,1
32409,0,0,0,0,1
32410,0,0,0,0,1
32411,0,0,0,0,1
32412,0,0,0,0,1
32413,0,0,0,0,1
32414,0,0,0,0,1
32415,0,0,0,0,1
32416,0,0,0,0,1
32417,0,0,0,0,1
32418,0,0,0,0,1
32419,0,0,0,0,1
32420,0,0,0,0,1
32421,0,0,0,0,1
32422,0,0,0,0,1
32423,0,0,0,0,1
32424,0,0,0,0,1
32425,0,0,0,0,1
32426,0,0,0,0,1
32427,0,0,0,0,1
32428,0,0,0,0,1
32429,0,0,0,0,1
32430,0,0,0,0,1
32431,0,0,0,0,1
32432,0,0,0,0,1
32433,0,0,0,0,1
32434,0,0,0,0,1
32435,0,0,0,0,1
32436,0,0,0,0,1
32437,0,0,0,0,1
32438,0,0,0,0,1
32439,0,0,0,0,1
32440,0,0,0,0,1
32441,0,0,0,0,1
32442,0,0,0,0,1
32443,0,0,0,0,1
32444,0,0,0,0,1
32445,0,0,0,0,1
32446,0,0,0,0,1
32447,0,0,0,0,1
32448,0,0,0,0,1
32449,0,0,0,0,1
32450,0,0,0,0,1
32451,0,0,0,0,1
32452,0,0,0,0,1
32453,0,0,0,0,1
32454,0,0,0,0,1
32455,0,0,0,0,1
32456,0,0,0,0,1
32457,0,0,0,0,1
32458,0,0,0,0,1
32459,0,0,0,0,1
32460,0,0,0,0,1
32461,0,0,0,0,1
32462,0,0,0,0,1
32463,0,0,0,0,1
32464,0,0,0,0,1
32465,0,0,0,0,1
32466,0,0,0,0,1
32467,0,0,0,0,1
32468,0,0,0,0,1
32469,0,0,0,0,1
32470,0,0,0,0,1
32471,0,0,0,0,1
32472,0,0,0,0,1
32473,0,0,0,0,1
32474,0,0,0,0,1
32475,0,0,0,0,1
32476,0,0,0,0,1
32477,0,0,0,0,1
32478,0,0,0,0,1
32479,0,0,0,0,1
32480,0,0,0,0,1
32481,0,0,0,0,1
32482,0,0,0,0,1
32483,0,0,0,0,1
32484,0,0,0,0,1
32485,0,0,0,0,1
32486,0,0,0,0,1
32487,0,0,0,0,1
32488,0,0,0,0,1
32489,0,0,0,0,1
32490,0,0,0,0,1
32491,0,0,0,0,1
32492,0,0,0,0,1
32493,0,0,0,0,1
32494,0,0,0,0,1
32495,0,0,0,0,1
32496,0,0,0,0,1
32497,0,0,0,0,1
32498,0,0,0,0,1
32499,0,0,0,0,1
32500,0,0,0,0,1
32501,0,0,0,0,1
32502,0,0,0,0,1
32503,0,0,0,0,1
32504,0,0,0,0,1
32505,0,0,0,0,1
32506,0,0,0,0,1
32507,0,0,0,0,1
32508,0,0,0,0,1
32509,0,0,0,0,1
32510,0,0,0,0,1
32511,0,0,0,0,1
32512,0,0,0,0,1
32513,0,0,0,0,1
32514,0,0,0,0,1
32515,0,0,0,0,1
32516,0,0,0,0,1
32517,0,0,0,0,1
32518,0,0,0,0,1
32519,0,0,0,0,1
32520,0,0,0,0,1
32521,0,0,0,0,1
32522,0,0,0,0,1
32523,0,0,0,0,1
32524,0,0,0,0,1
32525,0,0,0,0,1
32526,0,0,0,0,1
32527,0,0,0,0,1
32528,0,0,0,0,1
32529,0,0,0,0,1
32530,0,0,0,0,1
32531,0,0,0,0,1
32532,0,0,0,0,1
32533,0,0,0,0,1
32534,0,0,0,0,1
32535,0,0,0,0,1
32536,0,0,0,0,1
32537,0,0,0,0,1
32538,0,0,0,0,1
32539,0,0,0,0,1
32540,0,0,0,0,1
32541,1,0,0,0,0
32542,1,0,0,0,0
32543,1,0,0,0,0
32544,1,0,0,0,0
32545,1,0,0,0,0
32546,1,0,0,0,0
32547,1,0,0,0,0
32548,1,0,0,0,0
32549,1,0,0,0,0
32550,1,0,0,0,0
32551,1,0,0,0,0
32552,1,0,0,0,0
32553,1,0,0,0,0
32554,1,0,0,0,0
32555,1,0,0,0,0
32556,1,0,0,0,0
32557,1,0,0,0,0
32558,1,0,0,0,0
32559,1,0,0,0,0
32560,1,0,0,0,0
32561,1,0,0,0,0
32562,1,0,0,0,0
32563,1,0,0,0,0
32564,1,0,0,0,0
32565,1,0,0,0,0
32566,1,0,0,0,0
32567,1,0,0,0,0
32568,1,0,0,0,0
32569,1,0,0,0,0
32570,1,0,0,0,0
32571,1,0,0,0,0
32572,1,0,0,0,0
32573,1,0,0,0,0
32574,1,0,0,0,0
32575,1,0,0,0,0
32576,1,0,0,0,0
32577,1,0,0,0,0
32578,1,0,0,0,0
32579,1,0,0,0,0
32580,1,0,0,0,0
32581,1,0,0,0,0
32582,1,0,0,0,0
32583,1,0,0,0,0
32584,1,0,0,0,0
32585,1,0,0,0,0
32586,1,0,0,0,0
32587,1,0,0,0,0
32588,1,0,0,0,0
32589,1,0,0,0,0
32590,1,0,0,0,0
32591,0,0,0,0,1
32592,0,0,0,0,1
32593,0,0,0,0,1
32594,0,0,0,0,1
32595,0,0,0,0,1
32596,0,0,0,0,1
32597,0,0,0,0,1
32598,0,0,0,0,1
32599,0,0,0,0,1
32600,0,0,0,0,1
32601,0,0,0,0,1
32602,0,0,0,0,1
32603,0,0,0,0,1
32604,0,0,0,0,1
32605,0,0,0,0,1
32606,0,0,0,0,1
32607,0,0,0,0,1
32608,0,0,0,0,1
32609,0,0,0,0,1
32610,0,0,0,0,1
32611,0,0,0,0,1
32612,0,0,0,0,1
32613,0,0,0,0,1
32614,0,0,0,0,1
32615,0,0,0,0,1
32616,0,0,0,0,1
32617,0,0,0,0,1
32618,0,0,0,0,1
32619,0,0,0,0,1
32620,0,0,0,0,1
32621,0,0,0,0,1
32622,0,0,0,0,1
32623,0,0,0,0,1
32624,0,0,0,0,1
32625,0,0,0,0,1
32626,0,0,0,0,1
32627,0,0,0,0,1
32628,0,0,0,0,1
32629,0,0,0,0,1
32630,0,0,0,0,1
32631,0,0,0,0,1
32632,0,0,0,0,1
32633,0,0,0,0,1
32634,0,0,0,0,1
32635,1,0,0,0,0
32636,1,0,0,0,0
32637,1,0,0,0,0
32638,1,0,0,0,0
32639,1,0,0,0,0
32640,1,0,0,0,0
32641,1,0,0,0,0
32642,1,0,0,0,0
32643,1,0,0,0,0
32644,1,0,0,0,0
32645,1,0,0,0,0
32646,1,0,0,0,0
32647,1,0,0,0,0
32648,1,0,0,0,0
32649,1,0,0,0,0
32650,1,0,0,0,0
32651,1,0,0,0,0
32652,1,0,0,0,0
32653,1,0,0,0,0
32654,1,0,0,0,0
32655,1,0,0,0,0
32656,1,0,0,0,0
32657,1,0,0,0,0
32658,1,0,0,0,0
32659,1,0,0,0,0
32660,1,0,0,0,0
32661,1,0,0,0,0
32662,1,0,0,0,0
32663,1,0,0,0,0
32664,1,0,0,0,0
32665,1,0,0,0,0
32666,1,0,0,0,0
32667,1,0,0,0,0
32668,1,0,0,0,0
32669,1,0,0,0,0
32670,1,0,0,0,0
32671,1,0,0,0,0
32672,1,0,0,0,0
32673,1,0,0,0,0
32674,1,0,0,0,0
32675,1,0,0,0,0
32676,1,0,0,0,0
32677,1,0,0,0,0
32678,1,0,0,0,0
32679,1,0,0,0,0
32680,1,0,0,0,0
32681,1,0,0,0,0
32682,1,0,0,0,0
32683,1,0,0,0,0
32684,1,0,0,0,0
32685,1,0,0,0,0
32686,1,0,0,0,0
32687,1,0,0,0,0
32688,1,0,0,0,0
32689,1,0,0,0,0
32690,1,0,0,0,0
32691,1,0,0,0,0
32692,1,0,0,0,0
32693,1,0,0,0,0
32694,1,0,0,0,0
32695,1,0,0,0,0
32696,1,0,0,0,0
32697,1,0,0,0,0
32698,1,0,0,0,0
32699,1,0,0,0,0
32700,1,0,0,0,0
32701,1,0,0,0,0
32702,1,0,0,0,0
32703,1,0,0,0,0
32704,1,0,0,0,0
32705,1,0,0,0,0
32706,1,0,0,0,0
32707,1,0,0,0,0
32708,1,0,0,0,0
32709,1,0,0,0,0
32710,1,0,0,0,0
32711,1,0,0,0,0
32712,1,0,0,0,0
32713,1,0,0,0,0
32714,1,0,0,0,0
32715,1,0,0,0,0
32716,1,0,0,0,0
32717,1,0,0,0,0
32718,1,0,0,0,0
32719,1,0,0,0,0
32720,1,0,0,0,0
32721,1,0,0,0,0
32722,1,0,0,0,0
32723,1,0,0,0,0
32724,1,0,0,0,0
32725,1,0,0,0,0
32726,1,0,0,0,0
32727,1,0,0,0,0
32728,1,0,0,0,0
32729,1,0,0,0,0
32730,1,0,0,0,0
32731,1,0,0,0,0
32732,1,0,0,0,0
32733,1,0,0,0,0
32734,1,0,0,0,0
32735,1,0,0,0,0
32736,1,0,0,0,0
32737,1,0,0,0,0
32738,1,0,0,0,0
32739,1,0,0,0,0
32740,1,0,0,0,0
32741,1,0,0,0,0
32742,1,0,0,0,0
32743,1,0,0,0,0
32744,1,0,0,0,0
32745,1,0,0,0,0
32746,1,0,0,0,0
32747,1,0,0,0,0
32748,1,0,0,0,0
32749,1,0,0,0,0
32750,1,0,0,0,0
32751,1,0,0,0,0
32752,1,0,0,0,0
32753,1,0,0,0,0
32754,1,0,0,0,0
32755,1,0,0,0,0
32756,1,0,0,0,0
32757,1,0,0,0,0
32758,1,0,0,0,0
32759,1,0,0,0,0
32760,1,0,0,0,0
32761,1,0,0,0,0
32762,1,0,0,0,0
32763,0,0,0,0,1
32764,0,0,0,0,1
32765,0,0,0,0,1
32766,0,0,0,0,1
32767,0,0,0,0,1
32768,0,0,0,0,1
32769,0,0,0,0,1
32770,0,0,0,0,1
32771,0,0,0,0,1
32772,0,0,0,0,1
32773,0,0,0,0,1
32774,0,0,0,0,1
32775,0,0,0,0,1
32776,0,0,0,0,1
32777,0,0,0,0,1
32778,0,0,0,0,1
32779,0,0,0,0,1
32780,0,0,0,0,1
32781,0,0,0,0,1
32782,0,0,0,0,1
32783,0,0,0,0,1
32784,0,0,0,0,1
32785,0,0,0,0,1
32786,0,0,0,0,1
32787,0,0,0,0,1
32788,0,0,0,0,1
32789,0,0,0,0,1
32790,0,0,0,0,1
32791,0,0,0,0,1
32792,0,0,0,0,1
32793,0,0,0,0,1
32794,0,0,0,0,1
32795,0,0,0,0,1
32796,0,0,0,0,1
32797,0,0,0,0,1
32798,0,0,0,0,1
32799,0,0,0,0,1
32800,0,0,0,0,1
32801,0,0,0,0,1
32802,0,0,0,0,1
32803,0,0,0,0,1
32804,0,0,0,0,1
32805,0,0,0,0,1
32806,0,0,0,0,1
32807,0,0,0,0,1
32808,0,0,0,0,1
32809,0,0,0,0,1
32810,0,0,0,0,1
32811,0,0,0,0,1
32812,0,0,0,0,1
32813,0,0,0,0,1
32814,0,0,0,0,1
32815,0,0,0,0,1
32816,0,0,0,0,1
32817,0,0,0,0,1
32818,0,0,0,0,1
32819,0,0,0,0,1
32820,0,0,0,0,1
32821,0,0,0,0,1
32822,0,0,0,0,1
32823,0,0,0,0,1
32824,0,0,0,0,1
32825,0,0,0,0,1
32826,0,0,0,0,1
32827,0,0,0,0,1
32828,0,0,0,0,1
32829,0,0,0,0,1
32830,0,0,0,0,1
32831,0,0,0,0,1
32832,0,0,0,0,1
32833,0,0,0,0,1
32834,0,0,0,0,1
32835,0,0,0,0,1
32836,0,0,0,0,1
32837,0,0,0,0,1
32838,0,0,0,0,1
32839,0,0,0,0,1
32840,0,0,0,0,1
32841,0,0,0,0,1
32842,0,0,0,0,1
32843,0,0,0,0,1
32844,0,0,0,0,1
32845,0,0,0,0,1
32846,0,0,0,0,1
32847,0,0,0,0,1
32848,0,0,0,0,1
32849,0,0,0,0,1
32850,0,0,0,0,1
32851,0,0,0,0,1
32852,0,0,0,0,1
32853,0,0,0,0,1
32854,0,0,0,0,1
32855,0,0,0,0,1
32856,0,0,0,0,1
32857,0,0,0,0,1
32858,0,0,0,0,1
32859,0,0,0,0,1
32860,0,0,0,0,1
32861,0,0,0,0,1
32862,0,0,0,0,1
32863,0,0,0,0,1
32864,0,0,0,0,1
32865,0,0,0,0,1
32866,0,0,0,0,1
32867,0,0,0,0,1
32868,0,0,0,0,1
32869,0,0,0,0,1
32870,0,0,0,0,1
32871,0,0,0,0,1
32872,0,0,0,0,1
32873,0,0,0,0,1
32874,0,0,0,0,1
32875,0,0,0,0,1
32876,0,0,0,0,1
32877,0,0,0,0,1
32878,0,0,0,0,1
32879,0,0,0,0,1
32880,0,0,0,0,1
32881,0,0,0,0,1
32882,0,0,0,0,1
32883,0,0,0,0,1
32884,0,0,0,0,1
32885,0,0,0,0,1
32886,0,0,0,0,1
32887,0,0,0,0,1
32888,0,0,0,0,1
32889,0,0,0,0,1
32890,0,0,0,0,1
32891,0,0,0,0,1
32892,0,0,0,0,1
32893,0,0,0,0,1
32894,0,0,0,0,1
32895,0,0,0,0,1
32896,0,0,0,0,1
32897,0,0,0,0,1
32898,0,0,0,0,1
32899,0,0,0,0,1
32900,0,0,0,0,1
32901,0,0,0,0,1
32902,0,0,0,0,1
32903,0,0,0,0,1
32904,0,0,0,0,1
32905,0,0,0,0,1
32906,0,0,0,0,1
32907,0,0,0,0,1
32908,0,0,0,0,1
32909,0,0,0,0,1
32910,0,0,0,0,1
32911,1,0,0,0,0
32912,1,0,0,0,0
32913,1,0,0,0,0
32914,1,0,0,0,0
32915,1,0,0,0,0
32916,1,0,0,0,0
32917,1,0,0,0,0
32918,1,0,0,0,0
32919,1,0,0,0,0
32920,1,0,0,0,0
32921,1,0,0,0,0
32922,1,0,0,0,0
32923,1,0,0,0,0
32924,1,0,0,0,0
32925,0,0,0,0,1
32926,0,0,0,0,1
32927,0,0,0,0,1
32928,0,0,0,0,1
32929,0,0,0,0,1
32930,0,0,0,0,1
32931,0,0,0,0,1
32932,0,0,0,0,1
32933,0,0,0,0,1
32934,0,0,0,0,1
32935,0,0,0,0,1
32936,0,0,0,0,1
32937,0,0,0,0,1
32938,0,0,0,0,1
32939,0,0,0,0,1
32940,0,0,0,0,1
32941,0,0,0,0,1
32942,0,0,0,0,1
32943,0,0,0,0,1
32944,0,0,0,0,1
32945,0,0,0,0,1
32946,0,0,0,0,1
32947,0,0,0,0,1
32948,0,0,0,0,1
32949,0,0,0,0,1
32950,0,0,0,0,1
32951,0,0,0,0,1
32952,0,0,0,0,1
32953,0,0,0,0,1
32954,0,0,0,0,1
32955,0,0,0,0,1
32956,0,0,0,0,1
32957,0,0,0,0,1
32958,0,0,0,0,1
32959,0,0,0,0,1
32960,0,0,0,0,1
32961,0,0,0,0,1
32962,0,0,0,0,1
32963,0,0,0,0,1
32964,0,0,0,0,1
32965,0,0,0,0,1
32966,0,0,0,0,1
32967,0,0,0,0,1
32968,0,0,0,0,1
32969,0,0,0,0,1
32970,0,0,0,0,1
32971,0,0,0,0,1
32972,0,0,0,0,1
32973,0,0,0,0,1
32974,0,0,0,0,1
32975,0,0,0,0,1
32976,0,0,0,0,1
32977,0,0,0,0,1
32978,0,0,0,0,1
32979,0,0,0,0,1
32980,0,0,0,0,1
32981,1,0,0,0,0
32982,1,0,0,0,0
32983,1,0,0,0,0
32984,1,0,0,0,0
32985,1,0,0,0,0
32986,1,0,0,0,0
32987,1,0,0,0,0
32988,1,0,0,0,0
32989,1,0,0,0,0
32990,1,0,0,0,0
32991,1,0,0,0,0
32992,0,0,0,1,0
32993,0,0,0,1,0
32994,0,0,0,1,0
32995,0,0,0,1,0
32996,0,0,0,1,0
32997,0,0,0,1,0
32998,0,0,0,1,0
32999,0,0,0,1,0
33000,0,0,0,1,0
33001,0,0,0,1,0
33002,0,0,0,1,0
33003,0,0,0,1,0
33004,0,0,0,1,0
33005,0,0,0,1,0
33006,0,0,0,1,0
33007,0,0,0,1,0
33008,0,0,0,1,0
33009,0,0,0,1,0
33010,0,0,0,1,0
33011,0,0,0,1,0
33012,0,0,0,1,0
33013,0,0,0,1,0
33014,0,0,0,1,0
33015,0,0,0,1,0
33016,0,0,0,1,0
33017,0,0,0,1,0
33018,0,0,0,1,0
33019,1,0,0,0,0
33020,1,0,0,0,0
33021,1,0,0,0,0
33022,1,0,0,0,0
33023,1,0,0,0,0
33024,1,0,0,0,0
33025,1,0,0,0,0
33026,1,0,0,0,0
33027,1,0,0,0,0
33028,1,0,0,0,0
33029,0,0,0,0,1
33030,0,0,0,0,1
33031,0,0,0,0,1
33032,0,0,0,0,1
33033,0,0,0,0,1
33034,0,0,0,0,1
33035,0,0,0,0,1
33036,0,0,0,0,1
33037,0,0,0,0,1
33038,0,0,0,0,1
33039,0,0,0,0,1
33040,0,0,0,0,1
33041,0,0,0,0,1
33042,0,0,0,0,1
33043,0,0,0,0,1
33044,1,0,0,0,0
33045,1,0,0,0,0
33046,1,0,0,0,0
33047,1,0,0,0,0
33048,1,0,0,0,0
33049,1,0,0,0,0
33050,1,0,0,0,0
33051,1,0,0,0,0
33052,1,0,0,0,0
33053,1,0,0,0,0
33054,1,0,0,0,0
33055,1,0,0,0,0
33056,1,0,0,0,0
33057,1,0,0,0,0
33058,1,0,0,0,0
33059,1,0,0,0,0
33060,1,0,0,0,0
33061,1,0,0,0,0
33062,1,0,0,0,0
33063,1,0,0,0,0
33064,1,0,0,0,0
33065,1,0,0,0,0
33066,1,0,0,0,0
33067,1,0,0,0,0
33068,1,0,0,0,0
33069,1,0,0,0,0
33070,1,0,0,0,0
33071,1,0,0,0,0
33072,1,0,0,0,0
33073,1,0,0,0,0
33074,1,0,0,0,0
33075,1,0,0,0,0
33076,1,0,0,0,0
33077,1,0,0,0,0
33078,1,0,0,0,0
33079,1,0,0,0,0
33080,1,0,0,0,0
33081,1,0,0,0,0
33082,1,0,0,0,0
33083,1,0,0,0,0
33084,1,0,0,0,0
33085,1,0,0,0,0
33086,1,0,0,0,0
33087,0,0,0,0,1
33088,0,0,0,0,1
33089,0,0,0,0,1
33090,0,0,0,0,1
33091,0,0,0,0,1
33092,0,0,0,0,1
33093,0,0,0,0,1
33094,0,0,0,0,1
33095,0,0,0,0,1
33096,0,0,0,0,1
33097,0,0,0,0,1
33098,0,0,0,0,1
33099,0,0,0,0,1
33100,0,0,0,0,1
33101,0,0,0,0,1
33102,0,0,0,0,1
33103,0,0,0,0,1
33104,0,0,0,0,1
33105,0,0,0,0,1
33106,0,0,0,0,1
33107,0,0,0,0,1
33108,0,0,0,0,1
33109,0,0,0,0,1
33110,0,0,0,0,1
33111,0,0,0,0,1
33112,0,0,0,0,1
33113,0,0,0,0,1
33114,0,0,0,0,1
33115,0,0,0,0,1
33116,0,0,0,0,1
33117,0,0,0,0,1
33118,0,0,0,0,1
33119,0,0,0,0,1
33120,0,0,0,0,1
33121,0,0,0,0,1
33122,0,0,0,0,1
33123,0,0,0,0,1
33124,0,0,0,0,1
33125,0,0,0,0,1
33126,0,0,0,0,1
33127,0,0,0,0,1
33128,0,0,0,0,1
33129,0,0,0,0,1
33130,0,0,0,0,1
33131,0,0,0,0,1
33132,0,0,0,0,1
33133,0,0,0,0,1
33134,0,0,0,0,1
33135,0,0,0,0,1
33136,0,0,0,0,1
33137,0,0,0,0,1
33138,0,0,0,0,1
33139,0,0,0,0,1
33140,0,0,0,0,1
33141,0,0,0,0,1
33142,0,0,0,0,1
33143,0,0,0,0,1
33144,0,0,0,0,1
33145,0,0,0,0,1
33146,0,0,0,0,1
33147,0,0,0,0,1
33148,0,0,0,0,1
33149,0,0,0,0,1
33150,0,0,0,0,1
33151,0,0,0,0,1
33152,0,0,0,0,1
33153,0,0,0,0,1
33154,0,0,0,0,1
33155,0,0,0,0,1
33156,0,0,0,0,1
33157,0,0,0,0,1
33158,0,0,0,0,1
33159,0,0,0,0,1
33160,0,0,0,0,1
33161,0,0,0,0,1
33162,0,0,0,0,1
33163,0,0,0,0,1
33164,0,0,0,0,1
33165,0,0,0,0,1
33166,0,0,0,0,1
33167,0,0,0,0,1
33168,0,0,0,0,1
33169,0,0,0,0,1
33170,0,0,0,0,1
33171,0,0,0,0,1
33172,0,0,0,0,1
33173,0,0,0,0,1
33174,0,0,0,0,1
33175,0,0,0,0,1
33176,0,0,0,0,1
33177,0,0,0,0,1
33178,0,0,0,0,1
33179,0,0,0,0,1
33180,0,0,0,0,1
33181,0,0,0,0,1
33182,0,0,0,0,1
33183,0,0,0,0,1
33184,0,0,0,0,1
33185,0,0,0,0,1
33186,0,0,0,0,1
33187,0,0,0,0,1
33188,0,0,0,0,1
33189,0,0,0,0,1
33190,0,0,0,0,1
33191,0,0,0,0,1
33192,0,0,0,0,1
33193,0,0,0,0,1
33194,0,0,0,0,1
33195,0,0,0,0,1
33196,0,0,0,0,1
33197,0,0,0,0,1
33198,0,0,0,0,1
33199,0,0,0,0,1
33200,0,0,0,0,1
33201,0,0,0,0,1
33202,0,0,0,0,1
33203,0,0,0,0,1
33204,0,0,0,0,1
33205,0,0,0,0,1
33206,0,0,0,0,1
33207,0,0,0,0,1
33208,0,0,0,0,1
33209,0,0,0,0,1
33210,0,0,0,0,1
33211,0,0,0,0,1
33212,0,0,0,0,1
33213,0,0,0,0,1
33214,0,0,0,0,1
33215,0,0,0,0,1
33216,0,0,0,0,1
33217,0,0,0,0,1
33218,0,0,0,0,1
33219,0,0,0,0,1
33220,0,0,0,0,1
33221,0,0,0,0,1
33222,0,0,0,0,1
33223,0,0,0,0,1
33224,0,0,0,0,1
33225,0,0,0,0,1
33226,0,0,0,0,1
33227,0,0,0,0,1
33228,0,0,0,0,1
33229,0,0,0,0,1
33230,0,0,0,0,1
33231,0,0,0,0,1
33232,0,0,0,0,1
33233,0,0,0,0,1
33234,0,0,0,0,1
33235,0,0,0,0,1
33236,0,0,0,0,1
33237,0,0,0,0,1
33238,0,0,0,0,1
33239,0,0,0,0,1
33240,0,0,0,0,1
33241,0,0,0,0,1
33242,0,0,0,0,1
33243,0,0,0,0,1
33244,0,0,0,0,1
33245,0,0,0,0,1
33246,0,0,0,0,1
33247,0,0,0,0,1
33248,0,0,0,0,1
33249,0,0,0,0,1
33250,0,0,0,0,1
33251,0,0,0,0,1
33252,0,0,0,0,1
33253,0,0,0,0,1
33254,0,0,0,0,1
33255,0,0,0,0,1
33256,0,0,0,0,1
33257,0,0,0,0,1
33258,0,0,0,0,1
33259,0,0,0,0,1
33260,1,0,0,0,0
33261,1,0,0,0,0
33262,1,0,0,0,0
33263,1,0,0,0,0
33264,1,0,0,0,0
33265,1,0,0,0,0
33266,1,0,0,0,0
33267,1,0,0,0,0
33268,1,0,0,0,0
33269,1,0,0,0,0
33270,1,0,0,0,0
33271,1,0,0,0,0
33272,1,0,0,0,0
33273,1,0,0,0,0
33274,1,0,0,0,0
33275,1,0,0,0,0
33276,1,0,0,0,0
33277,1,0,0,0,0
33278,1,0,0,0,0
33279,1,0,0,0,0
33280,1,0,0,0,0
33281,1,0,0,0,0
33282,1,0,0,0,0
33283,1,0,0,0,0
33284,1,0,0,0,0
33285,1,0,0,0,0
33286,1,0,0,0,0
33287,1,0,0,0,0
33288,1,0,0,0,0
33289,1,0,0,0,0
33290,1,0,0,0,0
33291,1,0,0,0,0
33292,1,0,0,0,0
33293,1,0,0,0,0
33294,1,0,0,0,0
33295,1,0,0,0,0
33296,1,0,0,0,0
33297,1,0,0,0,0
33298,1,0,0,0,0
33299,1,0,0,0,0
33300,1,0,0,0,0
33301,1,0,0,0,0
33302,1,0,0,0,0
33303,1,0,0,0,0
33304,1,0,0,0,0
33305,1,0,0,0,0
33306,1,0,0,0,0
33307,1,0,0,0,0
33308,1,0,0,0,0
33309,1,0,0,0,0
33310,1,0,0,0,0
33311,1,0,0,0,0
33312,1,0,0,0,0
33313,1,0,0,0,0
33314,1,0,0,0,0
33315,1,0,0,0,0
33316,1,0,0,0,0
33317,1,0,0,0,0
33318,1,0,0,0,0
33319,1,0,0,0,0
33320,1,0,0,0,0
33321,1,0,0,0,0
33322,1,0,0,0,0
33323,1,0,0,0,0
33324,0,0,0,0,1
33325,0,0,0,0,1
33326,0,0,0,0,1
33327,0,0,0,0,1
33328,0,0,0,0,1
33329,0,0,0,0,1
33330,0,0,0,0,1
33331,0,0,0,0,1
33332,0,0,0,0,1
33333,0,0,0,0,1
33334,0,0,0,0,1
33335,0,0,0,0,1
33336,0,0,0,0,1
33337,0,0,0,0,1
33338,0,0,0,0,1
33339,0,0,0,0,1
33340,0,0,0,0,1
33341,0,0,0,0,1
33342,0,0,0,0,1
33343,0,0,0,0,1
33344,0,0,0,0,1
33345,0,0,0,0,1
33346,0,0,0,0,1
33347,0,0,0,0,1
33348,0,0,0,0,1
33349,0,0,0,0,1
33350,0,0,0,0,1
33351,0,0,0,0,1
33352,0,0,0,0,1
33353,0,0,0,0,1
33354,0,0,0,0,1
33355,0,0,0,0,1
33356,0,0,0,0,1
33357,0,0,0,0,1
33358,0,0,0,0,1
33359,0,0,0,0,1
33360,0,0,0,0,1
33361,0,0,0,0,1
33362,0,0,0,0,1
33363,0,0,0,0,1
33364,0,0,0,0,1
33365,0,0,0,0,1
33366,0,0,0,0,1
33367,0,0,0,0,1
33368,0,0,0,0,1
33369,0,0,0,0,1
33370,0,0,0,0,1
33371,0,0,0,0,1
33372,0,0,0,0,1
33373,0,0,0,0,1
33374,0,0,0,0,1
33375,0,0,0,0,1
33376,0,0,0,0,1
33377,0,0,0,0,1
33378,0,0,0,0,1
33379,0,0,0,0,1
33380,0,0,0,0,1
33381,0,0,0,0,1
33382,0,0,0,0,1
33383,0,0,0,0,1
33384,0,0,0,0,1
33385,0,0,0,0,1
33386,0,0,0,0,1
33387,0,0,0,0,1
33388,0,0,0,0,1
33389,0,0,0,0,1
33390,0,0,0,0,1
33391,0,0,0,0,1
33392,0,0,0,0,1
33393,0,0,0,0,1
33394,0,0,0,0,1
33395,0,0,0,0,1
33396,0,0,0,0,1
33397,0,0,0,0,1
33398,0,0,0,0,1
33399,0,0,0,0,1
33400,0,0,0,0,1
33401,0,0,0,0,1
33402,0,0,0,0,1
33403,0,0,0,0,1
33404,0,0,0,0,1
33405,0,0,0,0,1
33406,0,0,0,0,1
33407,0,0,0,0,1
33408,0,0,0,0,1
33409,0,0,0,0,1
33410,0,0,0,0,1
33411,0,0,0,0,1
33412,0,0,0,0,1
33413,0,0,0,0,1
33414,0,0,0,0,1
33415,0,0,0,0,1
33416,0,0,0,0,1
33417,0,0,0,0,1
33418,0,0,0,0,1
33419,0,0,0,0,1
33420,0,0,0,0,1
33421,0,0,0,0,1
33422,0,0,0,0,1
33423,0,0,0,0,1
33424,0,0,0,0,1
33425,0,0,0,0,1
33426,0,0,0,0,1
33427,0,0,0,0,1
33428,0,0,0,0,1
33429,0,0,0,0,1
33430,0,0,0,0,1
33431,0,0,0,0,1
33432,0,0,0,0,1
33433,0,0,0,0,1
33434,0,0,0,0,1
33435,0,0,0,0,1
33436,0,0,0,0,1
33437,0,0,0,0,1
33438,0,0,0,0,1
33439,0,0,0,0,1
33440,0,0,0,0,1
33441,0,0,0,0,1
33442,0,0,0,0,1
33443,0,0,0,0,1
33444,0,0,0,0,1
33445,0,0,0,0,1
33446,0,0,0,0,1
33447,0,0,0,0,1
33448,0,0,0,0,1
33449,0,0,0,0,1
33450,0,0,0,0,1
33451,0,0,0,0,1
33452,0,0,0,0,1
33453,0,0,0,0,1
33454,0,0,0,0,1
33455,0,0,0,0,1
33456,0,0,0,0,1
33457,0,0,0,0,1
33458,0,0,0,0,1
33459,0,0,0,0,1
33460,0,0,0,0,1
33461,0,0,0,0,1
33462,0,0,0,0,1
33463,0,0,0,0,1
33464,0,0,0,0,1
33465,0,0,0,0,1
33466,0,0,0,0,1
33467,0,0,0,0,1
33468,0,0,0,0,1
33469,0,0,0,0,1
33470,0,0,0,0,1
33471,0,0,0,0,1
33472,0,0,0,0,1
33473,0,0,0,0,1
33474,0,0,0,0,1
33475,1,0,0,0,0
33476,1,0,0,0,0
33477,1,0,0,0,0
33478,1,0,0,0,0
33479,1,0,0,0,0
33480,1,0,0,0,0
33481,1,0,0,0,0
33482,1,0,0,0,0
33483,1,0,0,0,0
33484,1,0,0,0,0
33485,1,0,0,0,0
33486,1,0,0,0,0
33487,1,0,0,0,0
33488,1,0,0,0,0
33489,1,0,0,0,0
33490,1,0,0,0,0
33491,1,0,0,0,0
33492,1,0,0,0,0
33493,1,0,0,0,0
33494,1,0,0,0,0
33495,1,0,0,0,0
33496,1,0,0,0,0
33497,1,0,0,0,0
33498,1,0,0,0,0
33499,1,0,0,0,0
33500,1,0,0,0,0
33501,0,0,0,1,0
33502,0,0,0,1,0
33503,0,0,0,1,0
33504,0,0,0,1,0
33505,0,0,0,1,0
33506,0,0,0,1,0
33507,0,0,0,1,0
33508,0,0,0,1,0
33509,0,0,0,1,0
33510,0,0,0,1,0
33511,0,0,0,1,0
33512,0,0,0,1,0
33513,0,0,0,1,0
33514,0,0,0,1,0
33515,0,0,0,1,0
33516,0,0,0,1,0
33517,0,0,0,1,0
33518,1,0,0,0,0
33519,1,0,0,0,0
33520,1,0,0,0,0
33521,1,0,0,0,0
33522,1,0,0,0,0
33523,1,0,0,0,0
33524,1,0,0,0,0
33525,1,0,0,0,0
33526,1,0,0,0,0
33527,1,0,0,0,0
33528,1,0,0,0,0
33529,1,0,0,0,0
33530,1,0,0,0,0
33531,1,0,0,0,0
33532,1,0,0,0,0
33533,1,0,0,0,0
33534,1,0,0,0,0
33535,1,0,0,0,0
33536,1,0,0,0,0
33537,1,0,0,0,0
33538,1,0,0,0,0
33539,1,0,0,0,0
33540,1,0,0,0,0
33541,1,0,0,0,0
33542,0,0,0,0,1
33543,0,0,0,0,1
33544,0,0,0,0,1
33545,0,0,0,0,1
33546,0,0,0,0,1
33547,0,0,0,0,1
33548,0,0,0,0,1
33549,0,0,0,0,1
33550,0,0,0,0,1
33551,0,0,0,0,1
33552,0,0,0,0,1
33553,0,0,0,0,1
33554,0,0,0,0,1
33555,1,0,0,0,0
33556,1,0,0,0,0
33557,1,0,0,0,0
33558,1,0,0,0,0
33559,1,0,0,0,0
33560,1,0,0,0,0
33561,1,0,0,0,0
33562,1,0,0,0,0
33563,1,0,0,0,0
33564,1,0,0,0,0
33565,1,0,0,0,0
33566,1,0,0,0,0
33567,1,0,0,0,0
33568,1,0,0,0,0
33569,1,0,0,0,0
33570,1,0,0,0,0
33571,1,0,0,0,0
33572,1,0,0,0,0
33573,1,0,0,0,0
33574,1,0,0,0,0
33575,1,0,0,0,0
33576,1,0,0,0,0
33577,1,0,0,0,0
33578,1,0,0,0,0
33579,1,0,0,0,0
33580,1,0,0,0,0
33581,1,0,0,0,0
33582,1,0,0,0,0
33583,1,0,0,0,0
33584,1,0,0,0,0
33585,1,0,0,0,0
33586,1,0,0,0,0
33587,1,0,0,0,0
33588,1,0,0,0,0
33589,1,0,0,0,0
33590,0,0,0,1,0
33591,0,0,0,1,0
33592,0,0,0,1,0
33593,0,0,0,1,0
33594,0,0,0,1,0
33595,0,0,0,1,0
33596,0,0,0,1,0
33597,0,0,0,1,0
33598,0,0,0,1,0
33599,0,0,0,1,0
33600,0,0,0,1,0
33601,0,0,0,1,0
33602,0,0,0,1,0
33603,1,0,0,0,0
33604,1,0,0,0,0
33605,1,0,0,0,0
33606,1,0,0,0,0
33607,1,0,0,0,0
33608,1,0,0,0,0
33609,1,0,0,0,0
33610,1,0,0,0,0
33611,1,0,0,0,0
33612,1,0,0,0,0
33613,1,0,0,0,0
33614,1,0,0,0,0
33615,1,0,0,0,0
33616,1,0,0,0,0
33617,1,0,0,0,0
33618,1,0,0,0,0
33619,1,0,0,0,0
33620,1,0,0,0,0
33621,1,0,0,0,0
33622,1,0,0,0,0
33623,0,0,0,0,1
33624,0,0,0,0,1
33625,0,0,0,0,1
33626,0,0,0,0,1
33627,0,0,0,0,1
33628,0,0,0,0,1
33629,0,0,0,0,1
33630,0,0,0,0,1
33631,0,0,0,0,1
33632,0,0,0,0,1
33633,0,0,0,0,1
33634,0,0,0,0,1
33635,0,0,0,0,1
33636,0,0,0,0,1
33637,0,0,0,0,1
33638,0,0,0,0,1
33639,0,0,0,0,1
33640,0,0,0,0,1
33641,0,0,0,0,1
33642,0,0,0,0,1
33643,0,0,0,0,1
33644,0,0,0,0,1
33645,0,0,0,0,1
33646,0,0,0,0,1
33647,0,0,0,0,1
33648,0,0,0,0,1
33649,0,0,0,0,1
33650,1,0,0,0,0
33651,1,0,0,0,0
33652,1,0,0,0,0
33653,1,0,0,0,0
33654,1,0,0,0,0
33655,1,0,0,0,0
33656,1,0,0,0,0
33657,1,0,0,0,0
33658,1,0,0,0,0
33659,1,0,0,0,0
33660,1,0,0,0,0
33661,1,0,0,0,0
33662,1,0,0,0,0
33663,1,0,0,0,0
33664,1,0,0,0,0
33665,1,0,0,0,0
33666,1,0,0,0,0
33667,1,0,0,0,0
33668,1,0,0,0,0
33669,1,0,0,0,0
33670,1,0,0,0,0
33671,1,0,0,0,0
33672,1,0,0,0,0
33673,1,0,0,0,0
33674,1,0,0,0,0
33675,1,0,0,0,0
33676,1,0,0,0,0
33677,1,0,0,0,0
33678,1,0,0,0,0
33679,1,0,0,0,0
33680,1,0,0,0,0
33681,1,0,0,0,0
33682,1,0,0,0,0
33683,1,0,0,0,0
33684,1,0,0,0,0
33685,1,0,0,0,0
33686,1,0,0,0,0
33687,1,0,0,0,0
33688,1,0,0,0,0
33689,1,0,0,0,0
33690,1,0,0,0,0
33691,1,0,0,0,0
33692,1,0,0,0,0
33693,1,0,0,0,0
33694,1,0,0,0,0
33695,1,0,0,0,0
33696,1,0,0,0,0
33697,1,0,0,0,0
33698,1,0,0,0,0
33699,1,0,0,0,0
33700,1,0,0,0,0
33701,1,0,0,0,0
33702,1,0,0,0,0
33703,1,0,0,0,0
33704,1,0,0,0,0
33705,1,0,0,0,0
33706,1,0,0,0,0
33707,1,0,0,0,0
33708,1,0,0,0,0
33709,1,0,0,0,0
33710,1,0,0,0,0
33711,1,0,0,0,0
33712,1,0,0,0,0
33713,1,0,0,0,0
33714,1,0,0,0,0
33715,1,0,0,0,0
33716,1,0,0,0,0
33717,1,0,0,0,0
33718,1,0,0,0,0
33719,1,0,0,0,0
33720,1,0,0,0,0
33721,1,0,0,0,0
33722,1,0,0,0,0
33723,1,0,0,0,0
33724,1,0,0,0,0
33725,1,0,0,0,0
33726,1,0,0,0,0
33727,1,0,0,0,0
33728,1,0,0,0,0
33729,1,0,0,0,0
33730,1,0,0,0,0
33731,1,0,0,0,0
33732,1,0,0,0,0
33733,0,0,0,0,1
33734,0,0,0,0,1
33735,0,0,0,0,1
33736,0,0,0,0,1
33737,0,0,0,0,1
33738,0,0,0,0,1
33739,0,0,0,0,1
33740,0,0,0,0,1
33741,0,0,0,0,1
33742,0,0,0,0,1
33743,0,0,0,0,1
33744,0,0,0,0,1
33745,0,0,0,0,1
33746,0,0,0,0,1
33747,0,0,0,0,1
33748,0,0,0,0,1
33749,1,0,0,0,0
33750,1,0,0,0,0
33751,1,0,0,0,0
33752,1,0,0,0,0
33753,1,0,0,0,0
33754,1,0,0,0,0
33755,1,0,0,0,0
33756,1,0,0,0,0
33757,0,0,0,1,0
33758,0,0,0,1,0
33759,0,0,0,1,0
33760,0,0,0,1,0
33761,0,0,0,1,0
33762,0,0,0,1,0
33763,0,0,0,1,0
33764,0,0,0,1,0
33765,0,0,0,1,0
33766,0,0,0,1,0
33767,0,0,0,1,0
33768,0,0,0,1,0
33769,0,0,0,1,0
33770,1,0,0,0,0
33771,1,0,0,0,0
33772,1,0,0,0,0
33773,1,0,0,0,0
33774,1,0,0,0,0
33775,1,0,0,0,0
33776,1,0,0,0,0
33777,1,0,0,0,0
33778,1,0,0,0,0
33779,1,0,0,0,0
33780,1,0,0,0,0
33781,1,0,0,0,0
33782,1,0,0,0,0
33783,1,0,0,0,0
33784,1,0,0,0,0
33785,1,0,0,0,0
33786,1,0,0,0,0
33787,1,0,0,0,0
33788,1,0,0,0,0
33789,1,0,0,0,0
33790,1,0,0,0,0
33791,1,0,0,0,0
33792,1,0,0,0,0
33793,1,0,0,0,0
33794,1,0,0,0,0
33795,1,0,0,0,0
33796,1,0,0,0,0
33797,1,0,0,0,0
33798,1,0,0,0,0
33799,1,0,0,0,0
33800,1,0,0,0,0
33801,1,0,0,0,0
33802,1,0,0,0,0
33803,1,0,0,0,0
33804,1,0,0,0,0
33805,1,0,0,0,0
33806,1,0,0,0,0
33807,1,0,0,0,0
33808,1,0,0,0,0
33809,1,0,0,0,0
33810,1,0,0,0,0
33811,1,0,0,0,0
33812,1,0,0,0,0
33813,1,0,0,0,0
33814,1,0,0,0,0
33815,1,0,0,0,0
33816,1,0,0,0,0
33817,1,0,0,0,0
33818,1,0,0,0,0
33819,1,0,0,0,0
33820,1,0,0,0,0
33821,1,0,0,0,0
33822,1,0,0,0,0
33823,1,0,0,0,0
33824,1,0,0,0,0
33825,1,0,0,0,0
33826,1,0,0,0,0
33827,1,0,0,0,0
33828,1,0,0,0,0
33829,1,0,0,0,0
33830,1,0,0,0,0
33831,1,0,0,0,0
33832,1,0,0,0,0
33833,1,0,0,0,0
33834,1,0,0,0,0
33835,1,0,0,0,0
33836,1,0,0,0,0
33837,1,0,0,0,0
33838,1,0,0,0,0
33839,1,0,0,0,0
33840,1,0,0,0,0
33841,1,0,0,0,0
33842,1,0,0,0,0
33843,1,0,0,0,0
33844,1,0,0,0,0
33845,1,0,0,0,0
33846,1,0,0,0,0
33847,1,0,0,0,0
33848,1,0,0,0,0
33849,1,0,0,0,0
33850,1,0,0,0,0
33851,1,0,0,0,0
33852,1,0,0,0,0
33853,1,0,0,0,0
33854,1,0,0,0,0
33855,1,0,0,0,0
33856,1,0,0,0,0
33857,1,0,0,0,0
33858,1,0,0,0,0
33859,1,0,0,0,0
33860,1,0,0,0,0
33861,1,0,0,0,0
33862,1,0,0,0,0
33863,1,0,0,0,0
33864,1,0,0,0,0
33865,1,0,0,0,0
33866,1,0,0,0,0
33867,1,0,0,0,0
33868,1,0,0,0,0
33869,1,0,0,0,0
33870,1,0,0,0,0
33871,1,0,0,0,0
33872,1,0,0,0,0
33873,1,0,0,0,0
33874,1,0,0,0,0
33875,1,0,0,0,0
33876,1,0,0,0,0
33877,1,0,0,0,0
33878,1,0,0,0,0
33879,1,0,0,0,0
33880,1,0,0,0,0
33881,1,0,0,0,0
33882,1,0,0,0,0
33883,1,0,0,0,0
33884,1,0,0,0,0
33885,1,0,0,0,0
33886,1,0,0,0,0
33887,1,0,0,0,0
33888,1,0,0,0,0
33889,1,0,0,0,0
33890,1,0,0,0,0
33891,1,0,0,0,0
33892,1,0,0,0,0
33893,1,0,0,0,0
33894,1,0,0,0,0
33895,1,0,0,0,0
33896,1,0,0,0,0
33897,1,0,0,0,0
33898,1,0,0,0,0
33899,1,0,0,0,0
33900,1,0,0,0,0
33901,1,0,0,0,0
33902,1,0,0,0,0
33903,1,0,0,0,0
33904,1,0,0,0,0
33905,1,0,0,0,0
33906,1,0,0,0,0
33907,1,0,0,0,0
33908,1,0,0,0,0
33909,1,0,0,0,0
33910,1,0,0,0,0
33911,1,0,0,0,0
33912,1,0,0,0,0
33913,1,0,0,0,0
33914,1,0,0,0,0
33915,1,0,0,0,0
33916,1,0,0,0,0
33917,1,0,0,0,0
33918,1,0,0,0,0
33919,1,0,0,0,0
33920,1,0,0,0,0
33921,1,0,0,0,0
33922,1,0,0,0,0
33923,1,0,0,0,0
33924,1,0,0,0,0
33925,1,0,0,0,0
33926,1,0,0,0,0
33927,1,0,0,0,0
33928,1,0,0,0,0
33929,1,0,0,0,0
33930,1,0,0,0,0
33931,1,0,0,0,0
33932,1,0,0,0,0
33933,1,0,0,0,0
33934,1,0,0,0,0
33935,1,0,0,0,0
33936,1,0,0,0,0
33937,1,0,0,0,0
33938,1,0,0,0,0
33939,1,0,0,0,0
33940,1,0,0,0,0
33941,1,0,0,0,0
33942,1,0,0,0,0
33943,1,0,0,0,0
33944,1,0,0,0,0
33945,1,0,0,0,0
33946,1,0,0,0,0
33947,1,0,0,0,0
33948,1,0,0,0,0
33949,1,0,0,0,0
33950,1,0,0,0,0
33951,1,0,0,0,0
33952,1,0,0,0,0
33953,1,0,0,0,0
33954,1,0,0,0,0
33955,1,0,0,0,0
33956,1,0,0,0,0
33957,1,0,0,0,0
33958,1,0,0,0,0
33959,1,0,0,0,0
33960,1,0,0,0,0
33961,1,0,0,0,0
33962,1,0,0,0,0
33963,1,0,0,0,0
33964,1,0,0,0,0
33965,1,0,0,0,0
33966,1,0,0,0,0
33967,1,0,0,0,0
33968,1,0,0,0,0
33969,1,0,0,0,0
33970,1,0,0,0,0
33971,1,0,0,0,0
33972,1,0,0,0,0
33973,1,0,0,0,0
33974,1,0,0,0,0
33975,1,0,0,0,0
33976,1,0,0,0,0
33977,1,0,0,0,0
33978,1,0,0,0,0
33979,1,0,0,0,0
33980,1,0,0,0,0
33981,1,0,0,0,0
33982,1,0,0,0,0
33983,1,0,0,0,0
33984,1,0,0,0,0
33985,1,0,0,0,0
33986,1,0,0,0,0
33987,1,0,0,0,0
33988,1,0,0,0,0
33989,1,0,0,0,0
33990,1,0,0,0,0
33991,1,0,0,0,0
33992,1,0,0,0,0
33993,1,0,0,0,0
33994,1,0,0,0,0
33995,1,0,0,0,0
33996,1,0,0,0,0
33997,1,0,0,0,0
33998,1,0,0,0,0
33999,1,0,0,0,0
34000,1,0,0,0,0
34001,1,0,0,0,0
34002,1,0,0,0,0
34003,1,0,0,0,0
34004,1,0,0,0,0
34005,1,0,0,0,0
34006,1,0,0,0,0
34007,1,0,0,0,0
34008,1,0,0,0,0
34009,1,0,0,0,0
34010,1,0,0,0,0
34011,1,0,0,0,0
34012,1,0,0,0,0
34013,1,0,0,0,0
34014,1,0,0,0,0
34015,1,0,0,0,0
34016,1,0,0,0,0
34017,1,0,0,0,0
34018,1,0,0,0,0
34019,1,0,0,0,0
34020,1,0,0,0,0
34021,1,0,0,0,0
34022,1,0,0,0,0
34023,1,0,0,0,0
34024,1,0,0,0,0
34025,1,0,0,0,0
34026,1,0,0,0,0
34027,1,0,0,0,0
34028,1,0,0,0,0
34029,1,0,0,0,0
34030,1,0,0,0,0
34031,1,0,0,0,0
34032,1,0,0,0,0
34033,1,0,0,0,0
34034,1,0,0,0,0
34035,1,0,0,0,0
34036,1,0,0,0,0
34037,1,0,0,0,0
34038,1,0,0,0,0
34039,1,0,0,0,0
34040,1,0,0,0,0
34041,1,0,0,0,0
34042,1,0,0,0,0
34043,1,0,0,0,0
34044,1,0,0,0,0
34045,1,0,0,0,0
34046,1,0,0,0,0
34047,1,0,0,0,0
34048,1,0,0,0,0
34049,1,0,0,0,0
34050,1,0,0,0,0
34051,1,0,0,0,0
34052,1,0,0,0,0
34053,1,0,0,0,0
34054,1,0,0,0,0
34055,1,0,0,0,0
34056,1,0,0,0,0
34057,1,0,0,0,0
34058,1,0,0,0,0
34059,1,0,0,0,0
34060,1,0,0,0,0
34061,1,0,0,0,0
34062,1,0,0,0,0
34063,1,0,0,0,0
34064,1,0,0,0,0
34065,1,0,0,0,0
34066,1,0,0,0,0
34067,1,0,0,0,0
34068,1,0,0,0,0
34069,1,0,0,0,0
34070,1,0,0,0,0
34071,1,0,0,0,0
34072,1,0,0,0,0
34073,1,0,0,0,0
34074,0,0,0,0,1
34075,0,0,0,0,1
34076,0,0,0,0,1
34077,0,0,0,0,1
34078,0,0,0,0,1
34079,0,0,0,0,1
34080,0,0,0,0,1
34081,0,0,0,0,1
34082,0,0,0,0,1
34083,0,0,0,0,1
34084,0,0,0,0,1
34085,0,0,0,0,1
34086,0,0,0,0,1
34087,0,0,0,0,1
34088,0,0,0,0,1
34089,0,0,0,0,1
34090,0,0,0,0,1
34091,0,0,0,0,1
34092,0,0,0,0,1
34093,0,0,0,0,1
34094,0,0,0,0,1
34095,0,0,0,0,1
34096,0,0,0,0,1
34097,0,0,0,0,1
34098,0,0,0,0,1
34099,1,0,0,0,0
34100,1,0,0,0,0
34101,1,0,0,0,0
34102,1,0,0,0,0
34103,1,0,0,0,0
34104,1,0,0,0,0
34105,1,0,0,0,0
34106,1,0,0,0,0
34107,1,0,0,0,0
34108,1,0,0,0,0
34109,1,0,0,0,0
34110,1,0,0,0,0
34111,1,0,0,0,0
34112,1,0,0,0,0
34113,1,0,0,0,0
34114,1,0,0,0,0
34115,1,0,0,0,0
34116,1,0,0,0,0
34117,1,0,0,0,0
34118,1,0,0,0,0
34119,1,0,0,0,0
34120,1,0,0,0,0
34121,1,0,0,0,0
34122,1,0,0,0,0
34123,1,0,0,0,0
34124,1,0,0,0,0
34125,1,0,0,0,0
34126,1,0,0,0,0
34127,1,0,0,0,0
34128,1,0,0,0,0
34129,1,0,0,0,0
34130,1,0,0,0,0
34131,1,0,0,0,0
34132,1,0,0,0,0
34133,1,0,0,0,0
34134,1,0,0,0,0
34135,1,0,0,0,0
34136,1,0,0,0,0
34137,1,0,0,0,0
34138,1,0,0,0,0
34139,1,0,0,0,0
34140,1,0,0,0,0
34141,1,0,0,0,0
34142,1,0,0,0,0
34143,1,0,0,0,0
34144,1,0,0,0,0
34145,1,0,0,0,0
34146,1,0,0,0,0
34147,1,0,0,0,0
34148,1,0,0,0,0
34149,1,0,0,0,0
34150,1,0,0,0,0
34151,1,0,0,0,0
34152,1,0,0,0,0
34153,1,0,0,0,0
34154,1,0,0,0,0
34155,1,0,0,0,0
34156,1,0,0,0,0
34157,1,0,0,0,0
34158,1,0,0,0,0
34159,1,0,0,0,0
34160,1,0,0,0,0
34161,1,0,0,0,0
34162,1,0,0,0,0
34163,1,0,0,0,0
34164,1,0,0,0,0
34165,1,0,0,0,0
34166,1,0,0,0,0
34167,1,0,0,0,0
34168,1,0,0,0,0
34169,1,0,0,0,0
34170,1,0,0,0,0
34171,1,0,0,0,0
34172,1,0,0,0,0
34173,1,0,0,0,0
34174,1,0,0,0,0
34175,1,0,0,0,0
34176,1,0,0,0,0
34177,1,0,0,0,0
34178,0,1,0,0,0
34179,0,1,0,0,0
34180,0,1,0,0,0
34181,0,1,0,0,0
34182,0,1,0,0,0
34183,0,1,0,0,0
34184,0,1,0,0,0
34185,0,1,0,0,0
34186,0,1,0,0,0
34187,0,1,0,0,0
34188,0,1,0,0,0
34189,0,1,0,0,0
34190,0,1,0,0,0
34191,0,1,0,0,0
34192,0,1,0,0,0
34193,0,1,0,0,0
34194,0,1,0,0,0
34195,0,1,0,0,0
34196,0,1,0,0,0
34197,0,1,0,0,0
34198,0,1,0,0,0
34199,0,1,0,0,0
34200,0,1,0,0,0
34201,0,1,0,0,0
34202,0,1,0,0,0
34203,0,1,0,0,0
34204,0,1,0,0,0
34205,0,1,0,0,0
34206,0,1,0,0,0
34207,0,1,0,0,0
34208,0,1,0,0,0
34209,0,1,0,0,0
34210,0,1,0,0,0
34211,0,1,0,0,0
34212,0,1,0,0,0
34213,0,1,0,0,0
34214,0,1,0,0,0
34215,1,0,0,0,0
34216,1,0,0,0,0
34217,1,0,0,0,0
34218,1,0,0,0,0
34219,1,0,0,0,0
34220,1,0,0,0,0
34221,1,0,0,0,0
34222,1,0,0,0,0
34223,1,0,0,0,0
34224,1,0,0,0,0
34225,1,0,0,0,0
34226,1,0,0,0,0
34227,1,0,0,0,0
34228,1,0,0,0,0
34229,1,0,0,0,0
34230,1,0,0,0,0
34231,1,0,0,0,0
34232,1,0,0,0,0
34233,1,0,0,0,0
34234,1,0,0,0,0
34235,1,0,0,0,0
34236,1,0,0,0,0
34237,1,0,0,0,0
34238,1,0,0,0,0
34239,1,0,0,0,0
34240,1,0,0,0,0
34241,1,0,0,0,0
34242,1,0,0,0,0
34243,1,0,0,0,0
34244,1,0,0,0,0
34245,1,0,0,0,0
34246,1,0,0,0,0
34247,1,0,0,0,0
34248,1,0,0,0,0
34249,1,0,0,0,0
34250,1,0,0,0,0
34251,1,0,0,0,0
34252,1,0,0,0,0
34253,1,0,0,0,0
34254,1,0,0,0,0
34255,1,0,0,0,0
34256,1,0,0,0,0
34257,1,0,0,0,0
34258,1,0,0,0,0
34259,1,0,0,0,0
34260,1,0,0,0,0
34261,1,0,0,0,0
34262,1,0,0,0,0
34263,1,0,0,0,0
34264,1,0,0,0,0
34265,1,0,0,0,0
34266,1,0,0,0,0
34267,1,0,0,0,0
34268,1,0,0,0,0
34269,1,0,0,0,0
34270,1,0,0,0,0
34271,1,0,0,0,0
34272,1,0,0,0,0
34273,1,0,0,0,0
34274,1,0,0,0,0
34275,1,0,0,0,0
34276,1,0,0,0,0
34277,1,0,0,0,0
34278,1,0,0,0,0
34279,1,0,0,0,0
34280,1,0,0,0,0
34281,1,0,0,0,0
34282,1,0,0,0,0
34283,1,0,0,0,0
34284,1,0,0,0,0
34285,1,0,0,0,0
34286,1,0,0,0,0
34287,1,0,0,0,0
34288,1,0,0,0,0
34289,1,0,0,0,0
34290,1,0,0,0,0
34291,1,0,0,0,0
34292,0,0,1,0,0
34293,0,0,1,0,0
34294,0,0,1,0,0
34295,0,0,1,0,0
34296,0,0,1,0,0
34297,0,0,1,0,0
34298,0,0,1,0,0
34299,0,0,1,0,0
34300,0,0,1,0,0
34301,0,0,1,0,0
34302,0,0,1,0,0
34303,0,0,1,0,0
34304,0,0,1,0,0
34305,0,0,1,0,0
34306,0,0,1,0,0
34307,0,0,1,0,0
34308,0,0,1,0,0
34309,0,0,1,0,0
34310,1,0,0,0,0
34311,1,0,0,0,0
34312,1,0,0,0,0
34313,1,0,0,0,0
34314,1,0,0,0,0
34315,1,0,0,0,0
34316,1,0,0,0,0
34317,1,0,0,0,0
34318,1,0,0,0,0
34319,1,0,0,0,0
34320,1,0,0,0,0
34321,1,0,0,0,0
34322,1,0,0,0,0
34323,1,0,0,0,0
34324,1,0,0,0,0
34325,1,0,0,0,0
34326,1,0,0,0,0
34327,1,0,0,0,0
34328,1,0,0,0,0
34329,1,0,0,0,0
34330,1,0,0,0,0
34331,1,0,0,0,0
34332,1,0,0,0,0
34333,1,0,0,0,0
34334,1,0,0,0,0
34335,1,0,0,0,0
34336,1,0,0,0,0
34337,1,0,0,0,0
34338,1,0,0,0,0
34339,1,0,0,0,0
34340,1,0,0,0,0
34341,1,0,0,0,0
34342,1,0,0,0,0
34343,1,0,0,0,0
34344,1,0,0,0,0
34345,1,0,0,0,0
34346,1,0,0,0,0
34347,1,0,0,0,0
34348,1,0,0,0,0
34349,1,0,0,0,0
34350,1,0,0,0,0
34351,1,0,0,0,0
34352,1,0,0,0,0
34353,1,0,0,0,0
34354,1,0,0,0,0
34355,1,0,0,0,0
34356,1,0,0,0,0
34357,1,0,0,0,0
34358,1,0,0,0,0
34359,1,0,0,0,0
34360,1,0,0,0,0
34361,1,0,0,0,0
34362,1,0,0,0,0
34363,1,0,0,0,0
34364,1,0,0,0,0
34365,1,0,0,0,0
34366,1,0,0,0,0
34367,1,0,0,0,0
34368,1,0,0,0,0
34369,1,0,0,0,0
34370,1,0,0,0,0
34371,1,0,0,0,0
34372,1,0,0,0,0
34373,1,0,0,0,0
34374,1,0,0,0,0
34375,1,0,0,0,0
34376,1,0,0,0,0
34377,1,0,0,0,0
34378,1,0,0,0,0
34379,1,0,0,0,0
34380,1,0,0,0,0
34381,1,0,0,0,0
34382,1,0,0,0,0
34383,1,0,0,0,0
34384,1,0,0,0,0
34385,1,0,0,0,0
34386,1,0,0,0,0
34387,1,0,0,0,0
34388,1,0,0,0,0
34389,1,0,0,0,0
34390,1,0,0,0,0
34391,1,0,0,0,0
34392,1,0,0,0,0
34393,1,0,0,0,0
34394,1,0,0,0,0
34395,1,0,0,0,0
34396,1,0,0,0,0
34397,1,0,0,0,0
34398,1,0,0,0,0
34399,1,0,0,0,0
34400,1,0,0,0,0
34401,1,0,0,0,0
34402,1,0,0,0,0
34403,1,0,0,0,0
34404,1,0,0,0,0
34405,1,0,0,0,0
34406,1,0,0,0,0
34407,1,0,0,0,0
34408,1,0,0,0,0
34409,1,0,0,0,0
34410,1,0,0,0,0
34411,1,0,0,0,0
34412,1,0,0,0,0
34413,1,0,0,0,0
34414,1,0,0,0,0
34415,1,0,0,0,0
34416,1,0,0,0,0
34417,1,0,0,0,0
34418,1,0,0,0,0
34419,1,0,0,0,0
34420,1,0,0,0,0
34421,1,0,0,0,0
34422,1,0,0,0,0
34423,1,0,0,0,0
34424,1,0,0,0,0
34425,1,0,0,0,0
34426,1,0,0,0,0
34427,1,0,0,0,0
34428,1,0,0,0,0
34429,1,0,0,0,0
34430,1,0,0,0,0
34431,1,0,0,0,0
34432,1,0,0,0,0
34433,1,0,0,0,0
34434,1,0,0,0,0
34435,1,0,0,0,0
34436,1,0,0,0,0
34437,1,0,0,0,0
34438,1,0,0,0,0
34439,1,0,0,0,0
34440,1,0,0,0,0
34441,1,0,0,0,0
34442,1,0,0,0,0
34443,1,0,0,0,0
34444,1,0,0,0,0
34445,1,0,0,0,0
34446,1,0,0,0,0
34447,1,0,0,0,0
34448,1,0,0,0,0
34449,1,0,0,0,0
34450,1,0,0,0,0
34451,1,0,0,0,0
34452,1,0,0,0,0
34453,1,0,0,0,0
34454,1,0,0,0,0
34455,1,0,0,0,0
34456,1,0,0,0,0
34457,1,0,0,0,0
34458,1,0,0,0,0
34459,1,0,0,0,0
34460,1,0,0,0,0
34461,1,0,0,0,0
34462,1,0,0,0,0
34463,1,0,0,0,0
34464,1,0,0,0,0
34465,1,0,0,0,0
34466,1,0,0,0,0
34467,1,0,0,0,0
34468,1,0,0,0,0
34469,1,0,0,0,0
34470,1,0,0,0,0
34471,1,0,0,0,0
34472,1,0,0,0,0
34473,1,0,0,0,0
34474,1,0,0,0,0
34475,1,0,0,0,0
34476,1,0,0,0,0
34477,1,0,0,0,0
34478,1,0,0,0,0
34479,1,0,0,0,0
34480,1,0,0,0,0
34481,1,0,0,0,0
34482,1,0,0,0,0
34483,1,0,0,0,0
34484,1,0,0,0,0
34485,1,0,0,0,0
34486,1,0,0,0,0
34487,1,0,0,0,0
34488,1,0,0,0,0
34489,1,0,0,0,0
34490,1,0,0,0,0
34491,1,0,0,0,0
34492,1,0,0,0,0
34493,1,0,0,0,0
34494,1,0,0,0,0
34495,1,0,0,0,0
34496,1,0,0,0,0
34497,1,0,0,0,0
34498,1,0,0,0,0
34499,1,0,0,0,0
34500,1,0,0,0,0
34501,1,0,0,0,0
34502,1,0,0,0,0
34503,1,0,0,0,0
34504,1,0,0,0,0
34505,1,0,0,0,0
34506,1,0,0,0,0
34507,1,0,0,0,0
34508,1,0,0,0,0
34509,1,0,0,0,0
34510,1,0,0,0,0
34511,1,0,0,0,0
34512,1,0,0,0,0
34513,1,0,0,0,0
34514,1,0,0,0,0
34515,1,0,0,0,0
34516,1,0,0,0,0
34517,1,0,0,0,0
34518,1,0,0,0,0
34519,1,0,0,0,0
34520,1,0,0,0,0
34521,1,0,0,0,0
34522,1,0,0,0,0
34523,1,0,0,0,0
34524,1,0,0,0,0
34525,1,0,0,0,0
34526,1,0,0,0,0
34527,1,0,0,0,0
34528,1,0,0,0,0
34529,1,0,0,0,0
34530,1,0,0,0,0
34531,1,0,0,0,0
34532,1,0,0,0,0
34533,1,0,0,0,0
34534,1,0,0,0,0
34535,1,0,0,0,0
34536,1,0,0,0,0
34537,1,0,0,0,0
34538,1,0,0,0,0
34539,1,0,0,0,0
34540,1,0,0,0,0
34541,1,0,0,0,0
34542,1,0,0,0,0
34543,1,0,0,0,0
34544,1,0,0,0,0
34545,1,0,0,0,0
34546,1,0,0,0,0
34547,1,0,0,0,0
34548,1,0,0,0,0
34549,1,0,0,0,0
34550,1,0,0,0,0
34551,1,0,0,0,0
34552,1,0,0,0,0
34553,1,0,0,0,0
34554,1,0,0,0,0
34555,1,0,0,0,0
34556,1,0,0,0,0
34557,1,0,0,0,0
34558,1,0,0,0,0
34559,1,0,0,0,0
34560,1,0,0,0,0
34561,1,0,0,0,0
34562,1,0,0,0,0
34563,1,0,0,0,0
34564,1,0,0,0,0
34565,1,0,0,0,0
34566,1,0,0,0,0
34567,1,0,0,0,0
34568,1,0,0,0,0
34569,1,0,0,0,0
34570,1,0,0,0,0
34571,1,0,0,0,0
34572,1,0,0,0,0
34573,1,0,0,0,0
34574,1,0,0,0,0
34575,1,0,0,0,0
34576,1,0,0,0,0
34577,1,0,0,0,0
34578,1,0,0,0,0
34579,1,0,0,0,0
34580,1,0,0,0,0
34581,1,0,0,0,0
34582,1,0,0,0,0
34583,1,0,0,0,0
34584,1,0,0,0,0
34585,1,0,0,0,0
34586,1,0,0,0,0
34587,1,0,0,0,0
34588,1,0,0,0,0
34589,1,0,0,0,0
34590,1,0,0,0,0
34591,1,0,0,0,0
34592,1,0,0,0,0
34593,1,0,0,0,0
34594,1,0,0,0,0
34595,1,0,0,0,0
34596,1,0,0,0,0
34597,1,0,0,0,0
34598,1,0,0,0,0
34599,1,0,0,0,0
34600,1,0,0,0,0
34601,1,0,0,0,0
34602,1,0,0,0,0
34603,1,0,0,0,0
34604,1,0,0,0,0
34605,1,0,0,0,0
34606,1,0,0,0,0
34607,1,0,0,0,0
34608,1,0,0,0,0
34609,1,0,0,0,0
34610,1,0,0,0,0
34611,1,0,0,0,0
34612,1,0,0,0,0
34613,1,0,0,0,0
34614,1,0,0,0,0
34615,1,0,0,0,0
34616,1,0,0,0,0
34617,1,0,0,0,0
34618,1,0,0,0,0
34619,1,0,0,0,0
34620,1,0,0,0,0
34621,1,0,0,0,0
34622,1,0,0,0,0
34623,1,0,0,0,0
34624,1,0,0,0,0
34625,1,0,0,0,0
34626,1,0,0,0,0
34627,1,0,0,0,0
34628,1,0,0,0,0
34629,1,0,0,0,0
34630,1,0,0,0,0
34631,1,0,0,0,0
34632,1,0,0,0,0
34633,1,0,0,0,0
34634,1,0,0,0,0
34635,1,0,0,0,0
34636,1,0,0,0,0
34637,1,0,0,0,0
34638,1,0,0,0,0
34639,1,0,0,0,0
34640,1,0,0,0,0
34641,1,0,0,0,0
34642,1,0,0,0,0
34643,1,0,0,0,0
34644,1,0,0,0,0
34645,1,0,0,0,0
34646,1,0,0,0,0
34647,1,0,0,0,0
34648,1,0,0,0,0
34649,1,0,0,0,0
34650,1,0,0,0,0
34651,1,0,0,0,0
34652,1,0,0,0,0
34653,1,0,0,0,0
34654,1,0,0,0,0
34655,1,0,0,0,0
34656,1,0,0,0,0
34657,1,0,0,0,0
34658,1,0,0,0,0
34659,1,0,0,0,0
34660,1,0,0,0,0
34661,1,0,0,0,0
34662,1,0,0,0,0
34663,1,0,0,0,0
34664,1,0,0,0,0
34665,1,0,0,0,0
34666,1,0,0,0,0
34667,0,0,0,0,1
34668,0,0,0,0,1
34669,0,0,0,0,1
34670,0,0,0,0,1
34671,0,0,0,0,1
34672,0,0,0,0,1
34673,0,0,0,0,1
34674,0,0,0,0,1
34675,0,0,0,0,1
34676,0,0,0,0,1
34677,0,0,0,0,1
34678,0,0,0,0,1
34679,0,0,0,0,1
34680,0,0,0,0,1
34681,0,0,0,0,1
34682,0,0,0,0,1
34683,0,0,0,0,1
34684,0,0,0,0,1
34685,0,0,0,0,1
34686,0,0,0,0,1
34687,0,0,0,0,1
34688,0,0,0,0,1
34689,0,0,0,0,1
34690,0,0,0,0,1
34691,0,0,0,0,1
34692,0,0,0,0,1
34693,0,0,0,0,1
34694,0,0,0,0,1
34695,0,0,0,0,1
34696,0,0,0,0,1
34697,0,0,0,0,1
34698,0,0,0,0,1
34699,0,0,0,0,1
34700,1,0,0,0,0
34701,1,0,0,0,0
34702,1,0,0,0,0
34703,1,0,0,0,0
34704,1,0,0,0,0
34705,1,0,0,0,0
34706,1,0,0,0,0
34707,1,0,0,0,0
34708,1,0,0,0,0
34709,1,0,0,0,0
34710,1,0,0,0,0
34711,1,0,0,0,0
34712,1,0,0,0,0
34713,1,0,0,0,0
34714,1,0,0,0,0
34715,1,0,0,0,0
34716,1,0,0,0,0
34717,1,0,0,0,0
34718,1,0,0,0,0
34719,1,0,0,0,0
34720,1,0,0,0,0
34721,1,0,0,0,0
34722,1,0,0,0,0
34723,1,0,0,0,0
34724,1,0,0,0,0
34725,1,0,0,0,0
34726,1,0,0,0,0
34727,1,0,0,0,0
34728,1,0,0,0,0
34729,1,0,0,0,0
34730,1,0,0,0,0
34731,1,0,0,0,0
34732,1,0,0,0,0
34733,1,0,0,0,0
34734,1,0,0,0,0
34735,1,0,0,0,0
34736,1,0,0,0,0
34737,1,0,0,0,0
34738,1,0,0,0,0
34739,1,0,0,0,0
34740,1,0,0,0,0
34741,1,0,0,0,0
34742,1,0,0,0,0
34743,1,0,0,0,0
34744,1,0,0,0,0
34745,1,0,0,0,0
34746,1,0,0,0,0
34747,1,0,0,0,0
34748,1,0,0,0,0
34749,1,0,0,0,0
34750,1,0,0,0,0
34751,1,0,0,0,0
34752,1,0,0,0,0
34753,1,0,0,0,0
34754,1,0,0,0,0
34755,1,0,0,0,0
34756,1,0,0,0,0
34757,1,0,0,0,0
34758,1,0,0,0,0
34759,1,0,0,0,0
34760,1,0,0,0,0
34761,1,0,0,0,0
34762,1,0,0,0,0
34763,1,0,0,0,0
34764,1,0,0,0,0
34765,1,0,0,0,0
34766,1,0,0,0,0
34767,1,0,0,0,0
34768,1,0,0,0,0
34769,1,0,0,0,0
34770,1,0,0,0,0
34771,1,0,0,0,0
34772,1,0,0,0,0
34773,1,0,0,0,0
34774,1,0,0,0,0
34775,1,0,0,0,0
34776,1,0,0,0,0
34777,1,0,0,0,0
34778,1,0,0,0,0
34779,1,0,0,0,0
34780,1,0,0,0,0
34781,1,0,0,0,0
34782,1,0,0,0,0
34783,1,0,0,0,0
34784,1,0,0,0,0
34785,1,0,0,0,0
34786,1,0,0,0,0
34787,1,0,0,0,0
34788,1,0,0,0,0
34789,1,0,0,0,0
34790,1,0,0,0,0
34791,1,0,0,0,0
34792,1,0,0,0,0
34793,1,0,0,0,0
34794,1,0,0,0,0
34795,1,0,0,0,0
34796,1,0,0,0,0
34797,1,0,0,0,0
34798,1,0,0,0,0
34799,1,0,0,0,0
34800,1,0,0,0,0
34801,1,0,0,0,0
34802,1,0,0,0,0
34803,1,0,0,0,0
34804,1,0,0,0,0
34805,1,0,0,0,0
34806,1,0,0,0,0
34807,1,0,0,0,0
34808,1,0,0,0,0
34809,1,0,0,0,0
34810,1,0,0,0,0
34811,1,0,0,0,0
34812,1,0,0,0,0
34813,1,0,0,0,0
34814,1,0,0,0,0
34815,1,0,0,0,0
34816,1,0,0,0,0
34817,1,0,0,0,0
34818,1,0,0,0,0
34819,1,0,0,0,0
34820,1,0,0,0,0
34821,1,0,0,0,0
34822,1,0,0,0,0
34823,0,0,1,0,0
34824,0,0,1,0,0
34825,0,0,1,0,0
34826,0,0,1,0,0
34827,0,0,1,0,0
34828,0,0,1,0,0
34829,0,0,1,0,0
34830,0,0,1,0,0
34831,0,0,1,0,0
34832,0,0,1,0,0
34833,0,0,1,0,0
34834,0,0,1,0,0
34835,0,0,1,0,0
34836,0,0,1,0,0
34837,0,0,1,0,0
34838,0,0,1,0,0
34839,0,0,1,0,0
34840,0,0,1,0,0
34841,0,0,1,0,0
34842,0,0,1,0,0
34843,0,0,1,0,0
34844,0,0,1,0,0
34845,0,0,1,0,0
34846,0,0,1,0,0
34847,1,0,0,0,0
34848,1,0,0,0,0
34849,1,0,0,0,0
34850,1,0,0,0,0
34851,1,0,0,0,0
34852,1,0,0,0,0
34853,1,0,0,0,0
34854,1,0,0,0,0
34855,1,0,0,0,0
34856,1,0,0,0,0
34857,1,0,0,0,0
34858,1,0,0,0,0
34859,1,0,0,0,0
34860,1,0,0,0,0
34861,1,0,0,0,0
34862,1,0,0,0,0
34863,1,0,0,0,0
34864,1,0,0,0,0
34865,1,0,0,0,0
34866,1,0,0,0,0
34867,1,0,0,0,0
34868,1,0,0,0,0
34869,1,0,0,0,0
34870,1,0,0,0,0
34871,1,0,0,0,0
34872,1,0,0,0,0
34873,1,0,0,0,0
34874,1,0,0,0,0
34875,1,0,0,0,0
34876,1,0,0,0,0
34877,1,0,0,0,0
34878,1,0,0,0,0
34879,1,0,0,0,0
34880,0,0,0,0,1
34881,0,0,0,0,1
34882,0,0,0,0,1
34883,0,0,0,0,1
34884,0,0,0,0,1
34885,0,0,0,0,1
34886,0,0,0,0,1
34887,0,0,0,0,1
34888,0,0,0,0,1
34889,0,0,0,0,1
34890,0,0,0,0,1
34891,0,0,0,0,1
34892,0,0,0,0,1
34893,0,0,0,0,1
34894,0,0,0,0,1
34895,0,0,0,0,1
34896,0,0,0,0,1
34897,0,0,0,0,1
34898,0,0,0,0,1
34899,0,0,0,0,1
34900,0,0,0,0,1
34901,0,0,0,0,1
34902,0,0,0,0,1
34903,0,0,0,0,1
34904,0,0,0,0,1
34905,0,0,0,0,1
34906,0,0,0,0,1
34907,0,0,0,0,1
34908,0,0,0,0,1
34909,0,0,0,0,1
34910,0,0,0,0,1
34911,0,0,0,0,1
34912,0,0,0,0,1
34913,0,0,0,0,1
34914,0,0,0,0,1
34915,0,0,0,0,1
34916,0,0,0,0,1
34917,0,0,0,0,1
34918,0,0,0,0,1
34919,0,0,0,0,1
34920,0,0,0,0,1
34921,0,0,0,0,1
34922,0,0,0,0,1
34923,0,0,0,0,1
34924,0,0,0,0,1
34925,0,0,0,0,1
34926,0,0,0,0,1
34927,0,0,0,0,1
34928,0,0,0,0,1
34929,0,0,0,0,1
34930,0,0,0,0,1
34931,0,0,0,0,1
34932,0,0,0,0,1
34933,0,0,0,0,1
34934,0,0,0,0,1
34935,0,0,0,0,1
34936,0,0,0,0,1
34937,0,0,0,0,1
34938,0,0,0,0,1
34939,0,0,0,0,1
34940,0,0,0,0,1
34941,0,0,0,0,1
34942,0,0,0,0,1
34943,0,0,0,0,1
34944,0,0,0,0,1
34945,1,0,0,0,0
34946,1,0,0,0,0
34947,1,0,0,0,0
34948,1,0,0,0,0
34949,1,0,0,0,0
34950,1,0,0,0,0
34951,1,0,0,0,0
34952,1,0,0,0,0
34953,1,0,0,0,0
34954,1,0,0,0,0
34955,1,0,0,0,0
34956,1,0,0,0,0
34957,1,0,0,0,0
34958,1,0,0,0,0
34959,1,0,0,0,0
34960,1,0,0,0,0
34961,1,0,0,0,0
34962,1,0,0,0,0
34963,1,0,0,0,0
34964,1,0,0,0,0
34965,1,0,0,0,0
34966,1,0,0,0,0
34967,1,0,0,0,0
34968,1,0,0,0,0
34969,1,0,0,0,0
34970,1,0,0,0,0
34971,1,0,0,0,0
34972,0,0,0,0,1
34973,0,0,0,0,1
34974,0,0,0,0,1
34975,0,0,0,0,1
34976,0,0,0,0,1
34977,0,0,0,0,1
34978,0,0,0,0,1
34979,0,0,0,0,1
34980,0,0,0,0,1
34981,0,0,0,0,1
34982,0,0,0,0,1
34983,0,0,0,0,1
34984,0,0,0,0,1
34985,0,0,0,0,1
34986,0,0,0,0,1
34987,0,0,0,0,1
34988,0,0,0,0,1
34989,0,0,0,0,1
34990,0,0,0,0,1
34991,0,0,0,0,1
34992,0,0,0,0,1
34993,0,0,0,0,1
34994,0,0,0,0,1
34995,0,0,0,0,1
34996,0,0,0,0,1
34997,0,0,0,0,1
34998,0,0,0,0,1
34999,0,0,0,0,1
35000,0,0,0,0,1
35001,0,0,0,0,1
35002,0,0,0,0,1
35003,0,0,0,0,1
35004,0,0,0,0,1
35005,0,0,0,0,1
35006,0,0,0,0,1
35007,0,0,0,0,1
35008,0,0,0,0,1
35009,0,0,0,0,1
35010,0,0,0,0,1
35011,0,0,0,0,1
35012,0,0,0,0,1
35013,0,0,0,0,1
35014,0,0,0,0,1
35015,0,0,0,0,1
35016,0,0,0,0,1
35017,0,0,0,0,1
35018,0,0,0,0,1
35019,0,0,0,0,1
35020,0,0,0,0,1
35021,0,0,0,0,1
35022,0,0,0,0,1
35023,0,0,0,0,1
35024,0,0,0,0,1
35025,0,0,0,0,1
35026,0,0,0,0,1
35027,0,0,0,0,1
35028,0,0,0,0,1
35029,0,0,0,0,1
35030,0,0,0,0,1
35031,0,0,0,0,1
35032,0,0,0,0,1
35033,0,0,0,0,1
35034,0,0,0,0,1
35035,0,0,0,0,1
35036,0,0,0,0,1
35037,0,0,0,0,1
35038,0,0,0,0,1
35039,0,0,0,0,1
35040,0,0,0,0,1
35041,0,0,0,0,1
35042,0,0,0,0,1
35043,0,0,0,0,1
35044,0,0,0,0,1
35045,0,0,0,0,1
35046,0,0,0,0,1
35047,0,0,0,0,1
35048,0,0,0,0,1
35049,0,0,0,0,1
35050,0,0,0,0,1
35051,0,0,0,0,1
35052,0,0,0,0,1
35053,0,0,0,0,1
35054,0,0,0,0,1
35055,0,0,0,0,1
35056,0,0,0,0,1
35057,0,0,0,0,1
35058,0,0,0,0,1
35059,0,0,0,0,1
35060,0,0,0,0,1
35061,0,0,0,0,1
35062,0,0,0,0,1
35063,0,0,0,0,1
35064,0,0,0,0,1
35065,0,0,0,0,1
35066,0,0,0,0,1
35067,0,0,0,0,1
35068,0,0,0,0,1
35069,0,0,0,0,1
35070,0,0,0,0,1
35071,0,0,0,0,1
35072,0,0,0,0,1
35073,0,0,0,0,1
35074,0,0,0,0,1
35075,0,0,0,0,1
35076,0,0,0,0,1
35077,0,0,0,0,1
35078,0,0,0,0,1
35079,1,0,0,0,0
35080,1,0,0,0,0
35081,1,0,0,0,0
35082,1,0,0,0,0
35083,1,0,0,0,0
35084,1,0,0,0,0
35085,1,0,0,0,0
35086,1,0,0,0,0
35087,1,0,0,0,0
35088,1,0,0,0,0
35089,1,0,0,0,0
35090,1,0,0,0,0
35091,1,0,0,0,0
35092,1,0,0,0,0
35093,1,0,0,0,0
35094,1,0,0,0,0
35095,1,0,0,0,0
35096,1,0,0,0,0
35097,1,0,0,0,0
35098,1,0,0,0,0
35099,1,0,0,0,0
35100,0,0,0,0,1
35101,0,0,0,0,1
35102,0,0,0,0,1
35103,0,0,0,0,1
35104,0,0,0,0,1
35105,0,0,0,0,1
35106,0,0,0,0,1
35107,0,0,0,0,1
35108,0,0,0,0,1
35109,1,0,0,0,0
35110,1,0,0,0,0
35111,1,0,0,0,0
35112,1,0,0,0,0
35113,1,0,0,0,0
35114,1,0,0,0,0
35115,1,0,0,0,0
35116,1,0,0,0,0
35117,1,0,0,0,0
35118,1,0,0,0,0
35119,1,0,0,0,0
35120,1,0,0,0,0
35121,1,0,0,0,0
35122,1,0,0,0,0
35123,1,0,0,0,0
35124,1,0,0,0,0
35125,1,0,0,0,0
35126,1,0,0,0,0
35127,1,0,0,0,0
35128,1,0,0,0,0
35129,0,0,1,0,0
35130,0,0,1,0,0
35131,0,0,1,0,0
35132,0,0,1,0,0
35133,0,0,1,0,0
35134,0,0,1,0,0
35135,0,0,1,0,0
35136,0,0,1,0,0
35137,0,0,1,0,0
35138,0,0,1,0,0
35139,0,0,1,0,0
35140,0,0,1,0,0
35141,0,0,1,0,0
35142,0,0,1,0,0
35143,0,0,1,0,0
35144,0,0,1,0,0
35145,0,0,1,0,0
35146,0,0,1,0,0
35147,0,0,1,0,0
35148,0,0,1,0,0
35149,0,0,1,0,0
35150,0,0,1,0,0
35151,0,0,1,0,0
35152,0,0,1,0,0
35153,0,0,1,0,0
35154,0,0,1,0,0
35155,0,0,1,0,0
35156,0,0,1,0,0
35157,0,0,1,0,0
35158,0,0,1,0,0
35159,0,0,1,0,0
35160,0,0,1,0,0
35161,0,0,1,0,0
35162,0,0,1,0,0
35163,0,0,1,0,0
35164,1,0,0,0,0
35165,1,0,0,0,0
35166,1,0,0,0,0
35167,1,0,0,0,0
35168,1,0,0,0,0
35169,1,0,0,0,0
35170,1,0,0,0,0
35171,1,0,0,0,0
35172,1,0,0,0,0
35173,1,0,0,0,0
35174,1,0,0,0,0
35175,1,0,0,0,0
35176,1,0,0,0,0
35177,1,0,0,0,0
35178,1,0,0,0,0
35179,1,0,0,0,0
35180,1,0,0,0,0
35181,1,0,0,0,0
35182,1,0,0,0,0
35183,1,0,0,0,0
35184,1,0,0,0,0
35185,1,0,0,0,0
35186,1,0,0,0,0
35187,1,0,0,0,0
35188,1,0,0,0,0
35189,1,0,0,0,0
35190,1,0,0,0,0
35191,1,0,0,0,0
35192,1,0,0,0,0
35193,1,0,0,0,0
35194,1,0,0,0,0
35195,1,0,0,0,0
35196,1,0,0,0,0
35197,1,0,0,0,0
35198,1,0,0,0,0
35199,1,0,0,0,0
35200,1,0,0,0,0
35201,1,0,0,0,0
35202,1,0,0,0,0
35203,1,0,0,0,0
35204,1,0,0,0,0
35205,1,0,0,0,0
35206,1,0,0,0,0
35207,1,0,0,0,0
35208,1,0,0,0,0
35209,1,0,0,0,0
35210,1,0,0,0,0
35211,1,0,0,0,0
35212,1,0,0,0,0
35213,1,0,0,0,0
35214,1,0,0,0,0
35215,1,0,0,0,0
35216,1,0,0,0,0
35217,1,0,0,0,0
35218,1,0,0,0,0
35219,1,0,0,0,0
35220,1,0,0,0,0
35221,0,0,0,0,1
35222,0,0,0,0,1
35223,0,0,0,0,1
35224,0,0,0,0,1
35225,0,0,0,0,1
35226,0,0,0,0,1
35227,0,0,0,0,1
35228,0,0,0,0,1
35229,0,0,0,0,1
35230,0,0,0,0,1
35231,0,0,0,0,1
35232,0,0,0,0,1
35233,0,0,0,0,1
35234,0,0,0,0,1
35235,0,0,0,0,1
35236,0,0,0,0,1
35237,0,0,0,0,1
35238,0,0,0,0,1
35239,0,0,0,0,1
35240,0,0,0,0,1
35241,0,0,0,0,1
35242,0,0,0,0,1
35243,0,0,0,0,1
35244,0,0,0,0,1
35245,0,0,0,0,1
35246,0,0,0,0,1
35247,0,0,0,0,1
35248,0,0,0,0,1
35249,0,0,0,0,1
35250,1,0,0,0,0
35251,1,0,0,0,0
35252,1,0,0,0,0
35253,1,0,0,0,0
35254,1,0,0,0,0
35255,1,0,0,0,0
35256,1,0,0,0,0
35257,1,0,0,0,0
35258,1,0,0,0,0
35259,1,0,0,0,0
35260,1,0,0,0,0
35261,1,0,0,0,0
35262,1,0,0,0,0
35263,1,0,0,0,0
35264,1,0,0,0,0
35265,1,0,0,0,0
35266,1,0,0,0,0
35267,1,0,0,0,0
35268,1,0,0,0,0
35269,0,0,1,0,0
35270,0,0,1,0,0
35271,0,0,1,0,0
35272,0,0,1,0,0
35273,0,0,1,0,0
35274,0,0,1,0,0
35275,0,0,1,0,0
35276,0,0,1,0,0
35277,0,0,1,0,0
35278,0,0,1,0,0
35279,0,0,1,0,0
35280,0,0,1,0,0
35281,0,0,1,0,0
35282,0,0,1,0,0
35283,0,0,1,0,0
35284,0,0,1,0,0
35285,0,0,1,0,0
35286,0,0,1,0,0
35287,1,0,0,0,0
35288,1,0,0,0,0
35289,1,0,0,0,0
35290,1,0,0,0,0
35291,1,0,0,0,0
35292,1,0,0,0,0
35293,1,0,0,0,0
35294,1,0,0,0,0
35295,1,0,0,0,0
35296,1,0,0,0,0
35297,1,0,0,0,0
35298,1,0,0,0,0
35299,1,0,0,0,0
35300,1,0,0,0,0
35301,1,0,0,0,0
35302,1,0,0,0,0
35303,1,0,0,0,0
35304,1,0,0,0,0
35305,1,0,0,0,0
35306,1,0,0,0,0
35307,1,0,0,0,0
35308,1,0,0,0,0
35309,1,0,0,0,0
35310,1,0,0,0,0
35311,1,0,0,0,0
35312,1,0,0,0,0
35313,1,0,0,0,0
35314,1,0,0,0,0
35315,1,0,0,0,0
35316,1,0,0,0,0
35317,1,0,0,0,0
35318,1,0,0,0,0
35319,1,0,0,0,0
35320,1,0,0,0,0
35321,1,0,0,0,0
35322,1,0,0,0,0
35323,1,0,0,0,0
35324,1,0,0,0,0
35325,1,0,0,0,0
35326,1,0,0,0,0
35327,1,0,0,0,0
35328,1,0,0,0,0
35329,1,0,0,0,0
35330,1,0,0,0,0
35331,1,0,0,0,0
35332,1,0,0,0,0
35333,1,0,0,0,0
35334,1,0,0,0,0
35335,1,0,0,0,0
35336,1,0,0,0,0
35337,1,0,0,0,0
35338,1,0,0,0,0
35339,1,0,0,0,0
35340,1,0,0,0,0
35341,1,0,0,0,0
35342,1,0,0,0,0
35343,1,0,0,0,0
35344,1,0,0,0,0
35345,1,0,0,0,0
35346,1,0,0,0,0
35347,1,0,0,0,0
35348,1,0,0,0,0
35349,1,0,0,0,0
35350,1,0,0,0,0
35351,1,0,0,0,0
35352,1,0,0,0,0
35353,1,0,0,0,0
35354,1,0,0,0,0
35355,1,0,0,0,0
35356,1,0,0,0,0
35357,1,0,0,0,0
35358,1,0,0,0,0
35359,1,0,0,0,0
35360,1,0,0,0,0
35361,1,0,0,0,0
35362,1,0,0,0,0
35363,1,0,0,0,0
35364,1,0,0,0,0
35365,1,0,0,0,0
35366,1,0,0,0,0
35367,1,0,0,0,0
35368,1,0,0,0,0
35369,1,0,0,0,0
35370,1,0,0,0,0
35371,1,0,0,0,0
35372,1,0,0,0,0
35373,1,0,0,0,0
35374,1,0,0,0,0
35375,1,0,0,0,0
35376,1,0,0,0,0
35377,1,0,0,0,0
35378,1,0,0,0,0
35379,1,0,0,0,0
35380,1,0,0,0,0
35381,1,0,0,0,0
35382,1,0,0,0,0
35383,1,0,0,0,0
35384,1,0,0,0,0
35385,1,0,0,0,0
35386,1,0,0,0,0
35387,1,0,0,0,0
35388,1,0,0,0,0
35389,1,0,0,0,0
35390,1,0,0,0,0
35391,1,0,0,0,0
35392,1,0,0,0,0
35393,1,0,0,0,0
35394,1,0,0,0,0
35395,1,0,0,0,0
35396,1,0,0,0,0
35397,1,0,0,0,0
35398,1,0,0,0,0
35399,1,0,0,0,0
35400,0,1,0,0,0
35401,0,1,0,0,0
35402,0,1,0,0,0
35403,0,1,0,0,0
35404,0,1,0,0,0
35405,0,1,0,0,0
35406,0,1,0,0,0
35407,0,1,0,0,0
35408,0,1,0,0,0
35409,0,1,0,0,0
35410,0,1,0,0,0
35411,0,1,0,0,0
35412,0,1,0,0,0
35413,0,1,0,0,0
35414,0,1,0,0,0
35415,0,1,0,0,0
35416,0,1,0,0,0
35417,0,1,0,0,0
35418,0,1,0,0,0
35419,0,1,0,0,0
35420,0,1,0,0,0
35421,0,1,0,0,0
35422,0,1,0,0,0
35423,0,1,0,0,0
35424,0,1,0,0,0
35425,0,1,0,0,0
35426,0,1,0,0,0
35427,0,1,0,0,0
35428,0,1,0,0,0
35429,0,1,0,0,0
35430,0,1,0,0,0
35431,0,1,0,0,0
35432,0,1,0,0,0
35433,0,1,0,0,0
35434,0,1,0,0,0
35435,0,1,0,0,0
35436,0,1,0,0,0
35437,0,1,0,0,0
35438,0,1,0,0,0
35439,0,1,0,0,0
35440,0,1,0,0,0
35441,0,1,0,0,0
35442,0,1,0,0,0
35443,0,1,0,0,0
35444,0,1,0,0,0
35445,0,1,0,0,0
35446,0,1,0,0,0
35447,0,1,0,0,0
35448,0,1,0,0,0
35449,0,1,0,0,0
35450,0,1,0,0,0
35451,0,1,0,0,0
35452,0,1,0,0,0
35453,0,1,0,0,0
35454,0,1,0,0,0
35455,0,1,0,0,0
35456,0,1,0,0,0
35457,0,1,0,0,0
35458,0,1,0,0,0
35459,0,1,0,0,0
35460,0,1,0,0,0
35461,0,1,0,0,0
35462,0,1,0,0,0
35463,1,0,0,0,0
35464,1,0,0,0,0
35465,1,0,0,0,0
35466,1,0,0,0,0
35467,1,0,0,0,0
35468,1,0,0,0,0
35469,1,0,0,0,0
35470,1,0,0,0,0
35471,1,0,0,0,0
35472,1,0,0,0,0
35473,1,0,0,0,0
35474,1,0,0,0,0
35475,1,0,0,0,0
35476,1,0,0,0,0
35477,1,0,0,0,0
35478,1,0,0,0,0
35479,1,0,0,0,0
35480,1,0,0,0,0
35481,1,0,0,0,0
35482,1,0,0,0,0
35483,1,0,0,0,0
35484,1,0,0,0,0
35485,1,0,0,0,0
35486,1,0,0,0,0
35487,1,0,0,0,0
35488,1,0,0,0,0
35489,1,0,0,0,0
35490,1,0,0,0,0
35491,1,0,0,0,0
35492,1,0,0,0,0
35493,1,0,0,0,0
35494,1,0,0,0,0
35495,1,0,0,0,0
35496,1,0,0,0,0
35497,1,0,0,0,0
35498,1,0,0,0,0
35499,1,0,0,0,0
35500,1,0,0,0,0
35501,1,0,0,0,0
35502,1,0,0,0,0
35503,1,0,0,0,0
35504,1,0,0,0,0
35505,1,0,0,0,0
35506,1,0,0,0,0
35507,1,0,0,0,0
35508,1,0,0,0,0
35509,1,0,0,0,0
35510,1,0,0,0,0
35511,1,0,0,0,0
35512,1,0,0,0,0
35513,1,0,0,0,0
35514,1,0,0,0,0
35515,1,0,0,0,0
35516,1,0,0,0,0
35517,1,0,0,0,0
35518,1,0,0,0,0
35519,1,0,0,0,0
35520,1,0,0,0,0
35521,1,0,0,0,0
35522,1,0,0,0,0
35523,1,0,0,0,0
35524,1,0,0,0,0
35525,1,0,0,0,0
35526,1,0,0,0,0
35527,1,0,0,0,0
35528,1,0,0,0,0
35529,1,0,0,0,0
35530,1,0,0,0,0
35531,1,0,0,0,0
35532,1,0,0,0,0
35533,1,0,0,0,0
35534,1,0,0,0,0
35535,1,0,0,0,0
35536,1,0,0,0,0
35537,1,0,0,0,0
35538,1,0,0,0,0
35539,1,0,0,0,0
35540,1,0,0,0,0
35541,1,0,0,0,0
35542,1,0,0,0,0
35543,1,0,0,0,0
35544,1,0,0,0,0
35545,1,0,0,0,0
35546,1,0,0,0,0
35547,1,0,0,0,0
35548,1,0,0,0,0
35549,1,0,0,0,0
35550,1,0,0,0,0
35551,1,0,0,0,0
35552,1,0,0,0,0
35553,1,0,0,0,0
35554,1,0,0,0,0
35555,1,0,0,0,0
35556,1,0,0,0,0
35557,1,0,0,0,0
35558,1,0,0,0,0
35559,1,0,0,0,0
35560,1,0,0,0,0
35561,1,0,0,0,0
35562,1,0,0,0,0
35563,1,0,0,0,0
35564,1,0,0,0,0
35565,1,0,0,0,0
35566,1,0,0,0,0
35567,1,0,0,0,0
35568,1,0,0,0,0
35569,1,0,0,0,0
35570,1,0,0,0,0
35571,1,0,0,0,0
35572,1,0,0,0,0
35573,1,0,0,0,0
35574,1,0,0,0,0
35575,1,0,0,0,0
35576,1,0,0,0,0
35577,1,0,0,0,0
35578,1,0,0,0,0
35579,1,0,0,0,0
35580,1,0,0,0,0
35581,1,0,0,0,0
35582,1,0,0,0,0
35583,1,0,0,0,0
35584,1,0,0,0,0
35585,1,0,0,0,0
35586,1,0,0,0,0
35587,1,0,0,0,0
35588,1,0,0,0,0
35589,1,0,0,0,0
35590,1,0,0,0,0
35591,1,0,0,0,0
35592,1,0,0,0,0
35593,1,0,0,0,0
35594,1,0,0,0,0
35595,1,0,0,0,0
35596,1,0,0,0,0
35597,1,0,0,0,0
35598,1,0,0,0,0
35599,1,0,0,0,0
35600,1,0,0,0,0
35601,1,0,0,0,0
35602,1,0,0,0,0
35603,1,0,0,0,0
35604,1,0,0,0,0
35605,1,0,0,0,0
35606,1,0,0,0,0
35607,1,0,0,0,0
35608,1,0,0,0,0
35609,1,0,0,0,0
35610,1,0,0,0,0
35611,1,0,0,0,0
35612,1,0,0,0,0
35613,1,0,0,0,0
35614,1,0,0,0,0
35615,1,0,0,0,0
35616,1,0,0,0,0
35617,1,0,0,0,0
35618,1,0,0,0,0
35619,1,0,0,0,0
35620,1,0,0,0,0
35621,0,0,0,0,1
35622,0,0,0,0,1
35623,0,0,0,0,1
35624,0,0,0,0,1
35625,0,0,0,0,1
35626,0,0,0,0,1
35627,0,0,0,0,1
35628,0,0,0,0,1
35629,0,0,0,0,1
35630,0,0,0,0,1
35631,0,0,0,0,1
35632,0,0,0,0,1
35633,0,0,0,0,1
35634,0,0,0,0,1
35635,0,0,0,0,1
35636,0,0,0,0,1
35637,0,0,0,0,1
35638,0,0,0,0,1
35639,0,0,0,0,1
35640,0,0,0,0,1
35641,0,0,0,0,1
35642,0,0,0,0,1
35643,0,0,0,0,1
35644,0,0,0,0,1
35645,0,0,0,0,1
35646,0,0,0,0,1
35647,0,0,0,0,1
35648,0,0,0,0,1
35649,1,0,0,0,0
35650,1,0,0,0,0
35651,1,0,0,0,0
35652,1,0,0,0,0
35653,1,0,0,0,0
35654,1,0,0,0,0
35655,1,0,0,0,0
35656,1,0,0,0,0
35657,1,0,0,0,0
35658,1,0,0,0,0
35659,1,0,0,0,0
35660,1,0,0,0,0
35661,1,0,0,0,0
35662,1,0,0,0,0
35663,1,0,0,0,0
35664,1,0,0,0,0
35665,1,0,0,0,0
35666,1,0,0,0,0
35667,1,0,0,0,0
35668,1,0,0,0,0
35669,1,0,0,0,0
35670,1,0,0,0,0
35671,1,0,0,0,0
35672,1,0,0,0,0
35673,1,0,0,0,0
35674,1,0,0,0,0
35675,1,0,0,0,0
35676,1,0,0,0,0
35677,1,0,0,0,0
35678,1,0,0,0,0
35679,1,0,0,0,0
35680,1,0,0,0,0
35681,1,0,0,0,0
35682,1,0,0,0,0
35683,1,0,0,0,0
35684,1,0,0,0,0
35685,1,0,0,0,0
35686,1,0,0,0,0
35687,1,0,0,0,0
35688,1,0,0,0,0
35689,1,0,0,0,0
35690,1,0,0,0,0
35691,1,0,0,0,0
35692,1,0,0,0,0
35693,1,0,0,0,0
35694,1,0,0,0,0
35695,1,0,0,0,0
35696,1,0,0,0,0
35697,1,0,0,0,0
35698,1,0,0,0,0
35699,1,0,0,0,0
35700,1,0,0,0,0
35701,1,0,0,0,0
35702,1,0,0,0,0
35703,1,0,0,0,0
35704,1,0,0,0,0
35705,1,0,0,0,0
35706,1,0,0,0,0
35707,1,0,0,0,0
35708,1,0,0,0,0
35709,1,0,0,0,0
35710,1,0,0,0,0
35711,1,0,0,0,0
35712,1,0,0,0,0
35713,1,0,0,0,0
35714,1,0,0,0,0
35715,1,0,0,0,0
35716,1,0,0,0,0
35717,1,0,0,0,0
35718,1,0,0,0,0
35719,1,0,0,0,0
35720,1,0,0,0,0
35721,1,0,0,0,0
35722,1,0,0,0,0
35723,1,0,0,0,0
35724,1,0,0,0,0
35725,1,0,0,0,0
35726,1,0,0,0,0
35727,1,0,0,0,0
35728,1,0,0,0,0
35729,1,0,0,0,0
35730,1,0,0,0,0
35731,1,0,0,0,0
35732,1,0,0,0,0
35733,1,0,0,0,0
35734,1,0,0,0,0
35735,1,0,0,0,0
35736,1,0,0,0,0
35737,1,0,0,0,0
35738,1,0,0,0,0
35739,1,0,0,0,0
35740,1,0,0,0,0
35741,1,0,0,0,0
35742,1,0,0,0,0
35743,1,0,0,0,0
35744,1,0,0,0,0
35745,1,0,0,0,0
35746,1,0,0,0,0
35747,1,0,0,0,0
35748,1,0,0,0,0
35749,1,0,0,0,0
35750,1,0,0,0,0
35751,1,0,0,0,0
35752,1,0,0,0,0
35753,1,0,0,0,0
35754,1,0,0,0,0
35755,1,0,0,0,0
35756,1,0,0,0,0
35757,1,0,0,0,0
35758,1,0,0,0,0
35759,1,0,0,0,0
35760,1,0,0,0,0
35761,1,0,0,0,0
35762,1,0,0,0,0
35763,1,0,0,0,0
35764,1,0,0,0,0
35765,1,0,0,0,0
35766,1,0,0,0,0
35767,1,0,0,0,0
35768,1,0,0,0,0
35769,1,0,0,0,0
35770,1,0,0,0,0
35771,1,0,0,0,0
35772,1,0,0,0,0
35773,1,0,0,0,0
35774,1,0,0,0,0
35775,1,0,0,0,0
35776,1,0,0,0,0
35777,1,0,0,0,0
35778,1,0,0,0,0
35779,1,0,0,0,0
35780,1,0,0,0,0
35781,1,0,0,0,0
35782,1,0,0,0,0
35783,1,0,0,0,0
35784,1,0,0,0,0
35785,1,0,0,0,0
35786,1,0,0,0,0
35787,1,0,0,0,0
35788,1,0,0,0,0
35789,1,0,0,0,0
35790,1,0,0,0,0
35791,1,0,0,0,0
35792,1,0,0,0,0
35793,1,0,0,0,0
35794,1,0,0,0,0
35795,1,0,0,0,0
35796,1,0,0,0,0
35797,1,0,0,0,0
35798,1,0,0,0,0
35799,1,0,0,0,0
35800,1,0,0,0,0
35801,1,0,0,0,0
35802,1,0,0,0,0
35803,1,0,0,0,0
35804,1,0,0,0,0
35805,1,0,0,0,0
35806,1,0,0,0,0
35807,1,0,0,0,0
35808,1,0,0,0,0
35809,1,0,0,0,0
35810,1,0,0,0,0
35811,1,0,0,0,0
35812,1,0,0,0,0
35813,1,0,0,0,0
35814,1,0,0,0,0
35815,1,0,0,0,0
35816,1,0,0,0,0
35817,1,0,0,0,0
35818,1,0,0,0,0
35819,1,0,0,0,0
35820,1,0,0,0,0
35821,1,0,0,0,0
35822,1,0,0,0,0
35823,1,0,0,0,0
35824,1,0,0,0,0
35825,1,0,0,0,0
35826,1,0,0,0,0
35827,1,0,0,0,0
35828,1,0,0,0,0
35829,0,0,0,0,1
35830,0,0,0,0,1
35831,0,0,0,0,1
35832,0,0,0,0,1
35833,0,0,0,0,1
35834,0,0,0,0,1
35835,0,0,0,0,1
35836,0,0,0,0,1
35837,0,0,0,0,1
35838,0,0,0,0,1
35839,0,0,0,0,1
35840,0,0,0,0,1
35841,0,0,0,0,1
35842,0,0,0,0,1
35843,0,0,0,0,1
35844,0,0,0,0,1
35845,0,0,0,0,1
35846,0,0,0,0,1
35847,0,0,0,0,1
35848,0,0,0,0,1
35849,0,0,0,0,1
35850,0,0,0,0,1
35851,0,0,0,0,1
35852,0,0,0,0,1
35853,0,0,0,0,1
35854,0,0,0,0,1
35855,0,0,0,0,1
35856,0,0,0,0,1
35857,0,0,0,0,1
35858,0,0,0,0,1
35859,0,0,0,0,1
35860,0,0,0,0,1
35861,0,0,0,0,1
35862,0,0,0,0,1
35863,0,0,0,0,1
35864,0,0,0,0,1
35865,0,0,0,0,1
35866,0,0,0,0,1
35867,0,0,0,0,1
35868,0,0,0,0,1
35869,0,0,0,0,1
35870,0,0,0,0,1
35871,0,0,0,0,1
35872,0,0,0,0,1
35873,0,0,0,0,1
35874,0,0,0,0,1
35875,0,0,0,0,1
35876,1,0,0,0,0
35877,1,0,0,0,0
35878,1,0,0,0,0
35879,1,0,0,0,0
35880,1,0,0,0,0
35881,1,0,0,0,0
35882,1,0,0,0,0
35883,1,0,0,0,0
35884,1,0,0,0,0
35885,1,0,0,0,0
35886,1,0,0,0,0
35887,1,0,0,0,0
35888,1,0,0,0,0
35889,1,0,0,0,0
35890,1,0,0,0,0
35891,1,0,0,0,0
35892,1,0,0,0,0
35893,1,0,0,0,0
35894,1,0,0,0,0
35895,1,0,0,0,0
35896,1,0,0,0,0
35897,1,0,0,0,0
35898,1,0,0,0,0
35899,1,0,0,0,0
35900,1,0,0,0,0
35901,1,0,0,0,0
35902,1,0,0,0,0
35903,1,0,0,0,0
35904,1,0,0,0,0
35905,1,0,0,0,0
35906,1,0,0,0,0
35907,1,0,0,0,0
35908,1,0,0,0,0
35909,1,0,0,0,0
35910,1,0,0,0,0
35911,1,0,0,0,0
35912,1,0,0,0,0
35913,1,0,0,0,0
35914,1,0,0,0,0
35915,1,0,0,0,0
35916,1,0,0,0,0
35917,1,0,0,0,0
35918,1,0,0,0,0
35919,1,0,0,0,0
35920,1,0,0,0,0
35921,1,0,0,0,0
35922,1,0,0,0,0
35923,1,0,0,0,0
35924,1,0,0,0,0
35925,1,0,0,0,0
35926,1,0,0,0,0
35927,1,0,0,0,0
35928,1,0,0,0,0
35929,1,0,0,0,0
35930,1,0,0,0,0
35931,1,0,0,0,0
35932,1,0,0,0,0
35933,1,0,0,0,0
35934,1,0,0,0,0
35935,1,0,0,0,0
35936,1,0,0,0,0
35937,0,0,0,0,1
35938,0,0,0,0,1
35939,0,0,0,0,1
35940,0,0,0,0,1
35941,0,0,0,0,1
35942,0,0,0,0,1
35943,0,0,0,0,1
35944,0,0,0,0,1
35945,0,0,0,0,1
35946,0,0,0,0,1
35947,0,0,0,0,1
35948,0,0,0,0,1
35949,0,0,0,0,1
35950,0,0,0,0,1
35951,0,0,0,0,1
35952,0,0,0,0,1
35953,1,0,0,0,0
35954,1,0,0,0,0
35955,1,0,0,0,0
35956,1,0,0,0,0
35957,1,0,0,0,0
35958,1,0,0,0,0
35959,1,0,0,0,0
35960,1,0,0,0,0
35961,1,0,0,0,0
35962,1,0,0,0,0
35963,1,0,0,0,0
35964,1,0,0,0,0
35965,1,0,0,0,0
35966,1,0,0,0,0
35967,1,0,0,0,0
35968,1,0,0,0,0
35969,1,0,0,0,0
35970,1,0,0,0,0
35971,1,0,0,0,0
35972,1,0,0,0,0
35973,1,0,0,0,0
35974,1,0,0,0,0
35975,1,0,0,0,0
35976,1,0,0,0,0
35977,1,0,0,0,0
35978,1,0,0,0,0
35979,1,0,0,0,0
35980,1,0,0,0,0
35981,1,0,0,0,0
35982,1,0,0,0,0
35983,1,0,0,0,0
35984,1,0,0,0,0
35985,1,0,0,0,0
35986,1,0,0,0,0
35987,1,0,0,0,0
35988,1,0,0,0,0
35989,1,0,0,0,0
35990,1,0,0,0,0
35991,1,0,0,0,0
35992,1,0,0,0,0
35993,1,0,0,0,0
35994,1,0,0,0,0
35995,1,0,0,0,0
35996,1,0,0,0,0
35997,1,0,0,0,0
35998,1,0,0,0,0
35999,1,0,0,0,0
36000,1,0,0,0,0
36001,1,0,0,0,0
36002,1,0,0,0,0
36003,1,0,0,0,0
36004,1,0,0,0,0
36005,1,0,0,0,0
36006,1,0,0,0,0
36007,1,0,0,0,0
36008,1,0,0,0,0
36009,1,0,0,0,0
36010,1,0,0,0,0
36011,1,0,0,0,0
36012,1,0,0,0,0
36013,1,0,0,0,0
36014,1,0,0,0,0
36015,1,0,0,0,0
36016,1,0,0,0,0
36017,1,0,0,0,0
36018,1,0,0,0,0
36019,1,0,0,0,0
36020,1,0,0,0,0
36021,1,0,0,0,0
36022,1,0,0,0,0
36023,1,0,0,0,0
36024,1,0,0,0,0
36025,1,0,0,0,0
36026,1,0,0,0,0
36027,1,0,0,0,0
36028,1,0,0,0,0
36029,1,0,0,0,0
36030,1,0,0,0,0
36031,0,0,0,0,1
36032,0,0,0,0,1
36033,0,0,0,0,1
36034,0,0,0,0,1
36035,0,0,0,0,1
36036,0,0,0,0,1
36037,0,0,0,0,1
36038,0,0,0,0,1
36039,0,0,0,0,1
36040,0,0,0,0,1
36041,0,0,0,0,1
36042,0,0,0,0,1
36043,0,0,0,0,1
36044,0,0,0,0,1
36045,0,0,0,0,1
36046,0,0,0,0,1
36047,0,0,0,0,1
36048,0,0,0,0,1
36049,0,0,0,0,1
36050,0,0,0,0,1
36051,0,0,0,0,1
36052,0,0,0,0,1
36053,0,0,0,0,1
36054,0,0,0,0,1
36055,0,0,0,0,1
36056,0,0,0,0,1
36057,0,0,0,0,1
36058,0,0,0,0,1
36059,0,0,0,0,1
36060,0,0,0,0,1
36061,0,0,0,0,1
36062,0,0,0,0,1
36063,0,0,0,0,1
36064,0,0,0,0,1
36065,0,0,0,0,1
36066,0,0,0,0,1
36067,0,0,0,0,1
36068,0,0,0,0,1
36069,0,0,0,0,1
36070,0,0,0,0,1
36071,0,0,0,0,1
36072,0,0,0,0,1
36073,0,0,0,0,1
36074,0,0,0,0,1
36075,0,0,0,0,1
36076,0,0,0,0,1
36077,0,0,0,0,1
36078,0,0,0,0,1
36079,0,0,0,0,1
36080,0,0,0,0,1
36081,0,0,0,0,1
36082,0,0,0,0,1
36083,0,0,0,0,1
36084,0,0,0,0,1
36085,0,0,0,0,1
36086,1,0,0,0,0
36087,1,0,0,0,0
36088,1,0,0,0,0
36089,1,0,0,0,0
36090,1,0,0,0,0
36091,1,0,0,0,0
36092,1,0,0,0,0
36093,1,0,0,0,0
36094,1,0,0,0,0
36095,1,0,0,0,0
36096,1,0,0,0,0
36097,1,0,0,0,0
36098,1,0,0,0,0
36099,1,0,0,0,0
36100,1,0,0,0,0
36101,1,0,0,0,0
36102,1,0,0,0,0
36103,1,0,0,0,0
36104,0,1,0,0,0
36105,0,1,0,0,0
36106,0,1,0,0,0
36107,0,1,0,0,0
36108,0,1,0,0,0
36109,0,1,0,0,0
36110,0,1,0,0,0
36111,0,1,0,0,0
36112,0,1,0,0,0
36113,0,1,0,0,0
36114,0,1,0,0,0
36115,0,1,0,0,0
36116,0,1,0,0,0
36117,0,1,0,0,0
36118,0,1,0,0,0
36119,0,1,0,0,0
36120,0,1,0,0,0
36121,0,1,0,0,0
36122,0,1,0,0,0
36123,0,1,0,0,0
36124,0,1,0,0,0
36125,0,1,0,0,0
36126,0,1,0,0,0
36127,0,1,0,0,0
36128,0,1,0,0,0
36129,0,1,0,0,0
36130,0,1,0,0,0
36131,0,1,0,0,0
36132,0,1,0,0,0
36133,0,1,0,0,0
36134,0,1,0,0,0
36135,0,1,0,0,0
36136,0,1,0,0,0
36137,0,1,0,0,0
36138,0,1,0,0,0
36139,0,1,0,0,0
36140,0,1,0,0,0
36141,0,1,0,0,0
36142,0,1,0,0,0
36143,0,1,0,0,0
36144,0,1,0,0,0
36145,0,1,0,0,0
36146,0,1,0,0,0
36147,0,1,0,0,0
36148,0,1,0,0,0
36149,0,1,0,0,0
36150,0,1,0,0,0
36151,0,1,0,0,0
36152,0,1,0,0,0
36153,0,1,0,0,0
36154,0,1,0,0,0
36155,0,1,0,0,0
36156,0,1,0,0,0
36157,0,1,0,0,0
36158,0,1,0,0,0
36159,0,0,0,0,1
36160,0,0,0,0,1
36161,0,0,0,0,1
36162,0,0,0,0,1
36163,0,0,0,0,1
36164,0,0,0,0,1
36165,0,0,0,0,1
36166,0,0,0,0,1
36167,0,0,0,0,1
36168,0,0,0,0,1
36169,0,0,0,0,1
36170,0,0,0,0,1
36171,0,0,0,0,1
36172,0,0,0,0,1
36173,0,0,0,0,1
36174,0,0,0,0,1
36175,0,0,0,0,1
36176,0,0,0,0,1
36177,0,0,0,0,1
36178,0,0,0,0,1
36179,0,0,0,0,1
36180,0,0,0,0,1
36181,0,0,0,0,1
36182,0,0,0,0,1
36183,0,0,0,0,1
36184,0,0,0,0,1
36185,0,0,0,0,1
36186,0,0,0,0,1
36187,0,0,0,0,1
36188,1,0,0,0,0
36189,1,0,0,0,0
36190,1,0,0,0,0
36191,1,0,0,0,0
36192,1,0,0,0,0
36193,1,0,0,0,0
36194,1,0,0,0,0
36195,1,0,0,0,0
36196,1,0,0,0,0
36197,1,0,0,0,0
36198,1,0,0,0,0
36199,1,0,0,0,0
36200,1,0,0,0,0
36201,1,0,0,0,0
36202,1,0,0,0,0
36203,1,0,0,0,0
36204,1,0,0,0,0
36205,1,0,0,0,0
36206,1,0,0,0,0
36207,1,0,0,0,0
36208,1,0,0,0,0
36209,1,0,0,0,0
36210,1,0,0,0,0
36211,1,0,0,0,0
36212,1,0,0,0,0
36213,1,0,0,0,0
36214,1,0,0,0,0
36215,1,0,0,0,0
36216,1,0,0,0,0
36217,1,0,0,0,0
36218,1,0,0,0,0
36219,1,0,0,0,0
36220,1,0,0,0,0
36221,1,0,0,0,0
36222,1,0,0,0,0
36223,1,0,0,0,0
36224,1,0,0,0,0
36225,1,0,0,0,0
36226,1,0,0,0,0
36227,1,0,0,0,0
36228,1,0,0,0,0
36229,1,0,0,0,0
36230,1,0,0,0,0
36231,1,0,0,0,0
36232,1,0,0,0,0
36233,1,0,0,0,0
36234,1,0,0,0,0
36235,1,0,0,0,0
36236,1,0,0,0,0
36237,1,0,0,0,0
36238,1,0,0,0,0
36239,1,0,0,0,0
36240,1,0,0,0,0
36241,1,0,0,0,0
36242,1,0,0,0,0
36243,1,0,0,0,0
36244,1,0,0,0,0
36245,1,0,0,0,0
36246,1,0,0,0,0
36247,1,0,0,0,0
36248,1,0,0,0,0
36249,1,0,0,0,0
36250,1,0,0,0,0
36251,1,0,0,0,0
36252,1,0,0,0,0
36253,1,0,0,0,0
36254,1,0,0,0,0
36255,1,0,0,0,0
36256,1,0,0,0,0
36257,1,0,0,0,0
36258,1,0,0,0,0
36259,1,0,0,0,0
36260,1,0,0,0,0
36261,1,0,0,0,0
36262,1,0,0,0,0
36263,1,0,0,0,0
36264,1,0,0,0,0
36265,1,0,0,0,0
36266,1,0,0,0,0
36267,1,0,0,0,0
36268,1,0,0,0,0
36269,1,0,0,0,0
36270,1,0,0,0,0
36271,1,0,0,0,0
36272,1,0,0,0,0
36273,1,0,0,0,0
36274,1,0,0,0,0
36275,0,0,1,0,0
36276,0,0,1,0,0
36277,0,0,1,0,0
36278,0,0,1,0,0
36279,0,0,1,0,0
36280,0,0,1,0,0
36281,0,0,1,0,0
36282,0,0,1,0,0
36283,0,0,1,0,0
36284,0,0,1,0,0
36285,0,0,1,0,0
36286,0,0,1,0,0
36287,0,0,1,0,0
36288,0,0,1,0,0
36289,0,0,1,0,0
36290,0,0,1,0,0
36291,0,0,1,0,0
36292,1,0,0,0,0
36293,1,0,0,0,0
36294,1,0,0,0,0
36295,1,0,0,0,0
36296,1,0,0,0,0
36297,1,0,0,0,0
36298,1,0,0,0,0
36299,1,0,0,0,0
36300,1,0,0,0,0
36301,1,0,0,0,0
36302,1,0,0,0,0
36303,1,0,0,0,0
36304,1,0,0,0,0
36305,1,0,0,0,0
36306,1,0,0,0,0
36307,1,0,0,0,0
36308,1,0,0,0,0
36309,1,0,0,0,0
36310,1,0,0,0,0
36311,1,0,0,0,0
36312,1,0,0,0,0
36313,1,0,0,0,0
36314,1,0,0,0,0
36315,1,0,0,0,0
36316,1,0,0,0,0
36317,1,0,0,0,0
36318,1,0,0,0,0
36319,1,0,0,0,0
36320,1,0,0,0,0
36321,1,0,0,0,0
36322,1,0,0,0,0
36323,1,0,0,0,0
36324,1,0,0,0,0
36325,1,0,0,0,0
36326,1,0,0,0,0
36327,1,0,0,0,0
36328,1,0,0,0,0
36329,1,0,0,0,0
36330,1,0,0,0,0
36331,1,0,0,0,0
36332,1,0,0,0,0
36333,1,0,0,0,0
36334,1,0,0,0,0
36335,1,0,0,0,0
36336,1,0,0,0,0
36337,1,0,0,0,0
36338,1,0,0,0,0
36339,1,0,0,0,0
36340,1,0,0,0,0
36341,1,0,0,0,0
36342,1,0,0,0,0
36343,1,0,0,0,0
36344,1,0,0,0,0
36345,1,0,0,0,0
36346,1,0,0,0,0
36347,1,0,0,0,0
36348,1,0,0,0,0
36349,1,0,0,0,0
36350,1,0,0,0,0
36351,1,0,0,0,0
36352,1,0,0,0,0
36353,1,0,0,0,0
36354,1,0,0,0,0
36355,1,0,0,0,0
36356,1,0,0,0,0
36357,1,0,0,0,0
36358,1,0,0,0,0
36359,1,0,0,0,0
36360,1,0,0,0,0
36361,1,0,0,0,0
36362,1,0,0,0,0
36363,1,0,0,0,0
36364,1,0,0,0,0
36365,1,0,0,0,0
36366,1,0,0,0,0
36367,1,0,0,0,0
36368,1,0,0,0,0
36369,1,0,0,0,0
36370,1,0,0,0,0
36371,1,0,0,0,0
36372,1,0,0,0,0
36373,1,0,0,0,0
36374,1,0,0,0,0
36375,1,0,0,0,0
36376,1,0,0,0,0
36377,1,0,0,0,0
36378,1,0,0,0,0
36379,1,0,0,0,0
36380,1,0,0,0,0
36381,1,0,0,0,0
36382,1,0,0,0,0
36383,1,0,0,0,0
36384,1,0,0,0,0
36385,1,0,0,0,0
36386,1,0,0,0,0
36387,1,0,0,0,0
36388,1,0,0,0,0
36389,1,0,0,0,0
36390,1,0,0,0,0
36391,1,0,0,0,0
36392,1,0,0,0,0
36393,1,0,0,0,0
36394,1,0,0,0,0
36395,1,0,0,0,0
36396,1,0,0,0,0
36397,1,0,0,0,0
36398,1,0,0,0,0
36399,1,0,0,0,0
36400,1,0,0,0,0
36401,1,0,0,0,0
36402,1,0,0,0,0
36403,1,0,0,0,0
36404,1,0,0,0,0
36405,1,0,0,0,0
36406,1,0,0,0,0
36407,1,0,0,0,0
36408,1,0,0,0,0
36409,1,0,0,0,0
36410,1,0,0,0,0
36411,1,0,0,0,0
36412,1,0,0,0,0
36413,1,0,0,0,0
36414,1,0,0,0,0
36415,1,0,0,0,0
36416,1,0,0,0,0
36417,1,0,0,0,0
36418,1,0,0,0,0
36419,1,0,0,0,0
36420,1,0,0,0,0
36421,1,0,0,0,0
36422,1,0,0,0,0
36423,1,0,0,0,0
36424,1,0,0,0,0
36425,1,0,0,0,0
36426,1,0,0,0,0
36427,1,0,0,0,0
36428,1,0,0,0,0
36429,0,0,0,0,1
36430,0,0,0,0,1
36431,0,0,0,0,1
36432,0,0,0,0,1
36433,0,0,0,0,1
36434,0,0,0,0,1
36435,0,0,0,0,1
36436,0,0,0,0,1
36437,0,0,0,0,1
36438,0,0,0,0,1
36439,0,0,0,0,1
36440,0,0,0,0,1
36441,0,0,0,0,1
36442,0,0,0,0,1
36443,0,0,0,0,1
36444,0,0,0,0,1
36445,0,0,0,0,1
36446,0,0,0,0,1
36447,0,0,0,0,1
36448,0,0,0,0,1
36449,0,0,0,0,1
36450,0,0,0,0,1
36451,0,0,0,0,1
36452,0,0,0,0,1
36453,0,0,0,0,1
36454,0,0,0,0,1
36455,0,0,0,0,1
36456,0,0,0,0,1
36457,0,0,0,0,1
36458,0,0,0,0,1
36459,0,0,0,0,1
36460,0,0,0,0,1
36461,0,0,0,0,1
36462,0,0,0,0,1
36463,0,0,0,0,1
36464,0,0,0,0,1
36465,0,0,0,0,1
36466,0,0,0,0,1
36467,0,0,0,0,1
36468,0,0,0,0,1
36469,0,0,0,0,1
36470,0,0,0,0,1
36471,0,0,0,0,1
36472,0,0,0,0,1
36473,0,0,0,0,1
36474,0,0,0,0,1
36475,0,0,0,0,1
36476,0,0,0,0,1
36477,0,0,0,0,1
36478,0,0,0,0,1
36479,0,0,0,0,1
36480,0,0,0,0,1
36481,0,0,0,0,1
36482,0,0,0,0,1
36483,0,0,0,0,1
36484,0,0,0,0,1
36485,0,0,0,0,1
36486,0,0,0,0,1
36487,0,0,0,0,1
36488,0,0,0,0,1
36489,0,0,0,0,1
36490,0,0,0,0,1
36491,0,0,0,0,1
36492,0,0,0,0,1
36493,0,0,0,0,1
36494,0,0,0,0,1
36495,0,0,0,0,1
36496,0,0,0,0,1
36497,0,0,0,0,1
36498,0,0,0,0,1
36499,0,0,0,0,1
36500,0,0,0,0,1
36501,0,0,0,0,1
36502,0,0,0,0,1
36503,0,0,0,0,1
36504,0,0,0,0,1
36505,0,0,0,0,1
36506,0,0,0,0,1
36507,0,0,0,0,1
36508,0,0,0,0,1
36509,0,0,0,0,1
36510,0,0,0,0,1
36511,0,0,0,0,1
36512,0,0,0,0,1
36513,0,0,0,0,1
36514,0,0,0,0,1
36515,0,0,0,0,1
36516,0,0,0,0,1
36517,0,0,0,0,1
36518,0,0,0,0,1
36519,1,0,0,0,0
36520,1,0,0,0,0
36521,1,0,0,0,0
36522,1,0,0,0,0
36523,1,0,0,0,0
36524,1,0,0,0,0
36525,1,0,0,0,0
36526,1,0,0,0,0
36527,1,0,0,0,0
36528,1,0,0,0,0
36529,1,0,0,0,0
36530,1,0,0,0,0
36531,1,0,0,0,0
36532,1,0,0,0,0
36533,1,0,0,0,0
36534,1,0,0,0,0
36535,1,0,0,0,0
36536,1,0,0,0,0
36537,0,1,0,0,0
36538,0,1,0,0,0
36539,0,1,0,0,0
36540,0,1,0,0,0
36541,0,1,0,0,0
36542,0,1,0,0,0
36543,0,1,0,0,0
36544,0,1,0,0,0
36545,0,1,0,0,0
36546,0,1,0,0,0
36547,0,1,0,0,0
36548,0,1,0,0,0
36549,0,1,0,0,0
36550,0,1,0,0,0
36551,0,1,0,0,0
36552,0,1,0,0,0
36553,0,1,0,0,0
36554,0,1,0,0,0
36555,0,1,0,0,0
36556,0,1,0,0,0
36557,0,1,0,0,0
36558,0,1,0,0,0
36559,0,1,0,0,0
36560,0,1,0,0,0
36561,0,1,0,0,0
36562,0,1,0,0,0
36563,0,1,0,0,0
36564,0,1,0,0,0
36565,0,1,0,0,0
36566,0,1,0,0,0
36567,0,1,0,0,0
36568,0,1,0,0,0
36569,0,1,0,0,0
36570,0,1,0,0,0
36571,0,1,0,0,0
36572,0,1,0,0,0
36573,0,1,0,0,0
36574,0,1,0,0,0
36575,0,1,0,0,0
36576,0,1,0,0,0
36577,0,1,0,0,0
36578,0,1,0,0,0
36579,0,1,0,0,0
36580,0,1,0,0,0
36581,0,1,0,0,0
36582,0,1,0,0,0
36583,0,1,0,0,0
36584,0,1,0,0,0
36585,0,1,0,0,0
36586,0,1,0,0,0
36587,0,1,0,0,0
36588,0,1,0,0,0
36589,0,1,0,0,0
36590,0,1,0,0,0
36591,0,1,0,0,0
36592,0,1,0,0,0
36593,0,1,0,0,0
36594,0,1,0,0,0
36595,0,1,0,0,0
36596,0,1,0,0,0
36597,0,1,0,0,0
36598,0,1,0,0,0
36599,0,1,0,0,0
36600,0,1,0,0,0
36601,0,1,0,0,0
36602,0,1,0,0,0
36603,0,1,0,0,0
36604,0,1,0,0,0
36605,0,1,0,0,0
36606,0,1,0,0,0
36607,0,1,0,0,0
36608,0,1,0,0,0
36609,0,1,0,0,0
36610,0,1,0,0,0
36611,0,1,0,0,0
36612,0,1,0,0,0
36613,0,1,0,0,0
36614,0,1,0,0,0
36615,0,1,0,0,0
36616,0,1,0,0,0
36617,0,1,0,0,0
36618,0,1,0,0,0
36619,0,1,0,0,0
36620,0,1,0,0,0
36621,0,1,0,0,0
36622,0,1,0,0,0
36623,0,1,0,0,0
36624,0,1,0,0,0
36625,0,1,0,0,0
36626,0,1,0,0,0
36627,0,1,0,0,0
36628,0,1,0,0,0
36629,0,1,0,0,0
36630,0,1,0,0,0
36631,0,1,0,0,0
36632,0,1,0,0,0
36633,0,1,0,0,0
36634,0,1,0,0,0
36635,0,1,0,0,0
36636,0,1,0,0,0
36637,0,1,0,0,0
36638,0,1,0,0,0
36639,0,1,0,0,0
36640,0,1,0,0,0
36641,0,1,0,0,0
36642,0,1,0,0,0
36643,0,1,0,0,0
36644,0,1,0,0,0
36645,0,1,0,0,0
36646,0,1,0,0,0
36647,0,1,0,0,0
36648,0,1,0,0,0
36649,0,1,0,0,0
36650,0,1,0,0,0
36651,0,1,0,0,0
36652,0,1,0,0,0
36653,0,1,0,0,0
36654,0,1,0,0,0
36655,0,1,0,0,0
36656,0,1,0,0,0
36657,0,1,0,0,0
36658,0,1,0,0,0
36659,0,1,0,0,0
36660,0,1,0,0,0
36661,0,1,0,0,0
36662,0,1,0,0,0
36663,0,1,0,0,0
36664,0,1,0,0,0
36665,0,1,0,0,0
36666,0,1,0,0,0
36667,0,1,0,0,0
36668,0,1,0,0,0
36669,0,1,0,0,0
36670,0,1,0,0,0
36671,0,1,0,0,0
36672,0,1,0,0,0
36673,0,1,0,0,0
36674,0,1,0,0,0
36675,0,1,0,0,0
36676,0,1,0,0,0
36677,0,1,0,0,0
36678,0,1,0,0,0
36679,0,1,0,0,0
36680,0,1,0,0,0
36681,0,1,0,0,0
36682,0,1,0,0,0
36683,0,1,0,0,0
36684,0,1,0,0,0
36685,0,1,0,0,0
36686,0,1,0,0,0
36687,0,1,0,0,0
36688,0,1,0,0,0
36689,0,1,0,0,0
36690,0,1,0,0,0
36691,0,1,0,0,0
36692,0,1,0,0,0
36693,0,1,0,0,0
36694,0,1,0,0,0
36695,0,1,0,0,0
36696,0,1,0,0,0
36697,0,1,0,0,0
36698,0,1,0,0,0
36699,0,1,0,0,0
36700,0,1,0,0,0
36701,0,1,0,0,0
36702,0,1,0,0,0
36703,0,1,0,0,0
36704,0,1,0,0,0
36705,0,1,0,0,0
36706,0,1,0,0,0
36707,0,1,0,0,0
36708,0,1,0,0,0
36709,0,1,0,0,0
36710,0,1,0,0,0
36711,0,1,0,0,0
36712,0,1,0,0,0
36713,0,1,0,0,0
36714,0,1,0,0,0
36715,0,1,0,0,0
36716,0,1,0,0,0
36717,0,1,0,0,0
36718,0,1,0,0,0
36719,1,0,0,0,0
36720,1,0,0,0,0
36721,1,0,0,0,0
36722,1,0,0,0,0
36723,1,0,0,0,0
36724,1,0,0,0,0
36725,1,0,0,0,0
36726,1,0,0,0,0
36727,1,0,0,0,0
36728,1,0,0,0,0
36729,1,0,0,0,0
36730,1,0,0,0,0
36731,1,0,0,0,0
36732,1,0,0,0,0
36733,1,0,0,0,0
36734,1,0,0,0,0
36735,1,0,0,0,0
36736,1,0,0,0,0
36737,1,0,0,0,0
36738,1,0,0,0,0
36739,1,0,0,0,0
36740,1,0,0,0,0
36741,1,0,0,0,0
36742,1,0,0,0,0
36743,1,0,0,0,0
36744,1,0,0,0,0
36745,1,0,0,0,0
36746,1,0,0,0,0
36747,1,0,0,0,0
36748,1,0,0,0,0
36749,1,0,0,0,0
36750,1,0,0,0,0
36751,1,0,0,0,0
36752,1,0,0,0,0
36753,1,0,0,0,0
36754,1,0,0,0,0
36755,1,0,0,0,0
36756,1,0,0,0,0
36757,1,0,0,0,0
36758,1,0,0,0,0
36759,1,0,0,0,0
36760,1,0,0,0,0
36761,1,0,0,0,0
36762,1,0,0,0,0
36763,1,0,0,0,0
36764,1,0,0,0,0
36765,1,0,0,0,0
36766,1,0,0,0,0
36767,1,0,0,0,0
36768,1,0,0,0,0
36769,1,0,0,0,0
36770,1,0,0,0,0
36771,1,0,0,0,0
36772,1,0,0,0,0
36773,1,0,0,0,0
36774,1,0,0,0,0
36775,1,0,0,0,0
36776,1,0,0,0,0
36777,1,0,0,0,0
36778,1,0,0,0,0
36779,1,0,0,0,0
36780,1,0,0,0,0
36781,1,0,0,0,0
36782,1,0,0,0,0
36783,1,0,0,0,0
36784,1,0,0,0,0
36785,1,0,0,0,0
36786,1,0,0,0,0
36787,1,0,0,0,0
36788,1,0,0,0,0
36789,1,0,0,0,0
36790,1,0,0,0,0
36791,1,0,0,0,0
36792,1,0,0,0,0
36793,1,0,0,0,0
36794,1,0,0,0,0
36795,1,0,0,0,0
36796,1,0,0,0,0
36797,1,0,0,0,0
36798,1,0,0,0,0
36799,1,0,0,0,0
36800,1,0,0,0,0
36801,1,0,0,0,0
36802,1,0,0,0,0
36803,1,0,0,0,0
36804,1,0,0,0,0
36805,1,0,0,0,0
36806,1,0,0,0,0
36807,1,0,0,0,0
36808,1,0,0,0,0
36809,1,0,0,0,0
36810,1,0,0,0,0
36811,1,0,0,0,0
36812,1,0,0,0,0
36813,1,0,0,0,0
36814,1,0,0,0,0
36815,1,0,0,0,0
36816,1,0,0,0,0
36817,1,0,0,0,0
36818,1,0,0,0,0
36819,1,0,0,0,0
36820,1,0,0,0,0
36821,1,0,0,0,0
36822,1,0,0,0,0
36823,1,0,0,0,0
36824,1,0,0,0,0
36825,1,0,0,0,0
36826,1,0,0,0,0
36827,1,0,0,0,0
36828,1,0,0,0,0
36829,1,0,0,0,0
36830,1,0,0,0,0
36831,1,0,0,0,0
36832,1,0,0,0,0
36833,1,0,0,0,0
36834,1,0,0,0,0
36835,1,0,0,0,0
36836,1,0,0,0,0
36837,1,0,0,0,0
36838,1,0,0,0,0
36839,1,0,0,0,0
36840,1,0,0,0,0
36841,1,0,0,0,0
36842,1,0,0,0,0
36843,1,0,0,0,0
36844,1,0,0,0,0
36845,1,0,0,0,0
36846,1,0,0,0,0
36847,1,0,0,0,0
36848,1,0,0,0,0
36849,1,0,0,0,0
36850,1,0,0,0,0
36851,1,0,0,0,0
36852,1,0,0,0,0
36853,1,0,0,0,0
36854,1,0,0,0,0
36855,1,0,0,0,0
36856,1,0,0,0,0
36857,1,0,0,0,0
36858,1,0,0,0,0
36859,1,0,0,0,0
36860,1,0,0,0,0
36861,1,0,0,0,0
36862,1,0,0,0,0
36863,1,0,0,0,0
36864,1,0,0,0,0
36865,1,0,0,0,0
36866,1,0,0,0,0
36867,1,0,0,0,0
36868,1,0,0,0,0
36869,1,0,0,0,0
36870,1,0,0,0,0
36871,1,0,0,0,0
36872,1,0,0,0,0
36873,1,0,0,0,0
36874,1,0,0,0,0
36875,1,0,0,0,0
36876,1,0,0,0,0
36877,1,0,0,0,0
36878,1,0,0,0,0
36879,1,0,0,0,0
36880,1,0,0,0,0
36881,1,0,0,0,0
36882,1,0,0,0,0
36883,1,0,0,0,0
36884,1,0,0,0,0
36885,1,0,0,0,0
36886,1,0,0,0,0
36887,1,0,0,0,0
36888,1,0,0,0,0
36889,1,0,0,0,0
36890,1,0,0,0,0
36891,1,0,0,0,0
36892,1,0,0,0,0
36893,1,0,0,0,0
36894,1,0,0,0,0
36895,1,0,0,0,0
36896,1,0,0,0,0
36897,1,0,0,0,0
36898,1,0,0,0,0
36899,1,0,0,0,0
36900,1,0,0,0,0
36901,1,0,0,0,0
36902,1,0,0,0,0
36903,1,0,0,0,0
36904,1,0,0,0,0
36905,1,0,0,0,0
36906,1,0,0,0,0
36907,1,0,0,0,0
36908,1,0,0,0,0
36909,1,0,0,0,0
36910,1,0,0,0,0
36911,1,0,0,0,0
36912,1,0,0,0,0
36913,1,0,0,0,0
36914,1,0,0,0,0
36915,1,0,0,0,0
36916,1,0,0,0,0
36917,1,0,0,0,0
36918,1,0,0,0,0
36919,1,0,0,0,0
36920,1,0,0,0,0
36921,1,0,0,0,0
36922,1,0,0,0,0
36923,1,0,0,0,0
36924,1,0,0,0,0
36925,1,0,0,0,0
36926,1,0,0,0,0
36927,1,0,0,0,0
36928,1,0,0,0,0
36929,1,0,0,0,0
36930,1,0,0,0,0
36931,1,0,0,0,0
36932,1,0,0,0,0
36933,1,0,0,0,0
36934,1,0,0,0,0
36935,1,0,0,0,0
36936,1,0,0,0,0
36937,1,0,0,0,0
36938,1,0,0,0,0
36939,1,0,0,0,0
36940,1,0,0,0,0
36941,1,0,0,0,0
36942,1,0,0,0,0
36943,1,0,0,0,0
36944,1,0,0,0,0
36945,1,0,0,0,0
36946,1,0,0,0,0
36947,1,0,0,0,0
36948,1,0,0,0,0
36949,1,0,0,0,0
36950,1,0,0,0,0
36951,1,0,0,0,0
36952,1,0,0,0,0
36953,1,0,0,0,0
36954,1,0,0,0,0
36955,1,0,0,0,0
36956,1,0,0,0,0
36957,1,0,0,0,0
36958,1,0,0,0,0
36959,1,0,0,0,0
36960,1,0,0,0,0
36961,1,0,0,0,0
36962,1,0,0,0,0
36963,1,0,0,0,0
36964,1,0,0,0,0
36965,1,0,0,0,0
36966,1,0,0,0,0
36967,1,0,0,0,0
36968,1,0,0,0,0
36969,1,0,0,0,0
36970,1,0,0,0,0
36971,1,0,0,0,0
36972,1,0,0,0,0
36973,1,0,0,0,0
36974,1,0,0,0,0
36975,1,0,0,0,0
36976,1,0,0,0,0
36977,1,0,0,0,0
36978,1,0,0,0,0
36979,1,0,0,0,0
36980,1,0,0,0,0
36981,1,0,0,0,0
36982,1,0,0,0,0
36983,1,0,0,0,0
36984,1,0,0,0,0
36985,1,0,0,0,0
36986,1,0,0,0,0
36987,1,0,0,0,0
36988,1,0,0,0,0
36989,1,0,0,0,0
36990,1,0,0,0,0
36991,1,0,0,0,0
36992,1,0,0,0,0
36993,1,0,0,0,0
36994,1,0,0,0,0
36995,1,0,0,0,0
36996,1,0,0,0,0
36997,1,0,0,0,0
36998,1,0,0,0,0
36999,1,0,0,0,0
37000,1,0,0,0,0
37001,1,0,0,0,0
37002,1,0,0,0,0
37003,1,0,0,0,0
37004,1,0,0,0,0
37005,1,0,0,0,0
37006,1,0,0,0,0
37007,1,0,0,0,0
37008,1,0,0,0,0
37009,1,0,0,0,0
37010,1,0,0,0,0
37011,1,0,0,0,0
37012,1,0,0,0,0
37013,1,0,0,0,0
37014,1,0,0,0,0
37015,1,0,0,0,0
37016,1,0,0,0,0
37017,1,0,0,0,0
37018,1,0,0,0,0
37019,1,0,0,0,0
37020,1,0,0,0,0
37021,1,0,0,0,0
37022,1,0,0,0,0
37023,1,0,0,0,0
37024,1,0,0,0,0
37025,1,0,0,0,0
37026,1,0,0,0,0
37027,1,0,0,0,0
37028,1,0,0,0,0
37029,1,0,0,0,0
37030,1,0,0,0,0
37031,1,0,0,0,0
37032,1,0,0,0,0
37033,1,0,0,0,0
37034,1,0,0,0,0
37035,1,0,0,0,0
37036,1,0,0,0,0
37037,1,0,0,0,0
37038,1,0,0,0,0
37039,1,0,0,0,0
37040,1,0,0,0,0
37041,1,0,0,0,0
37042,1,0,0,0,0
37043,1,0,0,0,0
37044,1,0,0,0,0
37045,1,0,0,0,0
37046,1,0,0,0,0
37047,1,0,0,0,0
37048,1,0,0,0,0
37049,1,0,0,0,0
37050,1,0,0,0,0
37051,1,0,0,0,0
37052,1,0,0,0,0
37053,1,0,0,0,0
37054,1,0,0,0,0
37055,1,0,0,0,0
37056,1,0,0,0,0
37057,0,0,0,1,0
37058,0,0,0,1,0
37059,0,0,0,1,0
37060,0,0,0,1,0
37061,0,0,0,1,0
37062,0,0,0,1,0
37063,0,0,0,1,0
37064,0,0,0,1,0
37065,0,0,0,1,0
37066,0,0,0,1,0
37067,0,0,0,1,0
37068,0,0,0,1,0
37069,0,0,0,1,0
37070,0,0,0,1,0
37071,0,0,0,1,0
37072,1,0,0,0,0
37073,1,0,0,0,0
37074,1,0,0,0,0
37075,1,0,0,0,0
37076,1,0,0,0,0
37077,1,0,0,0,0
37078,1,0,0,0,0
37079,1,0,0,0,0
37080,1,0,0,0,0
37081,1,0,0,0,0
37082,1,0,0,0,0
37083,1,0,0,0,0
37084,1,0,0,0,0
37085,1,0,0,0,0
37086,1,0,0,0,0
37087,1,0,0,0,0
37088,1,0,0,0,0
37089,1,0,0,0,0
37090,1,0,0,0,0
37091,1,0,0,0,0
37092,1,0,0,0,0
37093,1,0,0,0,0
37094,1,0,0,0,0
37095,1,0,0,0,0
37096,1,0,0,0,0
37097,1,0,0,0,0
37098,1,0,0,0,0
37099,1,0,0,0,0
37100,1,0,0,0,0
37101,1,0,0,0,0
37102,1,0,0,0,0
37103,1,0,0,0,0
37104,1,0,0,0,0
37105,1,0,0,0,0
37106,1,0,0,0,0
37107,1,0,0,0,0
37108,1,0,0,0,0
37109,1,0,0,0,0
37110,1,0,0,0,0
37111,1,0,0,0,0
37112,1,0,0,0,0
37113,1,0,0,0,0
37114,1,0,0,0,0
37115,1,0,0,0,0
37116,1,0,0,0,0
37117,1,0,0,0,0
37118,1,0,0,0,0
37119,1,0,0,0,0
37120,1,0,0,0,0
37121,1,0,0,0,0
37122,1,0,0,0,0
37123,1,0,0,0,0
37124,1,0,0,0,0
37125,1,0,0,0,0
37126,1,0,0,0,0
37127,1,0,0,0,0
37128,1,0,0,0,0
37129,1,0,0,0,0
37130,1,0,0,0,0
37131,1,0,0,0,0
37132,1,0,0,0,0
37133,1,0,0,0,0
37134,1,0,0,0,0
37135,1,0,0,0,0
37136,1,0,0,0,0
37137,1,0,0,0,0
37138,1,0,0,0,0
37139,1,0,0,0,0
37140,1,0,0,0,0
37141,1,0,0,0,0
37142,1,0,0,0,0
37143,1,0,0,0,0
37144,1,0,0,0,0
37145,1,0,0,0,0
37146,1,0,0,0,0
37147,1,0,0,0,0
37148,1,0,0,0,0
37149,1,0,0,0,0
37150,1,0,0,0,0
37151,1,0,0,0,0
37152,1,0,0,0,0
37153,1,0,0,0,0
37154,1,0,0,0,0
37155,1,0,0,0,0
37156,1,0,0,0,0
37157,1,0,0,0,0
37158,1,0,0,0,0
37159,1,0,0,0,0
37160,1,0,0,0,0
37161,1,0,0,0,0
37162,1,0,0,0,0
37163,1,0,0,0,0
37164,1,0,0,0,0
37165,1,0,0,0,0
37166,1,0,0,0,0
37167,1,0,0,0,0
37168,1,0,0,0,0
37169,1,0,0,0,0
37170,1,0,0,0,0
37171,1,0,0,0,0
37172,1,0,0,0,0
37173,0,0,0,0,1
37174,0,0,0,0,1
37175,0,0,0,0,1
37176,0,0,0,0,1
37177,0,0,0,0,1
37178,0,0,0,0,1
37179,0,0,0,0,1
37180,0,0,0,0,1
37181,0,0,0,0,1
37182,0,0,0,0,1
37183,0,0,0,0,1
37184,0,0,0,0,1
37185,0,0,0,0,1
37186,0,0,0,0,1
37187,0,0,0,0,1
37188,0,0,0,0,1
37189,0,0,0,0,1
37190,0,0,0,0,1
37191,0,0,0,0,1
37192,0,0,0,0,1
37193,0,0,0,0,1
37194,0,0,0,0,1
37195,0,0,0,0,1
37196,0,0,0,0,1
37197,0,0,0,0,1
37198,0,0,0,0,1
37199,0,0,0,0,1
37200,0,0,0,0,1
37201,0,0,0,0,1
37202,1,0,0,0,0
37203,1,0,0,0,0
37204,1,0,0,0,0
37205,1,0,0,0,0
37206,1,0,0,0,0
37207,1,0,0,0,0
37208,1,0,0,0,0
37209,1,0,0,0,0
37210,1,0,0,0,0
37211,1,0,0,0,0
37212,1,0,0,0,0
37213,1,0,0,0,0
37214,1,0,0,0,0
37215,1,0,0,0,0
37216,1,0,0,0,0
37217,1,0,0,0,0
37218,1,0,0,0,0
37219,1,0,0,0,0
37220,1,0,0,0,0
37221,1,0,0,0,0
37222,1,0,0,0,0
37223,1,0,0,0,0
37224,1,0,0,0,0
37225,1,0,0,0,0
37226,1,0,0,0,0
37227,1,0,0,0,0
37228,1,0,0,0,0
37229,1,0,0,0,0
37230,1,0,0,0,0
37231,1,0,0,0,0
37232,1,0,0,0,0
37233,1,0,0,0,0
37234,1,0,0,0,0
37235,1,0,0,0,0
37236,1,0,0,0,0
37237,1,0,0,0,0
37238,1,0,0,0,0
37239,1,0,0,0,0
37240,1,0,0,0,0
37241,1,0,0,0,0
37242,1,0,0,0,0
37243,1,0,0,0,0
37244,1,0,0,0,0
37245,1,0,0,0,0
37246,1,0,0,0,0
37247,1,0,0,0,0
37248,1,0,0,0,0
37249,1,0,0,0,0
37250,1,0,0,0,0
37251,1,0,0,0,0
37252,1,0,0,0,0
37253,1,0,0,0,0
37254,1,0,0,0,0
37255,1,0,0,0,0
37256,1,0,0,0,0
37257,1,0,0,0,0
37258,1,0,0,0,0
37259,1,0,0,0,0
37260,1,0,0,0,0
37261,1,0,0,0,0
37262,1,0,0,0,0
37263,1,0,0,0,0
37264,1,0,0,0,0
37265,1,0,0,0,0
37266,1,0,0,0,0
37267,1,0,0,0,0
37268,1,0,0,0,0
37269,1,0,0,0,0
37270,1,0,0,0,0
37271,1,0,0,0,0
37272,1,0,0,0,0
37273,1,0,0,0,0
37274,1,0,0,0,0
37275,1,0,0,0,0
37276,1,0,0,0,0
37277,1,0,0,0,0
37278,1,0,0,0,0
37279,1,0,0,0,0
37280,1,0,0,0,0
37281,1,0,0,0,0
37282,1,0,0,0,0
37283,1,0,0,0,0
37284,1,0,0,0,0
37285,1,0,0,0,0
37286,1,0,0,0,0
37287,1,0,0,0,0
37288,1,0,0,0,0
37289,1,0,0,0,0
37290,1,0,0,0,0
37291,1,0,0,0,0
37292,1,0,0,0,0
37293,1,0,0,0,0
37294,1,0,0,0,0
37295,1,0,0,0,0
37296,1,0,0,0,0
37297,1,0,0,0,0
37298,1,0,0,0,0
37299,1,0,0,0,0
37300,1,0,0,0,0
37301,1,0,0,0,0
37302,1,0,0,0,0
37303,1,0,0,0,0
37304,1,0,0,0,0
37305,1,0,0,0,0
37306,1,0,0,0,0
37307,1,0,0,0,0
37308,1,0,0,0,0
37309,1,0,0,0,0
37310,1,0,0,0,0
37311,1,0,0,0,0
37312,1,0,0,0,0
37313,1,0,0,0,0
37314,1,0,0,0,0
37315,1,0,0,0,0
37316,1,0,0,0,0
37317,1,0,0,0,0
37318,1,0,0,0,0
37319,1,0,0,0,0
37320,1,0,0,0,0
37321,1,0,0,0,0
37322,1,0,0,0,0
37323,1,0,0,0,0
37324,1,0,0,0,0
37325,1,0,0,0,0
37326,1,0,0,0,0
37327,1,0,0,0,0
37328,1,0,0,0,0
37329,1,0,0,0,0
37330,1,0,0,0,0
37331,1,0,0,0,0
37332,1,0,0,0,0
37333,1,0,0,0,0
37334,1,0,0,0,0
37335,1,0,0,0,0
37336,1,0,0,0,0
37337,1,0,0,0,0
37338,1,0,0,0,0
37339,1,0,0,0,0
37340,1,0,0,0,0
37341,1,0,0,0,0
37342,1,0,0,0,0
37343,1,0,0,0,0
37344,1,0,0,0,0
37345,1,0,0,0,0
37346,1,0,0,0,0
37347,1,0,0,0,0
37348,0,0,0,0,1
37349,0,0,0,0,1
37350,0,0,0,0,1
37351,0,0,0,0,1
37352,0,0,0,0,1
37353,0,0,0,0,1
37354,0,0,0,0,1
37355,0,0,0,0,1
37356,0,0,0,0,1
37357,0,0,0,0,1
37358,0,0,0,0,1
37359,0,0,0,0,1
37360,0,0,0,0,1
37361,0,0,0,0,1
37362,0,0,0,0,1
37363,0,0,0,0,1
37364,0,0,0,0,1
37365,0,0,0,0,1
37366,0,0,0,0,1
37367,0,0,0,0,1
37368,0,0,0,0,1
37369,0,0,0,0,1
37370,0,0,0,0,1
37371,0,0,0,0,1
37372,0,0,0,0,1
37373,0,0,0,0,1
37374,0,0,0,0,1
37375,1,0,0,0,0
37376,1,0,0,0,0
37377,1,0,0,0,0
37378,1,0,0,0,0
37379,1,0,0,0,0
37380,1,0,0,0,0
37381,1,0,0,0,0
37382,1,0,0,0,0
37383,1,0,0,0,0
37384,1,0,0,0,0
37385,1,0,0,0,0
37386,1,0,0,0,0
37387,1,0,0,0,0
37388,1,0,0,0,0
37389,1,0,0,0,0
37390,1,0,0,0,0
37391,1,0,0,0,0
37392,1,0,0,0,0
37393,1,0,0,0,0
37394,1,0,0,0,0
37395,1,0,0,0,0
37396,1,0,0,0,0
37397,1,0,0,0,0
37398,1,0,0,0,0
37399,1,0,0,0,0
37400,1,0,0,0,0
37401,1,0,0,0,0
37402,1,0,0,0,0
37403,1,0,0,0,0
37404,1,0,0,0,0
37405,1,0,0,0,0
37406,1,0,0,0,0
37407,1,0,0,0,0
37408,1,0,0,0,0
37409,1,0,0,0,0
37410,1,0,0,0,0
37411,0,0,0,0,1
37412,0,0,0,0,1
37413,0,0,0,0,1
37414,0,0,0,0,1
37415,0,0,0,0,1
37416,0,0,0,0,1
37417,0,0,0,0,1
37418,0,0,0,0,1
37419,0,0,0,0,1
37420,0,0,0,0,1
37421,0,0,0,0,1
37422,0,0,0,0,1
37423,0,0,0,0,1
37424,0,0,0,0,1
37425,0,0,0,0,1
37426,0,0,0,0,1
37427,0,0,0,0,1
37428,0,0,0,0,1
37429,0,0,0,0,1
37430,0,0,0,0,1
37431,0,0,0,0,1
37432,0,0,0,0,1
37433,0,0,0,0,1
37434,0,0,0,0,1
37435,0,0,0,0,1
37436,1,0,0,0,0
37437,1,0,0,0,0
37438,1,0,0,0,0
37439,1,0,0,0,0
37440,1,0,0,0,0
37441,1,0,0,0,0
37442,1,0,0,0,0
37443,1,0,0,0,0
37444,1,0,0,0,0
37445,1,0,0,0,0
37446,1,0,0,0,0
37447,1,0,0,0,0
37448,1,0,0,0,0
37449,1,0,0,0,0
37450,1,0,0,0,0
37451,1,0,0,0,0
37452,1,0,0,0,0
37453,1,0,0,0,0
37454,1,0,0,0,0
37455,1,0,0,0,0
37456,1,0,0,0,0
37457,1,0,0,0,0
37458,1,0,0,0,0
37459,1,0,0,0,0
37460,1,0,0,0,0
37461,1,0,0,0,0
37462,1,0,0,0,0
37463,1,0,0,0,0
37464,1,0,0,0,0
37465,1,0,0,0,0
37466,1,0,0,0,0
37467,1,0,0,0,0
37468,1,0,0,0,0
37469,1,0,0,0,0
37470,1,0,0,0,0
37471,1,0,0,0,0
37472,1,0,0,0,0
37473,1,0,0,0,0
37474,1,0,0,0,0
37475,1,0,0,0,0
37476,1,0,0,0,0
37477,1,0,0,0,0
37478,1,0,0,0,0
37479,1,0,0,0,0
37480,1,0,0,0,0
37481,1,0,0,0,0
37482,1,0,0,0,0
37483,1,0,0,0,0
37484,1,0,0,0,0
37485,0,0,0,0,1
37486,0,0,0,0,1
37487,0,0,0,0,1
37488,0,0,0,0,1
37489,0,0,0,0,1
37490,0,0,0,0,1
37491,0,0,0,0,1
37492,0,0,0,0,1
37493,0,0,0,0,1
37494,0,0,0,0,1
37495,0,0,0,0,1
37496,0,0,0,0,1
37497,0,0,0,0,1
37498,0,0,0,0,1
37499,0,0,0,0,1
37500,0,0,0,0,1
37501,0,0,0,0,1
37502,0,0,0,0,1
37503,0,0,0,0,1
37504,0,0,0,0,1
37505,0,0,0,0,1
37506,0,0,0,0,1
37507,0,0,0,0,1
37508,0,0,0,0,1
37509,0,0,0,0,1
37510,0,0,0,0,1
37511,0,0,0,0,1
37512,0,0,0,0,1
37513,0,0,0,0,1
37514,0,0,0,0,1
37515,0,0,0,0,1
37516,0,0,0,0,1
37517,0,0,0,0,1
37518,0,0,0,0,1
37519,0,0,0,0,1
37520,0,0,0,0,1
37521,0,0,0,0,1
37522,0,0,0,0,1
37523,0,0,0,0,1
37524,0,0,0,0,1
37525,0,0,0,0,1
37526,0,0,0,0,1
37527,0,0,0,0,1
37528,0,0,0,0,1
37529,0,0,0,0,1
37530,0,0,0,0,1
37531,0,0,0,0,1
37532,0,0,0,0,1
37533,0,0,0,0,1
37534,0,0,0,0,1
37535,0,0,0,0,1
37536,0,0,0,0,1
37537,0,0,0,0,1
37538,0,0,0,0,1
37539,0,0,0,0,1
37540,0,0,0,0,1
37541,0,0,0,0,1
37542,0,0,0,0,1
37543,0,0,0,0,1
37544,0,0,0,0,1
37545,0,0,0,0,1
37546,0,0,0,0,1
37547,0,0,0,0,1
37548,0,0,0,0,1
37549,0,0,0,0,1
37550,0,0,0,0,1
37551,0,0,0,0,1
37552,0,0,0,0,1
37553,0,0,0,0,1
37554,0,0,0,0,1
37555,0,0,0,0,1
37556,0,0,0,0,1
37557,0,0,0,0,1
37558,0,0,0,0,1
37559,0,0,0,0,1
37560,0,0,0,0,1
37561,0,0,0,0,1
37562,0,0,0,0,1
37563,0,0,0,0,1
37564,0,0,0,0,1
37565,0,0,0,0,1
37566,0,0,0,0,1
37567,0,0,0,0,1
37568,0,0,0,0,1
37569,0,0,0,0,1
37570,0,0,0,0,1
37571,0,0,0,0,1
37572,0,0,0,0,1
37573,0,0,0,0,1
37574,0,0,0,0,1
37575,0,0,0,0,1
37576,0,0,0,0,1
37577,0,0,0,0,1
37578,0,0,0,0,1
37579,0,0,0,0,1
37580,0,0,0,0,1
37581,0,0,0,0,1
37582,0,0,0,0,1
37583,0,0,0,0,1
37584,0,0,0,0,1
37585,0,0,0,0,1
37586,0,0,0,0,1
37587,0,0,0,0,1
37588,0,0,0,0,1
37589,0,0,0,0,1
37590,0,0,0,0,1
37591,0,0,0,0,1
37592,0,0,0,0,1
37593,0,0,0,0,1
37594,0,0,0,0,1
37595,0,0,0,0,1
37596,0,0,0,0,1
37597,0,0,0,0,1
37598,0,0,0,0,1
37599,0,0,0,0,1
37600,0,0,0,0,1
37601,0,0,0,0,1
37602,0,0,0,0,1
37603,0,0,0,0,1
37604,0,0,0,0,1
37605,0,0,0,0,1
37606,0,0,0,0,1
37607,0,0,0,0,1
37608,0,0,0,0,1
37609,0,0,0,0,1
37610,0,0,0,0,1
37611,0,0,0,0,1
37612,0,0,0,0,1
37613,0,0,0,0,1
37614,0,0,0,0,1
37615,0,0,0,0,1
37616,0,0,0,0,1
37617,1,0,0,0,0
37618,1,0,0,0,0
37619,1,0,0,0,0
37620,1,0,0,0,0
37621,1,0,0,0,0
37622,1,0,0,0,0
37623,1,0,0,0,0
37624,1,0,0,0,0
37625,1,0,0,0,0
37626,1,0,0,0,0
37627,1,0,0,0,0
37628,1,0,0,0,0
37629,1,0,0,0,0
37630,1,0,0,0,0
37631,1,0,0,0,0
37632,1,0,0,0,0
37633,1,0,0,0,0
37634,1,0,0,0,0
37635,1,0,0,0,0
37636,1,0,0,0,0
37637,1,0,0,0,0
37638,1,0,0,0,0
37639,0,0,0,0,1
37640,0,0,0,0,1
37641,0,0,0,0,1
37642,0,0,0,0,1
37643,0,0,0,0,1
37644,0,0,0,0,1
37645,0,0,0,0,1
37646,0,0,0,0,1
37647,0,0,0,0,1
37648,0,0,0,0,1
37649,0,0,0,0,1
37650,0,0,0,0,1
37651,0,0,0,0,1
37652,0,0,0,0,1
37653,0,0,0,0,1
37654,0,0,0,0,1
37655,0,0,0,0,1
37656,0,0,0,0,1
37657,0,0,0,0,1
37658,0,0,0,0,1
37659,0,0,0,0,1
37660,0,0,0,0,1
37661,0,0,0,0,1
37662,0,0,0,0,1
37663,0,0,0,0,1
37664,0,0,0,0,1
37665,0,0,0,0,1
37666,0,0,0,0,1
37667,0,0,0,0,1
37668,0,0,0,0,1
37669,0,0,0,0,1
37670,0,0,0,0,1
37671,0,0,0,0,1
37672,0,0,0,0,1
37673,0,0,0,0,1
37674,0,0,0,0,1
37675,0,0,0,0,1
37676,1,0,0,0,0
37677,1,0,0,0,0
37678,1,0,0,0,0
37679,1,0,0,0,0
37680,1,0,0,0,0
37681,1,0,0,0,0
37682,1,0,0,0,0
37683,1,0,0,0,0
37684,1,0,0,0,0
37685,1,0,0,0,0
37686,1,0,0,0,0
37687,1,0,0,0,0
37688,1,0,0,0,0
37689,1,0,0,0,0
37690,1,0,0,0,0
37691,1,0,0,0,0
37692,1,0,0,0,0
37693,1,0,0,0,0
37694,1,0,0,0,0
37695,1,0,0,0,0
37696,1,0,0,0,0
37697,1,0,0,0,0
37698,1,0,0,0,0
37699,1,0,0,0,0
37700,1,0,0,0,0
37701,1,0,0,0,0
37702,1,0,0,0,0
37703,1,0,0,0,0
37704,1,0,0,0,0
37705,1,0,0,0,0
37706,1,0,0,0,0
37707,1,0,0,0,0
37708,1,0,0,0,0
37709,1,0,0,0,0
37710,1,0,0,0,0
37711,1,0,0,0,0
37712,1,0,0,0,0
37713,1,0,0,0,0
37714,1,0,0,0,0
37715,1,0,0,0,0
37716,1,0,0,0,0
37717,1,0,0,0,0
37718,1,0,0,0,0
37719,1,0,0,0,0
37720,1,0,0,0,0
37721,0,0,1,0,0
37722,0,0,1,0,0
37723,0,0,1,0,0
37724,0,0,1,0,0
37725,0,0,1,0,0
37726,0,0,1,0,0
37727,0,0,1,0,0
37728,0,0,1,0,0
37729,0,0,1,0,0
37730,0,0,1,0,0
37731,0,0,1,0,0
37732,0,0,1,0,0
37733,0,0,1,0,0
37734,0,0,1,0,0
37735,0,0,1,0,0
37736,0,0,1,0,0
37737,0,0,1,0,0
37738,0,0,1,0,0
37739,0,0,1,0,0
37740,0,0,1,0,0
37741,0,0,1,0,0
37742,0,0,1,0,0
37743,0,0,1,0,0
37744,0,0,1,0,0
37745,0,0,1,0,0
37746,0,0,1,0,0
37747,0,0,1,0,0
37748,0,0,1,0,0
37749,1,0,0,0,0
37750,1,0,0,0,0
37751,1,0,0,0,0
37752,1,0,0,0,0
37753,1,0,0,0,0
37754,1,0,0,0,0
37755,1,0,0,0,0
37756,1,0,0,0,0
37757,1,0,0,0,0
37758,1,0,0,0,0
37759,1,0,0,0,0
37760,1,0,0,0,0
37761,1,0,0,0,0
37762,1,0,0,0,0
37763,1,0,0,0,0
37764,1,0,0,0,0
37765,1,0,0,0,0
37766,1,0,0,0,0
37767,1,0,0,0,0
37768,1,0,0,0,0
37769,1,0,0,0,0
37770,1,0,0,0,0
37771,1,0,0,0,0
37772,1,0,0,0,0
37773,1,0,0,0,0
37774,1,0,0,0,0
37775,1,0,0,0,0
37776,1,0,0,0,0
37777,1,0,0,0,0
37778,1,0,0,0,0
37779,1,0,0,0,0
37780,1,0,0,0,0
37781,1,0,0,0,0
37782,1,0,0,0,0
37783,1,0,0,0,0
37784,1,0,0,0,0
37785,1,0,0,0,0
37786,1,0,0,0,0
37787,1,0,0,0,0
37788,1,0,0,0,0
37789,1,0,0,0,0
37790,1,0,0,0,0
37791,1,0,0,0,0
37792,1,0,0,0,0
37793,1,0,0,0,0
37794,1,0,0,0,0
37795,1,0,0,0,0
37796,1,0,0,0,0
37797,1,0,0,0,0
37798,1,0,0,0,0
37799,1,0,0,0,0
37800,1,0,0,0,0
37801,1,0,0,0,0
37802,1,0,0,0,0
37803,1,0,0,0,0
37804,1,0,0,0,0
37805,1,0,0,0,0
37806,1,0,0,0,0
37807,1,0,0,0,0
37808,1,0,0,0,0
37809,1,0,0,0,0
37810,1,0,0,0,0
37811,1,0,0,0,0
37812,1,0,0,0,0
37813,1,0,0,0,0
37814,1,0,0,0,0
37815,1,0,0,0,0
37816,1,0,0,0,0
37817,1,0,0,0,0
37818,1,0,0,0,0
37819,1,0,0,0,0
37820,1,0,0,0,0
37821,1,0,0,0,0
37822,1,0,0,0,0
37823,1,0,0,0,0
37824,1,0,0,0,0
37825,1,0,0,0,0
37826,1,0,0,0,0
37827,1,0,0,0,0
37828,1,0,0,0,0
37829,1,0,0,0,0
37830,1,0,0,0,0
37831,1,0,0,0,0
37832,1,0,0,0,0
37833,1,0,0,0,0
37834,1,0,0,0,0
37835,1,0,0,0,0
37836,1,0,0,0,0
37837,1,0,0,0,0
37838,1,0,0,0,0
37839,1,0,0,0,0
37840,1,0,0,0,0
37841,1,0,0,0,0
37842,1,0,0,0,0
37843,1,0,0,0,0
37844,1,0,0,0,0
37845,1,0,0,0,0
37846,1,0,0,0,0
37847,1,0,0,0,0
37848,1,0,0,0,0
37849,1,0,0,0,0
37850,1,0,0,0,0
37851,1,0,0,0,0
37852,1,0,0,0,0
37853,1,0,0,0,0
37854,1,0,0,0,0
37855,1,0,0,0,0
37856,1,0,0,0,0
37857,1,0,0,0,0
37858,1,0,0,0,0
37859,1,0,0,0,0
37860,1,0,0,0,0
37861,1,0,0,0,0
37862,1,0,0,0,0
37863,1,0,0,0,0
37864,1,0,0,0,0
37865,1,0,0,0,0
37866,1,0,0,0,0
37867,1,0,0,0,0
37868,1,0,0,0,0
37869,1,0,0,0,0
37870,1,0,0,0,0
37871,1,0,0,0,0
37872,1,0,0,0,0
37873,1,0,0,0,0
37874,1,0,0,0,0
37875,1,0,0,0,0
37876,1,0,0,0,0
37877,1,0,0,0,0
37878,1,0,0,0,0
37879,1,0,0,0,0
37880,1,0,0,0,0
37881,1,0,0,0,0
37882,1,0,0,0,0
37883,1,0,0,0,0
37884,1,0,0,0,0
37885,1,0,0,0,0
37886,1,0,0,0,0
37887,1,0,0,0,0
37888,1,0,0,0,0
37889,1,0,0,0,0
37890,1,0,0,0,0
37891,1,0,0,0,0
37892,1,0,0,0,0
37893,1,0,0,0,0
37894,1,0,0,0,0
37895,1,0,0,0,0
37896,1,0,0,0,0
37897,1,0,0,0,0
37898,1,0,0,0,0
37899,1,0,0,0,0
37900,1,0,0,0,0
37901,1,0,0,0,0
37902,1,0,0,0,0
37903,1,0,0,0,0
37904,1,0,0,0,0
37905,1,0,0,0,0
37906,1,0,0,0,0
37907,1,0,0,0,0
37908,1,0,0,0,0
37909,1,0,0,0,0
37910,1,0,0,0,0
37911,1,0,0,0,0
37912,1,0,0,0,0
37913,1,0,0,0,0
37914,1,0,0,0,0
37915,1,0,0,0,0
37916,1,0,0,0,0
37917,1,0,0,0,0
37918,1,0,0,0,0
37919,1,0,0,0,0
37920,1,0,0,0,0
37921,1,0,0,0,0
37922,1,0,0,0,0
37923,1,0,0,0,0
37924,1,0,0,0,0
37925,1,0,0,0,0
37926,1,0,0,0,0
37927,1,0,0,0,0
37928,1,0,0,0,0
37929,1,0,0,0,0
37930,1,0,0,0,0
37931,1,0,0,0,0
37932,1,0,0,0,0
37933,1,0,0,0,0
37934,1,0,0,0,0
37935,1,0,0,0,0
37936,1,0,0,0,0
37937,1,0,0,0,0
37938,1,0,0,0,0
37939,1,0,0,0,0
37940,1,0,0,0,0
37941,1,0,0,0,0
37942,1,0,0,0,0
37943,1,0,0,0,0
37944,1,0,0,0,0
37945,1,0,0,0,0
37946,1,0,0,0,0
37947,1,0,0,0,0
37948,1,0,0,0,0
37949,1,0,0,0,0
37950,1,0,0,0,0
37951,1,0,0,0,0
37952,1,0,0,0,0
37953,1,0,0,0,0
37954,1,0,0,0,0
37955,1,0,0,0,0
37956,1,0,0,0,0
37957,1,0,0,0,0
37958,1,0,0,0,0
37959,1,0,0,0,0
37960,1,0,0,0,0
37961,1,0,0,0,0
37962,1,0,0,0,0
37963,1,0,0,0,0
37964,1,0,0,0,0
37965,1,0,0,0,0
37966,1,0,0,0,0
37967,1,0,0,0,0
37968,1,0,0,0,0
37969,1,0,0,0,0
37970,1,0,0,0,0
37971,1,0,0,0,0
37972,1,0,0,0,0
37973,1,0,0,0,0
37974,1,0,0,0,0
37975,1,0,0,0,0
37976,1,0,0,0,0
37977,1,0,0,0,0
37978,1,0,0,0,0
37979,1,0,0,0,0
37980,1,0,0,0,0
37981,1,0,0,0,0
37982,1,0,0,0,0
37983,1,0,0,0,0
37984,1,0,0,0,0
37985,1,0,0,0,0
37986,1,0,0,0,0
37987,1,0,0,0,0
37988,1,0,0,0,0
37989,1,0,0,0,0
37990,1,0,0,0,0
37991,1,0,0,0,0
37992,1,0,0,0,0
37993,1,0,0,0,0
37994,1,0,0,0,0
37995,1,0,0,0,0
37996,1,0,0,0,0
37997,1,0,0,0,0
37998,1,0,0,0,0
37999,1,0,0,0,0
38000,1,0,0,0,0
38001,1,0,0,0,0
38002,1,0,0,0,0
38003,1,0,0,0,0
38004,1,0,0,0,0
38005,1,0,0,0,0
38006,1,0,0,0,0
38007,1,0,0,0,0
38008,1,0,0,0,0
38009,1,0,0,0,0
38010,1,0,0,0,0
38011,1,0,0,0,0
38012,1,0,0,0,0
38013,1,0,0,0,0
38014,1,0,0,0,0
38015,1,0,0,0,0
38016,1,0,0,0,0
38017,1,0,0,0,0
38018,1,0,0,0,0
38019,1,0,0,0,0
38020,1,0,0,0,0
38021,1,0,0,0,0
38022,1,0,0,0,0
38023,1,0,0,0,0
38024,1,0,0,0,0
38025,1,0,0,0,0
38026,1,0,0,0,0
38027,1,0,0,0,0
38028,1,0,0,0,0
38029,1,0,0,0,0
38030,1,0,0,0,0
38031,1,0,0,0,0
38032,1,0,0,0,0
38033,1,0,0,0,0
38034,1,0,0,0,0
38035,1,0,0,0,0
38036,1,0,0,0,0
38037,1,0,0,0,0
38038,1,0,0,0,0
38039,1,0,0,0,0
38040,1,0,0,0,0
38041,1,0,0,0,0
38042,1,0,0,0,0
38043,1,0,0,0,0
38044,1,0,0,0,0
38045,1,0,0,0,0
38046,1,0,0,0,0
38047,1,0,0,0,0
38048,1,0,0,0,0
38049,1,0,0,0,0
38050,1,0,0,0,0
38051,1,0,0,0,0
38052,1,0,0,0,0
38053,1,0,0,0,0
38054,1,0,0,0,0
38055,1,0,0,0,0
38056,1,0,0,0,0
38057,1,0,0,0,0
38058,1,0,0,0,0
38059,1,0,0,0,0
38060,1,0,0,0,0
38061,1,0,0,0,0
38062,1,0,0,0,0
38063,1,0,0,0,0
38064,1,0,0,0,0
38065,1,0,0,0,0
38066,1,0,0,0,0
38067,1,0,0,0,0
38068,1,0,0,0,0
38069,1,0,0,0,0
38070,1,0,0,0,0
38071,1,0,0,0,0
38072,1,0,0,0,0
38073,1,0,0,0,0
38074,1,0,0,0,0
38075,1,0,0,0,0
38076,1,0,0,0,0
38077,1,0,0,0,0
38078,1,0,0,0,0
38079,1,0,0,0,0
38080,1,0,0,0,0
38081,1,0,0,0,0
38082,1,0,0,0,0
38083,1,0,0,0,0
38084,0,0,0,0,1
38085,0,0,0,0,1
38086,0,0,0,0,1
38087,0,0,0,0,1
38088,0,0,0,0,1
38089,0,0,0,0,1
38090,0,0,0,0,1
38091,0,0,0,0,1
38092,0,0,0,0,1
38093,0,0,0,0,1
38094,0,0,0,0,1
38095,0,0,0,0,1
38096,0,0,0,0,1
38097,0,0,0,0,1
38098,0,0,0,0,1
38099,0,0,0,0,1
38100,0,0,0,0,1
38101,0,0,0,0,1
38102,0,0,0,0,1
38103,0,0,0,0,1
38104,0,0,0,0,1
38105,0,0,0,0,1
38106,0,0,0,0,1
38107,0,0,0,0,1
38108,1,0,0,0,0
38109,1,0,0,0,0
38110,1,0,0,0,0
38111,1,0,0,0,0
38112,1,0,0,0,0
38113,1,0,0,0,0
38114,1,0,0,0,0
38115,1,0,0,0,0
38116,1,0,0,0,0
38117,1,0,0,0,0
38118,1,0,0,0,0
38119,1,0,0,0,0
38120,1,0,0,0,0
38121,1,0,0,0,0
38122,1,0,0,0,0
38123,1,0,0,0,0
38124,1,0,0,0,0
38125,1,0,0,0,0
38126,1,0,0,0,0
38127,1,0,0,0,0
38128,1,0,0,0,0
38129,1,0,0,0,0
38130,1,0,0,0,0
38131,1,0,0,0,0
38132,1,0,0,0,0
38133,1,0,0,0,0
38134,1,0,0,0,0
38135,1,0,0,0,0
38136,1,0,0,0,0
38137,1,0,0,0,0
38138,1,0,0,0,0
38139,1,0,0,0,0
38140,1,0,0,0,0
38141,1,0,0,0,0
38142,1,0,0,0,0
38143,1,0,0,0,0
38144,1,0,0,0,0
38145,1,0,0,0,0
38146,1,0,0,0,0
38147,1,0,0,0,0
38148,1,0,0,0,0
38149,1,0,0,0,0
38150,1,0,0,0,0
38151,1,0,0,0,0
38152,1,0,0,0,0
38153,1,0,0,0,0
38154,1,0,0,0,0
38155,1,0,0,0,0
38156,1,0,0,0,0
38157,1,0,0,0,0
38158,1,0,0,0,0
38159,1,0,0,0,0
38160,1,0,0,0,0
38161,1,0,0,0,0
38162,1,0,0,0,0
38163,1,0,0,0,0
38164,1,0,0,0,0
38165,1,0,0,0,0
38166,1,0,0,0,0
38167,1,0,0,0,0
38168,1,0,0,0,0
38169,1,0,0,0,0
38170,1,0,0,0,0
38171,1,0,0,0,0
38172,1,0,0,0,0
38173,1,0,0,0,0
38174,1,0,0,0,0
38175,1,0,0,0,0
38176,1,0,0,0,0
38177,1,0,0,0,0
38178,1,0,0,0,0
38179,1,0,0,0,0
38180,1,0,0,0,0
38181,1,0,0,0,0
38182,1,0,0,0,0
38183,1,0,0,0,0
38184,1,0,0,0,0
38185,1,0,0,0,0
38186,1,0,0,0,0
38187,1,0,0,0,0
38188,1,0,0,0,0
38189,1,0,0,0,0
38190,1,0,0,0,0
38191,1,0,0,0,0
38192,1,0,0,0,0
38193,1,0,0,0,0
38194,1,0,0,0,0
38195,1,0,0,0,0
38196,1,0,0,0,0
38197,1,0,0,0,0
38198,1,0,0,0,0
38199,1,0,0,0,0
38200,1,0,0,0,0
38201,1,0,0,0,0
38202,1,0,0,0,0
38203,1,0,0,0,0
38204,1,0,0,0,0
38205,1,0,0,0,0
38206,1,0,0,0,0
38207,1,0,0,0,0
38208,1,0,0,0,0
38209,1,0,0,0,0
38210,1,0,0,0,0
38211,1,0,0,0,0
38212,1,0,0,0,0
38213,1,0,0,0,0
38214,1,0,0,0,0
38215,1,0,0,0,0
38216,1,0,0,0,0
38217,1,0,0,0,0
38218,1,0,0,0,0
38219,1,0,0,0,0
38220,1,0,0,0,0
38221,1,0,0,0,0
38222,1,0,0,0,0
38223,1,0,0,0,0
38224,1,0,0,0,0
38225,1,0,0,0,0
38226,1,0,0,0,0
38227,1,0,0,0,0
38228,1,0,0,0,0
38229,1,0,0,0,0
38230,1,0,0,0,0
38231,1,0,0,0,0
38232,1,0,0,0,0
38233,1,0,0,0,0
38234,1,0,0,0,0
38235,1,0,0,0,0
38236,1,0,0,0,0
38237,1,0,0,0,0
38238,1,0,0,0,0
38239,1,0,0,0,0
38240,1,0,0,0,0
38241,1,0,0,0,0
38242,1,0,0,0,0
38243,1,0,0,0,0
38244,1,0,0,0,0
38245,1,0,0,0,0
38246,1,0,0,0,0
38247,1,0,0,0,0
38248,1,0,0,0,0
38249,1,0,0,0,0
38250,1,0,0,0,0
38251,1,0,0,0,0
38252,1,0,0,0,0
38253,1,0,0,0,0
38254,1,0,0,0,0
38255,1,0,0,0,0
38256,1,0,0,0,0
38257,1,0,0,0,0
38258,1,0,0,0,0
38259,1,0,0,0,0
38260,1,0,0,0,0
38261,1,0,0,0,0
38262,1,0,0,0,0
38263,1,0,0,0,0
38264,1,0,0,0,0
38265,1,0,0,0,0
38266,1,0,0,0,0
38267,1,0,0,0,0
38268,1,0,0,0,0
38269,1,0,0,0,0
38270,1,0,0,0,0
38271,1,0,0,0,0
38272,1,0,0,0,0
38273,1,0,0,0,0
38274,1,0,0,0,0
38275,1,0,0,0,0
38276,1,0,0,0,0
38277,1,0,0,0,0
38278,1,0,0,0,0
38279,1,0,0,0,0
38280,1,0,0,0,0
38281,1,0,0,0,0
38282,1,0,0,0,0
38283,1,0,0,0,0
38284,1,0,0,0,0
38285,1,0,0,0,0
38286,1,0,0,0,0
38287,1,0,0,0,0
38288,1,0,0,0,0
38289,1,0,0,0,0
38290,1,0,0,0,0
38291,1,0,0,0,0
38292,1,0,0,0,0
38293,1,0,0,0,0
38294,1,0,0,0,0
38295,1,0,0,0,0
38296,1,0,0,0,0
38297,1,0,0,0,0
38298,1,0,0,0,0
38299,1,0,0,0,0
38300,1,0,0,0,0
38301,1,0,0,0,0
38302,1,0,0,0,0
38303,1,0,0,0,0
38304,1,0,0,0,0
38305,1,0,0,0,0
38306,1,0,0,0,0
38307,1,0,0,0,0
38308,1,0,0,0,0
38309,1,0,0,0,0
38310,1,0,0,0,0
38311,1,0,0,0,0
38312,1,0,0,0,0
38313,1,0,0,0,0
38314,1,0,0,0,0
38315,1,0,0,0,0
38316,1,0,0,0,0
38317,1,0,0,0,0
38318,1,0,0,0,0
38319,1,0,0,0,0
38320,1,0,0,0,0
38321,1,0,0,0,0
38322,1,0,0,0,0
38323,1,0,0,0,0
38324,1,0,0,0,0
38325,1,0,0,0,0
38326,1,0,0,0,0
38327,1,0,0,0,0
38328,1,0,0,0,0
38329,1,0,0,0,0
38330,1,0,0,0,0
38331,1,0,0,0,0
38332,1,0,0,0,0
38333,1,0,0,0,0
38334,1,0,0,0,0
38335,1,0,0,0,0
38336,1,0,0,0,0
38337,1,0,0,0,0
38338,1,0,0,0,0
38339,1,0,0,0,0
38340,1,0,0,0,0
38341,1,0,0,0,0
38342,1,0,0,0,0
38343,1,0,0,0,0
38344,1,0,0,0,0
38345,1,0,0,0,0
38346,1,0,0,0,0
38347,1,0,0,0,0
38348,1,0,0,0,0
38349,1,0,0,0,0
38350,1,0,0,0,0
38351,1,0,0,0,0
38352,1,0,0,0,0
38353,1,0,0,0,0
38354,1,0,0,0,0
38355,1,0,0,0,0
38356,1,0,0,0,0
38357,1,0,0,0,0
38358,1,0,0,0,0
38359,1,0,0,0,0
38360,1,0,0,0,0
38361,1,0,0,0,0
38362,1,0,0,0,0
38363,1,0,0,0,0
38364,1,0,0,0,0
38365,1,0,0,0,0
38366,1,0,0,0,0
38367,1,0,0,0,0
38368,1,0,0,0,0
38369,1,0,0,0,0
38370,1,0,0,0,0
38371,1,0,0,0,0
38372,1,0,0,0,0
38373,1,0,0,0,0
38374,1,0,0,0,0
38375,1,0,0,0,0
38376,1,0,0,0,0
38377,1,0,0,0,0
38378,1,0,0,0,0
38379,1,0,0,0,0
38380,1,0,0,0,0
38381,1,0,0,0,0
38382,1,0,0,0,0
38383,1,0,0,0,0
38384,1,0,0,0,0
38385,1,0,0,0,0
38386,1,0,0,0,0
38387,1,0,0,0,0
38388,1,0,0,0,0
38389,1,0,0,0,0
38390,1,0,0,0,0
38391,1,0,0,0,0
38392,1,0,0,0,0
38393,1,0,0,0,0
38394,1,0,0,0,0
38395,1,0,0,0,0
38396,1,0,0,0,0
38397,1,0,0,0,0
38398,1,0,0,0,0
38399,1,0,0,0,0
38400,1,0,0,0,0
38401,1,0,0,0,0
38402,1,0,0,0,0
38403,1,0,0,0,0
38404,1,0,0,0,0
38405,1,0,0,0,0
38406,1,0,0,0,0
38407,1,0,0,0,0
38408,1,0,0,0,0
38409,1,0,0,0,0
38410,1,0,0,0,0
38411,1,0,0,0,0
38412,1,0,0,0,0
38413,1,0,0,0,0
38414,1,0,0,0,0
38415,1,0,0,0,0
38416,1,0,0,0,0
38417,0,0,1,0,0
38418,0,0,1,0,0
38419,0,0,1,0,0
38420,0,0,1,0,0
38421,0,0,1,0,0
38422,0,0,1,0,0
38423,0,0,1,0,0
38424,0,0,1,0,0
38425,0,0,1,0,0
38426,0,0,1,0,0
38427,0,0,1,0,0
38428,0,0,1,0,0
38429,0,0,1,0,0
38430,0,0,1,0,0
38431,0,0,1,0,0
38432,0,0,1,0,0
38433,0,0,1,0,0
38434,0,0,1,0,0
38435,0,0,1,0,0
38436,0,0,1,0,0
38437,0,0,1,0,0
38438,0,0,1,0,0
38439,0,0,1,0,0
38440,0,0,1,0,0
38441,0,0,1,0,0
38442,0,0,1,0,0
38443,0,0,1,0,0
38444,0,0,1,0,0
38445,0,0,1,0,0
38446,0,0,1,0,0
38447,0,0,1,0,0
38448,0,0,1,0,0
38449,0,0,1,0,0
38450,0,0,1,0,0
38451,0,0,1,0,0
38452,0,0,1,0,0
38453,0,0,1,0,0
38454,0,0,1,0,0
38455,0,0,1,0,0
38456,0,0,1,0,0
38457,1,0,0,0,0
38458,1,0,0,0,0
38459,1,0,0,0,0
38460,1,0,0,0,0
38461,1,0,0,0,0
38462,1,0,0,0,0
38463,1,0,0,0,0
38464,1,0,0,0,0
38465,1,0,0,0,0
38466,1,0,0,0,0
38467,1,0,0,0,0
38468,1,0,0,0,0
38469,1,0,0,0,0
38470,1,0,0,0,0
38471,1,0,0,0,0
38472,1,0,0,0,0
38473,1,0,0,0,0
38474,1,0,0,0,0
38475,1,0,0,0,0
38476,1,0,0,0,0
38477,1,0,0,0,0
38478,1,0,0,0,0
38479,1,0,0,0,0
38480,1,0,0,0,0
38481,1,0,0,0,0
38482,1,0,0,0,0
38483,1,0,0,0,0
38484,1,0,0,0,0
38485,1,0,0,0,0
38486,1,0,0,0,0
38487,1,0,0,0,0
38488,1,0,0,0,0
38489,1,0,0,0,0
38490,1,0,0,0,0
38491,1,0,0,0,0
38492,1,0,0,0,0
38493,1,0,0,0,0
38494,1,0,0,0,0
38495,1,0,0,0,0
38496,1,0,0,0,0
38497,1,0,0,0,0
38498,1,0,0,0,0
38499,1,0,0,0,0
38500,1,0,0,0,0
38501,1,0,0,0,0
38502,1,0,0,0,0
38503,1,0,0,0,0
38504,1,0,0,0,0
38505,1,0,0,0,0
38506,1,0,0,0,0
38507,1,0,0,0,0
38508,1,0,0,0,0
38509,1,0,0,0,0
38510,1,0,0,0,0
38511,1,0,0,0,0
38512,1,0,0,0,0
38513,1,0,0,0,0
38514,1,0,0,0,0
38515,1,0,0,0,0
38516,1,0,0,0,0
38517,1,0,0,0,0
38518,1,0,0,0,0
38519,1,0,0,0,0
38520,1,0,0,0,0
38521,1,0,0,0,0
38522,1,0,0,0,0
38523,1,0,0,0,0
38524,1,0,0,0,0
38525,1,0,0,0,0
38526,1,0,0,0,0
38527,1,0,0,0,0
38528,1,0,0,0,0
38529,1,0,0,0,0
38530,1,0,0,0,0
38531,1,0,0,0,0
38532,1,0,0,0,0
38533,1,0,0,0,0
38534,1,0,0,0,0
38535,1,0,0,0,0
38536,0,0,0,0,1
38537,0,0,0,0,1
38538,0,0,0,0,1
38539,0,0,0,0,1
38540,0,0,0,0,1
38541,0,0,0,0,1
38542,0,0,0,0,1
38543,0,0,0,0,1
38544,0,0,0,0,1
38545,0,0,0,0,1
38546,0,0,0,0,1
38547,0,0,0,0,1
38548,0,0,0,0,1
38549,0,0,0,0,1
38550,0,0,0,0,1
38551,0,0,0,0,1
38552,0,0,0,0,1
38553,0,0,0,0,1
38554,0,0,0,0,1
38555,0,0,0,0,1
38556,0,0,0,0,1
38557,0,0,0,0,1
38558,0,0,0,0,1
38559,0,0,0,0,1
38560,0,0,0,0,1
38561,0,0,0,0,1
38562,0,0,0,0,1
38563,0,0,0,0,1
38564,0,0,0,0,1
38565,0,0,0,0,1
38566,0,0,0,0,1
38567,0,0,0,0,1
38568,0,0,0,0,1
38569,0,0,0,0,1
38570,0,0,0,0,1
38571,0,0,0,0,1
38572,0,0,0,0,1
38573,0,0,0,0,1
38574,0,0,0,0,1
38575,0,0,0,0,1
38576,0,0,0,0,1
38577,0,0,0,0,1
38578,0,0,0,0,1
38579,0,0,0,0,1
38580,0,0,0,0,1
38581,0,0,0,0,1
38582,0,0,0,0,1
38583,0,0,0,0,1
38584,0,0,0,0,1
38585,0,0,0,0,1
38586,0,0,0,0,1
38587,0,0,0,0,1
38588,0,0,0,0,1
38589,0,0,0,0,1
38590,0,0,0,0,1
38591,0,0,0,0,1
38592,0,0,0,0,1
38593,0,0,0,0,1
38594,0,0,0,0,1
38595,0,0,0,0,1
38596,0,0,0,0,1
38597,0,0,0,0,1
38598,0,0,0,0,1
38599,0,0,0,0,1
38600,0,0,0,0,1
38601,0,0,0,0,1
38602,0,0,0,0,1
38603,0,0,0,0,1
38604,0,0,0,0,1
38605,0,0,0,0,1
38606,0,0,0,0,1
38607,0,0,0,0,1
38608,0,0,0,0,1
38609,0,0,0,0,1
38610,0,0,0,0,1
38611,0,0,0,0,1
38612,0,0,0,0,1
38613,0,0,0,0,1
38614,0,0,0,0,1
38615,0,0,0,0,1
38616,0,0,0,0,1
38617,0,0,0,0,1
38618,0,0,0,0,1
38619,0,0,0,0,1
38620,0,0,0,0,1
38621,0,0,0,0,1
38622,0,0,0,0,1
38623,0,0,0,0,1
38624,0,0,0,0,1
38625,0,0,0,0,1
38626,0,0,0,0,1
38627,0,0,0,0,1
38628,0,0,0,0,1
38629,0,0,0,0,1
38630,0,0,0,0,1
38631,0,0,0,0,1
38632,0,0,0,0,1
38633,0,0,0,0,1
38634,0,0,0,0,1
38635,0,0,0,0,1
38636,0,0,0,0,1
38637,0,0,0,0,1
38638,0,0,0,0,1
38639,0,0,0,0,1
38640,0,0,0,0,1
38641,0,0,0,0,1
38642,0,0,0,0,1
38643,0,0,0,0,1
38644,0,0,0,0,1
38645,0,0,0,0,1
38646,0,0,0,0,1
38647,0,0,0,0,1
38648,0,0,0,0,1
38649,0,0,0,0,1
38650,0,0,0,0,1
38651,0,0,0,0,1
38652,0,0,0,0,1
38653,0,0,0,0,1
38654,0,0,0,0,1
38655,0,0,0,0,1
38656,0,0,0,0,1
38657,0,0,0,0,1
38658,0,0,0,0,1
38659,0,0,0,0,1
38660,0,0,0,0,1
38661,0,0,0,0,1
38662,0,0,0,0,1
38663,0,0,0,0,1
38664,0,0,0,0,1
38665,0,0,0,0,1
38666,0,0,0,0,1
38667,0,0,0,0,1
38668,0,0,0,0,1
38669,0,0,0,0,1
38670,0,0,0,0,1
38671,0,0,0,0,1
38672,0,0,0,0,1
38673,0,0,0,0,1
38674,0,0,0,0,1
38675,0,0,0,0,1
38676,0,0,0,0,1
38677,0,0,0,0,1
38678,0,0,0,0,1
38679,0,0,0,0,1
38680,0,0,0,0,1
38681,0,0,0,0,1
38682,0,0,0,0,1
38683,0,0,0,0,1
38684,0,0,0,0,1
38685,0,0,0,0,1
38686,0,0,0,0,1
38687,1,0,0,0,0
38688,1,0,0,0,0
38689,1,0,0,0,0
38690,1,0,0,0,0
38691,1,0,0,0,0
38692,1,0,0,0,0
38693,1,0,0,0,0
38694,1,0,0,0,0
38695,1,0,0,0,0
38696,1,0,0,0,0
38697,1,0,0,0,0
38698,1,0,0,0,0
38699,1,0,0,0,0
38700,1,0,0,0,0
38701,1,0,0,0,0
38702,1,0,0,0,0
38703,1,0,0,0,0
38704,1,0,0,0,0
38705,1,0,0,0,0
38706,1,0,0,0,0
38707,1,0,0,0,0
38708,1,0,0,0,0
38709,1,0,0,0,0
38710,1,0,0,0,0
38711,1,0,0,0,0
38712,1,0,0,0,0
38713,1,0,0,0,0
38714,1,0,0,0,0
38715,1,0,0,0,0
38716,1,0,0,0,0
38717,1,0,0,0,0
38718,1,0,0,0,0
38719,1,0,0,0,0
38720,1,0,0,0,0
38721,1,0,0,0,0
38722,1,0,0,0,0
38723,1,0,0,0,0
38724,1,0,0,0,0
38725,1,0,0,0,0
38726,1,0,0,0,0
38727,1,0,0,0,0
38728,1,0,0,0,0
38729,1,0,0,0,0
38730,1,0,0,0,0
38731,1,0,0,0,0
38732,1,0,0,0,0
38733,1,0,0,0,0
38734,1,0,0,0,0
38735,1,0,0,0,0
38736,1,0,0,0,0
38737,1,0,0,0,0
38738,1,0,0,0,0
38739,1,0,0,0,0
38740,1,0,0,0,0
38741,1,0,0,0,0
38742,1,0,0,0,0
38743,1,0,0,0,0
38744,0,0,0,0,1
38745,0,0,0,0,1
38746,0,0,0,0,1
38747,0,0,0,0,1
38748,0,0,0,0,1
38749,0,0,0,0,1
38750,0,0,0,0,1
38751,0,0,0,0,1
38752,0,0,0,0,1
38753,0,0,0,0,1
38754,0,0,0,0,1
38755,0,0,0,0,1
38756,0,0,0,0,1
38757,0,0,0,0,1
38758,0,0,0,0,1
38759,0,0,0,0,1
38760,0,0,0,0,1
38761,0,0,0,0,1
38762,0,0,0,0,1
38763,0,0,0,0,1
38764,0,0,0,0,1
38765,0,0,0,0,1
38766,0,0,0,0,1
38767,0,0,0,0,1
38768,0,0,0,0,1
38769,0,0,0,0,1
38770,0,0,0,0,1
38771,0,0,0,0,1
38772,0,0,0,0,1
38773,0,0,0,0,1
38774,0,0,0,0,1
38775,0,0,0,0,1
38776,1,0,0,0,0
38777,1,0,0,0,0
38778,1,0,0,0,0
38779,1,0,0,0,0
38780,1,0,0,0,0
38781,1,0,0,0,0
38782,1,0,0,0,0
38783,1,0,0,0,0
38784,1,0,0,0,0
38785,1,0,0,0,0
38786,1,0,0,0,0
38787,1,0,0,0,0
38788,1,0,0,0,0
38789,1,0,0,0,0
38790,1,0,0,0,0
38791,1,0,0,0,0
38792,1,0,0,0,0
38793,1,0,0,0,0
38794,1,0,0,0,0
38795,1,0,0,0,0
38796,1,0,0,0,0
38797,1,0,0,0,0
38798,1,0,0,0,0
38799,1,0,0,0,0
38800,1,0,0,0,0
38801,1,0,0,0,0
38802,1,0,0,0,0
38803,1,0,0,0,0
38804,1,0,0,0,0
38805,1,0,0,0,0
38806,1,0,0,0,0
38807,1,0,0,0,0
38808,1,0,0,0,0
38809,1,0,0,0,0
38810,1,0,0,0,0
38811,1,0,0,0,0
38812,1,0,0,0,0
38813,1,0,0,0,0
38814,1,0,0,0,0
38815,1,0,0,0,0
38816,1,0,0,0,0
38817,1,0,0,0,0
38818,1,0,0,0,0
38819,1,0,0,0,0
38820,1,0,0,0,0
38821,1,0,0,0,0
38822,1,0,0,0,0
38823,1,0,0,0,0
38824,1,0,0,0,0
38825,1,0,0,0,0
38826,1,0,0,0,0
38827,1,0,0,0,0
38828,1,0,0,0,0
38829,1,0,0,0,0
38830,1,0,0,0,0
38831,1,0,0,0,0
38832,1,0,0,0,0
38833,1,0,0,0,0
38834,1,0,0,0,0
38835,1,0,0,0,0
38836,1,0,0,0,0
38837,0,0,0,0,1
38838,0,0,0,0,1
38839,0,0,0,0,1
38840,0,0,0,0,1
38841,0,0,0,0,1
38842,0,0,0,0,1
38843,0,0,0,0,1
38844,0,0,0,0,1
38845,0,0,0,0,1
38846,0,0,0,0,1
38847,0,0,0,0,1
38848,0,0,0,0,1
38849,0,0,0,0,1
38850,0,0,0,0,1
38851,0,0,0,0,1
38852,0,0,0,0,1
38853,0,0,0,0,1
38854,0,0,0,0,1
38855,0,0,0,0,1
38856,0,0,0,0,1
38857,0,0,0,0,1
38858,0,0,0,0,1
38859,0,0,0,0,1
38860,0,0,0,0,1
38861,0,0,0,0,1
38862,0,0,0,0,1
38863,0,0,0,0,1
38864,0,0,0,0,1
38865,0,0,0,0,1
38866,0,0,0,0,1
38867,0,0,0,0,1
38868,0,0,0,0,1
38869,0,0,0,0,1
38870,0,0,0,0,1
38871,0,0,0,0,1
38872,0,0,0,0,1
38873,0,0,0,0,1
38874,0,0,0,0,1
38875,0,0,0,0,1
38876,0,0,0,0,1
38877,0,0,0,0,1
38878,0,0,0,0,1
38879,0,0,0,0,1
38880,0,0,0,0,1
38881,0,0,0,0,1
38882,0,0,0,0,1
38883,0,0,0,0,1
38884,0,0,0,0,1
38885,0,0,0,0,1
38886,0,0,0,0,1
38887,0,0,0,0,1
38888,1,0,0,0,0
38889,1,0,0,0,0
38890,1,0,0,0,0
38891,1,0,0,0,0
38892,1,0,0,0,0
38893,1,0,0,0,0
38894,1,0,0,0,0
38895,1,0,0,0,0
38896,1,0,0,0,0
38897,1,0,0,0,0
38898,1,0,0,0,0
38899,1,0,0,0,0
38900,1,0,0,0,0
38901,1,0,0,0,0
38902,1,0,0,0,0
38903,1,0,0,0,0
38904,1,0,0,0,0
38905,1,0,0,0,0
38906,1,0,0,0,0
38907,1,0,0,0,0
38908,1,0,0,0,0
38909,1,0,0,0,0
38910,1,0,0,0,0
38911,1,0,0,0,0
38912,1,0,0,0,0
38913,1,0,0,0,0
38914,1,0,0,0,0
38915,1,0,0,0,0
38916,1,0,0,0,0
38917,1,0,0,0,0
38918,1,0,0,0,0
38919,1,0,0,0,0
38920,1,0,0,0,0
38921,1,0,0,0,0
38922,1,0,0,0,0
38923,1,0,0,0,0
38924,1,0,0,0,0
38925,1,0,0,0,0
38926,1,0,0,0,0
38927,1,0,0,0,0
38928,1,0,0,0,0
38929,1,0,0,0,0
38930,1,0,0,0,0
38931,1,0,0,0,0
38932,1,0,0,0,0
38933,1,0,0,0,0
38934,1,0,0,0,0
38935,1,0,0,0,0
38936,1,0,0,0,0
38937,1,0,0,0,0
38938,1,0,0,0,0
38939,1,0,0,0,0
38940,1,0,0,0,0
38941,1,0,0,0,0
38942,1,0,0,0,0
38943,1,0,0,0,0
38944,1,0,0,0,0
38945,1,0,0,0,0
38946,1,0,0,0,0
38947,1,0,0,0,0
38948,1,0,0,0,0
38949,1,0,0,0,0
38950,1,0,0,0,0
38951,1,0,0,0,0
38952,1,0,0,0,0
38953,1,0,0,0,0
38954,1,0,0,0,0
38955,1,0,0,0,0
38956,1,0,0,0,0
38957,1,0,0,0,0
38958,1,0,0,0,0
38959,1,0,0,0,0
38960,1,0,0,0,0
38961,1,0,0,0,0
38962,1,0,0,0,0
38963,1,0,0,0,0
38964,1,0,0,0,0
38965,1,0,0,0,0
38966,1,0,0,0,0
38967,1,0,0,0,0
38968,1,0,0,0,0
38969,1,0,0,0,0
38970,1,0,0,0,0
38971,1,0,0,0,0
38972,1,0,0,0,0
38973,1,0,0,0,0
38974,1,0,0,0,0
38975,1,0,0,0,0
38976,1,0,0,0,0
38977,1,0,0,0,0
38978,1,0,0,0,0
38979,1,0,0,0,0
38980,1,0,0,0,0
38981,1,0,0,0,0
38982,1,0,0,0,0
38983,1,0,0,0,0
38984,1,0,0,0,0
38985,1,0,0,0,0
38986,1,0,0,0,0
38987,1,0,0,0,0
38988,1,0,0,0,0
38989,1,0,0,0,0
38990,1,0,0,0,0
38991,1,0,0,0,0
38992,1,0,0,0,0
38993,1,0,0,0,0
38994,1,0,0,0,0
38995,1,0,0,0,0
38996,1,0,0,0,0
38997,1,0,0,0,0
38998,1,0,0,0,0
38999,1,0,0,0,0
39000,1,0,0,0,0
39001,1,0,0,0,0
39002,1,0,0,0,0
39003,1,0,0,0,0
39004,1,0,0,0,0
39005,1,0,0,0,0
39006,1,0,0,0,0
39007,1,0,0,0,0
39008,1,0,0,0,0
39009,1,0,0,0,0
39010,1,0,0,0,0
39011,1,0,0,0,0
39012,1,0,0,0,0
39013,1,0,0,0,0
39014,1,0,0,0,0
39015,1,0,0,0,0
39016,0,0,0,0,1
39017,0,0,0,0,1
39018,0,0,0,0,1
39019,0,0,0,0,1
39020,0,0,0,0,1
39021,0,0,0,0,1
39022,0,0,0,0,1
39023,0,0,0,0,1
39024,0,0,0,0,1
39025,0,0,0,0,1
39026,0,0,0,0,1
39027,0,0,0,0,1
39028,0,0,0,0,1
39029,0,0,0,0,1
39030,0,0,0,0,1
39031,0,0,0,0,1
39032,0,0,0,0,1
39033,0,0,0,0,1
39034,0,0,0,0,1
39035,0,0,0,0,1
39036,0,0,0,0,1
39037,0,0,0,0,1
39038,0,0,0,0,1
39039,0,0,0,0,1
39040,0,0,0,0,1
39041,0,0,0,0,1
39042,0,0,0,0,1
39043,0,0,0,0,1
39044,1,0,0,0,0
39045,1,0,0,0,0
39046,1,0,0,0,0
39047,1,0,0,0,0
39048,1,0,0,0,0
39049,1,0,0,0,0
39050,1,0,0,0,0
39051,1,0,0,0,0
39052,1,0,0,0,0
39053,1,0,0,0,0
39054,1,0,0,0,0
39055,1,0,0,0,0
39056,1,0,0,0,0
39057,1,0,0,0,0
39058,1,0,0,0,0
39059,1,0,0,0,0
39060,1,0,0,0,0
39061,1,0,0,0,0
39062,1,0,0,0,0
39063,1,0,0,0,0
39064,1,0,0,0,0
39065,1,0,0,0,0
39066,1,0,0,0,0
39067,1,0,0,0,0
39068,1,0,0,0,0
39069,0,0,1,0,0
39070,0,0,1,0,0
39071,0,0,1,0,0
39072,0,0,1,0,0
39073,0,0,1,0,0
39074,0,0,1,0,0
39075,0,0,1,0,0
39076,0,0,1,0,0
39077,0,0,1,0,0
39078,0,0,1,0,0
39079,0,0,1,0,0
39080,0,0,1,0,0
39081,0,0,1,0,0
39082,0,0,1,0,0
39083,0,0,1,0,0
39084,0,0,1,0,0
39085,0,0,1,0,0
39086,0,0,1,0,0
39087,0,0,1,0,0
39088,1,0,0,0,0
39089,1,0,0,0,0
39090,1,0,0,0,0
39091,1,0,0,0,0
39092,1,0,0,0,0
39093,1,0,0,0,0
39094,1,0,0,0,0
39095,1,0,0,0,0
39096,1,0,0,0,0
39097,1,0,0,0,0
39098,1,0,0,0,0
39099,1,0,0,0,0
39100,1,0,0,0,0
39101,1,0,0,0,0
39102,1,0,0,0,0
39103,1,0,0,0,0
39104,1,0,0,0,0
39105,1,0,0,0,0
39106,1,0,0,0,0
39107,1,0,0,0,0
39108,1,0,0,0,0
39109,1,0,0,0,0
39110,1,0,0,0,0
39111,1,0,0,0,0
39112,1,0,0,0,0
39113,1,0,0,0,0
39114,1,0,0,0,0
39115,1,0,0,0,0
39116,1,0,0,0,0
39117,1,0,0,0,0
39118,1,0,0,0,0
39119,1,0,0,0,0
39120,1,0,0,0,0
39121,1,0,0,0,0
39122,0,1,0,0,0
39123,0,1,0,0,0
39124,0,1,0,0,0
39125,0,1,0,0,0
39126,0,1,0,0,0
39127,0,1,0,0,0
39128,0,1,0,0,0
39129,0,1,0,0,0
39130,0,1,0,0,0
39131,0,1,0,0,0
39132,0,1,0,0,0
39133,0,1,0,0,0
39134,0,1,0,0,0
39135,0,1,0,0,0
39136,0,1,0,0,0
39137,0,1,0,0,0
39138,0,1,0,0,0
39139,0,1,0,0,0
39140,0,1,0,0,0
39141,0,1,0,0,0
39142,0,1,0,0,0
39143,0,1,0,0,0
39144,0,1,0,0,0
39145,0,1,0,0,0
39146,0,1,0,0,0
39147,0,1,0,0,0
39148,0,1,0,0,0
39149,0,1,0,0,0
39150,0,1,0,0,0
39151,0,1,0,0,0
39152,0,1,0,0,0
39153,0,1,0,0,0
39154,0,1,0,0,0
39155,0,1,0,0,0
39156,0,1,0,0,0
39157,0,1,0,0,0
39158,0,1,0,0,0
39159,0,1,0,0,0
39160,0,1,0,0,0
39161,0,1,0,0,0
39162,0,1,0,0,0
39163,0,1,0,0,0
39164,1,0,0,0,0
39165,1,0,0,0,0
39166,1,0,0,0,0
39167,1,0,0,0,0
39168,1,0,0,0,0
39169,1,0,0,0,0
39170,1,0,0,0,0
39171,1,0,0,0,0
39172,1,0,0,0,0
39173,1,0,0,0,0
39174,1,0,0,0,0
39175,1,0,0,0,0
39176,1,0,0,0,0
39177,1,0,0,0,0
39178,1,0,0,0,0
39179,1,0,0,0,0
39180,1,0,0,0,0
39181,1,0,0,0,0
39182,1,0,0,0,0
39183,1,0,0,0,0
39184,1,0,0,0,0
39185,1,0,0,0,0
39186,1,0,0,0,0
39187,1,0,0,0,0
39188,1,0,0,0,0
39189,1,0,0,0,0
39190,1,0,0,0,0
39191,1,0,0,0,0
39192,1,0,0,0,0
39193,1,0,0,0,0
39194,1,0,0,0,0
39195,1,0,0,0,0
39196,1,0,0,0,0
39197,1,0,0,0,0
39198,1,0,0,0,0
39199,1,0,0,0,0
39200,0,0,1,0,0
39201,0,0,1,0,0
39202,0,0,1,0,0
39203,0,0,1,0,0
39204,0,0,1,0,0
39205,0,0,1,0,0
39206,0,0,1,0,0
39207,0,0,1,0,0
39208,0,0,1,0,0
39209,0,0,1,0,0
39210,0,0,1,0,0
39211,0,0,1,0,0
39212,0,0,1,0,0
39213,0,0,1,0,0
39214,0,0,1,0,0
39215,0,0,1,0,0
39216,0,0,1,0,0
39217,0,0,1,0,0
39218,0,0,1,0,0
39219,0,0,1,0,0
39220,0,0,1,0,0
39221,0,0,1,0,0
39222,0,0,1,0,0
39223,0,0,1,0,0
39224,0,0,1,0,0
39225,0,0,1,0,0
39226,0,0,1,0,0
39227,0,0,1,0,0
39228,0,0,1,0,0
39229,0,0,1,0,0
39230,0,0,1,0,0
39231,0,0,1,0,0
39232,1,0,0,0,0
39233,1,0,0,0,0
39234,1,0,0,0,0
39235,1,0,0,0,0
39236,1,0,0,0,0
39237,1,0,0,0,0
39238,1,0,0,0,0
39239,1,0,0,0,0
39240,1,0,0,0,0
39241,1,0,0,0,0
39242,1,0,0,0,0
39243,1,0,0,0,0
39244,1,0,0,0,0
39245,1,0,0,0,0
39246,1,0,0,0,0
39247,1,0,0,0,0
39248,1,0,0,0,0
39249,1,0,0,0,0
39250,1,0,0,0,0
39251,1,0,0,0,0
39252,1,0,0,0,0
39253,1,0,0,0,0
39254,1,0,0,0,0
39255,1,0,0,0,0
39256,1,0,0,0,0
39257,0,0,1,0,0
39258,0,0,1,0,0
39259,0,0,1,0,0
39260,0,0,1,0,0
39261,0,0,1,0,0
39262,0,0,1,0,0
39263,0,0,1,0,0
39264,0,0,1,0,0
39265,0,0,1,0,0
39266,0,0,1,0,0
39267,0,0,1,0,0
39268,0,0,1,0,0
39269,0,0,1,0,0
39270,0,0,1,0,0
39271,0,0,1,0,0
39272,0,0,1,0,0
39273,0,0,1,0,0
39274,0,0,1,0,0
39275,0,0,1,0,0
39276,1,0,0,0,0
39277,1,0,0,0,0
39278,1,0,0,0,0
39279,1,0,0,0,0
39280,1,0,0,0,0
39281,1,0,0,0,0
39282,1,0,0,0,0
39283,1,0,0,0,0
39284,1,0,0,0,0
39285,1,0,0,0,0
39286,1,0,0,0,0
39287,1,0,0,0,0
39288,1,0,0,0,0
39289,1,0,0,0,0
39290,1,0,0,0,0
39291,1,0,0,0,0
39292,1,0,0,0,0
39293,1,0,0,0,0
39294,1,0,0,0,0
39295,1,0,0,0,0
39296,1,0,0,0,0
39297,1,0,0,0,0
39298,1,0,0,0,0
39299,1,0,0,0,0
39300,1,0,0,0,0
39301,1,0,0,0,0
39302,1,0,0,0,0
39303,1,0,0,0,0
39304,1,0,0,0,0
39305,1,0,0,0,0
39306,1,0,0,0,0
39307,1,0,0,0,0
39308,1,0,0,0,0
39309,1,0,0,0,0
39310,1,0,0,0,0
39311,1,0,0,0,0
39312,1,0,0,0,0
39313,1,0,0,0,0
39314,1,0,0,0,0
39315,1,0,0,0,0
39316,1,0,0,0,0
39317,1,0,0,0,0
39318,1,0,0,0,0
39319,1,0,0,0,0
39320,1,0,0,0,0
39321,1,0,0,0,0
39322,1,0,0,0,0
39323,1,0,0,0,0
39324,1,0,0,0,0
39325,1,0,0,0,0
39326,1,0,0,0,0
39327,1,0,0,0,0
39328,1,0,0,0,0
39329,1,0,0,0,0
39330,1,0,0,0,0
39331,1,0,0,0,0
39332,1,0,0,0,0
39333,1,0,0,0,0
39334,1,0,0,0,0
39335,1,0,0,0,0
39336,1,0,0,0,0
39337,1,0,0,0,0
39338,1,0,0,0,0
39339,1,0,0,0,0
39340,1,0,0,0,0
39341,1,0,0,0,0
39342,1,0,0,0,0
39343,1,0,0,0,0
39344,1,0,0,0,0
39345,1,0,0,0,0
39346,1,0,0,0,0
39347,1,0,0,0,0
39348,1,0,0,0,0
39349,1,0,0,0,0
39350,1,0,0,0,0
39351,1,0,0,0,0
39352,1,0,0,0,0
39353,1,0,0,0,0
39354,1,0,0,0,0
39355,1,0,0,0,0
39356,1,0,0,0,0
39357,1,0,0,0,0
39358,1,0,0,0,0
39359,1,0,0,0,0
39360,1,0,0,0,0
39361,1,0,0,0,0
39362,1,0,0,0,0
39363,1,0,0,0,0
39364,1,0,0,0,0
39365,1,0,0,0,0
39366,1,0,0,0,0
39367,1,0,0,0,0
39368,1,0,0,0,0
39369,1,0,0,0,0
39370,1,0,0,0,0
39371,1,0,0,0,0
39372,1,0,0,0,0
39373,1,0,0,0,0
39374,1,0,0,0,0
39375,1,0,0,0,0
39376,1,0,0,0,0
39377,1,0,0,0,0
39378,1,0,0,0,0
39379,1,0,0,0,0
39380,1,0,0,0,0
39381,1,0,0,0,0
39382,1,0,0,0,0
39383,1,0,0,0,0
39384,1,0,0,0,0
39385,1,0,0,0,0
39386,1,0,0,0,0
39387,1,0,0,0,0
39388,1,0,0,0,0
39389,1,0,0,0,0
39390,1,0,0,0,0
39391,1,0,0,0,0
39392,1,0,0,0,0
39393,1,0,0,0,0
39394,1,0,0,0,0
39395,1,0,0,0,0
39396,1,0,0,0,0
39397,1,0,0,0,0
39398,1,0,0,0,0
39399,1,0,0,0,0
39400,1,0,0,0,0
39401,1,0,0,0,0
39402,1,0,0,0,0
39403,1,0,0,0,0
39404,1,0,0,0,0
39405,1,0,0,0,0
39406,1,0,0,0,0
39407,1,0,0,0,0
39408,1,0,0,0,0
39409,1,0,0,0,0
39410,1,0,0,0,0
39411,1,0,0,0,0
39412,1,0,0,0,0
39413,1,0,0,0,0
39414,1,0,0,0,0
39415,1,0,0,0,0
39416,1,0,0,0,0
39417,1,0,0,0,0
39418,1,0,0,0,0
39419,1,0,0,0,0
39420,1,0,0,0,0
39421,1,0,0,0,0
39422,1,0,0,0,0
39423,1,0,0,0,0
39424,1,0,0,0,0
39425,1,0,0,0,0
39426,1,0,0,0,0
39427,1,0,0,0,0
39428,1,0,0,0,0
39429,1,0,0,0,0
39430,1,0,0,0,0
39431,1,0,0,0,0
39432,1,0,0,0,0
39433,1,0,0,0,0
39434,1,0,0,0,0
39435,1,0,0,0,0
39436,1,0,0,0,0
39437,1,0,0,0,0
39438,1,0,0,0,0
39439,1,0,0,0,0
39440,1,0,0,0,0
39441,1,0,0,0,0
39442,1,0,0,0,0
39443,1,0,0,0,0
39444,1,0,0,0,0
39445,1,0,0,0,0
39446,1,0,0,0,0
39447,1,0,0,0,0
39448,1,0,0,0,0
39449,1,0,0,0,0
39450,1,0,0,0,0
39451,1,0,0,0,0
39452,1,0,0,0,0
39453,1,0,0,0,0
39454,1,0,0,0,0
39455,1,0,0,0,0
39456,1,0,0,0,0
39457,0,0,1,0,0
39458,0,0,1,0,0
39459,0,0,1,0,0
39460,0,0,1,0,0
39461,0,0,1,0,0
39462,0,0,1,0,0
39463,0,0,1,0,0
39464,0,0,1,0,0
39465,0,0,1,0,0
39466,0,0,1,0,0
39467,0,0,1,0,0
39468,0,0,1,0,0
39469,0,0,1,0,0
39470,0,0,1,0,0
39471,0,0,1,0,0
39472,1,0,0,0,0
39473,1,0,0,0,0
39474,1,0,0,0,0
39475,1,0,0,0,0
39476,1,0,0,0,0
39477,1,0,0,0,0
39478,1,0,0,0,0
39479,1,0,0,0,0
39480,1,0,0,0,0
39481,1,0,0,0,0
39482,1,0,0,0,0
39483,1,0,0,0,0
39484,1,0,0,0,0
39485,1,0,0,0,0
39486,1,0,0,0,0
39487,1,0,0,0,0
39488,1,0,0,0,0
39489,1,0,0,0,0
39490,1,0,0,0,0
39491,1,0,0,0,0
39492,1,0,0,0,0
39493,1,0,0,0,0
39494,1,0,0,0,0
39495,1,0,0,0,0
39496,1,0,0,0,0
39497,1,0,0,0,0
39498,1,0,0,0,0
39499,1,0,0,0,0
39500,0,0,1,0,0
39501,0,0,1,0,0
39502,0,0,1,0,0
39503,0,0,1,0,0
39504,0,0,1,0,0
39505,0,0,1,0,0
39506,0,0,1,0,0
39507,0,0,1,0,0
39508,0,0,1,0,0
39509,0,0,1,0,0
39510,0,0,1,0,0
39511,0,0,1,0,0
39512,0,0,1,0,0
39513,0,0,1,0,0
39514,0,0,1,0,0
39515,0,0,1,0,0
39516,0,0,1,0,0
39517,0,0,1,0,0
39518,0,0,1,0,0
39519,0,0,1,0,0
39520,0,0,1,0,0
39521,0,0,1,0,0
39522,0,0,1,0,0
39523,0,0,1,0,0
39524,1,0,0,0,0
39525,1,0,0,0,0
39526,1,0,0,0,0
39527,1,0,0,0,0
39528,1,0,0,0,0
39529,1,0,0,0,0
39530,1,0,0,0,0
39531,1,0,0,0,0
39532,1,0,0,0,0
39533,1,0,0,0,0
39534,1,0,0,0,0
39535,1,0,0,0,0
39536,1,0,0,0,0
39537,1,0,0,0,0
39538,1,0,0,0,0
39539,1,0,0,0,0
39540,1,0,0,0,0
39541,1,0,0,0,0
39542,1,0,0,0,0
39543,1,0,0,0,0
39544,1,0,0,0,0
39545,1,0,0,0,0
39546,1,0,0,0,0
39547,1,0,0,0,0
39548,1,0,0,0,0
39549,1,0,0,0,0
39550,1,0,0,0,0
39551,1,0,0,0,0
39552,1,0,0,0,0
39553,1,0,0,0,0
39554,1,0,0,0,0
39555,1,0,0,0,0
39556,1,0,0,0,0
39557,1,0,0,0,0
39558,1,0,0,0,0
39559,1,0,0,0,0
39560,1,0,0,0,0
39561,1,0,0,0,0
39562,1,0,0,0,0
39563,1,0,0,0,0
39564,1,0,0,0,0
39565,1,0,0,0,0
39566,1,0,0,0,0
39567,1,0,0,0,0
39568,0,0,1,0,0
39569,0,0,1,0,0
39570,0,0,1,0,0
39571,0,0,1,0,0
39572,0,0,1,0,0
39573,0,0,1,0,0
39574,0,0,1,0,0
39575,0,0,1,0,0
39576,0,0,1,0,0
39577,0,0,1,0,0
39578,0,0,1,0,0
39579,0,0,1,0,0
39580,0,0,1,0,0
39581,0,0,1,0,0
39582,0,0,1,0,0
39583,0,0,1,0,0
39584,0,0,1,0,0
39585,0,0,1,0,0
39586,0,0,1,0,0
39587,0,0,1,0,0
39588,0,0,1,0,0
39589,0,0,1,0,0
39590,0,0,1,0,0
39591,0,0,1,0,0
39592,0,0,1,0,0
39593,0,0,1,0,0
39594,0,0,1,0,0
39595,0,0,1,0,0
39596,0,0,1,0,0
39597,0,0,1,0,0
39598,1,0,0,0,0
39599,1,0,0,0,0
39600,1,0,0,0,0
39601,1,0,0,0,0
39602,1,0,0,0,0
39603,1,0,0,0,0
39604,1,0,0,0,0
39605,1,0,0,0,0
39606,1,0,0,0,0
39607,1,0,0,0,0
39608,1,0,0,0,0
39609,1,0,0,0,0
39610,1,0,0,0,0
39611,1,0,0,0,0
39612,1,0,0,0,0
39613,0,1,0,0,0
39614,0,1,0,0,0
39615,0,1,0,0,0
39616,0,1,0,0,0
39617,0,1,0,0,0
39618,0,1,0,0,0
39619,0,1,0,0,0
39620,0,1,0,0,0
39621,0,1,0,0,0
39622,0,1,0,0,0
39623,0,1,0,0,0
39624,0,1,0,0,0
39625,0,1,0,0,0
39626,0,1,0,0,0
39627,0,1,0,0,0
39628,0,1,0,0,0
39629,0,1,0,0,0
39630,0,1,0,0,0
39631,0,1,0,0,0
39632,0,1,0,0,0
39633,0,1,0,0,0
39634,0,1,0,0,0
39635,0,1,0,0,0
39636,0,1,0,0,0
39637,0,1,0,0,0
39638,0,1,0,0,0
39639,0,1,0,0,0
39640,0,1,0,0,0
39641,0,1,0,0,0
39642,0,1,0,0,0
39643,0,1,0,0,0
39644,0,1,0,0,0
39645,0,1,0,0,0
39646,0,1,0,0,0
39647,0,1,0,0,0
39648,0,1,0,0,0
39649,1,0,0,0,0
39650,1,0,0,0,0
39651,1,0,0,0,0
39652,1,0,0,0,0
39653,1,0,0,0,0
39654,1,0,0,0,0
39655,1,0,0,0,0
39656,1,0,0,0,0
39657,1,0,0,0,0
39658,1,0,0,0,0
39659,1,0,0,0,0
39660,1,0,0,0,0
39661,1,0,0,0,0
39662,1,0,0,0,0
39663,1,0,0,0,0
39664,1,0,0,0,0
39665,1,0,0,0,0
39666,1,0,0,0,0
39667,1,0,0,0,0
39668,1,0,0,0,0
39669,1,0,0,0,0
39670,1,0,0,0,0
39671,1,0,0,0,0
39672,1,0,0,0,0
39673,1,0,0,0,0
39674,1,0,0,0,0
39675,1,0,0,0,0
39676,1,0,0,0,0
39677,1,0,0,0,0
39678,1,0,0,0,0
39679,1,0,0,0,0
39680,1,0,0,0,0
39681,1,0,0,0,0
39682,1,0,0,0,0
39683,0,0,1,0,0
39684,0,0,1,0,0
39685,0,0,1,0,0
39686,0,0,1,0,0
39687,0,0,1,0,0
39688,0,0,1,0,0
39689,0,0,1,0,0
39690,0,0,1,0,0
39691,0,0,1,0,0
39692,0,0,1,0,0
39693,0,0,1,0,0
39694,0,0,1,0,0
39695,0,0,1,0,0
39696,0,0,1,0,0
39697,0,0,1,0,0
39698,0,0,1,0,0
39699,0,0,1,0,0
39700,0,0,1,0,0
39701,0,0,1,0,0
39702,0,0,1,0,0
39703,0,0,1,0,0
39704,0,0,1,0,0
39705,0,0,1,0,0
39706,0,0,1,0,0
39707,0,0,1,0,0
39708,0,0,1,0,0
39709,0,0,1,0,0
39710,0,0,1,0,0
39711,0,0,1,0,0
39712,0,0,1,0,0
39713,0,0,1,0,0
39714,0,0,1,0,0
39715,0,0,1,0,0
39716,0,0,1,0,0
39717,0,0,1,0,0
39718,0,0,1,0,0
39719,0,0,1,0,0
39720,0,0,1,0,0
39721,0,0,1,0,0
39722,1,0,0,0,0
39723,1,0,0,0,0
39724,1,0,0,0,0
39725,1,0,0,0,0
39726,1,0,0,0,0
39727,1,0,0,0,0
39728,1,0,0,0,0
39729,1,0,0,0,0
39730,1,0,0,0,0
39731,1,0,0,0,0
39732,1,0,0,0,0
39733,1,0,0,0,0
39734,1,0,0,0,0
39735,1,0,0,0,0
39736,1,0,0,0,0
39737,1,0,0,0,0
39738,1,0,0,0,0
39739,1,0,0,0,0
39740,1,0,0,0,0
39741,1,0,0,0,0
39742,1,0,0,0,0
39743,1,0,0,0,0
39744,1,0,0,0,0
39745,1,0,0,0,0
39746,1,0,0,0,0
39747,1,0,0,0,0
39748,1,0,0,0,0
39749,1,0,0,0,0
39750,1,0,0,0,0
39751,1,0,0,0,0
39752,1,0,0,0,0
39753,1,0,0,0,0
39754,1,0,0,0,0
39755,1,0,0,0,0
39756,1,0,0,0,0
39757,1,0,0,0,0
39758,1,0,0,0,0
39759,1,0,0,0,0
39760,1,0,0,0,0
39761,1,0,0,0,0
39762,1,0,0,0,0
39763,1,0,0,0,0
39764,1,0,0,0,0
39765,1,0,0,0,0
39766,1,0,0,0,0
39767,1,0,0,0,0
39768,1,0,0,0,0
39769,1,0,0,0,0
39770,1,0,0,0,0
39771,1,0,0,0,0
39772,1,0,0,0,0
39773,1,0,0,0,0
39774,1,0,0,0,0
39775,1,0,0,0,0
39776,1,0,0,0,0
39777,1,0,0,0,0
39778,1,0,0,0,0
39779,1,0,0,0,0
39780,1,0,0,0,0
39781,1,0,0,0,0
39782,1,0,0,0,0
39783,1,0,0,0,0
39784,1,0,0,0,0
39785,1,0,0,0,0
39786,1,0,0,0,0
39787,1,0,0,0,0
39788,1,0,0,0,0
39789,1,0,0,0,0
39790,1,0,0,0,0
39791,1,0,0,0,0
39792,1,0,0,0,0
39793,1,0,0,0,0
39794,1,0,0,0,0
39795,1,0,0,0,0
39796,1,0,0,0,0
39797,1,0,0,0,0
39798,1,0,0,0,0
39799,1,0,0,0,0
39800,1,0,0,0,0
39801,1,0,0,0,0
39802,1,0,0,0,0
39803,1,0,0,0,0
39804,1,0,0,0,0
39805,1,0,0,0,0
39806,1,0,0,0,0
39807,1,0,0,0,0
39808,1,0,0,0,0
39809,1,0,0,0,0
39810,1,0,0,0,0
39811,1,0,0,0,0
39812,1,0,0,0,0
39813,1,0,0,0,0
39814,1,0,0,0,0
39815,1,0,0,0,0
39816,1,0,0,0,0
39817,1,0,0,0,0
39818,1,0,0,0,0
39819,1,0,0,0,0
39820,1,0,0,0,0
39821,1,0,0,0,0
39822,1,0,0,0,0
39823,1,0,0,0,0
39824,1,0,0,0,0
39825,1,0,0,0,0
39826,0,1,0,0,0
39827,0,1,0,0,0
39828,0,1,0,0,0
39829,0,1,0,0,0
39830,0,1,0,0,0
39831,0,1,0,0,0
39832,0,1,0,0,0
39833,0,1,0,0,0
39834,0,1,0,0,0
39835,0,1,0,0,0
39836,0,1,0,0,0
39837,0,1,0,0,0
39838,0,1,0,0,0
39839,0,1,0,0,0
39840,0,1,0,0,0
39841,0,1,0,0,0
39842,0,1,0,0,0
39843,0,1,0,0,0
39844,0,1,0,0,0
39845,0,1,0,0,0
39846,0,1,0,0,0
39847,0,1,0,0,0
39848,0,1,0,0,0
39849,0,1,0,0,0
39850,0,1,0,0,0
39851,0,1,0,0,0
39852,0,1,0,0,0
39853,0,1,0,0,0
39854,0,1,0,0,0
39855,0,1,0,0,0
39856,0,1,0,0,0
39857,1,0,0,0,0
39858,1,0,0,0,0
39859,1,0,0,0,0
39860,1,0,0,0,0
39861,1,0,0,0,0
39862,1,0,0,0,0
39863,1,0,0,0,0
39864,1,0,0,0,0
39865,1,0,0,0,0
39866,1,0,0,0,0
39867,1,0,0,0,0
39868,1,0,0,0,0
39869,1,0,0,0,0
39870,1,0,0,0,0
39871,1,0,0,0,0
39872,1,0,0,0,0
39873,1,0,0,0,0
39874,1,0,0,0,0
39875,1,0,0,0,0
39876,1,0,0,0,0
39877,1,0,0,0,0
39878,1,0,0,0,0
39879,1,0,0,0,0
39880,1,0,0,0,0
39881,1,0,0,0,0
39882,1,0,0,0,0
39883,1,0,0,0,0
39884,1,0,0,0,0
39885,1,0,0,0,0
39886,1,0,0,0,0
39887,1,0,0,0,0
39888,1,0,0,0,0
39889,1,0,0,0,0
39890,1,0,0,0,0
39891,1,0,0,0,0
39892,1,0,0,0,0
39893,1,0,0,0,0
39894,1,0,0,0,0
39895,1,0,0,0,0
39896,1,0,0,0,0
39897,1,0,0,0,0
39898,1,0,0,0,0
39899,1,0,0,0,0
39900,1,0,0,0,0
39901,1,0,0,0,0
39902,1,0,0,0,0
39903,1,0,0,0,0
39904,1,0,0,0,0
39905,1,0,0,0,0
39906,1,0,0,0,0
39907,1,0,0,0,0
39908,1,0,0,0,0
39909,1,0,0,0,0
39910,1,0,0,0,0
39911,1,0,0,0,0
39912,1,0,0,0,0
39913,1,0,0,0,0
39914,1,0,0,0,0
39915,1,0,0,0,0
39916,1,0,0,0,0
39917,1,0,0,0,0
39918,1,0,0,0,0
39919,1,0,0,0,0
39920,1,0,0,0,0
39921,1,0,0,0,0
39922,1,0,0,0,0
39923,1,0,0,0,0
39924,1,0,0,0,0
39925,1,0,0,0,0
39926,1,0,0,0,0
39927,1,0,0,0,0
39928,1,0,0,0,0
39929,1,0,0,0,0
39930,1,0,0,0,0
39931,1,0,0,0,0
39932,1,0,0,0,0
39933,1,0,0,0,0
39934,1,0,0,0,0
39935,1,0,0,0,0
39936,1,0,0,0,0
39937,1,0,0,0,0
39938,1,0,0,0,0
39939,1,0,0,0,0
39940,1,0,0,0,0
39941,1,0,0,0,0
39942,1,0,0,0,0
39943,1,0,0,0,0
39944,1,0,0,0,0
39945,1,0,0,0,0
39946,1,0,0,0,0
39947,1,0,0,0,0
39948,1,0,0,0,0
39949,1,0,0,0,0
39950,1,0,0,0,0
39951,1,0,0,0,0
39952,1,0,0,0,0
39953,1,0,0,0,0
39954,1,0,0,0,0
39955,1,0,0,0,0
39956,1,0,0,0,0
39957,1,0,0,0,0
39958,1,0,0,0,0
39959,1,0,0,0,0
39960,1,0,0,0,0
39961,1,0,0,0,0
39962,1,0,0,0,0
39963,1,0,0,0,0
39964,1,0,0,0,0
39965,1,0,0,0,0
39966,1,0,0,0,0
39967,1,0,0,0,0
39968,1,0,0,0,0
39969,1,0,0,0,0
39970,1,0,0,0,0
39971,1,0,0,0,0
39972,1,0,0,0,0
39973,1,0,0,0,0
39974,1,0,0,0,0
39975,1,0,0,0,0
39976,1,0,0,0,0
39977,1,0,0,0,0
39978,1,0,0,0,0
39979,1,0,0,0,0
39980,1,0,0,0,0
39981,1,0,0,0,0
39982,1,0,0,0,0
39983,1,0,0,0,0
39984,1,0,0,0,0
39985,1,0,0,0,0
39986,1,0,0,0,0
39987,1,0,0,0,0
39988,1,0,0,0,0
39989,1,0,0,0,0
39990,1,0,0,0,0
39991,1,0,0,0,0
39992,1,0,0,0,0
39993,1,0,0,0,0
39994,1,0,0,0,0
39995,1,0,0,0,0
39996,1,0,0,0,0
39997,1,0,0,0,0
39998,1,0,0,0,0
39999,1,0,0,0,0
40000,1,0,0,0,0
40001,1,0,0,0,0
40002,1,0,0,0,0
40003,1,0,0,0,0
40004,1,0,0,0,0
40005,1,0,0,0,0
40006,1,0,0,0,0
40007,1,0,0,0,0
40008,1,0,0,0,0
40009,1,0,0,0,0
40010,1,0,0,0,0
40011,1,0,0,0,0
40012,1,0,0,0,0
40013,1,0,0,0,0
40014,1,0,0,0,0
40015,1,0,0,0,0
40016,1,0,0,0,0
40017,1,0,0,0,0
40018,1,0,0,0,0
40019,1,0,0,0,0
40020,1,0,0,0,0
40021,1,0,0,0,0
40022,1,0,0,0,0
40023,1,0,0,0,0
40024,1,0,0,0,0
40025,1,0,0,0,0
40026,1,0,0,0,0
40027,1,0,0,0,0
40028,1,0,0,0,0
40029,1,0,0,0,0
40030,1,0,0,0,0
40031,1,0,0,0,0
40032,1,0,0,0,0
40033,1,0,0,0,0
40034,1,0,0,0,0
40035,1,0,0,0,0
40036,1,0,0,0,0
40037,1,0,0,0,0
40038,1,0,0,0,0
40039,1,0,0,0,0
40040,1,0,0,0,0
40041,1,0,0,0,0
40042,1,0,0,0,0
40043,1,0,0,0,0
40044,1,0,0,0,0
40045,1,0,0,0,0
40046,1,0,0,0,0
40047,1,0,0,0,0
40048,1,0,0,0,0
40049,1,0,0,0,0
40050,1,0,0,0,0
40051,1,0,0,0,0
40052,1,0,0,0,0
40053,1,0,0,0,0
40054,1,0,0,0,0
40055,1,0,0,0,0
40056,1,0,0,0,0
40057,1,0,0,0,0
40058,1,0,0,0,0
40059,1,0,0,0,0
40060,1,0,0,0,0
40061,1,0,0,0,0
40062,1,0,0,0,0
40063,1,0,0,0,0
40064,1,0,0,0,0
40065,1,0,0,0,0
40066,1,0,0,0,0
40067,1,0,0,0,0
40068,1,0,0,0,0
40069,1,0,0,0,0
40070,1,0,0,0,0
40071,1,0,0,0,0
40072,1,0,0,0,0
40073,1,0,0,0,0
40074,1,0,0,0,0
40075,1,0,0,0,0
40076,1,0,0,0,0
40077,1,0,0,0,0
40078,1,0,0,0,0
40079,1,0,0,0,0
40080,1,0,0,0,0
40081,1,0,0,0,0
40082,1,0,0,0,0
40083,1,0,0,0,0
40084,1,0,0,0,0
40085,1,0,0,0,0
40086,1,0,0,0,0
40087,1,0,0,0,0
40088,1,0,0,0,0
40089,1,0,0,0,0
40090,1,0,0,0,0
40091,1,0,0,0,0
40092,1,0,0,0,0
40093,1,0,0,0,0
40094,1,0,0,0,0
40095,1,0,0,0,0
40096,1,0,0,0,0
40097,1,0,0,0,0
40098,1,0,0,0,0
40099,1,0,0,0,0
40100,1,0,0,0,0
40101,1,0,0,0,0
40102,1,0,0,0,0
40103,1,0,0,0,0
40104,1,0,0,0,0
40105,1,0,0,0,0
40106,1,0,0,0,0
40107,1,0,0,0,0
40108,1,0,0,0,0
40109,1,0,0,0,0
40110,1,0,0,0,0
40111,1,0,0,0,0
40112,1,0,0,0,0
40113,1,0,0,0,0
40114,1,0,0,0,0
40115,1,0,0,0,0
40116,1,0,0,0,0
40117,1,0,0,0,0
40118,1,0,0,0,0
40119,1,0,0,0,0
40120,1,0,0,0,0
40121,1,0,0,0,0
40122,1,0,0,0,0
40123,1,0,0,0,0
40124,1,0,0,0,0
40125,1,0,0,0,0
40126,1,0,0,0,0
40127,1,0,0,0,0
40128,1,0,0,0,0
40129,1,0,0,0,0
40130,1,0,0,0,0
40131,1,0,0,0,0
40132,1,0,0,0,0
40133,1,0,0,0,0
40134,1,0,0,0,0
40135,1,0,0,0,0
40136,1,0,0,0,0
40137,1,0,0,0,0
40138,1,0,0,0,0
40139,1,0,0,0,0
40140,1,0,0,0,0
40141,1,0,0,0,0
40142,1,0,0,0,0
40143,1,0,0,0,0
40144,1,0,0,0,0
40145,1,0,0,0,0
40146,1,0,0,0,0
40147,1,0,0,0,0
40148,1,0,0,0,0
40149,1,0,0,0,0
40150,1,0,0,0,0
40151,1,0,0,0,0
40152,1,0,0,0,0
40153,1,0,0,0,0
40154,1,0,0,0,0
40155,1,0,0,0,0
40156,1,0,0,0,0
40157,1,0,0,0,0
40158,1,0,0,0,0
40159,1,0,0,0,0
40160,1,0,0,0,0
40161,1,0,0,0,0
40162,1,0,0,0,0
40163,1,0,0,0,0
40164,1,0,0,0,0
40165,1,0,0,0,0
40166,1,0,0,0,0
40167,1,0,0,0,0
40168,1,0,0,0,0
40169,1,0,0,0,0
40170,1,0,0,0,0
40171,1,0,0,0,0
40172,1,0,0,0,0
40173,1,0,0,0,0
40174,1,0,0,0,0
40175,1,0,0,0,0
40176,1,0,0,0,0
40177,1,0,0,0,0
40178,1,0,0,0,0
40179,1,0,0,0,0
40180,1,0,0,0,0
40181,1,0,0,0,0
40182,1,0,0,0,0
40183,1,0,0,0,0
40184,1,0,0,0,0
40185,1,0,0,0,0
40186,1,0,0,0,0
40187,1,0,0,0,0
40188,1,0,0,0,0
40189,1,0,0,0,0
40190,1,0,0,0,0
40191,1,0,0,0,0
40192,1,0,0,0,0
40193,1,0,0,0,0
40194,1,0,0,0,0
40195,1,0,0,0,0
40196,1,0,0,0,0
40197,1,0,0,0,0
40198,1,0,0,0,0
40199,1,0,0,0,0
40200,1,0,0,0,0
40201,1,0,0,0,0
40202,1,0,0,0,0
40203,1,0,0,0,0
40204,1,0,0,0,0
40205,1,0,0,0,0
40206,1,0,0,0,0
40207,1,0,0,0,0
40208,1,0,0,0,0
40209,1,0,0,0,0
40210,1,0,0,0,0
40211,1,0,0,0,0
40212,1,0,0,0,0
40213,1,0,0,0,0
40214,1,0,0,0,0
40215,1,0,0,0,0
40216,1,0,0,0,0
40217,1,0,0,0,0
40218,1,0,0,0,0
40219,1,0,0,0,0
40220,1,0,0,0,0
40221,1,0,0,0,0
40222,1,0,0,0,0
40223,1,0,0,0,0
40224,1,0,0,0,0
40225,1,0,0,0,0
40226,1,0,0,0,0
40227,1,0,0,0,0
40228,1,0,0,0,0
40229,1,0,0,0,0
40230,1,0,0,0,0
40231,1,0,0,0,0
40232,1,0,0,0,0
40233,1,0,0,0,0
40234,1,0,0,0,0
40235,1,0,0,0,0
40236,1,0,0,0,0
40237,1,0,0,0,0
40238,1,0,0,0,0
40239,1,0,0,0,0
40240,1,0,0,0,0
40241,1,0,0,0,0
40242,1,0,0,0,0
40243,1,0,0,0,0
40244,1,0,0,0,0
40245,1,0,0,0,0
40246,1,0,0,0,0
40247,1,0,0,0,0
40248,1,0,0,0,0
40249,1,0,0,0,0
40250,1,0,0,0,0
40251,1,0,0,0,0
40252,1,0,0,0,0
40253,1,0,0,0,0
40254,1,0,0,0,0
40255,1,0,0,0,0
40256,1,0,0,0,0
40257,1,0,0,0,0
40258,1,0,0,0,0
40259,1,0,0,0,0
40260,1,0,0,0,0
40261,1,0,0,0,0
40262,1,0,0,0,0
40263,1,0,0,0,0
40264,1,0,0,0,0
40265,1,0,0,0,0
40266,1,0,0,0,0
40267,1,0,0,0,0
40268,1,0,0,0,0
40269,1,0,0,0,0
40270,1,0,0,0,0
40271,1,0,0,0,0
40272,1,0,0,0,0
40273,1,0,0,0,0
40274,1,0,0,0,0
40275,1,0,0,0,0
40276,1,0,0,0,0
40277,1,0,0,0,0
40278,1,0,0,0,0
40279,1,0,0,0,0
40280,1,0,0,0,0
40281,1,0,0,0,0
40282,1,0,0,0,0
40283,1,0,0,0,0
40284,1,0,0,0,0
40285,1,0,0,0,0
40286,1,0,0,0,0
40287,1,0,0,0,0
40288,1,0,0,0,0
40289,1,0,0,0,0
40290,1,0,0,0,0
40291,1,0,0,0,0
40292,1,0,0,0,0
40293,1,0,0,0,0
40294,1,0,0,0,0
40295,1,0,0,0,0
40296,1,0,0,0,0
40297,1,0,0,0,0
40298,1,0,0,0,0
40299,1,0,0,0,0
40300,1,0,0,0,0
40301,1,0,0,0,0
40302,1,0,0,0,0
40303,1,0,0,0,0
40304,1,0,0,0,0
40305,1,0,0,0,0
40306,1,0,0,0,0
40307,1,0,0,0,0
40308,1,0,0,0,0
40309,1,0,0,0,0
40310,1,0,0,0,0
40311,1,0,0,0,0
40312,1,0,0,0,0
40313,1,0,0,0,0
40314,1,0,0,0,0
40315,1,0,0,0,0
40316,1,0,0,0,0
40317,1,0,0,0,0
40318,1,0,0,0,0
40319,1,0,0,0,0
40320,1,0,0,0,0
40321,1,0,0,0,0
40322,1,0,0,0,0
40323,1,0,0,0,0
40324,1,0,0,0,0
40325,1,0,0,0,0
40326,1,0,0,0,0
40327,1,0,0,0,0
40328,1,0,0,0,0
40329,1,0,0,0,0
40330,1,0,0,0,0
40331,1,0,0,0,0
40332,1,0,0,0,0
40333,1,0,0,0,0
40334,1,0,0,0,0
40335,1,0,0,0,0
40336,1,0,0,0,0
40337,1,0,0,0,0
40338,1,0,0,0,0
40339,1,0,0,0,0
40340,1,0,0,0,0
40341,1,0,0,0,0
40342,1,0,0,0,0
40343,1,0,0,0,0
40344,1,0,0,0,0
40345,1,0,0,0,0
40346,1,0,0,0,0
40347,1,0,0,0,0
40348,1,0,0,0,0
40349,1,0,0,0,0
40350,1,0,0,0,0
40351,1,0,0,0,0
40352,1,0,0,0,0
40353,1,0,0,0,0
40354,1,0,0,0,0
40355,1,0,0,0,0
40356,1,0,0,0,0
40357,1,0,0,0,0
40358,1,0,0,0,0
40359,1,0,0,0,0
40360,1,0,0,0,0
40361,1,0,0,0,0
40362,1,0,0,0,0
40363,1,0,0,0,0
40364,1,0,0,0,0
40365,1,0,0,0,0
40366,1,0,0,0,0
40367,1,0,0,0,0
40368,1,0,0,0,0
40369,1,0,0,0,0
40370,1,0,0,0,0
40371,1,0,0,0,0
40372,1,0,0,0,0
40373,1,0,0,0,0
40374,1,0,0,0,0
40375,1,0,0,0,0
40376,1,0,0,0,0
40377,1,0,0,0,0
40378,1,0,0,0,0
40379,1,0,0,0,0
40380,1,0,0,0,0
40381,1,0,0,0,0
40382,1,0,0,0,0
40383,1,0,0,0,0
40384,1,0,0,0,0
40385,1,0,0,0,0
40386,1,0,0,0,0
40387,1,0,0,0,0
40388,1,0,0,0,0
40389,1,0,0,0,0
40390,1,0,0,0,0
40391,1,0,0,0,0
40392,1,0,0,0,0
40393,1,0,0,0,0
40394,1,0,0,0,0
40395,1,0,0,0,0
40396,1,0,0,0,0
40397,1,0,0,0,0
40398,1,0,0,0,0
40399,1,0,0,0,0
40400,1,0,0,0,0
40401,1,0,0,0,0
40402,1,0,0,0,0
40403,1,0,0,0,0
40404,1,0,0,0,0
40405,1,0,0,0,0
40406,1,0,0,0,0
40407,1,0,0,0,0
40408,1,0,0,0,0
40409,1,0,0,0,0
40410,1,0,0,0,0
40411,1,0,0,0,0
40412,1,0,0,0,0
40413,1,0,0,0,0
40414,1,0,0,0,0
40415,1,0,0,0,0
40416,1,0,0,0,0
40417,1,0,0,0,0
40418,1,0,0,0,0
40419,1,0,0,0,0
40420,1,0,0,0,0
40421,1,0,0,0,0
40422,1,0,0,0,0
40423,1,0,0,0,0
40424,1,0,0,0,0
40425,1,0,0,0,0
40426,1,0,0,0,0
40427,1,0,0,0,0
40428,1,0,0,0,0
40429,1,0,0,0,0
40430,1,0,0,0,0
40431,1,0,0,0,0
40432,1,0,0,0,0
40433,1,0,0,0,0
40434,1,0,0,0,0
40435,1,0,0,0,0
40436,1,0,0,0,0
40437,1,0,0,0,0
40438,1,0,0,0,0
40439,1,0,0,0,0
40440,1,0,0,0,0
40441,1,0,0,0,0
40442,1,0,0,0,0
40443,1,0,0,0,0
40444,1,0,0,0,0
40445,1,0,0,0,0
40446,1,0,0,0,0
40447,1,0,0,0,0
40448,1,0,0,0,0
40449,1,0,0,0,0
40450,1,0,0,0,0
40451,1,0,0,0,0
40452,1,0,0,0,0
40453,1,0,0,0,0
40454,1,0,0,0,0
40455,1,0,0,0,0
40456,1,0,0,0,0
40457,1,0,0,0,0
40458,1,0,0,0,0
40459,1,0,0,0,0
40460,1,0,0,0,0
40461,1,0,0,0,0
40462,1,0,0,0,0
40463,1,0,0,0,0
40464,1,0,0,0,0
40465,1,0,0,0,0
40466,1,0,0,0,0
40467,1,0,0,0,0
40468,1,0,0,0,0
40469,1,0,0,0,0
40470,1,0,0,0,0
40471,1,0,0,0,0
40472,1,0,0,0,0
40473,1,0,0,0,0
40474,1,0,0,0,0
40475,1,0,0,0,0
40476,1,0,0,0,0
40477,1,0,0,0,0
40478,1,0,0,0,0
40479,1,0,0,0,0
40480,1,0,0,0,0
40481,1,0,0,0,0
40482,1,0,0,0,0
40483,1,0,0,0,0
40484,1,0,0,0,0
40485,1,0,0,0,0
40486,1,0,0,0,0
40487,1,0,0,0,0
40488,1,0,0,0,0
40489,1,0,0,0,0
40490,1,0,0,0,0
40491,1,0,0,0,0
40492,1,0,0,0,0
40493,1,0,0,0,0
40494,1,0,0,0,0
40495,1,0,0,0,0
40496,1,0,0,0,0
40497,1,0,0,0,0
40498,1,0,0,0,0
40499,1,0,0,0,0
40500,1,0,0,0,0
40501,1,0,0,0,0
40502,1,0,0,0,0
40503,1,0,0,0,0
40504,1,0,0,0,0
40505,1,0,0,0,0
40506,1,0,0,0,0
40507,1,0,0,0,0
40508,1,0,0,0,0
40509,1,0,0,0,0
40510,1,0,0,0,0
40511,1,0,0,0,0
40512,1,0,0,0,0
40513,1,0,0,0,0
40514,1,0,0,0,0
40515,1,0,0,0,0
40516,1,0,0,0,0
40517,1,0,0,0,0
40518,1,0,0,0,0
40519,1,0,0,0,0
40520,1,0,0,0,0
40521,1,0,0,0,0
40522,1,0,0,0,0
40523,1,0,0,0,0
40524,0,0,1,0,0
40525,0,0,1,0,0
40526,0,0,1,0,0
40527,0,0,1,0,0
40528,0,0,1,0,0
40529,0,0,1,0,0
40530,0,0,1,0,0
40531,0,0,1,0,0
40532,0,0,1,0,0
40533,0,0,1,0,0
40534,0,0,1,0,0
40535,0,0,1,0,0
40536,1,0,0,0,0
40537,1,0,0,0,0
40538,1,0,0,0,0
40539,1,0,0,0,0
40540,1,0,0,0,0
40541,1,0,0,0,0
40542,1,0,0,0,0
40543,1,0,0,0,0
40544,1,0,0,0,0
40545,1,0,0,0,0
40546,1,0,0,0,0
40547,1,0,0,0,0
40548,1,0,0,0,0
40549,1,0,0,0,0
40550,1,0,0,0,0
40551,1,0,0,0,0
40552,1,0,0,0,0
40553,1,0,0,0,0
40554,1,0,0,0,0
40555,1,0,0,0,0
40556,1,0,0,0,0
40557,1,0,0,0,0
40558,1,0,0,0,0
40559,1,0,0,0,0
40560,1,0,0,0,0
40561,0,0,1,0,0
40562,0,0,1,0,0
40563,0,0,1,0,0
40564,0,0,1,0,0
40565,0,0,1,0,0
40566,0,0,1,0,0
40567,0,0,1,0,0
40568,0,0,1,0,0
40569,0,0,1,0,0
40570,0,0,1,0,0
40571,0,0,1,0,0
40572,0,0,1,0,0
40573,1,0,0,0,0
40574,1,0,0,0,0
40575,1,0,0,0,0
40576,1,0,0,0,0
40577,1,0,0,0,0
40578,1,0,0,0,0
40579,1,0,0,0,0
40580,1,0,0,0,0
40581,1,0,0,0,0
40582,1,0,0,0,0
40583,1,0,0,0,0
40584,1,0,0,0,0
40585,1,0,0,0,0
40586,1,0,0,0,0
40587,1,0,0,0,0
40588,1,0,0,0,0
40589,1,0,0,0,0
40590,1,0,0,0,0
40591,1,0,0,0,0
40592,1,0,0,0,0
40593,1,0,0,0,0
40594,1,0,0,0,0
40595,1,0,0,0,0
40596,1,0,0,0,0
40597,0,0,1,0,0
40598,0,0,1,0,0
40599,0,0,1,0,0
40600,0,0,1,0,0
40601,0,0,1,0,0
40602,0,0,1,0,0
40603,0,0,1,0,0
40604,0,0,1,0,0
40605,1,0,0,0,0
40606,1,0,0,0,0
40607,1,0,0,0,0
40608,1,0,0,0,0
40609,1,0,0,0,0
40610,1,0,0,0,0
40611,1,0,0,0,0
40612,1,0,0,0,0
40613,1,0,0,0,0
40614,1,0,0,0,0
40615,1,0,0,0,0
40616,1,0,0,0,0
40617,1,0,0,0,0
40618,0,1,0,0,0
40619,0,1,0,0,0
40620,0,1,0,0,0
40621,0,1,0,0,0
40622,0,1,0,0,0
40623,0,1,0,0,0
40624,0,1,0,0,0
40625,0,1,0,0,0
40626,0,1,0,0,0
40627,0,1,0,0,0
40628,0,1,0,0,0
40629,0,1,0,0,0
40630,0,1,0,0,0
40631,0,1,0,0,0
40632,0,1,0,0,0
40633,0,1,0,0,0
40634,0,1,0,0,0
40635,0,1,0,0,0
40636,0,1,0,0,0
40637,0,1,0,0,0
40638,0,1,0,0,0
40639,0,1,0,0,0
40640,1,0,0,0,0
40641,1,0,0,0,0
40642,1,0,0,0,0
40643,1,0,0,0,0
40644,1,0,0,0,0
40645,1,0,0,0,0
40646,1,0,0,0,0
40647,1,0,0,0,0
40648,1,0,0,0,0
40649,0,1,0,0,0
40650,0,1,0,0,0
40651,0,1,0,0,0
40652,0,1,0,0,0
40653,0,1,0,0,0
40654,0,1,0,0,0
40655,0,1,0,0,0
40656,0,1,0,0,0
40657,0,1,0,0,0
40658,0,1,0,0,0
40659,0,1,0,0,0
40660,0,1,0,0,0
40661,0,1,0,0,0
40662,0,1,0,0,0
40663,0,1,0,0,0
40664,0,1,0,0,0
40665,0,1,0,0,0
40666,0,1,0,0,0
40667,0,1,0,0,0
40668,0,1,0,0,0
40669,0,1,0,0,0
40670,0,1,0,0,0
40671,0,1,0,0,0
40672,0,1,0,0,0
40673,0,1,0,0,0
40674,0,1,0,0,0
40675,0,1,0,0,0
40676,0,1,0,0,0
40677,0,1,0,0,0
40678,0,1,0,0,0
40679,0,1,0,0,0
40680,0,1,0,0,0
40681,0,1,0,0,0
40682,0,1,0,0,0
40683,0,1,0,0,0
40684,0,1,0,0,0
40685,0,1,0,0,0
40686,0,1,0,0,0
40687,0,1,0,0,0
40688,0,1,0,0,0
40689,0,1,0,0,0
40690,0,1,0,0,0
40691,0,1,0,0,0
40692,0,1,0,0,0
40693,0,1,0,0,0
40694,0,1,0,0,0
40695,0,1,0,0,0
40696,0,1,0,0,0
40697,0,1,0,0,0
40698,0,1,0,0,0
40699,0,1,0,0,0
40700,0,1,0,0,0
40701,0,1,0,0,0
40702,0,1,0,0,0
40703,0,1,0,0,0
40704,0,1,0,0,0
40705,0,1,0,0,0
40706,0,1,0,0,0
40707,0,1,0,0,0
40708,0,1,0,0,0
40709,1,0,0,0,0
40710,1,0,0,0,0
40711,1,0,0,0,0
40712,1,0,0,0,0
40713,1,0,0,0,0
40714,1,0,0,0,0
40715,1,0,0,0,0
40716,1,0,0,0,0
40717,1,0,0,0,0
40718,1,0,0,0,0
40719,1,0,0,0,0
40720,1,0,0,0,0
40721,1,0,0,0,0
40722,1,0,0,0,0
40723,1,0,0,0,0
40724,1,0,0,0,0
40725,1,0,0,0,0
40726,1,0,0,0,0
40727,1,0,0,0,0
40728,1,0,0,0,0
40729,1,0,0,0,0
40730,1,0,0,0,0
40731,1,0,0,0,0
40732,1,0,0,0,0
40733,1,0,0,0,0
40734,1,0,0,0,0
40735,1,0,0,0,0
40736,1,0,0,0,0
40737,1,0,0,0,0
40738,1,0,0,0,0
40739,1,0,0,0,0
40740,1,0,0,0,0
40741,1,0,0,0,0
40742,1,0,0,0,0
40743,1,0,0,0,0
40744,1,0,0,0,0
40745,1,0,0,0,0
40746,1,0,0,0,0
40747,1,0,0,0,0
40748,1,0,0,0,0
40749,1,0,0,0,0
40750,1,0,0,0,0
40751,1,0,0,0,0
40752,1,0,0,0,0
40753,1,0,0,0,0
40754,1,0,0,0,0
40755,1,0,0,0,0
40756,1,0,0,0,0
40757,1,0,0,0,0
40758,1,0,0,0,0
40759,1,0,0,0,0
40760,1,0,0,0,0
40761,1,0,0,0,0
40762,1,0,0,0,0
40763,1,0,0,0,0
40764,1,0,0,0,0
40765,1,0,0,0,0
40766,1,0,0,0,0
40767,1,0,0,0,0
40768,1,0,0,0,0
40769,1,0,0,0,0
40770,1,0,0,0,0
40771,1,0,0,0,0
40772,1,0,0,0,0
40773,1,0,0,0,0
40774,1,0,0,0,0
40775,1,0,0,0,0
40776,1,0,0,0,0
40777,1,0,0,0,0
40778,1,0,0,0,0
40779,1,0,0,0,0
40780,1,0,0,0,0
40781,1,0,0,0,0
40782,1,0,0,0,0
40783,1,0,0,0,0
40784,1,0,0,0,0
40785,1,0,0,0,0
40786,1,0,0,0,0
40787,1,0,0,0,0
40788,1,0,0,0,0
40789,1,0,0,0,0
40790,1,0,0,0,0
40791,1,0,0,0,0
40792,1,0,0,0,0
40793,1,0,0,0,0
40794,1,0,0,0,0
40795,1,0,0,0,0
40796,1,0,0,0,0
40797,1,0,0,0,0
40798,1,0,0,0,0
40799,1,0,0,0,0
40800,1,0,0,0,0
40801,1,0,0,0,0
40802,1,0,0,0,0
40803,1,0,0,0,0
40804,1,0,0,0,0
40805,1,0,0,0,0
40806,1,0,0,0,0
40807,1,0,0,0,0
40808,1,0,0,0,0
40809,1,0,0,0,0
40810,1,0,0,0,0
40811,1,0,0,0,0
40812,1,0,0,0,0
40813,1,0,0,0,0
40814,1,0,0,0,0
40815,1,0,0,0,0
40816,1,0,0,0,0
40817,1,0,0,0,0
40818,1,0,0,0,0
40819,1,0,0,0,0
40820,1,0,0,0,0
40821,1,0,0,0,0
40822,1,0,0,0,0
40823,1,0,0,0,0
40824,1,0,0,0,0
40825,1,0,0,0,0
40826,1,0,0,0,0
40827,1,0,0,0,0
40828,1,0,0,0,0
40829,1,0,0,0,0
40830,1,0,0,0,0
40831,1,0,0,0,0
40832,1,0,0,0,0
40833,1,0,0,0,0
40834,1,0,0,0,0
40835,1,0,0,0,0
40836,1,0,0,0,0
40837,1,0,0,0,0
40838,1,0,0,0,0
40839,1,0,0,0,0
40840,1,0,0,0,0
40841,1,0,0,0,0
40842,1,0,0,0,0
40843,1,0,0,0,0
40844,1,0,0,0,0
40845,1,0,0,0,0
40846,1,0,0,0,0
40847,1,0,0,0,0
40848,1,0,0,0,0
40849,1,0,0,0,0
40850,1,0,0,0,0
40851,1,0,0,0,0
40852,1,0,0,0,0
40853,1,0,0,0,0
40854,1,0,0,0,0
40855,1,0,0,0,0
40856,1,0,0,0,0
40857,1,0,0,0,0
40858,1,0,0,0,0
40859,1,0,0,0,0
40860,1,0,0,0,0
40861,1,0,0,0,0
40862,1,0,0,0,0
40863,1,0,0,0,0
40864,1,0,0,0,0
40865,1,0,0,0,0
40866,1,0,0,0,0
40867,1,0,0,0,0
40868,1,0,0,0,0
40869,1,0,0,0,0
40870,1,0,0,0,0
40871,1,0,0,0,0
40872,1,0,0,0,0
40873,1,0,0,0,0
40874,1,0,0,0,0
40875,1,0,0,0,0
40876,1,0,0,0,0
40877,1,0,0,0,0
40878,1,0,0,0,0
40879,1,0,0,0,0
40880,1,0,0,0,0
40881,1,0,0,0,0
40882,1,0,0,0,0
40883,1,0,0,0,0
40884,1,0,0,0,0
40885,1,0,0,0,0
40886,1,0,0,0,0
40887,1,0,0,0,0
40888,1,0,0,0,0
40889,1,0,0,0,0
40890,1,0,0,0,0
40891,1,0,0,0,0
40892,1,0,0,0,0
40893,1,0,0,0,0
40894,1,0,0,0,0
40895,1,0,0,0,0
40896,1,0,0,0,0
40897,1,0,0,0,0
40898,1,0,0,0,0
40899,1,0,0,0,0
40900,1,0,0,0,0
40901,1,0,0,0,0
40902,1,0,0,0,0
40903,1,0,0,0,0
40904,1,0,0,0,0
40905,1,0,0,0,0
40906,1,0,0,0,0
40907,1,0,0,0,0
40908,1,0,0,0,0
40909,1,0,0,0,0
40910,1,0,0,0,0
40911,1,0,0,0,0
40912,1,0,0,0,0
40913,1,0,0,0,0
40914,1,0,0,0,0
40915,1,0,0,0,0
40916,1,0,0,0,0
40917,1,0,0,0,0
40918,1,0,0,0,0
40919,1,0,0,0,0
40920,1,0,0,0,0
40921,1,0,0,0,0
40922,1,0,0,0,0
40923,1,0,0,0,0
40924,1,0,0,0,0
40925,1,0,0,0,0
40926,1,0,0,0,0
40927,1,0,0,0,0
40928,1,0,0,0,0
40929,1,0,0,0,0
40930,1,0,0,0,0
40931,1,0,0,0,0
40932,1,0,0,0,0
40933,1,0,0,0,0
40934,1,0,0,0,0
40935,1,0,0,0,0
40936,1,0,0,0,0
40937,1,0,0,0,0
40938,1,0,0,0,0
40939,1,0,0,0,0
40940,1,0,0,0,0
40941,1,0,0,0,0
40942,1,0,0,0,0
40943,1,0,0,0,0
40944,1,0,0,0,0
40945,1,0,0,0,0
40946,1,0,0,0,0
40947,1,0,0,0,0
40948,1,0,0,0,0
40949,1,0,0,0,0
40950,1,0,0,0,0
40951,1,0,0,0,0
40952,1,0,0,0,0
40953,1,0,0,0,0
40954,1,0,0,0,0
40955,1,0,0,0,0
40956,1,0,0,0,0
40957,1,0,0,0,0
40958,1,0,0,0,0
40959,1,0,0,0,0
40960,1,0,0,0,0
40961,1,0,0,0,0
40962,1,0,0,0,0
40963,1,0,0,0,0
40964,1,0,0,0,0
40965,1,0,0,0,0
40966,1,0,0,0,0
40967,1,0,0,0,0
40968,1,0,0,0,0
40969,1,0,0,0,0
40970,1,0,0,0,0
40971,1,0,0,0,0
40972,1,0,0,0,0
40973,1,0,0,0,0
40974,1,0,0,0,0
40975,1,0,0,0,0
40976,1,0,0,0,0
40977,1,0,0,0,0
40978,1,0,0,0,0
40979,1,0,0,0,0
40980,1,0,0,0,0
40981,1,0,0,0,0
40982,1,0,0,0,0
40983,1,0,0,0,0
40984,1,0,0,0,0
40985,1,0,0,0,0
40986,1,0,0,0,0
40987,1,0,0,0,0
40988,1,0,0,0,0
40989,1,0,0,0,0
40990,1,0,0,0,0
40991,1,0,0,0,0
40992,1,0,0,0,0
40993,1,0,0,0,0
40994,1,0,0,0,0
40995,1,0,0,0,0
40996,1,0,0,0,0
40997,1,0,0,0,0
40998,1,0,0,0,0
40999,1,0,0,0,0
41000,1,0,0,0,0
41001,1,0,0,0,0
41002,1,0,0,0,0
41003,1,0,0,0,0
41004,1,0,0,0,0
41005,1,0,0,0,0
41006,1,0,0,0,0
41007,1,0,0,0,0
41008,1,0,0,0,0
41009,1,0,0,0,0
41010,1,0,0,0,0
41011,1,0,0,0,0
41012,1,0,0,0,0
41013,1,0,0,0,0
41014,1,0,0,0,0
41015,1,0,0,0,0
41016,1,0,0,0,0
41017,1,0,0,0,0
41018,1,0,0,0,0
41019,1,0,0,0,0
41020,1,0,0,0,0
41021,1,0,0,0,0
41022,1,0,0,0,0
41023,1,0,0,0,0
41024,1,0,0,0,0
41025,1,0,0,0,0
41026,1,0,0,0,0
41027,1,0,0,0,0
41028,1,0,0,0,0
41029,1,0,0,0,0
41030,1,0,0,0,0
41031,1,0,0,0,0
41032,1,0,0,0,0
41033,1,0,0,0,0
41034,1,0,0,0,0
41035,1,0,0,0,0
41036,1,0,0,0,0
41037,1,0,0,0,0
41038,1,0,0,0,0
41039,1,0,0,0,0
41040,1,0,0,0,0
41041,1,0,0,0,0
41042,1,0,0,0,0
41043,1,0,0,0,0
41044,1,0,0,0,0
41045,1,0,0,0,0
41046,1,0,0,0,0
41047,1,0,0,0,0
41048,1,0,0,0,0
41049,1,0,0,0,0
41050,1,0,0,0,0
41051,1,0,0,0,0
41052,1,0,0,0,0
41053,1,0,0,0,0
41054,1,0,0,0,0
41055,1,0,0,0,0
41056,1,0,0,0,0
41057,1,0,0,0,0
41058,1,0,0,0,0
41059,1,0,0,0,0
41060,1,0,0,0,0
41061,1,0,0,0,0
41062,1,0,0,0,0
41063,1,0,0,0,0
41064,1,0,0,0,0
41065,1,0,0,0,0
41066,1,0,0,0,0
41067,1,0,0,0,0
41068,1,0,0,0,0
41069,1,0,0,0,0
41070,1,0,0,0,0
41071,1,0,0,0,0
41072,1,0,0,0,0
41073,1,0,0,0,0
41074,1,0,0,0,0
41075,1,0,0,0,0
41076,1,0,0,0,0
41077,1,0,0,0,0
41078,1,0,0,0,0
41079,1,0,0,0,0
41080,1,0,0,0,0
41081,1,0,0,0,0
41082,1,0,0,0,0
41083,1,0,0,0,0
41084,1,0,0,0,0
41085,1,0,0,0,0
41086,1,0,0,0,0
41087,1,0,0,0,0
41088,1,0,0,0,0
41089,1,0,0,0,0
41090,1,0,0,0,0
41091,1,0,0,0,0
41092,1,0,0,0,0
41093,1,0,0,0,0
41094,1,0,0,0,0
41095,1,0,0,0,0
41096,1,0,0,0,0
41097,1,0,0,0,0
41098,1,0,0,0,0
41099,1,0,0,0,0
41100,1,0,0,0,0
41101,1,0,0,0,0
41102,1,0,0,0,0
41103,1,0,0,0,0
41104,1,0,0,0,0
41105,1,0,0,0,0
41106,1,0,0,0,0
41107,1,0,0,0,0
41108,1,0,0,0,0
41109,1,0,0,0,0
41110,1,0,0,0,0
41111,1,0,0,0,0
41112,1,0,0,0,0
41113,1,0,0,0,0
41114,1,0,0,0,0
41115,1,0,0,0,0
41116,1,0,0,0,0
41117,1,0,0,0,0
41118,1,0,0,0,0
41119,1,0,0,0,0
41120,1,0,0,0,0
41121,1,0,0,0,0
41122,1,0,0,0,0
41123,1,0,0,0,0
41124,1,0,0,0,0
41125,1,0,0,0,0
41126,1,0,0,0,0
41127,1,0,0,0,0
41128,1,0,0,0,0
41129,1,0,0,0,0
41130,1,0,0,0,0
41131,1,0,0,0,0
41132,1,0,0,0,0
41133,1,0,0,0,0
41134,1,0,0,0,0
41135,1,0,0,0,0
41136,1,0,0,0,0
41137,1,0,0,0,0
41138,1,0,0,0,0
41139,1,0,0,0,0
41140,1,0,0,0,0
41141,1,0,0,0,0
41142,1,0,0,0,0
41143,1,0,0,0,0
41144,1,0,0,0,0
41145,1,0,0,0,0
41146,1,0,0,0,0
41147,1,0,0,0,0
41148,1,0,0,0,0
41149,1,0,0,0,0
41150,1,0,0,0,0
41151,1,0,0,0,0
41152,1,0,0,0,0
41153,1,0,0,0,0
41154,1,0,0,0,0
41155,1,0,0,0,0
41156,1,0,0,0,0
41157,1,0,0,0,0
41158,1,0,0,0,0
41159,1,0,0,0,0
41160,1,0,0,0,0
41161,1,0,0,0,0
41162,1,0,0,0,0
41163,1,0,0,0,0
41164,1,0,0,0,0
41165,1,0,0,0,0
41166,1,0,0,0,0
41167,1,0,0,0,0
41168,1,0,0,0,0
41169,1,0,0,0,0
41170,1,0,0,0,0
41171,1,0,0,0,0
41172,1,0,0,0,0
41173,1,0,0,0,0
41174,1,0,0,0,0
41175,1,0,0,0,0
41176,1,0,0,0,0
41177,1,0,0,0,0
41178,1,0,0,0,0
41179,1,0,0,0,0
41180,1,0,0,0,0
41181,1,0,0,0,0
41182,1,0,0,0,0
41183,1,0,0,0,0
41184,1,0,0,0,0
41185,1,0,0,0,0
41186,1,0,0,0,0
41187,1,0,0,0,0
41188,1,0,0,0,0
41189,1,0,0,0,0
41190,1,0,0,0,0
41191,1,0,0,0,0
41192,1,0,0,0,0
41193,1,0,0,0,0
41194,1,0,0,0,0
41195,1,0,0,0,0
41196,1,0,0,0,0
41197,1,0,0,0,0
41198,1,0,0,0,0
41199,1,0,0,0,0
41200,1,0,0,0,0
41201,1,0,0,0,0
41202,1,0,0,0,0
41203,1,0,0,0,0
41204,1,0,0,0,0
41205,1,0,0,0,0
41206,1,0,0,0,0
41207,1,0,0,0,0
41208,1,0,0,0,0
41209,1,0,0,0,0
41210,1,0,0,0,0
41211,1,0,0,0,0
41212,1,0,0,0,0
41213,1,0,0,0,0
41214,1,0,0,0,0
41215,1,0,0,0,0
41216,1,0,0,0,0
41217,1,0,0,0,0
41218,1,0,0,0,0
41219,1,0,0,0,0
41220,1,0,0,0,0
41221,1,0,0,0,0
41222,1,0,0,0,0
41223,1,0,0,0,0
41224,1,0,0,0,0
41225,1,0,0,0,0
41226,1,0,0,0,0
41227,1,0,0,0,0
41228,1,0,0,0,0
41229,1,0,0,0,0
41230,1,0,0,0,0
41231,1,0,0,0,0
41232,1,0,0,0,0
41233,1,0,0,0,0
41234,1,0,0,0,0
41235,1,0,0,0,0
41236,1,0,0,0,0
41237,1,0,0,0,0
41238,1,0,0,0,0
41239,1,0,0,0,0
41240,1,0,0,0,0
41241,1,0,0,0,0
41242,1,0,0,0,0
41243,1,0,0,0,0
41244,1,0,0,0,0
41245,1,0,0,0,0
41246,1,0,0,0,0
41247,1,0,0,0,0
41248,1,0,0,0,0
41249,1,0,0,0,0
41250,1,0,0,0,0
41251,1,0,0,0,0
41252,1,0,0,0,0
41253,1,0,0,0,0
41254,1,0,0,0,0
41255,1,0,0,0,0
41256,1,0,0,0,0
41257,1,0,0,0,0
41258,1,0,0,0,0
41259,1,0,0,0,0
41260,1,0,0,0,0
41261,1,0,0,0,0
41262,1,0,0,0,0
41263,1,0,0,0,0
41264,1,0,0,0,0
41265,1,0,0,0,0
41266,1,0,0,0,0
41267,1,0,0,0,0
41268,1,0,0,0,0
41269,1,0,0,0,0
41270,1,0,0,0,0
41271,1,0,0,0,0
41272,1,0,0,0,0
41273,1,0,0,0,0
41274,1,0,0,0,0
41275,1,0,0,0,0
41276,1,0,0,0,0
41277,1,0,0,0,0
41278,1,0,0,0,0
41279,1,0,0,0,0
41280,1,0,0,0,0
41281,1,0,0,0,0
41282,1,0,0,0,0
41283,1,0,0,0,0
41284,1,0,0,0,0
41285,1,0,0,0,0
41286,1,0,0,0,0
41287,1,0,0,0,0
41288,1,0,0,0,0
41289,1,0,0,0,0
41290,1,0,0,0,0
41291,1,0,0,0,0
41292,1,0,0,0,0
41293,1,0,0,0,0
41294,1,0,0,0,0
41295,1,0,0,0,0
41296,1,0,0,0,0
41297,1,0,0,0,0
41298,1,0,0,0,0
41299,1,0,0,0,0
41300,1,0,0,0,0
41301,1,0,0,0,0
41302,1,0,0,0,0
41303,1,0,0,0,0
41304,1,0,0,0,0
41305,1,0,0,0,0
41306,1,0,0,0,0
41307,1,0,0,0,0
41308,1,0,0,0,0
41309,1,0,0,0,0
41310,1,0,0,0,0
41311,1,0,0,0,0
41312,1,0,0,0,0
41313,1,0,0,0,0
41314,1,0,0,0,0
41315,1,0,0,0,0
41316,1,0,0,0,0
41317,1,0,0,0,0
41318,1,0,0,0,0
41319,1,0,0,0,0
41320,1,0,0,0,0
41321,1,0,0,0,0
41322,1,0,0,0,0
41323,1,0,0,0,0
41324,1,0,0,0,0
41325,1,0,0,0,0
41326,1,0,0,0,0
41327,1,0,0,0,0
41328,1,0,0,0,0
41329,1,0,0,0,0
41330,1,0,0,0,0
41331,1,0,0,0,0
41332,1,0,0,0,0
41333,1,0,0,0,0
41334,1,0,0,0,0
41335,1,0,0,0,0
41336,1,0,0,0,0
41337,1,0,0,0,0
41338,1,0,0,0,0
41339,1,0,0,0,0
41340,1,0,0,0,0
41341,1,0,0,0,0
41342,1,0,0,0,0
41343,1,0,0,0,0
41344,1,0,0,0,0
41345,1,0,0,0,0
41346,1,0,0,0,0
41347,1,0,0,0,0
41348,1,0,0,0,0
41349,1,0,0,0,0
41350,1,0,0,0,0
41351,1,0,0,0,0
41352,1,0,0,0,0
41353,1,0,0,0,0
41354,1,0,0,0,0
41355,1,0,0,0,0
41356,1,0,0,0,0
41357,1,0,0,0,0
41358,1,0,0,0,0
41359,1,0,0,0,0
41360,1,0,0,0,0
41361,1,0,0,0,0
41362,1,0,0,0,0
41363,1,0,0,0,0
41364,1,0,0,0,0
41365,1,0,0,0,0
41366,1,0,0,0,0
41367,0,0,0,0,1
41368,0,0,0,0,1
41369,0,0,0,0,1
41370,0,0,0,0,1
41371,0,0,0,0,1
41372,0,0,0,0,1
41373,0,0,0,0,1
41374,0,0,0,0,1
41375,0,0,0,0,1
41376,0,0,0,0,1
41377,0,0,0,0,1
41378,0,0,0,0,1
41379,0,0,0,0,1
41380,0,0,0,0,1
41381,0,0,0,0,1
41382,0,0,0,0,1
41383,0,0,0,0,1
41384,0,0,0,0,1
41385,0,0,0,0,1
41386,0,0,0,0,1
41387,0,0,0,0,1
41388,0,0,0,0,1
41389,0,0,0,0,1
41390,0,0,0,0,1
41391,0,0,0,0,1
41392,0,0,0,0,1
41393,0,0,0,0,1
41394,0,0,0,0,1
41395,0,0,0,0,1
41396,0,0,0,0,1
41397,1,0,0,0,0
41398,1,0,0,0,0
41399,1,0,0,0,0
41400,1,0,0,0,0
41401,1,0,0,0,0
41402,1,0,0,0,0
41403,1,0,0,0,0
41404,1,0,0,0,0
41405,1,0,0,0,0
41406,1,0,0,0,0
41407,1,0,0,0,0
41408,1,0,0,0,0
41409,1,0,0,0,0
41410,1,0,0,0,0
41411,1,0,0,0,0
41412,1,0,0,0,0
41413,1,0,0,0,0
41414,1,0,0,0,0
41415,1,0,0,0,0
41416,1,0,0,0,0
41417,1,0,0,0,0
41418,1,0,0,0,0
41419,1,0,0,0,0
41420,0,0,1,0,0
41421,0,0,1,0,0
41422,0,0,1,0,0
41423,0,0,1,0,0
41424,0,0,1,0,0
41425,0,0,1,0,0
41426,0,0,1,0,0
41427,0,0,1,0,0
41428,0,0,1,0,0
41429,0,0,1,0,0
41430,0,0,1,0,0
41431,0,0,1,0,0
41432,0,0,1,0,0
41433,0,0,1,0,0
41434,0,0,1,0,0
41435,0,0,1,0,0
41436,0,0,1,0,0
41437,0,0,1,0,0
41438,0,0,1,0,0
41439,0,0,1,0,0
41440,0,0,1,0,0
41441,0,0,1,0,0
41442,0,0,1,0,0
41443,0,0,1,0,0
41444,0,0,1,0,0
41445,0,0,1,0,0
41446,0,0,1,0,0
41447,0,0,1,0,0
41448,0,0,1,0,0
41449,0,0,1,0,0
41450,0,0,1,0,0
41451,0,0,1,0,0
41452,0,0,1,0,0
41453,0,0,1,0,0
41454,0,0,1,0,0
41455,0,0,1,0,0
41456,0,0,1,0,0
41457,0,0,1,0,0
41458,0,0,1,0,0
41459,0,0,1,0,0
41460,1,0,0,0,0
41461,1,0,0,0,0
41462,1,0,0,0,0
41463,1,0,0,0,0
41464,1,0,0,0,0
41465,1,0,0,0,0
41466,1,0,0,0,0
41467,1,0,0,0,0
41468,1,0,0,0,0
41469,1,0,0,0,0
41470,1,0,0,0,0
41471,1,0,0,0,0
41472,1,0,0,0,0
41473,1,0,0,0,0
41474,1,0,0,0,0
41475,1,0,0,0,0
41476,1,0,0,0,0
41477,1,0,0,0,0
41478,1,0,0,0,0
41479,1,0,0,0,0
41480,1,0,0,0,0
41481,1,0,0,0,0
41482,1,0,0,0,0
41483,1,0,0,0,0
41484,1,0,0,0,0
41485,1,0,0,0,0
41486,1,0,0,0,0
41487,1,0,0,0,0
41488,1,0,0,0,0
41489,1,0,0,0,0
41490,1,0,0,0,0
41491,1,0,0,0,0
41492,1,0,0,0,0
41493,1,0,0,0,0
41494,1,0,0,0,0
41495,1,0,0,0,0
41496,1,0,0,0,0
41497,1,0,0,0,0
41498,1,0,0,0,0
41499,1,0,0,0,0
41500,1,0,0,0,0
41501,1,0,0,0,0
41502,1,0,0,0,0
41503,1,0,0,0,0
41504,1,0,0,0,0
41505,1,0,0,0,0
41506,1,0,0,0,0
41507,1,0,0,0,0
41508,1,0,0,0,0
41509,1,0,0,0,0
41510,0,0,0,0,1
41511,0,0,0,0,1
41512,0,0,0,0,1
41513,0,0,0,0,1
41514,0,0,0,0,1
41515,0,0,0,0,1
41516,0,0,0,0,1
41517,0,0,0,0,1
41518,0,0,0,0,1
41519,0,0,0,0,1
41520,0,0,0,0,1
41521,0,0,0,0,1
41522,0,0,0,0,1
41523,0,0,0,0,1
41524,0,0,0,0,1
41525,0,0,0,0,1
41526,0,0,0,0,1
41527,0,0,0,0,1
41528,0,0,0,0,1
41529,0,0,0,0,1
41530,0,0,0,0,1
41531,0,0,0,0,1
41532,0,0,0,0,1
41533,0,0,0,0,1
41534,0,0,0,0,1
41535,0,0,0,0,1
41536,0,0,0,0,1
41537,0,0,0,0,1
41538,0,0,0,0,1
41539,0,0,0,0,1
41540,0,0,0,0,1
41541,0,0,0,0,1
41542,0,0,0,0,1
41543,0,0,0,0,1
41544,0,0,0,0,1
41545,0,0,0,0,1
41546,0,0,0,0,1
41547,0,0,0,0,1
41548,0,0,0,0,1
41549,0,0,0,0,1
41550,0,0,0,0,1
41551,0,0,0,0,1
41552,0,0,0,0,1
41553,0,0,0,0,1
41554,0,0,0,0,1
41555,0,0,0,0,1
41556,0,0,0,0,1
41557,0,0,0,0,1
41558,0,0,0,0,1
41559,0,0,0,0,1
41560,0,0,0,0,1
41561,0,0,0,0,1
41562,0,0,0,0,1
41563,0,0,0,0,1
41564,0,0,0,0,1
41565,0,0,0,0,1
41566,0,0,0,0,1
41567,0,0,0,0,1
41568,0,0,0,0,1
41569,0,0,0,0,1
41570,0,0,0,0,1
41571,0,0,0,0,1
41572,0,0,0,0,1
41573,0,0,0,0,1
41574,0,0,0,0,1
41575,0,0,0,0,1
41576,0,0,0,0,1
41577,0,0,0,0,1
41578,0,0,0,0,1
41579,0,0,0,0,1
41580,0,0,0,0,1
41581,0,0,0,0,1
41582,0,0,0,0,1
41583,0,0,0,0,1
41584,0,0,0,0,1
41585,0,0,0,0,1
41586,0,0,0,0,1
41587,0,0,0,0,1
41588,0,0,0,0,1
41589,0,0,0,0,1
41590,0,0,0,0,1
41591,0,0,0,0,1
41592,0,0,0,0,1
41593,0,0,0,0,1
41594,0,0,0,0,1
41595,0,0,0,0,1
41596,0,0,0,0,1
41597,0,0,0,0,1
41598,0,0,0,0,1
41599,0,0,0,0,1
41600,0,0,0,0,1
41601,0,0,0,0,1
41602,0,0,0,0,1
41603,0,0,0,0,1
41604,0,0,0,0,1
41605,0,0,0,0,1
41606,0,0,0,0,1
41607,0,0,0,0,1
41608,0,0,0,0,1
41609,0,0,0,0,1
41610,0,0,0,0,1
41611,0,0,0,0,1
41612,0,0,0,0,1
41613,0,0,0,0,1
41614,0,0,0,0,1
41615,0,0,0,0,1
41616,0,0,0,0,1
41617,0,0,0,0,1
41618,0,0,0,0,1
41619,0,0,0,0,1
41620,0,0,0,0,1
41621,0,0,0,0,1
41622,0,0,0,0,1
41623,0,0,0,0,1
41624,0,0,0,0,1
41625,0,0,0,0,1
41626,0,0,0,0,1
41627,0,0,0,0,1
41628,0,0,0,0,1
41629,0,0,0,0,1
41630,0,0,0,0,1
41631,0,0,0,0,1
41632,0,0,0,0,1
41633,0,0,0,0,1
41634,0,0,0,0,1
41635,0,0,0,0,1
41636,0,0,0,0,1
41637,0,0,0,0,1
41638,0,0,0,0,1
41639,0,0,0,0,1
41640,0,0,0,0,1
41641,0,0,0,0,1
41642,0,0,0,0,1
41643,0,0,0,0,1
41644,0,0,0,0,1
41645,0,0,0,0,1
41646,0,0,0,0,1
41647,0,0,0,0,1
41648,0,0,0,0,1
41649,0,0,0,0,1
41650,0,0,0,0,1
41651,0,0,0,0,1
41652,0,0,0,0,1
41653,0,0,0,0,1
41654,0,0,0,0,1
41655,0,0,0,0,1
41656,0,0,0,0,1
41657,0,0,0,0,1
41658,0,0,0,0,1
41659,0,0,0,0,1
41660,0,0,0,0,1
41661,0,0,0,0,1
41662,0,0,0,0,1
41663,0,0,0,0,1
41664,0,0,0,0,1
41665,0,0,0,0,1
41666,0,0,0,0,1
41667,0,0,0,0,1
41668,0,0,0,0,1
41669,0,0,0,0,1
41670,0,0,0,0,1
41671,0,0,0,0,1
41672,0,0,0,0,1
41673,0,0,0,0,1
41674,0,0,0,0,1
41675,0,0,0,0,1
41676,0,0,0,0,1
41677,0,0,0,0,1
41678,0,0,0,0,1
41679,0,0,0,0,1
41680,0,0,0,0,1
41681,0,0,0,0,1
41682,0,0,0,0,1
41683,0,0,0,0,1
41684,0,0,0,0,1
41685,0,0,0,0,1
41686,0,0,0,0,1
41687,0,0,0,0,1
41688,0,0,0,0,1
41689,0,0,0,0,1
41690,0,0,0,0,1
41691,0,0,0,0,1
41692,0,0,0,0,1
41693,0,0,0,0,1
41694,1,0,0,0,0
41695,1,0,0,0,0
41696,1,0,0,0,0
41697,1,0,0,0,0
41698,1,0,0,0,0
41699,1,0,0,0,0
41700,1,0,0,0,0
41701,1,0,0,0,0
41702,1,0,0,0,0
41703,1,0,0,0,0
41704,1,0,0,0,0
41705,1,0,0,0,0
41706,1,0,0,0,0
41707,1,0,0,0,0
41708,1,0,0,0,0
41709,1,0,0,0,0
41710,1,0,0,0,0
41711,1,0,0,0,0
41712,1,0,0,0,0
41713,1,0,0,0,0
41714,1,0,0,0,0
41715,1,0,0,0,0
41716,1,0,0,0,0
41717,1,0,0,0,0
41718,1,0,0,0,0
41719,1,0,0,0,0
41720,1,0,0,0,0
41721,1,0,0,0,0
41722,1,0,0,0,0
41723,1,0,0,0,0
41724,1,0,0,0,0
41725,1,0,0,0,0
41726,1,0,0,0,0
41727,1,0,0,0,0
41728,1,0,0,0,0
41729,1,0,0,0,0
41730,1,0,0,0,0
41731,1,0,0,0,0
41732,1,0,0,0,0
41733,1,0,0,0,0
41734,1,0,0,0,0
41735,1,0,0,0,0
41736,1,0,0,0,0
41737,1,0,0,0,0
41738,1,0,0,0,0
41739,1,0,0,0,0
41740,1,0,0,0,0
41741,1,0,0,0,0
41742,1,0,0,0,0
41743,1,0,0,0,0
41744,1,0,0,0,0
41745,1,0,0,0,0
41746,1,0,0,0,0
41747,0,0,0,0,1
41748,0,0,0,0,1
41749,0,0,0,0,1
41750,0,0,0,0,1
41751,0,0,0,0,1
41752,0,0,0,0,1
41753,0,0,0,0,1
41754,0,0,0,0,1
41755,0,0,0,0,1
41756,0,0,0,0,1
41757,0,0,0,0,1
41758,0,0,0,0,1
41759,0,0,0,0,1
41760,0,0,0,0,1
41761,0,0,0,0,1
41762,0,0,0,0,1
41763,0,0,0,0,1
41764,0,0,0,0,1
41765,0,0,0,0,1
41766,0,0,0,0,1
41767,0,0,0,0,1
41768,0,0,0,0,1
41769,0,0,0,0,1
41770,0,0,0,0,1
41771,0,0,0,0,1
41772,0,0,0,0,1
41773,0,0,0,0,1
41774,0,0,0,0,1
41775,0,0,0,0,1
41776,0,0,0,0,1
41777,0,0,0,0,1
41778,0,0,0,0,1
41779,0,0,0,0,1
41780,0,0,0,0,1
41781,0,0,0,0,1
41782,0,0,0,0,1
41783,0,0,0,0,1
41784,0,0,0,0,1
41785,0,0,0,0,1
41786,0,0,0,0,1
41787,0,0,0,0,1
41788,0,0,0,0,1
41789,0,0,0,0,1
41790,0,0,0,0,1
41791,0,0,0,0,1
41792,0,0,0,0,1
41793,0,0,0,0,1
41794,0,0,0,0,1
41795,0,0,0,0,1
41796,0,0,0,0,1
41797,0,0,0,0,1
41798,0,0,0,0,1
41799,0,0,0,0,1
41800,0,0,0,1,0
41801,0,0,0,1,0
41802,0,0,0,1,0
41803,0,0,0,1,0
41804,0,0,0,1,0
41805,0,0,0,1,0
41806,0,0,0,1,0
41807,0,0,0,1,0
41808,0,0,0,1,0
41809,0,0,0,1,0
41810,0,0,0,1,0
41811,0,0,0,1,0
41812,0,0,0,1,0
41813,0,0,0,1,0
41814,0,0,0,1,0
41815,0,0,0,0,1
41816,0,0,0,0,1
41817,0,0,0,0,1
41818,0,0,0,0,1
41819,0,0,0,0,1
41820,0,0,0,0,1
41821,0,0,0,0,1
41822,0,0,0,0,1
41823,0,0,0,0,1
41824,0,0,0,0,1
41825,0,0,0,0,1
41826,0,0,0,0,1
41827,0,0,0,0,1
41828,0,0,0,0,1
41829,0,0,0,0,1
41830,0,0,0,0,1
41831,0,0,0,0,1
41832,0,0,0,0,1
41833,0,0,0,0,1
41834,0,0,0,0,1
41835,0,0,0,0,1
41836,0,0,0,0,1
41837,0,0,0,0,1
41838,0,0,0,0,1
41839,0,0,0,0,1
41840,0,0,0,0,1
41841,0,0,0,0,1
41842,0,0,0,0,1
41843,0,0,0,0,1
41844,0,0,0,0,1
41845,0,0,0,0,1
41846,0,0,0,0,1
41847,0,0,0,0,1
41848,0,0,0,0,1
41849,0,0,0,0,1
41850,0,0,0,0,1
41851,0,0,0,0,1
41852,0,0,0,0,1
41853,0,0,0,0,1
41854,0,0,0,0,1
41855,0,0,0,0,1
41856,0,0,0,0,1
41857,0,0,0,0,1
41858,0,0,0,0,1
41859,0,0,0,0,1
41860,0,0,0,0,1
41861,0,0,0,0,1
41862,0,0,0,0,1
41863,0,0,0,0,1
41864,0,0,0,0,1
41865,0,0,0,0,1
41866,0,0,0,0,1
41867,0,0,0,0,1
41868,0,0,0,0,1
41869,0,0,0,0,1
41870,0,0,0,0,1
41871,0,0,0,0,1
41872,0,0,0,0,1
41873,0,0,0,0,1
41874,0,0,0,0,1
41875,0,0,0,0,1
41876,0,0,0,0,1
41877,0,0,0,0,1
41878,0,0,0,0,1
41879,0,0,0,0,1
41880,0,0,0,0,1
41881,0,0,0,0,1
41882,0,0,0,0,1
41883,0,0,0,0,1
41884,0,0,0,0,1
41885,0,0,0,0,1
41886,0,0,0,0,1
41887,0,0,0,0,1
41888,0,0,0,0,1
41889,0,0,0,0,1
41890,0,0,0,0,1
41891,0,0,0,0,1
41892,0,0,0,0,1
41893,0,0,0,0,1
41894,0,0,0,0,1
41895,0,0,0,0,1
41896,0,0,0,0,1
41897,0,0,0,0,1
41898,0,0,0,0,1
41899,0,0,0,0,1
41900,0,0,0,0,1
41901,0,0,0,0,1
41902,0,0,0,0,1
41903,0,0,0,0,1
41904,0,0,0,0,1
41905,0,0,0,0,1
41906,0,0,0,0,1
41907,0,0,0,0,1
41908,0,0,0,0,1
41909,0,0,0,0,1
41910,0,0,0,0,1
41911,1,0,0,0,0
41912,1,0,0,0,0
41913,1,0,0,0,0
41914,1,0,0,0,0
41915,1,0,0,0,0
41916,1,0,0,0,0
41917,1,0,0,0,0
41918,1,0,0,0,0
41919,1,0,0,0,0
41920,1,0,0,0,0
41921,1,0,0,0,0
41922,1,0,0,0,0
41923,1,0,0,0,0
41924,1,0,0,0,0
41925,1,0,0,0,0
41926,1,0,0,0,0
41927,1,0,0,0,0
41928,1,0,0,0,0
41929,1,0,0,0,0
41930,1,0,0,0,0
41931,1,0,0,0,0
41932,1,0,0,0,0
41933,1,0,0,0,0
41934,1,0,0,0,0
41935,1,0,0,0,0
41936,1,0,0,0,0
41937,1,0,0,0,0
41938,1,0,0,0,0
41939,1,0,0,0,0
41940,1,0,0,0,0
41941,1,0,0,0,0
41942,1,0,0,0,0
41943,1,0,0,0,0
41944,1,0,0,0,0
41945,1,0,0,0,0
41946,1,0,0,0,0
41947,1,0,0,0,0
41948,1,0,0,0,0
41949,1,0,0,0,0
41950,1,0,0,0,0
41951,1,0,0,0,0
41952,1,0,0,0,0
41953,1,0,0,0,0
41954,1,0,0,0,0
41955,1,0,0,0,0
41956,1,0,0,0,0
41957,1,0,0,0,0
41958,1,0,0,0,0
41959,1,0,0,0,0
41960,1,0,0,0,0
41961,1,0,0,0,0
41962,1,0,0,0,0
41963,1,0,0,0,0
41964,1,0,0,0,0
41965,1,0,0,0,0
41966,1,0,0,0,0
41967,1,0,0,0,0
41968,1,0,0,0,0
41969,1,0,0,0,0
41970,1,0,0,0,0
41971,1,0,0,0,0
41972,1,0,0,0,0
41973,1,0,0,0,0
41974,1,0,0,0,0
41975,1,0,0,0,0
41976,1,0,0,0,0
41977,1,0,0,0,0
41978,1,0,0,0,0
41979,1,0,0,0,0
41980,1,0,0,0,0
41981,1,0,0,0,0
41982,1,0,0,0,0
41983,1,0,0,0,0
41984,1,0,0,0,0
41985,1,0,0,0,0
41986,1,0,0,0,0
41987,1,0,0,0,0
41988,1,0,0,0,0
41989,1,0,0,0,0
41990,1,0,0,0,0
41991,1,0,0,0,0
41992,1,0,0,0,0
41993,1,0,0,0,0
41994,1,0,0,0,0
41995,1,0,0,0,0
41996,1,0,0,0,0
41997,1,0,0,0,0
41998,1,0,0,0,0
41999,1,0,0,0,0
42000,1,0,0,0,0
42001,1,0,0,0,0
42002,1,0,0,0,0
42003,1,0,0,0,0
42004,1,0,0,0,0
42005,1,0,0,0,0
42006,1,0,0,0,0
42007,1,0,0,0,0
42008,1,0,0,0,0
42009,1,0,0,0,0
42010,1,0,0,0,0
42011,1,0,0,0,0
42012,1,0,0,0,0
42013,1,0,0,0,0
42014,1,0,0,0,0
42015,1,0,0,0,0
42016,1,0,0,0,0
42017,1,0,0,0,0
42018,0,0,0,0,1
42019,0,0,0,0,1
42020,0,0,0,0,1
42021,0,0,0,0,1
42022,0,0,0,0,1
42023,0,0,0,0,1
42024,0,0,0,0,1
42025,0,0,0,0,1
42026,0,0,0,0,1
42027,0,0,0,0,1
42028,0,0,0,0,1
42029,0,0,0,0,1
42030,0,0,0,0,1
42031,0,0,0,0,1
42032,0,0,0,0,1
42033,0,0,0,0,1
42034,0,0,0,0,1
42035,0,0,0,0,1
42036,0,0,0,0,1
42037,0,0,0,0,1
42038,0,0,0,0,1
42039,0,0,0,0,1
42040,0,0,0,0,1
42041,0,0,0,0,1
42042,0,0,0,0,1
42043,0,0,0,0,1
42044,0,0,0,0,1
42045,0,0,0,0,1
42046,0,0,0,0,1
42047,0,0,0,0,1
42048,0,0,0,0,1
42049,0,0,0,0,1
42050,0,0,0,0,1
42051,0,0,0,0,1
42052,0,0,0,0,1
42053,0,0,0,0,1
42054,0,0,0,0,1
42055,1,0,0,0,0
42056,1,0,0,0,0
42057,1,0,0,0,0
42058,1,0,0,0,0
42059,1,0,0,0,0
42060,1,0,0,0,0
42061,1,0,0,0,0
42062,1,0,0,0,0
42063,1,0,0,0,0
42064,1,0,0,0,0
42065,1,0,0,0,0
42066,1,0,0,0,0
42067,1,0,0,0,0
42068,1,0,0,0,0
42069,1,0,0,0,0
42070,1,0,0,0,0
42071,1,0,0,0,0
42072,1,0,0,0,0
42073,1,0,0,0,0
42074,1,0,0,0,0
42075,1,0,0,0,0
42076,1,0,0,0,0
42077,1,0,0,0,0
42078,1,0,0,0,0
42079,1,0,0,0,0
42080,1,0,0,0,0
42081,1,0,0,0,0
42082,1,0,0,0,0
42083,1,0,0,0,0
42084,1,0,0,0,0
42085,1,0,0,0,0
42086,0,0,0,0,1
42087,0,0,0,0,1
42088,0,0,0,0,1
42089,0,0,0,0,1
42090,0,0,0,0,1
42091,0,0,0,0,1
42092,0,0,0,0,1
42093,0,0,0,0,1
42094,0,0,0,0,1
42095,0,0,0,0,1
42096,0,0,0,0,1
42097,0,0,0,0,1
42098,0,0,0,0,1
42099,0,0,0,0,1
42100,0,0,0,0,1
42101,0,0,0,0,1
42102,0,0,0,0,1
42103,0,0,0,0,1
42104,0,0,0,0,1
42105,0,0,0,0,1
42106,0,0,0,0,1
42107,0,0,0,0,1
42108,0,0,0,0,1
42109,0,0,0,0,1
42110,0,0,0,0,1
42111,0,0,0,0,1
42112,0,0,0,0,1
42113,0,0,0,0,1
42114,0,0,0,0,1
42115,0,0,0,0,1
42116,0,0,0,0,1
42117,0,0,0,0,1
42118,0,0,0,0,1
42119,1,0,0,0,0
42120,1,0,0,0,0
42121,1,0,0,0,0
42122,1,0,0,0,0
42123,1,0,0,0,0
42124,1,0,0,0,0
42125,1,0,0,0,0
42126,1,0,0,0,0
42127,1,0,0,0,0
42128,1,0,0,0,0
42129,1,0,0,0,0
42130,1,0,0,0,0
42131,1,0,0,0,0
42132,1,0,0,0,0
42133,0,0,0,0,1
42134,0,0,0,0,1
42135,0,0,0,0,1
42136,0,0,0,0,1
42137,0,0,0,0,1
42138,0,0,0,0,1
42139,0,0,0,0,1
42140,0,0,0,0,1
42141,0,0,0,0,1
42142,0,0,0,0,1
42143,0,0,0,0,1
42144,0,0,0,0,1
42145,0,0,0,0,1
42146,0,0,0,0,1
42147,0,0,0,0,1
42148,0,0,0,0,1
42149,0,0,0,0,1
42150,0,0,0,0,1
42151,0,0,0,0,1
42152,0,0,0,0,1
42153,0,0,0,0,1
42154,0,0,0,0,1
42155,0,0,0,0,1
42156,0,0,0,0,1
42157,0,0,0,0,1
42158,0,0,0,0,1
42159,0,0,0,0,1
42160,0,0,0,0,1
42161,0,0,0,0,1
42162,0,0,0,0,1
42163,0,0,0,0,1
42164,0,0,0,0,1
42165,0,0,0,0,1
42166,0,0,0,0,1
42167,0,0,0,0,1
42168,0,0,0,0,1
42169,0,0,0,0,1
42170,0,0,0,0,1
42171,0,0,0,0,1
42172,0,0,0,0,1
42173,0,0,0,0,1
42174,1,0,0,0,0
42175,1,0,0,0,0
42176,1,0,0,0,0
42177,1,0,0,0,0
42178,1,0,0,0,0
42179,1,0,0,0,0
42180,1,0,0,0,0
42181,1,0,0,0,0
42182,1,0,0,0,0
42183,1,0,0,0,0
42184,1,0,0,0,0
42185,1,0,0,0,0
42186,1,0,0,0,0
42187,1,0,0,0,0
42188,1,0,0,0,0
42189,1,0,0,0,0
42190,1,0,0,0,0
42191,1,0,0,0,0
42192,1,0,0,0,0
42193,1,0,0,0,0
42194,1,0,0,0,0
42195,1,0,0,0,0
42196,1,0,0,0,0
42197,1,0,0,0,0
42198,1,0,0,0,0
42199,1,0,0,0,0
42200,1,0,0,0,0
42201,1,0,0,0,0
42202,1,0,0,0,0
42203,1,0,0,0,0
42204,1,0,0,0,0
42205,1,0,0,0,0
42206,1,0,0,0,0
42207,1,0,0,0,0
42208,1,0,0,0,0
42209,1,0,0,0,0
42210,1,0,0,0,0
42211,1,0,0,0,0
42212,1,0,0,0,0
42213,1,0,0,0,0
42214,1,0,0,0,0
42215,1,0,0,0,0
42216,1,0,0,0,0
42217,1,0,0,0,0
42218,1,0,0,0,0
42219,1,0,0,0,0
42220,1,0,0,0,0
42221,1,0,0,0,0
42222,1,0,0,0,0
42223,1,0,0,0,0
42224,1,0,0,0,0
42225,1,0,0,0,0
42226,1,0,0,0,0
42227,1,0,0,0,0
42228,1,0,0,0,0
42229,1,0,0,0,0
42230,1,0,0,0,0
42231,1,0,0,0,0
42232,1,0,0,0,0
42233,1,0,0,0,0
42234,1,0,0,0,0
42235,1,0,0,0,0
42236,1,0,0,0,0
42237,1,0,0,0,0
42238,1,0,0,0,0
42239,1,0,0,0,0
42240,1,0,0,0,0
42241,1,0,0,0,0
42242,1,0,0,0,0
42243,1,0,0,0,0
42244,1,0,0,0,0
42245,1,0,0,0,0
42246,1,0,0,0,0
42247,1,0,0,0,0
42248,1,0,0,0,0
42249,1,0,0,0,0
42250,1,0,0,0,0
42251,1,0,0,0,0
42252,1,0,0,0,0
42253,1,0,0,0,0
42254,1,0,0,0,0
42255,1,0,0,0,0
42256,1,0,0,0,0
42257,1,0,0,0,0
42258,1,0,0,0,0
42259,1,0,0,0,0
42260,1,0,0,0,0
42261,1,0,0,0,0
42262,1,0,0,0,0
42263,1,0,0,0,0
42264,1,0,0,0,0
42265,1,0,0,0,0
42266,1,0,0,0,0
42267,1,0,0,0,0
42268,1,0,0,0,0
42269,1,0,0,0,0
42270,1,0,0,0,0
42271,1,0,0,0,0
42272,1,0,0,0,0
42273,1,0,0,0,0
42274,1,0,0,0,0
42275,1,0,0,0,0
42276,1,0,0,0,0
42277,1,0,0,0,0
42278,1,0,0,0,0
42279,1,0,0,0,0
42280,1,0,0,0,0
42281,1,0,0,0,0
42282,1,0,0,0,0
42283,1,0,0,0,0
42284,1,0,0,0,0
42285,1,0,0,0,0
42286,1,0,0,0,0
42287,1,0,0,0,0
42288,1,0,0,0,0
42289,1,0,0,0,0
42290,1,0,0,0,0
42291,1,0,0,0,0
42292,1,0,0,0,0
42293,1,0,0,0,0
42294,1,0,0,0,0
42295,1,0,0,0,0
42296,0,0,0,0,1
42297,0,0,0,0,1
42298,0,0,0,0,1
42299,0,0,0,0,1
42300,0,0,0,0,1
42301,0,0,0,0,1
42302,0,0,0,0,1
42303,0,0,0,0,1
42304,0,0,0,0,1
42305,0,0,0,0,1
42306,0,0,0,0,1
42307,0,0,0,0,1
42308,0,0,0,0,1
42309,0,0,0,0,1
42310,0,0,0,0,1
42311,0,0,0,0,1
42312,0,0,0,0,1
42313,0,0,0,0,1
42314,0,0,0,0,1
42315,0,0,0,0,1
42316,0,0,0,0,1
42317,0,0,0,0,1
42318,0,0,0,0,1
42319,0,0,0,0,1
42320,0,0,0,0,1
42321,0,0,0,0,1
42322,0,0,0,0,1
42323,0,0,0,0,1
42324,0,0,0,0,1
42325,0,0,0,0,1
42326,0,0,0,0,1
42327,0,0,0,0,1
42328,0,0,0,0,1
42329,0,0,0,0,1
42330,0,0,0,0,1
42331,0,0,0,0,1
42332,0,0,0,0,1
42333,0,0,0,0,1
42334,0,0,0,0,1
42335,0,0,0,0,1
42336,0,0,0,0,1
42337,0,0,0,0,1
42338,0,0,0,0,1
42339,0,0,0,0,1
42340,0,0,0,0,1
42341,0,0,0,0,1
42342,0,0,0,0,1
42343,0,0,0,0,1
42344,0,0,0,0,1
42345,0,0,0,0,1
42346,0,0,0,0,1
42347,0,0,0,0,1
42348,0,0,0,0,1
42349,0,0,0,0,1
42350,0,0,0,0,1
42351,0,0,0,0,1
42352,0,0,0,0,1
42353,0,0,0,0,1
42354,0,0,0,0,1
42355,0,0,0,0,1
42356,0,0,0,0,1
42357,0,0,0,0,1
42358,0,0,0,0,1
42359,0,0,0,0,1
42360,0,0,0,0,1
42361,0,0,0,0,1
42362,0,0,0,0,1
42363,0,0,0,0,1
42364,0,0,0,0,1
42365,0,0,0,0,1
42366,0,0,0,0,1
42367,0,0,0,0,1
42368,0,0,0,0,1
42369,0,0,0,0,1
42370,0,0,0,0,1
42371,0,0,0,0,1
42372,0,0,0,0,1
42373,0,0,0,0,1
42374,0,0,0,0,1
42375,0,0,0,0,1
42376,0,0,0,0,1
42377,0,0,0,0,1
42378,0,0,0,0,1
42379,0,0,0,0,1
42380,0,0,0,0,1
42381,0,0,0,0,1
42382,0,0,0,0,1
42383,0,0,0,0,1
42384,0,0,0,0,1
42385,0,0,0,0,1
42386,0,0,0,0,1
42387,0,0,0,0,1
42388,0,0,0,0,1
42389,0,0,0,0,1
42390,0,0,0,0,1
42391,0,0,0,0,1
42392,0,0,0,0,1
42393,0,0,0,0,1
42394,0,0,0,0,1
42395,0,0,0,0,1
42396,0,0,0,0,1
42397,0,0,0,0,1
42398,0,0,0,0,1
42399,0,0,0,0,1
42400,0,0,0,0,1
42401,0,0,0,0,1
42402,0,0,0,0,1
42403,0,0,0,0,1
42404,0,0,0,0,1
42405,0,0,0,0,1
42406,0,0,0,0,1
42407,0,0,0,0,1
42408,0,0,0,0,1
42409,0,0,0,0,1
42410,0,0,0,0,1
42411,0,0,0,0,1
42412,0,0,0,0,1
42413,0,0,0,0,1
42414,0,0,0,0,1
42415,0,0,0,0,1
42416,0,0,0,0,1
42417,0,0,0,0,1
42418,0,0,0,0,1
42419,0,0,0,0,1
42420,0,0,0,0,1
42421,0,0,0,0,1
42422,0,0,0,0,1
42423,0,0,0,0,1
42424,0,0,0,0,1
42425,0,0,0,0,1
42426,0,0,0,0,1
42427,0,0,0,0,1
42428,0,0,0,0,1
42429,0,0,0,0,1
42430,0,0,0,0,1
42431,0,0,0,0,1
42432,0,0,0,0,1
42433,0,0,0,0,1
42434,0,0,0,0,1
42435,0,0,0,0,1
42436,0,0,0,0,1
42437,0,0,0,0,1
42438,0,0,0,0,1
42439,0,0,0,0,1
42440,0,0,0,0,1
42441,0,0,0,0,1
42442,0,0,0,0,1
42443,0,0,0,0,1
42444,0,0,0,0,1
42445,0,0,0,0,1
42446,0,0,0,0,1
42447,0,0,0,0,1
42448,0,0,0,0,1
42449,0,0,0,0,1
42450,0,0,0,0,1
42451,0,0,0,0,1
42452,0,0,0,0,1
42453,0,0,0,0,1
42454,0,0,0,0,1
42455,0,0,0,0,1
42456,0,0,0,0,1
42457,0,0,0,0,1
42458,0,0,0,0,1
42459,0,0,0,0,1
42460,0,0,0,0,1
42461,0,0,0,0,1
42462,0,0,0,0,1
42463,0,0,0,0,1
42464,0,0,0,0,1
42465,0,0,0,0,1
42466,0,0,0,0,1
42467,0,0,0,0,1
42468,0,0,0,0,1
42469,0,0,0,0,1
42470,0,0,0,0,1
42471,0,0,0,0,1
42472,0,0,0,0,1
42473,0,0,0,0,1
42474,0,0,0,0,1
42475,0,0,0,0,1
42476,0,0,0,0,1
42477,0,0,0,0,1
42478,0,0,0,0,1
42479,0,0,0,0,1
42480,0,0,0,0,1
42481,0,0,0,0,1
42482,0,0,0,0,1
42483,0,0,0,0,1
42484,0,0,0,0,1
42485,0,0,0,0,1
42486,0,0,0,0,1
42487,0,0,0,0,1
42488,0,0,0,0,1
42489,0,0,0,0,1
42490,0,0,0,0,1
42491,0,0,0,0,1
42492,0,0,0,0,1
42493,0,0,0,0,1
42494,0,0,0,0,1
42495,0,0,0,0,1
42496,0,0,0,0,1
42497,0,0,0,0,1
42498,0,0,0,0,1
42499,0,0,0,0,1
42500,0,0,0,0,1
42501,0,0,0,0,1
42502,0,0,0,0,1
42503,0,0,0,0,1
42504,0,0,0,0,1
42505,0,0,0,0,1
42506,0,0,0,0,1
42507,0,0,0,0,1
42508,0,0,0,0,1
42509,0,0,0,0,1
42510,0,0,0,0,1
42511,0,0,0,0,1
42512,0,0,0,0,1
42513,0,0,0,0,1
42514,0,0,0,0,1
42515,0,0,0,0,1
42516,0,0,0,0,1
42517,0,0,0,0,1
42518,0,0,0,0,1
42519,0,0,0,0,1
42520,0,0,0,0,1
42521,0,0,0,0,1
42522,0,0,0,0,1
42523,0,0,0,0,1
42524,0,0,0,0,1
42525,0,0,0,0,1
42526,0,0,0,0,1
42527,0,0,0,0,1
42528,0,0,0,0,1
42529,0,0,0,0,1
42530,0,0,0,0,1
42531,0,0,0,0,1
42532,0,0,0,0,1
42533,0,0,0,0,1
42534,0,0,0,0,1
42535,0,0,0,0,1
42536,0,0,0,0,1
42537,0,0,0,0,1
42538,0,0,0,0,1
42539,0,0,0,0,1
42540,0,0,0,0,1
42541,0,0,0,0,1
42542,0,0,0,0,1
42543,0,0,0,0,1
42544,0,0,0,0,1
42545,0,0,0,0,1
42546,0,0,0,0,1
42547,0,0,0,0,1
42548,0,0,0,0,1
42549,0,0,0,0,1
42550,0,0,0,0,1
42551,0,0,0,0,1
42552,0,0,0,0,1
42553,0,0,0,0,1
42554,0,0,0,0,1
42555,0,0,0,0,1
42556,0,0,0,0,1
42557,0,0,0,0,1
42558,0,0,0,0,1
42559,0,0,0,0,1
42560,0,0,0,0,1
42561,0,0,0,0,1
42562,0,0,0,0,1
42563,0,0,0,0,1
42564,0,0,0,0,1
42565,0,0,0,0,1
42566,0,0,0,0,1
42567,0,0,0,0,1
42568,0,0,0,0,1
42569,0,0,0,0,1
42570,0,0,0,0,1
42571,0,0,0,0,1
42572,0,0,0,0,1
42573,0,0,0,0,1
42574,0,0,0,0,1
42575,0,0,0,0,1
42576,0,0,0,0,1
42577,0,0,0,0,1
42578,0,0,0,0,1
42579,0,0,0,0,1
42580,0,0,0,0,1
42581,0,0,0,0,1
42582,0,0,0,0,1
42583,0,0,0,0,1
42584,0,0,0,0,1
42585,0,0,0,0,1
42586,0,0,0,0,1
42587,0,0,0,0,1
42588,0,0,0,0,1
42589,0,0,0,0,1
42590,0,0,0,0,1
42591,0,0,0,0,1
42592,0,0,0,0,1
42593,0,0,0,0,1
42594,0,0,0,0,1
42595,0,0,0,0,1
42596,0,0,0,0,1
42597,0,0,0,0,1
42598,0,0,0,0,1
42599,0,0,0,0,1
42600,0,0,0,0,1
42601,0,0,0,0,1
42602,0,0,0,0,1
42603,0,0,0,0,1
42604,0,0,0,0,1
42605,0,0,0,0,1
42606,0,0,0,0,1
42607,0,0,0,0,1
42608,0,0,0,0,1
42609,0,0,0,0,1
42610,0,0,0,0,1
42611,0,0,0,0,1
42612,0,0,0,0,1
42613,0,0,0,0,1
42614,0,0,0,0,1
42615,0,0,0,0,1
42616,0,0,0,0,1
42617,1,0,0,0,0
42618,1,0,0,0,0
42619,1,0,0,0,0
42620,1,0,0,0,0
42621,1,0,0,0,0
42622,1,0,0,0,0
42623,1,0,0,0,0
42624,1,0,0,0,0
42625,1,0,0,0,0
42626,1,0,0,0,0
42627,1,0,0,0,0
42628,1,0,0,0,0
42629,1,0,0,0,0
42630,1,0,0,0,0
42631,1,0,0,0,0
42632,1,0,0,0,0
42633,0,0,0,0,1
42634,0,0,0,0,1
42635,0,0,0,0,1
42636,0,0,0,0,1
42637,0,0,0,0,1
42638,0,0,0,0,1
42639,0,0,0,0,1
42640,0,0,0,0,1
42641,0,0,0,0,1
42642,1,0,0,0,0
42643,1,0,0,0,0
42644,1,0,0,0,0
42645,1,0,0,0,0
42646,1,0,0,0,0
42647,1,0,0,0,0
42648,1,0,0,0,0
42649,1,0,0,0,0
42650,1,0,0,0,0
42651,1,0,0,0,0
42652,1,0,0,0,0
42653,1,0,0,0,0
42654,1,0,0,0,0
42655,1,0,0,0,0
42656,1,0,0,0,0
42657,1,0,0,0,0
42658,1,0,0,0,0
42659,1,0,0,0,0
42660,1,0,0,0,0
42661,0,0,0,0,1
42662,0,0,0,0,1
42663,0,0,0,0,1
42664,0,0,0,0,1
42665,0,0,0,0,1
42666,0,0,0,0,1
42667,0,0,0,0,1
42668,0,0,0,0,1
42669,0,0,0,0,1
42670,0,0,0,0,1
42671,0,0,0,0,1
42672,0,0,0,0,1
42673,0,0,0,0,1
42674,0,0,0,0,1
42675,0,0,0,0,1
42676,0,0,0,0,1
42677,0,0,0,0,1
42678,0,0,0,0,1
42679,0,0,0,0,1
42680,0,0,0,0,1
42681,0,0,0,0,1
42682,0,0,0,0,1
42683,0,0,0,0,1
42684,0,0,0,0,1
42685,0,0,0,0,1
42686,0,0,0,0,1
42687,0,0,0,0,1
42688,0,0,0,0,1
42689,0,0,0,0,1
42690,0,0,0,0,1
42691,0,0,0,0,1
42692,0,0,0,0,1
42693,0,0,0,0,1
42694,1,0,0,0,0
42695,1,0,0,0,0
42696,1,0,0,0,0
42697,1,0,0,0,0
42698,1,0,0,0,0
42699,1,0,0,0,0
42700,1,0,0,0,0
42701,1,0,0,0,0
42702,1,0,0,0,0
42703,1,0,0,0,0
42704,1,0,0,0,0
42705,1,0,0,0,0
42706,1,0,0,0,0
42707,1,0,0,0,0
42708,1,0,0,0,0
42709,1,0,0,0,0
42710,1,0,0,0,0
42711,1,0,0,0,0
42712,1,0,0,0,0
42713,1,0,0,0,0
42714,1,0,0,0,0
42715,1,0,0,0,0
42716,1,0,0,0,0
42717,1,0,0,0,0
42718,1,0,0,0,0
42719,1,0,0,0,0
42720,1,0,0,0,0
42721,1,0,0,0,0
42722,1,0,0,0,0
42723,1,0,0,0,0
42724,1,0,0,0,0
42725,0,0,1,0,0
42726,0,0,1,0,0
42727,0,0,1,0,0
42728,0,0,1,0,0
42729,0,0,1,0,0
42730,0,0,1,0,0
42731,0,0,1,0,0
42732,0,0,1,0,0
42733,0,0,1,0,0
42734,0,0,1,0,0
42735,0,0,1,0,0
42736,0,0,1,0,0
42737,0,0,1,0,0
42738,0,0,1,0,0
42739,0,0,1,0,0
42740,0,0,1,0,0
42741,0,0,1,0,0
42742,0,0,1,0,0
42743,0,0,1,0,0
42744,0,0,1,0,0
42745,0,0,1,0,0
42746,0,0,1,0,0
42747,0,0,1,0,0
42748,0,0,1,0,0
42749,0,0,1,0,0
42750,0,0,1,0,0
42751,0,0,1,0,0
42752,0,0,1,0,0
42753,0,0,1,0,0
42754,0,0,1,0,0
42755,0,0,1,0,0
42756,0,0,1,0,0
42757,0,0,1,0,0
42758,0,0,1,0,0
42759,0,0,1,0,0
42760,0,0,1,0,0
42761,0,0,1,0,0
42762,0,0,1,0,0
42763,0,0,1,0,0
42764,0,0,1,0,0
42765,0,0,1,0,0
42766,0,0,1,0,0
42767,0,0,1,0,0
42768,0,0,1,0,0
42769,0,0,1,0,0
42770,0,0,1,0,0
42771,0,0,1,0,0
42772,0,0,1,0,0
42773,0,0,1,0,0
42774,0,0,1,0,0
42775,0,0,1,0,0
42776,0,0,1,0,0
42777,0,0,1,0,0
42778,0,0,1,0,0
42779,0,0,1,0,0
42780,0,0,1,0,0
42781,0,0,1,0,0
42782,0,0,1,0,0
42783,1,0,0,0,0
42784,1,0,0,0,0
42785,1,0,0,0,0
42786,1,0,0,0,0
42787,1,0,0,0,0
42788,1,0,0,0,0
42789,1,0,0,0,0
42790,1,0,0,0,0
42791,1,0,0,0,0
42792,1,0,0,0,0
42793,1,0,0,0,0
42794,1,0,0,0,0
42795,1,0,0,0,0
42796,1,0,0,0,0
42797,1,0,0,0,0
42798,1,0,0,0,0
42799,1,0,0,0,0
42800,1,0,0,0,0
42801,1,0,0,0,0
42802,1,0,0,0,0
42803,1,0,0,0,0
42804,0,0,0,0,1
42805,0,0,0,0,1
42806,0,0,0,0,1
42807,0,0,0,0,1
42808,0,0,0,0,1
42809,0,0,0,0,1
42810,0,0,0,0,1
42811,0,0,0,0,1
42812,0,0,0,0,1
42813,0,0,0,0,1
42814,0,0,0,0,1
42815,0,0,0,0,1
42816,0,0,0,0,1
42817,0,0,0,0,1
42818,0,0,0,0,1
42819,0,0,0,0,1
42820,0,0,0,0,1
42821,0,0,0,0,1
42822,0,0,0,0,1
42823,0,0,0,0,1
42824,0,0,0,0,1
42825,0,0,0,0,1
42826,0,0,0,0,1
42827,0,0,0,0,1
42828,0,0,0,0,1
42829,0,0,0,0,1
42830,0,0,0,0,1
42831,0,0,0,0,1
42832,0,0,0,0,1
42833,0,0,0,0,1
42834,0,0,0,0,1
42835,0,0,0,0,1
42836,0,0,0,0,1
42837,0,0,0,0,1
42838,0,0,0,0,1
42839,0,0,0,0,1
42840,0,0,0,0,1
42841,0,0,0,0,1
42842,0,0,0,0,1
42843,0,0,0,0,1
42844,0,0,0,0,1
42845,0,0,0,0,1
42846,0,0,0,0,1
42847,1,0,0,0,0
42848,1,0,0,0,0
42849,1,0,0,0,0
42850,1,0,0,0,0
42851,1,0,0,0,0
42852,1,0,0,0,0
42853,1,0,0,0,0
42854,1,0,0,0,0
42855,1,0,0,0,0
42856,1,0,0,0,0
42857,1,0,0,0,0
42858,1,0,0,0,0
42859,1,0,0,0,0
42860,1,0,0,0,0
42861,1,0,0,0,0
42862,1,0,0,0,0
42863,1,0,0,0,0
42864,1,0,0,0,0
42865,1,0,0,0,0
42866,1,0,0,0,0
42867,1,0,0,0,0
42868,1,0,0,0,0
42869,1,0,0,0,0
42870,1,0,0,0,0
42871,1,0,0,0,0
42872,1,0,0,0,0
42873,1,0,0,0,0
42874,1,0,0,0,0
42875,1,0,0,0,0
42876,1,0,0,0,0
42877,1,0,0,0,0
42878,1,0,0,0,0
42879,1,0,0,0,0
42880,1,0,0,0,0
42881,1,0,0,0,0
42882,1,0,0,0,0
42883,1,0,0,0,0
42884,1,0,0,0,0
42885,1,0,0,0,0
42886,1,0,0,0,0
42887,1,0,0,0,0
42888,1,0,0,0,0
42889,1,0,0,0,0
42890,1,0,0,0,0
42891,1,0,0,0,0
42892,1,0,0,0,0
42893,1,0,0,0,0
42894,1,0,0,0,0
42895,0,1,0,0,0
42896,0,1,0,0,0
42897,0,1,0,0,0
42898,0,1,0,0,0
42899,0,1,0,0,0
42900,0,1,0,0,0
42901,0,1,0,0,0
42902,0,1,0,0,0
42903,0,1,0,0,0
42904,0,1,0,0,0
42905,0,1,0,0,0
42906,0,1,0,0,0
42907,0,1,0,0,0
42908,0,1,0,0,0
42909,0,1,0,0,0
42910,0,1,0,0,0
42911,0,1,0,0,0
42912,0,1,0,0,0
42913,0,1,0,0,0
42914,0,1,0,0,0
42915,0,1,0,0,0
42916,0,1,0,0,0
42917,0,1,0,0,0
42918,0,1,0,0,0
42919,0,1,0,0,0
42920,0,1,0,0,0
42921,0,1,0,0,0
42922,0,1,0,0,0
42923,0,1,0,0,0
42924,0,1,0,0,0
42925,0,1,0,0,0
42926,0,1,0,0,0
42927,0,1,0,0,0
42928,0,1,0,0,0
42929,0,1,0,0,0
42930,0,1,0,0,0
42931,0,1,0,0,0
42932,0,1,0,0,0
42933,0,1,0,0,0
42934,0,1,0,0,0
42935,0,1,0,0,0
42936,0,1,0,0,0
42937,0,1,0,0,0
42938,0,1,0,0,0
42939,0,1,0,0,0
42940,0,1,0,0,0
42941,0,1,0,0,0
42942,0,1,0,0,0
42943,0,1,0,0,0
42944,0,1,0,0,0
42945,0,1,0,0,0
42946,0,1,0,0,0
42947,0,1,0,0,0
42948,0,1,0,0,0
42949,0,1,0,0,0
42950,0,1,0,0,0
42951,0,1,0,0,0
42952,0,1,0,0,0
42953,0,1,0,0,0
42954,0,1,0,0,0
42955,0,1,0,0,0
42956,0,1,0,0,0
42957,0,1,0,0,0
42958,0,1,0,0,0
42959,0,1,0,0,0
42960,0,1,0,0,0
42961,0,1,0,0,0
42962,0,1,0,0,0
42963,0,1,0,0,0
42964,0,1,0,0,0
42965,0,1,0,0,0
42966,0,1,0,0,0
42967,0,1,0,0,0
42968,0,1,0,0,0
42969,0,1,0,0,0
42970,0,1,0,0,0
42971,0,1,0,0,0
42972,1,0,0,0,0
42973,1,0,0,0,0
42974,1,0,0,0,0
42975,1,0,0,0,0
42976,1,0,0,0,0
42977,1,0,0,0,0
42978,1,0,0,0,0
42979,1,0,0,0,0
42980,1,0,0,0,0
42981,1,0,0,0,0
42982,1,0,0,0,0
42983,1,0,0,0,0
42984,1,0,0,0,0
42985,1,0,0,0,0
42986,1,0,0,0,0
42987,1,0,0,0,0
42988,1,0,0,0,0
42989,1,0,0,0,0
42990,1,0,0,0,0
42991,1,0,0,0,0
42992,1,0,0,0,0
42993,1,0,0,0,0
42994,1,0,0,0,0
42995,1,0,0,0,0
42996,1,0,0,0,0
42997,1,0,0,0,0
42998,1,0,0,0,0
42999,1,0,0,0,0
43000,1,0,0,0,0
43001,1,0,0,0,0
43002,1,0,0,0,0
43003,1,0,0,0,0
43004,1,0,0,0,0
43005,1,0,0,0,0
43006,1,0,0,0,0
43007,1,0,0,0,0
43008,1,0,0,0,0
43009,1,0,0,0,0
43010,1,0,0,0,0
43011,1,0,0,0,0
43012,1,0,0,0,0
43013,1,0,0,0,0
43014,1,0,0,0,0
43015,1,0,0,0,0
43016,1,0,0,0,0
43017,1,0,0,0,0
43018,1,0,0,0,0
43019,1,0,0,0,0
43020,1,0,0,0,0
43021,1,0,0,0,0
43022,1,0,0,0,0
43023,1,0,0,0,0
43024,1,0,0,0,0
43025,1,0,0,0,0
43026,1,0,0,0,0
43027,1,0,0,0,0
43028,1,0,0,0,0
43029,1,0,0,0,0
43030,1,0,0,0,0
43031,1,0,0,0,0
43032,1,0,0,0,0
43033,1,0,0,0,0
43034,1,0,0,0,0
43035,1,0,0,0,0
43036,1,0,0,0,0
43037,1,0,0,0,0
43038,1,0,0,0,0
43039,1,0,0,0,0
43040,1,0,0,0,0
43041,1,0,0,0,0
43042,1,0,0,0,0
43043,1,0,0,0,0
43044,1,0,0,0,0
43045,1,0,0,0,0
43046,1,0,0,0,0
43047,1,0,0,0,0
43048,1,0,0,0,0
43049,1,0,0,0,0
43050,1,0,0,0,0
43051,1,0,0,0,0
43052,1,0,0,0,0
43053,1,0,0,0,0
43054,1,0,0,0,0
43055,1,0,0,0,0
43056,1,0,0,0,0
43057,1,0,0,0,0
43058,1,0,0,0,0
43059,1,0,0,0,0
43060,1,0,0,0,0
43061,1,0,0,0,0
43062,1,0,0,0,0
43063,1,0,0,0,0
43064,1,0,0,0,0
43065,1,0,0,0,0
43066,1,0,0,0,0
43067,1,0,0,0,0
43068,1,0,0,0,0
43069,1,0,0,0,0
43070,1,0,0,0,0
43071,1,0,0,0,0
43072,1,0,0,0,0
43073,1,0,0,0,0
43074,1,0,0,0,0
43075,1,0,0,0,0
43076,1,0,0,0,0
43077,1,0,0,0,0
43078,1,0,0,0,0
43079,1,0,0,0,0
43080,1,0,0,0,0
43081,1,0,0,0,0
43082,1,0,0,0,0
43083,1,0,0,0,0
43084,1,0,0,0,0
43085,1,0,0,0,0
43086,1,0,0,0,0
43087,1,0,0,0,0
43088,1,0,0,0,0
43089,1,0,0,0,0
43090,1,0,0,0,0
43091,1,0,0,0,0
43092,1,0,0,0,0
43093,1,0,0,0,0
43094,1,0,0,0,0
43095,1,0,0,0,0
43096,1,0,0,0,0
43097,1,0,0,0,0
43098,1,0,0,0,0
43099,1,0,0,0,0
43100,1,0,0,0,0
43101,1,0,0,0,0
43102,1,0,0,0,0
43103,1,0,0,0,0
43104,0,0,0,1,0
43105,0,0,0,1,0
43106,0,0,0,1,0
43107,0,0,0,1,0
43108,0,0,0,1,0
43109,0,0,0,1,0
43110,0,0,0,1,0
43111,0,0,0,1,0
43112,0,0,0,1,0
43113,0,0,0,1,0
43114,0,0,0,1,0
43115,0,0,0,1,0
43116,0,0,0,1,0
43117,0,0,0,1,0
43118,0,0,0,1,0
43119,0,0,0,1,0
43120,0,0,0,1,0
43121,0,0,0,1,0
43122,0,0,0,1,0
43123,0,0,0,1,0
43124,0,0,0,1,0
43125,0,0,0,1,0
43126,0,0,0,1,0
43127,0,0,0,1,0
43128,0,0,0,1,0
43129,0,0,0,1,0
43130,0,0,0,1,0
43131,0,0,0,1,0
43132,0,0,0,1,0
43133,0,0,0,1,0
43134,0,0,0,1,0
43135,0,0,0,1,0
43136,0,0,0,1,0
43137,0,0,0,1,0
43138,0,0,0,1,0
43139,0,0,0,1,0
43140,0,0,0,1,0
43141,0,0,0,1,0
43142,0,0,0,1,0
43143,0,0,0,1,0
43144,0,0,0,1,0
43145,0,0,0,1,0
43146,0,0,0,1,0
43147,0,0,0,1,0
43148,0,0,0,1,0
43149,0,0,0,1,0
43150,0,0,0,1,0
43151,0,0,0,1,0
43152,0,0,0,1,0
43153,0,0,0,1,0
43154,0,0,0,1,0
43155,0,0,0,1,0
43156,0,0,0,1,0
43157,0,0,0,1,0
43158,0,0,0,1,0
43159,0,0,0,1,0
43160,0,0,0,1,0
43161,0,0,0,1,0
43162,0,0,0,1,0
43163,0,0,0,1,0
43164,0,0,0,1,0
43165,0,0,0,1,0
43166,0,0,0,1,0
43167,0,0,0,1,0
43168,0,0,0,1,0
43169,0,0,0,1,0
43170,0,0,0,1,0
43171,0,0,0,1,0
43172,0,0,0,1,0
43173,0,0,0,1,0
43174,0,0,0,1,0
43175,0,0,0,1,0
43176,0,0,0,1,0
43177,0,0,0,1,0
43178,0,0,0,1,0
43179,0,0,0,1,0
43180,0,0,0,1,0
43181,0,0,0,1,0
43182,0,0,0,1,0
43183,0,0,0,1,0
43184,0,0,0,1,0
43185,0,0,0,1,0
43186,0,0,0,1,0
43187,0,0,0,1,0
43188,0,0,0,1,0
43189,0,0,0,1,0
43190,0,0,0,1,0
43191,0,0,0,1,0
43192,0,0,0,1,0
43193,0,0,0,1,0
43194,0,0,0,1,0
43195,0,0,0,1,0
43196,0,0,0,1,0
43197,0,0,0,1,0
43198,0,0,0,1,0
43199,0,0,0,1,0
43200,0,0,0,1,0
43201,0,0,0,1,0
43202,0,0,0,1,0
43203,0,0,0,1,0
43204,0,0,0,1,0
43205,0,0,0,1,0
43206,0,0,0,1,0
43207,0,0,0,1,0
43208,0,0,0,1,0
43209,0,0,0,1,0
43210,0,0,0,1,0
43211,0,0,0,1,0
43212,0,0,0,1,0
43213,0,0,0,1,0
43214,0,0,0,1,0
43215,0,0,0,1,0
43216,0,0,0,1,0
43217,0,0,0,1,0
43218,0,0,0,1,0
43219,0,0,0,1,0
43220,0,0,0,1,0
43221,0,0,0,1,0
43222,0,0,0,1,0
43223,0,0,0,1,0
43224,0,0,0,1,0
43225,0,0,0,1,0
43226,0,0,0,1,0
43227,0,0,0,1,0
43228,0,0,0,1,0
43229,0,0,0,1,0
43230,0,0,0,1,0
43231,0,0,0,1,0
43232,0,0,0,1,0
43233,0,0,0,1,0
43234,0,0,0,1,0
43235,0,0,0,1,0
43236,0,0,0,1,0
43237,0,0,0,1,0
43238,0,0,0,1,0
43239,0,0,0,1,0
43240,0,0,0,1,0
43241,0,0,0,1,0
43242,0,0,0,1,0
43243,0,0,0,1,0
43244,0,0,0,1,0
43245,0,0,0,1,0
43246,0,0,0,1,0
43247,0,0,0,1,0
43248,0,0,0,1,0
43249,0,0,0,1,0
43250,0,0,0,1,0
43251,0,0,0,1,0
43252,0,0,0,1,0
43253,0,0,0,1,0
43254,0,0,0,1,0
43255,0,0,0,1,0
43256,0,0,0,1,0
43257,0,0,0,1,0
43258,0,0,0,1,0
43259,0,0,0,1,0
43260,0,0,0,1,0
43261,0,0,0,1,0
43262,0,0,0,1,0
43263,0,0,0,1,0
43264,0,0,0,1,0
43265,0,0,0,1,0
43266,0,0,0,1,0
43267,0,0,0,1,0
43268,0,0,0,1,0
43269,0,0,0,1,0
43270,0,0,0,1,0
43271,0,0,0,1,0
43272,0,0,0,1,0
43273,0,0,0,1,0
43274,0,0,0,1,0
43275,0,0,0,1,0
43276,0,0,0,1,0
43277,0,0,0,1,0
43278,0,0,0,1,0
43279,0,0,0,1,0
43280,0,0,0,1,0
43281,0,0,0,1,0
43282,0,0,0,1,0
43283,0,0,0,1,0
43284,0,0,0,1,0
43285,0,0,0,1,0
43286,0,0,0,1,0
43287,0,0,0,1,0
43288,0,0,0,1,0
43289,0,0,0,1,0
43290,0,0,0,1,0
43291,0,0,0,1,0
43292,0,0,0,1,0
43293,0,0,0,1,0
43294,0,0,0,1,0
43295,0,0,0,1,0
43296,0,0,0,1,0
43297,0,0,0,1,0
43298,0,0,0,1,0
43299,0,0,0,1,0
43300,0,0,0,1,0
43301,0,0,0,1,0
43302,0,0,0,1,0
43303,0,0,0,1,0
43304,0,0,0,1,0
43305,0,0,0,1,0
43306,0,0,0,1,0
43307,0,0,0,1,0
43308,0,0,0,1,0
43309,0,0,0,1,0
43310,0,0,0,1,0
43311,0,0,0,1,0
43312,0,0,0,1,0
43313,0,0,0,1,0
43314,0,0,0,1,0
43315,0,0,0,1,0
43316,0,0,0,1,0
43317,0,0,0,1,0
43318,0,0,0,1,0
43319,0,0,0,1,0
43320,0,0,0,1,0
43321,0,0,0,1,0
43322,0,0,0,1,0
43323,0,0,0,1,0
43324,0,0,0,1,0
43325,0,0,0,1,0
43326,0,0,0,1,0
43327,0,0,0,1,0
43328,0,0,0,1,0
43329,0,0,0,1,0
43330,0,0,0,1,0
43331,0,0,0,1,0
43332,0,0,0,1,0
43333,0,0,0,1,0
43334,0,0,0,1,0
43335,0,0,0,1,0
43336,0,0,0,1,0
43337,0,0,0,1,0
43338,0,0,0,1,0
43339,0,0,0,1,0
43340,0,0,0,1,0
43341,0,0,0,1,0
43342,0,0,0,1,0
43343,0,0,0,1,0
43344,0,0,0,1,0
43345,0,0,0,1,0
43346,0,0,0,1,0
43347,0,0,0,1,0
43348,0,0,0,1,0
43349,0,0,0,1,0
43350,0,0,0,1,0
43351,0,0,0,1,0
43352,0,0,0,1,0
43353,0,0,0,1,0
43354,0,0,0,1,0
43355,0,0,0,1,0
43356,0,0,0,1,0
43357,0,0,0,1,0
43358,0,0,0,1,0
43359,0,0,0,1,0
43360,0,0,0,1,0
43361,0,0,0,1,0
43362,0,0,0,1,0
43363,0,0,0,1,0
43364,0,0,0,1,0
43365,0,0,0,1,0
43366,0,0,0,1,0
43367,0,0,0,1,0
43368,0,0,0,1,0
43369,0,0,0,1,0
43370,0,0,0,1,0
43371,0,0,0,1,0
43372,0,0,0,1,0
43373,0,0,0,1,0
43374,0,0,0,1,0
43375,0,0,0,1,0
43376,0,0,0,1,0
43377,0,0,0,1,0
43378,0,0,0,1,0
43379,0,0,0,1,0
43380,0,0,0,1,0
43381,0,0,0,1,0
43382,0,0,0,1,0
43383,0,0,0,1,0
43384,0,0,0,1,0
43385,0,0,0,1,0
43386,0,0,0,1,0
43387,0,0,0,1,0
43388,0,0,0,1,0
43389,0,0,0,1,0
43390,0,0,0,1,0
43391,0,0,0,1,0
43392,0,0,0,1,0
43393,0,0,0,1,0
43394,0,0,0,1,0
43395,0,0,0,1,0
43396,0,0,0,1,0
43397,0,0,0,1,0
43398,0,0,0,1,0
43399,0,0,0,1,0
43400,0,0,0,1,0
43401,0,0,0,1,0
43402,0,0,0,1,0
43403,0,0,0,1,0
43404,0,0,0,1,0
43405,0,0,0,1,0
43406,0,0,0,1,0
43407,0,0,0,1,0
43408,0,0,0,1,0
43409,0,0,0,1,0
43410,0,0,0,1,0
43411,0,0,0,1,0
43412,0,0,0,1,0
43413,0,0,0,1,0
43414,0,0,0,1,0
43415,0,0,0,1,0
43416,0,0,0,1,0
43417,0,0,0,1,0
43418,0,0,0,1,0
43419,0,0,0,1,0
43420,0,0,0,1,0
43421,0,0,0,1,0
43422,0,0,0,1,0
43423,0,0,0,1,0
43424,0,0,0,1,0
43425,0,0,0,1,0
43426,0,0,0,1,0
43427,0,0,0,1,0
43428,0,0,0,1,0
43429,0,0,0,1,0
43430,0,0,0,1,0
43431,0,0,0,1,0
43432,0,0,0,1,0
43433,0,0,0,1,0
43434,0,0,0,1,0
43435,0,0,0,1,0
43436,0,0,0,1,0
43437,0,0,0,1,0
43438,0,0,0,1,0
43439,0,0,0,1,0
43440,0,0,0,1,0
43441,0,0,0,1,0
43442,0,0,0,1,0
43443,0,0,0,1,0
43444,0,0,0,1,0
43445,0,0,0,1,0
43446,0,0,0,1,0
43447,0,0,0,1,0
43448,0,0,0,1,0
43449,0,0,0,1,0
43450,0,0,0,1,0
43451,0,0,0,1,0
43452,0,0,0,1,0
43453,0,0,0,1,0
43454,0,0,0,1,0
43455,0,0,0,1,0
43456,0,0,0,1,0
43457,0,0,0,1,0
43458,0,0,0,1,0
43459,0,0,0,1,0
43460,0,0,0,1,0
43461,0,0,0,1,0
43462,0,0,0,1,0
43463,0,0,0,1,0
43464,0,0,0,1,0
43465,0,0,0,1,0
43466,0,0,0,1,0
43467,0,0,0,1,0
43468,0,0,0,1,0
43469,0,0,0,1,0
43470,0,0,0,1,0
43471,0,0,0,1,0
43472,0,0,0,1,0
43473,0,0,0,1,0
43474,0,0,0,1,0
43475,0,0,0,1,0
43476,0,0,0,1,0
43477,0,0,0,1,0
43478,0,0,0,1,0
43479,0,0,0,1,0
43480,0,0,0,1,0
43481,0,0,0,1,0
43482,0,0,0,1,0
43483,0,0,0,1,0
43484,0,0,0,1,0
43485,0,0,0,1,0
43486,0,0,0,1,0
43487,0,0,0,1,0
43488,0,0,0,1,0
43489,0,0,0,1,0
43490,0,0,0,1,0
43491,0,0,0,1,0
43492,0,0,0,1,0
43493,0,0,0,1,0
43494,0,0,0,1,0
43495,0,0,0,1,0
43496,0,0,0,1,0
43497,0,0,0,1,0
43498,0,0,0,1,0
43499,0,0,0,1,0
43500,0,0,0,1,0
43501,0,0,0,1,0
43502,0,0,0,1,0
43503,0,0,0,1,0
43504,0,0,0,1,0
43505,0,0,0,1,0
43506,0,0,0,1,0
43507,0,0,0,1,0
43508,0,0,0,1,0
43509,0,0,0,1,0
43510,0,0,0,1,0
43511,0,0,0,1,0
43512,0,0,0,1,0
43513,0,0,0,1,0
43514,0,0,0,1,0
43515,0,0,0,1,0
43516,0,0,0,1,0
43517,0,0,0,1,0
43518,0,0,0,1,0
43519,0,0,0,1,0
43520,0,0,0,1,0
43521,0,0,0,1,0
43522,0,0,0,1,0
43523,0,0,0,1,0
43524,0,0,0,1,0
43525,0,0,0,1,0
43526,0,0,0,1,0
43527,0,0,0,1,0
43528,0,0,0,1,0
43529,0,0,0,1,0
43530,0,0,0,1,0
43531,0,0,0,1,0
43532,0,0,0,1,0
43533,0,0,0,1,0
43534,0,0,0,1,0
43535,0,0,0,1,0
43536,0,0,0,1,0
43537,0,0,0,1,0
43538,0,0,0,1,0
43539,0,0,0,1,0
43540,0,0,0,1,0
43541,0,0,0,1,0
43542,0,0,0,1,0
43543,0,0,0,1,0
43544,0,0,0,1,0
43545,0,0,0,1,0
43546,0,0,0,1,0
43547,0,0,0,1,0
43548,0,0,0,1,0
43549,0,0,0,1,0
43550,0,0,0,1,0
43551,0,0,0,1,0
43552,0,0,0,1,0
43553,0,0,0,1,0
43554,0,0,0,1,0
43555,0,0,0,1,0
43556,0,0,0,1,0
43557,0,0,0,1,0
43558,0,0,0,1,0
43559,0,0,0,1,0
43560,0,0,0,1,0
43561,0,0,0,1,0
43562,0,0,0,1,0
43563,0,0,0,1,0
43564,0,0,0,1,0
43565,0,0,0,1,0
43566,0,0,0,1,0
43567,0,0,0,1,0
43568,0,0,0,1,0
43569,0,0,0,1,0
43570,0,0,0,1,0
43571,0,0,0,1,0
43572,0,0,0,1,0
43573,0,0,0,1,0
43574,0,0,0,1,0
43575,0,0,0,1,0
43576,0,0,0,1,0
43577,0,0,0,1,0
43578,0,0,0,1,0
43579,0,0,0,1,0
43580,0,0,0,1,0
43581,0,0,0,1,0
43582,0,0,0,1,0
43583,0,0,0,1,0
43584,0,0,0,1,0
43585,0,0,0,1,0
43586,0,0,0,1,0
43587,0,0,0,1,0
43588,0,0,0,1,0
43589,0,0,0,1,0
43590,0,0,0,1,0
43591,0,0,0,1,0
43592,0,0,0,1,0
43593,0,0,0,1,0
43594,0,0,0,1,0
43595,0,0,0,1,0
43596,0,0,0,1,0
43597,0,0,0,1,0
43598,0,0,0,1,0
43599,0,0,0,1,0
43600,0,0,0,1,0
43601,0,0,0,1,0
43602,0,0,0,1,0
43603,0,0,0,1,0
43604,0,0,0,1,0
43605,0,0,0,1,0
43606,0,0,0,1,0
43607,0,0,0,1,0
43608,0,0,0,1,0
43609,0,0,0,1,0
43610,0,0,0,1,0
43611,0,0,0,1,0
43612,0,0,0,1,0
43613,0,0,0,1,0
43614,0,0,0,1,0
43615,0,0,0,1,0
43616,0,0,0,1,0
43617,0,0,0,1,0
43618,0,0,0,1,0
43619,0,0,0,1,0
43620,0,0,0,1,0
43621,0,0,0,1,0
43622,0,0,0,1,0
43623,0,0,0,1,0
43624,0,0,0,1,0
43625,0,0,0,1,0
43626,0,0,0,1,0
43627,0,0,0,1,0
43628,0,0,0,1,0
43629,0,0,0,1,0
43630,0,0,0,1,0
43631,0,0,0,1,0
43632,0,0,0,1,0
43633,0,0,0,1,0
43634,0,0,0,1,0
43635,0,0,0,1,0
43636,0,0,0,1,0
43637,0,0,0,1,0
43638,0,0,0,1,0
43639,0,0,0,1,0
43640,0,0,0,1,0
43641,0,0,0,1,0
43642,0,0,0,1,0
43643,0,0,0,1,0
43644,0,0,0,1,0
43645,0,0,0,1,0
43646,0,0,0,1,0
43647,0,0,0,1,0
43648,0,0,0,1,0
43649,0,0,0,1,0
43650,0,0,0,1,0
43651,0,0,0,1,0
43652,0,0,0,1,0
43653,0,0,0,1,0
43654,0,0,0,1,0
43655,0,0,0,1,0
43656,0,0,0,1,0
43657,0,0,0,1,0
43658,0,0,0,1,0
43659,0,0,0,1,0
43660,0,0,0,1,0
43661,0,0,0,1,0
43662,0,0,0,1,0
43663,0,0,0,1,0
43664,0,0,0,1,0
43665,0,0,0,1,0
43666,0,0,0,1,0
43667,0,0,0,1,0
43668,0,0,0,1,0
43669,0,0,0,1,0
43670,0,0,0,1,0
43671,0,0,0,1,0
43672,0,0,0,1,0
43673,0,0,0,1,0
43674,0,0,0,1,0
43675,1,0,0,0,0
43676,1,0,0,0,0
43677,1,0,0,0,0
43678,1,0,0,0,0
43679,1,0,0,0,0
43680,1,0,0,0,0
43681,1,0,0,0,0
43682,1,0,0,0,0
43683,1,0,0,0,0
43684,1,0,0,0,0
43685,1,0,0,0,0
43686,1,0,0,0,0
43687,1,0,0,0,0
43688,1,0,0,0,0
43689,1,0,0,0,0
43690,1,0,0,0,0
43691,1,0,0,0,0
43692,1,0,0,0,0
43693,1,0,0,0,0
43694,1,0,0,0,0
43695,1,0,0,0,0
43696,1,0,0,0,0
43697,1,0,0,0,0
43698,1,0,0,0,0
43699,1,0,0,0,0
43700,1,0,0,0,0
43701,1,0,0,0,0
43702,1,0,0,0,0
43703,1,0,0,0,0
43704,1,0,0,0,0
43705,1,0,0,0,0
43706,1,0,0,0,0
43707,1,0,0,0,0
43708,1,0,0,0,0
43709,1,0,0,0,0
43710,1,0,0,0,0
43711,1,0,0,0,0
43712,1,0,0,0,0
43713,1,0,0,0,0
43714,1,0,0,0,0
43715,1,0,0,0,0
43716,1,0,0,0,0
43717,1,0,0,0,0
43718,1,0,0,0,0
43719,1,0,0,0,0
43720,1,0,0,0,0
43721,1,0,0,0,0
43722,1,0,0,0,0
43723,1,0,0,0,0
43724,1,0,0,0,0
43725,1,0,0,0,0
43726,1,0,0,0,0
43727,1,0,0,0,0
43728,1,0,0,0,0
43729,1,0,0,0,0
43730,1,0,0,0,0
43731,1,0,0,0,0
43732,1,0,0,0,0
43733,1,0,0,0,0
43734,1,0,0,0,0
43735,1,0,0,0,0
43736,1,0,0,0,0
43737,1,0,0,0,0
43738,1,0,0,0,0
43739,1,0,0,0,0
43740,1,0,0,0,0
43741,1,0,0,0,0
43742,1,0,0,0,0
43743,1,0,0,0,0
43744,1,0,0,0,0
43745,1,0,0,0,0
43746,1,0,0,0,0
43747,1,0,0,0,0
43748,1,0,0,0,0
43749,1,0,0,0,0
43750,1,0,0,0,0
43751,1,0,0,0,0
43752,1,0,0,0,0
43753,1,0,0,0,0
43754,1,0,0,0,0
43755,1,0,0,0,0
43756,1,0,0,0,0
43757,1,0,0,0,0
43758,1,0,0,0,0
43759,1,0,0,0,0
43760,1,0,0,0,0
43761,1,0,0,0,0
43762,1,0,0,0,0
43763,1,0,0,0,0
43764,1,0,0,0,0
43765,1,0,0,0,0
43766,1,0,0,0,0
43767,1,0,0,0,0
43768,1,0,0,0,0
43769,0,0,0,1,0
43770,0,0,0,1,0
43771,0,0,0,1,0
43772,0,0,0,1,0
43773,0,0,0,1,0
43774,0,0,0,1,0
43775,0,0,0,1,0
43776,0,0,0,1,0
43777,0,0,0,1,0
43778,0,0,0,1,0
43779,0,0,0,1,0
43780,0,0,0,1,0
43781,0,0,0,1,0
43782,0,0,0,1,0
43783,0,0,0,1,0
43784,0,0,0,1,0
43785,0,0,0,1,0
43786,0,0,0,1,0
43787,0,0,0,1,0
43788,0,0,0,1,0
43789,0,0,0,1,0
43790,0,0,0,1,0
43791,0,0,0,1,0
43792,0,0,0,1,0
43793,0,0,0,1,0
43794,0,0,0,1,0
43795,0,0,0,1,0
43796,0,0,0,1,0
43797,0,0,0,1,0
43798,0,0,0,1,0
43799,0,0,0,1,0
43800,0,0,0,1,0
43801,0,0,0,1,0
43802,0,0,0,1,0
43803,0,0,0,1,0
43804,0,0,0,1,0
43805,0,0,0,1,0
43806,0,0,0,1,0
43807,0,0,0,1,0
43808,0,0,0,1,0
43809,0,0,0,1,0
43810,1,0,0,0,0
43811,1,0,0,0,0
43812,1,0,0,0,0
43813,1,0,0,0,0
43814,1,0,0,0,0
43815,1,0,0,0,0
43816,1,0,0,0,0
43817,1,0,0,0,0
43818,1,0,0,0,0
43819,1,0,0,0,0
43820,1,0,0,0,0
43821,1,0,0,0,0
43822,1,0,0,0,0
43823,1,0,0,0,0
43824,1,0,0,0,0
43825,1,0,0,0,0
43826,1,0,0,0,0
43827,1,0,0,0,0
43828,1,0,0,0,0
43829,1,0,0,0,0
43830,1,0,0,0,0
43831,1,0,0,0,0
43832,1,0,0,0,0
43833,1,0,0,0,0
43834,1,0,0,0,0
43835,1,0,0,0,0
43836,1,0,0,0,0
43837,1,0,0,0,0
43838,1,0,0,0,0
43839,1,0,0,0,0
43840,1,0,0,0,0
43841,1,0,0,0,0
43842,1,0,0,0,0
43843,1,0,0,0,0
43844,1,0,0,0,0
43845,1,0,0,0,0
43846,1,0,0,0,0
43847,1,0,0,0,0
43848,1,0,0,0,0
43849,1,0,0,0,0
43850,1,0,0,0,0
43851,1,0,0,0,0
43852,1,0,0,0,0
43853,1,0,0,0,0
43854,1,0,0,0,0
43855,1,0,0,0,0
43856,1,0,0,0,0
43857,1,0,0,0,0
43858,1,0,0,0,0
43859,1,0,0,0,0
43860,1,0,0,0,0
43861,1,0,0,0,0
43862,1,0,0,0,0
43863,1,0,0,0,0
43864,1,0,0,0,0
43865,1,0,0,0,0
43866,1,0,0,0,0
43867,1,0,0,0,0
43868,1,0,0,0,0
43869,1,0,0,0,0
43870,1,0,0,0,0
43871,1,0,0,0,0
43872,1,0,0,0,0
43873,1,0,0,0,0
43874,1,0,0,0,0
43875,1,0,0,0,0
43876,1,0,0,0,0
43877,1,0,0,0,0
43878,1,0,0,0,0
43879,1,0,0,0,0
43880,1,0,0,0,0
43881,1,0,0,0,0
43882,1,0,0,0,0
43883,1,0,0,0,0
43884,1,0,0,0,0
43885,1,0,0,0,0
43886,1,0,0,0,0
43887,1,0,0,0,0
43888,1,0,0,0,0
43889,1,0,0,0,0
43890,0,0,0,1,0
43891,0,0,0,1,0
43892,0,0,0,1,0
43893,0,0,0,1,0
43894,0,0,0,1,0
43895,0,0,0,1,0
43896,0,0,0,1,0
43897,0,0,0,1,0
43898,0,0,0,1,0
43899,0,0,0,1,0
43900,0,0,0,1,0
43901,0,0,0,1,0
43902,0,0,0,1,0
43903,0,0,0,1,0
43904,0,0,0,1,0
43905,0,0,0,1,0
43906,0,0,0,1,0
43907,0,0,0,1,0
43908,0,0,0,1,0
43909,0,0,0,1,0
43910,0,0,0,1,0
43911,0,0,0,1,0
43912,0,0,0,1,0
43913,0,0,0,1,0
43914,0,0,0,1,0
43915,0,0,0,1,0
43916,0,0,0,1,0
43917,0,0,0,1,0
43918,0,0,0,1,0
43919,0,0,0,1,0
43920,0,0,0,1,0
43921,0,0,0,1,0
43922,0,0,0,1,0
43923,0,0,0,1,0
43924,0,0,0,1,0
43925,0,0,0,1,0
43926,0,0,0,1,0
43927,0,0,0,1,0
43928,0,0,0,1,0
43929,0,0,0,1,0
43930,0,0,0,1,0
43931,0,0,0,1,0
43932,0,0,0,1,0
43933,0,0,0,1,0
43934,0,0,0,1,0
43935,0,0,0,1,0
43936,0,0,0,1,0
43937,0,0,0,1,0
43938,0,0,0,1,0
43939,0,0,0,1,0
43940,0,0,0,1,0
43941,0,0,0,1,0
43942,0,0,0,1,0
43943,0,0,0,1,0
43944,0,0,0,1,0
43945,0,0,0,1,0
43946,1,0,0,0,0
43947,1,0,0,0,0
43948,1,0,0,0,0
43949,1,0,0,0,0
43950,1,0,0,0,0
43951,1,0,0,0,0
43952,1,0,0,0,0
43953,1,0,0,0,0
43954,1,0,0,0,0
43955,1,0,0,0,0
43956,1,0,0,0,0
43957,1,0,0,0,0
43958,1,0,0,0,0
43959,1,0,0,0,0
43960,1,0,0,0,0
43961,1,0,0,0,0
43962,1,0,0,0,0
43963,1,0,0,0,0
43964,1,0,0,0,0
43965,1,0,0,0,0
43966,1,0,0,0,0
43967,1,0,0,0,0
43968,1,0,0,0,0
43969,1,0,0,0,0
43970,1,0,0,0,0
43971,1,0,0,0,0
43972,1,0,0,0,0
43973,1,0,0,0,0
43974,1,0,0,0,0
43975,1,0,0,0,0
43976,1,0,0,0,0
43977,1,0,0,0,0
43978,1,0,0,0,0
43979,1,0,0,0,0
43980,1,0,0,0,0
43981,1,0,0,0,0
43982,1,0,0,0,0
43983,1,0,0,0,0
43984,1,0,0,0,0
43985,1,0,0,0,0
43986,1,0,0,0,0
43987,1,0,0,0,0
43988,1,0,0,0,0
43989,1,0,0,0,0
43990,1,0,0,0,0
43991,1,0,0,0,0
43992,1,0,0,0,0
43993,1,0,0,0,0
43994,1,0,0,0,0
43995,1,0,0,0,0
43996,1,0,0,0,0
43997,1,0,0,0,0
43998,1,0,0,0,0
43999,1,0,0,0,0
44000,1,0,0,0,0
44001,1,0,0,0,0
44002,1,0,0,0,0
44003,1,0,0,0,0
44004,1,0,0,0,0
44005,1,0,0,0,0
44006,1,0,0,0,0
44007,1,0,0,0,0
44008,1,0,0,0,0
44009,1,0,0,0,0
44010,1,0,0,0,0
44011,1,0,0,0,0
44012,1,0,0,0,0
44013,1,0,0,0,0
44014,1,0,0,0,0
44015,1,0,0,0,0
44016,1,0,0,0,0
44017,1,0,0,0,0
44018,1,0,0,0,0
44019,1,0,0,0,0
44020,1,0,0,0,0
44021,1,0,0,0,0
44022,1,0,0,0,0
44023,1,0,0,0,0
44024,1,0,0,0,0
44025,1,0,0,0,0
44026,1,0,0,0,0
44027,1,0,0,0,0
44028,1,0,0,0,0
44029,1,0,0,0,0
44030,1,0,0,0,0
44031,1,0,0,0,0
44032,1,0,0,0,0
44033,1,0,0,0,0
44034,1,0,0,0,0
44035,1,0,0,0,0
44036,1,0,0,0,0
44037,1,0,0,0,0
44038,1,0,0,0,0
44039,1,0,0,0,0
44040,1,0,0,0,0
44041,1,0,0,0,0
44042,1,0,0,0,0
44043,1,0,0,0,0
44044,1,0,0,0,0
44045,1,0,0,0,0
44046,1,0,0,0,0
44047,1,0,0,0,0
44048,1,0,0,0,0
44049,1,0,0,0,0
44050,1,0,0,0,0
44051,1,0,0,0,0
44052,1,0,0,0,0
44053,1,0,0,0,0
44054,1,0,0,0,0
44055,1,0,0,0,0
44056,1,0,0,0,0
44057,1,0,0,0,0
44058,1,0,0,0,0
44059,1,0,0,0,0
44060,1,0,0,0,0
44061,1,0,0,0,0
44062,1,0,0,0,0
44063,1,0,0,0,0
44064,1,0,0,0,0
44065,1,0,0,0,0
44066,1,0,0,0,0
44067,1,0,0,0,0
44068,1,0,0,0,0
44069,1,0,0,0,0
44070,1,0,0,0,0
44071,1,0,0,0,0
44072,1,0,0,0,0
44073,1,0,0,0,0
44074,1,0,0,0,0
44075,1,0,0,0,0
44076,1,0,0,0,0
44077,1,0,0,0,0
44078,1,0,0,0,0
44079,1,0,0,0,0
44080,1,0,0,0,0
44081,1,0,0,0,0
44082,1,0,0,0,0
44083,1,0,0,0,0
44084,1,0,0,0,0
44085,1,0,0,0,0
44086,1,0,0,0,0
44087,1,0,0,0,0
44088,1,0,0,0,0
44089,1,0,0,0,0
44090,1,0,0,0,0
44091,1,0,0,0,0
44092,1,0,0,0,0
44093,1,0,0,0,0
44094,1,0,0,0,0
44095,1,0,0,0,0
44096,1,0,0,0,0
44097,1,0,0,0,0
44098,1,0,0,0,0
44099,1,0,0,0,0
44100,1,0,0,0,0
44101,1,0,0,0,0
44102,1,0,0,0,0
44103,1,0,0,0,0
44104,1,0,0,0,0
44105,1,0,0,0,0
44106,1,0,0,0,0
44107,1,0,0,0,0
44108,1,0,0,0,0
44109,1,0,0,0,0
44110,1,0,0,0,0
44111,1,0,0,0,0
44112,1,0,0,0,0
44113,1,0,0,0,0
44114,1,0,0,0,0
44115,1,0,0,0,0
44116,1,0,0,0,0
44117,1,0,0,0,0
44118,1,0,0,0,0
44119,1,0,0,0,0
44120,1,0,0,0,0
44121,1,0,0,0,0
44122,1,0,0,0,0
44123,1,0,0,0,0
44124,1,0,0,0,0
44125,1,0,0,0,0
44126,0,1,0,0,0
44127,0,1,0,0,0
44128,0,1,0,0,0
44129,0,1,0,0,0
44130,0,1,0,0,0
44131,0,1,0,0,0
44132,0,1,0,0,0
44133,0,1,0,0,0
44134,0,1,0,0,0
44135,0,1,0,0,0
44136,0,1,0,0,0
44137,0,1,0,0,0
44138,0,1,0,0,0
44139,0,1,0,0,0
44140,0,1,0,0,0
44141,0,1,0,0,0
44142,0,1,0,0,0
44143,0,1,0,0,0
44144,0,1,0,0,0
44145,0,1,0,0,0
44146,0,1,0,0,0
44147,0,1,0,0,0
44148,0,1,0,0,0
44149,0,1,0,0,0
44150,0,1,0,0,0
44151,0,1,0,0,0
44152,0,1,0,0,0
44153,0,1,0,0,0
44154,0,1,0,0,0
44155,0,1,0,0,0
44156,1,0,0,0,0
44157,1,0,0,0,0
44158,1,0,0,0,0
44159,1,0,0,0,0
44160,1,0,0,0,0
44161,1,0,0,0,0
44162,1,0,0,0,0
44163,1,0,0,0,0
44164,1,0,0,0,0
44165,1,0,0,0,0
44166,1,0,0,0,0
44167,1,0,0,0,0
44168,1,0,0,0,0
44169,1,0,0,0,0
44170,1,0,0,0,0
44171,1,0,0,0,0
44172,1,0,0,0,0
44173,1,0,0,0,0
44174,1,0,0,0,0
44175,1,0,0,0,0
44176,1,0,0,0,0
44177,1,0,0,0,0
44178,1,0,0,0,0
44179,1,0,0,0,0
44180,1,0,0,0,0
44181,1,0,0,0,0
44182,1,0,0,0,0
44183,1,0,0,0,0
44184,1,0,0,0,0
44185,1,0,0,0,0
44186,1,0,0,0,0
44187,1,0,0,0,0
44188,1,0,0,0,0
44189,1,0,0,0,0
44190,1,0,0,0,0
44191,1,0,0,0,0
44192,1,0,0,0,0
44193,1,0,0,0,0
44194,1,0,0,0,0
44195,1,0,0,0,0
44196,1,0,0,0,0
44197,1,0,0,0,0
44198,1,0,0,0,0
44199,1,0,0,0,0
44200,1,0,0,0,0
44201,1,0,0,0,0
44202,1,0,0,0,0
44203,1,0,0,0,0
44204,1,0,0,0,0
44205,1,0,0,0,0
44206,1,0,0,0,0
44207,1,0,0,0,0
44208,1,0,0,0,0
44209,1,0,0,0,0
44210,1,0,0,0,0
44211,1,0,0,0,0
44212,1,0,0,0,0
44213,1,0,0,0,0
44214,1,0,0,0,0
44215,1,0,0,0,0
44216,1,0,0,0,0
44217,1,0,0,0,0
44218,1,0,0,0,0
44219,1,0,0,0,0
44220,1,0,0,0,0
44221,1,0,0,0,0
44222,1,0,0,0,0
44223,1,0,0,0,0
44224,1,0,0,0,0
44225,1,0,0,0,0
44226,1,0,0,0,0
44227,1,0,0,0,0
44228,1,0,0,0,0
44229,1,0,0,0,0
44230,1,0,0,0,0
44231,1,0,0,0,0
44232,1,0,0,0,0
44233,1,0,0,0,0
44234,1,0,0,0,0
44235,1,0,0,0,0
44236,1,0,0,0,0
44237,1,0,0,0,0
44238,1,0,0,0,0
44239,1,0,0,0,0
44240,1,0,0,0,0
44241,1,0,0,0,0
44242,1,0,0,0,0
44243,1,0,0,0,0
44244,1,0,0,0,0
44245,1,0,0,0,0
44246,1,0,0,0,0
44247,1,0,0,0,0
44248,1,0,0,0,0
44249,1,0,0,0,0
44250,1,0,0,0,0
44251,1,0,0,0,0
44252,1,0,0,0,0
44253,1,0,0,0,0
44254,1,0,0,0,0
44255,1,0,0,0,0
44256,1,0,0,0,0
44257,1,0,0,0,0
44258,1,0,0,0,0
44259,1,0,0,0,0
44260,1,0,0,0,0
44261,1,0,0,0,0
44262,1,0,0,0,0
44263,1,0,0,0,0
44264,1,0,0,0,0
44265,1,0,0,0,0
44266,1,0,0,0,0
44267,1,0,0,0,0
44268,1,0,0,0,0
44269,1,0,0,0,0
44270,1,0,0,0,0
44271,1,0,0,0,0
44272,1,0,0,0,0
44273,1,0,0,0,0
44274,1,0,0,0,0
44275,1,0,0,0,0
44276,1,0,0,0,0
44277,1,0,0,0,0
44278,1,0,0,0,0
44279,1,0,0,0,0
44280,1,0,0,0,0
44281,1,0,0,0,0
44282,1,0,0,0,0
44283,1,0,0,0,0
44284,1,0,0,0,0
44285,1,0,0,0,0
44286,1,0,0,0,0
44287,1,0,0,0,0
44288,1,0,0,0,0
44289,1,0,0,0,0
44290,1,0,0,0,0
44291,1,0,0,0,0
44292,1,0,0,0,0
44293,1,0,0,0,0
44294,1,0,0,0,0
44295,1,0,0,0,0
44296,1,0,0,0,0
44297,1,0,0,0,0
44298,1,0,0,0,0
44299,1,0,0,0,0
44300,1,0,0,0,0
44301,1,0,0,0,0
44302,1,0,0,0,0
44303,1,0,0,0,0
44304,1,0,0,0,0
44305,1,0,0,0,0
44306,1,0,0,0,0
44307,1,0,0,0,0
44308,1,0,0,0,0
44309,1,0,0,0,0
44310,1,0,0,0,0
44311,1,0,0,0,0
44312,1,0,0,0,0
44313,1,0,0,0,0
44314,1,0,0,0,0
44315,1,0,0,0,0
44316,1,0,0,0,0
44317,1,0,0,0,0
44318,1,0,0,0,0
44319,1,0,0,0,0
44320,1,0,0,0,0
44321,1,0,0,0,0
44322,1,0,0,0,0
44323,1,0,0,0,0
44324,1,0,0,0,0
44325,1,0,0,0,0
44326,1,0,0,0,0
44327,1,0,0,0,0
44328,1,0,0,0,0
44329,1,0,0,0,0
44330,1,0,0,0,0
44331,1,0,0,0,0
44332,1,0,0,0,0
44333,1,0,0,0,0
44334,1,0,0,0,0
44335,1,0,0,0,0
44336,1,0,0,0,0
44337,1,0,0,0,0
44338,1,0,0,0,0
44339,1,0,0,0,0
44340,1,0,0,0,0
44341,1,0,0,0,0
44342,1,0,0,0,0
44343,1,0,0,0,0
44344,1,0,0,0,0
44345,1,0,0,0,0
44346,1,0,0,0,0
44347,1,0,0,0,0
44348,1,0,0,0,0
44349,1,0,0,0,0
44350,1,0,0,0,0
44351,1,0,0,0,0
44352,1,0,0,0,0
44353,1,0,0,0,0
44354,1,0,0,0,0
44355,1,0,0,0,0
44356,1,0,0,0,0
44357,1,0,0,0,0
44358,1,0,0,0,0
44359,1,0,0,0,0
44360,1,0,0,0,0
44361,1,0,0,0,0
44362,1,0,0,0,0
44363,1,0,0,0,0
44364,1,0,0,0,0
44365,1,0,0,0,0
44366,1,0,0,0,0
44367,1,0,0,0,0
44368,1,0,0,0,0
44369,1,0,0,0,0
44370,1,0,0,0,0
44371,1,0,0,0,0
44372,1,0,0,0,0
44373,1,0,0,0,0
44374,1,0,0,0,0
44375,1,0,0,0,0
44376,1,0,0,0,0
44377,1,0,0,0,0
44378,1,0,0,0,0
44379,1,0,0,0,0
44380,1,0,0,0,0
44381,1,0,0,0,0
44382,1,0,0,0,0
44383,1,0,0,0,0
44384,1,0,0,0,0
44385,1,0,0,0,0
44386,1,0,0,0,0
44387,1,0,0,0,0
44388,1,0,0,0,0
44389,1,0,0,0,0
44390,1,0,0,0,0
44391,1,0,0,0,0
44392,1,0,0,0,0
44393,1,0,0,0,0
44394,1,0,0,0,0
44395,1,0,0,0,0
44396,1,0,0,0,0
44397,1,0,0,0,0
44398,1,0,0,0,0
44399,1,0,0,0,0
44400,1,0,0,0,0
44401,1,0,0,0,0
44402,1,0,0,0,0
44403,1,0,0,0,0
44404,1,0,0,0,0
44405,1,0,0,0,0
44406,1,0,0,0,0
44407,1,0,0,0,0
44408,1,0,0,0,0
44409,1,0,0,0,0
44410,1,0,0,0,0
44411,1,0,0,0,0
44412,1,0,0,0,0
44413,1,0,0,0,0
44414,1,0,0,0,0
44415,1,0,0,0,0
44416,1,0,0,0,0
44417,1,0,0,0,0
44418,1,0,0,0,0
44419,1,0,0,0,0
44420,1,0,0,0,0
44421,1,0,0,0,0
44422,1,0,0,0,0
44423,1,0,0,0,0
44424,1,0,0,0,0
44425,1,0,0,0,0
44426,1,0,0,0,0
44427,1,0,0,0,0
44428,1,0,0,0,0
44429,1,0,0,0,0
44430,1,0,0,0,0
44431,1,0,0,0,0
44432,1,0,0,0,0
44433,1,0,0,0,0
44434,1,0,0,0,0
44435,1,0,0,0,0
44436,1,0,0,0,0
44437,1,0,0,0,0
44438,1,0,0,0,0
44439,1,0,0,0,0
44440,1,0,0,0,0
44441,1,0,0,0,0
44442,1,0,0,0,0
44443,1,0,0,0,0
44444,0,0,0,0,1
44445,0,0,0,0,1
44446,0,0,0,0,1
44447,0,0,0,0,1
44448,0,0,0,0,1
44449,0,0,0,0,1
44450,0,0,0,0,1
44451,0,0,0,0,1
44452,0,0,0,0,1
44453,0,0,0,0,1
44454,0,0,0,0,1
44455,0,0,0,0,1
44456,0,0,0,0,1
44457,0,0,0,0,1
44458,0,0,0,0,1
44459,0,0,0,0,1
44460,0,0,0,0,1
44461,0,0,0,0,1
44462,0,0,0,0,1
44463,0,0,0,0,1
44464,0,0,0,0,1
44465,0,0,0,0,1
44466,0,0,0,0,1
44467,0,0,0,0,1
44468,0,0,0,0,1
44469,0,0,0,0,1
44470,0,0,0,0,1
44471,0,0,0,0,1
44472,0,0,0,0,1
44473,0,0,0,0,1
44474,0,0,0,0,1
44475,0,0,0,0,1
44476,1,0,0,0,0
44477,1,0,0,0,0
44478,1,0,0,0,0
44479,1,0,0,0,0
44480,1,0,0,0,0
44481,1,0,0,0,0
44482,1,0,0,0,0
44483,1,0,0,0,0
44484,1,0,0,0,0
44485,1,0,0,0,0
44486,1,0,0,0,0
44487,1,0,0,0,0
44488,1,0,0,0,0
44489,1,0,0,0,0
44490,1,0,0,0,0
44491,1,0,0,0,0
44492,1,0,0,0,0
44493,1,0,0,0,0
44494,1,0,0,0,0
44495,1,0,0,0,0
44496,1,0,0,0,0
44497,1,0,0,0,0
44498,1,0,0,0,0
44499,1,0,0,0,0
44500,1,0,0,0,0
44501,1,0,0,0,0
44502,1,0,0,0,0
44503,1,0,0,0,0
44504,1,0,0,0,0
44505,1,0,0,0,0
44506,1,0,0,0,0
44507,1,0,0,0,0
44508,1,0,0,0,0
44509,1,0,0,0,0
44510,1,0,0,0,0
44511,1,0,0,0,0
44512,1,0,0,0,0
44513,1,0,0,0,0
44514,1,0,0,0,0
44515,1,0,0,0,0
44516,1,0,0,0,0
44517,1,0,0,0,0
44518,1,0,0,0,0
44519,1,0,0,0,0
44520,1,0,0,0,0
44521,1,0,0,0,0
44522,1,0,0,0,0
44523,1,0,0,0,0
44524,1,0,0,0,0
44525,1,0,0,0,0
44526,1,0,0,0,0
44527,1,0,0,0,0
44528,1,0,0,0,0
44529,1,0,0,0,0
44530,1,0,0,0,0
44531,1,0,0,0,0
44532,1,0,0,0,0
44533,1,0,0,0,0
44534,1,0,0,0,0
44535,1,0,0,0,0
44536,1,0,0,0,0
44537,1,0,0,0,0
44538,1,0,0,0,0
44539,1,0,0,0,0
44540,1,0,0,0,0
44541,1,0,0,0,0
44542,1,0,0,0,0
44543,1,0,0,0,0
44544,1,0,0,0,0
44545,1,0,0,0,0
44546,1,0,0,0,0
44547,0,1,0,0,0
44548,0,1,0,0,0
44549,0,1,0,0,0
44550,0,1,0,0,0
44551,0,1,0,0,0
44552,0,1,0,0,0
44553,0,1,0,0,0
44554,0,1,0,0,0
44555,0,1,0,0,0
44556,0,1,0,0,0
44557,0,1,0,0,0
44558,0,1,0,0,0
44559,0,1,0,0,0
44560,0,1,0,0,0
44561,0,1,0,0,0
44562,0,1,0,0,0
44563,0,1,0,0,0
44564,0,1,0,0,0
44565,0,1,0,0,0
44566,0,1,0,0,0
44567,0,1,0,0,0
44568,0,1,0,0,0
44569,0,1,0,0,0
44570,0,1,0,0,0
44571,0,1,0,0,0
44572,0,1,0,0,0
44573,0,1,0,0,0
44574,0,1,0,0,0
44575,0,1,0,0,0
44576,0,1,0,0,0
44577,0,1,0,0,0
44578,0,1,0,0,0
44579,0,1,0,0,0
44580,0,1,0,0,0
44581,0,1,0,0,0
44582,0,1,0,0,0
44583,0,1,0,0,0
44584,0,1,0,0,0
44585,0,1,0,0,0
44586,0,1,0,0,0
44587,0,1,0,0,0
44588,0,1,0,0,0
44589,0,1,0,0,0
44590,0,1,0,0,0
44591,0,1,0,0,0
44592,0,1,0,0,0
44593,0,1,0,0,0
44594,0,1,0,0,0
44595,0,1,0,0,0
44596,0,1,0,0,0
44597,0,1,0,0,0
44598,0,1,0,0,0
44599,0,1,0,0,0
44600,0,1,0,0,0
44601,1,0,0,0,0
44602,1,0,0,0,0
44603,1,0,0,0,0
44604,1,0,0,0,0
44605,1,0,0,0,0
44606,1,0,0,0,0
44607,1,0,0,0,0
44608,1,0,0,0,0
44609,1,0,0,0,0
44610,1,0,0,0,0
44611,1,0,0,0,0
44612,1,0,0,0,0
44613,1,0,0,0,0
44614,1,0,0,0,0
44615,1,0,0,0,0
44616,1,0,0,0,0
44617,1,0,0,0,0
44618,1,0,0,0,0
44619,1,0,0,0,0
44620,1,0,0,0,0
44621,1,0,0,0,0
44622,1,0,0,0,0
44623,1,0,0,0,0
44624,1,0,0,0,0
44625,1,0,0,0,0
44626,1,0,0,0,0
44627,1,0,0,0,0
44628,1,0,0,0,0
44629,1,0,0,0,0
44630,1,0,0,0,0
44631,1,0,0,0,0
44632,1,0,0,0,0
44633,1,0,0,0,0
44634,1,0,0,0,0
44635,1,0,0,0,0
44636,1,0,0,0,0
44637,1,0,0,0,0
44638,1,0,0,0,0
44639,1,0,0,0,0
44640,1,0,0,0,0
44641,1,0,0,0,0
44642,1,0,0,0,0
44643,1,0,0,0,0
44644,1,0,0,0,0
44645,1,0,0,0,0
44646,1,0,0,0,0
44647,1,0,0,0,0
44648,1,0,0,0,0
44649,1,0,0,0,0
44650,1,0,0,0,0
44651,1,0,0,0,0
44652,1,0,0,0,0
44653,1,0,0,0,0
44654,1,0,0,0,0
44655,1,0,0,0,0
44656,1,0,0,0,0
44657,1,0,0,0,0
44658,1,0,0,0,0
44659,1,0,0,0,0
44660,1,0,0,0,0
44661,1,0,0,0,0
44662,1,0,0,0,0
44663,1,0,0,0,0
44664,1,0,0,0,0
44665,1,0,0,0,0
44666,1,0,0,0,0
44667,1,0,0,0,0
44668,0,0,0,0,1
44669,0,0,0,0,1
44670,0,0,0,0,1
44671,0,0,0,0,1
44672,0,0,0,0,1
44673,0,0,0,0,1
44674,0,0,0,0,1
44675,0,0,0,0,1
44676,0,0,0,0,1
44677,0,0,0,0,1
44678,0,0,0,0,1
44679,0,0,0,0,1
44680,0,0,0,0,1
44681,0,0,0,0,1
44682,0,0,0,0,1
44683,0,0,0,0,1
44684,0,0,0,0,1
44685,0,0,0,0,1
44686,0,0,0,0,1
44687,0,0,0,0,1
44688,0,0,0,0,1
44689,0,0,0,0,1
44690,0,0,0,0,1
44691,0,0,0,0,1
44692,0,0,0,0,1
44693,0,0,0,0,1
44694,0,0,0,0,1
44695,0,0,0,0,1
44696,0,0,0,0,1
44697,0,0,0,0,1
44698,0,0,0,0,1
44699,0,0,0,0,1
44700,0,0,0,0,1
44701,0,0,0,0,1
44702,0,0,0,0,1
44703,1,0,0,0,0
44704,1,0,0,0,0
44705,1,0,0,0,0
44706,1,0,0,0,0
44707,1,0,0,0,0
44708,1,0,0,0,0
44709,1,0,0,0,0
44710,1,0,0,0,0
44711,1,0,0,0,0
44712,1,0,0,0,0
44713,1,0,0,0,0
44714,1,0,0,0,0
44715,1,0,0,0,0
44716,1,0,0,0,0
44717,1,0,0,0,0
44718,1,0,0,0,0
44719,1,0,0,0,0
44720,1,0,0,0,0
44721,1,0,0,0,0
44722,1,0,0,0,0
44723,1,0,0,0,0
44724,1,0,0,0,0
44725,1,0,0,0,0
44726,1,0,0,0,0
44727,1,0,0,0,0
44728,1,0,0,0,0
44729,1,0,0,0,0
44730,1,0,0,0,0
44731,1,0,0,0,0
44732,1,0,0,0,0
44733,1,0,0,0,0
44734,1,0,0,0,0
44735,1,0,0,0,0
44736,1,0,0,0,0
44737,1,0,0,0,0
44738,1,0,0,0,0
44739,1,0,0,0,0
44740,1,0,0,0,0
44741,1,0,0,0,0
44742,1,0,0,0,0
44743,1,0,0,0,0
44744,1,0,0,0,0
44745,1,0,0,0,0
44746,1,0,0,0,0
44747,1,0,0,0,0
44748,1,0,0,0,0
44749,1,0,0,0,0
44750,1,0,0,0,0
44751,1,0,0,0,0
44752,1,0,0,0,0
44753,1,0,0,0,0
44754,1,0,0,0,0
44755,1,0,0,0,0
44756,1,0,0,0,0
44757,1,0,0,0,0
44758,1,0,0,0,0
44759,1,0,0,0,0
44760,1,0,0,0,0
44761,1,0,0,0,0
44762,1,0,0,0,0
44763,1,0,0,0,0
44764,1,0,0,0,0
44765,1,0,0,0,0
44766,1,0,0,0,0
44767,1,0,0,0,0
44768,1,0,0,0,0
44769,1,0,0,0,0
44770,1,0,0,0,0
44771,1,0,0,0,0
44772,1,0,0,0,0
44773,1,0,0,0,0
44774,1,0,0,0,0
44775,1,0,0,0,0
44776,1,0,0,0,0
44777,1,0,0,0,0
44778,1,0,0,0,0
44779,1,0,0,0,0
44780,1,0,0,0,0
44781,1,0,0,0,0
44782,1,0,0,0,0
44783,1,0,0,0,0
44784,1,0,0,0,0
44785,1,0,0,0,0
44786,1,0,0,0,0
44787,1,0,0,0,0
44788,1,0,0,0,0
44789,1,0,0,0,0
44790,1,0,0,0,0
44791,1,0,0,0,0
44792,1,0,0,0,0
44793,1,0,0,0,0
44794,1,0,0,0,0
44795,1,0,0,0,0
44796,1,0,0,0,0
44797,1,0,0,0,0
44798,1,0,0,0,0
44799,1,0,0,0,0
44800,1,0,0,0,0
44801,1,0,0,0,0
44802,1,0,0,0,0
44803,1,0,0,0,0
44804,1,0,0,0,0
44805,1,0,0,0,0
44806,1,0,0,0,0
44807,1,0,0,0,0
44808,1,0,0,0,0
44809,1,0,0,0,0
44810,1,0,0,0,0
44811,1,0,0,0,0
44812,1,0,0,0,0
44813,1,0,0,0,0
44814,1,0,0,0,0
44815,1,0,0,0,0
44816,1,0,0,0,0
44817,1,0,0,0,0
44818,1,0,0,0,0
44819,1,0,0,0,0
44820,1,0,0,0,0
44821,1,0,0,0,0
44822,1,0,0,0,0
44823,1,0,0,0,0
44824,1,0,0,0,0
44825,1,0,0,0,0
44826,1,0,0,0,0
44827,1,0,0,0,0
44828,1,0,0,0,0
44829,1,0,0,0,0
44830,1,0,0,0,0
44831,1,0,0,0,0
44832,1,0,0,0,0
44833,1,0,0,0,0
44834,1,0,0,0,0
44835,1,0,0,0,0
44836,1,0,0,0,0
44837,1,0,0,0,0
44838,1,0,0,0,0
44839,1,0,0,0,0
44840,1,0,0,0,0
44841,1,0,0,0,0
44842,1,0,0,0,0
44843,1,0,0,0,0
44844,1,0,0,0,0
44845,1,0,0,0,0
44846,1,0,0,0,0
44847,1,0,0,0,0
44848,1,0,0,0,0
44849,1,0,0,0,0
44850,1,0,0,0,0
44851,1,0,0,0,0
44852,1,0,0,0,0
44853,1,0,0,0,0
44854,1,0,0,0,0
44855,1,0,0,0,0
44856,1,0,0,0,0
44857,1,0,0,0,0
44858,1,0,0,0,0
44859,1,0,0,0,0
44860,1,0,0,0,0
44861,1,0,0,0,0
44862,1,0,0,0,0
44863,1,0,0,0,0
44864,1,0,0,0,0
44865,1,0,0,0,0
44866,1,0,0,0,0
44867,1,0,0,0,0
44868,1,0,0,0,0
44869,1,0,0,0,0
44870,1,0,0,0,0
44871,1,0,0,0,0
44872,1,0,0,0,0
44873,1,0,0,0,0
44874,1,0,0,0,0
44875,1,0,0,0,0
44876,1,0,0,0,0
44877,1,0,0,0,0
44878,1,0,0,0,0
44879,1,0,0,0,0
44880,1,0,0,0,0
44881,1,0,0,0,0
44882,1,0,0,0,0
44883,1,0,0,0,0
44884,1,0,0,0,0
44885,1,0,0,0,0
44886,1,0,0,0,0
44887,1,0,0,0,0
44888,1,0,0,0,0
44889,1,0,0,0,0
44890,1,0,0,0,0
44891,1,0,0,0,0
44892,1,0,0,0,0
44893,1,0,0,0,0
44894,1,0,0,0,0
44895,1,0,0,0,0
44896,1,0,0,0,0
44897,1,0,0,0,0
44898,1,0,0,0,0
44899,1,0,0,0,0
44900,1,0,0,0,0
44901,1,0,0,0,0
44902,1,0,0,0,0
44903,1,0,0,0,0
44904,1,0,0,0,0
44905,1,0,0,0,0
44906,1,0,0,0,0
44907,1,0,0,0,0
44908,1,0,0,0,0
44909,1,0,0,0,0
44910,1,0,0,0,0
44911,1,0,0,0,0
44912,1,0,0,0,0
44913,1,0,0,0,0
44914,1,0,0,0,0
44915,1,0,0,0,0
44916,1,0,0,0,0
44917,1,0,0,0,0
44918,1,0,0,0,0
44919,1,0,0,0,0
44920,1,0,0,0,0
44921,1,0,0,0,0
44922,1,0,0,0,0
44923,1,0,0,0,0
44924,1,0,0,0,0
44925,1,0,0,0,0
44926,1,0,0,0,0
44927,1,0,0,0,0
44928,1,0,0,0,0
44929,1,0,0,0,0
44930,1,0,0,0,0
44931,1,0,0,0,0
44932,1,0,0,0,0
44933,1,0,0,0,0
44934,1,0,0,0,0
44935,1,0,0,0,0
44936,1,0,0,0,0
44937,1,0,0,0,0
44938,1,0,0,0,0
44939,1,0,0,0,0
44940,1,0,0,0,0
44941,1,0,0,0,0
44942,1,0,0,0,0
44943,1,0,0,0,0
44944,1,0,0,0,0
44945,1,0,0,0,0
44946,1,0,0,0,0
44947,1,0,0,0,0
44948,1,0,0,0,0
44949,1,0,0,0,0
44950,1,0,0,0,0
44951,1,0,0,0,0
44952,1,0,0,0,0
44953,1,0,0,0,0
44954,1,0,0,0,0
44955,1,0,0,0,0
44956,1,0,0,0,0
44957,1,0,0,0,0
44958,1,0,0,0,0
44959,1,0,0,0,0
44960,1,0,0,0,0
44961,1,0,0,0,0
44962,1,0,0,0,0
44963,1,0,0,0,0
44964,1,0,0,0,0
44965,1,0,0,0,0
44966,1,0,0,0,0
44967,1,0,0,0,0
44968,1,0,0,0,0
44969,1,0,0,0,0
44970,1,0,0,0,0
44971,1,0,0,0,0
44972,1,0,0,0,0
44973,1,0,0,0,0
44974,1,0,0,0,0
44975,1,0,0,0,0
44976,1,0,0,0,0
44977,1,0,0,0,0
44978,1,0,0,0,0
44979,1,0,0,0,0
44980,1,0,0,0,0
44981,1,0,0,0,0
44982,1,0,0,0,0
44983,1,0,0,0,0
44984,1,0,0,0,0
44985,1,0,0,0,0
44986,1,0,0,0,0
44987,1,0,0,0,0
44988,1,0,0,0,0
44989,1,0,0,0,0
44990,1,0,0,0,0
44991,1,0,0,0,0
44992,1,0,0,0,0
44993,1,0,0,0,0
44994,1,0,0,0,0
44995,1,0,0,0,0
44996,1,0,0,0,0
44997,1,0,0,0,0
44998,1,0,0,0,0
44999,1,0,0,0,0
45000,1,0,0,0,0
45001,1,0,0,0,0
45002,1,0,0,0,0
45003,1,0,0,0,0
45004,1,0,0,0,0
45005,1,0,0,0,0
45006,1,0,0,0,0
45007,1,0,0,0,0
45008,1,0,0,0,0
45009,1,0,0,0,0
45010,1,0,0,0,0
45011,1,0,0,0,0
45012,1,0,0,0,0
45013,1,0,0,0,0
45014,1,0,0,0,0
45015,1,0,0,0,0
45016,1,0,0,0,0
45017,1,0,0,0,0
45018,1,0,0,0,0
45019,1,0,0,0,0
45020,1,0,0,0,0
45021,0,1,0,0,0
45022,0,1,0,0,0
45023,0,1,0,0,0
45024,0,1,0,0,0
45025,0,1,0,0,0
45026,0,1,0,0,0
45027,0,1,0,0,0
45028,0,1,0,0,0
45029,0,1,0,0,0
45030,0,1,0,0,0
45031,0,1,0,0,0
45032,0,1,0,0,0
45033,0,1,0,0,0
45034,0,1,0,0,0
45035,0,1,0,0,0
45036,0,1,0,0,0
45037,0,1,0,0,0
45038,0,1,0,0,0
45039,0,1,0,0,0
45040,0,1,0,0,0
45041,0,1,0,0,0
45042,0,1,0,0,0
45043,0,1,0,0,0
45044,0,1,0,0,0
45045,0,1,0,0,0
45046,0,1,0,0,0
45047,0,1,0,0,0
45048,0,1,0,0,0
45049,0,1,0,0,0
45050,0,1,0,0,0
45051,0,1,0,0,0
45052,0,1,0,0,0
45053,0,1,0,0,0
45054,0,1,0,0,0
45055,0,1,0,0,0
45056,0,1,0,0,0
45057,0,1,0,0,0
45058,0,1,0,0,0
45059,0,1,0,0,0
45060,0,1,0,0,0
45061,0,1,0,0,0
45062,0,1,0,0,0
45063,0,1,0,0,0
45064,0,1,0,0,0
45065,0,1,0,0,0
45066,0,1,0,0,0
45067,0,1,0,0,0
45068,0,1,0,0,0
45069,0,1,0,0,0
45070,0,1,0,0,0
45071,0,1,0,0,0
45072,0,1,0,0,0
45073,0,1,0,0,0
45074,0,1,0,0,0
45075,0,1,0,0,0
45076,0,1,0,0,0
45077,0,1,0,0,0
45078,0,1,0,0,0
45079,0,1,0,0,0
45080,0,1,0,0,0
45081,0,1,0,0,0
45082,0,1,0,0,0
45083,0,1,0,0,0
45084,0,1,0,0,0
45085,0,1,0,0,0
45086,0,1,0,0,0
45087,0,1,0,0,0
45088,0,1,0,0,0
45089,0,1,0,0,0
45090,0,1,0,0,0
45091,0,1,0,0,0
45092,0,1,0,0,0
45093,0,1,0,0,0
45094,0,1,0,0,0
45095,0,1,0,0,0
45096,0,1,0,0,0
45097,0,1,0,0,0
45098,0,1,0,0,0
45099,0,1,0,0,0
45100,0,1,0,0,0
45101,0,1,0,0,0
45102,0,1,0,0,0
45103,0,1,0,0,0
45104,0,1,0,0,0
45105,0,1,0,0,0
45106,0,1,0,0,0
45107,0,1,0,0,0
45108,0,1,0,0,0
45109,0,1,0,0,0
45110,0,1,0,0,0
45111,0,1,0,0,0
45112,0,1,0,0,0
45113,0,1,0,0,0
45114,1,0,0,0,0
45115,1,0,0,0,0
45116,1,0,0,0,0
45117,1,0,0,0,0
45118,1,0,0,0,0
45119,1,0,0,0,0
45120,1,0,0,0,0
45121,1,0,0,0,0
45122,1,0,0,0,0
45123,1,0,0,0,0
45124,1,0,0,0,0
45125,1,0,0,0,0
45126,1,0,0,0,0
45127,1,0,0,0,0
45128,1,0,0,0,0
45129,1,0,0,0,0
45130,1,0,0,0,0
45131,1,0,0,0,0
45132,1,0,0,0,0
45133,1,0,0,0,0
45134,1,0,0,0,0
45135,1,0,0,0,0
45136,1,0,0,0,0
45137,1,0,0,0,0
45138,1,0,0,0,0
45139,1,0,0,0,0
45140,1,0,0,0,0
45141,1,0,0,0,0
45142,1,0,0,0,0
45143,1,0,0,0,0
45144,1,0,0,0,0
45145,1,0,0,0,0
45146,1,0,0,0,0
45147,1,0,0,0,0
45148,1,0,0,0,0
45149,1,0,0,0,0
45150,1,0,0,0,0
45151,1,0,0,0,0
45152,1,0,0,0,0
45153,1,0,0,0,0
45154,1,0,0,0,0
45155,1,0,0,0,0
45156,1,0,0,0,0
45157,1,0,0,0,0
45158,1,0,0,0,0
45159,1,0,0,0,0
45160,1,0,0,0,0
45161,0,0,1,0,0
45162,0,0,1,0,0
45163,0,0,1,0,0
45164,0,0,1,0,0
45165,0,0,1,0,0
45166,0,0,1,0,0
45167,0,0,1,0,0
45168,0,0,1,0,0
45169,0,0,1,0,0
45170,0,0,1,0,0
45171,0,0,1,0,0
45172,0,0,1,0,0
45173,0,0,1,0,0
45174,0,0,1,0,0
45175,0,0,1,0,0
45176,0,0,1,0,0
45177,0,0,1,0,0
45178,0,0,1,0,0
45179,0,0,1,0,0
45180,0,0,1,0,0
45181,0,0,1,0,0
45182,0,0,1,0,0
45183,0,0,1,0,0
45184,0,0,1,0,0
45185,1,0,0,0,0
45186,1,0,0,0,0
45187,1,0,0,0,0
45188,1,0,0,0,0
45189,1,0,0,0,0
45190,1,0,0,0,0
45191,1,0,0,0,0
45192,1,0,0,0,0
45193,1,0,0,0,0
45194,1,0,0,0,0
45195,1,0,0,0,0
45196,1,0,0,0,0
45197,1,0,0,0,0
45198,1,0,0,0,0
45199,1,0,0,0,0
45200,1,0,0,0,0
45201,1,0,0,0,0
45202,1,0,0,0,0
45203,1,0,0,0,0
45204,1,0,0,0,0
45205,1,0,0,0,0
45206,1,0,0,0,0
45207,1,0,0,0,0
45208,1,0,0,0,0
45209,1,0,0,0,0
45210,1,0,0,0,0
45211,1,0,0,0,0
45212,1,0,0,0,0
45213,1,0,0,0,0
45214,1,0,0,0,0
45215,1,0,0,0,0
45216,1,0,0,0,0
45217,1,0,0,0,0
45218,1,0,0,0,0
45219,1,0,0,0,0
45220,1,0,0,0,0
45221,1,0,0,0,0
45222,1,0,0,0,0
45223,1,0,0,0,0
45224,1,0,0,0,0
45225,1,0,0,0,0
45226,1,0,0,0,0
45227,1,0,0,0,0
45228,1,0,0,0,0
45229,1,0,0,0,0
45230,1,0,0,0,0
45231,1,0,0,0,0
45232,1,0,0,0,0
45233,1,0,0,0,0
45234,1,0,0,0,0
45235,1,0,0,0,0
45236,1,0,0,0,0
45237,1,0,0,0,0
45238,1,0,0,0,0
45239,1,0,0,0,0
45240,1,0,0,0,0
45241,1,0,0,0,0
45242,1,0,0,0,0
45243,1,0,0,0,0
45244,1,0,0,0,0
45245,1,0,0,0,0
45246,1,0,0,0,0
45247,1,0,0,0,0
45248,1,0,0,0,0
45249,1,0,0,0,0
45250,1,0,0,0,0
45251,1,0,0,0,0
45252,1,0,0,0,0
45253,1,0,0,0,0
45254,1,0,0,0,0
45255,1,0,0,0,0
45256,1,0,0,0,0
45257,1,0,0,0,0
45258,1,0,0,0,0
45259,1,0,0,0,0
45260,1,0,0,0,0
45261,1,0,0,0,0
45262,1,0,0,0,0
45263,1,0,0,0,0
45264,1,0,0,0,0
45265,1,0,0,0,0
45266,1,0,0,0,0
45267,1,0,0,0,0
45268,1,0,0,0,0
45269,1,0,0,0,0
45270,1,0,0,0,0
45271,1,0,0,0,0
45272,1,0,0,0,0
45273,1,0,0,0,0
45274,1,0,0,0,0
45275,1,0,0,0,0
45276,1,0,0,0,0
45277,1,0,0,0,0
45278,1,0,0,0,0
45279,1,0,0,0,0
45280,1,0,0,0,0
45281,1,0,0,0,0
45282,1,0,0,0,0
45283,1,0,0,0,0
45284,1,0,0,0,0
45285,1,0,0,0,0
45286,1,0,0,0,0
45287,1,0,0,0,0
45288,1,0,0,0,0
45289,1,0,0,0,0
45290,1,0,0,0,0
45291,1,0,0,0,0
45292,1,0,0,0,0
45293,1,0,0,0,0
45294,1,0,0,0,0
45295,1,0,0,0,0
45296,1,0,0,0,0
45297,1,0,0,0,0
45298,1,0,0,0,0
45299,1,0,0,0,0
45300,1,0,0,0,0
45301,1,0,0,0,0
45302,1,0,0,0,0
45303,1,0,0,0,0
45304,1,0,0,0,0
45305,1,0,0,0,0
45306,1,0,0,0,0
45307,1,0,0,0,0
45308,1,0,0,0,0
45309,1,0,0,0,0
45310,1,0,0,0,0
45311,1,0,0,0,0
45312,1,0,0,0,0
45313,1,0,0,0,0
45314,1,0,0,0,0
45315,1,0,0,0,0
45316,1,0,0,0,0
45317,1,0,0,0,0
45318,1,0,0,0,0
45319,1,0,0,0,0
45320,1,0,0,0,0
45321,1,0,0,0,0
45322,1,0,0,0,0
45323,1,0,0,0,0
45324,1,0,0,0,0
45325,1,0,0,0,0
45326,1,0,0,0,0
45327,1,0,0,0,0
45328,1,0,0,0,0
45329,1,0,0,0,0
45330,1,0,0,0,0
45331,1,0,0,0,0
45332,1,0,0,0,0
45333,1,0,0,0,0
45334,1,0,0,0,0
45335,1,0,0,0,0
45336,1,0,0,0,0
45337,1,0,0,0,0
45338,1,0,0,0,0
45339,1,0,0,0,0
45340,1,0,0,0,0
45341,1,0,0,0,0
45342,1,0,0,0,0
45343,1,0,0,0,0
45344,1,0,0,0,0
45345,1,0,0,0,0
45346,1,0,0,0,0
45347,1,0,0,0,0
45348,1,0,0,0,0
45349,1,0,0,0,0
45350,1,0,0,0,0
45351,1,0,0,0,0
45352,1,0,0,0,0
45353,1,0,0,0,0
45354,1,0,0,0,0
45355,1,0,0,0,0
45356,1,0,0,0,0
45357,1,0,0,0,0
45358,1,0,0,0,0
45359,1,0,0,0,0
45360,1,0,0,0,0
45361,1,0,0,0,0
45362,1,0,0,0,0
45363,1,0,0,0,0
45364,1,0,0,0,0
45365,1,0,0,0,0
45366,1,0,0,0,0
45367,1,0,0,0,0
45368,1,0,0,0,0
45369,1,0,0,0,0
45370,1,0,0,0,0
45371,1,0,0,0,0
45372,1,0,0,0,0
45373,1,0,0,0,0
45374,1,0,0,0,0
45375,1,0,0,0,0
45376,1,0,0,0,0
45377,1,0,0,0,0
45378,1,0,0,0,0
45379,1,0,0,0,0
45380,1,0,0,0,0
45381,1,0,0,0,0
45382,1,0,0,0,0
45383,1,0,0,0,0
45384,1,0,0,0,0
45385,1,0,0,0,0
45386,1,0,0,0,0
45387,1,0,0,0,0
45388,1,0,0,0,0
45389,1,0,0,0,0
45390,1,0,0,0,0
45391,1,0,0,0,0
45392,1,0,0,0,0
45393,1,0,0,0,0
45394,1,0,0,0,0
45395,1,0,0,0,0
45396,1,0,0,0,0
45397,1,0,0,0,0
45398,1,0,0,0,0
45399,1,0,0,0,0
45400,1,0,0,0,0
45401,1,0,0,0,0
45402,1,0,0,0,0
45403,1,0,0,0,0
45404,1,0,0,0,0
45405,1,0,0,0,0
45406,1,0,0,0,0
45407,1,0,0,0,0
45408,1,0,0,0,0
45409,1,0,0,0,0
45410,1,0,0,0,0
45411,1,0,0,0,0
45412,1,0,0,0,0
45413,1,0,0,0,0
45414,1,0,0,0,0
45415,1,0,0,0,0
45416,1,0,0,0,0
45417,1,0,0,0,0
45418,1,0,0,0,0
45419,1,0,0,0,0
45420,1,0,0,0,0
45421,1,0,0,0,0
45422,1,0,0,0,0
45423,1,0,0,0,0
45424,1,0,0,0,0
45425,1,0,0,0,0
45426,1,0,0,0,0
45427,1,0,0,0,0
45428,1,0,0,0,0
45429,1,0,0,0,0
45430,1,0,0,0,0
45431,1,0,0,0,0
45432,1,0,0,0,0
45433,1,0,0,0,0
45434,1,0,0,0,0
45435,1,0,0,0,0
45436,1,0,0,0,0
45437,1,0,0,0,0
45438,1,0,0,0,0
45439,1,0,0,0,0
45440,1,0,0,0,0
45441,1,0,0,0,0
45442,1,0,0,0,0
45443,1,0,0,0,0
45444,1,0,0,0,0
45445,1,0,0,0,0
45446,1,0,0,0,0
45447,1,0,0,0,0
45448,1,0,0,0,0
45449,1,0,0,0,0
45450,1,0,0,0,0
45451,1,0,0,0,0
45452,1,0,0,0,0
45453,1,0,0,0,0
45454,1,0,0,0,0
45455,1,0,0,0,0
45456,1,0,0,0,0
45457,1,0,0,0,0
45458,1,0,0,0,0
45459,1,0,0,0,0
45460,1,0,0,0,0
45461,1,0,0,0,0
45462,1,0,0,0,0
45463,1,0,0,0,0
45464,1,0,0,0,0
45465,1,0,0,0,0
45466,1,0,0,0,0
45467,1,0,0,0,0
45468,1,0,0,0,0
45469,1,0,0,0,0
45470,1,0,0,0,0
45471,1,0,0,0,0
45472,1,0,0,0,0
45473,1,0,0,0,0
45474,1,0,0,0,0
45475,1,0,0,0,0
45476,1,0,0,0,0
45477,1,0,0,0,0
45478,1,0,0,0,0
45479,1,0,0,0,0
45480,1,0,0,0,0
45481,1,0,0,0,0
45482,1,0,0,0,0
45483,1,0,0,0,0
45484,1,0,0,0,0
45485,1,0,0,0,0
45486,1,0,0,0,0
45487,1,0,0,0,0
45488,1,0,0,0,0
45489,1,0,0,0,0
45490,1,0,0,0,0
45491,1,0,0,0,0
45492,1,0,0,0,0
45493,1,0,0,0,0
45494,1,0,0,0,0
45495,1,0,0,0,0
45496,1,0,0,0,0
45497,1,0,0,0,0
45498,1,0,0,0,0
45499,1,0,0,0,0
45500,1,0,0,0,0
45501,1,0,0,0,0
45502,1,0,0,0,0
45503,1,0,0,0,0
45504,1,0,0,0,0
45505,1,0,0,0,0
45506,1,0,0,0,0
45507,1,0,0,0,0
45508,1,0,0,0,0
45509,1,0,0,0,0
45510,1,0,0,0,0
45511,1,0,0,0,0
45512,1,0,0,0,0
45513,1,0,0,0,0
45514,1,0,0,0,0
45515,1,0,0,0,0
45516,1,0,0,0,0
45517,1,0,0,0,0
45518,1,0,0,0,0
45519,1,0,0,0,0
45520,1,0,0,0,0
45521,1,0,0,0,0
45522,1,0,0,0,0
45523,1,0,0,0,0
45524,1,0,0,0,0
45525,1,0,0,0,0
45526,1,0,0,0,0
45527,1,0,0,0,0
45528,1,0,0,0,0
45529,1,0,0,0,0
45530,1,0,0,0,0
45531,1,0,0,0,0
45532,1,0,0,0,0
45533,1,0,0,0,0
45534,1,0,0,0,0
45535,1,0,0,0,0
45536,1,0,0,0,0
45537,1,0,0,0,0
45538,1,0,0,0,0
45539,1,0,0,0,0
45540,1,0,0,0,0
45541,1,0,0,0,0
45542,1,0,0,0,0
45543,1,0,0,0,0
45544,1,0,0,0,0
45545,1,0,0,0,0
45546,1,0,0,0,0
45547,1,0,0,0,0
45548,1,0,0,0,0
45549,1,0,0,0,0
45550,1,0,0,0,0
45551,1,0,0,0,0
45552,1,0,0,0,0
45553,1,0,0,0,0
45554,1,0,0,0,0
45555,1,0,0,0,0
45556,1,0,0,0,0
45557,1,0,0,0,0
45558,1,0,0,0,0
45559,1,0,0,0,0
45560,1,0,0,0,0
45561,1,0,0,0,0
45562,1,0,0,0,0
45563,1,0,0,0,0
45564,1,0,0,0,0
45565,1,0,0,0,0
45566,1,0,0,0,0
45567,1,0,0,0,0
45568,1,0,0,0,0
45569,1,0,0,0,0
45570,1,0,0,0,0
45571,1,0,0,0,0
45572,1,0,0,0,0
45573,1,0,0,0,0
45574,1,0,0,0,0
45575,1,0,0,0,0
45576,1,0,0,0,0
45577,1,0,0,0,0
45578,1,0,0,0,0
45579,1,0,0,0,0
45580,1,0,0,0,0
45581,1,0,0,0,0
45582,1,0,0,0,0
45583,1,0,0,0,0
45584,1,0,0,0,0
45585,1,0,0,0,0
45586,1,0,0,0,0
45587,1,0,0,0,0
45588,1,0,0,0,0
45589,1,0,0,0,0
45590,1,0,0,0,0
45591,1,0,0,0,0
45592,1,0,0,0,0
45593,1,0,0,0,0
45594,1,0,0,0,0
45595,1,0,0,0,0
45596,1,0,0,0,0
45597,1,0,0,0,0
45598,1,0,0,0,0
45599,1,0,0,0,0
45600,1,0,0,0,0
45601,1,0,0,0,0
45602,1,0,0,0,0
45603,1,0,0,0,0
45604,1,0,0,0,0
45605,1,0,0,0,0
45606,1,0,0,0,0
45607,1,0,0,0,0
45608,1,0,0,0,0
45609,1,0,0,0,0
45610,1,0,0,0,0
45611,1,0,0,0,0
45612,1,0,0,0,0
45613,1,0,0,0,0
45614,1,0,0,0,0
45615,1,0,0,0,0
45616,1,0,0,0,0
45617,1,0,0,0,0
45618,1,0,0,0,0
45619,1,0,0,0,0
45620,1,0,0,0,0
45621,1,0,0,0,0
45622,1,0,0,0,0
45623,1,0,0,0,0
45624,1,0,0,0,0
45625,1,0,0,0,0
45626,1,0,0,0,0
45627,1,0,0,0,0
45628,1,0,0,0,0
45629,1,0,0,0,0
45630,1,0,0,0,0
45631,1,0,0,0,0
45632,1,0,0,0,0
45633,1,0,0,0,0
45634,1,0,0,0,0
45635,1,0,0,0,0
45636,1,0,0,0,0
45637,1,0,0,0,0
45638,1,0,0,0,0
45639,1,0,0,0,0
45640,1,0,0,0,0
45641,1,0,0,0,0
45642,1,0,0,0,0
45643,1,0,0,0,0
45644,1,0,0,0,0
45645,1,0,0,0,0
45646,1,0,0,0,0
45647,1,0,0,0,0
45648,1,0,0,0,0
45649,1,0,0,0,0
45650,1,0,0,0,0
45651,1,0,0,0,0
45652,1,0,0,0,0
45653,1,0,0,0,0
45654,1,0,0,0,0
45655,1,0,0,0,0
45656,1,0,0,0,0
45657,1,0,0,0,0
45658,1,0,0,0,0
45659,1,0,0,0,0
45660,1,0,0,0,0
45661,1,0,0,0,0
45662,1,0,0,0,0
45663,1,0,0,0,0
45664,1,0,0,0,0
45665,1,0,0,0,0
45666,1,0,0,0,0
45667,1,0,0,0,0
45668,1,0,0,0,0
45669,1,0,0,0,0
45670,1,0,0,0,0
45671,1,0,0,0,0
45672,1,0,0,0,0
45673,1,0,0,0,0
45674,1,0,0,0,0
45675,1,0,0,0,0
45676,1,0,0,0,0
45677,1,0,0,0,0
45678,1,0,0,0,0
45679,1,0,0,0,0
45680,1,0,0,0,0
45681,1,0,0,0,0
45682,1,0,0,0,0
45683,1,0,0,0,0
45684,1,0,0,0,0
45685,1,0,0,0,0
45686,1,0,0,0,0
45687,1,0,0,0,0
45688,1,0,0,0,0
45689,1,0,0,0,0
45690,1,0,0,0,0
45691,1,0,0,0,0
45692,1,0,0,0,0
45693,1,0,0,0,0
45694,1,0,0,0,0
45695,1,0,0,0,0
45696,1,0,0,0,0
45697,1,0,0,0,0
45698,1,0,0,0,0
45699,1,0,0,0,0
45700,1,0,0,0,0
45701,1,0,0,0,0
45702,1,0,0,0,0
45703,1,0,0,0,0
45704,1,0,0,0,0
45705,1,0,0,0,0
45706,1,0,0,0,0
45707,1,0,0,0,0
45708,1,0,0,0,0
45709,1,0,0,0,0
45710,1,0,0,0,0
45711,1,0,0,0,0
45712,1,0,0,0,0
45713,1,0,0,0,0
45714,1,0,0,0,0
45715,1,0,0,0,0
45716,1,0,0,0,0
45717,1,0,0,0,0
45718,1,0,0,0,0
45719,1,0,0,0,0
45720,1,0,0,0,0
45721,1,0,0,0,0
45722,1,0,0,0,0
45723,1,0,0,0,0
45724,1,0,0,0,0
45725,1,0,0,0,0
45726,1,0,0,0,0
45727,1,0,0,0,0
45728,1,0,0,0,0
45729,1,0,0,0,0
45730,1,0,0,0,0
45731,1,0,0,0,0
45732,1,0,0,0,0
45733,1,0,0,0,0
45734,1,0,0,0,0
45735,1,0,0,0,0
45736,1,0,0,0,0
45737,1,0,0,0,0
45738,1,0,0,0,0
45739,1,0,0,0,0
45740,1,0,0,0,0
45741,1,0,0,0,0
45742,1,0,0,0,0
45743,1,0,0,0,0
45744,1,0,0,0,0
45745,1,0,0,0,0
45746,1,0,0,0,0
45747,1,0,0,0,0
45748,1,0,0,0,0
45749,1,0,0,0,0
45750,1,0,0,0,0
45751,1,0,0,0,0
45752,1,0,0,0,0
45753,1,0,0,0,0
45754,1,0,0,0,0
45755,1,0,0,0,0
45756,1,0,0,0,0
45757,1,0,0,0,0
45758,1,0,0,0,0
45759,1,0,0,0,0
45760,1,0,0,0,0
45761,1,0,0,0,0
45762,1,0,0,0,0
45763,1,0,0,0,0
45764,1,0,0,0,0
45765,1,0,0,0,0
45766,1,0,0,0,0
45767,1,0,0,0,0
45768,1,0,0,0,0
45769,1,0,0,0,0
45770,1,0,0,0,0
45771,1,0,0,0,0
45772,1,0,0,0,0
45773,1,0,0,0,0
45774,1,0,0,0,0
45775,1,0,0,0,0
45776,1,0,0,0,0
45777,1,0,0,0,0
45778,1,0,0,0,0
45779,1,0,0,0,0
45780,1,0,0,0,0
45781,1,0,0,0,0
45782,1,0,0,0,0
45783,1,0,0,0,0
45784,1,0,0,0,0
45785,1,0,0,0,0
45786,1,0,0,0,0
45787,1,0,0,0,0
45788,1,0,0,0,0
45789,1,0,0,0,0
45790,1,0,0,0,0
45791,1,0,0,0,0
45792,1,0,0,0,0
45793,1,0,0,0,0
45794,1,0,0,0,0
45795,1,0,0,0,0
45796,1,0,0,0,0
45797,1,0,0,0,0
45798,1,0,0,0,0
45799,1,0,0,0,0
45800,1,0,0,0,0
45801,1,0,0,0,0
45802,1,0,0,0,0
45803,1,0,0,0,0
45804,1,0,0,0,0
45805,1,0,0,0,0
45806,1,0,0,0,0
45807,1,0,0,0,0
45808,1,0,0,0,0
45809,1,0,0,0,0
45810,1,0,0,0,0
45811,1,0,0,0,0
45812,1,0,0,0,0
45813,1,0,0,0,0
45814,1,0,0,0,0
45815,1,0,0,0,0
45816,1,0,0,0,0
45817,1,0,0,0,0
45818,1,0,0,0,0
45819,1,0,0,0,0
45820,1,0,0,0,0
45821,1,0,0,0,0
45822,1,0,0,0,0
45823,1,0,0,0,0
45824,1,0,0,0,0
45825,1,0,0,0,0
45826,1,0,0,0,0
45827,1,0,0,0,0
45828,1,0,0,0,0
45829,1,0,0,0,0
45830,1,0,0,0,0
45831,1,0,0,0,0
45832,1,0,0,0,0
45833,1,0,0,0,0
45834,1,0,0,0,0
45835,1,0,0,0,0
45836,1,0,0,0,0
45837,1,0,0,0,0
45838,1,0,0,0,0
45839,1,0,0,0,0
45840,1,0,0,0,0
45841,1,0,0,0,0
45842,1,0,0,0,0
45843,1,0,0,0,0
45844,1,0,0,0,0
45845,1,0,0,0,0
45846,1,0,0,0,0
45847,1,0,0,0,0
45848,1,0,0,0,0
45849,1,0,0,0,0
45850,1,0,0,0,0
45851,1,0,0,0,0
45852,1,0,0,0,0
45853,1,0,0,0,0
45854,1,0,0,0,0
45855,1,0,0,0,0
45856,1,0,0,0,0
45857,1,0,0,0,0
45858,1,0,0,0,0
45859,1,0,0,0,0
45860,1,0,0,0,0
45861,1,0,0,0,0
45862,1,0,0,0,0
45863,1,0,0,0,0
45864,1,0,0,0,0
45865,1,0,0,0,0
45866,1,0,0,0,0
45867,1,0,0,0,0
45868,1,0,0,0,0
45869,1,0,0,0,0
45870,1,0,0,0,0
45871,1,0,0,0,0
45872,1,0,0,0,0
45873,1,0,0,0,0
45874,1,0,0,0,0
45875,1,0,0,0,0
45876,1,0,0,0,0
45877,1,0,0,0,0
45878,1,0,0,0,0
45879,1,0,0,0,0
45880,1,0,0,0,0
45881,1,0,0,0,0
45882,1,0,0,0,0
45883,1,0,0,0,0
45884,1,0,0,0,0
45885,1,0,0,0,0
45886,1,0,0,0,0
45887,1,0,0,0,0
45888,1,0,0,0,0
45889,1,0,0,0,0
45890,1,0,0,0,0
45891,1,0,0,0,0
45892,1,0,0,0,0
45893,1,0,0,0,0
45894,1,0,0,0,0
45895,1,0,0,0,0
45896,1,0,0,0,0
45897,1,0,0,0,0
45898,1,0,0,0,0
45899,1,0,0,0,0
45900,1,0,0,0,0
45901,1,0,0,0,0
45902,1,0,0,0,0
45903,1,0,0,0,0
45904,1,0,0,0,0
45905,1,0,0,0,0
45906,1,0,0,0,0
45907,1,0,0,0,0
45908,1,0,0,0,0
45909,1,0,0,0,0
45910,1,0,0,0,0
45911,1,0,0,0,0
45912,1,0,0,0,0
45913,1,0,0,0,0
45914,1,0,0,0,0
45915,1,0,0,0,0
45916,1,0,0,0,0
45917,1,0,0,0,0
45918,1,0,0,0,0
45919,1,0,0,0,0
45920,1,0,0,0,0
45921,1,0,0,0,0
45922,1,0,0,0,0
45923,1,0,0,0,0
45924,1,0,0,0,0
45925,1,0,0,0,0
45926,1,0,0,0,0
45927,1,0,0,0,0
45928,1,0,0,0,0
45929,1,0,0,0,0
45930,1,0,0,0,0
45931,1,0,0,0,0
45932,1,0,0,0,0
45933,1,0,0,0,0
45934,1,0,0,0,0
45935,1,0,0,0,0
45936,1,0,0,0,0
45937,1,0,0,0,0
45938,1,0,0,0,0
45939,1,0,0,0,0
45940,1,0,0,0,0
45941,1,0,0,0,0
45942,1,0,0,0,0
45943,1,0,0,0,0
45944,1,0,0,0,0
45945,1,0,0,0,0
45946,1,0,0,0,0
45947,1,0,0,0,0
45948,1,0,0,0,0
45949,1,0,0,0,0
45950,1,0,0,0,0
45951,1,0,0,0,0
45952,1,0,0,0,0
45953,1,0,0,0,0
45954,1,0,0,0,0
45955,1,0,0,0,0
45956,1,0,0,0,0
45957,1,0,0,0,0
45958,1,0,0,0,0
45959,1,0,0,0,0
45960,1,0,0,0,0
45961,1,0,0,0,0
45962,1,0,0,0,0
45963,1,0,0,0,0
45964,1,0,0,0,0
45965,1,0,0,0,0
45966,1,0,0,0,0
45967,1,0,0,0,0
45968,1,0,0,0,0
45969,1,0,0,0,0
45970,1,0,0,0,0
45971,1,0,0,0,0
45972,1,0,0,0,0
45973,1,0,0,0,0
45974,1,0,0,0,0
45975,1,0,0,0,0
45976,1,0,0,0,0
45977,1,0,0,0,0
45978,1,0,0,0,0
45979,1,0,0,0,0
45980,1,0,0,0,0
45981,1,0,0,0,0
45982,1,0,0,0,0
45983,1,0,0,0,0
45984,1,0,0,0,0
45985,1,0,0,0,0
45986,1,0,0,0,0
45987,1,0,0,0,0
45988,1,0,0,0,0
45989,1,0,0,0,0
45990,1,0,0,0,0
45991,1,0,0,0,0
45992,1,0,0,0,0
45993,1,0,0,0,0
45994,1,0,0,0,0
45995,1,0,0,0,0
45996,1,0,0,0,0
45997,1,0,0,0,0
45998,1,0,0,0,0
45999,1,0,0,0,0
46000,1,0,0,0,0
46001,1,0,0,0,0
46002,1,0,0,0,0
46003,1,0,0,0,0
46004,1,0,0,0,0
46005,1,0,0,0,0
46006,1,0,0,0,0
46007,1,0,0,0,0
46008,1,0,0,0,0
46009,1,0,0,0,0
46010,1,0,0,0,0
46011,1,0,0,0,0
46012,1,0,0,0,0
46013,1,0,0,0,0
46014,1,0,0,0,0
46015,1,0,0,0,0
46016,1,0,0,0,0
46017,1,0,0,0,0
46018,1,0,0,0,0
46019,1,0,0,0,0
46020,1,0,0,0,0
46021,1,0,0,0,0
46022,1,0,0,0,0
46023,1,0,0,0,0
46024,1,0,0,0,0
46025,1,0,0,0,0
46026,1,0,0,0,0
46027,1,0,0,0,0
46028,1,0,0,0,0
46029,1,0,0,0,0
46030,1,0,0,0,0
46031,1,0,0,0,0
46032,1,0,0,0,0
46033,1,0,0,0,0
46034,1,0,0,0,0
46035,1,0,0,0,0
46036,1,0,0,0,0
46037,1,0,0,0,0
46038,1,0,0,0,0
46039,1,0,0,0,0
46040,1,0,0,0,0
46041,1,0,0,0,0
46042,1,0,0,0,0
46043,1,0,0,0,0
46044,1,0,0,0,0
46045,1,0,0,0,0
46046,1,0,0,0,0
46047,1,0,0,0,0
46048,1,0,0,0,0
46049,1,0,0,0,0
46050,1,0,0,0,0
46051,1,0,0,0,0
46052,1,0,0,0,0
46053,1,0,0,0,0
46054,1,0,0,0,0
46055,1,0,0,0,0
46056,1,0,0,0,0
46057,1,0,0,0,0
46058,1,0,0,0,0
46059,1,0,0,0,0
46060,1,0,0,0,0
46061,1,0,0,0,0
46062,1,0,0,0,0
46063,1,0,0,0,0
46064,1,0,0,0,0
46065,1,0,0,0,0
46066,1,0,0,0,0
46067,1,0,0,0,0
46068,1,0,0,0,0
46069,1,0,0,0,0
46070,1,0,0,0,0
46071,1,0,0,0,0
46072,1,0,0,0,0
46073,1,0,0,0,0
46074,1,0,0,0,0
46075,1,0,0,0,0
46076,1,0,0,0,0
46077,1,0,0,0,0
46078,1,0,0,0,0
46079,1,0,0,0,0
46080,1,0,0,0,0
46081,1,0,0,0,0
46082,1,0,0,0,0
46083,1,0,0,0,0
46084,1,0,0,0,0
46085,1,0,0,0,0
46086,1,0,0,0,0
46087,1,0,0,0,0
46088,1,0,0,0,0
46089,1,0,0,0,0
46090,1,0,0,0,0
46091,1,0,0,0,0
46092,1,0,0,0,0
46093,1,0,0,0,0
46094,1,0,0,0,0
46095,1,0,0,0,0
46096,1,0,0,0,0
46097,1,0,0,0,0
46098,1,0,0,0,0
46099,1,0,0,0,0
46100,1,0,0,0,0
46101,1,0,0,0,0
46102,1,0,0,0,0
46103,1,0,0,0,0
46104,1,0,0,0,0
46105,1,0,0,0,0
46106,1,0,0,0,0
46107,1,0,0,0,0
46108,1,0,0,0,0
46109,1,0,0,0,0
46110,1,0,0,0,0
46111,1,0,0,0,0
46112,1,0,0,0,0
46113,1,0,0,0,0
46114,1,0,0,0,0
46115,1,0,0,0,0
46116,1,0,0,0,0
46117,1,0,0,0,0
46118,1,0,0,0,0
46119,1,0,0,0,0
46120,1,0,0,0,0
46121,1,0,0,0,0
46122,1,0,0,0,0
46123,1,0,0,0,0
46124,1,0,0,0,0
46125,1,0,0,0,0
46126,1,0,0,0,0
46127,1,0,0,0,0
46128,1,0,0,0,0
46129,1,0,0,0,0
46130,1,0,0,0,0
46131,1,0,0,0,0
46132,0,0,0,0,1
46133,0,0,0,0,1
46134,0,0,0,0,1
46135,0,0,0,0,1
46136,0,0,0,0,1
46137,0,0,0,0,1
46138,0,0,0,0,1
46139,0,0,0,0,1
46140,0,0,0,0,1
46141,0,0,0,0,1
46142,0,0,0,0,1
46143,0,0,0,0,1
46144,0,0,0,0,1
46145,0,0,0,0,1
46146,0,0,0,0,1
46147,0,0,0,0,1
46148,0,0,0,0,1
46149,0,0,0,0,1
46150,0,0,0,0,1
46151,0,0,0,0,1
46152,0,0,0,0,1
46153,0,0,0,0,1
46154,0,0,0,0,1
46155,0,0,0,0,1
46156,0,0,0,0,1
46157,0,0,0,0,1
46158,0,0,0,0,1
46159,0,0,0,0,1
46160,0,0,0,0,1
46161,0,0,0,0,1
46162,0,0,0,0,1
46163,0,0,0,0,1
46164,0,0,0,0,1
46165,0,0,0,0,1
46166,0,0,0,0,1
46167,0,0,0,0,1
46168,0,0,0,0,1
46169,0,0,0,0,1
46170,0,0,0,0,1
46171,0,0,0,0,1
46172,0,0,0,0,1
46173,1,0,0,0,0
46174,1,0,0,0,0
46175,1,0,0,0,0
46176,1,0,0,0,0
46177,1,0,0,0,0
46178,1,0,0,0,0
46179,1,0,0,0,0
46180,1,0,0,0,0
46181,1,0,0,0,0
46182,1,0,0,0,0
46183,1,0,0,0,0
46184,1,0,0,0,0
46185,1,0,0,0,0
46186,1,0,0,0,0
46187,1,0,0,0,0
46188,1,0,0,0,0
46189,1,0,0,0,0
46190,1,0,0,0,0
46191,1,0,0,0,0
46192,0,0,0,0,1
46193,0,0,0,0,1
46194,0,0,0,0,1
46195,0,0,0,0,1
46196,0,0,0,0,1
46197,0,0,0,0,1
46198,0,0,0,0,1
46199,0,0,0,0,1
46200,0,0,0,0,1
46201,0,0,0,0,1
46202,0,0,0,0,1
46203,0,0,0,0,1
46204,0,0,0,0,1
46205,0,0,0,0,1
46206,0,0,0,0,1
46207,0,0,0,0,1
46208,0,0,0,0,1
46209,0,0,0,0,1
46210,0,0,0,0,1
46211,0,0,0,0,1
46212,0,0,0,0,1
46213,0,0,0,0,1
46214,0,0,0,0,1
46215,0,0,0,0,1
46216,0,0,0,0,1
46217,0,0,0,0,1
46218,0,0,0,0,1
46219,0,0,0,0,1
46220,0,0,0,0,1
46221,0,0,0,0,1
46222,0,0,0,0,1
46223,0,0,0,0,1
46224,0,0,0,0,1
46225,0,0,0,0,1
46226,0,0,0,0,1
46227,0,0,0,0,1
46228,0,0,0,0,1
46229,0,0,0,0,1
46230,0,0,0,0,1
46231,0,0,0,0,1
46232,0,0,0,0,1
46233,0,0,0,0,1
46234,0,0,0,0,1
46235,0,0,0,0,1
46236,0,0,0,0,1
46237,0,0,0,0,1
46238,0,0,0,0,1
46239,0,0,0,0,1
46240,0,0,0,0,1
46241,0,0,0,0,1
46242,0,0,0,0,1
46243,0,0,0,0,1
46244,0,0,0,0,1
46245,0,0,0,0,1
46246,0,0,0,0,1
46247,0,0,0,0,1
46248,0,0,0,0,1
46249,0,0,0,0,1
46250,0,0,0,0,1
46251,0,0,0,0,1
46252,0,0,0,0,1
46253,0,0,0,0,1
46254,0,0,0,0,1
46255,0,0,0,0,1
46256,0,0,0,0,1
46257,0,0,0,0,1
46258,0,0,0,0,1
46259,0,0,0,0,1
46260,0,0,0,0,1
46261,0,0,0,0,1
46262,0,0,0,0,1
46263,0,0,0,0,1
46264,0,0,0,0,1
46265,0,0,0,0,1
46266,0,0,0,0,1
46267,0,0,0,0,1
46268,0,0,0,0,1
46269,0,0,0,0,1
46270,0,0,0,0,1
46271,0,0,0,0,1
46272,0,0,0,0,1
46273,0,0,0,0,1
46274,0,0,0,0,1
46275,0,0,0,0,1
46276,0,0,0,0,1
46277,0,0,0,0,1
46278,0,0,0,0,1
46279,0,0,0,0,1
46280,0,0,0,0,1
46281,0,0,0,0,1
46282,0,0,0,0,1
46283,0,0,0,0,1
46284,0,0,0,0,1
46285,0,0,0,0,1
46286,0,0,0,0,1
46287,0,0,0,0,1
46288,0,0,0,0,1
46289,0,0,0,0,1
46290,1,0,0,0,0
46291,1,0,0,0,0
46292,1,0,0,0,0
46293,1,0,0,0,0
46294,1,0,0,0,0
46295,1,0,0,0,0
46296,1,0,0,0,0
46297,1,0,0,0,0
46298,1,0,0,0,0
46299,1,0,0,0,0
46300,1,0,0,0,0
46301,1,0,0,0,0
46302,1,0,0,0,0
46303,1,0,0,0,0
46304,1,0,0,0,0
46305,1,0,0,0,0
46306,1,0,0,0,0
46307,1,0,0,0,0
46308,1,0,0,0,0
46309,1,0,0,0,0
46310,1,0,0,0,0
46311,1,0,0,0,0
46312,1,0,0,0,0
46313,1,0,0,0,0
46314,1,0,0,0,0
46315,1,0,0,0,0
46316,1,0,0,0,0
46317,1,0,0,0,0
46318,1,0,0,0,0
46319,1,0,0,0,0
46320,1,0,0,0,0
46321,1,0,0,0,0
46322,1,0,0,0,0
46323,1,0,0,0,0
46324,1,0,0,0,0
46325,1,0,0,0,0
46326,1,0,0,0,0
46327,1,0,0,0,0
46328,1,0,0,0,0
46329,1,0,0,0,0
46330,1,0,0,0,0
46331,1,0,0,0,0
46332,1,0,0,0,0
46333,1,0,0,0,0
46334,1,0,0,0,0
46335,1,0,0,0,0
46336,1,0,0,0,0
46337,1,0,0,0,0
46338,1,0,0,0,0
46339,1,0,0,0,0
46340,1,0,0,0,0
46341,1,0,0,0,0
46342,1,0,0,0,0
46343,1,0,0,0,0
46344,1,0,0,0,0
46345,1,0,0,0,0
46346,1,0,0,0,0
46347,1,0,0,0,0
46348,1,0,0,0,0
46349,0,0,0,0,1
46350,0,0,0,0,1
46351,0,0,0,0,1
46352,0,0,0,0,1
46353,0,0,0,0,1
46354,0,0,0,0,1
46355,0,0,0,0,1
46356,0,0,0,0,1
46357,0,0,0,0,1
46358,0,0,0,0,1
46359,0,0,0,0,1
46360,0,0,0,0,1
46361,0,0,0,0,1
46362,0,0,0,0,1
46363,0,0,0,0,1
46364,0,0,0,0,1
46365,0,0,0,0,1
46366,0,0,0,0,1
46367,0,0,0,0,1
46368,0,0,0,0,1
46369,0,0,0,0,1
46370,0,0,0,0,1
46371,0,0,0,0,1
46372,0,0,0,0,1
46373,0,0,0,0,1
46374,0,0,0,0,1
46375,0,0,0,0,1
46376,0,0,0,0,1
46377,0,0,0,0,1
46378,0,0,0,0,1
46379,0,0,0,0,1
46380,0,0,0,0,1
46381,0,0,0,0,1
46382,0,0,0,0,1
46383,0,0,0,0,1
46384,0,0,0,0,1
46385,0,0,0,0,1
46386,0,0,0,0,1
46387,0,0,0,0,1
46388,0,0,0,0,1
46389,0,0,0,0,1
46390,0,0,0,0,1
46391,0,0,0,0,1
46392,0,0,0,0,1
46393,0,0,0,0,1
46394,0,0,0,0,1
46395,0,0,0,0,1
46396,0,0,0,0,1
46397,0,0,0,0,1
46398,0,0,0,0,1
46399,0,0,0,0,1
46400,0,0,0,0,1
46401,0,0,0,0,1
46402,0,0,0,0,1
46403,0,0,0,0,1
46404,0,0,0,0,1
46405,0,0,0,0,1
46406,0,0,0,0,1
46407,0,0,0,0,1
46408,0,0,0,0,1
46409,0,0,0,0,1
46410,0,0,0,0,1
46411,0,0,0,0,1
46412,0,0,0,0,1
46413,0,0,0,0,1
46414,0,0,0,0,1
46415,0,0,0,0,1
46416,0,0,0,0,1
46417,0,0,0,0,1
46418,0,0,0,0,1
46419,0,0,0,0,1
46420,0,0,0,0,1
46421,0,0,0,0,1
46422,0,0,0,0,1
46423,0,0,0,0,1
46424,0,0,0,0,1
46425,0,0,0,0,1
46426,0,0,0,0,1
46427,0,0,0,0,1
46428,0,0,0,0,1
46429,0,0,0,0,1
46430,0,0,0,0,1
46431,0,0,0,0,1
46432,0,0,0,0,1
46433,0,0,0,0,1
46434,0,0,0,0,1
46435,0,0,0,0,1
46436,0,0,0,0,1
46437,0,0,0,0,1
46438,0,0,0,0,1
46439,0,0,0,0,1
46440,0,0,0,0,1
46441,0,0,0,0,1
46442,0,0,0,0,1
46443,0,0,0,0,1
46444,0,0,0,0,1
46445,0,0,0,0,1
46446,0,0,0,0,1
46447,0,0,0,0,1
46448,0,0,0,0,1
46449,0,0,0,0,1
46450,0,0,0,0,1
46451,0,0,0,0,1
46452,0,0,0,0,1
46453,0,0,0,0,1
46454,0,0,0,0,1
46455,0,0,0,0,1
46456,0,0,0,0,1
46457,0,0,0,0,1
46458,0,0,0,0,1
46459,0,0,0,0,1
46460,0,0,0,0,1
46461,0,0,0,0,1
46462,0,0,0,0,1
46463,0,0,0,0,1
46464,0,0,0,0,1
46465,0,0,0,0,1
46466,0,0,0,0,1
46467,0,0,0,0,1
46468,0,0,0,0,1
46469,0,0,0,0,1
46470,0,0,0,0,1
46471,0,0,0,0,1
46472,0,0,0,0,1
46473,0,0,0,0,1
46474,0,0,0,0,1
46475,0,0,0,0,1
46476,0,0,0,0,1
46477,0,0,0,0,1
46478,0,0,0,0,1
46479,0,0,0,0,1
46480,0,0,0,0,1
46481,0,0,0,0,1
46482,0,0,0,0,1
46483,0,0,0,0,1
46484,0,0,0,0,1
46485,0,0,0,0,1
46486,0,0,0,0,1
46487,0,0,0,0,1
46488,0,0,0,0,1
46489,0,0,0,0,1
46490,0,0,0,0,1
46491,0,0,0,0,1
46492,0,0,0,0,1
46493,0,0,0,0,1
46494,0,0,0,0,1
46495,0,0,0,0,1
46496,0,0,0,0,1
46497,0,0,0,0,1
46498,0,0,0,0,1
46499,0,0,0,0,1
46500,0,0,0,0,1
46501,0,0,0,0,1
46502,0,0,0,0,1
46503,0,0,0,0,1
46504,0,0,0,0,1
46505,0,0,0,0,1
46506,0,0,0,0,1
46507,0,0,0,0,1
46508,0,0,0,0,1
46509,0,0,0,0,1
46510,0,0,0,0,1
46511,0,0,0,0,1
46512,0,0,0,0,1
46513,0,0,0,0,1
46514,0,0,0,0,1
46515,0,0,0,0,1
46516,0,0,0,0,1
46517,0,0,0,0,1
46518,0,0,0,0,1
46519,0,0,0,0,1
46520,0,0,0,0,1
46521,0,0,0,0,1
46522,0,0,0,0,1
46523,0,0,0,0,1
46524,0,0,0,0,1
46525,0,0,0,0,1
46526,0,0,0,0,1
46527,0,0,0,0,1
46528,0,0,0,0,1
46529,0,0,0,0,1
46530,0,0,0,0,1
46531,0,0,0,0,1
46532,0,0,0,0,1
46533,0,0,0,0,1
46534,0,0,0,0,1
46535,0,0,0,0,1
46536,0,0,0,0,1
46537,0,0,0,0,1
46538,0,0,0,0,1
46539,0,0,0,0,1
46540,0,0,0,0,1
46541,0,0,0,0,1
46542,0,0,0,0,1
46543,0,0,0,0,1
46544,0,0,0,0,1
46545,0,0,0,0,1
46546,0,0,0,0,1
46547,0,0,0,0,1
46548,0,0,0,0,1
46549,0,0,0,0,1
46550,0,0,0,0,1
46551,0,0,0,0,1
46552,0,0,0,0,1
46553,0,0,0,0,1
46554,0,0,0,0,1
46555,0,0,0,0,1
46556,0,0,0,0,1
46557,0,0,0,0,1
46558,0,0,0,0,1
46559,0,0,0,0,1
46560,0,0,0,0,1
46561,0,0,0,0,1
46562,0,0,0,0,1
46563,0,0,0,0,1
46564,0,0,0,0,1
46565,0,0,0,0,1
46566,0,0,0,0,1
46567,0,0,0,0,1
46568,0,0,0,0,1
46569,0,0,0,0,1
46570,0,0,0,0,1
46571,0,0,0,0,1
46572,0,0,0,0,1
46573,0,0,0,0,1
46574,0,0,0,0,1
46575,0,0,0,0,1
46576,0,0,0,0,1
46577,0,0,0,0,1
46578,0,0,0,0,1
46579,0,0,0,0,1
46580,0,0,0,0,1
46581,0,0,0,0,1
46582,0,0,0,0,1
46583,0,0,0,0,1
46584,1,0,0,0,0
46585,1,0,0,0,0
46586,1,0,0,0,0
46587,1,0,0,0,0
46588,1,0,0,0,0
46589,1,0,0,0,0
46590,1,0,0,0,0
46591,1,0,0,0,0
46592,1,0,0,0,0
46593,1,0,0,0,0
46594,1,0,0,0,0
46595,1,0,0,0,0
46596,1,0,0,0,0
46597,1,0,0,0,0
46598,1,0,0,0,0
46599,1,0,0,0,0
46600,1,0,0,0,0
46601,1,0,0,0,0
46602,1,0,0,0,0
46603,1,0,0,0,0
46604,1,0,0,0,0
46605,1,0,0,0,0
46606,1,0,0,0,0
46607,1,0,0,0,0
46608,1,0,0,0,0
46609,1,0,0,0,0
46610,1,0,0,0,0
46611,1,0,0,0,0
46612,1,0,0,0,0
46613,1,0,0,0,0
46614,1,0,0,0,0
46615,1,0,0,0,0
46616,1,0,0,0,0
46617,1,0,0,0,0
46618,1,0,0,0,0
46619,1,0,0,0,0
46620,1,0,0,0,0
46621,1,0,0,0,0
46622,1,0,0,0,0
46623,1,0,0,0,0
46624,1,0,0,0,0
46625,1,0,0,0,0
46626,1,0,0,0,0
46627,0,0,1,0,0
46628,0,0,1,0,0
46629,0,0,1,0,0
46630,0,0,1,0,0
46631,0,0,1,0,0
46632,0,0,1,0,0
46633,0,0,1,0,0
46634,0,0,1,0,0
46635,0,0,1,0,0
46636,0,0,1,0,0
46637,0,0,1,0,0
46638,0,0,1,0,0
46639,0,0,1,0,0
46640,0,0,1,0,0
46641,0,0,1,0,0
46642,0,0,1,0,0
46643,0,0,1,0,0
46644,0,0,1,0,0
46645,0,0,1,0,0
46646,0,0,1,0,0
46647,0,0,1,0,0
46648,0,0,1,0,0
46649,0,0,1,0,0
46650,0,0,1,0,0
46651,0,0,1,0,0
46652,0,0,1,0,0
46653,0,0,1,0,0
46654,0,0,1,0,0
46655,0,0,1,0,0
46656,0,0,1,0,0
46657,0,0,1,0,0
46658,0,0,1,0,0
46659,0,0,1,0,0
46660,0,0,1,0,0
46661,1,0,0,0,0
46662,1,0,0,0,0
46663,1,0,0,0,0
46664,1,0,0,0,0
46665,1,0,0,0,0
46666,1,0,0,0,0
46667,1,0,0,0,0
46668,1,0,0,0,0
46669,1,0,0,0,0
46670,1,0,0,0,0
46671,1,0,0,0,0
46672,1,0,0,0,0
46673,1,0,0,0,0
46674,1,0,0,0,0
46675,1,0,0,0,0
46676,1,0,0,0,0
46677,1,0,0,0,0
46678,1,0,0,0,0
46679,1,0,0,0,0
46680,1,0,0,0,0
46681,1,0,0,0,0
46682,1,0,0,0,0
46683,1,0,0,0,0
46684,1,0,0,0,0
46685,1,0,0,0,0
46686,1,0,0,0,0
46687,1,0,0,0,0
46688,1,0,0,0,0
46689,1,0,0,0,0
46690,1,0,0,0,0
46691,1,0,0,0,0
46692,1,0,0,0,0
46693,1,0,0,0,0
46694,1,0,0,0,0
46695,1,0,0,0,0
46696,1,0,0,0,0
46697,1,0,0,0,0
46698,1,0,0,0,0
46699,1,0,0,0,0
46700,1,0,0,0,0
46701,1,0,0,0,0
46702,1,0,0,0,0
46703,1,0,0,0,0
46704,1,0,0,0,0
46705,1,0,0,0,0
46706,1,0,0,0,0
46707,1,0,0,0,0
46708,1,0,0,0,0
46709,1,0,0,0,0
46710,1,0,0,0,0
46711,1,0,0,0,0
46712,1,0,0,0,0
46713,1,0,0,0,0
46714,1,0,0,0,0
46715,1,0,0,0,0
46716,1,0,0,0,0
46717,1,0,0,0,0
46718,1,0,0,0,0
46719,1,0,0,0,0
46720,1,0,0,0,0
46721,1,0,0,0,0
46722,1,0,0,0,0
46723,1,0,0,0,0
46724,1,0,0,0,0
46725,1,0,0,0,0
46726,1,0,0,0,0
46727,1,0,0,0,0
46728,1,0,0,0,0
46729,1,0,0,0,0
46730,1,0,0,0,0
46731,1,0,0,0,0
46732,1,0,0,0,0
46733,1,0,0,0,0
46734,1,0,0,0,0
46735,1,0,0,0,0
46736,1,0,0,0,0
46737,1,0,0,0,0
46738,1,0,0,0,0
46739,1,0,0,0,0
46740,1,0,0,0,0
46741,1,0,0,0,0
46742,1,0,0,0,0
46743,1,0,0,0,0
46744,1,0,0,0,0
46745,1,0,0,0,0
46746,1,0,0,0,0
46747,1,0,0,0,0
46748,1,0,0,0,0
46749,1,0,0,0,0
46750,1,0,0,0,0
46751,1,0,0,0,0
46752,1,0,0,0,0
46753,1,0,0,0,0
46754,1,0,0,0,0
46755,1,0,0,0,0
46756,1,0,0,0,0
46757,1,0,0,0,0
46758,1,0,0,0,0
46759,1,0,0,0,0
46760,1,0,0,0,0
46761,1,0,0,0,0
46762,1,0,0,0,0
46763,1,0,0,0,0
46764,1,0,0,0,0
46765,1,0,0,0,0
46766,1,0,0,0,0
46767,1,0,0,0,0
46768,1,0,0,0,0
46769,1,0,0,0,0
46770,1,0,0,0,0
46771,1,0,0,0,0
46772,1,0,0,0,0
46773,1,0,0,0,0
46774,1,0,0,0,0
46775,1,0,0,0,0
46776,1,0,0,0,0
46777,1,0,0,0,0
46778,1,0,0,0,0
46779,1,0,0,0,0
46780,1,0,0,0,0
46781,1,0,0,0,0
46782,1,0,0,0,0
46783,1,0,0,0,0
46784,1,0,0,0,0
46785,1,0,0,0,0
46786,1,0,0,0,0
46787,1,0,0,0,0
46788,1,0,0,0,0
46789,1,0,0,0,0
46790,1,0,0,0,0
46791,1,0,0,0,0
46792,1,0,0,0,0
46793,1,0,0,0,0
46794,1,0,0,0,0
46795,1,0,0,0,0
46796,1,0,0,0,0
46797,1,0,0,0,0
46798,1,0,0,0,0
46799,1,0,0,0,0
46800,1,0,0,0,0
46801,1,0,0,0,0
46802,1,0,0,0,0
46803,1,0,0,0,0
46804,1,0,0,0,0
46805,1,0,0,0,0
46806,1,0,0,0,0
46807,1,0,0,0,0
46808,1,0,0,0,0
46809,1,0,0,0,0
46810,1,0,0,0,0
46811,1,0,0,0,0
46812,1,0,0,0,0
46813,1,0,0,0,0
46814,1,0,0,0,0
46815,1,0,0,0,0
46816,1,0,0,0,0
46817,1,0,0,0,0
46818,1,0,0,0,0
46819,1,0,0,0,0
46820,1,0,0,0,0
46821,1,0,0,0,0
46822,1,0,0,0,0
46823,1,0,0,0,0
46824,1,0,0,0,0
46825,1,0,0,0,0
46826,1,0,0,0,0
46827,1,0,0,0,0
46828,1,0,0,0,0
46829,1,0,0,0,0
46830,1,0,0,0,0
46831,1,0,0,0,0
46832,1,0,0,0,0
46833,1,0,0,0,0
46834,1,0,0,0,0
46835,1,0,0,0,0
46836,1,0,0,0,0
46837,1,0,0,0,0
46838,1,0,0,0,0
46839,1,0,0,0,0
46840,1,0,0,0,0
46841,1,0,0,0,0
46842,1,0,0,0,0
46843,1,0,0,0,0
46844,1,0,0,0,0
46845,1,0,0,0,0
46846,1,0,0,0,0
46847,1,0,0,0,0
46848,1,0,0,0,0
46849,1,0,0,0,0
46850,1,0,0,0,0
46851,1,0,0,0,0
46852,1,0,0,0,0
46853,1,0,0,0,0
46854,1,0,0,0,0
46855,1,0,0,0,0
46856,1,0,0,0,0
46857,1,0,0,0,0
46858,1,0,0,0,0
46859,1,0,0,0,0
46860,1,0,0,0,0
46861,1,0,0,0,0
46862,1,0,0,0,0
46863,1,0,0,0,0
46864,1,0,0,0,0
46865,1,0,0,0,0
46866,1,0,0,0,0
46867,1,0,0,0,0
46868,1,0,0,0,0
46869,1,0,0,0,0
46870,1,0,0,0,0
46871,1,0,0,0,0
46872,1,0,0,0,0
46873,1,0,0,0,0
46874,1,0,0,0,0
46875,1,0,0,0,0
46876,1,0,0,0,0
46877,1,0,0,0,0
46878,1,0,0,0,0
46879,1,0,0,0,0
46880,1,0,0,0,0
46881,1,0,0,0,0
46882,1,0,0,0,0
46883,0,0,0,0,1
46884,0,0,0,0,1
46885,0,0,0,0,1
46886,0,0,0,0,1
46887,0,0,0,0,1
46888,0,0,0,0,1
46889,0,0,0,0,1
46890,0,0,0,0,1
46891,0,0,0,0,1
46892,0,0,0,0,1
46893,0,0,0,0,1
46894,0,0,0,0,1
46895,0,0,0,0,1
46896,0,0,0,0,1
46897,0,0,0,0,1
46898,0,0,0,0,1
46899,0,0,0,0,1
46900,0,0,0,0,1
46901,0,0,0,0,1
46902,0,0,0,0,1
46903,0,0,0,0,1
46904,0,0,0,0,1
46905,0,0,0,0,1
46906,0,0,0,0,1
46907,0,0,0,0,1
46908,0,0,0,0,1
46909,0,0,0,0,1
46910,0,0,0,0,1
46911,0,0,0,0,1
46912,0,0,0,0,1
46913,0,0,0,0,1
46914,0,0,0,0,1
46915,0,0,0,0,1
46916,0,0,0,0,1
46917,0,0,0,0,1
46918,0,0,0,0,1
46919,0,0,0,0,1
46920,0,0,0,0,1
46921,0,0,0,0,1
46922,0,0,0,0,1
46923,0,0,0,0,1
46924,0,0,0,0,1
46925,0,0,0,0,1
46926,0,0,0,0,1
46927,0,0,0,0,1
46928,0,0,0,0,1
46929,0,0,0,0,1
46930,0,0,0,0,1
46931,0,0,0,0,1
46932,0,0,0,0,1
46933,0,0,0,0,1
46934,0,0,0,0,1
46935,0,0,0,0,1
46936,0,0,0,0,1
46937,0,0,0,0,1
46938,0,0,0,0,1
46939,0,0,0,0,1
46940,0,0,0,0,1
46941,0,0,0,0,1
46942,1,0,0,0,0
46943,1,0,0,0,0
46944,1,0,0,0,0
46945,1,0,0,0,0
46946,1,0,0,0,0
46947,1,0,0,0,0
46948,1,0,0,0,0
46949,1,0,0,0,0
46950,1,0,0,0,0
46951,1,0,0,0,0
46952,1,0,0,0,0
46953,1,0,0,0,0
46954,1,0,0,0,0
46955,1,0,0,0,0
46956,1,0,0,0,0
46957,1,0,0,0,0
46958,1,0,0,0,0
46959,1,0,0,0,0
46960,1,0,0,0,0
46961,1,0,0,0,0
46962,1,0,0,0,0
46963,1,0,0,0,0
46964,1,0,0,0,0
46965,1,0,0,0,0
46966,1,0,0,0,0
46967,1,0,0,0,0
46968,1,0,0,0,0
46969,1,0,0,0,0
46970,1,0,0,0,0
46971,1,0,0,0,0
46972,1,0,0,0,0
46973,1,0,0,0,0
46974,1,0,0,0,0
46975,1,0,0,0,0
46976,1,0,0,0,0
46977,1,0,0,0,0
46978,1,0,0,0,0
46979,1,0,0,0,0
46980,1,0,0,0,0
46981,1,0,0,0,0
46982,1,0,0,0,0
46983,1,0,0,0,0
46984,1,0,0,0,0
46985,1,0,0,0,0
46986,1,0,0,0,0
46987,1,0,0,0,0
46988,1,0,0,0,0
46989,1,0,0,0,0
46990,1,0,0,0,0
46991,1,0,0,0,0
46992,1,0,0,0,0
46993,1,0,0,0,0
46994,1,0,0,0,0
46995,1,0,0,0,0
46996,1,0,0,0,0
46997,1,0,0,0,0
46998,1,0,0,0,0
46999,1,0,0,0,0
47000,1,0,0,0,0
47001,1,0,0,0,0
47002,1,0,0,0,0
47003,1,0,0,0,0
47004,1,0,0,0,0
47005,1,0,0,0,0
47006,1,0,0,0,0
47007,1,0,0,0,0
47008,1,0,0,0,0
47009,1,0,0,0,0
47010,1,0,0,0,0
47011,1,0,0,0,0
47012,1,0,0,0,0
47013,1,0,0,0,0
47014,1,0,0,0,0
47015,1,0,0,0,0
47016,1,0,0,0,0
47017,1,0,0,0,0
47018,1,0,0,0,0
47019,0,0,1,0,0
47020,0,0,1,0,0
47021,0,0,1,0,0
47022,0,0,1,0,0
47023,0,0,1,0,0
47024,0,0,1,0,0
47025,0,0,1,0,0
47026,0,0,1,0,0
47027,0,0,1,0,0
47028,0,0,1,0,0
47029,0,0,1,0,0
47030,0,0,1,0,0
47031,0,0,1,0,0
47032,0,0,1,0,0
47033,0,0,1,0,0
47034,0,0,1,0,0
47035,0,0,1,0,0
47036,0,0,1,0,0
47037,0,0,1,0,0
47038,0,0,1,0,0
47039,1,0,0,0,0
47040,1,0,0,0,0
47041,1,0,0,0,0
47042,1,0,0,0,0
47043,1,0,0,0,0
47044,1,0,0,0,0
47045,1,0,0,0,0
47046,1,0,0,0,0
47047,1,0,0,0,0
47048,1,0,0,0,0
47049,1,0,0,0,0
47050,1,0,0,0,0
47051,1,0,0,0,0
47052,1,0,0,0,0
47053,1,0,0,0,0
47054,1,0,0,0,0
47055,1,0,0,0,0
47056,1,0,0,0,0
47057,1,0,0,0,0
47058,1,0,0,0,0
47059,1,0,0,0,0
47060,1,0,0,0,0
47061,1,0,0,0,0
47062,1,0,0,0,0
47063,1,0,0,0,0
47064,1,0,0,0,0
47065,1,0,0,0,0
47066,1,0,0,0,0
47067,1,0,0,0,0
47068,1,0,0,0,0
47069,1,0,0,0,0
47070,1,0,0,0,0
47071,1,0,0,0,0
47072,1,0,0,0,0
47073,1,0,0,0,0
47074,1,0,0,0,0
47075,1,0,0,0,0
47076,1,0,0,0,0
47077,1,0,0,0,0
47078,1,0,0,0,0
47079,1,0,0,0,0
47080,1,0,0,0,0
47081,1,0,0,0,0
47082,1,0,0,0,0
47083,1,0,0,0,0
47084,1,0,0,0,0
47085,1,0,0,0,0
47086,1,0,0,0,0
47087,1,0,0,0,0
47088,1,0,0,0,0
47089,1,0,0,0,0
47090,1,0,0,0,0
47091,1,0,0,0,0
47092,1,0,0,0,0
47093,1,0,0,0,0
47094,1,0,0,0,0
47095,1,0,0,0,0
47096,1,0,0,0,0
47097,1,0,0,0,0
47098,1,0,0,0,0
47099,1,0,0,0,0
47100,1,0,0,0,0
47101,1,0,0,0,0
47102,1,0,0,0,0
47103,1,0,0,0,0
47104,1,0,0,0,0
47105,1,0,0,0,0
47106,1,0,0,0,0
47107,1,0,0,0,0
47108,1,0,0,0,0
47109,1,0,0,0,0
47110,1,0,0,0,0
47111,1,0,0,0,0
47112,1,0,0,0,0
47113,1,0,0,0,0
47114,1,0,0,0,0
47115,1,0,0,0,0
47116,1,0,0,0,0
47117,1,0,0,0,0
47118,1,0,0,0,0
47119,1,0,0,0,0
47120,1,0,0,0,0
47121,1,0,0,0,0
47122,1,0,0,0,0
47123,1,0,0,0,0
47124,1,0,0,0,0
47125,1,0,0,0,0
47126,1,0,0,0,0
47127,1,0,0,0,0
47128,1,0,0,0,0
47129,1,0,0,0,0
47130,1,0,0,0,0
47131,1,0,0,0,0
47132,1,0,0,0,0
47133,1,0,0,0,0
47134,1,0,0,0,0
47135,1,0,0,0,0
47136,1,0,0,0,0
47137,1,0,0,0,0
47138,1,0,0,0,0
47139,1,0,0,0,0
47140,1,0,0,0,0
47141,1,0,0,0,0
47142,1,0,0,0,0
47143,1,0,0,0,0
47144,1,0,0,0,0
47145,1,0,0,0,0
47146,1,0,0,0,0
47147,1,0,0,0,0
47148,1,0,0,0,0
47149,1,0,0,0,0
47150,1,0,0,0,0
47151,1,0,0,0,0
47152,1,0,0,0,0
47153,1,0,0,0,0
47154,1,0,0,0,0
47155,1,0,0,0,0
47156,1,0,0,0,0
47157,1,0,0,0,0
47158,1,0,0,0,0
47159,1,0,0,0,0
47160,1,0,0,0,0
47161,1,0,0,0,0
47162,1,0,0,0,0
47163,1,0,0,0,0
47164,1,0,0,0,0
47165,1,0,0,0,0
47166,1,0,0,0,0
47167,1,0,0,0,0
47168,1,0,0,0,0
47169,1,0,0,0,0
47170,1,0,0,0,0
47171,1,0,0,0,0
47172,1,0,0,0,0
47173,1,0,0,0,0
47174,1,0,0,0,0
47175,1,0,0,0,0
47176,1,0,0,0,0
47177,1,0,0,0,0
47178,1,0,0,0,0
47179,1,0,0,0,0
47180,1,0,0,0,0
47181,1,0,0,0,0
47182,1,0,0,0,0
47183,1,0,0,0,0
47184,1,0,0,0,0
47185,1,0,0,0,0
47186,1,0,0,0,0
47187,1,0,0,0,0
47188,1,0,0,0,0
47189,1,0,0,0,0
47190,1,0,0,0,0
47191,1,0,0,0,0
47192,1,0,0,0,0
47193,1,0,0,0,0
47194,1,0,0,0,0
47195,1,0,0,0,0
47196,1,0,0,0,0
47197,1,0,0,0,0
47198,1,0,0,0,0
47199,1,0,0,0,0
47200,1,0,0,0,0
47201,1,0,0,0,0
47202,1,0,0,0,0
47203,1,0,0,0,0
47204,1,0,0,0,0
47205,1,0,0,0,0
47206,1,0,0,0,0
47207,1,0,0,0,0
47208,1,0,0,0,0
47209,1,0,0,0,0
47210,1,0,0,0,0
47211,1,0,0,0,0
47212,1,0,0,0,0
47213,1,0,0,0,0
47214,1,0,0,0,0
47215,1,0,0,0,0
47216,1,0,0,0,0
47217,1,0,0,0,0
47218,1,0,0,0,0
47219,1,0,0,0,0
47220,1,0,0,0,0
47221,1,0,0,0,0
47222,1,0,0,0,0
47223,1,0,0,0,0
47224,1,0,0,0,0
47225,1,0,0,0,0
47226,1,0,0,0,0
47227,1,0,0,0,0
47228,1,0,0,0,0
47229,1,0,0,0,0
47230,1,0,0,0,0
47231,1,0,0,0,0
47232,1,0,0,0,0
47233,1,0,0,0,0
47234,1,0,0,0,0
47235,1,0,0,0,0
47236,1,0,0,0,0
47237,1,0,0,0,0
47238,1,0,0,0,0
47239,1,0,0,0,0
47240,1,0,0,0,0
47241,1,0,0,0,0
47242,1,0,0,0,0
47243,1,0,0,0,0
47244,1,0,0,0,0
47245,1,0,0,0,0
47246,1,0,0,0,0
47247,1,0,0,0,0
47248,1,0,0,0,0
47249,1,0,0,0,0
47250,1,0,0,0,0
47251,1,0,0,0,0
47252,1,0,0,0,0
47253,1,0,0,0,0
47254,1,0,0,0,0
47255,1,0,0,0,0
47256,1,0,0,0,0
47257,1,0,0,0,0
47258,1,0,0,0,0
47259,1,0,0,0,0
47260,1,0,0,0,0
47261,1,0,0,0,0
47262,1,0,0,0,0
47263,1,0,0,0,0
47264,1,0,0,0,0
47265,1,0,0,0,0
47266,1,0,0,0,0
47267,1,0,0,0,0
47268,1,0,0,0,0
47269,1,0,0,0,0
47270,1,0,0,0,0
47271,1,0,0,0,0
47272,1,0,0,0,0
47273,1,0,0,0,0
47274,1,0,0,0,0
47275,1,0,0,0,0
47276,1,0,0,0,0
47277,1,0,0,0,0
47278,1,0,0,0,0
47279,1,0,0,0,0
47280,1,0,0,0,0
47281,1,0,0,0,0
47282,1,0,0,0,0
47283,1,0,0,0,0
47284,1,0,0,0,0
47285,1,0,0,0,0
47286,1,0,0,0,0
47287,1,0,0,0,0
47288,1,0,0,0,0
47289,1,0,0,0,0
47290,1,0,0,0,0
47291,1,0,0,0,0
47292,1,0,0,0,0
47293,1,0,0,0,0
47294,1,0,0,0,0
47295,1,0,0,0,0
47296,1,0,0,0,0
47297,1,0,0,0,0
47298,0,0,0,0,1
47299,0,0,0,0,1
47300,0,0,0,0,1
47301,0,0,0,0,1
47302,0,0,0,0,1
47303,0,0,0,0,1
47304,0,0,0,0,1
47305,0,0,0,0,1
47306,0,0,0,0,1
47307,0,0,0,0,1
47308,0,0,0,0,1
47309,0,0,0,0,1
47310,0,0,0,0,1
47311,0,0,0,0,1
47312,0,0,0,0,1
47313,0,0,0,0,1
47314,0,0,0,0,1
47315,0,0,0,0,1
47316,0,0,0,0,1
47317,0,0,0,0,1
47318,0,0,0,0,1
47319,0,0,0,0,1
47320,0,0,0,0,1
47321,0,0,0,0,1
47322,0,0,0,0,1
47323,0,0,0,0,1
47324,0,0,0,0,1
47325,0,0,0,0,1
47326,0,0,0,0,1
47327,0,0,0,0,1
47328,0,0,0,0,1
47329,0,0,0,0,1
47330,0,0,0,0,1
47331,0,0,0,0,1
47332,0,0,0,0,1
47333,0,0,0,0,1
47334,0,0,0,0,1
47335,0,0,0,0,1
47336,0,0,0,0,1
47337,0,0,0,0,1
47338,0,0,0,0,1
47339,0,0,0,0,1
47340,0,0,0,0,1
47341,0,0,0,0,1
47342,0,0,0,0,1
47343,0,0,0,0,1
47344,0,0,0,0,1
47345,0,0,0,0,1
47346,0,0,0,0,1
47347,0,0,0,0,1
47348,0,0,0,0,1
47349,0,0,0,0,1
47350,0,0,0,0,1
47351,0,0,0,0,1
47352,0,0,0,0,1
47353,0,0,0,0,1
47354,0,0,0,0,1
47355,0,0,0,0,1
47356,0,0,0,0,1
47357,0,0,0,0,1
47358,0,0,0,0,1
47359,0,0,0,0,1
47360,0,0,0,0,1
47361,0,0,0,0,1
47362,0,0,0,0,1
47363,0,0,0,0,1
47364,0,0,0,0,1
47365,0,0,0,0,1
47366,0,0,0,0,1
47367,0,0,0,0,1
47368,0,0,0,0,1
47369,0,0,0,0,1
47370,0,0,0,0,1
47371,0,0,0,0,1
47372,0,0,0,0,1
47373,0,0,0,0,1
47374,0,0,0,0,1
47375,0,0,0,0,1
47376,0,0,0,0,1
47377,0,0,0,0,1
47378,0,0,0,0,1
47379,0,0,0,0,1
47380,0,0,0,0,1
47381,0,0,0,0,1
47382,0,0,0,0,1
47383,0,0,0,0,1
47384,0,0,0,0,1
47385,0,0,0,0,1
47386,0,0,0,0,1
47387,0,0,0,0,1
47388,0,0,0,0,1
47389,0,0,0,0,1
47390,0,0,0,0,1
47391,0,0,0,0,1
47392,0,0,0,0,1
47393,0,0,0,0,1
47394,0,0,0,0,1
47395,0,0,0,0,1
47396,0,0,0,0,1
47397,0,0,0,0,1
47398,0,0,0,0,1
47399,0,0,0,0,1
47400,0,0,0,0,1
47401,0,0,0,0,1
47402,0,0,0,0,1
47403,0,0,0,0,1
47404,0,0,0,0,1
47405,0,0,0,0,1
47406,0,0,0,0,1
47407,0,0,0,0,1
47408,0,0,0,0,1
47409,0,0,0,0,1
47410,0,0,0,0,1
47411,0,0,0,0,1
47412,0,0,0,0,1
47413,0,0,0,0,1
47414,0,0,0,0,1
47415,0,0,0,0,1
47416,0,0,0,0,1
47417,0,0,0,0,1
47418,0,0,0,0,1
47419,0,0,0,0,1
47420,0,0,0,0,1
47421,0,0,0,0,1
47422,0,0,0,0,1
47423,0,0,0,0,1
47424,0,0,0,0,1
47425,0,0,0,0,1
47426,0,0,0,0,1
47427,0,0,0,0,1
47428,0,0,0,0,1
47429,0,0,0,0,1
47430,0,0,0,0,1
47431,1,0,0,0,0
47432,1,0,0,0,0
47433,1,0,0,0,0
47434,1,0,0,0,0
47435,1,0,0,0,0
47436,1,0,0,0,0
47437,1,0,0,0,0
47438,1,0,0,0,0
47439,1,0,0,0,0
47440,1,0,0,0,0
47441,1,0,0,0,0
47442,1,0,0,0,0
47443,1,0,0,0,0
47444,1,0,0,0,0
47445,1,0,0,0,0
47446,1,0,0,0,0
47447,1,0,0,0,0
47448,1,0,0,0,0
47449,1,0,0,0,0
47450,1,0,0,0,0
47451,1,0,0,0,0
47452,1,0,0,0,0
47453,1,0,0,0,0
47454,1,0,0,0,0
47455,1,0,0,0,0
47456,1,0,0,0,0
47457,1,0,0,0,0
47458,1,0,0,0,0
47459,1,0,0,0,0
47460,1,0,0,0,0
47461,1,0,0,0,0
47462,1,0,0,0,0
47463,1,0,0,0,0
47464,0,0,0,0,1
47465,0,0,0,0,1
47466,0,0,0,0,1
47467,0,0,0,0,1
47468,0,0,0,0,1
47469,0,0,0,0,1
47470,0,0,0,0,1
47471,0,0,0,0,1
47472,0,0,0,0,1
47473,0,0,0,0,1
47474,0,0,0,0,1
47475,0,0,0,0,1
47476,0,0,0,0,1
47477,0,0,0,0,1
47478,0,0,0,0,1
47479,0,0,0,0,1
47480,0,0,0,0,1
47481,0,0,0,0,1
47482,0,0,0,0,1
47483,0,0,0,0,1
47484,0,0,0,0,1
47485,0,0,0,0,1
47486,1,0,0,0,0
47487,1,0,0,0,0
47488,1,0,0,0,0
47489,1,0,0,0,0
47490,1,0,0,0,0
47491,1,0,0,0,0
47492,1,0,0,0,0
47493,1,0,0,0,0
47494,1,0,0,0,0
47495,1,0,0,0,0
47496,1,0,0,0,0
47497,1,0,0,0,0
47498,1,0,0,0,0
47499,1,0,0,0,0
47500,1,0,0,0,0
47501,1,0,0,0,0
47502,1,0,0,0,0
47503,1,0,0,0,0
47504,1,0,0,0,0
47505,1,0,0,0,0
47506,1,0,0,0,0
47507,1,0,0,0,0
47508,1,0,0,0,0
47509,1,0,0,0,0
47510,1,0,0,0,0
47511,1,0,0,0,0
47512,1,0,0,0,0
47513,1,0,0,0,0
47514,1,0,0,0,0
47515,1,0,0,0,0
47516,1,0,0,0,0
47517,1,0,0,0,0
47518,1,0,0,0,0
47519,1,0,0,0,0
47520,1,0,0,0,0
47521,1,0,0,0,0
47522,1,0,0,0,0
47523,1,0,0,0,0
47524,1,0,0,0,0
47525,1,0,0,0,0
47526,1,0,0,0,0
47527,1,0,0,0,0
47528,1,0,0,0,0
47529,1,0,0,0,0
47530,1,0,0,0,0
47531,1,0,0,0,0
47532,1,0,0,0,0
47533,1,0,0,0,0
47534,1,0,0,0,0
47535,1,0,0,0,0
47536,1,0,0,0,0
47537,1,0,0,0,0
47538,1,0,0,0,0
47539,1,0,0,0,0
47540,1,0,0,0,0
47541,1,0,0,0,0
47542,1,0,0,0,0
47543,1,0,0,0,0
47544,1,0,0,0,0
47545,1,0,0,0,0
47546,1,0,0,0,0
47547,1,0,0,0,0
47548,1,0,0,0,0
47549,1,0,0,0,0
47550,1,0,0,0,0
47551,1,0,0,0,0
47552,1,0,0,0,0
47553,1,0,0,0,0
47554,1,0,0,0,0
47555,1,0,0,0,0
47556,1,0,0,0,0
47557,1,0,0,0,0
47558,1,0,0,0,0
47559,1,0,0,0,0
47560,1,0,0,0,0
47561,1,0,0,0,0
47562,1,0,0,0,0
47563,1,0,0,0,0
47564,1,0,0,0,0
47565,1,0,0,0,0
47566,1,0,0,0,0
47567,1,0,0,0,0
47568,1,0,0,0,0
47569,1,0,0,0,0
47570,1,0,0,0,0
47571,1,0,0,0,0
47572,1,0,0,0,0
47573,1,0,0,0,0
47574,1,0,0,0,0
47575,1,0,0,0,0
47576,1,0,0,0,0
47577,1,0,0,0,0
47578,1,0,0,0,0
47579,1,0,0,0,0
47580,1,0,0,0,0
47581,1,0,0,0,0
47582,1,0,0,0,0
47583,1,0,0,0,0
47584,1,0,0,0,0
47585,1,0,0,0,0
47586,1,0,0,0,0
47587,1,0,0,0,0
47588,1,0,0,0,0
47589,1,0,0,0,0
47590,1,0,0,0,0
47591,1,0,0,0,0
47592,1,0,0,0,0
47593,1,0,0,0,0
47594,1,0,0,0,0
47595,1,0,0,0,0
47596,1,0,0,0,0
47597,1,0,0,0,0
47598,1,0,0,0,0
47599,1,0,0,0,0
47600,1,0,0,0,0
47601,1,0,0,0,0
47602,1,0,0,0,0
47603,1,0,0,0,0
47604,1,0,0,0,0
47605,1,0,0,0,0
47606,1,0,0,0,0
47607,1,0,0,0,0
47608,1,0,0,0,0
47609,1,0,0,0,0
47610,1,0,0,0,0
47611,1,0,0,0,0
47612,1,0,0,0,0
47613,1,0,0,0,0
47614,1,0,0,0,0
47615,1,0,0,0,0
47616,1,0,0,0,0
47617,1,0,0,0,0
47618,1,0,0,0,0
47619,1,0,0,0,0
47620,1,0,0,0,0
47621,1,0,0,0,0
47622,1,0,0,0,0
47623,1,0,0,0,0
47624,1,0,0,0,0
47625,1,0,0,0,0
47626,1,0,0,0,0
47627,1,0,0,0,0
47628,1,0,0,0,0
47629,1,0,0,0,0
47630,1,0,0,0,0
47631,1,0,0,0,0
47632,1,0,0,0,0
47633,1,0,0,0,0
47634,1,0,0,0,0
47635,1,0,0,0,0
47636,1,0,0,0,0
47637,1,0,0,0,0
47638,1,0,0,0,0
47639,1,0,0,0,0
47640,1,0,0,0,0
47641,1,0,0,0,0
47642,1,0,0,0,0
47643,1,0,0,0,0
47644,1,0,0,0,0
47645,1,0,0,0,0
47646,1,0,0,0,0
47647,1,0,0,0,0
47648,1,0,0,0,0
47649,1,0,0,0,0
47650,1,0,0,0,0
47651,1,0,0,0,0
47652,1,0,0,0,0
47653,1,0,0,0,0
47654,1,0,0,0,0
47655,1,0,0,0,0
47656,1,0,0,0,0
47657,1,0,0,0,0
47658,0,0,1,0,0
47659,0,0,1,0,0
47660,0,0,1,0,0
47661,0,0,1,0,0
47662,0,0,1,0,0
47663,0,0,1,0,0
47664,0,0,1,0,0
47665,0,0,1,0,0
47666,0,0,1,0,0
47667,0,0,1,0,0
47668,0,0,1,0,0
47669,1,0,0,0,0
47670,1,0,0,0,0
47671,1,0,0,0,0
47672,1,0,0,0,0
47673,1,0,0,0,0
47674,1,0,0,0,0
47675,1,0,0,0,0
47676,1,0,0,0,0
47677,1,0,0,0,0
47678,1,0,0,0,0
47679,1,0,0,0,0
47680,1,0,0,0,0
47681,1,0,0,0,0
47682,1,0,0,0,0
47683,1,0,0,0,0
47684,1,0,0,0,0
47685,1,0,0,0,0
47686,1,0,0,0,0
47687,1,0,0,0,0
47688,1,0,0,0,0
47689,1,0,0,0,0
47690,1,0,0,0,0
47691,1,0,0,0,0
47692,1,0,0,0,0
47693,1,0,0,0,0
47694,1,0,0,0,0
47695,1,0,0,0,0
47696,1,0,0,0,0
47697,1,0,0,0,0
47698,1,0,0,0,0
47699,1,0,0,0,0
47700,1,0,0,0,0
47701,1,0,0,0,0
47702,1,0,0,0,0
47703,1,0,0,0,0
47704,1,0,0,0,0
47705,1,0,0,0,0
47706,1,0,0,0,0
47707,1,0,0,0,0
47708,1,0,0,0,0
47709,1,0,0,0,0
47710,1,0,0,0,0
47711,1,0,0,0,0
47712,1,0,0,0,0
47713,1,0,0,0,0
47714,1,0,0,0,0
47715,1,0,0,0,0
47716,1,0,0,0,0
47717,1,0,0,0,0
47718,1,0,0,0,0
47719,1,0,0,0,0
47720,1,0,0,0,0
47721,1,0,0,0,0
47722,1,0,0,0,0
47723,1,0,0,0,0
47724,1,0,0,0,0
47725,1,0,0,0,0
47726,1,0,0,0,0
47727,1,0,0,0,0
47728,1,0,0,0,0
47729,1,0,0,0,0
47730,1,0,0,0,0
47731,1,0,0,0,0
47732,1,0,0,0,0
47733,1,0,0,0,0
47734,1,0,0,0,0
47735,1,0,0,0,0
47736,1,0,0,0,0
47737,1,0,0,0,0
47738,1,0,0,0,0
47739,1,0,0,0,0
47740,1,0,0,0,0
47741,1,0,0,0,0
47742,1,0,0,0,0
47743,1,0,0,0,0
47744,1,0,0,0,0
47745,1,0,0,0,0
47746,1,0,0,0,0
47747,1,0,0,0,0
47748,0,0,0,0,1
47749,0,0,0,0,1
47750,0,0,0,0,1
47751,0,0,0,0,1
47752,0,0,0,0,1
47753,0,0,0,0,1
47754,0,0,0,0,1
47755,0,0,0,0,1
47756,0,0,0,0,1
47757,0,0,0,0,1
47758,0,0,0,0,1
47759,0,0,0,0,1
47760,0,0,0,0,1
47761,0,0,0,0,1
47762,0,0,0,0,1
47763,0,0,0,0,1
47764,0,0,0,0,1
47765,0,0,0,0,1
47766,0,0,0,0,1
47767,0,0,0,0,1
47768,0,0,0,0,1
47769,0,0,0,0,1
47770,0,0,0,0,1
47771,0,0,0,0,1
47772,0,0,0,0,1
47773,0,0,0,0,1
47774,0,0,0,0,1
47775,0,0,0,0,1
47776,0,0,0,0,1
47777,1,0,0,0,0
47778,1,0,0,0,0
47779,1,0,0,0,0
47780,1,0,0,0,0
47781,1,0,0,0,0
47782,1,0,0,0,0
47783,1,0,0,0,0
47784,1,0,0,0,0
47785,1,0,0,0,0
47786,1,0,0,0,0
47787,1,0,0,0,0
47788,1,0,0,0,0
47789,1,0,0,0,0
47790,1,0,0,0,0
47791,1,0,0,0,0
47792,1,0,0,0,0
47793,1,0,0,0,0
47794,1,0,0,0,0
47795,1,0,0,0,0
47796,1,0,0,0,0
47797,1,0,0,0,0
47798,1,0,0,0,0
47799,1,0,0,0,0
47800,1,0,0,0,0
47801,1,0,0,0,0
47802,1,0,0,0,0
47803,1,0,0,0,0
47804,1,0,0,0,0
47805,1,0,0,0,0
47806,1,0,0,0,0
47807,1,0,0,0,0
47808,1,0,0,0,0
47809,1,0,0,0,0
47810,1,0,0,0,0
47811,1,0,0,0,0
47812,1,0,0,0,0
47813,1,0,0,0,0
47814,1,0,0,0,0
47815,1,0,0,0,0
47816,1,0,0,0,0
47817,1,0,0,0,0
47818,1,0,0,0,0
47819,1,0,0,0,0
47820,1,0,0,0,0
47821,1,0,0,0,0
47822,1,0,0,0,0
47823,1,0,0,0,0
47824,1,0,0,0,0
47825,1,0,0,0,0
47826,1,0,0,0,0
47827,1,0,0,0,0
47828,1,0,0,0,0
47829,0,0,1,0,0
47830,0,0,1,0,0
47831,0,0,1,0,0
47832,0,0,1,0,0
47833,0,0,1,0,0
47834,0,0,1,0,0
47835,0,0,1,0,0
47836,0,0,1,0,0
47837,0,0,1,0,0
47838,0,0,1,0,0
47839,0,0,1,0,0
47840,0,0,1,0,0
47841,0,0,1,0,0
47842,0,0,1,0,0
47843,0,0,1,0,0
47844,0,0,1,0,0
47845,0,0,1,0,0
47846,0,0,1,0,0
47847,0,0,1,0,0
47848,0,0,1,0,0
47849,1,0,0,0,0
47850,1,0,0,0,0
47851,1,0,0,0,0
47852,1,0,0,0,0
47853,1,0,0,0,0
47854,1,0,0,0,0
47855,1,0,0,0,0
47856,1,0,0,0,0
47857,1,0,0,0,0
47858,1,0,0,0,0
47859,1,0,0,0,0
47860,1,0,0,0,0
47861,1,0,0,0,0
47862,1,0,0,0,0
47863,1,0,0,0,0
47864,1,0,0,0,0
47865,1,0,0,0,0
47866,1,0,0,0,0
47867,1,0,0,0,0
47868,1,0,0,0,0
47869,1,0,0,0,0
47870,1,0,0,0,0
47871,1,0,0,0,0
47872,1,0,0,0,0
47873,1,0,0,0,0
47874,1,0,0,0,0
47875,1,0,0,0,0
47876,1,0,0,0,0
47877,1,0,0,0,0
47878,1,0,0,0,0
47879,1,0,0,0,0
47880,1,0,0,0,0
47881,1,0,0,0,0
47882,1,0,0,0,0
47883,1,0,0,0,0
47884,1,0,0,0,0
47885,1,0,0,0,0
47886,1,0,0,0,0
47887,1,0,0,0,0
47888,1,0,0,0,0
47889,1,0,0,0,0
47890,1,0,0,0,0
47891,1,0,0,0,0
47892,1,0,0,0,0
47893,1,0,0,0,0
47894,1,0,0,0,0
47895,1,0,0,0,0
47896,1,0,0,0,0
47897,1,0,0,0,0
47898,1,0,0,0,0
47899,1,0,0,0,0
47900,1,0,0,0,0
47901,1,0,0,0,0
47902,1,0,0,0,0
47903,1,0,0,0,0
47904,1,0,0,0,0
47905,1,0,0,0,0
47906,1,0,0,0,0
47907,1,0,0,0,0
47908,1,0,0,0,0
47909,1,0,0,0,0
47910,1,0,0,0,0
47911,1,0,0,0,0
47912,1,0,0,0,0
47913,1,0,0,0,0
47914,1,0,0,0,0
47915,1,0,0,0,0
47916,1,0,0,0,0
47917,1,0,0,0,0
47918,1,0,0,0,0
47919,1,0,0,0,0
47920,1,0,0,0,0
47921,1,0,0,0,0
47922,1,0,0,0,0
47923,1,0,0,0,0
47924,1,0,0,0,0
47925,1,0,0,0,0
47926,1,0,0,0,0
47927,1,0,0,0,0
47928,1,0,0,0,0
47929,1,0,0,0,0
47930,1,0,0,0,0
47931,1,0,0,0,0
47932,1,0,0,0,0
47933,1,0,0,0,0
47934,1,0,0,0,0
47935,1,0,0,0,0
47936,1,0,0,0,0
47937,1,0,0,0,0
47938,1,0,0,0,0
47939,1,0,0,0,0
47940,1,0,0,0,0
47941,1,0,0,0,0
47942,1,0,0,0,0
47943,1,0,0,0,0
47944,1,0,0,0,0
47945,1,0,0,0,0
47946,1,0,0,0,0
47947,1,0,0,0,0
47948,1,0,0,0,0
47949,1,0,0,0,0
47950,1,0,0,0,0
47951,1,0,0,0,0
47952,1,0,0,0,0
47953,1,0,0,0,0
47954,1,0,0,0,0
47955,1,0,0,0,0
47956,1,0,0,0,0
47957,1,0,0,0,0
47958,1,0,0,0,0
47959,1,0,0,0,0
47960,1,0,0,0,0
47961,1,0,0,0,0
47962,1,0,0,0,0
47963,1,0,0,0,0
47964,1,0,0,0,0
47965,1,0,0,0,0
47966,1,0,0,0,0
47967,0,0,0,0,1
47968,0,0,0,0,1
47969,0,0,0,0,1
47970,0,0,0,0,1
47971,0,0,0,0,1
47972,0,0,0,0,1
47973,0,0,0,0,1
47974,0,0,0,0,1
47975,0,0,0,0,1
47976,0,0,0,0,1
47977,0,0,0,0,1
47978,0,0,0,0,1
47979,0,0,0,0,1
47980,0,0,0,0,1
47981,0,0,0,0,1
47982,0,0,0,0,1
47983,0,0,0,0,1
47984,0,0,0,0,1
47985,0,0,0,0,1
47986,0,0,0,0,1
47987,0,0,0,0,1
47988,0,0,0,0,1
47989,0,0,0,0,1
47990,0,0,0,0,1
47991,0,0,0,0,1
47992,0,0,0,0,1
47993,0,0,0,0,1
47994,0,0,0,0,1
47995,0,0,0,0,1
47996,0,0,0,0,1
47997,0,0,0,0,1
47998,0,0,0,0,1
47999,0,0,0,0,1
48000,0,0,0,0,1
48001,0,0,0,0,1
48002,0,0,0,0,1
48003,0,0,0,0,1
48004,1,0,0,0,0
48005,1,0,0,0,0
48006,1,0,0,0,0
48007,1,0,0,0,0
48008,1,0,0,0,0
48009,1,0,0,0,0
48010,1,0,0,0,0
48011,1,0,0,0,0
48012,1,0,0,0,0
48013,1,0,0,0,0
48014,1,0,0,0,0
48015,1,0,0,0,0
48016,1,0,0,0,0
48017,1,0,0,0,0
48018,1,0,0,0,0
48019,1,0,0,0,0
48020,1,0,0,0,0
48021,1,0,0,0,0
48022,1,0,0,0,0
48023,1,0,0,0,0
48024,1,0,0,0,0
48025,1,0,0,0,0
48026,1,0,0,0,0
48027,1,0,0,0,0
48028,1,0,0,0,0
48029,1,0,0,0,0
48030,1,0,0,0,0
48031,1,0,0,0,0
48032,1,0,0,0,0
48033,1,0,0,0,0
48034,1,0,0,0,0
48035,1,0,0,0,0
48036,1,0,0,0,0
48037,1,0,0,0,0
48038,1,0,0,0,0
48039,1,0,0,0,0
48040,1,0,0,0,0
48041,1,0,0,0,0
48042,1,0,0,0,0
48043,1,0,0,0,0
48044,1,0,0,0,0
48045,1,0,0,0,0
48046,1,0,0,0,0
48047,1,0,0,0,0
48048,1,0,0,0,0
48049,1,0,0,0,0
48050,1,0,0,0,0
48051,1,0,0,0,0
48052,1,0,0,0,0
48053,1,0,0,0,0
48054,1,0,0,0,0
48055,1,0,0,0,0
48056,1,0,0,0,0
48057,1,0,0,0,0
48058,1,0,0,0,0
48059,1,0,0,0,0
48060,1,0,0,0,0
48061,1,0,0,0,0
48062,1,0,0,0,0
48063,1,0,0,0,0
48064,1,0,0,0,0
48065,1,0,0,0,0
48066,1,0,0,0,0
48067,1,0,0,0,0
48068,1,0,0,0,0
48069,1,0,0,0,0
48070,1,0,0,0,0
48071,1,0,0,0,0
48072,1,0,0,0,0
48073,1,0,0,0,0
48074,1,0,0,0,0
48075,1,0,0,0,0
48076,1,0,0,0,0
48077,1,0,0,0,0
48078,1,0,0,0,0
48079,0,0,0,0,1
48080,0,0,0,0,1
48081,0,0,0,0,1
48082,0,0,0,0,1
48083,0,0,0,0,1
48084,0,0,0,0,1
48085,0,0,0,0,1
48086,0,0,0,0,1
48087,0,0,0,0,1
48088,0,0,0,0,1
48089,0,0,0,0,1
48090,0,0,0,0,1
48091,0,0,0,0,1
48092,0,0,0,0,1
48093,0,0,0,0,1
48094,0,0,0,0,1
48095,0,0,0,0,1
48096,0,0,0,0,1
48097,0,0,0,0,1
48098,1,0,0,0,0
48099,1,0,0,0,0
48100,1,0,0,0,0
48101,1,0,0,0,0
48102,0,1,0,0,0
48103,0,1,0,0,0
48104,0,1,0,0,0
48105,0,1,0,0,0
48106,0,1,0,0,0
48107,0,1,0,0,0
48108,0,1,0,0,0
48109,0,1,0,0,0
48110,0,1,0,0,0
48111,0,1,0,0,0
48112,0,1,0,0,0
48113,0,1,0,0,0
48114,0,1,0,0,0
48115,0,1,0,0,0
48116,0,1,0,0,0
48117,0,1,0,0,0
48118,0,1,0,0,0
48119,0,1,0,0,0
48120,0,1,0,0,0
48121,0,1,0,0,0
48122,0,1,0,0,0
48123,0,1,0,0,0
48124,0,1,0,0,0
48125,0,1,0,0,0
48126,0,1,0,0,0
48127,0,1,0,0,0
48128,0,1,0,0,0
48129,0,1,0,0,0
48130,0,1,0,0,0
48131,0,1,0,0,0
48132,0,1,0,0,0
48133,0,1,0,0,0
48134,0,1,0,0,0
48135,0,1,0,0,0
48136,0,1,0,0,0
48137,0,1,0,0,0
48138,1,0,0,0,0
48139,1,0,0,0,0
48140,1,0,0,0,0
48141,1,0,0,0,0
48142,1,0,0,0,0
48143,1,0,0,0,0
48144,1,0,0,0,0
48145,1,0,0,0,0
48146,1,0,0,0,0
48147,1,0,0,0,0
48148,1,0,0,0,0
48149,1,0,0,0,0
48150,1,0,0,0,0
48151,1,0,0,0,0
48152,1,0,0,0,0
48153,1,0,0,0,0
48154,1,0,0,0,0
48155,1,0,0,0,0
48156,1,0,0,0,0
48157,1,0,0,0,0
48158,1,0,0,0,0
48159,1,0,0,0,0
48160,1,0,0,0,0
48161,1,0,0,0,0
48162,1,0,0,0,0
48163,1,0,0,0,0
48164,1,0,0,0,0
48165,1,0,0,0,0
48166,1,0,0,0,0
48167,1,0,0,0,0
48168,1,0,0,0,0
48169,1,0,0,0,0
48170,1,0,0,0,0
48171,1,0,0,0,0
48172,0,0,0,0,1
48173,0,0,0,0,1
48174,0,0,0,0,1
48175,0,0,0,0,1
48176,0,0,0,0,1
48177,0,0,0,0,1
48178,0,0,0,0,1
48179,0,0,0,0,1
48180,0,0,0,0,1
48181,0,0,0,0,1
48182,0,0,0,0,1
48183,0,0,0,0,1
48184,0,0,0,0,1
48185,0,0,0,0,1
48186,0,0,0,0,1
48187,0,0,0,0,1
48188,1,0,0,0,0
48189,1,0,0,0,0
48190,1,0,0,0,0
48191,1,0,0,0,0
48192,1,0,0,0,0
48193,1,0,0,0,0
48194,1,0,0,0,0
48195,1,0,0,0,0
48196,1,0,0,0,0
48197,1,0,0,0,0
48198,1,0,0,0,0
48199,1,0,0,0,0
48200,1,0,0,0,0
48201,1,0,0,0,0
48202,1,0,0,0,0
48203,1,0,0,0,0
48204,1,0,0,0,0
48205,1,0,0,0,0
48206,1,0,0,0,0
48207,1,0,0,0,0
48208,1,0,0,0,0
48209,1,0,0,0,0
48210,1,0,0,0,0
48211,1,0,0,0,0
48212,1,0,0,0,0
48213,1,0,0,0,0
48214,1,0,0,0,0
48215,1,0,0,0,0
48216,1,0,0,0,0
48217,1,0,0,0,0
48218,1,0,0,0,0
48219,1,0,0,0,0
48220,1,0,0,0,0
48221,1,0,0,0,0
48222,1,0,0,0,0
48223,1,0,0,0,0
48224,1,0,0,0,0
48225,1,0,0,0,0
48226,1,0,0,0,0
48227,1,0,0,0,0
48228,1,0,0,0,0
48229,1,0,0,0,0
48230,1,0,0,0,0
48231,1,0,0,0,0
48232,1,0,0,0,0
48233,1,0,0,0,0
48234,1,0,0,0,0
48235,1,0,0,0,0
48236,1,0,0,0,0
48237,1,0,0,0,0
48238,1,0,0,0,0
48239,1,0,0,0,0
48240,1,0,0,0,0
48241,1,0,0,0,0
48242,1,0,0,0,0
48243,1,0,0,0,0
48244,1,0,0,0,0
48245,1,0,0,0,0
48246,1,0,0,0,0
48247,1,0,0,0,0
48248,1,0,0,0,0
48249,1,0,0,0,0
48250,1,0,0,0,0
48251,1,0,0,0,0
48252,1,0,0,0,0
48253,1,0,0,0,0
48254,1,0,0,0,0
48255,1,0,0,0,0
48256,1,0,0,0,0
48257,1,0,0,0,0
48258,1,0,0,0,0
48259,1,0,0,0,0
48260,1,0,0,0,0
48261,1,0,0,0,0
48262,1,0,0,0,0
48263,1,0,0,0,0
48264,1,0,0,0,0
48265,1,0,0,0,0
48266,1,0,0,0,0
48267,1,0,0,0,0
48268,1,0,0,0,0
48269,1,0,0,0,0
48270,1,0,0,0,0
48271,1,0,0,0,0
48272,1,0,0,0,0
48273,1,0,0,0,0
48274,1,0,0,0,0
48275,1,0,0,0,0
48276,1,0,0,0,0
48277,1,0,0,0,0
48278,1,0,0,0,0
48279,1,0,0,0,0
48280,1,0,0,0,0
48281,1,0,0,0,0
48282,1,0,0,0,0
48283,1,0,0,0,0
48284,1,0,0,0,0
48285,1,0,0,0,0
48286,1,0,0,0,0
48287,1,0,0,0,0
48288,1,0,0,0,0
48289,1,0,0,0,0
48290,1,0,0,0,0
48291,1,0,0,0,0
48292,1,0,0,0,0
48293,1,0,0,0,0
48294,1,0,0,0,0
48295,1,0,0,0,0
48296,1,0,0,0,0
48297,1,0,0,0,0
48298,1,0,0,0,0
48299,1,0,0,0,0
48300,1,0,0,0,0
48301,1,0,0,0,0
48302,1,0,0,0,0
48303,1,0,0,0,0
48304,1,0,0,0,0
48305,1,0,0,0,0
48306,1,0,0,0,0
48307,1,0,0,0,0
48308,1,0,0,0,0
48309,1,0,0,0,0
48310,1,0,0,0,0
48311,1,0,0,0,0
48312,1,0,0,0,0
48313,1,0,0,0,0
48314,0,0,0,0,1
48315,0,0,0,0,1
48316,0,0,0,0,1
48317,0,0,0,0,1
48318,0,0,0,0,1
48319,0,0,0,0,1
48320,0,0,0,0,1
48321,0,0,0,0,1
48322,0,0,0,0,1
48323,0,0,0,0,1
48324,0,0,0,0,1
48325,0,0,0,0,1
48326,0,0,0,0,1
48327,0,0,0,0,1
48328,0,0,0,0,1
48329,0,0,0,0,1
48330,0,0,0,0,1
48331,0,0,0,0,1
48332,0,0,0,0,1
48333,0,0,0,0,1
48334,0,0,0,0,1
48335,0,0,0,0,1
48336,0,0,0,0,1
48337,0,0,0,0,1
48338,0,0,0,0,1
48339,0,0,0,0,1
48340,0,0,0,0,1
48341,0,0,0,0,1
48342,0,0,0,0,1
48343,0,0,0,0,1
48344,0,0,0,0,1
48345,0,0,0,0,1
48346,0,0,0,0,1
48347,0,0,0,0,1
48348,0,0,0,0,1
48349,0,0,0,0,1
48350,0,0,0,0,1
48351,0,0,0,0,1
48352,0,0,0,0,1
48353,0,0,0,0,1
48354,0,0,0,0,1
48355,0,0,0,0,1
48356,0,0,0,0,1
48357,0,0,0,0,1
48358,0,0,0,0,1
48359,0,0,0,0,1
48360,0,0,0,0,1
48361,0,0,0,0,1
48362,0,0,0,0,1
48363,0,0,0,0,1
48364,0,0,0,0,1
48365,0,0,0,0,1
48366,0,0,0,0,1
48367,0,0,0,0,1
48368,0,0,0,0,1
48369,0,0,0,0,1
48370,0,0,0,0,1
48371,0,0,0,0,1
48372,0,0,0,0,1
48373,0,0,0,0,1
48374,0,0,0,0,1
48375,0,0,0,0,1
48376,0,0,0,0,1
48377,0,0,0,0,1
48378,0,0,0,0,1
48379,0,0,0,0,1
48380,0,0,0,0,1
48381,0,0,0,0,1
48382,0,0,0,0,1
48383,0,0,0,0,1
48384,0,0,0,0,1
48385,0,0,0,0,1
48386,0,0,0,0,1
48387,0,0,0,0,1
48388,0,0,0,0,1
48389,0,0,0,0,1
48390,0,0,0,0,1
48391,0,0,0,0,1
48392,0,0,0,0,1
48393,0,0,0,0,1
48394,0,0,0,0,1
48395,0,0,0,0,1
48396,0,0,0,0,1
48397,0,0,0,0,1
48398,0,0,0,0,1
48399,0,0,0,0,1
48400,0,0,0,0,1
48401,0,0,0,0,1
48402,0,0,0,0,1
48403,0,0,0,0,1
48404,0,0,0,0,1
48405,0,0,0,0,1
48406,0,0,0,0,1
48407,0,0,0,0,1
48408,0,0,0,0,1
48409,0,0,0,0,1
48410,0,0,0,0,1
48411,0,0,0,0,1
48412,0,0,0,0,1
48413,0,0,0,0,1
48414,0,0,0,0,1
48415,0,0,0,0,1
48416,0,0,0,0,1
48417,0,0,0,0,1
48418,0,0,0,0,1
48419,0,0,0,0,1
48420,0,0,0,0,1
48421,0,0,0,0,1
48422,0,0,0,0,1
48423,0,0,0,0,1
48424,0,0,0,0,1
48425,0,0,0,0,1
48426,0,0,0,0,1
48427,0,0,0,0,1
48428,0,0,0,0,1
48429,0,0,0,0,1
48430,0,0,0,0,1
48431,0,0,0,0,1
48432,0,0,0,0,1
48433,0,0,0,0,1
48434,0,0,0,0,1
48435,0,0,0,0,1
48436,0,0,0,0,1
48437,0,0,0,0,1
48438,0,0,0,0,1
48439,0,0,0,0,1
48440,0,0,0,0,1
48441,0,0,0,0,1
48442,0,0,0,0,1
48443,0,0,0,0,1
48444,0,0,0,0,1
48445,0,0,0,0,1
48446,0,0,0,0,1
48447,0,0,0,0,1
48448,0,0,0,0,1
48449,0,0,0,0,1
48450,0,0,0,0,1
48451,0,0,0,0,1
48452,0,0,0,0,1
48453,0,0,0,0,1
48454,0,0,0,0,1
48455,0,0,0,0,1
48456,0,0,0,0,1
48457,0,0,0,0,1
48458,0,0,0,0,1
48459,0,0,0,0,1
48460,0,0,0,0,1
48461,0,0,0,0,1
48462,0,0,0,0,1
48463,0,0,0,0,1
48464,0,0,0,0,1
48465,0,0,0,0,1
48466,0,0,0,0,1
48467,0,0,0,0,1
48468,0,0,0,0,1
48469,0,0,0,0,1
48470,0,0,0,0,1
48471,0,0,0,0,1
48472,0,0,0,0,1
48473,0,0,0,0,1
48474,0,0,0,0,1
48475,0,0,0,0,1
48476,0,0,0,0,1
48477,0,0,0,0,1
48478,0,0,0,0,1
48479,0,0,0,0,1
48480,0,0,0,0,1
48481,0,0,0,0,1
48482,0,0,0,0,1
48483,0,0,0,0,1
48484,0,0,0,0,1
48485,0,0,0,0,1
48486,0,0,0,0,1
48487,0,0,0,0,1
48488,0,0,0,0,1
48489,0,0,0,0,1
48490,0,0,0,0,1
48491,0,0,0,0,1
48492,0,0,0,0,1
48493,0,0,0,0,1
48494,0,0,0,0,1
48495,0,0,0,0,1
48496,0,0,0,0,1
48497,0,0,0,0,1
48498,0,0,0,0,1
48499,0,0,0,0,1
48500,0,0,0,0,1
48501,0,0,0,0,1
48502,0,0,0,0,1
48503,0,0,0,0,1
48504,0,0,0,0,1
48505,0,0,0,0,1
48506,0,0,0,0,1
48507,0,0,0,0,1
48508,0,0,0,0,1
48509,0,0,0,0,1
48510,0,0,0,0,1
48511,0,0,0,0,1
48512,0,0,0,0,1
48513,0,0,0,0,1
48514,0,0,0,0,1
48515,0,0,0,0,1
48516,0,0,0,0,1
48517,0,0,0,0,1
48518,0,0,0,0,1
48519,0,0,0,0,1
48520,0,0,0,0,1
48521,0,0,0,0,1
48522,0,0,0,0,1
48523,0,0,0,0,1
48524,0,0,0,0,1
48525,0,0,0,0,1
48526,0,0,0,0,1
48527,0,0,0,0,1
48528,0,0,0,0,1
48529,0,0,0,0,1
48530,0,0,0,0,1
48531,0,0,0,0,1
48532,0,0,0,0,1
48533,0,0,0,0,1
48534,0,0,0,0,1
48535,0,0,0,0,1
48536,0,0,0,0,1
48537,0,0,0,0,1
48538,0,0,0,0,1
48539,0,0,0,0,1
48540,0,0,0,0,1
48541,0,0,0,0,1
48542,0,0,0,0,1
48543,0,0,0,0,1
48544,0,0,0,0,1
48545,0,0,0,0,1
48546,0,0,0,0,1
48547,0,0,0,0,1
48548,0,0,0,0,1
48549,0,0,0,0,1
48550,0,0,0,0,1
48551,0,0,0,0,1
48552,0,0,0,0,1
48553,0,0,0,0,1
48554,0,0,0,0,1
48555,0,0,0,0,1
48556,0,0,0,0,1
48557,0,0,0,0,1
48558,0,0,0,0,1
48559,0,0,0,0,1
48560,0,0,0,0,1
48561,0,0,0,0,1
48562,0,0,0,0,1
48563,0,0,0,0,1
48564,0,0,0,0,1
48565,0,0,0,0,1
48566,0,0,0,0,1
48567,0,0,0,0,1
48568,0,0,0,0,1
48569,0,0,0,0,1
48570,0,0,0,0,1
48571,0,0,0,0,1
48572,0,0,0,0,1
48573,0,0,0,0,1
48574,0,0,0,0,1
48575,0,0,0,0,1
48576,0,0,0,0,1
48577,0,0,0,0,1
48578,0,0,0,0,1
48579,0,0,0,0,1
48580,0,0,0,0,1
48581,0,0,0,0,1
48582,0,0,0,0,1
48583,0,0,0,0,1
48584,0,0,0,0,1
48585,0,0,0,0,1
48586,0,0,0,0,1
48587,0,0,0,0,1
48588,0,0,0,0,1
48589,0,0,0,0,1
48590,0,0,0,0,1
48591,0,0,0,0,1
48592,0,0,0,0,1
48593,0,0,0,0,1
48594,0,0,0,0,1
48595,0,0,0,0,1
48596,0,0,0,0,1
48597,0,0,0,0,1
48598,0,0,0,0,1
48599,0,0,0,0,1
48600,0,0,0,0,1
48601,0,0,0,0,1
48602,0,0,0,0,1
48603,0,0,0,0,1
48604,0,0,0,0,1
48605,0,0,0,0,1
48606,0,0,0,0,1
48607,0,0,0,0,1
48608,0,0,0,0,1
48609,0,0,0,0,1
48610,0,0,0,0,1
48611,0,0,0,0,1
48612,0,0,0,0,1
48613,0,0,0,0,1
48614,0,0,0,0,1
48615,0,0,0,0,1
48616,0,0,0,0,1
48617,0,0,0,0,1
48618,0,0,0,0,1
48619,0,0,0,0,1
48620,0,0,0,0,1
48621,0,0,0,0,1
48622,0,0,0,0,1
48623,0,0,0,0,1
48624,0,0,0,0,1
48625,0,0,0,0,1
48626,0,0,0,0,1
48627,0,0,0,0,1
48628,0,0,0,0,1
48629,0,0,0,0,1
48630,0,0,0,0,1
48631,0,0,0,0,1
48632,0,0,0,0,1
48633,0,0,0,0,1
48634,0,0,0,0,1
48635,0,0,0,0,1
48636,0,0,0,0,1
48637,0,0,0,0,1
48638,0,0,0,0,1
48639,0,0,0,0,1
48640,0,0,0,0,1
48641,0,0,0,0,1
48642,0,0,0,0,1
48643,0,0,0,0,1
48644,0,0,0,0,1
48645,0,0,0,0,1
48646,0,0,0,0,1
48647,0,0,0,0,1
48648,0,0,0,0,1
48649,0,0,0,0,1
48650,0,0,0,0,1
48651,0,0,0,0,1
48652,0,0,0,0,1
48653,0,0,0,0,1
48654,0,0,0,0,1
48655,0,0,0,0,1
48656,0,0,0,0,1
48657,0,0,0,0,1
48658,0,0,0,0,1
48659,0,0,0,0,1
48660,0,0,0,0,1
48661,0,0,0,0,1
48662,0,0,0,0,1
48663,0,0,0,0,1
48664,0,0,0,0,1
48665,0,0,0,0,1
48666,0,0,0,0,1
48667,0,0,0,0,1
48668,0,0,0,0,1
48669,0,0,0,0,1
48670,0,0,0,0,1
48671,0,0,0,0,1
48672,0,0,0,0,1
48673,1,0,0,0,0
48674,1,0,0,0,0
48675,1,0,0,0,0
48676,1,0,0,0,0
48677,1,0,0,0,0
48678,1,0,0,0,0
48679,1,0,0,0,0
48680,1,0,0,0,0
48681,1,0,0,0,0
48682,1,0,0,0,0
48683,1,0,0,0,0
48684,1,0,0,0,0
48685,1,0,0,0,0
48686,1,0,0,0,0
48687,1,0,0,0,0
48688,1,0,0,0,0
48689,1,0,0,0,0
48690,1,0,0,0,0
48691,1,0,0,0,0
48692,1,0,0,0,0
48693,1,0,0,0,0
48694,1,0,0,0,0
48695,1,0,0,0,0
48696,1,0,0,0,0
48697,1,0,0,0,0
48698,1,0,0,0,0
48699,1,0,0,0,0
48700,1,0,0,0,0
48701,1,0,0,0,0
48702,1,0,0,0,0
48703,1,0,0,0,0
48704,1,0,0,0,0
48705,1,0,0,0,0
48706,1,0,0,0,0
48707,1,0,0,0,0
48708,1,0,0,0,0
48709,1,0,0,0,0
48710,1,0,0,0,0
48711,1,0,0,0,0
48712,1,0,0,0,0
48713,1,0,0,0,0
48714,1,0,0,0,0
48715,1,0,0,0,0
48716,1,0,0,0,0
48717,1,0,0,0,0
48718,1,0,0,0,0
48719,1,0,0,0,0
48720,1,0,0,0,0
48721,1,0,0,0,0
48722,1,0,0,0,0
48723,1,0,0,0,0
48724,1,0,0,0,0
48725,1,0,0,0,0
48726,1,0,0,0,0
48727,1,0,0,0,0
48728,1,0,0,0,0
48729,1,0,0,0,0
48730,1,0,0,0,0
48731,1,0,0,0,0
48732,1,0,0,0,0
48733,1,0,0,0,0
48734,1,0,0,0,0
48735,1,0,0,0,0
48736,1,0,0,0,0
48737,1,0,0,0,0
48738,1,0,0,0,0
48739,1,0,0,0,0
48740,1,0,0,0,0
48741,1,0,0,0,0
48742,1,0,0,0,0
48743,1,0,0,0,0
48744,1,0,0,0,0
48745,1,0,0,0,0
48746,1,0,0,0,0
48747,1,0,0,0,0
48748,1,0,0,0,0
48749,1,0,0,0,0
48750,1,0,0,0,0
48751,1,0,0,0,0
48752,1,0,0,0,0
48753,1,0,0,0,0
48754,1,0,0,0,0
48755,1,0,0,0,0
48756,1,0,0,0,0
48757,1,0,0,0,0
48758,1,0,0,0,0
48759,1,0,0,0,0
48760,1,0,0,0,0
48761,1,0,0,0,0
48762,1,0,0,0,0
48763,1,0,0,0,0
48764,1,0,0,0,0
48765,1,0,0,0,0
48766,1,0,0,0,0
48767,1,0,0,0,0
48768,1,0,0,0,0
48769,1,0,0,0,0
48770,1,0,0,0,0
48771,1,0,0,0,0
48772,1,0,0,0,0
48773,1,0,0,0,0
48774,1,0,0,0,0
48775,1,0,0,0,0
48776,1,0,0,0,0
48777,1,0,0,0,0
48778,1,0,0,0,0
48779,1,0,0,0,0
48780,1,0,0,0,0
48781,1,0,0,0,0
48782,1,0,0,0,0
48783,1,0,0,0,0
48784,1,0,0,0,0
48785,1,0,0,0,0
48786,1,0,0,0,0
48787,1,0,0,0,0
48788,1,0,0,0,0
48789,1,0,0,0,0
48790,1,0,0,0,0
48791,1,0,0,0,0
48792,1,0,0,0,0
48793,1,0,0,0,0
48794,1,0,0,0,0
48795,1,0,0,0,0
48796,1,0,0,0,0
48797,1,0,0,0,0
48798,1,0,0,0,0
48799,1,0,0,0,0
48800,1,0,0,0,0
48801,1,0,0,0,0
48802,1,0,0,0,0
48803,1,0,0,0,0
48804,1,0,0,0,0
48805,1,0,0,0,0
48806,1,0,0,0,0
48807,1,0,0,0,0
48808,1,0,0,0,0
48809,0,0,0,0,1
48810,0,0,0,0,1
48811,0,0,0,0,1
48812,0,0,0,0,1
48813,0,0,0,0,1
48814,0,0,0,0,1
48815,0,0,0,0,1
48816,0,0,0,0,1
48817,0,0,0,0,1
48818,0,0,0,0,1
48819,0,0,0,0,1
48820,0,0,0,0,1
48821,0,0,0,0,1
48822,0,0,0,0,1
48823,0,0,0,0,1
48824,0,0,0,0,1
48825,0,0,0,0,1
48826,0,0,0,0,1
48827,0,0,0,0,1
48828,0,0,0,0,1
48829,0,0,0,0,1
48830,0,0,0,0,1
48831,0,0,0,0,1
48832,0,0,0,0,1
48833,0,0,0,0,1
48834,0,0,0,0,1
48835,0,0,0,0,1
48836,0,0,0,0,1
48837,0,0,0,0,1
48838,0,0,0,0,1
48839,0,0,0,0,1
48840,0,0,0,0,1
48841,0,0,0,0,1
48842,0,0,0,0,1
48843,0,0,0,0,1
48844,0,0,0,0,1
48845,1,0,0,0,0
48846,1,0,0,0,0
48847,1,0,0,0,0
48848,1,0,0,0,0
48849,1,0,0,0,0
48850,1,0,0,0,0
48851,1,0,0,0,0
48852,1,0,0,0,0
48853,1,0,0,0,0
48854,1,0,0,0,0
48855,1,0,0,0,0
48856,1,0,0,0,0
48857,1,0,0,0,0
48858,1,0,0,0,0
48859,1,0,0,0,0
48860,1,0,0,0,0
48861,1,0,0,0,0
48862,1,0,0,0,0
48863,1,0,0,0,0
48864,1,0,0,0,0
48865,1,0,0,0,0
48866,1,0,0,0,0
48867,1,0,0,0,0
48868,1,0,0,0,0
48869,1,0,0,0,0
48870,1,0,0,0,0
48871,1,0,0,0,0
48872,1,0,0,0,0
48873,1,0,0,0,0
48874,1,0,0,0,0
48875,1,0,0,0,0
48876,1,0,0,0,0
48877,1,0,0,0,0
48878,1,0,0,0,0
48879,1,0,0,0,0
48880,1,0,0,0,0
48881,1,0,0,0,0
48882,1,0,0,0,0
48883,1,0,0,0,0
48884,1,0,0,0,0
48885,1,0,0,0,0
48886,1,0,0,0,0
48887,1,0,0,0,0
48888,1,0,0,0,0
48889,1,0,0,0,0
48890,1,0,0,0,0
48891,1,0,0,0,0
48892,1,0,0,0,0
48893,1,0,0,0,0
48894,1,0,0,0,0
48895,1,0,0,0,0
48896,1,0,0,0,0
48897,1,0,0,0,0
48898,1,0,0,0,0
48899,1,0,0,0,0
48900,1,0,0,0,0
48901,1,0,0,0,0
48902,1,0,0,0,0
48903,1,0,0,0,0
48904,1,0,0,0,0
48905,1,0,0,0,0
48906,1,0,0,0,0
48907,1,0,0,0,0
48908,1,0,0,0,0
48909,1,0,0,0,0
48910,1,0,0,0,0
48911,1,0,0,0,0
48912,1,0,0,0,0
48913,1,0,0,0,0
48914,1,0,0,0,0
48915,1,0,0,0,0
48916,1,0,0,0,0
48917,1,0,0,0,0
48918,1,0,0,0,0
48919,1,0,0,0,0
48920,1,0,0,0,0
48921,1,0,0,0,0
48922,1,0,0,0,0
48923,1,0,0,0,0
48924,1,0,0,0,0
48925,1,0,0,0,0
48926,1,0,0,0,0
48927,1,0,0,0,0
48928,1,0,0,0,0
48929,1,0,0,0,0
48930,1,0,0,0,0
48931,1,0,0,0,0
48932,1,0,0,0,0
48933,1,0,0,0,0
48934,1,0,0,0,0
48935,1,0,0,0,0
48936,1,0,0,0,0
48937,1,0,0,0,0
48938,1,0,0,0,0
48939,1,0,0,0,0
48940,1,0,0,0,0
48941,1,0,0,0,0
48942,1,0,0,0,0
48943,1,0,0,0,0
48944,1,0,0,0,0
48945,1,0,0,0,0
48946,1,0,0,0,0
48947,1,0,0,0,0
48948,1,0,0,0,0
48949,1,0,0,0,0
48950,1,0,0,0,0
48951,1,0,0,0,0
48952,1,0,0,0,0
48953,1,0,0,0,0
48954,1,0,0,0,0
48955,1,0,0,0,0
48956,1,0,0,0,0
48957,1,0,0,0,0
48958,1,0,0,0,0
48959,1,0,0,0,0
48960,1,0,0,0,0
48961,1,0,0,0,0
48962,1,0,0,0,0
48963,1,0,0,0,0
48964,1,0,0,0,0
48965,1,0,0,0,0
48966,1,0,0,0,0
48967,1,0,0,0,0
48968,1,0,0,0,0
48969,1,0,0,0,0
48970,1,0,0,0,0
48971,1,0,0,0,0
48972,1,0,0,0,0
48973,1,0,0,0,0
48974,1,0,0,0,0
48975,1,0,0,0,0
48976,1,0,0,0,0
48977,1,0,0,0,0
48978,1,0,0,0,0
48979,1,0,0,0,0
48980,1,0,0,0,0
48981,1,0,0,0,0
48982,1,0,0,0,0
48983,1,0,0,0,0
48984,1,0,0,0,0
48985,1,0,0,0,0
48986,1,0,0,0,0
48987,1,0,0,0,0
48988,1,0,0,0,0
48989,1,0,0,0,0
48990,1,0,0,0,0
48991,1,0,0,0,0
48992,1,0,0,0,0
48993,1,0,0,0,0
48994,1,0,0,0,0
48995,1,0,0,0,0
48996,1,0,0,0,0
48997,1,0,0,0,0
48998,1,0,0,0,0
48999,1,0,0,0,0
49000,1,0,0,0,0
49001,1,0,0,0,0
49002,1,0,0,0,0
49003,1,0,0,0,0
49004,1,0,0,0,0
49005,1,0,0,0,0
49006,1,0,0,0,0
49007,1,0,0,0,0
49008,1,0,0,0,0
49009,1,0,0,0,0
49010,1,0,0,0,0
49011,1,0,0,0,0
49012,1,0,0,0,0
49013,1,0,0,0,0
49014,1,0,0,0,0
49015,1,0,0,0,0
49016,1,0,0,0,0
49017,1,0,0,0,0
49018,1,0,0,0,0
49019,1,0,0,0,0
49020,1,0,0,0,0
49021,1,0,0,0,0
49022,1,0,0,0,0
49023,1,0,0,0,0
49024,1,0,0,0,0
49025,1,0,0,0,0
49026,1,0,0,0,0
49027,1,0,0,0,0
49028,1,0,0,0,0
49029,1,0,0,0,0
49030,1,0,0,0,0
49031,1,0,0,0,0
49032,1,0,0,0,0
49033,1,0,0,0,0
49034,1,0,0,0,0
49035,1,0,0,0,0
49036,1,0,0,0,0
49037,1,0,0,0,0
49038,1,0,0,0,0
49039,1,0,0,0,0
49040,1,0,0,0,0
49041,1,0,0,0,0
49042,1,0,0,0,0
49043,1,0,0,0,0
49044,1,0,0,0,0
49045,1,0,0,0,0
49046,1,0,0,0,0
49047,1,0,0,0,0
49048,1,0,0,0,0
49049,1,0,0,0,0
49050,1,0,0,0,0
49051,1,0,0,0,0
49052,1,0,0,0,0
49053,1,0,0,0,0
49054,1,0,0,0,0
49055,1,0,0,0,0
49056,1,0,0,0,0
49057,1,0,0,0,0
49058,1,0,0,0,0
49059,1,0,0,0,0
49060,1,0,0,0,0
49061,1,0,0,0,0
49062,1,0,0,0,0
49063,1,0,0,0,0
49064,1,0,0,0,0
49065,1,0,0,0,0
49066,1,0,0,0,0
49067,1,0,0,0,0
49068,1,0,0,0,0
49069,1,0,0,0,0
49070,1,0,0,0,0
49071,1,0,0,0,0
49072,1,0,0,0,0
49073,1,0,0,0,0
49074,1,0,0,0,0
49075,1,0,0,0,0
49076,1,0,0,0,0
49077,1,0,0,0,0
49078,1,0,0,0,0
49079,1,0,0,0,0
49080,1,0,0,0,0
49081,1,0,0,0,0
49082,1,0,0,0,0
49083,1,0,0,0,0
49084,1,0,0,0,0
49085,1,0,0,0,0
49086,1,0,0,0,0
49087,1,0,0,0,0
49088,1,0,0,0,0
49089,1,0,0,0,0
49090,1,0,0,0,0
49091,1,0,0,0,0
49092,1,0,0,0,0
49093,1,0,0,0,0
49094,1,0,0,0,0
49095,1,0,0,0,0
49096,1,0,0,0,0
49097,1,0,0,0,0
49098,1,0,0,0,0
49099,1,0,0,0,0
49100,1,0,0,0,0
49101,1,0,0,0,0
49102,1,0,0,0,0
49103,1,0,0,0,0
49104,1,0,0,0,0
49105,1,0,0,0,0
49106,1,0,0,0,0
49107,1,0,0,0,0
49108,1,0,0,0,0
49109,1,0,0,0,0
49110,1,0,0,0,0
49111,1,0,0,0,0
49112,1,0,0,0,0
49113,1,0,0,0,0
49114,1,0,0,0,0
49115,1,0,0,0,0
49116,1,0,0,0,0
49117,1,0,0,0,0
49118,1,0,0,0,0
49119,1,0,0,0,0
49120,1,0,0,0,0
49121,1,0,0,0,0
49122,1,0,0,0,0
49123,1,0,0,0,0
49124,1,0,0,0,0
49125,1,0,0,0,0
49126,1,0,0,0,0
49127,1,0,0,0,0
49128,1,0,0,0,0
49129,1,0,0,0,0
49130,1,0,0,0,0
49131,1,0,0,0,0
49132,1,0,0,0,0
49133,1,0,0,0,0
49134,1,0,0,0,0
49135,1,0,0,0,0
49136,1,0,0,0,0
49137,1,0,0,0,0
49138,1,0,0,0,0
49139,1,0,0,0,0
49140,1,0,0,0,0
49141,1,0,0,0,0
49142,1,0,0,0,0
49143,1,0,0,0,0
49144,1,0,0,0,0
49145,1,0,0,0,0
49146,1,0,0,0,0
49147,1,0,0,0,0
49148,1,0,0,0,0
49149,1,0,0,0,0
49150,1,0,0,0,0
49151,1,0,0,0,0
49152,1,0,0,0,0
49153,1,0,0,0,0
49154,1,0,0,0,0
49155,1,0,0,0,0
49156,1,0,0,0,0
49157,1,0,0,0,0
49158,1,0,0,0,0
49159,1,0,0,0,0
49160,1,0,0,0,0
49161,1,0,0,0,0
49162,1,0,0,0,0
49163,1,0,0,0,0
49164,1,0,0,0,0
49165,1,0,0,0,0
49166,1,0,0,0,0
49167,1,0,0,0,0
49168,1,0,0,0,0
49169,1,0,0,0,0
49170,1,0,0,0,0
49171,1,0,0,0,0
49172,1,0,0,0,0
49173,1,0,0,0,0
49174,1,0,0,0,0
49175,1,0,0,0,0
49176,1,0,0,0,0
49177,1,0,0,0,0
49178,1,0,0,0,0
49179,1,0,0,0,0
49180,1,0,0,0,0
49181,1,0,0,0,0
49182,1,0,0,0,0
49183,1,0,0,0,0
49184,1,0,0,0,0
49185,1,0,0,0,0
49186,1,0,0,0,0
49187,1,0,0,0,0
49188,1,0,0,0,0
49189,1,0,0,0,0
49190,1,0,0,0,0
49191,1,0,0,0,0
49192,1,0,0,0,0
49193,1,0,0,0,0
49194,1,0,0,0,0
49195,1,0,0,0,0
49196,1,0,0,0,0
49197,1,0,0,0,0
49198,1,0,0,0,0
49199,1,0,0,0,0
49200,1,0,0,0,0
49201,1,0,0,0,0
49202,1,0,0,0,0
49203,1,0,0,0,0
49204,1,0,0,0,0
49205,1,0,0,0,0
49206,1,0,0,0,0
49207,1,0,0,0,0
49208,1,0,0,0,0
49209,1,0,0,0,0
49210,1,0,0,0,0
49211,1,0,0,0,0
49212,1,0,0,0,0
49213,1,0,0,0,0
49214,1,0,0,0,0
49215,1,0,0,0,0
49216,1,0,0,0,0
49217,1,0,0,0,0
49218,1,0,0,0,0
49219,1,0,0,0,0
49220,1,0,0,0,0
49221,1,0,0,0,0
49222,1,0,0,0,0
49223,1,0,0,0,0
49224,1,0,0,0,0
49225,1,0,0,0,0
49226,1,0,0,0,0
49227,1,0,0,0,0
49228,1,0,0,0,0
49229,1,0,0,0,0
49230,1,0,0,0,0
49231,1,0,0,0,0
49232,1,0,0,0,0
49233,1,0,0,0,0
49234,1,0,0,0,0
49235,1,0,0,0,0
49236,1,0,0,0,0
49237,1,0,0,0,0
49238,1,0,0,0,0
49239,1,0,0,0,0
49240,1,0,0,0,0
49241,1,0,0,0,0
49242,1,0,0,0,0
49243,1,0,0,0,0
49244,1,0,0,0,0
49245,1,0,0,0,0
49246,1,0,0,0,0
49247,1,0,0,0,0
49248,1,0,0,0,0
49249,1,0,0,0,0
49250,1,0,0,0,0
49251,1,0,0,0,0
49252,1,0,0,0,0
49253,1,0,0,0,0
49254,1,0,0,0,0
49255,1,0,0,0,0
49256,1,0,0,0,0
49257,1,0,0,0,0
49258,1,0,0,0,0
49259,1,0,0,0,0
49260,1,0,0,0,0
49261,1,0,0,0,0
49262,1,0,0,0,0
49263,1,0,0,0,0
49264,1,0,0,0,0
49265,1,0,0,0,0
49266,1,0,0,0,0
49267,1,0,0,0,0
49268,1,0,0,0,0
49269,1,0,0,0,0
49270,1,0,0,0,0
49271,1,0,0,0,0
49272,1,0,0,0,0
49273,1,0,0,0,0
49274,1,0,0,0,0
49275,1,0,0,0,0
49276,1,0,0,0,0
49277,1,0,0,0,0
49278,1,0,0,0,0
49279,1,0,0,0,0
49280,1,0,0,0,0
49281,1,0,0,0,0
49282,1,0,0,0,0
49283,1,0,0,0,0
49284,1,0,0,0,0
49285,1,0,0,0,0
49286,1,0,0,0,0
49287,1,0,0,0,0
49288,1,0,0,0,0
49289,1,0,0,0,0
49290,1,0,0,0,0
49291,1,0,0,0,0
49292,1,0,0,0,0
49293,1,0,0,0,0
49294,1,0,0,0,0
49295,1,0,0,0,0
49296,1,0,0,0,0
49297,1,0,0,0,0
49298,1,0,0,0,0
49299,1,0,0,0,0
49300,1,0,0,0,0
49301,1,0,0,0,0
49302,1,0,0,0,0
49303,1,0,0,0,0
49304,1,0,0,0,0
49305,1,0,0,0,0
49306,1,0,0,0,0
49307,1,0,0,0,0
49308,1,0,0,0,0
49309,1,0,0,0,0
49310,1,0,0,0,0
49311,1,0,0,0,0
49312,1,0,0,0,0
49313,1,0,0,0,0
49314,1,0,0,0,0
49315,1,0,0,0,0
49316,1,0,0,0,0
49317,1,0,0,0,0
49318,1,0,0,0,0
49319,1,0,0,0,0
49320,1,0,0,0,0
49321,1,0,0,0,0
49322,1,0,0,0,0
49323,1,0,0,0,0
49324,1,0,0,0,0
49325,1,0,0,0,0
49326,1,0,0,0,0
49327,1,0,0,0,0
49328,1,0,0,0,0
49329,1,0,0,0,0
49330,1,0,0,0,0
49331,1,0,0,0,0
49332,1,0,0,0,0
49333,1,0,0,0,0
49334,1,0,0,0,0
49335,1,0,0,0,0
49336,1,0,0,0,0
49337,1,0,0,0,0
49338,1,0,0,0,0
49339,1,0,0,0,0
49340,1,0,0,0,0
49341,1,0,0,0,0
49342,1,0,0,0,0
49343,1,0,0,0,0
49344,1,0,0,0,0
49345,1,0,0,0,0
49346,1,0,0,0,0
49347,1,0,0,0,0
49348,1,0,0,0,0
49349,1,0,0,0,0
49350,1,0,0,0,0
49351,1,0,0,0,0
49352,1,0,0,0,0
49353,1,0,0,0,0
49354,0,0,0,0,1
49355,0,0,0,0,1
49356,0,0,0,0,1
49357,0,0,0,0,1
49358,0,0,0,0,1
49359,0,0,0,0,1
49360,0,0,0,0,1
49361,0,0,0,0,1
49362,0,0,0,0,1
49363,0,0,0,0,1
49364,0,0,0,0,1
49365,0,0,0,0,1
49366,0,0,0,0,1
49367,0,0,0,0,1
49368,0,0,0,0,1
49369,0,0,0,0,1
49370,0,0,0,0,1
49371,0,0,0,0,1
49372,0,0,0,0,1
49373,0,0,0,0,1
49374,0,0,0,0,1
49375,0,0,0,0,1
49376,0,0,0,0,1
49377,0,0,0,0,1
49378,0,0,0,0,1
49379,0,0,0,0,1
49380,0,0,0,0,1
49381,0,0,0,0,1
49382,0,0,0,0,1
49383,0,0,0,0,1
49384,0,0,0,0,1
49385,0,0,0,0,1
49386,0,0,0,0,1
49387,0,0,0,0,1
49388,0,0,0,0,1
49389,0,0,0,0,1
49390,0,0,0,0,1
49391,0,0,0,0,1
49392,0,0,0,0,1
49393,0,0,0,0,1
49394,0,0,0,0,1
49395,0,0,0,0,1
49396,0,0,0,0,1
49397,0,0,0,0,1
49398,0,0,0,0,1
49399,0,0,0,0,1
49400,0,0,0,0,1
49401,0,0,0,0,1
49402,0,0,0,0,1
49403,0,0,0,0,1
49404,0,0,0,0,1
49405,0,0,0,0,1
49406,0,0,0,0,1
49407,0,0,0,0,1
49408,0,0,0,0,1
49409,0,0,0,0,1
49410,0,0,0,0,1
49411,0,0,0,0,1
49412,0,0,0,0,1
49413,0,0,0,0,1
49414,0,0,0,0,1
49415,0,0,0,0,1
49416,0,0,0,0,1
49417,0,0,0,0,1
49418,0,0,0,0,1
49419,0,0,0,0,1
49420,0,0,0,0,1
49421,0,0,0,0,1
49422,1,0,0,0,0
49423,1,0,0,0,0
49424,1,0,0,0,0
49425,1,0,0,0,0
49426,1,0,0,0,0
49427,1,0,0,0,0
49428,1,0,0,0,0
49429,1,0,0,0,0
49430,1,0,0,0,0
49431,1,0,0,0,0
49432,1,0,0,0,0
49433,1,0,0,0,0
49434,1,0,0,0,0
49435,0,0,1,0,0
49436,0,0,1,0,0
49437,0,0,1,0,0
49438,0,0,1,0,0
49439,0,0,1,0,0
49440,0,0,1,0,0
49441,0,0,1,0,0
49442,0,0,1,0,0
49443,0,0,1,0,0
49444,0,0,1,0,0
49445,0,0,1,0,0
49446,0,0,1,0,0
49447,0,0,1,0,0
49448,0,0,1,0,0
49449,0,0,1,0,0
49450,0,0,1,0,0
49451,0,0,1,0,0
49452,0,0,1,0,0
49453,0,0,1,0,0
49454,0,0,1,0,0
49455,0,0,1,0,0
49456,0,0,1,0,0
49457,0,0,1,0,0
49458,0,0,1,0,0
49459,0,0,1,0,0
49460,0,0,1,0,0
49461,0,0,1,0,0
49462,0,0,1,0,0
49463,0,0,1,0,0
49464,0,0,1,0,0
49465,0,0,1,0,0
49466,0,0,1,0,0
49467,0,0,1,0,0
49468,0,0,1,0,0
49469,0,0,1,0,0
49470,0,0,1,0,0
49471,0,0,1,0,0
49472,0,0,1,0,0
49473,0,0,1,0,0
49474,1,0,0,0,0
49475,1,0,0,0,0
49476,1,0,0,0,0
49477,1,0,0,0,0
49478,0,0,1,0,0
49479,0,0,1,0,0
49480,0,0,1,0,0
49481,0,0,1,0,0
49482,0,0,1,0,0
49483,0,0,1,0,0
49484,0,0,1,0,0
49485,0,0,1,0,0
49486,0,0,1,0,0
49487,0,0,1,0,0
49488,0,0,1,0,0
49489,0,0,1,0,0
49490,0,0,1,0,0
49491,0,0,1,0,0
49492,0,0,1,0,0
49493,0,0,1,0,0
49494,0,0,1,0,0
49495,0,0,1,0,0
49496,0,0,1,0,0
49497,0,0,1,0,0
49498,0,0,1,0,0
49499,0,0,1,0,0
49500,0,0,1,0,0
49501,0,0,1,0,0
49502,0,0,1,0,0
49503,0,0,1,0,0
49504,0,0,1,0,0
49505,1,0,0,0,0
49506,1,0,0,0,0
49507,1,0,0,0,0
49508,1,0,0,0,0
49509,1,0,0,0,0
49510,1,0,0,0,0
49511,1,0,0,0,0
49512,1,0,0,0,0
49513,1,0,0,0,0
49514,1,0,0,0,0
49515,1,0,0,0,0
49516,1,0,0,0,0
49517,1,0,0,0,0
49518,1,0,0,0,0
49519,1,0,0,0,0
49520,1,0,0,0,0
49521,1,0,0,0,0
49522,1,0,0,0,0
49523,1,0,0,0,0
49524,1,0,0,0,0
49525,1,0,0,0,0
49526,1,0,0,0,0
49527,1,0,0,0,0
49528,1,0,0,0,0
49529,1,0,0,0,0
49530,1,0,0,0,0
49531,1,0,0,0,0
49532,1,0,0,0,0
49533,1,0,0,0,0
49534,1,0,0,0,0
49535,1,0,0,0,0
49536,1,0,0,0,0
49537,1,0,0,0,0
49538,1,0,0,0,0
49539,1,0,0,0,0
49540,1,0,0,0,0
49541,1,0,0,0,0
49542,1,0,0,0,0
49543,1,0,0,0,0
49544,1,0,0,0,0
49545,1,0,0,0,0
49546,1,0,0,0,0
49547,1,0,0,0,0
49548,1,0,0,0,0
49549,1,0,0,0,0
49550,1,0,0,0,0
49551,1,0,0,0,0
49552,1,0,0,0,0
49553,1,0,0,0,0
49554,1,0,0,0,0
49555,1,0,0,0,0
49556,1,0,0,0,0
49557,1,0,0,0,0
49558,1,0,0,0,0
49559,1,0,0,0,0
49560,1,0,0,0,0
49561,1,0,0,0,0
49562,1,0,0,0,0
49563,1,0,0,0,0
49564,1,0,0,0,0
49565,1,0,0,0,0
49566,1,0,0,0,0
49567,1,0,0,0,0
49568,1,0,0,0,0
49569,1,0,0,0,0
49570,1,0,0,0,0
49571,1,0,0,0,0
49572,0,1,0,0,0
49573,0,1,0,0,0
49574,0,1,0,0,0
49575,0,1,0,0,0
49576,0,1,0,0,0
49577,0,1,0,0,0
49578,0,1,0,0,0
49579,0,1,0,0,0
49580,0,1,0,0,0
49581,0,1,0,0,0
49582,0,1,0,0,0
49583,0,1,0,0,0
49584,0,1,0,0,0
49585,0,1,0,0,0
49586,0,1,0,0,0
49587,0,1,0,0,0
49588,0,1,0,0,0
49589,0,1,0,0,0
49590,0,1,0,0,0
49591,0,1,0,0,0
49592,0,1,0,0,0
49593,0,1,0,0,0
49594,0,1,0,0,0
49595,0,1,0,0,0
49596,0,1,0,0,0
49597,0,1,0,0,0
49598,0,1,0,0,0
49599,0,1,0,0,0
49600,0,1,0,0,0
49601,0,1,0,0,0
49602,0,1,0,0,0
49603,0,1,0,0,0
49604,0,1,0,0,0
49605,0,1,0,0,0
49606,0,1,0,0,0
49607,0,1,0,0,0
49608,0,1,0,0,0
49609,0,1,0,0,0
49610,0,1,0,0,0
49611,0,1,0,0,0
49612,0,1,0,0,0
49613,0,1,0,0,0
49614,0,1,0,0,0
49615,0,1,0,0,0
49616,0,1,0,0,0
49617,1,0,0,0,0
49618,1,0,0,0,0
49619,1,0,0,0,0
49620,1,0,0,0,0
49621,1,0,0,0,0
49622,1,0,0,0,0
49623,1,0,0,0,0
49624,1,0,0,0,0
49625,1,0,0,0,0
49626,1,0,0,0,0
49627,1,0,0,0,0
49628,1,0,0,0,0
49629,1,0,0,0,0
49630,1,0,0,0,0
49631,1,0,0,0,0
49632,1,0,0,0,0
49633,1,0,0,0,0
49634,1,0,0,0,0
49635,1,0,0,0,0
49636,1,0,0,0,0
49637,1,0,0,0,0
49638,1,0,0,0,0
49639,1,0,0,0,0
49640,1,0,0,0,0
49641,1,0,0,0,0
49642,1,0,0,0,0
49643,1,0,0,0,0
49644,1,0,0,0,0
49645,1,0,0,0,0
49646,1,0,0,0,0
49647,1,0,0,0,0
49648,1,0,0,0,0
49649,1,0,0,0,0
49650,1,0,0,0,0
49651,1,0,0,0,0
49652,1,0,0,0,0
49653,1,0,0,0,0
49654,1,0,0,0,0
49655,1,0,0,0,0
49656,1,0,0,0,0
49657,1,0,0,0,0
49658,1,0,0,0,0
49659,1,0,0,0,0
49660,1,0,0,0,0
49661,1,0,0,0,0
49662,1,0,0,0,0
49663,1,0,0,0,0
49664,1,0,0,0,0
49665,1,0,0,0,0
49666,1,0,0,0,0
49667,1,0,0,0,0
49668,1,0,0,0,0
49669,1,0,0,0,0
49670,1,0,0,0,0
49671,1,0,0,0,0
49672,1,0,0,0,0
49673,1,0,0,0,0
49674,1,0,0,0,0
49675,1,0,0,0,0
49676,1,0,0,0,0
49677,1,0,0,0,0
49678,1,0,0,0,0
49679,1,0,0,0,0
49680,1,0,0,0,0
49681,1,0,0,0,0
49682,1,0,0,0,0
49683,1,0,0,0,0
49684,1,0,0,0,0
49685,1,0,0,0,0
49686,1,0,0,0,0
49687,1,0,0,0,0
49688,1,0,0,0,0
49689,1,0,0,0,0
49690,1,0,0,0,0
49691,1,0,0,0,0
49692,1,0,0,0,0
49693,1,0,0,0,0
49694,1,0,0,0,0
49695,1,0,0,0,0
49696,1,0,0,0,0
49697,1,0,0,0,0
49698,1,0,0,0,0
49699,1,0,0,0,0
49700,1,0,0,0,0
49701,1,0,0,0,0
49702,1,0,0,0,0
49703,1,0,0,0,0
49704,1,0,0,0,0
49705,1,0,0,0,0
49706,1,0,0,0,0
49707,1,0,0,0,0
49708,1,0,0,0,0
49709,1,0,0,0,0
49710,1,0,0,0,0
49711,1,0,0,0,0
49712,1,0,0,0,0
49713,1,0,0,0,0
49714,1,0,0,0,0
49715,1,0,0,0,0
49716,1,0,0,0,0
49717,1,0,0,0,0
49718,1,0,0,0,0
49719,1,0,0,0,0
49720,1,0,0,0,0
49721,1,0,0,0,0
49722,0,0,0,1,0
49723,0,0,0,1,0
49724,0,0,0,1,0
49725,0,0,0,1,0
49726,0,0,0,1,0
49727,0,0,0,1,0
49728,0,0,0,1,0
49729,0,0,0,1,0
49730,0,0,0,1,0
49731,0,0,0,1,0
49732,0,0,0,1,0
49733,0,0,0,1,0
49734,0,0,0,1,0
49735,0,0,0,1,0
49736,0,0,0,1,0
49737,0,0,0,1,0
49738,0,0,0,1,0
49739,0,0,0,1,0
49740,1,0,0,0,0
49741,1,0,0,0,0
49742,1,0,0,0,0
49743,1,0,0,0,0
49744,1,0,0,0,0
49745,1,0,0,0,0
49746,1,0,0,0,0
49747,1,0,0,0,0
49748,1,0,0,0,0
49749,1,0,0,0,0
49750,0,0,1,0,0
49751,0,0,1,0,0
49752,0,0,1,0,0
49753,0,0,1,0,0
49754,0,0,1,0,0
49755,0,0,1,0,0
49756,0,0,1,0,0
49757,0,0,1,0,0
49758,0,0,1,0,0
49759,0,0,1,0,0
49760,0,0,1,0,0
49761,0,0,1,0,0
49762,0,0,1,0,0
49763,0,0,1,0,0
49764,0,0,1,0,0
49765,0,0,1,0,0
49766,0,0,1,0,0
49767,0,0,1,0,0
49768,0,0,1,0,0
49769,0,0,1,0,0
49770,0,0,1,0,0
49771,0,0,1,0,0
49772,0,0,1,0,0
49773,0,0,1,0,0
49774,0,0,1,0,0
49775,0,0,1,0,0
49776,0,0,1,0,0
49777,0,0,1,0,0
49778,0,0,1,0,0
49779,0,0,1,0,0
49780,1,0,0,0,0
49781,1,0,0,0,0
49782,1,0,0,0,0
49783,1,0,0,0,0
49784,1,0,0,0,0
49785,1,0,0,0,0
49786,1,0,0,0,0
49787,1,0,0,0,0
49788,1,0,0,0,0
49789,1,0,0,0,0
49790,1,0,0,0,0
49791,1,0,0,0,0
49792,1,0,0,0,0
49793,1,0,0,0,0
49794,1,0,0,0,0
49795,1,0,0,0,0
49796,1,0,0,0,0
49797,1,0,0,0,0
49798,1,0,0,0,0
49799,1,0,0,0,0
49800,1,0,0,0,0
49801,1,0,0,0,0
49802,1,0,0,0,0
49803,1,0,0,0,0
49804,1,0,0,0,0
49805,1,0,0,0,0
49806,1,0,0,0,0
49807,1,0,0,0,0
49808,1,0,0,0,0
49809,1,0,0,0,0
49810,1,0,0,0,0
49811,1,0,0,0,0
49812,1,0,0,0,0
49813,1,0,0,0,0
49814,1,0,0,0,0
49815,1,0,0,0,0
49816,1,0,0,0,0
49817,1,0,0,0,0
49818,1,0,0,0,0
49819,1,0,0,0,0
49820,1,0,0,0,0
49821,1,0,0,0,0
49822,1,0,0,0,0
49823,1,0,0,0,0
49824,1,0,0,0,0
49825,1,0,0,0,0
49826,1,0,0,0,0
49827,1,0,0,0,0
49828,1,0,0,0,0
49829,1,0,0,0,0
49830,1,0,0,0,0
49831,1,0,0,0,0
49832,1,0,0,0,0
49833,1,0,0,0,0
49834,1,0,0,0,0
49835,1,0,0,0,0
49836,1,0,0,0,0
49837,1,0,0,0,0
49838,1,0,0,0,0
49839,1,0,0,0,0
49840,1,0,0,0,0
49841,1,0,0,0,0
49842,1,0,0,0,0
49843,1,0,0,0,0
49844,1,0,0,0,0
49845,1,0,0,0,0
49846,1,0,0,0,0
49847,1,0,0,0,0
49848,1,0,0,0,0
49849,1,0,0,0,0
49850,1,0,0,0,0
49851,1,0,0,0,0
49852,1,0,0,0,0
49853,1,0,0,0,0
49854,1,0,0,0,0
49855,1,0,0,0,0
49856,1,0,0,0,0
49857,1,0,0,0,0
49858,1,0,0,0,0
49859,1,0,0,0,0
49860,1,0,0,0,0
49861,1,0,0,0,0
49862,1,0,0,0,0
49863,1,0,0,0,0
49864,1,0,0,0,0
49865,1,0,0,0,0
49866,1,0,0,0,0
49867,1,0,0,0,0
49868,1,0,0,0,0
49869,1,0,0,0,0
49870,1,0,0,0,0
49871,1,0,0,0,0
49872,1,0,0,0,0
49873,1,0,0,0,0
49874,1,0,0,0,0
49875,1,0,0,0,0
49876,1,0,0,0,0
49877,1,0,0,0,0
49878,1,0,0,0,0
49879,1,0,0,0,0
49880,0,0,0,0,1
49881,0,0,0,0,1
49882,0,0,0,0,1
49883,0,0,0,0,1
49884,0,0,0,0,1
49885,0,0,0,0,1
49886,0,0,0,0,1
49887,0,0,0,0,1
49888,0,0,0,0,1
49889,0,0,0,0,1
49890,0,0,0,0,1
49891,0,0,0,0,1
49892,0,0,0,0,1
49893,0,0,0,0,1
49894,0,0,0,0,1
49895,0,0,0,0,1
49896,0,0,0,0,1
49897,0,0,0,0,1
49898,0,0,0,0,1
49899,0,0,0,0,1
49900,0,0,0,0,1
49901,0,0,0,0,1
49902,0,0,0,0,1
49903,0,0,0,0,1
49904,0,0,0,0,1
49905,0,0,0,0,1
49906,0,0,0,0,1
49907,0,0,0,0,1
49908,0,0,0,0,1
49909,0,0,0,0,1
49910,0,0,0,0,1
49911,0,0,0,0,1
49912,0,0,0,0,1
49913,0,0,0,0,1
49914,0,0,0,0,1
49915,0,0,0,0,1
49916,0,0,0,0,1
49917,0,0,0,0,1
49918,0,0,0,0,1
49919,0,0,0,0,1
49920,0,0,0,0,1
49921,0,0,0,0,1
49922,0,0,0,0,1
49923,0,0,0,0,1
49924,0,0,0,0,1
49925,0,0,0,0,1
49926,0,0,0,0,1
49927,0,0,0,0,1
49928,0,0,0,0,1
49929,0,0,0,0,1
49930,0,0,0,0,1
49931,0,0,0,0,1
49932,0,0,0,0,1
49933,0,0,0,0,1
49934,0,0,0,0,1
49935,0,0,0,0,1
49936,0,0,0,0,1
49937,0,0,0,0,1
49938,0,0,0,0,1
49939,0,0,0,0,1
49940,0,0,0,0,1
49941,0,0,0,0,1
49942,0,0,0,0,1
49943,0,0,0,0,1
49944,0,0,0,0,1
49945,0,0,0,0,1
49946,0,0,0,0,1
49947,0,0,0,0,1
49948,0,0,0,0,1
49949,0,0,0,0,1
49950,0,0,0,0,1
49951,0,0,0,0,1
49952,0,0,0,0,1
49953,0,0,0,0,1
49954,0,0,0,0,1
49955,0,0,0,0,1
49956,0,0,0,0,1
49957,0,0,0,0,1
49958,0,0,0,0,1
49959,0,0,0,0,1
49960,0,0,0,0,1
49961,0,0,0,0,1
49962,0,0,0,0,1
49963,0,0,0,0,1
49964,0,0,0,0,1
49965,0,0,0,0,1
49966,0,0,0,0,1
49967,0,0,0,0,1
49968,0,0,0,0,1
49969,0,0,0,0,1
49970,0,0,0,0,1
49971,0,0,0,0,1
49972,0,0,0,0,1
49973,0,0,0,0,1
49974,0,0,0,0,1
49975,0,0,0,0,1
49976,0,0,0,0,1
49977,0,0,0,0,1
49978,0,0,0,0,1
49979,0,0,0,0,1
49980,0,0,0,0,1
49981,0,0,0,0,1
49982,0,0,0,0,1
49983,0,0,0,0,1
49984,0,0,0,0,1
49985,0,0,0,0,1
49986,0,0,0,0,1
49987,0,0,0,0,1
49988,0,0,0,0,1
49989,0,0,0,0,1
49990,0,0,0,0,1
49991,0,0,0,0,1
49992,0,0,0,0,1
49993,0,0,0,0,1
49994,0,0,0,0,1
49995,0,0,0,0,1
49996,0,0,0,0,1
49997,0,0,0,0,1
49998,0,0,0,0,1
49999,0,0,0,0,1
50000,0,0,0,0,1
50001,0,0,0,0,1
50002,0,0,0,0,1
50003,0,0,0,0,1
50004,0,0,0,0,1
50005,0,0,0,0,1
50006,0,0,0,0,1
50007,0,0,0,0,1
50008,0,0,0,0,1
50009,0,0,0,0,1
50010,0,0,0,0,1
50011,0,0,0,0,1
50012,0,0,0,0,1
50013,0,0,0,1,0
50014,0,0,0,1,0
50015,0,0,0,1,0
50016,0,0,0,1,0
50017,0,0,0,1,0
50018,0,0,0,1,0
50019,0,0,0,1,0
50020,0,0,0,1,0
50021,0,0,0,1,0
50022,0,0,0,1,0
50023,0,0,0,1,0
50024,0,0,0,1,0
50025,0,0,0,1,0
50026,0,0,0,1,0
50027,0,0,0,1,0
50028,0,0,0,1,0
50029,0,0,0,1,0
50030,1,0,0,0,0
50031,1,0,0,0,0
50032,1,0,0,0,0
50033,1,0,0,0,0
50034,1,0,0,0,0
50035,1,0,0,0,0
50036,1,0,0,0,0
50037,1,0,0,0,0
50038,1,0,0,0,0
50039,1,0,0,0,0
50040,1,0,0,0,0
50041,1,0,0,0,0
50042,1,0,0,0,0
50043,1,0,0,0,0
50044,1,0,0,0,0
50045,1,0,0,0,0
50046,1,0,0,0,0
50047,1,0,0,0,0
50048,1,0,0,0,0
50049,1,0,0,0,0
50050,1,0,0,0,0
50051,1,0,0,0,0
50052,1,0,0,0,0
50053,1,0,0,0,0
50054,1,0,0,0,0
50055,1,0,0,0,0
50056,1,0,0,0,0
50057,1,0,0,0,0
50058,1,0,0,0,0
50059,1,0,0,0,0
50060,1,0,0,0,0
50061,1,0,0,0,0
50062,1,0,0,0,0
50063,1,0,0,0,0
50064,1,0,0,0,0
50065,1,0,0,0,0
50066,1,0,0,0,0
50067,1,0,0,0,0
50068,1,0,0,0,0
50069,1,0,0,0,0
50070,1,0,0,0,0
50071,1,0,0,0,0
50072,1,0,0,0,0
50073,1,0,0,0,0
50074,1,0,0,0,0
50075,1,0,0,0,0
50076,1,0,0,0,0
50077,1,0,0,0,0
50078,1,0,0,0,0
50079,1,0,0,0,0
50080,1,0,0,0,0
50081,1,0,0,0,0
50082,1,0,0,0,0
50083,1,0,0,0,0
50084,1,0,0,0,0
50085,1,0,0,0,0
50086,1,0,0,0,0
50087,1,0,0,0,0
50088,1,0,0,0,0
50089,1,0,0,0,0
50090,1,0,0,0,0
50091,1,0,0,0,0
50092,1,0,0,0,0
50093,1,0,0,0,0
50094,1,0,0,0,0
50095,1,0,0,0,0
50096,1,0,0,0,0
50097,1,0,0,0,0
50098,1,0,0,0,0
50099,1,0,0,0,0
50100,1,0,0,0,0
50101,1,0,0,0,0
50102,1,0,0,0,0
50103,1,0,0,0,0
50104,1,0,0,0,0
50105,1,0,0,0,0
50106,1,0,0,0,0
50107,1,0,0,0,0
50108,1,0,0,0,0
50109,1,0,0,0,0
50110,1,0,0,0,0
50111,1,0,0,0,0
50112,1,0,0,0,0
50113,1,0,0,0,0
50114,1,0,0,0,0
50115,1,0,0,0,0
50116,1,0,0,0,0
50117,1,0,0,0,0
50118,1,0,0,0,0
50119,1,0,0,0,0
50120,1,0,0,0,0
50121,1,0,0,0,0
50122,1,0,0,0,0
50123,1,0,0,0,0
50124,1,0,0,0,0
50125,1,0,0,0,0
50126,1,0,0,0,0
50127,1,0,0,0,0
50128,1,0,0,0,0
50129,1,0,0,0,0
50130,1,0,0,0,0
50131,1,0,0,0,0
50132,1,0,0,0,0
50133,1,0,0,0,0
50134,1,0,0,0,0
50135,1,0,0,0,0
50136,1,0,0,0,0
50137,1,0,0,0,0
50138,1,0,0,0,0
50139,1,0,0,0,0
50140,1,0,0,0,0
50141,1,0,0,0,0
50142,1,0,0,0,0
50143,1,0,0,0,0
50144,1,0,0,0,0
50145,1,0,0,0,0
50146,1,0,0,0,0
50147,1,0,0,0,0
50148,1,0,0,0,0
50149,1,0,0,0,0
50150,1,0,0,0,0
50151,1,0,0,0,0
50152,1,0,0,0,0
50153,1,0,0,0,0
50154,1,0,0,0,0
50155,1,0,0,0,0
50156,1,0,0,0,0
50157,1,0,0,0,0
50158,1,0,0,0,0
50159,1,0,0,0,0
50160,1,0,0,0,0
50161,1,0,0,0,0
50162,1,0,0,0,0
50163,1,0,0,0,0
50164,1,0,0,0,0
50165,1,0,0,0,0
50166,1,0,0,0,0
50167,1,0,0,0,0
50168,1,0,0,0,0
50169,1,0,0,0,0
50170,1,0,0,0,0
50171,1,0,0,0,0
50172,1,0,0,0,0
50173,1,0,0,0,0
50174,1,0,0,0,0
50175,1,0,0,0,0
50176,1,0,0,0,0
50177,1,0,0,0,0
50178,1,0,0,0,0
50179,1,0,0,0,0
50180,1,0,0,0,0
50181,1,0,0,0,0
50182,1,0,0,0,0
50183,1,0,0,0,0
50184,1,0,0,0,0
50185,1,0,0,0,0
50186,1,0,0,0,0
50187,1,0,0,0,0
50188,1,0,0,0,0
50189,1,0,0,0,0
50190,1,0,0,0,0
50191,1,0,0,0,0
50192,1,0,0,0,0
50193,1,0,0,0,0
50194,1,0,0,0,0
50195,1,0,0,0,0
50196,1,0,0,0,0
50197,1,0,0,0,0
50198,1,0,0,0,0
50199,1,0,0,0,0
50200,1,0,0,0,0
50201,1,0,0,0,0
50202,1,0,0,0,0
50203,1,0,0,0,0
50204,1,0,0,0,0
50205,1,0,0,0,0
50206,1,0,0,0,0
50207,1,0,0,0,0
50208,1,0,0,0,0
50209,1,0,0,0,0
50210,1,0,0,0,0
50211,1,0,0,0,0
50212,1,0,0,0,0
50213,1,0,0,0,0
50214,1,0,0,0,0
50215,1,0,0,0,0
50216,1,0,0,0,0
50217,1,0,0,0,0
50218,1,0,0,0,0
50219,1,0,0,0,0
50220,1,0,0,0,0
50221,1,0,0,0,0
50222,1,0,0,0,0
50223,1,0,0,0,0
50224,0,0,1,0,0
50225,0,0,1,0,0
50226,0,0,1,0,0
50227,0,0,1,0,0
50228,0,0,1,0,0
50229,0,0,1,0,0
50230,0,0,1,0,0
50231,0,0,1,0,0
50232,0,0,1,0,0
50233,0,0,1,0,0
50234,0,0,1,0,0
50235,0,0,1,0,0
50236,0,0,1,0,0
50237,0,0,1,0,0
50238,0,0,1,0,0
50239,0,0,1,0,0
50240,0,0,1,0,0
50241,0,0,1,0,0
50242,0,0,1,0,0
50243,0,0,1,0,0
50244,0,0,1,0,0
50245,0,0,1,0,0
50246,0,0,1,0,0
50247,0,0,1,0,0
50248,0,0,1,0,0
50249,0,0,1,0,0
50250,0,0,1,0,0
50251,0,0,1,0,0
50252,0,0,1,0,0
50253,0,0,1,0,0
50254,0,0,1,0,0
50255,1,0,0,0,0
50256,1,0,0,0,0
50257,1,0,0,0,0
50258,1,0,0,0,0
50259,1,0,0,0,0
50260,1,0,0,0,0
50261,1,0,0,0,0
50262,1,0,0,0,0
50263,1,0,0,0,0
50264,1,0,0,0,0
50265,1,0,0,0,0
50266,1,0,0,0,0
50267,1,0,0,0,0
50268,1,0,0,0,0
50269,1,0,0,0,0
50270,1,0,0,0,0
50271,1,0,0,0,0
50272,1,0,0,0,0
50273,1,0,0,0,0
50274,1,0,0,0,0
50275,1,0,0,0,0
50276,1,0,0,0,0
50277,1,0,0,0,0
50278,1,0,0,0,0
50279,1,0,0,0,0
50280,1,0,0,0,0
50281,1,0,0,0,0
50282,1,0,0,0,0
50283,1,0,0,0,0
50284,1,0,0,0,0
50285,1,0,0,0,0
50286,1,0,0,0,0
50287,1,0,0,0,0
50288,1,0,0,0,0
50289,1,0,0,0,0
50290,1,0,0,0,0
50291,1,0,0,0,0
50292,1,0,0,0,0
50293,1,0,0,0,0
50294,1,0,0,0,0
50295,1,0,0,0,0
50296,1,0,0,0,0
50297,1,0,0,0,0
50298,1,0,0,0,0
50299,1,0,0,0,0
50300,1,0,0,0,0
50301,1,0,0,0,0
50302,1,0,0,0,0
50303,1,0,0,0,0
50304,1,0,0,0,0
50305,0,0,1,0,0
50306,0,0,1,0,0
50307,0,0,1,0,0
50308,0,0,1,0,0
50309,0,0,1,0,0
50310,0,0,1,0,0
50311,0,0,1,0,0
50312,0,0,1,0,0
50313,0,0,1,0,0
50314,0,0,1,0,0
50315,0,0,1,0,0
50316,0,0,1,0,0
50317,0,0,1,0,0
50318,0,0,1,0,0
50319,0,0,1,0,0
50320,0,0,1,0,0
50321,0,0,1,0,0
50322,0,0,1,0,0
50323,0,0,1,0,0
50324,0,0,1,0,0
50325,0,0,1,0,0
50326,0,0,1,0,0
50327,0,0,1,0,0
50328,0,0,1,0,0
50329,0,0,0,1,0
50330,0,0,0,1,0
50331,0,0,0,1,0
50332,0,0,0,1,0
50333,0,0,0,1,0
50334,0,0,0,1,0
50335,0,0,0,1,0
50336,0,0,0,1,0
50337,0,0,0,1,0
50338,0,0,0,1,0
50339,0,0,1,0,0
50340,0,0,1,0,0
50341,0,0,1,0,0
50342,0,0,1,0,0
50343,0,0,1,0,0
50344,0,0,1,0,0
50345,0,0,1,0,0
50346,0,0,1,0,0
50347,0,0,1,0,0
50348,0,0,1,0,0
50349,0,0,1,0,0
50350,0,0,1,0,0
50351,1,0,0,0,0
50352,1,0,0,0,0
50353,1,0,0,0,0
50354,1,0,0,0,0
50355,1,0,0,0,0
50356,1,0,0,0,0
50357,1,0,0,0,0
50358,1,0,0,0,0
50359,1,0,0,0,0
50360,1,0,0,0,0
50361,1,0,0,0,0
50362,1,0,0,0,0
50363,1,0,0,0,0
50364,1,0,0,0,0
50365,1,0,0,0,0
50366,1,0,0,0,0
50367,1,0,0,0,0
50368,1,0,0,0,0
50369,1,0,0,0,0
50370,1,0,0,0,0
50371,1,0,0,0,0
50372,1,0,0,0,0
50373,1,0,0,0,0
50374,1,0,0,0,0
50375,1,0,0,0,0
50376,1,0,0,0,0
50377,1,0,0,0,0
50378,1,0,0,0,0
50379,1,0,0,0,0
50380,1,0,0,0,0
50381,1,0,0,0,0
50382,1,0,0,0,0
50383,1,0,0,0,0
50384,1,0,0,0,0
50385,1,0,0,0,0
50386,1,0,0,0,0
50387,1,0,0,0,0
50388,1,0,0,0,0
50389,1,0,0,0,0
50390,1,0,0,0,0
50391,1,0,0,0,0
50392,1,0,0,0,0
50393,1,0,0,0,0
50394,1,0,0,0,0
50395,1,0,0,0,0
50396,1,0,0,0,0
50397,1,0,0,0,0
50398,1,0,0,0,0
50399,1,0,0,0,0
50400,1,0,0,0,0
50401,1,0,0,0,0
50402,1,0,0,0,0
50403,1,0,0,0,0
50404,1,0,0,0,0
50405,1,0,0,0,0
50406,1,0,0,0,0
50407,1,0,0,0,0
50408,1,0,0,0,0
50409,1,0,0,0,0
50410,1,0,0,0,0
50411,1,0,0,0,0
50412,1,0,0,0,0
50413,1,0,0,0,0
50414,1,0,0,0,0
50415,1,0,0,0,0
50416,1,0,0,0,0
50417,1,0,0,0,0
50418,1,0,0,0,0
50419,1,0,0,0,0
50420,1,0,0,0,0
50421,1,0,0,0,0
50422,1,0,0,0,0
50423,1,0,0,0,0
50424,1,0,0,0,0
50425,1,0,0,0,0
50426,1,0,0,0,0
50427,1,0,0,0,0
50428,1,0,0,0,0
50429,1,0,0,0,0
50430,1,0,0,0,0
50431,1,0,0,0,0
50432,1,0,0,0,0
50433,1,0,0,0,0
50434,1,0,0,0,0
50435,1,0,0,0,0
50436,1,0,0,0,0
50437,1,0,0,0,0
50438,1,0,0,0,0
50439,1,0,0,0,0
50440,1,0,0,0,0
50441,1,0,0,0,0
50442,1,0,0,0,0
50443,1,0,0,0,0
50444,1,0,0,0,0
50445,1,0,0,0,0
50446,1,0,0,0,0
50447,1,0,0,0,0
50448,1,0,0,0,0
50449,1,0,0,0,0
50450,1,0,0,0,0
50451,1,0,0,0,0
50452,1,0,0,0,0
50453,1,0,0,0,0
50454,1,0,0,0,0
50455,1,0,0,0,0
50456,1,0,0,0,0
50457,1,0,0,0,0
50458,1,0,0,0,0
50459,1,0,0,0,0
50460,1,0,0,0,0
50461,1,0,0,0,0
50462,1,0,0,0,0
50463,1,0,0,0,0
50464,1,0,0,0,0
50465,1,0,0,0,0
50466,1,0,0,0,0
50467,1,0,0,0,0
50468,1,0,0,0,0
50469,1,0,0,0,0
50470,1,0,0,0,0
50471,1,0,0,0,0
50472,1,0,0,0,0
50473,1,0,0,0,0
50474,1,0,0,0,0
50475,1,0,0,0,0
50476,1,0,0,0,0
50477,1,0,0,0,0
50478,1,0,0,0,0
50479,1,0,0,0,0
50480,1,0,0,0,0
50481,1,0,0,0,0
50482,1,0,0,0,0
50483,1,0,0,0,0
50484,1,0,0,0,0
50485,1,0,0,0,0
50486,1,0,0,0,0
50487,1,0,0,0,0
50488,1,0,0,0,0
50489,1,0,0,0,0
50490,1,0,0,0,0
50491,1,0,0,0,0
50492,1,0,0,0,0
50493,1,0,0,0,0
50494,1,0,0,0,0
50495,1,0,0,0,0
50496,1,0,0,0,0
50497,1,0,0,0,0
50498,1,0,0,0,0
50499,1,0,0,0,0
50500,1,0,0,0,0
50501,1,0,0,0,0
50502,1,0,0,0,0
50503,1,0,0,0,0
50504,1,0,0,0,0
50505,1,0,0,0,0
50506,1,0,0,0,0
50507,1,0,0,0,0
50508,1,0,0,0,0
50509,1,0,0,0,0
50510,1,0,0,0,0
50511,1,0,0,0,0
50512,1,0,0,0,0
50513,1,0,0,0,0
50514,1,0,0,0,0
50515,1,0,0,0,0
50516,1,0,0,0,0
50517,1,0,0,0,0
50518,1,0,0,0,0
50519,1,0,0,0,0
50520,1,0,0,0,0
50521,1,0,0,0,0
50522,1,0,0,0,0
50523,1,0,0,0,0
50524,1,0,0,0,0
50525,1,0,0,0,0
50526,1,0,0,0,0
50527,1,0,0,0,0
50528,1,0,0,0,0
50529,1,0,0,0,0
50530,1,0,0,0,0
50531,0,0,0,1,0
50532,0,0,0,1,0
50533,0,0,0,1,0
50534,0,0,0,1,0
50535,0,0,0,1,0
50536,0,0,0,1,0
50537,0,0,0,1,0
50538,0,0,0,1,0
50539,0,0,0,1,0
50540,0,0,0,1,0
50541,0,0,0,1,0
50542,0,0,0,1,0
50543,0,0,0,1,0
50544,0,0,0,1,0
50545,0,0,0,1,0
50546,0,0,0,1,0
50547,0,0,0,1,0
50548,0,0,0,1,0
50549,0,0,0,1,0
50550,0,0,0,1,0
50551,0,0,0,1,0
50552,0,0,0,1,0
50553,0,0,0,1,0
50554,0,0,0,1,0
50555,0,0,0,1,0
50556,0,0,0,1,0
50557,0,0,0,1,0
50558,0,0,0,1,0
50559,0,0,0,1,0
50560,0,0,0,1,0
50561,0,0,0,1,0
50562,0,0,0,1,0
50563,0,0,0,1,0
50564,0,0,0,1,0
50565,0,0,0,1,0
50566,0,0,0,1,0
50567,0,0,0,1,0
50568,0,0,0,1,0
50569,0,0,0,1,0
50570,0,0,0,1,0
50571,0,0,0,1,0
50572,0,0,0,1,0
50573,0,0,0,1,0
50574,0,0,0,1,0
50575,0,0,0,1,0
50576,0,0,0,1,0
50577,0,0,0,1,0
50578,0,0,0,1,0
50579,0,0,0,1,0
50580,0,0,0,1,0
50581,0,0,0,1,0
50582,0,0,0,1,0
50583,0,0,0,1,0
50584,0,0,0,1,0
50585,0,0,0,1,0
50586,0,0,0,1,0
50587,0,0,0,1,0
50588,0,0,0,1,0
50589,0,0,0,1,0
50590,0,0,0,1,0
50591,0,0,0,1,0
50592,0,0,0,1,0
50593,0,0,0,1,0
50594,0,0,0,1,0
50595,0,0,0,1,0
50596,0,0,0,1,0
50597,0,0,0,1,0
50598,0,0,0,1,0
50599,0,0,0,1,0
50600,0,0,0,1,0
50601,0,0,0,1,0
50602,0,0,0,1,0
50603,0,0,0,1,0
50604,0,0,0,1,0
50605,0,0,0,1,0
50606,0,0,0,1,0
50607,0,0,0,1,0
50608,0,0,0,1,0
50609,0,0,0,1,0
50610,0,0,0,1,0
50611,0,0,0,1,0
50612,0,0,0,1,0
50613,0,0,0,1,0
50614,0,0,0,1,0
50615,0,0,0,1,0
50616,0,0,0,1,0
50617,0,0,0,1,0
50618,0,0,0,1,0
50619,0,0,0,1,0
50620,0,0,0,1,0
50621,0,0,0,1,0
50622,0,0,0,1,0
50623,0,0,0,1,0
50624,0,0,0,1,0
50625,0,0,0,1,0
50626,0,0,0,1,0
50627,0,0,0,1,0
50628,0,0,0,1,0
50629,0,0,0,1,0
50630,0,0,0,1,0
50631,0,0,0,1,0
50632,0,0,0,1,0
50633,0,0,0,1,0
50634,0,0,0,1,0
50635,0,0,0,1,0
50636,0,0,0,1,0
50637,0,0,0,1,0
50638,0,0,0,1,0
50639,0,0,0,1,0
50640,0,0,0,1,0
50641,0,0,0,1,0
50642,0,0,0,1,0
50643,0,0,0,1,0
50644,0,0,0,1,0
50645,0,0,0,1,0
50646,0,0,0,1,0
50647,0,0,0,1,0
50648,0,0,0,1,0
50649,0,0,0,1,0
50650,0,0,0,1,0
50651,0,0,0,1,0
50652,0,0,0,1,0
50653,0,0,0,1,0
50654,0,0,0,1,0
50655,0,0,0,1,0
50656,0,0,0,1,0
50657,0,0,0,1,0
50658,0,0,0,1,0
50659,0,0,0,1,0
50660,0,0,0,1,0
50661,0,0,0,1,0
50662,0,0,0,1,0
50663,0,0,0,1,0
50664,0,0,0,1,0
50665,0,0,0,1,0
50666,0,0,0,1,0
50667,0,0,0,1,0
50668,0,0,0,1,0
50669,0,0,0,1,0
50670,0,0,0,1,0
50671,0,0,0,1,0
50672,0,0,0,1,0
50673,0,0,0,1,0
50674,0,0,0,1,0
50675,0,0,0,1,0
50676,0,0,0,1,0
50677,0,0,0,1,0
50678,0,0,0,1,0
50679,0,0,0,1,0
50680,0,0,0,1,0
50681,0,0,0,1,0
50682,0,0,0,1,0
50683,0,0,0,1,0
50684,0,0,0,1,0
50685,0,0,0,1,0
50686,0,0,0,1,0
50687,0,0,0,1,0
50688,0,0,0,1,0
50689,0,0,0,1,0
50690,0,0,0,1,0
50691,0,0,0,1,0
50692,0,0,0,1,0
50693,0,0,0,1,0
50694,0,0,0,1,0
50695,0,0,0,1,0
50696,0,0,0,1,0
50697,0,0,0,1,0
50698,0,0,0,1,0
50699,0,0,0,1,0
50700,0,0,0,1,0
50701,0,0,0,1,0
50702,0,0,0,1,0
50703,0,0,0,1,0
50704,0,0,0,1,0
50705,0,0,0,1,0
50706,0,0,0,1,0
50707,0,0,0,1,0
50708,0,0,0,1,0
50709,0,0,0,1,0
50710,0,0,0,1,0
50711,0,0,0,1,0
50712,0,0,0,1,0
50713,0,0,0,1,0
50714,0,0,0,1,0
50715,0,0,0,1,0
50716,0,0,0,1,0
50717,0,0,0,1,0
50718,0,0,0,1,0
50719,0,0,0,1,0
50720,0,0,0,1,0
50721,0,0,0,1,0
50722,0,0,0,1,0
50723,0,0,0,1,0
50724,0,0,0,1,0
50725,0,0,0,1,0
50726,0,0,0,1,0
50727,0,0,0,1,0
50728,0,0,0,1,0
50729,0,0,0,1,0
50730,0,0,0,1,0
50731,0,0,0,1,0
50732,0,0,0,1,0
50733,0,0,0,1,0
50734,0,0,0,1,0
50735,0,0,0,1,0
50736,0,0,0,1,0
50737,0,0,0,1,0
50738,0,0,0,1,0
50739,0,0,0,1,0
50740,0,0,0,1,0
50741,0,0,0,1,0
50742,0,0,0,1,0
50743,0,0,0,1,0
50744,0,0,0,1,0
50745,0,0,0,1,0
50746,0,0,0,1,0
50747,0,0,0,1,0
50748,0,0,0,1,0
50749,0,0,0,1,0
50750,0,0,0,1,0
50751,0,0,0,1,0
50752,0,0,0,1,0
50753,0,0,0,1,0
50754,0,0,0,1,0
50755,0,0,0,1,0
50756,0,0,0,1,0
50757,0,0,0,1,0
50758,0,0,0,1,0
50759,0,0,0,1,0
50760,0,0,0,1,0
50761,0,0,0,1,0
50762,0,0,0,1,0
50763,0,0,0,1,0
50764,0,0,0,1,0
50765,0,0,0,1,0
50766,0,0,0,1,0
50767,0,0,0,1,0
50768,0,0,0,1,0
50769,0,0,0,1,0
50770,0,0,0,1,0
50771,0,0,0,1,0
50772,0,0,0,1,0
50773,0,0,0,1,0
50774,0,0,0,1,0
50775,0,0,0,1,0
50776,0,0,0,1,0
50777,0,0,0,1,0
50778,0,0,0,1,0
50779,0,0,0,1,0
50780,0,0,0,1,0
50781,0,0,0,1,0
50782,0,0,0,1,0
50783,0,0,0,1,0
50784,0,0,0,1,0
50785,0,0,0,1,0
50786,0,0,0,1,0
50787,0,0,0,1,0
50788,0,0,0,1,0
50789,0,0,0,1,0
50790,0,0,0,1,0
50791,0,0,0,1,0
50792,0,0,0,1,0
50793,0,0,0,1,0
50794,0,0,0,1,0
50795,0,0,0,1,0
50796,0,0,0,1,0
50797,0,0,0,1,0
50798,0,0,0,1,0
50799,0,0,0,1,0
50800,0,0,0,1,0
50801,0,0,0,1,0
50802,0,0,0,1,0
50803,0,0,0,1,0
50804,0,0,0,1,0
50805,0,0,0,1,0
50806,0,0,0,1,0
50807,0,0,0,1,0
50808,0,0,0,1,0
50809,0,0,0,1,0
50810,0,0,0,1,0
50811,0,0,0,1,0
50812,0,0,0,1,0
50813,0,0,0,1,0
50814,0,0,0,1,0
50815,0,0,0,1,0
50816,0,0,0,1,0
50817,0,0,0,1,0
50818,0,0,0,1,0
50819,0,0,0,1,0
50820,0,0,0,1,0
50821,0,0,0,1,0
50822,0,0,0,1,0
50823,0,0,0,1,0
50824,0,0,0,1,0
50825,0,0,0,1,0
50826,0,0,0,1,0
50827,0,0,0,1,0
50828,0,0,0,1,0
50829,0,0,0,1,0
50830,0,0,0,1,0
50831,0,0,0,1,0
50832,0,0,0,1,0
50833,0,0,0,1,0
50834,0,0,0,1,0
50835,0,0,0,1,0
50836,0,0,0,1,0
50837,0,0,0,1,0
50838,0,0,0,1,0
50839,0,0,0,1,0
50840,0,0,0,1,0
50841,0,0,0,1,0
50842,0,0,0,1,0
50843,0,0,0,1,0
50844,0,0,0,1,0
50845,0,0,0,1,0
50846,0,0,0,1,0
50847,0,0,0,1,0
50848,0,0,0,1,0
50849,0,0,0,1,0
50850,0,0,0,1,0
50851,0,0,0,1,0
50852,0,0,0,1,0
50853,0,0,0,1,0
50854,0,0,0,1,0
50855,0,0,0,1,0
50856,0,0,0,1,0
50857,0,0,0,1,0
50858,0,0,0,1,0
50859,0,0,0,1,0
50860,0,0,0,1,0
50861,0,0,0,1,0
50862,0,0,0,1,0
50863,0,0,0,1,0
50864,0,0,0,1,0
50865,0,0,0,1,0
50866,0,0,0,1,0
50867,0,0,0,1,0
50868,0,0,0,1,0
50869,0,0,0,1,0
50870,0,0,0,1,0
50871,0,0,0,1,0
50872,0,0,0,1,0
50873,0,0,0,1,0
50874,0,0,0,1,0
50875,0,0,0,1,0
50876,0,0,0,1,0
50877,0,0,0,1,0
50878,0,0,0,1,0
50879,0,0,0,1,0
50880,0,0,0,1,0
50881,0,0,0,1,0
50882,0,0,0,1,0
50883,0,0,0,1,0
50884,0,0,0,1,0
50885,0,0,0,1,0
50886,0,0,0,1,0
50887,0,0,0,1,0
50888,0,0,0,1,0
50889,0,0,0,1,0
50890,0,0,0,1,0
50891,0,0,0,1,0
50892,0,0,0,1,0
50893,0,0,0,1,0
50894,0,0,0,1,0
50895,0,0,0,1,0
50896,0,0,0,1,0
50897,0,0,0,1,0
50898,0,0,0,1,0
50899,0,0,0,1,0
50900,0,0,0,1,0
50901,0,0,0,1,0
50902,0,0,0,1,0
50903,0,0,0,1,0
50904,0,0,0,1,0
50905,0,0,0,1,0
50906,0,0,0,1,0
50907,0,0,0,1,0
50908,0,0,0,1,0
50909,0,0,0,1,0
50910,0,0,0,1,0
50911,0,0,0,1,0
50912,0,0,0,1,0
50913,0,0,0,1,0
50914,0,0,0,1,0
50915,0,0,0,1,0
50916,0,0,0,1,0
50917,0,0,0,1,0
50918,0,0,0,1,0
50919,0,0,0,1,0
50920,0,0,0,1,0
50921,0,0,0,1,0
50922,0,0,0,1,0
50923,0,0,0,1,0
50924,0,0,0,1,0
50925,0,0,0,1,0
50926,0,0,0,1,0
50927,0,0,0,1,0
50928,0,0,0,1,0
50929,0,0,0,1,0
50930,0,0,0,1,0
50931,0,0,0,1,0
50932,0,0,0,1,0
50933,0,0,0,1,0
50934,0,0,0,1,0
50935,0,0,0,1,0
50936,0,0,0,1,0
50937,0,0,0,1,0
50938,0,0,0,1,0
50939,0,0,0,1,0
50940,0,0,0,1,0
50941,0,0,0,1,0
50942,0,0,0,1,0
50943,0,0,0,1,0
50944,0,0,0,1,0
50945,0,0,0,1,0
50946,0,0,0,1,0
50947,0,0,0,1,0
50948,0,0,0,1,0
50949,0,0,0,1,0
50950,0,0,0,1,0
50951,0,0,0,1,0
50952,0,0,0,1,0
50953,0,0,0,1,0
50954,0,0,0,1,0
50955,0,0,0,1,0
50956,0,0,0,1,0
50957,0,0,0,1,0
50958,0,0,0,1,0
50959,0,0,0,1,0
50960,0,0,0,1,0
50961,0,0,0,1,0
50962,0,0,0,1,0
50963,0,0,0,1,0
50964,0,0,0,1,0
50965,0,0,0,1,0
50966,0,0,0,1,0
50967,0,0,0,1,0
50968,0,0,0,1,0
50969,0,0,0,1,0
50970,0,0,0,1,0
50971,0,0,0,1,0
50972,0,0,0,1,0
50973,0,0,0,1,0
50974,0,0,0,1,0
50975,0,0,0,1,0
50976,0,0,0,1,0
50977,0,0,0,1,0
50978,0,0,0,1,0
50979,0,0,0,1,0
50980,0,0,0,1,0
50981,0,0,0,1,0
50982,0,0,0,1,0
50983,0,0,0,1,0
50984,0,0,0,1,0
50985,0,0,0,1,0
50986,0,0,0,1,0
50987,0,0,0,1,0
50988,0,0,0,1,0
50989,0,0,0,1,0
50990,0,0,0,1,0
50991,0,0,0,1,0
50992,0,0,0,1,0
50993,0,0,0,1,0
50994,0,0,0,1,0
50995,0,0,0,1,0
50996,0,0,0,1,0
50997,0,0,0,1,0
50998,0,0,0,1,0
50999,0,0,0,1,0
51000,0,0,0,1,0
51001,0,0,0,1,0
51002,0,0,0,1,0
51003,0,0,0,1,0
51004,0,0,0,1,0
51005,0,0,0,1,0
51006,0,0,0,1,0
51007,0,0,0,1,0
51008,0,0,0,1,0
51009,0,0,0,1,0
51010,0,0,0,1,0
51011,0,0,0,1,0
51012,0,0,0,1,0
51013,0,0,0,1,0
51014,0,0,0,1,0
51015,0,0,0,1,0
51016,0,0,0,1,0
51017,0,0,0,1,0
51018,0,0,0,1,0
51019,0,0,0,1,0
51020,0,0,0,1,0
51021,0,0,0,1,0
51022,0,0,0,1,0
51023,0,0,0,1,0
51024,0,0,0,1,0
51025,0,0,0,1,0
51026,0,0,0,1,0
51027,0,0,0,1,0
51028,0,0,0,1,0
51029,0,0,0,1,0
51030,0,0,0,1,0
51031,0,0,0,1,0
51032,0,0,0,1,0
51033,0,0,0,1,0
51034,0,0,0,1,0
51035,0,0,0,1,0
51036,0,0,0,1,0
51037,0,0,0,1,0
51038,0,0,0,1,0
51039,0,0,0,1,0
51040,0,0,0,1,0
51041,0,0,0,1,0
51042,0,0,0,1,0
51043,0,0,0,1,0
51044,0,0,0,1,0
51045,0,0,0,1,0
51046,0,0,0,1,0
51047,0,0,0,1,0
51048,0,0,0,1,0
51049,0,0,0,1,0
51050,0,0,0,1,0
51051,0,0,0,1,0
51052,0,0,0,1,0
51053,0,0,0,1,0
51054,0,0,0,1,0
51055,0,0,0,1,0
51056,0,0,0,1,0
51057,0,0,0,1,0
51058,0,0,0,1,0
51059,0,0,0,1,0
51060,0,0,0,1,0
51061,0,0,0,1,0
51062,0,0,0,1,0
51063,0,0,0,1,0
51064,0,0,0,1,0
51065,0,0,0,1,0
51066,0,0,0,1,0
51067,0,0,0,1,0
51068,0,0,0,1,0
51069,0,0,0,1,0
51070,0,0,0,1,0
51071,0,0,0,1,0
51072,0,0,0,1,0
51073,0,0,0,1,0
51074,0,0,0,1,0
51075,0,0,0,1,0
51076,0,0,0,1,0
51077,0,0,0,1,0
51078,0,0,0,1,0
51079,0,0,0,1,0
51080,0,0,0,1,0
51081,0,0,0,1,0
51082,0,0,0,1,0
51083,0,0,0,1,0
51084,0,0,0,1,0
51085,0,0,0,1,0
51086,0,0,0,1,0
51087,0,0,0,1,0
51088,0,0,0,1,0
51089,0,0,0,1,0
51090,0,0,0,1,0
51091,0,0,0,1,0
51092,0,0,0,1,0
51093,0,0,0,1,0
51094,0,0,0,1,0
51095,0,0,0,1,0
51096,0,0,0,1,0
51097,0,0,0,1,0
51098,0,0,0,1,0
51099,0,0,0,1,0
51100,0,0,0,1,0
51101,0,0,0,1,0
51102,0,0,0,1,0
51103,0,0,0,1,0
51104,0,0,0,1,0
51105,0,0,0,1,0
51106,0,0,0,1,0
51107,0,0,0,1,0
51108,0,0,0,1,0
51109,0,0,0,1,0
51110,0,0,0,1,0
51111,0,0,0,1,0
51112,0,0,0,1,0
51113,0,0,0,1,0
51114,0,0,0,1,0
51115,0,0,0,1,0
51116,0,0,0,1,0
51117,0,0,0,1,0
51118,0,0,0,1,0
51119,0,0,0,1,0
51120,0,0,0,1,0
51121,0,0,0,1,0
51122,0,0,0,1,0
51123,0,0,0,1,0
51124,0,0,0,1,0
51125,0,0,0,1,0
51126,0,0,0,1,0
51127,0,0,0,1,0
51128,0,0,0,1,0
51129,0,0,0,1,0
51130,0,0,0,1,0
51131,0,0,0,1,0
51132,0,0,0,1,0
51133,0,0,0,1,0
51134,0,0,0,1,0
51135,0,0,0,1,0
51136,0,0,0,1,0
51137,0,0,0,1,0
51138,0,0,0,1,0
51139,0,0,0,1,0
51140,0,0,0,1,0
51141,0,0,0,1,0
51142,0,0,0,1,0
51143,0,0,0,1,0
51144,0,0,0,1,0
51145,0,0,0,1,0
51146,0,0,0,1,0
51147,0,0,0,1,0
51148,0,0,0,1,0
51149,0,0,0,1,0
51150,0,0,0,1,0
51151,0,0,0,1,0
51152,0,0,0,1,0
51153,0,0,0,1,0
51154,0,0,0,1,0
51155,0,0,0,1,0
51156,0,0,0,1,0
51157,0,0,0,1,0
51158,0,0,0,1,0
51159,0,0,0,1,0
51160,0,0,0,1,0
51161,0,0,0,1,0
51162,0,0,0,1,0
51163,0,0,0,1,0
51164,0,0,0,1,0
51165,0,0,0,1,0
51166,0,0,0,1,0
51167,0,0,0,1,0
51168,0,0,0,1,0
51169,0,0,0,1,0
51170,0,0,0,1,0
51171,0,0,0,1,0
51172,0,0,0,1,0
51173,0,0,0,1,0
51174,0,0,0,1,0
51175,0,0,0,1,0
51176,0,0,0,1,0
51177,0,0,0,1,0
51178,0,0,0,1,0
51179,0,0,0,1,0
51180,0,0,0,1,0
51181,0,0,0,1,0
51182,0,0,0,1,0
51183,0,0,0,1,0
51184,0,0,0,1,0
51185,0,0,0,1,0
51186,0,0,0,1,0
51187,0,0,0,1,0
51188,0,0,0,1,0
51189,0,0,0,1,0
51190,0,0,0,1,0
51191,0,0,0,1,0
51192,0,0,0,1,0
51193,0,0,0,1,0
51194,0,0,0,1,0
51195,0,0,0,1,0
51196,0,0,0,1,0
51197,0,0,0,1,0
51198,0,0,0,1,0
51199,0,0,0,1,0
51200,0,0,0,1,0
51201,0,0,0,1,0
51202,0,0,0,1,0
51203,0,0,0,1,0
51204,0,0,0,1,0
51205,0,0,0,1,0
51206,0,0,0,1,0
51207,0,0,0,1,0
51208,0,0,0,1,0
51209,0,0,0,1,0
51210,0,0,0,1,0
51211,0,0,0,1,0
51212,0,0,0,1,0
51213,0,0,0,1,0
51214,0,0,0,1,0
51215,0,0,0,1,0
51216,0,0,0,1,0
51217,0,0,0,1,0
51218,0,0,0,1,0
51219,0,0,0,1,0
51220,0,0,0,1,0
51221,0,0,0,1,0
51222,0,0,0,1,0
51223,0,0,0,1,0
51224,0,0,0,1,0
51225,0,0,0,1,0
51226,0,0,0,1,0
51227,0,0,0,1,0
51228,0,0,0,1,0
51229,0,0,0,1,0
51230,0,0,0,1,0
51231,0,0,0,1,0
51232,0,0,0,1,0
51233,0,0,0,1,0
51234,0,0,0,1,0
51235,0,0,0,1,0
51236,0,0,0,1,0
51237,0,0,0,1,0
51238,0,0,0,1,0
51239,0,0,0,1,0
51240,0,0,0,1,0
51241,0,0,0,1,0
51242,0,0,0,1,0
51243,0,0,0,1,0
51244,0,0,0,1,0
51245,0,0,0,1,0
51246,0,0,0,1,0
51247,0,0,0,1,0
51248,0,0,0,1,0
51249,0,0,0,1,0
51250,0,0,0,1,0
51251,0,0,0,1,0
51252,0,0,0,1,0
51253,0,0,0,1,0
51254,0,0,0,1,0
51255,0,0,0,1,0
51256,0,0,0,1,0
51257,0,0,0,1,0
51258,0,0,0,1,0
51259,0,0,0,1,0
51260,0,0,0,1,0
51261,0,0,0,1,0
51262,0,0,0,1,0
51263,0,0,0,1,0
51264,0,0,0,1,0
51265,0,0,0,1,0
51266,0,0,0,1,0
51267,0,0,0,1,0
51268,0,0,0,1,0
51269,0,0,0,1,0
51270,0,0,0,1,0
51271,0,0,0,1,0
51272,0,0,0,1,0
51273,0,0,0,1,0
51274,0,0,0,1,0
51275,0,0,0,1,0
51276,0,0,0,1,0
51277,0,0,0,1,0
51278,0,0,0,1,0
51279,0,0,0,1,0
51280,0,0,0,1,0
51281,0,0,0,1,0
51282,0,0,0,1,0
51283,0,0,0,1,0
51284,0,0,0,1,0
51285,0,0,0,1,0
51286,0,0,0,1,0
51287,0,0,0,1,0
51288,0,0,0,1,0
51289,0,0,0,1,0
51290,0,0,0,1,0
51291,0,0,0,1,0
51292,0,0,0,1,0
51293,0,0,0,1,0
51294,0,0,0,1,0
51295,0,0,0,1,0
51296,0,0,0,1,0
51297,0,0,0,1,0
51298,0,0,0,1,0
51299,0,0,0,1,0
51300,0,0,0,1,0
51301,0,0,0,1,0
51302,0,0,0,1,0
51303,0,0,0,1,0
51304,0,0,0,1,0
51305,0,0,0,1,0
51306,0,0,0,1,0
51307,0,0,0,1,0
51308,0,0,0,1,0
51309,0,0,0,1,0
51310,0,0,0,1,0
51311,0,0,0,1,0
51312,0,0,0,1,0
51313,0,0,0,1,0
51314,0,0,0,1,0
51315,0,0,0,1,0
51316,0,0,0,1,0
51317,0,0,0,1,0
51318,0,0,0,1,0
51319,0,0,0,1,0
51320,0,0,0,1,0
51321,0,0,0,1,0
51322,0,0,0,1,0
51323,0,0,0,1,0
51324,0,0,0,1,0
51325,0,0,0,1,0
51326,0,0,0,1,0
51327,0,0,0,1,0
51328,0,0,0,1,0
51329,0,0,0,1,0
51330,0,0,0,1,0
51331,0,0,0,1,0
51332,0,0,0,1,0
51333,0,0,0,1,0
51334,0,0,0,1,0
51335,0,0,0,1,0
51336,0,0,0,1,0
51337,0,0,0,1,0
51338,0,0,0,1,0
51339,0,0,0,1,0
51340,0,0,0,1,0
51341,0,0,0,1,0
51342,0,0,0,1,0
51343,0,0,0,1,0
51344,0,0,0,1,0
51345,0,0,0,1,0
51346,0,0,0,1,0
51347,0,0,0,1,0
51348,0,0,0,1,0
51349,0,0,0,1,0
51350,0,0,0,1,0
51351,0,0,0,1,0
51352,0,0,0,1,0
51353,0,0,0,1,0
51354,0,0,0,1,0
51355,0,0,0,1,0
51356,0,0,0,1,0
51357,0,0,0,1,0
51358,0,0,0,1,0
51359,0,0,0,1,0
51360,0,0,0,1,0
51361,0,0,0,1,0
51362,0,0,0,1,0
51363,0,0,0,1,0
51364,0,0,0,1,0
51365,0,0,0,1,0
51366,0,0,0,1,0
51367,0,0,0,1,0
51368,0,0,0,1,0
51369,0,0,0,1,0
51370,0,0,0,1,0
51371,0,0,0,1,0
51372,0,0,0,1,0
51373,0,0,0,1,0
51374,0,0,0,1,0
51375,0,0,0,1,0
51376,0,0,0,1,0
51377,0,0,0,1,0
51378,0,0,0,1,0
51379,0,0,0,1,0
51380,0,0,0,1,0
51381,0,0,0,1,0
51382,0,0,0,1,0
51383,0,0,0,1,0
51384,0,0,0,1,0
51385,1,0,0,0,0
51386,1,0,0,0,0
51387,1,0,0,0,0
51388,1,0,0,0,0
51389,1,0,0,0,0
51390,1,0,0,0,0
51391,1,0,0,0,0
51392,1,0,0,0,0
51393,1,0,0,0,0
51394,1,0,0,0,0
51395,1,0,0,0,0
51396,1,0,0,0,0
51397,1,0,0,0,0
51398,1,0,0,0,0
51399,1,0,0,0,0
51400,1,0,0,0,0
51401,1,0,0,0,0
51402,1,0,0,0,0
51403,1,0,0,0,0
51404,1,0,0,0,0
51405,1,0,0,0,0
51406,1,0,0,0,0
51407,1,0,0,0,0
51408,1,0,0,0,0
51409,1,0,0,0,0
51410,1,0,0,0,0
51411,1,0,0,0,0
51412,1,0,0,0,0
51413,1,0,0,0,0
51414,1,0,0,0,0
51415,1,0,0,0,0
51416,1,0,0,0,0
51417,1,0,0,0,0
51418,1,0,0,0,0
51419,1,0,0,0,0
51420,1,0,0,0,0
51421,1,0,0,0,0
51422,1,0,0,0,0
51423,1,0,0,0,0
51424,1,0,0,0,0
51425,1,0,0,0,0
51426,1,0,0,0,0
51427,1,0,0,0,0
51428,1,0,0,0,0
51429,1,0,0,0,0
51430,1,0,0,0,0
51431,1,0,0,0,0
51432,1,0,0,0,0
51433,1,0,0,0,0
51434,1,0,0,0,0
51435,1,0,0,0,0
51436,1,0,0,0,0
51437,1,0,0,0,0
51438,1,0,0,0,0
51439,1,0,0,0,0
51440,1,0,0,0,0
51441,1,0,0,0,0
51442,1,0,0,0,0
51443,1,0,0,0,0
51444,1,0,0,0,0
51445,1,0,0,0,0
51446,1,0,0,0,0
51447,1,0,0,0,0
51448,1,0,0,0,0
51449,1,0,0,0,0
51450,1,0,0,0,0
51451,1,0,0,0,0
51452,1,0,0,0,0
51453,1,0,0,0,0
51454,1,0,0,0,0
51455,1,0,0,0,0
51456,1,0,0,0,0
51457,1,0,0,0,0
51458,1,0,0,0,0
51459,1,0,0,0,0
51460,1,0,0,0,0
51461,1,0,0,0,0
51462,1,0,0,0,0
51463,1,0,0,0,0
51464,1,0,0,0,0
51465,1,0,0,0,0
51466,1,0,0,0,0
51467,1,0,0,0,0
51468,1,0,0,0,0
51469,1,0,0,0,0
51470,1,0,0,0,0
51471,1,0,0,0,0
51472,1,0,0,0,0
51473,1,0,0,0,0
51474,1,0,0,0,0
51475,1,0,0,0,0
51476,1,0,0,0,0
51477,1,0,0,0,0
51478,1,0,0,0,0
51479,1,0,0,0,0
51480,1,0,0,0,0
51481,1,0,0,0,0
51482,1,0,0,0,0
51483,1,0,0,0,0
51484,1,0,0,0,0
51485,1,0,0,0,0
51486,1,0,0,0,0
51487,1,0,0,0,0
51488,1,0,0,0,0
51489,1,0,0,0,0
51490,1,0,0,0,0
51491,1,0,0,0,0
51492,1,0,0,0,0
51493,1,0,0,0,0
51494,1,0,0,0,0
51495,1,0,0,0,0
51496,1,0,0,0,0
51497,1,0,0,0,0
51498,1,0,0,0,0
51499,1,0,0,0,0
51500,1,0,0,0,0
51501,1,0,0,0,0
51502,1,0,0,0,0
51503,1,0,0,0,0
51504,1,0,0,0,0
51505,1,0,0,0,0
51506,1,0,0,0,0
51507,1,0,0,0,0
51508,1,0,0,0,0
51509,1,0,0,0,0
51510,1,0,0,0,0
51511,1,0,0,0,0
51512,1,0,0,0,0
51513,1,0,0,0,0
51514,1,0,0,0,0
51515,1,0,0,0,0
51516,1,0,0,0,0
51517,1,0,0,0,0
51518,1,0,0,0,0
51519,1,0,0,0,0
51520,1,0,0,0,0
51521,1,0,0,0,0
51522,1,0,0,0,0
51523,1,0,0,0,0
51524,1,0,0,0,0
51525,1,0,0,0,0
51526,1,0,0,0,0
51527,1,0,0,0,0
51528,1,0,0,0,0
51529,1,0,0,0,0
51530,1,0,0,0,0
51531,1,0,0,0,0
51532,1,0,0,0,0
51533,1,0,0,0,0
51534,1,0,0,0,0
51535,1,0,0,0,0
51536,1,0,0,0,0
51537,1,0,0,0,0
51538,1,0,0,0,0
51539,1,0,0,0,0
51540,1,0,0,0,0
51541,1,0,0,0,0
51542,1,0,0,0,0
51543,1,0,0,0,0
51544,1,0,0,0,0
51545,1,0,0,0,0
51546,1,0,0,0,0
51547,1,0,0,0,0
51548,1,0,0,0,0
51549,1,0,0,0,0
51550,1,0,0,0,0
51551,1,0,0,0,0
51552,1,0,0,0,0
51553,1,0,0,0,0
51554,1,0,0,0,0
51555,1,0,0,0,0
51556,1,0,0,0,0
51557,1,0,0,0,0
51558,1,0,0,0,0
51559,1,0,0,0,0
51560,1,0,0,0,0
51561,1,0,0,0,0
51562,1,0,0,0,0
51563,1,0,0,0,0
51564,1,0,0,0,0
51565,1,0,0,0,0
51566,1,0,0,0,0
51567,1,0,0,0,0
51568,1,0,0,0,0
51569,1,0,0,0,0
51570,1,0,0,0,0
51571,1,0,0,0,0
51572,1,0,0,0,0
51573,1,0,0,0,0
51574,1,0,0,0,0
51575,1,0,0,0,0
51576,1,0,0,0,0
51577,1,0,0,0,0
51578,1,0,0,0,0
51579,1,0,0,0,0
51580,1,0,0,0,0
51581,0,0,0,1,0
51582,0,0,0,1,0
51583,0,0,0,1,0
51584,0,0,0,1,0
51585,0,0,0,1,0
51586,0,0,0,1,0
51587,0,0,0,1,0
51588,0,0,0,1,0
51589,0,0,0,1,0
51590,0,0,0,1,0
51591,0,0,0,1,0
51592,0,0,0,1,0
51593,0,0,0,1,0
51594,0,0,0,1,0
51595,0,0,0,1,0
51596,0,0,0,1,0
51597,0,0,0,1,0
51598,0,0,0,1,0
51599,0,0,0,1,0
51600,0,0,0,1,0
51601,0,0,0,1,0
51602,0,0,0,1,0
51603,0,0,0,1,0
51604,0,0,0,1,0
51605,0,0,0,1,0
51606,0,0,0,1,0
51607,0,0,0,1,0
51608,0,0,0,1,0
51609,0,0,0,1,0
51610,0,0,0,1,0
51611,0,0,0,1,0
51612,0,0,0,1,0
51613,0,0,0,1,0
51614,0,0,0,1,0
51615,0,0,0,1,0
51616,0,0,0,1,0
51617,0,0,0,1,0
51618,0,0,0,1,0
51619,0,0,0,1,0
51620,0,0,0,1,0
51621,0,0,0,1,0
51622,0,0,0,1,0
51623,0,0,0,1,0
51624,0,0,0,1,0
51625,0,0,0,1,0
51626,0,0,0,1,0
51627,0,0,0,1,0
51628,0,0,0,1,0
51629,0,0,0,1,0
51630,0,0,0,1,0
51631,0,0,0,1,0
51632,0,0,0,1,0
51633,0,0,0,1,0
51634,0,0,0,1,0
51635,0,0,0,1,0
51636,0,0,0,1,0
51637,0,0,0,1,0
51638,0,0,0,1,0
51639,0,0,0,1,0
51640,0,0,0,1,0
51641,0,0,0,1,0
51642,0,0,0,1,0
51643,0,0,0,1,0
51644,0,0,0,1,0
51645,0,0,0,1,0
51646,0,0,0,1,0
51647,0,0,0,1,0
51648,0,0,0,1,0
51649,0,0,0,1,0
51650,0,0,0,1,0
51651,0,0,0,1,0
51652,0,0,0,1,0
51653,0,0,0,1,0
51654,0,0,0,1,0
51655,0,0,0,1,0
51656,0,0,0,1,0
51657,0,0,0,1,0
51658,0,0,0,1,0
51659,0,0,0,1,0
51660,0,0,0,1,0
51661,0,0,0,1,0
51662,0,0,0,1,0
51663,0,0,0,1,0
51664,0,0,0,1,0
51665,0,0,0,1,0
51666,0,0,0,1,0
51667,0,0,0,1,0
51668,0,0,0,1,0
51669,0,0,0,1,0
51670,0,0,0,1,0
51671,0,0,0,1,0
51672,0,0,0,1,0
51673,0,0,0,1,0
51674,0,0,0,1,0
51675,0,0,0,1,0
51676,0,0,0,1,0
51677,0,0,0,1,0
51678,0,0,0,1,0
51679,0,0,0,1,0
51680,0,0,0,1,0
51681,0,0,0,1,0
51682,0,0,0,1,0
51683,0,0,0,1,0
51684,0,0,0,1,0
51685,0,0,0,1,0
51686,0,0,0,1,0
51687,0,0,0,1,0
51688,0,0,0,1,0
51689,0,0,0,1,0
51690,0,0,0,1,0
51691,0,0,0,1,0
51692,0,0,0,1,0
51693,0,0,0,1,0
51694,0,0,0,1,0
51695,0,0,0,1,0
51696,0,0,0,1,0
51697,0,0,0,1,0
51698,0,0,0,1,0
51699,0,0,0,1,0
51700,0,0,0,1,0
51701,1,0,0,0,0
51702,1,0,0,0,0
51703,1,0,0,0,0
51704,1,0,0,0,0
51705,1,0,0,0,0
51706,1,0,0,0,0
51707,1,0,0,0,0
51708,1,0,0,0,0
51709,1,0,0,0,0
51710,1,0,0,0,0
51711,1,0,0,0,0
51712,1,0,0,0,0
51713,1,0,0,0,0
51714,1,0,0,0,0
51715,1,0,0,0,0
51716,1,0,0,0,0
51717,1,0,0,0,0
51718,1,0,0,0,0
51719,1,0,0,0,0
51720,1,0,0,0,0
51721,1,0,0,0,0
51722,1,0,0,0,0
51723,1,0,0,0,0
51724,1,0,0,0,0
51725,1,0,0,0,0
51726,1,0,0,0,0
51727,1,0,0,0,0
51728,1,0,0,0,0
51729,1,0,0,0,0
51730,1,0,0,0,0
51731,1,0,0,0,0
51732,1,0,0,0,0
51733,1,0,0,0,0
51734,1,0,0,0,0
51735,1,0,0,0,0
51736,1,0,0,0,0
51737,1,0,0,0,0
51738,1,0,0,0,0
51739,1,0,0,0,0
51740,1,0,0,0,0
51741,1,0,0,0,0
51742,1,0,0,0,0
51743,1,0,0,0,0
51744,1,0,0,0,0
51745,1,0,0,0,0
51746,1,0,0,0,0
51747,1,0,0,0,0
51748,1,0,0,0,0
51749,1,0,0,0,0
51750,1,0,0,0,0
51751,1,0,0,0,0
51752,1,0,0,0,0
51753,1,0,0,0,0
51754,1,0,0,0,0
51755,1,0,0,0,0
51756,1,0,0,0,0
51757,1,0,0,0,0
51758,1,0,0,0,0
51759,1,0,0,0,0
51760,1,0,0,0,0
51761,1,0,0,0,0
51762,1,0,0,0,0
51763,1,0,0,0,0
51764,1,0,0,0,0
51765,1,0,0,0,0
51766,1,0,0,0,0
51767,1,0,0,0,0
51768,1,0,0,0,0
51769,1,0,0,0,0
51770,1,0,0,0,0
51771,1,0,0,0,0
51772,1,0,0,0,0
51773,1,0,0,0,0
51774,1,0,0,0,0
51775,1,0,0,0,0
51776,1,0,0,0,0
51777,1,0,0,0,0
51778,1,0,0,0,0
51779,1,0,0,0,0
51780,1,0,0,0,0
51781,1,0,0,0,0
51782,1,0,0,0,0
51783,1,0,0,0,0
51784,1,0,0,0,0
51785,1,0,0,0,0
51786,1,0,0,0,0
51787,1,0,0,0,0
51788,1,0,0,0,0
51789,1,0,0,0,0
51790,1,0,0,0,0
51791,1,0,0,0,0
51792,1,0,0,0,0
51793,1,0,0,0,0
51794,1,0,0,0,0
51795,1,0,0,0,0
51796,1,0,0,0,0
51797,1,0,0,0,0
51798,1,0,0,0,0
51799,1,0,0,0,0
51800,1,0,0,0,0
51801,1,0,0,0,0
51802,1,0,0,0,0
51803,1,0,0,0,0
51804,1,0,0,0,0
51805,1,0,0,0,0
51806,1,0,0,0,0
51807,1,0,0,0,0
51808,1,0,0,0,0
51809,1,0,0,0,0
51810,1,0,0,0,0
51811,1,0,0,0,0
51812,1,0,0,0,0
51813,1,0,0,0,0
51814,1,0,0,0,0
51815,1,0,0,0,0
51816,1,0,0,0,0
51817,1,0,0,0,0
51818,1,0,0,0,0
51819,1,0,0,0,0
51820,1,0,0,0,0
51821,1,0,0,0,0
51822,1,0,0,0,0
51823,1,0,0,0,0
51824,1,0,0,0,0
51825,1,0,0,0,0
51826,1,0,0,0,0
51827,1,0,0,0,0
51828,1,0,0,0,0
51829,1,0,0,0,0
51830,1,0,0,0,0
51831,1,0,0,0,0
51832,1,0,0,0,0
51833,1,0,0,0,0
51834,1,0,0,0,0
51835,1,0,0,0,0
51836,1,0,0,0,0
51837,1,0,0,0,0
51838,1,0,0,0,0
51839,1,0,0,0,0
51840,1,0,0,0,0
51841,1,0,0,0,0
51842,1,0,0,0,0
51843,1,0,0,0,0
51844,1,0,0,0,0
51845,1,0,0,0,0
51846,1,0,0,0,0
51847,1,0,0,0,0
51848,1,0,0,0,0
51849,1,0,0,0,0
51850,1,0,0,0,0
51851,1,0,0,0,0
51852,1,0,0,0,0
51853,1,0,0,0,0
51854,1,0,0,0,0
51855,1,0,0,0,0
51856,1,0,0,0,0
51857,1,0,0,0,0
51858,1,0,0,0,0
51859,1,0,0,0,0
51860,1,0,0,0,0
51861,1,0,0,0,0
51862,1,0,0,0,0
51863,1,0,0,0,0
51864,1,0,0,0,0
51865,1,0,0,0,0
51866,1,0,0,0,0
51867,1,0,0,0,0
51868,1,0,0,0,0
51869,1,0,0,0,0
51870,1,0,0,0,0
51871,1,0,0,0,0
51872,1,0,0,0,0
51873,1,0,0,0,0
51874,1,0,0,0,0
51875,1,0,0,0,0
51876,1,0,0,0,0
51877,1,0,0,0,0
51878,1,0,0,0,0
51879,1,0,0,0,0
51880,1,0,0,0,0
51881,1,0,0,0,0
51882,1,0,0,0,0
51883,1,0,0,0,0
51884,1,0,0,0,0
51885,1,0,0,0,0
51886,1,0,0,0,0
51887,1,0,0,0,0
51888,1,0,0,0,0
51889,1,0,0,0,0
51890,1,0,0,0,0
51891,1,0,0,0,0
51892,1,0,0,0,0
51893,1,0,0,0,0
51894,1,0,0,0,0
51895,1,0,0,0,0
51896,1,0,0,0,0
51897,1,0,0,0,0
51898,1,0,0,0,0
51899,1,0,0,0,0
51900,1,0,0,0,0
51901,1,0,0,0,0
51902,1,0,0,0,0
51903,1,0,0,0,0
51904,1,0,0,0,0
51905,1,0,0,0,0
51906,1,0,0,0,0
51907,1,0,0,0,0
51908,1,0,0,0,0
51909,1,0,0,0,0
51910,1,0,0,0,0
51911,1,0,0,0,0
51912,1,0,0,0,0
51913,1,0,0,0,0
51914,1,0,0,0,0
51915,1,0,0,0,0
51916,1,0,0,0,0
51917,1,0,0,0,0
51918,1,0,0,0,0
51919,1,0,0,0,0
51920,1,0,0,0,0
51921,1,0,0,0,0
51922,1,0,0,0,0
51923,1,0,0,0,0
51924,1,0,0,0,0
51925,1,0,0,0,0
51926,1,0,0,0,0
51927,1,0,0,0,0
51928,1,0,0,0,0
51929,1,0,0,0,0
51930,1,0,0,0,0
51931,1,0,0,0,0
51932,1,0,0,0,0
51933,1,0,0,0,0
51934,1,0,0,0,0
51935,1,0,0,0,0
51936,1,0,0,0,0
51937,1,0,0,0,0
51938,1,0,0,0,0
51939,1,0,0,0,0
51940,1,0,0,0,0
51941,1,0,0,0,0
51942,1,0,0,0,0
51943,1,0,0,0,0
51944,1,0,0,0,0
51945,1,0,0,0,0
51946,1,0,0,0,0
51947,1,0,0,0,0
51948,1,0,0,0,0
51949,1,0,0,0,0
51950,1,0,0,0,0
51951,1,0,0,0,0
51952,1,0,0,0,0
51953,1,0,0,0,0
51954,1,0,0,0,0
51955,1,0,0,0,0
51956,1,0,0,0,0
51957,1,0,0,0,0
51958,1,0,0,0,0
51959,1,0,0,0,0
51960,1,0,0,0,0
51961,1,0,0,0,0
51962,1,0,0,0,0
51963,0,0,1,0,0
51964,0,0,1,0,0
51965,0,0,1,0,0
51966,0,0,1,0,0
51967,0,0,1,0,0
51968,0,0,1,0,0
51969,0,0,1,0,0
51970,0,0,1,0,0
51971,0,0,1,0,0
51972,0,0,1,0,0
51973,0,0,1,0,0
51974,0,0,1,0,0
51975,0,0,1,0,0
51976,0,0,1,0,0
51977,0,0,1,0,0
51978,0,0,1,0,0
51979,0,0,1,0,0
51980,0,0,1,0,0
51981,0,0,1,0,0
51982,1,0,0,0,0
51983,1,0,0,0,0
51984,1,0,0,0,0
51985,1,0,0,0,0
51986,1,0,0,0,0
51987,1,0,0,0,0
51988,1,0,0,0,0
51989,1,0,0,0,0
51990,1,0,0,0,0
51991,1,0,0,0,0
51992,1,0,0,0,0
51993,1,0,0,0,0
51994,1,0,0,0,0
51995,1,0,0,0,0
51996,1,0,0,0,0
51997,1,0,0,0,0
51998,1,0,0,0,0
51999,1,0,0,0,0
52000,1,0,0,0,0
52001,1,0,0,0,0
52002,1,0,0,0,0
52003,1,0,0,0,0
52004,1,0,0,0,0
52005,1,0,0,0,0
52006,1,0,0,0,0
52007,1,0,0,0,0
52008,1,0,0,0,0
52009,1,0,0,0,0
52010,1,0,0,0,0
52011,1,0,0,0,0
52012,1,0,0,0,0
52013,1,0,0,0,0
52014,1,0,0,0,0
52015,1,0,0,0,0
52016,1,0,0,0,0
52017,1,0,0,0,0
52018,1,0,0,0,0
52019,1,0,0,0,0
52020,1,0,0,0,0
52021,1,0,0,0,0
52022,1,0,0,0,0
52023,1,0,0,0,0
52024,1,0,0,0,0
52025,1,0,0,0,0
52026,1,0,0,0,0
52027,1,0,0,0,0
52028,1,0,0,0,0
52029,1,0,0,0,0
52030,1,0,0,0,0
52031,1,0,0,0,0
52032,1,0,0,0,0
52033,1,0,0,0,0
52034,1,0,0,0,0
52035,1,0,0,0,0
52036,1,0,0,0,0
52037,1,0,0,0,0
52038,1,0,0,0,0
52039,1,0,0,0,0
52040,1,0,0,0,0
52041,1,0,0,0,0
52042,1,0,0,0,0
52043,1,0,0,0,0
52044,1,0,0,0,0
52045,1,0,0,0,0
52046,1,0,0,0,0
52047,1,0,0,0,0
52048,1,0,0,0,0
52049,1,0,0,0,0
52050,1,0,0,0,0
52051,1,0,0,0,0
52052,1,0,0,0,0
52053,1,0,0,0,0
52054,1,0,0,0,0
52055,1,0,0,0,0
52056,1,0,0,0,0
52057,1,0,0,0,0
52058,1,0,0,0,0
52059,1,0,0,0,0
52060,1,0,0,0,0
52061,1,0,0,0,0
52062,1,0,0,0,0
52063,1,0,0,0,0
52064,1,0,0,0,0
52065,1,0,0,0,0
52066,1,0,0,0,0
52067,1,0,0,0,0
52068,1,0,0,0,0
52069,1,0,0,0,0
52070,1,0,0,0,0
52071,1,0,0,0,0
52072,1,0,0,0,0
52073,1,0,0,0,0
52074,1,0,0,0,0
52075,1,0,0,0,0
52076,1,0,0,0,0
52077,1,0,0,0,0
52078,1,0,0,0,0
52079,1,0,0,0,0
52080,1,0,0,0,0
52081,1,0,0,0,0
52082,1,0,0,0,0
52083,1,0,0,0,0
52084,1,0,0,0,0
52085,1,0,0,0,0
52086,1,0,0,0,0
52087,1,0,0,0,0
52088,1,0,0,0,0
52089,1,0,0,0,0
52090,1,0,0,0,0
52091,1,0,0,0,0
52092,1,0,0,0,0
52093,1,0,0,0,0
52094,1,0,0,0,0
52095,1,0,0,0,0
52096,1,0,0,0,0
52097,1,0,0,0,0
52098,1,0,0,0,0
52099,1,0,0,0,0
52100,0,0,1,0,0
52101,0,0,1,0,0
52102,0,0,1,0,0
52103,0,0,1,0,0
52104,0,0,1,0,0
52105,0,0,1,0,0
52106,0,0,1,0,0
52107,0,0,1,0,0
52108,0,0,1,0,0
52109,0,0,1,0,0
52110,0,0,1,0,0
52111,0,0,1,0,0
52112,0,0,1,0,0
52113,0,0,1,0,0
52114,0,0,1,0,0
52115,0,0,1,0,0
52116,0,0,1,0,0
52117,0,0,1,0,0
52118,0,0,1,0,0
52119,0,0,1,0,0
52120,0,0,1,0,0
52121,0,0,1,0,0
52122,0,0,1,0,0
52123,0,0,1,0,0
52124,0,0,1,0,0
52125,0,0,1,0,0
52126,0,0,1,0,0
52127,0,0,1,0,0
52128,0,0,1,0,0
52129,0,0,1,0,0
52130,0,0,1,0,0
52131,0,0,1,0,0
52132,1,0,0,0,0
52133,1,0,0,0,0
52134,1,0,0,0,0
52135,1,0,0,0,0
52136,1,0,0,0,0
52137,1,0,0,0,0
52138,1,0,0,0,0
52139,1,0,0,0,0
52140,1,0,0,0,0
52141,1,0,0,0,0
52142,1,0,0,0,0
52143,1,0,0,0,0
52144,1,0,0,0,0
52145,1,0,0,0,0
52146,1,0,0,0,0
52147,1,0,0,0,0
52148,1,0,0,0,0
52149,1,0,0,0,0
52150,1,0,0,0,0
52151,1,0,0,0,0
52152,1,0,0,0,0
52153,1,0,0,0,0
52154,1,0,0,0,0
52155,1,0,0,0,0
52156,1,0,0,0,0
52157,1,0,0,0,0
52158,1,0,0,0,0
52159,1,0,0,0,0
52160,1,0,0,0,0
52161,1,0,0,0,0
52162,1,0,0,0,0
52163,1,0,0,0,0
52164,1,0,0,0,0
52165,1,0,0,0,0
52166,1,0,0,0,0
52167,1,0,0,0,0
52168,1,0,0,0,0
52169,1,0,0,0,0
52170,1,0,0,0,0
52171,1,0,0,0,0
52172,1,0,0,0,0
52173,1,0,0,0,0
52174,1,0,0,0,0
52175,1,0,0,0,0
52176,1,0,0,0,0
52177,1,0,0,0,0
52178,1,0,0,0,0
52179,1,0,0,0,0
52180,1,0,0,0,0
52181,1,0,0,0,0
52182,1,0,0,0,0
52183,1,0,0,0,0
52184,1,0,0,0,0
52185,1,0,0,0,0
52186,1,0,0,0,0
52187,1,0,0,0,0
52188,1,0,0,0,0
52189,1,0,0,0,0
52190,1,0,0,0,0
52191,1,0,0,0,0
52192,1,0,0,0,0
52193,1,0,0,0,0
52194,1,0,0,0,0
52195,1,0,0,0,0
52196,1,0,0,0,0
52197,1,0,0,0,0
52198,1,0,0,0,0
52199,1,0,0,0,0
52200,1,0,0,0,0
52201,1,0,0,0,0
52202,1,0,0,0,0
52203,1,0,0,0,0
52204,1,0,0,0,0
52205,1,0,0,0,0
52206,1,0,0,0,0
52207,1,0,0,0,0
52208,1,0,0,0,0
52209,1,0,0,0,0
52210,1,0,0,0,0
52211,1,0,0,0,0
52212,1,0,0,0,0
52213,1,0,0,0,0
52214,1,0,0,0,0
52215,1,0,0,0,0
52216,1,0,0,0,0
52217,1,0,0,0,0
52218,1,0,0,0,0
52219,1,0,0,0,0
52220,1,0,0,0,0
52221,1,0,0,0,0
52222,1,0,0,0,0
52223,1,0,0,0,0
52224,1,0,0,0,0
52225,1,0,0,0,0
52226,1,0,0,0,0
52227,1,0,0,0,0
52228,1,0,0,0,0
52229,1,0,0,0,0
52230,1,0,0,0,0
52231,1,0,0,0,0
52232,1,0,0,0,0
52233,1,0,0,0,0
52234,1,0,0,0,0
52235,1,0,0,0,0
52236,1,0,0,0,0
52237,1,0,0,0,0
52238,1,0,0,0,0
52239,1,0,0,0,0
52240,1,0,0,0,0
52241,1,0,0,0,0
52242,1,0,0,0,0
52243,1,0,0,0,0
52244,1,0,0,0,0
52245,1,0,0,0,0
52246,1,0,0,0,0
52247,1,0,0,0,0
52248,1,0,0,0,0
52249,1,0,0,0,0
52250,1,0,0,0,0
52251,1,0,0,0,0
52252,1,0,0,0,0
52253,1,0,0,0,0
52254,1,0,0,0,0
52255,1,0,0,0,0
52256,1,0,0,0,0
52257,1,0,0,0,0
52258,1,0,0,0,0
52259,1,0,0,0,0
52260,1,0,0,0,0
52261,1,0,0,0,0
52262,1,0,0,0,0
52263,1,0,0,0,0
52264,1,0,0,0,0
52265,1,0,0,0,0
52266,1,0,0,0,0
52267,1,0,0,0,0
52268,1,0,0,0,0
52269,1,0,0,0,0
52270,1,0,0,0,0
52271,1,0,0,0,0
52272,1,0,0,0,0
52273,1,0,0,0,0
52274,1,0,0,0,0
52275,1,0,0,0,0
52276,1,0,0,0,0
52277,1,0,0,0,0
52278,1,0,0,0,0
52279,1,0,0,0,0
52280,1,0,0,0,0
52281,1,0,0,0,0
52282,1,0,0,0,0
52283,1,0,0,0,0
52284,1,0,0,0,0
52285,1,0,0,0,0
52286,1,0,0,0,0
52287,1,0,0,0,0
52288,1,0,0,0,0
52289,1,0,0,0,0
52290,1,0,0,0,0
52291,1,0,0,0,0
52292,1,0,0,0,0
52293,1,0,0,0,0
52294,1,0,0,0,0
52295,1,0,0,0,0
52296,1,0,0,0,0
52297,1,0,0,0,0
52298,1,0,0,0,0
52299,1,0,0,0,0
52300,1,0,0,0,0
52301,1,0,0,0,0
52302,1,0,0,0,0
52303,1,0,0,0,0
52304,1,0,0,0,0
52305,1,0,0,0,0
52306,1,0,0,0,0
52307,1,0,0,0,0
52308,1,0,0,0,0
52309,1,0,0,0,0
52310,1,0,0,0,0
52311,1,0,0,0,0
52312,1,0,0,0,0
52313,1,0,0,0,0
52314,1,0,0,0,0
52315,1,0,0,0,0
52316,1,0,0,0,0
52317,1,0,0,0,0
52318,1,0,0,0,0
52319,1,0,0,0,0
52320,1,0,0,0,0
52321,1,0,0,0,0
52322,1,0,0,0,0
52323,1,0,0,0,0
52324,1,0,0,0,0
52325,1,0,0,0,0
52326,1,0,0,0,0
52327,1,0,0,0,0
52328,1,0,0,0,0
52329,1,0,0,0,0
52330,1,0,0,0,0
52331,1,0,0,0,0
52332,1,0,0,0,0
52333,1,0,0,0,0
52334,1,0,0,0,0
52335,1,0,0,0,0
52336,1,0,0,0,0
52337,1,0,0,0,0
52338,1,0,0,0,0
52339,1,0,0,0,0
52340,1,0,0,0,0
52341,1,0,0,0,0
52342,1,0,0,0,0
52343,1,0,0,0,0
52344,1,0,0,0,0
52345,1,0,0,0,0
52346,1,0,0,0,0
52347,1,0,0,0,0
52348,1,0,0,0,0
52349,1,0,0,0,0
52350,1,0,0,0,0
52351,1,0,0,0,0
52352,1,0,0,0,0
52353,1,0,0,0,0
52354,1,0,0,0,0
52355,1,0,0,0,0
52356,1,0,0,0,0
52357,1,0,0,0,0
52358,1,0,0,0,0
52359,1,0,0,0,0
52360,1,0,0,0,0
52361,1,0,0,0,0
52362,1,0,0,0,0
52363,1,0,0,0,0
52364,1,0,0,0,0
52365,1,0,0,0,0
52366,1,0,0,0,0
52367,1,0,0,0,0
52368,1,0,0,0,0
52369,1,0,0,0,0
52370,1,0,0,0,0
52371,1,0,0,0,0
52372,1,0,0,0,0
52373,1,0,0,0,0
52374,1,0,0,0,0
52375,1,0,0,0,0
52376,1,0,0,0,0
52377,1,0,0,0,0
52378,1,0,0,0,0
52379,1,0,0,0,0
52380,1,0,0,0,0
52381,1,0,0,0,0
52382,1,0,0,0,0
52383,1,0,0,0,0
52384,1,0,0,0,0
52385,1,0,0,0,0
52386,1,0,0,0,0
52387,1,0,0,0,0
52388,1,0,0,0,0
52389,1,0,0,0,0
52390,1,0,0,0,0
52391,1,0,0,0,0
52392,1,0,0,0,0
52393,1,0,0,0,0
52394,1,0,0,0,0
52395,1,0,0,0,0
52396,1,0,0,0,0
52397,1,0,0,0,0
52398,1,0,0,0,0
52399,1,0,0,0,0
52400,1,0,0,0,0
52401,1,0,0,0,0
52402,1,0,0,0,0
52403,1,0,0,0,0
52404,1,0,0,0,0
52405,1,0,0,0,0
52406,1,0,0,0,0
52407,1,0,0,0,0
52408,1,0,0,0,0
52409,1,0,0,0,0
52410,1,0,0,0,0
52411,1,0,0,0,0
52412,1,0,0,0,0
52413,1,0,0,0,0
52414,1,0,0,0,0
52415,1,0,0,0,0
52416,1,0,0,0,0
52417,1,0,0,0,0
52418,1,0,0,0,0
52419,1,0,0,0,0
52420,1,0,0,0,0
52421,1,0,0,0,0
52422,1,0,0,0,0
52423,1,0,0,0,0
52424,1,0,0,0,0
52425,1,0,0,0,0
52426,1,0,0,0,0
52427,1,0,0,0,0
52428,1,0,0,0,0
52429,1,0,0,0,0
52430,1,0,0,0,0
52431,1,0,0,0,0
52432,1,0,0,0,0
52433,1,0,0,0,0
52434,1,0,0,0,0
52435,1,0,0,0,0
52436,1,0,0,0,0
52437,1,0,0,0,0
52438,1,0,0,0,0
52439,1,0,0,0,0
52440,1,0,0,0,0
52441,1,0,0,0,0
52442,1,0,0,0,0
52443,1,0,0,0,0
52444,1,0,0,0,0
52445,1,0,0,0,0
52446,1,0,0,0,0
52447,1,0,0,0,0
52448,1,0,0,0,0
52449,1,0,0,0,0
52450,1,0,0,0,0
52451,1,0,0,0,0
52452,1,0,0,0,0
52453,1,0,0,0,0
52454,1,0,0,0,0
52455,1,0,0,0,0
52456,1,0,0,0,0
52457,1,0,0,0,0
52458,1,0,0,0,0
52459,1,0,0,0,0
52460,1,0,0,0,0
52461,1,0,0,0,0
52462,1,0,0,0,0
52463,1,0,0,0,0
52464,1,0,0,0,0
52465,1,0,0,0,0
52466,1,0,0,0,0
52467,1,0,0,0,0
52468,1,0,0,0,0
52469,1,0,0,0,0
52470,1,0,0,0,0
52471,1,0,0,0,0
52472,1,0,0,0,0
52473,1,0,0,0,0
52474,1,0,0,0,0
52475,1,0,0,0,0
52476,1,0,0,0,0
52477,1,0,0,0,0
52478,1,0,0,0,0
52479,1,0,0,0,0
52480,1,0,0,0,0
52481,1,0,0,0,0
52482,1,0,0,0,0
52483,1,0,0,0,0
52484,1,0,0,0,0
52485,1,0,0,0,0
52486,1,0,0,0,0
52487,1,0,0,0,0
52488,1,0,0,0,0
52489,1,0,0,0,0
52490,1,0,0,0,0
52491,1,0,0,0,0
52492,1,0,0,0,0
52493,1,0,0,0,0
52494,1,0,0,0,0
52495,1,0,0,0,0
52496,1,0,0,0,0
52497,1,0,0,0,0
52498,1,0,0,0,0
52499,1,0,0,0,0
52500,1,0,0,0,0
52501,1,0,0,0,0
52502,1,0,0,0,0
52503,1,0,0,0,0
52504,1,0,0,0,0
52505,1,0,0,0,0
52506,1,0,0,0,0
52507,1,0,0,0,0
52508,1,0,0,0,0
52509,1,0,0,0,0
52510,1,0,0,0,0
52511,1,0,0,0,0
52512,1,0,0,0,0
52513,1,0,0,0,0
52514,1,0,0,0,0
52515,1,0,0,0,0
52516,1,0,0,0,0
52517,1,0,0,0,0
52518,1,0,0,0,0
52519,1,0,0,0,0
52520,1,0,0,0,0
52521,1,0,0,0,0
52522,1,0,0,0,0
52523,1,0,0,0,0
52524,1,0,0,0,0
52525,1,0,0,0,0
52526,1,0,0,0,0
52527,1,0,0,0,0
52528,1,0,0,0,0
52529,1,0,0,0,0
52530,1,0,0,0,0
52531,1,0,0,0,0
52532,1,0,0,0,0
52533,1,0,0,0,0
52534,1,0,0,0,0
52535,1,0,0,0,0
52536,1,0,0,0,0
52537,1,0,0,0,0
52538,1,0,0,0,0
52539,1,0,0,0,0
52540,1,0,0,0,0
52541,1,0,0,0,0
52542,1,0,0,0,0
52543,1,0,0,0,0
52544,1,0,0,0,0
52545,1,0,0,0,0
52546,1,0,0,0,0
52547,1,0,0,0,0
52548,1,0,0,0,0
52549,1,0,0,0,0
52550,1,0,0,0,0
52551,1,0,0,0,0
52552,1,0,0,0,0
52553,1,0,0,0,0
52554,1,0,0,0,0
52555,1,0,0,0,0
52556,1,0,0,0,0
52557,1,0,0,0,0
52558,1,0,0,0,0
52559,1,0,0,0,0
52560,1,0,0,0,0
52561,1,0,0,0,0
52562,1,0,0,0,0
52563,1,0,0,0,0
52564,1,0,0,0,0
52565,1,0,0,0,0
52566,1,0,0,0,0
52567,1,0,0,0,0
52568,1,0,0,0,0
52569,1,0,0,0,0
52570,1,0,0,0,0
52571,1,0,0,0,0
52572,1,0,0,0,0
52573,1,0,0,0,0
52574,1,0,0,0,0
52575,1,0,0,0,0
52576,1,0,0,0,0
52577,1,0,0,0,0
52578,1,0,0,0,0
52579,1,0,0,0,0
52580,1,0,0,0,0
52581,1,0,0,0,0
52582,1,0,0,0,0
52583,1,0,0,0,0
52584,1,0,0,0,0
52585,1,0,0,0,0
52586,1,0,0,0,0
52587,1,0,0,0,0
52588,1,0,0,0,0
52589,1,0,0,0,0
52590,1,0,0,0,0
52591,1,0,0,0,0
52592,1,0,0,0,0
52593,1,0,0,0,0
52594,1,0,0,0,0
52595,1,0,0,0,0
52596,1,0,0,0,0
52597,1,0,0,0,0
52598,1,0,0,0,0
52599,1,0,0,0,0
52600,1,0,0,0,0
52601,1,0,0,0,0
52602,1,0,0,0,0
52603,1,0,0,0,0
52604,1,0,0,0,0
52605,1,0,0,0,0
52606,1,0,0,0,0
52607,1,0,0,0,0
52608,1,0,0,0,0
52609,1,0,0,0,0
52610,1,0,0,0,0
52611,1,0,0,0,0
52612,1,0,0,0,0
52613,1,0,0,0,0
52614,1,0,0,0,0
52615,1,0,0,0,0
52616,1,0,0,0,0
52617,1,0,0,0,0
52618,1,0,0,0,0
52619,1,0,0,0,0
52620,1,0,0,0,0
52621,1,0,0,0,0
52622,1,0,0,0,0
52623,1,0,0,0,0
52624,1,0,0,0,0
52625,1,0,0,0,0
52626,1,0,0,0,0
52627,1,0,0,0,0
52628,1,0,0,0,0
52629,1,0,0,0,0
52630,1,0,0,0,0
52631,1,0,0,0,0
52632,1,0,0,0,0
52633,1,0,0,0,0
52634,1,0,0,0,0
52635,1,0,0,0,0
52636,1,0,0,0,0
52637,1,0,0,0,0
52638,1,0,0,0,0
52639,1,0,0,0,0
52640,1,0,0,0,0
52641,1,0,0,0,0
52642,1,0,0,0,0
52643,1,0,0,0,0
52644,1,0,0,0,0
52645,1,0,0,0,0
52646,1,0,0,0,0
52647,1,0,0,0,0
52648,1,0,0,0,0
52649,1,0,0,0,0
52650,1,0,0,0,0
52651,1,0,0,0,0
52652,1,0,0,0,0
52653,1,0,0,0,0
52654,1,0,0,0,0
52655,1,0,0,0,0
52656,1,0,0,0,0
52657,1,0,0,0,0
52658,1,0,0,0,0
52659,1,0,0,0,0
52660,1,0,0,0,0
52661,1,0,0,0,0
52662,1,0,0,0,0
52663,1,0,0,0,0
52664,1,0,0,0,0
52665,1,0,0,0,0
52666,1,0,0,0,0
52667,1,0,0,0,0
52668,1,0,0,0,0
52669,1,0,0,0,0
52670,1,0,0,0,0
52671,1,0,0,0,0
52672,1,0,0,0,0
52673,1,0,0,0,0
52674,1,0,0,0,0
52675,1,0,0,0,0
52676,1,0,0,0,0
52677,1,0,0,0,0
52678,1,0,0,0,0
52679,1,0,0,0,0
52680,1,0,0,0,0
52681,1,0,0,0,0
52682,1,0,0,0,0
52683,1,0,0,0,0
52684,1,0,0,0,0
52685,1,0,0,0,0
52686,1,0,0,0,0
52687,1,0,0,0,0
52688,1,0,0,0,0
52689,1,0,0,0,0
52690,1,0,0,0,0
52691,1,0,0,0,0
52692,1,0,0,0,0
52693,1,0,0,0,0
52694,1,0,0,0,0
52695,1,0,0,0,0
52696,1,0,0,0,0
52697,1,0,0,0,0
52698,1,0,0,0,0
52699,1,0,0,0,0
52700,1,0,0,0,0
52701,1,0,0,0,0
52702,1,0,0,0,0
52703,1,0,0,0,0
52704,1,0,0,0,0
52705,1,0,0,0,0
52706,1,0,0,0,0
52707,1,0,0,0,0
52708,1,0,0,0,0
52709,1,0,0,0,0
52710,1,0,0,0,0
52711,1,0,0,0,0
52712,1,0,0,0,0
52713,1,0,0,0,0
52714,1,0,0,0,0
52715,1,0,0,0,0
52716,1,0,0,0,0
52717,1,0,0,0,0
52718,1,0,0,0,0
52719,1,0,0,0,0
52720,1,0,0,0,0
52721,1,0,0,0,0
52722,1,0,0,0,0
52723,1,0,0,0,0
52724,1,0,0,0,0
52725,1,0,0,0,0
52726,0,0,0,0,1
52727,0,0,0,0,1
52728,0,0,0,0,1
52729,0,0,0,0,1
52730,0,0,0,0,1
52731,0,0,0,0,1
52732,0,0,0,0,1
52733,0,0,0,0,1
52734,0,0,0,0,1
52735,0,0,0,0,1
52736,0,0,0,0,1
52737,0,0,0,0,1
52738,0,0,0,0,1
52739,0,0,0,0,1
52740,0,0,0,0,1
52741,0,0,0,0,1
52742,0,0,0,0,1
52743,0,0,0,0,1
52744,0,0,0,0,1
52745,0,0,0,0,1
52746,0,0,0,0,1
52747,0,0,0,0,1
52748,0,0,0,0,1
52749,0,0,0,0,1
52750,0,0,0,0,1
52751,0,0,0,0,1
52752,0,0,0,0,1
52753,0,0,0,0,1
52754,0,0,0,0,1
52755,0,0,0,0,1
52756,0,0,0,0,1
52757,0,0,0,0,1
52758,0,0,0,0,1
52759,0,0,0,0,1
52760,0,0,0,0,1
52761,0,0,0,0,1
52762,0,0,0,0,1
52763,0,0,0,0,1
52764,0,0,0,0,1
52765,0,0,0,0,1
52766,0,0,0,0,1
52767,0,0,0,0,1
52768,0,0,0,0,1
52769,0,0,0,0,1
52770,0,0,0,0,1
52771,0,0,0,0,1
52772,0,0,0,0,1
52773,0,0,0,0,1
52774,0,0,0,0,1
52775,0,0,0,0,1
52776,0,0,0,0,1
52777,0,0,0,0,1
52778,0,0,0,0,1
52779,0,0,0,0,1
52780,0,0,0,0,1
52781,0,0,0,0,1
52782,0,0,0,0,1
52783,0,0,0,0,1
52784,0,0,0,0,1
52785,0,0,0,0,1
52786,0,0,0,0,1
52787,0,0,0,0,1
52788,0,0,0,0,1
52789,0,0,0,0,1
52790,0,0,0,0,1
52791,0,0,0,0,1
52792,0,0,0,0,1
52793,0,0,0,0,1
52794,0,0,0,0,1
52795,0,0,0,0,1
52796,0,0,0,0,1
52797,0,0,0,0,1
52798,0,0,0,0,1
52799,0,0,0,0,1
52800,0,0,0,0,1
52801,0,0,0,0,1
52802,0,0,0,0,1
52803,0,0,0,0,1
52804,0,0,0,0,1
52805,0,0,0,0,1
52806,0,0,0,0,1
52807,0,0,0,0,1
52808,0,0,0,0,1
52809,0,0,0,0,1
52810,0,0,0,0,1
52811,0,0,0,0,1
52812,0,0,0,0,1
52813,0,0,0,0,1
52814,0,0,0,0,1
52815,0,0,0,0,1
52816,0,0,0,0,1
52817,0,0,0,0,1
52818,0,0,0,0,1
52819,0,0,0,0,1
52820,0,0,0,0,1
52821,0,0,0,0,1
52822,0,0,0,0,1
52823,0,0,0,0,1
52824,0,0,0,0,1
52825,0,0,0,0,1
52826,0,0,0,0,1
52827,0,0,0,0,1
52828,0,0,0,0,1
52829,0,0,0,0,1
52830,0,0,0,0,1
52831,0,0,0,0,1
52832,0,0,0,0,1
52833,0,0,0,0,1
52834,0,0,0,0,1
52835,0,0,0,0,1
52836,0,0,0,0,1
52837,0,0,0,0,1
52838,0,0,0,0,1
52839,0,0,0,0,1
52840,0,0,0,0,1
52841,1,0,0,0,0
52842,1,0,0,0,0
52843,1,0,0,0,0
52844,1,0,0,0,0
52845,1,0,0,0,0
52846,1,0,0,0,0
52847,1,0,0,0,0
52848,1,0,0,0,0
52849,1,0,0,0,0
52850,1,0,0,0,0
52851,1,0,0,0,0
52852,1,0,0,0,0
52853,0,0,0,0,1
52854,0,0,0,0,1
52855,0,0,0,0,1
52856,0,0,0,0,1
52857,0,0,0,0,1
52858,0,0,0,0,1
52859,0,0,0,0,1
52860,0,0,0,0,1
52861,0,0,0,0,1
52862,0,0,0,0,1
52863,0,0,0,0,1
52864,0,0,0,0,1
52865,0,0,0,0,1
52866,0,0,0,0,1
52867,0,0,0,0,1
52868,0,0,0,0,1
52869,0,0,0,0,1
52870,0,0,0,0,1
52871,0,0,0,0,1
52872,0,0,0,0,1
52873,0,0,0,0,1
52874,0,0,0,0,1
52875,0,0,0,0,1
52876,0,0,0,0,1
52877,0,0,0,0,1
52878,0,0,0,0,1
52879,0,0,0,0,1
52880,0,0,0,0,1
52881,0,0,0,0,1
52882,0,0,0,0,1
52883,0,0,0,0,1
52884,0,0,0,0,1
52885,0,0,0,0,1
52886,0,0,0,0,1
52887,0,0,0,0,1
52888,0,0,0,0,1
52889,0,0,0,0,1
52890,0,0,0,0,1
52891,0,0,0,0,1
52892,0,0,0,0,1
52893,0,0,0,0,1
52894,0,0,0,0,1
52895,0,0,0,0,1
52896,1,0,0,0,0
52897,1,0,0,0,0
52898,1,0,0,0,0
52899,1,0,0,0,0
52900,1,0,0,0,0
52901,1,0,0,0,0
52902,1,0,0,0,0
52903,1,0,0,0,0
52904,1,0,0,0,0
52905,1,0,0,0,0
52906,1,0,0,0,0
52907,1,0,0,0,0
52908,1,0,0,0,0
52909,1,0,0,0,0
52910,1,0,0,0,0
52911,1,0,0,0,0
52912,1,0,0,0,0
52913,1,0,0,0,0
52914,1,0,0,0,0
52915,1,0,0,0,0
52916,1,0,0,0,0
52917,1,0,0,0,0
52918,1,0,0,0,0
52919,1,0,0,0,0
52920,1,0,0,0,0
52921,1,0,0,0,0
52922,1,0,0,0,0
52923,1,0,0,0,0
52924,1,0,0,0,0
52925,1,0,0,0,0
52926,1,0,0,0,0
52927,1,0,0,0,0
52928,1,0,0,0,0
52929,1,0,0,0,0
52930,1,0,0,0,0
52931,1,0,0,0,0
52932,1,0,0,0,0
52933,1,0,0,0,0
52934,1,0,0,0,0
52935,1,0,0,0,0
52936,1,0,0,0,0
52937,1,0,0,0,0
52938,1,0,0,0,0
52939,1,0,0,0,0
52940,1,0,0,0,0
52941,1,0,0,0,0
52942,1,0,0,0,0
52943,1,0,0,0,0
52944,1,0,0,0,0
52945,1,0,0,0,0
52946,1,0,0,0,0
52947,1,0,0,0,0
52948,1,0,0,0,0
52949,1,0,0,0,0
52950,1,0,0,0,0
52951,1,0,0,0,0
52952,1,0,0,0,0
52953,1,0,0,0,0
52954,1,0,0,0,0
52955,1,0,0,0,0
52956,1,0,0,0,0
52957,1,0,0,0,0
52958,1,0,0,0,0
52959,1,0,0,0,0
52960,1,0,0,0,0
52961,1,0,0,0,0
52962,1,0,0,0,0
52963,1,0,0,0,0
52964,1,0,0,0,0
52965,1,0,0,0,0
52966,1,0,0,0,0
52967,1,0,0,0,0
52968,1,0,0,0,0
52969,1,0,0,0,0
52970,1,0,0,0,0
52971,1,0,0,0,0
52972,1,0,0,0,0
52973,1,0,0,0,0
52974,1,0,0,0,0
52975,1,0,0,0,0
52976,1,0,0,0,0
52977,1,0,0,0,0
52978,1,0,0,0,0
52979,1,0,0,0,0
52980,1,0,0,0,0
52981,1,0,0,0,0
52982,1,0,0,0,0
52983,1,0,0,0,0
52984,1,0,0,0,0
52985,1,0,0,0,0
52986,1,0,0,0,0
52987,1,0,0,0,0
52988,1,0,0,0,0
52989,1,0,0,0,0
52990,1,0,0,0,0
52991,1,0,0,0,0
52992,1,0,0,0,0
52993,1,0,0,0,0
52994,1,0,0,0,0
52995,1,0,0,0,0
52996,1,0,0,0,0
52997,1,0,0,0,0
52998,1,0,0,0,0
52999,1,0,0,0,0
53000,1,0,0,0,0
53001,1,0,0,0,0
53002,1,0,0,0,0
53003,1,0,0,0,0
53004,1,0,0,0,0
53005,1,0,0,0,0
53006,1,0,0,0,0
53007,1,0,0,0,0
53008,1,0,0,0,0
53009,1,0,0,0,0
53010,1,0,0,0,0
53011,1,0,0,0,0
53012,1,0,0,0,0
53013,1,0,0,0,0
53014,1,0,0,0,0
53015,1,0,0,0,0
53016,1,0,0,0,0
53017,0,0,0,0,1
53018,0,0,0,0,1
53019,0,0,0,0,1
53020,0,0,0,0,1
53021,0,0,0,0,1
53022,0,0,0,0,1
53023,0,0,0,0,1
53024,0,0,0,0,1
53025,0,0,0,0,1
53026,0,0,0,0,1
53027,0,0,0,0,1
53028,0,0,0,0,1
53029,0,0,0,0,1
53030,0,0,0,0,1
53031,0,0,0,0,1
53032,0,0,0,0,1
53033,0,0,0,0,1
53034,0,0,0,0,1
53035,0,0,0,0,1
53036,0,0,0,0,1
53037,0,0,0,0,1
53038,0,0,0,0,1
53039,0,0,0,0,1
53040,0,0,0,0,1
53041,0,0,0,0,1
53042,0,0,0,0,1
53043,0,0,0,0,1
53044,0,0,0,0,1
53045,0,0,0,0,1
53046,0,0,0,0,1
53047,0,0,0,0,1
53048,0,0,0,0,1
53049,0,0,0,0,1
53050,0,0,0,0,1
53051,0,0,0,0,1
53052,0,0,0,0,1
53053,1,0,0,0,0
53054,1,0,0,0,0
53055,1,0,0,0,0
53056,1,0,0,0,0
53057,1,0,0,0,0
53058,1,0,0,0,0
53059,1,0,0,0,0
53060,1,0,0,0,0
53061,1,0,0,0,0
53062,1,0,0,0,0
53063,1,0,0,0,0
53064,1,0,0,0,0
53065,1,0,0,0,0
53066,1,0,0,0,0
53067,1,0,0,0,0
53068,1,0,0,0,0
53069,1,0,0,0,0
53070,1,0,0,0,0
53071,1,0,0,0,0
53072,1,0,0,0,0
53073,0,0,0,0,1
53074,0,0,0,0,1
53075,0,0,0,0,1
53076,0,0,0,0,1
53077,0,0,0,0,1
53078,0,0,0,0,1
53079,0,0,0,0,1
53080,0,0,0,0,1
53081,0,0,0,0,1
53082,0,0,0,0,1
53083,0,0,0,0,1
53084,0,0,0,0,1
53085,0,0,0,0,1
53086,0,0,0,0,1
53087,0,0,0,0,1
53088,0,0,0,0,1
53089,0,0,0,0,1
53090,0,0,0,0,1
53091,0,0,0,0,1
53092,0,0,0,0,1
53093,0,0,0,0,1
53094,0,0,0,0,1
53095,0,0,0,0,1
53096,0,0,0,0,1
53097,0,0,0,0,1
53098,0,0,0,0,1
53099,0,0,0,0,1
53100,0,0,0,0,1
53101,0,0,0,0,1
53102,0,0,0,0,1
53103,0,0,0,0,1
53104,0,0,0,0,1
53105,0,0,0,0,1
53106,0,0,0,0,1
53107,0,0,0,0,1
53108,0,0,0,0,1
53109,0,0,0,0,1
53110,0,0,0,0,1
53111,0,0,0,0,1
53112,0,0,0,0,1
53113,0,0,0,0,1
53114,0,0,0,0,1
53115,0,0,0,0,1
53116,0,0,0,0,1
53117,0,0,0,0,1
53118,0,0,0,0,1
53119,0,0,0,0,1
53120,0,0,0,0,1
53121,0,0,0,0,1
53122,0,0,0,0,1
53123,0,0,0,0,1
53124,0,0,0,0,1
53125,0,0,0,0,1
53126,0,0,0,0,1
53127,0,0,0,0,1
53128,0,0,0,0,1
53129,0,0,0,0,1
53130,0,0,0,0,1
53131,0,0,0,0,1
53132,0,0,0,0,1
53133,0,0,0,0,1
53134,0,0,0,0,1
53135,0,0,0,0,1
53136,0,0,0,0,1
53137,0,0,0,0,1
53138,0,0,0,0,1
53139,0,0,0,0,1
53140,0,0,0,0,1
53141,0,0,0,0,1
53142,0,0,0,0,1
53143,0,0,0,0,1
53144,0,0,0,0,1
53145,0,0,0,0,1
53146,0,0,0,0,1
53147,0,0,0,0,1
53148,0,0,0,0,1
53149,0,0,0,0,1
53150,0,0,0,0,1
53151,0,0,0,0,1
53152,0,0,0,0,1
53153,0,0,0,0,1
53154,0,0,0,0,1
53155,0,0,0,0,1
53156,0,0,0,0,1
53157,0,0,0,0,1
53158,0,0,0,0,1
53159,0,0,0,0,1
53160,0,0,0,0,1
53161,0,0,0,0,1
53162,0,0,0,0,1
53163,0,0,0,0,1
53164,0,0,0,0,1
53165,0,0,0,0,1
53166,0,0,0,0,1
53167,0,0,0,0,1
53168,0,0,0,0,1
53169,0,0,0,0,1
53170,0,0,0,0,1
53171,0,0,0,0,1
53172,0,0,0,0,1
53173,0,0,0,0,1
53174,0,0,0,0,1
53175,0,0,0,0,1
53176,0,0,0,0,1
53177,0,0,0,0,1
53178,0,0,0,0,1
53179,0,0,0,0,1
53180,0,0,0,0,1
53181,0,0,0,0,1
53182,0,0,0,0,1
53183,0,0,0,0,1
53184,0,0,0,0,1
53185,0,0,0,0,1
53186,0,0,0,0,1
53187,0,0,0,0,1
53188,0,0,0,0,1
53189,0,0,0,0,1
53190,0,0,0,0,1
53191,0,0,0,0,1
53192,0,0,0,0,1
53193,0,0,0,0,1
53194,0,0,0,0,1
53195,0,0,0,0,1
53196,0,0,0,0,1
53197,0,0,0,0,1
53198,0,0,0,0,1
53199,0,0,0,0,1
53200,0,0,0,0,1
53201,0,0,0,0,1
53202,0,0,0,0,1
53203,0,0,0,0,1
53204,0,0,0,0,1
53205,0,0,0,0,1
53206,0,0,0,0,1
53207,0,0,0,0,1
53208,0,0,0,0,1
53209,0,0,0,0,1
53210,0,0,0,0,1
53211,0,0,0,0,1
53212,0,0,0,0,1
53213,0,0,0,0,1
53214,0,0,0,0,1
53215,0,0,0,0,1
53216,0,0,0,0,1
53217,0,0,0,0,1
53218,0,0,0,0,1
53219,0,0,0,0,1
53220,0,0,0,0,1
53221,0,0,0,0,1
53222,0,0,0,0,1
53223,0,0,0,0,1
53224,0,0,0,0,1
53225,0,0,0,0,1
53226,0,0,0,0,1
53227,0,0,0,0,1
53228,0,0,0,0,1
53229,0,0,0,0,1
53230,0,0,0,0,1
53231,0,0,0,0,1
53232,0,0,0,0,1
53233,0,0,0,0,1
53234,0,0,0,0,1
53235,0,0,0,0,1
53236,0,0,0,0,1
53237,0,0,0,0,1
53238,0,0,0,0,1
53239,0,0,0,0,1
53240,0,0,0,0,1
53241,0,0,0,0,1
53242,0,0,0,0,1
53243,0,0,0,0,1
53244,0,0,0,0,1
53245,0,0,0,0,1
53246,0,0,0,0,1
53247,0,0,0,0,1
53248,0,0,0,0,1
53249,0,0,0,0,1
53250,0,0,0,0,1
53251,0,0,0,0,1
53252,0,0,0,0,1
53253,0,0,0,0,1
53254,0,0,0,0,1
53255,0,0,0,0,1
53256,0,0,0,0,1
53257,0,0,0,0,1
53258,0,0,0,0,1
53259,0,0,0,0,1
53260,0,0,0,0,1
53261,0,0,0,0,1
53262,0,0,0,0,1
53263,0,0,0,0,1
53264,0,0,0,0,1
53265,0,0,0,0,1
53266,0,0,0,0,1
53267,0,0,0,0,1
53268,0,0,0,0,1
53269,0,0,0,0,1
53270,0,0,0,0,1
53271,0,0,0,0,1
53272,0,0,0,0,1
53273,0,0,0,0,1
53274,0,0,0,0,1
53275,0,0,0,0,1
53276,0,0,0,0,1
53277,0,0,0,0,1
53278,0,0,0,0,1
53279,0,0,0,0,1
53280,0,0,0,0,1
53281,0,0,0,0,1
53282,0,0,0,0,1
53283,0,0,0,0,1
53284,0,0,0,0,1
53285,0,0,0,0,1
53286,0,0,0,0,1
53287,0,0,0,0,1
53288,0,0,0,0,1
53289,0,0,0,0,1
53290,0,0,0,0,1
53291,0,0,0,0,1
53292,0,0,0,0,1
53293,0,0,0,0,1
53294,0,0,0,0,1
53295,0,0,0,0,1
53296,0,0,0,0,1
53297,0,0,0,0,1
53298,0,0,0,0,1
53299,0,0,0,0,1
53300,0,0,0,0,1
53301,0,0,0,0,1
53302,0,0,0,0,1
53303,0,0,0,0,1
53304,0,0,0,0,1
53305,0,0,0,0,1
53306,0,0,0,0,1
53307,0,0,0,0,1
53308,0,0,0,0,1
53309,0,0,0,0,1
53310,0,0,0,0,1
53311,0,0,0,0,1
53312,0,0,0,0,1
53313,0,0,0,0,1
53314,0,0,0,0,1
53315,0,0,0,0,1
53316,0,0,0,0,1
53317,0,0,0,0,1
53318,0,0,0,0,1
53319,0,0,0,0,1
53320,0,0,0,0,1
53321,0,0,0,0,1
53322,0,0,0,0,1
53323,0,0,0,0,1
53324,0,0,0,0,1
53325,0,0,0,0,1
53326,0,0,0,0,1
53327,0,0,0,0,1
53328,0,0,0,0,1
53329,0,0,0,0,1
53330,0,0,0,0,1
53331,0,0,0,0,1
53332,0,0,0,0,1
53333,0,0,0,0,1
53334,0,0,0,0,1
53335,0,0,0,0,1
53336,0,0,0,0,1
53337,0,0,0,0,1
53338,0,0,0,0,1
53339,0,0,0,0,1
53340,0,0,0,0,1
53341,0,0,0,0,1
53342,0,0,0,0,1
53343,0,0,0,0,1
53344,0,0,0,0,1
53345,0,0,0,0,1
53346,0,0,0,0,1
53347,0,0,0,0,1
53348,0,0,0,0,1
53349,0,0,0,0,1
53350,0,0,0,0,1
53351,0,0,0,0,1
53352,0,0,0,0,1
53353,0,0,0,0,1
53354,0,0,0,0,1
53355,0,0,0,0,1
53356,0,0,0,0,1
53357,0,0,0,0,1
53358,0,0,0,0,1
53359,0,0,0,0,1
53360,0,0,0,0,1
53361,0,0,0,0,1
53362,0,0,0,0,1
53363,0,0,0,0,1
53364,0,0,0,0,1
53365,0,0,0,0,1
53366,0,0,0,0,1
53367,0,0,0,0,1
53368,0,0,0,0,1
53369,0,0,0,0,1
53370,0,0,0,0,1
53371,0,0,0,0,1
53372,0,0,0,0,1
53373,0,0,0,0,1
53374,0,0,0,0,1
53375,0,0,0,0,1
53376,0,0,0,0,1
53377,0,0,0,0,1
53378,0,0,0,0,1
53379,0,0,0,0,1
53380,0,0,0,0,1
53381,0,0,0,0,1
53382,0,0,0,0,1
53383,0,0,0,0,1
53384,0,0,0,0,1
53385,0,0,0,0,1
53386,0,0,0,0,1
53387,0,0,0,0,1
53388,0,0,0,0,1
53389,0,0,0,0,1
53390,0,0,0,0,1
53391,0,0,0,0,1
53392,0,0,0,0,1
53393,0,0,0,0,1
53394,0,0,0,0,1
53395,0,0,0,0,1
53396,0,0,0,0,1
53397,0,0,0,0,1
53398,0,0,0,0,1
53399,0,0,0,0,1
53400,0,0,0,0,1
53401,0,0,0,0,1
53402,0,0,0,0,1
53403,0,0,0,0,1
53404,0,0,0,0,1
53405,0,0,0,0,1
53406,0,0,0,0,1
53407,0,0,0,0,1
53408,0,0,0,0,1
53409,0,0,0,0,1
53410,0,0,0,0,1
53411,0,0,0,0,1
53412,0,0,0,0,1
53413,0,0,0,0,1
53414,0,0,0,0,1
53415,0,0,0,0,1
53416,0,0,0,0,1
53417,0,0,0,0,1
53418,0,0,0,0,1
53419,0,0,0,0,1
53420,0,0,0,0,1
53421,0,0,0,0,1
53422,0,0,0,0,1
53423,0,0,0,0,1
53424,0,0,0,0,1
53425,0,0,0,0,1
53426,0,0,0,0,1
53427,0,0,0,0,1
53428,0,0,0,0,1
53429,0,0,0,0,1
53430,0,0,0,0,1
53431,0,0,0,0,1
53432,0,0,0,0,1
53433,0,0,0,0,1
53434,0,0,0,0,1
53435,0,0,0,0,1
53436,0,0,0,0,1
53437,0,0,0,0,1
53438,0,0,0,0,1
53439,0,0,0,0,1
53440,0,0,0,0,1
53441,0,0,0,0,1
53442,0,0,0,0,1
53443,0,0,0,0,1
53444,0,0,0,0,1
53445,0,0,0,0,1
53446,0,0,0,0,1
53447,0,0,0,0,1
53448,0,0,0,0,1
53449,0,0,0,0,1
53450,0,0,0,0,1
53451,0,0,0,0,1
53452,0,0,0,0,1
53453,0,0,0,0,1
53454,0,0,0,0,1
53455,0,0,0,0,1
53456,0,0,0,0,1
53457,0,0,0,0,1
53458,0,0,0,0,1
53459,0,0,0,0,1
53460,0,0,0,0,1
53461,0,0,0,0,1
53462,0,0,0,0,1
53463,0,0,0,0,1
53464,0,0,0,0,1
53465,0,0,0,0,1
53466,0,0,0,0,1
53467,0,0,0,0,1
53468,0,0,0,0,1
53469,0,0,0,0,1
53470,0,0,0,0,1
53471,0,0,0,0,1
53472,0,0,0,0,1
53473,0,0,0,0,1
53474,0,0,0,0,1
53475,0,0,0,0,1
53476,0,0,0,0,1
53477,0,0,0,0,1
53478,0,0,0,0,1
53479,0,0,0,0,1
53480,0,0,0,0,1
53481,0,0,0,0,1
53482,0,0,0,0,1
53483,0,0,0,0,1
53484,0,0,0,0,1
53485,0,0,0,0,1
53486,0,0,0,0,1
53487,0,0,0,0,1
53488,0,0,0,0,1
53489,0,0,0,0,1
53490,0,0,0,0,1
53491,0,0,0,0,1
53492,0,0,0,0,1
53493,0,0,0,0,1
53494,0,0,0,0,1
53495,0,0,0,0,1
53496,0,0,0,0,1
53497,0,0,0,0,1
53498,0,0,0,0,1
53499,0,0,0,0,1
53500,0,0,0,0,1
53501,0,0,0,0,1
53502,0,0,0,0,1
53503,0,0,0,0,1
53504,0,0,0,0,1
53505,0,0,0,0,1
53506,0,0,0,0,1
53507,0,0,0,0,1
53508,0,0,0,0,1
53509,0,0,0,0,1
53510,0,0,0,0,1
53511,0,0,0,0,1
53512,0,0,0,0,1
53513,0,0,0,0,1
53514,0,0,0,0,1
53515,0,0,0,0,1
53516,0,0,0,0,1
53517,1,0,0,0,0
53518,1,0,0,0,0
53519,1,0,0,0,0
53520,1,0,0,0,0
53521,1,0,0,0,0
53522,1,0,0,0,0
53523,1,0,0,0,0
53524,1,0,0,0,0
53525,1,0,0,0,0
53526,1,0,0,0,0
53527,1,0,0,0,0
53528,1,0,0,0,0
53529,1,0,0,0,0
53530,1,0,0,0,0
53531,1,0,0,0,0
53532,1,0,0,0,0
53533,1,0,0,0,0
53534,1,0,0,0,0
53535,1,0,0,0,0
53536,1,0,0,0,0
53537,1,0,0,0,0
53538,1,0,0,0,0
53539,1,0,0,0,0
53540,1,0,0,0,0
53541,1,0,0,0,0
53542,1,0,0,0,0
53543,1,0,0,0,0
53544,1,0,0,0,0
53545,1,0,0,0,0
53546,0,0,0,0,1
53547,0,0,0,0,1
53548,0,0,0,0,1
53549,0,0,0,0,1
53550,0,0,0,0,1
53551,0,0,0,0,1
53552,0,0,0,0,1
53553,0,0,0,0,1
53554,0,0,0,0,1
53555,0,0,0,0,1
53556,0,0,0,0,1
53557,0,0,0,0,1
53558,0,0,0,0,1
53559,0,0,0,0,1
53560,0,0,0,0,1
53561,0,0,0,0,1
53562,0,0,0,0,1
53563,0,0,0,0,1
53564,0,0,0,0,1
53565,0,0,0,0,1
53566,0,0,0,0,1
53567,0,0,0,0,1
53568,0,0,0,0,1
53569,0,0,0,0,1
53570,0,0,0,0,1
53571,0,0,0,0,1
53572,0,0,0,0,1
53573,0,0,0,0,1
53574,0,0,0,0,1
53575,0,0,0,0,1
53576,0,0,0,0,1
53577,0,0,0,0,1
53578,0,0,0,0,1
53579,0,0,0,0,1
53580,0,0,0,0,1
53581,0,0,0,0,1
53582,0,0,0,0,1
53583,0,0,0,0,1
53584,0,0,0,0,1
53585,0,0,0,0,1
53586,0,0,0,0,1
53587,0,0,0,0,1
53588,0,0,0,0,1
53589,0,0,0,0,1
53590,0,0,0,0,1
53591,0,0,0,0,1
53592,0,0,0,0,1
53593,0,0,0,0,1
53594,0,0,0,0,1
53595,0,0,0,0,1
53596,0,0,0,0,1
53597,0,0,0,0,1
53598,0,0,0,0,1
53599,0,0,0,0,1
53600,0,0,0,0,1
53601,0,0,0,0,1
53602,0,0,0,0,1
53603,0,0,0,0,1
53604,0,0,0,0,1
53605,0,0,0,0,1
53606,0,0,0,0,1
53607,0,0,0,0,1
53608,0,0,0,0,1
53609,0,0,0,0,1
53610,0,0,0,0,1
53611,0,0,0,0,1
53612,0,0,0,0,1
53613,0,0,0,0,1
53614,0,0,0,0,1
53615,0,0,0,0,1
53616,0,0,0,0,1
53617,0,0,0,0,1
53618,0,0,0,0,1
53619,0,0,0,0,1
53620,0,0,0,0,1
53621,0,0,0,0,1
53622,0,0,0,0,1
53623,0,0,0,0,1
53624,0,0,0,0,1
53625,0,0,0,0,1
53626,0,0,0,0,1
53627,0,0,0,0,1
53628,0,0,0,0,1
53629,0,0,0,0,1
53630,0,0,0,0,1
53631,0,0,0,0,1
53632,0,0,0,0,1
53633,0,0,0,0,1
53634,0,0,0,0,1
53635,0,0,0,0,1
53636,0,0,0,0,1
53637,0,0,0,0,1
53638,0,0,0,0,1
53639,0,0,0,0,1
53640,0,0,0,0,1
53641,0,0,0,0,1
53642,0,0,0,0,1
53643,0,0,0,0,1
53644,0,0,0,0,1
53645,0,0,0,0,1
53646,0,0,0,0,1
53647,0,0,0,0,1
53648,0,0,0,0,1
53649,0,0,0,0,1
53650,0,0,0,0,1
53651,0,0,0,0,1
53652,0,0,0,0,1
53653,0,0,0,0,1
53654,0,0,0,0,1
53655,0,0,0,0,1
53656,0,0,0,0,1
53657,0,0,0,0,1
53658,0,0,0,0,1
53659,0,0,0,0,1
53660,0,0,0,0,1
53661,0,0,0,0,1
53662,0,0,0,0,1
53663,0,0,0,0,1
53664,0,0,0,0,1
53665,0,0,0,0,1
53666,0,0,0,0,1
53667,1,0,0,0,0
53668,1,0,0,0,0
53669,1,0,0,0,0
53670,1,0,0,0,0
53671,1,0,0,0,0
53672,1,0,0,0,0
53673,1,0,0,0,0
53674,1,0,0,0,0
53675,1,0,0,0,0
53676,1,0,0,0,0
53677,1,0,0,0,0
53678,1,0,0,0,0
53679,1,0,0,0,0
53680,1,0,0,0,0
53681,1,0,0,0,0
53682,1,0,0,0,0
53683,1,0,0,0,0
53684,1,0,0,0,0
53685,1,0,0,0,0
53686,1,0,0,0,0
53687,1,0,0,0,0
53688,1,0,0,0,0
53689,1,0,0,0,0
53690,1,0,0,0,0
53691,1,0,0,0,0
53692,1,0,0,0,0
53693,1,0,0,0,0
53694,1,0,0,0,0
53695,1,0,0,0,0
53696,1,0,0,0,0
53697,1,0,0,0,0
53698,1,0,0,0,0
53699,1,0,0,0,0
53700,1,0,0,0,0
53701,1,0,0,0,0
53702,1,0,0,0,0
53703,1,0,0,0,0
53704,1,0,0,0,0
53705,1,0,0,0,0
53706,1,0,0,0,0
53707,1,0,0,0,0
53708,1,0,0,0,0
53709,1,0,0,0,0
53710,1,0,0,0,0
53711,1,0,0,0,0
53712,1,0,0,0,0
53713,1,0,0,0,0
53714,1,0,0,0,0
53715,1,0,0,0,0
53716,1,0,0,0,0
53717,1,0,0,0,0
53718,1,0,0,0,0
53719,1,0,0,0,0
53720,1,0,0,0,0
53721,1,0,0,0,0
53722,1,0,0,0,0
53723,1,0,0,0,0
53724,1,0,0,0,0
53725,1,0,0,0,0
53726,1,0,0,0,0
53727,1,0,0,0,0
53728,1,0,0,0,0
53729,1,0,0,0,0
53730,1,0,0,0,0
53731,1,0,0,0,0
53732,1,0,0,0,0
53733,1,0,0,0,0
53734,1,0,0,0,0
53735,1,0,0,0,0
53736,1,0,0,0,0
53737,1,0,0,0,0
53738,1,0,0,0,0
53739,1,0,0,0,0
53740,1,0,0,0,0
53741,1,0,0,0,0
53742,1,0,0,0,0
53743,1,0,0,0,0
53744,1,0,0,0,0
53745,1,0,0,0,0
53746,1,0,0,0,0
53747,1,0,0,0,0
53748,1,0,0,0,0
53749,1,0,0,0,0
53750,1,0,0,0,0
53751,1,0,0,0,0
53752,1,0,0,0,0
53753,1,0,0,0,0
53754,1,0,0,0,0
53755,1,0,0,0,0
53756,1,0,0,0,0
53757,1,0,0,0,0
53758,1,0,0,0,0
53759,1,0,0,0,0
53760,1,0,0,0,0
53761,1,0,0,0,0
53762,1,0,0,0,0
53763,1,0,0,0,0
53764,1,0,0,0,0
53765,1,0,0,0,0
53766,1,0,0,0,0
53767,1,0,0,0,0
53768,1,0,0,0,0
53769,1,0,0,0,0
53770,1,0,0,0,0
53771,1,0,0,0,0
53772,1,0,0,0,0
53773,1,0,0,0,0
53774,1,0,0,0,0
53775,1,0,0,0,0
53776,1,0,0,0,0
53777,1,0,0,0,0
53778,1,0,0,0,0
53779,1,0,0,0,0
53780,1,0,0,0,0
53781,1,0,0,0,0
53782,1,0,0,0,0
53783,1,0,0,0,0
53784,1,0,0,0,0
53785,1,0,0,0,0
53786,1,0,0,0,0
53787,1,0,0,0,0
53788,1,0,0,0,0
53789,1,0,0,0,0
53790,1,0,0,0,0
53791,1,0,0,0,0
53792,1,0,0,0,0
53793,1,0,0,0,0
53794,1,0,0,0,0
53795,1,0,0,0,0
53796,1,0,0,0,0
53797,1,0,0,0,0
53798,1,0,0,0,0
53799,1,0,0,0,0
53800,1,0,0,0,0
53801,1,0,0,0,0
53802,1,0,0,0,0
53803,1,0,0,0,0
53804,1,0,0,0,0
53805,1,0,0,0,0
53806,0,0,0,1,0
53807,0,0,0,1,0
53808,0,0,0,1,0
53809,0,0,0,1,0
53810,0,0,0,1,0
53811,0,0,0,1,0
53812,0,0,0,1,0
53813,0,0,0,1,0
53814,0,0,0,1,0
53815,0,0,0,1,0
53816,0,0,0,1,0
53817,0,0,0,1,0
53818,0,0,0,1,0
53819,1,0,0,0,0
53820,1,0,0,0,0
53821,1,0,0,0,0
53822,1,0,0,0,0
53823,1,0,0,0,0
53824,1,0,0,0,0
53825,1,0,0,0,0
53826,1,0,0,0,0
53827,1,0,0,0,0
53828,1,0,0,0,0
53829,1,0,0,0,0
53830,1,0,0,0,0
53831,1,0,0,0,0
53832,1,0,0,0,0
53833,1,0,0,0,0
53834,1,0,0,0,0
53835,1,0,0,0,0
53836,1,0,0,0,0
53837,1,0,0,0,0
53838,1,0,0,0,0
53839,1,0,0,0,0
53840,1,0,0,0,0
53841,1,0,0,0,0
53842,1,0,0,0,0
53843,1,0,0,0,0
53844,1,0,0,0,0
53845,1,0,0,0,0
53846,1,0,0,0,0
53847,1,0,0,0,0
53848,1,0,0,0,0
53849,1,0,0,0,0
53850,1,0,0,0,0
53851,1,0,0,0,0
53852,0,0,0,0,1
53853,0,0,0,0,1
53854,0,0,0,0,1
53855,0,0,0,0,1
53856,0,0,0,0,1
53857,0,0,0,0,1
53858,0,0,0,0,1
53859,0,0,0,0,1
53860,0,0,0,0,1
53861,0,0,0,0,1
53862,0,0,0,0,1
53863,0,0,0,0,1
53864,0,0,0,0,1
53865,0,0,0,0,1
53866,0,0,0,0,1
53867,0,0,0,0,1
53868,0,0,0,0,1
53869,0,0,0,0,1
53870,0,0,0,0,1
53871,0,0,0,0,1
53872,0,0,0,0,1
53873,0,0,0,0,1
53874,0,0,0,0,1
53875,0,0,0,0,1
53876,0,0,0,0,1
53877,0,0,0,0,1
53878,0,0,0,0,1
53879,0,0,0,0,1
53880,0,0,0,0,1
53881,0,0,0,0,1
53882,0,0,0,0,1
53883,0,0,0,0,1
53884,0,0,0,0,1
53885,0,0,0,0,1
53886,0,0,0,0,1
53887,0,0,0,0,1
53888,0,0,0,0,1
53889,0,0,0,0,1
53890,0,0,0,0,1
53891,0,0,0,0,1
53892,0,0,0,0,1
53893,0,0,0,0,1
53894,0,0,0,0,1
53895,0,0,0,0,1
53896,0,0,0,0,1
53897,0,0,0,0,1
53898,0,0,0,0,1
53899,0,0,0,0,1
53900,0,0,0,0,1
53901,0,0,0,0,1
53902,0,0,0,0,1
53903,0,0,0,0,1
53904,0,0,0,0,1
53905,0,0,0,0,1
53906,0,0,0,0,1
53907,0,0,0,0,1
53908,0,0,0,0,1
53909,0,0,0,0,1
53910,0,0,0,0,1
53911,0,0,0,0,1
53912,0,0,0,0,1
53913,0,0,0,0,1
53914,0,0,0,0,1
53915,0,0,0,0,1
53916,0,0,0,0,1
53917,0,0,0,0,1
53918,0,0,0,0,1
53919,0,0,0,0,1
53920,0,0,0,0,1
53921,0,0,0,0,1
53922,0,0,0,0,1
53923,0,0,0,0,1
53924,0,0,0,0,1
53925,0,0,0,0,1
53926,0,0,0,0,1
53927,0,0,0,0,1
53928,0,0,0,0,1
53929,0,0,0,0,1
53930,0,0,0,0,1
53931,0,0,0,0,1
53932,0,0,0,0,1
53933,0,0,0,0,1
53934,0,0,0,0,1
53935,0,0,0,0,1
53936,0,0,0,0,1
53937,0,0,0,0,1
53938,0,0,0,0,1
53939,0,0,0,0,1
53940,0,0,0,0,1
53941,0,0,0,0,1
53942,0,0,0,0,1
53943,0,0,0,0,1
53944,0,0,0,0,1
53945,0,0,0,0,1
53946,0,0,0,0,1
53947,0,0,0,0,1
53948,0,0,0,0,1
53949,0,0,0,0,1
53950,0,0,0,0,1
53951,0,0,0,0,1
53952,0,0,0,0,1
53953,0,0,0,0,1
53954,0,0,0,0,1
53955,0,0,0,0,1
53956,0,0,0,0,1
53957,0,0,0,0,1
53958,0,0,0,0,1
53959,0,0,0,0,1
53960,0,0,0,0,1
53961,0,0,0,0,1
53962,0,0,0,0,1
53963,0,0,0,0,1
53964,0,0,0,0,1
53965,0,0,0,0,1
53966,0,0,0,0,1
53967,0,0,0,0,1
53968,0,0,0,0,1
53969,0,0,0,0,1
53970,0,0,0,0,1
53971,0,0,0,0,1
53972,0,0,0,0,1
53973,0,0,0,0,1
53974,0,0,0,0,1
53975,0,0,0,0,1
53976,0,0,0,0,1
53977,0,0,0,0,1
53978,0,0,0,0,1
53979,0,0,0,0,1
53980,0,0,0,0,1
53981,0,0,0,0,1
53982,0,0,0,0,1
53983,1,0,0,0,0
53984,1,0,0,0,0
53985,1,0,0,0,0
53986,1,0,0,0,0
53987,1,0,0,0,0
53988,1,0,0,0,0
53989,1,0,0,0,0
53990,1,0,0,0,0
53991,1,0,0,0,0
53992,1,0,0,0,0
53993,1,0,0,0,0
53994,1,0,0,0,0
53995,1,0,0,0,0
53996,1,0,0,0,0
53997,1,0,0,0,0
53998,1,0,0,0,0
53999,1,0,0,0,0
54000,1,0,0,0,0
54001,1,0,0,0,0
54002,1,0,0,0,0
54003,1,0,0,0,0
54004,1,0,0,0,0
54005,1,0,0,0,0
54006,1,0,0,0,0
54007,1,0,0,0,0
54008,1,0,0,0,0
54009,1,0,0,0,0
54010,1,0,0,0,0
54011,1,0,0,0,0
54012,1,0,0,0,0
54013,1,0,0,0,0
54014,1,0,0,0,0
54015,1,0,0,0,0
54016,1,0,0,0,0
54017,1,0,0,0,0
54018,1,0,0,0,0
54019,1,0,0,0,0
54020,1,0,0,0,0
54021,1,0,0,0,0
54022,1,0,0,0,0
54023,1,0,0,0,0
54024,1,0,0,0,0
54025,1,0,0,0,0
54026,1,0,0,0,0
54027,1,0,0,0,0
54028,1,0,0,0,0
54029,1,0,0,0,0
54030,1,0,0,0,0
54031,1,0,0,0,0
54032,1,0,0,0,0
54033,1,0,0,0,0
54034,1,0,0,0,0
54035,1,0,0,0,0
54036,1,0,0,0,0
54037,1,0,0,0,0
54038,1,0,0,0,0
54039,1,0,0,0,0
54040,1,0,0,0,0
54041,1,0,0,0,0
54042,1,0,0,0,0
54043,1,0,0,0,0
54044,1,0,0,0,0
54045,1,0,0,0,0
54046,1,0,0,0,0
54047,1,0,0,0,0
54048,1,0,0,0,0
54049,1,0,0,0,0
54050,1,0,0,0,0
54051,1,0,0,0,0
54052,1,0,0,0,0
54053,1,0,0,0,0
54054,1,0,0,0,0
54055,1,0,0,0,0
54056,1,0,0,0,0
54057,1,0,0,0,0
54058,1,0,0,0,0
54059,1,0,0,0,0
54060,1,0,0,0,0
54061,1,0,0,0,0
54062,1,0,0,0,0
54063,1,0,0,0,0
54064,1,0,0,0,0
54065,1,0,0,0,0
54066,1,0,0,0,0
54067,1,0,0,0,0
54068,1,0,0,0,0
54069,1,0,0,0,0
54070,1,0,0,0,0
54071,1,0,0,0,0
54072,1,0,0,0,0
54073,1,0,0,0,0
54074,1,0,0,0,0
54075,1,0,0,0,0
54076,1,0,0,0,0
54077,1,0,0,0,0
54078,1,0,0,0,0
54079,1,0,0,0,0
54080,1,0,0,0,0
54081,1,0,0,0,0
54082,1,0,0,0,0
54083,1,0,0,0,0
54084,1,0,0,0,0
54085,1,0,0,0,0
54086,1,0,0,0,0
54087,1,0,0,0,0
54088,1,0,0,0,0
54089,1,0,0,0,0
54090,1,0,0,0,0
54091,1,0,0,0,0
54092,1,0,0,0,0
54093,1,0,0,0,0
54094,1,0,0,0,0
54095,1,0,0,0,0
54096,1,0,0,0,0
