,background,Supportedrearing,Unsupportedrearing,Grooming,Digging
0,1,0,0,0,0
1,1,0,0,0,0
2,1,0,0,0,0
3,1,0,0,0,0
4,1,0,0,0,0
5,1,0,0,0,0
6,1,0,0,0,0
7,1,0,0,0,0
8,1,0,0,0,0
9,1,0,0,0,0
10,1,0,0,0,0
11,1,0,0,0,0
12,1,0,0,0,0
13,1,0,0,0,0
14,1,0,0,0,0
15,1,0,0,0,0
16,1,0,0,0,0
17,1,0,0,0,0
18,1,0,0,0,0
19,1,0,0,0,0
20,1,0,0,0,0
21,1,0,0,0,0
22,1,0,0,0,0
23,1,0,0,0,0
24,1,0,0,0,0
25,1,0,0,0,0
26,1,0,0,0,0
27,1,0,0,0,0
28,1,0,0,0,0
29,1,0,0,0,0
30,1,0,0,0,0
31,1,0,0,0,0
32,1,0,0,0,0
33,1,0,0,0,0
34,1,0,0,0,0
35,0,0,0,1,0
36,0,0,0,1,0
37,0,0,0,1,0
38,0,0,0,1,0
39,0,0,0,1,0
40,0,0,0,1,0
41,0,0,0,1,0
42,0,0,0,1,0
43,0,0,0,1,0
44,0,0,0,1,0
45,0,0,0,1,0
46,0,0,0,1,0
47,0,0,1,0,0
48,0,0,1,0,0
49,0,0,1,0,0
50,0,0,1,0,0
51,0,0,1,0,0
52,0,0,1,0,0
53,0,0,1,0,0
54,0,0,1,0,0
55,0,0,1,0,0
56,0,0,1,0,0
57,0,0,1,0,0
58,0,0,1,0,0
59,0,0,1,0,0
60,0,0,1,0,0
61,0,0,1,0,0
62,0,0,1,0,0
63,0,0,1,0,0
64,0,0,1,0,0
65,0,0,1,0,0
66,0,0,1,0,0
67,0,0,1,0,0
68,0,0,1,0,0
69,1,0,0,0,0
70,1,0,0,0,0
71,1,0,0,0,0
72,1,0,0,0,0
73,1,0,0,0,0
74,1,0,0,0,0
75,1,0,0,0,0
76,1,0,0,0,0
77,1,0,0,0,0
78,1,0,0,0,0
79,1,0,0,0,0
80,1,0,0,0,0
81,1,0,0,0,0
82,1,0,0,0,0
83,1,0,0,0,0
84,1,0,0,0,0
85,1,0,0,0,0
86,1,0,0,0,0
87,1,0,0,0,0
88,1,0,0,0,0
89,1,0,0,0,0
90,1,0,0,0,0
91,1,0,0,0,0
92,1,0,0,0,0
93,1,0,0,0,0
94,1,0,0,0,0
95,1,0,0,0,0
96,1,0,0,0,0
97,1,0,0,0,0
98,1,0,0,0,0
99,1,0,0,0,0
100,1,0,0,0,0
101,1,0,0,0,0
102,1,0,0,0,0
103,1,0,0,0,0
104,1,0,0,0,0
105,1,0,0,0,0
106,1,0,0,0,0
107,1,0,0,0,0
108,1,0,0,0,0
109,1,0,0,0,0
110,1,0,0,0,0
111,1,0,0,0,0
112,1,0,0,0,0
113,1,0,0,0,0
114,1,0,0,0,0
115,1,0,0,0,0
116,1,0,0,0,0
117,1,0,0,0,0
118,1,0,0,0,0
119,1,0,0,0,0
120,1,0,0,0,0
121,1,0,0,0,0
122,1,0,0,0,0
123,1,0,0,0,0
124,1,0,0,0,0
125,1,0,0,0,0
126,1,0,0,0,0
127,1,0,0,0,0
128,1,0,0,0,0
129,1,0,0,0,0
130,1,0,0,0,0
131,1,0,0,0,0
132,1,0,0,0,0
133,1,0,0,0,0
134,1,0,0,0,0
135,1,0,0,0,0
136,1,0,0,0,0
137,1,0,0,0,0
138,1,0,0,0,0
139,1,0,0,0,0
140,1,0,0,0,0
141,1,0,0,0,0
142,1,0,0,0,0
143,1,0,0,0,0
144,1,0,0,0,0
145,1,0,0,0,0
146,1,0,0,0,0
147,1,0,0,0,0
148,1,0,0,0,0
149,1,0,0,0,0
150,1,0,0,0,0
151,1,0,0,0,0
152,1,0,0,0,0
153,1,0,0,0,0
154,1,0,0,0,0
155,1,0,0,0,0
156,1,0,0,0,0
157,1,0,0,0,0
158,1,0,0,0,0
159,1,0,0,0,0
160,1,0,0,0,0
161,1,0,0,0,0
162,1,0,0,0,0
163,1,0,0,0,0
164,1,0,0,0,0
165,1,0,0,0,0
166,1,0,0,0,0
167,1,0,0,0,0
168,1,0,0,0,0
169,1,0,0,0,0
170,1,0,0,0,0
171,1,0,0,0,0
172,1,0,0,0,0
173,1,0,0,0,0
174,1,0,0,0,0
175,1,0,0,0,0
176,1,0,0,0,0
177,1,0,0,0,0
178,1,0,0,0,0
179,1,0,0,0,0
180,1,0,0,0,0
181,1,0,0,0,0
182,1,0,0,0,0
183,1,0,0,0,0
184,1,0,0,0,0
185,1,0,0,0,0
186,1,0,0,0,0
187,1,0,0,0,0
188,1,0,0,0,0
189,1,0,0,0,0
190,1,0,0,0,0
191,1,0,0,0,0
192,1,0,0,0,0
193,1,0,0,0,0
194,1,0,0,0,0
195,1,0,0,0,0
196,1,0,0,0,0
197,1,0,0,0,0
198,1,0,0,0,0
199,1,0,0,0,0
200,1,0,0,0,0
201,1,0,0,0,0
202,1,0,0,0,0
203,1,0,0,0,0
204,1,0,0,0,0
205,1,0,0,0,0
206,1,0,0,0,0
207,1,0,0,0,0
208,1,0,0,0,0
209,1,0,0,0,0
210,1,0,0,0,0
211,1,0,0,0,0
212,1,0,0,0,0
213,1,0,0,0,0
214,1,0,0,0,0
215,1,0,0,0,0
216,1,0,0,0,0
217,1,0,0,0,0
218,1,0,0,0,0
219,1,0,0,0,0
220,1,0,0,0,0
221,1,0,0,0,0
222,1,0,0,0,0
223,1,0,0,0,0
224,1,0,0,0,0
225,1,0,0,0,0
226,1,0,0,0,0
227,1,0,0,0,0
228,1,0,0,0,0
229,1,0,0,0,0
230,1,0,0,0,0
231,1,0,0,0,0
232,1,0,0,0,0
233,1,0,0,0,0
234,1,0,0,0,0
235,1,0,0,0,0
236,1,0,0,0,0
237,1,0,0,0,0
238,1,0,0,0,0
239,1,0,0,0,0
240,1,0,0,0,0
241,1,0,0,0,0
242,1,0,0,0,0
243,1,0,0,0,0
244,1,0,0,0,0
245,1,0,0,0,0
246,1,0,0,0,0
247,1,0,0,0,0
248,1,0,0,0,0
249,1,0,0,0,0
250,1,0,0,0,0
251,1,0,0,0,0
252,1,0,0,0,0
253,1,0,0,0,0
254,1,0,0,0,0
255,1,0,0,0,0
256,1,0,0,0,0
257,1,0,0,0,0
258,1,0,0,0,0
259,1,0,0,0,0
260,1,0,0,0,0
261,1,0,0,0,0
262,1,0,0,0,0
263,1,0,0,0,0
264,1,0,0,0,0
265,1,0,0,0,0
266,1,0,0,0,0
267,1,0,0,0,0
268,1,0,0,0,0
269,1,0,0,0,0
270,1,0,0,0,0
271,1,0,0,0,0
272,1,0,0,0,0
273,1,0,0,0,0
274,1,0,0,0,0
275,1,0,0,0,0
276,1,0,0,0,0
277,1,0,0,0,0
278,1,0,0,0,0
279,1,0,0,0,0
280,0,0,0,1,0
281,0,0,0,1,0
282,0,0,0,1,0
283,0,0,0,1,0
284,0,0,0,1,0
285,0,0,0,1,0
286,0,0,0,1,0
287,0,0,0,1,0
288,0,0,0,1,0
289,0,0,0,1,0
290,0,0,0,1,0
291,0,0,0,1,0
292,0,0,0,1,0
293,0,0,0,1,0
294,1,0,0,0,0
295,1,0,0,0,0
296,1,0,0,0,0
297,1,0,0,0,0
298,1,0,0,0,0
299,1,0,0,0,0
300,1,0,0,0,0
301,1,0,0,0,0
302,1,0,0,0,0
303,1,0,0,0,0
304,1,0,0,0,0
305,1,0,0,0,0
306,1,0,0,0,0
307,1,0,0,0,0
308,1,0,0,0,0
309,1,0,0,0,0
310,1,0,0,0,0
311,1,0,0,0,0
312,1,0,0,0,0
313,1,0,0,0,0
314,1,0,0,0,0
315,1,0,0,0,0
316,1,0,0,0,0
317,1,0,0,0,0
318,0,0,0,1,0
319,0,0,0,1,0
320,0,0,0,1,0
321,0,0,0,1,0
322,0,0,0,1,0
323,0,0,0,1,0
324,0,0,0,1,0
325,0,0,0,1,0
326,0,0,0,1,0
327,0,0,0,1,0
328,0,0,0,1,0
329,0,0,0,1,0
330,1,0,0,0,0
331,1,0,0,0,0
332,1,0,0,0,0
333,1,0,0,0,0
334,1,0,0,0,0
335,1,0,0,0,0
336,1,0,0,0,0
337,1,0,0,0,0
338,1,0,0,0,0
339,1,0,0,0,0
340,1,0,0,0,0
341,1,0,0,0,0
342,1,0,0,0,0
343,1,0,0,0,0
344,1,0,0,0,0
345,1,0,0,0,0
346,1,0,0,0,0
347,1,0,0,0,0
348,1,0,0,0,0
349,1,0,0,0,0
350,1,0,0,0,0
351,1,0,0,0,0
352,1,0,0,0,0
353,1,0,0,0,0
354,1,0,0,0,0
355,1,0,0,0,0
356,1,0,0,0,0
357,1,0,0,0,0
358,1,0,0,0,0
359,1,0,0,0,0
360,1,0,0,0,0
361,1,0,0,0,0
362,1,0,0,0,0
363,1,0,0,0,0
364,1,0,0,0,0
365,1,0,0,0,0
366,1,0,0,0,0
367,1,0,0,0,0
368,1,0,0,0,0
369,1,0,0,0,0
370,1,0,0,0,0
371,1,0,0,0,0
372,1,0,0,0,0
373,1,0,0,0,0
374,1,0,0,0,0
375,1,0,0,0,0
376,1,0,0,0,0
377,1,0,0,0,0
378,1,0,0,0,0
379,1,0,0,0,0
380,1,0,0,0,0
381,1,0,0,0,0
382,1,0,0,0,0
383,1,0,0,0,0
384,1,0,0,0,0
385,1,0,0,0,0
386,1,0,0,0,0
387,1,0,0,0,0
388,1,0,0,0,0
389,1,0,0,0,0
390,1,0,0,0,0
391,1,0,0,0,0
392,1,0,0,0,0
393,1,0,0,0,0
394,1,0,0,0,0
395,1,0,0,0,0
396,1,0,0,0,0
397,1,0,0,0,0
398,1,0,0,0,0
399,1,0,0,0,0
400,1,0,0,0,0
401,1,0,0,0,0
402,1,0,0,0,0
403,1,0,0,0,0
404,1,0,0,0,0
405,1,0,0,0,0
406,1,0,0,0,0
407,1,0,0,0,0
408,1,0,0,0,0
409,1,0,0,0,0
410,1,0,0,0,0
411,1,0,0,0,0
412,1,0,0,0,0
413,1,0,0,0,0
414,1,0,0,0,0
415,1,0,0,0,0
416,1,0,0,0,0
417,1,0,0,0,0
418,1,0,0,0,0
419,1,0,0,0,0
420,1,0,0,0,0
421,1,0,0,0,0
422,1,0,0,0,0
423,1,0,0,0,0
424,1,0,0,0,0
425,1,0,0,0,0
426,1,0,0,0,0
427,1,0,0,0,0
428,1,0,0,0,0
429,1,0,0,0,0
430,1,0,0,0,0
431,1,0,0,0,0
432,1,0,0,0,0
433,1,0,0,0,0
434,1,0,0,0,0
435,1,0,0,0,0
436,1,0,0,0,0
437,1,0,0,0,0
438,1,0,0,0,0
439,1,0,0,0,0
440,1,0,0,0,0
441,1,0,0,0,0
442,1,0,0,0,0
443,1,0,0,0,0
444,1,0,0,0,0
445,1,0,0,0,0
446,1,0,0,0,0
447,1,0,0,0,0
448,1,0,0,0,0
449,1,0,0,0,0
450,1,0,0,0,0
451,1,0,0,0,0
452,1,0,0,0,0
453,1,0,0,0,0
454,1,0,0,0,0
455,1,0,0,0,0
456,1,0,0,0,0
457,1,0,0,0,0
458,1,0,0,0,0
459,1,0,0,0,0
460,1,0,0,0,0
461,1,0,0,0,0
462,0,0,0,1,0
463,0,0,0,1,0
464,0,0,0,1,0
465,0,0,0,1,0
466,0,0,0,1,0
467,0,0,0,1,0
468,0,0,0,1,0
469,0,0,0,1,0
470,0,0,0,1,0
471,0,0,0,1,0
472,0,0,0,1,0
473,0,0,0,1,0
474,1,0,0,0,0
475,1,0,0,0,0
476,1,0,0,0,0
477,1,0,0,0,0
478,1,0,0,0,0
479,1,0,0,0,0
480,1,0,0,0,0
481,1,0,0,0,0
482,1,0,0,0,0
483,1,0,0,0,0
484,1,0,0,0,0
485,1,0,0,0,0
486,1,0,0,0,0
487,1,0,0,0,0
488,1,0,0,0,0
489,1,0,0,0,0
490,1,0,0,0,0
491,1,0,0,0,0
492,1,0,0,0,0
493,1,0,0,0,0
494,1,0,0,0,0
495,1,0,0,0,0
496,1,0,0,0,0
497,1,0,0,0,0
498,1,0,0,0,0
499,1,0,0,0,0
500,1,0,0,0,0
501,1,0,0,0,0
502,1,0,0,0,0
503,1,0,0,0,0
504,1,0,0,0,0
505,1,0,0,0,0
506,1,0,0,0,0
507,1,0,0,0,0
508,1,0,0,0,0
509,1,0,0,0,0
510,1,0,0,0,0
511,1,0,0,0,0
512,1,0,0,0,0
513,1,0,0,0,0
514,1,0,0,0,0
515,1,0,0,0,0
516,1,0,0,0,0
517,0,1,0,0,0
518,0,1,0,0,0
519,0,1,0,0,0
520,0,1,0,0,0
521,0,1,0,0,0
522,0,1,0,0,0
523,0,1,0,0,0
524,0,1,0,0,0
525,0,1,0,0,0
526,0,1,0,0,0
527,0,1,0,0,0
528,0,1,0,0,0
529,0,1,0,0,0
530,0,1,0,0,0
531,0,1,0,0,0
532,0,1,0,0,0
533,0,1,0,0,0
534,0,1,0,0,0
535,0,1,0,0,0
536,0,1,0,0,0
537,0,1,0,0,0
538,1,0,0,0,0
539,1,0,0,0,0
540,1,0,0,0,0
541,1,0,0,0,0
542,1,0,0,0,0
543,1,0,0,0,0
544,1,0,0,0,0
545,1,0,0,0,0
546,1,0,0,0,0
547,1,0,0,0,0
548,1,0,0,0,0
549,1,0,0,0,0
550,1,0,0,0,0
551,1,0,0,0,0
552,1,0,0,0,0
553,1,0,0,0,0
554,1,0,0,0,0
555,1,0,0,0,0
556,1,0,0,0,0
557,1,0,0,0,0
558,1,0,0,0,0
559,1,0,0,0,0
560,1,0,0,0,0
561,1,0,0,0,0
562,1,0,0,0,0
563,1,0,0,0,0
564,1,0,0,0,0
565,1,0,0,0,0
566,1,0,0,0,0
567,1,0,0,0,0
568,1,0,0,0,0
569,1,0,0,0,0
570,1,0,0,0,0
571,1,0,0,0,0
572,1,0,0,0,0
573,1,0,0,0,0
574,1,0,0,0,0
575,1,0,0,0,0
576,1,0,0,0,0
577,1,0,0,0,0
578,1,0,0,0,0
579,1,0,0,0,0
580,1,0,0,0,0
581,1,0,0,0,0
582,1,0,0,0,0
583,1,0,0,0,0
584,1,0,0,0,0
585,1,0,0,0,0
586,1,0,0,0,0
587,1,0,0,0,0
588,1,0,0,0,0
589,1,0,0,0,0
590,1,0,0,0,0
591,1,0,0,0,0
592,1,0,0,0,0
593,1,0,0,0,0
594,1,0,0,0,0
595,1,0,0,0,0
596,1,0,0,0,0
597,1,0,0,0,0
598,1,0,0,0,0
599,1,0,0,0,0
600,1,0,0,0,0
601,1,0,0,0,0
602,1,0,0,0,0
603,1,0,0,0,0
604,1,0,0,0,0
605,1,0,0,0,0
606,1,0,0,0,0
607,1,0,0,0,0
608,1,0,0,0,0
609,1,0,0,0,0
610,1,0,0,0,0
611,1,0,0,0,0
612,1,0,0,0,0
613,1,0,0,0,0
614,1,0,0,0,0
615,1,0,0,0,0
616,1,0,0,0,0
617,1,0,0,0,0
618,1,0,0,0,0
619,1,0,0,0,0
620,1,0,0,0,0
621,1,0,0,0,0
622,1,0,0,0,0
623,1,0,0,0,0
624,1,0,0,0,0
625,1,0,0,0,0
626,1,0,0,0,0
627,1,0,0,0,0
628,1,0,0,0,0
629,1,0,0,0,0
630,1,0,0,0,0
631,1,0,0,0,0
632,0,0,0,1,0
633,0,0,0,1,0
634,0,0,0,1,0
635,0,0,0,1,0
636,0,0,0,1,0
637,0,0,0,1,0
638,0,0,0,1,0
639,0,0,0,1,0
640,0,0,0,1,0
641,0,0,0,1,0
642,0,0,0,1,0
643,0,0,0,1,0
644,0,0,0,1,0
645,1,0,0,0,0
646,1,0,0,0,0
647,1,0,0,0,0
648,1,0,0,0,0
649,1,0,0,0,0
650,1,0,0,0,0
651,1,0,0,0,0
652,1,0,0,0,0
653,1,0,0,0,0
654,1,0,0,0,0
655,1,0,0,0,0
656,1,0,0,0,0
657,1,0,0,0,0
658,1,0,0,0,0
659,1,0,0,0,0
660,1,0,0,0,0
661,1,0,0,0,0
662,1,0,0,0,0
663,1,0,0,0,0
664,1,0,0,0,0
665,1,0,0,0,0
666,1,0,0,0,0
667,1,0,0,0,0
668,1,0,0,0,0
669,1,0,0,0,0
670,1,0,0,0,0
671,1,0,0,0,0
672,1,0,0,0,0
673,1,0,0,0,0
674,1,0,0,0,0
675,1,0,0,0,0
676,1,0,0,0,0
677,1,0,0,0,0
678,1,0,0,0,0
679,1,0,0,0,0
680,1,0,0,0,0
681,1,0,0,0,0
682,1,0,0,0,0
683,1,0,0,0,0
684,1,0,0,0,0
685,1,0,0,0,0
686,1,0,0,0,0
687,1,0,0,0,0
688,1,0,0,0,0
689,1,0,0,0,0
690,1,0,0,0,0
691,1,0,0,0,0
692,1,0,0,0,0
693,1,0,0,0,0
694,1,0,0,0,0
695,1,0,0,0,0
696,1,0,0,0,0
697,1,0,0,0,0
698,1,0,0,0,0
699,1,0,0,0,0
700,1,0,0,0,0
701,1,0,0,0,0
702,1,0,0,0,0
703,1,0,0,0,0
704,1,0,0,0,0
705,0,1,0,0,0
706,0,1,0,0,0
707,0,1,0,0,0
708,0,1,0,0,0
709,0,1,0,0,0
710,0,1,0,0,0
711,0,1,0,0,0
712,0,1,0,0,0
713,0,1,0,0,0
714,0,1,0,0,0
715,0,1,0,0,0
716,0,1,0,0,0
717,0,1,0,0,0
718,0,1,0,0,0
719,0,1,0,0,0
720,0,1,0,0,0
721,0,1,0,0,0
722,0,1,0,0,0
723,0,1,0,0,0
724,0,1,0,0,0
725,0,1,0,0,0
726,0,1,0,0,0
727,0,1,0,0,0
728,0,1,0,0,0
729,0,1,0,0,0
730,0,1,0,0,0
731,0,1,0,0,0
732,0,1,0,0,0
733,0,1,0,0,0
734,0,1,0,0,0
735,0,1,0,0,0
736,0,1,0,0,0
737,0,1,0,0,0
738,0,1,0,0,0
739,1,0,0,0,0
740,1,0,0,0,0
741,1,0,0,0,0
742,1,0,0,0,0
743,1,0,0,0,0
744,1,0,0,0,0
745,1,0,0,0,0
746,1,0,0,0,0
747,1,0,0,0,0
748,1,0,0,0,0
749,1,0,0,0,0
750,1,0,0,0,0
751,1,0,0,0,0
752,1,0,0,0,0
753,1,0,0,0,0
754,1,0,0,0,0
755,1,0,0,0,0
756,1,0,0,0,0
757,1,0,0,0,0
758,1,0,0,0,0
759,1,0,0,0,0
760,1,0,0,0,0
761,1,0,0,0,0
762,1,0,0,0,0
763,1,0,0,0,0
764,1,0,0,0,0
765,1,0,0,0,0
766,1,0,0,0,0
767,1,0,0,0,0
768,1,0,0,0,0
769,1,0,0,0,0
770,1,0,0,0,0
771,1,0,0,0,0
772,1,0,0,0,0
773,1,0,0,0,0
774,1,0,0,0,0
775,1,0,0,0,0
776,1,0,0,0,0
777,1,0,0,0,0
778,1,0,0,0,0
779,1,0,0,0,0
780,1,0,0,0,0
781,1,0,0,0,0
782,1,0,0,0,0
783,1,0,0,0,0
784,1,0,0,0,0
785,1,0,0,0,0
786,1,0,0,0,0
787,1,0,0,0,0
788,1,0,0,0,0
789,1,0,0,0,0
790,1,0,0,0,0
791,1,0,0,0,0
792,1,0,0,0,0
793,1,0,0,0,0
794,1,0,0,0,0
795,1,0,0,0,0
796,1,0,0,0,0
797,1,0,0,0,0
798,1,0,0,0,0
799,1,0,0,0,0
800,1,0,0,0,0
801,1,0,0,0,0
802,1,0,0,0,0
803,1,0,0,0,0
804,0,0,0,1,0
805,0,0,0,1,0
806,0,0,0,1,0
807,0,0,0,1,0
808,0,0,0,1,0
809,0,0,0,1,0
810,0,0,0,1,0
811,0,0,0,1,0
812,0,0,0,1,0
813,0,0,0,1,0
814,0,0,0,1,0
815,1,0,0,0,0
816,1,0,0,0,0
817,1,0,0,0,0
818,1,0,0,0,0
819,1,0,0,0,0
820,1,0,0,0,0
821,1,0,0,0,0
822,1,0,0,0,0
823,1,0,0,0,0
824,1,0,0,0,0
825,1,0,0,0,0
826,1,0,0,0,0
827,1,0,0,0,0
828,1,0,0,0,0
829,1,0,0,0,0
830,1,0,0,0,0
831,1,0,0,0,0
832,1,0,0,0,0
833,1,0,0,0,0
834,1,0,0,0,0
835,1,0,0,0,0
836,1,0,0,0,0
837,1,0,0,0,0
838,1,0,0,0,0
839,1,0,0,0,0
840,1,0,0,0,0
841,1,0,0,0,0
842,1,0,0,0,0
843,1,0,0,0,0
844,1,0,0,0,0
845,1,0,0,0,0
846,1,0,0,0,0
847,1,0,0,0,0
848,1,0,0,0,0
849,1,0,0,0,0
850,1,0,0,0,0
851,1,0,0,0,0
852,1,0,0,0,0
853,1,0,0,0,0
854,1,0,0,0,0
855,1,0,0,0,0
856,1,0,0,0,0
857,1,0,0,0,0
858,1,0,0,0,0
859,1,0,0,0,0
860,1,0,0,0,0
861,1,0,0,0,0
862,1,0,0,0,0
863,1,0,0,0,0
864,1,0,0,0,0
865,1,0,0,0,0
866,1,0,0,0,0
867,1,0,0,0,0
868,1,0,0,0,0
869,1,0,0,0,0
870,1,0,0,0,0
871,1,0,0,0,0
872,1,0,0,0,0
873,1,0,0,0,0
874,1,0,0,0,0
875,1,0,0,0,0
876,1,0,0,0,0
877,1,0,0,0,0
878,1,0,0,0,0
879,1,0,0,0,0
880,1,0,0,0,0
881,1,0,0,0,0
882,1,0,0,0,0
883,1,0,0,0,0
884,1,0,0,0,0
885,1,0,0,0,0
886,1,0,0,0,0
887,1,0,0,0,0
888,1,0,0,0,0
889,1,0,0,0,0
890,1,0,0,0,0
891,1,0,0,0,0
892,1,0,0,0,0
893,1,0,0,0,0
894,1,0,0,0,0
895,1,0,0,0,0
896,1,0,0,0,0
897,1,0,0,0,0
898,1,0,0,0,0
899,1,0,0,0,0
900,1,0,0,0,0
901,1,0,0,0,0
902,1,0,0,0,0
903,1,0,0,0,0
904,1,0,0,0,0
905,1,0,0,0,0
906,1,0,0,0,0
907,1,0,0,0,0
908,1,0,0,0,0
909,1,0,0,0,0
910,1,0,0,0,0
911,1,0,0,0,0
912,1,0,0,0,0
913,1,0,0,0,0
914,1,0,0,0,0
915,1,0,0,0,0
916,1,0,0,0,0
917,1,0,0,0,0
918,1,0,0,0,0
919,1,0,0,0,0
920,1,0,0,0,0
921,1,0,0,0,0
922,1,0,0,0,0
923,1,0,0,0,0
924,1,0,0,0,0
925,1,0,0,0,0
926,1,0,0,0,0
927,1,0,0,0,0
928,1,0,0,0,0
929,1,0,0,0,0
930,1,0,0,0,0
931,1,0,0,0,0
932,1,0,0,0,0
933,1,0,0,0,0
934,1,0,0,0,0
935,1,0,0,0,0
936,1,0,0,0,0
937,1,0,0,0,0
938,1,0,0,0,0
939,1,0,0,0,0
940,1,0,0,0,0
941,1,0,0,0,0
942,1,0,0,0,0
943,1,0,0,0,0
944,1,0,0,0,0
945,1,0,0,0,0
946,1,0,0,0,0
947,1,0,0,0,0
948,1,0,0,0,0
949,1,0,0,0,0
950,1,0,0,0,0
951,1,0,0,0,0
952,1,0,0,0,0
953,1,0,0,0,0
954,1,0,0,0,0
955,1,0,0,0,0
956,1,0,0,0,0
957,1,0,0,0,0
958,1,0,0,0,0
959,1,0,0,0,0
960,1,0,0,0,0
961,1,0,0,0,0
962,1,0,0,0,0
963,1,0,0,0,0
964,1,0,0,0,0
965,1,0,0,0,0
966,1,0,0,0,0
967,1,0,0,0,0
968,1,0,0,0,0
969,1,0,0,0,0
970,1,0,0,0,0
971,1,0,0,0,0
972,1,0,0,0,0
973,1,0,0,0,0
974,1,0,0,0,0
975,1,0,0,0,0
976,1,0,0,0,0
977,1,0,0,0,0
978,1,0,0,0,0
979,1,0,0,0,0
980,1,0,0,0,0
981,1,0,0,0,0
982,1,0,0,0,0
983,1,0,0,0,0
984,1,0,0,0,0
985,1,0,0,0,0
986,1,0,0,0,0
987,1,0,0,0,0
988,1,0,0,0,0
989,1,0,0,0,0
990,1,0,0,0,0
991,1,0,0,0,0
992,1,0,0,0,0
993,1,0,0,0,0
994,1,0,0,0,0
995,1,0,0,0,0
996,1,0,0,0,0
997,1,0,0,0,0
998,1,0,0,0,0
999,1,0,0,0,0
1000,1,0,0,0,0
1001,1,0,0,0,0
1002,1,0,0,0,0
1003,1,0,0,0,0
1004,1,0,0,0,0
1005,1,0,0,0,0
1006,1,0,0,0,0
1007,1,0,0,0,0
1008,1,0,0,0,0
1009,1,0,0,0,0
1010,1,0,0,0,0
1011,1,0,0,0,0
1012,1,0,0,0,0
1013,1,0,0,0,0
1014,1,0,0,0,0
1015,1,0,0,0,0
1016,1,0,0,0,0
1017,1,0,0,0,0
1018,1,0,0,0,0
1019,1,0,0,0,0
1020,1,0,0,0,0
1021,1,0,0,0,0
1022,1,0,0,0,0
1023,1,0,0,0,0
1024,1,0,0,0,0
1025,1,0,0,0,0
1026,1,0,0,0,0
1027,1,0,0,0,0
1028,1,0,0,0,0
1029,1,0,0,0,0
1030,1,0,0,0,0
1031,1,0,0,0,0
1032,1,0,0,0,0
1033,1,0,0,0,0
1034,1,0,0,0,0
1035,1,0,0,0,0
1036,1,0,0,0,0
1037,1,0,0,0,0
1038,1,0,0,0,0
1039,1,0,0,0,0
1040,1,0,0,0,0
1041,1,0,0,0,0
1042,1,0,0,0,0
1043,1,0,0,0,0
1044,1,0,0,0,0
1045,1,0,0,0,0
1046,1,0,0,0,0
1047,1,0,0,0,0
1048,1,0,0,0,0
1049,1,0,0,0,0
1050,1,0,0,0,0
1051,1,0,0,0,0
1052,1,0,0,0,0
1053,1,0,0,0,0
1054,1,0,0,0,0
1055,1,0,0,0,0
1056,1,0,0,0,0
1057,1,0,0,0,0
1058,1,0,0,0,0
1059,1,0,0,0,0
1060,1,0,0,0,0
1061,1,0,0,0,0
1062,1,0,0,0,0
1063,1,0,0,0,0
1064,1,0,0,0,0
1065,1,0,0,0,0
1066,1,0,0,0,0
1067,1,0,0,0,0
1068,1,0,0,0,0
1069,1,0,0,0,0
1070,1,0,0,0,0
1071,1,0,0,0,0
1072,1,0,0,0,0
1073,1,0,0,0,0
1074,1,0,0,0,0
1075,1,0,0,0,0
1076,1,0,0,0,0
1077,1,0,0,0,0
1078,1,0,0,0,0
1079,1,0,0,0,0
1080,1,0,0,0,0
1081,1,0,0,0,0
1082,1,0,0,0,0
1083,1,0,0,0,0
1084,1,0,0,0,0
1085,1,0,0,0,0
1086,1,0,0,0,0
1087,1,0,0,0,0
1088,1,0,0,0,0
1089,1,0,0,0,0
1090,1,0,0,0,0
1091,1,0,0,0,0
1092,1,0,0,0,0
1093,1,0,0,0,0
1094,1,0,0,0,0
1095,1,0,0,0,0
1096,1,0,0,0,0
1097,1,0,0,0,0
1098,1,0,0,0,0
1099,1,0,0,0,0
1100,1,0,0,0,0
1101,1,0,0,0,0
1102,1,0,0,0,0
1103,1,0,0,0,0
1104,1,0,0,0,0
1105,1,0,0,0,0
1106,1,0,0,0,0
1107,1,0,0,0,0
1108,1,0,0,0,0
1109,1,0,0,0,0
1110,1,0,0,0,0
1111,1,0,0,0,0
1112,1,0,0,0,0
1113,1,0,0,0,0
1114,1,0,0,0,0
1115,1,0,0,0,0
1116,1,0,0,0,0
1117,1,0,0,0,0
1118,1,0,0,0,0
1119,1,0,0,0,0
1120,1,0,0,0,0
1121,1,0,0,0,0
1122,1,0,0,0,0
1123,1,0,0,0,0
1124,1,0,0,0,0
1125,1,0,0,0,0
1126,1,0,0,0,0
1127,1,0,0,0,0
1128,1,0,0,0,0
1129,1,0,0,0,0
1130,1,0,0,0,0
1131,1,0,0,0,0
1132,1,0,0,0,0
1133,1,0,0,0,0
1134,1,0,0,0,0
1135,1,0,0,0,0
1136,1,0,0,0,0
1137,1,0,0,0,0
1138,1,0,0,0,0
1139,1,0,0,0,0
1140,1,0,0,0,0
1141,1,0,0,0,0
1142,1,0,0,0,0
1143,1,0,0,0,0
1144,1,0,0,0,0
1145,1,0,0,0,0
1146,1,0,0,0,0
1147,1,0,0,0,0
1148,1,0,0,0,0
1149,1,0,0,0,0
1150,1,0,0,0,0
1151,1,0,0,0,0
1152,1,0,0,0,0
1153,1,0,0,0,0
1154,1,0,0,0,0
1155,1,0,0,0,0
1156,1,0,0,0,0
1157,1,0,0,0,0
1158,1,0,0,0,0
1159,1,0,0,0,0
1160,1,0,0,0,0
1161,1,0,0,0,0
1162,1,0,0,0,0
1163,1,0,0,0,0
1164,1,0,0,0,0
1165,1,0,0,0,0
1166,1,0,0,0,0
1167,1,0,0,0,0
1168,1,0,0,0,0
1169,1,0,0,0,0
1170,1,0,0,0,0
1171,1,0,0,0,0
1172,1,0,0,0,0
1173,1,0,0,0,0
1174,1,0,0,0,0
1175,1,0,0,0,0
1176,1,0,0,0,0
1177,1,0,0,0,0
1178,1,0,0,0,0
1179,1,0,0,0,0
1180,1,0,0,0,0
1181,1,0,0,0,0
1182,1,0,0,0,0
1183,1,0,0,0,0
1184,1,0,0,0,0
1185,1,0,0,0,0
1186,1,0,0,0,0
1187,1,0,0,0,0
1188,1,0,0,0,0
1189,1,0,0,0,0
1190,1,0,0,0,0
1191,1,0,0,0,0
1192,1,0,0,0,0
1193,1,0,0,0,0
1194,1,0,0,0,0
1195,1,0,0,0,0
1196,1,0,0,0,0
1197,1,0,0,0,0
1198,1,0,0,0,0
1199,1,0,0,0,0
1200,1,0,0,0,0
1201,1,0,0,0,0
1202,1,0,0,0,0
1203,1,0,0,0,0
1204,1,0,0,0,0
1205,1,0,0,0,0
1206,1,0,0,0,0
1207,1,0,0,0,0
1208,1,0,0,0,0
1209,1,0,0,0,0
1210,1,0,0,0,0
1211,1,0,0,0,0
1212,1,0,0,0,0
1213,1,0,0,0,0
1214,1,0,0,0,0
1215,1,0,0,0,0
1216,1,0,0,0,0
1217,1,0,0,0,0
1218,1,0,0,0,0
1219,1,0,0,0,0
1220,1,0,0,0,0
1221,1,0,0,0,0
1222,1,0,0,0,0
1223,1,0,0,0,0
1224,1,0,0,0,0
1225,1,0,0,0,0
1226,1,0,0,0,0
1227,1,0,0,0,0
1228,1,0,0,0,0
1229,1,0,0,0,0
1230,1,0,0,0,0
1231,1,0,0,0,0
1232,1,0,0,0,0
1233,1,0,0,0,0
1234,1,0,0,0,0
1235,1,0,0,0,0
1236,1,0,0,0,0
1237,1,0,0,0,0
1238,1,0,0,0,0
1239,1,0,0,0,0
1240,1,0,0,0,0
1241,1,0,0,0,0
1242,1,0,0,0,0
1243,1,0,0,0,0
1244,1,0,0,0,0
1245,1,0,0,0,0
1246,1,0,0,0,0
1247,1,0,0,0,0
1248,1,0,0,0,0
1249,1,0,0,0,0
1250,1,0,0,0,0
1251,1,0,0,0,0
1252,1,0,0,0,0
1253,1,0,0,0,0
1254,1,0,0,0,0
1255,1,0,0,0,0
1256,1,0,0,0,0
1257,1,0,0,0,0
1258,1,0,0,0,0
1259,1,0,0,0,0
1260,1,0,0,0,0
1261,1,0,0,0,0
1262,1,0,0,0,0
1263,1,0,0,0,0
1264,1,0,0,0,0
1265,1,0,0,0,0
1266,1,0,0,0,0
1267,1,0,0,0,0
1268,1,0,0,0,0
1269,1,0,0,0,0
1270,1,0,0,0,0
1271,1,0,0,0,0
1272,1,0,0,0,0
1273,1,0,0,0,0
1274,1,0,0,0,0
1275,1,0,0,0,0
1276,1,0,0,0,0
1277,1,0,0,0,0
1278,1,0,0,0,0
1279,1,0,0,0,0
1280,1,0,0,0,0
1281,1,0,0,0,0
1282,1,0,0,0,0
1283,1,0,0,0,0
1284,1,0,0,0,0
1285,1,0,0,0,0
1286,1,0,0,0,0
1287,1,0,0,0,0
1288,1,0,0,0,0
1289,1,0,0,0,0
1290,1,0,0,0,0
1291,1,0,0,0,0
1292,1,0,0,0,0
1293,1,0,0,0,0
1294,1,0,0,0,0
1295,1,0,0,0,0
1296,1,0,0,0,0
1297,1,0,0,0,0
1298,1,0,0,0,0
1299,1,0,0,0,0
1300,1,0,0,0,0
1301,1,0,0,0,0
1302,1,0,0,0,0
1303,1,0,0,0,0
1304,1,0,0,0,0
1305,1,0,0,0,0
1306,1,0,0,0,0
1307,1,0,0,0,0
1308,1,0,0,0,0
1309,1,0,0,0,0
1310,1,0,0,0,0
1311,1,0,0,0,0
1312,1,0,0,0,0
1313,1,0,0,0,0
1314,1,0,0,0,0
1315,1,0,0,0,0
1316,1,0,0,0,0
1317,1,0,0,0,0
1318,1,0,0,0,0
1319,1,0,0,0,0
1320,1,0,0,0,0
1321,1,0,0,0,0
1322,1,0,0,0,0
1323,1,0,0,0,0
1324,1,0,0,0,0
1325,1,0,0,0,0
1326,1,0,0,0,0
1327,1,0,0,0,0
1328,1,0,0,0,0
1329,1,0,0,0,0
1330,1,0,0,0,0
1331,1,0,0,0,0
1332,1,0,0,0,0
1333,1,0,0,0,0
1334,1,0,0,0,0
1335,1,0,0,0,0
1336,1,0,0,0,0
1337,1,0,0,0,0
1338,1,0,0,0,0
1339,1,0,0,0,0
1340,1,0,0,0,0
1341,1,0,0,0,0
1342,1,0,0,0,0
1343,1,0,0,0,0
1344,1,0,0,0,0
1345,1,0,0,0,0
1346,1,0,0,0,0
1347,1,0,0,0,0
1348,1,0,0,0,0
1349,1,0,0,0,0
1350,1,0,0,0,0
1351,1,0,0,0,0
1352,1,0,0,0,0
1353,1,0,0,0,0
1354,1,0,0,0,0
1355,1,0,0,0,0
1356,1,0,0,0,0
1357,1,0,0,0,0
1358,1,0,0,0,0
1359,1,0,0,0,0
1360,1,0,0,0,0
1361,1,0,0,0,0
1362,1,0,0,0,0
1363,1,0,0,0,0
1364,1,0,0,0,0
1365,1,0,0,0,0
1366,1,0,0,0,0
1367,1,0,0,0,0
1368,1,0,0,0,0
1369,1,0,0,0,0
1370,1,0,0,0,0
1371,1,0,0,0,0
1372,1,0,0,0,0
1373,1,0,0,0,0
1374,1,0,0,0,0
1375,1,0,0,0,0
1376,1,0,0,0,0
1377,1,0,0,0,0
1378,1,0,0,0,0
1379,1,0,0,0,0
1380,1,0,0,0,0
1381,1,0,0,0,0
1382,1,0,0,0,0
1383,1,0,0,0,0
1384,1,0,0,0,0
1385,1,0,0,0,0
1386,1,0,0,0,0
1387,1,0,0,0,0
1388,1,0,0,0,0
1389,1,0,0,0,0
1390,1,0,0,0,0
1391,1,0,0,0,0
1392,1,0,0,0,0
1393,1,0,0,0,0
1394,1,0,0,0,0
1395,1,0,0,0,0
1396,1,0,0,0,0
1397,1,0,0,0,0
1398,1,0,0,0,0
1399,1,0,0,0,0
1400,1,0,0,0,0
1401,1,0,0,0,0
1402,1,0,0,0,0
1403,1,0,0,0,0
1404,1,0,0,0,0
1405,1,0,0,0,0
1406,1,0,0,0,0
1407,1,0,0,0,0
1408,1,0,0,0,0
1409,1,0,0,0,0
1410,1,0,0,0,0
1411,1,0,0,0,0
1412,1,0,0,0,0
1413,1,0,0,0,0
1414,1,0,0,0,0
1415,0,0,0,1,0
1416,0,0,0,1,0
1417,0,0,0,1,0
1418,0,0,0,1,0
1419,0,0,0,1,0
1420,0,0,0,1,0
1421,0,0,0,1,0
1422,0,0,0,1,0
1423,0,0,0,1,0
1424,0,0,0,1,0
1425,1,0,0,0,0
1426,1,0,0,0,0
1427,1,0,0,0,0
1428,1,0,0,0,0
1429,1,0,0,0,0
1430,1,0,0,0,0
1431,1,0,0,0,0
1432,1,0,0,0,0
1433,1,0,0,0,0
1434,1,0,0,0,0
1435,1,0,0,0,0
1436,1,0,0,0,0
1437,1,0,0,0,0
1438,1,0,0,0,0
1439,1,0,0,0,0
1440,1,0,0,0,0
1441,1,0,0,0,0
1442,1,0,0,0,0
1443,1,0,0,0,0
1444,1,0,0,0,0
1445,1,0,0,0,0
1446,1,0,0,0,0
1447,0,0,0,1,0
1448,0,0,0,1,0
1449,0,0,0,1,0
1450,0,0,0,1,0
1451,0,0,0,1,0
1452,0,0,0,1,0
1453,0,0,0,1,0
1454,1,0,0,0,0
1455,1,0,0,0,0
1456,1,0,0,0,0
1457,1,0,0,0,0
1458,1,0,0,0,0
1459,1,0,0,0,0
1460,1,0,0,0,0
1461,1,0,0,0,0
1462,1,0,0,0,0
1463,1,0,0,0,0
1464,1,0,0,0,0
1465,1,0,0,0,0
1466,1,0,0,0,0
1467,1,0,0,0,0
1468,1,0,0,0,0
1469,1,0,0,0,0
1470,1,0,0,0,0
1471,1,0,0,0,0
1472,1,0,0,0,0
1473,1,0,0,0,0
1474,1,0,0,0,0
1475,1,0,0,0,0
1476,1,0,0,0,0
1477,1,0,0,0,0
1478,1,0,0,0,0
1479,1,0,0,0,0
1480,1,0,0,0,0
1481,1,0,0,0,0
1482,1,0,0,0,0
1483,1,0,0,0,0
1484,1,0,0,0,0
1485,1,0,0,0,0
1486,1,0,0,0,0
1487,1,0,0,0,0
1488,1,0,0,0,0
1489,1,0,0,0,0
1490,1,0,0,0,0
1491,1,0,0,0,0
1492,1,0,0,0,0
1493,1,0,0,0,0
1494,1,0,0,0,0
1495,1,0,0,0,0
1496,1,0,0,0,0
1497,1,0,0,0,0
1498,1,0,0,0,0
1499,1,0,0,0,0
1500,1,0,0,0,0
1501,1,0,0,0,0
1502,1,0,0,0,0
1503,1,0,0,0,0
1504,1,0,0,0,0
1505,1,0,0,0,0
1506,1,0,0,0,0
1507,1,0,0,0,0
1508,1,0,0,0,0
1509,1,0,0,0,0
1510,1,0,0,0,0
1511,1,0,0,0,0
1512,1,0,0,0,0
1513,1,0,0,0,0
1514,1,0,0,0,0
1515,1,0,0,0,0
1516,1,0,0,0,0
1517,1,0,0,0,0
1518,1,0,0,0,0
1519,1,0,0,0,0
1520,1,0,0,0,0
1521,1,0,0,0,0
1522,1,0,0,0,0
1523,1,0,0,0,0
1524,1,0,0,0,0
1525,1,0,0,0,0
1526,1,0,0,0,0
1527,1,0,0,0,0
1528,1,0,0,0,0
1529,1,0,0,0,0
1530,1,0,0,0,0
1531,1,0,0,0,0
1532,1,0,0,0,0
1533,1,0,0,0,0
1534,1,0,0,0,0
1535,1,0,0,0,0
1536,1,0,0,0,0
1537,1,0,0,0,0
1538,1,0,0,0,0
1539,1,0,0,0,0
1540,1,0,0,0,0
1541,1,0,0,0,0
1542,1,0,0,0,0
1543,1,0,0,0,0
1544,1,0,0,0,0
1545,1,0,0,0,0
1546,1,0,0,0,0
1547,1,0,0,0,0
1548,1,0,0,0,0
1549,1,0,0,0,0
1550,1,0,0,0,0
1551,1,0,0,0,0
1552,1,0,0,0,0
1553,1,0,0,0,0
1554,1,0,0,0,0
1555,1,0,0,0,0
1556,1,0,0,0,0
1557,1,0,0,0,0
1558,1,0,0,0,0
1559,1,0,0,0,0
1560,1,0,0,0,0
1561,1,0,0,0,0
1562,1,0,0,0,0
1563,1,0,0,0,0
1564,1,0,0,0,0
1565,1,0,0,0,0
1566,1,0,0,0,0
1567,1,0,0,0,0
1568,1,0,0,0,0
1569,1,0,0,0,0
1570,1,0,0,0,0
1571,1,0,0,0,0
1572,1,0,0,0,0
1573,1,0,0,0,0
1574,1,0,0,0,0
1575,1,0,0,0,0
1576,1,0,0,0,0
1577,1,0,0,0,0
1578,1,0,0,0,0
1579,1,0,0,0,0
1580,1,0,0,0,0
1581,1,0,0,0,0
1582,1,0,0,0,0
1583,1,0,0,0,0
1584,1,0,0,0,0
1585,1,0,0,0,0
1586,1,0,0,0,0
1587,1,0,0,0,0
1588,1,0,0,0,0
1589,1,0,0,0,0
1590,1,0,0,0,0
1591,1,0,0,0,0
1592,1,0,0,0,0
1593,1,0,0,0,0
1594,1,0,0,0,0
1595,1,0,0,0,0
1596,1,0,0,0,0
1597,1,0,0,0,0
1598,1,0,0,0,0
1599,1,0,0,0,0
1600,1,0,0,0,0
1601,1,0,0,0,0
1602,1,0,0,0,0
1603,1,0,0,0,0
1604,1,0,0,0,0
1605,1,0,0,0,0
1606,1,0,0,0,0
1607,1,0,0,0,0
1608,1,0,0,0,0
1609,1,0,0,0,0
1610,1,0,0,0,0
1611,1,0,0,0,0
1612,1,0,0,0,0
1613,1,0,0,0,0
1614,1,0,0,0,0
1615,1,0,0,0,0
1616,1,0,0,0,0
1617,1,0,0,0,0
1618,1,0,0,0,0
1619,1,0,0,0,0
1620,1,0,0,0,0
1621,1,0,0,0,0
1622,1,0,0,0,0
1623,1,0,0,0,0
1624,1,0,0,0,0
1625,1,0,0,0,0
1626,1,0,0,0,0
1627,1,0,0,0,0
1628,1,0,0,0,0
1629,1,0,0,0,0
1630,1,0,0,0,0
1631,1,0,0,0,0
1632,1,0,0,0,0
1633,1,0,0,0,0
1634,1,0,0,0,0
1635,1,0,0,0,0
1636,1,0,0,0,0
1637,1,0,0,0,0
1638,1,0,0,0,0
1639,1,0,0,0,0
1640,1,0,0,0,0
1641,1,0,0,0,0
1642,1,0,0,0,0
1643,1,0,0,0,0
1644,1,0,0,0,0
1645,1,0,0,0,0
1646,1,0,0,0,0
1647,1,0,0,0,0
1648,1,0,0,0,0
1649,1,0,0,0,0
1650,1,0,0,0,0
1651,1,0,0,0,0
1652,1,0,0,0,0
1653,1,0,0,0,0
1654,1,0,0,0,0
1655,1,0,0,0,0
1656,1,0,0,0,0
1657,1,0,0,0,0
1658,1,0,0,0,0
1659,1,0,0,0,0
1660,1,0,0,0,0
1661,1,0,0,0,0
1662,1,0,0,0,0
1663,1,0,0,0,0
1664,1,0,0,0,0
1665,1,0,0,0,0
1666,1,0,0,0,0
1667,1,0,0,0,0
1668,1,0,0,0,0
1669,1,0,0,0,0
1670,1,0,0,0,0
1671,1,0,0,0,0
1672,1,0,0,0,0
1673,1,0,0,0,0
1674,1,0,0,0,0
1675,1,0,0,0,0
1676,1,0,0,0,0
1677,1,0,0,0,0
1678,1,0,0,0,0
1679,1,0,0,0,0
1680,1,0,0,0,0
1681,1,0,0,0,0
1682,1,0,0,0,0
1683,1,0,0,0,0
1684,1,0,0,0,0
1685,1,0,0,0,0
1686,1,0,0,0,0
1687,1,0,0,0,0
1688,1,0,0,0,0
1689,1,0,0,0,0
1690,1,0,0,0,0
1691,1,0,0,0,0
1692,1,0,0,0,0
1693,1,0,0,0,0
1694,1,0,0,0,0
1695,1,0,0,0,0
1696,1,0,0,0,0
1697,1,0,0,0,0
1698,1,0,0,0,0
1699,1,0,0,0,0
1700,1,0,0,0,0
1701,1,0,0,0,0
1702,1,0,0,0,0
1703,1,0,0,0,0
1704,1,0,0,0,0
1705,1,0,0,0,0
1706,1,0,0,0,0
1707,1,0,0,0,0
1708,1,0,0,0,0
1709,1,0,0,0,0
1710,1,0,0,0,0
1711,1,0,0,0,0
1712,1,0,0,0,0
1713,1,0,0,0,0
1714,1,0,0,0,0
1715,1,0,0,0,0
1716,1,0,0,0,0
1717,1,0,0,0,0
1718,1,0,0,0,0
1719,1,0,0,0,0
1720,1,0,0,0,0
1721,1,0,0,0,0
1722,1,0,0,0,0
1723,1,0,0,0,0
1724,1,0,0,0,0
1725,1,0,0,0,0
1726,1,0,0,0,0
1727,1,0,0,0,0
1728,1,0,0,0,0
1729,1,0,0,0,0
1730,1,0,0,0,0
1731,1,0,0,0,0
1732,1,0,0,0,0
1733,1,0,0,0,0
1734,1,0,0,0,0
1735,1,0,0,0,0
1736,1,0,0,0,0
1737,1,0,0,0,0
1738,0,0,1,0,0
1739,0,0,1,0,0
1740,0,0,1,0,0
1741,0,0,1,0,0
1742,0,0,1,0,0
1743,0,0,1,0,0
1744,0,0,1,0,0
1745,0,0,1,0,0
1746,0,0,1,0,0
1747,0,0,1,0,0
1748,0,0,1,0,0
1749,0,0,1,0,0
1750,0,0,1,0,0
1751,0,0,1,0,0
1752,0,0,1,0,0
1753,1,0,0,0,0
1754,1,0,0,0,0
1755,1,0,0,0,0
1756,1,0,0,0,0
1757,1,0,0,0,0
1758,1,0,0,0,0
1759,1,0,0,0,0
1760,1,0,0,0,0
1761,1,0,0,0,0
1762,1,0,0,0,0
1763,1,0,0,0,0
1764,1,0,0,0,0
1765,1,0,0,0,0
1766,1,0,0,0,0
1767,1,0,0,0,0
1768,1,0,0,0,0
1769,1,0,0,0,0
1770,1,0,0,0,0
1771,1,0,0,0,0
1772,1,0,0,0,0
1773,1,0,0,0,0
1774,1,0,0,0,0
1775,1,0,0,0,0
1776,1,0,0,0,0
1777,1,0,0,0,0
1778,1,0,0,0,0
1779,1,0,0,0,0
1780,1,0,0,0,0
1781,1,0,0,0,0
1782,1,0,0,0,0
1783,1,0,0,0,0
1784,1,0,0,0,0
1785,1,0,0,0,0
1786,1,0,0,0,0
1787,1,0,0,0,0
1788,1,0,0,0,0
1789,1,0,0,0,0
1790,1,0,0,0,0
1791,1,0,0,0,0
1792,1,0,0,0,0
1793,1,0,0,0,0
1794,1,0,0,0,0
1795,1,0,0,0,0
1796,1,0,0,0,0
1797,1,0,0,0,0
1798,1,0,0,0,0
1799,1,0,0,0,0
1800,1,0,0,0,0
1801,1,0,0,0,0
1802,1,0,0,0,0
1803,1,0,0,0,0
1804,1,0,0,0,0
1805,1,0,0,0,0
1806,1,0,0,0,0
1807,1,0,0,0,0
1808,1,0,0,0,0
1809,1,0,0,0,0
1810,1,0,0,0,0
1811,1,0,0,0,0
1812,1,0,0,0,0
1813,1,0,0,0,0
1814,1,0,0,0,0
1815,1,0,0,0,0
1816,1,0,0,0,0
1817,1,0,0,0,0
1818,1,0,0,0,0
1819,1,0,0,0,0
1820,1,0,0,0,0
1821,1,0,0,0,0
1822,1,0,0,0,0
1823,1,0,0,0,0
1824,1,0,0,0,0
1825,1,0,0,0,0
1826,1,0,0,0,0
1827,1,0,0,0,0
1828,1,0,0,0,0
1829,1,0,0,0,0
1830,1,0,0,0,0
1831,1,0,0,0,0
1832,1,0,0,0,0
1833,1,0,0,0,0
1834,1,0,0,0,0
1835,1,0,0,0,0
1836,1,0,0,0,0
1837,1,0,0,0,0
1838,1,0,0,0,0
1839,1,0,0,0,0
1840,1,0,0,0,0
1841,1,0,0,0,0
1842,1,0,0,0,0
1843,1,0,0,0,0
1844,1,0,0,0,0
1845,1,0,0,0,0
1846,1,0,0,0,0
1847,1,0,0,0,0
1848,1,0,0,0,0
1849,1,0,0,0,0
1850,1,0,0,0,0
1851,1,0,0,0,0
1852,1,0,0,0,0
1853,1,0,0,0,0
1854,1,0,0,0,0
1855,1,0,0,0,0
1856,1,0,0,0,0
1857,1,0,0,0,0
1858,1,0,0,0,0
1859,1,0,0,0,0
1860,1,0,0,0,0
1861,1,0,0,0,0
1862,1,0,0,0,0
1863,1,0,0,0,0
1864,1,0,0,0,0
1865,1,0,0,0,0
1866,1,0,0,0,0
1867,1,0,0,0,0
1868,1,0,0,0,0
1869,1,0,0,0,0
1870,1,0,0,0,0
1871,1,0,0,0,0
1872,1,0,0,0,0
1873,1,0,0,0,0
1874,1,0,0,0,0
1875,1,0,0,0,0
1876,1,0,0,0,0
1877,1,0,0,0,0
1878,1,0,0,0,0
1879,1,0,0,0,0
1880,1,0,0,0,0
1881,1,0,0,0,0
1882,1,0,0,0,0
1883,1,0,0,0,0
1884,1,0,0,0,0
1885,1,0,0,0,0
1886,1,0,0,0,0
1887,1,0,0,0,0
1888,1,0,0,0,0
1889,1,0,0,0,0
1890,1,0,0,0,0
1891,1,0,0,0,0
1892,1,0,0,0,0
1893,1,0,0,0,0
1894,1,0,0,0,0
1895,1,0,0,0,0
1896,1,0,0,0,0
1897,1,0,0,0,0
1898,1,0,0,0,0
1899,1,0,0,0,0
1900,1,0,0,0,0
1901,1,0,0,0,0
1902,1,0,0,0,0
1903,1,0,0,0,0
1904,1,0,0,0,0
1905,1,0,0,0,0
1906,1,0,0,0,0
1907,1,0,0,0,0
1908,1,0,0,0,0
1909,1,0,0,0,0
1910,1,0,0,0,0
1911,1,0,0,0,0
1912,1,0,0,0,0
1913,1,0,0,0,0
1914,1,0,0,0,0
1915,1,0,0,0,0
1916,1,0,0,0,0
1917,1,0,0,0,0
1918,1,0,0,0,0
1919,1,0,0,0,0
1920,1,0,0,0,0
1921,1,0,0,0,0
1922,1,0,0,0,0
1923,1,0,0,0,0
1924,1,0,0,0,0
1925,1,0,0,0,0
1926,1,0,0,0,0
1927,1,0,0,0,0
1928,1,0,0,0,0
1929,1,0,0,0,0
1930,1,0,0,0,0
1931,1,0,0,0,0
1932,1,0,0,0,0
1933,1,0,0,0,0
1934,1,0,0,0,0
1935,1,0,0,0,0
1936,1,0,0,0,0
1937,1,0,0,0,0
1938,1,0,0,0,0
1939,1,0,0,0,0
1940,1,0,0,0,0
1941,1,0,0,0,0
1942,1,0,0,0,0
1943,1,0,0,0,0
1944,1,0,0,0,0
1945,1,0,0,0,0
1946,1,0,0,0,0
1947,1,0,0,0,0
1948,1,0,0,0,0
1949,1,0,0,0,0
1950,1,0,0,0,0
1951,1,0,0,0,0
1952,1,0,0,0,0
1953,1,0,0,0,0
1954,1,0,0,0,0
1955,1,0,0,0,0
1956,1,0,0,0,0
1957,1,0,0,0,0
1958,1,0,0,0,0
1959,1,0,0,0,0
1960,1,0,0,0,0
1961,1,0,0,0,0
1962,1,0,0,0,0
1963,1,0,0,0,0
1964,1,0,0,0,0
1965,1,0,0,0,0
1966,1,0,0,0,0
1967,1,0,0,0,0
1968,1,0,0,0,0
1969,1,0,0,0,0
1970,1,0,0,0,0
1971,1,0,0,0,0
1972,1,0,0,0,0
1973,1,0,0,0,0
1974,1,0,0,0,0
1975,1,0,0,0,0
1976,1,0,0,0,0
1977,1,0,0,0,0
1978,1,0,0,0,0
1979,1,0,0,0,0
1980,1,0,0,0,0
1981,1,0,0,0,0
1982,1,0,0,0,0
1983,1,0,0,0,0
1984,1,0,0,0,0
1985,1,0,0,0,0
1986,1,0,0,0,0
1987,1,0,0,0,0
1988,1,0,0,0,0
1989,1,0,0,0,0
1990,1,0,0,0,0
1991,1,0,0,0,0
1992,1,0,0,0,0
1993,1,0,0,0,0
1994,1,0,0,0,0
1995,1,0,0,0,0
1996,1,0,0,0,0
1997,1,0,0,0,0
1998,1,0,0,0,0
1999,1,0,0,0,0
2000,1,0,0,0,0
2001,1,0,0,0,0
2002,1,0,0,0,0
2003,1,0,0,0,0
2004,1,0,0,0,0
2005,1,0,0,0,0
2006,1,0,0,0,0
2007,1,0,0,0,0
2008,1,0,0,0,0
2009,1,0,0,0,0
2010,1,0,0,0,0
2011,1,0,0,0,0
2012,1,0,0,0,0
2013,1,0,0,0,0
2014,1,0,0,0,0
2015,1,0,0,0,0
2016,1,0,0,0,0
2017,1,0,0,0,0
2018,1,0,0,0,0
2019,1,0,0,0,0
2020,1,0,0,0,0
2021,1,0,0,0,0
2022,1,0,0,0,0
2023,1,0,0,0,0
2024,1,0,0,0,0
2025,1,0,0,0,0
2026,1,0,0,0,0
2027,1,0,0,0,0
2028,1,0,0,0,0
2029,1,0,0,0,0
2030,1,0,0,0,0
2031,1,0,0,0,0
2032,1,0,0,0,0
2033,1,0,0,0,0
2034,1,0,0,0,0
2035,1,0,0,0,0
2036,1,0,0,0,0
2037,1,0,0,0,0
2038,1,0,0,0,0
2039,1,0,0,0,0
2040,1,0,0,0,0
2041,1,0,0,0,0
2042,1,0,0,0,0
2043,1,0,0,0,0
2044,1,0,0,0,0
2045,1,0,0,0,0
2046,1,0,0,0,0
2047,1,0,0,0,0
2048,1,0,0,0,0
2049,1,0,0,0,0
2050,1,0,0,0,0
2051,1,0,0,0,0
2052,1,0,0,0,0
2053,1,0,0,0,0
2054,1,0,0,0,0
2055,1,0,0,0,0
2056,1,0,0,0,0
2057,1,0,0,0,0
2058,1,0,0,0,0
2059,1,0,0,0,0
2060,1,0,0,0,0
2061,1,0,0,0,0
2062,1,0,0,0,0
2063,1,0,0,0,0
2064,1,0,0,0,0
2065,1,0,0,0,0
2066,1,0,0,0,0
2067,1,0,0,0,0
2068,1,0,0,0,0
2069,1,0,0,0,0
2070,1,0,0,0,0
2071,1,0,0,0,0
2072,1,0,0,0,0
2073,1,0,0,0,0
2074,1,0,0,0,0
2075,1,0,0,0,0
2076,1,0,0,0,0
2077,1,0,0,0,0
2078,1,0,0,0,0
2079,1,0,0,0,0
2080,1,0,0,0,0
2081,1,0,0,0,0
2082,1,0,0,0,0
2083,1,0,0,0,0
2084,1,0,0,0,0
2085,1,0,0,0,0
2086,1,0,0,0,0
2087,1,0,0,0,0
2088,1,0,0,0,0
2089,1,0,0,0,0
2090,1,0,0,0,0
2091,1,0,0,0,0
2092,1,0,0,0,0
2093,1,0,0,0,0
2094,1,0,0,0,0
2095,1,0,0,0,0
2096,1,0,0,0,0
2097,1,0,0,0,0
2098,1,0,0,0,0
2099,1,0,0,0,0
2100,1,0,0,0,0
2101,1,0,0,0,0
2102,1,0,0,0,0
2103,1,0,0,0,0
2104,1,0,0,0,0
2105,1,0,0,0,0
2106,1,0,0,0,0
2107,1,0,0,0,0
2108,1,0,0,0,0
2109,1,0,0,0,0
2110,1,0,0,0,0
2111,1,0,0,0,0
2112,1,0,0,0,0
2113,1,0,0,0,0
2114,1,0,0,0,0
2115,1,0,0,0,0
2116,1,0,0,0,0
2117,1,0,0,0,0
2118,1,0,0,0,0
2119,1,0,0,0,0
2120,1,0,0,0,0
2121,1,0,0,0,0
2122,1,0,0,0,0
2123,1,0,0,0,0
2124,1,0,0,0,0
2125,1,0,0,0,0
2126,1,0,0,0,0
2127,1,0,0,0,0
2128,1,0,0,0,0
2129,1,0,0,0,0
2130,1,0,0,0,0
2131,1,0,0,0,0
2132,1,0,0,0,0
2133,1,0,0,0,0
2134,1,0,0,0,0
2135,1,0,0,0,0
2136,1,0,0,0,0
2137,1,0,0,0,0
2138,1,0,0,0,0
2139,1,0,0,0,0
2140,1,0,0,0,0
2141,1,0,0,0,0
2142,1,0,0,0,0
2143,1,0,0,0,0
2144,1,0,0,0,0
2145,1,0,0,0,0
2146,1,0,0,0,0
2147,1,0,0,0,0
2148,1,0,0,0,0
2149,1,0,0,0,0
2150,1,0,0,0,0
2151,1,0,0,0,0
2152,1,0,0,0,0
2153,1,0,0,0,0
2154,1,0,0,0,0
2155,1,0,0,0,0
2156,1,0,0,0,0
2157,1,0,0,0,0
2158,1,0,0,0,0
2159,1,0,0,0,0
2160,1,0,0,0,0
2161,1,0,0,0,0
2162,1,0,0,0,0
2163,1,0,0,0,0
2164,1,0,0,0,0
2165,1,0,0,0,0
2166,1,0,0,0,0
2167,1,0,0,0,0
2168,1,0,0,0,0
2169,1,0,0,0,0
2170,1,0,0,0,0
2171,1,0,0,0,0
2172,1,0,0,0,0
2173,1,0,0,0,0
2174,1,0,0,0,0
2175,1,0,0,0,0
2176,1,0,0,0,0
2177,1,0,0,0,0
2178,1,0,0,0,0
2179,1,0,0,0,0
2180,1,0,0,0,0
2181,1,0,0,0,0
2182,1,0,0,0,0
2183,1,0,0,0,0
2184,1,0,0,0,0
2185,1,0,0,0,0
2186,1,0,0,0,0
2187,1,0,0,0,0
2188,1,0,0,0,0
2189,1,0,0,0,0
2190,1,0,0,0,0
2191,1,0,0,0,0
2192,1,0,0,0,0
2193,1,0,0,0,0
2194,1,0,0,0,0
2195,1,0,0,0,0
2196,1,0,0,0,0
2197,1,0,0,0,0
2198,1,0,0,0,0
2199,1,0,0,0,0
2200,1,0,0,0,0
2201,1,0,0,0,0
2202,1,0,0,0,0
2203,1,0,0,0,0
2204,1,0,0,0,0
2205,1,0,0,0,0
2206,1,0,0,0,0
2207,1,0,0,0,0
2208,1,0,0,0,0
2209,1,0,0,0,0
2210,1,0,0,0,0
2211,1,0,0,0,0
2212,1,0,0,0,0
2213,1,0,0,0,0
2214,1,0,0,0,0
2215,1,0,0,0,0
2216,1,0,0,0,0
2217,1,0,0,0,0
2218,1,0,0,0,0
2219,1,0,0,0,0
2220,1,0,0,0,0
2221,1,0,0,0,0
2222,1,0,0,0,0
2223,1,0,0,0,0
2224,1,0,0,0,0
2225,1,0,0,0,0
2226,0,1,0,0,0
2227,0,1,0,0,0
2228,0,1,0,0,0
2229,0,1,0,0,0
2230,0,1,0,0,0
2231,0,1,0,0,0
2232,0,1,0,0,0
2233,0,1,0,0,0
2234,0,1,0,0,0
2235,0,1,0,0,0
2236,0,1,0,0,0
2237,0,1,0,0,0
2238,0,1,0,0,0
2239,0,1,0,0,0
2240,0,1,0,0,0
2241,0,1,0,0,0
2242,0,1,0,0,0
2243,0,1,0,0,0
2244,0,1,0,0,0
2245,0,1,0,0,0
2246,0,1,0,0,0
2247,0,1,0,0,0
2248,0,1,0,0,0
2249,0,1,0,0,0
2250,0,1,0,0,0
2251,0,1,0,0,0
2252,0,1,0,0,0
2253,0,1,0,0,0
2254,0,1,0,0,0
2255,0,1,0,0,0
2256,0,1,0,0,0
2257,0,1,0,0,0
2258,1,0,0,0,0
2259,1,0,0,0,0
2260,1,0,0,0,0
2261,1,0,0,0,0
2262,1,0,0,0,0
2263,1,0,0,0,0
2264,1,0,0,0,0
2265,1,0,0,0,0
2266,1,0,0,0,0
2267,1,0,0,0,0
2268,1,0,0,0,0
2269,1,0,0,0,0
2270,1,0,0,0,0
2271,1,0,0,0,0
2272,1,0,0,0,0
2273,1,0,0,0,0
2274,1,0,0,0,0
2275,1,0,0,0,0
2276,1,0,0,0,0
2277,1,0,0,0,0
2278,1,0,0,0,0
2279,1,0,0,0,0
2280,1,0,0,0,0
2281,1,0,0,0,0
2282,1,0,0,0,0
2283,1,0,0,0,0
2284,1,0,0,0,0
2285,1,0,0,0,0
2286,1,0,0,0,0
2287,1,0,0,0,0
2288,1,0,0,0,0
2289,1,0,0,0,0
2290,1,0,0,0,0
2291,1,0,0,0,0
2292,1,0,0,0,0
2293,1,0,0,0,0
2294,1,0,0,0,0
2295,1,0,0,0,0
2296,1,0,0,0,0
2297,1,0,0,0,0
2298,1,0,0,0,0
2299,1,0,0,0,0
2300,1,0,0,0,0
2301,1,0,0,0,0
2302,1,0,0,0,0
2303,1,0,0,0,0
2304,1,0,0,0,0
2305,1,0,0,0,0
2306,1,0,0,0,0
2307,1,0,0,0,0
2308,1,0,0,0,0
2309,1,0,0,0,0
2310,1,0,0,0,0
2311,1,0,0,0,0
2312,1,0,0,0,0
2313,1,0,0,0,0
2314,1,0,0,0,0
2315,1,0,0,0,0
2316,1,0,0,0,0
2317,1,0,0,0,0
2318,1,0,0,0,0
2319,1,0,0,0,0
2320,1,0,0,0,0
2321,1,0,0,0,0
2322,1,0,0,0,0
2323,1,0,0,0,0
2324,1,0,0,0,0
2325,1,0,0,0,0
2326,1,0,0,0,0
2327,1,0,0,0,0
2328,1,0,0,0,0
2329,1,0,0,0,0
2330,1,0,0,0,0
2331,1,0,0,0,0
2332,1,0,0,0,0
2333,1,0,0,0,0
2334,1,0,0,0,0
2335,1,0,0,0,0
2336,1,0,0,0,0
2337,1,0,0,0,0
2338,1,0,0,0,0
2339,1,0,0,0,0
2340,1,0,0,0,0
2341,1,0,0,0,0
2342,1,0,0,0,0
2343,1,0,0,0,0
2344,1,0,0,0,0
2345,1,0,0,0,0
2346,1,0,0,0,0
2347,1,0,0,0,0
2348,0,0,0,1,0
2349,0,0,0,1,0
2350,0,0,0,1,0
2351,0,0,0,1,0
2352,0,0,0,1,0
2353,0,0,0,1,0
2354,0,0,0,1,0
2355,0,0,0,1,0
2356,0,0,0,1,0
2357,0,0,0,1,0
2358,0,0,0,1,0
2359,1,0,0,0,0
2360,1,0,0,0,0
2361,1,0,0,0,0
2362,1,0,0,0,0
2363,1,0,0,0,0
2364,1,0,0,0,0
2365,1,0,0,0,0
2366,1,0,0,0,0
2367,1,0,0,0,0
2368,1,0,0,0,0
2369,1,0,0,0,0
2370,1,0,0,0,0
2371,1,0,0,0,0
2372,1,0,0,0,0
2373,1,0,0,0,0
2374,1,0,0,0,0
2375,1,0,0,0,0
2376,1,0,0,0,0
2377,1,0,0,0,0
2378,1,0,0,0,0
2379,1,0,0,0,0
2380,1,0,0,0,0
2381,1,0,0,0,0
2382,1,0,0,0,0
2383,1,0,0,0,0
2384,1,0,0,0,0
2385,1,0,0,0,0
2386,1,0,0,0,0
2387,1,0,0,0,0
2388,1,0,0,0,0
2389,1,0,0,0,0
2390,1,0,0,0,0
2391,1,0,0,0,0
2392,1,0,0,0,0
2393,1,0,0,0,0
2394,1,0,0,0,0
2395,1,0,0,0,0
2396,1,0,0,0,0
2397,1,0,0,0,0
2398,1,0,0,0,0
2399,1,0,0,0,0
2400,1,0,0,0,0
2401,1,0,0,0,0
2402,1,0,0,0,0
2403,1,0,0,0,0
2404,0,1,0,0,0
2405,0,1,0,0,0
2406,0,1,0,0,0
2407,0,1,0,0,0
2408,0,1,0,0,0
2409,0,1,0,0,0
2410,0,1,0,0,0
2411,0,1,0,0,0
2412,0,1,0,0,0
2413,0,1,0,0,0
2414,0,1,0,0,0
2415,0,1,0,0,0
2416,0,1,0,0,0
2417,0,1,0,0,0
2418,0,1,0,0,0
2419,0,1,0,0,0
2420,0,1,0,0,0
2421,0,1,0,0,0
2422,0,1,0,0,0
2423,0,1,0,0,0
2424,0,1,0,0,0
2425,0,1,0,0,0
2426,0,1,0,0,0
2427,0,1,0,0,0
2428,0,1,0,0,0
2429,0,1,0,0,0
2430,0,1,0,0,0
2431,0,1,0,0,0
2432,0,1,0,0,0
2433,0,1,0,0,0
2434,0,1,0,0,0
2435,0,1,0,0,0
2436,0,1,0,0,0
2437,0,1,0,0,0
2438,1,0,0,0,0
2439,1,0,0,0,0
2440,1,0,0,0,0
2441,1,0,0,0,0
2442,1,0,0,0,0
2443,1,0,0,0,0
2444,1,0,0,0,0
2445,1,0,0,0,0
2446,1,0,0,0,0
2447,1,0,0,0,0
2448,1,0,0,0,0
2449,1,0,0,0,0
2450,1,0,0,0,0
2451,1,0,0,0,0
2452,1,0,0,0,0
2453,1,0,0,0,0
2454,1,0,0,0,0
2455,1,0,0,0,0
2456,1,0,0,0,0
2457,1,0,0,0,0
2458,1,0,0,0,0
2459,1,0,0,0,0
2460,1,0,0,0,0
2461,1,0,0,0,0
2462,1,0,0,0,0
2463,1,0,0,0,0
2464,1,0,0,0,0
2465,1,0,0,0,0
2466,1,0,0,0,0
2467,1,0,0,0,0
2468,1,0,0,0,0
2469,1,0,0,0,0
2470,1,0,0,0,0
2471,1,0,0,0,0
2472,1,0,0,0,0
2473,1,0,0,0,0
2474,1,0,0,0,0
2475,1,0,0,0,0
2476,1,0,0,0,0
2477,1,0,0,0,0
2478,1,0,0,0,0
2479,1,0,0,0,0
2480,1,0,0,0,0
2481,1,0,0,0,0
2482,1,0,0,0,0
2483,1,0,0,0,0
2484,1,0,0,0,0
2485,1,0,0,0,0
2486,1,0,0,0,0
2487,1,0,0,0,0
2488,1,0,0,0,0
2489,1,0,0,0,0
2490,1,0,0,0,0
2491,1,0,0,0,0
2492,1,0,0,0,0
2493,1,0,0,0,0
2494,1,0,0,0,0
2495,1,0,0,0,0
2496,1,0,0,0,0
2497,1,0,0,0,0
2498,1,0,0,0,0
2499,1,0,0,0,0
2500,1,0,0,0,0
2501,1,0,0,0,0
2502,1,0,0,0,0
2503,1,0,0,0,0
2504,1,0,0,0,0
2505,1,0,0,0,0
2506,1,0,0,0,0
2507,1,0,0,0,0
2508,1,0,0,0,0
2509,1,0,0,0,0
2510,1,0,0,0,0
2511,1,0,0,0,0
2512,1,0,0,0,0
2513,1,0,0,0,0
2514,1,0,0,0,0
2515,1,0,0,0,0
2516,1,0,0,0,0
2517,1,0,0,0,0
2518,1,0,0,0,0
2519,1,0,0,0,0
2520,1,0,0,0,0
2521,1,0,0,0,0
2522,1,0,0,0,0
2523,1,0,0,0,0
2524,1,0,0,0,0
2525,1,0,0,0,0
2526,1,0,0,0,0
2527,1,0,0,0,0
2528,1,0,0,0,0
2529,1,0,0,0,0
2530,1,0,0,0,0
2531,1,0,0,0,0
2532,1,0,0,0,0
2533,1,0,0,0,0
2534,1,0,0,0,0
2535,1,0,0,0,0
2536,1,0,0,0,0
2537,1,0,0,0,0
2538,1,0,0,0,0
2539,1,0,0,0,0
2540,1,0,0,0,0
2541,1,0,0,0,0
2542,1,0,0,0,0
2543,1,0,0,0,0
2544,1,0,0,0,0
2545,1,0,0,0,0
2546,1,0,0,0,0
2547,1,0,0,0,0
2548,1,0,0,0,0
2549,1,0,0,0,0
2550,1,0,0,0,0
2551,1,0,0,0,0
2552,1,0,0,0,0
2553,1,0,0,0,0
2554,1,0,0,0,0
2555,1,0,0,0,0
2556,1,0,0,0,0
2557,1,0,0,0,0
2558,1,0,0,0,0
2559,1,0,0,0,0
2560,1,0,0,0,0
2561,1,0,0,0,0
2562,1,0,0,0,0
2563,1,0,0,0,0
2564,1,0,0,0,0
2565,1,0,0,0,0
2566,1,0,0,0,0
2567,1,0,0,0,0
2568,1,0,0,0,0
2569,1,0,0,0,0
2570,1,0,0,0,0
2571,1,0,0,0,0
2572,1,0,0,0,0
2573,1,0,0,0,0
2574,1,0,0,0,0
2575,1,0,0,0,0
2576,1,0,0,0,0
2577,1,0,0,0,0
2578,1,0,0,0,0
2579,1,0,0,0,0
2580,1,0,0,0,0
2581,1,0,0,0,0
2582,1,0,0,0,0
2583,1,0,0,0,0
2584,1,0,0,0,0
2585,1,0,0,0,0
2586,1,0,0,0,0
2587,1,0,0,0,0
2588,1,0,0,0,0
2589,1,0,0,0,0
2590,1,0,0,0,0
2591,1,0,0,0,0
2592,1,0,0,0,0
2593,1,0,0,0,0
2594,1,0,0,0,0
2595,1,0,0,0,0
2596,1,0,0,0,0
2597,1,0,0,0,0
2598,1,0,0,0,0
2599,1,0,0,0,0
2600,1,0,0,0,0
2601,1,0,0,0,0
2602,1,0,0,0,0
2603,1,0,0,0,0
2604,1,0,0,0,0
2605,1,0,0,0,0
2606,1,0,0,0,0
2607,1,0,0,0,0
2608,1,0,0,0,0
2609,1,0,0,0,0
2610,1,0,0,0,0
2611,1,0,0,0,0
2612,1,0,0,0,0
2613,1,0,0,0,0
2614,1,0,0,0,0
2615,1,0,0,0,0
2616,1,0,0,0,0
2617,1,0,0,0,0
2618,1,0,0,0,0
2619,1,0,0,0,0
2620,1,0,0,0,0
2621,1,0,0,0,0
2622,1,0,0,0,0
2623,1,0,0,0,0
2624,1,0,0,0,0
2625,1,0,0,0,0
2626,1,0,0,0,0
2627,1,0,0,0,0
2628,1,0,0,0,0
2629,1,0,0,0,0
2630,1,0,0,0,0
2631,1,0,0,0,0
2632,1,0,0,0,0
2633,1,0,0,0,0
2634,1,0,0,0,0
2635,1,0,0,0,0
2636,1,0,0,0,0
2637,1,0,0,0,0
2638,1,0,0,0,0
2639,1,0,0,0,0
2640,1,0,0,0,0
2641,1,0,0,0,0
2642,1,0,0,0,0
2643,1,0,0,0,0
2644,1,0,0,0,0
2645,1,0,0,0,0
2646,1,0,0,0,0
2647,1,0,0,0,0
2648,1,0,0,0,0
2649,1,0,0,0,0
2650,1,0,0,0,0
2651,1,0,0,0,0
2652,1,0,0,0,0
2653,1,0,0,0,0
2654,1,0,0,0,0
2655,1,0,0,0,0
2656,1,0,0,0,0
2657,1,0,0,0,0
2658,1,0,0,0,0
2659,1,0,0,0,0
2660,1,0,0,0,0
2661,1,0,0,0,0
2662,1,0,0,0,0
2663,1,0,0,0,0
2664,1,0,0,0,0
2665,1,0,0,0,0
2666,1,0,0,0,0
2667,1,0,0,0,0
2668,1,0,0,0,0
2669,1,0,0,0,0
2670,1,0,0,0,0
2671,1,0,0,0,0
2672,1,0,0,0,0
2673,1,0,0,0,0
2674,1,0,0,0,0
2675,1,0,0,0,0
2676,1,0,0,0,0
2677,1,0,0,0,0
2678,1,0,0,0,0
2679,1,0,0,0,0
2680,1,0,0,0,0
2681,1,0,0,0,0
2682,1,0,0,0,0
2683,1,0,0,0,0
2684,1,0,0,0,0
2685,1,0,0,0,0
2686,1,0,0,0,0
2687,1,0,0,0,0
2688,1,0,0,0,0
2689,1,0,0,0,0
2690,1,0,0,0,0
2691,1,0,0,0,0
2692,1,0,0,0,0
2693,1,0,0,0,0
2694,1,0,0,0,0
2695,1,0,0,0,0
2696,1,0,0,0,0
2697,1,0,0,0,0
2698,1,0,0,0,0
2699,1,0,0,0,0
2700,1,0,0,0,0
2701,1,0,0,0,0
2702,1,0,0,0,0
2703,1,0,0,0,0
2704,1,0,0,0,0
2705,1,0,0,0,0
2706,1,0,0,0,0
2707,1,0,0,0,0
2708,1,0,0,0,0
2709,1,0,0,0,0
2710,1,0,0,0,0
2711,1,0,0,0,0
2712,1,0,0,0,0
2713,1,0,0,0,0
2714,1,0,0,0,0
2715,1,0,0,0,0
2716,1,0,0,0,0
2717,1,0,0,0,0
2718,1,0,0,0,0
2719,1,0,0,0,0
2720,1,0,0,0,0
2721,1,0,0,0,0
2722,1,0,0,0,0
2723,1,0,0,0,0
2724,0,0,0,0,1
2725,0,0,0,0,1
2726,0,0,0,0,1
2727,0,0,0,0,1
2728,0,0,0,0,1
2729,0,0,0,0,1
2730,0,0,0,0,1
2731,0,0,0,0,1
2732,0,0,0,0,1
2733,0,0,0,0,1
2734,0,0,0,0,1
2735,0,0,0,0,1
2736,0,0,0,0,1
2737,0,0,0,0,1
2738,0,0,0,0,1
2739,0,0,0,0,1
2740,0,0,0,0,1
2741,0,0,0,0,1
2742,0,0,0,0,1
2743,0,0,0,0,1
2744,0,0,0,0,1
2745,1,0,0,0,0
2746,1,0,0,0,0
2747,1,0,0,0,0
2748,1,0,0,0,0
2749,1,0,0,0,0
2750,1,0,0,0,0
2751,1,0,0,0,0
2752,1,0,0,0,0
2753,1,0,0,0,0
2754,1,0,0,0,0
2755,1,0,0,0,0
2756,1,0,0,0,0
2757,1,0,0,0,0
2758,1,0,0,0,0
2759,1,0,0,0,0
2760,1,0,0,0,0
2761,1,0,0,0,0
2762,1,0,0,0,0
2763,1,0,0,0,0
2764,1,0,0,0,0
2765,1,0,0,0,0
2766,1,0,0,0,0
2767,1,0,0,0,0
2768,1,0,0,0,0
2769,1,0,0,0,0
2770,1,0,0,0,0
2771,1,0,0,0,0
2772,1,0,0,0,0
2773,1,0,0,0,0
2774,1,0,0,0,0
2775,1,0,0,0,0
2776,1,0,0,0,0
2777,1,0,0,0,0
2778,1,0,0,0,0
2779,1,0,0,0,0
2780,1,0,0,0,0
2781,1,0,0,0,0
2782,1,0,0,0,0
2783,1,0,0,0,0
2784,1,0,0,0,0
2785,1,0,0,0,0
2786,1,0,0,0,0
2787,1,0,0,0,0
2788,1,0,0,0,0
2789,1,0,0,0,0
2790,1,0,0,0,0
2791,1,0,0,0,0
2792,1,0,0,0,0
2793,1,0,0,0,0
2794,1,0,0,0,0
2795,1,0,0,0,0
2796,1,0,0,0,0
2797,1,0,0,0,0
2798,1,0,0,0,0
2799,1,0,0,0,0
2800,1,0,0,0,0
2801,1,0,0,0,0
2802,1,0,0,0,0
2803,1,0,0,0,0
2804,1,0,0,0,0
2805,1,0,0,0,0
2806,1,0,0,0,0
2807,1,0,0,0,0
2808,1,0,0,0,0
2809,1,0,0,0,0
2810,1,0,0,0,0
2811,1,0,0,0,0
2812,1,0,0,0,0
2813,1,0,0,0,0
2814,1,0,0,0,0
2815,1,0,0,0,0
2816,1,0,0,0,0
2817,1,0,0,0,0
2818,1,0,0,0,0
2819,1,0,0,0,0
2820,1,0,0,0,0
2821,1,0,0,0,0
2822,1,0,0,0,0
2823,1,0,0,0,0
2824,1,0,0,0,0
2825,1,0,0,0,0
2826,1,0,0,0,0
2827,1,0,0,0,0
2828,1,0,0,0,0
2829,1,0,0,0,0
2830,1,0,0,0,0
2831,1,0,0,0,0
2832,1,0,0,0,0
2833,1,0,0,0,0
2834,1,0,0,0,0
2835,1,0,0,0,0
2836,1,0,0,0,0
2837,1,0,0,0,0
2838,1,0,0,0,0
2839,1,0,0,0,0
2840,1,0,0,0,0
2841,1,0,0,0,0
2842,1,0,0,0,0
2843,1,0,0,0,0
2844,1,0,0,0,0
2845,1,0,0,0,0
2846,1,0,0,0,0
2847,1,0,0,0,0
2848,1,0,0,0,0
2849,1,0,0,0,0
2850,1,0,0,0,0
2851,1,0,0,0,0
2852,1,0,0,0,0
2853,1,0,0,0,0
2854,1,0,0,0,0
2855,1,0,0,0,0
2856,1,0,0,0,0
2857,1,0,0,0,0
2858,1,0,0,0,0
2859,1,0,0,0,0
2860,1,0,0,0,0
2861,1,0,0,0,0
2862,1,0,0,0,0
2863,1,0,0,0,0
2864,1,0,0,0,0
2865,1,0,0,0,0
2866,1,0,0,0,0
2867,1,0,0,0,0
2868,1,0,0,0,0
2869,1,0,0,0,0
2870,1,0,0,0,0
2871,1,0,0,0,0
2872,1,0,0,0,0
2873,1,0,0,0,0
2874,1,0,0,0,0
2875,1,0,0,0,0
2876,1,0,0,0,0
2877,1,0,0,0,0
2878,1,0,0,0,0
2879,1,0,0,0,0
2880,1,0,0,0,0
2881,1,0,0,0,0
2882,1,0,0,0,0
2883,1,0,0,0,0
2884,1,0,0,0,0
2885,1,0,0,0,0
2886,1,0,0,0,0
2887,1,0,0,0,0
2888,1,0,0,0,0
2889,1,0,0,0,0
2890,1,0,0,0,0
2891,1,0,0,0,0
2892,1,0,0,0,0
2893,1,0,0,0,0
2894,1,0,0,0,0
2895,0,0,0,0,1
2896,0,0,0,0,1
2897,0,0,0,0,1
2898,0,0,0,0,1
2899,0,0,0,0,1
2900,0,0,0,0,1
2901,0,0,0,0,1
2902,0,0,0,0,1
2903,0,0,0,0,1
2904,0,0,0,0,1
2905,0,0,0,0,1
2906,0,0,0,0,1
2907,0,0,0,0,1
2908,0,0,0,0,1
2909,0,0,0,0,1
2910,0,0,0,0,1
2911,0,0,0,0,1
2912,0,0,0,0,1
2913,0,0,0,0,1
2914,0,0,0,0,1
2915,0,0,0,0,1
2916,0,0,0,0,1
2917,1,0,0,0,0
2918,1,0,0,0,0
2919,1,0,0,0,0
2920,1,0,0,0,0
2921,1,0,0,0,0
2922,1,0,0,0,0
2923,1,0,0,0,0
2924,1,0,0,0,0
2925,1,0,0,0,0
2926,1,0,0,0,0
2927,1,0,0,0,0
2928,1,0,0,0,0
2929,1,0,0,0,0
2930,1,0,0,0,0
2931,1,0,0,0,0
2932,1,0,0,0,0
2933,1,0,0,0,0
2934,1,0,0,0,0
2935,1,0,0,0,0
2936,1,0,0,0,0
2937,1,0,0,0,0
2938,1,0,0,0,0
2939,1,0,0,0,0
2940,1,0,0,0,0
2941,1,0,0,0,0
2942,1,0,0,0,0
2943,1,0,0,0,0
2944,1,0,0,0,0
2945,1,0,0,0,0
2946,1,0,0,0,0
2947,1,0,0,0,0
2948,1,0,0,0,0
2949,1,0,0,0,0
2950,1,0,0,0,0
2951,1,0,0,0,0
2952,1,0,0,0,0
2953,1,0,0,0,0
2954,1,0,0,0,0
2955,1,0,0,0,0
2956,1,0,0,0,0
2957,1,0,0,0,0
2958,1,0,0,0,0
2959,1,0,0,0,0
2960,1,0,0,0,0
2961,1,0,0,0,0
2962,1,0,0,0,0
2963,1,0,0,0,0
2964,1,0,0,0,0
2965,1,0,0,0,0
2966,1,0,0,0,0
2967,1,0,0,0,0
2968,1,0,0,0,0
2969,1,0,0,0,0
2970,1,0,0,0,0
2971,1,0,0,0,0
2972,1,0,0,0,0
2973,1,0,0,0,0
2974,1,0,0,0,0
2975,1,0,0,0,0
2976,1,0,0,0,0
2977,1,0,0,0,0
2978,1,0,0,0,0
2979,1,0,0,0,0
2980,1,0,0,0,0
2981,1,0,0,0,0
2982,1,0,0,0,0
2983,1,0,0,0,0
2984,1,0,0,0,0
2985,1,0,0,0,0
2986,1,0,0,0,0
2987,1,0,0,0,0
2988,1,0,0,0,0
2989,1,0,0,0,0
2990,1,0,0,0,0
2991,1,0,0,0,0
2992,1,0,0,0,0
2993,1,0,0,0,0
2994,1,0,0,0,0
2995,1,0,0,0,0
2996,1,0,0,0,0
2997,1,0,0,0,0
2998,1,0,0,0,0
2999,0,0,0,0,1
3000,0,0,0,0,1
3001,0,0,0,0,1
3002,0,0,0,0,1
3003,0,0,0,0,1
3004,0,0,0,0,1
3005,0,0,0,0,1
3006,0,0,0,0,1
3007,0,0,0,0,1
3008,0,0,0,0,1
3009,0,0,0,0,1
3010,0,0,0,0,1
3011,0,0,0,0,1
3012,0,0,0,0,1
3013,0,0,0,0,1
3014,0,0,0,0,1
3015,0,0,0,0,1
3016,0,0,0,0,1
3017,0,0,0,0,1
3018,0,0,0,0,1
3019,0,0,0,0,1
3020,0,0,0,0,1
3021,0,0,0,0,1
3022,0,0,0,0,1
3023,0,0,0,0,1
3024,0,0,0,0,1
3025,0,0,0,0,1
3026,0,0,0,0,1
3027,0,0,0,0,1
3028,1,0,0,0,0
3029,1,0,0,0,0
3030,1,0,0,0,0
3031,1,0,0,0,0
3032,1,0,0,0,0
3033,1,0,0,0,0
3034,1,0,0,0,0
3035,1,0,0,0,0
3036,1,0,0,0,0
3037,0,0,1,0,0
3038,0,0,1,0,0
3039,0,0,1,0,0
3040,0,0,1,0,0
3041,0,0,1,0,0
3042,0,0,1,0,0
3043,0,0,1,0,0
3044,0,0,1,0,0
3045,0,0,1,0,0
3046,1,0,0,0,0
3047,1,0,0,0,0
3048,1,0,0,0,0
3049,1,0,0,0,0
3050,1,0,0,0,0
3051,1,0,0,0,0
3052,1,0,0,0,0
3053,1,0,0,0,0
3054,1,0,0,0,0
3055,1,0,0,0,0
3056,1,0,0,0,0
3057,1,0,0,0,0
3058,1,0,0,0,0
3059,1,0,0,0,0
3060,1,0,0,0,0
3061,1,0,0,0,0
3062,1,0,0,0,0
3063,1,0,0,0,0
3064,1,0,0,0,0
3065,1,0,0,0,0
3066,1,0,0,0,0
3067,1,0,0,0,0
3068,1,0,0,0,0
3069,1,0,0,0,0
3070,1,0,0,0,0
3071,1,0,0,0,0
3072,1,0,0,0,0
3073,1,0,0,0,0
3074,1,0,0,0,0
3075,1,0,0,0,0
3076,1,0,0,0,0
3077,1,0,0,0,0
3078,1,0,0,0,0
3079,1,0,0,0,0
3080,1,0,0,0,0
3081,1,0,0,0,0
3082,1,0,0,0,0
3083,1,0,0,0,0
3084,1,0,0,0,0
3085,1,0,0,0,0
3086,1,0,0,0,0
3087,1,0,0,0,0
3088,1,0,0,0,0
3089,1,0,0,0,0
3090,1,0,0,0,0
3091,1,0,0,0,0
3092,1,0,0,0,0
3093,1,0,0,0,0
3094,1,0,0,0,0
3095,1,0,0,0,0
3096,1,0,0,0,0
3097,1,0,0,0,0
3098,1,0,0,0,0
3099,1,0,0,0,0
3100,1,0,0,0,0
3101,1,0,0,0,0
3102,1,0,0,0,0
3103,1,0,0,0,0
3104,1,0,0,0,0
3105,1,0,0,0,0
3106,1,0,0,0,0
3107,1,0,0,0,0
3108,1,0,0,0,0
3109,1,0,0,0,0
3110,1,0,0,0,0
3111,1,0,0,0,0
3112,1,0,0,0,0
3113,1,0,0,0,0
3114,1,0,0,0,0
3115,1,0,0,0,0
3116,1,0,0,0,0
3117,1,0,0,0,0
3118,1,0,0,0,0
3119,1,0,0,0,0
3120,1,0,0,0,0
3121,1,0,0,0,0
3122,1,0,0,0,0
3123,1,0,0,0,0
3124,1,0,0,0,0
3125,1,0,0,0,0
3126,0,0,0,0,1
3127,0,0,0,0,1
3128,0,0,0,0,1
3129,0,0,0,0,1
3130,0,0,0,0,1
3131,0,0,0,0,1
3132,0,0,0,0,1
3133,0,0,0,0,1
3134,0,0,0,0,1
3135,0,0,0,0,1
3136,0,0,0,0,1
3137,0,0,0,0,1
3138,0,0,0,0,1
3139,0,0,0,0,1
3140,0,0,0,0,1
3141,0,0,0,0,1
3142,0,0,0,0,1
3143,0,0,0,0,1
3144,0,0,0,0,1
3145,0,0,0,0,1
3146,0,0,0,0,1
3147,0,0,0,0,1
3148,0,0,0,0,1
3149,0,0,0,0,1
3150,0,0,0,0,1
3151,0,0,0,0,1
3152,0,0,0,0,1
3153,0,0,0,0,1
3154,0,0,0,0,1
3155,0,0,0,0,1
3156,0,0,0,0,1
3157,0,0,0,0,1
3158,0,0,0,0,1
3159,0,0,0,0,1
3160,0,0,0,0,1
3161,0,0,0,0,1
3162,0,0,0,0,1
3163,0,0,0,0,1
3164,0,0,0,0,1
3165,0,0,0,0,1
3166,0,0,0,0,1
3167,1,0,0,0,0
3168,1,0,0,0,0
3169,1,0,0,0,0
3170,1,0,0,0,0
3171,1,0,0,0,0
3172,1,0,0,0,0
3173,1,0,0,0,0
3174,1,0,0,0,0
3175,1,0,0,0,0
3176,1,0,0,0,0
3177,1,0,0,0,0
3178,1,0,0,0,0
3179,1,0,0,0,0
3180,1,0,0,0,0
3181,1,0,0,0,0
3182,1,0,0,0,0
3183,1,0,0,0,0
3184,1,0,0,0,0
3185,1,0,0,0,0
3186,1,0,0,0,0
3187,1,0,0,0,0
3188,1,0,0,0,0
3189,1,0,0,0,0
3190,1,0,0,0,0
3191,1,0,0,0,0
3192,1,0,0,0,0
3193,1,0,0,0,0
3194,1,0,0,0,0
3195,1,0,0,0,0
3196,1,0,0,0,0
3197,1,0,0,0,0
3198,1,0,0,0,0
3199,1,0,0,0,0
3200,1,0,0,0,0
3201,1,0,0,0,0
3202,1,0,0,0,0
3203,1,0,0,0,0
3204,1,0,0,0,0
3205,1,0,0,0,0
3206,1,0,0,0,0
3207,1,0,0,0,0
3208,1,0,0,0,0
3209,1,0,0,0,0
3210,1,0,0,0,0
3211,1,0,0,0,0
3212,1,0,0,0,0
3213,1,0,0,0,0
3214,1,0,0,0,0
3215,1,0,0,0,0
3216,1,0,0,0,0
3217,1,0,0,0,0
3218,1,0,0,0,0
3219,1,0,0,0,0
3220,1,0,0,0,0
3221,1,0,0,0,0
3222,1,0,0,0,0
3223,1,0,0,0,0
3224,1,0,0,0,0
3225,1,0,0,0,0
3226,1,0,0,0,0
3227,1,0,0,0,0
3228,1,0,0,0,0
3229,1,0,0,0,0
3230,1,0,0,0,0
3231,1,0,0,0,0
3232,1,0,0,0,0
3233,1,0,0,0,0
3234,1,0,0,0,0
3235,1,0,0,0,0
3236,1,0,0,0,0
3237,1,0,0,0,0
3238,1,0,0,0,0
3239,1,0,0,0,0
3240,1,0,0,0,0
3241,1,0,0,0,0
3242,1,0,0,0,0
3243,1,0,0,0,0
3244,1,0,0,0,0
3245,1,0,0,0,0
3246,1,0,0,0,0
3247,1,0,0,0,0
3248,1,0,0,0,0
3249,1,0,0,0,0
3250,1,0,0,0,0
3251,1,0,0,0,0
3252,1,0,0,0,0
3253,1,0,0,0,0
3254,1,0,0,0,0
3255,1,0,0,0,0
3256,1,0,0,0,0
3257,1,0,0,0,0
3258,1,0,0,0,0
3259,1,0,0,0,0
3260,1,0,0,0,0
3261,1,0,0,0,0
3262,1,0,0,0,0
3263,1,0,0,0,0
3264,1,0,0,0,0
3265,1,0,0,0,0
3266,1,0,0,0,0
3267,1,0,0,0,0
3268,1,0,0,0,0
3269,1,0,0,0,0
3270,1,0,0,0,0
3271,1,0,0,0,0
3272,1,0,0,0,0
3273,1,0,0,0,0
3274,1,0,0,0,0
3275,1,0,0,0,0
3276,1,0,0,0,0
3277,1,0,0,0,0
3278,1,0,0,0,0
3279,1,0,0,0,0
3280,1,0,0,0,0
3281,1,0,0,0,0
3282,1,0,0,0,0
3283,1,0,0,0,0
3284,1,0,0,0,0
3285,1,0,0,0,0
3286,1,0,0,0,0
3287,1,0,0,0,0
3288,1,0,0,0,0
3289,1,0,0,0,0
3290,1,0,0,0,0
3291,1,0,0,0,0
3292,1,0,0,0,0
3293,1,0,0,0,0
3294,1,0,0,0,0
3295,1,0,0,0,0
3296,1,0,0,0,0
3297,1,0,0,0,0
3298,1,0,0,0,0
3299,1,0,0,0,0
3300,1,0,0,0,0
3301,1,0,0,0,0
3302,1,0,0,0,0
3303,1,0,0,0,0
3304,1,0,0,0,0
3305,1,0,0,0,0
3306,1,0,0,0,0
3307,1,0,0,0,0
3308,1,0,0,0,0
3309,1,0,0,0,0
3310,1,0,0,0,0
3311,1,0,0,0,0
3312,1,0,0,0,0
3313,1,0,0,0,0
3314,1,0,0,0,0
3315,1,0,0,0,0
3316,1,0,0,0,0
3317,0,1,0,0,0
3318,0,1,0,0,0
3319,0,1,0,0,0
3320,0,1,0,0,0
3321,0,1,0,0,0
3322,0,1,0,0,0
3323,0,1,0,0,0
3324,0,1,0,0,0
3325,0,1,0,0,0
3326,0,1,0,0,0
3327,0,1,0,0,0
3328,0,1,0,0,0
3329,0,1,0,0,0
3330,0,1,0,0,0
3331,0,1,0,0,0
3332,0,1,0,0,0
3333,0,1,0,0,0
3334,0,1,0,0,0
3335,0,1,0,0,0
3336,0,1,0,0,0
3337,0,1,0,0,0
3338,0,1,0,0,0
3339,0,1,0,0,0
3340,0,1,0,0,0
3341,0,1,0,0,0
3342,0,1,0,0,0
3343,0,1,0,0,0
3344,0,1,0,0,0
3345,0,1,0,0,0
3346,0,1,0,0,0
3347,0,1,0,0,0
3348,0,1,0,0,0
3349,0,1,0,0,0
3350,0,1,0,0,0
3351,0,1,0,0,0
3352,0,1,0,0,0
3353,0,1,0,0,0
3354,0,1,0,0,0
3355,0,1,0,0,0
3356,1,0,0,0,0
3357,1,0,0,0,0
3358,1,0,0,0,0
3359,1,0,0,0,0
3360,1,0,0,0,0
3361,1,0,0,0,0
3362,1,0,0,0,0
3363,1,0,0,0,0
3364,1,0,0,0,0
3365,1,0,0,0,0
3366,1,0,0,0,0
3367,1,0,0,0,0
3368,1,0,0,0,0
3369,1,0,0,0,0
3370,1,0,0,0,0
3371,1,0,0,0,0
3372,1,0,0,0,0
3373,1,0,0,0,0
3374,1,0,0,0,0
3375,1,0,0,0,0
3376,1,0,0,0,0
3377,1,0,0,0,0
3378,1,0,0,0,0
3379,1,0,0,0,0
3380,1,0,0,0,0
3381,1,0,0,0,0
3382,1,0,0,0,0
3383,1,0,0,0,0
3384,1,0,0,0,0
3385,1,0,0,0,0
3386,1,0,0,0,0
3387,1,0,0,0,0
3388,1,0,0,0,0
3389,1,0,0,0,0
3390,1,0,0,0,0
3391,1,0,0,0,0
3392,1,0,0,0,0
3393,1,0,0,0,0
3394,1,0,0,0,0
3395,1,0,0,0,0
3396,1,0,0,0,0
3397,1,0,0,0,0
3398,1,0,0,0,0
3399,1,0,0,0,0
3400,1,0,0,0,0
3401,1,0,0,0,0
3402,1,0,0,0,0
3403,1,0,0,0,0
3404,1,0,0,0,0
3405,1,0,0,0,0
3406,1,0,0,0,0
3407,1,0,0,0,0
3408,1,0,0,0,0
3409,1,0,0,0,0
3410,1,0,0,0,0
3411,1,0,0,0,0
3412,1,0,0,0,0
3413,1,0,0,0,0
3414,1,0,0,0,0
3415,1,0,0,0,0
3416,1,0,0,0,0
3417,1,0,0,0,0
3418,1,0,0,0,0
3419,1,0,0,0,0
3420,1,0,0,0,0
3421,1,0,0,0,0
3422,1,0,0,0,0
3423,1,0,0,0,0
3424,1,0,0,0,0
3425,1,0,0,0,0
3426,1,0,0,0,0
3427,1,0,0,0,0
3428,1,0,0,0,0
3429,1,0,0,0,0
3430,1,0,0,0,0
3431,1,0,0,0,0
3432,1,0,0,0,0
3433,1,0,0,0,0
3434,1,0,0,0,0
3435,1,0,0,0,0
3436,1,0,0,0,0
3437,1,0,0,0,0
3438,1,0,0,0,0
3439,1,0,0,0,0
3440,1,0,0,0,0
3441,1,0,0,0,0
3442,1,0,0,0,0
3443,1,0,0,0,0
3444,1,0,0,0,0
3445,1,0,0,0,0
3446,1,0,0,0,0
3447,1,0,0,0,0
3448,1,0,0,0,0
3449,1,0,0,0,0
3450,1,0,0,0,0
3451,1,0,0,0,0
3452,1,0,0,0,0
3453,1,0,0,0,0
3454,1,0,0,0,0
3455,1,0,0,0,0
3456,1,0,0,0,0
3457,1,0,0,0,0
3458,1,0,0,0,0
3459,1,0,0,0,0
3460,1,0,0,0,0
3461,1,0,0,0,0
3462,1,0,0,0,0
3463,1,0,0,0,0
3464,1,0,0,0,0
3465,1,0,0,0,0
3466,1,0,0,0,0
3467,1,0,0,0,0
3468,1,0,0,0,0
3469,1,0,0,0,0
3470,1,0,0,0,0
3471,1,0,0,0,0
3472,1,0,0,0,0
3473,1,0,0,0,0
3474,1,0,0,0,0
3475,1,0,0,0,0
3476,1,0,0,0,0
3477,1,0,0,0,0
3478,1,0,0,0,0
3479,1,0,0,0,0
3480,1,0,0,0,0
3481,1,0,0,0,0
3482,1,0,0,0,0
3483,1,0,0,0,0
3484,1,0,0,0,0
3485,1,0,0,0,0
3486,1,0,0,0,0
3487,1,0,0,0,0
3488,1,0,0,0,0
3489,1,0,0,0,0
3490,1,0,0,0,0
3491,1,0,0,0,0
3492,1,0,0,0,0
3493,1,0,0,0,0
3494,1,0,0,0,0
3495,1,0,0,0,0
3496,1,0,0,0,0
3497,1,0,0,0,0
3498,1,0,0,0,0
3499,1,0,0,0,0
3500,1,0,0,0,0
3501,1,0,0,0,0
3502,1,0,0,0,0
3503,1,0,0,0,0
3504,1,0,0,0,0
3505,1,0,0,0,0
3506,1,0,0,0,0
3507,1,0,0,0,0
3508,1,0,0,0,0
3509,1,0,0,0,0
3510,1,0,0,0,0
3511,1,0,0,0,0
3512,1,0,0,0,0
3513,1,0,0,0,0
3514,1,0,0,0,0
3515,1,0,0,0,0
3516,1,0,0,0,0
3517,1,0,0,0,0
3518,1,0,0,0,0
3519,1,0,0,0,0
3520,1,0,0,0,0
3521,1,0,0,0,0
3522,1,0,0,0,0
3523,1,0,0,0,0
3524,1,0,0,0,0
3525,1,0,0,0,0
3526,1,0,0,0,0
3527,1,0,0,0,0
3528,1,0,0,0,0
3529,1,0,0,0,0
3530,1,0,0,0,0
3531,1,0,0,0,0
3532,1,0,0,0,0
3533,1,0,0,0,0
3534,1,0,0,0,0
3535,1,0,0,0,0
3536,1,0,0,0,0
3537,1,0,0,0,0
3538,1,0,0,0,0
3539,1,0,0,0,0
3540,1,0,0,0,0
3541,1,0,0,0,0
3542,1,0,0,0,0
3543,1,0,0,0,0
3544,1,0,0,0,0
3545,1,0,0,0,0
3546,1,0,0,0,0
3547,1,0,0,0,0
3548,1,0,0,0,0
3549,1,0,0,0,0
3550,1,0,0,0,0
3551,1,0,0,0,0
3552,1,0,0,0,0
3553,1,0,0,0,0
3554,1,0,0,0,0
3555,1,0,0,0,0
3556,1,0,0,0,0
3557,1,0,0,0,0
3558,1,0,0,0,0
3559,1,0,0,0,0
3560,1,0,0,0,0
3561,1,0,0,0,0
3562,1,0,0,0,0
3563,1,0,0,0,0
3564,1,0,0,0,0
3565,1,0,0,0,0
3566,1,0,0,0,0
3567,1,0,0,0,0
3568,1,0,0,0,0
3569,1,0,0,0,0
3570,1,0,0,0,0
3571,1,0,0,0,0
3572,1,0,0,0,0
3573,1,0,0,0,0
3574,1,0,0,0,0
3575,1,0,0,0,0
3576,1,0,0,0,0
3577,1,0,0,0,0
3578,1,0,0,0,0
3579,1,0,0,0,0
3580,1,0,0,0,0
3581,1,0,0,0,0
3582,1,0,0,0,0
3583,1,0,0,0,0
3584,1,0,0,0,0
3585,1,0,0,0,0
3586,1,0,0,0,0
3587,1,0,0,0,0
3588,1,0,0,0,0
3589,1,0,0,0,0
3590,1,0,0,0,0
3591,1,0,0,0,0
3592,1,0,0,0,0
3593,1,0,0,0,0
3594,1,0,0,0,0
3595,1,0,0,0,0
3596,1,0,0,0,0
3597,1,0,0,0,0
3598,1,0,0,0,0
3599,1,0,0,0,0
3600,1,0,0,0,0
3601,1,0,0,0,0
3602,1,0,0,0,0
3603,1,0,0,0,0
3604,1,0,0,0,0
3605,1,0,0,0,0
3606,1,0,0,0,0
3607,1,0,0,0,0
3608,1,0,0,0,0
3609,1,0,0,0,0
3610,1,0,0,0,0
3611,1,0,0,0,0
3612,1,0,0,0,0
3613,1,0,0,0,0
3614,1,0,0,0,0
3615,1,0,0,0,0
3616,1,0,0,0,0
3617,1,0,0,0,0
3618,1,0,0,0,0
3619,1,0,0,0,0
3620,1,0,0,0,0
3621,1,0,0,0,0
3622,1,0,0,0,0
3623,1,0,0,0,0
3624,1,0,0,0,0
3625,1,0,0,0,0
3626,1,0,0,0,0
3627,1,0,0,0,0
3628,1,0,0,0,0
3629,1,0,0,0,0
3630,1,0,0,0,0
3631,1,0,0,0,0
3632,1,0,0,0,0
3633,1,0,0,0,0
3634,1,0,0,0,0
3635,1,0,0,0,0
3636,1,0,0,0,0
3637,1,0,0,0,0
3638,1,0,0,0,0
3639,1,0,0,0,0
3640,1,0,0,0,0
3641,1,0,0,0,0
3642,1,0,0,0,0
3643,1,0,0,0,0
3644,1,0,0,0,0
3645,1,0,0,0,0
3646,1,0,0,0,0
3647,1,0,0,0,0
3648,1,0,0,0,0
3649,1,0,0,0,0
3650,1,0,0,0,0
3651,1,0,0,0,0
3652,1,0,0,0,0
3653,1,0,0,0,0
3654,1,0,0,0,0
3655,1,0,0,0,0
3656,1,0,0,0,0
3657,1,0,0,0,0
3658,1,0,0,0,0
3659,1,0,0,0,0
3660,1,0,0,0,0
3661,1,0,0,0,0
3662,1,0,0,0,0
3663,1,0,0,0,0
3664,1,0,0,0,0
3665,1,0,0,0,0
3666,1,0,0,0,0
3667,1,0,0,0,0
3668,1,0,0,0,0
3669,1,0,0,0,0
3670,1,0,0,0,0
3671,1,0,0,0,0
3672,1,0,0,0,0
3673,1,0,0,0,0
3674,1,0,0,0,0
3675,1,0,0,0,0
3676,1,0,0,0,0
3677,1,0,0,0,0
3678,1,0,0,0,0
3679,1,0,0,0,0
3680,1,0,0,0,0
3681,1,0,0,0,0
3682,1,0,0,0,0
3683,1,0,0,0,0
3684,1,0,0,0,0
3685,1,0,0,0,0
3686,1,0,0,0,0
3687,1,0,0,0,0
3688,1,0,0,0,0
3689,1,0,0,0,0
3690,1,0,0,0,0
3691,1,0,0,0,0
3692,1,0,0,0,0
3693,1,0,0,0,0
3694,1,0,0,0,0
3695,1,0,0,0,0
3696,1,0,0,0,0
3697,1,0,0,0,0
3698,1,0,0,0,0
3699,1,0,0,0,0
3700,1,0,0,0,0
3701,1,0,0,0,0
3702,1,0,0,0,0
3703,1,0,0,0,0
3704,1,0,0,0,0
3705,1,0,0,0,0
3706,1,0,0,0,0
3707,1,0,0,0,0
3708,1,0,0,0,0
3709,1,0,0,0,0
3710,1,0,0,0,0
3711,1,0,0,0,0
3712,1,0,0,0,0
3713,1,0,0,0,0
3714,1,0,0,0,0
3715,1,0,0,0,0
3716,1,0,0,0,0
3717,1,0,0,0,0
3718,1,0,0,0,0
3719,1,0,0,0,0
3720,1,0,0,0,0
3721,1,0,0,0,0
3722,1,0,0,0,0
3723,1,0,0,0,0
3724,1,0,0,0,0
3725,1,0,0,0,0
3726,1,0,0,0,0
3727,1,0,0,0,0
3728,1,0,0,0,0
3729,1,0,0,0,0
3730,1,0,0,0,0
3731,1,0,0,0,0
3732,1,0,0,0,0
3733,1,0,0,0,0
3734,1,0,0,0,0
3735,1,0,0,0,0
3736,1,0,0,0,0
3737,1,0,0,0,0
3738,1,0,0,0,0
3739,1,0,0,0,0
3740,1,0,0,0,0
3741,1,0,0,0,0
3742,1,0,0,0,0
3743,1,0,0,0,0
3744,1,0,0,0,0
3745,1,0,0,0,0
3746,1,0,0,0,0
3747,1,0,0,0,0
3748,1,0,0,0,0
3749,1,0,0,0,0
3750,1,0,0,0,0
3751,1,0,0,0,0
3752,1,0,0,0,0
3753,1,0,0,0,0
3754,1,0,0,0,0
3755,1,0,0,0,0
3756,1,0,0,0,0
3757,1,0,0,0,0
3758,1,0,0,0,0
3759,1,0,0,0,0
3760,1,0,0,0,0
3761,1,0,0,0,0
3762,1,0,0,0,0
3763,1,0,0,0,0
3764,1,0,0,0,0
3765,1,0,0,0,0
3766,1,0,0,0,0
3767,1,0,0,0,0
3768,1,0,0,0,0
3769,1,0,0,0,0
3770,1,0,0,0,0
3771,1,0,0,0,0
3772,1,0,0,0,0
3773,1,0,0,0,0
3774,1,0,0,0,0
3775,1,0,0,0,0
3776,1,0,0,0,0
3777,1,0,0,0,0
3778,1,0,0,0,0
3779,1,0,0,0,0
3780,1,0,0,0,0
3781,1,0,0,0,0
3782,1,0,0,0,0
3783,1,0,0,0,0
3784,1,0,0,0,0
3785,1,0,0,0,0
3786,1,0,0,0,0
3787,1,0,0,0,0
3788,1,0,0,0,0
3789,1,0,0,0,0
3790,1,0,0,0,0
3791,1,0,0,0,0
3792,1,0,0,0,0
3793,1,0,0,0,0
3794,1,0,0,0,0
3795,1,0,0,0,0
3796,1,0,0,0,0
3797,1,0,0,0,0
3798,1,0,0,0,0
3799,1,0,0,0,0
3800,1,0,0,0,0
3801,1,0,0,0,0
3802,1,0,0,0,0
3803,1,0,0,0,0
3804,1,0,0,0,0
3805,1,0,0,0,0
3806,1,0,0,0,0
3807,1,0,0,0,0
3808,1,0,0,0,0
3809,1,0,0,0,0
3810,1,0,0,0,0
3811,1,0,0,0,0
3812,1,0,0,0,0
3813,1,0,0,0,0
3814,1,0,0,0,0
3815,1,0,0,0,0
3816,1,0,0,0,0
3817,1,0,0,0,0
3818,1,0,0,0,0
3819,1,0,0,0,0
3820,1,0,0,0,0
3821,1,0,0,0,0
3822,1,0,0,0,0
3823,1,0,0,0,0
3824,1,0,0,0,0
3825,1,0,0,0,0
3826,0,0,0,0,1
3827,0,0,0,0,1
3828,0,0,0,0,1
3829,0,0,0,0,1
3830,0,0,0,0,1
3831,0,0,0,0,1
3832,0,0,0,0,1
3833,0,0,0,0,1
3834,0,0,0,0,1
3835,0,0,0,0,1
3836,0,0,0,0,1
3837,0,0,0,0,1
3838,0,0,0,0,1
3839,0,0,0,0,1
3840,0,0,0,0,1
3841,0,0,0,0,1
3842,0,0,0,0,1
3843,0,0,0,0,1
3844,0,0,0,0,1
3845,0,0,0,0,1
3846,0,0,0,0,1
3847,0,0,0,0,1
3848,0,0,0,0,1
3849,0,0,0,0,1
3850,0,0,0,0,1
3851,0,0,0,0,1
3852,0,0,0,0,1
3853,0,0,0,0,1
3854,0,0,0,0,1
3855,0,0,0,0,1
3856,1,0,0,0,0
3857,1,0,0,0,0
3858,1,0,0,0,0
3859,1,0,0,0,0
3860,1,0,0,0,0
3861,1,0,0,0,0
3862,1,0,0,0,0
3863,1,0,0,0,0
3864,1,0,0,0,0
3865,1,0,0,0,0
3866,1,0,0,0,0
3867,1,0,0,0,0
3868,1,0,0,0,0
3869,1,0,0,0,0
3870,1,0,0,0,0
3871,1,0,0,0,0
3872,1,0,0,0,0
3873,1,0,0,0,0
3874,1,0,0,0,0
3875,1,0,0,0,0
3876,1,0,0,0,0
3877,1,0,0,0,0
3878,1,0,0,0,0
3879,1,0,0,0,0
3880,1,0,0,0,0
3881,1,0,0,0,0
3882,1,0,0,0,0
3883,1,0,0,0,0
3884,1,0,0,0,0
3885,1,0,0,0,0
3886,1,0,0,0,0
3887,1,0,0,0,0
3888,1,0,0,0,0
3889,1,0,0,0,0
3890,1,0,0,0,0
3891,1,0,0,0,0
3892,1,0,0,0,0
3893,1,0,0,0,0
3894,1,0,0,0,0
3895,1,0,0,0,0
3896,1,0,0,0,0
3897,1,0,0,0,0
3898,1,0,0,0,0
3899,1,0,0,0,0
3900,1,0,0,0,0
3901,1,0,0,0,0
3902,1,0,0,0,0
3903,1,0,0,0,0
3904,1,0,0,0,0
3905,1,0,0,0,0
3906,1,0,0,0,0
3907,1,0,0,0,0
3908,1,0,0,0,0
3909,1,0,0,0,0
3910,1,0,0,0,0
3911,1,0,0,0,0
3912,1,0,0,0,0
3913,1,0,0,0,0
3914,1,0,0,0,0
3915,1,0,0,0,0
3916,1,0,0,0,0
3917,1,0,0,0,0
3918,1,0,0,0,0
3919,1,0,0,0,0
3920,1,0,0,0,0
3921,1,0,0,0,0
3922,1,0,0,0,0
3923,1,0,0,0,0
3924,1,0,0,0,0
3925,1,0,0,0,0
3926,1,0,0,0,0
3927,1,0,0,0,0
3928,1,0,0,0,0
3929,1,0,0,0,0
3930,1,0,0,0,0
3931,1,0,0,0,0
3932,1,0,0,0,0
3933,1,0,0,0,0
3934,1,0,0,0,0
3935,1,0,0,0,0
3936,1,0,0,0,0
3937,1,0,0,0,0
3938,1,0,0,0,0
3939,1,0,0,0,0
3940,1,0,0,0,0
3941,1,0,0,0,0
3942,1,0,0,0,0
3943,1,0,0,0,0
3944,1,0,0,0,0
3945,1,0,0,0,0
3946,1,0,0,0,0
3947,1,0,0,0,0
3948,1,0,0,0,0
3949,1,0,0,0,0
3950,1,0,0,0,0
3951,1,0,0,0,0
3952,1,0,0,0,0
3953,1,0,0,0,0
3954,1,0,0,0,0
3955,1,0,0,0,0
3956,1,0,0,0,0
3957,1,0,0,0,0
3958,1,0,0,0,0
3959,1,0,0,0,0
3960,1,0,0,0,0
3961,1,0,0,0,0
3962,1,0,0,0,0
3963,1,0,0,0,0
3964,1,0,0,0,0
3965,1,0,0,0,0
3966,0,0,1,0,0
3967,0,0,1,0,0
3968,0,0,1,0,0
3969,0,0,1,0,0
3970,0,0,1,0,0
3971,0,0,1,0,0
3972,0,0,1,0,0
3973,0,0,1,0,0
3974,0,0,1,0,0
3975,0,0,1,0,0
3976,0,0,0,1,0
3977,0,0,0,1,0
3978,0,0,0,1,0
3979,0,0,0,1,0
3980,0,0,0,1,0
3981,0,0,0,1,0
3982,0,0,0,1,0
3983,0,0,0,1,0
3984,0,0,1,0,0
3985,0,0,1,0,0
3986,0,0,1,0,0
3987,0,0,1,0,0
3988,0,0,1,0,0
3989,1,0,0,0,0
3990,1,0,0,0,0
3991,1,0,0,0,0
3992,1,0,0,0,0
3993,1,0,0,0,0
3994,1,0,0,0,0
3995,1,0,0,0,0
3996,1,0,0,0,0
3997,1,0,0,0,0
3998,1,0,0,0,0
3999,1,0,0,0,0
4000,1,0,0,0,0
4001,1,0,0,0,0
4002,0,0,0,0,1
4003,0,0,0,0,1
4004,0,0,0,0,1
4005,0,0,0,0,1
4006,0,0,0,0,1
4007,0,0,0,0,1
4008,0,0,0,0,1
4009,0,0,0,0,1
4010,0,0,0,0,1
4011,0,0,0,0,1
4012,0,0,0,0,1
4013,0,0,0,0,1
4014,0,0,0,0,1
4015,0,0,0,0,1
4016,0,0,0,0,1
4017,0,0,0,0,1
4018,0,0,0,0,1
4019,0,0,0,0,1
4020,0,0,0,0,1
4021,0,0,0,0,1
4022,0,0,0,0,1
4023,0,0,0,0,1
4024,0,0,0,0,1
4025,0,0,0,0,1
4026,0,0,0,0,1
4027,0,0,0,0,1
4028,0,0,0,0,1
4029,0,0,0,0,1
4030,0,0,0,0,1
4031,0,0,0,0,1
4032,0,0,0,0,1
4033,0,0,0,0,1
4034,0,0,0,0,1
4035,0,0,0,0,1
4036,0,0,0,0,1
4037,0,0,0,0,1
4038,0,0,0,0,1
4039,0,0,0,0,1
4040,0,0,0,0,1
4041,0,0,0,0,1
4042,0,0,0,0,1
4043,0,0,0,0,1
4044,0,0,0,0,1
4045,0,0,0,0,1
4046,0,0,0,0,1
4047,0,0,0,0,1
4048,0,0,0,0,1
4049,0,0,0,0,1
4050,0,0,0,0,1
4051,0,0,0,0,1
4052,0,0,0,0,1
4053,0,0,0,0,1
4054,0,0,0,0,1
4055,0,0,0,0,1
4056,0,0,0,0,1
4057,0,0,0,0,1
4058,0,0,0,0,1
4059,0,0,0,0,1
4060,0,0,0,0,1
4061,0,0,0,0,1
4062,0,0,0,0,1
4063,0,0,0,0,1
4064,0,0,0,0,1
4065,0,0,0,0,1
4066,0,0,0,0,1
4067,0,0,0,0,1
4068,0,0,0,0,1
4069,0,0,0,0,1
4070,0,0,0,0,1
4071,0,0,0,0,1
4072,0,0,0,0,1
4073,0,0,0,0,1
4074,0,0,0,0,1
4075,0,0,0,0,1
4076,0,0,0,0,1
4077,0,0,0,0,1
4078,0,0,0,0,1
4079,0,0,0,0,1
4080,0,0,0,0,1
4081,0,0,0,0,1
4082,0,0,0,0,1
4083,0,0,0,0,1
4084,0,0,0,0,1
4085,0,0,0,0,1
4086,0,0,0,0,1
4087,0,0,0,0,1
4088,0,0,0,0,1
4089,0,0,0,0,1
4090,0,0,0,0,1
4091,0,0,0,0,1
4092,0,0,0,0,1
4093,0,0,0,0,1
4094,0,0,0,0,1
4095,0,0,0,0,1
4096,0,0,0,0,1
4097,0,0,0,0,1
4098,0,0,0,0,1
4099,0,0,0,0,1
4100,0,0,0,0,1
4101,0,0,0,0,1
4102,0,0,0,0,1
4103,0,0,0,0,1
4104,0,0,0,0,1
4105,0,0,0,0,1
4106,0,0,0,0,1
4107,0,0,0,0,1
4108,1,0,0,0,0
4109,1,0,0,0,0
4110,1,0,0,0,0
4111,1,0,0,0,0
4112,1,0,0,0,0
4113,1,0,0,0,0
4114,1,0,0,0,0
4115,1,0,0,0,0
4116,1,0,0,0,0
4117,1,0,0,0,0
4118,1,0,0,0,0
4119,1,0,0,0,0
4120,1,0,0,0,0
4121,1,0,0,0,0
4122,1,0,0,0,0
4123,1,0,0,0,0
4124,1,0,0,0,0
4125,1,0,0,0,0
4126,1,0,0,0,0
4127,1,0,0,0,0
4128,1,0,0,0,0
4129,1,0,0,0,0
4130,1,0,0,0,0
4131,1,0,0,0,0
4132,1,0,0,0,0
4133,1,0,0,0,0
4134,1,0,0,0,0
4135,1,0,0,0,0
4136,1,0,0,0,0
4137,1,0,0,0,0
4138,1,0,0,0,0
4139,1,0,0,0,0
4140,1,0,0,0,0
4141,1,0,0,0,0
4142,1,0,0,0,0
4143,1,0,0,0,0
4144,1,0,0,0,0
4145,1,0,0,0,0
4146,1,0,0,0,0
4147,1,0,0,0,0
4148,1,0,0,0,0
4149,1,0,0,0,0
4150,1,0,0,0,0
4151,1,0,0,0,0
4152,1,0,0,0,0
4153,1,0,0,0,0
4154,1,0,0,0,0
4155,1,0,0,0,0
4156,1,0,0,0,0
4157,1,0,0,0,0
4158,1,0,0,0,0
4159,1,0,0,0,0
4160,1,0,0,0,0
4161,1,0,0,0,0
4162,1,0,0,0,0
4163,1,0,0,0,0
4164,1,0,0,0,0
4165,1,0,0,0,0
4166,1,0,0,0,0
4167,1,0,0,0,0
4168,1,0,0,0,0
4169,1,0,0,0,0
4170,1,0,0,0,0
4171,1,0,0,0,0
4172,1,0,0,0,0
4173,1,0,0,0,0
4174,1,0,0,0,0
4175,1,0,0,0,0
4176,1,0,0,0,0
4177,1,0,0,0,0
4178,1,0,0,0,0
4179,0,0,0,0,1
4180,0,0,0,0,1
4181,0,0,0,0,1
4182,0,0,0,0,1
4183,0,0,0,0,1
4184,0,0,0,0,1
4185,0,0,0,0,1
4186,0,0,0,0,1
4187,0,0,0,0,1
4188,0,0,0,0,1
4189,0,0,0,0,1
4190,0,0,0,0,1
4191,0,0,0,0,1
4192,0,0,0,0,1
4193,0,0,0,0,1
4194,0,0,0,0,1
4195,0,0,0,0,1
4196,0,0,0,0,1
4197,0,0,0,0,1
4198,0,0,0,0,1
4199,0,0,0,0,1
4200,1,0,0,0,0
4201,1,0,0,0,0
4202,1,0,0,0,0
4203,1,0,0,0,0
4204,1,0,0,0,0
4205,1,0,0,0,0
4206,1,0,0,0,0
4207,1,0,0,0,0
4208,1,0,0,0,0
4209,1,0,0,0,0
4210,1,0,0,0,0
4211,1,0,0,0,0
4212,1,0,0,0,0
4213,1,0,0,0,0
4214,1,0,0,0,0
4215,1,0,0,0,0
4216,1,0,0,0,0
4217,1,0,0,0,0
4218,1,0,0,0,0
4219,1,0,0,0,0
4220,1,0,0,0,0
4221,1,0,0,0,0
4222,1,0,0,0,0
4223,1,0,0,0,0
4224,1,0,0,0,0
4225,1,0,0,0,0
4226,1,0,0,0,0
4227,1,0,0,0,0
4228,0,0,0,1,0
4229,0,0,0,1,0
4230,0,0,0,1,0
4231,0,0,0,1,0
4232,0,0,0,1,0
4233,0,0,0,1,0
4234,0,0,0,1,0
4235,0,0,0,1,0
4236,0,0,0,1,0
4237,1,0,0,0,0
4238,1,0,0,0,0
4239,1,0,0,0,0
4240,1,0,0,0,0
4241,1,0,0,0,0
4242,1,0,0,0,0
4243,1,0,0,0,0
4244,1,0,0,0,0
4245,1,0,0,0,0
4246,1,0,0,0,0
4247,1,0,0,0,0
4248,1,0,0,0,0
4249,1,0,0,0,0
4250,1,0,0,0,0
4251,1,0,0,0,0
4252,0,0,0,0,1
4253,0,0,0,0,1
4254,0,0,0,0,1
4255,0,0,0,0,1
4256,0,0,0,0,1
4257,0,0,0,0,1
4258,0,0,0,0,1
4259,0,0,0,0,1
4260,0,0,0,0,1
4261,0,0,0,0,1
4262,0,0,0,0,1
4263,0,0,0,0,1
4264,0,0,0,0,1
4265,0,0,0,0,1
4266,0,0,0,0,1
4267,0,0,0,0,1
4268,0,0,0,0,1
4269,0,0,0,0,1
4270,0,0,0,0,1
4271,0,0,0,0,1
4272,0,0,0,0,1
4273,1,0,0,0,0
4274,1,0,0,0,0
4275,1,0,0,0,0
4276,1,0,0,0,0
4277,1,0,0,0,0
4278,1,0,0,0,0
4279,1,0,0,0,0
4280,1,0,0,0,0
4281,1,0,0,0,0
4282,1,0,0,0,0
4283,1,0,0,0,0
4284,1,0,0,0,0
4285,1,0,0,0,0
4286,1,0,0,0,0
4287,1,0,0,0,0
4288,1,0,0,0,0
4289,1,0,0,0,0
4290,1,0,0,0,0
4291,1,0,0,0,0
4292,1,0,0,0,0
4293,1,0,0,0,0
4294,1,0,0,0,0
4295,1,0,0,0,0
4296,1,0,0,0,0
4297,1,0,0,0,0
4298,1,0,0,0,0
4299,1,0,0,0,0
4300,1,0,0,0,0
4301,1,0,0,0,0
4302,1,0,0,0,0
4303,1,0,0,0,0
4304,1,0,0,0,0
4305,1,0,0,0,0
4306,1,0,0,0,0
4307,1,0,0,0,0
4308,1,0,0,0,0
4309,1,0,0,0,0
4310,1,0,0,0,0
4311,1,0,0,0,0
4312,1,0,0,0,0
4313,1,0,0,0,0
4314,1,0,0,0,0
4315,1,0,0,0,0
4316,1,0,0,0,0
4317,1,0,0,0,0
4318,1,0,0,0,0
4319,1,0,0,0,0
4320,1,0,0,0,0
4321,1,0,0,0,0
4322,1,0,0,0,0
4323,1,0,0,0,0
4324,1,0,0,0,0
4325,1,0,0,0,0
4326,1,0,0,0,0
4327,1,0,0,0,0
4328,1,0,0,0,0
4329,1,0,0,0,0
4330,1,0,0,0,0
4331,1,0,0,0,0
4332,1,0,0,0,0
4333,1,0,0,0,0
4334,1,0,0,0,0
4335,1,0,0,0,0
4336,1,0,0,0,0
4337,1,0,0,0,0
4338,1,0,0,0,0
4339,1,0,0,0,0
4340,1,0,0,0,0
4341,1,0,0,0,0
4342,1,0,0,0,0
4343,1,0,0,0,0
4344,1,0,0,0,0
4345,1,0,0,0,0
4346,1,0,0,0,0
4347,1,0,0,0,0
4348,1,0,0,0,0
4349,1,0,0,0,0
4350,1,0,0,0,0
4351,1,0,0,0,0
4352,1,0,0,0,0
4353,1,0,0,0,0
4354,1,0,0,0,0
4355,1,0,0,0,0
4356,1,0,0,0,0
4357,1,0,0,0,0
4358,1,0,0,0,0
4359,1,0,0,0,0
4360,1,0,0,0,0
4361,1,0,0,0,0
4362,1,0,0,0,0
4363,1,0,0,0,0
4364,1,0,0,0,0
4365,1,0,0,0,0
4366,1,0,0,0,0
4367,1,0,0,0,0
4368,1,0,0,0,0
4369,1,0,0,0,0
4370,1,0,0,0,0
4371,1,0,0,0,0
4372,1,0,0,0,0
4373,1,0,0,0,0
4374,1,0,0,0,0
4375,1,0,0,0,0
4376,1,0,0,0,0
4377,1,0,0,0,0
4378,1,0,0,0,0
4379,1,0,0,0,0
4380,1,0,0,0,0
4381,1,0,0,0,0
4382,1,0,0,0,0
4383,1,0,0,0,0
4384,1,0,0,0,0
4385,1,0,0,0,0
4386,1,0,0,0,0
4387,1,0,0,0,0
4388,1,0,0,0,0
4389,1,0,0,0,0
4390,1,0,0,0,0
4391,1,0,0,0,0
4392,1,0,0,0,0
4393,1,0,0,0,0
4394,1,0,0,0,0
4395,1,0,0,0,0
4396,1,0,0,0,0
4397,1,0,0,0,0
4398,1,0,0,0,0
4399,1,0,0,0,0
4400,1,0,0,0,0
4401,1,0,0,0,0
4402,1,0,0,0,0
4403,1,0,0,0,0
4404,1,0,0,0,0
4405,1,0,0,0,0
4406,1,0,0,0,0
4407,1,0,0,0,0
4408,1,0,0,0,0
4409,1,0,0,0,0
4410,1,0,0,0,0
4411,1,0,0,0,0
4412,1,0,0,0,0
4413,1,0,0,0,0
4414,1,0,0,0,0
4415,1,0,0,0,0
4416,1,0,0,0,0
4417,1,0,0,0,0
4418,1,0,0,0,0
4419,1,0,0,0,0
4420,1,0,0,0,0
4421,1,0,0,0,0
4422,1,0,0,0,0
4423,1,0,0,0,0
4424,1,0,0,0,0
4425,1,0,0,0,0
4426,1,0,0,0,0
4427,1,0,0,0,0
4428,1,0,0,0,0
4429,1,0,0,0,0
4430,1,0,0,0,0
4431,1,0,0,0,0
4432,1,0,0,0,0
4433,1,0,0,0,0
4434,1,0,0,0,0
4435,1,0,0,0,0
4436,1,0,0,0,0
4437,1,0,0,0,0
4438,1,0,0,0,0
4439,1,0,0,0,0
4440,1,0,0,0,0
4441,1,0,0,0,0
4442,1,0,0,0,0
4443,1,0,0,0,0
4444,1,0,0,0,0
4445,1,0,0,0,0
4446,1,0,0,0,0
4447,1,0,0,0,0
4448,1,0,0,0,0
4449,1,0,0,0,0
4450,1,0,0,0,0
4451,1,0,0,0,0
4452,1,0,0,0,0
4453,1,0,0,0,0
4454,1,0,0,0,0
4455,1,0,0,0,0
4456,1,0,0,0,0
4457,1,0,0,0,0
4458,1,0,0,0,0
4459,1,0,0,0,0
4460,1,0,0,0,0
4461,1,0,0,0,0
4462,1,0,0,0,0
4463,1,0,0,0,0
4464,1,0,0,0,0
4465,1,0,0,0,0
4466,1,0,0,0,0
4467,1,0,0,0,0
4468,1,0,0,0,0
4469,1,0,0,0,0
4470,1,0,0,0,0
4471,1,0,0,0,0
4472,1,0,0,0,0
4473,1,0,0,0,0
4474,1,0,0,0,0
4475,1,0,0,0,0
4476,1,0,0,0,0
4477,1,0,0,0,0
4478,1,0,0,0,0
4479,1,0,0,0,0
4480,1,0,0,0,0
4481,1,0,0,0,0
4482,1,0,0,0,0
4483,1,0,0,0,0
4484,1,0,0,0,0
4485,1,0,0,0,0
4486,1,0,0,0,0
4487,1,0,0,0,0
4488,1,0,0,0,0
4489,1,0,0,0,0
4490,1,0,0,0,0
4491,1,0,0,0,0
4492,1,0,0,0,0
4493,1,0,0,0,0
4494,1,0,0,0,0
4495,1,0,0,0,0
4496,1,0,0,0,0
4497,1,0,0,0,0
4498,1,0,0,0,0
4499,1,0,0,0,0
4500,1,0,0,0,0
4501,1,0,0,0,0
4502,1,0,0,0,0
4503,1,0,0,0,0
4504,1,0,0,0,0
4505,1,0,0,0,0
4506,1,0,0,0,0
4507,1,0,0,0,0
4508,1,0,0,0,0
4509,1,0,0,0,0
4510,1,0,0,0,0
4511,1,0,0,0,0
4512,1,0,0,0,0
4513,1,0,0,0,0
4514,1,0,0,0,0
4515,1,0,0,0,0
4516,1,0,0,0,0
4517,1,0,0,0,0
4518,1,0,0,0,0
4519,1,0,0,0,0
4520,1,0,0,0,0
4521,1,0,0,0,0
4522,1,0,0,0,0
4523,1,0,0,0,0
4524,1,0,0,0,0
4525,1,0,0,0,0
4526,1,0,0,0,0
4527,1,0,0,0,0
4528,1,0,0,0,0
4529,1,0,0,0,0
4530,0,0,0,0,1
4531,0,0,0,0,1
4532,0,0,0,0,1
4533,0,0,0,0,1
4534,0,0,0,0,1
4535,0,0,0,0,1
4536,0,0,0,0,1
4537,0,0,0,0,1
4538,0,0,0,0,1
4539,0,0,0,0,1
4540,0,0,0,0,1
4541,0,0,0,0,1
4542,0,0,0,0,1
4543,0,0,0,0,1
4544,0,0,0,0,1
4545,0,0,0,0,1
4546,0,0,0,0,1
4547,0,0,0,0,1
4548,0,0,0,0,1
4549,0,0,0,0,1
4550,0,0,0,0,1
4551,0,0,0,0,1
4552,0,0,0,0,1
4553,0,0,0,0,1
4554,0,0,0,0,1
4555,0,0,0,0,1
4556,0,0,0,0,1
4557,0,0,0,0,1
4558,0,0,0,0,1
4559,0,0,0,0,1
4560,0,0,0,0,1
4561,0,0,0,0,1
4562,0,0,0,0,1
4563,0,0,0,0,1
4564,0,0,0,0,1
4565,0,0,0,0,1
4566,0,0,0,0,1
4567,0,0,0,0,1
4568,0,0,0,0,1
4569,0,0,0,0,1
4570,0,0,0,0,1
4571,0,0,0,0,1
4572,0,0,0,0,1
4573,0,0,0,0,1
4574,0,0,0,0,1
4575,0,0,0,0,1
4576,0,0,0,0,1
4577,0,0,0,0,1
4578,0,0,0,0,1
4579,0,0,0,0,1
4580,0,0,0,0,1
4581,0,0,0,0,1
4582,0,0,0,0,1
4583,0,0,0,0,1
4584,0,0,0,0,1
4585,0,0,0,0,1
4586,0,0,0,0,1
4587,0,0,0,0,1
4588,0,0,0,0,1
4589,0,0,0,0,1
4590,0,0,0,0,1
4591,0,0,0,0,1
4592,0,0,0,0,1
4593,0,0,0,0,1
4594,0,0,0,0,1
4595,0,0,0,0,1
4596,0,0,0,0,1
4597,0,0,0,0,1
4598,0,0,0,0,1
4599,0,0,0,0,1
4600,0,0,0,0,1
4601,0,0,0,0,1
4602,0,0,0,0,1
4603,0,0,0,0,1
4604,0,0,0,0,1
4605,0,0,0,0,1
4606,0,0,0,0,1
4607,0,0,0,0,1
4608,0,0,0,0,1
4609,0,0,0,0,1
4610,0,0,0,0,1
4611,0,0,0,0,1
4612,0,0,0,0,1
4613,0,0,0,0,1
4614,0,0,0,0,1
4615,0,0,0,0,1
4616,0,0,0,0,1
4617,0,0,0,0,1
4618,0,0,0,0,1
4619,0,0,0,0,1
4620,0,0,0,0,1
4621,0,0,0,0,1
4622,0,0,0,0,1
4623,0,0,0,0,1
4624,0,0,0,0,1
4625,0,0,0,0,1
4626,0,0,0,0,1
4627,1,0,0,0,0
4628,1,0,0,0,0
4629,1,0,0,0,0
4630,1,0,0,0,0
4631,1,0,0,0,0
4632,1,0,0,0,0
4633,1,0,0,0,0
4634,1,0,0,0,0
4635,1,0,0,0,0
4636,1,0,0,0,0
4637,1,0,0,0,0
4638,1,0,0,0,0
4639,1,0,0,0,0
4640,1,0,0,0,0
4641,1,0,0,0,0
4642,1,0,0,0,0
4643,1,0,0,0,0
4644,1,0,0,0,0
4645,1,0,0,0,0
4646,1,0,0,0,0
4647,1,0,0,0,0
4648,1,0,0,0,0
4649,1,0,0,0,0
4650,1,0,0,0,0
4651,1,0,0,0,0
4652,1,0,0,0,0
4653,1,0,0,0,0
4654,1,0,0,0,0
4655,1,0,0,0,0
4656,1,0,0,0,0
4657,1,0,0,0,0
4658,1,0,0,0,0
4659,1,0,0,0,0
4660,1,0,0,0,0
4661,1,0,0,0,0
4662,1,0,0,0,0
4663,1,0,0,0,0
4664,1,0,0,0,0
4665,1,0,0,0,0
4666,1,0,0,0,0
4667,1,0,0,0,0
4668,1,0,0,0,0
4669,1,0,0,0,0
4670,1,0,0,0,0
4671,1,0,0,0,0
4672,1,0,0,0,0
4673,1,0,0,0,0
4674,1,0,0,0,0
4675,1,0,0,0,0
4676,1,0,0,0,0
4677,1,0,0,0,0
4678,1,0,0,0,0
4679,1,0,0,0,0
4680,1,0,0,0,0
4681,1,0,0,0,0
4682,1,0,0,0,0
4683,1,0,0,0,0
4684,1,0,0,0,0
4685,1,0,0,0,0
4686,1,0,0,0,0
4687,1,0,0,0,0
4688,1,0,0,0,0
4689,1,0,0,0,0
4690,0,0,0,0,1
4691,0,0,0,0,1
4692,0,0,0,0,1
4693,0,0,0,0,1
4694,0,0,0,0,1
4695,0,0,0,0,1
4696,0,0,0,0,1
4697,0,0,0,0,1
4698,0,0,0,0,1
4699,0,0,0,0,1
4700,0,0,0,0,1
4701,0,0,0,0,1
4702,0,0,0,0,1
4703,0,0,0,0,1
4704,0,0,0,0,1
4705,0,0,0,0,1
4706,0,0,0,0,1
4707,0,0,0,0,1
4708,0,0,0,0,1
4709,0,0,0,0,1
4710,0,0,0,0,1
4711,0,0,0,0,1
4712,0,0,0,0,1
4713,0,0,0,0,1
4714,0,0,0,0,1
4715,0,0,0,0,1
4716,0,0,0,0,1
4717,0,0,0,0,1
4718,0,0,0,0,1
4719,0,0,0,0,1
4720,0,0,0,0,1
4721,0,0,0,0,1
4722,0,0,0,0,1
4723,0,0,0,0,1
4724,0,0,0,0,1
4725,0,0,0,0,1
4726,0,0,0,0,1
4727,0,0,0,0,1
4728,0,0,0,0,1
4729,0,0,0,0,1
4730,0,0,0,0,1
4731,0,0,0,0,1
4732,0,0,0,0,1
4733,0,0,0,0,1
4734,0,0,0,0,1
4735,0,0,0,0,1
4736,0,0,0,0,1
4737,0,0,0,0,1
4738,0,0,0,0,1
4739,0,0,0,0,1
4740,0,0,0,0,1
4741,0,0,0,0,1
4742,0,0,0,0,1
4743,1,0,0,0,0
4744,1,0,0,0,0
4745,1,0,0,0,0
4746,1,0,0,0,0
4747,1,0,0,0,0
4748,1,0,0,0,0
4749,1,0,0,0,0
4750,1,0,0,0,0
4751,1,0,0,0,0
4752,1,0,0,0,0
4753,1,0,0,0,0
4754,1,0,0,0,0
4755,1,0,0,0,0
4756,1,0,0,0,0
4757,1,0,0,0,0
4758,1,0,0,0,0
4759,1,0,0,0,0
4760,1,0,0,0,0
4761,1,0,0,0,0
4762,1,0,0,0,0
4763,1,0,0,0,0
4764,1,0,0,0,0
4765,1,0,0,0,0
4766,1,0,0,0,0
4767,1,0,0,0,0
4768,1,0,0,0,0
4769,1,0,0,0,0
4770,1,0,0,0,0
4771,1,0,0,0,0
4772,1,0,0,0,0
4773,1,0,0,0,0
4774,1,0,0,0,0
4775,1,0,0,0,0
4776,1,0,0,0,0
4777,1,0,0,0,0
4778,1,0,0,0,0
4779,1,0,0,0,0
4780,1,0,0,0,0
4781,1,0,0,0,0
4782,1,0,0,0,0
4783,1,0,0,0,0
4784,1,0,0,0,0
4785,1,0,0,0,0
4786,1,0,0,0,0
4787,1,0,0,0,0
4788,1,0,0,0,0
4789,1,0,0,0,0
4790,1,0,0,0,0
4791,1,0,0,0,0
4792,1,0,0,0,0
4793,1,0,0,0,0
4794,1,0,0,0,0
4795,1,0,0,0,0
4796,1,0,0,0,0
4797,1,0,0,0,0
4798,1,0,0,0,0
4799,1,0,0,0,0
4800,1,0,0,0,0
4801,1,0,0,0,0
4802,1,0,0,0,0
4803,1,0,0,0,0
4804,1,0,0,0,0
4805,1,0,0,0,0
4806,1,0,0,0,0
4807,1,0,0,0,0
4808,1,0,0,0,0
4809,1,0,0,0,0
4810,1,0,0,0,0
4811,1,0,0,0,0
4812,1,0,0,0,0
4813,1,0,0,0,0
4814,1,0,0,0,0
4815,1,0,0,0,0
4816,1,0,0,0,0
4817,1,0,0,0,0
4818,1,0,0,0,0
4819,1,0,0,0,0
4820,1,0,0,0,0
4821,1,0,0,0,0
4822,1,0,0,0,0
4823,1,0,0,0,0
4824,1,0,0,0,0
4825,1,0,0,0,0
4826,1,0,0,0,0
4827,1,0,0,0,0
4828,1,0,0,0,0
4829,1,0,0,0,0
4830,1,0,0,0,0
4831,1,0,0,0,0
4832,1,0,0,0,0
4833,1,0,0,0,0
4834,1,0,0,0,0
4835,1,0,0,0,0
4836,1,0,0,0,0
4837,1,0,0,0,0
4838,1,0,0,0,0
4839,1,0,0,0,0
4840,1,0,0,0,0
4841,1,0,0,0,0
4842,1,0,0,0,0
4843,1,0,0,0,0
4844,1,0,0,0,0
4845,1,0,0,0,0
4846,1,0,0,0,0
4847,1,0,0,0,0
4848,0,0,0,1,0
4849,0,0,0,1,0
4850,0,0,0,1,0
4851,0,0,0,1,0
4852,0,0,0,1,0
4853,0,0,0,1,0
4854,0,0,0,1,0
4855,0,0,0,1,0
4856,0,0,0,1,0
4857,0,0,0,1,0
4858,0,0,0,1,0
4859,0,0,0,1,0
4860,0,0,0,1,0
4861,0,0,0,1,0
4862,0,0,0,1,0
4863,0,0,0,1,0
4864,0,0,0,1,0
4865,0,0,0,1,0
4866,0,0,0,1,0
4867,0,0,0,1,0
4868,0,0,0,1,0
4869,0,0,0,1,0
4870,0,0,0,1,0
4871,0,0,0,1,0
4872,0,0,0,1,0
4873,0,0,0,1,0
4874,0,0,0,1,0
4875,0,0,0,1,0
4876,0,0,0,1,0
4877,0,0,0,1,0
4878,0,0,0,1,0
4879,0,0,0,1,0
4880,0,0,0,1,0
4881,0,0,0,1,0
4882,0,0,0,1,0
4883,0,0,0,1,0
4884,0,0,0,1,0
4885,0,0,0,1,0
4886,0,0,0,1,0
4887,0,0,0,1,0
4888,0,0,0,1,0
4889,0,0,0,1,0
4890,0,0,0,1,0
4891,0,0,0,1,0
4892,0,0,0,1,0
4893,0,0,0,1,0
4894,1,0,0,0,0
4895,1,0,0,0,0
4896,1,0,0,0,0
4897,1,0,0,0,0
4898,1,0,0,0,0
4899,1,0,0,0,0
4900,1,0,0,0,0
4901,1,0,0,0,0
4902,1,0,0,0,0
4903,1,0,0,0,0
4904,1,0,0,0,0
4905,1,0,0,0,0
4906,1,0,0,0,0
4907,1,0,0,0,0
4908,1,0,0,0,0
4909,1,0,0,0,0
4910,1,0,0,0,0
4911,1,0,0,0,0
4912,1,0,0,0,0
4913,1,0,0,0,0
4914,1,0,0,0,0
4915,1,0,0,0,0
4916,1,0,0,0,0
4917,1,0,0,0,0
4918,1,0,0,0,0
4919,1,0,0,0,0
4920,1,0,0,0,0
4921,1,0,0,0,0
4922,0,0,1,0,0
4923,0,0,1,0,0
4924,0,0,1,0,0
4925,0,0,1,0,0
4926,0,0,1,0,0
4927,0,0,1,0,0
4928,0,0,1,0,0
4929,0,0,1,0,0
4930,0,0,1,0,0
4931,0,0,1,0,0
4932,0,0,0,1,0
4933,0,0,0,1,0
4934,0,0,0,1,0
4935,0,0,0,1,0
4936,0,0,0,1,0
4937,0,0,0,1,0
4938,0,0,0,1,0
4939,0,0,0,1,0
4940,0,0,0,1,0
4941,0,0,0,1,0
4942,0,0,0,1,0
4943,0,0,0,1,0
4944,1,0,0,0,0
4945,1,0,0,0,0
4946,1,0,0,0,0
4947,1,0,0,0,0
4948,1,0,0,0,0
4949,1,0,0,0,0
4950,1,0,0,0,0
4951,1,0,0,0,0
4952,1,0,0,0,0
4953,1,0,0,0,0
4954,1,0,0,0,0
4955,1,0,0,0,0
4956,1,0,0,0,0
4957,1,0,0,0,0
4958,1,0,0,0,0
4959,1,0,0,0,0
4960,1,0,0,0,0
4961,1,0,0,0,0
4962,1,0,0,0,0
4963,1,0,0,0,0
4964,1,0,0,0,0
4965,1,0,0,0,0
4966,1,0,0,0,0
4967,1,0,0,0,0
4968,1,0,0,0,0
4969,1,0,0,0,0
4970,1,0,0,0,0
4971,1,0,0,0,0
4972,1,0,0,0,0
4973,1,0,0,0,0
4974,1,0,0,0,0
4975,1,0,0,0,0
4976,1,0,0,0,0
4977,1,0,0,0,0
4978,1,0,0,0,0
4979,1,0,0,0,0
4980,1,0,0,0,0
4981,1,0,0,0,0
4982,1,0,0,0,0
4983,1,0,0,0,0
4984,1,0,0,0,0
4985,1,0,0,0,0
4986,1,0,0,0,0
4987,1,0,0,0,0
4988,1,0,0,0,0
4989,1,0,0,0,0
4990,1,0,0,0,0
4991,1,0,0,0,0
4992,1,0,0,0,0
4993,1,0,0,0,0
4994,1,0,0,0,0
4995,1,0,0,0,0
4996,1,0,0,0,0
4997,1,0,0,0,0
4998,0,1,0,0,0
4999,0,1,0,0,0
5000,0,1,0,0,0
5001,0,1,0,0,0
5002,0,1,0,0,0
5003,0,1,0,0,0
5004,0,1,0,0,0
5005,0,1,0,0,0
5006,0,1,0,0,0
5007,0,1,0,0,0
5008,0,1,0,0,0
5009,0,1,0,0,0
5010,0,1,0,0,0
5011,0,1,0,0,0
5012,0,1,0,0,0
5013,0,1,0,0,0
5014,0,1,0,0,0
5015,0,1,0,0,0
5016,0,1,0,0,0
5017,0,1,0,0,0
5018,0,1,0,0,0
5019,0,1,0,0,0
5020,0,1,0,0,0
5021,0,1,0,0,0
5022,0,1,0,0,0
5023,0,1,0,0,0
5024,1,0,0,0,0
5025,1,0,0,0,0
5026,1,0,0,0,0
5027,1,0,0,0,0
5028,1,0,0,0,0
5029,1,0,0,0,0
5030,1,0,0,0,0
5031,1,0,0,0,0
5032,1,0,0,0,0
5033,1,0,0,0,0
5034,1,0,0,0,0
5035,1,0,0,0,0
5036,1,0,0,0,0
5037,1,0,0,0,0
5038,1,0,0,0,0
5039,1,0,0,0,0
5040,1,0,0,0,0
5041,1,0,0,0,0
5042,1,0,0,0,0
5043,1,0,0,0,0
5044,1,0,0,0,0
5045,1,0,0,0,0
5046,1,0,0,0,0
5047,1,0,0,0,0
5048,1,0,0,0,0
5049,1,0,0,0,0
5050,1,0,0,0,0
5051,1,0,0,0,0
5052,1,0,0,0,0
5053,1,0,0,0,0
5054,1,0,0,0,0
5055,1,0,0,0,0
5056,1,0,0,0,0
5057,1,0,0,0,0
5058,1,0,0,0,0
5059,1,0,0,0,0
5060,1,0,0,0,0
5061,1,0,0,0,0
5062,1,0,0,0,0
5063,1,0,0,0,0
5064,1,0,0,0,0
5065,1,0,0,0,0
5066,1,0,0,0,0
5067,1,0,0,0,0
5068,1,0,0,0,0
5069,1,0,0,0,0
5070,1,0,0,0,0
5071,1,0,0,0,0
5072,1,0,0,0,0
5073,1,0,0,0,0
5074,1,0,0,0,0
5075,1,0,0,0,0
5076,1,0,0,0,0
5077,1,0,0,0,0
5078,1,0,0,0,0
5079,1,0,0,0,0
5080,1,0,0,0,0
5081,1,0,0,0,0
5082,1,0,0,0,0
5083,1,0,0,0,0
5084,1,0,0,0,0
5085,1,0,0,0,0
5086,1,0,0,0,0
5087,1,0,0,0,0
5088,1,0,0,0,0
5089,1,0,0,0,0
5090,1,0,0,0,0
5091,1,0,0,0,0
5092,1,0,0,0,0
5093,1,0,0,0,0
5094,1,0,0,0,0
5095,1,0,0,0,0
5096,1,0,0,0,0
5097,1,0,0,0,0
5098,1,0,0,0,0
5099,1,0,0,0,0
5100,1,0,0,0,0
5101,1,0,0,0,0
5102,1,0,0,0,0
5103,1,0,0,0,0
5104,1,0,0,0,0
5105,1,0,0,0,0
5106,1,0,0,0,0
5107,1,0,0,0,0
5108,1,0,0,0,0
5109,1,0,0,0,0
5110,1,0,0,0,0
5111,1,0,0,0,0
5112,1,0,0,0,0
5113,1,0,0,0,0
5114,1,0,0,0,0
5115,1,0,0,0,0
5116,1,0,0,0,0
5117,1,0,0,0,0
5118,1,0,0,0,0
5119,1,0,0,0,0
5120,1,0,0,0,0
5121,1,0,0,0,0
5122,1,0,0,0,0
5123,1,0,0,0,0
5124,1,0,0,0,0
5125,1,0,0,0,0
5126,1,0,0,0,0
5127,1,0,0,0,0
5128,1,0,0,0,0
5129,1,0,0,0,0
5130,1,0,0,0,0
5131,1,0,0,0,0
5132,1,0,0,0,0
5133,1,0,0,0,0
5134,1,0,0,0,0
5135,1,0,0,0,0
5136,1,0,0,0,0
5137,1,0,0,0,0
5138,1,0,0,0,0
5139,1,0,0,0,0
5140,1,0,0,0,0
5141,1,0,0,0,0
5142,1,0,0,0,0
5143,1,0,0,0,0
5144,1,0,0,0,0
5145,1,0,0,0,0
5146,1,0,0,0,0
5147,1,0,0,0,0
5148,1,0,0,0,0
5149,1,0,0,0,0
5150,1,0,0,0,0
5151,1,0,0,0,0
5152,1,0,0,0,0
5153,1,0,0,0,0
5154,1,0,0,0,0
5155,1,0,0,0,0
5156,1,0,0,0,0
5157,1,0,0,0,0
5158,1,0,0,0,0
5159,1,0,0,0,0
5160,1,0,0,0,0
5161,1,0,0,0,0
5162,1,0,0,0,0
5163,0,0,0,0,1
5164,0,0,0,0,1
5165,0,0,0,0,1
5166,0,0,0,0,1
5167,0,0,0,0,1
5168,0,0,0,0,1
5169,0,0,0,0,1
5170,0,0,0,0,1
5171,0,0,0,0,1
5172,0,0,0,0,1
5173,0,0,0,0,1
5174,0,0,0,0,1
5175,0,0,0,0,1
5176,0,0,0,0,1
5177,0,0,0,0,1
5178,0,0,0,0,1
5179,0,0,0,0,1
5180,0,0,0,0,1
5181,0,0,0,0,1
5182,0,0,0,0,1
5183,0,0,0,0,1
5184,0,0,0,0,1
5185,0,0,0,0,1
5186,0,0,0,0,1
5187,0,0,0,0,1
5188,0,0,0,0,1
5189,0,0,0,0,1
5190,0,0,0,0,1
5191,0,0,0,0,1
5192,0,0,0,0,1
5193,0,0,0,0,1
5194,0,0,0,0,1
5195,0,0,0,0,1
5196,0,0,0,0,1
5197,0,0,0,0,1
5198,0,0,0,0,1
5199,0,0,0,0,1
5200,0,0,0,0,1
5201,0,0,0,0,1
5202,0,0,0,0,1
5203,0,0,0,0,1
5204,0,0,0,0,1
5205,0,0,0,0,1
5206,0,0,0,0,1
5207,0,0,0,0,1
5208,0,0,0,0,1
5209,0,0,0,0,1
5210,0,0,0,0,1
5211,0,0,0,0,1
5212,0,0,0,0,1
5213,0,0,0,0,1
5214,0,0,0,0,1
5215,0,0,0,0,1
5216,0,0,0,0,1
5217,0,0,0,0,1
5218,0,0,0,0,1
5219,0,0,0,0,1
5220,0,0,0,0,1
5221,0,0,0,0,1
5222,0,0,0,0,1
5223,0,0,0,0,1
5224,0,0,0,0,1
5225,0,0,0,0,1
5226,0,0,0,0,1
5227,0,0,0,0,1
5228,0,0,0,0,1
5229,0,0,0,0,1
5230,0,0,0,0,1
5231,0,0,0,0,1
5232,0,0,0,0,1
5233,0,0,0,0,1
5234,0,0,0,0,1
5235,0,0,0,0,1
5236,0,0,0,0,1
5237,0,0,0,0,1
5238,0,0,0,0,1
5239,0,0,0,0,1
5240,0,0,0,0,1
5241,0,0,0,0,1
5242,0,0,0,0,1
5243,0,0,0,0,1
5244,0,0,0,0,1
5245,0,0,0,0,1
5246,0,0,0,0,1
5247,0,0,0,0,1
5248,0,0,0,0,1
5249,0,0,0,0,1
5250,0,0,0,0,1
5251,0,0,0,0,1
5252,0,0,0,0,1
5253,0,0,0,0,1
5254,0,0,0,0,1
5255,0,0,0,0,1
5256,0,0,0,0,1
5257,0,0,0,0,1
5258,0,0,0,0,1
5259,0,0,0,0,1
5260,0,0,0,0,1
5261,0,0,0,0,1
5262,0,0,0,0,1
5263,0,0,0,0,1
5264,0,0,0,0,1
5265,0,0,0,0,1
5266,0,0,0,0,1
5267,0,0,0,0,1
5268,0,0,0,0,1
5269,0,0,0,0,1
5270,0,0,0,0,1
5271,0,0,0,0,1
5272,0,0,0,0,1
5273,0,0,0,0,1
5274,0,0,0,0,1
5275,0,0,0,0,1
5276,0,0,0,0,1
5277,0,0,0,0,1
5278,0,0,0,0,1
5279,0,0,0,0,1
5280,0,0,0,0,1
5281,0,0,0,0,1
5282,0,0,0,0,1
5283,0,0,0,0,1
5284,0,0,0,0,1
5285,0,0,0,0,1
5286,0,0,0,0,1
5287,0,0,0,0,1
5288,0,0,0,0,1
5289,0,0,0,0,1
5290,0,0,0,0,1
5291,0,0,0,0,1
5292,0,0,0,0,1
5293,0,0,0,0,1
5294,0,0,0,0,1
5295,0,0,0,0,1
5296,0,0,0,0,1
5297,0,0,0,0,1
5298,0,0,0,0,1
5299,0,0,0,0,1
5300,0,0,0,0,1
5301,0,0,0,0,1
5302,0,0,0,0,1
5303,0,0,0,0,1
5304,0,0,0,0,1
5305,0,0,0,0,1
5306,0,0,0,0,1
5307,0,0,0,0,1
5308,0,0,0,0,1
5309,0,0,0,0,1
5310,0,0,0,0,1
5311,0,0,0,0,1
5312,0,0,0,0,1
5313,0,0,0,0,1
5314,0,0,0,0,1
5315,1,0,0,0,0
5316,1,0,0,0,0
5317,1,0,0,0,0
5318,1,0,0,0,0
5319,1,0,0,0,0
5320,1,0,0,0,0
5321,1,0,0,0,0
5322,1,0,0,0,0
5323,1,0,0,0,0
5324,1,0,0,0,0
5325,1,0,0,0,0
5326,1,0,0,0,0
5327,1,0,0,0,0
5328,1,0,0,0,0
5329,1,0,0,0,0
5330,1,0,0,0,0
5331,1,0,0,0,0
5332,1,0,0,0,0
5333,1,0,0,0,0
5334,1,0,0,0,0
5335,1,0,0,0,0
5336,1,0,0,0,0
5337,1,0,0,0,0
5338,1,0,0,0,0
5339,1,0,0,0,0
5340,1,0,0,0,0
5341,1,0,0,0,0
5342,1,0,0,0,0
5343,1,0,0,0,0
5344,1,0,0,0,0
5345,1,0,0,0,0
5346,1,0,0,0,0
5347,1,0,0,0,0
5348,1,0,0,0,0
5349,1,0,0,0,0
5350,1,0,0,0,0
5351,1,0,0,0,0
5352,1,0,0,0,0
5353,1,0,0,0,0
5354,1,0,0,0,0
5355,1,0,0,0,0
5356,1,0,0,0,0
5357,1,0,0,0,0
5358,1,0,0,0,0
5359,1,0,0,0,0
5360,1,0,0,0,0
5361,1,0,0,0,0
5362,1,0,0,0,0
5363,1,0,0,0,0
5364,1,0,0,0,0
5365,1,0,0,0,0
5366,1,0,0,0,0
5367,1,0,0,0,0
5368,1,0,0,0,0
5369,1,0,0,0,0
5370,1,0,0,0,0
5371,1,0,0,0,0
5372,1,0,0,0,0
5373,1,0,0,0,0
5374,1,0,0,0,0
5375,1,0,0,0,0
5376,1,0,0,0,0
5377,1,0,0,0,0
5378,1,0,0,0,0
5379,1,0,0,0,0
5380,1,0,0,0,0
5381,1,0,0,0,0
5382,1,0,0,0,0
5383,1,0,0,0,0
5384,1,0,0,0,0
5385,1,0,0,0,0
5386,1,0,0,0,0
5387,1,0,0,0,0
5388,1,0,0,0,0
5389,1,0,0,0,0
5390,1,0,0,0,0
5391,1,0,0,0,0
5392,1,0,0,0,0
5393,1,0,0,0,0
5394,1,0,0,0,0
5395,1,0,0,0,0
5396,1,0,0,0,0
5397,1,0,0,0,0
5398,1,0,0,0,0
5399,1,0,0,0,0
5400,1,0,0,0,0
5401,1,0,0,0,0
5402,1,0,0,0,0
5403,1,0,0,0,0
5404,1,0,0,0,0
5405,0,1,0,0,0
5406,0,1,0,0,0
5407,0,1,0,0,0
5408,0,1,0,0,0
5409,0,1,0,0,0
5410,0,1,0,0,0
5411,0,1,0,0,0
5412,0,1,0,0,0
5413,0,1,0,0,0
5414,0,1,0,0,0
5415,0,1,0,0,0
5416,0,1,0,0,0
5417,0,1,0,0,0
5418,0,1,0,0,0
5419,0,1,0,0,0
5420,0,1,0,0,0
5421,0,1,0,0,0
5422,0,1,0,0,0
5423,0,1,0,0,0
5424,0,1,0,0,0
5425,0,1,0,0,0
5426,0,1,0,0,0
5427,0,1,0,0,0
5428,0,1,0,0,0
5429,0,1,0,0,0
5430,0,1,0,0,0
5431,0,1,0,0,0
5432,0,1,0,0,0
5433,0,1,0,0,0
5434,0,1,0,0,0
5435,0,1,0,0,0
5436,0,1,0,0,0
5437,0,1,0,0,0
5438,0,1,0,0,0
5439,1,0,0,0,0
5440,1,0,0,0,0
5441,1,0,0,0,0
5442,1,0,0,0,0
5443,1,0,0,0,0
5444,1,0,0,0,0
5445,1,0,0,0,0
5446,1,0,0,0,0
5447,1,0,0,0,0
5448,1,0,0,0,0
5449,1,0,0,0,0
5450,1,0,0,0,0
5451,1,0,0,0,0
5452,1,0,0,0,0
5453,1,0,0,0,0
5454,1,0,0,0,0
5455,1,0,0,0,0
5456,1,0,0,0,0
5457,1,0,0,0,0
5458,1,0,0,0,0
5459,1,0,0,0,0
5460,1,0,0,0,0
5461,1,0,0,0,0
5462,1,0,0,0,0
5463,1,0,0,0,0
5464,1,0,0,0,0
5465,1,0,0,0,0
5466,1,0,0,0,0
5467,1,0,0,0,0
5468,1,0,0,0,0
5469,1,0,0,0,0
5470,1,0,0,0,0
5471,1,0,0,0,0
5472,1,0,0,0,0
5473,1,0,0,0,0
5474,1,0,0,0,0
5475,1,0,0,0,0
5476,1,0,0,0,0
5477,1,0,0,0,0
5478,1,0,0,0,0
5479,1,0,0,0,0
5480,1,0,0,0,0
5481,1,0,0,0,0
5482,1,0,0,0,0
5483,1,0,0,0,0
5484,1,0,0,0,0
5485,1,0,0,0,0
5486,1,0,0,0,0
5487,1,0,0,0,0
5488,1,0,0,0,0
5489,1,0,0,0,0
5490,1,0,0,0,0
5491,0,0,0,0,1
5492,0,0,0,0,1
5493,0,0,0,0,1
5494,0,0,0,0,1
5495,0,0,0,0,1
5496,0,0,0,0,1
5497,0,0,0,0,1
5498,0,0,0,0,1
5499,0,0,0,0,1
5500,0,0,0,0,1
5501,0,0,0,0,1
5502,0,0,0,0,1
5503,0,0,0,0,1
5504,0,0,0,0,1
5505,0,0,0,0,1
5506,0,0,0,0,1
5507,0,0,0,0,1
5508,0,0,0,0,1
5509,0,0,0,0,1
5510,0,0,0,0,1
5511,0,0,0,0,1
5512,0,0,0,0,1
5513,0,0,0,0,1
5514,0,0,0,0,1
5515,0,0,0,0,1
5516,1,0,0,0,0
5517,1,0,0,0,0
5518,1,0,0,0,0
5519,1,0,0,0,0
5520,1,0,0,0,0
5521,1,0,0,0,0
5522,1,0,0,0,0
5523,1,0,0,0,0
5524,1,0,0,0,0
5525,1,0,0,0,0
5526,1,0,0,0,0
5527,1,0,0,0,0
5528,1,0,0,0,0
5529,1,0,0,0,0
5530,1,0,0,0,0
5531,1,0,0,0,0
5532,1,0,0,0,0
5533,1,0,0,0,0
5534,1,0,0,0,0
5535,1,0,0,0,0
5536,1,0,0,0,0
5537,1,0,0,0,0
5538,1,0,0,0,0
5539,1,0,0,0,0
5540,1,0,0,0,0
5541,1,0,0,0,0
5542,1,0,0,0,0
5543,1,0,0,0,0
5544,1,0,0,0,0
5545,1,0,0,0,0
5546,1,0,0,0,0
5547,1,0,0,0,0
5548,1,0,0,0,0
5549,1,0,0,0,0
5550,1,0,0,0,0
5551,1,0,0,0,0
5552,1,0,0,0,0
5553,1,0,0,0,0
5554,1,0,0,0,0
5555,1,0,0,0,0
5556,1,0,0,0,0
5557,1,0,0,0,0
5558,1,0,0,0,0
5559,1,0,0,0,0
5560,1,0,0,0,0
5561,1,0,0,0,0
5562,1,0,0,0,0
5563,1,0,0,0,0
5564,1,0,0,0,0
5565,1,0,0,0,0
5566,1,0,0,0,0
5567,1,0,0,0,0
5568,1,0,0,0,0
5569,1,0,0,0,0
5570,1,0,0,0,0
5571,1,0,0,0,0
5572,1,0,0,0,0
5573,1,0,0,0,0
5574,1,0,0,0,0
5575,1,0,0,0,0
5576,1,0,0,0,0
5577,1,0,0,0,0
5578,1,0,0,0,0
5579,1,0,0,0,0
5580,1,0,0,0,0
5581,1,0,0,0,0
5582,1,0,0,0,0
5583,1,0,0,0,0
5584,1,0,0,0,0
5585,1,0,0,0,0
5586,1,0,0,0,0
5587,1,0,0,0,0
5588,1,0,0,0,0
5589,1,0,0,0,0
5590,1,0,0,0,0
5591,1,0,0,0,0
5592,1,0,0,0,0
5593,1,0,0,0,0
5594,1,0,0,0,0
5595,1,0,0,0,0
5596,1,0,0,0,0
5597,1,0,0,0,0
5598,1,0,0,0,0
5599,1,0,0,0,0
5600,1,0,0,0,0
5601,1,0,0,0,0
5602,1,0,0,0,0
5603,1,0,0,0,0
5604,1,0,0,0,0
5605,1,0,0,0,0
5606,1,0,0,0,0
5607,1,0,0,0,0
5608,1,0,0,0,0
5609,1,0,0,0,0
5610,1,0,0,0,0
5611,1,0,0,0,0
5612,1,0,0,0,0
5613,1,0,0,0,0
5614,1,0,0,0,0
5615,1,0,0,0,0
5616,1,0,0,0,0
5617,1,0,0,0,0
5618,1,0,0,0,0
5619,1,0,0,0,0
5620,1,0,0,0,0
5621,1,0,0,0,0
5622,1,0,0,0,0
5623,1,0,0,0,0
5624,1,0,0,0,0
5625,1,0,0,0,0
5626,1,0,0,0,0
5627,1,0,0,0,0
5628,1,0,0,0,0
5629,1,0,0,0,0
5630,1,0,0,0,0
5631,1,0,0,0,0
5632,1,0,0,0,0
5633,1,0,0,0,0
5634,1,0,0,0,0
5635,1,0,0,0,0
5636,1,0,0,0,0
5637,1,0,0,0,0
5638,1,0,0,0,0
5639,1,0,0,0,0
5640,1,0,0,0,0
5641,1,0,0,0,0
5642,1,0,0,0,0
5643,1,0,0,0,0
5644,1,0,0,0,0
5645,1,0,0,0,0
5646,1,0,0,0,0
5647,1,0,0,0,0
5648,1,0,0,0,0
5649,1,0,0,0,0
5650,1,0,0,0,0
5651,1,0,0,0,0
5652,1,0,0,0,0
5653,1,0,0,0,0
5654,1,0,0,0,0
5655,1,0,0,0,0
5656,1,0,0,0,0
5657,1,0,0,0,0
5658,1,0,0,0,0
5659,1,0,0,0,0
5660,1,0,0,0,0
5661,1,0,0,0,0
5662,1,0,0,0,0
5663,1,0,0,0,0
5664,1,0,0,0,0
5665,1,0,0,0,0
5666,1,0,0,0,0
5667,1,0,0,0,0
5668,1,0,0,0,0
5669,1,0,0,0,0
5670,1,0,0,0,0
5671,1,0,0,0,0
5672,1,0,0,0,0
5673,1,0,0,0,0
5674,1,0,0,0,0
5675,1,0,0,0,0
5676,1,0,0,0,0
5677,1,0,0,0,0
5678,1,0,0,0,0
5679,1,0,0,0,0
5680,1,0,0,0,0
5681,1,0,0,0,0
5682,1,0,0,0,0
5683,1,0,0,0,0
5684,1,0,0,0,0
5685,1,0,0,0,0
5686,1,0,0,0,0
5687,1,0,0,0,0
5688,1,0,0,0,0
5689,1,0,0,0,0
5690,1,0,0,0,0
5691,1,0,0,0,0
5692,1,0,0,0,0
5693,1,0,0,0,0
5694,1,0,0,0,0
5695,1,0,0,0,0
5696,1,0,0,0,0
5697,1,0,0,0,0
5698,1,0,0,0,0
5699,1,0,0,0,0
5700,0,0,0,0,1
5701,0,0,0,0,1
5702,0,0,0,0,1
5703,0,0,0,0,1
5704,0,0,0,0,1
5705,0,0,0,0,1
5706,0,0,0,0,1
5707,0,0,0,0,1
5708,0,0,0,0,1
5709,0,0,0,0,1
5710,0,0,0,0,1
5711,0,0,0,0,1
5712,0,0,0,0,1
5713,0,0,0,0,1
5714,0,0,0,0,1
5715,0,0,0,0,1
5716,0,0,0,0,1
5717,0,0,0,0,1
5718,0,0,0,0,1
5719,0,0,0,0,1
5720,0,0,0,0,1
5721,0,0,0,0,1
5722,0,0,0,0,1
5723,0,0,0,0,1
5724,0,0,0,0,1
5725,1,0,0,0,0
5726,1,0,0,0,0
5727,1,0,0,0,0
5728,1,0,0,0,0
5729,0,1,0,0,0
5730,0,1,0,0,0
5731,0,1,0,0,0
5732,0,1,0,0,0
5733,0,1,0,0,0
5734,0,1,0,0,0
5735,0,1,0,0,0
5736,0,1,0,0,0
5737,0,1,0,0,0
5738,0,1,0,0,0
5739,0,1,0,0,0
5740,0,1,0,0,0
5741,0,1,0,0,0
5742,0,1,0,0,0
5743,0,1,0,0,0
5744,0,1,0,0,0
5745,0,1,0,0,0
5746,0,1,0,0,0
5747,0,1,0,0,0
5748,0,1,0,0,0
5749,0,1,0,0,0
5750,0,1,0,0,0
5751,0,1,0,0,0
5752,0,1,0,0,0
5753,0,1,0,0,0
5754,0,1,0,0,0
5755,1,0,0,0,0
5756,1,0,0,0,0
5757,1,0,0,0,0
5758,1,0,0,0,0
5759,1,0,0,0,0
5760,1,0,0,0,0
5761,1,0,0,0,0
5762,1,0,0,0,0
5763,1,0,0,0,0
5764,1,0,0,0,0
5765,1,0,0,0,0
5766,1,0,0,0,0
5767,1,0,0,0,0
5768,1,0,0,0,0
5769,1,0,0,0,0
5770,1,0,0,0,0
5771,1,0,0,0,0
5772,1,0,0,0,0
5773,1,0,0,0,0
5774,1,0,0,0,0
5775,1,0,0,0,0
5776,1,0,0,0,0
5777,1,0,0,0,0
5778,1,0,0,0,0
5779,1,0,0,0,0
5780,1,0,0,0,0
5781,1,0,0,0,0
5782,1,0,0,0,0
5783,1,0,0,0,0
5784,1,0,0,0,0
5785,1,0,0,0,0
5786,1,0,0,0,0
5787,1,0,0,0,0
5788,1,0,0,0,0
5789,1,0,0,0,0
5790,1,0,0,0,0
5791,1,0,0,0,0
5792,1,0,0,0,0
5793,1,0,0,0,0
5794,1,0,0,0,0
5795,1,0,0,0,0
5796,1,0,0,0,0
5797,1,0,0,0,0
5798,1,0,0,0,0
5799,1,0,0,0,0
5800,1,0,0,0,0
5801,1,0,0,0,0
5802,1,0,0,0,0
5803,1,0,0,0,0
5804,1,0,0,0,0
5805,1,0,0,0,0
5806,1,0,0,0,0
5807,1,0,0,0,0
5808,1,0,0,0,0
5809,1,0,0,0,0
5810,1,0,0,0,0
5811,1,0,0,0,0
5812,1,0,0,0,0
5813,1,0,0,0,0
5814,1,0,0,0,0
5815,1,0,0,0,0
5816,1,0,0,0,0
5817,1,0,0,0,0
5818,1,0,0,0,0
5819,1,0,0,0,0
5820,1,0,0,0,0
5821,0,0,0,0,1
5822,0,0,0,0,1
5823,0,0,0,0,1
5824,0,0,0,0,1
5825,0,0,0,0,1
5826,0,0,0,0,1
5827,0,0,0,0,1
5828,0,0,0,0,1
5829,0,0,0,0,1
5830,0,0,0,0,1
5831,0,0,0,0,1
5832,0,0,0,0,1
5833,0,0,0,0,1
5834,0,0,0,0,1
5835,0,0,0,0,1
5836,0,0,0,0,1
5837,0,0,0,0,1
5838,0,0,0,0,1
5839,0,0,0,0,1
5840,0,0,0,0,1
5841,0,0,0,0,1
5842,0,0,0,0,1
5843,0,0,0,0,1
5844,0,0,0,0,1
5845,0,0,0,0,1
5846,0,0,0,0,1
5847,1,0,0,0,0
5848,1,0,0,0,0
5849,1,0,0,0,0
5850,1,0,0,0,0
5851,1,0,0,0,0
5852,1,0,0,0,0
5853,1,0,0,0,0
5854,1,0,0,0,0
5855,1,0,0,0,0
5856,1,0,0,0,0
5857,1,0,0,0,0
5858,1,0,0,0,0
5859,1,0,0,0,0
5860,1,0,0,0,0
5861,1,0,0,0,0
5862,1,0,0,0,0
5863,1,0,0,0,0
5864,1,0,0,0,0
5865,1,0,0,0,0
5866,1,0,0,0,0
5867,1,0,0,0,0
5868,1,0,0,0,0
5869,1,0,0,0,0
5870,1,0,0,0,0
5871,1,0,0,0,0
5872,1,0,0,0,0
5873,1,0,0,0,0
5874,1,0,0,0,0
5875,1,0,0,0,0
5876,1,0,0,0,0
5877,1,0,0,0,0
5878,1,0,0,0,0
5879,1,0,0,0,0
5880,1,0,0,0,0
5881,1,0,0,0,0
5882,1,0,0,0,0
5883,1,0,0,0,0
5884,1,0,0,0,0
5885,1,0,0,0,0
5886,1,0,0,0,0
5887,1,0,0,0,0
5888,1,0,0,0,0
5889,1,0,0,0,0
5890,1,0,0,0,0
5891,1,0,0,0,0
5892,1,0,0,0,0
5893,1,0,0,0,0
5894,1,0,0,0,0
5895,1,0,0,0,0
5896,1,0,0,0,0
5897,1,0,0,0,0
5898,1,0,0,0,0
5899,1,0,0,0,0
5900,1,0,0,0,0
5901,1,0,0,0,0
5902,1,0,0,0,0
5903,1,0,0,0,0
5904,1,0,0,0,0
5905,1,0,0,0,0
5906,1,0,0,0,0
5907,1,0,0,0,0
5908,1,0,0,0,0
5909,1,0,0,0,0
5910,1,0,0,0,0
5911,1,0,0,0,0
5912,1,0,0,0,0
5913,1,0,0,0,0
5914,1,0,0,0,0
5915,1,0,0,0,0
5916,1,0,0,0,0
5917,1,0,0,0,0
5918,1,0,0,0,0
5919,1,0,0,0,0
5920,1,0,0,0,0
5921,1,0,0,0,0
5922,1,0,0,0,0
5923,1,0,0,0,0
5924,1,0,0,0,0
5925,1,0,0,0,0
5926,1,0,0,0,0
5927,1,0,0,0,0
5928,1,0,0,0,0
5929,1,0,0,0,0
5930,1,0,0,0,0
5931,1,0,0,0,0
5932,1,0,0,0,0
5933,1,0,0,0,0
5934,1,0,0,0,0
5935,1,0,0,0,0
5936,1,0,0,0,0
5937,1,0,0,0,0
5938,1,0,0,0,0
5939,1,0,0,0,0
5940,1,0,0,0,0
5941,1,0,0,0,0
5942,1,0,0,0,0
5943,1,0,0,0,0
5944,1,0,0,0,0
5945,1,0,0,0,0
5946,1,0,0,0,0
5947,1,0,0,0,0
5948,1,0,0,0,0
5949,1,0,0,0,0
5950,1,0,0,0,0
5951,1,0,0,0,0
5952,1,0,0,0,0
5953,1,0,0,0,0
5954,1,0,0,0,0
5955,1,0,0,0,0
5956,1,0,0,0,0
5957,1,0,0,0,0
5958,1,0,0,0,0
5959,1,0,0,0,0
5960,1,0,0,0,0
5961,1,0,0,0,0
5962,1,0,0,0,0
5963,1,0,0,0,0
5964,1,0,0,0,0
5965,1,0,0,0,0
5966,1,0,0,0,0
5967,1,0,0,0,0
5968,1,0,0,0,0
5969,1,0,0,0,0
5970,1,0,0,0,0
5971,1,0,0,0,0
5972,1,0,0,0,0
5973,1,0,0,0,0
5974,1,0,0,0,0
5975,1,0,0,0,0
5976,1,0,0,0,0
5977,1,0,0,0,0
5978,1,0,0,0,0
5979,1,0,0,0,0
5980,1,0,0,0,0
5981,1,0,0,0,0
5982,1,0,0,0,0
5983,1,0,0,0,0
5984,1,0,0,0,0
5985,1,0,0,0,0
5986,1,0,0,0,0
5987,1,0,0,0,0
5988,1,0,0,0,0
5989,1,0,0,0,0
5990,1,0,0,0,0
5991,1,0,0,0,0
5992,1,0,0,0,0
5993,1,0,0,0,0
5994,1,0,0,0,0
5995,1,0,0,0,0
5996,1,0,0,0,0
5997,1,0,0,0,0
5998,1,0,0,0,0
5999,1,0,0,0,0
6000,1,0,0,0,0
6001,1,0,0,0,0
6002,1,0,0,0,0
6003,1,0,0,0,0
6004,1,0,0,0,0
6005,1,0,0,0,0
6006,1,0,0,0,0
6007,1,0,0,0,0
6008,1,0,0,0,0
6009,1,0,0,0,0
6010,1,0,0,0,0
6011,0,0,0,1,0
6012,0,0,0,1,0
6013,0,0,0,1,0
6014,0,0,0,1,0
6015,0,0,0,1,0
6016,0,0,0,1,0
6017,0,0,0,1,0
6018,0,0,0,1,0
6019,0,0,0,1,0
6020,1,0,0,0,0
6021,1,0,0,0,0
6022,1,0,0,0,0
6023,1,0,0,0,0
6024,1,0,0,0,0
6025,1,0,0,0,0
6026,1,0,0,0,0
6027,1,0,0,0,0
6028,1,0,0,0,0
6029,1,0,0,0,0
6030,1,0,0,0,0
6031,1,0,0,0,0
6032,1,0,0,0,0
6033,1,0,0,0,0
6034,1,0,0,0,0
6035,1,0,0,0,0
6036,1,0,0,0,0
6037,1,0,0,0,0
6038,1,0,0,0,0
6039,1,0,0,0,0
6040,1,0,0,0,0
6041,1,0,0,0,0
6042,1,0,0,0,0
6043,1,0,0,0,0
6044,1,0,0,0,0
6045,1,0,0,0,0
6046,1,0,0,0,0
6047,1,0,0,0,0
6048,1,0,0,0,0
6049,1,0,0,0,0
6050,1,0,0,0,0
6051,1,0,0,0,0
6052,1,0,0,0,0
6053,1,0,0,0,0
6054,1,0,0,0,0
6055,1,0,0,0,0
6056,1,0,0,0,0
6057,1,0,0,0,0
6058,1,0,0,0,0
6059,1,0,0,0,0
6060,1,0,0,0,0
6061,1,0,0,0,0
6062,1,0,0,0,0
6063,1,0,0,0,0
6064,1,0,0,0,0
6065,1,0,0,0,0
6066,1,0,0,0,0
6067,1,0,0,0,0
6068,1,0,0,0,0
6069,1,0,0,0,0
6070,1,0,0,0,0
6071,1,0,0,0,0
6072,0,1,0,0,0
6073,0,1,0,0,0
6074,0,1,0,0,0
6075,0,1,0,0,0
6076,0,1,0,0,0
6077,0,1,0,0,0
6078,0,1,0,0,0
6079,0,1,0,0,0
6080,0,1,0,0,0
6081,0,1,0,0,0
6082,0,1,0,0,0
6083,0,1,0,0,0
6084,0,1,0,0,0
6085,0,1,0,0,0
6086,0,1,0,0,0
6087,0,1,0,0,0
6088,0,1,0,0,0
6089,0,1,0,0,0
6090,0,1,0,0,0
6091,0,1,0,0,0
6092,0,1,0,0,0
6093,0,1,0,0,0
6094,0,1,0,0,0
6095,0,1,0,0,0
6096,0,1,0,0,0
6097,0,1,0,0,0
6098,0,1,0,0,0
6099,1,0,0,0,0
6100,1,0,0,0,0
6101,1,0,0,0,0
6102,1,0,0,0,0
6103,1,0,0,0,0
6104,1,0,0,0,0
6105,1,0,0,0,0
6106,1,0,0,0,0
6107,1,0,0,0,0
6108,1,0,0,0,0
6109,0,0,0,0,1
6110,0,0,0,0,1
6111,0,0,0,0,1
6112,0,0,0,0,1
6113,0,0,0,0,1
6114,0,0,0,0,1
6115,0,0,0,0,1
6116,0,0,0,0,1
6117,0,0,0,0,1
6118,0,0,0,0,1
6119,0,0,0,0,1
6120,0,0,0,0,1
6121,0,0,0,0,1
6122,0,0,0,0,1
6123,0,0,0,0,1
6124,0,0,0,0,1
6125,0,0,0,0,1
6126,0,0,0,0,1
6127,0,0,0,0,1
6128,0,0,0,0,1
6129,0,0,0,0,1
6130,0,0,0,0,1
6131,0,0,0,0,1
6132,0,0,0,0,1
6133,0,0,0,0,1
6134,0,0,0,0,1
6135,0,0,0,0,1
6136,0,0,0,0,1
6137,0,0,0,0,1
6138,0,0,0,0,1
6139,0,0,0,0,1
6140,1,0,0,0,0
6141,1,0,0,0,0
6142,1,0,0,0,0
6143,1,0,0,0,0
6144,1,0,0,0,0
6145,1,0,0,0,0
6146,1,0,0,0,0
6147,1,0,0,0,0
6148,1,0,0,0,0
6149,1,0,0,0,0
6150,1,0,0,0,0
6151,1,0,0,0,0
6152,1,0,0,0,0
6153,1,0,0,0,0
6154,1,0,0,0,0
6155,1,0,0,0,0
6156,1,0,0,0,0
6157,1,0,0,0,0
6158,1,0,0,0,0
6159,1,0,0,0,0
6160,1,0,0,0,0
6161,1,0,0,0,0
6162,1,0,0,0,0
6163,1,0,0,0,0
6164,1,0,0,0,0
6165,1,0,0,0,0
6166,1,0,0,0,0
6167,1,0,0,0,0
6168,1,0,0,0,0
6169,1,0,0,0,0
6170,1,0,0,0,0
6171,1,0,0,0,0
6172,1,0,0,0,0
6173,1,0,0,0,0
6174,1,0,0,0,0
6175,1,0,0,0,0
6176,1,0,0,0,0
6177,1,0,0,0,0
6178,1,0,0,0,0
6179,1,0,0,0,0
6180,1,0,0,0,0
6181,1,0,0,0,0
6182,1,0,0,0,0
6183,1,0,0,0,0
6184,1,0,0,0,0
6185,1,0,0,0,0
6186,1,0,0,0,0
6187,1,0,0,0,0
6188,1,0,0,0,0
6189,1,0,0,0,0
6190,1,0,0,0,0
6191,1,0,0,0,0
6192,1,0,0,0,0
6193,1,0,0,0,0
6194,1,0,0,0,0
6195,1,0,0,0,0
6196,1,0,0,0,0
6197,1,0,0,0,0
6198,1,0,0,0,0
6199,1,0,0,0,0
6200,1,0,0,0,0
6201,1,0,0,0,0
6202,1,0,0,0,0
6203,0,0,0,0,1
6204,0,0,0,0,1
6205,0,0,0,0,1
6206,0,0,0,0,1
6207,0,0,0,0,1
6208,0,0,0,0,1
6209,0,0,0,0,1
6210,0,0,0,0,1
6211,0,0,0,0,1
6212,0,0,0,0,1
6213,0,0,0,0,1
6214,0,0,0,0,1
6215,0,0,0,0,1
6216,0,0,0,0,1
6217,0,0,0,0,1
6218,0,0,0,0,1
6219,0,0,0,0,1
6220,0,0,0,0,1
6221,0,0,0,0,1
6222,0,0,0,0,1
6223,0,0,0,0,1
6224,0,0,0,0,1
6225,0,0,0,0,1
6226,1,0,0,0,0
6227,1,0,0,0,0
6228,1,0,0,0,0
6229,1,0,0,0,0
6230,1,0,0,0,0
6231,1,0,0,0,0
6232,1,0,0,0,0
6233,1,0,0,0,0
6234,1,0,0,0,0
6235,1,0,0,0,0
6236,1,0,0,0,0
6237,1,0,0,0,0
6238,1,0,0,0,0
6239,1,0,0,0,0
6240,1,0,0,0,0
6241,1,0,0,0,0
6242,1,0,0,0,0
6243,1,0,0,0,0
6244,1,0,0,0,0
6245,1,0,0,0,0
6246,1,0,0,0,0
6247,1,0,0,0,0
6248,1,0,0,0,0
6249,1,0,0,0,0
6250,1,0,0,0,0
6251,1,0,0,0,0
6252,1,0,0,0,0
6253,1,0,0,0,0
6254,1,0,0,0,0
6255,1,0,0,0,0
6256,1,0,0,0,0
6257,1,0,0,0,0
6258,1,0,0,0,0
6259,1,0,0,0,0
6260,1,0,0,0,0
6261,1,0,0,0,0
6262,1,0,0,0,0
6263,1,0,0,0,0
6264,1,0,0,0,0
6265,1,0,0,0,0
6266,1,0,0,0,0
6267,1,0,0,0,0
6268,1,0,0,0,0
6269,1,0,0,0,0
6270,1,0,0,0,0
6271,1,0,0,0,0
6272,1,0,0,0,0
6273,1,0,0,0,0
6274,1,0,0,0,0
6275,1,0,0,0,0
6276,1,0,0,0,0
6277,1,0,0,0,0
6278,1,0,0,0,0
6279,1,0,0,0,0
6280,1,0,0,0,0
6281,1,0,0,0,0
6282,1,0,0,0,0
6283,1,0,0,0,0
6284,1,0,0,0,0
6285,1,0,0,0,0
6286,1,0,0,0,0
6287,1,0,0,0,0
6288,1,0,0,0,0
6289,1,0,0,0,0
6290,1,0,0,0,0
6291,1,0,0,0,0
6292,1,0,0,0,0
6293,1,0,0,0,0
6294,1,0,0,0,0
6295,1,0,0,0,0
6296,1,0,0,0,0
6297,1,0,0,0,0
6298,1,0,0,0,0
6299,1,0,0,0,0
6300,1,0,0,0,0
6301,1,0,0,0,0
6302,1,0,0,0,0
6303,1,0,0,0,0
6304,1,0,0,0,0
6305,1,0,0,0,0
6306,1,0,0,0,0
6307,1,0,0,0,0
6308,1,0,0,0,0
6309,1,0,0,0,0
6310,1,0,0,0,0
6311,1,0,0,0,0
6312,1,0,0,0,0
6313,1,0,0,0,0
6314,1,0,0,0,0
6315,1,0,0,0,0
6316,1,0,0,0,0
6317,1,0,0,0,0
6318,1,0,0,0,0
6319,1,0,0,0,0
6320,1,0,0,0,0
6321,1,0,0,0,0
6322,1,0,0,0,0
6323,1,0,0,0,0
6324,1,0,0,0,0
6325,1,0,0,0,0
6326,1,0,0,0,0
6327,1,0,0,0,0
6328,1,0,0,0,0
6329,1,0,0,0,0
6330,1,0,0,0,0
6331,1,0,0,0,0
6332,1,0,0,0,0
6333,1,0,0,0,0
6334,1,0,0,0,0
6335,1,0,0,0,0
6336,1,0,0,0,0
6337,1,0,0,0,0
6338,1,0,0,0,0
6339,1,0,0,0,0
6340,1,0,0,0,0
6341,1,0,0,0,0
6342,1,0,0,0,0
6343,1,0,0,0,0
6344,1,0,0,0,0
6345,1,0,0,0,0
6346,1,0,0,0,0
6347,1,0,0,0,0
6348,1,0,0,0,0
6349,1,0,0,0,0
6350,0,0,0,0,1
6351,0,0,0,0,1
6352,0,0,0,0,1
6353,0,0,0,0,1
6354,0,0,0,0,1
6355,0,0,0,0,1
6356,0,0,0,0,1
6357,0,0,0,0,1
6358,0,0,0,0,1
6359,0,0,0,0,1
6360,0,0,0,0,1
6361,0,0,0,0,1
6362,0,0,0,0,1
6363,0,0,0,0,1
6364,0,0,0,0,1
6365,0,0,0,0,1
6366,0,0,0,0,1
6367,0,0,0,0,1
6368,0,0,0,0,1
6369,0,0,0,0,1
6370,0,0,0,0,1
6371,0,0,0,0,1
6372,0,0,0,0,1
6373,0,0,0,0,1
6374,0,0,0,0,1
6375,0,0,0,0,1
6376,0,0,0,0,1
6377,0,0,0,0,1
6378,0,0,0,0,1
6379,0,0,0,0,1
6380,0,0,0,0,1
6381,0,0,0,0,1
6382,0,0,0,0,1
6383,0,0,0,0,1
6384,0,0,0,0,1
6385,0,0,0,0,1
6386,0,0,0,0,1
6387,0,0,0,0,1
6388,0,0,0,0,1
6389,0,0,0,0,1
6390,0,0,0,0,1
6391,0,0,0,0,1
6392,0,0,0,0,1
6393,0,0,0,0,1
6394,0,0,0,0,1
6395,0,0,0,0,1
6396,0,0,0,0,1
6397,0,0,0,0,1
6398,0,0,0,0,1
6399,0,0,0,0,1
6400,0,0,0,0,1
6401,0,0,0,0,1
6402,0,0,0,0,1
6403,0,0,0,0,1
6404,0,0,0,0,1
6405,0,0,0,0,1
6406,0,0,0,0,1
6407,0,0,0,0,1
6408,0,0,0,0,1
6409,0,0,0,0,1
6410,0,0,0,0,1
6411,0,0,0,0,1
6412,0,0,0,0,1
6413,0,0,0,0,1
6414,0,0,0,0,1
6415,0,0,0,0,1
6416,0,0,0,0,1
6417,0,0,0,0,1
6418,0,0,0,0,1
6419,0,0,0,0,1
6420,0,0,0,0,1
6421,0,0,0,0,1
6422,0,0,0,0,1
6423,0,0,0,0,1
6424,0,0,0,0,1
6425,0,0,0,0,1
6426,0,0,0,0,1
6427,0,0,0,0,1
6428,0,0,0,0,1
6429,0,0,0,0,1
6430,0,0,0,0,1
6431,0,0,0,0,1
6432,0,0,0,0,1
6433,0,0,0,0,1
6434,0,0,0,0,1
6435,0,0,0,0,1
6436,0,0,0,0,1
6437,0,0,0,0,1
6438,0,0,0,0,1
6439,0,0,0,0,1
6440,0,0,0,0,1
6441,0,0,0,0,1
6442,0,0,0,0,1
6443,0,0,0,0,1
6444,0,0,0,0,1
6445,0,0,0,0,1
6446,0,0,0,0,1
6447,0,0,0,0,1
6448,0,0,0,0,1
6449,0,0,0,0,1
6450,0,0,0,0,1
6451,0,0,0,0,1
6452,0,0,0,0,1
6453,0,0,0,0,1
6454,0,0,0,0,1
6455,0,0,0,0,1
6456,0,0,0,0,1
6457,0,0,0,0,1
6458,0,0,0,0,1
6459,0,0,0,0,1
6460,0,0,0,0,1
6461,0,0,0,0,1
6462,0,0,0,0,1
6463,0,0,0,0,1
6464,0,0,0,0,1
6465,0,0,0,0,1
6466,0,0,0,0,1
6467,0,0,0,0,1
6468,0,0,0,0,1
6469,0,0,0,0,1
6470,0,0,0,0,1
6471,0,0,0,0,1
6472,0,0,0,0,1
6473,1,0,0,0,0
6474,1,0,0,0,0
6475,1,0,0,0,0
6476,1,0,0,0,0
6477,1,0,0,0,0
6478,1,0,0,0,0
6479,1,0,0,0,0
6480,1,0,0,0,0
6481,1,0,0,0,0
6482,1,0,0,0,0
6483,1,0,0,0,0
6484,1,0,0,0,0
6485,1,0,0,0,0
6486,1,0,0,0,0
6487,1,0,0,0,0
6488,1,0,0,0,0
6489,1,0,0,0,0
6490,1,0,0,0,0
6491,1,0,0,0,0
6492,1,0,0,0,0
6493,1,0,0,0,0
6494,1,0,0,0,0
6495,1,0,0,0,0
6496,1,0,0,0,0
6497,1,0,0,0,0
6498,1,0,0,0,0
6499,1,0,0,0,0
6500,1,0,0,0,0
6501,1,0,0,0,0
6502,1,0,0,0,0
6503,1,0,0,0,0
6504,0,1,0,0,0
6505,0,1,0,0,0
6506,0,1,0,0,0
6507,0,1,0,0,0
6508,0,1,0,0,0
6509,0,1,0,0,0
6510,0,1,0,0,0
6511,0,1,0,0,0
6512,0,1,0,0,0
6513,0,1,0,0,0
6514,0,1,0,0,0
6515,0,1,0,0,0
6516,0,1,0,0,0
6517,0,1,0,0,0
6518,0,1,0,0,0
6519,0,1,0,0,0
6520,0,1,0,0,0
6521,0,1,0,0,0
6522,0,1,0,0,0
6523,0,1,0,0,0
6524,0,1,0,0,0
6525,0,1,0,0,0
6526,0,1,0,0,0
6527,0,1,0,0,0
6528,0,1,0,0,0
6529,0,1,0,0,0
6530,0,1,0,0,0
6531,0,1,0,0,0
6532,0,1,0,0,0
6533,0,1,0,0,0
6534,1,0,0,0,0
6535,1,0,0,0,0
6536,1,0,0,0,0
6537,1,0,0,0,0
6538,1,0,0,0,0
6539,1,0,0,0,0
6540,1,0,0,0,0
6541,1,0,0,0,0
6542,1,0,0,0,0
6543,1,0,0,0,0
6544,1,0,0,0,0
6545,1,0,0,0,0
6546,1,0,0,0,0
6547,1,0,0,0,0
6548,1,0,0,0,0
6549,1,0,0,0,0
6550,1,0,0,0,0
6551,1,0,0,0,0
6552,1,0,0,0,0
6553,1,0,0,0,0
6554,1,0,0,0,0
6555,1,0,0,0,0
6556,1,0,0,0,0
6557,1,0,0,0,0
6558,1,0,0,0,0
6559,1,0,0,0,0
6560,1,0,0,0,0
6561,1,0,0,0,0
6562,1,0,0,0,0
6563,1,0,0,0,0
6564,1,0,0,0,0
6565,1,0,0,0,0
6566,1,0,0,0,0
6567,1,0,0,0,0
6568,1,0,0,0,0
6569,1,0,0,0,0
6570,1,0,0,0,0
6571,1,0,0,0,0
6572,1,0,0,0,0
6573,1,0,0,0,0
6574,1,0,0,0,0
6575,1,0,0,0,0
6576,1,0,0,0,0
6577,1,0,0,0,0
6578,1,0,0,0,0
6579,1,0,0,0,0
6580,1,0,0,0,0
6581,1,0,0,0,0
6582,1,0,0,0,0
6583,1,0,0,0,0
6584,1,0,0,0,0
6585,1,0,0,0,0
6586,1,0,0,0,0
6587,1,0,0,0,0
6588,1,0,0,0,0
6589,1,0,0,0,0
6590,1,0,0,0,0
6591,1,0,0,0,0
6592,1,0,0,0,0
6593,1,0,0,0,0
6594,1,0,0,0,0
6595,1,0,0,0,0
6596,1,0,0,0,0
6597,1,0,0,0,0
6598,1,0,0,0,0
6599,1,0,0,0,0
6600,1,0,0,0,0
6601,1,0,0,0,0
6602,1,0,0,0,0
6603,1,0,0,0,0
6604,1,0,0,0,0
6605,1,0,0,0,0
6606,1,0,0,0,0
6607,1,0,0,0,0
6608,1,0,0,0,0
6609,1,0,0,0,0
6610,1,0,0,0,0
6611,1,0,0,0,0
6612,1,0,0,0,0
6613,1,0,0,0,0
6614,1,0,0,0,0
6615,1,0,0,0,0
6616,1,0,0,0,0
6617,1,0,0,0,0
6618,1,0,0,0,0
6619,1,0,0,0,0
6620,1,0,0,0,0
6621,1,0,0,0,0
6622,1,0,0,0,0
6623,1,0,0,0,0
6624,1,0,0,0,0
6625,1,0,0,0,0
6626,1,0,0,0,0
6627,0,0,0,0,1
6628,0,0,0,0,1
6629,0,0,0,0,1
6630,0,0,0,0,1
6631,0,0,0,0,1
6632,0,0,0,0,1
6633,0,0,0,0,1
6634,0,0,0,0,1
6635,0,0,0,0,1
6636,0,0,0,0,1
6637,0,0,0,0,1
6638,0,0,0,0,1
6639,0,0,0,0,1
6640,0,0,0,0,1
6641,0,0,0,0,1
6642,0,0,0,0,1
6643,0,0,0,0,1
6644,0,0,0,0,1
6645,0,0,0,0,1
6646,0,0,0,0,1
6647,0,0,0,0,1
6648,0,0,0,0,1
6649,0,0,0,0,1
6650,0,0,0,0,1
6651,0,0,0,0,1
6652,0,0,0,0,1
6653,0,0,0,0,1
6654,0,0,0,0,1
6655,0,0,0,0,1
6656,0,0,0,0,1
6657,0,0,0,0,1
6658,0,0,0,0,1
6659,0,0,0,0,1
6660,0,0,0,0,1
6661,0,0,0,0,1
6662,0,0,0,0,1
6663,0,0,0,0,1
6664,0,0,0,0,1
6665,0,0,0,0,1
6666,1,0,0,0,0
6667,1,0,0,0,0
6668,1,0,0,0,0
6669,1,0,0,0,0
6670,1,0,0,0,0
6671,1,0,0,0,0
6672,1,0,0,0,0
6673,1,0,0,0,0
6674,1,0,0,0,0
6675,1,0,0,0,0
6676,1,0,0,0,0
6677,1,0,0,0,0
6678,1,0,0,0,0
6679,1,0,0,0,0
6680,1,0,0,0,0
6681,1,0,0,0,0
6682,1,0,0,0,0
6683,1,0,0,0,0
6684,1,0,0,0,0
6685,1,0,0,0,0
6686,1,0,0,0,0
6687,1,0,0,0,0
6688,1,0,0,0,0
6689,1,0,0,0,0
6690,1,0,0,0,0
6691,1,0,0,0,0
6692,1,0,0,0,0
6693,1,0,0,0,0
6694,1,0,0,0,0
6695,1,0,0,0,0
6696,1,0,0,0,0
6697,1,0,0,0,0
6698,1,0,0,0,0
6699,1,0,0,0,0
6700,1,0,0,0,0
6701,1,0,0,0,0
6702,1,0,0,0,0
6703,1,0,0,0,0
6704,1,0,0,0,0
6705,1,0,0,0,0
6706,1,0,0,0,0
6707,1,0,0,0,0
6708,1,0,0,0,0
6709,1,0,0,0,0
6710,1,0,0,0,0
6711,1,0,0,0,0
6712,1,0,0,0,0
6713,1,0,0,0,0
6714,1,0,0,0,0
6715,1,0,0,0,0
6716,1,0,0,0,0
6717,1,0,0,0,0
6718,1,0,0,0,0
6719,1,0,0,0,0
6720,1,0,0,0,0
6721,1,0,0,0,0
6722,1,0,0,0,0
6723,1,0,0,0,0
6724,1,0,0,0,0
6725,1,0,0,0,0
6726,1,0,0,0,0
6727,1,0,0,0,0
6728,1,0,0,0,0
6729,1,0,0,0,0
6730,1,0,0,0,0
6731,1,0,0,0,0
6732,0,0,0,0,1
6733,0,0,0,0,1
6734,0,0,0,0,1
6735,0,0,0,0,1
6736,0,0,0,0,1
6737,0,0,0,0,1
6738,0,0,0,0,1
6739,0,0,0,0,1
6740,0,0,0,0,1
6741,0,0,0,0,1
6742,0,0,0,0,1
6743,0,0,0,0,1
6744,0,0,0,0,1
6745,0,0,0,0,1
6746,0,0,0,0,1
6747,0,0,0,0,1
6748,0,0,0,0,1
6749,0,0,0,0,1
6750,0,0,0,0,1
6751,0,0,0,0,1
6752,0,0,0,0,1
6753,0,0,0,0,1
6754,0,0,0,0,1
6755,0,0,0,0,1
6756,0,0,0,0,1
6757,0,0,0,0,1
6758,0,0,0,0,1
6759,0,0,0,0,1
6760,0,0,0,0,1
6761,0,0,0,0,1
6762,0,0,0,0,1
6763,0,0,0,0,1
6764,0,0,0,0,1
6765,0,0,0,0,1
6766,0,0,0,0,1
6767,0,0,0,0,1
6768,0,0,0,0,1
6769,0,0,0,0,1
6770,0,0,0,0,1
6771,0,0,0,0,1
6772,0,0,0,0,1
6773,0,0,0,0,1
6774,0,0,0,0,1
6775,0,0,0,0,1
6776,0,0,0,0,1
6777,0,0,0,0,1
6778,0,0,0,0,1
6779,0,0,0,0,1
6780,0,0,0,0,1
6781,0,0,0,0,1
6782,0,0,0,0,1
6783,0,0,0,0,1
6784,0,0,0,0,1
6785,0,0,0,0,1
6786,0,0,0,0,1
6787,0,0,0,0,1
6788,0,0,0,0,1
6789,0,0,0,0,1
6790,0,0,0,0,1
6791,0,0,0,0,1
6792,1,0,0,0,0
6793,1,0,0,0,0
6794,1,0,0,0,0
6795,1,0,0,0,0
6796,1,0,0,0,0
6797,1,0,0,0,0
6798,1,0,0,0,0
6799,1,0,0,0,0
6800,1,0,0,0,0
6801,1,0,0,0,0
6802,1,0,0,0,0
6803,1,0,0,0,0
6804,1,0,0,0,0
6805,1,0,0,0,0
6806,1,0,0,0,0
6807,1,0,0,0,0
6808,1,0,0,0,0
6809,1,0,0,0,0
6810,1,0,0,0,0
6811,1,0,0,0,0
6812,1,0,0,0,0
6813,1,0,0,0,0
6814,1,0,0,0,0
6815,1,0,0,0,0
6816,1,0,0,0,0
6817,1,0,0,0,0
6818,1,0,0,0,0
6819,1,0,0,0,0
6820,1,0,0,0,0
6821,1,0,0,0,0
6822,1,0,0,0,0
6823,1,0,0,0,0
6824,1,0,0,0,0
6825,1,0,0,0,0
6826,1,0,0,0,0
6827,1,0,0,0,0
6828,1,0,0,0,0
6829,1,0,0,0,0
6830,1,0,0,0,0
6831,1,0,0,0,0
6832,1,0,0,0,0
6833,1,0,0,0,0
6834,1,0,0,0,0
6835,1,0,0,0,0
6836,1,0,0,0,0
6837,1,0,0,0,0
6838,1,0,0,0,0
6839,1,0,0,0,0
6840,1,0,0,0,0
6841,1,0,0,0,0
6842,1,0,0,0,0
6843,1,0,0,0,0
6844,1,0,0,0,0
6845,1,0,0,0,0
6846,1,0,0,0,0
6847,1,0,0,0,0
6848,1,0,0,0,0
6849,1,0,0,0,0
6850,1,0,0,0,0
6851,1,0,0,0,0
6852,1,0,0,0,0
6853,1,0,0,0,0
6854,1,0,0,0,0
6855,1,0,0,0,0
6856,1,0,0,0,0
6857,1,0,0,0,0
6858,1,0,0,0,0
6859,1,0,0,0,0
6860,1,0,0,0,0
6861,1,0,0,0,0
6862,1,0,0,0,0
6863,1,0,0,0,0
6864,1,0,0,0,0
6865,1,0,0,0,0
6866,1,0,0,0,0
6867,1,0,0,0,0
6868,1,0,0,0,0
6869,1,0,0,0,0
6870,1,0,0,0,0
6871,1,0,0,0,0
6872,1,0,0,0,0
6873,1,0,0,0,0
6874,1,0,0,0,0
6875,1,0,0,0,0
6876,1,0,0,0,0
6877,1,0,0,0,0
6878,1,0,0,0,0
6879,1,0,0,0,0
6880,1,0,0,0,0
6881,1,0,0,0,0
6882,1,0,0,0,0
6883,1,0,0,0,0
6884,1,0,0,0,0
6885,1,0,0,0,0
6886,1,0,0,0,0
6887,1,0,0,0,0
6888,1,0,0,0,0
6889,1,0,0,0,0
6890,1,0,0,0,0
6891,1,0,0,0,0
6892,1,0,0,0,0
6893,1,0,0,0,0
6894,1,0,0,0,0
6895,1,0,0,0,0
6896,1,0,0,0,0
6897,1,0,0,0,0
6898,1,0,0,0,0
6899,1,0,0,0,0
6900,1,0,0,0,0
6901,1,0,0,0,0
6902,1,0,0,0,0
6903,1,0,0,0,0
6904,1,0,0,0,0
6905,1,0,0,0,0
6906,1,0,0,0,0
6907,1,0,0,0,0
6908,1,0,0,0,0
6909,1,0,0,0,0
6910,1,0,0,0,0
6911,1,0,0,0,0
6912,1,0,0,0,0
6913,1,0,0,0,0
6914,1,0,0,0,0
6915,1,0,0,0,0
6916,1,0,0,0,0
6917,1,0,0,0,0
6918,1,0,0,0,0
6919,1,0,0,0,0
6920,1,0,0,0,0
6921,1,0,0,0,0
6922,1,0,0,0,0
6923,1,0,0,0,0
6924,1,0,0,0,0
6925,1,0,0,0,0
6926,0,0,0,0,1
6927,0,0,0,0,1
6928,0,0,0,0,1
6929,0,0,0,0,1
6930,0,0,0,0,1
6931,0,0,0,0,1
6932,0,0,0,0,1
6933,0,0,0,0,1
6934,0,0,0,0,1
6935,0,0,0,0,1
6936,0,0,0,0,1
6937,0,0,0,0,1
6938,0,0,0,0,1
6939,0,0,0,0,1
6940,0,0,0,0,1
6941,0,0,0,0,1
6942,0,0,0,0,1
6943,0,0,0,0,1
6944,0,0,0,0,1
6945,0,0,0,0,1
6946,0,0,0,0,1
6947,0,0,0,0,1
6948,0,0,0,0,1
6949,0,0,0,0,1
6950,0,0,0,0,1
6951,0,0,0,0,1
6952,0,0,0,0,1
6953,0,0,0,0,1
6954,0,0,0,0,1
6955,0,0,0,0,1
6956,0,0,0,0,1
6957,0,0,0,0,1
6958,0,0,0,0,1
6959,0,0,0,0,1
6960,0,0,0,0,1
6961,0,0,0,0,1
6962,0,0,0,0,1
6963,0,0,0,0,1
6964,0,0,0,0,1
6965,0,0,0,0,1
6966,0,0,0,0,1
6967,0,0,0,0,1
6968,0,0,0,0,1
6969,0,0,0,0,1
6970,0,0,0,0,1
6971,0,0,0,0,1
6972,0,0,0,0,1
6973,0,0,0,0,1
6974,0,0,0,0,1
6975,0,0,0,0,1
6976,0,0,0,0,1
6977,0,0,0,0,1
6978,0,0,0,0,1
6979,0,0,0,0,1
6980,0,0,0,0,1
6981,0,0,0,0,1
6982,0,0,0,0,1
6983,0,0,0,0,1
6984,0,0,0,0,1
6985,0,0,0,0,1
6986,0,0,0,0,1
6987,0,0,0,0,1
6988,0,0,0,0,1
6989,0,0,0,0,1
6990,0,0,0,0,1
6991,0,0,0,0,1
6992,0,0,0,0,1
6993,0,0,0,0,1
6994,0,0,0,0,1
6995,0,0,0,0,1
6996,0,0,0,0,1
6997,0,0,0,0,1
6998,0,0,0,0,1
6999,0,0,0,0,1
7000,0,0,0,0,1
7001,0,0,0,0,1
7002,0,0,0,0,1
7003,0,0,0,0,1
7004,0,0,0,0,1
7005,0,0,0,0,1
7006,0,0,0,0,1
7007,0,0,0,0,1
7008,0,0,0,0,1
7009,0,0,0,0,1
7010,0,0,0,0,1
7011,0,0,0,0,1
7012,0,0,0,0,1
7013,0,0,0,0,1
7014,0,0,0,0,1
7015,0,0,0,0,1
7016,0,0,0,0,1
7017,1,0,0,0,0
7018,1,0,0,0,0
7019,0,1,0,0,0
7020,0,1,0,0,0
7021,0,1,0,0,0
7022,0,1,0,0,0
7023,0,1,0,0,0
7024,0,1,0,0,0
7025,0,1,0,0,0
7026,0,1,0,0,0
7027,0,1,0,0,0
7028,0,1,0,0,0
7029,0,1,0,0,0
7030,0,1,0,0,0
7031,0,1,0,0,0
7032,0,1,0,0,0
7033,0,1,0,0,0
7034,0,1,0,0,0
7035,0,1,0,0,0
7036,0,1,0,0,0
7037,0,1,0,0,0
7038,0,1,0,0,0
7039,0,1,0,0,0
7040,0,1,0,0,0
7041,0,1,0,0,0
7042,0,1,0,0,0
7043,0,1,0,0,0
7044,0,1,0,0,0
7045,0,1,0,0,0
7046,0,1,0,0,0
7047,0,1,0,0,0
7048,0,1,0,0,0
7049,0,1,0,0,0
7050,1,0,0,0,0
7051,1,0,0,0,0
7052,1,0,0,0,0
7053,1,0,0,0,0
7054,1,0,0,0,0
7055,1,0,0,0,0
7056,1,0,0,0,0
7057,1,0,0,0,0
7058,1,0,0,0,0
7059,1,0,0,0,0
7060,1,0,0,0,0
7061,1,0,0,0,0
7062,1,0,0,0,0
7063,1,0,0,0,0
7064,1,0,0,0,0
7065,1,0,0,0,0
7066,1,0,0,0,0
7067,1,0,0,0,0
7068,1,0,0,0,0
7069,1,0,0,0,0
7070,1,0,0,0,0
7071,1,0,0,0,0
7072,1,0,0,0,0
7073,1,0,0,0,0
7074,1,0,0,0,0
7075,1,0,0,0,0
7076,1,0,0,0,0
7077,1,0,0,0,0
7078,1,0,0,0,0
7079,1,0,0,0,0
7080,1,0,0,0,0
7081,1,0,0,0,0
7082,1,0,0,0,0
7083,1,0,0,0,0
7084,1,0,0,0,0
7085,1,0,0,0,0
7086,1,0,0,0,0
7087,1,0,0,0,0
7088,1,0,0,0,0
7089,1,0,0,0,0
7090,1,0,0,0,0
7091,1,0,0,0,0
7092,1,0,0,0,0
7093,1,0,0,0,0
7094,1,0,0,0,0
7095,1,0,0,0,0
7096,1,0,0,0,0
7097,1,0,0,0,0
7098,0,0,0,0,1
7099,0,0,0,0,1
7100,0,0,0,0,1
7101,0,0,0,0,1
7102,0,0,0,0,1
7103,0,0,0,0,1
7104,0,0,0,0,1
7105,0,0,0,0,1
7106,0,0,0,0,1
7107,0,0,0,0,1
7108,0,0,0,0,1
7109,0,0,0,0,1
7110,0,0,0,0,1
7111,0,0,0,0,1
7112,0,0,0,0,1
7113,0,0,0,0,1
7114,0,0,0,0,1
7115,0,0,0,0,1
7116,0,0,0,0,1
7117,0,0,0,0,1
7118,0,0,0,0,1
7119,0,0,0,0,1
7120,0,0,0,0,1
7121,0,0,0,0,1
7122,0,0,0,0,1
7123,0,0,0,0,1
7124,0,0,0,0,1
7125,0,0,0,0,1
7126,0,0,0,0,1
7127,0,0,0,0,1
7128,0,0,0,0,1
7129,0,0,0,0,1
7130,0,0,0,0,1
7131,0,0,0,0,1
7132,0,0,0,0,1
7133,0,0,0,0,1
7134,0,0,0,0,1
7135,0,0,0,0,1
7136,0,0,0,0,1
7137,0,0,0,0,1
7138,0,0,0,0,1
7139,0,0,0,0,1
7140,0,0,0,0,1
7141,0,0,0,0,1
7142,0,0,0,0,1
7143,0,0,0,0,1
7144,0,0,0,0,1
7145,0,0,0,0,1
7146,0,0,0,0,1
7147,0,0,0,0,1
7148,0,0,0,0,1
7149,1,0,0,0,0
7150,1,0,0,0,0
7151,1,0,0,0,0
7152,1,0,0,0,0
7153,1,0,0,0,0
7154,1,0,0,0,0
7155,1,0,0,0,0
7156,1,0,0,0,0
7157,1,0,0,0,0
7158,1,0,0,0,0
7159,1,0,0,0,0
7160,1,0,0,0,0
7161,1,0,0,0,0
7162,1,0,0,0,0
7163,1,0,0,0,0
7164,1,0,0,0,0
7165,1,0,0,0,0
7166,1,0,0,0,0
7167,1,0,0,0,0
7168,1,0,0,0,0
7169,1,0,0,0,0
7170,1,0,0,0,0
7171,1,0,0,0,0
7172,1,0,0,0,0
7173,1,0,0,0,0
7174,1,0,0,0,0
7175,1,0,0,0,0
7176,1,0,0,0,0
7177,1,0,0,0,0
7178,1,0,0,0,0
7179,1,0,0,0,0
7180,1,0,0,0,0
7181,1,0,0,0,0
7182,1,0,0,0,0
7183,1,0,0,0,0
7184,1,0,0,0,0
7185,1,0,0,0,0
7186,1,0,0,0,0
7187,1,0,0,0,0
7188,1,0,0,0,0
7189,1,0,0,0,0
7190,1,0,0,0,0
7191,1,0,0,0,0
7192,1,0,0,0,0
7193,1,0,0,0,0
7194,1,0,0,0,0
7195,1,0,0,0,0
7196,1,0,0,0,0
7197,1,0,0,0,0
7198,1,0,0,0,0
7199,1,0,0,0,0
7200,1,0,0,0,0
7201,1,0,0,0,0
7202,1,0,0,0,0
7203,1,0,0,0,0
7204,1,0,0,0,0
7205,1,0,0,0,0
7206,1,0,0,0,0
7207,1,0,0,0,0
7208,1,0,0,0,0
7209,1,0,0,0,0
7210,1,0,0,0,0
7211,1,0,0,0,0
7212,1,0,0,0,0
7213,1,0,0,0,0
7214,1,0,0,0,0
7215,1,0,0,0,0
7216,1,0,0,0,0
7217,1,0,0,0,0
7218,1,0,0,0,0
7219,1,0,0,0,0
7220,1,0,0,0,0
7221,1,0,0,0,0
7222,1,0,0,0,0
7223,1,0,0,0,0
7224,1,0,0,0,0
7225,1,0,0,0,0
7226,1,0,0,0,0
7227,1,0,0,0,0
7228,1,0,0,0,0
7229,1,0,0,0,0
7230,1,0,0,0,0
7231,1,0,0,0,0
7232,1,0,0,0,0
7233,1,0,0,0,0
7234,0,0,0,0,1
7235,0,0,0,0,1
7236,0,0,0,0,1
7237,0,0,0,0,1
7238,0,0,0,0,1
7239,0,0,0,0,1
7240,0,0,0,0,1
7241,0,0,0,0,1
7242,0,0,0,0,1
7243,0,0,0,0,1
7244,0,0,0,0,1
7245,0,0,0,0,1
7246,0,0,0,0,1
7247,0,0,0,0,1
7248,0,0,0,0,1
7249,0,0,0,0,1
7250,0,0,0,0,1
7251,0,0,0,0,1
7252,0,0,0,0,1
7253,0,0,0,0,1
7254,0,0,0,0,1
7255,0,0,0,0,1
7256,0,0,0,0,1
7257,0,0,0,0,1
7258,1,0,0,0,0
7259,1,0,0,0,0
7260,1,0,0,0,0
7261,1,0,0,0,0
7262,1,0,0,0,0
7263,1,0,0,0,0
7264,1,0,0,0,0
7265,1,0,0,0,0
7266,1,0,0,0,0
7267,1,0,0,0,0
7268,1,0,0,0,0
7269,1,0,0,0,0
7270,1,0,0,0,0
7271,1,0,0,0,0
7272,1,0,0,0,0
7273,1,0,0,0,0
7274,1,0,0,0,0
7275,1,0,0,0,0
7276,1,0,0,0,0
7277,1,0,0,0,0
7278,1,0,0,0,0
7279,1,0,0,0,0
7280,1,0,0,0,0
7281,1,0,0,0,0
7282,1,0,0,0,0
7283,1,0,0,0,0
7284,1,0,0,0,0
7285,1,0,0,0,0
7286,1,0,0,0,0
7287,1,0,0,0,0
7288,1,0,0,0,0
7289,1,0,0,0,0
7290,1,0,0,0,0
7291,1,0,0,0,0
7292,1,0,0,0,0
7293,1,0,0,0,0
7294,1,0,0,0,0
7295,1,0,0,0,0
7296,1,0,0,0,0
7297,1,0,0,0,0
7298,1,0,0,0,0
7299,0,0,0,0,1
7300,0,0,0,0,1
7301,0,0,0,0,1
7302,0,0,0,0,1
7303,0,0,0,0,1
7304,0,0,0,0,1
7305,0,0,0,0,1
7306,0,0,0,0,1
7307,0,0,0,0,1
7308,0,0,0,0,1
7309,0,0,0,0,1
7310,0,0,0,0,1
7311,0,0,0,0,1
7312,0,0,0,0,1
7313,0,0,0,0,1
7314,0,0,0,0,1
7315,0,0,0,0,1
7316,0,0,0,0,1
7317,0,0,0,0,1
7318,0,0,0,0,1
7319,0,0,0,0,1
7320,0,0,0,0,1
7321,0,0,0,0,1
7322,0,0,0,0,1
7323,0,0,0,0,1
7324,0,0,0,0,1
7325,0,0,0,0,1
7326,0,0,0,0,1
7327,0,0,0,0,1
7328,0,0,0,0,1
7329,0,0,0,0,1
7330,0,0,0,0,1
7331,0,0,0,0,1
7332,0,0,0,0,1
7333,0,0,0,0,1
7334,0,0,0,0,1
7335,0,0,0,0,1
7336,0,0,0,0,1
7337,0,0,0,0,1
7338,0,0,0,0,1
7339,0,0,0,0,1
7340,0,0,0,0,1
7341,0,0,0,0,1
7342,0,0,0,0,1
7343,0,0,0,0,1
7344,1,0,0,0,0
7345,1,0,0,0,0
7346,1,0,0,0,0
7347,1,0,0,0,0
7348,1,0,0,0,0
7349,1,0,0,0,0
7350,1,0,0,0,0
7351,1,0,0,0,0
7352,1,0,0,0,0
7353,1,0,0,0,0
7354,1,0,0,0,0
7355,1,0,0,0,0
7356,1,0,0,0,0
7357,1,0,0,0,0
7358,1,0,0,0,0
7359,1,0,0,0,0
7360,1,0,0,0,0
7361,1,0,0,0,0
7362,1,0,0,0,0
7363,1,0,0,0,0
7364,1,0,0,0,0
7365,1,0,0,0,0
7366,1,0,0,0,0
7367,1,0,0,0,0
7368,1,0,0,0,0
7369,1,0,0,0,0
7370,1,0,0,0,0
7371,1,0,0,0,0
7372,1,0,0,0,0
7373,1,0,0,0,0
7374,1,0,0,0,0
7375,1,0,0,0,0
7376,1,0,0,0,0
7377,1,0,0,0,0
7378,1,0,0,0,0
7379,1,0,0,0,0
7380,1,0,0,0,0
7381,1,0,0,0,0
7382,1,0,0,0,0
7383,1,0,0,0,0
7384,1,0,0,0,0
7385,1,0,0,0,0
7386,1,0,0,0,0
7387,1,0,0,0,0
7388,1,0,0,0,0
7389,1,0,0,0,0
7390,1,0,0,0,0
7391,1,0,0,0,0
7392,1,0,0,0,0
7393,1,0,0,0,0
7394,1,0,0,0,0
7395,1,0,0,0,0
7396,1,0,0,0,0
7397,1,0,0,0,0
7398,0,1,0,0,0
7399,0,1,0,0,0
7400,0,1,0,0,0
7401,0,1,0,0,0
7402,0,1,0,0,0
7403,0,1,0,0,0
7404,0,1,0,0,0
7405,0,1,0,0,0
7406,0,1,0,0,0
7407,0,1,0,0,0
7408,0,1,0,0,0
7409,0,1,0,0,0
7410,0,1,0,0,0
7411,0,1,0,0,0
7412,0,1,0,0,0
7413,0,1,0,0,0
7414,0,1,0,0,0
7415,0,1,0,0,0
7416,0,1,0,0,0
7417,0,1,0,0,0
7418,0,1,0,0,0
7419,0,1,0,0,0
7420,0,1,0,0,0
7421,0,1,0,0,0
7422,0,1,0,0,0
7423,0,1,0,0,0
7424,0,1,0,0,0
7425,0,1,0,0,0
7426,0,1,0,0,0
7427,0,1,0,0,0
7428,1,0,0,0,0
7429,1,0,0,0,0
7430,1,0,0,0,0
7431,1,0,0,0,0
7432,1,0,0,0,0
7433,1,0,0,0,0
7434,1,0,0,0,0
7435,1,0,0,0,0
7436,1,0,0,0,0
7437,1,0,0,0,0
7438,1,0,0,0,0
7439,1,0,0,0,0
7440,1,0,0,0,0
7441,1,0,0,0,0
7442,1,0,0,0,0
7443,1,0,0,0,0
7444,1,0,0,0,0
7445,1,0,0,0,0
7446,1,0,0,0,0
7447,1,0,0,0,0
7448,1,0,0,0,0
7449,1,0,0,0,0
7450,1,0,0,0,0
7451,1,0,0,0,0
7452,1,0,0,0,0
7453,1,0,0,0,0
7454,1,0,0,0,0
7455,1,0,0,0,0
7456,1,0,0,0,0
7457,1,0,0,0,0
7458,1,0,0,0,0
7459,1,0,0,0,0
7460,1,0,0,0,0
7461,1,0,0,0,0
7462,1,0,0,0,0
7463,1,0,0,0,0
7464,1,0,0,0,0
7465,1,0,0,0,0
7466,1,0,0,0,0
7467,1,0,0,0,0
7468,1,0,0,0,0
7469,1,0,0,0,0
7470,1,0,0,0,0
7471,1,0,0,0,0
7472,1,0,0,0,0
7473,1,0,0,0,0
7474,1,0,0,0,0
7475,1,0,0,0,0
7476,1,0,0,0,0
7477,1,0,0,0,0
7478,1,0,0,0,0
7479,1,0,0,0,0
7480,1,0,0,0,0
7481,1,0,0,0,0
7482,1,0,0,0,0
7483,1,0,0,0,0
7484,1,0,0,0,0
7485,1,0,0,0,0
7486,1,0,0,0,0
7487,1,0,0,0,0
7488,1,0,0,0,0
7489,1,0,0,0,0
7490,1,0,0,0,0
7491,1,0,0,0,0
7492,1,0,0,0,0
7493,1,0,0,0,0
7494,1,0,0,0,0
7495,1,0,0,0,0
7496,1,0,0,0,0
7497,1,0,0,0,0
7498,1,0,0,0,0
7499,1,0,0,0,0
7500,1,0,0,0,0
7501,1,0,0,0,0
7502,1,0,0,0,0
7503,1,0,0,0,0
7504,1,0,0,0,0
7505,1,0,0,0,0
7506,1,0,0,0,0
7507,1,0,0,0,0
7508,1,0,0,0,0
7509,1,0,0,0,0
7510,1,0,0,0,0
7511,1,0,0,0,0
7512,1,0,0,0,0
7513,1,0,0,0,0
7514,1,0,0,0,0
7515,1,0,0,0,0
7516,1,0,0,0,0
7517,0,1,0,0,0
7518,0,1,0,0,0
7519,0,1,0,0,0
7520,0,0,0,1,0
7521,0,0,0,1,0
7522,0,0,0,1,0
7523,0,0,0,1,0
7524,0,0,0,1,0
7525,0,0,0,1,0
7526,0,0,0,1,0
7527,0,0,0,1,0
7528,0,0,0,1,0
7529,0,0,0,1,0
7530,0,1,0,0,0
7531,0,1,0,0,0
7532,0,1,0,0,0
7533,0,1,0,0,0
7534,0,1,0,0,0
7535,0,1,0,0,0
7536,0,1,0,0,0
7537,0,1,0,0,0
7538,0,1,0,0,0
7539,0,1,0,0,0
7540,0,1,0,0,0
7541,0,1,0,0,0
7542,0,1,0,0,0
7543,0,1,0,0,0
7544,0,1,0,0,0
7545,0,1,0,0,0
7546,0,1,0,0,0
7547,0,1,0,0,0
7548,0,1,0,0,0
7549,0,1,0,0,0
7550,0,1,0,0,0
7551,0,1,0,0,0
7552,0,1,0,0,0
7553,0,1,0,0,0
7554,0,1,0,0,0
7555,0,1,0,0,0
7556,0,1,0,0,0
7557,0,1,0,0,0
7558,0,1,0,0,0
7559,0,1,0,0,0
7560,0,1,0,0,0
7561,0,1,0,0,0
7562,0,1,0,0,0
7563,0,1,0,0,0
7564,0,1,0,0,0
7565,0,1,0,0,0
7566,0,1,0,0,0
7567,0,1,0,0,0
7568,0,1,0,0,0
7569,0,1,0,0,0
7570,0,1,0,0,0
7571,0,1,0,0,0
7572,0,1,0,0,0
7573,0,1,0,0,0
7574,0,1,0,0,0
7575,0,1,0,0,0
7576,0,1,0,0,0
7577,0,1,0,0,0
7578,0,1,0,0,0
7579,0,1,0,0,0
7580,0,1,0,0,0
7581,0,1,0,0,0
7582,0,1,0,0,0
7583,0,1,0,0,0
7584,0,1,0,0,0
7585,0,1,0,0,0
7586,0,1,0,0,0
7587,0,1,0,0,0
7588,0,1,0,0,0
7589,0,1,0,0,0
7590,0,1,0,0,0
7591,0,1,0,0,0
7592,0,1,0,0,0
7593,1,0,0,0,0
7594,1,0,0,0,0
7595,1,0,0,0,0
7596,1,0,0,0,0
7597,1,0,0,0,0
7598,1,0,0,0,0
7599,1,0,0,0,0
7600,1,0,0,0,0
7601,1,0,0,0,0
7602,1,0,0,0,0
7603,1,0,0,0,0
7604,1,0,0,0,0
7605,1,0,0,0,0
7606,1,0,0,0,0
7607,1,0,0,0,0
7608,1,0,0,0,0
7609,1,0,0,0,0
7610,1,0,0,0,0
7611,1,0,0,0,0
7612,1,0,0,0,0
7613,1,0,0,0,0
7614,1,0,0,0,0
7615,1,0,0,0,0
7616,1,0,0,0,0
7617,1,0,0,0,0
7618,1,0,0,0,0
7619,1,0,0,0,0
7620,1,0,0,0,0
7621,1,0,0,0,0
7622,1,0,0,0,0
7623,1,0,0,0,0
7624,1,0,0,0,0
7625,1,0,0,0,0
7626,1,0,0,0,0
7627,1,0,0,0,0
7628,1,0,0,0,0
7629,1,0,0,0,0
7630,1,0,0,0,0
7631,1,0,0,0,0
7632,1,0,0,0,0
7633,1,0,0,0,0
7634,1,0,0,0,0
7635,1,0,0,0,0
7636,1,0,0,0,0
7637,1,0,0,0,0
7638,1,0,0,0,0
7639,1,0,0,0,0
7640,1,0,0,0,0
7641,1,0,0,0,0
7642,1,0,0,0,0
7643,1,0,0,0,0
7644,1,0,0,0,0
7645,1,0,0,0,0
7646,1,0,0,0,0
7647,1,0,0,0,0
7648,1,0,0,0,0
7649,1,0,0,0,0
7650,1,0,0,0,0
7651,1,0,0,0,0
7652,1,0,0,0,0
7653,1,0,0,0,0
7654,1,0,0,0,0
7655,1,0,0,0,0
7656,1,0,0,0,0
7657,0,0,0,0,1
7658,0,0,0,0,1
7659,0,0,0,0,1
7660,0,0,0,0,1
7661,0,0,0,0,1
7662,0,0,0,0,1
7663,0,0,0,0,1
7664,0,0,0,0,1
7665,0,0,0,0,1
7666,0,0,0,0,1
7667,0,0,0,0,1
7668,0,0,0,0,1
7669,0,0,0,0,1
7670,0,0,0,0,1
7671,0,0,0,0,1
7672,0,0,0,0,1
7673,0,0,0,0,1
7674,0,0,0,0,1
7675,0,0,0,0,1
7676,0,0,0,0,1
7677,0,0,0,0,1
7678,1,0,0,0,0
7679,1,0,0,0,0
7680,1,0,0,0,0
7681,1,0,0,0,0
7682,1,0,0,0,0
7683,1,0,0,0,0
7684,1,0,0,0,0
7685,1,0,0,0,0
7686,1,0,0,0,0
7687,1,0,0,0,0
7688,1,0,0,0,0
7689,1,0,0,0,0
7690,1,0,0,0,0
7691,1,0,0,0,0
7692,1,0,0,0,0
7693,1,0,0,0,0
7694,1,0,0,0,0
7695,1,0,0,0,0
7696,1,0,0,0,0
7697,1,0,0,0,0
7698,1,0,0,0,0
7699,1,0,0,0,0
7700,1,0,0,0,0
7701,1,0,0,0,0
7702,1,0,0,0,0
7703,1,0,0,0,0
7704,1,0,0,0,0
7705,1,0,0,0,0
7706,1,0,0,0,0
7707,1,0,0,0,0
7708,1,0,0,0,0
7709,1,0,0,0,0
7710,1,0,0,0,0
7711,1,0,0,0,0
7712,1,0,0,0,0
7713,1,0,0,0,0
7714,1,0,0,0,0
7715,1,0,0,0,0
7716,1,0,0,0,0
7717,1,0,0,0,0
7718,1,0,0,0,0
7719,1,0,0,0,0
7720,1,0,0,0,0
7721,1,0,0,0,0
7722,1,0,0,0,0
7723,1,0,0,0,0
7724,1,0,0,0,0
7725,1,0,0,0,0
7726,1,0,0,0,0
7727,1,0,0,0,0
7728,1,0,0,0,0
7729,1,0,0,0,0
7730,1,0,0,0,0
7731,1,0,0,0,0
7732,1,0,0,0,0
7733,1,0,0,0,0
7734,1,0,0,0,0
7735,1,0,0,0,0
7736,1,0,0,0,0
7737,1,0,0,0,0
7738,1,0,0,0,0
7739,1,0,0,0,0
7740,1,0,0,0,0
7741,1,0,0,0,0
7742,1,0,0,0,0
7743,1,0,0,0,0
7744,1,0,0,0,0
7745,1,0,0,0,0
7746,1,0,0,0,0
7747,1,0,0,0,0
7748,1,0,0,0,0
7749,1,0,0,0,0
7750,1,0,0,0,0
7751,1,0,0,0,0
7752,1,0,0,0,0
7753,1,0,0,0,0
7754,1,0,0,0,0
7755,1,0,0,0,0
7756,1,0,0,0,0
7757,1,0,0,0,0
7758,1,0,0,0,0
7759,1,0,0,0,0
7760,1,0,0,0,0
7761,1,0,0,0,0
7762,1,0,0,0,0
7763,1,0,0,0,0
7764,1,0,0,0,0
7765,1,0,0,0,0
7766,1,0,0,0,0
7767,1,0,0,0,0
7768,1,0,0,0,0
7769,1,0,0,0,0
7770,1,0,0,0,0
7771,1,0,0,0,0
7772,1,0,0,0,0
7773,1,0,0,0,0
7774,1,0,0,0,0
7775,1,0,0,0,0
7776,1,0,0,0,0
7777,1,0,0,0,0
7778,1,0,0,0,0
7779,1,0,0,0,0
7780,1,0,0,0,0
7781,1,0,0,0,0
7782,1,0,0,0,0
7783,1,0,0,0,0
7784,1,0,0,0,0
7785,1,0,0,0,0
7786,1,0,0,0,0
7787,1,0,0,0,0
7788,1,0,0,0,0
7789,1,0,0,0,0
7790,1,0,0,0,0
7791,1,0,0,0,0
7792,1,0,0,0,0
7793,1,0,0,0,0
7794,1,0,0,0,0
7795,1,0,0,0,0
7796,0,0,0,0,1
7797,0,0,0,0,1
7798,0,0,0,0,1
7799,0,0,0,0,1
7800,0,0,0,0,1
7801,0,0,0,0,1
7802,0,0,0,0,1
7803,0,0,0,0,1
7804,0,0,0,0,1
7805,0,0,0,0,1
7806,0,0,0,0,1
7807,0,0,0,0,1
7808,0,0,0,0,1
7809,0,0,0,0,1
7810,0,0,0,0,1
7811,0,0,0,0,1
7812,0,0,0,0,1
7813,0,0,0,0,1
7814,0,0,0,0,1
7815,0,0,0,0,1
7816,0,0,0,0,1
7817,0,0,0,0,1
7818,0,0,0,0,1
7819,0,0,0,0,1
7820,0,0,0,0,1
7821,0,0,0,0,1
7822,0,0,0,0,1
7823,0,0,0,0,1
7824,0,0,0,0,1
7825,0,0,0,0,1
7826,0,0,0,0,1
7827,0,0,0,0,1
7828,0,0,0,0,1
7829,0,0,0,0,1
7830,0,0,0,0,1
7831,0,0,0,0,1
7832,0,0,0,0,1
7833,0,0,0,0,1
7834,0,0,0,0,1
7835,0,0,0,0,1
7836,0,0,0,0,1
7837,0,0,0,0,1
7838,0,0,0,0,1
7839,0,0,0,0,1
7840,0,0,0,0,1
7841,0,0,0,0,1
7842,0,0,0,0,1
7843,0,0,0,0,1
7844,0,0,0,0,1
7845,0,0,0,0,1
7846,0,0,0,0,1
7847,0,0,0,0,1
7848,0,0,0,0,1
7849,0,0,0,0,1
7850,0,0,0,0,1
7851,0,0,0,0,1
7852,0,0,0,0,1
7853,0,0,0,0,1
7854,0,0,0,0,1
7855,0,0,0,0,1
7856,0,0,0,0,1
7857,0,0,0,0,1
7858,0,0,0,0,1
7859,0,0,0,0,1
7860,0,0,0,0,1
7861,0,0,0,0,1
7862,0,0,0,0,1
7863,0,0,0,0,1
7864,0,0,0,0,1
7865,0,0,0,0,1
7866,0,0,0,0,1
7867,0,0,0,0,1
7868,0,0,0,0,1
7869,0,0,0,0,1
7870,0,0,0,0,1
7871,0,0,0,0,1
7872,0,0,0,0,1
7873,0,0,0,0,1
7874,0,0,0,0,1
7875,0,0,0,0,1
7876,0,0,0,0,1
7877,0,0,0,0,1
7878,0,0,0,0,1
7879,0,0,0,0,1
7880,0,0,0,0,1
7881,0,0,0,0,1
7882,0,0,0,0,1
7883,0,0,0,0,1
7884,0,0,0,0,1
7885,0,0,0,0,1
7886,0,0,0,0,1
7887,0,0,0,0,1
7888,0,0,0,0,1
7889,0,0,0,0,1
7890,0,0,0,0,1
7891,0,0,0,0,1
7892,0,0,0,0,1
7893,0,0,0,0,1
7894,0,0,0,0,1
7895,0,0,0,0,1
7896,0,0,0,0,1
7897,0,0,0,0,1
7898,0,0,0,0,1
7899,0,0,0,0,1
7900,0,0,0,0,1
7901,0,0,0,0,1
7902,0,0,0,0,1
7903,0,0,0,0,1
7904,0,0,0,0,1
7905,0,0,0,0,1
7906,0,0,0,0,1
7907,1,0,0,0,0
7908,1,0,0,0,0
7909,1,0,0,0,0
7910,1,0,0,0,0
7911,1,0,0,0,0
7912,1,0,0,0,0
7913,1,0,0,0,0
7914,1,0,0,0,0
7915,1,0,0,0,0
7916,1,0,0,0,0
7917,1,0,0,0,0
7918,1,0,0,0,0
7919,1,0,0,0,0
7920,1,0,0,0,0
7921,1,0,0,0,0
7922,1,0,0,0,0
7923,1,0,0,0,0
7924,1,0,0,0,0
7925,1,0,0,0,0
7926,1,0,0,0,0
7927,1,0,0,0,0
7928,1,0,0,0,0
7929,1,0,0,0,0
7930,1,0,0,0,0
7931,0,0,0,0,1
7932,0,0,0,0,1
7933,0,0,0,0,1
7934,0,0,0,0,1
7935,0,0,0,0,1
7936,0,0,0,0,1
7937,0,0,0,0,1
7938,0,0,0,0,1
7939,0,0,0,0,1
7940,0,0,0,0,1
7941,0,0,0,0,1
7942,0,0,0,0,1
7943,0,0,0,0,1
7944,0,0,0,0,1
7945,0,0,0,0,1
7946,0,0,0,0,1
7947,0,0,0,0,1
7948,0,0,0,0,1
7949,0,0,0,0,1
7950,0,0,0,0,1
7951,0,0,0,0,1
7952,0,0,0,0,1
7953,0,0,0,0,1
7954,0,0,0,0,1
7955,0,0,0,0,1
7956,0,0,0,0,1
7957,0,0,0,0,1
7958,0,0,0,0,1
7959,0,0,0,0,1
7960,0,0,0,0,1
7961,0,0,0,0,1
7962,0,0,0,0,1
7963,0,0,0,0,1
7964,0,0,0,0,1
7965,0,0,0,0,1
7966,0,0,0,0,1
7967,0,0,0,0,1
7968,0,0,0,0,1
7969,0,0,0,0,1
7970,0,0,0,0,1
7971,0,0,0,0,1
7972,0,0,0,0,1
7973,0,0,0,0,1
7974,0,0,0,0,1
7975,0,0,0,0,1
7976,0,0,0,0,1
7977,0,0,0,0,1
7978,0,0,0,0,1
7979,0,0,0,0,1
7980,0,0,0,0,1
7981,0,0,0,0,1
7982,0,0,0,0,1
7983,0,0,0,0,1
7984,0,0,0,0,1
7985,0,0,0,0,1
7986,0,0,0,0,1
7987,0,0,0,0,1
7988,0,0,0,0,1
7989,1,0,0,0,0
7990,1,0,0,0,0
7991,1,0,0,0,0
7992,1,0,0,0,0
7993,1,0,0,0,0
7994,1,0,0,0,0
7995,1,0,0,0,0
7996,1,0,0,0,0
7997,1,0,0,0,0
7998,1,0,0,0,0
7999,1,0,0,0,0
8000,1,0,0,0,0
8001,1,0,0,0,0
8002,1,0,0,0,0
8003,1,0,0,0,0
8004,1,0,0,0,0
8005,1,0,0,0,0
8006,1,0,0,0,0
8007,1,0,0,0,0
8008,1,0,0,0,0
8009,1,0,0,0,0
8010,1,0,0,0,0
8011,1,0,0,0,0
8012,1,0,0,0,0
8013,1,0,0,0,0
8014,1,0,0,0,0
8015,1,0,0,0,0
8016,1,0,0,0,0
8017,1,0,0,0,0
8018,1,0,0,0,0
8019,1,0,0,0,0
8020,1,0,0,0,0
8021,1,0,0,0,0
8022,1,0,0,0,0
8023,1,0,0,0,0
8024,1,0,0,0,0
8025,1,0,0,0,0
8026,1,0,0,0,0
8027,1,0,0,0,0
8028,1,0,0,0,0
8029,1,0,0,0,0
8030,1,0,0,0,0
8031,1,0,0,0,0
8032,1,0,0,0,0
8033,1,0,0,0,0
8034,1,0,0,0,0
8035,1,0,0,0,0
8036,1,0,0,0,0
8037,1,0,0,0,0
8038,1,0,0,0,0
8039,1,0,0,0,0
8040,1,0,0,0,0
8041,1,0,0,0,0
8042,1,0,0,0,0
8043,1,0,0,0,0
8044,1,0,0,0,0
8045,1,0,0,0,0
8046,1,0,0,0,0
8047,1,0,0,0,0
8048,1,0,0,0,0
8049,1,0,0,0,0
8050,1,0,0,0,0
8051,1,0,0,0,0
8052,1,0,0,0,0
8053,1,0,0,0,0
8054,1,0,0,0,0
8055,1,0,0,0,0
8056,1,0,0,0,0
8057,1,0,0,0,0
8058,1,0,0,0,0
8059,1,0,0,0,0
8060,1,0,0,0,0
8061,1,0,0,0,0
8062,1,0,0,0,0
8063,0,1,0,0,0
8064,0,1,0,0,0
8065,0,1,0,0,0
8066,0,1,0,0,0
8067,0,1,0,0,0
8068,0,1,0,0,0
8069,0,1,0,0,0
8070,0,1,0,0,0
8071,0,1,0,0,0
8072,0,1,0,0,0
8073,0,1,0,0,0
8074,0,1,0,0,0
8075,0,1,0,0,0
8076,0,1,0,0,0
8077,0,1,0,0,0
8078,0,1,0,0,0
8079,0,1,0,0,0
8080,0,1,0,0,0
8081,0,1,0,0,0
8082,0,1,0,0,0
8083,0,1,0,0,0
8084,0,1,0,0,0
8085,0,1,0,0,0
8086,0,1,0,0,0
8087,0,1,0,0,0
8088,0,1,0,0,0
8089,0,1,0,0,0
8090,0,1,0,0,0
8091,0,1,0,0,0
8092,0,1,0,0,0
8093,0,1,0,0,0
8094,0,1,0,0,0
8095,0,1,0,0,0
8096,0,1,0,0,0
8097,0,1,0,0,0
8098,1,0,0,0,0
8099,1,0,0,0,0
8100,1,0,0,0,0
8101,1,0,0,0,0
8102,1,0,0,0,0
8103,1,0,0,0,0
8104,1,0,0,0,0
8105,1,0,0,0,0
8106,1,0,0,0,0
8107,1,0,0,0,0
8108,1,0,0,0,0
8109,1,0,0,0,0
8110,1,0,0,0,0
8111,1,0,0,0,0
8112,1,0,0,0,0
8113,1,0,0,0,0
8114,1,0,0,0,0
8115,1,0,0,0,0
8116,1,0,0,0,0
8117,1,0,0,0,0
8118,1,0,0,0,0
8119,1,0,0,0,0
8120,1,0,0,0,0
8121,1,0,0,0,0
8122,1,0,0,0,0
8123,1,0,0,0,0
8124,1,0,0,0,0
8125,1,0,0,0,0
8126,1,0,0,0,0
8127,1,0,0,0,0
8128,1,0,0,0,0
8129,1,0,0,0,0
8130,1,0,0,0,0
8131,1,0,0,0,0
8132,1,0,0,0,0
8133,1,0,0,0,0
8134,1,0,0,0,0
8135,1,0,0,0,0
8136,1,0,0,0,0
8137,1,0,0,0,0
8138,1,0,0,0,0
8139,1,0,0,0,0
8140,1,0,0,0,0
8141,1,0,0,0,0
8142,1,0,0,0,0
8143,1,0,0,0,0
8144,1,0,0,0,0
8145,1,0,0,0,0
8146,1,0,0,0,0
8147,1,0,0,0,0
8148,1,0,0,0,0
8149,1,0,0,0,0
8150,1,0,0,0,0
8151,1,0,0,0,0
8152,1,0,0,0,0
8153,1,0,0,0,0
8154,1,0,0,0,0
8155,0,0,0,0,1
8156,0,0,0,0,1
8157,0,0,0,0,1
8158,0,0,0,0,1
8159,0,0,0,0,1
8160,0,0,0,0,1
8161,0,0,0,0,1
8162,0,0,0,0,1
8163,0,0,0,0,1
8164,0,0,0,0,1
8165,0,0,0,0,1
8166,0,0,0,0,1
8167,0,0,0,0,1
8168,0,0,0,0,1
8169,0,0,0,0,1
8170,0,0,0,0,1
8171,0,0,0,0,1
8172,0,0,0,0,1
8173,0,0,0,0,1
8174,0,0,0,0,1
8175,0,0,0,0,1
8176,0,0,0,0,1
8177,0,0,0,0,1
8178,0,0,0,0,1
8179,0,0,0,0,1
8180,0,0,0,0,1
8181,0,0,0,0,1
8182,0,0,0,0,1
8183,0,0,0,0,1
8184,0,0,0,0,1
8185,0,0,0,0,1
8186,0,0,0,0,1
8187,0,0,0,0,1
8188,0,0,0,0,1
8189,0,0,0,0,1
8190,0,0,0,0,1
8191,0,0,0,0,1
8192,0,0,0,0,1
8193,0,0,0,0,1
8194,0,0,0,0,1
8195,0,0,0,0,1
8196,0,0,0,0,1
8197,1,0,0,0,0
8198,1,0,0,0,0
8199,1,0,0,0,0
8200,1,0,0,0,0
8201,1,0,0,0,0
8202,1,0,0,0,0
8203,1,0,0,0,0
8204,1,0,0,0,0
8205,1,0,0,0,0
8206,1,0,0,0,0
8207,1,0,0,0,0
8208,1,0,0,0,0
8209,1,0,0,0,0
8210,1,0,0,0,0
8211,1,0,0,0,0
8212,1,0,0,0,0
8213,1,0,0,0,0
8214,1,0,0,0,0
8215,1,0,0,0,0
8216,1,0,0,0,0
8217,1,0,0,0,0
8218,1,0,0,0,0
8219,1,0,0,0,0
8220,1,0,0,0,0
8221,1,0,0,0,0
8222,1,0,0,0,0
8223,1,0,0,0,0
8224,1,0,0,0,0
8225,1,0,0,0,0
8226,1,0,0,0,0
8227,1,0,0,0,0
8228,1,0,0,0,0
8229,1,0,0,0,0
8230,1,0,0,0,0
8231,1,0,0,0,0
8232,1,0,0,0,0
8233,1,0,0,0,0
8234,1,0,0,0,0
8235,1,0,0,0,0
8236,1,0,0,0,0
8237,1,0,0,0,0
8238,1,0,0,0,0
8239,1,0,0,0,0
8240,1,0,0,0,0
8241,1,0,0,0,0
8242,1,0,0,0,0
8243,1,0,0,0,0
8244,1,0,0,0,0
8245,1,0,0,0,0
8246,1,0,0,0,0
8247,1,0,0,0,0
8248,1,0,0,0,0
8249,1,0,0,0,0
8250,1,0,0,0,0
8251,1,0,0,0,0
8252,1,0,0,0,0
8253,1,0,0,0,0
8254,1,0,0,0,0
8255,1,0,0,0,0
8256,1,0,0,0,0
8257,1,0,0,0,0
8258,1,0,0,0,0
8259,0,0,0,0,1
8260,0,0,0,0,1
8261,0,0,0,0,1
8262,0,0,0,0,1
8263,0,0,0,0,1
8264,0,0,0,0,1
8265,0,0,0,0,1
8266,0,0,0,0,1
8267,0,0,0,0,1
8268,0,0,0,0,1
8269,0,0,0,0,1
8270,0,0,0,0,1
8271,0,0,0,0,1
8272,0,0,0,0,1
8273,0,0,0,0,1
8274,0,0,0,0,1
8275,0,0,0,0,1
8276,0,0,0,0,1
8277,0,0,0,0,1
8278,0,0,0,0,1
8279,0,0,0,0,1
8280,0,0,0,0,1
8281,0,0,0,0,1
8282,0,0,0,0,1
8283,0,0,0,0,1
8284,0,0,0,0,1
8285,0,0,0,0,1
8286,0,0,0,0,1
8287,0,0,0,0,1
8288,0,0,0,0,1
8289,0,0,0,0,1
8290,0,0,0,0,1
8291,0,0,0,0,1
8292,0,0,0,0,1
8293,0,0,0,0,1
8294,0,0,0,0,1
8295,0,0,0,0,1
8296,0,0,0,0,1
8297,0,0,0,0,1
8298,0,0,0,0,1
8299,0,0,0,0,1
8300,0,0,0,0,1
8301,0,0,0,0,1
8302,0,0,0,0,1
8303,0,0,0,0,1
8304,0,0,0,0,1
8305,0,0,0,0,1
8306,0,0,0,0,1
8307,0,0,0,0,1
8308,0,0,0,0,1
8309,0,0,0,0,1
8310,0,0,0,0,1
8311,0,0,0,0,1
8312,0,0,0,0,1
8313,0,0,0,0,1
8314,0,0,0,0,1
8315,0,0,0,0,1
8316,0,0,0,0,1
8317,0,0,0,0,1
8318,0,0,0,0,1
8319,0,0,0,0,1
8320,0,0,0,0,1
8321,0,0,0,0,1
8322,0,0,0,0,1
8323,0,0,0,0,1
8324,0,0,0,0,1
8325,0,0,0,0,1
8326,0,0,0,0,1
8327,0,0,0,0,1
8328,0,0,0,0,1
8329,1,0,0,0,0
8330,1,0,0,0,0
8331,1,0,0,0,0
8332,1,0,0,0,0
8333,1,0,0,0,0
8334,1,0,0,0,0
8335,1,0,0,0,0
8336,1,0,0,0,0
8337,1,0,0,0,0
8338,1,0,0,0,0
8339,1,0,0,0,0
8340,1,0,0,0,0
8341,1,0,0,0,0
8342,1,0,0,0,0
8343,1,0,0,0,0
8344,1,0,0,0,0
8345,1,0,0,0,0
8346,1,0,0,0,0
8347,1,0,0,0,0
8348,1,0,0,0,0
8349,1,0,0,0,0
8350,1,0,0,0,0
8351,1,0,0,0,0
8352,1,0,0,0,0
8353,1,0,0,0,0
8354,1,0,0,0,0
8355,1,0,0,0,0
8356,1,0,0,0,0
8357,1,0,0,0,0
8358,1,0,0,0,0
8359,1,0,0,0,0
8360,1,0,0,0,0
8361,1,0,0,0,0
8362,1,0,0,0,0
8363,1,0,0,0,0
8364,1,0,0,0,0
8365,1,0,0,0,0
8366,1,0,0,0,0
8367,1,0,0,0,0
8368,1,0,0,0,0
8369,1,0,0,0,0
8370,1,0,0,0,0
8371,1,0,0,0,0
8372,1,0,0,0,0
8373,1,0,0,0,0
8374,1,0,0,0,0
8375,1,0,0,0,0
8376,1,0,0,0,0
8377,1,0,0,0,0
8378,1,0,0,0,0
8379,1,0,0,0,0
8380,1,0,0,0,0
8381,1,0,0,0,0
8382,1,0,0,0,0
8383,1,0,0,0,0
8384,1,0,0,0,0
8385,1,0,0,0,0
8386,1,0,0,0,0
8387,1,0,0,0,0
8388,1,0,0,0,0
8389,1,0,0,0,0
8390,1,0,0,0,0
8391,1,0,0,0,0
8392,0,1,0,0,0
8393,0,1,0,0,0
8394,0,1,0,0,0
8395,0,1,0,0,0
8396,0,1,0,0,0
8397,0,1,0,0,0
8398,0,1,0,0,0
8399,0,1,0,0,0
8400,0,1,0,0,0
8401,0,1,0,0,0
8402,0,1,0,0,0
8403,0,1,0,0,0
8404,0,1,0,0,0
8405,0,1,0,0,0
8406,0,1,0,0,0
8407,0,1,0,0,0
8408,0,1,0,0,0
8409,0,1,0,0,0
8410,0,1,0,0,0
8411,0,1,0,0,0
8412,0,1,0,0,0
8413,0,1,0,0,0
8414,0,1,0,0,0
8415,0,1,0,0,0
8416,0,1,0,0,0
8417,0,1,0,0,0
8418,0,1,0,0,0
8419,0,1,0,0,0
8420,0,1,0,0,0
8421,0,1,0,0,0
8422,1,0,0,0,0
8423,1,0,0,0,0
8424,1,0,0,0,0
8425,1,0,0,0,0
8426,1,0,0,0,0
8427,1,0,0,0,0
8428,1,0,0,0,0
8429,1,0,0,0,0
8430,1,0,0,0,0
8431,1,0,0,0,0
8432,1,0,0,0,0
8433,1,0,0,0,0
8434,1,0,0,0,0
8435,1,0,0,0,0
8436,1,0,0,0,0
8437,1,0,0,0,0
8438,1,0,0,0,0
8439,1,0,0,0,0
8440,1,0,0,0,0
8441,1,0,0,0,0
8442,1,0,0,0,0
8443,1,0,0,0,0
8444,1,0,0,0,0
8445,1,0,0,0,0
8446,1,0,0,0,0
8447,1,0,0,0,0
8448,1,0,0,0,0
8449,1,0,0,0,0
8450,1,0,0,0,0
8451,1,0,0,0,0
8452,1,0,0,0,0
8453,1,0,0,0,0
8454,1,0,0,0,0
8455,1,0,0,0,0
8456,1,0,0,0,0
8457,1,0,0,0,0
8458,1,0,0,0,0
8459,1,0,0,0,0
8460,1,0,0,0,0
8461,1,0,0,0,0
8462,1,0,0,0,0
8463,1,0,0,0,0
8464,1,0,0,0,0
8465,1,0,0,0,0
8466,1,0,0,0,0
8467,1,0,0,0,0
8468,1,0,0,0,0
8469,1,0,0,0,0
8470,1,0,0,0,0
8471,1,0,0,0,0
8472,1,0,0,0,0
8473,1,0,0,0,0
8474,1,0,0,0,0
8475,1,0,0,0,0
8476,1,0,0,0,0
8477,1,0,0,0,0
8478,1,0,0,0,0
8479,1,0,0,0,0
8480,1,0,0,0,0
8481,1,0,0,0,0
8482,1,0,0,0,0
8483,1,0,0,0,0
8484,1,0,0,0,0
8485,1,0,0,0,0
8486,1,0,0,0,0
8487,1,0,0,0,0
8488,1,0,0,0,0
8489,1,0,0,0,0
8490,1,0,0,0,0
8491,1,0,0,0,0
8492,1,0,0,0,0
8493,1,0,0,0,0
8494,1,0,0,0,0
8495,1,0,0,0,0
8496,1,0,0,0,0
8497,1,0,0,0,0
8498,1,0,0,0,0
8499,1,0,0,0,0
8500,1,0,0,0,0
8501,1,0,0,0,0
8502,1,0,0,0,0
8503,1,0,0,0,0
8504,1,0,0,0,0
8505,1,0,0,0,0
8506,1,0,0,0,0
8507,1,0,0,0,0
8508,0,0,0,0,1
8509,0,0,0,0,1
8510,0,0,0,0,1
8511,0,0,0,0,1
8512,0,0,0,0,1
8513,0,0,0,0,1
8514,0,0,0,0,1
8515,0,0,0,0,1
8516,0,0,0,0,1
8517,0,0,0,0,1
8518,0,0,0,0,1
8519,0,0,0,0,1
8520,0,0,0,0,1
8521,0,0,0,0,1
8522,0,0,0,0,1
8523,0,0,0,0,1
8524,0,0,0,0,1
8525,0,0,0,0,1
8526,0,0,0,0,1
8527,0,0,0,0,1
8528,0,0,0,0,1
8529,0,0,0,0,1
8530,0,0,0,0,1
8531,0,0,0,0,1
8532,0,0,0,0,1
8533,0,0,0,0,1
8534,0,0,0,0,1
8535,0,0,0,0,1
8536,0,0,0,0,1
8537,0,0,0,0,1
8538,0,0,0,0,1
8539,0,0,0,0,1
8540,0,0,0,0,1
8541,0,0,0,0,1
8542,0,0,0,0,1
8543,0,0,0,0,1
8544,0,0,0,0,1
8545,0,0,0,0,1
8546,0,0,0,0,1
8547,0,0,0,0,1
8548,0,0,0,0,1
8549,0,0,0,0,1
8550,0,0,0,0,1
8551,0,0,0,0,1
8552,0,0,0,0,1
8553,0,0,0,0,1
8554,0,0,0,0,1
8555,0,0,0,0,1
8556,0,0,0,0,1
8557,0,0,0,0,1
8558,0,0,0,0,1
8559,0,0,0,0,1
8560,0,0,0,0,1
8561,0,0,0,0,1
8562,0,0,0,0,1
8563,0,0,0,0,1
8564,0,0,0,0,1
8565,0,0,0,0,1
8566,0,0,0,0,1
8567,0,0,0,0,1
8568,0,0,0,0,1
8569,0,0,0,0,1
8570,0,0,0,0,1
8571,0,0,0,0,1
8572,0,0,0,0,1
8573,0,0,0,0,1
8574,1,0,0,0,0
8575,1,0,0,0,0
8576,1,0,0,0,0
8577,1,0,0,0,0
8578,1,0,0,0,0
8579,1,0,0,0,0
8580,1,0,0,0,0
8581,1,0,0,0,0
8582,1,0,0,0,0
8583,1,0,0,0,0
8584,1,0,0,0,0
8585,1,0,0,0,0
8586,1,0,0,0,0
8587,1,0,0,0,0
8588,1,0,0,0,0
8589,1,0,0,0,0
8590,1,0,0,0,0
8591,1,0,0,0,0
8592,1,0,0,0,0
8593,1,0,0,0,0
8594,1,0,0,0,0
8595,1,0,0,0,0
8596,1,0,0,0,0
8597,1,0,0,0,0
8598,1,0,0,0,0
8599,1,0,0,0,0
8600,1,0,0,0,0
8601,1,0,0,0,0
8602,1,0,0,0,0
8603,1,0,0,0,0
8604,1,0,0,0,0
8605,1,0,0,0,0
8606,1,0,0,0,0
8607,1,0,0,0,0
8608,1,0,0,0,0
8609,1,0,0,0,0
8610,1,0,0,0,0
8611,1,0,0,0,0
8612,1,0,0,0,0
8613,1,0,0,0,0
8614,1,0,0,0,0
8615,1,0,0,0,0
8616,1,0,0,0,0
8617,1,0,0,0,0
8618,1,0,0,0,0
8619,1,0,0,0,0
8620,1,0,0,0,0
8621,1,0,0,0,0
8622,1,0,0,0,0
8623,1,0,0,0,0
8624,1,0,0,0,0
8625,1,0,0,0,0
8626,1,0,0,0,0
8627,1,0,0,0,0
8628,1,0,0,0,0
8629,1,0,0,0,0
8630,1,0,0,0,0
8631,1,0,0,0,0
8632,1,0,0,0,0
8633,1,0,0,0,0
8634,1,0,0,0,0
8635,1,0,0,0,0
8636,1,0,0,0,0
8637,1,0,0,0,0
8638,1,0,0,0,0
8639,1,0,0,0,0
8640,1,0,0,0,0
8641,1,0,0,0,0
8642,1,0,0,0,0
8643,1,0,0,0,0
8644,1,0,0,0,0
8645,1,0,0,0,0
8646,1,0,0,0,0
8647,1,0,0,0,0
8648,1,0,0,0,0
8649,1,0,0,0,0
8650,1,0,0,0,0
8651,1,0,0,0,0
8652,1,0,0,0,0
8653,1,0,0,0,0
8654,1,0,0,0,0
8655,1,0,0,0,0
8656,1,0,0,0,0
8657,1,0,0,0,0
8658,1,0,0,0,0
8659,1,0,0,0,0
8660,1,0,0,0,0
8661,1,0,0,0,0
8662,1,0,0,0,0
8663,1,0,0,0,0
8664,1,0,0,0,0
8665,1,0,0,0,0
8666,1,0,0,0,0
8667,1,0,0,0,0
8668,1,0,0,0,0
8669,1,0,0,0,0
8670,1,0,0,0,0
8671,1,0,0,0,0
8672,1,0,0,0,0
8673,1,0,0,0,0
8674,1,0,0,0,0
8675,1,0,0,0,0
8676,1,0,0,0,0
8677,1,0,0,0,0
8678,1,0,0,0,0
8679,1,0,0,0,0
8680,1,0,0,0,0
8681,1,0,0,0,0
8682,1,0,0,0,0
8683,1,0,0,0,0
8684,1,0,0,0,0
8685,1,0,0,0,0
8686,1,0,0,0,0
8687,1,0,0,0,0
8688,1,0,0,0,0
8689,1,0,0,0,0
8690,1,0,0,0,0
8691,1,0,0,0,0
8692,1,0,0,0,0
8693,1,0,0,0,0
8694,1,0,0,0,0
8695,1,0,0,0,0
8696,1,0,0,0,0
8697,1,0,0,0,0
8698,1,0,0,0,0
8699,1,0,0,0,0
8700,1,0,0,0,0
8701,1,0,0,0,0
8702,1,0,0,0,0
8703,1,0,0,0,0
8704,1,0,0,0,0
8705,1,0,0,0,0
8706,1,0,0,0,0
8707,1,0,0,0,0
8708,1,0,0,0,0
8709,1,0,0,0,0
8710,1,0,0,0,0
8711,1,0,0,0,0
8712,1,0,0,0,0
8713,1,0,0,0,0
8714,1,0,0,0,0
8715,1,0,0,0,0
8716,1,0,0,0,0
8717,1,0,0,0,0
8718,1,0,0,0,0
8719,1,0,0,0,0
8720,1,0,0,0,0
8721,0,0,0,0,1
8722,0,0,0,0,1
8723,0,0,0,0,1
8724,0,0,0,0,1
8725,0,0,0,0,1
8726,0,0,0,0,1
8727,0,0,0,0,1
8728,0,0,0,0,1
8729,0,0,0,0,1
8730,0,0,0,0,1
8731,0,0,0,0,1
8732,0,0,0,0,1
8733,0,0,0,0,1
8734,0,0,0,0,1
8735,0,0,0,0,1
8736,0,0,0,0,1
8737,0,0,0,0,1
8738,0,0,0,0,1
8739,0,0,0,0,1
8740,0,0,0,0,1
8741,0,0,0,0,1
8742,0,0,0,1,0
8743,0,0,0,1,0
8744,0,0,0,1,0
8745,0,0,0,1,0
8746,0,0,0,1,0
8747,0,0,0,1,0
8748,0,0,0,1,0
8749,0,0,0,1,0
8750,0,0,0,1,0
8751,0,0,0,1,0
8752,0,0,0,1,0
8753,0,0,0,1,0
8754,0,0,0,1,0
8755,0,0,0,1,0
8756,0,0,0,1,0
8757,0,0,0,1,0
8758,0,0,0,1,0
8759,1,0,0,0,0
8760,1,0,0,0,0
8761,1,0,0,0,0
8762,1,0,0,0,0
8763,1,0,0,0,0
8764,1,0,0,0,0
8765,1,0,0,0,0
8766,1,0,0,0,0
8767,1,0,0,0,0
8768,1,0,0,0,0
8769,1,0,0,0,0
8770,1,0,0,0,0
8771,1,0,0,0,0
8772,1,0,0,0,0
8773,1,0,0,0,0
8774,1,0,0,0,0
8775,1,0,0,0,0
8776,1,0,0,0,0
8777,1,0,0,0,0
8778,1,0,0,0,0
8779,1,0,0,0,0
8780,1,0,0,0,0
8781,1,0,0,0,0
8782,1,0,0,0,0
8783,1,0,0,0,0
8784,1,0,0,0,0
8785,1,0,0,0,0
8786,1,0,0,0,0
8787,1,0,0,0,0
8788,1,0,0,0,0
8789,1,0,0,0,0
8790,1,0,0,0,0
8791,1,0,0,0,0
8792,1,0,0,0,0
8793,1,0,0,0,0
8794,1,0,0,0,0
8795,1,0,0,0,0
8796,1,0,0,0,0
8797,1,0,0,0,0
8798,1,0,0,0,0
8799,1,0,0,0,0
8800,1,0,0,0,0
8801,1,0,0,0,0
8802,1,0,0,0,0
8803,1,0,0,0,0
8804,1,0,0,0,0
8805,1,0,0,0,0
8806,1,0,0,0,0
8807,1,0,0,0,0
8808,1,0,0,0,0
8809,1,0,0,0,0
8810,1,0,0,0,0
8811,1,0,0,0,0
8812,1,0,0,0,0
8813,1,0,0,0,0
8814,1,0,0,0,0
8815,1,0,0,0,0
8816,1,0,0,0,0
8817,1,0,0,0,0
8818,1,0,0,0,0
8819,1,0,0,0,0
8820,1,0,0,0,0
8821,1,0,0,0,0
8822,1,0,0,0,0
8823,1,0,0,0,0
8824,1,0,0,0,0
8825,1,0,0,0,0
8826,1,0,0,0,0
8827,1,0,0,0,0
8828,1,0,0,0,0
8829,1,0,0,0,0
8830,1,0,0,0,0
8831,1,0,0,0,0
8832,1,0,0,0,0
8833,1,0,0,0,0
8834,1,0,0,0,0
8835,1,0,0,0,0
8836,1,0,0,0,0
8837,1,0,0,0,0
8838,1,0,0,0,0
8839,1,0,0,0,0
8840,1,0,0,0,0
8841,1,0,0,0,0
8842,1,0,0,0,0
8843,1,0,0,0,0
8844,1,0,0,0,0
8845,1,0,0,0,0
8846,1,0,0,0,0
8847,1,0,0,0,0
8848,1,0,0,0,0
8849,1,0,0,0,0
8850,1,0,0,0,0
8851,1,0,0,0,0
8852,1,0,0,0,0
8853,1,0,0,0,0
8854,1,0,0,0,0
8855,1,0,0,0,0
8856,1,0,0,0,0
8857,1,0,0,0,0
8858,0,0,0,0,1
8859,0,0,0,0,1
8860,0,0,0,0,1
8861,0,0,0,0,1
8862,0,0,0,0,1
8863,0,0,0,0,1
8864,0,0,0,0,1
8865,0,0,0,0,1
8866,0,0,0,0,1
8867,0,0,0,0,1
8868,0,0,0,0,1
8869,0,0,0,0,1
8870,0,0,0,0,1
8871,0,0,0,0,1
8872,0,0,0,0,1
8873,0,0,0,0,1
8874,0,0,0,0,1
8875,0,0,0,0,1
8876,0,0,0,0,1
8877,0,0,0,0,1
8878,0,0,0,0,1
8879,0,0,0,0,1
8880,0,0,0,0,1
8881,0,0,0,0,1
8882,0,0,0,0,1
8883,0,0,0,0,1
8884,0,0,0,0,1
8885,0,0,0,0,1
8886,0,0,0,0,1
8887,0,0,0,0,1
8888,0,0,0,0,1
8889,0,0,0,0,1
8890,0,0,0,0,1
8891,0,0,0,0,1
8892,0,0,0,0,1
8893,0,0,0,0,1
8894,0,0,0,0,1
8895,0,0,0,0,1
8896,0,0,0,0,1
8897,0,0,0,0,1
8898,0,0,0,0,1
8899,0,0,0,0,1
8900,0,0,0,0,1
8901,0,0,0,0,1
8902,0,0,0,0,1
8903,0,0,0,0,1
8904,0,0,0,0,1
8905,0,0,0,0,1
8906,0,0,0,0,1
8907,0,0,0,0,1
8908,0,0,0,0,1
8909,0,0,0,0,1
8910,0,0,0,0,1
8911,0,0,0,0,1
8912,0,0,0,0,1
8913,0,0,0,0,1
8914,0,0,0,0,1
8915,0,0,0,0,1
8916,0,0,0,0,1
8917,0,0,0,0,1
8918,0,0,0,0,1
8919,0,0,0,0,1
8920,0,0,0,0,1
8921,0,0,0,0,1
8922,0,0,0,0,1
8923,1,0,0,0,0
8924,1,0,0,0,0
8925,1,0,0,0,0
8926,1,0,0,0,0
8927,1,0,0,0,0
8928,1,0,0,0,0
8929,1,0,0,0,0
8930,1,0,0,0,0
8931,1,0,0,0,0
8932,1,0,0,0,0
8933,1,0,0,0,0
8934,1,0,0,0,0
8935,1,0,0,0,0
8936,1,0,0,0,0
8937,1,0,0,0,0
8938,1,0,0,0,0
8939,1,0,0,0,0
8940,1,0,0,0,0
8941,1,0,0,0,0
8942,1,0,0,0,0
8943,1,0,0,0,0
8944,1,0,0,0,0
8945,1,0,0,0,0
8946,1,0,0,0,0
8947,1,0,0,0,0
8948,1,0,0,0,0
8949,1,0,0,0,0
8950,1,0,0,0,0
8951,1,0,0,0,0
8952,1,0,0,0,0
8953,1,0,0,0,0
8954,1,0,0,0,0
8955,1,0,0,0,0
8956,1,0,0,0,0
8957,1,0,0,0,0
8958,1,0,0,0,0
8959,1,0,0,0,0
8960,1,0,0,0,0
8961,1,0,0,0,0
8962,1,0,0,0,0
8963,1,0,0,0,0
8964,1,0,0,0,0
8965,1,0,0,0,0
8966,1,0,0,0,0
8967,1,0,0,0,0
8968,1,0,0,0,0
8969,1,0,0,0,0
8970,1,0,0,0,0
8971,1,0,0,0,0
8972,1,0,0,0,0
8973,1,0,0,0,0
8974,1,0,0,0,0
8975,1,0,0,0,0
8976,1,0,0,0,0
8977,1,0,0,0,0
8978,1,0,0,0,0
8979,1,0,0,0,0
8980,1,0,0,0,0
8981,1,0,0,0,0
8982,1,0,0,0,0
8983,1,0,0,0,0
8984,1,0,0,0,0
8985,1,0,0,0,0
8986,1,0,0,0,0
8987,1,0,0,0,0
8988,1,0,0,0,0
8989,1,0,0,0,0
8990,1,0,0,0,0
8991,1,0,0,0,0
8992,1,0,0,0,0
8993,1,0,0,0,0
8994,1,0,0,0,0
8995,1,0,0,0,0
8996,1,0,0,0,0
8997,1,0,0,0,0
8998,1,0,0,0,0
8999,1,0,0,0,0
9000,1,0,0,0,0
9001,1,0,0,0,0
9002,1,0,0,0,0
9003,1,0,0,0,0
9004,1,0,0,0,0
9005,1,0,0,0,0
9006,1,0,0,0,0
9007,1,0,0,0,0
9008,1,0,0,0,0
9009,1,0,0,0,0
9010,1,0,0,0,0
9011,1,0,0,0,0
9012,1,0,0,0,0
9013,1,0,0,0,0
9014,1,0,0,0,0
9015,1,0,0,0,0
9016,1,0,0,0,0
9017,1,0,0,0,0
9018,1,0,0,0,0
9019,1,0,0,0,0
9020,1,0,0,0,0
9021,1,0,0,0,0
9022,1,0,0,0,0
9023,1,0,0,0,0
9024,1,0,0,0,0
9025,1,0,0,0,0
9026,1,0,0,0,0
9027,1,0,0,0,0
9028,1,0,0,0,0
9029,1,0,0,0,0
9030,1,0,0,0,0
9031,1,0,0,0,0
9032,1,0,0,0,0
9033,1,0,0,0,0
9034,1,0,0,0,0
9035,1,0,0,0,0
9036,1,0,0,0,0
9037,1,0,0,0,0
9038,1,0,0,0,0
9039,1,0,0,0,0
9040,1,0,0,0,0
9041,1,0,0,0,0
9042,1,0,0,0,0
9043,1,0,0,0,0
9044,1,0,0,0,0
9045,1,0,0,0,0
9046,1,0,0,0,0
9047,1,0,0,0,0
9048,1,0,0,0,0
9049,1,0,0,0,0
9050,1,0,0,0,0
9051,1,0,0,0,0
9052,1,0,0,0,0
9053,1,0,0,0,0
9054,1,0,0,0,0
9055,1,0,0,0,0
9056,1,0,0,0,0
9057,1,0,0,0,0
9058,1,0,0,0,0
9059,1,0,0,0,0
9060,1,0,0,0,0
9061,1,0,0,0,0
9062,1,0,0,0,0
9063,1,0,0,0,0
9064,1,0,0,0,0
9065,1,0,0,0,0
9066,1,0,0,0,0
9067,1,0,0,0,0
9068,1,0,0,0,0
9069,1,0,0,0,0
9070,1,0,0,0,0
9071,1,0,0,0,0
9072,1,0,0,0,0
9073,1,0,0,0,0
9074,1,0,0,0,0
9075,1,0,0,0,0
9076,1,0,0,0,0
9077,1,0,0,0,0
9078,1,0,0,0,0
9079,1,0,0,0,0
9080,0,0,0,0,1
9081,0,0,0,0,1
9082,0,0,0,0,1
9083,0,0,0,0,1
9084,0,0,0,0,1
9085,0,0,0,0,1
9086,0,0,0,0,1
9087,0,0,0,0,1
9088,0,0,0,0,1
9089,0,0,0,0,1
9090,0,0,0,0,1
9091,0,0,0,0,1
9092,0,0,0,0,1
9093,0,0,0,0,1
9094,0,0,0,0,1
9095,0,0,0,0,1
9096,0,0,0,0,1
9097,0,0,0,0,1
9098,0,0,0,0,1
9099,0,0,0,0,1
9100,0,0,0,0,1
9101,0,0,0,0,1
9102,0,0,0,0,1
9103,0,0,0,0,1
9104,0,0,0,0,1
9105,0,0,0,0,1
9106,0,0,0,0,1
9107,0,0,0,0,1
9108,0,0,0,0,1
9109,0,0,0,0,1
9110,0,0,0,0,1
9111,0,0,0,0,1
9112,0,0,0,0,1
9113,1,0,0,0,0
9114,1,0,0,0,0
9115,1,0,0,0,0
9116,1,0,0,0,0
9117,1,0,0,0,0
9118,1,0,0,0,0
9119,1,0,0,0,0
9120,1,0,0,0,0
9121,1,0,0,0,0
9122,1,0,0,0,0
9123,1,0,0,0,0
9124,1,0,0,0,0
9125,1,0,0,0,0
9126,1,0,0,0,0
9127,1,0,0,0,0
9128,1,0,0,0,0
9129,1,0,0,0,0
9130,1,0,0,0,0
9131,1,0,0,0,0
9132,1,0,0,0,0
9133,1,0,0,0,0
9134,1,0,0,0,0
9135,1,0,0,0,0
9136,1,0,0,0,0
9137,1,0,0,0,0
9138,1,0,0,0,0
9139,1,0,0,0,0
9140,1,0,0,0,0
9141,1,0,0,0,0
9142,1,0,0,0,0
9143,1,0,0,0,0
9144,1,0,0,0,0
9145,1,0,0,0,0
9146,1,0,0,0,0
9147,1,0,0,0,0
9148,1,0,0,0,0
9149,1,0,0,0,0
9150,1,0,0,0,0
9151,1,0,0,0,0
9152,1,0,0,0,0
9153,1,0,0,0,0
9154,1,0,0,0,0
9155,1,0,0,0,0
9156,1,0,0,0,0
9157,1,0,0,0,0
9158,1,0,0,0,0
9159,1,0,0,0,0
9160,1,0,0,0,0
9161,1,0,0,0,0
9162,1,0,0,0,0
9163,1,0,0,0,0
9164,1,0,0,0,0
9165,1,0,0,0,0
9166,1,0,0,0,0
9167,1,0,0,0,0
9168,1,0,0,0,0
9169,1,0,0,0,0
9170,1,0,0,0,0
9171,1,0,0,0,0
9172,1,0,0,0,0
9173,1,0,0,0,0
9174,1,0,0,0,0
9175,1,0,0,0,0
9176,1,0,0,0,0
9177,1,0,0,0,0
9178,1,0,0,0,0
9179,1,0,0,0,0
9180,1,0,0,0,0
9181,1,0,0,0,0
9182,1,0,0,0,0
9183,1,0,0,0,0
9184,1,0,0,0,0
9185,1,0,0,0,0
9186,1,0,0,0,0
9187,1,0,0,0,0
9188,1,0,0,0,0
9189,1,0,0,0,0
9190,1,0,0,0,0
9191,1,0,0,0,0
9192,1,0,0,0,0
9193,1,0,0,0,0
9194,1,0,0,0,0
9195,1,0,0,0,0
9196,1,0,0,0,0
9197,1,0,0,0,0
9198,1,0,0,0,0
9199,1,0,0,0,0
9200,1,0,0,0,0
9201,1,0,0,0,0
9202,1,0,0,0,0
9203,1,0,0,0,0
9204,1,0,0,0,0
9205,1,0,0,0,0
9206,1,0,0,0,0
9207,0,0,0,0,1
9208,0,0,0,0,1
9209,0,0,0,0,1
9210,0,0,0,0,1
9211,0,0,0,0,1
9212,0,0,0,0,1
9213,0,0,0,0,1
9214,0,0,0,0,1
9215,0,0,0,0,1
9216,0,0,0,0,1
9217,0,0,0,0,1
9218,0,0,0,0,1
9219,0,0,0,0,1
9220,0,0,0,0,1
9221,0,0,0,0,1
9222,0,0,0,0,1
9223,0,0,0,0,1
9224,0,0,0,0,1
9225,0,0,0,0,1
9226,0,0,0,0,1
9227,0,0,0,0,1
9228,0,0,0,0,1
9229,0,0,0,0,1
9230,0,0,0,0,1
9231,0,0,0,0,1
9232,0,0,0,0,1
9233,0,0,0,0,1
9234,0,0,0,0,1
9235,0,0,0,0,1
9236,0,0,0,0,1
9237,0,0,0,0,1
9238,0,0,0,0,1
9239,0,0,0,0,1
9240,0,0,0,0,1
9241,0,0,0,0,1
9242,0,0,0,0,1
9243,0,0,0,0,1
9244,0,0,0,0,1
9245,0,0,0,0,1
9246,0,0,0,0,1
9247,0,0,0,0,1
9248,0,0,0,0,1
9249,0,0,0,0,1
9250,0,0,0,0,1
9251,0,0,0,0,1
9252,0,0,0,0,1
9253,0,0,0,0,1
9254,0,0,0,0,1
9255,0,0,0,0,1
9256,0,0,0,0,1
9257,0,0,0,0,1
9258,0,0,0,0,1
9259,0,0,0,0,1
9260,0,0,0,0,1
9261,0,0,0,0,1
9262,0,0,0,0,1
9263,0,0,0,0,1
9264,0,0,0,0,1
9265,0,0,0,0,1
9266,0,0,0,0,1
9267,0,0,0,0,1
9268,0,0,0,0,1
9269,0,0,0,0,1
9270,0,0,0,0,1
9271,0,0,0,0,1
9272,0,0,0,0,1
9273,0,0,0,0,1
9274,0,0,0,0,1
9275,0,0,0,0,1
9276,0,0,0,0,1
9277,0,0,0,0,1
9278,0,0,0,0,1
9279,0,0,0,0,1
9280,0,0,0,0,1
9281,0,0,0,0,1
9282,0,0,0,0,1
9283,0,0,0,0,1
9284,0,0,0,0,1
9285,0,0,0,0,1
9286,0,0,0,0,1
9287,0,0,0,0,1
9288,0,0,0,0,1
9289,0,0,0,0,1
9290,0,0,0,0,1
9291,0,0,0,0,1
9292,0,0,0,0,1
9293,0,0,0,0,1
9294,0,0,0,0,1
9295,0,0,0,0,1
9296,0,0,0,0,1
9297,0,0,0,0,1
9298,0,0,0,0,1
9299,0,0,0,0,1
9300,0,0,0,0,1
9301,0,0,0,0,1
9302,0,0,0,0,1
9303,0,0,0,0,1
9304,0,0,0,0,1
9305,0,0,0,0,1
9306,0,0,0,0,1
9307,0,0,0,0,1
9308,0,0,0,0,1
9309,0,0,0,0,1
9310,0,0,0,0,1
9311,0,0,0,0,1
9312,0,0,0,0,1
9313,0,0,0,0,1
9314,0,0,0,0,1
9315,0,0,0,0,1
9316,0,0,0,0,1
9317,0,0,0,0,1
9318,0,0,0,0,1
9319,0,0,0,0,1
9320,0,0,0,0,1
9321,0,0,0,0,1
9322,0,0,0,0,1
9323,0,0,0,0,1
9324,0,0,0,0,1
9325,0,0,0,0,1
9326,0,0,0,0,1
9327,0,0,0,0,1
9328,0,0,0,0,1
9329,0,0,0,0,1
9330,0,0,0,0,1
9331,0,0,0,0,1
9332,0,0,0,0,1
9333,0,0,0,0,1
9334,0,0,0,0,1
9335,0,0,0,0,1
9336,0,0,0,0,1
9337,0,0,0,0,1
9338,0,0,0,0,1
9339,0,0,0,0,1
9340,0,0,0,0,1
9341,0,0,0,0,1
9342,0,0,0,0,1
9343,0,0,0,0,1
9344,0,0,0,0,1
9345,0,0,0,0,1
9346,0,0,0,0,1
9347,1,0,0,0,0
9348,1,0,0,0,0
9349,1,0,0,0,0
9350,1,0,0,0,0
9351,1,0,0,0,0
9352,1,0,0,0,0
9353,1,0,0,0,0
9354,1,0,0,0,0
9355,1,0,0,0,0
9356,1,0,0,0,0
9357,1,0,0,0,0
9358,1,0,0,0,0
9359,1,0,0,0,0
9360,1,0,0,0,0
9361,1,0,0,0,0
9362,1,0,0,0,0
9363,1,0,0,0,0
9364,1,0,0,0,0
9365,1,0,0,0,0
9366,1,0,0,0,0
9367,1,0,0,0,0
9368,1,0,0,0,0
9369,1,0,0,0,0
9370,1,0,0,0,0
9371,1,0,0,0,0
9372,1,0,0,0,0
9373,1,0,0,0,0
9374,1,0,0,0,0
9375,1,0,0,0,0
9376,1,0,0,0,0
9377,1,0,0,0,0
9378,1,0,0,0,0
9379,1,0,0,0,0
9380,1,0,0,0,0
9381,1,0,0,0,0
9382,1,0,0,0,0
9383,1,0,0,0,0
9384,1,0,0,0,0
9385,1,0,0,0,0
9386,1,0,0,0,0
9387,1,0,0,0,0
9388,1,0,0,0,0
9389,1,0,0,0,0
9390,1,0,0,0,0
9391,1,0,0,0,0
9392,1,0,0,0,0
9393,1,0,0,0,0
9394,0,0,0,0,1
9395,0,0,0,0,1
9396,0,0,0,0,1
9397,0,0,0,0,1
9398,0,0,0,0,1
9399,0,0,0,0,1
9400,0,0,0,0,1
9401,0,0,0,0,1
9402,0,0,0,0,1
9403,0,0,0,0,1
9404,0,0,0,0,1
9405,0,0,0,0,1
9406,0,0,0,0,1
9407,0,0,0,0,1
9408,0,0,0,0,1
9409,0,0,0,0,1
9410,0,0,0,0,1
9411,0,0,0,0,1
9412,0,0,0,0,1
9413,0,0,0,0,1
9414,0,0,0,0,1
9415,0,0,0,0,1
9416,0,0,0,0,1
9417,0,0,0,0,1
9418,0,0,0,0,1
9419,0,0,0,0,1
9420,0,0,0,0,1
9421,0,0,0,0,1
9422,0,0,0,0,1
9423,0,0,0,0,1
9424,0,0,0,0,1
9425,0,0,0,0,1
9426,0,0,0,0,1
9427,0,0,0,0,1
9428,0,0,0,0,1
9429,0,0,0,0,1
9430,0,0,0,0,1
9431,0,0,0,0,1
9432,0,0,0,0,1
9433,0,0,0,0,1
9434,0,0,0,0,1
9435,0,0,0,0,1
9436,0,0,0,0,1
9437,0,0,0,0,1
9438,0,0,0,0,1
9439,0,0,0,0,1
9440,1,0,0,0,0
9441,1,0,0,0,0
9442,1,0,0,0,0
9443,1,0,0,0,0
9444,1,0,0,0,0
9445,1,0,0,0,0
9446,1,0,0,0,0
9447,1,0,0,0,0
9448,1,0,0,0,0
9449,1,0,0,0,0
9450,1,0,0,0,0
9451,1,0,0,0,0
9452,1,0,0,0,0
9453,1,0,0,0,0
9454,1,0,0,0,0
9455,1,0,0,0,0
9456,1,0,0,0,0
9457,1,0,0,0,0
9458,1,0,0,0,0
9459,1,0,0,0,0
9460,1,0,0,0,0
9461,1,0,0,0,0
9462,1,0,0,0,0
9463,1,0,0,0,0
9464,1,0,0,0,0
9465,1,0,0,0,0
9466,1,0,0,0,0
9467,1,0,0,0,0
9468,1,0,0,0,0
9469,1,0,0,0,0
9470,1,0,0,0,0
9471,1,0,0,0,0
9472,1,0,0,0,0
9473,1,0,0,0,0
9474,1,0,0,0,0
9475,1,0,0,0,0
9476,1,0,0,0,0
9477,1,0,0,0,0
9478,1,0,0,0,0
9479,1,0,0,0,0
9480,1,0,0,0,0
9481,1,0,0,0,0
9482,1,0,0,0,0
9483,1,0,0,0,0
9484,1,0,0,0,0
9485,1,0,0,0,0
9486,1,0,0,0,0
9487,1,0,0,0,0
9488,1,0,0,0,0
9489,1,0,0,0,0
9490,1,0,0,0,0
9491,1,0,0,0,0
9492,1,0,0,0,0
9493,1,0,0,0,0
9494,1,0,0,0,0
9495,1,0,0,0,0
9496,1,0,0,0,0
9497,1,0,0,0,0
9498,1,0,0,0,0
9499,1,0,0,0,0
9500,1,0,0,0,0
9501,1,0,0,0,0
9502,1,0,0,0,0
9503,1,0,0,0,0
9504,1,0,0,0,0
9505,1,0,0,0,0
9506,1,0,0,0,0
9507,1,0,0,0,0
9508,1,0,0,0,0
9509,1,0,0,0,0
9510,1,0,0,0,0
9511,1,0,0,0,0
9512,1,0,0,0,0
9513,1,0,0,0,0
9514,1,0,0,0,0
9515,1,0,0,0,0
9516,1,0,0,0,0
9517,1,0,0,0,0
9518,1,0,0,0,0
9519,1,0,0,0,0
9520,1,0,0,0,0
9521,1,0,0,0,0
9522,1,0,0,0,0
9523,1,0,0,0,0
9524,1,0,0,0,0
9525,1,0,0,0,0
9526,1,0,0,0,0
9527,1,0,0,0,0
9528,1,0,0,0,0
9529,1,0,0,0,0
9530,1,0,0,0,0
9531,1,0,0,0,0
9532,1,0,0,0,0
9533,1,0,0,0,0
9534,1,0,0,0,0
9535,1,0,0,0,0
9536,1,0,0,0,0
9537,1,0,0,0,0
9538,1,0,0,0,0
9539,1,0,0,0,0
9540,1,0,0,0,0
9541,1,0,0,0,0
9542,1,0,0,0,0
9543,1,0,0,0,0
9544,1,0,0,0,0
9545,1,0,0,0,0
9546,1,0,0,0,0
9547,1,0,0,0,0
9548,1,0,0,0,0
9549,1,0,0,0,0
9550,1,0,0,0,0
9551,1,0,0,0,0
9552,1,0,0,0,0
9553,1,0,0,0,0
9554,1,0,0,0,0
9555,1,0,0,0,0
9556,1,0,0,0,0
9557,1,0,0,0,0
9558,1,0,0,0,0
9559,1,0,0,0,0
9560,1,0,0,0,0
9561,1,0,0,0,0
9562,1,0,0,0,0
9563,1,0,0,0,0
9564,1,0,0,0,0
9565,1,0,0,0,0
9566,1,0,0,0,0
9567,1,0,0,0,0
9568,1,0,0,0,0
9569,1,0,0,0,0
9570,1,0,0,0,0
9571,1,0,0,0,0
9572,1,0,0,0,0
9573,1,0,0,0,0
9574,1,0,0,0,0
9575,1,0,0,0,0
9576,1,0,0,0,0
9577,1,0,0,0,0
9578,1,0,0,0,0
9579,1,0,0,0,0
9580,1,0,0,0,0
9581,1,0,0,0,0
9582,1,0,0,0,0
9583,1,0,0,0,0
9584,1,0,0,0,0
9585,1,0,0,0,0
9586,1,0,0,0,0
9587,1,0,0,0,0
9588,1,0,0,0,0
9589,1,0,0,0,0
9590,1,0,0,0,0
9591,1,0,0,0,0
9592,1,0,0,0,0
9593,1,0,0,0,0
9594,1,0,0,0,0
9595,1,0,0,0,0
9596,1,0,0,0,0
9597,1,0,0,0,0
9598,1,0,0,0,0
9599,1,0,0,0,0
9600,1,0,0,0,0
9601,1,0,0,0,0
9602,1,0,0,0,0
9603,1,0,0,0,0
9604,1,0,0,0,0
9605,1,0,0,0,0
9606,1,0,0,0,0
9607,1,0,0,0,0
9608,1,0,0,0,0
9609,1,0,0,0,0
9610,1,0,0,0,0
9611,1,0,0,0,0
9612,1,0,0,0,0
9613,1,0,0,0,0
9614,1,0,0,0,0
9615,1,0,0,0,0
9616,1,0,0,0,0
9617,1,0,0,0,0
9618,1,0,0,0,0
9619,1,0,0,0,0
9620,1,0,0,0,0
9621,1,0,0,0,0
9622,1,0,0,0,0
9623,1,0,0,0,0
9624,1,0,0,0,0
9625,1,0,0,0,0
9626,1,0,0,0,0
9627,1,0,0,0,0
9628,1,0,0,0,0
9629,1,0,0,0,0
9630,1,0,0,0,0
9631,1,0,0,0,0
9632,1,0,0,0,0
9633,1,0,0,0,0
9634,1,0,0,0,0
9635,1,0,0,0,0
9636,1,0,0,0,0
9637,1,0,0,0,0
9638,1,0,0,0,0
9639,1,0,0,0,0
9640,1,0,0,0,0
9641,1,0,0,0,0
9642,1,0,0,0,0
9643,1,0,0,0,0
9644,1,0,0,0,0
9645,1,0,0,0,0
9646,1,0,0,0,0
9647,1,0,0,0,0
9648,0,1,0,0,0
9649,0,1,0,0,0
9650,0,1,0,0,0
9651,0,1,0,0,0
9652,0,1,0,0,0
9653,0,1,0,0,0
9654,0,1,0,0,0
9655,0,1,0,0,0
9656,0,1,0,0,0
9657,0,1,0,0,0
9658,0,1,0,0,0
9659,0,1,0,0,0
9660,0,1,0,0,0
9661,0,1,0,0,0
9662,0,1,0,0,0
9663,0,1,0,0,0
9664,0,1,0,0,0
9665,0,1,0,0,0
9666,0,1,0,0,0
9667,0,1,0,0,0
9668,0,0,0,1,0
9669,0,0,0,1,0
9670,0,0,0,1,0
9671,0,0,0,1,0
9672,0,0,0,1,0
9673,0,0,0,1,0
9674,0,0,0,1,0
9675,0,0,0,1,0
9676,0,0,0,1,0
9677,0,0,0,1,0
9678,0,0,0,1,0
9679,0,0,0,1,0
9680,1,0,0,0,0
9681,1,0,0,0,0
9682,1,0,0,0,0
9683,1,0,0,0,0
9684,1,0,0,0,0
9685,1,0,0,0,0
9686,1,0,0,0,0
9687,1,0,0,0,0
9688,1,0,0,0,0
9689,1,0,0,0,0
9690,1,0,0,0,0
9691,1,0,0,0,0
9692,1,0,0,0,0
9693,1,0,0,0,0
9694,1,0,0,0,0
9695,1,0,0,0,0
9696,1,0,0,0,0
9697,1,0,0,0,0
9698,1,0,0,0,0
9699,1,0,0,0,0
9700,1,0,0,0,0
9701,1,0,0,0,0
9702,1,0,0,0,0
9703,1,0,0,0,0
9704,1,0,0,0,0
9705,1,0,0,0,0
9706,1,0,0,0,0
9707,1,0,0,0,0
9708,1,0,0,0,0
9709,1,0,0,0,0
9710,1,0,0,0,0
9711,1,0,0,0,0
9712,1,0,0,0,0
9713,1,0,0,0,0
9714,1,0,0,0,0
9715,1,0,0,0,0
9716,1,0,0,0,0
9717,1,0,0,0,0
9718,1,0,0,0,0
9719,1,0,0,0,0
9720,1,0,0,0,0
9721,1,0,0,0,0
9722,1,0,0,0,0
9723,1,0,0,0,0
9724,1,0,0,0,0
9725,1,0,0,0,0
9726,1,0,0,0,0
9727,1,0,0,0,0
9728,1,0,0,0,0
9729,1,0,0,0,0
9730,1,0,0,0,0
9731,1,0,0,0,0
9732,1,0,0,0,0
9733,1,0,0,0,0
9734,1,0,0,0,0
9735,1,0,0,0,0
9736,1,0,0,0,0
9737,1,0,0,0,0
9738,1,0,0,0,0
9739,1,0,0,0,0
9740,1,0,0,0,0
9741,1,0,0,0,0
9742,1,0,0,0,0
9743,1,0,0,0,0
9744,1,0,0,0,0
9745,1,0,0,0,0
9746,1,0,0,0,0
9747,1,0,0,0,0
9748,1,0,0,0,0
9749,1,0,0,0,0
9750,1,0,0,0,0
9751,1,0,0,0,0
9752,1,0,0,0,0
9753,1,0,0,0,0
9754,1,0,0,0,0
9755,1,0,0,0,0
9756,1,0,0,0,0
9757,1,0,0,0,0
9758,1,0,0,0,0
9759,1,0,0,0,0
9760,1,0,0,0,0
9761,1,0,0,0,0
9762,1,0,0,0,0
9763,1,0,0,0,0
9764,1,0,0,0,0
9765,1,0,0,0,0
9766,1,0,0,0,0
9767,1,0,0,0,0
9768,1,0,0,0,0
9769,1,0,0,0,0
9770,1,0,0,0,0
9771,1,0,0,0,0
9772,1,0,0,0,0
9773,1,0,0,0,0
9774,1,0,0,0,0
9775,1,0,0,0,0
9776,1,0,0,0,0
9777,1,0,0,0,0
9778,1,0,0,0,0
9779,1,0,0,0,0
9780,1,0,0,0,0
9781,1,0,0,0,0
9782,1,0,0,0,0
9783,1,0,0,0,0
9784,1,0,0,0,0
9785,1,0,0,0,0
9786,1,0,0,0,0
9787,1,0,0,0,0
9788,1,0,0,0,0
9789,1,0,0,0,0
9790,1,0,0,0,0
9791,1,0,0,0,0
9792,1,0,0,0,0
9793,1,0,0,0,0
9794,1,0,0,0,0
9795,1,0,0,0,0
9796,1,0,0,0,0
9797,1,0,0,0,0
9798,1,0,0,0,0
9799,1,0,0,0,0
9800,1,0,0,0,0
9801,1,0,0,0,0
9802,1,0,0,0,0
9803,1,0,0,0,0
9804,1,0,0,0,0
9805,1,0,0,0,0
9806,1,0,0,0,0
9807,1,0,0,0,0
9808,1,0,0,0,0
9809,1,0,0,0,0
9810,1,0,0,0,0
9811,1,0,0,0,0
9812,1,0,0,0,0
9813,1,0,0,0,0
9814,1,0,0,0,0
9815,1,0,0,0,0
9816,1,0,0,0,0
9817,1,0,0,0,0
9818,1,0,0,0,0
9819,1,0,0,0,0
9820,1,0,0,0,0
9821,1,0,0,0,0
9822,1,0,0,0,0
9823,1,0,0,0,0
9824,1,0,0,0,0
9825,1,0,0,0,0
9826,1,0,0,0,0
9827,1,0,0,0,0
9828,1,0,0,0,0
9829,1,0,0,0,0
9830,1,0,0,0,0
9831,1,0,0,0,0
9832,1,0,0,0,0
9833,1,0,0,0,0
9834,1,0,0,0,0
9835,1,0,0,0,0
9836,1,0,0,0,0
9837,1,0,0,0,0
9838,1,0,0,0,0
9839,1,0,0,0,0
9840,1,0,0,0,0
9841,1,0,0,0,0
9842,1,0,0,0,0
9843,1,0,0,0,0
9844,1,0,0,0,0
9845,1,0,0,0,0
9846,1,0,0,0,0
9847,1,0,0,0,0
9848,1,0,0,0,0
9849,1,0,0,0,0
9850,1,0,0,0,0
9851,1,0,0,0,0
9852,1,0,0,0,0
9853,1,0,0,0,0
9854,1,0,0,0,0
9855,1,0,0,0,0
9856,1,0,0,0,0
9857,1,0,0,0,0
9858,1,0,0,0,0
9859,1,0,0,0,0
9860,1,0,0,0,0
9861,1,0,0,0,0
9862,1,0,0,0,0
9863,1,0,0,0,0
9864,1,0,0,0,0
9865,1,0,0,0,0
9866,1,0,0,0,0
9867,1,0,0,0,0
9868,1,0,0,0,0
9869,1,0,0,0,0
9870,1,0,0,0,0
9871,1,0,0,0,0
9872,1,0,0,0,0
9873,1,0,0,0,0
9874,1,0,0,0,0
9875,1,0,0,0,0
9876,1,0,0,0,0
9877,1,0,0,0,0
9878,1,0,0,0,0
9879,1,0,0,0,0
9880,1,0,0,0,0
9881,1,0,0,0,0
9882,1,0,0,0,0
9883,1,0,0,0,0
9884,1,0,0,0,0
9885,1,0,0,0,0
9886,1,0,0,0,0
9887,1,0,0,0,0
9888,1,0,0,0,0
9889,1,0,0,0,0
9890,1,0,0,0,0
9891,1,0,0,0,0
9892,1,0,0,0,0
9893,1,0,0,0,0
9894,1,0,0,0,0
9895,1,0,0,0,0
9896,1,0,0,0,0
9897,1,0,0,0,0
9898,1,0,0,0,0
9899,1,0,0,0,0
9900,1,0,0,0,0
9901,1,0,0,0,0
9902,1,0,0,0,0
9903,1,0,0,0,0
9904,1,0,0,0,0
9905,1,0,0,0,0
9906,1,0,0,0,0
9907,1,0,0,0,0
9908,1,0,0,0,0
9909,1,0,0,0,0
9910,1,0,0,0,0
9911,1,0,0,0,0
9912,1,0,0,0,0
9913,1,0,0,0,0
9914,1,0,0,0,0
9915,1,0,0,0,0
9916,1,0,0,0,0
9917,1,0,0,0,0
9918,1,0,0,0,0
9919,1,0,0,0,0
9920,1,0,0,0,0
9921,1,0,0,0,0
9922,1,0,0,0,0
9923,1,0,0,0,0
9924,1,0,0,0,0
9925,1,0,0,0,0
9926,1,0,0,0,0
9927,1,0,0,0,0
9928,1,0,0,0,0
9929,1,0,0,0,0
9930,1,0,0,0,0
9931,1,0,0,0,0
9932,1,0,0,0,0
9933,1,0,0,0,0
9934,1,0,0,0,0
9935,1,0,0,0,0
9936,1,0,0,0,0
9937,1,0,0,0,0
9938,1,0,0,0,0
9939,1,0,0,0,0
9940,1,0,0,0,0
9941,1,0,0,0,0
9942,1,0,0,0,0
9943,1,0,0,0,0
9944,1,0,0,0,0
9945,1,0,0,0,0
9946,1,0,0,0,0
9947,1,0,0,0,0
9948,1,0,0,0,0
9949,1,0,0,0,0
9950,1,0,0,0,0
9951,1,0,0,0,0
9952,1,0,0,0,0
9953,1,0,0,0,0
9954,1,0,0,0,0
9955,1,0,0,0,0
9956,1,0,0,0,0
9957,1,0,0,0,0
9958,1,0,0,0,0
9959,1,0,0,0,0
9960,1,0,0,0,0
9961,1,0,0,0,0
9962,1,0,0,0,0
9963,1,0,0,0,0
9964,1,0,0,0,0
9965,1,0,0,0,0
9966,1,0,0,0,0
9967,1,0,0,0,0
9968,1,0,0,0,0
9969,1,0,0,0,0
9970,1,0,0,0,0
9971,1,0,0,0,0
9972,1,0,0,0,0
9973,1,0,0,0,0
9974,1,0,0,0,0
9975,1,0,0,0,0
9976,1,0,0,0,0
9977,1,0,0,0,0
9978,1,0,0,0,0
9979,1,0,0,0,0
9980,1,0,0,0,0
9981,1,0,0,0,0
9982,1,0,0,0,0
9983,1,0,0,0,0
9984,1,0,0,0,0
9985,1,0,0,0,0
9986,1,0,0,0,0
9987,1,0,0,0,0
9988,1,0,0,0,0
9989,1,0,0,0,0
9990,1,0,0,0,0
9991,1,0,0,0,0
9992,1,0,0,0,0
9993,1,0,0,0,0
9994,1,0,0,0,0
9995,1,0,0,0,0
9996,1,0,0,0,0
9997,1,0,0,0,0
9998,1,0,0,0,0
9999,1,0,0,0,0
10000,1,0,0,0,0
10001,1,0,0,0,0
10002,1,0,0,0,0
10003,1,0,0,0,0
10004,1,0,0,0,0
10005,1,0,0,0,0
10006,1,0,0,0,0
10007,1,0,0,0,0
10008,1,0,0,0,0
10009,1,0,0,0,0
10010,1,0,0,0,0
10011,1,0,0,0,0
10012,1,0,0,0,0
10013,1,0,0,0,0
10014,1,0,0,0,0
10015,1,0,0,0,0
10016,1,0,0,0,0
10017,1,0,0,0,0
10018,1,0,0,0,0
10019,1,0,0,0,0
10020,1,0,0,0,0
10021,1,0,0,0,0
10022,1,0,0,0,0
10023,1,0,0,0,0
10024,1,0,0,0,0
10025,1,0,0,0,0
10026,1,0,0,0,0
10027,1,0,0,0,0
10028,1,0,0,0,0
10029,1,0,0,0,0
10030,1,0,0,0,0
10031,1,0,0,0,0
10032,1,0,0,0,0
10033,1,0,0,0,0
10034,1,0,0,0,0
10035,1,0,0,0,0
10036,1,0,0,0,0
10037,1,0,0,0,0
10038,1,0,0,0,0
10039,1,0,0,0,0
10040,1,0,0,0,0
10041,1,0,0,0,0
10042,1,0,0,0,0
10043,1,0,0,0,0
10044,1,0,0,0,0
10045,1,0,0,0,0
10046,1,0,0,0,0
10047,1,0,0,0,0
10048,1,0,0,0,0
10049,1,0,0,0,0
10050,1,0,0,0,0
10051,1,0,0,0,0
10052,1,0,0,0,0
10053,1,0,0,0,0
10054,1,0,0,0,0
10055,1,0,0,0,0
10056,1,0,0,0,0
10057,1,0,0,0,0
10058,1,0,0,0,0
10059,1,0,0,0,0
10060,1,0,0,0,0
10061,1,0,0,0,0
10062,1,0,0,0,0
10063,1,0,0,0,0
10064,1,0,0,0,0
10065,1,0,0,0,0
10066,1,0,0,0,0
10067,1,0,0,0,0
10068,1,0,0,0,0
10069,1,0,0,0,0
10070,1,0,0,0,0
10071,1,0,0,0,0
10072,1,0,0,0,0
10073,1,0,0,0,0
10074,1,0,0,0,0
10075,1,0,0,0,0
10076,1,0,0,0,0
10077,1,0,0,0,0
10078,1,0,0,0,0
10079,1,0,0,0,0
10080,1,0,0,0,0
10081,1,0,0,0,0
10082,1,0,0,0,0
10083,1,0,0,0,0
10084,1,0,0,0,0
10085,1,0,0,0,0
10086,1,0,0,0,0
10087,1,0,0,0,0
10088,1,0,0,0,0
10089,1,0,0,0,0
10090,1,0,0,0,0
10091,1,0,0,0,0
10092,1,0,0,0,0
10093,1,0,0,0,0
10094,1,0,0,0,0
10095,1,0,0,0,0
10096,1,0,0,0,0
10097,1,0,0,0,0
10098,1,0,0,0,0
10099,1,0,0,0,0
10100,1,0,0,0,0
10101,1,0,0,0,0
10102,1,0,0,0,0
10103,1,0,0,0,0
10104,1,0,0,0,0
10105,1,0,0,0,0
10106,1,0,0,0,0
10107,1,0,0,0,0
10108,1,0,0,0,0
10109,1,0,0,0,0
10110,1,0,0,0,0
10111,1,0,0,0,0
10112,1,0,0,0,0
10113,1,0,0,0,0
10114,1,0,0,0,0
10115,1,0,0,0,0
10116,1,0,0,0,0
10117,1,0,0,0,0
10118,1,0,0,0,0
10119,1,0,0,0,0
10120,1,0,0,0,0
10121,1,0,0,0,0
10122,1,0,0,0,0
10123,1,0,0,0,0
10124,1,0,0,0,0
10125,1,0,0,0,0
10126,0,0,0,1,0
10127,0,0,0,1,0
10128,0,0,0,1,0
10129,0,0,0,1,0
10130,0,0,0,1,0
10131,0,0,0,1,0
10132,0,0,0,1,0
10133,0,0,0,1,0
10134,0,0,0,1,0
10135,0,0,0,1,0
10136,0,0,0,1,0
10137,0,0,0,1,0
10138,0,0,0,1,0
10139,0,0,0,1,0
10140,0,0,0,1,0
10141,0,0,0,1,0
10142,0,0,0,1,0
10143,0,0,0,1,0
10144,0,0,0,1,0
10145,0,0,0,1,0
10146,0,0,0,1,0
10147,0,0,0,1,0
10148,0,0,0,1,0
10149,0,0,0,1,0
10150,0,0,0,1,0
10151,0,0,0,1,0
10152,0,0,0,1,0
10153,0,0,0,1,0
10154,0,0,0,1,0
10155,0,0,0,1,0
10156,0,0,0,1,0
10157,0,0,0,1,0
10158,0,0,0,1,0
10159,0,0,0,1,0
10160,0,0,0,1,0
10161,0,0,0,1,0
10162,0,0,0,1,0
10163,0,0,0,1,0
10164,0,0,0,1,0
10165,0,0,0,1,0
10166,0,0,0,1,0
10167,0,0,0,1,0
10168,0,0,0,1,0
10169,0,0,0,1,0
10170,0,0,0,1,0
10171,0,0,0,1,0
10172,0,0,0,1,0
10173,0,0,0,1,0
10174,0,0,0,1,0
10175,0,0,0,1,0
10176,0,0,0,1,0
10177,0,0,0,1,0
10178,0,0,0,1,0
10179,0,0,0,1,0
10180,0,0,0,1,0
10181,0,0,0,1,0
10182,0,0,0,1,0
10183,0,0,0,1,0
10184,0,0,0,1,0
10185,0,0,0,1,0
10186,0,0,0,1,0
10187,0,0,0,1,0
10188,0,0,0,1,0
10189,0,0,0,1,0
10190,0,0,0,1,0
10191,0,0,0,1,0
10192,0,0,0,1,0
10193,0,0,0,1,0
10194,0,0,0,1,0
10195,0,0,0,1,0
10196,0,0,0,1,0
10197,0,0,0,1,0
10198,0,0,0,1,0
10199,0,0,0,1,0
10200,0,0,0,1,0
10201,0,0,0,1,0
10202,0,0,0,1,0
10203,1,0,0,0,0
10204,1,0,0,0,0
10205,1,0,0,0,0
10206,1,0,0,0,0
10207,1,0,0,0,0
10208,1,0,0,0,0
10209,1,0,0,0,0
10210,1,0,0,0,0
10211,1,0,0,0,0
10212,1,0,0,0,0
10213,1,0,0,0,0
10214,1,0,0,0,0
10215,1,0,0,0,0
10216,1,0,0,0,0
10217,1,0,0,0,0
10218,1,0,0,0,0
10219,1,0,0,0,0
10220,1,0,0,0,0
10221,1,0,0,0,0
10222,1,0,0,0,0
10223,1,0,0,0,0
10224,1,0,0,0,0
10225,1,0,0,0,0
10226,1,0,0,0,0
10227,1,0,0,0,0
10228,1,0,0,0,0
10229,1,0,0,0,0
10230,1,0,0,0,0
10231,1,0,0,0,0
10232,1,0,0,0,0
10233,1,0,0,0,0
10234,1,0,0,0,0
10235,1,0,0,0,0
10236,1,0,0,0,0
10237,1,0,0,0,0
10238,1,0,0,0,0
10239,1,0,0,0,0
10240,1,0,0,0,0
10241,1,0,0,0,0
10242,1,0,0,0,0
10243,1,0,0,0,0
10244,1,0,0,0,0
10245,1,0,0,0,0
10246,1,0,0,0,0
10247,1,0,0,0,0
10248,1,0,0,0,0
10249,1,0,0,0,0
10250,1,0,0,0,0
10251,1,0,0,0,0
10252,1,0,0,0,0
10253,1,0,0,0,0
10254,1,0,0,0,0
10255,1,0,0,0,0
10256,1,0,0,0,0
10257,1,0,0,0,0
10258,1,0,0,0,0
10259,1,0,0,0,0
10260,1,0,0,0,0
10261,1,0,0,0,0
10262,1,0,0,0,0
10263,1,0,0,0,0
10264,1,0,0,0,0
10265,1,0,0,0,0
10266,1,0,0,0,0
10267,1,0,0,0,0
10268,1,0,0,0,0
10269,1,0,0,0,0
10270,1,0,0,0,0
10271,1,0,0,0,0
10272,1,0,0,0,0
10273,1,0,0,0,0
10274,1,0,0,0,0
10275,1,0,0,0,0
10276,1,0,0,0,0
10277,1,0,0,0,0
10278,1,0,0,0,0
10279,1,0,0,0,0
10280,1,0,0,0,0
10281,1,0,0,0,0
10282,1,0,0,0,0
10283,1,0,0,0,0
10284,1,0,0,0,0
10285,1,0,0,0,0
10286,1,0,0,0,0
10287,1,0,0,0,0
10288,1,0,0,0,0
10289,1,0,0,0,0
10290,1,0,0,0,0
10291,1,0,0,0,0
10292,1,0,0,0,0
10293,1,0,0,0,0
10294,1,0,0,0,0
10295,1,0,0,0,0
10296,1,0,0,0,0
10297,1,0,0,0,0
10298,1,0,0,0,0
10299,1,0,0,0,0
10300,1,0,0,0,0
10301,1,0,0,0,0
10302,1,0,0,0,0
10303,1,0,0,0,0
10304,1,0,0,0,0
10305,1,0,0,0,0
10306,1,0,0,0,0
10307,1,0,0,0,0
10308,1,0,0,0,0
10309,1,0,0,0,0
10310,1,0,0,0,0
10311,1,0,0,0,0
10312,1,0,0,0,0
10313,1,0,0,0,0
10314,1,0,0,0,0
10315,1,0,0,0,0
10316,1,0,0,0,0
10317,1,0,0,0,0
10318,1,0,0,0,0
10319,1,0,0,0,0
10320,1,0,0,0,0
10321,1,0,0,0,0
10322,1,0,0,0,0
10323,1,0,0,0,0
10324,1,0,0,0,0
10325,1,0,0,0,0
10326,1,0,0,0,0
10327,1,0,0,0,0
10328,1,0,0,0,0
10329,1,0,0,0,0
10330,1,0,0,0,0
10331,1,0,0,0,0
10332,1,0,0,0,0
10333,1,0,0,0,0
10334,1,0,0,0,0
10335,1,0,0,0,0
10336,1,0,0,0,0
10337,1,0,0,0,0
10338,1,0,0,0,0
10339,1,0,0,0,0
10340,1,0,0,0,0
10341,1,0,0,0,0
10342,1,0,0,0,0
10343,1,0,0,0,0
10344,1,0,0,0,0
10345,1,0,0,0,0
10346,1,0,0,0,0
10347,1,0,0,0,0
10348,1,0,0,0,0
10349,1,0,0,0,0
10350,1,0,0,0,0
10351,1,0,0,0,0
10352,1,0,0,0,0
10353,1,0,0,0,0
10354,1,0,0,0,0
10355,1,0,0,0,0
10356,1,0,0,0,0
10357,1,0,0,0,0
10358,1,0,0,0,0
10359,1,0,0,0,0
10360,1,0,0,0,0
10361,1,0,0,0,0
10362,1,0,0,0,0
10363,1,0,0,0,0
10364,1,0,0,0,0
10365,1,0,0,0,0
10366,1,0,0,0,0
10367,1,0,0,0,0
10368,1,0,0,0,0
10369,1,0,0,0,0
10370,1,0,0,0,0
10371,1,0,0,0,0
10372,1,0,0,0,0
10373,1,0,0,0,0
10374,1,0,0,0,0
10375,1,0,0,0,0
10376,1,0,0,0,0
10377,1,0,0,0,0
10378,1,0,0,0,0
10379,1,0,0,0,0
10380,1,0,0,0,0
10381,1,0,0,0,0
10382,1,0,0,0,0
10383,1,0,0,0,0
10384,1,0,0,0,0
10385,1,0,0,0,0
10386,1,0,0,0,0
10387,1,0,0,0,0
10388,1,0,0,0,0
10389,1,0,0,0,0
10390,1,0,0,0,0
10391,1,0,0,0,0
10392,1,0,0,0,0
10393,1,0,0,0,0
10394,1,0,0,0,0
10395,1,0,0,0,0
10396,1,0,0,0,0
10397,1,0,0,0,0
10398,1,0,0,0,0
10399,1,0,0,0,0
10400,1,0,0,0,0
10401,1,0,0,0,0
10402,1,0,0,0,0
10403,1,0,0,0,0
10404,1,0,0,0,0
10405,1,0,0,0,0
10406,1,0,0,0,0
10407,1,0,0,0,0
10408,1,0,0,0,0
10409,1,0,0,0,0
10410,1,0,0,0,0
10411,1,0,0,0,0
10412,1,0,0,0,0
10413,1,0,0,0,0
10414,1,0,0,0,0
10415,1,0,0,0,0
10416,1,0,0,0,0
10417,1,0,0,0,0
10418,1,0,0,0,0
10419,1,0,0,0,0
10420,1,0,0,0,0
10421,1,0,0,0,0
10422,1,0,0,0,0
10423,1,0,0,0,0
10424,1,0,0,0,0
10425,1,0,0,0,0
10426,1,0,0,0,0
10427,1,0,0,0,0
10428,1,0,0,0,0
10429,1,0,0,0,0
10430,1,0,0,0,0
10431,1,0,0,0,0
10432,1,0,0,0,0
10433,1,0,0,0,0
10434,1,0,0,0,0
10435,1,0,0,0,0
10436,1,0,0,0,0
10437,1,0,0,0,0
10438,1,0,0,0,0
10439,1,0,0,0,0
10440,1,0,0,0,0
10441,1,0,0,0,0
10442,1,0,0,0,0
10443,1,0,0,0,0
10444,1,0,0,0,0
10445,1,0,0,0,0
10446,1,0,0,0,0
10447,1,0,0,0,0
10448,1,0,0,0,0
10449,1,0,0,0,0
10450,1,0,0,0,0
10451,1,0,0,0,0
10452,1,0,0,0,0
10453,1,0,0,0,0
10454,1,0,0,0,0
10455,1,0,0,0,0
10456,1,0,0,0,0
10457,1,0,0,0,0
10458,1,0,0,0,0
10459,1,0,0,0,0
10460,1,0,0,0,0
10461,1,0,0,0,0
10462,1,0,0,0,0
10463,1,0,0,0,0
10464,1,0,0,0,0
10465,1,0,0,0,0
10466,1,0,0,0,0
10467,1,0,0,0,0
10468,1,0,0,0,0
10469,1,0,0,0,0
10470,1,0,0,0,0
10471,1,0,0,0,0
10472,1,0,0,0,0
10473,1,0,0,0,0
10474,1,0,0,0,0
10475,1,0,0,0,0
10476,1,0,0,0,0
10477,1,0,0,0,0
10478,1,0,0,0,0
10479,1,0,0,0,0
10480,1,0,0,0,0
10481,1,0,0,0,0
10482,1,0,0,0,0
10483,1,0,0,0,0
10484,1,0,0,0,0
10485,1,0,0,0,0
10486,1,0,0,0,0
10487,1,0,0,0,0
10488,1,0,0,0,0
10489,0,1,0,0,0
10490,0,1,0,0,0
10491,0,1,0,0,0
10492,0,1,0,0,0
10493,0,1,0,0,0
10494,0,1,0,0,0
10495,0,1,0,0,0
10496,0,1,0,0,0
10497,0,1,0,0,0
10498,0,1,0,0,0
10499,0,1,0,0,0
10500,0,1,0,0,0
10501,0,1,0,0,0
10502,0,1,0,0,0
10503,0,1,0,0,0
10504,0,1,0,0,0
10505,0,1,0,0,0
10506,0,1,0,0,0
10507,0,1,0,0,0
10508,0,1,0,0,0
10509,0,1,0,0,0
10510,0,1,0,0,0
10511,0,1,0,0,0
10512,0,1,0,0,0
10513,0,1,0,0,0
10514,0,1,0,0,0
10515,0,1,0,0,0
10516,0,1,0,0,0
10517,0,1,0,0,0
10518,0,1,0,0,0
10519,0,1,0,0,0
10520,0,1,0,0,0
10521,0,1,0,0,0
10522,0,1,0,0,0
10523,0,1,0,0,0
10524,0,1,0,0,0
10525,0,1,0,0,0
10526,0,1,0,0,0
10527,0,1,0,0,0
10528,0,1,0,0,0
10529,0,1,0,0,0
10530,0,1,0,0,0
10531,0,1,0,0,0
10532,1,0,0,0,0
10533,1,0,0,0,0
10534,1,0,0,0,0
10535,1,0,0,0,0
10536,1,0,0,0,0
10537,1,0,0,0,0
10538,1,0,0,0,0
10539,1,0,0,0,0
10540,1,0,0,0,0
10541,1,0,0,0,0
10542,1,0,0,0,0
10543,1,0,0,0,0
10544,1,0,0,0,0
10545,1,0,0,0,0
10546,1,0,0,0,0
10547,1,0,0,0,0
10548,1,0,0,0,0
10549,1,0,0,0,0
10550,1,0,0,0,0
10551,1,0,0,0,0
10552,1,0,0,0,0
10553,1,0,0,0,0
10554,1,0,0,0,0
10555,1,0,0,0,0
10556,1,0,0,0,0
10557,1,0,0,0,0
10558,1,0,0,0,0
10559,1,0,0,0,0
10560,1,0,0,0,0
10561,1,0,0,0,0
10562,1,0,0,0,0
10563,1,0,0,0,0
10564,1,0,0,0,0
10565,1,0,0,0,0
10566,1,0,0,0,0
10567,1,0,0,0,0
10568,1,0,0,0,0
10569,1,0,0,0,0
10570,1,0,0,0,0
10571,1,0,0,0,0
10572,1,0,0,0,0
10573,1,0,0,0,0
10574,1,0,0,0,0
10575,1,0,0,0,0
10576,1,0,0,0,0
10577,1,0,0,0,0
10578,1,0,0,0,0
10579,1,0,0,0,0
10580,1,0,0,0,0
10581,1,0,0,0,0
10582,1,0,0,0,0
10583,1,0,0,0,0
10584,1,0,0,0,0
10585,1,0,0,0,0
10586,1,0,0,0,0
10587,1,0,0,0,0
10588,1,0,0,0,0
10589,1,0,0,0,0
10590,1,0,0,0,0
10591,1,0,0,0,0
10592,1,0,0,0,0
10593,1,0,0,0,0
10594,1,0,0,0,0
10595,1,0,0,0,0
10596,1,0,0,0,0
10597,1,0,0,0,0
10598,1,0,0,0,0
10599,1,0,0,0,0
10600,1,0,0,0,0
10601,1,0,0,0,0
10602,1,0,0,0,0
10603,1,0,0,0,0
10604,1,0,0,0,0
10605,1,0,0,0,0
10606,1,0,0,0,0
10607,1,0,0,0,0
10608,1,0,0,0,0
10609,1,0,0,0,0
10610,1,0,0,0,0
10611,1,0,0,0,0
10612,1,0,0,0,0
10613,1,0,0,0,0
10614,1,0,0,0,0
10615,1,0,0,0,0
10616,1,0,0,0,0
10617,1,0,0,0,0
10618,1,0,0,0,0
10619,1,0,0,0,0
10620,1,0,0,0,0
10621,1,0,0,0,0
10622,0,0,0,1,0
10623,0,0,0,1,0
10624,0,0,0,1,0
10625,0,0,0,1,0
10626,0,0,0,1,0
10627,0,0,0,1,0
10628,0,0,0,1,0
10629,0,0,0,1,0
10630,0,0,0,1,0
10631,0,0,0,1,0
10632,0,0,0,1,0
10633,1,0,0,0,0
10634,1,0,0,0,0
10635,1,0,0,0,0
10636,1,0,0,0,0
10637,1,0,0,0,0
10638,1,0,0,0,0
10639,1,0,0,0,0
10640,1,0,0,0,0
10641,1,0,0,0,0
10642,1,0,0,0,0
10643,1,0,0,0,0
10644,1,0,0,0,0
10645,1,0,0,0,0
10646,1,0,0,0,0
10647,1,0,0,0,0
10648,1,0,0,0,0
10649,0,0,0,0,1
10650,0,0,0,0,1
10651,0,0,0,0,1
10652,0,0,0,0,1
10653,0,0,0,0,1
10654,0,0,0,0,1
10655,0,0,0,0,1
10656,0,0,0,0,1
10657,0,0,0,0,1
10658,0,0,0,0,1
10659,0,0,0,0,1
10660,0,0,0,0,1
10661,0,0,0,0,1
10662,0,0,0,0,1
10663,0,0,0,0,1
10664,0,0,0,0,1
10665,0,0,0,0,1
10666,0,0,0,0,1
10667,0,0,0,0,1
10668,0,0,0,0,1
10669,0,0,0,0,1
10670,0,0,0,0,1
10671,0,0,0,0,1
10672,0,0,0,0,1
10673,0,0,0,0,1
10674,0,0,0,0,1
10675,0,0,0,0,1
10676,0,0,0,0,1
10677,0,0,0,0,1
10678,0,0,0,0,1
10679,0,0,0,0,1
10680,0,0,0,0,1
10681,0,0,0,0,1
10682,0,0,0,0,1
10683,0,0,0,0,1
10684,0,0,0,0,1
10685,0,0,0,0,1
10686,0,0,0,0,1
10687,0,0,0,0,1
10688,0,0,0,0,1
10689,0,0,0,0,1
10690,0,0,0,0,1
10691,0,0,0,0,1
10692,0,0,0,0,1
10693,0,0,0,0,1
10694,0,0,0,0,1
10695,0,0,0,0,1
10696,0,0,0,1,0
10697,0,0,0,1,0
10698,0,0,0,1,0
10699,0,0,0,1,0
10700,0,0,0,1,0
10701,0,0,0,1,0
10702,0,0,0,1,0
10703,0,0,0,1,0
10704,0,0,0,1,0
10705,0,0,0,1,0
10706,0,0,0,1,0
10707,0,0,0,1,0
10708,0,0,0,1,0
10709,0,0,0,1,0
10710,1,0,0,0,0
10711,1,0,0,0,0
10712,1,0,0,0,0
10713,1,0,0,0,0
10714,1,0,0,0,0
10715,1,0,0,0,0
10716,1,0,0,0,0
10717,1,0,0,0,0
10718,1,0,0,0,0
10719,1,0,0,0,0
10720,1,0,0,0,0
10721,1,0,0,0,0
10722,1,0,0,0,0
10723,1,0,0,0,0
10724,1,0,0,0,0
10725,1,0,0,0,0
10726,1,0,0,0,0
10727,1,0,0,0,0
10728,1,0,0,0,0
10729,1,0,0,0,0
10730,1,0,0,0,0
10731,1,0,0,0,0
10732,1,0,0,0,0
10733,1,0,0,0,0
10734,1,0,0,0,0
10735,1,0,0,0,0
10736,1,0,0,0,0
10737,1,0,0,0,0
10738,1,0,0,0,0
10739,1,0,0,0,0
10740,1,0,0,0,0
10741,1,0,0,0,0
10742,1,0,0,0,0
10743,1,0,0,0,0
10744,1,0,0,0,0
10745,1,0,0,0,0
10746,1,0,0,0,0
10747,1,0,0,0,0
10748,1,0,0,0,0
10749,1,0,0,0,0
10750,1,0,0,0,0
10751,1,0,0,0,0
10752,1,0,0,0,0
10753,1,0,0,0,0
10754,1,0,0,0,0
10755,1,0,0,0,0
10756,1,0,0,0,0
10757,1,0,0,0,0
10758,1,0,0,0,0
10759,1,0,0,0,0
10760,1,0,0,0,0
10761,1,0,0,0,0
10762,1,0,0,0,0
10763,1,0,0,0,0
10764,1,0,0,0,0
10765,1,0,0,0,0
10766,1,0,0,0,0
10767,1,0,0,0,0
10768,1,0,0,0,0
10769,1,0,0,0,0
10770,1,0,0,0,0
10771,1,0,0,0,0
10772,1,0,0,0,0
10773,1,0,0,0,0
10774,1,0,0,0,0
10775,1,0,0,0,0
10776,1,0,0,0,0
10777,1,0,0,0,0
10778,1,0,0,0,0
10779,1,0,0,0,0
10780,1,0,0,0,0
10781,1,0,0,0,0
10782,1,0,0,0,0
10783,1,0,0,0,0
10784,1,0,0,0,0
10785,1,0,0,0,0
10786,1,0,0,0,0
10787,1,0,0,0,0
10788,1,0,0,0,0
10789,1,0,0,0,0
10790,1,0,0,0,0
10791,1,0,0,0,0
10792,1,0,0,0,0
10793,1,0,0,0,0
10794,1,0,0,0,0
10795,1,0,0,0,0
10796,1,0,0,0,0
10797,1,0,0,0,0
10798,1,0,0,0,0
10799,1,0,0,0,0
10800,1,0,0,0,0
10801,1,0,0,0,0
10802,1,0,0,0,0
10803,1,0,0,0,0
10804,1,0,0,0,0
10805,1,0,0,0,0
10806,1,0,0,0,0
10807,0,0,0,0,1
10808,0,0,0,0,1
10809,0,0,0,0,1
10810,0,0,0,0,1
10811,0,0,0,0,1
10812,0,0,0,0,1
10813,0,0,0,0,1
10814,0,0,0,0,1
10815,0,0,0,0,1
10816,0,0,0,0,1
10817,0,0,0,0,1
10818,0,0,0,0,1
10819,0,0,0,0,1
10820,0,0,0,0,1
10821,0,0,0,0,1
10822,0,0,0,0,1
10823,0,0,0,0,1
10824,0,0,0,0,1
10825,0,0,0,0,1
10826,0,0,0,0,1
10827,0,0,0,0,1
10828,0,0,0,0,1
10829,0,0,0,0,1
10830,0,0,0,0,1
10831,0,0,0,0,1
10832,0,0,0,0,1
10833,0,0,0,0,1
10834,0,0,0,0,1
10835,0,0,0,0,1
10836,0,0,0,0,1
10837,0,0,0,0,1
10838,0,0,0,0,1
10839,0,0,0,0,1
10840,0,0,0,0,1
10841,0,0,0,0,1
10842,0,0,0,0,1
10843,0,0,0,0,1
10844,0,0,0,0,1
10845,0,0,0,0,1
10846,0,0,0,0,1
10847,0,0,0,0,1
10848,0,0,0,0,1
10849,0,0,0,0,1
10850,0,0,0,0,1
10851,0,0,0,0,1
10852,0,0,0,0,1
10853,0,0,0,0,1
10854,0,0,0,0,1
10855,0,0,0,0,1
10856,0,0,0,0,1
10857,0,0,0,0,1
10858,0,0,0,0,1
10859,0,0,0,0,1
10860,0,0,0,0,1
10861,0,0,0,0,1
10862,0,0,0,0,1
10863,0,0,0,0,1
10864,0,0,0,0,1
10865,0,0,0,0,1
10866,0,0,0,0,1
10867,0,0,0,0,1
10868,0,0,0,0,1
10869,0,0,0,0,1
10870,0,0,0,0,1
10871,0,0,0,0,1
10872,0,0,0,0,1
10873,0,0,0,0,1
10874,0,0,0,0,1
10875,0,0,0,0,1
10876,0,0,0,0,1
10877,0,0,0,0,1
10878,0,0,0,0,1
10879,0,0,0,0,1
10880,0,0,0,0,1
10881,0,0,0,0,1
10882,0,0,0,0,1
10883,0,0,0,0,1
10884,0,0,0,0,1
10885,0,0,0,0,1
10886,0,0,0,0,1
10887,0,0,0,0,1
10888,0,0,0,0,1
10889,0,0,0,0,1
10890,0,0,0,0,1
10891,0,0,0,0,1
10892,0,0,0,0,1
10893,0,0,0,0,1
10894,0,0,0,0,1
10895,0,0,0,0,1
10896,0,0,0,0,1
10897,1,0,0,0,0
10898,1,0,0,0,0
10899,1,0,0,0,0
10900,1,0,0,0,0
10901,1,0,0,0,0
10902,1,0,0,0,0
10903,1,0,0,0,0
10904,1,0,0,0,0
10905,1,0,0,0,0
10906,1,0,0,0,0
10907,1,0,0,0,0
10908,1,0,0,0,0
10909,1,0,0,0,0
10910,1,0,0,0,0
10911,1,0,0,0,0
10912,1,0,0,0,0
10913,1,0,0,0,0
10914,1,0,0,0,0
10915,1,0,0,0,0
10916,1,0,0,0,0
10917,1,0,0,0,0
10918,1,0,0,0,0
10919,1,0,0,0,0
10920,1,0,0,0,0
10921,1,0,0,0,0
10922,1,0,0,0,0
10923,1,0,0,0,0
10924,1,0,0,0,0
10925,1,0,0,0,0
10926,1,0,0,0,0
10927,1,0,0,0,0
10928,1,0,0,0,0
10929,1,0,0,0,0
10930,1,0,0,0,0
10931,1,0,0,0,0
10932,1,0,0,0,0
10933,1,0,0,0,0
10934,1,0,0,0,0
10935,1,0,0,0,0
10936,1,0,0,0,0
10937,1,0,0,0,0
10938,1,0,0,0,0
10939,1,0,0,0,0
10940,1,0,0,0,0
10941,1,0,0,0,0
10942,0,1,0,0,0
10943,0,1,0,0,0
10944,0,1,0,0,0
10945,0,1,0,0,0
10946,0,1,0,0,0
10947,0,1,0,0,0
10948,0,1,0,0,0
10949,0,1,0,0,0
10950,0,1,0,0,0
10951,0,1,0,0,0
10952,0,1,0,0,0
10953,0,1,0,0,0
10954,0,1,0,0,0
10955,0,1,0,0,0
10956,0,1,0,0,0
10957,0,1,0,0,0
10958,0,1,0,0,0
10959,0,1,0,0,0
10960,0,1,0,0,0
10961,0,1,0,0,0
10962,0,1,0,0,0
10963,0,1,0,0,0
10964,0,1,0,0,0
10965,0,1,0,0,0
10966,0,1,0,0,0
10967,0,1,0,0,0
10968,0,1,0,0,0
10969,0,1,0,0,0
10970,0,1,0,0,0
10971,0,1,0,0,0
10972,0,1,0,0,0
10973,0,1,0,0,0
10974,0,1,0,0,0
10975,0,1,0,0,0
10976,0,1,0,0,0
10977,0,1,0,0,0
10978,0,1,0,0,0
10979,0,1,0,0,0
10980,0,1,0,0,0
10981,0,1,0,0,0
10982,0,1,0,0,0
10983,0,1,0,0,0
10984,0,1,0,0,0
10985,0,1,0,0,0
10986,0,1,0,0,0
10987,0,1,0,0,0
10988,0,1,0,0,0
10989,0,1,0,0,0
10990,0,1,0,0,0
10991,0,1,0,0,0
10992,0,1,0,0,0
10993,0,1,0,0,0
10994,0,1,0,0,0
10995,0,1,0,0,0
10996,0,1,0,0,0
10997,0,1,0,0,0
10998,0,0,0,1,0
10999,0,0,0,1,0
11000,0,0,0,1,0
11001,0,0,0,1,0
11002,0,0,0,1,0
11003,0,0,0,1,0
11004,0,0,0,1,0
11005,0,0,0,1,0
11006,0,0,0,1,0
11007,0,0,0,1,0
11008,1,0,0,0,0
11009,1,0,0,0,0
11010,1,0,0,0,0
11011,1,0,0,0,0
11012,1,0,0,0,0
11013,1,0,0,0,0
11014,1,0,0,0,0
11015,1,0,0,0,0
11016,1,0,0,0,0
11017,1,0,0,0,0
11018,1,0,0,0,0
11019,1,0,0,0,0
11020,1,0,0,0,0
11021,1,0,0,0,0
11022,1,0,0,0,0
11023,1,0,0,0,0
11024,1,0,0,0,0
11025,0,1,0,0,0
11026,0,1,0,0,0
11027,0,1,0,0,0
11028,0,1,0,0,0
11029,0,1,0,0,0
11030,0,1,0,0,0
11031,0,1,0,0,0
11032,0,1,0,0,0
11033,0,1,0,0,0
11034,0,1,0,0,0
11035,0,1,0,0,0
11036,0,1,0,0,0
11037,0,1,0,0,0
11038,0,1,0,0,0
11039,0,1,0,0,0
11040,0,1,0,0,0
11041,0,1,0,0,0
11042,0,1,0,0,0
11043,0,1,0,0,0
11044,0,1,0,0,0
11045,0,1,0,0,0
11046,0,1,0,0,0
11047,0,1,0,0,0
11048,0,1,0,0,0
11049,0,1,0,0,0
11050,0,1,0,0,0
11051,0,1,0,0,0
11052,0,1,0,0,0
11053,0,1,0,0,0
11054,0,1,0,0,0
11055,0,1,0,0,0
11056,0,1,0,0,0
11057,0,1,0,0,0
11058,0,1,0,0,0
11059,0,1,0,0,0
11060,0,1,0,0,0
11061,0,1,0,0,0
11062,0,1,0,0,0
11063,0,1,0,0,0
11064,0,1,0,0,0
11065,0,1,0,0,0
11066,0,1,0,0,0
11067,0,1,0,0,0
11068,0,1,0,0,0
11069,0,1,0,0,0
11070,0,1,0,0,0
11071,0,1,0,0,0
11072,0,1,0,0,0
11073,0,1,0,0,0
11074,0,1,0,0,0
11075,0,1,0,0,0
11076,0,1,0,0,0
11077,0,1,0,0,0
11078,0,1,0,0,0
11079,0,1,0,0,0
11080,0,1,0,0,0
11081,0,1,0,0,0
11082,0,1,0,0,0
11083,0,1,0,0,0
11084,0,1,0,0,0
11085,0,0,0,1,0
11086,0,0,0,1,0
11087,0,0,0,1,0
11088,0,0,0,1,0
11089,0,0,0,1,0
11090,0,0,0,1,0
11091,0,0,0,1,0
11092,0,0,0,1,0
11093,0,0,0,1,0
11094,0,0,0,1,0
11095,0,0,0,1,0
11096,1,0,0,0,0
11097,1,0,0,0,0
11098,1,0,0,0,0
11099,1,0,0,0,0
11100,1,0,0,0,0
11101,1,0,0,0,0
11102,1,0,0,0,0
11103,1,0,0,0,0
11104,1,0,0,0,0
11105,1,0,0,0,0
11106,1,0,0,0,0
11107,1,0,0,0,0
11108,1,0,0,0,0
11109,1,0,0,0,0
11110,1,0,0,0,0
11111,1,0,0,0,0
11112,1,0,0,0,0
11113,1,0,0,0,0
11114,1,0,0,0,0
11115,1,0,0,0,0
11116,1,0,0,0,0
11117,1,0,0,0,0
11118,1,0,0,0,0
11119,1,0,0,0,0
11120,1,0,0,0,0
11121,1,0,0,0,0
11122,1,0,0,0,0
11123,1,0,0,0,0
11124,1,0,0,0,0
11125,1,0,0,0,0
11126,1,0,0,0,0
11127,1,0,0,0,0
11128,0,0,0,1,0
11129,0,0,0,1,0
11130,0,0,0,1,0
11131,0,0,0,1,0
11132,0,0,0,1,0
11133,0,0,0,1,0
11134,0,0,0,1,0
11135,0,0,0,1,0
11136,0,0,0,1,0
11137,0,0,0,1,0
11138,0,0,0,1,0
11139,0,0,0,1,0
11140,0,0,0,1,0
11141,0,0,0,1,0
11142,0,0,0,1,0
11143,0,0,0,1,0
11144,0,0,0,1,0
11145,0,0,0,1,0
11146,0,0,0,1,0
11147,1,0,0,0,0
11148,1,0,0,0,0
11149,1,0,0,0,0
11150,1,0,0,0,0
11151,1,0,0,0,0
11152,1,0,0,0,0
11153,1,0,0,0,0
11154,1,0,0,0,0
11155,1,0,0,0,0
11156,1,0,0,0,0
11157,1,0,0,0,0
11158,1,0,0,0,0
11159,1,0,0,0,0
11160,1,0,0,0,0
11161,1,0,0,0,0
11162,1,0,0,0,0
11163,1,0,0,0,0
11164,1,0,0,0,0
11165,1,0,0,0,0
11166,1,0,0,0,0
11167,1,0,0,0,0
11168,1,0,0,0,0
11169,1,0,0,0,0
11170,1,0,0,0,0
11171,1,0,0,0,0
11172,1,0,0,0,0
11173,1,0,0,0,0
11174,1,0,0,0,0
11175,1,0,0,0,0
11176,1,0,0,0,0
11177,1,0,0,0,0
11178,1,0,0,0,0
11179,1,0,0,0,0
11180,1,0,0,0,0
11181,1,0,0,0,0
11182,1,0,0,0,0
11183,1,0,0,0,0
11184,1,0,0,0,0
11185,1,0,0,0,0
11186,1,0,0,0,0
11187,1,0,0,0,0
11188,1,0,0,0,0
11189,1,0,0,0,0
11190,1,0,0,0,0
11191,1,0,0,0,0
11192,1,0,0,0,0
11193,1,0,0,0,0
11194,1,0,0,0,0
11195,1,0,0,0,0
11196,1,0,0,0,0
11197,1,0,0,0,0
11198,1,0,0,0,0
11199,1,0,0,0,0
11200,1,0,0,0,0
11201,1,0,0,0,0
11202,1,0,0,0,0
11203,1,0,0,0,0
11204,1,0,0,0,0
11205,1,0,0,0,0
11206,1,0,0,0,0
11207,1,0,0,0,0
11208,1,0,0,0,0
11209,0,1,0,0,0
11210,0,1,0,0,0
11211,0,1,0,0,0
11212,0,1,0,0,0
11213,0,1,0,0,0
11214,0,1,0,0,0
11215,0,1,0,0,0
11216,0,1,0,0,0
11217,0,1,0,0,0
11218,0,1,0,0,0
11219,0,1,0,0,0
11220,0,1,0,0,0
11221,0,1,0,0,0
11222,0,1,0,0,0
11223,0,1,0,0,0
11224,0,1,0,0,0
11225,0,1,0,0,0
11226,0,1,0,0,0
11227,1,0,0,0,0
11228,1,0,0,0,0
11229,1,0,0,0,0
11230,1,0,0,0,0
11231,1,0,0,0,0
11232,1,0,0,0,0
11233,1,0,0,0,0
11234,1,0,0,0,0
11235,1,0,0,0,0
11236,1,0,0,0,0
11237,1,0,0,0,0
11238,1,0,0,0,0
11239,1,0,0,0,0
11240,1,0,0,0,0
11241,1,0,0,0,0
11242,1,0,0,0,0
11243,1,0,0,0,0
11244,1,0,0,0,0
11245,1,0,0,0,0
11246,1,0,0,0,0
11247,1,0,0,0,0
11248,1,0,0,0,0
11249,1,0,0,0,0
11250,1,0,0,0,0
11251,1,0,0,0,0
11252,1,0,0,0,0
11253,1,0,0,0,0
11254,1,0,0,0,0
11255,1,0,0,0,0
11256,1,0,0,0,0
11257,1,0,0,0,0
11258,1,0,0,0,0
11259,1,0,0,0,0
11260,1,0,0,0,0
11261,1,0,0,0,0
11262,1,0,0,0,0
11263,1,0,0,0,0
11264,1,0,0,0,0
11265,1,0,0,0,0
11266,1,0,0,0,0
11267,1,0,0,0,0
11268,1,0,0,0,0
11269,1,0,0,0,0
11270,1,0,0,0,0
11271,1,0,0,0,0
11272,1,0,0,0,0
11273,1,0,0,0,0
11274,1,0,0,0,0
11275,1,0,0,0,0
11276,1,0,0,0,0
11277,1,0,0,0,0
11278,1,0,0,0,0
11279,1,0,0,0,0
11280,1,0,0,0,0
11281,1,0,0,0,0
11282,1,0,0,0,0
11283,1,0,0,0,0
11284,1,0,0,0,0
11285,1,0,0,0,0
11286,1,0,0,0,0
11287,1,0,0,0,0
11288,1,0,0,0,0
11289,1,0,0,0,0
11290,1,0,0,0,0
11291,1,0,0,0,0
11292,1,0,0,0,0
11293,1,0,0,0,0
11294,1,0,0,0,0
11295,1,0,0,0,0
11296,1,0,0,0,0
11297,1,0,0,0,0
11298,1,0,0,0,0
11299,1,0,0,0,0
11300,1,0,0,0,0
11301,1,0,0,0,0
11302,1,0,0,0,0
11303,0,1,0,0,0
11304,0,1,0,0,0
11305,0,1,0,0,0
11306,0,1,0,0,0
11307,0,1,0,0,0
11308,0,1,0,0,0
11309,0,1,0,0,0
11310,0,1,0,0,0
11311,0,1,0,0,0
11312,0,1,0,0,0
11313,0,1,0,0,0
11314,0,1,0,0,0
11315,0,1,0,0,0
11316,0,1,0,0,0
11317,0,1,0,0,0
11318,0,1,0,0,0
11319,0,1,0,0,0
11320,0,1,0,0,0
11321,0,1,0,0,0
11322,0,1,0,0,0
11323,0,1,0,0,0
11324,0,1,0,0,0
11325,0,1,0,0,0
11326,0,1,0,0,0
11327,0,1,0,0,0
11328,0,1,0,0,0
11329,0,1,0,0,0
11330,0,1,0,0,0
11331,0,1,0,0,0
11332,0,1,0,0,0
11333,0,1,0,0,0
11334,0,1,0,0,0
11335,0,1,0,0,0
11336,0,1,0,0,0
11337,0,1,0,0,0
11338,0,1,0,0,0
11339,0,1,0,0,0
11340,0,1,0,0,0
11341,0,1,0,0,0
11342,0,1,0,0,0
11343,0,1,0,0,0
11344,0,1,0,0,0
11345,0,1,0,0,0
11346,0,1,0,0,0
11347,0,1,0,0,0
11348,0,1,0,0,0
11349,0,1,0,0,0
11350,0,1,0,0,0
11351,0,1,0,0,0
11352,0,1,0,0,0
11353,0,1,0,0,0
11354,0,1,0,0,0
11355,1,0,0,0,0
11356,1,0,0,0,0
11357,1,0,0,0,0
11358,1,0,0,0,0
11359,1,0,0,0,0
11360,1,0,0,0,0
11361,1,0,0,0,0
11362,1,0,0,0,0
11363,1,0,0,0,0
11364,1,0,0,0,0
11365,1,0,0,0,0
11366,1,0,0,0,0
11367,1,0,0,0,0
11368,1,0,0,0,0
11369,1,0,0,0,0
11370,1,0,0,0,0
11371,1,0,0,0,0
11372,1,0,0,0,0
11373,1,0,0,0,0
11374,1,0,0,0,0
11375,1,0,0,0,0
11376,1,0,0,0,0
11377,1,0,0,0,0
11378,1,0,0,0,0
11379,1,0,0,0,0
11380,1,0,0,0,0
11381,1,0,0,0,0
11382,1,0,0,0,0
11383,1,0,0,0,0
11384,1,0,0,0,0
11385,1,0,0,0,0
11386,1,0,0,0,0
11387,1,0,0,0,0
11388,1,0,0,0,0
11389,1,0,0,0,0
11390,1,0,0,0,0
11391,1,0,0,0,0
11392,1,0,0,0,0
11393,1,0,0,0,0
11394,1,0,0,0,0
11395,1,0,0,0,0
11396,1,0,0,0,0
11397,1,0,0,0,0
11398,1,0,0,0,0
11399,1,0,0,0,0
11400,1,0,0,0,0
11401,1,0,0,0,0
11402,1,0,0,0,0
11403,1,0,0,0,0
11404,1,0,0,0,0
11405,1,0,0,0,0
11406,1,0,0,0,0
11407,1,0,0,0,0
11408,1,0,0,0,0
11409,1,0,0,0,0
11410,1,0,0,0,0
11411,1,0,0,0,0
11412,1,0,0,0,0
11413,1,0,0,0,0
11414,1,0,0,0,0
11415,1,0,0,0,0
11416,1,0,0,0,0
11417,1,0,0,0,0
11418,1,0,0,0,0
11419,1,0,0,0,0
11420,1,0,0,0,0
11421,1,0,0,0,0
11422,1,0,0,0,0
11423,1,0,0,0,0
11424,1,0,0,0,0
11425,1,0,0,0,0
11426,1,0,0,0,0
11427,1,0,0,0,0
11428,1,0,0,0,0
11429,1,0,0,0,0
11430,1,0,0,0,0
11431,1,0,0,0,0
11432,1,0,0,0,0
11433,1,0,0,0,0
11434,1,0,0,0,0
11435,1,0,0,0,0
11436,1,0,0,0,0
11437,1,0,0,0,0
11438,1,0,0,0,0
11439,1,0,0,0,0
11440,1,0,0,0,0
11441,1,0,0,0,0
11442,1,0,0,0,0
11443,1,0,0,0,0
11444,1,0,0,0,0
11445,1,0,0,0,0
11446,1,0,0,0,0
11447,1,0,0,0,0
11448,1,0,0,0,0
11449,1,0,0,0,0
11450,1,0,0,0,0
11451,1,0,0,0,0
11452,1,0,0,0,0
11453,1,0,0,0,0
11454,1,0,0,0,0
11455,1,0,0,0,0
11456,1,0,0,0,0
11457,1,0,0,0,0
11458,1,0,0,0,0
11459,1,0,0,0,0
11460,1,0,0,0,0
11461,1,0,0,0,0
11462,1,0,0,0,0
11463,1,0,0,0,0
11464,1,0,0,0,0
11465,1,0,0,0,0
11466,1,0,0,0,0
11467,1,0,0,0,0
11468,1,0,0,0,0
11469,1,0,0,0,0
11470,1,0,0,0,0
11471,1,0,0,0,0
11472,1,0,0,0,0
11473,1,0,0,0,0
11474,1,0,0,0,0
11475,1,0,0,0,0
11476,1,0,0,0,0
11477,1,0,0,0,0
11478,1,0,0,0,0
11479,0,1,0,0,0
11480,0,1,0,0,0
11481,0,1,0,0,0
11482,0,1,0,0,0
11483,0,1,0,0,0
11484,0,1,0,0,0
11485,0,1,0,0,0
11486,0,1,0,0,0
11487,0,1,0,0,0
11488,0,1,0,0,0
11489,0,1,0,0,0
11490,0,1,0,0,0
11491,0,1,0,0,0
11492,0,1,0,0,0
11493,0,1,0,0,0
11494,0,1,0,0,0
11495,0,1,0,0,0
11496,0,1,0,0,0
11497,0,1,0,0,0
11498,0,1,0,0,0
11499,0,1,0,0,0
11500,0,1,0,0,0
11501,0,1,0,0,0
11502,0,1,0,0,0
11503,0,1,0,0,0
11504,0,1,0,0,0
11505,0,1,0,0,0
11506,0,1,0,0,0
11507,0,1,0,0,0
11508,0,1,0,0,0
11509,0,1,0,0,0
11510,0,1,0,0,0
11511,1,0,0,0,0
11512,1,0,0,0,0
11513,1,0,0,0,0
11514,1,0,0,0,0
11515,1,0,0,0,0
11516,1,0,0,0,0
11517,1,0,0,0,0
11518,1,0,0,0,0
11519,1,0,0,0,0
11520,1,0,0,0,0
11521,1,0,0,0,0
11522,1,0,0,0,0
11523,1,0,0,0,0
11524,1,0,0,0,0
11525,1,0,0,0,0
11526,1,0,0,0,0
11527,1,0,0,0,0
11528,1,0,0,0,0
11529,1,0,0,0,0
11530,1,0,0,0,0
11531,1,0,0,0,0
11532,1,0,0,0,0
11533,1,0,0,0,0
11534,1,0,0,0,0
11535,1,0,0,0,0
11536,1,0,0,0,0
11537,1,0,0,0,0
11538,1,0,0,0,0
11539,1,0,0,0,0
11540,1,0,0,0,0
11541,1,0,0,0,0
11542,1,0,0,0,0
11543,1,0,0,0,0
11544,1,0,0,0,0
11545,1,0,0,0,0
11546,1,0,0,0,0
11547,1,0,0,0,0
11548,1,0,0,0,0
11549,1,0,0,0,0
11550,1,0,0,0,0
11551,1,0,0,0,0
11552,1,0,0,0,0
11553,1,0,0,0,0
11554,1,0,0,0,0
11555,1,0,0,0,0
11556,1,0,0,0,0
11557,1,0,0,0,0
11558,1,0,0,0,0
11559,1,0,0,0,0
11560,1,0,0,0,0
11561,1,0,0,0,0
11562,1,0,0,0,0
11563,1,0,0,0,0
11564,1,0,0,0,0
11565,1,0,0,0,0
11566,1,0,0,0,0
11567,1,0,0,0,0
11568,1,0,0,0,0
11569,1,0,0,0,0
11570,1,0,0,0,0
11571,1,0,0,0,0
11572,1,0,0,0,0
11573,1,0,0,0,0
11574,1,0,0,0,0
11575,1,0,0,0,0
11576,1,0,0,0,0
11577,1,0,0,0,0
11578,1,0,0,0,0
11579,1,0,0,0,0
11580,1,0,0,0,0
11581,1,0,0,0,0
11582,1,0,0,0,0
11583,1,0,0,0,0
11584,1,0,0,0,0
11585,1,0,0,0,0
11586,1,0,0,0,0
11587,1,0,0,0,0
11588,1,0,0,0,0
11589,1,0,0,0,0
11590,1,0,0,0,0
11591,1,0,0,0,0
11592,1,0,0,0,0
11593,1,0,0,0,0
11594,1,0,0,0,0
11595,1,0,0,0,0
11596,1,0,0,0,0
11597,1,0,0,0,0
11598,1,0,0,0,0
11599,1,0,0,0,0
11600,1,0,0,0,0
11601,1,0,0,0,0
11602,1,0,0,0,0
11603,1,0,0,0,0
11604,1,0,0,0,0
11605,1,0,0,0,0
11606,1,0,0,0,0
11607,1,0,0,0,0
11608,1,0,0,0,0
11609,1,0,0,0,0
11610,1,0,0,0,0
11611,1,0,0,0,0
11612,1,0,0,0,0
11613,1,0,0,0,0
11614,1,0,0,0,0
11615,1,0,0,0,0
11616,1,0,0,0,0
11617,1,0,0,0,0
11618,1,0,0,0,0
11619,1,0,0,0,0
11620,1,0,0,0,0
11621,1,0,0,0,0
11622,1,0,0,0,0
11623,1,0,0,0,0
11624,1,0,0,0,0
11625,1,0,0,0,0
11626,1,0,0,0,0
11627,1,0,0,0,0
11628,1,0,0,0,0
11629,1,0,0,0,0
11630,1,0,0,0,0
11631,1,0,0,0,0
11632,1,0,0,0,0
11633,1,0,0,0,0
11634,1,0,0,0,0
11635,1,0,0,0,0
11636,1,0,0,0,0
11637,1,0,0,0,0
11638,1,0,0,0,0
11639,1,0,0,0,0
11640,1,0,0,0,0
11641,1,0,0,0,0
11642,1,0,0,0,0
11643,1,0,0,0,0
11644,1,0,0,0,0
11645,1,0,0,0,0
11646,1,0,0,0,0
11647,1,0,0,0,0
11648,1,0,0,0,0
11649,1,0,0,0,0
11650,1,0,0,0,0
11651,1,0,0,0,0
11652,1,0,0,0,0
11653,1,0,0,0,0
11654,0,1,0,0,0
11655,0,1,0,0,0
11656,0,1,0,0,0
11657,0,1,0,0,0
11658,0,1,0,0,0
11659,0,1,0,0,0
11660,0,1,0,0,0
11661,0,1,0,0,0
11662,0,1,0,0,0
11663,0,1,0,0,0
11664,0,1,0,0,0
11665,0,1,0,0,0
11666,0,1,0,0,0
11667,0,1,0,0,0
11668,0,1,0,0,0
11669,0,1,0,0,0
11670,0,1,0,0,0
11671,0,1,0,0,0
11672,0,1,0,0,0
11673,0,1,0,0,0
11674,0,1,0,0,0
11675,0,1,0,0,0
11676,1,0,0,0,0
11677,1,0,0,0,0
11678,1,0,0,0,0
11679,1,0,0,0,0
11680,1,0,0,0,0
11681,1,0,0,0,0
11682,1,0,0,0,0
11683,1,0,0,0,0
11684,1,0,0,0,0
11685,1,0,0,0,0
11686,1,0,0,0,0
11687,1,0,0,0,0
11688,1,0,0,0,0
11689,1,0,0,0,0
11690,1,0,0,0,0
11691,1,0,0,0,0
11692,1,0,0,0,0
11693,1,0,0,0,0
11694,1,0,0,0,0
11695,1,0,0,0,0
11696,1,0,0,0,0
11697,1,0,0,0,0
11698,1,0,0,0,0
11699,1,0,0,0,0
11700,1,0,0,0,0
11701,1,0,0,0,0
11702,1,0,0,0,0
11703,1,0,0,0,0
11704,1,0,0,0,0
11705,1,0,0,0,0
11706,1,0,0,0,0
11707,1,0,0,0,0
11708,1,0,0,0,0
11709,1,0,0,0,0
11710,1,0,0,0,0
11711,1,0,0,0,0
11712,1,0,0,0,0
11713,1,0,0,0,0
11714,0,1,0,0,0
11715,0,1,0,0,0
11716,0,1,0,0,0
11717,0,1,0,0,0
11718,0,1,0,0,0
11719,0,1,0,0,0
11720,0,1,0,0,0
11721,0,1,0,0,0
11722,0,1,0,0,0
11723,0,1,0,0,0
11724,0,1,0,0,0
11725,0,1,0,0,0
11726,0,1,0,0,0
11727,0,1,0,0,0
11728,0,1,0,0,0
11729,0,1,0,0,0
11730,0,1,0,0,0
11731,0,1,0,0,0
11732,0,1,0,0,0
11733,0,1,0,0,0
11734,0,1,0,0,0
11735,0,1,0,0,0
11736,0,1,0,0,0
11737,0,1,0,0,0
11738,0,1,0,0,0
11739,0,1,0,0,0
11740,0,1,0,0,0
11741,1,0,0,0,0
11742,1,0,0,0,0
11743,1,0,0,0,0
11744,1,0,0,0,0
11745,1,0,0,0,0
11746,1,0,0,0,0
11747,1,0,0,0,0
11748,1,0,0,0,0
11749,1,0,0,0,0
11750,1,0,0,0,0
11751,1,0,0,0,0
11752,1,0,0,0,0
11753,1,0,0,0,0
11754,1,0,0,0,0
11755,1,0,0,0,0
11756,1,0,0,0,0
11757,1,0,0,0,0
11758,1,0,0,0,0
11759,1,0,0,0,0
11760,1,0,0,0,0
11761,1,0,0,0,0
11762,1,0,0,0,0
11763,1,0,0,0,0
11764,1,0,0,0,0
11765,1,0,0,0,0
11766,1,0,0,0,0
11767,1,0,0,0,0
11768,1,0,0,0,0
11769,1,0,0,0,0
11770,1,0,0,0,0
11771,1,0,0,0,0
11772,1,0,0,0,0
11773,1,0,0,0,0
11774,1,0,0,0,0
11775,1,0,0,0,0
11776,1,0,0,0,0
11777,1,0,0,0,0
11778,1,0,0,0,0
11779,1,0,0,0,0
11780,1,0,0,0,0
11781,1,0,0,0,0
11782,1,0,0,0,0
11783,1,0,0,0,0
11784,1,0,0,0,0
11785,1,0,0,0,0
11786,1,0,0,0,0
11787,1,0,0,0,0
11788,1,0,0,0,0
11789,1,0,0,0,0
11790,1,0,0,0,0
11791,1,0,0,0,0
11792,1,0,0,0,0
11793,1,0,0,0,0
11794,1,0,0,0,0
11795,1,0,0,0,0
11796,1,0,0,0,0
11797,1,0,0,0,0
11798,1,0,0,0,0
11799,1,0,0,0,0
11800,1,0,0,0,0
11801,1,0,0,0,0
11802,1,0,0,0,0
11803,1,0,0,0,0
11804,1,0,0,0,0
11805,1,0,0,0,0
11806,1,0,0,0,0
11807,1,0,0,0,0
11808,1,0,0,0,0
11809,1,0,0,0,0
11810,1,0,0,0,0
11811,1,0,0,0,0
11812,1,0,0,0,0
11813,1,0,0,0,0
11814,1,0,0,0,0
11815,1,0,0,0,0
11816,1,0,0,0,0
11817,1,0,0,0,0
11818,1,0,0,0,0
11819,1,0,0,0,0
11820,1,0,0,0,0
11821,1,0,0,0,0
11822,1,0,0,0,0
11823,1,0,0,0,0
11824,1,0,0,0,0
11825,1,0,0,0,0
11826,1,0,0,0,0
11827,1,0,0,0,0
11828,1,0,0,0,0
11829,1,0,0,0,0
11830,1,0,0,0,0
11831,1,0,0,0,0
11832,1,0,0,0,0
11833,1,0,0,0,0
11834,1,0,0,0,0
11835,1,0,0,0,0
11836,1,0,0,0,0
11837,1,0,0,0,0
11838,1,0,0,0,0
11839,1,0,0,0,0
11840,1,0,0,0,0
11841,1,0,0,0,0
11842,1,0,0,0,0
11843,1,0,0,0,0
11844,1,0,0,0,0
11845,1,0,0,0,0
11846,1,0,0,0,0
11847,1,0,0,0,0
11848,1,0,0,0,0
11849,1,0,0,0,0
11850,1,0,0,0,0
11851,1,0,0,0,0
11852,1,0,0,0,0
11853,1,0,0,0,0
11854,1,0,0,0,0
11855,1,0,0,0,0
11856,1,0,0,0,0
11857,1,0,0,0,0
11858,1,0,0,0,0
11859,1,0,0,0,0
11860,1,0,0,0,0
11861,1,0,0,0,0
11862,1,0,0,0,0
11863,1,0,0,0,0
11864,1,0,0,0,0
11865,1,0,0,0,0
11866,1,0,0,0,0
11867,1,0,0,0,0
11868,1,0,0,0,0
11869,1,0,0,0,0
11870,1,0,0,0,0
11871,1,0,0,0,0
11872,1,0,0,0,0
11873,1,0,0,0,0
11874,1,0,0,0,0
11875,1,0,0,0,0
11876,1,0,0,0,0
11877,1,0,0,0,0
11878,1,0,0,0,0
11879,1,0,0,0,0
11880,1,0,0,0,0
11881,1,0,0,0,0
11882,1,0,0,0,0
11883,1,0,0,0,0
11884,1,0,0,0,0
11885,1,0,0,0,0
11886,1,0,0,0,0
11887,1,0,0,0,0
11888,1,0,0,0,0
11889,1,0,0,0,0
11890,1,0,0,0,0
11891,1,0,0,0,0
11892,1,0,0,0,0
11893,1,0,0,0,0
11894,1,0,0,0,0
11895,1,0,0,0,0
11896,1,0,0,0,0
11897,1,0,0,0,0
11898,1,0,0,0,0
11899,1,0,0,0,0
11900,1,0,0,0,0
11901,1,0,0,0,0
11902,1,0,0,0,0
11903,1,0,0,0,0
11904,1,0,0,0,0
11905,1,0,0,0,0
11906,1,0,0,0,0
11907,1,0,0,0,0
11908,1,0,0,0,0
11909,1,0,0,0,0
11910,0,0,0,0,1
11911,0,0,0,0,1
11912,0,0,0,0,1
11913,0,0,0,0,1
11914,0,0,0,0,1
11915,0,0,0,0,1
11916,0,0,0,0,1
11917,0,0,0,0,1
11918,0,0,0,0,1
11919,0,0,0,0,1
11920,0,0,0,0,1
11921,0,0,0,0,1
11922,0,0,0,0,1
11923,0,0,0,0,1
11924,0,0,0,0,1
11925,0,0,0,0,1
11926,0,0,0,0,1
11927,0,0,0,0,1
11928,0,0,0,0,1
11929,0,0,0,0,1
11930,0,0,0,0,1
11931,0,0,0,0,1
11932,0,0,0,0,1
11933,0,0,0,0,1
11934,0,0,0,0,1
11935,0,0,0,0,1
11936,0,0,0,0,1
11937,0,0,0,0,1
11938,0,0,0,0,1
11939,0,0,0,0,1
11940,0,0,0,0,1
11941,0,0,0,0,1
11942,0,0,0,0,1
11943,0,0,0,0,1
11944,0,0,0,0,1
11945,0,0,0,0,1
11946,0,0,0,0,1
11947,0,0,0,0,1
11948,0,0,0,0,1
11949,0,0,0,0,1
11950,0,0,0,0,1
11951,0,0,0,0,1
11952,0,0,0,0,1
11953,0,0,0,0,1
11954,0,0,0,0,1
11955,0,0,0,0,1
11956,0,0,0,0,1
11957,0,0,0,0,1
11958,0,0,0,0,1
11959,0,0,0,0,1
11960,0,0,0,0,1
11961,0,0,0,0,1
11962,0,0,0,0,1
11963,0,0,0,0,1
11964,0,0,0,0,1
11965,0,0,0,0,1
11966,0,0,0,0,1
11967,0,0,0,0,1
11968,0,0,0,0,1
11969,0,0,0,0,1
11970,0,0,0,0,1
11971,0,0,0,0,1
11972,0,0,0,0,1
11973,0,0,0,0,1
11974,0,0,0,0,1
11975,0,0,0,0,1
11976,0,0,0,0,1
11977,0,0,0,0,1
11978,0,0,0,0,1
11979,0,0,0,0,1
11980,0,0,0,0,1
11981,0,0,0,0,1
11982,0,0,0,0,1
11983,0,0,0,0,1
11984,0,0,0,0,1
11985,0,0,0,0,1
11986,0,0,0,0,1
11987,0,0,0,0,1
11988,0,0,0,0,1
11989,0,0,0,0,1
11990,0,0,0,0,1
11991,0,0,0,0,1
11992,0,0,0,0,1
11993,0,0,0,0,1
11994,0,0,0,0,1
11995,0,0,0,0,1
11996,0,0,0,0,1
11997,0,0,0,0,1
11998,0,0,0,0,1
11999,0,0,0,0,1
12000,0,0,0,0,1
12001,0,0,0,0,1
12002,0,0,0,0,1
12003,0,0,0,0,1
12004,0,0,0,0,1
12005,0,0,0,0,1
12006,0,0,0,0,1
12007,0,0,0,0,1
12008,0,0,0,0,1
12009,0,0,0,0,1
12010,0,0,0,0,1
12011,0,0,0,0,1
12012,0,0,0,0,1
12013,0,0,0,0,1
12014,0,0,0,0,1
12015,0,0,0,0,1
12016,0,0,0,0,1
12017,0,0,0,0,1
12018,0,0,0,0,1
12019,0,0,0,0,1
12020,0,0,0,0,1
12021,0,0,0,0,1
12022,0,0,0,0,1
12023,0,0,0,0,1
12024,0,0,0,0,1
12025,0,0,0,0,1
12026,0,0,0,0,1
12027,0,0,0,0,1
12028,0,0,0,0,1
12029,0,0,0,0,1
12030,0,0,0,0,1
12031,0,0,0,0,1
12032,0,0,0,0,1
12033,0,0,0,0,1
12034,0,0,0,0,1
12035,0,0,0,0,1
12036,0,0,0,0,1
12037,0,0,0,0,1
12038,0,0,0,0,1
12039,0,0,0,0,1
12040,0,0,0,0,1
12041,0,0,0,0,1
12042,0,0,0,0,1
12043,0,0,0,0,1
12044,0,0,0,0,1
12045,0,0,0,0,1
12046,0,0,0,0,1
12047,0,0,0,0,1
12048,0,0,0,0,1
12049,0,0,0,0,1
12050,0,0,0,0,1
12051,0,0,0,0,1
12052,0,0,0,0,1
12053,0,0,0,0,1
12054,0,0,0,0,1
12055,0,0,0,0,1
12056,0,0,0,0,1
12057,0,0,0,0,1
12058,0,0,0,0,1
12059,0,0,0,0,1
12060,0,0,0,0,1
12061,0,0,0,0,1
12062,0,0,0,0,1
12063,0,0,0,0,1
12064,0,0,0,0,1
12065,0,0,0,0,1
12066,0,0,0,0,1
12067,0,0,0,0,1
12068,0,0,0,0,1
12069,0,0,0,0,1
12070,0,0,0,0,1
12071,0,0,0,0,1
12072,0,0,0,0,1
12073,0,0,0,0,1
12074,0,0,0,1,0
12075,0,0,0,1,0
12076,0,0,0,1,0
12077,0,0,0,1,0
12078,0,0,0,1,0
12079,0,0,0,1,0
12080,0,0,0,1,0
12081,0,0,0,1,0
12082,0,0,0,1,0
12083,0,0,0,1,0
12084,0,0,0,1,0
12085,0,0,0,1,0
12086,0,0,0,1,0
12087,0,0,0,1,0
12088,0,0,0,1,0
12089,0,0,0,1,0
12090,0,0,0,1,0
12091,0,0,0,1,0
12092,0,0,0,1,0
12093,0,0,0,1,0
12094,0,0,0,1,0
12095,1,0,0,0,0
12096,1,0,0,0,0
12097,1,0,0,0,0
12098,1,0,0,0,0
12099,1,0,0,0,0
12100,1,0,0,0,0
12101,1,0,0,0,0
12102,1,0,0,0,0
12103,1,0,0,0,0
12104,1,0,0,0,0
12105,1,0,0,0,0
12106,1,0,0,0,0
12107,1,0,0,0,0
12108,1,0,0,0,0
12109,1,0,0,0,0
12110,1,0,0,0,0
12111,1,0,0,0,0
12112,1,0,0,0,0
12113,1,0,0,0,0
12114,1,0,0,0,0
12115,1,0,0,0,0
12116,1,0,0,0,0
12117,1,0,0,0,0
12118,1,0,0,0,0
12119,1,0,0,0,0
12120,1,0,0,0,0
12121,1,0,0,0,0
12122,1,0,0,0,0
12123,1,0,0,0,0
12124,1,0,0,0,0
12125,1,0,0,0,0
12126,1,0,0,0,0
12127,1,0,0,0,0
12128,1,0,0,0,0
12129,0,0,0,1,0
12130,0,0,0,1,0
12131,0,0,0,1,0
12132,0,0,0,1,0
12133,0,0,0,1,0
12134,0,0,0,1,0
12135,0,0,0,1,0
12136,0,0,0,1,0
12137,0,0,0,1,0
12138,0,0,0,1,0
12139,0,0,0,1,0
12140,0,0,0,0,1
12141,0,0,0,0,1
12142,0,0,0,0,1
12143,0,0,0,0,1
12144,0,0,0,0,1
12145,0,0,0,0,1
12146,0,0,0,0,1
12147,0,0,0,0,1
12148,0,0,0,0,1
12149,0,0,0,0,1
12150,0,0,0,0,1
12151,0,0,0,0,1
12152,0,0,0,0,1
12153,0,0,0,0,1
12154,0,0,0,0,1
12155,0,0,0,0,1
12156,0,0,0,0,1
12157,0,0,0,0,1
12158,0,0,0,0,1
12159,0,0,0,0,1
12160,0,0,0,0,1
12161,0,0,0,0,1
12162,0,0,0,0,1
12163,0,0,0,0,1
12164,1,0,0,0,0
12165,1,0,0,0,0
12166,1,0,0,0,0
12167,1,0,0,0,0
12168,1,0,0,0,0
12169,1,0,0,0,0
12170,1,0,0,0,0
12171,1,0,0,0,0
12172,1,0,0,0,0
12173,1,0,0,0,0
12174,1,0,0,0,0
12175,1,0,0,0,0
12176,1,0,0,0,0
12177,1,0,0,0,0
12178,1,0,0,0,0
12179,1,0,0,0,0
12180,1,0,0,0,0
12181,1,0,0,0,0
12182,1,0,0,0,0
12183,1,0,0,0,0
12184,1,0,0,0,0
12185,1,0,0,0,0
12186,1,0,0,0,0
12187,1,0,0,0,0
12188,1,0,0,0,0
12189,1,0,0,0,0
12190,1,0,0,0,0
12191,1,0,0,0,0
12192,1,0,0,0,0
12193,1,0,0,0,0
12194,1,0,0,0,0
12195,1,0,0,0,0
12196,1,0,0,0,0
12197,1,0,0,0,0
12198,1,0,0,0,0
12199,1,0,0,0,0
12200,1,0,0,0,0
12201,1,0,0,0,0
12202,1,0,0,0,0
12203,1,0,0,0,0
12204,0,0,0,0,1
12205,0,0,0,0,1
12206,0,0,0,0,1
12207,0,0,0,0,1
12208,0,0,0,0,1
12209,0,0,0,0,1
12210,0,0,0,0,1
12211,0,0,0,0,1
12212,0,0,0,0,1
12213,0,0,0,0,1
12214,0,0,0,0,1
12215,0,0,0,0,1
12216,0,0,0,0,1
12217,0,0,0,0,1
12218,0,0,0,0,1
12219,0,0,0,0,1
12220,0,0,0,0,1
12221,0,0,0,0,1
12222,0,0,0,0,1
12223,0,0,0,0,1
12224,0,0,0,0,1
12225,0,0,0,0,1
12226,0,0,0,0,1
12227,1,0,0,0,0
12228,1,0,0,0,0
12229,1,0,0,0,0
12230,1,0,0,0,0
12231,1,0,0,0,0
12232,1,0,0,0,0
12233,1,0,0,0,0
12234,1,0,0,0,0
12235,1,0,0,0,0
12236,1,0,0,0,0
12237,1,0,0,0,0
12238,1,0,0,0,0
12239,1,0,0,0,0
12240,1,0,0,0,0
12241,1,0,0,0,0
12242,1,0,0,0,0
12243,1,0,0,0,0
12244,1,0,0,0,0
12245,1,0,0,0,0
12246,1,0,0,0,0
12247,1,0,0,0,0
12248,1,0,0,0,0
12249,1,0,0,0,0
12250,1,0,0,0,0
12251,1,0,0,0,0
12252,1,0,0,0,0
12253,1,0,0,0,0
12254,1,0,0,0,0
12255,1,0,0,0,0
12256,1,0,0,0,0
12257,1,0,0,0,0
12258,1,0,0,0,0
12259,1,0,0,0,0
12260,1,0,0,0,0
12261,1,0,0,0,0
12262,1,0,0,0,0
12263,1,0,0,0,0
12264,1,0,0,0,0
12265,1,0,0,0,0
12266,1,0,0,0,0
12267,1,0,0,0,0
12268,1,0,0,0,0
12269,1,0,0,0,0
12270,1,0,0,0,0
12271,1,0,0,0,0
12272,1,0,0,0,0
12273,1,0,0,0,0
12274,1,0,0,0,0
12275,1,0,0,0,0
12276,1,0,0,0,0
12277,1,0,0,0,0
12278,0,0,0,0,1
12279,0,0,0,0,1
12280,0,0,0,0,1
12281,0,0,0,0,1
12282,0,0,0,0,1
12283,0,0,0,0,1
12284,0,0,0,0,1
12285,0,0,0,0,1
12286,0,0,0,0,1
12287,0,0,0,0,1
12288,0,0,0,0,1
12289,0,0,0,0,1
12290,0,0,0,0,1
12291,0,0,0,0,1
12292,0,0,0,0,1
12293,0,0,0,0,1
12294,0,0,0,0,1
12295,0,0,0,0,1
12296,0,0,0,0,1
12297,0,0,0,0,1
12298,0,0,0,0,1
12299,0,0,0,0,1
12300,0,0,0,0,1
12301,0,0,0,0,1
12302,0,0,0,0,1
12303,0,0,0,0,1
12304,0,0,0,0,1
12305,0,0,0,0,1
12306,0,0,0,0,1
12307,0,0,0,0,1
12308,0,0,0,0,1
12309,0,0,0,0,1
12310,0,0,0,0,1
12311,0,0,0,0,1
12312,0,0,0,0,1
12313,0,0,0,0,1
12314,0,0,0,0,1
12315,0,0,0,0,1
12316,0,0,0,0,1
12317,0,0,0,0,1
12318,0,0,0,0,1
12319,0,0,0,0,1
12320,0,0,0,0,1
12321,0,0,0,0,1
12322,0,0,0,0,1
12323,0,0,0,0,1
12324,0,0,0,0,1
12325,0,0,0,0,1
12326,0,0,0,0,1
12327,0,0,0,0,1
12328,0,0,0,0,1
12329,0,0,0,0,1
12330,0,0,0,0,1
12331,0,0,0,0,1
12332,0,0,0,0,1
12333,0,0,0,0,1
12334,0,0,0,0,1
12335,0,0,0,0,1
12336,0,0,0,0,1
12337,0,0,0,0,1
12338,0,0,0,0,1
12339,0,0,0,0,1
12340,0,0,0,0,1
12341,0,0,0,0,1
12342,0,0,0,0,1
12343,0,0,0,0,1
12344,0,0,0,0,1
12345,0,0,0,0,1
12346,0,0,0,0,1
12347,0,0,0,0,1
12348,0,0,0,0,1
12349,0,0,0,0,1
12350,0,0,0,0,1
12351,0,0,0,0,1
12352,0,0,0,0,1
12353,0,0,0,0,1
12354,0,0,0,0,1
12355,0,0,0,0,1
12356,0,0,0,0,1
12357,0,0,0,0,1
12358,0,0,0,0,1
12359,0,0,0,0,1
12360,0,0,0,0,1
12361,0,0,0,0,1
12362,0,0,0,0,1
12363,0,0,0,0,1
12364,0,0,0,0,1
12365,0,0,0,0,1
12366,0,0,0,0,1
12367,0,0,0,0,1
12368,0,0,0,0,1
12369,0,0,0,0,1
12370,0,0,0,0,1
12371,0,0,0,0,1
12372,0,0,0,1,0
12373,0,0,0,1,0
12374,0,0,0,1,0
12375,0,0,0,1,0
12376,0,0,0,1,0
12377,0,0,0,1,0
12378,1,0,0,0,0
12379,1,0,0,0,0
12380,1,0,0,0,0
12381,1,0,0,0,0
12382,1,0,0,0,0
12383,1,0,0,0,0
12384,1,0,0,0,0
12385,1,0,0,0,0
12386,1,0,0,0,0
12387,1,0,0,0,0
12388,1,0,0,0,0
12389,1,0,0,0,0
12390,1,0,0,0,0
12391,1,0,0,0,0
12392,1,0,0,0,0
12393,1,0,0,0,0
12394,1,0,0,0,0
12395,1,0,0,0,0
12396,1,0,0,0,0
12397,1,0,0,0,0
12398,1,0,0,0,0
12399,1,0,0,0,0
12400,0,0,0,0,1
12401,0,0,0,0,1
12402,0,0,0,0,1
12403,0,0,0,0,1
12404,0,0,0,0,1
12405,0,0,0,0,1
12406,0,0,0,0,1
12407,0,0,0,0,1
12408,0,0,0,0,1
12409,0,0,0,0,1
12410,0,0,0,0,1
12411,0,0,0,0,1
12412,0,0,0,0,1
12413,0,0,0,0,1
12414,0,0,0,0,1
12415,0,0,0,0,1
12416,0,0,0,0,1
12417,0,0,0,0,1
12418,0,0,0,0,1
12419,0,0,0,0,1
12420,0,0,0,0,1
12421,0,0,0,0,1
12422,0,0,0,0,1
12423,0,0,0,0,1
12424,0,0,0,0,1
12425,0,0,0,0,1
12426,0,0,0,0,1
12427,0,0,0,0,1
12428,0,0,0,0,1
12429,0,0,0,0,1
12430,0,0,0,0,1
12431,0,0,0,0,1
12432,0,0,0,0,1
12433,0,0,0,0,1
12434,0,0,0,0,1
12435,0,0,0,0,1
12436,0,0,0,0,1
12437,0,0,0,0,1
12438,0,0,0,0,1
12439,0,0,0,0,1
12440,0,0,0,0,1
12441,0,0,0,0,1
12442,0,0,0,0,1
12443,0,0,0,0,1
12444,1,0,0,0,0
12445,1,0,0,0,0
12446,1,0,0,0,0
12447,1,0,0,0,0
12448,1,0,0,0,0
12449,1,0,0,0,0
12450,1,0,0,0,0
12451,1,0,0,0,0
12452,1,0,0,0,0
12453,1,0,0,0,0
12454,1,0,0,0,0
12455,1,0,0,0,0
12456,1,0,0,0,0
12457,1,0,0,0,0
12458,1,0,0,0,0
12459,0,0,0,1,0
12460,0,0,0,1,0
12461,0,0,0,1,0
12462,0,0,0,1,0
12463,0,0,0,1,0
12464,0,0,0,1,0
12465,0,0,0,1,0
12466,0,0,0,1,0
12467,0,0,0,1,0
12468,0,0,0,1,0
12469,0,0,0,1,0
12470,0,0,0,1,0
12471,0,0,0,1,0
12472,1,0,0,0,0
12473,1,0,0,0,0
12474,1,0,0,0,0
12475,1,0,0,0,0
12476,1,0,0,0,0
12477,1,0,0,0,0
12478,1,0,0,0,0
12479,1,0,0,0,0
12480,1,0,0,0,0
12481,1,0,0,0,0
12482,1,0,0,0,0
12483,1,0,0,0,0
12484,1,0,0,0,0
12485,1,0,0,0,0
12486,1,0,0,0,0
12487,1,0,0,0,0
12488,1,0,0,0,0
12489,1,0,0,0,0
12490,1,0,0,0,0
12491,1,0,0,0,0
12492,1,0,0,0,0
12493,1,0,0,0,0
12494,1,0,0,0,0
12495,1,0,0,0,0
12496,1,0,0,0,0
12497,1,0,0,0,0
12498,1,0,0,0,0
12499,1,0,0,0,0
12500,1,0,0,0,0
12501,1,0,0,0,0
12502,1,0,0,0,0
12503,1,0,0,0,0
12504,1,0,0,0,0
12505,1,0,0,0,0
12506,1,0,0,0,0
12507,1,0,0,0,0
12508,1,0,0,0,0
12509,1,0,0,0,0
12510,1,0,0,0,0
12511,1,0,0,0,0
12512,1,0,0,0,0
12513,1,0,0,0,0
12514,1,0,0,0,0
12515,1,0,0,0,0
12516,1,0,0,0,0
12517,1,0,0,0,0
12518,1,0,0,0,0
12519,1,0,0,0,0
12520,1,0,0,0,0
12521,1,0,0,0,0
12522,1,0,0,0,0
12523,1,0,0,0,0
12524,1,0,0,0,0
12525,1,0,0,0,0
12526,1,0,0,0,0
12527,1,0,0,0,0
12528,1,0,0,0,0
12529,1,0,0,0,0
12530,1,0,0,0,0
12531,1,0,0,0,0
12532,1,0,0,0,0
12533,1,0,0,0,0
12534,1,0,0,0,0
12535,1,0,0,0,0
12536,1,0,0,0,0
12537,1,0,0,0,0
12538,1,0,0,0,0
12539,1,0,0,0,0
12540,1,0,0,0,0
12541,1,0,0,0,0
12542,1,0,0,0,0
12543,1,0,0,0,0
12544,1,0,0,0,0
12545,1,0,0,0,0
12546,1,0,0,0,0
12547,1,0,0,0,0
12548,1,0,0,0,0
12549,1,0,0,0,0
12550,1,0,0,0,0
12551,1,0,0,0,0
12552,1,0,0,0,0
12553,1,0,0,0,0
12554,1,0,0,0,0
12555,1,0,0,0,0
12556,1,0,0,0,0
12557,1,0,0,0,0
12558,1,0,0,0,0
12559,1,0,0,0,0
12560,1,0,0,0,0
12561,1,0,0,0,0
12562,1,0,0,0,0
12563,1,0,0,0,0
12564,1,0,0,0,0
12565,1,0,0,0,0
12566,1,0,0,0,0
12567,1,0,0,0,0
12568,1,0,0,0,0
12569,1,0,0,0,0
12570,1,0,0,0,0
12571,1,0,0,0,0
12572,1,0,0,0,0
12573,1,0,0,0,0
12574,1,0,0,0,0
12575,1,0,0,0,0
12576,1,0,0,0,0
12577,1,0,0,0,0
12578,1,0,0,0,0
12579,1,0,0,0,0
12580,1,0,0,0,0
12581,1,0,0,0,0
12582,1,0,0,0,0
12583,1,0,0,0,0
12584,1,0,0,0,0
12585,1,0,0,0,0
12586,1,0,0,0,0
12587,1,0,0,0,0
12588,1,0,0,0,0
12589,1,0,0,0,0
12590,1,0,0,0,0
12591,1,0,0,0,0
12592,1,0,0,0,0
12593,1,0,0,0,0
12594,1,0,0,0,0
12595,1,0,0,0,0
12596,1,0,0,0,0
12597,1,0,0,0,0
12598,1,0,0,0,0
12599,1,0,0,0,0
12600,1,0,0,0,0
12601,1,0,0,0,0
12602,1,0,0,0,0
12603,1,0,0,0,0
12604,1,0,0,0,0
12605,1,0,0,0,0
12606,1,0,0,0,0
12607,1,0,0,0,0
12608,1,0,0,0,0
12609,1,0,0,0,0
12610,1,0,0,0,0
12611,1,0,0,0,0
12612,1,0,0,0,0
12613,1,0,0,0,0
12614,1,0,0,0,0
12615,1,0,0,0,0
12616,1,0,0,0,0
12617,1,0,0,0,0
12618,1,0,0,0,0
12619,1,0,0,0,0
12620,1,0,0,0,0
12621,1,0,0,0,0
12622,1,0,0,0,0
12623,1,0,0,0,0
12624,1,0,0,0,0
12625,1,0,0,0,0
12626,1,0,0,0,0
12627,1,0,0,0,0
12628,1,0,0,0,0
12629,1,0,0,0,0
12630,1,0,0,0,0
12631,1,0,0,0,0
12632,1,0,0,0,0
12633,1,0,0,0,0
12634,1,0,0,0,0
12635,1,0,0,0,0
12636,1,0,0,0,0
12637,1,0,0,0,0
12638,1,0,0,0,0
12639,1,0,0,0,0
12640,1,0,0,0,0
12641,1,0,0,0,0
12642,1,0,0,0,0
12643,1,0,0,0,0
12644,1,0,0,0,0
12645,1,0,0,0,0
12646,1,0,0,0,0
12647,1,0,0,0,0
12648,1,0,0,0,0
12649,1,0,0,0,0
12650,1,0,0,0,0
12651,1,0,0,0,0
12652,1,0,0,0,0
12653,1,0,0,0,0
12654,1,0,0,0,0
12655,1,0,0,0,0
12656,1,0,0,0,0
12657,1,0,0,0,0
12658,1,0,0,0,0
12659,1,0,0,0,0
12660,1,0,0,0,0
12661,1,0,0,0,0
12662,1,0,0,0,0
12663,1,0,0,0,0
12664,1,0,0,0,0
12665,1,0,0,0,0
12666,1,0,0,0,0
12667,1,0,0,0,0
12668,1,0,0,0,0
12669,1,0,0,0,0
12670,1,0,0,0,0
12671,1,0,0,0,0
12672,1,0,0,0,0
12673,0,0,0,0,1
12674,0,0,0,0,1
12675,0,0,0,0,1
12676,0,0,0,0,1
12677,0,0,0,0,1
12678,0,0,0,0,1
12679,0,0,0,0,1
12680,0,0,0,0,1
12681,0,0,0,0,1
12682,0,0,0,0,1
12683,0,0,0,0,1
12684,0,0,0,0,1
12685,0,0,0,0,1
12686,0,0,0,0,1
12687,0,0,0,0,1
12688,0,0,0,0,1
12689,0,0,0,0,1
12690,0,0,0,0,1
12691,0,0,0,0,1
12692,0,0,0,0,1
12693,0,0,0,0,1
12694,0,0,0,0,1
12695,0,0,0,0,1
12696,0,0,0,0,1
12697,0,0,0,0,1
12698,0,0,0,0,1
12699,0,0,0,0,1
12700,0,0,0,0,1
12701,0,0,0,0,1
12702,0,0,0,0,1
12703,0,0,0,0,1
12704,0,0,0,0,1
12705,0,0,0,0,1
12706,0,0,0,0,1
12707,0,0,0,0,1
12708,0,0,0,0,1
12709,0,0,0,0,1
12710,0,0,0,0,1
12711,0,0,0,0,1
12712,0,0,0,0,1
12713,0,0,0,0,1
12714,0,0,0,0,1
12715,0,0,0,0,1
12716,0,0,0,0,1
12717,0,0,0,0,1
12718,0,0,0,0,1
12719,0,0,0,0,1
12720,0,0,0,0,1
12721,0,0,0,0,1
12722,0,0,0,0,1
12723,0,0,0,0,1
12724,0,0,0,0,1
12725,0,0,0,0,1
12726,0,0,0,0,1
12727,0,0,0,0,1
12728,0,0,0,0,1
12729,0,0,0,0,1
12730,0,0,0,0,1
12731,0,0,0,0,1
12732,0,0,0,0,1
12733,0,0,0,0,1
12734,0,0,0,0,1
12735,0,0,0,0,1
12736,0,0,0,0,1
12737,0,0,0,0,1
12738,0,0,0,0,1
12739,0,0,0,0,1
12740,0,0,0,0,1
12741,0,0,0,0,1
12742,0,0,0,0,1
12743,0,0,0,0,1
12744,0,0,0,0,1
12745,0,0,0,0,1
12746,0,0,0,0,1
12747,0,0,0,0,1
12748,0,0,0,0,1
12749,1,0,0,0,0
12750,1,0,0,0,0
12751,1,0,0,0,0
12752,1,0,0,0,0
12753,1,0,0,0,0
12754,1,0,0,0,0
12755,1,0,0,0,0
12756,1,0,0,0,0
12757,1,0,0,0,0
12758,1,0,0,0,0
12759,1,0,0,0,0
12760,1,0,0,0,0
12761,1,0,0,0,0
12762,1,0,0,0,0
12763,1,0,0,0,0
12764,1,0,0,0,0
12765,1,0,0,0,0
12766,1,0,0,0,0
12767,1,0,0,0,0
12768,1,0,0,0,0
12769,1,0,0,0,0
12770,1,0,0,0,0
12771,1,0,0,0,0
12772,1,0,0,0,0
12773,1,0,0,0,0
12774,1,0,0,0,0
12775,1,0,0,0,0
12776,1,0,0,0,0
12777,1,0,0,0,0
12778,1,0,0,0,0
12779,1,0,0,0,0
12780,1,0,0,0,0
12781,1,0,0,0,0
12782,1,0,0,0,0
12783,1,0,0,0,0
12784,1,0,0,0,0
12785,1,0,0,0,0
12786,1,0,0,0,0
12787,1,0,0,0,0
12788,1,0,0,0,0
12789,1,0,0,0,0
12790,1,0,0,0,0
12791,1,0,0,0,0
12792,1,0,0,0,0
12793,1,0,0,0,0
12794,1,0,0,0,0
12795,1,0,0,0,0
12796,1,0,0,0,0
12797,1,0,0,0,0
12798,1,0,0,0,0
12799,1,0,0,0,0
12800,1,0,0,0,0
12801,1,0,0,0,0
12802,1,0,0,0,0
12803,1,0,0,0,0
12804,1,0,0,0,0
12805,1,0,0,0,0
12806,1,0,0,0,0
12807,1,0,0,0,0
12808,1,0,0,0,0
12809,1,0,0,0,0
12810,1,0,0,0,0
12811,1,0,0,0,0
12812,1,0,0,0,0
12813,1,0,0,0,0
12814,1,0,0,0,0
12815,1,0,0,0,0
12816,1,0,0,0,0
12817,1,0,0,0,0
12818,1,0,0,0,0
12819,1,0,0,0,0
12820,1,0,0,0,0
12821,1,0,0,0,0
12822,1,0,0,0,0
12823,1,0,0,0,0
12824,1,0,0,0,0
12825,1,0,0,0,0
12826,1,0,0,0,0
12827,0,0,0,0,1
12828,0,0,0,0,1
12829,0,0,0,0,1
12830,0,0,0,0,1
12831,0,0,0,0,1
12832,0,0,0,0,1
12833,0,0,0,0,1
12834,0,0,0,0,1
12835,0,0,0,0,1
12836,0,0,0,0,1
12837,0,0,0,0,1
12838,0,0,0,0,1
12839,0,0,0,0,1
12840,0,0,0,0,1
12841,0,0,0,0,1
12842,0,0,0,0,1
12843,0,0,0,0,1
12844,0,0,0,0,1
12845,0,0,0,0,1
12846,0,0,0,0,1
12847,0,0,0,0,1
12848,0,0,0,0,1
12849,0,0,0,0,1
12850,0,0,0,0,1
12851,0,0,0,0,1
12852,0,0,0,0,1
12853,0,0,0,0,1
12854,0,0,0,0,1
12855,0,0,0,0,1
12856,0,0,0,0,1
12857,0,0,0,0,1
12858,0,0,0,0,1
12859,0,0,0,0,1
12860,0,0,0,0,1
12861,0,0,0,0,1
12862,0,0,0,0,1
12863,0,0,0,0,1
12864,0,0,0,0,1
12865,0,0,0,0,1
12866,0,0,0,0,1
12867,0,0,0,0,1
12868,0,0,0,0,1
12869,0,0,0,0,1
12870,0,0,0,0,1
12871,0,0,0,0,1
12872,0,0,0,0,1
12873,0,0,0,0,1
12874,0,0,0,0,1
12875,0,0,0,0,1
12876,0,0,0,0,1
12877,0,0,0,0,1
12878,0,0,0,0,1
12879,0,0,0,0,1
12880,0,0,0,0,1
12881,0,0,0,0,1
12882,0,0,0,0,1
12883,0,0,0,0,1
12884,0,0,0,0,1
12885,0,0,0,0,1
12886,0,0,0,0,1
12887,0,0,0,0,1
12888,0,0,0,0,1
12889,0,0,0,0,1
12890,0,0,0,0,1
12891,0,0,0,0,1
12892,0,0,0,0,1
12893,0,0,0,0,1
12894,0,0,0,0,1
12895,0,0,0,0,1
12896,0,0,0,0,1
12897,0,0,0,0,1
12898,0,0,0,0,1
12899,0,0,0,0,1
12900,0,0,0,0,1
12901,0,0,0,0,1
12902,0,0,0,0,1
12903,0,0,0,0,1
12904,0,0,0,0,1
12905,0,0,0,0,1
12906,0,0,0,0,1
12907,0,0,0,0,1
12908,0,0,0,0,1
12909,0,0,0,0,1
12910,0,0,0,0,1
12911,0,0,0,0,1
12912,0,0,0,0,1
12913,0,0,0,0,1
12914,0,0,0,0,1
12915,0,0,0,0,1
12916,0,0,0,0,1
12917,0,0,0,0,1
12918,0,0,0,0,1
12919,0,0,0,0,1
12920,0,0,0,0,1
12921,0,0,0,0,1
12922,0,0,0,0,1
12923,0,0,0,0,1
12924,0,0,0,0,1
12925,0,0,0,0,1
12926,0,0,0,0,1
12927,0,0,0,0,1
12928,0,0,0,0,1
12929,0,0,0,0,1
12930,0,0,0,0,1
12931,0,0,0,0,1
12932,0,0,0,0,1
12933,0,0,0,0,1
12934,0,0,0,0,1
12935,0,0,0,0,1
12936,0,0,0,0,1
12937,0,0,0,0,1
12938,0,0,0,0,1
12939,0,0,0,0,1
12940,0,0,0,0,1
12941,0,0,0,0,1
12942,0,0,0,0,1
12943,0,0,0,0,1
12944,0,0,0,0,1
12945,0,0,0,0,1
12946,0,0,0,0,1
12947,0,0,0,0,1
12948,0,0,0,0,1
12949,0,0,0,0,1
12950,0,0,0,0,1
12951,0,0,0,0,1
12952,0,0,0,0,1
12953,0,0,0,0,1
12954,0,0,0,0,1
12955,0,0,0,0,1
12956,0,0,0,0,1
12957,0,0,0,0,1
12958,0,0,0,0,1
12959,0,0,0,0,1
12960,0,0,0,0,1
12961,0,0,0,0,1
12962,0,0,0,0,1
12963,0,0,0,0,1
12964,0,0,0,0,1
12965,0,0,0,0,1
12966,0,0,0,0,1
12967,0,0,0,0,1
12968,0,0,0,0,1
12969,0,0,0,0,1
12970,0,0,0,0,1
12971,0,0,0,0,1
12972,0,0,0,0,1
12973,0,0,0,0,1
12974,0,0,0,0,1
12975,0,0,0,0,1
12976,0,0,0,0,1
12977,1,0,0,0,0
12978,1,0,0,0,0
12979,1,0,0,0,0
12980,1,0,0,0,0
12981,1,0,0,0,0
12982,1,0,0,0,0
12983,1,0,0,0,0
12984,1,0,0,0,0
12985,1,0,0,0,0
12986,1,0,0,0,0
12987,1,0,0,0,0
12988,1,0,0,0,0
12989,1,0,0,0,0
12990,1,0,0,0,0
12991,1,0,0,0,0
12992,1,0,0,0,0
12993,1,0,0,0,0
12994,1,0,0,0,0
12995,1,0,0,0,0
12996,1,0,0,0,0
12997,1,0,0,0,0
12998,1,0,0,0,0
12999,1,0,0,0,0
13000,1,0,0,0,0
13001,1,0,0,0,0
13002,1,0,0,0,0
13003,1,0,0,0,0
13004,0,0,0,0,1
13005,0,0,0,0,1
13006,0,0,0,0,1
13007,0,0,0,0,1
13008,0,0,0,0,1
13009,0,0,0,0,1
13010,0,0,0,0,1
13011,0,0,0,0,1
13012,0,0,0,0,1
13013,0,0,0,0,1
13014,0,0,0,0,1
13015,0,0,0,0,1
13016,0,0,0,0,1
13017,0,0,0,0,1
13018,0,0,0,0,1
13019,0,0,0,0,1
13020,0,0,0,0,1
13021,0,0,0,0,1
13022,0,0,0,0,1
13023,0,0,0,0,1
13024,0,0,0,0,1
13025,0,0,0,0,1
13026,0,0,0,0,1
13027,0,0,0,0,1
13028,0,0,0,0,1
13029,0,0,0,0,1
13030,0,0,0,0,1
13031,0,0,0,0,1
13032,0,0,0,0,1
13033,0,0,0,0,1
13034,0,0,0,0,1
13035,0,0,0,0,1
13036,0,0,0,0,1
13037,0,0,0,0,1
13038,0,0,0,0,1
13039,0,0,0,0,1
13040,0,0,0,0,1
13041,0,0,0,0,1
13042,0,0,0,0,1
13043,0,0,0,0,1
13044,0,0,0,0,1
13045,0,0,0,0,1
13046,0,0,0,0,1
13047,0,0,0,0,1
13048,0,0,0,0,1
13049,0,0,0,0,1
13050,0,0,0,0,1
13051,0,0,0,0,1
13052,0,0,0,0,1
13053,0,0,0,0,1
13054,0,0,0,0,1
13055,0,0,0,0,1
13056,1,0,0,0,0
13057,1,0,0,0,0
13058,1,0,0,0,0
13059,1,0,0,0,0
13060,1,0,0,0,0
13061,1,0,0,0,0
13062,1,0,0,0,0
13063,1,0,0,0,0
13064,1,0,0,0,0
13065,1,0,0,0,0
13066,1,0,0,0,0
13067,1,0,0,0,0
13068,1,0,0,0,0
13069,1,0,0,0,0
13070,1,0,0,0,0
13071,1,0,0,0,0
13072,1,0,0,0,0
13073,1,0,0,0,0
13074,1,0,0,0,0
13075,1,0,0,0,0
13076,1,0,0,0,0
13077,1,0,0,0,0
13078,1,0,0,0,0
13079,1,0,0,0,0
13080,1,0,0,0,0
13081,0,0,0,0,1
13082,0,0,0,0,1
13083,0,0,0,0,1
13084,0,0,0,0,1
13085,0,0,0,0,1
13086,0,0,0,0,1
13087,0,0,0,0,1
13088,0,0,0,0,1
13089,0,0,0,0,1
13090,0,0,0,0,1
13091,0,0,0,0,1
13092,0,0,0,0,1
13093,0,0,0,0,1
13094,0,0,0,0,1
13095,0,0,0,0,1
13096,0,0,0,0,1
13097,0,0,0,0,1
13098,0,0,0,0,1
13099,0,0,0,0,1
13100,0,0,0,0,1
13101,0,0,0,0,1
13102,0,0,0,0,1
13103,0,0,0,0,1
13104,0,0,0,0,1
13105,0,0,0,0,1
13106,0,0,0,0,1
13107,0,0,0,0,1
13108,0,0,0,0,1
13109,0,0,0,0,1
13110,0,0,0,0,1
13111,0,0,0,0,1
13112,0,0,0,0,1
13113,0,0,0,0,1
13114,0,0,0,0,1
13115,0,0,0,0,1
13116,0,0,0,0,1
13117,0,0,0,0,1
13118,0,0,0,0,1
13119,0,0,0,0,1
13120,0,0,0,0,1
13121,0,0,0,0,1
13122,0,0,0,0,1
13123,0,0,0,0,1
13124,0,0,0,0,1
13125,0,0,0,0,1
13126,0,0,0,0,1
13127,0,0,0,0,1
13128,0,0,0,0,1
13129,0,0,0,0,1
13130,0,0,0,0,1
13131,0,0,0,0,1
13132,0,0,0,0,1
13133,0,0,0,0,1
13134,0,0,0,0,1
13135,0,0,0,0,1
13136,0,0,0,0,1
13137,0,0,0,0,1
13138,0,0,0,0,1
13139,0,0,0,0,1
13140,0,0,0,0,1
13141,0,0,0,0,1
13142,0,0,0,0,1
13143,0,0,0,0,1
13144,0,0,0,0,1
13145,0,0,0,0,1
13146,0,0,0,0,1
13147,0,0,0,0,1
13148,0,0,0,0,1
13149,0,0,0,0,1
13150,0,0,0,0,1
13151,0,0,0,0,1
13152,0,0,0,0,1
13153,0,0,0,0,1
13154,0,0,0,0,1
13155,0,0,0,0,1
13156,0,0,0,0,1
13157,0,0,0,0,1
13158,0,0,0,0,1
13159,0,0,0,0,1
13160,0,0,0,0,1
13161,0,0,0,0,1
13162,0,0,0,0,1
13163,0,0,0,0,1
13164,0,0,0,0,1
13165,0,0,0,0,1
13166,0,0,0,0,1
13167,0,0,0,0,1
13168,0,0,0,0,1
13169,0,0,0,0,1
13170,0,0,0,0,1
13171,0,0,0,0,1
13172,0,0,0,0,1
13173,0,0,0,0,1
13174,0,0,0,0,1
13175,0,0,0,0,1
13176,0,0,0,0,1
13177,0,0,0,0,1
13178,0,0,0,0,1
13179,0,0,0,0,1
13180,0,0,0,0,1
13181,0,0,0,0,1
13182,0,0,0,0,1
13183,0,0,0,0,1
13184,0,0,0,0,1
13185,0,0,0,0,1
13186,0,0,0,0,1
13187,0,0,0,0,1
13188,0,0,0,0,1
13189,0,0,0,0,1
13190,0,0,0,0,1
13191,0,0,0,0,1
13192,0,0,0,0,1
13193,0,0,0,0,1
13194,0,0,0,0,1
13195,0,0,0,0,1
13196,0,0,0,0,1
13197,0,0,0,0,1
13198,0,0,0,0,1
13199,0,0,0,0,1
13200,0,0,0,0,1
13201,0,0,0,0,1
13202,0,0,0,0,1
13203,0,0,0,0,1
13204,0,0,0,0,1
13205,0,0,0,0,1
13206,0,0,0,0,1
13207,0,0,0,0,1
13208,0,0,0,0,1
13209,0,0,0,0,1
13210,0,0,0,0,1
13211,0,0,0,0,1
13212,0,0,0,0,1
13213,0,0,0,0,1
13214,0,0,0,0,1
13215,0,0,0,0,1
13216,0,0,0,0,1
13217,0,0,0,0,1
13218,0,0,0,0,1
13219,0,0,0,0,1
13220,0,0,0,0,1
13221,0,0,0,0,1
13222,0,0,0,0,1
13223,0,0,0,0,1
13224,1,0,0,0,0
13225,1,0,0,0,0
13226,1,0,0,0,0
13227,1,0,0,0,0
13228,1,0,0,0,0
13229,1,0,0,0,0
13230,1,0,0,0,0
13231,1,0,0,0,0
13232,1,0,0,0,0
13233,1,0,0,0,0
13234,1,0,0,0,0
13235,1,0,0,0,0
13236,0,0,0,1,0
13237,0,0,0,1,0
13238,0,0,0,1,0
13239,0,0,0,1,0
13240,0,0,0,1,0
13241,0,0,0,1,0
13242,0,0,0,1,0
13243,1,0,0,0,0
13244,1,0,0,0,0
13245,1,0,0,0,0
13246,1,0,0,0,0
13247,1,0,0,0,0
13248,1,0,0,0,0
13249,1,0,0,0,0
13250,1,0,0,0,0
13251,1,0,0,0,0
13252,1,0,0,0,0
13253,1,0,0,0,0
13254,1,0,0,0,0
13255,1,0,0,0,0
13256,1,0,0,0,0
13257,1,0,0,0,0
13258,1,0,0,0,0
13259,1,0,0,0,0
13260,1,0,0,0,0
13261,1,0,0,0,0
13262,1,0,0,0,0
13263,1,0,0,0,0
13264,1,0,0,0,0
13265,1,0,0,0,0
13266,1,0,0,0,0
13267,1,0,0,0,0
13268,1,0,0,0,0
13269,1,0,0,0,0
13270,1,0,0,0,0
13271,1,0,0,0,0
13272,1,0,0,0,0
13273,1,0,0,0,0
13274,1,0,0,0,0
13275,1,0,0,0,0
13276,1,0,0,0,0
13277,1,0,0,0,0
13278,1,0,0,0,0
13279,1,0,0,0,0
13280,1,0,0,0,0
13281,1,0,0,0,0
13282,1,0,0,0,0
13283,1,0,0,0,0
13284,1,0,0,0,0
13285,0,1,0,0,0
13286,0,1,0,0,0
13287,0,1,0,0,0
13288,0,1,0,0,0
13289,0,1,0,0,0
13290,0,1,0,0,0
13291,0,1,0,0,0
13292,0,1,0,0,0
13293,0,1,0,0,0
13294,0,1,0,0,0
13295,0,1,0,0,0
13296,0,1,0,0,0
13297,0,1,0,0,0
13298,0,1,0,0,0
13299,0,1,0,0,0
13300,0,1,0,0,0
13301,0,1,0,0,0
13302,0,1,0,0,0
13303,0,1,0,0,0
13304,0,1,0,0,0
13305,0,1,0,0,0
13306,0,1,0,0,0
13307,0,1,0,0,0
13308,0,1,0,0,0
13309,0,1,0,0,0
13310,0,1,0,0,0
13311,0,1,0,0,0
13312,0,1,0,0,0
13313,0,1,0,0,0
13314,0,1,0,0,0
13315,0,1,0,0,0
13316,0,1,0,0,0
13317,0,1,0,0,0
13318,0,1,0,0,0
13319,0,1,0,0,0
13320,0,1,0,0,0
13321,0,1,0,0,0
13322,0,1,0,0,0
13323,0,1,0,0,0
13324,0,1,0,0,0
13325,0,1,0,0,0
13326,0,1,0,0,0
13327,0,1,0,0,0
13328,0,1,0,0,0
13329,0,1,0,0,0
13330,0,1,0,0,0
13331,0,1,0,0,0
13332,0,1,0,0,0
13333,0,1,0,0,0
13334,0,1,0,0,0
13335,0,1,0,0,0
13336,0,1,0,0,0
13337,0,1,0,0,0
13338,0,1,0,0,0
13339,0,1,0,0,0
13340,0,1,0,0,0
13341,0,1,0,0,0
13342,0,1,0,0,0
13343,0,1,0,0,0
13344,0,1,0,0,0
13345,0,1,0,0,0
13346,0,1,0,0,0
13347,0,1,0,0,0
13348,0,1,0,0,0
13349,0,1,0,0,0
13350,0,1,0,0,0
13351,0,1,0,0,0
13352,0,1,0,0,0
13353,0,1,0,0,0
13354,0,1,0,0,0
13355,0,1,0,0,0
13356,0,1,0,0,0
13357,0,1,0,0,0
13358,0,1,0,0,0
13359,0,1,0,0,0
13360,0,1,0,0,0
13361,1,0,0,0,0
13362,1,0,0,0,0
13363,1,0,0,0,0
13364,1,0,0,0,0
13365,1,0,0,0,0
13366,1,0,0,0,0
13367,1,0,0,0,0
13368,1,0,0,0,0
13369,1,0,0,0,0
13370,1,0,0,0,0
13371,1,0,0,0,0
13372,1,0,0,0,0
13373,1,0,0,0,0
13374,1,0,0,0,0
13375,1,0,0,0,0
13376,1,0,0,0,0
13377,1,0,0,0,0
13378,1,0,0,0,0
13379,1,0,0,0,0
13380,1,0,0,0,0
13381,1,0,0,0,0
13382,1,0,0,0,0
13383,1,0,0,0,0
13384,1,0,0,0,0
13385,1,0,0,0,0
13386,1,0,0,0,0
13387,1,0,0,0,0
13388,1,0,0,0,0
13389,1,0,0,0,0
13390,1,0,0,0,0
13391,1,0,0,0,0
13392,1,0,0,0,0
13393,1,0,0,0,0
13394,1,0,0,0,0
13395,1,0,0,0,0
13396,1,0,0,0,0
13397,1,0,0,0,0
13398,1,0,0,0,0
13399,1,0,0,0,0
13400,1,0,0,0,0
13401,1,0,0,0,0
13402,1,0,0,0,0
13403,1,0,0,0,0
13404,1,0,0,0,0
13405,1,0,0,0,0
13406,1,0,0,0,0
13407,1,0,0,0,0
13408,1,0,0,0,0
13409,1,0,0,0,0
13410,1,0,0,0,0
13411,1,0,0,0,0
13412,1,0,0,0,0
13413,1,0,0,0,0
13414,1,0,0,0,0
13415,1,0,0,0,0
13416,1,0,0,0,0
13417,1,0,0,0,0
13418,1,0,0,0,0
13419,1,0,0,0,0
13420,0,1,0,0,0
13421,0,1,0,0,0
13422,0,1,0,0,0
13423,0,1,0,0,0
13424,0,1,0,0,0
13425,0,1,0,0,0
13426,0,1,0,0,0
13427,0,1,0,0,0
13428,0,1,0,0,0
13429,0,1,0,0,0
13430,0,1,0,0,0
13431,0,1,0,0,0
13432,0,1,0,0,0
13433,0,1,0,0,0
13434,0,1,0,0,0
13435,0,1,0,0,0
13436,0,1,0,0,0
13437,0,1,0,0,0
13438,0,1,0,0,0
13439,0,1,0,0,0
13440,0,1,0,0,0
13441,0,1,0,0,0
13442,0,1,0,0,0
13443,0,1,0,0,0
13444,0,1,0,0,0
13445,0,1,0,0,0
13446,0,1,0,0,0
13447,0,1,0,0,0
13448,0,1,0,0,0
13449,0,1,0,0,0
13450,0,1,0,0,0
13451,0,1,0,0,0
13452,0,1,0,0,0
13453,0,1,0,0,0
13454,0,1,0,0,0
13455,0,1,0,0,0
13456,0,1,0,0,0
13457,0,1,0,0,0
13458,0,1,0,0,0
13459,0,1,0,0,0
13460,0,1,0,0,0
13461,0,1,0,0,0
13462,0,1,0,0,0
13463,1,0,0,0,0
13464,1,0,0,0,0
13465,1,0,0,0,0
13466,1,0,0,0,0
13467,1,0,0,0,0
13468,1,0,0,0,0
13469,1,0,0,0,0
13470,1,0,0,0,0
13471,1,0,0,0,0
13472,1,0,0,0,0
13473,1,0,0,0,0
13474,1,0,0,0,0
13475,1,0,0,0,0
13476,1,0,0,0,0
13477,1,0,0,0,0
13478,1,0,0,0,0
13479,1,0,0,0,0
13480,1,0,0,0,0
13481,1,0,0,0,0
13482,1,0,0,0,0
13483,1,0,0,0,0
13484,1,0,0,0,0
13485,1,0,0,0,0
13486,1,0,0,0,0
13487,1,0,0,0,0
13488,1,0,0,0,0
13489,1,0,0,0,0
13490,1,0,0,0,0
13491,1,0,0,0,0
13492,1,0,0,0,0
13493,1,0,0,0,0
13494,1,0,0,0,0
13495,1,0,0,0,0
13496,1,0,0,0,0
13497,1,0,0,0,0
13498,1,0,0,0,0
13499,1,0,0,0,0
13500,1,0,0,0,0
13501,1,0,0,0,0
13502,1,0,0,0,0
13503,1,0,0,0,0
13504,1,0,0,0,0
13505,1,0,0,0,0
13506,1,0,0,0,0
13507,1,0,0,0,0
13508,1,0,0,0,0
13509,1,0,0,0,0
13510,1,0,0,0,0
13511,1,0,0,0,0
13512,1,0,0,0,0
13513,1,0,0,0,0
13514,1,0,0,0,0
13515,1,0,0,0,0
13516,1,0,0,0,0
13517,1,0,0,0,0
13518,1,0,0,0,0
13519,1,0,0,0,0
13520,1,0,0,0,0
13521,1,0,0,0,0
13522,1,0,0,0,0
13523,1,0,0,0,0
13524,1,0,0,0,0
13525,1,0,0,0,0
13526,1,0,0,0,0
13527,1,0,0,0,0
13528,1,0,0,0,0
13529,1,0,0,0,0
13530,1,0,0,0,0
13531,1,0,0,0,0
13532,1,0,0,0,0
13533,1,0,0,0,0
13534,1,0,0,0,0
13535,1,0,0,0,0
13536,1,0,0,0,0
13537,1,0,0,0,0
13538,1,0,0,0,0
13539,1,0,0,0,0
13540,1,0,0,0,0
13541,1,0,0,0,0
13542,1,0,0,0,0
13543,1,0,0,0,0
13544,1,0,0,0,0
13545,1,0,0,0,0
13546,1,0,0,0,0
13547,1,0,0,0,0
13548,1,0,0,0,0
13549,1,0,0,0,0
13550,1,0,0,0,0
13551,1,0,0,0,0
13552,1,0,0,0,0
13553,1,0,0,0,0
13554,1,0,0,0,0
13555,1,0,0,0,0
13556,1,0,0,0,0
13557,1,0,0,0,0
13558,1,0,0,0,0
13559,1,0,0,0,0
13560,1,0,0,0,0
13561,0,0,0,1,0
13562,0,0,0,1,0
13563,0,0,0,1,0
13564,0,0,0,1,0
13565,0,0,0,1,0
13566,0,0,0,1,0
13567,0,0,0,1,0
13568,0,0,0,1,0
13569,0,0,0,1,0
13570,0,0,0,1,0
13571,1,0,0,0,0
13572,1,0,0,0,0
13573,1,0,0,0,0
13574,1,0,0,0,0
13575,1,0,0,0,0
13576,1,0,0,0,0
13577,1,0,0,0,0
13578,1,0,0,0,0
13579,1,0,0,0,0
13580,1,0,0,0,0
13581,1,0,0,0,0
13582,1,0,0,0,0
13583,1,0,0,0,0
13584,1,0,0,0,0
13585,1,0,0,0,0
13586,1,0,0,0,0
13587,1,0,0,0,0
13588,1,0,0,0,0
13589,1,0,0,0,0
13590,1,0,0,0,0
13591,1,0,0,0,0
13592,1,0,0,0,0
13593,1,0,0,0,0
13594,1,0,0,0,0
13595,1,0,0,0,0
13596,1,0,0,0,0
13597,1,0,0,0,0
13598,1,0,0,0,0
13599,1,0,0,0,0
13600,1,0,0,0,0
13601,1,0,0,0,0
13602,1,0,0,0,0
13603,1,0,0,0,0
13604,1,0,0,0,0
13605,1,0,0,0,0
13606,1,0,0,0,0
13607,1,0,0,0,0
13608,1,0,0,0,0
13609,1,0,0,0,0
13610,1,0,0,0,0
13611,1,0,0,0,0
13612,1,0,0,0,0
13613,1,0,0,0,0
13614,1,0,0,0,0
13615,1,0,0,0,0
13616,1,0,0,0,0
13617,1,0,0,0,0
13618,1,0,0,0,0
13619,1,0,0,0,0
13620,1,0,0,0,0
13621,1,0,0,0,0
13622,1,0,0,0,0
13623,1,0,0,0,0
13624,1,0,0,0,0
13625,1,0,0,0,0
13626,1,0,0,0,0
13627,1,0,0,0,0
13628,1,0,0,0,0
13629,1,0,0,0,0
13630,1,0,0,0,0
13631,0,0,0,0,1
13632,0,0,0,0,1
13633,0,0,0,0,1
13634,0,0,0,0,1
13635,0,0,0,0,1
13636,0,0,0,0,1
13637,0,0,0,0,1
13638,0,0,0,0,1
13639,0,0,0,0,1
13640,0,0,0,0,1
13641,0,0,0,0,1
13642,0,0,0,0,1
13643,0,0,0,0,1
13644,0,0,0,0,1
13645,0,0,0,0,1
13646,0,0,0,0,1
13647,0,0,0,0,1
13648,0,0,0,0,1
13649,0,0,0,0,1
13650,0,0,0,0,1
13651,0,0,0,0,1
13652,0,0,0,0,1
13653,0,0,0,0,1
13654,0,0,0,0,1
13655,0,0,0,0,1
13656,0,0,0,0,1
13657,1,0,0,0,0
13658,1,0,0,0,0
13659,1,0,0,0,0
13660,1,0,0,0,0
13661,1,0,0,0,0
13662,1,0,0,0,0
13663,1,0,0,0,0
13664,1,0,0,0,0
13665,1,0,0,0,0
13666,1,0,0,0,0
13667,1,0,0,0,0
13668,0,1,0,0,0
13669,0,1,0,0,0
13670,0,1,0,0,0
13671,0,1,0,0,0
13672,0,1,0,0,0
13673,0,1,0,0,0
13674,0,1,0,0,0
13675,0,1,0,0,0
13676,0,1,0,0,0
13677,0,1,0,0,0
13678,0,1,0,0,0
13679,0,1,0,0,0
13680,0,1,0,0,0
13681,0,1,0,0,0
13682,0,1,0,0,0
13683,0,1,0,0,0
13684,0,1,0,0,0
13685,0,1,0,0,0
13686,0,1,0,0,0
13687,0,1,0,0,0
13688,0,1,0,0,0
13689,0,1,0,0,0
13690,0,1,0,0,0
13691,0,1,0,0,0
13692,0,1,0,0,0
13693,0,1,0,0,0
13694,0,1,0,0,0
13695,1,0,0,0,0
13696,1,0,0,0,0
13697,1,0,0,0,0
13698,1,0,0,0,0
13699,1,0,0,0,0
13700,1,0,0,0,0
13701,1,0,0,0,0
13702,1,0,0,0,0
13703,1,0,0,0,0
13704,1,0,0,0,0
13705,1,0,0,0,0
13706,1,0,0,0,0
13707,1,0,0,0,0
13708,1,0,0,0,0
13709,1,0,0,0,0
13710,1,0,0,0,0
13711,1,0,0,0,0
13712,1,0,0,0,0
13713,1,0,0,0,0
13714,1,0,0,0,0
13715,1,0,0,0,0
13716,1,0,0,0,0
13717,1,0,0,0,0
13718,1,0,0,0,0
13719,1,0,0,0,0
13720,1,0,0,0,0
13721,1,0,0,0,0
13722,1,0,0,0,0
13723,1,0,0,0,0
13724,1,0,0,0,0
13725,1,0,0,0,0
13726,1,0,0,0,0
13727,1,0,0,0,0
13728,1,0,0,0,0
13729,1,0,0,0,0
13730,1,0,0,0,0
13731,1,0,0,0,0
13732,1,0,0,0,0
13733,1,0,0,0,0
13734,1,0,0,0,0
13735,1,0,0,0,0
13736,1,0,0,0,0
13737,1,0,0,0,0
13738,1,0,0,0,0
13739,1,0,0,0,0
13740,1,0,0,0,0
13741,1,0,0,0,0
13742,1,0,0,0,0
13743,1,0,0,0,0
13744,1,0,0,0,0
13745,1,0,0,0,0
13746,1,0,0,0,0
13747,1,0,0,0,0
13748,1,0,0,0,0
13749,1,0,0,0,0
13750,1,0,0,0,0
13751,1,0,0,0,0
13752,1,0,0,0,0
13753,1,0,0,0,0
13754,1,0,0,0,0
13755,1,0,0,0,0
13756,1,0,0,0,0
13757,1,0,0,0,0
13758,1,0,0,0,0
13759,1,0,0,0,0
13760,1,0,0,0,0
13761,1,0,0,0,0
13762,1,0,0,0,0
13763,1,0,0,0,0
13764,1,0,0,0,0
13765,1,0,0,0,0
13766,1,0,0,0,0
13767,1,0,0,0,0
13768,1,0,0,0,0
13769,1,0,0,0,0
13770,1,0,0,0,0
13771,1,0,0,0,0
13772,1,0,0,0,0
13773,1,0,0,0,0
13774,1,0,0,0,0
13775,1,0,0,0,0
13776,1,0,0,0,0
13777,1,0,0,0,0
13778,1,0,0,0,0
13779,1,0,0,0,0
13780,1,0,0,0,0
13781,1,0,0,0,0
13782,1,0,0,0,0
13783,1,0,0,0,0
13784,1,0,0,0,0
13785,1,0,0,0,0
13786,1,0,0,0,0
13787,1,0,0,0,0
13788,1,0,0,0,0
13789,1,0,0,0,0
13790,1,0,0,0,0
13791,1,0,0,0,0
13792,1,0,0,0,0
13793,1,0,0,0,0
13794,1,0,0,0,0
13795,1,0,0,0,0
13796,1,0,0,0,0
13797,1,0,0,0,0
13798,1,0,0,0,0
13799,1,0,0,0,0
13800,1,0,0,0,0
13801,1,0,0,0,0
13802,1,0,0,0,0
13803,1,0,0,0,0
13804,1,0,0,0,0
13805,1,0,0,0,0
13806,1,0,0,0,0
13807,1,0,0,0,0
13808,1,0,0,0,0
13809,1,0,0,0,0
13810,1,0,0,0,0
13811,1,0,0,0,0
13812,1,0,0,0,0
13813,1,0,0,0,0
13814,1,0,0,0,0
13815,1,0,0,0,0
13816,1,0,0,0,0
13817,1,0,0,0,0
13818,1,0,0,0,0
13819,1,0,0,0,0
13820,1,0,0,0,0
13821,1,0,0,0,0
13822,1,0,0,0,0
13823,1,0,0,0,0
13824,1,0,0,0,0
13825,1,0,0,0,0
13826,1,0,0,0,0
13827,1,0,0,0,0
13828,1,0,0,0,0
13829,1,0,0,0,0
13830,1,0,0,0,0
13831,1,0,0,0,0
13832,1,0,0,0,0
13833,1,0,0,0,0
13834,1,0,0,0,0
13835,1,0,0,0,0
13836,1,0,0,0,0
13837,1,0,0,0,0
13838,1,0,0,0,0
13839,1,0,0,0,0
13840,1,0,0,0,0
13841,1,0,0,0,0
13842,1,0,0,0,0
13843,1,0,0,0,0
13844,1,0,0,0,0
13845,1,0,0,0,0
13846,1,0,0,0,0
13847,1,0,0,0,0
13848,1,0,0,0,0
13849,1,0,0,0,0
13850,1,0,0,0,0
13851,1,0,0,0,0
13852,1,0,0,0,0
13853,1,0,0,0,0
13854,1,0,0,0,0
13855,1,0,0,0,0
13856,1,0,0,0,0
13857,1,0,0,0,0
13858,1,0,0,0,0
13859,1,0,0,0,0
13860,1,0,0,0,0
13861,1,0,0,0,0
13862,1,0,0,0,0
13863,1,0,0,0,0
13864,1,0,0,0,0
13865,1,0,0,0,0
13866,1,0,0,0,0
13867,1,0,0,0,0
13868,1,0,0,0,0
13869,1,0,0,0,0
13870,1,0,0,0,0
13871,1,0,0,0,0
13872,1,0,0,0,0
13873,1,0,0,0,0
13874,1,0,0,0,0
13875,0,0,0,0,1
13876,0,0,0,0,1
13877,0,0,0,0,1
13878,0,0,0,0,1
13879,0,0,0,0,1
13880,0,0,0,0,1
13881,0,0,0,0,1
13882,0,0,0,0,1
13883,0,0,0,0,1
13884,0,0,0,0,1
13885,0,0,0,0,1
13886,0,0,0,0,1
13887,0,0,0,0,1
13888,0,0,0,0,1
13889,0,0,0,0,1
13890,0,0,0,0,1
13891,0,0,0,0,1
13892,0,0,0,0,1
13893,0,0,0,0,1
13894,0,0,0,0,1
13895,0,0,0,0,1
13896,0,0,0,0,1
13897,0,0,0,0,1
13898,0,0,0,0,1
13899,0,0,0,0,1
13900,0,0,0,0,1
13901,0,0,0,0,1
13902,0,0,0,0,1
13903,0,0,0,0,1
13904,0,0,0,0,1
13905,0,0,0,0,1
13906,0,0,0,0,1
13907,0,0,0,0,1
13908,0,0,0,0,1
13909,0,0,0,0,1
13910,0,0,0,0,1
13911,0,0,0,0,1
13912,0,0,0,0,1
13913,0,0,0,0,1
13914,1,0,0,0,0
13915,1,0,0,0,0
13916,1,0,0,0,0
13917,1,0,0,0,0
13918,1,0,0,0,0
13919,1,0,0,0,0
13920,1,0,0,0,0
13921,1,0,0,0,0
13922,1,0,0,0,0
13923,1,0,0,0,0
13924,1,0,0,0,0
13925,1,0,0,0,0
13926,1,0,0,0,0
13927,1,0,0,0,0
13928,1,0,0,0,0
13929,1,0,0,0,0
13930,1,0,0,0,0
13931,1,0,0,0,0
13932,1,0,0,0,0
13933,1,0,0,0,0
13934,1,0,0,0,0
13935,1,0,0,0,0
13936,1,0,0,0,0
13937,1,0,0,0,0
13938,1,0,0,0,0
13939,1,0,0,0,0
13940,1,0,0,0,0
13941,1,0,0,0,0
13942,1,0,0,0,0
13943,1,0,0,0,0
13944,1,0,0,0,0
13945,1,0,0,0,0
13946,1,0,0,0,0
13947,1,0,0,0,0
13948,1,0,0,0,0
13949,1,0,0,0,0
13950,1,0,0,0,0
13951,1,0,0,0,0
13952,1,0,0,0,0
13953,1,0,0,0,0
13954,1,0,0,0,0
13955,1,0,0,0,0
13956,1,0,0,0,0
13957,1,0,0,0,0
13958,1,0,0,0,0
13959,1,0,0,0,0
13960,1,0,0,0,0
13961,1,0,0,0,0
13962,1,0,0,0,0
13963,1,0,0,0,0
13964,1,0,0,0,0
13965,1,0,0,0,0
13966,1,0,0,0,0
13967,1,0,0,0,0
13968,1,0,0,0,0
13969,1,0,0,0,0
13970,1,0,0,0,0
13971,1,0,0,0,0
13972,1,0,0,0,0
13973,1,0,0,0,0
13974,1,0,0,0,0
13975,1,0,0,0,0
13976,1,0,0,0,0
13977,1,0,0,0,0
13978,1,0,0,0,0
13979,1,0,0,0,0
13980,1,0,0,0,0
13981,1,0,0,0,0
13982,1,0,0,0,0
13983,1,0,0,0,0
13984,1,0,0,0,0
13985,1,0,0,0,0
13986,1,0,0,0,0
13987,1,0,0,0,0
13988,1,0,0,0,0
13989,1,0,0,0,0
13990,1,0,0,0,0
13991,1,0,0,0,0
13992,1,0,0,0,0
13993,1,0,0,0,0
13994,1,0,0,0,0
13995,1,0,0,0,0
13996,1,0,0,0,0
13997,1,0,0,0,0
13998,1,0,0,0,0
13999,1,0,0,0,0
14000,1,0,0,0,0
14001,1,0,0,0,0
14002,1,0,0,0,0
14003,1,0,0,0,0
14004,1,0,0,0,0
14005,1,0,0,0,0
14006,1,0,0,0,0
14007,1,0,0,0,0
14008,1,0,0,0,0
14009,1,0,0,0,0
14010,1,0,0,0,0
14011,1,0,0,0,0
14012,1,0,0,0,0
14013,1,0,0,0,0
14014,1,0,0,0,0
14015,1,0,0,0,0
14016,1,0,0,0,0
14017,1,0,0,0,0
14018,1,0,0,0,0
14019,1,0,0,0,0
14020,1,0,0,0,0
14021,1,0,0,0,0
14022,1,0,0,0,0
14023,1,0,0,0,0
14024,1,0,0,0,0
14025,1,0,0,0,0
14026,1,0,0,0,0
14027,1,0,0,0,0
14028,1,0,0,0,0
14029,1,0,0,0,0
14030,1,0,0,0,0
14031,1,0,0,0,0
14032,1,0,0,0,0
14033,1,0,0,0,0
14034,1,0,0,0,0
14035,1,0,0,0,0
14036,1,0,0,0,0
14037,1,0,0,0,0
14038,1,0,0,0,0
14039,1,0,0,0,0
14040,1,0,0,0,0
14041,1,0,0,0,0
14042,1,0,0,0,0
14043,1,0,0,0,0
14044,1,0,0,0,0
14045,1,0,0,0,0
14046,1,0,0,0,0
14047,1,0,0,0,0
14048,1,0,0,0,0
14049,1,0,0,0,0
14050,1,0,0,0,0
14051,1,0,0,0,0
14052,1,0,0,0,0
14053,1,0,0,0,0
14054,1,0,0,0,0
14055,1,0,0,0,0
14056,1,0,0,0,0
14057,1,0,0,0,0
14058,1,0,0,0,0
14059,1,0,0,0,0
14060,1,0,0,0,0
14061,1,0,0,0,0
14062,1,0,0,0,0
14063,1,0,0,0,0
14064,1,0,0,0,0
14065,1,0,0,0,0
14066,1,0,0,0,0
14067,1,0,0,0,0
14068,1,0,0,0,0
14069,1,0,0,0,0
14070,1,0,0,0,0
14071,1,0,0,0,0
14072,1,0,0,0,0
14073,1,0,0,0,0
14074,1,0,0,0,0
14075,1,0,0,0,0
14076,1,0,0,0,0
14077,1,0,0,0,0
14078,1,0,0,0,0
14079,1,0,0,0,0
14080,1,0,0,0,0
14081,1,0,0,0,0
14082,1,0,0,0,0
14083,1,0,0,0,0
14084,1,0,0,0,0
14085,1,0,0,0,0
14086,1,0,0,0,0
14087,1,0,0,0,0
14088,1,0,0,0,0
14089,1,0,0,0,0
14090,1,0,0,0,0
14091,1,0,0,0,0
14092,1,0,0,0,0
14093,1,0,0,0,0
14094,1,0,0,0,0
14095,1,0,0,0,0
14096,1,0,0,0,0
14097,1,0,0,0,0
14098,1,0,0,0,0
14099,1,0,0,0,0
14100,1,0,0,0,0
14101,1,0,0,0,0
14102,1,0,0,0,0
14103,1,0,0,0,0
14104,1,0,0,0,0
14105,1,0,0,0,0
14106,1,0,0,0,0
14107,0,1,0,0,0
14108,0,1,0,0,0
14109,0,1,0,0,0
14110,0,1,0,0,0
14111,0,1,0,0,0
14112,0,1,0,0,0
14113,0,1,0,0,0
14114,0,1,0,0,0
14115,0,1,0,0,0
14116,0,1,0,0,0
14117,0,1,0,0,0
14118,0,1,0,0,0
14119,0,1,0,0,0
14120,0,1,0,0,0
14121,0,1,0,0,0
14122,0,1,0,0,0
14123,0,1,0,0,0
14124,0,1,0,0,0
14125,0,1,0,0,0
14126,0,1,0,0,0
14127,0,1,0,0,0
14128,0,1,0,0,0
14129,0,1,0,0,0
14130,0,1,0,0,0
14131,0,1,0,0,0
14132,0,1,0,0,0
14133,0,1,0,0,0
14134,1,0,0,0,0
14135,1,0,0,0,0
14136,1,0,0,0,0
14137,1,0,0,0,0
14138,1,0,0,0,0
14139,1,0,0,0,0
14140,1,0,0,0,0
14141,1,0,0,0,0
14142,1,0,0,0,0
14143,1,0,0,0,0
14144,1,0,0,0,0
14145,1,0,0,0,0
14146,1,0,0,0,0
14147,1,0,0,0,0
14148,1,0,0,0,0
14149,1,0,0,0,0
14150,1,0,0,0,0
14151,1,0,0,0,0
14152,0,0,0,0,1
14153,0,0,0,0,1
14154,0,0,0,0,1
14155,0,0,0,0,1
14156,0,0,0,0,1
14157,0,0,0,0,1
14158,0,0,0,0,1
14159,0,0,0,0,1
14160,0,0,0,0,1
14161,0,0,0,0,1
14162,0,0,0,0,1
14163,0,0,0,0,1
14164,1,0,0,0,0
14165,1,0,0,0,0
14166,1,0,0,0,0
14167,1,0,0,0,0
14168,1,0,0,0,0
14169,1,0,0,0,0
14170,1,0,0,0,0
14171,1,0,0,0,0
14172,1,0,0,0,0
14173,1,0,0,0,0
14174,1,0,0,0,0
14175,1,0,0,0,0
14176,1,0,0,0,0
14177,1,0,0,0,0
14178,1,0,0,0,0
14179,1,0,0,0,0
14180,1,0,0,0,0
14181,1,0,0,0,0
14182,1,0,0,0,0
14183,1,0,0,0,0
14184,1,0,0,0,0
14185,1,0,0,0,0
14186,1,0,0,0,0
14187,1,0,0,0,0
14188,1,0,0,0,0
14189,1,0,0,0,0
14190,1,0,0,0,0
14191,1,0,0,0,0
14192,1,0,0,0,0
14193,1,0,0,0,0
14194,1,0,0,0,0
14195,1,0,0,0,0
14196,1,0,0,0,0
14197,1,0,0,0,0
14198,1,0,0,0,0
14199,1,0,0,0,0
14200,1,0,0,0,0
14201,1,0,0,0,0
14202,1,0,0,0,0
14203,1,0,0,0,0
14204,1,0,0,0,0
14205,1,0,0,0,0
14206,1,0,0,0,0
14207,1,0,0,0,0
14208,1,0,0,0,0
14209,1,0,0,0,0
14210,1,0,0,0,0
14211,1,0,0,0,0
14212,1,0,0,0,0
14213,1,0,0,0,0
14214,1,0,0,0,0
14215,1,0,0,0,0
14216,1,0,0,0,0
14217,1,0,0,0,0
14218,1,0,0,0,0
14219,1,0,0,0,0
14220,1,0,0,0,0
14221,1,0,0,0,0
14222,1,0,0,0,0
14223,1,0,0,0,0
14224,1,0,0,0,0
14225,1,0,0,0,0
14226,1,0,0,0,0
14227,1,0,0,0,0
14228,1,0,0,0,0
14229,1,0,0,0,0
14230,1,0,0,0,0
14231,1,0,0,0,0
14232,1,0,0,0,0
14233,1,0,0,0,0
14234,1,0,0,0,0
14235,1,0,0,0,0
14236,1,0,0,0,0
14237,1,0,0,0,0
14238,1,0,0,0,0
14239,1,0,0,0,0
14240,1,0,0,0,0
14241,1,0,0,0,0
14242,1,0,0,0,0
14243,1,0,0,0,0
14244,1,0,0,0,0
14245,1,0,0,0,0
14246,1,0,0,0,0
14247,1,0,0,0,0
14248,1,0,0,0,0
14249,1,0,0,0,0
14250,1,0,0,0,0
14251,1,0,0,0,0
14252,1,0,0,0,0
14253,1,0,0,0,0
14254,1,0,0,0,0
14255,1,0,0,0,0
14256,1,0,0,0,0
14257,1,0,0,0,0
14258,1,0,0,0,0
14259,1,0,0,0,0
14260,1,0,0,0,0
14261,1,0,0,0,0
14262,1,0,0,0,0
14263,1,0,0,0,0
14264,1,0,0,0,0
14265,1,0,0,0,0
14266,1,0,0,0,0
14267,1,0,0,0,0
14268,1,0,0,0,0
14269,1,0,0,0,0
14270,1,0,0,0,0
14271,1,0,0,0,0
14272,1,0,0,0,0
14273,1,0,0,0,0
14274,1,0,0,0,0
14275,1,0,0,0,0
14276,1,0,0,0,0
14277,1,0,0,0,0
14278,1,0,0,0,0
14279,1,0,0,0,0
14280,1,0,0,0,0
14281,1,0,0,0,0
14282,1,0,0,0,0
14283,1,0,0,0,0
14284,1,0,0,0,0
14285,1,0,0,0,0
14286,1,0,0,0,0
14287,1,0,0,0,0
14288,1,0,0,0,0
14289,1,0,0,0,0
14290,1,0,0,0,0
14291,1,0,0,0,0
14292,1,0,0,0,0
14293,1,0,0,0,0
14294,1,0,0,0,0
14295,1,0,0,0,0
14296,1,0,0,0,0
14297,1,0,0,0,0
14298,1,0,0,0,0
14299,1,0,0,0,0
14300,1,0,0,0,0
14301,1,0,0,0,0
14302,1,0,0,0,0
14303,1,0,0,0,0
14304,1,0,0,0,0
14305,1,0,0,0,0
14306,1,0,0,0,0
14307,1,0,0,0,0
14308,1,0,0,0,0
14309,1,0,0,0,0
14310,1,0,0,0,0
14311,1,0,0,0,0
14312,1,0,0,0,0
14313,1,0,0,0,0
14314,1,0,0,0,0
14315,1,0,0,0,0
14316,1,0,0,0,0
14317,1,0,0,0,0
14318,1,0,0,0,0
14319,1,0,0,0,0
14320,1,0,0,0,0
14321,1,0,0,0,0
14322,1,0,0,0,0
14323,1,0,0,0,0
14324,1,0,0,0,0
14325,1,0,0,0,0
14326,1,0,0,0,0
14327,1,0,0,0,0
14328,1,0,0,0,0
14329,1,0,0,0,0
14330,1,0,0,0,0
14331,1,0,0,0,0
14332,1,0,0,0,0
14333,1,0,0,0,0
14334,1,0,0,0,0
14335,1,0,0,0,0
14336,1,0,0,0,0
14337,1,0,0,0,0
14338,1,0,0,0,0
14339,1,0,0,0,0
14340,1,0,0,0,0
14341,1,0,0,0,0
14342,1,0,0,0,0
14343,1,0,0,0,0
14344,1,0,0,0,0
14345,1,0,0,0,0
14346,1,0,0,0,0
14347,1,0,0,0,0
14348,1,0,0,0,0
14349,1,0,0,0,0
14350,1,0,0,0,0
14351,1,0,0,0,0
14352,1,0,0,0,0
14353,1,0,0,0,0
14354,1,0,0,0,0
14355,1,0,0,0,0
14356,1,0,0,0,0
14357,1,0,0,0,0
14358,1,0,0,0,0
14359,1,0,0,0,0
14360,1,0,0,0,0
14361,1,0,0,0,0
14362,1,0,0,0,0
14363,1,0,0,0,0
14364,1,0,0,0,0
14365,1,0,0,0,0
14366,1,0,0,0,0
14367,1,0,0,0,0
14368,1,0,0,0,0
14369,1,0,0,0,0
14370,1,0,0,0,0
14371,1,0,0,0,0
14372,1,0,0,0,0
14373,1,0,0,0,0
14374,1,0,0,0,0
14375,1,0,0,0,0
14376,0,0,0,0,1
14377,0,0,0,0,1
14378,0,0,0,0,1
14379,0,0,0,0,1
14380,0,0,0,0,1
14381,0,0,0,0,1
14382,0,0,0,0,1
14383,0,0,0,0,1
14384,0,0,0,0,1
14385,0,0,0,0,1
14386,0,0,0,0,1
14387,0,0,0,0,1
14388,0,0,0,0,1
14389,0,0,0,0,1
14390,0,0,0,0,1
14391,0,0,0,0,1
14392,0,0,0,0,1
14393,0,0,0,0,1
14394,0,0,0,0,1
14395,0,0,0,0,1
14396,0,0,0,0,1
14397,0,0,0,0,1
14398,0,0,0,0,1
14399,0,0,0,0,1
14400,0,0,0,0,1
14401,0,0,0,0,1
14402,0,0,0,0,1
14403,0,0,0,0,1
14404,0,0,0,0,1
14405,0,0,0,0,1
14406,0,0,0,0,1
14407,0,0,0,0,1
14408,0,0,0,0,1
14409,0,0,0,0,1
14410,0,0,0,0,1
14411,0,0,0,0,1
14412,0,0,0,0,1
14413,0,0,0,0,1
14414,0,0,0,0,1
14415,0,0,0,0,1
14416,0,0,0,0,1
14417,0,0,0,0,1
14418,0,0,0,0,1
14419,0,0,0,0,1
14420,0,0,0,0,1
14421,0,0,0,0,1
14422,0,0,0,0,1
14423,0,0,0,0,1
14424,0,0,0,0,1
14425,0,0,0,0,1
14426,0,0,0,0,1
14427,0,0,0,0,1
14428,1,0,0,0,0
14429,1,0,0,0,0
14430,1,0,0,0,0
14431,1,0,0,0,0
14432,1,0,0,0,0
14433,1,0,0,0,0
14434,1,0,0,0,0
14435,1,0,0,0,0
14436,1,0,0,0,0
14437,1,0,0,0,0
14438,1,0,0,0,0
14439,1,0,0,0,0
14440,1,0,0,0,0
14441,1,0,0,0,0
14442,1,0,0,0,0
14443,1,0,0,0,0
14444,1,0,0,0,0
14445,1,0,0,0,0
14446,1,0,0,0,0
14447,1,0,0,0,0
14448,1,0,0,0,0
14449,1,0,0,0,0
14450,1,0,0,0,0
14451,1,0,0,0,0
14452,1,0,0,0,0
14453,1,0,0,0,0
14454,1,0,0,0,0
14455,1,0,0,0,0
14456,1,0,0,0,0
14457,1,0,0,0,0
14458,1,0,0,0,0
14459,1,0,0,0,0
14460,1,0,0,0,0
14461,1,0,0,0,0
14462,1,0,0,0,0
14463,1,0,0,0,0
14464,1,0,0,0,0
14465,1,0,0,0,0
14466,1,0,0,0,0
14467,1,0,0,0,0
14468,1,0,0,0,0
14469,1,0,0,0,0
14470,1,0,0,0,0
14471,1,0,0,0,0
14472,1,0,0,0,0
14473,1,0,0,0,0
14474,1,0,0,0,0
14475,1,0,0,0,0
14476,1,0,0,0,0
14477,1,0,0,0,0
14478,1,0,0,0,0
14479,1,0,0,0,0
14480,1,0,0,0,0
14481,1,0,0,0,0
14482,1,0,0,0,0
14483,1,0,0,0,0
14484,1,0,0,0,0
14485,1,0,0,0,0
14486,1,0,0,0,0
14487,1,0,0,0,0
14488,1,0,0,0,0
14489,1,0,0,0,0
14490,1,0,0,0,0
14491,1,0,0,0,0
14492,1,0,0,0,0
14493,1,0,0,0,0
14494,1,0,0,0,0
14495,1,0,0,0,0
14496,1,0,0,0,0
14497,1,0,0,0,0
14498,1,0,0,0,0
14499,1,0,0,0,0
14500,1,0,0,0,0
14501,1,0,0,0,0
14502,1,0,0,0,0
14503,1,0,0,0,0
14504,1,0,0,0,0
14505,1,0,0,0,0
14506,1,0,0,0,0
14507,1,0,0,0,0
14508,1,0,0,0,0
14509,1,0,0,0,0
14510,1,0,0,0,0
14511,1,0,0,0,0
14512,1,0,0,0,0
14513,1,0,0,0,0
14514,1,0,0,0,0
14515,1,0,0,0,0
14516,1,0,0,0,0
14517,1,0,0,0,0
14518,0,0,0,0,1
14519,0,0,0,0,1
14520,0,0,0,0,1
14521,0,0,0,0,1
14522,0,0,0,0,1
14523,0,0,0,0,1
14524,0,0,0,0,1
14525,0,0,0,0,1
14526,0,0,0,0,1
14527,0,0,0,0,1
14528,0,0,0,0,1
14529,0,0,0,0,1
14530,0,0,0,0,1
14531,0,0,0,0,1
14532,0,0,0,0,1
14533,0,0,0,0,1
14534,0,0,0,0,1
14535,0,0,0,0,1
14536,0,0,0,0,1
14537,0,0,0,0,1
14538,0,0,0,0,1
14539,0,0,0,0,1
14540,0,0,0,0,1
14541,0,0,0,0,1
14542,0,0,0,0,1
14543,0,0,0,0,1
14544,0,0,0,0,1
14545,0,0,0,0,1
14546,0,0,0,0,1
14547,0,0,0,0,1
14548,0,0,0,0,1
14549,0,0,0,0,1
14550,0,0,0,0,1
14551,0,0,0,0,1
14552,0,0,0,0,1
14553,0,0,0,0,1
14554,0,0,0,0,1
14555,0,0,0,0,1
14556,0,0,0,0,1
14557,0,0,0,0,1
14558,0,0,0,0,1
14559,0,0,0,0,1
14560,0,0,0,0,1
14561,0,0,0,0,1
14562,0,0,0,0,1
14563,0,0,0,0,1
14564,0,0,0,0,1
14565,0,0,0,0,1
14566,0,0,0,0,1
14567,0,0,0,0,1
14568,0,0,0,0,1
14569,0,0,0,0,1
14570,0,0,0,0,1
14571,0,0,0,0,1
14572,0,0,0,0,1
14573,0,0,0,0,1
14574,0,0,0,0,1
14575,0,0,0,0,1
14576,0,0,0,0,1
14577,0,0,0,0,1
14578,0,0,0,0,1
14579,0,0,0,0,1
14580,0,0,0,0,1
14581,0,0,0,0,1
14582,0,0,0,0,1
14583,0,0,0,0,1
14584,0,0,0,0,1
14585,0,0,0,0,1
14586,0,0,0,0,1
14587,0,0,0,0,1
14588,0,0,0,0,1
14589,0,0,0,0,1
14590,0,0,0,0,1
14591,0,0,0,0,1
14592,0,0,0,0,1
14593,0,0,0,0,1
14594,0,0,0,0,1
14595,0,0,0,0,1
14596,0,0,0,0,1
14597,0,0,0,0,1
14598,1,0,0,0,0
14599,1,0,0,0,0
14600,1,0,0,0,0
14601,1,0,0,0,0
14602,1,0,0,0,0
14603,1,0,0,0,0
14604,1,0,0,0,0
14605,1,0,0,0,0
14606,1,0,0,0,0
14607,1,0,0,0,0
14608,1,0,0,0,0
14609,1,0,0,0,0
14610,1,0,0,0,0
14611,1,0,0,0,0
14612,1,0,0,0,0
14613,1,0,0,0,0
14614,1,0,0,0,0
14615,1,0,0,0,0
14616,1,0,0,0,0
14617,1,0,0,0,0
14618,1,0,0,0,0
14619,1,0,0,0,0
14620,1,0,0,0,0
14621,1,0,0,0,0
14622,1,0,0,0,0
14623,1,0,0,0,0
14624,1,0,0,0,0
14625,1,0,0,0,0
14626,1,0,0,0,0
14627,1,0,0,0,0
14628,1,0,0,0,0
14629,1,0,0,0,0
14630,1,0,0,0,0
14631,1,0,0,0,0
14632,1,0,0,0,0
14633,1,0,0,0,0
14634,1,0,0,0,0
14635,1,0,0,0,0
14636,1,0,0,0,0
14637,1,0,0,0,0
14638,1,0,0,0,0
14639,1,0,0,0,0
14640,1,0,0,0,0
14641,1,0,0,0,0
14642,1,0,0,0,0
14643,1,0,0,0,0
14644,1,0,0,0,0
14645,1,0,0,0,0
14646,1,0,0,0,0
14647,0,0,0,0,1
14648,0,0,0,0,1
14649,0,0,0,0,1
14650,0,0,0,0,1
14651,0,0,0,0,1
14652,0,0,0,0,1
14653,0,0,0,0,1
14654,0,0,0,0,1
14655,0,0,0,0,1
14656,0,0,0,0,1
14657,0,0,0,0,1
14658,0,0,0,0,1
14659,0,0,0,0,1
14660,0,0,0,0,1
14661,0,0,0,0,1
14662,0,0,0,0,1
14663,0,0,0,0,1
14664,0,0,0,0,1
14665,0,0,0,0,1
14666,0,0,0,0,1
14667,0,0,0,0,1
14668,0,0,0,0,1
14669,0,0,0,0,1
14670,1,0,0,0,0
14671,1,0,0,0,0
14672,1,0,0,0,0
14673,1,0,0,0,0
14674,1,0,0,0,0
14675,1,0,0,0,0
14676,1,0,0,0,0
14677,1,0,0,0,0
14678,1,0,0,0,0
14679,1,0,0,0,0
14680,1,0,0,0,0
14681,1,0,0,0,0
14682,1,0,0,0,0
14683,1,0,0,0,0
14684,1,0,0,0,0
14685,1,0,0,0,0
14686,1,0,0,0,0
14687,1,0,0,0,0
14688,1,0,0,0,0
14689,1,0,0,0,0
14690,1,0,0,0,0
14691,1,0,0,0,0
14692,1,0,0,0,0
14693,1,0,0,0,0
14694,1,0,0,0,0
14695,1,0,0,0,0
14696,1,0,0,0,0
14697,1,0,0,0,0
14698,1,0,0,0,0
14699,1,0,0,0,0
14700,1,0,0,0,0
14701,1,0,0,0,0
14702,1,0,0,0,0
14703,1,0,0,0,0
14704,1,0,0,0,0
14705,1,0,0,0,0
14706,1,0,0,0,0
14707,1,0,0,0,0
14708,1,0,0,0,0
14709,1,0,0,0,0
14710,1,0,0,0,0
14711,1,0,0,0,0
14712,1,0,0,0,0
14713,1,0,0,0,0
14714,1,0,0,0,0
14715,1,0,0,0,0
14716,1,0,0,0,0
14717,1,0,0,0,0
14718,1,0,0,0,0
14719,1,0,0,0,0
14720,1,0,0,0,0
14721,1,0,0,0,0
14722,1,0,0,0,0
14723,1,0,0,0,0
14724,1,0,0,0,0
14725,1,0,0,0,0
14726,1,0,0,0,0
14727,1,0,0,0,0
14728,1,0,0,0,0
14729,1,0,0,0,0
14730,1,0,0,0,0
14731,1,0,0,0,0
14732,1,0,0,0,0
14733,1,0,0,0,0
14734,1,0,0,0,0
14735,1,0,0,0,0
14736,1,0,0,0,0
14737,1,0,0,0,0
14738,1,0,0,0,0
14739,1,0,0,0,0
14740,1,0,0,0,0
14741,1,0,0,0,0
14742,1,0,0,0,0
14743,1,0,0,0,0
14744,1,0,0,0,0
14745,1,0,0,0,0
14746,1,0,0,0,0
14747,1,0,0,0,0
14748,1,0,0,0,0
14749,1,0,0,0,0
14750,1,0,0,0,0
14751,1,0,0,0,0
14752,1,0,0,0,0
14753,1,0,0,0,0
14754,1,0,0,0,0
14755,1,0,0,0,0
14756,1,0,0,0,0
14757,1,0,0,0,0
14758,1,0,0,0,0
14759,1,0,0,0,0
14760,1,0,0,0,0
14761,1,0,0,0,0
14762,1,0,0,0,0
14763,1,0,0,0,0
14764,1,0,0,0,0
14765,1,0,0,0,0
14766,1,0,0,0,0
14767,1,0,0,0,0
14768,1,0,0,0,0
14769,1,0,0,0,0
14770,1,0,0,0,0
14771,1,0,0,0,0
14772,1,0,0,0,0
14773,1,0,0,0,0
14774,1,0,0,0,0
14775,1,0,0,0,0
14776,1,0,0,0,0
14777,1,0,0,0,0
14778,1,0,0,0,0
14779,1,0,0,0,0
14780,1,0,0,0,0
14781,1,0,0,0,0
14782,1,0,0,0,0
14783,1,0,0,0,0
14784,1,0,0,0,0
14785,1,0,0,0,0
14786,1,0,0,0,0
14787,1,0,0,0,0
14788,1,0,0,0,0
14789,1,0,0,0,0
14790,1,0,0,0,0
14791,1,0,0,0,0
14792,1,0,0,0,0
14793,1,0,0,0,0
14794,1,0,0,0,0
14795,1,0,0,0,0
14796,1,0,0,0,0
14797,1,0,0,0,0
14798,1,0,0,0,0
14799,1,0,0,0,0
14800,1,0,0,0,0
14801,1,0,0,0,0
14802,1,0,0,0,0
14803,1,0,0,0,0
14804,1,0,0,0,0
14805,1,0,0,0,0
14806,1,0,0,0,0
14807,1,0,0,0,0
14808,1,0,0,0,0
14809,1,0,0,0,0
14810,1,0,0,0,0
14811,1,0,0,0,0
14812,1,0,0,0,0
14813,1,0,0,0,0
14814,0,0,0,0,1
14815,0,0,0,0,1
14816,0,0,0,0,1
14817,0,0,0,0,1
14818,0,0,0,0,1
14819,0,0,0,0,1
14820,0,0,0,0,1
14821,0,0,0,0,1
14822,0,0,0,0,1
14823,0,0,0,0,1
14824,0,0,0,0,1
14825,0,0,0,0,1
14826,0,0,0,0,1
14827,0,0,0,0,1
14828,0,0,0,0,1
14829,0,0,0,0,1
14830,0,0,0,0,1
14831,0,0,0,0,1
14832,0,0,0,0,1
14833,0,0,0,0,1
14834,0,0,0,0,1
14835,0,0,0,0,1
14836,0,0,0,0,1
14837,0,0,0,0,1
14838,0,0,0,0,1
14839,0,0,0,0,1
14840,0,0,0,0,1
14841,0,0,0,0,1
14842,1,0,0,0,0
14843,1,0,0,0,0
14844,1,0,0,0,0
14845,1,0,0,0,0
14846,1,0,0,0,0
14847,1,0,0,0,0
14848,1,0,0,0,0
14849,1,0,0,0,0
14850,1,0,0,0,0
14851,1,0,0,0,0
14852,1,0,0,0,0
14853,1,0,0,0,0
14854,1,0,0,0,0
14855,1,0,0,0,0
14856,1,0,0,0,0
14857,1,0,0,0,0
14858,1,0,0,0,0
14859,1,0,0,0,0
14860,1,0,0,0,0
14861,1,0,0,0,0
14862,1,0,0,0,0
14863,1,0,0,0,0
14864,1,0,0,0,0
14865,1,0,0,0,0
14866,1,0,0,0,0
14867,1,0,0,0,0
14868,1,0,0,0,0
14869,1,0,0,0,0
14870,1,0,0,0,0
14871,1,0,0,0,0
14872,1,0,0,0,0
14873,1,0,0,0,0
14874,1,0,0,0,0
14875,1,0,0,0,0
14876,1,0,0,0,0
14877,1,0,0,0,0
14878,1,0,0,0,0
14879,1,0,0,0,0
14880,1,0,0,0,0
14881,1,0,0,0,0
14882,1,0,0,0,0
14883,1,0,0,0,0
14884,1,0,0,0,0
14885,1,0,0,0,0
14886,1,0,0,0,0
14887,1,0,0,0,0
14888,1,0,0,0,0
14889,1,0,0,0,0
14890,1,0,0,0,0
14891,1,0,0,0,0
14892,1,0,0,0,0
14893,1,0,0,0,0
14894,1,0,0,0,0
14895,1,0,0,0,0
14896,1,0,0,0,0
14897,1,0,0,0,0
14898,1,0,0,0,0
14899,1,0,0,0,0
14900,1,0,0,0,0
14901,1,0,0,0,0
14902,1,0,0,0,0
14903,1,0,0,0,0
14904,1,0,0,0,0
14905,1,0,0,0,0
14906,1,0,0,0,0
14907,1,0,0,0,0
14908,1,0,0,0,0
14909,1,0,0,0,0
14910,1,0,0,0,0
14911,1,0,0,0,0
14912,1,0,0,0,0
14913,1,0,0,0,0
14914,1,0,0,0,0
14915,1,0,0,0,0
14916,1,0,0,0,0
14917,1,0,0,0,0
14918,1,0,0,0,0
14919,1,0,0,0,0
14920,1,0,0,0,0
14921,1,0,0,0,0
14922,1,0,0,0,0
14923,1,0,0,0,0
14924,1,0,0,0,0
14925,1,0,0,0,0
14926,1,0,0,0,0
14927,1,0,0,0,0
14928,1,0,0,0,0
14929,1,0,0,0,0
14930,1,0,0,0,0
14931,1,0,0,0,0
14932,1,0,0,0,0
14933,1,0,0,0,0
14934,1,0,0,0,0
14935,1,0,0,0,0
14936,1,0,0,0,0
14937,1,0,0,0,0
14938,1,0,0,0,0
14939,1,0,0,0,0
14940,1,0,0,0,0
14941,1,0,0,0,0
14942,1,0,0,0,0
14943,1,0,0,0,0
14944,1,0,0,0,0
14945,1,0,0,0,0
14946,1,0,0,0,0
14947,1,0,0,0,0
14948,1,0,0,0,0
14949,0,1,0,0,0
14950,0,1,0,0,0
14951,0,1,0,0,0
14952,0,1,0,0,0
14953,0,1,0,0,0
14954,0,1,0,0,0
14955,0,1,0,0,0
14956,0,1,0,0,0
14957,0,1,0,0,0
14958,0,1,0,0,0
14959,0,1,0,0,0
14960,0,1,0,0,0
14961,0,1,0,0,0
14962,0,1,0,0,0
14963,0,1,0,0,0
14964,0,1,0,0,0
14965,0,1,0,0,0
14966,0,1,0,0,0
14967,0,1,0,0,0
14968,0,1,0,0,0
14969,0,1,0,0,0
14970,0,1,0,0,0
14971,0,1,0,0,0
14972,0,1,0,0,0
14973,0,1,0,0,0
14974,0,1,0,0,0
14975,0,1,0,0,0
14976,0,1,0,0,0
14977,0,1,0,0,0
14978,0,1,0,0,0
14979,0,1,0,0,0
14980,0,1,0,0,0
14981,0,1,0,0,0
14982,0,1,0,0,0
14983,0,1,0,0,0
14984,0,1,0,0,0
14985,0,1,0,0,0
14986,0,1,0,0,0
14987,0,1,0,0,0
14988,0,1,0,0,0
14989,0,1,0,0,0
14990,0,1,0,0,0
14991,0,1,0,0,0
14992,0,1,0,0,0
14993,0,1,0,0,0
14994,0,1,0,0,0
14995,0,1,0,0,0
14996,0,1,0,0,0
14997,0,1,0,0,0
14998,0,1,0,0,0
14999,1,0,0,0,0
15000,1,0,0,0,0
15001,1,0,0,0,0
15002,1,0,0,0,0
15003,1,0,0,0,0
15004,1,0,0,0,0
15005,1,0,0,0,0
15006,1,0,0,0,0
15007,1,0,0,0,0
15008,1,0,0,0,0
15009,1,0,0,0,0
15010,1,0,0,0,0
15011,1,0,0,0,0
15012,1,0,0,0,0
15013,1,0,0,0,0
15014,1,0,0,0,0
15015,1,0,0,0,0
15016,1,0,0,0,0
15017,1,0,0,0,0
15018,1,0,0,0,0
15019,1,0,0,0,0
15020,1,0,0,0,0
15021,1,0,0,0,0
15022,1,0,0,0,0
15023,1,0,0,0,0
15024,1,0,0,0,0
15025,1,0,0,0,0
15026,1,0,0,0,0
15027,1,0,0,0,0
15028,1,0,0,0,0
15029,1,0,0,0,0
15030,1,0,0,0,0
15031,1,0,0,0,0
15032,1,0,0,0,0
15033,1,0,0,0,0
15034,1,0,0,0,0
15035,1,0,0,0,0
15036,1,0,0,0,0
15037,1,0,0,0,0
15038,1,0,0,0,0
15039,1,0,0,0,0
15040,1,0,0,0,0
15041,1,0,0,0,0
15042,1,0,0,0,0
15043,1,0,0,0,0
15044,1,0,0,0,0
15045,1,0,0,0,0
15046,1,0,0,0,0
15047,1,0,0,0,0
15048,1,0,0,0,0
15049,1,0,0,0,0
15050,1,0,0,0,0
15051,1,0,0,0,0
15052,1,0,0,0,0
15053,1,0,0,0,0
15054,1,0,0,0,0
15055,1,0,0,0,0
15056,1,0,0,0,0
15057,1,0,0,0,0
15058,1,0,0,0,0
15059,1,0,0,0,0
15060,1,0,0,0,0
15061,1,0,0,0,0
15062,1,0,0,0,0
15063,1,0,0,0,0
15064,1,0,0,0,0
15065,1,0,0,0,0
15066,1,0,0,0,0
15067,1,0,0,0,0
15068,1,0,0,0,0
15069,1,0,0,0,0
15070,1,0,0,0,0
15071,1,0,0,0,0
15072,1,0,0,0,0
15073,1,0,0,0,0
15074,1,0,0,0,0
15075,1,0,0,0,0
15076,1,0,0,0,0
15077,1,0,0,0,0
15078,1,0,0,0,0
15079,1,0,0,0,0
15080,1,0,0,0,0
15081,1,0,0,0,0
15082,1,0,0,0,0
15083,1,0,0,0,0
15084,1,0,0,0,0
15085,1,0,0,0,0
15086,1,0,0,0,0
15087,1,0,0,0,0
15088,1,0,0,0,0
15089,1,0,0,0,0
15090,1,0,0,0,0
15091,1,0,0,0,0
15092,1,0,0,0,0
15093,1,0,0,0,0
15094,1,0,0,0,0
15095,1,0,0,0,0
15096,0,0,0,0,1
15097,0,0,0,0,1
15098,0,0,0,0,1
15099,0,0,0,0,1
15100,0,0,0,0,1
15101,0,0,0,0,1
15102,0,0,0,0,1
15103,0,0,0,0,1
15104,0,0,0,0,1
15105,0,0,0,0,1
15106,0,0,0,0,1
15107,0,0,0,0,1
15108,0,0,0,0,1
15109,0,0,0,0,1
15110,0,0,0,0,1
15111,0,0,0,0,1
15112,0,0,0,0,1
15113,0,0,0,0,1
15114,0,0,0,0,1
15115,0,0,0,0,1
15116,0,0,0,0,1
15117,0,0,0,0,1
15118,0,0,0,0,1
15119,0,0,0,0,1
15120,0,0,0,0,1
15121,0,0,0,0,1
15122,0,0,0,0,1
15123,0,0,0,0,1
15124,0,0,0,0,1
15125,0,0,0,0,1
15126,0,0,0,0,1
15127,0,0,0,0,1
15128,0,0,0,0,1
15129,0,0,0,0,1
15130,0,0,0,0,1
15131,0,0,0,0,1
15132,0,0,0,0,1
15133,0,0,0,0,1
15134,0,0,0,0,1
15135,0,0,0,0,1
15136,0,0,0,0,1
15137,0,0,0,0,1
15138,0,0,0,0,1
15139,0,0,0,0,1
15140,0,0,0,0,1
15141,0,0,0,0,1
15142,0,0,0,0,1
15143,0,0,0,0,1
15144,0,0,0,0,1
15145,0,0,0,0,1
15146,0,0,0,0,1
15147,0,0,0,0,1
15148,0,0,0,0,1
15149,0,0,0,0,1
15150,0,0,0,0,1
15151,0,0,0,0,1
15152,0,0,0,0,1
15153,0,0,0,0,1
15154,0,0,0,0,1
15155,0,0,0,0,1
15156,0,0,0,0,1
15157,0,0,0,0,1
15158,0,0,0,0,1
15159,0,0,0,0,1
15160,0,0,0,0,1
15161,0,0,0,0,1
15162,0,0,0,0,1
15163,0,0,0,0,1
15164,0,0,0,0,1
15165,0,0,0,0,1
15166,0,0,0,0,1
15167,0,0,0,0,1
15168,0,0,0,0,1
15169,0,0,0,0,1
15170,0,0,0,0,1
15171,0,0,0,0,1
15172,0,0,0,0,1
15173,0,0,0,0,1
15174,0,0,0,0,1
15175,0,0,0,0,1
15176,0,0,0,0,1
15177,0,0,0,0,1
15178,0,0,0,0,1
15179,0,0,0,0,1
15180,0,0,0,0,1
15181,0,0,0,0,1
15182,0,0,0,0,1
15183,0,0,0,0,1
15184,0,0,0,0,1
15185,0,0,0,0,1
15186,0,0,0,0,1
15187,0,0,0,0,1
15188,0,0,0,0,1
15189,0,0,0,0,1
15190,0,0,0,0,1
15191,0,0,0,0,1
15192,0,0,0,0,1
15193,0,0,0,0,1
15194,0,0,0,0,1
15195,0,0,0,0,1
15196,0,0,0,0,1
15197,0,0,0,0,1
15198,0,0,0,0,1
15199,0,0,0,0,1
15200,0,0,0,0,1
15201,0,0,0,0,1
15202,0,0,0,0,1
15203,0,0,0,0,1
15204,0,0,0,0,1
15205,0,0,0,0,1
15206,0,0,0,0,1
15207,0,0,0,0,1
15208,0,0,0,0,1
15209,0,0,0,0,1
15210,0,0,0,0,1
15211,1,0,0,0,0
15212,1,0,0,0,0
15213,1,0,0,0,0
15214,1,0,0,0,0
15215,1,0,0,0,0
15216,1,0,0,0,0
15217,1,0,0,0,0
15218,1,0,0,0,0
15219,1,0,0,0,0
15220,1,0,0,0,0
15221,1,0,0,0,0
15222,1,0,0,0,0
15223,1,0,0,0,0
15224,1,0,0,0,0
15225,1,0,0,0,0
15226,1,0,0,0,0
15227,1,0,0,0,0
15228,1,0,0,0,0
15229,1,0,0,0,0
15230,1,0,0,0,0
15231,1,0,0,0,0
15232,1,0,0,0,0
15233,1,0,0,0,0
15234,1,0,0,0,0
15235,1,0,0,0,0
15236,1,0,0,0,0
15237,1,0,0,0,0
15238,1,0,0,0,0
15239,1,0,0,0,0
15240,1,0,0,0,0
15241,1,0,0,0,0
15242,1,0,0,0,0
15243,1,0,0,0,0
15244,1,0,0,0,0
15245,1,0,0,0,0
15246,1,0,0,0,0
15247,1,0,0,0,0
15248,1,0,0,0,0
15249,1,0,0,0,0
15250,1,0,0,0,0
15251,1,0,0,0,0
15252,1,0,0,0,0
15253,1,0,0,0,0
15254,1,0,0,0,0
15255,1,0,0,0,0
15256,1,0,0,0,0
15257,1,0,0,0,0
15258,1,0,0,0,0
15259,1,0,0,0,0
15260,1,0,0,0,0
15261,1,0,0,0,0
15262,0,0,0,0,1
15263,0,0,0,0,1
15264,0,0,0,0,1
15265,0,0,0,0,1
15266,0,0,0,0,1
15267,0,0,0,0,1
15268,0,0,0,0,1
15269,0,0,0,0,1
15270,0,0,0,0,1
15271,0,0,0,0,1
15272,0,0,0,0,1
15273,0,0,0,0,1
15274,0,0,0,0,1
15275,0,0,0,0,1
15276,0,0,0,0,1
15277,0,0,0,0,1
15278,0,0,0,0,1
15279,0,0,0,0,1
15280,0,0,0,0,1
15281,0,0,0,0,1
15282,0,0,0,0,1
15283,0,0,0,0,1
15284,0,0,0,0,1
15285,0,0,0,0,1
15286,1,0,0,0,0
15287,1,0,0,0,0
15288,1,0,0,0,0
15289,1,0,0,0,0
15290,1,0,0,0,0
15291,1,0,0,0,0
15292,1,0,0,0,0
15293,1,0,0,0,0
15294,1,0,0,0,0
15295,1,0,0,0,0
15296,1,0,0,0,0
15297,1,0,0,0,0
15298,1,0,0,0,0
15299,1,0,0,0,0
15300,1,0,0,0,0
15301,1,0,0,0,0
15302,1,0,0,0,0
15303,1,0,0,0,0
15304,1,0,0,0,0
15305,1,0,0,0,0
15306,1,0,0,0,0
15307,1,0,0,0,0
15308,1,0,0,0,0
15309,1,0,0,0,0
15310,1,0,0,0,0
15311,1,0,0,0,0
15312,1,0,0,0,0
15313,1,0,0,0,0
15314,1,0,0,0,0
15315,1,0,0,0,0
15316,1,0,0,0,0
15317,1,0,0,0,0
15318,1,0,0,0,0
15319,1,0,0,0,0
15320,1,0,0,0,0
15321,1,0,0,0,0
15322,1,0,0,0,0
15323,1,0,0,0,0
15324,1,0,0,0,0
15325,1,0,0,0,0
15326,1,0,0,0,0
15327,1,0,0,0,0
15328,1,0,0,0,0
15329,1,0,0,0,0
15330,1,0,0,0,0
15331,1,0,0,0,0
15332,1,0,0,0,0
15333,1,0,0,0,0
15334,1,0,0,0,0
15335,1,0,0,0,0
15336,1,0,0,0,0
15337,1,0,0,0,0
15338,1,0,0,0,0
15339,1,0,0,0,0
15340,1,0,0,0,0
15341,1,0,0,0,0
15342,1,0,0,0,0
15343,1,0,0,0,0
15344,1,0,0,0,0
15345,1,0,0,0,0
15346,1,0,0,0,0
15347,1,0,0,0,0
15348,1,0,0,0,0
15349,1,0,0,0,0
15350,1,0,0,0,0
15351,1,0,0,0,0
15352,1,0,0,0,0
15353,1,0,0,0,0
15354,1,0,0,0,0
15355,1,0,0,0,0
15356,1,0,0,0,0
15357,1,0,0,0,0
15358,1,0,0,0,0
15359,1,0,0,0,0
15360,1,0,0,0,0
15361,1,0,0,0,0
15362,0,0,0,0,1
15363,0,0,0,0,1
15364,0,0,0,0,1
15365,0,0,0,0,1
15366,0,0,0,0,1
15367,0,0,0,0,1
15368,0,0,0,0,1
15369,0,0,0,0,1
15370,0,0,0,0,1
15371,0,0,0,0,1
15372,0,0,0,0,1
15373,0,0,0,0,1
15374,0,0,0,0,1
15375,0,0,0,0,1
15376,0,0,0,0,1
15377,0,0,0,0,1
15378,0,0,0,0,1
15379,0,0,0,0,1
15380,0,0,0,0,1
15381,0,0,0,0,1
15382,0,0,0,0,1
15383,0,0,0,0,1
15384,0,0,0,0,1
15385,0,0,0,0,1
15386,0,0,0,0,1
15387,0,0,0,0,1
15388,0,0,0,0,1
15389,0,0,0,0,1
15390,0,0,0,0,1
15391,0,0,0,0,1
15392,0,0,0,0,1
15393,0,0,0,0,1
15394,0,0,0,0,1
15395,0,0,0,0,1
15396,0,0,0,0,1
15397,0,0,0,0,1
15398,0,0,0,0,1
15399,0,0,0,0,1
15400,0,0,0,0,1
15401,0,0,0,0,1
15402,0,0,0,0,1
15403,0,0,0,0,1
15404,0,0,0,0,1
15405,0,0,0,0,1
15406,0,0,0,0,1
15407,0,0,0,0,1
15408,0,0,0,0,1
15409,0,0,0,0,1
15410,0,0,0,0,1
15411,0,0,0,0,1
15412,0,0,0,0,1
15413,0,0,0,0,1
15414,0,0,0,0,1
15415,0,0,0,0,1
15416,0,0,0,0,1
15417,0,0,0,0,1
15418,0,0,0,0,1
15419,0,0,0,0,1
15420,0,0,0,0,1
15421,0,0,0,0,1
15422,0,0,0,0,1
15423,0,0,0,0,1
15424,0,0,0,0,1
15425,0,0,0,0,1
15426,0,0,0,0,1
15427,0,0,0,0,1
15428,0,0,0,0,1
15429,0,0,0,0,1
15430,0,0,0,0,1
15431,0,0,0,0,1
15432,0,0,0,0,1
15433,0,0,0,0,1
15434,0,0,0,0,1
15435,0,0,0,0,1
15436,1,0,0,0,0
15437,1,0,0,0,0
15438,1,0,0,0,0
15439,1,0,0,0,0
15440,1,0,0,0,0
15441,1,0,0,0,0
15442,1,0,0,0,0
15443,1,0,0,0,0
15444,1,0,0,0,0
15445,1,0,0,0,0
15446,1,0,0,0,0
15447,1,0,0,0,0
15448,1,0,0,0,0
15449,1,0,0,0,0
15450,1,0,0,0,0
15451,1,0,0,0,0
15452,1,0,0,0,0
15453,1,0,0,0,0
15454,1,0,0,0,0
15455,1,0,0,0,0
15456,1,0,0,0,0
15457,1,0,0,0,0
15458,1,0,0,0,0
15459,1,0,0,0,0
15460,1,0,0,0,0
15461,1,0,0,0,0
15462,1,0,0,0,0
15463,1,0,0,0,0
15464,1,0,0,0,0
15465,1,0,0,0,0
15466,1,0,0,0,0
15467,1,0,0,0,0
15468,1,0,0,0,0
15469,1,0,0,0,0
15470,1,0,0,0,0
15471,1,0,0,0,0
15472,1,0,0,0,0
15473,1,0,0,0,0
15474,1,0,0,0,0
15475,1,0,0,0,0
15476,1,0,0,0,0
15477,1,0,0,0,0
15478,1,0,0,0,0
15479,1,0,0,0,0
15480,1,0,0,0,0
15481,1,0,0,0,0
15482,1,0,0,0,0
15483,1,0,0,0,0
15484,1,0,0,0,0
15485,1,0,0,0,0
15486,1,0,0,0,0
15487,1,0,0,0,0
15488,1,0,0,0,0
15489,1,0,0,0,0
15490,1,0,0,0,0
15491,1,0,0,0,0
15492,1,0,0,0,0
15493,1,0,0,0,0
15494,1,0,0,0,0
15495,1,0,0,0,0
15496,1,0,0,0,0
15497,1,0,0,0,0
15498,1,0,0,0,0
15499,1,0,0,0,0
15500,1,0,0,0,0
15501,1,0,0,0,0
15502,1,0,0,0,0
15503,1,0,0,0,0
15504,1,0,0,0,0
15505,1,0,0,0,0
15506,1,0,0,0,0
15507,1,0,0,0,0
15508,1,0,0,0,0
15509,1,0,0,0,0
15510,1,0,0,0,0
15511,1,0,0,0,0
15512,1,0,0,0,0
15513,1,0,0,0,0
15514,1,0,0,0,0
15515,1,0,0,0,0
15516,1,0,0,0,0
15517,1,0,0,0,0
15518,1,0,0,0,0
15519,0,0,0,0,1
15520,0,0,0,0,1
15521,0,0,0,0,1
15522,0,0,0,0,1
15523,0,0,0,0,1
15524,0,0,0,0,1
15525,0,0,0,0,1
15526,0,0,0,0,1
15527,0,0,0,0,1
15528,0,0,0,0,1
15529,0,0,0,0,1
15530,0,0,0,0,1
15531,0,0,0,0,1
15532,0,0,0,0,1
15533,0,0,0,0,1
15534,0,0,0,0,1
15535,0,0,0,0,1
15536,0,0,0,0,1
15537,0,0,0,0,1
15538,0,0,0,0,1
15539,0,0,0,0,1
15540,0,0,0,0,1
15541,0,0,0,0,1
15542,0,0,0,0,1
15543,0,0,0,0,1
15544,0,0,0,0,1
15545,0,0,0,0,1
15546,0,0,0,0,1
15547,0,0,0,0,1
15548,0,0,0,0,1
15549,0,0,0,0,1
15550,0,0,0,0,1
15551,0,0,0,0,1
15552,0,0,0,0,1
15553,0,0,0,0,1
15554,0,0,0,0,1
15555,0,0,0,0,1
15556,0,0,0,0,1
15557,0,0,0,0,1
15558,0,0,0,0,1
15559,0,0,0,0,1
15560,0,0,0,0,1
15561,0,0,0,0,1
15562,0,0,0,0,1
15563,0,0,0,0,1
15564,0,0,0,0,1
15565,0,0,0,0,1
15566,0,0,0,0,1
15567,0,0,0,0,1
15568,0,0,0,0,1
15569,0,0,0,0,1
15570,0,0,0,0,1
15571,0,0,0,0,1
15572,0,0,0,0,1
15573,0,0,0,0,1
15574,0,0,0,0,1
15575,0,0,0,0,1
15576,0,0,0,0,1
15577,0,0,0,0,1
15578,0,0,0,0,1
15579,0,0,0,0,1
15580,0,0,0,0,1
15581,0,0,0,0,1
15582,1,0,0,0,0
15583,1,0,0,0,0
15584,1,0,0,0,0
15585,1,0,0,0,0
15586,1,0,0,0,0
15587,1,0,0,0,0
15588,0,0,0,1,0
15589,0,0,0,1,0
15590,0,0,0,1,0
15591,0,0,0,1,0
15592,0,0,0,1,0
15593,0,0,0,1,0
15594,0,0,0,1,0
15595,0,0,0,1,0
15596,0,0,0,1,0
15597,0,0,0,1,0
15598,0,0,0,1,0
15599,0,0,0,1,0
15600,0,0,0,1,0
15601,0,0,0,1,0
15602,0,0,0,1,0
15603,0,0,0,1,0
15604,0,0,0,1,0
15605,0,0,0,1,0
15606,0,0,0,1,0
15607,1,0,0,0,0
15608,1,0,0,0,0
15609,1,0,0,0,0
15610,1,0,0,0,0
15611,1,0,0,0,0
15612,1,0,0,0,0
15613,1,0,0,0,0
15614,1,0,0,0,0
15615,1,0,0,0,0
15616,1,0,0,0,0
15617,1,0,0,0,0
15618,1,0,0,0,0
15619,1,0,0,0,0
15620,1,0,0,0,0
15621,1,0,0,0,0
15622,1,0,0,0,0
15623,1,0,0,0,0
15624,1,0,0,0,0
15625,1,0,0,0,0
15626,1,0,0,0,0
15627,1,0,0,0,0
15628,1,0,0,0,0
15629,1,0,0,0,0
15630,1,0,0,0,0
15631,1,0,0,0,0
15632,1,0,0,0,0
15633,1,0,0,0,0
15634,1,0,0,0,0
15635,1,0,0,0,0
15636,1,0,0,0,0
15637,1,0,0,0,0
15638,1,0,0,0,0
15639,1,0,0,0,0
15640,1,0,0,0,0
15641,1,0,0,0,0
15642,1,0,0,0,0
15643,1,0,0,0,0
15644,1,0,0,0,0
15645,0,0,0,0,1
15646,0,0,0,0,1
15647,0,0,0,0,1
15648,0,0,0,0,1
15649,0,0,0,0,1
15650,0,0,0,0,1
15651,0,0,0,0,1
15652,0,0,0,0,1
15653,0,0,0,0,1
15654,0,0,0,0,1
15655,0,0,0,0,1
15656,0,0,0,0,1
15657,0,0,0,0,1
15658,0,0,0,0,1
15659,0,0,0,0,1
15660,0,0,0,0,1
15661,0,0,0,0,1
15662,0,0,0,0,1
15663,0,0,0,0,1
15664,0,0,0,0,1
15665,0,0,0,0,1
15666,0,0,0,0,1
15667,0,0,0,0,1
15668,0,0,0,0,1
15669,0,0,0,0,1
15670,0,0,0,0,1
15671,0,0,0,0,1
15672,0,0,0,0,1
15673,0,0,0,0,1
15674,0,0,0,0,1
15675,0,0,0,0,1
15676,0,0,0,0,1
15677,0,0,0,0,1
15678,0,0,0,0,1
15679,0,0,0,0,1
15680,0,0,0,0,1
15681,0,0,0,0,1
15682,0,0,0,0,1
15683,0,0,0,0,1
15684,0,0,0,0,1
15685,0,0,0,0,1
15686,0,0,0,0,1
15687,0,0,0,0,1
15688,0,0,0,0,1
15689,0,0,0,0,1
15690,0,0,0,0,1
15691,0,0,0,0,1
15692,0,0,0,0,1
15693,0,0,0,0,1
15694,0,0,0,0,1
15695,0,0,0,0,1
15696,0,0,0,0,1
15697,0,0,0,0,1
15698,0,0,0,0,1
15699,0,0,0,0,1
15700,0,0,0,0,1
15701,0,0,0,0,1
15702,0,0,0,0,1
15703,0,0,0,0,1
15704,0,0,0,0,1
15705,0,0,0,0,1
15706,0,0,0,0,1
15707,0,0,0,0,1
15708,0,0,0,0,1
15709,0,0,0,0,1
15710,0,0,0,0,1
15711,0,0,0,0,1
15712,0,0,0,0,1
15713,0,0,0,0,1
15714,0,0,0,0,1
15715,0,0,0,0,1
15716,0,0,0,0,1
15717,0,0,0,0,1
15718,0,0,0,0,1
15719,0,0,0,0,1
15720,0,0,0,0,1
15721,0,0,0,0,1
15722,0,0,0,0,1
15723,0,0,0,0,1
15724,0,0,0,0,1
15725,0,0,0,0,1
15726,0,0,0,0,1
15727,0,0,0,0,1
15728,0,0,0,0,1
15729,0,0,0,0,1
15730,0,0,0,0,1
15731,0,0,0,0,1
15732,0,0,0,0,1
15733,0,0,0,0,1
15734,0,0,0,0,1
15735,0,0,0,0,1
15736,0,0,0,0,1
15737,0,0,0,0,1
15738,0,0,0,0,1
15739,0,0,0,0,1
15740,0,0,0,0,1
15741,0,0,0,0,1
15742,0,0,0,0,1
15743,0,0,0,0,1
15744,0,0,0,0,1
15745,0,0,0,0,1
15746,0,0,0,0,1
15747,0,0,0,0,1
15748,1,0,0,0,0
15749,1,0,0,0,0
15750,1,0,0,0,0
15751,1,0,0,0,0
15752,1,0,0,0,0
15753,1,0,0,0,0
15754,1,0,0,0,0
15755,1,0,0,0,0
15756,1,0,0,0,0
15757,1,0,0,0,0
15758,1,0,0,0,0
15759,1,0,0,0,0
15760,1,0,0,0,0
15761,1,0,0,0,0
15762,1,0,0,0,0
15763,1,0,0,0,0
15764,1,0,0,0,0
15765,1,0,0,0,0
15766,1,0,0,0,0
15767,1,0,0,0,0
15768,1,0,0,0,0
15769,1,0,0,0,0
15770,1,0,0,0,0
15771,1,0,0,0,0
15772,1,0,0,0,0
15773,1,0,0,0,0
15774,1,0,0,0,0
15775,1,0,0,0,0
15776,1,0,0,0,0
15777,1,0,0,0,0
15778,1,0,0,0,0
15779,1,0,0,0,0
15780,1,0,0,0,0
15781,1,0,0,0,0
15782,1,0,0,0,0
15783,1,0,0,0,0
15784,1,0,0,0,0
15785,1,0,0,0,0
15786,1,0,0,0,0
15787,0,0,0,0,1
15788,0,0,0,0,1
15789,0,0,0,0,1
15790,0,0,0,0,1
15791,0,0,0,0,1
15792,0,0,0,0,1
15793,0,0,0,0,1
15794,0,0,0,0,1
15795,0,0,0,0,1
15796,0,0,0,0,1
15797,0,0,0,0,1
15798,0,0,0,0,1
15799,0,0,0,0,1
15800,0,0,0,0,1
15801,0,0,0,0,1
15802,0,0,0,0,1
15803,0,0,0,0,1
15804,0,0,0,0,1
15805,0,0,0,0,1
15806,0,0,0,0,1
15807,0,0,0,0,1
15808,0,0,0,0,1
15809,0,0,0,0,1
15810,0,0,0,0,1
15811,0,0,0,0,1
15812,0,0,0,0,1
15813,0,0,0,0,1
15814,0,0,0,0,1
15815,0,0,0,0,1
15816,0,0,0,0,1
15817,0,0,0,0,1
15818,0,0,0,0,1
15819,0,0,0,0,1
15820,0,0,0,0,1
15821,0,0,0,0,1
15822,0,0,0,0,1
15823,0,0,0,0,1
15824,0,0,0,0,1
15825,0,0,0,0,1
15826,0,0,0,0,1
15827,0,0,0,0,1
15828,0,0,0,0,1
15829,0,0,0,0,1
15830,0,0,0,0,1
15831,0,0,0,0,1
15832,0,0,0,0,1
15833,0,0,0,0,1
15834,0,0,0,0,1
15835,0,0,0,0,1
15836,0,0,0,0,1
15837,0,0,0,0,1
15838,0,0,0,0,1
15839,0,0,0,0,1
15840,0,0,0,0,1
15841,0,0,0,0,1
15842,0,0,0,0,1
15843,0,0,0,0,1
15844,0,0,0,0,1
15845,0,0,0,0,1
15846,0,0,0,0,1
15847,0,0,0,0,1
15848,0,0,0,0,1
15849,1,0,0,0,0
15850,1,0,0,0,0
15851,1,0,0,0,0
15852,1,0,0,0,0
15853,1,0,0,0,0
15854,1,0,0,0,0
15855,1,0,0,0,0
15856,1,0,0,0,0
15857,1,0,0,0,0
15858,1,0,0,0,0
15859,1,0,0,0,0
15860,1,0,0,0,0
15861,1,0,0,0,0
15862,1,0,0,0,0
15863,1,0,0,0,0
15864,1,0,0,0,0
15865,1,0,0,0,0
15866,1,0,0,0,0
15867,1,0,0,0,0
15868,1,0,0,0,0
15869,0,0,0,0,1
15870,0,0,0,0,1
15871,0,0,0,0,1
15872,0,0,0,0,1
15873,0,0,0,0,1
15874,0,0,0,0,1
15875,0,0,0,0,1
15876,0,0,0,0,1
15877,0,0,0,0,1
15878,0,0,0,0,1
15879,0,0,0,0,1
15880,0,0,0,0,1
15881,0,0,0,0,1
15882,0,0,0,0,1
15883,0,0,0,0,1
15884,0,0,0,0,1
15885,0,0,0,0,1
15886,0,0,0,0,1
15887,0,0,0,0,1
15888,0,0,0,0,1
15889,0,0,0,0,1
15890,0,0,0,0,1
15891,0,0,0,0,1
15892,0,0,0,0,1
15893,0,0,0,0,1
15894,0,0,0,0,1
15895,0,0,0,0,1
15896,1,0,0,0,0
15897,1,0,0,0,0
15898,1,0,0,0,0
15899,1,0,0,0,0
15900,1,0,0,0,0
15901,1,0,0,0,0
15902,1,0,0,0,0
15903,1,0,0,0,0
15904,1,0,0,0,0
15905,1,0,0,0,0
15906,1,0,0,0,0
15907,1,0,0,0,0
15908,1,0,0,0,0
15909,1,0,0,0,0
15910,1,0,0,0,0
15911,1,0,0,0,0
15912,1,0,0,0,0
15913,1,0,0,0,0
15914,1,0,0,0,0
15915,1,0,0,0,0
15916,1,0,0,0,0
15917,1,0,0,0,0
15918,1,0,0,0,0
15919,1,0,0,0,0
15920,1,0,0,0,0
15921,1,0,0,0,0
15922,1,0,0,0,0
15923,1,0,0,0,0
15924,1,0,0,0,0
15925,1,0,0,0,0
15926,1,0,0,0,0
15927,1,0,0,0,0
15928,1,0,0,0,0
15929,1,0,0,0,0
15930,1,0,0,0,0
15931,1,0,0,0,0
15932,1,0,0,0,0
15933,1,0,0,0,0
15934,1,0,0,0,0
15935,1,0,0,0,0
15936,1,0,0,0,0
15937,1,0,0,0,0
15938,1,0,0,0,0
15939,1,0,0,0,0
15940,1,0,0,0,0
15941,1,0,0,0,0
15942,1,0,0,0,0
15943,1,0,0,0,0
15944,1,0,0,0,0
15945,1,0,0,0,0
15946,1,0,0,0,0
15947,1,0,0,0,0
15948,1,0,0,0,0
15949,1,0,0,0,0
15950,1,0,0,0,0
15951,1,0,0,0,0
15952,1,0,0,0,0
15953,1,0,0,0,0
15954,1,0,0,0,0
15955,1,0,0,0,0
15956,1,0,0,0,0
15957,1,0,0,0,0
15958,1,0,0,0,0
15959,1,0,0,0,0
15960,1,0,0,0,0
15961,1,0,0,0,0
15962,1,0,0,0,0
15963,1,0,0,0,0
15964,1,0,0,0,0
15965,1,0,0,0,0
15966,1,0,0,0,0
15967,1,0,0,0,0
15968,1,0,0,0,0
15969,1,0,0,0,0
15970,1,0,0,0,0
15971,1,0,0,0,0
15972,1,0,0,0,0
15973,1,0,0,0,0
15974,1,0,0,0,0
15975,1,0,0,0,0
15976,1,0,0,0,0
15977,1,0,0,0,0
15978,1,0,0,0,0
15979,1,0,0,0,0
15980,1,0,0,0,0
15981,1,0,0,0,0
15982,1,0,0,0,0
15983,1,0,0,0,0
15984,1,0,0,0,0
15985,1,0,0,0,0
15986,1,0,0,0,0
15987,1,0,0,0,0
15988,1,0,0,0,0
15989,1,0,0,0,0
15990,1,0,0,0,0
15991,1,0,0,0,0
15992,1,0,0,0,0
15993,1,0,0,0,0
15994,1,0,0,0,0
15995,1,0,0,0,0
15996,1,0,0,0,0
15997,1,0,0,0,0
15998,0,0,0,0,1
15999,0,0,0,0,1
16000,0,0,0,0,1
16001,0,0,0,0,1
16002,0,0,0,0,1
16003,0,0,0,0,1
16004,0,0,0,0,1
16005,0,0,0,0,1
16006,0,0,0,0,1
16007,0,0,0,0,1
16008,0,0,0,0,1
16009,0,0,0,0,1
16010,0,0,0,0,1
16011,0,0,0,0,1
16012,0,0,0,0,1
16013,0,0,0,0,1
16014,0,0,0,0,1
16015,0,0,0,0,1
16016,0,0,0,0,1
16017,0,0,0,0,1
16018,0,0,0,0,1
16019,0,0,0,0,1
16020,0,0,0,0,1
16021,0,0,0,0,1
16022,0,0,0,0,1
16023,0,0,0,0,1
16024,0,0,0,0,1
16025,0,0,0,0,1
16026,0,0,0,0,1
16027,0,0,0,0,1
16028,0,0,0,0,1
16029,0,0,0,0,1
16030,0,0,0,0,1
16031,0,0,0,0,1
16032,0,0,0,0,1
16033,0,0,0,0,1
16034,0,0,0,0,1
16035,0,0,0,0,1
16036,0,0,0,0,1
16037,0,0,0,0,1
16038,0,0,0,0,1
16039,0,0,0,0,1
16040,1,0,0,0,0
16041,1,0,0,0,0
16042,1,0,0,0,0
16043,1,0,0,0,0
16044,1,0,0,0,0
16045,1,0,0,0,0
16046,1,0,0,0,0
16047,1,0,0,0,0
16048,1,0,0,0,0
16049,1,0,0,0,0
16050,1,0,0,0,0
16051,1,0,0,0,0
16052,1,0,0,0,0
16053,1,0,0,0,0
16054,1,0,0,0,0
16055,1,0,0,0,0
16056,1,0,0,0,0
16057,1,0,0,0,0
16058,1,0,0,0,0
16059,1,0,0,0,0
16060,1,0,0,0,0
16061,1,0,0,0,0
16062,1,0,0,0,0
16063,1,0,0,0,0
16064,1,0,0,0,0
16065,1,0,0,0,0
16066,1,0,0,0,0
16067,1,0,0,0,0
16068,1,0,0,0,0
16069,1,0,0,0,0
16070,1,0,0,0,0
16071,1,0,0,0,0
16072,1,0,0,0,0
16073,1,0,0,0,0
16074,1,0,0,0,0
16075,1,0,0,0,0
16076,1,0,0,0,0
16077,1,0,0,0,0
16078,1,0,0,0,0
16079,1,0,0,0,0
16080,1,0,0,0,0
16081,1,0,0,0,0
16082,1,0,0,0,0
16083,1,0,0,0,0
16084,1,0,0,0,0
16085,1,0,0,0,0
16086,1,0,0,0,0
16087,1,0,0,0,0
16088,1,0,0,0,0
16089,1,0,0,0,0
16090,1,0,0,0,0
16091,1,0,0,0,0
16092,1,0,0,0,0
16093,1,0,0,0,0
16094,1,0,0,0,0
16095,1,0,0,0,0
16096,1,0,0,0,0
16097,1,0,0,0,0
16098,1,0,0,0,0
16099,1,0,0,0,0
16100,1,0,0,0,0
16101,1,0,0,0,0
16102,1,0,0,0,0
16103,1,0,0,0,0
16104,1,0,0,0,0
16105,1,0,0,0,0
16106,1,0,0,0,0
16107,1,0,0,0,0
16108,1,0,0,0,0
16109,1,0,0,0,0
16110,1,0,0,0,0
16111,1,0,0,0,0
16112,1,0,0,0,0
16113,1,0,0,0,0
16114,1,0,0,0,0
16115,1,0,0,0,0
16116,1,0,0,0,0
16117,1,0,0,0,0
16118,1,0,0,0,0
16119,1,0,0,0,0
16120,1,0,0,0,0
16121,1,0,0,0,0
16122,1,0,0,0,0
16123,1,0,0,0,0
16124,1,0,0,0,0
16125,1,0,0,0,0
16126,1,0,0,0,0
16127,1,0,0,0,0
16128,1,0,0,0,0
16129,1,0,0,0,0
16130,1,0,0,0,0
16131,1,0,0,0,0
16132,1,0,0,0,0
16133,1,0,0,0,0
16134,1,0,0,0,0
16135,1,0,0,0,0
16136,1,0,0,0,0
16137,1,0,0,0,0
16138,1,0,0,0,0
16139,1,0,0,0,0
16140,1,0,0,0,0
16141,1,0,0,0,0
16142,1,0,0,0,0
16143,1,0,0,0,0
16144,1,0,0,0,0
16145,1,0,0,0,0
16146,1,0,0,0,0
16147,1,0,0,0,0
16148,1,0,0,0,0
16149,1,0,0,0,0
16150,1,0,0,0,0
16151,1,0,0,0,0
16152,1,0,0,0,0
16153,1,0,0,0,0
16154,1,0,0,0,0
16155,1,0,0,0,0
16156,1,0,0,0,0
16157,1,0,0,0,0
16158,1,0,0,0,0
16159,1,0,0,0,0
16160,1,0,0,0,0
16161,1,0,0,0,0
16162,1,0,0,0,0
16163,1,0,0,0,0
16164,1,0,0,0,0
16165,1,0,0,0,0
16166,1,0,0,0,0
16167,1,0,0,0,0
16168,1,0,0,0,0
16169,1,0,0,0,0
16170,1,0,0,0,0
16171,1,0,0,0,0
16172,1,0,0,0,0
16173,1,0,0,0,0
16174,1,0,0,0,0
16175,1,0,0,0,0
16176,1,0,0,0,0
16177,1,0,0,0,0
16178,1,0,0,0,0
16179,1,0,0,0,0
16180,1,0,0,0,0
16181,1,0,0,0,0
16182,1,0,0,0,0
16183,1,0,0,0,0
16184,1,0,0,0,0
16185,1,0,0,0,0
16186,1,0,0,0,0
16187,1,0,0,0,0
16188,0,0,0,0,1
16189,0,0,0,0,1
16190,0,0,0,0,1
16191,0,0,0,0,1
16192,0,0,0,0,1
16193,0,0,0,0,1
16194,0,0,0,0,1
16195,0,0,0,0,1
16196,0,0,0,0,1
16197,0,0,0,0,1
16198,0,0,0,0,1
16199,0,0,0,0,1
16200,0,0,0,0,1
16201,0,0,0,0,1
16202,0,0,0,0,1
16203,0,0,0,0,1
16204,0,0,0,0,1
16205,0,0,0,0,1
16206,0,0,0,0,1
16207,0,0,0,0,1
16208,0,0,0,0,1
16209,0,0,0,0,1
16210,0,0,0,0,1
16211,0,0,0,0,1
16212,0,0,0,0,1
16213,0,0,0,0,1
16214,0,0,0,0,1
16215,0,0,0,0,1
16216,0,0,0,0,1
16217,0,0,0,0,1
16218,0,0,0,0,1
16219,0,0,0,0,1
16220,0,0,0,0,1
16221,0,0,0,0,1
16222,0,0,0,0,1
16223,0,0,0,0,1
16224,0,0,0,0,1
16225,0,0,0,0,1
16226,0,0,0,0,1
16227,0,0,0,0,1
16228,0,0,0,0,1
16229,0,0,0,0,1
16230,0,0,0,0,1
16231,0,0,0,0,1
16232,0,0,0,0,1
16233,0,0,0,0,1
16234,0,0,0,0,1
16235,0,0,0,0,1
16236,0,0,0,0,1
16237,0,0,0,0,1
16238,0,0,0,0,1
16239,0,0,0,0,1
16240,0,0,0,0,1
16241,0,0,0,0,1
16242,0,0,0,0,1
16243,0,0,0,0,1
16244,0,0,0,0,1
16245,0,0,0,0,1
16246,0,0,0,0,1
16247,0,0,0,0,1
16248,0,0,0,0,1
16249,0,0,0,0,1
16250,0,0,0,0,1
16251,0,0,0,0,1
16252,0,0,0,0,1
16253,0,0,0,0,1
16254,0,0,0,0,1
16255,0,0,0,0,1
16256,0,0,0,0,1
16257,0,0,0,0,1
16258,0,0,0,0,1
16259,0,0,0,0,1
16260,0,0,0,0,1
16261,0,0,0,0,1
16262,0,0,0,0,1
16263,0,0,0,0,1
16264,0,0,0,0,1
16265,0,0,0,0,1
16266,0,0,0,0,1
16267,0,0,0,0,1
16268,0,0,0,0,1
16269,0,0,0,0,1
16270,0,0,0,0,1
16271,0,0,0,0,1
16272,0,0,0,0,1
16273,0,0,0,0,1
16274,0,0,0,0,1
16275,0,0,0,0,1
16276,0,0,0,0,1
16277,0,0,0,0,1
16278,0,0,0,0,1
16279,0,0,0,0,1
16280,0,0,0,0,1
16281,0,0,0,0,1
16282,0,0,0,0,1
16283,0,0,0,0,1
16284,0,0,0,0,1
16285,1,0,0,0,0
16286,1,0,0,0,0
16287,1,0,0,0,0
16288,1,0,0,0,0
16289,1,0,0,0,0
16290,1,0,0,0,0
16291,1,0,0,0,0
16292,1,0,0,0,0
16293,1,0,0,0,0
16294,1,0,0,0,0
16295,1,0,0,0,0
16296,1,0,0,0,0
16297,1,0,0,0,0
16298,1,0,0,0,0
16299,1,0,0,0,0
16300,1,0,0,0,0
16301,1,0,0,0,0
16302,1,0,0,0,0
16303,1,0,0,0,0
16304,1,0,0,0,0
16305,1,0,0,0,0
16306,1,0,0,0,0
16307,1,0,0,0,0
16308,1,0,0,0,0
16309,1,0,0,0,0
16310,1,0,0,0,0
16311,1,0,0,0,0
16312,1,0,0,0,0
16313,1,0,0,0,0
16314,1,0,0,0,0
16315,1,0,0,0,0
16316,1,0,0,0,0
16317,1,0,0,0,0
16318,1,0,0,0,0
16319,1,0,0,0,0
16320,1,0,0,0,0
16321,0,0,0,0,1
16322,0,0,0,0,1
16323,0,0,0,0,1
16324,0,0,0,0,1
16325,0,0,0,0,1
16326,0,0,0,0,1
16327,0,0,0,0,1
16328,0,0,0,0,1
16329,0,0,0,0,1
16330,0,0,0,0,1
16331,0,0,0,0,1
16332,0,0,0,0,1
16333,0,0,0,0,1
16334,0,0,0,0,1
16335,0,0,0,0,1
16336,0,0,0,0,1
16337,0,0,0,0,1
16338,0,0,0,0,1
16339,0,0,0,0,1
16340,0,0,0,0,1
16341,0,0,0,0,1
16342,0,0,0,0,1
16343,0,0,0,0,1
16344,0,0,0,0,1
16345,0,0,0,0,1
16346,0,0,0,0,1
16347,0,0,0,0,1
16348,0,0,0,0,1
16349,0,0,0,0,1
16350,0,0,0,0,1
16351,0,0,0,0,1
16352,0,0,0,0,1
16353,0,0,0,0,1
16354,0,0,0,0,1
16355,0,0,0,0,1
16356,0,0,0,0,1
16357,0,0,0,0,1
16358,0,0,0,0,1
16359,0,0,0,0,1
16360,0,0,0,0,1
16361,0,0,0,0,1
16362,0,0,0,0,1
16363,0,0,0,0,1
16364,0,0,0,0,1
16365,0,0,0,0,1
16366,0,0,0,0,1
16367,0,0,0,0,1
16368,0,0,0,0,1
16369,0,0,0,0,1
16370,0,0,0,0,1
16371,0,0,0,0,1
16372,0,0,0,0,1
16373,0,0,0,0,1
16374,0,0,0,0,1
16375,0,0,0,0,1
16376,0,0,0,0,1
16377,0,0,0,0,1
16378,0,0,0,0,1
16379,0,0,0,0,1
16380,0,0,0,0,1
16381,0,0,0,0,1
16382,0,0,0,0,1
16383,0,0,0,0,1
16384,0,0,0,0,1
16385,0,0,0,0,1
16386,0,0,0,0,1
16387,0,0,0,0,1
16388,0,0,0,0,1
16389,0,0,0,0,1
16390,0,0,0,0,1
16391,0,0,0,0,1
16392,0,0,0,0,1
16393,0,0,0,0,1
16394,0,0,0,0,1
16395,0,0,0,0,1
16396,0,0,0,0,1
16397,0,0,0,0,1
16398,0,0,0,0,1
16399,0,0,0,0,1
16400,0,0,0,0,1
16401,0,0,0,0,1
16402,0,0,0,0,1
16403,0,0,0,0,1
16404,0,0,0,0,1
16405,0,0,0,0,1
16406,0,0,0,0,1
16407,0,0,0,0,1
16408,0,0,0,0,1
16409,1,0,0,0,0
16410,1,0,0,0,0
16411,1,0,0,0,0
16412,1,0,0,0,0
16413,1,0,0,0,0
16414,1,0,0,0,0
16415,1,0,0,0,0
16416,1,0,0,0,0
16417,1,0,0,0,0
16418,1,0,0,0,0
16419,1,0,0,0,0
16420,1,0,0,0,0
16421,1,0,0,0,0
16422,1,0,0,0,0
16423,1,0,0,0,0
16424,1,0,0,0,0
16425,1,0,0,0,0
16426,1,0,0,0,0
16427,1,0,0,0,0
16428,1,0,0,0,0
16429,1,0,0,0,0
16430,1,0,0,0,0
16431,1,0,0,0,0
16432,1,0,0,0,0
16433,1,0,0,0,0
16434,1,0,0,0,0
16435,1,0,0,0,0
16436,1,0,0,0,0
16437,1,0,0,0,0
16438,1,0,0,0,0
16439,1,0,0,0,0
16440,1,0,0,0,0
16441,1,0,0,0,0
16442,1,0,0,0,0
16443,1,0,0,0,0
16444,1,0,0,0,0
16445,1,0,0,0,0
16446,1,0,0,0,0
16447,1,0,0,0,0
16448,1,0,0,0,0
16449,1,0,0,0,0
16450,1,0,0,0,0
16451,1,0,0,0,0
16452,1,0,0,0,0
16453,1,0,0,0,0
16454,1,0,0,0,0
16455,1,0,0,0,0
16456,1,0,0,0,0
16457,1,0,0,0,0
16458,1,0,0,0,0
16459,1,0,0,0,0
16460,1,0,0,0,0
16461,1,0,0,0,0
16462,1,0,0,0,0
16463,1,0,0,0,0
16464,1,0,0,0,0
16465,1,0,0,0,0
16466,1,0,0,0,0
16467,1,0,0,0,0
16468,1,0,0,0,0
16469,1,0,0,0,0
16470,1,0,0,0,0
16471,1,0,0,0,0
16472,1,0,0,0,0
16473,1,0,0,0,0
16474,1,0,0,0,0
16475,1,0,0,0,0
16476,1,0,0,0,0
16477,1,0,0,0,0
16478,1,0,0,0,0
16479,1,0,0,0,0
16480,1,0,0,0,0
16481,1,0,0,0,0
16482,1,0,0,0,0
16483,1,0,0,0,0
16484,1,0,0,0,0
16485,1,0,0,0,0
16486,1,0,0,0,0
16487,1,0,0,0,0
16488,1,0,0,0,0
16489,1,0,0,0,0
16490,1,0,0,0,0
16491,1,0,0,0,0
16492,1,0,0,0,0
16493,1,0,0,0,0
16494,1,0,0,0,0
16495,1,0,0,0,0
16496,1,0,0,0,0
16497,1,0,0,0,0
16498,1,0,0,0,0
16499,1,0,0,0,0
16500,1,0,0,0,0
16501,1,0,0,0,0
16502,1,0,0,0,0
16503,1,0,0,0,0
16504,1,0,0,0,0
16505,1,0,0,0,0
16506,1,0,0,0,0
16507,1,0,0,0,0
16508,1,0,0,0,0
16509,1,0,0,0,0
16510,1,0,0,0,0
16511,1,0,0,0,0
16512,1,0,0,0,0
16513,1,0,0,0,0
16514,1,0,0,0,0
16515,1,0,0,0,0
16516,1,0,0,0,0
16517,1,0,0,0,0
16518,1,0,0,0,0
16519,1,0,0,0,0
16520,1,0,0,0,0
16521,1,0,0,0,0
16522,1,0,0,0,0
16523,1,0,0,0,0
16524,1,0,0,0,0
16525,1,0,0,0,0
16526,1,0,0,0,0
16527,1,0,0,0,0
16528,1,0,0,0,0
16529,1,0,0,0,0
16530,1,0,0,0,0
16531,1,0,0,0,0
16532,1,0,0,0,0
16533,1,0,0,0,0
16534,1,0,0,0,0
16535,1,0,0,0,0
16536,1,0,0,0,0
16537,1,0,0,0,0
16538,1,0,0,0,0
16539,1,0,0,0,0
16540,1,0,0,0,0
16541,1,0,0,0,0
16542,1,0,0,0,0
16543,1,0,0,0,0
16544,1,0,0,0,0
16545,1,0,0,0,0
16546,1,0,0,0,0
16547,1,0,0,0,0
16548,1,0,0,0,0
16549,1,0,0,0,0
16550,1,0,0,0,0
16551,1,0,0,0,0
16552,1,0,0,0,0
16553,1,0,0,0,0
16554,1,0,0,0,0
16555,1,0,0,0,0
16556,1,0,0,0,0
16557,1,0,0,0,0
16558,1,0,0,0,0
16559,1,0,0,0,0
16560,1,0,0,0,0
16561,1,0,0,0,0
16562,1,0,0,0,0
16563,1,0,0,0,0
16564,1,0,0,0,0
16565,1,0,0,0,0
16566,1,0,0,0,0
16567,1,0,0,0,0
16568,1,0,0,0,0
16569,1,0,0,0,0
16570,1,0,0,0,0
16571,1,0,0,0,0
16572,1,0,0,0,0
16573,1,0,0,0,0
16574,1,0,0,0,0
16575,1,0,0,0,0
16576,1,0,0,0,0
16577,1,0,0,0,0
16578,1,0,0,0,0
16579,1,0,0,0,0
16580,1,0,0,0,0
16581,1,0,0,0,0
16582,1,0,0,0,0
16583,1,0,0,0,0
16584,1,0,0,0,0
16585,1,0,0,0,0
16586,1,0,0,0,0
16587,1,0,0,0,0
16588,1,0,0,0,0
16589,1,0,0,0,0
16590,1,0,0,0,0
16591,1,0,0,0,0
16592,1,0,0,0,0
16593,1,0,0,0,0
16594,1,0,0,0,0
16595,1,0,0,0,0
16596,1,0,0,0,0
16597,1,0,0,0,0
16598,1,0,0,0,0
16599,1,0,0,0,0
16600,1,0,0,0,0
16601,1,0,0,0,0
16602,1,0,0,0,0
16603,1,0,0,0,0
16604,1,0,0,0,0
16605,1,0,0,0,0
16606,1,0,0,0,0
16607,1,0,0,0,0
16608,1,0,0,0,0
16609,1,0,0,0,0
16610,1,0,0,0,0
16611,1,0,0,0,0
16612,1,0,0,0,0
16613,1,0,0,0,0
16614,1,0,0,0,0
16615,1,0,0,0,0
16616,1,0,0,0,0
16617,1,0,0,0,0
16618,1,0,0,0,0
16619,1,0,0,0,0
16620,1,0,0,0,0
16621,1,0,0,0,0
16622,1,0,0,0,0
16623,1,0,0,0,0
16624,1,0,0,0,0
16625,1,0,0,0,0
16626,1,0,0,0,0
16627,1,0,0,0,0
16628,1,0,0,0,0
16629,1,0,0,0,0
16630,1,0,0,0,0
16631,1,0,0,0,0
16632,1,0,0,0,0
16633,1,0,0,0,0
16634,1,0,0,0,0
16635,1,0,0,0,0
16636,1,0,0,0,0
16637,1,0,0,0,0
16638,1,0,0,0,0
16639,1,0,0,0,0
16640,1,0,0,0,0
16641,1,0,0,0,0
16642,1,0,0,0,0
16643,1,0,0,0,0
16644,1,0,0,0,0
16645,1,0,0,0,0
16646,1,0,0,0,0
16647,1,0,0,0,0
16648,1,0,0,0,0
16649,1,0,0,0,0
16650,1,0,0,0,0
16651,1,0,0,0,0
16652,1,0,0,0,0
16653,1,0,0,0,0
16654,1,0,0,0,0
16655,1,0,0,0,0
16656,1,0,0,0,0
16657,1,0,0,0,0
16658,1,0,0,0,0
16659,1,0,0,0,0
16660,1,0,0,0,0
16661,1,0,0,0,0
16662,1,0,0,0,0
16663,1,0,0,0,0
16664,1,0,0,0,0
16665,1,0,0,0,0
16666,1,0,0,0,0
16667,1,0,0,0,0
16668,1,0,0,0,0
16669,1,0,0,0,0
16670,1,0,0,0,0
16671,1,0,0,0,0
16672,1,0,0,0,0
16673,1,0,0,0,0
16674,1,0,0,0,0
16675,1,0,0,0,0
16676,1,0,0,0,0
16677,1,0,0,0,0
16678,1,0,0,0,0
16679,1,0,0,0,0
16680,1,0,0,0,0
16681,1,0,0,0,0
16682,1,0,0,0,0
16683,1,0,0,0,0
16684,1,0,0,0,0
16685,1,0,0,0,0
16686,1,0,0,0,0
16687,1,0,0,0,0
16688,1,0,0,0,0
16689,1,0,0,0,0
16690,1,0,0,0,0
16691,1,0,0,0,0
16692,1,0,0,0,0
16693,1,0,0,0,0
16694,1,0,0,0,0
16695,1,0,0,0,0
16696,1,0,0,0,0
16697,1,0,0,0,0
16698,1,0,0,0,0
16699,1,0,0,0,0
16700,1,0,0,0,0
16701,1,0,0,0,0
16702,1,0,0,0,0
16703,1,0,0,0,0
16704,1,0,0,0,0
16705,1,0,0,0,0
16706,1,0,0,0,0
16707,1,0,0,0,0
16708,1,0,0,0,0
16709,1,0,0,0,0
16710,1,0,0,0,0
16711,1,0,0,0,0
16712,1,0,0,0,0
16713,1,0,0,0,0
16714,1,0,0,0,0
16715,1,0,0,0,0
16716,1,0,0,0,0
16717,1,0,0,0,0
16718,1,0,0,0,0
16719,1,0,0,0,0
16720,1,0,0,0,0
16721,1,0,0,0,0
16722,1,0,0,0,0
16723,1,0,0,0,0
16724,1,0,0,0,0
16725,1,0,0,0,0
16726,1,0,0,0,0
16727,1,0,0,0,0
16728,1,0,0,0,0
16729,1,0,0,0,0
16730,1,0,0,0,0
16731,1,0,0,0,0
16732,1,0,0,0,0
16733,1,0,0,0,0
16734,1,0,0,0,0
16735,1,0,0,0,0
16736,1,0,0,0,0
16737,1,0,0,0,0
16738,1,0,0,0,0
16739,1,0,0,0,0
16740,1,0,0,0,0
16741,1,0,0,0,0
16742,1,0,0,0,0
16743,1,0,0,0,0
16744,1,0,0,0,0
16745,1,0,0,0,0
16746,1,0,0,0,0
16747,1,0,0,0,0
16748,1,0,0,0,0
16749,1,0,0,0,0
16750,1,0,0,0,0
16751,1,0,0,0,0
16752,1,0,0,0,0
16753,1,0,0,0,0
16754,1,0,0,0,0
16755,1,0,0,0,0
16756,1,0,0,0,0
16757,1,0,0,0,0
16758,1,0,0,0,0
16759,1,0,0,0,0
16760,1,0,0,0,0
16761,1,0,0,0,0
16762,1,0,0,0,0
16763,1,0,0,0,0
16764,1,0,0,0,0
16765,1,0,0,0,0
16766,1,0,0,0,0
16767,1,0,0,0,0
16768,1,0,0,0,0
16769,1,0,0,0,0
16770,1,0,0,0,0
16771,1,0,0,0,0
16772,1,0,0,0,0
16773,1,0,0,0,0
16774,1,0,0,0,0
16775,1,0,0,0,0
16776,1,0,0,0,0
16777,1,0,0,0,0
16778,1,0,0,0,0
16779,1,0,0,0,0
16780,1,0,0,0,0
16781,1,0,0,0,0
16782,1,0,0,0,0
16783,1,0,0,0,0
16784,1,0,0,0,0
16785,1,0,0,0,0
16786,1,0,0,0,0
16787,1,0,0,0,0
16788,1,0,0,0,0
16789,1,0,0,0,0
16790,1,0,0,0,0
16791,1,0,0,0,0
16792,1,0,0,0,0
16793,1,0,0,0,0
16794,1,0,0,0,0
16795,1,0,0,0,0
16796,1,0,0,0,0
16797,1,0,0,0,0
16798,1,0,0,0,0
16799,1,0,0,0,0
16800,1,0,0,0,0
16801,1,0,0,0,0
16802,1,0,0,0,0
16803,1,0,0,0,0
16804,1,0,0,0,0
16805,1,0,0,0,0
16806,1,0,0,0,0
16807,1,0,0,0,0
16808,1,0,0,0,0
16809,1,0,0,0,0
16810,1,0,0,0,0
16811,1,0,0,0,0
16812,1,0,0,0,0
16813,1,0,0,0,0
16814,1,0,0,0,0
16815,1,0,0,0,0
16816,1,0,0,0,0
16817,1,0,0,0,0
16818,0,1,0,0,0
16819,0,1,0,0,0
16820,0,1,0,0,0
16821,0,1,0,0,0
16822,0,1,0,0,0
16823,0,1,0,0,0
16824,0,1,0,0,0
16825,0,1,0,0,0
16826,0,1,0,0,0
16827,0,1,0,0,0
16828,0,1,0,0,0
16829,0,1,0,0,0
16830,0,1,0,0,0
16831,0,1,0,0,0
16832,0,1,0,0,0
16833,0,1,0,0,0
16834,0,1,0,0,0
16835,0,1,0,0,0
16836,0,1,0,0,0
16837,0,1,0,0,0
16838,0,1,0,0,0
16839,0,1,0,0,0
16840,0,1,0,0,0
16841,0,1,0,0,0
16842,0,1,0,0,0
16843,0,1,0,0,0
16844,0,1,0,0,0
16845,0,1,0,0,0
16846,0,1,0,0,0
16847,0,1,0,0,0
16848,0,1,0,0,0
16849,0,1,0,0,0
16850,0,1,0,0,0
16851,0,1,0,0,0
16852,0,1,0,0,0
16853,0,1,0,0,0
16854,0,1,0,0,0
16855,0,1,0,0,0
16856,0,1,0,0,0
16857,0,1,0,0,0
16858,0,1,0,0,0
16859,0,1,0,0,0
16860,0,1,0,0,0
16861,0,1,0,0,0
16862,0,1,0,0,0
16863,0,1,0,0,0
16864,0,1,0,0,0
16865,0,1,0,0,0
16866,0,1,0,0,0
16867,0,1,0,0,0
16868,0,1,0,0,0
16869,1,0,0,0,0
16870,1,0,0,0,0
16871,1,0,0,0,0
16872,1,0,0,0,0
16873,1,0,0,0,0
16874,1,0,0,0,0
16875,1,0,0,0,0
16876,1,0,0,0,0
16877,1,0,0,0,0
16878,1,0,0,0,0
16879,1,0,0,0,0
16880,1,0,0,0,0
16881,1,0,0,0,0
16882,1,0,0,0,0
16883,1,0,0,0,0
16884,1,0,0,0,0
16885,1,0,0,0,0
16886,1,0,0,0,0
16887,1,0,0,0,0
16888,1,0,0,0,0
16889,1,0,0,0,0
16890,1,0,0,0,0
16891,1,0,0,0,0
16892,1,0,0,0,0
16893,1,0,0,0,0
16894,1,0,0,0,0
16895,1,0,0,0,0
16896,1,0,0,0,0
16897,1,0,0,0,0
16898,1,0,0,0,0
16899,1,0,0,0,0
16900,1,0,0,0,0
16901,1,0,0,0,0
16902,1,0,0,0,0
16903,1,0,0,0,0
16904,1,0,0,0,0
16905,1,0,0,0,0
16906,1,0,0,0,0
16907,1,0,0,0,0
16908,1,0,0,0,0
16909,1,0,0,0,0
16910,1,0,0,0,0
16911,1,0,0,0,0
16912,1,0,0,0,0
16913,1,0,0,0,0
16914,1,0,0,0,0
16915,1,0,0,0,0
16916,1,0,0,0,0
16917,1,0,0,0,0
16918,1,0,0,0,0
16919,1,0,0,0,0
16920,1,0,0,0,0
16921,1,0,0,0,0
16922,1,0,0,0,0
16923,1,0,0,0,0
16924,1,0,0,0,0
16925,1,0,0,0,0
16926,1,0,0,0,0
16927,1,0,0,0,0
16928,1,0,0,0,0
16929,1,0,0,0,0
16930,1,0,0,0,0
16931,1,0,0,0,0
16932,1,0,0,0,0
16933,1,0,0,0,0
16934,1,0,0,0,0
16935,1,0,0,0,0
16936,1,0,0,0,0
16937,1,0,0,0,0
16938,1,0,0,0,0
16939,1,0,0,0,0
16940,1,0,0,0,0
16941,1,0,0,0,0
16942,1,0,0,0,0
16943,1,0,0,0,0
16944,1,0,0,0,0
16945,1,0,0,0,0
16946,1,0,0,0,0
16947,1,0,0,0,0
16948,1,0,0,0,0
16949,1,0,0,0,0
16950,1,0,0,0,0
16951,1,0,0,0,0
16952,1,0,0,0,0
16953,1,0,0,0,0
16954,1,0,0,0,0
16955,1,0,0,0,0
16956,1,0,0,0,0
16957,1,0,0,0,0
16958,1,0,0,0,0
16959,1,0,0,0,0
16960,1,0,0,0,0
16961,1,0,0,0,0
16962,1,0,0,0,0
16963,1,0,0,0,0
16964,1,0,0,0,0
16965,1,0,0,0,0
16966,1,0,0,0,0
16967,1,0,0,0,0
16968,1,0,0,0,0
16969,1,0,0,0,0
16970,1,0,0,0,0
16971,1,0,0,0,0
16972,1,0,0,0,0
16973,1,0,0,0,0
16974,1,0,0,0,0
16975,1,0,0,0,0
16976,1,0,0,0,0
16977,1,0,0,0,0
16978,1,0,0,0,0
16979,1,0,0,0,0
16980,1,0,0,0,0
16981,1,0,0,0,0
16982,1,0,0,0,0
16983,1,0,0,0,0
16984,1,0,0,0,0
16985,1,0,0,0,0
16986,1,0,0,0,0
16987,1,0,0,0,0
16988,1,0,0,0,0
16989,1,0,0,0,0
16990,1,0,0,0,0
16991,1,0,0,0,0
16992,1,0,0,0,0
16993,1,0,0,0,0
16994,1,0,0,0,0
16995,1,0,0,0,0
16996,1,0,0,0,0
16997,1,0,0,0,0
16998,1,0,0,0,0
16999,1,0,0,0,0
17000,1,0,0,0,0
17001,1,0,0,0,0
17002,1,0,0,0,0
17003,1,0,0,0,0
17004,1,0,0,0,0
17005,1,0,0,0,0
17006,1,0,0,0,0
17007,1,0,0,0,0
17008,1,0,0,0,0
17009,1,0,0,0,0
17010,1,0,0,0,0
17011,1,0,0,0,0
17012,1,0,0,0,0
17013,1,0,0,0,0
17014,1,0,0,0,0
17015,1,0,0,0,0
17016,1,0,0,0,0
17017,1,0,0,0,0
17018,1,0,0,0,0
17019,1,0,0,0,0
17020,1,0,0,0,0
17021,1,0,0,0,0
17022,1,0,0,0,0
17023,1,0,0,0,0
17024,1,0,0,0,0
17025,1,0,0,0,0
17026,1,0,0,0,0
17027,1,0,0,0,0
17028,1,0,0,0,0
17029,1,0,0,0,0
17030,1,0,0,0,0
17031,0,1,0,0,0
17032,0,1,0,0,0
17033,0,1,0,0,0
17034,0,1,0,0,0
17035,0,1,0,0,0
17036,0,1,0,0,0
17037,0,1,0,0,0
17038,0,1,0,0,0
17039,0,1,0,0,0
17040,0,1,0,0,0
17041,0,1,0,0,0
17042,0,1,0,0,0
17043,0,1,0,0,0
17044,0,1,0,0,0
17045,0,1,0,0,0
17046,0,1,0,0,0
17047,0,1,0,0,0
17048,0,1,0,0,0
17049,0,1,0,0,0
17050,0,1,0,0,0
17051,0,1,0,0,0
17052,0,1,0,0,0
17053,0,1,0,0,0
17054,0,1,0,0,0
17055,1,0,0,0,0
17056,1,0,0,0,0
17057,1,0,0,0,0
17058,1,0,0,0,0
17059,1,0,0,0,0
17060,1,0,0,0,0
17061,1,0,0,0,0
17062,1,0,0,0,0
17063,1,0,0,0,0
17064,1,0,0,0,0
17065,1,0,0,0,0
17066,1,0,0,0,0
17067,0,1,0,0,0
17068,0,1,0,0,0
17069,0,1,0,0,0
17070,0,1,0,0,0
17071,0,1,0,0,0
17072,0,1,0,0,0
17073,0,1,0,0,0
17074,0,1,0,0,0
17075,0,1,0,0,0
17076,0,1,0,0,0
17077,0,1,0,0,0
17078,0,1,0,0,0
17079,0,1,0,0,0
17080,0,1,0,0,0
17081,0,1,0,0,0
17082,0,1,0,0,0
17083,0,1,0,0,0
17084,0,1,0,0,0
17085,0,1,0,0,0
17086,0,1,0,0,0
17087,0,1,0,0,0
17088,0,1,0,0,0
17089,0,1,0,0,0
17090,0,1,0,0,0
17091,0,1,0,0,0
17092,0,1,0,0,0
17093,0,1,0,0,0
17094,0,1,0,0,0
17095,0,1,0,0,0
17096,0,1,0,0,0
17097,0,1,0,0,0
17098,0,1,0,0,0
17099,0,1,0,0,0
17100,0,1,0,0,0
17101,0,1,0,0,0
17102,0,1,0,0,0
17103,0,1,0,0,0
17104,0,1,0,0,0
17105,0,1,0,0,0
17106,0,1,0,0,0
17107,0,1,0,0,0
17108,0,1,0,0,0
17109,0,1,0,0,0
17110,0,1,0,0,0
17111,0,1,0,0,0
17112,0,1,0,0,0
17113,0,1,0,0,0
17114,0,1,0,0,0
17115,0,1,0,0,0
17116,0,1,0,0,0
17117,0,1,0,0,0
17118,0,1,0,0,0
17119,0,1,0,0,0
17120,0,1,0,0,0
17121,0,1,0,0,0
17122,0,1,0,0,0
17123,0,1,0,0,0
17124,0,1,0,0,0
17125,0,1,0,0,0
17126,0,1,0,0,0
17127,0,1,0,0,0
17128,0,1,0,0,0
17129,0,1,0,0,0
17130,0,1,0,0,0
17131,0,1,0,0,0
17132,0,1,0,0,0
17133,0,1,0,0,0
17134,0,1,0,0,0
17135,0,1,0,0,0
17136,0,1,0,0,0
17137,0,1,0,0,0
17138,0,1,0,0,0
17139,0,1,0,0,0
17140,0,1,0,0,0
17141,0,1,0,0,0
17142,0,1,0,0,0
17143,0,1,0,0,0
17144,0,1,0,0,0
17145,0,1,0,0,0
17146,0,1,0,0,0
17147,0,1,0,0,0
17148,0,1,0,0,0
17149,0,1,0,0,0
17150,0,1,0,0,0
17151,0,1,0,0,0
17152,0,1,0,0,0
17153,0,1,0,0,0
17154,0,1,0,0,0
17155,0,1,0,0,0
17156,0,1,0,0,0
17157,0,1,0,0,0
17158,0,1,0,0,0
17159,0,1,0,0,0
17160,0,1,0,0,0
17161,0,1,0,0,0
17162,0,1,0,0,0
17163,0,1,0,0,0
17164,0,1,0,0,0
17165,0,1,0,0,0
17166,0,1,0,0,0
17167,0,1,0,0,0
17168,0,1,0,0,0
17169,0,1,0,0,0
17170,0,1,0,0,0
17171,0,1,0,0,0
17172,0,1,0,0,0
17173,0,1,0,0,0
17174,0,1,0,0,0
17175,0,1,0,0,0
17176,0,1,0,0,0
17177,0,1,0,0,0
17178,0,1,0,0,0
17179,1,0,0,0,0
17180,1,0,0,0,0
17181,1,0,0,0,0
17182,1,0,0,0,0
17183,1,0,0,0,0
17184,1,0,0,0,0
17185,1,0,0,0,0
17186,1,0,0,0,0
17187,1,0,0,0,0
17188,1,0,0,0,0
17189,1,0,0,0,0
17190,1,0,0,0,0
17191,1,0,0,0,0
17192,1,0,0,0,0
17193,1,0,0,0,0
17194,1,0,0,0,0
17195,1,0,0,0,0
17196,1,0,0,0,0
17197,1,0,0,0,0
17198,1,0,0,0,0
17199,1,0,0,0,0
17200,1,0,0,0,0
17201,1,0,0,0,0
17202,1,0,0,0,0
17203,1,0,0,0,0
17204,1,0,0,0,0
17205,1,0,0,0,0
17206,1,0,0,0,0
17207,1,0,0,0,0
17208,1,0,0,0,0
17209,1,0,0,0,0
17210,1,0,0,0,0
17211,1,0,0,0,0
17212,1,0,0,0,0
17213,1,0,0,0,0
17214,1,0,0,0,0
17215,1,0,0,0,0
17216,1,0,0,0,0
17217,1,0,0,0,0
17218,1,0,0,0,0
17219,1,0,0,0,0
17220,1,0,0,0,0
17221,1,0,0,0,0
17222,1,0,0,0,0
17223,1,0,0,0,0
17224,1,0,0,0,0
17225,1,0,0,0,0
17226,1,0,0,0,0
17227,1,0,0,0,0
17228,1,0,0,0,0
17229,1,0,0,0,0
17230,1,0,0,0,0
17231,1,0,0,0,0
17232,1,0,0,0,0
17233,1,0,0,0,0
17234,1,0,0,0,0
17235,1,0,0,0,0
17236,1,0,0,0,0
17237,1,0,0,0,0
17238,1,0,0,0,0
17239,1,0,0,0,0
17240,1,0,0,0,0
17241,0,1,0,0,0
17242,0,1,0,0,0
17243,0,1,0,0,0
17244,0,1,0,0,0
17245,0,1,0,0,0
17246,0,1,0,0,0
17247,0,1,0,0,0
17248,0,1,0,0,0
17249,0,1,0,0,0
17250,0,1,0,0,0
17251,0,1,0,0,0
17252,0,1,0,0,0
17253,0,1,0,0,0
17254,0,1,0,0,0
17255,0,1,0,0,0
17256,0,1,0,0,0
17257,0,1,0,0,0
17258,0,1,0,0,0
17259,0,1,0,0,0
17260,0,1,0,0,0
17261,0,1,0,0,0
17262,0,1,0,0,0
17263,0,1,0,0,0
17264,0,1,0,0,0
17265,0,1,0,0,0
17266,0,1,0,0,0
17267,0,1,0,0,0
17268,0,1,0,0,0
17269,0,1,0,0,0
17270,0,1,0,0,0
17271,0,1,0,0,0
17272,0,1,0,0,0
17273,0,1,0,0,0
17274,0,1,0,0,0
17275,0,1,0,0,0
17276,0,1,0,0,0
17277,0,1,0,0,0
17278,0,1,0,0,0
17279,0,1,0,0,0
17280,0,1,0,0,0
17281,0,1,0,0,0
17282,0,1,0,0,0
17283,0,1,0,0,0
17284,1,0,0,0,0
17285,1,0,0,0,0
17286,1,0,0,0,0
17287,1,0,0,0,0
17288,1,0,0,0,0
17289,1,0,0,0,0
17290,1,0,0,0,0
17291,1,0,0,0,0
17292,1,0,0,0,0
17293,1,0,0,0,0
17294,1,0,0,0,0
17295,1,0,0,0,0
17296,1,0,0,0,0
17297,1,0,0,0,0
17298,1,0,0,0,0
17299,1,0,0,0,0
17300,1,0,0,0,0
17301,1,0,0,0,0
17302,1,0,0,0,0
17303,1,0,0,0,0
17304,1,0,0,0,0
17305,1,0,0,0,0
17306,1,0,0,0,0
17307,1,0,0,0,0
17308,1,0,0,0,0
17309,1,0,0,0,0
17310,1,0,0,0,0
17311,1,0,0,0,0
17312,1,0,0,0,0
17313,1,0,0,0,0
17314,1,0,0,0,0
17315,1,0,0,0,0
17316,1,0,0,0,0
17317,1,0,0,0,0
17318,1,0,0,0,0
17319,1,0,0,0,0
17320,1,0,0,0,0
17321,1,0,0,0,0
17322,1,0,0,0,0
17323,1,0,0,0,0
17324,1,0,0,0,0
17325,1,0,0,0,0
17326,1,0,0,0,0
17327,1,0,0,0,0
17328,1,0,0,0,0
17329,1,0,0,0,0
17330,1,0,0,0,0
17331,1,0,0,0,0
17332,1,0,0,0,0
17333,1,0,0,0,0
17334,1,0,0,0,0
17335,1,0,0,0,0
17336,1,0,0,0,0
17337,1,0,0,0,0
17338,1,0,0,0,0
17339,1,0,0,0,0
17340,1,0,0,0,0
17341,1,0,0,0,0
17342,1,0,0,0,0
17343,1,0,0,0,0
17344,1,0,0,0,0
17345,1,0,0,0,0
17346,1,0,0,0,0
17347,1,0,0,0,0
17348,1,0,0,0,0
17349,1,0,0,0,0
17350,1,0,0,0,0
17351,1,0,0,0,0
17352,1,0,0,0,0
17353,1,0,0,0,0
17354,1,0,0,0,0
17355,1,0,0,0,0
17356,1,0,0,0,0
17357,1,0,0,0,0
17358,1,0,0,0,0
17359,1,0,0,0,0
17360,1,0,0,0,0
17361,1,0,0,0,0
17362,1,0,0,0,0
17363,1,0,0,0,0
17364,1,0,0,0,0
17365,1,0,0,0,0
17366,1,0,0,0,0
17367,1,0,0,0,0
17368,1,0,0,0,0
17369,1,0,0,0,0
17370,1,0,0,0,0
17371,1,0,0,0,0
17372,1,0,0,0,0
17373,1,0,0,0,0
17374,1,0,0,0,0
17375,1,0,0,0,0
17376,1,0,0,0,0
17377,1,0,0,0,0
17378,1,0,0,0,0
17379,1,0,0,0,0
17380,1,0,0,0,0
17381,1,0,0,0,0
17382,1,0,0,0,0
17383,1,0,0,0,0
17384,1,0,0,0,0
17385,1,0,0,0,0
17386,1,0,0,0,0
17387,1,0,0,0,0
17388,1,0,0,0,0
17389,1,0,0,0,0
17390,0,1,0,0,0
17391,0,1,0,0,0
17392,0,1,0,0,0
17393,0,1,0,0,0
17394,0,1,0,0,0
17395,0,1,0,0,0
17396,0,1,0,0,0
17397,0,1,0,0,0
17398,0,1,0,0,0
17399,0,1,0,0,0
17400,0,1,0,0,0
17401,0,1,0,0,0
17402,0,1,0,0,0
17403,0,1,0,0,0
17404,0,1,0,0,0
17405,0,1,0,0,0
17406,0,1,0,0,0
17407,0,1,0,0,0
17408,0,1,0,0,0
17409,0,1,0,0,0
17410,0,1,0,0,0
17411,0,1,0,0,0
17412,0,1,0,0,0
17413,0,1,0,0,0
17414,0,1,0,0,0
17415,0,1,0,0,0
17416,0,1,0,0,0
17417,0,1,0,0,0
17418,0,1,0,0,0
17419,0,1,0,0,0
17420,0,1,0,0,0
17421,0,1,0,0,0
17422,1,0,0,0,0
17423,1,0,0,0,0
17424,1,0,0,0,0
17425,1,0,0,0,0
17426,1,0,0,0,0
17427,1,0,0,0,0
17428,1,0,0,0,0
17429,1,0,0,0,0
17430,1,0,0,0,0
17431,1,0,0,0,0
17432,1,0,0,0,0
17433,1,0,0,0,0
17434,1,0,0,0,0
17435,1,0,0,0,0
17436,1,0,0,0,0
17437,1,0,0,0,0
17438,1,0,0,0,0
17439,1,0,0,0,0
17440,1,0,0,0,0
17441,1,0,0,0,0
17442,1,0,0,0,0
17443,1,0,0,0,0
17444,1,0,0,0,0
17445,1,0,0,0,0
17446,1,0,0,0,0
17447,1,0,0,0,0
17448,1,0,0,0,0
17449,1,0,0,0,0
17450,1,0,0,0,0
17451,1,0,0,0,0
17452,1,0,0,0,0
17453,1,0,0,0,0
17454,1,0,0,0,0
17455,1,0,0,0,0
17456,1,0,0,0,0
17457,1,0,0,0,0
17458,1,0,0,0,0
17459,1,0,0,0,0
17460,1,0,0,0,0
17461,1,0,0,0,0
17462,1,0,0,0,0
17463,1,0,0,0,0
17464,1,0,0,0,0
17465,1,0,0,0,0
17466,1,0,0,0,0
17467,1,0,0,0,0
17468,1,0,0,0,0
17469,1,0,0,0,0
17470,1,0,0,0,0
17471,1,0,0,0,0
17472,1,0,0,0,0
17473,1,0,0,0,0
17474,1,0,0,0,0
17475,1,0,0,0,0
17476,1,0,0,0,0
17477,1,0,0,0,0
17478,1,0,0,0,0
17479,1,0,0,0,0
17480,1,0,0,0,0
17481,1,0,0,0,0
17482,1,0,0,0,0
17483,1,0,0,0,0
17484,1,0,0,0,0
17485,1,0,0,0,0
17486,1,0,0,0,0
17487,1,0,0,0,0
17488,1,0,0,0,0
17489,1,0,0,0,0
17490,1,0,0,0,0
17491,1,0,0,0,0
17492,1,0,0,0,0
17493,1,0,0,0,0
17494,1,0,0,0,0
17495,1,0,0,0,0
17496,1,0,0,0,0
17497,1,0,0,0,0
17498,1,0,0,0,0
17499,1,0,0,0,0
17500,1,0,0,0,0
17501,1,0,0,0,0
17502,1,0,0,0,0
17503,1,0,0,0,0
17504,1,0,0,0,0
17505,1,0,0,0,0
17506,1,0,0,0,0
17507,1,0,0,0,0
17508,1,0,0,0,0
17509,1,0,0,0,0
17510,1,0,0,0,0
17511,1,0,0,0,0
17512,1,0,0,0,0
17513,1,0,0,0,0
17514,1,0,0,0,0
17515,1,0,0,0,0
17516,1,0,0,0,0
17517,1,0,0,0,0
17518,1,0,0,0,0
17519,1,0,0,0,0
17520,1,0,0,0,0
17521,1,0,0,0,0
17522,1,0,0,0,0
17523,1,0,0,0,0
17524,1,0,0,0,0
17525,1,0,0,0,0
17526,1,0,0,0,0
17527,1,0,0,0,0
17528,1,0,0,0,0
17529,1,0,0,0,0
17530,1,0,0,0,0
17531,1,0,0,0,0
17532,1,0,0,0,0
17533,1,0,0,0,0
17534,1,0,0,0,0
17535,1,0,0,0,0
17536,1,0,0,0,0
17537,1,0,0,0,0
17538,1,0,0,0,0
17539,1,0,0,0,0
17540,1,0,0,0,0
17541,1,0,0,0,0
17542,1,0,0,0,0
17543,1,0,0,0,0
17544,1,0,0,0,0
17545,1,0,0,0,0
17546,1,0,0,0,0
17547,1,0,0,0,0
17548,1,0,0,0,0
17549,1,0,0,0,0
17550,1,0,0,0,0
17551,1,0,0,0,0
17552,1,0,0,0,0
17553,1,0,0,0,0
17554,1,0,0,0,0
17555,1,0,0,0,0
17556,1,0,0,0,0
17557,1,0,0,0,0
17558,1,0,0,0,0
17559,1,0,0,0,0
17560,1,0,0,0,0
17561,1,0,0,0,0
17562,1,0,0,0,0
17563,1,0,0,0,0
17564,1,0,0,0,0
17565,1,0,0,0,0
17566,1,0,0,0,0
17567,1,0,0,0,0
17568,1,0,0,0,0
17569,1,0,0,0,0
17570,1,0,0,0,0
17571,1,0,0,0,0
17572,1,0,0,0,0
17573,1,0,0,0,0
17574,1,0,0,0,0
17575,1,0,0,0,0
17576,1,0,0,0,0
17577,1,0,0,0,0
17578,1,0,0,0,0
17579,1,0,0,0,0
17580,1,0,0,0,0
17581,1,0,0,0,0
17582,1,0,0,0,0
17583,1,0,0,0,0
17584,1,0,0,0,0
17585,1,0,0,0,0
17586,1,0,0,0,0
17587,1,0,0,0,0
17588,1,0,0,0,0
17589,1,0,0,0,0
17590,1,0,0,0,0
17591,1,0,0,0,0
17592,1,0,0,0,0
17593,1,0,0,0,0
17594,1,0,0,0,0
17595,1,0,0,0,0
17596,1,0,0,0,0
17597,1,0,0,0,0
17598,1,0,0,0,0
17599,1,0,0,0,0
17600,1,0,0,0,0
17601,1,0,0,0,0
17602,1,0,0,0,0
17603,1,0,0,0,0
17604,1,0,0,0,0
17605,1,0,0,0,0
17606,1,0,0,0,0
17607,1,0,0,0,0
17608,1,0,0,0,0
17609,1,0,0,0,0
17610,1,0,0,0,0
17611,1,0,0,0,0
17612,1,0,0,0,0
17613,1,0,0,0,0
17614,1,0,0,0,0
17615,1,0,0,0,0
17616,1,0,0,0,0
17617,1,0,0,0,0
17618,1,0,0,0,0
17619,1,0,0,0,0
17620,1,0,0,0,0
17621,1,0,0,0,0
17622,1,0,0,0,0
17623,1,0,0,0,0
17624,1,0,0,0,0
17625,1,0,0,0,0
17626,1,0,0,0,0
17627,1,0,0,0,0
17628,1,0,0,0,0
17629,1,0,0,0,0
17630,1,0,0,0,0
17631,1,0,0,0,0
17632,1,0,0,0,0
17633,1,0,0,0,0
17634,1,0,0,0,0
17635,1,0,0,0,0
17636,1,0,0,0,0
17637,1,0,0,0,0
17638,1,0,0,0,0
17639,1,0,0,0,0
17640,1,0,0,0,0
17641,1,0,0,0,0
17642,1,0,0,0,0
17643,1,0,0,0,0
17644,1,0,0,0,0
17645,1,0,0,0,0
17646,1,0,0,0,0
17647,1,0,0,0,0
17648,1,0,0,0,0
17649,1,0,0,0,0
17650,1,0,0,0,0
17651,1,0,0,0,0
17652,1,0,0,0,0
17653,1,0,0,0,0
17654,1,0,0,0,0
17655,1,0,0,0,0
17656,1,0,0,0,0
17657,1,0,0,0,0
17658,1,0,0,0,0
17659,1,0,0,0,0
17660,1,0,0,0,0
17661,1,0,0,0,0
17662,1,0,0,0,0
17663,1,0,0,0,0
17664,1,0,0,0,0
17665,1,0,0,0,0
17666,1,0,0,0,0
17667,1,0,0,0,0
17668,1,0,0,0,0
17669,1,0,0,0,0
17670,1,0,0,0,0
17671,1,0,0,0,0
17672,1,0,0,0,0
17673,1,0,0,0,0
17674,1,0,0,0,0
17675,1,0,0,0,0
17676,1,0,0,0,0
17677,1,0,0,0,0
17678,1,0,0,0,0
17679,1,0,0,0,0
17680,1,0,0,0,0
17681,1,0,0,0,0
17682,1,0,0,0,0
17683,1,0,0,0,0
17684,1,0,0,0,0
17685,1,0,0,0,0
17686,1,0,0,0,0
17687,1,0,0,0,0
17688,1,0,0,0,0
17689,1,0,0,0,0
17690,1,0,0,0,0
17691,1,0,0,0,0
17692,1,0,0,0,0
17693,1,0,0,0,0
17694,1,0,0,0,0
17695,1,0,0,0,0
17696,1,0,0,0,0
17697,1,0,0,0,0
17698,1,0,0,0,0
17699,1,0,0,0,0
17700,1,0,0,0,0
17701,1,0,0,0,0
17702,1,0,0,0,0
17703,1,0,0,0,0
17704,1,0,0,0,0
17705,1,0,0,0,0
17706,1,0,0,0,0
17707,1,0,0,0,0
17708,1,0,0,0,0
17709,1,0,0,0,0
17710,1,0,0,0,0
17711,1,0,0,0,0
17712,1,0,0,0,0
17713,1,0,0,0,0
17714,1,0,0,0,0
17715,0,1,0,0,0
17716,0,1,0,0,0
17717,0,1,0,0,0
17718,0,1,0,0,0
17719,0,1,0,0,0
17720,0,1,0,0,0
17721,0,1,0,0,0
17722,0,1,0,0,0
17723,0,1,0,0,0
17724,0,1,0,0,0
17725,0,1,0,0,0
17726,0,1,0,0,0
17727,0,1,0,0,0
17728,0,1,0,0,0
17729,0,1,0,0,0
17730,0,1,0,0,0
17731,0,1,0,0,0
17732,0,1,0,0,0
17733,0,1,0,0,0
17734,0,1,0,0,0
17735,0,1,0,0,0
17736,1,0,0,0,0
17737,1,0,0,0,0
17738,1,0,0,0,0
17739,1,0,0,0,0
17740,1,0,0,0,0
17741,1,0,0,0,0
17742,1,0,0,0,0
17743,1,0,0,0,0
17744,1,0,0,0,0
17745,1,0,0,0,0
17746,1,0,0,0,0
17747,1,0,0,0,0
17748,1,0,0,0,0
17749,1,0,0,0,0
17750,1,0,0,0,0
17751,1,0,0,0,0
17752,1,0,0,0,0
17753,1,0,0,0,0
17754,1,0,0,0,0
17755,1,0,0,0,0
17756,1,0,0,0,0
17757,1,0,0,0,0
17758,1,0,0,0,0
17759,1,0,0,0,0
17760,1,0,0,0,0
17761,1,0,0,0,0
17762,1,0,0,0,0
17763,1,0,0,0,0
17764,1,0,0,0,0
17765,1,0,0,0,0
17766,1,0,0,0,0
17767,1,0,0,0,0
17768,1,0,0,0,0
17769,1,0,0,0,0
17770,1,0,0,0,0
17771,1,0,0,0,0
17772,1,0,0,0,0
17773,1,0,0,0,0
17774,1,0,0,0,0
17775,1,0,0,0,0
17776,1,0,0,0,0
17777,1,0,0,0,0
17778,1,0,0,0,0
17779,1,0,0,0,0
17780,1,0,0,0,0
17781,1,0,0,0,0
17782,1,0,0,0,0
17783,1,0,0,0,0
17784,1,0,0,0,0
17785,1,0,0,0,0
17786,1,0,0,0,0
17787,1,0,0,0,0
17788,0,0,0,0,1
17789,0,0,0,0,1
17790,0,0,0,0,1
17791,0,0,0,0,1
17792,0,0,0,0,1
17793,0,0,0,0,1
17794,0,0,0,0,1
17795,0,0,0,0,1
17796,0,0,0,0,1
17797,0,0,0,0,1
17798,0,0,0,0,1
17799,0,0,0,0,1
17800,0,0,0,0,1
17801,0,0,0,0,1
17802,0,0,0,0,1
17803,0,0,0,0,1
17804,0,0,0,0,1
17805,0,0,0,0,1
17806,0,0,0,0,1
17807,0,0,0,0,1
17808,0,0,0,0,1
17809,0,0,0,0,1
17810,0,0,0,0,1
17811,0,0,0,0,1
17812,0,0,0,0,1
17813,0,0,0,0,1
17814,0,0,0,0,1
17815,0,0,0,0,1
17816,0,0,0,0,1
17817,0,0,0,0,1
17818,0,0,0,0,1
17819,0,0,0,0,1
17820,0,0,0,0,1
17821,0,0,0,0,1
17822,0,0,0,0,1
17823,0,0,0,0,1
17824,0,0,0,0,1
17825,0,0,0,0,1
17826,0,0,0,0,1
17827,0,0,0,0,1
17828,0,0,0,0,1
17829,0,0,0,0,1
17830,0,0,0,0,1
17831,0,0,0,0,1
17832,0,0,0,0,1
17833,0,0,0,0,1
17834,0,0,0,0,1
17835,0,0,0,0,1
17836,0,0,0,0,1
17837,0,0,0,0,1
17838,0,0,0,0,1
17839,0,0,0,0,1
17840,0,0,0,0,1
17841,0,0,0,0,1
17842,0,0,0,0,1
17843,0,0,0,0,1
17844,0,0,0,0,1
17845,0,0,0,0,1
17846,0,0,0,0,1
17847,0,0,0,0,1
17848,0,0,0,0,1
17849,0,0,0,0,1
17850,0,0,0,0,1
17851,0,0,0,0,1
17852,0,0,0,0,1
17853,0,0,0,0,1
17854,0,0,0,0,1
17855,0,0,0,0,1
17856,0,0,0,0,1
17857,0,0,0,0,1
17858,0,0,0,0,1
17859,0,0,0,0,1
17860,0,0,0,0,1
17861,0,0,0,0,1
17862,0,0,0,0,1
17863,0,0,0,0,1
17864,0,0,0,0,1
17865,0,0,0,0,1
17866,0,0,0,0,1
17867,0,0,0,0,1
17868,0,0,0,0,1
17869,0,0,0,0,1
17870,0,0,0,0,1
17871,0,0,0,0,1
17872,0,0,0,0,1
17873,0,0,0,0,1
17874,0,0,0,0,1
17875,0,0,0,0,1
17876,0,0,0,0,1
17877,0,0,0,0,1
17878,0,0,0,0,1
17879,0,0,0,0,1
17880,0,0,0,0,1
17881,0,0,0,0,1
17882,0,0,0,0,1
17883,0,0,0,0,1
17884,0,0,0,0,1
17885,0,0,0,0,1
17886,0,0,0,0,1
17887,0,0,0,0,1
17888,0,0,0,0,1
17889,0,0,0,0,1
17890,0,0,0,0,1
17891,0,0,0,0,1
17892,0,0,0,0,1
17893,0,0,0,0,1
17894,0,0,0,0,1
17895,0,0,0,0,1
17896,0,0,0,0,1
17897,0,0,0,0,1
17898,0,0,0,0,1
17899,0,0,0,0,1
17900,0,0,0,0,1
17901,0,0,0,0,1
17902,0,0,0,0,1
17903,0,0,0,0,1
17904,0,0,0,0,1
17905,0,0,0,0,1
17906,0,0,0,0,1
17907,0,0,0,0,1
17908,0,0,0,0,1
17909,0,0,0,0,1
17910,0,0,0,0,1
17911,0,0,0,0,1
17912,0,0,0,0,1
17913,0,0,0,0,1
17914,0,0,0,0,1
17915,0,0,0,0,1
17916,0,0,0,0,1
17917,0,0,0,0,1
17918,0,0,0,0,1
17919,0,0,0,0,1
17920,0,0,0,0,1
17921,0,0,0,0,1
17922,0,0,0,0,1
17923,0,0,0,0,1
17924,0,0,0,0,1
17925,0,0,0,0,1
17926,0,0,0,0,1
17927,0,0,0,0,1
17928,0,0,0,0,1
17929,0,0,0,0,1
17930,0,0,0,0,1
17931,0,0,0,0,1
17932,0,0,0,0,1
17933,0,0,0,0,1
17934,0,0,0,0,1
17935,0,0,0,0,1
17936,0,0,0,0,1
17937,0,0,0,0,1
17938,0,0,0,0,1
17939,0,0,0,0,1
17940,0,0,0,0,1
17941,0,0,0,0,1
17942,0,0,0,0,1
17943,0,0,0,0,1
17944,0,0,0,0,1
17945,0,0,0,0,1
17946,0,0,0,0,1
17947,0,0,0,0,1
17948,0,0,0,0,1
17949,0,0,0,0,1
17950,0,0,0,0,1
17951,0,0,0,0,1
17952,0,0,0,0,1
17953,0,0,0,0,1
17954,0,0,0,0,1
17955,0,0,0,0,1
17956,0,0,0,0,1
17957,0,0,0,0,1
17958,0,0,0,0,1
17959,0,0,0,0,1
17960,0,0,0,0,1
17961,0,0,0,0,1
17962,0,0,0,0,1
17963,0,0,0,0,1
17964,0,0,0,0,1
17965,0,0,0,0,1
17966,0,0,0,0,1
17967,0,0,0,0,1
17968,0,0,0,0,1
17969,0,0,0,0,1
17970,0,0,0,0,1
17971,0,0,0,0,1
17972,0,0,0,0,1
17973,0,0,0,0,1
17974,0,0,0,0,1
17975,0,0,0,0,1
17976,0,0,0,0,1
17977,0,0,0,0,1
17978,0,0,0,0,1
17979,0,0,0,0,1
17980,0,0,0,0,1
17981,0,0,0,0,1
17982,0,0,0,0,1
17983,0,0,0,0,1
17984,0,0,0,0,1
17985,0,0,0,1,0
17986,0,0,0,1,0
17987,0,0,0,1,0
17988,0,0,0,1,0
17989,0,0,0,1,0
17990,0,0,0,1,0
17991,0,0,0,1,0
17992,0,0,0,1,0
17993,0,0,0,1,0
17994,0,0,0,1,0
17995,0,0,0,1,0
17996,0,0,0,1,0
17997,0,0,0,1,0
17998,0,0,0,1,0
17999,0,0,0,1,0
18000,0,0,0,1,0
18001,0,0,0,1,0
18002,0,0,0,1,0
18003,0,0,0,1,0
18004,0,0,0,1,0
18005,1,0,0,0,0
18006,1,0,0,0,0
18007,1,0,0,0,0
18008,1,0,0,0,0
18009,1,0,0,0,0
18010,1,0,0,0,0
18011,1,0,0,0,0
18012,1,0,0,0,0
18013,1,0,0,0,0
18014,1,0,0,0,0
18015,1,0,0,0,0
18016,1,0,0,0,0
18017,1,0,0,0,0
18018,1,0,0,0,0
18019,1,0,0,0,0
18020,1,0,0,0,0
18021,1,0,0,0,0
18022,1,0,0,0,0
18023,1,0,0,0,0
18024,1,0,0,0,0
18025,1,0,0,0,0
18026,1,0,0,0,0
18027,1,0,0,0,0
18028,1,0,0,0,0
18029,1,0,0,0,0
18030,1,0,0,0,0
18031,1,0,0,0,0
18032,1,0,0,0,0
18033,1,0,0,0,0
18034,1,0,0,0,0
18035,1,0,0,0,0
18036,1,0,0,0,0
18037,1,0,0,0,0
18038,1,0,0,0,0
18039,1,0,0,0,0
18040,1,0,0,0,0
18041,1,0,0,0,0
18042,1,0,0,0,0
18043,1,0,0,0,0
18044,1,0,0,0,0
18045,1,0,0,0,0
18046,1,0,0,0,0
18047,1,0,0,0,0
18048,1,0,0,0,0
18049,1,0,0,0,0
18050,1,0,0,0,0
18051,1,0,0,0,0
18052,1,0,0,0,0
18053,1,0,0,0,0
18054,1,0,0,0,0
18055,1,0,0,0,0
18056,1,0,0,0,0
18057,1,0,0,0,0
18058,1,0,0,0,0
18059,1,0,0,0,0
18060,1,0,0,0,0
18061,1,0,0,0,0
18062,1,0,0,0,0
18063,1,0,0,0,0
18064,1,0,0,0,0
18065,1,0,0,0,0
18066,1,0,0,0,0
18067,1,0,0,0,0
18068,1,0,0,0,0
18069,1,0,0,0,0
18070,1,0,0,0,0
18071,0,0,1,0,0
18072,0,0,1,0,0
18073,0,0,1,0,0
18074,0,0,1,0,0
18075,0,0,1,0,0
18076,0,0,1,0,0
18077,0,0,1,0,0
18078,0,0,1,0,0
18079,0,0,1,0,0
18080,0,0,1,0,0
18081,0,0,1,0,0
18082,0,0,1,0,0
18083,0,0,1,0,0
18084,0,0,1,0,0
18085,1,0,0,0,0
18086,1,0,0,0,0
18087,1,0,0,0,0
18088,1,0,0,0,0
18089,1,0,0,0,0
18090,1,0,0,0,0
18091,0,0,0,0,1
18092,0,0,0,0,1
18093,0,0,0,0,1
18094,0,0,0,0,1
18095,0,0,0,0,1
18096,0,0,0,0,1
18097,0,0,0,0,1
18098,0,0,0,0,1
18099,0,0,0,0,1
18100,0,0,0,0,1
18101,0,0,0,0,1
18102,0,0,0,0,1
18103,0,0,0,0,1
18104,0,0,0,0,1
18105,0,0,0,0,1
18106,0,0,0,0,1
