,background,Supportedrearing,Unsupportedrearing,Grooming,Digging
0,1,0,0,0,0
1,1,0,0,0,0
2,1,0,0,0,0
3,1,0,0,0,0
4,1,0,0,0,0
5,1,0,0,0,0
6,1,0,0,0,0
7,1,0,0,0,0
8,1,0,0,0,0
9,1,0,0,0,0
10,1,0,0,0,0
11,1,0,0,0,0
12,1,0,0,0,0
13,1,0,0,0,0
14,1,0,0,0,0
15,1,0,0,0,0
16,1,0,0,0,0
17,1,0,0,0,0
18,1,0,0,0,0
19,1,0,0,0,0
20,1,0,0,0,0
21,1,0,0,0,0
22,1,0,0,0,0
23,1,0,0,0,0
24,1,0,0,0,0
25,1,0,0,0,0
26,1,0,0,0,0
27,1,0,0,0,0
28,1,0,0,0,0
29,1,0,0,0,0
30,1,0,0,0,0
31,1,0,0,0,0
32,1,0,0,0,0
33,1,0,0,0,0
34,1,0,0,0,0
35,1,0,0,0,0
36,1,0,0,0,0
37,1,0,0,0,0
38,1,0,0,0,0
39,1,0,0,0,0
40,1,0,0,0,0
41,1,0,0,0,0
42,1,0,0,0,0
43,1,0,0,0,0
44,1,0,0,0,0
45,1,0,0,0,0
46,1,0,0,0,0
47,1,0,0,0,0
48,1,0,0,0,0
49,1,0,0,0,0
50,1,0,0,0,0
51,1,0,0,0,0
52,1,0,0,0,0
53,1,0,0,0,0
54,1,0,0,0,0
55,1,0,0,0,0
56,1,0,0,0,0
57,1,0,0,0,0
58,1,0,0,0,0
59,1,0,0,0,0
60,1,0,0,0,0
61,1,0,0,0,0
62,1,0,0,0,0
63,1,0,0,0,0
64,1,0,0,0,0
65,1,0,0,0,0
66,1,0,0,0,0
67,1,0,0,0,0
68,1,0,0,0,0
69,1,0,0,0,0
70,1,0,0,0,0
71,1,0,0,0,0
72,1,0,0,0,0
73,1,0,0,0,0
74,1,0,0,0,0
75,1,0,0,0,0
76,1,0,0,0,0
77,1,0,0,0,0
78,1,0,0,0,0
79,1,0,0,0,0
80,1,0,0,0,0
81,1,0,0,0,0
82,1,0,0,0,0
83,1,0,0,0,0
84,1,0,0,0,0
85,1,0,0,0,0
86,1,0,0,0,0
87,1,0,0,0,0
88,1,0,0,0,0
89,1,0,0,0,0
90,1,0,0,0,0
91,1,0,0,0,0
92,1,0,0,0,0
93,1,0,0,0,0
94,1,0,0,0,0
95,1,0,0,0,0
96,1,0,0,0,0
97,1,0,0,0,0
98,1,0,0,0,0
99,1,0,0,0,0
100,1,0,0,0,0
101,1,0,0,0,0
102,1,0,0,0,0
103,1,0,0,0,0
104,1,0,0,0,0
105,1,0,0,0,0
106,1,0,0,0,0
107,1,0,0,0,0
108,1,0,0,0,0
109,1,0,0,0,0
110,1,0,0,0,0
111,1,0,0,0,0
112,1,0,0,0,0
113,1,0,0,0,0
114,1,0,0,0,0
115,1,0,0,0,0
116,1,0,0,0,0
117,1,0,0,0,0
118,1,0,0,0,0
119,1,0,0,0,0
120,1,0,0,0,0
121,1,0,0,0,0
122,1,0,0,0,0
123,1,0,0,0,0
124,1,0,0,0,0
125,1,0,0,0,0
126,1,0,0,0,0
127,1,0,0,0,0
128,1,0,0,0,0
129,1,0,0,0,0
130,1,0,0,0,0
131,1,0,0,0,0
132,1,0,0,0,0
133,1,0,0,0,0
134,1,0,0,0,0
135,1,0,0,0,0
136,1,0,0,0,0
137,1,0,0,0,0
138,1,0,0,0,0
139,1,0,0,0,0
140,1,0,0,0,0
141,1,0,0,0,0
142,1,0,0,0,0
143,1,0,0,0,0
144,1,0,0,0,0
145,1,0,0,0,0
146,1,0,0,0,0
147,1,0,0,0,0
148,1,0,0,0,0
149,1,0,0,0,0
150,1,0,0,0,0
151,1,0,0,0,0
152,1,0,0,0,0
153,1,0,0,0,0
154,1,0,0,0,0
155,1,0,0,0,0
156,1,0,0,0,0
157,1,0,0,0,0
158,1,0,0,0,0
159,1,0,0,0,0
160,1,0,0,0,0
161,1,0,0,0,0
162,1,0,0,0,0
163,1,0,0,0,0
164,1,0,0,0,0
165,1,0,0,0,0
166,1,0,0,0,0
167,1,0,0,0,0
168,1,0,0,0,0
169,1,0,0,0,0
170,1,0,0,0,0
171,1,0,0,0,0
172,1,0,0,0,0
173,1,0,0,0,0
174,1,0,0,0,0
175,1,0,0,0,0
176,1,0,0,0,0
177,1,0,0,0,0
178,1,0,0,0,0
179,1,0,0,0,0
180,1,0,0,0,0
181,1,0,0,0,0
182,1,0,0,0,0
183,1,0,0,0,0
184,1,0,0,0,0
185,1,0,0,0,0
186,1,0,0,0,0
187,1,0,0,0,0
188,1,0,0,0,0
189,1,0,0,0,0
190,1,0,0,0,0
191,1,0,0,0,0
192,1,0,0,0,0
193,1,0,0,0,0
194,1,0,0,0,0
195,1,0,0,0,0
196,1,0,0,0,0
197,1,0,0,0,0
198,1,0,0,0,0
199,1,0,0,0,0
200,1,0,0,0,0
201,1,0,0,0,0
202,1,0,0,0,0
203,1,0,0,0,0
204,1,0,0,0,0
205,1,0,0,0,0
206,1,0,0,0,0
207,1,0,0,0,0
208,1,0,0,0,0
209,1,0,0,0,0
210,1,0,0,0,0
211,1,0,0,0,0
212,1,0,0,0,0
213,1,0,0,0,0
214,1,0,0,0,0
215,1,0,0,0,0
216,1,0,0,0,0
217,1,0,0,0,0
218,1,0,0,0,0
219,1,0,0,0,0
220,1,0,0,0,0
221,1,0,0,0,0
222,1,0,0,0,0
223,1,0,0,0,0
224,1,0,0,0,0
225,1,0,0,0,0
226,1,0,0,0,0
227,1,0,0,0,0
228,1,0,0,0,0
229,1,0,0,0,0
230,1,0,0,0,0
231,1,0,0,0,0
232,1,0,0,0,0
233,1,0,0,0,0
234,1,0,0,0,0
235,1,0,0,0,0
236,1,0,0,0,0
237,1,0,0,0,0
238,1,0,0,0,0
239,1,0,0,0,0
240,1,0,0,0,0
241,1,0,0,0,0
242,1,0,0,0,0
243,1,0,0,0,0
244,1,0,0,0,0
245,1,0,0,0,0
246,1,0,0,0,0
247,1,0,0,0,0
248,1,0,0,0,0
249,1,0,0,0,0
250,1,0,0,0,0
251,1,0,0,0,0
252,1,0,0,0,0
253,0,1,0,0,0
254,0,1,0,0,0
255,0,1,0,0,0
256,0,1,0,0,0
257,0,1,0,0,0
258,0,1,0,0,0
259,0,1,0,0,0
260,0,1,0,0,0
261,0,1,0,0,0
262,0,1,0,0,0
263,0,1,0,0,0
264,0,1,0,0,0
265,0,1,0,0,0
266,0,1,0,0,0
267,0,1,0,0,0
268,0,1,0,0,0
269,0,1,0,0,0
270,0,1,0,0,0
271,0,1,0,0,0
272,0,1,0,0,0
273,0,1,0,0,0
274,0,1,0,0,0
275,0,1,0,0,0
276,0,1,0,0,0
277,0,1,0,0,0
278,0,1,0,0,0
279,0,1,0,0,0
280,1,0,0,0,0
281,1,0,0,0,0
282,1,0,0,0,0
283,1,0,0,0,0
284,1,0,0,0,0
285,1,0,0,0,0
286,1,0,0,0,0
287,1,0,0,0,0
288,1,0,0,0,0
289,1,0,0,0,0
290,1,0,0,0,0
291,1,0,0,0,0
292,1,0,0,0,0
293,1,0,0,0,0
294,1,0,0,0,0
295,1,0,0,0,0
296,1,0,0,0,0
297,1,0,0,0,0
298,1,0,0,0,0
299,1,0,0,0,0
300,1,0,0,0,0
301,1,0,0,0,0
302,1,0,0,0,0
303,1,0,0,0,0
304,1,0,0,0,0
305,1,0,0,0,0
306,1,0,0,0,0
307,1,0,0,0,0
308,1,0,0,0,0
309,1,0,0,0,0
310,1,0,0,0,0
311,1,0,0,0,0
312,1,0,0,0,0
313,1,0,0,0,0
314,1,0,0,0,0
315,1,0,0,0,0
316,1,0,0,0,0
317,1,0,0,0,0
318,1,0,0,0,0
319,1,0,0,0,0
320,1,0,0,0,0
321,1,0,0,0,0
322,1,0,0,0,0
323,1,0,0,0,0
324,1,0,0,0,0
325,1,0,0,0,0
326,1,0,0,0,0
327,1,0,0,0,0
328,1,0,0,0,0
329,1,0,0,0,0
330,1,0,0,0,0
331,1,0,0,0,0
332,1,0,0,0,0
333,1,0,0,0,0
334,1,0,0,0,0
335,1,0,0,0,0
336,1,0,0,0,0
337,1,0,0,0,0
338,1,0,0,0,0
339,1,0,0,0,0
340,1,0,0,0,0
341,1,0,0,0,0
342,1,0,0,0,0
343,1,0,0,0,0
344,1,0,0,0,0
345,1,0,0,0,0
346,1,0,0,0,0
347,1,0,0,0,0
348,1,0,0,0,0
349,1,0,0,0,0
350,1,0,0,0,0
351,1,0,0,0,0
352,1,0,0,0,0
353,1,0,0,0,0
354,1,0,0,0,0
355,1,0,0,0,0
356,1,0,0,0,0
357,1,0,0,0,0
358,0,1,0,0,0
359,0,1,0,0,0
360,0,1,0,0,0
361,0,1,0,0,0
362,0,1,0,0,0
363,0,1,0,0,0
364,0,1,0,0,0
365,0,1,0,0,0
366,0,1,0,0,0
367,0,1,0,0,0
368,0,1,0,0,0
369,0,1,0,0,0
370,0,1,0,0,0
371,0,1,0,0,0
372,0,0,0,1,0
373,0,0,0,1,0
374,0,0,0,1,0
375,0,0,0,1,0
376,0,0,0,1,0
377,0,0,0,1,0
378,0,0,0,1,0
379,0,0,0,1,0
380,0,0,0,1,0
381,0,0,0,1,0
382,0,0,0,1,0
383,0,0,0,1,0
384,0,0,0,1,0
385,0,0,0,1,0
386,0,0,0,1,0
387,1,0,0,0,0
388,1,0,0,0,0
389,1,0,0,0,0
390,1,0,0,0,0
391,1,0,0,0,0
392,1,0,0,0,0
393,1,0,0,0,0
394,1,0,0,0,0
395,1,0,0,0,0
396,1,0,0,0,0
397,1,0,0,0,0
398,1,0,0,0,0
399,1,0,0,0,0
400,1,0,0,0,0
401,1,0,0,0,0
402,1,0,0,0,0
403,1,0,0,0,0
404,1,0,0,0,0
405,1,0,0,0,0
406,1,0,0,0,0
407,1,0,0,0,0
408,1,0,0,0,0
409,1,0,0,0,0
410,1,0,0,0,0
411,1,0,0,0,0
412,1,0,0,0,0
413,1,0,0,0,0
414,1,0,0,0,0
415,1,0,0,0,0
416,1,0,0,0,0
417,1,0,0,0,0
418,1,0,0,0,0
419,1,0,0,0,0
420,1,0,0,0,0
421,1,0,0,0,0
422,1,0,0,0,0
423,1,0,0,0,0
424,1,0,0,0,0
425,1,0,0,0,0
426,1,0,0,0,0
427,1,0,0,0,0
428,1,0,0,0,0
429,1,0,0,0,0
430,1,0,0,0,0
431,1,0,0,0,0
432,1,0,0,0,0
433,1,0,0,0,0
434,1,0,0,0,0
435,1,0,0,0,0
436,1,0,0,0,0
437,1,0,0,0,0
438,1,0,0,0,0
439,1,0,0,0,0
440,1,0,0,0,0
441,1,0,0,0,0
442,1,0,0,0,0
443,1,0,0,0,0
444,1,0,0,0,0
445,1,0,0,0,0
446,1,0,0,0,0
447,1,0,0,0,0
448,1,0,0,0,0
449,1,0,0,0,0
450,1,0,0,0,0
451,1,0,0,0,0
452,1,0,0,0,0
453,1,0,0,0,0
454,1,0,0,0,0
455,1,0,0,0,0
456,1,0,0,0,0
457,1,0,0,0,0
458,1,0,0,0,0
459,1,0,0,0,0
460,1,0,0,0,0
461,1,0,0,0,0
462,1,0,0,0,0
463,1,0,0,0,0
464,1,0,0,0,0
465,1,0,0,0,0
466,1,0,0,0,0
467,1,0,0,0,0
468,1,0,0,0,0
469,1,0,0,0,0
470,1,0,0,0,0
471,1,0,0,0,0
472,1,0,0,0,0
473,1,0,0,0,0
474,1,0,0,0,0
475,1,0,0,0,0
476,1,0,0,0,0
477,1,0,0,0,0
478,1,0,0,0,0
479,1,0,0,0,0
480,1,0,0,0,0
481,1,0,0,0,0
482,1,0,0,0,0
483,1,0,0,0,0
484,1,0,0,0,0
485,1,0,0,0,0
486,1,0,0,0,0
487,1,0,0,0,0
488,1,0,0,0,0
489,1,0,0,0,0
490,1,0,0,0,0
491,1,0,0,0,0
492,1,0,0,0,0
493,1,0,0,0,0
494,1,0,0,0,0
495,1,0,0,0,0
496,1,0,0,0,0
497,1,0,0,0,0
498,1,0,0,0,0
499,1,0,0,0,0
500,1,0,0,0,0
501,1,0,0,0,0
502,1,0,0,0,0
503,1,0,0,0,0
504,1,0,0,0,0
505,1,0,0,0,0
506,1,0,0,0,0
507,1,0,0,0,0
508,1,0,0,0,0
509,1,0,0,0,0
510,1,0,0,0,0
511,1,0,0,0,0
512,1,0,0,0,0
513,1,0,0,0,0
514,1,0,0,0,0
515,1,0,0,0,0
516,1,0,0,0,0
517,1,0,0,0,0
518,1,0,0,0,0
519,1,0,0,0,0
520,1,0,0,0,0
521,1,0,0,0,0
522,1,0,0,0,0
523,1,0,0,0,0
524,1,0,0,0,0
525,1,0,0,0,0
526,1,0,0,0,0
527,1,0,0,0,0
528,1,0,0,0,0
529,1,0,0,0,0
530,1,0,0,0,0
531,1,0,0,0,0
532,1,0,0,0,0
533,1,0,0,0,0
534,1,0,0,0,0
535,1,0,0,0,0
536,1,0,0,0,0
537,1,0,0,0,0
538,1,0,0,0,0
539,1,0,0,0,0
540,1,0,0,0,0
541,1,0,0,0,0
542,1,0,0,0,0
543,1,0,0,0,0
544,1,0,0,0,0
545,1,0,0,0,0
546,1,0,0,0,0
547,1,0,0,0,0
548,1,0,0,0,0
549,1,0,0,0,0
550,1,0,0,0,0
551,1,0,0,0,0
552,1,0,0,0,0
553,1,0,0,0,0
554,1,0,0,0,0
555,1,0,0,0,0
556,1,0,0,0,0
557,1,0,0,0,0
558,1,0,0,0,0
559,1,0,0,0,0
560,1,0,0,0,0
561,1,0,0,0,0
562,1,0,0,0,0
563,1,0,0,0,0
564,1,0,0,0,0
565,1,0,0,0,0
566,1,0,0,0,0
567,1,0,0,0,0
568,1,0,0,0,0
569,1,0,0,0,0
570,1,0,0,0,0
571,1,0,0,0,0
572,1,0,0,0,0
573,1,0,0,0,0
574,1,0,0,0,0
575,1,0,0,0,0
576,1,0,0,0,0
577,1,0,0,0,0
578,1,0,0,0,0
579,1,0,0,0,0
580,1,0,0,0,0
581,1,0,0,0,0
582,1,0,0,0,0
583,1,0,0,0,0
584,1,0,0,0,0
585,1,0,0,0,0
586,1,0,0,0,0
587,1,0,0,0,0
588,1,0,0,0,0
589,1,0,0,0,0
590,1,0,0,0,0
591,1,0,0,0,0
592,1,0,0,0,0
593,1,0,0,0,0
594,1,0,0,0,0
595,1,0,0,0,0
596,1,0,0,0,0
597,1,0,0,0,0
598,1,0,0,0,0
599,1,0,0,0,0
600,1,0,0,0,0
601,1,0,0,0,0
602,1,0,0,0,0
603,1,0,0,0,0
604,1,0,0,0,0
605,1,0,0,0,0
606,1,0,0,0,0
607,1,0,0,0,0
608,1,0,0,0,0
609,1,0,0,0,0
610,1,0,0,0,0
611,1,0,0,0,0
612,1,0,0,0,0
613,1,0,0,0,0
614,1,0,0,0,0
615,1,0,0,0,0
616,1,0,0,0,0
617,1,0,0,0,0
618,1,0,0,0,0
619,1,0,0,0,0
620,1,0,0,0,0
621,1,0,0,0,0
622,1,0,0,0,0
623,1,0,0,0,0
624,1,0,0,0,0
625,1,0,0,0,0
626,1,0,0,0,0
627,1,0,0,0,0
628,1,0,0,0,0
629,1,0,0,0,0
630,1,0,0,0,0
631,1,0,0,0,0
632,1,0,0,0,0
633,1,0,0,0,0
634,1,0,0,0,0
635,1,0,0,0,0
636,1,0,0,0,0
637,1,0,0,0,0
638,1,0,0,0,0
639,1,0,0,0,0
640,1,0,0,0,0
641,1,0,0,0,0
642,1,0,0,0,0
643,1,0,0,0,0
644,1,0,0,0,0
645,1,0,0,0,0
646,1,0,0,0,0
647,1,0,0,0,0
648,1,0,0,0,0
649,1,0,0,0,0
650,1,0,0,0,0
651,1,0,0,0,0
652,1,0,0,0,0
653,1,0,0,0,0
654,1,0,0,0,0
655,1,0,0,0,0
656,1,0,0,0,0
657,1,0,0,0,0
658,1,0,0,0,0
659,1,0,0,0,0
660,1,0,0,0,0
661,1,0,0,0,0
662,1,0,0,0,0
663,1,0,0,0,0
664,1,0,0,0,0
665,1,0,0,0,0
666,1,0,0,0,0
667,1,0,0,0,0
668,1,0,0,0,0
669,1,0,0,0,0
670,1,0,0,0,0
671,1,0,0,0,0
672,1,0,0,0,0
673,1,0,0,0,0
674,1,0,0,0,0
675,1,0,0,0,0
676,1,0,0,0,0
677,1,0,0,0,0
678,1,0,0,0,0
679,1,0,0,0,0
680,1,0,0,0,0
681,1,0,0,0,0
682,1,0,0,0,0
683,1,0,0,0,0
684,1,0,0,0,0
685,1,0,0,0,0
686,1,0,0,0,0
687,1,0,0,0,0
688,1,0,0,0,0
689,0,1,0,0,0
690,0,1,0,0,0
691,0,1,0,0,0
692,0,1,0,0,0
693,0,1,0,0,0
694,0,1,0,0,0
695,0,1,0,0,0
696,0,1,0,0,0
697,0,1,0,0,0
698,0,1,0,0,0
699,0,1,0,0,0
700,0,1,0,0,0
701,0,1,0,0,0
702,0,1,0,0,0
703,0,1,0,0,0
704,0,1,0,0,0
705,0,1,0,0,0
706,0,1,0,0,0
707,0,1,0,0,0
708,0,1,0,0,0
709,0,1,0,0,0
710,0,1,0,0,0
711,0,1,0,0,0
712,0,1,0,0,0
713,0,1,0,0,0
714,0,1,0,0,0
715,0,1,0,0,0
716,0,1,0,0,0
717,0,1,0,0,0
718,0,1,0,0,0
719,0,1,0,0,0
720,0,1,0,0,0
721,0,1,0,0,0
722,0,1,0,0,0
723,0,1,0,0,0
724,0,1,0,0,0
725,0,1,0,0,0
726,0,1,0,0,0
727,1,0,0,0,0
728,1,0,0,0,0
729,1,0,0,0,0
730,1,0,0,0,0
731,0,0,0,1,0
732,0,0,0,1,0
733,0,0,0,1,0
734,0,0,0,1,0
735,0,0,0,1,0
736,0,0,0,1,0
737,0,0,0,1,0
738,0,0,0,1,0
739,0,0,0,1,0
740,0,0,0,1,0
741,0,0,0,1,0
742,0,0,0,1,0
743,1,0,0,0,0
744,1,0,0,0,0
745,1,0,0,0,0
746,1,0,0,0,0
747,1,0,0,0,0
748,1,0,0,0,0
749,1,0,0,0,0
750,1,0,0,0,0
751,1,0,0,0,0
752,1,0,0,0,0
753,1,0,0,0,0
754,1,0,0,0,0
755,1,0,0,0,0
756,1,0,0,0,0
757,1,0,0,0,0
758,1,0,0,0,0
759,1,0,0,0,0
760,1,0,0,0,0
761,1,0,0,0,0
762,1,0,0,0,0
763,1,0,0,0,0
764,1,0,0,0,0
765,1,0,0,0,0
766,1,0,0,0,0
767,1,0,0,0,0
768,1,0,0,0,0
769,1,0,0,0,0
770,1,0,0,0,0
771,1,0,0,0,0
772,1,0,0,0,0
773,1,0,0,0,0
774,1,0,0,0,0
775,1,0,0,0,0
776,1,0,0,0,0
777,1,0,0,0,0
778,1,0,0,0,0
779,1,0,0,0,0
780,1,0,0,0,0
781,1,0,0,0,0
782,1,0,0,0,0
783,1,0,0,0,0
784,1,0,0,0,0
785,1,0,0,0,0
786,1,0,0,0,0
787,1,0,0,0,0
788,1,0,0,0,0
789,1,0,0,0,0
790,1,0,0,0,0
791,1,0,0,0,0
792,1,0,0,0,0
793,1,0,0,0,0
794,1,0,0,0,0
795,1,0,0,0,0
796,1,0,0,0,0
797,1,0,0,0,0
798,1,0,0,0,0
799,1,0,0,0,0
800,1,0,0,0,0
801,1,0,0,0,0
802,1,0,0,0,0
803,1,0,0,0,0
804,1,0,0,0,0
805,1,0,0,0,0
806,1,0,0,0,0
807,1,0,0,0,0
808,1,0,0,0,0
809,1,0,0,0,0
810,1,0,0,0,0
811,1,0,0,0,0
812,1,0,0,0,0
813,1,0,0,0,0
814,1,0,0,0,0
815,1,0,0,0,0
816,1,0,0,0,0
817,1,0,0,0,0
818,1,0,0,0,0
819,1,0,0,0,0
820,1,0,0,0,0
821,1,0,0,0,0
822,1,0,0,0,0
823,1,0,0,0,0
824,1,0,0,0,0
825,1,0,0,0,0
826,1,0,0,0,0
827,1,0,0,0,0
828,1,0,0,0,0
829,1,0,0,0,0
830,1,0,0,0,0
831,1,0,0,0,0
832,1,0,0,0,0
833,1,0,0,0,0
834,1,0,0,0,0
835,1,0,0,0,0
836,1,0,0,0,0
837,1,0,0,0,0
838,1,0,0,0,0
839,1,0,0,0,0
840,1,0,0,0,0
841,1,0,0,0,0
842,1,0,0,0,0
843,1,0,0,0,0
844,1,0,0,0,0
845,1,0,0,0,0
846,1,0,0,0,0
847,1,0,0,0,0
848,1,0,0,0,0
849,1,0,0,0,0
850,1,0,0,0,0
851,1,0,0,0,0
852,1,0,0,0,0
853,1,0,0,0,0
854,1,0,0,0,0
855,1,0,0,0,0
856,1,0,0,0,0
857,1,0,0,0,0
858,1,0,0,0,0
859,1,0,0,0,0
860,1,0,0,0,0
861,1,0,0,0,0
862,1,0,0,0,0
863,1,0,0,0,0
864,1,0,0,0,0
865,1,0,0,0,0
866,1,0,0,0,0
867,0,1,0,0,0
868,0,1,0,0,0
869,0,1,0,0,0
870,0,1,0,0,0
871,0,1,0,0,0
872,0,1,0,0,0
873,0,1,0,0,0
874,0,1,0,0,0
875,0,1,0,0,0
876,0,1,0,0,0
877,0,1,0,0,0
878,0,1,0,0,0
879,0,1,0,0,0
880,0,1,0,0,0
881,0,1,0,0,0
882,0,1,0,0,0
883,0,1,0,0,0
884,0,1,0,0,0
885,0,1,0,0,0
886,0,1,0,0,0
887,0,1,0,0,0
888,0,1,0,0,0
889,0,1,0,0,0
890,0,1,0,0,0
891,0,1,0,0,0
892,0,1,0,0,0
893,0,1,0,0,0
894,0,1,0,0,0
895,0,1,0,0,0
896,0,1,0,0,0
897,0,1,0,0,0
898,0,1,0,0,0
899,1,0,0,0,0
900,1,0,0,0,0
901,1,0,0,0,0
902,1,0,0,0,0
903,1,0,0,0,0
904,1,0,0,0,0
905,1,0,0,0,0
906,1,0,0,0,0
907,1,0,0,0,0
908,1,0,0,0,0
909,1,0,0,0,0
910,1,0,0,0,0
911,1,0,0,0,0
912,1,0,0,0,0
913,1,0,0,0,0
914,1,0,0,0,0
915,1,0,0,0,0
916,1,0,0,0,0
917,1,0,0,0,0
918,1,0,0,0,0
919,1,0,0,0,0
920,1,0,0,0,0
921,1,0,0,0,0
922,1,0,0,0,0
923,1,0,0,0,0
924,1,0,0,0,0
925,1,0,0,0,0
926,1,0,0,0,0
927,1,0,0,0,0
928,1,0,0,0,0
929,1,0,0,0,0
930,1,0,0,0,0
931,1,0,0,0,0
932,1,0,0,0,0
933,1,0,0,0,0
934,1,0,0,0,0
935,1,0,0,0,0
936,1,0,0,0,0
937,1,0,0,0,0
938,1,0,0,0,0
939,1,0,0,0,0
940,1,0,0,0,0
941,1,0,0,0,0
942,1,0,0,0,0
943,1,0,0,0,0
944,1,0,0,0,0
945,1,0,0,0,0
946,1,0,0,0,0
947,1,0,0,0,0
948,1,0,0,0,0
949,1,0,0,0,0
950,1,0,0,0,0
951,1,0,0,0,0
952,1,0,0,0,0
953,1,0,0,0,0
954,1,0,0,0,0
955,1,0,0,0,0
956,1,0,0,0,0
957,1,0,0,0,0
958,1,0,0,0,0
959,1,0,0,0,0
960,1,0,0,0,0
961,1,0,0,0,0
962,1,0,0,0,0
963,1,0,0,0,0
964,1,0,0,0,0
965,1,0,0,0,0
966,1,0,0,0,0
967,1,0,0,0,0
968,1,0,0,0,0
969,1,0,0,0,0
970,1,0,0,0,0
971,1,0,0,0,0
972,1,0,0,0,0
973,1,0,0,0,0
974,1,0,0,0,0
975,1,0,0,0,0
976,1,0,0,0,0
977,1,0,0,0,0
978,1,0,0,0,0
979,1,0,0,0,0
980,1,0,0,0,0
981,1,0,0,0,0
982,1,0,0,0,0
983,1,0,0,0,0
984,1,0,0,0,0
985,1,0,0,0,0
986,1,0,0,0,0
987,1,0,0,0,0
988,1,0,0,0,0
989,1,0,0,0,0
990,1,0,0,0,0
991,1,0,0,0,0
992,1,0,0,0,0
993,1,0,0,0,0
994,1,0,0,0,0
995,1,0,0,0,0
996,1,0,0,0,0
997,1,0,0,0,0
998,1,0,0,0,0
999,1,0,0,0,0
1000,1,0,0,0,0
1001,1,0,0,0,0
1002,1,0,0,0,0
1003,1,0,0,0,0
1004,1,0,0,0,0
1005,1,0,0,0,0
1006,1,0,0,0,0
1007,1,0,0,0,0
1008,1,0,0,0,0
1009,1,0,0,0,0
1010,1,0,0,0,0
1011,1,0,0,0,0
1012,1,0,0,0,0
1013,1,0,0,0,0
1014,1,0,0,0,0
1015,1,0,0,0,0
1016,1,0,0,0,0
1017,1,0,0,0,0
1018,1,0,0,0,0
1019,1,0,0,0,0
1020,1,0,0,0,0
1021,1,0,0,0,0
1022,1,0,0,0,0
1023,1,0,0,0,0
1024,1,0,0,0,0
1025,1,0,0,0,0
1026,1,0,0,0,0
1027,1,0,0,0,0
1028,1,0,0,0,0
1029,1,0,0,0,0
1030,1,0,0,0,0
1031,1,0,0,0,0
1032,1,0,0,0,0
1033,1,0,0,0,0
1034,1,0,0,0,0
1035,1,0,0,0,0
1036,1,0,0,0,0
1037,1,0,0,0,0
1038,1,0,0,0,0
1039,1,0,0,0,0
1040,1,0,0,0,0
1041,1,0,0,0,0
1042,1,0,0,0,0
1043,1,0,0,0,0
1044,1,0,0,0,0
1045,1,0,0,0,0
1046,1,0,0,0,0
1047,1,0,0,0,0
1048,1,0,0,0,0
1049,1,0,0,0,0
1050,1,0,0,0,0
1051,1,0,0,0,0
1052,1,0,0,0,0
1053,1,0,0,0,0
1054,1,0,0,0,0
1055,1,0,0,0,0
1056,1,0,0,0,0
1057,1,0,0,0,0
1058,1,0,0,0,0
1059,1,0,0,0,0
1060,1,0,0,0,0
1061,1,0,0,0,0
1062,1,0,0,0,0
1063,1,0,0,0,0
1064,1,0,0,0,0
1065,1,0,0,0,0
1066,1,0,0,0,0
1067,1,0,0,0,0
1068,1,0,0,0,0
1069,1,0,0,0,0
1070,1,0,0,0,0
1071,1,0,0,0,0
1072,1,0,0,0,0
1073,1,0,0,0,0
1074,1,0,0,0,0
1075,1,0,0,0,0
1076,1,0,0,0,0
1077,1,0,0,0,0
1078,1,0,0,0,0
1079,1,0,0,0,0
1080,1,0,0,0,0
1081,1,0,0,0,0
1082,1,0,0,0,0
1083,1,0,0,0,0
1084,1,0,0,0,0
1085,1,0,0,0,0
1086,1,0,0,0,0
1087,1,0,0,0,0
1088,1,0,0,0,0
1089,1,0,0,0,0
1090,1,0,0,0,0
1091,1,0,0,0,0
1092,1,0,0,0,0
1093,1,0,0,0,0
1094,1,0,0,0,0
1095,1,0,0,0,0
1096,1,0,0,0,0
1097,1,0,0,0,0
1098,1,0,0,0,0
1099,1,0,0,0,0
1100,1,0,0,0,0
1101,1,0,0,0,0
1102,1,0,0,0,0
1103,1,0,0,0,0
1104,1,0,0,0,0
1105,1,0,0,0,0
1106,1,0,0,0,0
1107,1,0,0,0,0
1108,1,0,0,0,0
1109,1,0,0,0,0
1110,1,0,0,0,0
1111,1,0,0,0,0
1112,1,0,0,0,0
1113,1,0,0,0,0
1114,1,0,0,0,0
1115,1,0,0,0,0
1116,1,0,0,0,0
1117,1,0,0,0,0
1118,1,0,0,0,0
1119,1,0,0,0,0
1120,1,0,0,0,0
1121,1,0,0,0,0
1122,1,0,0,0,0
1123,1,0,0,0,0
1124,1,0,0,0,0
1125,1,0,0,0,0
1126,1,0,0,0,0
1127,1,0,0,0,0
1128,1,0,0,0,0
1129,1,0,0,0,0
1130,1,0,0,0,0
1131,1,0,0,0,0
1132,1,0,0,0,0
1133,1,0,0,0,0
1134,1,0,0,0,0
1135,1,0,0,0,0
1136,1,0,0,0,0
1137,1,0,0,0,0
1138,1,0,0,0,0
1139,1,0,0,0,0
1140,1,0,0,0,0
1141,1,0,0,0,0
1142,1,0,0,0,0
1143,1,0,0,0,0
1144,1,0,0,0,0
1145,1,0,0,0,0
1146,1,0,0,0,0
1147,1,0,0,0,0
1148,1,0,0,0,0
1149,1,0,0,0,0
1150,1,0,0,0,0
1151,1,0,0,0,0
1152,1,0,0,0,0
1153,1,0,0,0,0
1154,1,0,0,0,0
1155,1,0,0,0,0
1156,1,0,0,0,0
1157,1,0,0,0,0
1158,1,0,0,0,0
1159,1,0,0,0,0
1160,1,0,0,0,0
1161,1,0,0,0,0
1162,1,0,0,0,0
1163,1,0,0,0,0
1164,1,0,0,0,0
1165,1,0,0,0,0
1166,1,0,0,0,0
1167,1,0,0,0,0
1168,1,0,0,0,0
1169,1,0,0,0,0
1170,1,0,0,0,0
1171,1,0,0,0,0
1172,1,0,0,0,0
1173,1,0,0,0,0
1174,1,0,0,0,0
1175,1,0,0,0,0
1176,1,0,0,0,0
1177,1,0,0,0,0
1178,1,0,0,0,0
1179,1,0,0,0,0
1180,1,0,0,0,0
1181,1,0,0,0,0
1182,1,0,0,0,0
1183,1,0,0,0,0
1184,1,0,0,0,0
1185,1,0,0,0,0
1186,1,0,0,0,0
1187,1,0,0,0,0
1188,1,0,0,0,0
1189,1,0,0,0,0
1190,1,0,0,0,0
1191,1,0,0,0,0
1192,1,0,0,0,0
1193,1,0,0,0,0
1194,1,0,0,0,0
1195,1,0,0,0,0
1196,1,0,0,0,0
1197,1,0,0,0,0
1198,1,0,0,0,0
1199,1,0,0,0,0
1200,1,0,0,0,0
1201,1,0,0,0,0
1202,1,0,0,0,0
1203,1,0,0,0,0
1204,1,0,0,0,0
1205,1,0,0,0,0
1206,1,0,0,0,0
1207,1,0,0,0,0
1208,1,0,0,0,0
1209,1,0,0,0,0
1210,1,0,0,0,0
1211,1,0,0,0,0
1212,1,0,0,0,0
1213,1,0,0,0,0
1214,1,0,0,0,0
1215,1,0,0,0,0
1216,1,0,0,0,0
1217,1,0,0,0,0
1218,1,0,0,0,0
1219,1,0,0,0,0
1220,1,0,0,0,0
1221,1,0,0,0,0
1222,1,0,0,0,0
1223,1,0,0,0,0
1224,1,0,0,0,0
1225,1,0,0,0,0
1226,1,0,0,0,0
1227,0,1,0,0,0
1228,0,1,0,0,0
1229,0,1,0,0,0
1230,0,1,0,0,0
1231,0,1,0,0,0
1232,0,1,0,0,0
1233,0,1,0,0,0
1234,0,1,0,0,0
1235,0,1,0,0,0
1236,0,1,0,0,0
1237,0,1,0,0,0
1238,0,1,0,0,0
1239,0,1,0,0,0
1240,0,1,0,0,0
1241,0,1,0,0,0
1242,0,1,0,0,0
1243,0,1,0,0,0
1244,0,1,0,0,0
1245,0,1,0,0,0
1246,0,1,0,0,0
1247,0,1,0,0,0
1248,0,1,0,0,0
1249,0,1,0,0,0
1250,0,1,0,0,0
1251,0,1,0,0,0
1252,0,1,0,0,0
1253,0,1,0,0,0
1254,0,1,0,0,0
1255,1,0,0,0,0
1256,1,0,0,0,0
1257,1,0,0,0,0
1258,1,0,0,0,0
1259,1,0,0,0,0
1260,1,0,0,0,0
1261,1,0,0,0,0
1262,1,0,0,0,0
1263,1,0,0,0,0
1264,1,0,0,0,0
1265,1,0,0,0,0
1266,1,0,0,0,0
1267,1,0,0,0,0
1268,1,0,0,0,0
1269,1,0,0,0,0
1270,1,0,0,0,0
1271,1,0,0,0,0
1272,1,0,0,0,0
1273,1,0,0,0,0
1274,1,0,0,0,0
1275,1,0,0,0,0
1276,1,0,0,0,0
1277,1,0,0,0,0
1278,1,0,0,0,0
1279,1,0,0,0,0
1280,1,0,0,0,0
1281,1,0,0,0,0
1282,1,0,0,0,0
1283,1,0,0,0,0
1284,1,0,0,0,0
1285,1,0,0,0,0
1286,1,0,0,0,0
1287,0,1,0,0,0
1288,0,1,0,0,0
1289,0,1,0,0,0
1290,0,1,0,0,0
1291,0,1,0,0,0
1292,0,1,0,0,0
1293,0,1,0,0,0
1294,0,1,0,0,0
1295,0,1,0,0,0
1296,0,1,0,0,0
1297,0,1,0,0,0
1298,0,1,0,0,0
1299,0,1,0,0,0
1300,0,1,0,0,0
1301,0,1,0,0,0
1302,0,1,0,0,0
1303,0,1,0,0,0
1304,0,0,0,1,0
1305,0,0,0,1,0
1306,0,0,0,1,0
1307,0,0,0,1,0
1308,0,0,0,1,0
1309,0,0,0,1,0
1310,0,0,0,1,0
1311,0,0,0,1,0
1312,0,0,0,1,0
1313,1,0,0,0,0
1314,1,0,0,0,0
1315,1,0,0,0,0
1316,1,0,0,0,0
1317,1,0,0,0,0
1318,1,0,0,0,0
1319,1,0,0,0,0
1320,1,0,0,0,0
1321,1,0,0,0,0
1322,1,0,0,0,0
1323,1,0,0,0,0
1324,1,0,0,0,0
1325,1,0,0,0,0
1326,1,0,0,0,0
1327,1,0,0,0,0
1328,1,0,0,0,0
1329,1,0,0,0,0
1330,1,0,0,0,0
1331,1,0,0,0,0
1332,1,0,0,0,0
1333,1,0,0,0,0
1334,1,0,0,0,0
1335,1,0,0,0,0
1336,1,0,0,0,0
1337,1,0,0,0,0
1338,1,0,0,0,0
1339,1,0,0,0,0
1340,1,0,0,0,0
1341,1,0,0,0,0
1342,1,0,0,0,0
1343,1,0,0,0,0
1344,1,0,0,0,0
1345,1,0,0,0,0
1346,1,0,0,0,0
1347,1,0,0,0,0
1348,1,0,0,0,0
1349,1,0,0,0,0
1350,1,0,0,0,0
1351,1,0,0,0,0
1352,1,0,0,0,0
1353,1,0,0,0,0
1354,1,0,0,0,0
1355,1,0,0,0,0
1356,1,0,0,0,0
1357,1,0,0,0,0
1358,1,0,0,0,0
1359,1,0,0,0,0
1360,1,0,0,0,0
1361,1,0,0,0,0
1362,1,0,0,0,0
1363,0,1,0,0,0
1364,0,1,0,0,0
1365,0,1,0,0,0
1366,0,1,0,0,0
1367,0,1,0,0,0
1368,0,1,0,0,0
1369,0,1,0,0,0
1370,0,1,0,0,0
1371,0,1,0,0,0
1372,0,1,0,0,0
1373,0,1,0,0,0
1374,0,1,0,0,0
1375,0,1,0,0,0
1376,0,1,0,0,0
1377,0,1,0,0,0
1378,0,1,0,0,0
1379,0,1,0,0,0
1380,0,1,0,0,0
1381,0,1,0,0,0
1382,0,1,0,0,0
1383,0,1,0,0,0
1384,0,1,0,0,0
1385,0,1,0,0,0
1386,0,1,0,0,0
1387,1,0,0,0,0
1388,1,0,0,0,0
1389,1,0,0,0,0
1390,1,0,0,0,0
1391,1,0,0,0,0
1392,1,0,0,0,0
1393,1,0,0,0,0
1394,1,0,0,0,0
1395,1,0,0,0,0
1396,1,0,0,0,0
1397,1,0,0,0,0
1398,1,0,0,0,0
1399,1,0,0,0,0
1400,1,0,0,0,0
1401,1,0,0,0,0
1402,1,0,0,0,0
1403,1,0,0,0,0
1404,1,0,0,0,0
1405,1,0,0,0,0
1406,1,0,0,0,0
1407,1,0,0,0,0
1408,1,0,0,0,0
1409,1,0,0,0,0
1410,1,0,0,0,0
1411,1,0,0,0,0
1412,1,0,0,0,0
1413,1,0,0,0,0
1414,1,0,0,0,0
1415,1,0,0,0,0
1416,1,0,0,0,0
1417,1,0,0,0,0
1418,1,0,0,0,0
1419,1,0,0,0,0
1420,1,0,0,0,0
1421,1,0,0,0,0
1422,1,0,0,0,0
1423,1,0,0,0,0
1424,1,0,0,0,0
1425,1,0,0,0,0
1426,1,0,0,0,0
1427,1,0,0,0,0
1428,1,0,0,0,0
1429,1,0,0,0,0
1430,1,0,0,0,0
1431,1,0,0,0,0
1432,1,0,0,0,0
1433,1,0,0,0,0
1434,1,0,0,0,0
1435,1,0,0,0,0
1436,1,0,0,0,0
1437,1,0,0,0,0
1438,1,0,0,0,0
1439,1,0,0,0,0
1440,1,0,0,0,0
1441,1,0,0,0,0
1442,1,0,0,0,0
1443,1,0,0,0,0
1444,1,0,0,0,0
1445,1,0,0,0,0
1446,1,0,0,0,0
1447,1,0,0,0,0
1448,1,0,0,0,0
1449,1,0,0,0,0
1450,1,0,0,0,0
1451,1,0,0,0,0
1452,1,0,0,0,0
1453,1,0,0,0,0
1454,1,0,0,0,0
1455,1,0,0,0,0
1456,1,0,0,0,0
1457,1,0,0,0,0
1458,1,0,0,0,0
1459,1,0,0,0,0
1460,1,0,0,0,0
1461,1,0,0,0,0
1462,1,0,0,0,0
1463,1,0,0,0,0
1464,1,0,0,0,0
1465,1,0,0,0,0
1466,1,0,0,0,0
1467,1,0,0,0,0
1468,1,0,0,0,0
1469,1,0,0,0,0
1470,1,0,0,0,0
1471,1,0,0,0,0
1472,1,0,0,0,0
1473,1,0,0,0,0
1474,1,0,0,0,0
1475,1,0,0,0,0
1476,1,0,0,0,0
1477,1,0,0,0,0
1478,1,0,0,0,0
1479,1,0,0,0,0
1480,1,0,0,0,0
1481,1,0,0,0,0
1482,1,0,0,0,0
1483,1,0,0,0,0
1484,1,0,0,0,0
1485,1,0,0,0,0
1486,1,0,0,0,0
1487,1,0,0,0,0
1488,1,0,0,0,0
1489,1,0,0,0,0
1490,1,0,0,0,0
1491,1,0,0,0,0
1492,1,0,0,0,0
1493,1,0,0,0,0
1494,1,0,0,0,0
1495,1,0,0,0,0
1496,1,0,0,0,0
1497,1,0,0,0,0
1498,1,0,0,0,0
1499,1,0,0,0,0
1500,1,0,0,0,0
1501,1,0,0,0,0
1502,1,0,0,0,0
1503,1,0,0,0,0
1504,1,0,0,0,0
1505,1,0,0,0,0
1506,1,0,0,0,0
1507,1,0,0,0,0
1508,1,0,0,0,0
1509,1,0,0,0,0
1510,1,0,0,0,0
1511,1,0,0,0,0
1512,1,0,0,0,0
1513,1,0,0,0,0
1514,1,0,0,0,0
1515,1,0,0,0,0
1516,1,0,0,0,0
1517,1,0,0,0,0
1518,1,0,0,0,0
1519,1,0,0,0,0
1520,1,0,0,0,0
1521,1,0,0,0,0
1522,1,0,0,0,0
1523,1,0,0,0,0
1524,1,0,0,0,0
1525,1,0,0,0,0
1526,1,0,0,0,0
1527,1,0,0,0,0
1528,1,0,0,0,0
1529,1,0,0,0,0
1530,1,0,0,0,0
1531,1,0,0,0,0
1532,1,0,0,0,0
1533,1,0,0,0,0
1534,1,0,0,0,0
1535,1,0,0,0,0
1536,1,0,0,0,0
1537,1,0,0,0,0
1538,1,0,0,0,0
1539,1,0,0,0,0
1540,1,0,0,0,0
1541,1,0,0,0,0
1542,1,0,0,0,0
1543,1,0,0,0,0
1544,1,0,0,0,0
1545,1,0,0,0,0
1546,1,0,0,0,0
1547,1,0,0,0,0
1548,1,0,0,0,0
1549,1,0,0,0,0
1550,1,0,0,0,0
1551,1,0,0,0,0
1552,1,0,0,0,0
1553,1,0,0,0,0
1554,1,0,0,0,0
1555,1,0,0,0,0
1556,1,0,0,0,0
1557,1,0,0,0,0
1558,1,0,0,0,0
1559,1,0,0,0,0
1560,1,0,0,0,0
1561,1,0,0,0,0
1562,1,0,0,0,0
1563,1,0,0,0,0
1564,1,0,0,0,0
1565,1,0,0,0,0
1566,1,0,0,0,0
1567,1,0,0,0,0
1568,1,0,0,0,0
1569,1,0,0,0,0
1570,1,0,0,0,0
1571,1,0,0,0,0
1572,1,0,0,0,0
1573,1,0,0,0,0
1574,1,0,0,0,0
1575,1,0,0,0,0
1576,1,0,0,0,0
1577,1,0,0,0,0
1578,1,0,0,0,0
1579,1,0,0,0,0
1580,1,0,0,0,0
1581,1,0,0,0,0
1582,1,0,0,0,0
1583,1,0,0,0,0
1584,1,0,0,0,0
1585,1,0,0,0,0
1586,1,0,0,0,0
1587,1,0,0,0,0
1588,1,0,0,0,0
1589,1,0,0,0,0
1590,1,0,0,0,0
1591,1,0,0,0,0
1592,1,0,0,0,0
1593,1,0,0,0,0
1594,1,0,0,0,0
1595,1,0,0,0,0
1596,1,0,0,0,0
1597,1,0,0,0,0
1598,1,0,0,0,0
1599,1,0,0,0,0
1600,1,0,0,0,0
1601,1,0,0,0,0
1602,1,0,0,0,0
1603,1,0,0,0,0
1604,1,0,0,0,0
1605,1,0,0,0,0
1606,1,0,0,0,0
1607,1,0,0,0,0
1608,1,0,0,0,0
1609,1,0,0,0,0
1610,1,0,0,0,0
1611,1,0,0,0,0
1612,1,0,0,0,0
1613,1,0,0,0,0
1614,1,0,0,0,0
1615,1,0,0,0,0
1616,1,0,0,0,0
1617,1,0,0,0,0
1618,1,0,0,0,0
1619,1,0,0,0,0
1620,1,0,0,0,0
1621,1,0,0,0,0
1622,1,0,0,0,0
1623,1,0,0,0,0
1624,1,0,0,0,0
1625,1,0,0,0,0
1626,1,0,0,0,0
1627,1,0,0,0,0
1628,1,0,0,0,0
1629,1,0,0,0,0
1630,1,0,0,0,0
1631,1,0,0,0,0
1632,1,0,0,0,0
1633,1,0,0,0,0
1634,1,0,0,0,0
1635,1,0,0,0,0
1636,1,0,0,0,0
1637,1,0,0,0,0
1638,1,0,0,0,0
1639,1,0,0,0,0
1640,1,0,0,0,0
1641,1,0,0,0,0
1642,1,0,0,0,0
1643,1,0,0,0,0
1644,1,0,0,0,0
1645,1,0,0,0,0
1646,1,0,0,0,0
1647,1,0,0,0,0
1648,1,0,0,0,0
1649,1,0,0,0,0
1650,1,0,0,0,0
1651,1,0,0,0,0
1652,1,0,0,0,0
1653,1,0,0,0,0
1654,1,0,0,0,0
1655,1,0,0,0,0
1656,1,0,0,0,0
1657,1,0,0,0,0
1658,1,0,0,0,0
1659,1,0,0,0,0
1660,1,0,0,0,0
1661,1,0,0,0,0
1662,1,0,0,0,0
1663,1,0,0,0,0
1664,1,0,0,0,0
1665,1,0,0,0,0
1666,1,0,0,0,0
1667,1,0,0,0,0
1668,1,0,0,0,0
1669,1,0,0,0,0
1670,1,0,0,0,0
1671,1,0,0,0,0
1672,1,0,0,0,0
1673,1,0,0,0,0
1674,1,0,0,0,0
1675,1,0,0,0,0
1676,1,0,0,0,0
1677,1,0,0,0,0
1678,1,0,0,0,0
1679,1,0,0,0,0
1680,1,0,0,0,0
1681,1,0,0,0,0
1682,1,0,0,0,0
1683,1,0,0,0,0
1684,1,0,0,0,0
1685,1,0,0,0,0
1686,1,0,0,0,0
1687,1,0,0,0,0
1688,1,0,0,0,0
1689,1,0,0,0,0
1690,1,0,0,0,0
1691,1,0,0,0,0
1692,1,0,0,0,0
1693,1,0,0,0,0
1694,1,0,0,0,0
1695,1,0,0,0,0
1696,1,0,0,0,0
1697,1,0,0,0,0
1698,1,0,0,0,0
1699,1,0,0,0,0
1700,1,0,0,0,0
1701,1,0,0,0,0
1702,1,0,0,0,0
1703,1,0,0,0,0
1704,1,0,0,0,0
1705,1,0,0,0,0
1706,1,0,0,0,0
1707,1,0,0,0,0
1708,1,0,0,0,0
1709,1,0,0,0,0
1710,1,0,0,0,0
1711,1,0,0,0,0
1712,1,0,0,0,0
1713,1,0,0,0,0
1714,0,1,0,0,0
1715,0,1,0,0,0
1716,0,1,0,0,0
1717,0,1,0,0,0
1718,0,1,0,0,0
1719,0,1,0,0,0
1720,0,1,0,0,0
1721,0,1,0,0,0
1722,0,1,0,0,0
1723,0,1,0,0,0
1724,0,1,0,0,0
1725,0,1,0,0,0
1726,0,1,0,0,0
1727,0,1,0,0,0
1728,0,1,0,0,0
1729,0,1,0,0,0
1730,0,1,0,0,0
1731,0,1,0,0,0
1732,0,1,0,0,0
1733,0,1,0,0,0
1734,0,1,0,0,0
1735,0,1,0,0,0
1736,0,1,0,0,0
1737,0,1,0,0,0
1738,0,1,0,0,0
1739,0,1,0,0,0
1740,0,1,0,0,0
1741,0,1,0,0,0
1742,0,1,0,0,0
1743,0,1,0,0,0
1744,1,0,0,0,0
1745,1,0,0,0,0
1746,1,0,0,0,0
1747,1,0,0,0,0
1748,1,0,0,0,0
1749,1,0,0,0,0
1750,1,0,0,0,0
1751,1,0,0,0,0
1752,1,0,0,0,0
1753,1,0,0,0,0
1754,1,0,0,0,0
1755,1,0,0,0,0
1756,1,0,0,0,0
1757,1,0,0,0,0
1758,1,0,0,0,0
1759,1,0,0,0,0
1760,1,0,0,0,0
1761,1,0,0,0,0
1762,1,0,0,0,0
1763,1,0,0,0,0
1764,1,0,0,0,0
1765,1,0,0,0,0
1766,1,0,0,0,0
1767,1,0,0,0,0
1768,1,0,0,0,0
1769,1,0,0,0,0
1770,1,0,0,0,0
1771,1,0,0,0,0
1772,1,0,0,0,0
1773,1,0,0,0,0
1774,1,0,0,0,0
1775,1,0,0,0,0
1776,1,0,0,0,0
1777,1,0,0,0,0
1778,1,0,0,0,0
1779,1,0,0,0,0
1780,1,0,0,0,0
1781,1,0,0,0,0
1782,1,0,0,0,0
1783,1,0,0,0,0
1784,1,0,0,0,0
1785,1,0,0,0,0
1786,1,0,0,0,0
1787,1,0,0,0,0
1788,1,0,0,0,0
1789,1,0,0,0,0
1790,1,0,0,0,0
1791,1,0,0,0,0
1792,1,0,0,0,0
1793,1,0,0,0,0
1794,1,0,0,0,0
1795,1,0,0,0,0
1796,1,0,0,0,0
1797,1,0,0,0,0
1798,1,0,0,0,0
1799,1,0,0,0,0
1800,1,0,0,0,0
1801,1,0,0,0,0
1802,1,0,0,0,0
1803,1,0,0,0,0
1804,1,0,0,0,0
1805,1,0,0,0,0
1806,1,0,0,0,0
1807,1,0,0,0,0
1808,1,0,0,0,0
1809,1,0,0,0,0
1810,1,0,0,0,0
1811,1,0,0,0,0
1812,1,0,0,0,0
1813,1,0,0,0,0
1814,1,0,0,0,0
1815,1,0,0,0,0
1816,1,0,0,0,0
1817,1,0,0,0,0
1818,1,0,0,0,0
1819,1,0,0,0,0
1820,1,0,0,0,0
1821,1,0,0,0,0
1822,1,0,0,0,0
1823,1,0,0,0,0
1824,1,0,0,0,0
1825,1,0,0,0,0
1826,1,0,0,0,0
1827,1,0,0,0,0
1828,1,0,0,0,0
1829,1,0,0,0,0
1830,1,0,0,0,0
1831,1,0,0,0,0
1832,1,0,0,0,0
1833,1,0,0,0,0
1834,1,0,0,0,0
1835,1,0,0,0,0
1836,1,0,0,0,0
1837,1,0,0,0,0
1838,1,0,0,0,0
1839,1,0,0,0,0
1840,1,0,0,0,0
1841,1,0,0,0,0
1842,1,0,0,0,0
1843,1,0,0,0,0
1844,1,0,0,0,0
1845,1,0,0,0,0
1846,1,0,0,0,0
1847,1,0,0,0,0
1848,1,0,0,0,0
1849,0,1,0,0,0
1850,0,1,0,0,0
1851,0,1,0,0,0
1852,0,1,0,0,0
1853,0,1,0,0,0
1854,0,1,0,0,0
1855,0,1,0,0,0
1856,0,1,0,0,0
1857,0,1,0,0,0
1858,0,1,0,0,0
1859,0,1,0,0,0
1860,0,1,0,0,0
1861,0,1,0,0,0
1862,0,1,0,0,0
1863,0,1,0,0,0
1864,0,1,0,0,0
1865,0,1,0,0,0
1866,0,1,0,0,0
1867,0,1,0,0,0
1868,0,1,0,0,0
1869,0,1,0,0,0
1870,0,1,0,0,0
1871,0,1,0,0,0
1872,0,1,0,0,0
1873,0,1,0,0,0
1874,0,1,0,0,0
1875,1,0,0,0,0
1876,1,0,0,0,0
1877,1,0,0,0,0
1878,1,0,0,0,0
1879,1,0,0,0,0
1880,1,0,0,0,0
1881,1,0,0,0,0
1882,1,0,0,0,0
1883,1,0,0,0,0
1884,1,0,0,0,0
1885,1,0,0,0,0
1886,1,0,0,0,0
1887,1,0,0,0,0
1888,1,0,0,0,0
1889,1,0,0,0,0
1890,1,0,0,0,0
1891,1,0,0,0,0
1892,1,0,0,0,0
1893,1,0,0,0,0
1894,1,0,0,0,0
1895,1,0,0,0,0
1896,1,0,0,0,0
1897,1,0,0,0,0
1898,1,0,0,0,0
1899,1,0,0,0,0
1900,1,0,0,0,0
1901,1,0,0,0,0
1902,1,0,0,0,0
1903,1,0,0,0,0
1904,1,0,0,0,0
1905,1,0,0,0,0
1906,1,0,0,0,0
1907,1,0,0,0,0
1908,1,0,0,0,0
1909,1,0,0,0,0
1910,1,0,0,0,0
1911,1,0,0,0,0
1912,1,0,0,0,0
1913,1,0,0,0,0
1914,1,0,0,0,0
1915,1,0,0,0,0
1916,1,0,0,0,0
1917,1,0,0,0,0
1918,1,0,0,0,0
1919,1,0,0,0,0
1920,1,0,0,0,0
1921,1,0,0,0,0
1922,1,0,0,0,0
1923,1,0,0,0,0
1924,1,0,0,0,0
1925,1,0,0,0,0
1926,1,0,0,0,0
1927,1,0,0,0,0
1928,1,0,0,0,0
1929,1,0,0,0,0
1930,1,0,0,0,0
1931,1,0,0,0,0
1932,1,0,0,0,0
1933,1,0,0,0,0
1934,1,0,0,0,0
1935,1,0,0,0,0
1936,1,0,0,0,0
1937,1,0,0,0,0
1938,1,0,0,0,0
1939,1,0,0,0,0
1940,1,0,0,0,0
1941,1,0,0,0,0
1942,1,0,0,0,0
1943,1,0,0,0,0
1944,1,0,0,0,0
1945,1,0,0,0,0
1946,1,0,0,0,0
1947,1,0,0,0,0
1948,1,0,0,0,0
1949,1,0,0,0,0
1950,1,0,0,0,0
1951,1,0,0,0,0
1952,1,0,0,0,0
1953,1,0,0,0,0
1954,1,0,0,0,0
1955,1,0,0,0,0
1956,1,0,0,0,0
1957,1,0,0,0,0
1958,1,0,0,0,0
1959,1,0,0,0,0
1960,1,0,0,0,0
1961,1,0,0,0,0
1962,1,0,0,0,0
1963,1,0,0,0,0
1964,1,0,0,0,0
1965,1,0,0,0,0
1966,1,0,0,0,0
1967,1,0,0,0,0
1968,1,0,0,0,0
1969,1,0,0,0,0
1970,1,0,0,0,0
1971,1,0,0,0,0
1972,1,0,0,0,0
1973,1,0,0,0,0
1974,1,0,0,0,0
1975,1,0,0,0,0
1976,1,0,0,0,0
1977,1,0,0,0,0
1978,1,0,0,0,0
1979,1,0,0,0,0
1980,1,0,0,0,0
1981,1,0,0,0,0
1982,1,0,0,0,0
1983,1,0,0,0,0
1984,1,0,0,0,0
1985,1,0,0,0,0
1986,1,0,0,0,0
1987,1,0,0,0,0
1988,1,0,0,0,0
1989,1,0,0,0,0
1990,1,0,0,0,0
1991,1,0,0,0,0
1992,1,0,0,0,0
1993,1,0,0,0,0
1994,1,0,0,0,0
1995,1,0,0,0,0
1996,1,0,0,0,0
1997,1,0,0,0,0
1998,1,0,0,0,0
1999,1,0,0,0,0
2000,1,0,0,0,0
2001,1,0,0,0,0
2002,1,0,0,0,0
2003,1,0,0,0,0
2004,1,0,0,0,0
2005,1,0,0,0,0
2006,1,0,0,0,0
2007,1,0,0,0,0
2008,1,0,0,0,0
2009,1,0,0,0,0
2010,1,0,0,0,0
2011,1,0,0,0,0
2012,1,0,0,0,0
2013,1,0,0,0,0
2014,1,0,0,0,0
2015,1,0,0,0,0
2016,1,0,0,0,0
2017,1,0,0,0,0
2018,1,0,0,0,0
2019,1,0,0,0,0
2020,1,0,0,0,0
2021,1,0,0,0,0
2022,1,0,0,0,0
2023,1,0,0,0,0
2024,1,0,0,0,0
2025,1,0,0,0,0
2026,1,0,0,0,0
2027,1,0,0,0,0
2028,1,0,0,0,0
2029,1,0,0,0,0
2030,1,0,0,0,0
2031,1,0,0,0,0
2032,1,0,0,0,0
2033,1,0,0,0,0
2034,1,0,0,0,0
2035,1,0,0,0,0
2036,1,0,0,0,0
2037,1,0,0,0,0
2038,1,0,0,0,0
2039,1,0,0,0,0
2040,1,0,0,0,0
2041,1,0,0,0,0
2042,1,0,0,0,0
2043,1,0,0,0,0
2044,1,0,0,0,0
2045,1,0,0,0,0
2046,1,0,0,0,0
2047,1,0,0,0,0
2048,1,0,0,0,0
2049,1,0,0,0,0
2050,1,0,0,0,0
2051,1,0,0,0,0
2052,1,0,0,0,0
2053,1,0,0,0,0
2054,1,0,0,0,0
2055,1,0,0,0,0
2056,1,0,0,0,0
2057,1,0,0,0,0
2058,1,0,0,0,0
2059,1,0,0,0,0
2060,1,0,0,0,0
2061,1,0,0,0,0
2062,1,0,0,0,0
2063,1,0,0,0,0
2064,1,0,0,0,0
2065,1,0,0,0,0
2066,1,0,0,0,0
2067,1,0,0,0,0
2068,1,0,0,0,0
2069,1,0,0,0,0
2070,1,0,0,0,0
2071,1,0,0,0,0
2072,1,0,0,0,0
2073,1,0,0,0,0
2074,1,0,0,0,0
2075,1,0,0,0,0
2076,1,0,0,0,0
2077,1,0,0,0,0
2078,1,0,0,0,0
2079,1,0,0,0,0
2080,1,0,0,0,0
2081,1,0,0,0,0
2082,1,0,0,0,0
2083,1,0,0,0,0
2084,1,0,0,0,0
2085,1,0,0,0,0
2086,1,0,0,0,0
2087,1,0,0,0,0
2088,1,0,0,0,0
2089,1,0,0,0,0
2090,1,0,0,0,0
2091,1,0,0,0,0
2092,1,0,0,0,0
2093,1,0,0,0,0
2094,1,0,0,0,0
2095,1,0,0,0,0
2096,1,0,0,0,0
2097,1,0,0,0,0
2098,1,0,0,0,0
2099,1,0,0,0,0
2100,1,0,0,0,0
2101,1,0,0,0,0
2102,1,0,0,0,0
2103,1,0,0,0,0
2104,1,0,0,0,0
2105,1,0,0,0,0
2106,1,0,0,0,0
2107,1,0,0,0,0
2108,1,0,0,0,0
2109,1,0,0,0,0
2110,1,0,0,0,0
2111,1,0,0,0,0
2112,1,0,0,0,0
2113,1,0,0,0,0
2114,1,0,0,0,0
2115,1,0,0,0,0
2116,1,0,0,0,0
2117,1,0,0,0,0
2118,1,0,0,0,0
2119,1,0,0,0,0
2120,1,0,0,0,0
2121,1,0,0,0,0
2122,1,0,0,0,0
2123,1,0,0,0,0
2124,1,0,0,0,0
2125,1,0,0,0,0
2126,1,0,0,0,0
2127,1,0,0,0,0
2128,1,0,0,0,0
2129,1,0,0,0,0
2130,1,0,0,0,0
2131,1,0,0,0,0
2132,1,0,0,0,0
2133,1,0,0,0,0
2134,1,0,0,0,0
2135,1,0,0,0,0
2136,1,0,0,0,0
2137,1,0,0,0,0
2138,1,0,0,0,0
2139,1,0,0,0,0
2140,1,0,0,0,0
2141,1,0,0,0,0
2142,1,0,0,0,0
2143,1,0,0,0,0
2144,1,0,0,0,0
2145,1,0,0,0,0
2146,1,0,0,0,0
2147,1,0,0,0,0
2148,1,0,0,0,0
2149,1,0,0,0,0
2150,1,0,0,0,0
2151,1,0,0,0,0
2152,1,0,0,0,0
2153,1,0,0,0,0
2154,1,0,0,0,0
2155,1,0,0,0,0
2156,1,0,0,0,0
2157,1,0,0,0,0
2158,1,0,0,0,0
2159,1,0,0,0,0
2160,1,0,0,0,0
2161,1,0,0,0,0
2162,1,0,0,0,0
2163,1,0,0,0,0
2164,1,0,0,0,0
2165,1,0,0,0,0
2166,1,0,0,0,0
2167,1,0,0,0,0
2168,1,0,0,0,0
2169,1,0,0,0,0
2170,1,0,0,0,0
2171,1,0,0,0,0
2172,1,0,0,0,0
2173,1,0,0,0,0
2174,1,0,0,0,0
2175,1,0,0,0,0
2176,1,0,0,0,0
2177,1,0,0,0,0
2178,1,0,0,0,0
2179,1,0,0,0,0
2180,1,0,0,0,0
2181,1,0,0,0,0
2182,1,0,0,0,0
2183,1,0,0,0,0
2184,1,0,0,0,0
2185,1,0,0,0,0
2186,1,0,0,0,0
2187,1,0,0,0,0
2188,1,0,0,0,0
2189,1,0,0,0,0
2190,1,0,0,0,0
2191,1,0,0,0,0
2192,1,0,0,0,0
2193,1,0,0,0,0
2194,1,0,0,0,0
2195,1,0,0,0,0
2196,1,0,0,0,0
2197,1,0,0,0,0
2198,1,0,0,0,0
2199,1,0,0,0,0
2200,1,0,0,0,0
2201,1,0,0,0,0
2202,1,0,0,0,0
2203,1,0,0,0,0
2204,1,0,0,0,0
2205,1,0,0,0,0
2206,1,0,0,0,0
2207,1,0,0,0,0
2208,1,0,0,0,0
2209,1,0,0,0,0
2210,1,0,0,0,0
2211,1,0,0,0,0
2212,1,0,0,0,0
2213,1,0,0,0,0
2214,1,0,0,0,0
2215,1,0,0,0,0
2216,1,0,0,0,0
2217,1,0,0,0,0
2218,1,0,0,0,0
2219,1,0,0,0,0
2220,1,0,0,0,0
2221,1,0,0,0,0
2222,1,0,0,0,0
2223,1,0,0,0,0
2224,1,0,0,0,0
2225,1,0,0,0,0
2226,1,0,0,0,0
2227,1,0,0,0,0
2228,1,0,0,0,0
2229,1,0,0,0,0
2230,1,0,0,0,0
2231,1,0,0,0,0
2232,1,0,0,0,0
2233,1,0,0,0,0
2234,1,0,0,0,0
2235,1,0,0,0,0
2236,1,0,0,0,0
2237,1,0,0,0,0
2238,1,0,0,0,0
2239,1,0,0,0,0
2240,1,0,0,0,0
2241,1,0,0,0,0
2242,1,0,0,0,0
2243,1,0,0,0,0
2244,1,0,0,0,0
2245,1,0,0,0,0
2246,1,0,0,0,0
2247,1,0,0,0,0
2248,1,0,0,0,0
2249,1,0,0,0,0
2250,1,0,0,0,0
2251,1,0,0,0,0
2252,1,0,0,0,0
2253,1,0,0,0,0
2254,1,0,0,0,0
2255,1,0,0,0,0
2256,1,0,0,0,0
2257,1,0,0,0,0
2258,1,0,0,0,0
2259,1,0,0,0,0
2260,1,0,0,0,0
2261,1,0,0,0,0
2262,1,0,0,0,0
2263,1,0,0,0,0
2264,1,0,0,0,0
2265,1,0,0,0,0
2266,1,0,0,0,0
2267,1,0,0,0,0
2268,1,0,0,0,0
2269,1,0,0,0,0
2270,1,0,0,0,0
2271,1,0,0,0,0
2272,1,0,0,0,0
2273,1,0,0,0,0
2274,1,0,0,0,0
2275,1,0,0,0,0
2276,1,0,0,0,0
2277,1,0,0,0,0
2278,1,0,0,0,0
2279,1,0,0,0,0
2280,1,0,0,0,0
2281,1,0,0,0,0
2282,1,0,0,0,0
2283,1,0,0,0,0
2284,1,0,0,0,0
2285,1,0,0,0,0
2286,1,0,0,0,0
2287,1,0,0,0,0
2288,1,0,0,0,0
2289,1,0,0,0,0
2290,1,0,0,0,0
2291,1,0,0,0,0
2292,1,0,0,0,0
2293,1,0,0,0,0
2294,1,0,0,0,0
2295,1,0,0,0,0
2296,1,0,0,0,0
2297,1,0,0,0,0
2298,1,0,0,0,0
2299,1,0,0,0,0
2300,1,0,0,0,0
2301,1,0,0,0,0
2302,1,0,0,0,0
2303,1,0,0,0,0
2304,1,0,0,0,0
2305,1,0,0,0,0
2306,1,0,0,0,0
2307,1,0,0,0,0
2308,1,0,0,0,0
2309,1,0,0,0,0
2310,1,0,0,0,0
2311,1,0,0,0,0
2312,1,0,0,0,0
2313,1,0,0,0,0
2314,1,0,0,0,0
2315,1,0,0,0,0
2316,1,0,0,0,0
2317,1,0,0,0,0
2318,1,0,0,0,0
2319,1,0,0,0,0
2320,1,0,0,0,0
2321,1,0,0,0,0
2322,1,0,0,0,0
2323,1,0,0,0,0
2324,1,0,0,0,0
2325,1,0,0,0,0
2326,1,0,0,0,0
2327,1,0,0,0,0
2328,1,0,0,0,0
2329,1,0,0,0,0
2330,1,0,0,0,0
2331,1,0,0,0,0
2332,1,0,0,0,0
2333,1,0,0,0,0
2334,1,0,0,0,0
2335,1,0,0,0,0
2336,1,0,0,0,0
2337,1,0,0,0,0
2338,1,0,0,0,0
2339,1,0,0,0,0
2340,1,0,0,0,0
2341,1,0,0,0,0
2342,1,0,0,0,0
2343,1,0,0,0,0
2344,1,0,0,0,0
2345,1,0,0,0,0
2346,1,0,0,0,0
2347,1,0,0,0,0
2348,1,0,0,0,0
2349,1,0,0,0,0
2350,1,0,0,0,0
2351,1,0,0,0,0
2352,1,0,0,0,0
2353,1,0,0,0,0
2354,1,0,0,0,0
2355,1,0,0,0,0
2356,1,0,0,0,0
2357,1,0,0,0,0
2358,1,0,0,0,0
2359,1,0,0,0,0
2360,1,0,0,0,0
2361,1,0,0,0,0
2362,1,0,0,0,0
2363,1,0,0,0,0
2364,1,0,0,0,0
2365,1,0,0,0,0
2366,1,0,0,0,0
2367,1,0,0,0,0
2368,1,0,0,0,0
2369,1,0,0,0,0
2370,1,0,0,0,0
2371,1,0,0,0,0
2372,1,0,0,0,0
2373,1,0,0,0,0
2374,1,0,0,0,0
2375,1,0,0,0,0
2376,1,0,0,0,0
2377,1,0,0,0,0
2378,1,0,0,0,0
2379,1,0,0,0,0
2380,1,0,0,0,0
2381,1,0,0,0,0
2382,1,0,0,0,0
2383,1,0,0,0,0
2384,1,0,0,0,0
2385,1,0,0,0,0
2386,1,0,0,0,0
2387,1,0,0,0,0
2388,1,0,0,0,0
2389,1,0,0,0,0
2390,1,0,0,0,0
2391,1,0,0,0,0
2392,1,0,0,0,0
2393,1,0,0,0,0
2394,1,0,0,0,0
2395,1,0,0,0,0
2396,1,0,0,0,0
2397,1,0,0,0,0
2398,1,0,0,0,0
2399,1,0,0,0,0
2400,1,0,0,0,0
2401,1,0,0,0,0
2402,1,0,0,0,0
2403,1,0,0,0,0
2404,1,0,0,0,0
2405,1,0,0,0,0
2406,1,0,0,0,0
2407,1,0,0,0,0
2408,1,0,0,0,0
2409,1,0,0,0,0
2410,1,0,0,0,0
2411,1,0,0,0,0
2412,1,0,0,0,0
2413,1,0,0,0,0
2414,1,0,0,0,0
2415,1,0,0,0,0
2416,1,0,0,0,0
2417,1,0,0,0,0
2418,1,0,0,0,0
2419,1,0,0,0,0
2420,1,0,0,0,0
2421,1,0,0,0,0
2422,1,0,0,0,0
2423,1,0,0,0,0
2424,1,0,0,0,0
2425,1,0,0,0,0
2426,1,0,0,0,0
2427,1,0,0,0,0
2428,1,0,0,0,0
2429,1,0,0,0,0
2430,1,0,0,0,0
2431,1,0,0,0,0
2432,1,0,0,0,0
2433,1,0,0,0,0
2434,1,0,0,0,0
2435,1,0,0,0,0
2436,1,0,0,0,0
2437,1,0,0,0,0
2438,1,0,0,0,0
2439,1,0,0,0,0
2440,1,0,0,0,0
2441,1,0,0,0,0
2442,1,0,0,0,0
2443,1,0,0,0,0
2444,1,0,0,0,0
2445,1,0,0,0,0
2446,1,0,0,0,0
2447,1,0,0,0,0
2448,1,0,0,0,0
2449,1,0,0,0,0
2450,1,0,0,0,0
2451,1,0,0,0,0
2452,1,0,0,0,0
2453,1,0,0,0,0
2454,1,0,0,0,0
2455,1,0,0,0,0
2456,1,0,0,0,0
2457,1,0,0,0,0
2458,1,0,0,0,0
2459,1,0,0,0,0
2460,1,0,0,0,0
2461,1,0,0,0,0
2462,1,0,0,0,0
2463,1,0,0,0,0
2464,1,0,0,0,0
2465,1,0,0,0,0
2466,1,0,0,0,0
2467,1,0,0,0,0
2468,1,0,0,0,0
2469,1,0,0,0,0
2470,1,0,0,0,0
2471,1,0,0,0,0
2472,1,0,0,0,0
2473,1,0,0,0,0
2474,1,0,0,0,0
2475,1,0,0,0,0
2476,1,0,0,0,0
2477,1,0,0,0,0
2478,1,0,0,0,0
2479,1,0,0,0,0
2480,1,0,0,0,0
2481,1,0,0,0,0
2482,1,0,0,0,0
2483,1,0,0,0,0
2484,1,0,0,0,0
2485,0,1,0,0,0
2486,0,1,0,0,0
2487,0,1,0,0,0
2488,0,1,0,0,0
2489,0,1,0,0,0
2490,0,1,0,0,0
2491,0,1,0,0,0
2492,0,1,0,0,0
2493,0,1,0,0,0
2494,0,1,0,0,0
2495,0,1,0,0,0
2496,0,1,0,0,0
2497,0,1,0,0,0
2498,0,1,0,0,0
2499,0,1,0,0,0
2500,0,1,0,0,0
2501,0,1,0,0,0
2502,0,1,0,0,0
2503,0,1,0,0,0
2504,0,1,0,0,0
2505,0,1,0,0,0
2506,0,1,0,0,0
2507,0,1,0,0,0
2508,0,1,0,0,0
2509,0,1,0,0,0
2510,0,1,0,0,0
2511,0,1,0,0,0
2512,0,1,0,0,0
2513,0,1,0,0,0
2514,0,1,0,0,0
2515,0,1,0,0,0
2516,0,1,0,0,0
2517,1,0,0,0,0
2518,1,0,0,0,0
2519,1,0,0,0,0
2520,1,0,0,0,0
2521,1,0,0,0,0
2522,1,0,0,0,0
2523,1,0,0,0,0
2524,1,0,0,0,0
2525,1,0,0,0,0
2526,1,0,0,0,0
2527,1,0,0,0,0
2528,1,0,0,0,0
2529,1,0,0,0,0
2530,1,0,0,0,0
2531,1,0,0,0,0
2532,1,0,0,0,0
2533,1,0,0,0,0
2534,1,0,0,0,0
2535,1,0,0,0,0
2536,1,0,0,0,0
2537,1,0,0,0,0
2538,1,0,0,0,0
2539,1,0,0,0,0
2540,1,0,0,0,0
2541,1,0,0,0,0
2542,1,0,0,0,0
2543,1,0,0,0,0
2544,0,1,0,0,0
2545,0,1,0,0,0
2546,0,1,0,0,0
2547,0,1,0,0,0
2548,0,1,0,0,0
2549,0,1,0,0,0
2550,0,1,0,0,0
2551,0,1,0,0,0
2552,0,1,0,0,0
2553,0,1,0,0,0
2554,0,1,0,0,0
2555,0,1,0,0,0
2556,0,1,0,0,0
2557,0,1,0,0,0
2558,0,1,0,0,0
2559,0,1,0,0,0
2560,0,1,0,0,0
2561,0,1,0,0,0
2562,0,1,0,0,0
2563,0,1,0,0,0
2564,0,1,0,0,0
2565,0,1,0,0,0
2566,0,1,0,0,0
2567,0,1,0,0,0
2568,1,0,0,0,0
2569,1,0,0,0,0
2570,1,0,0,0,0
2571,1,0,0,0,0
2572,1,0,0,0,0
2573,1,0,0,0,0
2574,1,0,0,0,0
2575,1,0,0,0,0
2576,1,0,0,0,0
2577,1,0,0,0,0
2578,1,0,0,0,0
2579,1,0,0,0,0
2580,1,0,0,0,0
2581,1,0,0,0,0
2582,1,0,0,0,0
2583,1,0,0,0,0
2584,1,0,0,0,0
2585,1,0,0,0,0
2586,1,0,0,0,0
2587,1,0,0,0,0
2588,1,0,0,0,0
2589,1,0,0,0,0
2590,1,0,0,0,0
2591,1,0,0,0,0
2592,1,0,0,0,0
2593,1,0,0,0,0
2594,1,0,0,0,0
2595,1,0,0,0,0
2596,1,0,0,0,0
2597,1,0,0,0,0
2598,1,0,0,0,0
2599,1,0,0,0,0
2600,1,0,0,0,0
2601,1,0,0,0,0
2602,1,0,0,0,0
2603,1,0,0,0,0
2604,1,0,0,0,0
2605,1,0,0,0,0
2606,1,0,0,0,0
2607,1,0,0,0,0
2608,1,0,0,0,0
2609,1,0,0,0,0
2610,1,0,0,0,0
2611,1,0,0,0,0
2612,1,0,0,0,0
2613,1,0,0,0,0
2614,1,0,0,0,0
2615,1,0,0,0,0
2616,1,0,0,0,0
2617,1,0,0,0,0
2618,1,0,0,0,0
2619,1,0,0,0,0
2620,1,0,0,0,0
2621,1,0,0,0,0
2622,1,0,0,0,0
2623,1,0,0,0,0
2624,1,0,0,0,0
2625,1,0,0,0,0
2626,1,0,0,0,0
2627,1,0,0,0,0
2628,1,0,0,0,0
2629,1,0,0,0,0
2630,1,0,0,0,0
2631,1,0,0,0,0
2632,1,0,0,0,0
2633,1,0,0,0,0
2634,1,0,0,0,0
2635,1,0,0,0,0
2636,1,0,0,0,0
2637,1,0,0,0,0
2638,1,0,0,0,0
2639,1,0,0,0,0
2640,1,0,0,0,0
2641,1,0,0,0,0
2642,1,0,0,0,0
2643,1,0,0,0,0
2644,1,0,0,0,0
2645,1,0,0,0,0
2646,1,0,0,0,0
2647,1,0,0,0,0
2648,1,0,0,0,0
2649,1,0,0,0,0
2650,1,0,0,0,0
2651,1,0,0,0,0
2652,1,0,0,0,0
2653,1,0,0,0,0
2654,1,0,0,0,0
2655,1,0,0,0,0
2656,1,0,0,0,0
2657,1,0,0,0,0
2658,1,0,0,0,0
2659,1,0,0,0,0
2660,1,0,0,0,0
2661,1,0,0,0,0
2662,1,0,0,0,0
2663,1,0,0,0,0
2664,1,0,0,0,0
2665,1,0,0,0,0
2666,1,0,0,0,0
2667,1,0,0,0,0
2668,1,0,0,0,0
2669,1,0,0,0,0
2670,1,0,0,0,0
2671,1,0,0,0,0
2672,1,0,0,0,0
2673,1,0,0,0,0
2674,1,0,0,0,0
2675,1,0,0,0,0
2676,1,0,0,0,0
2677,1,0,0,0,0
2678,1,0,0,0,0
2679,1,0,0,0,0
2680,1,0,0,0,0
2681,1,0,0,0,0
2682,1,0,0,0,0
2683,1,0,0,0,0
2684,1,0,0,0,0
2685,1,0,0,0,0
2686,1,0,0,0,0
2687,1,0,0,0,0
2688,1,0,0,0,0
2689,0,0,0,1,0
2690,0,0,0,1,0
2691,0,0,0,1,0
2692,0,0,0,1,0
2693,0,0,0,1,0
2694,0,0,0,1,0
2695,0,0,0,1,0
2696,0,0,0,1,0
2697,0,0,0,1,0
2698,0,0,0,1,0
2699,0,0,0,1,0
2700,1,0,0,0,0
2701,1,0,0,0,0
2702,1,0,0,0,0
2703,1,0,0,0,0
2704,1,0,0,0,0
2705,1,0,0,0,0
2706,1,0,0,0,0
2707,1,0,0,0,0
2708,1,0,0,0,0
2709,1,0,0,0,0
2710,1,0,0,0,0
2711,1,0,0,0,0
2712,1,0,0,0,0
2713,1,0,0,0,0
2714,1,0,0,0,0
2715,1,0,0,0,0
2716,1,0,0,0,0
2717,1,0,0,0,0
2718,1,0,0,0,0
2719,1,0,0,0,0
2720,1,0,0,0,0
2721,1,0,0,0,0
2722,1,0,0,0,0
2723,1,0,0,0,0
2724,1,0,0,0,0
2725,1,0,0,0,0
2726,1,0,0,0,0
2727,1,0,0,0,0
2728,1,0,0,0,0
2729,1,0,0,0,0
2730,1,0,0,0,0
2731,1,0,0,0,0
2732,1,0,0,0,0
2733,1,0,0,0,0
2734,1,0,0,0,0
2735,1,0,0,0,0
2736,1,0,0,0,0
2737,1,0,0,0,0
2738,1,0,0,0,0
2739,1,0,0,0,0
2740,1,0,0,0,0
2741,1,0,0,0,0
2742,1,0,0,0,0
2743,1,0,0,0,0
2744,1,0,0,0,0
2745,1,0,0,0,0
2746,1,0,0,0,0
2747,1,0,0,0,0
2748,1,0,0,0,0
2749,1,0,0,0,0
2750,1,0,0,0,0
2751,1,0,0,0,0
2752,1,0,0,0,0
2753,1,0,0,0,0
2754,1,0,0,0,0
2755,1,0,0,0,0
2756,1,0,0,0,0
2757,1,0,0,0,0
2758,1,0,0,0,0
2759,1,0,0,0,0
2760,1,0,0,0,0
2761,1,0,0,0,0
2762,1,0,0,0,0
2763,1,0,0,0,0
2764,1,0,0,0,0
2765,1,0,0,0,0
2766,1,0,0,0,0
2767,1,0,0,0,0
2768,0,1,0,0,0
2769,0,1,0,0,0
2770,0,1,0,0,0
2771,0,1,0,0,0
2772,0,1,0,0,0
2773,0,1,0,0,0
2774,0,1,0,0,0
2775,0,1,0,0,0
2776,0,1,0,0,0
2777,0,1,0,0,0
2778,0,1,0,0,0
2779,0,1,0,0,0
2780,0,1,0,0,0
2781,0,1,0,0,0
2782,0,1,0,0,0
2783,0,1,0,0,0
2784,0,1,0,0,0
2785,0,1,0,0,0
2786,0,1,0,0,0
2787,0,1,0,0,0
2788,0,1,0,0,0
2789,0,1,0,0,0
2790,0,1,0,0,0
2791,0,1,0,0,0
2792,0,1,0,0,0
2793,0,1,0,0,0
2794,0,1,0,0,0
2795,0,1,0,0,0
2796,0,1,0,0,0
2797,0,1,0,0,0
2798,0,1,0,0,0
2799,1,0,0,0,0
2800,1,0,0,0,0
2801,1,0,0,0,0
2802,1,0,0,0,0
2803,1,0,0,0,0
2804,1,0,0,0,0
2805,1,0,0,0,0
2806,1,0,0,0,0
2807,1,0,0,0,0
2808,1,0,0,0,0
2809,1,0,0,0,0
2810,1,0,0,0,0
2811,1,0,0,0,0
2812,1,0,0,0,0
2813,1,0,0,0,0
2814,1,0,0,0,0
2815,1,0,0,0,0
2816,1,0,0,0,0
2817,1,0,0,0,0
2818,1,0,0,0,0
2819,1,0,0,0,0
2820,1,0,0,0,0
2821,1,0,0,0,0
2822,1,0,0,0,0
2823,1,0,0,0,0
2824,1,0,0,0,0
2825,1,0,0,0,0
2826,1,0,0,0,0
2827,1,0,0,0,0
2828,1,0,0,0,0
2829,1,0,0,0,0
2830,1,0,0,0,0
2831,1,0,0,0,0
2832,1,0,0,0,0
2833,1,0,0,0,0
2834,1,0,0,0,0
2835,1,0,0,0,0
2836,1,0,0,0,0
2837,1,0,0,0,0
2838,1,0,0,0,0
2839,1,0,0,0,0
2840,1,0,0,0,0
2841,1,0,0,0,0
2842,1,0,0,0,0
2843,1,0,0,0,0
2844,1,0,0,0,0
2845,1,0,0,0,0
2846,1,0,0,0,0
2847,1,0,0,0,0
2848,1,0,0,0,0
2849,1,0,0,0,0
2850,1,0,0,0,0
2851,1,0,0,0,0
2852,1,0,0,0,0
2853,1,0,0,0,0
2854,1,0,0,0,0
2855,1,0,0,0,0
2856,1,0,0,0,0
2857,1,0,0,0,0
2858,1,0,0,0,0
2859,1,0,0,0,0
2860,1,0,0,0,0
2861,1,0,0,0,0
2862,1,0,0,0,0
2863,1,0,0,0,0
2864,1,0,0,0,0
2865,1,0,0,0,0
2866,1,0,0,0,0
2867,1,0,0,0,0
2868,1,0,0,0,0
2869,1,0,0,0,0
2870,1,0,0,0,0
2871,1,0,0,0,0
2872,1,0,0,0,0
2873,1,0,0,0,0
2874,1,0,0,0,0
2875,1,0,0,0,0
2876,1,0,0,0,0
2877,1,0,0,0,0
2878,1,0,0,0,0
2879,1,0,0,0,0
2880,1,0,0,0,0
2881,1,0,0,0,0
2882,1,0,0,0,0
2883,1,0,0,0,0
2884,1,0,0,0,0
2885,1,0,0,0,0
2886,1,0,0,0,0
2887,1,0,0,0,0
2888,1,0,0,0,0
2889,1,0,0,0,0
2890,1,0,0,0,0
2891,1,0,0,0,0
2892,1,0,0,0,0
2893,1,0,0,0,0
2894,1,0,0,0,0
2895,1,0,0,0,0
2896,1,0,0,0,0
2897,1,0,0,0,0
2898,1,0,0,0,0
2899,1,0,0,0,0
2900,1,0,0,0,0
2901,1,0,0,0,0
2902,1,0,0,0,0
2903,1,0,0,0,0
2904,1,0,0,0,0
2905,1,0,0,0,0
2906,1,0,0,0,0
2907,1,0,0,0,0
2908,1,0,0,0,0
2909,1,0,0,0,0
2910,1,0,0,0,0
2911,1,0,0,0,0
2912,1,0,0,0,0
2913,1,0,0,0,0
2914,1,0,0,0,0
2915,1,0,0,0,0
2916,1,0,0,0,0
2917,1,0,0,0,0
2918,1,0,0,0,0
2919,1,0,0,0,0
2920,1,0,0,0,0
2921,1,0,0,0,0
2922,1,0,0,0,0
2923,1,0,0,0,0
2924,1,0,0,0,0
2925,1,0,0,0,0
2926,1,0,0,0,0
2927,1,0,0,0,0
2928,1,0,0,0,0
2929,1,0,0,0,0
2930,1,0,0,0,0
2931,1,0,0,0,0
2932,1,0,0,0,0
2933,1,0,0,0,0
2934,1,0,0,0,0
2935,1,0,0,0,0
2936,1,0,0,0,0
2937,1,0,0,0,0
2938,1,0,0,0,0
2939,1,0,0,0,0
2940,1,0,0,0,0
2941,1,0,0,0,0
2942,1,0,0,0,0
2943,1,0,0,0,0
2944,1,0,0,0,0
2945,1,0,0,0,0
2946,1,0,0,0,0
2947,1,0,0,0,0
2948,1,0,0,0,0
2949,1,0,0,0,0
2950,1,0,0,0,0
2951,1,0,0,0,0
2952,1,0,0,0,0
2953,1,0,0,0,0
2954,1,0,0,0,0
2955,1,0,0,0,0
2956,1,0,0,0,0
2957,1,0,0,0,0
2958,1,0,0,0,0
2959,1,0,0,0,0
2960,1,0,0,0,0
2961,1,0,0,0,0
2962,1,0,0,0,0
2963,0,0,0,0,1
2964,0,0,0,0,1
2965,0,0,0,0,1
2966,0,0,0,0,1
2967,0,0,0,0,1
2968,0,0,0,0,1
2969,0,0,0,0,1
2970,0,0,0,0,1
2971,0,0,0,0,1
2972,0,0,0,0,1
2973,0,0,0,0,1
2974,0,0,0,0,1
2975,0,0,0,0,1
2976,0,0,0,0,1
2977,0,0,0,0,1
2978,0,0,0,0,1
2979,0,0,0,0,1
2980,0,0,0,0,1
2981,0,0,0,0,1
2982,0,0,0,0,1
2983,0,0,0,0,1
2984,0,0,0,0,1
2985,0,0,0,0,1
2986,0,0,0,0,1
2987,0,0,0,0,1
2988,0,0,0,0,1
2989,0,0,0,0,1
2990,0,0,0,0,1
2991,0,0,0,0,1
2992,0,0,0,0,1
2993,0,0,0,0,1
2994,0,0,0,0,1
2995,0,0,0,0,1
2996,0,0,0,0,1
2997,0,0,0,0,1
2998,0,0,0,0,1
2999,0,0,0,0,1
3000,0,0,0,0,1
3001,0,0,0,0,1
3002,0,0,0,0,1
3003,0,0,0,0,1
3004,0,0,0,0,1
3005,0,0,0,0,1
3006,0,0,0,0,1
3007,0,0,0,0,1
3008,0,0,0,0,1
3009,0,0,0,0,1
3010,0,0,0,0,1
3011,0,0,0,0,1
3012,0,0,0,0,1
3013,0,0,0,0,1
3014,0,0,0,0,1
3015,0,0,0,0,1
3016,0,0,0,0,1
3017,0,0,0,0,1
3018,0,0,0,0,1
3019,0,0,0,0,1
3020,0,0,0,0,1
3021,0,0,0,0,1
3022,0,0,0,0,1
3023,0,0,0,0,1
3024,0,0,0,0,1
3025,0,0,0,0,1
3026,0,0,0,0,1
3027,0,0,0,0,1
3028,0,0,0,0,1
3029,1,0,0,0,0
3030,1,0,0,0,0
3031,1,0,0,0,0
3032,1,0,0,0,0
3033,1,0,0,0,0
3034,1,0,0,0,0
3035,1,0,0,0,0
3036,1,0,0,0,0
3037,1,0,0,0,0
3038,1,0,0,0,0
3039,1,0,0,0,0
3040,1,0,0,0,0
3041,1,0,0,0,0
3042,1,0,0,0,0
3043,1,0,0,0,0
3044,1,0,0,0,0
3045,1,0,0,0,0
3046,1,0,0,0,0
3047,1,0,0,0,0
3048,1,0,0,0,0
3049,1,0,0,0,0
3050,1,0,0,0,0
3051,1,0,0,0,0
3052,1,0,0,0,0
3053,1,0,0,0,0
3054,1,0,0,0,0
3055,1,0,0,0,0
3056,1,0,0,0,0
3057,1,0,0,0,0
3058,1,0,0,0,0
3059,1,0,0,0,0
3060,1,0,0,0,0
3061,1,0,0,0,0
3062,1,0,0,0,0
3063,1,0,0,0,0
3064,1,0,0,0,0
3065,1,0,0,0,0
3066,1,0,0,0,0
3067,1,0,0,0,0
3068,1,0,0,0,0
3069,1,0,0,0,0
3070,1,0,0,0,0
3071,1,0,0,0,0
3072,1,0,0,0,0
3073,1,0,0,0,0
3074,1,0,0,0,0
3075,1,0,0,0,0
3076,1,0,0,0,0
3077,1,0,0,0,0
3078,1,0,0,0,0
3079,1,0,0,0,0
3080,1,0,0,0,0
3081,1,0,0,0,0
3082,1,0,0,0,0
3083,1,0,0,0,0
3084,1,0,0,0,0
3085,1,0,0,0,0
3086,1,0,0,0,0
3087,1,0,0,0,0
3088,1,0,0,0,0
3089,1,0,0,0,0
3090,1,0,0,0,0
3091,1,0,0,0,0
3092,1,0,0,0,0
3093,1,0,0,0,0
3094,1,0,0,0,0
3095,1,0,0,0,0
3096,1,0,0,0,0
3097,1,0,0,0,0
3098,1,0,0,0,0
3099,1,0,0,0,0
3100,1,0,0,0,0
3101,1,0,0,0,0
3102,1,0,0,0,0
3103,0,1,0,0,0
3104,0,1,0,0,0
3105,0,1,0,0,0
3106,0,1,0,0,0
3107,0,1,0,0,0
3108,0,1,0,0,0
3109,0,1,0,0,0
3110,0,1,0,0,0
3111,0,1,0,0,0
3112,0,1,0,0,0
3113,0,1,0,0,0
3114,0,1,0,0,0
3115,0,1,0,0,0
3116,0,1,0,0,0
3117,0,1,0,0,0
3118,0,1,0,0,0
3119,0,1,0,0,0
3120,0,1,0,0,0
3121,0,1,0,0,0
3122,0,1,0,0,0
3123,0,1,0,0,0
3124,0,1,0,0,0
3125,0,1,0,0,0
3126,0,1,0,0,0
3127,0,1,0,0,0
3128,0,1,0,0,0
3129,0,1,0,0,0
3130,0,1,0,0,0
3131,0,1,0,0,0
3132,0,1,0,0,0
3133,0,1,0,0,0
3134,0,1,0,0,0
3135,0,1,0,0,0
3136,1,0,0,0,0
3137,1,0,0,0,0
3138,1,0,0,0,0
3139,1,0,0,0,0
3140,1,0,0,0,0
3141,1,0,0,0,0
3142,1,0,0,0,0
3143,1,0,0,0,0
3144,1,0,0,0,0
3145,1,0,0,0,0
3146,1,0,0,0,0
3147,1,0,0,0,0
3148,1,0,0,0,0
3149,1,0,0,0,0
3150,1,0,0,0,0
3151,1,0,0,0,0
3152,1,0,0,0,0
3153,1,0,0,0,0
3154,1,0,0,0,0
3155,1,0,0,0,0
3156,1,0,0,0,0
3157,1,0,0,0,0
3158,1,0,0,0,0
3159,1,0,0,0,0
3160,1,0,0,0,0
3161,1,0,0,0,0
3162,1,0,0,0,0
3163,1,0,0,0,0
3164,1,0,0,0,0
3165,1,0,0,0,0
3166,1,0,0,0,0
3167,1,0,0,0,0
3168,1,0,0,0,0
3169,1,0,0,0,0
3170,1,0,0,0,0
3171,1,0,0,0,0
3172,1,0,0,0,0
3173,1,0,0,0,0
3174,1,0,0,0,0
3175,1,0,0,0,0
3176,1,0,0,0,0
3177,1,0,0,0,0
3178,1,0,0,0,0
3179,1,0,0,0,0
3180,1,0,0,0,0
3181,1,0,0,0,0
3182,1,0,0,0,0
3183,1,0,0,0,0
3184,1,0,0,0,0
3185,1,0,0,0,0
3186,1,0,0,0,0
3187,1,0,0,0,0
3188,1,0,0,0,0
3189,1,0,0,0,0
3190,1,0,0,0,0
3191,1,0,0,0,0
3192,1,0,0,0,0
3193,1,0,0,0,0
3194,1,0,0,0,0
3195,1,0,0,0,0
3196,1,0,0,0,0
3197,0,1,0,0,0
3198,0,1,0,0,0
3199,0,1,0,0,0
3200,0,1,0,0,0
3201,0,1,0,0,0
3202,0,1,0,0,0
3203,0,1,0,0,0
3204,0,1,0,0,0
3205,0,1,0,0,0
3206,0,1,0,0,0
3207,0,1,0,0,0
3208,0,1,0,0,0
3209,0,1,0,0,0
3210,0,1,0,0,0
3211,0,1,0,0,0
3212,0,1,0,0,0
3213,0,1,0,0,0
3214,0,1,0,0,0
3215,0,1,0,0,0
3216,0,1,0,0,0
3217,0,1,0,0,0
3218,0,1,0,0,0
3219,0,1,0,0,0
3220,0,1,0,0,0
3221,0,1,0,0,0
3222,0,1,0,0,0
3223,0,1,0,0,0
3224,0,1,0,0,0
3225,0,1,0,0,0
3226,0,1,0,0,0
3227,0,1,0,0,0
3228,0,1,0,0,0
3229,0,1,0,0,0
3230,0,1,0,0,0
3231,0,1,0,0,0
3232,0,1,0,0,0
3233,0,1,0,0,0
3234,0,1,0,0,0
3235,0,1,0,0,0
3236,1,0,0,0,0
3237,1,0,0,0,0
3238,1,0,0,0,0
3239,1,0,0,0,0
3240,1,0,0,0,0
3241,1,0,0,0,0
3242,1,0,0,0,0
3243,1,0,0,0,0
3244,1,0,0,0,0
3245,1,0,0,0,0
3246,1,0,0,0,0
3247,1,0,0,0,0
3248,1,0,0,0,0
3249,1,0,0,0,0
3250,1,0,0,0,0
3251,1,0,0,0,0
3252,1,0,0,0,0
3253,1,0,0,0,0
3254,1,0,0,0,0
3255,1,0,0,0,0
3256,1,0,0,0,0
3257,1,0,0,0,0
3258,1,0,0,0,0
3259,1,0,0,0,0
3260,1,0,0,0,0
3261,1,0,0,0,0
3262,1,0,0,0,0
3263,1,0,0,0,0
3264,1,0,0,0,0
3265,1,0,0,0,0
3266,1,0,0,0,0
3267,1,0,0,0,0
3268,1,0,0,0,0
3269,1,0,0,0,0
3270,1,0,0,0,0
3271,1,0,0,0,0
3272,1,0,0,0,0
3273,1,0,0,0,0
3274,1,0,0,0,0
3275,1,0,0,0,0
3276,1,0,0,0,0
3277,1,0,0,0,0
3278,1,0,0,0,0
3279,1,0,0,0,0
3280,1,0,0,0,0
3281,1,0,0,0,0
3282,1,0,0,0,0
3283,1,0,0,0,0
3284,1,0,0,0,0
3285,1,0,0,0,0
3286,1,0,0,0,0
3287,1,0,0,0,0
3288,1,0,0,0,0
3289,1,0,0,0,0
3290,1,0,0,0,0
3291,1,0,0,0,0
3292,1,0,0,0,0
3293,1,0,0,0,0
3294,1,0,0,0,0
3295,1,0,0,0,0
3296,1,0,0,0,0
3297,1,0,0,0,0
3298,1,0,0,0,0
3299,1,0,0,0,0
3300,1,0,0,0,0
3301,1,0,0,0,0
3302,1,0,0,0,0
3303,1,0,0,0,0
3304,1,0,0,0,0
3305,1,0,0,0,0
3306,1,0,0,0,0
3307,1,0,0,0,0
3308,1,0,0,0,0
3309,1,0,0,0,0
3310,1,0,0,0,0
3311,1,0,0,0,0
3312,1,0,0,0,0
3313,1,0,0,0,0
3314,1,0,0,0,0
3315,1,0,0,0,0
3316,1,0,0,0,0
3317,1,0,0,0,0
3318,1,0,0,0,0
3319,1,0,0,0,0
3320,1,0,0,0,0
3321,1,0,0,0,0
3322,1,0,0,0,0
3323,1,0,0,0,0
3324,1,0,0,0,0
3325,1,0,0,0,0
3326,1,0,0,0,0
3327,1,0,0,0,0
3328,1,0,0,0,0
3329,1,0,0,0,0
3330,1,0,0,0,0
3331,1,0,0,0,0
3332,1,0,0,0,0
3333,1,0,0,0,0
3334,1,0,0,0,0
3335,1,0,0,0,0
3336,1,0,0,0,0
3337,1,0,0,0,0
3338,1,0,0,0,0
3339,1,0,0,0,0
3340,1,0,0,0,0
3341,1,0,0,0,0
3342,1,0,0,0,0
3343,0,0,0,0,1
3344,0,0,0,0,1
3345,0,0,0,0,1
3346,0,0,0,0,1
3347,0,0,0,0,1
3348,0,0,0,0,1
3349,0,0,0,0,1
3350,0,0,0,0,1
3351,0,0,0,0,1
3352,0,0,0,0,1
3353,0,0,0,0,1
3354,0,0,0,0,1
3355,0,0,0,0,1
3356,0,0,0,0,1
3357,0,0,0,0,1
3358,0,0,0,0,1
3359,0,0,0,0,1
3360,0,0,0,0,1
3361,0,0,0,0,1
3362,0,0,0,0,1
3363,0,0,0,0,1
3364,0,0,0,0,1
3365,0,0,0,0,1
3366,0,0,0,0,1
3367,0,0,0,0,1
3368,0,0,0,0,1
3369,0,0,0,0,1
3370,0,0,0,0,1
3371,0,0,0,0,1
3372,0,0,0,0,1
3373,0,0,0,0,1
3374,0,0,0,0,1
3375,0,0,0,0,1
3376,0,0,0,0,1
3377,0,0,0,0,1
3378,0,0,0,0,1
3379,1,0,0,0,0
3380,1,0,0,0,0
3381,1,0,0,0,0
3382,1,0,0,0,0
3383,1,0,0,0,0
3384,1,0,0,0,0
3385,1,0,0,0,0
3386,1,0,0,0,0
3387,1,0,0,0,0
3388,1,0,0,0,0
3389,1,0,0,0,0
3390,1,0,0,0,0
3391,1,0,0,0,0
3392,1,0,0,0,0
3393,1,0,0,0,0
3394,1,0,0,0,0
3395,1,0,0,0,0
3396,1,0,0,0,0
3397,1,0,0,0,0
3398,1,0,0,0,0
3399,1,0,0,0,0
3400,1,0,0,0,0
3401,1,0,0,0,0
3402,1,0,0,0,0
3403,1,0,0,0,0
3404,1,0,0,0,0
3405,1,0,0,0,0
3406,1,0,0,0,0
3407,1,0,0,0,0
3408,1,0,0,0,0
3409,1,0,0,0,0
3410,1,0,0,0,0
3411,1,0,0,0,0
3412,1,0,0,0,0
3413,1,0,0,0,0
3414,1,0,0,0,0
3415,1,0,0,0,0
3416,1,0,0,0,0
3417,1,0,0,0,0
3418,1,0,0,0,0
3419,1,0,0,0,0
3420,1,0,0,0,0
3421,1,0,0,0,0
3422,1,0,0,0,0
3423,1,0,0,0,0
3424,1,0,0,0,0
3425,1,0,0,0,0
3426,1,0,0,0,0
3427,1,0,0,0,0
3428,1,0,0,0,0
3429,1,0,0,0,0
3430,1,0,0,0,0
3431,1,0,0,0,0
3432,1,0,0,0,0
3433,1,0,0,0,0
3434,1,0,0,0,0
3435,1,0,0,0,0
3436,1,0,0,0,0
3437,1,0,0,0,0
3438,1,0,0,0,0
3439,1,0,0,0,0
3440,1,0,0,0,0
3441,1,0,0,0,0
3442,1,0,0,0,0
3443,1,0,0,0,0
3444,1,0,0,0,0
3445,1,0,0,0,0
3446,1,0,0,0,0
3447,1,0,0,0,0
3448,1,0,0,0,0
3449,0,0,0,0,1
3450,0,0,0,0,1
3451,0,0,0,0,1
3452,0,0,0,0,1
3453,0,0,0,0,1
3454,0,0,0,0,1
3455,0,0,0,0,1
3456,0,0,0,0,1
3457,0,0,0,0,1
3458,0,0,0,0,1
3459,0,0,0,0,1
3460,0,0,0,0,1
3461,0,0,0,0,1
3462,0,0,0,0,1
3463,0,0,0,0,1
3464,0,0,0,0,1
3465,0,0,0,0,1
3466,0,0,0,0,1
3467,0,0,0,0,1
3468,0,0,0,0,1
3469,0,0,0,0,1
3470,0,0,0,0,1
3471,0,0,0,0,1
3472,0,0,0,0,1
3473,0,0,0,0,1
3474,0,0,0,0,1
3475,0,0,0,0,1
3476,0,0,0,0,1
3477,0,0,0,0,1
3478,0,0,0,0,1
3479,0,0,0,0,1
3480,0,0,0,0,1
3481,0,0,0,0,1
3482,0,0,0,0,1
3483,0,0,0,0,1
3484,0,0,0,0,1
3485,0,0,0,0,1
3486,0,0,0,0,1
3487,0,0,0,0,1
3488,0,0,0,0,1
3489,0,0,0,0,1
3490,0,0,0,0,1
3491,0,0,0,0,1
3492,0,0,0,0,1
3493,0,0,0,0,1
3494,0,0,0,0,1
3495,0,0,0,0,1
3496,0,0,0,0,1
3497,0,0,0,0,1
3498,0,0,0,0,1
3499,0,0,0,0,1
3500,0,0,0,0,1
3501,0,0,0,0,1
3502,0,0,0,0,1
3503,0,0,0,0,1
3504,0,0,0,0,1
3505,0,0,0,0,1
3506,0,0,0,0,1
3507,0,0,0,0,1
3508,1,0,0,0,0
3509,1,0,0,0,0
3510,1,0,0,0,0
3511,1,0,0,0,0
3512,1,0,0,0,0
3513,1,0,0,0,0
3514,1,0,0,0,0
3515,1,0,0,0,0
3516,1,0,0,0,0
3517,1,0,0,0,0
3518,1,0,0,0,0
3519,1,0,0,0,0
3520,1,0,0,0,0
3521,1,0,0,0,0
3522,1,0,0,0,0
3523,1,0,0,0,0
3524,1,0,0,0,0
3525,0,1,0,0,0
3526,0,1,0,0,0
3527,0,1,0,0,0
3528,0,1,0,0,0
3529,0,1,0,0,0
3530,0,1,0,0,0
3531,0,1,0,0,0
3532,0,1,0,0,0
3533,0,1,0,0,0
3534,0,1,0,0,0
3535,0,1,0,0,0
3536,0,1,0,0,0
3537,0,1,0,0,0
3538,0,1,0,0,0
3539,0,1,0,0,0
3540,0,1,0,0,0
3541,0,1,0,0,0
3542,0,1,0,0,0
3543,0,1,0,0,0
3544,0,1,0,0,0
3545,0,1,0,0,0
3546,0,1,0,0,0
3547,0,1,0,0,0
3548,0,1,0,0,0
3549,0,1,0,0,0
3550,0,1,0,0,0
3551,0,1,0,0,0
3552,0,1,0,0,0
3553,0,1,0,0,0
3554,0,1,0,0,0
3555,0,1,0,0,0
3556,0,1,0,0,0
3557,0,1,0,0,0
3558,0,1,0,0,0
3559,0,1,0,0,0
3560,0,1,0,0,0
3561,0,1,0,0,0
3562,0,1,0,0,0
3563,0,1,0,0,0
3564,0,1,0,0,0
3565,0,1,0,0,0
3566,0,1,0,0,0
3567,0,1,0,0,0
3568,0,1,0,0,0
3569,0,1,0,0,0
3570,0,1,0,0,0
3571,1,0,0,0,0
3572,1,0,0,0,0
3573,1,0,0,0,0
3574,1,0,0,0,0
3575,1,0,0,0,0
3576,1,0,0,0,0
3577,1,0,0,0,0
3578,1,0,0,0,0
3579,1,0,0,0,0
3580,1,0,0,0,0
3581,1,0,0,0,0
3582,1,0,0,0,0
3583,1,0,0,0,0
3584,1,0,0,0,0
3585,1,0,0,0,0
3586,1,0,0,0,0
3587,1,0,0,0,0
3588,1,0,0,0,0
3589,1,0,0,0,0
3590,1,0,0,0,0
3591,1,0,0,0,0
3592,1,0,0,0,0
3593,1,0,0,0,0
3594,1,0,0,0,0
3595,1,0,0,0,0
3596,1,0,0,0,0
3597,1,0,0,0,0
3598,1,0,0,0,0
3599,1,0,0,0,0
3600,1,0,0,0,0
3601,1,0,0,0,0
3602,1,0,0,0,0
3603,1,0,0,0,0
3604,1,0,0,0,0
3605,1,0,0,0,0
3606,1,0,0,0,0
3607,1,0,0,0,0
3608,1,0,0,0,0
3609,1,0,0,0,0
3610,1,0,0,0,0
3611,1,0,0,0,0
3612,1,0,0,0,0
3613,1,0,0,0,0
3614,1,0,0,0,0
3615,1,0,0,0,0
3616,1,0,0,0,0
3617,1,0,0,0,0
3618,1,0,0,0,0
3619,1,0,0,0,0
3620,1,0,0,0,0
3621,1,0,0,0,0
3622,1,0,0,0,0
3623,1,0,0,0,0
3624,1,0,0,0,0
3625,1,0,0,0,0
3626,1,0,0,0,0
3627,1,0,0,0,0
3628,1,0,0,0,0
3629,1,0,0,0,0
3630,1,0,0,0,0
3631,1,0,0,0,0
3632,1,0,0,0,0
3633,1,0,0,0,0
3634,1,0,0,0,0
3635,1,0,0,0,0
3636,1,0,0,0,0
3637,1,0,0,0,0
3638,1,0,0,0,0
3639,1,0,0,0,0
3640,1,0,0,0,0
3641,1,0,0,0,0
3642,1,0,0,0,0
3643,1,0,0,0,0
3644,1,0,0,0,0
3645,1,0,0,0,0
3646,1,0,0,0,0
3647,1,0,0,0,0
3648,1,0,0,0,0
3649,1,0,0,0,0
3650,1,0,0,0,0
3651,1,0,0,0,0
3652,1,0,0,0,0
3653,1,0,0,0,0
3654,1,0,0,0,0
3655,1,0,0,0,0
3656,1,0,0,0,0
3657,1,0,0,0,0
3658,1,0,0,0,0
3659,1,0,0,0,0
3660,1,0,0,0,0
3661,1,0,0,0,0
3662,1,0,0,0,0
3663,1,0,0,0,0
3664,1,0,0,0,0
3665,1,0,0,0,0
3666,1,0,0,0,0
3667,1,0,0,0,0
3668,1,0,0,0,0
3669,1,0,0,0,0
3670,1,0,0,0,0
3671,1,0,0,0,0
3672,1,0,0,0,0
3673,1,0,0,0,0
3674,1,0,0,0,0
3675,1,0,0,0,0
3676,1,0,0,0,0
3677,1,0,0,0,0
3678,1,0,0,0,0
3679,1,0,0,0,0
3680,1,0,0,0,0
3681,1,0,0,0,0
3682,1,0,0,0,0
3683,1,0,0,0,0
3684,1,0,0,0,0
3685,1,0,0,0,0
3686,1,0,0,0,0
3687,1,0,0,0,0
3688,1,0,0,0,0
3689,1,0,0,0,0
3690,1,0,0,0,0
3691,1,0,0,0,0
3692,1,0,0,0,0
3693,1,0,0,0,0
3694,1,0,0,0,0
3695,1,0,0,0,0
3696,1,0,0,0,0
3697,1,0,0,0,0
3698,1,0,0,0,0
3699,1,0,0,0,0
3700,0,0,0,0,1
3701,0,0,0,0,1
3702,0,0,0,0,1
3703,0,0,0,0,1
3704,0,0,0,0,1
3705,0,0,0,0,1
3706,0,0,0,0,1
3707,0,0,0,0,1
3708,0,0,0,0,1
3709,0,0,0,0,1
3710,0,0,0,0,1
3711,0,0,0,0,1
3712,0,0,0,0,1
3713,0,0,0,0,1
3714,0,0,0,0,1
3715,0,1,0,0,0
3716,0,1,0,0,0
3717,0,1,0,0,0
3718,0,1,0,0,0
3719,0,1,0,0,0
3720,0,1,0,0,0
3721,0,1,0,0,0
3722,0,1,0,0,0
3723,0,1,0,0,0
3724,0,1,0,0,0
3725,0,1,0,0,0
3726,0,1,0,0,0
3727,0,1,0,0,0
3728,0,1,0,0,0
3729,0,1,0,0,0
3730,0,1,0,0,0
3731,0,1,0,0,0
3732,0,1,0,0,0
3733,0,1,0,0,0
3734,0,1,0,0,0
3735,0,1,0,0,0
3736,0,1,0,0,0
3737,0,1,0,0,0
3738,0,1,0,0,0
3739,0,1,0,0,0
3740,0,1,0,0,0
3741,0,1,0,0,0
3742,0,1,0,0,0
3743,0,1,0,0,0
3744,0,1,0,0,0
3745,0,1,0,0,0
3746,0,1,0,0,0
3747,0,1,0,0,0
3748,0,1,0,0,0
3749,0,1,0,0,0
3750,0,1,0,0,0
3751,0,1,0,0,0
3752,0,1,0,0,0
3753,0,1,0,0,0
3754,0,1,0,0,0
3755,0,1,0,0,0
3756,1,0,0,0,0
3757,1,0,0,0,0
3758,1,0,0,0,0
3759,1,0,0,0,0
3760,1,0,0,0,0
3761,1,0,0,0,0
3762,1,0,0,0,0
3763,1,0,0,0,0
3764,1,0,0,0,0
3765,1,0,0,0,0
3766,1,0,0,0,0
3767,1,0,0,0,0
3768,1,0,0,0,0
3769,1,0,0,0,0
3770,1,0,0,0,0
3771,1,0,0,0,0
3772,1,0,0,0,0
3773,1,0,0,0,0
3774,1,0,0,0,0
3775,1,0,0,0,0
3776,1,0,0,0,0
3777,1,0,0,0,0
3778,1,0,0,0,0
3779,1,0,0,0,0
3780,1,0,0,0,0
3781,1,0,0,0,0
3782,1,0,0,0,0
3783,1,0,0,0,0
3784,1,0,0,0,0
3785,1,0,0,0,0
3786,1,0,0,0,0
3787,1,0,0,0,0
3788,1,0,0,0,0
3789,1,0,0,0,0
3790,1,0,0,0,0
3791,1,0,0,0,0
3792,1,0,0,0,0
3793,1,0,0,0,0
3794,1,0,0,0,0
3795,1,0,0,0,0
3796,1,0,0,0,0
3797,1,0,0,0,0
3798,1,0,0,0,0
3799,1,0,0,0,0
3800,1,0,0,0,0
3801,1,0,0,0,0
3802,1,0,0,0,0
3803,1,0,0,0,0
3804,1,0,0,0,0
3805,1,0,0,0,0
3806,1,0,0,0,0
3807,1,0,0,0,0
3808,1,0,0,0,0
3809,1,0,0,0,0
3810,1,0,0,0,0
3811,1,0,0,0,0
3812,1,0,0,0,0
3813,1,0,0,0,0
3814,1,0,0,0,0
3815,1,0,0,0,0
3816,1,0,0,0,0
3817,1,0,0,0,0
3818,1,0,0,0,0
3819,1,0,0,0,0
3820,1,0,0,0,0
3821,1,0,0,0,0
3822,1,0,0,0,0
3823,1,0,0,0,0
3824,1,0,0,0,0
3825,1,0,0,0,0
3826,1,0,0,0,0
3827,1,0,0,0,0
3828,1,0,0,0,0
3829,1,0,0,0,0
3830,1,0,0,0,0
3831,1,0,0,0,0
3832,1,0,0,0,0
3833,1,0,0,0,0
3834,1,0,0,0,0
3835,1,0,0,0,0
3836,1,0,0,0,0
3837,1,0,0,0,0
3838,1,0,0,0,0
3839,1,0,0,0,0
3840,1,0,0,0,0
3841,1,0,0,0,0
3842,1,0,0,0,0
3843,1,0,0,0,0
3844,1,0,0,0,0
3845,1,0,0,0,0
3846,1,0,0,0,0
3847,1,0,0,0,0
3848,1,0,0,0,0
3849,1,0,0,0,0
3850,1,0,0,0,0
3851,1,0,0,0,0
3852,1,0,0,0,0
3853,1,0,0,0,0
3854,1,0,0,0,0
3855,1,0,0,0,0
3856,1,0,0,0,0
3857,1,0,0,0,0
3858,1,0,0,0,0
3859,1,0,0,0,0
3860,1,0,0,0,0
3861,1,0,0,0,0
3862,1,0,0,0,0
3863,1,0,0,0,0
3864,1,0,0,0,0
3865,1,0,0,0,0
3866,1,0,0,0,0
3867,1,0,0,0,0
3868,1,0,0,0,0
3869,1,0,0,0,0
3870,1,0,0,0,0
3871,1,0,0,0,0
3872,1,0,0,0,0
3873,1,0,0,0,0
3874,1,0,0,0,0
3875,1,0,0,0,0
3876,1,0,0,0,0
3877,1,0,0,0,0
3878,1,0,0,0,0
3879,1,0,0,0,0
3880,1,0,0,0,0
3881,1,0,0,0,0
3882,1,0,0,0,0
3883,1,0,0,0,0
3884,1,0,0,0,0
3885,1,0,0,0,0
3886,1,0,0,0,0
3887,1,0,0,0,0
3888,1,0,0,0,0
3889,1,0,0,0,0
3890,1,0,0,0,0
3891,1,0,0,0,0
3892,1,0,0,0,0
3893,1,0,0,0,0
3894,1,0,0,0,0
3895,1,0,0,0,0
3896,1,0,0,0,0
3897,1,0,0,0,0
3898,1,0,0,0,0
3899,1,0,0,0,0
3900,1,0,0,0,0
3901,1,0,0,0,0
3902,1,0,0,0,0
3903,1,0,0,0,0
3904,1,0,0,0,0
3905,1,0,0,0,0
3906,1,0,0,0,0
3907,1,0,0,0,0
3908,1,0,0,0,0
3909,1,0,0,0,0
3910,1,0,0,0,0
3911,1,0,0,0,0
3912,1,0,0,0,0
3913,1,0,0,0,0
3914,1,0,0,0,0
3915,1,0,0,0,0
3916,1,0,0,0,0
3917,1,0,0,0,0
3918,1,0,0,0,0
3919,1,0,0,0,0
3920,1,0,0,0,0
3921,1,0,0,0,0
3922,1,0,0,0,0
3923,1,0,0,0,0
3924,1,0,0,0,0
3925,1,0,0,0,0
3926,1,0,0,0,0
3927,1,0,0,0,0
3928,1,0,0,0,0
3929,1,0,0,0,0
3930,1,0,0,0,0
3931,1,0,0,0,0
3932,1,0,0,0,0
3933,1,0,0,0,0
3934,1,0,0,0,0
3935,1,0,0,0,0
3936,1,0,0,0,0
3937,1,0,0,0,0
3938,1,0,0,0,0
3939,1,0,0,0,0
3940,1,0,0,0,0
3941,1,0,0,0,0
3942,1,0,0,0,0
3943,1,0,0,0,0
3944,1,0,0,0,0
3945,1,0,0,0,0
3946,1,0,0,0,0
3947,1,0,0,0,0
3948,1,0,0,0,0
3949,1,0,0,0,0
3950,1,0,0,0,0
3951,1,0,0,0,0
3952,1,0,0,0,0
3953,0,0,0,0,1
3954,0,0,0,0,1
3955,0,0,0,0,1
3956,0,0,0,0,1
3957,0,0,0,0,1
3958,0,0,0,0,1
3959,0,0,0,0,1
3960,0,0,0,0,1
3961,0,0,0,0,1
3962,0,0,0,0,1
3963,0,0,0,0,1
3964,0,0,0,0,1
3965,0,0,0,0,1
3966,0,0,0,0,1
3967,0,0,0,0,1
3968,0,0,0,0,1
3969,0,0,0,0,1
3970,0,0,0,0,1
3971,1,0,0,0,0
3972,1,0,0,0,0
3973,1,0,0,0,0
3974,1,0,0,0,0
3975,1,0,0,0,0
3976,1,0,0,0,0
3977,1,0,0,0,0
3978,1,0,0,0,0
3979,1,0,0,0,0
3980,1,0,0,0,0
3981,1,0,0,0,0
3982,1,0,0,0,0
3983,1,0,0,0,0
3984,1,0,0,0,0
3985,1,0,0,0,0
3986,1,0,0,0,0
3987,1,0,0,0,0
3988,1,0,0,0,0
3989,1,0,0,0,0
3990,1,0,0,0,0
3991,1,0,0,0,0
3992,1,0,0,0,0
3993,1,0,0,0,0
3994,1,0,0,0,0
3995,1,0,0,0,0
3996,1,0,0,0,0
3997,1,0,0,0,0
3998,1,0,0,0,0
3999,1,0,0,0,0
4000,1,0,0,0,0
4001,1,0,0,0,0
4002,1,0,0,0,0
4003,1,0,0,0,0
4004,1,0,0,0,0
4005,1,0,0,0,0
4006,1,0,0,0,0
4007,1,0,0,0,0
4008,1,0,0,0,0
4009,1,0,0,0,0
4010,1,0,0,0,0
4011,1,0,0,0,0
4012,1,0,0,0,0
4013,1,0,0,0,0
4014,1,0,0,0,0
4015,1,0,0,0,0
4016,1,0,0,0,0
4017,1,0,0,0,0
4018,1,0,0,0,0
4019,1,0,0,0,0
4020,1,0,0,0,0
4021,1,0,0,0,0
4022,1,0,0,0,0
4023,1,0,0,0,0
4024,1,0,0,0,0
4025,1,0,0,0,0
4026,1,0,0,0,0
4027,1,0,0,0,0
4028,1,0,0,0,0
4029,1,0,0,0,0
4030,1,0,0,0,0
4031,1,0,0,0,0
4032,1,0,0,0,0
4033,1,0,0,0,0
4034,1,0,0,0,0
4035,1,0,0,0,0
4036,1,0,0,0,0
4037,1,0,0,0,0
4038,1,0,0,0,0
4039,1,0,0,0,0
4040,1,0,0,0,0
4041,1,0,0,0,0
4042,1,0,0,0,0
4043,1,0,0,0,0
4044,1,0,0,0,0
4045,1,0,0,0,0
4046,1,0,0,0,0
4047,1,0,0,0,0
4048,1,0,0,0,0
4049,1,0,0,0,0
4050,1,0,0,0,0
4051,1,0,0,0,0
4052,1,0,0,0,0
4053,1,0,0,0,0
4054,1,0,0,0,0
4055,1,0,0,0,0
4056,1,0,0,0,0
4057,1,0,0,0,0
4058,1,0,0,0,0
4059,1,0,0,0,0
4060,1,0,0,0,0
4061,1,0,0,0,0
4062,1,0,0,0,0
4063,1,0,0,0,0
4064,1,0,0,0,0
4065,1,0,0,0,0
4066,1,0,0,0,0
4067,1,0,0,0,0
4068,1,0,0,0,0
4069,1,0,0,0,0
4070,1,0,0,0,0
4071,1,0,0,0,0
4072,1,0,0,0,0
4073,1,0,0,0,0
4074,1,0,0,0,0
4075,1,0,0,0,0
4076,1,0,0,0,0
4077,1,0,0,0,0
4078,1,0,0,0,0
4079,1,0,0,0,0
4080,1,0,0,0,0
4081,1,0,0,0,0
4082,1,0,0,0,0
4083,1,0,0,0,0
4084,1,0,0,0,0
4085,1,0,0,0,0
4086,1,0,0,0,0
4087,1,0,0,0,0
4088,1,0,0,0,0
4089,1,0,0,0,0
4090,1,0,0,0,0
4091,1,0,0,0,0
4092,1,0,0,0,0
4093,1,0,0,0,0
4094,1,0,0,0,0
4095,1,0,0,0,0
4096,1,0,0,0,0
4097,1,0,0,0,0
4098,1,0,0,0,0
4099,1,0,0,0,0
4100,1,0,0,0,0
4101,1,0,0,0,0
4102,1,0,0,0,0
4103,1,0,0,0,0
4104,1,0,0,0,0
4105,1,0,0,0,0
4106,1,0,0,0,0
4107,1,0,0,0,0
4108,1,0,0,0,0
4109,1,0,0,0,0
4110,1,0,0,0,0
4111,1,0,0,0,0
4112,1,0,0,0,0
4113,1,0,0,0,0
4114,1,0,0,0,0
4115,1,0,0,0,0
4116,1,0,0,0,0
4117,1,0,0,0,0
4118,1,0,0,0,0
4119,1,0,0,0,0
4120,1,0,0,0,0
4121,1,0,0,0,0
4122,1,0,0,0,0
4123,1,0,0,0,0
4124,1,0,0,0,0
4125,1,0,0,0,0
4126,1,0,0,0,0
4127,1,0,0,0,0
4128,1,0,0,0,0
4129,1,0,0,0,0
4130,1,0,0,0,0
4131,1,0,0,0,0
4132,1,0,0,0,0
4133,1,0,0,0,0
4134,1,0,0,0,0
4135,1,0,0,0,0
4136,1,0,0,0,0
4137,1,0,0,0,0
4138,1,0,0,0,0
4139,1,0,0,0,0
4140,1,0,0,0,0
4141,1,0,0,0,0
4142,1,0,0,0,0
4143,1,0,0,0,0
4144,1,0,0,0,0
4145,1,0,0,0,0
4146,1,0,0,0,0
4147,1,0,0,0,0
4148,1,0,0,0,0
4149,1,0,0,0,0
4150,1,0,0,0,0
4151,1,0,0,0,0
4152,1,0,0,0,0
4153,1,0,0,0,0
4154,1,0,0,0,0
4155,1,0,0,0,0
4156,1,0,0,0,0
4157,1,0,0,0,0
4158,1,0,0,0,0
4159,1,0,0,0,0
4160,1,0,0,0,0
4161,1,0,0,0,0
4162,1,0,0,0,0
4163,1,0,0,0,0
4164,1,0,0,0,0
4165,1,0,0,0,0
4166,1,0,0,0,0
4167,1,0,0,0,0
4168,1,0,0,0,0
4169,1,0,0,0,0
4170,1,0,0,0,0
4171,1,0,0,0,0
4172,1,0,0,0,0
4173,1,0,0,0,0
4174,1,0,0,0,0
4175,1,0,0,0,0
4176,1,0,0,0,0
4177,1,0,0,0,0
4178,1,0,0,0,0
4179,1,0,0,0,0
4180,1,0,0,0,0
4181,1,0,0,0,0
4182,1,0,0,0,0
4183,1,0,0,0,0
4184,1,0,0,0,0
4185,1,0,0,0,0
4186,1,0,0,0,0
4187,1,0,0,0,0
4188,1,0,0,0,0
4189,1,0,0,0,0
4190,1,0,0,0,0
4191,1,0,0,0,0
4192,1,0,0,0,0
4193,1,0,0,0,0
4194,1,0,0,0,0
4195,1,0,0,0,0
4196,1,0,0,0,0
4197,1,0,0,0,0
4198,1,0,0,0,0
4199,1,0,0,0,0
4200,1,0,0,0,0
4201,1,0,0,0,0
4202,1,0,0,0,0
4203,1,0,0,0,0
4204,1,0,0,0,0
4205,1,0,0,0,0
4206,1,0,0,0,0
4207,1,0,0,0,0
4208,1,0,0,0,0
4209,1,0,0,0,0
4210,1,0,0,0,0
4211,1,0,0,0,0
4212,1,0,0,0,0
4213,1,0,0,0,0
4214,1,0,0,0,0
4215,1,0,0,0,0
4216,1,0,0,0,0
4217,1,0,0,0,0
4218,1,0,0,0,0
4219,1,0,0,0,0
4220,1,0,0,0,0
4221,1,0,0,0,0
4222,1,0,0,0,0
4223,1,0,0,0,0
4224,1,0,0,0,0
4225,1,0,0,0,0
4226,1,0,0,0,0
4227,1,0,0,0,0
4228,1,0,0,0,0
4229,1,0,0,0,0
4230,1,0,0,0,0
4231,1,0,0,0,0
4232,1,0,0,0,0
4233,1,0,0,0,0
4234,1,0,0,0,0
4235,1,0,0,0,0
4236,1,0,0,0,0
4237,1,0,0,0,0
4238,1,0,0,0,0
4239,1,0,0,0,0
4240,1,0,0,0,0
4241,1,0,0,0,0
4242,1,0,0,0,0
4243,1,0,0,0,0
4244,1,0,0,0,0
4245,1,0,0,0,0
4246,1,0,0,0,0
4247,1,0,0,0,0
4248,1,0,0,0,0
4249,1,0,0,0,0
4250,1,0,0,0,0
4251,1,0,0,0,0
4252,1,0,0,0,0
4253,1,0,0,0,0
4254,1,0,0,0,0
4255,1,0,0,0,0
4256,1,0,0,0,0
4257,1,0,0,0,0
4258,1,0,0,0,0
4259,1,0,0,0,0
4260,1,0,0,0,0
4261,1,0,0,0,0
4262,1,0,0,0,0
4263,1,0,0,0,0
4264,1,0,0,0,0
4265,1,0,0,0,0
4266,1,0,0,0,0
4267,1,0,0,0,0
4268,1,0,0,0,0
4269,1,0,0,0,0
4270,1,0,0,0,0
4271,1,0,0,0,0
4272,1,0,0,0,0
4273,1,0,0,0,0
4274,1,0,0,0,0
4275,1,0,0,0,0
4276,1,0,0,0,0
4277,1,0,0,0,0
4278,1,0,0,0,0
4279,1,0,0,0,0
4280,1,0,0,0,0
4281,1,0,0,0,0
4282,1,0,0,0,0
4283,1,0,0,0,0
4284,1,0,0,0,0
4285,1,0,0,0,0
4286,1,0,0,0,0
4287,1,0,0,0,0
4288,1,0,0,0,0
4289,1,0,0,0,0
4290,1,0,0,0,0
4291,1,0,0,0,0
4292,1,0,0,0,0
4293,1,0,0,0,0
4294,1,0,0,0,0
4295,1,0,0,0,0
4296,1,0,0,0,0
4297,0,1,0,0,0
4298,0,1,0,0,0
4299,0,1,0,0,0
4300,0,1,0,0,0
4301,0,1,0,0,0
4302,0,1,0,0,0
4303,0,1,0,0,0
4304,0,1,0,0,0
4305,0,1,0,0,0
4306,0,1,0,0,0
4307,0,1,0,0,0
4308,0,1,0,0,0
4309,0,1,0,0,0
4310,0,1,0,0,0
4311,0,1,0,0,0
4312,0,1,0,0,0
4313,0,1,0,0,0
4314,0,1,0,0,0
4315,0,1,0,0,0
4316,0,1,0,0,0
4317,0,1,0,0,0
4318,0,1,0,0,0
4319,0,1,0,0,0
4320,0,1,0,0,0
4321,0,1,0,0,0
4322,0,1,0,0,0
4323,0,1,0,0,0
4324,0,1,0,0,0
4325,0,1,0,0,0
4326,0,1,0,0,0
4327,0,1,0,0,0
4328,0,1,0,0,0
4329,0,1,0,0,0
4330,0,1,0,0,0
4331,0,1,0,0,0
4332,0,1,0,0,0
4333,0,1,0,0,0
4334,1,0,0,0,0
4335,1,0,0,0,0
4336,1,0,0,0,0
4337,1,0,0,0,0
4338,1,0,0,0,0
4339,1,0,0,0,0
4340,1,0,0,0,0
4341,1,0,0,0,0
4342,1,0,0,0,0
4343,1,0,0,0,0
4344,1,0,0,0,0
4345,1,0,0,0,0
4346,1,0,0,0,0
4347,1,0,0,0,0
4348,1,0,0,0,0
4349,1,0,0,0,0
4350,1,0,0,0,0
4351,1,0,0,0,0
4352,1,0,0,0,0
4353,1,0,0,0,0
4354,1,0,0,0,0
4355,1,0,0,0,0
4356,1,0,0,0,0
4357,1,0,0,0,0
4358,1,0,0,0,0
4359,1,0,0,0,0
4360,1,0,0,0,0
4361,1,0,0,0,0
4362,1,0,0,0,0
4363,1,0,0,0,0
4364,1,0,0,0,0
4365,1,0,0,0,0
4366,1,0,0,0,0
4367,1,0,0,0,0
4368,1,0,0,0,0
4369,1,0,0,0,0
4370,1,0,0,0,0
4371,1,0,0,0,0
4372,1,0,0,0,0
4373,1,0,0,0,0
4374,1,0,0,0,0
4375,1,0,0,0,0
4376,1,0,0,0,0
4377,1,0,0,0,0
4378,1,0,0,0,0
4379,1,0,0,0,0
4380,1,0,0,0,0
4381,1,0,0,0,0
4382,1,0,0,0,0
4383,1,0,0,0,0
4384,1,0,0,0,0
4385,1,0,0,0,0
4386,1,0,0,0,0
4387,1,0,0,0,0
4388,1,0,0,0,0
4389,1,0,0,0,0
4390,1,0,0,0,0
4391,1,0,0,0,0
4392,1,0,0,0,0
4393,1,0,0,0,0
4394,1,0,0,0,0
4395,1,0,0,0,0
4396,1,0,0,0,0
4397,1,0,0,0,0
4398,1,0,0,0,0
4399,1,0,0,0,0
4400,1,0,0,0,0
4401,1,0,0,0,0
4402,1,0,0,0,0
4403,1,0,0,0,0
4404,1,0,0,0,0
4405,1,0,0,0,0
4406,1,0,0,0,0
4407,1,0,0,0,0
4408,1,0,0,0,0
4409,1,0,0,0,0
4410,1,0,0,0,0
4411,1,0,0,0,0
4412,1,0,0,0,0
4413,1,0,0,0,0
4414,1,0,0,0,0
4415,1,0,0,0,0
4416,1,0,0,0,0
4417,1,0,0,0,0
4418,1,0,0,0,0
4419,1,0,0,0,0
4420,1,0,0,0,0
4421,1,0,0,0,0
4422,1,0,0,0,0
4423,1,0,0,0,0
4424,1,0,0,0,0
4425,1,0,0,0,0
4426,1,0,0,0,0
4427,1,0,0,0,0
4428,1,0,0,0,0
4429,1,0,0,0,0
4430,1,0,0,0,0
4431,1,0,0,0,0
4432,1,0,0,0,0
4433,1,0,0,0,0
4434,1,0,0,0,0
4435,1,0,0,0,0
4436,1,0,0,0,0
4437,1,0,0,0,0
4438,1,0,0,0,0
4439,1,0,0,0,0
4440,1,0,0,0,0
4441,1,0,0,0,0
4442,1,0,0,0,0
4443,1,0,0,0,0
4444,1,0,0,0,0
4445,1,0,0,0,0
4446,1,0,0,0,0
4447,1,0,0,0,0
4448,1,0,0,0,0
4449,1,0,0,0,0
4450,1,0,0,0,0
4451,1,0,0,0,0
4452,1,0,0,0,0
4453,1,0,0,0,0
4454,1,0,0,0,0
4455,1,0,0,0,0
4456,1,0,0,0,0
4457,1,0,0,0,0
4458,1,0,0,0,0
4459,1,0,0,0,0
4460,1,0,0,0,0
4461,1,0,0,0,0
4462,1,0,0,0,0
4463,1,0,0,0,0
4464,1,0,0,0,0
4465,1,0,0,0,0
4466,1,0,0,0,0
4467,1,0,0,0,0
4468,1,0,0,0,0
4469,1,0,0,0,0
4470,1,0,0,0,0
4471,1,0,0,0,0
4472,1,0,0,0,0
4473,1,0,0,0,0
4474,1,0,0,0,0
4475,1,0,0,0,0
4476,1,0,0,0,0
4477,1,0,0,0,0
4478,1,0,0,0,0
4479,1,0,0,0,0
4480,1,0,0,0,0
4481,1,0,0,0,0
4482,1,0,0,0,0
4483,1,0,0,0,0
4484,1,0,0,0,0
4485,1,0,0,0,0
4486,1,0,0,0,0
4487,1,0,0,0,0
4488,1,0,0,0,0
4489,1,0,0,0,0
4490,1,0,0,0,0
4491,1,0,0,0,0
4492,1,0,0,0,0
4493,1,0,0,0,0
4494,1,0,0,0,0
4495,1,0,0,0,0
4496,1,0,0,0,0
4497,1,0,0,0,0
4498,1,0,0,0,0
4499,1,0,0,0,0
4500,1,0,0,0,0
4501,1,0,0,0,0
4502,1,0,0,0,0
4503,1,0,0,0,0
4504,1,0,0,0,0
4505,1,0,0,0,0
4506,1,0,0,0,0
4507,1,0,0,0,0
4508,1,0,0,0,0
4509,1,0,0,0,0
4510,1,0,0,0,0
4511,1,0,0,0,0
4512,1,0,0,0,0
4513,1,0,0,0,0
4514,1,0,0,0,0
4515,1,0,0,0,0
4516,1,0,0,0,0
4517,1,0,0,0,0
4518,1,0,0,0,0
4519,1,0,0,0,0
4520,1,0,0,0,0
4521,1,0,0,0,0
4522,1,0,0,0,0
4523,1,0,0,0,0
4524,1,0,0,0,0
4525,1,0,0,0,0
4526,1,0,0,0,0
4527,1,0,0,0,0
4528,1,0,0,0,0
4529,1,0,0,0,0
4530,1,0,0,0,0
4531,1,0,0,0,0
4532,1,0,0,0,0
4533,1,0,0,0,0
4534,1,0,0,0,0
4535,1,0,0,0,0
4536,1,0,0,0,0
4537,1,0,0,0,0
4538,1,0,0,0,0
4539,1,0,0,0,0
4540,1,0,0,0,0
4541,1,0,0,0,0
4542,1,0,0,0,0
4543,1,0,0,0,0
4544,1,0,0,0,0
4545,1,0,0,0,0
4546,1,0,0,0,0
4547,1,0,0,0,0
4548,1,0,0,0,0
4549,1,0,0,0,0
4550,1,0,0,0,0
4551,1,0,0,0,0
4552,1,0,0,0,0
4553,1,0,0,0,0
4554,1,0,0,0,0
4555,1,0,0,0,0
4556,1,0,0,0,0
4557,1,0,0,0,0
4558,0,0,0,0,1
4559,0,0,0,0,1
4560,0,0,0,0,1
4561,0,0,0,0,1
4562,0,0,0,0,1
4563,0,0,0,0,1
4564,0,0,0,0,1
4565,0,0,0,0,1
4566,0,0,0,0,1
4567,0,0,0,0,1
4568,0,0,0,0,1
4569,0,0,0,0,1
4570,0,0,0,0,1
4571,0,0,0,0,1
4572,0,0,0,0,1
4573,0,0,0,0,1
4574,0,0,0,0,1
4575,0,0,0,0,1
4576,0,0,0,0,1
4577,0,0,0,0,1
4578,0,0,0,0,1
4579,0,0,0,0,1
4580,0,0,0,0,1
4581,0,0,0,0,1
4582,0,0,0,0,1
4583,0,0,0,0,1
4584,0,0,0,0,1
4585,0,0,0,0,1
4586,0,0,0,0,1
4587,0,0,0,0,1
4588,0,0,0,0,1
4589,0,0,0,0,1
4590,0,0,0,0,1
4591,1,0,0,0,0
4592,1,0,0,0,0
4593,1,0,0,0,0
4594,1,0,0,0,0
4595,1,0,0,0,0
4596,1,0,0,0,0
4597,1,0,0,0,0
4598,1,0,0,0,0
4599,1,0,0,0,0
4600,1,0,0,0,0
4601,1,0,0,0,0
4602,1,0,0,0,0
4603,1,0,0,0,0
4604,1,0,0,0,0
4605,1,0,0,0,0
4606,1,0,0,0,0
4607,1,0,0,0,0
4608,1,0,0,0,0
4609,1,0,0,0,0
4610,1,0,0,0,0
4611,1,0,0,0,0
4612,1,0,0,0,0
4613,1,0,0,0,0
4614,1,0,0,0,0
4615,1,0,0,0,0
4616,1,0,0,0,0
4617,1,0,0,0,0
4618,1,0,0,0,0
4619,1,0,0,0,0
4620,1,0,0,0,0
4621,1,0,0,0,0
4622,1,0,0,0,0
4623,1,0,0,0,0
4624,1,0,0,0,0
4625,1,0,0,0,0
4626,1,0,0,0,0
4627,1,0,0,0,0
4628,1,0,0,0,0
4629,1,0,0,0,0
4630,1,0,0,0,0
4631,1,0,0,0,0
4632,1,0,0,0,0
4633,1,0,0,0,0
4634,1,0,0,0,0
4635,1,0,0,0,0
4636,1,0,0,0,0
4637,1,0,0,0,0
4638,1,0,0,0,0
4639,1,0,0,0,0
4640,1,0,0,0,0
4641,1,0,0,0,0
4642,1,0,0,0,0
4643,1,0,0,0,0
4644,1,0,0,0,0
4645,1,0,0,0,0
4646,1,0,0,0,0
4647,1,0,0,0,0
4648,1,0,0,0,0
4649,1,0,0,0,0
4650,1,0,0,0,0
4651,1,0,0,0,0
4652,1,0,0,0,0
4653,1,0,0,0,0
4654,1,0,0,0,0
4655,1,0,0,0,0
4656,1,0,0,0,0
4657,1,0,0,0,0
4658,1,0,0,0,0
4659,1,0,0,0,0
4660,1,0,0,0,0
4661,1,0,0,0,0
4662,1,0,0,0,0
4663,1,0,0,0,0
4664,1,0,0,0,0
4665,1,0,0,0,0
4666,1,0,0,0,0
4667,1,0,0,0,0
4668,1,0,0,0,0
4669,1,0,0,0,0
4670,1,0,0,0,0
4671,1,0,0,0,0
4672,1,0,0,0,0
4673,1,0,0,0,0
4674,1,0,0,0,0
4675,1,0,0,0,0
4676,1,0,0,0,0
4677,1,0,0,0,0
4678,1,0,0,0,0
4679,1,0,0,0,0
4680,1,0,0,0,0
4681,1,0,0,0,0
4682,1,0,0,0,0
4683,1,0,0,0,0
4684,1,0,0,0,0
4685,1,0,0,0,0
4686,1,0,0,0,0
4687,1,0,0,0,0
4688,1,0,0,0,0
4689,1,0,0,0,0
4690,1,0,0,0,0
4691,1,0,0,0,0
4692,1,0,0,0,0
4693,1,0,0,0,0
4694,1,0,0,0,0
4695,1,0,0,0,0
4696,1,0,0,0,0
4697,1,0,0,0,0
4698,1,0,0,0,0
4699,1,0,0,0,0
4700,1,0,0,0,0
4701,1,0,0,0,0
4702,1,0,0,0,0
4703,1,0,0,0,0
4704,1,0,0,0,0
4705,1,0,0,0,0
4706,1,0,0,0,0
4707,1,0,0,0,0
4708,0,0,0,0,1
4709,0,0,0,0,1
4710,0,0,0,0,1
4711,0,0,0,0,1
4712,0,0,0,0,1
4713,0,0,0,0,1
4714,0,0,0,0,1
4715,0,0,0,0,1
4716,0,0,0,0,1
4717,0,0,0,0,1
4718,0,0,0,0,1
4719,0,0,0,0,1
4720,0,0,0,0,1
4721,0,0,0,0,1
4722,0,0,0,0,1
4723,0,0,0,0,1
4724,0,0,0,0,1
4725,0,0,0,0,1
4726,0,0,0,0,1
4727,0,0,0,0,1
4728,0,0,0,0,1
4729,0,0,0,0,1
4730,0,0,0,0,1
4731,0,0,0,0,1
4732,0,0,0,0,1
4733,0,0,0,0,1
4734,0,0,0,0,1
4735,0,0,0,0,1
4736,0,0,0,0,1
4737,0,0,0,0,1
4738,0,0,0,0,1
4739,0,0,0,0,1
4740,0,0,0,0,1
4741,0,0,0,0,1
4742,0,0,0,0,1
4743,0,0,0,0,1
4744,0,0,0,0,1
4745,0,0,0,0,1
4746,0,0,0,0,1
4747,0,0,0,0,1
4748,0,0,0,0,1
4749,0,0,0,0,1
4750,0,0,0,0,1
4751,0,0,0,0,1
4752,0,0,0,0,1
4753,0,0,0,0,1
4754,0,0,0,0,1
4755,0,0,0,0,1
4756,0,0,0,0,1
4757,0,0,0,0,1
4758,0,0,0,0,1
4759,0,0,0,0,1
4760,0,0,0,0,1
4761,0,0,0,0,1
4762,0,0,0,0,1
4763,0,0,0,0,1
4764,0,0,0,0,1
4765,0,0,0,0,1
4766,0,0,0,0,1
4767,0,0,0,0,1
4768,0,0,0,0,1
4769,0,0,0,0,1
4770,0,0,0,0,1
4771,0,0,0,0,1
4772,0,0,0,0,1
4773,1,0,0,0,0
4774,1,0,0,0,0
4775,1,0,0,0,0
4776,1,0,0,0,0
4777,1,0,0,0,0
4778,1,0,0,0,0
4779,1,0,0,0,0
4780,1,0,0,0,0
4781,1,0,0,0,0
4782,1,0,0,0,0
4783,1,0,0,0,0
4784,1,0,0,0,0
4785,1,0,0,0,0
4786,1,0,0,0,0
4787,1,0,0,0,0
4788,1,0,0,0,0
4789,1,0,0,0,0
4790,1,0,0,0,0
4791,1,0,0,0,0
4792,1,0,0,0,0
4793,1,0,0,0,0
4794,1,0,0,0,0
4795,1,0,0,0,0
4796,1,0,0,0,0
4797,1,0,0,0,0
4798,1,0,0,0,0
4799,1,0,0,0,0
4800,1,0,0,0,0
4801,1,0,0,0,0
4802,1,0,0,0,0
4803,1,0,0,0,0
4804,1,0,0,0,0
4805,1,0,0,0,0
4806,1,0,0,0,0
4807,1,0,0,0,0
4808,1,0,0,0,0
4809,1,0,0,0,0
4810,1,0,0,0,0
4811,1,0,0,0,0
4812,1,0,0,0,0
4813,1,0,0,0,0
4814,1,0,0,0,0
4815,1,0,0,0,0
4816,1,0,0,0,0
4817,1,0,0,0,0
4818,1,0,0,0,0
4819,1,0,0,0,0
4820,1,0,0,0,0
4821,1,0,0,0,0
4822,1,0,0,0,0
4823,1,0,0,0,0
4824,1,0,0,0,0
4825,1,0,0,0,0
4826,1,0,0,0,0
4827,1,0,0,0,0
4828,1,0,0,0,0
4829,1,0,0,0,0
4830,1,0,0,0,0
4831,0,1,0,0,0
4832,0,1,0,0,0
4833,0,1,0,0,0
4834,0,1,0,0,0
4835,0,1,0,0,0
4836,0,1,0,0,0
4837,0,1,0,0,0
4838,0,1,0,0,0
4839,0,1,0,0,0
4840,0,1,0,0,0
4841,0,1,0,0,0
4842,0,1,0,0,0
4843,0,1,0,0,0
4844,0,1,0,0,0
4845,0,1,0,0,0
4846,0,1,0,0,0
4847,0,1,0,0,0
4848,0,1,0,0,0
4849,0,1,0,0,0
4850,0,1,0,0,0
4851,0,1,0,0,0
4852,0,1,0,0,0
4853,0,1,0,0,0
4854,0,1,0,0,0
4855,0,1,0,0,0
4856,0,1,0,0,0
4857,0,1,0,0,0
4858,0,1,0,0,0
4859,0,1,0,0,0
4860,0,1,0,0,0
4861,0,1,0,0,0
4862,0,1,0,0,0
4863,0,1,0,0,0
4864,0,1,0,0,0
4865,0,1,0,0,0
4866,1,0,0,0,0
4867,1,0,0,0,0
4868,1,0,0,0,0
4869,1,0,0,0,0
4870,1,0,0,0,0
4871,1,0,0,0,0
4872,1,0,0,0,0
4873,1,0,0,0,0
4874,1,0,0,0,0
4875,1,0,0,0,0
4876,1,0,0,0,0
4877,1,0,0,0,0
4878,1,0,0,0,0
4879,1,0,0,0,0
4880,1,0,0,0,0
4881,1,0,0,0,0
4882,1,0,0,0,0
4883,1,0,0,0,0
4884,1,0,0,0,0
4885,1,0,0,0,0
4886,1,0,0,0,0
4887,1,0,0,0,0
4888,1,0,0,0,0
4889,1,0,0,0,0
4890,1,0,0,0,0
4891,1,0,0,0,0
4892,1,0,0,0,0
4893,1,0,0,0,0
4894,1,0,0,0,0
4895,1,0,0,0,0
4896,1,0,0,0,0
4897,1,0,0,0,0
4898,1,0,0,0,0
4899,1,0,0,0,0
4900,1,0,0,0,0
4901,1,0,0,0,0
4902,1,0,0,0,0
4903,1,0,0,0,0
4904,1,0,0,0,0
4905,1,0,0,0,0
4906,1,0,0,0,0
4907,1,0,0,0,0
4908,1,0,0,0,0
4909,1,0,0,0,0
4910,1,0,0,0,0
4911,1,0,0,0,0
4912,1,0,0,0,0
4913,1,0,0,0,0
4914,1,0,0,0,0
4915,1,0,0,0,0
4916,1,0,0,0,0
4917,1,0,0,0,0
4918,1,0,0,0,0
4919,1,0,0,0,0
4920,1,0,0,0,0
4921,1,0,0,0,0
4922,1,0,0,0,0
4923,1,0,0,0,0
4924,1,0,0,0,0
4925,1,0,0,0,0
4926,1,0,0,0,0
4927,1,0,0,0,0
4928,1,0,0,0,0
4929,1,0,0,0,0
4930,1,0,0,0,0
4931,1,0,0,0,0
4932,1,0,0,0,0
4933,1,0,0,0,0
4934,1,0,0,0,0
4935,1,0,0,0,0
4936,1,0,0,0,0
4937,1,0,0,0,0
4938,1,0,0,0,0
4939,1,0,0,0,0
4940,1,0,0,0,0
4941,1,0,0,0,0
4942,1,0,0,0,0
4943,1,0,0,0,0
4944,1,0,0,0,0
4945,1,0,0,0,0
4946,1,0,0,0,0
4947,1,0,0,0,0
4948,1,0,0,0,0
4949,1,0,0,0,0
4950,1,0,0,0,0
4951,1,0,0,0,0
4952,1,0,0,0,0
4953,1,0,0,0,0
4954,1,0,0,0,0
4955,1,0,0,0,0
4956,1,0,0,0,0
4957,1,0,0,0,0
4958,1,0,0,0,0
4959,1,0,0,0,0
4960,1,0,0,0,0
4961,1,0,0,0,0
4962,1,0,0,0,0
4963,1,0,0,0,0
4964,1,0,0,0,0
4965,1,0,0,0,0
4966,1,0,0,0,0
4967,1,0,0,0,0
4968,1,0,0,0,0
4969,1,0,0,0,0
4970,1,0,0,0,0
4971,1,0,0,0,0
4972,1,0,0,0,0
4973,1,0,0,0,0
4974,1,0,0,0,0
4975,1,0,0,0,0
4976,1,0,0,0,0
4977,1,0,0,0,0
4978,1,0,0,0,0
4979,1,0,0,0,0
4980,1,0,0,0,0
4981,1,0,0,0,0
4982,1,0,0,0,0
4983,1,0,0,0,0
4984,1,0,0,0,0
4985,1,0,0,0,0
4986,1,0,0,0,0
4987,1,0,0,0,0
4988,1,0,0,0,0
4989,1,0,0,0,0
4990,1,0,0,0,0
4991,1,0,0,0,0
4992,1,0,0,0,0
4993,1,0,0,0,0
4994,1,0,0,0,0
4995,1,0,0,0,0
4996,1,0,0,0,0
4997,1,0,0,0,0
4998,1,0,0,0,0
4999,1,0,0,0,0
5000,1,0,0,0,0
5001,1,0,0,0,0
5002,1,0,0,0,0
5003,1,0,0,0,0
5004,1,0,0,0,0
5005,1,0,0,0,0
5006,1,0,0,0,0
5007,1,0,0,0,0
5008,1,0,0,0,0
5009,1,0,0,0,0
5010,1,0,0,0,0
5011,1,0,0,0,0
5012,1,0,0,0,0
5013,1,0,0,0,0
5014,1,0,0,0,0
5015,1,0,0,0,0
5016,1,0,0,0,0
5017,1,0,0,0,0
5018,1,0,0,0,0
5019,1,0,0,0,0
5020,1,0,0,0,0
5021,1,0,0,0,0
5022,1,0,0,0,0
5023,1,0,0,0,0
5024,1,0,0,0,0
5025,1,0,0,0,0
5026,1,0,0,0,0
5027,1,0,0,0,0
5028,1,0,0,0,0
5029,1,0,0,0,0
5030,1,0,0,0,0
5031,1,0,0,0,0
5032,1,0,0,0,0
5033,1,0,0,0,0
5034,1,0,0,0,0
5035,1,0,0,0,0
5036,1,0,0,0,0
5037,1,0,0,0,0
5038,1,0,0,0,0
5039,1,0,0,0,0
5040,1,0,0,0,0
5041,1,0,0,0,0
5042,1,0,0,0,0
5043,1,0,0,0,0
5044,1,0,0,0,0
5045,1,0,0,0,0
5046,1,0,0,0,0
5047,1,0,0,0,0
5048,1,0,0,0,0
5049,1,0,0,0,0
5050,1,0,0,0,0
5051,1,0,0,0,0
5052,1,0,0,0,0
5053,1,0,0,0,0
5054,1,0,0,0,0
5055,1,0,0,0,0
5056,1,0,0,0,0
5057,1,0,0,0,0
5058,1,0,0,0,0
5059,1,0,0,0,0
5060,1,0,0,0,0
5061,1,0,0,0,0
5062,1,0,0,0,0
5063,1,0,0,0,0
5064,1,0,0,0,0
5065,1,0,0,0,0
5066,1,0,0,0,0
5067,1,0,0,0,0
5068,1,0,0,0,0
5069,1,0,0,0,0
5070,1,0,0,0,0
5071,1,0,0,0,0
5072,1,0,0,0,0
5073,1,0,0,0,0
5074,1,0,0,0,0
5075,1,0,0,0,0
5076,1,0,0,0,0
5077,1,0,0,0,0
5078,1,0,0,0,0
5079,1,0,0,0,0
5080,1,0,0,0,0
5081,1,0,0,0,0
5082,1,0,0,0,0
5083,1,0,0,0,0
5084,1,0,0,0,0
5085,1,0,0,0,0
5086,1,0,0,0,0
5087,1,0,0,0,0
5088,1,0,0,0,0
5089,1,0,0,0,0
5090,1,0,0,0,0
5091,1,0,0,0,0
5092,1,0,0,0,0
5093,1,0,0,0,0
5094,1,0,0,0,0
5095,1,0,0,0,0
5096,1,0,0,0,0
5097,1,0,0,0,0
5098,1,0,0,0,0
5099,1,0,0,0,0
5100,1,0,0,0,0
5101,1,0,0,0,0
5102,1,0,0,0,0
5103,1,0,0,0,0
5104,1,0,0,0,0
5105,1,0,0,0,0
5106,1,0,0,0,0
5107,1,0,0,0,0
5108,1,0,0,0,0
5109,1,0,0,0,0
5110,1,0,0,0,0
5111,1,0,0,0,0
5112,1,0,0,0,0
5113,1,0,0,0,0
5114,1,0,0,0,0
5115,1,0,0,0,0
5116,1,0,0,0,0
5117,1,0,0,0,0
5118,1,0,0,0,0
5119,1,0,0,0,0
5120,1,0,0,0,0
5121,1,0,0,0,0
5122,1,0,0,0,0
5123,1,0,0,0,0
5124,1,0,0,0,0
5125,1,0,0,0,0
5126,1,0,0,0,0
5127,1,0,0,0,0
5128,1,0,0,0,0
5129,1,0,0,0,0
5130,1,0,0,0,0
5131,1,0,0,0,0
5132,1,0,0,0,0
5133,1,0,0,0,0
5134,1,0,0,0,0
5135,0,0,0,0,1
5136,0,0,0,0,1
5137,0,0,0,0,1
5138,0,0,0,0,1
5139,0,0,0,0,1
5140,0,0,0,0,1
5141,0,0,0,0,1
5142,0,0,0,0,1
5143,0,0,0,0,1
5144,0,0,0,0,1
5145,0,0,0,0,1
5146,0,0,0,0,1
5147,0,0,0,0,1
5148,0,0,0,0,1
5149,0,0,0,0,1
5150,0,0,0,0,1
5151,0,0,0,0,1
5152,0,0,0,0,1
5153,0,0,0,0,1
5154,0,0,0,0,1
5155,0,0,0,0,1
5156,0,0,0,0,1
5157,0,0,0,0,1
5158,0,0,0,0,1
5159,0,0,0,0,1
5160,0,0,0,0,1
5161,0,0,0,0,1
5162,0,0,0,0,1
5163,0,0,0,0,1
5164,0,0,0,0,1
5165,0,0,0,0,1
5166,0,0,0,0,1
5167,0,0,0,0,1
5168,0,0,0,0,1
5169,0,0,0,0,1
5170,0,0,0,0,1
5171,0,0,0,0,1
5172,0,0,0,0,1
5173,0,0,0,0,1
5174,0,0,0,0,1
5175,0,0,0,0,1
5176,0,0,0,0,1
5177,0,0,0,0,1
5178,0,0,0,0,1
5179,0,0,0,0,1
5180,0,0,0,0,1
5181,0,0,0,0,1
5182,0,0,0,0,1
5183,0,0,0,0,1
5184,0,0,0,0,1
5185,0,0,0,0,1
5186,0,0,0,0,1
5187,0,0,0,0,1
5188,0,0,0,0,1
5189,0,0,0,0,1
5190,0,0,0,0,1
5191,0,0,0,0,1
5192,0,0,0,0,1
5193,0,0,0,0,1
5194,0,0,0,0,1
5195,0,0,0,0,1
5196,0,0,0,0,1
5197,1,0,0,0,0
5198,1,0,0,0,0
5199,1,0,0,0,0
5200,1,0,0,0,0
5201,1,0,0,0,0
5202,0,1,0,0,0
5203,0,1,0,0,0
5204,0,1,0,0,0
5205,0,1,0,0,0
5206,0,1,0,0,0
5207,0,1,0,0,0
5208,0,1,0,0,0
5209,0,1,0,0,0
5210,0,1,0,0,0
5211,0,1,0,0,0
5212,0,1,0,0,0
5213,0,1,0,0,0
5214,0,1,0,0,0
5215,0,1,0,0,0
5216,0,1,0,0,0
5217,0,1,0,0,0
5218,0,1,0,0,0
5219,0,1,0,0,0
5220,0,1,0,0,0
5221,0,1,0,0,0
5222,0,1,0,0,0
5223,0,1,0,0,0
5224,0,1,0,0,0
5225,0,1,0,0,0
5226,0,1,0,0,0
5227,0,1,0,0,0
5228,1,0,0,0,0
5229,1,0,0,0,0
5230,1,0,0,0,0
5231,1,0,0,0,0
5232,1,0,0,0,0
5233,1,0,0,0,0
5234,1,0,0,0,0
5235,1,0,0,0,0
5236,1,0,0,0,0
5237,1,0,0,0,0
5238,1,0,0,0,0
5239,1,0,0,0,0
5240,1,0,0,0,0
5241,1,0,0,0,0
5242,1,0,0,0,0
5243,1,0,0,0,0
5244,1,0,0,0,0
5245,1,0,0,0,0
5246,1,0,0,0,0
5247,1,0,0,0,0
5248,1,0,0,0,0
5249,1,0,0,0,0
5250,1,0,0,0,0
5251,1,0,0,0,0
5252,1,0,0,0,0
5253,1,0,0,0,0
5254,1,0,0,0,0
5255,1,0,0,0,0
5256,1,0,0,0,0
5257,1,0,0,0,0
5258,1,0,0,0,0
5259,1,0,0,0,0
5260,1,0,0,0,0
5261,1,0,0,0,0
5262,1,0,0,0,0
5263,1,0,0,0,0
5264,1,0,0,0,0
5265,1,0,0,0,0
5266,1,0,0,0,0
5267,1,0,0,0,0
5268,1,0,0,0,0
5269,1,0,0,0,0
5270,1,0,0,0,0
5271,1,0,0,0,0
5272,1,0,0,0,0
5273,1,0,0,0,0
5274,1,0,0,0,0
5275,1,0,0,0,0
5276,1,0,0,0,0
5277,1,0,0,0,0
5278,1,0,0,0,0
5279,1,0,0,0,0
5280,1,0,0,0,0
5281,1,0,0,0,0
5282,0,0,0,0,1
5283,0,0,0,0,1
5284,0,0,0,0,1
5285,0,0,0,0,1
5286,0,0,0,0,1
5287,0,0,0,0,1
5288,0,0,0,0,1
5289,0,0,0,0,1
5290,0,0,0,0,1
5291,0,0,0,0,1
5292,0,0,0,0,1
5293,0,0,0,0,1
5294,0,0,0,0,1
5295,0,0,0,0,1
5296,0,0,0,0,1
5297,0,0,0,0,1
5298,0,0,0,0,1
5299,0,0,0,0,1
5300,0,0,0,0,1
5301,0,0,0,0,1
5302,0,0,0,0,1
5303,0,0,0,0,1
5304,1,0,0,0,0
5305,1,0,0,0,0
5306,1,0,0,0,0
5307,1,0,0,0,0
5308,1,0,0,0,0
5309,1,0,0,0,0
5310,1,0,0,0,0
5311,1,0,0,0,0
5312,1,0,0,0,0
5313,1,0,0,0,0
5314,1,0,0,0,0
5315,1,0,0,0,0
5316,1,0,0,0,0
5317,1,0,0,0,0
5318,1,0,0,0,0
5319,1,0,0,0,0
5320,1,0,0,0,0
5321,1,0,0,0,0
5322,1,0,0,0,0
5323,1,0,0,0,0
5324,1,0,0,0,0
5325,1,0,0,0,0
5326,1,0,0,0,0
5327,1,0,0,0,0
5328,1,0,0,0,0
5329,1,0,0,0,0
5330,1,0,0,0,0
5331,1,0,0,0,0
5332,1,0,0,0,0
5333,1,0,0,0,0
5334,1,0,0,0,0
5335,1,0,0,0,0
5336,1,0,0,0,0
5337,1,0,0,0,0
5338,1,0,0,0,0
5339,1,0,0,0,0
5340,1,0,0,0,0
5341,1,0,0,0,0
5342,1,0,0,0,0
5343,1,0,0,0,0
5344,1,0,0,0,0
5345,1,0,0,0,0
5346,1,0,0,0,0
5347,1,0,0,0,0
5348,1,0,0,0,0
5349,1,0,0,0,0
5350,1,0,0,0,0
5351,1,0,0,0,0
5352,1,0,0,0,0
5353,1,0,0,0,0
5354,1,0,0,0,0
5355,1,0,0,0,0
5356,1,0,0,0,0
5357,1,0,0,0,0
5358,1,0,0,0,0
5359,1,0,0,0,0
5360,1,0,0,0,0
5361,1,0,0,0,0
5362,1,0,0,0,0
5363,1,0,0,0,0
5364,1,0,0,0,0
5365,1,0,0,0,0
5366,1,0,0,0,0
5367,1,0,0,0,0
5368,1,0,0,0,0
5369,1,0,0,0,0
5370,1,0,0,0,0
5371,1,0,0,0,0
5372,1,0,0,0,0
5373,1,0,0,0,0
5374,1,0,0,0,0
5375,1,0,0,0,0
5376,1,0,0,0,0
5377,1,0,0,0,0
5378,1,0,0,0,0
5379,1,0,0,0,0
5380,1,0,0,0,0
5381,1,0,0,0,0
5382,1,0,0,0,0
5383,1,0,0,0,0
5384,1,0,0,0,0
5385,1,0,0,0,0
5386,1,0,0,0,0
5387,1,0,0,0,0
5388,1,0,0,0,0
5389,1,0,0,0,0
5390,1,0,0,0,0
5391,1,0,0,0,0
5392,1,0,0,0,0
5393,1,0,0,0,0
5394,1,0,0,0,0
5395,1,0,0,0,0
5396,1,0,0,0,0
5397,1,0,0,0,0
5398,1,0,0,0,0
5399,1,0,0,0,0
5400,1,0,0,0,0
5401,1,0,0,0,0
5402,1,0,0,0,0
5403,1,0,0,0,0
5404,1,0,0,0,0
5405,1,0,0,0,0
5406,1,0,0,0,0
5407,1,0,0,0,0
5408,1,0,0,0,0
5409,1,0,0,0,0
5410,1,0,0,0,0
5411,1,0,0,0,0
5412,1,0,0,0,0
5413,1,0,0,0,0
5414,1,0,0,0,0
5415,1,0,0,0,0
5416,1,0,0,0,0
5417,1,0,0,0,0
5418,1,0,0,0,0
5419,1,0,0,0,0
5420,1,0,0,0,0
5421,1,0,0,0,0
5422,1,0,0,0,0
5423,1,0,0,0,0
5424,1,0,0,0,0
5425,1,0,0,0,0
5426,1,0,0,0,0
5427,1,0,0,0,0
5428,1,0,0,0,0
5429,1,0,0,0,0
5430,1,0,0,0,0
5431,1,0,0,0,0
5432,1,0,0,0,0
5433,1,0,0,0,0
5434,1,0,0,0,0
5435,1,0,0,0,0
5436,1,0,0,0,0
5437,1,0,0,0,0
5438,1,0,0,0,0
5439,1,0,0,0,0
5440,1,0,0,0,0
5441,1,0,0,0,0
5442,1,0,0,0,0
5443,1,0,0,0,0
5444,1,0,0,0,0
5445,1,0,0,0,0
5446,1,0,0,0,0
5447,1,0,0,0,0
5448,1,0,0,0,0
5449,1,0,0,0,0
5450,1,0,0,0,0
5451,1,0,0,0,0
5452,1,0,0,0,0
5453,1,0,0,0,0
5454,1,0,0,0,0
5455,1,0,0,0,0
5456,1,0,0,0,0
5457,1,0,0,0,0
5458,1,0,0,0,0
5459,1,0,0,0,0
5460,1,0,0,0,0
5461,1,0,0,0,0
5462,1,0,0,0,0
5463,1,0,0,0,0
5464,1,0,0,0,0
5465,1,0,0,0,0
5466,1,0,0,0,0
5467,1,0,0,0,0
5468,1,0,0,0,0
5469,1,0,0,0,0
5470,1,0,0,0,0
5471,1,0,0,0,0
5472,1,0,0,0,0
5473,1,0,0,0,0
5474,1,0,0,0,0
5475,1,0,0,0,0
5476,1,0,0,0,0
5477,1,0,0,0,0
5478,1,0,0,0,0
5479,1,0,0,0,0
5480,1,0,0,0,0
5481,1,0,0,0,0
5482,1,0,0,0,0
5483,1,0,0,0,0
5484,1,0,0,0,0
5485,1,0,0,0,0
5486,1,0,0,0,0
5487,1,0,0,0,0
5488,1,0,0,0,0
5489,1,0,0,0,0
5490,1,0,0,0,0
5491,1,0,0,0,0
5492,1,0,0,0,0
5493,1,0,0,0,0
5494,1,0,0,0,0
5495,1,0,0,0,0
5496,1,0,0,0,0
5497,1,0,0,0,0
5498,1,0,0,0,0
5499,1,0,0,0,0
5500,1,0,0,0,0
5501,1,0,0,0,0
5502,1,0,0,0,0
5503,1,0,0,0,0
5504,1,0,0,0,0
5505,1,0,0,0,0
5506,1,0,0,0,0
5507,1,0,0,0,0
5508,1,0,0,0,0
5509,1,0,0,0,0
5510,1,0,0,0,0
5511,1,0,0,0,0
5512,1,0,0,0,0
5513,1,0,0,0,0
5514,1,0,0,0,0
5515,1,0,0,0,0
5516,1,0,0,0,0
5517,1,0,0,0,0
5518,1,0,0,0,0
5519,1,0,0,0,0
5520,1,0,0,0,0
5521,1,0,0,0,0
5522,1,0,0,0,0
5523,1,0,0,0,0
5524,1,0,0,0,0
5525,1,0,0,0,0
5526,1,0,0,0,0
5527,1,0,0,0,0
5528,1,0,0,0,0
5529,1,0,0,0,0
5530,1,0,0,0,0
5531,1,0,0,0,0
5532,1,0,0,0,0
5533,1,0,0,0,0
5534,1,0,0,0,0
5535,1,0,0,0,0
5536,1,0,0,0,0
5537,1,0,0,0,0
5538,1,0,0,0,0
5539,1,0,0,0,0
5540,1,0,0,0,0
5541,1,0,0,0,0
5542,1,0,0,0,0
5543,1,0,0,0,0
5544,1,0,0,0,0
5545,1,0,0,0,0
5546,1,0,0,0,0
5547,1,0,0,0,0
5548,1,0,0,0,0
5549,1,0,0,0,0
5550,1,0,0,0,0
5551,1,0,0,0,0
5552,1,0,0,0,0
5553,1,0,0,0,0
5554,1,0,0,0,0
5555,1,0,0,0,0
5556,1,0,0,0,0
5557,1,0,0,0,0
5558,1,0,0,0,0
5559,1,0,0,0,0
5560,1,0,0,0,0
5561,1,0,0,0,0
5562,1,0,0,0,0
5563,1,0,0,0,0
5564,1,0,0,0,0
5565,1,0,0,0,0
5566,1,0,0,0,0
5567,1,0,0,0,0
5568,1,0,0,0,0
5569,1,0,0,0,0
5570,1,0,0,0,0
5571,1,0,0,0,0
5572,1,0,0,0,0
5573,1,0,0,0,0
5574,1,0,0,0,0
5575,1,0,0,0,0
5576,1,0,0,0,0
5577,1,0,0,0,0
5578,1,0,0,0,0
5579,1,0,0,0,0
5580,1,0,0,0,0
5581,1,0,0,0,0
5582,1,0,0,0,0
5583,1,0,0,0,0
5584,1,0,0,0,0
5585,1,0,0,0,0
5586,1,0,0,0,0
5587,1,0,0,0,0
5588,1,0,0,0,0
5589,1,0,0,0,0
5590,1,0,0,0,0
5591,1,0,0,0,0
5592,1,0,0,0,0
5593,0,0,0,0,1
5594,0,0,0,0,1
5595,0,0,0,0,1
5596,0,0,0,0,1
5597,0,0,0,0,1
5598,0,0,0,0,1
5599,0,0,0,0,1
5600,0,0,0,0,1
5601,0,0,0,0,1
5602,0,0,0,0,1
5603,0,0,0,0,1
5604,0,0,0,0,1
5605,0,0,0,0,1
5606,0,0,0,0,1
5607,0,0,0,0,1
5608,0,0,0,0,1
5609,0,0,0,0,1
5610,0,0,0,0,1
5611,0,0,0,0,1
5612,0,0,0,0,1
5613,0,0,0,0,1
5614,0,0,0,0,1
5615,0,0,0,0,1
5616,0,0,0,0,1
5617,0,0,0,0,1
5618,0,0,0,0,1
5619,0,0,0,0,1
5620,0,0,0,0,1
5621,0,0,0,0,1
5622,0,0,0,0,1
5623,0,0,0,0,1
5624,0,0,0,0,1
5625,0,0,0,0,1
5626,0,0,0,0,1
5627,0,0,0,0,1
5628,0,0,0,0,1
5629,0,0,0,0,1
5630,0,0,0,0,1
5631,0,0,0,0,1
5632,0,0,0,0,1
5633,0,0,0,0,1
5634,0,0,0,0,1
5635,0,0,0,0,1
5636,0,0,0,0,1
5637,0,0,0,0,1
5638,0,0,0,0,1
5639,0,0,0,0,1
5640,0,0,0,0,1
5641,0,0,0,0,1
5642,0,0,0,0,1
5643,0,0,0,0,1
5644,0,0,0,0,1
5645,0,0,0,0,1
5646,0,0,0,0,1
5647,0,0,0,0,1
5648,0,0,0,0,1
5649,0,0,0,0,1
5650,0,0,0,0,1
5651,0,0,0,0,1
5652,0,0,0,0,1
5653,0,0,0,0,1
5654,0,0,0,0,1
5655,0,0,0,0,1
5656,0,0,0,0,1
5657,0,0,0,0,1
5658,0,0,0,0,1
5659,0,0,0,0,1
5660,0,0,0,0,1
5661,0,0,0,0,1
5662,0,0,0,0,1
5663,0,0,0,0,1
5664,0,0,0,0,1
5665,0,0,0,0,1
5666,0,0,0,0,1
5667,0,0,0,0,1
5668,0,0,0,0,1
5669,0,0,0,0,1
5670,1,0,0,0,0
5671,1,0,0,0,0
5672,1,0,0,0,0
5673,1,0,0,0,0
5674,1,0,0,0,0
5675,1,0,0,0,0
5676,1,0,0,0,0
5677,1,0,0,0,0
5678,1,0,0,0,0
5679,1,0,0,0,0
5680,1,0,0,0,0
5681,1,0,0,0,0
5682,1,0,0,0,0
5683,1,0,0,0,0
5684,1,0,0,0,0
5685,1,0,0,0,0
5686,0,0,0,1,0
5687,0,0,0,1,0
5688,0,0,0,1,0
5689,0,0,0,1,0
5690,0,0,0,1,0
5691,0,0,0,1,0
5692,0,0,0,1,0
5693,0,0,0,1,0
5694,0,0,0,1,0
5695,0,0,0,1,0
5696,1,0,0,0,0
5697,1,0,0,0,0
5698,1,0,0,0,0
5699,1,0,0,0,0
5700,1,0,0,0,0
5701,1,0,0,0,0
5702,1,0,0,0,0
5703,1,0,0,0,0
5704,1,0,0,0,0
5705,1,0,0,0,0
5706,1,0,0,0,0
5707,1,0,0,0,0
5708,1,0,0,0,0
5709,1,0,0,0,0
5710,1,0,0,0,0
5711,1,0,0,0,0
5712,1,0,0,0,0
5713,1,0,0,0,0
5714,1,0,0,0,0
5715,1,0,0,0,0
5716,1,0,0,0,0
5717,1,0,0,0,0
5718,1,0,0,0,0
5719,1,0,0,0,0
5720,1,0,0,0,0
5721,1,0,0,0,0
5722,1,0,0,0,0
5723,1,0,0,0,0
5724,1,0,0,0,0
5725,1,0,0,0,0
5726,1,0,0,0,0
5727,1,0,0,0,0
5728,1,0,0,0,0
5729,1,0,0,0,0
5730,1,0,0,0,0
5731,1,0,0,0,0
5732,1,0,0,0,0
5733,1,0,0,0,0
5734,1,0,0,0,0
5735,1,0,0,0,0
5736,1,0,0,0,0
5737,1,0,0,0,0
5738,1,0,0,0,0
5739,1,0,0,0,0
5740,1,0,0,0,0
5741,1,0,0,0,0
5742,1,0,0,0,0
5743,1,0,0,0,0
5744,1,0,0,0,0
5745,1,0,0,0,0
5746,1,0,0,0,0
5747,1,0,0,0,0
5748,1,0,0,0,0
5749,1,0,0,0,0
5750,1,0,0,0,0
5751,1,0,0,0,0
5752,1,0,0,0,0
5753,1,0,0,0,0
5754,1,0,0,0,0
5755,1,0,0,0,0
5756,1,0,0,0,0
5757,1,0,0,0,0
5758,1,0,0,0,0
5759,1,0,0,0,0
5760,1,0,0,0,0
5761,1,0,0,0,0
5762,1,0,0,0,0
5763,1,0,0,0,0
5764,1,0,0,0,0
5765,1,0,0,0,0
5766,1,0,0,0,0
5767,1,0,0,0,0
5768,1,0,0,0,0
5769,1,0,0,0,0
5770,1,0,0,0,0
5771,1,0,0,0,0
5772,1,0,0,0,0
5773,1,0,0,0,0
5774,1,0,0,0,0
5775,1,0,0,0,0
5776,1,0,0,0,0
5777,1,0,0,0,0
5778,1,0,0,0,0
5779,1,0,0,0,0
5780,1,0,0,0,0
5781,1,0,0,0,0
5782,1,0,0,0,0
5783,1,0,0,0,0
5784,1,0,0,0,0
5785,1,0,0,0,0
5786,1,0,0,0,0
5787,1,0,0,0,0
5788,1,0,0,0,0
5789,1,0,0,0,0
5790,1,0,0,0,0
5791,1,0,0,0,0
5792,1,0,0,0,0
5793,1,0,0,0,0
5794,1,0,0,0,0
5795,1,0,0,0,0
5796,1,0,0,0,0
5797,1,0,0,0,0
5798,1,0,0,0,0
5799,1,0,0,0,0
5800,1,0,0,0,0
5801,1,0,0,0,0
5802,1,0,0,0,0
5803,1,0,0,0,0
5804,1,0,0,0,0
5805,1,0,0,0,0
5806,1,0,0,0,0
5807,1,0,0,0,0
5808,1,0,0,0,0
5809,1,0,0,0,0
5810,1,0,0,0,0
5811,1,0,0,0,0
5812,1,0,0,0,0
5813,1,0,0,0,0
5814,1,0,0,0,0
5815,1,0,0,0,0
5816,1,0,0,0,0
5817,1,0,0,0,0
5818,1,0,0,0,0
5819,1,0,0,0,0
5820,1,0,0,0,0
5821,1,0,0,0,0
5822,1,0,0,0,0
5823,1,0,0,0,0
5824,1,0,0,0,0
5825,1,0,0,0,0
5826,1,0,0,0,0
5827,1,0,0,0,0
5828,1,0,0,0,0
5829,1,0,0,0,0
5830,1,0,0,0,0
5831,1,0,0,0,0
5832,1,0,0,0,0
5833,1,0,0,0,0
5834,1,0,0,0,0
5835,1,0,0,0,0
5836,1,0,0,0,0
5837,1,0,0,0,0
5838,1,0,0,0,0
5839,1,0,0,0,0
5840,1,0,0,0,0
5841,1,0,0,0,0
5842,1,0,0,0,0
5843,1,0,0,0,0
5844,1,0,0,0,0
5845,1,0,0,0,0
5846,1,0,0,0,0
5847,1,0,0,0,0
5848,1,0,0,0,0
5849,1,0,0,0,0
5850,1,0,0,0,0
5851,1,0,0,0,0
5852,1,0,0,0,0
5853,1,0,0,0,0
5854,1,0,0,0,0
5855,1,0,0,0,0
5856,1,0,0,0,0
5857,1,0,0,0,0
5858,1,0,0,0,0
5859,1,0,0,0,0
5860,1,0,0,0,0
5861,1,0,0,0,0
5862,1,0,0,0,0
5863,1,0,0,0,0
5864,1,0,0,0,0
5865,1,0,0,0,0
5866,1,0,0,0,0
5867,1,0,0,0,0
5868,1,0,0,0,0
5869,1,0,0,0,0
5870,1,0,0,0,0
5871,1,0,0,0,0
5872,1,0,0,0,0
5873,1,0,0,0,0
5874,1,0,0,0,0
5875,1,0,0,0,0
5876,1,0,0,0,0
5877,1,0,0,0,0
5878,1,0,0,0,0
5879,1,0,0,0,0
5880,1,0,0,0,0
5881,1,0,0,0,0
5882,1,0,0,0,0
5883,1,0,0,0,0
5884,1,0,0,0,0
5885,1,0,0,0,0
5886,1,0,0,0,0
5887,1,0,0,0,0
5888,1,0,0,0,0
5889,1,0,0,0,0
5890,1,0,0,0,0
5891,1,0,0,0,0
5892,1,0,0,0,0
5893,1,0,0,0,0
5894,1,0,0,0,0
5895,1,0,0,0,0
5896,1,0,0,0,0
5897,1,0,0,0,0
5898,1,0,0,0,0
5899,1,0,0,0,0
5900,1,0,0,0,0
5901,1,0,0,0,0
5902,1,0,0,0,0
5903,1,0,0,0,0
5904,1,0,0,0,0
5905,1,0,0,0,0
5906,1,0,0,0,0
5907,1,0,0,0,0
5908,1,0,0,0,0
5909,1,0,0,0,0
5910,1,0,0,0,0
5911,1,0,0,0,0
5912,1,0,0,0,0
5913,1,0,0,0,0
5914,1,0,0,0,0
5915,1,0,0,0,0
5916,1,0,0,0,0
5917,1,0,0,0,0
5918,1,0,0,0,0
5919,1,0,0,0,0
5920,1,0,0,0,0
5921,1,0,0,0,0
5922,1,0,0,0,0
5923,1,0,0,0,0
5924,1,0,0,0,0
5925,1,0,0,0,0
5926,1,0,0,0,0
5927,1,0,0,0,0
5928,1,0,0,0,0
5929,1,0,0,0,0
5930,1,0,0,0,0
5931,1,0,0,0,0
5932,1,0,0,0,0
5933,1,0,0,0,0
5934,1,0,0,0,0
5935,1,0,0,0,0
5936,1,0,0,0,0
5937,1,0,0,0,0
5938,1,0,0,0,0
5939,1,0,0,0,0
5940,1,0,0,0,0
5941,1,0,0,0,0
5942,1,0,0,0,0
5943,1,0,0,0,0
5944,1,0,0,0,0
5945,1,0,0,0,0
5946,1,0,0,0,0
5947,1,0,0,0,0
5948,1,0,0,0,0
5949,1,0,0,0,0
5950,1,0,0,0,0
5951,1,0,0,0,0
5952,1,0,0,0,0
5953,1,0,0,0,0
5954,1,0,0,0,0
5955,1,0,0,0,0
5956,1,0,0,0,0
5957,1,0,0,0,0
5958,1,0,0,0,0
5959,0,0,0,0,1
5960,0,0,0,0,1
5961,0,0,0,0,1
5962,0,0,0,0,1
5963,0,0,0,0,1
5964,0,0,0,0,1
5965,0,0,0,0,1
5966,0,0,0,0,1
5967,0,0,0,0,1
5968,0,0,0,0,1
5969,0,0,0,0,1
5970,0,0,0,0,1
5971,0,0,0,0,1
5972,0,0,0,0,1
5973,0,0,0,0,1
5974,0,0,0,0,1
5975,0,0,0,0,1
5976,0,0,0,0,1
5977,0,0,0,0,1
5978,0,0,0,0,1
5979,0,0,0,0,1
5980,0,0,0,0,1
5981,0,0,0,0,1
5982,0,0,0,0,1
5983,0,0,0,0,1
5984,0,0,0,0,1
5985,0,0,0,0,1
5986,0,0,0,0,1
5987,0,0,0,0,1
5988,0,0,0,0,1
5989,0,0,0,0,1
5990,0,0,0,0,1
5991,0,0,0,0,1
5992,0,0,0,0,1
5993,0,0,0,0,1
5994,0,0,0,0,1
5995,0,0,0,0,1
5996,0,0,0,0,1
5997,0,0,0,0,1
5998,0,0,0,0,1
5999,0,0,0,0,1
6000,0,1,0,0,0
6001,0,1,0,0,0
6002,0,1,0,0,0
6003,0,1,0,0,0
6004,0,1,0,0,0
6005,0,1,0,0,0
6006,0,1,0,0,0
6007,0,1,0,0,0
6008,0,1,0,0,0
6009,0,1,0,0,0
6010,0,1,0,0,0
6011,0,1,0,0,0
6012,0,1,0,0,0
6013,0,1,0,0,0
6014,0,1,0,0,0
6015,0,1,0,0,0
6016,0,1,0,0,0
6017,0,1,0,0,0
6018,0,1,0,0,0
6019,0,1,0,0,0
6020,0,1,0,0,0
6021,0,1,0,0,0
6022,0,1,0,0,0
6023,0,1,0,0,0
6024,0,1,0,0,0
6025,0,1,0,0,0
6026,0,1,0,0,0
6027,0,1,0,0,0
6028,0,1,0,0,0
6029,0,1,0,0,0
6030,0,1,0,0,0
6031,0,1,0,0,0
6032,0,1,0,0,0
6033,0,1,0,0,0
6034,0,1,0,0,0
6035,1,0,0,0,0
6036,1,0,0,0,0
6037,1,0,0,0,0
6038,1,0,0,0,0
6039,1,0,0,0,0
6040,1,0,0,0,0
6041,1,0,0,0,0
6042,1,0,0,0,0
6043,1,0,0,0,0
6044,1,0,0,0,0
6045,1,0,0,0,0
6046,1,0,0,0,0
6047,1,0,0,0,0
6048,1,0,0,0,0
6049,1,0,0,0,0
6050,1,0,0,0,0
6051,1,0,0,0,0
6052,1,0,0,0,0
6053,1,0,0,0,0
6054,1,0,0,0,0
6055,1,0,0,0,0
6056,1,0,0,0,0
6057,1,0,0,0,0
6058,1,0,0,0,0
6059,1,0,0,0,0
6060,1,0,0,0,0
6061,1,0,0,0,0
6062,1,0,0,0,0
6063,1,0,0,0,0
6064,1,0,0,0,0
6065,1,0,0,0,0
6066,1,0,0,0,0
6067,1,0,0,0,0
6068,1,0,0,0,0
6069,1,0,0,0,0
6070,1,0,0,0,0
6071,1,0,0,0,0
6072,1,0,0,0,0
6073,1,0,0,0,0
6074,1,0,0,0,0
6075,1,0,0,0,0
6076,1,0,0,0,0
6077,1,0,0,0,0
6078,1,0,0,0,0
6079,1,0,0,0,0
6080,1,0,0,0,0
6081,1,0,0,0,0
6082,1,0,0,0,0
6083,1,0,0,0,0
6084,1,0,0,0,0
6085,1,0,0,0,0
6086,1,0,0,0,0
6087,1,0,0,0,0
6088,1,0,0,0,0
6089,1,0,0,0,0
6090,1,0,0,0,0
6091,1,0,0,0,0
6092,1,0,0,0,0
6093,1,0,0,0,0
6094,1,0,0,0,0
6095,1,0,0,0,0
6096,1,0,0,0,0
6097,1,0,0,0,0
6098,1,0,0,0,0
6099,1,0,0,0,0
6100,1,0,0,0,0
6101,1,0,0,0,0
6102,1,0,0,0,0
6103,1,0,0,0,0
6104,1,0,0,0,0
6105,1,0,0,0,0
6106,1,0,0,0,0
6107,1,0,0,0,0
6108,1,0,0,0,0
6109,1,0,0,0,0
6110,1,0,0,0,0
6111,1,0,0,0,0
6112,1,0,0,0,0
6113,1,0,0,0,0
6114,1,0,0,0,0
6115,1,0,0,0,0
6116,1,0,0,0,0
6117,1,0,0,0,0
6118,1,0,0,0,0
6119,1,0,0,0,0
6120,1,0,0,0,0
6121,1,0,0,0,0
6122,1,0,0,0,0
6123,1,0,0,0,0
6124,1,0,0,0,0
6125,1,0,0,0,0
6126,1,0,0,0,0
6127,1,0,0,0,0
6128,1,0,0,0,0
6129,1,0,0,0,0
6130,1,0,0,0,0
6131,1,0,0,0,0
6132,1,0,0,0,0
6133,1,0,0,0,0
6134,1,0,0,0,0
6135,1,0,0,0,0
6136,1,0,0,0,0
6137,1,0,0,0,0
6138,1,0,0,0,0
6139,1,0,0,0,0
6140,1,0,0,0,0
6141,1,0,0,0,0
6142,1,0,0,0,0
6143,1,0,0,0,0
6144,1,0,0,0,0
6145,1,0,0,0,0
6146,1,0,0,0,0
6147,1,0,0,0,0
6148,1,0,0,0,0
6149,1,0,0,0,0
6150,1,0,0,0,0
6151,1,0,0,0,0
6152,1,0,0,0,0
6153,1,0,0,0,0
6154,1,0,0,0,0
6155,1,0,0,0,0
6156,1,0,0,0,0
6157,1,0,0,0,0
6158,1,0,0,0,0
6159,1,0,0,0,0
6160,1,0,0,0,0
6161,1,0,0,0,0
6162,1,0,0,0,0
6163,1,0,0,0,0
6164,1,0,0,0,0
6165,1,0,0,0,0
6166,1,0,0,0,0
6167,1,0,0,0,0
6168,1,0,0,0,0
6169,1,0,0,0,0
6170,1,0,0,0,0
6171,1,0,0,0,0
6172,1,0,0,0,0
6173,1,0,0,0,0
6174,1,0,0,0,0
6175,1,0,0,0,0
6176,1,0,0,0,0
6177,1,0,0,0,0
6178,1,0,0,0,0
6179,1,0,0,0,0
6180,1,0,0,0,0
6181,1,0,0,0,0
6182,1,0,0,0,0
6183,1,0,0,0,0
6184,1,0,0,0,0
6185,1,0,0,0,0
6186,0,0,0,0,1
6187,0,0,0,0,1
6188,0,0,0,0,1
6189,0,0,0,0,1
6190,0,0,0,0,1
6191,0,0,0,0,1
6192,0,0,0,0,1
6193,0,0,0,0,1
6194,0,0,0,0,1
6195,0,0,0,0,1
6196,0,0,0,0,1
6197,0,0,0,0,1
6198,0,0,0,0,1
6199,0,0,0,0,1
6200,0,0,0,0,1
6201,0,0,0,0,1
6202,0,0,0,0,1
6203,0,0,0,0,1
6204,0,0,0,0,1
6205,0,0,0,0,1
6206,0,0,0,0,1
6207,0,0,0,0,1
6208,0,0,0,0,1
6209,1,0,0,0,0
6210,1,0,0,0,0
6211,1,0,0,0,0
6212,1,0,0,0,0
6213,1,0,0,0,0
6214,1,0,0,0,0
6215,1,0,0,0,0
6216,1,0,0,0,0
6217,1,0,0,0,0
6218,1,0,0,0,0
6219,1,0,0,0,0
6220,1,0,0,0,0
6221,1,0,0,0,0
6222,1,0,0,0,0
6223,1,0,0,0,0
6224,1,0,0,0,0
6225,1,0,0,0,0
6226,1,0,0,0,0
6227,1,0,0,0,0
6228,1,0,0,0,0
6229,1,0,0,0,0
6230,1,0,0,0,0
6231,1,0,0,0,0
6232,1,0,0,0,0
6233,1,0,0,0,0
6234,1,0,0,0,0
6235,1,0,0,0,0
6236,1,0,0,0,0
6237,1,0,0,0,0
6238,1,0,0,0,0
6239,1,0,0,0,0
6240,1,0,0,0,0
6241,1,0,0,0,0
6242,1,0,0,0,0
6243,1,0,0,0,0
6244,1,0,0,0,0
6245,1,0,0,0,0
6246,1,0,0,0,0
6247,1,0,0,0,0
6248,1,0,0,0,0
6249,1,0,0,0,0
6250,1,0,0,0,0
6251,1,0,0,0,0
6252,1,0,0,0,0
6253,1,0,0,0,0
6254,1,0,0,0,0
6255,1,0,0,0,0
6256,1,0,0,0,0
6257,1,0,0,0,0
6258,1,0,0,0,0
6259,1,0,0,0,0
6260,1,0,0,0,0
6261,1,0,0,0,0
6262,1,0,0,0,0
6263,1,0,0,0,0
6264,1,0,0,0,0
6265,1,0,0,0,0
6266,1,0,0,0,0
6267,1,0,0,0,0
6268,1,0,0,0,0
6269,1,0,0,0,0
6270,1,0,0,0,0
6271,1,0,0,0,0
6272,1,0,0,0,0
6273,1,0,0,0,0
6274,1,0,0,0,0
6275,1,0,0,0,0
6276,1,0,0,0,0
6277,1,0,0,0,0
6278,1,0,0,0,0
6279,1,0,0,0,0
6280,1,0,0,0,0
6281,1,0,0,0,0
6282,1,0,0,0,0
6283,1,0,0,0,0
6284,1,0,0,0,0
6285,1,0,0,0,0
6286,1,0,0,0,0
6287,1,0,0,0,0
6288,1,0,0,0,0
6289,1,0,0,0,0
6290,1,0,0,0,0
6291,1,0,0,0,0
6292,1,0,0,0,0
6293,1,0,0,0,0
6294,1,0,0,0,0
6295,1,0,0,0,0
6296,1,0,0,0,0
6297,1,0,0,0,0
6298,1,0,0,0,0
6299,1,0,0,0,0
6300,1,0,0,0,0
6301,1,0,0,0,0
6302,1,0,0,0,0
6303,1,0,0,0,0
6304,1,0,0,0,0
6305,1,0,0,0,0
6306,1,0,0,0,0
6307,1,0,0,0,0
6308,1,0,0,0,0
6309,1,0,0,0,0
6310,1,0,0,0,0
6311,1,0,0,0,0
6312,1,0,0,0,0
6313,1,0,0,0,0
6314,1,0,0,0,0
6315,0,1,0,0,0
6316,0,1,0,0,0
6317,0,1,0,0,0
6318,0,1,0,0,0
6319,0,1,0,0,0
6320,0,1,0,0,0
6321,0,1,0,0,0
6322,0,1,0,0,0
6323,0,1,0,0,0
6324,0,1,0,0,0
6325,0,1,0,0,0
6326,0,1,0,0,0
6327,0,1,0,0,0
6328,0,1,0,0,0
6329,0,1,0,0,0
6330,0,1,0,0,0
6331,0,1,0,0,0
6332,0,1,0,0,0
6333,0,1,0,0,0
6334,0,1,0,0,0
6335,0,1,0,0,0
6336,0,1,0,0,0
6337,0,1,0,0,0
6338,0,1,0,0,0
6339,0,1,0,0,0
6340,0,1,0,0,0
6341,0,1,0,0,0
6342,0,1,0,0,0
6343,0,1,0,0,0
6344,0,1,0,0,0
6345,0,1,0,0,0
6346,0,1,0,0,0
6347,0,1,0,0,0
6348,0,1,0,0,0
6349,0,1,0,0,0
6350,0,1,0,0,0
6351,0,1,0,0,0
6352,0,1,0,0,0
6353,0,1,0,0,0
6354,0,1,0,0,0
6355,0,1,0,0,0
6356,0,1,0,0,0
6357,0,1,0,0,0
6358,0,1,0,0,0
6359,0,1,0,0,0
6360,0,1,0,0,0
6361,0,1,0,0,0
6362,0,1,0,0,0
6363,0,1,0,0,0
6364,0,1,0,0,0
6365,0,1,0,0,0
6366,0,1,0,0,0
6367,0,1,0,0,0
6368,0,1,0,0,0
6369,0,1,0,0,0
6370,0,1,0,0,0
6371,1,0,0,0,0
6372,1,0,0,0,0
6373,1,0,0,0,0
6374,1,0,0,0,0
6375,1,0,0,0,0
6376,1,0,0,0,0
6377,1,0,0,0,0
6378,1,0,0,0,0
6379,1,0,0,0,0
6380,1,0,0,0,0
6381,1,0,0,0,0
6382,1,0,0,0,0
6383,1,0,0,0,0
6384,1,0,0,0,0
6385,1,0,0,0,0
6386,1,0,0,0,0
6387,1,0,0,0,0
6388,1,0,0,0,0
6389,1,0,0,0,0
6390,1,0,0,0,0
6391,1,0,0,0,0
6392,1,0,0,0,0
6393,1,0,0,0,0
6394,1,0,0,0,0
6395,1,0,0,0,0
6396,1,0,0,0,0
6397,1,0,0,0,0
6398,1,0,0,0,0
6399,1,0,0,0,0
6400,1,0,0,0,0
6401,1,0,0,0,0
6402,1,0,0,0,0
6403,1,0,0,0,0
6404,1,0,0,0,0
6405,1,0,0,0,0
6406,1,0,0,0,0
6407,1,0,0,0,0
6408,1,0,0,0,0
6409,1,0,0,0,0
6410,1,0,0,0,0
6411,1,0,0,0,0
6412,1,0,0,0,0
6413,1,0,0,0,0
6414,1,0,0,0,0
6415,1,0,0,0,0
6416,1,0,0,0,0
6417,1,0,0,0,0
6418,1,0,0,0,0
6419,1,0,0,0,0
6420,1,0,0,0,0
6421,1,0,0,0,0
6422,1,0,0,0,0
6423,1,0,0,0,0
6424,1,0,0,0,0
6425,1,0,0,0,0
6426,1,0,0,0,0
6427,1,0,0,0,0
6428,1,0,0,0,0
6429,1,0,0,0,0
6430,1,0,0,0,0
6431,1,0,0,0,0
6432,1,0,0,0,0
6433,1,0,0,0,0
6434,1,0,0,0,0
6435,1,0,0,0,0
6436,1,0,0,0,0
6437,1,0,0,0,0
6438,1,0,0,0,0
6439,1,0,0,0,0
6440,1,0,0,0,0
6441,1,0,0,0,0
6442,1,0,0,0,0
6443,1,0,0,0,0
6444,1,0,0,0,0
6445,1,0,0,0,0
6446,1,0,0,0,0
6447,1,0,0,0,0
6448,1,0,0,0,0
6449,1,0,0,0,0
6450,1,0,0,0,0
6451,1,0,0,0,0
6452,1,0,0,0,0
6453,1,0,0,0,0
6454,1,0,0,0,0
6455,1,0,0,0,0
6456,1,0,0,0,0
6457,1,0,0,0,0
6458,1,0,0,0,0
6459,1,0,0,0,0
6460,1,0,0,0,0
6461,1,0,0,0,0
6462,1,0,0,0,0
6463,1,0,0,0,0
6464,1,0,0,0,0
6465,1,0,0,0,0
6466,1,0,0,0,0
6467,1,0,0,0,0
6468,1,0,0,0,0
6469,1,0,0,0,0
6470,1,0,0,0,0
6471,1,0,0,0,0
6472,1,0,0,0,0
6473,1,0,0,0,0
6474,1,0,0,0,0
6475,1,0,0,0,0
6476,1,0,0,0,0
6477,1,0,0,0,0
6478,1,0,0,0,0
6479,1,0,0,0,0
6480,1,0,0,0,0
6481,1,0,0,0,0
6482,1,0,0,0,0
6483,1,0,0,0,0
6484,1,0,0,0,0
6485,1,0,0,0,0
6486,1,0,0,0,0
6487,1,0,0,0,0
6488,1,0,0,0,0
6489,1,0,0,0,0
6490,1,0,0,0,0
6491,1,0,0,0,0
6492,1,0,0,0,0
6493,1,0,0,0,0
6494,1,0,0,0,0
6495,1,0,0,0,0
6496,1,0,0,0,0
6497,1,0,0,0,0
6498,1,0,0,0,0
6499,1,0,0,0,0
6500,1,0,0,0,0
6501,1,0,0,0,0
6502,0,0,0,0,1
6503,0,0,0,0,1
6504,0,0,0,0,1
6505,0,0,0,0,1
6506,0,0,0,0,1
6507,0,0,0,0,1
6508,0,0,0,0,1
6509,0,0,0,0,1
6510,0,0,0,0,1
6511,0,0,0,0,1
6512,0,0,0,0,1
6513,0,0,0,0,1
6514,0,0,0,0,1
6515,0,0,0,0,1
6516,0,0,0,0,1
6517,0,1,0,0,0
6518,0,1,0,0,0
6519,0,1,0,0,0
6520,0,1,0,0,0
6521,0,1,0,0,0
6522,0,1,0,0,0
6523,0,1,0,0,0
6524,0,1,0,0,0
6525,0,1,0,0,0
6526,0,1,0,0,0
6527,0,1,0,0,0
6528,0,1,0,0,0
6529,0,1,0,0,0
6530,0,1,0,0,0
6531,0,1,0,0,0
6532,0,1,0,0,0
6533,0,1,0,0,0
6534,0,1,0,0,0
6535,0,1,0,0,0
6536,0,1,0,0,0
6537,0,1,0,0,0
6538,0,1,0,0,0
6539,0,1,0,0,0
6540,0,1,0,0,0
6541,0,1,0,0,0
6542,0,1,0,0,0
6543,0,1,0,0,0
6544,0,1,0,0,0
6545,0,1,0,0,0
6546,0,1,0,0,0
6547,0,1,0,0,0
6548,0,1,0,0,0
6549,0,1,0,0,0
6550,0,1,0,0,0
6551,0,1,0,0,0
6552,0,1,0,0,0
6553,1,0,0,0,0
6554,1,0,0,0,0
6555,1,0,0,0,0
6556,1,0,0,0,0
6557,1,0,0,0,0
6558,1,0,0,0,0
6559,1,0,0,0,0
6560,1,0,0,0,0
6561,1,0,0,0,0
6562,1,0,0,0,0
6563,1,0,0,0,0
6564,1,0,0,0,0
6565,1,0,0,0,0
6566,1,0,0,0,0
6567,1,0,0,0,0
6568,1,0,0,0,0
6569,1,0,0,0,0
6570,1,0,0,0,0
6571,1,0,0,0,0
6572,1,0,0,0,0
6573,1,0,0,0,0
6574,1,0,0,0,0
6575,1,0,0,0,0
6576,1,0,0,0,0
6577,1,0,0,0,0
6578,1,0,0,0,0
6579,1,0,0,0,0
6580,1,0,0,0,0
6581,1,0,0,0,0
6582,1,0,0,0,0
6583,1,0,0,0,0
6584,1,0,0,0,0
6585,1,0,0,0,0
6586,1,0,0,0,0
6587,1,0,0,0,0
6588,1,0,0,0,0
6589,1,0,0,0,0
6590,1,0,0,0,0
6591,1,0,0,0,0
6592,1,0,0,0,0
6593,1,0,0,0,0
6594,1,0,0,0,0
6595,1,0,0,0,0
6596,1,0,0,0,0
6597,1,0,0,0,0
6598,1,0,0,0,0
6599,1,0,0,0,0
6600,1,0,0,0,0
6601,1,0,0,0,0
6602,1,0,0,0,0
6603,1,0,0,0,0
6604,1,0,0,0,0
6605,1,0,0,0,0
6606,1,0,0,0,0
6607,1,0,0,0,0
6608,1,0,0,0,0
6609,1,0,0,0,0
6610,1,0,0,0,0
6611,1,0,0,0,0
6612,1,0,0,0,0
6613,1,0,0,0,0
6614,1,0,0,0,0
6615,1,0,0,0,0
6616,1,0,0,0,0
6617,1,0,0,0,0
6618,1,0,0,0,0
6619,1,0,0,0,0
6620,1,0,0,0,0
6621,1,0,0,0,0
6622,1,0,0,0,0
6623,1,0,0,0,0
6624,1,0,0,0,0
6625,1,0,0,0,0
6626,1,0,0,0,0
6627,1,0,0,0,0
6628,1,0,0,0,0
6629,1,0,0,0,0
6630,1,0,0,0,0
6631,1,0,0,0,0
6632,1,0,0,0,0
6633,1,0,0,0,0
6634,1,0,0,0,0
6635,1,0,0,0,0
6636,1,0,0,0,0
6637,1,0,0,0,0
6638,1,0,0,0,0
6639,1,0,0,0,0
6640,1,0,0,0,0
6641,1,0,0,0,0
6642,1,0,0,0,0
6643,1,0,0,0,0
6644,1,0,0,0,0
6645,1,0,0,0,0
6646,1,0,0,0,0
6647,1,0,0,0,0
6648,1,0,0,0,0
6649,1,0,0,0,0
6650,1,0,0,0,0
6651,1,0,0,0,0
6652,1,0,0,0,0
6653,1,0,0,0,0
6654,1,0,0,0,0
6655,1,0,0,0,0
6656,1,0,0,0,0
6657,1,0,0,0,0
6658,1,0,0,0,0
6659,1,0,0,0,0
6660,1,0,0,0,0
6661,1,0,0,0,0
6662,1,0,0,0,0
6663,1,0,0,0,0
6664,1,0,0,0,0
6665,1,0,0,0,0
6666,1,0,0,0,0
6667,1,0,0,0,0
6668,1,0,0,0,0
6669,1,0,0,0,0
6670,1,0,0,0,0
6671,1,0,0,0,0
6672,1,0,0,0,0
6673,1,0,0,0,0
6674,1,0,0,0,0
6675,1,0,0,0,0
6676,1,0,0,0,0
6677,1,0,0,0,0
6678,1,0,0,0,0
6679,1,0,0,0,0
6680,1,0,0,0,0
6681,1,0,0,0,0
6682,1,0,0,0,0
6683,1,0,0,0,0
6684,1,0,0,0,0
6685,1,0,0,0,0
6686,1,0,0,0,0
6687,1,0,0,0,0
6688,1,0,0,0,0
6689,1,0,0,0,0
6690,1,0,0,0,0
6691,1,0,0,0,0
6692,1,0,0,0,0
6693,1,0,0,0,0
6694,1,0,0,0,0
6695,1,0,0,0,0
6696,1,0,0,0,0
6697,1,0,0,0,0
6698,1,0,0,0,0
6699,1,0,0,0,0
6700,1,0,0,0,0
6701,1,0,0,0,0
6702,1,0,0,0,0
6703,1,0,0,0,0
6704,1,0,0,0,0
6705,1,0,0,0,0
6706,1,0,0,0,0
6707,1,0,0,0,0
6708,1,0,0,0,0
6709,1,0,0,0,0
6710,1,0,0,0,0
6711,1,0,0,0,0
6712,1,0,0,0,0
6713,1,0,0,0,0
6714,1,0,0,0,0
6715,1,0,0,0,0
6716,1,0,0,0,0
6717,1,0,0,0,0
6718,1,0,0,0,0
6719,1,0,0,0,0
6720,1,0,0,0,0
6721,1,0,0,0,0
6722,1,0,0,0,0
6723,1,0,0,0,0
6724,1,0,0,0,0
6725,1,0,0,0,0
6726,1,0,0,0,0
6727,1,0,0,0,0
6728,1,0,0,0,0
6729,1,0,0,0,0
6730,1,0,0,0,0
6731,0,1,0,0,0
6732,0,1,0,0,0
6733,0,1,0,0,0
6734,0,1,0,0,0
6735,0,1,0,0,0
6736,0,1,0,0,0
6737,0,1,0,0,0
6738,0,1,0,0,0
6739,0,1,0,0,0
6740,0,1,0,0,0
6741,0,1,0,0,0
6742,0,1,0,0,0
6743,0,1,0,0,0
6744,0,1,0,0,0
6745,0,1,0,0,0
6746,0,1,0,0,0
6747,0,1,0,0,0
6748,0,1,0,0,0
6749,0,1,0,0,0
6750,0,1,0,0,0
6751,0,1,0,0,0
6752,0,1,0,0,0
6753,0,1,0,0,0
6754,1,0,0,0,0
6755,1,0,0,0,0
6756,1,0,0,0,0
6757,1,0,0,0,0
6758,1,0,0,0,0
6759,1,0,0,0,0
6760,1,0,0,0,0
6761,1,0,0,0,0
6762,1,0,0,0,0
6763,1,0,0,0,0
6764,1,0,0,0,0
6765,1,0,0,0,0
6766,1,0,0,0,0
6767,1,0,0,0,0
6768,1,0,0,0,0
6769,1,0,0,0,0
6770,1,0,0,0,0
6771,1,0,0,0,0
6772,1,0,0,0,0
6773,1,0,0,0,0
6774,1,0,0,0,0
6775,1,0,0,0,0
6776,1,0,0,0,0
6777,1,0,0,0,0
6778,1,0,0,0,0
6779,1,0,0,0,0
6780,1,0,0,0,0
6781,1,0,0,0,0
6782,1,0,0,0,0
6783,1,0,0,0,0
6784,1,0,0,0,0
6785,1,0,0,0,0
6786,1,0,0,0,0
6787,1,0,0,0,0
6788,1,0,0,0,0
6789,1,0,0,0,0
6790,1,0,0,0,0
6791,1,0,0,0,0
6792,1,0,0,0,0
6793,1,0,0,0,0
6794,1,0,0,0,0
6795,1,0,0,0,0
6796,1,0,0,0,0
6797,1,0,0,0,0
6798,1,0,0,0,0
6799,1,0,0,0,0
6800,1,0,0,0,0
6801,1,0,0,0,0
6802,1,0,0,0,0
6803,1,0,0,0,0
6804,1,0,0,0,0
6805,1,0,0,0,0
6806,1,0,0,0,0
6807,1,0,0,0,0
6808,1,0,0,0,0
6809,1,0,0,0,0
6810,1,0,0,0,0
6811,1,0,0,0,0
6812,1,0,0,0,0
6813,1,0,0,0,0
6814,1,0,0,0,0
6815,1,0,0,0,0
6816,1,0,0,0,0
6817,1,0,0,0,0
6818,1,0,0,0,0
6819,1,0,0,0,0
6820,1,0,0,0,0
6821,1,0,0,0,0
6822,1,0,0,0,0
6823,1,0,0,0,0
6824,1,0,0,0,0
6825,0,1,0,0,0
6826,0,1,0,0,0
6827,0,1,0,0,0
6828,0,1,0,0,0
6829,0,1,0,0,0
6830,0,1,0,0,0
6831,0,1,0,0,0
6832,0,1,0,0,0
6833,0,1,0,0,0
6834,0,1,0,0,0
6835,0,1,0,0,0
6836,0,1,0,0,0
6837,0,1,0,0,0
6838,0,1,0,0,0
6839,0,1,0,0,0
6840,0,1,0,0,0
6841,0,1,0,0,0
6842,0,1,0,0,0
6843,0,1,0,0,0
6844,0,1,0,0,0
6845,0,1,0,0,0
6846,0,1,0,0,0
6847,0,1,0,0,0
6848,0,1,0,0,0
6849,0,1,0,0,0
6850,0,1,0,0,0
6851,0,1,0,0,0
6852,0,1,0,0,0
6853,0,1,0,0,0
6854,0,1,0,0,0
6855,0,1,0,0,0
6856,0,1,0,0,0
6857,0,1,0,0,0
6858,0,1,0,0,0
6859,0,1,0,0,0
6860,0,1,0,0,0
6861,0,1,0,0,0
6862,1,0,0,0,0
6863,1,0,0,0,0
6864,1,0,0,0,0
6865,1,0,0,0,0
6866,1,0,0,0,0
6867,1,0,0,0,0
6868,1,0,0,0,0
6869,1,0,0,0,0
6870,1,0,0,0,0
6871,1,0,0,0,0
6872,1,0,0,0,0
6873,1,0,0,0,0
6874,1,0,0,0,0
6875,1,0,0,0,0
6876,1,0,0,0,0
6877,1,0,0,0,0
6878,1,0,0,0,0
6879,1,0,0,0,0
6880,1,0,0,0,0
6881,1,0,0,0,0
6882,1,0,0,0,0
6883,1,0,0,0,0
6884,1,0,0,0,0
6885,1,0,0,0,0
6886,1,0,0,0,0
6887,1,0,0,0,0
6888,1,0,0,0,0
6889,1,0,0,0,0
6890,1,0,0,0,0
6891,1,0,0,0,0
6892,1,0,0,0,0
6893,1,0,0,0,0
6894,1,0,0,0,0
6895,1,0,0,0,0
6896,1,0,0,0,0
6897,1,0,0,0,0
6898,1,0,0,0,0
6899,1,0,0,0,0
6900,1,0,0,0,0
6901,1,0,0,0,0
6902,1,0,0,0,0
6903,1,0,0,0,0
6904,1,0,0,0,0
6905,1,0,0,0,0
6906,1,0,0,0,0
6907,1,0,0,0,0
6908,1,0,0,0,0
6909,1,0,0,0,0
6910,1,0,0,0,0
6911,1,0,0,0,0
6912,1,0,0,0,0
6913,1,0,0,0,0
6914,1,0,0,0,0
6915,1,0,0,0,0
6916,1,0,0,0,0
6917,1,0,0,0,0
6918,1,0,0,0,0
6919,1,0,0,0,0
6920,1,0,0,0,0
6921,1,0,0,0,0
6922,1,0,0,0,0
6923,1,0,0,0,0
6924,1,0,0,0,0
6925,1,0,0,0,0
6926,1,0,0,0,0
6927,1,0,0,0,0
6928,1,0,0,0,0
6929,1,0,0,0,0
6930,1,0,0,0,0
6931,1,0,0,0,0
6932,1,0,0,0,0
6933,1,0,0,0,0
6934,1,0,0,0,0
6935,1,0,0,0,0
6936,1,0,0,0,0
6937,1,0,0,0,0
6938,1,0,0,0,0
6939,1,0,0,0,0
6940,1,0,0,0,0
6941,1,0,0,0,0
6942,1,0,0,0,0
6943,1,0,0,0,0
6944,1,0,0,0,0
6945,1,0,0,0,0
6946,1,0,0,0,0
6947,1,0,0,0,0
6948,1,0,0,0,0
6949,1,0,0,0,0
6950,1,0,0,0,0
6951,1,0,0,0,0
6952,1,0,0,0,0
6953,1,0,0,0,0
6954,1,0,0,0,0
6955,1,0,0,0,0
6956,1,0,0,0,0
6957,1,0,0,0,0
6958,1,0,0,0,0
6959,1,0,0,0,0
6960,1,0,0,0,0
6961,1,0,0,0,0
6962,1,0,0,0,0
6963,1,0,0,0,0
6964,1,0,0,0,0
6965,0,0,0,0,1
6966,0,0,0,0,1
6967,0,0,0,0,1
6968,0,0,0,0,1
6969,0,0,0,0,1
6970,0,0,0,0,1
6971,0,0,0,0,1
6972,0,0,0,0,1
6973,0,0,0,0,1
6974,0,0,0,0,1
6975,0,0,0,0,1
6976,0,0,0,0,1
6977,0,0,0,0,1
6978,0,0,0,0,1
6979,0,0,0,0,1
6980,0,0,0,0,1
6981,0,0,0,0,1
6982,0,0,0,0,1
6983,0,0,0,0,1
6984,0,0,0,0,1
6985,0,0,0,0,1
6986,0,0,0,0,1
6987,0,0,0,0,1
6988,0,0,0,0,1
6989,0,0,0,0,1
6990,0,0,0,0,1
6991,0,0,0,0,1
6992,0,0,0,0,1
6993,0,0,0,0,1
6994,0,0,0,0,1
6995,0,0,0,0,1
6996,0,0,0,0,1
6997,0,0,0,0,1
6998,0,0,0,0,1
6999,0,0,0,0,1
7000,0,0,0,0,1
7001,0,0,0,0,1
7002,0,0,0,0,1
7003,0,0,0,0,1
7004,0,0,0,0,1
7005,0,0,0,0,1
7006,0,0,0,0,1
7007,0,0,0,0,1
7008,0,0,0,0,1
7009,0,0,0,0,1
7010,0,0,0,0,1
7011,0,0,0,0,1
7012,0,0,0,0,1
7013,0,0,0,0,1
7014,0,0,0,0,1
7015,0,0,0,0,1
7016,0,0,0,0,1
7017,0,0,0,0,1
7018,0,0,0,0,1
7019,0,0,0,0,1
7020,0,0,0,0,1
7021,0,0,0,0,1
7022,0,0,0,0,1
7023,0,0,0,0,1
7024,0,0,0,0,1
7025,0,0,0,0,1
7026,0,0,0,0,1
7027,0,0,0,0,1
7028,0,0,0,0,1
7029,0,0,0,0,1
7030,0,0,0,0,1
7031,0,0,0,0,1
7032,0,0,0,0,1
7033,0,0,0,0,1
7034,0,0,0,0,1
7035,0,0,0,0,1
7036,0,0,0,0,1
7037,0,0,0,0,1
7038,0,0,0,0,1
7039,0,0,0,0,1
7040,0,0,0,0,1
7041,0,0,0,0,1
7042,0,0,0,0,1
7043,0,0,0,0,1
7044,0,0,0,0,1
7045,1,0,0,0,0
7046,1,0,0,0,0
7047,1,0,0,0,0
7048,1,0,0,0,0
7049,1,0,0,0,0
7050,1,0,0,0,0
7051,1,0,0,0,0
7052,1,0,0,0,0
7053,1,0,0,0,0
7054,1,0,0,0,0
7055,1,0,0,0,0
7056,1,0,0,0,0
7057,1,0,0,0,0
7058,1,0,0,0,0
7059,1,0,0,0,0
7060,1,0,0,0,0
7061,1,0,0,0,0
7062,1,0,0,0,0
7063,1,0,0,0,0
7064,1,0,0,0,0
7065,1,0,0,0,0
7066,1,0,0,0,0
7067,0,1,0,0,0
7068,0,1,0,0,0
7069,0,1,0,0,0
7070,0,1,0,0,0
7071,0,1,0,0,0
7072,0,1,0,0,0
7073,0,1,0,0,0
7074,0,1,0,0,0
7075,0,1,0,0,0
7076,0,1,0,0,0
7077,0,1,0,0,0
7078,0,1,0,0,0
7079,0,1,0,0,0
7080,0,1,0,0,0
7081,0,1,0,0,0
7082,0,1,0,0,0
7083,0,1,0,0,0
7084,0,1,0,0,0
7085,0,1,0,0,0
7086,0,1,0,0,0
7087,0,1,0,0,0
7088,0,1,0,0,0
7089,0,1,0,0,0
7090,0,1,0,0,0
7091,0,1,0,0,0
7092,1,0,0,0,0
7093,1,0,0,0,0
7094,1,0,0,0,0
7095,1,0,0,0,0
7096,1,0,0,0,0
7097,1,0,0,0,0
7098,1,0,0,0,0
7099,1,0,0,0,0
7100,1,0,0,0,0
7101,1,0,0,0,0
7102,1,0,0,0,0
7103,1,0,0,0,0
7104,1,0,0,0,0
7105,1,0,0,0,0
7106,1,0,0,0,0
7107,1,0,0,0,0
7108,1,0,0,0,0
7109,1,0,0,0,0
7110,1,0,0,0,0
7111,1,0,0,0,0
7112,1,0,0,0,0
7113,1,0,0,0,0
7114,1,0,0,0,0
7115,1,0,0,0,0
7116,1,0,0,0,0
7117,1,0,0,0,0
7118,1,0,0,0,0
7119,1,0,0,0,0
7120,1,0,0,0,0
7121,1,0,0,0,0
7122,1,0,0,0,0
7123,1,0,0,0,0
7124,1,0,0,0,0
7125,1,0,0,0,0
7126,1,0,0,0,0
7127,1,0,0,0,0
7128,1,0,0,0,0
7129,1,0,0,0,0
7130,1,0,0,0,0
7131,1,0,0,0,0
7132,1,0,0,0,0
7133,1,0,0,0,0
7134,1,0,0,0,0
7135,1,0,0,0,0
7136,1,0,0,0,0
7137,1,0,0,0,0
7138,1,0,0,0,0
7139,1,0,0,0,0
7140,1,0,0,0,0
7141,1,0,0,0,0
7142,1,0,0,0,0
7143,1,0,0,0,0
7144,1,0,0,0,0
7145,1,0,0,0,0
7146,1,0,0,0,0
7147,1,0,0,0,0
7148,1,0,0,0,0
7149,1,0,0,0,0
7150,1,0,0,0,0
7151,1,0,0,0,0
7152,1,0,0,0,0
7153,1,0,0,0,0
7154,1,0,0,0,0
7155,1,0,0,0,0
7156,1,0,0,0,0
7157,1,0,0,0,0
7158,1,0,0,0,0
7159,1,0,0,0,0
7160,1,0,0,0,0
7161,1,0,0,0,0
7162,1,0,0,0,0
7163,1,0,0,0,0
7164,1,0,0,0,0
7165,1,0,0,0,0
7166,1,0,0,0,0
7167,1,0,0,0,0
7168,1,0,0,0,0
7169,1,0,0,0,0
7170,1,0,0,0,0
7171,1,0,0,0,0
7172,1,0,0,0,0
7173,1,0,0,0,0
7174,1,0,0,0,0
7175,0,0,0,0,1
7176,0,0,0,0,1
7177,0,0,0,0,1
7178,0,0,0,0,1
7179,0,0,0,0,1
7180,0,0,0,0,1
7181,0,0,0,0,1
7182,0,0,0,0,1
7183,0,0,0,0,1
7184,0,0,0,0,1
7185,0,0,0,0,1
7186,0,0,0,0,1
7187,0,0,0,0,1
7188,0,0,0,0,1
7189,0,0,0,0,1
7190,0,0,0,0,1
7191,0,0,0,0,1
7192,0,0,0,0,1
7193,0,0,0,0,1
7194,0,0,0,0,1
7195,0,0,0,0,1
7196,0,0,0,0,1
7197,0,0,0,0,1
7198,0,0,0,0,1
7199,0,0,0,0,1
7200,0,0,0,0,1
7201,0,0,0,0,1
7202,0,0,0,0,1
7203,0,0,0,0,1
7204,0,0,0,0,1
7205,0,0,0,0,1
7206,0,0,0,0,1
7207,0,0,0,0,1
7208,0,0,0,0,1
7209,0,0,0,0,1
7210,0,0,0,0,1
7211,0,0,0,0,1
7212,0,0,0,0,1
7213,0,0,0,0,1
7214,0,0,0,0,1
7215,0,0,0,0,1
7216,0,0,0,0,1
7217,0,0,0,0,1
7218,0,0,0,0,1
7219,0,0,0,0,1
7220,0,0,0,0,1
7221,0,0,0,0,1
7222,0,0,0,0,1
7223,0,0,0,0,1
7224,0,0,0,0,1
7225,0,0,0,0,1
7226,0,0,0,0,1
7227,0,0,0,0,1
7228,0,0,0,0,1
7229,0,0,0,0,1
7230,0,0,0,0,1
7231,0,0,0,0,1
7232,0,0,0,0,1
7233,0,0,0,0,1
7234,0,0,0,0,1
7235,0,0,0,0,1
7236,0,0,0,0,1
7237,0,0,0,0,1
7238,0,0,0,0,1
7239,0,0,0,0,1
7240,0,0,0,0,1
7241,0,0,0,0,1
7242,0,0,0,0,1
7243,0,0,0,0,1
7244,0,0,0,0,1
7245,0,0,0,0,1
7246,0,0,0,0,1
7247,0,0,0,0,1
7248,0,0,0,0,1
7249,0,0,0,0,1
7250,0,0,0,0,1
7251,0,0,0,0,1
7252,0,0,0,0,1
7253,0,0,0,0,1
7254,0,0,0,0,1
7255,0,0,0,0,1
7256,0,0,0,0,1
7257,0,0,0,0,1
7258,0,0,0,0,1
7259,0,0,0,0,1
7260,0,0,0,0,1
7261,0,0,0,0,1
7262,0,0,0,0,1
7263,0,0,0,0,1
7264,0,0,0,0,1
7265,0,0,0,0,1
7266,0,0,0,0,1
7267,0,0,0,0,1
7268,0,0,0,0,1
7269,0,0,0,0,1
7270,0,0,0,0,1
7271,0,0,0,0,1
7272,0,0,0,0,1
7273,0,0,0,0,1
7274,0,0,0,0,1
7275,0,0,0,0,1
7276,0,0,0,0,1
7277,0,0,0,0,1
7278,0,0,0,0,1
7279,0,0,0,0,1
7280,0,0,0,0,1
7281,0,0,0,0,1
7282,0,0,0,0,1
7283,0,0,0,0,1
7284,0,0,0,0,1
7285,0,0,0,0,1
7286,0,0,0,0,1
7287,0,0,0,0,1
7288,0,0,0,0,1
7289,0,0,0,0,1
7290,0,0,0,0,1
7291,0,0,0,0,1
7292,0,0,0,0,1
7293,0,0,0,0,1
7294,0,0,0,0,1
7295,0,0,0,0,1
7296,0,0,0,0,1
7297,0,0,0,0,1
7298,0,0,0,0,1
7299,0,0,0,0,1
7300,0,0,0,0,1
7301,0,0,0,0,1
7302,0,0,0,0,1
7303,0,0,0,0,1
7304,0,0,0,0,1
7305,0,0,0,0,1
7306,0,0,0,0,1
7307,0,0,0,0,1
7308,0,0,0,0,1
7309,0,0,0,0,1
7310,0,0,0,0,1
7311,0,0,0,0,1
7312,0,0,0,0,1
7313,0,0,0,0,1
7314,0,0,0,0,1
7315,0,0,0,0,1
7316,0,0,0,0,1
7317,0,0,0,0,1
7318,0,0,0,0,1
7319,0,0,0,0,1
7320,0,0,0,0,1
7321,0,0,0,0,1
7322,0,0,0,0,1
7323,0,0,0,0,1
7324,0,0,0,0,1
7325,0,0,0,0,1
7326,0,0,0,0,1
7327,0,0,0,0,1
7328,0,0,0,0,1
7329,0,0,0,0,1
7330,0,0,0,0,1
7331,0,0,0,0,1
7332,0,0,0,0,1
7333,0,0,0,0,1
7334,0,0,0,0,1
7335,0,0,0,0,1
7336,0,0,0,0,1
7337,0,0,0,0,1
7338,0,0,0,0,1
7339,0,0,0,0,1
7340,0,0,0,0,1
7341,0,0,0,0,1
7342,0,0,0,0,1
7343,0,0,0,0,1
7344,0,0,0,0,1
7345,0,0,0,0,1
7346,0,0,0,0,1
7347,0,0,0,0,1
7348,0,0,0,0,1
7349,0,0,0,0,1
7350,0,0,0,0,1
7351,0,0,0,0,1
7352,0,0,0,0,1
7353,0,0,0,0,1
7354,0,0,0,0,1
7355,0,0,0,0,1
7356,0,0,0,0,1
7357,0,0,0,0,1
7358,0,0,0,0,1
7359,0,0,0,0,1
7360,0,0,0,0,1
7361,0,0,0,0,1
7362,0,0,0,0,1
7363,0,0,0,0,1
7364,0,0,0,0,1
7365,0,0,0,0,1
7366,0,0,0,0,1
7367,0,0,0,0,1
7368,0,0,0,0,1
7369,0,0,0,0,1
7370,0,0,0,0,1
7371,0,0,0,0,1
7372,0,0,0,0,1
7373,0,0,0,0,1
7374,0,0,0,0,1
7375,0,0,0,0,1
7376,0,0,0,0,1
7377,0,0,0,0,1
7378,0,0,0,0,1
7379,0,0,0,0,1
7380,0,0,0,0,1
7381,0,0,0,0,1
7382,0,0,0,0,1
7383,0,0,0,0,1
7384,0,0,0,0,1
7385,0,0,0,0,1
7386,0,0,0,0,1
7387,0,0,0,0,1
7388,0,0,0,0,1
7389,0,0,0,0,1
7390,0,0,0,0,1
7391,0,0,0,0,1
7392,0,0,0,0,1
7393,0,0,0,0,1
7394,0,0,0,0,1
7395,0,0,0,0,1
7396,0,0,0,0,1
7397,0,0,0,0,1
7398,0,0,0,0,1
7399,0,0,0,0,1
7400,0,0,0,0,1
7401,0,0,0,0,1
7402,0,0,0,0,1
7403,0,0,0,0,1
7404,1,0,0,0,0
7405,1,0,0,0,0
7406,1,0,0,0,0
7407,1,0,0,0,0
7408,1,0,0,0,0
7409,1,0,0,0,0
7410,1,0,0,0,0
7411,1,0,0,0,0
7412,1,0,0,0,0
7413,1,0,0,0,0
7414,1,0,0,0,0
7415,1,0,0,0,0
7416,1,0,0,0,0
7417,1,0,0,0,0
7418,1,0,0,0,0
7419,1,0,0,0,0
7420,1,0,0,0,0
7421,1,0,0,0,0
7422,1,0,0,0,0
7423,1,0,0,0,0
7424,1,0,0,0,0
7425,1,0,0,0,0
7426,1,0,0,0,0
7427,1,0,0,0,0
7428,1,0,0,0,0
7429,1,0,0,0,0
7430,1,0,0,0,0
7431,1,0,0,0,0
7432,1,0,0,0,0
7433,1,0,0,0,0
7434,1,0,0,0,0
7435,1,0,0,0,0
7436,1,0,0,0,0
7437,1,0,0,0,0
7438,1,0,0,0,0
7439,1,0,0,0,0
7440,1,0,0,0,0
7441,1,0,0,0,0
7442,1,0,0,0,0
7443,1,0,0,0,0
7444,1,0,0,0,0
7445,1,0,0,0,0
7446,1,0,0,0,0
7447,1,0,0,0,0
7448,1,0,0,0,0
7449,1,0,0,0,0
7450,1,0,0,0,0
7451,1,0,0,0,0
7452,1,0,0,0,0
7453,1,0,0,0,0
7454,1,0,0,0,0
7455,1,0,0,0,0
7456,1,0,0,0,0
7457,1,0,0,0,0
7458,1,0,0,0,0
7459,1,0,0,0,0
7460,1,0,0,0,0
7461,1,0,0,0,0
7462,1,0,0,0,0
7463,1,0,0,0,0
7464,1,0,0,0,0
7465,1,0,0,0,0
7466,1,0,0,0,0
7467,1,0,0,0,0
7468,1,0,0,0,0
7469,1,0,0,0,0
7470,1,0,0,0,0
7471,1,0,0,0,0
7472,1,0,0,0,0
7473,1,0,0,0,0
7474,1,0,0,0,0
7475,1,0,0,0,0
7476,1,0,0,0,0
7477,1,0,0,0,0
7478,1,0,0,0,0
7479,1,0,0,0,0
7480,1,0,0,0,0
7481,1,0,0,0,0
7482,1,0,0,0,0
7483,1,0,0,0,0
7484,1,0,0,0,0
7485,1,0,0,0,0
7486,1,0,0,0,0
7487,0,0,0,0,1
7488,0,0,0,0,1
7489,0,0,0,0,1
7490,0,0,0,0,1
7491,0,0,0,0,1
7492,0,0,0,0,1
7493,0,0,0,0,1
7494,0,0,0,0,1
7495,0,0,0,0,1
7496,0,0,0,0,1
7497,0,0,0,0,1
7498,0,0,0,0,1
7499,0,0,0,0,1
7500,0,0,0,0,1
7501,0,0,0,0,1
7502,0,0,0,0,1
7503,0,0,0,0,1
7504,1,0,0,0,0
7505,1,0,0,0,0
7506,1,0,0,0,0
7507,1,0,0,0,0
7508,1,0,0,0,0
7509,1,0,0,0,0
7510,1,0,0,0,0
7511,1,0,0,0,0
7512,1,0,0,0,0
7513,1,0,0,0,0
7514,1,0,0,0,0
7515,1,0,0,0,0
7516,1,0,0,0,0
7517,1,0,0,0,0
7518,1,0,0,0,0
7519,1,0,0,0,0
7520,1,0,0,0,0
7521,1,0,0,0,0
7522,1,0,0,0,0
7523,1,0,0,0,0
7524,1,0,0,0,0
7525,1,0,0,0,0
7526,1,0,0,0,0
7527,1,0,0,0,0
7528,1,0,0,0,0
7529,1,0,0,0,0
7530,1,0,0,0,0
7531,1,0,0,0,0
7532,1,0,0,0,0
7533,1,0,0,0,0
7534,1,0,0,0,0
7535,1,0,0,0,0
7536,1,0,0,0,0
7537,1,0,0,0,0
7538,1,0,0,0,0
7539,1,0,0,0,0
7540,1,0,0,0,0
7541,1,0,0,0,0
7542,1,0,0,0,0
7543,1,0,0,0,0
7544,1,0,0,0,0
7545,1,0,0,0,0
7546,1,0,0,0,0
7547,1,0,0,0,0
7548,1,0,0,0,0
7549,1,0,0,0,0
7550,1,0,0,0,0
7551,1,0,0,0,0
7552,1,0,0,0,0
7553,1,0,0,0,0
7554,1,0,0,0,0
7555,1,0,0,0,0
7556,1,0,0,0,0
7557,1,0,0,0,0
7558,1,0,0,0,0
7559,1,0,0,0,0
7560,1,0,0,0,0
7561,1,0,0,0,0
7562,1,0,0,0,0
7563,1,0,0,0,0
7564,1,0,0,0,0
7565,1,0,0,0,0
7566,1,0,0,0,0
7567,1,0,0,0,0
7568,1,0,0,0,0
7569,1,0,0,0,0
7570,1,0,0,0,0
7571,1,0,0,0,0
7572,1,0,0,0,0
7573,1,0,0,0,0
7574,1,0,0,0,0
7575,1,0,0,0,0
7576,1,0,0,0,0
7577,1,0,0,0,0
7578,1,0,0,0,0
7579,1,0,0,0,0
7580,1,0,0,0,0
7581,1,0,0,0,0
7582,1,0,0,0,0
7583,0,1,0,0,0
7584,0,1,0,0,0
7585,0,1,0,0,0
7586,0,1,0,0,0
7587,0,1,0,0,0
7588,0,1,0,0,0
7589,0,1,0,0,0
7590,0,1,0,0,0
7591,0,1,0,0,0
7592,0,1,0,0,0
7593,0,1,0,0,0
7594,0,1,0,0,0
7595,0,1,0,0,0
7596,0,1,0,0,0
7597,0,1,0,0,0
7598,0,1,0,0,0
7599,0,1,0,0,0
7600,0,1,0,0,0
7601,0,1,0,0,0
7602,0,1,0,0,0
7603,0,1,0,0,0
7604,0,1,0,0,0
7605,0,1,0,0,0
7606,0,1,0,0,0
7607,0,1,0,0,0
7608,0,1,0,0,0
7609,0,1,0,0,0
7610,0,1,0,0,0
7611,0,1,0,0,0
7612,0,1,0,0,0
7613,0,1,0,0,0
7614,0,1,0,0,0
7615,0,1,0,0,0
7616,0,1,0,0,0
7617,0,1,0,0,0
7618,0,1,0,0,0
7619,1,0,0,0,0
7620,1,0,0,0,0
7621,1,0,0,0,0
7622,1,0,0,0,0
7623,1,0,0,0,0
7624,1,0,0,0,0
7625,1,0,0,0,0
7626,1,0,0,0,0
7627,1,0,0,0,0
7628,1,0,0,0,0
7629,1,0,0,0,0
7630,1,0,0,0,0
7631,1,0,0,0,0
7632,1,0,0,0,0
7633,1,0,0,0,0
7634,1,0,0,0,0
7635,1,0,0,0,0
7636,1,0,0,0,0
7637,1,0,0,0,0
7638,1,0,0,0,0
7639,1,0,0,0,0
7640,1,0,0,0,0
7641,1,0,0,0,0
7642,1,0,0,0,0
7643,1,0,0,0,0
7644,1,0,0,0,0
7645,1,0,0,0,0
7646,1,0,0,0,0
7647,1,0,0,0,0
7648,1,0,0,0,0
7649,1,0,0,0,0
7650,1,0,0,0,0
7651,1,0,0,0,0
7652,1,0,0,0,0
7653,1,0,0,0,0
7654,1,0,0,0,0
7655,1,0,0,0,0
7656,1,0,0,0,0
7657,0,0,0,0,1
7658,0,0,0,0,1
7659,0,0,0,0,1
7660,0,0,0,0,1
7661,0,0,0,0,1
7662,0,0,0,0,1
7663,0,0,0,0,1
7664,0,0,0,0,1
7665,0,0,0,0,1
7666,0,0,0,0,1
7667,0,0,0,0,1
7668,0,0,0,0,1
7669,0,0,0,0,1
7670,0,0,0,0,1
7671,0,0,0,0,1
7672,0,0,0,0,1
7673,0,0,0,0,1
7674,0,0,0,0,1
7675,0,0,0,0,1
7676,0,0,0,0,1
7677,0,0,0,0,1
7678,0,0,0,0,1
7679,0,0,0,0,1
7680,0,0,0,0,1
7681,0,0,0,0,1
7682,0,0,0,0,1
7683,0,0,0,0,1
7684,1,0,0,0,0
7685,1,0,0,0,0
7686,1,0,0,0,0
7687,1,0,0,0,0
7688,1,0,0,0,0
7689,1,0,0,0,0
7690,1,0,0,0,0
7691,1,0,0,0,0
7692,1,0,0,0,0
7693,1,0,0,0,0
7694,1,0,0,0,0
7695,1,0,0,0,0
7696,1,0,0,0,0
7697,1,0,0,0,0
7698,1,0,0,0,0
7699,1,0,0,0,0
7700,1,0,0,0,0
7701,1,0,0,0,0
7702,1,0,0,0,0
7703,1,0,0,0,0
7704,1,0,0,0,0
7705,1,0,0,0,0
7706,1,0,0,0,0
7707,1,0,0,0,0
7708,1,0,0,0,0
7709,1,0,0,0,0
7710,1,0,0,0,0
7711,1,0,0,0,0
7712,1,0,0,0,0
7713,1,0,0,0,0
7714,1,0,0,0,0
7715,1,0,0,0,0
7716,1,0,0,0,0
7717,1,0,0,0,0
7718,1,0,0,0,0
7719,1,0,0,0,0
7720,1,0,0,0,0
7721,1,0,0,0,0
7722,1,0,0,0,0
7723,1,0,0,0,0
7724,1,0,0,0,0
7725,1,0,0,0,0
7726,1,0,0,0,0
7727,1,0,0,0,0
7728,0,0,0,0,1
7729,0,0,0,0,1
7730,0,0,0,0,1
7731,0,0,0,0,1
7732,0,0,0,0,1
7733,0,0,0,0,1
7734,0,0,0,0,1
7735,0,0,0,0,1
7736,0,0,0,0,1
7737,0,0,0,0,1
7738,0,0,0,0,1
7739,0,0,0,0,1
7740,0,0,0,0,1
7741,0,0,0,0,1
7742,0,0,0,0,1
7743,0,0,0,0,1
7744,0,0,0,0,1
7745,0,0,0,0,1
7746,0,0,0,0,1
7747,0,0,0,0,1
7748,0,0,0,0,1
7749,0,0,0,0,1
7750,0,0,0,0,1
7751,0,0,0,0,1
7752,0,0,0,0,1
7753,0,0,0,0,1
7754,0,0,0,0,1
7755,0,0,0,0,1
7756,0,0,0,0,1
7757,0,0,0,0,1
7758,0,0,0,0,1
7759,0,0,0,0,1
7760,0,0,0,0,1
7761,0,0,0,0,1
7762,0,0,0,0,1
7763,0,0,0,0,1
7764,0,0,0,0,1
7765,0,0,0,0,1
7766,0,0,0,0,1
7767,0,0,0,0,1
7768,0,0,0,0,1
7769,0,0,0,0,1
7770,0,0,0,0,1
7771,0,0,0,0,1
7772,0,0,0,0,1
7773,0,0,0,0,1
7774,0,0,0,0,1
7775,0,0,0,0,1
7776,0,0,0,0,1
7777,0,0,0,0,1
7778,0,0,0,0,1
7779,0,0,0,0,1
7780,0,0,0,0,1
7781,0,0,0,0,1
7782,0,0,0,0,1
7783,0,0,0,0,1
7784,0,0,0,0,1
7785,0,0,0,0,1
7786,0,0,0,0,1
7787,0,0,0,0,1
7788,0,0,0,0,1
7789,0,0,0,0,1
7790,0,0,0,0,1
7791,0,0,0,0,1
7792,0,0,0,0,1
7793,0,0,0,0,1
7794,0,0,0,0,1
7795,0,0,0,0,1
7796,0,0,0,0,1
7797,0,0,0,0,1
7798,0,0,0,0,1
7799,0,0,0,0,1
7800,0,0,0,0,1
7801,0,0,0,0,1
7802,0,0,0,0,1
7803,0,0,0,0,1
7804,0,0,0,0,1
7805,0,0,0,0,1
7806,0,0,0,0,1
7807,0,0,0,0,1
7808,0,0,0,0,1
7809,0,0,0,0,1
7810,0,0,0,0,1
7811,0,0,0,0,1
7812,0,0,0,0,1
7813,0,0,0,0,1
7814,0,0,0,0,1
7815,0,0,0,0,1
7816,0,0,0,0,1
7817,0,0,0,0,1
7818,0,0,0,0,1
7819,0,0,0,0,1
7820,0,0,0,0,1
7821,0,0,0,0,1
7822,0,0,0,0,1
7823,0,0,0,0,1
7824,0,0,0,0,1
7825,0,0,0,0,1
7826,0,0,0,0,1
7827,0,0,0,0,1
7828,0,0,0,0,1
7829,0,0,0,0,1
7830,0,0,0,0,1
7831,0,0,0,0,1
7832,0,0,0,0,1
7833,0,0,0,0,1
7834,0,0,0,0,1
7835,0,0,0,0,1
7836,0,0,0,0,1
7837,0,0,0,0,1
7838,0,0,0,0,1
7839,0,0,0,0,1
7840,0,0,0,0,1
7841,0,0,0,0,1
7842,0,0,0,0,1
7843,0,0,0,0,1
7844,0,0,0,0,1
7845,0,0,0,0,1
7846,0,0,0,0,1
7847,0,0,0,0,1
7848,0,0,0,0,1
7849,0,0,0,0,1
7850,0,0,0,0,1
7851,0,0,0,0,1
7852,0,0,0,0,1
7853,0,0,0,0,1
7854,0,0,0,0,1
7855,0,0,0,0,1
7856,0,0,0,0,1
7857,0,0,0,0,1
7858,0,0,0,0,1
7859,0,0,0,0,1
7860,0,0,0,0,1
7861,0,0,0,0,1
7862,0,0,0,0,1
7863,0,0,0,0,1
7864,0,0,0,0,1
7865,0,0,0,0,1
7866,0,0,0,0,1
7867,0,0,0,0,1
7868,0,0,0,0,1
7869,0,0,0,0,1
7870,0,0,0,0,1
7871,0,0,0,0,1
7872,0,0,0,0,1
7873,0,0,0,0,1
7874,0,0,0,0,1
7875,0,0,0,0,1
7876,0,0,0,0,1
7877,0,0,0,0,1
7878,0,0,0,0,1
7879,0,0,0,0,1
7880,0,0,0,0,1
7881,0,0,0,0,1
7882,0,0,0,0,1
7883,0,0,0,0,1
7884,0,0,0,0,1
7885,0,0,0,0,1
7886,0,0,0,0,1
7887,0,0,0,0,1
7888,0,0,0,0,1
7889,0,0,0,0,1
7890,0,0,0,0,1
7891,0,0,0,0,1
7892,0,0,0,0,1
7893,0,0,0,0,1
7894,0,0,0,0,1
7895,0,0,0,0,1
7896,0,0,0,0,1
7897,0,0,0,0,1
7898,0,0,0,0,1
7899,0,0,0,0,1
7900,0,0,0,0,1
7901,0,0,0,0,1
7902,0,0,0,0,1
7903,0,0,0,0,1
7904,0,0,0,0,1
7905,0,0,0,0,1
7906,0,0,0,0,1
7907,0,0,0,0,1
7908,0,0,0,0,1
7909,0,0,0,0,1
7910,0,0,0,0,1
7911,0,0,0,0,1
7912,0,0,0,0,1
7913,0,0,0,0,1
7914,0,0,0,0,1
7915,0,0,0,0,1
7916,0,0,0,0,1
7917,0,0,0,0,1
7918,0,0,0,0,1
7919,0,0,0,0,1
7920,0,0,0,0,1
7921,1,0,0,0,0
7922,1,0,0,0,0
7923,1,0,0,0,0
7924,1,0,0,0,0
7925,1,0,0,0,0
7926,1,0,0,0,0
7927,1,0,0,0,0
7928,1,0,0,0,0
7929,1,0,0,0,0
7930,1,0,0,0,0
7931,1,0,0,0,0
7932,1,0,0,0,0
7933,1,0,0,0,0
7934,1,0,0,0,0
7935,1,0,0,0,0
7936,1,0,0,0,0
7937,1,0,0,0,0
7938,1,0,0,0,0
7939,1,0,0,0,0
7940,1,0,0,0,0
7941,1,0,0,0,0
7942,1,0,0,0,0
7943,1,0,0,0,0
7944,1,0,0,0,0
7945,1,0,0,0,0
7946,1,0,0,0,0
7947,1,0,0,0,0
7948,1,0,0,0,0
7949,1,0,0,0,0
7950,1,0,0,0,0
7951,1,0,0,0,0
7952,1,0,0,0,0
7953,1,0,0,0,0
7954,1,0,0,0,0
7955,1,0,0,0,0
7956,1,0,0,0,0
7957,1,0,0,0,0
7958,1,0,0,0,0
7959,1,0,0,0,0
7960,1,0,0,0,0
7961,1,0,0,0,0
7962,1,0,0,0,0
7963,1,0,0,0,0
7964,1,0,0,0,0
7965,1,0,0,0,0
7966,1,0,0,0,0
7967,1,0,0,0,0
7968,1,0,0,0,0
7969,1,0,0,0,0
7970,1,0,0,0,0
7971,1,0,0,0,0
7972,0,1,0,0,0
7973,0,1,0,0,0
7974,0,1,0,0,0
7975,0,1,0,0,0
7976,0,1,0,0,0
7977,0,1,0,0,0
7978,0,1,0,0,0
7979,0,1,0,0,0
7980,0,1,0,0,0
7981,0,1,0,0,0
7982,0,1,0,0,0
7983,0,1,0,0,0
7984,0,1,0,0,0
7985,0,1,0,0,0
7986,0,1,0,0,0
7987,0,1,0,0,0
7988,0,1,0,0,0
7989,0,1,0,0,0
7990,0,1,0,0,0
7991,0,1,0,0,0
7992,0,1,0,0,0
7993,0,1,0,0,0
7994,0,1,0,0,0
7995,0,1,0,0,0
7996,0,1,0,0,0
7997,0,1,0,0,0
7998,0,1,0,0,0
7999,0,1,0,0,0
8000,0,1,0,0,0
8001,0,1,0,0,0
8002,0,1,0,0,0
8003,0,1,0,0,0
8004,0,1,0,0,0
8005,0,1,0,0,0
8006,1,0,0,0,0
8007,1,0,0,0,0
8008,1,0,0,0,0
8009,1,0,0,0,0
8010,1,0,0,0,0
8011,1,0,0,0,0
8012,1,0,0,0,0
8013,1,0,0,0,0
8014,1,0,0,0,0
8015,1,0,0,0,0
8016,1,0,0,0,0
8017,1,0,0,0,0
8018,1,0,0,0,0
8019,1,0,0,0,0
8020,1,0,0,0,0
8021,1,0,0,0,0
8022,1,0,0,0,0
8023,1,0,0,0,0
8024,1,0,0,0,0
8025,1,0,0,0,0
8026,0,0,0,0,1
8027,0,0,0,0,1
8028,0,0,0,0,1
8029,0,0,0,0,1
8030,0,0,0,0,1
8031,0,0,0,0,1
8032,0,0,0,0,1
8033,0,0,0,0,1
8034,0,0,0,0,1
8035,0,0,0,0,1
8036,0,0,0,0,1
8037,0,0,0,0,1
8038,0,0,0,0,1
8039,0,0,0,0,1
8040,0,0,0,0,1
8041,0,0,0,0,1
8042,0,0,0,0,1
8043,0,0,0,0,1
8044,0,0,0,0,1
8045,1,0,0,0,0
8046,1,0,0,0,0
8047,1,0,0,0,0
8048,1,0,0,0,0
8049,1,0,0,0,0
8050,1,0,0,0,0
8051,1,0,0,0,0
8052,1,0,0,0,0
8053,1,0,0,0,0
8054,1,0,0,0,0
8055,1,0,0,0,0
8056,1,0,0,0,0
8057,1,0,0,0,0
8058,1,0,0,0,0
8059,1,0,0,0,0
8060,1,0,0,0,0
8061,1,0,0,0,0
8062,1,0,0,0,0
8063,1,0,0,0,0
8064,1,0,0,0,0
8065,1,0,0,0,0
8066,1,0,0,0,0
8067,1,0,0,0,0
8068,1,0,0,0,0
8069,1,0,0,0,0
8070,1,0,0,0,0
8071,1,0,0,0,0
8072,1,0,0,0,0
8073,1,0,0,0,0
8074,1,0,0,0,0
8075,1,0,0,0,0
8076,1,0,0,0,0
8077,1,0,0,0,0
8078,1,0,0,0,0
8079,1,0,0,0,0
8080,1,0,0,0,0
8081,1,0,0,0,0
8082,1,0,0,0,0
8083,1,0,0,0,0
8084,1,0,0,0,0
8085,1,0,0,0,0
8086,1,0,0,0,0
8087,1,0,0,0,0
8088,1,0,0,0,0
8089,1,0,0,0,0
8090,1,0,0,0,0
8091,1,0,0,0,0
8092,1,0,0,0,0
8093,1,0,0,0,0
8094,1,0,0,0,0
8095,1,0,0,0,0
8096,1,0,0,0,0
8097,1,0,0,0,0
8098,1,0,0,0,0
8099,1,0,0,0,0
8100,1,0,0,0,0
8101,1,0,0,0,0
8102,1,0,0,0,0
8103,1,0,0,0,0
8104,1,0,0,0,0
8105,1,0,0,0,0
8106,1,0,0,0,0
8107,1,0,0,0,0
8108,1,0,0,0,0
8109,1,0,0,0,0
8110,1,0,0,0,0
8111,1,0,0,0,0
8112,1,0,0,0,0
8113,1,0,0,0,0
8114,1,0,0,0,0
8115,1,0,0,0,0
8116,1,0,0,0,0
8117,1,0,0,0,0
8118,1,0,0,0,0
8119,1,0,0,0,0
8120,1,0,0,0,0
8121,1,0,0,0,0
8122,1,0,0,0,0
8123,0,0,0,0,1
8124,0,0,0,0,1
8125,0,0,0,0,1
8126,0,0,0,0,1
8127,0,0,0,0,1
8128,0,0,0,0,1
8129,0,0,0,0,1
8130,0,0,0,0,1
8131,0,0,0,0,1
8132,0,0,0,0,1
8133,0,0,0,0,1
8134,0,0,0,0,1
8135,0,0,0,0,1
8136,0,0,0,0,1
8137,0,0,0,0,1
8138,0,0,0,0,1
8139,0,0,0,0,1
8140,0,0,0,0,1
8141,0,0,0,0,1
8142,0,0,0,0,1
8143,0,0,0,0,1
8144,0,0,0,0,1
8145,0,0,0,0,1
8146,0,0,0,0,1
8147,0,0,0,0,1
8148,0,0,0,0,1
8149,0,0,0,0,1
8150,0,0,0,0,1
8151,0,0,0,0,1
8152,0,0,0,0,1
8153,0,0,0,0,1
8154,0,0,0,0,1
8155,0,0,0,0,1
8156,0,0,0,0,1
8157,0,0,0,0,1
8158,0,0,0,0,1
8159,0,0,0,0,1
8160,0,0,0,0,1
8161,0,0,0,0,1
8162,0,0,0,0,1
8163,0,0,0,0,1
8164,0,0,0,0,1
8165,0,0,0,0,1
8166,0,0,0,0,1
8167,1,0,0,0,0
8168,1,0,0,0,0
8169,1,0,0,0,0
8170,1,0,0,0,0
8171,1,0,0,0,0
8172,1,0,0,0,0
8173,1,0,0,0,0
8174,1,0,0,0,0
8175,1,0,0,0,0
8176,1,0,0,0,0
8177,1,0,0,0,0
8178,1,0,0,0,0
8179,0,1,0,0,0
8180,0,1,0,0,0
8181,0,1,0,0,0
8182,0,1,0,0,0
8183,0,1,0,0,0
8184,0,1,0,0,0
8185,0,1,0,0,0
8186,0,1,0,0,0
8187,0,1,0,0,0
8188,0,1,0,0,0
8189,0,1,0,0,0
8190,0,1,0,0,0
8191,0,1,0,0,0
8192,0,1,0,0,0
8193,0,1,0,0,0
8194,0,1,0,0,0
8195,0,1,0,0,0
8196,0,1,0,0,0
8197,0,1,0,0,0
8198,0,1,0,0,0
8199,0,1,0,0,0
8200,0,1,0,0,0
8201,0,1,0,0,0
8202,0,1,0,0,0
8203,0,1,0,0,0
8204,0,1,0,0,0
8205,0,1,0,0,0
8206,0,1,0,0,0
8207,0,1,0,0,0
8208,0,1,0,0,0
8209,0,1,0,0,0
8210,0,1,0,0,0
8211,0,1,0,0,0
8212,0,1,0,0,0
8213,0,1,0,0,0
8214,0,1,0,0,0
8215,0,1,0,0,0
8216,0,1,0,0,0
8217,0,1,0,0,0
8218,0,1,0,0,0
8219,0,1,0,0,0
8220,0,1,0,0,0
8221,0,1,0,0,0
8222,0,1,0,0,0
8223,0,1,0,0,0
8224,0,1,0,0,0
8225,0,1,0,0,0
8226,0,1,0,0,0
8227,0,1,0,0,0
8228,0,1,0,0,0
8229,0,1,0,0,0
8230,0,1,0,0,0
8231,0,1,0,0,0
8232,0,1,0,0,0
8233,0,1,0,0,0
8234,0,1,0,0,0
8235,0,1,0,0,0
8236,0,1,0,0,0
8237,0,1,0,0,0
8238,0,1,0,0,0
8239,0,1,0,0,0
8240,1,0,0,0,0
8241,1,0,0,0,0
8242,1,0,0,0,0
8243,1,0,0,0,0
8244,1,0,0,0,0
8245,1,0,0,0,0
8246,1,0,0,0,0
8247,1,0,0,0,0
8248,1,0,0,0,0
8249,1,0,0,0,0
8250,1,0,0,0,0
8251,1,0,0,0,0
8252,1,0,0,0,0
8253,1,0,0,0,0
8254,1,0,0,0,0
8255,1,0,0,0,0
8256,1,0,0,0,0
8257,1,0,0,0,0
8258,1,0,0,0,0
8259,1,0,0,0,0
8260,1,0,0,0,0
8261,1,0,0,0,0
8262,1,0,0,0,0
8263,1,0,0,0,0
8264,1,0,0,0,0
8265,1,0,0,0,0
8266,1,0,0,0,0
8267,1,0,0,0,0
8268,1,0,0,0,0
8269,1,0,0,0,0
8270,1,0,0,0,0
8271,1,0,0,0,0
8272,1,0,0,0,0
8273,1,0,0,0,0
8274,1,0,0,0,0
8275,1,0,0,0,0
8276,1,0,0,0,0
8277,1,0,0,0,0
8278,1,0,0,0,0
8279,1,0,0,0,0
8280,1,0,0,0,0
8281,1,0,0,0,0
8282,1,0,0,0,0
8283,1,0,0,0,0
8284,1,0,0,0,0
8285,1,0,0,0,0
8286,1,0,0,0,0
8287,1,0,0,0,0
8288,1,0,0,0,0
8289,1,0,0,0,0
8290,1,0,0,0,0
8291,1,0,0,0,0
8292,1,0,0,0,0
8293,1,0,0,0,0
8294,1,0,0,0,0
8295,1,0,0,0,0
8296,1,0,0,0,0
8297,1,0,0,0,0
8298,1,0,0,0,0
8299,1,0,0,0,0
8300,1,0,0,0,0
8301,1,0,0,0,0
8302,1,0,0,0,0
8303,1,0,0,0,0
8304,1,0,0,0,0
8305,1,0,0,0,0
8306,1,0,0,0,0
8307,1,0,0,0,0
8308,1,0,0,0,0
8309,1,0,0,0,0
8310,1,0,0,0,0
8311,1,0,0,0,0
8312,1,0,0,0,0
8313,1,0,0,0,0
8314,1,0,0,0,0
8315,1,0,0,0,0
8316,1,0,0,0,0
8317,1,0,0,0,0
8318,1,0,0,0,0
8319,1,0,0,0,0
8320,1,0,0,0,0
8321,1,0,0,0,0
8322,1,0,0,0,0
8323,1,0,0,0,0
8324,1,0,0,0,0
8325,1,0,0,0,0
8326,1,0,0,0,0
8327,1,0,0,0,0
8328,1,0,0,0,0
8329,1,0,0,0,0
8330,1,0,0,0,0
8331,1,0,0,0,0
8332,1,0,0,0,0
8333,1,0,0,0,0
8334,1,0,0,0,0
8335,1,0,0,0,0
8336,1,0,0,0,0
8337,1,0,0,0,0
8338,1,0,0,0,0
8339,1,0,0,0,0
8340,1,0,0,0,0
8341,1,0,0,0,0
8342,1,0,0,0,0
8343,1,0,0,0,0
8344,1,0,0,0,0
8345,1,0,0,0,0
8346,1,0,0,0,0
8347,1,0,0,0,0
8348,1,0,0,0,0
8349,1,0,0,0,0
8350,1,0,0,0,0
8351,1,0,0,0,0
8352,1,0,0,0,0
8353,1,0,0,0,0
8354,1,0,0,0,0
8355,1,0,0,0,0
8356,1,0,0,0,0
8357,1,0,0,0,0
8358,1,0,0,0,0
8359,1,0,0,0,0
8360,1,0,0,0,0
8361,1,0,0,0,0
8362,0,0,0,0,1
8363,0,0,0,0,1
8364,0,0,0,0,1
8365,0,0,0,0,1
8366,0,0,0,0,1
8367,0,0,0,0,1
8368,0,0,0,0,1
8369,0,0,0,0,1
8370,0,0,0,0,1
8371,0,0,0,0,1
8372,0,0,0,0,1
8373,0,0,0,0,1
8374,0,0,0,0,1
8375,0,0,0,0,1
8376,0,0,0,0,1
8377,0,0,0,0,1
8378,0,0,0,0,1
8379,0,0,0,0,1
8380,0,0,0,0,1
8381,0,0,0,0,1
8382,0,0,0,0,1
8383,0,0,0,0,1
8384,0,0,0,0,1
8385,0,0,0,0,1
8386,0,0,0,0,1
8387,0,0,0,0,1
8388,0,0,0,0,1
8389,0,0,0,0,1
8390,0,0,0,0,1
8391,0,0,0,0,1
8392,0,0,0,0,1
8393,0,0,0,0,1
8394,1,0,0,0,0
8395,1,0,0,0,0
8396,1,0,0,0,0
8397,1,0,0,0,0
8398,1,0,0,0,0
8399,1,0,0,0,0
8400,1,0,0,0,0
8401,1,0,0,0,0
8402,1,0,0,0,0
8403,1,0,0,0,0
8404,1,0,0,0,0
8405,1,0,0,0,0
8406,1,0,0,0,0
8407,1,0,0,0,0
8408,1,0,0,0,0
8409,1,0,0,0,0
8410,1,0,0,0,0
8411,1,0,0,0,0
8412,1,0,0,0,0
8413,1,0,0,0,0
8414,1,0,0,0,0
8415,1,0,0,0,0
8416,1,0,0,0,0
8417,1,0,0,0,0
8418,1,0,0,0,0
8419,1,0,0,0,0
8420,1,0,0,0,0
8421,1,0,0,0,0
8422,1,0,0,0,0
8423,1,0,0,0,0
8424,1,0,0,0,0
8425,0,1,0,0,0
8426,0,1,0,0,0
8427,0,1,0,0,0
8428,0,1,0,0,0
8429,0,1,0,0,0
8430,0,1,0,0,0
8431,0,1,0,0,0
8432,0,1,0,0,0
8433,0,1,0,0,0
8434,0,1,0,0,0
8435,0,1,0,0,0
8436,0,1,0,0,0
8437,0,1,0,0,0
8438,0,1,0,0,0
8439,0,1,0,0,0
8440,0,1,0,0,0
8441,0,1,0,0,0
8442,0,1,0,0,0
8443,0,1,0,0,0
8444,0,1,0,0,0
8445,0,1,0,0,0
8446,0,1,0,0,0
8447,0,1,0,0,0
8448,0,1,0,0,0
8449,1,0,0,0,0
8450,1,0,0,0,0
8451,1,0,0,0,0
8452,1,0,0,0,0
8453,1,0,0,0,0
8454,1,0,0,0,0
8455,1,0,0,0,0
8456,1,0,0,0,0
8457,1,0,0,0,0
8458,1,0,0,0,0
8459,1,0,0,0,0
8460,1,0,0,0,0
8461,0,0,0,0,1
8462,0,0,0,0,1
8463,0,0,0,0,1
8464,0,0,0,0,1
8465,0,0,0,0,1
8466,0,0,0,0,1
8467,0,0,0,0,1
8468,0,0,0,0,1
8469,0,0,0,0,1
8470,0,0,0,0,1
8471,0,0,0,0,1
8472,0,0,0,0,1
8473,0,0,0,0,1
8474,0,0,0,0,1
8475,0,0,0,0,1
8476,0,0,0,0,1
8477,0,0,0,0,1
8478,0,0,0,0,1
8479,0,0,0,0,1
8480,0,0,0,0,1
8481,0,0,0,0,1
8482,0,0,0,0,1
8483,0,0,0,0,1
8484,0,0,0,0,1
8485,0,0,0,0,1
8486,0,0,0,0,1
8487,1,0,0,0,0
8488,1,0,0,0,0
8489,1,0,0,0,0
8490,1,0,0,0,0
8491,1,0,0,0,0
8492,1,0,0,0,0
8493,1,0,0,0,0
8494,1,0,0,0,0
8495,1,0,0,0,0
8496,1,0,0,0,0
8497,1,0,0,0,0
8498,1,0,0,0,0
8499,1,0,0,0,0
8500,1,0,0,0,0
8501,1,0,0,0,0
8502,1,0,0,0,0
8503,1,0,0,0,0
8504,1,0,0,0,0
8505,1,0,0,0,0
8506,1,0,0,0,0
8507,1,0,0,0,0
8508,1,0,0,0,0
8509,1,0,0,0,0
8510,1,0,0,0,0
8511,1,0,0,0,0
8512,1,0,0,0,0
8513,1,0,0,0,0
8514,1,0,0,0,0
8515,1,0,0,0,0
8516,1,0,0,0,0
8517,1,0,0,0,0
8518,1,0,0,0,0
8519,1,0,0,0,0
8520,1,0,0,0,0
8521,1,0,0,0,0
8522,1,0,0,0,0
8523,1,0,0,0,0
8524,0,0,0,0,1
8525,0,0,0,0,1
8526,0,0,0,0,1
8527,0,0,0,0,1
8528,0,0,0,0,1
8529,0,0,0,0,1
8530,0,0,0,0,1
8531,0,0,0,0,1
8532,0,0,0,0,1
8533,0,0,0,0,1
8534,0,0,0,0,1
8535,0,0,0,0,1
8536,0,0,0,0,1
8537,0,0,0,0,1
8538,0,0,0,0,1
8539,0,0,0,0,1
8540,0,0,0,0,1
8541,0,0,0,0,1
8542,0,0,0,0,1
8543,0,0,0,0,1
8544,0,0,0,0,1
8545,0,0,0,0,1
8546,0,0,0,0,1
8547,0,0,0,0,1
8548,0,0,0,0,1
8549,0,0,0,0,1
8550,0,0,0,0,1
8551,1,0,0,0,0
8552,1,0,0,0,0
8553,1,0,0,0,0
8554,0,1,0,0,0
8555,0,1,0,0,0
8556,0,1,0,0,0
8557,0,1,0,0,0
8558,0,1,0,0,0
8559,0,1,0,0,0
8560,0,1,0,0,0
8561,0,1,0,0,0
8562,0,1,0,0,0
8563,0,1,0,0,0
8564,0,1,0,0,0
8565,0,1,0,0,0
8566,0,1,0,0,0
8567,0,1,0,0,0
8568,0,1,0,0,0
8569,0,1,0,0,0
8570,0,1,0,0,0
8571,0,1,0,0,0
8572,0,1,0,0,0
8573,0,1,0,0,0
8574,0,1,0,0,0
8575,0,1,0,0,0
8576,0,1,0,0,0
8577,0,1,0,0,0
8578,0,1,0,0,0
8579,0,1,0,0,0
8580,0,1,0,0,0
8581,1,0,0,0,0
8582,1,0,0,0,0
8583,1,0,0,0,0
8584,1,0,0,0,0
8585,1,0,0,0,0
8586,1,0,0,0,0
8587,1,0,0,0,0
8588,1,0,0,0,0
8589,1,0,0,0,0
8590,1,0,0,0,0
8591,1,0,0,0,0
8592,1,0,0,0,0
8593,1,0,0,0,0
8594,1,0,0,0,0
8595,0,0,0,1,0
8596,0,0,0,1,0
8597,0,0,0,1,0
8598,0,0,0,1,0
8599,0,0,0,1,0
8600,0,0,0,1,0
8601,0,0,0,1,0
8602,0,0,0,1,0
8603,0,0,0,1,0
8604,0,0,0,1,0
8605,0,0,0,1,0
8606,0,0,0,1,0
8607,0,0,0,1,0
8608,0,0,0,1,0
8609,1,0,0,0,0
8610,1,0,0,0,0
8611,1,0,0,0,0
8612,1,0,0,0,0
8613,1,0,0,0,0
8614,1,0,0,0,0
8615,1,0,0,0,0
8616,1,0,0,0,0
8617,1,0,0,0,0
8618,1,0,0,0,0
8619,1,0,0,0,0
8620,1,0,0,0,0
8621,1,0,0,0,0
8622,1,0,0,0,0
8623,1,0,0,0,0
8624,1,0,0,0,0
8625,1,0,0,0,0
8626,1,0,0,0,0
8627,1,0,0,0,0
8628,1,0,0,0,0
8629,1,0,0,0,0
8630,1,0,0,0,0
8631,1,0,0,0,0
8632,1,0,0,0,0
8633,1,0,0,0,0
8634,1,0,0,0,0
8635,1,0,0,0,0
8636,1,0,0,0,0
8637,1,0,0,0,0
8638,1,0,0,0,0
8639,1,0,0,0,0
8640,1,0,0,0,0
8641,1,0,0,0,0
8642,1,0,0,0,0
8643,1,0,0,0,0
8644,1,0,0,0,0
8645,1,0,0,0,0
8646,1,0,0,0,0
8647,1,0,0,0,0
8648,1,0,0,0,0
8649,0,0,0,0,1
8650,0,0,0,0,1
8651,0,0,0,0,1
8652,0,0,0,0,1
8653,0,0,0,0,1
8654,0,0,0,0,1
8655,0,0,0,0,1
8656,0,0,0,0,1
8657,0,0,0,0,1
8658,0,0,0,0,1
8659,0,0,0,0,1
8660,0,0,0,0,1
8661,0,0,0,0,1
8662,0,0,0,0,1
8663,0,0,0,0,1
8664,0,0,0,0,1
8665,0,0,0,0,1
8666,0,0,0,0,1
8667,0,0,0,0,1
8668,0,0,0,0,1
8669,0,0,0,0,1
8670,0,0,0,0,1
8671,0,0,0,0,1
8672,0,0,0,0,1
8673,0,0,0,0,1
8674,0,0,0,0,1
8675,0,0,0,0,1
8676,0,0,0,0,1
8677,0,0,0,0,1
8678,0,0,0,0,1
8679,0,0,0,0,1
8680,0,0,0,0,1
8681,0,0,0,0,1
8682,0,0,0,0,1
8683,0,0,0,0,1
8684,0,0,0,0,1
8685,0,0,0,0,1
8686,0,0,0,0,1
8687,0,0,0,0,1
8688,0,0,0,0,1
8689,0,0,0,0,1
8690,0,0,0,0,1
8691,0,0,0,0,1
8692,0,0,0,0,1
8693,0,0,0,0,1
8694,0,0,0,0,1
8695,0,0,0,0,1
8696,0,0,0,0,1
8697,0,0,0,0,1
8698,0,0,0,0,1
8699,0,0,0,0,1
8700,0,0,0,0,1
8701,0,0,0,0,1
8702,1,0,0,0,0
8703,1,0,0,0,0
8704,1,0,0,0,0
8705,1,0,0,0,0
8706,1,0,0,0,0
8707,1,0,0,0,0
8708,1,0,0,0,0
8709,1,0,0,0,0
8710,1,0,0,0,0
8711,1,0,0,0,0
8712,1,0,0,0,0
8713,1,0,0,0,0
8714,1,0,0,0,0
8715,1,0,0,0,0
8716,1,0,0,0,0
8717,1,0,0,0,0
8718,1,0,0,0,0
8719,1,0,0,0,0
8720,1,0,0,0,0
8721,1,0,0,0,0
8722,1,0,0,0,0
8723,1,0,0,0,0
8724,1,0,0,0,0
8725,1,0,0,0,0
8726,1,0,0,0,0
8727,1,0,0,0,0
8728,1,0,0,0,0
8729,1,0,0,0,0
8730,1,0,0,0,0
8731,1,0,0,0,0
8732,0,0,0,0,1
8733,0,0,0,0,1
8734,0,0,0,0,1
8735,0,0,0,0,1
8736,0,0,0,0,1
8737,0,0,0,0,1
8738,0,0,0,0,1
8739,0,0,0,0,1
8740,0,0,0,0,1
8741,0,0,0,0,1
8742,0,0,0,0,1
8743,0,0,0,0,1
8744,0,0,0,0,1
8745,0,0,0,0,1
8746,0,0,0,0,1
8747,0,0,0,0,1
8748,0,0,0,0,1
8749,0,0,0,0,1
8750,0,0,0,0,1
8751,0,0,0,0,1
8752,0,0,0,0,1
8753,0,0,0,0,1
8754,0,0,0,0,1
8755,0,0,0,0,1
8756,0,0,0,0,1
8757,0,0,0,0,1
8758,0,0,0,0,1
8759,0,0,0,0,1
8760,0,0,0,0,1
8761,0,0,0,0,1
8762,0,0,0,0,1
8763,0,0,0,0,1
8764,0,0,0,0,1
8765,0,0,0,0,1
8766,0,0,0,0,1
8767,0,0,0,0,1
8768,0,0,0,0,1
8769,0,0,0,0,1
8770,0,0,0,0,1
8771,0,0,0,0,1
8772,0,0,0,0,1
8773,0,0,0,0,1
8774,0,0,0,0,1
8775,0,0,0,0,1
8776,0,0,0,0,1
8777,0,0,0,0,1
8778,0,0,0,0,1
8779,0,0,0,0,1
8780,0,0,0,0,1
8781,0,0,0,0,1
8782,0,0,0,0,1
8783,0,0,0,0,1
8784,0,0,0,0,1
8785,0,0,0,0,1
8786,0,0,0,0,1
8787,0,0,0,0,1
8788,0,0,0,0,1
8789,0,0,0,0,1
8790,0,0,0,0,1
8791,0,0,0,0,1
8792,0,0,0,0,1
8793,0,0,0,0,1
8794,0,0,0,0,1
8795,0,0,0,0,1
8796,0,0,0,0,1
8797,0,0,0,0,1
8798,0,0,0,0,1
8799,0,0,0,0,1
8800,0,0,0,0,1
8801,0,0,0,0,1
8802,0,0,0,0,1
8803,0,0,0,0,1
8804,0,0,0,0,1
8805,0,0,0,0,1
8806,0,0,0,0,1
8807,0,0,0,0,1
8808,0,0,0,0,1
8809,0,0,0,0,1
8810,0,0,0,0,1
8811,0,0,0,0,1
8812,0,0,0,0,1
8813,0,0,0,0,1
8814,0,0,0,0,1
8815,0,0,0,0,1
8816,0,0,0,0,1
8817,0,0,0,0,1
8818,0,0,0,0,1
8819,0,0,0,0,1
8820,0,0,0,0,1
8821,0,0,0,0,1
8822,0,0,0,0,1
8823,0,0,0,0,1
8824,0,0,0,0,1
8825,0,0,0,0,1
8826,0,0,0,0,1
8827,0,0,0,0,1
8828,0,0,0,0,1
8829,0,0,0,0,1
8830,0,0,0,0,1
8831,0,0,0,0,1
8832,0,0,0,0,1
8833,0,0,0,0,1
8834,0,0,0,0,1
8835,0,0,0,0,1
8836,0,0,0,0,1
8837,0,0,0,0,1
8838,0,0,0,0,1
8839,0,0,0,0,1
8840,0,0,0,0,1
8841,0,0,0,0,1
8842,0,0,0,0,1
8843,0,0,0,0,1
8844,0,0,0,0,1
8845,0,0,0,0,1
8846,0,0,0,0,1
8847,0,0,0,0,1
8848,0,0,0,0,1
8849,0,0,0,0,1
8850,0,0,0,0,1
8851,0,0,0,0,1
8852,0,0,0,0,1
8853,0,0,0,0,1
8854,0,0,0,0,1
8855,0,0,0,0,1
8856,0,0,0,0,1
8857,0,0,0,0,1
8858,0,0,0,0,1
8859,0,0,0,0,1
8860,0,0,0,0,1
8861,0,0,0,0,1
8862,0,0,0,0,1
8863,0,0,0,0,1
8864,0,0,0,0,1
8865,0,0,0,0,1
8866,0,0,0,0,1
8867,0,0,0,0,1
8868,0,0,0,0,1
8869,0,0,0,0,1
8870,0,0,0,0,1
8871,0,0,0,0,1
8872,0,0,0,0,1
8873,0,0,0,0,1
8874,0,0,0,0,1
8875,0,0,0,0,1
8876,0,0,0,0,1
8877,0,0,0,0,1
8878,0,0,0,0,1
8879,0,0,0,0,1
8880,0,0,0,0,1
8881,0,0,0,0,1
8882,0,0,0,0,1
8883,0,0,0,0,1
8884,0,0,0,0,1
8885,0,0,0,0,1
8886,0,0,0,0,1
8887,0,0,0,0,1
8888,0,0,0,0,1
8889,0,0,0,0,1
8890,0,0,0,0,1
8891,0,0,0,0,1
8892,0,0,0,0,1
8893,0,0,0,0,1
8894,0,0,0,0,1
8895,0,0,0,0,1
8896,0,0,0,0,1
8897,0,0,0,0,1
8898,0,0,0,0,1
8899,0,0,0,1,0
8900,0,0,0,1,0
8901,0,0,0,1,0
8902,0,0,0,1,0
8903,0,0,0,1,0
8904,0,0,0,1,0
8905,0,0,0,1,0
8906,0,0,0,1,0
8907,0,0,0,1,0
8908,0,0,0,1,0
8909,0,0,0,1,0
8910,0,0,0,1,0
8911,0,0,0,1,0
8912,0,0,0,0,1
8913,0,0,0,0,1
8914,0,0,0,0,1
8915,0,0,0,0,1
8916,0,0,0,0,1
8917,0,0,0,0,1
8918,0,0,0,0,1
8919,0,0,0,0,1
8920,0,0,0,0,1
8921,0,0,0,0,1
8922,0,0,0,0,1
8923,0,0,0,0,1
8924,0,0,0,0,1
8925,0,0,0,0,1
8926,0,0,0,0,1
8927,0,0,0,0,1
8928,0,0,0,0,1
8929,0,0,0,0,1
8930,0,0,0,0,1
8931,0,0,0,0,1
8932,1,0,0,0,0
8933,1,0,0,0,0
8934,1,0,0,0,0
8935,1,0,0,0,0
8936,1,0,0,0,0
8937,1,0,0,0,0
8938,1,0,0,0,0
8939,1,0,0,0,0
8940,1,0,0,0,0
8941,1,0,0,0,0
8942,1,0,0,0,0
8943,1,0,0,0,0
8944,1,0,0,0,0
8945,1,0,0,0,0
8946,1,0,0,0,0
8947,1,0,0,0,0
8948,1,0,0,0,0
8949,1,0,0,0,0
8950,1,0,0,0,0
8951,1,0,0,0,0
8952,1,0,0,0,0
8953,1,0,0,0,0
8954,1,0,0,0,0
8955,1,0,0,0,0
8956,1,0,0,0,0
8957,1,0,0,0,0
8958,1,0,0,0,0
8959,1,0,0,0,0
8960,1,0,0,0,0
8961,1,0,0,0,0
8962,1,0,0,0,0
8963,1,0,0,0,0
8964,0,0,0,0,1
8965,0,0,0,0,1
8966,0,0,0,0,1
8967,0,0,0,0,1
8968,0,0,0,0,1
8969,0,0,0,0,1
8970,0,0,0,0,1
8971,0,0,0,0,1
8972,0,0,0,0,1
8973,0,0,0,0,1
8974,0,0,0,0,1
8975,0,0,0,0,1
8976,0,0,0,0,1
8977,0,0,0,0,1
8978,0,0,0,0,1
8979,0,0,0,0,1
8980,0,0,0,0,1
8981,1,0,0,0,0
8982,1,0,0,0,0
8983,1,0,0,0,0
8984,1,0,0,0,0
8985,1,0,0,0,0
8986,1,0,0,0,0
8987,1,0,0,0,0
8988,1,0,0,0,0
8989,1,0,0,0,0
8990,1,0,0,0,0
8991,1,0,0,0,0
8992,1,0,0,0,0
8993,1,0,0,0,0
8994,1,0,0,0,0
8995,1,0,0,0,0
8996,1,0,0,0,0
8997,1,0,0,0,0
8998,1,0,0,0,0
8999,1,0,0,0,0
9000,1,0,0,0,0
9001,1,0,0,0,0
9002,1,0,0,0,0
9003,1,0,0,0,0
9004,1,0,0,0,0
9005,1,0,0,0,0
9006,1,0,0,0,0
9007,1,0,0,0,0
9008,1,0,0,0,0
9009,1,0,0,0,0
9010,1,0,0,0,0
9011,1,0,0,0,0
9012,1,0,0,0,0
9013,1,0,0,0,0
9014,1,0,0,0,0
9015,1,0,0,0,0
9016,1,0,0,0,0
9017,1,0,0,0,0
9018,1,0,0,0,0
9019,1,0,0,0,0
9020,1,0,0,0,0
9021,1,0,0,0,0
9022,1,0,0,0,0
9023,1,0,0,0,0
9024,1,0,0,0,0
9025,1,0,0,0,0
9026,1,0,0,0,0
9027,1,0,0,0,0
9028,1,0,0,0,0
9029,1,0,0,0,0
9030,1,0,0,0,0
9031,1,0,0,0,0
9032,1,0,0,0,0
9033,1,0,0,0,0
9034,1,0,0,0,0
9035,1,0,0,0,0
9036,1,0,0,0,0
9037,1,0,0,0,0
9038,1,0,0,0,0
9039,1,0,0,0,0
9040,1,0,0,0,0
9041,1,0,0,0,0
9042,1,0,0,0,0
9043,1,0,0,0,0
9044,1,0,0,0,0
9045,1,0,0,0,0
9046,1,0,0,0,0
9047,0,0,0,0,1
9048,0,0,0,0,1
9049,0,0,0,0,1
9050,0,0,0,0,1
9051,0,0,0,0,1
9052,0,0,0,0,1
9053,0,0,0,0,1
9054,0,0,0,0,1
9055,0,0,0,0,1
9056,0,0,0,0,1
9057,0,0,0,0,1
9058,0,0,0,0,1
9059,0,0,0,0,1
9060,0,0,0,0,1
9061,0,0,0,0,1
9062,0,0,0,0,1
9063,0,0,0,0,1
9064,0,0,0,0,1
9065,0,0,0,0,1
9066,0,0,0,0,1
9067,0,0,0,0,1
9068,0,0,0,0,1
9069,0,0,0,0,1
9070,0,0,0,0,1
9071,0,0,0,0,1
9072,0,0,0,0,1
9073,0,0,0,0,1
9074,0,0,0,0,1
9075,0,0,0,0,1
9076,0,0,0,0,1
9077,0,0,0,0,1
9078,0,0,0,0,1
9079,0,0,0,0,1
9080,1,0,0,0,0
9081,1,0,0,0,0
9082,1,0,0,0,0
9083,1,0,0,0,0
9084,1,0,0,0,0
9085,1,0,0,0,0
9086,1,0,0,0,0
9087,1,0,0,0,0
9088,1,0,0,0,0
9089,1,0,0,0,0
9090,1,0,0,0,0
9091,1,0,0,0,0
9092,1,0,0,0,0
9093,1,0,0,0,0
9094,1,0,0,0,0
9095,1,0,0,0,0
9096,1,0,0,0,0
9097,1,0,0,0,0
9098,1,0,0,0,0
9099,1,0,0,0,0
9100,1,0,0,0,0
9101,1,0,0,0,0
9102,1,0,0,0,0
9103,1,0,0,0,0
9104,1,0,0,0,0
9105,1,0,0,0,0
9106,1,0,0,0,0
9107,1,0,0,0,0
9108,1,0,0,0,0
9109,1,0,0,0,0
9110,1,0,0,0,0
9111,1,0,0,0,0
9112,1,0,0,0,0
9113,1,0,0,0,0
9114,1,0,0,0,0
9115,1,0,0,0,0
9116,1,0,0,0,0
9117,1,0,0,0,0
9118,1,0,0,0,0
9119,1,0,0,0,0
9120,1,0,0,0,0
9121,1,0,0,0,0
9122,1,0,0,0,0
9123,1,0,0,0,0
9124,1,0,0,0,0
9125,1,0,0,0,0
9126,1,0,0,0,0
9127,1,0,0,0,0
9128,1,0,0,0,0
9129,1,0,0,0,0
9130,1,0,0,0,0
9131,1,0,0,0,0
9132,1,0,0,0,0
9133,1,0,0,0,0
9134,1,0,0,0,0
9135,1,0,0,0,0
9136,1,0,0,0,0
9137,1,0,0,0,0
9138,1,0,0,0,0
9139,1,0,0,0,0
9140,1,0,0,0,0
9141,1,0,0,0,0
9142,1,0,0,0,0
9143,1,0,0,0,0
9144,1,0,0,0,0
9145,1,0,0,0,0
9146,1,0,0,0,0
9147,1,0,0,0,0
9148,1,0,0,0,0
9149,1,0,0,0,0
9150,1,0,0,0,0
9151,1,0,0,0,0
9152,1,0,0,0,0
9153,1,0,0,0,0
9154,1,0,0,0,0
9155,1,0,0,0,0
9156,1,0,0,0,0
9157,1,0,0,0,0
9158,1,0,0,0,0
9159,0,0,0,0,1
9160,0,0,0,0,1
9161,0,0,0,0,1
9162,0,0,0,0,1
9163,0,0,0,0,1
9164,0,0,0,0,1
9165,0,0,0,0,1
9166,0,0,0,0,1
9167,0,0,0,0,1
9168,0,0,0,0,1
9169,0,0,0,0,1
9170,0,0,0,0,1
9171,0,0,0,0,1
9172,0,0,0,0,1
9173,0,0,0,0,1
9174,0,0,0,0,1
9175,0,0,0,0,1
9176,0,0,0,0,1
9177,0,0,0,0,1
9178,0,0,0,0,1
9179,0,0,0,0,1
9180,0,0,0,0,1
9181,0,0,0,0,1
9182,0,0,0,0,1
9183,0,0,0,0,1
9184,0,0,0,0,1
9185,0,0,0,0,1
9186,0,0,0,0,1
9187,0,0,0,0,1
9188,0,0,0,0,1
9189,0,0,0,0,1
9190,0,0,0,0,1
9191,0,0,0,0,1
9192,0,0,0,0,1
9193,0,0,0,0,1
9194,0,0,0,0,1
9195,0,0,0,0,1
9196,0,0,0,0,1
9197,0,0,0,0,1
9198,0,0,0,0,1
9199,0,0,0,0,1
9200,0,0,0,0,1
9201,0,0,0,0,1
9202,0,0,0,0,1
9203,0,0,0,0,1
9204,0,0,0,0,1
9205,0,0,0,0,1
9206,0,0,0,0,1
9207,0,0,0,0,1
9208,0,0,0,0,1
9209,0,0,0,0,1
9210,0,0,0,0,1
9211,0,0,0,0,1
9212,0,0,0,0,1
9213,0,0,0,0,1
9214,0,0,0,0,1
9215,0,0,0,0,1
9216,0,0,0,0,1
9217,0,0,0,0,1
9218,0,0,0,0,1
9219,0,0,0,0,1
9220,0,0,0,0,1
9221,0,0,0,0,1
9222,0,0,0,0,1
9223,0,0,0,0,1
9224,0,0,0,0,1
9225,0,0,0,0,1
9226,0,0,0,0,1
9227,0,0,0,0,1
9228,0,0,0,0,1
9229,0,0,0,0,1
9230,0,0,0,0,1
9231,0,0,0,0,1
9232,0,0,0,0,1
9233,0,0,0,0,1
9234,0,0,0,0,1
9235,0,0,0,0,1
9236,0,0,0,0,1
9237,0,0,0,0,1
9238,0,0,0,0,1
9239,0,0,0,0,1
9240,0,0,0,0,1
9241,0,0,0,0,1
9242,0,0,0,0,1
9243,0,0,0,0,1
9244,0,0,0,0,1
9245,0,0,0,0,1
9246,0,0,0,0,1
9247,0,0,0,0,1
9248,0,0,0,0,1
9249,0,0,0,0,1
9250,0,0,0,0,1
9251,0,0,0,0,1
9252,0,0,0,0,1
9253,0,0,0,0,1
9254,0,0,0,0,1
9255,0,0,0,0,1
9256,0,0,0,0,1
9257,0,0,0,0,1
9258,0,0,0,0,1
9259,0,0,0,0,1
9260,0,0,0,0,1
9261,0,0,0,0,1
9262,0,0,0,0,1
9263,0,0,0,0,1
9264,0,0,0,0,1
9265,0,0,0,0,1
9266,0,0,0,0,1
9267,0,0,0,0,1
9268,0,0,0,0,1
9269,0,0,0,0,1
9270,0,0,0,0,1
9271,0,0,0,0,1
9272,0,0,0,0,1
9273,0,0,0,0,1
9274,0,0,0,0,1
9275,0,0,0,0,1
9276,0,0,0,0,1
9277,0,0,0,0,1
9278,0,0,0,0,1
9279,0,0,0,0,1
9280,0,0,0,0,1
9281,0,0,0,0,1
9282,0,0,0,0,1
9283,0,0,0,0,1
9284,0,0,0,0,1
9285,0,0,0,0,1
9286,0,0,0,0,1
9287,0,0,0,0,1
9288,0,0,0,0,1
9289,1,0,0,0,0
9290,1,0,0,0,0
9291,1,0,0,0,0
9292,1,0,0,0,0
9293,1,0,0,0,0
9294,1,0,0,0,0
9295,1,0,0,0,0
9296,1,0,0,0,0
9297,1,0,0,0,0
9298,1,0,0,0,0
9299,1,0,0,0,0
9300,1,0,0,0,0
9301,1,0,0,0,0
9302,1,0,0,0,0
9303,1,0,0,0,0
9304,0,0,0,0,1
9305,0,0,0,0,1
9306,0,0,0,0,1
9307,0,0,0,0,1
9308,0,0,0,0,1
9309,0,0,0,0,1
9310,0,0,0,0,1
9311,0,0,0,0,1
9312,0,0,0,0,1
9313,0,0,0,0,1
9314,0,0,0,0,1
9315,0,0,0,0,1
9316,0,0,0,0,1
9317,0,0,0,0,1
9318,0,0,0,0,1
9319,0,0,0,0,1
9320,0,0,0,0,1
9321,0,0,0,0,1
9322,0,0,0,0,1
9323,0,0,0,0,1
9324,0,0,0,0,1
9325,0,0,0,0,1
9326,0,0,0,0,1
9327,0,0,0,0,1
9328,0,0,0,0,1
9329,0,0,0,0,1
9330,0,0,0,0,1
9331,0,0,0,0,1
9332,0,0,0,0,1
9333,0,0,0,0,1
9334,0,0,0,0,1
9335,0,0,0,0,1
9336,0,0,0,0,1
9337,0,0,0,0,1
9338,0,0,0,0,1
9339,0,0,0,0,1
9340,0,0,0,0,1
9341,0,0,0,0,1
9342,0,0,0,0,1
9343,0,0,0,0,1
9344,0,0,0,0,1
9345,0,0,0,0,1
9346,0,0,0,0,1
9347,0,0,0,0,1
9348,0,0,0,0,1
9349,0,0,0,0,1
9350,0,0,0,0,1
9351,0,0,0,0,1
9352,0,0,0,0,1
9353,0,0,0,0,1
9354,0,0,0,0,1
9355,0,0,0,0,1
9356,0,0,0,0,1
9357,0,0,0,0,1
9358,0,0,0,0,1
9359,0,0,0,0,1
9360,0,0,0,0,1
9361,0,0,0,0,1
9362,0,0,0,0,1
9363,0,0,0,0,1
9364,0,0,0,0,1
9365,0,0,0,0,1
9366,0,0,0,0,1
9367,0,0,0,0,1
9368,0,0,0,0,1
9369,0,0,0,0,1
9370,0,0,0,0,1
9371,0,0,0,0,1
9372,0,0,0,0,1
9373,0,0,0,0,1
9374,0,0,0,0,1
9375,0,0,0,0,1
9376,0,0,0,0,1
9377,0,0,0,0,1
9378,0,0,0,0,1
9379,0,0,0,0,1
9380,0,0,0,0,1
9381,0,0,0,0,1
9382,0,0,0,0,1
9383,0,0,0,0,1
9384,0,0,0,0,1
9385,0,0,0,0,1
9386,0,0,0,0,1
9387,0,0,0,0,1
9388,0,0,0,0,1
9389,0,0,0,0,1
9390,0,0,0,0,1
9391,0,0,0,0,1
9392,0,0,0,0,1
9393,0,0,0,0,1
9394,0,0,0,0,1
9395,0,0,0,0,1
9396,0,0,0,0,1
9397,0,0,0,0,1
9398,0,0,0,0,1
9399,0,0,0,0,1
9400,0,0,0,0,1
9401,0,0,0,0,1
9402,0,0,0,0,1
9403,0,0,0,0,1
9404,0,0,0,0,1
9405,0,0,0,0,1
9406,0,0,0,0,1
9407,0,0,0,0,1
9408,0,0,0,0,1
9409,0,0,0,0,1
9410,0,0,0,0,1
9411,0,0,0,0,1
9412,0,0,0,0,1
9413,0,0,0,0,1
9414,0,0,0,0,1
9415,0,0,0,0,1
9416,0,0,0,0,1
9417,0,0,0,0,1
9418,0,0,0,0,1
9419,0,0,0,0,1
9420,0,0,0,0,1
9421,0,0,0,0,1
9422,0,0,0,0,1
9423,0,0,0,0,1
9424,0,0,0,0,1
9425,0,0,0,0,1
9426,0,0,0,0,1
9427,0,0,0,0,1
9428,0,0,0,0,1
9429,0,0,0,0,1
9430,0,0,0,0,1
9431,0,0,0,0,1
9432,0,0,0,0,1
9433,0,0,0,0,1
9434,0,0,0,0,1
9435,0,0,0,0,1
9436,0,0,0,0,1
9437,0,0,0,0,1
9438,0,0,0,0,1
9439,0,0,0,0,1
9440,0,0,0,0,1
9441,0,0,0,0,1
9442,0,0,0,0,1
9443,0,0,0,0,1
9444,0,0,0,0,1
9445,0,0,0,0,1
9446,0,0,0,0,1
9447,0,0,0,0,1
9448,0,0,0,0,1
9449,0,0,0,0,1
9450,0,0,0,0,1
9451,0,0,0,0,1
9452,0,0,0,0,1
9453,0,0,0,0,1
9454,0,0,0,0,1
9455,0,0,0,0,1
9456,0,0,0,0,1
9457,0,0,0,0,1
9458,0,0,0,0,1
9459,0,0,0,0,1
9460,0,0,0,0,1
9461,0,0,0,0,1
9462,0,0,0,0,1
9463,0,0,0,0,1
9464,0,0,0,0,1
9465,0,0,0,0,1
9466,0,0,0,0,1
9467,0,0,0,0,1
9468,0,0,0,0,1
9469,0,0,0,0,1
9470,0,0,0,0,1
9471,0,0,0,0,1
9472,0,0,0,0,1
9473,0,0,0,0,1
9474,0,0,0,0,1
9475,0,0,0,0,1
9476,0,0,0,0,1
9477,0,0,0,0,1
9478,0,0,0,0,1
9479,0,0,0,0,1
9480,0,0,0,0,1
9481,0,0,0,0,1
9482,0,0,0,0,1
9483,0,0,0,0,1
9484,0,0,0,0,1
9485,0,0,0,0,1
9486,0,0,0,0,1
9487,0,0,0,0,1
9488,0,0,0,0,1
9489,0,0,0,0,1
9490,0,0,0,0,1
9491,0,0,0,0,1
9492,0,0,0,0,1
9493,0,0,0,0,1
9494,0,0,0,0,1
9495,0,0,0,0,1
9496,0,0,0,0,1
9497,0,0,0,0,1
9498,0,0,0,0,1
9499,0,0,0,0,1
9500,0,0,0,0,1
9501,0,0,0,0,1
9502,0,0,0,0,1
9503,0,0,0,0,1
9504,0,0,0,0,1
9505,0,0,0,0,1
9506,0,0,0,0,1
9507,0,0,0,0,1
9508,0,0,0,0,1
9509,0,0,0,0,1
9510,1,0,0,0,0
9511,1,0,0,0,0
9512,1,0,0,0,0
9513,1,0,0,0,0
9514,1,0,0,0,0
9515,1,0,0,0,0
9516,1,0,0,0,0
9517,1,0,0,0,0
9518,1,0,0,0,0
9519,1,0,0,0,0
9520,1,0,0,0,0
9521,1,0,0,0,0
9522,1,0,0,0,0
9523,1,0,0,0,0
9524,1,0,0,0,0
9525,1,0,0,0,0
9526,1,0,0,0,0
9527,1,0,0,0,0
9528,1,0,0,0,0
9529,1,0,0,0,0
9530,1,0,0,0,0
9531,1,0,0,0,0
9532,1,0,0,0,0
9533,1,0,0,0,0
9534,1,0,0,0,0
9535,1,0,0,0,0
9536,1,0,0,0,0
9537,1,0,0,0,0
9538,1,0,0,0,0
9539,1,0,0,0,0
9540,1,0,0,0,0
9541,1,0,0,0,0
9542,1,0,0,0,0
9543,1,0,0,0,0
9544,1,0,0,0,0
9545,1,0,0,0,0
9546,1,0,0,0,0
9547,1,0,0,0,0
9548,1,0,0,0,0
9549,1,0,0,0,0
9550,1,0,0,0,0
9551,1,0,0,0,0
9552,1,0,0,0,0
9553,1,0,0,0,0
9554,1,0,0,0,0
9555,1,0,0,0,0
9556,1,0,0,0,0
9557,1,0,0,0,0
9558,1,0,0,0,0
9559,1,0,0,0,0
9560,1,0,0,0,0
9561,1,0,0,0,0
9562,1,0,0,0,0
9563,1,0,0,0,0
9564,1,0,0,0,0
9565,1,0,0,0,0
9566,1,0,0,0,0
9567,1,0,0,0,0
9568,1,0,0,0,0
9569,1,0,0,0,0
9570,1,0,0,0,0
9571,1,0,0,0,0
9572,1,0,0,0,0
9573,1,0,0,0,0
9574,1,0,0,0,0
9575,1,0,0,0,0
9576,1,0,0,0,0
9577,1,0,0,0,0
9578,1,0,0,0,0
9579,1,0,0,0,0
9580,1,0,0,0,0
9581,1,0,0,0,0
9582,1,0,0,0,0
9583,0,1,0,0,0
9584,0,1,0,0,0
9585,0,1,0,0,0
9586,0,1,0,0,0
9587,0,1,0,0,0
9588,0,1,0,0,0
9589,0,1,0,0,0
9590,0,1,0,0,0
9591,0,1,0,0,0
9592,0,1,0,0,0
9593,0,1,0,0,0
9594,0,1,0,0,0
9595,0,1,0,0,0
9596,0,1,0,0,0
9597,0,1,0,0,0
9598,0,1,0,0,0
9599,0,1,0,0,0
9600,0,1,0,0,0
9601,0,1,0,0,0
9602,0,1,0,0,0
9603,1,0,0,0,0
9604,1,0,0,0,0
9605,1,0,0,0,0
9606,1,0,0,0,0
9607,1,0,0,0,0
9608,1,0,0,0,0
9609,1,0,0,0,0
9610,1,0,0,0,0
9611,1,0,0,0,0
9612,1,0,0,0,0
9613,1,0,0,0,0
9614,1,0,0,0,0
9615,1,0,0,0,0
9616,1,0,0,0,0
9617,1,0,0,0,0
9618,1,0,0,0,0
9619,1,0,0,0,0
9620,1,0,0,0,0
9621,1,0,0,0,0
9622,0,0,0,0,1
9623,0,0,0,0,1
9624,0,0,0,0,1
9625,0,0,0,0,1
9626,0,0,0,0,1
9627,0,0,0,0,1
9628,0,0,0,0,1
9629,0,0,0,0,1
9630,0,0,0,0,1
9631,0,0,0,0,1
9632,0,0,0,0,1
9633,0,0,0,0,1
9634,0,0,0,0,1
9635,0,0,0,0,1
9636,0,0,0,0,1
9637,0,0,0,0,1
9638,0,0,0,0,1
9639,0,0,0,0,1
9640,0,0,0,0,1
9641,0,0,0,0,1
9642,0,0,0,0,1
9643,0,0,0,0,1
9644,0,0,0,0,1
9645,0,0,0,0,1
9646,0,0,0,0,1
9647,0,0,0,0,1
9648,0,0,0,0,1
9649,0,0,0,0,1
9650,0,0,0,0,1
9651,0,0,0,0,1
9652,0,0,0,0,1
9653,0,0,0,0,1
9654,0,0,0,0,1
9655,0,0,0,0,1
9656,0,0,0,0,1
9657,0,0,0,0,1
9658,0,0,0,0,1
9659,0,0,0,0,1
9660,0,0,0,0,1
9661,0,0,0,0,1
9662,0,0,0,0,1
9663,0,0,0,0,1
9664,0,0,0,0,1
9665,0,0,0,0,1
9666,0,0,0,0,1
9667,0,0,0,0,1
9668,0,0,0,0,1
9669,0,0,0,0,1
9670,0,0,0,0,1
9671,0,0,0,0,1
9672,0,0,0,0,1
9673,0,0,0,0,1
9674,0,0,0,0,1
9675,0,0,0,0,1
9676,0,0,0,0,1
9677,0,0,0,0,1
9678,0,0,0,0,1
9679,0,0,0,0,1
9680,1,0,0,0,0
9681,1,0,0,0,0
9682,1,0,0,0,0
9683,1,0,0,0,0
9684,1,0,0,0,0
9685,1,0,0,0,0
9686,1,0,0,0,0
9687,1,0,0,0,0
9688,1,0,0,0,0
9689,1,0,0,0,0
9690,1,0,0,0,0
9691,1,0,0,0,0
9692,1,0,0,0,0
9693,0,0,0,0,1
9694,0,0,0,0,1
9695,0,0,0,0,1
9696,0,0,0,0,1
9697,0,0,0,0,1
9698,0,0,0,0,1
9699,0,0,0,0,1
9700,0,0,0,0,1
9701,0,0,0,0,1
9702,0,0,0,0,1
9703,0,0,0,0,1
9704,0,0,0,0,1
9705,0,0,0,0,1
9706,0,0,0,0,1
9707,0,0,0,0,1
9708,0,0,0,0,1
9709,0,0,0,0,1
9710,0,0,0,0,1
9711,0,0,0,0,1
9712,0,0,0,0,1
9713,0,0,0,0,1
9714,0,0,0,0,1
9715,0,0,0,0,1
9716,0,0,0,0,1
9717,0,0,0,0,1
9718,0,0,0,0,1
9719,0,0,0,0,1
9720,0,0,0,0,1
9721,0,0,0,0,1
9722,0,0,0,0,1
9723,0,0,0,1,0
9724,0,0,0,1,0
9725,0,0,0,1,0
9726,0,0,0,1,0
9727,0,0,0,1,0
9728,0,0,0,1,0
9729,0,0,0,1,0
9730,0,0,0,1,0
9731,0,0,0,1,0
9732,0,0,0,1,0
9733,0,0,0,1,0
9734,0,0,0,1,0
9735,0,0,0,1,0
9736,0,0,0,1,0
9737,1,0,0,0,0
9738,1,0,0,0,0
9739,1,0,0,0,0
9740,1,0,0,0,0
9741,1,0,0,0,0
9742,1,0,0,0,0
9743,1,0,0,0,0
9744,1,0,0,0,0
9745,1,0,0,0,0
9746,1,0,0,0,0
9747,1,0,0,0,0
9748,1,0,0,0,0
9749,1,0,0,0,0
9750,1,0,0,0,0
9751,1,0,0,0,0
9752,1,0,0,0,0
9753,1,0,0,0,0
9754,1,0,0,0,0
9755,0,0,0,0,1
9756,0,0,0,0,1
9757,0,0,0,0,1
9758,0,0,0,0,1
9759,0,0,0,0,1
9760,0,0,0,0,1
9761,0,0,0,0,1
9762,0,0,0,0,1
9763,0,0,0,0,1
9764,0,0,0,0,1
9765,0,0,0,0,1
9766,0,0,0,0,1
9767,0,0,0,0,1
9768,0,0,0,0,1
9769,0,0,0,0,1
9770,0,0,0,0,1
9771,0,0,0,0,1
9772,0,0,0,0,1
9773,0,0,0,0,1
9774,0,0,0,0,1
9775,0,0,0,0,1
9776,0,0,0,0,1
9777,0,0,0,0,1
9778,0,0,0,0,1
9779,0,0,0,0,1
9780,0,0,0,0,1
9781,0,0,0,0,1
9782,0,0,0,0,1
9783,0,0,0,0,1
9784,0,0,0,0,1
9785,0,0,0,0,1
9786,0,0,0,0,1
9787,0,0,0,0,1
9788,0,0,0,0,1
9789,0,0,0,0,1
9790,0,0,0,0,1
9791,0,0,0,0,1
9792,0,0,0,0,1
9793,0,0,0,0,1
9794,0,0,0,0,1
9795,0,0,0,0,1
9796,0,0,0,0,1
9797,0,0,0,0,1
9798,0,0,0,0,1
9799,0,0,0,0,1
9800,0,0,0,0,1
9801,0,0,0,0,1
9802,0,0,0,0,1
9803,0,0,0,0,1
9804,0,0,0,0,1
9805,0,0,0,0,1
9806,1,0,0,0,0
9807,1,0,0,0,0
9808,1,0,0,0,0
9809,1,0,0,0,0
9810,1,0,0,0,0
9811,1,0,0,0,0
9812,1,0,0,0,0
9813,1,0,0,0,0
9814,1,0,0,0,0
9815,1,0,0,0,0
9816,1,0,0,0,0
9817,1,0,0,0,0
9818,1,0,0,0,0
9819,1,0,0,0,0
9820,1,0,0,0,0
9821,1,0,0,0,0
9822,1,0,0,0,0
9823,1,0,0,0,0
9824,1,0,0,0,0
9825,1,0,0,0,0
9826,1,0,0,0,0
9827,1,0,0,0,0
9828,1,0,0,0,0
9829,1,0,0,0,0
9830,1,0,0,0,0
9831,1,0,0,0,0
9832,1,0,0,0,0
9833,1,0,0,0,0
9834,1,0,0,0,0
9835,1,0,0,0,0
9836,1,0,0,0,0
9837,1,0,0,0,0
9838,1,0,0,0,0
9839,1,0,0,0,0
9840,1,0,0,0,0
9841,1,0,0,0,0
9842,1,0,0,0,0
9843,1,0,0,0,0
9844,1,0,0,0,0
9845,1,0,0,0,0
9846,1,0,0,0,0
9847,1,0,0,0,0
9848,1,0,0,0,0
9849,1,0,0,0,0
9850,1,0,0,0,0
9851,1,0,0,0,0
9852,1,0,0,0,0
9853,1,0,0,0,0
9854,1,0,0,0,0
9855,1,0,0,0,0
9856,1,0,0,0,0
9857,1,0,0,0,0
9858,1,0,0,0,0
9859,1,0,0,0,0
9860,1,0,0,0,0
9861,1,0,0,0,0
9862,1,0,0,0,0
9863,1,0,0,0,0
9864,1,0,0,0,0
9865,1,0,0,0,0
9866,1,0,0,0,0
9867,1,0,0,0,0
9868,1,0,0,0,0
9869,1,0,0,0,0
9870,1,0,0,0,0
9871,1,0,0,0,0
9872,1,0,0,0,0
9873,1,0,0,0,0
9874,1,0,0,0,0
9875,1,0,0,0,0
9876,1,0,0,0,0
9877,1,0,0,0,0
9878,1,0,0,0,0
9879,1,0,0,0,0
9880,1,0,0,0,0
9881,1,0,0,0,0
9882,1,0,0,0,0
9883,1,0,0,0,0
9884,1,0,0,0,0
9885,1,0,0,0,0
9886,1,0,0,0,0
9887,1,0,0,0,0
9888,1,0,0,0,0
9889,1,0,0,0,0
9890,1,0,0,0,0
9891,1,0,0,0,0
9892,1,0,0,0,0
9893,1,0,0,0,0
9894,1,0,0,0,0
9895,1,0,0,0,0
9896,1,0,0,0,0
9897,1,0,0,0,0
9898,1,0,0,0,0
9899,1,0,0,0,0
9900,1,0,0,0,0
9901,1,0,0,0,0
9902,1,0,0,0,0
9903,1,0,0,0,0
9904,1,0,0,0,0
9905,1,0,0,0,0
9906,1,0,0,0,0
9907,1,0,0,0,0
9908,1,0,0,0,0
9909,1,0,0,0,0
9910,1,0,0,0,0
9911,1,0,0,0,0
9912,1,0,0,0,0
9913,1,0,0,0,0
9914,1,0,0,0,0
9915,1,0,0,0,0
9916,1,0,0,0,0
9917,1,0,0,0,0
9918,1,0,0,0,0
9919,1,0,0,0,0
9920,1,0,0,0,0
9921,1,0,0,0,0
9922,1,0,0,0,0
9923,1,0,0,0,0
9924,1,0,0,0,0
9925,1,0,0,0,0
9926,1,0,0,0,0
9927,1,0,0,0,0
9928,1,0,0,0,0
9929,1,0,0,0,0
9930,1,0,0,0,0
9931,1,0,0,0,0
9932,1,0,0,0,0
9933,1,0,0,0,0
9934,1,0,0,0,0
9935,1,0,0,0,0
9936,1,0,0,0,0
9937,1,0,0,0,0
9938,1,0,0,0,0
9939,1,0,0,0,0
9940,1,0,0,0,0
9941,1,0,0,0,0
9942,1,0,0,0,0
9943,1,0,0,0,0
9944,1,0,0,0,0
9945,1,0,0,0,0
9946,1,0,0,0,0
9947,1,0,0,0,0
9948,1,0,0,0,0
9949,1,0,0,0,0
9950,1,0,0,0,0
9951,1,0,0,0,0
9952,1,0,0,0,0
9953,1,0,0,0,0
9954,1,0,0,0,0
9955,1,0,0,0,0
9956,1,0,0,0,0
9957,1,0,0,0,0
9958,1,0,0,0,0
9959,1,0,0,0,0
9960,1,0,0,0,0
9961,1,0,0,0,0
9962,1,0,0,0,0
9963,1,0,0,0,0
9964,1,0,0,0,0
9965,1,0,0,0,0
9966,1,0,0,0,0
9967,1,0,0,0,0
9968,1,0,0,0,0
9969,1,0,0,0,0
9970,1,0,0,0,0
9971,1,0,0,0,0
9972,1,0,0,0,0
9973,1,0,0,0,0
9974,1,0,0,0,0
9975,1,0,0,0,0
9976,1,0,0,0,0
9977,1,0,0,0,0
9978,1,0,0,0,0
9979,1,0,0,0,0
9980,1,0,0,0,0
9981,1,0,0,0,0
9982,1,0,0,0,0
9983,1,0,0,0,0
9984,1,0,0,0,0
9985,1,0,0,0,0
9986,1,0,0,0,0
9987,0,0,0,0,1
9988,0,0,0,0,1
9989,0,0,0,0,1
9990,0,0,0,0,1
9991,0,0,0,0,1
9992,0,0,0,0,1
9993,0,0,0,0,1
9994,0,0,0,0,1
9995,0,0,0,0,1
9996,0,0,0,0,1
9997,0,0,0,0,1
9998,0,0,0,0,1
9999,0,0,0,0,1
10000,0,0,0,0,1
10001,0,0,0,0,1
10002,0,0,0,0,1
10003,0,0,0,0,1
10004,0,0,0,0,1
10005,0,0,0,0,1
10006,0,0,0,0,1
10007,0,0,0,0,1
10008,0,0,0,0,1
10009,0,0,0,0,1
10010,0,0,0,0,1
10011,0,0,0,0,1
10012,0,0,0,0,1
10013,0,0,0,0,1
10014,0,0,0,0,1
10015,0,0,0,0,1
10016,0,0,0,0,1
10017,0,0,0,0,1
10018,0,0,0,0,1
10019,0,0,0,0,1
10020,0,0,0,0,1
10021,0,0,0,0,1
10022,0,0,0,0,1
10023,0,0,0,0,1
10024,0,0,0,0,1
10025,0,0,0,0,1
10026,0,0,0,0,1
10027,0,0,0,0,1
10028,0,0,0,0,1
10029,0,0,0,0,1
10030,0,0,0,0,1
10031,0,0,0,0,1
10032,0,0,0,0,1
10033,0,0,0,0,1
10034,0,0,0,0,1
10035,0,0,0,0,1
10036,0,0,0,0,1
10037,0,0,0,0,1
10038,0,0,0,0,1
10039,0,0,0,0,1
10040,0,0,0,0,1
10041,0,0,0,0,1
10042,0,0,0,0,1
10043,0,0,0,0,1
10044,0,0,0,0,1
10045,0,0,0,0,1
10046,0,0,0,0,1
10047,0,0,0,0,1
10048,0,0,0,0,1
10049,0,0,0,0,1
10050,0,0,0,0,1
10051,0,0,0,0,1
10052,0,0,0,0,1
10053,0,0,0,0,1
10054,0,0,0,0,1
10055,0,0,0,0,1
10056,0,0,0,0,1
10057,0,0,0,0,1
10058,0,0,0,0,1
10059,0,0,0,0,1
10060,0,0,0,0,1
10061,0,0,0,0,1
10062,0,0,0,0,1
10063,0,0,0,0,1
10064,1,0,0,0,0
10065,1,0,0,0,0
10066,1,0,0,0,0
10067,1,0,0,0,0
10068,1,0,0,0,0
10069,1,0,0,0,0
10070,1,0,0,0,0
10071,1,0,0,0,0
10072,1,0,0,0,0
10073,1,0,0,0,0
10074,1,0,0,0,0
10075,1,0,0,0,0
10076,1,0,0,0,0
10077,1,0,0,0,0
10078,1,0,0,0,0
10079,1,0,0,0,0
10080,1,0,0,0,0
10081,1,0,0,0,0
10082,1,0,0,0,0
10083,1,0,0,0,0
10084,1,0,0,0,0
10085,0,0,0,0,1
10086,0,0,0,0,1
10087,0,0,0,0,1
10088,0,0,0,0,1
10089,0,0,0,0,1
10090,0,0,0,0,1
10091,0,0,0,0,1
10092,0,0,0,0,1
10093,0,0,0,0,1
10094,0,0,0,0,1
10095,0,0,0,0,1
10096,0,0,0,0,1
10097,0,0,0,0,1
10098,0,0,0,0,1
10099,0,0,0,0,1
10100,1,0,0,0,0
10101,1,0,0,0,0
10102,1,0,0,0,0
10103,1,0,0,0,0
10104,1,0,0,0,0
10105,1,0,0,0,0
10106,1,0,0,0,0
10107,1,0,0,0,0
10108,1,0,0,0,0
10109,1,0,0,0,0
10110,1,0,0,0,0
10111,1,0,0,0,0
10112,1,0,0,0,0
10113,1,0,0,0,0
10114,0,0,0,0,1
10115,0,0,0,0,1
10116,0,0,0,0,1
10117,0,0,0,0,1
10118,0,0,0,0,1
10119,0,0,0,0,1
10120,0,0,0,0,1
10121,0,0,0,0,1
10122,0,0,0,0,1
10123,0,0,0,0,1
10124,0,0,0,0,1
10125,0,0,0,0,1
10126,0,0,0,0,1
10127,0,0,0,0,1
10128,0,0,0,0,1
10129,0,0,0,0,1
10130,0,0,0,0,1
10131,0,0,0,0,1
10132,0,0,0,0,1
10133,0,0,0,0,1
10134,0,0,0,0,1
10135,0,0,0,0,1
10136,0,0,0,0,1
10137,0,0,0,0,1
10138,0,0,0,0,1
10139,0,0,0,0,1
10140,0,0,0,0,1
10141,0,0,0,0,1
10142,0,0,0,0,1
10143,0,0,0,0,1
10144,0,0,0,0,1
10145,0,0,0,0,1
10146,0,0,0,0,1
10147,0,0,0,0,1
10148,0,0,0,0,1
10149,0,0,0,0,1
10150,0,0,0,0,1
10151,0,0,0,0,1
10152,0,0,0,0,1
10153,0,0,0,0,1
10154,0,0,0,0,1
10155,0,0,0,0,1
10156,0,0,0,0,1
10157,0,0,0,0,1
10158,0,0,0,0,1
10159,0,0,0,0,1
10160,0,0,0,0,1
10161,0,0,0,0,1
10162,0,0,0,0,1
10163,0,0,0,0,1
10164,0,0,0,0,1
10165,0,0,0,0,1
10166,0,0,0,0,1
10167,0,0,0,0,1
10168,0,0,0,0,1
10169,0,0,0,0,1
10170,0,0,0,0,1
10171,0,0,0,0,1
10172,0,0,0,0,1
10173,0,0,0,0,1
10174,0,0,0,0,1
10175,0,0,0,0,1
10176,0,0,0,0,1
10177,0,0,0,0,1
10178,0,0,0,0,1
10179,0,0,0,0,1
10180,0,0,0,0,1
10181,0,0,0,0,1
10182,0,0,0,0,1
10183,0,0,0,0,1
10184,0,0,0,0,1
10185,0,0,0,0,1
10186,0,0,0,0,1
10187,0,0,0,0,1
10188,0,0,0,0,1
10189,0,0,0,0,1
10190,0,0,0,0,1
10191,0,0,0,0,1
10192,0,0,0,0,1
10193,0,0,0,0,1
10194,0,0,0,0,1
10195,0,0,0,0,1
10196,0,0,0,0,1
10197,0,0,0,0,1
10198,0,0,0,0,1
10199,0,0,0,0,1
10200,0,0,0,0,1
10201,0,0,0,0,1
10202,0,0,0,0,1
10203,0,0,0,0,1
10204,0,0,0,0,1
10205,0,0,0,0,1
10206,1,0,0,0,0
10207,1,0,0,0,0
10208,1,0,0,0,0
10209,1,0,0,0,0
10210,1,0,0,0,0
10211,1,0,0,0,0
10212,1,0,0,0,0
10213,1,0,0,0,0
10214,1,0,0,0,0
10215,1,0,0,0,0
10216,1,0,0,0,0
10217,1,0,0,0,0
10218,1,0,0,0,0
10219,1,0,0,0,0
10220,1,0,0,0,0
10221,1,0,0,0,0
10222,1,0,0,0,0
10223,1,0,0,0,0
10224,1,0,0,0,0
10225,1,0,0,0,0
10226,1,0,0,0,0
10227,1,0,0,0,0
10228,1,0,0,0,0
10229,1,0,0,0,0
10230,1,0,0,0,0
10231,1,0,0,0,0
10232,1,0,0,0,0
10233,1,0,0,0,0
10234,1,0,0,0,0
10235,1,0,0,0,0
10236,1,0,0,0,0
10237,1,0,0,0,0
10238,1,0,0,0,0
10239,1,0,0,0,0
10240,1,0,0,0,0
10241,1,0,0,0,0
10242,1,0,0,0,0
10243,1,0,0,0,0
10244,1,0,0,0,0
10245,1,0,0,0,0
10246,1,0,0,0,0
10247,1,0,0,0,0
10248,1,0,0,0,0
10249,1,0,0,0,0
10250,1,0,0,0,0
10251,1,0,0,0,0
10252,1,0,0,0,0
10253,1,0,0,0,0
10254,1,0,0,0,0
10255,1,0,0,0,0
10256,1,0,0,0,0
10257,1,0,0,0,0
10258,1,0,0,0,0
10259,1,0,0,0,0
10260,1,0,0,0,0
10261,1,0,0,0,0
10262,1,0,0,0,0
10263,1,0,0,0,0
10264,1,0,0,0,0
10265,1,0,0,0,0
10266,1,0,0,0,0
10267,1,0,0,0,0
10268,1,0,0,0,0
10269,1,0,0,0,0
10270,1,0,0,0,0
10271,1,0,0,0,0
10272,1,0,0,0,0
10273,1,0,0,0,0
10274,1,0,0,0,0
10275,1,0,0,0,0
10276,1,0,0,0,0
10277,1,0,0,0,0
10278,1,0,0,0,0
10279,1,0,0,0,0
10280,1,0,0,0,0
10281,1,0,0,0,0
10282,1,0,0,0,0
10283,1,0,0,0,0
10284,1,0,0,0,0
10285,1,0,0,0,0
10286,1,0,0,0,0
10287,1,0,0,0,0
10288,1,0,0,0,0
10289,1,0,0,0,0
10290,1,0,0,0,0
10291,1,0,0,0,0
10292,1,0,0,0,0
10293,1,0,0,0,0
10294,1,0,0,0,0
10295,1,0,0,0,0
10296,1,0,0,0,0
10297,1,0,0,0,0
10298,1,0,0,0,0
10299,1,0,0,0,0
10300,1,0,0,0,0
10301,1,0,0,0,0
10302,1,0,0,0,0
10303,1,0,0,0,0
10304,1,0,0,0,0
10305,1,0,0,0,0
10306,1,0,0,0,0
10307,1,0,0,0,0
10308,1,0,0,0,0
10309,1,0,0,0,0
10310,1,0,0,0,0
10311,1,0,0,0,0
10312,1,0,0,0,0
10313,1,0,0,0,0
10314,1,0,0,0,0
10315,1,0,0,0,0
10316,1,0,0,0,0
10317,1,0,0,0,0
10318,1,0,0,0,0
10319,1,0,0,0,0
10320,1,0,0,0,0
10321,1,0,0,0,0
10322,1,0,0,0,0
10323,1,0,0,0,0
10324,1,0,0,0,0
10325,1,0,0,0,0
10326,1,0,0,0,0
10327,1,0,0,0,0
10328,1,0,0,0,0
10329,1,0,0,0,0
10330,1,0,0,0,0
10331,1,0,0,0,0
10332,1,0,0,0,0
10333,1,0,0,0,0
10334,1,0,0,0,0
10335,1,0,0,0,0
10336,1,0,0,0,0
10337,1,0,0,0,0
10338,1,0,0,0,0
10339,1,0,0,0,0
10340,1,0,0,0,0
10341,1,0,0,0,0
10342,1,0,0,0,0
10343,1,0,0,0,0
10344,1,0,0,0,0
10345,1,0,0,0,0
10346,1,0,0,0,0
10347,1,0,0,0,0
10348,1,0,0,0,0
10349,1,0,0,0,0
10350,1,0,0,0,0
10351,1,0,0,0,0
10352,1,0,0,0,0
10353,1,0,0,0,0
10354,1,0,0,0,0
10355,1,0,0,0,0
10356,1,0,0,0,0
10357,1,0,0,0,0
10358,1,0,0,0,0
10359,1,0,0,0,0
10360,1,0,0,0,0
10361,1,0,0,0,0
10362,1,0,0,0,0
10363,1,0,0,0,0
10364,1,0,0,0,0
10365,1,0,0,0,0
10366,1,0,0,0,0
10367,1,0,0,0,0
10368,1,0,0,0,0
10369,1,0,0,0,0
10370,1,0,0,0,0
10371,1,0,0,0,0
10372,1,0,0,0,0
10373,1,0,0,0,0
10374,1,0,0,0,0
10375,1,0,0,0,0
10376,1,0,0,0,0
10377,1,0,0,0,0
10378,1,0,0,0,0
10379,1,0,0,0,0
10380,1,0,0,0,0
10381,1,0,0,0,0
10382,1,0,0,0,0
10383,1,0,0,0,0
10384,1,0,0,0,0
10385,1,0,0,0,0
10386,1,0,0,0,0
10387,1,0,0,0,0
10388,1,0,0,0,0
10389,1,0,0,0,0
10390,1,0,0,0,0
10391,1,0,0,0,0
10392,1,0,0,0,0
10393,1,0,0,0,0
10394,1,0,0,0,0
10395,1,0,0,0,0
10396,1,0,0,0,0
10397,1,0,0,0,0
10398,1,0,0,0,0
10399,1,0,0,0,0
10400,1,0,0,0,0
10401,1,0,0,0,0
10402,1,0,0,0,0
10403,1,0,0,0,0
10404,1,0,0,0,0
10405,1,0,0,0,0
10406,1,0,0,0,0
10407,1,0,0,0,0
10408,1,0,0,0,0
10409,1,0,0,0,0
10410,1,0,0,0,0
10411,1,0,0,0,0
10412,1,0,0,0,0
10413,1,0,0,0,0
10414,1,0,0,0,0
10415,1,0,0,0,0
10416,1,0,0,0,0
10417,1,0,0,0,0
10418,1,0,0,0,0
10419,1,0,0,0,0
10420,1,0,0,0,0
10421,1,0,0,0,0
10422,1,0,0,0,0
10423,1,0,0,0,0
10424,1,0,0,0,0
10425,1,0,0,0,0
10426,1,0,0,0,0
10427,1,0,0,0,0
10428,1,0,0,0,0
10429,1,0,0,0,0
10430,1,0,0,0,0
10431,1,0,0,0,0
10432,1,0,0,0,0
10433,1,0,0,0,0
10434,1,0,0,0,0
10435,1,0,0,0,0
10436,1,0,0,0,0
10437,1,0,0,0,0
10438,1,0,0,0,0
10439,1,0,0,0,0
10440,1,0,0,0,0
10441,1,0,0,0,0
10442,1,0,0,0,0
10443,1,0,0,0,0
10444,1,0,0,0,0
10445,1,0,0,0,0
10446,1,0,0,0,0
10447,1,0,0,0,0
10448,1,0,0,0,0
10449,1,0,0,0,0
10450,1,0,0,0,0
10451,1,0,0,0,0
10452,1,0,0,0,0
10453,1,0,0,0,0
10454,1,0,0,0,0
10455,1,0,0,0,0
10456,1,0,0,0,0
10457,1,0,0,0,0
10458,1,0,0,0,0
10459,1,0,0,0,0
10460,1,0,0,0,0
10461,1,0,0,0,0
10462,1,0,0,0,0
10463,1,0,0,0,0
10464,1,0,0,0,0
10465,1,0,0,0,0
10466,1,0,0,0,0
10467,1,0,0,0,0
10468,1,0,0,0,0
10469,1,0,0,0,0
10470,1,0,0,0,0
10471,1,0,0,0,0
10472,1,0,0,0,0
10473,1,0,0,0,0
10474,1,0,0,0,0
10475,1,0,0,0,0
10476,1,0,0,0,0
10477,1,0,0,0,0
10478,1,0,0,0,0
10479,1,0,0,0,0
10480,1,0,0,0,0
10481,1,0,0,0,0
10482,1,0,0,0,0
10483,1,0,0,0,0
10484,1,0,0,0,0
10485,1,0,0,0,0
10486,1,0,0,0,0
10487,1,0,0,0,0
10488,1,0,0,0,0
10489,1,0,0,0,0
10490,1,0,0,0,0
10491,1,0,0,0,0
10492,1,0,0,0,0
10493,1,0,0,0,0
10494,1,0,0,0,0
10495,1,0,0,0,0
10496,1,0,0,0,0
10497,1,0,0,0,0
10498,1,0,0,0,0
10499,1,0,0,0,0
10500,1,0,0,0,0
10501,1,0,0,0,0
10502,1,0,0,0,0
10503,1,0,0,0,0
10504,1,0,0,0,0
10505,1,0,0,0,0
10506,1,0,0,0,0
10507,1,0,0,0,0
10508,1,0,0,0,0
10509,1,0,0,0,0
10510,1,0,0,0,0
10511,1,0,0,0,0
10512,1,0,0,0,0
10513,1,0,0,0,0
10514,1,0,0,0,0
10515,1,0,0,0,0
10516,1,0,0,0,0
10517,1,0,0,0,0
10518,1,0,0,0,0
10519,1,0,0,0,0
10520,1,0,0,0,0
10521,1,0,0,0,0
10522,1,0,0,0,0
10523,1,0,0,0,0
10524,1,0,0,0,0
10525,1,0,0,0,0
10526,1,0,0,0,0
10527,1,0,0,0,0
10528,1,0,0,0,0
10529,1,0,0,0,0
10530,1,0,0,0,0
10531,1,0,0,0,0
10532,1,0,0,0,0
10533,1,0,0,0,0
10534,1,0,0,0,0
10535,1,0,0,0,0
10536,1,0,0,0,0
10537,1,0,0,0,0
10538,1,0,0,0,0
10539,1,0,0,0,0
10540,1,0,0,0,0
10541,1,0,0,0,0
10542,1,0,0,0,0
10543,1,0,0,0,0
10544,1,0,0,0,0
10545,1,0,0,0,0
10546,1,0,0,0,0
10547,1,0,0,0,0
10548,1,0,0,0,0
10549,1,0,0,0,0
10550,1,0,0,0,0
10551,1,0,0,0,0
10552,1,0,0,0,0
10553,1,0,0,0,0
10554,1,0,0,0,0
10555,1,0,0,0,0
10556,1,0,0,0,0
10557,1,0,0,0,0
10558,1,0,0,0,0
10559,1,0,0,0,0
10560,1,0,0,0,0
10561,1,0,0,0,0
10562,1,0,0,0,0
10563,1,0,0,0,0
10564,1,0,0,0,0
10565,1,0,0,0,0
10566,1,0,0,0,0
10567,1,0,0,0,0
10568,1,0,0,0,0
10569,1,0,0,0,0
10570,1,0,0,0,0
10571,1,0,0,0,0
10572,1,0,0,0,0
10573,1,0,0,0,0
10574,1,0,0,0,0
10575,1,0,0,0,0
10576,1,0,0,0,0
10577,1,0,0,0,0
10578,1,0,0,0,0
10579,1,0,0,0,0
10580,1,0,0,0,0
10581,1,0,0,0,0
10582,1,0,0,0,0
10583,1,0,0,0,0
10584,1,0,0,0,0
10585,1,0,0,0,0
10586,1,0,0,0,0
10587,0,1,0,0,0
10588,0,1,0,0,0
10589,0,1,0,0,0
10590,0,1,0,0,0
10591,0,1,0,0,0
10592,0,1,0,0,0
10593,0,1,0,0,0
10594,0,1,0,0,0
10595,0,1,0,0,0
10596,0,1,0,0,0
10597,0,1,0,0,0
10598,0,1,0,0,0
10599,0,1,0,0,0
10600,0,1,0,0,0
10601,0,1,0,0,0
10602,0,1,0,0,0
10603,0,1,0,0,0
10604,0,1,0,0,0
10605,0,1,0,0,0
10606,0,1,0,0,0
10607,0,1,0,0,0
10608,0,1,0,0,0
10609,0,1,0,0,0
10610,0,1,0,0,0
10611,0,1,0,0,0
10612,0,1,0,0,0
10613,0,1,0,0,0
10614,0,1,0,0,0
10615,0,1,0,0,0
10616,0,1,0,0,0
10617,0,1,0,0,0
10618,0,1,0,0,0
10619,0,1,0,0,0
10620,0,1,0,0,0
10621,0,1,0,0,0
10622,0,1,0,0,0
10623,0,1,0,0,0
10624,0,1,0,0,0
10625,0,1,0,0,0
10626,0,1,0,0,0
10627,0,1,0,0,0
10628,0,1,0,0,0
10629,0,1,0,0,0
10630,0,1,0,0,0
10631,0,1,0,0,0
10632,0,1,0,0,0
10633,0,1,0,0,0
10634,0,1,0,0,0
10635,0,1,0,0,0
10636,0,1,0,0,0
10637,0,1,0,0,0
10638,0,1,0,0,0
10639,0,1,0,0,0
10640,0,1,0,0,0
10641,0,1,0,0,0
10642,0,1,0,0,0
10643,0,1,0,0,0
10644,0,1,0,0,0
10645,1,0,0,0,0
10646,1,0,0,0,0
10647,1,0,0,0,0
10648,1,0,0,0,0
10649,1,0,0,0,0
10650,1,0,0,0,0
10651,1,0,0,0,0
10652,1,0,0,0,0
10653,1,0,0,0,0
10654,1,0,0,0,0
10655,1,0,0,0,0
10656,1,0,0,0,0
10657,1,0,0,0,0
10658,1,0,0,0,0
10659,1,0,0,0,0
10660,1,0,0,0,0
10661,1,0,0,0,0
10662,1,0,0,0,0
10663,1,0,0,0,0
10664,1,0,0,0,0
10665,1,0,0,0,0
10666,1,0,0,0,0
10667,1,0,0,0,0
10668,1,0,0,0,0
10669,1,0,0,0,0
10670,1,0,0,0,0
10671,1,0,0,0,0
10672,1,0,0,0,0
10673,1,0,0,0,0
10674,1,0,0,0,0
10675,1,0,0,0,0
10676,1,0,0,0,0
10677,1,0,0,0,0
10678,1,0,0,0,0
10679,1,0,0,0,0
10680,1,0,0,0,0
10681,1,0,0,0,0
10682,1,0,0,0,0
10683,1,0,0,0,0
10684,1,0,0,0,0
10685,1,0,0,0,0
10686,1,0,0,0,0
10687,1,0,0,0,0
10688,1,0,0,0,0
10689,1,0,0,0,0
10690,1,0,0,0,0
10691,1,0,0,0,0
10692,1,0,0,0,0
10693,1,0,0,0,0
10694,1,0,0,0,0
10695,1,0,0,0,0
10696,1,0,0,0,0
10697,1,0,0,0,0
10698,1,0,0,0,0
10699,1,0,0,0,0
10700,1,0,0,0,0
10701,1,0,0,0,0
10702,1,0,0,0,0
10703,1,0,0,0,0
10704,1,0,0,0,0
10705,1,0,0,0,0
10706,1,0,0,0,0
10707,1,0,0,0,0
10708,1,0,0,0,0
10709,1,0,0,0,0
10710,1,0,0,0,0
10711,1,0,0,0,0
10712,1,0,0,0,0
10713,1,0,0,0,0
10714,1,0,0,0,0
10715,1,0,0,0,0
10716,1,0,0,0,0
10717,1,0,0,0,0
10718,1,0,0,0,0
10719,1,0,0,0,0
10720,1,0,0,0,0
10721,1,0,0,0,0
10722,1,0,0,0,0
10723,1,0,0,0,0
10724,1,0,0,0,0
10725,1,0,0,0,0
10726,1,0,0,0,0
10727,1,0,0,0,0
10728,1,0,0,0,0
10729,1,0,0,0,0
10730,1,0,0,0,0
10731,1,0,0,0,0
10732,1,0,0,0,0
10733,1,0,0,0,0
10734,1,0,0,0,0
10735,1,0,0,0,0
10736,1,0,0,0,0
10737,1,0,0,0,0
10738,1,0,0,0,0
10739,1,0,0,0,0
10740,1,0,0,0,0
10741,1,0,0,0,0
10742,1,0,0,0,0
10743,1,0,0,0,0
10744,1,0,0,0,0
10745,1,0,0,0,0
10746,1,0,0,0,0
10747,1,0,0,0,0
10748,1,0,0,0,0
10749,1,0,0,0,0
10750,1,0,0,0,0
10751,1,0,0,0,0
10752,0,0,0,0,1
10753,0,0,0,0,1
10754,0,0,0,0,1
10755,0,0,0,0,1
10756,0,0,0,0,1
10757,0,0,0,0,1
10758,0,0,0,0,1
10759,0,0,0,0,1
10760,0,0,0,0,1
10761,0,0,0,0,1
10762,0,0,0,0,1
10763,0,0,0,0,1
10764,0,0,0,0,1
10765,0,0,0,0,1
10766,0,0,0,0,1
10767,0,0,0,0,1
10768,0,0,0,0,1
10769,0,0,0,0,1
10770,0,0,0,0,1
10771,0,0,0,0,1
10772,0,0,0,0,1
10773,0,0,0,0,1
10774,0,0,0,0,1
10775,0,0,0,0,1
10776,0,0,0,0,1
10777,0,0,0,0,1
10778,0,0,0,0,1
10779,0,0,0,0,1
10780,1,0,0,0,0
10781,1,0,0,0,0
10782,1,0,0,0,0
10783,1,0,0,0,0
10784,1,0,0,0,0
10785,1,0,0,0,0
10786,1,0,0,0,0
10787,1,0,0,0,0
10788,1,0,0,0,0
10789,1,0,0,0,0
10790,1,0,0,0,0
10791,1,0,0,0,0
10792,1,0,0,0,0
10793,1,0,0,0,0
10794,1,0,0,0,0
10795,1,0,0,0,0
10796,1,0,0,0,0
10797,1,0,0,0,0
10798,1,0,0,0,0
10799,1,0,0,0,0
10800,1,0,0,0,0
10801,1,0,0,0,0
10802,1,0,0,0,0
10803,1,0,0,0,0
10804,1,0,0,0,0
10805,1,0,0,0,0
10806,0,1,0,0,0
10807,0,1,0,0,0
10808,0,1,0,0,0
10809,0,1,0,0,0
10810,0,1,0,0,0
10811,0,1,0,0,0
10812,0,1,0,0,0
10813,0,1,0,0,0
10814,0,1,0,0,0
10815,0,1,0,0,0
10816,0,1,0,0,0
10817,0,1,0,0,0
10818,0,1,0,0,0
10819,0,1,0,0,0
10820,0,1,0,0,0
10821,0,1,0,0,0
10822,0,1,0,0,0
10823,0,1,0,0,0
10824,0,1,0,0,0
10825,0,1,0,0,0
10826,0,1,0,0,0
10827,0,1,0,0,0
10828,0,1,0,0,0
10829,0,1,0,0,0
10830,0,1,0,0,0
10831,0,1,0,0,0
10832,0,1,0,0,0
10833,0,1,0,0,0
10834,0,1,0,0,0
10835,0,1,0,0,0
10836,0,1,0,0,0
10837,0,1,0,0,0
10838,0,1,0,0,0
10839,0,1,0,0,0
10840,0,1,0,0,0
10841,0,1,0,0,0
10842,0,1,0,0,0
10843,0,1,0,0,0
10844,0,1,0,0,0
10845,1,0,0,0,0
10846,1,0,0,0,0
10847,1,0,0,0,0
10848,1,0,0,0,0
10849,1,0,0,0,0
10850,1,0,0,0,0
10851,1,0,0,0,0
10852,1,0,0,0,0
10853,1,0,0,0,0
10854,1,0,0,0,0
10855,1,0,0,0,0
10856,1,0,0,0,0
10857,1,0,0,0,0
10858,1,0,0,0,0
10859,1,0,0,0,0
10860,1,0,0,0,0
10861,1,0,0,0,0
10862,1,0,0,0,0
10863,1,0,0,0,0
10864,1,0,0,0,0
10865,1,0,0,0,0
10866,1,0,0,0,0
10867,1,0,0,0,0
10868,1,0,0,0,0
10869,1,0,0,0,0
10870,1,0,0,0,0
10871,1,0,0,0,0
10872,1,0,0,0,0
10873,1,0,0,0,0
10874,1,0,0,0,0
10875,1,0,0,0,0
10876,1,0,0,0,0
10877,1,0,0,0,0
10878,1,0,0,0,0
10879,1,0,0,0,0
10880,1,0,0,0,0
10881,1,0,0,0,0
10882,1,0,0,0,0
10883,0,0,0,0,1
10884,0,0,0,0,1
10885,0,0,0,0,1
10886,0,0,0,0,1
10887,0,0,0,0,1
10888,0,0,0,0,1
10889,0,0,0,0,1
10890,0,0,0,0,1
10891,0,0,0,0,1
10892,0,0,0,0,1
10893,0,0,0,0,1
10894,0,0,0,0,1
10895,0,0,0,0,1
10896,0,0,0,0,1
10897,0,0,0,0,1
10898,0,0,0,0,1
10899,0,0,0,0,1
10900,0,0,0,0,1
10901,0,0,0,0,1
10902,0,0,0,0,1
10903,0,0,0,0,1
10904,0,0,0,0,1
10905,0,0,0,0,1
10906,0,0,0,0,1
10907,0,0,0,0,1
10908,0,0,0,0,1
10909,0,0,0,0,1
10910,0,0,0,0,1
10911,0,0,0,0,1
10912,0,0,0,0,1
10913,0,0,0,0,1
10914,0,0,0,0,1
10915,0,0,0,0,1
10916,0,0,0,0,1
10917,0,0,0,0,1
10918,0,0,0,0,1
10919,0,0,0,0,1
10920,0,0,0,0,1
10921,0,0,0,0,1
10922,0,0,0,0,1
10923,0,0,0,0,1
10924,0,0,0,0,1
10925,0,0,0,0,1
10926,0,0,0,0,1
10927,0,0,0,0,1
10928,0,0,0,0,1
10929,1,0,0,0,0
10930,1,0,0,0,0
10931,1,0,0,0,0
10932,1,0,0,0,0
10933,1,0,0,0,0
10934,1,0,0,0,0
10935,1,0,0,0,0
10936,1,0,0,0,0
10937,1,0,0,0,0
10938,1,0,0,0,0
10939,1,0,0,0,0
10940,1,0,0,0,0
10941,1,0,0,0,0
10942,1,0,0,0,0
10943,1,0,0,0,0
10944,1,0,0,0,0
10945,1,0,0,0,0
10946,1,0,0,0,0
10947,1,0,0,0,0
10948,1,0,0,0,0
10949,1,0,0,0,0
10950,1,0,0,0,0
10951,1,0,0,0,0
10952,1,0,0,0,0
10953,1,0,0,0,0
10954,1,0,0,0,0
10955,1,0,0,0,0
10956,1,0,0,0,0
10957,1,0,0,0,0
10958,1,0,0,0,0
10959,1,0,0,0,0
10960,1,0,0,0,0
10961,1,0,0,0,0
10962,1,0,0,0,0
10963,1,0,0,0,0
10964,1,0,0,0,0
10965,1,0,0,0,0
10966,1,0,0,0,0
10967,1,0,0,0,0
10968,1,0,0,0,0
10969,1,0,0,0,0
10970,1,0,0,0,0
10971,1,0,0,0,0
10972,1,0,0,0,0
10973,1,0,0,0,0
10974,1,0,0,0,0
10975,1,0,0,0,0
10976,1,0,0,0,0
10977,1,0,0,0,0
10978,1,0,0,0,0
10979,1,0,0,0,0
10980,1,0,0,0,0
10981,1,0,0,0,0
10982,1,0,0,0,0
10983,1,0,0,0,0
10984,1,0,0,0,0
10985,1,0,0,0,0
10986,1,0,0,0,0
10987,1,0,0,0,0
10988,1,0,0,0,0
10989,1,0,0,0,0
10990,1,0,0,0,0
10991,1,0,0,0,0
10992,1,0,0,0,0
10993,1,0,0,0,0
10994,1,0,0,0,0
10995,1,0,0,0,0
10996,1,0,0,0,0
10997,1,0,0,0,0
10998,1,0,0,0,0
10999,1,0,0,0,0
11000,1,0,0,0,0
11001,1,0,0,0,0
11002,1,0,0,0,0
11003,1,0,0,0,0
11004,1,0,0,0,0
11005,1,0,0,0,0
11006,1,0,0,0,0
11007,1,0,0,0,0
11008,1,0,0,0,0
11009,1,0,0,0,0
11010,1,0,0,0,0
11011,1,0,0,0,0
11012,1,0,0,0,0
11013,1,0,0,0,0
11014,1,0,0,0,0
11015,1,0,0,0,0
11016,1,0,0,0,0
11017,1,0,0,0,0
11018,1,0,0,0,0
11019,1,0,0,0,0
11020,1,0,0,0,0
11021,1,0,0,0,0
11022,1,0,0,0,0
11023,1,0,0,0,0
11024,0,0,0,0,1
11025,0,0,0,0,1
11026,0,0,0,0,1
11027,0,0,0,0,1
11028,0,0,0,0,1
11029,0,0,0,0,1
11030,0,0,0,0,1
11031,0,0,0,0,1
11032,0,0,0,0,1
11033,0,0,0,0,1
11034,0,0,0,0,1
11035,0,0,0,0,1
11036,0,0,0,0,1
11037,0,0,0,0,1
11038,0,0,0,0,1
11039,0,0,0,0,1
11040,0,0,0,0,1
11041,0,0,0,0,1
11042,0,0,0,0,1
11043,0,0,0,0,1
11044,0,0,0,0,1
11045,0,0,0,0,1
11046,0,0,0,0,1
11047,0,0,0,0,1
11048,0,0,0,0,1
11049,0,0,0,0,1
11050,0,0,0,0,1
11051,0,0,0,0,1
11052,0,0,0,0,1
11053,0,0,0,0,1
11054,0,0,0,0,1
11055,0,0,0,0,1
11056,0,0,0,0,1
11057,0,0,0,0,1
11058,0,0,0,0,1
11059,0,0,0,0,1
11060,0,0,0,0,1
11061,0,0,0,0,1
11062,0,0,0,0,1
11063,0,0,0,0,1
11064,0,0,0,0,1
11065,0,0,0,0,1
11066,0,0,0,0,1
11067,0,0,0,0,1
11068,0,0,0,0,1
11069,0,0,0,0,1
11070,0,0,0,0,1
11071,0,0,0,0,1
11072,0,0,0,0,1
11073,0,0,0,0,1
11074,0,0,0,0,1
11075,0,0,0,0,1
11076,0,0,0,0,1
11077,0,0,0,0,1
11078,0,0,0,0,1
11079,0,0,0,0,1
11080,0,0,0,0,1
11081,0,0,0,0,1
11082,0,0,0,0,1
11083,0,0,0,0,1
11084,0,0,0,0,1
11085,0,0,0,0,1
11086,0,0,0,0,1
11087,0,0,0,0,1
11088,0,0,0,0,1
11089,0,0,0,0,1
11090,0,0,0,0,1
11091,0,0,0,0,1
11092,0,0,0,0,1
11093,0,0,0,0,1
11094,0,0,0,0,1
11095,0,0,0,1,0
11096,0,0,0,1,0
11097,0,0,0,1,0
11098,0,0,0,1,0
11099,0,0,0,1,0
11100,0,0,0,1,0
11101,0,0,0,1,0
11102,0,0,0,1,0
11103,0,0,0,1,0
11104,0,0,0,1,0
11105,0,0,0,1,0
11106,0,0,0,1,0
11107,0,0,0,1,0
11108,0,0,0,1,0
11109,0,0,0,0,1
11110,0,0,0,0,1
11111,0,0,0,0,1
11112,0,0,0,0,1
11113,0,0,0,0,1
11114,0,0,0,0,1
11115,0,0,0,0,1
11116,0,0,0,0,1
11117,0,0,0,0,1
11118,0,0,0,0,1
11119,0,0,0,0,1
11120,0,0,0,0,1
11121,0,0,0,0,1
11122,0,0,0,0,1
11123,0,0,0,0,1
11124,0,0,0,0,1
11125,0,0,0,0,1
11126,0,0,0,0,1
11127,0,0,0,0,1
11128,0,0,0,0,1
11129,0,0,0,0,1
11130,0,0,0,0,1
11131,0,0,0,0,1
11132,0,0,0,0,1
11133,0,0,0,0,1
11134,0,0,0,0,1
11135,0,0,0,0,1
11136,0,0,0,0,1
11137,0,0,0,0,1
11138,0,0,0,0,1
11139,0,0,0,0,1
11140,0,0,0,0,1
11141,0,0,0,0,1
11142,0,0,0,0,1
11143,0,0,0,0,1
11144,0,0,0,0,1
11145,0,0,0,0,1
11146,0,0,0,0,1
11147,0,0,0,0,1
11148,0,0,0,0,1
11149,0,0,0,0,1
11150,0,0,0,0,1
11151,0,0,0,0,1
11152,0,0,0,0,1
11153,0,0,0,0,1
11154,0,0,0,0,1
11155,0,0,0,0,1
11156,0,0,0,0,1
11157,0,0,0,0,1
11158,0,0,0,0,1
11159,0,0,0,0,1
11160,0,0,0,0,1
11161,0,0,0,0,1
11162,0,0,0,0,1
11163,0,0,0,0,1
11164,0,0,0,0,1
11165,0,0,0,0,1
11166,0,0,0,0,1
11167,0,0,0,0,1
11168,0,0,0,0,1
11169,0,0,0,0,1
11170,0,0,0,0,1
11171,0,0,0,0,1
11172,0,0,0,0,1
11173,0,0,0,0,1
11174,0,0,0,0,1
11175,0,0,0,0,1
11176,0,0,0,0,1
11177,0,0,0,0,1
11178,1,0,0,0,0
11179,1,0,0,0,0
11180,1,0,0,0,0
11181,1,0,0,0,0
11182,1,0,0,0,0
11183,1,0,0,0,0
11184,1,0,0,0,0
11185,1,0,0,0,0
11186,1,0,0,0,0
11187,1,0,0,0,0
11188,1,0,0,0,0
11189,1,0,0,0,0
11190,1,0,0,0,0
11191,1,0,0,0,0
11192,1,0,0,0,0
11193,1,0,0,0,0
11194,1,0,0,0,0
11195,1,0,0,0,0
11196,1,0,0,0,0
11197,1,0,0,0,0
11198,1,0,0,0,0
11199,1,0,0,0,0
11200,1,0,0,0,0
11201,1,0,0,0,0
11202,1,0,0,0,0
11203,1,0,0,0,0
11204,1,0,0,0,0
11205,1,0,0,0,0
11206,1,0,0,0,0
11207,1,0,0,0,0
11208,1,0,0,0,0
11209,1,0,0,0,0
11210,1,0,0,0,0
11211,1,0,0,0,0
11212,1,0,0,0,0
11213,1,0,0,0,0
11214,1,0,0,0,0
11215,1,0,0,0,0
11216,1,0,0,0,0
11217,1,0,0,0,0
11218,1,0,0,0,0
11219,1,0,0,0,0
11220,1,0,0,0,0
11221,1,0,0,0,0
11222,1,0,0,0,0
11223,1,0,0,0,0
11224,1,0,0,0,0
11225,1,0,0,0,0
11226,1,0,0,0,0
11227,1,0,0,0,0
11228,1,0,0,0,0
11229,1,0,0,0,0
11230,1,0,0,0,0
11231,1,0,0,0,0
11232,1,0,0,0,0
11233,1,0,0,0,0
11234,0,0,0,0,1
11235,0,0,0,0,1
11236,0,0,0,0,1
11237,0,0,0,0,1
11238,0,0,0,0,1
11239,0,0,0,0,1
11240,0,0,0,0,1
11241,0,0,0,0,1
11242,0,0,0,0,1
11243,0,0,0,0,1
11244,0,0,0,0,1
11245,0,0,0,0,1
11246,0,0,0,0,1
11247,0,0,0,0,1
11248,0,0,0,0,1
11249,0,0,0,0,1
11250,0,0,0,0,1
11251,0,0,0,0,1
11252,0,0,0,0,1
11253,0,0,0,0,1
11254,0,0,0,0,1
11255,0,0,0,0,1
11256,0,0,0,0,1
11257,0,0,0,0,1
11258,0,0,0,0,1
11259,0,0,0,0,1
11260,0,0,0,0,1
11261,0,0,0,0,1
11262,0,0,0,0,1
11263,0,0,0,0,1
11264,0,0,0,0,1
11265,0,0,0,0,1
11266,0,0,0,0,1
11267,0,0,0,0,1
11268,0,0,0,0,1
11269,0,0,0,0,1
11270,0,0,0,0,1
11271,0,0,0,0,1
11272,0,0,0,0,1
11273,0,0,0,0,1
11274,0,0,0,0,1
11275,0,0,0,0,1
11276,0,0,0,0,1
11277,0,0,0,0,1
11278,0,0,0,0,1
11279,0,0,0,0,1
11280,0,0,0,0,1
11281,0,0,0,0,1
11282,0,0,0,0,1
11283,0,0,0,0,1
11284,0,0,0,0,1
11285,0,0,0,0,1
11286,0,0,0,0,1
11287,0,0,0,0,1
11288,0,0,0,0,1
11289,0,0,0,0,1
11290,0,0,0,0,1
11291,0,0,0,0,1
11292,0,0,0,0,1
11293,0,0,0,0,1
11294,0,0,0,0,1
11295,0,0,0,0,1
11296,0,0,0,0,1
11297,0,0,0,0,1
11298,0,0,0,0,1
11299,0,0,0,0,1
11300,0,0,0,0,1
11301,0,0,0,0,1
11302,0,0,0,0,1
11303,0,0,0,0,1
11304,0,0,0,0,1
11305,0,0,0,0,1
11306,0,0,0,0,1
11307,0,0,0,0,1
11308,0,0,0,0,1
11309,0,0,0,0,1
11310,0,0,0,0,1
11311,0,0,0,0,1
11312,0,0,0,0,1
11313,0,0,0,0,1
11314,0,0,0,0,1
11315,0,0,0,0,1
11316,0,0,0,0,1
11317,0,0,0,0,1
11318,0,0,0,0,1
11319,0,0,0,0,1
11320,0,0,0,0,1
11321,0,0,0,0,1
11322,0,0,0,0,1
11323,0,0,0,0,1
11324,0,0,0,0,1
11325,0,0,0,0,1
11326,0,0,0,0,1
11327,0,0,0,0,1
11328,0,0,0,0,1
11329,0,0,0,0,1
11330,0,0,0,0,1
11331,0,0,0,0,1
11332,0,0,0,0,1
11333,0,0,0,0,1
11334,0,0,0,0,1
11335,0,0,0,0,1
11336,0,0,0,0,1
11337,0,0,0,0,1
11338,0,0,0,0,1
11339,0,0,0,0,1
11340,0,0,0,0,1
11341,0,0,0,0,1
11342,0,0,0,0,1
11343,0,0,0,0,1
11344,0,0,0,0,1
11345,0,0,0,0,1
11346,0,0,0,0,1
11347,0,0,0,0,1
11348,0,0,0,0,1
11349,0,0,0,0,1
11350,0,0,0,0,1
11351,0,0,0,0,1
11352,0,0,0,0,1
11353,0,0,0,0,1
11354,0,0,0,0,1
11355,0,0,0,0,1
11356,0,0,0,0,1
11357,0,0,0,0,1
11358,0,0,0,0,1
11359,0,0,0,0,1
11360,0,0,0,0,1
11361,0,0,0,0,1
11362,0,0,0,0,1
11363,0,0,0,0,1
11364,0,0,0,0,1
11365,0,0,0,0,1
11366,0,0,0,0,1
11367,0,0,0,0,1
11368,0,0,0,0,1
11369,0,0,0,0,1
11370,0,0,0,0,1
11371,0,0,0,0,1
11372,0,0,0,0,1
11373,0,0,0,0,1
11374,0,0,0,0,1
11375,0,0,0,0,1
11376,0,0,0,0,1
11377,0,0,0,0,1
11378,0,0,0,0,1
11379,0,0,0,0,1
11380,0,0,0,0,1
11381,0,0,0,0,1
11382,0,0,0,0,1
11383,0,0,0,0,1
11384,0,0,0,0,1
11385,0,0,0,0,1
11386,0,0,0,0,1
11387,0,0,0,0,1
11388,0,0,0,0,1
11389,0,0,0,0,1
11390,0,0,0,0,1
11391,0,0,0,0,1
11392,0,0,0,0,1
11393,0,0,0,0,1
11394,0,0,0,0,1
11395,0,0,0,0,1
11396,0,0,0,0,1
11397,0,0,0,0,1
11398,0,0,0,0,1
11399,0,0,0,0,1
11400,0,0,0,0,1
11401,0,0,0,0,1
11402,0,0,0,0,1
11403,0,0,0,0,1
11404,0,0,0,0,1
11405,0,0,0,0,1
11406,0,0,0,0,1
11407,0,0,0,0,1
11408,1,0,0,0,0
11409,1,0,0,0,0
11410,1,0,0,0,0
11411,1,0,0,0,0
11412,1,0,0,0,0
11413,1,0,0,0,0
11414,1,0,0,0,0
11415,1,0,0,0,0
11416,1,0,0,0,0
11417,1,0,0,0,0
11418,1,0,0,0,0
11419,1,0,0,0,0
11420,1,0,0,0,0
11421,1,0,0,0,0
11422,1,0,0,0,0
11423,1,0,0,0,0
11424,1,0,0,0,0
11425,1,0,0,0,0
11426,1,0,0,0,0
11427,1,0,0,0,0
11428,1,0,0,0,0
11429,1,0,0,0,0
11430,1,0,0,0,0
11431,1,0,0,0,0
11432,1,0,0,0,0
11433,1,0,0,0,0
11434,1,0,0,0,0
11435,1,0,0,0,0
11436,1,0,0,0,0
11437,1,0,0,0,0
11438,1,0,0,0,0
11439,1,0,0,0,0
11440,1,0,0,0,0
11441,1,0,0,0,0
11442,1,0,0,0,0
11443,1,0,0,0,0
11444,1,0,0,0,0
11445,0,0,0,0,1
11446,0,0,0,0,1
11447,0,0,0,0,1
11448,0,0,0,0,1
11449,0,0,0,0,1
11450,0,0,0,0,1
11451,0,0,0,0,1
11452,0,0,0,0,1
11453,0,0,0,0,1
11454,0,0,0,0,1
11455,0,0,0,0,1
11456,0,0,0,0,1
11457,0,0,0,0,1
11458,0,0,0,0,1
11459,1,0,0,0,0
11460,1,0,0,0,0
11461,1,0,0,0,0
11462,1,0,0,0,0
11463,1,0,0,0,0
11464,1,0,0,0,0
11465,1,0,0,0,0
11466,1,0,0,0,0
11467,1,0,0,0,0
11468,0,0,0,0,1
11469,0,0,0,0,1
11470,0,0,0,0,1
11471,0,0,0,0,1
11472,0,0,0,0,1
11473,0,0,0,0,1
11474,0,0,0,0,1
11475,0,0,0,0,1
11476,0,0,0,0,1
11477,0,0,0,0,1
11478,0,0,0,0,1
11479,0,0,0,0,1
11480,0,0,0,0,1
11481,0,0,0,0,1
11482,0,0,0,0,1
11483,0,0,0,0,1
11484,0,0,0,0,1
11485,0,0,0,0,1
11486,0,0,0,0,1
11487,0,0,0,0,1
11488,0,0,0,0,1
11489,0,0,0,0,1
11490,0,0,0,0,1
11491,0,0,0,0,1
11492,0,0,0,0,1
11493,0,0,0,0,1
11494,0,0,0,0,1
11495,0,0,0,0,1
11496,0,0,0,0,1
11497,0,0,0,0,1
11498,0,0,0,0,1
11499,0,0,0,0,1
11500,0,0,0,0,1
11501,0,0,0,0,1
11502,0,0,0,0,1
11503,0,0,0,0,1
11504,0,0,0,0,1
11505,0,0,0,0,1
11506,0,0,0,0,1
11507,0,0,0,0,1
11508,0,0,0,0,1
11509,0,0,0,0,1
11510,0,0,0,0,1
11511,0,0,0,0,1
11512,0,0,0,0,1
11513,0,0,0,0,1
11514,0,0,0,0,1
11515,0,0,0,0,1
11516,0,0,0,0,1
11517,0,0,0,0,1
11518,0,0,0,0,1
11519,0,0,0,0,1
11520,0,0,0,0,1
11521,0,0,0,0,1
11522,0,0,0,0,1
11523,0,0,0,0,1
11524,0,0,0,0,1
11525,0,0,0,0,1
11526,0,0,0,0,1
11527,0,0,0,0,1
11528,0,0,0,0,1
11529,0,0,0,0,1
11530,0,0,0,0,1
11531,0,0,0,0,1
11532,0,0,0,0,1
11533,0,0,0,0,1
11534,0,0,0,0,1
11535,0,0,0,0,1
11536,0,0,0,0,1
11537,0,0,0,0,1
11538,0,0,0,0,1
11539,0,0,0,0,1
11540,0,0,0,0,1
11541,0,0,0,0,1
11542,0,0,0,0,1
11543,0,0,0,0,1
11544,0,0,0,0,1
11545,0,0,0,0,1
11546,0,0,0,0,1
11547,0,0,0,0,1
11548,0,0,0,0,1
11549,0,0,0,0,1
11550,0,0,0,0,1
11551,0,0,0,0,1
11552,0,0,0,0,1
11553,0,0,0,0,1
11554,0,0,0,0,1
11555,0,0,0,0,1
11556,0,0,0,0,1
11557,0,0,0,0,1
11558,0,0,0,0,1
11559,0,0,0,0,1
11560,0,0,0,0,1
11561,0,0,0,0,1
11562,0,0,0,0,1
11563,0,0,0,0,1
11564,0,0,0,0,1
11565,0,0,0,0,1
11566,0,0,0,0,1
11567,0,0,0,0,1
11568,0,0,0,0,1
11569,0,0,0,0,1
11570,0,0,0,0,1
11571,0,0,0,0,1
11572,0,0,0,0,1
11573,0,0,0,0,1
11574,0,0,0,0,1
11575,0,0,0,0,1
11576,0,0,0,0,1
11577,0,0,0,0,1
11578,0,0,0,0,1
11579,0,0,0,0,1
11580,0,0,0,0,1
11581,0,0,0,0,1
11582,0,0,0,0,1
11583,0,0,0,0,1
11584,0,0,0,0,1
11585,0,0,0,0,1
11586,0,0,0,0,1
11587,0,0,0,0,1
11588,0,0,0,0,1
11589,0,0,0,0,1
11590,0,0,0,0,1
11591,0,0,0,0,1
11592,0,0,0,0,1
11593,0,0,0,0,1
11594,0,0,0,0,1
11595,0,0,0,0,1
11596,0,0,0,0,1
11597,0,0,0,0,1
11598,0,0,0,0,1
11599,0,0,0,0,1
11600,0,0,0,0,1
11601,0,0,0,0,1
11602,0,0,0,0,1
11603,0,0,0,0,1
11604,0,0,0,0,1
11605,0,0,0,0,1
11606,0,0,0,0,1
11607,0,0,0,0,1
11608,0,0,0,0,1
11609,0,0,0,0,1
11610,0,0,0,0,1
11611,0,0,0,0,1
11612,0,0,0,0,1
11613,0,0,0,0,1
11614,0,0,0,0,1
11615,0,0,0,0,1
11616,0,0,0,0,1
11617,0,0,0,0,1
11618,0,0,0,0,1
11619,0,0,0,0,1
11620,0,0,0,0,1
11621,0,0,0,0,1
11622,0,0,0,0,1
11623,0,1,0,0,0
11624,0,1,0,0,0
11625,0,1,0,0,0
11626,0,1,0,0,0
11627,0,1,0,0,0
11628,0,1,0,0,0
11629,0,1,0,0,0
11630,0,1,0,0,0
11631,0,1,0,0,0
11632,0,1,0,0,0
11633,0,1,0,0,0
11634,0,1,0,0,0
11635,0,1,0,0,0
11636,0,1,0,0,0
11637,0,1,0,0,0
11638,0,1,0,0,0
11639,0,1,0,0,0
11640,0,1,0,0,0
11641,0,1,0,0,0
11642,0,1,0,0,0
11643,0,1,0,0,0
11644,0,1,0,0,0
11645,0,1,0,0,0
11646,0,1,0,0,0
11647,0,1,0,0,0
11648,0,1,0,0,0
11649,0,1,0,0,0
11650,0,1,0,0,0
11651,0,1,0,0,0
11652,0,1,0,0,0
11653,0,1,0,0,0
11654,0,1,0,0,0
11655,0,1,0,0,0
11656,0,1,0,0,0
11657,0,1,0,0,0
11658,0,1,0,0,0
11659,0,1,0,0,0
11660,0,1,0,0,0
11661,0,1,0,0,0
11662,0,1,0,0,0
11663,0,1,0,0,0
11664,0,1,0,0,0
11665,0,1,0,0,0
11666,0,1,0,0,0
11667,1,0,0,0,0
11668,1,0,0,0,0
11669,1,0,0,0,0
11670,1,0,0,0,0
11671,1,0,0,0,0
11672,1,0,0,0,0
11673,1,0,0,0,0
11674,1,0,0,0,0
11675,1,0,0,0,0
11676,1,0,0,0,0
11677,1,0,0,0,0
11678,1,0,0,0,0
11679,1,0,0,0,0
11680,1,0,0,0,0
11681,1,0,0,0,0
11682,1,0,0,0,0
11683,1,0,0,0,0
11684,1,0,0,0,0
11685,1,0,0,0,0
11686,1,0,0,0,0
11687,1,0,0,0,0
11688,1,0,0,0,0
11689,1,0,0,0,0
11690,1,0,0,0,0
11691,1,0,0,0,0
11692,1,0,0,0,0
11693,1,0,0,0,0
11694,1,0,0,0,0
11695,1,0,0,0,0
11696,1,0,0,0,0
11697,1,0,0,0,0
11698,1,0,0,0,0
11699,1,0,0,0,0
11700,1,0,0,0,0
11701,1,0,0,0,0
11702,1,0,0,0,0
11703,1,0,0,0,0
11704,1,0,0,0,0
11705,1,0,0,0,0
11706,1,0,0,0,0
11707,1,0,0,0,0
11708,1,0,0,0,0
11709,1,0,0,0,0
11710,1,0,0,0,0
11711,1,0,0,0,0
11712,1,0,0,0,0
11713,1,0,0,0,0
11714,1,0,0,0,0
11715,1,0,0,0,0
11716,1,0,0,0,0
11717,1,0,0,0,0
11718,1,0,0,0,0
11719,1,0,0,0,0
11720,1,0,0,0,0
11721,1,0,0,0,0
11722,1,0,0,0,0
11723,1,0,0,0,0
11724,1,0,0,0,0
11725,1,0,0,0,0
11726,1,0,0,0,0
11727,1,0,0,0,0
11728,1,0,0,0,0
11729,1,0,0,0,0
11730,1,0,0,0,0
11731,1,0,0,0,0
11732,1,0,0,0,0
11733,1,0,0,0,0
11734,1,0,0,0,0
11735,1,0,0,0,0
11736,1,0,0,0,0
11737,1,0,0,0,0
11738,1,0,0,0,0
11739,1,0,0,0,0
11740,1,0,0,0,0
11741,1,0,0,0,0
11742,1,0,0,0,0
11743,1,0,0,0,0
11744,1,0,0,0,0
11745,1,0,0,0,0
11746,1,0,0,0,0
11747,1,0,0,0,0
11748,1,0,0,0,0
11749,1,0,0,0,0
11750,1,0,0,0,0
11751,1,0,0,0,0
11752,1,0,0,0,0
11753,1,0,0,0,0
11754,1,0,0,0,0
11755,1,0,0,0,0
11756,1,0,0,0,0
11757,1,0,0,0,0
11758,1,0,0,0,0
11759,1,0,0,0,0
11760,1,0,0,0,0
11761,1,0,0,0,0
11762,1,0,0,0,0
11763,1,0,0,0,0
11764,1,0,0,0,0
11765,1,0,0,0,0
11766,1,0,0,0,0
11767,1,0,0,0,0
11768,1,0,0,0,0
11769,1,0,0,0,0
11770,1,0,0,0,0
11771,1,0,0,0,0
11772,1,0,0,0,0
11773,1,0,0,0,0
11774,1,0,0,0,0
11775,1,0,0,0,0
11776,1,0,0,0,0
11777,1,0,0,0,0
11778,1,0,0,0,0
11779,1,0,0,0,0
11780,1,0,0,0,0
11781,1,0,0,0,0
11782,1,0,0,0,0
11783,1,0,0,0,0
11784,1,0,0,0,0
11785,1,0,0,0,0
11786,1,0,0,0,0
11787,1,0,0,0,0
11788,1,0,0,0,0
11789,1,0,0,0,0
11790,1,0,0,0,0
11791,1,0,0,0,0
11792,1,0,0,0,0
11793,1,0,0,0,0
11794,1,0,0,0,0
11795,1,0,0,0,0
11796,1,0,0,0,0
11797,1,0,0,0,0
11798,1,0,0,0,0
11799,1,0,0,0,0
11800,1,0,0,0,0
11801,1,0,0,0,0
11802,1,0,0,0,0
11803,1,0,0,0,0
11804,1,0,0,0,0
11805,1,0,0,0,0
11806,1,0,0,0,0
11807,1,0,0,0,0
11808,0,1,0,0,0
11809,0,1,0,0,0
11810,0,1,0,0,0
11811,0,1,0,0,0
11812,0,1,0,0,0
11813,0,1,0,0,0
11814,0,1,0,0,0
11815,0,1,0,0,0
11816,0,1,0,0,0
11817,0,1,0,0,0
11818,0,1,0,0,0
11819,0,1,0,0,0
11820,0,1,0,0,0
11821,0,1,0,0,0
11822,0,1,0,0,0
11823,0,1,0,0,0
11824,0,1,0,0,0
11825,0,1,0,0,0
11826,0,1,0,0,0
11827,0,1,0,0,0
11828,0,1,0,0,0
11829,0,1,0,0,0
11830,0,1,0,0,0
11831,0,1,0,0,0
11832,0,1,0,0,0
11833,0,1,0,0,0
11834,0,1,0,0,0
11835,0,1,0,0,0
11836,0,1,0,0,0
11837,0,1,0,0,0
11838,0,1,0,0,0
11839,0,1,0,0,0
11840,0,1,0,0,0
11841,0,1,0,0,0
11842,0,1,0,0,0
11843,0,1,0,0,0
11844,0,1,0,0,0
11845,0,1,0,0,0
11846,0,1,0,0,0
11847,0,1,0,0,0
11848,0,1,0,0,0
11849,0,1,0,0,0
11850,0,1,0,0,0
11851,1,0,0,0,0
11852,1,0,0,0,0
11853,1,0,0,0,0
11854,1,0,0,0,0
11855,1,0,0,0,0
11856,1,0,0,0,0
11857,1,0,0,0,0
11858,1,0,0,0,0
11859,1,0,0,0,0
11860,1,0,0,0,0
11861,1,0,0,0,0
11862,1,0,0,0,0
11863,1,0,0,0,0
11864,1,0,0,0,0
11865,1,0,0,0,0
11866,1,0,0,0,0
11867,1,0,0,0,0
11868,1,0,0,0,0
11869,1,0,0,0,0
11870,1,0,0,0,0
11871,1,0,0,0,0
11872,1,0,0,0,0
11873,1,0,0,0,0
11874,1,0,0,0,0
11875,1,0,0,0,0
11876,1,0,0,0,0
11877,1,0,0,0,0
11878,1,0,0,0,0
11879,1,0,0,0,0
11880,1,0,0,0,0
11881,1,0,0,0,0
11882,1,0,0,0,0
11883,1,0,0,0,0
11884,0,1,0,0,0
11885,0,1,0,0,0
11886,0,1,0,0,0
11887,0,1,0,0,0
11888,0,1,0,0,0
11889,0,1,0,0,0
11890,0,1,0,0,0
11891,0,1,0,0,0
11892,0,1,0,0,0
11893,0,1,0,0,0
11894,0,1,0,0,0
11895,0,1,0,0,0
11896,0,1,0,0,0
11897,0,1,0,0,0
11898,0,1,0,0,0
11899,0,1,0,0,0
11900,0,1,0,0,0
11901,0,1,0,0,0
11902,0,1,0,0,0
11903,0,1,0,0,0
11904,0,1,0,0,0
11905,0,1,0,0,0
11906,0,1,0,0,0
11907,0,1,0,0,0
11908,0,1,0,0,0
11909,0,1,0,0,0
11910,1,0,0,0,0
11911,1,0,0,0,0
11912,1,0,0,0,0
11913,1,0,0,0,0
11914,1,0,0,0,0
11915,1,0,0,0,0
11916,1,0,0,0,0
11917,1,0,0,0,0
11918,1,0,0,0,0
11919,1,0,0,0,0
11920,1,0,0,0,0
11921,1,0,0,0,0
11922,1,0,0,0,0
11923,1,0,0,0,0
11924,1,0,0,0,0
11925,1,0,0,0,0
11926,1,0,0,0,0
11927,1,0,0,0,0
11928,1,0,0,0,0
11929,1,0,0,0,0
11930,1,0,0,0,0
11931,1,0,0,0,0
11932,1,0,0,0,0
11933,1,0,0,0,0
11934,1,0,0,0,0
11935,1,0,0,0,0
11936,1,0,0,0,0
11937,1,0,0,0,0
11938,1,0,0,0,0
11939,1,0,0,0,0
11940,1,0,0,0,0
11941,1,0,0,0,0
11942,1,0,0,0,0
11943,1,0,0,0,0
11944,1,0,0,0,0
11945,1,0,0,0,0
11946,1,0,0,0,0
11947,1,0,0,0,0
11948,1,0,0,0,0
11949,1,0,0,0,0
11950,1,0,0,0,0
11951,1,0,0,0,0
11952,1,0,0,0,0
11953,1,0,0,0,0
11954,1,0,0,0,0
11955,0,1,0,0,0
11956,0,1,0,0,0
11957,0,1,0,0,0
11958,0,1,0,0,0
11959,0,1,0,0,0
11960,0,1,0,0,0
11961,0,1,0,0,0
11962,0,1,0,0,0
11963,0,1,0,0,0
11964,0,1,0,0,0
11965,0,1,0,0,0
11966,0,1,0,0,0
11967,0,1,0,0,0
11968,0,1,0,0,0
11969,0,1,0,0,0
11970,0,1,0,0,0
11971,0,1,0,0,0
11972,0,1,0,0,0
11973,0,1,0,0,0
11974,0,1,0,0,0
11975,0,1,0,0,0
11976,0,1,0,0,0
11977,0,1,0,0,0
11978,0,1,0,0,0
11979,0,1,0,0,0
11980,0,1,0,0,0
11981,0,1,0,0,0
11982,0,1,0,0,0
11983,1,0,0,0,0
11984,1,0,0,0,0
11985,1,0,0,0,0
11986,1,0,0,0,0
11987,1,0,0,0,0
11988,1,0,0,0,0
11989,1,0,0,0,0
11990,1,0,0,0,0
11991,1,0,0,0,0
11992,1,0,0,0,0
11993,1,0,0,0,0
11994,1,0,0,0,0
11995,1,0,0,0,0
11996,1,0,0,0,0
11997,1,0,0,0,0
11998,1,0,0,0,0
11999,1,0,0,0,0
12000,1,0,0,0,0
12001,1,0,0,0,0
12002,1,0,0,0,0
12003,1,0,0,0,0
12004,1,0,0,0,0
12005,1,0,0,0,0
12006,1,0,0,0,0
12007,1,0,0,0,0
12008,1,0,0,0,0
12009,1,0,0,0,0
12010,1,0,0,0,0
12011,1,0,0,0,0
12012,1,0,0,0,0
12013,1,0,0,0,0
12014,1,0,0,0,0
12015,1,0,0,0,0
12016,1,0,0,0,0
12017,1,0,0,0,0
12018,1,0,0,0,0
12019,1,0,0,0,0
12020,1,0,0,0,0
12021,1,0,0,0,0
12022,1,0,0,0,0
12023,1,0,0,0,0
12024,1,0,0,0,0
12025,1,0,0,0,0
12026,1,0,0,0,0
12027,1,0,0,0,0
12028,1,0,0,0,0
12029,1,0,0,0,0
12030,1,0,0,0,0
12031,1,0,0,0,0
12032,1,0,0,0,0
12033,1,0,0,0,0
12034,1,0,0,0,0
12035,1,0,0,0,0
12036,1,0,0,0,0
12037,1,0,0,0,0
12038,1,0,0,0,0
12039,1,0,0,0,0
12040,1,0,0,0,0
12041,1,0,0,0,0
12042,1,0,0,0,0
12043,1,0,0,0,0
12044,1,0,0,0,0
12045,1,0,0,0,0
12046,1,0,0,0,0
12047,1,0,0,0,0
12048,1,0,0,0,0
12049,1,0,0,0,0
12050,1,0,0,0,0
12051,1,0,0,0,0
12052,1,0,0,0,0
12053,1,0,0,0,0
12054,1,0,0,0,0
12055,1,0,0,0,0
12056,1,0,0,0,0
12057,1,0,0,0,0
12058,1,0,0,0,0
12059,1,0,0,0,0
12060,1,0,0,0,0
12061,1,0,0,0,0
12062,1,0,0,0,0
12063,1,0,0,0,0
12064,1,0,0,0,0
12065,1,0,0,0,0
12066,1,0,0,0,0
12067,1,0,0,0,0
12068,1,0,0,0,0
12069,1,0,0,0,0
12070,1,0,0,0,0
12071,1,0,0,0,0
12072,1,0,0,0,0
12073,1,0,0,0,0
12074,1,0,0,0,0
12075,1,0,0,0,0
12076,1,0,0,0,0
12077,1,0,0,0,0
12078,1,0,0,0,0
12079,1,0,0,0,0
12080,1,0,0,0,0
12081,1,0,0,0,0
12082,1,0,0,0,0
12083,1,0,0,0,0
12084,1,0,0,0,0
12085,0,1,0,0,0
12086,0,1,0,0,0
12087,0,1,0,0,0
12088,0,1,0,0,0
12089,0,1,0,0,0
12090,0,1,0,0,0
12091,0,1,0,0,0
12092,0,1,0,0,0
12093,0,1,0,0,0
12094,0,1,0,0,0
12095,0,1,0,0,0
12096,0,1,0,0,0
12097,0,1,0,0,0
12098,0,1,0,0,0
12099,0,1,0,0,0
12100,0,1,0,0,0
12101,0,1,0,0,0
12102,0,1,0,0,0
12103,0,1,0,0,0
12104,0,1,0,0,0
12105,0,1,0,0,0
12106,0,1,0,0,0
12107,1,0,0,0,0
12108,1,0,0,0,0
12109,1,0,0,0,0
12110,1,0,0,0,0
12111,1,0,0,0,0
12112,1,0,0,0,0
12113,1,0,0,0,0
12114,1,0,0,0,0
12115,1,0,0,0,0
12116,1,0,0,0,0
12117,1,0,0,0,0
12118,1,0,0,0,0
12119,1,0,0,0,0
12120,1,0,0,0,0
12121,1,0,0,0,0
12122,1,0,0,0,0
12123,1,0,0,0,0
12124,1,0,0,0,0
12125,1,0,0,0,0
12126,1,0,0,0,0
12127,1,0,0,0,0
12128,1,0,0,0,0
12129,1,0,0,0,0
12130,1,0,0,0,0
12131,1,0,0,0,0
12132,1,0,0,0,0
12133,1,0,0,0,0
12134,1,0,0,0,0
12135,1,0,0,0,0
12136,1,0,0,0,0
12137,1,0,0,0,0
12138,0,0,0,0,1
12139,0,0,0,0,1
12140,0,0,0,0,1
12141,0,0,0,0,1
12142,0,0,0,0,1
12143,0,0,0,0,1
12144,0,0,0,0,1
12145,0,0,0,0,1
12146,0,0,0,0,1
12147,0,0,0,0,1
12148,0,0,0,0,1
12149,0,0,0,0,1
12150,0,0,0,0,1
12151,0,0,0,0,1
12152,0,0,0,0,1
12153,0,0,0,0,1
12154,0,0,0,0,1
12155,0,0,0,0,1
12156,0,0,0,0,1
12157,0,0,0,0,1
12158,0,0,0,0,1
12159,0,0,0,0,1
12160,0,0,0,0,1
12161,0,0,0,1,0
12162,0,0,0,1,0
12163,0,0,0,1,0
12164,0,0,0,1,0
12165,0,0,0,1,0
12166,0,0,0,1,0
12167,0,0,0,1,0
12168,0,0,0,1,0
12169,0,0,0,1,0
12170,0,0,0,1,0
12171,0,0,0,1,0
12172,0,0,0,1,0
12173,0,0,0,1,0
12174,0,0,0,1,0
12175,0,0,0,1,0
12176,0,0,0,1,0
12177,0,0,0,1,0
12178,0,0,0,1,0
12179,0,0,0,1,0
12180,0,0,0,1,0
12181,0,0,0,1,0
12182,0,0,0,1,0
12183,0,0,0,1,0
12184,0,0,0,0,1
12185,0,0,0,0,1
12186,0,0,0,0,1
12187,0,0,0,0,1
12188,0,0,0,0,1
12189,0,0,0,0,1
12190,0,0,0,0,1
12191,0,0,0,0,1
12192,0,0,0,0,1
12193,0,0,0,0,1
12194,0,0,0,0,1
12195,0,0,0,0,1
12196,0,0,0,0,1
12197,0,0,0,0,1
12198,0,0,0,0,1
12199,0,0,0,0,1
12200,0,0,0,0,1
12201,0,0,0,0,1
12202,1,0,0,0,0
12203,1,0,0,0,0
12204,1,0,0,0,0
12205,1,0,0,0,0
12206,1,0,0,0,0
12207,1,0,0,0,0
12208,1,0,0,0,0
12209,1,0,0,0,0
12210,1,0,0,0,0
12211,1,0,0,0,0
12212,1,0,0,0,0
12213,1,0,0,0,0
12214,1,0,0,0,0
12215,1,0,0,0,0
12216,1,0,0,0,0
12217,1,0,0,0,0
12218,1,0,0,0,0
12219,1,0,0,0,0
12220,1,0,0,0,0
12221,1,0,0,0,0
12222,1,0,0,0,0
12223,1,0,0,0,0
12224,1,0,0,0,0
12225,1,0,0,0,0
12226,1,0,0,0,0
12227,1,0,0,0,0
12228,1,0,0,0,0
12229,1,0,0,0,0
12230,1,0,0,0,0
12231,1,0,0,0,0
12232,1,0,0,0,0
12233,1,0,0,0,0
12234,1,0,0,0,0
12235,1,0,0,0,0
12236,1,0,0,0,0
12237,1,0,0,0,0
12238,1,0,0,0,0
12239,1,0,0,0,0
12240,1,0,0,0,0
12241,1,0,0,0,0
12242,1,0,0,0,0
12243,1,0,0,0,0
12244,1,0,0,0,0
12245,1,0,0,0,0
12246,1,0,0,0,0
12247,1,0,0,0,0
12248,1,0,0,0,0
12249,1,0,0,0,0
12250,1,0,0,0,0
12251,1,0,0,0,0
12252,1,0,0,0,0
12253,1,0,0,0,0
12254,1,0,0,0,0
12255,1,0,0,0,0
12256,1,0,0,0,0
12257,1,0,0,0,0
12258,1,0,0,0,0
12259,1,0,0,0,0
12260,1,0,0,0,0
12261,1,0,0,0,0
12262,0,0,0,0,1
12263,0,0,0,0,1
12264,0,0,0,0,1
12265,0,0,0,0,1
12266,0,0,0,0,1
12267,0,0,0,0,1
12268,0,0,0,0,1
12269,0,0,0,0,1
12270,0,0,0,0,1
12271,0,0,0,0,1
12272,0,0,0,0,1
12273,0,0,0,0,1
12274,1,0,0,0,0
12275,1,0,0,0,0
12276,1,0,0,0,0
12277,1,0,0,0,0
12278,1,0,0,0,0
12279,1,0,0,0,0
12280,1,0,0,0,0
12281,1,0,0,0,0
12282,1,0,0,0,0
12283,1,0,0,0,0
12284,1,0,0,0,0
12285,1,0,0,0,0
12286,1,0,0,0,0
12287,1,0,0,0,0
12288,1,0,0,0,0
12289,1,0,0,0,0
12290,1,0,0,0,0
12291,1,0,0,0,0
12292,1,0,0,0,0
12293,1,0,0,0,0
12294,1,0,0,0,0
12295,1,0,0,0,0
12296,1,0,0,0,0
12297,1,0,0,0,0
12298,1,0,0,0,0
12299,1,0,0,0,0
12300,1,0,0,0,0
12301,1,0,0,0,0
12302,1,0,0,0,0
12303,1,0,0,0,0
12304,1,0,0,0,0
12305,1,0,0,0,0
12306,1,0,0,0,0
12307,1,0,0,0,0
12308,1,0,0,0,0
12309,1,0,0,0,0
12310,1,0,0,0,0
12311,1,0,0,0,0
12312,1,0,0,0,0
12313,1,0,0,0,0
12314,1,0,0,0,0
12315,1,0,0,0,0
12316,1,0,0,0,0
12317,1,0,0,0,0
12318,1,0,0,0,0
12319,1,0,0,0,0
12320,1,0,0,0,0
12321,1,0,0,0,0
12322,1,0,0,0,0
12323,1,0,0,0,0
12324,1,0,0,0,0
12325,1,0,0,0,0
12326,1,0,0,0,0
12327,1,0,0,0,0
12328,1,0,0,0,0
12329,1,0,0,0,0
12330,1,0,0,0,0
12331,1,0,0,0,0
12332,1,0,0,0,0
12333,1,0,0,0,0
12334,1,0,0,0,0
12335,1,0,0,0,0
12336,1,0,0,0,0
12337,1,0,0,0,0
12338,1,0,0,0,0
12339,1,0,0,0,0
12340,1,0,0,0,0
12341,1,0,0,0,0
12342,1,0,0,0,0
12343,1,0,0,0,0
12344,1,0,0,0,0
12345,1,0,0,0,0
12346,0,0,0,0,1
12347,0,0,0,0,1
12348,0,0,0,0,1
12349,0,0,0,0,1
12350,0,0,0,0,1
12351,0,0,0,0,1
12352,0,0,0,0,1
12353,0,0,0,0,1
12354,0,0,0,0,1
12355,0,0,0,0,1
12356,0,0,0,0,1
12357,0,0,0,0,1
12358,0,0,0,0,1
12359,0,0,0,0,1
12360,0,0,0,0,1
12361,0,0,0,0,1
12362,0,0,0,0,1
12363,0,0,0,0,1
12364,0,0,0,0,1
12365,0,0,0,0,1
12366,0,0,0,0,1
12367,0,0,0,0,1
12368,0,0,0,0,1
12369,0,0,0,0,1
12370,0,0,0,0,1
12371,0,0,0,0,1
12372,0,0,0,0,1
12373,0,0,0,0,1
12374,0,0,0,0,1
12375,0,0,0,0,1
12376,0,0,0,0,1
12377,0,0,0,0,1
12378,0,0,0,0,1
12379,0,0,0,0,1
12380,0,0,0,0,1
12381,0,0,0,0,1
12382,0,0,0,0,1
12383,0,0,0,0,1
12384,0,0,0,0,1
12385,0,0,0,0,1
12386,0,0,0,0,1
12387,0,0,0,0,1
12388,0,0,0,0,1
12389,0,0,0,0,1
12390,0,0,0,0,1
12391,0,0,0,0,1
12392,0,0,0,0,1
12393,0,0,0,0,1
12394,0,0,0,0,1
12395,0,0,0,0,1
12396,0,0,0,0,1
12397,0,0,0,0,1
12398,0,0,0,0,1
12399,0,0,0,0,1
12400,0,0,0,0,1
12401,0,0,0,0,1
12402,0,0,0,0,1
12403,0,0,0,0,1
12404,0,0,0,0,1
12405,0,0,0,0,1
12406,0,0,0,0,1
12407,0,0,0,0,1
12408,0,0,0,0,1
12409,0,0,0,0,1
12410,0,0,0,0,1
12411,0,0,0,0,1
12412,0,0,0,0,1
12413,0,0,0,0,1
12414,0,0,0,0,1
12415,0,0,0,0,1
12416,0,0,0,0,1
12417,0,0,0,0,1
12418,0,0,0,0,1
12419,0,0,0,0,1
12420,0,0,0,0,1
12421,0,0,0,0,1
12422,0,0,0,0,1
12423,0,0,0,0,1
12424,0,0,0,0,1
12425,0,0,0,0,1
12426,0,0,0,0,1
12427,0,0,0,0,1
12428,1,0,0,0,0
12429,1,0,0,0,0
12430,1,0,0,0,0
12431,1,0,0,0,0
12432,1,0,0,0,0
12433,1,0,0,0,0
12434,1,0,0,0,0
12435,1,0,0,0,0
12436,1,0,0,0,0
12437,1,0,0,0,0
12438,1,0,0,0,0
12439,1,0,0,0,0
12440,1,0,0,0,0
12441,1,0,0,0,0
12442,1,0,0,0,0
12443,1,0,0,0,0
12444,1,0,0,0,0
12445,1,0,0,0,0
12446,1,0,0,0,0
12447,1,0,0,0,0
12448,1,0,0,0,0
12449,1,0,0,0,0
12450,1,0,0,0,0
12451,0,0,0,0,1
12452,0,0,0,0,1
12453,0,0,0,0,1
12454,0,0,0,0,1
12455,0,0,0,0,1
12456,0,0,0,0,1
12457,0,0,0,0,1
12458,0,0,0,0,1
12459,0,0,0,0,1
12460,0,0,0,0,1
12461,0,0,0,0,1
12462,0,0,0,0,1
12463,0,0,0,0,1
12464,0,0,0,0,1
12465,0,0,0,0,1
12466,0,0,0,0,1
12467,0,0,0,0,1
12468,0,0,0,0,1
12469,0,0,0,0,1
12470,0,0,0,0,1
12471,0,0,0,0,1
12472,0,0,0,0,1
12473,0,0,0,0,1
12474,0,0,0,0,1
12475,0,0,0,0,1
12476,0,0,0,0,1
12477,0,0,0,0,1
12478,0,0,0,0,1
12479,0,0,0,0,1
12480,0,0,0,0,1
12481,0,0,0,0,1
12482,0,0,0,0,1
12483,0,0,0,0,1
12484,0,0,0,0,1
12485,0,0,0,0,1
12486,0,0,0,0,1
12487,0,0,0,0,1
12488,0,0,0,0,1
12489,0,0,0,0,1
12490,0,0,0,0,1
12491,0,0,0,0,1
12492,0,0,0,0,1
12493,0,0,0,0,1
12494,0,0,0,0,1
12495,0,0,0,0,1
12496,0,0,0,0,1
12497,0,0,0,0,1
12498,0,0,0,0,1
12499,0,0,0,0,1
12500,0,0,0,0,1
12501,0,0,0,0,1
12502,0,0,0,0,1
12503,0,0,0,0,1
12504,0,0,0,0,1
12505,0,0,0,0,1
12506,0,0,0,0,1
12507,0,0,0,0,1
12508,0,0,0,0,1
12509,0,0,0,0,1
12510,0,0,0,0,1
12511,0,0,0,0,1
12512,0,0,0,0,1
12513,0,0,0,0,1
12514,0,0,0,0,1
12515,0,0,0,0,1
12516,0,0,0,0,1
12517,0,0,0,0,1
12518,0,0,0,0,1
12519,0,0,0,0,1
12520,0,0,0,0,1
12521,0,0,0,0,1
12522,0,0,0,0,1
12523,0,0,0,0,1
12524,0,0,0,0,1
12525,0,0,0,0,1
12526,0,0,0,0,1
12527,0,0,0,0,1
12528,0,0,0,0,1
12529,0,0,0,0,1
12530,0,0,0,0,1
12531,0,0,0,0,1
12532,0,0,0,0,1
12533,0,0,0,0,1
12534,0,0,0,0,1
12535,0,0,0,0,1
12536,0,0,0,0,1
12537,0,0,0,0,1
12538,0,0,0,0,1
12539,0,0,0,0,1
12540,0,0,0,0,1
12541,0,0,0,0,1
12542,0,0,0,0,1
12543,0,0,0,1,0
12544,0,0,0,1,0
12545,0,0,0,1,0
12546,0,0,0,1,0
12547,0,0,0,1,0
12548,0,0,0,1,0
12549,0,0,0,1,0
12550,0,0,0,1,0
12551,0,0,0,1,0
12552,0,0,0,1,0
12553,0,0,0,1,0
12554,0,0,0,1,0
12555,0,0,0,1,0
12556,0,0,0,1,0
12557,0,0,0,1,0
12558,0,0,0,1,0
12559,1,0,0,0,0
12560,1,0,0,0,0
12561,1,0,0,0,0
12562,1,0,0,0,0
12563,1,0,0,0,0
12564,1,0,0,0,0
12565,1,0,0,0,0
12566,1,0,0,0,0
12567,1,0,0,0,0
12568,1,0,0,0,0
12569,1,0,0,0,0
12570,1,0,0,0,0
12571,1,0,0,0,0
12572,1,0,0,0,0
12573,0,0,0,0,1
12574,0,0,0,0,1
12575,0,0,0,0,1
12576,0,0,0,0,1
12577,0,0,0,0,1
12578,0,0,0,0,1
12579,0,0,0,0,1
12580,0,0,0,0,1
12581,0,0,0,0,1
12582,0,0,0,0,1
12583,0,0,0,0,1
12584,0,0,0,0,1
12585,0,0,0,0,1
12586,0,0,0,0,1
12587,0,0,0,0,1
12588,0,0,0,0,1
12589,0,0,0,0,1
12590,0,0,0,0,1
12591,0,0,0,0,1
12592,0,0,0,0,1
12593,0,0,0,0,1
12594,0,0,0,0,1
12595,1,0,0,0,0
12596,1,0,0,0,0
12597,1,0,0,0,0
12598,1,0,0,0,0
12599,1,0,0,0,0
12600,1,0,0,0,0
12601,1,0,0,0,0
12602,1,0,0,0,0
12603,1,0,0,0,0
12604,1,0,0,0,0
12605,1,0,0,0,0
12606,1,0,0,0,0
12607,1,0,0,0,0
12608,1,0,0,0,0
12609,1,0,0,0,0
12610,1,0,0,0,0
12611,1,0,0,0,0
12612,1,0,0,0,0
12613,1,0,0,0,0
12614,1,0,0,0,0
12615,1,0,0,0,0
12616,1,0,0,0,0
12617,1,0,0,0,0
12618,1,0,0,0,0
12619,1,0,0,0,0
12620,1,0,0,0,0
12621,1,0,0,0,0
12622,1,0,0,0,0
12623,1,0,0,0,0
12624,1,0,0,0,0
12625,1,0,0,0,0
12626,0,0,0,0,1
12627,0,0,0,0,1
12628,0,0,0,0,1
12629,0,0,0,0,1
12630,0,0,0,0,1
12631,0,0,0,0,1
12632,0,0,0,0,1
12633,0,0,0,0,1
12634,0,0,0,0,1
12635,0,0,0,0,1
12636,0,0,0,0,1
12637,0,0,0,0,1
12638,0,0,0,0,1
12639,0,0,0,0,1
12640,0,0,0,0,1
12641,1,0,0,0,0
12642,1,0,0,0,0
12643,1,0,0,0,0
12644,1,0,0,0,0
12645,1,0,0,0,0
12646,1,0,0,0,0
12647,1,0,0,0,0
12648,1,0,0,0,0
12649,1,0,0,0,0
12650,1,0,0,0,0
12651,0,0,0,0,1
12652,0,0,0,0,1
12653,0,0,0,0,1
12654,0,0,0,0,1
12655,0,0,0,0,1
12656,0,0,0,0,1
12657,0,0,0,0,1
12658,0,0,0,0,1
12659,0,0,0,0,1
12660,0,0,0,0,1
12661,0,0,0,0,1
12662,0,0,0,0,1
12663,0,0,0,0,1
12664,0,0,0,0,1
12665,0,0,0,0,1
12666,0,0,0,0,1
12667,0,0,0,0,1
12668,0,0,0,0,1
12669,0,0,0,0,1
12670,0,0,0,0,1
12671,0,0,0,0,1
12672,0,0,0,0,1
12673,0,0,0,0,1
12674,0,0,0,0,1
12675,0,0,0,0,1
12676,0,0,0,0,1
12677,0,0,0,0,1
12678,0,0,0,0,1
12679,0,0,0,0,1
12680,0,0,0,0,1
12681,0,0,0,0,1
12682,0,0,0,0,1
12683,0,0,0,0,1
12684,0,0,0,0,1
12685,0,0,0,0,1
12686,0,0,0,0,1
12687,0,0,0,0,1
12688,0,0,0,0,1
12689,0,0,0,0,1
12690,0,0,0,0,1
12691,0,0,0,0,1
12692,0,0,0,0,1
12693,0,0,0,0,1
12694,0,0,0,0,1
12695,0,0,0,0,1
12696,0,0,0,0,1
12697,0,0,0,0,1
12698,0,0,0,0,1
12699,0,0,0,0,1
12700,0,0,0,0,1
12701,0,0,0,0,1
12702,0,0,0,0,1
12703,0,0,0,0,1
12704,0,0,0,0,1
12705,0,0,0,0,1
12706,0,0,0,0,1
12707,0,0,0,0,1
12708,0,0,0,0,1
12709,0,0,0,0,1
12710,0,0,0,0,1
12711,0,0,0,0,1
12712,0,0,0,0,1
12713,0,0,0,0,1
12714,0,0,0,0,1
12715,0,0,0,0,1
12716,0,0,0,0,1
12717,0,0,0,0,1
12718,0,0,0,0,1
12719,0,0,0,0,1
12720,0,0,0,0,1
12721,0,0,0,0,1
12722,0,0,0,0,1
12723,0,0,0,0,1
12724,0,0,0,0,1
12725,0,0,0,0,1
12726,0,0,0,0,1
12727,0,0,0,0,1
12728,0,0,0,0,1
12729,1,0,0,0,0
12730,1,0,0,0,0
12731,1,0,0,0,0
12732,1,0,0,0,0
12733,1,0,0,0,0
12734,1,0,0,0,0
12735,1,0,0,0,0
12736,1,0,0,0,0
12737,1,0,0,0,0
12738,1,0,0,0,0
12739,1,0,0,0,0
12740,1,0,0,0,0
12741,1,0,0,0,0
12742,1,0,0,0,0
12743,1,0,0,0,0
12744,1,0,0,0,0
12745,1,0,0,0,0
12746,1,0,0,0,0
12747,1,0,0,0,0
12748,1,0,0,0,0
12749,1,0,0,0,0
12750,1,0,0,0,0
12751,1,0,0,0,0
12752,1,0,0,0,0
12753,1,0,0,0,0
12754,1,0,0,0,0
12755,1,0,0,0,0
12756,1,0,0,0,0
12757,1,0,0,0,0
12758,1,0,0,0,0
12759,1,0,0,0,0
12760,1,0,0,0,0
12761,1,0,0,0,0
12762,1,0,0,0,0
12763,1,0,0,0,0
12764,1,0,0,0,0
12765,1,0,0,0,0
12766,1,0,0,0,0
12767,1,0,0,0,0
12768,1,0,0,0,0
12769,1,0,0,0,0
12770,1,0,0,0,0
12771,1,0,0,0,0
12772,1,0,0,0,0
12773,1,0,0,0,0
12774,1,0,0,0,0
12775,1,0,0,0,0
12776,1,0,0,0,0
12777,1,0,0,0,0
12778,1,0,0,0,0
12779,1,0,0,0,0
12780,1,0,0,0,0
12781,1,0,0,0,0
12782,1,0,0,0,0
12783,1,0,0,0,0
12784,1,0,0,0,0
12785,1,0,0,0,0
12786,1,0,0,0,0
12787,1,0,0,0,0
12788,1,0,0,0,0
12789,1,0,0,0,0
12790,0,0,0,0,1
12791,0,0,0,0,1
12792,0,0,0,0,1
12793,0,0,0,0,1
12794,0,0,0,0,1
12795,0,0,0,0,1
12796,0,0,0,0,1
12797,0,0,0,0,1
12798,0,0,0,0,1
12799,0,0,0,0,1
12800,0,0,0,0,1
12801,0,0,0,0,1
12802,0,0,0,0,1
12803,0,0,0,0,1
12804,0,0,0,0,1
12805,0,0,0,0,1
12806,0,0,0,0,1
12807,0,0,0,0,1
12808,0,0,0,0,1
12809,0,0,0,0,1
12810,0,0,0,0,1
12811,0,0,0,0,1
12812,0,0,0,0,1
12813,0,0,0,0,1
12814,0,0,0,0,1
12815,0,0,0,0,1
12816,0,0,0,0,1
12817,0,0,0,0,1
12818,0,0,0,0,1
12819,1,0,0,0,0
12820,1,0,0,0,0
12821,1,0,0,0,0
12822,1,0,0,0,0
12823,1,0,0,0,0
12824,1,0,0,0,0
12825,1,0,0,0,0
12826,1,0,0,0,0
12827,1,0,0,0,0
12828,1,0,0,0,0
12829,1,0,0,0,0
12830,1,0,0,0,0
12831,1,0,0,0,0
12832,1,0,0,0,0
12833,1,0,0,0,0
12834,1,0,0,0,0
12835,1,0,0,0,0
12836,1,0,0,0,0
12837,1,0,0,0,0
12838,1,0,0,0,0
12839,1,0,0,0,0
12840,1,0,0,0,0
12841,1,0,0,0,0
12842,1,0,0,0,0
12843,1,0,0,0,0
12844,1,0,0,0,0
12845,1,0,0,0,0
12846,1,0,0,0,0
12847,1,0,0,0,0
12848,1,0,0,0,0
12849,1,0,0,0,0
12850,1,0,0,0,0
12851,1,0,0,0,0
12852,1,0,0,0,0
12853,1,0,0,0,0
12854,1,0,0,0,0
12855,1,0,0,0,0
12856,1,0,0,0,0
12857,1,0,0,0,0
12858,1,0,0,0,0
12859,1,0,0,0,0
12860,1,0,0,0,0
12861,1,0,0,0,0
12862,1,0,0,0,0
12863,1,0,0,0,0
12864,1,0,0,0,0
12865,1,0,0,0,0
12866,1,0,0,0,0
12867,1,0,0,0,0
12868,1,0,0,0,0
12869,1,0,0,0,0
12870,1,0,0,0,0
12871,1,0,0,0,0
12872,1,0,0,0,0
12873,1,0,0,0,0
12874,1,0,0,0,0
12875,1,0,0,0,0
12876,1,0,0,0,0
12877,1,0,0,0,0
12878,1,0,0,0,0
12879,1,0,0,0,0
12880,1,0,0,0,0
12881,1,0,0,0,0
12882,1,0,0,0,0
12883,1,0,0,0,0
12884,1,0,0,0,0
12885,1,0,0,0,0
12886,1,0,0,0,0
12887,1,0,0,0,0
12888,1,0,0,0,0
12889,1,0,0,0,0
12890,1,0,0,0,0
12891,1,0,0,0,0
12892,1,0,0,0,0
12893,1,0,0,0,0
12894,1,0,0,0,0
12895,1,0,0,0,0
12896,1,0,0,0,0
12897,1,0,0,0,0
12898,1,0,0,0,0
12899,1,0,0,0,0
12900,1,0,0,0,0
12901,1,0,0,0,0
12902,1,0,0,0,0
12903,1,0,0,0,0
12904,1,0,0,0,0
12905,1,0,0,0,0
12906,1,0,0,0,0
12907,1,0,0,0,0
12908,0,0,0,0,1
12909,0,0,0,0,1
12910,0,0,0,0,1
12911,0,0,0,0,1
12912,0,0,0,0,1
12913,0,0,0,0,1
12914,0,0,0,0,1
12915,0,0,0,0,1
12916,0,0,0,0,1
12917,0,0,0,0,1
12918,0,0,0,0,1
12919,0,0,0,0,1
12920,0,0,0,0,1
12921,0,0,0,0,1
12922,0,0,0,0,1
12923,0,0,0,0,1
12924,0,0,0,0,1
12925,0,0,0,0,1
12926,0,0,0,0,1
12927,0,0,0,0,1
12928,0,0,0,0,1
12929,0,0,0,0,1
12930,0,0,0,0,1
12931,0,0,0,0,1
12932,0,0,0,0,1
12933,0,0,0,0,1
12934,0,0,0,0,1
12935,0,0,0,0,1
12936,0,0,0,0,1
12937,0,0,0,0,1
12938,0,0,0,0,1
12939,0,0,0,0,1
12940,0,0,0,0,1
12941,0,0,0,0,1
12942,0,0,0,0,1
12943,0,0,0,0,1
12944,0,0,0,0,1
12945,0,0,0,0,1
12946,0,0,0,0,1
12947,0,0,0,0,1
12948,0,0,0,0,1
12949,0,0,0,0,1
12950,0,0,0,0,1
12951,0,0,0,0,1
12952,0,0,0,0,1
12953,0,0,0,0,1
12954,0,0,0,0,1
12955,0,0,0,0,1
12956,0,0,0,0,1
12957,0,0,0,0,1
12958,0,0,0,0,1
12959,0,0,0,0,1
12960,0,0,0,0,1
12961,0,0,0,0,1
12962,0,0,0,0,1
12963,0,0,0,0,1
12964,0,0,0,0,1
12965,0,0,0,0,1
12966,0,0,0,0,1
12967,0,0,0,0,1
12968,0,0,0,0,1
12969,0,0,0,0,1
12970,0,0,0,0,1
12971,0,0,0,0,1
12972,0,0,0,0,1
12973,0,0,0,0,1
12974,0,0,0,0,1
12975,0,0,0,0,1
12976,0,0,0,0,1
12977,0,0,0,0,1
12978,0,0,0,0,1
12979,0,0,0,0,1
12980,0,0,0,0,1
12981,0,0,0,0,1
12982,0,0,0,0,1
12983,0,0,0,0,1
12984,0,0,0,0,1
12985,0,0,0,0,1
12986,0,0,0,0,1
12987,0,0,0,0,1
12988,0,0,0,0,1
12989,0,0,0,0,1
12990,0,0,0,0,1
12991,0,0,0,0,1
12992,0,0,0,0,1
12993,0,0,0,0,1
12994,0,0,0,0,1
12995,0,0,0,0,1
12996,0,0,0,0,1
12997,0,0,0,0,1
12998,0,0,0,0,1
12999,0,0,0,0,1
13000,0,0,0,0,1
13001,0,0,0,0,1
13002,0,0,0,0,1
13003,0,0,0,0,1
13004,0,0,0,0,1
13005,0,0,0,0,1
13006,0,0,0,0,1
13007,0,0,0,0,1
13008,0,0,0,0,1
13009,0,0,0,0,1
13010,0,0,0,0,1
13011,0,0,0,0,1
13012,0,0,0,0,1
13013,0,0,0,0,1
13014,0,0,0,0,1
13015,0,0,0,0,1
13016,0,0,0,0,1
13017,0,0,0,0,1
13018,0,0,0,0,1
13019,0,0,0,0,1
13020,0,0,0,0,1
13021,0,0,0,0,1
13022,0,0,0,0,1
13023,0,0,0,0,1
13024,0,0,0,0,1
13025,0,0,0,0,1
13026,0,0,0,0,1
13027,0,0,0,0,1
13028,0,0,0,0,1
13029,0,0,0,0,1
13030,0,0,0,0,1
13031,0,0,0,0,1
13032,0,0,0,0,1
13033,0,0,0,0,1
13034,0,0,0,0,1
13035,0,0,0,0,1
13036,0,0,0,0,1
13037,0,0,0,0,1
13038,0,0,0,0,1
13039,0,0,0,0,1
13040,0,0,0,0,1
13041,0,0,0,0,1
13042,0,0,0,0,1
13043,0,0,0,0,1
13044,0,0,0,0,1
13045,0,0,0,0,1
13046,0,0,0,0,1
13047,0,0,0,0,1
13048,0,0,0,0,1
13049,0,0,0,0,1
13050,0,0,0,0,1
13051,0,0,0,0,1
13052,0,0,0,0,1
13053,0,0,0,0,1
13054,0,0,0,0,1
13055,0,0,0,0,1
13056,0,0,0,0,1
13057,0,0,0,0,1
13058,0,0,0,0,1
13059,0,0,0,0,1
13060,0,0,0,0,1
13061,0,0,0,0,1
13062,0,0,0,0,1
13063,0,0,0,0,1
13064,0,0,0,0,1
13065,0,0,0,0,1
13066,0,0,0,0,1
13067,0,0,0,0,1
13068,0,0,0,0,1
13069,0,0,0,0,1
13070,0,0,0,0,1
13071,0,0,0,0,1
13072,0,0,0,0,1
13073,0,0,0,0,1
13074,0,0,0,0,1
13075,0,0,0,0,1
13076,0,0,0,0,1
13077,0,0,0,0,1
13078,0,0,0,0,1
13079,0,0,0,0,1
13080,0,0,0,0,1
13081,0,0,0,0,1
13082,0,0,0,0,1
13083,0,0,0,0,1
13084,0,0,0,0,1
13085,0,0,0,0,1
13086,0,0,0,0,1
13087,0,0,0,0,1
13088,0,0,0,0,1
13089,0,0,0,0,1
13090,0,0,0,0,1
13091,0,0,0,0,1
13092,0,0,0,0,1
13093,0,0,0,0,1
13094,0,0,0,0,1
13095,0,0,0,0,1
13096,0,0,0,0,1
13097,0,0,0,0,1
13098,1,0,0,0,0
13099,1,0,0,0,0
13100,1,0,0,0,0
13101,1,0,0,0,0
13102,1,0,0,0,0
13103,1,0,0,0,0
13104,1,0,0,0,0
13105,1,0,0,0,0
13106,1,0,0,0,0
13107,1,0,0,0,0
13108,1,0,0,0,0
13109,1,0,0,0,0
13110,1,0,0,0,0
13111,1,0,0,0,0
13112,1,0,0,0,0
13113,1,0,0,0,0
13114,1,0,0,0,0
13115,1,0,0,0,0
13116,1,0,0,0,0
13117,1,0,0,0,0
13118,1,0,0,0,0
13119,1,0,0,0,0
13120,1,0,0,0,0
13121,1,0,0,0,0
13122,1,0,0,0,0
13123,1,0,0,0,0
13124,1,0,0,0,0
13125,1,0,0,0,0
13126,1,0,0,0,0
13127,1,0,0,0,0
13128,1,0,0,0,0
13129,1,0,0,0,0
13130,1,0,0,0,0
13131,1,0,0,0,0
13132,1,0,0,0,0
13133,1,0,0,0,0
13134,1,0,0,0,0
13135,1,0,0,0,0
13136,1,0,0,0,0
13137,1,0,0,0,0
13138,1,0,0,0,0
13139,1,0,0,0,0
13140,0,1,0,0,0
13141,0,1,0,0,0
13142,0,1,0,0,0
13143,0,1,0,0,0
13144,0,1,0,0,0
13145,0,1,0,0,0
13146,0,1,0,0,0
13147,0,1,0,0,0
13148,0,1,0,0,0
13149,0,1,0,0,0
13150,0,1,0,0,0
13151,0,1,0,0,0
13152,0,1,0,0,0
13153,0,1,0,0,0
13154,0,1,0,0,0
13155,0,1,0,0,0
13156,0,1,0,0,0
13157,0,1,0,0,0
13158,0,1,0,0,0
13159,0,1,0,0,0
13160,0,1,0,0,0
13161,0,1,0,0,0
13162,0,1,0,0,0
13163,0,1,0,0,0
13164,0,1,0,0,0
13165,0,1,0,0,0
13166,0,1,0,0,0
13167,0,1,0,0,0
13168,0,1,0,0,0
13169,0,1,0,0,0
13170,0,1,0,0,0
13171,0,1,0,0,0
13172,1,0,0,0,0
13173,1,0,0,0,0
13174,1,0,0,0,0
13175,1,0,0,0,0
13176,1,0,0,0,0
13177,1,0,0,0,0
13178,1,0,0,0,0
13179,1,0,0,0,0
13180,1,0,0,0,0
13181,1,0,0,0,0
13182,1,0,0,0,0
13183,1,0,0,0,0
13184,1,0,0,0,0
13185,1,0,0,0,0
13186,1,0,0,0,0
13187,1,0,0,0,0
13188,1,0,0,0,0
13189,1,0,0,0,0
13190,1,0,0,0,0
13191,1,0,0,0,0
13192,1,0,0,0,0
13193,1,0,0,0,0
13194,1,0,0,0,0
13195,0,0,0,0,1
13196,0,0,0,0,1
13197,0,0,0,0,1
13198,0,0,0,0,1
13199,0,0,0,0,1
13200,0,0,0,0,1
13201,0,0,0,0,1
13202,0,0,0,0,1
13203,0,0,0,0,1
13204,0,0,0,0,1
13205,0,0,0,0,1
13206,0,0,0,0,1
13207,0,0,0,0,1
13208,0,0,0,0,1
13209,0,0,0,0,1
13210,0,0,0,0,1
13211,0,0,0,0,1
13212,0,0,0,0,1
13213,0,0,0,0,1
13214,1,0,0,0,0
13215,1,0,0,0,0
13216,1,0,0,0,0
13217,1,0,0,0,0
13218,1,0,0,0,0
13219,1,0,0,0,0
13220,1,0,0,0,0
13221,1,0,0,0,0
13222,1,0,0,0,0
13223,1,0,0,0,0
13224,1,0,0,0,0
13225,1,0,0,0,0
13226,1,0,0,0,0
13227,1,0,0,0,0
13228,1,0,0,0,0
13229,1,0,0,0,0
13230,1,0,0,0,0
13231,1,0,0,0,0
13232,1,0,0,0,0
13233,1,0,0,0,0
13234,1,0,0,0,0
13235,1,0,0,0,0
13236,1,0,0,0,0
13237,1,0,0,0,0
13238,1,0,0,0,0
13239,1,0,0,0,0
13240,1,0,0,0,0
13241,1,0,0,0,0
13242,1,0,0,0,0
13243,1,0,0,0,0
13244,1,0,0,0,0
13245,1,0,0,0,0
13246,1,0,0,0,0
13247,1,0,0,0,0
13248,1,0,0,0,0
13249,1,0,0,0,0
13250,1,0,0,0,0
13251,1,0,0,0,0
13252,1,0,0,0,0
13253,1,0,0,0,0
13254,1,0,0,0,0
13255,1,0,0,0,0
13256,1,0,0,0,0
13257,1,0,0,0,0
13258,1,0,0,0,0
13259,1,0,0,0,0
13260,1,0,0,0,0
13261,1,0,0,0,0
13262,1,0,0,0,0
13263,1,0,0,0,0
13264,1,0,0,0,0
13265,1,0,0,0,0
13266,1,0,0,0,0
13267,1,0,0,0,0
13268,1,0,0,0,0
13269,1,0,0,0,0
13270,1,0,0,0,0
13271,1,0,0,0,0
13272,1,0,0,0,0
13273,1,0,0,0,0
13274,1,0,0,0,0
13275,1,0,0,0,0
13276,1,0,0,0,0
13277,1,0,0,0,0
13278,1,0,0,0,0
13279,1,0,0,0,0
13280,1,0,0,0,0
13281,1,0,0,0,0
13282,1,0,0,0,0
13283,1,0,0,0,0
13284,1,0,0,0,0
13285,1,0,0,0,0
13286,1,0,0,0,0
13287,1,0,0,0,0
13288,1,0,0,0,0
13289,1,0,0,0,0
13290,1,0,0,0,0
13291,1,0,0,0,0
13292,1,0,0,0,0
13293,1,0,0,0,0
13294,1,0,0,0,0
13295,1,0,0,0,0
13296,1,0,0,0,0
13297,1,0,0,0,0
13298,1,0,0,0,0
13299,1,0,0,0,0
13300,1,0,0,0,0
13301,1,0,0,0,0
13302,1,0,0,0,0
13303,1,0,0,0,0
13304,1,0,0,0,0
13305,1,0,0,0,0
13306,1,0,0,0,0
13307,1,0,0,0,0
13308,1,0,0,0,0
13309,1,0,0,0,0
13310,1,0,0,0,0
13311,1,0,0,0,0
13312,1,0,0,0,0
13313,1,0,0,0,0
13314,1,0,0,0,0
13315,1,0,0,0,0
13316,1,0,0,0,0
13317,1,0,0,0,0
13318,1,0,0,0,0
13319,1,0,0,0,0
13320,1,0,0,0,0
13321,1,0,0,0,0
13322,1,0,0,0,0
13323,1,0,0,0,0
13324,1,0,0,0,0
13325,1,0,0,0,0
13326,1,0,0,0,0
13327,1,0,0,0,0
13328,1,0,0,0,0
13329,1,0,0,0,0
13330,1,0,0,0,0
13331,1,0,0,0,0
13332,1,0,0,0,0
13333,1,0,0,0,0
13334,1,0,0,0,0
13335,1,0,0,0,0
13336,1,0,0,0,0
13337,1,0,0,0,0
13338,1,0,0,0,0
13339,1,0,0,0,0
13340,0,0,0,0,1
13341,0,0,0,0,1
13342,0,0,0,0,1
13343,0,0,0,0,1
13344,0,0,0,0,1
13345,0,0,0,0,1
13346,0,0,0,0,1
13347,0,0,0,0,1
13348,0,0,0,0,1
13349,0,0,0,0,1
13350,0,0,0,0,1
13351,0,0,0,0,1
13352,0,0,0,0,1
13353,0,0,0,0,1
13354,0,0,0,0,1
13355,0,0,0,0,1
13356,0,0,0,0,1
13357,0,0,0,0,1
13358,0,0,0,0,1
13359,0,0,0,0,1
13360,0,0,0,0,1
13361,0,0,0,0,1
13362,0,0,0,0,1
13363,0,0,0,0,1
13364,0,0,0,0,1
13365,0,0,0,0,1
13366,0,0,0,0,1
13367,0,0,0,0,1
13368,0,0,0,0,1
13369,0,0,0,0,1
13370,0,0,0,0,1
13371,0,0,0,0,1
13372,0,0,0,0,1
13373,0,0,0,0,1
13374,0,0,0,0,1
13375,0,0,0,0,1
13376,0,0,0,0,1
13377,0,0,0,0,1
13378,0,0,0,0,1
13379,0,0,0,0,1
13380,0,0,0,0,1
13381,0,0,0,0,1
13382,0,0,0,0,1
13383,0,0,0,0,1
13384,0,0,0,0,1
13385,0,0,0,0,1
13386,0,0,0,0,1
13387,0,0,0,0,1
13388,0,0,0,0,1
13389,0,0,0,0,1
13390,0,0,0,0,1
13391,0,0,0,0,1
13392,0,0,0,0,1
13393,0,0,0,0,1
13394,0,0,0,0,1
13395,0,0,0,0,1
13396,0,0,0,0,1
13397,0,0,0,0,1
13398,0,0,0,0,1
13399,1,0,0,0,0
13400,1,0,0,0,0
13401,1,0,0,0,0
13402,1,0,0,0,0
13403,1,0,0,0,0
13404,1,0,0,0,0
13405,1,0,0,0,0
13406,1,0,0,0,0
13407,1,0,0,0,0
13408,1,0,0,0,0
13409,1,0,0,0,0
13410,1,0,0,0,0
13411,1,0,0,0,0
13412,1,0,0,0,0
13413,1,0,0,0,0
13414,1,0,0,0,0
13415,1,0,0,0,0
13416,1,0,0,0,0
13417,1,0,0,0,0
13418,1,0,0,0,0
13419,1,0,0,0,0
13420,1,0,0,0,0
13421,1,0,0,0,0
13422,1,0,0,0,0
13423,1,0,0,0,0
13424,1,0,0,0,0
13425,1,0,0,0,0
13426,1,0,0,0,0
13427,1,0,0,0,0
13428,1,0,0,0,0
13429,1,0,0,0,0
13430,1,0,0,0,0
13431,1,0,0,0,0
13432,1,0,0,0,0
13433,1,0,0,0,0
13434,1,0,0,0,0
13435,1,0,0,0,0
13436,1,0,0,0,0
13437,1,0,0,0,0
13438,1,0,0,0,0
13439,1,0,0,0,0
13440,1,0,0,0,0
13441,0,0,0,0,1
13442,0,0,0,0,1
13443,0,0,0,0,1
13444,0,0,0,0,1
13445,0,0,0,0,1
13446,0,0,0,0,1
13447,0,0,0,0,1
13448,0,0,0,0,1
13449,0,0,0,0,1
13450,0,0,0,0,1
13451,0,0,0,0,1
13452,0,0,0,0,1
13453,0,0,0,0,1
13454,0,0,0,0,1
13455,0,0,0,0,1
13456,0,0,0,0,1
13457,0,0,0,0,1
13458,0,0,0,0,1
13459,0,0,0,0,1
13460,0,0,0,0,1
13461,0,0,0,0,1
13462,0,0,0,0,1
13463,0,0,0,0,1
13464,0,0,0,0,1
13465,0,0,0,0,1
13466,0,0,0,0,1
13467,0,0,0,0,1
13468,0,0,0,0,1
13469,0,0,0,0,1
13470,0,0,0,0,1
13471,0,0,0,0,1
13472,0,0,0,0,1
13473,0,0,0,0,1
13474,0,0,0,0,1
13475,0,0,0,0,1
13476,0,0,0,0,1
13477,0,0,0,0,1
13478,0,0,0,0,1
13479,0,0,0,0,1
13480,0,0,0,0,1
13481,0,0,0,0,1
13482,0,0,0,0,1
13483,0,0,0,0,1
13484,0,0,0,0,1
13485,0,0,0,0,1
13486,0,0,0,0,1
13487,0,0,0,0,1
13488,0,0,0,0,1
13489,0,0,0,0,1
13490,0,0,0,0,1
13491,0,0,0,0,1
13492,0,0,0,0,1
13493,0,0,0,0,1
13494,0,0,0,0,1
13495,0,0,0,0,1
13496,0,0,0,0,1
13497,0,0,0,0,1
13498,0,0,0,0,1
13499,0,0,0,0,1
13500,0,0,0,0,1
13501,0,0,0,0,1
13502,0,0,0,0,1
13503,0,0,0,0,1
13504,0,0,0,0,1
13505,0,0,0,0,1
13506,0,0,0,0,1
13507,0,0,0,0,1
13508,0,0,0,0,1
13509,0,0,0,0,1
13510,0,0,0,0,1
13511,0,0,0,0,1
13512,0,0,0,0,1
13513,0,0,0,0,1
13514,0,0,0,0,1
13515,0,0,0,0,1
13516,0,0,0,0,1
13517,0,0,0,0,1
13518,0,0,0,0,1
13519,0,0,0,0,1
13520,0,0,0,0,1
13521,0,0,0,0,1
13522,0,0,0,0,1
13523,0,0,0,0,1
13524,0,0,0,0,1
13525,1,0,0,0,0
13526,1,0,0,0,0
13527,1,0,0,0,0
13528,1,0,0,0,0
13529,1,0,0,0,0
13530,1,0,0,0,0
13531,1,0,0,0,0
13532,1,0,0,0,0
13533,1,0,0,0,0
13534,1,0,0,0,0
13535,1,0,0,0,0
13536,1,0,0,0,0
13537,1,0,0,0,0
13538,1,0,0,0,0
13539,1,0,0,0,0
13540,1,0,0,0,0
13541,1,0,0,0,0
13542,1,0,0,0,0
13543,1,0,0,0,0
13544,1,0,0,0,0
13545,1,0,0,0,0
13546,1,0,0,0,0
13547,1,0,0,0,0
13548,1,0,0,0,0
13549,1,0,0,0,0
13550,1,0,0,0,0
13551,1,0,0,0,0
13552,1,0,0,0,0
13553,1,0,0,0,0
13554,1,0,0,0,0
13555,1,0,0,0,0
13556,1,0,0,0,0
13557,1,0,0,0,0
13558,1,0,0,0,0
13559,1,0,0,0,0
13560,1,0,0,0,0
13561,1,0,0,0,0
13562,1,0,0,0,0
13563,1,0,0,0,0
13564,1,0,0,0,0
13565,1,0,0,0,0
13566,1,0,0,0,0
13567,0,0,0,0,1
13568,0,0,0,0,1
13569,0,0,0,0,1
13570,0,0,0,0,1
13571,0,0,0,0,1
13572,0,0,0,0,1
13573,0,0,0,0,1
13574,0,0,0,0,1
13575,0,0,0,0,1
13576,0,0,0,0,1
13577,0,0,0,0,1
13578,0,0,0,0,1
13579,0,0,0,0,1
13580,0,0,0,0,1
13581,0,0,0,0,1
13582,0,0,0,0,1
13583,0,0,0,0,1
13584,0,0,0,0,1
13585,0,0,0,0,1
13586,0,0,0,0,1
13587,0,0,0,0,1
13588,0,0,0,0,1
13589,0,0,0,0,1
13590,0,0,0,0,1
13591,0,0,0,0,1
13592,1,0,0,0,0
13593,1,0,0,0,0
13594,1,0,0,0,0
13595,1,0,0,0,0
13596,1,0,0,0,0
13597,1,0,0,0,0
13598,1,0,0,0,0
13599,1,0,0,0,0
13600,1,0,0,0,0
13601,1,0,0,0,0
13602,1,0,0,0,0
13603,1,0,0,0,0
13604,1,0,0,0,0
13605,1,0,0,0,0
13606,1,0,0,0,0
13607,1,0,0,0,0
13608,1,0,0,0,0
13609,1,0,0,0,0
13610,1,0,0,0,0
13611,1,0,0,0,0
13612,1,0,0,0,0
13613,1,0,0,0,0
13614,1,0,0,0,0
13615,1,0,0,0,0
13616,1,0,0,0,0
13617,1,0,0,0,0
13618,1,0,0,0,0
13619,1,0,0,0,0
13620,1,0,0,0,0
13621,1,0,0,0,0
13622,1,0,0,0,0
13623,1,0,0,0,0
13624,1,0,0,0,0
13625,1,0,0,0,0
13626,1,0,0,0,0
13627,1,0,0,0,0
13628,1,0,0,0,0
13629,1,0,0,0,0
13630,1,0,0,0,0
13631,1,0,0,0,0
13632,1,0,0,0,0
13633,1,0,0,0,0
13634,1,0,0,0,0
13635,1,0,0,0,0
13636,1,0,0,0,0
13637,1,0,0,0,0
13638,1,0,0,0,0
13639,1,0,0,0,0
13640,1,0,0,0,0
13641,1,0,0,0,0
13642,1,0,0,0,0
13643,1,0,0,0,0
13644,1,0,0,0,0
13645,1,0,0,0,0
13646,1,0,0,0,0
13647,1,0,0,0,0
13648,1,0,0,0,0
13649,1,0,0,0,0
13650,1,0,0,0,0
13651,1,0,0,0,0
13652,1,0,0,0,0
13653,1,0,0,0,0
13654,1,0,0,0,0
13655,1,0,0,0,0
13656,1,0,0,0,0
13657,1,0,0,0,0
13658,1,0,0,0,0
13659,1,0,0,0,0
13660,1,0,0,0,0
13661,1,0,0,0,0
13662,1,0,0,0,0
13663,1,0,0,0,0
13664,1,0,0,0,0
13665,1,0,0,0,0
13666,1,0,0,0,0
13667,0,1,0,0,0
13668,0,1,0,0,0
13669,0,1,0,0,0
13670,0,1,0,0,0
13671,0,1,0,0,0
13672,0,1,0,0,0
13673,0,1,0,0,0
13674,0,1,0,0,0
13675,0,1,0,0,0
13676,0,1,0,0,0
13677,0,1,0,0,0
13678,0,1,0,0,0
13679,0,1,0,0,0
13680,0,1,0,0,0
13681,0,1,0,0,0
13682,0,1,0,0,0
13683,0,1,0,0,0
13684,0,1,0,0,0
13685,0,1,0,0,0
13686,0,1,0,0,0
13687,0,1,0,0,0
13688,0,1,0,0,0
13689,0,1,0,0,0
13690,0,1,0,0,0
13691,0,1,0,0,0
13692,0,1,0,0,0
13693,0,1,0,0,0
13694,0,1,0,0,0
13695,0,1,0,0,0
13696,0,1,0,0,0
13697,0,1,0,0,0
13698,0,1,0,0,0
13699,0,1,0,0,0
13700,0,1,0,0,0
13701,0,1,0,0,0
13702,1,0,0,0,0
13703,1,0,0,0,0
13704,1,0,0,0,0
13705,1,0,0,0,0
13706,1,0,0,0,0
13707,1,0,0,0,0
13708,1,0,0,0,0
13709,1,0,0,0,0
13710,1,0,0,0,0
13711,1,0,0,0,0
13712,0,0,0,0,1
13713,0,0,0,0,1
13714,0,0,0,0,1
13715,0,0,0,0,1
13716,0,0,0,0,1
13717,0,0,0,0,1
13718,0,0,0,0,1
13719,0,0,0,0,1
13720,0,0,0,0,1
13721,1,0,0,0,0
13722,1,0,0,0,0
13723,1,0,0,0,0
13724,1,0,0,0,0
13725,1,0,0,0,0
13726,1,0,0,0,0
13727,1,0,0,0,0
13728,1,0,0,0,0
13729,1,0,0,0,0
13730,1,0,0,0,0
13731,1,0,0,0,0
13732,1,0,0,0,0
13733,1,0,0,0,0
13734,1,0,0,0,0
13735,1,0,0,0,0
13736,1,0,0,0,0
13737,1,0,0,0,0
13738,1,0,0,0,0
13739,1,0,0,0,0
13740,1,0,0,0,0
13741,1,0,0,0,0
13742,1,0,0,0,0
13743,1,0,0,0,0
13744,1,0,0,0,0
13745,1,0,0,0,0
13746,1,0,0,0,0
13747,1,0,0,0,0
13748,1,0,0,0,0
13749,1,0,0,0,0
13750,1,0,0,0,0
13751,1,0,0,0,0
13752,1,0,0,0,0
13753,1,0,0,0,0
13754,1,0,0,0,0
13755,1,0,0,0,0
13756,1,0,0,0,0
13757,1,0,0,0,0
13758,1,0,0,0,0
13759,1,0,0,0,0
13760,1,0,0,0,0
13761,1,0,0,0,0
13762,1,0,0,0,0
13763,1,0,0,0,0
13764,1,0,0,0,0
13765,1,0,0,0,0
13766,1,0,0,0,0
13767,1,0,0,0,0
13768,1,0,0,0,0
13769,1,0,0,0,0
13770,1,0,0,0,0
13771,1,0,0,0,0
13772,1,0,0,0,0
13773,1,0,0,0,0
13774,1,0,0,0,0
13775,1,0,0,0,0
13776,1,0,0,0,0
13777,1,0,0,0,0
13778,1,0,0,0,0
13779,1,0,0,0,0
13780,1,0,0,0,0
13781,1,0,0,0,0
13782,1,0,0,0,0
13783,1,0,0,0,0
13784,1,0,0,0,0
13785,1,0,0,0,0
13786,1,0,0,0,0
13787,1,0,0,0,0
13788,1,0,0,0,0
13789,1,0,0,0,0
13790,1,0,0,0,0
13791,1,0,0,0,0
13792,1,0,0,0,0
13793,1,0,0,0,0
13794,1,0,0,0,0
13795,1,0,0,0,0
13796,1,0,0,0,0
13797,1,0,0,0,0
13798,1,0,0,0,0
13799,1,0,0,0,0
13800,1,0,0,0,0
13801,1,0,0,0,0
13802,1,0,0,0,0
13803,1,0,0,0,0
13804,1,0,0,0,0
13805,1,0,0,0,0
13806,1,0,0,0,0
13807,1,0,0,0,0
13808,1,0,0,0,0
13809,1,0,0,0,0
13810,1,0,0,0,0
13811,1,0,0,0,0
13812,1,0,0,0,0
13813,1,0,0,0,0
13814,1,0,0,0,0
13815,1,0,0,0,0
13816,1,0,0,0,0
13817,1,0,0,0,0
13818,1,0,0,0,0
13819,1,0,0,0,0
13820,1,0,0,0,0
13821,1,0,0,0,0
13822,1,0,0,0,0
13823,1,0,0,0,0
13824,1,0,0,0,0
13825,1,0,0,0,0
13826,1,0,0,0,0
13827,1,0,0,0,0
13828,1,0,0,0,0
13829,1,0,0,0,0
13830,1,0,0,0,0
13831,1,0,0,0,0
13832,1,0,0,0,0
13833,1,0,0,0,0
13834,1,0,0,0,0
13835,1,0,0,0,0
13836,1,0,0,0,0
13837,1,0,0,0,0
13838,1,0,0,0,0
13839,1,0,0,0,0
13840,1,0,0,0,0
13841,1,0,0,0,0
13842,1,0,0,0,0
13843,1,0,0,0,0
13844,1,0,0,0,0
13845,1,0,0,0,0
13846,1,0,0,0,0
13847,1,0,0,0,0
13848,1,0,0,0,0
13849,1,0,0,0,0
13850,1,0,0,0,0
13851,1,0,0,0,0
13852,1,0,0,0,0
13853,1,0,0,0,0
13854,1,0,0,0,0
13855,1,0,0,0,0
13856,1,0,0,0,0
13857,1,0,0,0,0
13858,1,0,0,0,0
13859,1,0,0,0,0
13860,1,0,0,0,0
13861,1,0,0,0,0
13862,1,0,0,0,0
13863,1,0,0,0,0
13864,1,0,0,0,0
13865,1,0,0,0,0
13866,1,0,0,0,0
13867,1,0,0,0,0
13868,1,0,0,0,0
13869,1,0,0,0,0
13870,1,0,0,0,0
13871,1,0,0,0,0
13872,1,0,0,0,0
13873,1,0,0,0,0
13874,1,0,0,0,0
13875,1,0,0,0,0
13876,1,0,0,0,0
13877,1,0,0,0,0
13878,1,0,0,0,0
13879,1,0,0,0,0
13880,1,0,0,0,0
13881,1,0,0,0,0
13882,1,0,0,0,0
13883,1,0,0,0,0
13884,1,0,0,0,0
13885,1,0,0,0,0
13886,1,0,0,0,0
13887,1,0,0,0,0
13888,1,0,0,0,0
13889,1,0,0,0,0
13890,1,0,0,0,0
13891,1,0,0,0,0
13892,1,0,0,0,0
13893,1,0,0,0,0
13894,1,0,0,0,0
13895,1,0,0,0,0
13896,1,0,0,0,0
13897,1,0,0,0,0
13898,1,0,0,0,0
13899,1,0,0,0,0
13900,1,0,0,0,0
13901,1,0,0,0,0
13902,1,0,0,0,0
13903,1,0,0,0,0
13904,1,0,0,0,0
13905,1,0,0,0,0
13906,1,0,0,0,0
13907,1,0,0,0,0
13908,1,0,0,0,0
13909,1,0,0,0,0
13910,1,0,0,0,0
13911,1,0,0,0,0
13912,1,0,0,0,0
13913,1,0,0,0,0
13914,1,0,0,0,0
13915,0,0,0,0,1
13916,0,0,0,0,1
13917,0,0,0,0,1
13918,0,0,0,0,1
13919,0,0,0,0,1
13920,0,0,0,0,1
13921,0,0,0,0,1
13922,0,0,0,0,1
13923,0,0,0,0,1
13924,0,0,0,0,1
13925,0,0,0,0,1
13926,0,0,0,0,1
13927,0,0,0,0,1
13928,0,0,0,0,1
13929,0,0,0,0,1
13930,0,0,0,0,1
13931,0,0,0,0,1
13932,0,0,0,0,1
13933,0,0,0,0,1
13934,0,0,0,0,1
13935,0,0,0,0,1
13936,0,0,0,0,1
13937,0,0,0,0,1
13938,0,0,0,0,1
13939,0,0,0,0,1
13940,0,0,0,0,1
13941,0,0,0,0,1
13942,0,0,0,0,1
13943,0,0,0,0,1
13944,0,0,0,0,1
13945,0,0,0,0,1
13946,0,0,0,0,1
13947,0,0,0,0,1
13948,0,0,0,0,1
13949,0,0,0,0,1
13950,0,0,0,0,1
13951,0,0,0,0,1
13952,0,0,0,0,1
13953,0,0,0,0,1
13954,0,0,0,0,1
13955,0,0,0,0,1
13956,0,0,0,0,1
13957,0,0,0,0,1
13958,0,0,0,0,1
13959,0,0,0,0,1
13960,0,0,0,0,1
13961,0,0,0,0,1
13962,0,0,0,0,1
13963,0,0,0,0,1
13964,0,0,0,0,1
13965,0,0,0,0,1
13966,0,0,0,0,1
13967,0,0,0,0,1
13968,0,0,0,0,1
13969,0,0,0,0,1
13970,0,0,0,0,1
13971,0,0,0,0,1
13972,0,0,0,0,1
13973,0,0,0,0,1
13974,0,0,0,0,1
13975,0,0,0,0,1
13976,0,0,0,0,1
13977,0,0,0,0,1
13978,0,0,0,0,1
13979,0,0,0,0,1
13980,0,0,0,0,1
13981,0,0,0,0,1
13982,0,0,0,0,1
13983,0,0,0,0,1
13984,0,0,0,0,1
13985,0,0,0,0,1
13986,1,0,0,0,0
13987,1,0,0,0,0
13988,1,0,0,0,0
13989,1,0,0,0,0
13990,1,0,0,0,0
13991,1,0,0,0,0
13992,1,0,0,0,0
13993,1,0,0,0,0
13994,0,1,0,0,0
13995,0,1,0,0,0
13996,0,1,0,0,0
13997,0,1,0,0,0
13998,0,1,0,0,0
13999,0,1,0,0,0
14000,0,1,0,0,0
14001,0,1,0,0,0
14002,0,1,0,0,0
14003,0,1,0,0,0
14004,0,1,0,0,0
14005,0,1,0,0,0
14006,0,1,0,0,0
14007,0,1,0,0,0
14008,0,1,0,0,0
14009,0,1,0,0,0
14010,0,1,0,0,0
14011,0,1,0,0,0
14012,0,1,0,0,0
14013,0,1,0,0,0
14014,0,1,0,0,0
14015,0,1,0,0,0
14016,0,1,0,0,0
14017,0,1,0,0,0
14018,0,1,0,0,0
14019,0,1,0,0,0
14020,0,1,0,0,0
14021,0,1,0,0,0
14022,0,1,0,0,0
14023,0,1,0,0,0
14024,1,0,0,0,0
14025,1,0,0,0,0
14026,1,0,0,0,0
14027,1,0,0,0,0
14028,1,0,0,0,0
14029,1,0,0,0,0
14030,0,0,0,0,1
14031,0,0,0,0,1
14032,0,0,0,0,1
14033,0,0,0,0,1
14034,0,0,0,0,1
14035,0,0,0,0,1
14036,0,0,0,0,1
14037,0,0,0,0,1
14038,0,0,0,0,1
14039,0,0,0,0,1
14040,0,0,0,0,1
14041,0,0,0,0,1
14042,0,0,0,0,1
14043,0,0,0,0,1
14044,0,0,0,0,1
14045,0,0,0,0,1
14046,0,0,0,0,1
14047,0,0,0,0,1
14048,0,0,0,0,1
14049,0,0,0,0,1
14050,0,0,0,0,1
14051,0,0,0,0,1
14052,0,0,0,0,1
14053,0,0,0,0,1
14054,0,0,0,0,1
14055,0,0,0,0,1
14056,0,0,0,0,1
14057,0,0,0,0,1
14058,0,0,0,0,1
14059,0,0,0,0,1
14060,0,0,0,0,1
14061,0,0,0,0,1
14062,0,0,0,0,1
14063,0,0,0,0,1
14064,0,0,0,0,1
14065,0,0,0,0,1
14066,0,0,0,0,1
14067,0,0,0,0,1
14068,0,0,0,0,1
14069,0,0,0,0,1
14070,0,0,0,0,1
14071,0,0,0,0,1
14072,0,0,0,0,1
14073,1,0,0,0,0
14074,1,0,0,0,0
14075,1,0,0,0,0
14076,1,0,0,0,0
14077,1,0,0,0,0
14078,1,0,0,0,0
14079,1,0,0,0,0
14080,1,0,0,0,0
14081,1,0,0,0,0
14082,1,0,0,0,0
14083,1,0,0,0,0
14084,1,0,0,0,0
14085,1,0,0,0,0
14086,1,0,0,0,0
14087,1,0,0,0,0
14088,1,0,0,0,0
14089,1,0,0,0,0
14090,1,0,0,0,0
14091,1,0,0,0,0
14092,1,0,0,0,0
14093,1,0,0,0,0
14094,1,0,0,0,0
14095,1,0,0,0,0
14096,1,0,0,0,0
14097,1,0,0,0,0
14098,1,0,0,0,0
14099,1,0,0,0,0
14100,1,0,0,0,0
14101,1,0,0,0,0
14102,1,0,0,0,0
14103,1,0,0,0,0
14104,1,0,0,0,0
14105,1,0,0,0,0
14106,1,0,0,0,0
14107,1,0,0,0,0
14108,1,0,0,0,0
14109,1,0,0,0,0
14110,1,0,0,0,0
14111,1,0,0,0,0
14112,1,0,0,0,0
14113,1,0,0,0,0
14114,0,0,0,0,1
14115,0,0,0,0,1
14116,0,0,0,0,1
14117,0,0,0,0,1
14118,0,0,0,0,1
14119,0,0,0,0,1
14120,0,0,0,0,1
14121,0,0,0,0,1
14122,0,0,0,0,1
14123,0,0,0,0,1
14124,0,0,0,0,1
14125,0,0,0,0,1
14126,0,0,0,0,1
14127,0,0,0,0,1
14128,0,0,0,0,1
14129,0,0,0,0,1
14130,0,0,0,0,1
14131,0,0,0,0,1
14132,0,0,0,0,1
14133,0,0,0,0,1
14134,0,0,0,0,1
14135,0,0,0,0,1
14136,0,0,0,0,1
14137,0,0,0,0,1
14138,0,0,0,0,1
14139,0,0,0,0,1
14140,0,0,0,0,1
14141,0,0,0,0,1
14142,0,0,0,0,1
14143,0,0,0,0,1
14144,0,0,0,0,1
14145,0,0,0,0,1
14146,0,0,0,0,1
14147,0,0,0,0,1
14148,1,0,0,0,0
14149,1,0,0,0,0
14150,1,0,0,0,0
14151,1,0,0,0,0
14152,1,0,0,0,0
14153,1,0,0,0,0
14154,1,0,0,0,0
14155,1,0,0,0,0
14156,1,0,0,0,0
14157,1,0,0,0,0
14158,1,0,0,0,0
14159,1,0,0,0,0
14160,1,0,0,0,0
14161,1,0,0,0,0
14162,1,0,0,0,0
14163,1,0,0,0,0
14164,1,0,0,0,0
14165,1,0,0,0,0
14166,1,0,0,0,0
14167,1,0,0,0,0
14168,1,0,0,0,0
14169,1,0,0,0,0
14170,1,0,0,0,0
14171,1,0,0,0,0
14172,1,0,0,0,0
14173,1,0,0,0,0
14174,1,0,0,0,0
14175,1,0,0,0,0
14176,1,0,0,0,0
14177,1,0,0,0,0
14178,1,0,0,0,0
14179,1,0,0,0,0
14180,1,0,0,0,0
14181,1,0,0,0,0
14182,1,0,0,0,0
14183,1,0,0,0,0
14184,1,0,0,0,0
14185,1,0,0,0,0
14186,1,0,0,0,0
14187,1,0,0,0,0
14188,1,0,0,0,0
14189,1,0,0,0,0
14190,1,0,0,0,0
14191,1,0,0,0,0
14192,1,0,0,0,0
14193,1,0,0,0,0
14194,1,0,0,0,0
14195,1,0,0,0,0
14196,1,0,0,0,0
14197,1,0,0,0,0
14198,1,0,0,0,0
14199,1,0,0,0,0
14200,1,0,0,0,0
14201,1,0,0,0,0
14202,1,0,0,0,0
14203,1,0,0,0,0
14204,1,0,0,0,0
14205,1,0,0,0,0
14206,1,0,0,0,0
14207,1,0,0,0,0
14208,1,0,0,0,0
14209,1,0,0,0,0
14210,1,0,0,0,0
14211,1,0,0,0,0
14212,1,0,0,0,0
14213,1,0,0,0,0
14214,1,0,0,0,0
14215,1,0,0,0,0
14216,1,0,0,0,0
14217,1,0,0,0,0
14218,1,0,0,0,0
14219,1,0,0,0,0
14220,1,0,0,0,0
14221,1,0,0,0,0
14222,1,0,0,0,0
14223,1,0,0,0,0
14224,1,0,0,0,0
14225,1,0,0,0,0
14226,1,0,0,0,0
14227,1,0,0,0,0
14228,1,0,0,0,0
14229,1,0,0,0,0
14230,1,0,0,0,0
14231,1,0,0,0,0
14232,1,0,0,0,0
14233,1,0,0,0,0
14234,1,0,0,0,0
14235,1,0,0,0,0
14236,1,0,0,0,0
14237,1,0,0,0,0
14238,1,0,0,0,0
14239,1,0,0,0,0
14240,1,0,0,0,0
14241,1,0,0,0,0
14242,1,0,0,0,0
14243,1,0,0,0,0
14244,1,0,0,0,0
14245,1,0,0,0,0
14246,1,0,0,0,0
14247,1,0,0,0,0
14248,1,0,0,0,0
14249,1,0,0,0,0
14250,1,0,0,0,0
14251,1,0,0,0,0
14252,1,0,0,0,0
14253,1,0,0,0,0
14254,1,0,0,0,0
14255,1,0,0,0,0
14256,1,0,0,0,0
14257,1,0,0,0,0
14258,1,0,0,0,0
14259,1,0,0,0,0
14260,1,0,0,0,0
14261,1,0,0,0,0
14262,1,0,0,0,0
14263,1,0,0,0,0
14264,1,0,0,0,0
14265,1,0,0,0,0
14266,1,0,0,0,0
14267,1,0,0,0,0
14268,1,0,0,0,0
14269,1,0,0,0,0
14270,1,0,0,0,0
14271,1,0,0,0,0
14272,1,0,0,0,0
14273,1,0,0,0,0
14274,1,0,0,0,0
14275,1,0,0,0,0
14276,1,0,0,0,0
14277,1,0,0,0,0
14278,1,0,0,0,0
14279,1,0,0,0,0
14280,1,0,0,0,0
14281,1,0,0,0,0
14282,1,0,0,0,0
14283,1,0,0,0,0
14284,1,0,0,0,0
14285,1,0,0,0,0
14286,1,0,0,0,0
14287,1,0,0,0,0
14288,1,0,0,0,0
14289,1,0,0,0,0
14290,1,0,0,0,0
14291,1,0,0,0,0
14292,1,0,0,0,0
14293,1,0,0,0,0
14294,1,0,0,0,0
14295,1,0,0,0,0
14296,1,0,0,0,0
14297,1,0,0,0,0
14298,1,0,0,0,0
14299,1,0,0,0,0
14300,1,0,0,0,0
14301,1,0,0,0,0
14302,1,0,0,0,0
14303,1,0,0,0,0
14304,1,0,0,0,0
14305,1,0,0,0,0
14306,1,0,0,0,0
14307,1,0,0,0,0
14308,1,0,0,0,0
14309,1,0,0,0,0
14310,1,0,0,0,0
14311,1,0,0,0,0
14312,1,0,0,0,0
14313,1,0,0,0,0
14314,1,0,0,0,0
14315,1,0,0,0,0
14316,1,0,0,0,0
14317,1,0,0,0,0
14318,1,0,0,0,0
14319,0,0,0,0,1
14320,0,0,0,0,1
14321,0,0,0,0,1
14322,0,0,0,0,1
14323,0,0,0,0,1
14324,0,0,0,0,1
14325,0,0,0,0,1
14326,0,0,0,0,1
14327,0,0,0,0,1
14328,0,0,0,0,1
14329,0,0,0,0,1
14330,0,0,0,0,1
14331,0,0,0,0,1
14332,0,0,0,0,1
14333,0,0,0,0,1
14334,0,0,0,0,1
14335,0,0,0,0,1
14336,0,0,0,0,1
14337,0,0,0,0,1
14338,0,0,0,0,1
14339,0,0,0,0,1
14340,0,0,0,0,1
14341,0,0,0,0,1
14342,0,0,0,0,1
14343,0,0,0,0,1
14344,1,0,0,0,0
14345,1,0,0,0,0
14346,1,0,0,0,0
14347,1,0,0,0,0
14348,1,0,0,0,0
14349,1,0,0,0,0
14350,1,0,0,0,0
14351,1,0,0,0,0
14352,1,0,0,0,0
14353,1,0,0,0,0
14354,1,0,0,0,0
14355,1,0,0,0,0
14356,1,0,0,0,0
14357,1,0,0,0,0
14358,1,0,0,0,0
14359,1,0,0,0,0
14360,1,0,0,0,0
14361,1,0,0,0,0
14362,1,0,0,0,0
14363,1,0,0,0,0
14364,1,0,0,0,0
14365,1,0,0,0,0
14366,1,0,0,0,0
14367,1,0,0,0,0
14368,1,0,0,0,0
14369,1,0,0,0,0
14370,1,0,0,0,0
14371,1,0,0,0,0
14372,1,0,0,0,0
14373,1,0,0,0,0
14374,1,0,0,0,0
14375,1,0,0,0,0
14376,1,0,0,0,0
14377,1,0,0,0,0
14378,1,0,0,0,0
14379,1,0,0,0,0
14380,1,0,0,0,0
14381,1,0,0,0,0
14382,1,0,0,0,0
14383,1,0,0,0,0
14384,1,0,0,0,0
14385,1,0,0,0,0
14386,1,0,0,0,0
14387,1,0,0,0,0
14388,1,0,0,0,0
14389,1,0,0,0,0
14390,0,0,0,0,1
14391,0,0,0,0,1
14392,0,0,0,0,1
14393,0,0,0,0,1
14394,0,0,0,0,1
14395,0,0,0,0,1
14396,0,0,0,0,1
14397,0,0,0,0,1
14398,0,0,0,0,1
14399,0,0,0,0,1
14400,0,0,0,0,1
14401,0,0,0,0,1
14402,0,0,0,0,1
14403,0,0,0,0,1
14404,0,0,0,0,1
14405,0,0,0,0,1
14406,0,0,0,0,1
14407,0,0,0,0,1
14408,0,0,0,0,1
14409,0,0,0,0,1
14410,0,0,0,0,1
14411,0,0,0,0,1
14412,0,0,0,0,1
14413,0,0,0,0,1
14414,0,0,0,0,1
14415,0,0,0,0,1
14416,0,0,0,0,1
14417,0,0,0,0,1
14418,0,0,0,0,1
14419,0,0,0,0,1
14420,0,0,0,0,1
14421,0,0,0,0,1
14422,0,0,0,0,1
14423,0,0,0,0,1
14424,0,0,0,0,1
14425,0,0,0,0,1
14426,0,0,0,0,1
14427,0,0,0,0,1
14428,0,0,0,0,1
14429,0,0,0,0,1
14430,0,0,0,0,1
14431,0,0,0,0,1
14432,0,0,0,0,1
14433,0,0,0,0,1
14434,0,0,0,0,1
14435,0,0,0,0,1
14436,0,0,0,0,1
14437,0,0,0,0,1
14438,0,0,0,0,1
14439,0,0,0,0,1
14440,0,0,0,0,1
14441,0,0,0,0,1
14442,0,0,0,0,1
14443,0,0,0,0,1
14444,0,0,0,0,1
14445,0,0,0,0,1
14446,0,0,0,0,1
14447,0,0,0,0,1
14448,0,0,0,0,1
14449,0,0,0,0,1
14450,0,0,0,0,1
14451,0,0,0,0,1
14452,0,0,0,0,1
14453,0,0,0,0,1
14454,0,0,0,0,1
14455,0,0,0,0,1
14456,0,0,0,0,1
14457,0,0,0,0,1
14458,0,0,0,0,1
14459,0,0,0,0,1
14460,0,0,0,0,1
14461,0,0,0,0,1
14462,0,0,0,0,1
14463,0,0,0,0,1
14464,0,0,0,0,1
14465,0,0,0,0,1
14466,0,0,0,0,1
14467,0,0,0,0,1
14468,0,0,0,0,1
14469,0,0,0,0,1
14470,0,0,0,0,1
14471,0,0,0,0,1
14472,0,0,0,0,1
14473,0,0,0,0,1
14474,0,0,0,0,1
14475,0,0,0,0,1
14476,0,0,0,0,1
14477,0,0,0,0,1
14478,0,0,0,0,1
14479,0,0,0,0,1
14480,0,0,0,0,1
14481,0,0,0,0,1
14482,0,0,0,0,1
14483,0,0,0,0,1
14484,0,0,0,0,1
14485,0,0,0,0,1
14486,0,0,0,0,1
14487,0,0,0,0,1
14488,0,0,0,0,1
14489,0,0,0,0,1
14490,0,0,0,0,1
14491,0,0,0,0,1
14492,0,0,0,0,1
14493,0,0,0,0,1
14494,0,0,0,0,1
14495,0,0,0,0,1
14496,0,0,0,0,1
14497,0,0,0,0,1
14498,0,0,0,0,1
14499,0,0,0,0,1
14500,0,0,0,0,1
14501,0,0,0,0,1
14502,0,0,0,0,1
14503,0,0,0,0,1
14504,0,0,0,0,1
14505,0,0,0,0,1
14506,0,0,0,0,1
14507,0,0,0,0,1
14508,0,0,0,0,1
14509,0,0,0,0,1
14510,0,0,0,0,1
14511,0,0,0,0,1
14512,0,0,0,0,1
14513,0,0,0,0,1
14514,0,0,0,0,1
14515,0,0,0,0,1
14516,0,0,0,0,1
14517,0,0,0,0,1
14518,0,0,0,0,1
14519,0,0,0,0,1
14520,0,0,0,0,1
14521,0,0,0,0,1
14522,0,0,0,0,1
14523,1,0,0,0,0
14524,1,0,0,0,0
14525,1,0,0,0,0
14526,1,0,0,0,0
14527,1,0,0,0,0
14528,1,0,0,0,0
14529,1,0,0,0,0
14530,1,0,0,0,0
14531,1,0,0,0,0
14532,1,0,0,0,0
14533,1,0,0,0,0
14534,1,0,0,0,0
14535,1,0,0,0,0
14536,1,0,0,0,0
14537,1,0,0,0,0
14538,1,0,0,0,0
14539,1,0,0,0,0
14540,1,0,0,0,0
14541,1,0,0,0,0
14542,1,0,0,0,0
14543,1,0,0,0,0
14544,1,0,0,0,0
14545,1,0,0,0,0
14546,1,0,0,0,0
14547,1,0,0,0,0
14548,1,0,0,0,0
14549,1,0,0,0,0
14550,1,0,0,0,0
14551,1,0,0,0,0
14552,1,0,0,0,0
14553,1,0,0,0,0
14554,1,0,0,0,0
14555,1,0,0,0,0
14556,1,0,0,0,0
14557,1,0,0,0,0
14558,1,0,0,0,0
14559,1,0,0,0,0
14560,1,0,0,0,0
14561,1,0,0,0,0
14562,1,0,0,0,0
14563,1,0,0,0,0
14564,1,0,0,0,0
14565,1,0,0,0,0
14566,1,0,0,0,0
14567,1,0,0,0,0
14568,1,0,0,0,0
14569,1,0,0,0,0
14570,1,0,0,0,0
14571,1,0,0,0,0
14572,1,0,0,0,0
14573,1,0,0,0,0
14574,1,0,0,0,0
14575,1,0,0,0,0
14576,1,0,0,0,0
14577,1,0,0,0,0
14578,1,0,0,0,0
14579,1,0,0,0,0
14580,1,0,0,0,0
14581,1,0,0,0,0
14582,1,0,0,0,0
14583,1,0,0,0,0
14584,1,0,0,0,0
14585,1,0,0,0,0
14586,1,0,0,0,0
14587,1,0,0,0,0
14588,1,0,0,0,0
14589,1,0,0,0,0
14590,1,0,0,0,0
14591,1,0,0,0,0
14592,1,0,0,0,0
14593,1,0,0,0,0
14594,1,0,0,0,0
14595,1,0,0,0,0
14596,1,0,0,0,0
14597,1,0,0,0,0
14598,1,0,0,0,0
14599,1,0,0,0,0
14600,1,0,0,0,0
14601,1,0,0,0,0
14602,1,0,0,0,0
14603,1,0,0,0,0
14604,1,0,0,0,0
14605,1,0,0,0,0
14606,1,0,0,0,0
14607,1,0,0,0,0
14608,1,0,0,0,0
14609,1,0,0,0,0
14610,1,0,0,0,0
14611,1,0,0,0,0
14612,1,0,0,0,0
14613,0,0,0,0,1
14614,0,0,0,0,1
14615,0,0,0,0,1
14616,0,0,0,0,1
14617,0,0,0,0,1
14618,0,0,0,0,1
14619,0,0,0,0,1
14620,0,0,0,0,1
14621,0,0,0,0,1
14622,0,0,0,0,1
14623,0,0,0,0,1
14624,0,0,0,0,1
14625,0,0,0,0,1
14626,0,0,0,0,1
14627,0,0,0,0,1
14628,0,0,0,0,1
14629,0,0,0,0,1
14630,0,0,0,0,1
14631,0,0,0,0,1
14632,0,0,0,0,1
14633,0,0,0,0,1
14634,0,0,0,0,1
14635,0,0,0,0,1
14636,0,0,0,0,1
14637,0,0,0,0,1
14638,0,0,0,0,1
14639,0,0,0,0,1
14640,0,0,0,0,1
14641,0,0,0,0,1
14642,1,0,0,0,0
14643,1,0,0,0,0
14644,1,0,0,0,0
14645,1,0,0,0,0
14646,1,0,0,0,0
14647,1,0,0,0,0
14648,1,0,0,0,0
14649,1,0,0,0,0
14650,1,0,0,0,0
14651,1,0,0,0,0
14652,1,0,0,0,0
14653,1,0,0,0,0
14654,1,0,0,0,0
14655,1,0,0,0,0
14656,1,0,0,0,0
14657,1,0,0,0,0
14658,1,0,0,0,0
14659,1,0,0,0,0
14660,1,0,0,0,0
14661,1,0,0,0,0
14662,1,0,0,0,0
14663,1,0,0,0,0
14664,1,0,0,0,0
14665,1,0,0,0,0
14666,1,0,0,0,0
14667,1,0,0,0,0
14668,1,0,0,0,0
14669,1,0,0,0,0
14670,1,0,0,0,0
14671,1,0,0,0,0
14672,1,0,0,0,0
14673,1,0,0,0,0
14674,1,0,0,0,0
14675,1,0,0,0,0
14676,1,0,0,0,0
14677,1,0,0,0,0
14678,1,0,0,0,0
14679,1,0,0,0,0
14680,1,0,0,0,0
14681,1,0,0,0,0
14682,1,0,0,0,0
14683,1,0,0,0,0
14684,1,0,0,0,0
14685,1,0,0,0,0
14686,1,0,0,0,0
14687,1,0,0,0,0
14688,1,0,0,0,0
14689,1,0,0,0,0
14690,1,0,0,0,0
14691,1,0,0,0,0
14692,1,0,0,0,0
14693,1,0,0,0,0
14694,1,0,0,0,0
14695,1,0,0,0,0
14696,1,0,0,0,0
14697,1,0,0,0,0
14698,1,0,0,0,0
14699,1,0,0,0,0
14700,0,0,0,0,1
14701,0,0,0,0,1
14702,0,0,0,0,1
14703,0,0,0,0,1
14704,0,0,0,0,1
14705,0,0,0,0,1
14706,0,0,0,0,1
14707,0,0,0,0,1
14708,0,0,0,0,1
14709,0,0,0,0,1
14710,0,0,0,0,1
14711,0,0,0,0,1
14712,0,0,0,0,1
14713,0,0,0,0,1
14714,0,0,0,0,1
14715,0,0,0,0,1
14716,0,0,0,0,1
14717,0,0,0,0,1
14718,0,0,0,0,1
14719,0,0,0,0,1
14720,0,0,0,0,1
14721,0,0,0,0,1
14722,0,0,0,0,1
14723,0,0,0,0,1
14724,0,0,0,0,1
14725,0,0,0,0,1
14726,0,0,0,0,1
14727,0,0,0,0,1
14728,0,0,0,0,1
14729,0,0,0,0,1
14730,0,0,0,0,1
14731,0,0,0,0,1
14732,0,0,0,0,1
14733,0,0,0,0,1
14734,0,0,0,0,1
14735,0,0,0,0,1
14736,0,0,0,0,1
14737,0,0,0,0,1
14738,0,0,0,0,1
14739,0,0,0,0,1
14740,0,0,0,0,1
14741,0,0,0,0,1
14742,0,0,0,0,1
14743,0,0,0,0,1
14744,0,0,0,0,1
14745,0,0,0,0,1
14746,0,0,0,0,1
14747,0,0,0,0,1
14748,0,0,0,0,1
14749,0,0,0,0,1
14750,0,0,0,0,1
14751,0,0,0,0,1
14752,0,0,0,0,1
14753,0,0,0,0,1
14754,0,0,0,0,1
14755,0,0,0,0,1
14756,0,0,0,0,1
14757,0,0,0,0,1
14758,0,0,0,0,1
14759,0,0,0,0,1
14760,0,0,0,0,1
14761,0,0,0,0,1
14762,0,0,0,0,1
14763,0,0,0,0,1
14764,0,0,0,0,1
14765,0,0,0,0,1
14766,0,0,0,0,1
14767,0,0,0,0,1
14768,0,0,0,0,1
14769,0,0,0,0,1
14770,0,0,0,0,1
14771,0,0,0,0,1
14772,0,0,0,0,1
14773,0,0,0,0,1
14774,0,0,0,0,1
14775,0,0,0,0,1
14776,0,0,0,0,1
14777,0,0,0,0,1
14778,0,0,0,0,1
14779,0,0,0,0,1
14780,0,0,0,0,1
14781,0,0,0,0,1
14782,0,0,0,0,1
14783,0,0,0,0,1
14784,0,0,0,0,1
14785,0,0,0,0,1
14786,0,0,0,0,1
14787,0,0,0,0,1
14788,0,0,0,0,1
14789,0,0,0,0,1
14790,0,0,0,0,1
14791,0,0,0,0,1
14792,0,0,0,0,1
14793,0,0,0,0,1
14794,0,0,0,0,1
14795,0,0,0,0,1
14796,0,0,0,0,1
14797,0,0,0,0,1
14798,0,0,0,0,1
14799,0,0,0,0,1
14800,0,0,0,0,1
14801,0,0,0,0,1
14802,0,0,0,0,1
14803,0,0,0,0,1
14804,0,0,0,0,1
14805,0,0,0,0,1
14806,0,0,0,0,1
14807,0,0,0,0,1
14808,0,0,0,0,1
14809,0,0,0,0,1
14810,0,0,0,0,1
14811,0,0,0,0,1
14812,0,0,0,0,1
14813,0,0,0,0,1
14814,0,0,0,0,1
14815,0,0,0,0,1
14816,0,0,0,0,1
14817,0,0,0,0,1
14818,0,0,0,0,1
14819,0,0,0,0,1
14820,0,0,0,0,1
14821,0,0,0,0,1
14822,0,0,0,0,1
14823,0,0,0,0,1
14824,0,0,0,0,1
14825,0,0,0,0,1
14826,0,0,0,0,1
14827,0,0,0,0,1
14828,0,0,0,0,1
14829,0,0,0,0,1
14830,0,0,0,0,1
14831,0,0,0,0,1
14832,0,0,0,0,1
14833,0,0,0,0,1
14834,0,0,0,0,1
14835,0,0,0,0,1
14836,0,0,0,0,1
14837,0,0,0,0,1
14838,0,0,0,0,1
14839,0,0,0,0,1
14840,0,0,0,0,1
14841,0,0,0,0,1
14842,0,0,0,0,1
14843,0,0,0,0,1
14844,0,0,0,0,1
14845,0,0,0,0,1
14846,0,0,0,0,1
14847,0,0,0,0,1
14848,0,0,0,0,1
14849,0,0,0,0,1
14850,0,0,0,0,1
14851,0,0,0,0,1
14852,0,0,0,0,1
14853,0,0,0,0,1
14854,0,0,0,0,1
14855,0,0,0,0,1
14856,0,0,0,0,1
14857,0,0,0,0,1
14858,0,0,0,0,1
14859,0,0,0,0,1
14860,0,0,0,0,1
14861,0,0,0,0,1
14862,0,0,0,0,1
14863,0,0,0,0,1
14864,0,0,0,0,1
14865,0,0,0,0,1
14866,0,0,0,0,1
14867,0,0,0,0,1
14868,0,0,0,0,1
14869,0,0,0,0,1
14870,0,0,0,0,1
14871,0,0,0,0,1
14872,0,0,0,0,1
14873,0,0,0,0,1
14874,0,0,0,0,1
14875,0,0,0,0,1
14876,0,0,0,0,1
14877,0,0,0,0,1
14878,0,0,0,0,1
14879,0,0,0,0,1
14880,0,0,0,0,1
14881,0,0,0,0,1
14882,0,0,0,0,1
14883,0,0,0,0,1
14884,0,0,0,0,1
14885,0,0,0,0,1
14886,0,0,0,0,1
14887,0,0,0,0,1
14888,0,0,0,0,1
14889,0,0,0,0,1
14890,0,0,0,0,1
14891,0,0,0,0,1
14892,0,0,0,0,1
14893,0,0,0,0,1
14894,0,0,0,0,1
14895,0,0,0,0,1
14896,0,0,0,0,1
14897,0,0,0,0,1
14898,0,0,0,0,1
14899,0,0,0,0,1
14900,0,0,0,0,1
14901,0,0,0,0,1
14902,0,0,0,0,1
14903,0,0,0,0,1
14904,0,0,0,0,1
14905,0,0,0,0,1
14906,0,0,0,0,1
14907,0,0,0,0,1
14908,0,0,0,0,1
14909,0,0,0,0,1
14910,0,0,0,0,1
14911,0,0,0,0,1
14912,0,0,0,0,1
14913,0,0,0,0,1
14914,0,0,0,0,1
14915,0,0,0,0,1
14916,0,0,0,0,1
14917,0,0,0,0,1
14918,0,0,0,0,1
14919,0,0,0,0,1
14920,0,0,0,0,1
14921,0,0,0,0,1
14922,0,0,0,0,1
14923,0,0,0,0,1
14924,0,0,0,0,1
14925,0,0,0,0,1
14926,0,0,0,0,1
14927,0,0,0,0,1
14928,0,0,0,0,1
14929,0,0,0,0,1
14930,0,0,0,0,1
14931,0,0,0,0,1
14932,0,0,0,0,1
14933,0,0,0,0,1
14934,0,0,0,0,1
14935,0,0,0,0,1
14936,0,0,0,0,1
14937,0,0,0,0,1
14938,0,0,0,0,1
14939,0,0,0,0,1
14940,0,0,0,0,1
14941,0,0,0,0,1
14942,0,0,0,0,1
14943,0,0,0,0,1
14944,0,0,0,0,1
14945,0,0,0,0,1
14946,0,0,0,0,1
14947,0,0,0,0,1
14948,0,0,0,0,1
14949,0,0,0,0,1
14950,0,0,0,0,1
14951,0,0,0,0,1
14952,0,0,0,0,1
14953,0,0,0,0,1
14954,0,0,0,0,1
14955,0,0,0,0,1
14956,0,0,0,0,1
14957,0,0,0,0,1
14958,0,0,0,0,1
14959,0,0,0,0,1
14960,0,0,0,0,1
14961,0,0,0,0,1
14962,0,0,0,0,1
14963,0,0,0,0,1
14964,0,0,0,0,1
14965,0,0,0,0,1
14966,0,0,0,0,1
14967,0,0,0,0,1
14968,0,0,0,0,1
14969,0,0,0,0,1
14970,0,0,0,0,1
14971,0,0,0,0,1
14972,0,0,0,0,1
14973,0,0,0,0,1
14974,0,0,0,0,1
14975,0,0,0,0,1
14976,0,0,0,0,1
14977,0,0,0,0,1
14978,0,0,0,0,1
14979,0,0,0,0,1
14980,0,0,0,0,1
14981,0,0,0,0,1
14982,0,0,0,0,1
14983,0,0,0,0,1
14984,0,0,0,0,1
14985,0,0,0,0,1
14986,0,0,0,0,1
14987,0,0,0,0,1
14988,0,0,0,0,1
14989,0,0,0,0,1
14990,0,0,0,0,1
14991,0,0,0,0,1
14992,0,0,0,0,1
14993,0,0,0,0,1
14994,0,0,0,0,1
14995,0,0,0,0,1
14996,0,0,0,0,1
14997,0,0,0,0,1
14998,0,0,0,0,1
14999,0,0,0,0,1
15000,0,0,0,0,1
15001,0,0,0,0,1
15002,0,0,0,0,1
15003,0,0,0,0,1
15004,0,0,0,0,1
15005,0,0,0,0,1
15006,0,0,0,0,1
15007,0,0,0,0,1
15008,0,0,0,0,1
15009,0,0,0,0,1
15010,0,0,0,0,1
15011,0,0,0,0,1
15012,0,0,0,0,1
15013,0,0,0,0,1
15014,0,0,0,0,1
15015,0,0,0,0,1
15016,0,0,0,0,1
15017,0,0,0,0,1
15018,0,0,0,0,1
15019,0,0,0,0,1
15020,0,0,0,0,1
15021,0,0,0,0,1
15022,0,0,0,0,1
15023,0,0,0,0,1
15024,0,0,0,0,1
15025,0,0,0,0,1
15026,0,0,0,0,1
15027,0,0,0,0,1
15028,0,0,0,0,1
15029,0,0,0,0,1
15030,0,0,0,0,1
15031,0,0,0,0,1
15032,0,0,0,0,1
15033,0,0,0,0,1
15034,0,0,0,0,1
15035,0,0,0,0,1
15036,0,0,0,0,1
15037,1,0,0,0,0
15038,1,0,0,0,0
15039,1,0,0,0,0
15040,1,0,0,0,0
15041,1,0,0,0,0
15042,1,0,0,0,0
15043,1,0,0,0,0
15044,1,0,0,0,0
15045,1,0,0,0,0
15046,1,0,0,0,0
15047,1,0,0,0,0
15048,1,0,0,0,0
15049,1,0,0,0,0
15050,1,0,0,0,0
15051,1,0,0,0,0
15052,1,0,0,0,0
15053,1,0,0,0,0
15054,1,0,0,0,0
15055,1,0,0,0,0
15056,1,0,0,0,0
15057,1,0,0,0,0
15058,1,0,0,0,0
15059,1,0,0,0,0
15060,1,0,0,0,0
15061,1,0,0,0,0
15062,1,0,0,0,0
15063,1,0,0,0,0
15064,1,0,0,0,0
15065,1,0,0,0,0
15066,1,0,0,0,0
15067,1,0,0,0,0
15068,0,0,0,0,1
15069,0,0,0,0,1
15070,0,0,0,0,1
15071,0,0,0,0,1
15072,0,0,0,0,1
15073,0,0,0,0,1
15074,0,0,0,0,1
15075,0,0,0,0,1
15076,0,0,0,0,1
15077,0,0,0,0,1
15078,0,0,0,0,1
15079,0,0,0,0,1
15080,0,0,0,0,1
15081,0,0,0,0,1
15082,0,0,0,0,1
15083,0,0,0,0,1
15084,0,0,0,0,1
15085,0,0,0,0,1
15086,0,0,0,0,1
15087,0,0,0,0,1
15088,0,0,0,0,1
15089,0,0,0,0,1
15090,0,0,0,0,1
15091,0,0,0,0,1
15092,0,0,0,0,1
15093,0,0,0,0,1
15094,0,0,0,0,1
15095,0,0,0,0,1
15096,0,0,0,0,1
15097,0,0,0,0,1
15098,0,0,0,0,1
15099,0,0,0,0,1
15100,0,0,0,0,1
15101,0,0,0,0,1
15102,0,0,0,0,1
15103,0,0,0,0,1
15104,0,0,0,0,1
15105,0,0,0,0,1
15106,0,0,0,0,1
15107,0,0,0,0,1
15108,0,0,0,0,1
15109,0,0,0,0,1
15110,0,0,0,0,1
15111,0,0,0,0,1
15112,0,0,0,0,1
15113,0,0,0,0,1
15114,0,0,0,0,1
15115,0,0,0,0,1
15116,0,0,0,0,1
15117,0,0,0,0,1
15118,0,0,0,0,1
15119,0,0,0,0,1
15120,0,0,0,0,1
15121,0,0,0,0,1
15122,0,0,0,0,1
15123,0,0,0,0,1
15124,0,0,0,0,1
15125,0,0,0,0,1
15126,0,0,0,0,1
15127,0,0,0,0,1
15128,0,0,0,0,1
15129,0,0,0,0,1
15130,0,0,0,0,1
15131,0,0,0,0,1
15132,0,0,0,0,1
15133,0,0,0,0,1
15134,0,0,0,0,1
15135,0,0,0,0,1
15136,0,0,0,0,1
15137,0,0,0,0,1
15138,0,0,0,0,1
15139,0,0,0,0,1
15140,0,0,0,0,1
15141,0,0,0,0,1
15142,0,0,0,0,1
15143,0,0,0,0,1
15144,0,0,0,0,1
15145,0,0,0,0,1
15146,0,0,0,0,1
15147,0,0,0,0,1
15148,0,0,0,0,1
15149,0,0,0,0,1
15150,0,0,0,0,1
15151,0,0,0,0,1
15152,0,0,0,0,1
15153,0,0,0,0,1
15154,0,0,0,0,1
15155,0,0,0,0,1
15156,0,0,0,0,1
15157,0,0,0,0,1
15158,0,0,0,0,1
15159,0,0,0,0,1
15160,0,0,0,0,1
15161,0,0,0,0,1
15162,0,0,0,0,1
15163,0,0,0,0,1
15164,0,0,0,0,1
15165,0,0,0,0,1
15166,0,0,0,0,1
15167,0,0,0,0,1
15168,0,0,0,0,1
15169,0,0,0,0,1
15170,0,0,0,0,1
15171,0,0,0,0,1
15172,0,0,0,0,1
15173,0,0,0,0,1
15174,0,0,0,0,1
15175,0,0,0,0,1
15176,0,0,0,0,1
15177,0,0,0,0,1
15178,0,0,0,0,1
15179,0,0,0,0,1
15180,0,0,0,0,1
15181,0,0,0,0,1
15182,0,0,0,0,1
15183,0,0,0,0,1
15184,0,0,0,0,1
15185,0,0,0,0,1
15186,0,0,0,0,1
15187,0,0,0,0,1
15188,0,0,0,0,1
15189,0,0,0,0,1
15190,0,0,0,0,1
15191,0,0,0,0,1
15192,0,0,0,0,1
15193,0,0,0,0,1
15194,0,0,0,0,1
15195,0,0,0,0,1
15196,0,0,0,0,1
15197,0,0,0,0,1
15198,0,0,0,0,1
15199,0,0,0,0,1
15200,0,0,0,0,1
15201,0,0,0,0,1
15202,0,0,0,0,1
15203,0,0,0,0,1
15204,0,0,0,0,1
15205,0,0,0,0,1
15206,0,0,0,0,1
15207,0,0,0,0,1
15208,0,0,0,0,1
15209,0,0,0,0,1
15210,0,0,0,0,1
15211,0,0,0,0,1
15212,0,0,0,0,1
15213,0,0,0,0,1
15214,0,0,0,0,1
15215,0,0,0,0,1
15216,0,0,0,0,1
15217,0,0,0,0,1
15218,0,0,0,0,1
15219,0,0,0,0,1
15220,0,0,0,0,1
15221,0,0,0,0,1
15222,0,0,0,0,1
15223,0,0,0,0,1
15224,0,0,0,0,1
15225,0,0,0,0,1
15226,0,0,0,0,1
15227,0,0,0,0,1
15228,0,0,0,0,1
15229,0,0,0,0,1
15230,0,0,0,0,1
15231,0,0,0,0,1
15232,0,0,0,0,1
15233,0,0,0,0,1
15234,0,0,0,0,1
15235,0,0,0,0,1
15236,0,0,0,0,1
15237,0,0,0,0,1
15238,0,0,0,0,1
15239,0,0,0,0,1
15240,0,0,0,0,1
15241,0,0,0,0,1
15242,0,0,0,0,1
15243,0,0,0,0,1
15244,0,0,0,0,1
15245,0,0,0,0,1
15246,0,0,0,0,1
15247,0,0,0,0,1
15248,0,0,0,0,1
15249,0,0,0,0,1
15250,0,0,0,0,1
15251,0,0,0,0,1
15252,0,0,0,0,1
15253,0,0,0,0,1
15254,0,0,0,0,1
15255,0,0,0,0,1
15256,0,0,0,0,1
15257,0,0,0,0,1
15258,0,0,0,0,1
15259,0,0,0,0,1
15260,0,0,0,0,1
15261,0,0,0,0,1
15262,0,0,0,0,1
15263,0,0,0,0,1
15264,0,0,0,0,1
15265,0,0,0,0,1
15266,0,0,0,0,1
15267,0,0,0,0,1
15268,0,0,0,0,1
15269,0,0,0,0,1
15270,0,0,0,0,1
15271,0,0,0,0,1
15272,0,0,0,0,1
15273,0,0,0,0,1
15274,0,0,0,0,1
15275,0,0,0,0,1
15276,0,0,0,0,1
15277,0,0,0,0,1
15278,0,0,0,0,1
15279,0,0,0,0,1
15280,0,0,0,0,1
15281,0,0,0,0,1
15282,0,0,0,0,1
15283,0,0,0,0,1
15284,0,0,0,0,1
15285,0,0,0,0,1
15286,0,0,0,0,1
15287,0,0,0,0,1
15288,0,0,0,0,1
15289,0,0,0,0,1
15290,0,0,0,0,1
15291,0,0,0,0,1
15292,0,0,0,0,1
15293,0,0,0,0,1
15294,0,0,0,0,1
15295,0,0,0,0,1
15296,0,0,0,0,1
15297,0,0,0,0,1
15298,0,0,0,0,1
15299,0,0,0,0,1
15300,0,0,0,0,1
15301,0,0,0,0,1
15302,0,0,0,0,1
15303,0,0,0,0,1
15304,0,0,0,0,1
15305,0,0,0,0,1
15306,0,0,0,0,1
15307,0,0,0,0,1
15308,0,0,0,0,1
15309,0,0,0,0,1
15310,0,0,0,0,1
15311,0,0,0,0,1
15312,0,0,0,0,1
15313,0,0,0,0,1
15314,0,0,0,0,1
15315,0,0,0,0,1
15316,0,0,0,0,1
15317,0,0,0,0,1
15318,0,0,0,0,1
15319,0,0,0,0,1
15320,0,0,0,0,1
15321,0,0,0,0,1
15322,0,0,0,0,1
15323,0,0,0,0,1
15324,0,0,0,0,1
15325,0,0,0,0,1
15326,0,0,0,0,1
15327,0,0,0,0,1
15328,0,0,0,0,1
15329,0,0,0,0,1
15330,0,0,0,0,1
15331,0,0,0,0,1
15332,0,0,0,0,1
15333,0,0,0,0,1
15334,0,0,0,0,1
15335,0,0,0,0,1
15336,0,0,0,0,1
15337,0,0,0,0,1
15338,0,0,0,0,1
15339,0,0,0,0,1
15340,0,0,0,0,1
15341,0,0,0,0,1
15342,0,0,0,0,1
15343,0,0,0,0,1
15344,0,0,0,0,1
15345,0,0,0,0,1
15346,0,0,0,0,1
15347,0,0,0,0,1
15348,0,0,0,0,1
15349,0,0,0,0,1
15350,0,0,0,0,1
15351,0,0,0,0,1
15352,0,0,0,0,1
15353,0,0,0,0,1
15354,0,0,0,0,1
15355,0,0,0,0,1
15356,0,0,0,0,1
15357,0,0,0,0,1
15358,0,0,0,0,1
15359,0,0,0,0,1
15360,1,0,0,0,0
15361,1,0,0,0,0
15362,1,0,0,0,0
15363,1,0,0,0,0
15364,1,0,0,0,0
15365,1,0,0,0,0
15366,1,0,0,0,0
15367,1,0,0,0,0
15368,1,0,0,0,0
15369,1,0,0,0,0
15370,1,0,0,0,0
15371,1,0,0,0,0
15372,1,0,0,0,0
15373,1,0,0,0,0
15374,1,0,0,0,0
15375,1,0,0,0,0
15376,1,0,0,0,0
15377,1,0,0,0,0
15378,1,0,0,0,0
15379,1,0,0,0,0
15380,1,0,0,0,0
15381,1,0,0,0,0
15382,1,0,0,0,0
15383,1,0,0,0,0
15384,1,0,0,0,0
15385,1,0,0,0,0
15386,1,0,0,0,0
15387,1,0,0,0,0
15388,1,0,0,0,0
15389,1,0,0,0,0
15390,1,0,0,0,0
15391,1,0,0,0,0
15392,1,0,0,0,0
15393,1,0,0,0,0
15394,1,0,0,0,0
15395,1,0,0,0,0
15396,1,0,0,0,0
15397,1,0,0,0,0
15398,1,0,0,0,0
15399,1,0,0,0,0
15400,1,0,0,0,0
15401,1,0,0,0,0
15402,1,0,0,0,0
15403,1,0,0,0,0
15404,0,0,0,0,1
15405,0,0,0,0,1
15406,0,0,0,0,1
15407,0,0,0,0,1
15408,0,0,0,0,1
15409,0,0,0,0,1
15410,0,0,0,0,1
15411,0,0,0,0,1
15412,0,0,0,0,1
15413,0,0,0,0,1
15414,0,0,0,0,1
15415,0,0,0,0,1
15416,0,0,0,0,1
15417,0,0,0,0,1
15418,0,0,0,0,1
15419,0,0,0,0,1
15420,0,0,0,0,1
15421,0,0,0,0,1
15422,0,0,0,0,1
15423,0,0,0,0,1
15424,1,0,0,0,0
15425,1,0,0,0,0
15426,1,0,0,0,0
15427,1,0,0,0,0
15428,1,0,0,0,0
15429,1,0,0,0,0
15430,1,0,0,0,0
15431,1,0,0,0,0
15432,1,0,0,0,0
15433,1,0,0,0,0
15434,1,0,0,0,0
15435,1,0,0,0,0
15436,1,0,0,0,0
15437,1,0,0,0,0
15438,1,0,0,0,0
15439,1,0,0,0,0
15440,1,0,0,0,0
15441,1,0,0,0,0
15442,1,0,0,0,0
15443,1,0,0,0,0
15444,1,0,0,0,0
15445,1,0,0,0,0
15446,1,0,0,0,0
15447,1,0,0,0,0
15448,1,0,0,0,0
15449,1,0,0,0,0
15450,1,0,0,0,0
15451,1,0,0,0,0
15452,1,0,0,0,0
15453,1,0,0,0,0
15454,1,0,0,0,0
15455,1,0,0,0,0
15456,1,0,0,0,0
15457,1,0,0,0,0
15458,1,0,0,0,0
15459,1,0,0,0,0
15460,1,0,0,0,0
15461,1,0,0,0,0
15462,1,0,0,0,0
15463,1,0,0,0,0
15464,1,0,0,0,0
15465,1,0,0,0,0
15466,1,0,0,0,0
15467,1,0,0,0,0
15468,1,0,0,0,0
15469,1,0,0,0,0
15470,1,0,0,0,0
15471,1,0,0,0,0
15472,1,0,0,0,0
15473,1,0,0,0,0
15474,1,0,0,0,0
15475,1,0,0,0,0
15476,1,0,0,0,0
15477,1,0,0,0,0
15478,1,0,0,0,0
15479,1,0,0,0,0
15480,1,0,0,0,0
15481,1,0,0,0,0
15482,1,0,0,0,0
15483,1,0,0,0,0
15484,1,0,0,0,0
15485,1,0,0,0,0
15486,1,0,0,0,0
15487,1,0,0,0,0
15488,1,0,0,0,0
15489,1,0,0,0,0
15490,1,0,0,0,0
15491,1,0,0,0,0
15492,1,0,0,0,0
15493,1,0,0,0,0
15494,1,0,0,0,0
15495,1,0,0,0,0
15496,1,0,0,0,0
15497,1,0,0,0,0
15498,1,0,0,0,0
15499,1,0,0,0,0
15500,1,0,0,0,0
15501,1,0,0,0,0
15502,1,0,0,0,0
15503,1,0,0,0,0
15504,1,0,0,0,0
15505,1,0,0,0,0
15506,1,0,0,0,0
15507,1,0,0,0,0
15508,1,0,0,0,0
15509,1,0,0,0,0
15510,1,0,0,0,0
15511,1,0,0,0,0
15512,1,0,0,0,0
15513,1,0,0,0,0
15514,1,0,0,0,0
15515,1,0,0,0,0
15516,1,0,0,0,0
15517,1,0,0,0,0
15518,1,0,0,0,0
15519,1,0,0,0,0
15520,1,0,0,0,0
15521,1,0,0,0,0
15522,1,0,0,0,0
15523,1,0,0,0,0
15524,1,0,0,0,0
15525,1,0,0,0,0
15526,1,0,0,0,0
15527,1,0,0,0,0
15528,1,0,0,0,0
15529,1,0,0,0,0
15530,1,0,0,0,0
15531,1,0,0,0,0
15532,1,0,0,0,0
15533,1,0,0,0,0
15534,1,0,0,0,0
15535,1,0,0,0,0
15536,1,0,0,0,0
15537,1,0,0,0,0
15538,1,0,0,0,0
15539,1,0,0,0,0
15540,1,0,0,0,0
15541,1,0,0,0,0
15542,1,0,0,0,0
15543,1,0,0,0,0
15544,1,0,0,0,0
15545,1,0,0,0,0
15546,1,0,0,0,0
15547,1,0,0,0,0
15548,1,0,0,0,0
15549,1,0,0,0,0
15550,1,0,0,0,0
15551,1,0,0,0,0
15552,1,0,0,0,0
15553,1,0,0,0,0
15554,1,0,0,0,0
15555,1,0,0,0,0
15556,1,0,0,0,0
15557,1,0,0,0,0
15558,1,0,0,0,0
15559,1,0,0,0,0
15560,1,0,0,0,0
15561,1,0,0,0,0
15562,1,0,0,0,0
15563,1,0,0,0,0
15564,1,0,0,0,0
15565,1,0,0,0,0
15566,1,0,0,0,0
15567,1,0,0,0,0
15568,1,0,0,0,0
15569,1,0,0,0,0
15570,1,0,0,0,0
15571,1,0,0,0,0
15572,1,0,0,0,0
15573,1,0,0,0,0
15574,1,0,0,0,0
15575,1,0,0,0,0
15576,1,0,0,0,0
15577,1,0,0,0,0
15578,1,0,0,0,0
15579,1,0,0,0,0
15580,1,0,0,0,0
15581,1,0,0,0,0
15582,1,0,0,0,0
15583,1,0,0,0,0
15584,1,0,0,0,0
15585,1,0,0,0,0
15586,1,0,0,0,0
15587,1,0,0,0,0
15588,1,0,0,0,0
15589,1,0,0,0,0
15590,1,0,0,0,0
15591,1,0,0,0,0
15592,1,0,0,0,0
15593,1,0,0,0,0
15594,1,0,0,0,0
15595,1,0,0,0,0
15596,1,0,0,0,0
15597,1,0,0,0,0
15598,1,0,0,0,0
15599,1,0,0,0,0
15600,1,0,0,0,0
15601,1,0,0,0,0
15602,1,0,0,0,0
15603,1,0,0,0,0
15604,1,0,0,0,0
15605,1,0,0,0,0
15606,1,0,0,0,0
15607,1,0,0,0,0
15608,1,0,0,0,0
15609,1,0,0,0,0
15610,1,0,0,0,0
15611,1,0,0,0,0
15612,1,0,0,0,0
15613,1,0,0,0,0
15614,1,0,0,0,0
15615,1,0,0,0,0
15616,0,0,0,0,1
15617,0,0,0,0,1
15618,0,0,0,0,1
15619,0,0,0,0,1
15620,0,0,0,0,1
15621,0,0,0,0,1
15622,0,0,0,0,1
15623,0,0,0,0,1
15624,0,0,0,0,1
15625,0,0,0,0,1
15626,0,0,0,0,1
15627,0,0,0,0,1
15628,0,0,0,0,1
15629,0,0,0,0,1
15630,0,0,0,0,1
15631,0,0,0,0,1
15632,0,0,0,0,1
15633,0,0,0,0,1
15634,0,0,0,0,1
15635,0,0,0,0,1
15636,0,0,0,0,1
15637,0,0,0,0,1
15638,0,0,0,0,1
15639,0,0,0,0,1
15640,0,0,0,0,1
15641,0,0,0,0,1
15642,0,0,0,0,1
15643,0,0,0,0,1
15644,0,0,0,0,1
15645,0,0,0,0,1
15646,0,0,0,0,1
15647,0,0,0,0,1
15648,0,0,0,0,1
15649,0,0,0,0,1
15650,0,0,0,0,1
15651,0,0,0,0,1
15652,0,0,0,0,1
15653,0,0,0,0,1
15654,0,0,0,0,1
15655,0,0,0,0,1
15656,0,0,0,0,1
15657,0,0,0,0,1
15658,0,0,0,0,1
15659,0,0,0,0,1
15660,0,0,0,0,1
15661,0,0,0,0,1
15662,0,0,0,0,1
15663,0,0,0,0,1
15664,0,0,0,0,1
15665,0,0,0,0,1
15666,0,0,0,0,1
15667,0,0,0,0,1
15668,0,0,0,0,1
15669,0,0,0,0,1
15670,0,0,0,0,1
15671,0,0,0,0,1
15672,0,0,0,0,1
15673,0,0,0,0,1
15674,0,0,0,0,1
15675,0,0,0,0,1
15676,0,0,0,0,1
15677,0,0,0,0,1
15678,0,0,0,0,1
15679,0,0,0,0,1
15680,0,0,0,0,1
15681,0,0,0,0,1
15682,1,0,0,0,0
15683,1,0,0,0,0
15684,1,0,0,0,0
15685,1,0,0,0,0
15686,1,0,0,0,0
15687,1,0,0,0,0
15688,1,0,0,0,0
15689,1,0,0,0,0
15690,0,0,0,0,1
15691,0,0,0,0,1
15692,0,0,0,0,1
15693,0,0,0,0,1
15694,0,0,0,0,1
15695,0,0,0,0,1
15696,0,0,0,0,1
15697,0,0,0,0,1
15698,0,0,0,0,1
15699,0,0,0,0,1
15700,0,0,0,0,1
15701,0,0,0,0,1
15702,0,0,0,0,1
15703,0,0,0,0,1
15704,0,0,0,0,1
15705,0,0,0,0,1
15706,0,0,0,0,1
15707,0,0,0,0,1
15708,1,0,0,0,0
15709,1,0,0,0,0
15710,1,0,0,0,0
15711,1,0,0,0,0
15712,1,0,0,0,0
15713,1,0,0,0,0
15714,1,0,0,0,0
15715,1,0,0,0,0
15716,1,0,0,0,0
15717,1,0,0,0,0
15718,1,0,0,0,0
15719,1,0,0,0,0
15720,1,0,0,0,0
15721,1,0,0,0,0
15722,1,0,0,0,0
15723,1,0,0,0,0
15724,1,0,0,0,0
15725,1,0,0,0,0
15726,1,0,0,0,0
15727,1,0,0,0,0
15728,1,0,0,0,0
15729,1,0,0,0,0
15730,1,0,0,0,0
15731,1,0,0,0,0
15732,1,0,0,0,0
15733,1,0,0,0,0
15734,1,0,0,0,0
15735,1,0,0,0,0
15736,1,0,0,0,0
15737,1,0,0,0,0
15738,1,0,0,0,0
15739,1,0,0,0,0
15740,1,0,0,0,0
15741,1,0,0,0,0
15742,1,0,0,0,0
15743,1,0,0,0,0
15744,1,0,0,0,0
15745,1,0,0,0,0
15746,1,0,0,0,0
15747,1,0,0,0,0
15748,1,0,0,0,0
15749,1,0,0,0,0
15750,1,0,0,0,0
15751,1,0,0,0,0
15752,1,0,0,0,0
15753,1,0,0,0,0
15754,1,0,0,0,0
15755,1,0,0,0,0
15756,1,0,0,0,0
15757,1,0,0,0,0
15758,1,0,0,0,0
15759,1,0,0,0,0
15760,1,0,0,0,0
15761,1,0,0,0,0
15762,1,0,0,0,0
15763,1,0,0,0,0
15764,1,0,0,0,0
15765,1,0,0,0,0
15766,1,0,0,0,0
15767,1,0,0,0,0
15768,1,0,0,0,0
15769,1,0,0,0,0
15770,1,0,0,0,0
15771,1,0,0,0,0
15772,1,0,0,0,0
15773,1,0,0,0,0
15774,1,0,0,0,0
15775,1,0,0,0,0
15776,1,0,0,0,0
15777,1,0,0,0,0
15778,1,0,0,0,0
15779,0,0,0,0,1
15780,0,0,0,0,1
15781,0,0,0,0,1
15782,0,0,0,0,1
15783,0,0,0,0,1
15784,0,0,0,0,1
15785,0,0,0,0,1
15786,0,0,0,0,1
15787,0,0,0,0,1
15788,0,0,0,0,1
15789,0,0,0,0,1
15790,0,0,0,0,1
15791,0,0,0,0,1
15792,0,0,0,0,1
15793,0,0,0,0,1
15794,0,0,0,0,1
15795,0,0,0,0,1
15796,0,0,0,0,1
15797,0,0,0,0,1
15798,0,0,0,0,1
15799,0,0,0,0,1
15800,0,0,0,0,1
15801,0,0,0,0,1
15802,0,0,0,0,1
15803,0,0,0,0,1
15804,0,0,0,0,1
15805,0,0,0,0,1
15806,0,0,0,0,1
15807,0,0,0,0,1
15808,0,0,0,0,1
15809,0,0,0,0,1
15810,0,0,0,0,1
15811,0,0,0,0,1
15812,0,0,0,0,1
15813,0,0,0,0,1
15814,0,0,0,0,1
15815,0,0,0,0,1
15816,0,0,0,0,1
15817,0,0,0,0,1
15818,0,0,0,0,1
15819,0,0,0,0,1
15820,0,0,0,0,1
15821,0,0,0,0,1
15822,0,0,0,0,1
15823,0,0,0,0,1
15824,0,0,0,0,1
15825,0,0,0,0,1
15826,0,0,0,0,1
15827,0,0,0,0,1
15828,0,0,0,0,1
15829,0,0,0,0,1
15830,0,0,0,0,1
15831,0,0,0,0,1
15832,0,0,0,0,1
15833,0,0,0,0,1
15834,0,0,0,0,1
15835,0,0,0,0,1
15836,0,0,0,0,1
15837,0,0,0,0,1
15838,0,0,0,0,1
15839,0,0,0,0,1
15840,0,0,0,0,1
15841,0,0,0,0,1
15842,0,0,0,0,1
15843,0,0,0,0,1
15844,0,0,0,0,1
15845,0,0,0,0,1
15846,0,0,0,0,1
15847,0,0,0,0,1
15848,0,0,0,0,1
15849,0,0,0,0,1
15850,0,0,0,0,1
15851,0,0,0,0,1
15852,0,0,0,0,1
15853,0,0,0,0,1
15854,0,0,0,0,1
15855,0,0,0,0,1
15856,0,0,0,0,1
15857,0,0,0,0,1
15858,0,0,0,0,1
15859,0,0,0,0,1
15860,0,0,0,0,1
15861,0,0,0,0,1
15862,0,0,0,0,1
15863,0,0,0,0,1
15864,0,0,0,0,1
15865,0,0,0,0,1
15866,0,0,0,0,1
15867,0,0,0,0,1
15868,0,0,0,0,1
15869,0,0,0,0,1
15870,0,0,0,0,1
15871,1,0,0,0,0
15872,1,0,0,0,0
15873,1,0,0,0,0
15874,1,0,0,0,0
15875,1,0,0,0,0
15876,1,0,0,0,0
15877,1,0,0,0,0
15878,1,0,0,0,0
15879,1,0,0,0,0
15880,1,0,0,0,0
15881,1,0,0,0,0
15882,1,0,0,0,0
15883,1,0,0,0,0
15884,1,0,0,0,0
15885,1,0,0,0,0
15886,1,0,0,0,0
15887,1,0,0,0,0
15888,1,0,0,0,0
15889,1,0,0,0,0
15890,1,0,0,0,0
15891,1,0,0,0,0
15892,1,0,0,0,0
15893,1,0,0,0,0
15894,1,0,0,0,0
15895,1,0,0,0,0
15896,0,0,0,0,1
15897,0,0,0,0,1
15898,0,0,0,0,1
15899,0,0,0,0,1
15900,0,0,0,0,1
15901,0,0,0,0,1
15902,0,0,0,0,1
15903,0,0,0,0,1
15904,0,0,0,0,1
15905,0,0,0,0,1
15906,0,0,0,0,1
15907,0,0,0,0,1
15908,0,0,0,0,1
15909,0,0,0,0,1
15910,0,0,0,0,1
15911,0,0,0,0,1
15912,0,0,0,0,1
15913,0,0,0,0,1
15914,0,0,0,0,1
15915,0,0,0,0,1
15916,0,0,0,0,1
15917,0,0,0,0,1
15918,0,0,0,0,1
15919,0,0,0,0,1
15920,0,0,0,0,1
15921,0,0,0,0,1
15922,0,0,0,0,1
15923,0,0,0,0,1
15924,0,0,0,0,1
15925,0,0,0,0,1
15926,0,0,0,0,1
15927,0,0,0,0,1
15928,0,0,0,0,1
15929,0,0,0,0,1
15930,0,0,0,0,1
15931,0,0,0,0,1
15932,0,0,0,0,1
15933,0,0,0,0,1
15934,0,0,0,0,1
15935,0,0,0,0,1
15936,0,0,0,0,1
15937,0,0,0,0,1
15938,0,0,0,0,1
15939,0,0,0,0,1
15940,0,0,0,0,1
15941,0,0,0,0,1
15942,0,0,0,0,1
15943,0,0,0,0,1
15944,0,0,0,0,1
15945,0,0,0,0,1
15946,0,0,0,0,1
15947,0,0,0,0,1
15948,0,0,0,0,1
15949,0,0,0,0,1
15950,0,0,0,0,1
15951,0,0,0,0,1
15952,0,0,0,0,1
15953,0,0,0,0,1
15954,0,0,0,0,1
15955,0,0,0,0,1
15956,0,0,0,0,1
15957,0,0,0,0,1
15958,0,0,0,0,1
15959,0,0,0,0,1
15960,0,0,0,0,1
15961,0,0,0,0,1
15962,0,0,0,0,1
15963,0,0,0,0,1
15964,0,0,0,0,1
15965,0,0,0,0,1
15966,0,0,0,0,1
15967,0,0,0,0,1
15968,0,0,0,0,1
15969,0,0,0,0,1
15970,0,0,0,0,1
15971,0,0,0,0,1
15972,0,0,0,0,1
15973,0,0,0,0,1
15974,0,0,0,0,1
15975,0,0,0,0,1
15976,0,0,0,0,1
15977,0,0,0,0,1
15978,0,0,0,0,1
15979,0,0,0,0,1
15980,0,0,0,0,1
15981,0,0,0,0,1
15982,0,0,0,0,1
15983,0,0,0,0,1
15984,0,0,0,0,1
15985,0,0,0,0,1
15986,0,0,0,0,1
15987,0,0,0,0,1
15988,0,0,0,0,1
15989,0,0,0,0,1
15990,0,0,0,0,1
15991,0,0,0,0,1
15992,0,0,0,0,1
15993,0,0,0,0,1
15994,0,0,0,0,1
15995,0,0,0,0,1
15996,0,0,0,0,1
15997,0,0,0,0,1
15998,0,0,0,0,1
15999,0,0,0,0,1
16000,0,0,0,0,1
16001,0,0,0,0,1
16002,0,0,0,0,1
16003,0,0,0,0,1
16004,0,1,0,0,0
16005,0,1,0,0,0
16006,0,1,0,0,0
16007,0,1,0,0,0
16008,0,1,0,0,0
16009,0,1,0,0,0
16010,0,1,0,0,0
16011,0,1,0,0,0
16012,0,1,0,0,0
16013,0,1,0,0,0
16014,0,1,0,0,0
16015,0,1,0,0,0
16016,0,1,0,0,0
16017,0,1,0,0,0
16018,0,1,0,0,0
16019,0,1,0,0,0
16020,0,1,0,0,0
16021,0,1,0,0,0
16022,0,1,0,0,0
16023,0,1,0,0,0
16024,0,1,0,0,0
16025,0,1,0,0,0
16026,0,1,0,0,0
16027,0,1,0,0,0
16028,0,1,0,0,0
16029,0,1,0,0,0
16030,0,1,0,0,0
16031,0,1,0,0,0
16032,0,1,0,0,0
16033,0,1,0,0,0
16034,0,1,0,0,0
16035,0,1,0,0,0
16036,0,1,0,0,0
16037,0,1,0,0,0
16038,0,1,0,0,0
16039,1,0,0,0,0
16040,0,0,0,0,1
16041,0,0,0,0,1
16042,0,0,0,0,1
16043,0,0,0,0,1
16044,0,0,0,0,1
16045,0,0,0,0,1
16046,0,0,0,0,1
16047,0,0,0,0,1
16048,0,0,0,0,1
16049,0,0,0,0,1
16050,0,0,0,0,1
16051,0,0,0,0,1
16052,0,0,0,0,1
16053,0,0,0,0,1
16054,0,0,0,0,1
16055,0,0,0,0,1
16056,0,0,0,0,1
16057,0,0,0,0,1
16058,0,0,0,0,1
16059,0,0,0,0,1
16060,0,0,0,0,1
16061,0,0,0,0,1
16062,0,0,0,0,1
16063,0,0,0,0,1
16064,0,0,0,0,1
16065,0,0,0,0,1
16066,0,0,0,0,1
16067,0,0,0,0,1
16068,0,0,0,0,1
16069,0,0,0,0,1
16070,0,0,0,0,1
16071,0,0,0,0,1
16072,0,0,0,0,1
16073,0,0,0,0,1
16074,0,0,0,0,1
16075,0,0,0,0,1
16076,0,0,0,0,1
16077,0,0,0,0,1
16078,0,0,0,0,1
16079,0,0,0,0,1
16080,0,0,0,0,1
16081,0,0,0,0,1
16082,0,0,0,0,1
16083,0,0,0,0,1
16084,0,0,0,0,1
16085,0,0,0,0,1
16086,0,0,0,0,1
16087,0,0,0,0,1
16088,0,0,0,0,1
16089,0,0,0,0,1
16090,0,0,0,0,1
16091,0,0,0,0,1
16092,0,0,0,0,1
16093,0,0,0,0,1
16094,0,0,0,0,1
16095,0,0,0,0,1
16096,0,0,0,0,1
16097,0,0,0,0,1
16098,0,0,0,0,1
16099,0,0,0,0,1
16100,0,0,0,0,1
16101,0,0,0,0,1
16102,0,0,0,0,1
16103,0,0,0,0,1
16104,0,0,0,0,1
16105,0,0,0,0,1
16106,0,0,0,0,1
16107,0,0,0,0,1
16108,0,0,0,0,1
16109,0,0,0,0,1
16110,0,0,0,0,1
16111,0,0,0,0,1
16112,0,0,0,0,1
16113,0,0,0,0,1
16114,0,0,0,0,1
16115,0,0,0,0,1
16116,0,0,0,0,1
16117,0,0,0,0,1
16118,0,0,0,0,1
16119,0,0,0,0,1
16120,0,0,0,0,1
16121,0,0,0,0,1
16122,0,0,0,0,1
16123,0,0,0,0,1
16124,0,0,0,0,1
16125,0,0,0,0,1
16126,0,0,0,0,1
16127,0,0,0,0,1
16128,0,0,0,0,1
16129,0,0,0,0,1
16130,0,0,0,0,1
16131,0,0,0,0,1
16132,0,0,0,0,1
16133,0,0,0,0,1
16134,0,0,0,0,1
16135,0,0,0,0,1
16136,0,0,0,0,1
16137,0,0,0,0,1
16138,0,0,0,0,1
16139,0,0,0,0,1
16140,0,0,0,0,1
16141,0,0,0,0,1
16142,0,0,0,0,1
16143,0,0,0,0,1
16144,0,0,0,0,1
16145,0,0,0,0,1
16146,0,0,0,0,1
16147,0,0,0,0,1
16148,0,0,0,0,1
16149,0,0,0,0,1
16150,0,0,0,0,1
16151,0,0,0,0,1
16152,0,0,0,0,1
16153,0,0,0,0,1
16154,0,0,0,0,1
16155,0,0,0,0,1
16156,0,0,0,0,1
16157,0,0,0,0,1
16158,0,0,0,0,1
16159,0,0,0,0,1
16160,0,0,0,0,1
16161,0,0,0,0,1
16162,0,0,0,0,1
16163,0,0,0,0,1
16164,0,0,0,0,1
16165,0,0,0,0,1
16166,0,0,0,0,1
16167,0,0,0,0,1
16168,0,0,0,0,1
16169,0,0,0,0,1
16170,0,0,0,0,1
16171,0,0,0,0,1
16172,0,0,0,0,1
16173,0,0,0,0,1
16174,0,0,0,0,1
16175,0,0,0,0,1
16176,0,0,0,0,1
16177,0,0,0,0,1
16178,0,0,0,0,1
16179,0,0,0,0,1
16180,0,0,0,0,1
16181,0,0,0,0,1
16182,0,0,0,0,1
16183,0,0,0,0,1
16184,0,0,0,0,1
16185,0,0,0,0,1
16186,0,0,0,0,1
16187,0,0,0,0,1
16188,0,0,0,0,1
16189,0,0,0,0,1
16190,0,0,0,0,1
16191,0,0,0,0,1
16192,0,0,0,0,1
16193,0,0,0,0,1
16194,0,0,0,0,1
16195,0,0,0,0,1
16196,0,0,0,0,1
16197,0,0,0,0,1
16198,0,0,0,0,1
16199,0,0,0,0,1
16200,0,0,0,0,1
16201,0,0,0,0,1
16202,0,0,0,0,1
16203,0,0,0,0,1
16204,0,0,0,0,1
16205,0,0,0,0,1
16206,0,0,0,0,1
16207,0,0,0,0,1
16208,0,0,0,0,1
16209,0,0,0,0,1
16210,0,0,0,0,1
16211,0,0,0,0,1
16212,0,0,0,0,1
16213,0,0,0,0,1
16214,0,0,0,0,1
16215,0,0,0,0,1
16216,0,0,0,0,1
16217,0,0,0,0,1
16218,0,0,0,0,1
16219,0,0,0,0,1
16220,0,0,0,0,1
16221,0,0,0,0,1
16222,0,0,0,0,1
16223,0,0,0,0,1
16224,0,0,0,0,1
16225,0,0,0,0,1
16226,0,0,0,0,1
16227,0,0,0,0,1
16228,0,0,0,0,1
16229,0,0,0,0,1
16230,0,0,0,0,1
16231,0,0,0,0,1
16232,0,0,0,0,1
16233,0,0,0,0,1
16234,0,0,0,0,1
16235,0,0,0,0,1
16236,0,0,0,0,1
16237,0,0,0,0,1
16238,0,0,0,0,1
16239,0,0,0,0,1
16240,0,0,0,0,1
16241,0,0,0,0,1
16242,0,0,0,0,1
16243,0,0,0,0,1
16244,0,0,0,0,1
16245,0,0,0,0,1
16246,0,0,0,0,1
16247,0,0,0,0,1
16248,0,0,0,0,1
16249,0,0,0,0,1
16250,0,0,0,0,1
16251,0,0,0,0,1
16252,0,0,0,0,1
16253,0,0,0,0,1
16254,0,0,0,0,1
16255,0,0,0,0,1
16256,0,0,0,0,1
16257,0,0,0,0,1
16258,0,0,0,0,1
16259,0,0,0,0,1
16260,0,0,0,0,1
16261,0,0,0,0,1
16262,0,0,0,0,1
16263,0,0,0,0,1
16264,0,0,0,0,1
16265,0,0,0,0,1
16266,0,0,0,0,1
16267,0,0,0,0,1
16268,0,0,0,0,1
16269,0,0,0,0,1
16270,0,0,0,0,1
16271,0,0,0,0,1
16272,0,0,0,0,1
16273,0,0,0,0,1
16274,0,0,0,0,1
16275,0,0,0,0,1
16276,0,0,0,0,1
16277,0,0,0,0,1
16278,0,0,0,0,1
16279,0,0,0,0,1
16280,0,0,0,0,1
16281,0,0,0,0,1
16282,0,0,0,0,1
16283,0,0,0,0,1
16284,0,0,0,0,1
16285,0,0,0,0,1
16286,0,0,0,0,1
16287,0,0,0,0,1
16288,1,0,0,0,0
16289,1,0,0,0,0
16290,1,0,0,0,0
16291,1,0,0,0,0
16292,1,0,0,0,0
16293,1,0,0,0,0
16294,1,0,0,0,0
16295,1,0,0,0,0
16296,1,0,0,0,0
16297,1,0,0,0,0
16298,1,0,0,0,0
16299,1,0,0,0,0
16300,1,0,0,0,0
16301,1,0,0,0,0
16302,1,0,0,0,0
16303,1,0,0,0,0
16304,1,0,0,0,0
16305,1,0,0,0,0
16306,1,0,0,0,0
16307,1,0,0,0,0
16308,1,0,0,0,0
16309,1,0,0,0,0
16310,1,0,0,0,0
16311,1,0,0,0,0
16312,1,0,0,0,0
16313,1,0,0,0,0
16314,1,0,0,0,0
16315,1,0,0,0,0
16316,1,0,0,0,0
16317,1,0,0,0,0
16318,1,0,0,0,0
16319,1,0,0,0,0
16320,1,0,0,0,0
16321,1,0,0,0,0
16322,1,0,0,0,0
16323,1,0,0,0,0
16324,1,0,0,0,0
16325,1,0,0,0,0
16326,1,0,0,0,0
16327,1,0,0,0,0
16328,1,0,0,0,0
16329,1,0,0,0,0
16330,1,0,0,0,0
16331,1,0,0,0,0
16332,1,0,0,0,0
16333,1,0,0,0,0
16334,1,0,0,0,0
16335,1,0,0,0,0
16336,1,0,0,0,0
16337,1,0,0,0,0
16338,1,0,0,0,0
16339,1,0,0,0,0
16340,1,0,0,0,0
16341,1,0,0,0,0
16342,1,0,0,0,0
16343,1,0,0,0,0
16344,1,0,0,0,0
16345,1,0,0,0,0
16346,1,0,0,0,0
16347,1,0,0,0,0
16348,1,0,0,0,0
16349,1,0,0,0,0
16350,1,0,0,0,0
16351,1,0,0,0,0
16352,1,0,0,0,0
16353,1,0,0,0,0
16354,1,0,0,0,0
16355,1,0,0,0,0
16356,1,0,0,0,0
16357,1,0,0,0,0
16358,1,0,0,0,0
16359,1,0,0,0,0
16360,1,0,0,0,0
16361,1,0,0,0,0
16362,1,0,0,0,0
16363,1,0,0,0,0
16364,1,0,0,0,0
16365,1,0,0,0,0
16366,1,0,0,0,0
16367,1,0,0,0,0
16368,1,0,0,0,0
16369,1,0,0,0,0
16370,0,0,0,0,1
16371,0,0,0,0,1
16372,0,0,0,0,1
16373,0,0,0,0,1
16374,0,0,0,0,1
16375,0,0,0,0,1
16376,0,0,0,0,1
16377,0,0,0,0,1
16378,0,0,0,0,1
16379,0,0,0,0,1
16380,0,0,0,0,1
16381,0,0,0,0,1
16382,0,0,0,0,1
16383,0,0,0,0,1
16384,0,0,0,0,1
16385,0,0,0,0,1
16386,0,0,0,0,1
16387,0,0,0,0,1
16388,0,0,0,0,1
16389,0,0,0,0,1
16390,0,0,0,0,1
16391,0,0,0,0,1
16392,0,0,0,0,1
16393,0,0,0,0,1
16394,0,0,0,0,1
16395,0,0,0,0,1
16396,0,0,0,0,1
16397,0,0,0,0,1
16398,0,0,0,0,1
16399,0,0,0,0,1
16400,0,0,0,0,1
16401,0,0,0,0,1
16402,0,0,0,0,1
16403,0,0,0,0,1
16404,0,0,0,0,1
16405,0,0,0,0,1
16406,0,0,0,0,1
16407,0,0,0,0,1
16408,0,0,0,0,1
16409,0,0,0,0,1
16410,0,0,0,0,1
16411,0,0,0,0,1
16412,0,0,0,0,1
16413,0,0,0,0,1
16414,0,0,0,0,1
16415,0,0,0,0,1
16416,0,0,0,0,1
16417,0,0,0,0,1
16418,0,0,0,0,1
16419,0,0,0,0,1
16420,0,0,0,0,1
16421,0,0,0,0,1
16422,0,0,0,0,1
16423,0,0,0,0,1
16424,0,0,0,0,1
16425,0,0,0,0,1
16426,0,0,0,0,1
16427,0,0,0,0,1
16428,0,0,0,0,1
16429,0,0,0,0,1
16430,0,0,0,0,1
16431,0,0,0,0,1
16432,0,0,0,0,1
16433,0,0,0,0,1
16434,0,0,0,0,1
16435,0,0,0,0,1
16436,0,0,0,0,1
16437,0,0,0,0,1
16438,0,0,0,0,1
16439,0,0,0,0,1
16440,0,0,0,0,1
16441,0,0,0,0,1
16442,0,0,0,0,1
16443,0,0,0,0,1
16444,0,0,0,0,1
16445,0,0,0,0,1
16446,0,0,0,0,1
16447,0,0,0,0,1
16448,0,0,0,0,1
16449,0,0,0,0,1
16450,0,0,0,0,1
16451,0,0,0,0,1
16452,0,0,0,0,1
16453,0,0,0,0,1
16454,0,0,0,0,1
16455,0,0,0,0,1
16456,0,0,0,0,1
16457,0,0,0,0,1
16458,0,0,0,0,1
16459,0,0,0,0,1
16460,0,0,0,0,1
16461,0,0,0,0,1
16462,0,0,0,0,1
16463,0,0,0,0,1
16464,0,0,0,0,1
16465,0,0,0,0,1
16466,0,0,0,0,1
16467,0,0,0,0,1
16468,0,0,0,0,1
16469,0,0,0,0,1
16470,0,0,0,0,1
16471,0,0,0,0,1
16472,0,0,0,0,1
16473,0,0,0,0,1
16474,0,0,0,0,1
16475,0,0,0,0,1
16476,0,0,0,0,1
16477,0,0,0,0,1
16478,0,0,0,0,1
16479,0,0,0,0,1
16480,0,0,0,0,1
16481,0,0,0,0,1
16482,0,0,0,0,1
16483,0,0,0,0,1
16484,0,0,0,0,1
16485,0,0,0,0,1
16486,0,0,0,0,1
16487,0,0,0,0,1
16488,0,0,0,0,1
16489,0,0,0,0,1
16490,0,0,0,0,1
16491,0,0,0,0,1
16492,0,0,0,0,1
16493,0,0,0,0,1
16494,1,0,0,0,0
16495,1,0,0,0,0
16496,1,0,0,0,0
16497,1,0,0,0,0
16498,1,0,0,0,0
16499,1,0,0,0,0
16500,1,0,0,0,0
16501,1,0,0,0,0
16502,1,0,0,0,0
16503,1,0,0,0,0
16504,1,0,0,0,0
16505,1,0,0,0,0
16506,1,0,0,0,0
16507,1,0,0,0,0
16508,1,0,0,0,0
16509,1,0,0,0,0
16510,1,0,0,0,0
16511,1,0,0,0,0
16512,1,0,0,0,0
16513,1,0,0,0,0
16514,1,0,0,0,0
16515,1,0,0,0,0
16516,1,0,0,0,0
16517,1,0,0,0,0
16518,1,0,0,0,0
16519,1,0,0,0,0
16520,1,0,0,0,0
16521,1,0,0,0,0
16522,1,0,0,0,0
16523,1,0,0,0,0
16524,1,0,0,0,0
16525,1,0,0,0,0
16526,1,0,0,0,0
16527,1,0,0,0,0
16528,1,0,0,0,0
16529,1,0,0,0,0
16530,1,0,0,0,0
16531,1,0,0,0,0
16532,1,0,0,0,0
16533,1,0,0,0,0
16534,1,0,0,0,0
16535,1,0,0,0,0
16536,1,0,0,0,0
16537,1,0,0,0,0
16538,1,0,0,0,0
16539,1,0,0,0,0
16540,1,0,0,0,0
16541,1,0,0,0,0
16542,1,0,0,0,0
16543,1,0,0,0,0
16544,1,0,0,0,0
16545,1,0,0,0,0
16546,1,0,0,0,0
16547,1,0,0,0,0
16548,1,0,0,0,0
16549,1,0,0,0,0
16550,1,0,0,0,0
16551,1,0,0,0,0
16552,1,0,0,0,0
16553,1,0,0,0,0
16554,1,0,0,0,0
16555,1,0,0,0,0
16556,1,0,0,0,0
16557,1,0,0,0,0
16558,1,0,0,0,0
16559,1,0,0,0,0
16560,1,0,0,0,0
16561,1,0,0,0,0
16562,1,0,0,0,0
16563,1,0,0,0,0
16564,1,0,0,0,0
16565,1,0,0,0,0
16566,1,0,0,0,0
16567,1,0,0,0,0
16568,1,0,0,0,0
16569,1,0,0,0,0
16570,1,0,0,0,0
16571,1,0,0,0,0
16572,1,0,0,0,0
16573,1,0,0,0,0
16574,1,0,0,0,0
16575,1,0,0,0,0
16576,1,0,0,0,0
16577,1,0,0,0,0
16578,1,0,0,0,0
16579,1,0,0,0,0
16580,1,0,0,0,0
16581,1,0,0,0,0
16582,1,0,0,0,0
16583,1,0,0,0,0
16584,1,0,0,0,0
16585,1,0,0,0,0
16586,1,0,0,0,0
16587,1,0,0,0,0
16588,1,0,0,0,0
16589,1,0,0,0,0
16590,1,0,0,0,0
16591,1,0,0,0,0
16592,1,0,0,0,0
16593,1,0,0,0,0
16594,1,0,0,0,0
16595,1,0,0,0,0
16596,1,0,0,0,0
16597,1,0,0,0,0
16598,1,0,0,0,0
16599,1,0,0,0,0
16600,1,0,0,0,0
16601,1,0,0,0,0
16602,1,0,0,0,0
16603,1,0,0,0,0
16604,1,0,0,0,0
16605,1,0,0,0,0
16606,1,0,0,0,0
16607,1,0,0,0,0
16608,1,0,0,0,0
16609,1,0,0,0,0
16610,1,0,0,0,0
16611,1,0,0,0,0
16612,1,0,0,0,0
16613,1,0,0,0,0
16614,1,0,0,0,0
16615,1,0,0,0,0
16616,1,0,0,0,0
16617,1,0,0,0,0
16618,1,0,0,0,0
16619,1,0,0,0,0
16620,1,0,0,0,0
16621,1,0,0,0,0
16622,1,0,0,0,0
16623,1,0,0,0,0
16624,1,0,0,0,0
16625,1,0,0,0,0
16626,1,0,0,0,0
16627,1,0,0,0,0
16628,1,0,0,0,0
16629,1,0,0,0,0
16630,1,0,0,0,0
16631,1,0,0,0,0
16632,1,0,0,0,0
16633,1,0,0,0,0
16634,1,0,0,0,0
16635,1,0,0,0,0
16636,1,0,0,0,0
16637,1,0,0,0,0
16638,1,0,0,0,0
16639,1,0,0,0,0
16640,1,0,0,0,0
16641,1,0,0,0,0
16642,1,0,0,0,0
16643,1,0,0,0,0
16644,1,0,0,0,0
16645,1,0,0,0,0
16646,1,0,0,0,0
16647,1,0,0,0,0
16648,1,0,0,0,0
16649,1,0,0,0,0
16650,1,0,0,0,0
16651,1,0,0,0,0
16652,1,0,0,0,0
16653,1,0,0,0,0
16654,1,0,0,0,0
16655,1,0,0,0,0
16656,1,0,0,0,0
16657,1,0,0,0,0
16658,1,0,0,0,0
16659,1,0,0,0,0
16660,1,0,0,0,0
16661,1,0,0,0,0
16662,1,0,0,0,0
16663,1,0,0,0,0
16664,1,0,0,0,0
16665,1,0,0,0,0
16666,1,0,0,0,0
16667,1,0,0,0,0
16668,1,0,0,0,0
16669,1,0,0,0,0
16670,1,0,0,0,0
16671,1,0,0,0,0
16672,1,0,0,0,0
16673,1,0,0,0,0
16674,1,0,0,0,0
16675,1,0,0,0,0
16676,1,0,0,0,0
16677,1,0,0,0,0
16678,1,0,0,0,0
16679,1,0,0,0,0
16680,1,0,0,0,0
16681,1,0,0,0,0
16682,1,0,0,0,0
16683,1,0,0,0,0
16684,1,0,0,0,0
16685,1,0,0,0,0
16686,1,0,0,0,0
16687,1,0,0,0,0
16688,1,0,0,0,0
16689,1,0,0,0,0
16690,1,0,0,0,0
16691,1,0,0,0,0
16692,1,0,0,0,0
16693,1,0,0,0,0
16694,1,0,0,0,0
16695,1,0,0,0,0
16696,1,0,0,0,0
16697,1,0,0,0,0
16698,1,0,0,0,0
16699,1,0,0,0,0
16700,1,0,0,0,0
16701,1,0,0,0,0
16702,1,0,0,0,0
16703,1,0,0,0,0
16704,1,0,0,0,0
16705,1,0,0,0,0
16706,1,0,0,0,0
16707,1,0,0,0,0
16708,1,0,0,0,0
16709,1,0,0,0,0
16710,1,0,0,0,0
16711,1,0,0,0,0
16712,1,0,0,0,0
16713,1,0,0,0,0
16714,1,0,0,0,0
16715,1,0,0,0,0
16716,1,0,0,0,0
16717,1,0,0,0,0
16718,1,0,0,0,0
16719,1,0,0,0,0
16720,1,0,0,0,0
16721,1,0,0,0,0
16722,1,0,0,0,0
16723,1,0,0,0,0
16724,1,0,0,0,0
16725,1,0,0,0,0
16726,1,0,0,0,0
16727,1,0,0,0,0
16728,1,0,0,0,0
16729,1,0,0,0,0
16730,1,0,0,0,0
16731,1,0,0,0,0
16732,1,0,0,0,0
16733,1,0,0,0,0
16734,1,0,0,0,0
16735,1,0,0,0,0
16736,1,0,0,0,0
16737,1,0,0,0,0
16738,1,0,0,0,0
16739,1,0,0,0,0
16740,0,0,0,0,1
16741,0,0,0,0,1
16742,0,0,0,0,1
16743,0,0,0,0,1
16744,0,0,0,0,1
16745,0,0,0,0,1
16746,0,0,0,0,1
16747,0,0,0,0,1
16748,0,0,0,0,1
16749,0,0,0,0,1
16750,0,0,0,0,1
16751,0,0,0,0,1
16752,0,0,0,0,1
16753,0,0,0,0,1
16754,0,0,0,0,1
16755,0,0,0,0,1
16756,1,0,0,0,0
16757,1,0,0,0,0
16758,1,0,0,0,0
16759,1,0,0,0,0
16760,1,0,0,0,0
16761,1,0,0,0,0
16762,0,1,0,0,0
16763,0,1,0,0,0
16764,0,1,0,0,0
16765,0,1,0,0,0
16766,0,1,0,0,0
16767,0,1,0,0,0
16768,0,1,0,0,0
16769,0,1,0,0,0
16770,0,1,0,0,0
16771,0,1,0,0,0
16772,0,1,0,0,0
16773,0,1,0,0,0
16774,0,1,0,0,0
16775,0,1,0,0,0
16776,0,1,0,0,0
16777,0,1,0,0,0
16778,0,1,0,0,0
16779,0,1,0,0,0
16780,0,1,0,0,0
16781,0,1,0,0,0
16782,0,1,0,0,0
16783,0,1,0,0,0
16784,0,1,0,0,0
16785,0,1,0,0,0
16786,0,1,0,0,0
16787,0,1,0,0,0
16788,0,1,0,0,0
16789,0,1,0,0,0
16790,0,1,0,0,0
16791,0,1,0,0,0
16792,0,1,0,0,0
16793,0,1,0,0,0
16794,0,1,0,0,0
16795,0,1,0,0,0
16796,0,1,0,0,0
16797,0,1,0,0,0
16798,1,0,0,0,0
16799,1,0,0,0,0
16800,1,0,0,0,0
16801,1,0,0,0,0
16802,1,0,0,0,0
16803,1,0,0,0,0
16804,1,0,0,0,0
16805,1,0,0,0,0
16806,1,0,0,0,0
16807,0,0,0,1,0
16808,0,0,0,1,0
16809,0,0,0,1,0
16810,0,0,0,1,0
16811,0,0,0,1,0
16812,0,0,0,1,0
16813,0,0,0,1,0
16814,0,0,0,1,0
16815,0,0,0,1,0
16816,0,0,0,1,0
16817,0,0,0,1,0
16818,0,0,0,1,0
16819,0,0,0,1,0
16820,0,0,0,1,0
16821,0,0,0,1,0
16822,0,0,0,1,0
16823,0,0,0,1,0
16824,0,0,0,1,0
16825,0,0,0,1,0
16826,0,0,0,1,0
16827,0,0,0,1,0
16828,0,0,0,1,0
16829,0,0,0,1,0
16830,0,0,0,1,0
16831,0,0,0,1,0
16832,0,0,0,1,0
16833,0,0,0,1,0
16834,0,0,0,1,0
16835,0,0,0,1,0
16836,0,0,0,1,0
16837,0,0,0,1,0
16838,0,0,0,1,0
16839,0,0,0,1,0
16840,0,0,0,1,0
16841,0,0,0,1,0
16842,0,0,0,1,0
16843,0,0,0,1,0
16844,0,0,0,1,0
16845,0,0,0,1,0
16846,0,0,0,1,0
16847,0,0,0,1,0
16848,0,0,0,1,0
16849,0,0,0,1,0
16850,0,0,0,1,0
16851,0,0,0,1,0
16852,0,0,0,1,0
16853,0,0,0,1,0
16854,0,0,0,1,0
16855,0,0,0,1,0
16856,0,0,0,1,0
16857,0,0,0,1,0
16858,0,0,0,1,0
16859,0,0,0,1,0
16860,0,0,0,1,0
16861,0,0,0,1,0
16862,0,0,0,1,0
16863,0,0,0,1,0
16864,0,0,0,1,0
16865,0,0,0,1,0
16866,0,0,0,1,0
16867,0,0,0,1,0
16868,0,0,0,1,0
16869,0,0,0,1,0
16870,0,0,0,1,0
16871,0,0,0,1,0
16872,0,0,0,1,0
16873,0,0,0,1,0
16874,0,0,0,1,0
16875,0,0,0,1,0
16876,0,0,0,1,0
16877,0,0,0,1,0
16878,0,0,0,1,0
16879,0,0,0,1,0
16880,0,0,0,1,0
16881,0,0,0,1,0
16882,0,0,0,1,0
16883,0,0,0,1,0
16884,0,0,0,1,0
16885,0,0,0,1,0
16886,0,0,0,1,0
16887,0,0,0,1,0
16888,0,0,0,1,0
16889,0,0,0,1,0
16890,0,0,0,1,0
16891,0,0,0,1,0
16892,0,0,0,1,0
16893,0,0,0,1,0
16894,0,0,0,1,0
16895,0,0,0,1,0
16896,0,0,0,1,0
16897,0,0,0,1,0
16898,0,0,0,1,0
16899,0,0,0,1,0
16900,0,0,0,1,0
16901,0,0,0,1,0
16902,0,0,0,1,0
16903,0,0,0,1,0
16904,0,0,0,1,0
16905,0,0,0,1,0
16906,0,0,0,1,0
16907,0,0,0,1,0
16908,0,0,0,1,0
16909,0,0,0,1,0
16910,0,0,0,1,0
16911,0,0,0,1,0
16912,0,0,0,1,0
16913,0,0,0,1,0
16914,0,0,0,1,0
16915,0,0,0,1,0
16916,0,0,0,1,0
16917,0,0,0,1,0
16918,0,0,0,1,0
16919,0,0,0,1,0
16920,0,0,0,1,0
16921,0,0,0,1,0
16922,0,0,0,1,0
16923,0,0,0,1,0
16924,0,0,0,1,0
16925,0,0,0,1,0
16926,0,0,0,1,0
16927,0,0,0,1,0
16928,0,0,0,1,0
16929,0,0,0,1,0
16930,0,0,0,1,0
16931,0,0,0,1,0
16932,0,0,0,1,0
16933,0,0,0,1,0
16934,0,0,0,1,0
16935,0,0,0,1,0
16936,0,0,0,1,0
16937,0,0,0,1,0
16938,0,0,0,1,0
16939,0,0,0,1,0
16940,0,0,0,1,0
16941,0,0,0,1,0
16942,0,0,0,1,0
16943,0,0,0,1,0
16944,0,0,0,1,0
16945,0,0,0,1,0
16946,0,0,0,1,0
16947,0,0,0,1,0
16948,0,0,0,1,0
16949,0,0,0,1,0
16950,0,0,0,1,0
16951,0,0,0,1,0
16952,0,0,0,1,0
16953,0,0,0,1,0
16954,0,0,0,1,0
16955,0,0,0,1,0
16956,0,0,0,1,0
16957,0,0,0,1,0
16958,0,0,0,1,0
16959,0,0,0,1,0
16960,0,0,0,1,0
16961,0,0,0,1,0
16962,0,0,0,1,0
16963,0,0,0,1,0
16964,0,0,0,1,0
16965,0,0,0,1,0
16966,0,0,0,1,0
16967,0,0,0,1,0
16968,0,0,0,1,0
16969,0,0,0,1,0
16970,0,0,0,1,0
16971,0,0,0,1,0
16972,0,0,0,1,0
16973,0,0,0,1,0
16974,0,0,0,1,0
16975,0,0,0,1,0
16976,0,0,0,1,0
16977,0,0,0,1,0
16978,0,0,0,1,0
16979,0,0,0,1,0
16980,1,0,0,0,0
16981,1,0,0,0,0
16982,1,0,0,0,0
16983,1,0,0,0,0
16984,1,0,0,0,0
16985,1,0,0,0,0
16986,1,0,0,0,0
16987,1,0,0,0,0
16988,1,0,0,0,0
16989,1,0,0,0,0
16990,1,0,0,0,0
16991,1,0,0,0,0
16992,1,0,0,0,0
16993,1,0,0,0,0
16994,1,0,0,0,0
16995,1,0,0,0,0
16996,1,0,0,0,0
16997,1,0,0,0,0
16998,1,0,0,0,0
16999,1,0,0,0,0
17000,1,0,0,0,0
17001,1,0,0,0,0
17002,1,0,0,0,0
17003,1,0,0,0,0
17004,1,0,0,0,0
17005,1,0,0,0,0
17006,1,0,0,0,0
17007,1,0,0,0,0
17008,1,0,0,0,0
17009,1,0,0,0,0
17010,1,0,0,0,0
17011,1,0,0,0,0
17012,1,0,0,0,0
17013,1,0,0,0,0
17014,1,0,0,0,0
17015,1,0,0,0,0
17016,1,0,0,0,0
17017,1,0,0,0,0
17018,1,0,0,0,0
17019,1,0,0,0,0
17020,1,0,0,0,0
17021,1,0,0,0,0
17022,1,0,0,0,0
17023,1,0,0,0,0
17024,1,0,0,0,0
17025,1,0,0,0,0
17026,1,0,0,0,0
17027,1,0,0,0,0
17028,1,0,0,0,0
17029,1,0,0,0,0
17030,1,0,0,0,0
17031,1,0,0,0,0
17032,1,0,0,0,0
17033,1,0,0,0,0
17034,1,0,0,0,0
17035,1,0,0,0,0
17036,1,0,0,0,0
17037,1,0,0,0,0
17038,1,0,0,0,0
17039,1,0,0,0,0
17040,1,0,0,0,0
17041,1,0,0,0,0
17042,1,0,0,0,0
17043,1,0,0,0,0
17044,1,0,0,0,0
17045,1,0,0,0,0
17046,1,0,0,0,0
17047,1,0,0,0,0
17048,1,0,0,0,0
17049,1,0,0,0,0
17050,1,0,0,0,0
17051,1,0,0,0,0
17052,1,0,0,0,0
17053,1,0,0,0,0
17054,1,0,0,0,0
17055,1,0,0,0,0
17056,1,0,0,0,0
17057,1,0,0,0,0
17058,1,0,0,0,0
17059,1,0,0,0,0
17060,1,0,0,0,0
17061,1,0,0,0,0
17062,1,0,0,0,0
17063,1,0,0,0,0
17064,1,0,0,0,0
17065,1,0,0,0,0
17066,1,0,0,0,0
17067,1,0,0,0,0
17068,1,0,0,0,0
17069,1,0,0,0,0
17070,1,0,0,0,0
17071,1,0,0,0,0
17072,1,0,0,0,0
17073,1,0,0,0,0
17074,1,0,0,0,0
17075,1,0,0,0,0
17076,1,0,0,0,0
17077,1,0,0,0,0
17078,1,0,0,0,0
17079,1,0,0,0,0
17080,1,0,0,0,0
17081,1,0,0,0,0
17082,1,0,0,0,0
17083,1,0,0,0,0
17084,1,0,0,0,0
17085,1,0,0,0,0
17086,1,0,0,0,0
17087,1,0,0,0,0
17088,1,0,0,0,0
17089,1,0,0,0,0
17090,1,0,0,0,0
17091,1,0,0,0,0
17092,1,0,0,0,0
17093,1,0,0,0,0
17094,1,0,0,0,0
17095,1,0,0,0,0
17096,1,0,0,0,0
17097,1,0,0,0,0
17098,1,0,0,0,0
17099,1,0,0,0,0
17100,1,0,0,0,0
17101,1,0,0,0,0
17102,1,0,0,0,0
17103,1,0,0,0,0
17104,1,0,0,0,0
17105,1,0,0,0,0
17106,1,0,0,0,0
17107,1,0,0,0,0
17108,1,0,0,0,0
17109,1,0,0,0,0
17110,1,0,0,0,0
17111,1,0,0,0,0
17112,1,0,0,0,0
17113,1,0,0,0,0
17114,1,0,0,0,0
17115,1,0,0,0,0
17116,1,0,0,0,0
17117,1,0,0,0,0
17118,1,0,0,0,0
17119,1,0,0,0,0
17120,1,0,0,0,0
17121,1,0,0,0,0
17122,1,0,0,0,0
17123,1,0,0,0,0
17124,1,0,0,0,0
17125,1,0,0,0,0
17126,1,0,0,0,0
17127,1,0,0,0,0
17128,1,0,0,0,0
17129,1,0,0,0,0
17130,1,0,0,0,0
17131,1,0,0,0,0
17132,1,0,0,0,0
17133,1,0,0,0,0
17134,1,0,0,0,0
17135,1,0,0,0,0
17136,1,0,0,0,0
17137,1,0,0,0,0
17138,1,0,0,0,0
17139,1,0,0,0,0
17140,1,0,0,0,0
17141,1,0,0,0,0
17142,0,0,0,0,1
17143,0,0,0,0,1
17144,0,0,0,0,1
17145,0,0,0,0,1
17146,0,0,0,0,1
17147,0,0,0,0,1
17148,0,0,0,0,1
17149,0,0,0,0,1
17150,0,0,0,0,1
17151,0,0,0,0,1
17152,0,0,0,0,1
17153,0,0,0,0,1
17154,0,0,0,0,1
17155,0,0,0,0,1
17156,0,0,0,0,1
17157,0,0,0,0,1
17158,0,0,0,0,1
17159,0,0,0,0,1
17160,0,0,0,0,1
17161,0,0,0,0,1
17162,0,0,0,0,1
17163,0,0,0,0,1
17164,0,0,0,0,1
17165,1,0,0,0,0
17166,1,0,0,0,0
17167,1,0,0,0,0
17168,1,0,0,0,0
17169,1,0,0,0,0
17170,1,0,0,0,0
17171,1,0,0,0,0
17172,1,0,0,0,0
17173,1,0,0,0,0
17174,1,0,0,0,0
17175,1,0,0,0,0
17176,1,0,0,0,0
17177,1,0,0,0,0
17178,1,0,0,0,0
17179,1,0,0,0,0
17180,1,0,0,0,0
17181,1,0,0,0,0
17182,1,0,0,0,0
17183,1,0,0,0,0
17184,1,0,0,0,0
17185,1,0,0,0,0
17186,1,0,0,0,0
17187,1,0,0,0,0
17188,1,0,0,0,0
17189,1,0,0,0,0
17190,1,0,0,0,0
17191,1,0,0,0,0
17192,1,0,0,0,0
17193,1,0,0,0,0
17194,1,0,0,0,0
17195,1,0,0,0,0
17196,1,0,0,0,0
17197,1,0,0,0,0
17198,1,0,0,0,0
17199,1,0,0,0,0
17200,1,0,0,0,0
17201,1,0,0,0,0
17202,1,0,0,0,0
17203,1,0,0,0,0
17204,1,0,0,0,0
17205,1,0,0,0,0
17206,1,0,0,0,0
17207,1,0,0,0,0
17208,1,0,0,0,0
17209,1,0,0,0,0
17210,1,0,0,0,0
17211,1,0,0,0,0
17212,1,0,0,0,0
17213,1,0,0,0,0
17214,1,0,0,0,0
17215,1,0,0,0,0
17216,1,0,0,0,0
17217,1,0,0,0,0
17218,1,0,0,0,0
17219,1,0,0,0,0
17220,1,0,0,0,0
17221,1,0,0,0,0
17222,1,0,0,0,0
17223,1,0,0,0,0
17224,1,0,0,0,0
17225,1,0,0,0,0
17226,1,0,0,0,0
17227,1,0,0,0,0
17228,1,0,0,0,0
17229,1,0,0,0,0
17230,1,0,0,0,0
17231,1,0,0,0,0
17232,1,0,0,0,0
17233,1,0,0,0,0
17234,1,0,0,0,0
17235,1,0,0,0,0
17236,1,0,0,0,0
17237,1,0,0,0,0
17238,1,0,0,0,0
17239,1,0,0,0,0
17240,1,0,0,0,0
17241,1,0,0,0,0
17242,1,0,0,0,0
17243,1,0,0,0,0
17244,1,0,0,0,0
17245,1,0,0,0,0
17246,1,0,0,0,0
17247,1,0,0,0,0
17248,1,0,0,0,0
17249,1,0,0,0,0
17250,1,0,0,0,0
17251,1,0,0,0,0
17252,1,0,0,0,0
17253,1,0,0,0,0
17254,1,0,0,0,0
17255,1,0,0,0,0
17256,1,0,0,0,0
17257,1,0,0,0,0
17258,1,0,0,0,0
17259,1,0,0,0,0
17260,1,0,0,0,0
17261,1,0,0,0,0
17262,1,0,0,0,0
17263,1,0,0,0,0
17264,1,0,0,0,0
17265,1,0,0,0,0
17266,1,0,0,0,0
17267,1,0,0,0,0
17268,1,0,0,0,0
17269,1,0,0,0,0
17270,1,0,0,0,0
17271,1,0,0,0,0
17272,1,0,0,0,0
17273,1,0,0,0,0
17274,1,0,0,0,0
17275,1,0,0,0,0
17276,1,0,0,0,0
17277,1,0,0,0,0
17278,1,0,0,0,0
17279,1,0,0,0,0
17280,1,0,0,0,0
17281,1,0,0,0,0
17282,1,0,0,0,0
17283,1,0,0,0,0
17284,1,0,0,0,0
17285,1,0,0,0,0
17286,1,0,0,0,0
17287,1,0,0,0,0
17288,1,0,0,0,0
17289,1,0,0,0,0
17290,1,0,0,0,0
17291,1,0,0,0,0
17292,1,0,0,0,0
17293,1,0,0,0,0
17294,1,0,0,0,0
17295,1,0,0,0,0
17296,1,0,0,0,0
17297,1,0,0,0,0
17298,1,0,0,0,0
17299,1,0,0,0,0
17300,1,0,0,0,0
17301,1,0,0,0,0
17302,1,0,0,0,0
17303,1,0,0,0,0
17304,1,0,0,0,0
17305,1,0,0,0,0
17306,1,0,0,0,0
17307,1,0,0,0,0
17308,1,0,0,0,0
17309,1,0,0,0,0
17310,0,0,0,0,1
17311,0,0,0,0,1
17312,0,0,0,0,1
17313,0,0,0,0,1
17314,0,0,0,0,1
17315,0,0,0,0,1
17316,0,0,0,0,1
17317,0,0,0,0,1
17318,0,0,0,0,1
17319,0,0,0,0,1
17320,0,0,0,0,1
17321,0,0,0,0,1
17322,0,0,0,0,1
17323,0,0,0,0,1
17324,0,0,0,0,1
17325,0,0,0,0,1
17326,0,0,0,0,1
17327,0,0,0,0,1
17328,0,0,0,0,1
17329,0,0,0,0,1
17330,0,0,0,0,1
17331,0,0,0,0,1
17332,0,0,0,0,1
17333,0,0,0,0,1
17334,0,0,0,0,1
17335,0,0,0,0,1
17336,0,0,0,0,1
17337,0,0,0,0,1
17338,0,0,0,0,1
17339,0,0,0,0,1
17340,0,0,0,0,1
17341,0,0,0,0,1
17342,0,0,0,0,1
17343,0,0,0,0,1
17344,0,0,0,0,1
17345,0,0,0,0,1
17346,0,0,0,0,1
17347,0,0,0,0,1
17348,0,0,0,0,1
17349,0,0,0,0,1
17350,0,0,0,0,1
17351,0,0,0,0,1
17352,0,0,0,0,1
17353,0,0,0,0,1
17354,0,0,0,0,1
17355,0,0,0,0,1
17356,0,0,0,0,1
17357,0,0,0,0,1
17358,0,0,0,0,1
17359,0,0,0,0,1
17360,0,0,0,0,1
17361,0,0,0,0,1
17362,0,0,0,0,1
17363,0,0,0,0,1
17364,0,0,0,0,1
17365,0,0,0,0,1
17366,0,0,0,0,1
17367,0,0,0,0,1
17368,0,0,0,0,1
17369,0,0,0,0,1
17370,0,0,0,0,1
17371,0,0,0,0,1
17372,0,0,0,0,1
17373,0,0,0,0,1
17374,0,0,0,0,1
17375,0,0,0,0,1
17376,0,0,0,0,1
17377,0,0,0,0,1
17378,0,0,0,0,1
17379,0,0,0,0,1
17380,0,0,0,0,1
17381,0,0,0,0,1
17382,0,0,0,0,1
17383,0,0,0,0,1
17384,0,0,0,0,1
17385,0,0,0,0,1
17386,0,0,0,0,1
17387,0,0,0,0,1
17388,0,0,0,0,1
17389,1,0,0,0,0
17390,1,0,0,0,0
17391,1,0,0,0,0
17392,1,0,0,0,0
17393,1,0,0,0,0
17394,1,0,0,0,0
17395,1,0,0,0,0
17396,1,0,0,0,0
17397,1,0,0,0,0
17398,1,0,0,0,0
17399,1,0,0,0,0
17400,1,0,0,0,0
17401,1,0,0,0,0
17402,1,0,0,0,0
17403,1,0,0,0,0
17404,1,0,0,0,0
17405,1,0,0,0,0
17406,1,0,0,0,0
17407,1,0,0,0,0
17408,1,0,0,0,0
17409,1,0,0,0,0
17410,1,0,0,0,0
17411,1,0,0,0,0
17412,1,0,0,0,0
17413,1,0,0,0,0
17414,1,0,0,0,0
17415,1,0,0,0,0
17416,1,0,0,0,0
17417,1,0,0,0,0
17418,1,0,0,0,0
17419,1,0,0,0,0
17420,1,0,0,0,0
17421,1,0,0,0,0
17422,1,0,0,0,0
17423,1,0,0,0,0
17424,1,0,0,0,0
17425,0,1,0,0,0
17426,0,1,0,0,0
17427,0,1,0,0,0
17428,0,1,0,0,0
17429,0,1,0,0,0
17430,0,1,0,0,0
17431,0,1,0,0,0
17432,0,1,0,0,0
17433,0,1,0,0,0
17434,0,1,0,0,0
17435,0,1,0,0,0
17436,0,1,0,0,0
17437,0,1,0,0,0
17438,0,1,0,0,0
17439,0,1,0,0,0
17440,0,1,0,0,0
17441,0,1,0,0,0
17442,0,1,0,0,0
17443,0,1,0,0,0
17444,0,1,0,0,0
17445,0,1,0,0,0
17446,0,1,0,0,0
17447,0,1,0,0,0
17448,0,1,0,0,0
17449,0,1,0,0,0
17450,0,1,0,0,0
17451,0,1,0,0,0
17452,0,1,0,0,0
17453,0,1,0,0,0
17454,0,1,0,0,0
17455,0,1,0,0,0
17456,0,1,0,0,0
17457,0,1,0,0,0
17458,0,1,0,0,0
17459,0,1,0,0,0
17460,0,1,0,0,0
17461,0,1,0,0,0
17462,0,1,0,0,0
17463,0,1,0,0,0
17464,0,1,0,0,0
17465,0,1,0,0,0
17466,1,0,0,0,0
17467,1,0,0,0,0
17468,1,0,0,0,0
17469,1,0,0,0,0
17470,1,0,0,0,0
17471,1,0,0,0,0
17472,1,0,0,0,0
17473,1,0,0,0,0
17474,1,0,0,0,0
17475,1,0,0,0,0
17476,1,0,0,0,0
17477,1,0,0,0,0
17478,1,0,0,0,0
17479,1,0,0,0,0
17480,1,0,0,0,0
17481,1,0,0,0,0
17482,1,0,0,0,0
17483,1,0,0,0,0
17484,1,0,0,0,0
17485,1,0,0,0,0
17486,1,0,0,0,0
17487,1,0,0,0,0
17488,1,0,0,0,0
17489,1,0,0,0,0
17490,1,0,0,0,0
17491,1,0,0,0,0
17492,1,0,0,0,0
17493,1,0,0,0,0
17494,1,0,0,0,0
17495,1,0,0,0,0
17496,1,0,0,0,0
17497,1,0,0,0,0
17498,1,0,0,0,0
17499,1,0,0,0,0
17500,1,0,0,0,0
17501,1,0,0,0,0
17502,1,0,0,0,0
17503,1,0,0,0,0
17504,1,0,0,0,0
17505,1,0,0,0,0
17506,1,0,0,0,0
17507,1,0,0,0,0
17508,1,0,0,0,0
17509,1,0,0,0,0
17510,1,0,0,0,0
17511,1,0,0,0,0
17512,1,0,0,0,0
17513,1,0,0,0,0
17514,1,0,0,0,0
17515,1,0,0,0,0
17516,1,0,0,0,0
17517,1,0,0,0,0
17518,1,0,0,0,0
17519,1,0,0,0,0
17520,1,0,0,0,0
17521,1,0,0,0,0
17522,1,0,0,0,0
17523,1,0,0,0,0
17524,1,0,0,0,0
17525,1,0,0,0,0
17526,1,0,0,0,0
17527,1,0,0,0,0
17528,1,0,0,0,0
17529,1,0,0,0,0
17530,1,0,0,0,0
17531,1,0,0,0,0
17532,1,0,0,0,0
17533,1,0,0,0,0
17534,1,0,0,0,0
17535,1,0,0,0,0
17536,1,0,0,0,0
17537,1,0,0,0,0
17538,1,0,0,0,0
17539,1,0,0,0,0
17540,1,0,0,0,0
17541,1,0,0,0,0
17542,1,0,0,0,0
17543,1,0,0,0,0
17544,1,0,0,0,0
17545,1,0,0,0,0
17546,1,0,0,0,0
17547,1,0,0,0,0
17548,1,0,0,0,0
17549,1,0,0,0,0
17550,1,0,0,0,0
17551,1,0,0,0,0
17552,1,0,0,0,0
17553,1,0,0,0,0
17554,1,0,0,0,0
17555,1,0,0,0,0
17556,1,0,0,0,0
17557,1,0,0,0,0
17558,1,0,0,0,0
17559,1,0,0,0,0
17560,1,0,0,0,0
17561,1,0,0,0,0
17562,1,0,0,0,0
17563,1,0,0,0,0
17564,1,0,0,0,0
17565,1,0,0,0,0
17566,1,0,0,0,0
17567,1,0,0,0,0
17568,1,0,0,0,0
17569,1,0,0,0,0
17570,1,0,0,0,0
17571,1,0,0,0,0
17572,1,0,0,0,0
17573,1,0,0,0,0
17574,1,0,0,0,0
17575,1,0,0,0,0
17576,1,0,0,0,0
17577,1,0,0,0,0
17578,1,0,0,0,0
17579,1,0,0,0,0
17580,1,0,0,0,0
17581,1,0,0,0,0
17582,1,0,0,0,0
17583,1,0,0,0,0
17584,1,0,0,0,0
17585,1,0,0,0,0
17586,1,0,0,0,0
17587,1,0,0,0,0
17588,1,0,0,0,0
17589,1,0,0,0,0
17590,1,0,0,0,0
17591,1,0,0,0,0
17592,1,0,0,0,0
17593,1,0,0,0,0
17594,1,0,0,0,0
17595,1,0,0,0,0
17596,1,0,0,0,0
17597,1,0,0,0,0
17598,1,0,0,0,0
17599,1,0,0,0,0
17600,1,0,0,0,0
17601,1,0,0,0,0
17602,1,0,0,0,0
17603,1,0,0,0,0
17604,1,0,0,0,0
17605,1,0,0,0,0
17606,1,0,0,0,0
17607,1,0,0,0,0
17608,1,0,0,0,0
17609,1,0,0,0,0
17610,1,0,0,0,0
17611,1,0,0,0,0
17612,1,0,0,0,0
17613,1,0,0,0,0
17614,1,0,0,0,0
17615,1,0,0,0,0
17616,1,0,0,0,0
17617,1,0,0,0,0
17618,1,0,0,0,0
17619,1,0,0,0,0
17620,1,0,0,0,0
17621,1,0,0,0,0
17622,1,0,0,0,0
17623,1,0,0,0,0
17624,1,0,0,0,0
17625,1,0,0,0,0
17626,1,0,0,0,0
17627,1,0,0,0,0
17628,1,0,0,0,0
17629,1,0,0,0,0
17630,1,0,0,0,0
17631,1,0,0,0,0
17632,1,0,0,0,0
17633,1,0,0,0,0
17634,1,0,0,0,0
17635,1,0,0,0,0
17636,1,0,0,0,0
17637,1,0,0,0,0
17638,1,0,0,0,0
17639,1,0,0,0,0
17640,1,0,0,0,0
17641,1,0,0,0,0
17642,1,0,0,0,0
17643,1,0,0,0,0
17644,1,0,0,0,0
17645,1,0,0,0,0
17646,1,0,0,0,0
17647,1,0,0,0,0
17648,1,0,0,0,0
17649,1,0,0,0,0
17650,1,0,0,0,0
17651,0,0,0,0,1
17652,0,0,0,0,1
17653,0,0,0,0,1
17654,0,0,0,0,1
17655,0,0,0,0,1
17656,0,0,0,0,1
17657,0,0,0,0,1
17658,0,0,0,0,1
17659,0,0,0,0,1
17660,0,0,0,0,1
17661,0,0,0,0,1
17662,0,0,0,0,1
17663,0,0,0,0,1
17664,0,0,0,0,1
17665,0,0,0,0,1
17666,0,0,0,0,1
17667,0,0,0,0,1
17668,0,0,0,0,1
17669,0,0,0,0,1
17670,0,0,0,0,1
17671,0,0,0,0,1
17672,0,0,0,0,1
17673,0,0,0,0,1
17674,0,0,0,0,1
17675,0,0,0,0,1
17676,0,0,0,0,1
17677,0,0,0,0,1
17678,0,0,0,0,1
17679,0,0,0,0,1
17680,0,0,0,0,1
17681,0,0,0,0,1
17682,0,0,0,0,1
17683,0,0,0,0,1
17684,0,0,0,0,1
17685,0,0,0,0,1
17686,0,0,0,0,1
17687,0,0,0,0,1
17688,0,0,0,0,1
17689,0,0,0,0,1
17690,0,0,0,0,1
17691,0,0,0,0,1
17692,0,0,0,0,1
17693,0,0,0,0,1
17694,0,0,0,0,1
17695,0,0,0,0,1
17696,0,0,0,0,1
17697,0,0,0,0,1
17698,0,0,0,0,1
17699,0,0,0,0,1
17700,0,0,0,0,1
17701,0,0,0,0,1
17702,0,0,0,0,1
17703,0,0,0,0,1
17704,0,0,0,0,1
17705,0,0,0,0,1
17706,0,0,0,0,1
17707,0,0,0,0,1
17708,0,0,0,0,1
17709,0,0,0,0,1
17710,0,0,0,0,1
17711,0,0,0,0,1
17712,0,0,0,0,1
17713,0,0,0,0,1
17714,0,0,0,0,1
17715,0,0,0,0,1
17716,0,0,0,0,1
17717,0,0,0,0,1
17718,0,0,0,0,1
17719,0,0,0,0,1
17720,0,0,0,0,1
17721,0,0,0,0,1
17722,0,0,0,0,1
17723,0,0,0,0,1
17724,0,0,0,0,1
17725,0,0,0,0,1
17726,0,0,0,0,1
17727,0,0,0,0,1
17728,0,0,0,0,1
17729,0,0,0,0,1
17730,0,0,0,0,1
17731,0,0,0,0,1
17732,0,0,0,0,1
17733,0,0,0,0,1
17734,0,0,0,0,1
17735,0,0,0,0,1
17736,0,0,0,0,1
17737,0,0,0,0,1
17738,0,0,0,0,1
17739,0,0,0,0,1
17740,0,0,0,0,1
17741,0,0,0,0,1
17742,0,0,0,0,1
17743,0,0,0,0,1
17744,0,0,0,0,1
17745,0,0,0,0,1
17746,0,0,0,0,1
17747,0,0,0,0,1
17748,0,0,0,0,1
17749,0,0,0,0,1
17750,0,0,0,0,1
17751,0,0,0,0,1
17752,0,0,0,0,1
17753,0,0,0,0,1
17754,0,0,0,0,1
17755,0,0,0,0,1
17756,0,0,0,0,1
17757,0,0,0,0,1
17758,0,0,0,0,1
17759,0,0,0,0,1
17760,0,0,0,0,1
17761,0,0,0,0,1
17762,0,0,0,0,1
17763,0,0,0,0,1
17764,0,0,0,0,1
17765,0,0,0,0,1
17766,0,0,0,0,1
17767,0,0,0,0,1
17768,1,0,0,0,0
17769,1,0,0,0,0
17770,1,0,0,0,0
17771,1,0,0,0,0
17772,1,0,0,0,0
17773,1,0,0,0,0
17774,1,0,0,0,0
17775,1,0,0,0,0
17776,1,0,0,0,0
17777,1,0,0,0,0
17778,1,0,0,0,0
17779,1,0,0,0,0
17780,1,0,0,0,0
17781,1,0,0,0,0
17782,1,0,0,0,0
17783,1,0,0,0,0
17784,1,0,0,0,0
17785,1,0,0,0,0
17786,1,0,0,0,0
17787,1,0,0,0,0
17788,1,0,0,0,0
17789,1,0,0,0,0
17790,1,0,0,0,0
17791,1,0,0,0,0
17792,1,0,0,0,0
17793,1,0,0,0,0
17794,1,0,0,0,0
17795,1,0,0,0,0
17796,1,0,0,0,0
17797,1,0,0,0,0
17798,1,0,0,0,0
17799,1,0,0,0,0
17800,1,0,0,0,0
17801,1,0,0,0,0
17802,1,0,0,0,0
17803,1,0,0,0,0
17804,0,0,0,0,1
17805,0,0,0,0,1
17806,0,0,0,0,1
17807,0,0,0,0,1
17808,0,0,0,0,1
17809,0,0,0,0,1
17810,0,0,0,0,1
17811,0,0,0,0,1
17812,0,0,0,0,1
17813,0,0,0,0,1
17814,0,0,0,0,1
17815,0,0,0,0,1
17816,0,0,0,0,1
17817,0,0,0,0,1
17818,0,0,0,0,1
17819,0,0,0,0,1
17820,0,0,0,0,1
17821,0,0,0,0,1
17822,0,0,0,0,1
17823,0,0,0,0,1
17824,0,0,0,0,1
17825,0,0,0,0,1
17826,0,0,0,0,1
17827,0,0,0,0,1
17828,0,0,0,0,1
17829,0,0,0,0,1
17830,0,0,0,0,1
17831,0,0,0,0,1
17832,0,0,0,0,1
17833,0,0,0,0,1
17834,0,0,0,0,1
17835,0,0,0,0,1
17836,0,0,0,0,1
17837,0,0,0,0,1
17838,0,0,0,0,1
17839,0,0,0,0,1
17840,0,0,0,0,1
17841,0,0,0,0,1
17842,0,0,0,0,1
17843,0,0,0,0,1
17844,0,0,0,0,1
17845,0,0,0,0,1
17846,0,0,0,0,1
17847,0,0,0,0,1
17848,0,0,0,0,1
17849,0,0,0,0,1
17850,0,0,0,0,1
17851,0,0,0,0,1
17852,0,0,0,0,1
17853,0,0,0,0,1
17854,0,0,0,0,1
17855,0,0,0,0,1
17856,0,0,0,0,1
17857,0,0,0,0,1
17858,0,0,0,0,1
17859,0,0,0,0,1
17860,1,0,0,0,0
17861,1,0,0,0,0
17862,1,0,0,0,0
17863,1,0,0,0,0
17864,1,0,0,0,0
17865,1,0,0,0,0
17866,1,0,0,0,0
17867,1,0,0,0,0
17868,1,0,0,0,0
17869,1,0,0,0,0
17870,1,0,0,0,0
17871,1,0,0,0,0
17872,1,0,0,0,0
17873,0,1,0,0,0
17874,0,1,0,0,0
17875,0,1,0,0,0
17876,0,1,0,0,0
17877,0,1,0,0,0
17878,0,1,0,0,0
17879,0,1,0,0,0
17880,0,1,0,0,0
17881,0,1,0,0,0
17882,0,1,0,0,0
17883,0,1,0,0,0
17884,0,1,0,0,0
17885,0,1,0,0,0
17886,0,1,0,0,0
17887,0,1,0,0,0
17888,0,1,0,0,0
17889,0,1,0,0,0
17890,0,1,0,0,0
17891,0,1,0,0,0
17892,0,1,0,0,0
17893,0,1,0,0,0
17894,0,1,0,0,0
17895,0,1,0,0,0
17896,0,1,0,0,0
17897,0,1,0,0,0
17898,0,1,0,0,0
17899,0,1,0,0,0
17900,0,1,0,0,0
17901,0,1,0,0,0
17902,0,1,0,0,0
17903,0,1,0,0,0
17904,0,1,0,0,0
17905,1,0,0,0,0
17906,1,0,0,0,0
17907,1,0,0,0,0
17908,1,0,0,0,0
17909,1,0,0,0,0
17910,1,0,0,0,0
17911,1,0,0,0,0
17912,1,0,0,0,0
17913,1,0,0,0,0
17914,1,0,0,0,0
17915,1,0,0,0,0
17916,1,0,0,0,0
17917,1,0,0,0,0
17918,1,0,0,0,0
17919,1,0,0,0,0
17920,1,0,0,0,0
17921,1,0,0,0,0
17922,1,0,0,0,0
17923,1,0,0,0,0
17924,1,0,0,0,0
17925,1,0,0,0,0
17926,1,0,0,0,0
17927,1,0,0,0,0
17928,1,0,0,0,0
17929,1,0,0,0,0
17930,1,0,0,0,0
17931,1,0,0,0,0
17932,1,0,0,0,0
17933,1,0,0,0,0
17934,1,0,0,0,0
17935,1,0,0,0,0
17936,1,0,0,0,0
17937,1,0,0,0,0
17938,1,0,0,0,0
17939,1,0,0,0,0
17940,1,0,0,0,0
17941,1,0,0,0,0
17942,1,0,0,0,0
17943,1,0,0,0,0
17944,1,0,0,0,0
17945,1,0,0,0,0
17946,1,0,0,0,0
17947,1,0,0,0,0
17948,1,0,0,0,0
17949,1,0,0,0,0
17950,1,0,0,0,0
17951,1,0,0,0,0
17952,1,0,0,0,0
17953,1,0,0,0,0
17954,1,0,0,0,0
17955,1,0,0,0,0
17956,1,0,0,0,0
17957,1,0,0,0,0
17958,1,0,0,0,0
17959,1,0,0,0,0
17960,1,0,0,0,0
17961,1,0,0,0,0
17962,1,0,0,0,0
17963,1,0,0,0,0
17964,1,0,0,0,0
17965,1,0,0,0,0
17966,1,0,0,0,0
17967,1,0,0,0,0
17968,1,0,0,0,0
17969,1,0,0,0,0
17970,1,0,0,0,0
17971,1,0,0,0,0
17972,1,0,0,0,0
17973,1,0,0,0,0
17974,1,0,0,0,0
17975,1,0,0,0,0
17976,1,0,0,0,0
17977,1,0,0,0,0
17978,1,0,0,0,0
17979,1,0,0,0,0
17980,1,0,0,0,0
17981,1,0,0,0,0
17982,1,0,0,0,0
17983,1,0,0,0,0
17984,1,0,0,0,0
17985,1,0,0,0,0
17986,1,0,0,0,0
17987,1,0,0,0,0
17988,1,0,0,0,0
17989,1,0,0,0,0
17990,1,0,0,0,0
17991,1,0,0,0,0
17992,1,0,0,0,0
17993,1,0,0,0,0
17994,1,0,0,0,0
17995,1,0,0,0,0
17996,1,0,0,0,0
17997,1,0,0,0,0
17998,1,0,0,0,0
17999,1,0,0,0,0
18000,1,0,0,0,0
18001,1,0,0,0,0
18002,1,0,0,0,0
18003,1,0,0,0,0
18004,1,0,0,0,0
18005,1,0,0,0,0
18006,1,0,0,0,0
18007,1,0,0,0,0
18008,1,0,0,0,0
18009,1,0,0,0,0
18010,1,0,0,0,0
18011,1,0,0,0,0
18012,1,0,0,0,0
18013,1,0,0,0,0
18014,1,0,0,0,0
18015,1,0,0,0,0
18016,1,0,0,0,0
18017,1,0,0,0,0
18018,1,0,0,0,0
18019,1,0,0,0,0
18020,1,0,0,0,0
18021,1,0,0,0,0
18022,0,0,0,0,1
18023,0,0,0,0,1
18024,0,0,0,0,1
18025,0,0,0,0,1
18026,0,0,0,0,1
18027,0,0,0,0,1
18028,0,0,0,0,1
18029,0,0,0,0,1
18030,0,0,0,0,1
18031,0,0,0,0,1
18032,0,0,0,0,1
18033,0,0,0,0,1
18034,0,0,0,0,1
18035,0,0,0,0,1
18036,0,0,0,0,1
18037,0,0,0,0,1
18038,0,0,0,0,1
18039,0,0,0,0,1
18040,0,0,0,0,1
18041,0,0,0,0,1
18042,0,0,0,0,1
18043,0,0,0,0,1
18044,0,0,0,0,1
18045,0,0,0,0,1
18046,0,0,0,0,1
18047,0,0,0,0,1
18048,0,0,0,0,1
18049,0,0,0,0,1
18050,0,0,0,0,1
18051,0,0,0,0,1
18052,0,0,0,0,1
18053,0,0,0,0,1
18054,0,0,0,0,1
18055,0,0,0,0,1
18056,0,0,0,0,1
18057,0,0,0,0,1
18058,0,0,0,0,1
18059,0,0,0,0,1
18060,0,0,0,0,1
18061,0,0,0,0,1
18062,0,0,0,0,1
18063,0,0,0,0,1
18064,0,0,0,0,1
18065,0,0,0,0,1
18066,0,0,0,0,1
18067,0,0,0,0,1
18068,0,0,0,0,1
18069,0,0,0,0,1
18070,0,0,0,0,1
18071,0,0,0,0,1
18072,0,0,0,0,1
18073,0,0,0,0,1
18074,0,0,0,0,1
18075,0,0,0,0,1
18076,0,0,0,0,1
18077,0,0,0,0,1
18078,0,0,0,0,1
18079,0,0,0,0,1
18080,0,0,0,0,1
18081,0,0,0,0,1
18082,0,0,0,0,1
18083,0,0,0,0,1
18084,0,0,0,0,1
18085,0,0,0,0,1
18086,0,0,0,0,1
18087,0,0,0,0,1
18088,0,0,0,0,1
18089,0,0,0,0,1
18090,0,0,0,0,1
18091,0,0,0,0,1
18092,0,0,0,0,1
18093,0,0,0,0,1
18094,0,0,0,0,1
18095,0,0,0,0,1
18096,0,0,0,0,1
18097,0,0,0,0,1
18098,0,0,0,0,1
18099,0,0,0,0,1
18100,0,0,0,0,1
18101,0,0,0,0,1
18102,0,0,0,0,1
18103,0,0,0,0,1
18104,0,0,0,0,1
18105,0,0,0,0,1
18106,0,0,0,0,1
18107,0,0,0,0,1
18108,0,0,0,0,1
