frame,Digging,Grooming,Supportedrearing,Unsupportedrearing,background
0,0,0,0,0,1
1,0,0,0,0,1
2,0,0,0,0,1
3,0,0,0,0,1
4,0,0,0,0,1
5,0,0,0,0,1
6,0,0,0,0,1
7,0,0,0,0,1
8,0,0,0,0,1
9,0,0,0,0,1
10,0,0,0,0,1
11,0,0,0,0,1
12,0,0,0,0,1
13,0,0,0,0,1
14,0,0,0,0,1
15,0,0,0,0,1
16,0,0,0,0,1
17,0,0,0,0,1
18,0,0,0,0,1
19,0,0,0,0,1
20,0,0,0,0,1
21,0,0,0,0,1
22,0,0,0,0,1
23,0,0,0,0,1
24,0,0,0,0,1
25,0,0,0,0,1
26,0,0,0,0,1
27,0,0,0,0,1
28,0,0,0,0,1
29,0,0,0,0,1
30,0,0,0,0,1
31,0,0,0,0,1
32,0,0,0,0,1
33,0,0,0,0,1
34,0,0,0,0,1
35,0,0,0,0,1
36,0,0,0,0,1
37,0,0,0,0,1
38,0,0,0,0,1
39,0,0,0,0,1
40,0,0,0,0,1
41,0,0,0,0,1
42,0,0,0,0,1
43,0,0,0,0,1
44,0,0,0,0,1
45,0,0,0,0,1
46,0,0,0,0,1
47,0,0,0,0,1
48,0,0,0,0,1
49,0,0,0,0,1
50,0,0,0,0,1
51,0,0,0,0,1
52,0,0,0,0,1
53,0,0,0,0,1
54,0,0,0,0,1
55,0,0,0,0,1
56,0,0,0,0,1
57,0,0,0,0,1
58,0,0,0,0,1
59,0,0,0,0,1
60,0,0,0,0,1
61,0,0,0,0,1
62,0,0,0,0,1
63,0,0,0,0,1
64,0,0,0,0,1
65,0,0,0,0,1
66,0,0,0,0,1
67,0,0,0,0,1
68,0,0,0,0,1
69,0,0,0,0,1
70,0,0,0,0,1
71,0,0,0,0,1
72,0,0,0,0,1
73,0,0,0,0,1
74,0,0,0,0,1
75,0,0,0,0,1
76,0,0,0,0,1
77,0,0,0,0,1
78,0,0,0,0,1
79,0,0,0,0,1
80,0,0,0,0,1
81,0,0,0,0,1
82,0,0,0,0,1
83,0,0,0,0,1
84,0,0,0,0,1
85,0,0,0,0,1
86,0,0,0,0,1
87,0,0,0,0,1
88,0,0,0,0,1
89,0,0,0,0,1
90,0,0,0,0,1
91,0,0,0,0,1
92,0,0,0,0,1
93,0,0,0,0,1
94,0,0,0,0,1
95,0,0,0,0,1
96,0,0,0,0,1
97,0,0,0,0,1
98,0,0,0,0,1
99,0,0,0,0,1
100,0,0,0,0,1
101,0,0,0,0,1
102,0,0,0,0,1
103,0,0,0,0,1
104,0,0,0,0,1
105,0,0,0,0,1
106,0,0,0,0,1
107,0,0,0,0,1
108,0,0,0,0,1
109,0,0,0,0,1
110,0,0,0,0,1
111,0,0,0,0,1
112,0,0,0,0,1
113,0,0,0,0,1
114,0,0,0,0,1
115,0,0,0,0,1
116,0,0,0,0,1
117,0,0,0,0,1
118,0,0,0,0,1
119,0,0,0,0,1
120,0,0,0,0,1
121,0,0,0,0,1
122,0,0,0,0,1
123,0,0,0,0,1
124,0,0,0,0,1
125,0,0,0,0,1
126,0,0,0,0,1
127,0,0,0,0,1
128,0,0,0,0,1
129,0,0,0,0,1
130,0,0,0,0,1
131,0,0,0,0,1
132,0,0,0,0,1
133,0,0,0,0,1
134,0,0,0,0,1
135,0,0,0,0,1
136,0,0,0,0,1
137,0,0,0,0,1
138,0,0,0,0,1
139,0,0,0,0,1
140,0,0,0,0,1
141,0,0,0,0,1
142,0,0,0,0,1
143,0,0,0,0,1
144,0,0,0,0,1
145,0,0,0,0,1
146,0,0,0,0,1
147,0,0,0,0,1
148,0,0,0,0,1
149,0,0,0,0,1
150,0,0,0,0,1
151,0,0,0,0,1
152,0,0,0,0,1
153,0,0,0,0,1
154,0,0,0,0,1
155,0,0,0,0,1
156,0,0,0,0,1
157,0,0,0,0,1
158,0,0,0,0,1
159,0,0,0,0,1
160,0,0,0,0,1
161,0,0,0,0,1
162,0,0,0,0,1
163,0,0,0,0,1
164,0,0,0,0,1
165,0,0,0,0,1
166,0,0,0,0,1
167,0,0,0,0,1
168,0,0,0,0,1
169,0,0,0,0,1
170,0,0,0,0,1
171,0,0,0,0,1
172,0,0,0,0,1
173,0,0,0,0,1
174,0,0,0,0,1
175,0,0,0,0,1
176,0,0,0,0,1
177,0,0,0,0,1
178,0,0,0,0,1
179,0,0,0,0,1
180,0,0,0,0,1
181,0,0,0,0,1
182,0,0,0,0,1
183,0,0,0,0,1
184,0,0,0,0,1
185,0,0,0,0,1
186,0,0,0,0,1
187,0,0,0,0,1
188,0,0,0,0,1
189,0,0,0,0,1
190,0,0,0,0,1
191,0,0,0,0,1
192,0,0,0,0,1
193,0,0,0,0,1
194,0,0,0,0,1
195,0,0,0,0,1
196,0,0,0,0,1
197,0,0,0,0,1
198,0,0,0,0,1
199,0,0,0,0,1
200,0,0,0,0,1
201,0,0,0,0,1
202,0,0,0,0,1
203,0,0,0,0,1
204,0,0,0,0,1
205,0,0,0,0,1
206,0,0,0,0,1
207,0,0,0,0,1
208,0,0,0,0,1
209,0,0,0,0,1
210,0,0,0,0,1
211,0,0,0,0,1
212,0,0,0,0,1
213,0,0,0,0,1
214,0,0,0,0,1
215,0,0,0,0,1
216,0,0,0,0,1
217,0,0,0,0,1
218,0,0,0,0,1
219,0,0,0,0,1
220,0,0,0,0,1
221,0,0,0,0,1
222,0,0,0,0,1
223,0,0,0,0,1
224,0,0,0,0,1
225,0,0,0,0,1
226,0,0,0,0,1
227,0,0,0,0,1
228,0,0,0,0,1
229,0,0,0,0,1
230,0,0,0,0,1
231,0,0,0,0,1
232,0,0,0,0,1
233,0,0,0,0,1
234,0,0,0,0,1
235,0,0,0,0,1
236,0,0,0,0,1
237,0,0,0,0,1
238,0,0,0,0,1
239,0,0,0,0,1
240,0,0,0,0,1
241,0,0,0,0,1
242,0,0,0,0,1
243,0,0,0,0,1
244,0,0,0,0,1
245,0,0,0,0,1
246,0,0,0,0,1
247,0,0,0,0,1
248,0,0,0,0,1
249,0,0,0,0,1
250,0,0,0,0,1
251,0,0,0,0,1
252,0,0,0,0,1
253,0,0,0,0,1
254,0,0,0,0,1
255,0,0,0,0,1
256,0,0,0,0,1
257,0,0,0,0,1
258,0,0,0,0,1
259,0,0,0,0,1
260,0,0,0,0,1
261,0,0,0,0,1
262,0,0,0,0,1
263,0,0,0,0,1
264,0,0,0,0,1
265,0,0,0,0,1
266,0,0,0,0,1
267,0,0,0,0,1
268,0,0,0,0,1
269,0,0,0,0,1
270,0,0,0,0,1
271,0,0,0,0,1
272,0,0,0,0,1
273,0,0,0,0,1
274,0,0,0,0,1
275,0,0,0,0,1
276,0,0,0,0,1
277,0,0,0,0,1
278,0,0,0,0,1
279,0,0,0,0,1
280,0,0,0,0,1
281,0,0,0,0,1
282,0,0,0,0,1
283,0,0,0,0,1
284,0,0,0,0,1
285,0,0,0,0,1
286,0,0,0,0,1
287,0,0,0,0,1
288,0,0,0,0,1
289,0,0,0,0,1
290,0,0,0,0,1
291,0,0,0,0,1
292,0,0,0,0,1
293,0,0,0,0,1
294,0,0,0,0,1
295,0,0,0,0,1
296,0,0,0,0,1
297,0,0,0,0,1
298,0,0,0,0,1
299,0,0,0,0,1
300,0,0,0,0,1
301,0,0,0,0,1
302,0,0,0,0,1
303,0,0,0,0,1
304,0,0,0,0,1
305,0,0,0,0,1
306,0,0,0,0,1
307,0,0,0,0,1
308,0,0,0,0,1
309,0,0,0,0,1
310,0,0,0,0,1
311,0,0,0,0,1
312,0,0,0,0,1
313,0,0,0,0,1
314,0,0,0,0,1
315,0,0,0,0,1
316,0,0,0,0,1
317,0,0,0,0,1
318,0,0,0,0,1
319,0,0,0,0,1
320,0,0,0,0,1
321,0,0,0,0,1
322,0,0,0,0,1
323,0,0,0,0,1
324,0,0,0,0,1
325,0,0,0,0,1
326,0,0,0,0,1
327,0,0,0,0,1
328,0,0,0,0,1
329,0,0,0,0,1
330,0,0,0,0,1
331,0,0,0,0,1
332,0,0,0,0,1
333,0,0,0,0,1
334,0,0,0,0,1
335,0,0,0,0,1
336,0,0,0,0,1
337,0,0,0,0,1
338,0,0,0,0,1
339,0,0,0,0,1
340,0,0,0,0,1
341,0,0,0,0,1
342,0,0,0,0,1
343,0,0,0,0,1
344,0,0,0,0,1
345,0,0,0,0,1
346,0,0,0,0,1
347,0,0,0,0,1
348,0,0,0,0,1
349,0,0,0,0,1
350,0,0,0,0,1
351,0,0,0,0,1
352,0,0,0,0,1
353,0,0,0,0,1
354,0,0,0,0,1
355,0,0,0,0,1
356,0,0,0,0,1
357,0,0,0,0,1
358,0,0,0,0,1
359,0,0,0,0,1
360,0,0,0,0,1
361,0,0,0,0,1
362,0,0,0,0,1
363,0,0,0,0,1
364,0,0,0,0,1
365,0,0,0,0,1
366,0,0,0,0,1
367,0,0,0,0,1
368,0,0,0,0,1
369,0,0,0,0,1
370,0,0,0,0,1
371,0,0,0,0,1
372,0,0,0,0,1
373,0,0,0,0,1
374,0,0,0,0,1
375,0,0,0,0,1
376,0,0,0,0,1
377,0,0,0,0,1
378,0,0,0,0,1
379,0,0,0,0,1
380,0,0,0,0,1
381,0,0,0,0,1
382,0,0,0,0,1
383,0,0,0,0,1
384,0,0,0,0,1
385,0,0,0,0,1
386,0,0,0,0,1
387,0,0,0,0,1
388,0,0,0,0,1
389,0,0,0,0,1
390,0,0,0,0,1
391,0,0,0,0,1
392,0,0,0,0,1
393,0,0,0,0,1
394,0,0,0,0,1
395,0,0,0,0,1
396,0,0,0,0,1
397,0,0,0,0,1
398,0,0,0,0,1
399,0,0,0,0,1
400,0,0,0,0,1
401,0,0,0,0,1
402,0,0,0,0,1
403,0,0,0,0,1
404,0,0,0,0,1
405,0,0,0,0,1
406,0,0,0,0,1
407,0,0,0,0,1
408,0,0,0,0,1
409,0,0,0,0,1
410,0,0,0,0,1
411,0,0,0,0,1
412,0,0,0,0,1
413,0,0,0,0,1
414,0,0,0,0,1
415,0,0,0,0,1
416,0,0,0,0,1
417,0,0,0,0,1
418,0,0,0,0,1
419,0,0,0,0,1
420,0,0,0,0,1
421,0,0,0,0,1
422,0,0,0,0,1
423,0,0,0,0,1
424,0,0,0,0,1
425,0,0,0,0,1
426,0,0,0,0,1
427,0,0,0,0,1
428,0,0,0,0,1
429,0,0,0,0,1
430,0,0,0,0,1
431,0,0,0,0,1
432,0,0,0,0,1
433,0,0,0,0,1
434,0,0,0,0,1
435,0,0,0,0,1
436,0,0,0,0,1
437,0,0,0,0,1
438,0,0,0,0,1
439,0,0,0,0,1
440,0,0,0,0,1
441,0,0,0,0,1
442,0,0,0,0,1
443,0,0,0,0,1
444,0,0,0,0,1
445,0,0,0,0,1
446,0,0,0,0,1
447,0,0,0,0,1
448,0,0,0,0,1
449,0,0,0,0,1
450,0,0,0,0,1
451,0,0,0,0,1
452,0,0,0,0,1
453,0,0,0,0,1
454,0,0,0,0,1
455,0,0,0,0,1
456,0,0,0,0,1
457,0,0,0,0,1
458,0,0,0,0,1
459,0,0,0,0,1
460,0,0,0,0,1
461,0,0,0,0,1
462,0,0,0,0,1
463,0,0,0,0,1
464,0,0,0,0,1
465,0,0,0,0,1
466,0,0,0,0,1
467,0,0,0,0,1
468,0,0,0,0,1
469,0,0,0,0,1
470,0,0,0,0,1
471,0,0,0,0,1
472,0,0,0,0,1
473,0,0,0,0,1
474,0,0,0,0,1
475,0,0,0,0,1
476,0,0,0,0,1
477,0,0,0,0,1
478,0,0,0,0,1
479,0,0,0,0,1
480,0,0,0,0,1
481,0,0,0,0,1
482,0,0,0,0,1
483,0,0,0,0,1
484,0,0,0,0,1
485,0,0,0,0,1
486,0,0,0,0,1
487,0,0,0,0,1
488,0,0,0,0,1
489,0,0,0,0,1
490,0,0,0,0,1
491,0,0,0,0,1
492,0,0,0,0,1
493,0,0,0,0,1
494,0,0,0,0,1
495,0,0,0,0,1
496,0,0,0,0,1
497,0,0,0,0,1
498,0,0,0,0,1
499,0,0,0,0,1
500,0,0,0,0,1
501,0,0,0,0,1
502,0,0,0,0,1
503,0,0,0,0,1
504,0,0,0,0,1
505,0,0,0,0,1
506,0,0,0,0,1
507,0,0,0,0,1
508,0,0,0,0,1
509,0,0,0,0,1
510,0,0,0,0,1
511,0,0,0,0,1
512,0,0,0,0,1
513,0,0,0,0,1
514,0,0,0,0,1
515,0,0,0,0,1
516,0,0,0,0,1
517,0,0,0,0,1
518,0,0,0,0,1
519,0,0,0,0,1
520,0,0,0,0,1
521,0,0,0,0,1
522,0,0,0,0,1
523,0,0,0,0,1
524,0,0,0,0,1
525,0,0,0,0,1
526,0,0,0,0,1
527,0,0,0,0,1
528,0,0,0,0,1
529,0,0,0,0,1
530,0,0,0,0,1
531,0,0,0,0,1
532,0,0,0,0,1
533,0,0,0,0,1
534,0,0,0,0,1
535,0,0,0,0,1
536,0,0,0,0,1
537,0,0,0,0,1
538,0,0,0,0,1
539,0,0,0,0,1
540,0,0,0,0,1
541,0,0,0,0,1
542,0,0,0,0,1
543,0,0,0,0,1
544,0,0,0,0,1
545,0,0,0,0,1
546,0,0,0,0,1
547,0,0,0,0,1
548,0,0,0,0,1
549,0,0,0,0,1
550,0,0,0,0,1
551,0,0,0,0,1
552,0,0,0,0,1
553,0,0,0,0,1
554,0,0,0,0,1
555,0,0,0,0,1
556,0,0,0,0,1
557,0,0,0,0,1
558,0,0,0,0,1
559,0,0,0,0,1
560,0,0,0,0,1
561,0,0,0,0,1
562,0,0,0,0,1
563,0,0,0,0,1
564,0,0,0,0,1
565,0,0,0,0,1
566,0,0,0,0,1
567,0,0,0,0,1
568,0,0,0,0,1
569,0,0,0,0,1
570,0,0,0,0,1
571,0,0,0,0,1
572,0,0,0,0,1
573,0,0,0,0,1
574,0,0,0,0,1
575,0,0,0,0,1
576,0,0,0,0,1
577,0,0,0,0,1
578,0,0,0,0,1
579,0,0,0,0,1
580,0,0,0,0,1
581,0,0,0,0,1
582,0,0,0,0,1
583,0,0,0,0,1
584,0,0,0,0,1
585,0,0,0,0,1
586,0,0,0,0,1
587,0,0,0,0,1
588,0,0,0,0,1
589,0,0,0,0,1
590,0,0,0,0,1
591,0,0,0,0,1
592,0,0,0,0,1
593,0,0,0,0,1
594,0,0,0,0,1
595,0,0,0,0,1
596,0,0,0,0,1
597,0,0,0,0,1
598,0,0,0,0,1
599,0,0,0,0,1
600,0,0,0,0,1
601,0,0,0,0,1
602,0,0,0,0,1
603,0,0,0,0,1
604,0,0,0,0,1
605,0,0,0,0,1
606,0,0,0,0,1
607,0,0,0,0,1
608,0,0,0,0,1
609,0,0,0,0,1
610,0,0,0,0,1
611,0,0,0,0,1
612,0,0,0,0,1
613,0,0,0,0,1
614,0,0,0,0,1
615,0,0,0,0,1
616,0,0,0,0,1
617,0,0,0,0,1
618,0,0,0,0,1
619,0,0,0,0,1
620,0,0,0,0,1
621,0,0,0,0,1
622,0,0,0,0,1
623,0,0,0,0,1
624,0,0,0,0,1
625,0,0,0,0,1
626,0,0,0,0,1
627,0,0,0,0,1
628,0,0,0,0,1
629,0,0,0,0,1
630,0,0,0,0,1
631,0,0,0,0,1
632,0,0,0,0,1
633,0,0,0,0,1
634,0,0,0,0,1
635,0,0,0,0,1
636,0,0,0,0,1
637,0,0,0,0,1
638,0,0,0,0,1
639,0,0,0,0,1
640,0,0,0,0,1
641,0,0,0,0,1
642,0,0,0,0,1
643,0,0,0,0,1
644,0,0,0,0,1
645,0,0,0,0,1
646,0,0,0,0,1
647,0,0,0,0,1
648,0,0,0,0,1
649,0,0,0,0,1
650,0,0,0,0,1
651,0,0,0,0,1
652,0,0,0,0,1
653,0,0,0,0,1
654,0,0,0,0,1
655,0,0,0,0,1
656,0,0,0,0,1
657,0,0,0,0,1
658,0,0,0,0,1
659,0,0,0,0,1
660,0,0,0,0,1
661,0,0,0,0,1
662,0,0,0,0,1
663,0,0,0,0,1
664,0,0,0,0,1
665,0,0,0,0,1
666,0,0,0,0,1
667,0,0,0,0,1
668,0,0,0,0,1
669,0,0,0,0,1
670,0,0,0,0,1
671,0,0,0,0,1
672,0,0,0,0,1
673,0,0,0,0,1
674,0,0,0,0,1
675,0,0,0,0,1
676,0,0,0,0,1
677,0,0,0,0,1
678,0,0,0,0,1
679,0,0,0,0,1
680,0,0,0,0,1
681,0,0,0,0,1
682,0,0,0,0,1
683,0,0,0,0,1
684,0,0,0,0,1
685,0,0,0,0,1
686,0,0,0,0,1
687,0,0,0,0,1
688,0,0,0,0,1
689,0,0,0,0,1
690,0,0,0,0,1
691,0,0,0,0,1
692,0,0,0,0,1
693,0,0,0,0,1
694,0,0,0,0,1
695,0,0,0,0,1
696,0,0,0,0,1
697,0,0,0,0,1
698,0,0,0,0,1
699,0,0,0,0,1
700,0,0,0,0,1
701,0,0,0,0,1
702,0,0,0,0,1
703,0,0,0,0,1
704,0,0,0,0,1
705,0,0,0,0,1
706,0,0,0,0,1
707,0,0,0,0,1
708,0,0,0,0,1
709,0,0,0,0,1
710,0,0,0,0,1
711,0,0,0,0,1
712,0,0,0,0,1
713,0,0,0,0,1
714,0,0,0,0,1
715,0,0,0,0,1
716,0,0,0,0,1
717,0,0,0,0,1
718,0,0,0,0,1
719,0,0,0,0,1
720,0,0,0,0,1
721,0,0,0,0,1
722,0,0,0,0,1
723,0,0,0,0,1
724,0,0,0,0,1
725,0,0,0,0,1
726,0,0,0,0,1
727,0,0,0,0,1
728,0,0,0,0,1
729,0,0,0,0,1
730,0,0,0,0,1
731,0,0,0,0,1
732,0,0,0,0,1
733,0,0,0,0,1
734,0,0,0,0,1
735,0,0,0,0,1
736,0,0,0,0,1
737,0,0,0,0,1
738,0,0,0,0,1
739,0,0,0,0,1
740,0,0,0,0,1
741,0,0,0,0,1
742,0,0,0,0,1
743,0,0,0,0,1
744,0,0,0,0,1
745,0,0,0,0,1
746,0,0,0,0,1
747,0,0,0,0,1
748,0,0,0,0,1
749,0,0,0,0,1
750,0,0,0,0,1
751,0,0,0,0,1
752,0,0,0,0,1
753,0,0,0,0,1
754,0,0,0,0,1
755,0,0,0,0,1
756,0,0,0,0,1
757,0,0,0,0,1
758,0,0,0,0,1
759,0,0,0,0,1
760,0,0,0,0,1
761,0,0,0,0,1
762,0,0,0,0,1
763,0,0,0,0,1
764,0,0,0,0,1
765,0,0,0,0,1
766,0,0,0,0,1
767,0,0,0,0,1
768,0,0,0,0,1
769,0,0,0,0,1
770,0,0,0,0,1
771,0,0,0,0,1
772,0,0,0,0,1
773,0,0,0,0,1
774,0,0,0,0,1
775,0,0,0,0,1
776,0,0,0,0,1
777,0,0,0,0,1
778,0,0,0,0,1
779,0,0,0,0,1
780,0,0,0,0,1
781,0,0,0,0,1
782,0,0,0,0,1
783,0,0,0,0,1
784,0,0,0,0,1
785,0,0,0,0,1
786,0,0,0,0,1
787,0,0,0,0,1
788,0,0,0,0,1
789,0,0,0,0,1
790,0,0,0,0,1
791,0,0,0,0,1
792,0,0,0,0,1
793,0,0,0,0,1
794,0,0,0,0,1
795,0,0,0,0,1
796,0,0,0,0,1
797,0,0,0,0,1
798,0,0,0,0,1
799,0,0,0,0,1
800,0,0,0,0,1
801,0,0,0,0,1
802,0,0,0,0,1
803,0,0,0,0,1
804,0,0,0,0,1
805,0,0,0,0,1
806,0,0,0,0,1
807,0,0,0,0,1
808,0,0,0,0,1
809,0,0,0,0,1
810,0,0,0,0,1
811,0,0,0,0,1
812,0,0,0,0,1
813,0,0,0,0,1
814,0,0,0,0,1
815,0,0,0,0,1
816,0,0,0,0,1
817,0,0,0,0,1
818,0,0,0,0,1
819,0,0,0,0,1
820,0,0,0,0,1
821,0,0,0,0,1
822,0,0,0,0,1
823,0,0,0,0,1
824,0,0,0,0,1
825,0,0,0,0,1
826,0,0,0,0,1
827,0,0,0,0,1
828,0,0,0,0,1
829,0,0,0,0,1
830,0,0,0,0,1
831,0,0,0,0,1
832,0,0,0,0,1
833,0,0,0,0,1
834,0,0,0,0,1
835,0,0,0,0,1
836,0,0,0,0,1
837,0,0,0,0,1
838,0,0,0,0,1
839,0,0,0,0,1
840,0,0,0,0,1
841,0,0,0,0,1
842,0,0,0,0,1
843,0,0,0,0,1
844,0,0,0,0,1
845,0,0,0,0,1
846,0,0,0,0,1
847,0,0,0,0,1
848,0,0,0,0,1
849,0,0,0,0,1
850,0,0,0,0,1
851,0,0,0,0,1
852,0,0,0,0,1
853,0,0,0,0,1
854,0,0,0,0,1
855,0,0,0,0,1
856,0,0,0,0,1
857,0,0,0,0,1
858,0,0,0,0,1
859,0,0,0,0,1
860,0,0,0,0,1
861,0,0,0,0,1
862,0,0,0,0,1
863,0,0,0,0,1
864,0,0,0,0,1
865,0,0,0,0,1
866,0,0,0,0,1
867,0,0,0,0,1
868,0,0,0,0,1
869,0,0,0,0,1
870,0,0,0,0,1
871,0,0,0,0,1
872,0,0,0,0,1
873,0,0,0,0,1
874,0,0,0,0,1
875,0,0,0,0,1
876,0,0,0,0,1
877,0,0,0,0,1
878,0,0,0,0,1
879,0,0,0,0,1
880,0,0,0,0,1
881,0,0,0,0,1
882,0,0,0,0,1
883,0,0,0,0,1
884,0,0,0,0,1
885,0,0,0,0,1
886,0,0,0,0,1
887,0,0,0,0,1
888,0,0,0,0,1
889,0,0,0,0,1
890,0,0,0,0,1
891,0,0,0,0,1
892,0,0,0,0,1
893,0,0,0,0,1
894,0,0,0,0,1
895,0,0,0,0,1
896,0,0,0,0,1
897,0,0,0,0,1
898,0,0,0,0,1
899,0,0,0,0,1
900,0,0,0,0,1
901,0,0,0,0,1
902,0,0,0,0,1
903,0,0,0,0,1
904,0,0,0,0,1
905,0,0,0,0,1
906,0,0,0,0,1
907,0,0,0,0,1
908,0,0,0,0,1
909,0,0,0,0,1
910,0,0,0,0,1
911,0,0,0,0,1
912,0,0,0,0,1
913,0,0,0,0,1
914,0,0,0,0,1
915,0,0,0,0,1
916,0,0,0,0,1
917,0,0,0,0,1
918,0,0,0,0,1
919,0,0,0,0,1
920,0,0,0,0,1
921,0,0,0,0,1
922,0,0,0,0,1
923,0,0,0,0,1
924,0,0,0,0,1
925,0,0,0,0,1
926,0,0,0,0,1
927,0,0,0,0,1
928,0,0,0,0,1
929,0,0,0,0,1
930,0,0,0,0,1
931,0,0,0,0,1
932,0,0,0,0,1
933,0,0,0,0,1
934,0,0,0,0,1
935,0,0,0,0,1
936,0,0,0,0,1
937,0,0,0,0,1
938,0,0,0,0,1
939,0,0,0,0,1
940,0,0,0,0,1
941,0,0,0,0,1
942,0,0,0,0,1
943,0,0,0,0,1
944,0,0,0,0,1
945,0,0,0,0,1
946,0,0,0,0,1
947,0,0,0,0,1
948,0,0,0,0,1
949,0,0,0,0,1
950,0,0,0,0,1
951,0,0,0,0,1
952,0,0,0,0,1
953,0,0,0,0,1
954,0,0,0,0,1
955,0,0,0,0,1
956,0,0,0,0,1
957,0,0,0,0,1
958,0,0,0,0,1
959,0,0,0,0,1
960,0,0,0,0,1
961,0,0,0,0,1
962,0,0,0,0,1
963,0,0,0,0,1
964,0,0,0,0,1
965,0,0,0,0,1
966,0,0,0,0,1
967,0,0,0,0,1
968,0,0,0,0,1
969,0,0,0,0,1
970,0,0,0,0,1
971,0,0,0,0,1
972,0,0,0,0,1
973,0,0,0,0,1
974,0,0,0,0,1
975,0,0,0,0,1
976,0,0,0,0,1
977,0,0,0,0,1
978,0,0,0,0,1
979,0,0,0,0,1
980,0,0,0,0,1
981,0,0,0,0,1
982,0,0,0,0,1
983,0,0,0,0,1
984,0,0,0,0,1
985,0,0,0,0,1
986,0,0,0,0,1
987,0,0,0,0,1
988,0,0,0,0,1
989,0,0,0,0,1
990,0,0,0,0,1
991,0,0,0,0,1
992,0,0,0,0,1
993,0,0,0,0,1
994,0,0,0,0,1
995,0,0,0,0,1
996,0,0,0,0,1
997,0,0,0,0,1
998,0,0,0,0,1
999,0,0,0,0,1
1000,0,0,0,0,1
1001,0,0,0,0,1
1002,0,0,0,0,1
1003,0,0,0,0,1
1004,0,0,0,0,1
1005,0,0,0,0,1
1006,0,0,0,0,1
1007,0,0,0,0,1
1008,0,0,0,0,1
1009,0,0,0,0,1
1010,0,0,0,0,1
1011,0,0,0,0,1
1012,0,0,0,0,1
1013,0,0,0,0,1
1014,0,0,0,0,1
1015,0,0,0,0,1
1016,0,0,0,0,1
1017,0,0,0,0,1
1018,0,0,0,0,1
1019,0,0,0,0,1
1020,0,0,0,0,1
1021,0,0,0,0,1
1022,0,0,0,0,1
1023,0,0,0,0,1
1024,0,0,0,0,1
1025,0,0,0,0,1
1026,0,0,0,0,1
1027,0,0,0,0,1
1028,0,0,0,0,1
1029,0,0,0,0,1
1030,0,0,0,0,1
1031,0,0,0,0,1
1032,0,0,0,0,1
1033,0,0,0,0,1
1034,0,0,0,0,1
1035,0,0,0,0,1
1036,0,0,0,0,1
1037,0,0,0,0,1
1038,0,0,0,0,1
1039,0,0,0,0,1
1040,0,0,0,0,1
1041,0,0,0,0,1
1042,0,0,0,0,1
1043,0,0,0,0,1
1044,0,0,0,0,1
1045,0,0,0,0,1
1046,0,0,0,0,1
1047,0,0,0,0,1
1048,0,0,0,0,1
1049,0,0,0,0,1
1050,0,0,0,0,1
1051,0,0,0,0,1
1052,0,0,0,0,1
1053,0,0,0,0,1
1054,0,0,0,0,1
1055,0,0,0,0,1
1056,0,0,0,0,1
1057,0,0,0,0,1
1058,0,0,0,0,1
1059,0,0,0,0,1
1060,0,0,0,0,1
1061,0,0,0,0,1
1062,0,0,0,0,1
1063,0,0,0,0,1
1064,0,0,0,0,1
1065,0,0,0,0,1
1066,0,0,0,0,1
1067,0,0,0,0,1
1068,0,0,0,0,1
1069,0,0,0,0,1
1070,0,0,0,0,1
1071,0,0,0,0,1
1072,0,0,0,0,1
1073,0,0,0,0,1
1074,0,0,0,0,1
1075,0,0,0,0,1
1076,0,0,0,0,1
1077,0,0,0,0,1
1078,0,0,0,0,1
1079,0,0,0,0,1
1080,0,0,0,0,1
1081,0,0,0,0,1
1082,0,0,0,0,1
1083,0,0,0,0,1
1084,0,0,0,0,1
1085,0,0,0,0,1
1086,0,0,0,0,1
1087,0,0,0,0,1
1088,0,0,0,0,1
1089,0,0,0,0,1
1090,0,0,0,0,1
1091,0,0,0,0,1
1092,0,0,0,0,1
1093,0,0,0,0,1
1094,0,0,0,0,1
1095,0,0,0,0,1
1096,0,0,0,0,1
1097,0,0,0,0,1
1098,0,0,0,0,1
1099,0,0,0,0,1
1100,0,0,0,0,1
1101,0,0,0,0,1
1102,0,0,0,0,1
1103,0,0,0,0,1
1104,0,0,0,0,1
1105,0,0,0,0,1
1106,0,0,0,0,1
1107,0,0,0,0,1
1108,0,0,0,0,1
1109,0,0,0,0,1
1110,0,0,0,0,1
1111,0,0,0,0,1
1112,0,0,0,0,1
1113,0,0,0,0,1
1114,0,0,0,0,1
1115,0,0,0,0,1
1116,0,0,0,0,1
1117,0,0,0,0,1
1118,0,0,0,0,1
1119,0,0,0,0,1
1120,0,0,0,0,1
1121,0,0,0,0,1
1122,0,0,0,0,1
1123,0,0,0,0,1
1124,0,0,0,0,1
1125,0,0,0,0,1
1126,0,0,0,0,1
1127,0,0,0,0,1
1128,0,0,0,0,1
1129,0,0,0,0,1
1130,0,0,0,0,1
1131,0,0,0,0,1
1132,0,0,0,0,1
1133,0,0,0,0,1
1134,0,0,0,0,1
1135,0,0,0,0,1
1136,0,0,0,0,1
1137,0,0,0,0,1
1138,0,0,0,0,1
1139,0,0,0,0,1
1140,0,0,0,0,1
1141,0,0,0,0,1
1142,0,0,0,0,1
1143,0,0,0,0,1
1144,0,0,0,0,1
1145,0,0,0,0,1
1146,0,0,0,0,1
1147,0,0,0,0,1
1148,0,0,0,0,1
1149,0,0,0,0,1
1150,0,0,0,0,1
1151,0,0,0,0,1
1152,0,0,0,0,1
1153,0,0,0,0,1
1154,0,0,0,0,1
1155,0,0,0,0,1
1156,0,0,0,0,1
1157,0,0,0,0,1
1158,0,0,0,0,1
1159,0,0,0,0,1
1160,0,0,0,0,1
1161,0,0,0,0,1
1162,0,0,0,0,1
1163,0,0,0,0,1
1164,0,0,0,0,1
1165,0,0,0,0,1
1166,0,0,0,0,1
1167,0,0,0,0,1
1168,0,0,0,0,1
1169,0,0,0,0,1
1170,0,0,0,0,1
1171,0,0,0,0,1
1172,0,0,0,0,1
1173,0,0,0,0,1
1174,0,0,0,0,1
1175,0,0,0,0,1
1176,0,0,0,0,1
1177,0,0,0,0,1
1178,0,0,0,0,1
1179,0,0,0,0,1
1180,0,0,0,0,1
1181,0,0,0,0,1
1182,0,0,0,0,1
1183,0,0,0,0,1
1184,0,0,0,0,1
1185,0,0,0,0,1
1186,0,0,0,0,1
1187,0,0,0,0,1
1188,0,0,0,0,1
1189,0,0,0,0,1
1190,0,0,0,0,1
1191,0,0,0,0,1
1192,0,0,0,0,1
1193,0,0,0,0,1
1194,0,0,0,0,1
1195,0,0,0,0,1
1196,0,0,0,0,1
1197,0,0,0,0,1
1198,0,0,0,0,1
1199,0,0,0,0,1
1200,0,0,0,0,1
1201,0,0,0,0,1
1202,0,0,0,0,1
1203,0,0,0,0,1
1204,0,0,0,0,1
1205,0,0,0,0,1
1206,0,0,0,0,1
1207,0,0,0,0,1
1208,0,0,0,0,1
1209,0,0,0,0,1
1210,0,0,0,0,1
1211,0,0,0,0,1
1212,0,0,0,0,1
1213,0,0,0,0,1
1214,0,0,0,0,1
1215,0,0,0,0,1
1216,0,0,0,0,1
1217,0,0,0,0,1
1218,0,0,0,0,1
1219,0,0,0,0,1
1220,0,0,0,0,1
1221,0,0,0,0,1
1222,0,0,0,0,1
1223,0,0,0,0,1
1224,0,0,0,0,1
1225,0,0,0,0,1
1226,0,0,0,0,1
1227,0,0,0,0,1
1228,0,0,0,0,1
1229,0,0,0,0,1
1230,0,0,0,0,1
1231,0,0,0,0,1
1232,0,0,0,0,1
1233,0,0,0,0,1
1234,0,0,0,0,1
1235,0,0,0,0,1
1236,0,0,0,0,1
1237,0,0,0,0,1
1238,0,0,0,0,1
1239,0,0,0,0,1
1240,0,0,0,0,1
1241,0,0,0,0,1
1242,0,0,0,0,1
1243,0,0,0,0,1
1244,0,0,0,0,1
1245,0,0,0,0,1
1246,0,0,0,0,1
1247,0,0,0,0,1
1248,0,0,0,0,1
1249,0,0,0,0,1
1250,0,0,0,0,1
1251,0,0,0,0,1
1252,0,0,0,0,1
1253,0,0,0,0,1
1254,0,0,0,0,1
1255,0,0,0,0,1
1256,0,0,0,0,1
1257,0,0,0,0,1
1258,0,0,0,0,1
1259,0,0,0,0,1
1260,0,0,0,0,1
1261,0,0,0,0,1
1262,0,0,0,0,1
1263,0,0,0,0,1
1264,0,0,0,0,1
1265,0,0,0,0,1
1266,0,0,0,0,1
1267,0,0,0,0,1
1268,0,0,0,0,1
1269,0,0,0,0,1
1270,0,0,0,0,1
1271,0,0,0,0,1
1272,0,0,0,0,1
1273,0,0,0,0,1
1274,0,0,0,0,1
1275,0,0,0,0,1
1276,0,0,0,0,1
1277,0,0,0,0,1
1278,0,0,0,0,1
1279,0,0,0,0,1
1280,0,0,0,0,1
1281,0,0,0,0,1
1282,0,0,0,0,1
1283,0,0,0,0,1
1284,0,0,0,0,1
1285,0,0,0,0,1
1286,0,0,0,0,1
1287,0,0,0,0,1
1288,0,0,0,0,1
1289,0,0,0,0,1
1290,0,0,0,0,1
1291,0,0,0,0,1
1292,0,0,0,0,1
1293,0,0,0,0,1
1294,0,0,0,0,1
1295,0,0,0,0,1
1296,0,0,0,0,1
1297,0,0,0,0,1
1298,0,0,0,0,1
1299,0,0,0,0,1
1300,0,0,0,0,1
1301,0,0,0,0,1
1302,0,0,0,0,1
1303,0,0,0,0,1
1304,0,0,0,0,1
1305,0,0,0,0,1
1306,0,0,0,0,1
1307,0,0,0,0,1
1308,0,0,0,0,1
1309,0,0,0,0,1
1310,0,0,0,0,1
1311,0,0,0,0,1
1312,0,0,0,0,1
1313,0,0,0,0,1
1314,0,0,0,0,1
1315,0,0,0,0,1
1316,0,0,0,0,1
1317,0,0,0,0,1
1318,0,0,0,0,1
1319,0,0,0,0,1
1320,0,0,0,0,1
1321,0,0,0,0,1
1322,0,0,0,0,1
1323,0,0,0,0,1
1324,0,0,0,0,1
1325,0,0,0,0,1
1326,0,0,0,0,1
1327,0,0,0,0,1
1328,0,0,0,0,1
1329,0,0,0,0,1
1330,0,0,0,0,1
1331,0,0,0,0,1
1332,0,0,0,0,1
1333,0,0,0,0,1
1334,0,0,0,0,1
1335,0,0,0,0,1
1336,0,0,0,0,1
1337,0,0,0,0,1
1338,0,0,0,0,1
1339,0,0,0,0,1
1340,0,0,0,0,1
1341,0,0,0,0,1
1342,0,0,0,0,1
1343,0,0,0,0,1
1344,0,0,0,0,1
1345,0,0,0,0,1
1346,0,0,0,0,1
1347,0,0,0,0,1
1348,0,0,0,0,1
1349,0,0,0,0,1
1350,0,0,0,0,1
1351,0,0,0,0,1
1352,0,0,0,0,1
1353,0,0,0,0,1
1354,0,0,0,0,1
1355,0,0,0,0,1
1356,0,0,0,0,1
1357,0,0,0,0,1
1358,0,0,0,0,1
1359,0,0,0,0,1
1360,0,0,0,0,1
1361,0,0,0,0,1
1362,0,0,0,0,1
1363,0,0,0,0,1
1364,0,0,0,0,1
1365,0,0,0,0,1
1366,0,0,0,0,1
1367,0,0,0,0,1
1368,0,0,0,0,1
1369,0,0,0,0,1
1370,0,0,0,0,1
1371,0,0,0,0,1
1372,0,0,0,0,1
1373,0,0,0,0,1
1374,0,0,0,0,1
1375,0,0,0,0,1
1376,0,0,0,0,1
1377,0,0,0,0,1
1378,0,0,0,0,1
1379,0,0,0,0,1
1380,0,0,0,0,1
1381,0,0,0,0,1
1382,0,0,0,0,1
1383,0,0,0,0,1
1384,0,0,0,0,1
1385,0,0,0,0,1
1386,0,0,0,0,1
1387,0,0,0,0,1
1388,0,0,0,0,1
1389,0,0,0,0,1
1390,0,0,0,0,1
1391,0,0,0,0,1
1392,0,0,0,0,1
1393,0,0,0,0,1
1394,0,0,0,0,1
1395,0,0,0,0,1
1396,0,0,0,0,1
1397,0,0,0,0,1
1398,0,0,0,0,1
1399,0,0,0,0,1
1400,0,0,0,0,1
1401,0,0,0,0,1
1402,0,0,0,0,1
1403,0,0,0,0,1
1404,0,0,0,0,1
1405,0,0,0,0,1
1406,0,0,0,0,1
1407,0,0,0,0,1
1408,0,0,0,0,1
1409,0,0,0,0,1
1410,0,0,0,0,1
1411,0,0,0,0,1
1412,0,0,0,0,1
1413,0,0,0,0,1
1414,0,0,0,0,1
1415,0,0,0,0,1
1416,0,0,0,0,1
1417,0,0,0,0,1
1418,0,0,0,0,1
1419,0,0,0,0,1
1420,0,0,0,0,1
1421,0,0,0,0,1
1422,0,0,0,0,1
1423,0,0,0,0,1
1424,0,0,0,0,1
1425,0,0,0,0,1
1426,0,0,0,0,1
1427,0,0,0,0,1
1428,0,0,0,0,1
1429,0,0,0,0,1
1430,0,0,0,0,1
1431,0,0,0,0,1
1432,0,0,0,0,1
1433,0,0,0,0,1
1434,0,0,0,0,1
1435,0,0,0,0,1
1436,0,0,0,0,1
1437,0,0,0,0,1
1438,0,0,0,0,1
1439,0,0,0,0,1
1440,0,0,0,0,1
1441,0,0,0,0,1
1442,0,0,0,0,1
1443,0,0,0,0,1
1444,0,0,0,0,1
1445,0,0,0,0,1
1446,0,0,0,0,1
1447,0,0,0,0,1
1448,0,0,0,0,1
1449,0,0,0,0,1
1450,0,0,0,0,1
1451,0,0,0,0,1
1452,0,0,0,0,1
1453,0,0,0,0,1
1454,0,0,0,0,1
1455,0,0,0,0,1
1456,0,0,0,0,1
1457,0,0,0,0,1
1458,0,0,0,0,1
1459,0,0,0,0,1
1460,0,0,0,0,1
1461,0,0,0,0,1
1462,0,0,0,0,1
1463,0,0,0,0,1
1464,0,0,0,0,1
1465,0,0,0,0,1
1466,0,0,0,0,1
1467,0,0,0,0,1
1468,0,0,0,0,1
1469,0,0,0,0,1
1470,0,0,0,0,1
1471,0,0,0,0,1
1472,0,0,0,0,1
1473,0,0,0,0,1
1474,0,0,0,0,1
1475,0,0,0,0,1
1476,0,0,0,0,1
1477,0,0,0,0,1
1478,0,0,0,0,1
1479,0,0,0,0,1
1480,0,0,0,0,1
1481,0,0,0,0,1
1482,0,0,0,0,1
1483,0,0,0,0,1
1484,0,0,0,0,1
1485,0,0,0,0,1
1486,0,0,0,0,1
1487,0,0,0,0,1
1488,0,0,0,0,1
1489,0,0,0,0,1
1490,0,0,0,0,1
1491,0,0,0,0,1
1492,0,0,0,0,1
1493,0,0,0,0,1
1494,0,0,0,0,1
1495,0,0,0,0,1
1496,0,0,0,0,1
1497,0,0,0,0,1
1498,0,0,0,0,1
1499,0,0,0,0,1
1500,0,0,0,0,1
1501,0,0,0,0,1
1502,0,0,0,0,1
1503,0,0,0,0,1
1504,0,0,0,0,1
1505,0,0,0,0,1
1506,0,0,0,0,1
1507,0,0,0,0,1
1508,0,0,0,0,1
1509,0,0,0,0,1
1510,0,0,0,0,1
1511,0,0,0,0,1
1512,0,0,0,0,1
1513,0,0,0,0,1
1514,0,0,0,0,1
1515,0,0,0,0,1
1516,0,0,0,0,1
1517,0,0,0,0,1
1518,0,0,0,0,1
1519,0,0,0,0,1
1520,0,0,0,0,1
1521,0,0,0,0,1
1522,0,0,0,0,1
1523,0,0,0,0,1
1524,0,0,0,0,1
1525,0,0,0,0,1
1526,0,0,0,0,1
1527,0,0,0,0,1
1528,0,0,0,0,1
1529,0,0,0,0,1
1530,0,0,0,0,1
1531,0,0,0,0,1
1532,0,0,0,0,1
1533,0,0,0,0,1
1534,0,0,0,0,1
1535,0,0,0,0,1
1536,0,0,0,0,1
1537,0,0,0,0,1
1538,0,0,0,0,1
1539,0,0,0,0,1
1540,0,0,0,0,1
1541,0,0,0,0,1
1542,0,0,0,0,1
1543,0,0,0,0,1
1544,0,0,0,0,1
1545,0,0,0,0,1
1546,0,0,0,0,1
1547,0,0,0,0,1
1548,0,0,0,0,1
1549,0,0,0,0,1
1550,0,0,0,0,1
1551,0,0,0,0,1
1552,0,0,0,0,1
1553,0,0,0,0,1
1554,0,0,0,0,1
1555,0,0,0,0,1
1556,0,0,0,0,1
1557,0,0,0,0,1
1558,0,0,0,0,1
1559,0,0,0,0,1
1560,0,0,0,0,1
1561,0,0,0,0,1
1562,0,0,0,0,1
1563,0,0,0,0,1
1564,0,0,0,0,1
1565,0,0,0,0,1
1566,0,0,0,0,1
1567,0,0,0,0,1
1568,0,0,0,0,1
1569,0,0,0,0,1
1570,0,0,0,0,1
1571,0,0,0,0,1
1572,0,0,0,0,1
1573,0,0,0,0,1
1574,0,0,0,0,1
1575,0,0,0,0,1
1576,0,0,0,0,1
1577,0,0,0,0,1
1578,0,0,0,0,1
1579,0,0,0,0,1
1580,0,0,0,0,1
1581,0,0,0,0,1
1582,0,0,0,0,1
1583,0,0,0,0,1
1584,0,0,0,0,1
1585,0,0,0,0,1
1586,0,0,0,0,1
1587,0,0,0,0,1
1588,0,0,0,0,1
1589,0,0,0,0,1
1590,0,0,0,0,1
1591,0,0,0,0,1
1592,0,0,0,0,1
1593,0,0,0,0,1
1594,0,0,0,0,1
1595,0,0,0,0,1
1596,0,0,0,0,1
1597,0,0,0,0,1
1598,0,0,0,0,1
1599,0,0,0,0,1
1600,0,0,0,0,1
1601,0,0,0,0,1
1602,0,0,0,0,1
1603,0,0,0,0,1
1604,0,0,0,0,1
1605,0,0,0,0,1
1606,0,0,0,0,1
1607,0,0,0,0,1
1608,0,0,0,0,1
1609,0,0,0,0,1
1610,0,0,0,0,1
1611,0,0,0,0,1
1612,0,0,0,0,1
1613,0,0,0,0,1
1614,0,0,0,0,1
1615,0,0,0,0,1
1616,0,0,0,0,1
1617,0,0,0,0,1
1618,0,0,0,0,1
1619,0,0,0,0,1
1620,0,0,0,0,1
1621,0,0,0,0,1
1622,0,0,0,0,1
1623,0,0,0,0,1
1624,0,0,0,0,1
1625,0,0,0,0,1
1626,0,0,0,0,1
1627,0,0,0,0,1
1628,0,0,0,0,1
1629,0,0,0,0,1
1630,0,0,0,0,1
1631,0,0,0,0,1
1632,0,0,0,0,1
1633,0,0,0,0,1
1634,0,0,0,0,1
1635,0,0,0,0,1
1636,0,0,0,0,1
1637,0,0,0,0,1
1638,0,0,0,0,1
1639,0,0,0,0,1
1640,0,0,0,0,1
1641,0,0,0,0,1
1642,0,0,0,0,1
1643,0,0,0,0,1
1644,0,0,0,0,1
1645,0,0,0,0,1
1646,0,0,0,0,1
1647,0,0,0,0,1
1648,0,0,0,0,1
1649,0,0,0,0,1
1650,0,0,0,0,1
1651,0,0,0,0,1
1652,0,0,0,0,1
1653,0,0,0,0,1
1654,0,0,0,0,1
1655,0,0,0,0,1
1656,0,0,0,0,1
1657,0,0,0,0,1
1658,0,0,0,0,1
1659,0,0,0,0,1
1660,0,0,0,0,1
1661,0,0,0,0,1
1662,0,0,0,0,1
1663,0,0,0,0,1
1664,0,0,0,0,1
1665,0,0,0,0,1
1666,0,0,0,0,1
1667,0,0,0,0,1
1668,0,0,0,0,1
1669,0,0,0,0,1
1670,0,0,0,0,1
1671,0,0,0,0,1
1672,0,0,0,0,1
1673,0,0,0,0,1
1674,0,0,0,0,1
1675,0,0,0,0,1
1676,0,0,0,0,1
1677,0,0,0,0,1
1678,0,0,0,0,1
1679,0,0,0,0,1
1680,0,0,0,0,1
1681,0,0,0,0,1
1682,0,0,0,0,1
1683,0,0,0,0,1
1684,0,0,0,0,1
1685,0,0,0,0,1
1686,0,0,0,0,1
1687,0,0,0,0,1
1688,0,0,0,0,1
1689,0,0,0,0,1
1690,0,0,0,0,1
1691,0,0,0,0,1
1692,0,0,0,0,1
1693,0,0,0,0,1
1694,0,0,0,0,1
1695,0,0,0,0,1
1696,0,0,0,0,1
1697,0,0,0,0,1
1698,0,0,0,0,1
1699,0,0,0,0,1
1700,0,0,0,0,1
1701,0,0,0,0,1
1702,0,0,0,0,1
1703,0,0,0,0,1
1704,0,0,0,0,1
1705,0,0,0,0,1
1706,0,0,0,0,1
1707,0,0,0,0,1
1708,0,0,0,0,1
1709,0,0,0,0,1
1710,0,0,0,0,1
1711,0,0,0,0,1
1712,0,0,0,0,1
1713,0,0,0,0,1
1714,0,0,0,0,1
1715,0,0,0,0,1
1716,0,0,0,0,1
1717,0,0,0,0,1
1718,0,0,0,0,1
1719,0,0,0,0,1
1720,0,0,0,0,1
1721,0,0,0,0,1
1722,0,0,0,0,1
1723,0,0,0,0,1
1724,0,0,0,0,1
1725,0,0,0,0,1
1726,0,0,0,0,1
1727,0,0,0,0,1
1728,0,0,0,0,1
1729,0,0,0,0,1
1730,0,0,0,0,1
1731,0,0,0,0,1
1732,0,0,0,0,1
1733,0,0,0,0,1
1734,0,0,0,0,1
1735,0,0,0,0,1
1736,0,0,0,0,1
1737,0,0,0,0,1
1738,0,0,0,0,1
1739,0,0,0,0,1
1740,0,0,0,0,1
1741,0,0,0,0,1
1742,0,0,0,0,1
1743,0,0,0,0,1
1744,0,0,0,0,1
1745,0,0,0,0,1
1746,0,0,0,0,1
1747,0,0,0,0,1
1748,0,0,0,0,1
1749,0,0,0,0,1
1750,0,0,0,0,1
1751,0,0,0,0,1
1752,0,0,0,0,1
1753,0,0,0,0,1
1754,0,0,0,0,1
1755,0,0,0,0,1
1756,0,0,0,0,1
1757,0,0,0,0,1
1758,0,0,0,0,1
1759,0,0,0,0,1
1760,0,0,0,0,1
1761,0,0,0,0,1
1762,0,0,0,0,1
1763,0,0,0,0,1
1764,0,0,0,0,1
1765,0,0,0,0,1
1766,0,0,0,0,1
1767,0,0,0,0,1
1768,0,0,0,0,1
1769,0,0,0,0,1
1770,0,0,0,0,1
1771,0,0,0,0,1
1772,0,0,0,0,1
1773,0,0,0,0,1
1774,0,0,0,0,1
1775,0,0,0,0,1
1776,0,0,0,0,1
1777,0,0,0,0,1
1778,0,0,0,0,1
1779,0,0,0,0,1
1780,0,0,0,0,1
1781,0,0,0,0,1
1782,0,0,0,0,1
1783,0,0,0,0,1
1784,0,0,0,0,1
1785,0,0,0,0,1
1786,0,0,0,0,1
1787,0,0,0,0,1
1788,0,0,0,0,1
1789,0,0,0,0,1
1790,0,0,0,0,1
1791,0,0,0,0,1
1792,0,0,0,0,1
1793,0,0,0,0,1
1794,0,0,0,0,1
1795,0,0,0,0,1
1796,0,0,0,0,1
1797,0,0,0,0,1
1798,0,0,0,0,1
1799,0,0,0,0,1
1800,0,0,0,0,1
1801,0,0,0,0,1
1802,0,0,0,0,1
1803,0,0,0,0,1
1804,0,0,0,0,1
1805,0,0,0,0,1
1806,0,0,0,0,1
1807,0,0,0,0,1
1808,0,0,0,0,1
1809,0,0,0,0,1
1810,0,0,0,0,1
1811,0,0,0,0,1
1812,0,0,0,0,1
1813,0,0,0,0,1
1814,0,0,0,0,1
1815,0,0,0,0,1
1816,0,0,0,0,1
1817,0,0,0,0,1
1818,0,0,0,0,1
1819,0,0,0,0,1
1820,0,0,0,0,1
1821,0,0,0,0,1
1822,0,0,0,0,1
1823,0,0,0,0,1
1824,0,0,0,0,1
1825,0,0,0,0,1
1826,0,0,0,0,1
1827,0,0,0,0,1
1828,0,0,0,0,1
1829,0,0,0,0,1
1830,0,0,0,0,1
1831,0,0,0,0,1
1832,0,0,0,0,1
1833,0,0,0,0,1
1834,0,0,0,0,1
1835,0,0,0,0,1
1836,0,0,0,0,1
1837,0,0,0,0,1
1838,0,0,0,0,1
1839,0,0,0,0,1
1840,0,0,0,0,1
1841,0,0,0,0,1
1842,0,0,0,0,1
1843,0,0,0,0,1
1844,0,0,0,0,1
1845,0,0,0,0,1
1846,0,0,0,0,1
1847,0,0,0,0,1
1848,0,0,0,0,1
1849,0,0,0,0,1
1850,0,0,0,0,1
1851,0,0,0,0,1
1852,0,0,0,0,1
1853,0,0,0,0,1
1854,0,0,0,0,1
1855,0,0,0,0,1
1856,0,0,1,0,0
1857,0,0,1,0,0
1858,0,0,1,0,0
1859,0,0,1,0,0
1860,0,0,1,0,0
1861,0,0,1,0,0
1862,0,0,1,0,0
1863,0,0,1,0,0
1864,0,0,1,0,0
1865,0,0,1,0,0
1866,0,0,1,0,0
1867,0,0,1,0,0
1868,0,0,1,0,0
1869,0,0,1,0,0
1870,0,0,1,0,0
1871,0,0,1,0,0
1872,0,0,1,0,0
1873,0,0,1,0,0
1874,0,0,1,0,0
1875,0,0,1,0,0
1876,0,0,1,0,0
1877,0,0,1,0,0
1878,0,0,1,0,0
1879,0,0,1,0,0
1880,0,0,1,0,0
1881,0,0,1,0,0
1882,0,0,1,0,0
1883,0,0,1,0,0
1884,0,0,0,0,1
1885,0,0,0,0,1
1886,0,0,0,0,1
1887,0,0,0,0,1
1888,0,0,0,0,1
1889,0,0,0,0,1
1890,0,0,0,0,1
1891,0,0,0,0,1
1892,0,0,0,0,1
1893,0,0,0,0,1
1894,0,0,0,0,1
1895,0,0,0,0,1
1896,0,0,0,0,1
1897,0,0,0,0,1
1898,0,0,0,0,1
1899,0,0,0,0,1
1900,0,0,0,0,1
1901,0,0,0,0,1
1902,0,0,0,0,1
1903,0,0,0,0,1
1904,0,0,0,0,1
1905,0,0,0,0,1
1906,0,0,0,0,1
1907,0,0,0,0,1
1908,0,0,0,0,1
1909,0,0,0,0,1
1910,0,0,0,0,1
1911,0,0,0,0,1
1912,0,0,0,0,1
1913,0,0,0,0,1
1914,0,0,0,0,1
1915,0,0,0,0,1
1916,0,0,0,0,1
1917,0,0,0,0,1
1918,0,0,0,0,1
1919,0,0,0,0,1
1920,0,0,0,0,1
1921,0,0,0,0,1
1922,0,0,0,0,1
1923,0,0,0,0,1
1924,0,0,0,0,1
1925,0,0,0,0,1
1926,0,0,0,0,1
1927,0,0,0,0,1
1928,0,0,0,0,1
1929,0,0,0,0,1
1930,0,0,0,0,1
1931,0,0,0,0,1
1932,0,0,0,0,1
1933,0,0,0,0,1
1934,0,0,0,0,1
1935,0,0,0,0,1
1936,0,0,0,0,1
1937,0,0,0,0,1
1938,0,0,0,0,1
1939,0,0,0,0,1
1940,0,0,0,0,1
1941,0,0,0,0,1
1942,0,0,0,0,1
1943,0,0,0,0,1
1944,0,0,0,0,1
1945,0,0,0,0,1
1946,0,0,0,0,1
1947,0,0,0,0,1
1948,0,0,0,0,1
1949,0,0,0,0,1
1950,0,0,0,0,1
1951,0,0,0,0,1
1952,0,0,0,0,1
1953,0,0,0,0,1
1954,0,0,0,0,1
1955,0,0,0,0,1
1956,0,0,0,0,1
1957,0,0,0,0,1
1958,0,0,0,0,1
1959,0,0,0,0,1
1960,0,0,0,0,1
1961,0,0,0,0,1
1962,0,0,0,0,1
1963,0,0,0,0,1
1964,0,0,0,0,1
1965,0,0,0,0,1
1966,0,0,0,0,1
1967,0,0,0,0,1
1968,0,0,0,0,1
1969,0,0,0,0,1
1970,0,0,0,0,1
1971,0,0,0,0,1
1972,0,0,0,0,1
1973,0,0,0,0,1
1974,0,0,0,0,1
1975,0,0,0,0,1
1976,0,0,0,0,1
1977,0,0,0,0,1
1978,0,0,0,0,1
1979,0,0,0,0,1
1980,0,0,0,0,1
1981,0,0,0,0,1
1982,0,0,0,0,1
1983,0,0,0,0,1
1984,0,0,0,0,1
1985,0,0,0,0,1
1986,0,0,0,0,1
1987,0,0,0,0,1
1988,0,0,0,0,1
1989,0,0,0,0,1
1990,0,0,0,0,1
1991,0,0,0,0,1
1992,0,0,0,0,1
1993,0,0,0,0,1
1994,0,0,0,0,1
1995,0,0,0,0,1
1996,0,0,0,0,1
1997,0,0,0,0,1
1998,0,0,0,0,1
1999,0,0,0,0,1
2000,0,0,0,0,1
2001,0,0,0,0,1
2002,0,0,0,0,1
2003,0,0,0,0,1
2004,0,0,0,0,1
2005,0,0,0,0,1
2006,0,0,0,0,1
2007,0,0,0,0,1
2008,0,0,0,0,1
2009,0,0,0,0,1
2010,0,0,0,0,1
2011,0,0,0,0,1
2012,0,0,0,0,1
2013,0,0,0,0,1
2014,0,0,0,0,1
2015,0,0,0,0,1
2016,0,0,0,0,1
2017,0,0,0,0,1
2018,0,0,0,0,1
2019,0,0,0,0,1
2020,0,0,0,0,1
2021,0,0,0,0,1
2022,0,0,0,0,1
2023,0,0,0,0,1
2024,0,0,0,0,1
2025,0,0,0,0,1
2026,0,0,0,0,1
2027,0,0,0,0,1
2028,0,0,0,0,1
2029,0,0,0,0,1
2030,0,0,0,0,1
2031,0,0,0,0,1
2032,0,0,0,0,1
2033,0,0,0,0,1
2034,0,0,0,0,1
2035,0,0,0,0,1
2036,0,0,0,0,1
2037,0,0,0,0,1
2038,0,0,0,0,1
2039,0,0,0,0,1
2040,0,0,0,0,1
2041,0,0,0,0,1
2042,0,0,0,0,1
2043,0,0,0,0,1
2044,0,0,0,0,1
2045,0,0,0,0,1
2046,0,0,0,0,1
2047,0,0,0,0,1
2048,0,0,0,0,1
2049,0,0,0,0,1
2050,0,0,0,0,1
2051,0,0,0,0,1
2052,0,0,0,0,1
2053,0,0,0,0,1
2054,0,0,0,0,1
2055,0,0,0,0,1
2056,0,0,0,0,1
2057,0,0,0,0,1
2058,0,0,0,0,1
2059,0,0,0,0,1
2060,0,0,0,0,1
2061,0,0,0,0,1
2062,0,0,0,0,1
2063,0,0,0,0,1
2064,0,0,0,0,1
2065,0,0,0,0,1
2066,0,0,0,0,1
2067,0,0,0,0,1
2068,0,0,0,0,1
2069,0,0,0,0,1
2070,0,0,0,0,1
2071,0,0,0,0,1
2072,0,0,0,0,1
2073,0,0,0,0,1
2074,0,0,0,0,1
2075,0,0,0,0,1
2076,0,0,0,0,1
2077,0,0,0,0,1
2078,0,0,0,0,1
2079,0,0,0,0,1
2080,0,0,0,0,1
2081,0,0,0,0,1
2082,0,0,0,0,1
2083,0,0,0,0,1
2084,0,0,0,0,1
2085,0,0,0,0,1
2086,0,0,0,0,1
2087,0,0,0,0,1
2088,0,0,0,0,1
2089,0,0,0,0,1
2090,0,0,0,0,1
2091,0,0,0,0,1
2092,0,0,0,0,1
2093,0,0,0,0,1
2094,0,0,0,0,1
2095,0,0,0,0,1
2096,0,0,0,0,1
2097,0,0,0,0,1
2098,0,0,0,0,1
2099,0,0,0,0,1
2100,0,0,0,0,1
2101,0,0,0,0,1
2102,0,0,0,0,1
2103,0,0,0,0,1
2104,0,0,0,0,1
2105,0,0,0,0,1
2106,0,0,0,0,1
2107,0,0,0,0,1
2108,0,0,0,0,1
2109,0,0,0,0,1
2110,0,0,0,0,1
2111,0,0,0,0,1
2112,0,0,0,0,1
2113,0,0,0,0,1
2114,0,0,0,0,1
2115,0,0,0,0,1
2116,0,0,0,0,1
2117,0,0,0,0,1
2118,0,0,1,0,0
2119,0,0,1,0,0
2120,0,0,1,0,0
2121,0,0,1,0,0
2122,0,0,1,0,0
2123,0,0,1,0,0
2124,0,0,1,0,0
2125,0,0,1,0,0
2126,0,0,1,0,0
2127,0,0,1,0,0
2128,0,0,1,0,0
2129,0,0,1,0,0
2130,0,0,1,0,0
2131,0,0,1,0,0
2132,0,0,1,0,0
2133,0,0,1,0,0
2134,0,0,1,0,0
2135,0,0,1,0,0
2136,0,0,1,0,0
2137,0,0,1,0,0
2138,0,0,1,0,0
2139,0,0,1,0,0
2140,0,0,1,0,0
2141,0,0,1,0,0
2142,0,0,1,0,0
2143,0,0,1,0,0
2144,0,0,1,0,0
2145,0,0,1,0,0
2146,0,0,1,0,0
2147,0,0,1,0,0
2148,0,0,1,0,0
2149,0,0,1,0,0
2150,0,0,1,0,0
2151,0,0,1,0,0
2152,0,0,1,0,0
2153,0,0,1,0,0
2154,0,0,1,0,0
2155,0,0,1,0,0
2156,0,0,1,0,0
2157,0,0,1,0,0
2158,0,0,1,0,0
2159,0,0,1,0,0
2160,0,0,1,0,0
2161,0,0,1,0,0
2162,0,0,0,0,1
2163,0,0,0,0,1
2164,0,0,0,0,1
2165,0,0,0,0,1
2166,0,0,0,0,1
2167,0,0,0,0,1
2168,0,0,0,0,1
2169,0,0,0,0,1
2170,0,0,0,0,1
2171,0,0,0,0,1
2172,0,0,0,0,1
2173,0,0,0,0,1
2174,0,0,0,0,1
2175,0,0,0,0,1
2176,0,0,0,0,1
2177,0,0,0,0,1
2178,0,0,0,0,1
2179,0,0,0,0,1
2180,0,0,0,0,1
2181,0,0,0,0,1
2182,0,0,0,0,1
2183,0,0,0,0,1
2184,0,0,0,0,1
2185,0,0,0,0,1
2186,0,0,0,0,1
2187,0,0,0,0,1
2188,0,0,0,0,1
2189,0,0,0,0,1
2190,0,0,0,0,1
2191,0,0,0,0,1
2192,0,0,0,0,1
2193,0,0,0,0,1
2194,0,0,0,0,1
2195,0,0,0,0,1
2196,0,0,0,0,1
2197,0,0,0,0,1
2198,0,0,0,0,1
2199,0,0,0,0,1
2200,0,0,0,0,1
2201,0,0,0,0,1
2202,0,0,0,0,1
2203,0,0,0,0,1
2204,0,0,0,0,1
2205,0,0,0,0,1
2206,0,0,0,0,1
2207,0,0,0,0,1
2208,0,0,0,0,1
2209,0,0,0,0,1
2210,0,0,0,0,1
2211,0,0,0,0,1
2212,0,0,0,0,1
2213,0,0,0,0,1
2214,0,0,0,0,1
2215,0,0,0,0,1
2216,0,0,0,0,1
2217,0,0,0,0,1
2218,0,0,0,0,1
2219,0,0,0,0,1
2220,0,0,0,0,1
2221,0,0,0,0,1
2222,0,0,0,0,1
2223,0,0,0,0,1
2224,0,0,0,0,1
2225,0,0,0,0,1
2226,0,0,0,0,1
2227,0,0,0,0,1
2228,0,0,0,0,1
2229,0,0,0,0,1
2230,0,0,0,0,1
2231,0,0,0,0,1
2232,0,0,0,0,1
2233,0,0,0,0,1
2234,0,0,0,0,1
2235,0,0,0,0,1
2236,0,0,0,0,1
2237,0,0,0,0,1
2238,0,0,0,0,1
2239,0,0,0,0,1
2240,0,0,0,0,1
2241,0,0,0,0,1
2242,0,0,0,0,1
2243,0,0,0,0,1
2244,0,0,0,0,1
2245,0,0,0,0,1
2246,0,0,0,0,1
2247,0,0,0,0,1
2248,0,0,0,0,1
2249,0,0,0,0,1
2250,0,0,0,0,1
2251,0,0,0,0,1
2252,0,0,0,0,1
2253,0,0,0,0,1
2254,0,0,0,0,1
2255,0,0,0,0,1
2256,0,0,0,0,1
2257,0,0,0,0,1
2258,0,0,0,0,1
2259,0,0,0,0,1
2260,0,0,0,0,1
2261,0,0,0,0,1
2262,0,0,0,0,1
2263,0,0,0,0,1
2264,0,0,0,0,1
2265,0,0,0,0,1
2266,0,0,0,0,1
2267,0,0,0,0,1
2268,0,0,0,0,1
2269,0,0,0,0,1
2270,0,0,0,0,1
2271,0,0,0,0,1
2272,0,0,0,0,1
2273,0,0,0,0,1
2274,0,0,0,0,1
2275,0,0,0,0,1
2276,0,0,0,0,1
2277,0,0,0,0,1
2278,0,0,0,0,1
2279,0,0,0,0,1
2280,0,0,0,0,1
2281,0,0,0,0,1
2282,0,0,0,0,1
2283,0,0,0,0,1
2284,0,0,0,0,1
2285,0,0,0,0,1
2286,0,0,0,0,1
2287,0,0,0,0,1
2288,0,0,0,0,1
2289,0,0,0,0,1
2290,0,0,0,0,1
2291,0,0,0,0,1
2292,0,0,0,0,1
2293,0,0,0,0,1
2294,0,0,0,0,1
2295,0,0,0,0,1
2296,0,0,0,0,1
2297,0,0,0,0,1
2298,0,0,0,0,1
2299,0,0,0,0,1
2300,0,0,0,0,1
2301,0,0,0,0,1
2302,0,0,0,0,1
2303,0,0,0,0,1
2304,0,0,0,0,1
2305,0,0,0,0,1
2306,0,0,0,0,1
2307,0,0,0,0,1
2308,0,0,0,0,1
2309,0,0,0,0,1
2310,0,0,0,0,1
2311,0,0,0,0,1
2312,0,0,0,0,1
2313,0,0,0,0,1
2314,0,0,0,0,1
2315,0,0,0,0,1
2316,0,0,0,0,1
2317,0,0,0,0,1
2318,0,0,0,0,1
2319,0,0,0,0,1
2320,0,0,0,0,1
2321,0,0,0,0,1
2322,0,0,0,0,1
2323,0,0,0,0,1
2324,0,0,0,0,1
2325,0,0,0,0,1
2326,0,0,0,0,1
2327,0,0,0,0,1
2328,0,0,0,0,1
2329,0,0,0,0,1
2330,0,0,0,0,1
2331,0,0,0,0,1
2332,0,0,0,0,1
2333,0,0,0,0,1
2334,0,0,0,0,1
2335,0,0,0,0,1
2336,0,0,0,0,1
2337,0,0,0,0,1
2338,0,0,0,0,1
2339,0,0,0,0,1
2340,0,0,0,0,1
2341,0,0,0,0,1
2342,0,0,0,0,1
2343,0,0,0,0,1
2344,0,0,0,0,1
2345,0,0,0,0,1
2346,0,0,0,0,1
2347,0,0,0,0,1
2348,0,0,0,0,1
2349,0,0,1,0,0
2350,0,0,1,0,0
2351,0,0,1,0,0
2352,0,0,1,0,0
2353,0,0,1,0,0
2354,0,0,1,0,0
2355,0,0,1,0,0
2356,0,0,1,0,0
2357,0,0,1,0,0
2358,0,0,1,0,0
2359,0,0,1,0,0
2360,0,0,1,0,0
2361,0,0,1,0,0
2362,0,0,1,0,0
2363,0,0,1,0,0
2364,0,0,1,0,0
2365,0,0,1,0,0
2366,0,0,1,0,0
2367,0,0,1,0,0
2368,0,0,1,0,0
2369,0,0,1,0,0
2370,0,0,1,0,0
2371,0,0,1,0,0
2372,0,0,1,0,0
2373,0,0,1,0,0
2374,0,0,1,0,0
2375,0,0,1,0,0
2376,0,0,1,0,0
2377,0,0,1,0,0
2378,0,0,1,0,0
2379,0,0,1,0,0
2380,0,0,1,0,0
2381,0,0,1,0,0
2382,0,0,1,0,0
2383,0,0,0,0,1
2384,0,0,0,0,1
2385,0,0,0,0,1
2386,0,0,0,0,1
2387,0,0,0,0,1
2388,0,0,0,0,1
2389,0,0,0,0,1
2390,0,0,0,0,1
2391,0,0,0,0,1
2392,0,0,0,0,1
2393,0,0,0,0,1
2394,0,0,0,0,1
2395,0,0,0,0,1
2396,0,0,0,0,1
2397,0,0,0,0,1
2398,0,0,0,0,1
2399,0,0,0,0,1
2400,0,0,0,0,1
2401,0,0,0,0,1
2402,0,0,0,0,1
2403,0,0,0,0,1
2404,0,0,0,0,1
2405,0,0,0,0,1
2406,0,0,0,0,1
2407,0,0,0,0,1
2408,0,0,0,0,1
2409,0,0,0,0,1
2410,0,0,0,0,1
2411,0,0,0,0,1
2412,0,0,0,0,1
2413,0,0,0,0,1
2414,0,0,0,0,1
2415,0,0,0,0,1
2416,0,0,0,0,1
2417,0,0,0,0,1
2418,0,0,0,0,1
2419,0,0,0,0,1
2420,0,0,0,0,1
2421,0,0,0,0,1
2422,0,0,0,0,1
2423,0,0,0,0,1
2424,0,0,0,0,1
2425,0,0,0,0,1
2426,0,0,0,0,1
2427,0,0,0,0,1
2428,0,0,0,0,1
2429,0,0,0,0,1
2430,0,0,0,0,1
2431,0,0,0,0,1
2432,0,0,0,0,1
2433,0,0,0,0,1
2434,0,0,0,0,1
2435,0,0,0,0,1
2436,0,0,0,0,1
2437,0,0,0,0,1
2438,0,0,0,0,1
2439,0,0,0,0,1
2440,0,0,0,0,1
2441,0,0,0,0,1
2442,0,0,0,0,1
2443,0,0,0,0,1
2444,0,0,0,0,1
2445,0,0,0,0,1
2446,0,0,0,0,1
2447,0,0,0,0,1
2448,0,0,0,0,1
2449,0,0,0,0,1
2450,0,0,0,0,1
2451,0,0,0,0,1
2452,0,0,0,0,1
2453,0,0,0,0,1
2454,0,0,0,0,1
2455,0,0,0,0,1
2456,0,0,0,0,1
2457,0,0,0,0,1
2458,0,0,0,0,1
2459,0,0,0,0,1
2460,0,0,0,0,1
2461,0,0,0,0,1
2462,0,0,0,0,1
2463,0,0,0,0,1
2464,0,0,0,0,1
2465,0,0,0,0,1
2466,0,0,0,0,1
2467,0,0,0,0,1
2468,0,0,0,0,1
2469,0,0,0,0,1
2470,0,0,0,0,1
2471,0,0,0,0,1
2472,0,0,0,0,1
2473,0,0,0,0,1
2474,0,0,0,0,1
2475,0,0,0,0,1
2476,0,0,0,0,1
2477,0,0,0,0,1
2478,0,0,0,0,1
2479,0,0,0,0,1
2480,0,0,0,0,1
2481,0,0,0,0,1
2482,0,0,0,0,1
2483,0,0,0,0,1
2484,0,0,0,0,1
2485,0,0,0,0,1
2486,0,0,0,0,1
2487,0,0,0,0,1
2488,0,0,0,0,1
2489,0,0,0,0,1
2490,0,0,0,0,1
2491,0,0,0,0,1
2492,0,0,0,0,1
2493,0,0,0,0,1
2494,0,0,0,0,1
2495,0,0,0,0,1
2496,0,0,0,0,1
2497,0,0,0,0,1
2498,0,0,0,0,1
2499,0,0,0,0,1
2500,0,0,0,0,1
2501,0,0,0,0,1
2502,0,0,0,0,1
2503,0,0,0,0,1
2504,0,0,0,0,1
2505,0,0,0,0,1
2506,0,0,0,0,1
2507,0,0,0,0,1
2508,0,0,0,0,1
2509,0,0,0,0,1
2510,0,0,0,0,1
2511,0,0,0,0,1
2512,0,0,0,0,1
2513,0,0,0,0,1
2514,0,0,0,0,1
2515,0,0,0,0,1
2516,0,0,0,0,1
2517,0,0,0,0,1
2518,0,0,0,0,1
2519,0,0,0,0,1
2520,0,0,0,0,1
2521,0,0,0,0,1
2522,0,0,0,0,1
2523,0,0,0,0,1
2524,0,0,0,0,1
2525,0,0,0,0,1
2526,0,0,0,0,1
2527,0,0,0,0,1
2528,0,0,0,0,1
2529,0,0,0,0,1
2530,0,0,0,0,1
2531,0,0,0,0,1
2532,0,0,0,0,1
2533,0,0,0,0,1
2534,0,0,0,0,1
2535,0,0,0,0,1
2536,0,0,0,0,1
2537,0,0,0,0,1
2538,0,0,0,0,1
2539,0,0,0,0,1
2540,0,0,0,0,1
2541,0,0,0,0,1
2542,0,0,0,0,1
2543,0,0,0,0,1
2544,0,0,0,0,1
2545,0,0,0,0,1
2546,0,0,0,0,1
2547,0,0,0,0,1
2548,0,0,0,0,1
2549,0,0,0,0,1
2550,0,0,0,0,1
2551,0,0,0,0,1
2552,0,0,0,0,1
2553,0,0,0,0,1
2554,0,0,0,0,1
2555,0,0,0,0,1
2556,0,0,0,0,1
2557,0,0,0,0,1
2558,0,0,0,0,1
2559,0,0,0,0,1
2560,0,0,0,0,1
2561,0,0,0,0,1
2562,0,0,0,0,1
2563,0,0,0,0,1
2564,0,0,0,0,1
2565,0,0,0,0,1
2566,0,0,0,0,1
2567,0,0,0,0,1
2568,0,0,0,0,1
2569,0,0,0,0,1
2570,0,0,0,0,1
2571,0,0,0,0,1
2572,0,0,0,0,1
2573,0,0,0,0,1
2574,0,0,0,0,1
2575,0,0,0,0,1
2576,0,0,0,0,1
2577,0,0,0,0,1
2578,0,0,0,0,1
2579,0,0,0,0,1
2580,0,0,0,0,1
2581,0,0,0,0,1
2582,0,0,0,0,1
2583,0,0,0,0,1
2584,0,0,0,0,1
2585,0,0,0,0,1
2586,0,0,0,0,1
2587,0,0,0,0,1
2588,0,0,0,0,1
2589,0,0,0,0,1
2590,0,0,0,0,1
2591,0,0,0,0,1
2592,0,0,0,0,1
2593,0,0,0,0,1
2594,0,0,0,0,1
2595,0,0,0,0,1
2596,0,0,0,0,1
2597,0,0,0,0,1
2598,0,0,0,0,1
2599,0,0,0,0,1
2600,0,0,0,0,1
2601,0,0,0,0,1
2602,0,0,0,0,1
2603,0,0,0,0,1
2604,0,0,0,0,1
2605,0,0,0,0,1
2606,0,0,0,0,1
2607,0,0,0,0,1
2608,0,0,0,0,1
2609,0,0,0,0,1
2610,0,0,0,0,1
2611,0,0,0,0,1
2612,0,0,0,0,1
2613,0,0,0,0,1
2614,0,0,0,0,1
2615,0,0,0,0,1
2616,0,0,0,0,1
2617,0,0,0,0,1
2618,0,0,0,0,1
2619,0,0,0,0,1
2620,0,0,0,0,1
2621,0,0,0,0,1
2622,0,0,0,0,1
2623,0,0,0,0,1
2624,0,0,0,0,1
2625,0,0,0,0,1
2626,0,0,0,0,1
2627,0,0,0,0,1
2628,0,0,0,0,1
2629,0,0,0,0,1
2630,0,0,0,0,1
2631,0,0,0,0,1
2632,0,0,0,0,1
2633,0,0,0,0,1
2634,0,0,0,0,1
2635,0,0,0,0,1
2636,0,0,0,0,1
2637,0,0,0,0,1
2638,0,0,0,0,1
2639,0,0,0,0,1
2640,0,0,0,0,1
2641,0,0,0,0,1
2642,0,0,0,0,1
2643,0,0,0,0,1
2644,0,0,0,0,1
2645,0,0,0,0,1
2646,0,0,0,0,1
2647,0,0,0,0,1
2648,0,0,0,0,1
2649,0,0,0,0,1
2650,0,0,0,0,1
2651,0,0,0,0,1
2652,0,0,0,0,1
2653,0,0,0,0,1
2654,0,0,0,0,1
2655,0,0,0,0,1
2656,0,0,0,0,1
2657,0,0,0,0,1
2658,0,0,0,0,1
2659,0,0,0,0,1
2660,0,0,0,0,1
2661,0,0,0,0,1
2662,0,0,0,0,1
2663,0,0,0,0,1
2664,0,0,0,0,1
2665,0,0,0,0,1
2666,0,0,0,0,1
2667,0,0,0,0,1
2668,0,0,0,0,1
2669,0,0,0,0,1
2670,0,0,0,0,1
2671,0,0,0,0,1
2672,0,0,0,0,1
2673,0,0,0,0,1
2674,0,0,0,0,1
2675,0,0,0,0,1
2676,0,0,0,0,1
2677,0,0,0,0,1
2678,0,0,0,0,1
2679,0,0,0,0,1
2680,0,0,0,0,1
2681,0,0,0,0,1
2682,0,0,0,0,1
2683,0,0,0,0,1
2684,0,0,0,0,1
2685,0,0,0,0,1
2686,0,0,0,0,1
2687,0,0,0,0,1
2688,0,0,0,0,1
2689,0,0,0,0,1
2690,0,0,0,0,1
2691,0,0,0,0,1
2692,0,0,0,0,1
2693,0,0,0,0,1
2694,0,0,0,0,1
2695,0,0,0,0,1
2696,0,0,0,0,1
2697,0,0,0,0,1
2698,0,0,0,0,1
2699,0,0,0,0,1
2700,0,0,0,0,1
2701,0,0,0,0,1
2702,0,0,0,0,1
2703,0,0,0,0,1
2704,0,0,0,0,1
2705,0,0,0,0,1
2706,0,0,0,0,1
2707,0,0,0,0,1
2708,0,0,0,0,1
2709,0,0,0,0,1
2710,0,0,0,0,1
2711,0,0,0,0,1
2712,0,0,0,0,1
2713,0,0,0,0,1
2714,0,0,0,0,1
2715,0,0,0,0,1
2716,0,0,0,0,1
2717,0,0,0,0,1
2718,0,0,0,0,1
2719,0,0,0,0,1
2720,0,0,0,0,1
2721,0,0,0,0,1
2722,0,0,0,0,1
2723,0,0,0,0,1
2724,0,0,0,0,1
2725,0,0,0,0,1
2726,0,0,0,0,1
2727,0,0,0,0,1
2728,0,0,0,0,1
2729,0,0,0,0,1
2730,0,0,0,0,1
2731,0,0,0,0,1
2732,0,0,0,0,1
2733,0,0,0,0,1
2734,0,0,0,0,1
2735,0,0,0,0,1
2736,0,0,0,0,1
2737,0,0,0,0,1
2738,0,0,0,0,1
2739,0,0,0,0,1
2740,0,0,0,0,1
2741,0,0,0,0,1
2742,0,0,0,0,1
2743,0,0,0,0,1
2744,0,0,0,0,1
2745,0,0,0,0,1
2746,0,0,0,0,1
2747,0,0,0,0,1
2748,0,0,0,0,1
2749,0,0,0,0,1
2750,0,0,0,0,1
2751,0,0,0,0,1
2752,0,0,0,0,1
2753,0,0,0,0,1
2754,0,0,0,0,1
2755,0,0,0,0,1
2756,0,0,0,0,1
2757,0,0,0,0,1
2758,0,0,0,0,1
2759,0,0,0,0,1
2760,0,0,0,0,1
2761,0,0,0,0,1
2762,0,0,0,0,1
2763,0,0,0,0,1
2764,0,0,0,0,1
2765,0,0,0,0,1
2766,0,0,0,0,1
2767,0,0,0,0,1
2768,0,0,0,0,1
2769,0,0,0,0,1
2770,0,0,0,0,1
2771,0,0,0,0,1
2772,0,0,0,0,1
2773,0,0,0,0,1
2774,0,0,0,0,1
2775,0,0,0,0,1
2776,0,0,0,0,1
2777,0,0,0,0,1
2778,0,0,0,0,1
2779,0,0,0,0,1
2780,0,0,0,0,1
2781,0,0,0,0,1
2782,0,0,0,0,1
2783,0,0,0,0,1
2784,0,0,0,0,1
2785,0,0,0,0,1
2786,0,0,0,0,1
2787,0,0,0,0,1
2788,0,0,0,0,1
2789,0,0,0,0,1
2790,0,0,0,0,1
2791,0,0,0,0,1
2792,0,0,0,0,1
2793,0,0,0,0,1
2794,0,0,0,0,1
2795,0,0,0,0,1
2796,0,0,0,0,1
2797,0,0,0,0,1
2798,0,0,0,0,1
2799,0,0,0,0,1
2800,0,0,0,0,1
2801,0,0,0,0,1
2802,0,0,0,0,1
2803,0,0,0,0,1
2804,0,0,0,0,1
2805,0,0,0,0,1
2806,0,0,0,0,1
2807,0,0,0,0,1
2808,0,0,0,0,1
2809,0,0,0,0,1
2810,0,0,0,0,1
2811,0,0,0,0,1
2812,0,0,0,0,1
2813,0,0,0,0,1
2814,0,0,0,0,1
2815,0,0,0,0,1
2816,0,0,0,0,1
2817,0,0,0,0,1
2818,0,0,0,0,1
2819,0,0,0,0,1
2820,0,0,0,0,1
2821,0,0,0,0,1
2822,0,0,0,0,1
2823,0,0,0,0,1
2824,0,0,0,0,1
2825,0,0,0,0,1
2826,0,0,0,0,1
2827,0,0,0,0,1
2828,0,0,0,0,1
2829,0,0,0,0,1
2830,0,0,0,0,1
2831,0,0,0,0,1
2832,0,0,0,0,1
2833,0,0,0,0,1
2834,0,0,0,0,1
2835,0,0,0,0,1
2836,0,0,0,0,1
2837,0,0,0,0,1
2838,0,0,0,0,1
2839,0,0,0,0,1
2840,0,0,0,0,1
2841,0,0,0,0,1
2842,0,0,0,0,1
2843,0,0,0,0,1
2844,0,0,0,0,1
2845,0,0,0,0,1
2846,0,0,0,0,1
2847,0,0,0,0,1
2848,0,0,0,0,1
2849,0,0,0,0,1
2850,0,0,0,0,1
2851,0,0,0,0,1
2852,0,0,0,0,1
2853,0,0,0,0,1
2854,0,0,0,0,1
2855,0,0,0,0,1
2856,0,0,0,0,1
2857,0,0,0,0,1
2858,0,0,0,0,1
2859,0,0,0,0,1
2860,0,0,0,0,1
2861,0,0,0,0,1
2862,0,0,0,0,1
2863,0,0,0,0,1
2864,0,0,0,0,1
2865,0,0,0,0,1
2866,0,0,0,0,1
2867,0,0,0,0,1
2868,0,0,0,0,1
2869,0,0,0,0,1
2870,0,0,0,0,1
2871,0,0,0,0,1
2872,0,0,0,0,1
2873,0,0,0,0,1
2874,0,0,0,0,1
2875,0,0,0,0,1
2876,0,0,0,0,1
2877,0,0,0,0,1
2878,0,0,0,0,1
2879,0,0,0,0,1
2880,0,0,0,0,1
2881,0,0,0,0,1
2882,0,0,0,0,1
2883,0,0,0,0,1
2884,0,0,0,0,1
2885,0,0,0,0,1
2886,0,0,0,0,1
2887,0,0,0,0,1
2888,0,0,0,0,1
2889,0,0,0,0,1
2890,0,0,0,0,1
2891,0,0,0,0,1
2892,0,0,0,0,1
2893,0,0,0,0,1
2894,0,0,0,0,1
2895,0,0,0,0,1
2896,0,0,0,0,1
2897,0,0,0,0,1
2898,0,0,0,0,1
2899,0,0,0,0,1
2900,0,0,0,0,1
2901,0,0,0,0,1
2902,0,0,0,0,1
2903,0,0,0,0,1
2904,0,0,0,0,1
2905,0,0,0,0,1
2906,0,0,0,0,1
2907,0,0,0,0,1
2908,0,0,0,0,1
2909,0,0,0,0,1
2910,0,0,0,0,1
2911,0,0,0,0,1
2912,0,0,0,0,1
2913,0,0,0,0,1
2914,0,0,0,0,1
2915,0,0,0,0,1
2916,0,0,0,0,1
2917,0,0,0,0,1
2918,0,0,0,0,1
2919,0,0,0,0,1
2920,0,0,0,0,1
2921,0,0,0,0,1
2922,0,0,0,0,1
2923,0,0,0,0,1
2924,0,0,0,0,1
2925,0,0,0,0,1
2926,0,0,0,0,1
2927,0,0,0,0,1
2928,0,0,0,0,1
2929,0,0,0,0,1
2930,0,0,0,0,1
2931,0,0,0,0,1
2932,0,0,0,0,1
2933,0,0,0,0,1
2934,0,0,0,0,1
2935,0,0,0,0,1
2936,0,0,0,0,1
2937,0,0,0,0,1
2938,0,0,0,0,1
2939,0,0,0,0,1
2940,0,0,0,0,1
2941,0,0,0,0,1
2942,0,0,0,0,1
2943,0,0,0,0,1
2944,0,0,0,0,1
2945,0,0,0,0,1
2946,0,0,0,0,1
2947,0,0,0,0,1
2948,0,0,0,0,1
2949,0,0,0,0,1
2950,0,0,0,0,1
2951,0,0,0,0,1
2952,0,0,0,0,1
2953,0,0,0,0,1
2954,0,0,0,0,1
2955,0,0,0,0,1
2956,0,0,0,0,1
2957,0,0,0,0,1
2958,0,0,0,0,1
2959,0,0,0,0,1
2960,0,0,0,0,1
2961,0,0,0,0,1
2962,0,0,0,0,1
2963,0,0,0,0,1
2964,0,0,0,0,1
2965,0,0,0,0,1
2966,0,0,0,0,1
2967,0,0,0,0,1
2968,0,0,0,0,1
2969,0,0,0,0,1
2970,0,0,0,0,1
2971,0,0,0,0,1
2972,0,0,0,0,1
2973,0,0,0,0,1
2974,0,0,0,0,1
2975,0,0,0,0,1
2976,0,0,0,0,1
2977,0,0,0,0,1
2978,0,0,0,0,1
2979,0,0,0,0,1
2980,0,0,0,0,1
2981,0,0,0,0,1
2982,0,0,0,0,1
2983,0,0,0,0,1
2984,0,0,0,0,1
2985,0,0,0,0,1
2986,0,0,0,0,1
2987,0,0,0,0,1
2988,0,0,0,0,1
2989,0,0,0,0,1
2990,0,0,0,0,1
2991,0,0,0,0,1
2992,0,0,0,0,1
2993,0,0,0,0,1
2994,0,0,0,0,1
2995,0,0,0,0,1
2996,0,0,0,0,1
2997,0,0,0,0,1
2998,0,0,0,0,1
2999,0,0,0,0,1
3000,0,0,0,0,1
3001,0,0,0,0,1
3002,0,0,0,0,1
3003,0,0,0,0,1
3004,0,0,0,0,1
3005,0,0,0,0,1
3006,0,0,0,0,1
3007,0,0,0,0,1
3008,0,0,0,0,1
3009,0,0,0,0,1
3010,0,0,0,0,1
3011,0,0,0,0,1
3012,0,0,0,0,1
3013,0,0,0,0,1
3014,0,0,0,0,1
3015,0,0,0,0,1
3016,0,0,0,0,1
3017,0,0,0,0,1
3018,0,0,0,0,1
3019,0,0,0,0,1
3020,0,0,0,0,1
3021,0,0,0,0,1
3022,0,0,0,0,1
3023,0,0,0,0,1
3024,0,0,0,0,1
3025,0,0,0,0,1
3026,0,0,0,0,1
3027,0,0,0,0,1
3028,0,0,0,0,1
3029,0,0,0,0,1
3030,0,0,0,0,1
3031,0,0,0,0,1
3032,0,0,0,0,1
3033,0,0,0,0,1
3034,0,0,0,0,1
3035,0,0,0,0,1
3036,0,0,0,0,1
3037,0,0,0,0,1
3038,0,0,0,0,1
3039,0,0,0,0,1
3040,0,0,0,0,1
3041,0,0,0,0,1
3042,0,0,0,0,1
3043,0,0,0,0,1
3044,0,0,0,0,1
3045,0,0,0,0,1
3046,0,0,0,0,1
3047,0,0,0,0,1
3048,0,0,0,0,1
3049,0,0,0,0,1
3050,0,0,0,0,1
3051,0,0,0,0,1
3052,0,0,0,0,1
3053,0,0,0,0,1
3054,0,0,0,0,1
3055,0,0,0,0,1
3056,0,0,0,0,1
3057,0,0,0,0,1
3058,0,0,0,0,1
3059,0,0,0,0,1
3060,0,0,0,0,1
3061,0,0,0,0,1
3062,0,0,0,0,1
3063,0,0,0,0,1
3064,0,0,0,0,1
3065,0,0,0,0,1
3066,0,0,0,0,1
3067,0,0,0,0,1
3068,0,0,0,0,1
3069,0,0,0,0,1
3070,0,0,0,0,1
3071,0,0,0,0,1
3072,0,0,0,0,1
3073,0,0,0,0,1
3074,0,0,0,0,1
3075,0,0,0,0,1
3076,0,0,0,0,1
3077,0,0,0,0,1
3078,0,0,0,0,1
3079,0,0,0,0,1
3080,0,0,0,0,1
3081,0,0,0,0,1
3082,0,0,0,0,1
3083,0,0,0,0,1
3084,0,0,0,0,1
3085,0,0,0,0,1
3086,0,0,0,0,1
3087,0,0,0,0,1
3088,0,0,0,0,1
3089,0,0,0,0,1
3090,0,0,0,0,1
3091,0,0,0,0,1
3092,0,0,0,0,1
3093,0,0,0,0,1
3094,0,0,0,0,1
3095,0,0,0,0,1
3096,0,0,0,0,1
3097,0,0,1,0,0
3098,0,0,1,0,0
3099,0,0,1,0,0
3100,0,0,1,0,0
3101,0,0,1,0,0
3102,0,0,1,0,0
3103,0,0,1,0,0
3104,0,0,1,0,0
3105,0,0,1,0,0
3106,0,0,1,0,0
3107,0,0,1,0,0
3108,0,0,1,0,0
3109,0,0,1,0,0
3110,0,0,1,0,0
3111,0,0,1,0,0
3112,0,0,1,0,0
3113,0,0,1,0,0
3114,0,0,1,0,0
3115,0,0,1,0,0
3116,0,0,1,0,0
3117,0,0,1,0,0
3118,0,0,1,0,0
3119,0,0,1,0,0
3120,0,0,1,0,0
3121,0,0,1,0,0
3122,0,0,1,0,0
3123,0,0,1,0,0
3124,0,0,1,0,0
3125,0,0,1,0,0
3126,0,0,1,0,0
3127,0,0,1,0,0
3128,0,0,1,0,0
3129,0,0,1,0,0
3130,0,0,0,0,1
3131,0,0,0,0,1
3132,0,0,0,0,1
3133,0,0,0,0,1
3134,0,0,0,0,1
3135,0,0,0,0,1
3136,0,0,0,0,1
3137,0,0,0,0,1
3138,0,0,0,0,1
3139,0,0,0,0,1
3140,0,0,0,0,1
3141,0,0,0,0,1
3142,0,0,0,0,1
3143,0,0,0,0,1
3144,0,0,0,0,1
3145,0,0,0,0,1
3146,0,0,0,0,1
3147,0,0,0,0,1
3148,0,0,0,0,1
3149,0,0,0,0,1
3150,0,0,0,0,1
3151,0,0,0,0,1
3152,0,0,0,0,1
3153,0,0,0,0,1
3154,0,0,0,0,1
3155,0,0,0,0,1
3156,0,0,0,0,1
3157,0,0,0,0,1
3158,0,0,0,0,1
3159,0,0,0,0,1
3160,0,0,0,0,1
3161,0,0,1,0,0
3162,0,0,1,0,0
3163,0,0,1,0,0
3164,0,0,1,0,0
3165,0,0,1,0,0
3166,0,0,1,0,0
3167,0,0,1,0,0
3168,0,0,1,0,0
3169,0,0,1,0,0
3170,0,0,1,0,0
3171,0,0,1,0,0
3172,0,0,1,0,0
3173,0,0,1,0,0
3174,0,0,1,0,0
3175,0,0,1,0,0
3176,0,0,1,0,0
3177,0,0,1,0,0
3178,0,0,1,0,0
3179,0,0,1,0,0
3180,0,0,1,0,0
3181,0,0,1,0,0
3182,0,0,1,0,0
3183,0,0,1,0,0
3184,0,0,1,0,0
3185,0,0,1,0,0
3186,0,0,1,0,0
3187,0,0,1,0,0
3188,0,0,1,0,0
3189,0,0,1,0,0
3190,0,0,1,0,0
3191,0,0,1,0,0
3192,0,0,1,0,0
3193,0,0,1,0,0
3194,0,0,1,0,0
3195,0,0,1,0,0
3196,0,0,1,0,0
3197,0,0,1,0,0
3198,0,0,1,0,0
3199,0,0,1,0,0
3200,0,0,1,0,0
3201,0,0,1,0,0
3202,0,0,1,0,0
3203,0,0,1,0,0
3204,0,0,1,0,0
3205,0,0,1,0,0
3206,0,0,1,0,0
3207,0,0,1,0,0
3208,0,0,0,0,1
3209,0,0,0,0,1
3210,0,0,0,0,1
3211,0,0,0,0,1
3212,0,0,0,0,1
3213,0,0,0,0,1
3214,0,0,0,0,1
3215,0,0,0,0,1
3216,0,0,0,0,1
3217,0,0,0,0,1
3218,0,0,0,0,1
3219,0,0,0,0,1
3220,0,0,0,0,1
3221,0,0,0,0,1
3222,0,0,0,0,1
3223,0,0,0,0,1
3224,0,0,0,0,1
3225,0,0,0,0,1
3226,0,0,0,0,1
3227,0,0,0,0,1
3228,0,0,0,0,1
3229,0,0,0,0,1
3230,0,0,0,0,1
3231,0,0,0,0,1
3232,0,0,0,0,1
3233,0,0,0,0,1
3234,0,0,0,0,1
3235,0,0,0,0,1
3236,0,0,0,0,1
3237,0,0,0,0,1
3238,0,0,0,0,1
3239,0,0,0,0,1
3240,0,0,0,0,1
3241,0,0,0,0,1
3242,0,0,0,0,1
3243,0,0,0,0,1
3244,0,0,0,0,1
3245,0,0,0,0,1
3246,0,0,0,0,1
3247,0,0,0,0,1
3248,0,0,0,0,1
3249,0,0,0,0,1
3250,0,0,0,0,1
3251,0,0,0,0,1
3252,0,0,0,0,1
3253,0,0,0,0,1
3254,0,0,0,0,1
3255,0,0,0,0,1
3256,0,0,0,0,1
3257,0,0,0,0,1
3258,0,0,0,0,1
3259,0,0,0,0,1
3260,0,0,0,0,1
3261,0,0,0,0,1
3262,0,0,0,0,1
3263,0,0,0,0,1
3264,0,0,0,0,1
3265,0,0,0,0,1
3266,0,0,0,0,1
3267,0,0,0,0,1
3268,0,0,0,0,1
3269,0,0,0,0,1
3270,0,0,0,0,1
3271,0,0,0,0,1
3272,0,0,0,0,1
3273,0,0,0,0,1
3274,0,0,0,0,1
3275,0,0,0,0,1
3276,0,0,0,0,1
3277,0,0,0,0,1
3278,0,0,0,0,1
3279,0,0,0,0,1
3280,0,0,0,0,1
3281,0,0,0,0,1
3282,0,0,0,0,1
3283,0,0,0,0,1
3284,0,0,0,0,1
3285,0,0,0,0,1
3286,0,0,0,0,1
3287,0,0,0,0,1
3288,0,0,0,0,1
3289,0,0,0,0,1
3290,0,0,0,0,1
3291,0,0,0,0,1
3292,0,0,0,0,1
3293,0,0,0,0,1
3294,0,0,0,0,1
3295,0,0,0,0,1
3296,0,0,0,0,1
3297,0,0,0,0,1
3298,0,0,0,0,1
3299,0,0,0,0,1
3300,0,0,0,0,1
3301,0,0,0,0,1
3302,0,0,0,0,1
3303,0,0,0,0,1
3304,0,0,0,0,1
3305,0,0,0,0,1
3306,0,0,0,0,1
3307,0,0,0,0,1
3308,0,0,0,0,1
3309,0,0,0,0,1
3310,0,0,0,0,1
3311,0,0,0,0,1
3312,0,0,0,0,1
3313,0,0,0,0,1
3314,0,0,0,0,1
3315,0,0,0,0,1
3316,0,0,0,0,1
3317,0,0,0,0,1
3318,0,0,0,0,1
3319,0,0,0,0,1
3320,0,0,0,0,1
3321,0,0,0,0,1
3322,0,0,0,0,1
3323,0,0,0,0,1
3324,0,0,0,0,1
3325,0,0,0,0,1
3326,0,0,0,0,1
3327,0,0,0,0,1
3328,0,0,0,0,1
3329,0,0,0,0,1
3330,0,0,0,0,1
3331,0,0,0,0,1
3332,0,0,0,0,1
3333,0,0,0,0,1
3334,0,0,0,0,1
3335,0,0,0,0,1
3336,0,0,0,0,1
3337,0,0,0,0,1
3338,0,0,0,0,1
3339,0,0,0,0,1
3340,0,0,0,0,1
3341,0,0,0,0,1
3342,0,0,0,0,1
3343,0,0,0,0,1
3344,0,0,0,0,1
3345,0,0,0,0,1
3346,0,0,0,0,1
3347,0,0,0,0,1
3348,0,0,0,0,1
3349,0,0,0,0,1
3350,0,0,0,0,1
3351,0,0,0,0,1
3352,0,0,0,0,1
3353,0,0,0,0,1
3354,0,0,0,0,1
3355,0,0,0,0,1
3356,0,0,0,0,1
3357,0,0,0,0,1
3358,0,0,0,0,1
3359,0,0,0,0,1
3360,0,0,0,0,1
3361,0,0,0,0,1
3362,0,0,0,0,1
3363,0,0,0,0,1
3364,0,0,0,0,1
3365,0,0,0,0,1
3366,0,0,0,0,1
3367,0,0,0,0,1
3368,0,0,0,0,1
3369,0,0,0,0,1
3370,0,0,0,0,1
3371,0,0,0,0,1
3372,0,0,0,0,1
3373,0,0,0,0,1
3374,0,0,0,0,1
3375,0,0,0,0,1
3376,0,0,0,0,1
3377,0,0,0,0,1
3378,0,0,0,0,1
3379,0,0,0,0,1
3380,0,0,0,0,1
3381,0,0,0,0,1
3382,0,0,0,0,1
3383,0,0,0,0,1
3384,0,0,0,0,1
3385,0,0,0,0,1
3386,0,0,0,0,1
3387,0,0,0,0,1
3388,0,0,0,0,1
3389,0,0,0,0,1
3390,0,0,0,0,1
3391,0,0,0,0,1
3392,0,0,0,0,1
3393,0,0,0,0,1
3394,0,0,0,0,1
3395,0,0,0,0,1
3396,0,0,0,0,1
3397,0,0,0,0,1
3398,0,0,0,0,1
3399,0,0,0,0,1
3400,0,0,0,0,1
3401,0,0,0,0,1
3402,0,0,0,0,1
3403,0,0,0,0,1
3404,0,0,0,0,1
3405,0,0,0,0,1
3406,0,0,0,0,1
3407,0,0,0,0,1
3408,0,0,0,0,1
3409,0,0,0,0,1
3410,0,0,0,0,1
3411,0,0,0,0,1
3412,0,0,0,0,1
3413,0,0,0,0,1
3414,0,0,0,0,1
3415,0,0,0,0,1
3416,0,0,0,0,1
3417,0,0,0,0,1
3418,0,0,0,0,1
3419,0,0,0,0,1
3420,0,0,0,0,1
3421,0,0,0,0,1
3422,0,0,0,0,1
3423,0,0,0,0,1
3424,0,0,0,0,1
3425,0,0,0,0,1
3426,0,0,0,0,1
3427,0,0,0,0,1
3428,0,0,0,0,1
3429,0,0,0,0,1
3430,0,0,0,0,1
3431,0,0,0,0,1
3432,0,0,0,0,1
3433,0,0,0,0,1
3434,0,0,0,0,1
3435,0,0,0,0,1
3436,0,0,0,0,1
3437,0,0,0,0,1
3438,0,0,0,0,1
3439,0,0,0,0,1
3440,0,0,0,0,1
3441,0,0,0,0,1
3442,0,0,0,0,1
3443,0,0,0,0,1
3444,0,0,0,0,1
3445,0,0,0,0,1
3446,0,0,0,0,1
3447,0,0,0,0,1
3448,0,0,0,0,1
3449,0,0,0,0,1
3450,0,0,0,0,1
3451,0,0,0,0,1
3452,0,0,0,0,1
3453,0,0,0,0,1
3454,0,0,0,0,1
3455,0,0,0,0,1
3456,0,0,0,0,1
3457,0,0,0,0,1
3458,0,0,0,0,1
3459,0,0,0,0,1
3460,0,0,0,0,1
3461,0,0,0,0,1
3462,0,0,0,0,1
3463,0,0,0,0,1
3464,0,0,0,0,1
3465,0,0,0,0,1
3466,0,0,0,0,1
3467,0,0,0,0,1
3468,0,0,0,0,1
3469,0,0,0,0,1
3470,0,0,0,0,1
3471,0,0,0,0,1
3472,0,0,0,0,1
3473,0,0,0,0,1
3474,0,0,0,0,1
3475,0,0,0,0,1
3476,0,0,0,0,1
3477,0,0,0,0,1
3478,0,0,0,0,1
3479,0,0,0,0,1
3480,0,0,0,0,1
3481,0,0,0,0,1
3482,0,0,0,0,1
3483,0,0,0,0,1
3484,0,0,0,0,1
3485,0,0,0,0,1
3486,0,0,0,0,1
3487,0,0,0,0,1
3488,0,0,0,0,1
3489,0,0,0,0,1
3490,0,0,0,0,1
3491,0,0,0,0,1
3492,0,0,0,0,1
3493,0,0,0,0,1
3494,0,0,0,0,1
3495,0,0,0,0,1
3496,0,0,0,0,1
3497,0,0,0,0,1
3498,0,0,0,0,1
3499,0,0,0,0,1
3500,0,0,0,0,1
3501,0,0,0,0,1
3502,0,0,0,0,1
3503,0,0,0,0,1
3504,0,0,0,0,1
3505,0,0,0,0,1
3506,0,0,0,0,1
3507,0,0,0,0,1
3508,0,0,0,0,1
3509,0,0,0,0,1
3510,0,0,0,0,1
3511,0,0,0,0,1
3512,0,0,0,0,1
3513,0,0,0,0,1
3514,0,0,0,0,1
3515,0,0,0,0,1
3516,0,0,0,0,1
3517,0,0,0,0,1
3518,0,0,0,0,1
3519,0,0,0,0,1
3520,0,0,0,0,1
3521,0,0,0,0,1
3522,0,0,0,0,1
3523,0,0,0,0,1
3524,0,0,0,0,1
3525,0,0,0,0,1
3526,0,0,0,0,1
3527,0,0,0,0,1
3528,0,0,0,0,1
3529,0,0,0,0,1
3530,0,0,0,0,1
3531,0,0,0,0,1
3532,0,0,0,0,1
3533,0,0,0,0,1
3534,0,0,0,0,1
3535,0,0,0,0,1
3536,0,0,0,0,1
3537,0,0,0,0,1
3538,0,0,0,0,1
3539,0,0,0,0,1
3540,0,0,0,0,1
3541,0,0,0,0,1
3542,0,0,0,0,1
3543,0,0,0,0,1
3544,0,0,0,0,1
3545,0,0,0,0,1
3546,0,0,0,0,1
3547,0,0,0,0,1
3548,0,0,0,0,1
3549,0,0,0,0,1
3550,0,0,0,0,1
3551,0,0,0,0,1
3552,0,0,0,0,1
3553,0,0,0,0,1
3554,0,0,0,0,1
3555,0,0,0,0,1
3556,0,0,0,0,1
3557,0,0,0,0,1
3558,0,0,0,0,1
3559,0,0,0,0,1
3560,0,0,0,0,1
3561,0,0,0,0,1
3562,0,0,0,0,1
3563,0,0,0,0,1
3564,0,0,0,0,1
3565,0,0,0,0,1
3566,0,0,0,0,1
3567,0,0,0,0,1
3568,0,0,0,0,1
3569,0,0,0,0,1
3570,0,0,0,0,1
3571,0,0,0,0,1
3572,0,0,0,0,1
3573,0,0,0,0,1
3574,0,0,0,0,1
3575,0,0,0,0,1
3576,0,0,0,0,1
3577,0,0,0,0,1
3578,0,0,0,0,1
3579,0,0,0,0,1
3580,0,0,0,0,1
3581,0,0,0,0,1
3582,0,0,0,0,1
3583,1,0,0,0,0
3584,1,0,0,0,0
3585,1,0,0,0,0
3586,1,0,0,0,0
3587,1,0,0,0,0
3588,1,0,0,0,0
3589,1,0,0,0,0
3590,1,0,0,0,0
3591,1,0,0,0,0
3592,1,0,0,0,0
3593,1,0,0,0,0
3594,1,0,0,0,0
3595,1,0,0,0,0
3596,1,0,0,0,0
3597,1,0,0,0,0
3598,1,0,0,0,0
3599,1,0,0,0,0
3600,1,0,0,0,0
3601,1,0,0,0,0
3602,1,0,0,0,0
3603,1,0,0,0,0
3604,1,0,0,0,0
3605,1,0,0,0,0
3606,1,0,0,0,0
3607,1,0,0,0,0
3608,1,0,0,0,0
3609,1,0,0,0,0
3610,1,0,0,0,0
3611,1,0,0,0,0
3612,1,0,0,0,0
3613,1,0,0,0,0
3614,1,0,0,0,0
3615,1,0,0,0,0
3616,1,0,0,0,0
3617,1,0,0,0,0
3618,1,0,0,0,0
3619,1,0,0,0,0
3620,1,0,0,0,0
3621,1,0,0,0,0
3622,1,0,0,0,0
3623,1,0,0,0,0
3624,1,0,0,0,0
3625,1,0,0,0,0
3626,1,0,0,0,0
3627,1,0,0,0,0
3628,1,0,0,0,0
3629,1,0,0,0,0
3630,1,0,0,0,0
3631,1,0,0,0,0
3632,1,0,0,0,0
3633,1,0,0,0,0
3634,1,0,0,0,0
3635,1,0,0,0,0
3636,1,0,0,0,0
3637,1,0,0,0,0
3638,1,0,0,0,0
3639,1,0,0,0,0
3640,1,0,0,0,0
3641,1,0,0,0,0
3642,1,0,0,0,0
3643,1,0,0,0,0
3644,1,0,0,0,0
3645,1,0,0,0,0
3646,1,0,0,0,0
3647,1,0,0,0,0
3648,1,0,0,0,0
3649,1,0,0,0,0
3650,1,0,0,0,0
3651,1,0,0,0,0
3652,1,0,0,0,0
3653,1,0,0,0,0
3654,1,0,0,0,0
3655,1,0,0,0,0
3656,1,0,0,0,0
3657,1,0,0,0,0
3658,1,0,0,0,0
3659,1,0,0,0,0
3660,1,0,0,0,0
3661,1,0,0,0,0
3662,1,0,0,0,0
3663,1,0,0,0,0
3664,1,0,0,0,0
3665,1,0,0,0,0
3666,1,0,0,0,0
3667,1,0,0,0,0
3668,1,0,0,0,0
3669,1,0,0,0,0
3670,1,0,0,0,0
3671,1,0,0,0,0
3672,1,0,0,0,0
3673,1,0,0,0,0
3674,1,0,0,0,0
3675,1,0,0,0,0
3676,1,0,0,0,0
3677,1,0,0,0,0
3678,1,0,0,0,0
3679,1,0,0,0,0
3680,1,0,0,0,0
3681,1,0,0,0,0
3682,1,0,0,0,0
3683,1,0,0,0,0
3684,1,0,0,0,0
3685,1,0,0,0,0
3686,1,0,0,0,0
3687,1,0,0,0,0
3688,1,0,0,0,0
3689,1,0,0,0,0
3690,1,0,0,0,0
3691,1,0,0,0,0
3692,1,0,0,0,0
3693,1,0,0,0,0
3694,1,0,0,0,0
3695,1,0,0,0,0
3696,1,0,0,0,0
3697,1,0,0,0,0
3698,1,0,0,0,0
3699,1,0,0,0,0
3700,1,0,0,0,0
3701,1,0,0,0,0
3702,1,0,0,0,0
3703,1,0,0,0,0
3704,1,0,0,0,0
3705,1,0,0,0,0
3706,1,0,0,0,0
3707,1,0,0,0,0
3708,1,0,0,0,0
3709,1,0,0,0,0
3710,1,0,0,0,0
3711,1,0,0,0,0
3712,1,0,0,0,0
3713,1,0,0,0,0
3714,1,0,0,0,0
3715,1,0,0,0,0
3716,1,0,0,0,0
3717,1,0,0,0,0
3718,1,0,0,0,0
3719,1,0,0,0,0
3720,1,0,0,0,0
3721,1,0,0,0,0
3722,1,0,0,0,0
3723,1,0,0,0,0
3724,1,0,0,0,0
3725,1,0,0,0,0
3726,1,0,0,0,0
3727,1,0,0,0,0
3728,1,0,0,0,0
3729,1,0,0,0,0
3730,1,0,0,0,0
3731,1,0,0,0,0
3732,1,0,0,0,0
3733,1,0,0,0,0
3734,1,0,0,0,0
3735,1,0,0,0,0
3736,0,0,0,0,1
3737,0,0,0,0,1
3738,0,0,0,0,1
3739,0,0,0,0,1
3740,0,0,0,0,1
3741,0,0,0,0,1
3742,0,0,0,0,1
3743,0,0,0,0,1
3744,0,0,0,0,1
3745,0,0,0,0,1
3746,0,0,0,0,1
3747,0,0,0,0,1
3748,0,0,0,0,1
3749,0,0,0,0,1
3750,0,0,0,0,1
3751,0,0,0,0,1
3752,0,0,0,0,1
3753,0,0,0,0,1
3754,0,0,0,0,1
3755,0,0,0,0,1
3756,0,0,0,0,1
3757,0,0,0,0,1
3758,0,0,0,0,1
3759,0,0,0,0,1
3760,0,0,0,0,1
3761,0,0,0,0,1
3762,0,0,0,0,1
3763,0,0,0,0,1
3764,0,0,0,0,1
3765,0,0,0,0,1
3766,0,0,0,0,1
3767,0,0,0,0,1
3768,0,0,0,0,1
3769,0,0,0,0,1
3770,0,0,0,0,1
3771,0,0,0,0,1
3772,0,0,0,0,1
3773,0,0,0,0,1
3774,0,0,0,0,1
3775,0,0,0,0,1
3776,0,0,0,0,1
3777,0,0,0,0,1
3778,0,0,0,0,1
3779,0,0,0,0,1
3780,0,0,0,0,1
3781,0,0,0,0,1
3782,0,0,0,0,1
3783,0,0,0,0,1
3784,0,0,0,0,1
3785,0,0,0,0,1
3786,0,0,0,0,1
3787,0,0,0,0,1
3788,0,0,0,0,1
3789,0,0,0,0,1
3790,0,0,0,0,1
3791,0,0,0,0,1
3792,0,0,0,0,1
3793,0,0,0,0,1
3794,0,0,0,0,1
3795,0,0,0,0,1
3796,0,0,0,0,1
3797,0,0,0,0,1
3798,0,0,0,0,1
3799,0,0,0,0,1
3800,0,0,0,0,1
3801,0,0,0,0,1
3802,0,0,0,0,1
3803,0,0,0,0,1
3804,1,0,0,0,0
3805,1,0,0,0,0
3806,1,0,0,0,0
3807,1,0,0,0,0
3808,1,0,0,0,0
3809,1,0,0,0,0
3810,1,0,0,0,0
3811,1,0,0,0,0
3812,1,0,0,0,0
3813,1,0,0,0,0
3814,1,0,0,0,0
3815,1,0,0,0,0
3816,1,0,0,0,0
3817,1,0,0,0,0
3818,1,0,0,0,0
3819,1,0,0,0,0
3820,1,0,0,0,0
3821,1,0,0,0,0
3822,1,0,0,0,0
3823,1,0,0,0,0
3824,1,0,0,0,0
3825,1,0,0,0,0
3826,1,0,0,0,0
3827,1,0,0,0,0
3828,1,0,0,0,0
3829,1,0,0,0,0
3830,1,0,0,0,0
3831,1,0,0,0,0
3832,1,0,0,0,0
3833,1,0,0,0,0
3834,1,0,0,0,0
3835,1,0,0,0,0
3836,1,0,0,0,0
3837,1,0,0,0,0
3838,1,0,0,0,0
3839,1,0,0,0,0
3840,1,0,0,0,0
3841,1,0,0,0,0
3842,1,0,0,0,0
3843,1,0,0,0,0
3844,1,0,0,0,0
3845,1,0,0,0,0
3846,1,0,0,0,0
3847,1,0,0,0,0
3848,1,0,0,0,0
3849,1,0,0,0,0
3850,1,0,0,0,0
3851,1,0,0,0,0
3852,1,0,0,0,0
3853,1,0,0,0,0
3854,1,0,0,0,0
3855,1,0,0,0,0
3856,1,0,0,0,0
3857,1,0,0,0,0
3858,1,0,0,0,0
3859,1,0,0,0,0
3860,1,0,0,0,0
3861,1,0,0,0,0
3862,1,0,0,0,0
3863,1,0,0,0,0
3864,1,0,0,0,0
3865,1,0,0,0,0
3866,1,0,0,0,0
3867,1,0,0,0,0
3868,1,0,0,0,0
3869,1,0,0,0,0
3870,1,0,0,0,0
3871,1,0,0,0,0
3872,1,0,0,0,0
3873,1,0,0,0,0
3874,1,0,0,0,0
3875,1,0,0,0,0
3876,1,0,0,0,0
3877,1,0,0,0,0
3878,1,0,0,0,0
3879,1,0,0,0,0
3880,1,0,0,0,0
3881,1,0,0,0,0
3882,1,0,0,0,0
3883,1,0,0,0,0
3884,1,0,0,0,0
3885,1,0,0,0,0
3886,1,0,0,0,0
3887,1,0,0,0,0
3888,1,0,0,0,0
3889,1,0,0,0,0
3890,1,0,0,0,0
3891,1,0,0,0,0
3892,1,0,0,0,0
3893,1,0,0,0,0
3894,1,0,0,0,0
3895,1,0,0,0,0
3896,1,0,0,0,0
3897,1,0,0,0,0
3898,1,0,0,0,0
3899,1,0,0,0,0
3900,1,0,0,0,0
3901,1,0,0,0,0
3902,1,0,0,0,0
3903,1,0,0,0,0
3904,1,0,0,0,0
3905,1,0,0,0,0
3906,1,0,0,0,0
3907,1,0,0,0,0
3908,1,0,0,0,0
3909,1,0,0,0,0
3910,1,0,0,0,0
3911,1,0,0,0,0
3912,1,0,0,0,0
3913,1,0,0,0,0
3914,1,0,0,0,0
3915,1,0,0,0,0
3916,1,0,0,0,0
3917,1,0,0,0,0
3918,1,0,0,0,0
3919,1,0,0,0,0
3920,1,0,0,0,0
3921,1,0,0,0,0
3922,1,0,0,0,0
3923,1,0,0,0,0
3924,1,0,0,0,0
3925,1,0,0,0,0
3926,1,0,0,0,0
3927,1,0,0,0,0
3928,1,0,0,0,0
3929,1,0,0,0,0
3930,1,0,0,0,0
3931,1,0,0,0,0
3932,1,0,0,0,0
3933,1,0,0,0,0
3934,1,0,0,0,0
3935,1,0,0,0,0
3936,1,0,0,0,0
3937,1,0,0,0,0
3938,1,0,0,0,0
3939,1,0,0,0,0
3940,1,0,0,0,0
3941,1,0,0,0,0
3942,1,0,0,0,0
3943,1,0,0,0,0
3944,1,0,0,0,0
3945,1,0,0,0,0
3946,1,0,0,0,0
3947,1,0,0,0,0
3948,1,0,0,0,0
3949,1,0,0,0,0
3950,1,0,0,0,0
3951,1,0,0,0,0
3952,1,0,0,0,0
3953,0,0,0,0,1
3954,0,0,0,0,1
3955,0,0,0,0,1
3956,0,0,0,0,1
3957,0,0,0,0,1
3958,0,0,0,0,1
3959,0,0,0,0,1
3960,0,0,0,0,1
3961,0,0,0,0,1
3962,0,0,0,0,1
3963,0,0,0,0,1
3964,0,0,0,0,1
3965,0,0,0,0,1
3966,0,0,0,0,1
3967,0,0,0,0,1
3968,0,0,0,0,1
3969,0,0,0,0,1
3970,0,0,0,0,1
3971,0,0,0,0,1
3972,0,0,0,0,1
3973,0,0,0,0,1
3974,0,0,0,0,1
3975,0,0,0,0,1
3976,0,0,0,0,1
3977,0,0,0,0,1
3978,0,0,0,0,1
3979,0,0,0,0,1
3980,0,0,0,0,1
3981,0,0,0,0,1
3982,0,0,0,0,1
3983,0,0,0,0,1
3984,0,0,0,0,1
3985,0,0,0,0,1
3986,0,0,0,0,1
3987,0,0,0,0,1
3988,0,0,0,0,1
3989,0,0,0,0,1
3990,0,0,0,0,1
3991,0,0,0,0,1
3992,0,0,0,0,1
3993,0,0,0,0,1
3994,0,0,0,0,1
3995,0,0,0,0,1
3996,0,0,0,0,1
3997,0,0,0,0,1
3998,0,0,0,0,1
3999,0,0,0,0,1
4000,0,0,0,0,1
4001,0,0,0,0,1
4002,0,0,0,0,1
4003,0,0,0,0,1
4004,0,0,0,0,1
4005,0,0,0,0,1
4006,0,0,0,0,1
4007,0,0,0,0,1
4008,0,0,0,0,1
4009,0,0,0,0,1
4010,1,0,0,0,0
4011,1,0,0,0,0
4012,1,0,0,0,0
4013,1,0,0,0,0
4014,1,0,0,0,0
4015,1,0,0,0,0
4016,1,0,0,0,0
4017,1,0,0,0,0
4018,1,0,0,0,0
4019,1,0,0,0,0
4020,1,0,0,0,0
4021,1,0,0,0,0
4022,1,0,0,0,0
4023,1,0,0,0,0
4024,1,0,0,0,0
4025,1,0,0,0,0
4026,1,0,0,0,0
4027,1,0,0,0,0
4028,1,0,0,0,0
4029,1,0,0,0,0
4030,1,0,0,0,0
4031,1,0,0,0,0
4032,1,0,0,0,0
4033,1,0,0,0,0
4034,1,0,0,0,0
4035,1,0,0,0,0
4036,1,0,0,0,0
4037,1,0,0,0,0
4038,1,0,0,0,0
4039,1,0,0,0,0
4040,1,0,0,0,0
4041,1,0,0,0,0
4042,1,0,0,0,0
4043,1,0,0,0,0
4044,1,0,0,0,0
4045,1,0,0,0,0
4046,1,0,0,0,0
4047,1,0,0,0,0
4048,1,0,0,0,0
4049,1,0,0,0,0
4050,1,0,0,0,0
4051,1,0,0,0,0
4052,1,0,0,0,0
4053,1,0,0,0,0
4054,1,0,0,0,0
4055,1,0,0,0,0
4056,1,0,0,0,0
4057,1,0,0,0,0
4058,1,0,0,0,0
4059,1,0,0,0,0
4060,1,0,0,0,0
4061,1,0,0,0,0
4062,1,0,0,0,0
4063,1,0,0,0,0
4064,1,0,0,0,0
4065,1,0,0,0,0
4066,1,0,0,0,0
4067,1,0,0,0,0
4068,1,0,0,0,0
4069,1,0,0,0,0
4070,1,0,0,0,0
4071,1,0,0,0,0
4072,1,0,0,0,0
4073,1,0,0,0,0
4074,1,0,0,0,0
4075,1,0,0,0,0
4076,1,0,0,0,0
4077,1,0,0,0,0
4078,1,0,0,0,0
4079,1,0,0,0,0
4080,1,0,0,0,0
4081,1,0,0,0,0
4082,1,0,0,0,0
4083,1,0,0,0,0
4084,1,0,0,0,0
4085,0,1,0,0,0
4086,0,1,0,0,0
4087,0,1,0,0,0
4088,0,1,0,0,0
4089,0,1,0,0,0
4090,0,1,0,0,0
4091,0,1,0,0,0
4092,0,1,0,0,0
4093,0,1,0,0,0
4094,0,1,0,0,0
4095,0,0,0,0,1
4096,0,0,0,0,1
4097,0,0,0,0,1
4098,0,0,0,0,1
4099,0,0,0,0,1
4100,0,0,0,0,1
4101,0,0,0,0,1
4102,0,0,0,0,1
4103,0,0,0,0,1
4104,0,0,0,0,1
4105,0,0,0,0,1
4106,0,0,0,0,1
4107,0,0,0,0,1
4108,0,0,0,0,1
4109,0,0,0,0,1
4110,0,0,0,0,1
4111,0,0,0,0,1
4112,0,0,0,0,1
4113,0,0,0,0,1
4114,0,0,0,0,1
4115,0,0,0,0,1
4116,0,0,0,0,1
4117,0,0,0,0,1
4118,0,0,0,0,1
4119,0,0,0,0,1
4120,0,0,0,0,1
4121,0,0,0,0,1
4122,0,0,0,0,1
4123,0,0,0,0,1
4124,1,0,0,0,0
4125,1,0,0,0,0
4126,1,0,0,0,0
4127,1,0,0,0,0
4128,1,0,0,0,0
4129,1,0,0,0,0
4130,1,0,0,0,0
4131,1,0,0,0,0
4132,1,0,0,0,0
4133,1,0,0,0,0
4134,1,0,0,0,0
4135,0,0,0,0,1
4136,0,0,0,0,1
4137,0,0,0,0,1
4138,0,0,0,0,1
4139,0,0,0,0,1
4140,0,0,0,0,1
4141,0,0,0,0,1
4142,0,0,0,0,1
4143,0,0,0,0,1
4144,0,0,0,0,1
4145,0,0,0,0,1
4146,0,0,0,0,1
4147,0,0,0,0,1
4148,0,0,0,0,1
4149,0,0,0,0,1
4150,0,0,0,0,1
4151,0,0,0,0,1
4152,0,0,0,0,1
4153,0,0,0,0,1
4154,0,0,0,0,1
4155,0,0,0,0,1
4156,0,0,0,0,1
4157,0,0,0,0,1
4158,0,0,0,0,1
4159,0,0,0,0,1
4160,0,0,0,0,1
4161,0,0,0,0,1
4162,0,0,0,0,1
4163,0,0,0,0,1
4164,0,0,0,0,1
4165,0,0,0,0,1
4166,0,0,0,0,1
4167,0,0,0,0,1
4168,0,0,0,0,1
4169,0,0,0,0,1
4170,0,0,0,0,1
4171,0,0,0,0,1
4172,0,0,0,0,1
4173,0,0,0,0,1
4174,0,0,0,0,1
4175,0,0,0,0,1
4176,0,0,0,0,1
4177,0,0,0,0,1
4178,0,0,0,0,1
4179,1,0,0,0,0
4180,1,0,0,0,0
4181,1,0,0,0,0
4182,1,0,0,0,0
4183,1,0,0,0,0
4184,1,0,0,0,0
4185,1,0,0,0,0
4186,1,0,0,0,0
4187,1,0,0,0,0
4188,1,0,0,0,0
4189,1,0,0,0,0
4190,1,0,0,0,0
4191,1,0,0,0,0
4192,1,0,0,0,0
4193,1,0,0,0,0
4194,1,0,0,0,0
4195,1,0,0,0,0
4196,1,0,0,0,0
4197,1,0,0,0,0
4198,1,0,0,0,0
4199,1,0,0,0,0
4200,1,0,0,0,0
4201,1,0,0,0,0
4202,1,0,0,0,0
4203,1,0,0,0,0
4204,1,0,0,0,0
4205,1,0,0,0,0
4206,1,0,0,0,0
4207,1,0,0,0,0
4208,1,0,0,0,0
4209,1,0,0,0,0
4210,1,0,0,0,0
4211,1,0,0,0,0
4212,1,0,0,0,0
4213,1,0,0,0,0
4214,1,0,0,0,0
4215,1,0,0,0,0
4216,1,0,0,0,0
4217,1,0,0,0,0
4218,1,0,0,0,0
4219,1,0,0,0,0
4220,1,0,0,0,0
4221,1,0,0,0,0
4222,1,0,0,0,0
4223,1,0,0,0,0
4224,1,0,0,0,0
4225,1,0,0,0,0
4226,1,0,0,0,0
4227,1,0,0,0,0
4228,1,0,0,0,0
4229,1,0,0,0,0
4230,1,0,0,0,0
4231,1,0,0,0,0
4232,1,0,0,0,0
4233,1,0,0,0,0
4234,1,0,0,0,0
4235,1,0,0,0,0
4236,1,0,0,0,0
4237,1,0,0,0,0
4238,1,0,0,0,0
4239,1,0,0,0,0
4240,1,0,0,0,0
4241,1,0,0,0,0
4242,1,0,0,0,0
4243,1,0,0,0,0
4244,1,0,0,0,0
4245,1,0,0,0,0
4246,1,0,0,0,0
4247,1,0,0,0,0
4248,1,0,0,0,0
4249,1,0,0,0,0
4250,1,0,0,0,0
4251,1,0,0,0,0
4252,1,0,0,0,0
4253,1,0,0,0,0
4254,1,0,0,0,0
4255,1,0,0,0,0
4256,1,0,0,0,0
4257,1,0,0,0,0
4258,1,0,0,0,0
4259,1,0,0,0,0
4260,1,0,0,0,0
4261,1,0,0,0,0
4262,1,0,0,0,0
4263,1,0,0,0,0
4264,1,0,0,0,0
4265,1,0,0,0,0
4266,1,0,0,0,0
4267,1,0,0,0,0
4268,1,0,0,0,0
4269,1,0,0,0,0
4270,1,0,0,0,0
4271,1,0,0,0,0
4272,1,0,0,0,0
4273,1,0,0,0,0
4274,1,0,0,0,0
4275,1,0,0,0,0
4276,1,0,0,0,0
4277,1,0,0,0,0
4278,1,0,0,0,0
4279,1,0,0,0,0
4280,1,0,0,0,0
4281,1,0,0,0,0
4282,1,0,0,0,0
4283,1,0,0,0,0
4284,1,0,0,0,0
4285,1,0,0,0,0
4286,1,0,0,0,0
4287,1,0,0,0,0
4288,1,0,0,0,0
4289,1,0,0,0,0
4290,1,0,0,0,0
4291,1,0,0,0,0
4292,1,0,0,0,0
4293,1,0,0,0,0
4294,1,0,0,0,0
4295,1,0,0,0,0
4296,1,0,0,0,0
4297,1,0,0,0,0
4298,1,0,0,0,0
4299,1,0,0,0,0
4300,1,0,0,0,0
4301,1,0,0,0,0
4302,1,0,0,0,0
4303,1,0,0,0,0
4304,0,0,1,0,0
4305,0,0,1,0,0
4306,0,0,1,0,0
4307,0,0,1,0,0
4308,0,0,1,0,0
4309,0,0,1,0,0
4310,0,0,1,0,0
4311,0,0,1,0,0
4312,0,0,1,0,0
4313,0,0,1,0,0
4314,0,0,1,0,0
4315,0,0,1,0,0
4316,0,0,1,0,0
4317,1,0,0,0,0
4318,1,0,0,0,0
4319,1,0,0,0,0
4320,1,0,0,0,0
4321,1,0,0,0,0
4322,1,0,0,0,0
4323,1,0,0,0,0
4324,1,0,0,0,0
4325,1,0,0,0,0
4326,1,0,0,0,0
4327,1,0,0,0,0
4328,1,0,0,0,0
4329,1,0,0,0,0
4330,1,0,0,0,0
4331,1,0,0,0,0
4332,1,0,0,0,0
4333,1,0,0,0,0
4334,1,0,0,0,0
4335,1,0,0,0,0
4336,1,0,0,0,0
4337,1,0,0,0,0
4338,1,0,0,0,0
4339,1,0,0,0,0
4340,1,0,0,0,0
4341,1,0,0,0,0
4342,1,0,0,0,0
4343,1,0,0,0,0
4344,1,0,0,0,0
4345,1,0,0,0,0
4346,1,0,0,0,0
4347,1,0,0,0,0
4348,1,0,0,0,0
4349,1,0,0,0,0
4350,1,0,0,0,0
4351,1,0,0,0,0
4352,1,0,0,0,0
4353,1,0,0,0,0
4354,1,0,0,0,0
4355,1,0,0,0,0
4356,1,0,0,0,0
4357,1,0,0,0,0
4358,1,0,0,0,0
4359,1,0,0,0,0
4360,1,0,0,0,0
4361,1,0,0,0,0
4362,1,0,0,0,0
4363,1,0,0,0,0
4364,1,0,0,0,0
4365,0,0,0,0,1
4366,0,0,0,0,1
4367,0,0,0,0,1
4368,0,0,0,0,1
4369,0,0,0,0,1
4370,0,0,0,0,1
4371,0,0,0,0,1
4372,0,0,0,0,1
4373,0,0,0,0,1
4374,0,0,0,0,1
4375,0,0,0,0,1
4376,0,0,0,0,1
4377,0,0,0,0,1
4378,0,0,0,0,1
4379,0,0,0,0,1
4380,0,0,0,0,1
4381,0,0,0,0,1
4382,0,0,0,0,1
4383,0,0,0,0,1
4384,0,0,0,0,1
4385,0,0,0,0,1
4386,0,0,0,0,1
4387,0,0,0,0,1
4388,0,0,0,0,1
4389,0,0,0,0,1
4390,0,0,0,0,1
4391,0,0,0,0,1
4392,0,0,0,0,1
4393,0,0,0,0,1
4394,0,0,0,0,1
4395,0,0,0,0,1
4396,0,0,0,0,1
4397,0,0,0,0,1
4398,0,0,0,0,1
4399,0,0,0,0,1
4400,0,0,0,0,1
4401,0,0,0,0,1
4402,0,0,0,0,1
4403,0,0,0,0,1
4404,0,0,0,0,1
4405,0,0,0,0,1
4406,0,0,0,0,1
4407,0,0,0,0,1
4408,0,0,0,0,1
4409,0,0,0,0,1
4410,0,0,0,0,1
4411,0,0,0,0,1
4412,0,0,0,0,1
4413,0,0,0,0,1
4414,0,0,0,0,1
4415,0,0,0,0,1
4416,0,0,0,0,1
4417,0,0,0,0,1
4418,0,0,0,0,1
4419,0,0,0,0,1
4420,0,0,0,0,1
4421,0,0,0,0,1
4422,0,0,0,0,1
4423,0,0,0,0,1
4424,0,0,0,0,1
4425,0,0,0,0,1
4426,0,0,0,0,1
4427,0,0,0,0,1
4428,0,0,0,0,1
4429,0,0,0,0,1
4430,0,0,0,0,1
4431,0,0,0,0,1
4432,0,0,0,0,1
4433,0,0,0,0,1
4434,0,0,0,0,1
4435,0,0,0,0,1
4436,0,0,0,0,1
4437,0,0,0,0,1
4438,0,0,0,0,1
4439,0,0,0,0,1
4440,0,0,0,0,1
4441,0,0,0,0,1
4442,0,0,0,0,1
4443,0,0,0,0,1
4444,0,0,0,0,1
4445,0,0,0,0,1
4446,0,0,0,0,1
4447,0,0,0,0,1
4448,0,0,0,0,1
4449,0,0,0,0,1
4450,0,0,0,0,1
4451,0,0,0,0,1
4452,0,0,0,0,1
4453,0,0,0,0,1
4454,0,0,0,0,1
4455,0,0,0,0,1
4456,0,0,0,0,1
4457,0,0,0,0,1
4458,0,0,0,0,1
4459,0,0,0,0,1
4460,0,0,0,0,1
4461,0,0,0,0,1
4462,0,0,0,0,1
4463,0,0,0,0,1
4464,0,0,0,0,1
4465,0,0,0,0,1
4466,0,0,0,0,1
4467,0,0,0,0,1
4468,0,0,0,0,1
4469,0,0,0,0,1
4470,1,0,0,0,0
4471,1,0,0,0,0
4472,1,0,0,0,0
4473,1,0,0,0,0
4474,1,0,0,0,0
4475,1,0,0,0,0
4476,1,0,0,0,0
4477,1,0,0,0,0
4478,1,0,0,0,0
4479,1,0,0,0,0
4480,1,0,0,0,0
4481,1,0,0,0,0
4482,1,0,0,0,0
4483,1,0,0,0,0
4484,1,0,0,0,0
4485,1,0,0,0,0
4486,1,0,0,0,0
4487,1,0,0,0,0
4488,1,0,0,0,0
4489,1,0,0,0,0
4490,1,0,0,0,0
4491,1,0,0,0,0
4492,1,0,0,0,0
4493,1,0,0,0,0
4494,1,0,0,0,0
4495,1,0,0,0,0
4496,1,0,0,0,0
4497,1,0,0,0,0
4498,1,0,0,0,0
4499,1,0,0,0,0
4500,1,0,0,0,0
4501,1,0,0,0,0
4502,1,0,0,0,0
4503,1,0,0,0,0
4504,1,0,0,0,0
4505,1,0,0,0,0
4506,1,0,0,0,0
4507,1,0,0,0,0
4508,1,0,0,0,0
4509,1,0,0,0,0
4510,1,0,0,0,0
4511,1,0,0,0,0
4512,1,0,0,0,0
4513,1,0,0,0,0
4514,1,0,0,0,0
4515,1,0,0,0,0
4516,1,0,0,0,0
4517,1,0,0,0,0
4518,1,0,0,0,0
4519,1,0,0,0,0
4520,1,0,0,0,0
4521,1,0,0,0,0
4522,1,0,0,0,0
4523,1,0,0,0,0
4524,1,0,0,0,0
4525,1,0,0,0,0
4526,1,0,0,0,0
4527,1,0,0,0,0
4528,1,0,0,0,0
4529,1,0,0,0,0
4530,1,0,0,0,0
4531,1,0,0,0,0
4532,1,0,0,0,0
4533,1,0,0,0,0
4534,1,0,0,0,0
4535,1,0,0,0,0
4536,1,0,0,0,0
4537,1,0,0,0,0
4538,1,0,0,0,0
4539,1,0,0,0,0
4540,1,0,0,0,0
4541,1,0,0,0,0
4542,1,0,0,0,0
4543,1,0,0,0,0
4544,1,0,0,0,0
4545,1,0,0,0,0
4546,1,0,0,0,0
4547,1,0,0,0,0
4548,1,0,0,0,0
4549,1,0,0,0,0
4550,1,0,0,0,0
4551,1,0,0,0,0
4552,1,0,0,0,0
4553,1,0,0,0,0
4554,1,0,0,0,0
4555,1,0,0,0,0
4556,1,0,0,0,0
4557,1,0,0,0,0
4558,1,0,0,0,0
4559,1,0,0,0,0
4560,1,0,0,0,0
4561,1,0,0,0,0
4562,1,0,0,0,0
4563,1,0,0,0,0
4564,1,0,0,0,0
4565,1,0,0,0,0
4566,1,0,0,0,0
4567,1,0,0,0,0
4568,1,0,0,0,0
4569,1,0,0,0,0
4570,1,0,0,0,0
4571,1,0,0,0,0
4572,1,0,0,0,0
4573,1,0,0,0,0
4574,1,0,0,0,0
4575,1,0,0,0,0
4576,1,0,0,0,0
4577,1,0,0,0,0
4578,1,0,0,0,0
4579,1,0,0,0,0
4580,1,0,0,0,0
4581,1,0,0,0,0
4582,1,0,0,0,0
4583,1,0,0,0,0
4584,1,0,0,0,0
4585,1,0,0,0,0
4586,1,0,0,0,0
4587,1,0,0,0,0
4588,1,0,0,0,0
4589,1,0,0,0,0
4590,1,0,0,0,0
4591,1,0,0,0,0
4592,1,0,0,0,0
4593,1,0,0,0,0
4594,0,0,0,0,1
4595,0,0,0,0,1
4596,0,0,0,0,1
4597,0,0,0,0,1
4598,0,0,0,0,1
4599,0,0,0,0,1
4600,0,0,0,0,1
4601,0,0,0,0,1
4602,0,0,0,0,1
4603,0,0,0,0,1
4604,0,0,0,0,1
4605,0,0,0,0,1
4606,0,0,0,0,1
4607,0,0,0,0,1
4608,0,0,0,0,1
4609,0,0,0,0,1
4610,0,0,0,0,1
4611,0,0,0,0,1
4612,0,0,0,0,1
4613,0,0,0,0,1
4614,0,0,0,0,1
4615,0,0,0,0,1
4616,0,0,0,0,1
4617,0,0,0,0,1
4618,0,0,0,0,1
4619,0,0,0,0,1
4620,0,0,0,0,1
4621,0,0,0,0,1
4622,0,0,0,0,1
4623,0,0,0,0,1
4624,0,0,0,0,1
4625,0,0,0,0,1
4626,0,0,0,0,1
4627,0,0,0,0,1
4628,0,0,0,0,1
4629,0,0,0,0,1
4630,0,0,0,0,1
4631,0,0,0,0,1
4632,0,0,0,0,1
4633,0,0,0,0,1
4634,0,0,0,0,1
4635,0,0,0,0,1
4636,0,0,0,0,1
4637,0,0,0,0,1
4638,0,0,0,0,1
4639,0,0,0,0,1
4640,0,0,0,0,1
4641,0,0,0,0,1
4642,0,0,0,0,1
4643,0,0,0,0,1
4644,0,0,0,0,1
4645,0,0,0,0,1
4646,0,0,0,0,1
4647,0,0,0,0,1
4648,0,0,0,0,1
4649,0,0,0,0,1
4650,0,0,0,0,1
4651,0,0,0,0,1
4652,0,0,0,0,1
4653,0,0,0,0,1
4654,0,0,0,0,1
4655,0,0,0,0,1
4656,0,0,0,0,1
4657,0,0,0,0,1
4658,0,0,0,0,1
4659,0,0,0,0,1
4660,0,0,0,0,1
4661,0,0,0,0,1
4662,0,0,0,0,1
4663,0,0,0,0,1
4664,0,0,0,0,1
4665,0,0,0,0,1
4666,0,0,0,0,1
4667,0,0,0,0,1
4668,0,0,0,0,1
4669,0,0,0,0,1
4670,0,0,0,0,1
4671,0,0,0,0,1
4672,0,0,0,0,1
4673,0,0,0,0,1
4674,0,0,0,0,1
4675,1,0,0,0,0
4676,1,0,0,0,0
4677,1,0,0,0,0
4678,1,0,0,0,0
4679,1,0,0,0,0
4680,1,0,0,0,0
4681,1,0,0,0,0
4682,1,0,0,0,0
4683,1,0,0,0,0
4684,1,0,0,0,0
4685,1,0,0,0,0
4686,1,0,0,0,0
4687,1,0,0,0,0
4688,1,0,0,0,0
4689,1,0,0,0,0
4690,1,0,0,0,0
4691,1,0,0,0,0
4692,1,0,0,0,0
4693,1,0,0,0,0
4694,1,0,0,0,0
4695,1,0,0,0,0
4696,1,0,0,0,0
4697,1,0,0,0,0
4698,1,0,0,0,0
4699,1,0,0,0,0
4700,1,0,0,0,0
4701,1,0,0,0,0
4702,1,0,0,0,0
4703,1,0,0,0,0
4704,1,0,0,0,0
4705,1,0,0,0,0
4706,1,0,0,0,0
4707,1,0,0,0,0
4708,1,0,0,0,0
4709,1,0,0,0,0
4710,1,0,0,0,0
4711,1,0,0,0,0
4712,1,0,0,0,0
4713,1,0,0,0,0
4714,1,0,0,0,0
4715,1,0,0,0,0
4716,1,0,0,0,0
4717,1,0,0,0,0
4718,1,0,0,0,0
4719,1,0,0,0,0
4720,1,0,0,0,0
4721,1,0,0,0,0
4722,1,0,0,0,0
4723,1,0,0,0,0
4724,1,0,0,0,0
4725,1,0,0,0,0
4726,1,0,0,0,0
4727,1,0,0,0,0
4728,1,0,0,0,0
4729,1,0,0,0,0
4730,1,0,0,0,0
4731,1,0,0,0,0
4732,1,0,0,0,0
4733,1,0,0,0,0
4734,1,0,0,0,0
4735,1,0,0,0,0
4736,1,0,0,0,0
4737,1,0,0,0,0
4738,1,0,0,0,0
4739,1,0,0,0,0
4740,1,0,0,0,0
4741,1,0,0,0,0
4742,1,0,0,0,0
4743,1,0,0,0,0
4744,1,0,0,0,0
4745,1,0,0,0,0
4746,1,0,0,0,0
4747,0,0,0,0,1
4748,0,0,0,0,1
4749,0,0,0,0,1
4750,0,0,0,0,1
4751,0,0,0,0,1
4752,0,0,0,0,1
4753,0,0,0,0,1
4754,0,0,0,0,1
4755,0,0,0,0,1
4756,0,0,0,0,1
4757,0,0,0,0,1
4758,0,0,0,0,1
4759,0,0,0,0,1
4760,0,0,0,0,1
4761,0,0,0,0,1
4762,0,0,0,0,1
4763,0,0,0,0,1
4764,0,0,0,0,1
4765,0,0,0,0,1
4766,0,0,0,0,1
4767,0,0,0,0,1
4768,0,0,0,0,1
4769,0,0,0,0,1
4770,0,0,0,0,1
4771,0,0,0,0,1
4772,0,0,0,0,1
4773,0,0,0,0,1
4774,0,0,0,0,1
4775,0,0,0,0,1
4776,0,0,0,0,1
4777,0,0,0,0,1
4778,0,0,0,0,1
4779,0,0,0,0,1
4780,0,0,0,0,1
4781,0,0,0,0,1
4782,0,0,0,0,1
4783,0,0,0,0,1
4784,0,0,0,0,1
4785,0,0,0,0,1
4786,0,0,0,0,1
4787,0,0,0,0,1
4788,0,0,0,0,1
4789,0,0,0,0,1
4790,0,0,0,0,1
4791,0,0,0,0,1
4792,0,0,0,0,1
4793,0,0,0,0,1
4794,0,0,0,0,1
4795,0,0,0,0,1
4796,0,0,0,0,1
4797,0,0,0,0,1
4798,0,0,0,0,1
4799,0,0,0,0,1
4800,0,0,0,0,1
4801,1,0,0,0,0
4802,1,0,0,0,0
4803,1,0,0,0,0
4804,1,0,0,0,0
4805,1,0,0,0,0
4806,1,0,0,0,0
4807,1,0,0,0,0
4808,1,0,0,0,0
4809,1,0,0,0,0
4810,1,0,0,0,0
4811,1,0,0,0,0
4812,1,0,0,0,0
4813,1,0,0,0,0
4814,1,0,0,0,0
4815,1,0,0,0,0
4816,1,0,0,0,0
4817,1,0,0,0,0
4818,1,0,0,0,0
4819,1,0,0,0,0
4820,1,0,0,0,0
4821,1,0,0,0,0
4822,1,0,0,0,0
4823,1,0,0,0,0
4824,1,0,0,0,0
4825,1,0,0,0,0
4826,1,0,0,0,0
4827,1,0,0,0,0
4828,1,0,0,0,0
4829,1,0,0,0,0
4830,1,0,0,0,0
4831,1,0,0,0,0
4832,1,0,0,0,0
4833,1,0,0,0,0
4834,1,0,0,0,0
4835,1,0,0,0,0
4836,1,0,0,0,0
4837,1,0,0,0,0
4838,1,0,0,0,0
4839,1,0,0,0,0
4840,1,0,0,0,0
4841,1,0,0,0,0
4842,1,0,0,0,0
4843,1,0,0,0,0
4844,1,0,0,0,0
4845,1,0,0,0,0
4846,1,0,0,0,0
4847,1,0,0,0,0
4848,1,0,0,0,0
4849,1,0,0,0,0
4850,0,0,0,0,1
4851,0,0,0,0,1
4852,0,0,0,0,1
4853,0,0,0,0,1
4854,0,0,0,0,1
4855,0,0,0,0,1
4856,0,0,0,0,1
4857,0,0,0,0,1
4858,0,0,0,0,1
4859,0,0,0,0,1
4860,0,0,0,0,1
4861,0,0,0,0,1
4862,0,0,0,0,1
4863,0,0,0,0,1
4864,0,0,0,0,1
4865,1,0,0,0,0
4866,1,0,0,0,0
4867,1,0,0,0,0
4868,1,0,0,0,0
4869,1,0,0,0,0
4870,1,0,0,0,0
4871,1,0,0,0,0
4872,1,0,0,0,0
4873,1,0,0,0,0
4874,1,0,0,0,0
4875,1,0,0,0,0
4876,1,0,0,0,0
4877,1,0,0,0,0
4878,1,0,0,0,0
4879,1,0,0,0,0
4880,1,0,0,0,0
4881,1,0,0,0,0
4882,1,0,0,0,0
4883,1,0,0,0,0
4884,1,0,0,0,0
4885,0,0,0,0,1
4886,0,0,0,0,1
4887,0,0,0,0,1
4888,0,0,0,0,1
4889,0,0,0,0,1
4890,0,0,0,0,1
4891,0,0,0,0,1
4892,0,0,0,0,1
4893,0,0,0,0,1
4894,0,0,0,0,1
4895,0,0,0,0,1
4896,0,0,0,0,1
4897,0,0,0,0,1
4898,0,0,0,0,1
4899,0,0,0,0,1
4900,0,0,0,0,1
4901,0,0,0,0,1
4902,0,0,0,0,1
4903,0,0,0,0,1
4904,0,0,0,0,1
4905,1,0,0,0,0
4906,1,0,0,0,0
4907,1,0,0,0,0
4908,1,0,0,0,0
4909,1,0,0,0,0
4910,1,0,0,0,0
4911,1,0,0,0,0
4912,1,0,0,0,0
4913,1,0,0,0,0
4914,1,0,0,0,0
4915,1,0,0,0,0
4916,1,0,0,0,0
4917,1,0,0,0,0
4918,1,0,0,0,0
4919,1,0,0,0,0
4920,1,0,0,0,0
4921,1,0,0,0,0
4922,1,0,0,0,0
4923,1,0,0,0,0
4924,1,0,0,0,0
4925,1,0,0,0,0
4926,1,0,0,0,0
4927,1,0,0,0,0
4928,1,0,0,0,0
4929,1,0,0,0,0
4930,1,0,0,0,0
4931,1,0,0,0,0
4932,1,0,0,0,0
4933,1,0,0,0,0
4934,1,0,0,0,0
4935,1,0,0,0,0
4936,1,0,0,0,0
4937,1,0,0,0,0
4938,1,0,0,0,0
4939,1,0,0,0,0
4940,1,0,0,0,0
4941,1,0,0,0,0
4942,1,0,0,0,0
4943,1,0,0,0,0
4944,1,0,0,0,0
4945,1,0,0,0,0
4946,1,0,0,0,0
4947,1,0,0,0,0
4948,1,0,0,0,0
4949,1,0,0,0,0
4950,1,0,0,0,0
4951,1,0,0,0,0
4952,1,0,0,0,0
4953,1,0,0,0,0
4954,1,0,0,0,0
4955,1,0,0,0,0
4956,1,0,0,0,0
4957,1,0,0,0,0
4958,1,0,0,0,0
4959,1,0,0,0,0
4960,1,0,0,0,0
4961,1,0,0,0,0
4962,1,0,0,0,0
4963,1,0,0,0,0
4964,1,0,0,0,0
4965,1,0,0,0,0
4966,1,0,0,0,0
4967,1,0,0,0,0
4968,1,0,0,0,0
4969,1,0,0,0,0
4970,1,0,0,0,0
4971,1,0,0,0,0
4972,1,0,0,0,0
4973,1,0,0,0,0
4974,1,0,0,0,0
4975,0,0,0,0,1
4976,0,0,0,0,1
4977,0,0,0,0,1
4978,0,0,0,0,1
4979,0,0,0,0,1
4980,0,0,0,0,1
4981,0,0,0,0,1
4982,0,0,0,0,1
4983,0,0,0,0,1
4984,0,0,0,0,1
4985,0,0,0,0,1
4986,0,0,0,0,1
4987,0,0,0,0,1
4988,0,0,0,0,1
4989,0,0,0,0,1
4990,0,0,0,0,1
4991,0,0,0,0,1
4992,0,0,0,0,1
4993,0,0,0,0,1
4994,0,0,0,0,1
4995,0,0,0,0,1
4996,0,0,0,0,1
4997,0,0,0,0,1
4998,0,0,0,0,1
4999,0,0,0,0,1
5000,0,0,0,0,1
5001,0,0,0,0,1
5002,0,0,0,0,1
5003,0,0,0,0,1
5004,0,0,0,0,1
5005,0,0,0,0,1
5006,0,0,0,0,1
5007,0,0,0,0,1
5008,0,0,0,0,1
5009,0,0,0,0,1
5010,0,0,0,0,1
5011,0,0,0,0,1
5012,0,0,0,0,1
5013,0,0,0,0,1
5014,0,0,0,0,1
5015,0,0,0,0,1
5016,0,0,0,0,1
5017,1,0,0,0,0
5018,1,0,0,0,0
5019,1,0,0,0,0
5020,1,0,0,0,0
5021,1,0,0,0,0
5022,1,0,0,0,0
5023,1,0,0,0,0
5024,1,0,0,0,0
5025,1,0,0,0,0
5026,1,0,0,0,0
5027,1,0,0,0,0
5028,1,0,0,0,0
5029,1,0,0,0,0
5030,1,0,0,0,0
5031,1,0,0,0,0
5032,1,0,0,0,0
5033,1,0,0,0,0
5034,1,0,0,0,0
5035,1,0,0,0,0
5036,1,0,0,0,0
5037,1,0,0,0,0
5038,1,0,0,0,0
5039,1,0,0,0,0
5040,1,0,0,0,0
5041,1,0,0,0,0
5042,1,0,0,0,0
5043,1,0,0,0,0
5044,1,0,0,0,0
5045,1,0,0,0,0
5046,1,0,0,0,0
5047,1,0,0,0,0
5048,1,0,0,0,0
5049,1,0,0,0,0
5050,1,0,0,0,0
5051,1,0,0,0,0
5052,1,0,0,0,0
5053,1,0,0,0,0
5054,1,0,0,0,0
5055,1,0,0,0,0
5056,1,0,0,0,0
5057,1,0,0,0,0
5058,1,0,0,0,0
5059,1,0,0,0,0
5060,1,0,0,0,0
5061,1,0,0,0,0
5062,1,0,0,0,0
5063,1,0,0,0,0
5064,1,0,0,0,0
5065,1,0,0,0,0
5066,1,0,0,0,0
5067,1,0,0,0,0
5068,1,0,0,0,0
5069,1,0,0,0,0
5070,1,0,0,0,0
5071,1,0,0,0,0
5072,1,0,0,0,0
5073,1,0,0,0,0
5074,1,0,0,0,0
5075,1,0,0,0,0
5076,0,0,0,0,1
5077,0,0,0,0,1
5078,0,0,0,0,1
5079,0,0,0,0,1
5080,0,0,0,0,1
5081,0,0,0,0,1
5082,0,0,0,0,1
5083,0,0,0,0,1
5084,0,0,0,0,1
5085,0,0,0,0,1
5086,0,0,0,0,1
5087,0,0,0,0,1
5088,0,0,0,0,1
5089,0,0,0,0,1
5090,0,0,0,0,1
5091,0,0,0,0,1
5092,0,0,0,0,1
5093,0,0,0,0,1
5094,0,0,0,0,1
5095,0,0,0,0,1
5096,0,0,0,0,1
5097,0,0,0,0,1
5098,1,0,0,0,0
5099,1,0,0,0,0
5100,1,0,0,0,0
5101,1,0,0,0,0
5102,1,0,0,0,0
5103,1,0,0,0,0
5104,1,0,0,0,0
5105,1,0,0,0,0
5106,1,0,0,0,0
5107,1,0,0,0,0
5108,1,0,0,0,0
5109,1,0,0,0,0
5110,0,0,0,0,1
5111,0,0,0,0,1
5112,0,0,0,0,1
5113,0,0,0,0,1
5114,0,0,0,0,1
5115,0,0,0,0,1
5116,0,0,0,0,1
5117,0,0,0,0,1
5118,0,0,0,0,1
5119,0,0,0,0,1
5120,0,0,0,0,1
5121,0,0,0,0,1
5122,0,0,0,0,1
5123,0,0,0,0,1
5124,0,0,0,0,1
5125,0,0,0,0,1
5126,0,0,0,0,1
5127,0,0,0,0,1
5128,0,0,0,0,1
5129,0,0,0,0,1
5130,0,0,0,0,1
5131,0,0,0,0,1
5132,0,0,0,0,1
5133,0,0,0,0,1
5134,0,0,0,0,1
5135,0,0,0,0,1
5136,0,0,0,0,1
5137,0,0,0,0,1
5138,0,0,0,0,1
5139,0,0,0,0,1
5140,0,0,0,0,1
5141,0,0,0,0,1
5142,0,0,0,0,1
5143,0,0,0,0,1
5144,0,0,0,0,1
5145,0,0,0,0,1
5146,0,0,0,0,1
5147,0,0,0,0,1
5148,0,0,0,0,1
5149,0,0,0,0,1
5150,0,0,0,0,1
5151,0,0,0,0,1
5152,0,0,0,0,1
5153,0,0,0,0,1
5154,0,0,0,0,1
5155,0,0,0,0,1
5156,0,0,0,0,1
5157,0,0,0,0,1
5158,0,0,0,0,1
5159,0,0,0,0,1
5160,0,0,0,0,1
5161,0,0,0,0,1
5162,0,0,0,0,1
5163,0,0,0,0,1
5164,0,0,0,0,1
5165,0,0,0,0,1
5166,0,0,0,0,1
5167,0,0,0,0,1
5168,0,0,0,0,1
5169,0,0,0,0,1
5170,0,0,0,0,1
5171,0,0,0,0,1
5172,0,0,0,0,1
5173,0,0,0,0,1
5174,0,0,0,0,1
5175,0,0,0,0,1
5176,0,0,0,0,1
5177,0,0,0,0,1
5178,0,0,0,0,1
5179,0,0,0,0,1
5180,0,0,0,0,1
5181,0,0,0,0,1
5182,0,0,0,0,1
5183,0,0,0,0,1
5184,0,0,0,0,1
5185,0,0,0,0,1
5186,0,0,0,0,1
5187,0,0,0,0,1
5188,0,0,0,0,1
5189,0,0,0,0,1
5190,0,0,0,0,1
5191,0,0,0,0,1
5192,0,0,0,0,1
5193,0,0,0,0,1
5194,0,0,0,0,1
5195,0,0,0,0,1
5196,0,0,0,0,1
5197,0,0,0,0,1
5198,0,0,0,0,1
5199,0,0,0,0,1
5200,0,0,0,0,1
5201,0,0,0,0,1
5202,0,0,0,0,1
5203,0,0,0,0,1
5204,0,0,0,0,1
5205,0,0,0,0,1
5206,0,0,0,0,1
5207,0,0,0,0,1
5208,0,0,0,0,1
5209,0,0,0,0,1
5210,0,0,0,0,1
5211,0,0,0,0,1
5212,0,0,0,0,1
5213,0,0,0,0,1
5214,0,0,0,0,1
5215,0,0,0,0,1
5216,0,0,0,0,1
5217,0,0,0,0,1
5218,0,0,0,0,1
5219,0,0,0,0,1
5220,0,0,0,0,1
5221,0,0,0,0,1
5222,0,0,0,0,1
5223,0,0,0,0,1
5224,0,0,0,0,1
5225,0,0,0,0,1
5226,0,0,0,0,1
5227,0,0,0,0,1
5228,0,0,0,0,1
5229,0,0,0,0,1
5230,0,0,0,0,1
5231,0,0,0,0,1
5232,0,0,0,0,1
5233,0,0,0,0,1
5234,0,0,0,0,1
5235,0,0,0,0,1
5236,0,0,0,0,1
5237,0,0,0,0,1
5238,0,0,0,0,1
5239,0,0,0,0,1
5240,0,0,0,0,1
5241,0,0,0,0,1
5242,0,0,0,0,1
5243,0,0,0,0,1
5244,0,0,0,0,1
5245,0,0,0,0,1
5246,0,0,0,0,1
5247,0,0,0,0,1
5248,0,0,0,0,1
5249,0,0,0,0,1
5250,0,0,0,0,1
5251,0,0,0,0,1
5252,0,0,0,0,1
5253,0,0,0,0,1
5254,0,0,0,0,1
5255,0,0,0,0,1
5256,0,0,0,0,1
5257,0,0,0,0,1
5258,0,0,0,0,1
5259,0,0,0,0,1
5260,0,0,0,0,1
5261,0,0,0,0,1
5262,0,0,0,0,1
5263,0,0,0,0,1
5264,0,0,0,0,1
5265,0,0,0,0,1
5266,0,0,0,0,1
5267,0,0,0,0,1
5268,0,0,0,0,1
5269,0,0,0,0,1
5270,0,0,0,0,1
5271,0,0,0,0,1
5272,0,0,0,0,1
5273,0,0,0,0,1
5274,0,0,0,0,1
5275,0,0,0,0,1
5276,0,0,0,0,1
5277,0,0,0,0,1
5278,0,0,0,0,1
5279,0,0,0,0,1
5280,0,0,0,0,1
5281,0,0,0,0,1
5282,0,0,0,0,1
5283,0,0,0,0,1
5284,0,0,0,0,1
5285,0,0,0,0,1
5286,0,0,0,0,1
5287,0,0,0,0,1
5288,0,0,0,0,1
5289,0,0,0,0,1
5290,0,0,0,0,1
5291,0,0,0,0,1
5292,0,0,0,0,1
5293,0,0,0,0,1
5294,0,0,0,0,1
5295,0,0,0,0,1
5296,0,0,0,0,1
5297,0,0,0,0,1
5298,0,0,0,0,1
5299,0,0,0,0,1
5300,0,0,0,0,1
5301,0,0,0,0,1
5302,0,0,0,0,1
5303,0,0,0,0,1
5304,0,0,0,0,1
5305,0,0,0,0,1
5306,0,0,0,0,1
5307,0,0,0,0,1
5308,0,0,0,0,1
5309,0,0,0,0,1
5310,0,0,0,0,1
5311,0,0,0,0,1
5312,0,0,0,0,1
5313,0,0,0,0,1
5314,0,0,0,0,1
5315,0,0,0,0,1
5316,0,0,0,0,1
5317,0,0,0,0,1
5318,0,0,0,0,1
5319,0,0,0,0,1
5320,0,0,0,0,1
5321,0,0,0,0,1
5322,0,0,0,0,1
5323,0,0,0,0,1
5324,0,0,0,0,1
5325,0,0,0,0,1
5326,0,0,0,0,1
5327,0,0,0,0,1
5328,0,0,0,0,1
5329,0,0,0,0,1
5330,0,0,0,0,1
5331,0,0,0,0,1
5332,0,0,0,0,1
5333,0,0,0,0,1
5334,0,0,0,0,1
5335,0,0,0,0,1
5336,0,0,0,0,1
5337,0,0,0,0,1
5338,0,0,0,0,1
5339,0,0,0,0,1
5340,0,0,0,0,1
5341,0,0,0,0,1
5342,0,0,0,0,1
5343,0,0,0,0,1
5344,0,0,0,0,1
5345,0,0,0,0,1
5346,0,0,0,0,1
5347,0,0,0,0,1
5348,0,0,0,0,1
5349,0,0,0,0,1
5350,0,0,0,0,1
5351,0,0,0,0,1
5352,0,0,0,0,1
5353,0,0,0,0,1
5354,0,0,0,0,1
5355,0,0,0,0,1
5356,0,0,0,0,1
5357,0,0,0,0,1
5358,0,0,0,0,1
5359,0,0,0,0,1
5360,0,0,0,0,1
5361,0,0,0,0,1
5362,0,0,0,0,1
5363,0,0,0,0,1
5364,0,0,0,0,1
5365,0,0,0,0,1
5366,0,0,0,0,1
5367,0,0,0,0,1
5368,0,0,0,0,1
5369,0,0,0,0,1
5370,0,0,0,0,1
5371,0,0,0,0,1
5372,0,0,0,0,1
5373,0,0,0,0,1
5374,0,0,0,0,1
5375,0,0,0,0,1
5376,0,0,0,0,1
5377,0,0,0,0,1
5378,0,0,0,0,1
5379,0,0,0,0,1
5380,0,0,0,0,1
5381,0,0,0,0,1
5382,0,0,0,0,1
5383,0,0,0,0,1
5384,0,0,0,0,1
5385,1,0,0,0,0
5386,1,0,0,0,0
5387,1,0,0,0,0
5388,1,0,0,0,0
5389,1,0,0,0,0
5390,1,0,0,0,0
5391,1,0,0,0,0
5392,1,0,0,0,0
5393,1,0,0,0,0
5394,1,0,0,0,0
5395,1,0,0,0,0
5396,1,0,0,0,0
5397,1,0,0,0,0
5398,1,0,0,0,0
5399,1,0,0,0,0
5400,1,0,0,0,0
5401,1,0,0,0,0
5402,1,0,0,0,0
5403,1,0,0,0,0
5404,1,0,0,0,0
5405,1,0,0,0,0
5406,1,0,0,0,0
5407,1,0,0,0,0
5408,1,0,0,0,0
5409,1,0,0,0,0
5410,1,0,0,0,0
5411,1,0,0,0,0
5412,1,0,0,0,0
5413,0,0,0,0,1
5414,0,0,0,0,1
5415,0,0,0,0,1
5416,0,0,0,0,1
5417,0,0,0,0,1
5418,0,0,0,0,1
5419,0,0,0,0,1
5420,0,0,0,0,1
5421,0,0,0,0,1
5422,0,0,0,0,1
5423,0,0,0,0,1
5424,0,0,0,0,1
5425,0,0,0,0,1
5426,0,0,0,0,1
5427,0,0,0,0,1
5428,0,0,0,0,1
5429,0,0,0,0,1
5430,1,0,0,0,0
5431,1,0,0,0,0
5432,1,0,0,0,0
5433,1,0,0,0,0
5434,1,0,0,0,0
5435,1,0,0,0,0
5436,1,0,0,0,0
5437,1,0,0,0,0
5438,1,0,0,0,0
5439,1,0,0,0,0
5440,1,0,0,0,0
5441,1,0,0,0,0
5442,1,0,0,0,0
5443,1,0,0,0,0
5444,1,0,0,0,0
5445,1,0,0,0,0
5446,1,0,0,0,0
5447,1,0,0,0,0
5448,1,0,0,0,0
5449,1,0,0,0,0
5450,1,0,0,0,0
5451,1,0,0,0,0
5452,1,0,0,0,0
5453,1,0,0,0,0
5454,1,0,0,0,0
5455,1,0,0,0,0
5456,1,0,0,0,0
5457,1,0,0,0,0
5458,1,0,0,0,0
5459,1,0,0,0,0
5460,1,0,0,0,0
5461,1,0,0,0,0
5462,1,0,0,0,0
5463,1,0,0,0,0
5464,1,0,0,0,0
5465,1,0,0,0,0
5466,1,0,0,0,0
5467,1,0,0,0,0
5468,1,0,0,0,0
5469,1,0,0,0,0
5470,1,0,0,0,0
5471,1,0,0,0,0
5472,1,0,0,0,0
5473,1,0,0,0,0
5474,1,0,0,0,0
5475,1,0,0,0,0
5476,1,0,0,0,0
5477,1,0,0,0,0
5478,1,0,0,0,0
5479,1,0,0,0,0
5480,1,0,0,0,0
5481,1,0,0,0,0
5482,1,0,0,0,0
5483,1,0,0,0,0
5484,0,0,0,0,1
5485,0,0,0,0,1
5486,0,0,0,0,1
5487,0,0,0,0,1
5488,0,0,0,0,1
5489,0,0,0,0,1
5490,0,0,0,0,1
5491,0,0,0,0,1
5492,0,0,0,0,1
5493,0,0,0,0,1
5494,0,0,0,0,1
5495,0,0,0,0,1
5496,0,0,0,0,1
5497,0,0,0,0,1
5498,0,0,0,0,1
5499,0,0,0,0,1
5500,0,0,0,0,1
5501,0,0,0,0,1
5502,0,0,0,0,1
5503,0,0,0,0,1
5504,0,0,0,0,1
5505,0,0,0,0,1
5506,0,0,0,0,1
5507,0,0,0,0,1
5508,0,0,0,0,1
5509,1,0,0,0,0
5510,1,0,0,0,0
5511,1,0,0,0,0
5512,1,0,0,0,0
5513,1,0,0,0,0
5514,1,0,0,0,0
5515,1,0,0,0,0
5516,1,0,0,0,0
5517,1,0,0,0,0
5518,1,0,0,0,0
5519,1,0,0,0,0
5520,1,0,0,0,0
5521,1,0,0,0,0
5522,1,0,0,0,0
5523,1,0,0,0,0
5524,1,0,0,0,0
5525,1,0,0,0,0
5526,1,0,0,0,0
5527,1,0,0,0,0
5528,1,0,0,0,0
5529,1,0,0,0,0
5530,1,0,0,0,0
5531,1,0,0,0,0
5532,1,0,0,0,0
5533,1,0,0,0,0
5534,1,0,0,0,0
5535,1,0,0,0,0
5536,1,0,0,0,0
5537,1,0,0,0,0
5538,1,0,0,0,0
5539,1,0,0,0,0
5540,1,0,0,0,0
5541,1,0,0,0,0
5542,1,0,0,0,0
5543,1,0,0,0,0
5544,1,0,0,0,0
5545,1,0,0,0,0
5546,1,0,0,0,0
5547,1,0,0,0,0
5548,1,0,0,0,0
5549,1,0,0,0,0
5550,1,0,0,0,0
5551,1,0,0,0,0
5552,1,0,0,0,0
5553,1,0,0,0,0
5554,1,0,0,0,0
5555,1,0,0,0,0
5556,1,0,0,0,0
5557,1,0,0,0,0
5558,1,0,0,0,0
5559,1,0,0,0,0
5560,1,0,0,0,0
5561,1,0,0,0,0
5562,1,0,0,0,0
5563,1,0,0,0,0
5564,1,0,0,0,0
5565,1,0,0,0,0
5566,1,0,0,0,0
5567,1,0,0,0,0
5568,1,0,0,0,0
5569,1,0,0,0,0
5570,1,0,0,0,0
5571,1,0,0,0,0
5572,1,0,0,0,0
5573,1,0,0,0,0
5574,1,0,0,0,0
5575,1,0,0,0,0
5576,1,0,0,0,0
5577,1,0,0,0,0
5578,1,0,0,0,0
5579,1,0,0,0,0
5580,1,0,0,0,0
5581,1,0,0,0,0
5582,1,0,0,0,0
5583,1,0,0,0,0
5584,1,0,0,0,0
5585,1,0,0,0,0
5586,1,0,0,0,0
5587,1,0,0,0,0
5588,1,0,0,0,0
5589,1,0,0,0,0
5590,1,0,0,0,0
5591,1,0,0,0,0
5592,1,0,0,0,0
5593,1,0,0,0,0
5594,1,0,0,0,0
5595,1,0,0,0,0
5596,1,0,0,0,0
5597,1,0,0,0,0
5598,1,0,0,0,0
5599,1,0,0,0,0
5600,1,0,0,0,0
5601,1,0,0,0,0
5602,1,0,0,0,0
5603,1,0,0,0,0
5604,1,0,0,0,0
5605,1,0,0,0,0
5606,1,0,0,0,0
5607,1,0,0,0,0
5608,1,0,0,0,0
5609,1,0,0,0,0
5610,1,0,0,0,0
5611,1,0,0,0,0
5612,1,0,0,0,0
5613,1,0,0,0,0
5614,1,0,0,0,0
5615,1,0,0,0,0
5616,1,0,0,0,0
5617,1,0,0,0,0
5618,1,0,0,0,0
5619,1,0,0,0,0
5620,1,0,0,0,0
5621,1,0,0,0,0
5622,1,0,0,0,0
5623,1,0,0,0,0
5624,1,0,0,0,0
5625,1,0,0,0,0
5626,1,0,0,0,0
5627,1,0,0,0,0
5628,1,0,0,0,0
5629,1,0,0,0,0
5630,1,0,0,0,0
5631,1,0,0,0,0
5632,1,0,0,0,0
5633,1,0,0,0,0
5634,1,0,0,0,0
5635,1,0,0,0,0
5636,1,0,0,0,0
5637,1,0,0,0,0
5638,1,0,0,0,0
5639,1,0,0,0,0
5640,1,0,0,0,0
5641,1,0,0,0,0
5642,1,0,0,0,0
5643,1,0,0,0,0
5644,1,0,0,0,0
5645,1,0,0,0,0
5646,1,0,0,0,0
5647,1,0,0,0,0
5648,1,0,0,0,0
5649,1,0,0,0,0
5650,1,0,0,0,0
5651,1,0,0,0,0
5652,0,0,0,0,1
5653,0,0,0,0,1
5654,1,0,0,0,0
5655,1,0,0,0,0
5656,1,0,0,0,0
5657,1,0,0,0,0
5658,1,0,0,0,0
5659,1,0,0,0,0
5660,1,0,0,0,0
5661,1,0,0,0,0
5662,1,0,0,0,0
5663,1,0,0,0,0
5664,1,0,0,0,0
5665,1,0,0,0,0
5666,1,0,0,0,0
5667,1,0,0,0,0
5668,1,0,0,0,0
5669,1,0,0,0,0
5670,1,0,0,0,0
5671,1,0,0,0,0
5672,1,0,0,0,0
5673,1,0,0,0,0
5674,1,0,0,0,0
5675,1,0,0,0,0
5676,1,0,0,0,0
5677,1,0,0,0,0
5678,0,0,0,0,1
5679,0,0,0,0,1
5680,0,0,0,0,1
5681,0,0,0,0,1
5682,0,0,0,0,1
5683,0,0,0,0,1
5684,0,0,0,0,1
5685,0,0,0,0,1
5686,0,0,0,0,1
5687,0,0,0,0,1
5688,0,0,0,0,1
5689,0,0,0,0,1
5690,0,0,0,0,1
5691,0,0,0,0,1
5692,0,0,0,0,1
5693,0,0,0,0,1
5694,0,0,0,0,1
5695,0,0,0,0,1
5696,0,0,0,0,1
5697,0,0,0,0,1
5698,0,0,0,0,1
5699,0,0,0,0,1
5700,0,0,0,0,1
5701,0,0,0,0,1
5702,0,0,0,0,1
5703,0,0,0,0,1
5704,0,0,0,0,1
5705,0,0,0,0,1
5706,0,0,0,0,1
5707,0,0,0,0,1
5708,0,0,0,0,1
5709,0,0,0,0,1
5710,0,0,0,0,1
5711,0,0,0,0,1
5712,0,0,0,0,1
5713,0,0,0,0,1
5714,0,0,0,0,1
5715,0,0,0,0,1
5716,0,0,0,0,1
5717,0,0,0,0,1
5718,0,0,0,0,1
5719,0,0,0,0,1
5720,1,0,0,0,0
5721,1,0,0,0,0
5722,1,0,0,0,0
5723,1,0,0,0,0
5724,1,0,0,0,0
5725,1,0,0,0,0
5726,1,0,0,0,0
5727,1,0,0,0,0
5728,1,0,0,0,0
5729,1,0,0,0,0
5730,1,0,0,0,0
5731,1,0,0,0,0
5732,1,0,0,0,0
5733,1,0,0,0,0
5734,1,0,0,0,0
5735,1,0,0,0,0
5736,1,0,0,0,0
5737,1,0,0,0,0
5738,1,0,0,0,0
5739,1,0,0,0,0
5740,1,0,0,0,0
5741,1,0,0,0,0
5742,1,0,0,0,0
5743,1,0,0,0,0
5744,1,0,0,0,0
5745,1,0,0,0,0
5746,1,0,0,0,0
5747,1,0,0,0,0
5748,1,0,0,0,0
5749,1,0,0,0,0
5750,1,0,0,0,0
5751,1,0,0,0,0
5752,1,0,0,0,0
5753,1,0,0,0,0
5754,1,0,0,0,0
5755,1,0,0,0,0
5756,1,0,0,0,0
5757,1,0,0,0,0
5758,1,0,0,0,0
5759,1,0,0,0,0
5760,1,0,0,0,0
5761,1,0,0,0,0
5762,1,0,0,0,0
5763,1,0,0,0,0
5764,1,0,0,0,0
5765,1,0,0,0,0
5766,1,0,0,0,0
5767,1,0,0,0,0
5768,0,0,0,0,1
5769,0,0,0,0,1
5770,0,0,0,0,1
5771,0,0,0,0,1
5772,0,0,0,0,1
5773,0,0,0,0,1
5774,0,0,0,0,1
5775,0,0,0,0,1
5776,0,0,0,0,1
5777,0,0,0,0,1
5778,0,0,0,0,1
5779,0,0,0,0,1
5780,0,0,0,0,1
5781,0,0,0,0,1
5782,0,0,0,0,1
5783,0,0,0,0,1
5784,0,0,0,0,1
5785,0,0,0,0,1
5786,0,0,0,0,1
5787,0,0,0,0,1
5788,0,0,0,0,1
5789,0,0,0,0,1
5790,0,0,0,0,1
5791,0,0,0,0,1
5792,0,0,0,0,1
5793,0,0,0,0,1
5794,0,0,0,0,1
5795,0,0,0,0,1
5796,0,0,0,0,1
5797,0,0,0,0,1
5798,0,0,0,0,1
5799,0,0,0,0,1
5800,0,0,0,0,1
5801,0,0,0,0,1
5802,0,0,0,0,1
5803,0,0,0,0,1
5804,0,0,0,0,1
5805,0,0,0,0,1
5806,0,0,0,0,1
5807,0,0,0,0,1
5808,0,0,0,0,1
5809,0,0,0,0,1
5810,0,0,0,0,1
5811,0,0,0,0,1
5812,0,0,0,0,1
5813,0,0,0,0,1
5814,0,0,0,0,1
5815,0,0,0,0,1
5816,0,0,0,0,1
5817,0,0,0,0,1
5818,0,0,0,0,1
5819,0,0,0,0,1
5820,0,0,0,0,1
5821,0,0,0,0,1
5822,0,0,0,0,1
5823,0,0,0,0,1
5824,0,0,0,0,1
5825,0,0,0,0,1
5826,0,0,0,0,1
5827,0,0,0,0,1
5828,0,0,0,0,1
5829,0,0,0,0,1
5830,0,0,0,0,1
5831,0,0,0,0,1
5832,0,0,0,0,1
5833,0,0,0,0,1
5834,0,0,0,0,1
5835,0,0,0,0,1
5836,0,0,0,0,1
5837,0,0,0,0,1
5838,0,0,0,0,1
5839,0,0,0,0,1
5840,0,0,0,0,1
5841,0,0,0,0,1
5842,0,0,0,0,1
5843,0,0,0,0,1
5844,0,0,0,0,1
5845,0,0,0,0,1
5846,0,0,0,0,1
5847,0,0,0,0,1
5848,0,0,0,0,1
5849,0,0,0,0,1
5850,0,0,0,0,1
5851,0,0,0,0,1
5852,0,0,0,0,1
5853,0,0,0,0,1
5854,0,0,0,0,1
5855,0,0,0,0,1
5856,0,0,0,0,1
5857,0,0,0,0,1
5858,0,0,0,0,1
5859,0,0,0,0,1
5860,0,0,0,0,1
5861,0,0,0,0,1
5862,0,0,0,0,1
5863,0,0,0,0,1
5864,0,0,0,0,1
5865,0,0,0,0,1
5866,0,0,0,0,1
5867,0,0,0,0,1
5868,0,0,0,0,1
5869,0,0,0,0,1
5870,0,0,0,0,1
5871,0,0,0,0,1
5872,0,0,0,0,1
5873,0,0,0,0,1
5874,0,0,0,0,1
5875,0,0,0,0,1
5876,0,0,0,0,1
5877,0,0,0,0,1
5878,0,0,0,0,1
5879,0,0,0,0,1
5880,0,0,0,0,1
5881,0,0,0,0,1
5882,0,0,0,0,1
5883,0,0,0,0,1
5884,0,0,0,0,1
5885,0,0,0,0,1
5886,0,0,0,0,1
5887,0,0,0,0,1
5888,0,0,0,0,1
5889,0,0,0,0,1
5890,0,0,0,0,1
5891,0,0,0,0,1
5892,0,0,0,0,1
5893,0,0,0,0,1
5894,0,0,0,0,1
5895,0,0,0,0,1
5896,0,0,0,0,1
5897,0,0,0,0,1
5898,0,0,0,0,1
5899,0,0,0,0,1
5900,0,0,0,0,1
5901,0,0,0,0,1
5902,0,0,0,0,1
5903,0,0,0,0,1
5904,0,0,0,0,1
5905,0,0,0,0,1
5906,0,0,0,0,1
5907,0,0,0,0,1
5908,0,0,0,0,1
5909,0,0,0,0,1
5910,0,0,0,0,1
5911,0,0,0,0,1
5912,0,0,0,0,1
5913,0,0,0,0,1
5914,0,0,0,0,1
5915,0,0,0,0,1
5916,0,0,0,0,1
5917,0,0,0,0,1
5918,0,0,0,0,1
5919,0,0,0,0,1
5920,0,0,0,0,1
5921,0,0,0,0,1
5922,0,0,0,0,1
5923,0,0,0,0,1
5924,0,0,0,0,1
5925,0,0,0,0,1
5926,0,0,0,0,1
5927,0,0,0,0,1
5928,0,0,0,0,1
5929,0,0,0,0,1
5930,0,0,0,0,1
5931,0,0,0,0,1
5932,0,0,0,0,1
5933,0,0,0,0,1
5934,0,0,0,0,1
5935,0,0,0,0,1
5936,0,0,1,0,0
5937,0,0,1,0,0
5938,0,0,1,0,0
5939,0,0,1,0,0
5940,0,0,1,0,0
5941,0,0,1,0,0
5942,0,0,1,0,0
5943,0,0,1,0,0
5944,0,0,1,0,0
5945,0,0,1,0,0
5946,0,0,1,0,0
5947,0,0,1,0,0
5948,0,0,1,0,0
5949,0,0,1,0,0
5950,0,0,1,0,0
5951,0,0,1,0,0
5952,0,0,1,0,0
5953,0,0,1,0,0
5954,0,0,1,0,0
5955,0,0,1,0,0
5956,0,0,1,0,0
5957,0,0,1,0,0
5958,0,0,1,0,0
5959,0,0,1,0,0
5960,0,0,1,0,0
5961,0,0,1,0,0
5962,0,0,1,0,0
5963,0,0,1,0,0
5964,0,0,1,0,0
5965,0,0,1,0,0
5966,0,0,1,0,0
5967,0,0,1,0,0
5968,0,0,1,0,0
5969,0,0,1,0,0
5970,0,0,1,0,0
5971,0,0,1,0,0
5972,0,0,1,0,0
5973,0,0,1,0,0
5974,0,0,1,0,0
5975,0,0,1,0,0
5976,0,0,1,0,0
5977,0,0,1,0,0
5978,0,0,1,0,0
5979,0,0,1,0,0
5980,0,0,1,0,0
5981,0,0,1,0,0
5982,0,0,1,0,0
5983,0,0,1,0,0
5984,0,0,0,0,1
5985,0,0,0,0,1
5986,0,0,0,0,1
5987,0,0,0,0,1
5988,0,0,0,0,1
5989,0,0,0,0,1
5990,0,0,0,0,1
5991,0,0,0,0,1
5992,0,0,0,0,1
5993,0,0,0,0,1
5994,0,0,0,0,1
5995,0,0,0,0,1
5996,0,0,0,0,1
5997,0,0,0,0,1
5998,0,0,0,0,1
5999,0,0,0,0,1
6000,0,0,0,0,1
6001,0,0,0,0,1
6002,0,0,0,0,1
6003,0,0,0,0,1
6004,0,0,0,0,1
6005,0,0,0,0,1
6006,0,0,0,0,1
6007,0,0,0,0,1
6008,0,0,0,0,1
6009,0,0,0,0,1
6010,0,0,0,0,1
6011,0,0,0,0,1
6012,0,0,0,0,1
6013,0,0,0,0,1
6014,0,0,0,0,1
6015,0,0,0,0,1
6016,0,0,0,0,1
6017,0,0,0,0,1
6018,0,0,0,0,1
6019,0,0,0,0,1
6020,0,0,0,0,1
6021,0,0,0,0,1
6022,0,0,0,0,1
6023,0,0,0,0,1
6024,0,0,0,0,1
6025,0,0,0,0,1
6026,0,0,0,0,1
6027,0,0,0,0,1
6028,0,0,0,0,1
6029,0,0,0,0,1
6030,0,0,0,0,1
6031,0,0,0,0,1
6032,0,0,0,0,1
6033,0,0,0,0,1
6034,0,0,0,0,1
6035,0,0,0,0,1
6036,0,0,0,0,1
6037,0,0,0,0,1
6038,0,0,0,0,1
6039,0,0,0,0,1
6040,0,0,0,0,1
6041,0,0,0,0,1
6042,0,0,0,0,1
6043,0,0,0,0,1
6044,0,0,0,0,1
6045,0,0,0,0,1
6046,0,0,0,0,1
6047,0,0,0,0,1
6048,0,0,0,0,1
6049,0,0,0,0,1
6050,0,0,0,0,1
6051,0,0,0,0,1
6052,0,0,0,0,1
6053,0,0,0,0,1
6054,0,0,0,0,1
6055,0,0,0,0,1
6056,0,0,0,0,1
6057,0,0,0,0,1
6058,0,0,0,0,1
6059,0,0,0,0,1
6060,1,0,0,0,0
6061,1,0,0,0,0
6062,1,0,0,0,0
6063,1,0,0,0,0
6064,1,0,0,0,0
6065,1,0,0,0,0
6066,1,0,0,0,0
6067,1,0,0,0,0
6068,1,0,0,0,0
6069,1,0,0,0,0
6070,1,0,0,0,0
6071,1,0,0,0,0
6072,1,0,0,0,0
6073,1,0,0,0,0
6074,1,0,0,0,0
6075,1,0,0,0,0
6076,1,0,0,0,0
6077,1,0,0,0,0
6078,1,0,0,0,0
6079,1,0,0,0,0
6080,1,0,0,0,0
6081,1,0,0,0,0
6082,1,0,0,0,0
6083,1,0,0,0,0
6084,1,0,0,0,0
6085,1,0,0,0,0
6086,1,0,0,0,0
6087,1,0,0,0,0
6088,1,0,0,0,0
6089,1,0,0,0,0
6090,1,0,0,0,0
6091,1,0,0,0,0
6092,1,0,0,0,0
6093,1,0,0,0,0
6094,1,0,0,0,0
6095,0,0,0,0,1
6096,0,0,0,0,1
6097,0,0,0,0,1
6098,0,0,0,0,1
6099,0,0,0,0,1
6100,0,0,0,0,1
6101,0,0,0,0,1
6102,0,0,0,0,1
6103,0,0,0,0,1
6104,0,0,0,0,1
6105,0,0,0,0,1
6106,0,0,0,0,1
6107,0,0,0,0,1
6108,0,0,0,0,1
6109,0,0,0,0,1
6110,0,0,0,0,1
6111,0,0,0,0,1
6112,0,0,0,0,1
6113,0,0,0,0,1
6114,0,0,0,0,1
6115,0,0,0,0,1
6116,0,0,0,0,1
6117,0,0,0,0,1
6118,0,0,0,0,1
6119,0,0,0,0,1
6120,0,0,0,0,1
6121,0,0,0,0,1
6122,0,0,0,0,1
6123,0,0,0,0,1
6124,0,0,0,0,1
6125,0,0,0,0,1
6126,0,0,0,0,1
6127,0,0,0,0,1
6128,0,0,0,0,1
6129,0,0,0,0,1
6130,0,0,0,0,1
6131,0,0,0,0,1
6132,0,0,0,0,1
6133,0,0,0,0,1
6134,0,0,0,0,1
6135,0,0,0,0,1
6136,0,0,0,0,1
6137,0,0,0,0,1
6138,0,0,0,0,1
6139,0,0,0,0,1
6140,0,0,0,0,1
6141,0,0,0,0,1
6142,0,0,0,0,1
6143,0,0,0,0,1
6144,0,0,0,0,1
6145,0,0,0,0,1
6146,0,0,0,0,1
6147,0,0,0,0,1
6148,0,0,0,0,1
6149,0,0,0,0,1
6150,0,0,0,0,1
6151,0,0,0,0,1
6152,0,0,0,0,1
6153,0,0,0,0,1
6154,0,0,0,0,1
6155,0,0,0,0,1
6156,0,0,0,0,1
6157,0,0,0,0,1
6158,0,0,0,0,1
6159,0,0,0,0,1
6160,0,0,0,0,1
6161,0,0,0,0,1
6162,0,0,0,0,1
6163,0,0,0,0,1
6164,0,0,0,0,1
6165,0,0,0,0,1
6166,0,0,0,0,1
6167,0,0,0,0,1
6168,0,0,0,0,1
6169,0,0,0,0,1
6170,0,0,0,0,1
6171,0,0,0,0,1
6172,0,0,0,0,1
6173,0,0,0,0,1
6174,0,0,0,0,1
6175,0,0,0,0,1
6176,0,0,0,0,1
6177,0,0,0,0,1
6178,0,0,0,0,1
6179,0,0,0,0,1
6180,0,0,0,0,1
6181,0,0,0,0,1
6182,0,0,0,0,1
6183,0,0,0,0,1
6184,1,0,0,0,0
6185,1,0,0,0,0
6186,1,0,0,0,0
6187,1,0,0,0,0
6188,1,0,0,0,0
6189,1,0,0,0,0
6190,1,0,0,0,0
6191,1,0,0,0,0
6192,1,0,0,0,0
6193,1,0,0,0,0
6194,1,0,0,0,0
6195,1,0,0,0,0
6196,1,0,0,0,0
6197,1,0,0,0,0
6198,1,0,0,0,0
6199,1,0,0,0,0
6200,1,0,0,0,0
6201,1,0,0,0,0
6202,1,0,0,0,0
6203,1,0,0,0,0
6204,1,0,0,0,0
6205,1,0,0,0,0
6206,1,0,0,0,0
6207,1,0,0,0,0
6208,1,0,0,0,0
6209,1,0,0,0,0
6210,1,0,0,0,0
6211,1,0,0,0,0
6212,1,0,0,0,0
6213,1,0,0,0,0
6214,1,0,0,0,0
6215,1,0,0,0,0
6216,1,0,0,0,0
6217,1,0,0,0,0
6218,1,0,0,0,0
6219,1,0,0,0,0
6220,1,0,0,0,0
6221,1,0,0,0,0
6222,1,0,0,0,0
6223,1,0,0,0,0
6224,1,0,0,0,0
6225,1,0,0,0,0
6226,1,0,0,0,0
6227,1,0,0,0,0
6228,1,0,0,0,0
6229,1,0,0,0,0
6230,1,0,0,0,0
6231,0,0,0,0,1
6232,0,0,0,0,1
6233,0,0,0,0,1
6234,0,0,0,0,1
6235,0,0,0,0,1
6236,0,0,0,0,1
6237,1,0,0,0,0
6238,1,0,0,0,0
6239,1,0,0,0,0
6240,1,0,0,0,0
6241,1,0,0,0,0
6242,1,0,0,0,0
6243,1,0,0,0,0
6244,1,0,0,0,0
6245,1,0,0,0,0
6246,1,0,0,0,0
6247,1,0,0,0,0
6248,1,0,0,0,0
6249,1,0,0,0,0
6250,1,0,0,0,0
6251,1,0,0,0,0
6252,1,0,0,0,0
6253,1,0,0,0,0
6254,1,0,0,0,0
6255,1,0,0,0,0
6256,1,0,0,0,0
6257,1,0,0,0,0
6258,1,0,0,0,0
6259,1,0,0,0,0
6260,1,0,0,0,0
6261,1,0,0,0,0
6262,1,0,0,0,0
6263,1,0,0,0,0
6264,1,0,0,0,0
6265,1,0,0,0,0
6266,1,0,0,0,0
6267,1,0,0,0,0
6268,1,0,0,0,0
6269,1,0,0,0,0
6270,1,0,0,0,0
6271,1,0,0,0,0
6272,1,0,0,0,0
6273,1,0,0,0,0
6274,1,0,0,0,0
6275,1,0,0,0,0
6276,1,0,0,0,0
6277,1,0,0,0,0
6278,1,0,0,0,0
6279,1,0,0,0,0
6280,1,0,0,0,0
6281,1,0,0,0,0
6282,1,0,0,0,0
6283,1,0,0,0,0
6284,0,1,0,0,0
6285,0,1,0,0,0
6286,0,1,0,0,0
6287,0,1,0,0,0
6288,0,1,0,0,0
6289,0,1,0,0,0
6290,0,1,0,0,0
6291,0,1,0,0,0
6292,0,1,0,0,0
6293,0,1,0,0,0
6294,0,1,0,0,0
6295,0,1,0,0,0
6296,0,1,0,0,0
6297,0,0,0,0,1
6298,0,0,0,0,1
6299,0,0,0,0,1
6300,0,0,0,0,1
6301,0,0,0,0,1
6302,0,0,0,0,1
6303,0,0,0,0,1
6304,0,0,0,0,1
6305,0,0,0,0,1
6306,0,0,0,0,1
6307,0,0,0,0,1
6308,0,0,0,0,1
6309,0,0,0,0,1
6310,0,0,0,0,1
6311,0,0,0,0,1
6312,0,0,0,0,1
6313,0,0,0,0,1
6314,0,0,0,0,1
6315,0,0,0,0,1
6316,0,0,0,0,1
6317,0,0,0,0,1
6318,0,0,0,0,1
6319,0,0,0,0,1
6320,0,0,0,0,1
6321,0,0,0,0,1
6322,0,0,0,0,1
6323,0,0,0,0,1
6324,0,0,0,0,1
6325,0,0,0,0,1
6326,0,0,0,0,1
6327,0,0,0,0,1
6328,0,0,0,0,1
6329,0,0,0,0,1
6330,0,0,0,0,1
6331,0,0,0,0,1
6332,0,0,0,0,1
6333,0,0,0,0,1
6334,0,0,0,0,1
6335,0,0,0,0,1
6336,0,0,0,0,1
6337,0,0,0,0,1
6338,0,0,0,0,1
6339,0,0,0,0,1
6340,0,0,0,0,1
6341,0,0,0,0,1
6342,0,0,0,0,1
6343,0,0,0,0,1
6344,0,0,0,0,1
6345,0,0,0,0,1
6346,0,0,0,0,1
6347,0,0,0,0,1
6348,0,0,0,0,1
6349,0,0,0,0,1
6350,0,0,0,0,1
6351,0,0,0,0,1
6352,0,0,0,0,1
6353,0,0,0,0,1
6354,0,0,0,0,1
6355,0,0,0,0,1
6356,0,0,0,0,1
6357,0,0,0,0,1
6358,0,0,0,0,1
6359,0,0,0,0,1
6360,0,0,0,0,1
6361,0,0,0,0,1
6362,0,0,0,0,1
6363,0,0,0,0,1
6364,0,0,0,0,1
6365,0,0,0,0,1
6366,0,0,0,0,1
6367,0,0,0,0,1
6368,0,0,0,0,1
6369,0,0,0,0,1
6370,0,0,0,0,1
6371,0,0,0,0,1
6372,0,0,0,0,1
6373,0,0,0,0,1
6374,0,0,0,0,1
6375,0,0,0,0,1
6376,0,0,0,0,1
6377,0,0,0,0,1
6378,0,0,0,0,1
6379,0,0,0,0,1
6380,0,0,0,0,1
6381,0,0,0,0,1
6382,0,0,0,0,1
6383,0,0,0,0,1
6384,0,0,0,0,1
6385,0,0,0,0,1
6386,0,0,0,0,1
6387,0,0,0,0,1
6388,0,0,0,0,1
6389,0,0,0,0,1
6390,0,0,0,0,1
6391,0,0,0,0,1
6392,0,0,0,0,1
6393,0,0,0,0,1
6394,0,0,0,0,1
6395,0,0,0,0,1
6396,0,0,0,0,1
6397,0,0,0,0,1
6398,0,0,0,0,1
6399,0,0,0,0,1
6400,0,0,0,0,1
6401,0,0,0,0,1
6402,0,0,0,0,1
6403,0,0,0,0,1
6404,0,0,0,0,1
6405,0,0,0,0,1
6406,0,0,0,0,1
6407,0,0,0,0,1
6408,0,0,0,0,1
6409,0,0,0,0,1
6410,0,0,0,0,1
6411,0,0,0,0,1
6412,0,0,0,0,1
6413,0,0,0,0,1
6414,0,0,0,0,1
6415,0,0,0,0,1
6416,1,0,0,0,0
6417,1,0,0,0,0
6418,1,0,0,0,0
6419,1,0,0,0,0
6420,1,0,0,0,0
6421,1,0,0,0,0
6422,1,0,0,0,0
6423,1,0,0,0,0
6424,1,0,0,0,0
6425,1,0,0,0,0
6426,1,0,0,0,0
6427,1,0,0,0,0
6428,1,0,0,0,0
6429,1,0,0,0,0
6430,1,0,0,0,0
6431,1,0,0,0,0
6432,1,0,0,0,0
6433,1,0,0,0,0
6434,1,0,0,0,0
6435,1,0,0,0,0
6436,1,0,0,0,0
6437,1,0,0,0,0
6438,1,0,0,0,0
6439,1,0,0,0,0
6440,1,0,0,0,0
6441,1,0,0,0,0
6442,1,0,0,0,0
6443,1,0,0,0,0
6444,1,0,0,0,0
6445,1,0,0,0,0
6446,1,0,0,0,0
6447,1,0,0,0,0
6448,1,0,0,0,0
6449,1,0,0,0,0
6450,1,0,0,0,0
6451,1,0,0,0,0
6452,1,0,0,0,0
6453,1,0,0,0,0
6454,1,0,0,0,0
6455,1,0,0,0,0
6456,1,0,0,0,0
6457,1,0,0,0,0
6458,1,0,0,0,0
6459,1,0,0,0,0
6460,1,0,0,0,0
6461,1,0,0,0,0
6462,1,0,0,0,0
6463,1,0,0,0,0
6464,1,0,0,0,0
6465,1,0,0,0,0
6466,1,0,0,0,0
6467,1,0,0,0,0
6468,1,0,0,0,0
6469,1,0,0,0,0
6470,1,0,0,0,0
6471,1,0,0,0,0
6472,1,0,0,0,0
6473,1,0,0,0,0
6474,1,0,0,0,0
6475,1,0,0,0,0
6476,1,0,0,0,0
6477,1,0,0,0,0
6478,1,0,0,0,0
6479,1,0,0,0,0
6480,0,0,1,0,0
6481,0,0,1,0,0
6482,0,0,1,0,0
6483,0,0,1,0,0
6484,0,0,1,0,0
6485,0,0,1,0,0
6486,0,0,1,0,0
6487,0,0,1,0,0
6488,0,0,1,0,0
6489,0,0,1,0,0
6490,0,0,1,0,0
6491,0,0,1,0,0
6492,0,0,1,0,0
6493,0,0,1,0,0
6494,0,0,1,0,0
6495,0,0,1,0,0
6496,0,0,1,0,0
6497,0,0,1,0,0
6498,0,0,1,0,0
6499,0,0,1,0,0
6500,0,0,1,0,0
6501,0,0,1,0,0
6502,0,0,1,0,0
6503,0,0,1,0,0
6504,0,0,1,0,0
6505,0,0,1,0,0
6506,0,0,1,0,0
6507,0,0,1,0,0
6508,0,0,1,0,0
6509,0,0,1,0,0
6510,0,0,1,0,0
6511,0,0,1,0,0
6512,0,0,1,0,0
6513,0,0,1,0,0
6514,0,0,1,0,0
6515,0,0,1,0,0
6516,0,0,0,0,1
6517,0,0,0,0,1
6518,0,0,0,0,1
6519,0,0,0,0,1
6520,0,0,0,0,1
6521,0,0,0,0,1
6522,0,0,0,0,1
6523,0,0,0,0,1
6524,0,0,0,0,1
6525,0,0,0,0,1
6526,0,0,0,0,1
6527,0,0,0,0,1
6528,0,0,0,0,1
6529,0,0,0,0,1
6530,0,0,0,0,1
6531,0,0,0,0,1
6532,0,0,0,0,1
6533,0,0,0,0,1
6534,0,0,0,0,1
6535,0,0,0,0,1
6536,0,0,0,0,1
6537,0,0,0,0,1
6538,0,0,0,0,1
6539,0,0,0,0,1
6540,0,0,0,0,1
6541,0,0,0,0,1
6542,0,0,0,0,1
6543,0,0,0,0,1
6544,0,0,0,0,1
6545,0,0,0,0,1
6546,0,0,0,0,1
6547,0,0,0,0,1
6548,0,0,0,0,1
6549,0,0,0,0,1
6550,0,0,0,0,1
6551,0,0,0,0,1
6552,0,0,0,0,1
6553,0,0,0,0,1
6554,0,0,0,0,1
6555,0,0,0,0,1
6556,0,0,0,0,1
6557,0,0,0,0,1
6558,0,0,0,0,1
6559,0,0,0,0,1
6560,0,0,0,0,1
6561,0,0,0,0,1
6562,0,0,0,0,1
6563,0,0,0,0,1
6564,0,0,0,0,1
6565,0,0,0,0,1
6566,0,0,0,0,1
6567,0,0,0,0,1
6568,0,0,0,0,1
6569,0,0,0,0,1
6570,0,0,0,0,1
6571,0,0,0,0,1
6572,0,0,0,0,1
6573,0,0,0,0,1
6574,0,0,0,0,1
6575,0,0,0,0,1
6576,0,0,0,0,1
6577,0,0,0,0,1
6578,0,0,0,0,1
6579,0,0,0,0,1
6580,0,0,0,0,1
6581,0,0,0,0,1
6582,0,0,0,0,1
6583,0,0,0,0,1
6584,0,0,0,0,1
6585,0,0,0,0,1
6586,0,0,0,0,1
6587,0,0,0,0,1
6588,0,0,0,0,1
6589,0,0,0,0,1
6590,0,0,0,0,1
6591,0,0,0,0,1
6592,0,0,0,0,1
6593,0,0,0,0,1
6594,0,0,0,0,1
6595,0,0,0,0,1
6596,0,0,0,0,1
6597,0,0,0,0,1
6598,0,0,0,0,1
6599,0,0,0,0,1
6600,0,0,0,0,1
6601,0,0,0,0,1
6602,0,0,0,0,1
6603,0,0,0,0,1
6604,0,0,0,0,1
6605,0,0,0,0,1
6606,0,0,0,0,1
6607,0,0,0,0,1
6608,0,0,0,0,1
6609,0,0,0,0,1
6610,0,0,0,0,1
6611,0,0,0,0,1
6612,0,0,0,0,1
6613,0,0,0,0,1
6614,0,0,0,0,1
6615,0,0,0,0,1
6616,0,0,0,0,1
6617,0,0,0,0,1
6618,0,0,0,0,1
6619,0,0,0,0,1
6620,0,0,0,0,1
6621,0,0,0,0,1
6622,0,0,0,0,1
6623,0,0,0,0,1
6624,0,0,0,0,1
6625,0,0,0,0,1
6626,0,0,0,0,1
6627,0,0,0,0,1
6628,0,0,0,0,1
6629,0,0,0,0,1
6630,0,0,0,0,1
6631,0,0,0,0,1
6632,0,0,0,0,1
6633,0,0,0,0,1
6634,0,0,1,0,0
6635,0,0,1,0,0
6636,0,0,1,0,0
6637,0,0,1,0,0
6638,0,0,1,0,0
6639,0,0,1,0,0
6640,0,0,1,0,0
6641,0,0,1,0,0
6642,0,0,1,0,0
6643,0,0,1,0,0
6644,0,0,1,0,0
6645,0,0,1,0,0
6646,0,0,1,0,0
6647,0,0,1,0,0
6648,0,0,1,0,0
6649,0,0,1,0,0
6650,0,0,1,0,0
6651,0,0,1,0,0
6652,0,0,1,0,0
6653,0,0,1,0,0
6654,0,0,1,0,0
6655,0,0,1,0,0
6656,0,0,1,0,0
6657,0,0,1,0,0
6658,0,0,1,0,0
6659,0,0,1,0,0
6660,0,0,1,0,0
6661,0,0,1,0,0
6662,0,0,1,0,0
6663,0,0,1,0,0
6664,0,0,1,0,0
6665,0,0,1,0,0
6666,0,0,1,0,0
6667,0,0,1,0,0
6668,0,0,1,0,0
6669,0,0,1,0,0
6670,0,0,1,0,0
6671,0,0,1,0,0
6672,0,0,1,0,0
6673,0,0,1,0,0
6674,0,0,1,0,0
6675,0,0,1,0,0
6676,0,0,1,0,0
6677,0,0,1,0,0
6678,0,0,1,0,0
6679,0,0,1,0,0
6680,0,0,1,0,0
6681,0,0,1,0,0
6682,0,0,1,0,0
6683,0,0,1,0,0
6684,0,0,1,0,0
6685,0,0,1,0,0
6686,0,0,1,0,0
6687,0,0,1,0,0
6688,0,0,1,0,0
6689,0,0,1,0,0
6690,0,0,1,0,0
6691,0,0,0,0,1
6692,0,0,0,0,1
6693,0,0,0,0,1
6694,0,0,0,0,1
6695,0,0,0,0,1
6696,0,0,0,0,1
6697,0,0,0,0,1
6698,0,0,0,0,1
6699,0,0,0,0,1
6700,0,0,0,0,1
6701,0,0,0,0,1
6702,0,0,0,0,1
6703,0,0,0,0,1
6704,0,0,0,0,1
6705,0,0,0,0,1
6706,0,0,0,0,1
6707,0,0,0,0,1
6708,0,0,0,0,1
6709,0,0,0,0,1
6710,0,0,0,0,1
6711,0,0,0,0,1
6712,0,0,0,0,1
6713,0,0,0,0,1
6714,0,0,0,0,1
6715,0,0,0,0,1
6716,0,0,0,0,1
6717,0,0,0,0,1
6718,0,0,0,0,1
6719,0,0,0,0,1
6720,0,0,0,0,1
6721,0,0,0,0,1
6722,0,0,0,0,1
6723,0,0,0,0,1
6724,0,0,0,0,1
6725,0,0,0,0,1
6726,0,0,0,0,1
6727,0,0,0,0,1
6728,0,0,0,0,1
6729,0,0,0,0,1
6730,0,0,0,0,1
6731,0,0,0,0,1
6732,0,0,0,0,1
6733,0,0,0,0,1
6734,0,0,0,0,1
6735,0,0,0,0,1
6736,0,0,0,0,1
6737,0,0,0,0,1
6738,0,0,0,0,1
6739,0,0,0,0,1
6740,0,0,0,0,1
6741,0,0,0,0,1
6742,0,0,0,0,1
6743,0,0,0,0,1
6744,0,0,0,0,1
6745,0,0,0,0,1
6746,0,0,0,0,1
6747,0,0,0,0,1
6748,0,0,0,0,1
6749,0,0,0,0,1
6750,0,0,0,0,1
6751,0,0,0,0,1
6752,0,0,0,0,1
6753,0,0,0,0,1
6754,0,0,0,0,1
6755,0,0,0,0,1
6756,0,0,0,0,1
6757,0,0,0,0,1
6758,0,0,0,0,1
6759,0,0,0,0,1
6760,0,0,0,0,1
6761,0,0,0,0,1
6762,0,0,0,0,1
6763,0,0,0,0,1
6764,0,0,0,0,1
6765,0,0,0,0,1
6766,0,0,0,0,1
6767,0,0,0,0,1
6768,0,0,0,0,1
6769,0,0,0,0,1
6770,0,0,0,0,1
6771,0,0,0,0,1
6772,0,0,0,0,1
6773,0,0,0,0,1
6774,0,0,0,0,1
6775,0,0,0,0,1
6776,0,0,0,0,1
6777,0,0,0,0,1
6778,0,0,0,0,1
6779,0,0,0,0,1
6780,0,0,0,0,1
6781,0,0,0,0,1
6782,0,0,0,0,1
6783,0,0,0,0,1
6784,0,0,0,0,1
6785,0,0,0,0,1
6786,0,0,0,0,1
6787,0,0,0,0,1
6788,0,0,0,0,1
6789,0,0,0,0,1
6790,0,0,0,0,1
6791,0,0,0,0,1
6792,0,0,0,0,1
6793,0,0,0,0,1
6794,0,0,0,0,1
6795,0,0,0,0,1
6796,0,0,0,0,1
6797,0,0,0,0,1
6798,0,0,0,0,1
6799,0,0,0,0,1
6800,0,0,0,0,1
6801,0,0,0,0,1
6802,0,0,0,0,1
6803,0,0,0,0,1
6804,0,0,0,0,1
6805,0,0,0,0,1
6806,0,0,0,0,1
6807,0,0,0,0,1
6808,0,0,0,0,1
6809,0,0,0,0,1
6810,0,0,0,0,1
6811,0,0,0,0,1
6812,0,0,0,0,1
6813,0,0,0,0,1
6814,0,0,0,0,1
6815,0,0,0,0,1
6816,0,0,0,0,1
6817,0,0,0,0,1
6818,0,0,0,0,1
6819,0,0,0,0,1
6820,0,0,0,0,1
6821,0,0,0,0,1
6822,0,0,0,0,1
6823,0,0,0,0,1
6824,0,0,0,0,1
6825,0,0,0,0,1
6826,0,0,0,0,1
6827,0,0,0,0,1
6828,0,0,0,0,1
6829,0,0,0,0,1
6830,0,0,0,0,1
6831,0,0,0,0,1
6832,0,0,0,0,1
6833,0,0,0,0,1
6834,0,0,0,0,1
6835,0,0,0,0,1
6836,0,0,0,0,1
6837,0,0,0,0,1
6838,0,0,0,0,1
6839,0,0,0,0,1
6840,0,0,0,0,1
6841,0,0,0,0,1
6842,0,0,0,0,1
6843,0,0,0,0,1
6844,0,0,0,0,1
6845,0,0,0,0,1
6846,0,0,0,0,1
6847,0,0,0,0,1
6848,0,0,0,0,1
6849,0,0,0,0,1
6850,0,0,0,0,1
6851,0,0,0,0,1
6852,0,0,0,0,1
6853,0,0,0,0,1
6854,0,0,0,0,1
6855,0,0,0,0,1
6856,0,0,0,0,1
6857,0,0,0,0,1
6858,0,0,0,0,1
6859,0,0,0,0,1
6860,0,0,0,0,1
6861,0,0,0,0,1
6862,0,0,0,0,1
6863,0,0,0,0,1
6864,0,0,0,0,1
6865,0,0,0,0,1
6866,0,0,0,0,1
6867,0,0,0,0,1
6868,0,0,0,0,1
6869,0,0,0,0,1
6870,0,0,0,0,1
6871,0,0,0,0,1
6872,0,0,0,0,1
6873,0,0,0,0,1
6874,0,0,0,0,1
6875,0,0,0,0,1
6876,0,0,0,0,1
6877,0,0,0,0,1
6878,0,0,0,0,1
6879,0,0,0,0,1
6880,0,0,0,0,1
6881,0,0,0,0,1
6882,0,0,0,0,1
6883,0,0,0,0,1
6884,0,0,0,0,1
6885,0,0,0,0,1
6886,0,0,0,0,1
6887,0,0,0,0,1
6888,0,0,0,0,1
6889,0,0,0,0,1
6890,0,0,0,0,1
6891,0,0,0,0,1
6892,0,0,0,0,1
6893,0,0,0,0,1
6894,0,0,0,0,1
6895,0,0,0,0,1
6896,0,0,0,0,1
6897,0,0,0,0,1
6898,0,0,0,0,1
6899,0,0,0,0,1
6900,0,0,0,0,1
6901,0,0,0,0,1
6902,0,0,0,0,1
6903,0,0,0,0,1
6904,0,0,0,0,1
6905,0,0,0,0,1
6906,0,0,0,0,1
6907,0,0,0,0,1
6908,0,0,0,0,1
6909,0,0,0,0,1
6910,0,0,0,0,1
6911,0,0,0,0,1
6912,0,0,0,0,1
6913,0,0,0,0,1
6914,0,0,0,0,1
6915,0,0,0,0,1
6916,0,0,0,0,1
6917,0,0,0,0,1
6918,0,0,0,0,1
6919,0,0,0,0,1
6920,0,0,0,0,1
6921,0,0,0,0,1
6922,0,0,0,0,1
6923,0,0,0,0,1
6924,0,0,0,0,1
6925,0,0,0,0,1
6926,0,0,0,0,1
6927,0,0,0,0,1
6928,0,0,0,0,1
6929,0,0,0,0,1
6930,0,0,0,0,1
6931,0,0,0,0,1
6932,0,0,0,0,1
6933,0,0,0,0,1
6934,0,0,0,0,1
6935,0,0,0,0,1
6936,0,0,0,0,1
6937,0,0,0,0,1
6938,0,0,0,0,1
6939,0,0,0,0,1
6940,0,0,0,0,1
6941,0,0,0,0,1
6942,0,0,0,0,1
6943,0,0,0,0,1
6944,0,0,0,0,1
6945,0,0,0,0,1
6946,0,0,0,0,1
6947,0,0,0,0,1
6948,0,0,0,0,1
6949,0,0,0,0,1
6950,0,0,0,0,1
6951,0,0,0,0,1
6952,0,0,0,0,1
6953,0,0,0,0,1
6954,0,0,0,0,1
6955,0,0,0,0,1
6956,0,0,0,0,1
6957,0,0,0,0,1
6958,0,0,0,0,1
6959,0,0,0,0,1
6960,0,0,0,0,1
6961,0,0,0,0,1
6962,0,0,0,0,1
6963,0,0,0,0,1
6964,0,0,0,0,1
6965,0,0,0,0,1
6966,0,0,0,0,1
6967,0,0,0,0,1
6968,0,0,0,0,1
6969,0,0,0,0,1
6970,0,0,0,0,1
6971,0,0,0,0,1
6972,0,0,0,0,1
6973,0,0,0,0,1
6974,0,0,0,0,1
6975,0,0,0,0,1
6976,0,0,0,0,1
6977,0,0,0,0,1
6978,0,0,0,0,1
6979,0,0,0,0,1
6980,0,1,0,0,0
6981,0,1,0,0,0
6982,0,1,0,0,0
6983,0,1,0,0,0
6984,0,1,0,0,0
6985,0,1,0,0,0
6986,0,1,0,0,0
6987,0,1,0,0,0
6988,0,1,0,0,0
6989,0,1,0,0,0
6990,0,1,0,0,0
6991,0,1,0,0,0
6992,0,1,0,0,0
6993,0,1,0,0,0
6994,0,1,0,0,0
6995,0,0,0,0,1
6996,0,0,0,0,1
6997,0,0,0,0,1
6998,0,0,0,0,1
6999,0,0,0,0,1
7000,0,0,0,0,1
7001,0,0,0,0,1
7002,0,0,0,0,1
7003,0,0,0,0,1
7004,0,0,0,0,1
7005,0,0,0,0,1
7006,0,0,0,0,1
7007,0,0,0,0,1
7008,0,0,0,0,1
7009,0,0,0,0,1
7010,0,0,0,0,1
7011,0,0,0,0,1
7012,0,0,0,0,1
7013,0,0,0,0,1
7014,0,0,0,0,1
7015,0,0,0,0,1
7016,0,0,0,0,1
7017,0,0,0,0,1
7018,0,0,0,0,1
7019,0,0,0,0,1
7020,0,0,0,0,1
7021,0,0,0,0,1
7022,0,0,0,0,1
7023,0,0,0,0,1
7024,0,0,0,0,1
7025,0,0,0,0,1
7026,0,0,0,0,1
7027,0,0,0,0,1
7028,0,0,0,0,1
7029,0,0,0,0,1
7030,0,0,0,0,1
7031,0,0,0,0,1
7032,0,0,0,0,1
7033,0,0,0,0,1
7034,0,0,0,0,1
7035,0,0,0,0,1
7036,0,0,0,0,1
7037,0,0,0,0,1
7038,0,0,0,0,1
7039,0,0,0,0,1
7040,0,0,0,0,1
7041,0,0,0,0,1
7042,0,0,0,0,1
7043,0,0,0,0,1
7044,0,0,0,0,1
7045,0,0,0,0,1
7046,0,0,0,0,1
7047,0,0,0,0,1
7048,0,0,0,0,1
7049,0,0,0,0,1
7050,0,0,0,0,1
7051,0,0,0,0,1
7052,0,0,0,0,1
7053,0,0,0,0,1
7054,0,0,0,0,1
7055,0,0,0,0,1
7056,0,0,0,0,1
7057,0,0,0,0,1
7058,0,0,0,0,1
7059,0,0,0,0,1
7060,0,0,0,0,1
7061,0,0,0,0,1
7062,0,0,0,0,1
7063,0,0,0,0,1
7064,0,0,0,0,1
7065,0,0,0,0,1
7066,0,0,0,0,1
7067,0,0,0,0,1
7068,0,0,0,0,1
7069,0,0,0,0,1
7070,0,0,0,0,1
7071,0,0,0,0,1
7072,0,0,0,0,1
7073,0,0,0,0,1
7074,0,0,0,0,1
7075,0,0,0,0,1
7076,0,0,0,0,1
7077,0,0,0,0,1
7078,0,0,0,0,1
7079,0,0,0,0,1
7080,0,0,0,0,1
7081,0,0,0,0,1
7082,0,0,0,0,1
7083,0,0,0,0,1
7084,0,0,0,0,1
7085,0,0,0,0,1
7086,0,0,0,0,1
7087,0,0,0,0,1
7088,0,0,0,0,1
7089,0,0,0,0,1
7090,0,0,0,0,1
7091,0,0,0,0,1
7092,0,0,0,0,1
7093,0,0,0,0,1
7094,0,0,0,0,1
7095,0,0,0,0,1
7096,0,0,0,0,1
7097,0,0,0,0,1
7098,0,0,0,0,1
7099,0,0,0,0,1
7100,0,0,0,0,1
7101,0,0,0,0,1
7102,0,0,0,0,1
7103,0,0,0,0,1
7104,0,0,0,0,1
7105,0,0,0,0,1
7106,0,0,0,0,1
7107,0,0,0,0,1
7108,0,0,0,0,1
7109,0,0,0,0,1
7110,0,0,0,0,1
7111,0,0,0,0,1
7112,0,0,0,0,1
7113,0,0,0,0,1
7114,0,0,0,0,1
7115,0,0,0,0,1
7116,0,0,0,0,1
7117,0,0,0,0,1
7118,0,0,0,0,1
7119,0,0,0,0,1
7120,0,0,0,0,1
7121,0,0,0,0,1
7122,0,0,0,0,1
7123,0,0,0,0,1
7124,0,0,0,0,1
7125,0,0,0,0,1
7126,0,0,0,0,1
7127,0,0,0,0,1
7128,0,0,0,0,1
7129,0,0,0,0,1
7130,0,0,0,0,1
7131,0,0,0,0,1
7132,0,0,0,0,1
7133,0,0,0,0,1
7134,0,0,0,0,1
7135,0,0,0,0,1
7136,0,0,0,0,1
7137,0,0,0,0,1
7138,0,0,0,0,1
7139,0,0,0,0,1
7140,0,0,0,0,1
7141,0,0,0,0,1
7142,0,0,0,0,1
7143,0,0,0,0,1
7144,0,0,0,0,1
7145,0,0,0,0,1
7146,0,0,0,0,1
7147,0,0,0,0,1
7148,0,0,0,0,1
7149,0,0,0,0,1
7150,0,0,0,0,1
7151,0,0,0,0,1
7152,0,0,0,0,1
7153,0,0,0,0,1
7154,0,0,0,0,1
7155,0,0,0,0,1
7156,0,0,0,0,1
7157,0,0,0,0,1
7158,0,0,0,0,1
7159,0,0,0,0,1
7160,0,0,0,0,1
7161,0,0,0,0,1
7162,0,0,0,0,1
7163,0,0,0,0,1
7164,0,0,0,0,1
7165,0,0,0,0,1
7166,0,0,0,0,1
7167,0,0,0,0,1
7168,0,0,0,0,1
7169,0,0,0,0,1
7170,0,0,0,0,1
7171,0,0,0,0,1
7172,0,0,0,0,1
7173,0,0,0,0,1
7174,0,0,0,0,1
7175,0,0,0,0,1
7176,0,0,0,0,1
7177,0,0,0,0,1
7178,0,0,0,0,1
7179,0,0,0,0,1
7180,0,0,0,0,1
7181,0,0,0,0,1
7182,0,0,0,0,1
7183,0,0,0,0,1
7184,0,0,0,0,1
7185,0,0,0,0,1
7186,0,0,0,0,1
7187,0,0,0,0,1
7188,0,0,0,0,1
7189,0,0,0,0,1
7190,0,0,0,0,1
7191,0,0,0,0,1
7192,0,0,0,0,1
7193,0,0,0,0,1
7194,0,0,0,0,1
7195,0,0,0,0,1
7196,0,0,0,0,1
7197,0,0,0,0,1
7198,0,0,0,0,1
7199,0,0,0,0,1
7200,0,0,0,0,1
7201,0,0,0,0,1
7202,0,0,0,0,1
7203,0,0,0,0,1
7204,0,0,0,0,1
7205,0,0,0,0,1
7206,0,0,0,0,1
7207,0,0,0,0,1
7208,0,0,0,0,1
7209,0,0,0,0,1
7210,0,0,0,0,1
7211,0,0,0,0,1
7212,0,0,0,0,1
7213,0,0,0,0,1
7214,0,0,0,0,1
7215,0,0,0,0,1
7216,0,0,0,0,1
7217,0,0,0,0,1
7218,0,0,0,0,1
7219,0,0,0,0,1
7220,0,0,0,0,1
7221,0,0,0,0,1
7222,0,0,0,0,1
7223,0,0,0,0,1
7224,0,0,0,0,1
7225,0,0,0,0,1
7226,0,0,0,0,1
7227,0,0,0,0,1
7228,0,0,0,0,1
7229,0,0,0,0,1
7230,0,0,0,0,1
7231,0,0,0,0,1
7232,0,0,0,0,1
7233,0,0,0,0,1
7234,0,0,0,0,1
7235,0,0,0,0,1
7236,0,0,0,0,1
7237,0,0,0,0,1
7238,0,0,0,0,1
7239,0,0,0,0,1
7240,0,0,0,0,1
7241,0,0,0,0,1
7242,0,0,0,0,1
7243,0,0,0,0,1
7244,0,0,0,0,1
7245,0,0,0,0,1
7246,0,0,0,0,1
7247,0,0,0,0,1
7248,0,0,0,0,1
7249,0,0,0,0,1
7250,0,0,0,0,1
7251,0,0,0,0,1
7252,0,0,0,0,1
7253,0,0,0,0,1
7254,0,0,0,0,1
7255,0,0,0,0,1
7256,0,0,0,0,1
7257,0,0,0,0,1
7258,0,0,0,0,1
7259,0,0,0,0,1
7260,0,0,0,0,1
7261,0,0,0,0,1
7262,0,0,0,0,1
7263,0,0,0,0,1
7264,0,0,0,0,1
7265,0,0,0,0,1
7266,0,0,0,0,1
7267,0,0,0,0,1
7268,0,0,0,0,1
7269,0,0,0,0,1
7270,0,0,0,0,1
7271,0,0,0,0,1
7272,0,0,0,0,1
7273,0,0,0,0,1
7274,0,0,0,0,1
7275,0,0,0,0,1
7276,0,0,0,0,1
7277,0,0,0,0,1
7278,0,0,0,0,1
7279,0,0,0,0,1
7280,0,0,0,0,1
7281,0,0,0,0,1
7282,0,0,0,0,1
7283,0,0,0,0,1
7284,0,0,0,0,1
7285,0,0,0,0,1
7286,0,0,0,0,1
7287,0,0,0,0,1
7288,0,0,0,0,1
7289,0,0,0,0,1
7290,0,0,0,0,1
7291,0,0,0,0,1
7292,0,0,0,0,1
7293,0,0,0,0,1
7294,1,0,0,0,0
7295,1,0,0,0,0
7296,1,0,0,0,0
7297,1,0,0,0,0
7298,1,0,0,0,0
7299,1,0,0,0,0
7300,1,0,0,0,0
7301,1,0,0,0,0
7302,1,0,0,0,0
7303,1,0,0,0,0
7304,1,0,0,0,0
7305,1,0,0,0,0
7306,1,0,0,0,0
7307,1,0,0,0,0
7308,0,0,0,0,1
7309,0,0,0,0,1
7310,0,0,0,0,1
7311,0,0,0,0,1
7312,0,0,0,0,1
7313,0,0,0,0,1
7314,0,0,0,0,1
7315,0,0,0,0,1
7316,0,0,0,0,1
7317,0,0,0,0,1
7318,0,0,0,0,1
7319,0,0,0,0,1
7320,0,0,0,0,1
7321,0,0,0,0,1
7322,0,0,0,0,1
7323,0,0,0,0,1
7324,0,0,0,0,1
7325,1,0,0,0,0
7326,1,0,0,0,0
7327,1,0,0,0,0
7328,1,0,0,0,0
7329,1,0,0,0,0
7330,1,0,0,0,0
7331,1,0,0,0,0
7332,1,0,0,0,0
7333,1,0,0,0,0
7334,1,0,0,0,0
7335,0,0,0,0,1
7336,0,0,0,0,1
7337,0,0,0,0,1
7338,0,0,0,0,1
7339,0,0,0,0,1
7340,0,0,0,0,1
7341,0,0,0,0,1
7342,0,0,0,0,1
7343,0,0,0,0,1
7344,0,0,0,0,1
7345,0,0,0,0,1
7346,0,0,0,0,1
7347,0,0,0,0,1
7348,0,0,0,0,1
7349,0,0,0,0,1
7350,0,0,0,0,1
7351,1,0,0,0,0
7352,1,0,0,0,0
7353,1,0,0,0,0
7354,1,0,0,0,0
7355,1,0,0,0,0
7356,1,0,0,0,0
7357,1,0,0,0,0
7358,1,0,0,0,0
7359,1,0,0,0,0
7360,1,0,0,0,0
7361,1,0,0,0,0
7362,1,0,0,0,0
7363,1,0,0,0,0
7364,1,0,0,0,0
7365,1,0,0,0,0
7366,1,0,0,0,0
7367,1,0,0,0,0
7368,1,0,0,0,0
7369,1,0,0,0,0
7370,1,0,0,0,0
7371,1,0,0,0,0
7372,1,0,0,0,0
7373,1,0,0,0,0
7374,1,0,0,0,0
7375,1,0,0,0,0
7376,1,0,0,0,0
7377,1,0,0,0,0
7378,1,0,0,0,0
7379,1,0,0,0,0
7380,1,0,0,0,0
7381,1,0,0,0,0
7382,1,0,0,0,0
7383,1,0,0,0,0
7384,0,0,0,0,1
7385,0,0,0,0,1
7386,0,0,0,0,1
7387,0,0,0,0,1
7388,0,0,0,0,1
7389,0,0,0,0,1
7390,0,0,0,0,1
7391,0,0,0,0,1
7392,0,0,0,0,1
7393,0,0,0,0,1
7394,0,0,0,0,1
7395,0,0,0,0,1
7396,0,0,0,0,1
7397,0,0,0,0,1
7398,0,0,0,0,1
7399,0,0,0,0,1
7400,0,0,0,0,1
7401,0,0,0,0,1
7402,0,0,0,0,1
7403,0,0,0,0,1
7404,0,0,0,0,1
7405,0,0,0,0,1
7406,0,0,0,0,1
7407,0,0,0,0,1
7408,0,0,0,0,1
7409,0,0,0,0,1
7410,0,0,0,0,1
7411,0,0,0,0,1
7412,0,0,0,0,1
7413,0,0,0,0,1
7414,0,0,0,0,1
7415,0,0,0,0,1
7416,0,0,0,0,1
7417,0,0,0,0,1
7418,0,0,0,0,1
7419,0,0,0,0,1
7420,0,0,0,0,1
7421,0,0,0,0,1
7422,0,0,0,0,1
7423,0,0,0,0,1
7424,0,0,0,0,1
7425,0,0,0,0,1
7426,0,0,0,0,1
7427,0,0,0,0,1
7428,0,0,0,0,1
7429,0,0,0,0,1
7430,0,0,0,0,1
7431,0,0,0,0,1
7432,0,0,0,0,1
7433,0,0,0,0,1
7434,0,0,0,0,1
7435,0,0,0,0,1
7436,0,0,0,0,1
7437,0,0,0,0,1
7438,0,0,0,0,1
7439,0,0,0,0,1
7440,0,0,0,0,1
7441,0,0,0,0,1
7442,0,0,0,0,1
7443,0,0,0,0,1
7444,0,0,0,0,1
7445,0,0,0,0,1
7446,0,0,0,0,1
7447,0,0,0,0,1
7448,0,0,0,0,1
7449,0,0,0,0,1
7450,0,0,0,0,1
7451,0,0,0,0,1
7452,0,0,0,0,1
7453,0,0,0,0,1
7454,0,0,0,0,1
7455,0,0,0,0,1
7456,0,0,0,0,1
7457,0,0,0,0,1
7458,0,0,0,0,1
7459,0,0,0,0,1
7460,0,0,0,0,1
7461,0,0,0,0,1
7462,0,0,0,0,1
7463,0,0,0,0,1
7464,0,0,0,0,1
7465,0,0,0,0,1
7466,0,0,0,0,1
7467,0,0,0,0,1
7468,0,0,0,0,1
7469,0,0,0,0,1
7470,0,0,0,0,1
7471,0,0,0,0,1
7472,0,0,0,0,1
7473,0,0,0,0,1
7474,0,0,0,0,1
7475,0,0,0,0,1
7476,0,0,0,0,1
7477,0,0,0,0,1
7478,0,0,0,0,1
7479,0,0,0,0,1
7480,0,0,0,0,1
7481,0,0,0,0,1
7482,0,0,0,0,1
7483,0,0,0,0,1
7484,0,0,0,0,1
7485,0,0,0,0,1
7486,0,0,0,0,1
7487,0,0,0,0,1
7488,0,0,0,0,1
7489,0,0,0,0,1
7490,0,0,0,0,1
7491,0,0,0,0,1
7492,0,0,0,0,1
7493,0,0,0,0,1
7494,0,0,0,0,1
7495,0,0,0,0,1
7496,0,0,0,0,1
7497,0,0,0,0,1
7498,0,0,0,0,1
7499,0,0,0,0,1
7500,0,0,0,0,1
7501,1,0,0,0,0
7502,1,0,0,0,0
7503,1,0,0,0,0
7504,1,0,0,0,0
7505,1,0,0,0,0
7506,1,0,0,0,0
7507,1,0,0,0,0
7508,1,0,0,0,0
7509,1,0,0,0,0
7510,1,0,0,0,0
7511,1,0,0,0,0
7512,1,0,0,0,0
7513,1,0,0,0,0
7514,1,0,0,0,0
7515,1,0,0,0,0
7516,1,0,0,0,0
7517,1,0,0,0,0
7518,1,0,0,0,0
7519,0,0,0,0,1
7520,0,0,0,0,1
7521,0,0,0,0,1
7522,0,0,0,0,1
7523,0,0,0,0,1
7524,0,0,0,0,1
7525,0,0,0,0,1
7526,0,0,0,0,1
7527,0,0,0,0,1
7528,0,0,0,0,1
7529,0,0,0,0,1
7530,0,0,0,0,1
7531,0,0,0,0,1
7532,0,0,0,0,1
7533,0,0,1,0,0
7534,0,0,1,0,0
7535,0,0,1,0,0
7536,0,0,1,0,0
7537,0,0,1,0,0
7538,0,0,1,0,0
7539,0,0,1,0,0
7540,0,0,1,0,0
7541,0,0,1,0,0
7542,0,0,1,0,0
7543,0,0,1,0,0
7544,0,0,1,0,0
7545,0,0,1,0,0
7546,0,0,1,0,0
7547,0,0,1,0,0
7548,0,0,1,0,0
7549,0,0,1,0,0
7550,0,0,1,0,0
7551,0,0,1,0,0
7552,0,0,1,0,0
7553,0,0,1,0,0
7554,0,0,1,0,0
7555,0,0,1,0,0
7556,0,0,1,0,0
7557,0,0,1,0,0
7558,0,0,1,0,0
7559,0,0,1,0,0
7560,0,0,1,0,0
7561,0,0,1,0,0
7562,0,0,1,0,0
7563,0,0,1,0,0
7564,0,0,1,0,0
7565,0,0,1,0,0
7566,0,0,1,0,0
7567,0,0,1,0,0
7568,0,0,1,0,0
7569,0,0,1,0,0
7570,0,0,1,0,0
7571,0,0,1,0,0
7572,0,0,1,0,0
7573,0,0,1,0,0
7574,0,0,1,0,0
7575,0,0,1,0,0
7576,0,0,1,0,0
7577,0,0,1,0,0
7578,0,0,1,0,0
7579,0,0,1,0,0
7580,0,0,1,0,0
7581,0,0,1,0,0
7582,0,0,1,0,0
7583,0,0,1,0,0
7584,0,0,1,0,0
7585,0,0,1,0,0
7586,0,0,1,0,0
7587,0,0,1,0,0
7588,0,0,1,0,0
7589,0,0,1,0,0
7590,0,0,1,0,0
7591,0,0,1,0,0
7592,0,0,1,0,0
7593,0,0,1,0,0
7594,0,0,1,0,0
7595,0,0,0,0,1
7596,0,0,0,0,1
7597,0,0,0,0,1
7598,0,0,0,0,1
7599,0,0,0,0,1
7600,0,0,0,0,1
7601,0,0,0,0,1
7602,0,0,0,0,1
7603,0,0,0,0,1
7604,0,0,0,0,1
7605,0,0,0,0,1
7606,0,0,0,0,1
7607,0,0,0,0,1
7608,0,0,0,0,1
7609,0,0,0,0,1
7610,0,0,0,0,1
7611,0,0,0,0,1
7612,0,0,0,0,1
7613,0,0,0,0,1
7614,0,0,0,0,1
7615,0,0,0,0,1
7616,0,0,0,0,1
7617,0,0,0,0,1
7618,0,0,0,0,1
7619,0,0,0,0,1
7620,0,0,0,0,1
7621,0,0,0,0,1
7622,0,0,0,0,1
7623,0,0,0,0,1
7624,0,0,0,0,1
7625,0,0,0,0,1
7626,0,0,0,0,1
7627,0,0,0,0,1
7628,0,0,0,0,1
7629,0,0,0,0,1
7630,0,0,0,0,1
7631,0,0,0,0,1
7632,0,0,0,0,1
7633,0,0,0,0,1
7634,0,0,0,0,1
7635,0,0,0,0,1
7636,0,0,0,0,1
7637,0,0,0,0,1
7638,0,0,0,0,1
7639,0,0,0,0,1
7640,0,0,0,0,1
7641,0,0,0,0,1
7642,0,0,0,0,1
7643,0,0,0,0,1
7644,0,0,0,0,1
7645,0,0,0,0,1
7646,0,0,0,0,1
7647,0,0,0,0,1
7648,0,0,0,0,1
7649,0,0,0,0,1
7650,0,0,0,0,1
7651,0,0,0,0,1
7652,0,0,0,0,1
7653,0,0,0,0,1
7654,0,0,0,0,1
7655,0,0,0,0,1
7656,0,0,0,0,1
7657,0,0,0,0,1
7658,0,0,0,0,1
7659,0,0,0,0,1
7660,0,0,0,0,1
7661,0,0,0,0,1
7662,0,0,0,0,1
7663,0,0,0,0,1
7664,0,0,0,0,1
7665,0,0,0,0,1
7666,0,0,0,0,1
7667,0,0,0,0,1
7668,0,0,0,0,1
7669,0,0,0,0,1
7670,0,0,0,0,1
7671,0,0,0,0,1
7672,0,0,0,0,1
7673,0,0,0,0,1
7674,0,0,0,0,1
7675,0,0,0,0,1
7676,0,0,0,0,1
7677,0,0,0,0,1
7678,0,0,0,0,1
7679,0,0,0,0,1
7680,0,0,0,0,1
7681,0,0,0,0,1
7682,0,0,0,0,1
7683,0,0,0,0,1
7684,0,0,0,0,1
7685,0,0,0,0,1
7686,0,0,0,0,1
7687,0,0,0,0,1
7688,0,0,0,0,1
7689,0,0,0,0,1
7690,0,0,0,0,1
7691,0,0,0,0,1
7692,0,0,0,0,1
7693,0,0,0,0,1
7694,0,0,0,0,1
7695,0,0,0,0,1
7696,0,0,0,0,1
7697,0,0,0,0,1
7698,0,0,0,0,1
7699,0,0,0,0,1
7700,0,0,0,0,1
7701,0,0,0,0,1
7702,0,0,0,0,1
7703,0,0,0,0,1
7704,0,0,0,0,1
7705,0,0,0,0,1
7706,0,0,0,0,1
7707,0,0,0,0,1
7708,0,0,0,0,1
7709,0,0,0,0,1
7710,0,0,0,0,1
7711,0,0,0,0,1
7712,0,0,0,0,1
7713,0,0,0,0,1
7714,0,0,0,0,1
7715,0,0,0,0,1
7716,0,0,0,0,1
7717,0,0,0,0,1
7718,0,0,0,0,1
7719,0,0,0,0,1
7720,0,0,0,0,1
7721,0,0,0,0,1
7722,0,0,0,0,1
7723,0,0,0,0,1
7724,0,0,0,0,1
7725,0,0,0,0,1
7726,0,0,0,0,1
7727,0,0,0,0,1
7728,0,0,0,0,1
7729,0,0,0,0,1
7730,1,0,0,0,0
7731,1,0,0,0,0
7732,1,0,0,0,0
7733,1,0,0,0,0
7734,1,0,0,0,0
7735,1,0,0,0,0
7736,1,0,0,0,0
7737,1,0,0,0,0
7738,1,0,0,0,0
7739,1,0,0,0,0
7740,1,0,0,0,0
7741,1,0,0,0,0
7742,1,0,0,0,0
7743,1,0,0,0,0
7744,1,0,0,0,0
7745,1,0,0,0,0
7746,1,0,0,0,0
7747,1,0,0,0,0
7748,1,0,0,0,0
7749,1,0,0,0,0
7750,0,0,0,0,1
7751,0,0,0,0,1
7752,0,0,0,0,1
7753,0,0,0,0,1
7754,0,0,0,0,1
7755,0,0,0,0,1
7756,0,0,0,0,1
7757,0,0,0,0,1
7758,0,0,0,0,1
7759,0,0,0,0,1
7760,0,0,0,0,1
7761,0,0,0,0,1
7762,0,0,0,0,1
7763,0,0,0,0,1
7764,0,0,0,0,1
7765,0,0,0,0,1
7766,1,0,0,0,0
7767,1,0,0,0,0
7768,1,0,0,0,0
7769,1,0,0,0,0
7770,1,0,0,0,0
7771,1,0,0,0,0
7772,1,0,0,0,0
7773,1,0,0,0,0
7774,1,0,0,0,0
7775,1,0,0,0,0
7776,1,0,0,0,0
7777,1,0,0,0,0
7778,1,0,0,0,0
7779,1,0,0,0,0
7780,1,0,0,0,0
7781,1,0,0,0,0
7782,1,0,0,0,0
7783,1,0,0,0,0
7784,1,0,0,0,0
7785,1,0,0,0,0
7786,1,0,0,0,0
7787,1,0,0,0,0
7788,1,0,0,0,0
7789,1,0,0,0,0
7790,1,0,0,0,0
7791,1,0,0,0,0
7792,1,0,0,0,0
7793,1,0,0,0,0
7794,1,0,0,0,0
7795,1,0,0,0,0
7796,1,0,0,0,0
7797,1,0,0,0,0
7798,1,0,0,0,0
7799,1,0,0,0,0
7800,1,0,0,0,0
7801,1,0,0,0,0
7802,1,0,0,0,0
7803,1,0,0,0,0
7804,1,0,0,0,0
7805,1,0,0,0,0
7806,1,0,0,0,0
7807,1,0,0,0,0
7808,1,0,0,0,0
7809,1,0,0,0,0
7810,1,0,0,0,0
7811,1,0,0,0,0
7812,1,0,0,0,0
7813,1,0,0,0,0
7814,1,0,0,0,0
7815,1,0,0,0,0
7816,1,0,0,0,0
7817,1,0,0,0,0
7818,1,0,0,0,0
7819,1,0,0,0,0
7820,1,0,0,0,0
7821,1,0,0,0,0
7822,1,0,0,0,0
7823,1,0,0,0,0
7824,1,0,0,0,0
7825,1,0,0,0,0
7826,1,0,0,0,0
7827,1,0,0,0,0
7828,1,0,0,0,0
7829,1,0,0,0,0
7830,1,0,0,0,0
7831,1,0,0,0,0
7832,1,0,0,0,0
7833,1,0,0,0,0
7834,1,0,0,0,0
7835,0,0,0,0,1
7836,0,0,0,0,1
7837,0,0,0,0,1
7838,0,0,0,0,1
7839,0,0,0,0,1
7840,0,0,0,0,1
7841,0,0,0,0,1
7842,0,0,0,0,1
7843,0,0,0,0,1
7844,1,0,0,0,0
7845,1,0,0,0,0
7846,1,0,0,0,0
7847,1,0,0,0,0
7848,1,0,0,0,0
7849,1,0,0,0,0
7850,1,0,0,0,0
7851,1,0,0,0,0
7852,1,0,0,0,0
7853,1,0,0,0,0
7854,1,0,0,0,0
7855,1,0,0,0,0
7856,1,0,0,0,0
7857,1,0,0,0,0
7858,1,0,0,0,0
7859,1,0,0,0,0
7860,1,0,0,0,0
7861,1,0,0,0,0
7862,1,0,0,0,0
7863,1,0,0,0,0
7864,1,0,0,0,0
7865,1,0,0,0,0
7866,1,0,0,0,0
7867,1,0,0,0,0
7868,1,0,0,0,0
7869,1,0,0,0,0
7870,1,0,0,0,0
7871,1,0,0,0,0
7872,1,0,0,0,0
7873,1,0,0,0,0
7874,1,0,0,0,0
7875,1,0,0,0,0
7876,1,0,0,0,0
7877,1,0,0,0,0
7878,1,0,0,0,0
7879,1,0,0,0,0
7880,1,0,0,0,0
7881,1,0,0,0,0
7882,1,0,0,0,0
7883,1,0,0,0,0
7884,1,0,0,0,0
7885,1,0,0,0,0
7886,1,0,0,0,0
7887,1,0,0,0,0
7888,1,0,0,0,0
7889,1,0,0,0,0
7890,1,0,0,0,0
7891,1,0,0,0,0
7892,1,0,0,0,0
7893,1,0,0,0,0
7894,1,0,0,0,0
7895,1,0,0,0,0
7896,1,0,0,0,0
7897,1,0,0,0,0
7898,1,0,0,0,0
7899,1,0,0,0,0
7900,1,0,0,0,0
7901,1,0,0,0,0
7902,1,0,0,0,0
7903,1,0,0,0,0
7904,1,0,0,0,0
7905,1,0,0,0,0
7906,1,0,0,0,0
7907,1,0,0,0,0
7908,1,0,0,0,0
7909,1,0,0,0,0
7910,1,0,0,0,0
7911,1,0,0,0,0
7912,1,0,0,0,0
7913,1,0,0,0,0
7914,1,0,0,0,0
7915,1,0,0,0,0
7916,1,0,0,0,0
7917,1,0,0,0,0
7918,1,0,0,0,0
7919,1,0,0,0,0
7920,1,0,0,0,0
7921,1,0,0,0,0
7922,1,0,0,0,0
7923,1,0,0,0,0
7924,1,0,0,0,0
7925,1,0,0,0,0
7926,1,0,0,0,0
7927,1,0,0,0,0
7928,1,0,0,0,0
7929,1,0,0,0,0
7930,1,0,0,0,0
7931,1,0,0,0,0
7932,1,0,0,0,0
7933,1,0,0,0,0
7934,1,0,0,0,0
7935,1,0,0,0,0
7936,1,0,0,0,0
7937,1,0,0,0,0
7938,1,0,0,0,0
7939,1,0,0,0,0
7940,1,0,0,0,0
7941,1,0,0,0,0
7942,1,0,0,0,0
7943,1,0,0,0,0
7944,1,0,0,0,0
7945,1,0,0,0,0
7946,1,0,0,0,0
7947,1,0,0,0,0
7948,1,0,0,0,0
7949,1,0,0,0,0
7950,1,0,0,0,0
7951,1,0,0,0,0
7952,1,0,0,0,0
7953,1,0,0,0,0
7954,1,0,0,0,0
7955,1,0,0,0,0
7956,1,0,0,0,0
7957,1,0,0,0,0
7958,1,0,0,0,0
7959,1,0,0,0,0
7960,1,0,0,0,0
7961,1,0,0,0,0
7962,1,0,0,0,0
7963,1,0,0,0,0
7964,1,0,0,0,0
7965,1,0,0,0,0
7966,1,0,0,0,0
7967,1,0,0,0,0
7968,1,0,0,0,0
7969,1,0,0,0,0
7970,1,0,0,0,0
7971,1,0,0,0,0
7972,1,0,0,0,0
7973,1,0,0,0,0
7974,1,0,0,0,0
7975,1,0,0,0,0
7976,1,0,0,0,0
7977,1,0,0,0,0
7978,1,0,0,0,0
7979,1,0,0,0,0
7980,1,0,0,0,0
7981,1,0,0,0,0
7982,1,0,0,0,0
7983,1,0,0,0,0
7984,1,0,0,0,0
7985,1,0,0,0,0
7986,1,0,0,0,0
7987,1,0,0,0,0
7988,1,0,0,0,0
7989,1,0,0,0,0
7990,1,0,0,0,0
7991,1,0,0,0,0
7992,1,0,0,0,0
7993,1,0,0,0,0
7994,1,0,0,0,0
7995,1,0,0,0,0
7996,1,0,0,0,0
7997,1,0,0,0,0
7998,1,0,0,0,0
7999,1,0,0,0,0
8000,1,0,0,0,0
8001,1,0,0,0,0
8002,1,0,0,0,0
8003,1,0,0,0,0
8004,1,0,0,0,0
8005,1,0,0,0,0
8006,1,0,0,0,0
8007,1,0,0,0,0
8008,1,0,0,0,0
8009,1,0,0,0,0
8010,1,0,0,0,0
8011,1,0,0,0,0
8012,1,0,0,0,0
8013,1,0,0,0,0
8014,1,0,0,0,0
8015,1,0,0,0,0
8016,1,0,0,0,0
8017,1,0,0,0,0
8018,1,0,0,0,0
8019,1,0,0,0,0
8020,1,0,0,0,0
8021,1,0,0,0,0
8022,1,0,0,0,0
8023,1,0,0,0,0
8024,1,0,0,0,0
8025,1,0,0,0,0
8026,1,0,0,0,0
8027,1,0,0,0,0
8028,1,0,0,0,0
8029,1,0,0,0,0
8030,1,0,0,0,0
8031,1,0,0,0,0
8032,1,0,0,0,0
8033,1,0,0,0,0
8034,1,0,0,0,0
8035,1,0,0,0,0
8036,1,0,0,0,0
8037,1,0,0,0,0
8038,1,0,0,0,0
8039,1,0,0,0,0
8040,1,0,0,0,0
8041,1,0,0,0,0
8042,1,0,0,0,0
8043,1,0,0,0,0
8044,1,0,0,0,0
8045,1,0,0,0,0
8046,1,0,0,0,0
8047,0,0,0,0,1
8048,0,0,0,0,1
8049,0,0,0,0,1
8050,0,0,0,0,1
8051,0,0,0,0,1
8052,0,0,0,0,1
8053,0,0,0,0,1
8054,0,0,0,0,1
8055,0,0,0,0,1
8056,0,0,0,0,1
8057,0,0,0,0,1
8058,0,0,0,0,1
8059,0,0,0,0,1
8060,0,0,0,0,1
8061,0,0,0,0,1
8062,0,0,0,0,1
8063,0,0,0,0,1
8064,0,0,0,0,1
8065,0,0,0,0,1
8066,0,0,0,0,1
8067,0,0,0,0,1
8068,0,0,0,0,1
8069,0,0,0,0,1
8070,0,0,0,0,1
8071,0,0,0,0,1
8072,0,0,0,0,1
8073,0,0,0,0,1
8074,0,0,0,0,1
8075,0,0,0,0,1
8076,0,0,0,0,1
8077,0,0,0,0,1
8078,0,0,0,0,1
8079,0,0,0,0,1
8080,0,0,0,0,1
8081,0,0,0,0,1
8082,0,0,0,0,1
8083,0,0,0,0,1
8084,0,0,0,0,1
8085,0,0,0,0,1
8086,0,0,0,0,1
8087,0,0,0,0,1
8088,0,0,0,0,1
8089,0,0,0,0,1
8090,0,0,0,0,1
8091,0,0,0,0,1
8092,0,0,0,0,1
8093,0,0,0,0,1
8094,0,0,0,0,1
8095,0,0,0,0,1
8096,0,0,0,0,1
8097,0,0,0,0,1
8098,0,0,0,0,1
8099,0,0,0,0,1
8100,0,0,0,0,1
8101,0,0,0,0,1
8102,0,0,0,0,1
8103,0,0,0,0,1
8104,0,0,0,0,1
8105,0,0,0,0,1
8106,0,0,0,0,1
8107,0,0,0,0,1
8108,0,0,0,0,1
8109,0,0,0,0,1
8110,0,0,0,0,1
8111,0,0,0,0,1
8112,0,0,0,0,1
8113,0,0,0,0,1
8114,0,0,0,0,1
8115,0,0,0,0,1
8116,0,0,0,0,1
8117,0,0,0,0,1
8118,0,0,0,0,1
8119,0,0,0,0,1
8120,0,0,0,0,1
8121,0,0,0,0,1
8122,0,0,0,0,1
8123,0,0,0,0,1
8124,0,0,0,0,1
8125,0,0,0,0,1
8126,0,0,0,0,1
8127,0,0,0,0,1
8128,0,0,0,0,1
8129,0,0,0,0,1
8130,0,0,0,0,1
8131,0,0,0,0,1
8132,0,0,0,0,1
8133,0,0,0,0,1
8134,0,0,0,0,1
8135,0,0,0,0,1
8136,0,0,0,0,1
8137,0,0,0,0,1
8138,0,0,0,0,1
8139,0,0,0,0,1
8140,0,0,0,0,1
8141,0,0,0,0,1
8142,0,0,0,0,1
8143,0,0,0,0,1
8144,0,0,0,0,1
8145,0,0,0,0,1
8146,0,0,0,0,1
8147,0,0,0,0,1
8148,0,0,0,0,1
8149,0,0,0,0,1
8150,0,0,0,0,1
8151,0,0,0,0,1
8152,0,0,0,0,1
8153,0,0,0,0,1
8154,0,0,0,0,1
8155,0,0,0,0,1
8156,0,0,0,0,1
8157,0,0,0,0,1
8158,0,0,0,0,1
8159,0,0,0,0,1
8160,0,0,0,0,1
8161,0,0,0,0,1
8162,0,0,0,0,1
8163,0,0,0,0,1
8164,0,0,0,0,1
8165,0,0,0,0,1
8166,0,0,0,0,1
8167,0,0,0,0,1
8168,0,0,0,0,1
8169,0,0,0,0,1
8170,0,0,0,0,1
8171,0,0,0,0,1
8172,0,0,0,0,1
8173,0,0,0,0,1
8174,0,0,0,0,1
8175,0,0,0,0,1
8176,0,0,0,0,1
8177,0,0,0,0,1
8178,0,0,0,0,1
8179,0,0,0,0,1
8180,0,0,0,0,1
8181,0,0,0,0,1
8182,0,0,0,0,1
8183,0,0,0,0,1
8184,0,0,0,0,1
8185,0,0,0,0,1
8186,0,0,0,0,1
8187,0,0,0,0,1
8188,0,0,0,0,1
8189,0,0,0,0,1
8190,0,0,0,0,1
8191,0,0,0,0,1
8192,0,0,0,0,1
8193,0,0,0,0,1
8194,0,0,0,0,1
8195,0,0,0,0,1
8196,0,0,0,0,1
8197,0,0,0,0,1
8198,0,0,0,0,1
8199,0,0,0,0,1
8200,0,0,0,0,1
8201,0,0,0,0,1
8202,0,0,0,0,1
8203,0,0,0,0,1
8204,0,0,0,0,1
8205,0,0,0,0,1
8206,0,0,0,0,1
8207,0,0,0,0,1
8208,0,0,0,0,1
8209,0,0,0,0,1
8210,0,0,0,0,1
8211,0,0,0,0,1
8212,0,0,0,0,1
8213,0,0,0,0,1
8214,0,0,0,0,1
8215,0,0,0,0,1
8216,0,0,0,0,1
8217,0,0,0,0,1
8218,0,0,0,0,1
8219,0,0,0,0,1
8220,0,0,0,0,1
8221,0,0,0,0,1
8222,0,0,0,0,1
8223,0,0,0,0,1
8224,0,0,0,0,1
8225,0,0,0,0,1
8226,0,0,0,0,1
8227,0,0,0,0,1
8228,0,0,0,0,1
8229,0,0,0,0,1
8230,0,0,0,0,1
8231,0,0,0,0,1
8232,0,0,0,0,1
8233,0,0,0,0,1
8234,0,0,0,0,1
8235,0,0,0,0,1
8236,0,0,0,0,1
8237,0,0,0,0,1
8238,0,0,0,0,1
8239,0,0,0,0,1
8240,0,0,0,0,1
8241,0,0,0,0,1
8242,0,0,0,0,1
8243,0,0,0,0,1
8244,0,0,0,0,1
8245,0,0,0,0,1
8246,1,0,0,0,0
8247,1,0,0,0,0
8248,1,0,0,0,0
8249,1,0,0,0,0
8250,1,0,0,0,0
8251,1,0,0,0,0
8252,1,0,0,0,0
8253,1,0,0,0,0
8254,1,0,0,0,0
8255,1,0,0,0,0
8256,1,0,0,0,0
8257,1,0,0,0,0
8258,1,0,0,0,0
8259,1,0,0,0,0
8260,1,0,0,0,0
8261,1,0,0,0,0
8262,1,0,0,0,0
8263,1,0,0,0,0
8264,1,0,0,0,0
8265,1,0,0,0,0
8266,1,0,0,0,0
8267,1,0,0,0,0
8268,1,0,0,0,0
8269,1,0,0,0,0
8270,1,0,0,0,0
8271,1,0,0,0,0
8272,1,0,0,0,0
8273,1,0,0,0,0
8274,1,0,0,0,0
8275,0,0,0,0,1
8276,0,0,0,0,1
8277,0,0,0,0,1
8278,0,0,0,0,1
8279,0,0,0,0,1
8280,0,0,0,0,1
8281,0,0,0,0,1
8282,0,0,0,0,1
8283,0,0,0,0,1
8284,0,0,0,0,1
8285,0,0,0,0,1
8286,0,0,0,0,1
8287,0,0,0,0,1
8288,0,0,0,0,1
8289,0,0,0,0,1
8290,0,0,0,0,1
8291,0,0,0,0,1
8292,0,0,0,0,1
8293,0,0,0,0,1
8294,0,0,0,0,1
8295,0,0,0,0,1
8296,0,0,0,0,1
8297,0,0,0,0,1
8298,0,0,0,0,1
8299,0,0,0,0,1
8300,0,0,0,0,1
8301,0,0,0,0,1
8302,0,0,0,0,1
8303,0,0,0,0,1
8304,0,0,0,0,1
8305,0,0,0,0,1
8306,0,0,0,0,1
8307,0,0,0,0,1
8308,0,0,0,0,1
8309,0,0,0,0,1
8310,0,0,0,0,1
8311,0,0,0,0,1
8312,0,0,0,0,1
8313,0,0,0,0,1
8314,0,0,0,0,1
8315,0,0,0,0,1
8316,0,0,0,0,1
8317,0,0,0,0,1
8318,0,0,0,0,1
8319,0,0,0,0,1
8320,0,0,0,0,1
8321,0,0,0,0,1
8322,0,0,0,0,1
8323,0,0,0,0,1
8324,0,0,0,0,1
8325,0,0,0,0,1
8326,0,0,0,0,1
8327,0,0,0,0,1
8328,0,0,0,0,1
8329,0,0,0,0,1
8330,0,0,0,0,1
8331,0,0,0,0,1
8332,0,0,0,0,1
8333,0,0,0,0,1
8334,0,0,0,0,1
8335,0,0,0,0,1
8336,0,0,0,0,1
8337,0,0,0,0,1
8338,0,0,0,0,1
8339,0,0,0,0,1
8340,0,0,0,0,1
8341,0,0,0,0,1
8342,0,0,0,0,1
8343,1,0,0,0,0
8344,1,0,0,0,0
8345,1,0,0,0,0
8346,1,0,0,0,0
8347,1,0,0,0,0
8348,1,0,0,0,0
8349,1,0,0,0,0
8350,1,0,0,0,0
8351,1,0,0,0,0
8352,1,0,0,0,0
8353,1,0,0,0,0
8354,1,0,0,0,0
8355,1,0,0,0,0
8356,1,0,0,0,0
8357,1,0,0,0,0
8358,1,0,0,0,0
8359,1,0,0,0,0
8360,1,0,0,0,0
8361,1,0,0,0,0
8362,1,0,0,0,0
8363,1,0,0,0,0
8364,1,0,0,0,0
8365,1,0,0,0,0
8366,1,0,0,0,0
8367,1,0,0,0,0
8368,1,0,0,0,0
8369,1,0,0,0,0
8370,1,0,0,0,0
8371,1,0,0,0,0
8372,1,0,0,0,0
8373,1,0,0,0,0
8374,1,0,0,0,0
8375,1,0,0,0,0
8376,1,0,0,0,0
8377,1,0,0,0,0
8378,1,0,0,0,0
8379,1,0,0,0,0
8380,1,0,0,0,0
8381,1,0,0,0,0
8382,1,0,0,0,0
8383,1,0,0,0,0
8384,1,0,0,0,0
8385,0,0,0,0,1
8386,0,0,0,0,1
8387,0,0,0,0,1
8388,0,0,0,0,1
8389,0,0,0,0,1
8390,0,0,0,0,1
8391,0,0,0,0,1
8392,0,0,0,0,1
8393,0,0,0,0,1
8394,0,0,0,0,1
8395,0,0,0,0,1
8396,0,0,0,0,1
8397,0,0,0,0,1
8398,0,0,0,0,1
8399,0,0,0,0,1
8400,0,0,0,0,1
8401,0,0,0,0,1
8402,0,0,0,0,1
8403,0,0,0,0,1
8404,0,0,0,0,1
8405,0,0,0,0,1
8406,0,0,0,0,1
8407,0,0,0,0,1
8408,0,0,0,0,1
8409,0,0,0,0,1
8410,0,0,0,0,1
8411,0,0,0,0,1
8412,0,0,0,0,1
8413,0,0,0,0,1
8414,0,0,0,0,1
8415,1,0,0,0,0
8416,1,0,0,0,0
8417,1,0,0,0,0
8418,1,0,0,0,0
8419,1,0,0,0,0
8420,1,0,0,0,0
8421,1,0,0,0,0
8422,1,0,0,0,0
8423,1,0,0,0,0
8424,1,0,0,0,0
8425,1,0,0,0,0
8426,1,0,0,0,0
8427,1,0,0,0,0
8428,1,0,0,0,0
8429,1,0,0,0,0
8430,1,0,0,0,0
8431,1,0,0,0,0
8432,1,0,0,0,0
8433,1,0,0,0,0
8434,1,0,0,0,0
8435,1,0,0,0,0
8436,1,0,0,0,0
8437,1,0,0,0,0
8438,1,0,0,0,0
8439,1,0,0,0,0
8440,1,0,0,0,0
8441,1,0,0,0,0
8442,1,0,0,0,0
8443,1,0,0,0,0
8444,1,0,0,0,0
8445,1,0,0,0,0
8446,1,0,0,0,0
8447,1,0,0,0,0
8448,1,0,0,0,0
8449,1,0,0,0,0
8450,1,0,0,0,0
8451,1,0,0,0,0
8452,1,0,0,0,0
8453,1,0,0,0,0
8454,1,0,0,0,0
8455,1,0,0,0,0
8456,1,0,0,0,0
8457,1,0,0,0,0
8458,1,0,0,0,0
8459,1,0,0,0,0
8460,1,0,0,0,0
8461,1,0,0,0,0
8462,1,0,0,0,0
8463,1,0,0,0,0
8464,1,0,0,0,0
8465,1,0,0,0,0
8466,1,0,0,0,0
8467,1,0,0,0,0
8468,1,0,0,0,0
8469,1,0,0,0,0
8470,1,0,0,0,0
8471,1,0,0,0,0
8472,1,0,0,0,0
8473,1,0,0,0,0
8474,1,0,0,0,0
8475,1,0,0,0,0
8476,1,0,0,0,0
8477,1,0,0,0,0
8478,1,0,0,0,0
8479,1,0,0,0,0
8480,1,0,0,0,0
8481,1,0,0,0,0
8482,1,0,0,0,0
8483,1,0,0,0,0
8484,1,0,0,0,0
8485,1,0,0,0,0
8486,1,0,0,0,0
8487,1,0,0,0,0
8488,1,0,0,0,0
8489,1,0,0,0,0
8490,1,0,0,0,0
8491,1,0,0,0,0
8492,0,1,0,0,0
8493,0,1,0,0,0
8494,0,1,0,0,0
8495,0,1,0,0,0
8496,0,1,0,0,0
8497,0,1,0,0,0
8498,0,1,0,0,0
8499,0,1,0,0,0
8500,0,1,0,0,0
8501,0,1,0,0,0
8502,0,1,0,0,0
8503,0,1,0,0,0
8504,0,1,0,0,0
8505,1,0,0,0,0
8506,1,0,0,0,0
8507,1,0,0,0,0
8508,1,0,0,0,0
8509,1,0,0,0,0
8510,1,0,0,0,0
8511,1,0,0,0,0
8512,1,0,0,0,0
8513,1,0,0,0,0
8514,1,0,0,0,0
8515,1,0,0,0,0
8516,1,0,0,0,0
8517,1,0,0,0,0
8518,1,0,0,0,0
8519,1,0,0,0,0
8520,1,0,0,0,0
8521,1,0,0,0,0
8522,1,0,0,0,0
8523,1,0,0,0,0
8524,1,0,0,0,0
8525,1,0,0,0,0
8526,1,0,0,0,0
8527,1,0,0,0,0
8528,1,0,0,0,0
8529,1,0,0,0,0
8530,1,0,0,0,0
8531,1,0,0,0,0
8532,1,0,0,0,0
8533,1,0,0,0,0
8534,1,0,0,0,0
8535,1,0,0,0,0
8536,1,0,0,0,0
8537,1,0,0,0,0
8538,1,0,0,0,0
8539,1,0,0,0,0
8540,1,0,0,0,0
8541,1,0,0,0,0
8542,1,0,0,0,0
8543,1,0,0,0,0
8544,1,0,0,0,0
8545,1,0,0,0,0
8546,1,0,0,0,0
8547,1,0,0,0,0
8548,1,0,0,0,0
8549,1,0,0,0,0
8550,1,0,0,0,0
8551,1,0,0,0,0
8552,1,0,0,0,0
8553,1,0,0,0,0
8554,1,0,0,0,0
8555,1,0,0,0,0
8556,1,0,0,0,0
8557,1,0,0,0,0
8558,1,0,0,0,0
8559,1,0,0,0,0
8560,1,0,0,0,0
8561,1,0,0,0,0
8562,1,0,0,0,0
8563,1,0,0,0,0
8564,1,0,0,0,0
8565,1,0,0,0,0
8566,1,0,0,0,0
8567,1,0,0,0,0
8568,1,0,0,0,0
8569,1,0,0,0,0
8570,1,0,0,0,0
8571,1,0,0,0,0
8572,1,0,0,0,0
8573,1,0,0,0,0
8574,1,0,0,0,0
8575,1,0,0,0,0
8576,1,0,0,0,0
8577,1,0,0,0,0
8578,1,0,0,0,0
8579,1,0,0,0,0
8580,1,0,0,0,0
8581,1,0,0,0,0
8582,1,0,0,0,0
8583,1,0,0,0,0
8584,1,0,0,0,0
8585,1,0,0,0,0
8586,1,0,0,0,0
8587,1,0,0,0,0
8588,1,0,0,0,0
8589,1,0,0,0,0
8590,1,0,0,0,0
8591,1,0,0,0,0
8592,1,0,0,0,0
8593,1,0,0,0,0
8594,1,0,0,0,0
8595,1,0,0,0,0
8596,1,0,0,0,0
8597,1,0,0,0,0
8598,1,0,0,0,0
8599,1,0,0,0,0
8600,1,0,0,0,0
8601,1,0,0,0,0
8602,1,0,0,0,0
8603,1,0,0,0,0
8604,1,0,0,0,0
8605,1,0,0,0,0
8606,1,0,0,0,0
8607,1,0,0,0,0
8608,1,0,0,0,0
8609,1,0,0,0,0
8610,1,0,0,0,0
8611,1,0,0,0,0
8612,1,0,0,0,0
8613,1,0,0,0,0
8614,1,0,0,0,0
8615,1,0,0,0,0
8616,1,0,0,0,0
8617,1,0,0,0,0
8618,1,0,0,0,0
8619,1,0,0,0,0
8620,1,0,0,0,0
8621,1,0,0,0,0
8622,1,0,0,0,0
8623,1,0,0,0,0
8624,1,0,0,0,0
8625,1,0,0,0,0
8626,1,0,0,0,0
8627,1,0,0,0,0
8628,1,0,0,0,0
8629,1,0,0,0,0
8630,1,0,0,0,0
8631,1,0,0,0,0
8632,1,0,0,0,0
8633,1,0,0,0,0
8634,1,0,0,0,0
8635,1,0,0,0,0
8636,1,0,0,0,0
8637,1,0,0,0,0
8638,1,0,0,0,0
8639,1,0,0,0,0
8640,1,0,0,0,0
8641,1,0,0,0,0
8642,1,0,0,0,0
8643,1,0,0,0,0
8644,1,0,0,0,0
8645,0,0,0,0,1
8646,0,0,0,0,1
8647,0,0,0,0,1
8648,0,0,0,0,1
8649,0,0,0,0,1
8650,0,0,0,0,1
8651,0,0,0,0,1
8652,0,0,0,0,1
8653,0,1,0,0,0
8654,0,1,0,0,0
8655,0,1,0,0,0
8656,0,1,0,0,0
8657,0,1,0,0,0
8658,0,1,0,0,0
8659,0,1,0,0,0
8660,0,1,0,0,0
8661,0,1,0,0,0
8662,0,1,0,0,0
8663,0,1,0,0,0
8664,0,1,0,0,0
8665,0,1,0,0,0
8666,0,1,0,0,0
8667,0,1,0,0,0
8668,0,1,0,0,0
8669,0,1,0,0,0
8670,0,0,0,0,1
8671,0,0,0,0,1
8672,0,0,0,0,1
8673,0,0,0,0,1
8674,0,0,0,0,1
8675,0,0,0,0,1
8676,0,0,0,0,1
8677,0,0,0,0,1
8678,0,0,0,0,1
8679,0,0,0,0,1
8680,0,0,0,0,1
8681,0,0,0,0,1
8682,0,0,0,0,1
8683,0,0,0,0,1
8684,0,0,0,0,1
8685,0,0,0,0,1
8686,0,0,0,0,1
8687,0,0,0,0,1
8688,0,0,0,0,1
8689,0,0,0,0,1
8690,0,0,0,0,1
8691,0,0,0,0,1
8692,0,0,0,0,1
8693,0,0,0,0,1
8694,0,0,0,0,1
8695,0,0,0,0,1
8696,0,0,0,0,1
8697,1,0,0,0,0
8698,1,0,0,0,0
8699,1,0,0,0,0
8700,1,0,0,0,0
8701,1,0,0,0,0
8702,1,0,0,0,0
8703,1,0,0,0,0
8704,1,0,0,0,0
8705,1,0,0,0,0
8706,1,0,0,0,0
8707,1,0,0,0,0
8708,1,0,0,0,0
8709,1,0,0,0,0
8710,1,0,0,0,0
8711,1,0,0,0,0
8712,1,0,0,0,0
8713,1,0,0,0,0
8714,1,0,0,0,0
8715,1,0,0,0,0
8716,1,0,0,0,0
8717,1,0,0,0,0
8718,1,0,0,0,0
8719,1,0,0,0,0
8720,1,0,0,0,0
8721,1,0,0,0,0
8722,1,0,0,0,0
8723,1,0,0,0,0
8724,1,0,0,0,0
8725,1,0,0,0,0
8726,1,0,0,0,0
8727,1,0,0,0,0
8728,1,0,0,0,0
8729,1,0,0,0,0
8730,1,0,0,0,0
8731,1,0,0,0,0
8732,1,0,0,0,0
8733,1,0,0,0,0
8734,1,0,0,0,0
8735,0,0,0,0,1
8736,0,0,0,0,1
8737,0,0,0,0,1
8738,0,0,0,0,1
8739,0,1,0,0,0
8740,0,1,0,0,0
8741,0,1,0,0,0
8742,0,1,0,0,0
8743,0,1,0,0,0
8744,0,1,0,0,0
8745,0,1,0,0,0
8746,0,1,0,0,0
8747,0,1,0,0,0
8748,0,1,0,0,0
8749,0,1,0,0,0
8750,0,1,0,0,0
8751,0,1,0,0,0
8752,0,1,0,0,0
8753,0,1,0,0,0
8754,0,0,0,0,1
8755,0,0,0,0,1
8756,0,0,0,0,1
8757,0,0,0,0,1
8758,0,0,0,0,1
8759,0,0,0,0,1
8760,1,0,0,0,0
8761,1,0,0,0,0
8762,1,0,0,0,0
8763,1,0,0,0,0
8764,1,0,0,0,0
8765,1,0,0,0,0
8766,1,0,0,0,0
8767,1,0,0,0,0
8768,1,0,0,0,0
8769,1,0,0,0,0
8770,1,0,0,0,0
8771,1,0,0,0,0
8772,1,0,0,0,0
8773,1,0,0,0,0
8774,1,0,0,0,0
8775,1,0,0,0,0
8776,1,0,0,0,0
8777,1,0,0,0,0
8778,1,0,0,0,0
8779,1,0,0,0,0
8780,1,0,0,0,0
8781,1,0,0,0,0
8782,1,0,0,0,0
8783,1,0,0,0,0
8784,1,0,0,0,0
8785,1,0,0,0,0
8786,1,0,0,0,0
8787,1,0,0,0,0
8788,1,0,0,0,0
8789,1,0,0,0,0
8790,1,0,0,0,0
8791,1,0,0,0,0
8792,1,0,0,0,0
8793,1,0,0,0,0
8794,0,0,0,0,1
8795,0,0,0,0,1
8796,0,0,0,0,1
8797,0,0,0,0,1
8798,0,0,0,0,1
8799,0,0,0,0,1
8800,0,0,0,0,1
8801,0,0,0,0,1
8802,0,0,0,0,1
8803,0,0,0,0,1
8804,0,0,0,0,1
8805,0,0,0,0,1
8806,0,0,0,0,1
8807,0,0,0,0,1
8808,0,0,0,0,1
8809,0,0,0,0,1
8810,0,0,0,0,1
8811,0,0,0,0,1
8812,0,0,0,0,1
8813,0,0,0,0,1
8814,0,0,0,0,1
8815,0,0,0,0,1
8816,0,0,0,0,1
8817,0,0,0,0,1
8818,0,0,0,0,1
8819,0,0,0,0,1
8820,0,0,0,0,1
8821,0,0,0,0,1
8822,0,0,0,0,1
8823,0,0,0,0,1
8824,0,0,0,0,1
8825,0,0,0,0,1
8826,0,0,0,0,1
8827,0,0,0,0,1
8828,0,0,0,0,1
8829,0,0,0,0,1
8830,0,0,0,0,1
8831,0,0,0,0,1
8832,0,0,0,0,1
8833,0,0,0,0,1
8834,0,0,0,0,1
8835,0,0,0,0,1
8836,0,0,0,0,1
8837,0,0,0,0,1
8838,0,0,0,0,1
8839,0,0,0,0,1
8840,0,0,0,0,1
8841,0,0,0,0,1
8842,0,0,0,0,1
8843,0,0,0,0,1
8844,0,0,0,0,1
8845,0,0,0,0,1
8846,0,0,0,0,1
8847,0,0,0,0,1
8848,0,0,0,0,1
8849,0,0,0,0,1
8850,0,0,0,0,1
8851,0,0,0,0,1
8852,0,0,0,0,1
8853,0,0,0,0,1
8854,0,0,0,0,1
8855,0,0,0,0,1
8856,0,0,0,0,1
8857,0,0,0,0,1
8858,0,0,0,0,1
8859,0,0,0,0,1
8860,0,0,0,0,1
8861,0,0,0,0,1
8862,0,0,0,0,1
8863,0,0,0,0,1
8864,0,0,0,0,1
8865,0,0,0,0,1
8866,1,0,0,0,0
8867,1,0,0,0,0
8868,1,0,0,0,0
8869,1,0,0,0,0
8870,1,0,0,0,0
8871,1,0,0,0,0
8872,1,0,0,0,0
8873,1,0,0,0,0
8874,1,0,0,0,0
8875,1,0,0,0,0
8876,1,0,0,0,0
8877,1,0,0,0,0
8878,1,0,0,0,0
8879,1,0,0,0,0
8880,1,0,0,0,0
8881,1,0,0,0,0
8882,1,0,0,0,0
8883,1,0,0,0,0
8884,1,0,0,0,0
8885,1,0,0,0,0
8886,1,0,0,0,0
8887,1,0,0,0,0
8888,1,0,0,0,0
8889,1,0,0,0,0
8890,1,0,0,0,0
8891,1,0,0,0,0
8892,1,0,0,0,0
8893,1,0,0,0,0
8894,1,0,0,0,0
8895,1,0,0,0,0
8896,1,0,0,0,0
8897,1,0,0,0,0
8898,1,0,0,0,0
8899,1,0,0,0,0
8900,1,0,0,0,0
8901,1,0,0,0,0
8902,1,0,0,0,0
8903,1,0,0,0,0
8904,1,0,0,0,0
8905,1,0,0,0,0
8906,1,0,0,0,0
8907,1,0,0,0,0
8908,1,0,0,0,0
8909,1,0,0,0,0
8910,1,0,0,0,0
8911,1,0,0,0,0
8912,1,0,0,0,0
8913,1,0,0,0,0
8914,1,0,0,0,0
8915,1,0,0,0,0
8916,1,0,0,0,0
8917,1,0,0,0,0
8918,1,0,0,0,0
8919,1,0,0,0,0
8920,1,0,0,0,0
8921,1,0,0,0,0
8922,1,0,0,0,0
8923,1,0,0,0,0
8924,1,0,0,0,0
8925,1,0,0,0,0
8926,1,0,0,0,0
8927,1,0,0,0,0
8928,1,0,0,0,0
8929,1,0,0,0,0
8930,1,0,0,0,0
8931,1,0,0,0,0
8932,1,0,0,0,0
8933,1,0,0,0,0
8934,1,0,0,0,0
8935,1,0,0,0,0
8936,1,0,0,0,0
8937,1,0,0,0,0
8938,1,0,0,0,0
8939,1,0,0,0,0
8940,1,0,0,0,0
8941,1,0,0,0,0
8942,1,0,0,0,0
8943,1,0,0,0,0
8944,1,0,0,0,0
8945,1,0,0,0,0
8946,1,0,0,0,0
8947,1,0,0,0,0
8948,1,0,0,0,0
8949,0,0,0,0,1
8950,0,0,0,0,1
8951,0,0,0,0,1
8952,0,0,0,0,1
8953,0,0,0,0,1
8954,0,0,0,0,1
8955,0,0,0,0,1
8956,0,0,0,0,1
8957,0,0,0,0,1
8958,0,0,0,0,1
8959,0,0,0,0,1
8960,0,0,0,0,1
8961,0,0,0,0,1
8962,0,0,0,0,1
8963,0,0,0,0,1
8964,0,0,0,0,1
8965,0,0,0,0,1
8966,0,0,0,0,1
8967,0,0,0,0,1
8968,0,0,0,0,1
8969,0,0,0,0,1
8970,0,0,0,0,1
8971,0,0,0,0,1
8972,0,0,0,0,1
8973,0,0,0,0,1
8974,0,0,0,0,1
8975,0,0,0,0,1
8976,0,0,0,0,1
8977,0,0,0,0,1
8978,0,0,0,0,1
8979,0,0,0,0,1
8980,0,0,0,0,1
8981,0,0,0,0,1
8982,0,0,0,0,1
8983,0,0,0,0,1
8984,0,0,0,0,1
8985,0,0,0,0,1
8986,0,0,0,0,1
8987,0,0,0,0,1
8988,0,0,0,0,1
8989,0,0,0,0,1
8990,0,0,0,0,1
8991,0,0,0,0,1
8992,0,0,0,0,1
8993,0,0,0,0,1
8994,0,0,0,0,1
8995,1,0,0,0,0
8996,1,0,0,0,0
8997,1,0,0,0,0
8998,1,0,0,0,0
8999,1,0,0,0,0
9000,1,0,0,0,0
9001,1,0,0,0,0
9002,1,0,0,0,0
9003,1,0,0,0,0
9004,1,0,0,0,0
9005,1,0,0,0,0
9006,1,0,0,0,0
9007,1,0,0,0,0
9008,1,0,0,0,0
9009,1,0,0,0,0
9010,1,0,0,0,0
9011,1,0,0,0,0
9012,1,0,0,0,0
9013,1,0,0,0,0
9014,1,0,0,0,0
9015,1,0,0,0,0
9016,1,0,0,0,0
9017,1,0,0,0,0
9018,1,0,0,0,0
9019,1,0,0,0,0
9020,1,0,0,0,0
9021,1,0,0,0,0
9022,1,0,0,0,0
9023,1,0,0,0,0
9024,1,0,0,0,0
9025,1,0,0,0,0
9026,1,0,0,0,0
9027,1,0,0,0,0
9028,1,0,0,0,0
9029,1,0,0,0,0
9030,1,0,0,0,0
9031,0,0,0,0,1
9032,0,0,0,0,1
9033,0,0,0,0,1
9034,0,0,0,0,1
9035,0,0,0,0,1
9036,0,0,0,0,1
9037,0,0,0,0,1
9038,0,0,0,0,1
9039,0,0,0,0,1
9040,0,0,0,0,1
9041,0,0,0,0,1
9042,0,0,0,0,1
9043,0,0,0,0,1
9044,0,0,0,0,1
9045,0,0,0,0,1
9046,0,0,0,0,1
9047,0,0,0,0,1
9048,0,0,0,0,1
9049,0,0,0,0,1
9050,0,0,0,0,1
9051,0,0,0,0,1
9052,0,0,0,0,1
9053,0,0,0,0,1
9054,0,0,0,0,1
9055,0,0,0,0,1
9056,0,0,0,0,1
9057,0,0,0,0,1
9058,0,0,0,0,1
9059,0,0,0,0,1
9060,0,0,0,0,1
9061,0,0,0,0,1
9062,0,0,0,0,1
9063,0,0,0,0,1
9064,1,0,0,0,0
9065,1,0,0,0,0
9066,1,0,0,0,0
9067,1,0,0,0,0
9068,1,0,0,0,0
9069,1,0,0,0,0
9070,1,0,0,0,0
9071,1,0,0,0,0
9072,1,0,0,0,0
9073,1,0,0,0,0
9074,1,0,0,0,0
9075,1,0,0,0,0
9076,1,0,0,0,0
9077,1,0,0,0,0
9078,1,0,0,0,0
9079,1,0,0,0,0
9080,1,0,0,0,0
9081,1,0,0,0,0
9082,1,0,0,0,0
9083,1,0,0,0,0
9084,1,0,0,0,0
9085,1,0,0,0,0
9086,1,0,0,0,0
9087,1,0,0,0,0
9088,1,0,0,0,0
9089,1,0,0,0,0
9090,1,0,0,0,0
9091,1,0,0,0,0
9092,1,0,0,0,0
9093,1,0,0,0,0
9094,1,0,0,0,0
9095,1,0,0,0,0
9096,1,0,0,0,0
9097,1,0,0,0,0
9098,1,0,0,0,0
9099,1,0,0,0,0
9100,0,0,0,0,1
9101,0,0,0,0,1
9102,0,0,0,0,1
9103,0,0,0,0,1
9104,0,0,0,0,1
9105,0,0,0,0,1
9106,0,0,0,0,1
9107,0,0,0,0,1
9108,0,0,0,0,1
9109,0,0,0,0,1
9110,0,0,1,0,0
9111,0,0,1,0,0
9112,0,0,1,0,0
9113,0,0,1,0,0
9114,0,0,1,0,0
9115,0,0,1,0,0
9116,0,0,1,0,0
9117,0,0,1,0,0
9118,0,0,1,0,0
9119,0,0,1,0,0
9120,0,0,1,0,0
9121,0,0,1,0,0
9122,0,0,1,0,0
9123,0,0,1,0,0
9124,0,0,1,0,0
9125,0,0,1,0,0
9126,0,0,1,0,0
9127,0,0,1,0,0
9128,0,0,1,0,0
9129,0,0,1,0,0
9130,0,0,1,0,0
9131,0,0,1,0,0
9132,0,0,1,0,0
9133,0,0,1,0,0
9134,0,0,1,0,0
9135,0,0,1,0,0
9136,0,0,1,0,0
9137,0,0,1,0,0
9138,0,0,1,0,0
9139,0,0,1,0,0
9140,0,0,1,0,0
9141,0,0,1,0,0
9142,0,0,1,0,0
9143,0,0,1,0,0
9144,0,0,1,0,0
9145,0,0,1,0,0
9146,0,0,1,0,0
9147,0,0,1,0,0
9148,0,0,1,0,0
9149,0,0,1,0,0
9150,0,0,1,0,0
9151,0,0,1,0,0
9152,0,0,1,0,0
9153,0,0,1,0,0
9154,0,0,1,0,0
9155,0,0,1,0,0
9156,0,0,1,0,0
9157,0,0,1,0,0
9158,0,0,1,0,0
9159,0,0,0,0,1
9160,0,0,0,0,1
9161,0,0,0,0,1
9162,0,0,0,0,1
9163,0,0,0,0,1
9164,0,0,0,0,1
9165,0,0,0,0,1
9166,0,0,0,0,1
9167,0,0,0,0,1
9168,0,0,0,0,1
9169,0,0,0,0,1
9170,0,0,0,0,1
9171,0,0,0,0,1
9172,0,0,0,0,1
9173,0,0,0,0,1
9174,0,0,0,0,1
9175,0,0,0,0,1
9176,0,0,0,0,1
9177,0,0,0,0,1
9178,0,0,0,0,1
9179,0,0,0,0,1
9180,0,0,0,0,1
9181,0,0,0,0,1
9182,0,0,0,0,1
9183,0,0,0,0,1
9184,0,0,0,0,1
9185,0,0,0,0,1
9186,0,0,0,0,1
9187,0,0,0,0,1
9188,0,0,0,0,1
9189,0,0,0,0,1
9190,0,0,0,0,1
9191,0,0,0,0,1
9192,0,0,0,0,1
9193,0,0,0,0,1
9194,0,0,0,0,1
9195,0,0,0,0,1
9196,0,0,0,0,1
9197,0,0,0,0,1
9198,0,0,0,0,1
9199,0,0,0,0,1
9200,0,0,0,0,1
9201,0,0,0,0,1
9202,0,0,0,0,1
9203,0,0,0,0,1
9204,0,0,0,0,1
9205,0,0,0,0,1
9206,0,0,0,0,1
9207,0,0,0,0,1
9208,0,0,0,0,1
9209,0,0,0,0,1
9210,0,0,0,0,1
9211,0,0,0,0,1
9212,0,0,0,0,1
9213,0,0,0,0,1
9214,0,0,0,0,1
9215,0,0,0,0,1
9216,0,0,0,0,1
9217,0,0,0,0,1
9218,0,0,0,0,1
9219,0,0,0,0,1
9220,0,0,0,0,1
9221,0,0,0,0,1
9222,0,0,0,0,1
9223,0,0,0,0,1
9224,0,0,0,0,1
9225,0,0,0,0,1
9226,0,0,0,0,1
9227,0,0,0,0,1
9228,0,0,0,0,1
9229,0,0,0,0,1
9230,0,0,0,0,1
9231,0,0,0,0,1
9232,0,0,0,0,1
9233,0,0,0,0,1
9234,0,0,0,0,1
9235,0,0,0,0,1
9236,0,0,0,0,1
9237,0,0,0,0,1
9238,0,0,0,0,1
9239,0,0,0,0,1
9240,0,0,0,0,1
9241,0,0,0,0,1
9242,0,0,0,0,1
9243,0,0,0,0,1
9244,0,0,0,0,1
9245,0,0,0,0,1
9246,0,0,0,0,1
9247,0,0,0,0,1
9248,0,0,0,0,1
9249,0,0,0,0,1
9250,0,0,0,0,1
9251,0,0,0,0,1
9252,0,0,0,0,1
9253,0,0,0,0,1
9254,0,0,0,0,1
9255,0,0,0,0,1
9256,0,0,0,0,1
9257,0,0,0,0,1
9258,0,0,0,0,1
9259,0,0,0,0,1
9260,0,0,0,0,1
9261,0,0,0,0,1
9262,0,0,0,0,1
9263,0,0,0,0,1
9264,0,0,0,0,1
9265,0,0,0,0,1
9266,0,0,0,0,1
9267,0,0,0,0,1
9268,0,0,0,0,1
9269,0,0,0,0,1
9270,0,0,0,0,1
9271,0,0,0,0,1
9272,0,0,0,0,1
9273,1,0,0,0,0
9274,1,0,0,0,0
9275,1,0,0,0,0
9276,1,0,0,0,0
9277,1,0,0,0,0
9278,1,0,0,0,0
9279,1,0,0,0,0
9280,1,0,0,0,0
9281,1,0,0,0,0
9282,1,0,0,0,0
9283,1,0,0,0,0
9284,1,0,0,0,0
9285,1,0,0,0,0
9286,1,0,0,0,0
9287,1,0,0,0,0
9288,1,0,0,0,0
9289,1,0,0,0,0
9290,1,0,0,0,0
9291,1,0,0,0,0
9292,1,0,0,0,0
9293,1,0,0,0,0
9294,1,0,0,0,0
9295,1,0,0,0,0
9296,1,0,0,0,0
9297,1,0,0,0,0
9298,1,0,0,0,0
9299,1,0,0,0,0
9300,1,0,0,0,0
9301,1,0,0,0,0
9302,1,0,0,0,0
9303,1,0,0,0,0
9304,1,0,0,0,0
9305,1,0,0,0,0
9306,1,0,0,0,0
9307,1,0,0,0,0
9308,1,0,0,0,0
9309,1,0,0,0,0
9310,1,0,0,0,0
9311,1,0,0,0,0
9312,1,0,0,0,0
9313,1,0,0,0,0
9314,1,0,0,0,0
9315,1,0,0,0,0
9316,1,0,0,0,0
9317,1,0,0,0,0
9318,1,0,0,0,0
9319,1,0,0,0,0
9320,1,0,0,0,0
9321,1,0,0,0,0
9322,1,0,0,0,0
9323,1,0,0,0,0
9324,1,0,0,0,0
9325,1,0,0,0,0
9326,1,0,0,0,0
9327,1,0,0,0,0
9328,1,0,0,0,0
9329,1,0,0,0,0
9330,1,0,0,0,0
9331,1,0,0,0,0
9332,1,0,0,0,0
9333,1,0,0,0,0
9334,1,0,0,0,0
9335,1,0,0,0,0
9336,1,0,0,0,0
9337,1,0,0,0,0
9338,1,0,0,0,0
9339,1,0,0,0,0
9340,1,0,0,0,0
9341,1,0,0,0,0
9342,1,0,0,0,0
9343,1,0,0,0,0
9344,1,0,0,0,0
9345,1,0,0,0,0
9346,1,0,0,0,0
9347,1,0,0,0,0
9348,1,0,0,0,0
9349,1,0,0,0,0
9350,1,0,0,0,0
9351,1,0,0,0,0
9352,1,0,0,0,0
9353,1,0,0,0,0
9354,1,0,0,0,0
9355,1,0,0,0,0
9356,1,0,0,0,0
9357,1,0,0,0,0
9358,1,0,0,0,0
9359,1,0,0,0,0
9360,1,0,0,0,0
9361,1,0,0,0,0
9362,1,0,0,0,0
9363,1,0,0,0,0
9364,1,0,0,0,0
9365,1,0,0,0,0
9366,1,0,0,0,0
9367,0,0,0,0,1
9368,0,0,0,0,1
9369,0,0,0,0,1
9370,0,0,0,0,1
9371,0,0,0,0,1
9372,0,0,0,0,1
9373,0,0,0,0,1
9374,0,0,0,0,1
9375,0,0,0,0,1
9376,0,0,0,0,1
9377,0,0,0,0,1
9378,0,0,0,0,1
9379,0,0,0,0,1
9380,0,0,0,0,1
9381,0,0,0,0,1
9382,0,0,0,0,1
9383,0,0,0,0,1
9384,0,0,0,0,1
9385,0,0,0,0,1
9386,0,0,0,0,1
9387,0,0,0,0,1
9388,0,0,0,0,1
9389,0,0,0,0,1
9390,0,0,0,0,1
9391,0,0,0,0,1
9392,0,0,0,0,1
9393,0,0,0,0,1
9394,0,0,0,0,1
9395,0,0,0,0,1
9396,0,0,0,0,1
9397,0,0,0,0,1
9398,0,0,0,0,1
9399,0,0,0,0,1
9400,0,0,0,0,1
9401,0,0,0,0,1
9402,0,0,0,0,1
9403,0,0,0,0,1
9404,0,0,0,0,1
9405,0,0,0,0,1
9406,0,0,0,0,1
9407,0,0,0,0,1
9408,0,0,0,0,1
9409,0,0,0,0,1
9410,0,0,0,0,1
9411,0,0,0,0,1
9412,0,0,0,0,1
9413,0,0,0,0,1
9414,0,0,0,0,1
9415,0,0,0,0,1
9416,0,0,0,0,1
9417,0,0,0,0,1
9418,0,0,0,0,1
9419,0,0,0,0,1
9420,0,0,0,0,1
9421,0,0,0,0,1
9422,0,0,0,0,1
9423,0,0,0,0,1
9424,0,0,0,0,1
9425,0,0,0,0,1
9426,0,0,0,0,1
9427,0,0,0,0,1
9428,0,0,0,0,1
9429,0,0,0,0,1
9430,0,0,0,0,1
9431,0,0,0,0,1
9432,0,0,0,0,1
9433,0,0,0,0,1
9434,0,0,0,0,1
9435,0,0,0,0,1
9436,0,0,0,0,1
9437,0,0,0,0,1
9438,0,0,0,0,1
9439,0,0,0,0,1
9440,0,0,0,0,1
9441,0,0,0,0,1
9442,0,0,0,0,1
9443,0,0,0,0,1
9444,0,0,0,0,1
9445,0,0,0,0,1
9446,0,0,0,0,1
9447,0,0,0,0,1
9448,0,0,0,0,1
9449,0,0,0,0,1
9450,0,0,0,0,1
9451,0,0,0,0,1
9452,0,0,0,0,1
9453,0,0,0,0,1
9454,1,0,0,0,0
9455,1,0,0,0,0
9456,1,0,0,0,0
9457,1,0,0,0,0
9458,1,0,0,0,0
9459,1,0,0,0,0
9460,1,0,0,0,0
9461,1,0,0,0,0
9462,1,0,0,0,0
9463,1,0,0,0,0
9464,1,0,0,0,0
9465,1,0,0,0,0
9466,1,0,0,0,0
9467,1,0,0,0,0
9468,1,0,0,0,0
9469,1,0,0,0,0
9470,1,0,0,0,0
9471,1,0,0,0,0
9472,1,0,0,0,0
9473,1,0,0,0,0
9474,1,0,0,0,0
9475,1,0,0,0,0
9476,1,0,0,0,0
9477,1,0,0,0,0
9478,1,0,0,0,0
9479,1,0,0,0,0
9480,1,0,0,0,0
9481,1,0,0,0,0
9482,1,0,0,0,0
9483,1,0,0,0,0
9484,1,0,0,0,0
9485,1,0,0,0,0
9486,1,0,0,0,0
9487,1,0,0,0,0
9488,1,0,0,0,0
9489,1,0,0,0,0
9490,1,0,0,0,0
9491,1,0,0,0,0
9492,1,0,0,0,0
9493,1,0,0,0,0
9494,1,0,0,0,0
9495,1,0,0,0,0
9496,1,0,0,0,0
9497,1,0,0,0,0
9498,1,0,0,0,0
9499,1,0,0,0,0
9500,1,0,0,0,0
9501,1,0,0,0,0
9502,1,0,0,0,0
9503,1,0,0,0,0
9504,1,0,0,0,0
9505,1,0,0,0,0
9506,1,0,0,0,0
9507,1,0,0,0,0
9508,1,0,0,0,0
9509,1,0,0,0,0
9510,1,0,0,0,0
9511,1,0,0,0,0
9512,1,0,0,0,0
9513,1,0,0,0,0
9514,0,0,0,0,1
9515,0,0,0,0,1
9516,0,0,0,0,1
9517,0,0,0,0,1
9518,0,0,0,0,1
9519,0,0,0,0,1
9520,0,0,0,0,1
9521,0,0,0,0,1
9522,0,0,0,0,1
9523,0,0,0,0,1
9524,0,0,0,0,1
9525,0,0,0,0,1
9526,0,0,0,0,1
9527,0,0,0,0,1
9528,0,0,0,0,1
9529,0,0,0,0,1
9530,0,0,0,0,1
9531,0,0,0,0,1
9532,0,0,0,0,1
9533,0,0,0,0,1
9534,0,0,0,0,1
9535,0,0,0,0,1
9536,0,0,0,0,1
9537,0,0,0,0,1
9538,0,0,0,0,1
9539,0,0,0,0,1
9540,0,0,0,0,1
9541,0,0,0,0,1
9542,0,0,0,0,1
9543,0,0,0,0,1
9544,0,0,0,0,1
9545,0,0,0,0,1
9546,0,0,0,0,1
9547,0,0,0,0,1
9548,0,0,0,0,1
9549,0,0,0,0,1
9550,0,0,0,0,1
9551,0,0,0,0,1
9552,0,0,0,0,1
9553,0,0,0,0,1
9554,0,0,0,0,1
9555,0,0,0,0,1
9556,0,0,0,0,1
9557,0,0,0,0,1
9558,0,0,0,0,1
9559,0,0,0,0,1
9560,0,0,0,0,1
9561,0,0,0,0,1
9562,0,0,0,0,1
9563,0,0,0,0,1
9564,0,0,0,0,1
9565,0,0,0,0,1
9566,0,0,0,0,1
9567,0,0,0,0,1
9568,1,0,0,0,0
9569,1,0,0,0,0
9570,1,0,0,0,0
9571,1,0,0,0,0
9572,1,0,0,0,0
9573,1,0,0,0,0
9574,1,0,0,0,0
9575,1,0,0,0,0
9576,1,0,0,0,0
9577,1,0,0,0,0
9578,1,0,0,0,0
9579,1,0,0,0,0
9580,1,0,0,0,0
9581,1,0,0,0,0
9582,1,0,0,0,0
9583,1,0,0,0,0
9584,1,0,0,0,0
9585,1,0,0,0,0
9586,1,0,0,0,0
9587,1,0,0,0,0
9588,1,0,0,0,0
9589,1,0,0,0,0
9590,1,0,0,0,0
9591,1,0,0,0,0
9592,1,0,0,0,0
9593,1,0,0,0,0
9594,1,0,0,0,0
9595,1,0,0,0,0
9596,1,0,0,0,0
9597,1,0,0,0,0
9598,1,0,0,0,0
9599,1,0,0,0,0
9600,1,0,0,0,0
9601,1,0,0,0,0
9602,1,0,0,0,0
9603,1,0,0,0,0
9604,1,0,0,0,0
9605,1,0,0,0,0
9606,1,0,0,0,0
9607,1,0,0,0,0
9608,1,0,0,0,0
9609,1,0,0,0,0
9610,1,0,0,0,0
9611,1,0,0,0,0
9612,1,0,0,0,0
9613,1,0,0,0,0
9614,1,0,0,0,0
9615,1,0,0,0,0
9616,1,0,0,0,0
9617,1,0,0,0,0
9618,1,0,0,0,0
9619,1,0,0,0,0
9620,1,0,0,0,0
9621,1,0,0,0,0
9622,1,0,0,0,0
9623,0,0,0,0,1
9624,0,0,0,0,1
9625,0,0,0,0,1
9626,0,0,0,0,1
9627,0,0,0,0,1
9628,0,0,0,0,1
9629,0,0,0,0,1
9630,0,0,0,0,1
9631,0,0,0,0,1
9632,0,0,0,0,1
9633,0,0,0,0,1
9634,0,0,0,0,1
9635,0,0,0,0,1
9636,0,0,0,0,1
9637,0,0,0,0,1
9638,0,0,0,0,1
9639,0,0,0,0,1
9640,0,0,0,0,1
9641,0,0,0,0,1
9642,0,0,0,0,1
9643,0,0,0,0,1
9644,0,0,0,0,1
9645,0,0,0,0,1
9646,0,0,0,0,1
9647,1,0,0,0,0
9648,0,0,0,0,1
9649,1,0,0,0,0
9650,1,0,0,0,0
9651,1,0,0,0,0
9652,1,0,0,0,0
9653,1,0,0,0,0
9654,1,0,0,0,0
9655,1,0,0,0,0
9656,1,0,0,0,0
9657,1,0,0,0,0
9658,1,0,0,0,0
9659,1,0,0,0,0
9660,1,0,0,0,0
9661,1,0,0,0,0
9662,1,0,0,0,0
9663,1,0,0,0,0
9664,1,0,0,0,0
9665,1,0,0,0,0
9666,1,0,0,0,0
9667,1,0,0,0,0
9668,1,0,0,0,0
9669,1,0,0,0,0
9670,1,0,0,0,0
9671,1,0,0,0,0
9672,1,0,0,0,0
9673,1,0,0,0,0
9674,1,0,0,0,0
9675,1,0,0,0,0
9676,1,0,0,0,0
9677,1,0,0,0,0
9678,1,0,0,0,0
9679,1,0,0,0,0
9680,0,0,0,0,1
9681,0,0,0,0,1
9682,0,0,0,0,1
9683,0,0,0,0,1
9684,0,0,0,0,1
9685,0,0,0,0,1
9686,0,0,0,0,1
9687,1,0,0,0,0
9688,1,0,0,0,0
9689,1,0,0,0,0
9690,1,0,0,0,0
9691,1,0,0,0,0
9692,1,0,0,0,0
9693,1,0,0,0,0
9694,1,0,0,0,0
9695,1,0,0,0,0
9696,1,0,0,0,0
9697,1,0,0,0,0
9698,1,0,0,0,0
9699,1,0,0,0,0
9700,1,0,0,0,0
9701,1,0,0,0,0
9702,1,0,0,0,0
9703,1,0,0,0,0
9704,1,0,0,0,0
9705,1,0,0,0,0
9706,1,0,0,0,0
9707,1,0,0,0,0
9708,1,0,0,0,0
9709,1,0,0,0,0
9710,1,0,0,0,0
9711,1,0,0,0,0
9712,1,0,0,0,0
9713,1,0,0,0,0
9714,1,0,0,0,0
9715,1,0,0,0,0
9716,1,0,0,0,0
9717,1,0,0,0,0
9718,1,0,0,0,0
9719,1,0,0,0,0
9720,1,0,0,0,0
9721,1,0,0,0,0
9722,1,0,0,0,0
9723,1,0,0,0,0
9724,1,0,0,0,0
9725,1,0,0,0,0
9726,1,0,0,0,0
9727,1,0,0,0,0
9728,1,0,0,0,0
9729,1,0,0,0,0
9730,1,0,0,0,0
9731,1,0,0,0,0
9732,1,0,0,0,0
9733,1,0,0,0,0
9734,1,0,0,0,0
9735,1,0,0,0,0
9736,1,0,0,0,0
9737,1,0,0,0,0
9738,1,0,0,0,0
9739,1,0,0,0,0
9740,1,0,0,0,0
9741,1,0,0,0,0
9742,1,0,0,0,0
9743,1,0,0,0,0
9744,1,0,0,0,0
9745,1,0,0,0,0
9746,1,0,0,0,0
9747,1,0,0,0,0
9748,1,0,0,0,0
9749,1,0,0,0,0
9750,1,0,0,0,0
9751,1,0,0,0,0
9752,1,0,0,0,0
9753,1,0,0,0,0
9754,1,0,0,0,0
9755,1,0,0,0,0
9756,1,0,0,0,0
9757,1,0,0,0,0
9758,1,0,0,0,0
9759,1,0,0,0,0
9760,1,0,0,0,0
9761,1,0,0,0,0
9762,1,0,0,0,0
9763,1,0,0,0,0
9764,1,0,0,0,0
9765,1,0,0,0,0
9766,1,0,0,0,0
9767,1,0,0,0,0
9768,1,0,0,0,0
9769,1,0,0,0,0
9770,1,0,0,0,0
9771,1,0,0,0,0
9772,1,0,0,0,0
9773,1,0,0,0,0
9774,1,0,0,0,0
9775,1,0,0,0,0
9776,0,0,0,0,1
9777,0,0,0,0,1
9778,0,0,0,0,1
9779,0,0,0,0,1
9780,0,0,0,0,1
9781,0,0,0,0,1
9782,0,0,0,0,1
9783,0,0,0,0,1
9784,1,0,0,0,0
9785,1,0,0,0,0
9786,1,0,0,0,0
9787,1,0,0,0,0
9788,1,0,0,0,0
9789,1,0,0,0,0
9790,1,0,0,0,0
9791,1,0,0,0,0
9792,1,0,0,0,0
9793,1,0,0,0,0
9794,1,0,0,0,0
9795,1,0,0,0,0
9796,1,0,0,0,0
9797,1,0,0,0,0
9798,1,0,0,0,0
9799,1,0,0,0,0
9800,1,0,0,0,0
9801,1,0,0,0,0
9802,1,0,0,0,0
9803,1,0,0,0,0
9804,1,0,0,0,0
9805,1,0,0,0,0
9806,1,0,0,0,0
9807,1,0,0,0,0
9808,1,0,0,0,0
9809,1,0,0,0,0
9810,1,0,0,0,0
9811,1,0,0,0,0
9812,1,0,0,0,0
9813,1,0,0,0,0
9814,1,0,0,0,0
9815,0,0,0,0,1
9816,0,0,0,0,1
9817,0,0,0,0,1
9818,0,0,0,0,1
9819,0,0,0,0,1
9820,0,0,0,0,1
9821,0,0,0,0,1
9822,0,0,0,0,1
9823,0,0,0,0,1
9824,0,0,0,0,1
9825,0,0,0,0,1
9826,0,0,0,0,1
9827,0,0,0,0,1
9828,0,0,0,0,1
9829,0,0,0,0,1
9830,0,0,0,0,1
9831,0,0,0,0,1
9832,0,0,0,0,1
9833,0,0,0,0,1
9834,0,0,0,0,1
9835,0,0,0,0,1
9836,0,0,0,0,1
9837,0,0,0,0,1
9838,0,0,0,0,1
9839,0,0,0,0,1
9840,0,0,0,0,1
9841,0,0,0,0,1
9842,0,0,0,0,1
9843,0,0,0,0,1
9844,0,0,0,0,1
9845,0,0,0,0,1
9846,0,0,0,0,1
9847,0,0,0,0,1
9848,0,0,0,0,1
9849,0,0,0,0,1
9850,0,0,0,0,1
9851,0,0,0,0,1
9852,0,0,0,0,1
9853,0,0,0,0,1
9854,0,0,0,0,1
9855,1,0,0,0,0
9856,1,0,0,0,0
9857,1,0,0,0,0
9858,1,0,0,0,0
9859,1,0,0,0,0
9860,1,0,0,0,0
9861,1,0,0,0,0
9862,1,0,0,0,0
9863,1,0,0,0,0
9864,1,0,0,0,0
9865,1,0,0,0,0
9866,1,0,0,0,0
9867,1,0,0,0,0
9868,1,0,0,0,0
9869,1,0,0,0,0
9870,1,0,0,0,0
9871,1,0,0,0,0
9872,1,0,0,0,0
9873,1,0,0,0,0
9874,1,0,0,0,0
9875,1,0,0,0,0
9876,1,0,0,0,0
9877,1,0,0,0,0
9878,1,0,0,0,0
9879,1,0,0,0,0
9880,1,0,0,0,0
9881,1,0,0,0,0
9882,1,0,0,0,0
9883,1,0,0,0,0
9884,1,0,0,0,0
9885,1,0,0,0,0
9886,1,0,0,0,0
9887,1,0,0,0,0
9888,1,0,0,0,0
9889,1,0,0,0,0
9890,1,0,0,0,0
9891,0,0,0,0,1
9892,0,0,0,0,1
9893,0,0,0,0,1
9894,0,0,0,0,1
9895,0,0,0,0,1
9896,0,0,0,0,1
9897,0,0,0,0,1
9898,0,0,0,0,1
9899,0,0,0,0,1
9900,0,0,0,0,1
9901,0,0,0,0,1
9902,0,0,0,0,1
9903,0,0,0,0,1
9904,0,0,0,0,1
9905,0,0,0,0,1
9906,0,0,0,0,1
9907,0,0,0,0,1
9908,0,0,0,0,1
9909,0,0,0,0,1
9910,0,0,0,0,1
9911,0,0,0,0,1
9912,0,0,0,0,1
9913,0,0,0,0,1
9914,0,0,0,0,1
9915,0,0,0,0,1
9916,0,0,0,0,1
9917,0,0,0,0,1
9918,0,0,0,0,1
9919,0,0,0,0,1
9920,0,0,0,0,1
9921,0,0,0,0,1
9922,0,0,0,0,1
9923,0,0,0,0,1
9924,0,0,0,0,1
9925,0,0,0,0,1
9926,0,0,0,0,1
9927,0,0,0,0,1
9928,0,0,0,0,1
9929,0,0,0,0,1
9930,0,0,0,0,1
9931,0,0,0,0,1
9932,0,0,0,0,1
9933,0,0,0,0,1
9934,0,0,0,0,1
9935,0,0,0,0,1
9936,0,0,0,0,1
9937,0,0,0,0,1
9938,0,0,0,0,1
9939,0,0,0,0,1
9940,0,0,0,0,1
9941,0,0,0,0,1
9942,0,0,0,0,1
9943,0,0,0,0,1
9944,0,0,0,0,1
9945,0,0,0,0,1
9946,0,0,0,0,1
9947,0,0,0,0,1
9948,0,0,0,0,1
9949,0,0,0,0,1
9950,0,0,0,0,1
9951,0,0,0,0,1
9952,0,0,0,0,1
9953,0,0,0,0,1
9954,0,0,0,0,1
9955,0,0,0,0,1
9956,0,0,0,0,1
9957,0,0,0,0,1
9958,0,0,0,0,1
9959,0,0,0,0,1
9960,0,0,0,0,1
9961,0,0,0,0,1
9962,0,0,0,0,1
9963,0,0,0,0,1
9964,0,0,0,0,1
9965,0,0,0,0,1
9966,0,0,0,0,1
9967,0,0,0,0,1
9968,0,0,0,0,1
9969,0,0,0,0,1
9970,0,0,0,0,1
9971,0,0,0,0,1
9972,0,0,0,0,1
9973,0,0,0,0,1
9974,0,0,0,0,1
9975,0,0,0,0,1
9976,0,0,0,0,1
9977,0,0,0,0,1
9978,0,0,0,0,1
9979,0,0,0,0,1
9980,0,0,0,0,1
9981,0,0,0,0,1
9982,0,0,0,0,1
9983,0,0,0,0,1
9984,0,0,0,0,1
9985,0,0,0,0,1
9986,0,0,0,0,1
9987,0,0,0,0,1
9988,0,0,0,0,1
9989,0,0,0,0,1
9990,0,0,0,0,1
9991,0,0,0,0,1
9992,0,0,0,0,1
9993,0,0,0,0,1
9994,0,0,0,0,1
9995,0,0,0,0,1
9996,0,0,0,0,1
9997,0,0,0,0,1
9998,0,0,0,0,1
9999,0,0,0,0,1
10000,0,0,0,0,1
10001,0,0,0,0,1
10002,0,0,0,0,1
10003,0,0,0,0,1
10004,0,0,0,0,1
10005,0,0,0,0,1
10006,0,0,0,0,1
10007,0,0,0,0,1
10008,0,0,0,0,1
10009,0,0,0,0,1
10010,0,0,0,0,1
10011,0,0,0,0,1
10012,0,0,0,0,1
10013,0,0,0,0,1
10014,0,0,0,0,1
10015,0,0,0,0,1
10016,0,0,0,0,1
10017,0,0,0,0,1
10018,0,0,0,0,1
10019,0,0,0,0,1
10020,0,0,0,0,1
10021,0,0,0,0,1
10022,0,0,0,0,1
10023,0,0,0,0,1
10024,0,0,0,0,1
10025,0,0,0,0,1
10026,0,0,0,0,1
10027,0,0,0,0,1
10028,0,0,0,0,1
10029,0,0,0,0,1
10030,0,0,0,0,1
10031,0,0,0,0,1
10032,0,0,0,0,1
10033,0,0,0,0,1
10034,0,0,0,0,1
10035,0,0,0,0,1
10036,0,0,0,0,1
10037,0,0,0,0,1
10038,0,0,0,0,1
10039,0,0,0,0,1
10040,1,0,0,0,0
10041,1,0,0,0,0
10042,1,0,0,0,0
10043,1,0,0,0,0
10044,1,0,0,0,0
10045,1,0,0,0,0
10046,1,0,0,0,0
10047,1,0,0,0,0
10048,1,0,0,0,0
10049,1,0,0,0,0
10050,1,0,0,0,0
10051,1,0,0,0,0
10052,1,0,0,0,0
10053,1,0,0,0,0
10054,1,0,0,0,0
10055,1,0,0,0,0
10056,1,0,0,0,0
10057,1,0,0,0,0
10058,1,0,0,0,0
10059,1,0,0,0,0
10060,1,0,0,0,0
10061,1,0,0,0,0
10062,1,0,0,0,0
10063,1,0,0,0,0
10064,1,0,0,0,0
10065,1,0,0,0,0
10066,1,0,0,0,0
10067,1,0,0,0,0
10068,1,0,0,0,0
10069,1,0,0,0,0
10070,1,0,0,0,0
10071,1,0,0,0,0
10072,1,0,0,0,0
10073,1,0,0,0,0
10074,1,0,0,0,0
10075,1,0,0,0,0
10076,1,0,0,0,0
10077,1,0,0,0,0
10078,1,0,0,0,0
10079,1,0,0,0,0
10080,1,0,0,0,0
10081,1,0,0,0,0
10082,1,0,0,0,0
10083,1,0,0,0,0
10084,1,0,0,0,0
10085,1,0,0,0,0
10086,1,0,0,0,0
10087,1,0,0,0,0
10088,1,0,0,0,0
10089,1,0,0,0,0
10090,1,0,0,0,0
10091,1,0,0,0,0
10092,1,0,0,0,0
10093,1,0,0,0,0
10094,1,0,0,0,0
10095,1,0,0,0,0
10096,1,0,0,0,0
10097,1,0,0,0,0
10098,1,0,0,0,0
10099,1,0,0,0,0
10100,1,0,0,0,0
10101,1,0,0,0,0
10102,1,0,0,0,0
10103,1,0,0,0,0
10104,1,0,0,0,0
10105,1,0,0,0,0
10106,1,0,0,0,0
10107,1,0,0,0,0
10108,1,0,0,0,0
10109,1,0,0,0,0
10110,0,0,0,0,1
10111,0,0,0,0,1
10112,0,0,0,0,1
10113,0,0,0,0,1
10114,0,0,0,0,1
10115,0,0,0,0,1
10116,0,0,0,0,1
10117,0,0,0,0,1
10118,0,0,0,0,1
10119,0,0,0,0,1
10120,0,0,0,0,1
10121,0,0,0,0,1
10122,0,0,0,0,1
10123,0,0,0,0,1
10124,0,0,0,0,1
10125,0,0,0,0,1
10126,0,0,0,0,1
10127,0,0,0,0,1
10128,0,0,0,0,1
10129,0,0,0,0,1
10130,0,0,0,0,1
10131,0,0,0,0,1
10132,0,0,0,0,1
10133,0,0,0,0,1
10134,1,0,0,0,0
10135,1,0,0,0,0
10136,1,0,0,0,0
10137,1,0,0,0,0
10138,1,0,0,0,0
10139,1,0,0,0,0
10140,1,0,0,0,0
10141,1,0,0,0,0
10142,1,0,0,0,0
10143,1,0,0,0,0
10144,1,0,0,0,0
10145,1,0,0,0,0
10146,1,0,0,0,0
10147,1,0,0,0,0
10148,1,0,0,0,0
10149,1,0,0,0,0
10150,1,0,0,0,0
10151,1,0,0,0,0
10152,1,0,0,0,0
10153,1,0,0,0,0
10154,1,0,0,0,0
10155,1,0,0,0,0
10156,1,0,0,0,0
10157,1,0,0,0,0
10158,1,0,0,0,0
10159,1,0,0,0,0
10160,1,0,0,0,0
10161,1,0,0,0,0
10162,1,0,0,0,0
10163,1,0,0,0,0
10164,1,0,0,0,0
10165,1,0,0,0,0
10166,1,0,0,0,0
10167,1,0,0,0,0
10168,1,0,0,0,0
10169,1,0,0,0,0
10170,1,0,0,0,0
10171,1,0,0,0,0
10172,1,0,0,0,0
10173,1,0,0,0,0
10174,1,0,0,0,0
10175,1,0,0,0,0
10176,1,0,0,0,0
10177,1,0,0,0,0
10178,1,0,0,0,0
10179,1,0,0,0,0
10180,1,0,0,0,0
10181,1,0,0,0,0
10182,1,0,0,0,0
10183,1,0,0,0,0
10184,1,0,0,0,0
10185,1,0,0,0,0
10186,1,0,0,0,0
10187,1,0,0,0,0
10188,1,0,0,0,0
10189,1,0,0,0,0
10190,1,0,0,0,0
10191,1,0,0,0,0
10192,1,0,0,0,0
10193,1,0,0,0,0
10194,1,0,0,0,0
10195,1,0,0,0,0
10196,1,0,0,0,0
10197,1,0,0,0,0
10198,1,0,0,0,0
10199,1,0,0,0,0
10200,1,0,0,0,0
10201,1,0,0,0,0
10202,1,0,0,0,0
10203,1,0,0,0,0
10204,1,0,0,0,0
10205,1,0,0,0,0
10206,1,0,0,0,0
10207,1,0,0,0,0
10208,1,0,0,0,0
10209,1,0,0,0,0
10210,1,0,0,0,0
10211,1,0,0,0,0
10212,1,0,0,0,0
10213,1,0,0,0,0
10214,1,0,0,0,0
10215,1,0,0,0,0
10216,1,0,0,0,0
10217,1,0,0,0,0
10218,1,0,0,0,0
10219,1,0,0,0,0
10220,1,0,0,0,0
10221,1,0,0,0,0
10222,1,0,0,0,0
10223,1,0,0,0,0
10224,1,0,0,0,0
10225,1,0,0,0,0
10226,1,0,0,0,0
10227,1,0,0,0,0
10228,1,0,0,0,0
10229,1,0,0,0,0
10230,1,0,0,0,0
10231,1,0,0,0,0
10232,1,0,0,0,0
10233,1,0,0,0,0
10234,1,0,0,0,0
10235,1,0,0,0,0
10236,1,0,0,0,0
10237,1,0,0,0,0
10238,1,0,0,0,0
10239,1,0,0,0,0
10240,1,0,0,0,0
10241,1,0,0,0,0
10242,1,0,0,0,0
10243,1,0,0,0,0
10244,1,0,0,0,0
10245,1,0,0,0,0
10246,1,0,0,0,0
10247,1,0,0,0,0
10248,1,0,0,0,0
10249,1,0,0,0,0
10250,1,0,0,0,0
10251,1,0,0,0,0
10252,1,0,0,0,0
10253,1,0,0,0,0
10254,1,0,0,0,0
10255,1,0,0,0,0
10256,1,0,0,0,0
10257,1,0,0,0,0
10258,1,0,0,0,0
10259,1,0,0,0,0
10260,1,0,0,0,0
10261,1,0,0,0,0
10262,1,0,0,0,0
10263,1,0,0,0,0
10264,1,0,0,0,0
10265,1,0,0,0,0
10266,1,0,0,0,0
10267,1,0,0,0,0
10268,1,0,0,0,0
10269,1,0,0,0,0
10270,1,0,0,0,0
10271,1,0,0,0,0
10272,1,0,0,0,0
10273,1,0,0,0,0
10274,1,0,0,0,0
10275,1,0,0,0,0
10276,1,0,0,0,0
10277,1,0,0,0,0
10278,1,0,0,0,0
10279,1,0,0,0,0
10280,1,0,0,0,0
10281,1,0,0,0,0
10282,1,0,0,0,0
10283,1,0,0,0,0
10284,1,0,0,0,0
10285,1,0,0,0,0
10286,1,0,0,0,0
10287,1,0,0,0,0
10288,1,0,0,0,0
10289,1,0,0,0,0
10290,1,0,0,0,0
10291,1,0,0,0,0
10292,1,0,0,0,0
10293,1,0,0,0,0
10294,1,0,0,0,0
10295,1,0,0,0,0
10296,1,0,0,0,0
10297,1,0,0,0,0
10298,1,0,0,0,0
10299,1,0,0,0,0
10300,1,0,0,0,0
10301,1,0,0,0,0
10302,1,0,0,0,0
10303,1,0,0,0,0
10304,1,0,0,0,0
10305,1,0,0,0,0
10306,1,0,0,0,0
10307,1,0,0,0,0
10308,1,0,0,0,0
10309,1,0,0,0,0
10310,1,0,0,0,0
10311,1,0,0,0,0
10312,1,0,0,0,0
10313,1,0,0,0,0
10314,1,0,0,0,0
10315,1,0,0,0,0
10316,1,0,0,0,0
10317,1,0,0,0,0
10318,1,0,0,0,0
10319,1,0,0,0,0
10320,1,0,0,0,0
10321,1,0,0,0,0
10322,1,0,0,0,0
10323,1,0,0,0,0
10324,1,0,0,0,0
10325,1,0,0,0,0
10326,1,0,0,0,0
10327,1,0,0,0,0
10328,1,0,0,0,0
10329,1,0,0,0,0
10330,1,0,0,0,0
10331,1,0,0,0,0
10332,1,0,0,0,0
10333,1,0,0,0,0
10334,1,0,0,0,0
10335,1,0,0,0,0
10336,1,0,0,0,0
10337,1,0,0,0,0
10338,1,0,0,0,0
10339,1,0,0,0,0
10340,1,0,0,0,0
10341,1,0,0,0,0
10342,1,0,0,0,0
10343,1,0,0,0,0
10344,1,0,0,0,0
10345,1,0,0,0,0
10346,1,0,0,0,0
10347,1,0,0,0,0
10348,1,0,0,0,0
10349,1,0,0,0,0
10350,1,0,0,0,0
10351,1,0,0,0,0
10352,1,0,0,0,0
10353,1,0,0,0,0
10354,1,0,0,0,0
10355,1,0,0,0,0
10356,1,0,0,0,0
10357,1,0,0,0,0
10358,1,0,0,0,0
10359,1,0,0,0,0
10360,1,0,0,0,0
10361,1,0,0,0,0
10362,1,0,0,0,0
10363,1,0,0,0,0
10364,1,0,0,0,0
10365,1,0,0,0,0
10366,1,0,0,0,0
10367,1,0,0,0,0
10368,1,0,0,0,0
10369,1,0,0,0,0
10370,1,0,0,0,0
10371,1,0,0,0,0
10372,1,0,0,0,0
10373,1,0,0,0,0
10374,1,0,0,0,0
10375,1,0,0,0,0
10376,1,0,0,0,0
10377,1,0,0,0,0
10378,1,0,0,0,0
10379,1,0,0,0,0
10380,1,0,0,0,0
10381,1,0,0,0,0
10382,1,0,0,0,0
10383,1,0,0,0,0
10384,1,0,0,0,0
10385,1,0,0,0,0
10386,1,0,0,0,0
10387,1,0,0,0,0
10388,1,0,0,0,0
10389,1,0,0,0,0
10390,1,0,0,0,0
10391,1,0,0,0,0
10392,1,0,0,0,0
10393,1,0,0,0,0
10394,1,0,0,0,0
10395,1,0,0,0,0
10396,1,0,0,0,0
10397,1,0,0,0,0
10398,1,0,0,0,0
10399,1,0,0,0,0
10400,1,0,0,0,0
10401,1,0,0,0,0
10402,1,0,0,0,0
10403,1,0,0,0,0
10404,1,0,0,0,0
10405,1,0,0,0,0
10406,1,0,0,0,0
10407,1,0,0,0,0
10408,1,0,0,0,0
10409,1,0,0,0,0
10410,1,0,0,0,0
10411,1,0,0,0,0
10412,1,0,0,0,0
10413,1,0,0,0,0
10414,1,0,0,0,0
10415,1,0,0,0,0
10416,1,0,0,0,0
10417,1,0,0,0,0
10418,1,0,0,0,0
10419,1,0,0,0,0
10420,1,0,0,0,0
10421,1,0,0,0,0
10422,1,0,0,0,0
10423,1,0,0,0,0
10424,1,0,0,0,0
10425,1,0,0,0,0
10426,1,0,0,0,0
10427,1,0,0,0,0
10428,1,0,0,0,0
10429,1,0,0,0,0
10430,1,0,0,0,0
10431,1,0,0,0,0
10432,1,0,0,0,0
10433,1,0,0,0,0
10434,1,0,0,0,0
10435,0,0,1,0,0
10436,0,0,1,0,0
10437,0,0,1,0,0
10438,0,0,1,0,0
10439,0,0,1,0,0
10440,0,0,1,0,0
10441,0,0,1,0,0
10442,0,0,1,0,0
10443,0,0,1,0,0
10444,0,0,1,0,0
10445,0,0,1,0,0
10446,0,0,1,0,0
10447,0,0,1,0,0
10448,0,0,1,0,0
10449,0,0,1,0,0
10450,0,0,1,0,0
10451,0,0,1,0,0
10452,0,0,1,0,0
10453,0,0,1,0,0
10454,0,0,1,0,0
10455,0,0,1,0,0
10456,0,0,1,0,0
10457,0,0,1,0,0
10458,0,0,1,0,0
10459,0,0,1,0,0
10460,0,0,1,0,0
10461,0,0,1,0,0
10462,0,0,1,0,0
10463,0,0,1,0,0
10464,1,0,0,0,0
10465,1,0,0,0,0
10466,1,0,0,0,0
10467,1,0,0,0,0
10468,1,0,0,0,0
10469,1,0,0,0,0
10470,1,0,0,0,0
10471,1,0,0,0,0
10472,1,0,0,0,0
10473,1,0,0,0,0
10474,1,0,0,0,0
10475,1,0,0,0,0
10476,1,0,0,0,0
10477,1,0,0,0,0
10478,1,0,0,0,0
10479,1,0,0,0,0
10480,1,0,0,0,0
10481,1,0,0,0,0
10482,1,0,0,0,0
10483,1,0,0,0,0
10484,1,0,0,0,0
10485,1,0,0,0,0
10486,1,0,0,0,0
10487,1,0,0,0,0
10488,1,0,0,0,0
10489,1,0,0,0,0
10490,1,0,0,0,0
10491,1,0,0,0,0
10492,1,0,0,0,0
10493,1,0,0,0,0
10494,1,0,0,0,0
10495,1,0,0,0,0
10496,1,0,0,0,0
10497,1,0,0,0,0
10498,1,0,0,0,0
10499,1,0,0,0,0
10500,1,0,0,0,0
10501,1,0,0,0,0
10502,1,0,0,0,0
10503,1,0,0,0,0
10504,1,0,0,0,0
10505,1,0,0,0,0
10506,1,0,0,0,0
10507,1,0,0,0,0
10508,1,0,0,0,0
10509,1,0,0,0,0
10510,1,0,0,0,0
10511,1,0,0,0,0
10512,1,0,0,0,0
10513,1,0,0,0,0
10514,1,0,0,0,0
10515,1,0,0,0,0
10516,1,0,0,0,0
10517,1,0,0,0,0
10518,1,0,0,0,0
10519,1,0,0,0,0
10520,1,0,0,0,0
10521,1,0,0,0,0
10522,1,0,0,0,0
10523,1,0,0,0,0
10524,1,0,0,0,0
10525,1,0,0,0,0
10526,1,0,0,0,0
10527,1,0,0,0,0
10528,1,0,0,0,0
10529,1,0,0,0,0
10530,1,0,0,0,0
10531,1,0,0,0,0
10532,1,0,0,0,0
10533,1,0,0,0,0
10534,1,0,0,0,0
10535,1,0,0,0,0
10536,1,0,0,0,0
10537,1,0,0,0,0
10538,1,0,0,0,0
10539,1,0,0,0,0
10540,1,0,0,0,0
10541,1,0,0,0,0
10542,1,0,0,0,0
10543,1,0,0,0,0
10544,1,0,0,0,0
10545,1,0,0,0,0
10546,1,0,0,0,0
10547,1,0,0,0,0
10548,1,0,0,0,0
10549,1,0,0,0,0
10550,1,0,0,0,0
10551,1,0,0,0,0
10552,1,0,0,0,0
10553,1,0,0,0,0
10554,1,0,0,0,0
10555,1,0,0,0,0
10556,1,0,0,0,0
10557,1,0,0,0,0
10558,1,0,0,0,0
10559,1,0,0,0,0
10560,1,0,0,0,0
10561,1,0,0,0,0
10562,1,0,0,0,0
10563,1,0,0,0,0
10564,1,0,0,0,0
10565,1,0,0,0,0
10566,1,0,0,0,0
10567,1,0,0,0,0
10568,1,0,0,0,0
10569,1,0,0,0,0
10570,1,0,0,0,0
10571,1,0,0,0,0
10572,1,0,0,0,0
10573,1,0,0,0,0
10574,1,0,0,0,0
10575,1,0,0,0,0
10576,1,0,0,0,0
10577,1,0,0,0,0
10578,1,0,0,0,0
10579,1,0,0,0,0
10580,1,0,0,0,0
10581,1,0,0,0,0
10582,1,0,0,0,0
10583,1,0,0,0,0
10584,1,0,0,0,0
10585,1,0,0,0,0
10586,1,0,0,0,0
10587,1,0,0,0,0
10588,1,0,0,0,0
10589,1,0,0,0,0
10590,1,0,0,0,0
10591,1,0,0,0,0
10592,1,0,0,0,0
10593,1,0,0,0,0
10594,1,0,0,0,0
10595,1,0,0,0,0
10596,1,0,0,0,0
10597,1,0,0,0,0
10598,1,0,0,0,0
10599,1,0,0,0,0
10600,1,0,0,0,0
10601,1,0,0,0,0
10602,1,0,0,0,0
10603,1,0,0,0,0
10604,1,0,0,0,0
10605,1,0,0,0,0
10606,1,0,0,0,0
10607,1,0,0,0,0
10608,1,0,0,0,0
10609,1,0,0,0,0
10610,1,0,0,0,0
10611,1,0,0,0,0
10612,1,0,0,0,0
10613,1,0,0,0,0
10614,1,0,0,0,0
10615,1,0,0,0,0
10616,1,0,0,0,0
10617,1,0,0,0,0
10618,1,0,0,0,0
10619,1,0,0,0,0
10620,1,0,0,0,0
10621,1,0,0,0,0
10622,1,0,0,0,0
10623,1,0,0,0,0
10624,1,0,0,0,0
10625,1,0,0,0,0
10626,1,0,0,0,0
10627,1,0,0,0,0
10628,1,0,0,0,0
10629,1,0,0,0,0
10630,1,0,0,0,0
10631,1,0,0,0,0
10632,1,0,0,0,0
10633,1,0,0,0,0
10634,1,0,0,0,0
10635,1,0,0,0,0
10636,1,0,0,0,0
10637,1,0,0,0,0
10638,1,0,0,0,0
10639,1,0,0,0,0
10640,1,0,0,0,0
10641,1,0,0,0,0
10642,1,0,0,0,0
10643,1,0,0,0,0
10644,1,0,0,0,0
10645,1,0,0,0,0
10646,1,0,0,0,0
10647,1,0,0,0,0
10648,1,0,0,0,0
10649,1,0,0,0,0
10650,1,0,0,0,0
10651,1,0,0,0,0
10652,1,0,0,0,0
10653,1,0,0,0,0
10654,1,0,0,0,0
10655,1,0,0,0,0
10656,1,0,0,0,0
10657,1,0,0,0,0
10658,1,0,0,0,0
10659,1,0,0,0,0
10660,0,0,0,0,1
10661,0,0,0,0,1
10662,0,0,0,0,1
10663,0,0,0,0,1
10664,0,0,0,0,1
10665,0,0,0,0,1
10666,0,0,0,0,1
10667,0,0,0,0,1
10668,0,0,0,0,1
10669,0,0,0,0,1
10670,0,0,0,0,1
10671,0,0,0,0,1
10672,0,0,0,0,1
10673,0,0,0,0,1
10674,0,0,0,0,1
10675,0,0,0,0,1
10676,0,0,0,0,1
10677,0,0,0,0,1
10678,0,0,0,0,1
10679,0,0,0,0,1
10680,0,0,0,0,1
10681,0,0,0,0,1
10682,0,0,0,0,1
10683,0,0,0,0,1
10684,0,0,0,0,1
10685,0,0,0,0,1
10686,0,0,0,0,1
10687,0,0,0,0,1
10688,0,0,0,0,1
10689,0,0,0,0,1
10690,1,0,0,0,0
10691,1,0,0,0,0
10692,1,0,0,0,0
10693,1,0,0,0,0
10694,1,0,0,0,0
10695,1,0,0,0,0
10696,1,0,0,0,0
10697,1,0,0,0,0
10698,1,0,0,0,0
10699,1,0,0,0,0
10700,1,0,0,0,0
10701,1,0,0,0,0
10702,1,0,0,0,0
10703,1,0,0,0,0
10704,1,0,0,0,0
10705,1,0,0,0,0
10706,1,0,0,0,0
10707,1,0,0,0,0
10708,1,0,0,0,0
10709,1,0,0,0,0
10710,1,0,0,0,0
10711,1,0,0,0,0
10712,1,0,0,0,0
10713,1,0,0,0,0
10714,1,0,0,0,0
10715,1,0,0,0,0
10716,1,0,0,0,0
10717,1,0,0,0,0
10718,1,0,0,0,0
10719,1,0,0,0,0
10720,1,0,0,0,0
10721,1,0,0,0,0
10722,1,0,0,0,0
10723,1,0,0,0,0
10724,1,0,0,0,0
10725,1,0,0,0,0
10726,1,0,0,0,0
10727,1,0,0,0,0
10728,1,0,0,0,0
10729,1,0,0,0,0
10730,1,0,0,0,0
10731,1,0,0,0,0
10732,1,0,0,0,0
10733,1,0,0,0,0
10734,1,0,0,0,0
10735,1,0,0,0,0
10736,1,0,0,0,0
10737,1,0,0,0,0
10738,1,0,0,0,0
10739,0,0,1,0,0
10740,0,0,1,0,0
10741,0,0,1,0,0
10742,0,0,1,0,0
10743,0,0,1,0,0
10744,0,0,1,0,0
10745,0,0,1,0,0
10746,0,0,1,0,0
10747,0,0,1,0,0
10748,0,0,1,0,0
10749,0,0,1,0,0
10750,0,0,1,0,0
10751,0,0,1,0,0
10752,0,0,1,0,0
10753,0,0,1,0,0
10754,0,0,1,0,0
10755,0,0,1,0,0
10756,0,0,1,0,0
10757,0,0,1,0,0
10758,0,0,1,0,0
10759,0,0,1,0,0
10760,0,0,1,0,0
10761,0,0,1,0,0
10762,0,0,1,0,0
10763,0,0,1,0,0
10764,0,0,1,0,0
10765,0,0,1,0,0
10766,0,0,1,0,0
10767,0,0,1,0,0
10768,0,0,1,0,0
10769,0,0,1,0,0
10770,0,0,1,0,0
10771,0,0,1,0,0
10772,0,0,1,0,0
10773,0,0,1,0,0
10774,0,0,1,0,0
10775,0,0,1,0,0
10776,0,0,1,0,0
10777,0,0,1,0,0
10778,0,0,1,0,0
10779,0,0,1,0,0
10780,0,0,1,0,0
10781,0,0,1,0,0
10782,0,0,1,0,0
10783,0,0,1,0,0
10784,0,0,1,0,0
10785,0,0,1,0,0
10786,0,0,1,0,0
10787,0,0,1,0,0
10788,0,0,1,0,0
10789,0,0,1,0,0
10790,0,0,1,0,0
10791,0,0,1,0,0
10792,0,0,1,0,0
10793,0,0,1,0,0
10794,0,0,1,0,0
10795,0,0,1,0,0
10796,0,0,1,0,0
10797,0,0,1,0,0
10798,0,0,1,0,0
10799,0,0,1,0,0
10800,0,0,1,0,0
10801,0,0,1,0,0
10802,0,0,1,0,0
10803,0,0,1,0,0
10804,0,0,1,0,0
10805,0,0,1,0,0
10806,0,0,1,0,0
10807,0,0,1,0,0
10808,0,0,1,0,0
10809,0,0,0,0,1
10810,0,0,0,0,1
10811,0,0,0,0,1
10812,0,0,0,0,1
10813,0,0,0,0,1
10814,0,0,0,0,1
10815,0,0,0,0,1
10816,0,0,0,0,1
10817,0,0,0,0,1
10818,0,0,0,0,1
10819,0,0,0,0,1
10820,0,0,0,0,1
10821,0,0,0,0,1
10822,0,0,0,0,1
10823,0,0,0,0,1
10824,0,0,0,0,1
10825,0,0,0,0,1
10826,0,0,0,0,1
10827,0,0,0,0,1
10828,0,0,0,0,1
10829,0,0,0,0,1
10830,0,0,0,0,1
10831,0,0,0,0,1
10832,0,0,0,0,1
10833,0,0,0,0,1
10834,0,0,0,0,1
10835,0,0,0,0,1
10836,0,0,0,0,1
10837,0,0,0,0,1
10838,0,0,0,0,1
10839,0,0,0,0,1
10840,0,0,0,0,1
10841,0,0,0,0,1
10842,0,0,0,0,1
10843,0,0,0,0,1
10844,0,0,0,0,1
10845,0,0,0,0,1
10846,0,0,0,0,1
10847,0,0,0,0,1
10848,0,0,0,0,1
10849,0,0,0,0,1
10850,0,0,0,0,1
10851,0,0,0,0,1
10852,0,0,0,0,1
10853,0,0,0,0,1
10854,0,0,0,0,1
10855,0,0,0,0,1
10856,0,0,0,0,1
10857,0,0,0,0,1
10858,0,0,0,0,1
10859,0,0,0,0,1
10860,0,0,0,0,1
10861,0,0,0,0,1
10862,0,0,0,0,1
10863,0,0,0,0,1
10864,0,0,0,0,1
10865,0,0,0,0,1
10866,0,0,0,0,1
10867,0,0,0,0,1
10868,0,0,0,0,1
10869,0,0,0,0,1
10870,0,0,0,0,1
10871,0,0,0,0,1
10872,0,0,0,0,1
10873,0,0,0,0,1
10874,0,0,0,0,1
10875,0,0,0,0,1
10876,0,0,0,0,1
10877,0,0,0,0,1
10878,0,0,0,0,1
10879,0,0,0,0,1
10880,0,0,0,0,1
10881,0,0,0,0,1
10882,0,0,0,0,1
10883,0,0,0,0,1
10884,0,0,0,0,1
10885,0,0,0,0,1
10886,0,0,0,0,1
10887,0,0,0,0,1
10888,0,0,0,0,1
10889,0,0,0,0,1
10890,0,0,0,0,1
10891,0,0,0,0,1
10892,0,0,0,0,1
10893,0,0,0,0,1
10894,0,0,0,0,1
10895,0,0,0,0,1
10896,0,0,0,0,1
10897,0,0,0,0,1
10898,0,0,0,0,1
10899,0,0,0,0,1
10900,0,0,0,0,1
10901,0,0,0,0,1
10902,0,0,0,0,1
10903,0,0,0,0,1
10904,0,0,0,0,1
10905,0,0,0,0,1
10906,0,0,0,0,1
10907,0,0,0,0,1
10908,0,0,0,0,1
10909,0,0,0,0,1
10910,0,0,0,0,1
10911,0,0,0,0,1
10912,0,0,0,0,1
10913,0,0,0,0,1
10914,0,0,0,0,1
10915,0,0,0,0,1
10916,0,0,0,0,1
10917,0,0,0,0,1
10918,0,0,0,0,1
10919,0,0,0,0,1
10920,0,0,0,0,1
10921,0,0,0,0,1
10922,0,0,0,0,1
10923,0,0,0,0,1
10924,0,0,0,0,1
10925,0,0,0,0,1
10926,0,0,0,0,1
10927,0,0,0,0,1
10928,0,0,0,0,1
10929,0,0,0,0,1
10930,0,0,0,0,1
10931,0,0,0,0,1
10932,0,0,0,0,1
10933,0,0,0,0,1
10934,0,0,0,0,1
10935,0,0,0,0,1
10936,0,0,0,0,1
10937,0,0,0,0,1
10938,0,0,0,0,1
10939,0,0,0,0,1
10940,0,0,0,0,1
10941,0,0,0,0,1
10942,0,0,0,0,1
10943,0,0,0,0,1
10944,0,0,0,0,1
10945,0,0,0,0,1
10946,0,0,0,0,1
10947,0,0,0,0,1
10948,0,0,0,0,1
10949,0,0,0,0,1
10950,0,0,0,0,1
10951,0,0,0,0,1
10952,0,0,0,0,1
10953,0,0,0,0,1
10954,0,0,0,0,1
10955,0,0,0,0,1
10956,0,0,0,0,1
10957,0,0,0,0,1
10958,0,0,0,0,1
10959,0,0,0,0,1
10960,0,0,0,0,1
10961,0,0,0,0,1
10962,0,0,0,0,1
10963,0,0,0,0,1
10964,0,0,0,0,1
10965,0,0,0,0,1
10966,0,0,0,0,1
10967,0,0,0,0,1
10968,0,0,0,0,1
10969,0,0,0,0,1
10970,0,0,0,0,1
10971,0,0,0,0,1
10972,0,0,0,0,1
10973,0,0,0,0,1
10974,0,0,0,0,1
10975,0,0,0,0,1
10976,0,0,0,0,1
10977,0,0,0,0,1
10978,0,0,0,0,1
10979,0,0,0,0,1
10980,0,0,0,0,1
10981,0,0,0,0,1
10982,0,0,0,0,1
10983,0,0,0,0,1
10984,0,0,0,0,1
10985,0,0,0,0,1
10986,0,0,0,0,1
10987,0,0,0,0,1
10988,0,0,0,0,1
10989,0,0,0,0,1
10990,0,0,0,0,1
10991,0,0,0,0,1
10992,0,0,0,0,1
10993,0,0,0,0,1
10994,0,0,0,0,1
10995,0,0,0,0,1
10996,0,0,0,0,1
10997,0,0,0,0,1
10998,0,0,0,0,1
10999,0,0,0,0,1
11000,0,0,0,0,1
11001,0,0,0,0,1
11002,0,0,0,0,1
11003,0,0,0,0,1
11004,0,0,0,0,1
11005,0,0,0,0,1
11006,0,0,0,0,1
11007,0,0,0,0,1
11008,0,0,0,0,1
11009,0,0,0,0,1
11010,0,0,0,0,1
11011,0,0,0,0,1
11012,0,0,0,0,1
11013,0,0,0,0,1
11014,0,0,0,0,1
11015,0,0,0,0,1
11016,0,0,0,0,1
11017,0,0,0,0,1
11018,0,0,0,0,1
11019,0,0,0,0,1
11020,0,0,0,0,1
11021,0,0,0,0,1
11022,0,0,0,0,1
11023,0,0,0,0,1
11024,0,0,0,0,1
11025,0,0,0,0,1
11026,0,0,0,0,1
11027,0,0,0,0,1
11028,0,0,0,0,1
11029,0,0,0,0,1
11030,0,0,0,0,1
11031,0,0,0,0,1
11032,0,0,0,0,1
11033,0,0,0,0,1
11034,0,0,0,0,1
11035,0,0,0,0,1
11036,0,0,0,0,1
11037,0,0,0,0,1
11038,0,0,0,0,1
11039,0,0,0,0,1
11040,0,0,0,0,1
11041,0,0,0,0,1
11042,0,0,0,0,1
11043,0,0,0,0,1
11044,0,0,0,0,1
11045,0,0,0,0,1
11046,0,0,0,0,1
11047,0,0,0,0,1
11048,0,0,0,0,1
11049,0,0,0,0,1
11050,0,0,0,0,1
11051,0,0,0,0,1
11052,0,0,0,0,1
11053,0,0,0,0,1
11054,0,0,0,0,1
11055,0,0,0,0,1
11056,0,0,0,0,1
11057,0,0,0,0,1
11058,0,0,0,0,1
11059,0,0,0,0,1
11060,0,0,0,0,1
11061,0,0,0,0,1
11062,0,0,0,0,1
11063,0,0,0,0,1
11064,0,0,0,0,1
11065,0,0,0,0,1
11066,0,0,0,0,1
11067,0,0,0,0,1
11068,0,0,0,0,1
11069,0,0,0,0,1
11070,0,0,0,0,1
11071,0,0,0,0,1
11072,0,0,0,0,1
11073,0,0,0,0,1
11074,0,0,0,0,1
11075,0,0,0,0,1
11076,0,0,0,0,1
11077,0,0,0,0,1
11078,0,0,0,0,1
11079,0,0,0,0,1
11080,0,0,0,0,1
11081,0,0,0,0,1
11082,0,0,0,0,1
11083,0,0,0,0,1
11084,0,0,0,0,1
11085,0,0,0,0,1
11086,0,0,0,0,1
11087,0,0,0,0,1
11088,0,0,0,0,1
11089,0,0,0,0,1
11090,0,0,0,0,1
11091,0,0,0,0,1
11092,0,0,0,0,1
11093,0,0,0,0,1
11094,0,0,0,0,1
11095,0,0,0,0,1
11096,0,0,0,0,1
11097,0,0,0,0,1
11098,0,0,0,0,1
11099,0,0,0,0,1
11100,0,0,0,0,1
11101,0,0,0,0,1
11102,0,0,0,0,1
11103,0,0,0,0,1
11104,0,0,0,0,1
11105,0,0,0,0,1
11106,0,0,0,0,1
11107,0,0,0,0,1
11108,0,0,0,0,1
11109,0,0,0,0,1
11110,0,0,0,0,1
11111,0,0,0,0,1
11112,0,0,0,0,1
11113,0,0,0,0,1
11114,0,0,0,0,1
11115,0,0,0,0,1
11116,0,0,0,0,1
11117,0,0,0,0,1
11118,0,0,0,0,1
11119,0,0,0,0,1
11120,0,0,0,0,1
11121,0,0,0,0,1
11122,0,0,0,0,1
11123,0,0,0,0,1
11124,0,0,0,0,1
11125,0,0,0,0,1
11126,0,0,0,0,1
11127,0,0,0,0,1
11128,0,0,0,0,1
11129,0,0,0,0,1
11130,0,0,1,0,0
11131,0,0,1,0,0
11132,0,0,1,0,0
11133,0,0,1,0,0
11134,0,0,1,0,0
11135,0,0,1,0,0
11136,0,0,1,0,0
11137,0,0,1,0,0
11138,0,0,1,0,0
11139,0,0,1,0,0
11140,0,0,1,0,0
11141,0,0,1,0,0
11142,0,0,1,0,0
11143,0,0,1,0,0
11144,0,0,1,0,0
11145,0,0,1,0,0
11146,0,0,1,0,0
11147,0,0,1,0,0
11148,0,0,1,0,0
11149,0,0,1,0,0
11150,0,0,1,0,0
11151,0,0,1,0,0
11152,0,0,1,0,0
11153,0,0,1,0,0
11154,0,0,1,0,0
11155,0,0,1,0,0
11156,0,0,1,0,0
11157,0,0,1,0,0
11158,0,0,1,0,0
11159,0,0,1,0,0
11160,0,0,1,0,0
11161,0,0,1,0,0
11162,0,0,1,0,0
11163,0,0,1,0,0
11164,0,0,1,0,0
11165,0,0,1,0,0
11166,0,0,1,0,0
11167,0,0,1,0,0
11168,0,0,1,0,0
11169,0,0,1,0,0
11170,0,0,1,0,0
11171,0,0,1,0,0
11172,0,0,1,0,0
11173,0,0,1,0,0
11174,0,0,1,0,0
11175,0,0,1,0,0
11176,0,0,1,0,0
11177,0,0,1,0,0
11178,0,0,1,0,0
11179,0,0,1,0,0
11180,0,0,1,0,0
11181,0,0,1,0,0
11182,0,0,1,0,0
11183,0,0,1,0,0
11184,0,0,1,0,0
11185,0,0,1,0,0
11186,0,0,1,0,0
11187,0,0,1,0,0
11188,0,0,1,0,0
11189,0,0,1,0,0
11190,0,0,1,0,0
11191,0,0,1,0,0
11192,0,0,1,0,0
11193,0,0,1,0,0
11194,0,0,1,0,0
11195,0,0,1,0,0
11196,0,0,1,0,0
11197,0,0,1,0,0
11198,0,0,1,0,0
11199,0,0,1,0,0
11200,0,0,1,0,0
11201,0,0,1,0,0
11202,0,0,1,0,0
11203,0,0,1,0,0
11204,0,0,1,0,0
11205,0,0,1,0,0
11206,0,0,1,0,0
11207,0,0,1,0,0
11208,0,0,1,0,0
11209,0,0,1,0,0
11210,0,0,1,0,0
11211,0,0,1,0,0
11212,0,0,1,0,0
11213,0,0,1,0,0
11214,0,0,1,0,0
11215,0,0,1,0,0
11216,0,0,0,0,1
11217,0,0,0,0,1
11218,0,0,0,0,1
11219,0,0,0,0,1
11220,0,0,0,0,1
11221,0,0,0,0,1
11222,0,0,0,0,1
11223,0,0,0,0,1
11224,0,0,0,0,1
11225,0,0,0,0,1
11226,0,0,0,0,1
11227,0,0,0,0,1
11228,0,0,0,0,1
11229,0,0,0,0,1
11230,0,0,0,0,1
11231,0,0,0,0,1
11232,0,0,0,0,1
11233,0,0,0,0,1
11234,0,0,0,0,1
11235,0,0,0,0,1
11236,0,0,0,0,1
11237,0,0,0,0,1
11238,0,0,0,0,1
11239,0,0,0,0,1
11240,0,0,0,0,1
11241,0,0,0,0,1
11242,0,0,0,0,1
11243,0,0,0,0,1
11244,0,0,0,0,1
11245,0,0,0,0,1
11246,0,0,0,0,1
11247,0,0,0,0,1
11248,0,0,0,0,1
11249,0,0,0,0,1
11250,0,0,0,0,1
11251,0,0,0,0,1
11252,0,0,0,0,1
11253,0,0,0,0,1
11254,0,0,0,0,1
11255,0,0,0,0,1
11256,0,0,0,0,1
11257,0,0,0,0,1
11258,0,0,0,0,1
11259,0,0,0,0,1
11260,0,0,0,0,1
11261,0,0,0,0,1
11262,0,0,0,0,1
11263,0,0,0,0,1
11264,0,0,0,0,1
11265,0,0,0,0,1
11266,0,0,0,0,1
11267,0,0,0,0,1
11268,0,0,0,0,1
11269,0,0,0,0,1
11270,0,0,0,0,1
11271,0,0,0,0,1
11272,0,0,0,0,1
11273,0,0,0,0,1
11274,0,0,0,0,1
11275,0,0,0,0,1
11276,0,0,0,0,1
11277,0,0,0,0,1
11278,0,0,0,0,1
11279,0,0,0,0,1
11280,0,0,0,0,1
11281,0,0,0,0,1
11282,0,0,0,0,1
11283,0,0,0,0,1
11284,0,0,0,0,1
11285,0,0,0,0,1
11286,0,0,0,0,1
11287,0,0,0,0,1
11288,0,0,0,0,1
11289,0,0,0,0,1
11290,0,0,0,0,1
11291,0,0,0,0,1
11292,0,0,0,0,1
11293,0,0,0,0,1
11294,0,0,0,0,1
11295,0,0,0,0,1
11296,0,0,0,0,1
11297,0,0,0,0,1
11298,0,0,0,0,1
11299,0,0,0,0,1
11300,0,0,0,0,1
11301,0,0,0,0,1
11302,0,0,0,0,1
11303,0,0,0,0,1
11304,0,0,0,0,1
11305,0,0,0,0,1
11306,0,0,0,0,1
11307,0,0,0,0,1
11308,0,0,0,0,1
11309,0,0,0,0,1
11310,1,0,0,0,0
11311,1,0,0,0,0
11312,1,0,0,0,0
11313,1,0,0,0,0
11314,1,0,0,0,0
11315,1,0,0,0,0
11316,1,0,0,0,0
11317,1,0,0,0,0
11318,1,0,0,0,0
11319,1,0,0,0,0
11320,1,0,0,0,0
11321,1,0,0,0,0
11322,1,0,0,0,0
11323,1,0,0,0,0
11324,1,0,0,0,0
11325,1,0,0,0,0
11326,1,0,0,0,0
11327,1,0,0,0,0
11328,1,0,0,0,0
11329,1,0,0,0,0
11330,1,0,0,0,0
11331,1,0,0,0,0
11332,1,0,0,0,0
11333,1,0,0,0,0
11334,1,0,0,0,0
11335,1,0,0,0,0
11336,1,0,0,0,0
11337,1,0,0,0,0
11338,1,0,0,0,0
11339,1,0,0,0,0
11340,1,0,0,0,0
11341,1,0,0,0,0
11342,1,0,0,0,0
11343,1,0,0,0,0
11344,1,0,0,0,0
11345,1,0,0,0,0
11346,1,0,0,0,0
11347,1,0,0,0,0
11348,1,0,0,0,0
11349,1,0,0,0,0
11350,1,0,0,0,0
11351,1,0,0,0,0
11352,1,0,0,0,0
11353,1,0,0,0,0
11354,1,0,0,0,0
11355,1,0,0,0,0
11356,1,0,0,0,0
11357,1,0,0,0,0
11358,1,0,0,0,0
11359,1,0,0,0,0
11360,0,0,0,0,1
11361,0,0,0,0,1
11362,0,0,0,0,1
11363,0,0,0,0,1
11364,0,0,0,0,1
11365,0,0,0,0,1
11366,0,0,0,0,1
11367,0,0,0,0,1
11368,0,0,0,0,1
11369,0,0,0,0,1
11370,0,0,0,0,1
11371,0,0,0,0,1
11372,0,0,0,0,1
11373,0,0,0,0,1
11374,0,0,0,0,1
11375,0,0,0,0,1
11376,0,0,0,0,1
11377,0,0,0,0,1
11378,0,0,0,0,1
11379,0,0,0,0,1
11380,0,0,0,0,1
11381,0,0,0,0,1
11382,0,0,0,0,1
11383,0,0,0,0,1
11384,0,0,0,0,1
11385,0,0,0,0,1
11386,0,0,0,0,1
11387,0,0,0,0,1
11388,0,0,0,0,1
11389,0,0,0,0,1
11390,0,0,0,0,1
11391,0,0,0,0,1
11392,0,0,0,0,1
11393,0,0,0,0,1
11394,0,0,0,0,1
11395,0,0,0,0,1
11396,0,0,0,0,1
11397,0,0,0,0,1
11398,0,0,0,0,1
11399,0,0,0,0,1
11400,0,0,0,0,1
11401,1,0,0,0,0
11402,1,0,0,0,0
11403,1,0,0,0,0
11404,1,0,0,0,0
11405,1,0,0,0,0
11406,1,0,0,0,0
11407,1,0,0,0,0
11408,1,0,0,0,0
11409,1,0,0,0,0
11410,1,0,0,0,0
11411,1,0,0,0,0
11412,1,0,0,0,0
11413,1,0,0,0,0
11414,1,0,0,0,0
11415,1,0,0,0,0
11416,1,0,0,0,0
11417,1,0,0,0,0
11418,1,0,0,0,0
11419,1,0,0,0,0
11420,1,0,0,0,0
11421,1,0,0,0,0
11422,1,0,0,0,0
11423,1,0,0,0,0
11424,1,0,0,0,0
11425,1,0,0,0,0
11426,1,0,0,0,0
11427,0,0,0,0,1
11428,0,0,0,0,1
11429,0,0,0,0,1
11430,0,0,0,0,1
11431,0,0,0,0,1
11432,0,0,0,0,1
11433,0,0,0,0,1
11434,0,0,0,0,1
11435,0,0,0,0,1
11436,0,0,0,0,1
11437,0,0,0,0,1
11438,0,0,0,0,1
11439,0,0,0,0,1
11440,0,0,0,0,1
11441,0,0,0,0,1
11442,0,0,0,0,1
11443,0,0,0,0,1
11444,0,0,0,0,1
11445,1,0,0,0,0
11446,1,0,0,0,0
11447,1,0,0,0,0
11448,1,0,0,0,0
11449,1,0,0,0,0
11450,1,0,0,0,0
11451,1,0,0,0,0
11452,1,0,0,0,0
11453,1,0,0,0,0
11454,1,0,0,0,0
11455,1,0,0,0,0
11456,1,0,0,0,0
11457,1,0,0,0,0
11458,1,0,0,0,0
11459,1,0,0,0,0
11460,1,0,0,0,0
11461,1,0,0,0,0
11462,1,0,0,0,0
11463,1,0,0,0,0
11464,1,0,0,0,0
11465,1,0,0,0,0
11466,1,0,0,0,0
11467,1,0,0,0,0
11468,1,0,0,0,0
11469,0,0,0,0,1
11470,0,0,0,0,1
11471,0,0,0,0,1
11472,0,0,0,0,1
11473,0,0,0,0,1
11474,0,0,0,0,1
11475,0,0,0,0,1
11476,0,0,0,0,1
11477,0,0,0,0,1
11478,0,0,0,0,1
11479,0,0,0,0,1
11480,0,0,0,0,1
11481,0,0,0,0,1
11482,0,0,0,0,1
11483,0,0,0,0,1
11484,0,0,0,0,1
11485,0,0,0,0,1
11486,0,0,0,0,1
11487,0,0,0,0,1
11488,0,0,0,0,1
11489,1,0,0,0,0
11490,1,0,0,0,0
11491,1,0,0,0,0
11492,1,0,0,0,0
11493,1,0,0,0,0
11494,1,0,0,0,0
11495,1,0,0,0,0
11496,1,0,0,0,0
11497,1,0,0,0,0
11498,1,0,0,0,0
11499,1,0,0,0,0
11500,1,0,0,0,0
11501,1,0,0,0,0
11502,0,0,0,0,1
11503,0,0,0,0,1
11504,0,0,0,0,1
11505,0,0,0,0,1
11506,0,0,0,0,1
11507,0,0,0,0,1
11508,0,0,0,0,1
11509,0,0,0,0,1
11510,0,0,0,0,1
11511,0,0,0,0,1
11512,0,0,0,0,1
11513,0,0,0,0,1
11514,0,0,0,0,1
11515,0,0,0,0,1
11516,0,0,0,0,1
11517,0,0,0,0,1
11518,0,0,0,0,1
11519,0,0,0,0,1
11520,0,0,0,0,1
11521,0,0,0,0,1
11522,1,0,0,0,0
11523,1,0,0,0,0
11524,1,0,0,0,0
11525,1,0,0,0,0
11526,1,0,0,0,0
11527,1,0,0,0,0
11528,1,0,0,0,0
11529,1,0,0,0,0
11530,1,0,0,0,0
11531,1,0,0,0,0
11532,1,0,0,0,0
11533,1,0,0,0,0
11534,1,0,0,0,0
11535,1,0,0,0,0
11536,1,0,0,0,0
11537,1,0,0,0,0
11538,1,0,0,0,0
11539,1,0,0,0,0
11540,1,0,0,0,0
11541,1,0,0,0,0
11542,1,0,0,0,0
11543,1,0,0,0,0
11544,1,0,0,0,0
11545,1,0,0,0,0
11546,1,0,0,0,0
11547,1,0,0,0,0
11548,1,0,0,0,0
11549,1,0,0,0,0
11550,1,0,0,0,0
11551,1,0,0,0,0
11552,1,0,0,0,0
11553,1,0,0,0,0
11554,1,0,0,0,0
11555,1,0,0,0,0
11556,1,0,0,0,0
11557,1,0,0,0,0
11558,1,0,0,0,0
11559,1,0,0,0,0
11560,1,0,0,0,0
11561,1,0,0,0,0
11562,1,0,0,0,0
11563,1,0,0,0,0
11564,1,0,0,0,0
11565,1,0,0,0,0
11566,1,0,0,0,0
11567,1,0,0,0,0
11568,1,0,0,0,0
11569,1,0,0,0,0
11570,1,0,0,0,0
11571,1,0,0,0,0
11572,1,0,0,0,0
11573,0,0,0,0,1
11574,0,0,0,0,1
11575,0,0,0,0,1
11576,0,0,0,0,1
11577,0,0,0,0,1
11578,0,0,0,0,1
11579,0,0,0,0,1
11580,0,0,0,0,1
11581,0,0,1,0,0
11582,0,0,1,0,0
11583,0,0,1,0,0
11584,0,0,1,0,0
11585,0,0,1,0,0
11586,0,0,1,0,0
11587,0,0,1,0,0
11588,0,0,1,0,0
11589,0,0,1,0,0
11590,0,0,1,0,0
11591,0,0,1,0,0
11592,0,0,1,0,0
11593,0,0,1,0,0
11594,0,0,1,0,0
11595,0,0,1,0,0
11596,0,0,1,0,0
11597,0,0,1,0,0
11598,0,0,1,0,0
11599,0,0,1,0,0
11600,0,0,1,0,0
11601,0,0,1,0,0
11602,0,0,1,0,0
11603,0,0,1,0,0
11604,0,0,1,0,0
11605,0,0,1,0,0
11606,0,0,1,0,0
11607,0,0,1,0,0
11608,0,0,1,0,0
11609,0,0,1,0,0
11610,0,0,1,0,0
11611,0,0,1,0,0
11612,0,0,1,0,0
11613,0,0,1,0,0
11614,0,0,1,0,0
11615,0,0,1,0,0
11616,0,0,1,0,0
11617,0,0,1,0,0
11618,0,0,1,0,0
11619,0,0,0,0,1
11620,0,0,0,0,1
11621,0,0,0,0,1
11622,1,0,0,0,0
11623,1,0,0,0,0
11624,1,0,0,0,0
11625,1,0,0,0,0
11626,1,0,0,0,0
11627,1,0,0,0,0
11628,1,0,0,0,0
11629,1,0,0,0,0
11630,1,0,0,0,0
11631,1,0,0,0,0
11632,1,0,0,0,0
11633,1,0,0,0,0
11634,1,0,0,0,0
11635,1,0,0,0,0
11636,1,0,0,0,0
11637,1,0,0,0,0
11638,1,0,0,0,0
11639,1,0,0,0,0
11640,1,0,0,0,0
11641,1,0,0,0,0
11642,1,0,0,0,0
11643,1,0,0,0,0
11644,1,0,0,0,0
11645,1,0,0,0,0
11646,1,0,0,0,0
11647,1,0,0,0,0
11648,1,0,0,0,0
11649,1,0,0,0,0
11650,1,0,0,0,0
11651,1,0,0,0,0
11652,1,0,0,0,0
11653,1,0,0,0,0
11654,1,0,0,0,0
11655,1,0,0,0,0
11656,1,0,0,0,0
11657,1,0,0,0,0
11658,1,0,0,0,0
11659,1,0,0,0,0
11660,1,0,0,0,0
11661,1,0,0,0,0
11662,1,0,0,0,0
11663,1,0,0,0,0
11664,1,0,0,0,0
11665,1,0,0,0,0
11666,1,0,0,0,0
11667,1,0,0,0,0
11668,1,0,0,0,0
11669,1,0,0,0,0
11670,1,0,0,0,0
11671,1,0,0,0,0
11672,1,0,0,0,0
11673,1,0,0,0,0
11674,1,0,0,0,0
11675,1,0,0,0,0
11676,1,0,0,0,0
11677,1,0,0,0,0
11678,1,0,0,0,0
11679,1,0,0,0,0
11680,1,0,0,0,0
11681,1,0,0,0,0
11682,1,0,0,0,0
11683,1,0,0,0,0
11684,1,0,0,0,0
11685,1,0,0,0,0
11686,1,0,0,0,0
11687,1,0,0,0,0
11688,1,0,0,0,0
11689,1,0,0,0,0
11690,1,0,0,0,0
11691,1,0,0,0,0
11692,1,0,0,0,0
11693,1,0,0,0,0
11694,1,0,0,0,0
11695,1,0,0,0,0
11696,1,0,0,0,0
11697,1,0,0,0,0
11698,1,0,0,0,0
11699,1,0,0,0,0
11700,1,0,0,0,0
11701,1,0,0,0,0
11702,1,0,0,0,0
11703,1,0,0,0,0
11704,1,0,0,0,0
11705,1,0,0,0,0
11706,1,0,0,0,0
11707,1,0,0,0,0
11708,1,0,0,0,0
11709,1,0,0,0,0
11710,1,0,0,0,0
11711,1,0,0,0,0
11712,1,0,0,0,0
11713,1,0,0,0,0
11714,1,0,0,0,0
11715,1,0,0,0,0
11716,1,0,0,0,0
11717,1,0,0,0,0
11718,1,0,0,0,0
11719,1,0,0,0,0
11720,1,0,0,0,0
11721,1,0,0,0,0
11722,1,0,0,0,0
11723,1,0,0,0,0
11724,1,0,0,0,0
11725,1,0,0,0,0
11726,1,0,0,0,0
11727,1,0,0,0,0
11728,1,0,0,0,0
11729,1,0,0,0,0
11730,1,0,0,0,0
11731,1,0,0,0,0
11732,1,0,0,0,0
11733,1,0,0,0,0
11734,1,0,0,0,0
11735,1,0,0,0,0
11736,1,0,0,0,0
11737,1,0,0,0,0
11738,1,0,0,0,0
11739,1,0,0,0,0
11740,1,0,0,0,0
11741,1,0,0,0,0
11742,1,0,0,0,0
11743,1,0,0,0,0
11744,1,0,0,0,0
11745,1,0,0,0,0
11746,1,0,0,0,0
11747,1,0,0,0,0
11748,1,0,0,0,0
11749,1,0,0,0,0
11750,1,0,0,0,0
11751,1,0,0,0,0
11752,1,0,0,0,0
11753,1,0,0,0,0
11754,1,0,0,0,0
11755,1,0,0,0,0
11756,1,0,0,0,0
11757,1,0,0,0,0
11758,1,0,0,0,0
11759,1,0,0,0,0
11760,1,0,0,0,0
11761,1,0,0,0,0
11762,1,0,0,0,0
11763,1,0,0,0,0
11764,1,0,0,0,0
11765,1,0,0,0,0
11766,1,0,0,0,0
11767,1,0,0,0,0
11768,1,0,0,0,0
11769,1,0,0,0,0
11770,1,0,0,0,0
11771,1,0,0,0,0
11772,1,0,0,0,0
11773,1,0,0,0,0
11774,1,0,0,0,0
11775,1,0,0,0,0
11776,1,0,0,0,0
11777,1,0,0,0,0
11778,1,0,0,0,0
11779,1,0,0,0,0
11780,1,0,0,0,0
11781,1,0,0,0,0
11782,1,0,0,0,0
11783,0,0,0,0,1
11784,0,0,0,0,1
11785,0,0,0,0,1
11786,0,0,0,0,1
11787,0,0,0,0,1
11788,0,0,0,0,1
11789,0,0,0,0,1
11790,0,0,0,0,1
11791,0,0,0,0,1
11792,0,0,0,0,1
11793,0,0,0,0,1
11794,0,0,0,0,1
11795,0,0,0,0,1
11796,0,0,0,0,1
11797,0,0,0,0,1
11798,0,0,0,0,1
11799,0,0,0,0,1
11800,0,0,0,0,1
11801,0,0,0,0,1
11802,0,0,0,0,1
11803,0,0,0,0,1
11804,0,0,0,0,1
11805,0,0,0,0,1
11806,0,0,0,0,1
11807,0,0,0,0,1
11808,0,0,0,0,1
11809,0,0,0,0,1
11810,0,0,0,0,1
11811,0,0,0,0,1
11812,0,0,0,0,1
11813,0,0,0,0,1
11814,0,0,0,0,1
11815,1,0,0,0,0
11816,1,0,0,0,0
11817,1,0,0,0,0
11818,1,0,0,0,0
11819,1,0,0,0,0
11820,1,0,0,0,0
11821,1,0,0,0,0
11822,1,0,0,0,0
11823,1,0,0,0,0
11824,1,0,0,0,0
11825,1,0,0,0,0
11826,1,0,0,0,0
11827,1,0,0,0,0
11828,1,0,0,0,0
11829,1,0,0,0,0
11830,0,0,0,0,1
11831,0,0,0,0,1
11832,0,0,0,0,1
11833,0,0,0,0,1
11834,0,0,0,0,1
11835,0,0,0,0,1
11836,0,0,0,0,1
11837,1,0,0,0,0
11838,1,0,0,0,0
11839,1,0,0,0,0
11840,1,0,0,0,0
11841,1,0,0,0,0
11842,1,0,0,0,0
11843,1,0,0,0,0
11844,1,0,0,0,0
11845,1,0,0,0,0
11846,1,0,0,0,0
11847,1,0,0,0,0
11848,1,0,0,0,0
11849,1,0,0,0,0
11850,1,0,0,0,0
11851,1,0,0,0,0
11852,1,0,0,0,0
11853,1,0,0,0,0
11854,1,0,0,0,0
11855,1,0,0,0,0
11856,1,0,0,0,0
11857,1,0,0,0,0
11858,1,0,0,0,0
11859,1,0,0,0,0
11860,1,0,0,0,0
11861,1,0,0,0,0
11862,1,0,0,0,0
11863,1,0,0,0,0
11864,1,0,0,0,0
11865,1,0,0,0,0
11866,1,0,0,0,0
11867,1,0,0,0,0
11868,1,0,0,0,0
11869,1,0,0,0,0
11870,1,0,0,0,0
11871,0,0,0,0,1
11872,0,0,0,0,1
11873,0,0,0,0,1
11874,0,0,0,0,1
11875,0,0,0,0,1
11876,0,0,0,0,1
11877,0,0,0,0,1
11878,0,0,0,0,1
11879,0,0,0,0,1
11880,0,0,0,0,1
11881,0,0,0,0,1
11882,0,0,0,0,1
11883,0,0,0,0,1
11884,0,0,0,0,1
11885,0,0,0,0,1
11886,0,0,0,0,1
11887,0,0,0,0,1
11888,0,0,0,0,1
11889,0,0,0,0,1
11890,0,0,0,0,1
11891,0,0,0,0,1
11892,0,0,0,0,1
11893,0,0,0,0,1
11894,0,0,0,0,1
11895,0,0,0,0,1
11896,0,0,0,0,1
11897,0,0,0,0,1
11898,0,0,0,0,1
11899,0,0,0,0,1
11900,0,0,0,0,1
11901,0,0,0,0,1
11902,0,0,0,0,1
11903,0,0,0,0,1
11904,0,0,0,0,1
11905,0,0,0,0,1
11906,0,0,0,0,1
11907,0,0,0,0,1
11908,0,0,0,0,1
11909,0,0,0,0,1
11910,0,0,0,0,1
11911,0,0,0,0,1
11912,0,0,0,0,1
11913,0,0,0,0,1
11914,0,0,0,0,1
11915,0,0,0,0,1
11916,0,0,0,0,1
11917,0,0,0,0,1
11918,0,0,0,0,1
11919,0,0,0,0,1
11920,0,0,0,0,1
11921,0,0,0,0,1
11922,0,0,0,0,1
11923,0,0,0,0,1
11924,0,0,0,0,1
11925,0,0,0,0,1
11926,0,0,0,0,1
11927,0,0,0,0,1
11928,0,0,0,0,1
11929,0,0,0,0,1
11930,0,0,0,0,1
11931,0,0,0,0,1
11932,0,0,0,0,1
11933,0,0,0,0,1
11934,0,0,0,0,1
11935,0,0,0,0,1
11936,0,0,0,0,1
11937,0,0,0,0,1
11938,0,0,0,0,1
11939,0,0,0,0,1
11940,0,0,0,0,1
11941,0,0,0,0,1
11942,0,0,0,0,1
11943,0,0,0,0,1
11944,0,0,0,0,1
11945,0,0,0,0,1
11946,0,0,0,0,1
11947,0,0,0,0,1
11948,0,0,0,0,1
11949,0,0,0,0,1
11950,0,0,0,0,1
11951,0,0,0,0,1
11952,0,0,0,0,1
11953,0,0,0,0,1
11954,0,0,0,0,1
11955,0,0,0,0,1
11956,0,0,0,0,1
11957,0,0,0,0,1
11958,0,0,0,0,1
11959,0,0,0,0,1
11960,0,0,0,0,1
11961,0,0,0,0,1
11962,0,0,0,0,1
11963,0,0,0,0,1
11964,0,0,0,0,1
11965,0,0,0,0,1
11966,0,0,0,0,1
11967,0,0,0,0,1
11968,0,0,0,0,1
11969,0,0,0,0,1
11970,0,0,0,0,1
11971,0,0,0,0,1
11972,0,0,0,0,1
11973,0,0,0,0,1
11974,0,0,0,0,1
11975,0,0,0,0,1
11976,0,0,0,0,1
11977,0,0,0,0,1
11978,0,0,0,0,1
11979,0,0,0,0,1
11980,0,0,0,0,1
11981,0,0,0,0,1
11982,0,0,0,0,1
11983,0,0,0,0,1
11984,0,0,0,0,1
11985,0,0,0,0,1
11986,0,0,0,0,1
11987,0,0,0,0,1
11988,0,0,0,0,1
11989,0,0,0,0,1
11990,0,0,0,0,1
11991,0,0,0,0,1
11992,0,0,0,0,1
11993,0,0,0,0,1
11994,0,0,0,0,1
11995,0,0,0,0,1
11996,1,0,0,0,0
11997,1,0,0,0,0
11998,1,0,0,0,0
11999,1,0,0,0,0
12000,1,0,0,0,0
12001,1,0,0,0,0
12002,1,0,0,0,0
12003,1,0,0,0,0
12004,1,0,0,0,0
12005,1,0,0,0,0
12006,1,0,0,0,0
12007,1,0,0,0,0
12008,1,0,0,0,0
12009,1,0,0,0,0
12010,1,0,0,0,0
12011,1,0,0,0,0
12012,1,0,0,0,0
12013,1,0,0,0,0
12014,0,0,0,0,1
12015,0,0,0,0,1
12016,0,0,0,0,1
12017,0,0,0,0,1
12018,0,0,0,0,1
12019,0,0,0,0,1
12020,0,0,0,0,1
12021,0,0,0,0,1
12022,0,0,0,0,1
12023,0,0,0,0,1
12024,0,0,0,0,1
12025,0,0,0,0,1
12026,0,0,0,0,1
12027,0,0,0,0,1
12028,0,0,0,0,1
12029,0,0,0,0,1
12030,0,0,0,0,1
12031,0,0,0,0,1
12032,0,0,0,0,1
12033,0,0,0,0,1
12034,0,0,0,0,1
12035,0,0,0,0,1
12036,0,0,0,0,1
12037,0,0,0,0,1
12038,0,0,0,0,1
12039,0,0,0,0,1
12040,0,0,0,0,1
12041,0,0,0,0,1
12042,0,0,0,0,1
12043,0,0,0,0,1
12044,0,0,0,0,1
12045,0,0,0,0,1
12046,0,0,0,0,1
12047,0,0,0,0,1
12048,0,0,0,0,1
12049,0,0,0,0,1
12050,0,0,0,0,1
12051,0,0,0,0,1
12052,0,0,0,0,1
12053,0,0,0,0,1
12054,0,0,0,0,1
12055,0,0,0,0,1
12056,0,0,0,0,1
12057,0,0,0,0,1
12058,0,0,0,0,1
12059,0,0,0,0,1
12060,0,0,0,0,1
12061,0,0,0,0,1
12062,0,0,0,0,1
12063,0,0,0,0,1
12064,0,0,0,0,1
12065,0,0,0,0,1
12066,0,0,0,0,1
12067,0,0,0,0,1
12068,0,0,0,0,1
12069,0,0,0,0,1
12070,0,0,0,0,1
12071,0,0,0,0,1
12072,0,0,0,0,1
12073,0,0,0,0,1
12074,0,0,0,0,1
12075,0,0,0,0,1
12076,0,0,0,0,1
12077,0,0,0,0,1
12078,0,0,0,0,1
12079,0,0,0,0,1
12080,0,0,0,0,1
12081,0,0,0,0,1
12082,0,0,0,0,1
12083,0,0,0,0,1
12084,0,0,0,0,1
12085,0,0,0,0,1
12086,0,0,0,0,1
12087,0,0,0,0,1
12088,0,0,0,0,1
12089,0,0,0,0,1
12090,0,0,0,0,1
12091,0,0,0,0,1
12092,0,0,0,0,1
12093,0,0,0,0,1
12094,0,0,0,0,1
12095,0,0,0,0,1
12096,0,0,0,0,1
12097,0,0,0,0,1
12098,0,0,0,0,1
12099,0,0,0,0,1
12100,0,0,0,0,1
12101,0,0,0,0,1
12102,0,0,0,0,1
12103,0,0,0,0,1
12104,0,0,0,0,1
12105,0,0,0,0,1
12106,0,0,0,0,1
12107,0,0,0,0,1
12108,0,0,0,0,1
12109,0,0,0,0,1
12110,0,0,0,0,1
12111,0,0,0,0,1
12112,0,0,0,0,1
12113,0,0,0,0,1
12114,0,0,0,0,1
12115,0,0,0,0,1
12116,0,0,0,0,1
12117,0,0,0,0,1
12118,0,0,0,0,1
12119,0,0,0,0,1
12120,0,0,0,0,1
12121,0,0,0,0,1
12122,0,0,0,0,1
12123,0,0,0,0,1
12124,0,0,0,0,1
12125,0,0,0,0,1
12126,0,0,0,0,1
12127,0,0,0,0,1
12128,0,0,0,0,1
12129,0,0,0,0,1
12130,0,0,0,0,1
12131,0,0,0,0,1
12132,0,0,0,0,1
12133,0,0,0,0,1
12134,0,0,0,0,1
12135,0,0,0,0,1
12136,0,0,0,0,1
12137,0,0,0,0,1
12138,0,0,0,0,1
12139,0,0,0,0,1
12140,0,0,0,0,1
12141,0,0,0,0,1
12142,0,0,0,0,1
12143,0,0,0,0,1
12144,0,0,0,0,1
12145,0,0,0,0,1
12146,0,0,0,0,1
12147,0,0,0,0,1
12148,0,0,0,0,1
12149,0,0,0,0,1
12150,0,0,0,0,1
12151,0,0,0,0,1
12152,0,0,0,0,1
12153,0,0,0,0,1
12154,0,0,0,0,1
12155,0,0,0,0,1
12156,0,0,0,0,1
12157,0,0,0,0,1
12158,0,0,0,0,1
12159,0,0,0,0,1
12160,0,0,0,0,1
12161,0,0,0,0,1
12162,0,0,0,0,1
12163,0,0,0,0,1
12164,0,0,0,0,1
12165,0,0,0,0,1
12166,0,0,0,0,1
12167,0,0,0,0,1
12168,0,0,0,0,1
12169,0,0,0,0,1
12170,0,0,0,0,1
12171,0,0,0,0,1
12172,0,0,0,0,1
12173,0,0,0,0,1
12174,0,0,0,0,1
12175,0,0,0,0,1
12176,0,0,0,0,1
12177,0,0,0,0,1
12178,0,0,0,0,1
12179,0,0,0,0,1
12180,0,0,0,0,1
12181,0,0,0,0,1
12182,0,0,0,0,1
12183,0,0,0,0,1
12184,0,0,0,0,1
12185,0,0,0,0,1
12186,0,0,0,0,1
12187,0,0,0,0,1
12188,0,0,0,0,1
12189,0,0,0,0,1
12190,0,0,0,0,1
12191,0,0,0,0,1
12192,0,0,0,0,1
12193,0,0,0,0,1
12194,0,0,0,0,1
12195,0,0,0,0,1
12196,0,0,0,0,1
12197,0,0,0,0,1
12198,0,0,0,0,1
12199,0,0,0,0,1
12200,0,0,0,0,1
12201,0,0,0,0,1
12202,0,0,0,0,1
12203,0,0,0,0,1
12204,0,0,0,0,1
12205,0,0,0,0,1
12206,0,0,0,0,1
12207,0,0,0,0,1
12208,0,0,0,0,1
12209,0,0,0,0,1
12210,0,0,0,0,1
12211,0,0,0,0,1
12212,0,0,0,0,1
12213,0,0,0,0,1
12214,0,0,0,0,1
12215,0,0,0,0,1
12216,0,0,0,0,1
12217,0,0,0,0,1
12218,0,0,0,0,1
12219,0,0,0,0,1
12220,0,0,0,0,1
12221,0,0,0,0,1
12222,0,0,0,0,1
12223,0,0,0,0,1
12224,0,0,0,0,1
12225,0,0,0,0,1
12226,0,0,0,0,1
12227,0,0,0,0,1
12228,0,0,0,0,1
12229,0,0,0,0,1
12230,0,0,0,0,1
12231,0,0,0,0,1
12232,0,0,0,0,1
12233,0,0,0,0,1
12234,0,0,0,0,1
12235,0,0,0,0,1
12236,0,0,0,0,1
12237,0,0,0,0,1
12238,0,0,0,0,1
12239,0,0,0,0,1
12240,0,0,0,0,1
12241,0,0,0,0,1
12242,0,0,0,0,1
12243,0,0,0,0,1
12244,0,0,0,0,1
12245,0,0,0,0,1
12246,0,0,0,0,1
12247,0,0,0,0,1
12248,0,0,0,0,1
12249,0,0,0,0,1
12250,0,0,0,0,1
12251,0,0,0,0,1
12252,0,0,0,0,1
12253,0,0,0,0,1
12254,0,0,0,0,1
12255,0,0,0,0,1
12256,0,0,0,0,1
12257,0,0,0,0,1
12258,0,0,0,0,1
12259,0,0,0,0,1
12260,0,0,0,0,1
12261,0,0,0,0,1
12262,0,0,0,0,1
12263,0,0,0,0,1
12264,0,0,0,0,1
12265,0,0,0,0,1
12266,0,0,0,0,1
12267,0,0,0,0,1
12268,0,0,0,0,1
12269,0,0,0,0,1
12270,0,0,0,0,1
12271,0,0,0,0,1
12272,0,0,0,0,1
12273,0,0,0,0,1
12274,0,0,0,0,1
12275,0,0,0,0,1
12276,0,0,0,0,1
12277,0,0,0,0,1
12278,0,0,0,0,1
12279,0,0,0,0,1
12280,0,0,0,0,1
12281,1,0,0,0,0
12282,1,0,0,0,0
12283,1,0,0,0,0
12284,1,0,0,0,0
12285,1,0,0,0,0
12286,1,0,0,0,0
12287,1,0,0,0,0
12288,1,0,0,0,0
12289,1,0,0,0,0
12290,1,0,0,0,0
12291,1,0,0,0,0
12292,1,0,0,0,0
12293,1,0,0,0,0
12294,1,0,0,0,0
12295,1,0,0,0,0
12296,1,0,0,0,0
12297,1,0,0,0,0
12298,1,0,0,0,0
12299,1,0,0,0,0
12300,1,0,0,0,0
12301,1,0,0,0,0
12302,1,0,0,0,0
12303,1,0,0,0,0
12304,1,0,0,0,0
12305,1,0,0,0,0
12306,1,0,0,0,0
12307,1,0,0,0,0
12308,1,0,0,0,0
12309,1,0,0,0,0
12310,1,0,0,0,0
12311,1,0,0,0,0
12312,0,0,1,0,0
12313,0,0,1,0,0
12314,0,0,1,0,0
12315,0,0,1,0,0
12316,0,0,1,0,0
12317,0,0,1,0,0
12318,0,0,1,0,0
12319,0,0,1,0,0
12320,0,0,1,0,0
12321,0,0,1,0,0
12322,0,0,1,0,0
12323,0,0,1,0,0
12324,0,0,1,0,0
12325,0,0,1,0,0
12326,0,0,1,0,0
12327,0,0,1,0,0
12328,0,0,1,0,0
12329,0,0,1,0,0
12330,0,0,1,0,0
12331,0,0,1,0,0
12332,0,0,1,0,0
12333,0,0,1,0,0
12334,0,0,1,0,0
12335,0,0,1,0,0
12336,0,0,1,0,0
12337,0,0,1,0,0
12338,0,0,1,0,0
12339,0,0,1,0,0
12340,0,0,1,0,0
12341,0,0,1,0,0
12342,0,0,1,0,0
12343,0,0,1,0,0
12344,0,0,1,0,0
12345,0,0,1,0,0
12346,0,0,1,0,0
12347,0,0,1,0,0
12348,0,0,1,0,0
12349,0,0,1,0,0
12350,0,0,1,0,0
12351,0,0,1,0,0
12352,0,0,1,0,0
12353,0,0,1,0,0
12354,0,0,1,0,0
12355,0,0,1,0,0
12356,0,0,1,0,0
12357,0,0,1,0,0
12358,0,0,0,0,1
12359,0,0,0,0,1
12360,0,0,0,0,1
12361,0,0,0,0,1
12362,0,0,0,0,1
12363,0,0,0,0,1
12364,0,0,0,0,1
12365,0,0,0,0,1
12366,0,0,0,0,1
12367,0,0,0,0,1
12368,0,0,0,0,1
12369,0,0,0,0,1
12370,0,0,0,0,1
12371,0,0,0,0,1
12372,0,0,0,0,1
12373,0,0,0,0,1
12374,0,0,0,0,1
12375,0,0,0,0,1
12376,0,0,0,0,1
12377,0,0,0,0,1
12378,0,0,0,0,1
12379,0,0,0,0,1
12380,0,0,0,0,1
12381,0,0,0,0,1
12382,0,0,0,0,1
12383,0,0,0,0,1
12384,0,0,0,0,1
12385,0,0,0,0,1
12386,0,0,0,0,1
12387,0,0,0,0,1
12388,0,0,0,0,1
12389,0,0,0,0,1
12390,0,0,0,0,1
12391,0,0,0,0,1
12392,0,0,0,0,1
12393,0,0,0,0,1
12394,0,0,0,0,1
12395,0,0,0,0,1
12396,0,0,0,0,1
12397,0,0,0,0,1
12398,0,0,0,0,1
12399,0,0,0,0,1
12400,0,0,0,0,1
12401,0,0,0,0,1
12402,0,0,0,0,1
12403,0,0,0,0,1
12404,0,0,0,0,1
12405,0,0,0,0,1
12406,0,0,0,0,1
12407,0,0,0,0,1
12408,0,0,0,0,1
12409,0,0,0,0,1
12410,0,0,0,0,1
12411,0,0,0,0,1
12412,0,0,0,0,1
12413,0,0,0,0,1
12414,0,0,0,0,1
12415,0,0,0,0,1
12416,0,0,0,0,1
12417,0,0,0,0,1
12418,0,0,0,0,1
12419,0,0,0,0,1
12420,0,0,0,0,1
12421,0,0,0,0,1
12422,0,0,0,0,1
12423,0,0,0,0,1
12424,0,0,0,0,1
12425,0,0,0,0,1
12426,0,0,0,0,1
12427,0,0,0,0,1
12428,0,0,0,0,1
12429,0,0,0,0,1
12430,0,0,0,0,1
12431,0,0,0,0,1
12432,0,0,0,0,1
12433,0,0,0,0,1
12434,0,0,0,0,1
12435,0,0,0,0,1
12436,0,0,0,0,1
12437,0,0,0,0,1
12438,0,0,0,0,1
12439,0,0,0,0,1
12440,0,0,0,0,1
12441,0,0,0,0,1
12442,0,0,0,0,1
12443,0,0,0,0,1
12444,0,0,0,0,1
12445,0,0,0,0,1
12446,0,1,0,0,0
12447,0,1,0,0,0
12448,0,1,0,0,0
12449,0,1,0,0,0
12450,0,1,0,0,0
12451,0,1,0,0,0
12452,0,1,0,0,0
12453,0,1,0,0,0
12454,0,1,0,0,0
12455,0,1,0,0,0
12456,0,1,0,0,0
12457,0,1,0,0,0
12458,0,1,0,0,0
12459,0,1,0,0,0
12460,0,1,0,0,0
12461,0,1,0,0,0
12462,0,1,0,0,0
12463,0,1,0,0,0
12464,0,1,0,0,0
12465,0,1,0,0,0
12466,0,1,0,0,0
12467,0,1,0,0,0
12468,0,1,0,0,0
12469,0,1,0,0,0
12470,0,1,0,0,0
12471,0,1,0,0,0
12472,0,1,0,0,0
12473,0,1,0,0,0
12474,0,1,0,0,0
12475,0,1,0,0,0
12476,0,1,0,0,0
12477,0,1,0,0,0
12478,0,1,0,0,0
12479,0,0,0,0,1
12480,0,0,0,0,1
12481,0,0,0,0,1
12482,0,0,0,0,1
12483,0,0,0,0,1
12484,0,0,0,0,1
12485,0,0,0,0,1
12486,0,0,0,0,1
12487,0,0,0,0,1
12488,0,0,0,0,1
12489,0,0,0,0,1
12490,0,0,0,0,1
12491,0,0,0,0,1
12492,0,0,0,0,1
12493,0,0,0,0,1
12494,0,0,0,0,1
12495,0,0,0,0,1
12496,0,0,0,0,1
12497,0,0,0,0,1
12498,0,0,0,0,1
12499,0,0,0,0,1
12500,0,0,0,0,1
12501,0,0,0,0,1
12502,0,0,0,0,1
12503,0,0,0,0,1
12504,0,0,0,0,1
12505,0,0,0,0,1
12506,0,0,0,0,1
12507,0,0,0,0,1
12508,0,0,0,0,1
12509,0,0,0,0,1
12510,0,0,0,0,1
12511,0,0,0,0,1
12512,0,0,0,0,1
12513,0,0,0,0,1
12514,0,0,0,0,1
12515,0,0,0,0,1
12516,0,0,0,0,1
12517,0,0,0,0,1
12518,0,0,0,0,1
12519,0,0,0,0,1
12520,0,0,0,0,1
12521,0,0,0,0,1
12522,0,0,0,0,1
12523,0,0,0,0,1
12524,0,0,0,0,1
12525,0,0,0,0,1
12526,0,0,0,0,1
12527,0,0,0,0,1
12528,0,0,0,0,1
12529,0,0,0,0,1
12530,0,0,0,0,1
12531,0,0,0,0,1
12532,0,0,0,0,1
12533,0,0,0,0,1
12534,0,0,0,0,1
12535,0,0,0,0,1
12536,0,0,0,0,1
12537,0,0,0,0,1
12538,0,0,0,0,1
12539,0,0,0,0,1
12540,0,0,0,0,1
12541,0,0,0,0,1
12542,0,0,0,0,1
12543,0,0,0,0,1
12544,0,0,0,0,1
12545,0,0,0,0,1
12546,0,0,0,0,1
12547,0,0,0,0,1
12548,0,0,0,0,1
12549,0,0,0,0,1
12550,0,0,0,0,1
12551,0,0,0,0,1
12552,0,0,0,0,1
12553,0,0,0,0,1
12554,0,0,0,0,1
12555,0,0,0,0,1
12556,0,0,0,0,1
12557,0,0,0,0,1
12558,0,0,0,0,1
12559,0,0,0,0,1
12560,0,0,0,0,1
12561,0,0,0,0,1
12562,0,0,0,0,1
12563,0,0,0,0,1
12564,0,0,0,0,1
12565,0,0,0,0,1
12566,0,0,0,0,1
12567,0,0,0,0,1
12568,0,0,0,0,1
12569,0,0,0,0,1
12570,0,0,0,0,1
12571,0,0,0,0,1
12572,0,0,0,0,1
12573,0,0,0,0,1
12574,0,0,0,0,1
12575,0,0,0,0,1
12576,0,0,0,0,1
12577,0,0,0,0,1
12578,0,0,0,0,1
12579,0,0,0,0,1
12580,0,0,0,0,1
12581,0,0,0,0,1
12582,0,0,0,0,1
12583,0,0,0,0,1
12584,0,0,0,0,1
12585,0,0,0,0,1
12586,0,0,0,0,1
12587,0,0,0,0,1
12588,0,0,0,0,1
12589,0,0,0,0,1
12590,0,0,0,0,1
12591,0,0,0,0,1
12592,0,0,0,0,1
12593,0,0,0,0,1
12594,0,0,0,0,1
12595,0,0,0,0,1
12596,0,0,0,0,1
12597,0,0,0,0,1
12598,0,0,0,0,1
12599,0,0,0,0,1
12600,0,0,0,0,1
12601,0,0,0,0,1
12602,0,0,0,0,1
12603,0,0,0,0,1
12604,0,0,0,0,1
12605,0,0,0,0,1
12606,0,0,0,0,1
12607,0,0,0,0,1
12608,0,0,0,0,1
12609,0,0,0,0,1
12610,0,0,0,0,1
12611,0,0,0,0,1
12612,0,0,0,0,1
12613,0,0,0,0,1
12614,0,0,0,0,1
12615,0,0,0,0,1
12616,0,0,0,0,1
12617,0,0,0,0,1
12618,0,0,0,0,1
12619,0,0,0,0,1
12620,0,0,0,0,1
12621,0,0,0,0,1
12622,0,0,0,0,1
12623,0,0,0,0,1
12624,0,0,0,0,1
12625,0,0,0,0,1
12626,0,0,0,0,1
12627,0,0,0,0,1
12628,0,0,0,0,1
12629,0,0,0,0,1
12630,0,0,0,0,1
12631,0,0,0,0,1
12632,0,0,0,0,1
12633,0,0,0,0,1
12634,0,0,0,0,1
12635,0,0,0,0,1
12636,0,0,0,0,1
12637,0,0,0,0,1
12638,0,0,0,0,1
12639,0,0,0,0,1
12640,0,0,0,0,1
12641,0,0,0,0,1
12642,0,0,0,0,1
12643,0,0,0,0,1
12644,0,0,0,0,1
12645,0,0,0,0,1
12646,0,0,0,0,1
12647,0,0,0,0,1
12648,0,0,0,0,1
12649,0,0,0,0,1
12650,0,0,0,0,1
12651,0,0,0,0,1
12652,0,0,0,0,1
12653,0,0,0,0,1
12654,0,0,0,0,1
12655,0,0,0,0,1
12656,0,0,0,0,1
12657,0,0,0,0,1
12658,0,0,0,0,1
12659,0,0,0,0,1
12660,0,0,0,0,1
12661,0,0,0,0,1
12662,0,0,0,0,1
12663,0,0,0,0,1
12664,0,0,0,0,1
12665,0,0,0,0,1
12666,0,0,0,0,1
12667,0,0,0,0,1
12668,0,0,0,0,1
12669,0,0,0,0,1
12670,0,0,0,0,1
12671,0,0,0,0,1
12672,0,0,0,0,1
12673,0,0,0,0,1
12674,0,0,0,0,1
12675,0,0,0,0,1
12676,0,0,0,0,1
12677,0,0,0,0,1
12678,0,0,0,0,1
12679,0,0,0,0,1
12680,0,0,0,0,1
12681,0,0,0,0,1
12682,0,0,0,0,1
12683,0,0,0,0,1
12684,0,0,0,0,1
12685,0,0,0,0,1
12686,0,0,0,0,1
12687,0,0,0,0,1
12688,0,0,0,0,1
12689,0,0,0,0,1
12690,0,0,0,0,1
12691,0,0,0,0,1
12692,0,0,0,0,1
12693,0,0,0,0,1
12694,0,0,0,0,1
12695,0,0,0,0,1
12696,0,0,0,0,1
12697,0,0,0,0,1
12698,0,0,0,0,1
12699,0,0,0,0,1
12700,0,0,0,0,1
12701,0,0,0,0,1
12702,0,0,0,0,1
12703,0,0,0,0,1
12704,0,0,0,0,1
12705,0,0,0,0,1
12706,0,0,0,0,1
12707,0,0,0,0,1
12708,0,0,0,0,1
12709,0,0,0,0,1
12710,0,0,0,0,1
12711,0,0,0,0,1
12712,0,0,0,0,1
12713,0,0,0,0,1
12714,0,0,0,0,1
12715,0,0,0,0,1
12716,0,0,0,0,1
12717,0,0,0,0,1
12718,0,0,0,0,1
12719,0,0,0,0,1
12720,0,0,0,0,1
12721,0,0,0,0,1
12722,0,0,0,0,1
12723,0,0,0,0,1
12724,0,0,0,0,1
12725,0,0,0,0,1
12726,0,0,0,0,1
12727,0,0,0,0,1
12728,0,0,0,0,1
12729,0,0,0,0,1
12730,0,0,0,0,1
12731,0,0,0,0,1
12732,0,0,0,0,1
12733,0,0,0,0,1
12734,0,0,0,0,1
12735,0,0,0,0,1
12736,0,0,0,0,1
12737,0,0,0,0,1
12738,0,0,0,0,1
12739,0,0,0,0,1
12740,0,0,0,0,1
12741,0,0,0,0,1
12742,0,0,0,0,1
12743,0,0,0,0,1
12744,0,0,0,0,1
12745,0,0,0,0,1
12746,0,0,0,0,1
12747,0,0,0,0,1
12748,0,0,0,0,1
12749,0,0,0,0,1
12750,0,0,0,0,1
12751,0,0,0,0,1
12752,0,0,0,0,1
12753,0,0,0,0,1
12754,0,0,0,0,1
12755,0,0,0,0,1
12756,0,0,0,0,1
12757,0,0,0,0,1
12758,0,0,0,0,1
12759,0,0,0,0,1
12760,0,0,0,0,1
12761,0,0,0,0,1
12762,0,0,0,0,1
12763,0,0,0,0,1
12764,0,0,0,0,1
12765,0,0,0,0,1
12766,0,0,0,0,1
12767,0,0,0,0,1
12768,0,0,0,0,1
12769,0,0,0,0,1
12770,0,0,0,0,1
12771,0,0,0,0,1
12772,0,0,0,0,1
12773,0,0,0,0,1
12774,0,0,0,0,1
12775,0,0,0,0,1
12776,0,0,0,0,1
12777,0,0,0,0,1
12778,0,0,0,0,1
12779,0,0,0,0,1
12780,0,0,0,0,1
12781,0,0,0,0,1
12782,0,0,0,0,1
12783,0,0,0,0,1
12784,0,0,0,0,1
12785,0,0,0,0,1
12786,0,0,0,0,1
12787,0,0,0,0,1
12788,0,0,0,0,1
12789,0,0,0,0,1
12790,0,0,0,0,1
12791,0,0,0,0,1
12792,0,0,0,0,1
12793,0,0,0,0,1
12794,0,0,0,0,1
12795,0,0,0,0,1
12796,0,0,0,0,1
12797,0,0,0,0,1
12798,0,0,0,0,1
12799,0,0,0,0,1
12800,0,0,0,0,1
12801,0,0,0,0,1
12802,0,0,0,0,1
12803,0,0,0,0,1
12804,0,0,0,0,1
12805,0,0,0,0,1
12806,0,0,0,0,1
12807,0,0,0,0,1
12808,0,0,0,0,1
12809,0,0,0,0,1
12810,0,0,0,0,1
12811,0,0,0,0,1
12812,0,0,0,0,1
12813,0,0,0,0,1
12814,0,0,0,0,1
12815,0,0,0,0,1
12816,0,0,0,0,1
12817,0,0,0,0,1
12818,0,0,0,0,1
12819,0,0,0,0,1
12820,0,0,0,0,1
12821,0,0,0,0,1
12822,0,0,0,0,1
12823,0,0,0,0,1
12824,0,0,0,0,1
12825,0,0,0,0,1
12826,0,0,0,0,1
12827,0,0,0,0,1
12828,0,0,0,0,1
12829,0,0,0,0,1
12830,0,0,0,0,1
12831,0,0,0,0,1
12832,0,0,0,0,1
12833,0,0,0,0,1
12834,0,0,0,0,1
12835,0,0,0,0,1
12836,0,0,0,0,1
12837,0,0,0,0,1
12838,0,0,0,0,1
12839,0,0,0,0,1
12840,0,0,0,0,1
12841,0,0,0,0,1
12842,0,0,0,0,1
12843,0,0,0,0,1
12844,0,0,0,0,1
12845,0,0,0,0,1
12846,0,0,0,0,1
12847,0,0,0,0,1
12848,0,0,0,0,1
12849,0,0,0,0,1
12850,0,0,0,0,1
12851,0,0,0,0,1
12852,0,0,0,0,1
12853,0,0,0,0,1
12854,0,0,0,0,1
12855,0,0,0,0,1
12856,0,0,0,0,1
12857,0,0,0,0,1
12858,0,0,0,0,1
12859,0,0,0,0,1
12860,0,0,0,0,1
12861,0,0,0,0,1
12862,0,0,0,0,1
12863,0,0,0,0,1
12864,0,0,0,0,1
12865,0,0,0,0,1
12866,0,0,0,0,1
12867,0,0,0,0,1
12868,0,0,0,0,1
12869,0,0,0,0,1
12870,0,0,0,0,1
12871,0,0,0,0,1
12872,0,0,0,0,1
12873,0,0,0,0,1
12874,0,0,0,0,1
12875,0,0,0,0,1
12876,0,0,0,0,1
12877,0,0,0,0,1
12878,0,0,0,0,1
12879,0,0,0,0,1
12880,0,0,0,0,1
12881,0,0,0,0,1
12882,0,0,0,0,1
12883,0,0,0,0,1
12884,0,0,0,0,1
12885,0,0,0,0,1
12886,0,0,1,0,0
12887,0,0,1,0,0
12888,0,0,1,0,0
12889,0,0,1,0,0
12890,0,0,1,0,0
12891,0,0,1,0,0
12892,0,0,1,0,0
12893,0,0,1,0,0
12894,0,0,1,0,0
12895,0,0,1,0,0
12896,0,0,1,0,0
12897,0,0,1,0,0
12898,0,0,1,0,0
12899,0,0,1,0,0
12900,0,0,1,0,0
12901,0,0,1,0,0
12902,0,0,1,0,0
12903,0,0,1,0,0
12904,0,0,1,0,0
12905,0,0,1,0,0
12906,0,0,1,0,0
12907,0,0,1,0,0
12908,0,0,1,0,0
12909,0,0,1,0,0
12910,0,0,1,0,0
12911,0,0,1,0,0
12912,0,0,1,0,0
12913,0,0,1,0,0
12914,0,0,1,0,0
12915,0,0,1,0,0
12916,0,0,1,0,0
12917,0,0,1,0,0
12918,0,0,1,0,0
12919,0,0,1,0,0
12920,0,0,1,0,0
12921,0,0,1,0,0
12922,0,0,1,0,0
12923,0,0,1,0,0
12924,0,0,1,0,0
12925,0,0,1,0,0
12926,0,0,1,0,0
12927,0,0,1,0,0
12928,0,0,1,0,0
12929,0,0,1,0,0
12930,0,0,1,0,0
12931,0,0,1,0,0
12932,0,0,1,0,0
12933,0,0,1,0,0
12934,0,0,1,0,0
12935,0,0,1,0,0
12936,0,0,1,0,0
12937,0,0,1,0,0
12938,0,0,1,0,0
12939,0,0,1,0,0
12940,0,0,1,0,0
12941,0,0,1,0,0
12942,0,0,1,0,0
12943,0,0,1,0,0
12944,0,0,1,0,0
12945,0,0,1,0,0
12946,0,0,1,0,0
12947,0,0,1,0,0
12948,0,0,1,0,0
12949,0,0,1,0,0
12950,0,0,0,0,1
12951,0,0,0,0,1
12952,0,0,0,0,1
12953,0,0,0,0,1
12954,0,0,0,0,1
12955,0,0,0,0,1
12956,0,0,0,0,1
12957,0,0,0,0,1
12958,0,0,0,0,1
12959,0,0,0,0,1
12960,0,0,0,0,1
12961,0,0,0,0,1
12962,0,0,0,0,1
12963,0,0,0,0,1
12964,0,0,0,0,1
12965,0,0,0,0,1
12966,0,0,0,0,1
12967,0,0,0,0,1
12968,0,0,0,0,1
12969,0,0,0,0,1
12970,0,0,0,0,1
12971,0,0,0,0,1
12972,0,0,0,0,1
12973,0,0,0,0,1
12974,0,0,0,0,1
12975,0,0,0,0,1
12976,0,0,0,0,1
12977,0,0,0,0,1
12978,0,0,0,0,1
12979,0,0,0,0,1
12980,0,0,0,0,1
12981,0,0,0,0,1
12982,0,0,0,0,1
12983,0,0,0,0,1
12984,0,0,0,0,1
12985,0,0,0,0,1
12986,0,0,0,0,1
12987,0,0,0,0,1
12988,0,0,0,0,1
12989,0,0,0,0,1
12990,0,0,0,0,1
12991,0,0,0,0,1
12992,0,0,0,0,1
12993,0,0,0,0,1
12994,0,0,0,0,1
12995,0,0,0,0,1
12996,0,0,0,0,1
12997,0,0,0,0,1
12998,0,0,0,0,1
12999,0,0,0,0,1
13000,0,0,0,0,1
13001,0,0,0,0,1
13002,0,0,0,0,1
13003,0,0,0,0,1
13004,0,0,0,0,1
13005,0,0,0,0,1
13006,0,0,0,0,1
13007,0,0,0,0,1
13008,0,0,0,0,1
13009,0,0,0,0,1
13010,0,0,0,0,1
13011,0,0,0,0,1
13012,0,0,0,0,1
13013,0,0,0,0,1
13014,0,0,0,0,1
13015,0,0,0,0,1
13016,0,0,0,0,1
13017,0,0,0,0,1
13018,0,0,0,0,1
13019,0,0,0,0,1
13020,0,0,0,0,1
13021,0,0,0,0,1
13022,0,0,0,0,1
13023,0,0,0,0,1
13024,0,0,0,0,1
13025,0,0,0,0,1
13026,0,0,0,0,1
13027,0,0,0,0,1
13028,0,0,0,0,1
13029,0,0,0,0,1
13030,0,0,0,0,1
13031,0,0,0,0,1
13032,0,0,0,0,1
13033,0,0,0,0,1
13034,0,0,0,0,1
13035,0,0,0,0,1
13036,0,0,0,0,1
13037,0,0,0,0,1
13038,0,0,0,0,1
13039,0,0,0,0,1
13040,0,0,0,0,1
13041,0,0,0,0,1
13042,0,0,0,0,1
13043,0,0,0,0,1
13044,0,0,0,0,1
13045,0,0,0,0,1
13046,0,0,0,0,1
13047,0,0,0,0,1
13048,0,0,0,0,1
13049,0,0,0,0,1
13050,0,0,0,0,1
13051,0,0,0,0,1
13052,0,0,0,0,1
13053,0,0,0,0,1
13054,0,0,0,0,1
13055,0,0,0,0,1
13056,0,0,0,0,1
13057,0,0,0,0,1
13058,0,0,0,0,1
13059,0,0,0,0,1
13060,0,0,0,0,1
13061,0,0,0,0,1
13062,0,0,0,0,1
13063,0,0,0,0,1
13064,0,0,0,0,1
13065,0,0,1,0,0
13066,0,0,1,0,0
13067,0,0,1,0,0
13068,0,0,1,0,0
13069,0,0,1,0,0
13070,0,0,1,0,0
13071,0,0,1,0,0
13072,0,0,1,0,0
13073,0,0,1,0,0
13074,0,0,1,0,0
13075,0,0,1,0,0
13076,0,0,1,0,0
13077,0,0,1,0,0
13078,0,0,1,0,0
13079,0,0,1,0,0
13080,0,0,1,0,0
13081,0,0,1,0,0
13082,0,0,1,0,0
13083,0,0,1,0,0
13084,0,0,1,0,0
13085,0,0,1,0,0
13086,0,0,1,0,0
13087,0,0,1,0,0
13088,0,0,1,0,0
13089,0,0,1,0,0
13090,0,0,1,0,0
13091,0,0,1,0,0
13092,0,0,1,0,0
13093,0,0,1,0,0
13094,0,0,1,0,0
13095,0,0,1,0,0
13096,0,0,1,0,0
13097,0,0,1,0,0
13098,0,0,1,0,0
13099,0,0,1,0,0
13100,0,0,1,0,0
13101,0,0,1,0,0
13102,0,0,1,0,0
13103,0,0,1,0,0
13104,0,0,1,0,0
13105,0,0,1,0,0
13106,0,0,1,0,0
13107,0,0,1,0,0
13108,0,0,1,0,0
13109,0,0,1,0,0
13110,0,0,1,0,0
13111,0,0,1,0,0
13112,0,0,1,0,0
13113,0,0,1,0,0
13114,0,0,1,0,0
13115,0,0,1,0,0
13116,0,0,1,0,0
13117,0,0,1,0,0
13118,0,0,1,0,0
13119,0,0,1,0,0
13120,0,0,1,0,0
13121,0,0,1,0,0
13122,0,0,1,0,0
13123,0,0,1,0,0
13124,0,0,1,0,0
13125,0,0,1,0,0
13126,0,0,1,0,0
13127,0,0,1,0,0
13128,0,0,0,0,1
13129,0,0,0,0,1
13130,0,0,0,0,1
13131,0,0,0,0,1
13132,0,0,0,0,1
13133,0,0,0,0,1
13134,0,0,0,0,1
13135,0,0,0,0,1
13136,0,0,0,0,1
13137,0,0,0,0,1
13138,0,0,0,0,1
13139,0,0,0,0,1
13140,0,0,0,0,1
13141,0,0,0,0,1
13142,0,0,0,0,1
13143,0,0,0,0,1
13144,0,0,0,0,1
13145,0,0,0,0,1
13146,0,0,0,0,1
13147,0,0,0,0,1
13148,0,0,0,0,1
13149,0,0,0,0,1
13150,0,0,0,0,1
13151,0,0,0,0,1
13152,0,0,0,0,1
13153,0,0,0,0,1
13154,0,0,0,0,1
13155,0,0,0,0,1
13156,0,0,0,0,1
13157,0,0,0,0,1
13158,0,0,0,0,1
13159,0,0,0,0,1
13160,0,0,0,0,1
13161,0,0,0,0,1
13162,0,0,0,0,1
13163,0,0,0,0,1
13164,0,0,0,0,1
13165,0,0,0,0,1
13166,0,0,0,0,1
13167,0,0,0,0,1
13168,0,0,0,0,1
13169,0,0,0,0,1
13170,0,0,0,0,1
13171,0,0,0,0,1
13172,0,0,0,0,1
13173,0,0,0,0,1
13174,0,0,0,0,1
13175,0,0,0,0,1
13176,0,0,0,0,1
13177,0,0,0,0,1
13178,0,0,0,0,1
13179,0,0,0,0,1
13180,0,0,0,0,1
13181,0,0,0,0,1
13182,0,0,0,0,1
13183,0,0,0,0,1
13184,0,0,0,0,1
13185,0,0,0,0,1
13186,0,0,0,0,1
13187,0,0,0,0,1
13188,0,0,0,0,1
13189,0,0,0,0,1
13190,0,0,0,0,1
13191,0,0,0,0,1
13192,0,0,0,0,1
13193,0,0,0,0,1
13194,0,0,0,0,1
13195,0,0,0,0,1
13196,0,0,0,0,1
13197,0,0,0,0,1
13198,0,0,0,0,1
13199,0,0,0,0,1
13200,0,0,0,0,1
13201,0,0,0,0,1
13202,0,0,0,0,1
13203,0,0,0,0,1
13204,0,0,0,0,1
13205,0,0,0,0,1
13206,0,0,0,0,1
13207,0,0,0,0,1
13208,0,0,0,0,1
13209,0,0,0,0,1
13210,0,0,0,0,1
13211,0,0,0,0,1
13212,0,0,0,0,1
13213,0,0,0,0,1
13214,0,0,0,0,1
13215,0,0,0,0,1
13216,0,0,0,0,1
13217,0,0,0,0,1
13218,0,0,0,0,1
13219,0,0,0,0,1
13220,0,0,0,0,1
13221,0,0,0,0,1
13222,0,0,0,0,1
13223,0,0,0,0,1
13224,0,0,0,0,1
13225,0,0,0,0,1
13226,0,0,0,0,1
13227,0,0,0,0,1
13228,0,0,0,0,1
13229,0,0,0,0,1
13230,0,0,0,0,1
13231,0,0,0,0,1
13232,0,0,0,0,1
13233,0,0,0,0,1
13234,0,0,0,0,1
13235,0,0,0,0,1
13236,0,0,0,0,1
13237,0,0,0,0,1
13238,0,0,0,0,1
13239,0,0,0,0,1
13240,0,0,0,0,1
13241,0,0,0,0,1
13242,0,0,0,0,1
13243,0,0,0,0,1
13244,0,0,0,0,1
13245,0,0,0,0,1
13246,0,0,0,0,1
13247,0,0,0,0,1
13248,0,0,0,0,1
13249,0,0,0,0,1
13250,0,0,0,0,1
13251,0,0,0,0,1
13252,0,0,0,0,1
13253,0,0,0,0,1
13254,0,0,0,0,1
13255,0,0,0,0,1
13256,0,0,0,0,1
13257,0,0,0,0,1
13258,0,0,0,0,1
13259,0,0,0,0,1
13260,0,0,0,0,1
13261,0,0,0,0,1
13262,0,0,0,0,1
13263,0,0,0,0,1
13264,0,0,0,0,1
13265,0,0,0,0,1
13266,0,0,0,0,1
13267,0,0,1,0,0
13268,0,0,1,0,0
13269,0,0,1,0,0
13270,0,0,1,0,0
13271,0,0,1,0,0
13272,0,0,1,0,0
13273,0,0,1,0,0
13274,0,0,1,0,0
13275,1,0,0,0,0
13276,1,0,0,0,0
13277,1,0,0,0,0
13278,1,0,0,0,0
13279,1,0,0,0,0
13280,1,0,0,0,0
13281,1,0,0,0,0
13282,1,0,0,0,0
13283,1,0,0,0,0
13284,1,0,0,0,0
13285,1,0,0,0,0
13286,1,0,0,0,0
13287,1,0,0,0,0
13288,1,0,0,0,0
13289,1,0,0,0,0
13290,1,0,0,0,0
13291,1,0,0,0,0
13292,1,0,0,0,0
13293,1,0,0,0,0
13294,1,0,0,0,0
13295,1,0,0,0,0
13296,1,0,0,0,0
13297,1,0,0,0,0
13298,1,0,0,0,0
13299,1,0,0,0,0
13300,1,0,0,0,0
13301,1,0,0,0,0
13302,1,0,0,0,0
13303,1,0,0,0,0
13304,1,0,0,0,0
13305,1,0,0,0,0
13306,1,0,0,0,0
13307,1,0,0,0,0
13308,1,0,0,0,0
13309,1,0,0,0,0
13310,1,0,0,0,0
13311,1,0,0,0,0
13312,1,0,0,0,0
13313,1,0,0,0,0
13314,1,0,0,0,0
13315,1,0,0,0,0
13316,1,0,0,0,0
13317,1,0,0,0,0
13318,1,0,0,0,0
13319,1,0,0,0,0
13320,1,0,0,0,0
13321,1,0,0,0,0
13322,1,0,0,0,0
13323,1,0,0,0,0
13324,1,0,0,0,0
13325,1,0,0,0,0
13326,1,0,0,0,0
13327,1,0,0,0,0
13328,1,0,0,0,0
13329,1,0,0,0,0
13330,1,0,0,0,0
13331,1,0,0,0,0
13332,1,0,0,0,0
13333,1,0,0,0,0
13334,1,0,0,0,0
13335,1,0,0,0,0
13336,1,0,0,0,0
13337,1,0,0,0,0
13338,1,0,0,0,0
13339,1,0,0,0,0
13340,1,0,0,0,0
13341,1,0,0,0,0
13342,0,0,0,0,1
13343,0,0,0,0,1
13344,0,0,0,0,1
13345,0,0,0,0,1
13346,0,0,1,0,0
13347,0,0,1,0,0
13348,0,0,1,0,0
13349,0,0,1,0,0
13350,0,0,1,0,0
13351,0,0,1,0,0
13352,0,0,1,0,0
13353,0,0,1,0,0
13354,0,0,1,0,0
13355,0,0,1,0,0
13356,0,0,1,0,0
13357,0,0,1,0,0
13358,0,0,1,0,0
13359,0,0,1,0,0
13360,0,0,1,0,0
13361,0,0,1,0,0
13362,0,0,1,0,0
13363,0,0,1,0,0
13364,0,0,1,0,0
13365,0,0,1,0,0
13366,0,0,1,0,0
13367,0,0,1,0,0
13368,0,0,1,0,0
13369,0,0,1,0,0
13370,0,0,1,0,0
13371,0,0,1,0,0
13372,0,0,1,0,0
13373,0,0,1,0,0
13374,0,0,1,0,0
13375,0,0,1,0,0
13376,0,0,1,0,0
13377,0,0,0,0,1
13378,0,0,0,0,1
13379,0,0,0,0,1
13380,0,0,0,0,1
13381,0,0,0,0,1
13382,0,0,0,0,1
13383,0,0,0,0,1
13384,0,0,0,0,1
13385,0,0,0,0,1
13386,0,0,0,0,1
13387,0,0,0,0,1
13388,0,0,0,0,1
13389,0,0,0,0,1
13390,0,0,0,0,1
13391,0,0,0,0,1
13392,0,0,0,0,1
13393,0,0,0,0,1
13394,0,0,0,0,1
13395,0,0,0,0,1
13396,0,0,0,0,1
13397,0,0,0,0,1
13398,0,0,0,0,1
13399,0,0,0,0,1
13400,0,0,0,0,1
13401,0,0,0,0,1
13402,0,0,0,0,1
13403,0,0,0,0,1
13404,0,0,0,0,1
13405,0,0,0,0,1
13406,0,0,0,0,1
13407,0,0,0,0,1
13408,0,0,0,0,1
13409,0,0,0,0,1
13410,0,0,0,0,1
13411,0,0,0,0,1
13412,0,0,0,0,1
13413,0,0,0,0,1
13414,0,0,0,0,1
13415,0,0,0,0,1
13416,0,0,0,0,1
13417,0,0,0,0,1
13418,0,0,0,0,1
13419,0,0,0,0,1
13420,0,0,0,0,1
13421,0,0,0,0,1
13422,0,0,0,0,1
13423,0,0,0,0,1
13424,0,0,0,0,1
13425,0,0,0,0,1
13426,0,0,0,0,1
13427,0,0,0,0,1
13428,0,0,0,0,1
13429,0,0,0,0,1
13430,0,0,0,0,1
13431,0,0,0,0,1
13432,0,0,0,0,1
13433,0,0,0,0,1
13434,0,0,0,0,1
13435,0,0,0,0,1
13436,0,0,0,0,1
13437,0,0,0,0,1
13438,0,0,0,0,1
13439,0,0,0,0,1
13440,0,0,0,0,1
13441,0,0,0,0,1
13442,0,0,0,0,1
13443,0,0,0,0,1
13444,0,0,0,0,1
13445,0,0,0,0,1
13446,0,0,0,0,1
13447,0,0,0,0,1
13448,0,0,0,0,1
13449,0,0,0,0,1
13450,0,0,0,0,1
13451,0,0,0,0,1
13452,0,0,0,0,1
13453,0,0,0,0,1
13454,0,0,0,0,1
13455,0,0,0,0,1
13456,0,0,0,0,1
13457,0,0,0,0,1
13458,0,0,0,0,1
13459,0,0,0,0,1
13460,0,0,0,0,1
13461,0,0,0,0,1
13462,0,0,0,0,1
13463,0,0,0,0,1
13464,0,0,0,0,1
13465,0,0,0,0,1
13466,0,0,0,0,1
13467,0,0,0,0,1
13468,0,0,0,0,1
13469,0,0,0,0,1
13470,0,0,0,0,1
13471,0,0,0,0,1
13472,0,0,0,0,1
13473,0,0,0,0,1
13474,0,0,0,0,1
13475,0,0,0,0,1
13476,0,0,0,0,1
13477,0,0,0,0,1
13478,0,0,0,0,1
13479,0,0,0,0,1
13480,0,0,0,0,1
13481,0,0,0,0,1
13482,0,0,0,0,1
13483,0,0,0,0,1
13484,0,0,0,0,1
13485,0,0,0,0,1
13486,0,0,0,0,1
13487,0,0,0,0,1
13488,0,0,0,0,1
13489,0,0,0,0,1
13490,0,0,0,0,1
13491,0,0,0,0,1
13492,0,0,0,0,1
13493,0,0,0,0,1
13494,0,0,0,0,1
13495,0,0,0,0,1
13496,0,0,0,0,1
13497,0,0,0,0,1
13498,0,0,0,0,1
13499,0,0,0,0,1
13500,0,0,0,0,1
13501,0,0,0,0,1
13502,0,0,0,0,1
13503,0,0,0,0,1
13504,0,0,0,0,1
13505,0,0,0,0,1
13506,0,0,0,0,1
13507,0,0,0,0,1
13508,0,0,0,0,1
13509,0,0,0,0,1
13510,0,0,0,0,1
13511,0,0,0,0,1
13512,0,0,0,0,1
13513,0,0,0,0,1
13514,0,0,0,0,1
13515,0,0,0,0,1
13516,1,0,0,0,0
13517,1,0,0,0,0
13518,1,0,0,0,0
13519,1,0,0,0,0
13520,1,0,0,0,0
13521,1,0,0,0,0
13522,1,0,0,0,0
13523,1,0,0,0,0
13524,1,0,0,0,0
13525,1,0,0,0,0
13526,1,0,0,0,0
13527,1,0,0,0,0
13528,1,0,0,0,0
13529,1,0,0,0,0
13530,1,0,0,0,0
13531,1,0,0,0,0
13532,1,0,0,0,0
13533,1,0,0,0,0
13534,1,0,0,0,0
13535,1,0,0,0,0
13536,1,0,0,0,0
13537,1,0,0,0,0
13538,1,0,0,0,0
13539,1,0,0,0,0
13540,1,0,0,0,0
13541,1,0,0,0,0
13542,1,0,0,0,0
13543,1,0,0,0,0
13544,1,0,0,0,0
13545,1,0,0,0,0
13546,1,0,0,0,0
13547,1,0,0,0,0
13548,1,0,0,0,0
13549,1,0,0,0,0
13550,1,0,0,0,0
13551,1,0,0,0,0
13552,1,0,0,0,0
13553,1,0,0,0,0
13554,1,0,0,0,0
13555,1,0,0,0,0
13556,1,0,0,0,0
13557,1,0,0,0,0
13558,1,0,0,0,0
13559,1,0,0,0,0
13560,1,0,0,0,0
13561,1,0,0,0,0
13562,1,0,0,0,0
13563,1,0,0,0,0
13564,1,0,0,0,0
13565,1,0,0,0,0
13566,1,0,0,0,0
13567,1,0,0,0,0
13568,1,0,0,0,0
13569,1,0,0,0,0
13570,1,0,0,0,0
13571,1,0,0,0,0
13572,1,0,0,0,0
13573,1,0,0,0,0
13574,1,0,0,0,0
13575,1,0,0,0,0
13576,1,0,0,0,0
13577,1,0,0,0,0
13578,0,0,0,0,1
13579,0,0,0,0,1
13580,0,0,0,0,1
13581,0,0,0,0,1
13582,0,0,0,0,1
13583,0,0,0,0,1
13584,0,0,0,0,1
13585,0,0,0,0,1
13586,0,0,0,0,1
13587,0,0,0,0,1
13588,0,0,0,0,1
13589,0,0,0,0,1
13590,0,0,0,0,1
13591,0,0,0,0,1
13592,0,0,0,0,1
13593,0,0,0,0,1
13594,0,0,0,0,1
13595,0,0,0,0,1
13596,0,0,0,0,1
13597,0,0,0,0,1
13598,0,0,0,0,1
13599,0,0,0,0,1
13600,0,0,0,0,1
13601,0,0,0,0,1
13602,0,0,0,0,1
13603,0,0,0,0,1
13604,0,0,0,0,1
13605,0,0,0,0,1
13606,0,0,0,0,1
13607,0,0,0,0,1
13608,0,0,0,0,1
13609,0,0,0,0,1
13610,0,0,0,0,1
13611,0,0,0,0,1
13612,0,0,0,0,1
13613,0,0,0,0,1
13614,0,0,0,0,1
13615,0,0,0,0,1
13616,0,0,0,0,1
13617,0,0,0,0,1
13618,0,0,0,0,1
13619,0,0,0,0,1
13620,0,0,0,0,1
13621,0,0,0,0,1
13622,0,0,0,0,1
13623,0,0,0,0,1
13624,0,0,0,0,1
13625,0,0,0,0,1
13626,0,0,0,0,1
13627,0,0,0,0,1
13628,0,0,0,0,1
13629,0,0,0,0,1
13630,0,0,0,0,1
13631,0,0,0,0,1
13632,0,0,0,0,1
13633,0,0,0,0,1
13634,0,0,0,0,1
13635,0,0,0,0,1
13636,0,0,0,0,1
13637,0,0,0,0,1
13638,0,0,0,0,1
13639,0,0,0,0,1
13640,0,0,0,0,1
13641,0,0,0,0,1
13642,0,0,0,0,1
13643,0,0,0,0,1
13644,0,0,0,0,1
13645,0,0,0,0,1
13646,0,0,0,0,1
13647,0,0,0,0,1
13648,0,0,0,0,1
13649,0,0,0,0,1
13650,0,0,0,0,1
13651,0,0,0,0,1
13652,0,0,0,0,1
13653,0,0,0,0,1
13654,0,0,0,0,1
13655,0,0,0,0,1
13656,0,0,0,0,1
13657,0,0,0,0,1
13658,0,0,0,0,1
13659,0,0,0,0,1
13660,0,0,0,0,1
13661,0,0,0,0,1
13662,0,0,0,0,1
13663,0,0,0,0,1
13664,0,0,0,0,1
13665,0,0,0,0,1
13666,0,0,0,0,1
13667,0,0,0,0,1
13668,0,0,0,0,1
13669,0,0,0,0,1
13670,0,0,0,0,1
13671,0,0,0,0,1
13672,0,0,0,0,1
13673,0,0,0,0,1
13674,0,0,0,0,1
13675,0,0,0,0,1
13676,0,0,0,0,1
13677,0,0,0,0,1
13678,0,0,0,0,1
13679,0,0,0,0,1
13680,0,0,0,0,1
13681,0,0,0,0,1
13682,0,0,0,0,1
13683,0,0,0,0,1
13684,0,0,0,0,1
13685,0,0,0,0,1
13686,0,0,0,0,1
13687,0,0,0,0,1
13688,0,0,0,0,1
13689,0,0,0,0,1
13690,0,0,0,0,1
13691,0,0,0,0,1
13692,0,0,0,0,1
13693,0,0,0,0,1
13694,0,0,0,0,1
13695,0,0,0,0,1
13696,0,0,0,0,1
13697,0,0,0,0,1
13698,0,0,0,0,1
13699,0,0,0,0,1
13700,0,0,0,0,1
13701,0,0,0,0,1
13702,0,0,0,0,1
13703,0,0,0,0,1
13704,0,0,0,0,1
13705,0,0,0,0,1
13706,0,0,0,0,1
13707,0,0,0,0,1
13708,0,0,0,0,1
13709,0,0,0,0,1
13710,0,0,0,0,1
13711,0,0,0,0,1
13712,0,0,0,0,1
13713,0,0,0,0,1
13714,0,0,0,0,1
13715,0,0,0,0,1
13716,0,0,0,0,1
13717,0,0,0,0,1
13718,0,0,0,0,1
13719,0,0,0,0,1
13720,0,0,0,0,1
13721,0,0,0,0,1
13722,0,0,0,0,1
13723,0,0,0,0,1
13724,0,0,0,0,1
13725,0,0,0,0,1
13726,0,0,0,0,1
13727,0,0,0,0,1
13728,0,0,0,0,1
13729,0,0,0,0,1
13730,0,0,0,0,1
13731,0,0,0,0,1
13732,0,0,0,0,1
13733,0,0,0,0,1
13734,0,0,0,0,1
13735,0,0,0,0,1
13736,0,0,0,0,1
13737,0,0,0,0,1
13738,0,0,0,0,1
13739,0,0,0,0,1
13740,0,0,0,0,1
13741,0,0,0,0,1
13742,0,0,0,0,1
13743,0,0,0,0,1
13744,0,0,0,0,1
13745,0,0,0,0,1
13746,0,0,0,0,1
13747,0,0,0,0,1
13748,0,0,0,0,1
13749,0,0,0,0,1
13750,0,0,0,0,1
13751,0,0,0,0,1
13752,0,0,0,0,1
13753,0,0,0,0,1
13754,0,0,0,0,1
13755,0,0,0,0,1
13756,0,0,0,0,1
13757,0,0,0,0,1
13758,0,0,0,0,1
13759,0,0,0,0,1
13760,0,0,0,0,1
13761,0,0,0,0,1
13762,0,0,0,0,1
13763,0,0,0,0,1
13764,0,0,0,0,1
13765,0,0,0,0,1
13766,0,0,0,0,1
13767,0,0,0,0,1
13768,0,0,0,0,1
13769,0,0,0,0,1
13770,0,0,0,0,1
13771,0,0,0,0,1
13772,0,0,0,0,1
13773,0,0,0,0,1
13774,0,0,0,0,1
13775,0,0,0,0,1
13776,0,0,0,0,1
13777,0,0,0,0,1
13778,0,0,0,0,1
13779,0,0,0,0,1
13780,0,0,0,0,1
13781,0,0,0,0,1
13782,0,0,0,0,1
13783,0,0,0,0,1
13784,0,0,0,0,1
13785,0,0,0,0,1
13786,0,0,0,0,1
13787,0,0,0,0,1
13788,0,0,0,0,1
13789,0,0,0,0,1
13790,0,0,0,0,1
13791,0,0,0,0,1
13792,0,0,0,0,1
13793,0,0,0,0,1
13794,0,0,0,0,1
13795,0,0,0,0,1
13796,0,0,0,0,1
13797,0,0,0,0,1
13798,0,0,0,0,1
13799,0,0,0,0,1
13800,0,0,0,0,1
13801,0,0,0,0,1
13802,0,0,0,0,1
13803,0,0,0,0,1
13804,0,0,0,0,1
13805,0,0,0,0,1
13806,0,0,0,0,1
13807,0,0,0,0,1
13808,0,0,0,0,1
13809,0,0,0,0,1
13810,0,0,0,0,1
13811,0,0,0,0,1
13812,0,0,0,0,1
13813,0,0,0,0,1
13814,0,0,0,0,1
13815,0,0,0,0,1
13816,0,0,0,0,1
13817,0,0,0,0,1
13818,0,0,0,0,1
13819,0,0,0,0,1
13820,0,0,0,0,1
13821,0,0,0,0,1
13822,0,0,0,0,1
13823,0,0,0,0,1
13824,0,0,0,0,1
13825,0,0,0,0,1
13826,0,0,0,0,1
13827,0,0,0,0,1
13828,0,0,0,0,1
13829,0,0,0,0,1
13830,0,0,0,0,1
13831,0,0,0,0,1
13832,0,0,0,0,1
13833,0,0,0,0,1
13834,0,0,0,0,1
13835,0,0,0,0,1
13836,0,0,0,0,1
13837,0,0,0,0,1
13838,0,0,0,0,1
13839,0,0,0,0,1
13840,0,0,0,0,1
13841,0,0,0,0,1
13842,0,0,0,0,1
13843,0,0,0,0,1
13844,0,0,0,0,1
13845,0,0,0,0,1
13846,0,0,0,0,1
13847,0,0,0,0,1
13848,0,0,0,0,1
13849,0,0,0,0,1
13850,0,0,0,0,1
13851,0,0,0,0,1
13852,0,0,0,0,1
13853,0,0,0,0,1
13854,0,0,0,0,1
13855,0,0,0,0,1
13856,0,0,0,0,1
13857,0,0,0,0,1
13858,0,0,0,0,1
13859,0,0,0,0,1
13860,0,0,0,0,1
13861,0,0,0,0,1
13862,0,0,0,0,1
13863,0,0,0,0,1
13864,0,0,0,0,1
13865,0,0,0,0,1
13866,0,0,0,0,1
13867,0,0,0,0,1
13868,0,0,0,0,1
13869,0,0,0,0,1
13870,0,0,0,0,1
13871,0,0,0,0,1
13872,0,0,0,0,1
13873,0,0,0,0,1
13874,0,0,0,0,1
13875,0,0,0,0,1
13876,0,0,0,0,1
13877,0,0,0,0,1
13878,0,0,0,0,1
13879,0,0,0,0,1
13880,0,0,0,0,1
13881,0,0,0,0,1
13882,0,0,0,0,1
13883,0,0,0,0,1
13884,0,0,0,0,1
13885,0,0,0,0,1
13886,0,0,0,0,1
13887,0,0,0,0,1
13888,0,0,0,0,1
13889,0,0,0,0,1
13890,0,0,0,0,1
13891,0,0,0,0,1
13892,0,0,0,0,1
13893,0,0,0,0,1
13894,0,0,0,0,1
13895,0,0,0,0,1
13896,0,0,0,0,1
13897,0,0,0,0,1
13898,0,0,0,0,1
13899,0,0,0,0,1
13900,0,0,0,0,1
13901,0,0,0,0,1
13902,0,0,0,0,1
13903,0,0,0,0,1
13904,0,0,0,0,1
13905,0,0,0,0,1
13906,0,0,0,0,1
13907,0,0,0,0,1
13908,0,1,0,0,0
13909,0,1,0,0,0
13910,0,1,0,0,0
13911,0,1,0,0,0
13912,0,1,0,0,0
13913,0,1,0,0,0
13914,0,1,0,0,0
13915,0,0,1,0,0
13916,0,0,1,0,0
13917,0,0,1,0,0
13918,0,0,1,0,0
13919,0,0,1,0,0
13920,0,0,1,0,0
13921,0,0,1,0,0
13922,0,0,1,0,0
13923,0,0,1,0,0
13924,0,0,1,0,0
13925,0,0,1,0,0
13926,0,0,1,0,0
13927,0,0,1,0,0
13928,0,0,1,0,0
13929,0,0,1,0,0
13930,0,0,1,0,0
13931,0,0,1,0,0
13932,0,0,1,0,0
13933,0,0,1,0,0
13934,0,0,1,0,0
13935,0,0,1,0,0
13936,0,0,1,0,0
13937,0,0,1,0,0
13938,0,0,1,0,0
13939,0,0,1,0,0
13940,0,0,1,0,0
13941,0,0,1,0,0
13942,0,0,1,0,0
13943,0,0,1,0,0
13944,0,0,1,0,0
13945,0,0,1,0,0
13946,0,0,1,0,0
13947,0,0,1,0,0
13948,0,0,1,0,0
13949,0,0,1,0,0
13950,0,0,1,0,0
13951,0,0,1,0,0
13952,0,0,1,0,0
13953,0,0,1,0,0
13954,0,0,1,0,0
13955,0,0,1,0,0
13956,0,0,1,0,0
13957,0,0,1,0,0
13958,0,0,1,0,0
13959,0,0,1,0,0
13960,0,0,1,0,0
13961,0,0,1,0,0
13962,0,0,1,0,0
13963,0,0,1,0,0
13964,0,0,1,0,0
13965,0,0,1,0,0
13966,0,0,1,0,0
13967,0,0,1,0,0
13968,0,0,1,0,0
13969,1,0,0,0,0
13970,1,0,0,0,0
13971,1,0,0,0,0
13972,1,0,0,0,0
13973,1,0,0,0,0
13974,1,0,0,0,0
13975,1,0,0,0,0
13976,1,0,0,0,0
13977,1,0,0,0,0
13978,1,0,0,0,0
13979,1,0,0,0,0
13980,1,0,0,0,0
13981,1,0,0,0,0
13982,1,0,0,0,0
13983,1,0,0,0,0
13984,1,0,0,0,0
13985,1,0,0,0,0
13986,1,0,0,0,0
13987,1,0,0,0,0
13988,1,0,0,0,0
13989,1,0,0,0,0
13990,1,0,0,0,0
13991,1,0,0,0,0
13992,1,0,0,0,0
13993,1,0,0,0,0
13994,1,0,0,0,0
13995,1,0,0,0,0
13996,1,0,0,0,0
13997,1,0,0,0,0
13998,1,0,0,0,0
13999,1,0,0,0,0
14000,1,0,0,0,0
14001,1,0,0,0,0
14002,1,0,0,0,0
14003,1,0,0,0,0
14004,1,0,0,0,0
14005,1,0,0,0,0
14006,1,0,0,0,0
14007,1,0,0,0,0
14008,1,0,0,0,0
14009,1,0,0,0,0
14010,1,0,0,0,0
14011,1,0,0,0,0
14012,1,0,0,0,0
14013,1,0,0,0,0
14014,1,0,0,0,0
14015,1,0,0,0,0
14016,1,0,0,0,0
14017,1,0,0,0,0
14018,1,0,0,0,0
14019,0,0,0,0,1
14020,0,0,0,0,1
14021,0,0,0,0,1
14022,0,0,0,0,1
14023,0,0,0,0,1
14024,0,0,0,0,1
14025,0,0,0,0,1
14026,0,0,0,0,1
14027,0,0,0,0,1
14028,0,0,0,0,1
14029,0,0,0,0,1
14030,0,0,0,0,1
14031,0,0,0,0,1
14032,0,0,0,0,1
14033,0,0,0,0,1
14034,0,0,0,0,1
14035,0,0,0,0,1
14036,0,0,0,0,1
14037,0,0,0,0,1
14038,0,0,0,0,1
14039,0,0,0,0,1
14040,0,0,0,0,1
14041,0,0,0,0,1
14042,0,0,0,0,1
14043,0,0,0,0,1
14044,0,0,0,0,1
14045,0,0,0,0,1
14046,0,0,0,0,1
14047,0,0,0,0,1
14048,0,0,0,0,1
14049,0,0,0,0,1
14050,0,0,0,0,1
14051,0,0,0,0,1
14052,0,0,0,0,1
14053,0,0,0,0,1
14054,0,0,0,0,1
14055,0,0,0,0,1
14056,0,0,0,0,1
14057,0,0,0,0,1
14058,0,0,0,0,1
14059,0,0,0,0,1
14060,0,0,0,0,1
14061,0,0,0,0,1
14062,0,0,0,0,1
14063,0,0,0,0,1
14064,0,0,0,0,1
14065,0,0,0,0,1
14066,0,0,0,0,1
14067,0,0,0,0,1
14068,0,0,0,0,1
14069,0,0,0,0,1
14070,0,0,0,0,1
14071,0,0,0,0,1
14072,0,0,0,0,1
14073,0,0,0,0,1
14074,0,0,0,0,1
14075,0,0,0,0,1
14076,0,0,0,0,1
14077,0,0,0,0,1
14078,0,0,0,0,1
14079,0,0,0,0,1
14080,0,0,0,0,1
14081,0,0,0,0,1
14082,0,0,0,0,1
14083,0,0,0,0,1
14084,0,0,0,0,1
14085,0,0,0,0,1
14086,0,0,0,0,1
14087,0,0,0,0,1
14088,0,0,0,0,1
14089,0,0,0,0,1
14090,0,0,0,0,1
14091,0,0,0,0,1
14092,0,0,0,0,1
14093,0,0,0,0,1
14094,0,0,0,0,1
14095,0,0,0,0,1
14096,0,0,0,0,1
14097,0,0,0,0,1
14098,0,0,0,0,1
14099,0,0,0,0,1
14100,0,0,0,0,1
14101,0,0,0,0,1
14102,0,0,0,0,1
14103,0,0,0,0,1
14104,0,0,0,0,1
14105,0,0,0,0,1
14106,0,0,0,0,1
14107,0,0,0,0,1
14108,0,0,0,0,1
14109,0,0,0,0,1
14110,0,0,0,0,1
14111,0,0,0,0,1
14112,0,0,0,0,1
14113,0,0,0,0,1
14114,0,0,0,0,1
14115,0,0,0,0,1
14116,0,0,0,0,1
14117,0,0,0,0,1
14118,0,0,0,0,1
14119,0,0,0,0,1
14120,0,0,0,0,1
14121,0,0,0,0,1
14122,0,0,0,0,1
14123,0,0,0,0,1
14124,0,0,0,0,1
14125,0,0,0,0,1
14126,0,0,0,0,1
14127,0,0,0,0,1
14128,0,0,0,0,1
14129,0,0,0,0,1
14130,0,0,0,0,1
14131,0,0,0,0,1
14132,0,0,0,0,1
14133,0,0,0,0,1
14134,0,0,0,0,1
14135,0,0,0,0,1
14136,0,0,0,0,1
14137,0,0,0,0,1
14138,0,0,0,0,1
14139,0,0,0,0,1
14140,0,0,0,0,1
14141,0,0,0,0,1
14142,0,0,0,0,1
14143,0,0,0,0,1
14144,0,0,0,0,1
14145,0,0,0,0,1
14146,0,0,0,0,1
14147,0,0,0,0,1
14148,0,0,0,0,1
14149,0,0,0,0,1
14150,1,0,0,0,0
14151,1,0,0,0,0
14152,1,0,0,0,0
14153,1,0,0,0,0
14154,1,0,0,0,0
14155,1,0,0,0,0
14156,1,0,0,0,0
14157,1,0,0,0,0
14158,1,0,0,0,0
14159,1,0,0,0,0
14160,1,0,0,0,0
14161,1,0,0,0,0
14162,1,0,0,0,0
14163,1,0,0,0,0
14164,1,0,0,0,0
14165,1,0,0,0,0
14166,1,0,0,0,0
14167,1,0,0,0,0
14168,1,0,0,0,0
14169,1,0,0,0,0
14170,1,0,0,0,0
14171,1,0,0,0,0
14172,1,0,0,0,0
14173,1,0,0,0,0
14174,1,0,0,0,0
14175,1,0,0,0,0
14176,1,0,0,0,0
14177,1,0,0,0,0
14178,1,0,0,0,0
14179,1,0,0,0,0
14180,1,0,0,0,0
14181,1,0,0,0,0
14182,1,0,0,0,0
14183,1,0,0,0,0
14184,1,0,0,0,0
14185,1,0,0,0,0
14186,1,0,0,0,0
14187,1,0,0,0,0
14188,1,0,0,0,0
14189,1,0,0,0,0
14190,1,0,0,0,0
14191,0,0,0,0,1
14192,0,0,0,0,1
14193,0,0,0,0,1
14194,0,0,0,0,1
14195,0,0,0,0,1
14196,0,0,0,0,1
14197,0,0,0,0,1
14198,1,0,0,0,0
14199,1,0,0,0,0
14200,1,0,0,0,0
14201,1,0,0,0,0
14202,1,0,0,0,0
14203,1,0,0,0,0
14204,1,0,0,0,0
14205,1,0,0,0,0
14206,1,0,0,0,0
14207,1,0,0,0,0
14208,1,0,0,0,0
14209,1,0,0,0,0
14210,1,0,0,0,0
14211,1,0,0,0,0
14212,1,0,0,0,0
14213,1,0,0,0,0
14214,1,0,0,0,0
14215,1,0,0,0,0
14216,1,0,0,0,0
14217,1,0,0,0,0
14218,1,0,0,0,0
14219,1,0,0,0,0
14220,1,0,0,0,0
14221,1,0,0,0,0
14222,1,0,0,0,0
14223,1,0,0,0,0
14224,1,0,0,0,0
14225,1,0,0,0,0
14226,1,0,0,0,0
14227,1,0,0,0,0
14228,1,0,0,0,0
14229,1,0,0,0,0
14230,1,0,0,0,0
14231,1,0,0,0,0
14232,1,0,0,0,0
14233,1,0,0,0,0
14234,1,0,0,0,0
14235,1,0,0,0,0
14236,1,0,0,0,0
14237,1,0,0,0,0
14238,1,0,0,0,0
14239,1,0,0,0,0
14240,1,0,0,0,0
14241,1,0,0,0,0
14242,1,0,0,0,0
14243,1,0,0,0,0
14244,1,0,0,0,0
14245,1,0,0,0,0
14246,1,0,0,0,0
14247,1,0,0,0,0
14248,1,0,0,0,0
14249,1,0,0,0,0
14250,1,0,0,0,0
14251,1,0,0,0,0
14252,1,0,0,0,0
14253,1,0,0,0,0
14254,1,0,0,0,0
14255,1,0,0,0,0
14256,1,0,0,0,0
14257,1,0,0,0,0
14258,1,0,0,0,0
14259,1,0,0,0,0
14260,1,0,0,0,0
14261,1,0,0,0,0
14262,1,0,0,0,0
14263,1,0,0,0,0
14264,1,0,0,0,0
14265,1,0,0,0,0
14266,1,0,0,0,0
14267,1,0,0,0,0
14268,1,0,0,0,0
14269,1,0,0,0,0
14270,1,0,0,0,0
14271,1,0,0,0,0
14272,1,0,0,0,0
14273,1,0,0,0,0
14274,1,0,0,0,0
14275,1,0,0,0,0
14276,1,0,0,0,0
14277,1,0,0,0,0
14278,1,0,0,0,0
14279,1,0,0,0,0
14280,1,0,0,0,0
14281,1,0,0,0,0
14282,1,0,0,0,0
14283,1,0,0,0,0
14284,1,0,0,0,0
14285,1,0,0,0,0
14286,1,0,0,0,0
14287,1,0,0,0,0
14288,1,0,0,0,0
14289,1,0,0,0,0
14290,1,0,0,0,0
14291,1,0,0,0,0
14292,1,0,0,0,0
14293,1,0,0,0,0
14294,1,0,0,0,0
14295,1,0,0,0,0
14296,1,0,0,0,0
14297,1,0,0,0,0
14298,1,0,0,0,0
14299,1,0,0,0,0
14300,1,0,0,0,0
14301,1,0,0,0,0
14302,1,0,0,0,0
14303,1,0,0,0,0
14304,1,0,0,0,0
14305,1,0,0,0,0
14306,1,0,0,0,0
14307,1,0,0,0,0
14308,1,0,0,0,0
14309,1,0,0,0,0
14310,1,0,0,0,0
14311,1,0,0,0,0
14312,1,0,0,0,0
14313,1,0,0,0,0
14314,1,0,0,0,0
14315,1,0,0,0,0
14316,1,0,0,0,0
14317,1,0,0,0,0
14318,1,0,0,0,0
14319,1,0,0,0,0
14320,1,0,0,0,0
14321,1,0,0,0,0
14322,1,0,0,0,0
14323,1,0,0,0,0
14324,1,0,0,0,0
14325,1,0,0,0,0
14326,1,0,0,0,0
14327,1,0,0,0,0
14328,1,0,0,0,0
14329,1,0,0,0,0
14330,1,0,0,0,0
14331,1,0,0,0,0
14332,1,0,0,0,0
14333,1,0,0,0,0
14334,1,0,0,0,0
14335,1,0,0,0,0
14336,1,0,0,0,0
14337,1,0,0,0,0
14338,1,0,0,0,0
14339,1,0,0,0,0
14340,1,0,0,0,0
14341,1,0,0,0,0
14342,1,0,0,0,0
14343,1,0,0,0,0
14344,1,0,0,0,0
14345,1,0,0,0,0
14346,1,0,0,0,0
14347,1,0,0,0,0
14348,1,0,0,0,0
14349,1,0,0,0,0
14350,1,0,0,0,0
14351,1,0,0,0,0
14352,1,0,0,0,0
14353,1,0,0,0,0
14354,1,0,0,0,0
14355,1,0,0,0,0
14356,1,0,0,0,0
14357,1,0,0,0,0
14358,1,0,0,0,0
14359,1,0,0,0,0
14360,1,0,0,0,0
14361,1,0,0,0,0
14362,1,0,0,0,0
14363,1,0,0,0,0
14364,1,0,0,0,0
14365,1,0,0,0,0
14366,1,0,0,0,0
14367,1,0,0,0,0
14368,1,0,0,0,0
14369,1,0,0,0,0
14370,1,0,0,0,0
14371,1,0,0,0,0
14372,1,0,0,0,0
14373,1,0,0,0,0
14374,1,0,0,0,0
14375,1,0,0,0,0
14376,1,0,0,0,0
14377,1,0,0,0,0
14378,1,0,0,0,0
14379,1,0,0,0,0
14380,1,0,0,0,0
14381,1,0,0,0,0
14382,1,0,0,0,0
14383,1,0,0,0,0
14384,1,0,0,0,0
14385,1,0,0,0,0
14386,1,0,0,0,0
14387,1,0,0,0,0
14388,1,0,0,0,0
14389,1,0,0,0,0
14390,1,0,0,0,0
14391,1,0,0,0,0
14392,1,0,0,0,0
14393,1,0,0,0,0
14394,1,0,0,0,0
14395,1,0,0,0,0
14396,1,0,0,0,0
14397,1,0,0,0,0
14398,1,0,0,0,0
14399,1,0,0,0,0
14400,1,0,0,0,0
14401,1,0,0,0,0
14402,1,0,0,0,0
14403,1,0,0,0,0
14404,1,0,0,0,0
14405,1,0,0,0,0
14406,1,0,0,0,0
14407,1,0,0,0,0
14408,1,0,0,0,0
14409,1,0,0,0,0
14410,1,0,0,0,0
14411,1,0,0,0,0
14412,1,0,0,0,0
14413,1,0,0,0,0
14414,1,0,0,0,0
14415,1,0,0,0,0
14416,1,0,0,0,0
14417,1,0,0,0,0
14418,1,0,0,0,0
14419,1,0,0,0,0
14420,1,0,0,0,0
14421,1,0,0,0,0
14422,1,0,0,0,0
14423,1,0,0,0,0
14424,1,0,0,0,0
14425,1,0,0,0,0
14426,1,0,0,0,0
14427,1,0,0,0,0
14428,1,0,0,0,0
14429,1,0,0,0,0
14430,1,0,0,0,0
14431,1,0,0,0,0
14432,1,0,0,0,0
14433,1,0,0,0,0
14434,1,0,0,0,0
14435,1,0,0,0,0
14436,1,0,0,0,0
14437,1,0,0,0,0
14438,1,0,0,0,0
14439,1,0,0,0,0
14440,1,0,0,0,0
14441,1,0,0,0,0
14442,1,0,0,0,0
14443,1,0,0,0,0
14444,1,0,0,0,0
14445,1,0,0,0,0
14446,1,0,0,0,0
14447,1,0,0,0,0
14448,1,0,0,0,0
14449,1,0,0,0,0
14450,1,0,0,0,0
14451,1,0,0,0,0
14452,1,0,0,0,0
14453,1,0,0,0,0
14454,1,0,0,0,0
14455,1,0,0,0,0
14456,1,0,0,0,0
14457,1,0,0,0,0
14458,1,0,0,0,0
14459,1,0,0,0,0
14460,1,0,0,0,0
14461,1,0,0,0,0
14462,1,0,0,0,0
14463,1,0,0,0,0
14464,1,0,0,0,0
14465,1,0,0,0,0
14466,1,0,0,0,0
14467,1,0,0,0,0
14468,1,0,0,0,0
14469,1,0,0,0,0
14470,1,0,0,0,0
14471,1,0,0,0,0
14472,1,0,0,0,0
14473,1,0,0,0,0
14474,1,0,0,0,0
14475,1,0,0,0,0
14476,1,0,0,0,0
14477,1,0,0,0,0
14478,1,0,0,0,0
14479,1,0,0,0,0
14480,1,0,0,0,0
14481,1,0,0,0,0
14482,1,0,0,0,0
14483,1,0,0,0,0
14484,1,0,0,0,0
14485,1,0,0,0,0
14486,1,0,0,0,0
14487,1,0,0,0,0
14488,1,0,0,0,0
14489,1,0,0,0,0
14490,1,0,0,0,0
14491,1,0,0,0,0
14492,1,0,0,0,0
14493,1,0,0,0,0
14494,1,0,0,0,0
14495,1,0,0,0,0
14496,1,0,0,0,0
14497,1,0,0,0,0
14498,1,0,0,0,0
14499,1,0,0,0,0
14500,1,0,0,0,0
14501,1,0,0,0,0
14502,1,0,0,0,0
14503,1,0,0,0,0
14504,1,0,0,0,0
14505,1,0,0,0,0
14506,1,0,0,0,0
14507,1,0,0,0,0
14508,1,0,0,0,0
14509,1,0,0,0,0
14510,1,0,0,0,0
14511,1,0,0,0,0
14512,1,0,0,0,0
14513,1,0,0,0,0
14514,1,0,0,0,0
14515,1,0,0,0,0
14516,1,0,0,0,0
14517,1,0,0,0,0
14518,1,0,0,0,0
14519,1,0,0,0,0
14520,1,0,0,0,0
14521,1,0,0,0,0
14522,1,0,0,0,0
14523,1,0,0,0,0
14524,1,0,0,0,0
14525,1,0,0,0,0
14526,1,0,0,0,0
14527,1,0,0,0,0
14528,1,0,0,0,0
14529,1,0,0,0,0
14530,1,0,0,0,0
14531,1,0,0,0,0
14532,1,0,0,0,0
14533,1,0,0,0,0
14534,1,0,0,0,0
14535,1,0,0,0,0
14536,1,0,0,0,0
14537,1,0,0,0,0
14538,1,0,0,0,0
14539,1,0,0,0,0
14540,1,0,0,0,0
14541,1,0,0,0,0
14542,1,0,0,0,0
14543,1,0,0,0,0
14544,1,0,0,0,0
14545,1,0,0,0,0
14546,1,0,0,0,0
14547,1,0,0,0,0
14548,1,0,0,0,0
14549,1,0,0,0,0
14550,1,0,0,0,0
14551,1,0,0,0,0
14552,1,0,0,0,0
14553,1,0,0,0,0
14554,1,0,0,0,0
14555,1,0,0,0,0
14556,1,0,0,0,0
14557,1,0,0,0,0
14558,1,0,0,0,0
14559,1,0,0,0,0
14560,1,0,0,0,0
14561,1,0,0,0,0
14562,0,0,0,0,1
14563,0,0,0,0,1
14564,0,0,0,0,1
14565,0,0,0,0,1
14566,0,0,0,0,1
14567,0,0,0,0,1
14568,0,0,0,0,1
14569,0,0,0,0,1
14570,0,0,0,0,1
14571,0,0,0,0,1
14572,0,0,0,0,1
14573,0,0,0,0,1
14574,0,0,0,0,1
14575,0,0,0,0,1
14576,0,0,0,0,1
14577,0,0,0,0,1
14578,0,0,0,0,1
14579,0,0,0,0,1
14580,0,0,0,0,1
14581,0,0,0,0,1
14582,0,0,0,0,1
14583,0,0,0,0,1
14584,0,0,0,0,1
14585,0,0,0,0,1
14586,0,0,0,0,1
14587,0,0,0,0,1
14588,0,0,0,0,1
14589,0,0,0,0,1
14590,0,0,0,0,1
14591,0,0,0,0,1
14592,0,0,0,0,1
14593,0,0,0,0,1
14594,0,0,0,0,1
14595,0,0,0,0,1
14596,0,0,0,0,1
14597,0,0,0,0,1
14598,0,0,0,0,1
14599,0,0,0,0,1
14600,0,0,0,0,1
14601,0,0,0,0,1
14602,0,0,0,0,1
14603,0,0,0,0,1
14604,0,0,0,0,1
14605,0,0,0,0,1
14606,0,0,0,0,1
14607,0,0,0,0,1
14608,0,0,0,0,1
14609,0,0,0,0,1
14610,0,0,0,0,1
14611,0,0,0,0,1
14612,0,0,0,0,1
14613,0,0,0,0,1
14614,0,0,0,0,1
14615,0,0,0,0,1
14616,0,0,0,0,1
14617,0,0,0,0,1
14618,0,0,0,0,1
14619,0,0,0,0,1
14620,0,0,0,0,1
14621,0,0,0,0,1
14622,0,0,0,0,1
14623,0,0,0,0,1
14624,0,0,0,0,1
14625,0,0,0,0,1
14626,0,0,0,0,1
14627,0,0,0,0,1
14628,0,0,0,0,1
14629,0,0,0,0,1
14630,0,0,0,0,1
14631,0,0,0,0,1
14632,0,0,0,0,1
14633,0,0,0,0,1
14634,0,0,0,0,1
14635,0,0,0,0,1
14636,0,0,0,0,1
14637,0,0,0,0,1
14638,0,0,0,0,1
14639,0,0,0,0,1
14640,0,0,0,0,1
14641,0,0,0,0,1
14642,0,0,0,0,1
14643,0,0,0,0,1
14644,0,0,0,0,1
14645,0,0,0,0,1
14646,0,0,0,0,1
14647,0,0,0,0,1
14648,0,0,0,0,1
14649,0,0,0,0,1
14650,0,0,0,0,1
14651,0,0,0,0,1
14652,0,0,0,0,1
14653,0,0,0,0,1
14654,0,0,0,0,1
14655,0,0,0,0,1
14656,0,0,0,0,1
14657,0,0,0,0,1
14658,0,0,0,0,1
14659,0,0,0,0,1
14660,0,0,0,0,1
14661,0,0,0,0,1
14662,0,0,0,0,1
14663,0,0,0,0,1
14664,0,0,0,0,1
14665,0,0,0,0,1
14666,0,0,0,0,1
14667,0,0,0,0,1
14668,0,0,0,0,1
14669,0,0,0,0,1
14670,0,0,0,0,1
14671,0,0,0,0,1
14672,0,0,0,0,1
14673,0,0,0,0,1
14674,0,0,0,0,1
14675,0,0,0,0,1
14676,0,0,0,0,1
14677,0,0,0,0,1
14678,0,0,0,0,1
14679,0,0,0,0,1
14680,0,0,0,0,1
14681,0,0,0,0,1
14682,0,0,0,0,1
14683,0,0,0,0,1
14684,0,0,0,0,1
14685,1,0,0,0,0
14686,1,0,0,0,0
14687,1,0,0,0,0
14688,1,0,0,0,0
14689,1,0,0,0,0
14690,1,0,0,0,0
14691,1,0,0,0,0
14692,1,0,0,0,0
14693,1,0,0,0,0
14694,1,0,0,0,0
14695,1,0,0,0,0
14696,1,0,0,0,0
14697,1,0,0,0,0
14698,1,0,0,0,0
14699,1,0,0,0,0
14700,1,0,0,0,0
14701,1,0,0,0,0
14702,1,0,0,0,0
14703,1,0,0,0,0
14704,1,0,0,0,0
14705,1,0,0,0,0
14706,1,0,0,0,0
14707,1,0,0,0,0
14708,1,0,0,0,0
14709,1,0,0,0,0
14710,1,0,0,0,0
14711,1,0,0,0,0
14712,1,0,0,0,0
14713,1,0,0,0,0
14714,1,0,0,0,0
14715,1,0,0,0,0
14716,0,0,0,0,1
14717,0,0,0,0,1
14718,0,0,0,0,1
14719,0,0,0,0,1
14720,0,1,0,0,0
14721,0,1,0,0,0
14722,0,1,0,0,0
14723,0,1,0,0,0
14724,0,1,0,0,0
14725,0,1,0,0,0
14726,0,1,0,0,0
14727,0,1,0,0,0
14728,0,1,0,0,0
14729,0,1,0,0,0
14730,0,1,0,0,0
14731,0,1,0,0,0
14732,0,1,0,0,0
14733,0,1,0,0,0
14734,0,1,0,0,0
14735,0,0,0,0,1
14736,0,0,0,0,1
14737,0,0,0,0,1
14738,0,0,0,0,1
14739,0,0,0,0,1
14740,0,0,0,0,1
14741,0,0,0,0,1
14742,0,0,0,0,1
14743,0,0,0,0,1
14744,0,0,0,0,1
14745,0,0,0,0,1
14746,0,0,0,0,1
14747,0,0,0,0,1
14748,0,0,0,0,1
14749,0,0,0,0,1
14750,0,0,0,0,1
14751,0,0,0,0,1
14752,0,0,0,0,1
14753,0,0,0,0,1
14754,0,0,0,0,1
14755,1,0,0,0,0
14756,1,0,0,0,0
14757,1,0,0,0,0
14758,1,0,0,0,0
14759,1,0,0,0,0
14760,1,0,0,0,0
14761,1,0,0,0,0
14762,1,0,0,0,0
14763,1,0,0,0,0
14764,1,0,0,0,0
14765,1,0,0,0,0
14766,1,0,0,0,0
14767,1,0,0,0,0
14768,1,0,0,0,0
14769,1,0,0,0,0
14770,1,0,0,0,0
14771,1,0,0,0,0
14772,1,0,0,0,0
14773,1,0,0,0,0
14774,1,0,0,0,0
14775,1,0,0,0,0
14776,1,0,0,0,0
14777,1,0,0,0,0
14778,1,0,0,0,0
14779,1,0,0,0,0
14780,1,0,0,0,0
14781,1,0,0,0,0
14782,1,0,0,0,0
14783,1,0,0,0,0
14784,1,0,0,0,0
14785,1,0,0,0,0
14786,1,0,0,0,0
14787,1,0,0,0,0
14788,1,0,0,0,0
14789,1,0,0,0,0
14790,1,0,0,0,0
14791,1,0,0,0,0
14792,1,0,0,0,0
14793,1,0,0,0,0
14794,1,0,0,0,0
14795,1,0,0,0,0
14796,1,0,0,0,0
14797,1,0,0,0,0
14798,1,0,0,0,0
14799,1,0,0,0,0
14800,1,0,0,0,0
14801,1,0,0,0,0
14802,1,0,0,0,0
14803,1,0,0,0,0
14804,1,0,0,0,0
14805,1,0,0,0,0
14806,1,0,0,0,0
14807,1,0,0,0,0
14808,1,0,0,0,0
14809,1,0,0,0,0
14810,1,0,0,0,0
14811,1,0,0,0,0
14812,1,0,0,0,0
14813,1,0,0,0,0
14814,1,0,0,0,0
14815,1,0,0,0,0
14816,1,0,0,0,0
14817,1,0,0,0,0
14818,1,0,0,0,0
14819,1,0,0,0,0
14820,1,0,0,0,0
14821,1,0,0,0,0
14822,1,0,0,0,0
14823,1,0,0,0,0
14824,1,0,0,0,0
14825,1,0,0,0,0
14826,1,0,0,0,0
14827,1,0,0,0,0
14828,1,0,0,0,0
14829,1,0,0,0,0
14830,1,0,0,0,0
14831,1,0,0,0,0
14832,1,0,0,0,0
14833,1,0,0,0,0
14834,1,0,0,0,0
14835,1,0,0,0,0
14836,1,0,0,0,0
14837,1,0,0,0,0
14838,1,0,0,0,0
14839,1,0,0,0,0
14840,1,0,0,0,0
14841,1,0,0,0,0
14842,0,0,0,0,1
14843,0,0,0,0,1
14844,0,0,0,0,1
14845,0,0,0,0,1
14846,0,0,0,0,1
14847,0,0,0,0,1
14848,0,0,0,0,1
14849,0,0,0,0,1
14850,0,0,0,0,1
14851,0,0,0,0,1
14852,0,0,0,0,1
14853,0,0,0,0,1
14854,0,0,0,0,1
14855,0,0,0,0,1
14856,0,0,0,0,1
14857,0,0,0,0,1
14858,0,0,0,0,1
14859,0,0,0,0,1
14860,0,0,0,0,1
14861,0,0,0,0,1
14862,0,0,0,0,1
14863,0,0,0,0,1
14864,0,0,0,0,1
14865,0,0,0,0,1
14866,0,0,0,0,1
14867,1,0,0,0,0
14868,1,0,0,0,0
14869,1,0,0,0,0
14870,1,0,0,0,0
14871,1,0,0,0,0
14872,1,0,0,0,0
14873,1,0,0,0,0
14874,1,0,0,0,0
14875,1,0,0,0,0
14876,1,0,0,0,0
14877,1,0,0,0,0
14878,1,0,0,0,0
14879,1,0,0,0,0
14880,1,0,0,0,0
14881,1,0,0,0,0
14882,1,0,0,0,0
14883,1,0,0,0,0
14884,1,0,0,0,0
14885,1,0,0,0,0
14886,1,0,0,0,0
14887,1,0,0,0,0
14888,1,0,0,0,0
14889,1,0,0,0,0
14890,1,0,0,0,0
14891,1,0,0,0,0
14892,1,0,0,0,0
14893,1,0,0,0,0
14894,1,0,0,0,0
14895,1,0,0,0,0
14896,1,0,0,0,0
14897,1,0,0,0,0
14898,1,0,0,0,0
14899,1,0,0,0,0
14900,1,0,0,0,0
14901,1,0,0,0,0
14902,1,0,0,0,0
14903,1,0,0,0,0
14904,1,0,0,0,0
14905,1,0,0,0,0
14906,1,0,0,0,0
14907,1,0,0,0,0
14908,1,0,0,0,0
14909,1,0,0,0,0
14910,1,0,0,0,0
14911,1,0,0,0,0
14912,1,0,0,0,0
14913,1,0,0,0,0
14914,1,0,0,0,0
14915,1,0,0,0,0
14916,1,0,0,0,0
14917,1,0,0,0,0
14918,1,0,0,0,0
14919,1,0,0,0,0
14920,1,0,0,0,0
14921,1,0,0,0,0
14922,1,0,0,0,0
14923,1,0,0,0,0
14924,1,0,0,0,0
14925,1,0,0,0,0
14926,1,0,0,0,0
14927,1,0,0,0,0
14928,1,0,0,0,0
14929,1,0,0,0,0
14930,1,0,0,0,0
14931,1,0,0,0,0
14932,1,0,0,0,0
14933,1,0,0,0,0
14934,1,0,0,0,0
14935,1,0,0,0,0
14936,1,0,0,0,0
14937,1,0,0,0,0
14938,1,0,0,0,0
14939,1,0,0,0,0
14940,1,0,0,0,0
14941,1,0,0,0,0
14942,1,0,0,0,0
14943,1,0,0,0,0
14944,1,0,0,0,0
14945,1,0,0,0,0
14946,1,0,0,0,0
14947,1,0,0,0,0
14948,1,0,0,0,0
14949,0,0,0,0,1
14950,0,0,0,0,1
14951,0,0,0,0,1
14952,0,0,0,0,1
14953,0,0,0,0,1
14954,0,0,0,0,1
14955,0,0,0,0,1
14956,0,0,0,0,1
14957,0,0,0,0,1
14958,0,0,0,0,1
14959,0,0,0,0,1
14960,0,0,0,0,1
14961,0,0,0,0,1
14962,0,0,0,0,1
14963,0,0,0,0,1
14964,0,0,0,0,1
14965,0,0,0,0,1
14966,0,0,0,0,1
14967,0,0,0,0,1
14968,0,0,0,0,1
14969,0,0,0,0,1
14970,0,0,0,0,1
14971,0,0,0,0,1
14972,0,0,0,0,1
14973,0,0,0,0,1
14974,0,0,0,0,1
14975,0,0,0,0,1
14976,0,0,0,0,1
14977,0,0,0,0,1
14978,0,0,0,0,1
14979,0,0,0,0,1
14980,0,0,0,0,1
14981,0,0,0,0,1
14982,0,0,0,0,1
14983,0,0,0,0,1
14984,0,0,0,0,1
14985,0,0,0,0,1
14986,0,0,0,0,1
14987,0,0,0,0,1
14988,0,0,0,0,1
14989,0,0,0,0,1
14990,0,0,0,0,1
14991,0,0,0,0,1
14992,0,0,0,0,1
14993,0,0,0,0,1
14994,0,0,0,0,1
14995,0,0,0,0,1
14996,0,0,0,0,1
14997,0,0,0,0,1
14998,0,0,0,0,1
14999,0,0,0,0,1
15000,0,0,0,0,1
15001,0,0,0,0,1
15002,0,0,0,0,1
15003,0,0,0,0,1
15004,0,0,0,0,1
15005,0,0,0,0,1
15006,0,0,0,0,1
15007,0,0,0,0,1
15008,0,0,0,0,1
15009,0,0,0,0,1
15010,0,0,0,0,1
15011,0,0,0,0,1
15012,0,0,0,0,1
15013,0,0,0,0,1
15014,0,0,0,0,1
15015,0,0,0,0,1
15016,0,0,0,0,1
15017,0,0,0,0,1
15018,0,0,0,0,1
15019,0,0,0,0,1
15020,0,0,0,0,1
15021,0,0,0,0,1
15022,0,0,0,0,1
15023,0,0,0,0,1
15024,0,0,0,0,1
15025,0,0,0,0,1
15026,0,0,0,0,1
15027,0,0,0,0,1
15028,0,0,0,0,1
15029,0,0,0,0,1
15030,0,0,0,0,1
15031,0,0,0,0,1
15032,0,0,0,0,1
15033,0,0,0,0,1
15034,0,0,0,0,1
15035,0,0,0,0,1
15036,0,0,0,0,1
15037,0,0,0,0,1
15038,0,0,0,0,1
15039,0,0,0,0,1
15040,0,0,0,0,1
15041,0,0,0,0,1
15042,0,0,0,0,1
15043,0,0,0,0,1
15044,0,0,0,0,1
15045,0,0,0,0,1
15046,0,0,0,0,1
15047,0,0,0,0,1
15048,0,0,0,0,1
15049,0,0,0,0,1
15050,0,0,0,0,1
15051,0,0,0,0,1
15052,0,0,0,0,1
15053,0,0,0,0,1
15054,0,0,1,0,0
15055,0,0,1,0,0
15056,0,0,1,0,0
15057,0,0,1,0,0
15058,0,0,1,0,0
15059,0,0,1,0,0
15060,0,0,1,0,0
15061,0,0,1,0,0
15062,0,0,1,0,0
15063,0,0,1,0,0
15064,0,0,1,0,0
15065,0,0,1,0,0
15066,0,0,1,0,0
15067,0,0,1,0,0
15068,0,0,1,0,0
15069,0,0,1,0,0
15070,0,0,1,0,0
15071,0,0,1,0,0
15072,0,0,1,0,0
15073,0,0,1,0,0
15074,0,0,1,0,0
15075,0,0,1,0,0
15076,0,0,1,0,0
15077,0,0,1,0,0
15078,0,0,1,0,0
15079,0,0,1,0,0
15080,0,0,1,0,0
15081,0,0,1,0,0
15082,0,0,1,0,0
15083,0,0,1,0,0
15084,0,0,1,0,0
15085,0,0,1,0,0
15086,0,0,1,0,0
15087,0,0,1,0,0
15088,0,0,1,0,0
15089,0,0,1,0,0
15090,0,0,1,0,0
15091,0,0,1,0,0
15092,0,0,1,0,0
15093,0,0,1,0,0
15094,0,0,1,0,0
15095,0,0,1,0,0
15096,0,0,1,0,0
15097,0,0,1,0,0
15098,0,0,1,0,0
15099,0,0,1,0,0
15100,0,0,1,0,0
15101,0,0,1,0,0
15102,0,0,1,0,0
15103,0,0,1,0,0
15104,0,0,1,0,0
15105,0,0,1,0,0
15106,0,0,1,0,0
15107,0,0,1,0,0
15108,0,0,1,0,0
15109,0,0,1,0,0
15110,0,0,1,0,0
15111,0,0,1,0,0
15112,0,0,1,0,0
15113,0,0,1,0,0
15114,0,0,1,0,0
15115,0,0,1,0,0
15116,0,0,1,0,0
15117,0,0,1,0,0
15118,0,0,1,0,0
15119,0,0,1,0,0
15120,0,0,1,0,0
15121,0,0,0,0,1
15122,0,0,0,0,1
15123,0,0,0,0,1
15124,0,0,0,0,1
15125,0,0,0,0,1
15126,0,0,0,0,1
15127,0,0,0,0,1
15128,0,0,0,0,1
15129,0,0,0,0,1
15130,0,0,0,0,1
15131,0,0,0,0,1
15132,0,0,0,0,1
15133,0,0,0,0,1
15134,0,0,0,0,1
15135,0,0,0,0,1
15136,0,0,0,0,1
15137,0,0,0,0,1
15138,0,0,0,0,1
15139,0,0,0,0,1
15140,0,0,0,0,1
15141,0,0,0,0,1
15142,0,0,0,0,1
15143,0,0,0,0,1
15144,0,0,0,0,1
15145,0,0,0,0,1
15146,0,0,0,0,1
15147,0,0,0,0,1
15148,0,0,0,0,1
15149,0,0,0,0,1
15150,0,0,0,0,1
15151,0,0,0,0,1
15152,0,0,0,0,1
15153,0,0,0,0,1
15154,0,0,0,0,1
15155,0,0,0,0,1
15156,0,0,0,0,1
15157,0,0,0,0,1
15158,0,0,0,0,1
15159,0,0,0,0,1
15160,0,0,0,0,1
15161,0,0,0,0,1
15162,0,0,0,0,1
15163,0,0,0,0,1
15164,0,0,0,0,1
15165,0,0,0,0,1
15166,0,0,0,0,1
15167,0,0,0,0,1
15168,0,0,0,0,1
15169,0,0,0,0,1
15170,0,0,0,0,1
15171,0,0,0,0,1
15172,0,0,0,0,1
15173,0,0,0,0,1
15174,0,0,0,0,1
15175,0,0,0,0,1
15176,0,0,0,0,1
15177,0,0,0,0,1
15178,0,0,0,0,1
15179,0,0,0,0,1
15180,0,0,0,0,1
15181,0,0,0,0,1
15182,0,0,0,0,1
15183,0,0,0,0,1
15184,0,0,0,0,1
15185,0,0,0,0,1
15186,0,0,0,0,1
15187,0,0,0,0,1
15188,0,0,0,0,1
15189,0,0,0,0,1
15190,0,0,0,0,1
15191,0,0,0,0,1
15192,0,0,0,0,1
15193,0,0,0,0,1
15194,0,0,0,0,1
15195,0,0,0,0,1
15196,0,0,0,0,1
15197,0,0,0,0,1
15198,0,0,0,0,1
15199,0,0,0,0,1
15200,0,0,0,0,1
15201,0,0,0,0,1
15202,0,0,0,0,1
15203,1,0,0,0,0
15204,1,0,0,0,0
15205,1,0,0,0,0
15206,1,0,0,0,0
15207,1,0,0,0,0
15208,1,0,0,0,0
15209,1,0,0,0,0
15210,1,0,0,0,0
15211,1,0,0,0,0
15212,1,0,0,0,0
15213,1,0,0,0,0
15214,1,0,0,0,0
15215,1,0,0,0,0
15216,1,0,0,0,0
15217,1,0,0,0,0
15218,1,0,0,0,0
15219,1,0,0,0,0
15220,1,0,0,0,0
15221,1,0,0,0,0
15222,1,0,0,0,0
15223,1,0,0,0,0
15224,1,0,0,0,0
15225,1,0,0,0,0
15226,1,0,0,0,0
15227,1,0,0,0,0
15228,1,0,0,0,0
15229,1,0,0,0,0
15230,1,0,0,0,0
15231,1,0,0,0,0
15232,1,0,0,0,0
15233,1,0,0,0,0
15234,1,0,0,0,0
15235,1,0,0,0,0
15236,1,0,0,0,0
15237,1,0,0,0,0
15238,1,0,0,0,0
15239,1,0,0,0,0
15240,1,0,0,0,0
15241,1,0,0,0,0
15242,1,0,0,0,0
15243,1,0,0,0,0
15244,1,0,0,0,0
15245,1,0,0,0,0
15246,1,0,0,0,0
15247,1,0,0,0,0
15248,1,0,0,0,0
15249,1,0,0,0,0
15250,1,0,0,0,0
15251,1,0,0,0,0
15252,1,0,0,0,0
15253,1,0,0,0,0
15254,1,0,0,0,0
15255,1,0,0,0,0
15256,1,0,0,0,0
15257,1,0,0,0,0
15258,1,0,0,0,0
15259,1,0,0,0,0
15260,1,0,0,0,0
15261,1,0,0,0,0
15262,1,0,0,0,0
15263,1,0,0,0,0
15264,1,0,0,0,0
15265,1,0,0,0,0
15266,1,0,0,0,0
15267,1,0,0,0,0
15268,1,0,0,0,0
15269,1,0,0,0,0
15270,1,0,0,0,0
15271,1,0,0,0,0
15272,1,0,0,0,0
15273,1,0,0,0,0
15274,1,0,0,0,0
15275,1,0,0,0,0
15276,1,0,0,0,0
15277,1,0,0,0,0
15278,1,0,0,0,0
15279,0,0,0,0,1
15280,0,0,0,0,1
15281,0,0,0,0,1
15282,0,0,0,0,1
15283,0,0,0,0,1
15284,0,0,0,0,1
15285,0,0,0,0,1
15286,0,0,0,0,1
15287,0,0,0,0,1
15288,0,0,0,0,1
15289,0,0,0,0,1
15290,0,0,0,0,1
15291,0,0,0,0,1
15292,0,0,0,0,1
15293,0,0,0,0,1
15294,0,0,0,0,1
15295,0,0,0,0,1
15296,0,0,0,0,1
15297,0,0,0,0,1
15298,0,0,0,0,1
15299,0,0,0,0,1
15300,0,0,0,0,1
15301,0,0,0,0,1
15302,0,0,0,0,1
15303,0,0,0,0,1
15304,0,0,0,0,1
15305,0,0,0,0,1
15306,0,0,0,0,1
15307,0,0,0,0,1
15308,0,0,0,0,1
15309,0,0,0,0,1
15310,0,0,0,0,1
15311,0,0,0,0,1
15312,0,0,0,0,1
15313,0,0,0,0,1
15314,0,0,0,0,1
15315,0,0,0,0,1
15316,0,0,0,0,1
15317,0,0,0,0,1
15318,0,0,0,0,1
15319,0,0,0,0,1
15320,0,0,0,0,1
15321,0,0,0,0,1
15322,0,0,0,0,1
15323,0,0,0,0,1
15324,0,0,0,0,1
15325,0,0,0,0,1
15326,0,0,0,0,1
15327,0,0,0,0,1
15328,0,0,0,0,1
15329,0,0,0,0,1
15330,0,0,0,0,1
15331,0,0,0,0,1
15332,0,0,0,0,1
15333,0,0,0,0,1
15334,0,0,0,0,1
15335,0,0,0,0,1
15336,0,0,0,0,1
15337,0,0,0,0,1
15338,0,0,0,0,1
15339,0,0,0,0,1
15340,0,0,0,0,1
15341,0,0,0,0,1
15342,0,0,0,0,1
15343,0,0,0,0,1
15344,0,0,0,0,1
15345,0,0,0,0,1
15346,1,0,0,0,0
15347,1,0,0,0,0
15348,1,0,0,0,0
15349,1,0,0,0,0
15350,1,0,0,0,0
15351,1,0,0,0,0
15352,1,0,0,0,0
15353,1,0,0,0,0
15354,1,0,0,0,0
15355,1,0,0,0,0
15356,1,0,0,0,0
15357,1,0,0,0,0
15358,1,0,0,0,0
15359,1,0,0,0,0
15360,1,0,0,0,0
15361,1,0,0,0,0
15362,1,0,0,0,0
15363,1,0,0,0,0
15364,1,0,0,0,0
15365,1,0,0,0,0
15366,1,0,0,0,0
15367,1,0,0,0,0
15368,1,0,0,0,0
15369,1,0,0,0,0
15370,1,0,0,0,0
15371,1,0,0,0,0
15372,1,0,0,0,0
15373,1,0,0,0,0
15374,1,0,0,0,0
15375,1,0,0,0,0
15376,1,0,0,0,0
15377,1,0,0,0,0
15378,1,0,0,0,0
15379,1,0,0,0,0
15380,1,0,0,0,0
15381,1,0,0,0,0
15382,1,0,0,0,0
15383,0,0,0,0,1
15384,0,0,0,0,1
15385,0,0,0,0,1
15386,0,0,0,0,1
15387,0,0,0,0,1
15388,0,0,0,0,1
15389,0,0,0,0,1
15390,0,0,0,0,1
15391,0,0,0,0,1
15392,0,0,0,0,1
15393,0,0,0,0,1
15394,0,0,0,0,1
15395,0,0,0,0,1
15396,0,0,0,0,1
15397,0,0,0,0,1
15398,0,0,0,0,1
15399,0,0,0,0,1
15400,0,0,0,0,1
15401,0,0,0,0,1
15402,0,0,0,0,1
15403,0,0,0,0,1
15404,0,0,0,0,1
15405,0,0,0,0,1
15406,0,0,0,0,1
15407,0,0,0,0,1
15408,0,0,0,0,1
15409,0,0,0,0,1
15410,0,0,0,0,1
15411,0,0,0,0,1
15412,0,0,0,0,1
15413,0,0,0,0,1
15414,0,0,0,0,1
15415,0,0,0,0,1
15416,0,0,0,0,1
15417,0,0,0,0,1
15418,0,0,0,0,1
15419,0,0,0,0,1
15420,0,0,0,0,1
15421,0,0,0,0,1
15422,0,0,0,0,1
15423,0,0,0,0,1
15424,0,0,0,0,1
15425,0,0,0,0,1
15426,0,0,0,0,1
15427,0,0,0,0,1
15428,0,0,0,0,1
15429,0,0,0,0,1
15430,0,0,0,0,1
15431,0,0,0,0,1
15432,0,0,0,0,1
15433,0,0,0,0,1
15434,0,0,0,0,1
15435,0,0,0,0,1
15436,0,0,0,0,1
15437,0,0,0,0,1
15438,0,0,0,0,1
15439,0,0,0,0,1
15440,0,0,0,0,1
15441,0,0,0,0,1
15442,0,0,0,0,1
15443,0,0,0,0,1
15444,0,0,0,0,1
15445,0,0,0,0,1
15446,0,0,0,0,1
15447,0,0,0,0,1
15448,0,0,0,0,1
15449,0,0,0,0,1
15450,0,0,0,0,1
15451,0,0,0,0,1
15452,0,0,0,0,1
15453,0,0,0,0,1
15454,0,0,0,0,1
15455,0,0,0,0,1
15456,0,0,0,0,1
15457,0,0,0,0,1
15458,0,0,0,0,1
15459,0,0,0,0,1
15460,0,0,0,0,1
15461,0,0,0,0,1
15462,0,0,0,0,1
15463,0,0,0,0,1
15464,0,0,0,0,1
15465,0,0,0,0,1
15466,0,0,0,0,1
15467,0,0,0,0,1
15468,0,0,0,0,1
15469,0,0,0,0,1
15470,0,0,0,0,1
15471,0,0,0,0,1
15472,0,0,0,0,1
15473,0,0,0,0,1
15474,0,0,0,0,1
15475,0,0,0,0,1
15476,0,0,0,0,1
15477,0,0,0,0,1
15478,0,0,0,0,1
15479,0,0,0,0,1
15480,0,0,0,0,1
15481,0,0,0,0,1
15482,0,0,0,0,1
15483,0,0,0,0,1
15484,0,0,0,0,1
15485,0,0,0,0,1
15486,0,0,0,0,1
15487,0,0,0,0,1
15488,0,0,0,0,1
15489,0,0,0,0,1
15490,0,0,0,0,1
15491,0,0,0,0,1
15492,0,0,0,0,1
15493,0,0,0,0,1
15494,0,0,0,0,1
15495,0,0,0,0,1
15496,0,0,0,0,1
15497,0,0,0,0,1
15498,0,0,0,0,1
15499,0,0,0,0,1
15500,0,0,0,0,1
15501,0,0,0,0,1
15502,0,0,0,0,1
15503,0,0,0,0,1
15504,0,0,0,0,1
15505,0,0,0,0,1
15506,0,0,0,0,1
15507,0,0,0,0,1
15508,0,0,0,0,1
15509,0,0,0,0,1
15510,0,0,0,0,1
15511,0,0,0,0,1
15512,0,0,0,0,1
15513,0,0,0,0,1
15514,0,0,0,0,1
15515,0,0,0,0,1
15516,0,0,0,0,1
15517,0,0,0,0,1
15518,0,0,0,0,1
15519,0,0,0,0,1
15520,0,0,0,0,1
15521,0,0,0,0,1
15522,0,0,0,0,1
15523,0,0,0,0,1
15524,0,0,0,0,1
15525,0,0,0,0,1
15526,0,0,0,0,1
15527,0,0,0,0,1
15528,0,0,0,0,1
15529,0,0,0,0,1
15530,0,0,0,0,1
15531,0,0,0,0,1
15532,0,0,0,0,1
15533,0,0,0,0,1
15534,0,0,0,0,1
15535,0,0,0,0,1
15536,0,0,0,0,1
15537,0,0,0,0,1
15538,0,0,0,0,1
15539,0,0,0,0,1
15540,0,0,0,0,1
15541,0,0,0,0,1
15542,0,0,0,0,1
15543,0,0,0,0,1
15544,0,0,0,0,1
15545,0,0,0,0,1
15546,0,0,0,0,1
15547,0,0,0,0,1
15548,0,0,0,0,1
15549,0,0,0,0,1
15550,0,0,0,0,1
15551,0,0,0,0,1
15552,0,0,0,0,1
15553,0,0,0,0,1
15554,0,0,0,0,1
15555,0,0,0,0,1
15556,0,0,0,0,1
15557,0,0,0,0,1
15558,0,0,0,0,1
15559,0,0,0,0,1
15560,0,0,0,0,1
15561,0,0,0,0,1
15562,0,0,0,0,1
15563,0,0,0,0,1
15564,0,0,0,0,1
15565,0,0,0,0,1
15566,0,0,0,0,1
15567,0,0,0,0,1
15568,0,0,0,0,1
15569,0,0,0,0,1
15570,0,0,0,0,1
15571,0,0,0,0,1
15572,0,0,0,0,1
15573,0,0,0,0,1
15574,0,0,0,0,1
15575,0,0,0,0,1
15576,0,0,0,0,1
15577,0,0,0,0,1
15578,0,0,0,0,1
15579,0,0,0,0,1
15580,0,0,0,0,1
15581,0,0,0,0,1
15582,0,0,0,0,1
15583,0,0,0,0,1
15584,0,0,0,0,1
15585,0,0,0,0,1
15586,0,0,0,0,1
15587,0,0,0,0,1
15588,0,0,0,0,1
15589,0,0,0,0,1
15590,0,0,0,0,1
15591,0,0,0,0,1
15592,0,0,0,0,1
15593,0,0,0,0,1
15594,0,0,0,0,1
15595,0,0,0,0,1
15596,0,0,0,0,1
15597,0,0,0,0,1
15598,0,0,0,0,1
15599,0,0,0,0,1
15600,0,0,0,0,1
15601,0,0,0,0,1
15602,0,0,0,0,1
15603,0,0,0,0,1
15604,0,0,0,0,1
15605,0,0,0,0,1
15606,0,0,0,0,1
15607,0,0,0,0,1
15608,0,0,0,0,1
15609,0,0,0,0,1
15610,0,0,0,0,1
15611,0,0,0,0,1
15612,0,0,0,0,1
15613,0,0,0,0,1
15614,0,0,0,0,1
15615,0,0,0,0,1
15616,0,0,0,0,1
15617,0,0,0,0,1
15618,0,0,0,0,1
15619,0,0,0,0,1
15620,0,0,0,0,1
15621,1,0,0,0,0
15622,1,0,0,0,0
15623,1,0,0,0,0
15624,1,0,0,0,0
15625,1,0,0,0,0
15626,1,0,0,0,0
15627,1,0,0,0,0
15628,1,0,0,0,0
15629,1,0,0,0,0
15630,1,0,0,0,0
15631,1,0,0,0,0
15632,1,0,0,0,0
15633,1,0,0,0,0
15634,1,0,0,0,0
15635,1,0,0,0,0
15636,1,0,0,0,0
15637,1,0,0,0,0
15638,1,0,0,0,0
15639,1,0,0,0,0
15640,1,0,0,0,0
15641,1,0,0,0,0
15642,1,0,0,0,0
15643,1,0,0,0,0
15644,1,0,0,0,0
15645,1,0,0,0,0
15646,1,0,0,0,0
15647,1,0,0,0,0
15648,1,0,0,0,0
15649,1,0,0,0,0
15650,1,0,0,0,0
15651,1,0,0,0,0
15652,1,0,0,0,0
15653,1,0,0,0,0
15654,1,0,0,0,0
15655,1,0,0,0,0
15656,1,0,0,0,0
15657,1,0,0,0,0
15658,1,0,0,0,0
15659,1,0,0,0,0
15660,1,0,0,0,0
15661,1,0,0,0,0
15662,1,0,0,0,0
15663,1,0,0,0,0
15664,1,0,0,0,0
15665,1,0,0,0,0
15666,1,0,0,0,0
15667,1,0,0,0,0
15668,1,0,0,0,0
15669,1,0,0,0,0
15670,1,0,0,0,0
15671,1,0,0,0,0
15672,1,0,0,0,0
15673,1,0,0,0,0
15674,1,0,0,0,0
15675,1,0,0,0,0
15676,1,0,0,0,0
15677,1,0,0,0,0
15678,1,0,0,0,0
15679,1,0,0,0,0
15680,1,0,0,0,0
15681,1,0,0,0,0
15682,1,0,0,0,0
15683,1,0,0,0,0
15684,1,0,0,0,0
15685,1,0,0,0,0
15686,1,0,0,0,0
15687,1,0,0,0,0
15688,1,0,0,0,0
15689,1,0,0,0,0
15690,1,0,0,0,0
15691,1,0,0,0,0
15692,1,0,0,0,0
15693,1,0,0,0,0
15694,1,0,0,0,0
15695,1,0,0,0,0
15696,1,0,0,0,0
15697,1,0,0,0,0
15698,1,0,0,0,0
15699,1,0,0,0,0
15700,1,0,0,0,0
15701,1,0,0,0,0
15702,1,0,0,0,0
15703,1,0,0,0,0
15704,1,0,0,0,0
15705,1,0,0,0,0
15706,1,0,0,0,0
15707,1,0,0,0,0
15708,1,0,0,0,0
15709,1,0,0,0,0
15710,1,0,0,0,0
15711,1,0,0,0,0
15712,1,0,0,0,0
15713,1,0,0,0,0
15714,1,0,0,0,0
15715,1,0,0,0,0
15716,1,0,0,0,0
15717,1,0,0,0,0
15718,1,0,0,0,0
15719,1,0,0,0,0
15720,1,0,0,0,0
15721,1,0,0,0,0
15722,1,0,0,0,0
15723,1,0,0,0,0
15724,1,0,0,0,0
15725,1,0,0,0,0
15726,1,0,0,0,0
15727,1,0,0,0,0
15728,1,0,0,0,0
15729,1,0,0,0,0
15730,1,0,0,0,0
15731,1,0,0,0,0
15732,1,0,0,0,0
15733,1,0,0,0,0
15734,1,0,0,0,0
15735,1,0,0,0,0
15736,1,0,0,0,0
15737,1,0,0,0,0
15738,1,0,0,0,0
15739,1,0,0,0,0
15740,1,0,0,0,0
15741,1,0,0,0,0
15742,1,0,0,0,0
15743,1,0,0,0,0
15744,1,0,0,0,0
15745,1,0,0,0,0
15746,1,0,0,0,0
15747,1,0,0,0,0
15748,1,0,0,0,0
15749,1,0,0,0,0
15750,1,0,0,0,0
15751,1,0,0,0,0
15752,0,0,0,0,1
15753,0,0,0,0,1
15754,0,0,0,0,1
15755,0,0,0,0,1
15756,0,0,0,0,1
15757,0,0,0,0,1
15758,0,0,0,0,1
15759,0,0,0,0,1
15760,0,0,0,0,1
15761,0,0,0,0,1
15762,0,0,0,0,1
15763,0,0,0,0,1
15764,0,0,0,0,1
15765,0,0,1,0,0
15766,0,0,1,0,0
15767,0,0,1,0,0
15768,0,0,1,0,0
15769,0,0,1,0,0
15770,0,0,1,0,0
15771,0,0,1,0,0
15772,0,0,1,0,0
15773,0,0,1,0,0
15774,0,0,1,0,0
15775,0,0,1,0,0
15776,0,0,1,0,0
15777,0,0,1,0,0
15778,0,0,1,0,0
15779,0,0,1,0,0
15780,0,0,1,0,0
15781,0,0,1,0,0
15782,0,0,1,0,0
15783,0,0,1,0,0
15784,0,0,1,0,0
15785,0,0,1,0,0
15786,0,0,1,0,0
15787,0,0,1,0,0
15788,0,0,1,0,0
15789,0,0,1,0,0
15790,0,0,1,0,0
15791,0,0,1,0,0
15792,0,0,1,0,0
15793,0,0,0,0,1
15794,0,0,0,0,1
15795,0,0,0,0,1
15796,0,0,0,0,1
15797,0,0,0,0,1
15798,0,0,0,0,1
15799,0,0,0,0,1
15800,0,0,0,0,1
15801,0,0,0,0,1
15802,0,0,0,0,1
15803,0,0,0,0,1
15804,0,0,0,0,1
15805,0,0,0,0,1
15806,0,0,0,0,1
15807,0,0,0,0,1
15808,0,0,0,0,1
15809,0,0,0,0,1
15810,0,0,0,0,1
15811,0,0,0,0,1
15812,0,0,0,0,1
15813,0,0,0,0,1
15814,0,0,0,0,1
15815,0,0,0,0,1
15816,0,0,0,0,1
15817,0,0,0,0,1
15818,0,0,0,0,1
15819,0,0,0,0,1
15820,0,0,0,0,1
15821,0,0,0,0,1
15822,0,0,0,0,1
15823,0,0,0,0,1
15824,0,0,0,0,1
15825,0,0,0,0,1
15826,0,0,0,0,1
15827,0,0,0,0,1
15828,0,0,0,0,1
15829,0,0,0,0,1
15830,0,0,0,0,1
15831,0,0,0,0,1
15832,0,0,0,0,1
15833,0,0,0,0,1
15834,0,0,0,0,1
15835,0,0,0,0,1
15836,0,0,0,0,1
15837,0,0,0,0,1
15838,0,0,0,0,1
15839,0,0,0,0,1
15840,0,0,0,0,1
15841,0,0,0,0,1
15842,0,0,0,0,1
15843,0,0,0,0,1
15844,0,0,0,0,1
15845,0,0,0,0,1
15846,0,0,0,0,1
15847,0,0,0,0,1
15848,0,0,0,0,1
15849,0,0,0,0,1
15850,0,0,0,0,1
15851,0,0,0,0,1
15852,0,0,0,0,1
15853,0,0,0,0,1
15854,0,0,0,0,1
15855,0,0,0,0,1
15856,0,0,0,0,1
15857,0,0,0,0,1
15858,0,0,0,0,1
15859,1,0,0,0,0
15860,1,0,0,0,0
15861,1,0,0,0,0
15862,1,0,0,0,0
15863,1,0,0,0,0
15864,1,0,0,0,0
15865,1,0,0,0,0
15866,1,0,0,0,0
15867,1,0,0,0,0
15868,1,0,0,0,0
15869,1,0,0,0,0
15870,1,0,0,0,0
15871,1,0,0,0,0
15872,1,0,0,0,0
15873,1,0,0,0,0
15874,1,0,0,0,0
15875,1,0,0,0,0
15876,1,0,0,0,0
15877,1,0,0,0,0
15878,1,0,0,0,0
15879,1,0,0,0,0
15880,1,0,0,0,0
15881,1,0,0,0,0
15882,1,0,0,0,0
15883,1,0,0,0,0
15884,1,0,0,0,0
15885,1,0,0,0,0
15886,1,0,0,0,0
15887,1,0,0,0,0
15888,1,0,0,0,0
15889,1,0,0,0,0
15890,1,0,0,0,0
15891,1,0,0,0,0
15892,1,0,0,0,0
15893,1,0,0,0,0
15894,0,0,0,0,1
15895,0,0,0,0,1
15896,0,0,0,0,1
15897,0,0,0,0,1
15898,0,0,0,0,1
15899,0,0,0,0,1
15900,0,0,0,0,1
15901,0,0,0,0,1
15902,0,0,0,0,1
15903,0,0,0,0,1
15904,0,0,0,0,1
15905,0,0,0,0,1
15906,0,0,0,0,1
15907,1,0,0,0,0
15908,1,0,0,0,0
15909,1,0,0,0,0
15910,1,0,0,0,0
15911,1,0,0,0,0
15912,1,0,0,0,0
15913,1,0,0,0,0
15914,1,0,0,0,0
15915,1,0,0,0,0
15916,1,0,0,0,0
15917,1,0,0,0,0
15918,1,0,0,0,0
15919,1,0,0,0,0
15920,1,0,0,0,0
15921,1,0,0,0,0
15922,1,0,0,0,0
15923,1,0,0,0,0
15924,1,0,0,0,0
15925,1,0,0,0,0
15926,1,0,0,0,0
15927,1,0,0,0,0
15928,1,0,0,0,0
15929,1,0,0,0,0
15930,1,0,0,0,0
15931,1,0,0,0,0
15932,1,0,0,0,0
15933,1,0,0,0,0
15934,1,0,0,0,0
15935,1,0,0,0,0
15936,1,0,0,0,0
15937,1,0,0,0,0
15938,1,0,0,0,0
15939,1,0,0,0,0
15940,1,0,0,0,0
15941,1,0,0,0,0
15942,1,0,0,0,0
15943,1,0,0,0,0
15944,1,0,0,0,0
15945,1,0,0,0,0
15946,1,0,0,0,0
15947,1,0,0,0,0
15948,1,0,0,0,0
15949,1,0,0,0,0
15950,0,0,0,0,1
15951,0,0,0,0,1
15952,0,0,0,0,1
15953,0,0,0,0,1
15954,0,0,0,0,1
15955,0,0,0,0,1
15956,0,0,0,0,1
15957,0,0,0,0,1
15958,0,0,0,0,1
15959,0,0,0,0,1
15960,0,0,0,0,1
15961,0,0,0,0,1
15962,0,0,0,0,1
15963,0,0,0,0,1
15964,0,0,0,0,1
15965,0,0,0,0,1
15966,0,0,0,0,1
15967,0,0,0,0,1
15968,0,0,0,0,1
15969,0,0,0,0,1
15970,0,0,0,0,1
15971,0,0,0,0,1
15972,0,0,0,0,1
15973,0,0,0,0,1
15974,0,0,0,0,1
15975,0,0,0,0,1
15976,0,0,0,0,1
15977,0,0,0,0,1
15978,0,0,0,0,1
15979,0,0,0,0,1
15980,0,0,0,0,1
15981,0,0,0,0,1
15982,0,0,0,0,1
15983,0,0,0,0,1
15984,0,0,0,0,1
15985,0,0,0,0,1
15986,0,0,0,0,1
15987,0,0,0,0,1
15988,0,0,0,0,1
15989,0,0,0,0,1
15990,0,0,0,0,1
15991,0,0,0,0,1
15992,0,0,0,0,1
15993,0,0,0,0,1
15994,0,0,0,0,1
15995,1,0,0,0,0
15996,1,0,0,0,0
15997,1,0,0,0,0
15998,1,0,0,0,0
15999,1,0,0,0,0
16000,1,0,0,0,0
16001,1,0,0,0,0
16002,1,0,0,0,0
16003,1,0,0,0,0
16004,1,0,0,0,0
16005,1,0,0,0,0
16006,1,0,0,0,0
16007,1,0,0,0,0
16008,1,0,0,0,0
16009,1,0,0,0,0
16010,1,0,0,0,0
16011,1,0,0,0,0
16012,1,0,0,0,0
16013,1,0,0,0,0
16014,1,0,0,0,0
16015,1,0,0,0,0
16016,1,0,0,0,0
16017,1,0,0,0,0
16018,1,0,0,0,0
16019,1,0,0,0,0
16020,1,0,0,0,0
16021,1,0,0,0,0
16022,1,0,0,0,0
16023,1,0,0,0,0
16024,1,0,0,0,0
16025,1,0,0,0,0
16026,1,0,0,0,0
16027,1,0,0,0,0
16028,1,0,0,0,0
16029,1,0,0,0,0
16030,1,0,0,0,0
16031,1,0,0,0,0
16032,1,0,0,0,0
16033,1,0,0,0,0
16034,1,0,0,0,0
16035,1,0,0,0,0
16036,1,0,0,0,0
16037,1,0,0,0,0
16038,1,0,0,0,0
16039,1,0,0,0,0
16040,1,0,0,0,0
16041,1,0,0,0,0
16042,1,0,0,0,0
16043,1,0,0,0,0
16044,1,0,0,0,0
16045,1,0,0,0,0
16046,1,0,0,0,0
16047,1,0,0,0,0
16048,1,0,0,0,0
16049,1,0,0,0,0
16050,1,0,0,0,0
16051,1,0,0,0,0
16052,1,0,0,0,0
16053,1,0,0,0,0
16054,1,0,0,0,0
16055,1,0,0,0,0
16056,1,0,0,0,0
16057,1,0,0,0,0
16058,1,0,0,0,0
16059,1,0,0,0,0
16060,1,0,0,0,0
16061,1,0,0,0,0
16062,1,0,0,0,0
16063,1,0,0,0,0
16064,1,0,0,0,0
16065,1,0,0,0,0
16066,1,0,0,0,0
16067,1,0,0,0,0
16068,1,0,0,0,0
16069,1,0,0,0,0
16070,1,0,0,0,0
16071,1,0,0,0,0
16072,1,0,0,0,0
16073,1,0,0,0,0
16074,1,0,0,0,0
16075,1,0,0,0,0
16076,1,0,0,0,0
16077,1,0,0,0,0
16078,1,0,0,0,0
16079,1,0,0,0,0
16080,1,0,0,0,0
16081,1,0,0,0,0
16082,1,0,0,0,0
16083,1,0,0,0,0
16084,1,0,0,0,0
16085,1,0,0,0,0
16086,1,0,0,0,0
16087,1,0,0,0,0
16088,1,0,0,0,0
16089,1,0,0,0,0
16090,1,0,0,0,0
16091,1,0,0,0,0
16092,1,0,0,0,0
16093,1,0,0,0,0
16094,1,0,0,0,0
16095,1,0,0,0,0
16096,1,0,0,0,0
16097,1,0,0,0,0
16098,1,0,0,0,0
16099,1,0,0,0,0
16100,1,0,0,0,0
16101,1,0,0,0,0
16102,1,0,0,0,0
16103,1,0,0,0,0
16104,1,0,0,0,0
16105,1,0,0,0,0
16106,1,0,0,0,0
16107,1,0,0,0,0
16108,1,0,0,0,0
16109,1,0,0,0,0
16110,1,0,0,0,0
16111,1,0,0,0,0
16112,1,0,0,0,0
16113,1,0,0,0,0
16114,1,0,0,0,0
16115,1,0,0,0,0
16116,1,0,0,0,0
16117,1,0,0,0,0
16118,1,0,0,0,0
16119,1,0,0,0,0
16120,1,0,0,0,0
16121,1,0,0,0,0
16122,1,0,0,0,0
16123,1,0,0,0,0
16124,1,0,0,0,0
16125,1,0,0,0,0
16126,1,0,0,0,0
16127,1,0,0,0,0
16128,1,0,0,0,0
16129,1,0,0,0,0
16130,1,0,0,0,0
16131,1,0,0,0,0
16132,1,0,0,0,0
16133,1,0,0,0,0
16134,1,0,0,0,0
16135,1,0,0,0,0
16136,1,0,0,0,0
16137,1,0,0,0,0
16138,1,0,0,0,0
16139,1,0,0,0,0
16140,1,0,0,0,0
16141,1,0,0,0,0
16142,1,0,0,0,0
16143,1,0,0,0,0
16144,1,0,0,0,0
16145,1,0,0,0,0
16146,1,0,0,0,0
16147,1,0,0,0,0
16148,1,0,0,0,0
16149,1,0,0,0,0
16150,1,0,0,0,0
16151,1,0,0,0,0
16152,1,0,0,0,0
16153,1,0,0,0,0
16154,1,0,0,0,0
16155,1,0,0,0,0
16156,1,0,0,0,0
16157,1,0,0,0,0
16158,1,0,0,0,0
16159,1,0,0,0,0
16160,1,0,0,0,0
16161,1,0,0,0,0
16162,1,0,0,0,0
16163,1,0,0,0,0
16164,1,0,0,0,0
16165,1,0,0,0,0
16166,1,0,0,0,0
16167,1,0,0,0,0
16168,1,0,0,0,0
16169,1,0,0,0,0
16170,0,0,0,0,1
16171,0,0,0,0,1
16172,0,0,0,0,1
16173,0,0,0,0,1
16174,0,0,0,0,1
16175,0,0,0,0,1
16176,0,0,0,0,1
16177,0,0,0,0,1
16178,0,0,0,0,1
16179,0,0,0,0,1
16180,0,0,0,0,1
16181,0,0,0,0,1
16182,0,0,0,0,1
16183,0,0,0,0,1
16184,0,0,0,0,1
16185,0,0,0,0,1
16186,0,0,0,0,1
16187,0,0,0,0,1
16188,0,0,0,0,1
16189,0,0,0,0,1
16190,0,0,0,0,1
16191,0,0,0,0,1
16192,0,0,0,0,1
16193,0,0,0,0,1
16194,0,0,0,0,1
16195,0,0,0,0,1
16196,0,0,0,0,1
16197,0,0,0,0,1
16198,0,0,0,0,1
16199,0,0,0,0,1
16200,0,0,0,0,1
16201,0,0,0,0,1
16202,0,0,0,0,1
16203,0,0,0,0,1
16204,0,0,0,0,1
16205,0,0,0,0,1
16206,0,0,0,0,1
16207,0,0,0,0,1
16208,0,0,0,0,1
16209,0,0,0,0,1
16210,0,0,0,0,1
16211,0,0,0,0,1
16212,0,0,0,0,1
16213,0,0,0,0,1
16214,0,0,0,0,1
16215,0,0,0,0,1
16216,0,0,0,0,1
16217,0,0,0,0,1
16218,0,0,0,0,1
16219,0,0,0,0,1
16220,0,0,0,0,1
16221,0,0,0,0,1
16222,0,0,0,0,1
16223,0,0,0,0,1
16224,0,0,0,0,1
16225,0,0,0,0,1
16226,0,0,0,0,1
16227,0,0,0,0,1
16228,0,0,0,0,1
16229,0,0,0,0,1
16230,0,0,0,0,1
16231,0,0,0,0,1
16232,0,0,0,0,1
16233,0,0,0,0,1
16234,0,0,0,0,1
16235,0,0,0,0,1
16236,0,0,0,0,1
16237,1,0,0,0,0
16238,1,0,0,0,0
16239,1,0,0,0,0
16240,1,0,0,0,0
16241,1,0,0,0,0
16242,1,0,0,0,0
16243,1,0,0,0,0
16244,1,0,0,0,0
16245,1,0,0,0,0
16246,1,0,0,0,0
16247,1,0,0,0,0
16248,1,0,0,0,0
16249,1,0,0,0,0
16250,1,0,0,0,0
16251,1,0,0,0,0
16252,1,0,0,0,0
16253,1,0,0,0,0
16254,1,0,0,0,0
16255,1,0,0,0,0
16256,1,0,0,0,0
16257,1,0,0,0,0
16258,1,0,0,0,0
16259,1,0,0,0,0
16260,1,0,0,0,0
16261,1,0,0,0,0
16262,1,0,0,0,0
16263,1,0,0,0,0
16264,1,0,0,0,0
16265,1,0,0,0,0
16266,1,0,0,0,0
16267,1,0,0,0,0
16268,1,0,0,0,0
16269,1,0,0,0,0
16270,1,0,0,0,0
16271,1,0,0,0,0
16272,1,0,0,0,0
16273,1,0,0,0,0
16274,1,0,0,0,0
16275,1,0,0,0,0
16276,1,0,0,0,0
16277,1,0,0,0,0
16278,1,0,0,0,0
16279,1,0,0,0,0
16280,1,0,0,0,0
16281,1,0,0,0,0
16282,1,0,0,0,0
16283,1,0,0,0,0
16284,1,0,0,0,0
16285,1,0,0,0,0
16286,1,0,0,0,0
16287,1,0,0,0,0
16288,1,0,0,0,0
16289,1,0,0,0,0
16290,1,0,0,0,0
16291,1,0,0,0,0
16292,1,0,0,0,0
16293,0,0,0,0,1
16294,0,0,0,0,1
16295,0,0,0,0,1
16296,0,0,0,0,1
16297,0,0,0,0,1
16298,0,0,0,0,1
16299,0,0,0,0,1
16300,0,0,0,0,1
16301,0,0,0,0,1
16302,0,0,0,0,1
16303,0,0,0,0,1
16304,0,0,0,0,1
16305,0,0,0,0,1
16306,0,0,0,0,1
16307,0,0,0,0,1
16308,0,0,0,0,1
16309,0,0,0,0,1
16310,0,0,0,0,1
16311,0,0,0,0,1
16312,0,0,0,0,1
16313,0,0,0,0,1
16314,0,0,0,0,1
16315,0,0,0,0,1
16316,0,0,0,0,1
16317,0,0,0,0,1
16318,0,0,0,0,1
16319,0,0,0,0,1
16320,0,0,0,0,1
16321,0,0,0,0,1
16322,0,0,0,0,1
16323,0,0,0,0,1
16324,0,0,0,0,1
16325,0,0,0,0,1
16326,0,0,0,0,1
16327,0,0,0,0,1
16328,0,0,0,0,1
16329,0,0,0,0,1
16330,0,0,0,0,1
16331,0,0,0,0,1
16332,0,0,0,0,1
16333,0,0,0,0,1
16334,0,0,0,0,1
16335,0,0,0,0,1
16336,0,0,0,0,1
16337,0,0,0,0,1
16338,0,0,0,0,1
16339,0,0,0,0,1
16340,0,0,0,0,1
16341,0,0,0,0,1
16342,0,0,0,0,1
16343,0,0,0,0,1
16344,0,0,0,0,1
16345,0,0,0,0,1
16346,0,0,0,0,1
16347,0,0,0,0,1
16348,0,0,0,0,1
16349,0,0,0,0,1
16350,0,0,0,0,1
16351,0,0,0,0,1
16352,0,0,0,0,1
16353,0,0,0,0,1
16354,0,0,0,0,1
16355,0,0,0,0,1
16356,0,0,0,0,1
16357,0,0,0,0,1
16358,0,0,0,0,1
16359,0,0,0,0,1
16360,0,0,0,0,1
16361,0,0,0,0,1
16362,0,0,0,0,1
16363,0,0,0,0,1
16364,0,0,0,0,1
16365,0,0,0,0,1
16366,0,0,0,0,1
16367,0,0,0,0,1
16368,0,0,0,0,1
16369,0,0,0,0,1
16370,0,0,0,0,1
16371,0,0,0,0,1
16372,0,0,0,0,1
16373,0,0,0,0,1
16374,0,0,0,0,1
16375,0,0,0,0,1
16376,0,0,0,0,1
16377,0,0,0,0,1
16378,0,0,0,0,1
16379,0,0,0,0,1
16380,0,0,0,0,1
16381,0,0,0,0,1
16382,0,0,0,0,1
16383,0,0,0,0,1
16384,0,0,0,0,1
16385,0,0,0,0,1
16386,0,0,0,0,1
16387,0,0,0,0,1
16388,0,0,0,0,1
16389,0,0,0,0,1
16390,0,0,0,0,1
16391,0,0,0,0,1
16392,0,0,0,0,1
16393,0,0,0,0,1
16394,0,0,0,0,1
16395,0,0,0,0,1
16396,0,0,0,0,1
16397,0,0,0,0,1
16398,0,0,0,0,1
16399,0,0,0,0,1
16400,0,0,0,0,1
16401,0,0,0,0,1
16402,0,0,0,0,1
16403,0,0,0,0,1
16404,0,0,0,0,1
16405,0,0,0,0,1
16406,0,0,0,0,1
16407,0,0,0,0,1
16408,0,0,0,0,1
16409,0,0,0,0,1
16410,0,0,0,0,1
16411,0,0,0,0,1
16412,0,0,0,0,1
16413,0,0,0,0,1
16414,0,0,0,0,1
16415,0,0,0,0,1
16416,0,0,0,0,1
16417,0,0,0,0,1
16418,0,0,0,0,1
16419,0,0,0,0,1
16420,0,0,0,0,1
16421,0,0,0,0,1
16422,0,0,0,0,1
16423,0,0,0,0,1
16424,0,0,0,0,1
16425,0,0,0,0,1
16426,0,0,0,0,1
16427,0,0,0,0,1
16428,0,0,0,0,1
16429,0,0,0,0,1
16430,0,0,0,0,1
16431,0,0,0,0,1
16432,0,0,0,0,1
16433,0,0,0,0,1
16434,0,0,0,0,1
16435,0,0,0,0,1
16436,0,0,0,0,1
16437,0,0,0,0,1
16438,0,0,0,0,1
16439,0,0,0,0,1
16440,0,0,0,0,1
16441,0,0,0,0,1
16442,0,0,0,0,1
16443,0,0,0,0,1
16444,0,0,0,0,1
16445,0,0,0,0,1
16446,0,0,0,0,1
16447,0,0,0,0,1
16448,0,0,0,0,1
16449,0,0,0,0,1
16450,0,0,0,0,1
16451,0,0,0,0,1
16452,0,0,0,0,1
16453,0,0,0,0,1
16454,0,0,0,0,1
16455,0,0,0,0,1
16456,0,0,0,0,1
16457,0,0,0,0,1
16458,0,0,0,0,1
16459,0,0,0,0,1
16460,0,0,0,0,1
16461,0,0,0,0,1
16462,0,0,0,0,1
16463,0,0,0,0,1
16464,0,0,0,0,1
16465,0,0,0,0,1
16466,0,0,0,0,1
16467,0,0,0,0,1
16468,0,0,0,0,1
16469,0,0,0,0,1
16470,0,0,0,0,1
16471,0,0,0,0,1
16472,0,0,0,0,1
16473,0,0,0,0,1
16474,0,0,0,0,1
16475,0,0,0,0,1
16476,0,0,0,0,1
16477,0,0,0,0,1
16478,0,0,0,0,1
16479,0,0,0,0,1
16480,0,0,0,0,1
16481,0,0,0,0,1
16482,0,0,0,0,1
16483,0,0,0,0,1
16484,0,0,0,0,1
16485,0,0,0,0,1
16486,0,0,0,0,1
16487,0,0,0,0,1
16488,0,0,0,0,1
16489,0,0,0,0,1
16490,0,0,0,0,1
16491,1,0,0,0,0
16492,1,0,0,0,0
16493,1,0,0,0,0
16494,1,0,0,0,0
16495,1,0,0,0,0
16496,1,0,0,0,0
16497,1,0,0,0,0
16498,1,0,0,0,0
16499,1,0,0,0,0
16500,1,0,0,0,0
16501,1,0,0,0,0
16502,1,0,0,0,0
16503,1,0,0,0,0
16504,1,0,0,0,0
16505,1,0,0,0,0
16506,1,0,0,0,0
16507,1,0,0,0,0
16508,1,0,0,0,0
16509,1,0,0,0,0
16510,1,0,0,0,0
16511,1,0,0,0,0
16512,1,0,0,0,0
16513,1,0,0,0,0
16514,1,0,0,0,0
16515,1,0,0,0,0
16516,1,0,0,0,0
16517,1,0,0,0,0
16518,1,0,0,0,0
16519,1,0,0,0,0
16520,1,0,0,0,0
16521,1,0,0,0,0
16522,1,0,0,0,0
16523,1,0,0,0,0
16524,1,0,0,0,0
16525,0,0,0,0,1
16526,0,0,0,0,1
16527,0,0,0,0,1
16528,0,0,0,0,1
16529,0,0,0,0,1
16530,0,0,0,0,1
16531,0,0,0,0,1
16532,0,0,0,0,1
16533,0,0,0,0,1
16534,0,0,0,0,1
16535,0,0,0,0,1
16536,0,0,0,0,1
16537,0,0,0,0,1
16538,0,0,0,0,1
16539,0,0,0,0,1
16540,0,0,0,0,1
16541,0,0,0,0,1
16542,0,0,0,0,1
16543,0,0,0,0,1
16544,0,0,0,0,1
16545,0,0,0,0,1
16546,0,0,0,0,1
16547,0,0,0,0,1
16548,0,0,0,0,1
16549,0,0,0,0,1
16550,0,0,0,0,1
16551,0,0,0,0,1
16552,0,0,0,0,1
16553,0,0,0,0,1
16554,0,0,0,0,1
16555,0,0,0,0,1
16556,0,0,0,0,1
16557,0,0,0,0,1
16558,0,0,0,0,1
16559,0,0,0,0,1
16560,0,0,0,0,1
16561,0,0,0,0,1
16562,0,0,0,0,1
16563,0,0,0,0,1
16564,0,0,0,0,1
16565,0,0,0,0,1
16566,0,0,0,0,1
16567,0,0,0,0,1
16568,0,0,0,0,1
16569,0,0,0,0,1
16570,1,0,0,0,0
16571,1,0,0,0,0
16572,1,0,0,0,0
16573,1,0,0,0,0
16574,1,0,0,0,0
16575,1,0,0,0,0
16576,1,0,0,0,0
16577,1,0,0,0,0
16578,1,0,0,0,0
16579,1,0,0,0,0
16580,1,0,0,0,0
16581,1,0,0,0,0
16582,1,0,0,0,0
16583,1,0,0,0,0
16584,1,0,0,0,0
16585,1,0,0,0,0
16586,1,0,0,0,0
16587,1,0,0,0,0
16588,1,0,0,0,0
16589,1,0,0,0,0
16590,1,0,0,0,0
16591,1,0,0,0,0
16592,1,0,0,0,0
16593,1,0,0,0,0
16594,1,0,0,0,0
16595,1,0,0,0,0
16596,1,0,0,0,0
16597,1,0,0,0,0
16598,1,0,0,0,0
16599,1,0,0,0,0
16600,1,0,0,0,0
16601,0,0,0,0,1
16602,0,0,0,0,1
16603,0,0,0,0,1
16604,0,0,0,0,1
16605,0,0,0,0,1
16606,0,0,0,0,1
16607,0,0,0,0,1
16608,0,0,0,0,1
16609,0,0,0,0,1
16610,0,0,0,0,1
16611,0,0,0,0,1
16612,0,0,0,0,1
16613,0,0,0,0,1
16614,0,0,0,0,1
16615,0,0,0,0,1
16616,0,0,0,0,1
16617,0,0,0,0,1
16618,0,0,0,0,1
16619,0,0,0,0,1
16620,0,0,0,0,1
16621,0,0,0,0,1
16622,0,0,0,0,1
16623,0,0,0,0,1
16624,0,0,0,0,1
16625,0,0,0,0,1
16626,0,0,0,0,1
16627,0,0,0,0,1
16628,0,0,0,0,1
16629,0,0,0,0,1
16630,0,0,0,0,1
16631,0,0,0,0,1
16632,0,0,0,0,1
16633,0,0,0,0,1
16634,0,0,0,0,1
16635,0,0,0,0,1
16636,0,0,0,0,1
16637,0,0,0,0,1
16638,0,0,0,0,1
16639,0,0,0,0,1
16640,1,0,0,0,0
16641,1,0,0,0,0
16642,1,0,0,0,0
16643,1,0,0,0,0
16644,1,0,0,0,0
16645,1,0,0,0,0
16646,1,0,0,0,0
16647,1,0,0,0,0
16648,1,0,0,0,0
16649,1,0,0,0,0
16650,1,0,0,0,0
16651,1,0,0,0,0
16652,1,0,0,0,0
16653,1,0,0,0,0
16654,1,0,0,0,0
16655,1,0,0,0,0
16656,1,0,0,0,0
16657,1,0,0,0,0
16658,1,0,0,0,0
16659,1,0,0,0,0
16660,1,0,0,0,0
16661,1,0,0,0,0
16662,1,0,0,0,0
16663,1,0,0,0,0
16664,1,0,0,0,0
16665,1,0,0,0,0
16666,1,0,0,0,0
16667,1,0,0,0,0
16668,1,0,0,0,0
16669,1,0,0,0,0
16670,1,0,0,0,0
16671,1,0,0,0,0
16672,1,0,0,0,0
16673,0,0,0,0,1
16674,0,0,0,0,1
16675,0,0,0,0,1
16676,0,0,0,0,1
16677,0,0,0,0,1
16678,0,0,0,0,1
16679,0,0,0,0,1
16680,0,0,0,0,1
16681,0,0,0,0,1
16682,0,0,0,0,1
16683,0,0,0,0,1
16684,0,0,0,0,1
16685,0,0,0,0,1
16686,0,0,0,0,1
16687,0,0,0,0,1
16688,0,0,0,0,1
16689,0,0,0,0,1
16690,0,0,0,0,1
16691,0,0,0,0,1
16692,0,0,0,0,1
16693,0,0,0,0,1
16694,0,0,0,0,1
16695,0,0,0,0,1
16696,0,0,0,0,1
16697,0,0,0,0,1
16698,0,0,0,0,1
16699,0,0,0,0,1
16700,0,0,0,0,1
16701,0,0,0,0,1
16702,0,0,0,0,1
16703,0,0,0,0,1
16704,0,0,0,0,1
16705,0,0,0,0,1
16706,0,0,0,0,1
16707,0,0,0,0,1
16708,0,0,0,0,1
16709,0,0,0,0,1
16710,0,0,0,0,1
16711,0,0,0,0,1
16712,0,0,0,0,1
16713,0,0,0,0,1
16714,0,0,0,0,1
16715,0,0,0,0,1
16716,0,0,0,0,1
16717,0,0,0,0,1
16718,0,0,0,0,1
16719,0,0,0,0,1
16720,0,0,0,0,1
16721,0,0,0,0,1
16722,0,0,0,0,1
16723,0,0,0,0,1
16724,1,0,0,0,0
16725,1,0,0,0,0
16726,1,0,0,0,0
16727,1,0,0,0,0
16728,1,0,0,0,0
16729,1,0,0,0,0
16730,1,0,0,0,0
16731,1,0,0,0,0
16732,1,0,0,0,0
16733,1,0,0,0,0
16734,1,0,0,0,0
16735,1,0,0,0,0
16736,1,0,0,0,0
16737,1,0,0,0,0
16738,1,0,0,0,0
16739,1,0,0,0,0
16740,1,0,0,0,0
16741,1,0,0,0,0
16742,1,0,0,0,0
16743,1,0,0,0,0
16744,1,0,0,0,0
16745,1,0,0,0,0
16746,1,0,0,0,0
16747,1,0,0,0,0
16748,1,0,0,0,0
16749,1,0,0,0,0
16750,1,0,0,0,0
16751,1,0,0,0,0
16752,1,0,0,0,0
16753,1,0,0,0,0
16754,1,0,0,0,0
16755,1,0,0,0,0
16756,1,0,0,0,0
16757,1,0,0,0,0
16758,1,0,0,0,0
16759,1,0,0,0,0
16760,1,0,0,0,0
16761,1,0,0,0,0
16762,1,0,0,0,0
16763,1,0,0,0,0
16764,1,0,0,0,0
16765,1,0,0,0,0
16766,1,0,0,0,0
16767,1,0,0,0,0
16768,1,0,0,0,0
16769,1,0,0,0,0
16770,1,0,0,0,0
16771,1,0,0,0,0
16772,1,0,0,0,0
16773,1,0,0,0,0
16774,1,0,0,0,0
16775,1,0,0,0,0
16776,1,0,0,0,0
16777,1,0,0,0,0
16778,1,0,0,0,0
16779,1,0,0,0,0
16780,1,0,0,0,0
16781,1,0,0,0,0
16782,1,0,0,0,0
16783,1,0,0,0,0
16784,1,0,0,0,0
16785,1,0,0,0,0
16786,1,0,0,0,0
16787,1,0,0,0,0
16788,1,0,0,0,0
16789,1,0,0,0,0
16790,1,0,0,0,0
16791,1,0,0,0,0
16792,1,0,0,0,0
16793,1,0,0,0,0
16794,1,0,0,0,0
16795,1,0,0,0,0
16796,1,0,0,0,0
16797,1,0,0,0,0
16798,1,0,0,0,0
16799,1,0,0,0,0
16800,1,0,0,0,0
16801,1,0,0,0,0
16802,1,0,0,0,0
16803,1,0,0,0,0
16804,1,0,0,0,0
16805,0,0,0,0,1
16806,0,0,0,0,1
16807,0,0,0,0,1
16808,0,0,0,0,1
16809,0,0,0,0,1
16810,0,0,0,0,1
16811,0,0,0,0,1
16812,0,0,0,0,1
16813,0,0,0,0,1
16814,0,0,0,0,1
16815,0,0,0,0,1
16816,0,0,0,0,1
16817,0,0,0,0,1
16818,0,0,0,0,1
16819,0,0,0,0,1
16820,0,0,0,0,1
16821,0,0,0,0,1
16822,0,0,0,0,1
16823,0,0,0,0,1
16824,0,0,0,0,1
16825,0,0,0,0,1
16826,0,0,0,0,1
16827,0,0,0,0,1
16828,0,0,0,0,1
16829,0,0,0,0,1
16830,0,0,0,0,1
16831,0,0,0,0,1
16832,0,0,0,0,1
16833,0,0,0,0,1
16834,0,0,0,0,1
16835,0,0,0,0,1
16836,0,0,0,0,1
16837,0,0,0,0,1
16838,0,0,0,0,1
16839,0,0,0,0,1
16840,0,0,0,0,1
16841,0,0,0,0,1
16842,0,0,0,0,1
16843,0,0,0,0,1
16844,0,0,0,0,1
16845,0,0,0,0,1
16846,0,0,0,0,1
16847,0,0,0,0,1
16848,0,0,0,0,1
16849,0,0,0,0,1
16850,0,0,0,0,1
16851,0,0,0,0,1
16852,0,0,0,0,1
16853,0,0,0,0,1
16854,0,0,0,0,1
16855,0,0,0,0,1
16856,0,0,0,0,1
16857,0,0,0,0,1
16858,0,0,0,0,1
16859,0,0,0,0,1
16860,0,0,0,0,1
16861,0,0,0,0,1
16862,0,0,0,0,1
16863,0,0,0,0,1
16864,0,0,0,0,1
16865,0,0,0,0,1
16866,0,0,0,0,1
16867,0,0,0,0,1
16868,0,0,0,0,1
16869,0,0,0,0,1
16870,0,0,0,0,1
16871,0,0,0,0,1
16872,0,0,0,0,1
16873,0,0,0,0,1
16874,0,0,0,0,1
16875,0,0,0,0,1
16876,0,0,0,0,1
16877,0,0,0,0,1
16878,0,0,0,0,1
16879,0,0,0,0,1
16880,0,0,0,0,1
16881,0,0,0,0,1
16882,0,0,0,0,1
16883,0,0,0,0,1
16884,0,0,0,0,1
16885,0,0,0,0,1
16886,0,0,0,0,1
16887,0,0,0,0,1
16888,0,0,0,0,1
16889,0,0,0,0,1
16890,0,0,0,0,1
16891,0,0,0,0,1
16892,0,0,0,0,1
16893,0,0,0,0,1
16894,0,0,0,0,1
16895,0,0,0,0,1
16896,0,0,0,0,1
16897,0,0,0,0,1
16898,0,0,0,0,1
16899,0,0,0,0,1
16900,0,0,0,0,1
16901,0,0,0,0,1
16902,0,0,0,0,1
16903,0,0,0,0,1
16904,0,0,0,0,1
16905,0,0,0,0,1
16906,0,0,0,0,1
16907,0,0,0,0,1
16908,0,0,0,0,1
16909,0,0,0,0,1
16910,0,0,0,0,1
16911,0,0,0,0,1
16912,0,0,0,0,1
16913,0,0,0,0,1
16914,0,0,0,0,1
16915,0,0,0,0,1
16916,0,0,0,0,1
16917,0,0,0,0,1
16918,0,0,0,0,1
16919,0,0,0,0,1
16920,0,0,0,0,1
16921,0,0,0,0,1
16922,0,0,0,0,1
16923,0,0,0,0,1
16924,0,0,0,0,1
16925,0,0,0,0,1
16926,0,0,0,0,1
16927,0,0,0,0,1
16928,0,0,0,0,1
16929,0,0,0,0,1
16930,0,0,0,0,1
16931,0,0,0,0,1
16932,0,0,0,0,1
16933,0,0,0,0,1
16934,0,0,0,0,1
16935,0,0,0,0,1
16936,0,0,0,0,1
16937,0,0,0,0,1
16938,0,0,0,0,1
16939,0,0,0,0,1
16940,0,0,0,0,1
16941,0,0,0,0,1
16942,0,0,0,0,1
16943,0,0,0,0,1
16944,0,0,0,0,1
16945,0,0,0,0,1
16946,0,0,0,0,1
16947,0,0,0,0,1
16948,0,0,0,0,1
16949,0,0,0,0,1
16950,0,0,0,0,1
16951,0,0,0,0,1
16952,0,0,0,0,1
16953,0,0,0,0,1
16954,0,0,0,0,1
16955,0,0,0,0,1
16956,0,0,0,0,1
16957,0,0,0,0,1
16958,0,0,0,0,1
16959,0,0,0,0,1
16960,0,0,0,0,1
16961,0,0,0,0,1
16962,0,0,0,0,1
16963,0,0,0,0,1
16964,0,0,0,0,1
16965,0,0,0,0,1
16966,0,0,0,0,1
16967,0,0,0,0,1
16968,0,0,0,0,1
16969,0,0,0,0,1
16970,0,0,0,0,1
16971,0,0,0,0,1
16972,0,0,0,0,1
16973,0,0,0,0,1
16974,0,0,0,0,1
16975,0,0,0,0,1
16976,0,0,0,0,1
16977,0,0,0,0,1
16978,0,0,0,0,1
16979,0,0,0,0,1
16980,0,0,0,0,1
16981,0,0,0,0,1
16982,0,0,0,0,1
16983,0,0,0,0,1
16984,0,0,0,0,1
16985,0,0,0,0,1
16986,0,0,0,0,1
16987,0,0,0,0,1
16988,0,0,1,0,0
16989,0,0,1,0,0
16990,0,0,1,0,0
16991,0,0,1,0,0
16992,0,0,1,0,0
16993,0,0,1,0,0
16994,0,0,1,0,0
16995,0,0,1,0,0
16996,0,0,1,0,0
16997,0,0,1,0,0
16998,0,0,1,0,0
16999,0,0,1,0,0
17000,0,0,1,0,0
17001,0,0,1,0,0
17002,0,0,1,0,0
17003,0,0,1,0,0
17004,0,0,1,0,0
17005,0,0,1,0,0
17006,0,0,1,0,0
17007,0,0,1,0,0
17008,0,0,1,0,0
17009,0,0,1,0,0
17010,0,0,1,0,0
17011,0,0,1,0,0
17012,0,0,1,0,0
17013,0,0,1,0,0
17014,0,0,1,0,0
17015,0,0,1,0,0
17016,0,0,1,0,0
17017,0,0,1,0,0
17018,0,0,1,0,0
17019,0,0,1,0,0
17020,0,0,1,0,0
17021,0,0,1,0,0
17022,0,0,1,0,0
17023,0,0,1,0,0
17024,0,0,1,0,0
17025,0,0,1,0,0
17026,0,0,1,0,0
17027,0,0,1,0,0
17028,0,0,1,0,0
17029,0,0,1,0,0
17030,0,0,1,0,0
17031,0,0,1,0,0
17032,0,0,1,0,0
17033,0,0,1,0,0
17034,0,0,1,0,0
17035,0,0,1,0,0
17036,0,0,1,0,0
17037,0,0,1,0,0
17038,0,0,1,0,0
17039,0,0,1,0,0
17040,0,0,1,0,0
17041,0,0,1,0,0
17042,0,0,1,0,0
17043,0,0,1,0,0
17044,0,0,1,0,0
17045,0,0,1,0,0
17046,0,0,1,0,0
17047,0,0,1,0,0
17048,0,0,1,0,0
17049,0,0,1,0,0
17050,0,0,1,0,0
17051,0,0,1,0,0
17052,0,0,1,0,0
17053,0,0,1,0,0
17054,0,0,1,0,0
17055,0,0,1,0,0
17056,0,0,1,0,0
17057,0,0,1,0,0
17058,0,0,0,0,1
17059,0,0,0,0,1
17060,0,0,0,0,1
17061,0,0,0,0,1
17062,0,0,0,0,1
17063,0,0,0,0,1
17064,0,0,0,0,1
17065,0,0,0,0,1
17066,0,0,0,0,1
17067,0,0,0,0,1
17068,0,0,0,0,1
17069,0,0,0,0,1
17070,0,0,0,0,1
17071,0,0,0,0,1
17072,0,0,0,0,1
17073,0,0,0,0,1
17074,0,0,0,0,1
17075,0,0,0,0,1
17076,0,0,0,0,1
17077,0,0,0,0,1
17078,0,0,0,0,1
17079,0,0,0,0,1
17080,0,0,0,0,1
17081,0,0,0,0,1
17082,0,0,0,0,1
17083,0,0,0,0,1
17084,0,0,0,0,1
17085,0,0,0,0,1
17086,0,0,0,0,1
17087,0,0,0,0,1
17088,0,0,0,0,1
17089,0,0,0,0,1
17090,0,0,0,0,1
17091,0,0,0,0,1
17092,0,0,0,0,1
17093,0,0,0,0,1
17094,0,0,0,0,1
17095,0,0,0,0,1
17096,0,0,0,0,1
17097,0,0,0,0,1
17098,0,0,0,0,1
17099,0,0,0,0,1
17100,0,0,0,0,1
17101,0,0,0,0,1
17102,0,0,0,0,1
17103,0,0,0,0,1
17104,0,0,0,0,1
17105,0,0,0,0,1
17106,0,0,0,0,1
17107,0,0,0,0,1
17108,0,0,0,0,1
17109,0,0,0,0,1
17110,0,0,0,0,1
17111,0,0,0,0,1
17112,0,0,0,0,1
17113,0,0,0,0,1
17114,0,0,0,0,1
17115,0,0,0,0,1
17116,0,0,0,0,1
17117,0,0,0,0,1
17118,0,0,0,0,1
17119,0,0,0,0,1
17120,0,0,0,0,1
17121,0,0,0,0,1
17122,0,0,0,0,1
17123,0,0,0,0,1
17124,0,0,0,0,1
17125,0,0,0,0,1
17126,0,0,0,0,1
17127,0,0,0,0,1
17128,0,0,0,0,1
17129,0,0,0,0,1
17130,0,0,0,0,1
17131,0,0,0,0,1
17132,0,0,0,0,1
17133,0,0,0,0,1
17134,0,0,0,0,1
17135,0,0,0,0,1
17136,0,0,0,0,1
17137,0,0,0,0,1
17138,0,0,0,0,1
17139,0,0,0,0,1
17140,0,0,0,0,1
17141,0,0,0,0,1
17142,0,0,0,0,1
17143,0,0,0,0,1
17144,0,0,0,0,1
17145,0,0,0,0,1
17146,0,0,0,0,1
17147,0,0,0,0,1
17148,0,0,0,0,1
17149,0,0,0,0,1
17150,0,0,0,0,1
17151,0,0,0,0,1
17152,0,0,0,0,1
17153,0,0,0,0,1
17154,0,0,0,0,1
17155,0,0,0,0,1
17156,0,0,0,0,1
17157,0,0,0,0,1
17158,0,0,0,0,1
17159,0,0,0,0,1
17160,0,0,0,0,1
17161,0,0,0,0,1
17162,0,0,0,0,1
17163,0,0,0,0,1
17164,0,0,0,0,1
17165,0,0,0,0,1
17166,0,0,0,0,1
17167,0,0,0,0,1
17168,0,0,0,0,1
17169,0,0,0,0,1
17170,0,0,0,0,1
17171,0,0,0,0,1
17172,0,0,0,0,1
17173,0,0,0,0,1
17174,0,0,0,0,1
17175,0,0,0,0,1
17176,0,0,0,0,1
17177,0,0,0,0,1
17178,0,0,0,0,1
17179,0,0,0,0,1
17180,0,0,0,0,1
17181,0,0,0,0,1
17182,0,0,0,0,1
17183,0,0,0,0,1
17184,0,0,0,0,1
17185,0,0,0,0,1
17186,0,0,0,0,1
17187,0,0,0,0,1
17188,0,0,0,0,1
17189,0,0,0,0,1
17190,0,0,0,0,1
17191,0,0,0,0,1
17192,0,0,0,0,1
17193,0,0,0,0,1
17194,0,0,0,0,1
17195,0,0,0,0,1
17196,0,0,0,0,1
17197,0,0,0,0,1
17198,0,0,0,0,1
17199,0,0,0,0,1
17200,0,0,0,0,1
17201,0,0,0,0,1
17202,0,0,0,0,1
17203,0,0,0,0,1
17204,0,0,0,0,1
17205,0,0,0,0,1
17206,0,0,0,0,1
17207,0,0,0,0,1
17208,0,0,0,0,1
17209,0,0,0,0,1
17210,0,0,0,0,1
17211,0,0,0,0,1
17212,0,0,0,0,1
17213,0,0,0,0,1
17214,0,0,0,0,1
17215,0,0,0,0,1
17216,0,0,0,0,1
17217,0,0,0,0,1
17218,0,0,0,0,1
17219,0,0,0,0,1
17220,0,0,0,0,1
17221,0,0,0,0,1
17222,0,0,0,0,1
17223,0,0,0,0,1
17224,0,0,0,0,1
17225,0,0,0,0,1
17226,0,0,0,0,1
17227,0,0,0,0,1
17228,0,0,0,0,1
17229,0,0,0,0,1
17230,0,0,0,0,1
17231,0,0,0,0,1
17232,0,0,0,0,1
17233,0,0,0,0,1
17234,0,0,0,0,1
17235,0,0,0,0,1
17236,0,0,0,0,1
17237,0,0,0,0,1
17238,0,0,0,0,1
17239,0,0,0,0,1
17240,0,0,0,0,1
17241,0,0,0,0,1
17242,0,0,0,0,1
17243,0,0,0,0,1
17244,0,0,0,0,1
17245,0,0,0,0,1
17246,0,0,0,0,1
17247,0,0,0,0,1
17248,0,0,0,0,1
17249,0,0,0,0,1
17250,0,0,0,0,1
17251,0,0,0,0,1
17252,0,0,0,0,1
17253,0,0,0,0,1
17254,0,0,0,0,1
17255,0,0,0,0,1
17256,0,0,0,0,1
17257,0,0,0,0,1
17258,0,0,0,0,1
17259,0,0,0,0,1
17260,0,0,0,0,1
17261,0,0,0,0,1
17262,0,0,0,0,1
17263,0,0,0,0,1
17264,0,0,0,0,1
17265,0,0,0,0,1
17266,0,0,0,0,1
17267,0,0,0,0,1
17268,0,0,0,0,1
17269,0,0,0,0,1
17270,0,0,0,0,1
17271,0,0,0,0,1
17272,0,0,0,0,1
17273,0,0,0,0,1
17274,0,0,0,0,1
17275,0,0,0,0,1
17276,0,0,0,0,1
17277,0,0,0,0,1
17278,0,0,0,0,1
17279,0,0,0,0,1
17280,0,0,0,0,1
17281,0,0,0,0,1
17282,0,0,0,0,1
17283,0,0,0,0,1
17284,0,0,0,0,1
17285,0,0,0,0,1
17286,0,0,0,0,1
17287,0,0,0,0,1
17288,0,0,0,0,1
17289,0,0,0,0,1
17290,0,0,0,0,1
17291,0,0,0,0,1
17292,0,0,0,0,1
17293,0,0,0,0,1
17294,0,0,0,0,1
17295,0,0,0,0,1
17296,0,0,0,0,1
17297,0,0,0,0,1
17298,0,0,0,0,1
17299,0,0,0,0,1
17300,0,0,0,0,1
17301,0,0,0,0,1
17302,0,0,0,0,1
17303,0,0,0,0,1
17304,0,0,0,0,1
17305,0,0,0,0,1
17306,0,0,0,0,1
17307,0,0,0,0,1
17308,0,0,0,0,1
17309,0,0,0,0,1
17310,0,0,0,0,1
17311,0,0,0,0,1
17312,0,0,0,0,1
17313,0,0,0,0,1
17314,0,0,0,0,1
17315,0,0,0,0,1
17316,0,0,0,0,1
17317,0,0,0,0,1
17318,0,0,0,0,1
17319,0,0,0,0,1
17320,0,0,0,0,1
17321,0,0,0,0,1
17322,0,0,0,0,1
17323,0,0,0,0,1
17324,0,0,0,0,1
17325,0,0,0,0,1
17326,0,0,0,0,1
17327,0,0,0,0,1
17328,0,0,0,0,1
17329,0,0,0,0,1
17330,0,0,0,0,1
17331,0,0,0,0,1
17332,0,0,0,0,1
17333,0,0,0,0,1
17334,0,0,0,0,1
17335,0,0,0,0,1
17336,0,0,0,0,1
17337,0,0,0,0,1
17338,0,0,0,0,1
17339,0,0,0,0,1
17340,0,0,0,0,1
17341,0,0,0,0,1
17342,0,0,0,0,1
17343,0,0,0,0,1
17344,0,0,0,0,1
17345,0,0,0,0,1
17346,0,0,0,0,1
17347,0,0,0,0,1
17348,0,0,0,0,1
17349,0,0,0,0,1
17350,0,0,0,0,1
17351,0,0,0,0,1
17352,0,0,0,0,1
17353,0,0,0,0,1
17354,0,0,0,0,1
17355,0,0,0,0,1
17356,0,0,0,0,1
17357,0,0,0,0,1
17358,0,0,0,0,1
17359,0,0,0,0,1
17360,0,0,0,0,1
17361,0,0,0,0,1
17362,0,0,0,0,1
17363,0,0,0,0,1
17364,0,0,0,0,1
17365,0,0,0,0,1
17366,0,0,0,0,1
17367,0,0,0,0,1
17368,0,0,0,0,1
17369,0,0,0,0,1
17370,0,0,0,0,1
17371,0,0,0,0,1
17372,0,0,0,0,1
17373,0,0,0,0,1
17374,0,0,0,0,1
17375,0,0,0,0,1
17376,0,0,0,0,1
17377,0,0,0,0,1
17378,0,0,0,0,1
17379,0,0,0,0,1
17380,0,0,0,0,1
17381,0,0,0,0,1
17382,0,0,0,0,1
17383,0,0,0,0,1
17384,0,0,0,0,1
17385,0,0,0,0,1
17386,0,0,0,0,1
17387,0,0,0,0,1
17388,0,0,0,0,1
17389,0,0,0,0,1
17390,0,0,0,0,1
17391,0,0,0,0,1
17392,0,0,0,0,1
17393,0,0,0,0,1
17394,0,0,0,0,1
17395,0,0,0,0,1
17396,0,0,0,0,1
17397,0,0,0,0,1
17398,0,0,0,0,1
17399,0,0,0,0,1
17400,0,0,0,0,1
17401,0,0,0,0,1
17402,0,0,0,0,1
17403,0,0,0,0,1
17404,0,0,0,0,1
17405,0,0,0,0,1
17406,0,0,0,0,1
17407,0,0,0,0,1
17408,0,0,0,0,1
17409,0,0,0,0,1
17410,0,0,0,0,1
17411,0,0,0,0,1
17412,0,0,0,0,1
17413,0,0,0,0,1
17414,0,0,1,0,0
17415,0,0,1,0,0
17416,0,0,1,0,0
17417,0,0,1,0,0
17418,0,0,1,0,0
17419,0,0,1,0,0
17420,0,0,1,0,0
17421,0,0,1,0,0
17422,0,0,1,0,0
17423,0,0,1,0,0
17424,0,0,1,0,0
17425,0,0,1,0,0
17426,0,0,1,0,0
17427,0,0,1,0,0
17428,0,0,1,0,0
17429,0,0,1,0,0
17430,0,0,1,0,0
17431,0,0,1,0,0
17432,0,0,1,0,0
17433,0,0,1,0,0
17434,0,0,1,0,0
17435,0,0,1,0,0
17436,0,0,1,0,0
17437,0,0,1,0,0
17438,0,0,1,0,0
17439,0,0,1,0,0
17440,0,0,1,0,0
17441,0,0,1,0,0
17442,0,0,1,0,0
17443,0,0,1,0,0
17444,0,0,1,0,0
17445,0,0,1,0,0
17446,0,0,1,0,0
17447,0,0,1,0,0
17448,0,0,1,0,0
17449,0,0,1,0,0
17450,0,0,1,0,0
17451,0,0,1,0,0
17452,0,0,1,0,0
17453,0,0,1,0,0
17454,0,0,1,0,0
17455,0,0,0,0,1
17456,0,0,0,0,1
17457,0,0,0,0,1
17458,0,0,0,0,1
17459,0,0,0,0,1
17460,1,0,0,0,0
17461,1,0,0,0,0
17462,1,0,0,0,0
17463,1,0,0,0,0
17464,1,0,0,0,0
17465,1,0,0,0,0
17466,1,0,0,0,0
17467,1,0,0,0,0
17468,1,0,0,0,0
17469,1,0,0,0,0
17470,1,0,0,0,0
17471,1,0,0,0,0
17472,1,0,0,0,0
17473,1,0,0,0,0
17474,1,0,0,0,0
17475,1,0,0,0,0
17476,1,0,0,0,0
17477,1,0,0,0,0
17478,1,0,0,0,0
17479,1,0,0,0,0
17480,1,0,0,0,0
17481,1,0,0,0,0
17482,1,0,0,0,0
17483,1,0,0,0,0
17484,1,0,0,0,0
17485,1,0,0,0,0
17486,1,0,0,0,0
17487,1,0,0,0,0
17488,1,0,0,0,0
17489,1,0,0,0,0
17490,1,0,0,0,0
17491,1,0,0,0,0
17492,1,0,0,0,0
17493,1,0,0,0,0
17494,1,0,0,0,0
17495,1,0,0,0,0
17496,1,0,0,0,0
17497,1,0,0,0,0
17498,1,0,0,0,0
17499,1,0,0,0,0
17500,1,0,0,0,0
17501,1,0,0,0,0
17502,1,0,0,0,0
17503,1,0,0,0,0
17504,1,0,0,0,0
17505,1,0,0,0,0
17506,1,0,0,0,0
17507,1,0,0,0,0
17508,1,0,0,0,0
17509,1,0,0,0,0
17510,1,0,0,0,0
17511,1,0,0,0,0
17512,1,0,0,0,0
17513,1,0,0,0,0
17514,1,0,0,0,0
17515,1,0,0,0,0
17516,1,0,0,0,0
17517,1,0,0,0,0
17518,1,0,0,0,0
17519,0,0,0,0,1
17520,0,0,0,0,1
17521,0,0,0,0,1
17522,0,0,0,0,1
17523,0,0,0,0,1
17524,0,0,0,1,0
17525,0,0,0,1,0
17526,0,0,0,1,0
17527,0,0,0,1,0
17528,0,0,0,1,0
17529,0,0,0,0,1
17530,0,1,0,0,0
17531,0,0,0,0,1
17532,0,0,0,0,1
17533,0,0,0,0,1
17534,0,0,0,0,1
17535,0,0,0,0,1
17536,1,0,0,0,0
17537,1,0,0,0,0
17538,1,0,0,0,0
17539,1,0,0,0,0
17540,1,0,0,0,0
17541,1,0,0,0,0
17542,1,0,0,0,0
17543,1,0,0,0,0
17544,1,0,0,0,0
17545,1,0,0,0,0
17546,1,0,0,0,0
17547,1,0,0,0,0
17548,1,0,0,0,0
17549,1,0,0,0,0
17550,1,0,0,0,0
17551,1,0,0,0,0
17552,1,0,0,0,0
17553,1,0,0,0,0
17554,1,0,0,0,0
17555,1,0,0,0,0
17556,1,0,0,0,0
17557,1,0,0,0,0
17558,1,0,0,0,0
17559,1,0,0,0,0
17560,1,0,0,0,0
17561,1,0,0,0,0
17562,1,0,0,0,0
17563,1,0,0,0,0
17564,1,0,0,0,0
17565,1,0,0,0,0
17566,1,0,0,0,0
17567,1,0,0,0,0
17568,1,0,0,0,0
17569,1,0,0,0,0
17570,1,0,0,0,0
17571,1,0,0,0,0
17572,1,0,0,0,0
17573,1,0,0,0,0
17574,1,0,0,0,0
17575,1,0,0,0,0
17576,1,0,0,0,0
17577,1,0,0,0,0
17578,1,0,0,0,0
17579,1,0,0,0,0
17580,1,0,0,0,0
17581,1,0,0,0,0
17582,0,0,0,0,1
17583,0,0,0,0,1
17584,0,0,0,0,1
17585,0,0,0,0,1
17586,0,0,0,0,1
17587,0,0,0,0,1
17588,0,0,0,0,1
17589,0,0,0,0,1
17590,0,0,0,0,1
17591,0,0,0,0,1
17592,0,0,0,0,1
17593,0,0,0,0,1
17594,0,0,0,0,1
17595,0,0,0,0,1
17596,0,0,0,0,1
17597,0,0,0,0,1
17598,0,0,0,0,1
17599,0,0,0,0,1
17600,0,0,0,0,1
17601,0,0,0,0,1
17602,0,0,0,0,1
17603,0,0,0,0,1
17604,0,0,0,0,1
17605,0,0,0,0,1
17606,0,0,0,0,1
17607,0,0,0,0,1
17608,0,0,0,0,1
17609,0,0,0,0,1
17610,0,0,0,0,1
17611,0,0,0,0,1
17612,0,0,0,0,1
17613,0,0,0,0,1
17614,0,0,0,0,1
17615,1,0,0,0,0
17616,1,0,0,0,0
17617,1,0,0,0,0
17618,1,0,0,0,0
17619,1,0,0,0,0
17620,1,0,0,0,0
17621,1,0,0,0,0
17622,1,0,0,0,0
17623,1,0,0,0,0
17624,1,0,0,0,0
17625,1,0,0,0,0
17626,1,0,0,0,0
17627,1,0,0,0,0
17628,1,0,0,0,0
17629,1,0,0,0,0
17630,1,0,0,0,0
17631,1,0,0,0,0
17632,1,0,0,0,0
17633,1,0,0,0,0
17634,1,0,0,0,0
17635,1,0,0,0,0
17636,1,0,0,0,0
17637,1,0,0,0,0
17638,0,0,0,0,1
17639,0,0,0,0,1
17640,0,0,0,0,1
17641,0,0,0,0,1
17642,0,0,0,0,1
17643,0,0,0,0,1
17644,0,0,0,0,1
17645,0,0,0,0,1
17646,0,0,0,0,1
17647,0,0,0,0,1
17648,0,0,0,0,1
17649,0,0,0,0,1
17650,0,0,0,0,1
17651,0,0,0,0,1
17652,0,0,0,0,1
17653,0,0,0,0,1
17654,0,0,0,0,1
17655,0,0,0,0,1
17656,0,0,0,0,1
17657,0,0,0,0,1
17658,0,0,0,0,1
17659,0,0,0,0,1
17660,0,0,0,0,1
17661,0,0,0,0,1
17662,0,0,0,0,1
17663,0,0,0,0,1
17664,0,0,0,0,1
17665,0,0,0,0,1
17666,0,0,0,0,1
17667,0,0,0,0,1
17668,0,0,0,0,1
17669,0,0,0,0,1
17670,0,0,0,0,1
17671,0,0,0,0,1
17672,0,0,0,0,1
17673,0,0,0,0,1
17674,0,0,0,0,1
17675,0,0,0,0,1
17676,0,0,0,0,1
17677,0,0,0,0,1
17678,0,0,0,0,1
17679,0,0,0,0,1
17680,0,0,0,0,1
17681,0,0,0,0,1
17682,0,0,0,0,1
17683,0,0,0,0,1
17684,0,0,0,0,1
17685,0,0,0,0,1
17686,0,0,0,0,1
17687,0,0,0,0,1
17688,0,0,0,0,1
17689,0,0,0,0,1
17690,0,0,0,0,1
17691,0,0,0,0,1
17692,0,0,0,0,1
17693,0,0,0,0,1
17694,0,0,0,0,1
17695,0,0,0,0,1
17696,0,0,0,0,1
17697,0,0,0,0,1
17698,0,0,0,0,1
17699,0,0,0,0,1
17700,0,0,0,0,1
17701,0,0,0,0,1
17702,0,0,0,0,1
17703,0,0,0,0,1
17704,0,0,0,0,1
17705,0,0,0,0,1
17706,0,0,0,0,1
17707,0,0,1,0,0
17708,0,0,1,0,0
17709,0,0,1,0,0
17710,0,0,1,0,0
17711,0,0,1,0,0
17712,0,0,1,0,0
17713,0,0,1,0,0
17714,0,0,1,0,0
17715,0,0,1,0,0
17716,0,0,1,0,0
17717,0,0,1,0,0
17718,0,0,1,0,0
17719,0,0,1,0,0
17720,0,0,1,0,0
17721,0,0,1,0,0
17722,0,0,1,0,0
17723,0,0,1,0,0
17724,0,0,1,0,0
17725,0,0,1,0,0
17726,0,0,1,0,0
17727,0,0,1,0,0
17728,0,0,1,0,0
17729,0,0,1,0,0
17730,0,0,1,0,0
17731,0,0,1,0,0
17732,0,0,1,0,0
17733,0,0,1,0,0
17734,0,0,1,0,0
17735,0,0,1,0,0
17736,0,0,1,0,0
17737,0,0,1,0,0
17738,0,0,1,0,0
17739,0,0,1,0,0
17740,0,0,1,0,0
17741,0,0,1,0,0
17742,0,0,1,0,0
17743,0,0,1,0,0
17744,0,0,1,0,0
17745,0,0,1,0,0
17746,0,0,1,0,0
17747,0,0,1,0,0
17748,0,0,1,0,0
17749,0,0,1,0,0
17750,0,0,1,0,0
17751,0,0,1,0,0
17752,0,0,1,0,0
17753,0,0,1,0,0
17754,0,0,1,0,0
17755,0,0,1,0,0
17756,0,0,1,0,0
17757,0,0,1,0,0
17758,0,0,1,0,0
17759,0,0,1,0,0
17760,0,0,1,0,0
17761,0,0,1,0,0
17762,0,0,1,0,0
17763,0,0,1,0,0
17764,0,0,1,0,0
17765,0,0,1,0,0
17766,0,0,1,0,0
17767,0,0,1,0,0
17768,0,0,1,0,0
17769,0,0,1,0,0
17770,0,0,1,0,0
17771,0,0,1,0,0
17772,0,0,1,0,0
17773,0,0,1,0,0
17774,0,0,1,0,0
17775,0,0,1,0,0
17776,0,0,1,0,0
17777,0,0,1,0,0
17778,0,0,1,0,0
17779,0,0,1,0,0
17780,0,0,1,0,0
17781,0,0,1,0,0
17782,0,0,1,0,0
17783,0,0,1,0,0
17784,0,0,1,0,0
17785,0,0,1,0,0
17786,0,0,1,0,0
17787,0,0,1,0,0
17788,0,0,1,0,0
17789,0,0,1,0,0
17790,0,0,1,0,0
17791,0,0,1,0,0
17792,0,0,1,0,0
17793,0,0,1,0,0
17794,0,0,1,0,0
17795,0,0,1,0,0
17796,0,0,1,0,0
17797,0,0,1,0,0
17798,0,0,1,0,0
17799,0,0,1,0,0
17800,0,0,1,0,0
17801,0,0,1,0,0
17802,0,0,1,0,0
17803,0,0,1,0,0
17804,0,0,0,0,1
17805,0,0,0,0,1
17806,0,0,0,0,1
17807,0,0,0,0,1
17808,0,0,0,0,1
17809,0,0,0,0,1
17810,0,0,0,0,1
17811,0,0,0,0,1
17812,0,0,0,0,1
17813,0,0,0,0,1
17814,0,0,0,0,1
17815,0,0,0,0,1
17816,0,0,0,0,1
17817,0,0,0,0,1
17818,0,0,0,0,1
17819,0,0,0,0,1
17820,0,0,0,0,1
17821,0,0,0,0,1
17822,0,0,0,0,1
17823,0,0,0,0,1
17824,0,0,0,0,1
17825,0,0,0,0,1
17826,0,0,0,0,1
17827,0,0,0,0,1
17828,0,0,0,0,1
17829,0,0,0,0,1
17830,0,0,0,0,1
17831,0,0,0,0,1
17832,0,0,0,0,1
17833,0,0,0,0,1
17834,0,0,0,0,1
17835,0,0,0,0,1
17836,0,0,0,0,1
17837,0,0,0,0,1
17838,0,0,0,0,1
17839,0,0,0,0,1
17840,0,0,0,0,1
17841,0,0,0,0,1
17842,0,0,0,0,1
17843,0,0,0,0,1
17844,0,0,0,0,1
17845,0,0,0,0,1
17846,0,0,0,0,1
17847,0,0,0,0,1
17848,0,0,0,0,1
17849,0,0,0,0,1
17850,0,0,0,0,1
17851,0,0,0,0,1
17852,0,0,0,0,1
17853,0,0,0,0,1
17854,0,0,0,0,1
17855,0,0,0,0,1
17856,0,0,0,0,1
17857,0,0,0,0,1
17858,0,0,0,0,1
17859,0,0,0,0,1
17860,0,0,0,0,1
17861,0,0,0,0,1
17862,0,0,0,0,1
17863,0,0,0,0,1
17864,0,0,0,0,1
17865,0,0,0,0,1
17866,0,0,0,0,1
17867,0,0,0,0,1
17868,0,0,0,0,1
17869,0,0,0,0,1
17870,0,0,0,0,1
17871,0,0,0,0,1
17872,0,0,0,0,1
17873,0,0,0,0,1
17874,0,0,0,0,1
17875,0,0,0,0,1
17876,0,0,0,0,1
17877,0,0,0,0,1
17878,0,0,0,0,1
17879,0,0,0,0,1
17880,0,0,0,0,1
17881,0,0,0,0,1
17882,1,0,0,0,0
17883,1,0,0,0,0
17884,1,0,0,0,0
17885,1,0,0,0,0
17886,1,0,0,0,0
17887,1,0,0,0,0
17888,1,0,0,0,0
17889,1,0,0,0,0
17890,1,0,0,0,0
17891,1,0,0,0,0
17892,1,0,0,0,0
17893,1,0,0,0,0
17894,1,0,0,0,0
17895,1,0,0,0,0
17896,1,0,0,0,0
17897,1,0,0,0,0
17898,1,0,0,0,0
17899,1,0,0,0,0
17900,1,0,0,0,0
17901,1,0,0,0,0
17902,1,0,0,0,0
17903,1,0,0,0,0
17904,1,0,0,0,0
17905,1,0,0,0,0
17906,1,0,0,0,0
17907,1,0,0,0,0
17908,1,0,0,0,0
17909,1,0,0,0,0
17910,1,0,0,0,0
17911,1,0,0,0,0
17912,1,0,0,0,0
17913,1,0,0,0,0
17914,1,0,0,0,0
17915,1,0,0,0,0
17916,1,0,0,0,0
17917,1,0,0,0,0
17918,1,0,0,0,0
17919,1,0,0,0,0
17920,1,0,0,0,0
17921,1,0,0,0,0
17922,1,0,0,0,0
17923,1,0,0,0,0
17924,1,0,0,0,0
17925,1,0,0,0,0
17926,1,0,0,0,0
17927,1,0,0,0,0
17928,1,0,0,0,0
17929,1,0,0,0,0
17930,1,0,0,0,0
17931,1,0,0,0,0
17932,0,0,0,0,1
17933,0,0,0,0,1
17934,0,0,0,0,1
17935,0,0,0,0,1
17936,0,0,0,0,1
17937,0,0,0,0,1
17938,0,0,0,0,1
17939,0,0,0,0,1
17940,0,0,0,0,1
17941,0,0,0,0,1
17942,0,0,0,0,1
17943,0,0,0,0,1
17944,0,0,0,0,1
17945,0,0,0,0,1
17946,0,0,0,0,1
17947,0,0,0,0,1
17948,0,0,0,0,1
17949,0,0,0,0,1
17950,0,0,0,0,1
17951,0,0,0,0,1
17952,0,0,0,0,1
17953,0,0,0,0,1
17954,0,0,0,0,1
17955,0,0,0,0,1
17956,0,0,0,0,1
17957,0,0,0,0,1
17958,0,0,0,0,1
17959,0,0,0,0,1
17960,0,0,0,0,1
17961,0,0,0,0,1
17962,0,0,0,0,1
17963,0,0,0,0,1
17964,0,0,0,0,1
17965,0,0,0,0,1
17966,0,0,0,0,1
17967,0,0,0,0,1
17968,0,0,0,0,1
17969,0,0,0,0,1
17970,0,0,0,0,1
17971,0,0,0,0,1
17972,0,0,0,0,1
17973,0,0,0,0,1
17974,0,0,0,0,1
17975,0,0,0,0,1
17976,0,0,0,0,1
17977,0,0,0,0,1
17978,0,0,0,0,1
17979,0,0,0,0,1
17980,0,0,0,0,1
17981,0,0,0,0,1
17982,0,0,0,0,1
17983,0,0,0,0,1
17984,0,0,0,0,1
17985,0,0,0,0,1
17986,0,0,0,0,1
17987,0,0,0,0,1
17988,0,0,0,0,1
17989,0,0,0,0,1
17990,0,0,0,0,1
17991,0,0,0,0,1
17992,0,0,0,0,1
17993,0,0,0,0,1
17994,0,0,0,0,1
17995,1,0,0,0,0
17996,1,0,0,0,0
17997,1,0,0,0,0
17998,1,0,0,0,0
17999,1,0,0,0,0
18000,1,0,0,0,0
18001,1,0,0,0,0
18002,1,0,0,0,0
18003,1,0,0,0,0
18004,1,0,0,0,0
18005,1,0,0,0,0
18006,1,0,0,0,0
18007,1,0,0,0,0
18008,1,0,0,0,0
18009,1,0,0,0,0
18010,1,0,0,0,0
18011,1,0,0,0,0
18012,1,0,0,0,0
18013,1,0,0,0,0
18014,1,0,0,0,0
18015,1,0,0,0,0
18016,1,0,0,0,0
18017,1,0,0,0,0
18018,1,0,0,0,0
18019,1,0,0,0,0
18020,1,0,0,0,0
18021,1,0,0,0,0
18022,1,0,0,0,0
18023,1,0,0,0,0
18024,1,0,0,0,0
18025,0,0,0,0,1
18026,0,0,0,0,1
18027,0,0,0,0,1
18028,0,0,0,0,1
18029,0,0,0,0,1
18030,0,0,0,0,1
18031,0,0,0,0,1
18032,0,0,0,0,1
18033,0,0,0,0,1
18034,0,0,0,0,1
18035,0,0,0,0,1
18036,0,0,0,0,1
18037,0,0,0,0,1
18038,0,0,0,0,1
18039,0,0,0,0,1
18040,0,0,0,0,1
18041,0,0,0,0,1
18042,0,0,0,0,1
18043,0,0,0,0,1
18044,0,0,0,0,1
18045,0,0,0,0,1
18046,0,0,0,0,1
18047,0,0,0,0,1
18048,0,0,0,0,1
18049,0,0,0,0,1
18050,0,0,0,0,1
18051,0,0,0,0,1
18052,0,0,0,0,1
18053,0,0,0,0,1
18054,0,0,0,0,1
18055,0,0,0,0,1
18056,0,0,0,0,1
18057,0,0,0,0,1
18058,0,0,0,0,1
18059,0,0,0,0,1
18060,0,0,0,0,1
18061,0,0,0,0,1
18062,0,0,0,0,1
18063,0,0,0,0,1
18064,0,0,0,0,1
18065,0,0,0,0,1
18066,0,0,0,0,1
18067,0,0,0,0,1
18068,0,0,0,0,1
18069,0,0,0,0,1
18070,0,0,0,0,1
18071,0,0,0,0,1
18072,0,0,0,0,1
18073,0,0,0,0,1
18074,0,0,0,0,1
18075,0,0,0,0,1
18076,0,0,0,0,1
18077,0,0,0,0,1
18078,0,0,0,0,1
18079,0,0,0,0,1
18080,0,0,0,0,1
18081,0,0,0,0,1
18082,0,0,0,0,1
18083,0,0,0,0,1
18084,0,0,0,0,1
18085,0,0,0,0,1
18086,0,0,0,0,1
18087,0,0,0,0,1
18088,0,0,0,0,1
18089,0,0,0,0,1
18090,0,0,0,0,1
18091,0,0,0,0,1
18092,0,0,0,0,1
18093,0,0,0,0,1
18094,0,0,0,0,1
18095,0,0,0,0,1
18096,0,0,0,0,1
18097,0,0,0,0,1
18098,0,0,0,0,1
18099,0,0,0,0,1
18100,0,0,0,0,1
18101,0,0,0,0,1
18102,0,0,0,0,1
18103,0,0,0,0,1
18104,0,0,0,0,1
18105,0,0,0,0,1
18106,0,0,0,0,1
18107,0,0,0,0,1
18108,0,0,0,0,1
18109,0,0,0,0,1
18110,0,0,0,0,1
18111,0,0,0,0,1
18112,0,0,0,0,1
18113,0,0,0,0,1
18114,0,0,0,0,1
18115,0,0,0,0,1
18116,0,0,0,0,1
18117,0,0,0,0,1
18118,0,0,0,0,1
18119,0,0,0,0,1
18120,0,0,0,0,1
18121,0,0,0,0,1
18122,0,0,0,0,1
18123,0,0,0,0,1
18124,0,0,0,0,1
18125,0,0,0,0,1
18126,0,0,0,0,1
18127,0,0,0,0,1
18128,0,0,0,0,1
18129,0,0,0,0,1
18130,0,0,0,0,1
18131,0,0,0,0,1
18132,0,0,0,0,1
18133,0,0,0,0,1
18134,0,0,0,0,1
18135,0,1,0,0,0
18136,0,1,0,0,0
18137,0,1,0,0,0
18138,0,1,0,0,0
18139,0,1,0,0,0
18140,0,1,0,0,0
18141,0,1,0,0,0
18142,0,1,0,0,0
18143,0,0,0,0,1
18144,0,0,0,0,1
18145,0,0,0,0,1
18146,0,0,0,0,1
18147,0,0,0,0,1
18148,0,0,0,0,1
18149,0,0,0,0,1
18150,0,0,0,0,1
18151,0,0,0,0,1
18152,0,0,0,0,1
18153,0,0,0,0,1
18154,0,0,0,0,1
18155,0,0,0,0,1
18156,0,0,0,0,1
18157,0,0,0,0,1
18158,0,0,0,0,1
18159,0,0,0,0,1
18160,0,0,0,0,1
18161,0,0,0,0,1
18162,0,0,0,0,1
18163,0,0,0,0,1
18164,0,0,0,0,1
18165,0,0,0,0,1
18166,0,0,0,0,1
18167,0,0,0,0,1
18168,0,0,0,0,1
18169,0,0,0,0,1
18170,0,0,0,0,1
18171,0,0,0,0,1
18172,0,0,0,0,1
18173,0,0,0,0,1
18174,0,0,0,0,1
18175,0,0,0,0,1
18176,0,0,0,0,1
18177,0,0,0,0,1
18178,0,0,0,0,1
18179,0,0,0,0,1
18180,0,0,0,0,1
18181,0,0,0,0,1
18182,0,0,0,0,1
18183,0,0,0,0,1
18184,0,0,0,0,1
18185,0,0,0,0,1
18186,0,0,0,0,1
18187,0,0,0,0,1
18188,0,0,0,0,1
18189,0,0,0,0,1
18190,0,0,0,0,1
18191,0,0,0,0,1
18192,0,0,0,0,1
18193,0,0,0,0,1
18194,0,0,0,0,1
18195,0,0,0,0,1
18196,0,0,0,0,1
18197,0,0,0,0,1
18198,0,0,0,0,1
18199,0,0,0,0,1
18200,0,0,0,0,1
18201,0,0,0,0,1
18202,0,0,0,0,1
18203,0,0,0,0,1
18204,0,0,0,0,1
18205,0,0,0,0,1
18206,0,0,0,0,1
18207,0,0,0,0,1
18208,0,0,0,0,1
18209,0,0,0,0,1
18210,0,0,0,0,1
18211,0,0,0,0,1
18212,0,0,0,0,1
18213,0,0,0,0,1
18214,0,0,0,0,1
18215,0,0,0,0,1
18216,0,0,0,0,1
18217,0,0,0,0,1
18218,0,0,0,0,1
18219,0,0,0,0,1
18220,0,0,0,0,1
18221,0,0,0,0,1
18222,0,0,0,0,1
18223,0,0,0,0,1
18224,0,0,0,0,1
18225,0,0,1,0,0
18226,0,0,1,0,0
18227,0,0,1,0,0
18228,0,0,1,0,0
18229,0,0,1,0,0
18230,0,0,1,0,0
18231,0,0,1,0,0
18232,0,0,1,0,0
18233,0,0,1,0,0
18234,0,0,1,0,0
18235,0,0,1,0,0
18236,0,0,1,0,0
18237,0,0,1,0,0
18238,0,0,1,0,0
18239,0,0,1,0,0
18240,0,0,1,0,0
18241,0,0,1,0,0
18242,0,0,1,0,0
18243,0,0,1,0,0
18244,0,0,1,0,0
18245,0,0,1,0,0
18246,0,0,1,0,0
18247,0,0,1,0,0
18248,0,0,1,0,0
18249,0,0,1,0,0
18250,0,0,1,0,0
18251,0,0,1,0,0
18252,0,0,1,0,0
18253,0,0,1,0,0
18254,0,0,1,0,0
18255,0,0,1,0,0
18256,0,0,1,0,0
18257,0,0,1,0,0
18258,0,0,1,0,0
18259,0,0,1,0,0
18260,0,0,1,0,0
18261,0,0,1,0,0
18262,0,0,1,0,0
18263,0,0,1,0,0
18264,0,0,1,0,0
18265,0,0,0,0,1
18266,0,0,0,0,1
18267,0,0,0,0,1
18268,0,0,0,0,1
18269,0,0,0,0,1
18270,0,0,0,0,1
18271,0,0,0,0,1
18272,0,0,0,0,1
18273,0,0,0,0,1
18274,0,0,0,0,1
18275,1,0,0,0,0
18276,1,0,0,0,0
18277,1,0,0,0,0
18278,1,0,0,0,0
18279,1,0,0,0,0
18280,1,0,0,0,0
18281,1,0,0,0,0
18282,1,0,0,0,0
18283,1,0,0,0,0
18284,1,0,0,0,0
18285,1,0,0,0,0
18286,1,0,0,0,0
18287,1,0,0,0,0
18288,1,0,0,0,0
18289,1,0,0,0,0
18290,1,0,0,0,0
18291,1,0,0,0,0
18292,1,0,0,0,0
18293,1,0,0,0,0
18294,1,0,0,0,0
18295,1,0,0,0,0
18296,1,0,0,0,0
18297,1,0,0,0,0
18298,1,0,0,0,0
18299,1,0,0,0,0
18300,1,0,0,0,0
18301,1,0,0,0,0
18302,1,0,0,0,0
18303,1,0,0,0,0
18304,1,0,0,0,0
18305,1,0,0,0,0
18306,1,0,0,0,0
18307,1,0,0,0,0
18308,1,0,0,0,0
18309,1,0,0,0,0
18310,1,0,0,0,0
18311,1,0,0,0,0
18312,1,0,0,0,0
18313,1,0,0,0,0
18314,0,0,0,0,1
18315,0,0,0,0,1
18316,0,0,0,0,1
18317,0,0,0,0,1
18318,0,0,0,0,1
18319,0,0,0,0,1
18320,0,0,0,0,1
18321,0,0,0,0,1
18322,0,0,0,0,1
18323,0,0,0,0,1
18324,0,0,0,0,1
18325,0,0,0,0,1
18326,0,0,0,0,1
18327,0,0,0,0,1
18328,0,0,0,0,1
18329,0,0,0,0,1
18330,0,0,0,0,1
18331,0,0,0,0,1
18332,0,0,0,0,1
18333,0,0,0,0,1
18334,0,0,0,0,1
18335,0,0,0,0,1
18336,0,0,0,0,1
18337,0,0,0,0,1
18338,0,0,0,0,1
18339,0,0,0,0,1
18340,0,0,0,0,1
18341,0,0,0,0,1
18342,0,0,0,0,1
18343,0,0,0,0,1
18344,0,0,0,0,1
18345,0,0,0,0,1
18346,0,0,0,0,1
18347,0,0,0,0,1
18348,0,0,0,0,1
18349,0,0,0,0,1
18350,0,0,0,0,1
18351,0,0,0,0,1
18352,0,0,0,0,1
18353,0,0,0,0,1
18354,0,0,0,0,1
18355,0,0,0,0,1
18356,0,0,0,0,1
18357,0,0,0,0,1
18358,0,0,0,0,1
18359,0,0,0,0,1
18360,0,0,0,0,1
18361,0,0,0,0,1
18362,0,0,0,0,1
18363,0,0,0,0,1
18364,0,0,0,0,1
18365,0,0,0,0,1
18366,0,0,0,0,1
18367,0,0,0,0,1
18368,0,0,0,0,1
18369,0,0,0,0,1
18370,0,0,0,0,1
18371,0,0,0,0,1
18372,0,0,0,0,1
18373,0,0,0,0,1
18374,0,0,0,0,1
18375,0,0,0,0,1
18376,0,0,0,0,1
18377,0,0,0,0,1
18378,0,0,0,0,1
18379,0,0,0,0,1
18380,0,0,0,0,1
18381,0,0,0,0,1
18382,0,0,0,0,1
18383,0,0,0,0,1
18384,0,0,0,0,1
18385,0,0,0,0,1
18386,0,0,0,0,1
18387,0,0,0,0,1
18388,0,0,0,0,1
18389,0,0,0,0,1
18390,0,0,0,0,1
18391,0,0,0,0,1
18392,0,0,0,0,1
18393,0,0,0,0,1
18394,0,0,0,0,1
18395,0,0,0,0,1
18396,0,0,0,0,1
18397,0,0,0,0,1
18398,0,0,0,0,1
18399,0,0,0,0,1
18400,0,0,0,0,1
18401,0,0,0,0,1
18402,0,0,0,0,1
18403,0,0,0,0,1
18404,0,0,0,0,1
18405,0,0,0,0,1
18406,0,0,0,0,1
18407,0,0,0,0,1
18408,0,0,0,0,1
18409,0,0,0,0,1
18410,0,0,0,0,1
18411,0,0,0,0,1
18412,0,0,0,0,1
18413,0,0,0,0,1
18414,0,0,0,0,1
18415,0,0,0,0,1
18416,0,0,0,0,1
18417,0,0,0,0,1
18418,0,0,0,0,1
18419,0,0,0,0,1
18420,0,0,0,0,1
18421,0,0,0,0,1
18422,0,0,0,0,1
18423,0,0,0,0,1
18424,0,0,0,0,1
18425,0,0,0,0,1
18426,0,0,0,0,1
18427,0,0,0,0,1
18428,0,0,0,0,1
18429,0,0,0,0,1
18430,0,0,0,0,1
18431,0,1,0,0,0
18432,0,1,0,0,0
18433,0,1,0,0,0
18434,0,1,0,0,0
18435,0,1,0,0,0
18436,0,1,0,0,0
18437,0,1,0,0,0
18438,0,1,0,0,0
18439,0,1,0,0,0
18440,0,1,0,0,0
18441,0,1,0,0,0
18442,0,1,0,0,0
18443,0,1,0,0,0
18444,0,1,0,0,0
18445,0,1,0,0,0
18446,0,1,0,0,0
18447,0,1,0,0,0
18448,0,1,0,0,0
18449,0,1,0,0,0
18450,0,1,0,0,0
18451,0,1,0,0,0
18452,0,1,0,0,0
18453,0,1,0,0,0
18454,0,1,0,0,0
18455,0,1,0,0,0
18456,0,1,0,0,0
18457,0,1,0,0,0
18458,0,1,0,0,0
18459,0,1,0,0,0
18460,0,1,0,0,0
18461,0,1,0,0,0
18462,0,1,0,0,0
18463,0,1,0,0,0
18464,0,1,0,0,0
18465,0,1,0,0,0
18466,0,1,0,0,0
18467,0,1,0,0,0
18468,0,1,0,0,0
18469,0,1,0,0,0
18470,0,1,0,0,0
18471,0,1,0,0,0
18472,0,1,0,0,0
18473,0,1,0,0,0
18474,0,1,0,0,0
18475,0,1,0,0,0
18476,0,1,0,0,0
18477,0,1,0,0,0
18478,0,1,0,0,0
18479,0,1,0,0,0
18480,0,1,0,0,0
18481,0,1,0,0,0
18482,0,1,0,0,0
18483,0,1,0,0,0
18484,0,1,0,0,0
18485,0,1,0,0,0
18486,0,1,0,0,0
18487,0,1,0,0,0
18488,0,1,0,0,0
18489,0,1,0,0,0
18490,0,1,0,0,0
18491,0,1,0,0,0
18492,0,1,0,0,0
18493,0,1,0,0,0
18494,0,1,0,0,0
18495,0,1,0,0,0
18496,0,1,0,0,0
18497,0,1,0,0,0
18498,0,1,0,0,0
18499,0,1,0,0,0
18500,0,1,0,0,0
18501,0,1,0,0,0
18502,0,1,0,0,0
18503,0,1,0,0,0
18504,0,1,0,0,0
18505,0,1,0,0,0
18506,0,1,0,0,0
18507,0,1,0,0,0
18508,0,1,0,0,0
18509,0,1,0,0,0
18510,0,1,0,0,0
18511,0,1,0,0,0
18512,0,1,0,0,0
18513,0,1,0,0,0
18514,0,1,0,0,0
18515,0,1,0,0,0
18516,0,1,0,0,0
18517,0,1,0,0,0
18518,0,1,0,0,0
18519,0,1,0,0,0
18520,0,1,0,0,0
18521,0,1,0,0,0
18522,0,1,0,0,0
18523,0,1,0,0,0
18524,0,1,0,0,0
18525,0,1,0,0,0
18526,0,1,0,0,0
18527,0,1,0,0,0
18528,0,1,0,0,0
18529,0,1,0,0,0
18530,0,1,0,0,0
18531,0,1,0,0,0
18532,0,1,0,0,0
18533,0,1,0,0,0
18534,0,1,0,0,0
18535,0,1,0,0,0
18536,0,1,0,0,0
18537,0,1,0,0,0
18538,0,1,0,0,0
18539,0,1,0,0,0
18540,0,1,0,0,0
18541,0,1,0,0,0
18542,0,1,0,0,0
18543,0,1,0,0,0
18544,0,1,0,0,0
18545,0,1,0,0,0
18546,0,1,0,0,0
18547,0,1,0,0,0
18548,0,1,0,0,0
18549,0,1,0,0,0
18550,0,1,0,0,0
18551,0,1,0,0,0
18552,0,1,0,0,0
18553,0,1,0,0,0
18554,0,1,0,0,0
18555,0,1,0,0,0
18556,0,1,0,0,0
18557,0,1,0,0,0
18558,0,1,0,0,0
18559,0,1,0,0,0
18560,0,1,0,0,0
18561,0,1,0,0,0
18562,0,1,0,0,0
18563,0,1,0,0,0
18564,0,1,0,0,0
18565,0,1,0,0,0
18566,0,1,0,0,0
18567,0,1,0,0,0
18568,0,1,0,0,0
18569,0,1,0,0,0
18570,0,1,0,0,0
18571,0,1,0,0,0
18572,0,0,0,0,1
18573,0,0,0,0,1
18574,0,0,0,0,1
18575,0,0,0,0,1
18576,0,0,0,0,1
18577,0,0,0,0,1
18578,0,0,0,0,1
18579,0,0,0,0,1
18580,0,0,0,0,1
18581,0,0,0,0,1
18582,0,0,0,0,1
18583,0,0,0,0,1
18584,0,0,0,0,1
18585,0,0,0,0,1
18586,0,0,0,0,1
18587,0,0,0,0,1
18588,0,0,0,0,1
18589,0,0,0,0,1
18590,0,0,0,0,1
18591,0,0,0,0,1
18592,0,0,0,0,1
18593,0,0,0,0,1
18594,0,0,0,0,1
18595,0,0,0,0,1
18596,0,0,0,0,1
18597,0,0,0,0,1
18598,0,0,0,0,1
18599,0,0,0,0,1
18600,0,0,0,0,1
18601,0,0,0,0,1
18602,0,0,0,0,1
18603,0,0,0,0,1
18604,0,0,0,0,1
18605,0,0,0,0,1
18606,0,0,0,0,1
18607,0,0,0,0,1
18608,0,0,0,0,1
18609,0,0,0,0,1
18610,0,0,0,0,1
18611,0,0,0,0,1
18612,0,0,0,0,1
18613,0,0,0,0,1
18614,0,0,0,0,1
18615,0,0,0,0,1
18616,0,0,0,0,1
18617,0,0,0,0,1
18618,0,0,0,0,1
18619,0,0,0,0,1
18620,0,0,0,0,1
18621,0,0,0,0,1
18622,0,0,0,0,1
18623,0,0,0,0,1
18624,0,0,0,0,1
18625,0,0,0,0,1
18626,0,0,0,0,1
18627,0,0,0,0,1
18628,0,0,0,0,1
18629,0,0,0,0,1
18630,0,0,0,0,1
18631,0,0,0,0,1
18632,0,0,0,0,1
18633,0,0,0,0,1
18634,0,0,0,0,1
18635,0,0,0,0,1
18636,0,0,0,0,1
18637,0,0,0,0,1
18638,0,0,0,0,1
18639,0,0,0,0,1
18640,0,0,0,0,1
18641,0,0,0,0,1
18642,0,0,0,0,1
18643,0,0,0,0,1
18644,0,0,0,0,1
18645,0,0,0,0,1
18646,0,0,0,0,1
18647,0,0,0,0,1
18648,0,0,0,0,1
18649,0,0,0,0,1
18650,0,0,0,0,1
18651,0,0,0,0,1
18652,0,0,0,0,1
18653,0,0,0,0,1
18654,0,0,0,0,1
18655,0,0,0,0,1
18656,0,0,0,0,1
18657,0,0,0,0,1
18658,0,0,0,0,1
18659,0,0,0,0,1
18660,0,0,0,0,1
18661,0,0,0,0,1
18662,0,0,0,0,1
18663,0,0,0,0,1
18664,0,0,0,0,1
18665,0,0,0,0,1
18666,0,0,0,0,1
18667,0,0,0,0,1
18668,0,0,0,0,1
18669,0,0,0,0,1
18670,0,0,0,0,1
18671,0,0,0,0,1
18672,0,0,0,0,1
18673,0,0,0,0,1
18674,0,0,0,0,1
18675,0,0,0,0,1
18676,0,0,0,0,1
18677,0,0,0,0,1
18678,0,0,0,0,1
18679,0,0,0,0,1
18680,0,0,0,0,1
18681,0,0,0,0,1
18682,0,0,0,0,1
18683,0,0,0,0,1
18684,0,0,0,0,1
18685,0,0,0,0,1
18686,0,0,0,0,1
18687,0,0,0,0,1
18688,0,0,0,0,1
18689,0,0,0,0,1
18690,0,0,0,0,1
18691,0,0,0,0,1
18692,0,0,0,0,1
18693,0,0,0,0,1
18694,0,0,0,0,1
18695,0,0,0,0,1
18696,0,0,0,0,1
18697,0,0,0,0,1
18698,0,0,0,0,1
18699,0,0,0,0,1
18700,0,0,0,0,1
18701,0,0,0,0,1
18702,0,0,0,0,1
18703,0,0,0,0,1
18704,0,0,0,0,1
18705,0,0,0,0,1
18706,0,0,0,0,1
18707,0,0,0,0,1
18708,0,0,0,0,1
18709,0,0,0,0,1
18710,0,0,0,0,1
18711,0,0,0,0,1
18712,0,0,0,0,1
18713,0,0,0,0,1
18714,0,0,0,0,1
18715,0,0,0,0,1
18716,0,0,0,0,1
18717,0,0,0,0,1
18718,0,0,0,0,1
18719,0,0,0,0,1
18720,0,0,0,0,1
18721,0,0,0,0,1
18722,0,0,0,0,1
18723,0,0,0,0,1
18724,0,0,0,0,1
18725,0,0,0,0,1
18726,0,0,0,0,1
18727,0,0,0,0,1
18728,0,0,0,0,1
18729,0,0,0,0,1
18730,0,0,0,0,1
18731,0,0,0,0,1
18732,0,0,0,0,1
18733,0,0,0,0,1
18734,0,0,0,0,1
18735,0,0,0,0,1
18736,0,0,0,0,1
18737,0,0,0,0,1
18738,0,0,0,0,1
18739,0,0,0,0,1
18740,0,0,0,0,1
18741,0,0,0,0,1
18742,0,0,0,0,1
18743,0,0,0,0,1
18744,0,1,0,0,0
18745,0,1,0,0,0
18746,0,1,0,0,0
18747,0,1,0,0,0
18748,0,1,0,0,0
18749,0,1,0,0,0
18750,0,1,0,0,0
18751,0,1,0,0,0
18752,0,1,0,0,0
18753,0,1,0,0,0
18754,0,1,0,0,0
18755,0,1,0,0,0
18756,0,1,0,0,0
18757,0,1,0,0,0
18758,0,1,0,0,0
18759,0,1,0,0,0
18760,0,1,0,0,0
18761,0,1,0,0,0
18762,0,1,0,0,0
18763,0,1,0,0,0
18764,0,1,0,0,0
18765,0,1,0,0,0
18766,0,1,0,0,0
18767,0,1,0,0,0
18768,0,1,0,0,0
18769,0,1,0,0,0
18770,0,1,0,0,0
18771,0,1,0,0,0
18772,0,1,0,0,0
18773,0,1,0,0,0
18774,0,1,0,0,0
18775,0,0,0,0,1
18776,0,0,0,0,1
18777,0,0,0,0,1
18778,0,0,0,0,1
18779,0,0,0,0,1
18780,0,0,0,0,1
18781,0,0,0,0,1
18782,0,0,0,0,1
18783,0,0,0,0,1
18784,0,0,0,0,1
18785,0,0,0,0,1
18786,0,0,0,0,1
18787,0,0,0,0,1
18788,0,0,0,0,1
18789,0,0,0,0,1
18790,0,0,0,0,1
18791,0,0,0,0,1
18792,0,0,0,0,1
18793,0,0,0,0,1
18794,0,0,0,0,1
18795,0,0,0,0,1
18796,0,0,0,0,1
18797,0,0,0,0,1
18798,0,0,0,0,1
18799,0,0,0,0,1
18800,0,0,0,0,1
18801,0,0,0,0,1
18802,0,0,0,0,1
18803,0,0,0,0,1
18804,0,0,0,0,1
18805,0,0,0,0,1
18806,0,0,0,0,1
18807,0,0,0,0,1
18808,0,0,0,0,1
18809,0,0,0,0,1
18810,0,0,0,0,1
18811,0,0,0,0,1
18812,0,0,0,0,1
18813,0,0,0,0,1
18814,0,0,0,0,1
18815,0,0,0,0,1
18816,0,0,0,0,1
18817,0,0,0,0,1
18818,0,0,0,0,1
18819,0,0,0,0,1
18820,0,0,0,0,1
18821,0,0,0,0,1
18822,0,0,0,0,1
18823,0,0,0,0,1
18824,0,0,0,0,1
18825,0,0,0,0,1
18826,0,0,0,0,1
18827,0,0,0,0,1
18828,0,0,0,0,1
18829,0,0,0,0,1
18830,0,0,0,0,1
18831,0,0,0,0,1
18832,0,0,0,0,1
18833,0,0,0,0,1
18834,0,0,0,0,1
18835,0,0,0,0,1
18836,0,0,0,0,1
18837,0,0,0,0,1
18838,0,0,0,0,1
18839,0,0,0,0,1
18840,0,0,0,0,1
18841,0,0,0,0,1
18842,0,0,0,0,1
18843,0,0,0,0,1
18844,0,0,0,0,1
18845,0,0,0,0,1
18846,0,0,0,0,1
18847,0,0,0,0,1
18848,0,0,0,0,1
18849,0,0,0,0,1
18850,0,0,0,0,1
18851,0,0,0,0,1
18852,0,0,0,0,1
18853,0,0,0,0,1
18854,0,0,0,0,1
18855,0,0,0,0,1
18856,0,0,0,0,1
18857,0,0,0,0,1
18858,0,0,0,0,1
18859,0,0,0,0,1
18860,0,0,0,0,1
18861,0,0,0,0,1
18862,0,0,0,0,1
18863,0,0,0,0,1
18864,0,0,0,0,1
18865,0,0,0,0,1
18866,0,0,0,0,1
18867,0,0,0,0,1
18868,0,0,0,0,1
18869,0,0,0,0,1
18870,0,0,0,0,1
18871,0,0,0,0,1
18872,0,0,0,0,1
18873,0,0,0,0,1
18874,0,0,0,0,1
18875,0,0,0,0,1
18876,0,0,0,0,1
18877,0,0,0,0,1
18878,0,0,0,0,1
18879,0,0,0,0,1
18880,0,0,0,0,1
18881,0,0,0,0,1
18882,0,0,0,0,1
18883,0,0,0,0,1
18884,0,0,0,0,1
18885,0,0,0,0,1
18886,0,0,0,0,1
18887,0,0,0,0,1
18888,0,0,0,0,1
18889,0,0,0,0,1
18890,0,0,0,0,1
18891,0,0,0,0,1
18892,0,0,0,0,1
18893,0,0,0,0,1
18894,0,0,0,0,1
18895,0,0,0,0,1
18896,0,0,0,0,1
18897,0,0,0,0,1
18898,0,0,0,0,1
18899,0,0,0,0,1
18900,0,0,0,0,1
18901,0,0,0,0,1
18902,0,0,0,0,1
18903,0,0,0,0,1
18904,0,0,0,0,1
18905,0,0,0,0,1
18906,0,0,0,0,1
18907,0,0,0,0,1
18908,0,0,0,0,1
18909,0,0,0,0,1
18910,0,0,0,0,1
18911,0,0,0,0,1
18912,0,0,0,0,1
18913,0,0,0,0,1
18914,0,0,0,0,1
18915,0,0,0,0,1
18916,0,0,0,0,1
18917,0,0,0,0,1
18918,0,0,0,0,1
18919,0,0,0,0,1
18920,0,0,0,0,1
18921,0,0,0,0,1
18922,0,0,0,0,1
18923,0,0,0,0,1
18924,0,0,0,0,1
18925,0,0,0,0,1
18926,0,0,0,0,1
18927,0,0,0,0,1
18928,0,0,0,0,1
18929,0,0,0,0,1
18930,0,0,0,0,1
18931,0,0,0,0,1
18932,0,0,0,0,1
18933,0,0,0,0,1
18934,0,0,0,0,1
18935,0,0,0,0,1
18936,0,0,0,0,1
18937,0,0,0,0,1
18938,0,0,0,0,1
18939,0,0,0,0,1
18940,0,0,0,0,1
18941,0,0,0,0,1
18942,0,0,0,0,1
18943,0,0,0,0,1
18944,0,0,0,0,1
18945,0,0,0,0,1
18946,0,0,0,0,1
18947,0,0,0,0,1
18948,0,0,0,0,1
18949,0,0,0,0,1
18950,0,0,0,0,1
18951,0,0,0,0,1
18952,0,0,0,0,1
18953,0,0,0,0,1
18954,0,0,0,0,1
18955,0,0,0,0,1
18956,0,0,0,0,1
18957,0,0,0,0,1
18958,0,0,0,0,1
18959,0,0,0,0,1
18960,0,0,0,0,1
18961,0,0,0,0,1
18962,0,0,0,0,1
18963,0,0,0,0,1
18964,0,0,0,0,1
18965,0,0,0,0,1
18966,0,0,0,0,1
18967,0,0,0,0,1
18968,0,0,0,0,1
18969,0,0,0,0,1
18970,0,0,0,0,1
18971,0,0,0,0,1
18972,0,0,0,0,1
18973,0,0,0,0,1
18974,0,0,0,0,1
18975,0,0,0,0,1
18976,0,0,0,0,1
18977,0,0,0,0,1
18978,0,0,0,0,1
18979,0,0,0,0,1
18980,0,0,0,0,1
18981,0,0,0,0,1
18982,0,0,0,0,1
18983,0,0,0,0,1
18984,0,0,0,0,1
18985,0,0,0,0,1
18986,0,0,0,0,1
18987,0,0,0,0,1
18988,0,0,0,0,1
18989,0,0,0,0,1
18990,0,0,0,0,1
18991,0,0,0,0,1
18992,0,0,0,0,1
18993,0,0,0,0,1
18994,0,0,0,0,1
18995,0,0,0,0,1
18996,0,0,0,0,1
18997,0,0,0,0,1
18998,0,0,0,0,1
18999,0,0,0,0,1
19000,0,0,0,0,1
19001,0,0,0,0,1
19002,0,0,0,0,1
19003,0,0,0,0,1
19004,0,0,0,0,1
19005,0,0,0,0,1
19006,0,0,0,0,1
19007,0,0,0,0,1
19008,0,0,0,0,1
19009,0,0,0,0,1
19010,0,0,0,0,1
19011,0,0,0,0,1
19012,0,0,0,0,1
19013,0,0,0,0,1
19014,0,0,0,0,1
19015,0,0,0,0,1
19016,0,0,0,0,1
19017,0,0,0,0,1
19018,0,0,0,0,1
19019,0,0,0,0,1
19020,0,0,0,0,1
19021,0,0,0,0,1
19022,0,0,0,0,1
19023,0,0,0,0,1
19024,0,0,0,0,1
19025,0,0,0,0,1
19026,0,0,0,0,1
19027,0,0,0,0,1
19028,0,0,0,0,1
19029,0,0,0,0,1
19030,0,0,0,0,1
19031,0,0,0,0,1
19032,0,0,0,0,1
19033,0,0,0,0,1
19034,0,0,0,0,1
19035,0,0,0,0,1
19036,0,0,0,0,1
19037,0,0,0,0,1
19038,0,0,0,0,1
19039,0,0,0,0,1
19040,0,0,0,0,1
19041,0,0,0,0,1
19042,0,0,0,0,1
19043,0,0,0,0,1
19044,0,0,0,0,1
19045,0,0,0,0,1
19046,0,0,0,0,1
19047,0,1,0,0,0
19048,0,0,0,0,1
19049,0,0,0,0,1
19050,0,1,0,0,0
19051,0,1,0,0,0
19052,0,1,0,0,0
19053,0,1,0,0,0
19054,0,1,0,0,0
19055,0,1,0,0,0
19056,0,1,0,0,0
19057,0,1,0,0,0
19058,0,1,0,0,0
19059,0,1,0,0,0
19060,0,1,0,0,0
19061,0,1,0,0,0
19062,0,1,0,0,0
19063,0,1,0,0,0
19064,0,1,0,0,0
19065,0,1,0,0,0
19066,0,1,0,0,0
19067,0,1,0,0,0
19068,0,1,0,0,0
19069,0,1,0,0,0
19070,0,1,0,0,0
19071,0,1,0,0,0
19072,0,1,0,0,0
19073,0,1,0,0,0
19074,0,1,0,0,0
19075,0,1,0,0,0
19076,0,1,0,0,0
19077,0,1,0,0,0
19078,0,1,0,0,0
19079,0,1,0,0,0
19080,0,1,0,0,0
19081,0,1,0,0,0
19082,0,1,0,0,0
19083,0,1,0,0,0
19084,0,1,0,0,0
19085,0,1,0,0,0
19086,0,1,0,0,0
19087,0,1,0,0,0
19088,0,1,0,0,0
19089,0,1,0,0,0
19090,0,1,0,0,0
19091,0,1,0,0,0
19092,0,1,0,0,0
19093,0,1,0,0,0
19094,0,1,0,0,0
19095,0,1,0,0,0
19096,0,1,0,0,0
19097,0,1,0,0,0
19098,0,1,0,0,0
19099,0,1,0,0,0
19100,0,1,0,0,0
19101,0,1,0,0,0
19102,0,1,0,0,0
19103,0,1,0,0,0
19104,0,1,0,0,0
19105,0,1,0,0,0
19106,0,1,0,0,0
19107,0,1,0,0,0
19108,0,1,0,0,0
19109,0,1,0,0,0
19110,0,1,0,0,0
19111,0,1,0,0,0
19112,0,1,0,0,0
19113,0,1,0,0,0
19114,0,1,0,0,0
19115,0,1,0,0,0
19116,0,1,0,0,0
19117,0,1,0,0,0
19118,0,1,0,0,0
19119,0,1,0,0,0
19120,0,1,0,0,0
19121,0,1,0,0,0
19122,0,1,0,0,0
19123,0,1,0,0,0
19124,0,1,0,0,0
19125,0,1,0,0,0
19126,0,1,0,0,0
19127,0,1,0,0,0
19128,0,1,0,0,0
19129,0,1,0,0,0
19130,0,1,0,0,0
19131,0,1,0,0,0
19132,0,1,0,0,0
19133,0,1,0,0,0
19134,0,1,0,0,0
19135,0,1,0,0,0
19136,0,1,0,0,0
19137,0,1,0,0,0
19138,0,1,0,0,0
19139,0,1,0,0,0
19140,0,1,0,0,0
19141,0,1,0,0,0
19142,0,1,0,0,0
19143,0,1,0,0,0
19144,0,1,0,0,0
19145,0,1,0,0,0
19146,0,1,0,0,0
19147,0,1,0,0,0
19148,0,1,0,0,0
19149,0,1,0,0,0
19150,0,1,0,0,0
19151,0,1,0,0,0
19152,0,1,0,0,0
19153,0,1,0,0,0
19154,0,1,0,0,0
19155,0,1,0,0,0
19156,0,1,0,0,0
19157,0,1,0,0,0
19158,0,1,0,0,0
19159,0,1,0,0,0
19160,0,1,0,0,0
19161,0,1,0,0,0
19162,0,1,0,0,0
19163,0,1,0,0,0
19164,0,1,0,0,0
19165,0,1,0,0,0
19166,0,1,0,0,0
19167,0,1,0,0,0
19168,0,1,0,0,0
19169,0,1,0,0,0
19170,0,1,0,0,0
19171,0,1,0,0,0
19172,0,1,0,0,0
19173,0,1,0,0,0
19174,0,1,0,0,0
19175,0,1,0,0,0
19176,0,1,0,0,0
19177,0,1,0,0,0
19178,0,1,0,0,0
19179,0,1,0,0,0
19180,0,1,0,0,0
19181,0,1,0,0,0
19182,0,1,0,0,0
19183,0,1,0,0,0
19184,0,1,0,0,0
19185,0,1,0,0,0
19186,0,1,0,0,0
19187,0,1,0,0,0
19188,0,1,0,0,0
19189,0,1,0,0,0
19190,0,1,0,0,0
19191,0,1,0,0,0
19192,0,1,0,0,0
19193,0,1,0,0,0
19194,0,1,0,0,0
19195,0,1,0,0,0
19196,0,1,0,0,0
19197,0,1,0,0,0
19198,0,1,0,0,0
19199,0,1,0,0,0
19200,0,1,0,0,0
19201,0,1,0,0,0
19202,0,1,0,0,0
19203,0,1,0,0,0
19204,0,1,0,0,0
19205,0,1,0,0,0
19206,0,1,0,0,0
19207,0,1,0,0,0
19208,0,1,0,0,0
19209,0,1,0,0,0
19210,0,1,0,0,0
19211,0,1,0,0,0
19212,0,1,0,0,0
19213,0,1,0,0,0
19214,0,1,0,0,0
19215,0,1,0,0,0
19216,0,1,0,0,0
19217,0,1,0,0,0
19218,0,1,0,0,0
19219,0,1,0,0,0
19220,0,1,0,0,0
19221,0,1,0,0,0
19222,0,1,0,0,0
19223,0,1,0,0,0
19224,0,1,0,0,0
19225,0,1,0,0,0
19226,0,1,0,0,0
19227,0,1,0,0,0
19228,0,1,0,0,0
19229,0,1,0,0,0
19230,0,1,0,0,0
19231,0,1,0,0,0
19232,0,1,0,0,0
19233,0,1,0,0,0
19234,0,1,0,0,0
19235,0,1,0,0,0
19236,0,1,0,0,0
19237,0,1,0,0,0
19238,0,1,0,0,0
19239,0,1,0,0,0
19240,0,1,0,0,0
19241,0,0,0,0,1
19242,0,0,0,0,1
19243,0,0,0,0,1
19244,0,0,0,0,1
19245,0,0,0,0,1
19246,0,0,0,0,1
19247,0,0,0,0,1
19248,0,0,0,0,1
19249,0,0,0,0,1
19250,0,0,0,0,1
19251,0,0,0,1,0
19252,0,0,0,1,0
19253,0,0,0,1,0
19254,0,0,0,1,0
19255,0,0,0,1,0
19256,0,0,0,1,0
19257,0,0,0,1,0
19258,0,0,0,1,0
19259,0,0,0,1,0
19260,0,0,0,1,0
19261,0,0,0,1,0
19262,0,0,0,1,0
19263,0,0,0,1,0
19264,0,0,0,1,0
19265,0,0,0,1,0
19266,0,0,0,1,0
19267,0,0,0,1,0
19268,0,0,0,1,0
19269,0,0,0,1,0
19270,0,0,0,1,0
19271,0,0,0,1,0
19272,0,0,0,1,0
19273,0,0,0,1,0
19274,0,0,0,1,0
19275,0,0,0,1,0
19276,0,0,0,1,0
19277,0,0,0,1,0
19278,0,0,0,1,0
19279,0,0,0,1,0
19280,0,0,0,1,0
19281,0,0,0,1,0
19282,0,0,0,1,0
19283,0,0,0,1,0
19284,0,0,0,1,0
19285,0,0,0,1,0
19286,0,0,0,1,0
19287,0,0,0,1,0
19288,0,0,0,1,0
19289,0,0,0,1,0
19290,0,0,0,1,0
19291,0,0,0,1,0
19292,0,0,0,1,0
19293,0,0,0,1,0
19294,0,0,0,1,0
19295,0,0,0,1,0
19296,0,0,0,1,0
19297,0,0,0,1,0
19298,0,0,0,0,1
19299,0,0,0,0,1
19300,0,0,0,0,1
19301,0,0,0,0,1
19302,0,0,0,0,1
19303,0,0,0,0,1
19304,0,0,0,0,1
19305,0,0,0,0,1
19306,0,0,0,0,1
19307,0,0,0,0,1
19308,0,0,0,0,1
19309,0,0,0,0,1
19310,0,0,0,0,1
19311,0,0,0,0,1
19312,0,0,0,0,1
19313,0,0,0,0,1
19314,0,0,0,0,1
19315,0,0,0,0,1
19316,0,0,0,0,1
19317,0,0,0,0,1
19318,0,0,0,0,1
19319,0,0,0,0,1
19320,0,0,1,0,0
19321,0,0,1,0,0
19322,0,0,1,0,0
19323,0,0,1,0,0
19324,0,0,1,0,0
19325,0,0,1,0,0
19326,0,0,1,0,0
19327,0,0,1,0,0
19328,0,0,1,0,0
19329,0,0,1,0,0
19330,0,0,1,0,0
19331,0,0,1,0,0
19332,0,0,1,0,0
19333,0,0,1,0,0
19334,0,0,1,0,0
19335,0,0,1,0,0
19336,0,0,1,0,0
19337,0,0,1,0,0
19338,0,0,1,0,0
19339,0,0,1,0,0
19340,0,0,1,0,0
19341,0,0,1,0,0
19342,0,0,1,0,0
19343,0,0,1,0,0
19344,0,0,1,0,0
19345,0,0,1,0,0
19346,0,0,1,0,0
19347,0,0,1,0,0
19348,0,0,1,0,0
19349,0,0,1,0,0
19350,0,0,1,0,0
19351,0,0,1,0,0
19352,0,0,1,0,0
19353,0,0,1,0,0
19354,0,0,1,0,0
19355,0,0,1,0,0
19356,0,0,1,0,0
19357,0,0,1,0,0
19358,0,0,1,0,0
19359,0,0,1,0,0
19360,0,0,1,0,0
19361,0,0,1,0,0
19362,0,0,0,0,1
19363,0,0,0,0,1
19364,0,0,0,0,1
19365,0,0,0,0,1
19366,0,0,0,0,1
19367,0,0,0,0,1
19368,0,0,0,0,1
19369,0,0,0,0,1
19370,0,0,0,0,1
19371,0,0,0,0,1
19372,0,0,0,0,1
19373,0,0,0,0,1
19374,0,0,0,0,1
19375,0,0,0,0,1
19376,0,0,0,0,1
19377,0,0,0,0,1
19378,0,0,0,0,1
19379,0,0,0,0,1
19380,0,0,0,0,1
19381,0,0,0,0,1
19382,0,0,0,0,1
19383,0,0,0,0,1
19384,0,0,0,0,1
19385,0,0,0,0,1
19386,0,0,0,0,1
19387,0,0,0,0,1
19388,0,0,0,0,1
19389,0,0,0,0,1
19390,0,0,0,0,1
19391,0,0,0,0,1
19392,0,0,0,0,1
19393,0,0,0,0,1
19394,0,0,0,0,1
19395,0,0,0,0,1
19396,0,0,0,0,1
19397,0,0,0,0,1
19398,0,0,0,0,1
19399,0,0,0,0,1
19400,0,0,0,0,1
19401,0,0,0,0,1
19402,0,0,0,0,1
19403,0,0,0,0,1
19404,0,0,0,0,1
19405,0,0,0,0,1
19406,0,0,0,0,1
19407,0,0,0,0,1
19408,0,0,0,0,1
19409,0,0,0,0,1
19410,0,0,0,0,1
19411,0,0,0,0,1
19412,0,0,0,0,1
19413,0,0,0,0,1
19414,0,0,0,0,1
19415,0,0,0,0,1
19416,0,0,0,0,1
19417,0,0,0,0,1
19418,0,0,0,0,1
19419,0,0,0,0,1
19420,0,0,0,0,1
19421,0,0,0,0,1
19422,0,0,0,0,1
19423,0,0,0,0,1
19424,0,0,0,0,1
19425,0,0,0,0,1
19426,0,0,0,0,1
19427,0,0,0,0,1
19428,0,0,0,0,1
19429,0,0,0,0,1
19430,0,0,0,0,1
19431,0,0,0,0,1
19432,0,0,0,0,1
19433,0,0,0,0,1
19434,0,0,0,0,1
19435,0,0,0,0,1
19436,0,0,0,0,1
19437,0,0,0,0,1
19438,0,0,0,0,1
19439,0,0,0,0,1
19440,0,0,0,0,1
19441,0,0,0,0,1
19442,0,0,0,0,1
19443,0,0,0,0,1
19444,0,0,0,0,1
19445,0,0,0,0,1
19446,0,0,0,0,1
19447,0,0,0,0,1
19448,0,0,0,0,1
19449,0,0,0,0,1
19450,0,0,0,0,1
19451,0,0,0,0,1
19452,0,0,0,0,1
19453,0,0,0,0,1
19454,0,0,0,0,1
19455,0,0,0,0,1
19456,0,0,0,0,1
19457,0,0,0,0,1
19458,0,0,0,0,1
19459,0,0,0,0,1
19460,0,0,0,0,1
19461,0,0,0,0,1
19462,0,0,0,0,1
19463,0,0,0,0,1
19464,0,0,0,0,1
19465,0,0,0,0,1
19466,0,0,0,0,1
19467,0,0,0,0,1
19468,0,0,0,0,1
19469,0,0,0,0,1
19470,0,0,0,0,1
19471,0,0,0,0,1
19472,0,0,0,0,1
19473,0,0,0,0,1
19474,0,0,0,0,1
19475,0,0,0,0,1
19476,0,0,0,0,1
19477,0,0,0,0,1
19478,0,0,0,0,1
19479,0,0,0,0,1
19480,0,0,0,0,1
19481,0,0,0,0,1
19482,0,0,0,0,1
19483,0,0,0,0,1
19484,0,0,0,0,1
19485,0,0,0,0,1
19486,0,0,0,0,1
19487,0,0,0,0,1
19488,0,0,0,0,1
19489,0,0,0,0,1
19490,0,0,0,0,1
19491,0,0,0,0,1
19492,0,0,0,0,1
19493,0,0,0,0,1
19494,0,0,0,0,1
19495,0,0,0,0,1
19496,0,0,0,0,1
19497,0,0,0,0,1
19498,0,0,0,0,1
19499,0,0,0,0,1
19500,0,0,0,0,1
19501,0,0,0,0,1
19502,0,0,0,0,1
19503,0,0,0,0,1
19504,0,0,0,0,1
19505,0,0,0,0,1
19506,0,0,0,0,1
19507,0,1,0,0,0
19508,0,1,0,0,0
19509,0,1,0,0,0
19510,0,1,0,0,0
19511,0,1,0,0,0
19512,0,1,0,0,0
19513,0,1,0,0,0
19514,0,1,0,0,0
19515,0,1,0,0,0
19516,0,1,0,0,0
19517,0,1,0,0,0
19518,0,1,0,0,0
19519,0,1,0,0,0
19520,0,1,0,0,0
19521,0,1,0,0,0
19522,0,1,0,0,0
19523,0,1,0,0,0
19524,0,0,0,0,1
19525,0,0,0,0,1
19526,0,0,0,0,1
19527,0,0,0,0,1
19528,0,0,0,0,1
19529,0,0,0,0,1
19530,0,0,0,0,1
19531,0,0,0,0,1
19532,0,0,0,0,1
19533,0,0,0,0,1
19534,0,0,0,0,1
19535,0,0,0,0,1
19536,0,0,0,0,1
19537,0,0,0,0,1
19538,0,0,0,0,1
19539,0,0,0,1,0
19540,0,0,0,1,0
19541,0,0,0,1,0
19542,0,0,0,1,0
19543,0,0,0,1,0
19544,0,0,0,1,0
19545,0,0,0,1,0
19546,0,0,0,1,0
19547,0,0,0,1,0
19548,0,0,0,1,0
19549,0,0,0,1,0
19550,0,0,0,1,0
19551,0,0,0,1,0
19552,0,0,0,1,0
19553,0,0,0,1,0
19554,0,0,0,1,0
19555,0,0,0,1,0
19556,0,0,0,1,0
19557,0,0,0,1,0
19558,0,0,0,1,0
19559,0,0,0,1,0
19560,0,0,0,0,1
19561,0,0,0,0,1
19562,0,0,0,0,1
19563,0,0,0,0,1
19564,0,0,0,0,1
19565,0,0,0,0,1
19566,0,0,0,0,1
19567,0,0,0,0,1
19568,0,0,0,0,1
19569,0,0,0,0,1
19570,0,0,0,0,1
19571,0,0,0,0,1
19572,0,0,0,0,1
19573,0,0,0,0,1
19574,0,0,0,0,1
19575,0,0,0,0,1
19576,0,0,0,0,1
19577,0,0,0,0,1
19578,0,0,0,0,1
19579,0,0,0,0,1
19580,0,0,0,0,1
19581,0,0,0,0,1
19582,0,0,0,0,1
19583,0,0,0,0,1
19584,0,0,0,0,1
19585,0,0,0,0,1
19586,0,0,0,0,1
19587,0,0,0,0,1
19588,0,0,0,0,1
19589,0,0,0,0,1
19590,0,0,0,0,1
19591,0,0,0,0,1
19592,0,0,0,0,1
19593,0,0,0,0,1
19594,0,0,0,0,1
19595,0,0,0,0,1
19596,0,0,0,0,1
19597,0,0,0,0,1
19598,0,0,0,0,1
19599,0,0,0,0,1
19600,0,0,0,0,1
19601,0,0,0,0,1
19602,0,0,0,0,1
19603,0,0,0,0,1
19604,0,0,0,0,1
19605,0,0,0,0,1
19606,0,0,0,0,1
19607,0,0,0,0,1
19608,0,0,0,0,1
19609,0,0,0,0,1
19610,0,0,0,0,1
19611,0,0,0,0,1
19612,0,0,0,0,1
19613,0,0,0,0,1
19614,0,0,0,0,1
19615,0,0,0,0,1
19616,0,0,0,0,1
19617,0,0,0,0,1
19618,0,0,0,0,1
19619,0,0,0,0,1
19620,0,0,0,0,1
19621,0,0,0,0,1
19622,0,0,0,0,1
19623,0,0,0,0,1
19624,0,0,0,0,1
19625,0,0,0,0,1
19626,0,0,0,0,1
19627,0,0,0,0,1
19628,0,0,0,0,1
19629,0,0,0,0,1
19630,0,0,0,0,1
19631,0,0,0,0,1
19632,0,0,0,0,1
19633,0,0,0,0,1
19634,0,0,0,0,1
19635,0,0,0,0,1
19636,0,0,0,0,1
19637,0,0,0,0,1
19638,0,0,0,0,1
19639,0,0,0,0,1
19640,0,0,0,0,1
19641,0,0,0,0,1
19642,0,0,0,0,1
19643,0,0,0,0,1
19644,0,0,0,0,1
19645,0,0,0,0,1
19646,0,0,0,0,1
19647,0,0,0,0,1
19648,0,0,0,0,1
19649,0,0,0,0,1
19650,0,0,0,0,1
19651,0,0,0,0,1
19652,0,0,0,0,1
19653,0,0,0,0,1
19654,0,0,0,0,1
19655,0,0,0,0,1
19656,0,0,0,0,1
19657,0,0,0,0,1
19658,0,0,0,0,1
19659,0,0,0,0,1
19660,0,0,0,0,1
19661,0,0,0,0,1
19662,0,0,0,0,1
19663,0,0,0,0,1
19664,0,0,0,0,1
19665,0,0,0,0,1
19666,0,0,0,0,1
19667,0,0,0,0,1
19668,0,0,0,0,1
19669,0,0,0,0,1
19670,0,0,0,0,1
19671,0,0,0,0,1
19672,0,0,0,0,1
19673,0,0,0,0,1
19674,0,0,0,0,1
19675,0,0,0,0,1
19676,0,0,0,0,1
19677,0,0,0,0,1
19678,0,0,0,0,1
19679,0,0,0,0,1
19680,0,0,0,0,1
19681,0,0,0,0,1
19682,0,0,0,0,1
19683,0,0,0,0,1
19684,0,0,0,0,1
19685,0,0,0,0,1
19686,0,0,0,0,1
19687,0,0,0,0,1
19688,0,0,0,0,1
19689,0,0,0,0,1
19690,0,0,0,0,1
19691,0,0,0,0,1
19692,0,0,0,0,1
19693,0,0,0,0,1
19694,0,0,0,0,1
19695,0,0,0,0,1
19696,0,0,0,0,1
19697,0,0,0,0,1
19698,0,0,0,0,1
19699,0,0,0,0,1
19700,0,0,0,0,1
19701,0,0,0,0,1
19702,0,0,0,0,1
19703,0,0,0,0,1
19704,0,0,0,0,1
19705,0,0,0,0,1
19706,0,0,0,0,1
19707,0,0,0,0,1
19708,0,0,0,0,1
19709,0,0,0,0,1
19710,0,0,0,0,1
19711,0,0,0,0,1
19712,0,0,0,0,1
19713,0,0,0,0,1
19714,0,0,0,0,1
19715,0,0,0,0,1
19716,0,0,0,0,1
19717,0,0,0,0,1
19718,0,0,0,0,1
19719,0,0,0,0,1
19720,0,0,0,0,1
19721,0,0,0,0,1
19722,0,0,0,0,1
19723,0,0,0,0,1
19724,0,0,0,0,1
19725,0,0,0,0,1
19726,0,0,0,0,1
19727,0,0,0,0,1
19728,0,0,0,0,1
19729,0,0,0,0,1
19730,0,0,0,0,1
19731,0,0,0,0,1
19732,0,0,0,0,1
19733,0,0,0,0,1
19734,0,0,0,0,1
19735,0,0,0,0,1
19736,0,0,0,0,1
19737,0,0,0,0,1
19738,0,0,0,0,1
19739,0,0,0,0,1
19740,0,0,0,0,1
19741,0,0,0,0,1
19742,0,0,0,0,1
19743,0,0,0,0,1
19744,0,0,0,0,1
19745,0,0,0,0,1
19746,0,0,0,0,1
19747,0,0,0,0,1
19748,0,0,0,0,1
19749,0,0,0,0,1
19750,0,0,0,0,1
19751,0,0,0,0,1
19752,0,0,0,0,1
19753,0,0,0,0,1
19754,0,0,0,0,1
19755,0,0,0,0,1
19756,0,0,0,0,1
19757,0,0,0,0,1
19758,0,0,0,0,1
19759,0,0,0,0,1
19760,0,0,0,0,1
19761,0,0,0,0,1
19762,0,0,0,0,1
19763,0,0,0,0,1
19764,0,0,0,0,1
19765,0,0,0,0,1
19766,0,0,0,0,1
19767,0,0,0,0,1
19768,0,0,0,0,1
19769,0,0,0,0,1
19770,0,0,0,0,1
19771,0,0,0,0,1
19772,0,0,0,0,1
19773,0,0,0,0,1
19774,0,0,0,0,1
19775,0,0,0,0,1
19776,0,0,0,0,1
19777,0,0,0,0,1
19778,0,0,0,0,1
19779,0,0,0,0,1
19780,0,0,0,0,1
19781,0,0,0,0,1
19782,0,0,0,0,1
19783,0,0,0,0,1
19784,0,0,0,0,1
19785,0,0,0,0,1
19786,0,0,0,0,1
19787,0,0,0,0,1
19788,0,0,0,0,1
19789,0,0,0,0,1
19790,0,0,0,0,1
19791,0,0,0,0,1
19792,0,0,0,0,1
19793,0,0,0,0,1
19794,0,0,0,0,1
19795,0,0,0,0,1
19796,0,0,0,0,1
19797,0,0,0,0,1
19798,0,0,0,0,1
19799,0,0,0,0,1
19800,0,0,0,0,1
19801,0,0,0,0,1
19802,0,0,0,0,1
19803,0,0,0,0,1
19804,0,0,0,0,1
19805,0,0,0,0,1
19806,0,0,0,0,1
19807,0,0,0,0,1
19808,0,0,0,0,1
19809,0,0,0,0,1
19810,0,0,0,0,1
19811,0,0,0,0,1
19812,0,0,0,0,1
19813,0,0,0,0,1
19814,0,0,0,0,1
19815,0,0,0,0,1
19816,0,0,0,0,1
19817,0,0,0,0,1
19818,0,0,0,0,1
19819,0,0,0,0,1
19820,0,0,0,0,1
19821,0,0,0,0,1
19822,0,0,0,0,1
19823,0,0,0,0,1
19824,0,0,0,0,1
19825,0,0,0,0,1
19826,0,0,0,0,1
19827,0,0,0,0,1
19828,0,0,0,0,1
19829,0,0,0,0,1
19830,0,0,0,0,1
19831,0,0,0,0,1
19832,0,0,0,0,1
19833,0,0,0,0,1
19834,0,0,0,0,1
19835,0,0,0,0,1
19836,0,0,0,0,1
19837,0,0,0,0,1
19838,0,0,0,0,1
19839,0,0,0,0,1
19840,0,0,0,0,1
19841,0,0,0,0,1
19842,0,0,0,0,1
19843,0,0,0,0,1
19844,0,0,0,0,1
19845,0,0,0,0,1
19846,0,0,0,0,1
19847,0,0,0,0,1
19848,0,0,0,0,1
19849,0,0,0,0,1
19850,0,0,0,0,1
19851,0,0,0,0,1
19852,0,0,0,0,1
19853,0,0,0,0,1
19854,0,0,0,0,1
19855,0,0,0,0,1
19856,0,0,0,0,1
19857,0,0,0,0,1
19858,0,0,0,0,1
19859,0,0,0,0,1
19860,0,0,0,0,1
19861,0,0,0,0,1
19862,0,0,0,0,1
19863,0,0,0,0,1
19864,0,0,0,0,1
19865,0,0,0,0,1
19866,0,0,0,0,1
19867,0,0,0,0,1
19868,0,0,0,0,1
19869,0,0,0,0,1
19870,0,0,0,0,1
19871,0,0,0,0,1
19872,0,0,0,0,1
19873,0,0,0,0,1
19874,0,0,0,0,1
19875,0,0,0,0,1
19876,0,0,0,0,1
19877,0,0,0,0,1
19878,0,0,0,0,1
19879,0,0,0,0,1
19880,0,0,0,0,1
19881,0,0,0,0,1
19882,0,0,0,0,1
19883,0,0,0,0,1
19884,0,0,0,0,1
19885,0,0,0,0,1
19886,0,0,0,0,1
19887,0,0,0,0,1
19888,0,0,0,0,1
19889,0,0,0,0,1
19890,0,0,0,0,1
19891,0,0,0,0,1
19892,0,0,0,0,1
19893,0,0,0,0,1
19894,0,0,0,0,1
19895,0,0,0,0,1
19896,0,0,0,0,1
19897,0,0,0,0,1
19898,0,0,0,0,1
19899,0,0,0,0,1
19900,0,0,0,0,1
19901,0,0,0,0,1
19902,0,0,0,0,1
19903,0,0,0,0,1
19904,0,0,0,0,1
19905,0,0,0,0,1
19906,0,0,0,0,1
19907,0,0,0,0,1
19908,0,0,0,0,1
19909,0,0,0,0,1
19910,0,0,0,0,1
19911,0,0,0,0,1
19912,0,0,0,0,1
19913,0,0,0,0,1
19914,0,0,0,0,1
19915,0,0,0,0,1
19916,0,0,0,0,1
19917,0,0,0,0,1
19918,0,0,0,0,1
19919,0,0,0,0,1
19920,0,0,0,0,1
19921,0,0,0,0,1
19922,0,0,0,0,1
19923,0,0,0,0,1
19924,0,0,0,0,1
19925,0,0,0,0,1
19926,0,0,0,0,1
19927,0,0,0,0,1
19928,0,0,0,0,1
19929,0,0,0,0,1
19930,0,0,0,0,1
19931,0,0,0,0,1
19932,0,0,0,0,1
19933,0,0,0,0,1
19934,0,0,0,0,1
19935,0,0,0,0,1
19936,0,0,0,0,1
19937,0,0,0,0,1
19938,0,0,0,0,1
19939,0,0,0,0,1
19940,0,0,0,0,1
19941,0,0,0,0,1
19942,0,0,0,0,1
19943,0,0,0,0,1
19944,0,0,0,0,1
19945,0,0,0,0,1
19946,0,0,0,0,1
19947,0,0,0,0,1
19948,0,0,0,0,1
19949,0,0,0,0,1
19950,0,0,0,0,1
19951,0,0,0,0,1
19952,0,0,0,0,1
19953,0,0,0,0,1
19954,0,0,0,0,1
19955,0,0,0,0,1
19956,0,0,0,0,1
19957,0,0,0,0,1
19958,0,0,0,0,1
19959,0,0,0,0,1
19960,0,0,0,0,1
19961,0,0,0,0,1
19962,0,0,0,0,1
19963,0,0,0,0,1
19964,0,0,0,0,1
19965,0,0,0,0,1
19966,0,0,0,0,1
19967,0,0,0,0,1
19968,0,0,0,0,1
19969,0,0,0,0,1
19970,0,0,0,0,1
19971,0,0,0,0,1
19972,0,0,0,0,1
19973,0,0,0,0,1
19974,0,0,0,0,1
19975,0,0,0,0,1
19976,0,0,0,0,1
19977,0,0,0,0,1
19978,0,0,0,0,1
19979,0,0,0,0,1
19980,0,0,0,0,1
19981,0,0,0,0,1
19982,0,0,0,0,1
19983,0,0,0,0,1
19984,0,0,0,0,1
19985,0,0,0,0,1
19986,0,0,0,0,1
19987,0,0,0,0,1
19988,0,0,0,0,1
19989,0,0,0,0,1
19990,0,0,0,0,1
19991,0,0,0,0,1
19992,0,0,0,0,1
19993,0,0,0,0,1
19994,0,0,0,0,1
19995,0,0,0,0,1
19996,0,0,0,0,1
19997,0,0,0,0,1
19998,0,0,0,0,1
19999,0,0,0,0,1
20000,0,0,0,0,1
20001,0,0,0,0,1
20002,0,0,0,0,1
20003,0,0,0,0,1
20004,0,0,0,0,1
20005,0,0,0,0,1
20006,0,0,0,0,1
20007,0,0,0,0,1
20008,0,0,0,0,1
20009,0,0,0,0,1
20010,0,0,0,0,1
20011,0,0,0,0,1
20012,0,0,0,0,1
20013,0,0,0,0,1
20014,0,0,0,0,1
20015,0,0,0,0,1
20016,0,0,0,0,1
20017,0,0,0,0,1
20018,0,0,0,0,1
20019,0,0,0,0,1
20020,0,0,0,0,1
20021,0,0,0,0,1
20022,0,0,0,0,1
20023,0,0,0,0,1
20024,0,0,0,0,1
20025,0,0,0,0,1
20026,0,0,0,0,1
20027,0,0,0,0,1
20028,0,0,0,0,1
20029,0,0,0,0,1
20030,0,0,0,0,1
20031,0,0,0,0,1
20032,0,0,0,0,1
20033,0,0,0,0,1
20034,0,0,0,0,1
20035,0,0,0,0,1
20036,0,0,0,0,1
20037,0,0,0,0,1
20038,0,0,0,0,1
20039,0,0,0,0,1
20040,0,0,0,0,1
20041,0,0,0,0,1
20042,0,0,0,0,1
20043,0,0,0,0,1
20044,0,0,0,0,1
20045,0,0,0,0,1
20046,0,0,0,0,1
20047,0,0,0,0,1
20048,0,0,0,0,1
20049,0,0,0,0,1
20050,0,0,0,0,1
20051,0,0,0,0,1
20052,0,0,0,0,1
20053,0,0,0,0,1
20054,0,0,0,0,1
20055,0,0,0,0,1
20056,0,0,0,0,1
20057,0,0,0,0,1
20058,0,0,0,0,1
20059,0,0,0,0,1
20060,0,0,0,0,1
20061,0,0,0,0,1
20062,0,0,0,0,1
20063,0,0,0,0,1
20064,0,0,0,0,1
20065,0,0,0,0,1
20066,0,0,0,0,1
20067,0,0,0,0,1
20068,0,0,0,0,1
20069,0,0,0,0,1
20070,0,0,0,0,1
20071,0,0,0,0,1
20072,0,0,0,0,1
20073,0,0,0,0,1
20074,0,0,0,0,1
20075,0,0,0,0,1
20076,0,0,0,0,1
20077,0,0,0,0,1
20078,0,0,0,0,1
20079,0,0,0,0,1
20080,0,0,0,0,1
20081,0,0,0,0,1
20082,0,0,0,0,1
20083,0,0,0,0,1
20084,0,0,0,0,1
20085,0,0,0,0,1
20086,0,0,0,0,1
20087,0,0,0,0,1
20088,0,0,0,0,1
20089,0,0,0,0,1
20090,0,0,0,0,1
20091,0,0,0,0,1
20092,0,0,0,0,1
20093,0,0,0,0,1
20094,0,0,0,0,1
20095,0,0,0,0,1
20096,0,0,0,0,1
20097,0,0,0,0,1
20098,0,0,0,0,1
20099,0,0,0,0,1
20100,0,0,0,0,1
20101,0,0,0,0,1
20102,0,0,0,0,1
20103,0,0,0,0,1
20104,0,0,0,0,1
20105,0,0,0,0,1
20106,0,0,0,0,1
20107,0,0,0,0,1
20108,0,0,0,0,1
20109,0,0,0,0,1
20110,0,0,0,0,1
20111,0,0,0,0,1
20112,0,0,0,0,1
20113,0,0,0,0,1
20114,0,0,0,0,1
20115,0,0,0,0,1
20116,0,0,0,0,1
20117,0,0,0,0,1
20118,0,0,0,0,1
20119,0,0,0,0,1
20120,0,0,0,0,1
20121,0,0,0,0,1
20122,0,0,0,0,1
20123,0,0,0,0,1
20124,0,0,0,0,1
20125,0,0,0,0,1
20126,0,0,0,0,1
20127,0,0,0,0,1
20128,0,0,0,0,1
20129,1,0,0,0,0
20130,1,0,0,0,0
20131,1,0,0,0,0
20132,1,0,0,0,0
20133,1,0,0,0,0
20134,1,0,0,0,0
20135,1,0,0,0,0
20136,1,0,0,0,0
20137,1,0,0,0,0
20138,1,0,0,0,0
20139,1,0,0,0,0
20140,1,0,0,0,0
20141,1,0,0,0,0
20142,1,0,0,0,0
20143,1,0,0,0,0
20144,1,0,0,0,0
20145,1,0,0,0,0
20146,1,0,0,0,0
20147,1,0,0,0,0
20148,1,0,0,0,0
20149,1,0,0,0,0
20150,1,0,0,0,0
20151,1,0,0,0,0
20152,1,0,0,0,0
20153,1,0,0,0,0
20154,1,0,0,0,0
20155,1,0,0,0,0
20156,1,0,0,0,0
20157,1,0,0,0,0
20158,1,0,0,0,0
20159,1,0,0,0,0
20160,1,0,0,0,0
20161,1,0,0,0,0
20162,1,0,0,0,0
20163,1,0,0,0,0
20164,1,0,0,0,0
20165,1,0,0,0,0
20166,1,0,0,0,0
20167,1,0,0,0,0
20168,1,0,0,0,0
20169,1,0,0,0,0
20170,1,0,0,0,0
20171,1,0,0,0,0
20172,1,0,0,0,0
20173,1,0,0,0,0
20174,1,0,0,0,0
20175,1,0,0,0,0
20176,1,0,0,0,0
20177,1,0,0,0,0
20178,1,0,0,0,0
20179,1,0,0,0,0
20180,1,0,0,0,0
20181,1,0,0,0,0
20182,1,0,0,0,0
20183,1,0,0,0,0
20184,0,0,1,0,0
20185,0,0,1,0,0
20186,0,0,1,0,0
20187,0,0,1,0,0
20188,0,0,1,0,0
20189,0,0,1,0,0
20190,0,0,1,0,0
20191,0,0,1,0,0
20192,0,0,1,0,0
20193,0,0,1,0,0
20194,0,0,1,0,0
20195,0,0,1,0,0
20196,0,0,1,0,0
20197,0,0,1,0,0
20198,0,0,1,0,0
20199,0,0,1,0,0
20200,0,0,1,0,0
20201,0,0,1,0,0
20202,0,0,1,0,0
20203,0,0,1,0,0
20204,0,0,1,0,0
20205,0,0,1,0,0
20206,0,0,1,0,0
20207,0,0,1,0,0
20208,0,0,1,0,0
20209,0,0,1,0,0
20210,0,0,1,0,0
20211,0,0,1,0,0
20212,0,0,1,0,0
20213,0,0,1,0,0
20214,0,0,1,0,0
20215,0,0,1,0,0
20216,0,0,1,0,0
20217,0,0,1,0,0
20218,0,0,1,0,0
20219,0,0,1,0,0
20220,0,0,1,0,0
20221,0,0,1,0,0
20222,0,0,1,0,0
20223,0,0,1,0,0
20224,0,0,1,0,0
20225,0,0,1,0,0
20226,0,0,1,0,0
20227,0,0,1,0,0
20228,0,0,1,0,0
20229,0,0,1,0,0
20230,0,0,1,0,0
20231,0,0,1,0,0
20232,0,0,1,0,0
20233,0,0,0,0,1
20234,0,0,0,0,1
20235,0,0,0,0,1
20236,0,0,0,0,1
20237,0,0,0,0,1
20238,0,0,0,0,1
20239,0,0,0,0,1
20240,0,0,0,0,1
20241,0,0,0,0,1
20242,0,0,0,0,1
20243,0,0,0,0,1
20244,0,0,0,0,1
20245,0,0,0,0,1
20246,0,0,0,0,1
20247,0,0,0,0,1
20248,0,0,0,0,1
20249,0,0,0,0,1
20250,0,0,0,0,1
20251,0,0,0,0,1
20252,0,0,0,0,1
20253,0,0,0,0,1
20254,0,0,0,0,1
20255,0,0,0,0,1
20256,0,0,0,0,1
20257,0,0,0,0,1
20258,0,0,0,0,1
20259,0,0,0,0,1
20260,0,0,0,0,1
20261,0,0,0,0,1
20262,0,0,0,0,1
20263,0,0,0,0,1
20264,0,0,0,0,1
20265,0,0,0,0,1
20266,0,0,0,0,1
20267,0,0,0,0,1
20268,0,0,0,0,1
20269,0,0,0,0,1
20270,0,0,0,0,1
20271,0,0,0,0,1
20272,0,0,0,0,1
20273,0,0,0,0,1
20274,0,0,0,0,1
20275,0,0,0,0,1
20276,0,0,0,0,1
20277,0,0,0,0,1
20278,0,0,0,0,1
20279,0,0,0,0,1
20280,0,0,0,0,1
20281,0,0,0,0,1
20282,0,0,0,0,1
20283,0,0,0,0,1
20284,0,0,0,0,1
20285,0,0,0,0,1
20286,0,0,0,0,1
20287,0,0,0,0,1
20288,0,0,0,0,1
20289,0,0,0,0,1
20290,0,0,0,0,1
20291,0,0,0,0,1
20292,0,0,0,0,1
20293,0,0,0,0,1
20294,0,0,0,0,1
20295,0,0,0,0,1
20296,0,0,0,0,1
20297,0,0,0,0,1
20298,0,0,0,0,1
20299,0,0,0,0,1
20300,0,0,0,0,1
20301,0,0,0,0,1
20302,0,0,0,0,1
20303,0,0,0,0,1
20304,0,0,0,0,1
20305,0,0,0,0,1
20306,0,0,0,0,1
20307,0,0,0,0,1
20308,0,0,0,0,1
20309,0,0,0,0,1
20310,0,0,0,0,1
20311,0,0,0,0,1
20312,0,0,0,0,1
20313,0,0,0,0,1
20314,0,0,0,0,1
20315,0,0,0,0,1
20316,0,0,0,0,1
20317,0,0,0,0,1
20318,0,0,0,0,1
20319,0,0,0,0,1
20320,0,0,0,0,1
20321,0,0,0,0,1
20322,0,0,0,0,1
20323,0,0,0,0,1
20324,0,0,0,0,1
20325,0,0,0,0,1
20326,0,0,0,0,1
20327,0,0,0,0,1
20328,0,0,0,0,1
20329,0,0,0,0,1
20330,0,0,0,0,1
20331,0,0,0,0,1
20332,0,0,0,0,1
20333,0,0,0,0,1
20334,0,0,0,0,1
20335,0,0,0,0,1
20336,0,0,0,0,1
20337,0,0,0,0,1
20338,0,0,0,0,1
20339,0,0,0,0,1
20340,0,0,0,0,1
20341,0,0,0,0,1
20342,0,0,0,0,1
20343,0,0,0,0,1
20344,0,0,0,0,1
20345,0,0,0,0,1
20346,0,0,0,0,1
20347,0,0,0,0,1
20348,0,0,0,0,1
20349,0,0,0,0,1
20350,0,0,0,0,1
20351,0,0,0,0,1
20352,0,0,0,0,1
20353,0,0,0,0,1
20354,0,0,0,0,1
20355,0,0,0,0,1
20356,0,0,0,0,1
20357,0,0,0,0,1
20358,0,0,0,0,1
20359,0,0,0,0,1
20360,0,0,0,0,1
20361,0,0,0,0,1
20362,0,0,0,0,1
20363,0,0,0,0,1
20364,0,0,0,0,1
20365,0,0,0,0,1
20366,0,0,0,0,1
20367,0,0,0,0,1
20368,0,0,0,0,1
20369,0,0,0,0,1
20370,0,0,0,0,1
20371,0,0,0,0,1
20372,0,0,0,0,1
20373,0,0,0,0,1
20374,0,0,0,0,1
20375,0,0,0,0,1
20376,0,0,0,0,1
20377,0,0,0,0,1
20378,0,0,0,0,1
20379,0,0,0,0,1
20380,0,0,0,0,1
20381,0,0,0,0,1
20382,0,0,0,0,1
20383,0,0,0,0,1
20384,0,0,0,0,1
20385,0,0,0,0,1
20386,0,0,0,0,1
20387,0,0,0,0,1
20388,0,0,0,0,1
20389,0,0,0,0,1
20390,0,0,0,0,1
20391,0,0,0,0,1
20392,0,0,0,0,1
20393,0,0,0,0,1
20394,0,0,0,0,1
20395,0,0,0,0,1
20396,0,0,0,0,1
20397,0,0,0,0,1
20398,0,0,0,0,1
20399,0,0,0,0,1
20400,0,0,0,0,1
20401,0,0,0,0,1
20402,0,0,0,0,1
20403,0,0,0,0,1
20404,0,0,0,0,1
20405,0,0,0,0,1
20406,0,0,0,0,1
20407,0,0,0,0,1
20408,0,0,0,0,1
20409,0,0,0,0,1
20410,0,0,0,0,1
20411,0,0,0,0,1
20412,0,0,0,0,1
20413,0,0,0,0,1
20414,0,0,0,0,1
20415,0,0,0,0,1
20416,0,0,1,0,0
20417,0,0,1,0,0
20418,0,0,1,0,0
20419,0,0,1,0,0
20420,0,0,1,0,0
20421,0,0,1,0,0
20422,0,0,1,0,0
20423,0,0,1,0,0
20424,0,0,1,0,0
20425,0,0,1,0,0
20426,0,0,1,0,0
20427,0,0,1,0,0
20428,0,0,1,0,0
20429,0,0,1,0,0
20430,0,0,1,0,0
20431,0,0,1,0,0
20432,0,0,1,0,0
20433,0,0,1,0,0
20434,0,0,1,0,0
20435,0,0,1,0,0
20436,0,0,1,0,0
20437,0,0,1,0,0
20438,0,0,1,0,0
20439,0,0,1,0,0
20440,0,0,1,0,0
20441,0,0,1,0,0
20442,0,0,1,0,0
20443,0,0,1,0,0
20444,0,0,1,0,0
20445,0,0,1,0,0
20446,0,0,1,0,0
20447,0,0,1,0,0
20448,0,0,1,0,0
20449,0,0,1,0,0
20450,0,0,1,0,0
20451,0,0,1,0,0
20452,0,0,1,0,0
20453,0,0,1,0,0
20454,0,0,1,0,0
20455,0,0,0,0,1
20456,0,0,0,0,1
20457,0,0,0,0,1
20458,0,0,0,0,1
20459,0,0,0,0,1
20460,0,0,0,0,1
20461,0,0,0,0,1
20462,0,0,0,0,1
20463,0,0,0,0,1
20464,0,0,0,0,1
20465,0,0,0,0,1
20466,0,0,0,0,1
20467,0,0,0,0,1
20468,0,0,0,0,1
20469,0,0,0,0,1
20470,1,0,0,0,0
20471,1,0,0,0,0
20472,1,0,0,0,0
20473,1,0,0,0,0
20474,1,0,0,0,0
20475,1,0,0,0,0
20476,1,0,0,0,0
20477,1,0,0,0,0
20478,1,0,0,0,0
20479,1,0,0,0,0
20480,1,0,0,0,0
20481,1,0,0,0,0
20482,1,0,0,0,0
20483,1,0,0,0,0
20484,1,0,0,0,0
20485,1,0,0,0,0
20486,1,0,0,0,0
20487,1,0,0,0,0
20488,1,0,0,0,0
20489,1,0,0,0,0
20490,1,0,0,0,0
20491,1,0,0,0,0
20492,1,0,0,0,0
20493,1,0,0,0,0
20494,1,0,0,0,0
20495,1,0,0,0,0
20496,1,0,0,0,0
20497,1,0,0,0,0
20498,1,0,0,0,0
20499,1,0,0,0,0
20500,1,0,0,0,0
20501,1,0,0,0,0
20502,1,0,0,0,0
20503,1,0,0,0,0
20504,1,0,0,0,0
20505,1,0,0,0,0
20506,1,0,0,0,0
20507,1,0,0,0,0
20508,1,0,0,0,0
20509,1,0,0,0,0
20510,1,0,0,0,0
20511,1,0,0,0,0
20512,1,0,0,0,0
20513,1,0,0,0,0
20514,1,0,0,0,0
20515,1,0,0,0,0
20516,1,0,0,0,0
20517,1,0,0,0,0
20518,1,0,0,0,0
20519,1,0,0,0,0
20520,1,0,0,0,0
20521,1,0,0,0,0
20522,1,0,0,0,0
20523,1,0,0,0,0
20524,1,0,0,0,0
20525,1,0,0,0,0
20526,1,0,0,0,0
20527,1,0,0,0,0
20528,1,0,0,0,0
20529,1,0,0,0,0
20530,1,0,0,0,0
20531,1,0,0,0,0
20532,1,0,0,0,0
20533,1,0,0,0,0
20534,1,0,0,0,0
20535,1,0,0,0,0
20536,1,0,0,0,0
20537,1,0,0,0,0
20538,1,0,0,0,0
20539,1,0,0,0,0
20540,1,0,0,0,0
20541,1,0,0,0,0
20542,1,0,0,0,0
20543,1,0,0,0,0
20544,1,0,0,0,0
20545,1,0,0,0,0
20546,1,0,0,0,0
20547,1,0,0,0,0
20548,1,0,0,0,0
20549,1,0,0,0,0
20550,1,0,0,0,0
20551,1,0,0,0,0
20552,1,0,0,0,0
20553,1,0,0,0,0
20554,1,0,0,0,0
20555,1,0,0,0,0
20556,1,0,0,0,0
20557,1,0,0,0,0
20558,1,0,0,0,0
20559,1,0,0,0,0
20560,1,0,0,0,0
20561,1,0,0,0,0
20562,1,0,0,0,0
20563,1,0,0,0,0
20564,1,0,0,0,0
20565,1,0,0,0,0
20566,1,0,0,0,0
20567,1,0,0,0,0
20568,1,0,0,0,0
20569,1,0,0,0,0
20570,1,0,0,0,0
20571,1,0,0,0,0
20572,1,0,0,0,0
20573,1,0,0,0,0
20574,1,0,0,0,0
20575,1,0,0,0,0
20576,1,0,0,0,0
20577,1,0,0,0,0
20578,1,0,0,0,0
20579,1,0,0,0,0
20580,1,0,0,0,0
20581,1,0,0,0,0
20582,1,0,0,0,0
20583,1,0,0,0,0
20584,1,0,0,0,0
20585,1,0,0,0,0
20586,1,0,0,0,0
20587,1,0,0,0,0
20588,1,0,0,0,0
20589,1,0,0,0,0
20590,1,0,0,0,0
20591,1,0,0,0,0
20592,1,0,0,0,0
20593,1,0,0,0,0
20594,1,0,0,0,0
20595,1,0,0,0,0
20596,1,0,0,0,0
20597,1,0,0,0,0
20598,0,0,0,0,1
20599,0,0,0,0,1
20600,0,0,0,0,1
20601,0,0,0,0,1
20602,0,0,0,0,1
20603,0,0,0,0,1
20604,0,0,0,0,1
20605,0,0,0,0,1
20606,0,0,0,0,1
20607,0,0,0,0,1
20608,0,0,0,0,1
20609,0,0,0,0,1
20610,0,0,0,0,1
20611,0,0,0,0,1
20612,0,0,0,0,1
20613,0,0,0,0,1
20614,0,0,0,0,1
20615,0,0,0,0,1
20616,0,0,0,0,1
20617,0,0,0,0,1
20618,0,0,0,0,1
20619,0,0,0,0,1
20620,1,0,0,0,0
20621,1,0,0,0,0
20622,1,0,0,0,0
20623,1,0,0,0,0
20624,1,0,0,0,0
20625,1,0,0,0,0
20626,1,0,0,0,0
20627,1,0,0,0,0
20628,1,0,0,0,0
20629,1,0,0,0,0
20630,1,0,0,0,0
20631,1,0,0,0,0
20632,1,0,0,0,0
20633,1,0,0,0,0
20634,1,0,0,0,0
20635,1,0,0,0,0
20636,1,0,0,0,0
20637,1,0,0,0,0
20638,1,0,0,0,0
20639,1,0,0,0,0
20640,0,0,1,0,0
20641,0,0,1,0,0
20642,0,0,1,0,0
20643,0,0,1,0,0
20644,0,0,1,0,0
20645,0,0,1,0,0
20646,0,0,1,0,0
20647,0,0,1,0,0
20648,0,0,1,0,0
20649,0,0,1,0,0
20650,0,0,1,0,0
20651,0,0,1,0,0
20652,0,0,1,0,0
20653,0,0,1,0,0
20654,0,0,1,0,0
20655,0,0,1,0,0
20656,0,0,1,0,0
20657,0,0,1,0,0
20658,0,0,1,0,0
20659,0,0,1,0,0
20660,0,0,1,0,0
20661,0,0,1,0,0
20662,0,0,1,0,0
20663,0,0,1,0,0
20664,0,0,1,0,0
20665,0,0,1,0,0
20666,0,0,1,0,0
20667,0,0,1,0,0
20668,0,0,1,0,0
20669,0,0,1,0,0
20670,0,0,1,0,0
20671,0,0,1,0,0
20672,0,0,1,0,0
20673,0,0,1,0,0
20674,0,0,1,0,0
20675,0,0,1,0,0
20676,0,0,1,0,0
20677,0,0,1,0,0
20678,0,0,1,0,0
20679,0,0,1,0,0
20680,0,0,1,0,0
20681,0,0,1,0,0
20682,0,0,1,0,0
20683,0,0,1,0,0
20684,0,0,1,0,0
20685,0,0,1,0,0
20686,0,0,1,0,0
20687,0,0,1,0,0
20688,0,0,1,0,0
20689,0,0,1,0,0
20690,0,0,1,0,0
20691,0,0,1,0,0
20692,0,0,1,0,0
20693,0,0,1,0,0
20694,0,0,1,0,0
20695,0,0,1,0,0
20696,0,0,1,0,0
20697,0,0,1,0,0
20698,0,0,1,0,0
20699,0,0,1,0,0
20700,0,0,1,0,0
20701,0,0,1,0,0
20702,0,0,1,0,0
20703,0,0,1,0,0
20704,0,0,1,0,0
20705,0,0,1,0,0
20706,0,0,1,0,0
20707,0,0,1,0,0
20708,0,0,1,0,0
20709,0,0,1,0,0
20710,0,0,1,0,0
20711,0,0,1,0,0
20712,0,0,1,0,0
20713,0,0,1,0,0
20714,0,0,1,0,0
20715,0,0,1,0,0
20716,0,0,1,0,0
20717,0,0,1,0,0
20718,0,0,1,0,0
20719,0,0,1,0,0
20720,0,0,1,0,0
20721,0,0,1,0,0
20722,0,0,1,0,0
20723,0,0,1,0,0
20724,0,0,1,0,0
20725,0,0,1,0,0
20726,0,0,1,0,0
20727,0,0,1,0,0
20728,0,0,1,0,0
20729,0,0,1,0,0
20730,0,0,1,0,0
20731,0,0,1,0,0
20732,0,0,1,0,0
20733,0,0,1,0,0
20734,0,0,1,0,0
20735,0,0,1,0,0
20736,0,0,1,0,0
20737,0,0,1,0,0
20738,0,0,1,0,0
20739,0,0,1,0,0
20740,0,0,1,0,0
20741,0,0,1,0,0
20742,0,0,1,0,0
20743,0,0,1,0,0
20744,0,0,0,0,1
20745,0,0,0,0,1
20746,0,0,0,0,1
20747,0,0,0,0,1
20748,0,0,0,0,1
20749,0,0,0,0,1
20750,0,0,0,0,1
20751,0,0,0,0,1
20752,0,0,0,0,1
20753,0,0,0,0,1
20754,0,0,0,0,1
20755,0,0,0,0,1
20756,0,0,0,0,1
20757,0,0,0,0,1
20758,0,0,0,0,1
20759,0,0,1,0,0
20760,0,0,1,0,0
20761,0,0,1,0,0
20762,0,0,1,0,0
20763,0,0,1,0,0
20764,0,0,1,0,0
20765,0,0,1,0,0
20766,0,0,1,0,0
20767,0,0,1,0,0
20768,0,0,1,0,0
20769,0,0,1,0,0
20770,0,0,1,0,0
20771,0,0,1,0,0
20772,0,0,1,0,0
20773,0,0,1,0,0
20774,0,0,1,0,0
20775,0,0,1,0,0
20776,0,0,1,0,0
20777,0,0,1,0,0
20778,0,0,1,0,0
20779,0,0,1,0,0
20780,0,0,1,0,0
20781,0,0,1,0,0
20782,0,0,1,0,0
20783,0,0,1,0,0
20784,0,0,1,0,0
20785,0,0,1,0,0
20786,0,0,1,0,0
20787,0,0,1,0,0
20788,0,0,1,0,0
20789,0,0,1,0,0
20790,0,0,1,0,0
20791,0,0,1,0,0
20792,0,0,1,0,0
20793,0,0,1,0,0
20794,0,0,1,0,0
20795,0,0,1,0,0
20796,0,0,1,0,0
20797,0,0,1,0,0
20798,0,0,1,0,0
20799,0,0,1,0,0
20800,0,0,1,0,0
20801,0,0,1,0,0
20802,0,0,1,0,0
20803,0,0,1,0,0
20804,0,0,1,0,0
20805,0,0,1,0,0
20806,0,0,1,0,0
20807,0,0,1,0,0
20808,0,0,1,0,0
20809,0,0,1,0,0
20810,0,0,1,0,0
20811,0,0,1,0,0
20812,0,0,0,0,1
20813,0,0,0,0,1
20814,0,0,0,0,1
20815,0,0,0,0,1
20816,0,0,0,0,1
20817,0,0,0,0,1
20818,0,0,0,0,1
20819,0,0,0,0,1
20820,0,0,0,0,1
20821,0,0,0,0,1
20822,0,0,0,0,1
20823,0,0,0,0,1
20824,0,0,0,0,1
20825,0,0,0,0,1
20826,0,0,0,0,1
20827,0,0,0,0,1
20828,0,0,0,0,1
20829,0,0,0,0,1
20830,0,0,0,0,1
20831,0,0,0,0,1
20832,0,0,0,0,1
20833,0,0,0,0,1
20834,0,0,0,0,1
20835,0,0,0,0,1
20836,0,0,0,0,1
20837,0,0,0,0,1
20838,0,0,0,0,1
20839,0,0,0,0,1
20840,0,0,0,0,1
20841,0,0,0,0,1
20842,0,0,0,0,1
20843,0,0,0,0,1
20844,0,0,0,0,1
20845,0,0,0,0,1
20846,0,0,0,0,1
20847,0,0,0,0,1
20848,0,0,0,0,1
20849,0,0,0,0,1
20850,0,0,0,0,1
20851,0,0,0,0,1
20852,0,0,0,0,1
20853,0,0,0,0,1
20854,0,0,0,0,1
20855,0,0,0,0,1
20856,0,0,0,0,1
20857,0,0,0,0,1
20858,0,0,0,0,1
20859,0,0,0,0,1
20860,0,0,0,0,1
20861,0,0,0,0,1
20862,0,0,0,0,1
20863,0,0,0,0,1
20864,0,0,0,0,1
20865,0,0,0,0,1
20866,0,0,0,0,1
20867,0,0,0,0,1
20868,0,0,0,0,1
20869,0,0,0,0,1
20870,0,0,0,0,1
20871,0,0,0,0,1
20872,0,0,0,0,1
20873,0,0,0,0,1
20874,0,0,0,0,1
20875,0,0,0,0,1
20876,0,0,0,0,1
20877,0,0,0,0,1
20878,0,0,0,0,1
20879,0,0,0,0,1
20880,0,0,0,0,1
20881,0,0,0,0,1
20882,0,0,0,0,1
20883,0,0,0,0,1
20884,0,0,0,0,1
20885,0,0,0,0,1
20886,0,0,0,0,1
20887,0,0,0,0,1
20888,0,0,0,0,1
20889,0,0,0,0,1
20890,0,0,0,0,1
20891,0,0,0,0,1
20892,0,0,0,0,1
20893,0,0,0,0,1
20894,0,0,0,0,1
20895,0,0,0,0,1
20896,1,0,0,0,0
20897,1,0,0,0,0
20898,1,0,0,0,0
20899,1,0,0,0,0
20900,1,0,0,0,0
20901,1,0,0,0,0
20902,1,0,0,0,0
20903,1,0,0,0,0
20904,1,0,0,0,0
20905,1,0,0,0,0
20906,1,0,0,0,0
20907,1,0,0,0,0
20908,1,0,0,0,0
20909,1,0,0,0,0
20910,1,0,0,0,0
20911,1,0,0,0,0
20912,1,0,0,0,0
20913,1,0,0,0,0
20914,1,0,0,0,0
20915,1,0,0,0,0
20916,1,0,0,0,0
20917,1,0,0,0,0
20918,1,0,0,0,0
20919,1,0,0,0,0
20920,1,0,0,0,0
20921,1,0,0,0,0
20922,1,0,0,0,0
20923,1,0,0,0,0
20924,0,0,0,0,1
20925,0,0,0,0,1
20926,0,0,0,0,1
20927,0,0,0,0,1
20928,0,0,0,0,1
20929,0,0,0,0,1
20930,0,0,0,0,1
20931,0,0,0,0,1
20932,0,0,0,0,1
20933,1,0,0,0,0
20934,1,0,0,0,0
20935,1,0,0,0,0
20936,1,0,0,0,0
20937,1,0,0,0,0
20938,1,0,0,0,0
20939,1,0,0,0,0
20940,1,0,0,0,0
20941,1,0,0,0,0
20942,1,0,0,0,0
20943,1,0,0,0,0
20944,1,0,0,0,0
20945,1,0,0,0,0
20946,1,0,0,0,0
20947,1,0,0,0,0
20948,0,0,0,0,1
20949,0,0,0,0,1
20950,0,0,0,0,1
20951,0,0,0,0,1
20952,0,0,0,0,1
20953,0,0,0,0,1
20954,0,0,0,0,1
20955,0,0,0,0,1
20956,0,0,0,0,1
20957,0,0,0,0,1
20958,0,0,0,0,1
20959,0,0,0,0,1
20960,0,0,0,0,1
20961,0,0,0,0,1
20962,0,0,0,0,1
20963,0,0,0,0,1
20964,0,0,0,0,1
20965,0,0,0,0,1
20966,0,0,0,0,1
20967,0,0,0,0,1
20968,0,0,0,0,1
20969,0,0,0,0,1
20970,0,0,0,0,1
20971,0,0,0,0,1
20972,0,0,0,0,1
20973,0,0,0,0,1
20974,1,0,0,0,0
20975,1,0,0,0,0
20976,1,0,0,0,0
20977,1,0,0,0,0
20978,1,0,0,0,0
20979,1,0,0,0,0
20980,1,0,0,0,0
20981,1,0,0,0,0
20982,1,0,0,0,0
20983,1,0,0,0,0
20984,1,0,0,0,0
20985,1,0,0,0,0
20986,1,0,0,0,0
20987,1,0,0,0,0
20988,1,0,0,0,0
20989,1,0,0,0,0
20990,1,0,0,0,0
20991,1,0,0,0,0
20992,1,0,0,0,0
20993,1,0,0,0,0
20994,1,0,0,0,0
20995,1,0,0,0,0
20996,1,0,0,0,0
20997,1,0,0,0,0
20998,1,0,0,0,0
20999,1,0,0,0,0
21000,0,0,0,0,1
21001,0,0,0,0,1
21002,0,0,0,0,1
21003,0,0,0,0,1
21004,0,0,0,0,1
21005,0,1,0,0,0
21006,0,1,0,0,0
21007,0,1,0,0,0
21008,0,1,0,0,0
21009,0,1,0,0,0
21010,0,1,0,0,0
21011,0,1,0,0,0
21012,0,1,0,0,0
21013,0,0,0,0,1
21014,1,0,0,0,0
21015,1,0,0,0,0
21016,1,0,0,0,0
21017,1,0,0,0,0
21018,1,0,0,0,0
21019,1,0,0,0,0
21020,1,0,0,0,0
21021,1,0,0,0,0
21022,1,0,0,0,0
21023,1,0,0,0,0
21024,1,0,0,0,0
21025,1,0,0,0,0
21026,1,0,0,0,0
21027,1,0,0,0,0
21028,1,0,0,0,0
21029,1,0,0,0,0
21030,1,0,0,0,0
21031,1,0,0,0,0
21032,1,0,0,0,0
21033,1,0,0,0,0
21034,1,0,0,0,0
21035,1,0,0,0,0
21036,1,0,0,0,0
21037,1,0,0,0,0
21038,1,0,0,0,0
21039,1,0,0,0,0
21040,1,0,0,0,0
21041,1,0,0,0,0
21042,1,0,0,0,0
21043,1,0,0,0,0
21044,1,0,0,0,0
21045,1,0,0,0,0
21046,1,0,0,0,0
21047,1,0,0,0,0
21048,1,0,0,0,0
21049,1,0,0,0,0
21050,1,0,0,0,0
21051,1,0,0,0,0
21052,1,0,0,0,0
21053,1,0,0,0,0
21054,1,0,0,0,0
21055,1,0,0,0,0
21056,1,0,0,0,0
21057,1,0,0,0,0
21058,1,0,0,0,0
21059,1,0,0,0,0
21060,1,0,0,0,0
21061,1,0,0,0,0
21062,1,0,0,0,0
21063,1,0,0,0,0
21064,1,0,0,0,0
21065,1,0,0,0,0
21066,0,0,0,0,1
21067,0,0,0,0,1
21068,0,0,0,0,1
21069,0,0,0,0,1
21070,0,0,0,0,1
21071,0,0,0,0,1
21072,0,0,0,0,1
21073,0,0,0,0,1
21074,0,0,0,0,1
21075,0,0,0,0,1
21076,0,0,0,0,1
21077,0,0,0,0,1
21078,0,0,0,0,1
21079,0,0,0,0,1
21080,0,0,0,0,1
21081,0,0,0,0,1
21082,0,0,0,0,1
21083,0,0,0,0,1
21084,0,0,0,0,1
21085,0,0,0,0,1
21086,0,0,0,0,1
21087,0,0,0,0,1
21088,0,0,0,0,1
21089,0,0,0,0,1
21090,0,0,0,0,1
21091,0,0,0,0,1
21092,0,0,0,0,1
21093,0,0,0,0,1
21094,0,0,0,0,1
21095,0,0,0,0,1
21096,0,0,0,0,1
21097,0,0,0,0,1
21098,0,0,0,0,1
21099,0,0,0,0,1
21100,0,0,0,0,1
21101,0,0,0,0,1
21102,0,0,0,0,1
21103,0,0,0,0,1
21104,0,0,0,0,1
21105,0,0,0,0,1
21106,0,0,0,0,1
21107,0,0,0,0,1
21108,0,0,0,0,1
21109,0,0,0,0,1
21110,0,0,0,0,1
21111,0,0,0,0,1
21112,0,0,0,0,1
21113,0,0,0,0,1
21114,0,0,0,0,1
21115,0,0,0,0,1
21116,0,0,0,0,1
21117,0,0,0,0,1
21118,0,0,0,0,1
21119,0,0,0,0,1
21120,0,0,0,0,1
21121,0,0,0,0,1
21122,0,0,0,0,1
21123,0,0,0,0,1
21124,0,0,0,0,1
21125,0,0,0,0,1
21126,0,0,0,0,1
21127,0,0,0,0,1
21128,0,0,0,0,1
21129,0,0,0,0,1
21130,0,0,0,0,1
21131,0,0,0,0,1
21132,0,0,0,0,1
21133,0,0,0,0,1
21134,0,0,0,0,1
21135,0,0,0,0,1
21136,0,0,0,0,1
21137,0,0,0,0,1
21138,0,0,0,0,1
21139,0,0,0,0,1
21140,0,0,0,0,1
21141,0,0,0,0,1
21142,0,0,0,0,1
21143,0,0,0,0,1
21144,0,0,0,0,1
21145,0,0,0,0,1
21146,0,0,0,0,1
21147,0,0,0,0,1
21148,0,0,0,0,1
21149,0,0,0,0,1
21150,0,0,0,0,1
21151,0,0,0,0,1
21152,0,0,0,0,1
21153,0,0,0,0,1
21154,0,0,0,0,1
21155,0,0,0,0,1
21156,0,0,0,0,1
21157,0,0,0,0,1
21158,0,0,0,0,1
21159,0,0,0,0,1
21160,0,0,0,0,1
21161,0,0,0,0,1
21162,0,0,0,0,1
21163,0,0,0,0,1
21164,0,0,0,0,1
21165,0,0,0,0,1
21166,0,0,0,0,1
21167,0,0,0,0,1
21168,0,0,0,0,1
21169,0,0,0,0,1
21170,0,0,0,0,1
21171,0,0,0,0,1
21172,0,0,0,0,1
21173,0,0,0,0,1
21174,0,0,0,0,1
21175,0,0,0,0,1
21176,0,0,0,0,1
21177,0,0,0,0,1
21178,0,0,0,0,1
21179,0,0,0,0,1
21180,0,0,0,0,1
21181,0,0,0,0,1
21182,0,0,0,0,1
21183,0,0,0,0,1
21184,0,0,0,0,1
21185,0,0,0,0,1
21186,0,0,0,0,1
21187,0,0,0,0,1
21188,0,0,0,0,1
21189,0,0,0,0,1
21190,0,0,0,0,1
21191,0,0,0,0,1
21192,0,0,0,0,1
21193,0,0,0,0,1
21194,0,0,0,0,1
21195,0,0,0,0,1
21196,0,0,0,0,1
21197,0,0,0,0,1
21198,0,0,0,0,1
21199,0,0,0,0,1
21200,0,0,0,0,1
21201,0,0,0,0,1
21202,0,0,0,0,1
21203,0,0,0,0,1
21204,0,0,0,0,1
21205,0,0,0,0,1
21206,0,0,0,0,1
21207,0,0,0,0,1
21208,0,0,0,0,1
21209,0,0,0,0,1
21210,0,0,0,0,1
21211,0,0,0,0,1
21212,0,0,0,0,1
21213,0,0,0,0,1
21214,0,0,0,0,1
21215,0,0,0,0,1
21216,1,0,0,0,0
21217,1,0,0,0,0
21218,1,0,0,0,0
21219,1,0,0,0,0
21220,1,0,0,0,0
21221,1,0,0,0,0
21222,1,0,0,0,0
21223,1,0,0,0,0
21224,1,0,0,0,0
21225,1,0,0,0,0
21226,1,0,0,0,0
21227,1,0,0,0,0
21228,1,0,0,0,0
21229,1,0,0,0,0
21230,1,0,0,0,0
21231,1,0,0,0,0
21232,1,0,0,0,0
21233,1,0,0,0,0
21234,1,0,0,0,0
21235,1,0,0,0,0
21236,1,0,0,0,0
21237,1,0,0,0,0
21238,1,0,0,0,0
21239,1,0,0,0,0
21240,1,0,0,0,0
21241,1,0,0,0,0
21242,1,0,0,0,0
21243,1,0,0,0,0
21244,1,0,0,0,0
21245,1,0,0,0,0
21246,1,0,0,0,0
21247,1,0,0,0,0
21248,1,0,0,0,0
21249,1,0,0,0,0
21250,1,0,0,0,0
21251,1,0,0,0,0
21252,1,0,0,0,0
21253,1,0,0,0,0
21254,1,0,0,0,0
21255,1,0,0,0,0
21256,1,0,0,0,0
21257,1,0,0,0,0
21258,1,0,0,0,0
21259,1,0,0,0,0
21260,1,0,0,0,0
21261,1,0,0,0,0
21262,1,0,0,0,0
21263,1,0,0,0,0
21264,1,0,0,0,0
21265,1,0,0,0,0
21266,1,0,0,0,0
21267,1,0,0,0,0
21268,1,0,0,0,0
21269,1,0,0,0,0
21270,1,0,0,0,0
21271,1,0,0,0,0
21272,1,0,0,0,0
21273,1,0,0,0,0
21274,1,0,0,0,0
21275,1,0,0,0,0
21276,1,0,0,0,0
21277,1,0,0,0,0
21278,1,0,0,0,0
21279,1,0,0,0,0
21280,1,0,0,0,0
21281,1,0,0,0,0
21282,1,0,0,0,0
21283,1,0,0,0,0
21284,1,0,0,0,0
21285,1,0,0,0,0
21286,1,0,0,0,0
21287,1,0,0,0,0
21288,0,0,0,0,1
21289,0,0,0,0,1
21290,0,0,0,0,1
21291,0,0,0,0,1
21292,0,0,0,0,1
21293,0,0,0,0,1
21294,0,0,0,0,1
21295,0,0,0,0,1
21296,0,0,0,0,1
21297,0,0,0,0,1
21298,0,0,0,0,1
21299,0,0,0,0,1
21300,0,0,0,0,1
21301,0,0,0,0,1
21302,0,0,0,0,1
21303,0,0,0,0,1
21304,0,0,0,0,1
21305,0,0,0,0,1
21306,0,0,0,0,1
21307,0,0,0,0,1
21308,0,0,0,0,1
21309,0,0,0,0,1
21310,0,0,0,0,1
21311,0,0,0,0,1
21312,0,0,0,0,1
21313,0,0,0,0,1
21314,0,0,0,0,1
21315,0,0,0,0,1
21316,0,0,0,0,1
21317,0,0,0,0,1
21318,0,0,0,0,1
21319,0,0,0,0,1
21320,0,0,0,0,1
21321,0,0,0,0,1
21322,0,0,0,0,1
21323,0,0,0,0,1
21324,0,0,0,0,1
21325,0,0,0,0,1
21326,0,0,0,0,1
21327,0,0,0,0,1
21328,0,0,0,0,1
21329,0,0,0,0,1
21330,0,0,0,0,1
21331,0,0,0,0,1
21332,0,0,0,0,1
21333,0,0,0,0,1
21334,0,0,0,0,1
21335,0,0,0,0,1
21336,0,0,0,0,1
21337,0,0,0,0,1
21338,0,0,0,0,1
21339,0,0,0,0,1
21340,0,0,0,0,1
21341,0,0,0,0,1
21342,0,0,0,0,1
21343,0,0,0,0,1
21344,0,0,0,0,1
21345,0,0,0,0,1
21346,0,0,0,0,1
21347,0,0,0,0,1
21348,0,0,0,0,1
21349,0,0,0,0,1
21350,0,0,0,0,1
21351,0,0,0,0,1
21352,0,0,0,0,1
21353,0,0,0,0,1
21354,0,0,0,0,1
21355,0,0,0,0,1
21356,0,0,0,0,1
21357,0,0,0,0,1
21358,0,0,0,0,1
21359,0,0,0,0,1
21360,0,0,0,0,1
21361,0,0,0,0,1
21362,0,0,0,0,1
21363,0,0,0,0,1
21364,0,0,0,0,1
21365,0,0,0,0,1
21366,0,0,0,0,1
21367,0,0,0,0,1
21368,0,0,0,0,1
21369,0,0,0,0,1
21370,0,0,0,0,1
21371,0,0,0,0,1
21372,0,0,0,0,1
21373,0,0,0,0,1
21374,0,0,0,0,1
21375,0,0,0,0,1
21376,0,0,0,0,1
21377,0,0,0,0,1
21378,0,0,0,0,1
21379,0,0,0,0,1
21380,0,0,0,0,1
21381,0,0,0,0,1
21382,0,0,0,0,1
21383,0,0,0,0,1
21384,0,0,0,0,1
21385,0,0,0,0,1
21386,0,0,0,0,1
21387,0,0,0,0,1
21388,0,0,0,0,1
21389,0,0,0,0,1
21390,0,0,0,0,1
21391,0,0,0,0,1
21392,0,0,0,0,1
21393,0,0,0,0,1
21394,0,0,0,0,1
21395,0,0,0,0,1
21396,0,0,0,0,1
21397,0,0,0,0,1
21398,0,0,0,0,1
21399,0,0,0,0,1
21400,0,0,0,0,1
21401,0,0,0,0,1
21402,0,0,0,0,1
21403,0,0,0,0,1
21404,0,0,0,0,1
21405,0,0,0,0,1
21406,0,0,0,0,1
21407,0,0,0,0,1
21408,0,0,0,0,1
21409,0,0,0,0,1
21410,0,0,0,0,1
21411,0,0,0,0,1
21412,0,0,0,0,1
21413,0,0,0,0,1
21414,0,0,0,0,1
21415,0,0,0,0,1
21416,0,0,0,0,1
21417,0,0,0,0,1
21418,0,0,0,0,1
21419,0,0,0,0,1
21420,0,0,0,0,1
21421,0,0,0,0,1
21422,0,0,0,0,1
21423,0,0,0,0,1
21424,0,0,0,0,1
21425,0,0,0,0,1
21426,0,0,0,0,1
21427,0,0,0,0,1
21428,0,0,0,0,1
21429,0,0,0,0,1
21430,0,0,0,0,1
21431,0,0,0,0,1
21432,0,0,0,0,1
21433,0,0,0,0,1
21434,0,0,0,0,1
21435,0,0,0,0,1
21436,0,0,0,0,1
21437,0,0,0,0,1
21438,0,0,0,0,1
21439,0,0,0,0,1
21440,0,0,0,0,1
21441,0,0,0,0,1
21442,0,0,0,0,1
21443,0,0,0,0,1
21444,0,0,0,0,1
21445,0,0,0,0,1
21446,0,0,0,0,1
21447,0,0,0,0,1
21448,0,0,0,0,1
21449,0,0,0,0,1
21450,0,0,0,0,1
21451,0,0,0,0,1
21452,0,0,0,0,1
21453,1,0,0,0,0
21454,1,0,0,0,0
21455,1,0,0,0,0
21456,1,0,0,0,0
21457,1,0,0,0,0
21458,1,0,0,0,0
21459,1,0,0,0,0
21460,1,0,0,0,0
21461,1,0,0,0,0
21462,1,0,0,0,0
21463,1,0,0,0,0
21464,1,0,0,0,0
21465,1,0,0,0,0
21466,1,0,0,0,0
21467,1,0,0,0,0
21468,1,0,0,0,0
21469,1,0,0,0,0
21470,1,0,0,0,0
21471,1,0,0,0,0
21472,1,0,0,0,0
21473,1,0,0,0,0
21474,0,0,0,0,1
21475,0,0,0,0,1
21476,0,0,0,0,1
21477,0,0,0,0,1
21478,0,0,0,0,1
21479,0,0,0,0,1
21480,0,0,0,0,1
21481,0,0,0,0,1
21482,0,0,0,0,1
21483,0,0,0,0,1
21484,0,0,0,0,1
21485,0,0,0,0,1
21486,0,0,0,0,1
21487,0,0,0,0,1
21488,0,0,0,0,1
21489,0,0,0,0,1
21490,0,0,0,0,1
21491,0,0,0,0,1
21492,0,0,0,0,1
21493,0,0,0,0,1
21494,0,0,0,0,1
21495,0,0,0,0,1
21496,0,0,0,0,1
21497,0,0,0,0,1
21498,0,0,0,0,1
21499,0,0,0,0,1
21500,0,0,0,0,1
21501,0,0,0,0,1
21502,0,0,0,0,1
21503,0,0,0,0,1
21504,0,0,0,0,1
21505,0,0,0,0,1
21506,0,0,0,0,1
21507,0,0,0,0,1
21508,0,0,0,0,1
21509,0,0,0,0,1
21510,0,0,0,0,1
21511,0,0,0,0,1
21512,0,0,0,0,1
21513,0,0,0,0,1
21514,0,0,0,0,1
21515,0,0,0,0,1
21516,0,0,0,0,1
21517,0,0,0,0,1
21518,0,0,0,0,1
21519,0,0,0,0,1
21520,0,0,0,0,1
21521,0,0,0,0,1
21522,0,0,0,0,1
21523,0,0,0,0,1
21524,0,0,0,0,1
21525,0,0,0,0,1
21526,0,0,0,0,1
21527,0,0,0,0,1
21528,0,0,0,0,1
21529,0,0,0,0,1
21530,0,0,0,0,1
21531,0,0,0,0,1
21532,0,0,0,0,1
21533,0,0,0,0,1
21534,0,0,0,0,1
21535,0,0,0,0,1
21536,0,0,0,0,1
21537,0,0,0,0,1
21538,0,0,0,0,1
21539,0,0,0,0,1
21540,0,0,0,0,1
21541,0,0,0,0,1
21542,0,0,0,0,1
21543,0,0,0,0,1
21544,0,0,0,0,1
21545,0,0,0,0,1
21546,0,0,0,0,1
21547,0,0,0,0,1
21548,0,0,0,0,1
21549,0,0,0,0,1
21550,0,0,0,0,1
21551,0,0,0,0,1
21552,0,0,0,0,1
21553,0,0,0,0,1
21554,0,0,0,0,1
21555,0,0,0,0,1
21556,0,0,0,0,1
21557,0,0,0,0,1
21558,0,0,0,0,1
21559,0,0,0,0,1
21560,0,0,0,0,1
21561,0,0,0,0,1
21562,0,0,0,0,1
21563,0,0,0,0,1
21564,0,0,0,0,1
21565,0,0,0,0,1
21566,0,0,0,0,1
21567,0,0,0,0,1
21568,0,0,0,0,1
21569,0,0,0,0,1
21570,0,0,0,0,1
21571,0,0,0,0,1
21572,0,0,0,0,1
21573,0,0,0,0,1
21574,0,0,0,0,1
21575,0,0,0,0,1
21576,0,0,0,0,1
21577,0,0,0,0,1
21578,0,0,0,0,1
21579,0,0,0,0,1
21580,0,0,0,0,1
21581,0,0,0,0,1
21582,0,0,0,0,1
21583,0,0,0,0,1
21584,0,0,0,0,1
21585,0,0,0,0,1
21586,0,0,0,0,1
21587,0,0,0,0,1
21588,0,0,0,0,1
21589,0,0,0,0,1
21590,0,0,0,0,1
21591,0,0,0,0,1
21592,0,0,0,0,1
21593,0,0,0,0,1
21594,0,0,0,0,1
21595,0,0,0,0,1
21596,0,0,0,0,1
21597,0,0,0,0,1
21598,0,0,0,0,1
21599,1,0,0,0,0
21600,1,0,0,0,0
21601,1,0,0,0,0
21602,1,0,0,0,0
21603,1,0,0,0,0
21604,1,0,0,0,0
21605,1,0,0,0,0
21606,1,0,0,0,0
21607,1,0,0,0,0
21608,1,0,0,0,0
21609,1,0,0,0,0
21610,1,0,0,0,0
21611,1,0,0,0,0
21612,1,0,0,0,0
21613,1,0,0,0,0
21614,1,0,0,0,0
21615,1,0,0,0,0
21616,1,0,0,0,0
21617,1,0,0,0,0
21618,1,0,0,0,0
21619,1,0,0,0,0
21620,1,0,0,0,0
21621,1,0,0,0,0
21622,1,0,0,0,0
21623,1,0,0,0,0
21624,1,0,0,0,0
21625,1,0,0,0,0
21626,1,0,0,0,0
21627,1,0,0,0,0
21628,1,0,0,0,0
21629,1,0,0,0,0
21630,1,0,0,0,0
21631,1,0,0,0,0
21632,1,0,0,0,0
21633,1,0,0,0,0
21634,1,0,0,0,0
21635,1,0,0,0,0
21636,1,0,0,0,0
21637,1,0,0,0,0
21638,1,0,0,0,0
21639,1,0,0,0,0
21640,1,0,0,0,0
21641,1,0,0,0,0
21642,1,0,0,0,0
21643,1,0,0,0,0
21644,1,0,0,0,0
21645,1,0,0,0,0
21646,1,0,0,0,0
21647,1,0,0,0,0
21648,1,0,0,0,0
21649,1,0,0,0,0
21650,1,0,0,0,0
21651,1,0,0,0,0
21652,1,0,0,0,0
21653,1,0,0,0,0
21654,1,0,0,0,0
21655,1,0,0,0,0
21656,1,0,0,0,0
21657,0,0,0,0,1
21658,0,0,0,0,1
21659,0,0,0,0,1
21660,0,0,0,0,1
21661,0,0,0,0,1
21662,0,0,0,0,1
21663,0,0,0,0,1
21664,0,0,0,0,1
21665,0,0,0,0,1
21666,0,0,0,0,1
21667,0,0,0,0,1
21668,0,0,0,0,1
21669,0,0,0,0,1
21670,0,0,0,0,1
21671,0,0,0,0,1
21672,0,0,0,0,1
21673,0,0,0,0,1
21674,0,0,0,0,1
21675,0,0,0,0,1
21676,0,0,0,0,1
21677,0,0,0,0,1
21678,0,0,0,0,1
21679,0,0,0,0,1
21680,1,0,0,0,0
21681,1,0,0,0,0
21682,1,0,0,0,0
21683,1,0,0,0,0
21684,1,0,0,0,0
21685,1,0,0,0,0
21686,1,0,0,0,0
21687,1,0,0,0,0
21688,1,0,0,0,0
21689,1,0,0,0,0
21690,1,0,0,0,0
21691,1,0,0,0,0
21692,1,0,0,0,0
21693,1,0,0,0,0
21694,1,0,0,0,0
21695,1,0,0,0,0
21696,1,0,0,0,0
21697,1,0,0,0,0
21698,1,0,0,0,0
21699,1,0,0,0,0
21700,1,0,0,0,0
21701,1,0,0,0,0
21702,1,0,0,0,0
21703,1,0,0,0,0
21704,1,0,0,0,0
21705,1,0,0,0,0
21706,1,0,0,0,0
21707,1,0,0,0,0
21708,1,0,0,0,0
21709,1,0,0,0,0
21710,1,0,0,0,0
21711,1,0,0,0,0
21712,1,0,0,0,0
21713,1,0,0,0,0
21714,1,0,0,0,0
21715,0,0,0,0,1
21716,0,0,0,0,1
21717,0,0,0,0,1
21718,0,0,0,0,1
21719,0,0,0,0,1
21720,1,0,0,0,0
21721,1,0,0,0,0
21722,1,0,0,0,0
21723,1,0,0,0,0
21724,1,0,0,0,0
21725,1,0,0,0,0
21726,1,0,0,0,0
21727,1,0,0,0,0
21728,1,0,0,0,0
21729,1,0,0,0,0
21730,1,0,0,0,0
21731,1,0,0,0,0
21732,1,0,0,0,0
21733,1,0,0,0,0
21734,1,0,0,0,0
21735,1,0,0,0,0
21736,1,0,0,0,0
21737,1,0,0,0,0
21738,1,0,0,0,0
21739,1,0,0,0,0
21740,1,0,0,0,0
21741,1,0,0,0,0
21742,1,0,0,0,0
21743,1,0,0,0,0
21744,1,0,0,0,0
21745,1,0,0,0,0
21746,1,0,0,0,0
21747,1,0,0,0,0
21748,1,0,0,0,0
21749,1,0,0,0,0
21750,1,0,0,0,0
21751,1,0,0,0,0
21752,1,0,0,0,0
21753,1,0,0,0,0
21754,1,0,0,0,0
21755,1,0,0,0,0
21756,1,0,0,0,0
21757,1,0,0,0,0
21758,1,0,0,0,0
21759,1,0,0,0,0
21760,1,0,0,0,0
21761,1,0,0,0,0
21762,1,0,0,0,0
21763,1,0,0,0,0
21764,1,0,0,0,0
21765,1,0,0,0,0
21766,1,0,0,0,0
21767,1,0,0,0,0
21768,1,0,0,0,0
21769,1,0,0,0,0
21770,0,0,0,0,1
21771,0,0,0,0,1
21772,0,0,0,0,1
21773,0,0,0,0,1
21774,0,0,0,0,1
21775,0,0,0,0,1
21776,0,0,0,0,1
21777,0,0,0,0,1
21778,0,0,0,0,1
21779,0,0,0,0,1
21780,0,0,0,0,1
21781,0,0,0,0,1
21782,0,0,0,0,1
21783,0,0,0,0,1
21784,0,0,0,0,1
21785,1,0,0,0,0
21786,1,0,0,0,0
21787,1,0,0,0,0
21788,1,0,0,0,0
21789,1,0,0,0,0
21790,1,0,0,0,0
21791,1,0,0,0,0
21792,1,0,0,0,0
21793,1,0,0,0,0
21794,1,0,0,0,0
21795,1,0,0,0,0
21796,1,0,0,0,0
21797,1,0,0,0,0
21798,1,0,0,0,0
21799,1,0,0,0,0
21800,1,0,0,0,0
21801,1,0,0,0,0
21802,1,0,0,0,0
21803,1,0,0,0,0
21804,1,0,0,0,0
21805,1,0,0,0,0
21806,1,0,0,0,0
21807,1,0,0,0,0
21808,1,0,0,0,0
21809,1,0,0,0,0
21810,1,0,0,0,0
21811,1,0,0,0,0
21812,1,0,0,0,0
21813,1,0,0,0,0
21814,1,0,0,0,0
21815,1,0,0,0,0
21816,1,0,0,0,0
21817,1,0,0,0,0
21818,1,0,0,0,0
21819,1,0,0,0,0
21820,1,0,0,0,0
21821,1,0,0,0,0
21822,1,0,0,0,0
21823,1,0,0,0,0
21824,1,0,0,0,0
21825,1,0,0,0,0
21826,1,0,0,0,0
21827,1,0,0,0,0
21828,1,0,0,0,0
21829,1,0,0,0,0
21830,1,0,0,0,0
21831,1,0,0,0,0
21832,1,0,0,0,0
21833,1,0,0,0,0
21834,1,0,0,0,0
21835,1,0,0,0,0
21836,1,0,0,0,0
21837,1,0,0,0,0
21838,1,0,0,0,0
21839,1,0,0,0,0
21840,1,0,0,0,0
21841,1,0,0,0,0
21842,1,0,0,0,0
21843,1,0,0,0,0
21844,1,0,0,0,0
21845,1,0,0,0,0
21846,1,0,0,0,0
21847,1,0,0,0,0
21848,1,0,0,0,0
21849,1,0,0,0,0
21850,1,0,0,0,0
21851,1,0,0,0,0
21852,0,1,0,0,0
21853,0,1,0,0,0
21854,0,1,0,0,0
21855,0,0,0,0,1
21856,0,0,0,0,1
21857,0,0,0,0,1
21858,0,0,0,0,1
21859,0,0,0,0,1
21860,0,0,0,0,1
21861,0,0,0,0,1
21862,0,0,0,0,1
21863,0,0,0,0,1
21864,0,0,0,0,1
21865,0,0,0,0,1
21866,0,0,0,0,1
21867,0,0,0,0,1
21868,0,0,0,0,1
21869,0,0,0,0,1
21870,0,0,0,0,1
21871,0,0,0,0,1
21872,0,0,0,0,1
21873,0,0,0,0,1
21874,0,0,0,0,1
21875,0,0,0,0,1
21876,0,0,0,0,1
21877,0,0,0,0,1
21878,0,0,0,0,1
21879,0,0,0,0,1
21880,0,0,0,0,1
21881,0,0,0,0,1
21882,0,0,0,0,1
21883,0,0,0,0,1
21884,0,0,0,0,1
21885,0,0,0,0,1
21886,0,0,0,0,1
21887,0,0,0,0,1
21888,0,0,0,0,1
21889,0,0,0,0,1
21890,0,0,0,0,1
21891,0,0,0,0,1
21892,0,0,0,0,1
21893,0,0,0,0,1
21894,0,0,0,0,1
21895,0,0,0,0,1
21896,0,0,0,0,1
21897,0,0,0,0,1
21898,0,0,0,0,1
21899,0,0,0,0,1
21900,0,0,0,0,1
21901,0,0,0,0,1
21902,0,0,0,0,1
21903,0,0,0,0,1
21904,0,0,0,0,1
21905,0,0,0,0,1
21906,0,0,0,0,1
21907,0,0,0,0,1
21908,0,0,0,0,1
21909,0,0,0,0,1
21910,0,0,0,0,1
21911,0,0,0,0,1
21912,0,0,0,0,1
21913,0,0,0,0,1
21914,0,0,0,0,1
21915,0,0,0,0,1
21916,0,0,0,0,1
21917,0,0,0,0,1
21918,0,0,0,0,1
21919,0,0,0,0,1
21920,0,0,0,0,1
21921,0,0,0,0,1
21922,0,0,0,0,1
21923,0,0,0,0,1
21924,0,0,0,0,1
21925,0,0,0,0,1
21926,0,0,0,0,1
21927,0,0,0,0,1
21928,0,0,0,0,1
21929,0,0,0,0,1
21930,0,0,0,0,1
21931,1,0,0,0,0
21932,1,0,0,0,0
21933,1,0,0,0,0
21934,1,0,0,0,0
21935,1,0,0,0,0
21936,1,0,0,0,0
21937,1,0,0,0,0
21938,1,0,0,0,0
21939,1,0,0,0,0
21940,1,0,0,0,0
21941,1,0,0,0,0
21942,1,0,0,0,0
21943,1,0,0,0,0
21944,1,0,0,0,0
21945,1,0,0,0,0
21946,1,0,0,0,0
21947,1,0,0,0,0
21948,1,0,0,0,0
21949,1,0,0,0,0
21950,1,0,0,0,0
21951,1,0,0,0,0
21952,1,0,0,0,0
21953,1,0,0,0,0
21954,1,0,0,0,0
21955,1,0,0,0,0
21956,1,0,0,0,0
21957,1,0,0,0,0
21958,1,0,0,0,0
21959,1,0,0,0,0
21960,1,0,0,0,0
21961,1,0,0,0,0
21962,1,0,0,0,0
21963,1,0,0,0,0
21964,1,0,0,0,0
21965,1,0,0,0,0
21966,1,0,0,0,0
21967,1,0,0,0,0
21968,1,0,0,0,0
21969,1,0,0,0,0
21970,1,0,0,0,0
21971,1,0,0,0,0
21972,1,0,0,0,0
21973,1,0,0,0,0
21974,1,0,0,0,0
21975,1,0,0,0,0
21976,1,0,0,0,0
21977,1,0,0,0,0
21978,1,0,0,0,0
21979,1,0,0,0,0
21980,1,0,0,0,0
21981,1,0,0,0,0
21982,1,0,0,0,0
21983,1,0,0,0,0
21984,1,0,0,0,0
21985,1,0,0,0,0
21986,1,0,0,0,0
21987,1,0,0,0,0
21988,1,0,0,0,0
21989,0,0,0,0,1
21990,0,0,0,0,1
21991,0,0,0,0,1
21992,0,0,0,0,1
21993,0,0,0,0,1
21994,0,0,1,0,0
21995,0,0,1,0,0
21996,0,0,1,0,0
21997,0,0,1,0,0
21998,0,0,1,0,0
21999,0,0,1,0,0
22000,0,0,1,0,0
22001,0,0,1,0,0
22002,0,0,1,0,0
22003,0,0,1,0,0
22004,0,0,1,0,0
22005,0,0,1,0,0
22006,0,0,1,0,0
22007,0,0,1,0,0
22008,0,0,1,0,0
22009,0,0,1,0,0
22010,0,0,1,0,0
22011,0,0,1,0,0
22012,0,0,1,0,0
22013,0,0,1,0,0
22014,0,0,1,0,0
22015,0,0,1,0,0
22016,0,0,1,0,0
22017,0,0,1,0,0
22018,0,0,1,0,0
22019,0,0,1,0,0
22020,0,0,1,0,0
22021,0,0,1,0,0
22022,0,0,1,0,0
22023,0,0,1,0,0
22024,0,0,1,0,0
22025,0,0,1,0,0
22026,0,0,1,0,0
22027,0,0,1,0,0
22028,0,0,1,0,0
22029,0,0,1,0,0
22030,0,0,1,0,0
22031,0,0,1,0,0
22032,0,0,1,0,0
22033,0,0,1,0,0
22034,0,0,1,0,0
22035,0,0,1,0,0
22036,0,0,1,0,0
22037,0,0,1,0,0
22038,0,0,1,0,0
22039,0,0,1,0,0
22040,0,0,1,0,0
22041,0,0,1,0,0
22042,0,0,1,0,0
22043,0,0,1,0,0
22044,0,0,1,0,0
22045,0,0,1,0,0
22046,0,0,1,0,0
22047,0,0,1,0,0
22048,0,0,1,0,0
22049,0,0,1,0,0
22050,0,0,1,0,0
22051,0,0,1,0,0
22052,0,0,1,0,0
22053,0,0,1,0,0
22054,0,0,1,0,0
22055,0,0,1,0,0
22056,0,0,1,0,0
22057,0,0,1,0,0
22058,0,0,1,0,0
22059,0,0,0,0,1
22060,0,0,0,0,1
22061,0,0,0,0,1
22062,0,0,0,0,1
22063,0,0,0,0,1
22064,0,0,0,0,1
22065,0,0,0,0,1
22066,0,0,0,0,1
22067,0,0,0,0,1
22068,0,0,0,0,1
22069,0,0,0,0,1
22070,0,0,0,0,1
22071,0,0,0,0,1
22072,0,0,0,0,1
22073,0,0,0,0,1
22074,0,0,0,0,1
22075,0,0,0,0,1
22076,0,0,0,0,1
22077,0,0,0,0,1
22078,0,0,0,0,1
22079,0,0,0,0,1
22080,0,0,0,0,1
22081,0,0,0,0,1
22082,0,0,0,0,1
22083,0,0,0,0,1
22084,0,0,0,0,1
22085,0,0,0,0,1
22086,0,0,0,0,1
22087,0,0,0,0,1
22088,0,0,0,0,1
22089,0,0,0,0,1
22090,0,0,0,0,1
22091,0,0,0,0,1
22092,0,0,0,0,1
22093,0,0,0,0,1
22094,0,0,0,0,1
22095,0,0,0,0,1
22096,0,0,0,0,1
22097,0,0,0,0,1
22098,0,0,0,0,1
22099,0,0,0,0,1
22100,0,0,0,0,1
22101,0,0,0,0,1
22102,0,0,0,0,1
22103,0,0,0,0,1
22104,1,0,0,0,0
22105,1,0,0,0,0
22106,1,0,0,0,0
22107,1,0,0,0,0
22108,1,0,0,0,0
22109,1,0,0,0,0
22110,1,0,0,0,0
22111,1,0,0,0,0
22112,1,0,0,0,0
22113,1,0,0,0,0
22114,1,0,0,0,0
22115,1,0,0,0,0
22116,1,0,0,0,0
22117,1,0,0,0,0
22118,1,0,0,0,0
22119,1,0,0,0,0
22120,1,0,0,0,0
22121,1,0,0,0,0
22122,1,0,0,0,0
22123,1,0,0,0,0
22124,1,0,0,0,0
22125,1,0,0,0,0
22126,1,0,0,0,0
22127,1,0,0,0,0
22128,1,0,0,0,0
22129,1,0,0,0,0
22130,1,0,0,0,0
22131,1,0,0,0,0
22132,1,0,0,0,0
22133,1,0,0,0,0
22134,1,0,0,0,0
22135,1,0,0,0,0
22136,1,0,0,0,0
22137,1,0,0,0,0
22138,1,0,0,0,0
22139,1,0,0,0,0
22140,0,0,0,0,1
22141,0,0,0,0,1
22142,0,0,0,0,1
22143,0,0,0,0,1
22144,0,0,0,0,1
22145,0,0,0,0,1
22146,0,0,0,0,1
22147,0,0,0,0,1
22148,0,0,0,0,1
22149,0,0,0,0,1
22150,0,0,0,0,1
22151,0,0,0,0,1
22152,0,0,0,0,1
22153,0,0,0,0,1
22154,0,0,0,0,1
22155,0,0,0,0,1
22156,0,0,0,0,1
22157,0,0,0,0,1
22158,0,0,0,0,1
22159,0,0,0,0,1
22160,0,0,0,0,1
22161,0,0,0,0,1
22162,0,0,0,0,1
22163,0,0,0,0,1
22164,0,0,0,0,1
22165,0,0,0,0,1
22166,0,0,0,0,1
22167,0,0,0,0,1
22168,0,0,0,0,1
22169,0,0,0,0,1
22170,0,0,0,0,1
22171,0,0,0,0,1
22172,0,0,0,0,1
22173,0,0,0,0,1
22174,0,0,0,0,1
22175,0,0,0,0,1
22176,0,0,0,0,1
22177,0,0,0,0,1
22178,0,0,0,0,1
22179,0,0,0,0,1
22180,1,0,0,0,0
22181,1,0,0,0,0
22182,1,0,0,0,0
22183,1,0,0,0,0
22184,1,0,0,0,0
22185,0,0,0,0,1
22186,0,0,0,0,1
22187,0,0,0,0,1
22188,0,0,0,0,1
22189,0,0,0,0,1
22190,0,0,0,0,1
22191,0,0,0,0,1
22192,0,0,0,0,1
22193,0,0,0,0,1
22194,0,0,0,0,1
22195,0,0,0,0,1
22196,0,0,0,0,1
22197,0,0,0,0,1
22198,0,0,0,0,1
22199,0,0,0,0,1
22200,0,0,0,0,1
22201,0,0,0,0,1
22202,0,0,0,0,1
22203,0,0,0,0,1
22204,0,0,0,0,1
22205,0,0,0,0,1
22206,0,0,0,0,1
22207,0,0,0,0,1
22208,0,0,0,0,1
22209,0,0,0,0,1
22210,0,0,0,0,1
22211,0,0,0,0,1
22212,0,0,0,0,1
22213,0,0,0,0,1
22214,0,0,0,0,1
22215,0,0,0,0,1
22216,0,0,0,0,1
22217,0,0,0,0,1
22218,0,0,0,0,1
22219,0,0,0,0,1
22220,0,0,0,0,1
22221,0,0,0,0,1
22222,0,0,0,0,1
22223,0,0,0,0,1
22224,0,0,0,0,1
22225,0,0,0,0,1
22226,0,0,0,0,1
22227,0,0,1,0,0
22228,0,0,1,0,0
22229,0,0,1,0,0
22230,0,0,1,0,0
22231,0,0,1,0,0
22232,0,0,1,0,0
22233,0,0,1,0,0
22234,0,0,1,0,0
22235,0,0,1,0,0
22236,0,0,1,0,0
22237,0,0,1,0,0
22238,0,0,1,0,0
22239,0,0,1,0,0
22240,0,0,1,0,0
22241,0,0,1,0,0
22242,0,0,1,0,0
22243,0,0,1,0,0
22244,0,0,1,0,0
22245,0,0,1,0,0
22246,0,0,1,0,0
22247,0,0,1,0,0
22248,0,0,1,0,0
22249,0,0,1,0,0
22250,0,0,1,0,0
22251,0,0,1,0,0
22252,0,0,1,0,0
22253,0,0,1,0,0
22254,0,0,1,0,0
22255,0,0,1,0,0
22256,0,0,1,0,0
22257,0,0,1,0,0
22258,0,0,1,0,0
22259,0,0,1,0,0
22260,0,0,1,0,0
22261,0,0,1,0,0
22262,0,0,1,0,0
22263,0,0,1,0,0
22264,0,0,1,0,0
22265,0,0,1,0,0
22266,0,0,1,0,0
22267,0,0,1,0,0
22268,0,0,1,0,0
22269,0,0,1,0,0
22270,0,0,1,0,0
22271,0,0,1,0,0
22272,0,0,0,0,1
22273,0,0,0,0,1
22274,0,0,0,0,1
22275,0,0,0,0,1
22276,0,0,0,0,1
22277,0,0,0,0,1
22278,0,0,0,0,1
22279,0,0,0,0,1
22280,0,0,0,0,1
22281,0,0,0,0,1
22282,0,0,0,0,1
22283,0,0,0,0,1
22284,0,0,0,0,1
22285,0,0,0,0,1
22286,0,0,0,0,1
22287,0,0,0,0,1
22288,0,0,0,0,1
22289,0,0,0,0,1
22290,0,0,0,0,1
22291,0,0,0,0,1
22292,0,0,0,0,1
22293,0,0,0,0,1
22294,0,0,0,0,1
22295,0,0,0,0,1
22296,0,0,0,0,1
22297,0,0,0,0,1
22298,0,0,0,0,1
22299,0,0,0,0,1
22300,0,0,0,0,1
22301,0,0,0,0,1
22302,0,0,0,0,1
22303,0,0,0,0,1
22304,0,0,0,0,1
22305,0,0,0,0,1
22306,0,0,0,0,1
22307,0,0,0,0,1
22308,0,0,0,0,1
22309,0,0,0,0,1
22310,0,0,0,0,1
22311,0,0,0,0,1
22312,0,0,0,0,1
22313,0,0,0,0,1
22314,0,0,0,0,1
22315,0,0,0,0,1
22316,0,0,0,0,1
22317,0,0,0,0,1
22318,0,0,0,0,1
22319,0,0,0,0,1
22320,0,0,0,0,1
22321,0,0,0,0,1
22322,0,0,0,0,1
22323,0,0,0,0,1
22324,0,0,0,0,1
22325,0,0,0,0,1
22326,0,0,0,0,1
22327,0,0,0,0,1
22328,0,0,0,0,1
22329,0,0,0,0,1
22330,0,0,0,0,1
22331,0,0,0,0,1
22332,0,0,0,0,1
22333,0,0,0,0,1
22334,0,0,0,0,1
22335,0,0,0,0,1
22336,0,0,0,0,1
22337,0,0,0,0,1
22338,0,0,0,0,1
22339,0,0,0,0,1
22340,0,0,0,0,1
22341,0,0,0,0,1
22342,0,0,0,0,1
22343,0,0,0,0,1
22344,0,0,0,0,1
22345,0,0,0,0,1
22346,0,0,0,0,1
22347,0,0,0,0,1
22348,0,0,0,0,1
22349,0,0,0,0,1
22350,0,0,0,0,1
22351,0,0,0,0,1
22352,0,0,0,0,1
22353,0,0,0,0,1
22354,0,0,0,0,1
22355,0,0,0,0,1
22356,0,0,0,0,1
22357,0,0,0,0,1
22358,0,0,0,0,1
22359,0,0,0,0,1
22360,0,0,0,0,1
22361,0,0,0,0,1
22362,0,0,0,0,1
22363,0,0,0,0,1
22364,0,0,0,0,1
22365,0,0,0,0,1
22366,0,0,0,0,1
22367,0,0,0,0,1
22368,0,0,0,0,1
22369,0,0,0,0,1
22370,0,0,0,0,1
22371,0,0,0,0,1
22372,0,0,0,0,1
22373,0,0,0,0,1
22374,0,0,0,0,1
22375,0,0,0,0,1
22376,0,0,0,0,1
22377,0,0,0,0,1
22378,0,0,0,0,1
22379,0,0,0,0,1
22380,0,0,1,0,0
22381,0,0,1,0,0
22382,0,0,1,0,0
22383,0,0,1,0,0
22384,0,0,1,0,0
22385,0,0,1,0,0
22386,0,0,1,0,0
22387,0,0,1,0,0
22388,0,0,1,0,0
22389,0,0,1,0,0
22390,0,0,1,0,0
22391,0,0,1,0,0
22392,0,0,1,0,0
22393,0,0,1,0,0
22394,0,0,1,0,0
22395,0,0,1,0,0
22396,0,0,1,0,0
22397,0,0,1,0,0
22398,0,0,1,0,0
22399,0,0,1,0,0
22400,0,0,1,0,0
22401,0,0,1,0,0
22402,0,0,1,0,0
22403,0,0,1,0,0
22404,0,0,1,0,0
22405,0,0,1,0,0
22406,0,0,1,0,0
22407,0,0,1,0,0
22408,0,0,1,0,0
22409,0,0,1,0,0
22410,0,0,1,0,0
22411,0,0,1,0,0
22412,0,0,1,0,0
22413,0,0,1,0,0
22414,0,0,1,0,0
22415,0,0,1,0,0
22416,0,0,1,0,0
22417,0,0,1,0,0
22418,0,0,1,0,0
22419,0,0,1,0,0
22420,0,0,1,0,0
22421,0,0,1,0,0
22422,0,0,1,0,0
22423,0,0,1,0,0
22424,0,0,1,0,0
22425,0,0,0,0,1
22426,0,0,0,0,1
22427,0,0,0,0,1
22428,0,0,0,0,1
22429,0,0,0,0,1
22430,0,0,0,0,1
22431,0,0,0,0,1
22432,0,0,0,0,1
22433,0,0,0,0,1
22434,0,0,0,0,1
22435,0,0,0,0,1
22436,0,0,0,0,1
22437,0,0,0,0,1
22438,0,0,0,0,1
22439,0,0,0,0,1
22440,0,0,0,0,1
22441,0,0,0,0,1
22442,0,0,0,0,1
22443,0,0,0,0,1
22444,0,0,0,0,1
22445,0,0,0,0,1
22446,0,0,0,0,1
22447,0,0,0,0,1
22448,0,0,0,0,1
22449,0,0,0,0,1
22450,0,0,0,0,1
22451,0,0,0,0,1
22452,0,0,0,0,1
22453,0,0,0,0,1
22454,0,0,0,0,1
22455,0,0,0,0,1
22456,0,0,0,0,1
22457,0,0,0,0,1
22458,0,0,0,0,1
22459,0,0,0,0,1
22460,0,0,0,0,1
22461,0,0,0,0,1
22462,0,0,0,0,1
22463,0,0,0,0,1
22464,0,0,0,0,1
22465,0,0,0,0,1
22466,0,0,0,0,1
22467,0,0,0,0,1
22468,0,0,0,0,1
22469,0,0,0,0,1
22470,0,0,0,0,1
22471,0,0,0,0,1
22472,0,0,0,0,1
22473,0,0,0,0,1
22474,0,0,0,0,1
22475,0,0,0,0,1
22476,0,0,0,0,1
22477,0,0,0,0,1
22478,0,0,0,0,1
22479,0,0,0,0,1
22480,0,0,0,0,1
22481,0,0,0,0,1
22482,0,0,0,0,1
22483,0,0,0,0,1
22484,0,0,0,0,1
22485,0,0,0,0,1
22486,0,0,0,0,1
22487,0,0,0,0,1
22488,0,0,0,0,1
22489,0,0,0,0,1
22490,0,0,0,0,1
22491,0,0,0,0,1
22492,0,0,0,0,1
22493,0,0,0,0,1
22494,0,0,0,0,1
22495,0,0,0,0,1
22496,0,0,0,0,1
22497,0,0,0,0,1
22498,0,0,0,0,1
22499,0,0,0,0,1
22500,0,0,0,0,1
22501,0,0,0,0,1
22502,0,0,0,0,1
22503,0,0,0,0,1
22504,0,0,0,0,1
22505,0,0,0,0,1
22506,0,0,0,0,1
22507,0,0,0,0,1
22508,0,0,0,0,1
22509,0,0,0,0,1
22510,0,0,0,0,1
22511,0,0,0,0,1
22512,0,0,0,0,1
22513,0,0,0,0,1
22514,0,0,0,0,1
22515,0,0,0,0,1
22516,0,0,0,0,1
22517,0,0,0,0,1
22518,0,0,0,0,1
22519,0,0,0,0,1
22520,0,0,0,0,1
22521,0,0,0,0,1
22522,0,0,0,0,1
22523,0,0,0,0,1
22524,0,0,0,0,1
22525,0,0,0,0,1
22526,0,0,0,0,1
22527,0,0,0,0,1
22528,0,0,0,0,1
22529,0,0,0,0,1
22530,0,0,0,0,1
22531,0,0,0,0,1
22532,0,0,0,0,1
22533,0,0,0,0,1
22534,0,0,0,0,1
22535,0,0,0,0,1
22536,0,0,0,0,1
22537,0,0,0,0,1
22538,0,0,0,0,1
22539,0,0,0,0,1
22540,0,0,0,0,1
22541,0,0,0,0,1
22542,0,0,0,0,1
22543,0,0,0,0,1
22544,0,0,0,0,1
22545,0,0,0,0,1
22546,0,0,0,0,1
22547,0,0,0,0,1
22548,0,0,0,0,1
22549,0,0,0,0,1
22550,0,0,0,0,1
22551,0,0,0,0,1
22552,0,0,0,0,1
22553,0,0,0,0,1
22554,0,0,0,0,1
22555,0,0,0,0,1
22556,0,0,0,0,1
22557,0,0,0,0,1
22558,0,0,0,0,1
22559,0,0,0,0,1
22560,0,0,0,0,1
22561,0,0,0,0,1
22562,0,0,0,0,1
22563,0,0,0,0,1
22564,0,0,0,0,1
22565,0,0,0,0,1
22566,0,0,0,0,1
22567,0,0,0,0,1
22568,0,0,0,0,1
22569,0,0,0,0,1
22570,0,0,0,0,1
22571,0,0,0,0,1
22572,0,0,0,0,1
22573,0,0,0,0,1
22574,0,0,0,0,1
22575,0,0,0,0,1
22576,0,0,0,0,1
22577,0,0,0,0,1
22578,0,0,0,0,1
22579,0,0,0,0,1
22580,0,0,0,0,1
22581,0,0,0,0,1
22582,0,0,0,0,1
22583,0,0,0,0,1
22584,0,0,0,0,1
22585,0,0,0,0,1
22586,0,0,0,0,1
22587,0,0,0,0,1
22588,0,0,0,0,1
22589,0,0,0,0,1
22590,0,0,0,0,1
22591,0,0,0,0,1
22592,0,0,0,0,1
22593,0,0,0,0,1
22594,0,0,0,0,1
22595,0,0,0,0,1
22596,0,0,0,0,1
22597,0,0,0,0,1
22598,0,0,0,0,1
22599,0,0,0,0,1
22600,0,0,0,0,1
22601,0,0,0,0,1
22602,0,0,0,0,1
22603,0,0,0,0,1
22604,0,0,0,0,1
22605,0,0,0,0,1
22606,0,0,0,0,1
22607,0,0,0,0,1
22608,0,0,0,0,1
22609,0,0,0,0,1
22610,0,0,0,0,1
22611,0,0,0,0,1
22612,0,0,0,0,1
22613,0,0,0,0,1
22614,0,0,0,0,1
22615,0,0,0,0,1
22616,0,0,0,0,1
22617,0,0,0,0,1
22618,0,0,0,0,1
22619,0,0,0,0,1
22620,0,0,0,0,1
22621,0,0,0,0,1
22622,0,0,0,0,1
22623,0,0,0,0,1
22624,0,0,0,0,1
22625,0,0,0,0,1
22626,0,0,0,0,1
22627,0,0,0,0,1
22628,0,0,0,0,1
22629,0,0,0,0,1
22630,0,0,0,0,1
22631,0,0,0,0,1
22632,0,0,0,0,1
22633,0,0,0,0,1
22634,0,0,0,0,1
22635,0,0,0,0,1
22636,0,0,0,0,1
22637,0,0,1,0,0
22638,0,0,1,0,0
22639,0,0,1,0,0
22640,0,0,1,0,0
22641,0,0,1,0,0
22642,0,0,1,0,0
22643,0,0,1,0,0
22644,0,0,1,0,0
22645,0,0,1,0,0
22646,0,0,1,0,0
22647,0,0,1,0,0
22648,0,0,1,0,0
22649,0,0,1,0,0
22650,0,0,1,0,0
22651,0,0,1,0,0
22652,0,0,1,0,0
22653,0,0,1,0,0
22654,0,0,1,0,0
22655,0,0,1,0,0
22656,0,0,1,0,0
22657,0,0,1,0,0
22658,0,0,1,0,0
22659,0,0,1,0,0
22660,0,0,1,0,0
22661,0,0,1,0,0
22662,0,0,1,0,0
22663,0,0,1,0,0
22664,0,0,1,0,0
22665,0,0,1,0,0
22666,0,0,1,0,0
22667,0,0,1,0,0
22668,0,0,1,0,0
22669,0,0,1,0,0
22670,0,0,1,0,0
22671,0,0,0,0,1
22672,0,0,0,0,1
22673,0,0,0,0,1
22674,0,0,0,0,1
22675,0,0,0,0,1
22676,0,0,0,0,1
22677,0,0,0,0,1
22678,0,0,0,0,1
22679,0,0,0,0,1
22680,0,0,0,0,1
22681,0,0,0,0,1
22682,0,0,0,0,1
22683,0,0,0,0,1
22684,0,0,0,0,1
22685,0,0,0,0,1
22686,0,0,0,0,1
22687,0,0,0,0,1
22688,0,0,0,0,1
22689,0,0,0,0,1
22690,0,0,0,0,1
22691,0,0,0,0,1
22692,0,0,0,0,1
22693,0,0,0,0,1
22694,0,0,0,0,1
22695,0,0,0,0,1
22696,0,0,0,0,1
22697,0,0,0,0,1
22698,0,0,0,0,1
22699,0,0,0,0,1
22700,0,0,0,0,1
22701,0,0,0,0,1
22702,0,0,0,0,1
22703,0,0,0,0,1
22704,0,0,0,0,1
22705,0,0,0,0,1
22706,0,0,0,0,1
22707,0,0,0,0,1
22708,0,0,0,0,1
22709,0,0,0,0,1
22710,0,0,0,0,1
22711,0,0,0,0,1
22712,0,0,0,0,1
22713,0,0,0,0,1
22714,0,0,0,0,1
22715,0,0,0,0,1
22716,0,0,0,0,1
22717,0,0,0,0,1
22718,0,0,0,0,1
22719,0,0,0,0,1
22720,0,0,0,0,1
22721,0,0,0,0,1
22722,0,0,0,0,1
22723,0,0,0,0,1
22724,0,0,0,0,1
22725,0,0,0,0,1
22726,0,0,0,0,1
22727,0,0,0,0,1
22728,0,0,0,0,1
22729,0,0,0,0,1
22730,0,0,0,0,1
22731,0,0,0,0,1
22732,0,0,0,0,1
22733,0,0,0,0,1
22734,0,0,0,0,1
22735,0,0,0,0,1
22736,0,0,0,0,1
22737,0,0,0,0,1
22738,0,0,0,0,1
22739,0,0,0,0,1
22740,0,0,0,0,1
22741,0,0,0,0,1
22742,0,0,0,0,1
22743,0,0,0,0,1
22744,0,0,0,0,1
22745,0,0,0,0,1
22746,0,0,0,0,1
22747,0,0,0,0,1
22748,0,0,0,0,1
22749,0,0,0,0,1
22750,0,0,0,0,1
22751,0,0,0,0,1
22752,1,0,0,0,0
22753,1,0,0,0,0
22754,1,0,0,0,0
22755,1,0,0,0,0
22756,1,0,0,0,0
22757,1,0,0,0,0
22758,1,0,0,0,0
22759,1,0,0,0,0
22760,1,0,0,0,0
22761,1,0,0,0,0
22762,1,0,0,0,0
22763,1,0,0,0,0
22764,1,0,0,0,0
22765,1,0,0,0,0
22766,1,0,0,0,0
22767,1,0,0,0,0
22768,1,0,0,0,0
22769,1,0,0,0,0
22770,1,0,0,0,0
22771,1,0,0,0,0
22772,1,0,0,0,0
22773,1,0,0,0,0
22774,1,0,0,0,0
22775,1,0,0,0,0
22776,1,0,0,0,0
22777,1,0,0,0,0
22778,1,0,0,0,0
22779,1,0,0,0,0
22780,1,0,0,0,0
22781,1,0,0,0,0
22782,1,0,0,0,0
22783,1,0,0,0,0
22784,1,0,0,0,0
22785,1,0,0,0,0
22786,1,0,0,0,0
22787,1,0,0,0,0
22788,1,0,0,0,0
22789,0,0,0,0,1
22790,0,0,0,0,1
22791,0,0,0,0,1
22792,0,0,0,0,1
22793,0,0,0,0,1
22794,0,0,0,0,1
22795,0,0,0,0,1
22796,0,0,0,0,1
22797,0,0,0,0,1
22798,0,0,0,0,1
22799,0,0,0,0,1
22800,1,0,0,0,0
22801,1,0,0,0,0
22802,1,0,0,0,0
22803,1,0,0,0,0
22804,1,0,0,0,0
22805,1,0,0,0,0
22806,1,0,0,0,0
22807,1,0,0,0,0
22808,1,0,0,0,0
22809,1,0,0,0,0
22810,1,0,0,0,0
22811,1,0,0,0,0
22812,1,0,0,0,0
22813,1,0,0,0,0
22814,1,0,0,0,0
22815,1,0,0,0,0
22816,1,0,0,0,0
22817,1,0,0,0,0
22818,0,0,0,0,1
22819,0,0,0,0,1
22820,0,0,0,0,1
22821,0,0,0,0,1
22822,0,0,0,0,1
22823,0,0,0,0,1
22824,0,0,0,0,1
22825,0,0,0,0,1
22826,0,0,0,0,1
22827,0,0,0,0,1
22828,0,0,0,0,1
22829,0,0,0,0,1
22830,0,0,0,0,1
22831,0,0,0,0,1
22832,0,0,0,0,1
22833,0,0,0,0,1
22834,0,0,0,0,1
22835,0,0,0,0,1
22836,0,0,0,0,1
22837,1,0,0,0,0
22838,1,0,0,0,0
22839,1,0,0,0,0
22840,1,0,0,0,0
22841,1,0,0,0,0
22842,1,0,0,0,0
22843,1,0,0,0,0
22844,1,0,0,0,0
22845,1,0,0,0,0
22846,1,0,0,0,0
22847,1,0,0,0,0
22848,1,0,0,0,0
22849,1,0,0,0,0
22850,1,0,0,0,0
22851,1,0,0,0,0
22852,1,0,0,0,0
22853,1,0,0,0,0
22854,1,0,0,0,0
22855,1,0,0,0,0
22856,1,0,0,0,0
22857,1,0,0,0,0
22858,1,0,0,0,0
22859,1,0,0,0,0
22860,1,0,0,0,0
22861,1,0,0,0,0
22862,1,0,0,0,0
22863,1,0,0,0,0
22864,1,0,0,0,0
22865,1,0,0,0,0
22866,1,0,0,0,0
22867,1,0,0,0,0
22868,1,0,0,0,0
22869,1,0,0,0,0
22870,1,0,0,0,0
22871,1,0,0,0,0
22872,0,0,0,0,1
22873,0,0,0,0,1
22874,0,0,0,0,1
22875,0,0,0,0,1
22876,0,0,0,0,1
22877,0,0,0,0,1
22878,0,0,0,0,1
22879,0,0,0,0,1
22880,0,0,0,0,1
22881,0,0,0,0,1
22882,0,0,0,0,1
22883,0,0,0,0,1
22884,0,0,0,0,1
22885,0,0,0,0,1
22886,0,0,0,0,1
22887,0,0,0,0,1
22888,0,0,0,0,1
22889,0,0,0,0,1
22890,0,0,0,0,1
22891,0,0,0,0,1
22892,0,0,0,0,1
22893,0,0,0,0,1
22894,0,0,0,0,1
22895,0,0,0,0,1
22896,0,0,0,0,1
22897,0,0,0,0,1
22898,0,0,0,0,1
22899,0,0,0,0,1
22900,0,0,0,0,1
22901,0,0,0,0,1
22902,0,0,0,0,1
22903,0,0,0,0,1
22904,0,0,0,0,1
22905,0,0,0,0,1
22906,1,0,0,0,0
22907,1,0,0,0,0
22908,1,0,0,0,0
22909,1,0,0,0,0
22910,1,0,0,0,0
22911,1,0,0,0,0
22912,1,0,0,0,0
22913,1,0,0,0,0
22914,1,0,0,0,0
22915,1,0,0,0,0
22916,1,0,0,0,0
22917,1,0,0,0,0
22918,1,0,0,0,0
22919,1,0,0,0,0
22920,1,0,0,0,0
22921,1,0,0,0,0
22922,1,0,0,0,0
22923,1,0,0,0,0
22924,1,0,0,0,0
22925,1,0,0,0,0
22926,1,0,0,0,0
22927,1,0,0,0,0
22928,1,0,0,0,0
22929,1,0,0,0,0
22930,1,0,0,0,0
22931,1,0,0,0,0
22932,1,0,0,0,0
22933,1,0,0,0,0
22934,1,0,0,0,0
22935,1,0,0,0,0
22936,1,0,0,0,0
22937,1,0,0,0,0
22938,1,0,0,0,0
22939,1,0,0,0,0
22940,1,0,0,0,0
22941,1,0,0,0,0
22942,1,0,0,0,0
22943,1,0,0,0,0
22944,1,0,0,0,0
22945,1,0,0,0,0
22946,1,0,0,0,0
22947,1,0,0,0,0
22948,1,0,0,0,0
22949,1,0,0,0,0
22950,1,0,0,0,0
22951,1,0,0,0,0
22952,1,0,0,0,0
22953,1,0,0,0,0
22954,1,0,0,0,0
22955,1,0,0,0,0
22956,1,0,0,0,0
22957,1,0,0,0,0
22958,1,0,0,0,0
22959,1,0,0,0,0
22960,1,0,0,0,0
22961,1,0,0,0,0
22962,1,0,0,0,0
22963,1,0,0,0,0
22964,1,0,0,0,0
22965,1,0,0,0,0
22966,1,0,0,0,0
22967,1,0,0,0,0
22968,1,0,0,0,0
22969,1,0,0,0,0
22970,1,0,0,0,0
22971,1,0,0,0,0
22972,0,0,0,0,1
22973,0,0,0,0,1
22974,0,0,0,0,1
22975,0,0,0,0,1
22976,0,0,0,0,1
22977,0,0,0,0,1
22978,0,0,0,0,1
22979,0,0,0,0,1
22980,0,0,0,0,1
22981,0,0,0,0,1
22982,0,0,0,0,1
22983,0,0,0,0,1
22984,0,0,0,0,1
22985,0,0,0,0,1
22986,0,0,0,0,1
22987,0,0,0,0,1
22988,0,0,0,0,1
22989,0,0,0,0,1
22990,0,0,0,0,1
22991,0,0,0,0,1
22992,0,0,0,0,1
22993,0,0,0,0,1
22994,1,0,0,0,0
22995,1,0,0,0,0
22996,1,0,0,0,0
22997,1,0,0,0,0
22998,1,0,0,0,0
22999,1,0,0,0,0
23000,1,0,0,0,0
23001,1,0,0,0,0
23002,1,0,0,0,0
23003,1,0,0,0,0
23004,1,0,0,0,0
23005,1,0,0,0,0
23006,1,0,0,0,0
23007,1,0,0,0,0
23008,1,0,0,0,0
23009,1,0,0,0,0
23010,1,0,0,0,0
23011,1,0,0,0,0
23012,1,0,0,0,0
23013,1,0,0,0,0
23014,1,0,0,0,0
23015,1,0,0,0,0
23016,1,0,0,0,0
23017,1,0,0,0,0
23018,1,0,0,0,0
23019,1,0,0,0,0
23020,1,0,0,0,0
23021,1,0,0,0,0
23022,1,0,0,0,0
23023,1,0,0,0,0
23024,1,0,0,0,0
23025,1,0,0,0,0
23026,1,0,0,0,0
23027,1,0,0,0,0
23028,1,0,0,0,0
23029,1,0,0,0,0
23030,1,0,0,0,0
23031,1,0,0,0,0
23032,1,0,0,0,0
23033,1,0,0,0,0
23034,1,0,0,0,0
23035,1,0,0,0,0
23036,1,0,0,0,0
23037,1,0,0,0,0
23038,1,0,0,0,0
23039,1,0,0,0,0
23040,1,0,0,0,0
23041,1,0,0,0,0
23042,1,0,0,0,0
23043,1,0,0,0,0
23044,1,0,0,0,0
23045,1,0,0,0,0
23046,1,0,0,0,0
23047,1,0,0,0,0
23048,1,0,0,0,0
23049,1,0,0,0,0
23050,1,0,0,0,0
23051,1,0,0,0,0
23052,1,0,0,0,0
23053,1,0,0,0,0
23054,1,0,0,0,0
23055,1,0,0,0,0
23056,1,0,0,0,0
23057,1,0,0,0,0
23058,1,0,0,0,0
23059,1,0,0,0,0
23060,1,0,0,0,0
23061,1,0,0,0,0
23062,1,0,0,0,0
23063,1,0,0,0,0
23064,1,0,0,0,0
23065,1,0,0,0,0
23066,1,0,0,0,0
23067,1,0,0,0,0
23068,1,0,0,0,0
23069,1,0,0,0,0
23070,1,0,0,0,0
23071,1,0,0,0,0
23072,1,0,0,0,0
23073,1,0,0,0,0
23074,1,0,0,0,0
23075,1,0,0,0,0
23076,1,0,0,0,0
23077,1,0,0,0,0
23078,1,0,0,0,0
23079,1,0,0,0,0
23080,1,0,0,0,0
23081,1,0,0,0,0
23082,1,0,0,0,0
23083,1,0,0,0,0
23084,1,0,0,0,0
23085,1,0,0,0,0
23086,1,0,0,0,0
23087,1,0,0,0,0
23088,1,0,0,0,0
23089,1,0,0,0,0
23090,1,0,0,0,0
23091,1,0,0,0,0
23092,1,0,0,0,0
23093,1,0,0,0,0
23094,1,0,0,0,0
23095,1,0,0,0,0
23096,1,0,0,0,0
23097,1,0,0,0,0
23098,1,0,0,0,0
23099,1,0,0,0,0
23100,1,0,0,0,0
23101,1,0,0,0,0
23102,1,0,0,0,0
23103,1,0,0,0,0
23104,1,0,0,0,0
23105,1,0,0,0,0
23106,1,0,0,0,0
23107,1,0,0,0,0
23108,1,0,0,0,0
23109,1,0,0,0,0
23110,1,0,0,0,0
23111,1,0,0,0,0
23112,1,0,0,0,0
23113,1,0,0,0,0
23114,1,0,0,0,0
23115,1,0,0,0,0
23116,1,0,0,0,0
23117,1,0,0,0,0
23118,1,0,0,0,0
23119,1,0,0,0,0
23120,1,0,0,0,0
23121,1,0,0,0,0
23122,1,0,0,0,0
23123,1,0,0,0,0
23124,1,0,0,0,0
23125,1,0,0,0,0
23126,1,0,0,0,0
23127,1,0,0,0,0
23128,1,0,0,0,0
23129,1,0,0,0,0
23130,1,0,0,0,0
23131,1,0,0,0,0
23132,1,0,0,0,0
23133,1,0,0,0,0
23134,0,0,1,0,0
23135,0,0,1,0,0
23136,0,0,1,0,0
23137,0,0,1,0,0
23138,0,0,1,0,0
23139,0,0,1,0,0
23140,0,0,1,0,0
23141,1,0,0,0,0
23142,1,0,0,0,0
23143,1,0,0,0,0
23144,1,0,0,0,0
23145,1,0,0,0,0
23146,1,0,0,0,0
23147,1,0,0,0,0
23148,1,0,0,0,0
23149,1,0,0,0,0
23150,1,0,0,0,0
23151,1,0,0,0,0
23152,1,0,0,0,0
23153,1,0,0,0,0
23154,1,0,0,0,0
23155,1,0,0,0,0
23156,1,0,0,0,0
23157,1,0,0,0,0
23158,1,0,0,0,0
23159,1,0,0,0,0
23160,1,0,0,0,0
23161,1,0,0,0,0
23162,1,0,0,0,0
23163,1,0,0,0,0
23164,1,0,0,0,0
23165,1,0,0,0,0
23166,1,0,0,0,0
23167,1,0,0,0,0
23168,1,0,0,0,0
23169,1,0,0,0,0
23170,1,0,0,0,0
23171,1,0,0,0,0
23172,1,0,0,0,0
23173,1,0,0,0,0
23174,1,0,0,0,0
23175,1,0,0,0,0
23176,1,0,0,0,0
23177,1,0,0,0,0
23178,1,0,0,0,0
23179,1,0,0,0,0
23180,1,0,0,0,0
23181,1,0,0,0,0
23182,1,0,0,0,0
23183,1,0,0,0,0
23184,1,0,0,0,0
23185,1,0,0,0,0
23186,1,0,0,0,0
23187,1,0,0,0,0
23188,1,0,0,0,0
23189,1,0,0,0,0
23190,1,0,0,0,0
23191,1,0,0,0,0
23192,1,0,0,0,0
23193,1,0,0,0,0
23194,1,0,0,0,0
23195,1,0,0,0,0
23196,1,0,0,0,0
23197,1,0,0,0,0
23198,1,0,0,0,0
23199,1,0,0,0,0
23200,1,0,0,0,0
23201,1,0,0,0,0
23202,1,0,0,0,0
23203,1,0,0,0,0
23204,1,0,0,0,0
23205,0,0,0,0,1
23206,0,0,0,0,1
23207,0,0,0,0,1
23208,0,0,0,0,1
23209,0,0,0,0,1
23210,0,0,0,0,1
23211,0,0,0,0,1
23212,0,0,0,0,1
23213,0,0,0,0,1
23214,0,0,0,0,1
23215,0,0,0,0,1
23216,0,0,0,0,1
23217,0,0,0,0,1
23218,0,0,0,0,1
23219,0,0,0,0,1
23220,0,0,0,0,1
23221,0,0,0,0,1
23222,0,0,0,0,1
23223,0,0,0,0,1
23224,0,0,0,0,1
23225,0,0,0,0,1
23226,0,0,0,0,1
23227,0,0,0,0,1
23228,0,0,0,0,1
23229,0,0,0,0,1
23230,0,0,0,0,1
23231,0,0,0,0,1
23232,0,0,0,0,1
23233,0,0,0,0,1
23234,0,0,0,0,1
23235,0,0,0,0,1
23236,0,0,0,0,1
23237,0,0,0,0,1
23238,1,0,0,0,0
23239,1,0,0,0,0
23240,1,0,0,0,0
23241,1,0,0,0,0
23242,1,0,0,0,0
23243,1,0,0,0,0
23244,1,0,0,0,0
23245,1,0,0,0,0
23246,1,0,0,0,0
23247,1,0,0,0,0
23248,1,0,0,0,0
23249,1,0,0,0,0
23250,1,0,0,0,0
23251,1,0,0,0,0
23252,1,0,0,0,0
23253,1,0,0,0,0
23254,1,0,0,0,0
23255,1,0,0,0,0
23256,1,0,0,0,0
23257,1,0,0,0,0
23258,1,0,0,0,0
23259,1,0,0,0,0
23260,1,0,0,0,0
23261,1,0,0,0,0
23262,1,0,0,0,0
23263,1,0,0,0,0
23264,1,0,0,0,0
23265,1,0,0,0,0
23266,1,0,0,0,0
23267,1,0,0,0,0
23268,1,0,0,0,0
23269,1,0,0,0,0
23270,1,0,0,0,0
23271,1,0,0,0,0
23272,1,0,0,0,0
23273,1,0,0,0,0
23274,1,0,0,0,0
23275,1,0,0,0,0
23276,1,0,0,0,0
23277,1,0,0,0,0
23278,1,0,0,0,0
23279,1,0,0,0,0
23280,1,0,0,0,0
23281,1,0,0,0,0
23282,1,0,0,0,0
23283,1,0,0,0,0
23284,1,0,0,0,0
23285,1,0,0,0,0
23286,1,0,0,0,0
23287,1,0,0,0,0
23288,1,0,0,0,0
23289,1,0,0,0,0
23290,1,0,0,0,0
23291,1,0,0,0,0
23292,1,0,0,0,0
23293,1,0,0,0,0
23294,1,0,0,0,0
23295,1,0,0,0,0
23296,1,0,0,0,0
23297,1,0,0,0,0
23298,1,0,0,0,0
23299,1,0,0,0,0
23300,1,0,0,0,0
23301,1,0,0,0,0
23302,1,0,0,0,0
23303,1,0,0,0,0
23304,1,0,0,0,0
23305,1,0,0,0,0
23306,1,0,0,0,0
23307,1,0,0,0,0
23308,1,0,0,0,0
23309,1,0,0,0,0
23310,1,0,0,0,0
23311,1,0,0,0,0
23312,1,0,0,0,0
23313,1,0,0,0,0
23314,1,0,0,0,0
23315,1,0,0,0,0
23316,1,0,0,0,0
23317,1,0,0,0,0
23318,1,0,0,0,0
23319,1,0,0,0,0
23320,1,0,0,0,0
23321,1,0,0,0,0
23322,1,0,0,0,0
23323,1,0,0,0,0
23324,1,0,0,0,0
23325,1,0,0,0,0
23326,1,0,0,0,0
23327,1,0,0,0,0
23328,1,0,0,0,0
23329,1,0,0,0,0
23330,1,0,0,0,0
23331,1,0,0,0,0
23332,1,0,0,0,0
23333,1,0,0,0,0
23334,1,0,0,0,0
23335,1,0,0,0,0
23336,1,0,0,0,0
23337,1,0,0,0,0
23338,1,0,0,0,0
23339,1,0,0,0,0
23340,1,0,0,0,0
23341,1,0,0,0,0
23342,1,0,0,0,0
23343,1,0,0,0,0
23344,1,0,0,0,0
23345,1,0,0,0,0
23346,1,0,0,0,0
23347,1,0,0,0,0
23348,1,0,0,0,0
23349,1,0,0,0,0
23350,1,0,0,0,0
23351,1,0,0,0,0
23352,1,0,0,0,0
23353,1,0,0,0,0
23354,1,0,0,0,0
23355,1,0,0,0,0
23356,1,0,0,0,0
23357,1,0,0,0,0
23358,1,0,0,0,0
23359,1,0,0,0,0
23360,1,0,0,0,0
23361,1,0,0,0,0
23362,1,0,0,0,0
23363,1,0,0,0,0
23364,1,0,0,0,0
23365,1,0,0,0,0
23366,1,0,0,0,0
23367,1,0,0,0,0
23368,1,0,0,0,0
23369,1,0,0,0,0
23370,1,0,0,0,0
23371,1,0,0,0,0
23372,1,0,0,0,0
23373,1,0,0,0,0
23374,1,0,0,0,0
23375,1,0,0,0,0
23376,1,0,0,0,0
23377,1,0,0,0,0
23378,1,0,0,0,0
23379,1,0,0,0,0
23380,1,0,0,0,0
23381,1,0,0,0,0
23382,1,0,0,0,0
23383,0,0,0,0,1
23384,0,0,0,0,1
23385,0,0,0,0,1
23386,0,0,0,0,1
23387,0,0,0,0,1
23388,0,0,0,0,1
23389,0,0,0,0,1
23390,0,0,0,0,1
23391,0,0,0,0,1
23392,0,0,0,0,1
23393,0,0,0,0,1
23394,0,0,0,0,1
23395,0,0,0,0,1
23396,0,0,0,0,1
23397,0,0,0,0,1
23398,0,0,0,0,1
23399,0,0,0,0,1
23400,0,0,0,0,1
23401,0,0,0,0,1
23402,0,0,0,0,1
23403,0,0,0,0,1
23404,0,0,0,0,1
23405,0,0,0,0,1
23406,0,0,0,0,1
23407,0,0,0,0,1
23408,0,0,0,0,1
23409,0,0,0,0,1
23410,0,0,0,0,1
23411,0,0,0,0,1
23412,0,0,0,0,1
23413,0,0,0,0,1
23414,0,0,0,0,1
23415,0,0,0,0,1
23416,0,0,0,0,1
23417,0,0,0,0,1
23418,0,0,0,0,1
23419,0,0,0,0,1
23420,0,0,0,0,1
23421,0,0,0,0,1
23422,0,0,0,0,1
23423,0,0,0,0,1
23424,0,0,0,0,1
23425,0,0,0,0,1
23426,0,0,0,0,1
23427,0,0,0,0,1
23428,0,0,0,0,1
23429,0,0,0,0,1
23430,0,0,0,0,1
23431,0,0,0,0,1
23432,0,0,0,0,1
23433,0,0,0,0,1
23434,0,0,0,0,1
23435,0,0,0,0,1
23436,0,0,0,0,1
23437,0,0,0,0,1
23438,0,0,0,0,1
23439,0,0,0,0,1
23440,0,0,0,0,1
23441,0,0,0,0,1
23442,0,0,0,0,1
23443,0,0,0,0,1
23444,0,0,0,0,1
23445,0,0,0,0,1
23446,0,0,0,0,1
23447,0,0,0,0,1
23448,0,0,0,0,1
23449,0,0,0,0,1
23450,0,0,0,0,1
23451,0,0,0,0,1
23452,0,0,0,0,1
23453,0,0,0,0,1
23454,0,0,0,0,1
23455,0,0,0,0,1
23456,0,0,0,0,1
23457,0,0,0,0,1
23458,0,0,0,0,1
23459,0,0,0,0,1
23460,0,0,0,0,1
23461,0,0,0,0,1
23462,0,0,0,0,1
23463,0,0,0,0,1
23464,0,0,0,0,1
23465,0,0,0,0,1
23466,0,0,0,0,1
23467,0,0,0,0,1
23468,0,0,0,0,1
23469,0,0,1,0,0
23470,0,0,1,0,0
23471,0,0,1,0,0
23472,0,0,1,0,0
23473,0,0,1,0,0
23474,0,0,1,0,0
23475,0,0,1,0,0
23476,0,0,1,0,0
23477,0,0,1,0,0
23478,0,0,1,0,0
23479,0,0,1,0,0
23480,0,0,1,0,0
23481,0,0,1,0,0
23482,0,0,1,0,0
23483,0,0,1,0,0
23484,0,0,1,0,0
23485,0,0,1,0,0
23486,0,0,1,0,0
23487,0,0,1,0,0
23488,0,0,1,0,0
23489,0,0,1,0,0
23490,0,0,1,0,0
23491,0,0,1,0,0
23492,0,0,1,0,0
23493,0,0,1,0,0
23494,0,0,1,0,0
23495,0,0,1,0,0
23496,0,0,1,0,0
23497,0,0,1,0,0
23498,0,0,1,0,0
23499,0,0,1,0,0
23500,0,0,1,0,0
23501,0,0,1,0,0
23502,0,0,1,0,0
23503,0,0,1,0,0
23504,0,0,1,0,0
23505,0,0,1,0,0
23506,0,0,1,0,0
23507,0,0,1,0,0
23508,0,0,1,0,0
23509,0,0,1,0,0
23510,0,0,1,0,0
23511,0,0,1,0,0
23512,0,0,1,0,0
23513,0,0,1,0,0
23514,0,0,1,0,0
23515,0,0,1,0,0
23516,0,0,1,0,0
23517,0,0,1,0,0
23518,0,0,1,0,0
23519,0,0,1,0,0
23520,0,0,1,0,0
23521,0,0,1,0,0
23522,0,0,1,0,0
23523,0,0,1,0,0
23524,0,0,1,0,0
23525,0,0,1,0,0
23526,0,0,1,0,0
23527,0,0,1,0,0
23528,0,0,1,0,0
23529,0,0,1,0,0
23530,0,0,1,0,0
23531,0,0,1,0,0
23532,0,0,1,0,0
23533,0,0,1,0,0
23534,0,0,1,0,0
23535,0,0,1,0,0
23536,0,0,1,0,0
23537,0,0,1,0,0
23538,0,0,1,0,0
23539,0,0,1,0,0
23540,0,0,1,0,0
23541,0,0,1,0,0
23542,0,0,1,0,0
23543,0,0,1,0,0
23544,0,0,1,0,0
23545,0,0,1,0,0
23546,0,0,1,0,0
23547,0,0,1,0,0
23548,0,0,1,0,0
23549,0,0,1,0,0
23550,0,0,1,0,0
23551,0,0,1,0,0
23552,0,0,1,0,0
23553,0,0,0,0,1
23554,0,0,0,0,1
23555,0,0,0,0,1
23556,0,0,0,0,1
23557,0,0,0,0,1
23558,0,0,0,0,1
23559,0,0,0,0,1
23560,0,0,0,0,1
23561,0,0,0,0,1
23562,0,0,0,0,1
23563,0,0,0,0,1
23564,0,0,0,0,1
23565,0,0,0,0,1
23566,0,0,0,0,1
23567,0,0,0,0,1
23568,0,0,0,0,1
23569,0,0,0,0,1
23570,0,0,0,0,1
23571,0,0,0,0,1
23572,0,0,0,0,1
23573,0,0,0,0,1
23574,0,0,0,0,1
23575,0,0,0,0,1
23576,0,0,0,0,1
23577,0,0,0,0,1
23578,0,0,0,0,1
23579,0,0,0,0,1
23580,0,0,0,0,1
23581,0,0,0,0,1
23582,0,0,0,0,1
23583,0,0,0,0,1
23584,0,0,0,0,1
23585,0,0,0,0,1
23586,0,0,0,0,1
23587,0,0,0,0,1
23588,0,0,0,0,1
23589,0,0,0,0,1
23590,0,0,0,0,1
23591,0,0,0,0,1
23592,0,0,0,0,1
23593,0,0,0,0,1
23594,0,0,0,0,1
23595,0,0,0,0,1
23596,0,0,0,0,1
23597,0,0,0,0,1
23598,0,0,0,0,1
23599,0,0,0,0,1
23600,0,0,0,0,1
23601,0,0,0,0,1
23602,0,0,0,0,1
23603,0,0,0,0,1
23604,0,0,0,0,1
23605,0,0,0,0,1
23606,0,0,0,0,1
23607,0,0,0,0,1
23608,0,0,0,0,1
23609,0,0,0,0,1
23610,0,0,0,0,1
23611,0,0,0,0,1
23612,0,0,0,0,1
23613,0,0,0,0,1
23614,0,0,0,0,1
23615,0,0,0,0,1
23616,0,0,0,0,1
23617,0,0,0,0,1
23618,0,0,0,0,1
23619,0,0,0,0,1
23620,0,0,0,0,1
23621,0,0,0,0,1
23622,0,0,0,0,1
23623,0,0,0,0,1
23624,0,0,0,0,1
23625,0,0,0,0,1
23626,0,0,0,0,1
23627,0,0,0,0,1
23628,0,0,0,0,1
23629,0,0,0,0,1
23630,0,0,0,0,1
23631,0,0,0,0,1
23632,0,0,0,0,1
23633,0,0,0,0,1
23634,0,0,0,0,1
23635,0,0,0,0,1
23636,0,0,0,0,1
23637,0,0,0,0,1
23638,0,0,0,0,1
23639,0,0,0,0,1
23640,0,0,0,0,1
23641,0,0,0,0,1
23642,0,0,0,0,1
23643,0,0,0,0,1
23644,0,0,0,0,1
23645,0,0,0,0,1
23646,0,0,0,0,1
23647,0,0,0,0,1
23648,0,0,0,0,1
23649,0,0,0,0,1
23650,0,0,0,0,1
23651,0,0,0,0,1
23652,0,0,0,0,1
23653,0,0,0,0,1
23654,0,0,0,0,1
23655,0,0,0,0,1
23656,0,0,0,0,1
23657,0,0,0,0,1
23658,0,0,0,0,1
23659,0,0,0,0,1
23660,0,0,0,0,1
23661,0,0,0,0,1
23662,0,0,0,0,1
23663,0,0,0,0,1
23664,0,0,0,0,1
23665,0,0,0,0,1
23666,0,0,0,0,1
23667,0,0,0,0,1
23668,0,0,0,0,1
23669,0,0,0,0,1
23670,0,0,0,0,1
23671,0,0,0,0,1
23672,0,0,0,0,1
23673,0,0,0,0,1
23674,0,0,0,0,1
23675,0,0,0,0,1
23676,0,0,0,0,1
23677,0,0,0,0,1
23678,0,0,0,0,1
23679,0,0,0,0,1
23680,0,0,0,0,1
23681,0,0,0,0,1
23682,0,0,0,0,1
23683,0,0,0,0,1
23684,0,0,0,0,1
23685,0,0,0,0,1
23686,0,0,0,0,1
23687,0,0,0,0,1
23688,0,0,0,0,1
23689,0,0,0,0,1
23690,0,0,0,0,1
23691,0,0,0,0,1
23692,0,0,0,0,1
23693,0,0,0,0,1
23694,0,0,0,0,1
23695,0,0,0,0,1
23696,0,0,0,0,1
23697,0,0,0,0,1
23698,0,0,0,0,1
23699,0,0,0,0,1
23700,0,0,0,0,1
23701,0,0,0,0,1
23702,0,0,0,0,1
23703,0,0,0,0,1
23704,0,0,0,0,1
23705,0,0,0,0,1
23706,0,0,0,0,1
23707,0,0,0,0,1
23708,0,0,0,0,1
23709,0,0,0,0,1
23710,0,0,0,0,1
23711,0,0,0,0,1
23712,0,0,0,0,1
23713,0,0,0,0,1
23714,0,0,0,0,1
23715,0,0,0,0,1
23716,0,0,0,0,1
23717,0,0,0,0,1
23718,0,0,0,0,1
23719,0,0,0,0,1
23720,0,0,0,0,1
23721,0,0,0,0,1
23722,0,0,0,0,1
23723,0,0,0,0,1
23724,0,0,0,0,1
23725,0,0,0,0,1
23726,0,0,0,0,1
23727,0,0,0,0,1
23728,0,0,0,0,1
23729,0,0,0,0,1
23730,0,0,0,0,1
23731,0,0,0,0,1
23732,0,0,0,0,1
23733,0,0,0,0,1
23734,0,0,0,0,1
23735,0,0,0,0,1
23736,0,0,0,0,1
23737,0,0,0,0,1
23738,0,0,0,0,1
23739,0,0,0,0,1
23740,0,0,0,0,1
23741,0,0,0,0,1
23742,0,0,0,0,1
23743,0,0,0,0,1
23744,0,0,0,0,1
23745,0,0,0,0,1
23746,0,0,0,0,1
23747,0,0,0,0,1
23748,0,0,0,0,1
23749,0,0,0,0,1
23750,0,0,0,0,1
23751,0,0,0,0,1
23752,0,0,0,0,1
23753,0,0,0,0,1
23754,0,0,0,0,1
23755,0,0,0,0,1
23756,0,0,0,0,1
23757,0,0,0,0,1
23758,0,0,0,0,1
23759,0,0,0,0,1
23760,0,0,0,0,1
23761,0,0,0,0,1
23762,0,0,0,0,1
23763,0,0,0,0,1
23764,0,0,0,0,1
23765,0,0,0,0,1
23766,0,0,0,0,1
23767,0,0,0,0,1
23768,0,0,0,0,1
23769,0,0,0,0,1
23770,0,0,0,0,1
23771,0,0,0,0,1
23772,0,0,0,0,1
23773,0,0,0,0,1
23774,0,0,0,0,1
23775,0,0,0,0,1
23776,0,0,0,0,1
23777,0,0,0,0,1
23778,0,0,0,0,1
23779,0,0,0,0,1
23780,0,0,0,0,1
23781,1,0,0,0,0
23782,1,0,0,0,0
23783,1,0,0,0,0
23784,1,0,0,0,0
23785,1,0,0,0,0
23786,1,0,0,0,0
23787,1,0,0,0,0
23788,1,0,0,0,0
23789,1,0,0,0,0
23790,1,0,0,0,0
23791,1,0,0,0,0
23792,1,0,0,0,0
23793,1,0,0,0,0
23794,1,0,0,0,0
23795,1,0,0,0,0
23796,1,0,0,0,0
23797,1,0,0,0,0
23798,1,0,0,0,0
23799,1,0,0,0,0
23800,1,0,0,0,0
23801,1,0,0,0,0
23802,1,0,0,0,0
23803,1,0,0,0,0
23804,1,0,0,0,0
23805,1,0,0,0,0
23806,1,0,0,0,0
23807,1,0,0,0,0
23808,1,0,0,0,0
23809,1,0,0,0,0
23810,1,0,0,0,0
23811,1,0,0,0,0
23812,1,0,0,0,0
23813,1,0,0,0,0
23814,1,0,0,0,0
23815,1,0,0,0,0
23816,1,0,0,0,0
23817,1,0,0,0,0
23818,1,0,0,0,0
23819,1,0,0,0,0
23820,1,0,0,0,0
23821,1,0,0,0,0
23822,1,0,0,0,0
23823,1,0,0,0,0
23824,1,0,0,0,0
23825,1,0,0,0,0
23826,1,0,0,0,0
23827,1,0,0,0,0
23828,1,0,0,0,0
23829,1,0,0,0,0
23830,1,0,0,0,0
23831,1,0,0,0,0
23832,1,0,0,0,0
23833,1,0,0,0,0
23834,1,0,0,0,0
23835,1,0,0,0,0
23836,1,0,0,0,0
23837,1,0,0,0,0
23838,1,0,0,0,0
23839,1,0,0,0,0
23840,1,0,0,0,0
23841,1,0,0,0,0
23842,1,0,0,0,0
23843,1,0,0,0,0
23844,1,0,0,0,0
23845,1,0,0,0,0
23846,1,0,0,0,0
23847,1,0,0,0,0
23848,1,0,0,0,0
23849,1,0,0,0,0
23850,1,0,0,0,0
23851,1,0,0,0,0
23852,1,0,0,0,0
23853,1,0,0,0,0
23854,1,0,0,0,0
23855,1,0,0,0,0
23856,1,0,0,0,0
23857,1,0,0,0,0
23858,1,0,0,0,0
23859,1,0,0,0,0
23860,1,0,0,0,0
23861,1,0,0,0,0
23862,1,0,0,0,0
23863,1,0,0,0,0
23864,1,0,0,0,0
23865,1,0,0,0,0
23866,1,0,0,0,0
23867,1,0,0,0,0
23868,1,0,0,0,0
23869,1,0,0,0,0
23870,1,0,0,0,0
23871,1,0,0,0,0
23872,1,0,0,0,0
23873,1,0,0,0,0
23874,1,0,0,0,0
23875,1,0,0,0,0
23876,1,0,0,0,0
23877,1,0,0,0,0
23878,1,0,0,0,0
23879,1,0,0,0,0
23880,1,0,0,0,0
23881,1,0,0,0,0
23882,1,0,0,0,0
23883,1,0,0,0,0
23884,1,0,0,0,0
23885,1,0,0,0,0
23886,1,0,0,0,0
23887,1,0,0,0,0
23888,1,0,0,0,0
23889,1,0,0,0,0
23890,1,0,0,0,0
23891,1,0,0,0,0
23892,1,0,0,0,0
23893,1,0,0,0,0
23894,1,0,0,0,0
23895,1,0,0,0,0
23896,1,0,0,0,0
23897,1,0,0,0,0
23898,1,0,0,0,0
23899,1,0,0,0,0
23900,1,0,0,0,0
23901,1,0,0,0,0
23902,1,0,0,0,0
23903,1,0,0,0,0
23904,1,0,0,0,0
23905,1,0,0,0,0
23906,1,0,0,0,0
23907,1,0,0,0,0
23908,1,0,0,0,0
23909,1,0,0,0,0
23910,1,0,0,0,0
23911,1,0,0,0,0
23912,1,0,0,0,0
23913,1,0,0,0,0
23914,1,0,0,0,0
23915,1,0,0,0,0
23916,1,0,0,0,0
23917,1,0,0,0,0
23918,1,0,0,0,0
23919,1,0,0,0,0
23920,1,0,0,0,0
23921,1,0,0,0,0
23922,1,0,0,0,0
23923,1,0,0,0,0
23924,1,0,0,0,0
23925,1,0,0,0,0
23926,1,0,0,0,0
23927,1,0,0,0,0
23928,1,0,0,0,0
23929,1,0,0,0,0
23930,1,0,0,0,0
23931,1,0,0,0,0
23932,1,0,0,0,0
23933,1,0,0,0,0
23934,1,0,0,0,0
23935,1,0,0,0,0
23936,1,0,0,0,0
23937,1,0,0,0,0
23938,1,0,0,0,0
23939,1,0,0,0,0
23940,1,0,0,0,0
23941,1,0,0,0,0
23942,1,0,0,0,0
23943,1,0,0,0,0
23944,1,0,0,0,0
23945,1,0,0,0,0
23946,1,0,0,0,0
23947,1,0,0,0,0
23948,1,0,0,0,0
23949,1,0,0,0,0
23950,1,0,0,0,0
23951,1,0,0,0,0
23952,1,0,0,0,0
23953,1,0,0,0,0
23954,1,0,0,0,0
23955,1,0,0,0,0
23956,1,0,0,0,0
23957,1,0,0,0,0
23958,1,0,0,0,0
23959,1,0,0,0,0
23960,1,0,0,0,0
23961,1,0,0,0,0
23962,1,0,0,0,0
23963,1,0,0,0,0
23964,1,0,0,0,0
23965,1,0,0,0,0
23966,1,0,0,0,0
23967,1,0,0,0,0
23968,1,0,0,0,0
23969,1,0,0,0,0
23970,1,0,0,0,0
23971,1,0,0,0,0
23972,1,0,0,0,0
23973,1,0,0,0,0
23974,1,0,0,0,0
23975,1,0,0,0,0
23976,1,0,0,0,0
23977,1,0,0,0,0
23978,1,0,0,0,0
23979,1,0,0,0,0
23980,1,0,0,0,0
23981,1,0,0,0,0
23982,1,0,0,0,0
23983,1,0,0,0,0
23984,1,0,0,0,0
23985,1,0,0,0,0
23986,1,0,0,0,0
23987,1,0,0,0,0
23988,1,0,0,0,0
23989,1,0,0,0,0
23990,1,0,0,0,0
23991,1,0,0,0,0
23992,1,0,0,0,0
23993,1,0,0,0,0
23994,1,0,0,0,0
23995,1,0,0,0,0
23996,1,0,0,0,0
23997,1,0,0,0,0
23998,1,0,0,0,0
23999,1,0,0,0,0
24000,1,0,0,0,0
24001,1,0,0,0,0
24002,1,0,0,0,0
24003,1,0,0,0,0
24004,1,0,0,0,0
24005,1,0,0,0,0
24006,1,0,0,0,0
24007,1,0,0,0,0
24008,1,0,0,0,0
24009,1,0,0,0,0
24010,1,0,0,0,0
24011,1,0,0,0,0
24012,1,0,0,0,0
24013,1,0,0,0,0
24014,1,0,0,0,0
24015,1,0,0,0,0
24016,1,0,0,0,0
24017,1,0,0,0,0
24018,1,0,0,0,0
24019,1,0,0,0,0
24020,1,0,0,0,0
24021,1,0,0,0,0
24022,1,0,0,0,0
24023,1,0,0,0,0
24024,1,0,0,0,0
24025,1,0,0,0,0
24026,1,0,0,0,0
24027,1,0,0,0,0
24028,1,0,0,0,0
24029,1,0,0,0,0
24030,1,0,0,0,0
24031,1,0,0,0,0
24032,1,0,0,0,0
24033,1,0,0,0,0
24034,1,0,0,0,0
24035,1,0,0,0,0
24036,1,0,0,0,0
24037,1,0,0,0,0
24038,1,0,0,0,0
24039,1,0,0,0,0
24040,1,0,0,0,0
24041,1,0,0,0,0
24042,1,0,0,0,0
24043,1,0,0,0,0
24044,1,0,0,0,0
24045,1,0,0,0,0
24046,1,0,0,0,0
24047,1,0,0,0,0
24048,1,0,0,0,0
24049,1,0,0,0,0
24050,1,0,0,0,0
24051,1,0,0,0,0
24052,1,0,0,0,0
24053,1,0,0,0,0
24054,1,0,0,0,0
24055,1,0,0,0,0
24056,1,0,0,0,0
24057,1,0,0,0,0
24058,1,0,0,0,0
24059,1,0,0,0,0
24060,1,0,0,0,0
24061,1,0,0,0,0
24062,1,0,0,0,0
24063,1,0,0,0,0
24064,1,0,0,0,0
24065,1,0,0,0,0
24066,1,0,0,0,0
24067,1,0,0,0,0
24068,1,0,0,0,0
24069,1,0,0,0,0
24070,1,0,0,0,0
24071,1,0,0,0,0
24072,1,0,0,0,0
24073,1,0,0,0,0
24074,1,0,0,0,0
24075,1,0,0,0,0
24076,1,0,0,0,0
24077,1,0,0,0,0
24078,1,0,0,0,0
24079,1,0,0,0,0
24080,1,0,0,0,0
24081,1,0,0,0,0
24082,1,0,0,0,0
24083,1,0,0,0,0
24084,1,0,0,0,0
24085,1,0,0,0,0
24086,1,0,0,0,0
24087,1,0,0,0,0
24088,1,0,0,0,0
24089,1,0,0,0,0
24090,1,0,0,0,0
24091,1,0,0,0,0
24092,1,0,0,0,0
24093,1,0,0,0,0
24094,1,0,0,0,0
24095,1,0,0,0,0
24096,1,0,0,0,0
24097,1,0,0,0,0
24098,1,0,0,0,0
24099,0,0,0,0,1
24100,0,0,0,0,1
24101,0,0,0,0,1
24102,0,0,0,0,1
24103,0,0,0,0,1
24104,0,0,0,0,1
24105,0,0,0,0,1
24106,0,0,0,0,1
24107,0,0,0,0,1
24108,0,0,0,0,1
24109,0,0,0,0,1
24110,0,0,0,0,1
24111,0,0,0,0,1
24112,0,0,0,0,1
24113,0,0,0,0,1
24114,0,0,0,0,1
24115,0,0,0,0,1
24116,0,0,0,0,1
24117,0,0,0,0,1
24118,0,0,0,0,1
24119,0,0,0,0,1
24120,0,0,0,0,1
24121,0,0,0,0,1
24122,0,0,0,0,1
24123,0,0,1,0,0
24124,0,0,1,0,0
24125,0,0,1,0,0
24126,0,0,1,0,0
24127,0,0,1,0,0
24128,0,0,1,0,0
24129,0,0,1,0,0
24130,0,0,1,0,0
24131,0,0,1,0,0
24132,0,0,1,0,0
24133,0,0,1,0,0
24134,0,0,1,0,0
24135,0,0,1,0,0
24136,0,0,1,0,0
24137,0,0,1,0,0
24138,0,0,1,0,0
24139,0,0,1,0,0
24140,0,0,1,0,0
24141,0,0,1,0,0
24142,0,0,1,0,0
24143,0,0,1,0,0
24144,0,0,1,0,0
24145,0,0,1,0,0
24146,0,0,1,0,0
24147,0,0,1,0,0
24148,0,0,1,0,0
24149,0,0,1,0,0
24150,0,0,1,0,0
24151,0,0,1,0,0
24152,0,0,1,0,0
24153,0,0,1,0,0
24154,0,0,1,0,0
24155,0,0,1,0,0
24156,0,0,1,0,0
24157,0,0,1,0,0
24158,0,0,1,0,0
24159,0,0,1,0,0
24160,0,0,1,0,0
24161,0,0,1,0,0
24162,0,0,1,0,0
24163,0,0,1,0,0
24164,0,0,1,0,0
24165,0,0,1,0,0
24166,0,0,1,0,0
24167,0,0,1,0,0
24168,0,0,1,0,0
24169,0,0,1,0,0
24170,0,0,1,0,0
24171,0,0,1,0,0
24172,0,0,1,0,0
24173,0,0,1,0,0
24174,0,0,0,0,1
24175,0,0,0,0,1
24176,0,0,0,0,1
24177,0,0,0,0,1
24178,0,0,0,0,1
24179,0,0,0,0,1
24180,0,0,0,0,1
24181,0,0,0,0,1
24182,0,0,0,0,1
24183,0,0,0,0,1
24184,0,0,0,0,1
24185,0,0,0,0,1
24186,0,0,0,0,1
24187,0,0,0,0,1
24188,0,0,0,0,1
24189,0,0,0,0,1
24190,0,0,0,0,1
24191,0,0,0,0,1
24192,0,0,0,0,1
24193,0,0,0,0,1
24194,0,0,0,0,1
24195,0,0,0,0,1
24196,0,0,0,0,1
24197,0,0,0,0,1
24198,0,0,0,0,1
24199,0,0,0,0,1
24200,0,0,0,0,1
24201,0,0,0,0,1
24202,0,0,0,0,1
24203,0,0,0,0,1
24204,0,0,0,0,1
24205,0,0,0,0,1
24206,0,0,0,0,1
24207,0,0,0,0,1
24208,0,0,0,0,1
24209,0,0,0,0,1
24210,0,0,0,0,1
24211,0,0,0,0,1
24212,0,0,0,0,1
24213,0,0,0,0,1
24214,0,0,0,0,1
24215,0,0,0,0,1
24216,0,0,0,0,1
24217,0,0,0,0,1
24218,0,0,0,0,1
24219,0,0,0,0,1
24220,0,0,0,0,1
24221,0,0,0,0,1
24222,0,0,0,0,1
24223,0,0,0,0,1
24224,0,0,0,0,1
24225,0,0,0,0,1
24226,0,0,0,0,1
24227,0,0,0,0,1
24228,0,0,0,0,1
24229,0,0,0,0,1
24230,0,0,0,0,1
24231,0,0,0,0,1
24232,0,0,0,0,1
24233,0,0,0,0,1
24234,0,0,0,0,1
24235,1,0,0,0,0
24236,1,0,0,0,0
24237,1,0,0,0,0
24238,1,0,0,0,0
24239,1,0,0,0,0
24240,1,0,0,0,0
24241,1,0,0,0,0
24242,1,0,0,0,0
24243,1,0,0,0,0
24244,1,0,0,0,0
24245,1,0,0,0,0
24246,1,0,0,0,0
24247,1,0,0,0,0
24248,1,0,0,0,0
24249,1,0,0,0,0
24250,1,0,0,0,0
24251,1,0,0,0,0
24252,1,0,0,0,0
24253,1,0,0,0,0
24254,0,0,0,0,1
24255,0,0,0,0,1
24256,0,0,0,0,1
24257,0,0,0,0,1
24258,0,0,0,0,1
24259,0,0,0,0,1
24260,0,0,0,0,1
24261,0,0,0,0,1
24262,0,0,0,0,1
24263,0,0,0,0,1
24264,0,0,0,0,1
24265,0,0,0,0,1
24266,0,0,0,0,1
24267,0,0,0,0,1
24268,0,0,0,0,1
24269,0,0,0,0,1
24270,0,0,0,0,1
24271,0,0,0,0,1
24272,0,0,0,0,1
24273,0,0,0,0,1
24274,0,0,0,0,1
24275,0,0,0,0,1
24276,0,0,0,0,1
24277,0,0,0,0,1
24278,0,0,0,0,1
24279,0,0,0,0,1
24280,0,0,0,0,1
24281,0,0,0,0,1
24282,0,0,0,0,1
24283,0,0,0,0,1
24284,0,0,0,0,1
24285,0,0,0,0,1
24286,0,0,0,0,1
24287,0,0,0,0,1
24288,0,0,0,0,1
24289,0,0,0,0,1
24290,0,0,0,0,1
24291,0,0,0,0,1
24292,0,0,0,0,1
24293,0,0,0,0,1
24294,0,0,0,0,1
24295,0,0,0,0,1
24296,0,0,0,0,1
24297,0,0,0,0,1
24298,0,0,0,0,1
24299,0,0,0,0,1
24300,0,0,0,0,1
24301,0,0,0,0,1
24302,0,0,0,0,1
24303,0,0,0,0,1
24304,1,0,0,0,0
24305,1,0,0,0,0
24306,1,0,0,0,0
24307,1,0,0,0,0
24308,1,0,0,0,0
24309,1,0,0,0,0
24310,1,0,0,0,0
24311,1,0,0,0,0
24312,1,0,0,0,0
24313,1,0,0,0,0
24314,1,0,0,0,0
24315,1,0,0,0,0
24316,1,0,0,0,0
24317,1,0,0,0,0
24318,1,0,0,0,0
24319,1,0,0,0,0
24320,1,0,0,0,0
24321,1,0,0,0,0
24322,1,0,0,0,0
24323,1,0,0,0,0
24324,1,0,0,0,0
24325,1,0,0,0,0
24326,1,0,0,0,0
24327,1,0,0,0,0
24328,1,0,0,0,0
24329,0,0,0,0,1
24330,0,0,0,0,1
24331,0,0,0,0,1
24332,0,0,0,0,1
24333,0,0,0,0,1
24334,0,0,0,0,1
24335,0,0,0,0,1
24336,0,0,0,0,1
24337,0,0,0,0,1
24338,0,0,0,0,1
24339,0,0,0,0,1
24340,0,0,0,0,1
24341,0,0,0,0,1
24342,0,0,0,0,1
24343,0,0,0,0,1
24344,0,0,0,0,1
24345,0,0,0,0,1
24346,0,0,0,0,1
24347,0,0,0,0,1
24348,0,0,0,0,1
24349,0,0,0,0,1
24350,0,0,0,0,1
24351,0,0,0,0,1
24352,0,0,0,0,1
24353,0,0,0,0,1
24354,0,0,0,0,1
24355,0,0,0,0,1
24356,0,0,0,0,1
24357,0,0,0,0,1
24358,0,0,0,0,1
24359,0,0,0,0,1
24360,0,0,0,0,1
24361,0,0,0,0,1
24362,0,0,0,0,1
24363,0,0,0,0,1
24364,0,0,0,0,1
24365,0,0,0,0,1
24366,0,0,0,0,1
24367,0,0,0,0,1
24368,0,0,0,0,1
24369,0,0,0,0,1
24370,0,0,0,0,1
24371,0,0,0,0,1
24372,0,0,0,0,1
24373,0,0,0,0,1
24374,0,0,0,0,1
24375,0,0,0,0,1
24376,0,0,0,0,1
24377,0,0,0,0,1
24378,0,0,0,0,1
24379,0,0,0,0,1
24380,0,0,0,0,1
24381,0,0,0,0,1
24382,0,0,0,0,1
24383,0,0,0,0,1
24384,0,0,0,0,1
24385,0,0,0,0,1
24386,0,0,0,0,1
24387,0,0,0,0,1
24388,0,0,0,0,1
24389,0,0,0,0,1
24390,0,0,0,0,1
24391,0,0,0,0,1
24392,0,0,0,0,1
24393,1,0,0,0,0
24394,1,0,0,0,0
24395,1,0,0,0,0
24396,1,0,0,0,0
24397,1,0,0,0,0
24398,1,0,0,0,0
24399,1,0,0,0,0
24400,1,0,0,0,0
24401,1,0,0,0,0
24402,1,0,0,0,0
24403,1,0,0,0,0
24404,1,0,0,0,0
24405,1,0,0,0,0
24406,1,0,0,0,0
24407,1,0,0,0,0
24408,1,0,0,0,0
24409,1,0,0,0,0
24410,1,0,0,0,0
24411,1,0,0,0,0
24412,1,0,0,0,0
24413,1,0,0,0,0
24414,1,0,0,0,0
24415,1,0,0,0,0
24416,1,0,0,0,0
24417,1,0,0,0,0
24418,1,0,0,0,0
24419,1,0,0,0,0
24420,1,0,0,0,0
24421,1,0,0,0,0
24422,1,0,0,0,0
24423,1,0,0,0,0
24424,1,0,0,0,0
24425,1,0,0,0,0
24426,1,0,0,0,0
24427,1,0,0,0,0
24428,1,0,0,0,0
24429,1,0,0,0,0
24430,1,0,0,0,0
24431,1,0,0,0,0
24432,1,0,0,0,0
24433,1,0,0,0,0
24434,1,0,0,0,0
24435,1,0,0,0,0
24436,1,0,0,0,0
24437,1,0,0,0,0
24438,1,0,0,0,0
24439,1,0,0,0,0
24440,1,0,0,0,0
24441,1,0,0,0,0
24442,1,0,0,0,0
24443,1,0,0,0,0
24444,0,0,0,0,1
24445,0,0,0,0,1
24446,0,0,0,0,1
24447,0,0,0,0,1
24448,0,0,0,0,1
24449,0,0,0,0,1
24450,0,0,0,0,1
24451,0,0,0,0,1
24452,1,0,0,0,0
24453,1,0,0,0,0
24454,1,0,0,0,0
24455,1,0,0,0,0
24456,1,0,0,0,0
24457,1,0,0,0,0
24458,1,0,0,0,0
24459,1,0,0,0,0
24460,1,0,0,0,0
24461,1,0,0,0,0
24462,1,0,0,0,0
24463,1,0,0,0,0
24464,1,0,0,0,0
24465,1,0,0,0,0
24466,1,0,0,0,0
24467,1,0,0,0,0
24468,1,0,0,0,0
24469,1,0,0,0,0
24470,1,0,0,0,0
24471,1,0,0,0,0
24472,1,0,0,0,0
24473,1,0,0,0,0
24474,1,0,0,0,0
24475,1,0,0,0,0
24476,0,0,0,0,1
24477,0,0,0,0,1
24478,0,0,0,0,1
24479,0,0,0,0,1
24480,0,0,0,0,1
24481,0,0,0,0,1
24482,0,0,0,0,1
24483,0,0,0,0,1
24484,0,0,0,0,1
24485,0,0,0,0,1
24486,0,0,0,0,1
24487,0,0,0,0,1
24488,0,0,0,0,1
24489,0,0,0,0,1
24490,0,0,0,0,1
24491,0,0,0,0,1
24492,0,0,0,0,1
24493,0,0,0,0,1
24494,0,0,0,0,1
24495,0,0,0,0,1
24496,0,0,0,0,1
24497,0,0,0,0,1
24498,0,0,0,0,1
24499,0,0,0,0,1
24500,0,0,0,0,1
24501,0,0,0,0,1
24502,0,0,0,0,1
24503,0,0,0,0,1
24504,0,0,0,0,1
24505,0,0,0,0,1
24506,0,0,0,0,1
24507,0,0,0,0,1
24508,0,0,0,0,1
24509,0,0,0,0,1
24510,0,0,0,0,1
24511,0,0,0,0,1
24512,0,0,0,0,1
24513,0,0,0,0,1
24514,0,0,0,0,1
24515,0,0,0,0,1
24516,0,0,0,0,1
24517,0,0,0,0,1
24518,0,0,0,0,1
24519,0,0,0,0,1
24520,0,0,0,0,1
24521,0,0,0,0,1
24522,0,0,0,0,1
24523,0,0,0,0,1
24524,0,0,0,0,1
24525,0,0,0,0,1
24526,0,0,0,0,1
24527,0,0,0,0,1
24528,0,0,0,0,1
24529,0,0,0,0,1
24530,0,0,0,0,1
24531,0,0,0,0,1
24532,0,0,0,0,1
24533,0,0,0,0,1
24534,0,0,0,0,1
24535,0,0,0,0,1
24536,0,0,0,0,1
24537,0,0,0,0,1
24538,0,0,0,0,1
24539,0,0,0,0,1
24540,0,0,0,0,1
24541,0,0,0,0,1
24542,0,0,0,0,1
24543,0,0,0,0,1
24544,0,0,0,0,1
24545,0,0,0,0,1
24546,0,0,0,0,1
24547,0,0,0,0,1
24548,0,0,0,0,1
24549,0,0,0,0,1
24550,0,0,0,0,1
24551,0,0,0,0,1
24552,0,0,0,0,1
24553,0,0,0,0,1
24554,0,0,0,0,1
24555,0,0,0,0,1
24556,0,0,0,0,1
24557,0,0,0,0,1
24558,0,0,0,0,1
24559,0,0,0,0,1
24560,0,0,0,0,1
24561,0,0,0,0,1
24562,0,0,0,0,1
24563,0,0,0,0,1
24564,0,0,0,0,1
24565,0,0,0,0,1
24566,0,0,0,0,1
24567,0,0,0,0,1
24568,0,0,0,0,1
24569,0,0,0,0,1
24570,0,0,0,0,1
24571,0,0,0,0,1
24572,0,0,0,0,1
24573,0,0,0,0,1
24574,0,0,0,0,1
24575,0,0,0,0,1
24576,0,0,0,0,1
24577,0,0,0,0,1
24578,0,0,0,0,1
24579,0,0,0,0,1
24580,0,0,0,0,1
24581,0,0,0,0,1
24582,0,0,0,0,1
24583,0,0,0,0,1
24584,0,0,0,0,1
24585,0,0,0,0,1
24586,0,0,0,0,1
24587,0,0,0,0,1
24588,0,0,0,0,1
24589,0,0,0,0,1
24590,0,0,0,0,1
24591,0,0,0,0,1
24592,0,0,0,0,1
24593,0,0,0,0,1
24594,0,0,0,0,1
24595,0,0,0,0,1
24596,0,0,0,0,1
24597,0,0,0,0,1
24598,0,0,0,0,1
24599,0,0,0,0,1
24600,0,0,0,0,1
24601,0,0,0,0,1
24602,0,0,0,0,1
24603,0,0,0,0,1
24604,0,0,0,0,1
24605,0,0,0,0,1
24606,0,0,0,0,1
24607,0,0,0,0,1
24608,0,0,0,0,1
24609,0,0,0,0,1
24610,0,0,0,0,1
24611,0,0,0,0,1
24612,0,0,0,0,1
24613,0,0,0,0,1
24614,0,0,0,0,1
24615,0,0,0,0,1
24616,0,0,0,0,1
24617,0,0,0,0,1
24618,0,0,0,0,1
24619,0,0,0,0,1
24620,0,0,0,0,1
24621,0,0,0,0,1
24622,0,0,0,0,1
24623,0,0,0,0,1
24624,0,0,0,0,1
24625,0,0,0,0,1
24626,0,0,0,0,1
24627,0,0,0,0,1
24628,0,0,0,0,1
24629,0,0,0,0,1
24630,0,0,0,0,1
24631,0,0,0,0,1
24632,0,0,0,0,1
24633,0,0,0,0,1
24634,0,0,0,0,1
24635,0,0,0,0,1
24636,0,0,0,0,1
24637,0,0,0,0,1
24638,0,0,0,0,1
24639,0,0,0,0,1
24640,0,0,0,0,1
24641,0,0,0,0,1
24642,0,0,0,0,1
24643,0,0,0,0,1
24644,0,0,0,0,1
24645,0,0,0,0,1
24646,0,0,0,0,1
24647,0,0,0,0,1
24648,0,0,0,0,1
24649,0,0,0,0,1
24650,0,0,0,0,1
24651,0,0,0,0,1
24652,0,0,0,0,1
24653,0,0,0,0,1
24654,0,0,0,0,1
24655,0,0,0,0,1
24656,0,0,0,0,1
24657,0,0,0,0,1
24658,0,0,0,0,1
24659,0,0,0,0,1
24660,0,0,0,0,1
24661,0,0,0,0,1
24662,0,0,0,0,1
24663,0,0,0,0,1
24664,0,0,0,0,1
24665,0,0,0,0,1
24666,0,0,0,0,1
24667,0,0,0,0,1
24668,0,0,0,0,1
24669,0,0,0,0,1
24670,0,0,0,0,1
24671,0,0,0,0,1
24672,0,0,0,0,1
24673,0,0,0,0,1
24674,0,0,0,0,1
24675,0,0,0,0,1
24676,0,0,0,0,1
24677,0,0,0,0,1
24678,0,0,0,0,1
24679,0,0,0,0,1
24680,0,0,0,0,1
24681,0,0,0,0,1
24682,0,0,0,0,1
24683,0,0,0,0,1
24684,0,0,0,0,1
24685,0,0,0,0,1
24686,0,0,0,0,1
24687,0,0,0,0,1
24688,0,0,0,0,1
24689,0,0,0,0,1
24690,0,0,0,0,1
24691,0,0,0,0,1
24692,0,0,0,0,1
24693,0,0,0,0,1
24694,0,0,0,0,1
24695,0,0,0,0,1
24696,0,0,0,0,1
24697,0,0,0,0,1
24698,0,0,0,0,1
24699,0,0,0,0,1
24700,0,0,0,0,1
24701,0,0,0,0,1
24702,0,0,0,0,1
24703,0,0,0,0,1
24704,0,0,0,0,1
24705,0,0,0,0,1
24706,0,0,0,0,1
24707,0,0,0,0,1
24708,0,0,0,0,1
24709,0,0,0,0,1
24710,0,0,0,0,1
24711,0,0,0,0,1
24712,0,0,0,0,1
24713,0,0,0,0,1
24714,0,0,0,0,1
24715,0,0,0,0,1
24716,0,0,0,0,1
24717,0,0,0,0,1
24718,0,0,0,0,1
24719,0,0,0,0,1
24720,0,0,0,0,1
24721,0,0,0,0,1
24722,0,0,0,0,1
24723,0,0,0,0,1
24724,0,0,0,0,1
24725,0,0,0,0,1
24726,0,0,0,0,1
24727,0,0,0,0,1
24728,0,0,0,0,1
24729,0,0,0,0,1
24730,0,0,0,0,1
24731,0,0,0,0,1
24732,0,0,0,0,1
24733,0,0,0,0,1
24734,0,0,0,0,1
24735,0,0,0,0,1
24736,0,0,0,0,1
24737,0,0,0,0,1
24738,0,0,0,0,1
24739,0,0,0,0,1
24740,0,0,0,0,1
24741,0,0,0,0,1
24742,0,0,0,0,1
24743,0,0,0,0,1
24744,0,0,0,0,1
24745,0,0,0,0,1
24746,0,0,0,0,1
24747,0,0,0,0,1
24748,0,0,0,0,1
24749,0,0,0,0,1
24750,0,0,0,0,1
24751,0,0,0,0,1
24752,0,0,0,0,1
24753,0,0,0,0,1
24754,0,0,0,0,1
24755,0,0,0,0,1
24756,0,0,0,0,1
24757,0,0,0,0,1
24758,0,0,0,0,1
24759,0,0,0,0,1
24760,0,0,0,0,1
24761,0,0,0,0,1
24762,0,0,0,0,1
24763,0,0,0,0,1
24764,0,0,0,0,1
24765,0,0,0,0,1
24766,0,0,0,0,1
24767,0,0,0,0,1
24768,0,0,0,0,1
24769,0,0,0,0,1
24770,0,0,0,0,1
24771,0,0,0,0,1
24772,0,0,0,0,1
24773,0,0,0,0,1
24774,0,0,0,0,1
24775,0,0,0,0,1
24776,0,0,0,0,1
24777,0,0,0,0,1
24778,0,0,0,0,1
24779,0,0,0,0,1
24780,0,0,0,0,1
24781,0,0,0,0,1
24782,0,0,0,0,1
24783,0,0,0,0,1
24784,0,0,0,0,1
24785,0,0,0,0,1
24786,0,0,0,0,1
24787,0,0,0,0,1
24788,0,0,0,0,1
24789,0,0,0,0,1
24790,0,0,0,0,1
24791,0,0,0,0,1
24792,0,0,0,0,1
24793,0,0,0,0,1
24794,0,0,0,0,1
24795,0,0,0,0,1
24796,0,0,0,0,1
24797,0,0,0,0,1
24798,0,0,0,0,1
24799,0,0,0,0,1
24800,0,0,0,0,1
24801,0,0,0,0,1
24802,0,0,0,0,1
24803,0,0,0,0,1
24804,0,0,0,0,1
24805,1,0,0,0,0
24806,1,0,0,0,0
24807,1,0,0,0,0
24808,1,0,0,0,0
24809,1,0,0,0,0
24810,0,0,0,0,1
24811,0,0,0,0,1
24812,0,0,0,0,1
24813,0,0,0,0,1
24814,0,0,0,0,1
24815,0,0,0,0,1
24816,0,0,0,0,1
24817,0,0,0,0,1
24818,0,0,0,0,1
24819,0,0,0,0,1
24820,0,0,0,0,1
24821,0,0,0,0,1
24822,0,0,0,0,1
24823,0,0,0,0,1
24824,0,0,0,0,1
24825,0,0,0,0,1
24826,0,0,0,0,1
24827,1,0,0,0,0
24828,1,0,0,0,0
24829,1,0,0,0,0
24830,1,0,0,0,0
24831,1,0,0,0,0
24832,1,0,0,0,0
24833,1,0,0,0,0
24834,1,0,0,0,0
24835,1,0,0,0,0
24836,1,0,0,0,0
24837,1,0,0,0,0
24838,1,0,0,0,0
24839,1,0,0,0,0
24840,1,0,0,0,0
24841,1,0,0,0,0
24842,1,0,0,0,0
24843,1,0,0,0,0
24844,1,0,0,0,0
24845,1,0,0,0,0
24846,1,0,0,0,0
24847,1,0,0,0,0
24848,1,0,0,0,0
24849,1,0,0,0,0
24850,1,0,0,0,0
24851,1,0,0,0,0
24852,1,0,0,0,0
24853,1,0,0,0,0
24854,1,0,0,0,0
24855,1,0,0,0,0
24856,1,0,0,0,0
24857,1,0,0,0,0
24858,1,0,0,0,0
24859,1,0,0,0,0
24860,1,0,0,0,0
24861,1,0,0,0,0
24862,1,0,0,0,0
24863,1,0,0,0,0
24864,1,0,0,0,0
24865,1,0,0,0,0
24866,1,0,0,0,0
24867,1,0,0,0,0
24868,1,0,0,0,0
24869,1,0,0,0,0
24870,1,0,0,0,0
24871,1,0,0,0,0
24872,1,0,0,0,0
24873,1,0,0,0,0
24874,1,0,0,0,0
24875,1,0,0,0,0
24876,1,0,0,0,0
24877,1,0,0,0,0
24878,1,0,0,0,0
24879,1,0,0,0,0
24880,1,0,0,0,0
24881,1,0,0,0,0
24882,1,0,0,0,0
24883,1,0,0,0,0
24884,1,0,0,0,0
24885,1,0,0,0,0
24886,1,0,0,0,0
24887,1,0,0,0,0
24888,1,0,0,0,0
24889,1,0,0,0,0
24890,1,0,0,0,0
24891,1,0,0,0,0
24892,1,0,0,0,0
24893,1,0,0,0,0
24894,0,0,0,0,1
24895,0,0,0,0,1
24896,0,0,0,0,1
24897,0,0,0,0,1
24898,0,0,0,0,1
24899,0,0,0,0,1
24900,0,0,0,0,1
24901,0,0,0,0,1
24902,0,0,0,0,1
24903,0,0,0,0,1
24904,0,0,0,0,1
24905,0,0,0,0,1
24906,0,0,0,0,1
24907,0,0,0,0,1
24908,0,0,0,0,1
24909,0,0,0,0,1
24910,0,0,0,0,1
24911,0,0,0,0,1
24912,0,0,0,0,1
24913,0,0,0,0,1
24914,0,0,0,0,1
24915,0,0,0,0,1
24916,0,0,0,0,1
24917,0,0,0,0,1
24918,0,0,0,0,1
24919,0,0,0,0,1
24920,0,0,0,0,1
24921,0,0,0,0,1
24922,0,0,0,0,1
24923,0,0,0,0,1
24924,0,0,0,0,1
24925,0,0,0,0,1
24926,0,0,0,0,1
24927,0,0,0,0,1
24928,0,0,0,0,1
24929,0,0,0,0,1
24930,0,0,0,0,1
24931,0,0,0,0,1
24932,0,0,0,0,1
24933,0,0,0,0,1
24934,0,0,0,0,1
24935,0,0,0,0,1
24936,0,0,0,0,1
24937,0,0,0,0,1
24938,0,0,0,0,1
24939,0,0,0,0,1
24940,0,0,0,0,1
24941,0,0,0,0,1
24942,0,0,0,0,1
24943,0,0,0,0,1
24944,0,0,0,0,1
24945,0,0,0,0,1
24946,0,0,0,0,1
24947,0,0,0,0,1
24948,0,0,0,0,1
24949,0,0,0,0,1
24950,0,0,0,0,1
24951,0,0,0,0,1
24952,0,0,0,0,1
24953,0,0,0,0,1
24954,0,0,0,0,1
24955,0,0,0,0,1
24956,0,0,0,0,1
24957,0,0,0,0,1
24958,0,0,0,0,1
24959,0,0,0,0,1
24960,0,0,0,0,1
24961,0,0,0,0,1
24962,0,0,0,0,1
24963,0,0,0,0,1
24964,0,0,0,0,1
24965,0,0,0,0,1
24966,0,0,0,0,1
24967,0,0,0,0,1
24968,0,0,0,0,1
24969,0,0,0,0,1
24970,0,0,0,0,1
24971,0,0,0,0,1
24972,1,0,0,0,0
24973,1,0,0,0,0
24974,1,0,0,0,0
24975,1,0,0,0,0
24976,1,0,0,0,0
24977,1,0,0,0,0
24978,1,0,0,0,0
24979,1,0,0,0,0
24980,1,0,0,0,0
24981,1,0,0,0,0
24982,1,0,0,0,0
24983,1,0,0,0,0
24984,1,0,0,0,0
24985,1,0,0,0,0
24986,1,0,0,0,0
24987,1,0,0,0,0
24988,1,0,0,0,0
24989,1,0,0,0,0
24990,1,0,0,0,0
24991,1,0,0,0,0
24992,1,0,0,0,0
24993,1,0,0,0,0
24994,1,0,0,0,0
24995,1,0,0,0,0
24996,1,0,0,0,0
24997,1,0,0,0,0
24998,1,0,0,0,0
24999,1,0,0,0,0
25000,1,0,0,0,0
25001,1,0,0,0,0
25002,1,0,0,0,0
25003,1,0,0,0,0
25004,1,0,0,0,0
25005,1,0,0,0,0
25006,1,0,0,0,0
25007,1,0,0,0,0
25008,1,0,0,0,0
25009,1,0,0,0,0
25010,1,0,0,0,0
25011,1,0,0,0,0
25012,1,0,0,0,0
25013,1,0,0,0,0
25014,1,0,0,0,0
25015,1,0,0,0,0
25016,1,0,0,0,0
25017,1,0,0,0,0
25018,1,0,0,0,0
25019,1,0,0,0,0
25020,1,0,0,0,0
25021,1,0,0,0,0
25022,1,0,0,0,0
25023,1,0,0,0,0
25024,1,0,0,0,0
25025,1,0,0,0,0
25026,1,0,0,0,0
25027,1,0,0,0,0
25028,1,0,0,0,0
25029,1,0,0,0,0
25030,1,0,0,0,0
25031,1,0,0,0,0
25032,1,0,0,0,0
25033,1,0,0,0,0
25034,1,0,0,0,0
25035,1,0,0,0,0
25036,1,0,0,0,0
25037,1,0,0,0,0
25038,1,0,0,0,0
25039,1,0,0,0,0
25040,1,0,0,0,0
25041,1,0,0,0,0
25042,1,0,0,0,0
25043,1,0,0,0,0
25044,1,0,0,0,0
25045,1,0,0,0,0
25046,1,0,0,0,0
25047,1,0,0,0,0
25048,1,0,0,0,0
25049,1,0,0,0,0
25050,1,0,0,0,0
25051,1,0,0,0,0
25052,1,0,0,0,0
25053,1,0,0,0,0
25054,1,0,0,0,0
25055,1,0,0,0,0
25056,1,0,0,0,0
25057,1,0,0,0,0
25058,1,0,0,0,0
25059,1,0,0,0,0
25060,1,0,0,0,0
25061,1,0,0,0,0
25062,1,0,0,0,0
25063,1,0,0,0,0
25064,1,0,0,0,0
25065,1,0,0,0,0
25066,1,0,0,0,0
25067,1,0,0,0,0
25068,1,0,0,0,0
25069,1,0,0,0,0
25070,1,0,0,0,0
25071,1,0,0,0,0
25072,1,0,0,0,0
25073,1,0,0,0,0
25074,1,0,0,0,0
25075,1,0,0,0,0
25076,1,0,0,0,0
25077,1,0,0,0,0
25078,1,0,0,0,0
25079,1,0,0,0,0
25080,1,0,0,0,0
25081,1,0,0,0,0
25082,1,0,0,0,0
25083,1,0,0,0,0
25084,1,0,0,0,0
25085,1,0,0,0,0
25086,1,0,0,0,0
25087,1,0,0,0,0
25088,1,0,0,0,0
25089,1,0,0,0,0
25090,1,0,0,0,0
25091,1,0,0,0,0
25092,1,0,0,0,0
25093,1,0,0,0,0
25094,0,0,0,0,1
25095,0,0,0,0,1
25096,0,0,0,0,1
25097,0,0,0,0,1
25098,0,0,0,0,1
25099,0,0,0,0,1
25100,0,0,0,0,1
25101,0,0,0,0,1
25102,0,0,0,0,1
25103,0,0,0,0,1
25104,0,0,0,0,1
25105,0,0,0,0,1
25106,0,0,0,0,1
25107,0,0,0,0,1
25108,0,0,0,0,1
25109,0,0,0,0,1
25110,0,0,0,0,1
25111,0,0,0,0,1
25112,0,0,0,0,1
25113,0,0,0,0,1
25114,0,0,0,0,1
25115,0,0,0,0,1
25116,0,0,0,0,1
25117,0,0,0,0,1
25118,0,0,0,0,1
25119,0,0,0,0,1
25120,0,0,0,0,1
25121,0,0,0,0,1
25122,0,0,0,0,1
25123,0,0,0,0,1
25124,0,0,0,0,1
25125,0,0,0,0,1
25126,0,0,0,0,1
25127,0,0,0,0,1
25128,0,0,0,0,1
25129,0,0,0,0,1
25130,0,0,0,0,1
25131,0,0,0,0,1
25132,0,0,0,0,1
25133,0,0,0,0,1
25134,0,0,0,0,1
25135,0,0,0,0,1
25136,0,0,0,0,1
25137,0,0,0,0,1
25138,0,0,0,0,1
25139,0,0,0,0,1
25140,0,0,0,0,1
25141,0,0,0,0,1
25142,0,0,0,0,1
25143,0,0,0,0,1
25144,0,0,0,0,1
25145,0,0,0,0,1
25146,0,0,0,0,1
25147,0,0,0,0,1
25148,0,0,0,0,1
25149,0,0,0,0,1
25150,0,0,0,0,1
25151,0,0,0,0,1
25152,0,0,0,0,1
25153,0,0,0,0,1
25154,0,0,0,0,1
25155,0,0,0,0,1
25156,0,0,0,0,1
25157,0,0,0,0,1
25158,0,0,0,0,1
25159,0,0,0,0,1
25160,0,0,0,0,1
25161,0,0,0,0,1
25162,0,0,0,0,1
25163,0,0,0,0,1
25164,0,0,0,0,1
25165,0,0,0,0,1
25166,0,0,0,0,1
25167,0,0,0,0,1
25168,0,0,0,0,1
25169,0,0,0,0,1
25170,0,0,0,0,1
25171,0,0,0,0,1
25172,0,0,0,0,1
25173,0,0,0,0,1
25174,0,0,0,0,1
25175,0,0,0,0,1
25176,0,0,0,0,1
25177,0,0,0,0,1
25178,0,0,0,0,1
25179,0,0,0,0,1
25180,0,0,0,0,1
25181,0,0,0,0,1
25182,0,0,0,0,1
25183,0,0,0,0,1
25184,0,0,0,0,1
25185,0,0,0,0,1
25186,0,0,0,0,1
25187,0,0,0,0,1
25188,0,0,0,0,1
25189,0,0,0,0,1
25190,0,0,0,0,1
25191,0,0,0,0,1
25192,0,0,0,0,1
25193,0,0,0,0,1
25194,0,0,0,0,1
25195,0,0,0,0,1
25196,0,0,0,0,1
25197,0,0,0,0,1
25198,0,0,0,0,1
25199,0,0,0,0,1
25200,0,0,0,0,1
25201,0,0,0,0,1
25202,0,0,0,0,1
25203,0,0,0,0,1
25204,0,0,0,0,1
25205,0,0,0,0,1
25206,0,0,0,0,1
25207,0,0,0,0,1
25208,0,0,0,0,1
25209,0,0,0,0,1
25210,0,0,0,0,1
25211,0,0,0,0,1
25212,0,0,0,0,1
25213,0,0,0,0,1
25214,0,0,0,0,1
25215,0,0,0,0,1
25216,0,0,0,0,1
25217,0,0,0,0,1
25218,0,0,0,0,1
25219,0,0,0,0,1
25220,0,0,0,0,1
25221,0,0,0,0,1
25222,0,0,0,0,1
25223,0,0,0,0,1
25224,0,0,0,0,1
25225,0,0,0,0,1
25226,0,0,0,0,1
25227,0,0,0,0,1
25228,0,0,0,0,1
25229,0,0,0,0,1
25230,0,0,0,0,1
25231,0,0,0,0,1
25232,0,0,0,0,1
25233,0,0,0,0,1
25234,0,0,0,0,1
25235,0,0,0,0,1
25236,0,0,0,0,1
25237,0,0,0,0,1
25238,0,0,0,0,1
25239,0,0,0,0,1
25240,0,0,0,0,1
25241,0,0,0,0,1
25242,0,0,0,0,1
25243,0,0,0,0,1
25244,0,0,0,0,1
25245,0,0,0,0,1
25246,0,0,0,0,1
25247,0,0,0,0,1
25248,0,0,0,0,1
25249,0,0,0,0,1
25250,0,0,0,0,1
25251,0,0,0,0,1
25252,0,0,0,0,1
25253,0,0,0,0,1
25254,0,0,0,0,1
25255,0,0,0,0,1
25256,0,0,1,0,0
25257,0,0,1,0,0
25258,0,0,1,0,0
25259,0,0,1,0,0
25260,0,0,1,0,0
25261,0,0,1,0,0
25262,0,0,1,0,0
25263,0,0,1,0,0
25264,0,0,1,0,0
25265,0,0,1,0,0
25266,0,0,1,0,0
25267,0,0,1,0,0
25268,0,0,1,0,0
25269,0,0,1,0,0
25270,0,0,1,0,0
25271,0,0,1,0,0
25272,0,0,1,0,0
25273,0,0,1,0,0
25274,0,0,0,0,1
25275,0,0,0,0,1
25276,0,0,0,0,1
25277,0,0,0,0,1
25278,0,0,0,0,1
25279,1,0,0,0,0
25280,1,0,0,0,0
25281,1,0,0,0,0
25282,1,0,0,0,0
25283,1,0,0,0,0
25284,1,0,0,0,0
25285,1,0,0,0,0
25286,1,0,0,0,0
25287,1,0,0,0,0
25288,1,0,0,0,0
25289,1,0,0,0,0
25290,1,0,0,0,0
25291,1,0,0,0,0
25292,1,0,0,0,0
25293,1,0,0,0,0
25294,1,0,0,0,0
25295,1,0,0,0,0
25296,1,0,0,0,0
25297,1,0,0,0,0
25298,1,0,0,0,0
25299,1,0,0,0,0
25300,1,0,0,0,0
25301,1,0,0,0,0
25302,1,0,0,0,0
25303,1,0,0,0,0
25304,1,0,0,0,0
25305,1,0,0,0,0
25306,1,0,0,0,0
25307,1,0,0,0,0
25308,1,0,0,0,0
25309,1,0,0,0,0
25310,1,0,0,0,0
25311,1,0,0,0,0
25312,1,0,0,0,0
25313,1,0,0,0,0
25314,1,0,0,0,0
25315,1,0,0,0,0
25316,1,0,0,0,0
25317,1,0,0,0,0
25318,1,0,0,0,0
25319,1,0,0,0,0
25320,1,0,0,0,0
25321,1,0,0,0,0
25322,1,0,0,0,0
25323,1,0,0,0,0
25324,1,0,0,0,0
25325,1,0,0,0,0
25326,1,0,0,0,0
25327,1,0,0,0,0
25328,1,0,0,0,0
25329,1,0,0,0,0
25330,1,0,0,0,0
25331,1,0,0,0,0
25332,1,0,0,0,0
25333,1,0,0,0,0
25334,1,0,0,0,0
25335,1,0,0,0,0
25336,1,0,0,0,0
25337,1,0,0,0,0
25338,1,0,0,0,0
25339,1,0,0,0,0
25340,1,0,0,0,0
25341,1,0,0,0,0
25342,1,0,0,0,0
25343,1,0,0,0,0
25344,1,0,0,0,0
25345,1,0,0,0,0
25346,1,0,0,0,0
25347,1,0,0,0,0
25348,1,0,0,0,0
25349,1,0,0,0,0
25350,1,0,0,0,0
25351,1,0,0,0,0
25352,1,0,0,0,0
25353,1,0,0,0,0
25354,1,0,0,0,0
25355,1,0,0,0,0
25356,1,0,0,0,0
25357,1,0,0,0,0
25358,1,0,0,0,0
25359,1,0,0,0,0
25360,1,0,0,0,0
25361,1,0,0,0,0
25362,1,0,0,0,0
25363,1,0,0,0,0
25364,1,0,0,0,0
25365,1,0,0,0,0
25366,1,0,0,0,0
25367,1,0,0,0,0
25368,1,0,0,0,0
25369,1,0,0,0,0
25370,1,0,0,0,0
25371,1,0,0,0,0
25372,1,0,0,0,0
25373,1,0,0,0,0
25374,1,0,0,0,0
25375,1,0,0,0,0
25376,1,0,0,0,0
25377,1,0,0,0,0
25378,1,0,0,0,0
25379,1,0,0,0,0
25380,1,0,0,0,0
25381,1,0,0,0,0
25382,1,0,0,0,0
25383,1,0,0,0,0
25384,1,0,0,0,0
25385,1,0,0,0,0
25386,1,0,0,0,0
25387,1,0,0,0,0
25388,1,0,0,0,0
25389,1,0,0,0,0
25390,1,0,0,0,0
25391,1,0,0,0,0
25392,1,0,0,0,0
25393,1,0,0,0,0
25394,1,0,0,0,0
25395,1,0,0,0,0
25396,1,0,0,0,0
25397,1,0,0,0,0
25398,1,0,0,0,0
25399,1,0,0,0,0
25400,1,0,0,0,0
25401,1,0,0,0,0
25402,1,0,0,0,0
25403,1,0,0,0,0
25404,1,0,0,0,0
25405,1,0,0,0,0
25406,1,0,0,0,0
25407,1,0,0,0,0
25408,1,0,0,0,0
25409,1,0,0,0,0
25410,1,0,0,0,0
25411,1,0,0,0,0
25412,1,0,0,0,0
25413,1,0,0,0,0
25414,1,0,0,0,0
25415,1,0,0,0,0
25416,1,0,0,0,0
25417,1,0,0,0,0
25418,1,0,0,0,0
25419,1,0,0,0,0
25420,1,0,0,0,0
25421,1,0,0,0,0
25422,1,0,0,0,0
25423,1,0,0,0,0
25424,1,0,0,0,0
25425,1,0,0,0,0
25426,1,0,0,0,0
25427,1,0,0,0,0
25428,1,0,0,0,0
25429,1,0,0,0,0
25430,1,0,0,0,0
25431,1,0,0,0,0
25432,1,0,0,0,0
25433,1,0,0,0,0
25434,1,0,0,0,0
25435,1,0,0,0,0
25436,1,0,0,0,0
25437,1,0,0,0,0
25438,1,0,0,0,0
25439,1,0,0,0,0
25440,1,0,0,0,0
25441,1,0,0,0,0
25442,1,0,0,0,0
25443,1,0,0,0,0
25444,1,0,0,0,0
25445,1,0,0,0,0
25446,1,0,0,0,0
25447,1,0,0,0,0
25448,1,0,0,0,0
25449,1,0,0,0,0
25450,1,0,0,0,0
25451,1,0,0,0,0
25452,1,0,0,0,0
25453,1,0,0,0,0
25454,1,0,0,0,0
25455,1,0,0,0,0
25456,1,0,0,0,0
25457,1,0,0,0,0
25458,1,0,0,0,0
25459,1,0,0,0,0
25460,1,0,0,0,0
25461,1,0,0,0,0
25462,1,0,0,0,0
25463,1,0,0,0,0
25464,1,0,0,0,0
25465,1,0,0,0,0
25466,1,0,0,0,0
25467,1,0,0,0,0
25468,1,0,0,0,0
25469,1,0,0,0,0
25470,1,0,0,0,0
25471,1,0,0,0,0
25472,1,0,0,0,0
25473,1,0,0,0,0
25474,1,0,0,0,0
25475,1,0,0,0,0
25476,1,0,0,0,0
25477,1,0,0,0,0
25478,1,0,0,0,0
25479,1,0,0,0,0
25480,1,0,0,0,0
25481,0,0,0,0,1
25482,0,0,0,0,1
25483,0,0,0,0,1
25484,0,0,0,0,1
25485,0,0,0,0,1
25486,0,0,0,0,1
25487,0,0,0,0,1
25488,0,0,0,0,1
25489,0,0,0,0,1
25490,0,0,0,0,1
25491,0,0,0,0,1
25492,0,0,0,0,1
25493,0,0,0,0,1
25494,0,0,0,0,1
25495,0,0,0,0,1
25496,0,0,0,0,1
25497,0,0,0,0,1
25498,0,0,0,0,1
25499,0,0,0,0,1
25500,0,0,0,0,1
25501,0,0,0,0,1
25502,0,0,0,0,1
25503,0,0,1,0,0
25504,0,0,1,0,0
25505,0,0,1,0,0
25506,0,0,1,0,0
25507,0,0,1,0,0
25508,0,0,1,0,0
25509,0,0,1,0,0
25510,0,0,1,0,0
25511,0,0,1,0,0
25512,0,0,1,0,0
25513,0,0,1,0,0
25514,0,0,1,0,0
25515,0,0,1,0,0
25516,0,0,1,0,0
25517,0,0,1,0,0
25518,0,0,1,0,0
25519,0,0,1,0,0
25520,0,0,1,0,0
25521,0,0,1,0,0
25522,0,0,1,0,0
25523,0,0,1,0,0
25524,0,0,1,0,0
25525,0,0,1,0,0
25526,0,0,1,0,0
25527,0,0,1,0,0
25528,0,0,1,0,0
25529,0,0,1,0,0
25530,0,0,1,0,0
25531,0,0,1,0,0
25532,0,0,1,0,0
25533,0,0,1,0,0
25534,0,0,1,0,0
25535,0,0,1,0,0
25536,0,0,1,0,0
25537,0,0,1,0,0
25538,0,0,1,0,0
25539,0,0,1,0,0
25540,0,0,1,0,0
25541,0,0,1,0,0
25542,0,0,1,0,0
25543,0,0,1,0,0
25544,0,0,1,0,0
25545,0,0,1,0,0
25546,0,0,1,0,0
25547,0,0,1,0,0
25548,0,0,1,0,0
25549,0,0,1,0,0
25550,0,0,1,0,0
25551,0,0,1,0,0
25552,0,0,1,0,0
25553,0,0,1,0,0
25554,0,0,1,0,0
25555,0,0,1,0,0
25556,0,0,1,0,0
25557,0,0,1,0,0
25558,0,0,1,0,0
25559,0,0,1,0,0
25560,0,0,1,0,0
25561,0,0,1,0,0
25562,0,0,1,0,0
25563,0,0,1,0,0
25564,0,0,1,0,0
25565,0,0,1,0,0
25566,0,0,1,0,0
25567,0,0,1,0,0
25568,0,0,1,0,0
25569,0,0,1,0,0
25570,0,0,1,0,0
25571,0,0,1,0,0
25572,0,0,1,0,0
25573,0,0,1,0,0
25574,0,0,0,0,1
25575,0,0,0,0,1
25576,0,0,0,0,1
25577,0,0,0,0,1
25578,0,0,0,0,1
25579,0,0,0,0,1
25580,0,0,0,0,1
25581,0,0,0,0,1
25582,0,0,0,0,1
25583,0,0,0,0,1
25584,0,0,0,0,1
25585,0,0,0,0,1
25586,0,0,0,0,1
25587,0,0,0,0,1
25588,0,0,0,0,1
25589,0,0,0,0,1
25590,0,0,0,0,1
25591,0,0,0,0,1
25592,0,0,0,0,1
25593,0,0,0,0,1
25594,0,0,0,0,1
25595,0,0,0,0,1
25596,0,0,0,0,1
25597,0,0,0,0,1
25598,0,0,0,0,1
25599,0,0,0,0,1
25600,0,0,0,0,1
25601,0,0,0,0,1
25602,0,0,0,0,1
25603,0,0,0,0,1
25604,0,0,0,0,1
25605,0,0,0,0,1
25606,0,0,0,0,1
25607,1,0,0,0,0
25608,1,0,0,0,0
25609,1,0,0,0,0
25610,1,0,0,0,0
25611,1,0,0,0,0
25612,1,0,0,0,0
25613,1,0,0,0,0
25614,1,0,0,0,0
25615,1,0,0,0,0
25616,1,0,0,0,0
25617,1,0,0,0,0
25618,1,0,0,0,0
25619,1,0,0,0,0
25620,1,0,0,0,0
25621,1,0,0,0,0
25622,1,0,0,0,0
25623,0,0,0,0,1
25624,0,0,0,0,1
25625,0,0,0,0,1
25626,0,0,0,0,1
25627,0,0,0,0,1
25628,0,0,0,0,1
25629,0,0,0,0,1
25630,0,0,0,0,1
25631,0,0,0,0,1
25632,0,0,0,0,1
25633,0,0,0,0,1
25634,0,0,0,0,1
25635,0,0,0,0,1
25636,0,0,0,0,1
25637,0,0,0,0,1
25638,0,0,0,0,1
25639,0,0,0,0,1
25640,0,0,0,0,1
25641,0,0,0,0,1
25642,0,0,0,0,1
25643,0,0,0,0,1
25644,0,0,0,0,1
25645,0,0,0,0,1
25646,0,0,0,0,1
25647,0,0,0,0,1
25648,0,0,0,0,1
25649,0,0,0,0,1
25650,0,0,0,0,1
25651,0,0,0,0,1
25652,0,0,0,0,1
25653,0,0,0,0,1
25654,0,0,0,0,1
25655,0,0,0,0,1
25656,0,0,0,0,1
25657,0,0,0,0,1
25658,0,0,0,0,1
25659,0,0,0,0,1
25660,0,0,0,0,1
25661,0,0,0,0,1
25662,0,0,0,0,1
25663,0,0,0,0,1
25664,0,0,0,0,1
25665,0,0,0,0,1
25666,0,0,0,0,1
25667,0,0,0,0,1
25668,0,0,0,0,1
25669,0,0,0,0,1
25670,0,0,0,0,1
25671,0,0,0,0,1
25672,0,0,0,0,1
25673,0,0,0,0,1
25674,0,0,0,0,1
25675,0,0,0,0,1
25676,0,0,0,0,1
25677,0,0,0,0,1
25678,0,0,0,0,1
25679,0,0,0,0,1
25680,0,0,0,0,1
25681,0,0,0,0,1
25682,0,0,0,0,1
25683,0,0,0,0,1
25684,0,0,0,0,1
25685,0,0,0,0,1
25686,0,0,0,0,1
25687,0,0,0,0,1
25688,0,0,0,0,1
25689,0,0,0,0,1
25690,0,0,0,0,1
25691,0,0,0,0,1
25692,0,0,0,0,1
25693,0,0,0,0,1
25694,0,0,0,0,1
25695,0,0,0,0,1
25696,0,0,0,0,1
25697,0,0,0,0,1
25698,0,0,0,0,1
25699,0,0,0,0,1
25700,0,0,0,0,1
25701,0,0,0,0,1
25702,0,0,0,0,1
25703,0,0,0,0,1
25704,0,0,0,0,1
25705,0,0,0,0,1
25706,0,0,0,0,1
25707,0,0,0,0,1
25708,0,0,0,0,1
25709,0,0,0,0,1
25710,0,0,0,0,1
25711,0,0,0,0,1
25712,0,0,0,0,1
25713,0,0,0,0,1
25714,0,0,0,0,1
25715,0,0,0,0,1
25716,0,0,0,0,1
25717,0,0,0,0,1
25718,0,0,0,0,1
25719,0,0,0,0,1
25720,0,0,0,0,1
25721,0,0,0,0,1
25722,0,0,0,0,1
25723,0,0,0,0,1
25724,0,0,0,0,1
25725,0,0,0,0,1
25726,0,0,0,0,1
25727,0,0,0,0,1
25728,0,0,0,0,1
25729,0,0,0,0,1
25730,0,0,0,0,1
25731,0,0,0,0,1
25732,0,0,0,0,1
25733,0,0,0,0,1
25734,0,0,0,0,1
25735,0,0,0,0,1
25736,0,0,0,0,1
25737,0,0,0,0,1
25738,0,0,0,0,1
25739,0,0,0,0,1
25740,0,0,0,0,1
25741,1,0,0,0,0
25742,1,0,0,0,0
25743,1,0,0,0,0
25744,1,0,0,0,0
25745,1,0,0,0,0
25746,1,0,0,0,0
25747,1,0,0,0,0
25748,1,0,0,0,0
25749,1,0,0,0,0
25750,1,0,0,0,0
25751,1,0,0,0,0
25752,1,0,0,0,0
25753,1,0,0,0,0
25754,1,0,0,0,0
25755,1,0,0,0,0
25756,1,0,0,0,0
25757,1,0,0,0,0
25758,1,0,0,0,0
25759,1,0,0,0,0
25760,1,0,0,0,0
25761,1,0,0,0,0
25762,1,0,0,0,0
25763,1,0,0,0,0
25764,1,0,0,0,0
25765,1,0,0,0,0
25766,1,0,0,0,0
25767,1,0,0,0,0
25768,0,0,0,0,1
25769,0,0,0,0,1
25770,0,0,0,0,1
25771,0,0,0,0,1
25772,0,0,0,0,1
25773,0,0,0,0,1
25774,0,0,0,0,1
25775,0,0,0,0,1
25776,0,0,0,0,1
25777,0,0,0,0,1
25778,0,0,0,0,1
25779,0,0,0,0,1
25780,0,0,0,0,1
25781,0,0,0,0,1
25782,0,0,0,0,1
25783,0,0,0,0,1
25784,0,0,0,0,1
25785,0,0,0,0,1
25786,0,0,0,0,1
25787,0,0,0,0,1
25788,0,0,0,0,1
25789,0,0,0,0,1
25790,0,0,0,0,1
25791,0,0,0,0,1
25792,0,0,0,0,1
25793,0,0,0,0,1
25794,0,0,0,0,1
25795,0,0,0,0,1
25796,0,0,0,0,1
25797,0,0,0,0,1
25798,0,0,0,0,1
25799,0,0,0,0,1
25800,0,0,0,0,1
25801,0,0,0,0,1
25802,0,0,0,0,1
25803,0,0,0,0,1
25804,0,0,0,0,1
25805,0,0,0,0,1
25806,0,0,0,0,1
25807,0,0,0,0,1
25808,0,0,0,0,1
25809,0,0,0,0,1
25810,0,0,0,0,1
25811,0,0,0,0,1
25812,0,0,0,0,1
25813,0,0,0,0,1
25814,0,0,0,0,1
25815,0,0,0,0,1
25816,0,0,0,0,1
25817,0,0,0,0,1
25818,0,0,0,0,1
25819,0,0,0,0,1
25820,0,0,0,0,1
25821,0,0,0,0,1
25822,0,0,0,0,1
25823,0,0,0,0,1
25824,0,0,0,0,1
25825,0,0,0,0,1
25826,0,0,0,0,1
25827,0,0,0,0,1
25828,0,0,0,0,1
25829,0,0,0,0,1
25830,0,0,0,0,1
25831,0,0,0,0,1
25832,0,0,0,0,1
25833,0,0,0,0,1
25834,0,0,0,0,1
25835,0,0,0,0,1
25836,0,0,0,0,1
25837,0,0,0,0,1
25838,0,0,0,0,1
25839,0,0,0,0,1
25840,0,0,0,0,1
25841,0,0,0,0,1
25842,0,0,0,0,1
25843,0,0,0,0,1
25844,0,0,0,0,1
25845,0,0,0,0,1
25846,0,0,0,0,1
25847,0,0,0,0,1
25848,0,0,0,0,1
25849,0,0,0,0,1
25850,0,0,0,0,1
25851,0,0,0,0,1
25852,0,0,0,0,1
25853,0,0,0,0,1
25854,0,0,0,0,1
25855,0,0,0,0,1
25856,0,0,0,0,1
25857,0,0,0,0,1
25858,0,0,0,0,1
25859,0,0,0,0,1
25860,0,0,0,0,1
25861,0,0,0,0,1
25862,0,0,0,0,1
25863,0,0,0,0,1
25864,0,0,0,0,1
25865,0,0,0,0,1
25866,0,0,0,0,1
25867,0,0,0,0,1
25868,0,0,0,0,1
25869,0,0,0,0,1
25870,0,0,0,0,1
25871,0,0,0,0,1
25872,0,0,0,0,1
25873,0,0,0,0,1
25874,0,0,0,0,1
25875,0,0,0,0,1
25876,0,0,0,0,1
25877,0,0,0,0,1
25878,0,0,0,0,1
25879,0,0,0,0,1
25880,0,0,0,0,1
25881,0,0,0,0,1
25882,0,0,0,0,1
25883,0,0,0,0,1
25884,0,0,0,0,1
25885,0,0,0,0,1
25886,0,0,0,0,1
25887,0,0,0,0,1
25888,0,0,0,0,1
25889,0,0,0,0,1
25890,0,0,0,0,1
25891,0,0,0,0,1
25892,0,0,0,0,1
25893,0,0,0,0,1
25894,0,0,0,0,1
25895,0,0,0,0,1
25896,0,0,0,0,1
25897,0,0,0,0,1
25898,0,0,0,0,1
25899,0,0,0,0,1
25900,0,0,0,0,1
25901,0,0,0,0,1
25902,0,0,0,0,1
25903,0,0,0,0,1
25904,0,0,0,0,1
25905,0,0,0,0,1
25906,0,0,0,0,1
25907,0,0,0,0,1
25908,0,0,0,0,1
25909,0,0,0,0,1
25910,0,1,0,0,0
25911,0,1,0,0,0
25912,0,1,0,0,0
25913,0,1,0,0,0
25914,0,1,0,0,0
25915,0,1,0,0,0
25916,0,1,0,0,0
25917,0,1,0,0,0
25918,0,1,0,0,0
25919,0,1,0,0,0
25920,0,1,0,0,0
25921,0,1,0,0,0
25922,0,1,0,0,0
25923,0,1,0,0,0
25924,0,1,0,0,0
25925,0,1,0,0,0
25926,0,1,0,0,0
25927,0,1,0,0,0
25928,0,1,0,0,0
25929,0,1,0,0,0
25930,0,1,0,0,0
25931,0,1,0,0,0
25932,0,1,0,0,0
25933,0,1,0,0,0
25934,0,1,0,0,0
25935,0,1,0,0,0
25936,0,1,0,0,0
25937,0,1,0,0,0
25938,0,1,0,0,0
25939,0,1,0,0,0
25940,0,1,0,0,0
25941,0,1,0,0,0
25942,0,1,0,0,0
25943,0,1,0,0,0
25944,0,1,0,0,0
25945,0,1,0,0,0
25946,0,1,0,0,0
25947,0,1,0,0,0
25948,0,1,0,0,0
25949,0,1,0,0,0
25950,0,1,0,0,0
25951,0,1,0,0,0
25952,0,1,0,0,0
25953,0,1,0,0,0
25954,0,1,0,0,0
25955,0,1,0,0,0
25956,0,1,0,0,0
25957,0,1,0,0,0
25958,0,1,0,0,0
25959,0,1,0,0,0
25960,0,1,0,0,0
25961,0,1,0,0,0
25962,0,1,0,0,0
25963,0,1,0,0,0
25964,0,1,0,0,0
25965,0,1,0,0,0
25966,0,1,0,0,0
25967,0,1,0,0,0
25968,0,1,0,0,0
25969,0,1,0,0,0
25970,0,1,0,0,0
25971,0,1,0,0,0
25972,0,1,0,0,0
25973,0,1,0,0,0
25974,0,1,0,0,0
25975,0,1,0,0,0
25976,0,1,0,0,0
25977,0,1,0,0,0
25978,0,1,0,0,0
25979,0,1,0,0,0
25980,0,1,0,0,0
25981,0,1,0,0,0
25982,0,1,0,0,0
25983,0,1,0,0,0
25984,0,1,0,0,0
25985,0,1,0,0,0
25986,0,1,0,0,0
25987,0,1,0,0,0
25988,0,1,0,0,0
25989,0,1,0,0,0
25990,0,1,0,0,0
25991,0,1,0,0,0
25992,0,1,0,0,0
25993,0,1,0,0,0
25994,0,1,0,0,0
25995,0,1,0,0,0
25996,0,1,0,0,0
25997,0,1,0,0,0
25998,0,1,0,0,0
25999,0,0,1,0,0
26000,0,0,1,0,0
26001,0,0,1,0,0
26002,0,0,1,0,0
26003,0,0,1,0,0
26004,0,0,0,0,1
26005,0,0,0,0,1
26006,0,0,0,0,1
26007,0,0,0,0,1
26008,0,0,0,0,1
26009,0,0,0,0,1
26010,0,0,0,0,1
26011,0,0,0,0,1
26012,0,0,0,0,1
26013,0,0,0,0,1
26014,0,0,0,0,1
26015,0,0,0,0,1
26016,0,0,0,0,1
26017,0,0,0,0,1
26018,0,0,0,0,1
26019,0,0,0,0,1
26020,0,0,0,0,1
26021,0,0,0,0,1
26022,0,0,0,0,1
26023,0,0,0,0,1
26024,0,0,0,0,1
26025,0,0,0,0,1
26026,0,0,0,0,1
26027,0,0,0,0,1
26028,0,0,0,0,1
26029,0,0,0,0,1
26030,0,0,0,0,1
26031,0,0,0,0,1
26032,0,0,0,0,1
26033,0,0,0,0,1
26034,0,0,0,0,1
26035,0,0,0,0,1
26036,0,0,0,0,1
26037,0,0,0,0,1
26038,0,0,0,0,1
26039,0,0,0,0,1
26040,0,0,0,0,1
26041,0,0,0,0,1
26042,0,0,0,0,1
26043,0,0,0,0,1
26044,0,0,0,0,1
26045,0,0,0,0,1
26046,0,0,0,0,1
26047,0,0,0,0,1
26048,0,0,0,0,1
26049,0,0,0,0,1
26050,0,0,0,0,1
26051,0,0,0,0,1
26052,0,0,0,0,1
26053,0,0,0,0,1
26054,0,0,0,0,1
26055,0,0,0,0,1
26056,0,0,0,0,1
26057,0,0,0,0,1
26058,0,0,0,0,1
26059,0,0,0,0,1
26060,0,0,0,0,1
26061,0,0,0,0,1
26062,0,0,0,0,1
26063,0,0,0,0,1
26064,0,0,0,0,1
26065,0,0,0,0,1
26066,0,0,0,0,1
26067,0,0,0,0,1
26068,0,0,0,0,1
26069,0,0,0,0,1
26070,0,0,0,0,1
26071,0,0,0,0,1
26072,0,0,0,0,1
26073,0,0,0,0,1
26074,0,0,0,0,1
26075,0,0,0,0,1
26076,0,0,0,0,1
26077,0,0,0,0,1
26078,0,0,0,0,1
26079,0,0,0,0,1
26080,0,0,0,0,1
26081,0,0,0,0,1
26082,0,0,0,0,1
26083,0,0,0,0,1
26084,0,0,0,0,1
26085,0,0,0,0,1
26086,0,0,0,0,1
26087,0,0,0,0,1
26088,0,0,0,0,1
26089,0,0,0,0,1
26090,0,0,0,0,1
26091,0,0,0,0,1
26092,0,0,0,0,1
26093,0,0,0,0,1
26094,0,0,0,0,1
26095,0,0,0,0,1
26096,0,0,0,0,1
26097,0,0,0,0,1
26098,0,0,0,0,1
26099,0,0,0,0,1
26100,0,0,0,0,1
26101,0,0,0,0,1
26102,0,0,0,0,1
26103,0,0,0,0,1
26104,0,0,0,0,1
26105,0,0,0,0,1
26106,0,0,0,0,1
26107,0,0,0,0,1
26108,0,0,0,0,1
26109,0,0,0,0,1
26110,0,0,0,0,1
26111,0,0,0,0,1
26112,0,0,0,0,1
26113,0,0,0,0,1
26114,0,0,0,0,1
26115,0,0,0,0,1
26116,0,0,0,0,1
26117,0,0,0,0,1
26118,0,0,0,0,1
26119,0,0,0,0,1
26120,0,0,0,0,1
26121,0,0,0,0,1
26122,0,0,0,0,1
26123,0,0,0,0,1
26124,0,0,0,0,1
26125,0,0,0,0,1
26126,0,0,0,0,1
26127,0,0,0,0,1
26128,0,0,0,0,1
26129,0,0,0,0,1
26130,0,0,0,0,1
26131,0,0,0,0,1
26132,0,0,0,0,1
26133,0,0,0,0,1
26134,0,0,0,0,1
26135,0,0,0,0,1
26136,0,0,0,0,1
26137,0,0,0,0,1
26138,0,0,0,0,1
26139,0,0,0,0,1
26140,0,0,0,0,1
26141,0,0,0,0,1
26142,0,0,0,0,1
26143,0,0,0,0,1
26144,0,0,0,0,1
26145,0,0,0,0,1
26146,0,0,0,0,1
26147,0,0,0,0,1
26148,0,0,0,0,1
26149,0,0,0,0,1
26150,0,0,0,0,1
26151,0,0,0,0,1
26152,0,0,0,0,1
26153,0,0,0,0,1
26154,0,0,0,0,1
26155,0,0,0,0,1
26156,0,0,0,0,1
26157,0,0,0,0,1
26158,0,0,0,0,1
26159,0,0,0,0,1
26160,0,0,0,0,1
26161,0,0,0,0,1
26162,0,0,0,0,1
26163,0,0,0,0,1
26164,0,0,0,0,1
26165,0,0,0,0,1
26166,0,0,0,0,1
26167,0,0,0,0,1
26168,0,0,0,0,1
26169,0,0,0,0,1
26170,0,0,0,0,1
26171,1,0,0,0,0
26172,1,0,0,0,0
26173,1,0,0,0,0
26174,1,0,0,0,0
26175,1,0,0,0,0
26176,1,0,0,0,0
26177,1,0,0,0,0
26178,1,0,0,0,0
26179,1,0,0,0,0
26180,1,0,0,0,0
26181,1,0,0,0,0
26182,1,0,0,0,0
26183,1,0,0,0,0
26184,1,0,0,0,0
26185,1,0,0,0,0
26186,1,0,0,0,0
26187,1,0,0,0,0
26188,1,0,0,0,0
26189,1,0,0,0,0
26190,1,0,0,0,0
26191,1,0,0,0,0
26192,1,0,0,0,0
26193,1,0,0,0,0
26194,1,0,0,0,0
26195,1,0,0,0,0
26196,1,0,0,0,0
26197,1,0,0,0,0
26198,1,0,0,0,0
26199,1,0,0,0,0
26200,1,0,0,0,0
26201,1,0,0,0,0
26202,1,0,0,0,0
26203,1,0,0,0,0
26204,1,0,0,0,0
26205,1,0,0,0,0
26206,1,0,0,0,0
26207,1,0,0,0,0
26208,1,0,0,0,0
26209,1,0,0,0,0
26210,1,0,0,0,0
26211,0,0,0,0,1
26212,0,0,0,0,1
26213,0,0,0,0,1
26214,0,0,0,0,1
26215,0,0,0,0,1
26216,0,0,0,0,1
26217,0,0,0,0,1
26218,0,0,0,0,1
26219,0,0,0,0,1
26220,0,0,0,0,1
26221,0,0,0,0,1
26222,0,0,0,0,1
26223,0,0,0,0,1
26224,0,0,0,0,1
26225,0,0,0,0,1
26226,0,0,0,0,1
26227,0,0,0,0,1
26228,0,0,0,0,1
26229,0,0,0,0,1
26230,0,0,0,0,1
26231,0,0,0,0,1
26232,0,0,0,0,1
26233,0,0,0,0,1
26234,0,0,0,0,1
26235,0,0,0,0,1
26236,0,0,0,0,1
26237,0,0,0,0,1
26238,0,0,0,0,1
26239,0,0,0,0,1
26240,0,0,0,0,1
26241,0,0,0,0,1
26242,0,0,0,0,1
26243,0,0,0,0,1
26244,0,0,0,0,1
26245,0,0,0,0,1
26246,0,0,0,0,1
26247,0,0,0,0,1
26248,1,0,0,0,0
26249,1,0,0,0,0
26250,1,0,0,0,0
26251,1,0,0,0,0
26252,1,0,0,0,0
26253,1,0,0,0,0
26254,1,0,0,0,0
26255,1,0,0,0,0
26256,1,0,0,0,0
26257,1,0,0,0,0
26258,1,0,0,0,0
26259,1,0,0,0,0
26260,1,0,0,0,0
26261,1,0,0,0,0
26262,1,0,0,0,0
26263,1,0,0,0,0
26264,1,0,0,0,0
26265,1,0,0,0,0
26266,1,0,0,0,0
26267,1,0,0,0,0
26268,1,0,0,0,0
26269,1,0,0,0,0
26270,1,0,0,0,0
26271,1,0,0,0,0
26272,1,0,0,0,0
26273,1,0,0,0,0
26274,1,0,0,0,0
26275,1,0,0,0,0
26276,1,0,0,0,0
26277,1,0,0,0,0
26278,1,0,0,0,0
26279,1,0,0,0,0
26280,1,0,0,0,0
26281,1,0,0,0,0
26282,1,0,0,0,0
26283,1,0,0,0,0
26284,1,0,0,0,0
26285,1,0,0,0,0
26286,1,0,0,0,0
26287,1,0,0,0,0
26288,1,0,0,0,0
26289,1,0,0,0,0
26290,1,0,0,0,0
26291,1,0,0,0,0
26292,1,0,0,0,0
26293,1,0,0,0,0
26294,1,0,0,0,0
26295,1,0,0,0,0
26296,1,0,0,0,0
26297,1,0,0,0,0
26298,1,0,0,0,0
26299,0,0,1,0,0
26300,0,0,1,0,0
26301,0,0,1,0,0
26302,0,0,1,0,0
26303,0,0,1,0,0
26304,0,0,1,0,0
26305,0,0,1,0,0
26306,0,0,1,0,0
26307,0,0,1,0,0
26308,0,0,1,0,0
26309,0,0,1,0,0
26310,0,0,1,0,0
26311,0,0,1,0,0
26312,0,0,1,0,0
26313,0,0,1,0,0
26314,0,0,1,0,0
26315,0,0,1,0,0
26316,0,0,1,0,0
26317,0,0,1,0,0
26318,0,0,1,0,0
26319,0,0,1,0,0
26320,0,0,1,0,0
26321,0,0,1,0,0
26322,0,0,1,0,0
26323,0,0,1,0,0
26324,0,0,1,0,0
26325,0,0,1,0,0
26326,0,0,1,0,0
26327,0,0,1,0,0
26328,0,0,1,0,0
26329,0,0,1,0,0
26330,0,0,1,0,0
26331,0,0,1,0,0
26332,0,0,1,0,0
26333,0,0,1,0,0
26334,0,0,1,0,0
26335,0,0,1,0,0
26336,0,0,1,0,0
26337,0,0,1,0,0
26338,0,0,1,0,0
26339,0,0,1,0,0
26340,0,0,1,0,0
26341,0,0,1,0,0
26342,0,0,1,0,0
26343,0,0,1,0,0
26344,0,0,1,0,0
26345,0,0,0,0,1
26346,0,0,0,0,1
26347,0,0,0,0,1
26348,0,0,0,0,1
26349,0,0,0,0,1
26350,0,0,0,0,1
26351,0,0,0,0,1
26352,0,0,0,0,1
26353,0,0,0,0,1
26354,0,0,0,0,1
26355,0,0,0,0,1
26356,0,0,0,0,1
26357,0,0,0,0,1
26358,0,0,0,0,1
26359,0,0,0,0,1
26360,0,0,0,0,1
26361,0,0,0,0,1
26362,0,0,0,0,1
26363,0,0,0,0,1
26364,0,0,0,0,1
26365,0,0,0,0,1
26366,0,0,0,0,1
26367,0,0,0,0,1
26368,0,0,0,0,1
26369,0,0,0,0,1
26370,0,0,0,0,1
26371,0,0,0,0,1
26372,0,0,0,0,1
26373,0,0,0,0,1
26374,0,0,0,0,1
26375,0,0,0,0,1
26376,0,0,0,0,1
26377,0,0,0,0,1
26378,0,0,0,0,1
26379,0,0,0,0,1
26380,0,0,0,0,1
26381,0,0,0,0,1
26382,0,0,0,0,1
26383,0,0,0,0,1
26384,0,0,0,0,1
26385,0,0,0,0,1
26386,0,0,0,0,1
26387,0,0,0,0,1
26388,0,0,0,0,1
26389,0,0,0,0,1
26390,0,0,0,0,1
26391,0,0,0,0,1
26392,0,0,0,0,1
26393,0,0,0,0,1
26394,0,0,0,0,1
26395,0,0,0,0,1
26396,0,0,0,0,1
26397,0,0,0,0,1
26398,0,0,0,0,1
26399,0,0,0,0,1
26400,0,0,0,0,1
26401,0,0,0,0,1
26402,0,0,0,0,1
26403,0,0,0,0,1
26404,0,0,0,0,1
26405,0,0,0,0,1
26406,0,0,0,0,1
26407,0,0,0,0,1
26408,0,0,0,0,1
26409,0,0,0,0,1
26410,0,0,0,0,1
26411,0,0,0,0,1
26412,0,0,0,0,1
26413,0,0,0,0,1
26414,0,0,0,0,1
26415,0,0,0,0,1
26416,0,0,0,0,1
26417,0,0,0,0,1
26418,0,0,0,0,1
26419,0,0,0,0,1
26420,0,0,0,0,1
26421,0,0,0,0,1
26422,0,0,0,0,1
26423,0,0,0,0,1
26424,0,0,0,0,1
26425,0,0,0,0,1
26426,0,0,0,0,1
26427,0,0,0,0,1
26428,0,0,0,0,1
26429,0,0,0,0,1
26430,0,0,0,0,1
26431,1,0,0,0,0
26432,1,0,0,0,0
26433,1,0,0,0,0
26434,1,0,0,0,0
26435,1,0,0,0,0
26436,1,0,0,0,0
26437,1,0,0,0,0
26438,1,0,0,0,0
26439,1,0,0,0,0
26440,1,0,0,0,0
26441,1,0,0,0,0
26442,1,0,0,0,0
26443,1,0,0,0,0
26444,1,0,0,0,0
26445,1,0,0,0,0
26446,1,0,0,0,0
26447,1,0,0,0,0
26448,1,0,0,0,0
26449,1,0,0,0,0
26450,1,0,0,0,0
26451,1,0,0,0,0
26452,1,0,0,0,0
26453,1,0,0,0,0
26454,1,0,0,0,0
26455,1,0,0,0,0
26456,1,0,0,0,0
26457,1,0,0,0,0
26458,1,0,0,0,0
26459,1,0,0,0,0
26460,1,0,0,0,0
26461,1,0,0,0,0
26462,1,0,0,0,0
26463,1,0,0,0,0
26464,1,0,0,0,0
26465,1,0,0,0,0
26466,1,0,0,0,0
26467,1,0,0,0,0
26468,1,0,0,0,0
26469,1,0,0,0,0
26470,1,0,0,0,0
26471,1,0,0,0,0
26472,1,0,0,0,0
26473,1,0,0,0,0
26474,1,0,0,0,0
26475,1,0,0,0,0
26476,1,0,0,0,0
26477,1,0,0,0,0
26478,1,0,0,0,0
26479,1,0,0,0,0
26480,1,0,0,0,0
26481,1,0,0,0,0
26482,1,0,0,0,0
26483,1,0,0,0,0
26484,1,0,0,0,0
26485,1,0,0,0,0
26486,1,0,0,0,0
26487,1,0,0,0,0
26488,1,0,0,0,0
26489,1,0,0,0,0
26490,1,0,0,0,0
26491,1,0,0,0,0
26492,1,0,0,0,0
26493,1,0,0,0,0
26494,1,0,0,0,0
26495,1,0,0,0,0
26496,1,0,0,0,0
26497,1,0,0,0,0
26498,1,0,0,0,0
26499,1,0,0,0,0
26500,1,0,0,0,0
26501,1,0,0,0,0
26502,1,0,0,0,0
26503,1,0,0,0,0
26504,1,0,0,0,0
26505,1,0,0,0,0
26506,1,0,0,0,0
26507,1,0,0,0,0
26508,1,0,0,0,0
26509,1,0,0,0,0
26510,1,0,0,0,0
26511,1,0,0,0,0
26512,1,0,0,0,0
26513,1,0,0,0,0
26514,1,0,0,0,0
26515,1,0,0,0,0
26516,1,0,0,0,0
26517,1,0,0,0,0
26518,1,0,0,0,0
26519,1,0,0,0,0
26520,1,0,0,0,0
26521,1,0,0,0,0
26522,1,0,0,0,0
26523,1,0,0,0,0
26524,1,0,0,0,0
26525,1,0,0,0,0
26526,1,0,0,0,0
26527,1,0,0,0,0
26528,1,0,0,0,0
26529,1,0,0,0,0
26530,1,0,0,0,0
26531,1,0,0,0,0
26532,1,0,0,0,0
26533,1,0,0,0,0
26534,1,0,0,0,0
26535,1,0,0,0,0
26536,1,0,0,0,0
26537,1,0,0,0,0
26538,1,0,0,0,0
26539,1,0,0,0,0
26540,0,0,0,0,1
26541,0,0,0,0,1
26542,0,0,0,0,1
26543,0,0,0,0,1
26544,0,0,0,0,1
26545,0,0,0,0,1
26546,0,0,0,0,1
26547,0,0,0,0,1
26548,0,0,0,0,1
26549,0,0,0,0,1
26550,0,0,0,0,1
26551,0,0,0,0,1
26552,0,0,0,0,1
26553,0,0,0,0,1
26554,0,0,0,0,1
26555,0,0,0,0,1
26556,0,0,0,0,1
26557,0,0,0,0,1
26558,0,0,0,0,1
26559,0,0,0,0,1
26560,0,0,0,0,1
26561,0,0,0,0,1
26562,0,0,0,0,1
26563,1,0,0,0,0
26564,1,0,0,0,0
26565,1,0,0,0,0
26566,1,0,0,0,0
26567,1,0,0,0,0
26568,1,0,0,0,0
26569,1,0,0,0,0
26570,1,0,0,0,0
26571,1,0,0,0,0
26572,1,0,0,0,0
26573,1,0,0,0,0
26574,1,0,0,0,0
26575,1,0,0,0,0
26576,1,0,0,0,0
26577,1,0,0,0,0
26578,1,0,0,0,0
26579,1,0,0,0,0
26580,1,0,0,0,0
26581,1,0,0,0,0
26582,1,0,0,0,0
26583,1,0,0,0,0
26584,1,0,0,0,0
26585,1,0,0,0,0
26586,1,0,0,0,0
26587,1,0,0,0,0
26588,1,0,0,0,0
26589,1,0,0,0,0
26590,1,0,0,0,0
26591,1,0,0,0,0
26592,1,0,0,0,0
26593,1,0,0,0,0
26594,1,0,0,0,0
26595,1,0,0,0,0
26596,1,0,0,0,0
26597,1,0,0,0,0
26598,1,0,0,0,0
26599,1,0,0,0,0
26600,1,0,0,0,0
26601,1,0,0,0,0
26602,1,0,0,0,0
26603,1,0,0,0,0
26604,1,0,0,0,0
26605,1,0,0,0,0
26606,1,0,0,0,0
26607,1,0,0,0,0
26608,1,0,0,0,0
26609,1,0,0,0,0
26610,1,0,0,0,0
26611,1,0,0,0,0
26612,1,0,0,0,0
26613,1,0,0,0,0
26614,1,0,0,0,0
26615,0,0,0,0,1
26616,0,0,0,0,1
26617,0,0,0,0,1
26618,0,0,0,0,1
26619,0,0,0,0,1
26620,0,0,0,0,1
26621,0,0,1,0,0
26622,0,0,1,0,0
26623,0,0,1,0,0
26624,0,0,1,0,0
26625,0,0,1,0,0
26626,0,0,1,0,0
26627,0,0,1,0,0
26628,0,0,1,0,0
26629,0,0,1,0,0
26630,0,0,1,0,0
26631,0,0,1,0,0
26632,0,0,1,0,0
26633,0,0,1,0,0
26634,0,0,1,0,0
26635,0,0,1,0,0
26636,0,0,1,0,0
26637,0,0,1,0,0
26638,0,0,1,0,0
26639,0,0,1,0,0
26640,0,0,1,0,0
26641,0,0,1,0,0
26642,0,0,1,0,0
26643,0,0,1,0,0
26644,0,0,1,0,0
26645,0,0,1,0,0
26646,0,0,1,0,0
26647,0,0,1,0,0
26648,0,0,1,0,0
26649,0,0,1,0,0
26650,0,0,1,0,0
26651,0,0,1,0,0
26652,0,0,1,0,0
26653,0,0,1,0,0
26654,0,0,1,0,0
26655,0,0,1,0,0
26656,0,0,1,0,0
26657,0,0,1,0,0
26658,0,0,1,0,0
26659,0,0,1,0,0
26660,0,0,1,0,0
26661,0,0,1,0,0
26662,0,0,0,0,1
26663,0,0,0,0,1
26664,0,0,0,0,1
26665,0,0,0,0,1
26666,0,0,0,0,1
26667,0,0,0,0,1
26668,0,0,0,0,1
26669,0,0,0,0,1
26670,0,0,0,0,1
26671,0,0,0,0,1
26672,0,0,0,0,1
26673,0,0,0,0,1
26674,0,0,0,0,1
26675,0,0,0,0,1
26676,0,0,0,0,1
26677,0,0,0,0,1
26678,0,0,0,0,1
26679,0,0,0,0,1
26680,0,0,0,0,1
26681,0,0,0,0,1
26682,0,0,0,0,1
26683,0,0,0,0,1
26684,0,0,0,0,1
26685,0,0,0,0,1
26686,0,0,0,0,1
26687,0,0,0,0,1
26688,0,0,0,0,1
26689,0,0,0,0,1
26690,0,0,0,0,1
26691,0,0,0,0,1
26692,0,0,0,0,1
26693,0,0,0,0,1
26694,0,0,0,0,1
26695,0,0,0,0,1
26696,0,0,0,0,1
26697,0,0,0,0,1
26698,0,0,0,0,1
26699,0,0,0,0,1
26700,0,0,0,0,1
26701,0,0,0,0,1
26702,0,0,0,0,1
26703,0,0,0,0,1
26704,0,0,0,0,1
26705,0,0,0,0,1
26706,0,0,0,0,1
26707,0,0,0,0,1
26708,0,0,0,0,1
26709,0,0,0,0,1
26710,0,0,0,0,1
26711,0,0,0,0,1
26712,0,0,0,0,1
26713,0,0,0,0,1
26714,0,0,0,0,1
26715,0,0,0,0,1
26716,0,0,0,0,1
26717,0,0,0,0,1
26718,0,0,0,0,1
26719,0,0,0,0,1
26720,0,0,0,0,1
26721,0,0,0,0,1
26722,0,0,0,0,1
26723,0,0,0,0,1
26724,0,0,0,0,1
26725,0,0,0,0,1
26726,0,0,0,0,1
26727,0,0,0,0,1
26728,0,0,0,0,1
26729,0,0,0,0,1
26730,0,0,0,0,1
26731,0,0,0,0,1
26732,0,0,0,0,1
26733,0,0,0,0,1
26734,0,0,0,0,1
26735,0,0,0,0,1
26736,0,0,0,0,1
26737,0,0,0,0,1
26738,0,0,0,0,1
26739,0,0,0,0,1
26740,0,0,0,0,1
26741,0,0,0,0,1
26742,0,0,0,0,1
26743,0,0,0,0,1
26744,0,0,0,0,1
26745,0,0,0,0,1
26746,0,0,0,0,1
26747,0,0,0,0,1
26748,0,0,0,0,1
26749,0,0,0,0,1
26750,0,0,0,0,1
26751,0,0,0,0,1
26752,0,0,0,0,1
26753,0,0,0,0,1
26754,0,0,0,0,1
26755,0,0,0,0,1
26756,0,0,0,0,1
26757,0,0,0,0,1
26758,0,0,0,0,1
26759,0,0,0,0,1
26760,0,0,0,0,1
26761,0,0,0,0,1
26762,0,0,0,0,1
26763,0,0,0,0,1
26764,0,0,0,0,1
26765,0,0,0,0,1
26766,0,0,0,0,1
26767,0,0,0,0,1
26768,0,0,0,0,1
26769,0,0,0,0,1
26770,0,0,0,0,1
26771,0,0,0,0,1
26772,0,0,0,0,1
26773,0,0,0,0,1
26774,0,0,0,0,1
26775,0,0,0,0,1
26776,0,0,0,0,1
26777,0,0,0,0,1
26778,0,0,0,0,1
26779,0,0,0,0,1
26780,0,0,0,0,1
26781,0,0,0,0,1
26782,0,0,0,0,1
26783,0,0,0,0,1
26784,0,0,0,0,1
26785,0,0,0,0,1
26786,0,0,0,0,1
26787,0,0,0,0,1
26788,0,0,0,0,1
26789,0,0,0,0,1
26790,0,0,0,0,1
26791,0,0,0,0,1
26792,0,0,0,0,1
26793,0,0,0,0,1
26794,0,0,0,0,1
26795,0,0,0,0,1
26796,0,0,0,0,1
26797,0,0,0,0,1
26798,0,0,0,0,1
26799,0,0,0,0,1
26800,0,0,0,0,1
26801,0,0,0,0,1
26802,0,0,0,0,1
26803,0,0,0,0,1
26804,0,0,0,0,1
26805,0,0,0,0,1
26806,1,0,0,0,0
26807,1,0,0,0,0
26808,1,0,0,0,0
26809,1,0,0,0,0
26810,1,0,0,0,0
26811,1,0,0,0,0
26812,1,0,0,0,0
26813,1,0,0,0,0
26814,1,0,0,0,0
26815,1,0,0,0,0
26816,1,0,0,0,0
26817,1,0,0,0,0
26818,1,0,0,0,0
26819,1,0,0,0,0
26820,1,0,0,0,0
26821,1,0,0,0,0
26822,1,0,0,0,0
26823,1,0,0,0,0
26824,1,0,0,0,0
26825,1,0,0,0,0
26826,1,0,0,0,0
26827,1,0,0,0,0
26828,1,0,0,0,0
26829,1,0,0,0,0
26830,1,0,0,0,0
26831,1,0,0,0,0
26832,1,0,0,0,0
26833,1,0,0,0,0
26834,1,0,0,0,0
26835,1,0,0,0,0
26836,1,0,0,0,0
26837,1,0,0,0,0
26838,1,0,0,0,0
26839,1,0,0,0,0
26840,1,0,0,0,0
26841,1,0,0,0,0
26842,1,0,0,0,0
26843,1,0,0,0,0
26844,1,0,0,0,0
26845,1,0,0,0,0
26846,1,0,0,0,0
26847,1,0,0,0,0
26848,1,0,0,0,0
26849,1,0,0,0,0
26850,1,0,0,0,0
26851,1,0,0,0,0
26852,1,0,0,0,0
26853,1,0,0,0,0
26854,1,0,0,0,0
26855,1,0,0,0,0
26856,1,0,0,0,0
26857,1,0,0,0,0
26858,1,0,0,0,0
26859,1,0,0,0,0
26860,1,0,0,0,0
26861,1,0,0,0,0
26862,1,0,0,0,0
26863,1,0,0,0,0
26864,1,0,0,0,0
26865,1,0,0,0,0
26866,1,0,0,0,0
26867,1,0,0,0,0
26868,1,0,0,0,0
26869,1,0,0,0,0
26870,1,0,0,0,0
26871,1,0,0,0,0
26872,1,0,0,0,0
26873,1,0,0,0,0
26874,1,0,0,0,0
26875,1,0,0,0,0
26876,1,0,0,0,0
26877,1,0,0,0,0
26878,1,0,0,0,0
26879,1,0,0,0,0
26880,1,0,0,0,0
26881,1,0,0,0,0
26882,1,0,0,0,0
26883,1,0,0,0,0
26884,1,0,0,0,0
26885,1,0,0,0,0
26886,1,0,0,0,0
26887,1,0,0,0,0
26888,1,0,0,0,0
26889,1,0,0,0,0
26890,1,0,0,0,0
26891,1,0,0,0,0
26892,1,0,0,0,0
26893,1,0,0,0,0
26894,1,0,0,0,0
26895,1,0,0,0,0
26896,1,0,0,0,0
26897,1,0,0,0,0
26898,1,0,0,0,0
26899,1,0,0,0,0
26900,1,0,0,0,0
26901,1,0,0,0,0
26902,1,0,0,0,0
26903,1,0,0,0,0
26904,1,0,0,0,0
26905,0,1,0,0,0
26906,0,1,0,0,0
26907,0,1,0,0,0
26908,0,1,0,0,0
26909,0,1,0,0,0
26910,0,1,0,0,0
26911,0,1,0,0,0
26912,0,1,0,0,0
26913,0,1,0,0,0
26914,0,1,0,0,0
26915,0,1,0,0,0
26916,0,1,0,0,0
26917,0,0,0,0,1
26918,0,0,0,0,1
26919,0,0,0,0,1
26920,0,0,0,0,1
26921,0,0,0,0,1
26922,0,0,0,0,1
26923,0,0,0,0,1
26924,0,0,0,0,1
26925,0,0,0,0,1
26926,0,0,0,0,1
26927,0,0,0,0,1
26928,0,0,0,0,1
26929,0,0,0,0,1
26930,0,0,0,0,1
26931,0,0,0,0,1
26932,0,0,0,0,1
26933,1,0,0,0,0
26934,1,0,0,0,0
26935,1,0,0,0,0
26936,1,0,0,0,0
26937,1,0,0,0,0
26938,1,0,0,0,0
26939,1,0,0,0,0
26940,1,0,0,0,0
26941,1,0,0,0,0
26942,1,0,0,0,0
26943,1,0,0,0,0
26944,1,0,0,0,0
26945,1,0,0,0,0
26946,1,0,0,0,0
26947,1,0,0,0,0
26948,1,0,0,0,0
26949,1,0,0,0,0
26950,1,0,0,0,0
26951,1,0,0,0,0
26952,1,0,0,0,0
26953,1,0,0,0,0
26954,1,0,0,0,0
26955,1,0,0,0,0
26956,1,0,0,0,0
26957,1,0,0,0,0
26958,1,0,0,0,0
26959,1,0,0,0,0
26960,1,0,0,0,0
26961,1,0,0,0,0
26962,1,0,0,0,0
26963,1,0,0,0,0
26964,1,0,0,0,0
26965,1,0,0,0,0
26966,1,0,0,0,0
26967,1,0,0,0,0
26968,1,0,0,0,0
26969,1,0,0,0,0
26970,1,0,0,0,0
26971,1,0,0,0,0
26972,1,0,0,0,0
26973,0,0,0,0,1
26974,0,0,0,0,1
26975,0,0,0,0,1
26976,0,0,0,0,1
26977,0,0,0,0,1
26978,0,0,0,0,1
26979,0,0,0,0,1
26980,0,0,0,0,1
26981,0,0,0,0,1
26982,0,0,0,0,1
26983,0,0,0,0,1
26984,0,0,0,0,1
26985,0,0,0,0,1
26986,0,0,0,0,1
26987,0,0,0,0,1
26988,0,0,0,0,1
26989,0,0,0,0,1
26990,0,0,0,0,1
26991,0,0,0,0,1
26992,0,0,0,0,1
26993,0,0,0,0,1
26994,0,0,0,0,1
26995,0,0,0,0,1
26996,1,0,0,0,0
26997,1,0,0,0,0
26998,1,0,0,0,0
26999,1,0,0,0,0
27000,1,0,0,0,0
27001,1,0,0,0,0
27002,1,0,0,0,0
27003,1,0,0,0,0
27004,1,0,0,0,0
27005,1,0,0,0,0
27006,1,0,0,0,0
27007,1,0,0,0,0
27008,1,0,0,0,0
27009,1,0,0,0,0
27010,1,0,0,0,0
27011,1,0,0,0,0
27012,1,0,0,0,0
27013,1,0,0,0,0
27014,1,0,0,0,0
27015,1,0,0,0,0
27016,1,0,0,0,0
27017,1,0,0,0,0
27018,1,0,0,0,0
27019,1,0,0,0,0
27020,1,0,0,0,0
27021,1,0,0,0,0
27022,1,0,0,0,0
27023,1,0,0,0,0
27024,1,0,0,0,0
27025,1,0,0,0,0
27026,1,0,0,0,0
27027,1,0,0,0,0
27028,1,0,0,0,0
27029,1,0,0,0,0
27030,1,0,0,0,0
27031,1,0,0,0,0
27032,1,0,0,0,0
27033,1,0,0,0,0
27034,1,0,0,0,0
27035,1,0,0,0,0
27036,1,0,0,0,0
27037,1,0,0,0,0
27038,1,0,0,0,0
27039,1,0,0,0,0
27040,0,0,0,0,1
27041,0,0,0,0,1
27042,0,0,0,0,1
27043,0,0,0,0,1
27044,0,0,0,0,1
27045,0,0,0,0,1
27046,0,0,0,0,1
27047,0,0,0,0,1
27048,0,0,0,0,1
27049,0,0,0,0,1
27050,0,0,0,0,1
27051,0,0,0,0,1
27052,1,0,0,0,0
27053,1,0,0,0,0
27054,1,0,0,0,0
27055,1,0,0,0,0
27056,1,0,0,0,0
27057,1,0,0,0,0
27058,1,0,0,0,0
27059,1,0,0,0,0
27060,1,0,0,0,0
27061,1,0,0,0,0
27062,1,0,0,0,0
27063,1,0,0,0,0
27064,1,0,0,0,0
27065,1,0,0,0,0
27066,1,0,0,0,0
27067,0,0,0,0,1
27068,0,0,0,0,1
27069,0,0,0,0,1
27070,0,0,0,0,1
27071,0,0,0,0,1
27072,0,0,0,0,1
27073,0,0,0,0,1
27074,0,0,0,0,1
27075,0,0,0,0,1
27076,0,0,0,0,1
27077,0,0,0,0,1
27078,0,0,0,0,1
27079,0,0,1,0,0
27080,0,0,1,0,0
27081,0,0,1,0,0
27082,0,0,1,0,0
27083,0,0,1,0,0
27084,0,0,1,0,0
27085,0,0,1,0,0
27086,0,0,1,0,0
27087,0,0,1,0,0
27088,0,0,1,0,0
27089,0,0,1,0,0
27090,0,0,1,0,0
27091,0,0,1,0,0
27092,0,0,1,0,0
27093,0,0,1,0,0
27094,0,0,1,0,0
27095,0,0,1,0,0
27096,0,0,1,0,0
27097,0,0,1,0,0
27098,0,0,1,0,0
27099,0,0,1,0,0
27100,0,0,1,0,0
27101,0,0,1,0,0
27102,0,0,1,0,0
27103,0,0,1,0,0
27104,0,0,1,0,0
27105,0,0,1,0,0
27106,0,0,1,0,0
27107,0,0,1,0,0
27108,0,0,1,0,0
27109,0,0,1,0,0
27110,0,0,1,0,0
27111,0,0,1,0,0
27112,0,0,1,0,0
27113,0,0,1,0,0
27114,0,0,1,0,0
27115,0,0,1,0,0
27116,0,0,1,0,0
27117,0,0,1,0,0
27118,0,0,1,0,0
27119,0,0,1,0,0
27120,0,0,1,0,0
27121,0,0,1,0,0
27122,0,0,1,0,0
27123,0,0,1,0,0
27124,0,0,1,0,0
27125,0,0,1,0,0
27126,0,0,1,0,0
27127,0,0,1,0,0
27128,0,0,1,0,0
27129,0,0,1,0,0
27130,0,0,1,0,0
27131,0,0,1,0,0
27132,0,0,1,0,0
27133,0,0,1,0,0
27134,0,0,1,0,0
27135,0,0,1,0,0
27136,0,0,1,0,0
27137,0,0,1,0,0
27138,0,0,1,0,0
27139,0,0,1,0,0
27140,0,0,1,0,0
27141,0,0,1,0,0
27142,0,0,1,0,0
27143,0,0,1,0,0
27144,0,0,1,0,0
27145,0,0,1,0,0
27146,0,0,1,0,0
27147,0,0,1,0,0
27148,0,0,1,0,0
27149,0,0,0,0,1
27150,0,0,0,0,1
27151,0,0,0,0,1
27152,0,0,0,0,1
27153,0,0,0,0,1
27154,0,0,0,0,1
27155,0,0,0,0,1
27156,0,0,0,0,1
27157,0,0,0,0,1
27158,0,0,0,0,1
27159,0,0,0,0,1
27160,0,0,0,0,1
27161,0,0,0,0,1
27162,0,0,0,0,1
27163,0,0,0,0,1
27164,0,0,0,0,1
27165,0,0,0,0,1
27166,0,0,0,0,1
27167,0,0,0,0,1
27168,0,0,0,0,1
27169,0,0,0,0,1
27170,0,0,0,0,1
27171,0,0,0,0,1
27172,0,0,0,0,1
27173,0,0,0,0,1
27174,0,0,0,0,1
27175,0,0,0,0,1
27176,0,0,0,0,1
27177,0,0,0,0,1
27178,0,0,0,0,1
27179,0,0,0,0,1
27180,0,0,0,0,1
27181,0,0,0,0,1
27182,0,0,0,0,1
27183,0,0,0,0,1
27184,0,0,0,0,1
27185,0,0,0,0,1
27186,0,0,0,0,1
27187,0,0,0,0,1
27188,0,0,0,0,1
27189,0,0,0,0,1
27190,0,0,0,0,1
27191,0,0,0,0,1
27192,0,0,0,0,1
27193,0,0,0,0,1
27194,0,0,0,0,1
27195,0,0,0,0,1
27196,0,0,0,0,1
27197,0,0,0,0,1
27198,0,0,0,0,1
27199,0,0,0,0,1
27200,0,0,0,0,1
27201,0,0,0,0,1
27202,0,0,0,0,1
27203,0,0,0,0,1
27204,0,0,0,0,1
27205,0,0,0,0,1
27206,0,0,0,0,1
27207,0,0,0,0,1
27208,0,0,0,0,1
27209,0,0,0,0,1
27210,0,0,0,0,1
27211,0,0,0,0,1
27212,0,0,0,0,1
27213,0,0,0,0,1
27214,0,0,0,0,1
27215,0,0,0,0,1
27216,0,0,0,0,1
27217,0,0,0,0,1
27218,0,0,0,0,1
27219,0,0,0,0,1
27220,0,0,0,0,1
27221,0,0,0,0,1
27222,0,0,0,0,1
27223,0,0,0,0,1
27224,0,0,0,0,1
27225,0,0,0,0,1
27226,0,0,0,0,1
27227,0,0,0,0,1
27228,0,0,0,0,1
27229,0,0,0,0,1
27230,0,0,0,0,1
27231,0,0,0,0,1
27232,0,0,0,0,1
27233,0,0,0,0,1
27234,0,0,0,0,1
27235,0,0,0,0,1
27236,0,0,0,0,1
27237,0,0,0,0,1
27238,0,0,0,0,1
27239,0,0,0,0,1
27240,0,0,0,0,1
27241,0,0,0,0,1
27242,0,0,0,0,1
27243,0,0,0,0,1
27244,0,0,0,0,1
27245,0,0,0,0,1
27246,0,0,0,0,1
27247,0,0,0,0,1
27248,0,0,0,0,1
27249,0,0,0,0,1
27250,0,0,0,0,1
27251,0,0,0,0,1
27252,0,0,0,0,1
27253,0,0,0,0,1
27254,0,0,0,0,1
27255,0,0,0,0,1
27256,0,0,0,0,1
27257,0,0,0,0,1
27258,0,0,0,0,1
27259,0,0,0,0,1
27260,0,0,0,0,1
27261,0,0,0,0,1
27262,0,0,0,0,1
27263,0,0,0,0,1
27264,0,0,0,0,1
27265,0,0,0,0,1
27266,0,0,0,0,1
27267,0,0,0,0,1
27268,0,0,0,0,1
27269,0,0,0,0,1
27270,0,0,0,0,1
27271,1,0,0,0,0
27272,1,0,0,0,0
27273,1,0,0,0,0
27274,1,0,0,0,0
27275,0,0,0,0,1
27276,0,0,0,0,1
27277,0,0,0,0,1
27278,0,0,0,0,1
27279,0,0,0,0,1
27280,0,0,0,0,1
27281,0,0,0,0,1
27282,0,0,0,0,1
27283,0,0,0,0,1
27284,0,0,0,0,1
27285,0,0,0,0,1
27286,0,0,0,0,1
27287,0,0,0,0,1
27288,0,0,0,0,1
27289,0,0,0,0,1
27290,0,0,0,0,1
27291,0,0,0,0,1
27292,0,0,0,0,1
27293,0,0,0,0,1
27294,0,0,0,0,1
27295,0,0,0,0,1
27296,0,0,0,0,1
27297,0,0,0,0,1
27298,0,0,0,0,1
27299,0,0,0,0,1
27300,0,0,0,0,1
27301,0,0,0,0,1
27302,0,0,0,0,1
27303,0,0,0,0,1
27304,0,0,0,0,1
27305,0,0,0,0,1
27306,0,0,0,0,1
27307,0,0,0,0,1
27308,0,0,0,0,1
27309,0,0,0,0,1
27310,0,0,0,0,1
27311,0,0,0,0,1
27312,0,0,0,0,1
27313,0,0,0,0,1
27314,0,0,0,0,1
27315,0,0,0,0,1
27316,0,0,0,0,1
27317,0,0,0,0,1
27318,0,0,0,0,1
27319,0,0,0,0,1
27320,0,0,0,0,1
27321,0,0,0,0,1
27322,0,0,0,0,1
27323,0,0,0,0,1
27324,0,0,0,0,1
27325,0,0,0,0,1
27326,0,0,0,0,1
27327,0,0,0,0,1
27328,0,0,0,0,1
27329,0,0,0,0,1
27330,0,0,0,0,1
27331,0,0,0,0,1
27332,0,0,0,0,1
27333,0,0,0,0,1
27334,0,0,0,0,1
27335,0,0,0,0,1
27336,0,0,0,0,1
27337,0,0,0,0,1
27338,0,0,0,0,1
27339,0,0,0,0,1
27340,0,0,0,0,1
27341,0,0,0,0,1
27342,0,0,0,0,1
27343,0,0,0,0,1
27344,0,0,0,0,1
27345,0,0,0,0,1
27346,0,0,0,0,1
27347,0,0,0,0,1
27348,0,0,0,0,1
27349,0,0,0,0,1
27350,0,0,0,0,1
27351,0,0,0,0,1
27352,0,0,0,0,1
27353,0,0,0,0,1
27354,0,0,0,0,1
27355,0,0,0,0,1
27356,0,0,0,0,1
27357,0,0,0,0,1
27358,0,0,0,0,1
27359,0,0,0,0,1
27360,0,0,0,0,1
27361,0,0,0,0,1
27362,0,0,0,0,1
27363,0,0,0,0,1
27364,0,0,0,0,1
27365,0,0,0,0,1
27366,0,0,0,0,1
27367,0,0,0,0,1
27368,0,0,0,0,1
27369,0,0,0,0,1
27370,0,0,0,0,1
27371,0,0,0,0,1
27372,0,0,0,0,1
27373,0,0,0,0,1
27374,0,0,0,0,1
27375,0,0,0,0,1
27376,0,0,0,0,1
27377,0,0,0,0,1
27378,0,0,0,0,1
27379,0,0,0,0,1
27380,0,0,0,0,1
27381,0,0,0,0,1
27382,0,0,0,0,1
27383,0,0,0,0,1
27384,0,0,0,0,1
27385,0,0,0,0,1
27386,0,0,0,0,1
27387,0,0,0,0,1
27388,0,0,0,0,1
27389,0,0,0,0,1
27390,0,0,0,0,1
27391,0,0,0,0,1
27392,0,0,0,0,1
27393,0,0,0,0,1
27394,0,0,0,0,1
27395,0,0,0,0,1
27396,0,0,0,0,1
27397,0,0,0,0,1
27398,0,0,0,0,1
27399,0,0,0,0,1
27400,0,0,0,0,1
27401,0,0,0,0,1
27402,0,0,0,0,1
27403,0,0,0,0,1
27404,0,0,0,0,1
27405,0,0,0,0,1
27406,0,0,0,0,1
27407,0,0,0,0,1
27408,0,0,0,0,1
27409,0,0,0,0,1
27410,0,0,0,0,1
27411,0,0,0,0,1
27412,0,0,0,0,1
27413,0,0,0,0,1
27414,0,0,0,0,1
27415,0,0,0,0,1
27416,0,0,0,0,1
27417,0,0,0,0,1
27418,0,0,0,0,1
27419,0,0,0,0,1
27420,0,0,0,0,1
27421,0,0,0,0,1
27422,0,0,0,0,1
27423,0,0,0,0,1
27424,0,0,0,0,1
27425,0,0,0,0,1
27426,0,0,0,0,1
27427,0,0,0,0,1
27428,0,0,0,0,1
27429,0,0,0,0,1
27430,0,0,0,0,1
27431,0,0,0,0,1
27432,0,0,0,0,1
27433,0,0,0,0,1
27434,0,0,0,0,1
27435,0,0,0,0,1
27436,0,0,0,0,1
27437,0,0,0,0,1
27438,0,0,0,0,1
27439,0,0,0,0,1
27440,0,0,0,0,1
27441,0,0,0,0,1
27442,0,0,0,0,1
27443,0,0,0,0,1
27444,0,0,0,0,1
27445,0,0,0,0,1
27446,0,0,0,0,1
27447,0,0,0,0,1
27448,0,0,0,0,1
27449,0,0,0,0,1
27450,0,0,0,0,1
27451,0,0,0,0,1
27452,0,0,0,0,1
27453,0,0,0,0,1
27454,0,0,0,0,1
27455,0,0,0,0,1
27456,0,0,0,0,1
27457,0,0,0,0,1
27458,0,0,0,0,1
27459,0,0,0,0,1
27460,0,0,0,0,1
27461,0,0,0,0,1
27462,0,0,0,0,1
27463,0,0,0,0,1
27464,0,0,0,0,1
27465,0,0,0,0,1
27466,0,0,0,0,1
27467,0,0,0,0,1
27468,0,0,0,0,1
27469,0,0,0,0,1
27470,0,0,0,0,1
27471,0,0,0,0,1
27472,0,0,0,0,1
27473,0,0,0,0,1
27474,0,0,0,0,1
27475,0,0,0,0,1
27476,0,0,0,0,1
27477,0,0,0,0,1
27478,0,0,0,0,1
27479,0,0,0,0,1
27480,0,0,0,0,1
27481,0,0,0,0,1
27482,0,0,0,0,1
27483,0,0,0,0,1
27484,0,0,0,0,1
27485,0,0,0,0,1
27486,0,0,0,0,1
27487,0,0,0,0,1
27488,0,0,0,0,1
27489,0,0,0,0,1
27490,0,0,0,0,1
27491,0,0,0,0,1
27492,0,0,0,0,1
27493,0,0,0,0,1
27494,0,0,0,0,1
27495,0,0,0,0,1
27496,0,0,0,0,1
27497,0,0,0,0,1
27498,0,0,0,0,1
27499,0,0,0,0,1
27500,0,0,0,0,1
27501,0,0,0,0,1
27502,0,0,0,0,1
27503,1,0,0,0,0
27504,1,0,0,0,0
27505,1,0,0,0,0
27506,1,0,0,0,0
27507,1,0,0,0,0
27508,1,0,0,0,0
27509,1,0,0,0,0
27510,1,0,0,0,0
27511,1,0,0,0,0
27512,1,0,0,0,0
27513,1,0,0,0,0
27514,1,0,0,0,0
27515,1,0,0,0,0
27516,1,0,0,0,0
27517,1,0,0,0,0
27518,1,0,0,0,0
27519,1,0,0,0,0
27520,1,0,0,0,0
27521,1,0,0,0,0
27522,1,0,0,0,0
27523,1,0,0,0,0
27524,1,0,0,0,0
27525,1,0,0,0,0
27526,1,0,0,0,0
27527,1,0,0,0,0
27528,1,0,0,0,0
27529,1,0,0,0,0
27530,1,0,0,0,0
27531,1,0,0,0,0
27532,1,0,0,0,0
27533,1,0,0,0,0
27534,1,0,0,0,0
27535,1,0,0,0,0
27536,1,0,0,0,0
27537,1,0,0,0,0
27538,1,0,0,0,0
27539,1,0,0,0,0
27540,0,0,0,0,1
27541,0,0,0,0,1
27542,0,0,0,0,1
27543,0,0,0,0,1
27544,0,0,0,0,1
27545,0,0,0,0,1
27546,0,0,0,0,1
27547,0,0,0,0,1
27548,0,0,0,0,1
27549,0,0,0,0,1
27550,0,0,0,0,1
27551,0,0,0,0,1
27552,0,0,0,0,1
27553,0,0,0,0,1
27554,0,0,0,0,1
27555,0,0,0,0,1
27556,0,0,0,0,1
27557,0,0,0,0,1
27558,0,0,0,0,1
27559,0,0,0,0,1
27560,0,0,0,0,1
27561,0,0,0,0,1
27562,0,0,0,0,1
27563,0,0,0,0,1
27564,0,0,0,0,1
27565,0,0,0,0,1
27566,0,0,0,0,1
27567,0,0,0,0,1
27568,0,0,0,0,1
27569,0,0,0,0,1
27570,0,0,0,0,1
27571,0,0,0,0,1
27572,0,0,0,0,1
27573,0,0,0,0,1
27574,0,0,0,0,1
27575,0,0,0,0,1
27576,0,0,0,0,1
27577,0,0,0,0,1
27578,0,0,0,0,1
27579,0,0,0,0,1
27580,0,0,0,0,1
27581,0,0,0,0,1
27582,0,0,0,0,1
27583,0,0,0,0,1
27584,0,0,0,0,1
27585,0,0,0,0,1
27586,0,0,0,0,1
27587,0,0,0,0,1
27588,0,0,0,0,1
27589,0,0,0,0,1
27590,0,0,0,0,1
27591,0,0,0,0,1
27592,0,0,0,0,1
27593,0,0,0,0,1
27594,0,0,0,0,1
27595,0,0,0,0,1
27596,0,0,0,0,1
27597,0,0,0,0,1
27598,0,0,0,0,1
27599,0,0,0,0,1
27600,0,0,0,0,1
27601,0,0,0,0,1
27602,0,0,0,0,1
27603,0,0,0,0,1
27604,0,0,0,0,1
27605,0,0,0,0,1
27606,0,0,0,0,1
27607,0,0,0,0,1
27608,0,0,0,0,1
27609,0,0,0,0,1
27610,0,0,0,0,1
27611,0,0,0,0,1
27612,0,0,0,0,1
27613,0,0,0,0,1
27614,0,0,0,0,1
27615,0,0,0,0,1
27616,0,0,0,0,1
27617,0,0,0,0,1
27618,0,0,0,0,1
27619,0,0,0,0,1
27620,0,0,0,0,1
27621,0,0,0,0,1
27622,0,0,0,0,1
27623,0,0,0,0,1
27624,0,0,0,0,1
27625,0,0,0,0,1
27626,0,0,0,0,1
27627,0,0,0,0,1
27628,0,0,0,0,1
27629,0,0,0,0,1
27630,0,0,0,0,1
27631,0,0,0,0,1
27632,0,0,0,0,1
27633,0,0,0,0,1
27634,0,0,0,0,1
27635,0,0,0,0,1
27636,0,0,0,0,1
27637,0,0,0,0,1
27638,0,0,0,0,1
27639,0,0,0,0,1
27640,0,0,0,0,1
27641,0,0,0,0,1
27642,0,0,0,0,1
27643,0,0,0,0,1
27644,0,0,0,0,1
27645,0,0,0,0,1
27646,0,0,0,0,1
27647,0,0,0,0,1
27648,0,0,0,0,1
27649,0,0,0,0,1
27650,0,0,0,0,1
27651,0,0,0,0,1
27652,0,0,0,0,1
27653,0,0,0,0,1
27654,0,0,0,0,1
27655,0,0,0,0,1
27656,0,0,0,0,1
27657,0,0,0,0,1
27658,0,0,0,0,1
27659,0,0,0,0,1
27660,0,0,0,0,1
27661,0,0,0,0,1
27662,0,0,0,0,1
27663,0,0,0,0,1
27664,0,0,0,0,1
27665,0,0,0,0,1
27666,0,0,0,0,1
27667,0,0,0,0,1
27668,0,0,0,0,1
27669,0,0,0,0,1
27670,0,0,0,0,1
27671,0,0,0,0,1
27672,0,0,0,0,1
27673,0,0,0,0,1
27674,0,0,0,0,1
27675,0,0,0,0,1
27676,0,0,0,0,1
27677,0,0,0,0,1
27678,0,0,0,0,1
27679,0,0,0,0,1
27680,0,0,0,0,1
27681,0,0,0,0,1
27682,0,0,0,0,1
27683,0,0,0,0,1
27684,0,0,0,0,1
27685,0,0,0,0,1
27686,0,0,0,0,1
27687,0,0,0,0,1
27688,0,0,0,0,1
27689,0,0,0,0,1
27690,0,0,0,0,1
27691,0,0,0,0,1
27692,0,0,0,0,1
27693,0,0,0,0,1
27694,0,0,0,0,1
27695,0,0,0,0,1
27696,0,0,0,0,1
27697,0,0,0,0,1
27698,0,0,0,0,1
27699,0,0,0,0,1
27700,0,0,0,0,1
27701,0,0,0,0,1
27702,0,0,0,0,1
27703,0,0,0,0,1
27704,0,0,0,0,1
27705,1,0,0,0,0
27706,1,0,0,0,0
27707,1,0,0,0,0
27708,1,0,0,0,0
27709,1,0,0,0,0
27710,1,0,0,0,0
27711,1,0,0,0,0
27712,1,0,0,0,0
27713,1,0,0,0,0
27714,1,0,0,0,0
27715,1,0,0,0,0
27716,1,0,0,0,0
27717,1,0,0,0,0
27718,1,0,0,0,0
27719,1,0,0,0,0
27720,1,0,0,0,0
27721,1,0,0,0,0
27722,1,0,0,0,0
27723,1,0,0,0,0
27724,1,0,0,0,0
27725,1,0,0,0,0
27726,1,0,0,0,0
27727,1,0,0,0,0
27728,1,0,0,0,0
27729,1,0,0,0,0
27730,1,0,0,0,0
27731,1,0,0,0,0
27732,1,0,0,0,0
27733,1,0,0,0,0
27734,1,0,0,0,0
27735,1,0,0,0,0
27736,1,0,0,0,0
27737,1,0,0,0,0
27738,1,0,0,0,0
27739,1,0,0,0,0
27740,1,0,0,0,0
27741,1,0,0,0,0
27742,1,0,0,0,0
27743,1,0,0,0,0
27744,1,0,0,0,0
27745,1,0,0,0,0
27746,1,0,0,0,0
27747,1,0,0,0,0
27748,1,0,0,0,0
27749,1,0,0,0,0
27750,1,0,0,0,0
27751,1,0,0,0,0
27752,1,0,0,0,0
27753,1,0,0,0,0
27754,1,0,0,0,0
27755,1,0,0,0,0
27756,1,0,0,0,0
27757,1,0,0,0,0
27758,1,0,0,0,0
27759,1,0,0,0,0
27760,1,0,0,0,0
27761,0,0,0,0,1
27762,0,0,0,0,1
27763,0,0,0,0,1
27764,0,0,0,0,1
27765,0,0,0,0,1
27766,0,0,0,0,1
27767,0,0,0,0,1
27768,0,0,0,0,1
27769,0,0,0,0,1
27770,0,0,0,0,1
27771,0,0,0,0,1
27772,0,0,0,0,1
27773,0,0,0,0,1
27774,0,0,0,0,1
27775,0,0,0,0,1
27776,1,0,0,0,0
27777,1,0,0,0,0
27778,1,0,0,0,0
27779,1,0,0,0,0
27780,1,0,0,0,0
27781,1,0,0,0,0
27782,1,0,0,0,0
27783,1,0,0,0,0
27784,1,0,0,0,0
27785,1,0,0,0,0
27786,1,0,0,0,0
27787,1,0,0,0,0
27788,1,0,0,0,0
27789,1,0,0,0,0
27790,1,0,0,0,0
27791,1,0,0,0,0
27792,1,0,0,0,0
27793,1,0,0,0,0
27794,1,0,0,0,0
27795,1,0,0,0,0
27796,1,0,0,0,0
27797,1,0,0,0,0
27798,1,0,0,0,0
27799,1,0,0,0,0
27800,1,0,0,0,0
27801,1,0,0,0,0
27802,1,0,0,0,0
27803,1,0,0,0,0
27804,1,0,0,0,0
27805,1,0,0,0,0
27806,1,0,0,0,0
27807,1,0,0,0,0
27808,1,0,0,0,0
27809,1,0,0,0,0
27810,1,0,0,0,0
27811,1,0,0,0,0
27812,1,0,0,0,0
27813,1,0,0,0,0
27814,1,0,0,0,0
27815,1,0,0,0,0
27816,1,0,0,0,0
27817,1,0,0,0,0
27818,1,0,0,0,0
27819,1,0,0,0,0
27820,1,0,0,0,0
27821,1,0,0,0,0
27822,1,0,0,0,0
27823,1,0,0,0,0
27824,1,0,0,0,0
27825,1,0,0,0,0
27826,1,0,0,0,0
27827,1,0,0,0,0
27828,1,0,0,0,0
27829,1,0,0,0,0
27830,1,0,0,0,0
27831,1,0,0,0,0
27832,1,0,0,0,0
27833,1,0,0,0,0
27834,1,0,0,0,0
27835,1,0,0,0,0
27836,1,0,0,0,0
27837,1,0,0,0,0
27838,1,0,0,0,0
27839,1,0,0,0,0
27840,1,0,0,0,0
27841,1,0,0,0,0
27842,1,0,0,0,0
27843,1,0,0,0,0
27844,1,0,0,0,0
27845,1,0,0,0,0
27846,1,0,0,0,0
27847,1,0,0,0,0
27848,1,0,0,0,0
27849,1,0,0,0,0
27850,1,0,0,0,0
27851,1,0,0,0,0
27852,1,0,0,0,0
27853,1,0,0,0,0
27854,1,0,0,0,0
27855,1,0,0,0,0
27856,1,0,0,0,0
27857,1,0,0,0,0
27858,1,0,0,0,0
27859,1,0,0,0,0
27860,1,0,0,0,0
27861,1,0,0,0,0
27862,1,0,0,0,0
27863,1,0,0,0,0
27864,1,0,0,0,0
27865,1,0,0,0,0
27866,1,0,0,0,0
27867,1,0,0,0,0
27868,1,0,0,0,0
27869,1,0,0,0,0
27870,1,0,0,0,0
27871,1,0,0,0,0
27872,1,0,0,0,0
27873,1,0,0,0,0
27874,1,0,0,0,0
27875,1,0,0,0,0
27876,1,0,0,0,0
27877,1,0,0,0,0
27878,1,0,0,0,0
27879,1,0,0,0,0
27880,1,0,0,0,0
27881,1,0,0,0,0
27882,1,0,0,0,0
27883,1,0,0,0,0
27884,1,0,0,0,0
27885,1,0,0,0,0
27886,1,0,0,0,0
27887,1,0,0,0,0
27888,1,0,0,0,0
27889,1,0,0,0,0
27890,1,0,0,0,0
27891,1,0,0,0,0
27892,1,0,0,0,0
27893,1,0,0,0,0
27894,1,0,0,0,0
27895,1,0,0,0,0
27896,1,0,0,0,0
27897,1,0,0,0,0
27898,1,0,0,0,0
27899,1,0,0,0,0
27900,1,0,0,0,0
27901,1,0,0,0,0
27902,1,0,0,0,0
27903,1,0,0,0,0
27904,1,0,0,0,0
27905,1,0,0,0,0
27906,1,0,0,0,0
27907,1,0,0,0,0
27908,1,0,0,0,0
27909,1,0,0,0,0
27910,1,0,0,0,0
27911,1,0,0,0,0
27912,1,0,0,0,0
27913,1,0,0,0,0
27914,1,0,0,0,0
27915,1,0,0,0,0
27916,1,0,0,0,0
27917,1,0,0,0,0
27918,1,0,0,0,0
27919,1,0,0,0,0
27920,1,0,0,0,0
27921,1,0,0,0,0
27922,1,0,0,0,0
27923,1,0,0,0,0
27924,1,0,0,0,0
27925,1,0,0,0,0
27926,1,0,0,0,0
27927,0,0,0,0,1
27928,0,0,0,0,1
27929,0,0,0,0,1
27930,0,0,0,0,1
27931,0,0,0,0,1
27932,0,0,0,0,1
27933,0,0,0,0,1
27934,0,0,0,0,1
27935,0,0,0,0,1
27936,0,0,0,0,1
27937,0,0,0,0,1
27938,0,0,0,0,1
27939,0,0,0,0,1
27940,0,0,0,0,1
27941,0,0,0,0,1
27942,0,0,0,0,1
27943,0,0,0,0,1
27944,0,0,0,0,1
27945,0,0,0,0,1
27946,0,0,0,0,1
27947,0,0,0,0,1
27948,0,0,0,0,1
27949,0,0,0,0,1
27950,0,0,0,0,1
27951,0,0,0,0,1
27952,0,0,0,0,1
27953,0,0,0,0,1
27954,0,0,0,0,1
27955,1,0,0,0,0
27956,1,0,0,0,0
27957,1,0,0,0,0
27958,1,0,0,0,0
27959,1,0,0,0,0
27960,1,0,0,0,0
27961,1,0,0,0,0
27962,1,0,0,0,0
27963,1,0,0,0,0
27964,1,0,0,0,0
27965,1,0,0,0,0
27966,1,0,0,0,0
27967,1,0,0,0,0
27968,1,0,0,0,0
27969,1,0,0,0,0
27970,1,0,0,0,0
27971,1,0,0,0,0
27972,1,0,0,0,0
27973,1,0,0,0,0
27974,1,0,0,0,0
27975,1,0,0,0,0
27976,1,0,0,0,0
27977,1,0,0,0,0
27978,1,0,0,0,0
27979,1,0,0,0,0
27980,1,0,0,0,0
27981,1,0,0,0,0
27982,1,0,0,0,0
27983,1,0,0,0,0
27984,1,0,0,0,0
27985,1,0,0,0,0
27986,1,0,0,0,0
27987,1,0,0,0,0
27988,1,0,0,0,0
27989,1,0,0,0,0
27990,1,0,0,0,0
27991,1,0,0,0,0
27992,1,0,0,0,0
27993,1,0,0,0,0
27994,1,0,0,0,0
27995,0,0,0,0,1
27996,0,0,0,0,1
27997,0,0,0,0,1
27998,0,0,0,0,1
27999,0,0,0,0,1
28000,0,0,0,0,1
28001,0,0,0,0,1
28002,0,0,0,0,1
28003,0,0,0,0,1
28004,0,0,0,0,1
28005,0,0,0,0,1
28006,0,0,0,0,1
28007,0,0,0,0,1
28008,0,0,0,0,1
28009,0,0,0,0,1
28010,1,0,0,0,0
28011,1,0,0,0,0
28012,1,0,0,0,0
28013,1,0,0,0,0
28014,1,0,0,0,0
28015,1,0,0,0,0
28016,1,0,0,0,0
28017,1,0,0,0,0
28018,1,0,0,0,0
28019,1,0,0,0,0
28020,1,0,0,0,0
28021,1,0,0,0,0
28022,1,0,0,0,0
28023,1,0,0,0,0
28024,1,0,0,0,0
28025,1,0,0,0,0
28026,1,0,0,0,0
28027,1,0,0,0,0
28028,1,0,0,0,0
28029,1,0,0,0,0
28030,1,0,0,0,0
28031,1,0,0,0,0
28032,1,0,0,0,0
28033,1,0,0,0,0
28034,1,0,0,0,0
28035,1,0,0,0,0
28036,1,0,0,0,0
28037,1,0,0,0,0
28038,1,0,0,0,0
28039,1,0,0,0,0
28040,1,0,0,0,0
28041,1,0,0,0,0
28042,1,0,0,0,0
28043,1,0,0,0,0
28044,1,0,0,0,0
28045,1,0,0,0,0
28046,1,0,0,0,0
28047,1,0,0,0,0
28048,1,0,0,0,0
28049,1,0,0,0,0
28050,1,0,0,0,0
28051,1,0,0,0,0
28052,1,0,0,0,0
28053,1,0,0,0,0
28054,1,0,0,0,0
28055,1,0,0,0,0
28056,1,0,0,0,0
28057,1,0,0,0,0
28058,1,0,0,0,0
28059,1,0,0,0,0
28060,1,0,0,0,0
28061,1,0,0,0,0
28062,1,0,0,0,0
28063,1,0,0,0,0
28064,1,0,0,0,0
28065,1,0,0,0,0
28066,1,0,0,0,0
28067,1,0,0,0,0
28068,1,0,0,0,0
28069,1,0,0,0,0
28070,1,0,0,0,0
28071,1,0,0,0,0
28072,1,0,0,0,0
28073,1,0,0,0,0
28074,1,0,0,0,0
28075,1,0,0,0,0
28076,1,0,0,0,0
28077,1,0,0,0,0
28078,1,0,0,0,0
28079,1,0,0,0,0
28080,1,0,0,0,0
28081,1,0,0,0,0
28082,1,0,0,0,0
28083,1,0,0,0,0
28084,1,0,0,0,0
28085,1,0,0,0,0
28086,1,0,0,0,0
28087,1,0,0,0,0
28088,1,0,0,0,0
28089,1,0,0,0,0
28090,1,0,0,0,0
28091,1,0,0,0,0
28092,1,0,0,0,0
28093,1,0,0,0,0
28094,1,0,0,0,0
28095,1,0,0,0,0
28096,1,0,0,0,0
28097,1,0,0,0,0
28098,1,0,0,0,0
28099,1,0,0,0,0
28100,1,0,0,0,0
28101,1,0,0,0,0
28102,1,0,0,0,0
28103,1,0,0,0,0
28104,1,0,0,0,0
28105,1,0,0,0,0
28106,1,0,0,0,0
28107,1,0,0,0,0
28108,1,0,0,0,0
28109,1,0,0,0,0
28110,1,0,0,0,0
28111,1,0,0,0,0
28112,1,0,0,0,0
28113,1,0,0,0,0
28114,1,0,0,0,0
28115,1,0,0,0,0
28116,1,0,0,0,0
28117,1,0,0,0,0
28118,1,0,0,0,0
28119,1,0,0,0,0
28120,1,0,0,0,0
28121,1,0,0,0,0
28122,1,0,0,0,0
28123,1,0,0,0,0
28124,1,0,0,0,0
28125,1,0,0,0,0
28126,0,0,0,0,1
28127,0,0,0,0,1
28128,0,0,0,0,1
28129,0,0,0,0,1
28130,0,0,0,0,1
28131,0,0,0,0,1
28132,0,0,1,0,0
28133,0,0,1,0,0
28134,0,0,1,0,0
28135,0,0,1,0,0
28136,0,0,1,0,0
28137,0,0,1,0,0
28138,0,0,1,0,0
28139,0,0,1,0,0
28140,0,0,1,0,0
28141,0,0,1,0,0
28142,0,0,1,0,0
28143,0,0,1,0,0
28144,0,0,1,0,0
28145,0,0,1,0,0
28146,0,0,1,0,0
28147,0,0,1,0,0
28148,0,0,1,0,0
28149,0,0,1,0,0
28150,0,0,1,0,0
28151,0,0,1,0,0
28152,0,0,1,0,0
28153,0,0,1,0,0
28154,0,0,1,0,0
28155,0,0,1,0,0
28156,0,0,1,0,0
28157,0,0,1,0,0
28158,0,0,1,0,0
28159,0,0,1,0,0
28160,0,0,1,0,0
28161,0,0,1,0,0
28162,0,0,1,0,0
28163,0,0,1,0,0
28164,0,0,1,0,0
28165,0,0,1,0,0
28166,0,0,1,0,0
28167,0,0,1,0,0
28168,0,0,1,0,0
28169,0,0,1,0,0
28170,0,0,1,0,0
28171,0,0,1,0,0
28172,0,0,1,0,0
28173,0,0,1,0,0
28174,0,0,1,0,0
28175,0,0,1,0,0
28176,0,0,1,0,0
28177,0,0,1,0,0
28178,0,0,1,0,0
28179,0,0,1,0,0
28180,0,0,1,0,0
28181,0,0,1,0,0
28182,0,0,1,0,0
28183,0,0,1,0,0
28184,0,0,1,0,0
28185,0,0,1,0,0
28186,0,0,1,0,0
28187,0,0,1,0,0
28188,0,0,1,0,0
28189,0,0,1,0,0
28190,0,0,1,0,0
28191,0,0,1,0,0
28192,0,0,1,0,0
28193,0,0,1,0,0
28194,0,0,1,0,0
28195,0,0,0,0,1
28196,0,0,0,0,1
28197,0,0,0,0,1
28198,0,0,0,0,1
28199,0,0,0,0,1
28200,0,0,0,0,1
28201,0,0,0,0,1
28202,0,0,0,0,1
28203,0,0,0,0,1
28204,0,0,0,0,1
28205,0,0,0,0,1
28206,0,0,0,0,1
28207,0,0,0,0,1
28208,0,0,0,0,1
28209,0,0,0,0,1
28210,0,0,0,0,1
28211,0,0,0,0,1
28212,0,0,0,0,1
28213,0,0,0,0,1
28214,0,0,0,0,1
28215,0,0,0,0,1
28216,0,0,0,0,1
28217,0,0,0,0,1
28218,0,0,0,0,1
28219,0,0,0,0,1
28220,0,0,0,0,1
28221,0,0,0,0,1
28222,0,0,0,0,1
28223,0,0,0,0,1
28224,0,0,0,0,1
28225,0,0,0,0,1
28226,0,0,0,0,1
28227,0,0,0,0,1
28228,0,0,0,0,1
28229,0,0,0,0,1
28230,0,0,0,0,1
28231,0,0,0,0,1
28232,0,0,0,0,1
28233,0,0,0,0,1
28234,0,0,0,0,1
28235,0,0,0,0,1
28236,0,0,0,0,1
28237,0,0,0,0,1
28238,0,0,0,0,1
28239,0,0,0,0,1
28240,0,0,0,0,1
28241,0,0,0,0,1
28242,0,0,0,0,1
28243,0,0,0,0,1
28244,0,0,0,0,1
28245,0,0,0,0,1
28246,0,0,0,0,1
28247,0,0,0,0,1
28248,0,0,0,0,1
28249,0,0,0,0,1
28250,0,0,0,0,1
28251,0,0,0,0,1
28252,0,0,0,0,1
28253,0,0,0,0,1
28254,0,0,0,0,1
28255,0,0,0,0,1
28256,0,0,0,0,1
28257,0,0,0,0,1
28258,0,0,0,0,1
28259,0,0,0,0,1
28260,0,0,0,0,1
28261,0,0,0,0,1
28262,0,0,0,0,1
28263,0,0,0,0,1
28264,0,0,0,0,1
28265,0,0,0,0,1
28266,0,0,0,0,1
28267,0,0,0,0,1
28268,0,0,0,0,1
28269,0,0,0,0,1
28270,0,0,0,0,1
28271,0,0,0,0,1
28272,0,0,0,0,1
28273,0,0,0,0,1
28274,0,0,0,0,1
28275,0,0,0,0,1
28276,0,0,0,0,1
28277,0,0,0,0,1
28278,0,0,0,0,1
28279,0,0,0,0,1
28280,0,0,0,0,1
28281,0,0,0,0,1
28282,0,0,0,0,1
28283,0,0,0,0,1
28284,0,0,0,0,1
28285,0,0,0,0,1
28286,0,0,0,0,1
28287,0,0,0,0,1
28288,0,0,0,0,1
28289,0,0,0,0,1
28290,0,0,0,0,1
28291,0,0,0,0,1
28292,0,0,0,0,1
28293,0,0,0,0,1
28294,0,0,0,0,1
28295,0,0,0,0,1
28296,0,0,0,0,1
28297,0,0,0,0,1
28298,0,0,0,0,1
28299,0,0,0,0,1
28300,0,0,0,0,1
28301,0,0,0,0,1
28302,0,0,0,0,1
28303,0,0,0,0,1
28304,0,0,0,0,1
28305,0,0,0,0,1
28306,0,0,0,0,1
28307,0,0,0,0,1
28308,0,0,0,0,1
28309,0,0,0,0,1
28310,0,0,0,0,1
28311,0,0,0,0,1
28312,0,0,0,0,1
28313,0,0,0,0,1
28314,0,0,0,0,1
28315,0,0,0,0,1
28316,0,0,0,0,1
28317,0,0,0,0,1
28318,0,0,0,0,1
28319,0,0,0,0,1
28320,0,0,0,0,1
28321,0,0,0,0,1
28322,0,0,0,0,1
28323,0,0,0,0,1
28324,0,0,0,0,1
28325,0,0,0,0,1
28326,0,0,0,0,1
28327,0,0,0,0,1
28328,0,0,0,0,1
28329,0,0,0,0,1
28330,0,0,0,0,1
28331,0,0,0,0,1
28332,0,0,0,0,1
28333,0,0,0,0,1
28334,0,0,0,0,1
28335,0,0,0,0,1
28336,0,0,0,0,1
28337,0,0,0,0,1
28338,0,0,0,0,1
28339,0,0,0,0,1
28340,0,0,0,0,1
28341,0,0,0,0,1
28342,0,0,0,0,1
28343,0,0,0,0,1
28344,0,0,0,0,1
28345,0,0,0,0,1
28346,0,0,0,0,1
28347,0,0,0,0,1
28348,0,0,0,0,1
28349,0,0,0,0,1
28350,0,0,0,0,1
28351,0,0,0,0,1
28352,0,0,0,0,1
28353,0,0,0,0,1
28354,0,0,0,0,1
28355,0,0,0,0,1
28356,0,0,0,0,1
28357,0,0,0,0,1
28358,0,0,0,0,1
28359,0,0,0,0,1
28360,0,0,0,0,1
28361,0,0,0,0,1
28362,0,0,0,0,1
28363,0,0,0,0,1
28364,0,0,0,0,1
28365,0,0,0,0,1
28366,0,0,0,0,1
28367,0,0,0,0,1
28368,0,0,0,0,1
28369,0,0,0,0,1
28370,0,0,0,0,1
28371,0,0,0,0,1
28372,0,0,0,0,1
28373,0,0,0,0,1
28374,0,0,0,0,1
28375,0,0,0,0,1
28376,0,0,0,0,1
28377,0,0,0,0,1
28378,0,0,0,0,1
28379,0,0,0,0,1
28380,0,0,0,0,1
28381,0,0,0,0,1
28382,0,0,0,0,1
28383,0,0,0,0,1
28384,0,0,0,0,1
28385,0,0,0,0,1
28386,0,0,0,0,1
28387,0,0,0,0,1
28388,0,0,0,0,1
28389,0,0,0,0,1
28390,0,0,0,0,1
28391,0,0,0,0,1
28392,0,0,0,0,1
28393,0,0,0,0,1
28394,0,0,0,0,1
28395,0,0,0,0,1
28396,0,0,0,0,1
28397,0,0,0,0,1
28398,0,0,0,0,1
28399,0,0,0,0,1
28400,0,0,0,0,1
28401,0,0,0,0,1
28402,0,0,0,0,1
28403,0,0,0,0,1
28404,0,0,0,0,1
28405,0,0,0,0,1
28406,0,0,0,0,1
28407,0,0,0,0,1
28408,0,0,0,0,1
28409,0,0,0,0,1
28410,0,0,0,0,1
28411,0,0,0,0,1
28412,0,0,0,0,1
28413,0,0,0,0,1
28414,0,0,0,0,1
28415,0,0,0,0,1
28416,0,0,0,0,1
28417,0,0,0,0,1
28418,0,0,0,0,1
28419,0,0,0,0,1
28420,0,0,0,0,1
28421,0,0,0,0,1
28422,0,0,0,0,1
28423,0,0,0,0,1
28424,0,0,0,0,1
28425,0,0,0,0,1
28426,0,0,0,0,1
28427,0,0,0,0,1
28428,0,0,0,0,1
28429,0,0,0,0,1
28430,0,0,0,0,1
28431,0,0,0,0,1
28432,0,0,0,0,1
28433,0,0,0,0,1
28434,0,0,0,0,1
28435,0,0,0,0,1
28436,0,0,0,0,1
28437,0,0,0,0,1
28438,0,0,0,0,1
28439,0,0,0,0,1
28440,0,0,0,0,1
28441,0,0,0,0,1
28442,0,0,0,0,1
28443,0,0,0,0,1
28444,0,0,0,0,1
28445,0,0,0,0,1
28446,0,0,0,0,1
28447,0,0,0,0,1
28448,0,0,0,0,1
28449,0,0,0,0,1
28450,0,0,0,0,1
28451,0,0,0,0,1
28452,0,0,0,0,1
28453,0,0,0,0,1
28454,0,0,0,0,1
28455,0,0,0,0,1
28456,0,0,0,0,1
28457,0,0,0,0,1
28458,0,0,0,0,1
28459,0,0,0,0,1
28460,0,0,0,0,1
28461,0,0,0,0,1
28462,0,0,0,0,1
28463,0,0,0,0,1
28464,0,0,0,0,1
28465,0,0,0,0,1
28466,0,0,0,0,1
28467,0,0,0,0,1
28468,0,0,0,0,1
28469,0,0,0,0,1
28470,0,0,0,0,1
28471,0,0,0,0,1
28472,0,0,0,0,1
28473,0,0,0,0,1
28474,0,0,0,0,1
28475,0,0,0,0,1
28476,0,0,0,0,1
28477,0,0,0,0,1
28478,0,0,0,0,1
28479,0,0,0,0,1
28480,0,0,0,0,1
28481,0,0,0,0,1
28482,0,0,0,0,1
28483,0,0,0,0,1
28484,0,0,0,0,1
28485,0,0,0,0,1
28486,0,0,0,0,1
28487,0,0,0,0,1
28488,0,0,0,0,1
28489,0,0,0,0,1
28490,0,0,0,0,1
28491,0,0,0,0,1
28492,0,0,0,0,1
28493,0,0,0,0,1
28494,0,0,0,0,1
28495,0,0,0,0,1
28496,0,0,0,0,1
28497,0,0,0,0,1
28498,0,0,0,0,1
28499,0,0,0,0,1
28500,0,0,0,0,1
28501,0,0,0,0,1
28502,0,0,0,0,1
28503,0,0,0,0,1
28504,0,0,0,0,1
28505,0,0,0,0,1
28506,0,0,0,0,1
28507,0,0,0,0,1
28508,0,0,0,0,1
28509,0,0,0,0,1
28510,0,0,0,0,1
28511,0,0,0,0,1
28512,0,0,0,0,1
28513,0,0,0,0,1
28514,0,0,0,0,1
28515,0,0,0,0,1
28516,0,0,0,0,1
28517,0,0,0,0,1
28518,0,0,0,0,1
28519,0,0,0,0,1
28520,0,0,0,0,1
28521,0,0,0,0,1
28522,0,0,0,0,1
28523,0,0,0,0,1
28524,0,0,0,0,1
28525,0,0,0,0,1
28526,0,0,0,0,1
28527,0,0,0,0,1
28528,0,0,0,0,1
28529,0,0,0,0,1
28530,0,0,0,0,1
28531,0,0,0,0,1
28532,0,0,0,0,1
28533,0,0,0,0,1
28534,0,0,0,0,1
28535,0,0,0,0,1
28536,0,0,0,0,1
28537,0,0,0,0,1
28538,0,0,0,0,1
28539,0,0,0,0,1
28540,0,0,0,0,1
28541,0,0,0,0,1
28542,0,0,0,0,1
28543,0,0,0,0,1
28544,0,0,0,0,1
28545,0,0,0,0,1
28546,0,0,0,0,1
28547,0,0,0,0,1
28548,0,0,0,0,1
28549,0,0,0,0,1
28550,0,0,0,0,1
28551,0,0,0,0,1
28552,0,0,0,0,1
28553,0,0,0,0,1
28554,0,0,0,0,1
28555,0,0,0,0,1
28556,0,0,0,0,1
28557,0,0,0,0,1
28558,0,0,0,0,1
28559,0,0,0,0,1
28560,0,0,0,0,1
28561,0,0,0,0,1
28562,0,0,0,0,1
28563,0,0,0,0,1
28564,0,0,0,0,1
28565,0,0,0,0,1
28566,0,0,0,0,1
28567,0,0,0,0,1
28568,0,0,0,0,1
28569,0,0,0,0,1
28570,0,0,0,0,1
28571,0,0,0,0,1
28572,0,0,0,0,1
28573,0,0,0,0,1
28574,0,0,0,0,1
28575,0,0,0,0,1
28576,0,0,0,0,1
28577,0,0,0,0,1
28578,0,0,0,0,1
28579,0,0,0,0,1
28580,0,0,0,0,1
28581,0,0,0,0,1
28582,0,0,0,0,1
28583,0,0,0,0,1
28584,0,0,0,0,1
28585,0,0,0,0,1
28586,0,0,0,0,1
28587,0,0,0,0,1
28588,0,0,0,0,1
28589,0,0,0,0,1
28590,0,0,0,0,1
28591,0,0,0,0,1
28592,0,0,0,0,1
28593,0,0,0,0,1
28594,0,0,0,0,1
28595,0,0,1,0,0
28596,0,0,1,0,0
28597,0,0,1,0,0
28598,0,0,1,0,0
28599,0,0,1,0,0
28600,0,0,1,0,0
28601,0,0,1,0,0
28602,0,0,1,0,0
28603,0,0,1,0,0
28604,0,0,1,0,0
28605,0,0,1,0,0
28606,0,0,1,0,0
28607,0,0,1,0,0
28608,0,0,1,0,0
28609,0,0,1,0,0
28610,0,0,1,0,0
28611,0,0,1,0,0
28612,0,0,1,0,0
28613,0,0,1,0,0
28614,0,0,1,0,0
28615,0,0,1,0,0
28616,0,0,1,0,0
28617,0,0,1,0,0
28618,0,0,1,0,0
28619,0,0,1,0,0
28620,0,0,1,0,0
28621,0,0,1,0,0
28622,0,0,1,0,0
28623,0,0,1,0,0
28624,0,0,1,0,0
28625,0,0,1,0,0
28626,0,0,1,0,0
28627,0,0,1,0,0
28628,0,0,1,0,0
28629,0,0,1,0,0
28630,0,0,1,0,0
28631,0,0,1,0,0
28632,0,0,1,0,0
28633,0,0,1,0,0
28634,0,0,1,0,0
28635,0,0,1,0,0
28636,0,0,1,0,0
28637,0,0,1,0,0
28638,0,0,1,0,0
28639,0,0,1,0,0
28640,0,0,1,0,0
28641,0,0,1,0,0
28642,0,0,1,0,0
28643,0,0,1,0,0
28644,0,0,1,0,0
28645,0,0,1,0,0
28646,0,0,1,0,0
28647,0,0,1,0,0
28648,0,0,1,0,0
28649,0,0,1,0,0
28650,0,0,1,0,0
28651,0,0,1,0,0
28652,0,0,1,0,0
28653,0,0,1,0,0
28654,0,0,1,0,0
28655,0,0,1,0,0
28656,0,0,1,0,0
28657,0,0,1,0,0
28658,0,0,1,0,0
28659,0,0,1,0,0
28660,0,0,1,0,0
28661,0,0,1,0,0
28662,0,0,1,0,0
28663,0,0,1,0,0
28664,0,0,1,0,0
28665,0,0,1,0,0
28666,0,0,1,0,0
28667,0,0,1,0,0
28668,0,0,1,0,0
28669,0,0,1,0,0
28670,0,0,1,0,0
28671,0,0,1,0,0
28672,0,0,1,0,0
28673,0,0,1,0,0
28674,0,0,1,0,0
28675,0,0,1,0,0
28676,0,0,1,0,0
28677,0,0,0,0,1
28678,0,0,0,0,1
28679,0,0,0,0,1
28680,0,0,0,0,1
28681,0,0,0,0,1
28682,0,0,0,0,1
28683,0,0,0,0,1
28684,0,0,0,0,1
28685,0,0,0,0,1
28686,0,0,0,0,1
28687,0,0,0,0,1
28688,0,0,0,0,1
28689,0,0,0,0,1
28690,0,0,0,0,1
28691,0,0,0,0,1
28692,0,0,0,0,1
28693,0,0,0,0,1
28694,0,0,0,0,1
28695,0,0,0,0,1
28696,0,0,0,0,1
28697,0,0,0,0,1
28698,0,0,0,0,1
28699,0,0,0,0,1
28700,0,0,0,0,1
28701,0,0,0,0,1
28702,0,0,0,0,1
28703,0,0,0,0,1
28704,0,0,0,0,1
28705,0,0,0,0,1
28706,0,0,0,0,1
28707,0,0,0,0,1
28708,0,0,0,0,1
28709,0,0,0,0,1
28710,0,0,0,0,1
28711,0,0,0,0,1
28712,0,0,0,0,1
28713,0,0,0,0,1
28714,0,0,0,0,1
28715,0,0,0,0,1
28716,0,0,0,0,1
28717,0,0,0,0,1
28718,0,0,0,0,1
28719,0,0,0,0,1
28720,0,0,0,0,1
28721,0,0,0,0,1
28722,0,0,0,0,1
28723,0,0,0,0,1
28724,0,0,0,0,1
28725,0,0,0,0,1
28726,0,0,0,0,1
28727,0,0,0,0,1
28728,0,0,0,0,1
28729,0,0,0,0,1
28730,0,0,0,0,1
28731,0,0,0,0,1
28732,0,0,0,0,1
28733,0,0,0,0,1
28734,0,0,0,0,1
28735,0,0,0,0,1
28736,0,0,0,0,1
28737,0,0,0,0,1
28738,0,0,0,0,1
28739,0,0,0,0,1
28740,0,0,0,0,1
28741,0,0,0,0,1
28742,0,0,0,0,1
28743,0,0,0,0,1
28744,0,0,0,0,1
28745,0,0,0,0,1
28746,0,0,0,0,1
28747,0,0,0,0,1
28748,0,0,0,0,1
28749,0,0,0,0,1
28750,0,0,0,0,1
28751,0,0,0,0,1
28752,0,0,0,0,1
28753,0,0,0,0,1
28754,0,0,0,0,1
28755,0,0,0,0,1
28756,0,0,0,0,1
28757,0,0,0,0,1
28758,0,0,0,0,1
28759,0,0,0,0,1
28760,0,0,0,0,1
28761,0,0,0,0,1
28762,0,0,0,0,1
28763,0,0,0,0,1
28764,0,0,0,0,1
28765,0,0,0,0,1
28766,0,0,0,0,1
28767,0,0,0,0,1
28768,0,0,0,0,1
28769,0,0,0,0,1
28770,0,0,0,0,1
28771,0,0,0,0,1
28772,0,0,0,0,1
28773,0,0,0,0,1
28774,0,0,0,0,1
28775,0,0,0,0,1
28776,0,0,0,0,1
28777,0,0,0,0,1
28778,0,0,0,0,1
28779,0,0,0,0,1
28780,0,0,0,0,1
28781,0,0,0,0,1
28782,0,0,0,0,1
28783,0,0,0,0,1
28784,0,0,0,0,1
28785,0,0,0,0,1
28786,0,0,0,0,1
28787,0,0,0,0,1
28788,0,0,0,0,1
28789,0,0,0,0,1
28790,0,0,0,0,1
28791,0,0,0,0,1
28792,0,0,0,0,1
28793,0,0,0,0,1
28794,0,0,0,0,1
28795,0,0,0,0,1
28796,0,0,0,0,1
28797,0,0,0,0,1
28798,0,0,0,0,1
28799,0,0,0,0,1
28800,0,0,0,0,1
28801,0,0,0,0,1
28802,0,0,0,0,1
28803,0,0,0,0,1
28804,0,0,0,0,1
28805,0,0,0,0,1
28806,0,0,0,0,1
28807,0,0,0,0,1
28808,0,0,0,0,1
28809,0,0,0,0,1
28810,0,0,0,0,1
28811,0,0,0,0,1
28812,0,0,0,0,1
28813,0,0,0,0,1
28814,0,0,0,0,1
28815,0,0,0,0,1
28816,0,0,0,0,1
28817,0,0,0,0,1
28818,0,0,0,0,1
28819,0,0,0,0,1
28820,0,0,0,0,1
28821,0,0,0,0,1
28822,0,0,0,0,1
28823,0,0,0,0,1
28824,0,0,0,0,1
28825,0,0,0,0,1
28826,0,0,0,0,1
28827,0,0,0,0,1
28828,0,0,0,0,1
28829,0,0,0,0,1
28830,0,0,0,0,1
28831,0,0,0,0,1
28832,0,0,0,0,1
28833,0,0,0,0,1
28834,0,0,0,0,1
28835,0,0,0,0,1
28836,0,0,0,0,1
28837,0,0,0,0,1
28838,0,0,0,0,1
28839,0,0,0,0,1
28840,0,0,0,0,1
28841,0,0,0,0,1
28842,0,0,0,0,1
28843,0,0,0,0,1
28844,0,0,0,0,1
28845,0,0,0,0,1
28846,0,0,0,0,1
28847,0,0,0,0,1
28848,0,0,0,0,1
28849,0,0,0,0,1
28850,0,0,0,0,1
28851,0,0,0,0,1
28852,0,0,0,0,1
28853,0,0,0,0,1
28854,0,0,0,0,1
28855,0,0,0,0,1
28856,0,0,0,0,1
28857,0,0,0,0,1
28858,0,0,0,0,1
28859,0,0,0,0,1
28860,0,0,0,0,1
28861,0,0,0,0,1
28862,0,0,0,0,1
28863,0,0,0,0,1
28864,0,0,0,0,1
28865,0,0,0,0,1
28866,0,0,0,0,1
28867,0,0,0,0,1
28868,0,0,0,0,1
28869,0,0,0,0,1
28870,0,0,0,0,1
28871,0,0,0,0,1
28872,0,0,0,0,1
28873,0,0,0,0,1
28874,0,0,0,0,1
28875,0,0,0,0,1
28876,0,0,0,0,1
28877,0,0,0,0,1
28878,0,0,0,0,1
28879,0,0,0,0,1
28880,0,0,0,0,1
28881,0,0,0,0,1
28882,0,0,0,0,1
28883,0,0,0,0,1
28884,0,0,0,0,1
28885,0,0,0,0,1
28886,0,0,0,0,1
28887,0,0,0,0,1
28888,0,0,0,0,1
28889,0,0,0,0,1
28890,0,0,0,0,1
28891,0,0,0,0,1
28892,0,0,0,0,1
28893,0,0,0,0,1
28894,0,0,0,0,1
28895,0,0,0,0,1
28896,0,0,0,0,1
28897,0,0,0,0,1
28898,0,0,0,0,1
28899,0,0,0,0,1
28900,0,0,0,0,1
28901,0,0,0,0,1
28902,0,0,0,0,1
28903,0,0,0,0,1
28904,1,0,0,0,0
28905,1,0,0,0,0
28906,1,0,0,0,0
28907,1,0,0,0,0
28908,1,0,0,0,0
28909,1,0,0,0,0
28910,1,0,0,0,0
28911,1,0,0,0,0
28912,1,0,0,0,0
28913,1,0,0,0,0
28914,1,0,0,0,0
28915,1,0,0,0,0
28916,1,0,0,0,0
28917,1,0,0,0,0
28918,1,0,0,0,0
28919,1,0,0,0,0
28920,1,0,0,0,0
28921,1,0,0,0,0
28922,1,0,0,0,0
28923,1,0,0,0,0
28924,1,0,0,0,0
28925,1,0,0,0,0
28926,0,0,0,0,1
28927,0,0,0,0,1
28928,0,0,0,0,1
28929,0,0,0,0,1
28930,0,0,0,0,1
28931,0,0,0,0,1
28932,0,0,0,0,1
28933,0,0,0,0,1
28934,0,0,0,0,1
28935,0,0,0,0,1
28936,0,0,0,0,1
28937,0,0,0,0,1
28938,0,0,0,0,1
28939,0,0,0,0,1
28940,0,0,0,0,1
28941,0,0,0,0,1
28942,0,0,0,0,1
28943,0,0,0,0,1
28944,0,0,0,0,1
28945,0,0,0,0,1
28946,0,0,0,0,1
28947,0,0,0,0,1
28948,0,0,0,0,1
28949,0,0,0,0,1
28950,0,0,0,0,1
28951,0,0,0,0,1
28952,0,0,0,0,1
28953,0,0,0,0,1
28954,0,0,0,0,1
28955,0,0,0,0,1
28956,0,0,0,0,1
28957,0,0,0,0,1
28958,0,0,0,0,1
28959,0,0,0,0,1
28960,0,0,0,0,1
28961,0,0,0,0,1
28962,0,0,0,0,1
28963,0,0,0,0,1
28964,0,0,0,0,1
28965,0,0,0,0,1
28966,0,0,0,0,1
28967,0,0,0,0,1
28968,0,0,0,0,1
28969,0,0,0,0,1
28970,0,0,0,0,1
28971,0,0,0,0,1
28972,0,0,0,0,1
28973,0,0,0,0,1
28974,0,0,0,0,1
28975,0,0,0,0,1
28976,0,0,0,0,1
28977,0,0,0,0,1
28978,0,0,0,0,1
28979,0,0,0,0,1
28980,0,0,0,0,1
28981,0,0,0,0,1
28982,0,0,0,0,1
28983,0,0,0,0,1
28984,0,0,0,0,1
28985,0,0,0,0,1
28986,0,0,0,0,1
28987,0,0,0,0,1
28988,0,0,0,0,1
28989,0,0,0,0,1
28990,0,0,0,0,1
28991,0,0,0,0,1
28992,0,0,0,0,1
28993,0,0,0,0,1
28994,0,0,0,0,1
28995,0,0,0,0,1
28996,0,0,0,0,1
28997,0,0,0,0,1
28998,0,0,0,0,1
28999,0,0,0,0,1
29000,0,0,0,0,1
29001,0,0,0,0,1
29002,0,0,0,0,1
29003,0,0,0,0,1
29004,0,0,0,0,1
29005,0,0,0,0,1
29006,0,0,0,0,1
29007,0,0,0,0,1
29008,0,0,1,0,0
29009,0,0,1,0,0
29010,0,0,1,0,0
29011,0,0,1,0,0
29012,0,0,1,0,0
29013,0,0,1,0,0
29014,0,0,1,0,0
29015,0,0,1,0,0
29016,0,0,1,0,0
29017,0,0,1,0,0
29018,0,0,1,0,0
29019,0,0,1,0,0
29020,0,0,1,0,0
29021,0,0,1,0,0
29022,0,0,1,0,0
29023,0,0,1,0,0
29024,0,0,1,0,0
29025,0,0,1,0,0
29026,0,0,1,0,0
29027,0,0,1,0,0
29028,0,0,1,0,0
29029,0,0,1,0,0
29030,0,0,1,0,0
29031,0,0,1,0,0
29032,0,0,1,0,0
29033,0,0,1,0,0
29034,0,0,1,0,0
29035,0,0,1,0,0
29036,0,0,1,0,0
29037,0,0,1,0,0
29038,0,0,1,0,0
29039,0,0,1,0,0
29040,0,0,1,0,0
29041,0,0,1,0,0
29042,0,0,1,0,0
29043,0,0,1,0,0
29044,0,0,1,0,0
29045,0,0,1,0,0
29046,0,0,1,0,0
29047,0,0,1,0,0
29048,0,0,1,0,0
29049,0,0,1,0,0
29050,0,0,1,0,0
29051,0,0,1,0,0
29052,0,0,1,0,0
29053,0,0,1,0,0
29054,0,0,1,0,0
29055,0,0,1,0,0
29056,0,0,1,0,0
29057,0,0,1,0,0
29058,0,0,1,0,0
29059,0,0,1,0,0
29060,0,0,1,0,0
29061,0,0,1,0,0
29062,0,0,1,0,0
29063,0,0,1,0,0
29064,0,0,1,0,0
29065,0,0,1,0,0
29066,0,0,1,0,0
29067,0,0,1,0,0
29068,0,0,1,0,0
29069,0,0,1,0,0
29070,0,0,1,0,0
29071,0,0,1,0,0
29072,0,0,0,0,1
29073,0,0,0,0,1
29074,0,0,0,0,1
29075,0,0,0,0,1
29076,0,0,0,0,1
29077,0,0,0,0,1
29078,0,0,0,0,1
29079,0,0,0,0,1
29080,0,0,0,0,1
29081,0,0,0,0,1
29082,0,0,0,0,1
29083,0,0,0,0,1
29084,0,0,0,0,1
29085,0,0,0,0,1
29086,0,0,0,0,1
29087,0,0,0,0,1
29088,0,0,0,0,1
29089,0,0,0,0,1
29090,0,0,0,0,1
29091,0,0,0,0,1
29092,0,0,0,0,1
29093,0,0,0,0,1
29094,0,0,0,0,1
29095,0,0,0,0,1
29096,0,0,0,0,1
29097,0,0,0,0,1
29098,0,0,0,0,1
29099,0,0,0,0,1
29100,0,0,0,0,1
29101,0,0,0,0,1
29102,0,0,0,0,1
29103,0,0,0,0,1
29104,0,0,0,0,1
29105,0,0,0,0,1
29106,0,0,0,0,1
29107,0,0,0,0,1
29108,0,0,0,0,1
29109,0,0,0,0,1
29110,0,0,0,0,1
29111,0,0,0,0,1
29112,0,0,0,0,1
29113,0,0,0,0,1
29114,0,0,0,0,1
29115,0,0,0,0,1
29116,0,0,0,0,1
29117,0,0,0,0,1
29118,0,0,0,0,1
29119,0,0,0,0,1
29120,0,0,0,0,1
29121,0,0,0,0,1
29122,0,0,0,0,1
29123,0,0,0,0,1
29124,0,0,0,0,1
29125,0,0,0,0,1
29126,0,0,0,0,1
29127,0,0,0,0,1
29128,0,0,0,0,1
29129,0,0,0,0,1
29130,0,0,0,0,1
29131,0,0,0,0,1
29132,0,0,0,0,1
29133,0,0,0,0,1
29134,0,0,0,0,1
29135,0,0,0,0,1
29136,0,0,0,0,1
29137,0,0,0,0,1
29138,0,0,0,0,1
29139,0,0,0,0,1
29140,0,0,0,0,1
29141,0,0,0,0,1
29142,0,0,0,0,1
29143,0,0,0,0,1
29144,0,0,0,0,1
29145,1,0,0,0,0
29146,1,0,0,0,0
29147,1,0,0,0,0
29148,1,0,0,0,0
29149,1,0,0,0,0
29150,1,0,0,0,0
29151,1,0,0,0,0
29152,1,0,0,0,0
29153,1,0,0,0,0
29154,1,0,0,0,0
29155,1,0,0,0,0
29156,1,0,0,0,0
29157,1,0,0,0,0
29158,1,0,0,0,0
29159,1,0,0,0,0
29160,1,0,0,0,0
29161,1,0,0,0,0
29162,1,0,0,0,0
29163,1,0,0,0,0
29164,1,0,0,0,0
29165,1,0,0,0,0
29166,1,0,0,0,0
29167,1,0,0,0,0
29168,1,0,0,0,0
29169,1,0,0,0,0
29170,1,0,0,0,0
29171,1,0,0,0,0
29172,1,0,0,0,0
29173,1,0,0,0,0
29174,1,0,0,0,0
29175,1,0,0,0,0
29176,1,0,0,0,0
29177,1,0,0,0,0
29178,1,0,0,0,0
29179,1,0,0,0,0
29180,1,0,0,0,0
29181,1,0,0,0,0
29182,1,0,0,0,0
29183,1,0,0,0,0
29184,1,0,0,0,0
29185,1,0,0,0,0
29186,1,0,0,0,0
29187,1,0,0,0,0
29188,1,0,0,0,0
29189,1,0,0,0,0
29190,1,0,0,0,0
29191,1,0,0,0,0
29192,1,0,0,0,0
29193,1,0,0,0,0
29194,1,0,0,0,0
29195,0,0,0,0,1
29196,0,0,0,0,1
29197,0,0,0,0,1
29198,0,0,0,0,1
29199,0,0,0,0,1
29200,0,0,0,0,1
29201,0,0,0,0,1
29202,0,0,0,0,1
29203,0,0,0,0,1
29204,0,0,0,0,1
29205,0,0,0,0,1
29206,0,0,0,0,1
29207,0,0,0,0,1
29208,0,0,0,0,1
29209,0,0,0,0,1
29210,0,0,0,0,1
29211,0,0,0,0,1
29212,0,0,0,0,1
29213,0,0,0,0,1
29214,0,0,0,0,1
29215,0,0,0,0,1
29216,0,0,0,0,1
29217,0,0,0,0,1
29218,0,0,0,0,1
29219,0,0,0,0,1
29220,0,0,0,0,1
29221,0,0,0,0,1
29222,0,0,0,0,1
29223,0,0,0,0,1
29224,0,0,0,0,1
29225,0,0,0,0,1
29226,0,0,0,0,1
29227,0,0,0,0,1
29228,0,0,0,0,1
29229,0,0,0,0,1
29230,0,0,0,0,1
29231,0,0,0,0,1
29232,0,0,0,0,1
29233,0,0,0,0,1
29234,0,0,0,0,1
29235,0,0,0,0,1
29236,0,0,0,0,1
29237,0,0,0,0,1
29238,0,0,0,0,1
29239,0,0,0,0,1
29240,0,0,0,0,1
29241,0,0,0,0,1
29242,0,0,0,0,1
29243,0,0,0,0,1
29244,0,0,0,0,1
29245,0,0,0,0,1
29246,0,0,0,0,1
29247,0,0,0,0,1
29248,0,0,0,0,1
29249,0,0,0,0,1
29250,0,0,0,0,1
29251,0,0,0,0,1
29252,0,0,0,0,1
29253,0,0,0,0,1
29254,0,0,0,0,1
29255,0,0,0,0,1
29256,0,0,0,0,1
29257,0,0,0,0,1
29258,0,0,0,0,1
29259,0,0,0,0,1
29260,0,0,0,0,1
29261,0,0,0,0,1
29262,0,0,0,0,1
29263,0,0,0,0,1
29264,0,0,0,0,1
29265,0,0,0,0,1
29266,0,0,0,0,1
29267,0,0,0,0,1
29268,0,0,0,0,1
29269,0,0,0,0,1
29270,0,0,0,0,1
29271,0,0,0,0,1
29272,0,0,0,0,1
29273,0,0,0,0,1
29274,0,0,0,0,1
29275,0,0,0,0,1
29276,0,0,0,0,1
29277,0,0,0,0,1
29278,0,0,0,0,1
29279,0,0,0,0,1
29280,0,0,0,0,1
29281,0,0,0,0,1
29282,0,0,0,0,1
29283,0,0,0,0,1
29284,0,0,0,0,1
29285,0,0,0,0,1
29286,0,0,0,0,1
29287,0,0,0,0,1
29288,0,0,0,0,1
29289,0,0,0,0,1
29290,0,0,0,0,1
29291,0,0,0,0,1
29292,0,0,0,0,1
29293,0,0,0,0,1
29294,0,0,0,0,1
29295,0,0,0,0,1
29296,0,0,0,0,1
29297,0,0,0,0,1
29298,0,0,0,0,1
29299,0,0,0,0,1
29300,0,0,0,0,1
29301,0,0,0,0,1
29302,0,0,0,0,1
29303,0,0,0,0,1
29304,0,0,0,0,1
29305,0,0,0,0,1
29306,0,0,0,0,1
29307,0,0,0,0,1
29308,0,0,0,0,1
29309,0,0,0,0,1
29310,0,0,0,0,1
29311,0,0,0,0,1
29312,0,0,0,0,1
29313,0,0,0,0,1
29314,0,0,0,0,1
29315,0,0,0,0,1
29316,0,0,0,0,1
29317,0,0,0,0,1
29318,0,0,0,0,1
29319,0,0,0,0,1
29320,0,0,0,0,1
29321,0,0,0,0,1
29322,0,0,0,0,1
29323,0,0,0,0,1
29324,0,0,0,0,1
29325,0,0,0,0,1
29326,0,0,0,0,1
29327,0,0,0,0,1
29328,0,0,0,0,1
29329,0,0,0,0,1
29330,0,0,0,0,1
29331,0,0,0,0,1
29332,0,0,0,0,1
29333,0,0,0,0,1
29334,0,0,0,0,1
29335,0,0,0,0,1
29336,0,0,0,0,1
29337,0,0,0,0,1
29338,0,0,0,0,1
29339,0,0,0,0,1
29340,0,0,0,0,1
29341,0,0,0,0,1
29342,0,0,0,0,1
29343,0,0,0,0,1
29344,0,0,0,0,1
29345,0,0,0,0,1
29346,0,0,0,0,1
29347,0,0,0,0,1
29348,0,0,0,0,1
29349,0,0,0,0,1
29350,0,0,0,0,1
29351,0,0,0,0,1
29352,0,0,0,0,1
29353,0,0,0,0,1
29354,0,0,0,0,1
29355,0,0,0,0,1
29356,0,0,0,0,1
29357,0,0,0,0,1
29358,0,0,0,0,1
29359,0,0,0,0,1
29360,0,0,0,0,1
29361,0,0,0,0,1
29362,0,0,0,0,1
29363,0,0,0,0,1
29364,0,0,0,0,1
29365,0,0,0,0,1
29366,0,0,0,0,1
29367,0,0,0,0,1
29368,0,0,0,0,1
29369,0,0,0,0,1
29370,0,0,0,0,1
29371,0,0,0,0,1
29372,0,0,0,0,1
29373,0,0,0,0,1
29374,0,0,0,0,1
29375,0,0,0,0,1
29376,0,0,0,0,1
29377,0,0,0,0,1
29378,0,0,0,0,1
29379,0,0,0,0,1
29380,0,0,0,0,1
29381,0,0,0,0,1
29382,0,0,0,0,1
29383,0,0,0,0,1
29384,0,0,0,0,1
29385,0,0,0,0,1
29386,0,0,0,0,1
29387,0,0,0,0,1
29388,0,0,0,0,1
29389,0,0,0,0,1
29390,0,0,0,0,1
29391,0,0,0,0,1
29392,0,0,0,0,1
29393,0,0,0,0,1
29394,0,0,0,0,1
29395,0,0,0,0,1
29396,0,0,0,0,1
29397,0,0,0,0,1
29398,0,0,0,0,1
29399,0,0,0,0,1
29400,0,0,0,0,1
29401,0,0,0,0,1
29402,0,0,0,0,1
29403,0,0,0,0,1
29404,0,0,0,0,1
29405,0,0,0,0,1
29406,0,0,0,0,1
29407,0,0,0,0,1
29408,0,0,0,0,1
29409,0,0,0,0,1
29410,0,0,0,0,1
29411,0,0,0,0,1
29412,0,0,0,0,1
29413,0,0,0,0,1
29414,0,0,0,0,1
29415,0,0,0,0,1
29416,0,0,0,0,1
29417,0,0,0,0,1
29418,0,0,0,0,1
29419,0,0,0,0,1
29420,0,0,0,0,1
29421,0,0,0,0,1
29422,0,0,0,0,1
29423,0,0,0,0,1
29424,0,0,0,0,1
29425,0,0,0,0,1
29426,0,0,0,0,1
29427,0,0,0,0,1
29428,0,0,0,0,1
29429,0,0,0,0,1
29430,0,0,0,0,1
29431,0,0,0,0,1
29432,0,0,0,0,1
29433,0,0,0,0,1
29434,0,0,0,0,1
29435,0,0,0,0,1
29436,0,0,0,0,1
29437,0,0,0,0,1
29438,0,0,0,0,1
29439,0,0,0,0,1
29440,0,0,0,0,1
29441,0,0,0,0,1
29442,0,0,0,0,1
29443,0,0,0,0,1
29444,0,0,0,0,1
29445,0,0,0,0,1
29446,0,0,0,0,1
29447,0,0,0,0,1
29448,0,0,0,0,1
29449,0,0,0,0,1
29450,0,0,0,0,1
29451,0,0,0,0,1
29452,0,0,0,0,1
29453,0,0,0,0,1
29454,0,0,0,0,1
29455,0,0,0,0,1
29456,0,0,0,0,1
29457,0,0,0,0,1
29458,0,0,0,0,1
29459,0,0,0,0,1
29460,0,0,0,0,1
29461,0,0,0,0,1
29462,0,0,0,0,1
29463,0,0,0,0,1
29464,0,0,0,0,1
29465,0,0,0,0,1
29466,0,0,0,0,1
29467,0,0,0,0,1
29468,0,0,0,0,1
29469,0,0,0,0,1
29470,0,0,0,0,1
29471,0,0,0,0,1
29472,0,0,0,0,1
29473,0,0,0,0,1
29474,0,0,0,0,1
29475,0,0,0,0,1
29476,0,0,0,0,1
29477,0,0,0,0,1
29478,0,0,0,0,1
29479,0,0,0,0,1
29480,0,0,0,0,1
29481,1,0,0,0,0
29482,1,0,0,0,0
29483,1,0,0,0,0
29484,1,0,0,0,0
29485,1,0,0,0,0
29486,1,0,0,0,0
29487,1,0,0,0,0
29488,1,0,0,0,0
29489,1,0,0,0,0
29490,1,0,0,0,0
29491,1,0,0,0,0
29492,1,0,0,0,0
29493,1,0,0,0,0
29494,1,0,0,0,0
29495,1,0,0,0,0
29496,1,0,0,0,0
29497,1,0,0,0,0
29498,1,0,0,0,0
29499,1,0,0,0,0
29500,1,0,0,0,0
29501,1,0,0,0,0
29502,1,0,0,0,0
29503,1,0,0,0,0
29504,1,0,0,0,0
29505,1,0,0,0,0
29506,1,0,0,0,0
29507,1,0,0,0,0
29508,1,0,0,0,0
29509,1,0,0,0,0
29510,1,0,0,0,0
29511,1,0,0,0,0
29512,1,0,0,0,0
29513,0,0,0,0,1
29514,0,0,0,0,1
29515,0,0,0,0,1
29516,0,0,0,0,1
29517,0,0,0,0,1
29518,0,0,0,0,1
29519,0,0,0,0,1
29520,0,0,0,0,1
29521,0,0,0,0,1
29522,0,0,0,0,1
29523,0,0,0,0,1
29524,1,0,0,0,0
29525,1,0,0,0,0
29526,1,0,0,0,0
29527,1,0,0,0,0
29528,1,0,0,0,0
29529,1,0,0,0,0
29530,1,0,0,0,0
29531,1,0,0,0,0
29532,1,0,0,0,0
29533,1,0,0,0,0
29534,1,0,0,0,0
29535,1,0,0,0,0
29536,1,0,0,0,0
29537,1,0,0,0,0
29538,1,0,0,0,0
29539,1,0,0,0,0
29540,1,0,0,0,0
29541,1,0,0,0,0
29542,1,0,0,0,0
29543,1,0,0,0,0
29544,1,0,0,0,0
29545,1,0,0,0,0
29546,1,0,0,0,0
29547,0,0,0,0,1
29548,0,0,0,0,1
29549,0,0,0,0,1
29550,0,0,0,0,1
29551,0,0,0,0,1
29552,0,1,0,0,0
29553,0,1,0,0,0
29554,0,1,0,0,0
29555,0,1,0,0,0
29556,0,1,0,0,0
29557,0,1,0,0,0
29558,0,1,0,0,0
29559,0,1,0,0,0
29560,0,1,0,0,0
29561,0,1,0,0,0
29562,0,1,0,0,0
29563,0,1,0,0,0
29564,0,1,0,0,0
29565,0,1,0,0,0
29566,0,1,0,0,0
29567,0,1,0,0,0
29568,0,1,0,0,0
29569,0,1,0,0,0
29570,0,1,0,0,0
29571,0,1,0,0,0
29572,0,1,0,0,0
29573,0,1,0,0,0
29574,0,1,0,0,0
29575,0,1,0,0,0
29576,0,1,0,0,0
29577,0,1,0,0,0
29578,0,1,0,0,0
29579,0,1,0,0,0
29580,0,1,0,0,0
29581,0,1,0,0,0
29582,0,1,0,0,0
29583,0,1,0,0,0
29584,0,1,0,0,0
29585,0,1,0,0,0
29586,0,1,0,0,0
29587,0,1,0,0,0
29588,0,1,0,0,0
29589,0,1,0,0,0
29590,0,1,0,0,0
29591,0,1,0,0,0
29592,0,1,0,0,0
29593,0,1,0,0,0
29594,0,1,0,0,0
29595,0,1,0,0,0
29596,0,1,0,0,0
29597,0,1,0,0,0
29598,0,1,0,0,0
29599,0,1,0,0,0
29600,0,1,0,0,0
29601,0,1,0,0,0
29602,0,1,0,0,0
29603,0,1,0,0,0
29604,0,1,0,0,0
29605,0,1,0,0,0
29606,0,1,0,0,0
29607,0,1,0,0,0
29608,0,1,0,0,0
29609,0,1,0,0,0
29610,0,1,0,0,0
29611,0,1,0,0,0
29612,0,1,0,0,0
29613,0,1,0,0,0
29614,0,1,0,0,0
29615,0,1,0,0,0
29616,0,1,0,0,0
29617,0,1,0,0,0
29618,0,1,0,0,0
29619,0,1,0,0,0
29620,0,1,0,0,0
29621,0,1,0,0,0
29622,0,1,0,0,0
29623,0,1,0,0,0
29624,0,1,0,0,0
29625,0,1,0,0,0
29626,0,1,0,0,0
29627,0,1,0,0,0
29628,0,1,0,0,0
29629,0,1,0,0,0
29630,0,1,0,0,0
29631,0,1,0,0,0
29632,0,1,0,0,0
29633,0,1,0,0,0
29634,0,1,0,0,0
29635,0,1,0,0,0
29636,0,1,0,0,0
29637,0,1,0,0,0
29638,0,1,0,0,0
29639,0,1,0,0,0
29640,0,1,0,0,0
29641,0,1,0,0,0
29642,0,1,0,0,0
29643,0,1,0,0,0
29644,0,1,0,0,0
29645,0,1,0,0,0
29646,0,1,0,0,0
29647,0,1,0,0,0
29648,0,1,0,0,0
29649,0,1,0,0,0
29650,0,1,0,0,0
29651,0,1,0,0,0
29652,0,1,0,0,0
29653,0,1,0,0,0
29654,0,1,0,0,0
29655,0,1,0,0,0
29656,0,1,0,0,0
29657,0,1,0,0,0
29658,0,1,0,0,0
29659,0,1,0,0,0
29660,0,1,0,0,0
29661,0,1,0,0,0
29662,0,1,0,0,0
29663,0,1,0,0,0
29664,0,1,0,0,0
29665,0,1,0,0,0
29666,0,1,0,0,0
29667,0,1,0,0,0
29668,0,1,0,0,0
29669,0,1,0,0,0
29670,0,1,0,0,0
29671,0,1,0,0,0
29672,0,1,0,0,0
29673,0,1,0,0,0
29674,0,1,0,0,0
29675,0,1,0,0,0
29676,0,1,0,0,0
29677,0,1,0,0,0
29678,0,1,0,0,0
29679,0,1,0,0,0
29680,0,1,0,0,0
29681,0,1,0,0,0
29682,0,1,0,0,0
29683,0,1,0,0,0
29684,0,1,0,0,0
29685,0,1,0,0,0
29686,0,1,0,0,0
29687,0,1,0,0,0
29688,0,1,0,0,0
29689,0,1,0,0,0
29690,0,1,0,0,0
29691,0,1,0,0,0
29692,0,1,0,0,0
29693,0,1,0,0,0
29694,0,1,0,0,0
29695,0,1,0,0,0
29696,0,1,0,0,0
29697,0,1,0,0,0
29698,0,1,0,0,0
29699,0,1,0,0,0
29700,0,1,0,0,0
29701,0,1,0,0,0
29702,0,1,0,0,0
29703,0,1,0,0,0
29704,0,1,0,0,0
29705,0,1,0,0,0
29706,0,1,0,0,0
29707,0,1,0,0,0
29708,0,1,0,0,0
29709,0,1,0,0,0
29710,0,1,0,0,0
29711,0,1,0,0,0
29712,0,1,0,0,0
29713,0,1,0,0,0
29714,0,1,0,0,0
29715,0,1,0,0,0
29716,0,1,0,0,0
29717,0,1,0,0,0
29718,0,1,0,0,0
29719,0,1,0,0,0
29720,0,1,0,0,0
29721,0,1,0,0,0
29722,0,1,0,0,0
29723,0,1,0,0,0
29724,0,1,0,0,0
29725,0,1,0,0,0
29726,0,1,0,0,0
29727,0,1,0,0,0
29728,0,1,0,0,0
29729,0,1,0,0,0
29730,0,1,0,0,0
29731,0,1,0,0,0
29732,0,1,0,0,0
29733,0,1,0,0,0
29734,0,1,0,0,0
29735,0,1,0,0,0
29736,0,1,0,0,0
29737,0,1,0,0,0
29738,0,1,0,0,0
29739,0,1,0,0,0
29740,0,1,0,0,0
29741,0,1,0,0,0
29742,0,1,0,0,0
29743,0,1,0,0,0
29744,0,1,0,0,0
29745,0,1,0,0,0
29746,0,1,0,0,0
29747,0,1,0,0,0
29748,0,1,0,0,0
29749,0,1,0,0,0
29750,0,1,0,0,0
29751,0,1,0,0,0
29752,0,1,0,0,0
29753,0,1,0,0,0
29754,0,1,0,0,0
29755,0,1,0,0,0
29756,0,1,0,0,0
29757,0,1,0,0,0
29758,0,1,0,0,0
29759,0,1,0,0,0
29760,0,1,0,0,0
29761,0,1,0,0,0
29762,0,1,0,0,0
29763,0,1,0,0,0
29764,0,1,0,0,0
29765,0,1,0,0,0
29766,0,1,0,0,0
29767,0,1,0,0,0
29768,0,1,0,0,0
29769,0,1,0,0,0
29770,0,1,0,0,0
29771,0,1,0,0,0
29772,0,1,0,0,0
29773,0,1,0,0,0
29774,0,1,0,0,0
29775,0,0,0,0,1
29776,0,0,0,0,1
29777,0,0,0,0,1
29778,0,0,0,0,1
29779,0,0,0,0,1
29780,0,0,0,0,1
29781,0,0,0,0,1
29782,0,0,0,0,1
29783,0,0,0,0,1
29784,0,0,0,0,1
29785,0,0,0,0,1
29786,0,0,0,0,1
29787,0,0,0,0,1
29788,0,0,0,0,1
29789,0,0,0,0,1
29790,0,0,0,0,1
29791,0,0,0,0,1
29792,0,0,0,0,1
29793,0,0,0,0,1
29794,0,0,0,0,1
29795,0,0,0,0,1
29796,0,0,0,0,1
29797,0,0,0,0,1
29798,0,0,0,0,1
29799,0,0,0,0,1
29800,0,0,0,0,1
29801,0,0,0,0,1
29802,0,0,0,0,1
29803,0,0,0,0,1
29804,0,0,0,0,1
29805,0,0,0,0,1
29806,0,0,0,0,1
29807,0,0,0,0,1
29808,0,0,0,0,1
29809,0,0,0,0,1
29810,0,0,0,0,1
29811,0,0,0,0,1
29812,0,0,0,0,1
29813,0,0,0,0,1
29814,0,0,0,0,1
29815,0,0,0,0,1
29816,0,0,0,0,1
29817,0,0,0,0,1
29818,0,0,0,0,1
29819,0,0,0,0,1
29820,0,0,0,0,1
29821,0,0,0,0,1
29822,0,0,0,0,1
29823,0,0,0,0,1
29824,0,0,0,0,1
29825,0,0,0,0,1
29826,0,0,0,0,1
29827,0,0,0,0,1
29828,0,0,0,0,1
29829,0,0,0,0,1
29830,0,0,0,0,1
29831,0,0,0,0,1
29832,0,0,0,0,1
29833,0,0,0,0,1
29834,0,0,0,0,1
29835,0,0,0,0,1
29836,0,0,0,0,1
29837,0,0,0,0,1
29838,0,0,0,0,1
29839,0,0,0,0,1
29840,0,0,0,0,1
29841,0,0,0,0,1
29842,0,0,0,0,1
29843,0,0,0,0,1
29844,0,0,0,0,1
29845,0,0,0,0,1
29846,0,0,0,0,1
29847,0,0,0,0,1
29848,0,0,0,0,1
29849,0,0,0,0,1
29850,0,0,0,0,1
29851,0,0,0,0,1
29852,0,0,0,0,1
29853,0,0,0,0,1
29854,0,0,0,0,1
29855,0,0,0,0,1
29856,0,0,0,0,1
29857,0,0,0,0,1
29858,0,0,0,0,1
29859,0,0,0,0,1
29860,0,0,0,0,1
29861,0,0,0,0,1
29862,0,0,0,0,1
29863,0,0,0,0,1
29864,0,0,0,0,1
29865,0,0,0,0,1
29866,0,0,0,0,1
29867,0,0,0,0,1
29868,0,0,0,0,1
29869,0,0,0,0,1
29870,0,0,0,0,1
29871,0,0,0,0,1
29872,0,0,0,0,1
29873,0,0,0,0,1
29874,0,0,0,0,1
29875,0,0,0,0,1
29876,0,0,0,0,1
29877,0,0,0,0,1
29878,0,0,0,0,1
29879,0,0,0,0,1
29880,0,0,0,0,1
29881,0,0,0,0,1
29882,0,0,0,0,1
29883,0,0,0,0,1
29884,0,0,0,0,1
29885,0,0,0,0,1
29886,0,0,0,0,1
29887,0,0,0,0,1
29888,0,0,0,0,1
29889,0,0,0,0,1
29890,0,0,0,0,1
29891,0,0,0,0,1
29892,0,0,0,0,1
29893,0,0,0,0,1
29894,0,0,0,0,1
29895,0,0,0,0,1
29896,0,0,0,0,1
29897,0,0,0,0,1
29898,0,0,0,0,1
29899,0,0,0,0,1
29900,0,0,0,0,1
29901,0,0,0,0,1
29902,0,0,0,0,1
29903,0,0,0,0,1
29904,0,0,0,0,1
29905,0,0,0,0,1
29906,0,0,0,0,1
29907,0,0,0,0,1
29908,0,0,0,0,1
29909,0,0,0,0,1
29910,0,0,0,0,1
29911,0,0,0,0,1
29912,0,0,0,0,1
29913,0,0,0,0,1
29914,0,0,0,0,1
29915,0,0,0,0,1
29916,0,0,0,0,1
29917,0,0,0,0,1
29918,0,0,0,0,1
29919,0,0,0,0,1
29920,0,0,0,0,1
29921,0,0,0,0,1
29922,0,0,0,0,1
29923,0,0,0,0,1
29924,0,0,0,0,1
29925,0,0,0,0,1
29926,0,0,0,0,1
29927,0,0,0,0,1
29928,0,0,0,0,1
29929,0,0,0,0,1
29930,0,0,0,0,1
29931,0,0,0,0,1
29932,0,0,0,0,1
29933,0,0,0,0,1
29934,0,0,0,0,1
29935,0,0,0,0,1
29936,0,0,0,0,1
29937,0,0,0,0,1
29938,0,0,0,0,1
29939,0,0,0,0,1
29940,0,0,0,0,1
29941,0,0,0,0,1
29942,0,0,0,0,1
29943,0,0,0,0,1
29944,0,0,0,0,1
29945,0,0,0,0,1
29946,0,0,0,0,1
29947,0,0,0,0,1
29948,0,0,0,0,1
29949,0,0,0,0,1
29950,0,0,0,0,1
29951,0,0,0,0,1
29952,0,0,0,0,1
29953,0,0,0,0,1
29954,0,0,0,0,1
29955,0,0,0,0,1
29956,0,0,0,0,1
29957,0,0,0,0,1
29958,0,0,0,0,1
29959,0,0,0,0,1
29960,0,0,0,0,1
29961,0,0,0,0,1
29962,0,0,0,0,1
29963,0,0,0,0,1
29964,0,0,0,0,1
29965,0,0,0,0,1
29966,0,0,0,0,1
29967,0,0,0,0,1
29968,0,0,0,0,1
29969,0,0,0,0,1
29970,0,0,0,0,1
29971,0,0,0,0,1
29972,0,0,0,0,1
29973,0,0,0,0,1
29974,0,0,0,0,1
29975,0,0,0,0,1
29976,0,0,0,0,1
29977,0,0,0,0,1
29978,0,0,0,0,1
29979,0,0,0,0,1
29980,0,0,0,0,1
29981,0,0,0,0,1
29982,0,0,0,0,1
29983,0,0,0,0,1
29984,0,0,0,0,1
29985,0,0,0,0,1
29986,0,0,0,0,1
29987,0,0,0,0,1
29988,0,0,0,0,1
29989,0,0,0,0,1
29990,0,0,0,0,1
29991,0,0,0,0,1
29992,0,0,0,0,1
29993,0,0,0,0,1
29994,0,0,0,0,1
29995,0,0,0,0,1
29996,0,0,0,0,1
29997,0,0,0,0,1
29998,0,0,0,0,1
29999,0,0,0,0,1
30000,0,0,0,0,1
30001,0,0,0,0,1
30002,0,0,0,0,1
30003,0,0,0,0,1
30004,0,0,0,0,1
30005,0,0,0,0,1
30006,0,0,0,0,1
30007,0,0,0,0,1
30008,0,0,0,0,1
30009,0,0,0,0,1
30010,0,0,0,0,1
30011,0,0,0,0,1
30012,0,0,0,0,1
30013,0,0,0,0,1
30014,0,0,0,0,1
30015,0,0,0,0,1
30016,0,0,0,0,1
30017,0,0,0,0,1
30018,0,0,0,0,1
30019,0,0,0,0,1
30020,0,0,0,0,1
30021,0,0,0,0,1
30022,0,0,0,0,1
30023,0,0,0,0,1
30024,0,0,0,0,1
30025,0,0,0,0,1
30026,0,0,0,0,1
30027,0,0,0,0,1
30028,0,0,0,0,1
30029,0,0,0,0,1
30030,0,0,0,0,1
30031,0,0,0,0,1
30032,0,0,0,0,1
30033,0,0,0,0,1
30034,0,0,0,0,1
30035,0,0,0,0,1
30036,0,0,0,0,1
30037,0,0,0,0,1
30038,0,0,0,0,1
30039,0,0,0,0,1
30040,0,0,0,0,1
30041,0,0,0,0,1
30042,0,0,0,0,1
30043,0,0,0,0,1
30044,0,0,0,0,1
30045,0,0,0,0,1
30046,0,0,0,0,1
30047,0,0,0,0,1
30048,0,0,0,0,1
30049,0,0,0,0,1
30050,0,0,0,0,1
30051,0,0,0,0,1
30052,0,0,0,0,1
30053,0,0,0,0,1
30054,0,0,0,0,1
30055,0,0,0,0,1
30056,0,0,0,0,1
30057,0,0,0,0,1
30058,0,0,0,0,1
30059,0,0,0,0,1
30060,0,0,0,0,1
30061,0,0,0,0,1
30062,0,0,0,0,1
30063,0,0,0,0,1
30064,0,0,0,0,1
30065,0,0,0,0,1
30066,0,0,0,0,1
30067,0,0,0,0,1
30068,0,0,0,0,1
30069,0,0,0,0,1
30070,0,0,0,0,1
30071,0,0,0,0,1
30072,0,0,0,0,1
30073,0,0,0,0,1
30074,0,0,0,0,1
30075,0,0,0,0,1
30076,0,0,0,0,1
30077,0,0,0,0,1
30078,0,0,0,0,1
30079,0,0,0,0,1
30080,0,0,0,0,1
30081,0,0,0,0,1
30082,0,0,0,0,1
30083,0,0,0,0,1
30084,0,0,0,0,1
30085,0,0,0,0,1
30086,0,0,0,0,1
30087,0,0,0,0,1
30088,0,0,0,0,1
30089,0,0,0,0,1
30090,0,0,0,0,1
30091,0,0,0,0,1
30092,0,0,1,0,0
30093,0,0,1,0,0
30094,0,0,1,0,0
30095,0,0,1,0,0
30096,0,0,1,0,0
30097,0,0,1,0,0
30098,0,0,1,0,0
30099,0,0,1,0,0
30100,0,0,1,0,0
30101,0,0,1,0,0
30102,0,0,1,0,0
30103,0,0,1,0,0
30104,0,0,1,0,0
30105,0,0,1,0,0
30106,0,0,1,0,0
30107,0,0,1,0,0
30108,0,0,1,0,0
30109,0,0,1,0,0
30110,0,0,1,0,0
30111,0,0,1,0,0
30112,0,0,1,0,0
30113,0,0,1,0,0
30114,0,0,1,0,0
30115,0,0,1,0,0
30116,0,0,1,0,0
30117,0,0,1,0,0
30118,0,0,1,0,0
30119,0,0,1,0,0
30120,0,0,1,0,0
30121,0,0,1,0,0
30122,0,0,1,0,0
30123,0,0,1,0,0
30124,0,0,1,0,0
30125,0,0,1,0,0
30126,0,0,1,0,0
30127,0,0,1,0,0
30128,0,0,1,0,0
30129,0,0,1,0,0
30130,0,0,1,0,0
30131,0,0,1,0,0
30132,0,0,1,0,0
30133,0,0,1,0,0
30134,0,0,1,0,0
30135,0,0,1,0,0
30136,0,0,1,0,0
30137,0,0,1,0,0
30138,0,0,1,0,0
30139,0,0,1,0,0
30140,0,0,1,0,0
30141,0,0,1,0,0
30142,0,0,1,0,0
30143,0,0,1,0,0
30144,0,0,1,0,0
30145,0,0,1,0,0
30146,0,0,1,0,0
30147,0,0,1,0,0
30148,0,0,1,0,0
30149,0,0,1,0,0
30150,0,0,0,1,0
30151,0,0,0,1,0
30152,0,0,0,1,0
30153,0,0,0,1,0
30154,0,0,0,1,0
30155,0,0,0,1,0
30156,0,0,0,1,0
30157,0,0,0,1,0
30158,0,0,0,1,0
30159,0,0,0,1,0
30160,0,0,0,1,0
30161,0,0,0,1,0
30162,0,0,0,1,0
30163,0,0,0,1,0
30164,0,0,0,1,0
30165,0,0,0,1,0
30166,0,0,0,1,0
30167,0,0,0,1,0
30168,0,0,0,1,0
30169,0,0,0,0,1
30170,0,0,0,0,1
30171,0,0,0,0,1
30172,0,0,0,0,1
30173,0,0,0,0,1
30174,0,0,0,0,1
30175,0,0,0,0,1
30176,0,0,0,0,1
30177,0,0,0,0,1
30178,0,0,0,0,1
30179,0,0,0,0,1
30180,0,0,0,0,1
30181,0,0,0,0,1
30182,0,0,0,0,1
30183,0,0,0,0,1
30184,0,0,0,0,1
30185,0,0,0,0,1
30186,0,0,0,0,1
30187,0,0,0,0,1
30188,0,0,0,0,1
30189,0,0,0,0,1
30190,0,0,0,0,1
30191,0,0,0,0,1
30192,0,0,0,0,1
30193,0,0,0,0,1
30194,0,0,0,0,1
30195,0,0,0,0,1
30196,0,0,0,0,1
30197,0,0,0,0,1
30198,0,0,0,0,1
30199,0,0,0,0,1
30200,0,0,0,0,1
30201,0,0,0,0,1
30202,0,0,0,0,1
30203,0,0,0,0,1
30204,0,0,0,0,1
30205,0,0,0,0,1
30206,0,0,0,0,1
30207,0,0,0,0,1
30208,0,0,0,0,1
30209,0,0,0,0,1
30210,0,0,0,0,1
30211,0,0,0,0,1
30212,0,0,0,0,1
30213,0,0,0,0,1
30214,0,0,0,0,1
30215,0,0,0,0,1
30216,0,0,0,0,1
30217,0,0,0,0,1
30218,0,0,0,0,1
30219,0,0,0,0,1
30220,0,0,0,0,1
30221,0,0,0,0,1
30222,0,0,0,0,1
30223,0,0,0,0,1
30224,0,0,0,0,1
30225,0,0,0,0,1
30226,0,0,0,0,1
30227,0,0,0,0,1
30228,0,0,0,0,1
30229,0,0,0,0,1
30230,0,0,0,0,1
30231,0,0,0,0,1
30232,0,0,0,0,1
30233,0,0,0,0,1
30234,0,0,0,0,1
30235,0,0,0,0,1
30236,0,0,0,0,1
30237,0,0,0,0,1
30238,0,0,0,0,1
30239,0,0,0,0,1
30240,0,0,0,0,1
30241,0,0,0,0,1
30242,0,0,0,0,1
30243,0,0,0,0,1
30244,0,0,0,0,1
30245,0,0,0,0,1
30246,0,0,0,0,1
30247,0,0,0,0,1
30248,0,0,0,0,1
30249,0,0,0,0,1
30250,0,0,0,0,1
30251,0,0,0,0,1
30252,0,0,0,0,1
30253,0,0,0,0,1
30254,0,0,0,0,1
30255,0,0,0,0,1
30256,0,0,0,0,1
30257,0,0,0,0,1
30258,0,1,0,0,0
30259,0,1,0,0,0
30260,0,1,0,0,0
30261,0,1,0,0,0
30262,0,1,0,0,0
30263,0,1,0,0,0
30264,0,1,0,0,0
30265,0,1,0,0,0
30266,0,1,0,0,0
30267,0,1,0,0,0
30268,0,1,0,0,0
30269,0,1,0,0,0
30270,0,1,0,0,0
30271,0,1,0,0,0
30272,0,1,0,0,0
30273,0,1,0,0,0
30274,0,1,0,0,0
30275,0,1,0,0,0
30276,0,1,0,0,0
30277,0,1,0,0,0
30278,0,1,0,0,0
30279,0,1,0,0,0
30280,0,1,0,0,0
30281,0,1,0,0,0
30282,0,1,0,0,0
30283,0,1,0,0,0
30284,0,1,0,0,0
30285,0,1,0,0,0
30286,0,1,0,0,0
30287,0,1,0,0,0
30288,0,1,0,0,0
30289,0,1,0,0,0
30290,0,1,0,0,0
30291,0,1,0,0,0
30292,0,1,0,0,0
30293,0,1,0,0,0
30294,0,1,0,0,0
30295,0,1,0,0,0
30296,0,1,0,0,0
30297,0,1,0,0,0
30298,0,1,0,0,0
30299,0,1,0,0,0
30300,0,1,0,0,0
30301,0,1,0,0,0
30302,0,1,0,0,0
30303,0,1,0,0,0
30304,0,0,0,0,1
30305,0,0,0,0,1
30306,0,0,0,0,1
30307,0,0,0,0,1
30308,0,0,0,0,1
30309,0,0,0,0,1
30310,0,0,0,0,1
30311,0,0,0,0,1
30312,0,0,0,0,1
30313,0,0,0,0,1
30314,0,0,0,0,1
30315,0,0,0,0,1
30316,0,0,0,0,1
30317,0,0,0,0,1
30318,0,0,0,0,1
30319,0,0,0,0,1
30320,0,0,0,0,1
30321,0,0,0,0,1
30322,0,0,0,0,1
30323,0,0,0,0,1
30324,0,0,0,0,1
30325,0,0,0,0,1
30326,0,0,0,0,1
30327,0,0,0,0,1
30328,0,0,0,0,1
30329,0,0,0,0,1
30330,0,0,0,0,1
30331,0,0,0,0,1
30332,0,0,0,0,1
30333,0,0,0,0,1
30334,0,0,0,0,1
30335,0,0,0,0,1
30336,0,0,0,0,1
30337,0,0,0,0,1
30338,0,0,0,0,1
30339,0,0,0,0,1
30340,0,0,0,0,1
30341,0,0,0,0,1
30342,0,0,0,0,1
30343,0,0,0,0,1
30344,0,0,0,0,1
30345,0,0,0,0,1
30346,0,0,0,0,1
30347,0,0,0,0,1
30348,0,0,0,0,1
30349,0,0,0,0,1
30350,0,0,0,0,1
30351,0,0,0,0,1
30352,0,0,0,0,1
30353,0,0,0,0,1
30354,0,0,0,0,1
30355,0,0,0,0,1
30356,0,0,0,0,1
30357,0,0,0,0,1
30358,0,0,0,0,1
30359,0,0,0,0,1
30360,0,0,0,0,1
30361,0,0,0,0,1
30362,0,0,0,0,1
30363,0,0,0,0,1
30364,0,0,0,0,1
30365,0,0,0,0,1
30366,0,0,0,0,1
30367,0,0,0,0,1
30368,0,0,0,0,1
30369,0,0,0,0,1
30370,0,0,0,0,1
30371,0,0,0,0,1
30372,0,0,0,0,1
30373,0,0,0,0,1
30374,0,0,0,0,1
30375,0,0,0,0,1
30376,0,0,0,0,1
30377,0,0,0,0,1
30378,0,0,0,0,1
30379,0,0,0,0,1
30380,0,0,0,0,1
30381,0,0,0,0,1
30382,0,0,0,0,1
30383,0,0,0,0,1
30384,0,0,0,0,1
30385,0,0,0,0,1
30386,0,0,0,0,1
30387,0,0,0,0,1
30388,0,0,0,0,1
30389,1,0,0,0,0
30390,1,0,0,0,0
30391,1,0,0,0,0
30392,1,0,0,0,0
30393,1,0,0,0,0
30394,1,0,0,0,0
30395,1,0,0,0,0
30396,1,0,0,0,0
30397,1,0,0,0,0
30398,1,0,0,0,0
30399,1,0,0,0,0
30400,1,0,0,0,0
30401,1,0,0,0,0
30402,1,0,0,0,0
30403,1,0,0,0,0
30404,1,0,0,0,0
30405,1,0,0,0,0
30406,1,0,0,0,0
30407,1,0,0,0,0
30408,1,0,0,0,0
30409,1,0,0,0,0
30410,1,0,0,0,0
30411,1,0,0,0,0
30412,1,0,0,0,0
30413,1,0,0,0,0
30414,1,0,0,0,0
30415,1,0,0,0,0
30416,1,0,0,0,0
30417,1,0,0,0,0
30418,1,0,0,0,0
30419,1,0,0,0,0
30420,1,0,0,0,0
30421,1,0,0,0,0
30422,1,0,0,0,0
30423,1,0,0,0,0
30424,1,0,0,0,0
30425,0,0,0,0,1
30426,0,0,0,0,1
30427,0,0,0,0,1
30428,0,0,0,0,1
30429,0,0,0,0,1
30430,0,0,0,0,1
30431,0,0,0,0,1
30432,0,0,0,0,1
30433,0,0,0,0,1
30434,0,0,0,0,1
30435,0,0,0,0,1
30436,0,0,0,0,1
30437,0,0,0,0,1
30438,0,0,0,0,1
30439,0,0,0,0,1
30440,0,0,0,0,1
30441,0,0,0,0,1
30442,0,0,0,0,1
30443,0,0,0,0,1
30444,0,0,0,0,1
30445,0,0,0,0,1
30446,0,0,0,0,1
30447,0,0,0,0,1
30448,0,0,0,0,1
30449,0,0,0,0,1
30450,0,0,0,0,1
30451,0,0,0,0,1
30452,0,0,0,0,1
30453,0,0,0,0,1
30454,0,0,0,0,1
30455,0,0,0,0,1
30456,0,0,0,0,1
30457,0,0,0,0,1
30458,0,0,0,0,1
30459,0,0,0,0,1
30460,0,0,0,0,1
30461,0,0,0,0,1
30462,0,0,0,0,1
30463,0,0,0,0,1
30464,0,0,0,0,1
30465,0,0,0,0,1
30466,0,0,0,0,1
30467,0,0,0,0,1
30468,0,0,0,0,1
30469,0,0,0,0,1
30470,0,0,0,0,1
30471,0,0,0,0,1
30472,0,0,0,0,1
30473,0,0,0,0,1
30474,0,0,0,0,1
30475,0,0,0,0,1
30476,0,0,0,0,1
30477,0,0,0,0,1
30478,0,0,0,0,1
30479,0,0,0,0,1
30480,0,0,0,0,1
30481,0,0,0,0,1
30482,0,0,0,0,1
30483,0,0,0,0,1
30484,0,0,0,0,1
30485,0,0,0,0,1
30486,0,0,0,0,1
30487,0,0,0,0,1
30488,0,0,0,0,1
30489,0,0,0,0,1
30490,0,0,0,0,1
30491,0,0,0,0,1
30492,0,0,0,0,1
30493,0,0,0,0,1
30494,0,0,0,0,1
30495,0,0,0,0,1
30496,0,0,0,0,1
30497,0,0,0,0,1
30498,0,0,0,0,1
30499,0,0,0,0,1
30500,0,0,0,0,1
30501,0,0,0,0,1
30502,0,0,0,0,1
30503,0,0,0,0,1
30504,0,0,0,0,1
30505,0,0,0,0,1
30506,0,0,0,0,1
30507,0,0,1,0,0
30508,0,0,1,0,0
30509,0,0,1,0,0
30510,0,0,1,0,0
30511,0,0,1,0,0
30512,0,0,1,0,0
30513,0,0,1,0,0
30514,0,0,1,0,0
30515,0,0,1,0,0
30516,0,0,1,0,0
30517,0,0,1,0,0
30518,0,0,1,0,0
30519,0,0,1,0,0
30520,0,0,1,0,0
30521,0,0,1,0,0
30522,0,0,1,0,0
30523,0,0,1,0,0
30524,0,0,1,0,0
30525,0,0,1,0,0
30526,0,0,1,0,0
30527,0,0,1,0,0
30528,0,0,1,0,0
30529,0,0,1,0,0
30530,0,0,1,0,0
30531,0,0,1,0,0
30532,0,0,1,0,0
30533,0,0,1,0,0
30534,0,0,1,0,0
30535,0,0,1,0,0
30536,0,0,1,0,0
30537,0,0,1,0,0
30538,0,0,1,0,0
30539,0,0,1,0,0
30540,0,0,1,0,0
30541,0,0,1,0,0
30542,0,0,1,0,0
30543,0,0,1,0,0
30544,0,0,1,0,0
30545,0,0,1,0,0
30546,0,0,1,0,0
30547,0,0,1,0,0
30548,0,0,1,0,0
30549,0,0,1,0,0
30550,0,0,1,0,0
30551,0,0,1,0,0
30552,0,0,1,0,0
30553,0,0,1,0,0
30554,0,0,1,0,0
30555,0,0,1,0,0
30556,0,0,1,0,0
30557,0,0,1,0,0
30558,0,0,1,0,0
30559,0,0,1,0,0
30560,0,0,1,0,0
30561,0,0,1,0,0
30562,0,0,1,0,0
30563,0,0,1,0,0
30564,0,0,1,0,0
30565,0,0,0,0,1
30566,0,0,0,0,1
30567,0,0,0,0,1
30568,0,0,0,0,1
30569,0,0,0,0,1
30570,0,0,0,0,1
30571,0,0,0,0,1
30572,0,0,0,0,1
30573,0,0,0,0,1
30574,0,0,0,0,1
30575,0,0,0,0,1
30576,0,0,0,0,1
30577,0,0,0,0,1
30578,0,0,0,0,1
30579,0,0,0,0,1
30580,0,0,0,0,1
30581,0,0,0,0,1
30582,0,0,0,0,1
30583,0,0,0,0,1
30584,0,0,0,0,1
30585,0,0,0,0,1
30586,0,0,0,0,1
30587,0,0,0,0,1
30588,0,0,0,0,1
30589,0,0,0,0,1
30590,0,0,0,0,1
30591,0,0,0,0,1
30592,0,0,0,0,1
30593,0,0,0,0,1
30594,0,0,0,0,1
30595,0,0,0,0,1
30596,0,0,0,0,1
30597,0,0,0,0,1
30598,0,0,0,0,1
30599,0,0,0,0,1
30600,0,0,0,0,1
30601,0,0,0,0,1
30602,0,0,0,0,1
30603,0,0,0,0,1
30604,0,0,0,0,1
30605,0,0,0,0,1
30606,0,0,0,0,1
30607,0,0,0,0,1
30608,0,0,0,0,1
30609,0,0,0,0,1
30610,0,0,0,0,1
30611,0,0,0,0,1
30612,0,0,0,0,1
30613,0,0,0,0,1
30614,0,0,0,0,1
30615,0,0,0,0,1
30616,0,0,0,0,1
30617,0,0,0,0,1
30618,0,0,0,0,1
30619,0,0,0,0,1
30620,0,0,0,0,1
30621,0,0,0,0,1
30622,0,0,0,0,1
30623,0,0,0,0,1
30624,0,0,0,0,1
30625,0,0,0,0,1
30626,0,0,0,0,1
30627,0,0,0,0,1
30628,0,0,0,0,1
30629,0,0,0,0,1
30630,0,0,0,0,1
30631,0,0,0,0,1
30632,0,0,0,0,1
30633,0,0,0,0,1
30634,0,0,0,0,1
30635,0,0,0,0,1
30636,0,0,0,0,1
30637,0,0,0,0,1
30638,0,0,0,0,1
30639,0,0,0,0,1
30640,0,0,0,0,1
30641,0,0,0,0,1
30642,0,0,0,0,1
30643,0,0,0,0,1
30644,0,0,0,0,1
30645,0,0,0,0,1
30646,0,0,1,0,0
30647,0,0,1,0,0
30648,0,0,1,0,0
30649,0,0,1,0,0
30650,0,0,1,0,0
30651,0,0,1,0,0
30652,0,0,1,0,0
30653,0,0,1,0,0
30654,0,0,1,0,0
30655,0,0,0,0,1
30656,0,0,0,0,1
30657,0,0,0,0,1
30658,0,0,0,0,1
30659,0,0,0,0,1
30660,0,0,0,0,1
30661,0,0,0,0,1
30662,0,0,0,0,1
30663,0,0,0,0,1
30664,0,0,0,0,1
30665,0,0,0,0,1
30666,0,0,0,0,1
30667,0,0,0,0,1
30668,0,0,0,0,1
30669,0,0,0,0,1
30670,0,0,0,0,1
30671,0,0,0,0,1
30672,0,0,0,0,1
30673,0,0,0,0,1
30674,0,0,0,0,1
30675,0,0,0,0,1
30676,0,0,0,0,1
30677,0,0,0,0,1
30678,0,0,0,0,1
30679,0,0,0,0,1
30680,0,0,0,0,1
30681,0,0,0,0,1
30682,0,0,0,0,1
30683,0,0,0,0,1
30684,0,0,0,0,1
30685,0,0,0,0,1
30686,0,0,0,0,1
30687,0,0,0,0,1
30688,0,0,0,0,1
30689,0,0,0,0,1
30690,0,0,0,0,1
30691,0,0,0,0,1
30692,0,0,0,0,1
30693,0,0,0,0,1
30694,0,0,0,0,1
30695,0,0,0,0,1
30696,0,0,0,0,1
30697,0,0,0,0,1
30698,0,0,0,0,1
30699,0,0,0,0,1
30700,0,0,0,0,1
30701,0,0,0,0,1
30702,0,0,0,0,1
30703,0,0,0,0,1
30704,0,0,0,0,1
30705,0,0,0,0,1
30706,0,0,0,0,1
30707,0,0,0,0,1
30708,0,0,0,0,1
30709,1,0,0,0,0
30710,1,0,0,0,0
30711,1,0,0,0,0
30712,1,0,0,0,0
30713,1,0,0,0,0
30714,1,0,0,0,0
30715,1,0,0,0,0
30716,1,0,0,0,0
30717,1,0,0,0,0
30718,1,0,0,0,0
30719,1,0,0,0,0
30720,1,0,0,0,0
30721,1,0,0,0,0
30722,1,0,0,0,0
30723,1,0,0,0,0
30724,1,0,0,0,0
30725,1,0,0,0,0
30726,1,0,0,0,0
30727,1,0,0,0,0
30728,1,0,0,0,0
30729,1,0,0,0,0
30730,1,0,0,0,0
30731,1,0,0,0,0
30732,1,0,0,0,0
30733,1,0,0,0,0
30734,1,0,0,0,0
30735,1,0,0,0,0
30736,1,0,0,0,0
30737,1,0,0,0,0
30738,1,0,0,0,0
30739,1,0,0,0,0
30740,1,0,0,0,0
30741,1,0,0,0,0
30742,1,0,0,0,0
30743,1,0,0,0,0
30744,1,0,0,0,0
30745,1,0,0,0,0
30746,1,0,0,0,0
30747,1,0,0,0,0
30748,1,0,0,0,0
30749,1,0,0,0,0
30750,1,0,0,0,0
30751,1,0,0,0,0
30752,1,0,0,0,0
30753,1,0,0,0,0
30754,1,0,0,0,0
30755,1,0,0,0,0
30756,1,0,0,0,0
30757,1,0,0,0,0
30758,1,0,0,0,0
30759,1,0,0,0,0
30760,1,0,0,0,0
30761,1,0,0,0,0
30762,1,0,0,0,0
30763,1,0,0,0,0
30764,1,0,0,0,0
30765,1,0,0,0,0
30766,1,0,0,0,0
30767,1,0,0,0,0
30768,1,0,0,0,0
30769,1,0,0,0,0
30770,0,0,0,0,1
30771,0,0,0,0,1
30772,0,0,0,0,1
30773,0,0,0,0,1
30774,0,0,0,0,1
30775,0,0,0,0,1
30776,0,0,0,0,1
30777,0,0,0,0,1
30778,0,0,0,0,1
30779,0,0,0,0,1
30780,0,0,0,0,1
30781,0,0,0,0,1
30782,0,0,0,0,1
30783,0,0,0,0,1
30784,0,0,0,0,1
30785,0,0,0,0,1
30786,0,0,0,0,1
30787,0,0,0,0,1
30788,0,0,0,0,1
30789,0,0,0,0,1
30790,0,0,0,0,1
30791,0,0,0,0,1
30792,0,0,0,0,1
30793,0,0,0,0,1
30794,0,0,0,0,1
30795,0,0,0,0,1
30796,0,0,0,0,1
30797,0,0,0,0,1
30798,0,0,0,0,1
30799,0,0,0,0,1
30800,0,0,0,0,1
30801,0,0,0,0,1
30802,0,0,0,0,1
30803,0,0,0,0,1
30804,0,0,0,0,1
30805,0,0,0,0,1
30806,0,0,0,0,1
30807,0,0,0,0,1
30808,0,0,0,0,1
30809,0,0,0,0,1
30810,0,0,0,0,1
30811,0,0,0,0,1
30812,0,0,0,0,1
30813,0,0,0,0,1
30814,0,0,0,0,1
30815,0,0,0,0,1
30816,0,0,0,0,1
30817,0,0,0,0,1
30818,0,0,0,0,1
30819,0,0,0,0,1
30820,0,0,0,0,1
30821,0,0,0,0,1
30822,0,0,0,0,1
30823,0,0,0,0,1
30824,0,0,0,0,1
30825,0,0,0,0,1
30826,0,0,0,0,1
30827,0,0,0,0,1
30828,0,0,0,0,1
30829,0,0,0,0,1
30830,0,0,0,0,1
30831,0,0,0,0,1
30832,0,0,0,0,1
30833,0,0,0,0,1
30834,0,0,0,0,1
30835,0,0,0,0,1
30836,0,0,0,0,1
30837,0,0,0,0,1
30838,0,0,0,0,1
30839,0,0,0,0,1
30840,0,0,0,0,1
30841,0,0,0,0,1
30842,0,0,0,0,1
30843,0,0,0,0,1
30844,0,0,0,0,1
30845,0,0,0,0,1
30846,0,0,0,0,1
30847,0,0,0,0,1
30848,0,0,0,0,1
30849,0,0,0,0,1
30850,0,0,0,0,1
30851,0,0,0,0,1
30852,0,0,0,0,1
30853,0,0,0,0,1
30854,0,0,0,0,1
30855,0,0,0,0,1
30856,0,0,0,0,1
30857,0,0,0,0,1
30858,0,0,0,0,1
30859,0,0,0,0,1
30860,0,0,0,0,1
30861,0,0,0,0,1
30862,0,0,0,0,1
30863,0,0,0,0,1
30864,0,0,0,0,1
30865,0,0,0,0,1
30866,0,0,0,0,1
30867,0,0,0,0,1
30868,0,0,0,0,1
30869,0,0,0,0,1
30870,0,0,0,0,1
30871,0,0,0,0,1
30872,0,0,0,0,1
30873,0,0,0,0,1
30874,0,0,0,0,1
30875,0,0,0,0,1
30876,0,0,0,0,1
30877,0,0,0,0,1
30878,0,0,0,0,1
30879,0,0,0,0,1
30880,0,0,0,0,1
30881,0,0,0,0,1
30882,0,0,0,0,1
30883,0,0,0,0,1
30884,0,0,0,0,1
30885,0,0,0,0,1
30886,0,0,0,0,1
30887,0,0,0,0,1
30888,0,0,0,0,1
30889,0,0,0,0,1
30890,0,0,0,0,1
30891,0,0,0,0,1
30892,0,0,0,0,1
30893,0,0,0,0,1
30894,0,0,0,0,1
30895,0,0,0,0,1
30896,0,0,0,0,1
30897,0,0,0,0,1
30898,0,0,0,0,1
30899,0,0,0,0,1
30900,0,0,0,0,1
30901,0,0,0,0,1
30902,0,0,0,0,1
30903,0,0,0,0,1
30904,0,0,0,0,1
30905,0,0,0,0,1
30906,0,0,0,0,1
30907,0,0,0,0,1
30908,0,0,0,0,1
30909,0,0,0,0,1
30910,0,0,0,0,1
30911,0,0,0,0,1
30912,0,0,0,0,1
30913,0,0,0,0,1
30914,0,0,0,0,1
30915,0,0,0,0,1
30916,0,0,0,0,1
30917,0,0,0,0,1
30918,0,0,0,0,1
30919,0,0,0,0,1
30920,0,0,0,0,1
30921,0,0,0,0,1
30922,0,0,0,0,1
30923,0,0,0,0,1
30924,0,0,0,0,1
30925,0,0,0,0,1
30926,0,0,0,0,1
30927,0,0,0,0,1
30928,0,0,0,0,1
30929,0,0,0,0,1
30930,0,0,0,0,1
30931,0,0,0,0,1
30932,0,0,0,0,1
30933,0,0,0,0,1
30934,0,0,0,0,1
30935,0,0,0,0,1
30936,0,0,0,0,1
30937,0,0,0,0,1
30938,0,0,0,0,1
30939,0,0,0,0,1
30940,0,0,0,0,1
30941,0,0,0,0,1
30942,0,0,0,0,1
30943,0,0,0,0,1
30944,0,0,0,0,1
30945,0,0,0,0,1
30946,0,0,0,0,1
30947,0,0,0,0,1
30948,0,0,0,0,1
30949,0,0,0,0,1
30950,0,0,0,0,1
30951,0,0,0,0,1
30952,0,0,0,0,1
30953,0,0,0,0,1
30954,0,0,0,0,1
30955,0,0,0,0,1
30956,0,0,0,0,1
30957,0,0,0,0,1
30958,0,0,0,0,1
30959,0,0,0,0,1
30960,0,0,0,0,1
30961,0,0,0,0,1
30962,0,0,0,0,1
30963,0,0,0,0,1
30964,0,0,0,0,1
30965,0,0,0,0,1
30966,0,0,0,0,1
30967,0,0,0,0,1
30968,0,0,0,0,1
30969,0,0,0,0,1
30970,0,0,0,0,1
30971,0,0,0,0,1
30972,0,0,0,0,1
30973,0,0,0,0,1
30974,0,0,0,0,1
30975,0,0,0,0,1
30976,0,0,0,0,1
30977,0,0,0,0,1
30978,0,0,0,0,1
30979,0,0,0,0,1
30980,0,0,0,0,1
30981,0,0,0,0,1
30982,0,0,0,0,1
30983,0,0,0,0,1
30984,0,0,0,0,1
30985,0,0,0,0,1
30986,0,0,0,0,1
30987,0,0,0,0,1
30988,0,0,0,0,1
30989,0,0,0,0,1
30990,0,0,0,0,1
30991,0,0,0,0,1
30992,0,0,0,0,1
30993,0,0,0,0,1
30994,0,0,0,0,1
30995,0,0,0,0,1
30996,0,0,0,0,1
30997,0,0,0,0,1
30998,0,0,0,0,1
30999,0,0,0,0,1
31000,0,0,0,0,1
31001,0,0,0,0,1
31002,0,0,0,0,1
31003,0,0,0,0,1
31004,0,0,0,0,1
31005,0,0,0,0,1
31006,0,0,0,0,1
31007,0,0,0,0,1
31008,0,0,0,0,1
31009,0,0,0,0,1
31010,0,0,0,0,1
31011,0,0,0,0,1
31012,0,0,0,0,1
31013,0,0,0,0,1
31014,0,0,0,0,1
31015,0,0,0,0,1
31016,0,0,0,0,1
31017,0,0,0,0,1
31018,0,0,0,0,1
31019,0,0,0,0,1
31020,0,0,0,0,1
31021,0,0,0,0,1
31022,0,0,0,0,1
31023,0,0,0,0,1
31024,0,0,0,0,1
31025,0,0,0,0,1
31026,0,0,0,0,1
31027,0,0,0,0,1
31028,0,0,0,0,1
31029,0,0,0,0,1
31030,0,0,0,0,1
31031,0,0,0,0,1
31032,0,0,0,0,1
31033,0,0,0,0,1
31034,0,0,0,0,1
31035,0,0,0,0,1
31036,0,0,0,0,1
31037,0,0,0,0,1
31038,0,0,0,0,1
31039,0,0,0,0,1
31040,0,0,0,0,1
31041,0,0,0,0,1
31042,0,0,0,0,1
31043,0,0,0,0,1
31044,0,0,0,0,1
31045,0,0,0,0,1
31046,0,0,0,0,1
31047,0,0,0,0,1
31048,0,0,0,0,1
31049,0,0,0,0,1
31050,0,0,0,0,1
31051,0,0,0,0,1
31052,0,0,0,0,1
31053,0,0,0,0,1
31054,0,0,0,0,1
31055,0,0,0,0,1
31056,0,0,0,0,1
31057,0,0,0,0,1
31058,0,0,0,0,1
31059,0,0,0,0,1
31060,0,0,0,0,1
31061,0,0,0,0,1
31062,0,0,0,0,1
31063,0,0,0,0,1
31064,0,0,0,0,1
31065,0,0,0,0,1
31066,0,0,0,0,1
31067,0,0,0,0,1
31068,0,0,0,0,1
31069,0,0,0,0,1
31070,0,0,0,0,1
31071,0,0,0,0,1
31072,0,0,0,0,1
31073,0,0,0,0,1
31074,0,0,0,0,1
31075,0,0,0,0,1
31076,0,0,0,0,1
31077,0,0,0,0,1
31078,0,0,0,0,1
31079,0,0,0,0,1
31080,0,0,0,0,1
31081,0,0,0,0,1
31082,0,0,0,0,1
31083,0,0,0,0,1
31084,0,0,0,0,1
31085,0,0,0,0,1
31086,0,0,0,0,1
31087,0,0,0,0,1
31088,0,0,0,0,1
31089,0,0,0,0,1
31090,0,0,0,0,1
31091,0,0,0,0,1
31092,0,0,0,0,1
31093,0,0,0,0,1
31094,0,0,0,0,1
31095,0,0,0,0,1
31096,0,0,0,0,1
31097,0,0,0,0,1
31098,0,0,0,0,1
31099,0,0,0,0,1
31100,0,0,0,0,1
31101,0,0,0,0,1
31102,0,0,0,0,1
31103,0,0,0,0,1
31104,0,0,0,0,1
31105,0,0,0,0,1
31106,0,0,0,0,1
31107,0,0,0,0,1
31108,0,0,0,0,1
31109,0,0,0,0,1
31110,0,0,0,0,1
31111,0,0,0,0,1
31112,0,0,0,0,1
31113,0,0,0,0,1
31114,0,0,0,0,1
31115,0,0,0,0,1
31116,0,0,0,0,1
31117,0,0,0,0,1
31118,0,0,0,0,1
31119,0,0,0,0,1
31120,0,0,0,0,1
31121,0,0,0,0,1
31122,0,0,0,0,1
31123,0,0,0,0,1
31124,0,0,0,0,1
31125,0,0,0,0,1
31126,0,0,0,0,1
31127,0,0,0,0,1
31128,0,0,0,0,1
31129,0,0,0,0,1
31130,0,0,0,0,1
31131,0,0,0,0,1
31132,0,0,0,0,1
31133,0,0,0,0,1
31134,0,0,0,0,1
31135,0,0,0,0,1
31136,0,0,0,0,1
31137,0,0,0,0,1
31138,0,0,0,0,1
31139,0,0,0,0,1
31140,0,0,0,0,1
31141,0,0,0,0,1
31142,0,0,0,0,1
31143,0,0,0,0,1
31144,0,0,0,0,1
31145,0,0,0,0,1
31146,0,0,0,0,1
31147,0,0,0,0,1
31148,0,0,0,0,1
31149,0,0,0,0,1
31150,0,0,0,0,1
31151,0,0,0,0,1
31152,0,0,0,0,1
31153,0,0,0,0,1
31154,0,0,0,0,1
31155,0,0,0,0,1
31156,0,0,0,0,1
31157,0,0,0,0,1
31158,0,0,0,0,1
31159,0,0,0,0,1
31160,0,0,0,0,1
31161,0,0,0,0,1
31162,0,0,0,0,1
31163,0,0,0,0,1
31164,0,0,0,0,1
31165,0,0,0,0,1
31166,0,0,0,0,1
31167,0,0,0,0,1
31168,0,0,0,0,1
31169,0,0,0,0,1
31170,0,0,0,0,1
31171,0,0,0,0,1
31172,0,0,0,0,1
31173,0,0,0,0,1
31174,0,0,0,0,1
31175,0,0,0,0,1
31176,0,0,0,0,1
31177,0,0,0,0,1
31178,0,0,0,0,1
31179,0,0,0,0,1
31180,0,0,0,0,1
31181,0,0,0,0,1
31182,0,0,0,0,1
31183,0,0,0,0,1
31184,0,0,0,0,1
31185,0,0,0,0,1
31186,0,0,0,0,1
31187,0,0,0,0,1
31188,0,0,0,0,1
31189,0,0,0,0,1
31190,0,0,0,0,1
31191,0,0,0,0,1
31192,0,0,0,0,1
31193,0,0,0,0,1
31194,0,0,0,0,1
31195,0,0,0,0,1
31196,0,0,0,0,1
31197,0,0,0,0,1
31198,0,0,0,0,1
31199,0,0,0,0,1
31200,0,0,0,0,1
31201,0,0,0,0,1
31202,0,0,0,0,1
31203,0,0,0,0,1
31204,0,0,0,0,1
31205,0,0,0,0,1
31206,0,0,0,0,1
31207,0,0,0,0,1
31208,0,0,0,0,1
31209,0,0,0,0,1
31210,0,0,0,0,1
31211,0,0,0,0,1
31212,0,0,0,0,1
31213,0,0,0,0,1
31214,0,0,0,0,1
31215,0,0,0,0,1
31216,0,0,0,0,1
31217,0,0,0,0,1
31218,0,0,0,0,1
31219,0,0,0,0,1
31220,0,0,0,0,1
31221,0,0,0,0,1
31222,0,0,0,0,1
31223,0,0,0,0,1
31224,0,0,0,0,1
31225,0,0,0,0,1
31226,0,0,0,0,1
31227,0,0,0,0,1
31228,0,0,0,0,1
31229,0,0,0,0,1
31230,0,0,0,0,1
31231,0,0,0,0,1
31232,0,0,0,0,1
31233,0,0,0,0,1
31234,0,0,0,0,1
31235,0,0,0,0,1
31236,0,0,0,0,1
31237,0,0,0,0,1
31238,0,0,0,0,1
31239,0,0,0,0,1
31240,0,0,0,0,1
31241,0,0,0,0,1
31242,0,0,0,0,1
31243,0,0,0,0,1
31244,0,0,0,0,1
31245,0,0,0,0,1
31246,0,0,0,0,1
31247,0,0,0,0,1
31248,0,0,0,0,1
31249,0,0,0,0,1
31250,0,0,0,0,1
31251,0,0,0,0,1
31252,0,0,0,0,1
31253,0,0,0,0,1
31254,0,0,0,0,1
31255,0,0,0,0,1
31256,0,0,0,0,1
31257,0,0,0,0,1
31258,0,0,0,0,1
31259,0,0,0,0,1
31260,0,0,0,0,1
31261,0,0,0,0,1
31262,0,0,0,0,1
31263,0,0,0,0,1
31264,0,0,0,0,1
31265,0,0,0,0,1
31266,0,0,0,0,1
31267,0,0,0,0,1
31268,0,0,0,0,1
31269,0,0,0,0,1
31270,0,0,0,0,1
31271,0,0,0,0,1
31272,0,0,0,0,1
31273,0,0,0,0,1
31274,0,0,0,0,1
31275,0,0,0,0,1
31276,0,0,0,0,1
31277,0,0,0,0,1
31278,0,0,0,0,1
31279,0,0,0,0,1
31280,0,0,0,0,1
31281,0,0,0,0,1
31282,0,0,0,0,1
31283,0,0,0,0,1
31284,0,0,0,0,1
31285,0,0,0,0,1
31286,0,0,0,0,1
31287,0,0,0,0,1
31288,0,0,0,0,1
31289,0,0,0,0,1
31290,0,0,0,0,1
31291,0,0,0,0,1
31292,0,0,0,0,1
31293,0,0,0,0,1
31294,0,0,0,0,1
31295,0,0,0,0,1
31296,0,0,0,0,1
31297,0,0,0,0,1
31298,0,0,0,0,1
31299,0,0,0,0,1
31300,0,0,0,0,1
31301,0,0,0,0,1
31302,0,0,0,0,1
31303,0,0,0,0,1
31304,0,0,0,0,1
31305,0,0,0,0,1
31306,0,0,0,0,1
31307,0,0,0,0,1
31308,0,0,0,0,1
31309,0,0,0,0,1
31310,0,0,0,0,1
31311,0,0,0,0,1
31312,0,0,0,0,1
31313,0,0,0,0,1
31314,0,0,0,0,1
31315,0,0,0,0,1
31316,0,0,0,0,1
31317,0,0,0,0,1
31318,0,0,0,0,1
31319,0,0,0,0,1
31320,0,0,0,0,1
31321,0,0,0,0,1
31322,0,0,0,0,1
31323,0,0,0,0,1
31324,0,0,0,0,1
31325,0,0,0,0,1
31326,0,0,0,0,1
31327,0,0,0,0,1
31328,0,0,0,0,1
31329,0,0,0,0,1
31330,0,0,0,0,1
31331,0,0,0,0,1
31332,0,0,0,0,1
31333,0,0,0,0,1
31334,0,0,0,0,1
31335,0,0,0,0,1
31336,0,0,0,0,1
31337,0,0,0,0,1
31338,0,0,0,0,1
31339,0,0,0,0,1
31340,0,0,0,0,1
31341,0,0,0,0,1
31342,0,0,0,0,1
31343,0,0,0,0,1
31344,0,0,0,0,1
31345,0,0,0,0,1
31346,0,0,0,0,1
31347,0,0,0,0,1
31348,0,0,0,0,1
31349,0,0,0,0,1
31350,0,0,0,0,1
31351,0,0,0,0,1
31352,0,0,0,0,1
31353,0,0,0,0,1
31354,0,0,0,0,1
31355,0,0,0,0,1
31356,0,0,0,0,1
31357,0,0,0,0,1
31358,0,0,0,0,1
31359,0,0,0,0,1
31360,0,0,0,0,1
31361,0,0,0,0,1
31362,0,0,0,0,1
31363,0,0,0,0,1
31364,0,0,0,0,1
31365,0,0,0,0,1
31366,0,0,0,0,1
31367,0,0,0,0,1
31368,0,0,0,0,1
31369,0,0,0,0,1
31370,0,0,0,0,1
31371,0,0,0,0,1
31372,0,0,0,0,1
31373,0,0,0,0,1
31374,0,0,0,0,1
31375,0,0,0,0,1
31376,0,0,0,0,1
31377,0,0,0,0,1
31378,0,0,0,0,1
31379,0,0,0,0,1
31380,0,0,0,0,1
31381,0,0,0,0,1
31382,0,0,0,0,1
31383,0,0,0,0,1
31384,0,0,0,0,1
31385,0,0,0,0,1
31386,0,0,0,0,1
31387,0,0,0,0,1
31388,0,0,0,0,1
31389,0,0,0,0,1
31390,0,0,0,0,1
31391,0,0,0,0,1
31392,0,0,0,0,1
31393,0,0,0,0,1
31394,0,0,0,0,1
31395,0,0,0,0,1
31396,0,0,0,0,1
31397,0,0,0,0,1
31398,0,0,0,0,1
31399,0,0,0,0,1
31400,0,0,0,0,1
31401,0,0,0,0,1
31402,0,0,0,0,1
31403,0,0,0,0,1
31404,0,0,0,0,1
31405,0,0,0,0,1
31406,0,0,0,0,1
31407,0,0,0,0,1
31408,0,0,0,0,1
31409,0,0,0,0,1
31410,0,0,0,0,1
31411,0,0,0,0,1
31412,0,0,0,0,1
31413,0,0,0,0,1
31414,0,0,0,0,1
31415,0,0,0,0,1
31416,0,0,0,0,1
31417,0,0,0,0,1
31418,0,0,0,0,1
31419,0,0,0,0,1
31420,0,0,0,0,1
31421,0,0,0,0,1
31422,0,0,0,0,1
31423,0,0,0,0,1
31424,0,0,0,0,1
31425,0,0,0,0,1
31426,0,0,0,0,1
31427,0,0,0,0,1
31428,0,0,0,0,1
31429,0,0,0,0,1
31430,0,0,0,0,1
31431,0,0,0,0,1
31432,0,0,0,0,1
31433,0,0,0,0,1
31434,0,0,0,0,1
31435,0,0,0,0,1
31436,0,0,0,0,1
31437,0,0,0,0,1
31438,0,0,0,0,1
31439,0,0,0,0,1
31440,0,0,0,0,1
31441,0,0,0,0,1
31442,0,0,0,0,1
31443,0,0,0,0,1
31444,0,0,0,0,1
31445,0,0,0,0,1
31446,0,0,0,0,1
31447,0,0,0,0,1
31448,0,0,0,0,1
31449,0,0,0,0,1
31450,0,0,0,0,1
31451,0,0,0,0,1
31452,0,0,0,0,1
31453,0,0,0,0,1
31454,0,0,0,0,1
31455,0,0,0,0,1
31456,0,0,0,0,1
31457,0,0,0,0,1
31458,0,0,0,0,1
31459,0,0,0,0,1
31460,0,0,0,0,1
31461,0,0,0,0,1
31462,0,0,0,0,1
31463,0,0,0,0,1
31464,0,0,0,0,1
31465,0,0,0,0,1
31466,0,0,0,0,1
31467,0,0,0,0,1
31468,0,0,0,0,1
31469,0,0,0,0,1
31470,0,0,0,0,1
31471,0,0,0,0,1
31472,0,0,0,0,1
31473,0,0,0,0,1
31474,0,0,0,0,1
31475,0,0,0,0,1
31476,0,0,0,0,1
31477,0,0,0,0,1
31478,0,0,0,0,1
31479,0,0,0,0,1
31480,0,0,0,0,1
31481,0,0,0,0,1
31482,0,0,0,0,1
31483,0,0,0,0,1
31484,0,0,0,0,1
31485,0,0,0,0,1
31486,0,0,0,0,1
31487,0,0,0,0,1
31488,0,0,0,0,1
31489,0,0,0,0,1
31490,0,0,0,0,1
31491,0,0,0,0,1
31492,0,0,0,0,1
31493,0,0,0,0,1
31494,0,0,0,0,1
31495,0,0,0,0,1
31496,0,0,0,0,1
31497,0,0,0,0,1
31498,0,0,0,0,1
31499,0,0,0,0,1
31500,0,0,0,0,1
31501,0,0,0,0,1
31502,0,0,0,0,1
31503,0,0,0,0,1
31504,0,0,0,0,1
31505,0,0,0,0,1
31506,0,0,0,0,1
31507,0,0,0,0,1
31508,0,0,0,0,1
31509,0,0,0,0,1
31510,0,0,0,0,1
31511,0,0,0,0,1
31512,0,0,0,0,1
31513,0,0,0,0,1
31514,0,0,0,0,1
31515,0,0,0,0,1
31516,0,0,0,0,1
31517,1,0,0,0,0
31518,1,0,0,0,0
31519,1,0,0,0,0
31520,1,0,0,0,0
31521,1,0,0,0,0
31522,1,0,0,0,0
31523,1,0,0,0,0
31524,1,0,0,0,0
31525,1,0,0,0,0
31526,1,0,0,0,0
31527,1,0,0,0,0
31528,1,0,0,0,0
31529,1,0,0,0,0
31530,1,0,0,0,0
31531,1,0,0,0,0
31532,1,0,0,0,0
31533,1,0,0,0,0
31534,1,0,0,0,0
31535,1,0,0,0,0
31536,1,0,0,0,0
31537,1,0,0,0,0
31538,1,0,0,0,0
31539,1,0,0,0,0
31540,1,0,0,0,0
31541,1,0,0,0,0
31542,1,0,0,0,0
31543,1,0,0,0,0
31544,1,0,0,0,0
31545,1,0,0,0,0
31546,1,0,0,0,0
31547,1,0,0,0,0
31548,1,0,0,0,0
31549,1,0,0,0,0
31550,1,0,0,0,0
31551,1,0,0,0,0
31552,1,0,0,0,0
31553,1,0,0,0,0
31554,1,0,0,0,0
31555,1,0,0,0,0
31556,0,0,0,0,1
31557,0,0,0,0,1
31558,0,0,0,0,1
31559,0,0,0,0,1
31560,0,0,0,0,1
31561,0,0,0,0,1
31562,0,0,0,0,1
31563,0,0,0,0,1
31564,0,0,0,0,1
31565,0,0,1,0,0
31566,0,0,1,0,0
31567,0,0,1,0,0
31568,0,0,1,0,0
31569,0,0,1,0,0
31570,0,0,1,0,0
31571,0,0,1,0,0
31572,0,0,1,0,0
31573,0,0,1,0,0
31574,0,0,1,0,0
31575,0,0,1,0,0
31576,0,0,1,0,0
31577,0,0,1,0,0
31578,0,0,1,0,0
31579,0,0,1,0,0
31580,0,0,1,0,0
31581,0,0,1,0,0
31582,0,0,1,0,0
31583,0,0,1,0,0
31584,0,0,1,0,0
31585,0,0,1,0,0
31586,0,0,1,0,0
31587,0,0,1,0,0
31588,0,0,1,0,0
31589,0,0,1,0,0
31590,0,0,1,0,0
31591,0,0,1,0,0
31592,0,0,1,0,0
31593,0,0,1,0,0
31594,0,0,1,0,0
31595,0,0,1,0,0
31596,0,0,1,0,0
31597,0,0,1,0,0
31598,0,0,1,0,0
31599,0,0,1,0,0
31600,0,0,1,0,0
31601,0,0,1,0,0
31602,0,0,1,0,0
31603,0,0,1,0,0
31604,0,0,1,0,0
31605,0,0,1,0,0
31606,0,0,1,0,0
31607,0,0,1,0,0
31608,0,0,1,0,0
31609,0,0,1,0,0
31610,0,0,1,0,0
31611,0,0,1,0,0
31612,0,0,1,0,0
31613,0,0,1,0,0
31614,0,0,1,0,0
31615,0,0,1,0,0
31616,0,0,0,0,1
31617,0,0,0,0,1
31618,0,0,0,0,1
31619,0,0,0,0,1
31620,0,0,0,0,1
31621,0,0,0,0,1
31622,0,0,0,0,1
31623,0,0,0,0,1
31624,0,0,0,0,1
31625,0,0,0,0,1
31626,0,0,0,0,1
31627,0,0,0,0,1
31628,0,0,0,0,1
31629,0,0,0,0,1
31630,0,0,0,0,1
31631,0,0,0,0,1
31632,0,0,0,0,1
31633,0,0,0,0,1
31634,0,0,0,0,1
31635,0,0,0,0,1
31636,0,0,0,0,1
31637,0,0,0,0,1
31638,0,0,0,0,1
31639,0,0,0,0,1
31640,0,0,0,0,1
31641,0,0,0,0,1
31642,0,0,0,0,1
31643,0,0,0,0,1
31644,0,0,0,0,1
31645,0,0,0,0,1
31646,0,0,0,0,1
31647,0,0,0,0,1
31648,0,0,0,0,1
31649,0,0,0,0,1
31650,0,0,0,0,1
31651,0,0,0,0,1
31652,0,0,0,0,1
31653,0,0,0,0,1
31654,0,0,0,0,1
31655,0,0,0,0,1
31656,0,0,0,0,1
31657,0,0,0,0,1
31658,0,0,0,0,1
31659,0,0,0,0,1
31660,0,0,0,0,1
31661,0,0,0,0,1
31662,0,0,0,0,1
31663,0,0,0,0,1
31664,0,0,0,0,1
31665,0,0,0,0,1
31666,0,0,0,0,1
31667,0,0,0,0,1
31668,0,0,0,0,1
31669,0,0,0,0,1
31670,0,0,0,0,1
31671,0,0,0,0,1
31672,0,0,0,0,1
31673,0,0,0,0,1
31674,0,0,0,0,1
31675,0,0,0,0,1
31676,0,0,0,0,1
31677,0,0,0,0,1
31678,0,0,0,0,1
31679,0,0,0,0,1
31680,0,0,0,0,1
31681,0,0,0,0,1
31682,0,0,0,0,1
31683,0,0,0,0,1
31684,0,0,0,0,1
31685,0,0,0,0,1
31686,0,0,0,0,1
31687,0,0,0,0,1
31688,0,0,0,0,1
31689,0,0,0,0,1
31690,0,0,0,0,1
31691,0,0,0,0,1
31692,0,0,0,0,1
31693,0,0,0,0,1
31694,0,0,0,0,1
31695,0,0,0,0,1
31696,0,0,0,0,1
31697,0,0,0,0,1
31698,0,0,0,0,1
31699,0,0,0,0,1
31700,0,0,0,0,1
31701,0,0,0,0,1
31702,0,0,0,0,1
31703,0,0,0,0,1
31704,0,0,0,0,1
31705,0,0,0,0,1
31706,0,0,0,0,1
31707,0,0,0,0,1
31708,0,0,0,0,1
31709,0,0,0,0,1
31710,0,0,0,0,1
31711,0,0,0,0,1
31712,0,0,0,0,1
31713,0,0,0,0,1
31714,0,0,0,0,1
31715,0,0,0,0,1
31716,0,0,0,0,1
31717,0,0,0,0,1
31718,0,0,0,0,1
31719,0,0,0,0,1
31720,0,0,0,0,1
31721,0,0,0,0,1
31722,0,0,0,0,1
31723,0,0,0,0,1
31724,0,0,0,0,1
31725,0,0,0,0,1
31726,0,0,0,0,1
31727,0,0,0,0,1
31728,0,0,0,0,1
31729,0,0,0,0,1
31730,0,0,0,0,1
31731,0,0,0,0,1
31732,0,0,0,0,1
31733,0,0,0,0,1
31734,0,0,0,0,1
31735,0,0,0,0,1
31736,0,0,0,0,1
31737,0,0,0,0,1
31738,0,0,0,0,1
31739,0,0,0,0,1
31740,0,0,0,0,1
31741,0,0,0,0,1
31742,0,0,0,0,1
31743,0,0,0,0,1
31744,0,0,0,0,1
31745,0,0,0,0,1
31746,0,0,0,0,1
31747,0,0,0,0,1
31748,0,0,0,0,1
31749,0,0,0,0,1
31750,0,0,0,0,1
31751,0,0,0,0,1
31752,0,0,0,0,1
31753,0,0,0,0,1
31754,0,0,0,0,1
31755,0,0,0,0,1
31756,0,0,0,0,1
31757,0,0,0,0,1
31758,0,0,0,0,1
31759,0,0,0,0,1
31760,0,0,0,0,1
31761,0,0,0,0,1
31762,0,0,0,0,1
31763,0,0,0,0,1
31764,0,0,0,0,1
31765,0,0,0,0,1
31766,0,0,0,0,1
31767,0,0,0,0,1
31768,0,0,0,0,1
31769,0,0,0,0,1
31770,0,0,0,0,1
31771,0,0,0,0,1
31772,0,0,0,0,1
31773,0,0,0,0,1
31774,0,0,0,0,1
31775,0,0,0,0,1
31776,0,0,0,0,1
31777,0,0,0,0,1
31778,0,0,0,0,1
31779,0,1,0,0,0
31780,0,1,0,0,0
31781,0,1,0,0,0
31782,0,1,0,0,0
31783,0,1,0,0,0
31784,0,1,0,0,0
31785,0,1,0,0,0
31786,0,1,0,0,0
31787,0,1,0,0,0
31788,0,1,0,0,0
31789,0,0,0,0,1
31790,0,0,0,0,1
31791,0,0,0,0,1
31792,0,0,0,0,1
31793,0,0,0,0,1
31794,0,0,0,0,1
31795,0,0,0,0,1
31796,0,0,0,0,1
31797,0,0,0,0,1
31798,0,0,0,0,1
31799,0,0,0,0,1
31800,0,0,0,0,1
31801,0,0,0,0,1
31802,0,0,0,0,1
31803,0,0,0,0,1
31804,0,0,0,0,1
31805,0,0,0,0,1
31806,0,0,0,0,1
31807,0,0,0,0,1
31808,0,0,0,0,1
31809,0,0,0,0,1
31810,0,0,0,0,1
31811,0,0,0,0,1
31812,0,0,0,0,1
31813,0,0,0,0,1
31814,0,0,0,0,1
31815,0,0,0,0,1
31816,0,0,0,0,1
31817,0,0,0,0,1
31818,0,0,0,0,1
31819,0,1,0,0,0
31820,0,1,0,0,0
31821,0,1,0,0,0
31822,0,1,0,0,0
31823,0,1,0,0,0
31824,0,1,0,0,0
31825,0,1,0,0,0
31826,0,1,0,0,0
31827,0,1,0,0,0
31828,0,1,0,0,0
31829,0,1,0,0,0
31830,0,1,0,0,0
31831,0,1,0,0,0
31832,0,1,0,0,0
31833,0,1,0,0,0
31834,0,1,0,0,0
31835,0,1,0,0,0
31836,0,1,0,0,0
31837,0,1,0,0,0
31838,0,1,0,0,0
31839,0,1,0,0,0
31840,0,1,0,0,0
31841,0,1,0,0,0
31842,0,1,0,0,0
31843,0,0,0,0,1
31844,0,0,0,0,1
31845,0,0,0,0,1
31846,0,0,0,0,1
31847,0,0,0,0,1
31848,0,0,0,0,1
31849,0,0,0,0,1
31850,0,0,0,0,1
31851,0,0,0,0,1
31852,0,0,0,0,1
31853,0,0,0,0,1
31854,0,0,0,0,1
31855,0,0,0,0,1
31856,0,0,0,0,1
31857,0,0,0,0,1
31858,0,0,0,0,1
31859,0,0,0,0,1
31860,0,0,0,0,1
31861,0,0,0,0,1
31862,0,0,0,0,1
31863,0,0,0,0,1
31864,0,0,0,0,1
31865,0,0,0,0,1
31866,0,0,0,0,1
31867,0,0,0,0,1
31868,0,0,0,0,1
31869,0,0,0,0,1
31870,0,0,0,0,1
31871,0,0,0,0,1
31872,0,0,0,0,1
31873,0,0,0,0,1
31874,0,0,0,0,1
31875,0,0,0,0,1
31876,0,0,0,0,1
31877,0,0,0,0,1
31878,0,0,0,0,1
31879,0,0,0,0,1
31880,0,0,0,0,1
31881,0,0,0,0,1
31882,0,0,0,0,1
31883,0,0,0,0,1
31884,0,0,0,0,1
31885,0,0,0,0,1
31886,0,0,0,0,1
31887,0,0,0,0,1
31888,0,0,0,0,1
31889,0,0,0,0,1
31890,0,0,0,0,1
31891,0,0,0,0,1
31892,0,0,0,0,1
31893,0,0,0,0,1
31894,0,0,0,0,1
31895,0,0,0,0,1
31896,0,0,0,0,1
31897,0,0,0,0,1
31898,0,0,0,0,1
31899,0,0,0,0,1
31900,0,0,0,0,1
31901,0,0,0,0,1
31902,0,0,0,0,1
31903,0,0,0,0,1
31904,0,0,0,0,1
31905,0,0,0,0,1
31906,0,0,0,0,1
31907,0,0,0,0,1
31908,0,0,0,0,1
31909,0,0,0,0,1
31910,0,0,0,0,1
31911,0,0,0,0,1
31912,0,0,0,0,1
31913,0,0,0,0,1
31914,0,0,0,0,1
31915,0,0,0,0,1
31916,0,0,0,0,1
31917,0,0,0,0,1
31918,0,0,0,0,1
31919,0,0,0,0,1
31920,0,0,0,0,1
31921,0,0,0,0,1
31922,0,0,0,0,1
31923,0,0,0,0,1
31924,0,0,0,0,1
31925,0,0,0,0,1
31926,0,0,0,0,1
31927,0,0,0,0,1
31928,0,0,0,0,1
31929,0,0,0,0,1
31930,0,0,0,0,1
31931,0,0,0,0,1
31932,0,0,0,0,1
31933,0,0,0,0,1
31934,0,0,0,0,1
31935,0,0,0,0,1
31936,0,0,0,0,1
31937,0,0,0,0,1
31938,0,0,0,0,1
31939,0,0,0,0,1
31940,0,0,0,0,1
31941,0,0,0,0,1
31942,0,0,0,0,1
31943,0,0,0,0,1
31944,0,0,0,0,1
31945,0,0,0,0,1
31946,0,0,0,0,1
31947,0,0,0,0,1
31948,0,0,0,0,1
31949,0,0,0,0,1
31950,0,0,0,0,1
31951,0,0,0,0,1
31952,0,0,0,0,1
31953,0,0,0,0,1
31954,0,0,0,0,1
31955,0,0,0,0,1
31956,0,0,0,0,1
31957,0,0,0,0,1
31958,0,0,0,0,1
31959,0,0,0,0,1
31960,0,1,0,0,0
31961,0,1,0,0,0
31962,0,1,0,0,0
31963,0,1,0,0,0
31964,0,1,0,0,0
31965,0,1,0,0,0
31966,0,1,0,0,0
31967,0,1,0,0,0
31968,0,1,0,0,0
31969,0,1,0,0,0
31970,0,1,0,0,0
31971,0,1,0,0,0
31972,0,1,0,0,0
31973,0,1,0,0,0
31974,0,1,0,0,0
31975,0,1,0,0,0
31976,0,1,0,0,0
31977,0,1,0,0,0
31978,0,1,0,0,0
31979,0,1,0,0,0
31980,0,1,0,0,0
31981,0,1,0,0,0
31982,0,1,0,0,0
31983,0,1,0,0,0
31984,0,1,0,0,0
31985,0,1,0,0,0
31986,0,1,0,0,0
31987,0,1,0,0,0
31988,0,1,0,0,0
31989,0,1,0,0,0
31990,0,1,0,0,0
31991,0,1,0,0,0
31992,0,1,0,0,0
31993,0,1,0,0,0
31994,0,1,0,0,0
31995,0,1,0,0,0
31996,0,1,0,0,0
31997,0,1,0,0,0
31998,0,1,0,0,0
31999,0,1,0,0,0
32000,0,1,0,0,0
32001,0,1,0,0,0
32002,0,1,0,0,0
32003,0,1,0,0,0
32004,0,1,0,0,0
32005,0,1,0,0,0
32006,0,1,0,0,0
32007,0,1,0,0,0
32008,0,1,0,0,0
32009,0,1,0,0,0
32010,0,1,0,0,0
32011,0,1,0,0,0
32012,0,1,0,0,0
32013,0,1,0,0,0
32014,0,1,0,0,0
32015,0,1,0,0,0
32016,0,1,0,0,0
32017,0,1,0,0,0
32018,0,1,0,0,0
32019,0,1,0,0,0
32020,0,1,0,0,0
32021,0,1,0,0,0
32022,0,1,0,0,0
32023,0,1,0,0,0
32024,0,1,0,0,0
32025,0,1,0,0,0
32026,0,1,0,0,0
32027,0,1,0,0,0
32028,0,1,0,0,0
32029,0,1,0,0,0
32030,0,1,0,0,0
32031,0,1,0,0,0
32032,0,1,0,0,0
32033,0,1,0,0,0
32034,0,1,0,0,0
32035,0,1,0,0,0
32036,0,1,0,0,0
32037,0,1,0,0,0
32038,0,1,0,0,0
32039,0,1,0,0,0
32040,0,1,0,0,0
32041,0,1,0,0,0
32042,0,1,0,0,0
32043,0,1,0,0,0
32044,0,1,0,0,0
32045,0,1,0,0,0
32046,0,0,0,0,1
32047,0,0,0,0,1
32048,0,0,0,0,1
32049,0,0,0,0,1
32050,0,0,0,0,1
32051,0,0,0,0,1
32052,0,0,0,0,1
32053,0,0,0,0,1
32054,0,0,0,0,1
32055,0,0,0,0,1
32056,0,0,0,0,1
32057,0,0,0,0,1
32058,0,0,0,0,1
32059,0,0,0,0,1
32060,0,0,0,0,1
32061,0,0,0,0,1
32062,0,0,0,0,1
32063,0,0,0,0,1
32064,0,0,0,0,1
32065,0,0,0,0,1
32066,0,0,0,0,1
32067,0,0,0,0,1
32068,0,0,0,0,1
32069,0,0,0,0,1
32070,0,0,0,0,1
32071,0,0,0,0,1
32072,0,0,0,0,1
32073,0,0,0,0,1
32074,0,0,0,0,1
32075,0,0,0,0,1
32076,0,0,0,0,1
32077,0,0,0,0,1
32078,0,0,0,0,1
32079,0,0,0,0,1
32080,0,0,0,0,1
32081,0,0,0,0,1
32082,0,0,0,0,1
32083,0,0,0,0,1
32084,0,0,0,0,1
32085,0,0,0,0,1
32086,0,0,0,0,1
32087,0,0,0,0,1
32088,0,0,0,0,1
32089,0,0,0,0,1
32090,0,0,0,0,1
32091,0,0,0,0,1
32092,0,0,0,0,1
32093,0,0,0,0,1
32094,0,0,0,0,1
32095,0,0,0,0,1
32096,0,0,0,0,1
32097,0,0,0,0,1
32098,0,0,0,0,1
32099,0,0,0,0,1
32100,0,0,0,0,1
32101,0,0,0,0,1
32102,0,0,0,0,1
32103,0,0,0,0,1
32104,0,0,0,0,1
32105,0,0,0,0,1
32106,0,0,0,0,1
32107,0,0,0,0,1
32108,0,0,0,0,1
32109,0,0,0,0,1
32110,0,0,0,0,1
32111,0,0,0,0,1
32112,0,0,0,0,1
32113,0,0,0,0,1
32114,0,0,0,0,1
32115,0,0,0,0,1
32116,0,0,0,0,1
32117,0,1,0,0,0
32118,0,1,0,0,0
32119,0,1,0,0,0
32120,0,1,0,0,0
32121,0,1,0,0,0
32122,0,1,0,0,0
32123,0,1,0,0,0
32124,0,1,0,0,0
32125,0,1,0,0,0
32126,0,1,0,0,0
32127,0,1,0,0,0
32128,0,1,0,0,0
32129,0,1,0,0,0
32130,0,1,0,0,0
32131,0,1,0,0,0
32132,0,1,0,0,0
32133,0,1,0,0,0
32134,0,1,0,0,0
32135,0,1,0,0,0
32136,0,1,0,0,0
32137,0,1,0,0,0
32138,0,1,0,0,0
32139,0,1,0,0,0
32140,0,1,0,0,0
32141,0,1,0,0,0
32142,0,1,0,0,0
32143,0,1,0,0,0
32144,0,1,0,0,0
32145,0,1,0,0,0
32146,0,1,0,0,0
32147,0,1,0,0,0
32148,0,1,0,0,0
32149,0,1,0,0,0
32150,0,1,0,0,0
32151,0,1,0,0,0
32152,0,1,0,0,0
32153,0,1,0,0,0
32154,0,1,0,0,0
32155,0,1,0,0,0
32156,0,1,0,0,0
32157,0,1,0,0,0
32158,0,1,0,0,0
32159,0,1,0,0,0
32160,0,1,0,0,0
32161,0,1,0,0,0
32162,0,1,0,0,0
32163,0,1,0,0,0
32164,0,1,0,0,0
32165,0,1,0,0,0
32166,0,1,0,0,0
32167,0,1,0,0,0
32168,0,1,0,0,0
32169,0,1,0,0,0
32170,0,0,0,0,1
32171,0,0,0,0,1
32172,0,0,0,0,1
32173,0,0,0,0,1
32174,0,0,0,0,1
32175,0,0,0,0,1
32176,0,0,0,0,1
32177,0,0,0,0,1
32178,0,0,0,0,1
32179,0,0,0,0,1
32180,0,0,0,0,1
32181,0,0,0,0,1
32182,0,0,0,0,1
32183,0,0,0,0,1
32184,0,0,0,0,1
32185,0,0,0,0,1
32186,0,0,0,0,1
32187,0,0,0,0,1
32188,0,0,0,0,1
32189,0,0,0,0,1
32190,0,0,0,0,1
32191,0,0,0,0,1
32192,0,0,0,0,1
32193,0,0,0,0,1
32194,0,0,0,0,1
32195,0,0,0,0,1
32196,0,0,0,0,1
32197,0,0,0,0,1
32198,0,0,0,0,1
32199,0,0,0,0,1
32200,0,0,0,0,1
32201,0,0,0,0,1
32202,0,0,0,0,1
32203,0,0,0,0,1
32204,0,0,0,0,1
32205,0,0,0,0,1
32206,0,0,0,0,1
32207,0,0,0,0,1
32208,0,0,0,0,1
32209,0,0,0,0,1
32210,0,0,0,0,1
32211,0,0,0,0,1
32212,0,0,0,0,1
32213,0,0,0,0,1
32214,0,0,0,0,1
32215,0,0,0,0,1
32216,0,0,0,0,1
32217,0,0,0,0,1
32218,0,0,0,0,1
32219,0,0,0,0,1
32220,0,0,0,0,1
32221,0,0,0,0,1
32222,0,0,0,0,1
32223,0,0,0,0,1
32224,0,0,0,0,1
32225,0,0,0,0,1
32226,0,0,0,0,1
32227,0,0,0,0,1
32228,0,0,0,0,1
32229,0,0,0,0,1
32230,0,0,0,0,1
32231,0,0,0,0,1
32232,0,0,0,0,1
32233,0,0,0,0,1
32234,0,0,0,0,1
32235,0,0,0,0,1
32236,0,0,0,0,1
32237,0,0,0,0,1
32238,0,0,0,0,1
32239,0,0,0,0,1
32240,0,0,0,0,1
32241,0,0,0,0,1
32242,0,0,0,0,1
32243,0,0,0,0,1
32244,0,0,0,0,1
32245,0,0,0,0,1
32246,0,0,0,0,1
32247,0,0,0,0,1
32248,0,0,0,0,1
32249,0,0,0,0,1
32250,0,0,0,0,1
32251,0,0,0,0,1
32252,0,0,0,0,1
32253,0,0,0,0,1
32254,0,0,0,0,1
32255,0,0,0,0,1
32256,0,0,0,0,1
32257,0,0,0,0,1
32258,0,0,0,0,1
32259,0,0,0,0,1
32260,0,0,0,0,1
32261,0,0,0,0,1
32262,0,0,0,0,1
32263,0,0,0,0,1
32264,0,0,0,0,1
32265,0,0,0,0,1
32266,0,0,0,0,1
32267,0,0,0,0,1
32268,0,0,0,0,1
32269,0,0,0,0,1
32270,0,0,0,0,1
32271,0,0,0,0,1
32272,0,0,0,0,1
32273,0,0,0,0,1
32274,0,0,0,0,1
32275,0,0,0,0,1
32276,0,0,0,0,1
32277,0,0,0,0,1
32278,0,0,0,0,1
32279,0,0,0,0,1
32280,0,0,0,0,1
32281,0,0,0,0,1
32282,0,0,0,0,1
32283,0,0,0,0,1
32284,0,0,0,0,1
32285,0,0,0,0,1
32286,0,0,0,0,1
32287,0,0,0,0,1
32288,0,0,0,0,1
32289,0,0,0,0,1
32290,0,0,0,0,1
32291,0,0,0,0,1
32292,0,0,0,0,1
32293,0,0,0,0,1
32294,0,0,0,0,1
32295,0,0,0,0,1
32296,0,0,0,0,1
32297,0,0,0,0,1
32298,0,0,0,0,1
32299,0,0,0,0,1
32300,0,0,0,0,1
32301,0,0,0,0,1
32302,0,0,0,0,1
32303,0,0,0,0,1
32304,0,0,0,0,1
32305,0,0,0,0,1
32306,0,0,0,0,1
32307,0,0,0,0,1
32308,0,0,0,0,1
32309,0,0,0,0,1
32310,0,0,0,0,1
32311,0,0,0,0,1
32312,0,0,0,0,1
32313,0,0,0,0,1
32314,0,0,0,0,1
32315,0,0,0,0,1
32316,0,0,0,0,1
32317,0,0,0,0,1
32318,0,0,0,0,1
32319,0,0,0,0,1
32320,0,0,0,0,1
32321,0,0,0,0,1
32322,0,0,0,0,1
32323,0,0,0,0,1
32324,0,0,0,0,1
32325,0,0,0,0,1
32326,0,0,0,0,1
32327,0,0,0,0,1
32328,0,0,0,0,1
32329,0,0,0,0,1
32330,0,0,0,0,1
32331,0,0,0,0,1
32332,0,0,0,0,1
32333,0,0,0,0,1
32334,0,0,0,0,1
32335,0,0,0,0,1
32336,0,0,0,0,1
32337,0,0,0,0,1
32338,0,0,0,0,1
32339,0,0,0,0,1
32340,0,0,0,0,1
32341,0,0,0,0,1
32342,0,0,0,0,1
32343,0,0,0,0,1
32344,0,0,0,0,1
32345,0,0,0,0,1
32346,0,0,0,0,1
32347,0,0,0,0,1
32348,0,0,0,0,1
32349,0,0,0,0,1
32350,0,0,0,0,1
32351,0,0,0,0,1
32352,0,0,0,0,1
32353,0,1,0,0,0
32354,0,1,0,0,0
32355,0,1,0,0,0
32356,0,1,0,0,0
32357,0,1,0,0,0
32358,0,1,0,0,0
32359,0,1,0,0,0
32360,0,1,0,0,0
32361,0,1,0,0,0
32362,0,1,0,0,0
32363,0,1,0,0,0
32364,0,1,0,0,0
32365,0,1,0,0,0
32366,0,1,0,0,0
32367,0,1,0,0,0
32368,0,1,0,0,0
32369,0,1,0,0,0
32370,0,1,0,0,0
32371,0,1,0,0,0
32372,0,1,0,0,0
32373,0,1,0,0,0
32374,0,1,0,0,0
32375,0,1,0,0,0
32376,0,1,0,0,0
32377,0,1,0,0,0
32378,0,1,0,0,0
32379,0,1,0,0,0
32380,0,1,0,0,0
32381,0,1,0,0,0
32382,0,1,0,0,0
32383,0,1,0,0,0
32384,0,1,0,0,0
32385,0,1,0,0,0
32386,0,1,0,0,0
32387,0,1,0,0,0
32388,0,0,0,0,1
32389,0,0,0,0,1
32390,0,0,0,0,1
32391,0,0,0,0,1
32392,0,0,0,0,1
32393,0,0,0,0,1
32394,0,0,0,0,1
32395,0,0,0,0,1
32396,0,0,0,0,1
32397,0,0,0,0,1
32398,0,0,0,0,1
32399,0,0,0,0,1
32400,0,0,0,0,1
32401,0,0,0,0,1
32402,0,0,0,0,1
32403,0,0,0,0,1
32404,0,0,0,0,1
32405,0,0,0,0,1
32406,0,0,0,0,1
32407,0,0,0,0,1
32408,0,0,0,0,1
32409,0,0,0,0,1
32410,0,0,0,0,1
32411,0,0,0,0,1
32412,0,0,0,0,1
32413,0,0,0,0,1
32414,0,0,0,0,1
32415,0,0,0,0,1
32416,0,0,0,0,1
32417,0,0,0,0,1
32418,0,0,0,0,1
32419,0,0,0,0,1
32420,0,0,0,0,1
32421,0,0,0,0,1
32422,0,0,0,0,1
32423,0,0,0,0,1
32424,0,0,0,0,1
32425,0,0,0,0,1
32426,0,0,0,0,1
32427,0,0,0,0,1
32428,0,0,0,0,1
32429,0,0,0,0,1
32430,0,0,0,0,1
32431,0,0,0,0,1
32432,0,0,0,0,1
32433,0,0,0,0,1
32434,0,0,0,0,1
32435,0,0,0,0,1
32436,0,0,0,0,1
32437,0,0,0,0,1
32438,0,0,0,0,1
32439,0,0,0,0,1
32440,0,0,0,0,1
32441,0,0,0,0,1
32442,0,0,0,0,1
32443,0,0,0,0,1
32444,0,0,0,0,1
32445,0,0,0,0,1
32446,0,0,0,0,1
32447,0,0,0,0,1
32448,0,0,0,0,1
32449,0,0,0,0,1
32450,0,0,0,0,1
32451,0,0,0,0,1
32452,0,0,0,0,1
32453,0,0,0,0,1
32454,0,0,0,0,1
32455,0,0,0,0,1
32456,0,0,0,0,1
32457,0,0,0,0,1
32458,0,0,0,0,1
32459,0,0,0,0,1
32460,0,0,0,0,1
32461,0,0,0,0,1
32462,0,0,0,0,1
32463,0,0,0,0,1
32464,0,0,0,0,1
32465,0,0,0,0,1
32466,0,0,0,0,1
32467,0,0,0,0,1
32468,0,0,0,0,1
32469,0,0,0,0,1
32470,0,0,0,0,1
32471,0,0,0,0,1
32472,0,0,0,0,1
32473,0,0,0,0,1
32474,0,0,0,0,1
32475,0,0,0,0,1
32476,0,0,0,0,1
32477,0,0,0,0,1
32478,0,0,0,0,1
32479,0,0,0,0,1
32480,0,0,0,0,1
32481,0,0,0,0,1
32482,0,0,0,0,1
32483,0,0,0,0,1
32484,0,0,0,0,1
32485,0,0,0,0,1
32486,0,0,0,0,1
32487,0,0,0,0,1
32488,0,0,0,0,1
32489,0,0,0,0,1
32490,0,0,0,0,1
32491,0,0,0,0,1
32492,0,0,0,0,1
32493,0,0,0,0,1
32494,0,0,0,0,1
32495,0,0,0,0,1
32496,0,0,0,0,1
32497,0,0,0,0,1
32498,0,0,0,0,1
32499,0,0,0,0,1
32500,0,0,0,0,1
32501,0,0,0,0,1
32502,0,0,0,0,1
32503,0,0,0,0,1
32504,0,0,0,0,1
32505,0,0,0,0,1
32506,0,0,0,0,1
32507,0,0,0,0,1
32508,0,0,0,0,1
32509,0,0,0,0,1
32510,0,0,0,0,1
32511,0,0,0,0,1
32512,0,0,0,0,1
32513,0,0,0,0,1
32514,0,0,0,0,1
32515,0,0,0,0,1
32516,0,0,0,0,1
32517,0,0,0,0,1
32518,0,0,0,0,1
32519,0,0,0,0,1
32520,0,0,0,0,1
32521,0,0,0,0,1
32522,0,0,0,0,1
32523,0,0,0,0,1
32524,0,0,0,0,1
32525,0,0,0,0,1
32526,0,0,0,0,1
32527,0,0,0,0,1
32528,0,0,0,0,1
32529,0,0,0,0,1
32530,0,0,0,0,1
32531,0,0,0,0,1
32532,0,0,0,0,1
32533,0,0,0,0,1
32534,0,0,0,0,1
32535,0,0,0,0,1
32536,0,0,0,0,1
32537,0,0,0,0,1
32538,0,0,0,0,1
32539,0,0,0,0,1
32540,0,0,0,0,1
32541,0,0,0,0,1
32542,0,0,0,0,1
32543,0,0,0,0,1
32544,0,0,0,0,1
32545,0,0,0,0,1
32546,0,0,0,0,1
32547,0,0,0,0,1
32548,0,0,0,0,1
32549,0,0,0,0,1
32550,0,0,0,0,1
32551,0,0,0,0,1
32552,0,0,0,0,1
32553,0,0,0,0,1
32554,0,0,0,0,1
32555,0,0,0,0,1
32556,0,0,0,0,1
32557,0,0,0,0,1
32558,0,0,0,0,1
32559,0,0,0,0,1
32560,0,0,0,0,1
32561,0,0,0,0,1
32562,0,0,0,0,1
32563,0,0,0,0,1
32564,0,0,0,0,1
32565,0,0,0,0,1
32566,0,0,0,0,1
32567,0,0,0,0,1
32568,0,0,0,0,1
32569,0,0,0,0,1
32570,0,0,0,0,1
32571,0,0,0,0,1
32572,0,0,0,0,1
32573,0,0,0,0,1
32574,0,0,0,0,1
32575,0,0,0,0,1
32576,0,0,0,0,1
32577,0,0,0,0,1
32578,0,0,0,0,1
32579,0,0,0,0,1
32580,0,0,0,0,1
32581,0,0,0,0,1
32582,0,0,0,0,1
32583,0,0,0,0,1
32584,0,0,0,0,1
32585,0,0,0,0,1
32586,0,0,0,0,1
32587,0,0,0,0,1
32588,0,0,0,0,1
32589,0,0,0,0,1
32590,0,0,0,0,1
32591,0,0,0,0,1
32592,0,0,0,0,1
32593,0,0,0,0,1
32594,0,0,0,0,1
32595,0,0,0,0,1
32596,0,0,0,0,1
32597,0,0,0,0,1
32598,0,0,0,0,1
32599,0,0,0,0,1
32600,0,0,0,0,1
32601,0,0,0,0,1
32602,0,0,0,0,1
32603,0,0,0,0,1
32604,0,0,0,0,1
32605,0,0,0,0,1
32606,0,0,0,0,1
32607,0,0,0,0,1
32608,0,0,0,0,1
32609,0,0,0,0,1
32610,0,0,0,0,1
32611,0,0,0,0,1
32612,0,0,0,0,1
32613,0,0,0,0,1
32614,0,0,0,0,1
32615,0,0,0,0,1
32616,0,0,0,0,1
32617,0,0,0,0,1
32618,0,0,0,0,1
32619,0,0,0,0,1
32620,0,0,0,0,1
32621,0,0,0,0,1
32622,0,0,0,0,1
32623,0,0,0,0,1
32624,0,0,0,0,1
32625,0,0,0,0,1
32626,0,0,0,0,1
32627,0,0,0,0,1
32628,0,0,0,0,1
32629,0,0,0,0,1
32630,0,0,0,0,1
32631,0,0,0,0,1
32632,0,0,0,0,1
32633,0,0,0,0,1
32634,0,0,0,0,1
32635,0,0,0,0,1
32636,0,0,0,0,1
32637,0,0,0,0,1
32638,0,0,0,0,1
32639,0,0,0,0,1
32640,0,0,0,0,1
32641,0,0,0,0,1
32642,0,0,0,0,1
32643,0,0,0,0,1
32644,0,0,0,0,1
32645,0,0,0,0,1
32646,0,0,0,0,1
32647,0,0,0,0,1
32648,0,0,0,0,1
32649,0,0,0,0,1
32650,0,0,0,0,1
32651,0,0,0,0,1
32652,0,0,0,0,1
32653,0,0,0,0,1
32654,0,0,0,0,1
32655,0,0,0,0,1
32656,0,0,0,0,1
32657,0,0,0,0,1
32658,0,0,0,0,1
32659,0,0,0,0,1
32660,0,0,0,0,1
32661,0,0,0,0,1
32662,0,0,0,0,1
32663,0,0,0,0,1
32664,0,0,0,0,1
32665,0,0,0,0,1
32666,0,0,0,0,1
32667,0,0,0,0,1
32668,0,0,0,0,1
32669,0,0,0,0,1
32670,0,0,0,0,1
32671,0,0,0,0,1
32672,0,0,0,0,1
32673,0,0,0,0,1
32674,0,0,0,0,1
32675,0,0,0,0,1
32676,0,0,0,0,1
32677,0,0,0,0,1
32678,0,0,0,0,1
32679,0,0,0,0,1
32680,0,0,0,0,1
32681,0,0,0,0,1
32682,0,0,0,0,1
32683,0,0,0,0,1
32684,0,0,0,0,1
32685,0,0,0,0,1
32686,0,0,0,0,1
32687,0,0,0,0,1
32688,0,0,0,0,1
32689,0,0,0,0,1
32690,0,0,0,0,1
32691,0,0,0,0,1
32692,0,0,0,0,1
32693,0,0,0,0,1
32694,0,0,0,0,1
32695,0,0,0,0,1
32696,0,0,0,0,1
32697,0,0,0,0,1
32698,0,0,0,0,1
32699,0,0,0,0,1
32700,0,0,0,0,1
32701,0,0,0,0,1
32702,0,0,0,0,1
32703,0,0,0,0,1
32704,0,0,0,0,1
32705,0,0,0,0,1
32706,0,0,0,0,1
32707,0,0,0,0,1
32708,0,0,0,0,1
32709,0,0,0,0,1
32710,0,0,0,0,1
32711,0,0,0,0,1
32712,0,0,0,0,1
32713,0,0,0,0,1
32714,0,0,0,0,1
32715,0,0,0,0,1
32716,0,0,0,0,1
32717,0,0,0,0,1
32718,0,0,0,0,1
32719,0,0,0,0,1
32720,0,0,0,0,1
32721,0,0,0,0,1
32722,0,0,0,0,1
32723,0,0,0,0,1
32724,0,0,0,0,1
32725,0,0,0,0,1
32726,0,0,0,0,1
32727,0,0,0,0,1
32728,0,0,0,0,1
32729,0,0,0,0,1
32730,0,0,0,0,1
32731,0,0,0,0,1
32732,0,0,0,0,1
32733,0,0,0,0,1
32734,0,0,0,0,1
32735,0,0,0,0,1
32736,0,0,0,0,1
32737,0,0,0,0,1
32738,0,0,0,0,1
32739,0,0,0,0,1
32740,0,0,0,0,1
32741,0,0,0,0,1
32742,0,0,0,0,1
32743,0,0,0,0,1
32744,0,0,0,0,1
32745,0,0,0,0,1
32746,0,0,0,0,1
32747,0,0,0,0,1
32748,0,0,0,0,1
32749,0,0,0,0,1
32750,0,0,0,0,1
32751,0,0,0,0,1
32752,0,0,0,0,1
32753,0,0,0,0,1
32754,0,0,0,0,1
32755,0,0,0,0,1
32756,0,0,0,0,1
32757,0,0,0,0,1
32758,0,0,0,0,1
32759,0,0,0,0,1
32760,0,0,0,0,1
32761,0,0,0,0,1
32762,0,0,0,0,1
32763,0,0,0,0,1
32764,0,0,0,0,1
32765,0,0,0,0,1
32766,0,0,0,0,1
32767,0,0,0,0,1
32768,0,0,0,0,1
32769,0,0,0,0,1
32770,0,0,0,0,1
32771,0,0,0,0,1
32772,0,0,0,0,1
32773,0,0,0,0,1
32774,0,0,0,0,1
32775,0,0,0,0,1
32776,0,0,0,0,1
32777,0,0,0,0,1
32778,0,0,0,0,1
32779,0,0,0,0,1
32780,0,0,0,0,1
32781,0,0,0,0,1
32782,0,0,0,0,1
32783,0,0,0,0,1
32784,0,0,0,0,1
32785,0,0,0,0,1
32786,0,0,0,0,1
32787,0,0,0,0,1
32788,0,0,0,0,1
32789,0,0,0,0,1
32790,0,0,0,0,1
32791,0,0,0,0,1
32792,0,0,0,0,1
32793,0,0,0,0,1
32794,0,0,0,0,1
32795,0,0,0,0,1
32796,0,0,0,0,1
32797,0,0,0,0,1
32798,0,0,0,0,1
32799,0,0,0,0,1
32800,0,0,0,0,1
32801,0,0,0,0,1
32802,0,0,0,0,1
32803,0,0,0,0,1
32804,0,0,0,0,1
32805,0,0,0,0,1
32806,0,0,0,0,1
32807,0,0,0,0,1
32808,0,0,0,0,1
32809,0,0,0,0,1
32810,0,0,0,0,1
32811,0,0,0,0,1
32812,0,0,0,0,1
32813,0,0,0,0,1
32814,0,0,0,0,1
32815,0,0,0,0,1
32816,0,0,0,0,1
32817,0,0,0,0,1
32818,0,0,0,0,1
32819,0,0,0,0,1
32820,0,0,0,0,1
32821,0,0,0,0,1
32822,0,0,0,0,1
32823,0,0,0,0,1
32824,0,0,0,0,1
32825,0,0,0,0,1
32826,0,0,0,0,1
32827,0,0,0,0,1
32828,0,0,0,0,1
32829,0,0,0,0,1
32830,0,0,0,0,1
32831,0,0,0,0,1
32832,0,0,0,0,1
32833,0,0,0,0,1
32834,0,0,0,0,1
32835,0,0,0,0,1
32836,0,0,0,0,1
32837,0,0,0,0,1
32838,0,0,0,0,1
32839,0,0,0,0,1
32840,0,0,0,0,1
32841,0,0,0,0,1
32842,0,0,0,0,1
32843,0,0,0,0,1
32844,0,0,0,0,1
32845,0,0,0,0,1
32846,0,0,0,0,1
32847,0,0,0,0,1
32848,0,0,0,0,1
32849,0,0,0,0,1
32850,0,0,0,0,1
32851,0,0,0,0,1
32852,0,0,0,0,1
32853,0,0,0,0,1
32854,0,0,0,0,1
32855,0,0,0,0,1
32856,0,0,0,0,1
32857,0,0,0,0,1
32858,0,0,0,0,1
32859,0,0,0,0,1
32860,0,0,0,0,1
32861,0,0,0,0,1
32862,0,0,0,0,1
32863,0,0,0,0,1
32864,0,0,0,0,1
32865,0,0,0,0,1
32866,0,0,0,0,1
32867,0,0,0,0,1
32868,0,0,0,0,1
32869,0,0,0,0,1
32870,0,0,0,0,1
32871,0,0,0,0,1
32872,0,0,0,0,1
32873,0,0,0,0,1
32874,0,0,0,0,1
32875,0,0,0,0,1
32876,0,0,0,0,1
32877,0,0,0,0,1
32878,0,0,0,0,1
32879,0,0,0,0,1
32880,0,0,0,0,1
32881,0,0,0,0,1
32882,0,0,0,0,1
32883,0,0,0,0,1
32884,0,0,0,0,1
32885,0,0,0,0,1
32886,0,0,0,0,1
32887,0,0,0,0,1
32888,0,0,0,0,1
32889,0,0,0,0,1
32890,0,0,0,0,1
32891,0,0,0,0,1
32892,0,0,0,0,1
32893,0,0,0,0,1
32894,0,0,0,0,1
32895,0,0,0,0,1
32896,0,0,0,0,1
32897,0,0,0,0,1
32898,0,0,0,0,1
32899,0,0,0,0,1
32900,0,0,0,0,1
32901,0,0,0,0,1
32902,0,0,0,0,1
32903,0,0,0,0,1
32904,0,0,0,0,1
32905,0,0,0,0,1
32906,0,0,0,0,1
32907,0,0,0,0,1
32908,0,0,0,0,1
32909,0,0,0,0,1
32910,0,0,0,0,1
32911,0,0,0,0,1
32912,0,0,0,0,1
32913,0,0,0,0,1
32914,0,0,0,0,1
32915,0,0,0,0,1
32916,0,0,0,0,1
32917,0,0,0,0,1
32918,0,0,0,0,1
32919,0,0,0,0,1
32920,0,0,0,0,1
32921,0,0,0,0,1
32922,0,0,0,0,1
32923,0,0,0,0,1
32924,0,0,0,0,1
32925,0,0,0,0,1
32926,0,0,0,0,1
32927,0,0,0,0,1
32928,0,0,0,0,1
32929,0,0,0,0,1
32930,0,0,0,0,1
32931,0,0,0,0,1
32932,0,0,0,0,1
32933,0,0,0,0,1
32934,0,0,0,0,1
32935,0,0,0,0,1
32936,0,0,0,0,1
32937,0,0,0,0,1
32938,0,0,0,0,1
32939,0,0,0,0,1
32940,0,0,0,0,1
32941,0,0,0,0,1
32942,0,0,0,0,1
32943,0,0,0,0,1
32944,0,0,0,0,1
32945,0,0,0,0,1
32946,0,0,0,0,1
32947,0,0,0,0,1
32948,0,0,0,0,1
32949,0,0,0,0,1
32950,0,0,0,0,1
32951,0,0,0,0,1
32952,0,0,0,0,1
32953,0,0,0,0,1
32954,0,0,0,0,1
32955,0,0,0,0,1
32956,0,0,0,0,1
32957,0,0,0,0,1
32958,0,0,0,0,1
32959,0,0,0,0,1
32960,0,0,0,0,1
32961,0,0,0,0,1
32962,0,0,0,0,1
32963,0,0,0,0,1
32964,0,0,0,0,1
32965,0,0,0,0,1
32966,0,0,0,0,1
32967,0,0,0,0,1
32968,0,0,0,0,1
32969,0,0,0,0,1
32970,0,0,0,0,1
32971,0,0,0,0,1
32972,0,0,0,0,1
32973,0,0,0,0,1
32974,0,0,0,0,1
32975,0,0,0,0,1
32976,0,0,0,0,1
32977,0,0,0,0,1
32978,0,0,0,0,1
32979,0,0,0,0,1
32980,0,0,0,0,1
32981,0,0,0,0,1
32982,0,0,0,0,1
32983,0,0,0,0,1
32984,0,0,0,0,1
32985,0,0,0,0,1
32986,0,0,0,0,1
32987,0,0,0,0,1
32988,0,0,0,0,1
32989,0,0,0,0,1
32990,0,0,0,0,1
32991,0,0,0,0,1
32992,0,0,0,0,1
32993,0,0,0,0,1
32994,0,0,0,0,1
32995,0,0,0,0,1
32996,0,0,0,0,1
32997,0,0,0,0,1
32998,0,0,0,0,1
32999,0,0,0,0,1
33000,0,0,0,0,1
33001,0,0,0,0,1
33002,0,0,0,0,1
33003,0,0,0,0,1
33004,0,0,0,0,1
33005,0,0,0,0,1
33006,0,0,0,0,1
33007,0,0,0,0,1
33008,0,0,0,0,1
33009,0,0,0,0,1
33010,0,0,0,0,1
33011,0,0,0,0,1
33012,0,0,0,0,1
33013,0,0,0,0,1
33014,0,0,0,0,1
33015,0,0,0,0,1
33016,0,0,0,0,1
33017,0,0,0,0,1
33018,0,0,0,0,1
33019,0,0,0,0,1
33020,0,0,0,0,1
33021,0,0,0,0,1
33022,0,0,0,0,1
33023,0,0,0,0,1
33024,0,0,0,0,1
33025,0,0,0,0,1
33026,0,0,0,0,1
33027,0,0,0,0,1
33028,0,0,0,0,1
33029,0,0,0,0,1
33030,0,0,0,0,1
33031,0,0,0,0,1
33032,0,0,0,0,1
33033,0,0,0,0,1
33034,0,0,0,0,1
33035,0,0,0,0,1
33036,0,0,0,0,1
33037,0,0,0,0,1
33038,0,0,0,0,1
33039,0,0,0,0,1
33040,0,0,0,0,1
33041,0,0,0,0,1
33042,0,0,0,0,1
33043,0,0,0,0,1
33044,0,0,0,0,1
33045,0,0,0,0,1
33046,0,0,0,0,1
33047,0,0,0,0,1
33048,0,0,0,0,1
33049,0,0,0,0,1
33050,0,0,0,0,1
33051,0,0,0,0,1
33052,0,0,0,0,1
33053,0,0,0,0,1
33054,0,0,0,0,1
33055,0,0,0,0,1
33056,0,0,0,0,1
33057,0,0,0,0,1
33058,0,0,0,0,1
33059,0,0,0,0,1
33060,0,0,0,0,1
33061,0,0,0,0,1
33062,0,0,0,0,1
33063,0,0,0,0,1
33064,0,0,0,0,1
33065,0,0,0,0,1
33066,0,0,0,0,1
33067,0,0,0,0,1
33068,0,0,0,0,1
33069,0,0,0,0,1
33070,0,0,0,0,1
33071,0,0,0,0,1
33072,0,0,0,0,1
33073,0,0,0,0,1
33074,0,0,0,0,1
33075,0,0,0,0,1
33076,0,0,0,0,1
33077,0,0,0,0,1
33078,0,0,0,0,1
33079,0,0,0,0,1
33080,0,0,0,0,1
33081,0,0,0,0,1
33082,0,0,0,0,1
33083,0,0,0,0,1
33084,0,0,0,0,1
33085,0,0,0,0,1
33086,0,0,0,0,1
33087,0,0,0,0,1
33088,0,0,0,0,1
33089,0,0,0,0,1
33090,0,0,0,0,1
33091,0,0,0,0,1
33092,0,0,0,0,1
33093,0,0,0,0,1
33094,0,0,0,0,1
33095,0,0,0,0,1
33096,0,0,0,0,1
33097,0,0,0,0,1
33098,0,0,0,0,1
33099,0,0,0,0,1
33100,0,0,0,0,1
33101,0,0,0,0,1
33102,0,0,0,0,1
33103,0,0,0,0,1
33104,0,0,0,0,1
33105,0,0,0,0,1
33106,0,0,0,0,1
33107,0,0,0,0,1
33108,0,0,0,0,1
33109,0,0,0,0,1
33110,0,0,0,0,1
33111,0,0,0,0,1
33112,0,0,0,0,1
33113,0,0,0,0,1
33114,0,0,0,0,1
33115,0,0,0,0,1
33116,0,0,0,0,1
33117,0,0,0,0,1
33118,0,0,0,0,1
33119,0,0,0,0,1
33120,0,0,0,0,1
33121,0,0,0,0,1
33122,0,0,0,0,1
33123,0,0,0,0,1
33124,0,0,0,0,1
33125,0,0,0,0,1
33126,0,0,0,0,1
33127,0,0,0,0,1
33128,0,0,0,0,1
33129,0,0,0,0,1
33130,0,0,0,0,1
33131,0,0,0,0,1
33132,0,0,0,0,1
33133,0,0,0,0,1
33134,0,0,0,0,1
33135,0,0,0,0,1
33136,0,0,0,0,1
33137,0,0,0,0,1
33138,0,0,0,0,1
33139,0,0,0,0,1
33140,1,0,0,0,0
33141,1,0,0,0,0
33142,1,0,0,0,0
33143,1,0,0,0,0
33144,1,0,0,0,0
33145,1,0,0,0,0
33146,1,0,0,0,0
33147,1,0,0,0,0
33148,1,0,0,0,0
33149,1,0,0,0,0
33150,1,0,0,0,0
33151,1,0,0,0,0
33152,1,0,0,0,0
33153,1,0,0,0,0
33154,1,0,0,0,0
33155,1,0,0,0,0
33156,1,0,0,0,0
33157,1,0,0,0,0
33158,1,0,0,0,0
33159,1,0,0,0,0
33160,1,0,0,0,0
33161,1,0,0,0,0
33162,1,0,0,0,0
33163,1,0,0,0,0
33164,1,0,0,0,0
33165,1,0,0,0,0
33166,1,0,0,0,0
33167,1,0,0,0,0
33168,1,0,0,0,0
33169,1,0,0,0,0
33170,1,0,0,0,0
33171,1,0,0,0,0
33172,1,0,0,0,0
33173,1,0,0,0,0
33174,1,0,0,0,0
33175,1,0,0,0,0
33176,1,0,0,0,0
33177,1,0,0,0,0
33178,1,0,0,0,0
33179,1,0,0,0,0
33180,1,0,0,0,0
33181,1,0,0,0,0
33182,1,0,0,0,0
33183,1,0,0,0,0
33184,1,0,0,0,0
33185,1,0,0,0,0
33186,1,0,0,0,0
33187,1,0,0,0,0
33188,1,0,0,0,0
33189,1,0,0,0,0
33190,1,0,0,0,0
33191,1,0,0,0,0
33192,1,0,0,0,0
33193,1,0,0,0,0
33194,1,0,0,0,0
33195,1,0,0,0,0
33196,1,0,0,0,0
33197,1,0,0,0,0
33198,1,0,0,0,0
33199,1,0,0,0,0
33200,1,0,0,0,0
33201,1,0,0,0,0
33202,1,0,0,0,0
33203,1,0,0,0,0
33204,1,0,0,0,0
33205,1,0,0,0,0
33206,1,0,0,0,0
33207,1,0,0,0,0
33208,1,0,0,0,0
33209,1,0,0,0,0
33210,1,0,0,0,0
33211,1,0,0,0,0
33212,1,0,0,0,0
33213,1,0,0,0,0
33214,1,0,0,0,0
33215,1,0,0,0,0
33216,1,0,0,0,0
33217,1,0,0,0,0
33218,1,0,0,0,0
33219,1,0,0,0,0
33220,1,0,0,0,0
33221,1,0,0,0,0
33222,1,0,0,0,0
33223,1,0,0,0,0
33224,1,0,0,0,0
33225,1,0,0,0,0
33226,1,0,0,0,0
33227,1,0,0,0,0
33228,1,0,0,0,0
33229,1,0,0,0,0
33230,1,0,0,0,0
33231,1,0,0,0,0
33232,1,0,0,0,0
33233,1,0,0,0,0
33234,1,0,0,0,0
33235,1,0,0,0,0
33236,1,0,0,0,0
33237,1,0,0,0,0
33238,1,0,0,0,0
33239,1,0,0,0,0
33240,1,0,0,0,0
33241,1,0,0,0,0
33242,1,0,0,0,0
33243,1,0,0,0,0
33244,1,0,0,0,0
33245,1,0,0,0,0
33246,1,0,0,0,0
33247,1,0,0,0,0
33248,1,0,0,0,0
33249,1,0,0,0,0
33250,1,0,0,0,0
33251,1,0,0,0,0
33252,1,0,0,0,0
33253,1,0,0,0,0
33254,1,0,0,0,0
33255,1,0,0,0,0
33256,1,0,0,0,0
33257,1,0,0,0,0
33258,1,0,0,0,0
33259,1,0,0,0,0
33260,0,0,0,0,1
33261,0,0,0,0,1
33262,0,0,0,0,1
33263,0,0,0,0,1
33264,0,0,0,0,1
33265,0,0,0,0,1
33266,0,0,0,0,1
33267,0,0,0,0,1
33268,0,0,0,0,1
33269,0,0,0,0,1
33270,0,0,0,0,1
33271,0,0,0,0,1
33272,0,0,0,0,1
33273,0,0,0,0,1
33274,0,0,0,0,1
33275,0,0,0,0,1
33276,0,0,0,0,1
33277,0,0,0,0,1
33278,0,0,0,0,1
33279,0,0,0,0,1
33280,0,0,0,0,1
33281,0,0,1,0,0
33282,0,0,1,0,0
33283,0,0,1,0,0
33284,0,0,1,0,0
33285,0,0,1,0,0
33286,0,0,1,0,0
33287,0,0,1,0,0
33288,0,0,1,0,0
33289,0,0,1,0,0
33290,0,0,1,0,0
33291,0,0,1,0,0
33292,0,0,1,0,0
33293,0,0,1,0,0
33294,0,0,1,0,0
33295,0,0,1,0,0
33296,0,0,1,0,0
33297,0,0,1,0,0
33298,0,0,1,0,0
33299,0,0,1,0,0
33300,0,0,1,0,0
33301,0,0,1,0,0
33302,0,0,1,0,0
33303,0,0,1,0,0
33304,0,0,1,0,0
33305,0,0,1,0,0
33306,0,0,1,0,0
33307,0,0,1,0,0
33308,0,0,1,0,0
33309,0,0,1,0,0
33310,0,0,1,0,0
33311,0,0,1,0,0
33312,0,0,1,0,0
33313,0,0,1,0,0
33314,0,0,1,0,0
33315,0,0,1,0,0
33316,0,0,1,0,0
33317,0,0,1,0,0
33318,0,0,1,0,0
33319,0,0,1,0,0
33320,0,0,1,0,0
33321,0,0,1,0,0
33322,0,0,1,0,0
33323,0,0,1,0,0
33324,0,0,1,0,0
33325,0,0,1,0,0
33326,0,0,1,0,0
33327,0,0,1,0,0
33328,0,0,1,0,0
33329,0,0,1,0,0
33330,0,0,1,0,0
33331,0,0,1,0,0
33332,0,0,1,0,0
33333,0,0,1,0,0
33334,0,0,1,0,0
33335,0,0,1,0,0
33336,0,0,1,0,0
33337,0,0,1,0,0
33338,0,0,1,0,0
33339,0,0,1,0,0
33340,0,0,1,0,0
33341,0,0,1,0,0
33342,0,0,1,0,0
33343,0,0,1,0,0
33344,0,0,1,0,0
33345,0,0,1,0,0
33346,0,0,1,0,0
33347,0,0,1,0,0
33348,0,0,1,0,0
33349,0,0,1,0,0
33350,0,0,1,0,0
33351,0,0,1,0,0
33352,0,0,1,0,0
33353,0,0,1,0,0
33354,0,0,1,0,0
33355,0,0,0,0,1
33356,0,0,0,0,1
33357,0,0,0,0,1
33358,0,0,0,0,1
33359,0,0,0,0,1
33360,0,0,0,0,1
33361,0,0,0,0,1
33362,0,0,0,0,1
33363,0,0,0,0,1
33364,0,0,0,0,1
33365,0,0,0,0,1
33366,0,0,0,0,1
33367,0,0,0,0,1
33368,0,0,0,0,1
33369,0,0,0,0,1
33370,0,0,0,0,1
33371,0,0,0,0,1
33372,0,0,0,0,1
33373,0,0,0,0,1
33374,0,0,0,0,1
33375,0,0,0,0,1
33376,0,0,0,0,1
33377,0,0,0,0,1
33378,0,0,0,0,1
33379,0,0,0,0,1
33380,0,0,0,0,1
33381,0,0,0,0,1
33382,0,0,0,0,1
33383,0,0,0,0,1
33384,0,0,0,0,1
33385,0,0,0,0,1
33386,0,0,0,0,1
33387,0,0,0,0,1
33388,0,0,0,0,1
33389,0,0,0,0,1
33390,0,0,0,0,1
33391,0,0,0,0,1
33392,0,0,0,0,1
33393,0,0,0,0,1
33394,0,0,0,0,1
33395,0,0,0,0,1
33396,0,0,0,0,1
33397,0,0,0,0,1
33398,0,0,0,0,1
33399,0,0,0,0,1
33400,0,0,0,0,1
33401,0,0,0,0,1
33402,0,0,0,0,1
33403,0,0,0,0,1
33404,0,0,0,0,1
33405,0,0,0,0,1
33406,0,0,0,0,1
33407,0,0,0,0,1
33408,0,0,0,0,1
33409,0,0,0,0,1
33410,0,0,0,0,1
33411,0,0,0,0,1
33412,0,0,0,0,1
33413,0,0,0,0,1
33414,0,0,0,0,1
33415,0,0,0,0,1
33416,0,0,0,0,1
33417,0,0,0,0,1
33418,0,0,0,0,1
33419,0,0,0,0,1
33420,0,0,0,0,1
33421,0,0,0,0,1
33422,0,0,0,0,1
33423,0,0,0,0,1
33424,0,0,0,0,1
33425,0,0,0,0,1
33426,0,0,0,0,1
33427,0,0,0,0,1
33428,0,0,0,0,1
33429,0,0,0,0,1
33430,0,0,0,0,1
33431,0,0,0,0,1
33432,0,0,0,0,1
33433,0,0,0,0,1
33434,0,0,0,0,1
33435,0,0,0,0,1
33436,0,0,0,0,1
33437,0,0,0,0,1
33438,0,0,0,0,1
33439,0,0,0,0,1
33440,0,0,0,0,1
33441,0,0,0,0,1
33442,0,0,0,0,1
33443,0,0,0,0,1
33444,0,0,0,0,1
33445,0,0,0,0,1
33446,0,0,0,0,1
33447,0,0,0,0,1
33448,0,0,0,0,1
33449,0,0,0,0,1
33450,0,0,0,0,1
33451,0,0,0,0,1
33452,0,0,0,0,1
33453,0,0,0,0,1
33454,0,0,0,0,1
33455,0,0,0,0,1
33456,0,0,0,0,1
33457,0,0,0,0,1
33458,0,0,0,0,1
33459,0,0,0,0,1
33460,0,0,0,0,1
33461,0,0,0,0,1
33462,0,0,0,0,1
33463,0,0,0,0,1
33464,0,0,0,0,1
33465,0,0,0,0,1
33466,0,0,0,0,1
33467,0,0,0,0,1
33468,0,0,0,0,1
33469,0,0,0,0,1
33470,0,0,0,0,1
33471,0,0,0,0,1
33472,0,0,0,0,1
33473,0,0,0,0,1
33474,0,0,0,0,1
33475,0,0,0,0,1
33476,0,0,1,0,0
33477,0,0,1,0,0
33478,0,0,1,0,0
33479,0,0,1,0,0
33480,0,0,1,0,0
33481,0,0,1,0,0
33482,0,0,1,0,0
33483,0,0,1,0,0
33484,0,0,1,0,0
33485,0,0,1,0,0
33486,0,0,1,0,0
33487,0,0,1,0,0
33488,0,0,1,0,0
33489,0,0,1,0,0
33490,0,0,1,0,0
33491,0,0,1,0,0
33492,0,0,1,0,0
33493,0,0,1,0,0
33494,0,0,1,0,0
33495,0,0,1,0,0
33496,0,0,1,0,0
33497,0,0,1,0,0
33498,0,0,1,0,0
33499,0,0,1,0,0
33500,0,0,1,0,0
33501,0,0,1,0,0
33502,0,0,1,0,0
33503,0,0,1,0,0
33504,0,0,1,0,0
33505,0,0,1,0,0
33506,0,0,1,0,0
33507,0,0,1,0,0
33508,0,0,1,0,0
33509,0,0,1,0,0
33510,0,0,1,0,0
33511,0,0,1,0,0
33512,0,0,1,0,0
33513,0,0,1,0,0
33514,0,0,1,0,0
33515,0,0,1,0,0
33516,0,0,1,0,0
33517,0,0,1,0,0
33518,0,0,1,0,0
33519,0,0,1,0,0
33520,0,0,1,0,0
33521,0,0,1,0,0
33522,0,0,0,0,1
33523,0,0,0,0,1
33524,0,0,0,0,1
33525,0,0,0,0,1
33526,0,0,0,0,1
33527,0,0,0,0,1
33528,0,0,0,0,1
33529,0,0,0,0,1
33530,0,0,0,0,1
33531,0,0,0,0,1
33532,0,0,0,0,1
33533,0,0,0,0,1
33534,0,0,0,0,1
33535,0,0,0,0,1
33536,0,0,0,0,1
33537,0,0,0,0,1
33538,0,0,0,0,1
33539,0,0,0,0,1
33540,0,0,0,0,1
33541,0,0,0,0,1
33542,0,0,0,0,1
33543,0,0,0,0,1
33544,0,0,0,0,1
33545,0,0,0,0,1
33546,0,0,0,0,1
33547,0,0,0,0,1
33548,0,0,0,0,1
33549,0,0,0,0,1
33550,0,0,0,0,1
33551,0,0,0,0,1
33552,0,0,0,0,1
33553,0,0,0,0,1
33554,0,0,0,0,1
33555,0,0,0,0,1
33556,0,0,0,0,1
33557,0,0,0,0,1
33558,0,0,0,0,1
33559,0,0,0,0,1
33560,0,0,0,0,1
33561,0,0,0,0,1
33562,0,0,0,0,1
33563,0,0,0,0,1
33564,0,0,0,0,1
33565,0,0,0,0,1
33566,0,0,0,0,1
33567,0,0,0,0,1
33568,0,0,0,0,1
33569,0,0,0,0,1
33570,0,0,0,0,1
33571,0,0,0,0,1
33572,0,0,0,0,1
33573,0,0,0,0,1
33574,0,0,0,0,1
33575,0,0,0,0,1
33576,0,0,0,0,1
33577,0,0,0,0,1
33578,0,0,0,0,1
33579,0,0,0,0,1
33580,0,0,0,0,1
33581,0,0,0,0,1
33582,0,0,0,0,1
33583,0,0,0,0,1
33584,0,0,0,0,1
33585,0,0,0,0,1
33586,0,0,0,0,1
33587,0,0,0,0,1
33588,0,0,0,0,1
33589,0,0,0,0,1
33590,0,0,0,0,1
33591,0,0,0,0,1
33592,0,0,0,0,1
33593,0,0,0,0,1
33594,0,0,0,0,1
33595,0,0,0,0,1
33596,0,0,0,0,1
33597,0,0,0,0,1
33598,0,0,0,0,1
33599,0,0,0,0,1
33600,0,0,0,0,1
33601,0,0,0,0,1
33602,0,0,0,0,1
33603,0,0,0,0,1
33604,0,0,0,0,1
33605,0,0,0,0,1
33606,0,0,0,0,1
33607,0,0,0,0,1
33608,0,0,0,0,1
33609,0,0,0,0,1
33610,0,0,0,0,1
33611,0,0,0,0,1
33612,0,0,0,0,1
33613,0,0,0,0,1
33614,0,0,0,0,1
33615,0,0,0,0,1
33616,0,0,0,0,1
33617,0,0,0,0,1
33618,0,0,0,0,1
33619,0,0,0,0,1
33620,0,0,0,0,1
33621,0,0,0,0,1
33622,0,0,0,0,1
33623,0,0,0,0,1
33624,0,0,0,0,1
33625,0,0,0,0,1
33626,0,0,0,0,1
33627,0,0,0,0,1
33628,0,0,0,0,1
33629,0,0,0,0,1
33630,0,0,0,0,1
33631,0,0,0,0,1
33632,0,0,0,0,1
33633,0,0,0,0,1
33634,0,0,0,0,1
33635,0,0,0,0,1
33636,0,0,0,0,1
33637,0,0,0,0,1
33638,0,0,0,0,1
33639,0,0,0,0,1
33640,0,0,0,0,1
33641,0,0,0,0,1
33642,1,0,0,0,0
33643,1,0,0,0,0
33644,1,0,0,0,0
33645,1,0,0,0,0
33646,1,0,0,0,0
33647,1,0,0,0,0
33648,1,0,0,0,0
33649,1,0,0,0,0
33650,1,0,0,0,0
33651,1,0,0,0,0
33652,1,0,0,0,0
33653,1,0,0,0,0
33654,1,0,0,0,0
33655,1,0,0,0,0
33656,1,0,0,0,0
33657,1,0,0,0,0
33658,1,0,0,0,0
33659,1,0,0,0,0
33660,1,0,0,0,0
33661,1,0,0,0,0
33662,1,0,0,0,0
33663,0,0,0,0,1
33664,0,0,0,0,1
33665,0,0,0,0,1
33666,0,0,0,0,1
33667,0,0,0,0,1
33668,0,0,0,0,1
33669,0,0,0,0,1
33670,0,0,0,0,1
33671,0,0,0,0,1
33672,0,0,0,0,1
33673,0,0,0,0,1
33674,0,0,0,0,1
33675,0,0,0,0,1
33676,0,0,0,0,1
33677,0,0,0,0,1
33678,0,0,0,0,1
33679,0,0,0,0,1
33680,0,0,0,0,1
33681,0,0,0,0,1
33682,0,0,0,0,1
33683,0,0,0,0,1
33684,0,0,0,0,1
33685,0,0,0,0,1
33686,0,0,0,0,1
33687,0,0,0,0,1
33688,0,0,0,0,1
33689,0,0,0,0,1
33690,0,0,0,0,1
33691,0,0,0,0,1
33692,0,0,0,0,1
33693,0,0,0,0,1
33694,0,0,0,0,1
33695,0,0,0,0,1
33696,0,0,0,0,1
33697,0,0,0,0,1
33698,0,0,0,0,1
33699,0,0,0,0,1
33700,0,0,0,0,1
33701,0,0,0,0,1
33702,0,0,0,0,1
33703,0,0,0,0,1
33704,0,0,0,0,1
33705,0,0,0,0,1
33706,0,0,0,0,1
33707,0,0,0,0,1
33708,0,0,0,0,1
33709,0,0,0,0,1
33710,0,0,0,0,1
33711,0,0,0,0,1
33712,0,0,0,0,1
33713,0,0,0,0,1
33714,0,0,0,0,1
33715,0,0,0,0,1
33716,0,0,0,0,1
33717,0,0,0,0,1
33718,0,0,0,0,1
33719,0,0,0,0,1
33720,0,0,0,0,1
33721,0,0,0,0,1
33722,0,0,0,0,1
33723,0,0,0,0,1
33724,0,0,0,0,1
33725,0,0,0,0,1
33726,0,0,0,0,1
33727,0,0,0,0,1
33728,0,0,0,0,1
33729,0,0,0,0,1
33730,0,0,0,0,1
33731,0,0,0,0,1
33732,0,0,0,0,1
33733,0,0,0,0,1
33734,0,0,0,0,1
33735,0,0,0,0,1
33736,0,0,0,0,1
33737,0,0,0,0,1
33738,0,0,0,0,1
33739,0,0,0,0,1
33740,0,0,0,0,1
33741,0,0,0,0,1
33742,0,0,0,0,1
33743,0,0,0,0,1
33744,0,0,0,0,1
33745,0,0,0,0,1
33746,0,0,0,0,1
33747,0,0,0,0,1
33748,0,0,0,0,1
33749,0,0,0,0,1
33750,0,0,0,0,1
33751,0,0,0,0,1
33752,0,0,0,0,1
33753,0,0,0,0,1
33754,0,0,0,0,1
33755,0,0,0,0,1
33756,0,0,0,0,1
33757,0,0,0,0,1
33758,0,0,0,0,1
33759,0,0,0,0,1
33760,0,0,0,0,1
33761,0,0,0,0,1
33762,0,0,0,0,1
33763,0,0,0,0,1
33764,0,0,0,0,1
33765,0,0,0,0,1
33766,0,0,0,0,1
33767,0,0,0,0,1
33768,0,0,0,0,1
33769,0,0,0,0,1
33770,0,0,0,0,1
33771,0,0,0,0,1
33772,0,0,0,0,1
33773,0,0,0,0,1
33774,0,0,0,0,1
33775,0,0,0,0,1
33776,0,0,0,0,1
33777,0,0,0,0,1
33778,0,0,0,0,1
33779,0,0,0,0,1
33780,0,0,0,0,1
33781,0,0,0,0,1
33782,0,0,0,0,1
33783,0,0,0,0,1
33784,0,0,0,0,1
33785,0,0,0,0,1
33786,0,0,0,0,1
33787,0,0,0,0,1
33788,0,0,0,0,1
33789,0,0,0,0,1
33790,0,0,0,0,1
33791,0,0,0,0,1
33792,0,0,0,0,1
33793,0,0,0,0,1
33794,0,0,0,0,1
33795,0,0,0,0,1
33796,0,0,0,0,1
33797,0,0,0,0,1
33798,0,0,0,0,1
33799,0,0,0,0,1
33800,0,0,0,0,1
33801,0,0,0,0,1
33802,0,0,0,0,1
33803,0,0,0,0,1
33804,0,0,0,0,1
33805,0,0,0,0,1
33806,0,0,0,0,1
33807,0,0,0,0,1
33808,0,0,0,0,1
33809,0,0,0,0,1
33810,0,0,0,0,1
33811,0,0,0,0,1
33812,0,0,0,0,1
33813,0,0,0,0,1
33814,0,0,0,0,1
33815,0,0,0,0,1
33816,0,0,0,0,1
33817,0,0,0,0,1
33818,0,0,0,0,1
33819,0,0,0,0,1
33820,0,0,0,0,1
33821,0,0,0,0,1
33822,0,0,0,0,1
33823,0,0,0,0,1
33824,0,0,0,0,1
33825,0,0,0,0,1
33826,0,0,0,0,1
33827,0,0,0,0,1
33828,0,0,0,0,1
33829,0,0,0,0,1
33830,0,0,0,0,1
33831,0,0,0,0,1
33832,0,0,0,0,1
33833,0,0,0,0,1
33834,0,0,0,0,1
33835,0,0,0,0,1
33836,0,0,0,0,1
33837,0,0,0,0,1
33838,0,0,0,0,1
33839,0,0,0,0,1
33840,0,0,0,0,1
33841,0,0,0,0,1
33842,0,0,0,0,1
33843,0,0,0,0,1
33844,0,0,0,0,1
33845,0,0,0,0,1
33846,0,0,0,0,1
33847,0,0,0,0,1
33848,0,0,0,0,1
33849,0,0,0,0,1
33850,0,0,0,0,1
33851,0,0,0,0,1
33852,0,0,0,0,1
33853,0,0,0,0,1
33854,0,0,0,0,1
33855,0,0,0,0,1
33856,0,0,0,0,1
33857,0,0,0,0,1
33858,0,0,0,0,1
33859,0,0,0,0,1
33860,0,0,0,0,1
33861,0,0,0,0,1
33862,0,0,0,0,1
33863,0,0,0,0,1
33864,0,0,0,0,1
33865,0,0,0,0,1
33866,0,0,0,0,1
33867,0,0,0,0,1
33868,0,0,0,0,1
33869,0,0,0,0,1
33870,0,0,0,0,1
33871,0,0,0,0,1
33872,0,0,0,0,1
33873,0,0,0,0,1
33874,0,0,0,0,1
33875,0,0,0,0,1
33876,0,0,0,0,1
33877,0,0,0,0,1
33878,0,0,0,0,1
33879,0,0,0,0,1
33880,0,0,0,0,1
33881,0,0,0,0,1
33882,0,0,0,0,1
33883,0,0,0,0,1
33884,0,0,0,0,1
33885,0,0,0,0,1
33886,0,0,0,0,1
33887,0,0,0,0,1
33888,0,0,0,0,1
33889,0,0,0,0,1
33890,0,0,0,0,1
33891,0,0,0,0,1
33892,0,0,0,0,1
33893,0,0,0,0,1
33894,0,0,0,0,1
33895,0,0,0,0,1
33896,0,0,0,0,1
33897,0,0,0,0,1
33898,0,0,0,0,1
33899,0,0,0,0,1
33900,0,0,0,0,1
33901,0,0,0,0,1
33902,0,0,0,0,1
33903,0,0,0,0,1
33904,0,0,0,0,1
33905,0,0,0,0,1
33906,0,0,0,0,1
33907,0,0,0,0,1
33908,0,0,0,0,1
33909,0,0,0,0,1
33910,0,0,0,0,1
33911,0,0,0,0,1
33912,0,0,0,0,1
33913,0,0,0,0,1
33914,0,0,0,0,1
33915,0,0,0,0,1
33916,0,0,0,0,1
33917,0,0,0,0,1
33918,0,0,0,0,1
33919,0,0,0,0,1
33920,0,0,0,0,1
33921,0,0,0,0,1
33922,0,0,0,0,1
33923,0,0,0,0,1
33924,0,0,0,0,1
33925,0,0,0,0,1
33926,0,0,0,0,1
33927,0,0,0,0,1
33928,0,0,0,0,1
33929,0,0,0,0,1
33930,0,0,0,0,1
33931,0,0,0,0,1
33932,0,0,0,0,1
33933,0,0,0,0,1
33934,0,0,0,0,1
33935,0,0,0,0,1
33936,0,0,0,0,1
33937,0,0,0,0,1
33938,0,0,0,0,1
33939,0,0,0,0,1
33940,0,0,0,0,1
33941,0,0,0,0,1
33942,0,0,0,0,1
33943,0,0,0,0,1
33944,0,0,0,0,1
33945,0,0,0,0,1
33946,0,0,0,0,1
33947,0,0,0,0,1
33948,0,0,0,0,1
33949,0,0,0,0,1
33950,0,0,0,0,1
33951,0,0,0,0,1
33952,0,0,0,0,1
33953,0,0,0,0,1
33954,0,0,0,0,1
33955,0,0,0,0,1
33956,0,0,0,0,1
33957,0,0,0,0,1
33958,0,0,0,0,1
33959,0,0,0,0,1
33960,0,0,0,0,1
33961,0,0,0,0,1
33962,0,0,0,0,1
33963,0,0,0,0,1
33964,0,0,0,0,1
33965,0,0,0,0,1
33966,0,0,0,0,1
33967,0,0,0,0,1
33968,0,0,0,0,1
33969,0,0,0,0,1
33970,0,0,0,0,1
33971,0,0,0,0,1
33972,0,0,0,0,1
33973,0,0,0,0,1
33974,0,0,0,0,1
33975,0,0,0,0,1
33976,0,0,0,0,1
33977,0,0,0,0,1
33978,0,0,0,0,1
33979,0,0,0,0,1
33980,0,0,0,0,1
33981,0,0,0,0,1
33982,0,0,0,0,1
33983,0,0,0,0,1
33984,0,0,0,0,1
33985,0,0,0,0,1
33986,0,0,0,0,1
33987,0,0,0,0,1
33988,0,0,0,0,1
33989,0,0,0,0,1
33990,0,0,0,0,1
33991,0,0,0,0,1
33992,0,0,0,0,1
33993,0,0,0,0,1
33994,0,0,0,0,1
33995,0,0,0,0,1
33996,0,0,0,0,1
33997,0,0,0,0,1
33998,0,0,0,0,1
33999,0,0,0,0,1
34000,0,0,0,0,1
34001,0,0,0,0,1
34002,0,0,0,0,1
34003,0,0,0,0,1
34004,0,0,0,0,1
34005,0,0,0,0,1
34006,0,0,0,0,1
34007,0,0,0,0,1
34008,0,0,0,0,1
34009,0,0,0,0,1
34010,0,0,0,0,1
34011,0,0,0,0,1
34012,0,0,0,0,1
34013,0,0,0,0,1
34014,0,0,0,0,1
34015,0,0,0,0,1
34016,0,0,0,0,1
34017,0,0,0,0,1
34018,0,0,0,0,1
34019,0,0,0,0,1
34020,0,0,0,0,1
34021,0,0,0,0,1
34022,0,0,0,0,1
34023,0,0,0,0,1
34024,0,0,0,0,1
34025,0,0,0,0,1
34026,0,0,0,0,1
34027,0,0,0,0,1
34028,0,0,0,0,1
34029,0,0,0,0,1
34030,0,0,0,0,1
34031,0,0,0,0,1
34032,0,0,0,0,1
34033,0,0,0,0,1
34034,0,0,0,0,1
34035,0,0,0,0,1
34036,0,0,0,0,1
34037,0,0,0,0,1
34038,0,0,0,0,1
34039,0,0,0,0,1
34040,0,0,0,0,1
34041,0,0,0,0,1
34042,0,0,0,0,1
34043,0,0,0,0,1
34044,0,0,0,0,1
34045,0,0,0,0,1
34046,0,0,0,0,1
34047,0,0,0,0,1
34048,0,0,0,0,1
34049,0,0,0,0,1
34050,0,0,0,0,1
34051,0,0,0,0,1
34052,0,0,0,0,1
34053,0,0,0,0,1
34054,0,0,0,0,1
34055,0,0,0,0,1
34056,0,0,0,0,1
34057,0,0,0,0,1
34058,0,0,0,0,1
34059,0,0,0,0,1
34060,0,0,0,0,1
34061,0,0,0,0,1
34062,0,0,0,0,1
34063,0,0,0,0,1
34064,0,0,0,0,1
34065,0,0,0,0,1
34066,0,0,0,0,1
34067,0,0,0,0,1
34068,0,0,0,0,1
34069,0,0,0,0,1
34070,0,0,0,0,1
34071,0,0,0,0,1
34072,0,0,0,0,1
34073,0,0,0,0,1
34074,0,0,0,0,1
34075,0,0,0,0,1
34076,0,0,0,0,1
34077,0,0,0,0,1
34078,0,0,0,0,1
34079,0,0,0,0,1
34080,0,0,0,0,1
34081,0,0,0,0,1
34082,0,0,0,0,1
34083,0,0,0,0,1
34084,0,0,0,0,1
34085,0,0,0,0,1
34086,0,0,0,0,1
34087,0,0,0,0,1
34088,0,0,0,0,1
34089,0,0,0,0,1
34090,0,0,0,0,1
34091,0,0,0,0,1
34092,0,0,0,0,1
34093,0,0,0,0,1
34094,0,0,0,0,1
34095,0,0,0,0,1
34096,0,0,0,0,1
34097,0,0,0,0,1
34098,0,0,0,0,1
34099,0,0,0,0,1
34100,0,0,0,0,1
34101,0,0,0,0,1
34102,0,0,0,0,1
34103,0,0,0,0,1
34104,0,0,0,0,1
34105,0,0,0,0,1
34106,0,0,0,0,1
34107,0,0,0,0,1
34108,0,0,0,0,1
34109,0,0,0,0,1
34110,0,0,0,0,1
34111,0,0,0,0,1
34112,0,0,0,0,1
34113,0,0,0,0,1
34114,0,0,0,0,1
34115,0,0,0,0,1
34116,0,0,0,0,1
34117,0,0,0,0,1
34118,0,0,0,0,1
34119,0,0,0,0,1
34120,0,0,0,0,1
34121,0,0,0,0,1
34122,0,0,0,0,1
34123,0,0,0,0,1
34124,0,0,0,0,1
34125,0,0,0,0,1
34126,0,0,0,0,1
34127,0,0,0,0,1
34128,0,0,0,0,1
34129,0,0,0,0,1
34130,0,0,0,0,1
34131,0,0,0,0,1
34132,0,0,0,0,1
34133,0,0,0,0,1
34134,0,0,0,0,1
34135,0,0,0,0,1
34136,0,0,0,0,1
34137,0,0,0,0,1
34138,0,0,0,0,1
34139,0,0,0,0,1
34140,0,0,0,0,1
34141,0,0,0,0,1
34142,0,0,0,0,1
34143,0,0,0,0,1
34144,0,0,0,0,1
34145,0,0,0,0,1
34146,0,0,0,0,1
34147,0,0,0,0,1
34148,0,0,0,0,1
34149,0,0,0,0,1
34150,0,0,0,0,1
34151,0,0,0,0,1
34152,0,0,0,0,1
34153,0,0,0,0,1
34154,0,0,0,0,1
34155,0,0,0,0,1
34156,0,0,0,0,1
34157,0,0,0,0,1
34158,0,0,0,0,1
34159,0,0,0,0,1
34160,0,0,0,0,1
34161,0,0,0,0,1
34162,0,0,0,0,1
34163,0,0,0,0,1
34164,0,0,0,0,1
34165,0,0,0,0,1
34166,0,0,0,0,1
34167,0,0,0,0,1
34168,0,0,0,0,1
34169,0,0,0,0,1
34170,0,0,0,0,1
34171,0,0,0,0,1
34172,0,0,0,0,1
34173,0,0,0,0,1
34174,0,0,0,0,1
34175,0,0,0,0,1
34176,0,0,0,0,1
34177,0,0,0,0,1
34178,0,0,0,0,1
34179,0,0,0,0,1
34180,0,0,0,0,1
34181,0,0,0,0,1
34182,0,0,0,0,1
34183,0,0,0,0,1
34184,0,0,0,0,1
34185,0,0,0,0,1
34186,0,0,0,0,1
34187,0,0,0,0,1
34188,0,0,0,0,1
34189,0,0,0,0,1
34190,0,0,0,0,1
34191,0,0,0,0,1
34192,0,0,0,0,1
34193,0,0,0,0,1
34194,0,0,0,0,1
34195,0,0,0,0,1
34196,0,0,0,0,1
34197,0,0,0,0,1
34198,0,0,0,0,1
34199,0,0,0,0,1
34200,0,0,0,0,1
34201,0,0,0,0,1
34202,0,0,0,0,1
34203,0,0,0,0,1
34204,0,0,0,0,1
34205,0,0,0,0,1
34206,0,0,0,0,1
34207,0,0,0,0,1
34208,0,0,0,0,1
34209,0,0,0,0,1
34210,0,0,0,0,1
34211,0,0,0,0,1
34212,0,0,0,0,1
34213,0,0,0,0,1
34214,0,0,0,0,1
34215,0,0,0,0,1
34216,0,0,0,0,1
34217,0,0,0,0,1
34218,0,0,0,0,1
34219,0,0,0,0,1
34220,0,0,0,0,1
34221,0,0,0,0,1
34222,0,0,0,0,1
34223,0,0,0,0,1
34224,0,0,0,0,1
34225,0,0,0,0,1
34226,0,0,0,0,1
34227,0,0,0,0,1
34228,0,0,0,0,1
34229,0,0,0,0,1
34230,0,0,0,0,1
34231,0,0,0,0,1
34232,0,0,0,0,1
34233,0,0,0,0,1
34234,0,0,0,0,1
34235,0,0,0,0,1
34236,0,0,0,0,1
34237,0,0,0,0,1
34238,0,0,0,0,1
34239,0,0,0,0,1
34240,0,0,0,0,1
34241,0,0,0,0,1
34242,0,0,0,0,1
34243,0,0,0,0,1
34244,0,0,0,0,1
34245,0,0,0,0,1
34246,0,0,0,0,1
34247,0,0,0,0,1
34248,0,0,0,0,1
34249,0,0,0,0,1
34250,0,0,0,0,1
34251,0,0,0,0,1
34252,0,0,0,0,1
34253,0,0,0,0,1
34254,0,0,0,0,1
34255,0,0,0,0,1
34256,0,0,0,0,1
34257,0,0,0,0,1
34258,0,0,0,0,1
34259,0,0,0,0,1
34260,0,0,0,0,1
34261,0,0,0,0,1
34262,0,0,0,0,1
34263,0,0,0,0,1
34264,0,0,0,0,1
34265,0,0,0,0,1
34266,0,0,0,0,1
34267,0,0,0,0,1
34268,0,0,0,0,1
34269,0,0,0,0,1
34270,0,0,0,0,1
34271,0,0,0,0,1
34272,0,0,0,0,1
34273,0,0,0,0,1
34274,0,0,0,0,1
34275,0,0,0,0,1
34276,0,0,0,0,1
34277,0,0,0,0,1
34278,0,0,0,0,1
34279,0,0,0,0,1
34280,0,0,0,0,1
34281,0,0,0,0,1
34282,0,0,0,0,1
34283,0,0,0,0,1
34284,0,0,0,0,1
34285,0,0,0,0,1
34286,0,0,0,0,1
34287,0,0,0,0,1
34288,0,0,0,0,1
34289,0,0,0,0,1
34290,0,0,0,0,1
34291,0,0,0,0,1
34292,0,0,0,0,1
34293,0,0,0,0,1
34294,0,0,0,0,1
34295,0,0,0,0,1
34296,0,0,0,0,1
34297,0,0,0,0,1
34298,0,0,0,0,1
34299,0,0,0,0,1
34300,0,0,0,0,1
34301,0,0,0,0,1
34302,0,0,0,0,1
34303,0,0,0,0,1
34304,0,0,0,0,1
34305,0,0,0,0,1
34306,0,0,0,0,1
34307,0,0,0,0,1
34308,0,0,0,0,1
34309,0,0,0,0,1
34310,0,0,0,0,1
34311,0,0,0,0,1
34312,0,0,0,0,1
34313,0,0,0,0,1
34314,0,0,0,0,1
34315,0,0,0,0,1
34316,0,0,0,0,1
34317,0,0,0,0,1
34318,0,0,0,0,1
34319,0,0,0,0,1
34320,0,0,0,0,1
34321,0,0,0,0,1
34322,0,0,0,0,1
34323,0,0,0,0,1
34324,0,0,0,0,1
34325,0,0,0,0,1
34326,0,0,0,0,1
34327,0,0,0,0,1
34328,0,0,0,0,1
34329,0,0,0,0,1
34330,0,0,0,0,1
34331,0,0,0,0,1
34332,0,0,0,0,1
34333,0,0,0,0,1
34334,0,0,0,0,1
34335,1,0,0,0,0
34336,1,0,0,0,0
34337,1,0,0,0,0
34338,1,0,0,0,0
34339,1,0,0,0,0
34340,0,0,0,0,1
34341,0,0,0,0,1
34342,0,0,0,0,1
34343,0,0,0,0,1
34344,0,0,0,0,1
34345,0,0,0,0,1
34346,0,0,0,0,1
34347,0,0,0,0,1
34348,0,0,0,0,1
34349,0,0,0,0,1
34350,1,0,0,0,0
34351,1,0,0,0,0
34352,1,0,0,0,0
34353,1,0,0,0,0
34354,1,0,0,0,0
34355,1,0,0,0,0
34356,1,0,0,0,0
34357,1,0,0,0,0
34358,1,0,0,0,0
34359,1,0,0,0,0
34360,1,0,0,0,0
34361,1,0,0,0,0
34362,1,0,0,0,0
34363,1,0,0,0,0
34364,1,0,0,0,0
34365,1,0,0,0,0
34366,1,0,0,0,0
34367,1,0,0,0,0
34368,1,0,0,0,0
34369,1,0,0,0,0
34370,1,0,0,0,0
34371,1,0,0,0,0
34372,1,0,0,0,0
34373,1,0,0,0,0
34374,1,0,0,0,0
34375,1,0,0,0,0
34376,1,0,0,0,0
34377,1,0,0,0,0
34378,1,0,0,0,0
34379,1,0,0,0,0
34380,1,0,0,0,0
34381,1,0,0,0,0
34382,1,0,0,0,0
34383,1,0,0,0,0
34384,1,0,0,0,0
34385,1,0,0,0,0
34386,1,0,0,0,0
34387,1,0,0,0,0
34388,1,0,0,0,0
34389,1,0,0,0,0
34390,1,0,0,0,0
34391,1,0,0,0,0
34392,1,0,0,0,0
34393,1,0,0,0,0
34394,1,0,0,0,0
34395,1,0,0,0,0
34396,1,0,0,0,0
34397,1,0,0,0,0
34398,1,0,0,0,0
34399,1,0,0,0,0
34400,1,0,0,0,0
34401,1,0,0,0,0
34402,1,0,0,0,0
34403,1,0,0,0,0
34404,1,0,0,0,0
34405,1,0,0,0,0
34406,1,0,0,0,0
34407,1,0,0,0,0
34408,1,0,0,0,0
34409,1,0,0,0,0
34410,1,0,0,0,0
34411,1,0,0,0,0
34412,1,0,0,0,0
34413,1,0,0,0,0
34414,1,0,0,0,0
34415,1,0,0,0,0
34416,1,0,0,0,0
34417,1,0,0,0,0
34418,1,0,0,0,0
34419,1,0,0,0,0
34420,1,0,0,0,0
34421,1,0,0,0,0
34422,1,0,0,0,0
34423,0,0,0,0,1
34424,0,0,0,0,1
34425,0,0,0,0,1
34426,0,0,0,0,1
34427,0,0,0,0,1
34428,0,0,0,0,1
34429,0,0,0,0,1
34430,0,0,0,0,1
34431,0,0,0,0,1
34432,0,0,0,0,1
34433,0,0,0,0,1
34434,0,0,0,0,1
34435,0,0,0,0,1
34436,0,0,0,0,1
34437,0,0,0,0,1
34438,0,0,0,0,1
34439,0,0,0,0,1
34440,0,0,0,0,1
34441,0,0,0,0,1
34442,0,0,0,0,1
34443,0,0,0,0,1
34444,0,0,0,0,1
34445,0,0,0,0,1
34446,0,0,0,0,1
34447,0,0,0,0,1
34448,0,0,0,0,1
34449,0,0,0,0,1
34450,0,0,0,0,1
34451,0,0,0,0,1
34452,0,0,0,0,1
34453,0,0,0,0,1
34454,0,0,0,0,1
34455,0,0,0,0,1
34456,0,0,0,0,1
34457,1,0,0,0,0
34458,1,0,0,0,0
34459,1,0,0,0,0
34460,1,0,0,0,0
34461,1,0,0,0,0
34462,1,0,0,0,0
34463,1,0,0,0,0
34464,1,0,0,0,0
34465,1,0,0,0,0
34466,1,0,0,0,0
34467,1,0,0,0,0
34468,1,0,0,0,0
34469,1,0,0,0,0
34470,1,0,0,0,0
34471,1,0,0,0,0
34472,1,0,0,0,0
34473,1,0,0,0,0
34474,1,0,0,0,0
34475,1,0,0,0,0
34476,1,0,0,0,0
34477,1,0,0,0,0
34478,1,0,0,0,0
34479,1,0,0,0,0
34480,1,0,0,0,0
34481,1,0,0,0,0
34482,1,0,0,0,0
34483,1,0,0,0,0
34484,1,0,0,0,0
34485,1,0,0,0,0
34486,1,0,0,0,0
34487,1,0,0,0,0
34488,1,0,0,0,0
34489,1,0,0,0,0
34490,1,0,0,0,0
34491,1,0,0,0,0
34492,1,0,0,0,0
34493,1,0,0,0,0
34494,1,0,0,0,0
34495,1,0,0,0,0
34496,1,0,0,0,0
34497,1,0,0,0,0
34498,1,0,0,0,0
34499,1,0,0,0,0
34500,1,0,0,0,0
34501,1,0,0,0,0
34502,1,0,0,0,0
34503,1,0,0,0,0
34504,1,0,0,0,0
34505,1,0,0,0,0
34506,1,0,0,0,0
34507,1,0,0,0,0
34508,1,0,0,0,0
34509,1,0,0,0,0
34510,1,0,0,0,0
34511,1,0,0,0,0
34512,1,0,0,0,0
34513,1,0,0,0,0
34514,1,0,0,0,0
34515,1,0,0,0,0
34516,1,0,0,0,0
34517,1,0,0,0,0
34518,1,0,0,0,0
34519,1,0,0,0,0
34520,1,0,0,0,0
34521,1,0,0,0,0
34522,1,0,0,0,0
34523,1,0,0,0,0
34524,1,0,0,0,0
34525,1,0,0,0,0
34526,1,0,0,0,0
34527,1,0,0,0,0
34528,1,0,0,0,0
34529,1,0,0,0,0
34530,1,0,0,0,0
34531,1,0,0,0,0
34532,1,0,0,0,0
34533,1,0,0,0,0
34534,1,0,0,0,0
34535,1,0,0,0,0
34536,1,0,0,0,0
34537,1,0,0,0,0
34538,1,0,0,0,0
34539,1,0,0,0,0
34540,1,0,0,0,0
34541,1,0,0,0,0
34542,1,0,0,0,0
34543,1,0,0,0,0
34544,1,0,0,0,0
34545,1,0,0,0,0
34546,1,0,0,0,0
34547,1,0,0,0,0
34548,1,0,0,0,0
34549,0,0,0,0,1
34550,0,0,0,0,1
34551,0,0,0,0,1
34552,0,0,0,0,1
34553,0,0,0,0,1
34554,0,0,0,0,1
34555,0,0,0,0,1
34556,0,0,0,0,1
34557,0,0,0,0,1
34558,0,0,0,0,1
34559,0,0,0,0,1
34560,0,0,0,0,1
34561,0,0,0,0,1
34562,0,0,0,0,1
34563,0,0,0,0,1
34564,0,0,0,0,1
34565,0,0,0,0,1
34566,0,0,0,0,1
34567,0,0,0,0,1
34568,0,0,0,0,1
34569,0,0,0,0,1
34570,0,0,0,0,1
34571,0,0,0,0,1
34572,0,0,0,0,1
34573,0,0,0,0,1
34574,1,0,0,0,0
34575,1,0,0,0,0
34576,1,0,0,0,0
34577,1,0,0,0,0
34578,1,0,0,0,0
34579,1,0,0,0,0
34580,1,0,0,0,0
34581,1,0,0,0,0
34582,1,0,0,0,0
34583,1,0,0,0,0
34584,1,0,0,0,0
34585,1,0,0,0,0
34586,1,0,0,0,0
34587,1,0,0,0,0
34588,1,0,0,0,0
34589,1,0,0,0,0
34590,1,0,0,0,0
34591,1,0,0,0,0
34592,1,0,0,0,0
34593,1,0,0,0,0
34594,1,0,0,0,0
34595,1,0,0,0,0
34596,1,0,0,0,0
34597,1,0,0,0,0
34598,1,0,0,0,0
34599,0,0,0,0,1
34600,0,0,0,0,1
34601,0,0,0,0,1
34602,0,0,0,0,1
34603,0,0,0,0,1
34604,0,0,0,0,1
34605,0,0,0,0,1
34606,0,0,0,0,1
34607,0,0,0,0,1
34608,0,0,0,0,1
34609,0,0,0,0,1
34610,0,0,0,0,1
34611,0,0,0,0,1
34612,0,0,0,0,1
34613,0,0,0,0,1
34614,0,0,0,0,1
34615,0,0,0,0,1
34616,0,0,0,0,1
34617,0,0,0,0,1
34618,0,0,1,0,0
34619,0,0,1,0,0
34620,0,0,1,0,0
34621,0,0,1,0,0
34622,0,0,1,0,0
34623,0,0,1,0,0
34624,0,0,1,0,0
34625,0,0,1,0,0
34626,0,0,1,0,0
34627,0,0,1,0,0
34628,0,0,1,0,0
34629,0,0,1,0,0
34630,0,0,1,0,0
34631,0,0,1,0,0
34632,0,0,1,0,0
34633,0,0,1,0,0
34634,0,0,1,0,0
34635,0,0,1,0,0
34636,0,0,1,0,0
34637,0,0,1,0,0
34638,0,0,1,0,0
34639,0,0,1,0,0
34640,0,0,1,0,0
34641,0,0,1,0,0
34642,0,0,1,0,0
34643,0,0,1,0,0
34644,0,0,1,0,0
34645,0,0,1,0,0
34646,0,0,1,0,0
34647,0,0,1,0,0
34648,0,0,1,0,0
34649,0,0,1,0,0
34650,0,0,1,0,0
34651,0,0,1,0,0
34652,0,0,1,0,0
34653,0,0,1,0,0
34654,0,0,1,0,0
34655,0,0,1,0,0
34656,0,0,1,0,0
34657,0,0,1,0,0
34658,0,0,1,0,0
34659,0,0,1,0,0
34660,0,0,1,0,0
34661,0,0,1,0,0
34662,0,0,1,0,0
34663,0,0,1,0,0
34664,0,0,1,0,0
34665,0,0,1,0,0
34666,0,0,1,0,0
34667,0,0,1,0,0
34668,0,0,1,0,0
34669,0,0,1,0,0
34670,0,0,1,0,0
34671,0,0,1,0,0
34672,0,0,1,0,0
34673,0,0,1,0,0
34674,0,0,1,0,0
34675,0,0,0,0,1
34676,0,0,0,0,1
34677,0,0,0,0,1
34678,0,0,0,0,1
34679,0,0,0,0,1
34680,0,0,0,0,1
34681,0,0,0,0,1
34682,0,0,0,0,1
34683,0,0,0,0,1
34684,0,0,0,0,1
34685,0,0,0,0,1
34686,0,0,0,0,1
34687,0,0,0,0,1
34688,0,0,0,0,1
34689,0,0,0,0,1
34690,0,0,0,0,1
34691,0,0,0,0,1
34692,0,0,0,0,1
34693,0,0,0,0,1
34694,0,0,0,0,1
34695,0,0,0,0,1
34696,0,0,0,0,1
34697,0,0,0,0,1
34698,0,0,0,0,1
34699,0,0,0,0,1
34700,0,0,0,0,1
34701,0,0,0,0,1
34702,0,0,0,0,1
34703,0,0,0,0,1
34704,0,0,0,0,1
34705,0,0,0,0,1
34706,0,0,0,0,1
34707,0,0,0,0,1
34708,0,0,0,0,1
34709,0,0,0,0,1
34710,0,0,0,0,1
34711,0,0,0,0,1
34712,0,0,0,0,1
34713,0,0,0,0,1
34714,0,0,0,0,1
34715,0,0,0,0,1
34716,0,0,0,0,1
34717,0,0,0,0,1
34718,0,0,0,0,1
34719,0,0,0,0,1
34720,0,0,0,0,1
34721,0,0,0,0,1
34722,0,0,0,0,1
34723,0,0,0,0,1
34724,0,0,0,0,1
34725,0,0,0,0,1
34726,0,0,0,0,1
34727,0,0,0,0,1
34728,0,0,0,0,1
34729,0,0,0,0,1
34730,0,0,0,0,1
34731,0,0,0,0,1
34732,0,0,0,0,1
34733,0,0,0,0,1
34734,0,0,0,0,1
34735,0,0,0,0,1
34736,0,0,0,0,1
34737,0,0,0,0,1
34738,0,0,0,0,1
34739,0,0,0,0,1
34740,0,0,0,0,1
34741,0,0,0,0,1
34742,0,0,0,0,1
34743,0,0,0,0,1
34744,0,0,0,0,1
34745,0,0,0,0,1
34746,0,0,0,0,1
34747,0,0,0,0,1
34748,0,0,0,0,1
34749,0,0,0,0,1
34750,0,0,0,0,1
34751,0,0,0,0,1
34752,0,0,0,0,1
34753,0,0,0,0,1
34754,0,0,0,0,1
34755,0,0,0,0,1
34756,0,0,0,0,1
34757,0,0,0,0,1
34758,0,0,0,0,1
34759,0,0,0,0,1
34760,0,0,0,0,1
34761,0,0,0,0,1
34762,0,0,0,0,1
34763,0,0,0,0,1
34764,0,0,0,0,1
34765,0,0,0,0,1
34766,0,0,0,0,1
34767,0,0,0,0,1
34768,0,0,0,0,1
34769,0,0,0,0,1
34770,0,0,0,0,1
34771,0,0,0,0,1
34772,0,0,0,0,1
34773,0,0,0,0,1
34774,0,0,0,0,1
34775,0,0,0,0,1
34776,0,0,0,0,1
34777,0,0,0,0,1
34778,0,0,0,0,1
34779,0,0,0,0,1
34780,0,0,0,0,1
34781,0,0,0,0,1
34782,0,0,0,0,1
34783,0,0,0,0,1
34784,1,0,0,0,0
34785,1,0,0,0,0
34786,1,0,0,0,0
34787,1,0,0,0,0
34788,1,0,0,0,0
34789,1,0,0,0,0
34790,1,0,0,0,0
34791,1,0,0,0,0
34792,1,0,0,0,0
34793,1,0,0,0,0
34794,1,0,0,0,0
34795,1,0,0,0,0
34796,1,0,0,0,0
34797,1,0,0,0,0
34798,1,0,0,0,0
34799,1,0,0,0,0
34800,1,0,0,0,0
34801,1,0,0,0,0
34802,1,0,0,0,0
34803,1,0,0,0,0
34804,0,0,0,0,1
34805,0,0,0,0,1
34806,0,0,0,0,1
34807,0,0,0,0,1
34808,0,0,0,0,1
34809,0,0,0,0,1
34810,0,0,0,0,1
34811,0,0,0,0,1
34812,0,0,0,0,1
34813,0,0,0,0,1
34814,0,0,0,0,1
34815,0,0,0,0,1
34816,0,0,0,0,1
34817,0,0,0,0,1
34818,0,0,0,0,1
34819,0,0,0,0,1
34820,0,0,0,0,1
34821,0,0,0,0,1
34822,0,0,0,0,1
34823,0,0,0,0,1
34824,0,0,0,0,1
34825,0,0,0,0,1
34826,0,0,0,0,1
34827,0,0,0,0,1
34828,0,0,0,0,1
34829,0,0,0,0,1
34830,0,0,0,0,1
34831,0,0,0,0,1
34832,0,0,0,0,1
34833,0,0,0,0,1
34834,0,0,0,0,1
34835,0,0,0,0,1
34836,0,0,0,0,1
34837,0,0,0,0,1
34838,0,0,0,0,1
34839,0,0,0,0,1
34840,0,0,0,0,1
34841,0,0,0,0,1
34842,0,0,0,0,1
34843,0,0,0,0,1
34844,0,0,0,0,1
34845,0,0,0,0,1
34846,0,0,0,0,1
34847,0,0,0,0,1
34848,0,0,0,0,1
34849,0,0,0,0,1
34850,0,0,0,0,1
34851,0,0,0,0,1
34852,0,0,0,0,1
34853,0,0,0,0,1
34854,0,0,0,0,1
34855,0,0,0,0,1
34856,0,0,0,0,1
34857,0,0,0,0,1
34858,0,0,0,0,1
34859,0,0,0,0,1
34860,0,0,0,0,1
34861,0,0,0,0,1
34862,0,0,0,0,1
34863,0,0,0,0,1
34864,0,0,0,0,1
34865,0,0,0,0,1
34866,0,0,0,0,1
34867,0,0,0,0,1
34868,0,0,0,0,1
34869,0,0,0,0,1
34870,0,0,0,0,1
34871,0,0,0,0,1
34872,0,0,0,0,1
34873,0,0,0,0,1
34874,0,0,0,0,1
34875,0,0,0,0,1
34876,0,0,0,0,1
34877,0,0,0,0,1
34878,0,0,0,0,1
34879,0,0,0,0,1
34880,0,0,0,0,1
34881,0,0,0,0,1
34882,0,0,0,0,1
34883,0,0,0,0,1
34884,0,0,0,0,1
34885,1,0,0,0,0
34886,1,0,0,0,0
34887,1,0,0,0,0
34888,1,0,0,0,0
34889,1,0,0,0,0
34890,1,0,0,0,0
34891,1,0,0,0,0
34892,1,0,0,0,0
34893,1,0,0,0,0
34894,1,0,0,0,0
34895,0,0,0,0,1
34896,0,0,0,0,1
34897,0,0,0,0,1
34898,0,0,0,0,1
34899,0,0,0,0,1
34900,0,0,0,0,1
34901,0,0,0,0,1
34902,0,0,0,0,1
34903,0,0,0,0,1
34904,0,0,0,0,1
34905,0,0,0,0,1
34906,0,0,0,0,1
34907,0,0,0,0,1
34908,0,0,0,0,1
34909,0,0,0,0,1
34910,0,0,0,0,1
34911,0,0,0,0,1
34912,0,0,0,0,1
34913,0,0,0,0,1
34914,0,0,0,0,1
34915,0,0,0,0,1
34916,0,0,0,0,1
34917,0,0,0,0,1
34918,0,0,0,0,1
34919,0,0,0,0,1
34920,0,0,0,0,1
34921,0,0,0,0,1
34922,0,0,0,0,1
34923,0,0,0,0,1
34924,0,0,0,0,1
34925,0,0,0,0,1
34926,0,0,0,0,1
34927,0,0,0,0,1
34928,0,0,0,0,1
34929,0,0,0,0,1
34930,0,0,0,0,1
34931,0,0,0,0,1
34932,0,0,0,0,1
34933,0,0,0,0,1
34934,0,0,0,0,1
34935,0,0,0,0,1
34936,0,0,0,0,1
34937,0,0,0,0,1
34938,0,0,0,0,1
34939,0,0,0,0,1
34940,0,0,0,0,1
34941,0,0,0,0,1
34942,0,0,0,0,1
34943,0,0,0,0,1
34944,0,0,0,0,1
34945,0,0,0,0,1
34946,0,0,0,0,1
34947,0,0,0,0,1
34948,0,0,0,0,1
34949,0,0,0,0,1
34950,0,0,0,0,1
34951,0,0,0,0,1
34952,0,0,0,0,1
34953,0,0,0,0,1
34954,0,0,0,0,1
34955,0,0,0,0,1
34956,0,0,0,0,1
34957,0,0,0,0,1
34958,0,0,0,0,1
34959,0,0,0,0,1
34960,0,0,0,0,1
34961,0,0,0,0,1
34962,0,0,0,0,1
34963,0,0,0,0,1
34964,0,0,0,0,1
34965,0,0,0,0,1
34966,0,0,0,0,1
34967,0,0,0,0,1
34968,0,0,0,0,1
34969,0,0,0,0,1
34970,0,0,0,0,1
34971,0,0,0,0,1
34972,0,0,0,0,1
34973,0,0,0,0,1
34974,0,0,0,0,1
34975,0,0,0,0,1
34976,0,0,0,0,1
34977,0,0,0,0,1
34978,0,0,0,0,1
34979,0,0,0,0,1
34980,0,0,0,0,1
34981,0,0,0,0,1
34982,0,0,0,0,1
34983,0,0,0,0,1
34984,0,0,0,0,1
34985,0,0,0,0,1
34986,0,0,0,0,1
34987,0,0,0,0,1
34988,0,0,0,0,1
34989,0,0,0,0,1
34990,0,0,0,0,1
34991,0,0,0,0,1
34992,0,0,0,0,1
34993,0,0,0,0,1
34994,0,0,0,0,1
34995,0,0,0,0,1
34996,0,0,0,0,1
34997,0,0,0,0,1
34998,0,0,0,0,1
34999,0,0,0,0,1
35000,0,0,0,0,1
35001,0,0,0,0,1
35002,0,0,0,0,1
35003,0,0,0,0,1
35004,0,0,0,0,1
35005,0,0,0,0,1
35006,0,0,0,0,1
35007,0,0,0,0,1
35008,0,0,0,0,1
35009,0,0,0,0,1
35010,0,0,0,0,1
35011,0,0,0,0,1
35012,0,0,0,0,1
35013,0,0,0,0,1
35014,0,0,0,0,1
35015,0,0,0,0,1
35016,0,0,0,0,1
35017,0,0,0,0,1
35018,0,0,0,0,1
35019,0,0,0,0,1
35020,0,0,0,0,1
35021,0,0,0,0,1
35022,0,0,0,0,1
35023,0,0,0,0,1
35024,0,0,0,0,1
35025,0,0,0,0,1
35026,0,0,0,0,1
35027,0,0,0,0,1
35028,0,0,0,0,1
35029,0,0,0,0,1
35030,0,0,0,0,1
35031,0,0,0,0,1
35032,0,0,0,0,1
35033,0,0,0,0,1
35034,0,0,0,0,1
35035,0,0,0,0,1
35036,0,0,0,0,1
35037,0,0,0,0,1
35038,0,0,0,0,1
35039,0,0,0,0,1
35040,0,0,0,0,1
35041,0,0,0,0,1
35042,0,0,0,0,1
35043,0,0,0,0,1
35044,0,0,0,0,1
35045,0,0,0,0,1
35046,0,0,0,0,1
35047,0,0,0,0,1
35048,0,0,0,0,1
35049,0,0,0,0,1
35050,0,0,0,0,1
35051,0,0,0,0,1
35052,0,0,0,0,1
35053,0,0,0,0,1
35054,0,0,0,0,1
35055,0,0,0,0,1
35056,0,0,0,0,1
35057,0,0,0,0,1
35058,0,0,0,0,1
35059,0,0,0,0,1
35060,0,0,0,0,1
35061,0,0,0,0,1
35062,0,0,0,0,1
35063,0,0,0,0,1
35064,0,0,0,0,1
35065,0,0,0,0,1
35066,0,0,0,0,1
35067,0,0,0,0,1
35068,0,0,0,0,1
35069,0,0,0,0,1
35070,0,0,0,0,1
35071,0,0,0,0,1
35072,0,0,0,0,1
35073,0,0,0,0,1
35074,0,0,0,0,1
35075,0,0,0,0,1
35076,0,0,0,0,1
35077,0,0,0,0,1
35078,0,0,0,0,1
35079,0,0,0,0,1
35080,0,0,0,0,1
35081,0,0,0,0,1
35082,0,0,0,0,1
35083,0,0,0,0,1
35084,0,0,0,0,1
35085,0,0,0,0,1
35086,0,0,0,0,1
35087,0,0,0,0,1
35088,0,0,0,0,1
35089,0,0,0,0,1
35090,0,0,0,0,1
35091,0,0,0,0,1
35092,0,0,0,0,1
35093,0,0,0,0,1
35094,0,0,0,0,1
35095,0,0,0,0,1
35096,0,0,0,0,1
35097,0,0,0,0,1
35098,0,0,0,0,1
35099,0,0,0,0,1
35100,0,0,0,0,1
35101,0,0,0,0,1
35102,0,0,0,0,1
35103,0,0,0,0,1
35104,0,0,0,0,1
35105,0,0,0,0,1
35106,0,0,0,0,1
35107,0,0,0,0,1
35108,0,0,0,0,1
35109,0,0,0,0,1
35110,0,0,0,0,1
35111,0,0,0,0,1
35112,0,0,0,0,1
35113,0,0,0,0,1
35114,0,0,0,0,1
35115,0,0,0,0,1
35116,0,0,0,0,1
35117,0,0,0,0,1
35118,0,0,0,0,1
35119,0,0,0,0,1
35120,0,0,0,0,1
35121,0,0,0,0,1
35122,0,0,0,0,1
35123,0,0,0,0,1
35124,1,0,0,0,0
35125,1,0,0,0,0
35126,1,0,0,0,0
35127,1,0,0,0,0
35128,1,0,0,0,0
35129,1,0,0,0,0
35130,1,0,0,0,0
35131,1,0,0,0,0
35132,1,0,0,0,0
35133,1,0,0,0,0
35134,1,0,0,0,0
35135,1,0,0,0,0
35136,1,0,0,0,0
35137,1,0,0,0,0
35138,0,0,1,0,0
35139,0,0,1,0,0
35140,0,0,1,0,0
35141,0,0,1,0,0
35142,0,0,1,0,0
35143,0,0,1,0,0
35144,0,0,1,0,0
35145,0,0,1,0,0
35146,0,0,1,0,0
35147,0,0,1,0,0
35148,0,0,1,0,0
35149,0,0,1,0,0
35150,0,0,1,0,0
35151,0,0,1,0,0
35152,0,0,1,0,0
35153,0,0,1,0,0
35154,0,0,1,0,0
35155,0,0,1,0,0
35156,0,0,1,0,0
35157,0,0,1,0,0
35158,0,0,1,0,0
35159,0,0,1,0,0
35160,0,0,1,0,0
35161,0,0,1,0,0
35162,0,0,1,0,0
35163,0,0,1,0,0
35164,0,0,1,0,0
35165,0,0,1,0,0
35166,0,0,1,0,0
35167,0,0,1,0,0
35168,0,0,1,0,0
35169,0,0,1,0,0
35170,0,0,1,0,0
35171,0,0,1,0,0
35172,0,0,1,0,0
35173,0,0,1,0,0
35174,0,0,1,0,0
35175,0,0,1,0,0
35176,0,0,1,0,0
35177,0,0,1,0,0
35178,0,0,1,0,0
35179,0,0,1,0,0
35180,0,0,1,0,0
35181,0,0,1,0,0
35182,0,0,1,0,0
35183,0,0,1,0,0
35184,0,0,1,0,0
35185,0,0,0,0,1
35186,0,0,0,0,1
35187,0,0,0,0,1
35188,0,0,0,0,1
35189,0,0,0,0,1
35190,0,0,0,0,1
35191,0,0,0,0,1
35192,0,0,0,0,1
35193,0,0,0,0,1
35194,0,0,0,0,1
35195,0,0,0,0,1
35196,0,0,0,0,1
35197,0,0,0,0,1
35198,0,0,0,0,1
35199,0,0,0,0,1
35200,0,0,0,0,1
35201,0,0,0,0,1
35202,0,0,0,0,1
35203,0,0,0,0,1
35204,0,0,0,0,1
35205,0,0,0,0,1
35206,0,0,0,0,1
35207,0,0,0,0,1
35208,0,0,0,0,1
35209,0,0,0,0,1
35210,0,0,0,0,1
35211,0,0,0,0,1
35212,0,0,0,0,1
35213,0,0,0,0,1
35214,0,0,0,0,1
35215,0,0,0,0,1
35216,0,0,0,0,1
35217,0,0,0,0,1
35218,0,0,0,0,1
35219,0,0,0,0,1
35220,0,0,0,0,1
35221,0,0,0,0,1
35222,0,0,0,0,1
35223,0,0,0,0,1
35224,0,0,0,0,1
35225,0,0,0,0,1
35226,0,0,0,0,1
35227,0,0,0,0,1
35228,0,0,0,0,1
35229,0,0,0,0,1
35230,1,0,0,0,0
35231,1,0,0,0,0
35232,1,0,0,0,0
35233,1,0,0,0,0
35234,1,0,0,0,0
35235,1,0,0,0,0
35236,1,0,0,0,0
35237,1,0,0,0,0
35238,1,0,0,0,0
35239,1,0,0,0,0
35240,1,0,0,0,0
35241,1,0,0,0,0
35242,1,0,0,0,0
35243,1,0,0,0,0
35244,1,0,0,0,0
35245,1,0,0,0,0
35246,1,0,0,0,0
35247,1,0,0,0,0
35248,1,0,0,0,0
35249,1,0,0,0,0
35250,1,0,0,0,0
35251,1,0,0,0,0
35252,1,0,0,0,0
35253,1,0,0,0,0
35254,1,0,0,0,0
35255,1,0,0,0,0
35256,1,0,0,0,0
35257,1,0,0,0,0
35258,1,0,0,0,0
35259,1,0,0,0,0
35260,0,0,0,0,1
35261,0,0,0,0,1
35262,0,0,0,0,1
35263,0,0,0,0,1
35264,0,0,0,0,1
35265,0,0,0,0,1
35266,0,0,0,0,1
35267,0,0,0,0,1
35268,0,0,0,0,1
35269,0,0,0,0,1
35270,0,0,0,0,1
35271,0,0,0,0,1
35272,0,0,0,0,1
35273,0,0,0,0,1
35274,0,0,0,0,1
35275,0,0,0,0,1
35276,0,0,0,0,1
35277,0,0,0,0,1
35278,0,0,0,0,1
35279,0,0,0,0,1
35280,0,0,0,0,1
35281,0,0,0,0,1
35282,0,0,0,0,1
35283,0,0,0,0,1
35284,0,0,0,0,1
35285,0,0,0,0,1
35286,0,0,0,0,1
35287,0,0,0,0,1
35288,0,0,0,0,1
35289,0,0,0,0,1
35290,0,0,0,0,1
35291,0,0,0,0,1
35292,0,0,0,0,1
35293,0,0,0,0,1
35294,0,0,0,0,1
35295,0,0,0,0,1
35296,0,0,0,0,1
35297,0,0,0,0,1
35298,0,0,0,0,1
35299,0,0,0,0,1
35300,0,0,0,0,1
35301,0,0,0,0,1
35302,0,0,0,0,1
35303,0,0,0,0,1
35304,0,0,0,0,1
35305,0,0,0,0,1
35306,0,0,0,0,1
35307,0,0,0,0,1
35308,0,0,0,0,1
35309,0,0,0,0,1
35310,0,0,0,0,1
35311,0,0,0,0,1
35312,0,0,0,0,1
35313,0,0,0,0,1
35314,0,0,0,0,1
35315,0,0,0,0,1
35316,0,0,0,0,1
35317,0,0,0,0,1
35318,0,0,0,0,1
35319,0,0,0,0,1
35320,0,0,0,0,1
35321,0,0,0,0,1
35322,0,0,0,0,1
35323,0,0,0,0,1
35324,0,0,0,0,1
35325,0,0,0,0,1
35326,0,0,0,0,1
35327,0,0,0,0,1
35328,0,0,0,0,1
35329,0,0,0,0,1
35330,0,0,0,0,1
35331,0,0,0,0,1
35332,0,0,0,0,1
35333,0,0,0,0,1
35334,0,0,0,0,1
35335,0,0,0,0,1
35336,0,0,0,0,1
35337,0,0,0,0,1
35338,0,0,0,0,1
35339,0,0,0,0,1
35340,0,0,0,0,1
35341,0,0,0,0,1
35342,0,0,0,0,1
35343,0,0,0,0,1
35344,0,0,0,0,1
35345,0,0,0,0,1
35346,0,0,0,0,1
35347,0,0,0,0,1
35348,0,0,0,0,1
35349,1,0,0,0,0
35350,1,0,0,0,0
35351,1,0,0,0,0
35352,1,0,0,0,0
35353,1,0,0,0,0
35354,1,0,0,0,0
35355,1,0,0,0,0
35356,1,0,0,0,0
35357,1,0,0,0,0
35358,1,0,0,0,0
35359,1,0,0,0,0
35360,1,0,0,0,0
35361,1,0,0,0,0
35362,1,0,0,0,0
35363,1,0,0,0,0
35364,1,0,0,0,0
35365,1,0,0,0,0
35366,1,0,0,0,0
35367,1,0,0,0,0
35368,1,0,0,0,0
35369,1,0,0,0,0
35370,1,0,0,0,0
35371,0,0,0,0,1
35372,0,0,0,0,1
35373,0,0,0,0,1
35374,0,0,1,0,0
35375,0,0,1,0,0
35376,0,0,1,0,0
35377,0,0,1,0,0
35378,0,0,1,0,0
35379,0,0,1,0,0
35380,0,0,1,0,0
35381,0,0,1,0,0
35382,0,0,1,0,0
35383,0,0,1,0,0
35384,0,0,1,0,0
35385,0,0,1,0,0
35386,0,0,1,0,0
35387,0,0,1,0,0
35388,0,0,1,0,0
35389,0,0,1,0,0
35390,0,0,1,0,0
35391,0,0,1,0,0
35392,0,0,1,0,0
35393,0,0,1,0,0
35394,0,0,1,0,0
35395,0,0,1,0,0
35396,0,0,1,0,0
35397,0,0,1,0,0
35398,0,0,1,0,0
35399,0,0,1,0,0
35400,0,0,1,0,0
35401,0,0,1,0,0
35402,0,0,1,0,0
35403,0,0,1,0,0
35404,0,0,1,0,0
35405,0,0,1,0,0
35406,0,0,1,0,0
35407,0,0,1,0,0
35408,0,0,1,0,0
35409,0,0,1,0,0
35410,0,0,1,0,0
35411,0,0,1,0,0
35412,0,0,1,0,0
35413,0,0,1,0,0
35414,0,0,1,0,0
35415,0,0,1,0,0
35416,0,0,1,0,0
35417,0,0,1,0,0
35418,0,0,1,0,0
35419,0,0,1,0,0
35420,0,0,1,0,0
35421,0,0,1,0,0
35422,0,0,1,0,0
35423,0,0,1,0,0
35424,0,0,1,0,0
35425,0,0,1,0,0
35426,0,0,1,0,0
35427,0,0,1,0,0
35428,0,0,1,0,0
35429,0,0,1,0,0
35430,0,0,1,0,0
35431,0,0,1,0,0
35432,0,0,1,0,0
35433,0,0,1,0,0
35434,0,0,1,0,0
35435,0,0,1,0,0
35436,0,0,1,0,0
35437,0,0,1,0,0
35438,0,0,1,0,0
35439,0,0,0,0,1
35440,0,0,0,0,1
35441,0,0,0,0,1
35442,0,0,0,0,1
35443,0,0,0,0,1
35444,0,0,0,0,1
35445,0,0,0,0,1
35446,0,0,0,0,1
35447,0,0,0,0,1
35448,0,0,0,0,1
35449,0,0,0,0,1
35450,0,0,0,0,1
35451,0,0,0,0,1
35452,0,0,0,0,1
35453,0,0,0,0,1
35454,0,0,0,0,1
35455,0,0,0,0,1
35456,0,0,0,0,1
35457,0,0,0,0,1
35458,0,0,0,0,1
35459,0,0,0,0,1
35460,0,0,0,0,1
35461,0,0,0,0,1
35462,0,0,0,0,1
35463,0,0,0,0,1
35464,0,0,0,0,1
35465,0,0,0,0,1
35466,0,0,0,0,1
35467,0,0,0,0,1
35468,0,0,0,0,1
35469,0,0,0,0,1
35470,0,0,0,0,1
35471,0,0,0,0,1
35472,0,0,0,0,1
35473,0,0,0,0,1
35474,0,0,0,0,1
35475,0,0,0,0,1
35476,0,0,0,0,1
35477,0,0,0,0,1
35478,0,0,0,0,1
35479,0,0,0,0,1
35480,0,0,0,0,1
35481,0,0,0,0,1
35482,0,0,0,0,1
35483,0,0,0,0,1
35484,0,0,0,0,1
35485,0,0,0,0,1
35486,0,0,0,0,1
35487,0,0,0,0,1
35488,0,0,0,0,1
35489,0,0,0,0,1
35490,0,0,0,0,1
35491,0,0,0,0,1
35492,0,0,0,0,1
35493,0,0,0,0,1
35494,0,0,0,0,1
35495,0,0,0,0,1
35496,0,0,0,0,1
35497,0,0,0,0,1
35498,0,0,0,0,1
35499,0,0,0,0,1
35500,0,0,0,0,1
35501,0,0,0,0,1
35502,0,0,0,0,1
35503,0,0,0,0,1
35504,0,0,0,0,1
35505,0,0,0,0,1
35506,0,0,0,0,1
35507,0,0,0,0,1
35508,0,0,0,0,1
35509,0,0,0,0,1
35510,0,0,0,0,1
35511,0,0,0,0,1
35512,0,0,0,0,1
35513,0,0,0,0,1
35514,0,0,0,0,1
35515,0,0,0,0,1
35516,0,0,0,0,1
35517,0,0,0,0,1
35518,0,0,0,0,1
35519,0,0,0,0,1
35520,0,0,0,0,1
35521,0,0,0,0,1
35522,0,0,0,0,1
35523,0,0,0,0,1
35524,0,0,0,0,1
35525,0,0,0,0,1
35526,0,0,0,0,1
35527,0,0,0,0,1
35528,0,0,0,0,1
35529,0,0,0,0,1
35530,0,0,0,0,1
35531,0,0,0,0,1
35532,0,0,0,0,1
35533,0,0,0,0,1
35534,0,0,0,0,1
35535,0,0,0,0,1
35536,0,0,0,0,1
35537,0,0,0,0,1
35538,0,1,0,0,0
35539,0,1,0,0,0
35540,0,1,0,0,0
35541,0,1,0,0,0
35542,0,1,0,0,0
35543,0,1,0,0,0
35544,0,1,0,0,0
35545,0,1,0,0,0
35546,0,1,0,0,0
35547,0,1,0,0,0
35548,0,1,0,0,0
35549,0,1,0,0,0
35550,0,1,0,0,0
35551,0,1,0,0,0
35552,0,1,0,0,0
35553,0,1,0,0,0
35554,0,1,0,0,0
35555,0,1,0,0,0
35556,0,1,0,0,0
35557,0,1,0,0,0
35558,0,0,0,0,1
35559,0,0,0,0,1
35560,0,0,0,0,1
35561,0,0,0,0,1
35562,0,0,0,0,1
35563,0,0,0,0,1
35564,0,0,0,0,1
35565,0,0,0,0,1
35566,0,0,0,0,1
35567,0,0,0,0,1
35568,0,0,0,0,1
35569,0,0,0,0,1
35570,0,0,0,0,1
35571,0,0,0,0,1
35572,0,0,0,0,1
35573,0,0,0,0,1
35574,0,0,0,0,1
35575,0,0,0,0,1
35576,0,0,0,0,1
35577,0,0,0,0,1
35578,0,0,0,0,1
35579,0,0,0,0,1
35580,0,0,0,0,1
35581,0,0,0,0,1
35582,0,0,0,0,1
35583,0,0,0,0,1
35584,0,0,0,0,1
35585,0,0,0,0,1
35586,0,0,0,0,1
35587,0,0,0,0,1
35588,0,0,0,0,1
35589,0,0,0,0,1
35590,0,0,0,0,1
35591,0,0,0,0,1
35592,0,0,0,0,1
35593,0,0,0,0,1
35594,0,0,0,0,1
35595,0,0,0,0,1
35596,0,0,0,0,1
35597,0,0,0,0,1
35598,0,0,0,0,1
35599,0,0,0,0,1
35600,0,0,0,0,1
35601,0,0,0,0,1
35602,0,0,0,0,1
35603,0,0,0,0,1
35604,0,0,0,0,1
35605,0,0,0,0,1
35606,0,0,0,0,1
35607,0,0,0,0,1
35608,0,0,0,0,1
35609,0,0,0,0,1
35610,0,0,0,0,1
35611,0,0,0,0,1
35612,0,0,0,0,1
35613,0,0,0,0,1
35614,0,0,0,0,1
35615,0,0,0,0,1
35616,0,0,0,0,1
35617,0,0,0,0,1
35618,0,0,0,0,1
35619,0,0,0,0,1
35620,0,0,0,0,1
35621,0,0,0,0,1
35622,0,0,0,0,1
35623,0,0,0,0,1
35624,0,0,0,0,1
35625,0,0,0,0,1
35626,0,0,0,0,1
35627,0,0,0,0,1
35628,0,0,0,0,1
35629,0,0,0,0,1
35630,0,0,0,0,1
35631,0,0,0,0,1
35632,0,0,0,0,1
35633,0,0,0,0,1
35634,0,0,0,0,1
35635,0,0,0,0,1
35636,0,0,0,0,1
35637,0,0,0,0,1
35638,0,0,0,0,1
35639,0,0,0,0,1
35640,0,0,0,0,1
35641,0,0,0,0,1
35642,0,0,0,0,1
35643,0,0,0,0,1
35644,0,0,0,0,1
35645,0,0,0,0,1
35646,0,0,0,0,1
35647,0,0,0,0,1
35648,0,0,0,0,1
35649,0,0,0,0,1
35650,0,0,0,0,1
35651,0,0,0,0,1
35652,0,0,0,0,1
35653,0,0,0,0,1
35654,0,0,0,0,1
35655,0,0,0,0,1
35656,0,0,0,0,1
35657,0,0,0,0,1
35658,0,0,0,0,1
35659,0,0,0,0,1
35660,0,0,0,0,1
35661,0,0,0,0,1
35662,0,0,0,0,1
35663,0,0,0,0,1
35664,0,0,0,0,1
35665,0,0,0,0,1
35666,0,0,0,0,1
35667,0,0,0,0,1
35668,0,0,0,0,1
35669,0,0,0,0,1
35670,0,0,0,0,1
35671,0,0,0,0,1
35672,0,0,0,0,1
35673,0,0,0,0,1
35674,0,0,0,0,1
35675,0,0,0,0,1
35676,0,0,0,0,1
35677,0,0,0,0,1
35678,0,0,0,0,1
35679,0,0,0,0,1
35680,0,0,0,0,1
35681,0,0,0,0,1
35682,0,0,0,0,1
35683,0,0,0,0,1
35684,0,0,0,0,1
35685,0,0,0,0,1
35686,0,0,0,0,1
35687,0,0,0,0,1
35688,0,0,0,0,1
35689,0,0,0,0,1
35690,0,0,0,0,1
35691,0,0,0,0,1
35692,0,0,0,0,1
35693,0,0,0,0,1
35694,0,0,0,0,1
35695,0,0,0,0,1
35696,0,0,0,0,1
35697,0,0,0,0,1
35698,0,0,0,0,1
35699,0,0,0,0,1
35700,0,0,0,0,1
35701,0,0,0,0,1
35702,0,0,0,0,1
35703,0,0,0,0,1
35704,0,0,0,0,1
35705,0,0,0,0,1
35706,0,0,0,0,1
35707,0,0,0,0,1
35708,0,0,0,0,1
35709,0,0,0,0,1
35710,0,0,0,0,1
35711,0,0,0,0,1
35712,0,0,0,0,1
35713,0,0,0,0,1
35714,0,0,0,0,1
35715,0,0,0,0,1
35716,0,0,0,0,1
35717,0,0,0,0,1
35718,0,0,0,0,1
35719,0,0,0,0,1
35720,0,0,0,0,1
35721,0,0,0,0,1
35722,0,0,0,0,1
35723,0,0,0,0,1
35724,0,0,0,0,1
35725,0,0,0,0,1
35726,0,0,0,0,1
35727,0,0,0,0,1
35728,0,0,0,0,1
35729,0,0,0,0,1
35730,0,0,0,0,1
35731,0,0,0,0,1
35732,0,0,0,0,1
35733,0,0,0,0,1
35734,0,0,0,0,1
35735,0,0,0,0,1
35736,0,0,0,0,1
35737,0,0,0,0,1
35738,0,0,0,0,1
35739,0,0,0,0,1
35740,0,0,0,0,1
35741,0,0,0,0,1
35742,0,0,0,0,1
35743,0,0,0,0,1
35744,0,0,0,0,1
35745,0,0,0,0,1
35746,0,0,0,0,1
35747,0,0,0,0,1
35748,0,0,0,0,1
35749,0,0,0,0,1
35750,0,0,0,0,1
35751,0,0,0,0,1
35752,0,0,0,0,1
35753,0,0,0,0,1
35754,0,0,0,0,1
35755,0,0,0,0,1
35756,0,0,0,0,1
35757,0,0,0,0,1
35758,0,0,0,0,1
35759,0,0,0,0,1
35760,0,0,0,0,1
35761,0,0,0,0,1
35762,0,0,0,0,1
35763,0,0,0,0,1
35764,0,0,0,0,1
35765,0,0,0,0,1
35766,0,0,0,0,1
35767,0,0,0,0,1
35768,0,0,0,0,1
35769,0,0,0,0,1
35770,0,0,0,0,1
35771,0,0,0,0,1
35772,0,0,0,0,1
35773,0,0,0,0,1
35774,0,0,0,0,1
35775,0,0,0,0,1
35776,0,0,0,0,1
35777,0,0,0,0,1
35778,0,0,0,0,1
35779,0,0,0,0,1
35780,0,0,0,0,1
35781,0,0,0,0,1
35782,0,0,0,0,1
35783,0,0,0,0,1
35784,0,0,0,0,1
35785,0,0,0,0,1
35786,0,0,0,0,1
35787,0,0,0,0,1
35788,0,0,0,0,1
35789,0,0,0,0,1
35790,0,0,0,0,1
35791,0,0,0,0,1
35792,0,0,0,0,1
35793,0,0,0,0,1
35794,0,0,0,0,1
35795,0,0,0,0,1
35796,0,0,0,0,1
35797,0,0,0,0,1
35798,0,0,0,0,1
35799,0,0,0,0,1
35800,0,0,0,0,1
35801,0,0,0,0,1
35802,0,0,0,0,1
35803,0,0,0,0,1
35804,0,0,0,0,1
35805,0,0,0,0,1
35806,0,0,0,0,1
35807,0,0,0,0,1
35808,0,0,0,0,1
35809,0,0,0,0,1
35810,0,0,0,0,1
35811,0,0,0,0,1
35812,0,0,0,0,1
35813,0,0,0,0,1
35814,0,0,0,0,1
35815,0,0,0,0,1
35816,0,0,0,0,1
35817,0,0,0,0,1
35818,0,0,0,0,1
35819,0,0,0,0,1
35820,0,0,0,0,1
35821,0,0,0,0,1
35822,0,0,0,0,1
35823,0,0,0,0,1
35824,0,0,0,0,1
35825,0,0,0,0,1
35826,0,0,0,0,1
35827,0,0,0,0,1
35828,0,0,0,0,1
35829,0,0,0,0,1
35830,0,0,0,0,1
35831,0,0,0,0,1
35832,0,0,0,0,1
35833,0,0,0,0,1
35834,0,0,0,0,1
35835,0,0,0,0,1
35836,0,0,0,0,1
35837,0,0,0,0,1
35838,0,0,0,0,1
35839,0,0,0,0,1
35840,0,0,0,0,1
35841,0,0,0,0,1
35842,0,0,0,0,1
35843,0,0,0,0,1
35844,0,0,0,0,1
35845,0,0,0,0,1
35846,0,0,0,0,1
35847,0,0,0,0,1
35848,0,0,0,0,1
35849,0,0,0,0,1
35850,0,0,0,0,1
35851,0,0,0,0,1
35852,1,0,0,0,0
35853,1,0,0,0,0
35854,1,0,0,0,0
35855,1,0,0,0,0
35856,1,0,0,0,0
35857,1,0,0,0,0
35858,1,0,0,0,0
35859,1,0,0,0,0
35860,1,0,0,0,0
35861,1,0,0,0,0
35862,1,0,0,0,0
35863,1,0,0,0,0
35864,1,0,0,0,0
35865,1,0,0,0,0
35866,1,0,0,0,0
35867,1,0,0,0,0
35868,1,0,0,0,0
35869,1,0,0,0,0
35870,1,0,0,0,0
35871,1,0,0,0,0
35872,1,0,0,0,0
35873,1,0,0,0,0
35874,1,0,0,0,0
35875,1,0,0,0,0
35876,1,0,0,0,0
35877,1,0,0,0,0
35878,1,0,0,0,0
35879,1,0,0,0,0
35880,1,0,0,0,0
35881,1,0,0,0,0
35882,1,0,0,0,0
35883,1,0,0,0,0
35884,1,0,0,0,0
35885,1,0,0,0,0
35886,1,0,0,0,0
35887,1,0,0,0,0
35888,1,0,0,0,0
35889,1,0,0,0,0
35890,0,0,0,0,1
35891,0,0,0,0,1
35892,0,0,0,0,1
35893,0,0,0,0,1
35894,1,0,0,0,0
35895,1,0,0,0,0
35896,1,0,0,0,0
35897,1,0,0,0,0
35898,1,0,0,0,0
35899,1,0,0,0,0
35900,1,0,0,0,0
35901,1,0,0,0,0
35902,1,0,0,0,0
35903,1,0,0,0,0
35904,1,0,0,0,0
35905,1,0,0,0,0
35906,1,0,0,0,0
35907,1,0,0,0,0
35908,0,0,0,0,1
35909,0,0,0,0,1
35910,0,0,0,0,1
35911,0,0,0,0,1
35912,0,0,0,0,1
35913,0,0,0,0,1
35914,0,0,0,0,1
35915,0,0,0,0,1
35916,0,0,0,0,1
35917,0,0,0,0,1
35918,0,0,0,0,1
35919,0,0,0,0,1
35920,0,0,0,0,1
35921,0,0,0,0,1
35922,0,0,0,0,1
35923,0,0,0,0,1
35924,0,0,0,0,1
35925,0,0,0,0,1
35926,0,0,0,0,1
35927,0,0,0,0,1
35928,0,0,0,0,1
35929,0,0,0,0,1
35930,0,0,0,0,1
35931,0,0,0,0,1
35932,0,0,0,0,1
35933,0,0,0,0,1
35934,0,0,0,0,1
35935,0,0,0,0,1
35936,0,0,0,0,1
35937,0,0,0,0,1
35938,0,0,0,0,1
35939,0,0,0,0,1
35940,0,0,0,0,1
35941,0,0,0,0,1
35942,1,0,0,0,0
35943,1,0,0,0,0
35944,1,0,0,0,0
35945,1,0,0,0,0
35946,1,0,0,0,0
35947,1,0,0,0,0
35948,1,0,0,0,0
35949,1,0,0,0,0
35950,1,0,0,0,0
35951,1,0,0,0,0
35952,1,0,0,0,0
35953,1,0,0,0,0
35954,1,0,0,0,0
35955,1,0,0,0,0
35956,1,0,0,0,0
35957,1,0,0,0,0
35958,1,0,0,0,0
35959,1,0,0,0,0
35960,1,0,0,0,0
35961,1,0,0,0,0
35962,1,0,0,0,0
35963,1,0,0,0,0
35964,1,0,0,0,0
35965,1,0,0,0,0
35966,1,0,0,0,0
35967,1,0,0,0,0
35968,1,0,0,0,0
35969,1,0,0,0,0
35970,1,0,0,0,0
35971,1,0,0,0,0
35972,1,0,0,0,0
35973,1,0,0,0,0
35974,1,0,0,0,0
35975,1,0,0,0,0
35976,1,0,0,0,0
35977,1,0,0,0,0
35978,1,0,0,0,0
35979,1,0,0,0,0
35980,1,0,0,0,0
35981,1,0,0,0,0
35982,1,0,0,0,0
35983,1,0,0,0,0
35984,1,0,0,0,0
35985,0,0,0,0,1
35986,0,0,0,0,1
35987,0,0,0,0,1
35988,0,0,0,0,1
35989,0,0,0,0,1
35990,0,0,0,0,1
35991,0,0,0,0,1
35992,0,1,0,0,0
35993,0,1,0,0,0
35994,0,1,0,0,0
35995,0,1,0,0,0
35996,0,1,0,0,0
35997,0,1,0,0,0
35998,0,1,0,0,0
35999,0,1,0,0,0
36000,0,1,0,0,0
36001,0,1,0,0,0
36002,0,1,0,0,0
36003,0,1,0,0,0
36004,0,1,0,0,0
36005,0,1,0,0,0
36006,0,1,0,0,0
36007,0,0,0,0,1
36008,0,0,0,0,1
36009,0,0,0,0,1
36010,0,0,0,0,1
36011,0,0,0,0,1
36012,0,0,0,0,1
36013,0,0,0,0,1
36014,0,0,0,0,1
36015,0,0,0,0,1
36016,0,0,0,0,1
36017,0,0,0,0,1
36018,0,0,0,0,1
36019,0,0,0,0,1
36020,0,0,0,0,1
36021,0,0,0,0,1
36022,0,0,0,0,1
36023,0,0,0,0,1
36024,0,0,0,0,1
36025,0,0,0,0,1
36026,0,0,0,0,1
36027,0,0,0,0,1
36028,0,0,0,0,1
36029,0,0,0,0,1
36030,0,0,0,0,1
36031,0,0,0,0,1
36032,0,0,0,0,1
36033,0,0,0,0,1
36034,0,0,0,0,1
36035,0,0,0,0,1
36036,0,0,0,0,1
36037,0,0,0,0,1
36038,0,0,0,0,1
36039,0,0,0,0,1
36040,0,0,0,0,1
36041,0,0,0,0,1
36042,0,0,0,0,1
36043,0,0,0,0,1
36044,0,0,0,0,1
36045,0,0,0,0,1
36046,0,0,0,0,1
36047,0,0,0,0,1
36048,0,0,0,0,1
36049,0,0,0,0,1
36050,0,0,0,0,1
36051,0,0,0,0,1
36052,0,0,0,0,1
36053,0,0,0,0,1
36054,0,0,0,0,1
36055,0,0,0,0,1
36056,0,0,0,0,1
36057,0,0,0,0,1
36058,0,0,0,0,1
36059,0,0,0,0,1
36060,0,0,0,0,1
36061,0,0,0,0,1
36062,0,0,0,0,1
36063,0,0,0,0,1
36064,0,0,0,0,1
36065,0,0,0,0,1
36066,0,0,0,0,1
36067,0,0,0,0,1
36068,0,0,0,0,1
36069,0,0,0,0,1
36070,0,0,0,0,1
36071,0,0,0,0,1
36072,0,0,0,0,1
36073,0,0,0,0,1
36074,0,0,0,0,1
36075,0,0,0,0,1
36076,0,0,0,0,1
36077,0,0,0,0,1
36078,0,0,0,0,1
36079,0,0,0,0,1
36080,0,0,0,0,1
36081,0,0,0,0,1
36082,0,0,0,0,1
36083,0,0,0,0,1
36084,0,0,0,0,1
36085,0,0,0,0,1
36086,0,0,0,0,1
36087,0,0,0,0,1
36088,0,0,0,0,1
36089,0,0,0,0,1
36090,0,0,0,0,1
36091,0,0,0,0,1
36092,0,0,0,0,1
36093,0,0,0,0,1
36094,0,0,0,0,1
36095,0,0,0,0,1
36096,0,0,0,0,1
36097,0,0,0,0,1
36098,0,0,0,0,1
36099,0,0,0,0,1
36100,0,0,0,0,1
36101,0,0,0,0,1
36102,0,0,1,0,0
36103,0,0,1,0,0
36104,0,0,1,0,0
36105,0,0,1,0,0
36106,0,0,1,0,0
36107,0,0,1,0,0
36108,0,0,1,0,0
36109,0,0,1,0,0
36110,0,0,1,0,0
36111,0,0,1,0,0
36112,0,0,1,0,0
36113,0,0,1,0,0
36114,0,0,1,0,0
36115,0,0,1,0,0
36116,0,0,1,0,0
36117,0,0,1,0,0
36118,0,0,1,0,0
36119,0,0,1,0,0
36120,0,0,1,0,0
36121,0,0,1,0,0
36122,0,0,1,0,0
36123,0,0,1,0,0
36124,0,0,1,0,0
36125,0,0,1,0,0
36126,0,0,1,0,0
36127,0,0,1,0,0
36128,0,0,1,0,0
36129,0,0,1,0,0
36130,0,0,1,0,0
36131,0,0,1,0,0
36132,0,0,1,0,0
36133,0,0,1,0,0
36134,0,0,1,0,0
36135,0,0,1,0,0
36136,0,0,1,0,0
36137,0,0,1,0,0
36138,0,0,1,0,0
36139,0,0,1,0,0
36140,0,0,1,0,0
36141,0,0,1,0,0
36142,0,0,1,0,0
36143,0,0,1,0,0
36144,0,0,1,0,0
36145,0,0,1,0,0
36146,0,0,1,0,0
36147,0,0,1,0,0
36148,0,0,1,0,0
36149,0,0,1,0,0
36150,0,0,1,0,0
36151,0,0,1,0,0
36152,0,0,1,0,0
36153,0,0,1,0,0
36154,0,0,1,0,0
36155,0,0,1,0,0
36156,0,0,1,0,0
36157,0,0,1,0,0
36158,0,0,1,0,0
36159,0,0,1,0,0
36160,0,0,1,0,0
36161,0,0,1,0,0
36162,0,0,1,0,0
36163,0,0,1,0,0
36164,0,0,1,0,0
36165,0,0,1,0,0
36166,0,0,1,0,0
36167,0,0,1,0,0
36168,0,0,1,0,0
36169,0,0,1,0,0
36170,0,0,1,0,0
36171,0,0,0,0,1
36172,0,0,0,0,1
36173,0,0,0,0,1
36174,0,0,0,0,1
36175,0,0,0,0,1
36176,0,0,0,0,1
36177,0,0,0,0,1
36178,0,0,0,0,1
36179,0,0,0,0,1
36180,1,0,0,0,0
36181,1,0,0,0,0
36182,1,0,0,0,0
36183,1,0,0,0,0
36184,1,0,0,0,0
36185,1,0,0,0,0
36186,1,0,0,0,0
36187,1,0,0,0,0
36188,1,0,0,0,0
36189,1,0,0,0,0
36190,1,0,0,0,0
36191,1,0,0,0,0
36192,1,0,0,0,0
36193,1,0,0,0,0
36194,1,0,0,0,0
36195,1,0,0,0,0
36196,1,0,0,0,0
36197,1,0,0,0,0
36198,1,0,0,0,0
36199,1,0,0,0,0
36200,1,0,0,0,0
36201,1,0,0,0,0
36202,1,0,0,0,0
36203,1,0,0,0,0
36204,1,0,0,0,0
36205,1,0,0,0,0
36206,1,0,0,0,0
36207,1,0,0,0,0
36208,1,0,0,0,0
36209,1,0,0,0,0
36210,1,0,0,0,0
36211,1,0,0,0,0
36212,1,0,0,0,0
36213,1,0,0,0,0
36214,1,0,0,0,0
36215,1,0,0,0,0
36216,1,0,0,0,0
36217,1,0,0,0,0
36218,1,0,0,0,0
36219,1,0,0,0,0
36220,1,0,0,0,0
36221,1,0,0,0,0
36222,1,0,0,0,0
36223,1,0,0,0,0
36224,1,0,0,0,0
36225,0,0,0,0,1
36226,0,0,0,0,1
36227,0,0,0,0,1
36228,0,0,0,0,1
36229,0,0,0,0,1
36230,0,0,0,0,1
36231,0,0,0,0,1
36232,0,0,0,0,1
36233,0,0,0,0,1
36234,0,0,0,0,1
36235,0,0,0,0,1
36236,0,0,0,0,1
36237,0,0,0,0,1
36238,0,0,0,0,1
36239,0,0,0,0,1
36240,0,0,0,0,1
36241,0,0,0,0,1
36242,0,0,0,0,1
36243,0,0,0,0,1
36244,0,0,0,0,1
36245,0,0,0,0,1
36246,0,0,0,0,1
36247,0,0,0,0,1
36248,0,0,0,0,1
36249,0,0,0,0,1
36250,0,0,0,0,1
36251,0,0,0,0,1
36252,0,0,0,0,1
36253,0,0,0,0,1
36254,0,0,0,0,1
36255,0,0,0,0,1
36256,0,0,0,0,1
36257,0,0,0,0,1
36258,0,0,0,0,1
36259,0,0,0,0,1
36260,0,0,0,0,1
36261,0,0,0,0,1
36262,0,0,0,0,1
36263,0,0,0,0,1
36264,0,0,0,0,1
36265,0,0,0,0,1
36266,0,0,0,0,1
36267,0,0,0,0,1
36268,0,0,0,0,1
36269,0,0,0,0,1
36270,0,0,0,0,1
36271,0,0,0,0,1
36272,0,0,0,0,1
36273,0,0,0,0,1
36274,0,0,0,0,1
36275,0,0,0,0,1
36276,0,0,0,0,1
36277,0,0,0,0,1
36278,0,0,0,0,1
36279,0,0,0,0,1
36280,0,0,0,0,1
36281,0,0,0,0,1
36282,0,0,0,0,1
36283,0,0,0,0,1
36284,0,0,0,0,1
36285,0,0,0,0,1
36286,0,0,0,0,1
36287,0,0,0,0,1
36288,0,0,0,0,1
36289,0,0,0,0,1
36290,0,0,0,0,1
36291,0,0,0,0,1
36292,0,0,0,0,1
36293,0,0,0,0,1
36294,0,0,0,0,1
36295,0,0,0,0,1
36296,0,0,0,0,1
36297,0,0,0,0,1
36298,0,0,0,0,1
36299,0,0,0,0,1
36300,0,0,0,0,1
36301,0,0,0,0,1
36302,0,0,0,0,1
36303,0,0,0,0,1
36304,0,0,0,0,1
36305,0,0,0,0,1
36306,0,0,0,0,1
36307,0,0,0,0,1
36308,0,0,0,0,1
36309,0,0,0,0,1
36310,0,0,0,0,1
36311,0,0,0,0,1
36312,0,0,0,0,1
36313,0,0,0,0,1
36314,0,0,0,0,1
36315,0,0,0,0,1
36316,0,0,0,0,1
36317,0,0,0,0,1
36318,0,0,0,0,1
36319,0,0,0,0,1
36320,0,0,0,0,1
36321,0,0,0,0,1
36322,0,0,0,0,1
36323,0,0,0,0,1
36324,0,0,0,0,1
36325,0,0,0,0,1
36326,0,0,0,0,1
36327,0,0,0,0,1
36328,0,0,0,0,1
36329,0,0,0,0,1
36330,0,0,0,0,1
36331,0,0,0,0,1
36332,0,0,0,0,1
36333,0,0,0,0,1
36334,0,0,0,0,1
36335,0,0,0,0,1
36336,0,0,0,0,1
36337,0,0,0,0,1
36338,0,0,0,0,1
36339,0,0,0,0,1
36340,0,0,0,0,1
36341,0,0,0,0,1
36342,0,0,0,0,1
36343,0,0,0,0,1
36344,0,0,0,0,1
36345,0,0,0,0,1
36346,0,0,0,0,1
36347,0,0,0,0,1
36348,0,0,0,0,1
36349,0,0,0,0,1
36350,0,0,0,0,1
36351,0,0,0,0,1
36352,0,0,0,0,1
36353,0,0,0,0,1
36354,0,0,0,0,1
36355,0,0,0,0,1
36356,0,0,0,0,1
36357,0,0,0,0,1
36358,0,0,0,0,1
36359,0,0,0,0,1
36360,0,0,0,0,1
36361,0,0,0,0,1
36362,0,0,0,0,1
36363,0,0,0,0,1
36364,0,0,0,0,1
36365,0,0,0,0,1
36366,0,0,0,0,1
36367,0,0,0,0,1
36368,0,0,0,0,1
36369,0,0,0,0,1
36370,0,0,0,0,1
36371,0,0,0,0,1
36372,0,0,0,0,1
36373,0,0,0,0,1
36374,0,0,0,0,1
36375,0,0,0,0,1
36376,1,0,0,0,0
36377,1,0,0,0,0
36378,1,0,0,0,0
36379,1,0,0,0,0
36380,1,0,0,0,0
36381,1,0,0,0,0
36382,1,0,0,0,0
36383,1,0,0,0,0
36384,1,0,0,0,0
36385,1,0,0,0,0
36386,1,0,0,0,0
36387,1,0,0,0,0
36388,1,0,0,0,0
36389,1,0,0,0,0
36390,1,0,0,0,0
36391,1,0,0,0,0
36392,1,0,0,0,0
36393,1,0,0,0,0
36394,1,0,0,0,0
36395,1,0,0,0,0
36396,1,0,0,0,0
36397,1,0,0,0,0
36398,1,0,0,0,0
36399,1,0,0,0,0
36400,1,0,0,0,0
36401,1,0,0,0,0
36402,1,0,0,0,0
36403,1,0,0,0,0
36404,1,0,0,0,0
36405,1,0,0,0,0
36406,1,0,0,0,0
36407,1,0,0,0,0
36408,1,0,0,0,0
36409,1,0,0,0,0
36410,1,0,0,0,0
36411,1,0,0,0,0
36412,1,0,0,0,0
36413,1,0,0,0,0
36414,1,0,0,0,0
36415,1,0,0,0,0
36416,1,0,0,0,0
36417,1,0,0,0,0
36418,1,0,0,0,0
36419,1,0,0,0,0
36420,1,0,0,0,0
36421,1,0,0,0,0
36422,1,0,0,0,0
36423,1,0,0,0,0
36424,1,0,0,0,0
36425,1,0,0,0,0
36426,1,0,0,0,0
36427,1,0,0,0,0
36428,1,0,0,0,0
36429,1,0,0,0,0
36430,1,0,0,0,0
36431,1,0,0,0,0
36432,1,0,0,0,0
36433,1,0,0,0,0
36434,1,0,0,0,0
36435,1,0,0,0,0
36436,1,0,0,0,0
36437,1,0,0,0,0
36438,1,0,0,0,0
36439,1,0,0,0,0
36440,1,0,0,0,0
36441,1,0,0,0,0
36442,1,0,0,0,0
36443,1,0,0,0,0
36444,1,0,0,0,0
36445,1,0,0,0,0
36446,1,0,0,0,0
36447,1,0,0,0,0
36448,1,0,0,0,0
36449,1,0,0,0,0
36450,1,0,0,0,0
36451,1,0,0,0,0
36452,1,0,0,0,0
36453,0,0,0,0,1
36454,0,0,0,0,1
36455,0,0,0,0,1
36456,0,0,0,0,1
36457,0,0,0,0,1
36458,0,0,0,0,1
36459,0,0,0,0,1
36460,0,0,0,0,1
36461,0,0,0,0,1
36462,0,0,0,0,1
36463,0,0,0,0,1
36464,0,0,0,0,1
36465,0,0,0,0,1
36466,0,0,0,0,1
36467,0,0,0,0,1
36468,0,0,0,0,1
36469,0,0,0,0,1
36470,0,0,0,0,1
36471,0,0,0,0,1
36472,0,0,0,0,1
36473,0,0,0,0,1
36474,0,0,0,0,1
36475,0,0,0,0,1
36476,0,0,0,0,1
36477,0,0,0,0,1
36478,0,0,0,0,1
36479,0,0,0,0,1
36480,0,0,0,0,1
36481,0,0,0,0,1
36482,0,0,0,0,1
36483,0,0,0,0,1
36484,0,0,0,0,1
36485,0,0,0,0,1
36486,0,0,0,0,1
36487,0,0,0,0,1
36488,0,0,0,0,1
36489,0,0,0,0,1
36490,0,0,0,0,1
36491,0,0,0,0,1
36492,0,0,0,0,1
36493,0,0,0,0,1
36494,0,0,0,0,1
36495,0,0,0,0,1
36496,0,0,0,0,1
36497,0,0,0,0,1
36498,0,0,0,0,1
36499,0,0,0,0,1
36500,0,0,0,0,1
36501,0,0,0,0,1
36502,0,0,0,0,1
36503,0,0,0,0,1
36504,0,0,0,0,1
36505,0,0,0,0,1
36506,0,0,0,0,1
36507,0,0,0,0,1
36508,0,0,0,0,1
36509,0,0,0,0,1
36510,0,0,0,0,1
36511,0,0,0,0,1
36512,0,0,0,0,1
36513,0,0,0,0,1
36514,0,0,0,0,1
36515,0,0,0,0,1
36516,0,0,0,0,1
36517,0,0,0,0,1
36518,0,0,0,0,1
36519,0,0,0,0,1
36520,0,0,0,0,1
36521,0,0,0,0,1
36522,0,0,0,0,1
36523,0,0,0,0,1
36524,0,0,0,0,1
36525,0,0,0,0,1
36526,0,0,0,0,1
36527,0,0,0,0,1
36528,0,0,0,0,1
36529,0,0,0,0,1
36530,0,0,0,0,1
36531,0,0,0,0,1
36532,0,0,0,0,1
36533,0,0,0,0,1
36534,0,0,0,0,1
36535,0,0,0,0,1
36536,0,0,0,0,1
36537,0,0,0,0,1
36538,0,0,0,0,1
36539,0,0,0,0,1
36540,0,0,0,0,1
36541,0,0,0,0,1
36542,0,0,0,0,1
36543,0,0,0,0,1
36544,0,0,0,0,1
36545,0,0,0,0,1
36546,0,0,0,0,1
36547,0,0,0,0,1
36548,0,0,0,0,1
36549,0,0,0,0,1
36550,0,0,0,0,1
36551,0,0,0,0,1
36552,0,0,0,0,1
36553,0,0,0,0,1
36554,0,0,0,0,1
36555,0,0,0,0,1
36556,0,0,0,0,1
36557,0,0,0,0,1
36558,0,0,0,0,1
36559,0,0,0,0,1
36560,0,0,0,0,1
36561,0,0,0,0,1
36562,0,0,0,0,1
36563,0,0,0,0,1
36564,0,0,0,0,1
36565,0,0,0,0,1
36566,0,0,0,0,1
36567,0,0,0,0,1
36568,0,0,0,0,1
36569,0,0,0,0,1
36570,0,0,0,0,1
36571,0,0,0,0,1
36572,0,0,0,0,1
36573,0,0,0,0,1
36574,0,0,0,0,1
36575,0,0,0,0,1
36576,0,0,0,0,1
36577,0,0,0,0,1
36578,0,0,0,0,1
36579,0,0,0,0,1
36580,0,0,0,0,1
36581,0,0,0,0,1
36582,0,0,0,0,1
36583,0,0,0,0,1
36584,0,0,0,0,1
36585,0,0,0,0,1
36586,0,0,0,0,1
36587,0,0,0,0,1
36588,0,0,0,0,1
36589,0,0,0,0,1
36590,0,0,0,0,1
36591,0,0,0,0,1
36592,0,0,0,0,1
36593,0,0,0,0,1
36594,0,0,0,0,1
36595,0,0,0,0,1
36596,0,0,0,0,1
36597,0,0,0,0,1
36598,0,0,0,0,1
36599,0,0,0,0,1
36600,0,0,0,0,1
36601,0,0,1,0,0
36602,0,0,1,0,0
36603,0,0,1,0,0
36604,0,0,1,0,0
36605,0,0,0,1,0
36606,0,0,0,1,0
36607,0,0,0,1,0
36608,0,0,0,1,0
36609,0,0,0,1,0
36610,0,0,1,0,0
36611,0,0,1,0,0
36612,0,0,1,0,0
36613,0,0,0,1,0
36614,0,0,0,1,0
36615,0,0,1,0,0
36616,0,0,1,0,0
36617,0,0,1,0,0
36618,0,0,0,1,0
36619,0,0,0,1,0
36620,0,0,1,0,0
36621,0,0,0,0,1
36622,0,0,0,0,1
36623,0,0,0,0,1
36624,0,0,0,0,1
36625,0,0,0,0,1
36626,0,0,0,0,1
36627,0,0,0,0,1
36628,0,0,0,0,1
36629,0,0,0,0,1
36630,0,0,0,0,1
36631,0,0,0,0,1
36632,0,0,0,0,1
36633,0,0,0,0,1
36634,0,0,0,0,1
36635,0,0,0,0,1
36636,0,0,0,0,1
36637,0,0,0,0,1
36638,0,0,0,0,1
36639,0,0,0,0,1
36640,0,0,0,0,1
36641,0,0,0,0,1
36642,0,0,0,0,1
36643,0,0,0,0,1
36644,0,0,0,0,1
36645,0,0,0,0,1
36646,0,0,0,0,1
36647,0,0,0,0,1
36648,0,0,0,0,1
36649,0,0,0,0,1
36650,0,0,0,0,1
36651,0,0,0,0,1
36652,0,0,0,0,1
36653,0,0,0,0,1
36654,0,0,0,0,1
36655,0,0,0,0,1
36656,0,0,0,0,1
36657,0,0,0,0,1
36658,0,0,0,0,1
36659,0,0,0,0,1
36660,0,0,0,0,1
36661,0,0,0,0,1
36662,0,0,0,0,1
36663,0,0,0,0,1
36664,0,0,0,0,1
36665,0,0,0,0,1
36666,0,0,0,0,1
36667,0,0,0,0,1
36668,0,0,0,0,1
36669,0,0,0,0,1
36670,0,0,0,0,1
36671,0,0,0,0,1
36672,0,0,0,0,1
36673,0,0,0,0,1
36674,0,0,0,0,1
36675,0,0,0,0,1
36676,0,0,0,0,1
36677,0,0,0,0,1
36678,0,0,0,0,1
36679,0,0,0,0,1
36680,0,0,0,0,1
36681,0,0,0,0,1
36682,0,0,0,0,1
36683,0,0,0,0,1
36684,0,0,0,0,1
36685,0,0,0,0,1
36686,0,0,0,0,1
36687,0,0,0,0,1
36688,0,0,0,0,1
36689,0,0,0,0,1
36690,0,0,0,0,1
36691,0,0,0,0,1
36692,0,0,0,0,1
36693,0,0,0,0,1
36694,0,0,0,0,1
36695,0,0,0,0,1
36696,0,0,0,0,1
36697,0,0,0,0,1
36698,0,0,0,0,1
36699,0,0,0,0,1
36700,0,0,0,0,1
36701,0,0,0,0,1
36702,0,0,0,0,1
36703,0,0,0,0,1
36704,0,0,0,0,1
36705,0,0,0,0,1
36706,0,0,0,0,1
36707,0,0,0,0,1
36708,0,0,0,0,1
36709,0,0,0,0,1
36710,0,0,0,0,1
36711,0,0,0,0,1
36712,0,0,0,0,1
36713,0,0,0,0,1
36714,0,0,0,0,1
36715,0,0,0,0,1
36716,0,0,0,0,1
36717,0,0,0,0,1
36718,0,0,0,0,1
36719,0,0,0,0,1
36720,0,0,0,0,1
36721,0,0,0,0,1
36722,0,0,0,0,1
36723,0,0,0,0,1
36724,0,0,0,0,1
36725,0,0,0,0,1
36726,0,0,0,0,1
36727,0,0,0,0,1
36728,0,0,0,0,1
36729,0,0,0,0,1
36730,0,0,0,0,1
36731,0,0,0,0,1
36732,0,0,0,0,1
36733,0,0,0,0,1
36734,0,0,0,0,1
36735,0,0,0,0,1
36736,0,0,0,0,1
36737,0,0,0,0,1
36738,0,0,0,0,1
36739,0,0,0,0,1
36740,0,0,0,0,1
36741,0,0,0,0,1
36742,0,0,0,0,1
36743,0,0,0,0,1
36744,0,0,0,0,1
36745,0,0,0,0,1
36746,0,0,0,0,1
36747,0,0,0,0,1
36748,0,0,0,0,1
36749,0,0,0,0,1
36750,0,0,0,0,1
36751,0,0,0,0,1
36752,0,0,0,0,1
36753,0,0,0,0,1
36754,0,0,0,0,1
36755,0,0,0,0,1
36756,0,0,0,0,1
36757,0,0,0,0,1
36758,0,0,0,0,1
36759,0,0,0,0,1
36760,0,0,0,0,1
36761,0,0,0,0,1
36762,0,0,0,0,1
36763,0,0,0,0,1
36764,0,0,0,0,1
36765,0,0,0,0,1
36766,0,0,0,0,1
36767,0,0,0,0,1
36768,0,0,0,0,1
36769,0,0,0,0,1
36770,0,0,0,0,1
36771,0,0,0,0,1
36772,0,0,0,0,1
36773,0,0,0,0,1
36774,0,0,0,0,1
36775,0,0,0,0,1
36776,0,0,0,0,1
36777,0,0,0,0,1
36778,0,0,0,0,1
36779,0,0,0,0,1
36780,0,0,0,0,1
36781,0,0,0,0,1
36782,0,0,0,0,1
36783,0,0,0,0,1
36784,0,0,0,0,1
36785,0,0,0,0,1
36786,0,0,0,0,1
36787,0,0,0,0,1
36788,0,0,0,0,1
36789,0,0,0,0,1
36790,0,0,0,0,1
36791,0,0,0,0,1
36792,0,0,0,0,1
36793,0,0,0,0,1
36794,0,0,0,0,1
36795,0,0,0,0,1
36796,0,0,0,0,1
36797,0,0,0,0,1
36798,0,0,0,0,1
36799,0,0,0,0,1
36800,0,0,0,0,1
36801,0,0,0,0,1
36802,0,0,0,0,1
36803,0,0,0,0,1
36804,0,0,0,0,1
36805,0,0,0,0,1
36806,0,0,0,0,1
36807,0,0,0,0,1
36808,0,0,0,0,1
36809,0,0,0,0,1
36810,0,0,0,0,1
36811,0,0,0,0,1
36812,0,0,0,0,1
36813,0,0,0,0,1
36814,0,0,0,0,1
36815,0,0,0,0,1
36816,0,0,0,0,1
36817,0,0,0,0,1
36818,0,0,0,0,1
36819,0,0,0,0,1
36820,0,0,0,0,1
36821,0,0,0,0,1
36822,0,0,0,0,1
36823,0,0,0,0,1
36824,0,0,0,0,1
36825,0,0,0,0,1
36826,0,0,0,0,1
36827,0,0,0,0,1
36828,0,0,0,0,1
36829,0,0,0,0,1
36830,0,0,0,0,1
36831,0,0,0,0,1
36832,0,0,0,0,1
36833,0,0,0,0,1
36834,0,0,0,0,1
36835,0,0,0,0,1
36836,0,0,0,0,1
36837,0,0,0,0,1
36838,0,0,0,0,1
36839,0,0,0,0,1
36840,0,0,0,0,1
36841,0,0,0,0,1
36842,0,0,0,0,1
36843,0,0,0,0,1
36844,0,0,0,0,1
36845,0,0,0,0,1
36846,1,0,0,0,0
36847,1,0,0,0,0
36848,1,0,0,0,0
36849,1,0,0,0,0
36850,1,0,0,0,0
36851,1,0,0,0,0
36852,1,0,0,0,0
36853,1,0,0,0,0
36854,1,0,0,0,0
36855,1,0,0,0,0
36856,1,0,0,0,0
36857,1,0,0,0,0
36858,1,0,0,0,0
36859,1,0,0,0,0
36860,1,0,0,0,0
36861,1,0,0,0,0
36862,1,0,0,0,0
36863,1,0,0,0,0
36864,1,0,0,0,0
36865,1,0,0,0,0
36866,1,0,0,0,0
36867,1,0,0,0,0
36868,1,0,0,0,0
36869,1,0,0,0,0
36870,1,0,0,0,0
36871,1,0,0,0,0
36872,1,0,0,0,0
36873,1,0,0,0,0
36874,1,0,0,0,0
36875,1,0,0,0,0
36876,1,0,0,0,0
36877,1,0,0,0,0
36878,1,0,0,0,0
36879,1,0,0,0,0
36880,1,0,0,0,0
36881,1,0,0,0,0
36882,1,0,0,0,0
36883,1,0,0,0,0
36884,1,0,0,0,0
36885,1,0,0,0,0
36886,1,0,0,0,0
36887,1,0,0,0,0
36888,1,0,0,0,0
36889,1,0,0,0,0
36890,1,0,0,0,0
36891,1,0,0,0,0
36892,1,0,0,0,0
36893,1,0,0,0,0
36894,1,0,0,0,0
36895,1,0,0,0,0
36896,1,0,0,0,0
36897,1,0,0,0,0
36898,1,0,0,0,0
36899,1,0,0,0,0
36900,1,0,0,0,0
36901,1,0,0,0,0
36902,1,0,0,0,0
36903,1,0,0,0,0
36904,1,0,0,0,0
36905,1,0,0,0,0
36906,1,0,0,0,0
36907,1,0,0,0,0
36908,1,0,0,0,0
36909,1,0,0,0,0
36910,1,0,0,0,0
36911,1,0,0,0,0
36912,1,0,0,0,0
36913,1,0,0,0,0
36914,1,0,0,0,0
36915,1,0,0,0,0
36916,1,0,0,0,0
36917,1,0,0,0,0
36918,1,0,0,0,0
36919,1,0,0,0,0
36920,1,0,0,0,0
36921,1,0,0,0,0
36922,1,0,0,0,0
36923,1,0,0,0,0
36924,1,0,0,0,0
36925,1,0,0,0,0
36926,1,0,0,0,0
36927,0,0,0,0,1
36928,0,0,0,0,1
36929,0,0,0,0,1
36930,0,0,0,0,1
36931,0,0,0,0,1
36932,0,0,0,0,1
36933,0,0,0,0,1
36934,0,0,0,0,1
36935,0,0,0,0,1
36936,0,0,0,0,1
36937,0,0,0,0,1
36938,0,0,0,0,1
36939,0,0,0,0,1
36940,0,0,0,0,1
36941,0,0,0,0,1
36942,0,0,0,0,1
36943,0,0,0,0,1
36944,0,0,0,0,1
36945,0,0,0,0,1
36946,0,0,0,0,1
36947,0,0,0,0,1
36948,0,0,0,0,1
36949,0,0,0,0,1
36950,0,0,0,0,1
36951,0,0,0,0,1
36952,0,0,0,0,1
36953,0,0,0,0,1
36954,0,0,0,0,1
36955,0,0,0,0,1
36956,0,0,0,0,1
36957,0,0,0,0,1
36958,0,0,0,0,1
36959,0,0,0,0,1
36960,0,0,0,0,1
36961,0,0,0,0,1
36962,0,0,0,0,1
36963,0,0,0,0,1
36964,0,0,0,0,1
36965,0,0,0,0,1
36966,0,0,0,0,1
36967,0,0,0,0,1
36968,0,0,0,0,1
36969,0,0,0,0,1
36970,0,0,0,0,1
36971,0,0,0,0,1
36972,0,0,0,0,1
36973,0,0,0,0,1
36974,0,0,0,0,1
36975,0,0,0,0,1
36976,0,0,0,0,1
36977,0,0,0,0,1
36978,0,0,0,0,1
36979,0,0,0,0,1
36980,0,0,0,0,1
36981,0,0,0,0,1
36982,0,0,0,0,1
36983,0,0,0,0,1
36984,0,0,0,0,1
36985,0,0,0,0,1
36986,0,0,0,0,1
36987,0,0,0,0,1
36988,0,0,0,0,1
36989,0,0,0,0,1
36990,0,0,0,0,1
36991,0,0,0,0,1
36992,0,0,0,0,1
36993,0,0,0,0,1
36994,0,0,0,0,1
36995,0,0,0,0,1
36996,0,0,0,0,1
36997,0,0,0,0,1
36998,0,0,0,0,1
36999,0,0,0,0,1
37000,0,0,0,0,1
37001,0,0,0,0,1
37002,0,0,0,0,1
37003,0,0,0,0,1
37004,0,0,0,0,1
37005,0,0,0,0,1
37006,0,0,0,0,1
37007,0,0,0,0,1
37008,0,0,0,0,1
37009,0,0,0,0,1
37010,0,0,0,0,1
37011,0,0,0,0,1
37012,0,0,0,0,1
37013,0,0,0,0,1
37014,0,0,0,0,1
37015,0,0,0,0,1
37016,0,0,0,0,1
37017,0,0,0,0,1
37018,0,0,0,0,1
37019,0,0,0,0,1
37020,0,0,0,0,1
37021,0,0,0,0,1
37022,0,0,0,0,1
37023,0,0,0,0,1
37024,0,0,0,0,1
37025,0,0,0,0,1
37026,0,0,0,0,1
37027,0,0,0,0,1
37028,0,0,0,0,1
37029,0,0,0,0,1
37030,0,0,0,0,1
37031,0,0,0,0,1
37032,0,0,0,0,1
37033,0,0,0,0,1
37034,0,0,0,0,1
37035,0,0,0,0,1
37036,0,0,0,0,1
37037,0,0,0,0,1
37038,0,0,0,0,1
37039,0,0,0,0,1
37040,0,0,0,0,1
37041,0,0,0,0,1
37042,0,0,0,0,1
37043,0,0,0,0,1
37044,0,0,0,0,1
37045,0,0,0,0,1
37046,0,0,0,0,1
37047,0,0,0,0,1
37048,0,0,0,0,1
37049,0,0,0,0,1
37050,0,0,0,0,1
37051,0,0,0,0,1
37052,0,0,0,0,1
37053,0,0,0,0,1
37054,0,0,0,0,1
37055,0,0,0,0,1
37056,0,0,0,0,1
37057,0,0,0,0,1
37058,0,0,0,0,1
37059,0,0,0,0,1
37060,0,0,0,0,1
37061,0,0,0,0,1
37062,0,0,0,0,1
37063,0,0,0,0,1
37064,0,0,0,0,1
37065,0,0,0,0,1
37066,0,0,0,0,1
37067,0,0,0,0,1
37068,0,0,0,0,1
37069,0,0,0,0,1
37070,0,0,0,0,1
37071,0,0,0,0,1
37072,0,0,0,0,1
37073,0,0,0,0,1
37074,0,0,0,0,1
37075,0,0,0,0,1
37076,0,0,0,0,1
37077,0,0,0,0,1
37078,0,0,0,0,1
37079,0,0,0,0,1
37080,0,0,0,0,1
37081,0,0,0,0,1
37082,0,0,0,0,1
37083,0,0,0,0,1
37084,0,0,0,0,1
37085,0,0,0,0,1
37086,0,0,0,0,1
37087,0,0,0,0,1
37088,0,0,0,0,1
37089,0,0,0,0,1
37090,0,0,0,0,1
37091,0,0,0,0,1
37092,0,0,0,0,1
37093,0,0,0,0,1
37094,0,0,0,0,1
37095,0,0,0,0,1
37096,0,0,0,0,1
37097,0,0,0,0,1
37098,0,0,0,0,1
37099,0,0,0,0,1
37100,0,0,0,0,1
37101,0,0,0,0,1
37102,0,0,0,0,1
37103,0,0,0,0,1
37104,0,0,0,0,1
37105,0,0,0,0,1
37106,0,0,0,0,1
37107,0,0,0,0,1
37108,0,0,0,0,1
37109,0,0,0,0,1
37110,0,0,0,0,1
37111,0,0,0,0,1
37112,0,0,0,0,1
37113,0,0,0,0,1
37114,0,0,0,0,1
37115,0,0,0,0,1
37116,0,0,0,0,1
37117,0,0,0,0,1
37118,0,0,0,0,1
37119,0,0,0,0,1
37120,0,0,0,0,1
37121,0,0,0,0,1
37122,0,0,0,0,1
37123,0,0,0,0,1
37124,0,0,0,0,1
37125,0,0,0,0,1
37126,0,0,0,0,1
37127,0,0,0,0,1
37128,0,0,0,0,1
37129,0,0,0,0,1
37130,0,0,0,0,1
37131,0,0,0,0,1
37132,0,0,0,0,1
37133,0,0,0,0,1
37134,0,0,0,0,1
37135,0,0,0,0,1
37136,0,0,0,0,1
37137,0,0,0,0,1
37138,0,0,0,0,1
37139,0,0,0,0,1
37140,0,0,0,0,1
37141,0,0,0,0,1
37142,0,0,0,0,1
37143,0,0,0,0,1
37144,0,0,0,0,1
37145,0,0,0,0,1
37146,0,0,0,0,1
37147,0,0,0,0,1
37148,0,0,0,0,1
37149,0,0,0,0,1
37150,0,0,0,0,1
37151,0,0,0,0,1
37152,0,0,0,0,1
37153,0,0,0,0,1
37154,0,0,0,0,1
37155,0,0,0,0,1
37156,0,0,0,0,1
37157,0,0,0,0,1
37158,0,0,0,0,1
37159,0,0,0,0,1
37160,0,0,0,0,1
37161,0,0,0,0,1
37162,0,0,0,0,1
37163,0,0,0,0,1
37164,0,0,0,0,1
37165,0,0,0,0,1
37166,0,0,0,0,1
37167,0,0,0,0,1
37168,0,0,0,0,1
37169,0,0,0,0,1
37170,0,0,0,0,1
37171,0,0,0,0,1
37172,0,0,0,0,1
37173,0,0,0,0,1
37174,0,0,0,0,1
37175,0,0,0,0,1
37176,0,0,0,0,1
37177,0,0,0,0,1
37178,0,0,0,0,1
37179,0,0,0,0,1
37180,0,0,0,0,1
37181,0,0,0,0,1
37182,0,0,0,0,1
37183,0,0,0,0,1
37184,0,0,0,0,1
37185,0,0,0,0,1
37186,0,0,0,0,1
37187,0,0,0,0,1
37188,0,0,0,0,1
37189,0,0,0,0,1
37190,0,0,0,0,1
37191,0,0,0,0,1
37192,0,0,0,0,1
37193,0,0,0,0,1
37194,0,0,0,0,1
37195,0,0,0,0,1
37196,0,0,0,0,1
37197,0,0,0,0,1
37198,0,0,0,0,1
37199,0,0,0,0,1
37200,0,0,0,0,1
37201,0,0,0,0,1
37202,0,0,0,0,1
37203,0,0,0,0,1
37204,0,0,0,0,1
37205,0,0,0,0,1
37206,0,0,0,0,1
37207,0,0,0,0,1
37208,0,0,0,0,1
37209,0,0,0,0,1
37210,0,0,0,0,1
37211,0,0,0,0,1
37212,0,0,0,0,1
37213,0,0,0,0,1
37214,0,0,0,0,1
37215,0,0,0,0,1
37216,0,0,0,0,1
37217,0,0,0,0,1
37218,0,0,0,0,1
37219,0,0,0,0,1
37220,0,0,0,0,1
37221,0,0,0,0,1
37222,0,0,0,0,1
37223,0,0,0,0,1
37224,0,0,0,0,1
37225,0,0,0,0,1
37226,0,0,0,0,1
37227,0,0,0,0,1
37228,0,0,0,0,1
37229,0,0,0,0,1
37230,0,0,0,0,1
37231,0,0,0,0,1
37232,0,0,0,0,1
37233,0,0,0,0,1
37234,0,0,0,0,1
37235,0,0,0,0,1
37236,0,0,0,0,1
37237,0,0,0,0,1
37238,0,0,0,0,1
37239,0,0,0,0,1
37240,0,0,0,0,1
37241,0,0,0,0,1
37242,0,0,0,0,1
37243,0,0,0,0,1
37244,0,0,0,0,1
37245,0,0,0,0,1
37246,0,0,0,0,1
37247,1,0,0,0,0
37248,1,0,0,0,0
37249,1,0,0,0,0
37250,1,0,0,0,0
37251,1,0,0,0,0
37252,1,0,0,0,0
37253,1,0,0,0,0
37254,1,0,0,0,0
37255,1,0,0,0,0
37256,1,0,0,0,0
37257,1,0,0,0,0
37258,1,0,0,0,0
37259,1,0,0,0,0
37260,1,0,0,0,0
37261,1,0,0,0,0
37262,1,0,0,0,0
37263,1,0,0,0,0
37264,1,0,0,0,0
37265,0,0,0,0,1
37266,0,0,0,0,1
37267,0,0,0,0,1
37268,0,0,0,0,1
37269,0,0,0,0,1
37270,0,0,0,0,1
37271,0,0,0,0,1
37272,0,0,0,0,1
37273,0,0,0,0,1
37274,0,0,0,0,1
37275,0,0,0,0,1
37276,0,0,0,0,1
37277,0,0,0,0,1
37278,0,0,0,0,1
37279,0,0,0,0,1
37280,0,0,0,0,1
37281,0,0,0,0,1
37282,0,0,0,0,1
37283,0,0,0,0,1
37284,0,0,0,0,1
37285,0,0,0,0,1
37286,0,0,0,0,1
37287,0,0,0,0,1
37288,0,0,0,0,1
37289,0,0,0,0,1
37290,0,0,0,0,1
37291,0,0,0,0,1
37292,0,0,0,0,1
37293,0,0,0,0,1
37294,0,0,0,0,1
37295,0,0,0,0,1
37296,0,0,0,0,1
37297,0,0,0,0,1
37298,0,0,0,0,1
37299,0,0,0,0,1
37300,0,0,0,0,1
37301,0,0,0,0,1
37302,0,0,0,0,1
37303,0,0,0,0,1
37304,0,0,0,0,1
37305,0,0,0,0,1
37306,0,0,0,0,1
37307,0,0,0,0,1
37308,0,0,0,0,1
37309,0,0,0,0,1
37310,0,0,0,0,1
37311,0,0,0,0,1
37312,0,0,0,0,1
37313,0,0,0,0,1
37314,0,0,0,0,1
37315,0,0,0,0,1
37316,0,0,0,0,1
37317,0,0,0,0,1
37318,0,0,0,0,1
37319,0,0,0,0,1
37320,0,0,0,0,1
37321,0,0,0,0,1
37322,0,0,0,0,1
37323,0,0,0,0,1
37324,1,0,0,0,0
37325,1,0,0,0,0
37326,1,0,0,0,0
37327,1,0,0,0,0
37328,1,0,0,0,0
37329,1,0,0,0,0
37330,1,0,0,0,0
37331,1,0,0,0,0
37332,1,0,0,0,0
37333,1,0,0,0,0
37334,1,0,0,0,0
37335,1,0,0,0,0
37336,1,0,0,0,0
37337,1,0,0,0,0
37338,1,0,0,0,0
37339,1,0,0,0,0
37340,1,0,0,0,0
37341,1,0,0,0,0
37342,1,0,0,0,0
37343,1,0,0,0,0
37344,1,0,0,0,0
37345,1,0,0,0,0
37346,1,0,0,0,0
37347,1,0,0,0,0
37348,1,0,0,0,0
37349,1,0,0,0,0
37350,1,0,0,0,0
37351,1,0,0,0,0
37352,1,0,0,0,0
37353,1,0,0,0,0
37354,1,0,0,0,0
37355,1,0,0,0,0
37356,1,0,0,0,0
37357,1,0,0,0,0
37358,1,0,0,0,0
37359,1,0,0,0,0
37360,1,0,0,0,0
37361,1,0,0,0,0
37362,1,0,0,0,0
37363,1,0,0,0,0
37364,1,0,0,0,0
37365,1,0,0,0,0
37366,1,0,0,0,0
37367,1,0,0,0,0
37368,1,0,0,0,0
37369,1,0,0,0,0
37370,1,0,0,0,0
37371,1,0,0,0,0
37372,1,0,0,0,0
37373,1,0,0,0,0
37374,1,0,0,0,0
37375,0,0,0,0,1
37376,0,0,0,0,1
37377,0,0,0,0,1
37378,0,0,0,0,1
37379,0,0,0,0,1
37380,0,0,0,0,1
37381,0,0,0,0,1
37382,0,0,0,0,1
37383,0,0,0,0,1
37384,0,0,0,0,1
37385,0,0,0,0,1
37386,0,0,0,0,1
37387,0,0,0,0,1
37388,0,0,0,0,1
37389,0,0,0,0,1
37390,0,0,0,0,1
37391,0,0,0,0,1
37392,0,0,0,0,1
37393,0,0,0,0,1
37394,0,0,0,0,1
37395,0,0,0,0,1
37396,0,0,0,0,1
37397,0,0,0,0,1
37398,0,0,0,0,1
37399,0,0,0,0,1
37400,0,0,0,0,1
37401,0,0,0,0,1
37402,0,0,0,0,1
37403,0,0,0,0,1
37404,0,0,0,0,1
37405,0,0,0,0,1
37406,0,0,0,0,1
37407,0,0,0,0,1
37408,0,0,0,0,1
37409,0,0,0,0,1
37410,0,0,0,0,1
37411,0,0,0,0,1
37412,0,0,0,0,1
37413,0,0,0,0,1
37414,0,0,0,0,1
37415,0,0,0,0,1
37416,0,0,0,0,1
37417,0,0,0,0,1
37418,0,0,0,0,1
37419,0,0,0,0,1
37420,0,0,0,0,1
37421,0,0,0,0,1
37422,0,0,0,0,1
37423,0,0,0,0,1
37424,0,0,0,0,1
37425,0,0,0,0,1
37426,0,0,0,0,1
37427,0,0,0,0,1
37428,0,0,0,0,1
37429,1,0,0,0,0
37430,1,0,0,0,0
37431,1,0,0,0,0
37432,1,0,0,0,0
37433,1,0,0,0,0
37434,1,0,0,0,0
37435,1,0,0,0,0
37436,1,0,0,0,0
37437,1,0,0,0,0
37438,1,0,0,0,0
37439,1,0,0,0,0
37440,1,0,0,0,0
37441,1,0,0,0,0
37442,1,0,0,0,0
37443,1,0,0,0,0
37444,1,0,0,0,0
37445,1,0,0,0,0
37446,1,0,0,0,0
37447,1,0,0,0,0
37448,1,0,0,0,0
37449,1,0,0,0,0
37450,1,0,0,0,0
37451,1,0,0,0,0
37452,1,0,0,0,0
37453,1,0,0,0,0
37454,1,0,0,0,0
37455,1,0,0,0,0
37456,1,0,0,0,0
37457,1,0,0,0,0
37458,1,0,0,0,0
37459,1,0,0,0,0
37460,1,0,0,0,0
37461,1,0,0,0,0
37462,1,0,0,0,0
37463,1,0,0,0,0
37464,1,0,0,0,0
37465,1,0,0,0,0
37466,1,0,0,0,0
37467,1,0,0,0,0
37468,1,0,0,0,0
37469,1,0,0,0,0
37470,1,0,0,0,0
37471,1,0,0,0,0
37472,1,0,0,0,0
37473,1,0,0,0,0
37474,1,0,0,0,0
37475,0,0,0,0,1
37476,0,0,0,0,1
37477,0,0,0,0,1
37478,0,0,0,0,1
37479,0,0,0,0,1
37480,0,0,0,0,1
37481,0,0,0,0,1
37482,0,0,0,0,1
37483,0,0,0,0,1
37484,0,0,0,0,1
37485,0,0,0,0,1
37486,0,0,0,0,1
37487,0,0,0,0,1
37488,0,0,0,0,1
37489,0,0,0,0,1
37490,0,0,0,0,1
37491,0,0,0,0,1
37492,0,0,0,0,1
37493,0,0,0,0,1
37494,0,0,0,0,1
37495,0,0,0,0,1
37496,0,0,0,0,1
37497,0,0,0,0,1
37498,0,0,0,0,1
37499,0,0,0,0,1
37500,0,0,0,0,1
37501,0,0,0,0,1
37502,0,0,0,0,1
37503,0,0,0,0,1
37504,0,0,0,0,1
37505,0,0,0,0,1
37506,0,0,0,0,1
37507,0,0,0,0,1
37508,0,0,0,0,1
37509,0,0,0,0,1
37510,0,0,0,0,1
37511,0,0,0,0,1
37512,0,0,0,0,1
37513,0,0,0,0,1
37514,0,0,0,0,1
37515,0,0,0,0,1
37516,0,0,0,0,1
37517,0,0,0,0,1
37518,0,0,0,0,1
37519,0,0,0,0,1
37520,0,0,0,0,1
37521,0,0,0,0,1
37522,0,0,0,0,1
37523,0,0,0,0,1
37524,0,0,0,0,1
37525,0,0,0,0,1
37526,0,0,0,0,1
37527,0,0,0,0,1
37528,0,0,0,0,1
37529,0,0,0,0,1
37530,0,0,0,0,1
37531,0,0,0,0,1
37532,0,0,0,0,1
37533,0,0,0,0,1
37534,0,0,0,0,1
37535,0,0,0,0,1
37536,0,0,0,0,1
37537,0,0,0,0,1
37538,0,0,0,0,1
37539,0,0,0,0,1
37540,0,0,0,0,1
37541,0,0,0,0,1
37542,0,0,0,0,1
37543,0,0,0,0,1
37544,0,0,0,0,1
37545,0,0,0,0,1
37546,0,0,0,0,1
37547,0,0,0,0,1
37548,0,0,0,0,1
37549,0,0,0,0,1
37550,0,0,0,0,1
37551,0,0,0,0,1
37552,0,0,0,0,1
37553,0,0,0,0,1
37554,0,0,0,0,1
37555,0,0,0,0,1
37556,0,0,0,0,1
37557,0,0,0,0,1
37558,0,0,0,0,1
37559,0,0,0,0,1
37560,0,0,0,0,1
37561,0,0,0,0,1
37562,0,1,0,0,0
37563,0,1,0,0,0
37564,0,1,0,0,0
37565,0,1,0,0,0
37566,0,1,0,0,0
37567,0,1,0,0,0
37568,0,1,0,0,0
37569,0,1,0,0,0
37570,0,1,0,0,0
37571,0,1,0,0,0
37572,0,1,0,0,0
37573,0,1,0,0,0
37574,0,1,0,0,0
37575,0,1,0,0,0
37576,0,1,0,0,0
37577,0,1,0,0,0
37578,0,1,0,0,0
37579,0,1,0,0,0
37580,0,1,0,0,0
37581,0,1,0,0,0
37582,0,1,0,0,0
37583,0,1,0,0,0
37584,0,1,0,0,0
37585,0,1,0,0,0
37586,0,1,0,0,0
37587,0,1,0,0,0
37588,0,1,0,0,0
37589,0,1,0,0,0
37590,0,1,0,0,0
37591,0,1,0,0,0
37592,0,1,0,0,0
37593,0,1,0,0,0
37594,0,1,0,0,0
37595,0,1,0,0,0
37596,0,1,0,0,0
37597,0,1,0,0,0
37598,0,1,0,0,0
37599,0,1,0,0,0
37600,0,1,0,0,0
37601,0,1,0,0,0
37602,0,1,0,0,0
37603,0,1,0,0,0
37604,0,1,0,0,0
37605,0,1,0,0,0
37606,0,1,0,0,0
37607,0,1,0,0,0
37608,0,1,0,0,0
37609,0,1,0,0,0
37610,0,1,0,0,0
37611,0,1,0,0,0
37612,0,1,0,0,0
37613,0,1,0,0,0
37614,0,1,0,0,0
37615,0,1,0,0,0
37616,0,1,0,0,0
37617,0,1,0,0,0
37618,0,1,0,0,0
37619,0,1,0,0,0
37620,0,1,0,0,0
37621,0,1,0,0,0
37622,0,1,0,0,0
37623,0,1,0,0,0
37624,0,1,0,0,0
37625,0,1,0,0,0
37626,0,1,0,0,0
37627,0,1,0,0,0
37628,0,1,0,0,0
37629,0,1,0,0,0
37630,0,0,0,0,1
37631,0,0,0,0,1
37632,0,0,0,0,1
37633,0,0,0,0,1
37634,0,0,0,0,1
37635,0,0,0,0,1
37636,0,0,0,0,1
37637,0,0,0,0,1
37638,0,0,0,0,1
37639,0,0,0,0,1
37640,0,0,0,0,1
37641,0,0,0,0,1
37642,0,0,0,0,1
37643,0,0,0,0,1
37644,0,0,0,0,1
37645,0,0,0,0,1
37646,0,0,0,0,1
37647,0,0,0,0,1
37648,0,0,0,0,1
37649,0,0,0,0,1
37650,0,0,0,0,1
37651,0,0,0,0,1
37652,0,0,0,0,1
37653,0,0,0,0,1
37654,0,0,0,0,1
37655,0,0,0,0,1
37656,0,0,0,0,1
37657,0,0,0,0,1
37658,0,0,0,0,1
37659,0,0,0,0,1
37660,0,0,0,0,1
37661,0,0,0,0,1
37662,0,0,0,0,1
37663,0,0,0,0,1
37664,0,0,0,0,1
37665,0,0,0,0,1
37666,0,0,0,0,1
37667,0,0,0,0,1
37668,0,0,0,0,1
37669,0,0,0,0,1
37670,0,0,0,0,1
37671,0,0,0,0,1
37672,0,0,0,0,1
37673,0,0,0,0,1
37674,0,0,0,0,1
37675,0,0,0,0,1
37676,0,0,0,0,1
37677,0,0,0,0,1
37678,0,0,0,0,1
37679,0,0,0,0,1
37680,0,0,0,0,1
37681,0,0,0,0,1
37682,0,0,0,0,1
37683,0,0,0,0,1
37684,0,0,0,0,1
37685,0,0,0,0,1
37686,0,0,0,0,1
37687,0,0,0,0,1
37688,0,0,0,0,1
37689,0,0,0,0,1
37690,0,0,0,0,1
37691,0,0,0,0,1
37692,0,0,0,0,1
37693,0,0,0,0,1
37694,0,0,0,0,1
37695,0,0,0,0,1
37696,0,0,0,0,1
37697,0,0,0,0,1
37698,0,0,0,0,1
37699,0,0,0,0,1
37700,0,0,0,0,1
37701,0,0,0,0,1
37702,0,0,0,0,1
37703,0,0,0,0,1
37704,0,0,0,0,1
37705,0,0,0,0,1
37706,0,0,0,0,1
37707,0,0,0,0,1
37708,0,0,0,0,1
37709,0,0,0,0,1
37710,0,0,0,0,1
37711,0,0,0,0,1
37712,0,0,0,0,1
37713,0,0,0,0,1
37714,0,0,0,0,1
37715,0,0,0,0,1
37716,0,0,0,0,1
37717,0,0,0,0,1
37718,0,0,0,0,1
37719,0,0,0,0,1
37720,0,0,0,0,1
37721,0,0,0,0,1
37722,0,0,0,0,1
37723,0,0,0,0,1
37724,0,0,0,0,1
37725,0,0,0,0,1
37726,0,0,0,0,1
37727,0,0,0,0,1
37728,0,0,0,0,1
37729,0,0,0,0,1
37730,0,0,0,0,1
37731,0,0,0,0,1
37732,0,0,0,0,1
37733,0,0,0,0,1
37734,0,0,0,0,1
37735,0,0,0,0,1
37736,0,0,0,0,1
37737,0,0,0,0,1
37738,0,0,0,0,1
37739,0,0,0,0,1
37740,0,0,0,0,1
37741,0,0,0,0,1
37742,0,0,0,0,1
37743,0,0,0,0,1
37744,0,0,0,0,1
37745,0,0,0,0,1
37746,0,0,0,0,1
37747,0,0,0,0,1
37748,0,0,0,0,1
37749,0,0,0,0,1
37750,0,0,0,0,1
37751,0,0,0,0,1
37752,0,0,0,0,1
37753,0,0,0,0,1
37754,0,0,0,0,1
37755,0,0,0,0,1
37756,0,0,0,0,1
37757,0,0,0,0,1
37758,0,0,0,0,1
37759,0,0,0,0,1
37760,0,0,0,0,1
37761,0,0,0,0,1
37762,0,0,0,0,1
37763,0,0,0,0,1
37764,0,0,0,0,1
37765,0,0,0,0,1
37766,0,0,0,0,1
37767,0,0,0,0,1
37768,0,0,0,0,1
37769,0,0,0,0,1
37770,1,0,0,0,0
37771,1,0,0,0,0
37772,1,0,0,0,0
37773,1,0,0,0,0
37774,1,0,0,0,0
37775,1,0,0,0,0
37776,1,0,0,0,0
37777,1,0,0,0,0
37778,1,0,0,0,0
37779,1,0,0,0,0
37780,1,0,0,0,0
37781,1,0,0,0,0
37782,1,0,0,0,0
37783,1,0,0,0,0
37784,1,0,0,0,0
37785,1,0,0,0,0
37786,1,0,0,0,0
37787,1,0,0,0,0
37788,1,0,0,0,0
37789,1,0,0,0,0
37790,1,0,0,0,0
37791,1,0,0,0,0
37792,1,0,0,0,0
37793,1,0,0,0,0
37794,1,0,0,0,0
37795,1,0,0,0,0
37796,1,0,0,0,0
37797,1,0,0,0,0
37798,1,0,0,0,0
37799,1,0,0,0,0
37800,1,0,0,0,0
37801,1,0,0,0,0
37802,1,0,0,0,0
37803,1,0,0,0,0
37804,1,0,0,0,0
37805,1,0,0,0,0
37806,1,0,0,0,0
37807,1,0,0,0,0
37808,1,0,0,0,0
37809,1,0,0,0,0
37810,1,0,0,0,0
37811,1,0,0,0,0
37812,1,0,0,0,0
37813,1,0,0,0,0
37814,1,0,0,0,0
37815,1,0,0,0,0
37816,1,0,0,0,0
37817,1,0,0,0,0
37818,1,0,0,0,0
37819,1,0,0,0,0
37820,1,0,0,0,0
37821,1,0,0,0,0
37822,1,0,0,0,0
37823,1,0,0,0,0
37824,1,0,0,0,0
37825,1,0,0,0,0
37826,1,0,0,0,0
37827,1,0,0,0,0
37828,1,0,0,0,0
37829,1,0,0,0,0
37830,1,0,0,0,0
37831,1,0,0,0,0
37832,1,0,0,0,0
37833,1,0,0,0,0
37834,1,0,0,0,0
37835,1,0,0,0,0
37836,1,0,0,0,0
37837,1,0,0,0,0
37838,1,0,0,0,0
37839,1,0,0,0,0
37840,1,0,0,0,0
37841,1,0,0,0,0
37842,1,0,0,0,0
37843,1,0,0,0,0
37844,1,0,0,0,0
37845,1,0,0,0,0
37846,1,0,0,0,0
37847,1,0,0,0,0
37848,1,0,0,0,0
37849,1,0,0,0,0
37850,1,0,0,0,0
37851,1,0,0,0,0
37852,1,0,0,0,0
37853,1,0,0,0,0
37854,1,0,0,0,0
37855,1,0,0,0,0
37856,1,0,0,0,0
37857,1,0,0,0,0
37858,1,0,0,0,0
37859,1,0,0,0,0
37860,1,0,0,0,0
37861,1,0,0,0,0
37862,1,0,0,0,0
37863,1,0,0,0,0
37864,1,0,0,0,0
37865,1,0,0,0,0
37866,1,0,0,0,0
37867,1,0,0,0,0
37868,1,0,0,0,0
37869,1,0,0,0,0
37870,1,0,0,0,0
37871,0,0,0,0,1
37872,0,0,0,0,1
37873,0,0,0,0,1
37874,0,0,0,0,1
37875,0,0,0,0,1
37876,0,0,0,0,1
37877,0,0,0,0,1
37878,0,0,0,0,1
37879,0,0,0,0,1
37880,0,0,0,0,1
37881,0,0,0,0,1
37882,0,0,0,0,1
37883,0,0,0,0,1
37884,0,0,0,0,1
37885,0,0,0,0,1
37886,0,0,0,0,1
37887,0,0,0,0,1
37888,0,0,0,0,1
37889,0,0,0,0,1
37890,0,0,0,0,1
37891,0,0,0,0,1
37892,0,0,0,0,1
37893,0,0,0,0,1
37894,0,0,0,0,1
37895,1,0,0,0,0
37896,1,0,0,0,0
37897,1,0,0,0,0
37898,1,0,0,0,0
37899,1,0,0,0,0
37900,1,0,0,0,0
37901,1,0,0,0,0
37902,1,0,0,0,0
37903,1,0,0,0,0
37904,1,0,0,0,0
37905,1,0,0,0,0
37906,1,0,0,0,0
37907,1,0,0,0,0
37908,1,0,0,0,0
37909,1,0,0,0,0
37910,1,0,0,0,0
37911,1,0,0,0,0
37912,1,0,0,0,0
37913,1,0,0,0,0
37914,1,0,0,0,0
37915,1,0,0,0,0
37916,1,0,0,0,0
37917,1,0,0,0,0
37918,1,0,0,0,0
37919,1,0,0,0,0
37920,1,0,0,0,0
37921,1,0,0,0,0
37922,1,0,0,0,0
37923,1,0,0,0,0
37924,1,0,0,0,0
37925,1,0,0,0,0
37926,1,0,0,0,0
37927,1,0,0,0,0
37928,1,0,0,0,0
37929,1,0,0,0,0
37930,1,0,0,0,0
37931,1,0,0,0,0
37932,1,0,0,0,0
37933,1,0,0,0,0
37934,1,0,0,0,0
37935,1,0,0,0,0
37936,1,0,0,0,0
37937,1,0,0,0,0
37938,1,0,0,0,0
37939,1,0,0,0,0
37940,1,0,0,0,0
37941,1,0,0,0,0
37942,1,0,0,0,0
37943,1,0,0,0,0
37944,1,0,0,0,0
37945,1,0,0,0,0
37946,1,0,0,0,0
37947,1,0,0,0,0
37948,1,0,0,0,0
37949,1,0,0,0,0
37950,1,0,0,0,0
37951,1,0,0,0,0
37952,1,0,0,0,0
37953,1,0,0,0,0
37954,1,0,0,0,0
37955,1,0,0,0,0
37956,1,0,0,0,0
37957,1,0,0,0,0
37958,1,0,0,0,0
37959,1,0,0,0,0
37960,0,0,0,0,1
37961,0,0,0,0,1
37962,0,0,0,0,1
37963,0,0,0,0,1
37964,0,0,0,0,1
37965,0,0,0,0,1
37966,0,0,0,0,1
37967,0,0,0,0,1
37968,0,0,0,0,1
37969,0,0,0,0,1
37970,0,0,0,0,1
37971,0,0,0,0,1
37972,0,0,0,0,1
37973,0,0,0,0,1
37974,0,0,0,0,1
37975,0,0,0,0,1
37976,0,0,0,0,1
37977,0,0,0,0,1
37978,0,0,0,0,1
37979,0,0,0,0,1
37980,0,0,0,0,1
37981,0,0,0,0,1
37982,0,0,0,0,1
37983,0,0,0,0,1
37984,0,0,0,0,1
37985,0,0,0,0,1
37986,0,0,0,0,1
37987,0,0,0,0,1
37988,0,0,0,0,1
37989,0,0,0,0,1
37990,0,0,0,0,1
37991,0,0,0,0,1
37992,0,0,0,0,1
37993,0,0,0,0,1
37994,0,0,0,0,1
37995,0,0,0,0,1
37996,0,0,0,0,1
37997,0,0,0,0,1
37998,0,0,0,0,1
37999,0,0,0,0,1
38000,0,0,0,0,1
38001,0,0,0,0,1
38002,0,0,0,0,1
38003,0,0,0,0,1
38004,0,0,0,0,1
38005,0,0,0,0,1
38006,0,0,0,0,1
38007,0,0,0,0,1
38008,0,0,0,0,1
38009,0,0,0,0,1
38010,0,0,0,0,1
38011,0,0,0,0,1
38012,0,0,0,0,1
38013,0,0,0,0,1
38014,0,0,0,0,1
38015,0,0,0,0,1
38016,0,0,0,0,1
38017,0,0,0,0,1
38018,0,0,0,0,1
38019,0,0,0,0,1
38020,0,0,0,0,1
38021,0,0,0,0,1
38022,0,0,0,0,1
38023,0,0,0,0,1
38024,0,0,0,0,1
38025,0,0,0,0,1
38026,0,0,0,0,1
38027,0,0,0,0,1
38028,0,0,0,0,1
38029,0,0,0,0,1
38030,0,0,0,0,1
38031,0,0,0,0,1
38032,0,0,0,0,1
38033,0,0,0,0,1
38034,0,0,0,0,1
38035,0,0,0,0,1
38036,0,0,0,0,1
38037,0,0,0,0,1
38038,0,0,0,0,1
38039,0,0,0,0,1
38040,0,0,0,0,1
38041,0,0,0,0,1
38042,0,0,0,0,1
38043,0,0,0,0,1
38044,0,0,0,0,1
38045,0,0,0,0,1
38046,0,0,0,0,1
38047,0,0,0,0,1
38048,0,0,0,0,1
38049,0,0,0,0,1
38050,0,0,0,0,1
38051,0,0,0,0,1
38052,0,0,0,0,1
38053,0,0,0,0,1
38054,0,0,0,0,1
38055,0,0,0,0,1
38056,0,0,0,0,1
38057,0,0,0,0,1
38058,0,0,0,0,1
38059,0,0,0,0,1
38060,0,0,0,0,1
38061,0,0,0,0,1
38062,0,0,0,0,1
38063,0,0,0,0,1
38064,0,0,0,0,1
38065,0,0,0,0,1
38066,0,0,0,0,1
38067,0,0,0,0,1
38068,0,0,0,0,1
38069,0,0,0,0,1
38070,0,0,0,0,1
38071,0,0,0,0,1
38072,0,0,0,0,1
38073,0,0,0,0,1
38074,0,0,0,0,1
38075,0,0,0,0,1
38076,0,0,0,0,1
38077,0,0,0,0,1
38078,0,0,0,0,1
38079,0,0,0,0,1
38080,0,0,0,0,1
38081,0,0,0,0,1
38082,0,0,0,0,1
38083,0,0,0,0,1
38084,0,0,0,0,1
38085,0,0,0,0,1
38086,0,0,0,0,1
38087,0,0,0,0,1
38088,0,0,0,0,1
38089,0,0,0,0,1
38090,0,0,0,0,1
38091,0,0,0,0,1
38092,0,0,0,0,1
38093,0,0,0,0,1
38094,0,0,0,0,1
38095,0,0,0,0,1
38096,0,0,0,0,1
38097,0,0,0,0,1
38098,0,0,0,0,1
38099,0,0,0,0,1
38100,0,0,0,0,1
38101,0,0,0,0,1
38102,0,0,0,0,1
38103,0,0,0,0,1
38104,0,0,0,0,1
38105,0,0,0,0,1
38106,0,0,0,0,1
38107,0,0,0,0,1
38108,0,0,0,0,1
38109,0,0,0,0,1
38110,0,0,0,0,1
38111,0,0,0,0,1
38112,0,0,0,0,1
38113,0,0,0,0,1
38114,0,0,0,0,1
38115,0,0,0,0,1
38116,0,0,0,0,1
38117,0,0,0,0,1
38118,0,0,0,0,1
38119,0,0,0,0,1
38120,0,0,0,0,1
38121,0,0,0,0,1
38122,0,0,0,0,1
38123,0,0,0,0,1
38124,0,0,0,0,1
38125,0,0,0,0,1
38126,0,0,0,0,1
38127,0,0,0,0,1
38128,0,0,0,0,1
38129,0,0,0,0,1
38130,0,0,0,0,1
38131,0,0,0,0,1
38132,0,0,0,0,1
38133,0,0,0,0,1
38134,0,0,0,0,1
38135,0,0,0,0,1
38136,0,0,0,0,1
38137,0,0,0,0,1
38138,0,0,0,0,1
38139,0,0,0,0,1
38140,0,0,0,0,1
38141,0,0,0,0,1
38142,0,0,0,0,1
38143,0,0,0,0,1
38144,0,0,0,0,1
38145,0,0,0,0,1
38146,0,0,0,0,1
38147,0,0,0,0,1
38148,0,0,0,0,1
38149,0,0,0,0,1
38150,0,0,0,0,1
38151,0,0,0,0,1
38152,0,0,0,0,1
38153,0,0,0,0,1
38154,0,0,0,0,1
38155,0,0,0,0,1
38156,0,0,0,0,1
38157,0,0,0,0,1
38158,0,0,0,0,1
38159,0,0,0,0,1
38160,0,0,0,0,1
38161,0,0,0,0,1
38162,0,0,0,0,1
38163,0,0,0,0,1
38164,0,0,0,0,1
38165,0,0,0,0,1
38166,0,0,0,0,1
38167,0,0,0,0,1
38168,0,0,0,0,1
38169,0,0,0,0,1
38170,0,0,0,0,1
38171,0,0,0,0,1
38172,0,0,0,0,1
38173,0,0,0,0,1
38174,0,0,0,0,1
38175,0,0,0,0,1
38176,0,0,0,0,1
38177,0,0,0,0,1
38178,0,0,0,0,1
38179,0,0,0,0,1
38180,0,0,0,0,1
38181,0,0,0,0,1
38182,0,0,0,0,1
38183,0,0,0,0,1
38184,0,0,0,0,1
38185,0,0,0,0,1
38186,0,0,0,0,1
38187,0,0,0,0,1
38188,0,0,0,0,1
38189,0,0,0,0,1
38190,0,0,0,0,1
38191,0,0,0,0,1
38192,0,0,0,0,1
38193,0,0,0,0,1
38194,0,0,0,0,1
38195,0,0,0,0,1
38196,0,0,0,0,1
38197,0,0,0,0,1
38198,0,0,0,0,1
38199,0,0,0,0,1
38200,0,0,0,0,1
38201,0,0,0,0,1
38202,0,0,0,0,1
38203,0,0,0,0,1
38204,0,0,0,0,1
38205,0,0,0,0,1
38206,0,0,0,0,1
38207,0,0,0,0,1
38208,0,0,0,0,1
38209,0,0,0,0,1
38210,0,0,0,0,1
38211,0,0,0,0,1
38212,0,0,0,0,1
38213,0,0,0,0,1
38214,0,0,0,0,1
38215,0,0,0,0,1
38216,0,0,0,0,1
38217,0,0,0,0,1
38218,0,0,0,0,1
38219,0,0,0,0,1
38220,0,0,0,0,1
38221,0,0,0,0,1
38222,0,0,0,0,1
38223,0,0,0,0,1
38224,0,0,0,0,1
38225,0,0,0,0,1
38226,0,0,0,1,0
38227,0,0,0,1,0
38228,0,0,0,1,0
38229,0,0,0,1,0
38230,0,0,0,1,0
38231,0,0,0,1,0
38232,0,0,0,1,0
38233,0,0,0,1,0
38234,0,0,0,1,0
38235,0,0,0,1,0
38236,0,0,0,0,1
38237,0,0,0,0,1
38238,0,0,0,0,1
38239,0,0,0,0,1
38240,0,0,0,0,1
38241,0,0,0,0,1
38242,0,0,0,0,1
38243,0,0,0,0,1
38244,0,0,0,0,1
38245,0,0,0,0,1
38246,0,0,0,0,1
38247,0,0,0,0,1
38248,0,0,0,0,1
38249,0,0,0,0,1
38250,0,0,0,0,1
38251,0,0,0,0,1
38252,0,0,0,0,1
38253,0,0,0,0,1
38254,0,0,0,0,1
38255,0,0,0,0,1
38256,0,0,0,0,1
38257,0,0,0,0,1
38258,0,0,0,0,1
38259,0,0,0,0,1
38260,0,0,0,0,1
38261,0,0,0,0,1
38262,0,0,0,0,1
38263,0,0,0,0,1
38264,0,0,0,0,1
38265,0,0,0,0,1
38266,0,0,0,0,1
38267,0,0,0,0,1
38268,0,0,0,0,1
38269,0,0,0,0,1
38270,0,0,0,0,1
38271,0,0,0,0,1
38272,0,0,0,0,1
38273,0,0,0,0,1
38274,0,0,0,0,1
38275,0,0,0,0,1
38276,0,0,0,0,1
38277,0,0,0,0,1
38278,0,0,0,0,1
38279,0,0,0,0,1
38280,0,0,0,0,1
38281,0,0,0,0,1
38282,0,0,0,0,1
38283,0,0,0,0,1
38284,0,0,0,0,1
38285,0,0,0,0,1
38286,0,0,0,0,1
38287,0,0,0,0,1
38288,0,0,0,0,1
38289,0,0,0,0,1
38290,0,0,0,0,1
38291,0,0,0,0,1
38292,0,0,0,0,1
38293,0,0,0,0,1
38294,1,0,0,0,0
38295,1,0,0,0,0
38296,1,0,0,0,0
38297,1,0,0,0,0
38298,1,0,0,0,0
38299,1,0,0,0,0
38300,1,0,0,0,0
38301,1,0,0,0,0
38302,1,0,0,0,0
38303,1,0,0,0,0
38304,1,0,0,0,0
38305,1,0,0,0,0
38306,1,0,0,0,0
38307,1,0,0,0,0
38308,1,0,0,0,0
38309,1,0,0,0,0
38310,1,0,0,0,0
38311,1,0,0,0,0
38312,1,0,0,0,0
38313,1,0,0,0,0
38314,1,0,0,0,0
38315,1,0,0,0,0
38316,1,0,0,0,0
38317,1,0,0,0,0
38318,1,0,0,0,0
38319,1,0,0,0,0
38320,1,0,0,0,0
38321,1,0,0,0,0
38322,1,0,0,0,0
38323,0,0,0,0,1
38324,0,0,0,0,1
38325,0,0,0,0,1
38326,0,0,0,0,1
38327,0,0,0,0,1
38328,0,0,0,0,1
38329,0,0,0,0,1
38330,0,0,0,0,1
38331,0,0,0,0,1
38332,0,0,0,0,1
38333,0,0,0,0,1
38334,0,0,1,0,0
38335,0,0,1,0,0
38336,0,0,1,0,0
38337,0,0,1,0,0
38338,0,0,1,0,0
38339,0,0,1,0,0
38340,0,0,1,0,0
38341,0,0,1,0,0
38342,0,0,1,0,0
38343,0,0,1,0,0
38344,0,0,1,0,0
38345,0,0,1,0,0
38346,0,0,1,0,0
38347,0,0,1,0,0
38348,0,0,1,0,0
38349,0,0,1,0,0
38350,0,0,1,0,0
38351,0,0,1,0,0
38352,0,0,1,0,0
38353,0,0,1,0,0
38354,0,0,1,0,0
38355,0,0,1,0,0
38356,0,0,1,0,0
38357,0,0,1,0,0
38358,0,0,1,0,0
38359,0,0,1,0,0
38360,0,0,1,0,0
38361,0,0,1,0,0
38362,0,0,1,0,0
38363,0,0,1,0,0
38364,0,0,1,0,0
38365,0,0,1,0,0
38366,0,0,1,0,0
38367,0,0,1,0,0
38368,0,0,1,0,0
38369,0,0,1,0,0
38370,0,0,1,0,0
38371,0,0,1,0,0
38372,0,0,1,0,0
38373,0,0,1,0,0
38374,0,0,1,0,0
38375,0,0,1,0,0
38376,0,0,1,0,0
38377,0,0,1,0,0
38378,0,0,1,0,0
38379,0,0,1,0,0
38380,0,0,1,0,0
38381,0,0,1,0,0
38382,0,0,1,0,0
38383,0,0,1,0,0
38384,0,0,1,0,0
38385,0,0,1,0,0
38386,0,0,1,0,0
38387,0,0,1,0,0
38388,0,0,1,0,0
38389,0,0,1,0,0
38390,0,0,1,0,0
38391,0,0,1,0,0
38392,0,0,1,0,0
38393,0,0,1,0,0
38394,0,0,1,0,0
38395,0,0,1,0,0
38396,0,0,1,0,0
38397,0,0,1,0,0
38398,0,0,1,0,0
38399,0,0,1,0,0
38400,0,0,1,0,0
38401,0,0,1,0,0
38402,0,0,1,0,0
38403,0,0,1,0,0
38404,0,0,1,0,0
38405,0,0,1,0,0
38406,0,0,1,0,0
38407,0,0,1,0,0
38408,0,0,1,0,0
38409,0,0,1,0,0
38410,0,0,1,0,0
38411,0,0,1,0,0
38412,0,0,1,0,0
38413,0,0,1,0,0
38414,0,0,1,0,0
38415,0,0,1,0,0
38416,0,0,1,0,0
38417,0,0,1,0,0
38418,0,0,1,0,0
38419,0,0,1,0,0
38420,0,0,1,0,0
38421,0,0,1,0,0
38422,0,0,1,0,0
38423,0,0,1,0,0
38424,0,0,1,0,0
38425,0,0,1,0,0
38426,0,0,1,0,0
38427,0,0,1,0,0
38428,0,0,1,0,0
38429,0,0,1,0,0
38430,0,0,1,0,0
38431,0,0,1,0,0
38432,0,0,1,0,0
38433,0,0,1,0,0
38434,0,0,1,0,0
38435,0,0,1,0,0
38436,0,0,1,0,0
38437,0,0,1,0,0
38438,0,0,1,0,0
38439,0,0,1,0,0
38440,0,0,1,0,0
38441,0,0,1,0,0
38442,0,0,1,0,0
38443,0,0,1,0,0
38444,0,0,1,0,0
38445,0,0,1,0,0
38446,0,0,1,0,0
38447,0,0,1,0,0
38448,0,0,1,0,0
38449,0,0,1,0,0
38450,0,0,1,0,0
38451,0,0,1,0,0
38452,0,0,1,0,0
38453,0,0,1,0,0
38454,0,0,1,0,0
38455,0,0,1,0,0
38456,0,0,1,0,0
38457,0,0,1,0,0
38458,0,0,1,0,0
38459,0,0,1,0,0
38460,0,0,1,0,0
38461,0,0,1,0,0
38462,0,0,1,0,0
38463,0,0,1,0,0
38464,0,0,1,0,0
38465,0,0,1,0,0
38466,0,0,1,0,0
38467,0,0,1,0,0
38468,0,0,1,0,0
38469,0,0,1,0,0
38470,0,0,1,0,0
38471,0,0,1,0,0
38472,0,0,1,0,0
38473,0,0,1,0,0
38474,0,0,1,0,0
38475,0,0,1,0,0
38476,0,0,1,0,0
38477,0,0,1,0,0
38478,0,0,1,0,0
38479,0,0,1,0,0
38480,0,0,1,0,0
38481,0,0,1,0,0
38482,0,0,1,0,0
38483,0,0,1,0,0
38484,0,0,1,0,0
38485,0,0,1,0,0
38486,0,0,0,0,1
38487,0,0,0,0,1
38488,0,0,0,0,1
38489,0,0,0,0,1
38490,0,0,0,0,1
38491,0,0,0,0,1
38492,0,0,0,0,1
38493,0,0,0,0,1
38494,0,0,0,0,1
38495,0,0,0,0,1
38496,0,0,0,0,1
38497,0,0,0,0,1
38498,0,0,0,0,1
38499,0,0,0,0,1
38500,0,0,0,0,1
38501,0,0,0,0,1
38502,0,0,0,0,1
38503,0,0,0,0,1
38504,0,0,0,0,1
38505,0,0,0,0,1
38506,0,0,0,0,1
38507,0,0,0,0,1
38508,0,0,0,0,1
38509,0,0,0,0,1
38510,0,0,0,0,1
38511,0,0,0,0,1
38512,0,0,0,0,1
38513,0,0,0,0,1
38514,0,0,0,0,1
38515,0,0,0,0,1
38516,0,0,0,0,1
38517,0,0,0,0,1
38518,0,0,0,0,1
38519,0,0,0,0,1
38520,0,0,0,0,1
38521,0,0,0,0,1
38522,0,0,0,0,1
38523,0,0,0,0,1
38524,0,0,0,0,1
38525,0,0,0,0,1
38526,0,0,0,0,1
38527,0,0,0,0,1
38528,0,0,0,0,1
38529,0,0,0,0,1
38530,0,0,0,0,1
38531,0,0,0,0,1
38532,0,0,0,0,1
38533,0,0,0,0,1
38534,0,0,0,0,1
38535,0,0,0,0,1
38536,0,0,0,0,1
38537,0,0,0,0,1
38538,0,0,0,0,1
38539,0,0,0,0,1
38540,0,0,0,0,1
38541,0,0,0,0,1
38542,0,0,0,0,1
38543,0,0,0,0,1
38544,0,0,0,0,1
38545,0,0,0,0,1
38546,0,0,0,0,1
38547,0,0,0,0,1
38548,0,0,0,0,1
38549,0,0,0,0,1
38550,0,0,0,0,1
38551,0,0,0,0,1
38552,0,0,0,0,1
38553,0,0,0,0,1
38554,0,0,0,0,1
38555,0,0,0,0,1
38556,0,0,0,0,1
38557,0,0,0,0,1
38558,0,0,0,0,1
38559,0,0,0,0,1
38560,0,0,0,0,1
38561,0,0,0,0,1
38562,0,0,0,0,1
38563,0,0,0,0,1
38564,0,0,0,0,1
38565,0,0,0,0,1
38566,0,0,0,0,1
38567,0,0,0,0,1
38568,0,0,0,0,1
38569,0,0,0,0,1
38570,0,0,0,0,1
38571,0,0,0,0,1
38572,0,0,0,0,1
38573,0,0,0,0,1
38574,0,0,0,0,1
38575,0,0,0,0,1
38576,0,0,0,0,1
38577,0,0,0,0,1
38578,0,0,0,0,1
38579,0,0,0,0,1
38580,0,0,0,0,1
38581,0,0,0,0,1
38582,0,0,0,0,1
38583,0,0,0,0,1
38584,0,0,0,0,1
38585,0,0,0,0,1
38586,0,0,0,0,1
38587,0,0,0,0,1
38588,0,0,0,0,1
38589,0,0,0,0,1
38590,0,0,0,0,1
38591,0,0,0,0,1
38592,0,0,0,0,1
38593,0,0,0,0,1
38594,0,0,0,0,1
38595,0,0,0,0,1
38596,0,0,0,0,1
38597,0,0,0,0,1
38598,0,0,0,0,1
38599,0,0,0,0,1
38600,0,0,0,0,1
38601,0,0,0,0,1
38602,0,0,0,0,1
38603,0,0,0,0,1
38604,0,0,0,0,1
38605,0,0,0,0,1
38606,0,0,0,0,1
38607,0,0,0,0,1
38608,0,0,0,0,1
38609,0,0,0,0,1
38610,0,0,0,0,1
38611,0,0,0,0,1
38612,0,0,0,0,1
38613,0,0,0,0,1
38614,0,0,0,0,1
38615,0,0,0,0,1
38616,0,0,0,0,1
38617,0,0,0,0,1
38618,0,0,0,0,1
38619,0,0,0,0,1
38620,0,0,0,0,1
38621,0,0,0,0,1
38622,0,0,0,0,1
38623,0,0,0,0,1
38624,0,0,0,0,1
38625,0,0,0,0,1
38626,0,0,0,0,1
38627,0,0,0,0,1
38628,0,0,0,0,1
38629,0,0,0,0,1
38630,0,0,0,0,1
38631,0,0,0,0,1
38632,0,0,0,0,1
38633,0,0,0,0,1
38634,0,0,0,0,1
38635,0,0,0,0,1
38636,0,0,0,0,1
38637,0,0,0,0,1
38638,0,0,0,0,1
38639,0,0,0,0,1
38640,0,0,0,0,1
38641,0,0,0,0,1
38642,0,0,0,0,1
38643,0,0,0,0,1
38644,0,0,0,0,1
38645,0,0,0,0,1
38646,0,0,0,0,1
38647,0,0,0,0,1
38648,0,0,0,0,1
38649,0,0,0,0,1
38650,0,1,0,0,0
38651,0,1,0,0,0
38652,0,1,0,0,0
38653,0,1,0,0,0
38654,0,1,0,0,0
38655,0,1,0,0,0
38656,0,1,0,0,0
38657,0,1,0,0,0
38658,0,1,0,0,0
38659,0,1,0,0,0
38660,0,1,0,0,0
38661,0,1,0,0,0
38662,0,1,0,0,0
38663,0,1,0,0,0
38664,0,1,0,0,0
38665,0,1,0,0,0
38666,0,1,0,0,0
38667,0,1,0,0,0
38668,0,1,0,0,0
38669,0,1,0,0,0
38670,0,1,0,0,0
38671,0,1,0,0,0
38672,0,1,0,0,0
38673,0,1,0,0,0
38674,0,1,0,0,0
38675,0,1,0,0,0
38676,0,1,0,0,0
38677,0,1,0,0,0
38678,0,1,0,0,0
38679,0,1,0,0,0
38680,0,1,0,0,0
38681,0,1,0,0,0
38682,0,1,0,0,0
38683,0,1,0,0,0
38684,0,1,0,0,0
38685,0,1,0,0,0
38686,0,1,0,0,0
38687,0,1,0,0,0
38688,0,1,0,0,0
38689,0,1,0,0,0
38690,0,1,0,0,0
38691,0,1,0,0,0
38692,0,1,0,0,0
38693,0,1,0,0,0
38694,0,1,0,0,0
38695,0,1,0,0,0
38696,0,0,0,0,1
38697,0,0,0,0,1
38698,0,0,0,0,1
38699,0,0,0,0,1
38700,0,0,0,0,1
38701,0,0,0,0,1
38702,0,0,0,0,1
38703,0,0,0,0,1
38704,0,0,0,0,1
38705,0,0,0,0,1
38706,0,0,0,0,1
38707,0,0,0,0,1
38708,0,0,0,0,1
38709,0,0,0,0,1
38710,0,0,0,0,1
38711,0,0,0,0,1
38712,0,0,0,0,1
38713,0,0,0,0,1
38714,0,0,0,0,1
38715,0,0,0,0,1
38716,0,0,0,0,1
38717,0,0,0,0,1
38718,0,0,0,0,1
38719,0,0,0,0,1
38720,0,0,0,0,1
38721,0,0,0,0,1
38722,0,0,0,0,1
38723,0,0,0,0,1
38724,0,0,0,0,1
38725,0,0,0,0,1
38726,0,0,0,0,1
38727,0,0,0,0,1
38728,0,0,0,0,1
38729,0,0,0,0,1
38730,0,0,0,0,1
38731,0,0,0,0,1
38732,0,0,0,0,1
38733,0,0,0,0,1
38734,0,0,0,0,1
38735,0,0,0,0,1
38736,0,0,0,0,1
38737,0,0,0,0,1
38738,0,0,0,0,1
38739,0,0,0,0,1
38740,0,0,0,0,1
38741,0,0,0,0,1
38742,0,0,0,0,1
38743,0,0,0,0,1
38744,0,0,0,0,1
38745,0,0,0,0,1
38746,0,0,0,0,1
38747,0,0,0,0,1
38748,0,0,0,0,1
38749,0,0,0,0,1
38750,0,0,0,0,1
38751,0,0,0,0,1
38752,0,0,0,0,1
38753,0,0,0,0,1
38754,0,0,0,0,1
38755,0,0,0,0,1
38756,0,0,0,0,1
38757,0,0,0,0,1
38758,0,0,0,0,1
38759,0,1,0,0,0
38760,0,1,0,0,0
38761,0,1,0,0,0
38762,0,1,0,0,0
38763,0,1,0,0,0
38764,0,1,0,0,0
38765,0,1,0,0,0
38766,0,1,0,0,0
38767,0,1,0,0,0
38768,0,1,0,0,0
38769,0,1,0,0,0
38770,0,1,0,0,0
38771,0,1,0,0,0
38772,0,1,0,0,0
38773,0,1,0,0,0
38774,0,1,0,0,0
38775,0,1,0,0,0
38776,0,1,0,0,0
38777,0,1,0,0,0
38778,0,1,0,0,0
38779,0,1,0,0,0
38780,0,1,0,0,0
38781,0,1,0,0,0
38782,0,1,0,0,0
38783,0,1,0,0,0
38784,0,1,0,0,0
38785,0,1,0,0,0
38786,0,1,0,0,0
38787,0,1,0,0,0
38788,0,1,0,0,0
38789,0,1,0,0,0
38790,0,0,0,0,1
38791,0,0,0,0,1
38792,0,0,0,0,1
38793,0,0,0,0,1
38794,0,0,0,0,1
38795,0,0,0,0,1
38796,0,0,0,0,1
38797,0,0,0,0,1
38798,0,0,0,0,1
38799,0,0,0,0,1
38800,0,0,0,0,1
38801,0,0,0,0,1
38802,0,0,0,0,1
38803,0,0,0,0,1
38804,0,0,0,0,1
38805,0,0,0,0,1
38806,0,0,0,0,1
38807,0,0,0,0,1
38808,0,0,0,0,1
38809,0,0,0,0,1
38810,0,0,0,0,1
38811,0,0,0,0,1
38812,0,0,0,0,1
38813,0,0,0,0,1
38814,0,0,0,0,1
38815,0,0,0,0,1
38816,0,0,0,0,1
38817,0,0,0,0,1
38818,0,0,0,0,1
38819,0,0,0,0,1
38820,0,0,0,0,1
38821,0,0,0,0,1
38822,0,0,0,0,1
38823,0,0,0,0,1
38824,0,0,0,0,1
38825,0,0,0,0,1
38826,0,0,0,0,1
38827,0,0,0,0,1
38828,0,0,0,0,1
38829,0,0,0,0,1
38830,0,0,0,0,1
38831,0,0,0,0,1
38832,0,0,0,0,1
38833,0,0,0,0,1
38834,0,0,0,0,1
38835,0,0,0,0,1
38836,0,0,0,0,1
38837,0,0,0,0,1
38838,0,0,0,0,1
38839,0,0,0,0,1
38840,0,0,0,0,1
38841,0,0,0,0,1
38842,0,0,0,0,1
38843,0,0,0,0,1
38844,0,0,0,0,1
38845,0,0,0,0,1
38846,0,0,0,0,1
38847,0,0,0,0,1
38848,0,0,0,0,1
38849,0,0,0,0,1
38850,0,0,0,0,1
38851,0,0,0,0,1
38852,0,0,0,0,1
38853,0,0,0,0,1
38854,0,0,0,0,1
38855,0,0,0,0,1
38856,0,0,0,0,1
38857,0,0,0,0,1
38858,0,0,0,0,1
38859,0,0,0,0,1
38860,0,0,0,0,1
38861,0,0,0,0,1
38862,0,0,0,0,1
38863,0,0,0,0,1
38864,0,0,0,0,1
38865,0,0,0,0,1
38866,0,0,0,0,1
38867,0,0,0,0,1
38868,0,0,0,0,1
38869,0,0,0,0,1
38870,0,0,0,0,1
38871,0,0,0,0,1
38872,0,0,0,0,1
38873,0,0,0,0,1
38874,0,0,0,0,1
38875,0,0,0,0,1
38876,0,0,0,0,1
38877,0,0,0,0,1
38878,0,0,0,0,1
38879,0,0,0,0,1
38880,0,0,0,0,1
38881,0,0,0,0,1
38882,0,0,0,0,1
38883,0,0,0,0,1
38884,0,0,0,0,1
38885,0,0,0,0,1
38886,0,0,0,0,1
38887,0,0,0,0,1
38888,0,0,0,0,1
38889,0,0,0,0,1
38890,0,0,0,0,1
38891,0,0,0,0,1
38892,0,0,0,0,1
38893,0,0,0,0,1
38894,0,0,0,0,1
38895,0,0,0,0,1
38896,0,0,0,0,1
38897,0,0,0,0,1
38898,0,0,0,0,1
38899,0,0,0,0,1
38900,0,0,0,0,1
38901,0,0,0,0,1
38902,0,0,0,0,1
38903,0,0,0,0,1
38904,0,0,0,0,1
38905,0,0,0,0,1
38906,0,0,0,0,1
38907,0,0,0,0,1
38908,0,0,0,0,1
38909,0,0,0,0,1
38910,0,0,0,0,1
38911,0,0,0,0,1
38912,0,0,0,0,1
38913,0,0,0,0,1
38914,0,0,0,0,1
38915,0,0,0,0,1
38916,0,0,0,0,1
38917,0,0,0,0,1
38918,0,0,0,0,1
38919,0,0,0,0,1
38920,0,0,0,0,1
38921,0,0,0,0,1
38922,0,0,0,0,1
38923,0,0,0,0,1
38924,0,0,0,0,1
38925,0,0,0,0,1
38926,0,0,0,0,1
38927,0,0,0,0,1
38928,0,0,0,0,1
38929,0,0,0,0,1
38930,0,0,0,0,1
38931,0,0,0,0,1
38932,0,0,0,0,1
38933,0,0,0,0,1
38934,0,0,0,0,1
38935,0,0,0,0,1
38936,0,0,0,0,1
38937,0,0,0,0,1
38938,0,0,0,0,1
38939,0,0,0,0,1
38940,0,0,0,0,1
38941,0,0,0,0,1
38942,0,0,0,0,1
38943,0,0,0,0,1
38944,0,0,0,0,1
38945,0,0,0,0,1
38946,0,0,0,0,1
38947,0,0,0,0,1
38948,0,0,0,0,1
38949,0,0,0,0,1
38950,0,0,0,0,1
38951,0,0,0,0,1
38952,0,0,0,0,1
38953,0,0,0,0,1
38954,0,0,0,0,1
38955,0,0,0,0,1
38956,0,0,0,0,1
38957,0,0,0,0,1
38958,0,0,0,0,1
38959,0,0,0,0,1
38960,0,0,0,0,1
38961,0,0,0,0,1
38962,0,0,0,0,1
38963,0,0,0,0,1
38964,0,0,0,0,1
38965,0,0,0,0,1
38966,0,0,0,0,1
38967,0,0,0,0,1
38968,0,0,0,0,1
38969,0,0,0,0,1
38970,0,0,0,0,1
38971,0,0,0,0,1
38972,0,0,0,0,1
38973,0,0,0,0,1
38974,0,0,0,0,1
38975,0,0,0,0,1
38976,0,0,0,0,1
38977,0,0,0,0,1
38978,0,0,0,0,1
38979,0,0,0,0,1
38980,0,0,0,0,1
38981,0,0,0,0,1
38982,0,0,0,0,1
38983,0,0,0,0,1
38984,0,0,0,0,1
38985,0,0,0,0,1
38986,0,0,0,0,1
38987,0,0,0,0,1
38988,0,0,0,0,1
38989,0,0,0,0,1
38990,0,0,0,0,1
38991,0,0,0,0,1
38992,0,0,0,0,1
38993,0,0,0,0,1
38994,0,0,0,0,1
38995,0,0,0,0,1
38996,0,0,0,0,1
38997,0,0,0,0,1
38998,0,0,0,0,1
38999,0,0,0,0,1
39000,0,0,0,0,1
39001,0,0,0,0,1
39002,0,0,0,0,1
39003,0,0,0,0,1
39004,0,0,0,0,1
39005,0,0,0,0,1
39006,0,0,0,0,1
39007,0,0,0,0,1
39008,0,0,0,0,1
39009,0,0,0,0,1
39010,0,0,0,0,1
39011,0,0,0,0,1
39012,0,0,0,0,1
39013,0,0,0,0,1
39014,0,0,0,0,1
39015,0,0,0,0,1
39016,0,0,0,0,1
39017,0,0,0,0,1
39018,0,0,0,0,1
39019,0,0,0,0,1
39020,0,0,0,0,1
39021,0,0,0,0,1
39022,0,0,0,0,1
39023,0,0,0,0,1
39024,0,0,0,0,1
39025,0,0,0,0,1
39026,0,0,0,0,1
39027,0,0,0,0,1
39028,0,0,0,0,1
39029,0,0,0,0,1
39030,0,0,0,0,1
39031,0,0,0,0,1
39032,0,0,0,0,1
39033,0,0,0,0,1
39034,0,0,0,0,1
39035,0,0,0,0,1
39036,0,0,0,0,1
39037,0,0,0,0,1
39038,0,0,0,0,1
39039,0,0,0,0,1
39040,0,0,0,0,1
39041,0,0,0,0,1
39042,0,0,0,0,1
39043,0,0,0,0,1
39044,0,0,0,0,1
39045,0,0,0,0,1
39046,0,0,0,0,1
39047,0,0,0,0,1
39048,0,0,0,0,1
39049,0,0,0,0,1
39050,0,0,0,0,1
39051,0,0,0,0,1
39052,0,0,0,0,1
39053,0,0,0,0,1
39054,0,0,0,0,1
39055,0,0,0,0,1
39056,0,0,0,0,1
39057,0,0,0,0,1
39058,0,0,0,0,1
39059,0,0,0,0,1
39060,0,1,0,0,0
39061,0,1,0,0,0
39062,0,1,0,0,0
39063,0,1,0,0,0
39064,0,1,0,0,0
39065,0,1,0,0,0
39066,0,1,0,0,0
39067,0,1,0,0,0
39068,0,1,0,0,0
39069,0,1,0,0,0
39070,0,1,0,0,0
39071,0,1,0,0,0
39072,0,1,0,0,0
39073,0,1,0,0,0
39074,0,1,0,0,0
39075,0,1,0,0,0
39076,0,1,0,0,0
39077,0,1,0,0,0
39078,0,1,0,0,0
39079,0,1,0,0,0
39080,0,1,0,0,0
39081,0,1,0,0,0
39082,0,1,0,0,0
39083,0,1,0,0,0
39084,0,1,0,0,0
39085,0,1,0,0,0
39086,0,1,0,0,0
39087,0,1,0,0,0
39088,0,1,0,0,0
39089,0,1,0,0,0
39090,0,1,0,0,0
39091,0,1,0,0,0
39092,0,1,0,0,0
39093,0,1,0,0,0
39094,0,1,0,0,0
39095,0,1,0,0,0
39096,0,1,0,0,0
39097,0,1,0,0,0
39098,0,1,0,0,0
39099,0,1,0,0,0
39100,0,1,0,0,0
39101,0,1,0,0,0
39102,0,1,0,0,0
39103,0,1,0,0,0
39104,0,1,0,0,0
39105,0,1,0,0,0
39106,0,1,0,0,0
39107,0,1,0,0,0
39108,0,1,0,0,0
39109,0,1,0,0,0
39110,0,1,0,0,0
39111,0,1,0,0,0
39112,0,1,0,0,0
39113,0,1,0,0,0
39114,0,1,0,0,0
39115,0,1,0,0,0
39116,0,1,0,0,0
39117,0,1,0,0,0
39118,0,1,0,0,0
39119,0,1,0,0,0
39120,0,1,0,0,0
39121,0,1,0,0,0
39122,0,1,0,0,0
39123,0,1,0,0,0
39124,0,1,0,0,0
39125,0,1,0,0,0
39126,0,1,0,0,0
39127,0,1,0,0,0
39128,0,1,0,0,0
39129,0,1,0,0,0
39130,0,1,0,0,0
39131,0,1,0,0,0
39132,0,1,0,0,0
39133,0,1,0,0,0
39134,0,1,0,0,0
39135,0,1,0,0,0
39136,0,1,0,0,0
39137,0,1,0,0,0
39138,0,1,0,0,0
39139,0,1,0,0,0
39140,0,1,0,0,0
39141,0,1,0,0,0
39142,0,1,0,0,0
39143,0,1,0,0,0
39144,0,1,0,0,0
39145,0,1,0,0,0
39146,0,1,0,0,0
39147,0,1,0,0,0
39148,0,1,0,0,0
39149,0,1,0,0,0
39150,0,1,0,0,0
39151,0,1,0,0,0
39152,0,1,0,0,0
39153,0,1,0,0,0
39154,0,1,0,0,0
39155,0,1,0,0,0
39156,0,1,0,0,0
39157,0,1,0,0,0
39158,0,1,0,0,0
39159,0,1,0,0,0
39160,0,1,0,0,0
39161,0,1,0,0,0
39162,0,1,0,0,0
39163,0,1,0,0,0
39164,0,1,0,0,0
39165,0,1,0,0,0
39166,0,1,0,0,0
39167,0,1,0,0,0
39168,0,1,0,0,0
39169,0,1,0,0,0
39170,0,1,0,0,0
39171,0,1,0,0,0
39172,0,1,0,0,0
39173,0,1,0,0,0
39174,0,1,0,0,0
39175,0,1,0,0,0
39176,0,1,0,0,0
39177,0,1,0,0,0
39178,0,1,0,0,0
39179,0,1,0,0,0
39180,0,1,0,0,0
39181,0,1,0,0,0
39182,0,1,0,0,0
39183,0,1,0,0,0
39184,0,1,0,0,0
39185,0,1,0,0,0
39186,0,1,0,0,0
39187,0,1,0,0,0
39188,0,1,0,0,0
39189,0,1,0,0,0
39190,0,1,0,0,0
39191,0,1,0,0,0
39192,0,1,0,0,0
39193,0,1,0,0,0
39194,0,1,0,0,0
39195,0,1,0,0,0
39196,0,1,0,0,0
39197,0,1,0,0,0
39198,0,1,0,0,0
39199,0,1,0,0,0
39200,0,1,0,0,0
39201,0,1,0,0,0
39202,0,1,0,0,0
39203,0,0,0,0,1
39204,0,0,0,0,1
39205,0,0,0,0,1
39206,0,0,0,0,1
39207,0,0,0,0,1
39208,0,0,0,0,1
39209,0,0,0,0,1
39210,0,0,0,0,1
39211,0,0,0,0,1
39212,0,0,0,0,1
39213,0,0,0,0,1
39214,0,0,0,0,1
39215,0,0,0,0,1
39216,0,0,0,0,1
39217,0,0,0,0,1
39218,0,0,0,0,1
39219,0,0,0,0,1
39220,0,0,0,0,1
39221,0,0,0,0,1
39222,0,0,0,0,1
39223,0,0,0,0,1
39224,0,0,0,0,1
39225,0,0,0,0,1
39226,0,0,0,0,1
39227,0,0,0,0,1
39228,0,0,0,0,1
39229,0,0,0,0,1
39230,0,0,0,0,1
39231,0,0,0,0,1
39232,0,0,0,0,1
39233,0,0,0,0,1
39234,0,0,0,0,1
39235,0,0,0,0,1
39236,0,0,0,0,1
39237,0,0,0,0,1
39238,0,0,0,0,1
39239,0,0,0,0,1
39240,0,0,0,0,1
39241,0,0,0,0,1
39242,0,0,0,0,1
39243,0,0,0,0,1
39244,0,0,0,0,1
39245,0,0,0,0,1
39246,0,0,0,0,1
39247,0,0,0,0,1
39248,0,0,0,0,1
39249,0,0,0,0,1
39250,0,0,0,0,1
39251,0,0,0,0,1
39252,0,0,0,0,1
39253,0,0,0,0,1
39254,0,0,0,0,1
39255,0,0,0,0,1
39256,0,0,0,0,1
39257,0,0,0,0,1
39258,0,0,0,0,1
39259,0,0,0,0,1
39260,0,0,0,0,1
39261,0,0,0,0,1
39262,0,0,0,0,1
39263,0,0,0,0,1
39264,0,0,0,0,1
39265,0,0,0,0,1
39266,0,0,0,0,1
39267,0,0,0,0,1
39268,0,0,0,0,1
39269,0,0,0,0,1
39270,0,0,0,0,1
39271,0,0,0,0,1
39272,0,0,0,0,1
39273,0,0,0,0,1
39274,0,0,0,0,1
39275,0,0,0,0,1
39276,0,0,0,0,1
39277,0,0,0,0,1
39278,0,0,0,0,1
39279,0,0,0,0,1
39280,0,0,0,0,1
39281,0,0,0,0,1
39282,0,0,0,0,1
39283,0,0,0,0,1
39284,0,0,0,0,1
39285,0,0,0,0,1
39286,0,0,0,0,1
39287,0,0,0,0,1
39288,0,0,0,0,1
39289,0,0,0,0,1
39290,0,0,0,0,1
39291,0,0,0,0,1
39292,0,0,0,0,1
39293,0,0,0,0,1
39294,0,0,0,0,1
39295,0,0,0,0,1
39296,0,0,0,0,1
39297,0,0,0,0,1
39298,0,0,0,0,1
39299,0,0,0,0,1
39300,0,0,0,0,1
39301,0,0,0,0,1
39302,0,0,0,0,1
39303,0,0,0,0,1
39304,0,0,0,0,1
39305,0,0,0,0,1
39306,0,0,0,0,1
39307,0,0,0,0,1
39308,0,0,0,0,1
39309,0,0,0,0,1
39310,0,0,0,0,1
39311,0,0,0,0,1
39312,0,0,0,0,1
39313,0,0,0,0,1
39314,0,0,0,0,1
39315,0,0,0,0,1
39316,0,0,0,0,1
39317,0,0,0,0,1
39318,0,0,0,0,1
39319,0,0,0,0,1
39320,0,0,0,0,1
39321,0,0,0,0,1
39322,0,0,0,0,1
39323,0,0,0,0,1
39324,0,0,0,0,1
39325,0,0,0,0,1
39326,0,0,0,0,1
39327,0,0,0,0,1
39328,0,0,0,0,1
39329,0,0,0,0,1
39330,0,0,0,0,1
39331,0,0,0,0,1
39332,0,0,0,0,1
39333,0,0,0,0,1
39334,0,0,0,0,1
39335,0,0,0,0,1
39336,0,0,0,0,1
39337,0,0,0,0,1
39338,0,0,0,0,1
39339,0,0,0,0,1
39340,0,0,0,0,1
39341,0,0,0,0,1
39342,0,0,0,0,1
39343,0,0,0,0,1
39344,0,0,0,0,1
39345,0,0,0,0,1
39346,0,0,0,0,1
39347,0,0,0,0,1
39348,0,0,0,0,1
39349,0,0,0,0,1
39350,0,0,0,0,1
39351,0,0,0,0,1
39352,0,0,0,0,1
39353,0,0,0,0,1
39354,0,0,0,0,1
39355,0,0,0,0,1
39356,0,0,0,0,1
39357,0,0,0,0,1
39358,0,0,0,0,1
39359,0,0,0,0,1
39360,0,0,0,0,1
39361,0,0,0,0,1
39362,0,0,0,0,1
39363,0,0,0,0,1
39364,0,0,0,0,1
39365,0,0,0,0,1
39366,0,0,0,0,1
39367,0,0,0,0,1
39368,0,0,0,0,1
39369,0,0,0,0,1
39370,0,0,0,0,1
39371,0,0,0,0,1
39372,0,0,0,0,1
39373,0,0,0,0,1
39374,0,0,0,0,1
39375,0,0,0,0,1
39376,0,0,0,0,1
39377,0,0,0,0,1
39378,0,0,0,0,1
39379,0,0,0,0,1
39380,0,0,0,0,1
39381,0,0,0,0,1
39382,0,0,0,0,1
39383,0,0,0,0,1
39384,0,0,0,0,1
39385,0,0,0,0,1
39386,0,0,0,0,1
39387,0,0,0,0,1
39388,0,0,0,0,1
39389,0,0,0,0,1
39390,0,0,0,0,1
39391,0,0,0,0,1
39392,0,0,0,0,1
39393,0,0,0,0,1
39394,0,0,1,0,0
39395,0,0,1,0,0
39396,0,0,1,0,0
39397,0,0,1,0,0
39398,0,0,1,0,0
39399,0,0,1,0,0
39400,0,0,1,0,0
39401,0,0,1,0,0
39402,0,0,1,0,0
39403,0,0,1,0,0
39404,0,0,1,0,0
39405,0,0,1,0,0
39406,0,0,1,0,0
39407,0,0,1,0,0
39408,0,0,1,0,0
39409,0,0,1,0,0
39410,0,0,1,0,0
39411,0,0,1,0,0
39412,0,0,1,0,0
39413,0,0,1,0,0
39414,0,0,1,0,0
39415,0,0,1,0,0
39416,0,0,1,0,0
39417,0,0,1,0,0
39418,0,0,1,0,0
39419,0,0,1,0,0
39420,0,0,1,0,0
39421,0,0,1,0,0
39422,0,0,1,0,0
39423,0,0,1,0,0
39424,0,0,1,0,0
39425,0,0,1,0,0
39426,0,0,1,0,0
39427,0,0,1,0,0
39428,0,0,1,0,0
39429,0,0,1,0,0
39430,0,0,1,0,0
39431,0,0,1,0,0
39432,0,0,1,0,0
39433,0,0,1,0,0
39434,0,0,1,0,0
39435,0,0,1,0,0
39436,0,0,1,0,0
39437,0,0,1,0,0
39438,0,0,1,0,0
39439,0,0,1,0,0
39440,0,0,1,0,0
39441,0,0,1,0,0
39442,0,0,1,0,0
39443,0,0,1,0,0
39444,0,0,1,0,0
39445,0,0,1,0,0
39446,0,0,1,0,0
39447,0,0,1,0,0
39448,0,0,1,0,0
39449,0,0,1,0,0
39450,0,0,1,0,0
39451,0,0,1,0,0
39452,0,0,1,0,0
39453,0,0,1,0,0
39454,0,0,1,0,0
39455,0,0,1,0,0
39456,0,0,1,0,0
39457,0,0,1,0,0
39458,0,0,1,0,0
39459,0,0,1,0,0
39460,0,0,1,0,0
39461,0,0,1,0,0
39462,0,0,1,0,0
39463,0,0,1,0,0
39464,0,0,1,0,0
39465,0,0,1,0,0
39466,0,0,1,0,0
39467,0,0,1,0,0
39468,0,0,1,0,0
39469,0,0,1,0,0
39470,0,0,1,0,0
39471,0,0,1,0,0
39472,0,0,1,0,0
39473,0,0,1,0,0
39474,0,0,1,0,0
39475,0,0,1,0,0
39476,0,0,1,0,0
39477,0,0,1,0,0
39478,0,0,1,0,0
39479,0,0,1,0,0
39480,0,0,1,0,0
39481,0,0,1,0,0
39482,0,0,1,0,0
39483,0,0,1,0,0
39484,0,0,1,0,0
39485,0,0,1,0,0
39486,0,0,1,0,0
39487,0,0,1,0,0
39488,0,0,1,0,0
39489,0,0,1,0,0
39490,0,0,1,0,0
39491,0,0,1,0,0
39492,0,0,1,0,0
39493,0,0,1,0,0
39494,0,0,1,0,0
39495,0,0,1,0,0
39496,0,0,1,0,0
39497,0,0,1,0,0
39498,0,0,1,0,0
39499,0,0,1,0,0
39500,0,0,1,0,0
39501,0,0,1,0,0
39502,0,0,1,0,0
39503,0,0,1,0,0
39504,0,0,1,0,0
39505,0,0,1,0,0
39506,0,0,1,0,0
39507,0,0,1,0,0
39508,0,0,1,0,0
39509,0,0,1,0,0
39510,0,0,1,0,0
39511,0,0,1,0,0
39512,0,0,1,0,0
39513,0,0,1,0,0
39514,0,0,1,0,0
39515,0,0,1,0,0
39516,0,0,1,0,0
39517,0,0,1,0,0
39518,0,0,1,0,0
39519,0,0,1,0,0
39520,0,0,1,0,0
39521,0,0,1,0,0
39522,0,0,1,0,0
39523,0,0,1,0,0
39524,0,0,1,0,0
39525,0,0,1,0,0
39526,0,0,1,0,0
39527,0,0,1,0,0
39528,0,0,1,0,0
39529,0,0,1,0,0
39530,0,0,1,0,0
39531,0,0,1,0,0
39532,0,0,1,0,0
39533,0,0,1,0,0
39534,0,0,1,0,0
39535,0,0,1,0,0
39536,0,0,1,0,0
39537,0,0,1,0,0
39538,0,0,1,0,0
39539,0,0,1,0,0
39540,0,0,1,0,0
39541,0,0,1,0,0
39542,0,0,1,0,0
39543,0,0,1,0,0
39544,0,0,1,0,0
39545,0,0,1,0,0
39546,0,0,1,0,0
39547,0,0,1,0,0
39548,0,0,1,0,0
39549,0,0,0,1,0
39550,0,0,0,1,0
39551,0,0,0,1,0
39552,0,0,0,1,0
39553,0,0,0,1,0
39554,0,0,0,1,0
39555,0,0,0,1,0
39556,0,0,0,1,0
39557,0,0,0,1,0
39558,0,0,0,1,0
39559,0,0,0,1,0
39560,0,0,0,1,0
39561,0,0,0,1,0
39562,0,0,0,1,0
39563,0,0,0,1,0
39564,0,0,0,1,0
39565,0,0,0,1,0
39566,0,0,0,1,0
39567,0,0,0,1,0
39568,0,0,0,1,0
39569,0,0,0,1,0
39570,0,0,0,1,0
39571,0,0,0,1,0
39572,0,0,0,1,0
39573,0,0,0,1,0
39574,0,0,0,0,1
39575,0,0,0,0,1
39576,0,0,0,0,1
39577,0,0,0,0,1
39578,0,0,0,0,1
39579,0,0,0,0,1
39580,0,0,0,0,1
39581,0,0,0,0,1
39582,0,0,0,0,1
39583,0,0,0,0,1
39584,0,0,0,0,1
39585,0,0,0,0,1
39586,0,0,0,0,1
39587,0,0,0,0,1
39588,0,0,0,0,1
39589,0,0,0,0,1
39590,0,0,0,0,1
39591,0,0,0,0,1
39592,0,0,0,0,1
39593,0,0,0,0,1
39594,0,0,0,0,1
39595,0,0,0,0,1
39596,0,0,0,0,1
39597,0,0,0,0,1
39598,0,0,0,0,1
39599,0,0,0,0,1
39600,0,0,0,0,1
39601,0,0,0,0,1
39602,0,0,0,0,1
39603,0,0,0,0,1
39604,0,0,0,0,1
39605,0,0,0,0,1
39606,0,0,0,0,1
39607,0,0,0,0,1
39608,0,0,0,0,1
39609,0,0,0,0,1
39610,0,0,0,0,1
39611,0,0,0,0,1
39612,0,0,0,0,1
39613,0,0,0,0,1
39614,0,0,0,0,1
39615,0,0,0,0,1
39616,0,0,0,0,1
39617,0,0,1,0,0
39618,0,0,1,0,0
39619,0,0,1,0,0
39620,0,0,1,0,0
39621,0,0,1,0,0
39622,0,0,1,0,0
39623,0,0,1,0,0
39624,0,0,1,0,0
39625,0,0,1,0,0
39626,0,0,1,0,0
39627,0,0,1,0,0
39628,0,0,1,0,0
39629,0,0,1,0,0
39630,0,0,1,0,0
39631,0,0,1,0,0
39632,0,0,1,0,0
39633,0,0,1,0,0
39634,0,0,1,0,0
39635,0,0,1,0,0
39636,0,0,1,0,0
39637,0,0,1,0,0
39638,0,0,1,0,0
39639,0,0,1,0,0
39640,0,0,1,0,0
39641,0,0,1,0,0
39642,0,0,1,0,0
39643,0,0,1,0,0
39644,0,0,1,0,0
39645,0,0,1,0,0
39646,0,0,1,0,0
39647,0,0,1,0,0
39648,0,0,1,0,0
39649,0,0,1,0,0
39650,0,0,1,0,0
39651,0,0,1,0,0
39652,0,0,1,0,0
39653,0,0,1,0,0
39654,0,0,1,0,0
39655,0,0,1,0,0
39656,0,0,1,0,0
39657,0,0,1,0,0
39658,0,0,1,0,0
39659,0,0,1,0,0
39660,0,0,1,0,0
39661,0,0,1,0,0
39662,0,0,1,0,0
39663,0,0,1,0,0
39664,0,0,1,0,0
39665,0,0,1,0,0
39666,0,0,1,0,0
39667,0,0,1,0,0
39668,0,0,1,0,0
39669,0,0,1,0,0
39670,0,0,1,0,0
39671,0,0,1,0,0
39672,0,0,1,0,0
39673,0,0,1,0,0
39674,0,0,1,0,0
39675,0,0,1,0,0
39676,0,0,1,0,0
39677,0,0,1,0,0
39678,0,0,1,0,0
39679,0,0,1,0,0
39680,0,0,1,0,0
39681,0,0,1,0,0
39682,0,0,1,0,0
39683,0,0,1,0,0
39684,0,0,1,0,0
39685,0,0,1,0,0
39686,0,0,1,0,0
39687,0,0,1,0,0
39688,0,0,1,0,0
39689,0,0,1,0,0
39690,0,0,1,0,0
39691,0,0,1,0,0
39692,0,0,1,0,0
39693,0,0,1,0,0
39694,0,0,1,0,0
39695,0,0,1,0,0
39696,0,0,1,0,0
39697,0,0,1,0,0
39698,0,0,1,0,0
39699,0,0,1,0,0
39700,0,0,1,0,0
39701,0,0,1,0,0
39702,0,0,1,0,0
39703,0,0,1,0,0
39704,0,0,1,0,0
39705,0,0,1,0,0
39706,0,0,1,0,0
39707,0,0,1,0,0
39708,0,0,1,0,0
39709,0,0,1,0,0
39710,0,0,0,0,1
39711,0,0,0,0,1
39712,0,0,0,0,1
39713,0,0,0,0,1
39714,0,0,0,0,1
39715,0,0,0,0,1
39716,0,0,0,0,1
39717,0,0,0,0,1
39718,0,0,0,0,1
39719,0,0,0,0,1
39720,0,0,0,0,1
39721,0,0,0,0,1
39722,0,0,0,0,1
39723,0,0,0,0,1
39724,0,0,0,0,1
39725,0,0,0,0,1
39726,0,0,0,0,1
39727,0,0,0,0,1
39728,0,0,0,0,1
39729,0,0,0,0,1
39730,0,0,0,0,1
39731,0,0,0,0,1
39732,0,0,0,0,1
39733,0,0,0,0,1
39734,0,0,0,0,1
39735,0,0,0,0,1
39736,0,0,0,0,1
39737,0,0,0,0,1
39738,0,0,0,0,1
39739,0,0,0,0,1
39740,0,0,0,0,1
39741,0,0,0,0,1
39742,0,1,0,0,0
39743,0,1,0,0,0
39744,0,1,0,0,0
39745,0,1,0,0,0
39746,0,1,0,0,0
39747,0,1,0,0,0
39748,0,1,0,0,0
39749,0,1,0,0,0
39750,0,1,0,0,0
39751,0,1,0,0,0
39752,0,1,0,0,0
39753,0,1,0,0,0
39754,0,1,0,0,0
39755,0,1,0,0,0
39756,0,1,0,0,0
39757,0,1,0,0,0
39758,0,1,0,0,0
39759,0,1,0,0,0
39760,0,1,0,0,0
39761,0,1,0,0,0
39762,0,1,0,0,0
39763,0,1,0,0,0
39764,0,1,0,0,0
39765,0,1,0,0,0
39766,0,1,0,0,0
39767,0,1,0,0,0
39768,0,1,0,0,0
39769,0,1,0,0,0
39770,0,1,0,0,0
39771,0,1,0,0,0
39772,0,1,0,0,0
39773,0,1,0,0,0
39774,0,1,0,0,0
39775,0,1,0,0,0
39776,0,1,0,0,0
39777,0,1,0,0,0
39778,0,1,0,0,0
39779,0,1,0,0,0
39780,0,0,0,0,1
39781,0,0,0,0,1
39782,0,0,0,0,1
39783,0,0,0,0,1
39784,0,0,0,0,1
39785,0,0,0,0,1
39786,0,0,0,0,1
39787,0,0,0,0,1
39788,0,0,0,0,1
39789,0,0,0,0,1
39790,0,0,0,0,1
39791,0,0,0,0,1
39792,0,0,0,0,1
39793,0,0,0,0,1
39794,0,0,0,0,1
39795,0,0,0,0,1
39796,0,0,0,0,1
39797,0,0,0,0,1
39798,0,0,0,0,1
39799,0,0,0,0,1
39800,0,0,0,0,1
39801,0,0,0,0,1
39802,0,0,0,0,1
39803,0,0,0,0,1
39804,0,0,0,0,1
39805,0,0,0,0,1
39806,0,0,0,0,1
39807,1,0,0,0,0
39808,1,0,0,0,0
39809,1,0,0,0,0
39810,1,0,0,0,0
39811,1,0,0,0,0
39812,1,0,0,0,0
39813,1,0,0,0,0
39814,1,0,0,0,0
39815,1,0,0,0,0
39816,1,0,0,0,0
39817,1,0,0,0,0
39818,0,1,0,0,0
39819,0,1,0,0,0
39820,0,1,0,0,0
39821,0,1,0,0,0
39822,0,1,0,0,0
39823,0,1,0,0,0
39824,0,1,0,0,0
39825,0,1,0,0,0
39826,0,1,0,0,0
39827,0,1,0,0,0
39828,0,1,0,0,0
39829,0,1,0,0,0
39830,0,1,0,0,0
39831,0,1,0,0,0
39832,0,1,0,0,0
39833,0,1,0,0,0
39834,0,1,0,0,0
39835,0,1,0,0,0
39836,0,1,0,0,0
39837,0,1,0,0,0
39838,0,1,0,0,0
39839,0,1,0,0,0
39840,0,1,0,0,0
39841,0,1,0,0,0
39842,0,1,0,0,0
39843,0,1,0,0,0
39844,0,1,0,0,0
39845,0,1,0,0,0
39846,0,1,0,0,0
39847,0,1,0,0,0
39848,0,1,0,0,0
39849,0,1,0,0,0
39850,0,1,0,0,0
39851,0,1,0,0,0
39852,0,1,0,0,0
39853,0,1,0,0,0
39854,0,1,0,0,0
39855,0,1,0,0,0
39856,0,1,0,0,0
39857,0,1,0,0,0
39858,0,1,0,0,0
39859,0,1,0,0,0
39860,0,1,0,0,0
39861,0,1,0,0,0
39862,0,1,0,0,0
39863,0,1,0,0,0
39864,0,1,0,0,0
39865,0,1,0,0,0
39866,0,1,0,0,0
39867,0,1,0,0,0
39868,0,1,0,0,0
39869,0,1,0,0,0
39870,0,1,0,0,0
39871,0,1,0,0,0
39872,0,1,0,0,0
39873,0,1,0,0,0
39874,0,1,0,0,0
39875,0,1,0,0,0
39876,0,1,0,0,0
39877,0,1,0,0,0
39878,0,1,0,0,0
39879,0,1,0,0,0
39880,0,1,0,0,0
39881,0,1,0,0,0
39882,0,1,0,0,0
39883,0,1,0,0,0
39884,0,1,0,0,0
39885,0,1,0,0,0
39886,0,1,0,0,0
39887,0,1,0,0,0
39888,0,1,0,0,0
39889,0,1,0,0,0
39890,0,0,0,0,1
39891,0,0,0,0,1
39892,0,0,0,0,1
39893,0,0,0,0,1
39894,0,0,0,0,1
39895,0,0,0,0,1
39896,0,0,0,0,1
39897,0,0,0,0,1
39898,0,0,0,0,1
39899,0,0,0,0,1
39900,0,0,0,0,1
39901,0,0,0,0,1
39902,0,0,0,0,1
39903,0,0,0,0,1
39904,0,0,0,0,1
39905,0,0,0,0,1
39906,0,0,0,0,1
39907,0,0,0,0,1
39908,0,0,0,0,1
39909,0,0,0,0,1
39910,0,0,0,0,1
39911,0,0,0,0,1
39912,0,0,0,0,1
39913,0,0,0,0,1
39914,0,0,0,0,1
39915,0,0,0,0,1
39916,0,0,0,0,1
39917,0,0,0,0,1
39918,0,0,0,0,1
39919,0,0,0,0,1
39920,0,0,0,0,1
39921,0,0,0,0,1
39922,0,0,0,0,1
39923,0,0,0,0,1
39924,0,0,0,0,1
39925,0,0,0,0,1
39926,0,0,0,0,1
39927,0,0,0,0,1
39928,0,0,0,0,1
39929,0,0,0,0,1
39930,0,0,0,0,1
39931,0,0,0,0,1
39932,0,0,0,0,1
39933,0,0,0,0,1
39934,0,0,0,0,1
39935,0,0,0,0,1
39936,0,0,0,0,1
39937,0,0,0,0,1
39938,0,0,0,0,1
39939,0,0,0,0,1
39940,0,0,0,0,1
39941,0,0,0,0,1
39942,0,0,0,0,1
39943,0,0,0,0,1
39944,0,0,0,0,1
39945,0,0,0,0,1
39946,0,0,0,0,1
39947,0,1,0,0,0
39948,0,1,0,0,0
39949,0,1,0,0,0
39950,0,1,0,0,0
39951,0,1,0,0,0
39952,0,1,0,0,0
39953,0,1,0,0,0
39954,0,1,0,0,0
39955,0,1,0,0,0
39956,0,1,0,0,0
39957,0,1,0,0,0
39958,0,1,0,0,0
39959,0,1,0,0,0
39960,0,1,0,0,0
39961,0,1,0,0,0
39962,0,1,0,0,0
39963,0,1,0,0,0
39964,0,1,0,0,0
39965,0,1,0,0,0
39966,0,1,0,0,0
39967,0,1,0,0,0
39968,0,1,0,0,0
39969,0,1,0,0,0
39970,0,1,0,0,0
39971,0,0,0,0,1
39972,0,0,0,0,1
39973,0,0,0,0,1
39974,0,0,0,0,1
39975,0,0,0,0,1
39976,0,0,0,0,1
39977,0,0,0,0,1
39978,0,0,0,0,1
39979,0,0,0,0,1
39980,0,0,0,0,1
39981,0,0,0,0,1
39982,0,0,0,0,1
39983,0,0,0,0,1
39984,0,0,0,0,1
39985,0,0,0,0,1
39986,0,0,0,0,1
39987,0,0,0,0,1
39988,0,0,0,0,1
39989,0,0,0,0,1
39990,0,0,0,0,1
39991,0,0,0,0,1
39992,0,0,0,0,1
39993,0,0,0,0,1
39994,0,0,0,0,1
39995,0,0,0,0,1
39996,0,0,0,0,1
39997,0,0,0,0,1
39998,0,0,0,0,1
39999,0,0,0,0,1
40000,0,0,0,0,1
40001,0,0,0,0,1
40002,0,0,0,0,1
40003,0,0,0,0,1
40004,0,0,0,0,1
40005,0,0,0,0,1
40006,0,0,0,0,1
40007,0,0,0,0,1
40008,0,0,0,0,1
40009,0,0,0,0,1
40010,0,0,0,0,1
40011,0,0,0,0,1
40012,0,0,0,0,1
40013,0,0,0,0,1
40014,0,0,0,0,1
40015,0,0,0,0,1
40016,0,0,0,0,1
40017,0,0,0,0,1
40018,0,0,0,0,1
40019,0,0,0,0,1
40020,0,0,0,0,1
40021,0,0,0,0,1
40022,0,0,0,0,1
40023,0,0,0,0,1
40024,0,0,0,0,1
40025,0,0,0,0,1
40026,0,0,0,0,1
40027,0,0,0,0,1
40028,0,0,0,0,1
40029,0,0,0,0,1
40030,0,0,0,0,1
40031,0,0,0,0,1
40032,0,0,0,0,1
40033,0,0,0,0,1
40034,0,0,0,0,1
40035,0,0,0,0,1
40036,0,0,0,0,1
40037,0,0,0,0,1
40038,0,0,0,0,1
40039,0,0,0,0,1
40040,0,0,0,0,1
40041,0,0,0,0,1
40042,0,0,0,0,1
40043,0,0,0,0,1
40044,0,0,0,0,1
40045,0,0,0,0,1
40046,0,0,0,0,1
40047,0,0,0,0,1
40048,0,0,0,0,1
40049,0,0,0,0,1
40050,0,0,0,0,1
40051,0,0,0,0,1
40052,0,0,0,0,1
40053,0,0,0,0,1
40054,0,0,0,0,1
40055,0,0,0,0,1
40056,0,0,0,0,1
40057,0,0,0,0,1
40058,0,0,0,0,1
40059,0,0,0,0,1
40060,0,0,0,0,1
40061,0,0,0,0,1
40062,0,0,0,0,1
40063,0,0,0,0,1
40064,0,0,0,0,1
40065,0,0,0,0,1
40066,0,0,0,0,1
40067,0,0,0,0,1
40068,0,0,0,0,1
40069,0,0,0,0,1
40070,0,0,0,0,1
40071,0,0,0,0,1
40072,0,0,0,0,1
40073,0,0,0,0,1
40074,0,0,0,0,1
40075,0,0,0,0,1
40076,0,0,0,0,1
40077,0,0,0,0,1
40078,0,0,0,0,1
40079,0,0,0,0,1
40080,0,0,0,0,1
40081,0,0,0,0,1
40082,0,0,0,0,1
40083,0,0,0,0,1
40084,0,0,0,0,1
40085,0,0,0,0,1
40086,0,0,0,0,1
40087,0,0,0,0,1
40088,0,0,0,0,1
40089,0,0,0,0,1
40090,0,0,0,0,1
40091,0,0,0,0,1
40092,0,0,0,0,1
40093,0,0,0,0,1
40094,0,0,0,0,1
40095,0,0,0,0,1
40096,0,0,0,0,1
40097,0,0,0,0,1
40098,0,0,0,0,1
40099,0,0,0,0,1
40100,0,0,0,0,1
40101,0,0,0,0,1
40102,0,0,0,0,1
40103,0,0,0,0,1
40104,0,0,0,0,1
40105,0,0,0,0,1
40106,0,0,0,0,1
40107,0,0,0,0,1
40108,0,0,0,0,1
40109,0,0,0,0,1
40110,0,0,0,0,1
40111,0,0,0,0,1
40112,0,0,0,0,1
40113,0,0,0,0,1
40114,0,0,0,0,1
40115,0,0,0,0,1
40116,0,0,0,0,1
40117,0,0,0,0,1
40118,0,0,0,0,1
40119,0,0,0,0,1
40120,0,0,0,0,1
40121,1,0,0,0,0
40122,1,0,0,0,0
40123,1,0,0,0,0
40124,1,0,0,0,0
40125,1,0,0,0,0
40126,1,0,0,0,0
40127,1,0,0,0,0
40128,1,0,0,0,0
40129,1,0,0,0,0
40130,1,0,0,0,0
40131,1,0,0,0,0
40132,1,0,0,0,0
40133,1,0,0,0,0
40134,1,0,0,0,0
40135,1,0,0,0,0
40136,1,0,0,0,0
40137,1,0,0,0,0
40138,1,0,0,0,0
40139,1,0,0,0,0
40140,1,0,0,0,0
40141,1,0,0,0,0
40142,1,0,0,0,0
40143,1,0,0,0,0
40144,1,0,0,0,0
40145,0,0,1,0,0
40146,0,0,1,0,0
40147,0,0,1,0,0
40148,0,0,1,0,0
40149,0,0,1,0,0
40150,0,0,1,0,0
40151,0,0,1,0,0
40152,0,0,1,0,0
40153,0,0,1,0,0
40154,0,0,1,0,0
40155,0,0,1,0,0
40156,0,0,1,0,0
40157,0,0,1,0,0
40158,0,0,1,0,0
40159,0,0,1,0,0
40160,0,0,1,0,0
40161,0,0,1,0,0
40162,0,0,1,0,0
40163,0,0,1,0,0
40164,0,0,1,0,0
40165,0,0,1,0,0
40166,0,0,1,0,0
40167,0,0,1,0,0
40168,0,0,1,0,0
40169,0,0,1,0,0
40170,0,0,1,0,0
40171,0,0,1,0,0
40172,0,0,1,0,0
40173,0,0,1,0,0
40174,0,0,1,0,0
40175,0,0,1,0,0
40176,0,0,1,0,0
40177,0,0,1,0,0
40178,0,0,1,0,0
40179,0,0,1,0,0
40180,0,0,1,0,0
40181,0,0,1,0,0
40182,0,0,1,0,0
40183,0,0,1,0,0
40184,0,0,1,0,0
40185,0,0,1,0,0
40186,0,0,1,0,0
40187,0,0,1,0,0
40188,0,0,1,0,0
40189,0,0,1,0,0
40190,0,0,1,0,0
40191,0,0,1,0,0
40192,0,0,1,0,0
40193,0,0,1,0,0
40194,0,0,1,0,0
40195,0,0,1,0,0
40196,0,0,1,0,0
40197,0,0,1,0,0
40198,0,0,1,0,0
40199,0,0,1,0,0
40200,0,0,0,0,1
40201,0,0,0,0,1
40202,0,0,0,0,1
40203,0,0,0,0,1
40204,0,0,0,0,1
40205,0,0,0,0,1
40206,0,0,0,0,1
40207,0,0,0,0,1
40208,0,0,0,0,1
40209,0,0,0,0,1
40210,0,0,0,0,1
40211,0,0,0,0,1
40212,0,0,0,0,1
40213,0,0,0,0,1
40214,0,0,0,0,1
40215,0,0,0,0,1
40216,0,0,0,0,1
40217,0,0,0,0,1
40218,0,0,0,0,1
40219,0,0,0,0,1
40220,0,0,0,0,1
40221,0,0,0,0,1
40222,0,0,0,0,1
40223,0,0,0,0,1
40224,0,0,0,0,1
40225,0,0,0,0,1
40226,0,0,0,0,1
40227,0,0,0,0,1
40228,0,0,0,0,1
40229,0,0,0,0,1
40230,0,0,0,0,1
40231,0,0,0,0,1
40232,0,0,0,0,1
40233,0,0,0,0,1
40234,0,0,0,0,1
40235,0,0,0,0,1
40236,0,0,0,0,1
40237,0,0,0,0,1
40238,0,0,0,0,1
40239,0,0,0,0,1
40240,0,0,0,0,1
40241,0,0,0,0,1
40242,0,0,0,0,1
40243,0,0,0,0,1
40244,0,0,0,0,1
40245,0,0,0,0,1
40246,0,0,0,0,1
40247,0,0,0,0,1
40248,0,0,0,0,1
40249,0,0,0,0,1
40250,0,0,0,0,1
40251,0,0,0,0,1
40252,0,0,0,0,1
40253,0,0,0,0,1
40254,0,0,0,0,1
40255,0,0,0,0,1
40256,0,0,0,0,1
40257,0,0,0,0,1
40258,0,0,0,0,1
40259,0,0,0,0,1
40260,0,0,0,0,1
40261,0,0,0,0,1
40262,0,0,0,0,1
40263,0,0,0,0,1
40264,0,0,0,0,1
40265,0,0,0,0,1
40266,0,0,0,0,1
40267,0,0,0,0,1
40268,0,0,0,0,1
40269,0,0,0,0,1
40270,0,0,0,0,1
40271,0,0,0,0,1
40272,0,0,0,0,1
40273,0,0,0,0,1
40274,0,0,0,0,1
40275,0,0,0,0,1
40276,0,0,0,0,1
40277,0,0,0,0,1
40278,0,0,0,0,1
40279,0,0,0,0,1
40280,0,0,0,0,1
40281,0,0,0,0,1
40282,0,0,0,0,1
40283,0,0,0,0,1
40284,0,0,0,0,1
40285,0,0,0,0,1
40286,0,0,0,0,1
40287,0,0,0,0,1
40288,0,0,0,0,1
40289,0,0,0,0,1
40290,0,0,0,0,1
40291,0,0,0,0,1
40292,0,0,0,0,1
40293,0,0,0,0,1
40294,0,0,0,0,1
40295,0,0,0,0,1
40296,0,0,0,0,1
40297,0,0,0,0,1
40298,0,0,0,0,1
40299,0,0,0,0,1
40300,0,0,0,0,1
40301,0,0,0,0,1
40302,0,0,0,0,1
40303,0,0,0,0,1
40304,0,0,0,0,1
40305,0,0,0,0,1
40306,0,0,0,0,1
40307,0,0,0,0,1
40308,0,0,0,0,1
40309,0,0,0,0,1
40310,0,0,0,0,1
40311,0,0,0,0,1
40312,0,0,0,0,1
40313,0,0,0,0,1
40314,0,0,0,0,1
40315,0,0,0,0,1
40316,0,0,0,0,1
40317,0,0,0,0,1
40318,0,0,0,0,1
40319,0,0,0,0,1
40320,0,0,0,0,1
40321,0,0,0,0,1
40322,0,0,0,0,1
40323,0,0,0,0,1
40324,0,0,0,0,1
40325,0,0,0,0,1
40326,0,0,0,0,1
40327,0,0,0,0,1
40328,0,0,0,0,1
40329,0,0,0,0,1
40330,0,0,0,0,1
40331,0,0,0,0,1
40332,0,0,0,0,1
40333,0,0,0,0,1
40334,0,0,0,0,1
40335,0,0,0,0,1
40336,0,0,0,0,1
40337,0,0,0,0,1
40338,0,0,0,0,1
40339,0,0,0,0,1
40340,0,0,0,0,1
40341,0,0,0,0,1
40342,0,0,0,0,1
40343,0,0,0,0,1
40344,0,0,0,0,1
40345,0,0,0,0,1
40346,0,0,0,0,1
40347,0,0,0,0,1
40348,0,0,0,0,1
40349,0,0,0,0,1
40350,0,0,0,0,1
40351,0,0,0,0,1
40352,0,0,0,0,1
40353,0,0,0,0,1
40354,0,0,0,0,1
40355,0,0,0,0,1
40356,0,0,0,0,1
40357,0,0,0,0,1
40358,0,0,0,0,1
40359,0,0,0,0,1
40360,0,0,0,0,1
40361,0,0,0,0,1
40362,0,0,0,0,1
40363,0,0,0,0,1
40364,0,0,0,0,1
40365,0,0,0,0,1
40366,0,0,0,0,1
40367,0,0,0,0,1
40368,0,0,0,0,1
40369,0,0,0,0,1
40370,0,0,0,0,1
40371,0,0,0,0,1
40372,0,0,0,0,1
40373,0,0,0,0,1
40374,0,0,0,0,1
40375,0,0,0,0,1
40376,0,0,0,0,1
40377,0,0,0,0,1
40378,1,0,0,0,0
40379,1,0,0,0,0
40380,1,0,0,0,0
40381,1,0,0,0,0
40382,1,0,0,0,0
40383,1,0,0,0,0
40384,1,0,0,0,0
40385,1,0,0,0,0
40386,1,0,0,0,0
40387,1,0,0,0,0
40388,1,0,0,0,0
40389,1,0,0,0,0
40390,1,0,0,0,0
40391,1,0,0,0,0
40392,1,0,0,0,0
40393,1,0,0,0,0
40394,1,0,0,0,0
40395,1,0,0,0,0
40396,1,0,0,0,0
40397,1,0,0,0,0
40398,1,0,0,0,0
40399,0,0,0,0,1
40400,0,0,0,0,1
40401,0,0,0,0,1
40402,0,0,0,0,1
40403,0,0,0,0,1
40404,0,0,0,0,1
40405,0,0,0,0,1
40406,0,0,0,0,1
40407,0,0,0,0,1
40408,0,0,0,0,1
40409,0,0,0,0,1
40410,0,0,0,0,1
40411,0,0,0,0,1
40412,0,0,0,0,1
40413,0,0,0,0,1
40414,0,0,0,0,1
40415,0,0,0,0,1
40416,0,0,0,0,1
40417,0,0,0,0,1
40418,0,0,0,0,1
40419,0,0,0,0,1
40420,0,0,0,0,1
40421,0,0,0,0,1
40422,0,0,0,0,1
40423,0,0,0,0,1
40424,0,0,0,0,1
40425,0,0,0,0,1
40426,0,0,0,0,1
40427,0,0,0,0,1
40428,0,0,0,0,1
40429,0,0,0,0,1
40430,0,0,0,0,1
40431,0,0,0,0,1
40432,0,0,0,0,1
40433,0,0,0,0,1
40434,0,0,0,0,1
40435,0,0,0,0,1
40436,0,0,0,0,1
40437,0,0,0,0,1
40438,0,0,0,0,1
40439,0,0,0,0,1
40440,0,0,0,0,1
40441,0,0,0,0,1
40442,0,0,0,0,1
40443,0,0,0,0,1
40444,0,0,0,0,1
40445,0,0,0,0,1
40446,0,0,0,0,1
40447,0,0,0,0,1
40448,0,0,0,0,1
40449,0,0,0,0,1
40450,0,0,0,0,1
40451,0,0,0,0,1
40452,0,0,0,0,1
40453,0,0,0,0,1
40454,0,0,0,0,1
40455,0,0,0,0,1
40456,0,0,0,0,1
40457,0,0,0,0,1
40458,0,0,0,0,1
40459,0,0,0,0,1
40460,0,0,0,0,1
40461,0,0,0,0,1
40462,0,0,0,0,1
40463,0,0,0,0,1
40464,0,0,0,0,1
40465,0,0,0,0,1
40466,0,0,0,0,1
40467,0,0,0,0,1
40468,0,0,0,0,1
40469,0,0,0,0,1
40470,0,0,0,0,1
40471,0,0,0,0,1
40472,0,0,0,0,1
40473,0,0,0,0,1
40474,0,0,0,0,1
40475,0,0,0,0,1
40476,0,0,0,0,1
40477,0,0,0,0,1
40478,0,0,0,0,1
40479,0,0,0,0,1
40480,0,0,0,0,1
40481,0,0,0,0,1
40482,0,0,0,0,1
40483,0,0,0,0,1
40484,0,0,0,0,1
40485,0,0,0,0,1
40486,0,0,0,0,1
40487,0,0,0,0,1
40488,0,0,0,0,1
40489,0,0,0,0,1
40490,0,0,0,0,1
40491,0,0,0,0,1
40492,0,0,0,0,1
40493,0,0,0,0,1
40494,0,0,0,0,1
40495,0,0,0,0,1
40496,0,0,0,0,1
40497,0,0,0,0,1
40498,0,0,0,0,1
40499,0,0,0,0,1
40500,0,0,0,0,1
40501,0,0,0,0,1
40502,0,0,0,0,1
40503,0,0,0,0,1
40504,0,0,0,0,1
40505,0,0,0,0,1
40506,0,0,0,0,1
40507,0,0,0,0,1
40508,0,0,0,0,1
40509,0,0,0,0,1
40510,0,0,0,0,1
40511,0,0,0,0,1
40512,0,0,0,0,1
40513,0,0,0,0,1
40514,0,0,0,0,1
40515,0,0,0,0,1
40516,0,0,0,0,1
40517,0,0,0,0,1
40518,0,0,0,0,1
40519,0,0,0,0,1
40520,0,0,0,0,1
40521,0,0,0,0,1
40522,0,0,0,0,1
40523,0,0,0,0,1
40524,0,0,0,0,1
40525,0,0,0,0,1
40526,0,0,0,0,1
40527,0,0,0,0,1
40528,0,0,0,0,1
40529,0,0,0,0,1
40530,0,0,0,0,1
40531,0,0,0,0,1
40532,0,0,0,0,1
40533,0,0,0,0,1
40534,0,0,0,0,1
40535,0,0,0,0,1
40536,0,0,0,0,1
40537,0,0,0,0,1
40538,0,0,0,0,1
40539,0,0,0,0,1
40540,0,0,0,0,1
40541,0,0,0,0,1
40542,0,0,0,0,1
40543,0,0,0,0,1
40544,0,0,0,0,1
40545,0,0,0,0,1
40546,0,0,0,0,1
40547,0,0,0,0,1
40548,0,0,0,0,1
40549,0,0,0,0,1
40550,0,0,0,0,1
40551,0,0,0,0,1
40552,1,0,0,0,0
40553,1,0,0,0,0
40554,1,0,0,0,0
40555,1,0,0,0,0
40556,1,0,0,0,0
40557,1,0,0,0,0
40558,1,0,0,0,0
40559,1,0,0,0,0
40560,1,0,0,0,0
40561,1,0,0,0,0
40562,1,0,0,0,0
40563,1,0,0,0,0
40564,1,0,0,0,0
40565,1,0,0,0,0
40566,1,0,0,0,0
40567,1,0,0,0,0
40568,1,0,0,0,0
40569,1,0,0,0,0
40570,1,0,0,0,0
40571,1,0,0,0,0
40572,1,0,0,0,0
40573,0,0,0,0,1
40574,0,0,0,0,1
40575,0,0,0,0,1
40576,0,0,0,0,1
40577,0,0,0,0,1
40578,0,0,0,0,1
40579,0,0,0,0,1
40580,0,0,0,0,1
40581,0,0,0,0,1
40582,0,0,0,0,1
40583,0,0,0,0,1
40584,0,0,0,0,1
40585,0,0,0,0,1
40586,0,0,1,0,0
40587,0,0,1,0,0
40588,0,0,1,0,0
40589,0,0,1,0,0
40590,0,0,1,0,0
40591,0,0,1,0,0
40592,0,0,1,0,0
40593,0,0,1,0,0
40594,0,0,1,0,0
40595,0,0,1,0,0
40596,0,0,1,0,0
40597,0,0,1,0,0
40598,0,0,1,0,0
40599,0,0,1,0,0
40600,0,0,1,0,0
40601,0,0,1,0,0
40602,0,0,1,0,0
40603,0,0,1,0,0
40604,0,0,1,0,0
40605,0,0,1,0,0
40606,0,0,1,0,0
40607,0,0,1,0,0
40608,0,0,1,0,0
40609,0,0,1,0,0
40610,0,0,1,0,0
40611,0,0,1,0,0
40612,0,0,1,0,0
40613,0,0,1,0,0
40614,0,0,1,0,0
40615,0,0,1,0,0
40616,0,0,1,0,0
40617,0,0,1,0,0
40618,0,0,1,0,0
40619,0,0,1,0,0
40620,0,0,0,0,1
40621,0,0,0,0,1
40622,0,0,0,0,1
40623,0,0,0,0,1
40624,0,0,0,0,1
40625,0,0,0,0,1
40626,0,0,0,0,1
40627,0,0,0,0,1
40628,0,0,0,0,1
40629,0,0,0,0,1
40630,0,0,0,0,1
40631,0,0,0,0,1
40632,0,0,0,0,1
40633,0,0,0,0,1
40634,0,0,0,0,1
40635,0,0,0,0,1
40636,0,0,0,0,1
40637,0,0,0,0,1
40638,0,0,0,0,1
40639,0,0,0,0,1
40640,0,0,0,0,1
40641,0,0,0,0,1
40642,0,0,0,0,1
40643,1,0,0,0,0
40644,1,0,0,0,0
40645,1,0,0,0,0
40646,1,0,0,0,0
40647,1,0,0,0,0
40648,1,0,0,0,0
40649,1,0,0,0,0
40650,1,0,0,0,0
40651,1,0,0,0,0
40652,1,0,0,0,0
40653,1,0,0,0,0
40654,1,0,0,0,0
40655,1,0,0,0,0
40656,1,0,0,0,0
40657,1,0,0,0,0
40658,1,0,0,0,0
40659,1,0,0,0,0
40660,1,0,0,0,0
40661,1,0,0,0,0
40662,1,0,0,0,0
40663,1,0,0,0,0
40664,1,0,0,0,0
40665,1,0,0,0,0
40666,1,0,0,0,0
40667,1,0,0,0,0
40668,1,0,0,0,0
40669,1,0,0,0,0
40670,1,0,0,0,0
40671,1,0,0,0,0
40672,1,0,0,0,0
40673,1,0,0,0,0
40674,1,0,0,0,0
40675,1,0,0,0,0
40676,1,0,0,0,0
40677,1,0,0,0,0
40678,1,0,0,0,0
40679,1,0,0,0,0
40680,1,0,0,0,0
40681,1,0,0,0,0
40682,1,0,0,0,0
40683,1,0,0,0,0
40684,1,0,0,0,0
40685,1,0,0,0,0
40686,1,0,0,0,0
40687,1,0,0,0,0
40688,1,0,0,0,0
40689,1,0,0,0,0
40690,1,0,0,0,0
40691,1,0,0,0,0
40692,1,0,0,0,0
40693,1,0,0,0,0
40694,1,0,0,0,0
40695,1,0,0,0,0
40696,1,0,0,0,0
40697,1,0,0,0,0
40698,1,0,0,0,0
40699,1,0,0,0,0
40700,1,0,0,0,0
40701,1,0,0,0,0
40702,1,0,0,0,0
40703,1,0,0,0,0
40704,1,0,0,0,0
40705,1,0,0,0,0
40706,1,0,0,0,0
40707,1,0,0,0,0
40708,0,0,0,0,1
40709,0,0,0,0,1
40710,0,0,0,0,1
40711,0,0,0,0,1
40712,0,0,0,0,1
40713,0,0,0,0,1
40714,0,0,0,0,1
40715,0,0,0,0,1
40716,0,0,0,0,1
40717,0,0,0,0,1
40718,0,0,0,0,1
40719,0,0,0,0,1
40720,0,0,0,0,1
40721,0,0,0,0,1
40722,0,0,0,0,1
40723,0,0,1,0,0
40724,0,0,1,0,0
40725,0,0,1,0,0
40726,0,0,1,0,0
40727,0,0,1,0,0
40728,0,0,1,0,0
40729,0,0,1,0,0
40730,0,0,1,0,0
40731,0,0,1,0,0
40732,0,0,1,0,0
40733,0,0,1,0,0
40734,0,0,1,0,0
40735,0,0,1,0,0
40736,0,0,1,0,0
40737,0,0,1,0,0
40738,0,0,1,0,0
40739,0,0,1,0,0
40740,0,0,1,0,0
40741,0,0,1,0,0
40742,0,0,1,0,0
40743,0,0,1,0,0
40744,0,0,1,0,0
40745,0,0,1,0,0
40746,0,0,1,0,0
40747,0,0,1,0,0
40748,0,0,1,0,0
40749,0,0,1,0,0
40750,0,0,1,0,0
40751,0,0,1,0,0
40752,0,0,1,0,0
40753,0,0,1,0,0
40754,0,0,1,0,0
40755,0,0,1,0,0
40756,0,0,1,0,0
40757,0,0,0,0,1
40758,0,0,0,0,1
40759,0,0,0,0,1
40760,0,0,0,0,1
40761,0,0,0,0,1
40762,0,0,0,0,1
40763,0,0,0,0,1
40764,0,0,0,0,1
40765,0,0,0,0,1
40766,0,0,0,0,1
40767,0,0,0,0,1
40768,0,0,0,0,1
40769,0,0,0,0,1
40770,0,0,0,0,1
40771,0,0,0,0,1
40772,0,0,0,0,1
40773,0,0,0,0,1
40774,0,0,0,0,1
40775,0,0,0,0,1
40776,0,0,0,0,1
40777,0,0,0,0,1
40778,0,0,0,0,1
40779,0,0,0,0,1
40780,0,0,0,0,1
40781,0,0,0,0,1
40782,0,0,0,0,1
40783,0,0,0,0,1
40784,0,0,0,0,1
40785,0,0,0,0,1
40786,0,0,0,0,1
40787,0,0,0,0,1
40788,0,0,0,0,1
40789,0,0,0,0,1
40790,0,0,0,0,1
40791,0,0,0,0,1
40792,0,0,0,0,1
40793,0,0,0,0,1
40794,0,0,0,0,1
40795,0,0,0,0,1
40796,0,0,0,0,1
40797,0,0,0,0,1
40798,0,0,0,0,1
40799,0,0,0,0,1
40800,0,0,0,0,1
40801,0,0,0,0,1
40802,0,0,0,0,1
40803,0,0,0,0,1
40804,0,0,0,0,1
40805,0,0,0,0,1
40806,0,0,0,0,1
40807,0,0,0,0,1
40808,0,0,0,0,1
40809,0,0,0,0,1
40810,0,0,0,0,1
40811,0,0,0,0,1
40812,0,0,0,0,1
40813,0,0,0,0,1
40814,0,0,0,0,1
40815,0,0,0,0,1
40816,0,0,0,0,1
40817,0,0,0,0,1
40818,0,0,0,0,1
40819,0,0,0,0,1
40820,0,0,0,0,1
40821,0,0,0,0,1
40822,0,0,0,0,1
40823,0,0,0,0,1
40824,0,0,0,0,1
40825,0,0,0,0,1
40826,0,0,0,0,1
40827,0,0,0,0,1
40828,0,0,0,0,1
40829,0,0,0,0,1
40830,0,0,0,0,1
40831,0,0,0,0,1
40832,0,0,0,0,1
40833,0,0,0,0,1
40834,0,0,0,0,1
40835,0,0,0,0,1
40836,0,0,0,0,1
40837,0,0,0,0,1
40838,0,0,0,0,1
40839,0,0,0,0,1
40840,0,0,0,0,1
40841,0,0,0,0,1
40842,0,0,0,0,1
40843,0,0,0,0,1
40844,0,0,0,0,1
40845,0,0,0,0,1
40846,0,0,0,0,1
40847,0,0,0,0,1
40848,0,0,0,0,1
40849,0,0,0,0,1
40850,0,0,0,0,1
40851,0,0,0,0,1
40852,0,0,0,0,1
40853,0,0,0,0,1
40854,0,0,0,0,1
40855,0,0,0,0,1
40856,0,0,0,0,1
40857,0,0,0,0,1
40858,0,0,0,0,1
40859,0,0,0,0,1
40860,0,0,0,0,1
40861,0,0,0,0,1
40862,0,0,0,0,1
40863,0,0,0,0,1
40864,0,0,0,0,1
40865,0,0,0,0,1
40866,0,0,0,0,1
40867,0,0,0,0,1
40868,0,0,0,0,1
40869,0,0,0,0,1
40870,0,0,0,0,1
40871,0,0,0,0,1
40872,0,0,0,0,1
40873,0,0,0,0,1
40874,0,0,0,0,1
40875,0,0,0,0,1
40876,0,0,0,0,1
40877,0,0,0,0,1
40878,0,0,0,0,1
40879,0,0,0,0,1
40880,0,0,0,0,1
40881,0,0,0,0,1
40882,0,0,0,0,1
40883,0,0,0,0,1
40884,0,0,0,0,1
40885,0,0,0,0,1
40886,0,0,0,0,1
40887,0,0,0,0,1
40888,0,0,0,0,1
40889,0,0,0,0,1
40890,0,0,0,0,1
40891,0,0,0,0,1
40892,0,0,0,1,0
40893,0,0,0,1,0
40894,0,0,0,1,0
40895,0,0,0,1,0
40896,0,0,0,1,0
40897,0,0,0,1,0
40898,0,0,0,1,0
40899,0,0,0,1,0
40900,0,0,0,1,0
40901,0,0,0,1,0
40902,0,0,0,1,0
40903,0,0,0,1,0
40904,0,0,0,1,0
40905,0,0,0,1,0
40906,0,0,0,1,0
40907,0,0,0,1,0
40908,0,0,0,1,0
40909,0,0,0,1,0
40910,0,0,0,1,0
40911,0,0,0,1,0
40912,0,0,0,1,0
40913,0,0,0,1,0
40914,0,0,0,1,0
40915,0,0,0,1,0
40916,0,0,0,1,0
40917,0,0,0,1,0
40918,0,0,0,1,0
40919,0,0,0,1,0
40920,0,0,0,1,0
40921,0,0,0,1,0
40922,0,0,0,1,0
40923,0,0,0,1,0
40924,0,0,0,1,0
40925,0,0,0,1,0
40926,0,0,0,1,0
40927,0,0,0,1,0
40928,0,0,0,1,0
40929,0,0,0,1,0
40930,0,0,0,1,0
40931,0,0,0,1,0
40932,0,0,0,1,0
40933,0,0,0,1,0
40934,0,0,0,1,0
40935,0,0,0,1,0
40936,0,0,0,1,0
40937,0,0,0,1,0
40938,0,0,0,1,0
40939,0,0,0,1,0
40940,0,0,0,1,0
40941,0,0,0,1,0
40942,0,0,0,1,0
40943,0,0,0,1,0
40944,0,0,0,1,0
40945,0,0,0,1,0
40946,0,0,0,1,0
40947,0,0,0,0,1
40948,0,0,0,0,1
40949,0,0,0,0,1
40950,0,0,0,0,1
40951,0,0,0,0,1
40952,0,0,0,0,1
40953,0,0,0,0,1
40954,0,0,0,0,1
40955,0,0,0,0,1
40956,0,0,0,0,1
40957,0,0,0,0,1
40958,0,0,0,0,1
40959,0,0,0,0,1
40960,0,0,0,0,1
40961,0,0,0,0,1
40962,0,0,0,0,1
40963,0,0,0,0,1
40964,0,0,0,0,1
40965,0,0,0,0,1
40966,0,0,0,0,1
40967,0,0,0,0,1
40968,0,0,0,0,1
40969,0,0,0,0,1
40970,0,0,0,0,1
40971,0,0,0,0,1
40972,0,0,0,0,1
40973,0,0,0,0,1
40974,0,0,0,0,1
40975,0,0,0,0,1
40976,0,0,0,0,1
40977,0,0,0,0,1
40978,0,0,0,0,1
40979,0,0,0,0,1
40980,0,0,0,0,1
40981,0,0,0,0,1
40982,0,0,0,0,1
40983,0,0,0,0,1
40984,0,0,0,0,1
40985,0,0,0,0,1
40986,0,0,0,0,1
40987,0,0,0,0,1
40988,0,0,0,0,1
40989,0,0,0,0,1
40990,0,0,0,0,1
40991,0,0,0,0,1
40992,0,0,0,0,1
40993,0,0,0,0,1
40994,0,0,0,0,1
40995,0,0,0,0,1
40996,0,0,0,0,1
40997,0,0,0,0,1
40998,0,0,0,0,1
40999,0,0,0,0,1
41000,0,0,0,0,1
41001,0,0,0,0,1
41002,0,0,0,0,1
41003,0,0,0,0,1
41004,0,0,0,0,1
41005,0,0,0,0,1
41006,0,0,0,0,1
41007,0,0,0,0,1
41008,0,0,0,0,1
41009,0,0,0,0,1
41010,0,0,0,0,1
41011,0,0,0,0,1
41012,0,0,0,0,1
41013,0,0,0,0,1
41014,0,0,0,0,1
41015,0,0,0,0,1
41016,0,0,0,0,1
41017,0,0,0,0,1
41018,0,0,0,0,1
41019,0,0,0,0,1
41020,0,0,0,0,1
41021,0,0,0,0,1
41022,0,0,0,0,1
41023,0,0,0,0,1
41024,0,0,0,0,1
41025,0,0,0,0,1
41026,0,0,0,0,1
41027,0,0,0,0,1
41028,0,0,0,0,1
41029,0,0,0,0,1
41030,0,0,0,0,1
41031,0,0,0,0,1
41032,0,0,0,0,1
41033,0,0,0,0,1
41034,0,0,0,0,1
41035,0,0,0,0,1
41036,0,0,0,0,1
41037,0,0,0,0,1
41038,0,0,0,0,1
41039,0,0,0,0,1
41040,0,0,0,0,1
41041,0,0,0,0,1
41042,0,0,0,0,1
41043,0,0,0,0,1
41044,0,0,0,0,1
41045,0,0,0,0,1
41046,0,0,0,0,1
41047,0,0,0,0,1
41048,0,0,0,0,1
41049,0,0,0,0,1
41050,0,0,0,0,1
41051,0,0,0,0,1
41052,0,0,0,0,1
41053,0,0,0,0,1
41054,0,0,0,0,1
41055,0,0,0,0,1
41056,0,0,0,0,1
41057,0,0,0,0,1
41058,0,0,0,0,1
41059,0,0,0,0,1
41060,0,0,0,0,1
41061,0,1,0,0,0
41062,0,1,0,0,0
41063,0,1,0,0,0
41064,0,1,0,0,0
41065,0,1,0,0,0
41066,0,1,0,0,0
41067,0,1,0,0,0
41068,0,1,0,0,0
41069,0,1,0,0,0
41070,0,1,0,0,0
41071,0,1,0,0,0
41072,0,1,0,0,0
41073,0,1,0,0,0
41074,0,1,0,0,0
41075,0,1,0,0,0
41076,0,1,0,0,0
41077,0,1,0,0,0
41078,0,1,0,0,0
41079,0,1,0,0,0
41080,0,1,0,0,0
41081,0,1,0,0,0
41082,0,1,0,0,0
41083,0,1,0,0,0
41084,0,0,0,0,1
41085,0,0,0,0,1
41086,0,0,0,0,1
41087,0,0,0,0,1
41088,0,0,0,0,1
41089,0,0,0,0,1
41090,0,0,0,0,1
41091,0,0,0,0,1
41092,0,0,0,0,1
41093,0,0,0,0,1
41094,0,0,0,0,1
41095,0,0,0,0,1
41096,0,0,0,0,1
41097,0,0,0,0,1
41098,0,0,0,0,1
41099,0,0,0,0,1
41100,0,0,0,0,1
41101,0,0,0,0,1
41102,0,0,0,0,1
41103,0,0,0,0,1
41104,0,0,0,0,1
41105,0,0,0,0,1
41106,0,0,0,0,1
41107,0,0,0,0,1
41108,0,0,0,0,1
41109,0,0,0,0,1
41110,0,0,0,0,1
41111,0,0,0,0,1
41112,0,0,0,0,1
41113,0,0,0,0,1
41114,0,0,0,0,1
41115,0,0,0,0,1
41116,0,0,0,0,1
41117,0,0,0,0,1
41118,0,0,0,0,1
41119,0,0,0,0,1
41120,0,0,0,0,1
41121,0,0,0,0,1
41122,0,0,0,0,1
41123,0,0,0,0,1
41124,0,0,0,0,1
41125,0,0,0,0,1
41126,0,0,0,0,1
41127,0,0,0,0,1
41128,0,0,0,0,1
41129,0,0,0,0,1
41130,0,0,0,0,1
41131,0,0,0,0,1
41132,0,0,0,0,1
41133,0,0,0,0,1
41134,0,0,0,0,1
41135,0,0,0,0,1
41136,0,0,0,0,1
41137,0,0,0,0,1
41138,0,0,0,0,1
41139,0,0,0,0,1
41140,0,0,0,0,1
41141,0,0,0,0,1
41142,0,0,0,0,1
41143,0,0,0,0,1
41144,0,0,0,0,1
41145,0,0,0,0,1
41146,0,0,0,0,1
41147,0,0,0,0,1
41148,0,0,0,0,1
41149,0,0,0,0,1
41150,0,0,0,0,1
41151,0,0,0,0,1
41152,0,0,0,0,1
41153,0,0,0,0,1
41154,0,0,0,0,1
41155,0,0,0,0,1
41156,0,0,0,0,1
41157,0,0,0,0,1
41158,0,0,0,0,1
41159,0,0,0,0,1
41160,0,0,0,0,1
41161,0,0,0,0,1
41162,0,0,0,0,1
41163,0,0,0,0,1
41164,0,0,0,0,1
41165,0,0,0,0,1
41166,0,0,0,0,1
41167,0,0,0,0,1
41168,0,0,0,0,1
41169,0,0,0,0,1
41170,0,0,0,0,1
41171,0,0,0,0,1
41172,0,0,0,0,1
41173,0,0,0,0,1
41174,0,0,0,0,1
41175,0,0,0,0,1
41176,0,0,0,0,1
41177,0,0,0,0,1
41178,0,0,0,0,1
41179,0,0,0,0,1
41180,0,0,0,0,1
41181,0,0,0,0,1
41182,0,0,0,0,1
41183,0,0,0,0,1
41184,0,0,0,0,1
41185,0,0,0,0,1
41186,0,0,0,0,1
41187,0,0,0,0,1
41188,0,0,0,0,1
41189,0,0,0,0,1
41190,0,0,0,0,1
41191,0,0,0,0,1
41192,0,0,0,0,1
41193,0,0,0,0,1
41194,0,0,0,0,1
41195,0,0,0,0,1
41196,0,0,0,0,1
41197,0,0,0,0,1
41198,0,0,0,0,1
41199,0,0,0,0,1
41200,0,0,0,0,1
41201,0,0,0,0,1
41202,0,0,0,0,1
41203,0,0,0,0,1
41204,0,0,0,0,1
41205,0,0,0,0,1
41206,0,0,0,0,1
41207,0,0,0,0,1
41208,0,0,1,0,0
41209,0,0,1,0,0
41210,0,0,1,0,0
41211,0,0,1,0,0
41212,0,0,1,0,0
41213,0,0,1,0,0
41214,0,0,1,0,0
41215,0,0,1,0,0
41216,0,0,1,0,0
41217,0,0,1,0,0
41218,0,0,1,0,0
41219,0,0,1,0,0
41220,0,0,1,0,0
41221,0,0,1,0,0
41222,0,0,1,0,0
41223,0,0,1,0,0
41224,0,0,1,0,0
41225,0,0,1,0,0
41226,0,0,1,0,0
41227,0,0,1,0,0
41228,0,0,1,0,0
41229,0,0,1,0,0
41230,0,0,1,0,0
41231,0,0,1,0,0
41232,0,0,1,0,0
41233,0,0,1,0,0
41234,0,0,1,0,0
41235,0,0,1,0,0
41236,0,0,1,0,0
41237,0,0,1,0,0
41238,0,0,1,0,0
41239,0,0,1,0,0
41240,0,0,1,0,0
41241,0,0,1,0,0
41242,0,0,1,0,0
41243,0,0,1,0,0
41244,0,0,1,0,0
41245,0,0,1,0,0
41246,0,0,1,0,0
41247,0,0,1,0,0
41248,0,0,1,0,0
41249,0,0,1,0,0
41250,0,0,0,0,1
41251,0,0,0,0,1
41252,0,0,0,0,1
41253,0,0,0,0,1
41254,0,0,0,0,1
41255,0,0,0,0,1
41256,0,0,0,0,1
41257,0,0,0,0,1
41258,0,0,0,0,1
41259,0,0,0,0,1
41260,0,0,0,0,1
41261,0,0,0,0,1
41262,0,0,0,0,1
41263,0,0,0,0,1
41264,0,0,0,0,1
41265,0,0,0,0,1
41266,0,0,0,0,1
41267,0,0,0,0,1
41268,0,0,0,0,1
41269,0,0,0,0,1
41270,0,0,0,0,1
41271,0,0,0,0,1
41272,0,0,0,0,1
41273,0,0,0,0,1
41274,0,0,0,0,1
41275,0,0,0,0,1
41276,0,0,0,0,1
41277,0,0,0,0,1
41278,0,0,0,0,1
41279,0,0,0,0,1
41280,0,0,0,0,1
41281,0,0,0,0,1
41282,0,0,0,0,1
41283,0,0,0,0,1
41284,0,0,0,0,1
41285,0,0,0,0,1
41286,0,0,0,0,1
41287,0,0,0,0,1
41288,0,0,0,0,1
41289,0,0,0,0,1
41290,0,0,0,0,1
41291,0,0,0,0,1
41292,0,0,0,0,1
41293,0,0,0,0,1
41294,0,0,0,0,1
41295,0,0,0,0,1
41296,0,0,0,0,1
41297,0,0,0,0,1
41298,0,0,0,0,1
41299,0,0,0,0,1
41300,0,0,0,0,1
41301,0,0,0,0,1
41302,0,0,0,0,1
41303,0,0,0,0,1
41304,0,0,0,0,1
41305,0,0,0,0,1
41306,0,0,0,0,1
41307,0,0,0,0,1
41308,0,0,0,0,1
41309,0,0,0,0,1
41310,0,0,0,0,1
41311,0,0,0,0,1
41312,0,0,0,0,1
41313,0,0,0,0,1
41314,0,0,0,0,1
41315,0,0,0,0,1
41316,0,0,0,0,1
41317,0,0,0,0,1
41318,0,0,0,0,1
41319,0,0,0,0,1
41320,0,0,0,0,1
41321,0,0,0,0,1
41322,0,0,0,0,1
41323,0,0,0,0,1
41324,0,0,0,0,1
41325,0,0,0,0,1
41326,0,0,0,0,1
41327,0,0,0,0,1
41328,0,0,0,0,1
41329,0,0,0,0,1
41330,0,0,0,0,1
41331,0,0,0,0,1
41332,0,0,0,0,1
41333,0,0,0,0,1
41334,0,0,0,0,1
41335,0,0,0,0,1
41336,0,0,0,0,1
41337,0,0,0,0,1
41338,0,0,0,0,1
41339,0,0,0,0,1
41340,0,0,0,0,1
41341,0,0,0,0,1
41342,0,0,0,0,1
41343,0,0,0,0,1
41344,0,0,0,0,1
41345,0,0,0,0,1
41346,0,0,0,0,1
41347,0,0,0,0,1
41348,0,0,0,0,1
41349,0,0,0,0,1
41350,0,0,0,0,1
41351,0,0,0,0,1
41352,0,0,0,0,1
41353,0,0,0,0,1
41354,0,0,0,0,1
41355,0,0,0,0,1
41356,0,0,0,0,1
41357,0,0,0,0,1
41358,0,0,0,0,1
41359,0,0,0,0,1
41360,0,0,0,0,1
41361,0,0,0,0,1
41362,0,0,0,0,1
41363,0,0,0,0,1
41364,0,0,0,0,1
41365,0,0,0,0,1
41366,0,0,0,0,1
41367,0,0,0,0,1
41368,0,0,0,0,1
41369,0,0,0,0,1
41370,0,0,0,0,1
41371,0,0,0,0,1
41372,0,0,0,0,1
41373,0,0,0,0,1
41374,0,0,0,0,1
41375,0,0,0,0,1
41376,0,0,0,0,1
41377,0,0,0,0,1
41378,0,0,0,0,1
41379,0,0,0,0,1
41380,0,0,0,0,1
41381,0,0,0,0,1
41382,0,0,0,0,1
41383,0,0,0,0,1
41384,0,0,0,0,1
41385,0,0,0,0,1
41386,0,0,0,0,1
41387,0,0,0,0,1
41388,0,0,0,0,1
41389,0,0,0,0,1
41390,0,0,0,0,1
41391,0,0,0,0,1
41392,0,0,0,0,1
41393,0,0,0,0,1
41394,0,0,0,0,1
41395,0,0,0,0,1
41396,0,0,0,0,1
41397,0,0,0,0,1
41398,0,0,0,0,1
41399,0,0,0,0,1
41400,0,0,0,0,1
41401,0,0,0,0,1
41402,0,0,0,0,1
41403,0,0,0,0,1
41404,0,0,0,0,1
41405,0,0,0,0,1
41406,0,0,0,0,1
41407,0,0,0,0,1
41408,0,0,0,0,1
41409,0,0,0,0,1
41410,0,0,0,0,1
41411,0,0,0,0,1
41412,0,0,0,0,1
41413,0,0,0,0,1
41414,0,0,0,0,1
41415,0,0,0,0,1
41416,0,0,0,0,1
41417,0,0,0,0,1
41418,0,0,0,0,1
41419,0,0,0,0,1
41420,0,0,0,0,1
41421,0,0,0,0,1
41422,0,0,0,0,1
41423,0,0,0,0,1
41424,0,0,0,0,1
41425,0,0,0,0,1
41426,0,0,0,0,1
41427,0,0,0,0,1
41428,0,0,0,0,1
41429,0,0,0,0,1
41430,0,0,0,0,1
41431,0,0,0,0,1
41432,0,0,0,0,1
41433,0,0,0,0,1
41434,0,0,0,0,1
41435,0,0,0,0,1
41436,0,0,0,0,1
41437,0,0,0,0,1
41438,0,0,0,0,1
41439,0,0,0,0,1
41440,0,0,0,0,1
41441,0,0,0,0,1
41442,0,0,0,0,1
41443,0,0,0,0,1
41444,0,0,0,0,1
41445,0,0,0,0,1
41446,0,0,0,0,1
41447,0,0,0,0,1
41448,0,0,0,0,1
41449,0,0,0,0,1
41450,0,0,0,0,1
41451,0,0,0,0,1
41452,0,0,0,0,1
41453,0,0,0,0,1
41454,0,0,0,0,1
41455,0,0,0,0,1
41456,0,0,0,0,1
41457,0,0,0,0,1
41458,0,0,0,0,1
41459,0,0,0,0,1
41460,0,0,0,0,1
41461,0,0,0,0,1
41462,0,0,0,0,1
41463,0,0,0,0,1
41464,0,0,0,0,1
41465,0,0,0,0,1
41466,0,0,0,0,1
41467,0,0,0,0,1
41468,0,0,0,0,1
41469,0,0,0,0,1
41470,0,0,0,0,1
41471,1,0,0,0,0
41472,1,0,0,0,0
41473,1,0,0,0,0
41474,1,0,0,0,0
41475,1,0,0,0,0
41476,1,0,0,0,0
41477,1,0,0,0,0
41478,1,0,0,0,0
41479,1,0,0,0,0
41480,1,0,0,0,0
41481,1,0,0,0,0
41482,1,0,0,0,0
41483,1,0,0,0,0
41484,1,0,0,0,0
41485,0,0,0,0,1
41486,0,0,0,0,1
41487,0,0,0,0,1
41488,0,0,0,0,1
41489,0,0,0,0,1
41490,0,0,0,0,1
41491,0,0,0,0,1
41492,0,0,0,0,1
41493,0,0,0,0,1
41494,0,0,0,0,1
41495,0,0,0,0,1
41496,0,0,0,0,1
41497,0,0,0,0,1
41498,0,0,0,0,1
41499,0,0,0,0,1
41500,0,0,0,0,1
41501,1,0,0,0,0
41502,1,0,0,0,0
41503,1,0,0,0,0
41504,1,0,0,0,0
41505,1,0,0,0,0
41506,1,0,0,0,0
41507,1,0,0,0,0
41508,1,0,0,0,0
41509,1,0,0,0,0
41510,1,0,0,0,0
41511,1,0,0,0,0
41512,1,0,0,0,0
41513,1,0,0,0,0
41514,1,0,0,0,0
41515,1,0,0,0,0
41516,1,0,0,0,0
41517,1,0,0,0,0
41518,1,0,0,0,0
41519,1,0,0,0,0
41520,1,0,0,0,0
41521,1,0,0,0,0
41522,1,0,0,0,0
41523,1,0,0,0,0
41524,1,0,0,0,0
41525,1,0,0,0,0
41526,1,0,0,0,0
41527,1,0,0,0,0
41528,1,0,0,0,0
41529,1,0,0,0,0
41530,1,0,0,0,0
41531,1,0,0,0,0
41532,1,0,0,0,0
41533,1,0,0,0,0
41534,1,0,0,0,0
41535,1,0,0,0,0
41536,1,0,0,0,0
41537,1,0,0,0,0
41538,1,0,0,0,0
41539,1,0,0,0,0
41540,1,0,0,0,0
41541,1,0,0,0,0
41542,1,0,0,0,0
41543,1,0,0,0,0
41544,1,0,0,0,0
41545,1,0,0,0,0
41546,1,0,0,0,0
41547,1,0,0,0,0
41548,1,0,0,0,0
41549,1,0,0,0,0
41550,1,0,0,0,0
41551,1,0,0,0,0
41552,1,0,0,0,0
41553,1,0,0,0,0
41554,1,0,0,0,0
41555,1,0,0,0,0
41556,1,0,0,0,0
41557,1,0,0,0,0
41558,1,0,0,0,0
41559,1,0,0,0,0
41560,1,0,0,0,0
41561,1,0,0,0,0
41562,1,0,0,0,0
41563,1,0,0,0,0
41564,1,0,0,0,0
41565,1,0,0,0,0
41566,1,0,0,0,0
41567,1,0,0,0,0
41568,1,0,0,0,0
41569,1,0,0,0,0
41570,1,0,0,0,0
41571,1,0,0,0,0
41572,1,0,0,0,0
41573,1,0,0,0,0
41574,1,0,0,0,0
41575,1,0,0,0,0
41576,1,0,0,0,0
41577,1,0,0,0,0
41578,1,0,0,0,0
41579,1,0,0,0,0
41580,1,0,0,0,0
41581,1,0,0,0,0
41582,1,0,0,0,0
41583,1,0,0,0,0
41584,0,0,0,0,1
41585,0,0,0,0,1
41586,0,0,0,0,1
41587,0,0,0,0,1
41588,0,0,0,0,1
41589,0,0,0,0,1
41590,0,0,0,0,1
41591,0,0,0,0,1
41592,0,0,0,0,1
41593,0,0,0,0,1
41594,0,0,0,0,1
41595,0,0,0,0,1
41596,0,0,0,0,1
41597,0,0,0,0,1
41598,0,0,0,0,1
41599,0,0,0,0,1
41600,0,0,0,0,1
41601,0,0,0,0,1
41602,0,0,0,0,1
41603,0,0,0,0,1
41604,0,0,0,0,1
41605,0,0,0,0,1
41606,0,0,0,0,1
41607,0,0,0,0,1
41608,0,0,0,0,1
41609,0,0,0,0,1
41610,0,0,0,0,1
41611,0,0,0,0,1
41612,0,0,0,0,1
41613,0,0,0,0,1
41614,0,0,0,0,1
41615,0,0,0,0,1
41616,0,0,0,0,1
41617,0,0,0,0,1
41618,0,0,0,0,1
41619,0,0,0,0,1
41620,0,0,0,0,1
41621,0,0,0,0,1
41622,0,0,0,0,1
41623,0,0,0,0,1
41624,0,0,0,0,1
41625,0,0,0,0,1
41626,0,0,0,0,1
41627,0,0,0,0,1
41628,0,0,0,0,1
41629,0,0,0,0,1
41630,0,0,0,0,1
41631,0,0,0,0,1
41632,0,0,0,0,1
41633,0,0,0,0,1
41634,0,0,0,0,1
41635,0,0,0,0,1
41636,0,0,0,0,1
41637,0,0,0,0,1
41638,0,0,0,0,1
41639,0,0,0,0,1
41640,0,0,0,0,1
41641,0,0,0,0,1
41642,0,0,0,0,1
41643,0,0,0,0,1
41644,0,0,0,0,1
41645,0,0,0,0,1
41646,0,0,0,0,1
41647,0,0,0,0,1
41648,0,0,0,0,1
41649,0,0,0,0,1
41650,0,0,0,0,1
41651,0,0,0,0,1
41652,0,0,0,0,1
41653,0,0,0,0,1
41654,0,0,0,0,1
41655,0,0,0,0,1
41656,0,0,0,0,1
41657,0,0,0,0,1
41658,0,0,0,0,1
41659,0,0,0,0,1
41660,0,0,0,0,1
41661,0,0,0,0,1
41662,0,0,0,0,1
41663,0,0,0,0,1
41664,0,0,0,0,1
41665,0,0,0,0,1
41666,0,0,0,0,1
41667,0,0,0,0,1
41668,0,0,0,0,1
41669,0,0,0,0,1
41670,0,0,0,0,1
41671,0,0,0,0,1
41672,0,0,0,0,1
41673,0,0,0,0,1
41674,0,0,0,0,1
41675,0,0,0,0,1
41676,0,0,0,0,1
41677,0,0,0,0,1
41678,0,0,0,0,1
41679,0,0,0,0,1
41680,0,0,0,0,1
41681,0,0,0,0,1
41682,0,0,0,0,1
41683,0,0,0,0,1
41684,0,0,0,0,1
41685,0,0,0,0,1
41686,0,0,0,0,1
41687,0,0,0,0,1
41688,0,0,0,0,1
41689,0,0,0,0,1
41690,0,0,0,0,1
41691,0,0,0,0,1
41692,0,0,0,0,1
41693,0,0,0,0,1
41694,0,0,0,0,1
41695,0,0,0,0,1
41696,0,0,0,0,1
41697,0,0,0,0,1
41698,0,0,0,0,1
41699,0,0,0,0,1
41700,0,0,0,0,1
41701,0,0,0,0,1
41702,0,0,0,0,1
41703,0,0,0,0,1
41704,0,0,0,0,1
41705,0,0,0,0,1
41706,0,0,0,0,1
41707,0,0,0,0,1
41708,0,0,0,0,1
41709,0,0,0,0,1
41710,0,0,0,0,1
41711,0,0,0,0,1
41712,0,0,0,0,1
41713,0,0,0,0,1
41714,0,0,0,0,1
41715,0,0,0,0,1
41716,0,0,0,0,1
41717,0,0,0,0,1
41718,0,0,0,0,1
41719,0,0,0,0,1
41720,0,0,0,0,1
41721,0,0,0,0,1
41722,0,0,0,0,1
41723,0,0,0,0,1
41724,0,0,0,0,1
41725,0,0,0,0,1
41726,0,0,0,0,1
41727,0,0,0,0,1
41728,0,0,0,0,1
41729,0,0,0,0,1
41730,0,0,0,0,1
41731,0,0,0,0,1
41732,0,0,1,0,0
41733,0,0,1,0,0
41734,0,0,1,0,0
41735,0,0,1,0,0
41736,0,0,1,0,0
41737,0,0,1,0,0
41738,0,0,1,0,0
41739,0,0,1,0,0
41740,0,0,1,0,0
41741,0,0,1,0,0
41742,0,0,1,0,0
41743,0,0,1,0,0
41744,0,0,1,0,0
41745,0,0,1,0,0
41746,0,0,1,0,0
41747,0,0,1,0,0
41748,0,0,1,0,0
41749,0,0,1,0,0
41750,0,0,1,0,0
41751,0,0,1,0,0
41752,0,0,1,0,0
41753,0,0,1,0,0
41754,0,0,1,0,0
41755,0,0,1,0,0
41756,0,0,1,0,0
41757,0,0,1,0,0
41758,0,0,1,0,0
41759,0,0,1,0,0
41760,0,0,1,0,0
41761,0,0,1,0,0
41762,0,0,1,0,0
41763,0,0,1,0,0
41764,0,0,1,0,0
41765,0,0,1,0,0
41766,0,0,1,0,0
41767,0,0,1,0,0
41768,0,0,1,0,0
41769,0,0,1,0,0
41770,0,0,1,0,0
41771,0,0,1,0,0
41772,0,0,1,0,0
41773,0,0,1,0,0
41774,0,0,1,0,0
41775,0,0,1,0,0
41776,0,0,1,0,0
41777,0,0,1,0,0
41778,0,0,1,0,0
41779,0,0,1,0,0
41780,0,0,1,0,0
41781,0,0,1,0,0
41782,0,0,1,0,0
41783,0,0,1,0,0
41784,0,0,1,0,0
41785,0,0,1,0,0
41786,0,0,1,0,0
41787,0,0,1,0,0
41788,0,0,1,0,0
41789,0,0,1,0,0
41790,0,0,1,0,0
41791,0,0,1,0,0
41792,0,0,1,0,0
41793,0,0,1,0,0
41794,0,0,1,0,0
41795,0,0,1,0,0
41796,0,0,1,0,0
41797,0,0,1,0,0
41798,0,0,1,0,0
41799,0,0,0,0,1
41800,0,0,0,0,1
41801,0,0,0,0,1
41802,0,0,0,0,1
41803,0,0,0,0,1
41804,0,0,0,0,1
41805,0,0,0,0,1
41806,0,0,0,0,1
41807,0,0,0,0,1
41808,0,0,0,0,1
41809,0,0,0,0,1
41810,0,0,0,0,1
41811,0,0,0,0,1
41812,0,0,0,0,1
41813,0,0,0,0,1
41814,0,0,0,0,1
41815,0,0,0,0,1
41816,0,0,0,0,1
41817,0,0,0,0,1
41818,0,0,0,0,1
41819,0,0,0,0,1
41820,0,0,0,0,1
41821,0,0,0,0,1
41822,0,0,0,0,1
41823,0,0,0,0,1
41824,0,0,0,0,1
41825,0,0,0,0,1
41826,0,0,0,0,1
41827,0,0,0,0,1
41828,0,0,0,0,1
41829,0,0,0,0,1
41830,0,0,0,0,1
41831,0,0,0,0,1
41832,0,0,0,0,1
41833,0,0,0,0,1
41834,0,0,0,0,1
41835,0,0,0,0,1
41836,0,0,0,0,1
41837,0,0,0,0,1
41838,0,0,0,0,1
41839,0,0,0,0,1
41840,0,0,0,0,1
41841,0,0,0,0,1
41842,0,0,0,0,1
41843,0,0,0,0,1
41844,0,0,0,0,1
41845,0,0,0,0,1
41846,0,0,0,0,1
41847,0,0,0,0,1
41848,0,0,0,0,1
41849,0,0,0,0,1
41850,0,0,0,0,1
41851,0,0,0,0,1
41852,0,0,0,0,1
41853,0,0,0,0,1
41854,0,0,0,0,1
41855,0,0,0,0,1
41856,0,0,0,0,1
41857,0,0,0,0,1
41858,0,0,0,0,1
41859,0,0,0,0,1
41860,0,0,0,0,1
41861,0,0,0,0,1
41862,0,0,0,0,1
41863,0,0,0,0,1
41864,0,0,0,0,1
41865,0,0,0,0,1
41866,0,0,0,0,1
41867,0,0,0,0,1
41868,0,0,0,0,1
41869,0,0,0,0,1
41870,0,0,0,0,1
41871,0,0,1,0,0
41872,0,0,1,0,0
41873,0,0,1,0,0
41874,0,0,1,0,0
41875,0,0,1,0,0
41876,0,0,1,0,0
41877,0,0,1,0,0
41878,0,0,1,0,0
41879,0,0,1,0,0
41880,0,0,1,0,0
41881,0,0,1,0,0
41882,0,0,1,0,0
41883,0,0,1,0,0
41884,0,0,1,0,0
41885,0,0,1,0,0
41886,0,0,1,0,0
41887,0,0,1,0,0
41888,0,0,1,0,0
41889,0,0,1,0,0
41890,0,0,1,0,0
41891,0,0,1,0,0
41892,0,0,1,0,0
41893,0,0,1,0,0
41894,0,0,1,0,0
41895,0,0,1,0,0
41896,0,0,1,0,0
41897,0,0,1,0,0
41898,0,0,1,0,0
41899,0,0,1,0,0
41900,0,0,1,0,0
41901,0,0,1,0,0
41902,0,0,1,0,0
41903,0,0,1,0,0
41904,0,0,1,0,0
41905,0,0,1,0,0
41906,0,0,1,0,0
41907,0,0,1,0,0
41908,0,0,1,0,0
41909,0,0,1,0,0
41910,0,0,1,0,0
41911,0,0,1,0,0
41912,0,0,1,0,0
41913,0,0,1,0,0
41914,0,0,1,0,0
41915,0,0,1,0,0
41916,0,0,1,0,0
41917,0,0,1,0,0
41918,0,0,1,0,0
41919,0,0,1,0,0
41920,0,0,1,0,0
41921,0,0,1,0,0
41922,0,0,1,0,0
41923,0,0,1,0,0
41924,0,0,1,0,0
41925,0,0,1,0,0
41926,0,0,1,0,0
41927,0,0,1,0,0
41928,0,0,1,0,0
41929,0,0,1,0,0
41930,0,0,1,0,0
41931,0,0,1,0,0
41932,0,0,0,0,1
41933,0,0,0,0,1
41934,0,0,0,0,1
41935,0,0,0,0,1
41936,0,0,0,0,1
41937,0,0,0,0,1
41938,0,0,0,0,1
41939,0,0,0,0,1
41940,0,0,0,0,1
41941,0,0,0,0,1
41942,0,0,0,0,1
41943,0,0,0,0,1
41944,0,0,0,0,1
41945,0,0,0,0,1
41946,0,0,0,0,1
41947,0,0,0,0,1
41948,0,0,0,0,1
41949,0,0,0,0,1
41950,0,0,0,0,1
41951,0,0,0,0,1
41952,0,0,0,0,1
41953,0,0,0,0,1
41954,0,0,0,0,1
41955,0,0,0,0,1
41956,0,0,0,0,1
41957,0,0,0,0,1
41958,0,0,0,0,1
41959,0,0,0,0,1
41960,0,0,0,0,1
41961,0,0,0,0,1
41962,0,0,0,0,1
41963,0,0,0,0,1
41964,0,0,0,0,1
41965,0,0,0,0,1
41966,0,0,0,0,1
41967,0,0,0,0,1
41968,0,0,0,0,1
41969,0,0,0,0,1
41970,0,0,0,0,1
41971,0,0,0,0,1
41972,0,0,0,0,1
41973,0,0,0,0,1
41974,0,0,0,0,1
41975,0,0,0,0,1
41976,0,0,0,0,1
41977,0,0,0,0,1
41978,0,0,0,0,1
41979,0,0,0,0,1
41980,0,0,0,0,1
41981,0,0,0,0,1
41982,0,0,0,0,1
41983,0,0,0,0,1
41984,0,0,0,0,1
41985,0,0,0,0,1
41986,0,0,0,0,1
41987,0,0,0,0,1
41988,0,0,0,0,1
41989,0,0,0,0,1
41990,0,0,0,0,1
41991,0,0,0,0,1
41992,0,0,0,0,1
41993,0,0,0,0,1
41994,0,0,0,0,1
41995,0,0,0,0,1
41996,0,0,0,0,1
41997,0,0,0,0,1
41998,0,0,0,0,1
41999,0,0,0,0,1
42000,0,0,0,0,1
42001,0,0,0,0,1
42002,0,0,0,0,1
42003,0,0,0,0,1
42004,0,0,0,0,1
42005,0,0,0,0,1
42006,0,0,0,0,1
42007,0,0,0,0,1
42008,0,0,0,0,1
42009,0,0,0,0,1
42010,0,0,0,0,1
42011,0,0,0,0,1
42012,0,0,0,0,1
42013,0,0,0,0,1
42014,0,0,0,0,1
42015,0,0,0,0,1
42016,0,0,0,0,1
42017,0,0,0,0,1
42018,0,0,0,0,1
42019,0,0,0,0,1
42020,0,0,0,0,1
42021,0,0,0,0,1
42022,0,0,0,0,1
42023,0,0,0,0,1
42024,0,0,0,0,1
42025,0,0,0,0,1
42026,0,0,0,0,1
42027,0,0,0,0,1
42028,0,0,0,0,1
42029,0,0,0,0,1
42030,0,0,0,0,1
42031,0,0,0,0,1
42032,0,0,0,0,1
42033,0,0,0,0,1
42034,0,0,0,0,1
42035,0,0,0,0,1
42036,0,0,0,0,1
42037,0,0,0,0,1
42038,0,0,0,0,1
42039,0,0,0,0,1
42040,0,0,0,0,1
42041,0,0,0,0,1
42042,0,0,0,0,1
42043,0,0,0,0,1
42044,0,0,0,0,1
42045,0,0,0,0,1
42046,0,0,0,0,1
42047,0,0,0,0,1
42048,0,0,0,0,1
42049,0,0,0,0,1
42050,0,0,0,0,1
42051,0,0,0,0,1
42052,0,0,0,0,1
42053,0,0,0,0,1
42054,0,0,0,0,1
42055,0,0,0,0,1
42056,0,0,0,0,1
42057,0,0,0,0,1
42058,0,0,0,0,1
42059,0,0,0,0,1
42060,0,0,0,0,1
42061,0,0,0,0,1
42062,0,0,0,0,1
42063,0,0,0,0,1
42064,0,0,0,0,1
42065,0,0,0,0,1
42066,0,0,0,0,1
42067,0,0,0,0,1
42068,0,0,0,0,1
42069,0,0,0,0,1
42070,0,0,0,0,1
42071,0,0,0,0,1
42072,0,0,0,0,1
42073,0,0,0,0,1
42074,0,0,0,0,1
42075,0,0,0,0,1
42076,0,0,0,0,1
42077,0,0,0,0,1
42078,0,0,0,0,1
42079,0,0,0,0,1
42080,0,0,0,0,1
42081,0,0,0,0,1
42082,0,0,0,0,1
42083,0,0,0,0,1
42084,0,0,0,0,1
42085,0,0,0,0,1
42086,0,0,0,0,1
42087,0,0,0,0,1
42088,0,0,0,0,1
42089,0,0,0,0,1
42090,0,0,0,0,1
42091,0,0,0,0,1
42092,0,0,0,0,1
42093,0,0,0,0,1
42094,0,0,0,0,1
42095,0,0,0,0,1
42096,0,0,0,0,1
42097,0,0,0,0,1
42098,0,0,0,0,1
42099,0,0,0,0,1
42100,0,0,0,0,1
42101,0,0,0,0,1
42102,0,0,0,0,1
42103,0,0,0,0,1
42104,0,0,0,0,1
42105,0,0,0,0,1
42106,0,0,0,0,1
42107,0,0,0,0,1
42108,0,0,0,0,1
42109,0,0,0,0,1
42110,0,0,0,0,1
42111,0,0,0,0,1
42112,0,0,0,0,1
42113,0,0,0,0,1
42114,0,0,0,0,1
42115,0,0,0,0,1
42116,0,0,0,0,1
42117,0,0,0,0,1
42118,0,0,0,0,1
42119,0,0,0,0,1
42120,0,0,0,0,1
42121,0,0,0,0,1
42122,0,0,0,0,1
42123,0,0,0,0,1
42124,0,0,0,0,1
42125,0,0,0,0,1
42126,0,0,0,0,1
42127,0,0,0,0,1
42128,0,0,0,0,1
42129,0,0,0,0,1
42130,0,0,0,0,1
42131,0,0,0,0,1
42132,0,0,0,0,1
42133,0,0,0,0,1
42134,0,0,0,0,1
42135,0,0,0,0,1
42136,0,0,0,0,1
42137,0,0,0,0,1
42138,0,0,0,0,1
42139,0,0,0,0,1
42140,0,0,0,0,1
42141,0,0,0,0,1
42142,0,0,0,0,1
42143,0,0,0,0,1
42144,0,0,0,0,1
42145,0,0,0,0,1
42146,0,0,0,0,1
42147,0,0,0,0,1
42148,0,0,0,0,1
42149,0,0,0,0,1
42150,0,0,0,0,1
42151,0,0,0,0,1
42152,0,0,0,0,1
42153,0,0,0,0,1
42154,0,0,0,0,1
42155,0,0,0,0,1
42156,0,0,0,0,1
42157,0,0,0,0,1
42158,0,0,0,0,1
42159,0,0,0,0,1
42160,0,0,0,0,1
42161,0,0,0,0,1
42162,0,0,0,0,1
42163,0,0,0,0,1
42164,0,0,0,0,1
42165,0,0,0,0,1
42166,0,0,0,0,1
42167,0,0,0,0,1
42168,0,0,0,0,1
42169,0,0,0,0,1
42170,0,0,0,0,1
42171,0,0,0,0,1
42172,0,0,0,0,1
42173,0,0,0,0,1
42174,0,0,0,0,1
42175,0,0,0,0,1
42176,0,0,0,0,1
42177,0,0,0,0,1
42178,0,0,0,0,1
42179,0,0,0,0,1
42180,0,0,0,0,1
42181,1,0,0,0,0
42182,1,0,0,0,0
42183,1,0,0,0,0
42184,1,0,0,0,0
42185,1,0,0,0,0
42186,1,0,0,0,0
42187,1,0,0,0,0
42188,1,0,0,0,0
42189,1,0,0,0,0
42190,1,0,0,0,0
42191,1,0,0,0,0
42192,1,0,0,0,0
42193,1,0,0,0,0
42194,1,0,0,0,0
42195,1,0,0,0,0
42196,1,0,0,0,0
42197,1,0,0,0,0
42198,1,0,0,0,0
42199,1,0,0,0,0
42200,1,0,0,0,0
42201,1,0,0,0,0
42202,1,0,0,0,0
42203,1,0,0,0,0
42204,1,0,0,0,0
42205,1,0,0,0,0
42206,1,0,0,0,0
42207,1,0,0,0,0
42208,1,0,0,0,0
42209,1,0,0,0,0
42210,1,0,0,0,0
42211,1,0,0,0,0
42212,1,0,0,0,0
42213,1,0,0,0,0
42214,1,0,0,0,0
42215,1,0,0,0,0
42216,1,0,0,0,0
42217,1,0,0,0,0
42218,1,0,0,0,0
42219,1,0,0,0,0
42220,1,0,0,0,0
42221,1,0,0,0,0
42222,1,0,0,0,0
42223,1,0,0,0,0
42224,1,0,0,0,0
42225,1,0,0,0,0
42226,1,0,0,0,0
42227,1,0,0,0,0
42228,1,0,0,0,0
42229,1,0,0,0,0
42230,1,0,0,0,0
42231,1,0,0,0,0
42232,1,0,0,0,0
42233,1,0,0,0,0
42234,1,0,0,0,0
42235,1,0,0,0,0
42236,1,0,0,0,0
42237,1,0,0,0,0
42238,1,0,0,0,0
42239,1,0,0,0,0
42240,1,0,0,0,0
42241,1,0,0,0,0
42242,1,0,0,0,0
42243,1,0,0,0,0
42244,1,0,0,0,0
42245,0,0,0,0,1
42246,0,0,0,0,1
42247,0,0,0,0,1
42248,0,0,0,0,1
42249,0,0,0,0,1
42250,0,0,0,0,1
42251,0,0,0,0,1
42252,0,0,0,0,1
42253,0,0,0,0,1
42254,0,0,0,0,1
42255,0,0,0,0,1
42256,0,0,0,0,1
42257,0,0,0,0,1
42258,0,0,0,0,1
42259,0,0,0,0,1
42260,0,0,0,0,1
42261,0,0,0,0,1
42262,0,0,0,0,1
42263,0,0,0,0,1
42264,0,0,0,0,1
42265,0,0,0,0,1
42266,0,0,0,0,1
42267,0,0,0,0,1
42268,0,0,0,0,1
42269,0,0,0,0,1
42270,0,0,0,0,1
42271,0,0,0,0,1
42272,0,0,0,0,1
42273,0,0,0,0,1
42274,0,0,0,0,1
42275,0,0,0,0,1
42276,0,0,0,0,1
42277,0,0,0,0,1
42278,0,0,0,0,1
42279,0,0,0,0,1
42280,0,0,0,0,1
42281,0,0,0,0,1
42282,0,0,0,0,1
42283,0,0,0,0,1
42284,0,0,0,0,1
42285,0,0,0,0,1
42286,0,0,0,0,1
42287,0,0,0,0,1
42288,0,0,0,0,1
42289,0,0,0,0,1
42290,0,0,0,0,1
42291,0,0,0,0,1
42292,0,0,0,0,1
42293,0,0,0,0,1
42294,0,0,0,0,1
42295,0,0,0,0,1
42296,0,0,0,0,1
42297,0,0,0,0,1
42298,0,0,0,0,1
42299,0,0,0,0,1
42300,0,0,0,0,1
42301,0,0,0,0,1
42302,0,0,0,0,1
42303,0,0,0,0,1
42304,0,0,0,0,1
42305,0,0,0,0,1
42306,0,0,0,0,1
42307,0,0,0,0,1
42308,0,0,0,0,1
42309,0,0,0,0,1
42310,0,0,0,0,1
42311,0,0,0,0,1
42312,0,0,0,0,1
42313,0,0,0,0,1
42314,0,0,0,0,1
42315,0,0,0,0,1
42316,0,0,0,0,1
42317,0,0,0,0,1
42318,0,0,0,0,1
42319,0,0,0,0,1
42320,0,0,0,0,1
42321,0,0,0,0,1
42322,0,0,0,0,1
42323,0,0,0,0,1
42324,0,0,0,0,1
42325,0,0,0,0,1
42326,0,0,0,0,1
42327,0,0,0,0,1
42328,0,0,0,0,1
42329,0,0,0,0,1
42330,0,0,0,0,1
42331,0,0,0,0,1
42332,0,0,0,0,1
42333,0,0,0,0,1
42334,0,0,0,0,1
42335,0,0,0,0,1
42336,0,0,0,0,1
42337,0,0,0,0,1
42338,0,0,0,0,1
42339,0,0,0,0,1
42340,0,0,0,0,1
42341,0,0,0,0,1
42342,0,0,0,0,1
42343,0,0,0,0,1
42344,0,0,0,0,1
42345,0,0,0,0,1
42346,0,0,0,0,1
42347,0,0,0,0,1
42348,0,0,0,0,1
42349,0,0,0,0,1
42350,0,0,0,0,1
42351,0,0,0,0,1
42352,0,0,0,0,1
42353,0,0,0,0,1
42354,0,0,0,0,1
42355,0,0,0,0,1
42356,0,0,0,0,1
42357,0,0,0,0,1
42358,0,0,0,0,1
42359,0,0,0,0,1
42360,0,0,0,0,1
42361,0,0,0,0,1
42362,0,0,0,0,1
42363,0,0,0,0,1
42364,0,0,0,0,1
42365,0,0,0,0,1
42366,0,0,0,0,1
42367,0,0,0,0,1
42368,0,0,0,0,1
42369,0,0,0,0,1
42370,0,0,0,0,1
42371,0,0,0,0,1
42372,0,0,0,0,1
42373,0,0,0,0,1
42374,0,0,0,0,1
42375,0,0,0,0,1
42376,0,0,0,0,1
42377,0,0,0,0,1
42378,0,0,0,0,1
42379,0,0,0,0,1
42380,0,0,0,0,1
42381,0,0,0,0,1
42382,0,0,0,0,1
42383,0,0,0,0,1
42384,0,0,0,0,1
42385,0,0,0,0,1
42386,0,0,0,0,1
42387,0,0,0,0,1
42388,0,0,0,0,1
42389,0,0,0,0,1
42390,0,0,0,0,1
42391,0,0,0,0,1
42392,0,0,0,0,1
42393,0,0,0,0,1
42394,0,0,0,0,1
42395,0,0,0,0,1
42396,0,0,0,0,1
42397,0,0,0,0,1
42398,0,0,0,0,1
42399,0,0,0,0,1
42400,0,0,0,0,1
42401,0,0,0,0,1
42402,0,0,0,0,1
42403,0,0,0,0,1
42404,0,0,0,0,1
42405,0,0,0,0,1
42406,0,0,0,0,1
42407,0,0,0,0,1
42408,0,0,0,0,1
42409,0,0,0,0,1
42410,0,0,0,0,1
42411,0,0,0,0,1
42412,0,0,0,0,1
42413,0,0,0,0,1
42414,0,0,0,0,1
42415,0,0,0,0,1
42416,0,0,0,0,1
42417,0,0,0,0,1
42418,0,0,0,0,1
42419,0,0,0,0,1
42420,0,0,0,0,1
42421,0,0,0,0,1
42422,0,0,0,0,1
42423,0,0,0,0,1
42424,0,0,0,0,1
42425,0,0,0,0,1
42426,0,0,0,0,1
42427,0,0,0,0,1
42428,0,0,0,0,1
42429,0,0,0,0,1
42430,0,0,0,0,1
42431,0,0,0,0,1
42432,0,0,0,0,1
42433,0,0,0,0,1
42434,0,0,0,0,1
42435,0,0,0,0,1
42436,0,0,0,0,1
42437,0,0,0,0,1
42438,0,0,0,0,1
42439,0,0,0,0,1
42440,1,0,0,0,0
42441,1,0,0,0,0
42442,1,0,0,0,0
42443,1,0,0,0,0
42444,1,0,0,0,0
42445,1,0,0,0,0
42446,1,0,0,0,0
42447,1,0,0,0,0
42448,1,0,0,0,0
42449,1,0,0,0,0
42450,1,0,0,0,0
42451,1,0,0,0,0
42452,1,0,0,0,0
42453,1,0,0,0,0
42454,1,0,0,0,0
42455,1,0,0,0,0
42456,0,0,0,0,1
42457,0,0,0,0,1
42458,0,0,0,0,1
42459,0,0,0,0,1
42460,1,0,0,0,0
42461,1,0,0,0,0
42462,1,0,0,0,0
42463,1,0,0,0,0
42464,1,0,0,0,0
42465,1,0,0,0,0
42466,1,0,0,0,0
42467,1,0,0,0,0
42468,1,0,0,0,0
42469,1,0,0,0,0
42470,1,0,0,0,0
42471,1,0,0,0,0
42472,1,0,0,0,0
42473,1,0,0,0,0
42474,1,0,0,0,0
42475,1,0,0,0,0
42476,1,0,0,0,0
42477,1,0,0,0,0
42478,1,0,0,0,0
42479,1,0,0,0,0
42480,1,0,0,0,0
42481,1,0,0,0,0
42482,1,0,0,0,0
42483,1,0,0,0,0
42484,1,0,0,0,0
42485,0,0,0,0,1
42486,0,0,0,0,1
42487,0,0,0,0,1
42488,0,0,0,0,1
42489,0,0,0,0,1
42490,0,0,0,0,1
42491,0,0,0,0,1
42492,0,0,0,0,1
42493,0,0,0,0,1
42494,0,0,0,0,1
42495,0,0,0,0,1
42496,0,0,0,0,1
42497,0,0,0,0,1
42498,0,0,0,0,1
42499,0,0,0,0,1
42500,0,0,0,0,1
42501,0,0,0,0,1
42502,0,0,0,0,1
42503,0,0,0,0,1
42504,0,0,0,0,1
42505,0,0,0,0,1
42506,0,0,0,0,1
42507,0,0,0,0,1
42508,0,0,0,0,1
42509,0,0,0,0,1
42510,0,0,0,0,1
42511,0,0,0,0,1
42512,0,0,0,0,1
42513,0,0,0,0,1
42514,0,0,0,0,1
42515,0,0,0,0,1
42516,0,0,0,0,1
42517,0,0,0,0,1
42518,0,0,0,0,1
42519,0,0,0,0,1
42520,0,0,0,0,1
42521,0,0,0,0,1
42522,0,0,0,0,1
42523,0,0,0,0,1
42524,0,0,0,0,1
42525,0,0,0,0,1
42526,0,0,0,0,1
42527,0,0,0,0,1
42528,0,0,0,0,1
42529,0,0,0,0,1
42530,0,0,0,0,1
42531,0,0,0,0,1
42532,0,0,0,0,1
42533,0,0,0,0,1
42534,0,0,0,0,1
42535,0,0,0,0,1
42536,0,0,0,0,1
42537,0,0,0,0,1
42538,0,0,0,0,1
42539,0,0,0,0,1
42540,0,0,0,0,1
42541,0,0,0,0,1
42542,0,0,0,0,1
42543,0,0,0,0,1
42544,0,0,0,0,1
42545,0,0,0,0,1
42546,0,0,0,0,1
42547,0,0,0,0,1
42548,0,0,0,0,1
42549,0,0,0,0,1
42550,0,0,0,0,1
42551,0,0,0,0,1
42552,0,0,0,0,1
42553,1,0,0,0,0
42554,1,0,0,0,0
42555,1,0,0,0,0
42556,1,0,0,0,0
42557,1,0,0,0,0
42558,1,0,0,0,0
42559,1,0,0,0,0
42560,1,0,0,0,0
42561,1,0,0,0,0
42562,1,0,0,0,0
42563,1,0,0,0,0
42564,1,0,0,0,0
42565,1,0,0,0,0
42566,1,0,0,0,0
42567,1,0,0,0,0
42568,1,0,0,0,0
42569,1,0,0,0,0
42570,1,0,0,0,0
42571,1,0,0,0,0
42572,1,0,0,0,0
42573,1,0,0,0,0
42574,1,0,0,0,0
42575,1,0,0,0,0
42576,1,0,0,0,0
42577,1,0,0,0,0
42578,1,0,0,0,0
42579,1,0,0,0,0
42580,1,0,0,0,0
42581,1,0,0,0,0
42582,1,0,0,0,0
42583,1,0,0,0,0
42584,1,0,0,0,0
42585,1,0,0,0,0
42586,1,0,0,0,0
42587,1,0,0,0,0
42588,1,0,0,0,0
42589,1,0,0,0,0
42590,1,0,0,0,0
42591,1,0,0,0,0
42592,1,0,0,0,0
42593,1,0,0,0,0
42594,1,0,0,0,0
42595,1,0,0,0,0
42596,1,0,0,0,0
42597,1,0,0,0,0
42598,1,0,0,0,0
42599,1,0,0,0,0
42600,1,0,0,0,0
42601,1,0,0,0,0
42602,1,0,0,0,0
42603,1,0,0,0,0
42604,1,0,0,0,0
42605,1,0,0,0,0
42606,1,0,0,0,0
42607,1,0,0,0,0
42608,1,0,0,0,0
42609,1,0,0,0,0
42610,1,0,0,0,0
42611,1,0,0,0,0
42612,1,0,0,0,0
42613,1,0,0,0,0
42614,1,0,0,0,0
42615,1,0,0,0,0
42616,1,0,0,0,0
42617,1,0,0,0,0
42618,1,0,0,0,0
42619,1,0,0,0,0
42620,1,0,0,0,0
42621,1,0,0,0,0
42622,1,0,0,0,0
42623,1,0,0,0,0
42624,1,0,0,0,0
42625,1,0,0,0,0
42626,1,0,0,0,0
42627,1,0,0,0,0
42628,1,0,0,0,0
42629,1,0,0,0,0
42630,1,0,0,0,0
42631,1,0,0,0,0
42632,1,0,0,0,0
42633,1,0,0,0,0
42634,0,0,0,0,1
42635,0,0,0,0,1
42636,0,0,0,0,1
42637,0,0,0,0,1
42638,0,0,0,0,1
42639,0,0,0,0,1
42640,0,0,0,0,1
42641,0,0,0,0,1
42642,0,0,0,0,1
42643,0,0,0,0,1
42644,0,0,0,0,1
42645,0,0,0,0,1
42646,0,0,0,0,1
42647,0,0,0,0,1
42648,0,0,0,0,1
42649,0,0,0,0,1
42650,0,0,0,0,1
42651,0,0,0,0,1
42652,0,0,0,0,1
42653,0,0,0,0,1
42654,0,0,0,0,1
42655,0,0,0,0,1
42656,0,0,0,0,1
42657,0,0,0,0,1
42658,0,0,0,0,1
42659,0,0,0,0,1
42660,0,0,0,0,1
42661,0,0,0,0,1
42662,0,0,0,0,1
42663,0,0,0,0,1
42664,0,0,0,0,1
42665,0,0,0,0,1
42666,0,0,0,0,1
42667,0,0,0,0,1
42668,0,0,0,0,1
42669,0,0,0,0,1
42670,0,0,0,0,1
42671,0,0,0,0,1
42672,0,0,0,0,1
42673,0,0,0,0,1
42674,0,0,0,0,1
42675,0,0,0,0,1
42676,0,0,0,0,1
42677,0,0,0,0,1
42678,0,0,0,0,1
42679,0,0,0,0,1
42680,0,0,0,0,1
42681,0,0,0,0,1
42682,0,0,0,0,1
42683,0,0,0,0,1
42684,0,0,0,0,1
42685,0,0,0,0,1
42686,0,0,0,0,1
42687,0,0,0,0,1
42688,0,0,0,0,1
42689,0,0,0,0,1
42690,0,0,0,0,1
42691,0,0,0,0,1
42692,0,0,0,0,1
42693,0,0,0,0,1
42694,0,0,0,0,1
42695,0,0,0,0,1
42696,0,0,0,0,1
42697,0,0,0,0,1
42698,0,0,0,0,1
42699,0,0,0,0,1
42700,0,0,0,0,1
42701,0,0,0,0,1
42702,0,0,0,0,1
42703,0,0,0,0,1
42704,0,0,0,0,1
42705,0,0,0,0,1
42706,0,0,0,0,1
42707,0,0,0,0,1
42708,0,0,0,0,1
42709,0,0,0,0,1
42710,0,0,0,0,1
42711,0,0,0,0,1
42712,0,0,0,0,1
42713,0,0,0,0,1
42714,0,0,0,0,1
42715,0,0,0,0,1
42716,0,0,0,0,1
42717,0,0,0,0,1
42718,0,0,0,0,1
42719,0,0,0,0,1
42720,0,0,0,0,1
42721,0,0,0,0,1
42722,0,0,0,0,1
42723,0,0,0,0,1
42724,0,0,0,0,1
42725,0,0,0,0,1
42726,0,0,0,0,1
42727,0,0,0,0,1
42728,0,0,0,0,1
42729,0,0,0,0,1
42730,0,0,0,0,1
42731,0,0,0,0,1
42732,0,0,0,0,1
42733,0,0,0,0,1
42734,0,0,0,0,1
42735,0,0,0,0,1
42736,0,0,0,0,1
42737,0,0,0,0,1
42738,0,0,0,0,1
42739,0,0,0,0,1
42740,0,0,0,0,1
42741,0,0,0,0,1
42742,0,0,0,0,1
42743,0,0,0,0,1
42744,0,0,0,0,1
42745,0,0,0,0,1
42746,0,0,0,0,1
42747,0,0,0,0,1
42748,0,0,0,0,1
42749,0,0,0,0,1
42750,0,0,0,0,1
42751,0,0,0,0,1
42752,0,0,0,0,1
42753,0,0,0,0,1
42754,0,0,0,0,1
42755,0,0,0,0,1
42756,0,0,0,0,1
42757,0,0,0,0,1
42758,0,0,0,0,1
42759,0,0,0,0,1
42760,0,0,0,0,1
42761,0,0,0,0,1
42762,0,0,0,0,1
42763,0,0,0,0,1
42764,0,0,0,0,1
42765,0,0,0,0,1
42766,0,0,0,0,1
42767,0,0,0,0,1
42768,0,0,0,0,1
42769,0,0,0,0,1
42770,0,0,0,0,1
42771,0,0,0,0,1
42772,0,0,0,0,1
42773,0,0,0,0,1
42774,0,0,0,0,1
42775,0,0,0,0,1
42776,0,0,0,0,1
42777,0,0,0,0,1
42778,0,0,0,0,1
42779,0,0,0,0,1
42780,0,0,0,0,1
42781,0,0,0,0,1
42782,0,0,0,0,1
42783,0,0,0,0,1
42784,0,0,0,0,1
42785,0,0,0,0,1
42786,0,0,0,0,1
42787,0,0,0,0,1
42788,0,0,0,0,1
42789,0,0,0,0,1
42790,0,0,0,0,1
42791,0,0,0,0,1
42792,0,0,0,0,1
42793,0,0,0,0,1
42794,0,0,0,0,1
42795,0,0,0,0,1
42796,0,0,0,0,1
42797,0,0,0,0,1
42798,0,0,0,0,1
42799,0,0,0,0,1
42800,0,0,0,0,1
42801,0,0,0,0,1
42802,0,0,0,0,1
42803,0,0,0,0,1
42804,0,0,0,0,1
42805,0,0,0,0,1
42806,0,0,0,0,1
42807,0,0,0,0,1
42808,0,0,0,0,1
42809,0,0,0,0,1
42810,0,0,0,0,1
42811,0,0,0,0,1
42812,0,0,0,0,1
42813,0,0,0,0,1
42814,0,0,0,0,1
42815,0,0,0,0,1
42816,0,0,0,0,1
42817,0,0,0,0,1
42818,0,0,0,0,1
42819,0,0,0,0,1
42820,0,0,0,0,1
42821,0,0,0,0,1
42822,1,0,0,0,0
42823,1,0,0,0,0
42824,1,0,0,0,0
42825,1,0,0,0,0
42826,1,0,0,0,0
42827,1,0,0,0,0
42828,1,0,0,0,0
42829,1,0,0,0,0
42830,1,0,0,0,0
42831,1,0,0,0,0
42832,1,0,0,0,0
42833,1,0,0,0,0
42834,1,0,0,0,0
42835,1,0,0,0,0
42836,1,0,0,0,0
42837,1,0,0,0,0
42838,1,0,0,0,0
42839,1,0,0,0,0
42840,1,0,0,0,0
42841,1,0,0,0,0
42842,1,0,0,0,0
42843,1,0,0,0,0
42844,1,0,0,0,0
42845,1,0,0,0,0
42846,1,0,0,0,0
42847,1,0,0,0,0
42848,1,0,0,0,0
42849,1,0,0,0,0
42850,1,0,0,0,0
42851,1,0,0,0,0
42852,1,0,0,0,0
42853,1,0,0,0,0
42854,1,0,0,0,0
42855,1,0,0,0,0
42856,1,0,0,0,0
42857,1,0,0,0,0
42858,1,0,0,0,0
42859,1,0,0,0,0
42860,1,0,0,0,0
42861,1,0,0,0,0
42862,1,0,0,0,0
42863,1,0,0,0,0
42864,1,0,0,0,0
42865,1,0,0,0,0
42866,1,0,0,0,0
42867,1,0,0,0,0
42868,1,0,0,0,0
42869,1,0,0,0,0
42870,1,0,0,0,0
42871,1,0,0,0,0
42872,1,0,0,0,0
42873,1,0,0,0,0
42874,1,0,0,0,0
42875,1,0,0,0,0
42876,1,0,0,0,0
42877,1,0,0,0,0
42878,1,0,0,0,0
42879,1,0,0,0,0
42880,1,0,0,0,0
42881,1,0,0,0,0
42882,1,0,0,0,0
42883,1,0,0,0,0
42884,1,0,0,0,0
42885,1,0,0,0,0
42886,0,0,0,0,1
42887,0,0,0,0,1
42888,0,0,0,0,1
42889,0,0,0,0,1
42890,0,0,0,0,1
42891,0,0,0,0,1
42892,0,0,0,0,1
42893,0,0,0,0,1
42894,0,0,0,0,1
42895,0,0,0,0,1
42896,0,0,0,0,1
42897,0,0,0,0,1
42898,0,0,0,0,1
42899,0,0,0,0,1
42900,1,0,0,0,0
42901,1,0,0,0,0
42902,1,0,0,0,0
42903,1,0,0,0,0
42904,1,0,0,0,0
42905,1,0,0,0,0
42906,1,0,0,0,0
42907,1,0,0,0,0
42908,1,0,0,0,0
42909,1,0,0,0,0
42910,1,0,0,0,0
42911,1,0,0,0,0
42912,1,0,0,0,0
42913,1,0,0,0,0
42914,1,0,0,0,0
42915,1,0,0,0,0
42916,1,0,0,0,0
42917,1,0,0,0,0
42918,1,0,0,0,0
42919,1,0,0,0,0
42920,1,0,0,0,0
42921,1,0,0,0,0
42922,1,0,0,0,0
42923,1,0,0,0,0
42924,1,0,0,0,0
42925,1,0,0,0,0
42926,1,0,0,0,0
42927,1,0,0,0,0
42928,1,0,0,0,0
42929,1,0,0,0,0
42930,1,0,0,0,0
42931,1,0,0,0,0
42932,1,0,0,0,0
42933,1,0,0,0,0
42934,1,0,0,0,0
42935,1,0,0,0,0
42936,1,0,0,0,0
42937,1,0,0,0,0
42938,1,0,0,0,0
42939,1,0,0,0,0
42940,1,0,0,0,0
42941,1,0,0,0,0
42942,1,0,0,0,0
42943,1,0,0,0,0
42944,1,0,0,0,0
42945,1,0,0,0,0
42946,1,0,0,0,0
42947,1,0,0,0,0
42948,1,0,0,0,0
42949,1,0,0,0,0
42950,1,0,0,0,0
42951,1,0,0,0,0
42952,1,0,0,0,0
42953,1,0,0,0,0
42954,1,0,0,0,0
42955,1,0,0,0,0
42956,1,0,0,0,0
42957,1,0,0,0,0
42958,1,0,0,0,0
42959,1,0,0,0,0
42960,1,0,0,0,0
42961,1,0,0,0,0
42962,1,0,0,0,0
42963,0,0,0,0,1
42964,0,0,0,0,1
42965,0,0,0,0,1
42966,0,0,0,0,1
42967,0,0,0,0,1
42968,0,0,0,0,1
42969,0,0,0,0,1
42970,0,0,0,0,1
42971,0,0,0,0,1
42972,0,0,0,0,1
42973,0,0,0,0,1
42974,0,0,0,0,1
42975,0,0,0,0,1
42976,0,0,0,0,1
42977,0,0,0,0,1
42978,0,0,0,0,1
42979,0,0,0,0,1
42980,0,0,0,0,1
42981,0,0,0,0,1
42982,0,0,0,0,1
42983,0,0,0,0,1
42984,0,0,0,0,1
42985,0,0,0,0,1
42986,0,0,0,0,1
42987,0,0,0,0,1
42988,0,0,0,0,1
42989,0,0,0,0,1
42990,0,0,0,0,1
42991,1,0,0,0,0
42992,1,0,0,0,0
42993,1,0,0,0,0
42994,1,0,0,0,0
42995,1,0,0,0,0
42996,1,0,0,0,0
42997,1,0,0,0,0
42998,1,0,0,0,0
42999,1,0,0,0,0
43000,1,0,0,0,0
43001,1,0,0,0,0
43002,1,0,0,0,0
43003,1,0,0,0,0
43004,1,0,0,0,0
43005,1,0,0,0,0
43006,1,0,0,0,0
43007,1,0,0,0,0
43008,1,0,0,0,0
43009,1,0,0,0,0
43010,1,0,0,0,0
43011,1,0,0,0,0
43012,1,0,0,0,0
43013,1,0,0,0,0
43014,1,0,0,0,0
43015,1,0,0,0,0
43016,1,0,0,0,0
43017,1,0,0,0,0
43018,1,0,0,0,0
43019,1,0,0,0,0
43020,1,0,0,0,0
43021,1,0,0,0,0
43022,1,0,0,0,0
43023,1,0,0,0,0
43024,1,0,0,0,0
43025,1,0,0,0,0
43026,1,0,0,0,0
43027,1,0,0,0,0
43028,1,0,0,0,0
43029,1,0,0,0,0
43030,0,1,0,0,0
43031,0,1,0,0,0
43032,0,1,0,0,0
43033,0,1,0,0,0
43034,0,1,0,0,0
43035,0,1,0,0,0
43036,0,1,0,0,0
43037,0,1,0,0,0
43038,0,1,0,0,0
43039,0,1,0,0,0
43040,0,1,0,0,0
43041,0,1,0,0,0
43042,0,1,0,0,0
43043,0,0,0,0,1
43044,0,0,0,0,1
43045,0,0,0,0,1
43046,0,0,0,0,1
43047,0,0,0,0,1
43048,0,0,0,0,1
43049,0,0,0,0,1
43050,0,0,0,0,1
43051,0,0,0,0,1
43052,0,0,0,0,1
43053,0,0,0,0,1
43054,0,0,0,0,1
43055,0,0,0,0,1
43056,0,0,0,0,1
43057,0,0,0,0,1
43058,0,0,0,0,1
43059,0,0,0,0,1
43060,0,0,0,0,1
43061,0,0,0,0,1
43062,0,0,0,0,1
43063,0,0,0,0,1
43064,0,0,0,0,1
43065,0,0,0,0,1
43066,0,0,0,0,1
43067,0,0,0,0,1
43068,0,0,0,0,1
43069,0,0,0,0,1
43070,0,0,0,0,1
43071,0,0,0,0,1
43072,0,0,0,0,1
43073,0,0,0,0,1
43074,0,0,0,0,1
43075,0,0,0,0,1
43076,0,0,0,0,1
43077,0,0,0,0,1
43078,0,0,0,0,1
43079,0,0,0,0,1
43080,0,0,0,0,1
43081,0,0,0,0,1
43082,0,0,0,0,1
43083,0,0,0,0,1
43084,0,0,0,0,1
43085,0,0,0,0,1
43086,0,0,0,0,1
43087,0,0,0,0,1
43088,0,0,0,0,1
43089,0,0,0,0,1
43090,0,0,0,0,1
43091,0,0,0,0,1
43092,0,0,0,0,1
43093,0,0,0,0,1
43094,0,0,0,0,1
43095,0,0,0,0,1
43096,0,0,0,0,1
43097,0,0,0,0,1
43098,0,0,0,0,1
43099,0,0,0,0,1
43100,0,0,0,0,1
43101,0,0,0,0,1
43102,0,0,0,0,1
43103,0,0,0,0,1
43104,0,0,0,0,1
43105,1,0,0,0,0
43106,1,0,0,0,0
43107,1,0,0,0,0
43108,1,0,0,0,0
43109,1,0,0,0,0
43110,1,0,0,0,0
43111,1,0,0,0,0
43112,1,0,0,0,0
43113,1,0,0,0,0
43114,1,0,0,0,0
43115,1,0,0,0,0
43116,1,0,0,0,0
43117,1,0,0,0,0
43118,1,0,0,0,0
43119,1,0,0,0,0
43120,1,0,0,0,0
43121,1,0,0,0,0
43122,1,0,0,0,0
43123,1,0,0,0,0
43124,1,0,0,0,0
43125,1,0,0,0,0
43126,1,0,0,0,0
43127,1,0,0,0,0
43128,1,0,0,0,0
43129,1,0,0,0,0
43130,1,0,0,0,0
43131,1,0,0,0,0
43132,1,0,0,0,0
43133,1,0,0,0,0
43134,1,0,0,0,0
43135,1,0,0,0,0
43136,1,0,0,0,0
43137,1,0,0,0,0
43138,1,0,0,0,0
43139,1,0,0,0,0
43140,0,0,0,0,1
43141,0,0,0,0,1
43142,0,0,0,0,1
43143,0,0,0,0,1
43144,0,0,0,0,1
43145,0,0,0,0,1
43146,0,0,0,0,1
43147,0,0,0,0,1
43148,0,0,0,0,1
43149,0,0,0,0,1
43150,1,0,0,0,0
43151,1,0,0,0,0
43152,1,0,0,0,0
43153,1,0,0,0,0
43154,1,0,0,0,0
43155,1,0,0,0,0
43156,1,0,0,0,0
43157,1,0,0,0,0
43158,1,0,0,0,0
43159,1,0,0,0,0
43160,1,0,0,0,0
43161,1,0,0,0,0
43162,1,0,0,0,0
43163,1,0,0,0,0
43164,1,0,0,0,0
43165,1,0,0,0,0
43166,1,0,0,0,0
43167,1,0,0,0,0
43168,1,0,0,0,0
43169,1,0,0,0,0
43170,0,0,0,0,1
43171,0,0,0,0,1
43172,0,0,0,0,1
43173,0,0,0,0,1
43174,0,0,0,0,1
43175,0,0,0,0,1
43176,0,0,0,0,1
43177,0,0,0,0,1
43178,0,0,0,0,1
43179,0,0,0,0,1
43180,0,0,0,0,1
43181,0,0,0,0,1
43182,0,0,0,0,1
43183,0,0,0,0,1
43184,0,0,0,0,1
43185,0,0,0,0,1
43186,0,0,0,0,1
43187,0,0,0,0,1
43188,0,0,0,0,1
43189,0,0,0,0,1
43190,0,0,0,0,1
43191,0,0,0,0,1
43192,0,0,0,0,1
43193,0,0,0,0,1
43194,0,0,0,0,1
43195,0,0,0,0,1
43196,0,0,0,0,1
43197,0,0,0,0,1
43198,0,0,0,0,1
43199,0,0,0,0,1
43200,0,0,0,0,1
43201,0,0,0,0,1
43202,0,0,0,0,1
43203,0,0,0,0,1
43204,0,0,0,0,1
43205,0,0,0,0,1
43206,0,0,0,0,1
43207,0,0,0,0,1
43208,1,0,0,0,0
43209,1,0,0,0,0
43210,1,0,0,0,0
43211,1,0,0,0,0
43212,1,0,0,0,0
43213,1,0,0,0,0
43214,1,0,0,0,0
43215,1,0,0,0,0
43216,1,0,0,0,0
43217,1,0,0,0,0
43218,1,0,0,0,0
43219,1,0,0,0,0
43220,1,0,0,0,0
43221,1,0,0,0,0
43222,0,0,0,0,1
43223,0,0,0,0,1
43224,0,0,0,0,1
43225,0,0,0,0,1
43226,0,0,0,0,1
43227,0,0,0,0,1
43228,0,0,0,0,1
43229,0,0,0,0,1
43230,0,0,0,0,1
43231,0,0,0,0,1
43232,0,0,0,0,1
43233,0,0,0,0,1
43234,0,0,0,0,1
43235,0,0,0,0,1
43236,0,0,0,0,1
43237,0,0,0,0,1
43238,0,0,0,0,1
43239,0,0,0,0,1
43240,0,0,0,0,1
43241,0,0,0,0,1
43242,0,0,0,0,1
43243,0,0,0,0,1
43244,0,0,0,0,1
43245,0,0,0,0,1
43246,0,0,0,0,1
43247,0,0,0,0,1
43248,0,0,0,0,1
43249,0,0,0,0,1
43250,0,0,0,0,1
43251,0,0,0,0,1
43252,0,0,0,0,1
43253,0,0,0,0,1
43254,0,0,0,0,1
43255,0,0,0,0,1
43256,0,0,0,0,1
43257,0,0,0,0,1
43258,0,0,0,0,1
43259,0,0,0,0,1
43260,0,0,0,0,1
43261,0,0,0,0,1
43262,0,0,0,0,1
43263,0,0,0,0,1
43264,0,0,0,0,1
43265,0,0,0,0,1
43266,0,0,0,0,1
43267,0,0,0,0,1
43268,0,0,0,0,1
43269,0,0,0,0,1
43270,0,0,0,0,1
43271,0,0,0,0,1
43272,0,0,0,0,1
43273,0,0,0,0,1
43274,0,0,0,0,1
43275,0,0,0,0,1
43276,0,0,0,0,1
43277,0,0,0,0,1
43278,0,0,0,0,1
43279,0,0,0,0,1
43280,0,0,0,0,1
43281,0,0,0,0,1
43282,0,0,0,0,1
43283,0,0,0,0,1
43284,0,0,0,0,1
43285,0,0,0,0,1
43286,0,0,0,0,1
43287,0,0,0,0,1
43288,0,0,0,0,1
43289,0,0,0,0,1
43290,0,0,0,0,1
43291,0,0,0,0,1
43292,0,0,0,0,1
43293,0,0,0,0,1
43294,0,0,0,0,1
43295,0,0,0,0,1
43296,0,0,0,0,1
43297,0,0,0,0,1
43298,0,0,0,0,1
43299,0,0,0,0,1
43300,0,0,0,0,1
43301,0,0,0,0,1
43302,0,0,0,0,1
43303,0,0,0,0,1
43304,0,0,0,0,1
43305,0,0,0,0,1
43306,0,0,0,0,1
43307,0,0,0,0,1
43308,0,0,0,0,1
43309,0,0,0,0,1
43310,0,0,0,0,1
43311,0,0,0,0,1
43312,0,0,0,0,1
43313,0,0,0,0,1
43314,0,0,0,0,1
43315,0,0,0,0,1
43316,0,0,0,0,1
43317,0,0,0,0,1
43318,0,0,0,0,1
43319,0,0,0,0,1
43320,0,0,0,0,1
43321,0,0,0,0,1
43322,0,0,0,0,1
43323,0,0,0,0,1
43324,0,0,0,0,1
43325,0,0,0,0,1
43326,0,0,0,0,1
43327,0,0,0,0,1
43328,0,0,0,0,1
43329,0,0,0,0,1
43330,0,0,0,0,1
43331,0,0,0,0,1
43332,0,0,0,0,1
43333,0,0,0,0,1
43334,0,0,0,0,1
43335,0,0,0,0,1
43336,0,0,0,0,1
43337,0,0,0,0,1
43338,0,0,0,0,1
43339,0,0,0,0,1
43340,0,0,0,1,0
43341,0,0,0,1,0
43342,0,0,0,1,0
43343,0,0,0,1,0
43344,0,0,0,1,0
43345,0,0,0,1,0
43346,0,0,0,1,0
43347,0,0,0,1,0
43348,0,0,0,1,0
43349,0,0,0,1,0
43350,0,0,0,1,0
43351,0,0,0,1,0
43352,0,0,0,1,0
43353,0,0,0,1,0
43354,0,0,0,1,0
43355,0,0,0,1,0
43356,0,0,0,1,0
43357,0,0,0,1,0
43358,0,0,0,1,0
43359,0,0,0,1,0
43360,0,0,0,1,0
43361,0,0,0,1,0
43362,0,0,0,1,0
43363,0,0,0,1,0
43364,0,0,0,1,0
43365,0,0,0,1,0
43366,0,0,0,1,0
43367,0,0,0,1,0
43368,0,0,0,1,0
43369,0,0,0,1,0
43370,0,0,0,1,0
43371,0,0,0,1,0
43372,0,0,0,1,0
43373,0,0,0,1,0
43374,0,0,0,1,0
43375,0,0,0,1,0
43376,0,0,0,1,0
43377,0,0,0,1,0
43378,0,0,0,1,0
43379,0,0,0,1,0
43380,0,0,0,1,0
43381,0,0,0,1,0
43382,0,0,0,1,0
43383,0,0,0,1,0
43384,0,0,0,1,0
43385,0,0,0,1,0
43386,0,0,0,1,0
43387,0,0,0,1,0
43388,0,0,0,1,0
43389,0,0,0,1,0
43390,0,0,0,1,0
43391,0,0,0,1,0
43392,0,0,0,1,0
43393,0,0,0,1,0
43394,0,0,0,1,0
43395,0,0,0,1,0
43396,0,0,0,1,0
43397,0,0,0,1,0
43398,0,0,0,1,0
43399,0,0,0,1,0
43400,0,0,0,1,0
43401,0,0,0,1,0
43402,0,0,0,1,0
43403,0,0,0,1,0
43404,0,0,0,1,0
43405,0,0,0,1,0
43406,0,0,0,1,0
43407,0,0,0,0,1
43408,0,0,0,0,1
43409,0,0,0,0,1
43410,0,0,0,0,1
43411,0,0,0,0,1
43412,0,0,0,0,1
43413,0,0,0,0,1
43414,0,0,0,0,1
43415,0,0,0,0,1
43416,0,0,0,0,1
43417,0,0,0,0,1
43418,0,0,0,0,1
43419,0,0,0,0,1
43420,0,0,0,0,1
43421,0,0,0,0,1
43422,0,0,0,0,1
43423,0,0,0,0,1
43424,0,0,0,0,1
43425,0,0,0,0,1
43426,0,0,0,0,1
43427,0,0,0,0,1
43428,0,0,0,0,1
43429,0,0,0,0,1
43430,0,0,0,0,1
43431,0,0,0,0,1
43432,0,0,0,0,1
43433,0,0,0,0,1
43434,0,0,0,0,1
43435,0,0,0,0,1
43436,0,0,0,0,1
43437,0,0,0,0,1
43438,0,0,0,0,1
43439,0,0,0,0,1
43440,0,0,0,0,1
43441,0,0,0,0,1
43442,0,0,0,0,1
43443,0,0,0,0,1
43444,0,0,0,0,1
43445,0,0,0,0,1
43446,0,0,0,0,1
43447,0,0,0,0,1
43448,0,0,0,0,1
43449,0,0,0,0,1
43450,0,0,0,0,1
43451,0,0,0,0,1
43452,0,0,0,0,1
43453,0,0,0,0,1
43454,0,0,0,0,1
43455,0,0,0,0,1
43456,0,0,0,0,1
43457,0,0,0,0,1
43458,0,0,0,0,1
43459,0,0,0,0,1
43460,0,0,0,0,1
43461,0,0,0,0,1
43462,0,0,0,0,1
43463,0,0,0,0,1
43464,0,0,0,0,1
43465,0,0,0,0,1
43466,0,0,0,0,1
43467,0,0,0,0,1
43468,0,0,0,0,1
43469,0,0,0,0,1
43470,0,0,0,0,1
43471,0,0,0,0,1
43472,0,0,0,0,1
43473,0,0,0,0,1
43474,0,0,0,0,1
43475,0,0,0,0,1
43476,0,0,0,0,1
43477,0,0,0,0,1
43478,0,0,0,0,1
43479,0,0,0,0,1
43480,0,0,0,0,1
43481,0,0,0,0,1
43482,0,0,0,0,1
43483,0,0,0,0,1
43484,0,0,0,0,1
43485,0,0,0,0,1
43486,0,0,0,0,1
43487,0,0,0,0,1
43488,0,0,0,0,1
43489,0,0,0,0,1
43490,0,0,0,0,1
43491,0,0,0,0,1
43492,0,0,0,0,1
43493,0,0,0,0,1
43494,0,0,0,0,1
43495,0,0,0,0,1
43496,0,0,0,0,1
43497,0,0,0,0,1
43498,0,0,0,0,1
43499,0,0,0,0,1
43500,0,0,0,0,1
43501,0,0,0,0,1
43502,0,0,0,0,1
43503,0,0,0,0,1
43504,0,0,0,0,1
43505,0,0,0,0,1
43506,0,0,0,0,1
43507,0,0,0,0,1
43508,0,0,0,0,1
43509,0,0,0,0,1
43510,0,0,0,0,1
43511,0,0,0,0,1
43512,0,0,0,0,1
43513,0,0,0,0,1
43514,0,0,0,0,1
43515,0,0,0,0,1
43516,0,0,0,0,1
43517,0,0,0,0,1
43518,0,0,0,0,1
43519,0,0,0,0,1
43520,0,0,0,0,1
43521,0,0,0,0,1
43522,0,0,0,0,1
43523,0,0,0,0,1
43524,0,0,0,0,1
43525,0,0,0,0,1
43526,0,0,0,0,1
43527,0,0,0,0,1
43528,0,0,0,0,1
43529,0,0,0,0,1
43530,0,0,0,0,1
43531,0,0,0,0,1
43532,0,0,0,0,1
43533,0,0,0,0,1
43534,0,0,0,0,1
43535,0,0,0,0,1
43536,0,0,0,0,1
43537,0,0,0,0,1
43538,0,0,0,0,1
43539,0,0,0,0,1
43540,0,0,0,0,1
43541,0,0,0,0,1
43542,0,0,0,0,1
43543,0,0,0,0,1
43544,0,0,0,0,1
43545,0,0,0,0,1
43546,0,0,0,0,1
43547,0,0,0,0,1
43548,0,0,0,0,1
43549,0,0,0,0,1
43550,0,0,0,0,1
43551,0,0,0,0,1
43552,0,0,0,0,1
43553,0,0,0,0,1
43554,0,0,0,0,1
43555,0,0,0,0,1
43556,0,0,0,0,1
43557,0,0,0,0,1
43558,0,0,0,0,1
43559,0,0,0,0,1
43560,0,0,0,0,1
43561,0,0,0,0,1
43562,0,0,0,0,1
43563,0,0,0,0,1
43564,0,0,0,0,1
43565,0,0,0,0,1
43566,0,0,0,0,1
43567,0,0,0,0,1
43568,0,0,0,0,1
43569,0,0,0,0,1
43570,0,0,0,0,1
43571,0,0,0,0,1
43572,0,0,0,0,1
43573,0,0,0,0,1
43574,0,0,0,0,1
43575,0,0,0,0,1
43576,0,0,0,0,1
43577,0,0,0,0,1
43578,0,0,0,0,1
43579,0,0,0,0,1
43580,0,0,0,0,1
43581,0,0,0,0,1
43582,0,0,0,0,1
43583,0,0,0,0,1
43584,0,0,0,0,1
43585,0,0,0,0,1
43586,0,0,0,0,1
43587,0,0,0,0,1
43588,0,0,0,0,1
43589,0,0,0,0,1
43590,0,0,0,0,1
43591,0,0,0,0,1
43592,0,0,0,0,1
43593,0,0,0,0,1
43594,0,0,0,0,1
43595,0,0,0,0,1
43596,0,0,0,0,1
43597,0,0,0,0,1
43598,0,0,0,0,1
43599,0,0,1,0,0
43600,0,0,1,0,0
43601,0,0,1,0,0
43602,0,0,1,0,0
43603,0,0,1,0,0
43604,0,0,1,0,0
43605,0,0,1,0,0
43606,0,0,1,0,0
43607,0,0,1,0,0
43608,0,0,1,0,0
43609,0,0,1,0,0
43610,0,0,1,0,0
43611,0,0,1,0,0
43612,0,0,1,0,0
43613,0,0,1,0,0
43614,0,0,1,0,0
43615,0,0,1,0,0
43616,0,0,1,0,0
43617,0,0,1,0,0
43618,0,0,1,0,0
43619,0,0,1,0,0
43620,0,0,1,0,0
43621,0,0,1,0,0
43622,0,0,1,0,0
43623,0,0,1,0,0
43624,0,0,1,0,0
43625,0,0,1,0,0
43626,0,0,1,0,0
43627,0,0,1,0,0
43628,0,0,1,0,0
43629,0,0,1,0,0
43630,0,0,1,0,0
43631,0,0,1,0,0
43632,0,0,1,0,0
43633,0,0,1,0,0
43634,0,0,1,0,0
43635,0,0,1,0,0
43636,0,0,1,0,0
43637,0,0,1,0,0
43638,0,0,1,0,0
43639,0,0,1,0,0
43640,0,0,1,0,0
43641,0,0,1,0,0
43642,0,0,1,0,0
43643,0,0,1,0,0
43644,0,0,1,0,0
43645,0,0,1,0,0
43646,0,0,1,0,0
43647,0,0,1,0,0
43648,0,0,1,0,0
43649,0,0,1,0,0
43650,0,0,1,0,0
43651,0,0,1,0,0
43652,0,0,1,0,0
43653,0,0,1,0,0
43654,0,0,1,0,0
43655,0,0,1,0,0
43656,0,0,1,0,0
43657,0,0,1,0,0
43658,0,0,1,0,0
43659,0,0,1,0,0
43660,0,0,1,0,0
43661,0,0,1,0,0
43662,0,0,1,0,0
43663,0,0,1,0,0
43664,0,0,1,0,0
43665,0,0,1,0,0
43666,0,0,1,0,0
43667,0,0,1,0,0
43668,0,0,1,0,0
43669,0,0,1,0,0
43670,0,0,1,0,0
43671,0,0,1,0,0
43672,0,0,1,0,0
43673,0,0,1,0,0
43674,0,0,0,0,1
43675,0,0,0,0,1
43676,0,0,0,0,1
43677,0,0,0,0,1
43678,0,0,0,0,1
43679,0,0,0,0,1
43680,0,0,0,0,1
43681,0,0,0,0,1
43682,0,0,0,0,1
43683,0,0,0,0,1
43684,0,0,0,0,1
43685,0,0,0,0,1
43686,0,0,0,0,1
43687,0,0,0,0,1
43688,0,0,0,0,1
43689,0,0,0,0,1
43690,0,0,0,0,1
43691,0,0,0,0,1
43692,0,0,0,0,1
43693,0,0,0,0,1
43694,0,0,0,0,1
43695,0,0,0,0,1
43696,0,0,0,0,1
43697,0,0,0,0,1
43698,0,0,0,0,1
43699,0,0,0,0,1
43700,0,0,0,0,1
43701,0,0,0,0,1
43702,0,0,0,0,1
43703,0,0,0,0,1
43704,0,0,0,0,1
43705,0,0,0,0,1
43706,0,0,0,0,1
43707,0,0,0,0,1
43708,0,0,0,0,1
43709,0,0,0,0,1
43710,0,0,0,0,1
43711,0,0,0,0,1
43712,0,0,0,0,1
43713,0,0,0,0,1
43714,0,0,0,0,1
43715,0,0,0,0,1
43716,0,0,0,0,1
43717,0,0,0,0,1
43718,0,0,0,0,1
43719,0,0,0,0,1
43720,0,0,0,0,1
43721,0,0,0,0,1
43722,0,0,0,0,1
43723,0,0,0,0,1
43724,0,0,0,0,1
43725,0,0,0,0,1
43726,0,0,0,0,1
43727,0,0,0,0,1
43728,0,0,0,0,1
43729,0,0,0,0,1
43730,0,0,0,0,1
43731,0,0,0,0,1
43732,0,0,0,0,1
43733,0,0,0,0,1
43734,0,0,0,0,1
43735,0,0,0,0,1
43736,0,0,0,0,1
43737,0,0,0,0,1
43738,0,0,0,0,1
43739,0,0,0,0,1
43740,0,0,0,0,1
43741,0,0,0,0,1
43742,0,0,0,0,1
43743,0,0,0,0,1
43744,0,0,0,0,1
43745,0,0,0,0,1
43746,0,0,0,0,1
43747,0,0,0,0,1
43748,0,0,0,0,1
43749,0,0,0,0,1
43750,0,0,0,0,1
43751,0,0,0,0,1
43752,0,0,0,0,1
43753,0,0,0,0,1
43754,0,0,0,0,1
43755,0,0,0,0,1
43756,0,0,0,0,1
43757,0,0,0,0,1
43758,0,0,0,0,1
43759,0,0,0,0,1
43760,0,0,0,0,1
43761,0,0,0,0,1
43762,0,0,0,0,1
43763,0,0,0,0,1
43764,0,0,0,0,1
43765,0,0,0,0,1
43766,0,0,0,0,1
43767,0,0,0,0,1
43768,0,0,0,0,1
43769,0,0,0,0,1
43770,0,0,0,0,1
43771,0,0,0,0,1
43772,0,0,0,0,1
43773,0,0,0,0,1
43774,0,0,0,0,1
43775,0,0,0,0,1
43776,0,0,0,0,1
43777,0,0,0,0,1
43778,0,0,0,0,1
43779,0,0,0,0,1
43780,0,0,0,0,1
43781,0,0,0,0,1
43782,0,0,0,0,1
43783,0,0,0,0,1
43784,0,0,0,0,1
43785,0,0,0,0,1
43786,0,0,0,0,1
43787,0,0,0,0,1
43788,0,0,0,0,1
43789,0,0,0,0,1
43790,0,0,0,0,1
43791,0,0,0,0,1
43792,0,0,0,0,1
43793,0,0,0,0,1
43794,0,0,0,0,1
43795,0,0,0,0,1
43796,0,0,0,0,1
43797,0,0,0,0,1
43798,0,0,0,0,1
43799,0,0,0,0,1
43800,0,0,0,0,1
43801,0,0,0,0,1
43802,0,0,0,0,1
43803,0,0,0,0,1
43804,0,0,0,0,1
43805,0,0,0,0,1
43806,0,0,0,0,1
43807,0,0,0,0,1
43808,0,0,0,0,1
43809,0,0,0,0,1
43810,0,0,0,0,1
43811,0,0,0,0,1
43812,0,0,0,0,1
43813,0,0,0,0,1
43814,0,0,0,0,1
43815,0,0,0,0,1
43816,0,0,0,0,1
43817,0,0,0,0,1
43818,0,0,0,0,1
43819,0,0,0,0,1
43820,0,0,0,0,1
43821,0,0,0,0,1
43822,0,0,0,0,1
43823,0,0,0,0,1
43824,0,0,0,0,1
43825,0,0,0,0,1
43826,0,0,0,0,1
43827,0,0,0,0,1
43828,0,0,0,0,1
43829,0,0,0,0,1
43830,0,0,0,0,1
43831,0,0,0,0,1
43832,0,0,0,0,1
43833,0,0,0,0,1
43834,0,0,0,0,1
43835,0,0,0,0,1
43836,0,0,0,0,1
43837,0,0,0,0,1
43838,0,0,0,0,1
43839,0,0,0,0,1
43840,0,0,0,0,1
43841,0,0,0,0,1
43842,0,0,0,0,1
43843,0,0,0,0,1
43844,0,0,0,0,1
43845,0,0,0,0,1
43846,0,0,0,0,1
43847,0,0,0,0,1
43848,0,0,0,0,1
43849,0,0,0,0,1
43850,0,0,0,0,1
43851,0,0,0,0,1
43852,0,0,0,0,1
43853,0,0,0,0,1
43854,0,0,0,0,1
43855,0,0,0,0,1
43856,0,0,0,0,1
43857,0,0,0,0,1
43858,0,0,0,0,1
43859,0,0,0,0,1
43860,0,0,0,0,1
43861,0,0,0,0,1
43862,0,0,0,0,1
43863,0,0,0,0,1
43864,0,0,0,0,1
43865,0,0,0,0,1
43866,0,0,0,0,1
43867,0,0,0,0,1
43868,0,0,0,0,1
43869,0,0,0,0,1
43870,0,0,0,0,1
43871,0,0,0,0,1
43872,0,0,0,0,1
43873,0,0,0,0,1
43874,0,0,0,0,1
43875,0,0,0,0,1
43876,0,0,0,0,1
43877,0,0,0,0,1
43878,0,0,0,0,1
43879,0,0,0,0,1
43880,0,0,0,0,1
43881,0,0,0,0,1
43882,0,0,0,0,1
43883,0,0,0,0,1
43884,0,0,0,0,1
43885,0,0,0,0,1
43886,0,0,0,0,1
43887,0,0,0,0,1
43888,0,0,0,0,1
43889,0,0,0,0,1
43890,0,0,0,0,1
43891,0,0,0,0,1
43892,0,0,0,0,1
43893,0,0,0,0,1
43894,0,0,0,0,1
43895,0,0,0,0,1
43896,0,0,0,0,1
43897,0,0,0,0,1
43898,0,0,0,0,1
43899,0,0,0,0,1
43900,0,0,0,0,1
43901,0,0,0,0,1
43902,0,0,0,0,1
43903,0,0,0,0,1
43904,0,0,0,0,1
43905,0,0,0,0,1
43906,0,0,0,0,1
43907,0,0,0,0,1
43908,0,0,0,0,1
43909,0,0,0,0,1
43910,0,0,0,0,1
43911,0,0,0,0,1
43912,0,0,0,0,1
43913,0,0,0,0,1
43914,0,0,0,0,1
43915,0,0,0,0,1
43916,0,0,0,0,1
43917,0,0,0,0,1
43918,0,0,0,0,1
43919,0,0,0,0,1
43920,0,0,0,0,1
43921,0,0,0,0,1
43922,0,0,0,0,1
43923,0,0,0,0,1
43924,0,0,0,0,1
43925,0,0,0,0,1
43926,0,0,0,0,1
43927,0,0,0,0,1
43928,0,0,0,0,1
43929,0,0,0,0,1
43930,0,0,0,0,1
43931,0,0,0,0,1
43932,0,0,0,0,1
43933,0,0,0,0,1
43934,0,0,0,0,1
43935,0,0,0,0,1
43936,0,0,0,0,1
43937,0,0,0,0,1
43938,0,0,0,0,1
43939,0,0,0,0,1
43940,0,0,0,0,1
43941,0,0,0,0,1
43942,0,0,0,0,1
43943,0,0,0,0,1
43944,0,0,0,0,1
43945,0,0,0,0,1
43946,0,0,0,0,1
43947,0,0,0,0,1
43948,0,0,0,0,1
43949,0,0,0,0,1
43950,0,0,0,0,1
43951,0,0,0,0,1
43952,0,0,0,0,1
43953,0,0,0,0,1
43954,0,0,0,0,1
43955,0,0,0,0,1
43956,0,0,0,0,1
43957,0,0,0,0,1
43958,0,0,0,0,1
43959,0,0,0,0,1
43960,0,0,0,0,1
43961,0,0,0,0,1
43962,0,0,0,0,1
43963,0,0,0,0,1
43964,0,0,0,0,1
43965,0,0,0,0,1
43966,0,0,0,0,1
43967,0,0,0,0,1
43968,0,0,0,0,1
43969,0,0,0,0,1
43970,0,0,0,0,1
43971,0,0,0,0,1
43972,0,0,0,0,1
43973,0,0,0,0,1
43974,0,0,0,0,1
43975,0,0,0,0,1
43976,0,0,0,0,1
43977,0,0,0,0,1
43978,0,0,0,0,1
43979,0,0,0,0,1
43980,0,0,0,0,1
43981,0,0,0,0,1
43982,0,0,0,0,1
43983,0,0,0,0,1
43984,0,0,0,0,1
43985,0,0,0,0,1
43986,0,0,0,0,1
43987,0,0,0,0,1
43988,0,0,0,0,1
43989,0,0,0,0,1
43990,0,0,0,0,1
43991,0,0,0,0,1
43992,0,0,0,0,1
43993,0,0,0,0,1
43994,0,0,0,0,1
43995,0,0,0,0,1
43996,0,0,0,0,1
43997,0,0,0,0,1
43998,0,0,0,0,1
43999,0,0,0,0,1
44000,0,0,0,0,1
44001,0,0,0,0,1
44002,0,0,0,0,1
44003,0,0,0,0,1
44004,0,0,0,0,1
44005,0,0,0,0,1
44006,0,0,0,0,1
44007,0,0,0,0,1
44008,0,0,0,0,1
44009,0,0,0,0,1
44010,0,0,0,0,1
44011,0,0,0,0,1
44012,0,0,0,0,1
44013,0,0,0,0,1
44014,0,0,0,0,1
44015,0,0,0,0,1
44016,0,0,0,0,1
44017,0,0,0,0,1
44018,0,0,0,0,1
44019,0,0,0,0,1
44020,0,0,0,0,1
44021,0,0,0,0,1
44022,0,0,0,0,1
44023,0,0,0,0,1
44024,0,0,0,0,1
44025,0,0,0,0,1
44026,0,0,0,0,1
44027,0,0,0,0,1
44028,0,0,0,0,1
44029,0,0,0,0,1
44030,0,0,0,0,1
44031,0,0,0,0,1
44032,0,0,0,0,1
44033,0,0,0,0,1
44034,0,0,0,0,1
44035,0,0,0,0,1
44036,0,0,0,0,1
44037,0,0,0,0,1
44038,0,0,0,0,1
44039,0,0,0,0,1
44040,0,0,0,0,1
44041,0,0,0,0,1
44042,0,0,0,0,1
44043,0,0,0,0,1
44044,0,0,0,0,1
44045,0,0,0,0,1
44046,0,0,0,0,1
44047,0,0,0,0,1
44048,0,0,0,0,1
44049,0,0,0,0,1
44050,0,0,0,0,1
44051,0,0,0,0,1
44052,0,0,0,0,1
44053,0,0,0,0,1
44054,0,0,0,0,1
44055,0,0,0,0,1
44056,0,0,0,0,1
44057,0,0,0,0,1
44058,0,0,0,0,1
44059,0,0,0,0,1
44060,0,0,0,0,1
44061,0,0,0,0,1
44062,0,0,0,0,1
44063,0,0,0,0,1
44064,0,0,0,0,1
44065,0,0,0,0,1
44066,0,0,0,0,1
44067,0,0,0,0,1
44068,0,0,0,0,1
44069,0,0,0,0,1
44070,0,0,0,0,1
44071,0,0,0,0,1
44072,0,0,0,0,1
44073,0,0,0,0,1
44074,0,0,0,0,1
44075,0,0,0,0,1
44076,0,0,0,0,1
44077,0,0,0,0,1
44078,0,0,0,0,1
44079,0,0,0,0,1
44080,0,0,0,0,1
44081,0,0,0,0,1
44082,0,0,0,0,1
44083,0,0,0,0,1
44084,0,0,0,0,1
44085,0,0,0,0,1
44086,0,0,0,0,1
44087,0,0,0,0,1
44088,0,0,0,0,1
44089,0,0,0,0,1
44090,0,0,0,0,1
44091,0,0,0,0,1
44092,1,0,0,0,0
44093,1,0,0,0,0
44094,1,0,0,0,0
44095,1,0,0,0,0
44096,1,0,0,0,0
44097,1,0,0,0,0
44098,1,0,0,0,0
44099,1,0,0,0,0
44100,0,0,0,0,1
44101,0,0,0,0,1
44102,1,0,0,0,0
44103,0,0,0,0,1
44104,0,0,0,0,1
44105,0,0,0,0,1
44106,0,0,0,0,1
44107,0,0,0,0,1
44108,0,0,0,0,1
44109,0,0,0,0,1
44110,0,0,0,0,1
44111,0,0,0,0,1
44112,0,0,0,0,1
44113,0,0,0,0,1
44114,0,0,0,0,1
44115,0,0,0,0,1
44116,0,0,0,0,1
44117,0,0,0,0,1
44118,0,0,0,0,1
44119,0,0,0,0,1
44120,0,0,0,0,1
44121,0,0,0,0,1
44122,0,0,0,0,1
44123,0,0,0,0,1
44124,0,0,0,0,1
44125,0,0,0,0,1
44126,0,0,0,0,1
44127,0,0,0,0,1
44128,0,0,0,0,1
44129,0,0,0,0,1
44130,0,0,0,0,1
44131,0,0,0,0,1
44132,0,0,0,0,1
44133,0,0,0,0,1
44134,0,0,0,0,1
44135,0,0,0,0,1
44136,0,0,0,0,1
44137,0,0,0,0,1
44138,0,0,0,0,1
44139,0,0,0,0,1
44140,0,0,0,0,1
44141,0,0,0,0,1
44142,0,0,0,0,1
44143,0,0,0,0,1
44144,0,0,0,0,1
44145,0,0,0,0,1
44146,0,0,0,0,1
44147,0,0,0,0,1
44148,0,0,0,0,1
44149,0,0,0,0,1
44150,0,0,0,0,1
44151,0,0,0,0,1
44152,0,0,0,0,1
44153,0,0,0,0,1
44154,0,0,0,0,1
44155,0,0,0,0,1
44156,0,0,0,0,1
44157,0,0,0,0,1
44158,0,0,0,0,1
44159,0,0,0,0,1
44160,0,0,0,0,1
44161,0,0,0,0,1
44162,0,0,0,0,1
44163,0,0,0,0,1
44164,0,0,0,0,1
44165,0,0,0,0,1
44166,0,0,0,0,1
44167,0,0,0,0,1
44168,0,0,0,0,1
44169,0,0,0,0,1
44170,0,0,0,0,1
44171,0,0,0,0,1
44172,0,0,0,0,1
44173,0,0,0,0,1
44174,0,0,0,0,1
44175,0,0,0,0,1
44176,0,0,0,0,1
44177,0,0,0,0,1
44178,0,0,0,0,1
44179,0,0,0,0,1
44180,0,0,0,0,1
44181,0,0,0,0,1
44182,0,0,0,0,1
44183,0,0,0,0,1
44184,0,0,0,0,1
44185,0,0,0,0,1
44186,0,0,0,0,1
44187,0,0,0,0,1
44188,0,0,0,0,1
44189,0,0,0,0,1
44190,0,0,0,0,1
44191,0,0,0,0,1
44192,0,0,0,0,1
44193,0,0,0,0,1
44194,0,0,0,0,1
44195,0,0,0,0,1
44196,0,0,0,0,1
44197,0,0,0,0,1
44198,0,0,0,0,1
44199,0,0,0,0,1
44200,0,0,0,0,1
44201,0,0,0,0,1
44202,0,0,0,0,1
44203,0,0,0,0,1
44204,0,0,0,0,1
44205,0,0,0,0,1
44206,0,0,0,0,1
44207,0,0,0,0,1
44208,0,0,0,0,1
44209,0,0,0,0,1
44210,0,0,0,0,1
44211,0,0,0,0,1
44212,0,0,0,0,1
44213,0,0,0,0,1
44214,0,0,0,0,1
44215,0,0,0,0,1
44216,0,0,0,0,1
44217,0,0,0,0,1
44218,0,0,0,0,1
44219,0,0,0,0,1
44220,0,0,0,0,1
44221,0,0,0,0,1
44222,0,0,0,0,1
44223,0,0,0,0,1
44224,0,0,0,0,1
44225,0,0,0,0,1
44226,0,0,0,0,1
44227,0,0,0,0,1
44228,0,0,0,0,1
44229,0,0,0,0,1
44230,0,0,0,0,1
44231,0,0,0,0,1
44232,0,0,0,0,1
44233,0,0,0,0,1
44234,0,0,0,0,1
44235,0,0,0,0,1
44236,0,0,0,0,1
44237,0,0,0,0,1
44238,0,0,0,0,1
44239,1,0,0,0,0
44240,1,0,0,0,0
44241,1,0,0,0,0
44242,1,0,0,0,0
44243,1,0,0,0,0
44244,1,0,0,0,0
44245,1,0,0,0,0
44246,1,0,0,0,0
44247,1,0,0,0,0
44248,1,0,0,0,0
44249,1,0,0,0,0
44250,1,0,0,0,0
44251,1,0,0,0,0
44252,1,0,0,0,0
44253,1,0,0,0,0
44254,1,0,0,0,0
44255,0,0,0,0,1
44256,0,0,0,0,1
44257,0,0,0,0,1
44258,0,0,0,0,1
44259,0,0,0,0,1
44260,0,0,0,0,1
44261,0,0,0,0,1
44262,0,0,0,0,1
44263,0,0,0,0,1
44264,0,0,0,0,1
44265,0,0,0,0,1
44266,0,0,0,0,1
44267,0,0,0,0,1
44268,0,0,0,0,1
44269,0,0,0,0,1
44270,0,0,0,0,1
44271,0,0,0,0,1
44272,0,0,0,0,1
44273,0,0,0,0,1
44274,0,0,0,0,1
44275,0,0,0,0,1
44276,0,0,0,0,1
44277,0,0,0,0,1
44278,0,0,0,0,1
44279,0,0,0,0,1
44280,0,0,0,0,1
44281,0,0,0,0,1
44282,0,0,0,0,1
44283,0,0,0,0,1
44284,0,0,0,0,1
44285,0,0,0,0,1
44286,0,0,0,0,1
44287,0,0,0,0,1
44288,0,0,0,0,1
44289,0,0,0,0,1
44290,0,0,0,0,1
44291,0,0,0,0,1
44292,0,0,0,0,1
44293,0,0,0,0,1
44294,0,0,0,0,1
44295,0,0,0,0,1
44296,0,0,0,0,1
44297,0,0,0,0,1
44298,0,0,0,0,1
44299,0,0,0,0,1
44300,0,0,0,0,1
44301,0,0,0,0,1
44302,0,0,0,0,1
44303,0,0,0,0,1
44304,0,0,0,0,1
44305,0,0,0,0,1
44306,0,0,0,0,1
44307,0,0,0,0,1
44308,0,0,0,0,1
44309,0,0,0,0,1
44310,0,0,0,0,1
44311,0,0,0,0,1
44312,0,0,0,0,1
44313,0,0,0,0,1
44314,0,0,0,0,1
44315,0,0,0,0,1
44316,0,0,0,0,1
44317,0,0,0,0,1
44318,0,0,0,0,1
44319,0,0,0,0,1
44320,0,0,0,0,1
44321,0,0,0,0,1
44322,0,0,0,0,1
44323,0,0,0,0,1
44324,0,0,0,0,1
44325,0,0,0,0,1
44326,0,0,0,0,1
44327,0,0,0,0,1
44328,0,0,0,0,1
44329,0,0,0,0,1
44330,0,0,0,0,1
44331,0,0,0,0,1
44332,0,0,0,0,1
44333,0,0,0,0,1
44334,0,0,0,0,1
44335,0,0,0,0,1
44336,0,0,0,0,1
44337,0,0,0,0,1
44338,0,0,0,0,1
44339,0,0,0,0,1
44340,0,0,0,0,1
44341,0,0,0,0,1
44342,0,0,0,0,1
44343,0,0,0,0,1
44344,0,0,0,0,1
44345,0,0,0,0,1
44346,0,0,0,0,1
44347,0,0,0,0,1
44348,0,0,0,0,1
44349,0,0,0,0,1
44350,0,0,0,0,1
44351,0,0,0,0,1
44352,0,0,0,0,1
44353,0,0,0,0,1
44354,0,0,0,0,1
44355,0,0,0,0,1
44356,0,0,0,0,1
44357,0,0,0,0,1
44358,0,0,0,0,1
44359,0,0,0,0,1
44360,0,0,0,0,1
44361,0,0,0,0,1
44362,0,0,0,0,1
44363,0,0,0,0,1
44364,0,0,0,0,1
44365,0,0,0,0,1
44366,0,0,0,0,1
44367,0,0,0,0,1
44368,0,0,0,0,1
44369,0,0,0,0,1
44370,0,0,0,0,1
44371,0,0,0,0,1
44372,0,0,0,0,1
44373,0,0,0,0,1
44374,0,0,0,0,1
44375,0,0,0,0,1
44376,0,0,0,0,1
44377,0,0,0,0,1
44378,0,0,0,0,1
44379,0,0,0,0,1
44380,0,0,0,0,1
44381,0,0,0,0,1
44382,0,0,0,0,1
44383,0,0,0,0,1
44384,0,0,0,0,1
44385,0,0,0,0,1
44386,0,0,0,0,1
44387,0,0,0,0,1
44388,0,0,0,0,1
44389,0,0,0,0,1
44390,0,0,0,0,1
44391,0,0,0,0,1
44392,0,0,0,0,1
44393,0,0,0,0,1
44394,0,0,0,0,1
44395,0,0,0,0,1
44396,0,0,0,0,1
44397,0,0,0,0,1
44398,0,0,0,0,1
44399,0,0,0,0,1
44400,0,0,0,0,1
44401,0,0,0,0,1
44402,0,0,0,0,1
44403,0,0,0,0,1
44404,0,0,0,0,1
44405,0,0,0,0,1
44406,0,0,0,0,1
44407,0,0,0,0,1
44408,0,0,0,0,1
44409,0,0,0,0,1
44410,0,0,0,0,1
44411,0,0,0,0,1
44412,0,0,0,0,1
44413,0,0,0,0,1
44414,0,0,0,0,1
44415,0,0,0,0,1
44416,0,0,0,0,1
44417,0,0,0,0,1
44418,0,0,0,0,1
44419,0,0,0,0,1
44420,0,0,0,0,1
44421,0,0,0,0,1
44422,0,0,0,0,1
44423,0,0,0,0,1
44424,0,0,0,0,1
44425,0,0,0,0,1
44426,0,0,0,0,1
44427,0,0,0,0,1
44428,0,0,0,0,1
44429,0,0,0,0,1
44430,0,0,0,0,1
44431,0,0,0,0,1
44432,0,0,0,0,1
44433,0,0,0,0,1
44434,0,0,0,0,1
44435,0,0,0,0,1
44436,0,0,0,0,1
44437,0,0,0,0,1
44438,1,0,0,0,0
44439,1,0,0,0,0
44440,1,0,0,0,0
44441,1,0,0,0,0
44442,1,0,0,0,0
44443,1,0,0,0,0
44444,1,0,0,0,0
44445,1,0,0,0,0
44446,1,0,0,0,0
44447,1,0,0,0,0
44448,1,0,0,0,0
44449,1,0,0,0,0
44450,1,0,0,0,0
44451,1,0,0,0,0
44452,1,0,0,0,0
44453,1,0,0,0,0
44454,1,0,0,0,0
44455,1,0,0,0,0
44456,1,0,0,0,0
44457,1,0,0,0,0
44458,1,0,0,0,0
44459,1,0,0,0,0
44460,1,0,0,0,0
44461,1,0,0,0,0
44462,1,0,0,0,0
44463,1,0,0,0,0
44464,1,0,0,0,0
44465,1,0,0,0,0
44466,1,0,0,0,0
44467,1,0,0,0,0
44468,1,0,0,0,0
44469,1,0,0,0,0
44470,1,0,0,0,0
44471,1,0,0,0,0
44472,1,0,0,0,0
44473,1,0,0,0,0
44474,1,0,0,0,0
44475,1,0,0,0,0
44476,1,0,0,0,0
44477,0,0,0,0,1
44478,0,0,0,0,1
44479,0,0,0,0,1
44480,0,0,0,0,1
44481,0,0,0,0,1
44482,0,0,0,0,1
44483,0,0,0,0,1
44484,0,0,0,0,1
44485,0,0,0,0,1
44486,0,0,0,0,1
44487,0,0,0,0,1
44488,0,0,0,0,1
44489,0,0,0,0,1
44490,0,0,0,0,1
44491,0,0,0,0,1
44492,0,0,0,0,1
44493,0,0,0,0,1
44494,0,0,0,0,1
44495,0,0,0,0,1
44496,0,0,0,0,1
44497,0,0,0,0,1
44498,0,0,0,0,1
44499,0,0,0,0,1
44500,0,0,0,0,1
44501,0,0,0,0,1
44502,0,0,0,0,1
44503,0,0,0,0,1
44504,0,0,0,0,1
44505,0,0,0,0,1
44506,0,0,0,0,1
44507,0,0,0,0,1
44508,0,0,0,0,1
44509,0,0,0,0,1
44510,0,0,0,0,1
44511,0,0,0,0,1
44512,0,0,0,0,1
44513,0,0,0,0,1
44514,0,0,0,0,1
44515,0,0,0,0,1
44516,0,0,0,0,1
44517,0,0,0,0,1
44518,0,0,0,0,1
44519,0,0,0,0,1
44520,0,0,0,0,1
44521,0,0,0,0,1
44522,0,0,0,0,1
44523,0,0,0,0,1
44524,0,0,0,0,1
44525,0,0,0,0,1
44526,0,0,0,0,1
44527,0,0,0,0,1
44528,0,0,0,0,1
44529,0,0,0,0,1
44530,0,0,0,0,1
44531,0,0,0,0,1
44532,0,0,0,0,1
44533,0,0,0,0,1
44534,0,0,0,0,1
44535,0,0,0,0,1
44536,0,0,0,0,1
44537,0,0,0,0,1
44538,0,0,0,0,1
44539,0,0,0,0,1
44540,0,0,0,0,1
44541,0,0,0,0,1
44542,0,0,0,0,1
44543,0,0,0,0,1
44544,0,0,0,0,1
44545,0,0,0,0,1
44546,0,0,0,0,1
44547,0,0,0,0,1
44548,0,0,0,0,1
44549,0,0,0,0,1
44550,0,0,0,0,1
44551,0,0,0,0,1
44552,0,0,0,0,1
44553,0,0,0,0,1
44554,0,0,0,0,1
44555,0,0,0,0,1
44556,0,0,0,0,1
44557,0,0,0,0,1
44558,0,0,0,0,1
44559,0,0,0,0,1
44560,0,0,0,0,1
44561,0,0,0,0,1
44562,0,0,0,0,1
44563,0,0,0,0,1
44564,0,0,0,0,1
44565,0,0,0,0,1
44566,0,0,0,0,1
44567,0,0,0,0,1
44568,0,0,0,0,1
44569,0,0,0,0,1
44570,0,0,0,0,1
44571,0,0,0,0,1
44572,0,0,0,0,1
44573,0,0,0,0,1
44574,0,0,0,0,1
44575,0,0,0,0,1
44576,0,0,0,0,1
44577,0,0,0,0,1
44578,0,0,0,0,1
44579,0,0,0,0,1
44580,0,0,0,0,1
44581,0,0,0,0,1
44582,0,0,0,0,1
44583,0,0,0,0,1
44584,0,0,0,0,1
44585,0,0,0,0,1
44586,0,0,0,0,1
44587,0,0,0,0,1
44588,0,0,0,0,1
44589,0,0,0,0,1
44590,0,0,0,0,1
44591,0,0,0,0,1
44592,0,0,0,0,1
44593,0,0,0,0,1
44594,0,0,0,0,1
44595,0,0,0,0,1
44596,0,0,0,0,1
44597,0,0,0,0,1
44598,0,0,0,0,1
44599,0,0,0,0,1
44600,0,0,0,0,1
44601,0,0,0,0,1
44602,0,0,0,0,1
44603,0,0,0,0,1
44604,0,0,0,0,1
44605,0,0,0,0,1
44606,0,0,0,0,1
44607,0,0,0,0,1
44608,0,0,0,0,1
44609,0,0,0,0,1
44610,0,0,0,0,1
44611,0,0,0,0,1
44612,0,0,0,0,1
44613,0,0,0,0,1
44614,0,0,0,0,1
44615,0,0,0,0,1
44616,0,0,0,0,1
44617,0,0,0,0,1
44618,0,0,0,0,1
44619,0,0,0,0,1
44620,0,0,0,0,1
44621,0,0,0,0,1
44622,0,0,0,0,1
44623,0,0,0,0,1
44624,0,0,0,0,1
44625,0,0,0,0,1
44626,0,0,0,0,1
44627,0,0,0,0,1
44628,0,0,0,0,1
44629,0,0,0,0,1
44630,1,0,0,0,0
44631,1,0,0,0,0
44632,1,0,0,0,0
44633,1,0,0,0,0
44634,1,0,0,0,0
44635,1,0,0,0,0
44636,1,0,0,0,0
44637,1,0,0,0,0
44638,1,0,0,0,0
44639,1,0,0,0,0
44640,1,0,0,0,0
44641,1,0,0,0,0
44642,1,0,0,0,0
44643,1,0,0,0,0
44644,1,0,0,0,0
44645,1,0,0,0,0
44646,1,0,0,0,0
44647,1,0,0,0,0
44648,1,0,0,0,0
44649,1,0,0,0,0
44650,1,0,0,0,0
44651,1,0,0,0,0
44652,1,0,0,0,0
44653,1,0,0,0,0
44654,1,0,0,0,0
44655,1,0,0,0,0
44656,1,0,0,0,0
44657,1,0,0,0,0
44658,1,0,0,0,0
44659,1,0,0,0,0
44660,1,0,0,0,0
44661,1,0,0,0,0
44662,1,0,0,0,0
44663,1,0,0,0,0
44664,1,0,0,0,0
44665,1,0,0,0,0
44666,1,0,0,0,0
44667,1,0,0,0,0
44668,1,0,0,0,0
44669,1,0,0,0,0
44670,1,0,0,0,0
44671,1,0,0,0,0
44672,1,0,0,0,0
44673,1,0,0,0,0
44674,1,0,0,0,0
44675,1,0,0,0,0
44676,1,0,0,0,0
44677,1,0,0,0,0
44678,1,0,0,0,0
44679,1,0,0,0,0
44680,1,0,0,0,0
44681,1,0,0,0,0
44682,1,0,0,0,0
44683,1,0,0,0,0
44684,1,0,0,0,0
44685,1,0,0,0,0
44686,1,0,0,0,0
44687,1,0,0,0,0
44688,1,0,0,0,0
44689,1,0,0,0,0
44690,1,0,0,0,0
44691,1,0,0,0,0
44692,1,0,0,0,0
44693,1,0,0,0,0
44694,1,0,0,0,0
44695,1,0,0,0,0
44696,1,0,0,0,0
44697,1,0,0,0,0
44698,0,0,0,0,1
44699,0,0,0,0,1
44700,0,0,0,0,1
44701,0,0,0,0,1
44702,0,0,0,0,1
44703,0,0,0,0,1
44704,0,0,0,0,1
44705,0,0,0,0,1
44706,0,0,0,0,1
44707,0,0,0,0,1
44708,0,0,0,0,1
44709,1,0,0,0,0
44710,1,0,0,0,0
44711,1,0,0,0,0
44712,1,0,0,0,0
44713,1,0,0,0,0
44714,1,0,0,0,0
44715,1,0,0,0,0
44716,1,0,0,0,0
44717,1,0,0,0,0
44718,1,0,0,0,0
44719,1,0,0,0,0
44720,1,0,0,0,0
44721,1,0,0,0,0
44722,1,0,0,0,0
44723,1,0,0,0,0
44724,1,0,0,0,0
44725,1,0,0,0,0
44726,1,0,0,0,0
44727,1,0,0,0,0
44728,1,0,0,0,0
44729,1,0,0,0,0
44730,1,0,0,0,0
44731,1,0,0,0,0
44732,1,0,0,0,0
44733,1,0,0,0,0
44734,1,0,0,0,0
44735,1,0,0,0,0
44736,1,0,0,0,0
44737,1,0,0,0,0
44738,1,0,0,0,0
44739,1,0,0,0,0
44740,1,0,0,0,0
44741,1,0,0,0,0
44742,1,0,0,0,0
44743,1,0,0,0,0
44744,1,0,0,0,0
44745,1,0,0,0,0
44746,1,0,0,0,0
44747,1,0,0,0,0
44748,1,0,0,0,0
44749,1,0,0,0,0
44750,1,0,0,0,0
44751,1,0,0,0,0
44752,1,0,0,0,0
44753,1,0,0,0,0
44754,1,0,0,0,0
44755,1,0,0,0,0
44756,1,0,0,0,0
44757,1,0,0,0,0
44758,1,0,0,0,0
44759,1,0,0,0,0
44760,1,0,0,0,0
44761,1,0,0,0,0
44762,1,0,0,0,0
44763,1,0,0,0,0
44764,1,0,0,0,0
44765,0,0,0,0,1
44766,0,0,0,0,1
44767,0,0,0,0,1
44768,0,0,0,0,1
44769,0,0,0,0,1
44770,0,0,0,1,0
44771,0,0,0,1,0
44772,0,0,0,1,0
44773,0,0,0,1,0
44774,0,0,0,1,0
44775,0,0,0,1,0
44776,0,0,0,1,0
44777,0,0,0,1,0
44778,0,0,0,1,0
44779,0,0,0,1,0
44780,0,0,0,1,0
44781,0,0,0,1,0
44782,0,0,0,1,0
44783,0,0,0,1,0
44784,0,0,0,1,0
44785,0,0,0,1,0
44786,0,0,0,1,0
44787,0,0,0,1,0
44788,0,0,0,1,0
44789,0,0,0,1,0
44790,0,0,0,1,0
44791,0,0,0,1,0
44792,0,0,0,1,0
44793,0,0,0,1,0
44794,0,0,0,1,0
44795,0,0,0,1,0
44796,0,0,0,1,0
44797,0,0,0,1,0
44798,0,0,0,1,0
44799,0,0,0,1,0
44800,0,0,0,1,0
44801,0,0,0,1,0
44802,0,0,0,1,0
44803,0,0,0,1,0
44804,0,0,0,1,0
44805,0,0,0,0,1
44806,0,0,0,0,1
44807,0,0,0,0,1
44808,0,0,0,0,1
44809,0,0,0,0,1
44810,0,0,0,0,1
44811,0,0,0,0,1
44812,0,0,0,0,1
44813,0,0,0,0,1
44814,0,0,0,0,1
44815,0,0,0,0,1
44816,0,0,0,0,1
44817,0,0,0,0,1
44818,0,0,0,0,1
44819,0,0,0,0,1
44820,0,0,0,0,1
44821,0,0,0,0,1
44822,0,0,0,0,1
44823,0,0,0,0,1
44824,0,0,0,0,1
44825,0,0,0,0,1
44826,0,0,0,0,1
44827,0,0,0,0,1
44828,0,0,0,0,1
44829,1,0,0,0,0
44830,1,0,0,0,0
44831,1,0,0,0,0
44832,1,0,0,0,0
44833,1,0,0,0,0
44834,1,0,0,0,0
44835,1,0,0,0,0
44836,1,0,0,0,0
44837,1,0,0,0,0
44838,1,0,0,0,0
44839,1,0,0,0,0
44840,1,0,0,0,0
44841,1,0,0,0,0
44842,1,0,0,0,0
44843,1,0,0,0,0
44844,1,0,0,0,0
44845,1,0,0,0,0
44846,1,0,0,0,0
44847,1,0,0,0,0
44848,1,0,0,0,0
44849,1,0,0,0,0
44850,1,0,0,0,0
44851,1,0,0,0,0
44852,1,0,0,0,0
44853,1,0,0,0,0
44854,1,0,0,0,0
44855,1,0,0,0,0
44856,1,0,0,0,0
44857,1,0,0,0,0
44858,0,0,0,0,1
44859,0,0,0,0,1
44860,0,0,0,0,1
44861,0,0,0,0,1
44862,0,0,0,0,1
44863,0,0,0,0,1
44864,0,0,0,0,1
44865,0,0,0,0,1
44866,0,0,0,0,1
44867,0,0,0,0,1
44868,0,0,0,0,1
44869,0,0,0,0,1
44870,0,0,0,0,1
44871,0,0,0,0,1
44872,0,0,0,0,1
44873,0,0,0,0,1
44874,0,0,0,0,1
44875,0,0,0,0,1
44876,0,0,0,0,1
44877,0,0,0,0,1
44878,0,0,0,0,1
44879,0,0,0,0,1
44880,0,0,0,0,1
44881,0,0,0,0,1
44882,0,0,0,0,1
44883,0,0,0,0,1
44884,0,0,0,0,1
44885,0,0,0,0,1
44886,0,0,0,0,1
44887,0,0,0,0,1
44888,0,0,0,0,1
44889,0,0,0,0,1
44890,1,0,0,0,0
44891,1,0,0,0,0
44892,1,0,0,0,0
44893,1,0,0,0,0
44894,1,0,0,0,0
44895,1,0,0,0,0
44896,1,0,0,0,0
44897,1,0,0,0,0
44898,1,0,0,0,0
44899,1,0,0,0,0
44900,1,0,0,0,0
44901,1,0,0,0,0
44902,1,0,0,0,0
44903,1,0,0,0,0
44904,1,0,0,0,0
44905,1,0,0,0,0
44906,1,0,0,0,0
44907,1,0,0,0,0
44908,1,0,0,0,0
44909,1,0,0,0,0
44910,1,0,0,0,0
44911,1,0,0,0,0
44912,1,0,0,0,0
44913,1,0,0,0,0
44914,1,0,0,0,0
44915,1,0,0,0,0
44916,1,0,0,0,0
44917,1,0,0,0,0
44918,1,0,0,0,0
44919,1,0,0,0,0
44920,1,0,0,0,0
44921,1,0,0,0,0
44922,1,0,0,0,0
44923,1,0,0,0,0
44924,1,0,0,0,0
44925,1,0,0,0,0
44926,1,0,0,0,0
44927,1,0,0,0,0
44928,1,0,0,0,0
44929,1,0,0,0,0
44930,1,0,0,0,0
44931,1,0,0,0,0
44932,1,0,0,0,0
44933,1,0,0,0,0
44934,1,0,0,0,0
44935,1,0,0,0,0
44936,1,0,0,0,0
44937,1,0,0,0,0
44938,1,0,0,0,0
44939,1,0,0,0,0
44940,1,0,0,0,0
44941,1,0,0,0,0
44942,1,0,0,0,0
44943,1,0,0,0,0
44944,1,0,0,0,0
44945,1,0,0,0,0
44946,1,0,0,0,0
44947,1,0,0,0,0
44948,1,0,0,0,0
44949,1,0,0,0,0
44950,1,0,0,0,0
44951,1,0,0,0,0
44952,1,0,0,0,0
44953,0,0,0,0,1
44954,0,0,0,0,1
44955,0,0,0,0,1
44956,0,0,0,0,1
44957,0,0,0,0,1
44958,0,0,0,0,1
44959,0,0,0,0,1
44960,0,0,0,0,1
44961,0,0,0,0,1
44962,0,0,0,0,1
44963,0,0,0,0,1
44964,0,0,0,0,1
44965,0,0,0,0,1
44966,0,0,0,0,1
44967,0,0,0,0,1
44968,0,0,0,0,1
44969,0,0,0,0,1
44970,0,0,0,0,1
44971,0,0,0,0,1
44972,0,0,0,0,1
44973,0,0,0,0,1
44974,0,0,0,0,1
44975,0,0,0,0,1
44976,0,0,0,0,1
44977,0,0,0,0,1
44978,0,0,0,0,1
44979,0,0,0,0,1
44980,0,0,0,0,1
44981,0,0,0,0,1
44982,0,0,0,0,1
44983,0,0,0,0,1
44984,0,0,0,0,1
44985,0,0,0,0,1
44986,0,0,0,0,1
44987,0,0,0,0,1
44988,0,0,0,0,1
44989,0,0,0,0,1
44990,0,0,0,0,1
44991,0,0,0,0,1
44992,0,0,0,0,1
44993,0,0,0,0,1
44994,0,0,0,0,1
44995,0,0,0,0,1
44996,0,0,0,0,1
44997,0,0,0,0,1
44998,0,0,0,0,1
44999,0,0,0,0,1
45000,0,0,0,0,1
45001,1,0,0,0,0
45002,1,0,0,0,0
45003,1,0,0,0,0
45004,1,0,0,0,0
45005,1,0,0,0,0
45006,1,0,0,0,0
45007,1,0,0,0,0
45008,1,0,0,0,0
45009,1,0,0,0,0
45010,1,0,0,0,0
45011,1,0,0,0,0
45012,1,0,0,0,0
45013,1,0,0,0,0
45014,1,0,0,0,0
45015,1,0,0,0,0
45016,1,0,0,0,0
45017,1,0,0,0,0
45018,1,0,0,0,0
45019,1,0,0,0,0
45020,1,0,0,0,0
45021,1,0,0,0,0
45022,1,0,0,0,0
45023,1,0,0,0,0
45024,1,0,0,0,0
45025,1,0,0,0,0
45026,0,1,0,0,0
45027,0,1,0,0,0
45028,0,1,0,0,0
45029,0,1,0,0,0
45030,0,1,0,0,0
45031,0,1,0,0,0
45032,0,1,0,0,0
45033,0,1,0,0,0
45034,0,1,0,0,0
45035,0,1,0,0,0
45036,0,1,0,0,0
45037,0,1,0,0,0
45038,0,1,0,0,0
45039,0,1,0,0,0
45040,0,1,0,0,0
45041,0,1,0,0,0
45042,0,0,0,0,1
45043,0,0,0,0,1
45044,0,0,0,0,1
45045,0,0,0,1,0
45046,0,0,0,1,0
45047,0,0,0,1,0
45048,0,0,0,1,0
45049,0,0,0,1,0
45050,0,0,0,0,1
45051,0,0,0,0,1
45052,0,0,0,0,1
45053,0,0,0,0,1
45054,0,0,0,0,1
45055,0,0,0,0,1
45056,0,0,0,0,1
45057,0,0,0,0,1
45058,0,0,0,0,1
45059,1,0,0,0,0
45060,1,0,0,0,0
45061,1,0,0,0,0
45062,1,0,0,0,0
45063,1,0,0,0,0
45064,1,0,0,0,0
45065,1,0,0,0,0
45066,1,0,0,0,0
45067,1,0,0,0,0
45068,1,0,0,0,0
45069,1,0,0,0,0
45070,1,0,0,0,0
45071,1,0,0,0,0
45072,1,0,0,0,0
45073,1,0,0,0,0
45074,1,0,0,0,0
45075,1,0,0,0,0
45076,1,0,0,0,0
45077,1,0,0,0,0
45078,1,0,0,0,0
45079,1,0,0,0,0
45080,1,0,0,0,0
45081,1,0,0,0,0
45082,1,0,0,0,0
45083,1,0,0,0,0
45084,1,0,0,0,0
45085,1,0,0,0,0
45086,1,0,0,0,0
45087,1,0,0,0,0
45088,1,0,0,0,0
45089,1,0,0,0,0
45090,1,0,0,0,0
45091,1,0,0,0,0
45092,1,0,0,0,0
45093,1,0,0,0,0
45094,1,0,0,0,0
45095,1,0,0,0,0
45096,1,0,0,0,0
45097,1,0,0,0,0
45098,0,0,0,0,1
45099,0,0,0,0,1
45100,0,0,0,0,1
45101,0,0,0,0,1
45102,0,0,0,0,1
45103,0,0,0,0,1
45104,0,0,0,0,1
45105,0,0,0,0,1
45106,0,0,0,0,1
45107,0,0,0,0,1
45108,0,0,0,0,1
45109,0,0,0,0,1
45110,0,0,0,0,1
45111,0,0,0,0,1
45112,0,0,0,0,1
45113,0,0,0,0,1
45114,0,0,0,0,1
45115,0,0,0,0,1
45116,0,0,0,0,1
45117,0,0,0,0,1
45118,0,0,0,0,1
45119,0,0,0,0,1
45120,0,0,0,0,1
45121,0,0,0,0,1
45122,0,0,0,0,1
45123,0,0,0,0,1
45124,0,0,0,0,1
45125,0,0,0,0,1
45126,0,0,0,0,1
45127,0,0,0,0,1
45128,0,0,0,0,1
45129,0,0,0,0,1
45130,0,0,0,0,1
45131,0,0,0,0,1
45132,0,0,0,0,1
45133,0,0,0,0,1
45134,0,0,0,0,1
45135,0,0,0,0,1
45136,0,0,0,0,1
45137,0,0,0,0,1
45138,0,0,0,0,1
45139,0,0,0,0,1
45140,0,0,0,0,1
45141,0,0,0,0,1
45142,0,0,0,0,1
45143,0,0,0,0,1
45144,0,0,0,0,1
45145,0,0,0,0,1
45146,0,0,0,0,1
45147,0,0,0,0,1
45148,0,0,0,0,1
45149,0,0,0,0,1
45150,0,0,0,0,1
45151,0,0,0,0,1
45152,0,0,0,0,1
45153,0,0,0,0,1
45154,0,0,0,0,1
45155,0,0,0,0,1
45156,0,0,0,0,1
45157,0,0,0,0,1
45158,0,0,0,0,1
45159,0,0,0,0,1
45160,0,0,0,0,1
45161,0,0,0,0,1
45162,0,0,0,0,1
45163,0,0,0,0,1
45164,0,0,0,0,1
45165,0,0,0,0,1
45166,0,0,0,0,1
45167,0,0,0,0,1
45168,0,0,0,0,1
45169,0,0,0,0,1
45170,0,0,0,0,1
45171,0,0,0,0,1
45172,0,0,0,0,1
45173,0,0,0,0,1
45174,0,0,0,0,1
45175,0,0,0,0,1
45176,0,0,0,0,1
45177,0,0,0,0,1
45178,0,0,0,0,1
45179,0,0,0,0,1
45180,0,0,0,0,1
45181,0,0,0,0,1
45182,0,0,0,0,1
45183,0,0,0,0,1
45184,0,0,0,0,1
45185,0,0,0,0,1
45186,0,0,0,0,1
45187,0,0,0,0,1
45188,0,0,0,0,1
45189,0,0,0,0,1
45190,0,0,0,0,1
45191,0,0,0,0,1
45192,0,0,0,0,1
45193,0,0,0,0,1
45194,0,0,0,0,1
45195,0,0,0,0,1
45196,0,0,0,0,1
45197,0,0,0,0,1
45198,0,0,0,0,1
45199,0,0,0,0,1
45200,0,0,0,0,1
45201,0,0,0,0,1
45202,0,0,0,0,1
45203,0,0,0,0,1
45204,0,0,0,0,1
45205,1,0,0,0,0
45206,1,0,0,0,0
45207,1,0,0,0,0
45208,1,0,0,0,0
45209,1,0,0,0,0
45210,1,0,0,0,0
45211,1,0,0,0,0
45212,1,0,0,0,0
45213,1,0,0,0,0
45214,1,0,0,0,0
45215,1,0,0,0,0
45216,1,0,0,0,0
45217,1,0,0,0,0
45218,1,0,0,0,0
45219,1,0,0,0,0
45220,1,0,0,0,0
45221,1,0,0,0,0
45222,1,0,0,0,0
45223,1,0,0,0,0
45224,1,0,0,0,0
45225,1,0,0,0,0
45226,1,0,0,0,0
45227,1,0,0,0,0
45228,1,0,0,0,0
45229,1,0,0,0,0
45230,1,0,0,0,0
45231,1,0,0,0,0
45232,1,0,0,0,0
45233,1,0,0,0,0
45234,1,0,0,0,0
45235,1,0,0,0,0
45236,1,0,0,0,0
45237,1,0,0,0,0
45238,1,0,0,0,0
45239,1,0,0,0,0
45240,1,0,0,0,0
45241,1,0,0,0,0
45242,1,0,0,0,0
45243,1,0,0,0,0
45244,1,0,0,0,0
45245,1,0,0,0,0
45246,1,0,0,0,0
45247,1,0,0,0,0
45248,1,0,0,0,0
45249,1,0,0,0,0
45250,1,0,0,0,0
45251,1,0,0,0,0
45252,1,0,0,0,0
45253,1,0,0,0,0
45254,1,0,0,0,0
45255,1,0,0,0,0
45256,1,0,0,0,0
45257,1,0,0,0,0
45258,1,0,0,0,0
45259,1,0,0,0,0
45260,1,0,0,0,0
45261,1,0,0,0,0
45262,1,0,0,0,0
45263,1,0,0,0,0
45264,1,0,0,0,0
45265,1,0,0,0,0
45266,1,0,0,0,0
45267,1,0,0,0,0
45268,1,0,0,0,0
45269,1,0,0,0,0
45270,1,0,0,0,0
45271,1,0,0,0,0
45272,1,0,0,0,0
45273,1,0,0,0,0
45274,1,0,0,0,0
45275,1,0,0,0,0
45276,1,0,0,0,0
45277,1,0,0,0,0
45278,1,0,0,0,0
45279,1,0,0,0,0
45280,1,0,0,0,0
45281,1,0,0,0,0
45282,1,0,0,0,0
45283,1,0,0,0,0
45284,1,0,0,0,0
45285,1,0,0,0,0
45286,1,0,0,0,0
45287,1,0,0,0,0
45288,1,0,0,0,0
45289,1,0,0,0,0
45290,1,0,0,0,0
45291,1,0,0,0,0
45292,1,0,0,0,0
45293,1,0,0,0,0
45294,1,0,0,0,0
45295,1,0,0,0,0
45296,1,0,0,0,0
45297,1,0,0,0,0
45298,1,0,0,0,0
45299,1,0,0,0,0
45300,1,0,0,0,0
45301,1,0,0,0,0
45302,1,0,0,0,0
45303,1,0,0,0,0
45304,1,0,0,0,0
45305,1,0,0,0,0
45306,1,0,0,0,0
45307,1,0,0,0,0
45308,1,0,0,0,0
45309,1,0,0,0,0
45310,1,0,0,0,0
45311,1,0,0,0,0
45312,1,0,0,0,0
45313,1,0,0,0,0
45314,1,0,0,0,0
45315,1,0,0,0,0
45316,1,0,0,0,0
45317,1,0,0,0,0
45318,1,0,0,0,0
45319,1,0,0,0,0
45320,1,0,0,0,0
45321,1,0,0,0,0
45322,1,0,0,0,0
45323,1,0,0,0,0
45324,1,0,0,0,0
45325,1,0,0,0,0
45326,1,0,0,0,0
45327,1,0,0,0,0
45328,1,0,0,0,0
45329,1,0,0,0,0
45330,1,0,0,0,0
45331,1,0,0,0,0
45332,1,0,0,0,0
45333,1,0,0,0,0
45334,1,0,0,0,0
45335,1,0,0,0,0
45336,1,0,0,0,0
45337,1,0,0,0,0
45338,1,0,0,0,0
45339,1,0,0,0,0
45340,1,0,0,0,0
45341,1,0,0,0,0
45342,1,0,0,0,0
45343,1,0,0,0,0
45344,1,0,0,0,0
45345,0,0,0,0,1
45346,0,0,0,0,1
45347,0,0,0,0,1
45348,0,0,0,0,1
45349,0,0,0,0,1
45350,0,0,0,0,1
45351,0,0,0,0,1
45352,0,0,0,0,1
45353,0,0,0,0,1
45354,1,0,0,0,0
45355,1,0,0,0,0
45356,1,0,0,0,0
45357,1,0,0,0,0
45358,1,0,0,0,0
45359,1,0,0,0,0
45360,1,0,0,0,0
45361,1,0,0,0,0
45362,1,0,0,0,0
45363,1,0,0,0,0
45364,1,0,0,0,0
45365,1,0,0,0,0
45366,1,0,0,0,0
45367,1,0,0,0,0
45368,1,0,0,0,0
45369,1,0,0,0,0
45370,1,0,0,0,0
45371,1,0,0,0,0
45372,1,0,0,0,0
45373,1,0,0,0,0
45374,1,0,0,0,0
45375,1,0,0,0,0
45376,1,0,0,0,0
45377,1,0,0,0,0
45378,1,0,0,0,0
45379,1,0,0,0,0
45380,1,0,0,0,0
45381,1,0,0,0,0
45382,1,0,0,0,0
45383,1,0,0,0,0
45384,1,0,0,0,0
45385,1,0,0,0,0
45386,1,0,0,0,0
45387,1,0,0,0,0
45388,1,0,0,0,0
45389,1,0,0,0,0
45390,1,0,0,0,0
45391,1,0,0,0,0
45392,1,0,0,0,0
45393,1,0,0,0,0
45394,0,0,0,0,1
45395,0,0,0,0,1
45396,0,0,0,0,1
45397,0,0,0,0,1
45398,0,0,0,0,1
45399,0,0,0,0,1
45400,0,0,0,0,1
45401,0,0,0,0,1
45402,0,0,0,0,1
45403,0,0,0,0,1
45404,0,0,0,0,1
45405,0,0,0,0,1
45406,0,0,0,0,1
45407,0,0,0,0,1
45408,0,0,0,0,1
45409,0,0,0,0,1
45410,0,0,0,0,1
45411,0,0,0,0,1
45412,0,0,0,0,1
45413,0,0,0,0,1
45414,0,0,0,0,1
45415,0,0,0,0,1
45416,0,0,0,0,1
45417,0,0,0,0,1
45418,0,0,0,0,1
45419,0,0,0,0,1
45420,0,0,0,0,1
45421,0,0,0,0,1
45422,0,0,0,0,1
45423,0,0,0,0,1
45424,0,0,0,0,1
45425,0,0,0,0,1
45426,0,0,0,0,1
45427,0,0,0,0,1
45428,0,0,0,0,1
45429,0,0,0,0,1
45430,0,0,0,0,1
45431,0,0,0,0,1
45432,0,0,0,0,1
45433,0,0,0,0,1
45434,0,0,0,0,1
45435,0,0,0,0,1
45436,0,0,0,0,1
45437,0,0,0,0,1
45438,0,0,0,0,1
45439,0,0,0,0,1
45440,0,0,0,0,1
45441,0,0,0,0,1
45442,0,0,0,0,1
45443,0,0,0,0,1
45444,0,0,0,0,1
45445,0,0,0,0,1
45446,0,0,0,0,1
45447,0,0,0,0,1
45448,0,0,0,0,1
45449,0,0,0,0,1
45450,0,0,0,0,1
45451,0,0,0,0,1
45452,0,0,0,0,1
45453,0,0,0,0,1
45454,0,0,0,0,1
45455,0,0,0,0,1
45456,0,0,0,0,1
45457,0,0,0,0,1
45458,0,0,0,0,1
45459,0,0,0,0,1
45460,0,0,0,0,1
45461,0,0,0,0,1
45462,0,0,0,0,1
45463,0,0,0,0,1
45464,0,0,0,0,1
45465,0,0,0,0,1
45466,0,0,0,0,1
45467,0,0,0,0,1
45468,0,0,0,0,1
45469,0,0,0,0,1
45470,0,0,0,0,1
45471,0,0,0,0,1
45472,0,0,0,0,1
45473,0,0,0,0,1
45474,0,0,0,0,1
45475,0,0,0,0,1
45476,0,0,0,0,1
45477,0,0,0,0,1
45478,0,0,0,0,1
45479,0,0,0,0,1
45480,0,0,0,0,1
45481,0,0,0,0,1
45482,0,0,0,0,1
45483,0,0,0,0,1
45484,0,0,0,0,1
45485,0,0,0,0,1
45486,0,0,0,0,1
45487,0,0,0,0,1
45488,0,0,0,0,1
45489,0,0,0,0,1
45490,0,0,0,0,1
45491,0,0,0,0,1
45492,0,0,0,0,1
45493,0,0,0,0,1
45494,0,0,0,0,1
45495,0,0,0,0,1
45496,0,0,0,0,1
45497,0,0,0,0,1
45498,0,0,0,0,1
45499,0,0,0,0,1
45500,0,0,0,0,1
45501,0,0,0,0,1
45502,0,0,0,0,1
45503,0,0,0,0,1
45504,0,0,0,0,1
45505,0,0,0,0,1
45506,0,0,0,0,1
45507,0,0,0,0,1
45508,0,0,0,0,1
45509,0,0,0,0,1
45510,0,0,0,0,1
45511,0,0,0,0,1
45512,0,0,0,0,1
45513,0,0,0,0,1
45514,0,0,0,0,1
45515,0,0,0,0,1
45516,0,0,0,0,1
45517,0,0,0,0,1
45518,0,0,0,0,1
45519,0,0,0,0,1
45520,0,0,0,0,1
45521,0,0,0,0,1
45522,0,0,0,0,1
45523,0,0,0,0,1
45524,0,0,0,0,1
45525,0,0,0,0,1
45526,0,0,0,0,1
45527,0,0,0,0,1
45528,0,0,0,0,1
45529,0,0,0,0,1
45530,0,0,0,0,1
45531,0,0,0,0,1
45532,0,0,0,0,1
45533,0,0,0,0,1
45534,0,0,0,0,1
45535,0,0,0,0,1
45536,0,0,0,0,1
45537,0,0,0,0,1
45538,0,0,0,0,1
45539,0,0,0,0,1
45540,0,0,0,0,1
45541,0,0,0,0,1
45542,0,0,0,0,1
45543,0,0,0,0,1
45544,0,0,0,0,1
45545,0,0,0,0,1
45546,0,0,0,0,1
45547,0,0,0,0,1
45548,0,0,0,0,1
45549,0,0,0,0,1
45550,0,0,0,0,1
45551,0,0,0,0,1
45552,0,0,0,0,1
45553,0,0,0,0,1
45554,0,0,0,0,1
45555,0,0,0,0,1
45556,0,0,0,0,1
45557,0,0,0,0,1
45558,0,0,0,0,1
45559,0,0,0,0,1
45560,0,0,0,0,1
45561,0,0,0,0,1
45562,0,0,0,0,1
45563,0,0,0,0,1
45564,0,0,0,0,1
45565,0,0,0,0,1
45566,0,0,0,0,1
45567,0,0,0,0,1
45568,0,0,0,0,1
45569,0,0,0,0,1
45570,0,0,0,0,1
45571,0,0,0,0,1
45572,0,0,0,0,1
45573,0,0,0,0,1
45574,0,0,0,0,1
45575,0,0,0,0,1
45576,0,0,0,0,1
45577,0,0,0,0,1
45578,0,0,0,0,1
45579,0,0,0,0,1
45580,0,0,0,0,1
45581,0,0,0,0,1
45582,0,0,0,0,1
45583,0,0,0,0,1
45584,0,0,0,0,1
45585,0,0,0,0,1
45586,0,0,0,0,1
45587,0,0,0,0,1
45588,0,0,0,0,1
45589,0,0,0,0,1
45590,0,0,0,0,1
45591,0,0,0,0,1
45592,0,0,0,0,1
45593,0,0,0,0,1
45594,0,0,0,0,1
45595,0,0,0,0,1
45596,0,0,0,0,1
45597,0,0,0,0,1
45598,0,0,0,0,1
45599,0,0,0,0,1
45600,0,0,0,0,1
45601,0,0,0,0,1
45602,0,0,0,0,1
45603,0,0,0,0,1
45604,0,0,0,0,1
45605,0,0,0,0,1
45606,0,0,0,0,1
45607,0,0,0,0,1
45608,0,0,0,0,1
45609,0,0,0,0,1
45610,0,0,0,0,1
45611,0,0,0,0,1
45612,0,0,0,0,1
45613,0,0,0,0,1
45614,0,0,0,0,1
45615,0,0,0,0,1
45616,0,0,0,0,1
45617,0,0,0,0,1
45618,0,0,0,0,1
45619,0,0,0,0,1
45620,0,0,0,0,1
45621,0,0,0,0,1
45622,0,0,0,0,1
45623,0,0,0,0,1
45624,0,0,0,0,1
45625,0,0,0,0,1
45626,0,0,0,0,1
45627,0,0,0,0,1
45628,0,0,0,0,1
45629,0,0,0,0,1
45630,0,0,0,0,1
45631,0,0,0,0,1
45632,0,0,0,0,1
45633,0,0,0,0,1
45634,0,0,0,0,1
45635,0,0,0,0,1
45636,0,0,0,0,1
45637,0,0,0,0,1
45638,0,0,0,0,1
45639,0,0,0,0,1
45640,0,0,0,0,1
45641,0,0,0,0,1
45642,0,0,0,0,1
45643,0,0,0,0,1
45644,0,0,0,0,1
45645,0,0,0,0,1
45646,0,0,0,0,1
45647,0,0,0,0,1
45648,0,0,0,0,1
45649,0,0,0,0,1
45650,0,0,0,0,1
45651,0,0,0,0,1
45652,0,0,0,0,1
45653,0,0,0,0,1
45654,0,0,0,0,1
45655,0,0,0,0,1
45656,0,0,0,0,1
45657,0,0,0,0,1
45658,0,0,0,0,1
45659,0,0,1,0,0
45660,0,0,1,0,0
45661,0,0,1,0,0
45662,0,0,1,0,0
45663,0,0,1,0,0
45664,0,0,1,0,0
45665,0,0,1,0,0
45666,0,0,1,0,0
45667,0,0,1,0,0
45668,0,0,1,0,0
45669,0,0,1,0,0
45670,0,0,1,0,0
45671,0,0,1,0,0
45672,0,0,1,0,0
45673,0,0,1,0,0
45674,0,0,1,0,0
45675,0,0,1,0,0
45676,0,0,1,0,0
45677,0,0,1,0,0
45678,0,0,1,0,0
45679,0,0,1,0,0
45680,0,0,1,0,0
45681,0,0,1,0,0
45682,0,0,1,0,0
45683,0,0,1,0,0
45684,0,0,1,0,0
45685,0,0,1,0,0
45686,0,0,1,0,0
45687,0,0,1,0,0
45688,0,0,1,0,0
45689,0,0,1,0,0
45690,0,0,1,0,0
45691,0,0,1,0,0
45692,0,0,1,0,0
45693,0,0,1,0,0
45694,0,0,1,0,0
45695,0,0,1,0,0
45696,0,0,1,0,0
45697,0,0,1,0,0
45698,0,0,1,0,0
45699,0,0,1,0,0
45700,0,0,1,0,0
45701,0,0,1,0,0
45702,0,0,1,0,0
45703,0,0,0,0,1
45704,0,0,0,0,1
45705,0,0,0,0,1
45706,0,0,0,0,1
45707,0,0,0,0,1
45708,0,0,0,0,1
45709,0,0,0,0,1
45710,0,0,0,0,1
45711,0,0,0,0,1
45712,0,0,0,0,1
45713,0,0,0,0,1
45714,0,0,0,0,1
45715,0,0,0,0,1
45716,0,0,0,0,1
45717,0,0,0,0,1
45718,0,0,0,0,1
45719,0,0,0,0,1
45720,0,0,0,0,1
45721,0,0,0,0,1
45722,0,0,0,0,1
45723,0,0,0,0,1
45724,0,0,0,0,1
45725,0,0,0,0,1
45726,0,0,0,0,1
45727,0,0,0,0,1
45728,0,0,0,0,1
45729,0,0,0,0,1
45730,0,0,0,0,1
45731,0,0,0,0,1
45732,0,0,0,0,1
45733,0,0,0,0,1
45734,0,0,0,0,1
45735,0,0,0,0,1
45736,0,0,0,0,1
45737,0,0,0,0,1
45738,0,0,0,0,1
45739,0,0,0,0,1
45740,0,0,0,0,1
45741,0,0,0,0,1
45742,0,0,0,0,1
45743,0,0,0,0,1
45744,0,0,0,0,1
45745,0,0,0,0,1
45746,0,0,0,0,1
45747,0,0,0,0,1
45748,0,0,0,0,1
45749,0,0,0,0,1
45750,0,0,0,0,1
45751,0,0,0,0,1
45752,0,0,0,0,1
45753,0,0,0,0,1
45754,0,0,0,0,1
45755,0,0,0,0,1
45756,0,0,0,0,1
45757,0,0,0,0,1
45758,0,0,0,0,1
45759,0,0,0,0,1
45760,0,0,0,0,1
45761,0,0,0,0,1
45762,0,0,0,0,1
45763,0,0,0,0,1
45764,0,0,0,0,1
45765,0,0,0,0,1
45766,0,0,0,0,1
45767,0,0,0,0,1
45768,0,0,0,0,1
45769,0,0,0,0,1
45770,0,0,0,0,1
45771,0,0,0,0,1
45772,0,0,0,0,1
45773,0,0,0,0,1
45774,0,0,0,0,1
45775,0,0,0,0,1
45776,0,0,0,0,1
45777,0,0,0,0,1
45778,0,0,0,0,1
45779,0,0,0,0,1
45780,0,0,0,0,1
45781,0,0,0,0,1
45782,0,0,0,0,1
45783,0,0,0,0,1
45784,0,0,0,0,1
45785,0,0,0,0,1
45786,0,0,0,0,1
45787,0,0,0,0,1
45788,0,0,0,0,1
45789,0,0,0,0,1
45790,0,0,0,0,1
45791,0,0,0,0,1
45792,0,0,0,0,1
45793,0,0,0,0,1
45794,0,0,0,0,1
45795,0,0,0,0,1
45796,0,0,0,0,1
45797,0,0,0,0,1
45798,0,0,0,0,1
45799,0,0,0,0,1
45800,0,0,1,0,0
45801,0,0,1,0,0
45802,0,0,1,0,0
45803,0,0,1,0,0
45804,0,0,1,0,0
45805,0,0,1,0,0
45806,0,0,1,0,0
45807,0,0,1,0,0
45808,0,0,1,0,0
45809,0,0,1,0,0
45810,0,0,1,0,0
45811,0,0,1,0,0
45812,0,0,1,0,0
45813,0,0,1,0,0
45814,0,0,1,0,0
45815,0,0,1,0,0
45816,0,0,1,0,0
45817,0,0,1,0,0
45818,0,0,1,0,0
45819,0,0,1,0,0
45820,0,0,1,0,0
45821,0,0,1,0,0
45822,0,0,1,0,0
45823,0,0,1,0,0
45824,0,0,1,0,0
45825,0,0,1,0,0
45826,0,0,1,0,0
45827,0,0,1,0,0
45828,0,0,1,0,0
45829,0,0,1,0,0
45830,0,0,1,0,0
45831,0,0,1,0,0
45832,0,0,1,0,0
45833,0,0,1,0,0
45834,0,0,1,0,0
45835,0,0,1,0,0
45836,0,0,1,0,0
45837,0,0,1,0,0
45838,0,0,1,0,0
45839,0,0,0,0,1
45840,0,0,0,0,1
45841,0,0,0,0,1
45842,0,0,0,0,1
45843,0,0,0,0,1
45844,0,0,0,0,1
45845,0,0,0,0,1
45846,0,0,0,0,1
45847,0,0,0,0,1
45848,0,0,0,0,1
45849,0,0,0,0,1
45850,0,0,0,0,1
45851,0,0,0,0,1
45852,0,0,0,0,1
45853,0,0,0,0,1
45854,0,0,0,0,1
45855,0,0,0,0,1
45856,0,0,0,0,1
45857,0,0,0,0,1
45858,0,0,0,0,1
45859,0,0,0,0,1
45860,0,0,0,0,1
45861,0,0,0,0,1
45862,0,0,0,0,1
45863,0,0,0,0,1
45864,0,0,0,0,1
45865,0,0,0,0,1
45866,0,0,0,0,1
45867,0,0,0,0,1
45868,0,0,0,0,1
45869,0,0,0,0,1
45870,0,0,0,0,1
45871,0,0,0,0,1
45872,0,0,0,0,1
45873,0,0,0,0,1
45874,0,0,0,0,1
45875,0,1,0,0,0
45876,0,1,0,0,0
45877,0,1,0,0,0
45878,0,1,0,0,0
45879,0,1,0,0,0
45880,0,1,0,0,0
45881,0,1,0,0,0
45882,0,1,0,0,0
45883,0,1,0,0,0
45884,0,1,0,0,0
45885,0,1,0,0,0
45886,0,1,0,0,0
45887,0,1,0,0,0
45888,0,1,0,0,0
45889,0,1,0,0,0
45890,0,1,0,0,0
45891,0,1,0,0,0
45892,0,1,0,0,0
45893,0,1,0,0,0
45894,0,1,0,0,0
45895,0,1,0,0,0
45896,0,1,0,0,0
45897,0,1,0,0,0
45898,0,1,0,0,0
45899,0,1,0,0,0
45900,0,1,0,0,0
45901,0,1,0,0,0
45902,0,1,0,0,0
45903,0,1,0,0,0
45904,0,1,0,0,0
45905,0,1,0,0,0
45906,0,1,0,0,0
45907,0,1,0,0,0
45908,0,1,0,0,0
45909,0,1,0,0,0
45910,0,1,0,0,0
45911,0,1,0,0,0
45912,0,1,0,0,0
45913,0,1,0,0,0
45914,0,1,0,0,0
45915,0,1,0,0,0
45916,0,1,0,0,0
45917,0,1,0,0,0
45918,0,1,0,0,0
45919,0,1,0,0,0
45920,0,1,0,0,0
45921,0,1,0,0,0
45922,0,1,0,0,0
45923,0,1,0,0,0
45924,0,1,0,0,0
45925,0,1,0,0,0
45926,0,1,0,0,0
45927,0,1,0,0,0
45928,0,1,0,0,0
45929,0,1,0,0,0
45930,0,1,0,0,0
45931,0,1,0,0,0
45932,0,1,0,0,0
45933,0,1,0,0,0
45934,0,1,0,0,0
45935,0,1,0,0,0
45936,0,1,0,0,0
45937,0,1,0,0,0
45938,0,1,0,0,0
45939,0,0,0,0,1
45940,0,0,0,0,1
45941,0,0,0,0,1
45942,0,0,0,0,1
45943,0,0,0,0,1
45944,0,0,0,0,1
45945,0,0,0,0,1
45946,0,0,0,0,1
45947,0,0,0,0,1
45948,0,0,0,0,1
45949,0,0,0,0,1
45950,0,0,0,0,1
45951,0,0,0,0,1
45952,0,0,0,0,1
45953,0,0,0,0,1
45954,0,0,0,0,1
45955,0,0,0,0,1
45956,0,0,0,0,1
45957,0,0,0,0,1
45958,0,0,0,0,1
45959,0,0,0,0,1
45960,0,0,0,0,1
45961,0,0,0,0,1
45962,0,0,0,0,1
45963,0,0,0,0,1
45964,0,0,0,0,1
45965,0,0,0,0,1
45966,0,0,0,0,1
45967,0,0,0,0,1
45968,0,0,0,0,1
45969,0,0,0,0,1
45970,0,0,0,0,1
45971,0,0,0,0,1
45972,0,0,0,0,1
45973,0,0,0,0,1
45974,0,0,0,0,1
45975,0,0,0,0,1
45976,0,0,0,0,1
45977,0,0,0,0,1
45978,0,0,0,0,1
45979,0,0,0,0,1
45980,0,0,0,0,1
45981,0,0,0,0,1
45982,0,0,0,0,1
45983,0,0,0,0,1
45984,0,0,0,0,1
45985,0,0,0,0,1
45986,0,0,0,0,1
45987,0,0,0,0,1
45988,0,0,0,0,1
45989,0,0,0,0,1
45990,0,0,0,0,1
45991,0,0,0,0,1
45992,0,0,0,0,1
45993,0,0,0,0,1
45994,0,0,0,0,1
45995,0,0,0,0,1
45996,0,0,0,0,1
45997,0,0,0,0,1
45998,0,0,0,0,1
45999,0,0,0,0,1
46000,0,0,0,0,1
46001,0,0,0,0,1
46002,0,0,0,0,1
46003,0,0,0,0,1
46004,0,0,0,0,1
46005,0,0,0,0,1
46006,0,0,0,0,1
46007,0,0,0,0,1
46008,0,0,0,0,1
46009,0,0,0,0,1
46010,0,0,0,0,1
46011,0,0,0,0,1
46012,0,0,0,0,1
46013,0,0,0,0,1
46014,0,0,0,0,1
46015,0,0,0,0,1
46016,0,0,0,0,1
46017,0,0,0,0,1
46018,0,0,0,0,1
46019,0,0,0,0,1
46020,0,0,0,0,1
46021,0,0,0,0,1
46022,0,0,0,0,1
46023,0,0,0,0,1
46024,0,0,0,0,1
46025,0,0,0,0,1
46026,0,0,0,0,1
46027,0,0,0,0,1
46028,0,0,0,0,1
46029,0,0,0,0,1
46030,0,0,0,0,1
46031,0,0,0,0,1
46032,0,0,0,0,1
46033,0,0,0,0,1
46034,0,0,0,0,1
46035,0,0,0,0,1
46036,0,0,0,0,1
46037,0,0,0,0,1
46038,0,0,0,0,1
46039,0,0,0,0,1
46040,0,0,0,0,1
46041,0,0,0,0,1
46042,0,0,0,0,1
46043,0,0,0,0,1
46044,0,0,0,0,1
46045,0,0,0,0,1
46046,0,0,0,0,1
46047,0,0,0,0,1
46048,0,0,0,0,1
46049,0,0,0,0,1
46050,0,0,0,0,1
46051,0,0,0,0,1
46052,0,0,0,0,1
46053,0,0,0,0,1
46054,0,0,0,0,1
46055,0,0,0,0,1
46056,0,0,0,0,1
46057,0,0,0,0,1
46058,0,0,0,0,1
46059,0,0,0,0,1
46060,0,0,0,0,1
46061,0,0,0,0,1
46062,0,0,0,0,1
46063,0,0,0,0,1
46064,0,0,0,0,1
46065,0,0,0,0,1
46066,0,0,0,0,1
46067,0,0,0,0,1
46068,0,0,0,0,1
46069,0,0,0,0,1
46070,0,0,0,0,1
46071,0,0,0,0,1
46072,0,0,0,0,1
46073,0,0,0,0,1
46074,0,0,0,0,1
46075,0,0,0,0,1
46076,0,0,0,0,1
46077,0,0,0,0,1
46078,0,0,0,0,1
46079,0,0,0,0,1
46080,0,0,0,0,1
46081,0,0,0,0,1
46082,0,0,0,0,1
46083,0,0,0,0,1
46084,0,0,0,0,1
46085,0,0,0,0,1
46086,0,0,0,0,1
46087,0,0,0,0,1
46088,0,0,0,0,1
46089,0,0,0,0,1
46090,0,0,0,0,1
46091,0,0,0,0,1
46092,0,0,0,0,1
46093,0,0,0,0,1
46094,0,0,0,0,1
46095,0,0,0,0,1
46096,0,0,0,0,1
46097,0,0,0,0,1
46098,0,0,0,0,1
46099,0,0,0,0,1
46100,0,0,0,0,1
46101,0,0,0,0,1
46102,0,0,0,0,1
46103,0,0,0,0,1
46104,0,0,0,0,1
46105,0,0,0,0,1
46106,0,0,0,0,1
46107,0,0,0,0,1
46108,0,0,0,0,1
46109,0,0,0,0,1
46110,0,0,0,0,1
46111,0,0,0,0,1
46112,0,0,0,0,1
46113,0,0,0,0,1
46114,0,0,0,0,1
46115,0,0,0,0,1
46116,0,0,0,0,1
46117,0,0,0,0,1
46118,0,0,0,0,1
46119,0,0,0,0,1
46120,0,0,0,0,1
46121,0,0,0,0,1
46122,0,0,0,0,1
46123,0,0,0,0,1
46124,0,0,0,0,1
46125,0,0,0,0,1
46126,0,0,0,0,1
46127,0,0,0,0,1
46128,0,0,0,0,1
46129,0,0,0,0,1
46130,0,0,0,0,1
46131,0,0,0,0,1
46132,0,0,0,0,1
46133,0,0,0,0,1
46134,0,0,0,0,1
46135,0,0,0,0,1
46136,0,0,0,0,1
46137,0,0,0,0,1
46138,0,0,0,0,1
46139,0,0,0,0,1
46140,0,0,0,0,1
46141,0,0,0,0,1
46142,0,0,0,0,1
46143,0,0,0,0,1
46144,0,0,0,0,1
46145,0,0,0,0,1
46146,0,0,0,0,1
46147,0,0,0,0,1
46148,0,0,0,0,1
46149,0,0,0,0,1
46150,0,0,0,0,1
46151,0,0,0,0,1
46152,0,0,0,0,1
46153,0,0,0,0,1
46154,0,0,0,0,1
46155,0,0,0,0,1
46156,0,0,0,0,1
46157,0,0,0,0,1
46158,0,0,0,0,1
46159,0,0,0,0,1
46160,0,0,0,0,1
46161,0,0,0,0,1
46162,0,0,0,0,1
46163,0,0,0,0,1
46164,0,0,0,0,1
46165,0,0,0,0,1
46166,0,0,0,0,1
46167,0,0,0,0,1
46168,0,0,0,0,1
46169,0,0,0,0,1
46170,0,0,0,0,1
46171,0,0,0,0,1
46172,0,0,0,0,1
46173,0,0,0,0,1
46174,0,0,0,0,1
46175,0,0,0,0,1
46176,0,0,0,0,1
46177,0,0,0,0,1
46178,0,0,0,0,1
46179,0,0,0,0,1
46180,0,0,0,0,1
46181,0,0,0,0,1
46182,0,0,0,0,1
46183,0,0,0,0,1
46184,0,0,0,0,1
46185,0,0,0,0,1
46186,0,0,0,0,1
46187,0,0,0,0,1
46188,0,0,0,0,1
46189,0,0,0,0,1
46190,0,0,0,0,1
46191,0,0,0,0,1
46192,0,0,0,0,1
46193,0,0,0,0,1
46194,0,0,0,0,1
46195,0,0,0,0,1
46196,0,0,0,0,1
46197,0,0,0,0,1
46198,0,0,0,0,1
46199,0,0,0,0,1
46200,0,0,0,0,1
46201,0,0,0,0,1
46202,0,0,0,0,1
46203,0,0,0,0,1
46204,0,0,0,0,1
46205,0,0,0,0,1
46206,0,0,0,0,1
46207,0,0,0,0,1
46208,0,0,0,0,1
46209,0,0,0,0,1
46210,0,0,0,0,1
46211,0,0,0,0,1
46212,0,0,0,0,1
46213,0,0,0,0,1
46214,0,0,0,0,1
46215,0,0,0,0,1
46216,0,0,0,0,1
46217,0,0,0,0,1
46218,0,0,0,0,1
46219,0,0,0,0,1
46220,0,0,0,0,1
46221,0,0,0,0,1
46222,0,0,0,0,1
46223,0,0,0,0,1
46224,0,0,0,0,1
46225,0,0,0,0,1
46226,0,0,0,0,1
46227,0,0,0,0,1
46228,0,0,0,0,1
46229,0,0,0,0,1
46230,0,0,0,0,1
46231,0,0,0,0,1
46232,0,0,0,0,1
46233,0,0,0,0,1
46234,0,0,0,0,1
46235,0,0,0,0,1
46236,0,0,0,0,1
46237,0,0,0,0,1
46238,0,0,0,0,1
46239,0,0,0,0,1
46240,0,0,0,0,1
46241,0,0,0,0,1
46242,0,0,0,0,1
46243,0,0,0,0,1
46244,0,0,0,0,1
46245,0,0,0,0,1
46246,0,0,0,0,1
46247,0,0,0,0,1
46248,0,0,0,0,1
46249,0,0,0,0,1
46250,0,0,0,0,1
46251,0,0,0,0,1
46252,0,0,0,0,1
46253,0,0,0,0,1
46254,0,0,0,0,1
46255,0,0,0,0,1
46256,0,0,0,0,1
46257,0,0,0,0,1
46258,0,0,0,0,1
46259,0,0,0,0,1
46260,0,0,0,0,1
46261,0,0,0,0,1
46262,0,0,0,0,1
46263,0,0,0,0,1
46264,0,0,0,0,1
46265,0,0,0,0,1
46266,0,0,0,0,1
46267,0,0,0,0,1
46268,0,0,0,0,1
46269,0,0,0,0,1
46270,0,0,0,0,1
46271,0,0,0,0,1
46272,0,0,0,0,1
46273,0,0,0,0,1
46274,0,0,0,0,1
46275,0,0,0,0,1
46276,0,0,0,0,1
46277,0,0,0,0,1
46278,0,0,0,0,1
46279,0,0,0,0,1
46280,0,0,0,0,1
46281,0,0,0,0,1
46282,0,0,0,0,1
46283,0,0,0,0,1
46284,0,0,0,0,1
46285,0,0,0,0,1
46286,0,0,0,0,1
46287,0,0,0,0,1
46288,0,0,0,0,1
46289,0,0,0,0,1
46290,0,0,0,0,1
46291,0,0,0,0,1
46292,0,0,0,0,1
46293,0,0,0,0,1
46294,0,0,0,0,1
46295,0,0,0,0,1
46296,0,0,0,0,1
46297,0,0,0,0,1
46298,0,0,0,0,1
46299,0,0,0,0,1
46300,0,0,0,0,1
46301,0,0,0,0,1
46302,0,0,0,0,1
46303,0,0,0,0,1
46304,0,0,0,0,1
46305,0,0,0,0,1
46306,0,0,0,0,1
46307,0,0,0,0,1
46308,0,0,0,0,1
46309,0,0,0,0,1
46310,0,0,0,0,1
46311,0,0,0,0,1
46312,0,0,0,0,1
46313,0,0,0,0,1
46314,0,0,0,0,1
46315,0,0,0,0,1
46316,0,0,0,0,1
46317,0,0,0,0,1
46318,0,0,0,0,1
46319,0,0,0,0,1
46320,0,0,0,0,1
46321,0,0,0,0,1
46322,0,0,0,0,1
46323,0,0,0,0,1
46324,0,0,0,0,1
46325,0,0,0,0,1
46326,0,0,0,0,1
46327,0,0,0,0,1
46328,0,0,0,0,1
46329,0,0,0,0,1
46330,0,0,0,0,1
46331,0,0,0,0,1
46332,0,0,0,0,1
46333,0,0,0,0,1
46334,0,0,0,0,1
46335,0,0,0,0,1
46336,0,0,0,0,1
46337,0,0,0,0,1
46338,0,0,0,0,1
46339,0,0,0,0,1
46340,0,0,0,0,1
46341,0,0,0,0,1
46342,0,0,0,0,1
46343,0,0,0,0,1
46344,0,0,0,0,1
46345,0,0,0,0,1
46346,0,0,0,0,1
46347,0,0,0,0,1
46348,0,0,0,0,1
46349,0,0,0,0,1
46350,0,0,0,0,1
46351,0,0,0,0,1
46352,0,0,0,0,1
46353,0,0,0,0,1
46354,0,0,0,0,1
46355,0,0,0,0,1
46356,0,0,0,0,1
46357,0,0,0,0,1
46358,0,0,0,0,1
46359,0,0,0,0,1
46360,0,0,0,0,1
46361,0,0,0,0,1
46362,0,0,0,0,1
46363,0,0,0,0,1
46364,0,0,0,0,1
46365,0,0,0,0,1
46366,0,0,0,0,1
46367,0,0,0,0,1
46368,0,0,0,0,1
46369,0,0,0,0,1
46370,0,0,0,0,1
46371,0,0,0,0,1
46372,0,0,0,0,1
46373,0,0,0,0,1
46374,0,0,0,0,1
46375,0,0,0,0,1
46376,0,0,0,0,1
46377,0,0,0,0,1
46378,0,0,0,0,1
46379,0,0,0,0,1
46380,0,0,0,0,1
46381,0,0,0,0,1
46382,0,0,0,0,1
46383,0,0,0,0,1
46384,0,0,0,0,1
46385,0,0,0,0,1
46386,0,0,0,0,1
46387,0,0,0,0,1
46388,0,0,0,0,1
46389,0,0,0,0,1
46390,0,0,0,0,1
46391,0,0,0,0,1
46392,0,0,0,0,1
46393,0,0,0,0,1
46394,0,0,0,0,1
46395,0,0,0,0,1
46396,0,0,0,0,1
46397,0,0,0,0,1
46398,0,0,0,0,1
46399,0,0,0,0,1
46400,0,0,0,0,1
46401,0,0,0,0,1
46402,0,0,0,0,1
46403,0,0,0,0,1
46404,0,0,0,0,1
46405,0,0,0,0,1
46406,0,0,0,0,1
46407,0,0,0,0,1
46408,0,0,0,0,1
46409,0,0,0,0,1
46410,0,0,0,0,1
46411,0,0,0,0,1
46412,0,0,0,0,1
46413,0,0,0,0,1
46414,0,0,0,0,1
46415,0,0,0,0,1
46416,0,0,0,0,1
46417,0,0,0,0,1
46418,0,0,0,0,1
46419,0,0,0,0,1
46420,0,0,0,0,1
46421,0,0,0,0,1
46422,0,0,0,0,1
46423,0,0,0,0,1
46424,0,0,0,0,1
46425,0,0,0,0,1
46426,0,0,0,0,1
46427,0,0,0,0,1
46428,0,0,0,0,1
46429,0,0,0,0,1
46430,0,0,0,0,1
46431,0,0,0,0,1
46432,0,0,0,0,1
46433,0,0,0,0,1
46434,0,0,0,0,1
46435,0,0,0,0,1
46436,0,0,0,0,1
46437,0,0,0,0,1
46438,0,0,0,0,1
46439,0,0,0,0,1
46440,0,0,0,0,1
46441,0,0,0,0,1
46442,0,0,0,0,1
46443,0,0,0,0,1
46444,0,0,0,0,1
46445,0,0,0,0,1
46446,0,0,0,0,1
46447,0,0,0,0,1
46448,0,0,0,0,1
46449,0,0,0,0,1
46450,0,0,0,0,1
46451,0,0,0,0,1
46452,0,0,0,0,1
46453,0,0,0,0,1
46454,0,0,0,0,1
46455,0,0,0,0,1
46456,0,0,0,0,1
46457,0,0,0,0,1
46458,0,0,0,0,1
46459,0,0,0,0,1
46460,0,0,0,0,1
46461,0,0,0,0,1
46462,0,0,0,0,1
46463,0,0,0,0,1
46464,0,0,0,0,1
46465,0,0,0,0,1
46466,0,0,0,0,1
46467,0,0,0,0,1
46468,0,0,0,0,1
46469,0,0,0,0,1
46470,0,0,0,0,1
46471,0,0,0,0,1
46472,0,0,0,0,1
46473,0,0,0,0,1
46474,0,0,0,0,1
46475,0,0,0,0,1
46476,0,0,0,0,1
46477,0,0,0,0,1
46478,0,0,0,0,1
46479,0,0,0,0,1
46480,0,0,0,0,1
46481,0,0,0,0,1
46482,0,0,0,0,1
46483,0,0,0,0,1
46484,0,0,0,0,1
46485,0,0,0,0,1
46486,0,0,0,0,1
46487,0,0,0,0,1
46488,0,0,0,0,1
46489,0,0,0,0,1
46490,0,0,0,0,1
46491,0,0,0,0,1
46492,0,0,0,0,1
46493,0,0,0,0,1
46494,0,0,0,0,1
46495,0,0,0,0,1
46496,0,0,0,0,1
46497,0,0,0,0,1
46498,0,0,0,0,1
46499,0,0,0,0,1
46500,0,0,0,0,1
46501,0,0,0,0,1
46502,0,0,0,0,1
46503,0,0,0,0,1
46504,0,0,0,0,1
46505,0,0,0,0,1
46506,0,0,0,0,1
46507,0,0,0,0,1
46508,0,0,0,0,1
46509,0,0,0,0,1
46510,0,0,0,0,1
46511,0,0,0,0,1
46512,0,0,0,0,1
46513,0,0,0,0,1
46514,0,0,0,0,1
46515,0,0,0,0,1
46516,0,0,0,0,1
46517,0,0,0,0,1
46518,0,0,0,0,1
46519,0,0,0,0,1
46520,0,0,0,0,1
46521,0,0,0,0,1
46522,0,0,0,0,1
46523,0,0,0,0,1
46524,0,0,0,0,1
46525,0,0,0,0,1
46526,0,0,0,0,1
46527,0,0,0,0,1
46528,0,0,0,0,1
46529,0,0,0,0,1
46530,0,0,0,0,1
46531,0,0,0,0,1
46532,0,0,0,0,1
46533,0,0,0,0,1
46534,0,0,0,0,1
46535,0,0,0,0,1
46536,0,0,0,0,1
46537,0,0,0,0,1
46538,0,0,0,0,1
46539,0,0,0,0,1
46540,0,0,0,0,1
46541,0,0,0,0,1
46542,0,0,0,0,1
46543,0,0,0,0,1
46544,0,0,0,0,1
46545,0,0,0,0,1
46546,0,0,0,0,1
46547,0,0,0,0,1
46548,0,0,0,0,1
46549,0,0,0,0,1
46550,0,0,0,0,1
46551,0,0,0,0,1
46552,0,0,0,0,1
46553,0,0,0,0,1
46554,0,0,0,0,1
46555,0,0,0,0,1
46556,0,0,0,0,1
46557,0,0,0,0,1
46558,0,0,0,0,1
46559,0,0,0,0,1
46560,0,0,0,0,1
46561,0,0,0,0,1
46562,0,0,0,0,1
46563,0,0,0,0,1
46564,0,0,0,0,1
46565,0,0,0,0,1
46566,0,0,0,0,1
46567,0,0,0,0,1
46568,0,0,0,0,1
46569,0,0,0,0,1
46570,0,0,0,0,1
46571,0,0,0,0,1
46572,0,0,0,0,1
46573,0,0,0,0,1
46574,0,0,0,0,1
46575,0,0,0,0,1
46576,0,0,0,0,1
46577,0,0,0,0,1
46578,0,0,0,0,1
46579,0,0,0,0,1
46580,0,0,0,0,1
46581,0,0,0,0,1
46582,0,0,0,0,1
46583,0,0,0,0,1
46584,0,0,0,0,1
46585,0,0,0,0,1
46586,0,0,0,0,1
46587,0,0,0,0,1
46588,0,0,0,0,1
46589,0,0,0,0,1
46590,0,0,0,0,1
46591,0,0,0,0,1
46592,0,0,0,0,1
46593,0,0,0,0,1
46594,0,0,0,0,1
46595,0,0,0,0,1
46596,0,0,0,0,1
46597,0,0,0,0,1
46598,0,0,0,0,1
46599,0,0,0,0,1
46600,0,0,0,0,1
46601,0,0,0,0,1
46602,0,0,0,0,1
46603,0,0,0,0,1
46604,0,0,0,0,1
46605,0,0,0,0,1
46606,0,0,0,0,1
46607,0,0,0,0,1
46608,0,0,0,0,1
46609,0,0,0,0,1
46610,0,0,0,0,1
46611,0,0,0,0,1
46612,0,0,0,0,1
46613,0,0,0,0,1
46614,0,0,0,0,1
46615,0,0,0,0,1
46616,0,0,0,0,1
46617,0,0,0,0,1
46618,0,0,0,0,1
46619,0,0,0,0,1
46620,0,0,0,0,1
46621,0,0,0,0,1
46622,0,0,0,0,1
46623,0,0,0,0,1
46624,0,0,0,0,1
46625,0,0,0,0,1
46626,0,0,0,0,1
46627,0,0,0,0,1
46628,0,0,0,0,1
46629,0,0,0,0,1
46630,0,0,0,0,1
46631,0,0,0,0,1
46632,0,0,0,0,1
46633,0,0,0,0,1
46634,0,0,0,0,1
46635,0,0,0,0,1
46636,0,0,0,0,1
46637,0,0,0,0,1
46638,0,0,0,0,1
46639,0,0,0,0,1
46640,0,0,0,0,1
46641,0,0,0,0,1
46642,0,0,0,0,1
46643,0,0,0,0,1
46644,0,0,0,0,1
46645,0,0,0,0,1
46646,0,0,0,0,1
46647,0,0,0,0,1
46648,0,0,0,0,1
46649,0,0,0,0,1
46650,0,0,0,0,1
46651,0,0,0,0,1
46652,0,0,0,0,1
46653,0,0,0,0,1
46654,0,0,0,0,1
46655,0,0,0,0,1
46656,0,0,0,0,1
46657,0,0,0,0,1
46658,0,0,0,0,1
46659,0,0,0,0,1
46660,0,0,0,0,1
46661,0,0,0,0,1
46662,0,0,0,0,1
46663,0,0,0,0,1
46664,0,0,0,0,1
46665,0,0,0,0,1
46666,0,0,0,0,1
46667,0,0,0,0,1
46668,0,0,0,0,1
46669,0,0,0,0,1
46670,0,0,0,0,1
46671,0,0,0,0,1
46672,0,0,0,0,1
46673,0,0,0,0,1
46674,0,0,0,0,1
46675,0,0,0,0,1
46676,0,0,0,0,1
46677,0,0,0,0,1
46678,0,0,0,0,1
46679,0,0,0,0,1
46680,0,0,0,0,1
46681,0,0,0,0,1
46682,0,0,0,0,1
46683,0,0,0,0,1
46684,0,0,0,0,1
46685,0,0,0,0,1
46686,0,0,0,0,1
46687,0,0,0,0,1
46688,0,0,0,0,1
46689,0,0,0,0,1
46690,0,0,0,0,1
46691,0,0,0,0,1
46692,0,0,0,0,1
46693,0,0,0,0,1
46694,0,0,0,0,1
46695,0,0,0,0,1
46696,0,0,0,0,1
46697,0,0,0,0,1
46698,0,0,0,0,1
46699,0,0,0,0,1
46700,0,0,0,0,1
46701,0,0,0,0,1
46702,0,0,0,0,1
46703,0,0,0,0,1
46704,0,0,0,0,1
46705,0,0,0,0,1
46706,0,0,0,0,1
46707,0,0,0,0,1
46708,0,0,0,0,1
46709,0,0,0,0,1
46710,0,0,0,0,1
46711,0,0,0,0,1
46712,0,0,0,0,1
46713,0,0,0,0,1
46714,0,0,0,0,1
46715,0,0,0,0,1
46716,0,0,0,0,1
46717,0,0,0,0,1
46718,0,0,0,0,1
46719,0,0,0,0,1
46720,0,0,0,0,1
46721,0,0,0,0,1
46722,0,0,0,0,1
46723,0,0,0,0,1
46724,0,0,0,0,1
46725,0,0,0,0,1
46726,0,0,0,0,1
46727,0,0,0,0,1
46728,0,0,0,0,1
46729,0,0,0,0,1
46730,0,0,0,0,1
46731,0,0,0,0,1
46732,0,0,0,0,1
46733,0,0,0,0,1
46734,0,0,0,0,1
46735,0,0,0,0,1
46736,0,0,0,0,1
46737,0,0,0,0,1
46738,0,0,0,0,1
46739,0,0,0,0,1
46740,0,0,0,0,1
46741,0,0,0,0,1
46742,0,0,0,0,1
46743,0,0,0,0,1
46744,0,0,0,0,1
46745,0,0,0,0,1
46746,0,0,0,0,1
46747,0,0,0,0,1
46748,0,0,0,0,1
46749,0,0,0,0,1
46750,0,0,0,0,1
46751,0,0,0,0,1
46752,0,0,0,0,1
46753,0,0,0,0,1
46754,0,0,0,0,1
46755,0,0,0,0,1
46756,0,0,0,0,1
46757,0,0,0,0,1
46758,0,0,0,0,1
46759,0,0,0,0,1
46760,0,0,0,0,1
46761,0,0,0,0,1
46762,0,0,0,0,1
46763,0,0,0,0,1
46764,0,0,0,0,1
46765,0,0,0,0,1
46766,0,0,0,0,1
46767,0,0,0,0,1
46768,0,0,0,0,1
46769,0,0,0,0,1
46770,0,0,0,0,1
46771,0,0,0,0,1
46772,0,0,0,0,1
46773,0,0,0,0,1
46774,0,0,0,0,1
46775,0,0,0,0,1
46776,0,0,0,0,1
46777,0,0,0,0,1
46778,0,0,0,0,1
46779,0,0,0,0,1
46780,0,0,0,0,1
46781,0,0,0,0,1
46782,0,0,0,0,1
46783,0,0,0,0,1
46784,0,0,0,0,1
46785,0,0,0,0,1
46786,0,0,0,0,1
46787,0,0,0,0,1
46788,0,0,0,0,1
46789,0,0,0,0,1
46790,0,0,0,0,1
46791,0,0,0,0,1
46792,0,0,0,0,1
46793,0,0,0,0,1
46794,0,0,0,0,1
46795,0,0,0,0,1
46796,0,0,0,0,1
46797,0,0,0,0,1
46798,0,0,0,0,1
46799,0,0,0,0,1
46800,0,0,0,0,1
46801,0,0,0,0,1
46802,0,0,0,0,1
46803,0,0,0,0,1
46804,0,0,0,0,1
46805,0,0,0,0,1
46806,0,0,0,0,1
46807,0,0,0,0,1
46808,0,0,0,0,1
46809,0,0,0,0,1
46810,0,0,0,0,1
46811,0,0,0,0,1
46812,0,0,0,0,1
46813,0,0,0,0,1
46814,0,0,0,0,1
46815,0,0,0,0,1
46816,0,0,0,0,1
46817,0,0,0,0,1
46818,0,0,0,0,1
46819,0,0,0,0,1
46820,0,0,0,0,1
46821,0,0,0,0,1
46822,0,0,0,0,1
46823,0,0,0,0,1
46824,0,0,0,0,1
46825,0,0,0,0,1
46826,0,0,0,0,1
46827,0,0,0,0,1
46828,0,0,0,0,1
46829,0,0,0,0,1
46830,0,0,0,0,1
46831,0,0,0,0,1
46832,0,0,0,0,1
46833,0,0,0,0,1
46834,0,0,0,0,1
46835,0,0,0,0,1
46836,0,0,0,0,1
46837,0,0,0,0,1
46838,0,0,0,0,1
46839,0,0,0,0,1
46840,0,0,0,0,1
46841,0,0,0,0,1
46842,0,0,0,0,1
46843,0,0,0,0,1
46844,0,0,0,0,1
46845,0,0,0,0,1
46846,0,0,0,0,1
46847,0,0,0,0,1
46848,0,0,0,0,1
46849,0,0,0,0,1
46850,0,0,0,0,1
46851,0,0,0,0,1
46852,0,0,0,0,1
46853,0,0,0,0,1
46854,0,0,0,0,1
46855,1,0,0,0,0
46856,1,0,0,0,0
46857,1,0,0,0,0
46858,1,0,0,0,0
46859,1,0,0,0,0
46860,1,0,0,0,0
46861,1,0,0,0,0
46862,1,0,0,0,0
46863,1,0,0,0,0
46864,1,0,0,0,0
46865,1,0,0,0,0
46866,1,0,0,0,0
46867,1,0,0,0,0
46868,1,0,0,0,0
46869,1,0,0,0,0
46870,1,0,0,0,0
46871,1,0,0,0,0
46872,1,0,0,0,0
46873,1,0,0,0,0
46874,1,0,0,0,0
46875,1,0,0,0,0
46876,1,0,0,0,0
46877,0,0,0,0,1
46878,0,0,0,0,1
46879,0,0,0,0,1
46880,0,0,0,0,1
46881,0,0,0,0,1
46882,0,0,0,0,1
46883,0,0,0,0,1
46884,0,0,0,0,1
46885,0,0,0,0,1
46886,0,0,0,0,1
46887,0,0,0,0,1
46888,0,0,0,0,1
46889,0,0,0,0,1
46890,0,0,0,0,1
46891,0,0,0,0,1
46892,0,0,0,0,1
46893,0,0,0,0,1
46894,0,0,0,0,1
46895,0,0,0,0,1
46896,0,0,0,0,1
46897,0,0,0,0,1
46898,0,0,0,0,1
46899,0,0,0,0,1
46900,0,0,0,0,1
46901,0,0,0,0,1
46902,0,0,0,0,1
46903,0,0,0,0,1
46904,0,0,0,0,1
46905,0,0,0,0,1
46906,0,0,0,0,1
46907,0,0,0,0,1
46908,0,0,0,0,1
46909,0,0,0,0,1
46910,0,0,0,0,1
46911,0,0,0,0,1
46912,0,0,0,0,1
46913,0,0,0,0,1
46914,0,0,0,0,1
46915,0,0,0,0,1
46916,0,0,0,0,1
46917,0,0,0,0,1
46918,0,0,0,0,1
46919,0,0,0,0,1
46920,0,0,0,0,1
46921,0,0,0,0,1
46922,0,0,0,0,1
46923,0,0,0,0,1
46924,0,0,0,0,1
46925,0,0,0,0,1
46926,0,0,0,0,1
46927,0,0,0,0,1
46928,0,0,0,0,1
46929,0,0,0,0,1
46930,0,0,0,0,1
46931,0,0,0,0,1
46932,0,0,0,0,1
46933,0,0,0,0,1
46934,0,0,0,0,1
46935,0,0,0,0,1
46936,0,0,0,0,1
46937,0,0,0,0,1
46938,0,0,0,0,1
46939,0,0,0,0,1
46940,0,0,0,0,1
46941,0,0,0,0,1
46942,0,0,0,0,1
46943,0,0,0,0,1
46944,0,0,0,0,1
46945,0,0,0,0,1
46946,0,0,0,0,1
46947,0,0,0,0,1
46948,0,0,0,0,1
46949,0,0,0,0,1
46950,0,0,0,0,1
46951,0,0,0,0,1
46952,0,0,0,0,1
46953,0,0,0,0,1
46954,0,0,0,0,1
46955,0,0,0,0,1
46956,0,0,0,0,1
46957,0,0,0,0,1
46958,0,0,0,0,1
46959,0,0,0,0,1
46960,0,0,0,0,1
46961,0,0,0,0,1
46962,0,0,0,0,1
46963,0,0,0,0,1
46964,0,0,0,0,1
46965,0,0,0,0,1
46966,0,0,0,0,1
46967,0,0,0,0,1
46968,0,0,0,0,1
46969,0,0,0,0,1
46970,0,0,0,0,1
46971,0,0,0,0,1
46972,0,0,1,0,0
46973,0,0,1,0,0
46974,0,0,1,0,0
46975,0,0,1,0,0
46976,0,0,1,0,0
46977,0,0,1,0,0
46978,0,0,1,0,0
46979,0,0,1,0,0
46980,0,0,1,0,0
46981,0,0,1,0,0
46982,0,0,1,0,0
46983,0,0,1,0,0
46984,0,0,1,0,0
46985,0,0,1,0,0
46986,0,0,1,0,0
46987,0,0,1,0,0
46988,0,0,1,0,0
46989,0,0,1,0,0
46990,0,0,1,0,0
46991,0,0,1,0,0
46992,0,0,1,0,0
46993,0,0,1,0,0
46994,0,0,1,0,0
46995,0,0,1,0,0
46996,0,0,1,0,0
46997,0,0,1,0,0
46998,0,0,1,0,0
46999,0,0,1,0,0
47000,0,0,1,0,0
47001,0,0,1,0,0
47002,0,0,1,0,0
47003,0,0,1,0,0
47004,0,0,1,0,0
47005,0,0,1,0,0
47006,0,0,1,0,0
47007,0,0,1,0,0
47008,0,0,1,0,0
47009,0,0,1,0,0
47010,0,0,1,0,0
47011,0,0,1,0,0
47012,0,0,1,0,0
47013,0,0,1,0,0
47014,0,0,1,0,0
47015,0,0,1,0,0
47016,0,0,1,0,0
47017,0,0,1,0,0
47018,0,0,1,0,0
47019,0,0,1,0,0
47020,0,0,1,0,0
47021,0,0,1,0,0
47022,0,0,1,0,0
47023,0,0,0,0,1
47024,0,0,0,0,1
47025,0,0,0,0,1
47026,0,0,0,0,1
47027,0,0,0,0,1
47028,0,0,0,0,1
47029,0,0,0,0,1
47030,0,0,0,0,1
47031,0,0,0,0,1
47032,0,0,0,0,1
47033,0,0,0,0,1
47034,0,0,0,0,1
47035,0,0,0,0,1
47036,0,0,0,0,1
47037,0,0,0,0,1
47038,0,0,0,0,1
47039,0,0,0,0,1
47040,0,0,0,0,1
47041,0,0,0,0,1
47042,0,0,1,0,0
47043,0,0,1,0,0
47044,0,0,1,0,0
47045,0,0,1,0,0
47046,0,0,1,0,0
47047,0,0,1,0,0
47048,0,0,1,0,0
47049,0,0,1,0,0
47050,0,0,1,0,0
47051,0,0,1,0,0
47052,0,0,1,0,0
47053,0,0,1,0,0
47054,0,0,1,0,0
47055,0,0,1,0,0
47056,0,0,1,0,0
47057,0,0,1,0,0
47058,0,0,1,0,0
47059,0,0,1,0,0
47060,0,0,1,0,0
47061,0,0,1,0,0
47062,0,0,1,0,0
47063,0,0,1,0,0
47064,0,0,1,0,0
47065,0,0,1,0,0
47066,0,0,1,0,0
47067,0,0,1,0,0
47068,0,0,1,0,0
47069,0,0,1,0,0
47070,0,0,1,0,0
47071,0,0,1,0,0
47072,0,0,1,0,0
47073,0,0,1,0,0
47074,0,0,1,0,0
47075,0,0,1,0,0
47076,0,0,1,0,0
47077,0,0,1,0,0
47078,0,0,1,0,0
47079,0,0,1,0,0
47080,0,0,1,0,0
47081,0,0,1,0,0
47082,0,0,1,0,0
47083,0,0,1,0,0
47084,0,0,1,0,0
47085,0,0,1,0,0
47086,0,0,1,0,0
47087,0,0,1,0,0
47088,0,0,1,0,0
47089,0,0,1,0,0
47090,0,0,1,0,0
47091,0,0,1,0,0
47092,0,0,1,0,0
47093,0,0,1,0,0
47094,0,0,1,0,0
47095,0,0,1,0,0
47096,0,0,1,0,0
47097,0,0,1,0,0
47098,0,0,1,0,0
47099,0,0,1,0,0
47100,0,0,1,0,0
47101,0,0,1,0,0
47102,0,0,1,0,0
47103,0,0,1,0,0
47104,0,0,1,0,0
47105,0,0,1,0,0
47106,0,0,1,0,0
47107,0,0,1,0,0
47108,0,0,1,0,0
47109,0,0,1,0,0
47110,0,0,1,0,0
47111,0,0,1,0,0
47112,0,0,1,0,0
47113,0,0,1,0,0
47114,0,0,1,0,0
47115,0,0,1,0,0
47116,0,0,1,0,0
47117,0,0,1,0,0
47118,0,0,1,0,0
47119,0,0,1,0,0
47120,0,0,0,0,1
47121,0,0,0,0,1
47122,0,0,0,0,1
47123,0,0,0,0,1
47124,0,0,0,0,1
47125,0,0,0,0,1
47126,0,0,0,0,1
47127,0,0,0,0,1
47128,0,0,0,0,1
47129,0,0,0,0,1
47130,0,0,0,0,1
47131,0,0,0,0,1
47132,0,0,0,0,1
47133,0,0,0,0,1
47134,0,0,0,0,1
47135,0,0,0,0,1
47136,0,0,0,0,1
47137,0,0,0,0,1
47138,0,0,0,0,1
47139,0,0,0,0,1
47140,0,0,0,0,1
47141,0,0,0,0,1
47142,0,0,0,0,1
47143,0,0,0,0,1
47144,0,0,0,0,1
47145,0,0,0,0,1
47146,0,0,0,0,1
47147,0,0,0,0,1
47148,0,0,0,0,1
47149,0,0,0,0,1
47150,0,0,0,0,1
47151,0,0,0,0,1
47152,0,0,0,0,1
47153,0,0,0,0,1
47154,0,0,0,0,1
47155,0,0,0,0,1
47156,0,0,0,0,1
47157,0,0,0,0,1
47158,0,0,0,0,1
47159,0,0,0,0,1
47160,0,0,0,0,1
47161,0,0,0,0,1
47162,0,0,0,0,1
47163,0,0,0,0,1
47164,0,0,0,0,1
47165,0,0,0,0,1
47166,0,0,0,0,1
47167,0,0,0,0,1
47168,0,0,0,0,1
47169,0,0,0,0,1
47170,0,0,0,0,1
47171,0,0,0,0,1
47172,0,0,0,0,1
47173,0,0,0,0,1
47174,0,0,0,0,1
47175,0,0,0,0,1
47176,0,0,0,0,1
47177,0,0,0,0,1
47178,0,0,0,0,1
47179,0,0,0,0,1
47180,0,0,0,0,1
47181,0,0,0,0,1
47182,0,0,0,0,1
47183,0,0,0,0,1
47184,0,0,0,0,1
47185,0,0,0,0,1
47186,0,0,0,0,1
47187,0,0,0,0,1
47188,0,0,0,0,1
47189,0,0,0,0,1
47190,0,0,0,0,1
47191,0,0,0,0,1
47192,0,0,0,0,1
47193,0,0,0,0,1
47194,0,0,0,0,1
47195,0,0,0,0,1
47196,0,0,0,0,1
47197,0,0,1,0,0
47198,0,0,1,0,0
47199,0,0,1,0,0
47200,0,0,1,0,0
47201,0,0,1,0,0
47202,0,0,1,0,0
47203,0,0,1,0,0
47204,0,0,1,0,0
47205,0,0,1,0,0
47206,0,0,1,0,0
47207,0,0,1,0,0
47208,0,0,1,0,0
47209,0,0,1,0,0
47210,0,0,1,0,0
47211,0,0,1,0,0
47212,0,0,1,0,0
47213,0,0,1,0,0
47214,0,0,1,0,0
47215,0,0,1,0,0
47216,0,0,1,0,0
47217,0,0,1,0,0
47218,0,0,1,0,0
47219,0,0,1,0,0
47220,0,0,1,0,0
47221,0,0,1,0,0
47222,0,0,1,0,0
47223,0,0,1,0,0
47224,0,0,1,0,0
47225,0,0,1,0,0
47226,0,0,1,0,0
47227,0,0,1,0,0
47228,0,0,1,0,0
47229,0,0,1,0,0
47230,0,0,1,0,0
47231,0,0,1,0,0
47232,0,0,1,0,0
47233,0,0,1,0,0
47234,0,0,1,0,0
47235,0,0,1,0,0
47236,0,0,1,0,0
47237,0,0,1,0,0
47238,0,0,1,0,0
47239,0,0,1,0,0
47240,0,0,1,0,0
47241,0,0,1,0,0
47242,0,0,1,0,0
47243,0,0,1,0,0
47244,0,0,1,0,0
47245,0,0,1,0,0
47246,0,0,1,0,0
47247,0,0,1,0,0
47248,0,0,1,0,0
47249,0,0,1,0,0
47250,0,0,1,0,0
47251,0,0,1,0,0
47252,0,0,1,0,0
47253,0,0,1,0,0
47254,0,0,1,0,0
47255,0,0,1,0,0
47256,0,0,1,0,0
47257,0,0,1,0,0
47258,0,0,1,0,0
47259,0,0,1,0,0
47260,0,0,1,0,0
47261,0,0,1,0,0
47262,0,0,1,0,0
47263,0,0,1,0,0
47264,0,0,1,0,0
47265,0,0,1,0,0
47266,0,0,1,0,0
47267,0,0,1,0,0
47268,0,0,1,0,0
47269,0,0,1,0,0
47270,0,0,1,0,0
47271,0,0,1,0,0
47272,0,0,1,0,0
47273,0,0,1,0,0
47274,0,0,1,0,0
47275,0,0,1,0,0
47276,0,0,1,0,0
47277,0,0,1,0,0
47278,0,0,1,0,0
47279,0,0,1,0,0
47280,0,0,1,0,0
47281,0,0,1,0,0
47282,0,0,1,0,0
47283,0,0,1,0,0
47284,0,0,1,0,0
47285,0,0,1,0,0
47286,0,0,1,0,0
47287,0,0,1,0,0
47288,0,0,1,0,0
47289,0,0,1,0,0
47290,0,0,0,1,0
47291,0,0,0,1,0
47292,0,0,0,1,0
47293,0,0,0,1,0
47294,0,0,0,1,0
47295,0,0,0,1,0
47296,0,0,0,1,0
47297,0,0,0,1,0
47298,0,0,0,1,0
47299,0,0,0,1,0
47300,0,0,0,1,0
47301,0,0,0,1,0
47302,0,0,0,1,0
47303,0,0,0,1,0
47304,0,0,0,1,0
47305,0,0,0,1,0
47306,0,0,0,1,0
47307,0,0,0,1,0
47308,0,0,0,1,0
47309,0,0,0,1,0
47310,0,0,0,1,0
47311,0,0,0,1,0
47312,0,0,0,1,0
47313,0,0,0,1,0
47314,0,0,0,1,0
47315,0,0,0,1,0
47316,0,0,0,1,0
47317,0,0,0,1,0
47318,0,0,0,1,0
47319,0,0,0,1,0
47320,0,0,0,1,0
47321,0,0,0,1,0
47322,0,0,0,1,0
47323,0,0,0,1,0
47324,0,0,0,1,0
47325,0,0,0,1,0
47326,0,0,0,1,0
47327,0,0,1,0,0
47328,0,0,1,0,0
47329,0,0,1,0,0
47330,0,0,1,0,0
47331,0,0,1,0,0
47332,0,0,1,0,0
47333,0,0,1,0,0
47334,0,0,1,0,0
47335,0,0,1,0,0
47336,0,0,1,0,0
47337,0,0,1,0,0
47338,0,0,1,0,0
47339,0,0,1,0,0
47340,0,0,1,0,0
47341,0,0,1,0,0
47342,0,0,1,0,0
47343,0,0,1,0,0
47344,0,0,1,0,0
47345,0,0,1,0,0
47346,0,0,1,0,0
47347,0,0,1,0,0
47348,0,0,1,0,0
47349,0,0,0,0,1
47350,0,0,0,0,1
47351,0,0,0,0,1
47352,0,0,0,0,1
47353,0,0,0,0,1
47354,0,0,0,0,1
47355,0,0,0,0,1
47356,0,0,0,0,1
47357,0,0,0,0,1
47358,0,0,0,0,1
47359,0,0,0,0,1
47360,0,0,0,0,1
47361,0,0,0,0,1
47362,0,0,0,0,1
47363,0,0,0,0,1
47364,0,0,0,0,1
47365,0,0,0,0,1
47366,0,0,0,0,1
47367,0,0,0,0,1
47368,0,0,0,0,1
47369,0,0,0,0,1
47370,0,0,0,0,1
47371,0,0,1,0,0
47372,0,0,1,0,0
47373,0,0,1,0,0
47374,0,0,1,0,0
47375,0,0,1,0,0
47376,0,0,1,0,0
47377,0,0,1,0,0
47378,0,0,1,0,0
47379,0,0,1,0,0
47380,0,0,1,0,0
47381,0,0,1,0,0
47382,0,0,1,0,0
47383,0,0,1,0,0
47384,0,0,1,0,0
47385,0,0,1,0,0
47386,0,0,1,0,0
47387,0,0,1,0,0
47388,0,0,1,0,0
47389,0,0,1,0,0
47390,0,0,1,0,0
47391,0,0,1,0,0
47392,0,0,1,0,0
47393,0,0,1,0,0
47394,0,0,1,0,0
47395,0,0,1,0,0
47396,0,0,1,0,0
47397,0,0,1,0,0
47398,0,0,1,0,0
47399,0,0,1,0,0
47400,0,0,1,0,0
47401,0,0,1,0,0
47402,0,0,1,0,0
47403,0,0,1,0,0
47404,0,0,1,0,0
47405,0,0,1,0,0
47406,0,0,1,0,0
47407,0,0,1,0,0
47408,0,0,1,0,0
47409,0,0,1,0,0
47410,0,0,1,0,0
47411,0,0,1,0,0
47412,0,0,1,0,0
47413,0,0,1,0,0
47414,0,0,1,0,0
47415,0,0,1,0,0
47416,0,0,1,0,0
47417,0,0,1,0,0
47418,0,0,1,0,0
47419,0,0,1,0,0
47420,0,0,1,0,0
47421,0,0,1,0,0
47422,0,0,1,0,0
47423,0,0,1,0,0
47424,0,0,0,1,0
47425,0,0,0,1,0
47426,0,0,0,1,0
47427,0,0,0,1,0
47428,0,0,0,1,0
47429,0,0,0,1,0
47430,0,0,0,1,0
47431,0,0,0,1,0
47432,0,0,0,1,0
47433,0,0,0,1,0
47434,0,0,0,1,0
47435,0,0,0,1,0
47436,0,0,0,1,0
47437,0,0,0,1,0
47438,0,0,0,1,0
47439,0,0,0,1,0
47440,0,0,0,1,0
47441,0,0,0,1,0
47442,0,0,0,1,0
47443,0,0,0,1,0
47444,0,0,0,1,0
47445,0,0,0,1,0
47446,0,0,0,1,0
47447,0,0,0,1,0
47448,0,0,0,1,0
47449,0,0,0,1,0
47450,0,0,0,0,1
47451,0,0,0,0,1
47452,0,0,0,0,1
47453,0,0,0,0,1
47454,0,0,0,0,1
47455,0,0,0,0,1
47456,0,0,0,0,1
47457,0,0,0,0,1
47458,0,0,0,0,1
47459,0,0,0,0,1
47460,0,0,0,0,1
47461,0,0,0,0,1
47462,0,0,0,0,1
47463,0,0,0,0,1
47464,0,0,0,0,1
47465,0,0,0,0,1
47466,0,0,0,0,1
47467,0,0,0,0,1
47468,0,0,0,0,1
47469,0,0,0,0,1
47470,0,0,0,0,1
47471,0,0,0,0,1
47472,0,0,0,0,1
47473,0,0,0,0,1
47474,0,0,0,0,1
47475,0,0,0,0,1
47476,0,0,0,0,1
47477,0,0,0,0,1
47478,0,0,0,0,1
47479,0,0,0,0,1
47480,0,0,0,0,1
47481,0,0,0,0,1
47482,0,0,0,0,1
47483,0,0,0,0,1
47484,0,0,0,0,1
47485,0,0,0,0,1
47486,0,0,0,0,1
47487,0,0,0,0,1
47488,0,0,0,0,1
47489,0,0,0,0,1
47490,0,0,0,0,1
47491,0,0,0,0,1
47492,0,0,0,0,1
47493,0,0,0,0,1
47494,0,0,0,0,1
47495,0,0,0,0,1
47496,0,0,0,0,1
47497,0,0,0,0,1
47498,0,0,0,0,1
47499,0,0,0,0,1
47500,0,0,0,0,1
47501,0,0,0,0,1
47502,0,0,0,0,1
47503,0,0,0,0,1
47504,0,0,0,0,1
47505,0,0,0,0,1
47506,0,0,0,0,1
47507,0,0,0,0,1
47508,0,0,0,0,1
47509,0,0,0,0,1
47510,0,0,0,0,1
47511,0,0,0,0,1
47512,0,0,0,0,1
47513,0,0,0,0,1
47514,0,0,0,0,1
47515,0,0,0,0,1
47516,0,0,0,0,1
47517,0,0,0,0,1
47518,0,0,0,0,1
47519,0,0,0,0,1
47520,0,0,0,0,1
47521,0,0,0,0,1
47522,0,0,0,0,1
47523,0,0,0,0,1
47524,0,0,0,0,1
47525,0,0,0,0,1
47526,0,0,0,0,1
47527,0,0,0,0,1
47528,0,0,0,0,1
47529,0,0,0,0,1
47530,0,0,0,0,1
47531,0,0,0,0,1
47532,0,0,0,0,1
47533,0,0,0,0,1
47534,0,0,0,0,1
47535,0,0,0,0,1
47536,0,0,0,0,1
47537,0,0,0,0,1
47538,0,0,0,0,1
47539,0,0,0,0,1
47540,0,0,0,0,1
47541,0,0,0,0,1
47542,0,0,0,0,1
47543,0,0,0,0,1
47544,0,0,0,0,1
47545,0,0,0,0,1
47546,0,0,0,0,1
47547,0,0,0,0,1
47548,0,0,0,0,1
47549,0,0,0,0,1
47550,0,0,0,0,1
47551,0,0,0,0,1
47552,0,0,0,0,1
47553,0,0,0,0,1
47554,0,0,0,0,1
47555,0,0,0,0,1
47556,0,0,0,0,1
47557,0,0,0,0,1
47558,0,0,0,0,1
47559,0,0,0,0,1
47560,0,0,0,0,1
47561,0,0,0,0,1
47562,0,0,0,0,1
47563,0,0,0,0,1
47564,0,0,0,0,1
47565,0,0,0,0,1
47566,0,0,0,0,1
47567,0,0,0,0,1
47568,0,0,0,0,1
47569,0,0,0,0,1
47570,0,0,0,0,1
47571,0,0,0,0,1
47572,0,0,0,0,1
47573,0,0,0,0,1
47574,0,0,0,0,1
47575,0,0,0,0,1
47576,0,0,0,0,1
47577,0,0,0,0,1
47578,0,0,0,0,1
47579,0,0,0,0,1
47580,0,0,0,0,1
47581,0,0,0,0,1
47582,0,0,0,0,1
47583,0,0,0,0,1
47584,0,0,0,0,1
47585,0,0,0,0,1
47586,0,0,0,0,1
47587,0,0,0,0,1
47588,0,0,0,0,1
47589,0,0,0,0,1
47590,0,0,0,0,1
47591,0,0,0,0,1
47592,0,0,0,0,1
47593,0,0,0,0,1
47594,0,0,0,0,1
47595,0,0,0,0,1
47596,0,0,0,0,1
47597,0,0,0,0,1
47598,0,0,0,0,1
47599,0,0,0,0,1
47600,0,0,0,0,1
47601,0,0,0,0,1
47602,0,0,0,0,1
47603,0,0,0,0,1
47604,0,0,0,0,1
47605,0,0,0,0,1
47606,0,0,0,0,1
47607,0,0,0,0,1
47608,0,0,0,0,1
47609,0,0,0,0,1
47610,0,0,0,0,1
47611,0,0,0,0,1
47612,0,0,0,0,1
47613,0,0,0,0,1
47614,0,0,0,0,1
47615,0,0,0,0,1
47616,0,0,0,0,1
47617,0,0,0,0,1
47618,0,0,0,0,1
47619,0,0,0,0,1
47620,0,0,0,0,1
47621,0,0,0,0,1
47622,0,0,0,0,1
47623,0,0,0,0,1
47624,0,0,0,0,1
47625,0,0,0,0,1
47626,0,0,0,0,1
47627,0,0,0,0,1
47628,0,0,0,0,1
47629,0,0,0,0,1
47630,0,0,0,0,1
47631,0,0,0,0,1
47632,0,0,0,0,1
47633,0,0,0,0,1
47634,0,0,0,0,1
47635,0,0,0,0,1
47636,0,0,0,0,1
47637,0,0,0,0,1
47638,0,0,0,0,1
47639,0,0,0,0,1
47640,0,0,0,0,1
47641,0,0,0,0,1
47642,0,0,0,0,1
47643,0,0,0,0,1
47644,0,0,0,0,1
47645,0,0,0,0,1
47646,0,0,0,0,1
47647,0,0,0,0,1
47648,0,0,0,0,1
47649,0,0,0,0,1
47650,0,0,0,0,1
47651,0,0,0,0,1
47652,0,0,0,0,1
47653,0,0,0,0,1
47654,0,0,0,0,1
47655,0,0,0,0,1
47656,0,0,0,0,1
47657,0,0,0,0,1
47658,0,0,0,0,1
47659,0,0,0,0,1
47660,0,0,0,0,1
47661,0,0,0,0,1
47662,0,0,0,0,1
47663,0,0,0,0,1
47664,0,0,0,0,1
47665,0,0,0,0,1
47666,0,0,0,0,1
47667,0,0,0,0,1
47668,0,0,0,0,1
47669,0,0,0,0,1
47670,0,0,0,0,1
47671,0,0,0,0,1
47672,0,0,0,0,1
47673,0,0,0,0,1
47674,0,0,0,0,1
47675,0,0,0,0,1
47676,0,0,0,0,1
47677,0,0,0,0,1
47678,0,0,0,0,1
47679,0,0,0,0,1
47680,0,0,0,0,1
47681,0,0,0,0,1
47682,0,0,0,0,1
47683,0,0,0,0,1
47684,0,0,0,0,1
47685,0,0,0,0,1
47686,0,0,0,0,1
47687,0,0,0,0,1
47688,0,0,0,0,1
47689,0,0,0,0,1
47690,0,0,0,0,1
47691,0,0,0,0,1
47692,0,0,0,0,1
47693,0,0,0,0,1
47694,0,0,0,0,1
47695,0,0,0,0,1
47696,0,0,0,0,1
47697,0,0,0,0,1
47698,0,0,0,0,1
47699,0,0,0,0,1
47700,0,0,0,0,1
47701,0,0,0,0,1
47702,0,0,0,0,1
47703,0,0,0,0,1
47704,0,0,0,0,1
47705,0,0,0,0,1
47706,0,0,0,0,1
47707,0,0,0,0,1
47708,0,0,0,0,1
47709,0,0,0,0,1
47710,0,0,0,0,1
47711,0,0,0,0,1
47712,0,0,0,0,1
47713,0,0,0,0,1
47714,0,0,0,0,1
47715,0,0,0,0,1
47716,0,0,0,0,1
47717,0,0,0,0,1
47718,0,0,0,0,1
47719,0,0,0,0,1
47720,0,0,0,0,1
47721,0,0,0,0,1
47722,0,0,0,0,1
47723,0,0,0,0,1
47724,0,0,0,0,1
47725,0,0,0,0,1
47726,0,0,0,0,1
47727,0,0,0,0,1
47728,0,0,0,0,1
47729,0,0,0,0,1
47730,0,0,0,0,1
47731,0,0,0,0,1
47732,0,0,0,0,1
47733,0,0,0,0,1
47734,0,0,0,0,1
47735,0,0,0,0,1
47736,0,0,0,0,1
47737,0,0,0,0,1
47738,0,0,0,0,1
47739,0,0,0,0,1
47740,0,0,0,0,1
47741,0,0,0,0,1
47742,0,0,0,0,1
47743,0,0,0,0,1
47744,0,0,0,0,1
47745,0,0,0,0,1
47746,0,0,0,0,1
47747,0,0,0,0,1
47748,0,0,0,0,1
47749,0,0,0,0,1
47750,0,0,0,0,1
47751,0,0,0,0,1
47752,0,0,0,0,1
47753,0,0,0,0,1
47754,0,0,0,0,1
47755,0,0,0,0,1
47756,0,0,0,0,1
47757,0,0,0,0,1
47758,0,0,0,0,1
47759,0,0,0,0,1
47760,0,0,0,0,1
47761,0,0,0,0,1
47762,0,0,0,0,1
47763,0,0,0,0,1
47764,0,0,0,0,1
47765,0,0,0,0,1
47766,0,0,0,0,1
47767,0,0,0,0,1
47768,0,0,0,0,1
47769,0,0,0,0,1
47770,0,0,0,0,1
47771,0,0,0,0,1
47772,0,0,0,0,1
47773,0,0,0,0,1
47774,0,0,0,0,1
47775,0,0,0,0,1
47776,0,0,0,0,1
47777,0,0,0,0,1
47778,0,0,0,0,1
47779,0,0,0,0,1
47780,0,0,0,0,1
47781,0,0,0,0,1
47782,0,0,0,0,1
47783,0,0,0,0,1
47784,0,0,0,0,1
47785,0,0,0,0,1
47786,0,0,0,0,1
47787,0,0,0,0,1
47788,0,0,0,0,1
47789,0,0,0,0,1
47790,0,0,0,0,1
47791,0,0,0,0,1
47792,0,0,0,0,1
47793,0,0,0,0,1
47794,0,0,0,0,1
47795,0,0,0,0,1
47796,0,0,0,0,1
47797,0,0,0,0,1
47798,0,0,0,0,1
47799,0,0,0,0,1
47800,0,0,0,0,1
47801,0,0,0,0,1
47802,0,0,0,0,1
47803,0,0,0,0,1
47804,0,0,0,0,1
47805,0,0,0,0,1
47806,0,0,0,0,1
47807,0,0,0,0,1
47808,0,0,0,0,1
47809,0,0,0,0,1
47810,0,0,0,0,1
47811,0,0,0,0,1
47812,0,0,0,0,1
47813,0,0,0,0,1
47814,0,0,0,0,1
47815,0,0,0,0,1
47816,0,0,0,0,1
47817,0,0,0,0,1
47818,0,0,0,0,1
47819,0,0,0,0,1
47820,0,0,0,0,1
47821,0,0,0,0,1
47822,0,0,0,0,1
47823,0,0,0,0,1
47824,0,0,0,0,1
47825,0,0,0,0,1
47826,0,0,0,0,1
47827,0,0,0,0,1
47828,0,0,0,0,1
47829,0,0,0,0,1
47830,0,0,0,0,1
47831,0,0,0,0,1
47832,0,0,0,0,1
47833,0,0,0,0,1
47834,0,0,0,0,1
47835,0,0,0,0,1
47836,0,0,0,0,1
47837,0,0,0,0,1
47838,0,0,0,0,1
47839,0,0,0,0,1
47840,0,0,0,0,1
47841,0,0,0,0,1
47842,0,0,0,0,1
47843,0,0,0,0,1
47844,0,0,0,0,1
47845,0,0,0,0,1
47846,0,0,0,0,1
47847,0,0,0,0,1
47848,0,0,0,0,1
47849,0,0,0,0,1
47850,0,0,0,0,1
47851,0,0,0,0,1
47852,0,0,0,0,1
47853,0,0,0,0,1
47854,0,0,0,0,1
47855,0,0,0,0,1
47856,0,0,0,0,1
47857,0,0,0,0,1
47858,0,0,0,0,1
47859,0,0,0,0,1
47860,0,0,0,0,1
47861,0,0,0,0,1
47862,0,0,0,0,1
47863,0,0,0,0,1
47864,0,0,0,0,1
47865,0,0,0,0,1
47866,0,0,0,0,1
47867,0,0,0,0,1
47868,0,0,0,0,1
47869,0,0,0,0,1
47870,0,0,0,0,1
47871,0,0,0,0,1
47872,0,0,0,0,1
47873,0,0,0,0,1
47874,0,0,0,0,1
47875,0,0,0,0,1
47876,0,0,0,0,1
47877,0,0,0,0,1
47878,0,0,0,0,1
47879,0,0,0,0,1
47880,0,0,0,0,1
47881,0,0,0,0,1
47882,0,0,0,0,1
47883,0,0,0,0,1
47884,0,0,0,0,1
47885,0,0,0,0,1
47886,0,0,0,0,1
47887,0,0,0,0,1
47888,0,0,0,0,1
47889,0,0,0,0,1
47890,0,0,0,0,1
47891,0,0,0,0,1
47892,0,0,0,0,1
47893,0,0,0,0,1
47894,0,0,0,0,1
47895,0,0,0,0,1
47896,0,0,0,0,1
47897,0,0,0,0,1
47898,0,0,0,0,1
47899,0,0,0,0,1
47900,0,0,0,0,1
47901,0,0,0,0,1
47902,0,0,0,0,1
47903,0,0,0,0,1
47904,0,0,0,0,1
47905,0,0,0,0,1
47906,0,0,0,0,1
47907,0,0,0,0,1
47908,0,0,0,0,1
47909,0,0,0,0,1
47910,0,0,0,0,1
47911,0,0,0,0,1
47912,0,0,0,0,1
47913,1,0,0,0,0
47914,1,0,0,0,0
47915,1,0,0,0,0
47916,1,0,0,0,0
47917,1,0,0,0,0
47918,1,0,0,0,0
47919,1,0,0,0,0
47920,1,0,0,0,0
47921,1,0,0,0,0
47922,1,0,0,0,0
47923,1,0,0,0,0
47924,1,0,0,0,0
47925,1,0,0,0,0
47926,1,0,0,0,0
47927,1,0,0,0,0
47928,1,0,0,0,0
47929,1,0,0,0,0
47930,1,0,0,0,0
47931,1,0,0,0,0
47932,1,0,0,0,0
47933,1,0,0,0,0
47934,1,0,0,0,0
47935,1,0,0,0,0
47936,1,0,0,0,0
47937,1,0,0,0,0
47938,1,0,0,0,0
47939,1,0,0,0,0
47940,1,0,0,0,0
47941,1,0,0,0,0
47942,1,0,0,0,0
47943,1,0,0,0,0
47944,1,0,0,0,0
47945,1,0,0,0,0
47946,1,0,0,0,0
47947,1,0,0,0,0
47948,1,0,0,0,0
47949,1,0,0,0,0
47950,1,0,0,0,0
47951,1,0,0,0,0
47952,1,0,0,0,0
47953,1,0,0,0,0
47954,1,0,0,0,0
47955,1,0,0,0,0
47956,0,0,0,0,1
47957,0,0,0,0,1
47958,0,0,0,0,1
47959,0,0,0,0,1
47960,1,0,0,0,0
47961,1,0,0,0,0
47962,1,0,0,0,0
47963,1,0,0,0,0
47964,1,0,0,0,0
47965,1,0,0,0,0
47966,1,0,0,0,0
47967,1,0,0,0,0
47968,1,0,0,0,0
47969,1,0,0,0,0
47970,1,0,0,0,0
47971,1,0,0,0,0
47972,1,0,0,0,0
47973,1,0,0,0,0
47974,1,0,0,0,0
47975,1,0,0,0,0
47976,1,0,0,0,0
47977,1,0,0,0,0
47978,1,0,0,0,0
47979,1,0,0,0,0
47980,1,0,0,0,0
47981,1,0,0,0,0
47982,1,0,0,0,0
47983,1,0,0,0,0
47984,1,0,0,0,0
47985,1,0,0,0,0
47986,1,0,0,0,0
47987,1,0,0,0,0
47988,1,0,0,0,0
47989,1,0,0,0,0
47990,1,0,0,0,0
47991,1,0,0,0,0
47992,1,0,0,0,0
47993,1,0,0,0,0
47994,1,0,0,0,0
47995,1,0,0,0,0
47996,1,0,0,0,0
47997,1,0,0,0,0
47998,1,0,0,0,0
47999,1,0,0,0,0
48000,1,0,0,0,0
48001,1,0,0,0,0
48002,1,0,0,0,0
48003,1,0,0,0,0
48004,1,0,0,0,0
48005,1,0,0,0,0
48006,1,0,0,0,0
48007,1,0,0,0,0
48008,1,0,0,0,0
48009,1,0,0,0,0
48010,1,0,0,0,0
48011,1,0,0,0,0
48012,1,0,0,0,0
48013,1,0,0,0,0
48014,1,0,0,0,0
48015,1,0,0,0,0
48016,1,0,0,0,0
48017,1,0,0,0,0
48018,1,0,0,0,0
48019,1,0,0,0,0
48020,1,0,0,0,0
48021,1,0,0,0,0
48022,1,0,0,0,0
48023,1,0,0,0,0
48024,1,0,0,0,0
48025,1,0,0,0,0
48026,1,0,0,0,0
48027,1,0,0,0,0
48028,1,0,0,0,0
48029,1,0,0,0,0
48030,1,0,0,0,0
48031,1,0,0,0,0
48032,0,0,0,0,1
48033,0,0,0,0,1
48034,0,0,0,0,1
48035,0,0,0,0,1
48036,0,0,0,0,1
48037,0,0,0,0,1
48038,0,0,0,0,1
48039,0,0,0,0,1
48040,0,0,0,0,1
48041,0,0,0,0,1
48042,0,0,0,0,1
48043,0,0,0,0,1
48044,0,0,0,0,1
48045,0,0,0,0,1
48046,0,0,0,0,1
48047,0,0,0,0,1
48048,0,0,0,0,1
48049,0,0,0,0,1
48050,0,0,0,0,1
48051,0,0,0,0,1
48052,0,0,0,0,1
48053,0,0,0,0,1
48054,0,0,0,0,1
48055,0,0,0,0,1
48056,0,0,0,0,1
48057,0,0,0,0,1
48058,0,0,0,0,1
48059,0,0,0,0,1
48060,0,0,0,0,1
48061,0,0,0,0,1
48062,0,0,0,0,1
48063,0,0,0,0,1
48064,0,0,0,0,1
48065,0,0,0,0,1
48066,0,0,0,0,1
48067,0,0,0,0,1
48068,0,0,0,0,1
48069,0,0,0,0,1
48070,0,0,0,0,1
48071,0,0,0,0,1
48072,0,0,0,0,1
48073,0,0,0,0,1
48074,0,0,0,0,1
48075,0,0,0,0,1
48076,0,0,0,0,1
48077,0,0,0,0,1
48078,0,0,0,0,1
48079,0,0,0,0,1
48080,0,0,0,0,1
48081,0,0,0,0,1
48082,0,0,0,0,1
48083,0,0,0,0,1
48084,0,0,0,0,1
48085,0,0,0,0,1
48086,0,0,0,0,1
48087,0,0,0,0,1
48088,0,0,0,0,1
48089,0,0,0,0,1
48090,0,0,0,0,1
48091,0,0,0,0,1
48092,0,0,0,0,1
48093,0,0,0,0,1
48094,0,0,0,0,1
48095,0,0,0,0,1
48096,0,0,0,0,1
48097,0,0,0,0,1
48098,0,0,0,0,1
48099,0,0,0,0,1
48100,0,0,0,0,1
48101,0,0,0,0,1
48102,0,0,0,0,1
48103,0,0,0,0,1
48104,0,0,0,0,1
48105,0,0,0,0,1
48106,0,0,0,0,1
48107,0,0,0,0,1
48108,0,0,0,0,1
48109,0,0,0,0,1
48110,0,0,0,0,1
48111,0,0,0,0,1
48112,0,0,0,0,1
48113,0,0,0,0,1
48114,0,0,0,0,1
48115,0,0,0,0,1
48116,0,0,0,0,1
48117,0,0,0,0,1
48118,0,0,0,0,1
48119,0,0,0,0,1
48120,0,0,0,0,1
48121,0,0,0,0,1
48122,0,0,0,0,1
48123,0,0,0,0,1
48124,0,0,0,0,1
48125,0,0,0,0,1
48126,0,0,0,0,1
48127,0,0,0,0,1
48128,0,0,0,0,1
48129,0,0,0,0,1
48130,0,0,0,0,1
48131,0,0,0,0,1
48132,0,0,0,0,1
48133,0,0,0,0,1
48134,0,0,0,0,1
48135,0,0,0,0,1
48136,0,0,0,0,1
48137,0,0,0,0,1
48138,0,0,0,0,1
48139,0,0,0,0,1
48140,0,0,0,0,1
48141,0,0,0,0,1
48142,0,0,0,0,1
48143,0,0,0,0,1
48144,0,0,0,0,1
48145,0,0,0,0,1
48146,0,0,0,0,1
48147,0,0,0,0,1
48148,0,0,0,0,1
48149,0,0,0,0,1
48150,0,0,0,0,1
48151,0,0,0,0,1
48152,0,0,0,0,1
48153,0,0,0,0,1
48154,0,0,0,0,1
48155,0,0,0,0,1
48156,0,0,0,0,1
48157,0,0,0,0,1
48158,0,0,0,0,1
48159,0,0,0,0,1
48160,0,0,0,0,1
48161,0,0,0,0,1
48162,0,0,0,0,1
48163,0,0,0,0,1
48164,0,0,0,0,1
48165,0,0,0,0,1
48166,0,0,0,0,1
48167,0,0,0,0,1
48168,0,0,0,0,1
48169,0,0,0,0,1
48170,0,0,0,0,1
48171,0,0,0,0,1
48172,0,0,0,0,1
48173,0,0,0,0,1
48174,0,0,0,0,1
48175,0,0,0,0,1
48176,0,0,0,0,1
48177,0,0,0,0,1
48178,0,0,0,0,1
48179,0,0,0,0,1
48180,0,0,0,0,1
48181,0,0,0,0,1
48182,0,0,0,0,1
48183,0,0,0,0,1
48184,0,0,0,0,1
48185,0,0,0,0,1
48186,0,0,0,0,1
48187,0,0,0,0,1
48188,0,0,0,0,1
48189,0,0,0,0,1
48190,0,0,0,0,1
48191,0,0,0,0,1
48192,0,0,0,0,1
48193,0,0,0,0,1
48194,0,0,0,0,1
48195,0,0,0,0,1
48196,0,0,0,0,1
48197,0,0,0,0,1
48198,0,0,0,0,1
48199,0,0,0,0,1
48200,0,0,0,0,1
48201,0,0,0,0,1
48202,0,0,0,0,1
48203,0,0,0,0,1
48204,0,0,0,0,1
48205,0,0,0,0,1
48206,0,0,0,0,1
48207,0,0,0,0,1
48208,0,0,0,0,1
48209,0,0,0,0,1
48210,0,0,0,0,1
48211,0,0,0,0,1
48212,0,0,0,0,1
48213,0,0,0,0,1
48214,0,0,0,0,1
48215,0,0,0,0,1
48216,0,0,0,0,1
48217,0,0,0,0,1
48218,0,0,0,0,1
48219,0,0,0,0,1
48220,0,0,0,0,1
48221,0,0,0,0,1
48222,0,0,0,0,1
48223,0,0,0,0,1
48224,0,0,0,0,1
48225,0,0,0,0,1
48226,0,0,0,0,1
48227,0,0,0,0,1
48228,0,0,0,0,1
48229,0,0,0,0,1
48230,0,0,0,0,1
48231,0,0,0,0,1
48232,0,0,0,0,1
48233,0,0,0,0,1
48234,0,0,0,0,1
48235,0,0,0,0,1
48236,0,0,0,0,1
48237,0,0,0,0,1
48238,0,0,0,0,1
48239,0,0,0,0,1
48240,0,0,0,0,1
48241,0,0,0,0,1
48242,0,0,0,0,1
48243,0,0,0,0,1
48244,0,0,0,0,1
48245,0,0,0,0,1
48246,0,0,0,0,1
48247,0,0,0,0,1
48248,0,0,0,0,1
48249,0,0,0,0,1
48250,0,0,0,0,1
48251,0,0,0,0,1
48252,0,0,0,0,1
48253,0,0,0,0,1
48254,0,0,0,0,1
48255,0,0,0,0,1
48256,0,0,0,0,1
48257,0,0,0,0,1
48258,0,0,0,0,1
48259,0,0,0,0,1
48260,0,0,0,0,1
48261,0,0,0,0,1
48262,0,0,0,0,1
48263,0,0,0,1,0
48264,0,0,0,1,0
48265,0,0,0,1,0
48266,0,0,0,1,0
48267,0,0,0,0,1
48268,0,0,0,1,0
48269,0,0,0,0,1
48270,0,0,0,0,1
48271,0,0,0,1,0
48272,0,0,0,0,1
48273,0,0,0,0,1
48274,0,0,0,0,1
48275,0,0,0,0,1
48276,0,0,0,0,1
48277,0,0,0,0,1
48278,0,0,0,0,1
48279,0,0,0,0,1
48280,0,0,0,0,1
48281,0,0,0,0,1
48282,0,0,0,0,1
48283,0,0,0,0,1
48284,0,0,0,0,1
48285,0,0,0,0,1
48286,0,0,0,0,1
48287,0,0,0,0,1
48288,0,0,0,0,1
48289,0,0,0,0,1
48290,0,0,0,0,1
48291,0,0,0,0,1
48292,0,0,0,0,1
48293,0,0,0,0,1
48294,0,0,0,0,1
48295,0,0,0,0,1
48296,0,0,0,0,1
48297,0,0,0,0,1
48298,0,0,0,0,1
48299,0,0,0,0,1
48300,0,0,0,0,1
48301,0,0,0,0,1
48302,0,0,0,0,1
48303,0,0,0,0,1
48304,0,0,0,0,1
48305,0,0,0,0,1
48306,0,0,0,0,1
48307,0,0,0,0,1
48308,0,0,0,0,1
48309,0,0,0,0,1
48310,0,0,0,0,1
48311,0,0,0,0,1
48312,0,0,0,0,1
48313,0,0,0,0,1
48314,0,0,0,0,1
48315,0,0,0,0,1
48316,0,0,0,0,1
48317,0,0,0,0,1
48318,0,0,0,0,1
48319,0,0,0,0,1
48320,0,0,0,0,1
48321,0,0,0,0,1
48322,0,0,0,0,1
48323,0,0,0,0,1
48324,0,0,0,0,1
48325,0,0,0,0,1
48326,0,0,0,0,1
48327,0,0,0,0,1
48328,0,0,0,0,1
48329,0,0,0,0,1
48330,0,0,0,0,1
48331,0,0,0,0,1
48332,0,0,0,0,1
48333,0,0,0,0,1
48334,0,0,0,0,1
48335,0,0,0,0,1
48336,0,0,0,0,1
48337,0,0,0,0,1
48338,0,0,0,0,1
48339,0,0,0,0,1
48340,0,0,0,0,1
48341,0,0,0,0,1
48342,0,0,0,0,1
48343,0,0,0,0,1
48344,0,0,0,0,1
48345,0,0,0,0,1
48346,0,0,0,0,1
48347,0,0,0,0,1
48348,0,0,0,0,1
48349,0,0,0,0,1
48350,0,0,0,0,1
48351,0,0,0,0,1
48352,0,0,0,0,1
48353,0,0,0,0,1
48354,0,0,0,0,1
48355,0,0,0,0,1
48356,0,0,0,0,1
48357,0,0,0,0,1
48358,0,0,0,0,1
48359,0,0,0,0,1
48360,0,0,0,0,1
48361,0,0,0,0,1
48362,0,0,0,0,1
48363,0,0,0,0,1
48364,0,0,0,0,1
48365,0,0,0,0,1
48366,0,0,0,0,1
48367,0,0,0,0,1
48368,0,0,0,0,1
48369,0,0,0,0,1
48370,0,0,0,0,1
48371,0,0,0,0,1
48372,0,0,0,0,1
48373,0,0,0,0,1
48374,0,0,0,0,1
48375,0,0,0,0,1
48376,0,0,0,0,1
48377,0,0,0,0,1
48378,0,0,0,0,1
48379,0,0,0,0,1
48380,0,0,0,0,1
48381,0,0,0,0,1
48382,0,0,0,0,1
48383,0,0,0,0,1
48384,0,0,0,0,1
48385,0,0,0,0,1
48386,0,0,0,0,1
48387,0,0,0,0,1
48388,0,0,0,0,1
48389,0,0,0,0,1
48390,0,0,0,0,1
48391,0,0,0,0,1
48392,0,0,0,0,1
48393,0,0,0,0,1
48394,0,0,0,0,1
48395,0,0,0,0,1
48396,0,0,1,0,0
48397,0,0,1,0,0
48398,0,0,1,0,0
48399,0,0,1,0,0
48400,0,0,1,0,0
48401,0,0,1,0,0
48402,0,0,1,0,0
48403,0,0,1,0,0
48404,0,0,1,0,0
48405,0,0,1,0,0
48406,0,0,1,0,0
48407,0,0,1,0,0
48408,0,0,1,0,0
48409,0,0,1,0,0
48410,0,0,1,0,0
48411,0,0,1,0,0
48412,0,0,1,0,0
48413,0,0,1,0,0
48414,0,0,1,0,0
48415,0,0,1,0,0
48416,0,0,1,0,0
48417,0,0,1,0,0
48418,0,0,1,0,0
48419,0,0,1,0,0
48420,0,0,1,0,0
48421,0,0,1,0,0
48422,0,0,1,0,0
48423,0,0,1,0,0
48424,0,0,1,0,0
48425,0,0,1,0,0
48426,0,0,1,0,0
48427,0,0,1,0,0
48428,0,0,1,0,0
48429,0,0,1,0,0
48430,0,0,1,0,0
48431,0,0,1,0,0
48432,0,0,1,0,0
48433,0,0,1,0,0
48434,0,0,1,0,0
48435,0,0,1,0,0
48436,0,0,1,0,0
48437,0,0,1,0,0
48438,0,0,1,0,0
48439,0,0,1,0,0
48440,0,0,1,0,0
48441,0,0,1,0,0
48442,0,0,1,0,0
48443,0,0,1,0,0
48444,0,0,1,0,0
48445,0,0,1,0,0
48446,0,0,1,0,0
48447,0,0,1,0,0
48448,0,0,1,0,0
48449,0,0,1,0,0
48450,0,0,1,0,0
48451,0,0,1,0,0
48452,0,0,1,0,0
48453,0,0,1,0,0
48454,0,0,1,0,0
48455,0,0,1,0,0
48456,0,0,1,0,0
48457,0,0,1,0,0
48458,0,0,1,0,0
48459,0,0,1,0,0
48460,0,0,1,0,0
48461,0,0,1,0,0
48462,0,0,1,0,0
48463,0,0,1,0,0
48464,0,0,1,0,0
48465,0,0,1,0,0
48466,0,0,1,0,0
48467,0,0,1,0,0
48468,0,0,1,0,0
48469,0,0,1,0,0
48470,0,0,1,0,0
48471,0,0,1,0,0
48472,0,0,1,0,0
48473,0,0,1,0,0
48474,0,0,1,0,0
48475,0,0,1,0,0
48476,0,0,1,0,0
48477,0,0,1,0,0
48478,0,0,1,0,0
48479,0,0,1,0,0
48480,0,0,1,0,0
48481,0,0,1,0,0
48482,0,0,1,0,0
48483,0,0,1,0,0
48484,0,0,1,0,0
48485,0,0,0,0,1
48486,0,0,0,0,1
48487,0,0,0,0,1
48488,0,0,0,0,1
48489,0,0,0,0,1
48490,0,0,0,0,1
48491,0,0,0,0,1
48492,0,0,0,0,1
48493,0,0,0,0,1
48494,0,0,0,0,1
48495,0,0,0,0,1
48496,0,0,0,0,1
48497,0,0,0,0,1
48498,0,0,0,0,1
48499,0,0,0,0,1
48500,0,0,0,0,1
48501,0,0,0,0,1
48502,0,0,0,0,1
48503,0,0,0,0,1
48504,0,0,0,0,1
48505,0,0,0,0,1
48506,0,0,0,0,1
48507,0,0,0,0,1
48508,0,0,0,0,1
48509,0,0,0,0,1
48510,0,0,0,0,1
48511,0,0,0,0,1
48512,0,0,0,0,1
48513,0,0,0,0,1
48514,0,0,0,0,1
48515,0,0,0,0,1
48516,0,0,0,0,1
48517,0,0,0,0,1
48518,0,0,0,0,1
48519,0,0,0,0,1
48520,0,0,0,0,1
48521,0,0,0,0,1
48522,0,0,0,0,1
48523,0,0,0,0,1
48524,0,0,0,0,1
48525,0,0,0,0,1
48526,0,0,0,0,1
48527,0,0,0,0,1
48528,0,0,0,0,1
48529,0,0,0,0,1
48530,0,0,0,0,1
48531,0,0,0,0,1
48532,0,0,0,0,1
48533,0,0,0,0,1
48534,0,0,0,0,1
48535,0,0,0,0,1
48536,0,0,0,0,1
48537,0,0,0,0,1
48538,0,0,0,0,1
48539,0,0,0,0,1
48540,0,0,0,0,1
48541,0,0,0,0,1
48542,0,0,0,0,1
48543,0,0,0,0,1
48544,0,0,0,0,1
48545,0,0,0,0,1
48546,0,0,0,0,1
48547,0,0,0,0,1
48548,0,0,0,0,1
48549,0,0,0,0,1
48550,0,0,0,0,1
48551,0,0,0,0,1
48552,0,0,0,0,1
48553,0,0,0,0,1
48554,0,0,0,0,1
48555,0,0,0,0,1
48556,0,0,0,0,1
48557,0,0,0,0,1
48558,0,0,0,0,1
48559,0,0,0,0,1
48560,0,0,0,0,1
48561,0,0,0,0,1
48562,0,0,0,0,1
48563,0,0,0,0,1
48564,0,0,0,0,1
48565,0,0,0,0,1
48566,0,0,0,0,1
48567,0,0,0,0,1
48568,0,0,0,0,1
48569,0,0,0,0,1
48570,0,0,0,0,1
48571,0,0,0,0,1
48572,0,0,0,0,1
48573,0,0,0,0,1
48574,0,0,0,0,1
48575,0,0,0,0,1
48576,0,0,0,0,1
48577,0,0,0,0,1
48578,0,0,0,0,1
48579,0,0,0,0,1
48580,0,0,0,0,1
48581,0,0,0,0,1
48582,0,0,0,0,1
48583,0,0,0,0,1
48584,0,0,0,0,1
48585,0,0,0,0,1
48586,0,0,0,0,1
48587,0,0,0,0,1
48588,0,0,0,0,1
48589,0,0,0,0,1
48590,0,0,0,0,1
48591,0,0,0,0,1
48592,0,0,0,0,1
48593,0,0,0,0,1
48594,0,0,0,0,1
48595,0,0,0,0,1
48596,0,0,0,0,1
48597,0,0,0,0,1
48598,0,0,0,0,1
48599,0,0,0,0,1
48600,0,0,0,0,1
48601,0,0,0,0,1
48602,0,0,0,0,1
48603,0,0,0,0,1
48604,0,0,0,0,1
48605,0,0,0,0,1
48606,0,0,0,0,1
48607,0,0,0,0,1
48608,0,0,0,0,1
48609,0,0,0,0,1
48610,0,0,0,0,1
48611,0,0,0,0,1
48612,0,0,0,0,1
48613,0,0,0,0,1
48614,0,0,0,0,1
48615,0,0,0,0,1
48616,0,0,0,0,1
48617,0,0,0,0,1
48618,0,0,0,0,1
48619,0,0,0,0,1
48620,0,0,0,0,1
48621,0,0,0,0,1
48622,0,0,0,0,1
48623,0,0,0,0,1
48624,0,0,0,0,1
48625,0,0,0,0,1
48626,0,0,0,0,1
48627,0,0,0,0,1
48628,0,0,0,0,1
48629,0,0,0,0,1
48630,0,0,0,0,1
48631,0,0,0,0,1
48632,0,0,0,0,1
48633,0,0,0,0,1
48634,0,0,0,0,1
48635,0,0,0,0,1
48636,0,0,0,0,1
48637,0,0,0,0,1
48638,0,0,0,0,1
48639,0,0,0,0,1
48640,0,0,0,0,1
48641,0,0,0,0,1
48642,0,0,0,0,1
48643,0,0,0,0,1
48644,0,0,0,0,1
48645,0,0,0,0,1
48646,0,0,0,0,1
48647,0,0,0,0,1
48648,0,0,0,0,1
48649,0,0,0,0,1
48650,0,0,0,0,1
48651,0,0,0,0,1
48652,0,0,0,0,1
48653,0,0,0,0,1
48654,0,0,0,0,1
48655,0,0,0,0,1
48656,0,0,0,0,1
48657,0,0,0,0,1
48658,0,0,0,0,1
48659,0,0,0,0,1
48660,0,0,0,0,1
48661,0,0,0,0,1
48662,0,0,0,0,1
48663,0,0,0,0,1
48664,0,0,0,0,1
48665,0,0,0,0,1
48666,0,0,0,0,1
48667,0,0,0,0,1
48668,0,0,0,0,1
48669,0,0,0,0,1
48670,0,0,0,0,1
48671,0,0,0,0,1
48672,0,0,0,0,1
48673,0,0,0,0,1
48674,0,0,0,0,1
48675,0,0,0,0,1
48676,0,0,0,0,1
48677,0,0,0,0,1
48678,0,0,0,0,1
48679,0,0,0,0,1
48680,0,0,0,0,1
48681,0,0,0,0,1
48682,0,0,0,0,1
48683,0,0,0,0,1
48684,0,0,0,0,1
48685,0,0,0,0,1
48686,0,0,0,0,1
48687,0,0,0,0,1
48688,0,0,0,0,1
48689,0,0,0,0,1
48690,0,0,0,0,1
48691,0,0,0,0,1
48692,0,0,0,0,1
48693,0,0,0,0,1
48694,0,0,0,0,1
48695,0,0,0,0,1
48696,0,0,0,0,1
48697,0,0,0,0,1
48698,0,0,0,0,1
48699,0,0,0,0,1
48700,0,0,0,0,1
48701,0,0,0,0,1
48702,0,0,0,0,1
48703,0,0,0,0,1
48704,0,0,0,0,1
48705,0,0,0,0,1
48706,0,0,0,0,1
48707,0,0,0,0,1
48708,0,0,0,0,1
48709,0,0,0,0,1
48710,0,0,0,0,1
48711,0,0,0,0,1
48712,0,0,0,0,1
48713,0,0,0,0,1
48714,0,0,0,0,1
48715,0,0,1,0,0
48716,0,0,1,0,0
48717,0,0,1,0,0
48718,0,0,1,0,0
48719,0,0,1,0,0
48720,0,0,1,0,0
48721,0,0,1,0,0
48722,0,0,1,0,0
48723,0,0,1,0,0
48724,0,0,1,0,0
48725,0,0,1,0,0
48726,0,0,1,0,0
48727,0,0,1,0,0
48728,0,0,1,0,0
48729,0,0,1,0,0
48730,0,0,1,0,0
48731,0,0,1,0,0
48732,0,0,1,0,0
48733,0,0,1,0,0
48734,0,0,1,0,0
48735,0,0,0,0,1
48736,0,0,0,0,1
48737,0,0,0,0,1
48738,0,0,0,0,1
48739,0,0,0,0,1
48740,0,0,0,0,1
48741,0,0,0,0,1
48742,0,0,0,0,1
48743,0,0,0,0,1
48744,0,0,0,0,1
48745,0,0,0,0,1
48746,0,0,0,0,1
48747,0,0,0,0,1
48748,0,0,0,0,1
48749,0,0,0,0,1
48750,0,0,0,0,1
48751,0,0,0,0,1
48752,0,0,0,0,1
48753,0,0,0,0,1
48754,0,0,0,0,1
48755,0,0,0,0,1
48756,0,0,0,0,1
48757,0,0,0,0,1
48758,0,0,0,0,1
48759,0,0,0,0,1
48760,0,0,0,0,1
48761,0,0,0,0,1
48762,0,0,0,0,1
48763,0,0,0,0,1
48764,0,0,0,0,1
48765,0,0,0,0,1
48766,0,0,0,0,1
48767,0,0,0,0,1
48768,0,0,0,0,1
48769,0,0,0,0,1
48770,0,0,0,0,1
48771,0,0,0,0,1
48772,0,0,0,0,1
48773,0,0,0,0,1
48774,0,0,0,0,1
48775,1,0,0,0,0
48776,1,0,0,0,0
48777,1,0,0,0,0
48778,1,0,0,0,0
48779,1,0,0,0,0
48780,1,0,0,0,0
48781,1,0,0,0,0
48782,1,0,0,0,0
48783,1,0,0,0,0
48784,1,0,0,0,0
48785,1,0,0,0,0
48786,1,0,0,0,0
48787,1,0,0,0,0
48788,1,0,0,0,0
48789,1,0,0,0,0
48790,1,0,0,0,0
48791,1,0,0,0,0
48792,1,0,0,0,0
48793,1,0,0,0,0
48794,1,0,0,0,0
48795,1,0,0,0,0
48796,1,0,0,0,0
48797,1,0,0,0,0
48798,1,0,0,0,0
48799,1,0,0,0,0
48800,1,0,0,0,0
48801,1,0,0,0,0
48802,1,0,0,0,0
48803,1,0,0,0,0
48804,1,0,0,0,0
48805,1,0,0,0,0
48806,1,0,0,0,0
48807,1,0,0,0,0
48808,1,0,0,0,0
48809,1,0,0,0,0
48810,1,0,0,0,0
48811,1,0,0,0,0
48812,1,0,0,0,0
48813,1,0,0,0,0
48814,1,0,0,0,0
48815,1,0,0,0,0
48816,1,0,0,0,0
48817,1,0,0,0,0
48818,1,0,0,0,0
48819,1,0,0,0,0
48820,1,0,0,0,0
48821,1,0,0,0,0
48822,1,0,0,0,0
48823,1,0,0,0,0
48824,1,0,0,0,0
48825,1,0,0,0,0
48826,1,0,0,0,0
48827,1,0,0,0,0
48828,1,0,0,0,0
48829,1,0,0,0,0
48830,1,0,0,0,0
48831,1,0,0,0,0
48832,1,0,0,0,0
48833,1,0,0,0,0
48834,1,0,0,0,0
48835,1,0,0,0,0
48836,1,0,0,0,0
48837,1,0,0,0,0
48838,1,0,0,0,0
48839,1,0,0,0,0
48840,1,0,0,0,0
48841,1,0,0,0,0
48842,1,0,0,0,0
48843,1,0,0,0,0
48844,1,0,0,0,0
48845,1,0,0,0,0
48846,1,0,0,0,0
48847,1,0,0,0,0
48848,1,0,0,0,0
48849,1,0,0,0,0
48850,1,0,0,0,0
48851,0,0,0,0,1
48852,0,0,0,0,1
48853,0,0,0,0,1
48854,0,0,0,0,1
48855,0,0,0,0,1
48856,0,0,0,0,1
48857,0,0,0,0,1
48858,0,0,0,0,1
48859,0,0,0,0,1
48860,1,0,0,0,0
48861,1,0,0,0,0
48862,1,0,0,0,0
48863,1,0,0,0,0
48864,1,0,0,0,0
48865,1,0,0,0,0
48866,1,0,0,0,0
48867,1,0,0,0,0
48868,1,0,0,0,0
48869,1,0,0,0,0
48870,1,0,0,0,0
48871,1,0,0,0,0
48872,1,0,0,0,0
48873,1,0,0,0,0
48874,1,0,0,0,0
48875,1,0,0,0,0
48876,1,0,0,0,0
48877,1,0,0,0,0
48878,1,0,0,0,0
48879,1,0,0,0,0
48880,1,0,0,0,0
48881,1,0,0,0,0
48882,1,0,0,0,0
48883,1,0,0,0,0
48884,1,0,0,0,0
48885,1,0,0,0,0
48886,1,0,0,0,0
48887,1,0,0,0,0
48888,1,0,0,0,0
48889,1,0,0,0,0
48890,1,0,0,0,0
48891,1,0,0,0,0
48892,0,0,0,0,1
48893,0,0,0,0,1
48894,0,0,0,0,1
48895,0,0,0,0,1
48896,0,0,0,0,1
48897,0,0,0,0,1
48898,0,0,0,0,1
48899,0,0,0,0,1
48900,0,0,0,0,1
48901,0,0,0,0,1
48902,0,0,0,0,1
48903,0,0,0,0,1
48904,0,0,0,0,1
48905,0,0,0,0,1
48906,0,0,0,0,1
48907,0,0,0,0,1
48908,0,0,0,0,1
48909,0,0,0,0,1
48910,0,0,0,0,1
48911,0,0,0,0,1
48912,0,0,0,0,1
48913,0,0,0,0,1
48914,0,0,0,0,1
48915,0,0,0,0,1
48916,0,0,0,0,1
48917,0,0,0,0,1
48918,0,0,0,0,1
48919,0,0,0,0,1
48920,0,0,0,0,1
48921,0,0,0,0,1
48922,0,0,0,0,1
48923,0,0,0,0,1
48924,0,0,0,0,1
48925,0,0,0,0,1
48926,0,0,0,0,1
48927,0,0,0,0,1
48928,0,0,0,0,1
48929,0,0,0,0,1
48930,0,0,0,0,1
48931,0,0,0,0,1
48932,0,0,0,0,1
48933,0,0,0,0,1
48934,0,0,0,0,1
48935,0,0,0,0,1
48936,0,0,0,0,1
48937,0,0,0,0,1
48938,0,0,0,0,1
48939,0,0,0,0,1
48940,0,0,0,0,1
48941,0,0,0,0,1
48942,0,0,0,0,1
48943,0,0,0,0,1
48944,0,0,0,0,1
48945,0,0,0,0,1
48946,0,0,0,0,1
48947,0,0,0,0,1
48948,0,0,0,0,1
48949,0,0,0,0,1
48950,0,0,0,0,1
48951,0,0,0,0,1
48952,0,0,0,0,1
48953,0,0,0,0,1
48954,0,0,0,0,1
48955,0,0,0,0,1
48956,0,0,0,0,1
48957,0,0,0,0,1
48958,0,0,0,0,1
48959,0,0,0,0,1
48960,0,0,0,0,1
48961,0,0,0,0,1
48962,0,0,0,0,1
48963,0,0,0,0,1
48964,0,0,0,0,1
48965,0,0,0,0,1
48966,0,0,0,0,1
48967,1,0,0,0,0
48968,1,0,0,0,0
48969,1,0,0,0,0
48970,1,0,0,0,0
48971,1,0,0,0,0
48972,1,0,0,0,0
48973,1,0,0,0,0
48974,1,0,0,0,0
48975,1,0,0,0,0
48976,1,0,0,0,0
48977,1,0,0,0,0
48978,1,0,0,0,0
48979,1,0,0,0,0
48980,1,0,0,0,0
48981,1,0,0,0,0
48982,1,0,0,0,0
48983,1,0,0,0,0
48984,1,0,0,0,0
48985,1,0,0,0,0
48986,1,0,0,0,0
48987,1,0,0,0,0
48988,1,0,0,0,0
48989,1,0,0,0,0
48990,1,0,0,0,0
48991,1,0,0,0,0
48992,1,0,0,0,0
48993,1,0,0,0,0
48994,1,0,0,0,0
48995,1,0,0,0,0
48996,1,0,0,0,0
48997,1,0,0,0,0
48998,1,0,0,0,0
48999,1,0,0,0,0
49000,0,0,0,0,1
49001,0,0,0,0,1
49002,0,0,0,0,1
49003,0,0,0,0,1
49004,0,0,0,0,1
49005,0,0,0,0,1
49006,0,0,0,0,1
49007,0,0,0,0,1
49008,0,0,0,0,1
49009,0,0,0,0,1
49010,0,0,0,0,1
49011,0,0,0,0,1
49012,0,0,0,0,1
49013,0,0,0,0,1
49014,0,0,0,0,1
49015,0,0,0,0,1
49016,0,0,0,0,1
49017,0,0,0,0,1
49018,0,0,0,0,1
49019,0,0,0,0,1
49020,0,0,0,0,1
49021,0,0,0,0,1
49022,1,0,0,0,0
49023,1,0,0,0,0
49024,1,0,0,0,0
49025,1,0,0,0,0
49026,1,0,0,0,0
49027,1,0,0,0,0
49028,1,0,0,0,0
49029,1,0,0,0,0
49030,1,0,0,0,0
49031,1,0,0,0,0
49032,1,0,0,0,0
49033,1,0,0,0,0
49034,1,0,0,0,0
49035,1,0,0,0,0
49036,1,0,0,0,0
49037,1,0,0,0,0
49038,1,0,0,0,0
49039,1,0,0,0,0
49040,1,0,0,0,0
49041,0,0,0,0,1
49042,0,0,0,0,1
49043,0,0,0,0,1
49044,0,0,0,0,1
49045,0,0,0,0,1
49046,0,0,0,0,1
49047,0,0,0,0,1
49048,0,0,0,0,1
49049,0,0,0,0,1
49050,0,0,0,0,1
49051,0,0,0,0,1
49052,0,0,0,0,1
49053,0,0,0,0,1
49054,0,0,0,0,1
49055,0,0,0,0,1
49056,0,0,0,0,1
49057,0,0,0,0,1
49058,0,0,0,0,1
49059,0,0,0,0,1
49060,0,0,0,0,1
49061,0,0,0,0,1
49062,0,0,0,0,1
49063,0,0,0,0,1
49064,0,0,0,0,1
49065,0,0,0,0,1
49066,0,0,0,0,1
49067,0,0,0,0,1
49068,0,0,0,0,1
49069,0,0,0,0,1
49070,0,0,0,0,1
49071,0,0,0,0,1
49072,0,0,0,0,1
49073,0,0,0,0,1
49074,0,0,0,0,1
49075,0,0,0,0,1
49076,0,0,0,0,1
49077,0,0,0,0,1
49078,0,0,0,0,1
49079,0,0,0,0,1
49080,0,0,0,0,1
49081,0,0,0,0,1
49082,0,0,0,0,1
49083,0,0,0,0,1
49084,0,0,0,0,1
49085,0,0,0,0,1
49086,0,0,0,0,1
49087,0,0,0,0,1
49088,0,0,0,0,1
49089,0,0,0,0,1
49090,0,0,0,0,1
49091,0,0,0,0,1
49092,0,0,0,0,1
49093,0,0,0,0,1
49094,0,0,0,0,1
49095,0,0,0,0,1
49096,0,0,0,0,1
49097,0,0,0,0,1
49098,0,0,0,0,1
49099,0,0,0,0,1
49100,0,0,0,0,1
49101,0,0,0,0,1
49102,0,0,0,0,1
49103,0,0,0,0,1
49104,0,0,0,0,1
49105,0,0,0,0,1
49106,0,0,0,0,1
49107,0,0,0,0,1
49108,0,0,0,0,1
49109,0,0,0,0,1
49110,0,0,0,0,1
49111,0,0,0,0,1
49112,0,0,0,0,1
49113,0,0,0,0,1
49114,0,0,0,0,1
49115,0,0,0,0,1
49116,0,0,0,0,1
49117,0,0,0,0,1
49118,0,0,0,0,1
49119,0,0,0,0,1
49120,0,0,0,0,1
49121,0,0,0,0,1
49122,0,0,0,0,1
49123,0,0,0,0,1
49124,0,0,0,0,1
49125,0,0,0,0,1
49126,0,0,0,0,1
49127,0,0,0,0,1
49128,0,0,0,0,1
49129,0,0,0,0,1
49130,0,0,0,0,1
49131,0,0,0,0,1
49132,0,0,0,0,1
49133,0,0,0,0,1
49134,0,0,0,0,1
49135,0,0,0,0,1
49136,0,0,0,0,1
49137,0,0,0,0,1
49138,0,0,0,0,1
49139,0,0,0,0,1
49140,0,0,0,0,1
49141,0,0,0,0,1
49142,0,0,0,0,1
49143,0,0,0,0,1
49144,0,0,0,0,1
49145,0,0,0,0,1
49146,0,0,0,0,1
49147,0,0,0,0,1
49148,0,0,0,0,1
49149,0,0,0,0,1
49150,0,0,0,0,1
49151,0,0,0,0,1
49152,0,0,0,0,1
49153,0,0,0,0,1
49154,0,0,0,0,1
49155,0,0,0,0,1
49156,0,0,0,0,1
49157,0,0,0,0,1
49158,0,0,0,0,1
49159,0,0,0,0,1
49160,0,0,0,0,1
49161,0,0,0,0,1
49162,0,0,0,0,1
49163,0,0,0,0,1
49164,0,0,0,0,1
49165,0,0,0,0,1
49166,0,0,0,0,1
49167,0,0,0,0,1
49168,0,0,0,0,1
49169,0,0,0,0,1
49170,0,0,0,0,1
49171,0,0,0,0,1
49172,0,0,0,0,1
49173,0,0,0,0,1
49174,0,0,0,0,1
49175,0,0,0,0,1
49176,0,0,0,0,1
49177,0,0,0,0,1
49178,0,0,0,0,1
49179,0,0,0,0,1
49180,0,0,0,0,1
49181,0,0,0,0,1
49182,0,0,0,0,1
49183,0,0,0,0,1
49184,0,0,0,0,1
49185,0,0,0,0,1
49186,0,0,0,0,1
49187,0,0,0,0,1
49188,0,0,0,0,1
49189,0,0,0,0,1
49190,0,0,0,0,1
49191,0,0,0,0,1
49192,0,0,0,0,1
49193,0,0,0,0,1
49194,0,0,0,0,1
49195,0,0,0,0,1
49196,0,0,0,0,1
49197,0,0,0,0,1
49198,0,0,0,0,1
49199,0,0,0,0,1
49200,0,0,0,0,1
49201,0,0,0,0,1
49202,0,0,0,0,1
49203,0,0,0,0,1
49204,0,0,0,0,1
49205,0,0,0,0,1
49206,0,0,0,0,1
49207,0,0,0,0,1
49208,0,0,0,0,1
49209,0,0,0,0,1
49210,0,0,0,0,1
49211,0,0,0,0,1
49212,0,0,0,0,1
49213,0,0,0,0,1
49214,0,0,0,0,1
49215,0,0,0,0,1
49216,0,0,0,0,1
49217,0,0,0,0,1
49218,0,0,0,0,1
49219,0,0,0,0,1
49220,0,0,0,0,1
49221,0,0,0,0,1
49222,0,0,0,0,1
49223,0,0,0,0,1
49224,0,0,0,0,1
49225,0,0,0,0,1
49226,0,0,0,0,1
49227,0,0,0,0,1
49228,0,0,0,0,1
49229,0,0,0,0,1
49230,0,0,0,0,1
49231,0,0,0,0,1
49232,0,0,0,0,1
49233,0,0,0,0,1
49234,0,0,0,0,1
49235,0,0,0,0,1
49236,0,0,0,0,1
49237,0,0,0,0,1
49238,0,0,0,0,1
49239,0,0,0,0,1
49240,0,0,0,0,1
49241,0,0,0,0,1
49242,0,0,0,0,1
49243,0,0,0,0,1
49244,0,0,0,0,1
49245,0,0,0,0,1
49246,0,0,0,0,1
49247,0,0,0,0,1
49248,0,0,0,0,1
49249,0,0,0,0,1
49250,0,0,0,0,1
49251,0,0,0,0,1
49252,0,0,0,0,1
49253,0,0,0,0,1
49254,0,0,0,0,1
49255,0,0,0,0,1
49256,0,0,0,0,1
49257,0,0,0,0,1
49258,0,0,0,0,1
49259,0,0,0,0,1
49260,0,0,0,0,1
49261,0,0,0,0,1
49262,0,0,0,0,1
49263,0,0,0,0,1
49264,0,0,0,0,1
49265,0,0,0,0,1
49266,0,0,0,0,1
49267,0,0,0,0,1
49268,0,0,0,0,1
49269,0,0,0,0,1
49270,0,0,0,0,1
49271,0,0,0,0,1
49272,0,0,0,0,1
49273,0,0,0,0,1
49274,0,0,0,0,1
49275,0,0,0,0,1
49276,0,0,0,0,1
49277,0,0,0,0,1
49278,0,0,0,0,1
49279,0,0,0,0,1
49280,0,0,0,0,1
49281,0,0,0,0,1
49282,0,0,0,0,1
49283,0,0,0,0,1
49284,0,0,0,0,1
49285,0,0,0,0,1
49286,0,0,0,0,1
49287,0,0,0,0,1
49288,0,0,0,0,1
49289,0,0,0,0,1
49290,0,0,0,0,1
49291,0,0,0,0,1
49292,0,0,0,0,1
49293,0,0,0,0,1
49294,0,0,0,0,1
49295,0,0,0,0,1
49296,0,0,0,0,1
49297,0,0,0,0,1
49298,0,0,0,0,1
49299,0,0,0,0,1
49300,0,0,0,0,1
49301,0,0,0,0,1
49302,0,0,0,0,1
49303,0,0,0,0,1
49304,0,0,0,0,1
49305,0,0,0,0,1
49306,0,0,0,0,1
49307,0,0,0,0,1
49308,0,0,0,0,1
49309,0,0,0,0,1
49310,0,0,0,0,1
49311,0,0,0,0,1
49312,0,0,0,0,1
49313,0,0,0,0,1
49314,0,0,0,0,1
49315,0,0,0,0,1
49316,0,0,0,0,1
49317,0,0,0,0,1
49318,0,0,0,0,1
49319,0,0,0,0,1
49320,0,0,0,0,1
49321,0,0,0,0,1
49322,0,0,0,0,1
49323,0,0,0,0,1
49324,0,0,0,0,1
49325,0,0,0,0,1
49326,0,0,0,0,1
49327,0,0,0,0,1
49328,0,0,0,0,1
49329,0,0,0,0,1
49330,0,0,0,0,1
49331,0,0,0,0,1
49332,0,0,0,0,1
49333,0,0,0,0,1
49334,0,0,0,0,1
49335,0,0,0,0,1
49336,0,0,0,0,1
49337,0,0,0,0,1
49338,0,0,0,0,1
49339,0,0,0,0,1
49340,0,0,0,0,1
49341,0,0,0,0,1
49342,0,0,0,0,1
49343,0,0,0,0,1
49344,0,0,0,0,1
49345,0,0,0,0,1
49346,0,0,0,0,1
49347,0,0,0,0,1
49348,0,0,0,0,1
49349,0,0,0,0,1
49350,0,0,0,0,1
49351,0,0,0,0,1
49352,0,0,0,0,1
49353,0,0,0,0,1
49354,0,0,0,0,1
49355,0,0,0,0,1
49356,0,0,0,0,1
49357,0,0,0,0,1
49358,0,0,0,0,1
49359,0,0,0,0,1
49360,0,0,0,0,1
49361,0,0,0,0,1
49362,0,0,0,0,1
49363,0,0,0,0,1
49364,0,0,0,0,1
49365,0,0,0,0,1
49366,0,0,0,0,1
49367,0,0,0,0,1
49368,0,0,0,0,1
49369,0,0,0,0,1
49370,0,0,0,0,1
49371,0,0,0,0,1
49372,0,0,0,0,1
49373,0,0,0,0,1
49374,0,0,0,0,1
49375,0,0,0,0,1
49376,0,0,0,0,1
49377,0,0,0,0,1
49378,0,0,0,0,1
49379,0,0,0,0,1
49380,0,0,0,0,1
49381,0,0,0,0,1
49382,0,0,0,0,1
49383,0,0,0,0,1
49384,0,0,0,0,1
49385,0,0,0,0,1
49386,0,0,0,0,1
49387,0,0,0,0,1
49388,0,0,0,0,1
49389,0,0,0,0,1
49390,0,0,0,0,1
49391,0,0,0,0,1
49392,0,0,0,0,1
49393,0,0,0,0,1
49394,0,0,0,0,1
49395,0,0,0,0,1
49396,0,0,0,0,1
49397,0,0,0,0,1
49398,0,0,0,0,1
49399,0,0,0,0,1
49400,0,0,0,0,1
49401,0,0,0,0,1
49402,0,0,0,0,1
49403,0,0,0,0,1
49404,0,0,0,0,1
49405,0,0,0,0,1
49406,0,0,0,0,1
49407,0,0,0,0,1
49408,0,0,0,0,1
49409,0,0,0,0,1
49410,0,0,0,0,1
49411,0,0,0,0,1
49412,0,0,0,0,1
49413,0,0,0,0,1
49414,0,0,0,0,1
49415,0,0,0,0,1
49416,0,0,0,0,1
49417,0,0,0,0,1
49418,0,0,0,0,1
49419,0,0,0,0,1
49420,0,0,0,0,1
49421,0,0,0,0,1
49422,0,0,0,0,1
49423,1,0,0,0,0
49424,1,0,0,0,0
49425,1,0,0,0,0
49426,1,0,0,0,0
49427,1,0,0,0,0
49428,1,0,0,0,0
49429,1,0,0,0,0
49430,1,0,0,0,0
49431,1,0,0,0,0
49432,1,0,0,0,0
49433,1,0,0,0,0
49434,1,0,0,0,0
49435,1,0,0,0,0
49436,1,0,0,0,0
49437,1,0,0,0,0
49438,1,0,0,0,0
49439,1,0,0,0,0
49440,1,0,0,0,0
49441,1,0,0,0,0
49442,1,0,0,0,0
49443,1,0,0,0,0
49444,1,0,0,0,0
49445,1,0,0,0,0
49446,1,0,0,0,0
49447,1,0,0,0,0
49448,1,0,0,0,0
49449,1,0,0,0,0
49450,1,0,0,0,0
49451,1,0,0,0,0
49452,1,0,0,0,0
49453,1,0,0,0,0
49454,1,0,0,0,0
49455,1,0,0,0,0
49456,1,0,0,0,0
49457,1,0,0,0,0
49458,1,0,0,0,0
49459,1,0,0,0,0
49460,1,0,0,0,0
49461,1,0,0,0,0
49462,1,0,0,0,0
49463,1,0,0,0,0
49464,1,0,0,0,0
49465,1,0,0,0,0
49466,1,0,0,0,0
49467,1,0,0,0,0
49468,1,0,0,0,0
49469,1,0,0,0,0
49470,1,0,0,0,0
49471,1,0,0,0,0
49472,1,0,0,0,0
49473,1,0,0,0,0
49474,1,0,0,0,0
49475,1,0,0,0,0
49476,1,0,0,0,0
49477,1,0,0,0,0
49478,1,0,0,0,0
49479,1,0,0,0,0
49480,1,0,0,0,0
49481,1,0,0,0,0
49482,1,0,0,0,0
49483,1,0,0,0,0
49484,1,0,0,0,0
49485,1,0,0,0,0
49486,1,0,0,0,0
49487,1,0,0,0,0
49488,1,0,0,0,0
49489,1,0,0,0,0
49490,1,0,0,0,0
49491,1,0,0,0,0
49492,1,0,0,0,0
49493,1,0,0,0,0
49494,1,0,0,0,0
49495,1,0,0,0,0
49496,1,0,0,0,0
49497,1,0,0,0,0
49498,1,0,0,0,0
49499,1,0,0,0,0
49500,1,0,0,0,0
49501,1,0,0,0,0
49502,1,0,0,0,0
49503,1,0,0,0,0
49504,1,0,0,0,0
49505,1,0,0,0,0
49506,1,0,0,0,0
49507,1,0,0,0,0
49508,1,0,0,0,0
49509,0,0,0,0,1
49510,0,1,0,0,0
49511,0,1,0,0,0
49512,0,1,0,0,0
49513,0,1,0,0,0
49514,0,1,0,0,0
49515,0,1,0,0,0
49516,0,0,0,0,1
49517,0,0,0,0,1
49518,0,0,0,0,1
49519,0,1,0,0,0
49520,0,0,0,0,1
49521,0,0,0,0,1
49522,0,0,0,0,1
49523,0,0,0,0,1
49524,0,0,0,0,1
49525,0,0,0,0,1
49526,0,0,0,0,1
49527,0,0,0,0,1
49528,0,0,0,0,1
49529,0,0,0,0,1
49530,0,0,0,0,1
49531,0,0,0,0,1
49532,0,0,0,0,1
49533,0,0,0,0,1
49534,0,0,0,0,1
49535,0,0,0,0,1
49536,0,0,0,0,1
49537,0,0,0,0,1
49538,0,0,0,0,1
49539,0,0,0,0,1
49540,0,0,0,0,1
49541,0,0,0,0,1
49542,0,0,0,0,1
49543,0,0,0,0,1
49544,0,0,0,0,1
49545,0,0,0,0,1
49546,0,0,0,0,1
49547,0,0,0,0,1
49548,0,0,0,0,1
49549,0,0,0,0,1
49550,1,0,0,0,0
49551,1,0,0,0,0
49552,1,0,0,0,0
49553,1,0,0,0,0
49554,1,0,0,0,0
49555,1,0,0,0,0
49556,1,0,0,0,0
49557,1,0,0,0,0
49558,1,0,0,0,0
49559,1,0,0,0,0
49560,1,0,0,0,0
49561,1,0,0,0,0
49562,1,0,0,0,0
49563,1,0,0,0,0
49564,1,0,0,0,0
49565,1,0,0,0,0
49566,1,0,0,0,0
49567,1,0,0,0,0
49568,1,0,0,0,0
49569,1,0,0,0,0
49570,1,0,0,0,0
49571,1,0,0,0,0
49572,1,0,0,0,0
49573,1,0,0,0,0
49574,1,0,0,0,0
49575,1,0,0,0,0
49576,1,0,0,0,0
49577,1,0,0,0,0
49578,1,0,0,0,0
49579,1,0,0,0,0
49580,1,0,0,0,0
49581,1,0,0,0,0
49582,1,0,0,0,0
49583,1,0,0,0,0
49584,1,0,0,0,0
49585,1,0,0,0,0
49586,1,0,0,0,0
49587,1,0,0,0,0
49588,1,0,0,0,0
49589,1,0,0,0,0
49590,1,0,0,0,0
49591,1,0,0,0,0
49592,1,0,0,0,0
49593,1,0,0,0,0
49594,1,0,0,0,0
49595,1,0,0,0,0
49596,1,0,0,0,0
49597,1,0,0,0,0
49598,1,0,0,0,0
49599,1,0,0,0,0
49600,1,0,0,0,0
49601,1,0,0,0,0
49602,1,0,0,0,0
49603,1,0,0,0,0
49604,1,0,0,0,0
49605,1,0,0,0,0
49606,1,0,0,0,0
49607,1,0,0,0,0
49608,1,0,0,0,0
49609,1,0,0,0,0
49610,1,0,0,0,0
49611,1,0,0,0,0
49612,1,0,0,0,0
49613,1,0,0,0,0
49614,1,0,0,0,0
49615,1,0,0,0,0
49616,1,0,0,0,0
49617,1,0,0,0,0
49618,1,0,0,0,0
49619,1,0,0,0,0
49620,1,0,0,0,0
49621,1,0,0,0,0
49622,1,0,0,0,0
49623,1,0,0,0,0
49624,1,0,0,0,0
49625,1,0,0,0,0
49626,1,0,0,0,0
49627,1,0,0,0,0
49628,1,0,0,0,0
49629,1,0,0,0,0
49630,1,0,0,0,0
49631,1,0,0,0,0
49632,1,0,0,0,0
49633,1,0,0,0,0
49634,1,0,0,0,0
49635,1,0,0,0,0
49636,1,0,0,0,0
49637,1,0,0,0,0
49638,1,0,0,0,0
49639,1,0,0,0,0
49640,1,0,0,0,0
49641,1,0,0,0,0
49642,1,0,0,0,0
49643,1,0,0,0,0
49644,1,0,0,0,0
49645,1,0,0,0,0
49646,1,0,0,0,0
49647,1,0,0,0,0
49648,1,0,0,0,0
49649,1,0,0,0,0
49650,1,0,0,0,0
49651,1,0,0,0,0
49652,1,0,0,0,0
49653,1,0,0,0,0
49654,1,0,0,0,0
49655,1,0,0,0,0
49656,1,0,0,0,0
49657,1,0,0,0,0
49658,1,0,0,0,0
49659,1,0,0,0,0
49660,1,0,0,0,0
49661,1,0,0,0,0
49662,1,0,0,0,0
49663,1,0,0,0,0
49664,1,0,0,0,0
49665,1,0,0,0,0
49666,1,0,0,0,0
49667,1,0,0,0,0
49668,1,0,0,0,0
49669,1,0,0,0,0
49670,1,0,0,0,0
49671,1,0,0,0,0
49672,1,0,0,0,0
49673,1,0,0,0,0
49674,1,0,0,0,0
49675,1,0,0,0,0
49676,1,0,0,0,0
49677,1,0,0,0,0
49678,1,0,0,0,0
49679,1,0,0,0,0
49680,1,0,0,0,0
49681,1,0,0,0,0
49682,1,0,0,0,0
49683,1,0,0,0,0
49684,1,0,0,0,0
49685,0,0,0,0,1
49686,0,0,0,0,1
49687,0,0,0,0,1
49688,0,0,0,0,1
49689,0,0,0,0,1
49690,0,0,0,0,1
49691,0,0,0,0,1
49692,0,0,0,0,1
49693,0,0,0,0,1
49694,0,0,0,0,1
49695,0,0,0,0,1
49696,0,0,0,0,1
49697,0,0,0,0,1
49698,0,0,0,0,1
49699,0,0,0,0,1
49700,0,0,0,0,1
49701,0,0,0,0,1
49702,0,0,0,0,1
49703,1,0,0,0,0
49704,1,0,0,0,0
49705,1,0,0,0,0
49706,1,0,0,0,0
49707,1,0,0,0,0
49708,1,0,0,0,0
49709,1,0,0,0,0
49710,1,0,0,0,0
49711,1,0,0,0,0
49712,1,0,0,0,0
49713,1,0,0,0,0
49714,1,0,0,0,0
49715,1,0,0,0,0
49716,1,0,0,0,0
49717,1,0,0,0,0
49718,1,0,0,0,0
49719,1,0,0,0,0
49720,1,0,0,0,0
49721,1,0,0,0,0
49722,1,0,0,0,0
49723,1,0,0,0,0
49724,1,0,0,0,0
49725,1,0,0,0,0
49726,1,0,0,0,0
49727,1,0,0,0,0
49728,1,0,0,0,0
49729,1,0,0,0,0
49730,1,0,0,0,0
49731,1,0,0,0,0
49732,1,0,0,0,0
49733,1,0,0,0,0
49734,1,0,0,0,0
49735,1,0,0,0,0
49736,1,0,0,0,0
49737,1,0,0,0,0
49738,1,0,0,0,0
49739,1,0,0,0,0
49740,1,0,0,0,0
49741,1,0,0,0,0
49742,1,0,0,0,0
49743,1,0,0,0,0
49744,1,0,0,0,0
49745,1,0,0,0,0
49746,1,0,0,0,0
49747,1,0,0,0,0
49748,1,0,0,0,0
49749,1,0,0,0,0
49750,1,0,0,0,0
49751,1,0,0,0,0
49752,1,0,0,0,0
49753,1,0,0,0,0
49754,1,0,0,0,0
49755,1,0,0,0,0
49756,1,0,0,0,0
49757,1,0,0,0,0
49758,1,0,0,0,0
49759,1,0,0,0,0
49760,1,0,0,0,0
49761,1,0,0,0,0
49762,0,0,0,0,1
49763,0,0,0,0,1
49764,0,0,0,0,1
49765,0,0,0,0,1
49766,0,0,0,0,1
49767,0,0,0,0,1
49768,0,0,0,0,1
49769,0,0,0,0,1
49770,0,0,0,0,1
49771,0,0,0,0,1
49772,0,0,0,0,1
49773,0,0,0,0,1
49774,0,0,0,0,1
49775,0,0,0,0,1
49776,0,0,0,0,1
49777,0,0,0,0,1
49778,0,0,0,0,1
49779,0,0,0,0,1
49780,0,0,0,0,1
49781,0,0,0,0,1
49782,0,0,0,0,1
49783,0,0,0,0,1
49784,0,0,0,0,1
49785,0,0,0,0,1
49786,0,0,0,0,1
49787,0,0,0,0,1
49788,0,0,0,0,1
49789,0,0,0,0,1
49790,0,0,0,0,1
49791,0,0,0,0,1
49792,0,0,0,0,1
49793,0,0,0,0,1
49794,0,0,0,0,1
49795,0,0,0,0,1
49796,0,0,0,0,1
49797,0,0,0,0,1
49798,0,0,0,0,1
49799,0,0,0,0,1
49800,0,0,0,0,1
49801,0,0,0,0,1
49802,0,0,0,0,1
49803,0,0,0,0,1
49804,0,0,0,0,1
49805,0,0,0,0,1
49806,0,0,0,0,1
49807,0,0,0,0,1
49808,0,0,0,0,1
49809,0,0,0,0,1
49810,0,0,0,0,1
49811,0,0,0,0,1
49812,0,0,0,0,1
49813,0,0,0,0,1
49814,0,0,0,0,1
49815,0,0,0,0,1
49816,0,0,0,0,1
49817,0,0,0,0,1
49818,0,0,0,0,1
49819,0,0,0,0,1
49820,0,0,0,0,1
49821,0,0,0,0,1
49822,0,0,0,0,1
49823,0,0,0,0,1
49824,0,0,0,0,1
49825,0,0,0,0,1
49826,0,0,0,0,1
49827,0,0,0,0,1
49828,0,0,0,0,1
49829,0,0,0,0,1
49830,0,0,0,0,1
49831,0,0,0,0,1
49832,0,0,0,0,1
49833,0,0,0,0,1
49834,0,0,0,0,1
49835,0,0,0,0,1
49836,0,0,0,0,1
49837,0,0,0,0,1
49838,0,0,0,0,1
49839,0,0,0,0,1
49840,0,0,0,0,1
49841,0,0,0,0,1
49842,0,0,0,0,1
49843,0,0,0,0,1
49844,0,0,0,0,1
49845,0,0,0,0,1
49846,0,0,0,0,1
49847,0,0,0,0,1
49848,0,0,0,0,1
49849,0,0,0,0,1
49850,0,0,0,0,1
49851,0,0,0,0,1
49852,0,0,0,0,1
49853,0,0,0,0,1
49854,0,0,0,0,1
49855,0,0,0,0,1
49856,0,0,0,0,1
49857,0,0,0,0,1
49858,0,0,0,0,1
49859,0,0,0,0,1
49860,0,0,0,0,1
49861,0,0,0,0,1
49862,0,0,0,0,1
49863,0,0,0,0,1
49864,0,0,0,0,1
49865,0,0,0,0,1
49866,0,0,0,0,1
49867,0,0,0,0,1
49868,0,0,0,0,1
49869,0,0,0,0,1
49870,0,0,0,0,1
49871,0,0,0,0,1
49872,0,0,0,0,1
49873,0,0,0,0,1
49874,0,0,0,0,1
49875,0,0,0,0,1
49876,0,0,0,0,1
49877,0,0,0,0,1
49878,0,0,0,0,1
49879,0,0,0,0,1
49880,0,0,0,0,1
49881,0,0,0,0,1
49882,0,0,0,0,1
49883,0,0,0,0,1
49884,0,0,0,0,1
49885,0,0,0,0,1
49886,0,0,0,0,1
49887,0,0,0,0,1
49888,0,0,0,0,1
49889,0,0,0,0,1
49890,0,0,0,0,1
49891,0,0,0,0,1
49892,0,0,0,0,1
49893,0,0,0,0,1
49894,0,0,0,0,1
49895,0,0,0,0,1
49896,0,0,0,0,1
49897,0,0,0,0,1
49898,0,0,0,0,1
49899,0,0,0,0,1
49900,0,0,0,0,1
49901,0,0,0,0,1
49902,0,0,0,0,1
49903,0,0,0,0,1
49904,0,0,0,0,1
49905,0,0,0,0,1
49906,0,0,0,0,1
49907,0,0,0,0,1
49908,0,0,0,0,1
49909,0,0,0,0,1
49910,0,0,0,0,1
49911,1,0,0,0,0
49912,1,0,0,0,0
49913,1,0,0,0,0
49914,1,0,0,0,0
49915,1,0,0,0,0
49916,1,0,0,0,0
49917,1,0,0,0,0
49918,1,0,0,0,0
49919,1,0,0,0,0
49920,1,0,0,0,0
49921,1,0,0,0,0
49922,1,0,0,0,0
49923,1,0,0,0,0
49924,1,0,0,0,0
49925,1,0,0,0,0
49926,1,0,0,0,0
49927,1,0,0,0,0
49928,1,0,0,0,0
49929,1,0,0,0,0
49930,1,0,0,0,0
49931,1,0,0,0,0
49932,1,0,0,0,0
49933,1,0,0,0,0
49934,1,0,0,0,0
49935,1,0,0,0,0
49936,1,0,0,0,0
49937,1,0,0,0,0
49938,1,0,0,0,0
49939,1,0,0,0,0
49940,1,0,0,0,0
49941,1,0,0,0,0
49942,1,0,0,0,0
49943,1,0,0,0,0
49944,1,0,0,0,0
49945,1,0,0,0,0
49946,1,0,0,0,0
49947,1,0,0,0,0
49948,1,0,0,0,0
49949,1,0,0,0,0
49950,1,0,0,0,0
49951,1,0,0,0,0
49952,1,0,0,0,0
49953,1,0,0,0,0
49954,1,0,0,0,0
49955,1,0,0,0,0
49956,1,0,0,0,0
49957,1,0,0,0,0
49958,1,0,0,0,0
49959,1,0,0,0,0
49960,1,0,0,0,0
49961,1,0,0,0,0
49962,1,0,0,0,0
49963,1,0,0,0,0
49964,1,0,0,0,0
49965,1,0,0,0,0
49966,0,0,0,0,1
49967,0,0,0,0,1
49968,0,0,0,0,1
49969,0,0,0,0,1
49970,0,0,0,0,1
49971,0,0,0,0,1
49972,0,0,0,0,1
49973,0,0,0,0,1
49974,0,0,0,0,1
49975,0,0,0,0,1
49976,0,0,0,0,1
49977,0,0,0,0,1
49978,0,0,0,0,1
49979,0,0,0,0,1
49980,0,0,0,0,1
49981,0,0,0,0,1
49982,0,0,0,0,1
49983,0,0,0,0,1
49984,0,0,0,0,1
49985,0,0,0,0,1
49986,0,0,0,0,1
49987,0,0,0,0,1
49988,0,0,0,0,1
49989,0,0,0,0,1
49990,0,0,0,0,1
49991,0,0,0,0,1
49992,0,0,0,0,1
49993,0,0,0,0,1
49994,0,0,0,0,1
49995,0,0,0,0,1
49996,0,0,0,0,1
49997,0,0,0,0,1
49998,0,0,0,0,1
49999,0,0,0,0,1
50000,0,0,0,0,1
50001,0,0,0,0,1
50002,0,0,0,0,1
50003,0,0,0,0,1
50004,0,0,0,0,1
50005,0,0,0,0,1
50006,0,0,0,0,1
50007,0,0,0,0,1
50008,0,0,0,0,1
50009,0,0,0,0,1
50010,0,0,0,0,1
50011,0,0,0,0,1
50012,0,0,0,0,1
50013,0,0,0,0,1
50014,0,0,0,0,1
50015,0,0,0,0,1
50016,0,0,0,0,1
50017,0,0,0,0,1
50018,0,0,0,0,1
50019,0,0,0,0,1
50020,0,0,0,0,1
50021,0,0,0,0,1
50022,0,0,0,0,1
50023,0,0,0,0,1
50024,0,0,0,0,1
50025,0,0,0,0,1
50026,0,0,0,0,1
50027,0,0,0,0,1
50028,0,0,0,0,1
50029,0,0,0,0,1
50030,0,0,0,0,1
50031,0,0,0,0,1
50032,0,0,0,0,1
50033,0,0,0,0,1
50034,0,0,0,0,1
50035,0,0,0,0,1
50036,0,0,0,0,1
50037,0,0,0,0,1
50038,0,0,0,0,1
50039,0,0,0,0,1
50040,0,0,0,0,1
50041,0,0,0,0,1
50042,0,0,0,0,1
50043,0,0,0,0,1
50044,0,0,0,0,1
50045,0,0,0,0,1
50046,0,0,0,0,1
50047,0,0,0,0,1
50048,0,0,0,0,1
50049,0,0,0,0,1
50050,0,0,0,0,1
50051,0,0,0,0,1
50052,0,0,0,0,1
50053,0,0,0,0,1
50054,0,0,0,0,1
50055,0,0,0,0,1
50056,0,0,0,0,1
50057,0,0,0,0,1
50058,0,0,0,0,1
50059,0,0,0,0,1
50060,0,0,0,0,1
50061,0,0,0,0,1
50062,0,0,0,0,1
50063,0,0,0,0,1
50064,0,0,0,0,1
50065,0,0,0,0,1
50066,0,0,0,0,1
50067,0,0,0,0,1
50068,0,0,0,0,1
50069,0,0,0,0,1
50070,0,0,0,0,1
50071,0,0,0,0,1
50072,0,0,0,0,1
50073,0,0,0,0,1
50074,0,0,0,0,1
50075,0,0,0,0,1
50076,0,0,0,0,1
50077,0,0,0,0,1
50078,0,0,0,0,1
50079,0,0,0,0,1
50080,0,0,0,0,1
50081,0,0,0,0,1
50082,0,0,0,0,1
50083,0,0,0,0,1
50084,0,0,0,0,1
50085,0,0,0,0,1
50086,0,0,0,0,1
50087,0,0,0,0,1
50088,0,0,0,0,1
50089,0,0,0,0,1
50090,0,0,0,0,1
50091,0,0,0,0,1
50092,0,0,0,0,1
50093,0,0,0,0,1
50094,0,0,0,0,1
50095,0,0,0,0,1
50096,0,0,0,0,1
50097,0,0,0,0,1
50098,0,0,0,0,1
50099,0,0,0,0,1
50100,0,0,0,0,1
50101,0,0,0,0,1
50102,0,0,0,0,1
50103,0,0,0,0,1
50104,0,0,0,0,1
50105,0,0,0,0,1
50106,0,0,0,0,1
50107,0,0,0,0,1
50108,0,0,0,0,1
50109,0,0,0,0,1
50110,0,0,0,0,1
50111,0,0,0,0,1
50112,0,0,0,0,1
50113,0,0,0,0,1
50114,0,0,0,0,1
50115,0,0,0,0,1
50116,0,0,0,0,1
50117,0,0,0,0,1
50118,0,0,0,0,1
50119,0,0,0,0,1
50120,0,0,0,0,1
50121,0,0,0,0,1
50122,0,0,0,0,1
50123,0,0,0,0,1
50124,0,0,0,0,1
50125,0,0,0,0,1
50126,0,0,0,0,1
50127,0,0,0,0,1
50128,0,0,0,0,1
50129,0,0,0,0,1
50130,0,0,0,0,1
50131,0,0,0,0,1
50132,0,0,0,0,1
50133,0,0,0,0,1
50134,0,0,0,0,1
50135,0,0,0,0,1
50136,0,0,0,0,1
50137,0,0,0,0,1
50138,0,0,0,0,1
50139,0,0,0,0,1
50140,0,0,0,0,1
50141,0,0,0,0,1
50142,0,0,0,0,1
50143,0,0,0,0,1
50144,0,0,0,0,1
50145,0,0,0,0,1
50146,0,0,0,0,1
50147,0,0,0,0,1
50148,0,0,0,0,1
50149,0,0,0,0,1
50150,0,0,0,0,1
50151,0,0,0,0,1
50152,0,0,0,0,1
50153,0,0,0,0,1
50154,0,0,0,0,1
50155,0,0,0,0,1
50156,0,0,0,0,1
50157,0,0,0,0,1
50158,0,0,0,0,1
50159,0,0,0,0,1
50160,0,0,0,0,1
50161,0,0,0,0,1
50162,0,0,0,0,1
50163,0,0,0,0,1
50164,0,0,0,0,1
50165,0,0,0,0,1
50166,0,0,0,0,1
50167,0,0,0,0,1
50168,0,0,0,0,1
50169,0,0,0,0,1
50170,0,0,0,0,1
50171,0,0,0,0,1
50172,0,0,0,0,1
50173,0,0,0,0,1
50174,0,0,0,0,1
50175,0,0,0,0,1
50176,0,0,0,0,1
50177,0,0,0,0,1
50178,0,0,0,0,1
50179,0,0,0,0,1
50180,0,0,0,0,1
50181,0,0,0,0,1
50182,0,0,0,0,1
50183,0,0,0,0,1
50184,0,0,0,0,1
50185,0,0,0,0,1
50186,0,0,0,0,1
50187,0,0,0,0,1
50188,0,0,0,0,1
50189,0,0,0,0,1
50190,0,0,0,0,1
50191,0,0,0,0,1
50192,0,0,0,0,1
50193,0,0,0,0,1
50194,0,0,0,0,1
50195,0,0,0,0,1
50196,0,0,0,0,1
50197,0,0,0,0,1
50198,0,0,0,0,1
50199,0,0,0,0,1
50200,0,0,0,0,1
50201,0,0,0,0,1
50202,0,0,0,0,1
50203,0,0,0,0,1
50204,0,0,0,0,1
50205,0,0,0,0,1
50206,0,0,0,0,1
50207,0,0,0,0,1
50208,0,0,0,0,1
50209,0,0,0,0,1
50210,0,0,0,0,1
50211,0,0,0,0,1
50212,0,0,0,0,1
50213,0,0,0,0,1
50214,0,0,0,0,1
50215,0,0,0,0,1
50216,0,0,0,0,1
50217,0,0,0,0,1
50218,0,0,0,0,1
50219,0,0,0,0,1
50220,0,0,0,0,1
50221,0,0,0,0,1
50222,0,0,0,0,1
50223,0,0,0,0,1
50224,0,0,0,0,1
50225,0,0,0,0,1
50226,0,0,0,0,1
50227,0,0,0,0,1
50228,0,0,0,0,1
50229,0,0,0,0,1
50230,0,0,0,0,1
50231,0,0,0,0,1
50232,0,0,0,0,1
50233,0,0,0,0,1
50234,0,0,0,0,1
50235,0,0,0,0,1
50236,0,0,0,0,1
50237,0,0,0,0,1
50238,0,0,0,0,1
50239,0,0,0,0,1
50240,0,0,0,0,1
50241,0,0,0,0,1
50242,0,0,0,0,1
50243,0,0,0,0,1
50244,0,0,0,0,1
50245,0,0,0,0,1
50246,0,0,0,0,1
50247,0,0,0,0,1
50248,0,0,0,0,1
50249,0,0,0,0,1
50250,0,0,0,0,1
50251,0,0,0,0,1
50252,0,0,0,0,1
50253,0,0,0,0,1
50254,0,0,0,0,1
50255,0,0,0,0,1
50256,0,0,0,0,1
50257,0,0,0,0,1
50258,0,0,0,0,1
50259,0,0,0,0,1
50260,0,0,0,0,1
50261,0,0,0,0,1
50262,0,0,0,0,1
50263,0,0,0,0,1
50264,0,0,0,0,1
50265,0,0,0,0,1
50266,0,0,0,0,1
50267,0,0,0,0,1
50268,0,0,0,0,1
50269,0,0,0,0,1
50270,0,0,0,0,1
50271,0,0,0,0,1
50272,0,0,0,0,1
50273,0,0,0,0,1
50274,0,0,0,0,1
50275,0,0,0,0,1
50276,0,0,0,0,1
50277,0,0,0,0,1
50278,0,0,0,0,1
50279,0,0,0,0,1
50280,0,0,0,0,1
50281,0,0,0,0,1
50282,0,0,0,0,1
50283,0,0,0,0,1
50284,0,0,0,0,1
50285,0,0,0,0,1
50286,0,0,0,0,1
50287,0,0,0,0,1
50288,0,0,0,0,1
50289,1,0,0,0,0
50290,1,0,0,0,0
50291,1,0,0,0,0
50292,1,0,0,0,0
50293,1,0,0,0,0
50294,1,0,0,0,0
50295,1,0,0,0,0
50296,1,0,0,0,0
50297,1,0,0,0,0
50298,1,0,0,0,0
50299,1,0,0,0,0
50300,1,0,0,0,0
50301,1,0,0,0,0
50302,1,0,0,0,0
50303,1,0,0,0,0
50304,1,0,0,0,0
50305,1,0,0,0,0
50306,1,0,0,0,0
50307,1,0,0,0,0
50308,1,0,0,0,0
50309,1,0,0,0,0
50310,1,0,0,0,0
50311,1,0,0,0,0
50312,1,0,0,0,0
50313,1,0,0,0,0
50314,1,0,0,0,0
50315,1,0,0,0,0
50316,1,0,0,0,0
50317,1,0,0,0,0
50318,1,0,0,0,0
50319,1,0,0,0,0
50320,1,0,0,0,0
50321,1,0,0,0,0
50322,1,0,0,0,0
50323,1,0,0,0,0
50324,1,0,0,0,0
50325,1,0,0,0,0
50326,1,0,0,0,0
50327,1,0,0,0,0
50328,1,0,0,0,0
50329,1,0,0,0,0
50330,1,0,0,0,0
50331,1,0,0,0,0
50332,1,0,0,0,0
50333,1,0,0,0,0
50334,1,0,0,0,0
50335,1,0,0,0,0
50336,1,0,0,0,0
50337,1,0,0,0,0
50338,1,0,0,0,0
50339,1,0,0,0,0
50340,1,0,0,0,0
50341,1,0,0,0,0
50342,1,0,0,0,0
50343,1,0,0,0,0
50344,1,0,0,0,0
50345,1,0,0,0,0
50346,1,0,0,0,0
50347,1,0,0,0,0
50348,1,0,0,0,0
50349,1,0,0,0,0
50350,1,0,0,0,0
50351,1,0,0,0,0
50352,1,0,0,0,0
50353,1,0,0,0,0
50354,1,0,0,0,0
50355,1,0,0,0,0
50356,1,0,0,0,0
50357,1,0,0,0,0
50358,1,0,0,0,0
50359,1,0,0,0,0
50360,1,0,0,0,0
50361,1,0,0,0,0
50362,1,0,0,0,0
50363,1,0,0,0,0
50364,1,0,0,0,0
50365,1,0,0,0,0
50366,1,0,0,0,0
50367,1,0,0,0,0
50368,1,0,0,0,0
50369,1,0,0,0,0
50370,1,0,0,0,0
50371,1,0,0,0,0
50372,1,0,0,0,0
50373,1,0,0,0,0
50374,1,0,0,0,0
50375,1,0,0,0,0
50376,1,0,0,0,0
50377,1,0,0,0,0
50378,1,0,0,0,0
50379,1,0,0,0,0
50380,1,0,0,0,0
50381,1,0,0,0,0
50382,1,0,0,0,0
50383,1,0,0,0,0
50384,1,0,0,0,0
50385,1,0,0,0,0
50386,1,0,0,0,0
50387,1,0,0,0,0
50388,1,0,0,0,0
50389,1,0,0,0,0
50390,1,0,0,0,0
50391,1,0,0,0,0
50392,1,0,0,0,0
50393,1,0,0,0,0
50394,1,0,0,0,0
50395,1,0,0,0,0
50396,1,0,0,0,0
50397,1,0,0,0,0
50398,1,0,0,0,0
50399,1,0,0,0,0
50400,1,0,0,0,0
50401,1,0,0,0,0
50402,1,0,0,0,0
50403,1,0,0,0,0
50404,1,0,0,0,0
50405,1,0,0,0,0
50406,1,0,0,0,0
50407,1,0,0,0,0
50408,1,0,0,0,0
50409,0,0,0,0,1
50410,0,0,0,0,1
50411,0,0,0,0,1
50412,0,0,0,0,1
50413,0,0,0,0,1
50414,0,0,0,0,1
50415,0,0,1,0,0
50416,0,0,1,0,0
50417,0,0,1,0,0
50418,0,0,1,0,0
50419,0,0,1,0,0
50420,0,0,1,0,0
50421,0,0,1,0,0
50422,0,0,1,0,0
50423,0,0,1,0,0
50424,0,0,1,0,0
50425,0,0,1,0,0
50426,0,0,1,0,0
50427,0,0,1,0,0
50428,0,0,1,0,0
50429,0,0,1,0,0
50430,0,0,1,0,0
50431,0,0,1,0,0
50432,0,0,1,0,0
50433,0,0,1,0,0
50434,0,0,1,0,0
50435,0,0,1,0,0
50436,0,0,1,0,0
50437,0,0,1,0,0
50438,0,0,1,0,0
50439,0,0,1,0,0
50440,0,0,1,0,0
50441,0,0,1,0,0
50442,0,0,1,0,0
50443,0,0,1,0,0
50444,0,0,1,0,0
50445,0,0,1,0,0
50446,0,0,1,0,0
50447,0,0,1,0,0
50448,0,0,1,0,0
50449,0,0,1,0,0
50450,0,0,1,0,0
50451,0,0,1,0,0
50452,0,0,1,0,0
50453,0,0,1,0,0
50454,0,0,1,0,0
50455,0,0,1,0,0
50456,0,0,1,0,0
50457,0,0,1,0,0
50458,0,0,1,0,0
50459,0,0,1,0,0
50460,0,0,1,0,0
50461,0,0,1,0,0
50462,0,0,1,0,0
50463,0,0,1,0,0
50464,0,0,1,0,0
50465,0,0,1,0,0
50466,0,0,1,0,0
50467,0,0,1,0,0
50468,0,0,1,0,0
50469,0,0,1,0,0
50470,0,0,1,0,0
50471,0,0,1,0,0
50472,0,0,1,0,0
50473,0,0,1,0,0
50474,0,0,1,0,0
50475,0,0,1,0,0
50476,0,0,1,0,0
50477,0,0,1,0,0
50478,0,0,1,0,0
50479,0,0,1,0,0
50480,0,0,1,0,0
50481,0,0,1,0,0
50482,0,0,1,0,0
50483,0,0,1,0,0
50484,0,0,1,0,0
50485,0,0,1,0,0
50486,0,0,1,0,0
50487,0,0,1,0,0
50488,0,0,1,0,0
50489,0,0,1,0,0
50490,0,0,0,0,1
50491,0,0,0,0,1
50492,0,0,1,0,0
50493,0,0,1,0,0
50494,0,0,1,0,0
50495,0,0,1,0,0
50496,0,0,1,0,0
50497,0,0,1,0,0
50498,0,0,1,0,0
50499,0,0,1,0,0
50500,0,0,1,0,0
50501,0,0,1,0,0
50502,0,0,1,0,0
50503,0,0,1,0,0
50504,0,0,1,0,0
50505,0,0,1,0,0
50506,0,0,1,0,0
50507,0,0,1,0,0
50508,0,0,1,0,0
50509,0,0,1,0,0
50510,0,0,1,0,0
50511,0,0,1,0,0
50512,0,0,1,0,0
50513,0,0,1,0,0
50514,0,0,1,0,0
50515,0,0,1,0,0
50516,0,0,1,0,0
50517,0,0,1,0,0
50518,0,0,1,0,0
50519,0,0,1,0,0
50520,0,0,1,0,0
50521,0,0,1,0,0
50522,0,0,1,0,0
50523,0,0,1,0,0
50524,0,0,1,0,0
50525,0,0,1,0,0
50526,0,0,1,0,0
50527,0,0,1,0,0
50528,0,0,1,0,0
50529,0,0,1,0,0
50530,0,0,1,0,0
50531,0,0,1,0,0
50532,0,0,1,0,0
50533,0,0,1,0,0
50534,0,0,1,0,0
50535,0,0,1,0,0
50536,0,0,1,0,0
50537,0,0,1,0,0
50538,0,0,1,0,0
50539,0,0,0,0,1
50540,0,0,0,0,1
50541,0,0,0,0,1
50542,0,0,0,0,1
50543,0,0,0,0,1
50544,0,0,0,0,1
50545,0,0,0,0,1
50546,0,0,0,0,1
50547,0,0,0,0,1
50548,0,0,0,0,1
50549,0,0,0,0,1
50550,0,0,0,0,1
50551,0,0,0,0,1
50552,0,0,0,0,1
50553,0,0,0,0,1
50554,0,0,0,0,1
50555,0,0,0,0,1
50556,0,0,0,0,1
50557,0,0,0,0,1
50558,0,0,0,0,1
50559,0,0,0,0,1
50560,0,0,0,0,1
50561,0,0,0,0,1
50562,0,0,0,0,1
50563,0,0,0,0,1
50564,0,0,0,0,1
50565,0,0,0,0,1
50566,0,0,0,0,1
50567,0,0,0,0,1
50568,0,0,0,0,1
50569,0,0,0,0,1
50570,0,0,0,0,1
50571,0,0,0,0,1
50572,0,0,0,0,1
50573,0,0,0,0,1
50574,0,0,0,0,1
50575,0,0,0,0,1
50576,0,0,0,0,1
50577,0,0,0,0,1
50578,0,0,0,0,1
50579,0,0,0,0,1
50580,0,0,0,0,1
50581,0,0,0,0,1
50582,0,0,0,0,1
50583,0,0,0,0,1
50584,0,0,0,0,1
50585,0,0,0,0,1
50586,0,0,0,0,1
50587,0,0,0,0,1
50588,0,0,0,0,1
50589,0,0,0,0,1
50590,0,0,0,0,1
50591,0,0,0,0,1
50592,0,0,0,0,1
50593,0,0,0,0,1
50594,0,0,0,0,1
50595,0,0,0,0,1
50596,0,0,0,0,1
50597,0,0,0,0,1
50598,0,0,0,0,1
50599,0,0,0,0,1
50600,0,0,0,0,1
50601,0,0,0,0,1
50602,0,0,0,0,1
50603,0,0,0,0,1
50604,0,0,0,0,1
50605,0,0,0,0,1
50606,0,0,0,0,1
50607,0,0,0,0,1
50608,0,0,0,0,1
50609,0,0,0,0,1
50610,0,0,0,0,1
50611,0,0,0,0,1
50612,0,0,0,0,1
50613,0,0,0,0,1
50614,0,0,0,0,1
50615,0,0,0,0,1
50616,0,0,0,0,1
50617,0,0,0,0,1
50618,0,0,0,0,1
50619,0,0,0,0,1
50620,0,0,0,0,1
50621,0,0,0,0,1
50622,0,0,0,0,1
50623,0,0,0,0,1
50624,0,0,0,0,1
50625,0,0,0,0,1
50626,0,0,0,0,1
50627,0,0,0,0,1
50628,0,0,0,0,1
50629,0,0,0,0,1
50630,0,0,0,0,1
50631,0,0,0,0,1
50632,0,0,0,0,1
50633,0,0,0,0,1
50634,0,0,0,0,1
50635,0,0,0,0,1
50636,0,0,0,0,1
50637,0,0,0,0,1
50638,0,0,0,0,1
50639,0,0,0,0,1
50640,0,0,0,0,1
50641,0,0,0,0,1
50642,0,0,0,0,1
50643,0,0,0,0,1
50644,0,0,0,0,1
50645,0,0,0,0,1
50646,0,0,0,0,1
50647,0,0,0,0,1
50648,0,0,0,0,1
50649,0,0,0,0,1
50650,0,0,0,0,1
50651,0,0,0,0,1
50652,0,0,0,0,1
50653,0,0,0,0,1
50654,0,0,0,0,1
50655,0,0,0,0,1
50656,0,0,0,0,1
50657,0,0,0,0,1
50658,0,0,0,0,1
50659,0,0,0,0,1
50660,0,0,0,0,1
50661,0,0,0,0,1
50662,0,0,0,0,1
50663,0,0,0,0,1
50664,0,0,0,0,1
50665,0,0,0,0,1
50666,0,0,0,0,1
50667,0,0,0,0,1
50668,0,0,0,0,1
50669,0,0,0,0,1
50670,0,0,0,0,1
50671,0,0,0,0,1
50672,0,0,0,0,1
50673,0,0,0,0,1
50674,0,0,0,0,1
50675,0,0,0,0,1
50676,0,0,0,0,1
50677,0,0,0,0,1
50678,0,0,0,0,1
50679,0,0,0,0,1
50680,0,0,0,0,1
50681,0,0,0,0,1
50682,0,0,0,0,1
50683,0,0,0,0,1
50684,0,0,0,0,1
50685,0,0,0,0,1
50686,0,0,0,0,1
50687,0,0,0,0,1
50688,0,0,0,0,1
50689,0,0,0,0,1
50690,0,0,0,0,1
50691,0,0,0,0,1
50692,0,0,0,0,1
50693,0,0,0,0,1
50694,0,0,0,0,1
50695,0,0,0,0,1
50696,0,0,0,0,1
50697,0,0,0,0,1
50698,0,0,0,0,1
50699,0,0,0,0,1
50700,0,0,0,0,1
50701,0,0,0,0,1
50702,0,0,0,0,1
50703,0,0,0,0,1
50704,0,0,0,0,1
50705,0,0,0,0,1
50706,0,0,0,0,1
50707,0,0,0,0,1
50708,0,0,0,0,1
50709,0,0,0,0,1
50710,0,0,0,0,1
50711,0,0,0,0,1
50712,0,0,0,0,1
50713,0,0,0,0,1
50714,0,0,0,0,1
50715,0,0,0,0,1
50716,0,0,0,0,1
50717,0,0,0,0,1
50718,0,0,0,0,1
50719,0,0,0,0,1
50720,0,0,0,0,1
50721,0,0,0,0,1
50722,0,0,0,0,1
50723,0,0,0,0,1
50724,0,0,0,0,1
50725,0,0,0,0,1
50726,0,0,0,0,1
50727,0,0,0,0,1
50728,0,0,0,0,1
50729,0,0,0,0,1
50730,0,0,0,0,1
50731,0,0,0,0,1
50732,0,0,0,0,1
50733,0,0,0,0,1
50734,0,0,0,0,1
50735,0,0,0,0,1
50736,0,0,0,0,1
50737,0,0,0,0,1
50738,0,0,0,0,1
50739,0,0,0,0,1
50740,0,0,0,0,1
50741,0,0,0,0,1
50742,0,0,0,0,1
50743,0,0,0,0,1
50744,0,0,0,0,1
50745,0,0,0,0,1
50746,0,0,0,0,1
50747,0,0,0,0,1
50748,0,0,0,0,1
50749,0,0,0,0,1
50750,0,0,0,0,1
50751,0,0,0,0,1
50752,0,0,0,0,1
50753,0,0,0,0,1
50754,0,0,0,0,1
50755,0,0,0,0,1
50756,0,0,0,0,1
50757,0,0,0,0,1
50758,0,0,0,0,1
50759,0,0,0,0,1
50760,0,0,0,0,1
50761,0,0,0,0,1
50762,0,0,0,0,1
50763,0,0,0,0,1
50764,0,0,0,0,1
50765,0,0,0,0,1
50766,0,0,0,0,1
50767,0,0,0,0,1
50768,0,0,0,0,1
50769,0,0,0,0,1
50770,0,0,0,0,1
50771,0,0,0,0,1
50772,0,0,0,0,1
50773,0,0,0,0,1
50774,0,0,0,0,1
50775,0,0,0,0,1
50776,0,0,0,0,1
50777,0,0,0,0,1
50778,0,0,0,0,1
50779,0,0,0,0,1
50780,0,0,0,0,1
50781,0,0,0,0,1
50782,0,0,0,0,1
50783,0,0,0,0,1
50784,0,0,0,0,1
50785,0,0,0,0,1
50786,0,0,0,0,1
50787,0,0,0,0,1
50788,0,0,0,0,1
50789,0,0,0,0,1
50790,0,0,0,0,1
50791,0,0,0,0,1
50792,0,0,0,0,1
50793,0,0,0,0,1
50794,0,0,0,0,1
50795,0,0,0,0,1
50796,0,0,0,0,1
50797,0,0,0,0,1
50798,0,0,0,0,1
50799,0,0,0,0,1
50800,0,0,0,0,1
50801,0,0,0,0,1
50802,0,0,0,0,1
50803,0,0,0,0,1
50804,0,0,0,0,1
50805,0,0,0,0,1
50806,0,0,0,0,1
50807,0,0,0,0,1
50808,0,0,0,0,1
50809,0,0,0,0,1
50810,0,0,0,0,1
50811,0,0,0,0,1
50812,0,0,0,0,1
50813,0,0,0,0,1
50814,0,0,0,0,1
50815,0,0,0,0,1
50816,0,0,0,0,1
50817,0,0,0,0,1
50818,0,0,0,0,1
50819,0,0,0,0,1
50820,0,0,0,0,1
50821,0,0,0,0,1
50822,0,0,0,0,1
50823,0,0,0,0,1
50824,0,0,0,0,1
50825,0,0,0,0,1
50826,0,0,0,0,1
50827,0,0,0,0,1
50828,0,0,0,0,1
50829,0,0,0,0,1
50830,0,0,0,0,1
50831,0,0,0,0,1
50832,0,0,0,0,1
50833,0,0,0,0,1
50834,0,0,0,0,1
50835,0,0,0,0,1
50836,0,0,0,0,1
50837,0,0,0,0,1
50838,0,0,0,0,1
50839,0,0,0,0,1
50840,0,0,0,0,1
50841,0,0,0,0,1
50842,0,0,0,0,1
50843,0,0,0,0,1
50844,0,0,0,0,1
50845,0,0,0,0,1
50846,0,0,0,0,1
50847,0,0,0,0,1
50848,0,0,0,0,1
50849,0,0,0,0,1
50850,0,0,0,0,1
50851,0,0,0,0,1
50852,0,0,0,0,1
50853,0,0,0,0,1
50854,0,0,0,0,1
50855,0,0,0,0,1
50856,0,0,0,0,1
50857,0,0,0,0,1
50858,0,0,0,0,1
50859,0,0,0,0,1
50860,0,0,0,0,1
50861,0,0,0,0,1
50862,0,0,0,0,1
50863,0,0,0,0,1
50864,0,0,0,0,1
50865,0,0,0,0,1
50866,0,0,0,0,1
50867,0,0,0,0,1
50868,0,0,0,0,1
50869,0,0,0,0,1
50870,0,0,0,0,1
50871,0,0,0,0,1
50872,0,0,0,0,1
50873,0,0,0,0,1
50874,0,0,0,0,1
50875,0,0,0,0,1
50876,0,0,0,0,1
50877,0,0,0,0,1
50878,0,0,0,0,1
50879,0,0,0,0,1
50880,0,0,0,0,1
50881,0,0,0,0,1
50882,0,0,0,0,1
50883,0,0,0,0,1
50884,0,0,0,0,1
50885,0,0,0,0,1
50886,0,0,0,0,1
50887,0,0,0,0,1
50888,0,0,0,0,1
50889,0,0,0,0,1
50890,0,0,0,0,1
50891,0,0,0,0,1
50892,0,0,0,0,1
50893,0,0,0,0,1
50894,0,0,0,0,1
50895,0,0,0,0,1
50896,0,0,0,0,1
50897,0,0,0,0,1
50898,0,0,0,0,1
50899,0,0,0,0,1
50900,0,0,0,0,1
50901,0,0,0,0,1
50902,0,0,0,0,1
50903,0,0,0,0,1
50904,0,0,0,0,1
50905,0,0,0,0,1
50906,0,0,0,0,1
50907,0,0,0,0,1
50908,0,0,0,0,1
50909,0,0,0,0,1
50910,0,0,0,0,1
50911,0,0,0,0,1
50912,0,0,0,0,1
50913,0,0,0,0,1
50914,0,0,0,0,1
50915,0,0,0,0,1
50916,0,0,0,0,1
50917,0,0,0,0,1
50918,0,0,0,0,1
50919,0,0,0,0,1
50920,0,0,0,0,1
50921,0,0,0,0,1
50922,0,0,0,0,1
50923,0,0,0,0,1
50924,0,0,0,0,1
50925,0,0,0,0,1
50926,0,0,0,0,1
50927,0,0,0,0,1
50928,0,0,0,0,1
50929,0,0,0,0,1
50930,0,0,0,0,1
50931,0,0,0,0,1
50932,0,0,0,0,1
50933,0,0,0,0,1
50934,0,0,0,0,1
50935,0,0,0,0,1
50936,0,0,0,0,1
50937,0,0,0,0,1
50938,0,0,0,0,1
50939,0,0,0,0,1
50940,0,0,0,0,1
50941,0,0,0,0,1
50942,0,0,0,0,1
50943,0,0,0,0,1
50944,0,0,0,0,1
50945,0,0,0,0,1
50946,0,0,0,0,1
50947,0,0,0,0,1
50948,0,0,0,0,1
50949,0,0,0,0,1
50950,0,0,0,0,1
50951,0,0,0,0,1
50952,0,0,0,0,1
50953,0,0,0,0,1
50954,0,0,0,0,1
50955,0,0,0,0,1
50956,0,0,0,0,1
50957,0,0,0,0,1
50958,0,0,0,0,1
50959,0,0,0,0,1
50960,0,0,0,0,1
50961,0,0,0,0,1
50962,0,0,0,0,1
50963,0,0,0,0,1
50964,0,0,0,0,1
50965,0,0,0,0,1
50966,0,0,0,0,1
50967,0,0,0,0,1
50968,0,0,0,0,1
50969,0,0,0,0,1
50970,0,0,0,0,1
50971,0,0,0,0,1
50972,0,0,0,0,1
50973,0,0,0,0,1
50974,0,0,0,0,1
50975,0,0,0,0,1
50976,0,0,0,0,1
50977,0,0,0,0,1
50978,0,0,0,0,1
50979,0,0,0,0,1
50980,0,0,0,0,1
50981,0,0,0,0,1
50982,0,0,0,0,1
50983,0,0,0,0,1
50984,0,0,0,0,1
50985,0,0,0,0,1
50986,0,0,0,0,1
50987,0,0,0,0,1
50988,0,0,0,0,1
50989,0,0,0,0,1
50990,0,0,0,0,1
50991,0,0,0,0,1
50992,0,0,0,0,1
50993,0,0,0,0,1
50994,0,0,0,0,1
50995,0,0,0,0,1
50996,0,0,0,0,1
50997,0,0,0,0,1
50998,0,0,0,0,1
50999,0,0,0,0,1
51000,0,0,0,0,1
51001,0,0,0,0,1
51002,0,0,0,0,1
51003,0,0,0,0,1
51004,0,0,0,0,1
51005,0,0,0,0,1
51006,0,0,0,0,1
51007,0,0,0,0,1
51008,0,0,0,0,1
51009,0,0,0,0,1
51010,0,0,0,0,1
51011,0,0,0,0,1
51012,0,0,0,0,1
51013,0,0,0,0,1
51014,0,0,0,0,1
51015,0,0,0,0,1
51016,0,0,0,0,1
51017,0,0,0,0,1
51018,0,0,0,0,1
51019,0,0,0,0,1
51020,0,0,0,0,1
51021,0,0,0,0,1
51022,0,0,0,0,1
51023,0,0,0,0,1
51024,0,0,0,0,1
51025,0,0,0,0,1
51026,0,0,0,0,1
51027,0,0,0,0,1
51028,0,0,0,0,1
51029,0,0,0,0,1
51030,0,0,0,0,1
51031,0,0,0,0,1
51032,0,0,0,0,1
51033,0,0,0,0,1
51034,0,0,0,0,1
51035,0,0,0,0,1
51036,0,0,0,0,1
51037,0,0,0,0,1
51038,0,0,0,0,1
51039,0,0,0,0,1
51040,0,0,0,0,1
51041,0,0,0,0,1
51042,0,0,0,0,1
51043,0,0,0,0,1
51044,0,0,0,0,1
51045,0,0,0,0,1
51046,0,0,0,0,1
51047,0,0,0,0,1
51048,0,0,0,0,1
51049,0,0,0,0,1
51050,0,0,0,0,1
51051,0,0,0,0,1
51052,0,0,0,0,1
51053,0,0,0,0,1
51054,0,0,0,0,1
51055,0,0,0,0,1
51056,0,0,0,0,1
51057,0,0,0,0,1
51058,0,0,0,0,1
51059,0,0,0,0,1
51060,0,0,0,0,1
51061,0,0,0,0,1
51062,0,0,0,0,1
51063,0,0,0,0,1
51064,0,0,0,0,1
51065,0,0,0,0,1
51066,0,0,0,0,1
51067,0,0,0,0,1
51068,0,0,0,0,1
51069,0,0,0,0,1
51070,0,0,0,0,1
51071,0,0,0,0,1
51072,0,0,0,0,1
51073,0,0,0,0,1
51074,0,0,0,0,1
51075,0,0,0,0,1
51076,0,0,0,0,1
51077,0,0,0,0,1
51078,0,0,0,0,1
51079,0,0,0,0,1
51080,0,0,0,0,1
51081,0,0,0,0,1
51082,0,0,0,0,1
51083,0,0,0,0,1
51084,0,0,0,0,1
51085,0,0,0,0,1
51086,0,0,0,0,1
51087,0,0,0,0,1
51088,0,0,0,0,1
51089,0,0,0,0,1
51090,0,0,0,0,1
51091,0,0,0,0,1
51092,0,0,0,0,1
51093,0,0,0,0,1
51094,0,0,0,0,1
51095,0,0,0,0,1
51096,0,0,0,0,1
51097,0,0,0,0,1
51098,0,0,0,0,1
51099,0,0,0,0,1
51100,0,0,0,0,1
51101,0,0,0,0,1
51102,0,0,0,0,1
51103,0,0,0,0,1
51104,0,0,0,0,1
51105,0,0,0,0,1
51106,0,0,0,0,1
51107,0,0,0,0,1
51108,0,0,0,0,1
51109,0,0,0,0,1
51110,0,0,0,0,1
51111,0,0,0,0,1
51112,0,0,0,0,1
51113,0,0,0,0,1
51114,0,0,0,0,1
51115,0,0,0,0,1
51116,0,0,0,0,1
51117,0,0,0,0,1
51118,0,0,0,0,1
51119,0,0,0,0,1
51120,0,0,0,0,1
51121,0,0,0,0,1
51122,0,0,0,0,1
51123,0,0,0,0,1
51124,0,0,0,0,1
51125,0,0,0,0,1
51126,0,0,0,0,1
51127,0,0,0,0,1
51128,0,0,0,0,1
51129,0,0,0,0,1
51130,0,0,0,0,1
51131,0,0,0,0,1
51132,0,0,0,0,1
51133,0,0,0,0,1
51134,0,0,0,0,1
51135,0,0,0,0,1
51136,0,0,0,0,1
51137,0,0,0,0,1
51138,0,0,0,0,1
51139,0,0,0,0,1
51140,0,0,0,0,1
51141,0,0,0,0,1
51142,0,0,0,0,1
51143,0,0,0,0,1
51144,0,0,0,0,1
51145,0,0,0,0,1
51146,0,0,0,0,1
51147,0,0,0,0,1
51148,0,0,0,0,1
51149,0,0,0,0,1
51150,0,0,0,0,1
51151,0,0,0,0,1
51152,0,0,0,0,1
51153,0,0,0,0,1
51154,0,0,0,0,1
51155,0,0,0,0,1
51156,0,0,0,0,1
51157,0,0,0,0,1
51158,0,0,0,0,1
51159,0,0,0,0,1
51160,0,0,0,0,1
51161,0,0,0,0,1
51162,0,0,0,0,1
51163,0,0,0,0,1
51164,0,0,0,0,1
51165,0,0,0,0,1
51166,0,0,0,0,1
51167,0,0,0,0,1
51168,0,0,0,0,1
51169,0,0,0,0,1
51170,0,0,0,0,1
51171,0,0,0,0,1
51172,0,0,0,0,1
51173,0,0,0,0,1
51174,0,0,0,0,1
51175,0,0,0,0,1
51176,0,0,0,0,1
51177,0,0,0,0,1
51178,0,0,0,0,1
51179,0,0,0,0,1
51180,0,0,0,0,1
51181,0,0,0,0,1
51182,0,0,0,0,1
51183,0,0,0,0,1
51184,0,0,0,0,1
51185,0,0,0,0,1
51186,0,0,0,0,1
51187,0,0,0,0,1
51188,0,0,0,0,1
51189,0,0,0,0,1
51190,0,0,0,0,1
51191,0,0,0,0,1
51192,0,0,0,0,1
51193,0,0,0,0,1
51194,0,0,0,0,1
51195,0,0,0,0,1
51196,0,0,0,0,1
51197,0,0,0,0,1
51198,0,0,0,0,1
51199,0,0,0,0,1
51200,0,0,0,0,1
51201,0,0,0,0,1
51202,0,0,0,0,1
51203,0,0,0,0,1
51204,0,0,0,0,1
51205,0,0,0,0,1
51206,0,0,0,0,1
51207,0,0,0,0,1
51208,0,0,0,0,1
51209,0,0,0,0,1
51210,0,0,0,0,1
51211,0,0,0,0,1
51212,0,0,0,0,1
51213,0,0,0,0,1
51214,0,0,0,0,1
51215,0,0,0,0,1
51216,0,0,0,0,1
51217,0,0,0,0,1
51218,0,0,0,0,1
51219,0,0,0,0,1
51220,0,0,0,0,1
51221,0,0,0,0,1
51222,0,0,0,0,1
51223,0,0,0,0,1
51224,0,0,0,0,1
51225,0,0,0,0,1
51226,0,0,0,0,1
51227,0,0,0,0,1
51228,0,0,0,0,1
51229,0,0,0,0,1
51230,0,0,0,0,1
51231,0,0,0,0,1
51232,0,0,0,0,1
51233,0,0,0,0,1
51234,0,0,0,0,1
51235,0,0,0,0,1
51236,0,0,0,0,1
51237,0,0,0,0,1
51238,0,0,0,0,1
51239,0,0,0,0,1
51240,0,0,0,0,1
51241,0,0,0,0,1
51242,0,0,0,0,1
51243,0,0,0,0,1
51244,0,0,0,0,1
51245,0,0,0,0,1
51246,0,0,0,0,1
51247,0,0,0,0,1
51248,0,0,0,0,1
51249,0,0,0,0,1
51250,0,0,0,0,1
51251,0,0,0,0,1
51252,0,0,0,0,1
51253,0,0,0,0,1
51254,0,0,0,0,1
51255,0,0,0,0,1
51256,0,0,0,0,1
51257,0,0,0,0,1
51258,0,0,0,0,1
51259,0,0,0,0,1
51260,0,0,0,0,1
51261,0,0,0,0,1
51262,0,0,0,0,1
51263,0,0,0,0,1
51264,0,0,0,0,1
51265,0,0,0,0,1
51266,0,0,0,0,1
51267,0,0,0,0,1
51268,0,0,0,0,1
51269,0,0,0,0,1
51270,0,0,0,0,1
51271,0,0,0,0,1
51272,0,0,0,0,1
51273,0,0,0,0,1
51274,0,0,0,0,1
51275,0,0,0,0,1
51276,0,0,0,0,1
51277,0,0,0,0,1
51278,0,0,0,0,1
51279,0,0,0,0,1
51280,0,0,0,0,1
51281,0,0,0,0,1
51282,0,0,0,0,1
51283,0,0,0,0,1
51284,0,0,0,0,1
51285,0,0,0,0,1
51286,0,0,0,0,1
51287,0,0,0,0,1
51288,0,0,0,0,1
51289,0,0,0,0,1
51290,0,0,0,0,1
51291,0,0,0,0,1
51292,0,0,0,0,1
51293,0,0,0,0,1
51294,0,0,0,0,1
51295,0,0,0,0,1
51296,0,0,0,0,1
51297,0,0,0,0,1
51298,0,0,0,0,1
51299,0,0,0,0,1
51300,0,0,0,0,1
51301,0,0,0,0,1
51302,0,0,0,0,1
51303,0,0,0,0,1
51304,0,0,0,0,1
51305,0,0,0,0,1
51306,0,0,0,0,1
51307,0,0,0,0,1
51308,0,0,0,0,1
51309,0,0,0,0,1
51310,0,0,0,0,1
51311,0,0,0,0,1
51312,0,0,0,0,1
51313,0,0,0,0,1
51314,0,0,0,0,1
51315,0,0,0,0,1
51316,0,0,0,0,1
51317,0,0,0,0,1
51318,0,0,0,0,1
51319,0,0,0,0,1
51320,0,0,0,0,1
51321,0,0,0,0,1
51322,0,0,0,0,1
51323,0,0,0,0,1
51324,0,0,0,0,1
51325,0,0,0,0,1
51326,0,0,0,0,1
51327,0,0,0,0,1
51328,0,0,0,0,1
51329,0,0,0,0,1
51330,0,1,0,0,0
51331,0,1,0,0,0
51332,0,1,0,0,0
51333,0,1,0,0,0
51334,0,1,0,0,0
51335,0,1,0,0,0
51336,0,1,0,0,0
51337,0,1,0,0,0
51338,0,1,0,0,0
51339,0,1,0,0,0
51340,0,1,0,0,0
51341,0,1,0,0,0
51342,0,1,0,0,0
51343,0,1,0,0,0
51344,0,1,0,0,0
51345,0,1,0,0,0
51346,0,1,0,0,0
51347,0,1,0,0,0
51348,0,1,0,0,0
51349,0,1,0,0,0
51350,0,1,0,0,0
51351,0,1,0,0,0
51352,0,1,0,0,0
51353,0,1,0,0,0
51354,0,1,0,0,0
51355,0,1,0,0,0
51356,0,1,0,0,0
51357,0,1,0,0,0
51358,0,1,0,0,0
51359,0,1,0,0,0
51360,0,1,0,0,0
51361,0,1,0,0,0
51362,0,1,0,0,0
51363,0,1,0,0,0
51364,0,1,0,0,0
51365,0,1,0,0,0
51366,0,1,0,0,0
51367,0,1,0,0,0
51368,0,1,0,0,0
51369,0,1,0,0,0
51370,0,1,0,0,0
51371,0,1,0,0,0
51372,0,1,0,0,0
51373,0,1,0,0,0
51374,0,1,0,0,0
51375,0,1,0,0,0
51376,0,1,0,0,0
51377,0,1,0,0,0
51378,0,1,0,0,0
51379,0,1,0,0,0
51380,0,1,0,0,0
51381,0,1,0,0,0
51382,0,1,0,0,0
51383,0,1,0,0,0
51384,0,1,0,0,0
51385,0,1,0,0,0
51386,0,1,0,0,0
51387,0,1,0,0,0
51388,0,1,0,0,0
51389,0,1,0,0,0
51390,0,1,0,0,0
51391,0,1,0,0,0
51392,0,1,0,0,0
51393,0,1,0,0,0
51394,0,0,0,0,1
51395,0,0,0,0,1
51396,0,0,0,0,1
51397,0,0,0,0,1
51398,0,0,0,0,1
51399,0,0,0,0,1
51400,0,0,0,0,1
51401,0,0,0,0,1
51402,0,0,0,0,1
51403,0,0,0,0,1
51404,0,0,0,0,1
51405,0,0,0,0,1
51406,0,0,0,0,1
51407,0,0,0,0,1
51408,0,0,0,0,1
51409,0,0,0,0,1
51410,0,0,0,0,1
51411,0,0,0,0,1
51412,0,0,0,0,1
51413,0,0,0,0,1
51414,0,0,0,0,1
51415,0,0,0,0,1
51416,0,0,0,0,1
51417,0,0,0,0,1
51418,0,0,0,0,1
51419,0,0,0,0,1
51420,0,0,0,0,1
51421,0,0,0,0,1
51422,0,0,0,0,1
51423,0,0,0,0,1
51424,0,0,0,0,1
51425,0,0,0,0,1
51426,0,0,0,0,1
51427,0,0,0,0,1
51428,0,0,0,0,1
51429,0,0,0,0,1
51430,0,0,0,0,1
51431,0,0,0,0,1
51432,0,0,0,0,1
51433,0,0,0,0,1
51434,0,0,0,0,1
51435,0,0,0,0,1
51436,0,0,0,0,1
51437,0,0,0,0,1
51438,0,0,0,0,1
51439,0,0,0,0,1
51440,0,0,0,0,1
51441,0,0,0,0,1
51442,0,0,0,0,1
51443,0,0,0,0,1
51444,0,0,0,0,1
51445,0,0,0,0,1
51446,0,0,0,0,1
51447,0,0,0,0,1
51448,0,0,0,0,1
51449,0,0,0,0,1
51450,0,0,0,0,1
51451,0,0,0,0,1
51452,0,0,0,0,1
51453,0,0,0,0,1
51454,0,0,0,0,1
51455,0,0,0,0,1
51456,0,0,0,0,1
51457,0,0,0,0,1
51458,0,0,0,0,1
51459,0,0,0,0,1
51460,0,0,0,0,1
51461,0,0,0,0,1
51462,0,0,0,0,1
51463,0,0,0,0,1
51464,0,0,0,0,1
51465,0,0,0,0,1
51466,0,0,0,0,1
51467,0,0,0,0,1
51468,0,0,0,0,1
51469,0,0,0,0,1
51470,0,0,0,0,1
51471,0,0,0,0,1
51472,0,0,0,0,1
51473,0,0,0,0,1
51474,0,0,0,0,1
51475,0,0,0,0,1
51476,0,0,0,0,1
51477,0,0,0,0,1
51478,0,0,0,0,1
51479,0,0,0,0,1
51480,0,0,0,0,1
51481,0,0,0,0,1
51482,0,0,0,0,1
51483,0,0,0,0,1
51484,0,0,0,0,1
51485,0,0,0,0,1
51486,0,0,0,0,1
51487,0,0,0,0,1
51488,0,0,0,0,1
51489,0,0,0,0,1
51490,0,0,0,0,1
51491,0,0,0,0,1
51492,0,0,0,0,1
51493,0,0,0,0,1
51494,0,0,0,0,1
51495,0,0,0,0,1
51496,0,0,0,0,1
51497,0,0,0,0,1
51498,0,0,0,0,1
51499,0,0,0,0,1
51500,0,0,0,0,1
51501,0,0,0,0,1
51502,0,0,0,0,1
51503,0,0,0,0,1
51504,0,0,0,0,1
51505,0,0,0,0,1
51506,0,0,0,0,1
51507,0,0,0,0,1
51508,0,0,0,0,1
51509,0,0,0,0,1
51510,0,0,0,0,1
51511,0,0,0,0,1
51512,0,0,0,0,1
51513,0,0,0,0,1
51514,0,0,0,0,1
51515,0,0,0,0,1
51516,0,0,0,0,1
51517,0,0,0,0,1
51518,0,0,0,0,1
51519,0,0,0,0,1
51520,0,0,0,0,1
51521,0,0,0,0,1
51522,0,0,0,0,1
51523,0,0,0,0,1
51524,0,0,0,0,1
51525,0,0,0,0,1
51526,0,0,0,0,1
51527,0,0,0,0,1
51528,0,0,0,0,1
51529,0,0,0,0,1
51530,0,0,0,0,1
51531,0,0,0,0,1
51532,0,0,0,0,1
51533,0,0,0,0,1
51534,0,0,0,0,1
51535,0,0,0,0,1
51536,0,0,0,0,1
51537,0,0,0,0,1
51538,0,0,0,0,1
51539,0,0,0,0,1
51540,0,0,0,0,1
51541,0,0,0,0,1
51542,0,0,0,0,1
51543,0,0,0,0,1
51544,0,0,0,0,1
51545,0,0,0,0,1
51546,0,0,0,0,1
51547,0,0,0,0,1
51548,1,0,0,0,0
51549,1,0,0,0,0
51550,1,0,0,0,0
51551,1,0,0,0,0
51552,1,0,0,0,0
51553,1,0,0,0,0
51554,1,0,0,0,0
51555,1,0,0,0,0
51556,0,0,0,0,1
51557,0,0,0,0,1
51558,0,0,0,0,1
51559,0,0,0,0,1
51560,0,0,0,0,1
51561,0,0,0,0,1
51562,0,0,0,0,1
51563,0,0,0,0,1
51564,0,0,0,0,1
51565,0,0,0,0,1
51566,0,0,0,0,1
51567,0,0,0,0,1
51568,0,0,0,0,1
51569,0,0,0,0,1
51570,0,0,0,0,1
51571,0,0,0,0,1
51572,0,0,0,0,1
51573,0,0,0,0,1
51574,0,0,0,0,1
51575,0,0,0,0,1
51576,0,0,0,0,1
51577,0,0,0,0,1
51578,0,0,0,0,1
51579,0,0,0,0,1
51580,0,0,0,0,1
51581,0,0,0,0,1
51582,0,0,0,0,1
51583,0,0,0,0,1
51584,0,0,0,0,1
51585,0,0,0,0,1
51586,0,0,0,0,1
51587,0,0,0,0,1
51588,0,0,0,0,1
51589,0,0,0,0,1
51590,0,0,0,0,1
51591,0,0,0,0,1
51592,0,0,0,0,1
51593,0,0,0,0,1
51594,0,0,0,0,1
51595,0,0,0,0,1
51596,0,0,0,0,1
51597,0,0,0,0,1
51598,0,0,0,0,1
51599,0,0,0,0,1
51600,0,0,0,0,1
51601,0,0,0,0,1
51602,0,0,0,0,1
51603,0,0,0,0,1
51604,0,0,0,0,1
51605,0,0,0,0,1
51606,0,0,0,0,1
51607,0,0,0,0,1
51608,0,0,0,0,1
51609,0,0,0,0,1
51610,0,0,0,0,1
51611,0,0,0,0,1
51612,0,0,0,0,1
51613,0,0,0,0,1
51614,0,1,0,0,0
51615,0,1,0,0,0
51616,0,1,0,0,0
51617,0,1,0,0,0
51618,0,1,0,0,0
51619,0,1,0,0,0
51620,0,1,0,0,0
51621,0,1,0,0,0
51622,0,1,0,0,0
51623,0,1,0,0,0
51624,0,1,0,0,0
51625,0,1,0,0,0
51626,0,1,0,0,0
51627,0,1,0,0,0
51628,0,1,0,0,0
51629,0,1,0,0,0
51630,0,1,0,0,0
51631,0,1,0,0,0
51632,0,1,0,0,0
51633,0,0,0,0,1
51634,0,0,0,0,1
51635,0,0,0,0,1
51636,0,0,0,0,1
51637,0,0,0,0,1
51638,0,0,0,0,1
51639,0,0,0,0,1
51640,0,0,0,0,1
51641,0,0,0,0,1
51642,0,0,0,0,1
51643,0,0,0,0,1
51644,0,0,0,0,1
51645,0,1,0,0,0
51646,0,1,0,0,0
51647,0,1,0,0,0
51648,0,1,0,0,0
51649,0,1,0,0,0
51650,0,1,0,0,0
51651,0,1,0,0,0
51652,0,1,0,0,0
51653,0,1,0,0,0
51654,0,1,0,0,0
51655,0,1,0,0,0
51656,0,1,0,0,0
51657,0,1,0,0,0
51658,0,1,0,0,0
51659,0,1,0,0,0
51660,0,1,0,0,0
51661,0,1,0,0,0
51662,0,1,0,0,0
51663,0,1,0,0,0
51664,0,1,0,0,0
51665,0,1,0,0,0
51666,0,1,0,0,0
51667,0,1,0,0,0
51668,0,1,0,0,0
51669,0,1,0,0,0
51670,0,1,0,0,0
51671,0,1,0,0,0
51672,0,1,0,0,0
51673,0,1,0,0,0
51674,0,1,0,0,0
51675,0,1,0,0,0
51676,0,1,0,0,0
51677,0,1,0,0,0
51678,0,1,0,0,0
51679,0,1,0,0,0
51680,0,1,0,0,0
51681,0,1,0,0,0
51682,0,1,0,0,0
51683,0,1,0,0,0
51684,0,0,0,0,1
51685,0,0,0,0,1
51686,0,0,0,0,1
51687,0,0,0,0,1
51688,0,0,0,0,1
51689,0,0,0,0,1
51690,0,0,0,0,1
51691,0,0,0,0,1
51692,0,0,0,0,1
51693,0,0,0,0,1
51694,0,0,0,0,1
51695,0,0,0,0,1
51696,0,0,0,0,1
51697,0,0,0,0,1
51698,0,0,0,0,1
51699,0,0,0,0,1
51700,0,0,0,0,1
51701,0,0,0,0,1
51702,0,0,0,0,1
51703,0,0,0,0,1
51704,0,0,0,0,1
51705,0,0,0,0,1
51706,0,0,0,0,1
51707,0,0,0,0,1
51708,0,0,0,0,1
51709,0,0,0,0,1
51710,0,0,0,0,1
51711,0,0,0,0,1
51712,0,0,0,0,1
51713,0,0,0,0,1
51714,0,0,0,0,1
51715,0,0,0,0,1
51716,0,0,0,0,1
51717,0,0,0,0,1
51718,0,0,0,0,1
51719,0,0,0,0,1
51720,0,0,0,0,1
51721,0,0,0,0,1
51722,0,0,0,0,1
51723,0,0,0,0,1
51724,0,0,0,0,1
51725,0,0,0,0,1
51726,0,0,0,0,1
51727,0,0,0,0,1
51728,0,0,0,0,1
51729,0,0,0,0,1
51730,0,0,0,0,1
51731,0,0,0,0,1
51732,0,0,0,0,1
51733,0,0,0,0,1
51734,0,0,0,0,1
51735,0,0,0,0,1
51736,0,0,0,0,1
51737,0,0,0,0,1
51738,0,0,0,0,1
51739,0,0,0,0,1
51740,0,0,0,0,1
51741,0,0,0,0,1
51742,0,0,0,0,1
51743,0,0,0,0,1
51744,0,0,0,0,1
51745,0,0,0,0,1
51746,0,0,0,0,1
51747,0,0,0,0,1
51748,0,0,0,0,1
51749,0,0,0,0,1
51750,0,0,0,0,1
51751,0,0,0,0,1
51752,0,0,0,0,1
51753,0,0,0,0,1
51754,0,0,0,0,1
51755,0,0,0,0,1
51756,0,0,0,0,1
51757,0,0,0,0,1
51758,0,0,0,0,1
51759,0,0,0,0,1
51760,0,0,0,0,1
51761,0,0,0,0,1
51762,0,0,0,0,1
51763,0,0,0,0,1
51764,0,0,0,0,1
51765,0,0,0,0,1
51766,0,0,0,0,1
51767,0,0,0,0,1
51768,0,0,0,0,1
51769,0,0,0,0,1
51770,0,0,0,0,1
51771,0,0,0,0,1
51772,0,0,0,0,1
51773,0,0,0,0,1
51774,0,0,0,0,1
51775,0,0,0,0,1
51776,0,0,0,0,1
51777,0,0,0,0,1
51778,0,0,0,0,1
51779,0,0,0,0,1
51780,0,0,0,0,1
51781,0,0,0,0,1
51782,0,0,0,0,1
51783,0,0,0,0,1
51784,0,0,0,0,1
51785,0,0,0,0,1
51786,0,0,0,0,1
51787,0,0,0,0,1
51788,0,0,0,0,1
51789,0,0,0,0,1
51790,0,0,0,0,1
51791,0,0,0,0,1
51792,0,0,0,0,1
51793,0,0,0,0,1
51794,0,0,0,0,1
51795,0,0,0,0,1
51796,0,0,0,0,1
51797,0,0,0,0,1
51798,0,0,0,0,1
51799,0,0,0,0,1
51800,0,0,0,0,1
51801,0,0,0,0,1
51802,0,0,0,0,1
51803,0,0,0,0,1
51804,0,0,0,0,1
51805,0,0,0,0,1
51806,0,0,0,0,1
51807,0,0,0,0,1
51808,0,0,0,0,1
51809,0,0,0,0,1
51810,0,0,0,0,1
51811,0,0,0,0,1
51812,0,0,0,0,1
51813,0,0,0,0,1
51814,0,0,0,0,1
51815,0,0,0,0,1
51816,0,0,0,0,1
51817,0,0,0,0,1
51818,0,0,0,0,1
51819,0,0,0,0,1
51820,0,0,0,0,1
51821,0,0,0,0,1
51822,0,0,0,0,1
51823,0,0,0,0,1
51824,0,0,0,0,1
51825,0,0,0,0,1
51826,0,0,0,0,1
51827,0,0,0,0,1
51828,0,0,0,0,1
51829,0,0,0,0,1
51830,0,0,0,0,1
51831,0,0,0,0,1
51832,0,0,0,0,1
51833,0,0,0,0,1
51834,0,0,0,0,1
51835,0,0,0,0,1
51836,0,0,0,0,1
51837,0,0,0,0,1
51838,0,0,0,0,1
51839,0,0,0,0,1
51840,0,0,0,0,1
51841,0,0,0,0,1
51842,0,0,0,0,1
51843,0,0,0,0,1
51844,0,0,0,0,1
51845,0,0,0,0,1
51846,0,0,0,0,1
51847,0,0,0,0,1
51848,0,0,0,0,1
51849,0,0,0,0,1
51850,0,0,0,0,1
51851,0,0,0,0,1
51852,0,0,0,0,1
51853,0,0,0,0,1
51854,0,0,0,0,1
51855,0,0,0,0,1
51856,0,0,0,0,1
51857,0,0,0,0,1
51858,0,0,0,0,1
51859,0,0,0,0,1
51860,0,0,0,0,1
51861,0,0,0,0,1
51862,0,0,0,0,1
51863,0,0,0,0,1
51864,0,0,0,0,1
51865,0,0,0,0,1
51866,0,0,0,0,1
51867,0,0,0,0,1
51868,0,0,0,0,1
51869,0,0,0,0,1
51870,0,0,0,0,1
51871,0,0,0,0,1
51872,0,0,0,0,1
51873,0,0,0,0,1
51874,0,0,0,0,1
51875,0,0,0,0,1
51876,0,0,0,0,1
51877,0,0,0,0,1
51878,0,0,0,0,1
51879,0,0,0,0,1
51880,0,0,0,0,1
51881,0,0,0,0,1
51882,0,0,0,0,1
51883,0,0,0,0,1
51884,0,0,0,0,1
51885,0,0,0,0,1
51886,0,0,0,0,1
51887,0,0,0,0,1
51888,0,0,0,0,1
51889,0,0,0,0,1
51890,0,0,0,0,1
51891,0,0,0,0,1
51892,0,0,0,0,1
51893,0,0,0,0,1
51894,0,0,0,0,1
51895,0,0,0,0,1
51896,0,0,0,0,1
51897,0,0,0,0,1
51898,0,0,0,0,1
51899,0,0,0,0,1
51900,0,0,0,0,1
51901,0,0,0,0,1
51902,0,0,0,0,1
51903,0,0,0,0,1
51904,0,0,0,0,1
51905,0,0,0,0,1
51906,0,0,0,0,1
51907,0,0,0,0,1
51908,0,0,0,0,1
51909,0,0,0,0,1
51910,0,0,0,0,1
51911,0,0,0,0,1
51912,0,0,0,0,1
51913,0,0,0,0,1
51914,0,0,0,0,1
51915,0,0,0,0,1
51916,0,0,0,0,1
51917,0,0,0,0,1
51918,0,0,0,0,1
51919,0,0,0,0,1
51920,0,0,0,0,1
51921,0,0,0,0,1
51922,0,0,0,0,1
51923,0,0,0,0,1
51924,0,0,0,0,1
51925,0,0,0,0,1
51926,0,0,0,0,1
51927,0,0,0,0,1
51928,0,0,0,0,1
51929,0,0,0,0,1
51930,0,0,0,0,1
51931,0,0,0,0,1
51932,0,0,0,0,1
51933,0,0,0,0,1
51934,0,0,0,0,1
51935,0,0,0,0,1
51936,0,0,0,0,1
51937,0,0,0,0,1
51938,0,0,0,0,1
51939,0,0,0,0,1
51940,0,0,0,0,1
51941,0,0,0,0,1
51942,0,0,0,0,1
51943,0,0,0,0,1
51944,0,0,0,0,1
51945,0,0,0,0,1
51946,0,0,0,0,1
51947,0,0,0,0,1
51948,0,0,0,0,1
51949,0,0,0,0,1
51950,0,0,0,0,1
51951,0,0,0,0,1
51952,0,0,0,0,1
51953,0,0,0,0,1
51954,0,0,0,0,1
51955,0,0,0,0,1
51956,0,0,0,0,1
51957,0,0,0,0,1
51958,0,0,0,0,1
51959,0,0,0,0,1
51960,1,0,0,0,0
51961,1,0,0,0,0
51962,1,0,0,0,0
51963,1,0,0,0,0
51964,1,0,0,0,0
51965,1,0,0,0,0
51966,1,0,0,0,0
51967,1,0,0,0,0
51968,1,0,0,0,0
51969,1,0,0,0,0
51970,1,0,0,0,0
51971,1,0,0,0,0
51972,1,0,0,0,0
51973,1,0,0,0,0
51974,1,0,0,0,0
51975,1,0,0,0,0
51976,1,0,0,0,0
51977,1,0,0,0,0
51978,1,0,0,0,0
51979,1,0,0,0,0
51980,1,0,0,0,0
51981,1,0,0,0,0
51982,1,0,0,0,0
51983,1,0,0,0,0
51984,1,0,0,0,0
51985,1,0,0,0,0
51986,1,0,0,0,0
51987,1,0,0,0,0
51988,1,0,0,0,0
51989,1,0,0,0,0
51990,1,0,0,0,0
51991,1,0,0,0,0
51992,1,0,0,0,0
51993,1,0,0,0,0
51994,1,0,0,0,0
51995,1,0,0,0,0
51996,1,0,0,0,0
51997,1,0,0,0,0
51998,1,0,0,0,0
51999,1,0,0,0,0
52000,1,0,0,0,0
52001,1,0,0,0,0
52002,1,0,0,0,0
52003,1,0,0,0,0
52004,1,0,0,0,0
52005,1,0,0,0,0
52006,1,0,0,0,0
52007,1,0,0,0,0
52008,1,0,0,0,0
52009,1,0,0,0,0
52010,1,0,0,0,0
52011,1,0,0,0,0
52012,1,0,0,0,0
52013,1,0,0,0,0
52014,1,0,0,0,0
52015,1,0,0,0,0
52016,1,0,0,0,0
52017,1,0,0,0,0
52018,1,0,0,0,0
52019,1,0,0,0,0
52020,1,0,0,0,0
52021,1,0,0,0,0
52022,1,0,0,0,0
52023,1,0,0,0,0
52024,1,0,0,0,0
52025,1,0,0,0,0
52026,1,0,0,0,0
52027,1,0,0,0,0
52028,1,0,0,0,0
52029,1,0,0,0,0
52030,1,0,0,0,0
52031,1,0,0,0,0
52032,1,0,0,0,0
52033,1,0,0,0,0
52034,1,0,0,0,0
52035,1,0,0,0,0
52036,1,0,0,0,0
52037,1,0,0,0,0
52038,1,0,0,0,0
52039,1,0,0,0,0
52040,1,0,0,0,0
52041,1,0,0,0,0
52042,1,0,0,0,0
52043,1,0,0,0,0
52044,1,0,0,0,0
52045,1,0,0,0,0
52046,1,0,0,0,0
52047,1,0,0,0,0
52048,1,0,0,0,0
52049,1,0,0,0,0
52050,1,0,0,0,0
52051,1,0,0,0,0
52052,1,0,0,0,0
52053,1,0,0,0,0
52054,1,0,0,0,0
52055,1,0,0,0,0
52056,1,0,0,0,0
52057,1,0,0,0,0
52058,1,0,0,0,0
52059,1,0,0,0,0
52060,1,0,0,0,0
52061,1,0,0,0,0
52062,1,0,0,0,0
52063,1,0,0,0,0
52064,1,0,0,0,0
52065,1,0,0,0,0
52066,1,0,0,0,0
52067,1,0,0,0,0
52068,1,0,0,0,0
52069,1,0,0,0,0
52070,1,0,0,0,0
52071,1,0,0,0,0
52072,1,0,0,0,0
52073,1,0,0,0,0
52074,1,0,0,0,0
52075,1,0,0,0,0
52076,1,0,0,0,0
52077,1,0,0,0,0
52078,1,0,0,0,0
52079,1,0,0,0,0
52080,1,0,0,0,0
52081,1,0,0,0,0
52082,1,0,0,0,0
52083,1,0,0,0,0
52084,1,0,0,0,0
52085,1,0,0,0,0
52086,1,0,0,0,0
52087,1,0,0,0,0
52088,1,0,0,0,0
52089,1,0,0,0,0
52090,1,0,0,0,0
52091,1,0,0,0,0
52092,1,0,0,0,0
52093,1,0,0,0,0
52094,1,0,0,0,0
52095,1,0,0,0,0
52096,1,0,0,0,0
52097,1,0,0,0,0
52098,1,0,0,0,0
52099,1,0,0,0,0
52100,1,0,0,0,0
52101,1,0,0,0,0
52102,1,0,0,0,0
52103,1,0,0,0,0
52104,1,0,0,0,0
52105,1,0,0,0,0
52106,1,0,0,0,0
52107,1,0,0,0,0
52108,1,0,0,0,0
52109,1,0,0,0,0
52110,1,0,0,0,0
52111,1,0,0,0,0
52112,1,0,0,0,0
52113,1,0,0,0,0
52114,1,0,0,0,0
52115,1,0,0,0,0
52116,1,0,0,0,0
52117,1,0,0,0,0
52118,1,0,0,0,0
52119,1,0,0,0,0
52120,1,0,0,0,0
52121,1,0,0,0,0
52122,1,0,0,0,0
52123,1,0,0,0,0
52124,1,0,0,0,0
52125,1,0,0,0,0
52126,1,0,0,0,0
52127,1,0,0,0,0
52128,1,0,0,0,0
52129,1,0,0,0,0
52130,1,0,0,0,0
52131,1,0,0,0,0
52132,1,0,0,0,0
52133,1,0,0,0,0
52134,1,0,0,0,0
52135,1,0,0,0,0
52136,1,0,0,0,0
52137,1,0,0,0,0
52138,1,0,0,0,0
52139,1,0,0,0,0
52140,1,0,0,0,0
52141,1,0,0,0,0
52142,1,0,0,0,0
52143,1,0,0,0,0
52144,1,0,0,0,0
52145,1,0,0,0,0
52146,1,0,0,0,0
52147,1,0,0,0,0
52148,1,0,0,0,0
52149,1,0,0,0,0
52150,1,0,0,0,0
52151,1,0,0,0,0
52152,1,0,0,0,0
52153,1,0,0,0,0
52154,1,0,0,0,0
52155,1,0,0,0,0
52156,1,0,0,0,0
52157,1,0,0,0,0
52158,1,0,0,0,0
52159,1,0,0,0,0
52160,1,0,0,0,0
52161,1,0,0,0,0
52162,1,0,0,0,0
52163,1,0,0,0,0
52164,1,0,0,0,0
52165,1,0,0,0,0
52166,1,0,0,0,0
52167,1,0,0,0,0
52168,1,0,0,0,0
52169,1,0,0,0,0
52170,1,0,0,0,0
52171,1,0,0,0,0
52172,1,0,0,0,0
52173,1,0,0,0,0
52174,1,0,0,0,0
52175,1,0,0,0,0
52176,1,0,0,0,0
52177,1,0,0,0,0
52178,1,0,0,0,0
52179,1,0,0,0,0
52180,1,0,0,0,0
52181,1,0,0,0,0
52182,1,0,0,0,0
52183,1,0,0,0,0
52184,0,0,0,0,1
52185,0,0,0,0,1
52186,0,0,0,0,1
52187,0,0,0,0,1
52188,0,0,0,0,1
52189,0,0,0,0,1
52190,0,0,0,0,1
52191,0,0,0,0,1
52192,0,0,0,0,1
52193,0,0,0,0,1
52194,0,0,0,0,1
52195,0,0,0,0,1
52196,0,0,0,0,1
52197,0,0,0,0,1
52198,0,0,0,0,1
52199,0,0,0,0,1
52200,0,0,0,0,1
52201,0,0,0,0,1
52202,0,0,0,0,1
52203,0,0,0,0,1
52204,0,0,0,0,1
52205,0,0,0,0,1
52206,0,0,0,0,1
52207,0,0,0,0,1
52208,0,0,0,0,1
52209,0,0,0,0,1
52210,0,0,0,0,1
52211,0,0,0,0,1
52212,0,0,0,0,1
52213,0,0,0,0,1
52214,0,0,0,0,1
52215,0,0,0,0,1
52216,0,0,0,0,1
52217,0,0,0,0,1
52218,0,0,0,0,1
52219,0,0,0,0,1
52220,0,0,0,0,1
52221,0,0,0,0,1
52222,0,0,0,0,1
52223,0,0,0,0,1
52224,0,0,0,0,1
52225,0,0,0,0,1
52226,0,0,0,0,1
52227,0,0,0,0,1
52228,0,0,0,0,1
52229,0,0,0,0,1
52230,0,0,0,0,1
52231,0,0,0,0,1
52232,1,0,0,0,0
52233,1,0,0,0,0
52234,1,0,0,0,0
52235,1,0,0,0,0
52236,1,0,0,0,0
52237,1,0,0,0,0
52238,1,0,0,0,0
52239,1,0,0,0,0
52240,1,0,0,0,0
52241,1,0,0,0,0
52242,1,0,0,0,0
52243,1,0,0,0,0
52244,1,0,0,0,0
52245,1,0,0,0,0
52246,1,0,0,0,0
52247,1,0,0,0,0
52248,1,0,0,0,0
52249,1,0,0,0,0
52250,1,0,0,0,0
52251,1,0,0,0,0
52252,1,0,0,0,0
52253,1,0,0,0,0
52254,1,0,0,0,0
52255,1,0,0,0,0
52256,1,0,0,0,0
52257,1,0,0,0,0
52258,1,0,0,0,0
52259,1,0,0,0,0
52260,1,0,0,0,0
52261,1,0,0,0,0
52262,1,0,0,0,0
52263,1,0,0,0,0
52264,1,0,0,0,0
52265,1,0,0,0,0
52266,1,0,0,0,0
52267,1,0,0,0,0
52268,1,0,0,0,0
52269,1,0,0,0,0
52270,1,0,0,0,0
52271,1,0,0,0,0
52272,1,0,0,0,0
52273,1,0,0,0,0
52274,1,0,0,0,0
52275,1,0,0,0,0
52276,1,0,0,0,0
52277,1,0,0,0,0
52278,1,0,0,0,0
52279,1,0,0,0,0
52280,1,0,0,0,0
52281,1,0,0,0,0
52282,1,0,0,0,0
52283,1,0,0,0,0
52284,1,0,0,0,0
52285,1,0,0,0,0
52286,1,0,0,0,0
52287,1,0,0,0,0
52288,1,0,0,0,0
52289,1,0,0,0,0
52290,1,0,0,0,0
52291,1,0,0,0,0
52292,1,0,0,0,0
52293,1,0,0,0,0
52294,1,0,0,0,0
52295,1,0,0,0,0
52296,1,0,0,0,0
52297,1,0,0,0,0
52298,1,0,0,0,0
52299,1,0,0,0,0
52300,1,0,0,0,0
52301,1,0,0,0,0
52302,1,0,0,0,0
52303,1,0,0,0,0
52304,0,0,0,0,1
52305,0,0,0,0,1
52306,0,0,0,0,1
52307,0,0,0,0,1
52308,0,0,0,0,1
52309,0,0,0,0,1
52310,0,0,0,0,1
52311,0,0,0,0,1
52312,0,0,0,0,1
52313,0,0,0,0,1
52314,1,0,0,0,0
52315,1,0,0,0,0
52316,1,0,0,0,0
52317,1,0,0,0,0
52318,1,0,0,0,0
52319,1,0,0,0,0
52320,1,0,0,0,0
52321,1,0,0,0,0
52322,1,0,0,0,0
52323,1,0,0,0,0
52324,1,0,0,0,0
52325,1,0,0,0,0
52326,1,0,0,0,0
52327,1,0,0,0,0
52328,1,0,0,0,0
52329,1,0,0,0,0
52330,1,0,0,0,0
52331,1,0,0,0,0
52332,1,0,0,0,0
52333,1,0,0,0,0
52334,1,0,0,0,0
52335,0,0,0,0,1
52336,0,0,0,0,1
52337,0,0,0,0,1
52338,0,0,0,0,1
52339,0,0,0,0,1
52340,0,0,0,0,1
52341,0,0,0,0,1
52342,0,0,0,0,1
52343,0,0,0,0,1
52344,0,0,0,0,1
52345,0,0,0,0,1
52346,0,0,0,0,1
52347,1,0,0,0,0
52348,1,0,0,0,0
52349,1,0,0,0,0
52350,1,0,0,0,0
52351,1,0,0,0,0
52352,1,0,0,0,0
52353,1,0,0,0,0
52354,1,0,0,0,0
52355,1,0,0,0,0
52356,1,0,0,0,0
52357,1,0,0,0,0
52358,1,0,0,0,0
52359,1,0,0,0,0
52360,1,0,0,0,0
52361,1,0,0,0,0
52362,1,0,0,0,0
52363,1,0,0,0,0
52364,1,0,0,0,0
52365,1,0,0,0,0
52366,1,0,0,0,0
52367,1,0,0,0,0
52368,1,0,0,0,0
52369,1,0,0,0,0
52370,1,0,0,0,0
52371,1,0,0,0,0
52372,1,0,0,0,0
52373,1,0,0,0,0
52374,1,0,0,0,0
52375,1,0,0,0,0
52376,1,0,0,0,0
52377,1,0,0,0,0
52378,1,0,0,0,0
52379,1,0,0,0,0
52380,1,0,0,0,0
52381,1,0,0,0,0
52382,1,0,0,0,0
52383,1,0,0,0,0
52384,1,0,0,0,0
52385,1,0,0,0,0
52386,1,0,0,0,0
52387,1,0,0,0,0
52388,1,0,0,0,0
52389,1,0,0,0,0
52390,1,0,0,0,0
52391,1,0,0,0,0
52392,1,0,0,0,0
52393,1,0,0,0,0
52394,1,0,0,0,0
52395,1,0,0,0,0
52396,1,0,0,0,0
52397,1,0,0,0,0
52398,1,0,0,0,0
52399,1,0,0,0,0
52400,1,0,0,0,0
52401,1,0,0,0,0
52402,1,0,0,0,0
52403,1,0,0,0,0
52404,1,0,0,0,0
52405,1,0,0,0,0
52406,1,0,0,0,0
52407,1,0,0,0,0
52408,1,0,0,0,0
52409,1,0,0,0,0
52410,1,0,0,0,0
52411,1,0,0,0,0
52412,1,0,0,0,0
52413,1,0,0,0,0
52414,1,0,0,0,0
52415,1,0,0,0,0
52416,1,0,0,0,0
52417,1,0,0,0,0
52418,1,0,0,0,0
52419,1,0,0,0,0
52420,1,0,0,0,0
52421,1,0,0,0,0
52422,1,0,0,0,0
52423,1,0,0,0,0
52424,1,0,0,0,0
52425,1,0,0,0,0
52426,1,0,0,0,0
52427,1,0,0,0,0
52428,1,0,0,0,0
52429,1,0,0,0,0
52430,1,0,0,0,0
52431,1,0,0,0,0
52432,1,0,0,0,0
52433,1,0,0,0,0
52434,1,0,0,0,0
52435,1,0,0,0,0
52436,1,0,0,0,0
52437,1,0,0,0,0
52438,1,0,0,0,0
52439,1,0,0,0,0
52440,1,0,0,0,0
52441,1,0,0,0,0
52442,1,0,0,0,0
52443,1,0,0,0,0
52444,1,0,0,0,0
52445,1,0,0,0,0
52446,1,0,0,0,0
52447,1,0,0,0,0
52448,1,0,0,0,0
52449,1,0,0,0,0
52450,1,0,0,0,0
52451,1,0,0,0,0
52452,1,0,0,0,0
52453,1,0,0,0,0
52454,1,0,0,0,0
52455,1,0,0,0,0
52456,1,0,0,0,0
52457,1,0,0,0,0
52458,1,0,0,0,0
52459,1,0,0,0,0
52460,0,0,0,0,1
52461,0,0,0,0,1
52462,0,0,0,0,1
52463,0,0,0,0,1
52464,0,0,0,0,1
52465,0,0,0,0,1
52466,0,0,0,0,1
52467,0,0,0,0,1
52468,0,0,0,0,1
52469,0,0,0,0,1
52470,0,0,0,0,1
52471,0,0,0,0,1
52472,1,0,0,0,0
52473,1,0,0,0,0
52474,1,0,0,0,0
52475,1,0,0,0,0
52476,1,0,0,0,0
52477,1,0,0,0,0
52478,1,0,0,0,0
52479,1,0,0,0,0
52480,1,0,0,0,0
52481,1,0,0,0,0
52482,1,0,0,0,0
52483,1,0,0,0,0
52484,1,0,0,0,0
52485,1,0,0,0,0
52486,1,0,0,0,0
52487,1,0,0,0,0
52488,1,0,0,0,0
52489,1,0,0,0,0
52490,1,0,0,0,0
52491,1,0,0,0,0
52492,1,0,0,0,0
52493,1,0,0,0,0
52494,1,0,0,0,0
52495,1,0,0,0,0
52496,1,0,0,0,0
52497,1,0,0,0,0
52498,1,0,0,0,0
52499,1,0,0,0,0
52500,1,0,0,0,0
52501,1,0,0,0,0
52502,1,0,0,0,0
52503,1,0,0,0,0
52504,1,0,0,0,0
52505,1,0,0,0,0
52506,1,0,0,0,0
52507,1,0,0,0,0
52508,1,0,0,0,0
52509,1,0,0,0,0
52510,1,0,0,0,0
52511,1,0,0,0,0
52512,1,0,0,0,0
52513,1,0,0,0,0
52514,0,0,0,0,1
52515,0,0,0,0,1
52516,0,0,0,0,1
52517,0,0,0,0,1
52518,0,0,0,0,1
52519,0,0,0,0,1
52520,0,0,0,0,1
52521,0,0,0,0,1
52522,0,0,1,0,0
52523,0,0,1,0,0
52524,0,0,1,0,0
52525,0,0,1,0,0
52526,0,0,1,0,0
52527,0,0,1,0,0
52528,0,0,1,0,0
52529,0,0,1,0,0
52530,0,0,1,0,0
52531,0,0,1,0,0
52532,0,0,1,0,0
52533,0,0,1,0,0
52534,0,0,1,0,0
52535,0,0,1,0,0
52536,0,0,1,0,0
52537,0,0,1,0,0
52538,0,0,1,0,0
52539,0,0,1,0,0
52540,0,0,1,0,0
52541,0,0,1,0,0
52542,0,0,1,0,0
52543,0,0,1,0,0
52544,0,0,1,0,0
52545,0,0,1,0,0
52546,0,0,1,0,0
52547,0,0,1,0,0
52548,0,0,1,0,0
52549,0,0,1,0,0
52550,0,0,1,0,0
52551,0,0,1,0,0
52552,0,0,1,0,0
52553,0,0,0,0,1
52554,0,0,0,0,1
52555,0,0,0,0,1
52556,0,0,0,0,1
52557,0,0,0,0,1
52558,0,0,0,0,1
52559,0,0,0,0,1
52560,0,0,0,0,1
52561,0,0,0,0,1
52562,0,0,0,0,1
52563,0,0,0,0,1
52564,0,0,0,0,1
52565,0,0,0,0,1
52566,0,0,0,0,1
52567,0,0,0,0,1
52568,0,0,0,0,1
52569,0,0,0,0,1
52570,0,0,0,0,1
52571,0,0,0,0,1
52572,0,0,0,0,1
52573,0,0,0,0,1
52574,0,0,0,0,1
52575,0,0,0,0,1
52576,0,0,0,0,1
52577,0,0,0,0,1
52578,0,0,0,0,1
52579,0,0,0,0,1
52580,0,0,0,0,1
52581,0,0,0,0,1
52582,0,0,0,0,1
52583,0,0,0,0,1
52584,0,0,0,0,1
52585,0,0,0,0,1
52586,0,0,0,0,1
52587,0,0,0,0,1
52588,0,0,0,0,1
52589,0,0,0,0,1
52590,0,0,0,0,1
52591,0,0,0,0,1
52592,0,0,0,0,1
52593,0,0,0,0,1
52594,0,0,0,0,1
52595,0,0,0,0,1
52596,0,0,0,0,1
52597,0,0,0,0,1
52598,0,0,0,0,1
52599,0,0,0,0,1
52600,0,0,0,0,1
52601,0,0,0,0,1
52602,0,0,0,0,1
52603,0,0,0,0,1
52604,0,0,0,0,1
52605,0,0,0,0,1
52606,0,0,0,0,1
52607,0,0,0,0,1
52608,0,0,0,0,1
52609,0,0,0,0,1
52610,0,0,0,0,1
52611,0,0,0,0,1
52612,0,0,0,0,1
52613,0,0,0,0,1
52614,0,0,0,0,1
52615,0,0,0,0,1
52616,0,0,0,0,1
52617,0,0,0,0,1
52618,0,0,0,0,1
52619,0,0,0,0,1
52620,0,0,0,0,1
52621,0,0,0,0,1
52622,0,0,0,0,1
52623,0,0,0,0,1
52624,0,0,0,0,1
52625,0,0,0,0,1
52626,0,0,0,0,1
52627,0,0,0,0,1
52628,0,0,0,0,1
52629,0,0,0,0,1
52630,0,0,0,0,1
52631,0,0,0,0,1
52632,0,0,0,0,1
52633,0,0,0,0,1
52634,0,0,0,0,1
52635,0,0,0,0,1
52636,0,0,0,0,1
52637,0,0,0,0,1
52638,0,0,0,0,1
52639,0,0,0,0,1
52640,0,0,0,0,1
52641,0,0,0,0,1
52642,0,0,0,0,1
52643,0,0,0,0,1
52644,0,0,0,0,1
52645,0,0,0,0,1
52646,0,0,0,0,1
52647,0,0,0,0,1
52648,0,0,0,0,1
52649,0,0,0,0,1
52650,0,0,0,0,1
52651,0,0,0,0,1
52652,0,0,0,0,1
52653,0,0,0,0,1
52654,0,0,0,0,1
52655,0,0,0,0,1
52656,0,1,0,0,0
52657,0,1,0,0,0
52658,0,1,0,0,0
52659,0,1,0,0,0
52660,0,1,0,0,0
52661,0,1,0,0,0
52662,0,1,0,0,0
52663,0,1,0,0,0
52664,0,1,0,0,0
52665,0,1,0,0,0
52666,0,1,0,0,0
52667,0,1,0,0,0
52668,0,1,0,0,0
52669,0,1,0,0,0
52670,0,1,0,0,0
52671,0,1,0,0,0
52672,0,1,0,0,0
52673,0,1,0,0,0
52674,0,0,1,0,0
52675,0,0,0,0,1
52676,0,0,0,0,1
52677,0,0,0,0,1
52678,0,0,0,0,1
52679,0,0,0,0,1
52680,0,0,0,0,1
52681,0,0,0,0,1
52682,0,0,0,0,1
52683,0,0,0,0,1
52684,0,0,0,0,1
52685,0,0,0,0,1
52686,0,0,0,0,1
52687,0,0,0,0,1
52688,0,0,0,0,1
52689,0,0,0,0,1
52690,0,0,0,0,1
52691,0,0,0,0,1
52692,0,0,0,0,1
52693,0,0,0,0,1
52694,0,0,0,0,1
52695,0,0,0,0,1
52696,0,0,0,0,1
52697,0,0,0,0,1
52698,0,0,0,0,1
52699,0,0,0,0,1
52700,0,0,0,0,1
52701,0,0,0,0,1
52702,0,0,0,0,1
52703,0,0,0,0,1
52704,0,0,0,0,1
52705,0,0,0,0,1
52706,0,0,0,0,1
52707,0,0,0,0,1
52708,0,0,0,0,1
52709,0,0,0,0,1
52710,0,0,0,0,1
52711,0,0,0,0,1
52712,0,0,0,0,1
52713,0,0,0,0,1
52714,0,0,0,0,1
52715,0,0,0,0,1
52716,0,0,0,0,1
52717,0,0,0,0,1
52718,0,0,0,0,1
52719,0,0,0,0,1
52720,0,0,0,0,1
52721,0,0,0,0,1
52722,0,0,0,0,1
52723,0,0,0,0,1
52724,0,0,0,0,1
52725,0,0,0,0,1
52726,0,0,0,0,1
52727,0,0,0,0,1
52728,0,0,0,0,1
52729,0,0,0,0,1
52730,0,0,0,0,1
52731,0,0,0,0,1
52732,0,0,0,0,1
52733,0,0,0,0,1
52734,0,0,0,0,1
52735,0,0,0,0,1
52736,0,0,0,0,1
52737,0,0,0,0,1
52738,0,0,0,0,1
52739,0,0,0,0,1
52740,0,0,0,0,1
52741,0,0,0,0,1
52742,0,0,0,0,1
52743,0,0,0,0,1
52744,0,0,0,0,1
52745,0,0,0,0,1
52746,0,0,0,0,1
52747,0,0,0,0,1
52748,0,0,0,0,1
52749,0,0,0,0,1
52750,0,0,0,0,1
52751,0,0,0,0,1
52752,0,0,0,0,1
52753,0,0,0,0,1
52754,0,0,0,0,1
52755,0,0,0,0,1
52756,0,0,0,0,1
52757,0,0,0,0,1
52758,0,0,0,0,1
52759,0,0,0,0,1
52760,0,0,0,0,1
52761,0,0,0,0,1
52762,0,0,0,0,1
52763,0,0,0,0,1
52764,0,0,0,0,1
52765,0,0,0,0,1
52766,0,0,0,0,1
52767,0,0,0,0,1
52768,0,0,0,0,1
52769,0,0,0,0,1
52770,0,0,0,0,1
52771,0,0,0,0,1
52772,0,0,0,0,1
52773,0,0,0,0,1
52774,0,0,0,0,1
52775,0,0,0,0,1
52776,0,0,0,0,1
52777,0,0,0,0,1
52778,0,0,0,0,1
52779,0,0,0,0,1
52780,0,0,0,0,1
52781,0,0,0,0,1
52782,0,0,0,0,1
52783,0,0,0,0,1
52784,0,0,0,0,1
52785,0,0,0,0,1
52786,0,0,0,0,1
52787,0,0,0,0,1
52788,0,0,0,0,1
52789,0,0,0,0,1
52790,0,0,0,0,1
52791,0,0,0,0,1
52792,0,0,0,0,1
52793,0,0,0,0,1
52794,0,0,0,0,1
52795,0,0,0,0,1
52796,0,0,0,0,1
52797,0,0,0,0,1
52798,0,0,0,0,1
52799,0,0,0,0,1
52800,0,0,0,0,1
52801,0,0,0,0,1
52802,0,0,0,0,1
52803,0,0,0,0,1
52804,0,0,0,0,1
52805,0,0,0,0,1
52806,0,0,0,0,1
52807,0,0,0,0,1
52808,0,0,0,0,1
52809,0,0,0,0,1
52810,0,0,0,0,1
52811,0,0,0,0,1
52812,0,0,0,0,1
52813,0,0,0,0,1
52814,0,0,0,0,1
52815,0,0,0,0,1
52816,0,0,0,0,1
52817,0,0,0,0,1
52818,0,0,0,0,1
52819,0,0,0,0,1
52820,0,0,0,0,1
52821,0,0,0,0,1
52822,0,0,0,0,1
52823,0,0,0,0,1
52824,0,0,0,0,1
52825,0,0,0,0,1
52826,0,0,0,0,1
52827,0,0,0,0,1
52828,0,0,0,0,1
52829,0,0,0,0,1
52830,0,0,0,0,1
52831,0,0,0,0,1
52832,0,0,0,0,1
52833,0,0,0,0,1
52834,0,0,0,0,1
52835,0,0,0,0,1
52836,0,0,0,0,1
52837,0,0,0,0,1
52838,0,0,0,0,1
52839,0,0,0,0,1
52840,0,0,0,0,1
52841,0,0,0,0,1
52842,0,0,0,0,1
52843,0,0,0,0,1
52844,0,0,0,0,1
52845,0,0,0,0,1
52846,0,0,0,0,1
52847,0,0,0,0,1
52848,0,0,0,0,1
52849,0,0,0,0,1
52850,0,0,0,0,1
52851,0,0,0,0,1
52852,0,0,0,0,1
52853,0,0,0,0,1
52854,0,0,0,0,1
52855,0,0,0,0,1
52856,0,0,0,0,1
52857,0,0,0,0,1
52858,0,0,0,0,1
52859,0,0,0,0,1
52860,0,0,0,0,1
52861,0,0,0,0,1
52862,0,0,0,0,1
52863,0,0,0,0,1
52864,0,0,0,0,1
52865,0,0,0,0,1
52866,0,0,0,0,1
52867,0,0,0,0,1
52868,0,0,0,0,1
52869,0,0,0,0,1
52870,0,0,0,0,1
52871,0,0,0,0,1
52872,0,0,0,0,1
52873,0,0,0,0,1
52874,0,0,0,0,1
52875,0,0,0,0,1
52876,0,0,0,0,1
52877,0,0,0,0,1
52878,0,0,0,0,1
52879,0,0,0,0,1
52880,0,0,0,0,1
52881,0,0,0,0,1
52882,0,0,0,0,1
52883,0,0,0,0,1
52884,0,0,0,0,1
52885,0,0,0,0,1
52886,0,0,0,0,1
52887,0,0,0,0,1
52888,0,0,0,0,1
52889,0,0,0,0,1
52890,0,0,0,0,1
52891,0,0,0,0,1
52892,0,0,0,0,1
52893,0,0,0,0,1
52894,0,0,0,0,1
52895,0,0,0,0,1
52896,0,0,0,0,1
52897,0,0,0,0,1
52898,0,0,0,0,1
52899,0,0,0,0,1
52900,0,0,0,0,1
52901,0,0,0,0,1
52902,0,0,0,0,1
52903,0,0,0,0,1
52904,0,0,0,0,1
52905,0,0,0,0,1
52906,0,0,0,0,1
52907,0,0,0,0,1
52908,0,0,0,0,1
52909,0,0,0,0,1
52910,0,0,0,0,1
52911,0,0,0,0,1
52912,0,0,0,0,1
52913,0,0,0,0,1
52914,0,0,0,0,1
52915,0,0,0,0,1
52916,0,0,0,0,1
52917,0,0,0,0,1
52918,0,0,0,0,1
52919,0,0,0,0,1
52920,0,0,0,0,1
52921,0,0,0,0,1
52922,0,0,0,0,1
52923,0,0,0,0,1
52924,0,0,0,0,1
52925,0,0,0,0,1
52926,0,0,0,0,1
52927,0,0,0,0,1
52928,0,0,0,0,1
52929,0,0,0,0,1
52930,0,0,0,0,1
52931,0,0,0,0,1
52932,0,0,0,0,1
52933,0,0,0,0,1
52934,0,0,0,0,1
52935,0,0,0,0,1
52936,0,0,0,0,1
52937,0,0,0,0,1
52938,0,0,0,0,1
52939,0,0,0,0,1
52940,1,0,0,0,0
52941,1,0,0,0,0
52942,1,0,0,0,0
52943,1,0,0,0,0
52944,1,0,0,0,0
52945,1,0,0,0,0
52946,1,0,0,0,0
52947,1,0,0,0,0
52948,1,0,0,0,0
52949,1,0,0,0,0
52950,1,0,0,0,0
52951,1,0,0,0,0
52952,1,0,0,0,0
52953,1,0,0,0,0
52954,1,0,0,0,0
52955,0,0,0,0,1
52956,0,0,0,0,1
52957,0,0,0,0,1
52958,0,0,0,0,1
52959,0,0,0,0,1
52960,0,0,0,0,1
52961,0,0,0,0,1
52962,0,0,0,0,1
52963,0,0,0,0,1
52964,0,0,0,0,1
52965,0,0,0,0,1
52966,0,0,0,0,1
52967,0,0,0,0,1
52968,1,0,0,0,0
52969,1,0,0,0,0
52970,1,0,0,0,0
52971,1,0,0,0,0
52972,1,0,0,0,0
52973,1,0,0,0,0
52974,1,0,0,0,0
52975,1,0,0,0,0
52976,1,0,0,0,0
52977,1,0,0,0,0
52978,1,0,0,0,0
52979,1,0,0,0,0
52980,1,0,0,0,0
52981,1,0,0,0,0
52982,1,0,0,0,0
52983,1,0,0,0,0
52984,1,0,0,0,0
52985,1,0,0,0,0
52986,1,0,0,0,0
52987,1,0,0,0,0
52988,1,0,0,0,0
52989,1,0,0,0,0
52990,1,0,0,0,0
52991,1,0,0,0,0
52992,1,0,0,0,0
52993,1,0,0,0,0
52994,1,0,0,0,0
52995,1,0,0,0,0
52996,1,0,0,0,0
52997,1,0,0,0,0
52998,1,0,0,0,0
52999,1,0,0,0,0
53000,1,0,0,0,0
53001,1,0,0,0,0
53002,1,0,0,0,0
53003,1,0,0,0,0
53004,1,0,0,0,0
53005,1,0,0,0,0
53006,1,0,0,0,0
53007,1,0,0,0,0
53008,1,0,0,0,0
53009,1,0,0,0,0
53010,1,0,0,0,0
53011,1,0,0,0,0
53012,1,0,0,0,0
53013,1,0,0,0,0
53014,1,0,0,0,0
53015,1,0,0,0,0
53016,1,0,0,0,0
53017,1,0,0,0,0
53018,1,0,0,0,0
53019,1,0,0,0,0
53020,0,0,0,0,1
53021,0,0,0,0,1
53022,0,0,0,0,1
53023,0,0,0,0,1
53024,0,0,0,0,1
53025,0,0,0,0,1
53026,0,0,0,0,1
53027,0,0,0,0,1
53028,0,0,0,0,1
53029,0,0,0,0,1
53030,0,0,0,0,1
53031,0,0,0,0,1
53032,0,0,0,0,1
53033,0,0,0,0,1
53034,0,0,0,0,1
53035,0,0,0,0,1
53036,0,0,0,0,1
53037,0,0,0,0,1
53038,0,0,0,0,1
53039,0,0,0,0,1
53040,0,0,0,0,1
53041,0,0,0,0,1
53042,0,0,0,0,1
53043,0,0,0,0,1
53044,0,0,0,0,1
53045,0,0,0,0,1
53046,0,0,0,0,1
53047,0,0,0,0,1
53048,0,0,0,0,1
53049,1,0,0,0,0
53050,1,0,0,0,0
53051,1,0,0,0,0
53052,1,0,0,0,0
53053,1,0,0,0,0
53054,1,0,0,0,0
53055,1,0,0,0,0
53056,1,0,0,0,0
53057,1,0,0,0,0
53058,1,0,0,0,0
53059,1,0,0,0,0
53060,1,0,0,0,0
53061,1,0,0,0,0
53062,1,0,0,0,0
53063,1,0,0,0,0
53064,1,0,0,0,0
53065,1,0,0,0,0
53066,1,0,0,0,0
53067,1,0,0,0,0
53068,1,0,0,0,0
53069,1,0,0,0,0
53070,1,0,0,0,0
53071,1,0,0,0,0
53072,1,0,0,0,0
53073,1,0,0,0,0
53074,1,0,0,0,0
53075,1,0,0,0,0
53076,1,0,0,0,0
53077,1,0,0,0,0
53078,1,0,0,0,0
53079,1,0,0,0,0
53080,1,0,0,0,0
53081,1,0,0,0,0
53082,1,0,0,0,0
53083,1,0,0,0,0
53084,1,0,0,0,0
53085,1,0,0,0,0
53086,1,0,0,0,0
53087,1,0,0,0,0
53088,1,0,0,0,0
53089,1,0,0,0,0
53090,1,0,0,0,0
53091,1,0,0,0,0
53092,1,0,0,0,0
53093,1,0,0,0,0
53094,1,0,0,0,0
53095,1,0,0,0,0
53096,0,0,0,0,1
53097,0,0,0,0,1
53098,0,0,0,0,1
53099,0,0,0,0,1
53100,0,0,0,0,1
53101,0,0,0,0,1
53102,0,0,0,0,1
53103,0,0,0,0,1
53104,0,0,0,0,1
53105,0,0,0,0,1
53106,0,0,0,0,1
53107,0,0,0,0,1
53108,0,0,0,0,1
53109,0,0,0,0,1
53110,0,0,0,0,1
53111,0,0,0,0,1
53112,0,0,0,0,1
53113,0,0,0,0,1
53114,0,0,0,0,1
53115,0,0,0,0,1
53116,0,0,0,0,1
53117,0,0,0,0,1
53118,0,0,0,0,1
53119,0,0,0,0,1
53120,0,0,0,0,1
53121,0,0,0,0,1
53122,0,0,0,0,1
53123,0,0,0,0,1
53124,0,0,0,0,1
53125,1,0,0,0,0
53126,1,0,0,0,0
53127,1,0,0,0,0
53128,1,0,0,0,0
53129,1,0,0,0,0
53130,1,0,0,0,0
53131,1,0,0,0,0
53132,1,0,0,0,0
53133,1,0,0,0,0
53134,1,0,0,0,0
53135,1,0,0,0,0
53136,1,0,0,0,0
53137,1,0,0,0,0
53138,1,0,0,0,0
53139,1,0,0,0,0
53140,1,0,0,0,0
53141,1,0,0,0,0
53142,1,0,0,0,0
53143,1,0,0,0,0
53144,1,0,0,0,0
53145,1,0,0,0,0
53146,1,0,0,0,0
53147,1,0,0,0,0
53148,1,0,0,0,0
53149,1,0,0,0,0
53150,1,0,0,0,0
53151,1,0,0,0,0
53152,1,0,0,0,0
53153,1,0,0,0,0
53154,1,0,0,0,0
53155,1,0,0,0,0
53156,1,0,0,0,0
53157,0,0,0,0,1
53158,0,0,0,0,1
53159,0,0,0,0,1
53160,0,0,0,0,1
53161,0,0,0,0,1
53162,0,0,0,0,1
53163,0,0,0,0,1
53164,0,0,0,0,1
53165,0,0,0,0,1
53166,0,0,0,0,1
53167,0,0,0,0,1
53168,0,0,0,0,1
53169,0,0,0,0,1
53170,0,0,0,0,1
53171,0,0,0,0,1
53172,0,0,0,0,1
53173,0,0,0,0,1
53174,0,0,0,0,1
53175,0,0,0,0,1
53176,0,0,0,0,1
53177,0,0,0,0,1
53178,0,0,0,0,1
53179,0,0,0,0,1
53180,0,0,0,0,1
53181,0,0,0,0,1
53182,0,0,0,0,1
53183,0,0,1,0,0
53184,0,0,1,0,0
53185,0,0,1,0,0
53186,0,0,1,0,0
53187,0,0,1,0,0
53188,0,0,1,0,0
53189,0,0,1,0,0
53190,0,0,1,0,0
53191,0,0,1,0,0
53192,0,0,1,0,0
53193,0,0,1,0,0
53194,0,0,1,0,0
53195,0,0,1,0,0
53196,0,0,1,0,0
53197,0,0,1,0,0
53198,0,0,1,0,0
53199,0,0,1,0,0
53200,0,0,1,0,0
53201,0,0,1,0,0
53202,0,0,1,0,0
53203,0,0,1,0,0
53204,0,0,1,0,0
53205,0,0,1,0,0
53206,0,0,1,0,0
53207,0,0,1,0,0
53208,0,0,1,0,0
53209,0,0,1,0,0
53210,0,0,1,0,0
53211,0,0,1,0,0
53212,0,0,1,0,0
53213,0,0,1,0,0
53214,0,0,1,0,0
53215,0,0,1,0,0
53216,0,0,1,0,0
53217,0,0,1,0,0
53218,0,0,1,0,0
53219,0,0,1,0,0
53220,0,0,1,0,0
53221,0,0,1,0,0
53222,0,0,1,0,0
53223,0,0,1,0,0
53224,0,0,1,0,0
53225,0,0,1,0,0
53226,0,0,1,0,0
53227,0,0,1,0,0
53228,0,0,1,0,0
53229,0,0,1,0,0
53230,0,0,1,0,0
53231,0,0,1,0,0
53232,0,0,1,0,0
53233,0,0,1,0,0
53234,0,0,1,0,0
53235,0,0,1,0,0
53236,0,0,1,0,0
53237,0,0,1,0,0
53238,0,0,1,0,0
53239,0,0,1,0,0
53240,0,0,1,0,0
53241,0,0,1,0,0
53242,0,0,1,0,0
53243,0,0,1,0,0
53244,0,0,1,0,0
53245,0,0,1,0,0
53246,0,0,1,0,0
53247,0,0,1,0,0
53248,0,0,1,0,0
53249,0,0,0,0,1
53250,0,0,0,0,1
53251,0,0,0,0,1
53252,0,0,0,0,1
53253,0,0,0,0,1
53254,0,0,0,0,1
53255,0,0,0,0,1
53256,0,0,0,0,1
53257,0,0,0,0,1
53258,0,0,0,0,1
53259,0,0,0,0,1
53260,0,0,0,0,1
53261,0,0,0,0,1
53262,0,0,0,0,1
53263,0,0,0,0,1
53264,0,0,0,0,1
53265,0,0,0,0,1
53266,0,0,0,0,1
53267,0,0,0,0,1
53268,0,0,0,0,1
53269,0,0,0,0,1
53270,0,0,0,0,1
53271,0,0,0,0,1
53272,0,0,0,0,1
53273,0,0,0,0,1
53274,0,0,0,0,1
53275,0,0,0,0,1
53276,0,0,0,0,1
53277,0,0,0,0,1
53278,0,0,0,0,1
53279,0,0,0,0,1
53280,0,0,0,0,1
53281,0,0,0,0,1
53282,0,0,0,0,1
53283,0,0,0,0,1
53284,0,0,0,0,1
53285,0,0,0,0,1
53286,0,0,0,0,1
53287,0,0,0,0,1
53288,0,0,0,0,1
53289,0,0,0,0,1
53290,0,0,0,0,1
53291,0,0,0,0,1
53292,0,0,0,0,1
53293,0,0,0,0,1
53294,0,0,0,0,1
53295,0,0,0,0,1
53296,0,0,0,0,1
53297,0,0,0,0,1
53298,0,0,0,0,1
53299,0,0,0,0,1
53300,0,0,0,0,1
53301,0,0,0,0,1
53302,0,0,0,0,1
53303,0,0,0,0,1
53304,0,0,0,0,1
53305,0,0,0,0,1
53306,0,0,0,0,1
53307,0,0,0,0,1
53308,0,0,0,0,1
53309,0,0,0,0,1
53310,0,0,0,0,1
53311,0,0,0,0,1
53312,0,0,0,0,1
53313,0,0,0,0,1
53314,0,0,0,0,1
53315,0,0,0,0,1
53316,0,0,0,0,1
53317,0,0,0,0,1
53318,0,0,0,0,1
53319,0,0,0,0,1
53320,0,0,0,0,1
53321,0,0,0,0,1
53322,0,0,0,0,1
53323,0,0,0,0,1
53324,0,0,0,0,1
53325,0,0,0,0,1
53326,0,0,0,0,1
53327,0,0,0,0,1
53328,0,0,0,0,1
53329,0,0,0,0,1
53330,0,0,0,0,1
53331,0,0,0,0,1
53332,0,0,0,0,1
53333,0,0,0,0,1
53334,0,0,0,0,1
53335,0,0,0,0,1
53336,0,0,0,0,1
53337,0,0,0,0,1
53338,0,0,0,0,1
53339,0,0,0,0,1
53340,0,0,0,0,1
53341,0,0,0,0,1
53342,0,0,0,0,1
53343,0,0,0,0,1
53344,0,0,0,0,1
53345,0,0,0,0,1
53346,0,0,0,0,1
53347,0,0,0,0,1
53348,0,0,0,0,1
53349,0,0,0,0,1
53350,0,0,0,0,1
53351,0,0,0,0,1
53352,0,0,0,0,1
53353,0,0,0,0,1
53354,0,0,0,0,1
53355,0,0,0,0,1
53356,0,0,0,0,1
53357,0,0,0,0,1
53358,0,0,0,0,1
53359,0,0,0,0,1
53360,0,0,0,0,1
53361,0,0,0,0,1
53362,0,0,0,0,1
53363,0,1,0,0,0
53364,0,1,0,0,0
53365,0,1,0,0,0
53366,0,1,0,0,0
53367,0,1,0,0,0
53368,0,1,0,0,0
53369,0,1,0,0,0
53370,0,1,0,0,0
53371,0,1,0,0,0
53372,0,1,0,0,0
53373,0,1,0,0,0
53374,0,1,0,0,0
53375,0,1,0,0,0
53376,0,1,0,0,0
53377,0,1,0,0,0
53378,0,1,0,0,0
53379,0,1,0,0,0
53380,0,1,0,0,0
53381,0,1,0,0,0
53382,0,1,0,0,0
53383,0,1,0,0,0
53384,0,1,0,0,0
53385,0,1,0,0,0
53386,0,1,0,0,0
53387,0,1,0,0,0
53388,0,1,0,0,0
53389,0,1,0,0,0
53390,0,1,0,0,0
53391,0,1,0,0,0
53392,0,1,0,0,0
53393,0,1,0,0,0
53394,0,1,0,0,0
53395,0,0,0,0,1
53396,0,0,0,0,1
53397,0,0,0,0,1
53398,0,0,0,0,1
53399,0,0,0,0,1
53400,0,0,0,0,1
53401,0,0,0,0,1
53402,0,0,0,0,1
53403,0,0,0,0,1
53404,0,0,0,0,1
53405,0,0,0,0,1
53406,0,0,0,0,1
53407,0,0,0,0,1
53408,0,0,0,0,1
53409,0,0,0,0,1
53410,0,0,0,0,1
53411,0,0,0,0,1
53412,0,0,0,0,1
53413,0,0,0,0,1
53414,0,0,0,0,1
53415,0,0,0,0,1
53416,0,0,0,0,1
53417,0,0,0,0,1
53418,0,0,0,0,1
53419,0,0,0,0,1
53420,0,0,0,0,1
53421,0,0,0,0,1
53422,0,0,0,0,1
53423,0,0,0,0,1
53424,0,0,0,0,1
53425,0,0,0,0,1
53426,0,0,0,0,1
53427,0,0,0,0,1
53428,0,0,0,0,1
53429,0,0,0,0,1
53430,0,0,0,0,1
53431,0,0,0,0,1
53432,0,0,0,0,1
53433,0,0,0,0,1
53434,0,0,0,0,1
53435,0,0,0,0,1
53436,0,0,0,0,1
53437,0,0,0,0,1
53438,0,0,0,0,1
53439,0,0,0,0,1
53440,0,0,0,0,1
53441,0,0,0,0,1
53442,0,0,0,0,1
53443,0,0,0,0,1
53444,0,0,0,0,1
53445,0,0,0,0,1
53446,0,0,0,0,1
53447,0,0,0,0,1
53448,0,0,0,0,1
53449,0,0,0,0,1
53450,0,0,0,0,1
53451,0,0,0,0,1
53452,0,0,0,0,1
53453,0,0,0,0,1
53454,0,0,0,0,1
53455,0,0,0,0,1
53456,0,0,0,0,1
53457,0,0,0,0,1
53458,0,0,0,0,1
53459,0,0,0,0,1
53460,0,0,0,0,1
53461,0,0,0,0,1
53462,0,0,0,0,1
53463,0,0,0,0,1
53464,0,0,0,0,1
53465,0,0,0,0,1
53466,0,0,0,0,1
53467,0,0,0,0,1
53468,0,0,0,0,1
53469,0,0,0,0,1
53470,0,0,0,0,1
53471,0,0,0,0,1
53472,0,0,0,0,1
53473,0,0,0,0,1
53474,0,0,0,0,1
53475,0,0,0,0,1
53476,0,0,0,0,1
53477,0,0,0,0,1
53478,0,0,0,0,1
53479,0,0,0,0,1
53480,0,0,0,0,1
53481,0,0,0,0,1
53482,0,0,0,0,1
53483,0,0,0,0,1
53484,0,0,0,0,1
53485,0,0,0,0,1
53486,0,0,0,0,1
53487,0,0,0,0,1
53488,0,0,0,0,1
53489,0,0,0,0,1
53490,0,0,0,0,1
53491,0,0,0,0,1
53492,0,0,0,0,1
53493,0,0,0,0,1
53494,0,0,0,0,1
53495,0,0,0,0,1
53496,0,0,0,0,1
53497,0,0,0,0,1
53498,0,0,0,0,1
53499,0,0,0,0,1
53500,0,0,0,0,1
53501,0,0,0,0,1
53502,0,0,0,0,1
53503,0,0,0,0,1
53504,0,0,0,0,1
53505,0,0,0,0,1
53506,0,0,0,0,1
53507,0,0,0,0,1
53508,0,0,0,0,1
53509,0,0,0,0,1
53510,0,0,0,0,1
53511,0,0,0,0,1
53512,0,0,0,0,1
53513,0,0,0,0,1
53514,0,0,0,0,1
53515,0,0,0,0,1
53516,0,0,0,0,1
53517,0,0,0,0,1
53518,0,0,0,0,1
53519,0,0,0,0,1
53520,0,0,0,0,1
53521,0,0,0,0,1
53522,0,0,0,0,1
53523,0,0,0,0,1
53524,0,0,0,0,1
53525,0,0,0,0,1
53526,0,0,0,0,1
53527,0,0,0,0,1
53528,0,0,0,0,1
53529,0,0,0,0,1
53530,0,0,0,0,1
53531,0,0,0,0,1
53532,0,0,0,0,1
53533,0,0,0,0,1
53534,0,0,0,0,1
53535,0,0,0,0,1
53536,0,0,0,0,1
53537,0,0,0,0,1
53538,0,0,0,0,1
53539,0,0,0,0,1
53540,1,0,0,0,0
53541,1,0,0,0,0
53542,1,0,0,0,0
53543,1,0,0,0,0
53544,1,0,0,0,0
53545,1,0,0,0,0
53546,1,0,0,0,0
53547,1,0,0,0,0
53548,1,0,0,0,0
53549,1,0,0,0,0
53550,1,0,0,0,0
53551,1,0,0,0,0
53552,1,0,0,0,0
53553,1,0,0,0,0
53554,1,0,0,0,0
53555,1,0,0,0,0
53556,1,0,0,0,0
53557,1,0,0,0,0
53558,1,0,0,0,0
53559,1,0,0,0,0
53560,0,0,0,0,1
53561,0,0,0,0,1
53562,0,0,0,0,1
53563,0,0,0,0,1
53564,0,0,0,0,1
53565,0,0,0,0,1
53566,0,0,0,0,1
53567,0,0,0,0,1
53568,0,0,0,0,1
53569,0,0,0,0,1
53570,0,0,0,0,1
53571,0,0,0,0,1
53572,0,0,0,0,1
53573,0,0,0,0,1
53574,0,0,0,0,1
53575,0,0,0,0,1
53576,0,0,0,0,1
53577,0,0,0,0,1
53578,0,0,0,0,1
53579,0,0,0,0,1
53580,0,0,0,0,1
53581,0,0,0,0,1
53582,0,0,0,0,1
53583,0,0,0,0,1
53584,0,0,0,0,1
53585,0,0,0,0,1
53586,0,0,0,0,1
53587,0,0,0,0,1
53588,0,0,0,0,1
53589,1,0,0,0,0
53590,1,0,0,0,0
53591,1,0,0,0,0
53592,1,0,0,0,0
53593,1,0,0,0,0
53594,1,0,0,0,0
53595,1,0,0,0,0
53596,1,0,0,0,0
53597,1,0,0,0,0
53598,1,0,0,0,0
53599,1,0,0,0,0
53600,1,0,0,0,0
53601,1,0,0,0,0
53602,1,0,0,0,0
53603,1,0,0,0,0
53604,1,0,0,0,0
53605,1,0,0,0,0
53606,1,0,0,0,0
53607,1,0,0,0,0
53608,1,0,0,0,0
53609,1,0,0,0,0
53610,1,0,0,0,0
53611,1,0,0,0,0
53612,1,0,0,0,0
53613,1,0,0,0,0
53614,1,0,0,0,0
53615,1,0,0,0,0
53616,1,0,0,0,0
53617,0,0,0,0,1
53618,0,0,0,0,1
53619,0,0,0,0,1
53620,0,0,0,0,1
53621,0,0,0,0,1
53622,0,0,0,0,1
53623,0,0,0,0,1
53624,0,0,0,0,1
53625,0,0,0,0,1
53626,0,0,0,0,1
53627,0,0,0,0,1
53628,0,0,0,0,1
53629,0,0,0,0,1
53630,0,0,0,0,1
53631,0,0,0,0,1
53632,0,0,0,0,1
53633,0,0,0,0,1
53634,0,0,0,0,1
53635,0,0,0,0,1
53636,0,0,0,0,1
53637,0,0,0,0,1
53638,0,0,0,0,1
53639,0,0,0,0,1
53640,0,0,0,0,1
53641,0,0,0,0,1
53642,0,0,0,0,1
53643,0,0,0,0,1
53644,0,0,0,0,1
53645,0,0,0,0,1
53646,0,0,0,0,1
53647,1,0,0,0,0
53648,1,0,0,0,0
53649,1,0,0,0,0
53650,1,0,0,0,0
53651,1,0,0,0,0
53652,1,0,0,0,0
53653,1,0,0,0,0
53654,1,0,0,0,0
53655,1,0,0,0,0
53656,1,0,0,0,0
53657,1,0,0,0,0
53658,1,0,0,0,0
53659,1,0,0,0,0
53660,1,0,0,0,0
53661,1,0,0,0,0
53662,1,0,0,0,0
53663,1,0,0,0,0
53664,1,0,0,0,0
53665,1,0,0,0,0
53666,1,0,0,0,0
53667,1,0,0,0,0
53668,1,0,0,0,0
53669,1,0,0,0,0
53670,1,0,0,0,0
53671,1,0,0,0,0
53672,1,0,0,0,0
53673,1,0,0,0,0
53674,1,0,0,0,0
53675,1,0,0,0,0
53676,1,0,0,0,0
53677,1,0,0,0,0
53678,1,0,0,0,0
53679,1,0,0,0,0
53680,1,0,0,0,0
53681,1,0,0,0,0
53682,1,0,0,0,0
53683,1,0,0,0,0
53684,0,0,0,0,1
53685,0,0,0,0,1
53686,0,0,0,0,1
53687,0,0,0,0,1
53688,0,0,0,0,1
53689,0,0,0,0,1
53690,0,0,0,0,1
53691,0,0,0,0,1
53692,0,0,0,0,1
53693,0,0,0,0,1
53694,0,0,0,0,1
53695,0,0,0,0,1
53696,0,0,0,0,1
53697,0,0,0,0,1
53698,0,0,0,0,1
53699,0,0,0,0,1
53700,0,0,0,0,1
53701,0,0,0,0,1
53702,0,0,0,0,1
53703,0,0,0,0,1
53704,0,0,0,0,1
53705,0,0,0,0,1
53706,0,0,0,0,1
53707,0,0,0,0,1
53708,0,0,0,0,1
53709,0,0,0,0,1
53710,0,0,0,0,1
53711,0,0,0,0,1
53712,0,0,0,0,1
53713,0,0,0,0,1
53714,0,0,0,0,1
53715,0,0,0,0,1
53716,0,0,0,0,1
53717,0,0,0,0,1
53718,0,0,0,0,1
53719,0,0,0,0,1
53720,0,0,0,0,1
53721,0,0,0,0,1
53722,0,0,0,0,1
53723,0,0,0,0,1
53724,0,0,0,0,1
53725,0,0,0,0,1
53726,0,0,0,0,1
53727,0,0,0,0,1
53728,0,0,0,0,1
53729,0,0,0,0,1
53730,0,0,0,0,1
53731,0,0,0,0,1
53732,0,0,0,0,1
53733,0,0,0,0,1
53734,0,0,0,0,1
53735,0,0,0,0,1
53736,0,0,0,0,1
53737,0,0,0,0,1
53738,0,0,0,0,1
53739,0,0,0,0,1
53740,0,0,0,0,1
53741,0,0,0,0,1
53742,0,0,0,0,1
53743,0,0,0,0,1
53744,0,0,0,0,1
53745,0,0,0,0,1
53746,0,0,0,0,1
53747,0,0,0,0,1
53748,0,0,0,0,1
53749,0,0,0,0,1
53750,0,0,0,0,1
53751,0,0,0,0,1
53752,0,0,0,0,1
53753,0,0,0,0,1
53754,0,0,0,0,1
53755,0,0,0,0,1
53756,0,0,0,0,1
53757,0,0,0,0,1
53758,0,0,0,0,1
53759,0,0,0,0,1
53760,0,0,0,0,1
53761,0,0,0,0,1
53762,0,0,0,0,1
53763,0,0,0,0,1
53764,0,0,0,0,1
53765,0,0,0,0,1
53766,0,0,0,0,1
53767,0,0,0,0,1
53768,0,0,0,0,1
53769,0,0,0,0,1
53770,0,0,0,0,1
53771,0,0,0,0,1
53772,0,0,0,0,1
53773,0,0,0,0,1
53774,0,0,0,0,1
53775,0,0,0,0,1
53776,0,0,0,0,1
53777,0,0,0,0,1
53778,0,0,0,0,1
53779,0,0,0,0,1
53780,0,0,0,0,1
53781,0,0,0,0,1
53782,0,0,0,0,1
53783,0,0,0,0,1
53784,0,0,0,0,1
53785,0,0,0,0,1
53786,0,0,0,0,1
53787,0,0,0,0,1
53788,0,0,0,0,1
53789,0,0,0,0,1
53790,0,0,0,0,1
53791,0,0,0,0,1
53792,0,0,0,0,1
53793,0,0,0,0,1
53794,0,0,0,0,1
53795,0,0,0,0,1
53796,0,0,0,0,1
53797,0,0,0,0,1
53798,0,0,0,0,1
53799,0,0,0,0,1
53800,0,0,0,0,1
53801,0,0,0,0,1
53802,0,0,0,0,1
53803,0,0,0,0,1
53804,0,0,0,0,1
53805,0,0,0,0,1
53806,0,0,0,0,1
53807,0,0,0,0,1
53808,0,0,0,0,1
53809,0,0,0,0,1
53810,0,0,0,0,1
53811,0,0,0,0,1
53812,0,0,0,0,1
53813,0,0,0,0,1
53814,0,0,0,0,1
53815,0,0,0,0,1
53816,0,0,0,0,1
53817,0,0,0,0,1
53818,0,0,0,0,1
53819,0,0,0,0,1
53820,0,0,0,0,1
53821,0,0,0,0,1
53822,0,0,0,0,1
53823,0,0,0,0,1
53824,0,0,0,0,1
53825,0,0,0,0,1
53826,0,0,0,0,1
53827,0,0,0,0,1
53828,0,0,0,0,1
53829,0,0,0,0,1
53830,0,0,0,0,1
53831,0,0,0,0,1
53832,0,0,0,0,1
53833,0,0,0,0,1
53834,0,0,0,0,1
53835,0,0,0,0,1
53836,0,0,0,0,1
53837,0,0,0,0,1
53838,0,0,0,0,1
53839,0,0,0,0,1
53840,0,0,0,0,1
53841,0,0,0,0,1
53842,0,0,0,0,1
53843,0,0,0,0,1
53844,0,0,0,0,1
53845,0,0,0,0,1
53846,0,0,0,0,1
53847,0,0,0,0,1
53848,0,0,0,0,1
53849,0,0,0,0,1
53850,0,0,0,0,1
53851,0,0,0,0,1
53852,0,0,0,0,1
53853,0,0,0,0,1
53854,0,0,0,0,1
53855,0,0,0,0,1
53856,0,0,0,0,1
53857,0,0,0,0,1
53858,0,0,0,0,1
53859,0,0,0,0,1
53860,0,0,0,0,1
53861,0,0,0,0,1
53862,0,0,0,0,1
53863,0,0,0,0,1
53864,0,0,0,0,1
53865,0,0,0,0,1
53866,0,0,0,0,1
53867,0,0,0,0,1
53868,0,0,0,0,1
53869,0,0,0,0,1
53870,0,0,0,0,1
53871,0,0,0,0,1
53872,0,0,0,0,1
53873,0,0,0,0,1
53874,0,0,0,0,1
53875,0,0,0,0,1
53876,0,0,0,0,1
53877,0,0,0,0,1
53878,0,0,0,0,1
53879,0,0,0,0,1
53880,0,0,0,0,1
53881,0,0,0,0,1
53882,0,0,0,0,1
53883,0,0,0,0,1
53884,0,0,0,0,1
53885,0,0,0,0,1
53886,0,0,0,0,1
53887,0,0,0,0,1
53888,0,0,0,0,1
53889,0,0,0,0,1
53890,0,0,0,0,1
53891,0,0,0,0,1
53892,0,0,0,0,1
53893,0,0,0,0,1
53894,0,0,0,0,1
53895,0,0,0,0,1
53896,0,0,0,0,1
53897,0,0,0,0,1
53898,0,0,0,0,1
53899,0,0,0,0,1
53900,0,0,0,0,1
53901,0,0,0,0,1
53902,0,0,0,0,1
53903,0,0,0,0,1
53904,0,0,0,0,1
53905,0,0,0,0,1
53906,0,0,0,0,1
53907,0,0,0,0,1
53908,0,0,0,0,1
53909,0,0,0,0,1
53910,0,0,0,0,1
53911,0,0,0,0,1
53912,0,0,0,0,1
53913,0,0,0,0,1
53914,0,0,0,0,1
53915,0,0,0,0,1
53916,0,0,0,0,1
53917,0,0,0,0,1
53918,0,0,0,0,1
53919,0,0,0,0,1
53920,0,0,0,0,1
53921,0,0,0,0,1
53922,0,0,0,0,1
53923,0,0,0,0,1
53924,0,0,0,0,1
53925,0,0,0,0,1
53926,0,0,0,0,1
53927,0,0,0,0,1
53928,0,0,0,0,1
53929,0,0,0,0,1
53930,0,0,0,0,1
53931,0,0,0,0,1
53932,0,0,0,0,1
53933,0,0,0,0,1
53934,0,0,0,0,1
53935,0,0,0,0,1
53936,0,0,0,0,1
53937,0,0,0,0,1
53938,0,0,0,0,1
53939,0,0,0,0,1
53940,0,0,0,0,1
53941,0,0,0,0,1
53942,0,0,0,0,1
53943,0,0,0,0,1
53944,0,0,0,0,1
53945,0,0,0,0,1
53946,0,0,0,0,1
53947,0,0,0,0,1
53948,0,0,0,0,1
53949,0,0,0,0,1
53950,0,0,0,0,1
53951,0,0,0,0,1
53952,0,0,0,0,1
53953,0,0,0,0,1
53954,0,0,0,0,1
53955,0,0,0,0,1
53956,0,0,0,0,1
53957,0,0,0,0,1
53958,0,0,0,0,1
53959,0,0,0,0,1
53960,0,0,0,0,1
53961,0,0,0,0,1
53962,0,0,0,0,1
53963,0,0,0,0,1
53964,0,0,0,0,1
53965,0,0,0,0,1
53966,0,0,0,0,1
53967,0,0,0,0,1
53968,0,0,0,0,1
53969,0,0,0,0,1
53970,0,0,0,0,1
53971,0,0,0,0,1
53972,0,0,0,0,1
53973,0,0,0,0,1
53974,0,0,0,0,1
53975,0,0,0,0,1
53976,0,0,0,0,1
53977,0,0,0,0,1
53978,0,0,0,0,1
53979,0,0,0,0,1
53980,0,0,0,0,1
53981,0,0,0,0,1
53982,0,0,0,0,1
53983,1,0,0,0,0
53984,1,0,0,0,0
53985,1,0,0,0,0
53986,1,0,0,0,0
53987,1,0,0,0,0
53988,1,0,0,0,0
53989,1,0,0,0,0
53990,1,0,0,0,0
53991,1,0,0,0,0
53992,1,0,0,0,0
53993,1,0,0,0,0
53994,1,0,0,0,0
53995,1,0,0,0,0
53996,1,0,0,0,0
53997,1,0,0,0,0
53998,1,0,0,0,0
53999,1,0,0,0,0
54000,1,0,0,0,0
54001,1,0,0,0,0
54002,1,0,0,0,0
54003,1,0,0,0,0
54004,1,0,0,0,0
54005,1,0,0,0,0
54006,1,0,0,0,0
54007,1,0,0,0,0
54008,1,0,0,0,0
54009,1,0,0,0,0
54010,1,0,0,0,0
54011,1,0,0,0,0
54012,1,0,0,0,0
54013,1,0,0,0,0
54014,1,0,0,0,0
54015,1,0,0,0,0
54016,1,0,0,0,0
54017,1,0,0,0,0
54018,1,0,0,0,0
54019,1,0,0,0,0
54020,1,0,0,0,0
54021,1,0,0,0,0
54022,1,0,0,0,0
54023,1,0,0,0,0
54024,1,0,0,0,0
54025,1,0,0,0,0
54026,1,0,0,0,0
54027,1,0,0,0,0
54028,1,0,0,0,0
54029,1,0,0,0,0
54030,1,0,0,0,0
54031,1,0,0,0,0
54032,1,0,0,0,0
54033,1,0,0,0,0
54034,1,0,0,0,0
54035,1,0,0,0,0
54036,1,0,0,0,0
54037,1,0,0,0,0
54038,1,0,0,0,0
54039,1,0,0,0,0
54040,1,0,0,0,0
54041,1,0,0,0,0
54042,1,0,0,0,0
54043,1,0,0,0,0
54044,1,0,0,0,0
54045,1,0,0,0,0
54046,1,0,0,0,0
54047,1,0,0,0,0
54048,1,0,0,0,0
54049,1,0,0,0,0
54050,1,0,0,0,0
54051,1,0,0,0,0
54052,1,0,0,0,0
54053,1,0,0,0,0
54054,1,0,0,0,0
54055,1,0,0,0,0
54056,1,0,0,0,0
54057,1,0,0,0,0
54058,1,0,0,0,0
54059,1,0,0,0,0
54060,1,0,0,0,0
54061,1,0,0,0,0
54062,1,0,0,0,0
54063,1,0,0,0,0
54064,1,0,0,0,0
54065,1,0,0,0,0
54066,1,0,0,0,0
54067,1,0,0,0,0
54068,1,0,0,0,0
54069,1,0,0,0,0
54070,1,0,0,0,0
54071,1,0,0,0,0
54072,1,0,0,0,0
54073,1,0,0,0,0
54074,1,0,0,0,0
54075,1,0,0,0,0
54076,1,0,0,0,0
54077,1,0,0,0,0
54078,1,0,0,0,0
54079,1,0,0,0,0
54080,1,0,0,0,0
54081,1,0,0,0,0
54082,1,0,0,0,0
54083,1,0,0,0,0
54084,1,0,0,0,0
54085,1,0,0,0,0
54086,1,0,0,0,0
54087,1,0,0,0,0
54088,1,0,0,0,0
54089,1,0,0,0,0
